"GeneA","ModuleA","GeneB","ModuleB"
"USP28","blue","USP11","purple"
"USP28","blue","JADE2","purple"
"USP28","blue","HUWE1","purple"
"USP28","blue","USP7","purple"
"USP28","blue","MDC1","purple"
"USP28","blue","NUMA1","purple"
"USP28","blue","SUMO2","purple"
"CRY1","blue","AANAT","green"
"CRY1","blue","BHLHE40","green"
"CRY1","blue","DDB1","purple"
"CRY1","blue","FASN","purple"
"CRY1","blue","USP7","purple"
"CRY1","blue","STAT1","green"
"CRY1","blue","MYBBP1A","purple"
"CRY1","blue","CSNK1E","green"
"MRI1","blue","PDCD11","purple"
"MRI1","blue","ALDH18A1","purple"
"TARBP1","blue","NAT10","purple"
"TARBP1","blue","POLR1A","purple"
"TARBP1","blue","HEATR1","purple"
"TARBP1","blue","EPRS1","purple"
"TARBP1","blue","PDCD11","purple"
"TARBP1","blue","BMS1","purple"
"TARBP1","blue","MYBBP1A","purple"
"TARBP1","blue","MOV10","green"
"TARBP1","blue","HELZ2","green"
"TARBP1","blue","DROSHA","purple"
"TARBP1","blue","DDX24","purple"
"PSMA4","green","PABPN1","blue"
"PSMA4","green","TXNL1","blue"
"PSMA4","green","LTBR","blue"
"PSMA4","green","VHL","purple"
"PSMA4","green","PSMC1","blue"
"PSMA4","green","UFD1","blue"
"PSMA4","green","DESI1","blue"
"PSMA4","green","UBE2S","blue"
"PSMA4","green","NFKBIE","blue"
"PSMA4","green","H2AZ1","blue"
"PSMA4","green","HSPA9","purple"
"PSMA4","green","PRDX3","purple"
"PSMA4","green","AXIN2","blue"
"PSMA4","green","ANAPC1","blue"
"PSMA4","green","HUWE1","purple"
"PSMA4","green","HTT","purple"
"PSMA4","green","PSMB10","blue"
"PSMA4","green","SNAPIN","blue"
"PSMA4","green","PSMD4","blue"
"PSMA4","green","BTRC","blue"
"PSMA4","green","CD40LG","blue"
"PSMA4","green","MCTS1","purple"
"PSMA4","green","HSP90AB1","purple"
"PSMA4","green","TXN","blue"
"PSMA4","green","PSMB9","blue"
"PSMA4","green","PSMB8","blue"
"PSMA4","green","POMP","blue"
"PSMA4","green","PSME1","blue"
"PSMA4","green","PSMD13","blue"
"PSMA4","green","SAP18","blue"
"PSMA4","green","NDUFB3","blue"
"GRN","blue","SORT1","green"
"GRN","blue","GNS","green"
"GRN","blue","PDCD6","purple"
"GRN","blue","PML","green"
"GRN","blue","CTSF","green"
"GRN","blue","CTSL","green"
"GRN","blue","IFI30","green"
"VAMP3","green","YKT6","blue"
"VAMP3","green","TMEM59","blue"
"VAMP3","green","CLTA","blue"
"VAMP3","green","HLA-F","blue"
"VAMP3","green","RAB11A","blue"
"VAMP3","green","NAPA","blue"
"VAMP3","green","ESYT1","purple"
"VAMP3","green","ABI2","blue"
"VAMP3","green","IL7R","blue"
"VAMP3","green","STX4","blue"
"VAMP3","green","FMNL3","blue"
"VAMP3","green","PLEKHG4","blue"
"VAMP3","green","MTR","blue"
"VAMP3","green","LDLRAP1","blue"
"VAMP3","green","HLA-C","blue"
"VAMP3","green","HLA-E","blue"
"VAMP3","green","RHOH","blue"
"VAMP3","green","FAM169A","blue"
"VAMP3","green","TGFBRAP1","purple"
"VAMP3","green","PLXNA1","blue"
"VAMP3","green","HLA-A","blue"
"VAMP3","green","SLC4A7","blue"
"VAMP3","green","REPS1","purple"
"VAMP3","green","SENP1","blue"
"VAMP3","green","HLA-B","blue"
"VAMP3","green","ARRB1","blue"
"VAMP3","green","FNBP1","purple"
"VAMP3","green","PIK3R1","blue"
"VAMP3","green","CD3G","blue"
"VAMP3","green","MARCHF2","blue"
"VAMP3","green","LCK","blue"
"VAMP3","green","ARHGEF7","blue"
"VAMP3","green","CDC42","blue"
"VAMP3","green","RALGAPA1","blue"
"VAMP3","green","AP2S1","blue"
"VAMP3","green","STX10","blue"
"RFC2","blue","RPA1","purple"
"RFC2","blue","NASP","green"
"RFC2","blue","CMPK2","green"
"RFC2","blue","POLB","green"
"RFC2","blue","UBE2L6","green"
"RFC2","blue","RRM1","purple"
"RFC2","blue","DDB1","purple"
"RFC2","blue","RMI2","green"
"RFC2","blue","SMC1A","purple"
"RFC2","blue","NCAPD2","purple"
"RFC2","blue","UBA7","green"
"RFC2","blue","BAZ1B","purple"
"RFC2","blue","PARP1","purple"
"RFC2","blue","IFI16","green"
"RFC2","blue","ALDH18A1","purple"
"RFC2","blue","MDC1","purple"
"RFC2","blue","POLA1","purple"
"RFC2","blue","RFC1","purple"
"RFC2","blue","FANCA","green"
"RFC2","blue","BRD2","purple"
"RFC2","blue","SUMO2","purple"
"RFC2","blue","ISG15","green"
"RFC2","blue","B2M","green"
"RFC2","blue","MCM3","purple"
"YIPF1","blue","DNMT1","purple"
"YIPF1","blue","DYNLT1","green"
"YIPF1","blue","HSP90AB1","purple"
"YIPF1","blue","BCOR","purple"
"AQR","blue","SF3B6","purple"
"AQR","blue","DHX38","purple"
"AQR","blue","PPRC1","purple"
"AQR","blue","SRRM2","purple"
"AQR","blue","SF3B3","purple"
"AQR","blue","SNRNP200","purple"
"AQR","blue","SRRM1","purple"
"AQR","blue","WARS1","green"
"AQR","blue","DHX9","purple"
"AQR","blue","BMS1","purple"
"AQR","blue","CLEC16A","purple"
"AQR","blue","PRPF8","purple"
"DERL2","blue","ERP44","green"
"DERL2","blue","ESYT1","purple"
"DERL2","blue","ATG3","green"
"DERL2","blue","SYVN1","purple"
"DERL2","blue","ERN1","green"
"DERL2","blue","ERLIN1","green"
"DERL2","blue","HYOU1","purple"
"CEACAM1","green","CCR7","blue"
"CEACAM1","green","LGALS3","blue"
"CEACAM1","green","CD96","blue"
"CEACAM1","green","MCEMP1","blue"
"CEACAM1","green","LGALS9C","blue"
"CEACAM1","green","TNFRSF14","blue"
"CEACAM1","green","DPP4","blue"
"CEACAM1","green","LGALS9","blue"
"CEACAM1","green","MAGEE1","blue"
"FSTL3","blue","GAS6","green"
"FSTL3","blue","FAM20A","green"
"ST6GAL1","purple","NANS","green"
"ST6GAL1","purple","LGALS3","blue"
"ST6GAL1","purple","MGAT4A","blue"
"ST6GAL1","purple","ASGR1","blue"
"ST6GAL1","purple","COG4","blue"
"ST6GAL1","purple","MGAT1","blue"
"ST6GAL1","purple","MGAT4B","blue"
"ST6GAL1","purple","POFUT1","blue"
"ST6GAL1","purple","HLA-C","blue"
"ST6GAL1","purple","HMG20A","blue"
"ST6GAL1","purple","HLA-A","blue"
"ST6GAL1","purple","HLA-B","blue"
"ST6GAL1","purple","SIGLEC6","blue"
"ST6GAL1","purple","CASD1","blue"
"MKRN2","blue","ELP3","purple"
"MKRN2","blue","IGF2BP3","green"
"MKRN2","blue","PARP12","green"
"CLIC5","blue","EZR","purple"
"CLIC5","blue","SPTBN1","purple"
"CLIC5","blue","SPTAN1","purple"
"OXCT1","blue","SCAF4","purple"
"RRN3","blue","POLR1A","purple"
"RRN3","blue","NOL6","purple"
"RRN3","blue","UBTF","purple"
"RRN3","blue","NCL","purple"
"RRN3","blue","HEATR1","purple"
"RRN3","blue","DKC1","purple"
"RRN3","blue","GTF2B","purple"
"RRN3","blue","POLR1E","green"
"RRN3","blue","POLA1","purple"
"RRN3","blue","MYBBP1A","purple"
"RRN3","blue","NOLC1","purple"
"CETP","green","CELSR2","blue"
"CETP","green","B3GLCT","blue"
"CETP","green","USF1","blue"
"CETP","green","LDLRAP1","blue"
"CETP","green","PCYOX1","blue"
"CETP","green","LSR","blue"
"GOLGA3","purple","GORASP1","green"
"GOLGA3","purple","GOLGA8B","blue"
"GOLGA3","purple","DISC1","green"
"GOLGA3","purple","ATXN2","blue"
"GOLGA3","purple","GOLGA8A","blue"
"CBX5","blue","LMO2","green"
"CBX5","blue","DDB1","purple"
"CBX5","blue","HCFC1","purple"
"CBX5","blue","NCL","purple"
"CBX5","blue","ZMYM3","purple"
"CBX5","blue","NCAPD2","purple"
"CBX5","blue","RRP1B","purple"
"CBX5","blue","SP100","green"
"CBX5","blue","PHF8","purple"
"CBX5","blue","DNMT1","purple"
"CBX5","blue","PARP1","purple"
"CBX5","blue","H2BC21","green"
"CBX5","blue","PDCD11","purple"
"CBX5","blue","POLA1","purple"
"CBX5","blue","SMARCA2","purple"
"CBX5","blue","SP140","green"
"CBX5","blue","SUMO1","purple"
"CBX5","blue","BRD2","purple"
"CBX5","blue","MECP2","green"
"CBX5","blue","ILF3","purple"
"CBX5","blue","CHAMP1","purple"
"NANS","green","PIGL","blue"
"NANS","green","GALK1","blue"
"NANS","green","RENBP","blue"
"NANS","green","TMEM41A","blue"
"NANS","green","NEU1","blue"
"GADD45B","blue","RIPK2","green"
"GADD45B","blue","IL1RN","green"
"GADD45B","blue","ATF3","green"
"GADD45B","blue","DNMT1","purple"
"GADD45B","blue","DUSP5","green"
"GADD45B","blue","MECP2","green"
"USP18","green","PLCG1","blue"
"USP18","green","USP13","blue"
"USP18","green","USP20","blue"
"USP18","green","IFITM1","blue"
"USP18","green","HUWE1","purple"
"USP18","green","NTSR1","blue"
"USP18","green","PSMB8","blue"
"USP18","green","LGALS9","blue"
"USP18","green","IFITM3","blue"
"USP18","green","PARP15","blue"
"ASPHD2","green","B3GLCT","blue"
"ASPHD2","green","HPS4","blue"
"MICALL1","blue","RAB8A","green"
"MICALL1","blue","EIF3A","purple"
"GTPBP1","green","NPC1","blue"
"GTPBP1","green","CTSS","blue"
"GTPBP1","green","TXN","blue"
"GTPBP1","green","EXOSC10","purple"
"GTPBP1","green","ZNF641","blue"
"GTPBP1","green","SELL","blue"
"GTPBP1","green","OXNAD1","blue"
"IL2RB","green","CCR7","blue"
"IL2RB","green","TXK","blue"
"IL2RB","green","CD27","blue"
"IL2RB","green","CD96","blue"
"IL2RB","green","INPPL1","blue"
"IL2RB","green","S1PR1","blue"
"IL2RB","green","IL7R","blue"
"IL2RB","green","ICOS","blue"
"IL2RB","green","CD6","blue"
"IL2RB","green","CD28","blue"
"IL2RB","green","IL21R","blue"
"IL2RB","green","TCF7","blue"
"IL2RB","green","CD5","blue"
"IL2RB","green","IKZF3","blue"
"IL2RB","green","BCL11B","blue"
"IL2RB","green","STAT4","blue"
"IL2RB","green","SLAMF6","blue"
"IL2RB","green","FCRL3","blue"
"IL2RB","green","CD40LG","blue"
"IL2RB","green","TRAF1","blue"
"IL2RB","green","FOXP3","blue"
"IL2RB","green","HLA-E","blue"
"IL2RB","green","IL24","blue"
"IL2RB","green","BCL2","blue"
"IL2RB","green","ITK","blue"
"IL2RB","green","PMEL","blue"
"IL2RB","green","PIK3R1","blue"
"IL2RB","green","CD3G","blue"
"IL2RB","green","SLAMF1","blue"
"IL2RB","green","IL12RB1","blue"
"IL2RB","green","LCK","blue"
"IL2RB","green","SELL","blue"
"IL2RB","green","SPN","purple"
"RIPK3","blue","RIPK2","green"
"RIPK3","blue","EIF2AK2","green"
"RIPK3","blue","TNFSF10","green"
"RIPK3","blue","BST2","green"
"RIPK3","blue","RIPK1","green"
"RIPK3","blue","CASP10","green"
"RIPK3","blue","RRM1","purple"
"RIPK3","blue","CASP2","purple"
"RIPK3","blue","STAT1","green"
"RIPK3","blue","PARP1","purple"
"RIPK3","blue","AIM2","green"
"RIPK3","blue","CASP7","green"
"RIPK3","blue","ZBP1","green"
"RIPK3","blue","HSP90AB1","purple"
"RIPK3","blue","CYBB","green"
"RIPK3","blue","DDX58","green"
"RIPK3","blue","TLR7","green"
"RIPK3","blue","CASP1","green"
"SUPT16H","purple","CINP","blue"
"SUPT16H","purple","TBP","blue"
"SUPT16H","purple","NEK9","blue"
"SUPT16H","purple","LGALS3","blue"
"SUPT16H","purple","H3-3B","blue"
"SUPT16H","purple","NASP","green"
"SUPT16H","purple","SRBD1","green"
"SUPT16H","purple","WDR76","blue"
"SUPT16H","purple","TOP2B","blue"
"SUPT16H","purple","POLB","green"
"SUPT16H","purple","CPSF6","blue"
"SUPT16H","purple","ATM","blue"
"SUPT16H","purple","H2BC5","green"
"SUPT16H","purple","H2AZ1","blue"
"SUPT16H","purple","WRN","blue"
"SUPT16H","purple","TNRC6C","blue"
"SUPT16H","purple","H2BC12","blue"
"SUPT16H","purple","WDHD1","blue"
"SUPT16H","purple","PLEKHA1","blue"
"SUPT16H","purple","H2BC21","green"
"SUPT16H","purple","CHD6","blue"
"SUPT16H","purple","RBBP4","blue"
"SUPT16H","purple","CUL4A","blue"
"SUPT16H","purple","POLR1E","green"
"SUPT16H","purple","NFX1","blue"
"SUPT16H","purple","MLLT3","blue"
"SUPT16H","purple","CHD3","blue"
"SUPT16H","purple","PSIP1","blue"
"SUPT16H","purple","HMG20A","blue"
"SUPT16H","purple","SIDT1","blue"
"SUPT16H","purple","ZC3H8","blue"
"SUPT16H","purple","AFF3","blue"
"SUPT16H","purple","TCEA3","blue"
"SUPT16H","purple","DDX46","blue"
"SUPT16H","purple","POLR1B","blue"
"SUPT16H","purple","AP1M2","blue"
"SUPT16H","purple","H4C8","green"
"SUPT16H","purple","NAA40","blue"
"COCH","green","SLC22A17","blue"
"AP4S1","blue","SYVN1","purple"
"AP4S1","blue","RSPH9","green"
"ATP6V1D","blue","RPTOR","purple"
"ATP6V1D","blue","ATP6V1G1","purple"
"ATP6V1D","blue","DEPDC5","purple"
"ATP6V1D","blue","JKAMP","purple"
"PABPN1","blue","ANKRD52","purple"
"PABPN1","blue","DHX38","purple"
"PABPN1","blue","KPNB1","green"
"PABPN1","blue","SF3B3","purple"
"PABPN1","blue","ZNF609","purple"
"PABPN1","blue","SNRNP200","purple"
"PABPN1","blue","NCL","purple"
"PABPN1","blue","SRRM1","purple"
"PABPN1","blue","DHX9","purple"
"PABPN1","blue","HSP90AB1","purple"
"PABPN1","blue","EXOSC10","purple"
"PABPN1","blue","DNAJA1","green"
"PABPN1","blue","PAIP2","purple"
"PABPN1","blue","ILF3","purple"
"PSME2","green","LTBR","blue"
"PSME2","green","VHL","purple"
"PSME2","green","HLA-F","blue"
"PSME2","green","PSMC1","blue"
"PSME2","green","UFD1","blue"
"PSME2","green","UBE2S","blue"
"PSME2","green","NFKBIE","blue"
"PSME2","green","AXIN2","blue"
"PSME2","green","ANAPC1","blue"
"PSME2","green","STAT4","blue"
"PSME2","green","PSMB10","blue"
"PSME2","green","PSMD4","blue"
"PSME2","green","BTRC","blue"
"PSME2","green","GTF2B","purple"
"PSME2","green","CD40LG","blue"
"PSME2","green","HSP90AB1","purple"
"PSME2","green","PSMB9","blue"
"PSME2","green","PSMB8","blue"
"PSME2","green","PSME1","blue"
"PSME2","green","HLA-A","blue"
"PSME2","green","IFITM3","blue"
"PSME2","green","PSMD13","blue"
"CTSZ","blue","TFG","green"
"CTSZ","blue","GNS","green"
"CTSZ","blue","CTSF","green"
"CTSZ","blue","GORASP1","green"
"CTSZ","blue","CTSL","green"
"CTSZ","blue","C1QC","green"
"CTSZ","blue","C1QA","green"
"CTSZ","blue","SEC31A","purple"
"CHMP4B","blue","CHMP5","green"
"CHMP4B","blue","BST2","green"
"CHMP4B","blue","PDCD6","purple"
"CHMP4B","blue","PCNT","purple"
"CHMP4B","blue","NOLC1","purple"
"TXNL1","blue","LMO2","green"
"TXNL1","blue","PRDX3","purple"
"TXNL1","blue","ILF3","purple"
"RNF125","blue","DHX58","green"
"RNF125","blue","UBE2L6","green"
"RNF125","blue","DDX58","green"
"RNF125","blue","IDH1","green"
"RNF125","blue","IFI35","green"
"RNF125","blue","ISG15","green"
"RNF125","blue","IFIH1","green"
"KCND1","green","MRNIP","blue"
"KCND1","green","EIF5A2","blue"
"USP11","purple","USP13","blue"
"USP11","purple","PML","green"
"USP11","purple","LONP2","blue"
"USP11","purple","TRUB1","blue"
"USP11","purple","UBA7","green"
"USP11","purple","USP54","blue"
"USP11","purple","OTUD3","blue"
"USP11","purple","FBXO6","green"
"USP11","purple","EIF4B","green"
"USP11","purple","BRD1","blue"
"USP11","purple","POLR1B","blue"
"USP11","purple","PAN2","blue"
"GLA","blue","RPA1","purple"
"GLA","blue","SORT1","green"
"GLA","blue","GALM","green"
"GLA","blue","HSP90AB1","purple"
"GLA","blue","B2M","green"
"GLA","blue","DEPDC5","purple"
"MGA","blue","DHX58","green"
"MGA","blue","NOL6","purple"
"MGA","blue","HCFC1","purple"
"MGA","blue","MDC1","purple"
"MGA","blue","DDX58","green"
"MGA","blue","IFIH1","green"
"RIPK2","green","LTBR","blue"
"RIPK2","green","TRAF5","blue"
"RIPK2","green","CAMK4","blue"
"RIPK2","green","CASP2","purple"
"RIPK2","green","BID","blue"
"RIPK2","green","ATG7","blue"
"RIPK2","green","RBCK1","blue"
"RIPK2","green","NLRC3","blue"
"RIPK2","green","HSP90AB1","purple"
"RIPK2","green","TRAF1","blue"
"RIPK2","green","ATG16L1","blue"
"RIPK2","green","CARD11","blue"
"RIPK2","green","ESRRA","blue"
"RIPK2","green","MAPK9","blue"
"DECR1","blue","FASN","purple"
"DECR1","blue","ACACB","green"
"TNFRSF10A","blue","TNFSF10","green"
"TNFRSF10A","blue","APOL2","green"
"TNFRSF10A","blue","MICB","green"
"TNFRSF10A","blue","TOR1B","green"
"TNFRSF10A","blue","RIPK1","green"
"TNFRSF10A","blue","CASP10","green"
"TNFRSF10A","blue","CASP2","purple"
"TNFRSF10A","blue","TOR1A","green"
"TNFRSF10A","blue","PARP1","purple"
"TNFRSF10A","blue","DYNLT1","green"
"TNFRSF10A","blue","CASP7","green"
"TNFRSF10A","blue","CD40","green"
"TNFRSF10A","blue","CASP1","green"
"CLASRP","blue","CKAP5","purple"
"DNASE2","blue","GNS","green"
"DNASE2","blue","RRM1","purple"
"DNASE2","blue","ADAR","green"
"DNASE2","blue","TREX1","green"
"SIPA1L3","purple","SIPA1L1","green"
"RBM28","blue","ELP3","purple"
"RBM28","blue","NAT10","purple"
"RBM28","blue","POLR1A","purple"
"RBM28","blue","NOL6","purple"
"RBM28","blue","SF3B3","purple"
"RBM28","blue","RRP1B","purple"
"RBM28","blue","HEATR1","purple"
"RBM28","blue","IFI16","green"
"RBM28","blue","DKC1","purple"
"RBM28","blue","PDCD11","purple"
"RBM28","blue","BMS1","purple"
"RBM28","blue","EXOSC10","purple"
"RBM28","blue","POLR1E","green"
"RBM28","blue","MYBBP1A","purple"
"RBM28","blue","NOLC1","purple"
"RBM28","blue","NOP14","purple"
"RBM28","blue","DROSHA","purple"
"RBM28","blue","SART3","purple"
"RBM28","blue","DDX24","purple"
"RBM28","blue","DDX27","purple"
"RBM28","blue","SBK1","green"
"RBM28","blue","KRI1","purple"
"YKT6","blue","TFG","green"
"YKT6","blue","ESYT1","purple"
"YKT6","blue","NBAS","purple"
"YKT6","blue","ATG3","green"
"YKT6","blue","VAMP5","green"
"YKT6","blue","GORASP1","green"
"YKT6","blue","PIK3R4","purple"
"YKT6","blue","SPTBN1","purple"
"YKT6","blue","TGFBRAP1","purple"
"YKT6","blue","SEC31A","purple"
"YKT6","blue","SPTAN1","purple"
"YKT6","blue","PCMT1","purple"
"CHMP5","green","RAB11A","blue"
"CHMP5","green","SUMO1","purple"
"CHMP5","green","CHMP7","blue"
"PLGRKT","blue","H2BC5","green"
"PLGRKT","blue","H2BC21","green"
"ACTA2","blue","KPNB1","green"
"ACTA2","blue","HSPA9","purple"
"ACTA2","blue","H2BC21","green"
"ACTA2","blue","RNF213","green"
"P2RX1","blue","P2RY14","green"
"GALK1","blue","GALM","green"
"LRRC59","blue","IGF2BP3","green"
"LRRC59","blue","EPRS1","purple"
"LRRC59","blue","SGPL1","green"
"LRRC59","blue","ILF3","purple"
"LRRC59","blue","PRPF8","purple"
"LRRC59","blue","HYOU1","purple"
"DUSP3","green","METAP1","blue"
"DUSP3","green","SMAD3","blue"
"DUSP3","green","CDC14A","blue"
"DUSP3","green","NFATC2","blue"
"DUSP3","green","MAPK9","blue"
"DUSP3","green","PTPN13","blue"
"CD38","green","CCR7","blue"
"CD38","green","BACH2","blue"
"CD38","green","BST1","blue"
"CD38","green","CD27","blue"
"CD38","green","ATM","blue"
"CD38","green","CD96","blue"
"CD38","green","ANXA5","blue"
"CD38","green","IL7R","blue"
"CD38","green","ICOS","blue"
"CD38","green","CD6","blue"
"CD38","green","CD28","blue"
"CD38","green","PCSK7","blue"
"CD38","green","NADSYN1","blue"
"CD38","green","SIRT7","blue"
"CD38","green","IL21R","blue"
"CD38","green","CD5","blue"
"CD38","green","IKZF3","blue"
"CD38","green","TNFRSF14","blue"
"CD38","green","CD300A","blue"
"CD38","green","DPP4","blue"
"CD38","green","PARP1","purple"
"CD38","green","CD40LG","blue"
"CD38","green","FOXP3","blue"
"CD38","green","GPR183","blue"
"CD38","green","HLA-A","blue"
"CD38","green","BCL2","blue"
"CD38","green","ITGA6","blue"
"CD38","green","PRKCA","blue"
"CD38","green","MYBL1","blue"
"CD38","green","CD3G","blue"
"CD38","green","SLAMF1","blue"
"CD38","green","LCK","blue"
"CD38","green","MYC","blue"
"CD38","green","BTK","blue"
"CD38","green","SELL","blue"
"CD38","green","SPN","purple"
"CD38","green","SARM1","blue"
"CD38","green","TNK1","blue"
"LAP3","green","CRYZL1","blue"
"UNC93B1","green","CTSS","blue"
"CLEC2B","green","CD27","blue"
"CLEC2B","green","CD96","blue"
"CLEC2B","green","SLAMF6","blue"
"CLEC2B","green","HLA-E","blue"
"KCTD10","blue","PDCD6","purple"
"LTA4H","blue","SP110","green"
"LTA4H","blue","CNDP2","green"
"LTA4H","blue","IDH1","green"
"ARPC3","blue","FCGR1A","green"
"ARPC3","blue","CLEC16A","purple"
"ARPC3","blue","POLR2A","purple"
"ARPC3","blue","CYFIP2","purple"
"LTBR","blue","CD40","green"
"LTBR","blue","SPATS2L","green"
"OAS3","green","SHFL","blue"
"OAS3","green","IFITM1","blue"
"OAS3","green","BRPF3","purple"
"OAS3","green","LGALS9","blue"
"OAS3","green","IFITM3","blue"
"OAS3","green","POLR2A","purple"
"CLEC4A","blue","SIGLEC1","green"
"CLEC4A","blue","FCGR1A","green"
"CLEC4A","blue","CD40","green"
"CLEC4A","blue","CYBB","green"
"CLEC4A","blue","TLR7","green"
"CLEC4A","blue","PDCD1LG2","green"
"CLEC4A","blue","SAMHD1","green"
"SRSF9","blue","NUP210","purple"
"SRSF9","blue","NUP133","purple"
"SRSF9","blue","DHX38","purple"
"SRSF9","blue","SRRM2","purple"
"SRSF9","blue","SF3B3","purple"
"SRSF9","blue","NCL","purple"
"SRSF9","blue","SRRM1","purple"
"SRSF9","blue","ADAR","green"
"SRSF9","blue","NUP188","purple"
"SRSF9","blue","PRPF8","purple"
"SRSF9","blue","CNP","green"
"SNX3","blue","SORT1","green"
"SNX3","blue","SNX20","green"
"SNX3","blue","DOP1B","purple"
"SNX3","blue","HSBP1","purple"
"TBP","blue","BHLHE40","green"
"TBP","blue","KAT7","purple"
"TBP","blue","SETD1A","purple"
"TBP","blue","POLR1A","purple"
"TBP","blue","H2BC5","green"
"TBP","blue","UBTF","purple"
"TBP","blue","SF3B3","purple"
"TBP","blue","TAF3","purple"
"TBP","blue","BAZ1B","purple"
"TBP","blue","HTT","purple"
"TBP","blue","PHF8","purple"
"TBP","blue","TRRAP","purple"
"TBP","blue","STAT1","green"
"TBP","blue","DHX9","purple"
"TBP","blue","GATAD2B","purple"
"TBP","blue","H2BC21","green"
"TBP","blue","PDCD11","purple"
"TBP","blue","GTF2B","purple"
"TBP","blue","CREG1","green"
"TBP","blue","HSP90AB1","purple"
"TBP","blue","MDC1","purple"
"TBP","blue","POLR1E","green"
"TBP","blue","GATA3","green"
"TBP","blue","MYBBP1A","purple"
"TBP","blue","SMARCA2","purple"
"TBP","blue","SIN3A","purple"
"TBP","blue","BRD2","purple"
"TBP","blue","ATN1","purple"
"TBP","blue","RNF4","purple"
"TBP","blue","POLR2A","purple"
"TBP","blue","H4C8","green"
"TBP","blue","CACNA1A","green"
"TBP","blue","IFIT2","green"
"TBP","blue","B2M","green"
"EXOC2","purple","RAB11A","blue"
"EXOC2","purple","PKD1","blue"
"EXOC2","purple","RAB11FIP3","green"
"EXOC2","purple","WDR76","blue"
"EXOC2","purple","DIDO1","blue"
"EXOC2","purple","RAB8A","green"
"EXOC2","purple","STX4","blue"
"EXOC2","purple","EXOC3L1","green"
"EXOC2","purple","RAB13","blue"
"EXOC2","purple","ZBP1","green"
"EXOC2","purple","IFIT1","green"
"EXOC2","purple","RALGDS","blue"
"EXOC2","purple","STXBP4","blue"
"EXOC2","purple","DDX58","green"
"EXOC2","purple","CDC42","blue"
"EXOC2","purple","ZNF248","blue"
"EXOC2","purple","TNFAIP2","blue"
"TTC1","blue","HSP90AB1","purple"
"TTC1","blue","CNP","green"
"NUP155","blue","NUP210","purple"
"NUP155","blue","NUP133","purple"
"NUP155","blue","POLR1A","purple"
"NUP155","blue","XPO5","purple"
"NUP155","blue","PML","green"
"NUP155","blue","DHX38","purple"
"NUP155","blue","GEMIN5","purple"
"NUP155","blue","KPNB1","green"
"NUP155","blue","NCOA5","purple"
"NUP155","blue","HSPA9","purple"
"NUP155","blue","RRM1","purple"
"NUP155","blue","GEMIN4","purple"
"NUP155","blue","SRRM1","purple"
"NUP155","blue","SP100","green"
"NUP155","blue","NUP188","purple"
"NUP155","blue","SUMO1","purple"
"NUP155","blue","SUMO2","purple"
"NUP155","blue","MCM3","purple"
"EIF2AK2","green","PLCG1","blue"
"EIF2AK2","green","SH2D3A","blue"
"EIF2AK2","green","SHFL","blue"
"EIF2AK2","green","TRAF5","blue"
"EIF2AK2","green","XPO5","purple"
"EIF2AK2","green","CASP2","purple"
"EIF2AK2","green","RNF135","blue"
"EIF2AK2","green","IFITM1","blue"
"EIF2AK2","green","RRP1B","purple"
"EIF2AK2","green","ATG7","blue"
"EIF2AK2","green","HTT","purple"
"EIF2AK2","green","PIK3R4","purple"
"EIF2AK2","green","ADARB1","blue"
"EIF2AK2","green","DHX9","purple"
"EIF2AK2","green","PRKACB","blue"
"EIF2AK2","green","HSP90AB1","purple"
"EIF2AK2","green","PSMB9","blue"
"EIF2AK2","green","IL24","blue"
"EIF2AK2","green","SUMO1","purple"
"EIF2AK2","green","G3BP1","blue"
"EIF2AK2","green","BCL2","blue"
"EIF2AK2","green","IFITM3","blue"
"EIF2AK2","green","ILF3","purple"
"EIF2AK2","green","EEF1D","blue"
"EIF2AK2","green","PARP15","blue"
"EIF2AK2","green","DROSHA","purple"
"EIF2AK2","green","HNRNPC","blue"
"EIF2AK2","green","MYC","blue"
"EIF2AK2","green","BTK","blue"
"EIF2AK2","green","CDC42","blue"
"EIF2AK2","green","FBXO32","blue"
"EIF2AK2","green","DDIT3","blue"
"SF3B6","purple","SYF2","blue"
"SF3B6","purple","TARDBP","blue"
"SF3B6","purple","DHX35","blue"
"SF3B6","purple","ZMAT2","blue"
"SF3B6","purple","U2AF1","blue"
"SF3B6","purple","TCERG1","blue"
"SF3B6","purple","ZMAT5","blue"
"SF3B6","purple","BUD31","blue"
"SF3B6","purple","DDX46","blue"
"SF3B6","purple","SNW1","blue"
"SF3B6","purple","HNRNPC","blue"
"SF3B6","purple","SAP18","blue"
"SF3B6","purple","SNRPN","blue"
"SF3B6","purple","NT5C3A","green"
"DOK1","blue","KIT","green"
"GORASP2","purple","TFG","green"
"GORASP2","purple","PSMC1","blue"
"GORASP2","purple","ERP44","green"
"GORASP2","purple","RAB8A","green"
"GORASP2","purple","GORASP1","green"
"GORASP2","purple","TMED9","blue"
"GORASP2","purple","CASP1","green"
"GORASP2","purple","RER1","blue"
"GORASP2","purple","DLG4","blue"
"GORASP2","purple","CDK5RAP3","blue"
"ORC2","blue","RPA1","purple"
"ORC2","blue","KAT7","purple"
"ORC2","blue","H2BC5","green"
"ORC2","blue","KPNB1","green"
"ORC2","blue","H2BC21","green"
"ORC2","blue","POLA1","purple"
"ORC2","blue","MCM3","purple"
"BCL9","purple","H3-3B","blue"
"BCL9","purple","LEF1","blue"
"BCL9","purple","H2BC5","green"
"BCL9","purple","H2AZ1","blue"
"BCL9","purple","AXIN2","blue"
"BCL9","purple","MLLT10","blue"
"BCL9","purple","BCL9L","blue"
"BCL9","purple","TCF7","blue"
"BCL9","purple","ASH2L","blue"
"BCL9","purple","H2BC12","blue"
"BCL9","purple","FCRL3","blue"
"BCL9","purple","H2BC21","green"
"BCL9","purple","BTRC","blue"
"BCL9","purple","MYC","blue"
"BCL9","purple","TLE2","blue"
"TMEM59","blue","ZAP70","green"
"TMEM59","blue","EPRS1","purple"
"TMEM59","blue","HSP90AB1","purple"
"TMEM59","blue","DNAJA1","green"
"MAD2L2","blue","RPA1","purple"
"MAD2L2","blue","PARP1","purple"
"MAD2L2","blue","MDC1","purple"
"MAD2L2","blue","FBXO6","green"
"MAD2L2","blue","POLA1","purple"
"MAD2L2","blue","RFC1","purple"
"MAD2L2","blue","FANCA","green"
"MAD2L2","blue","MCM3","purple"
"MAD2L2","blue","CHAMP1","purple"
"MAD2L2","blue","MAD2L1BP","green"
"SYF2","blue","DHX38","purple"
"SYF2","blue","PPRC1","purple"
"SYF2","blue","SRRM2","purple"
"SYF2","blue","SF3B3","purple"
"SYF2","blue","SNRNP200","purple"
"SYF2","blue","SRRM1","purple"
"SYF2","blue","PRPF8","purple"
"SYF2","blue","DDX42","purple"
"SYF2","blue","MCM3","purple"
"CTSD","blue","SORT1","green"
"CTSD","blue","RIPK1","green"
"CTSD","blue","LGALS3BP","green"
"CTSD","blue","ATG3","green"
"CTSD","blue","CTSF","green"
"CTSD","blue","CTSL","green"
"CTSD","blue","HTT","purple"
"CTSD","blue","HSP90AB1","purple"
"CTSD","blue","C1QA","green"
"CTSD","blue","IFI30","green"
"CTSD","blue","CASP1","green"
"CTSD","blue","H4C8","green"
"CTSD","blue","HYOU1","purple"
"NEK9","blue","NUP210","purple"
"NEK9","blue","NUP133","purple"
"NEK9","blue","ANKS3","green"
"NEK9","blue","PCNT","purple"
"NEK9","blue","NUP188","purple"
"TP53I3","blue","RPA1","purple"
"TP53I3","blue","CBR1","green"
"TP53I3","blue","FASN","purple"
"TP53I3","blue","STOML1","green"
"TP53I3","blue","CYFIP2","purple"
"TARDBP","blue","SORT1","green"
"TARDBP","blue","DGCR8","green"
"TARDBP","blue","KPNB1","green"
"TARDBP","blue","RRM1","purple"
"TARDBP","blue","SF3B3","purple"
"TARDBP","blue","MADD","purple"
"TARDBP","blue","SNRNP200","purple"
"TARDBP","blue","NCL","purple"
"TARDBP","blue","HTT","purple"
"TARDBP","blue","DHX9","purple"
"TARDBP","blue","ADAR","green"
"TARDBP","blue","BAG3","purple"
"TARDBP","blue","EIF3A","purple"
"TARDBP","blue","HSP90AB1","purple"
"TARDBP","blue","EXOSC10","purple"
"TARDBP","blue","DNAJA1","green"
"TARDBP","blue","SUMO1","purple"
"TARDBP","blue","ATXN2L","purple"
"TARDBP","blue","UBAP2L","purple"
"TARDBP","blue","ILF3","purple"
"TARDBP","blue","SUMO2","purple"
"TARDBP","blue","DROSHA","purple"
"TARDBP","blue","RNF4","purple"
"TARDBP","blue","PRPF8","purple"
"TFG","green","PLCG1","blue"
"TFG","green","PDCD6","purple"
"TFG","green","WDCP","blue"
"TFG","green","LMAN2","blue"
"TFG","green","EML4","blue"
"TFG","green","PEF1","blue"
"TFG","green","MAGED1","purple"
"TFG","green","LMO7","blue"
"TFG","green","SEC31A","purple"
"TFG","green","CARD11","blue"
"TFG","green","PIK3R1","blue"
"TFG","green","TRAPPC3","blue"
"TNFSF10","green","LGALS3","blue"
"TNFSF10","green","CD27","blue"
"TNFSF10","green","ANXA5","blue"
"TNFSF10","green","PTGDR","blue"
"TNFSF10","green","CASP2","purple"
"TNFSF10","green","BID","blue"
"TNFSF10","green","IFITM1","blue"
"TNFSF10","green","PARP1","purple"
"TNFSF10","green","CTSS","blue"
"TNFSF10","green","CD40LG","blue"
"TNFSF10","green","HLA-E","blue"
"TNFSF10","green","TNFRSF25","blue"
"TNFSF10","green","LGALS9","blue"
"TNFSF10","green","BCL2","blue"
"TNFSF10","green","MYC","blue"
"CLTA","blue","SORT1","green"
"CLTA","blue","GNS","green"
"CLTA","blue","EZR","purple"
"CLTA","blue","HTT","purple"
"CLTA","blue","CD274","green"
"CLTA","blue","REPS1","purple"
"CLTA","blue","RPS6KA2","green"
"NMI","green","TARS3","blue"
"NMI","green","PLEKHO1","blue"
"NMI","green","PSMB9","blue"
"NMI","green","PSMB8","blue"
"NMI","green","BRMS1","blue"
"NMI","green","MYC","blue"
"PLCG1","blue","PI4KA","purple"
"PLCG1","blue","DGKD","green"
"PLCG1","blue","HERC5","green"
"PLCG1","blue","ZAP70","green"
"PLCG1","blue","UBE2L6","green"
"PLCG1","blue","KIT","green"
"PLCG1","blue","SRRM2","purple"
"PLCG1","blue","BCR","green"
"PLCG1","blue","MX2","green"
"PLCG1","blue","STAT1","green"
"PLCG1","blue","BAG3","purple"
"PLCG1","blue","FCGR1A","green"
"PLCG1","blue","INPP5E","green"
"PLCG1","blue","IFIT1","green"
"PLCG1","blue","PLCH2","green"
"PLCG1","blue","DDX58","green"
"PLCG1","blue","PIAS3","purple"
"PLCG1","blue","SEC31A","purple"
"PLCG1","blue","MX1","green"
"PLCG1","blue","MDK","green"
"PLCG1","blue","NFATC1","purple"
"PLCG1","blue","ISG15","green"
"PLCG1","blue","B2M","green"
"RNF114","green","DCAF16","blue"
"RNF114","green","RNF4","purple"
"BTN3A3","green","HLA-F","blue"
"BTN3A3","green","MFGE8","blue"
"BTN3A3","green","TRAT1","blue"
"BTN3A3","green","FDPS","blue"
"BTN3A3","green","PSMB9","blue"
"BTN3A3","green","PSMB8","blue"
"BTN3A3","green","HLA-C","blue"
"BTN3A3","green","HLA-E","blue"
"BTN3A3","green","HLA-A","blue"
"BTN3A3","green","HLA-B","blue"
"BBS2","blue","RAB8A","green"
"BBS2","blue","TRIM32","green"
"MT2A","green","SLC39A1","blue"
"MT2A","green","CTSS","blue"
"MT2A","green","CRYZL1","blue"
"MT2A","green","ATOX1","blue"
"MT2A","green","MYC","blue"
"SH2D3A","blue","DHX58","green"
"SH2D3A","blue","BST2","green"
"SH2D3A","blue","KPNB1","green"
"SH2D3A","blue","STAT2","green"
"SH2D3A","blue","CTSL","green"
"SH2D3A","blue","STAT1","green"
"SH2D3A","blue","IFIT1","green"
"SH2D3A","blue","DDX58","green"
"SH2D3A","blue","TLR7","green"
"SH2D3A","blue","IRF9","green"
"SH2D3A","blue","IRF7","green"
"SH2D3A","blue","IRF5","green"
"SH2D3A","blue","ISG15","green"
"SH2D3A","blue","IFIH1","green"
"RTN2","blue","UBA7","green"
"RTN2","blue","PLSCR1","green"
"RALY","blue","BRPF3","purple"
"RALY","blue","DHX9","purple"
"RALY","blue","MOV10","green"
"RALY","blue","ILF3","purple"
"RALY","blue","PRPF8","purple"
"CCR7","blue","BST2","green"
"CCR7","blue","CCND2","purple"
"CCR7","blue","ZAP70","green"
"CCR7","blue","LAMP3","green"
"CCR7","blue","KIT","green"
"CCR7","blue","CCR1","green"
"CCR7","blue","LILRB1","green"
"CCR7","blue","SIGLEC1","green"
"CCR7","blue","CCRL2","green"
"CCR7","blue","STAT1","green"
"CCR7","blue","SLAMF7","green"
"CCR7","blue","FCGR1A","green"
"CCR7","blue","CD40","green"
"CCR7","blue","SGPL1","green"
"CCR7","blue","GATA3","green"
"CCR7","blue","TLR7","green"
"CCR7","blue","CD274","green"
"CCR7","blue","IL15RA","green"
"CCR7","blue","IRF7","green"
"CCR7","blue","PDCD1LG2","green"
"CCR7","blue","MX1","green"
"CCR7","blue","RUNX3","green"
"CCR7","blue","CD36","green"
"CCR7","blue","TIGIT","green"
"CCR7","blue","IDO1","green"
"CCR7","blue","CYFIP2","purple"
"CCR7","blue","B2M","green"
"CCR7","blue","SPN","purple"
"TRAP1","blue","CAD","purple"
"TRAP1","blue","HSPA9","purple"
"TRAP1","blue","HSP90AB1","purple"
"TRAP1","blue","DNAJA1","green"
"TRAP1","blue","HYOU1","purple"
"TRAP1","blue","TTC12","green"
"CFP","blue","SERPING1","green"
"CFP","blue","C2","green"
"CFP","blue","C1QB","green"
"CFP","blue","C1QC","green"
"CFP","blue","C1QA","green"
"TUBGCP6","green","CUL9","blue"
"TUBGCP6","green","TUBGCP4","blue"
"TUBGCP6","green","WBP11","purple"
"TUBGCP6","green","ACAD8","blue"
"TUBGCP6","green","DNMT1","purple"
"TUBGCP6","green","PCNT","purple"
"TUBGCP6","green","CKAP5","purple"
"TXNDC17","blue","GLRX","green"
"EAPP","purple","DHX35","blue"
"EAPP","purple","SNW1","blue"
"EAPP","purple","SNRPN","blue"
"EAPP","purple","GK5","blue"
"AANAT","green","RORA","blue"
"AANAT","green","SLC38A1","blue"
"AANAT","green","CRY2","blue"
"ZC3H14","blue","KPNB1","green"
"ZC3H14","blue","SF3B3","purple"
"ZC3H14","blue","NCL","purple"
"ZC3H14","blue","USP7","purple"
"ZC3H14","blue","EXOSC10","purple"
"ZC3H14","blue","WSB2","green"
"ANGEL1","blue","GEMIN5","purple"
"ANGEL1","blue","EIF4ENIF1","purple"
"MEGF8","blue","SMARCD3","green"
"DHX58","green","SHFL","blue"
"DHX58","green","RPA1","purple"
"DHX58","green","TRAF5","blue"
"DHX58","green","TRAT1","blue"
"DHX58","green","WRN","blue"
"DHX58","green","DDB1","purple"
"DHX58","green","RNF135","blue"
"DHX58","green","IFITM1","blue"
"DHX58","green","TRIM4","blue"
"DHX58","green","NLRC3","blue"
"DHX58","green","DHX9","purple"
"DHX58","green","IFITM3","blue"
"DHX58","green","PPIP5K1","blue"
"DHX58","green","DDX46","blue"
"DHX58","green","PARP15","blue"
"DHX35","blue","NAT10","purple"
"DHX35","blue","POLR1A","purple"
"DHX35","blue","DHX38","purple"
"DHX35","blue","NOL6","purple"
"DHX35","blue","SRRM2","purple"
"DHX35","blue","SF3B3","purple"
"DHX35","blue","RPAP1","purple"
"DHX35","blue","ZHX2","purple"
"DHX35","blue","SNRNP200","purple"
"DHX35","blue","PDCD11","purple"
"DHX35","blue","BMS1","purple"
"DHX35","blue","NOP14","purple"
"DHX35","blue","PRPF8","purple"
"DHX35","blue","DDX42","purple"
"DHX35","blue","DDX24","purple"
"DHX35","blue","DDX27","purple"
"CUL9","blue","SGSM2","green"
"CUL9","blue","DDB1","purple"
"CUL9","blue","GTPBP2","green"
"CUL9","blue","CMTR1","green"
"CUL9","blue","UBE2F","green"
"MICB","green","CD96","blue"
"MICB","green","CD28","blue"
"MICB","green","IFITM1","blue"
"MICB","green","SLAMF6","blue"
"MICB","green","PLCE1","blue"
"MICB","green","PSMB9","blue"
"MICB","green","TNFRSF25","blue"
"MICB","green","HLA-B","blue"
"GADD45G","blue","HUWE1","purple"
"GADD45G","blue","ATF3","green"
"GADD45G","blue","MAP2K6","green"
"BST2","green","LGALS3","blue"
"BST2","green","TRAT1","blue"
"BST2","green","AGTRAP","blue"
"BST2","green","IFITM1","blue"
"BST2","green","SLAMF6","blue"
"BST2","green","BTRC","blue"
"BST2","green","TRAF1","blue"
"BST2","green","PSMB9","blue"
"BST2","green","PSMB8","blue"
"BST2","green","AIF1","blue"
"BST2","green","HLA-A","blue"
"BST2","green","IFITM3","blue"
"BST2","green","DCAF1","purple"
"BST2","green","HLA-B","blue"
"BST2","green","LILRA5","blue"
"BST2","green","SERINC5","blue"
"BST2","green","SPN","purple"
"TAF4","blue","CRTC3","purple"
"TAF4","blue","SCAF4","purple"
"TAF4","blue","SF3B3","purple"
"TAF4","blue","HCFC1","purple"
"TAF4","blue","TAF3","purple"
"TAF4","blue","HTT","purple"
"TAF4","blue","TRRAP","purple"
"TAF4","blue","GTF2B","purple"
"TAF4","blue","BRD2","purple"
"TAF4","blue","ATN1","purple"
"TAF4","blue","POLR2A","purple"
"TAF4","blue","H4C8","green"
"SHFL","blue","OASL","green"
"SHFL","blue","RTP4","green"
"SHFL","blue","PARP12","green"
"SHFL","blue","HERC6","green"
"SHFL","blue","HERC5","green"
"SHFL","blue","UBE2L6","green"
"SHFL","blue","ISG20","green"
"SHFL","blue","STAT2","green"
"SHFL","blue","UBA7","green"
"SHFL","blue","MX2","green"
"SHFL","blue","OAS2","green"
"SHFL","blue","IFI6","green"
"SHFL","blue","XAF1","green"
"SHFL","blue","GBP4","green"
"SHFL","blue","IFI44","green"
"SHFL","blue","IFI44L","green"
"SHFL","blue","IFIT1","green"
"SHFL","blue","IFIT3","green"
"SHFL","blue","DDX58","green"
"SHFL","blue","TRIM22","green"
"SHFL","blue","RSAD2","green"
"SHFL","blue","DDX60","green"
"SHFL","blue","IRF9","green"
"SHFL","blue","IRF7","green"
"SHFL","blue","MX1","green"
"SHFL","blue","OAS1","green"
"SHFL","blue","IFI35","green"
"SHFL","blue","MOV10","green"
"SHFL","blue","HELZ2","green"
"SHFL","blue","IFIT2","green"
"SHFL","blue","ISG15","green"
"SHFL","blue","TRIM69","green"
"NOL11","blue","NAT10","purple"
"NOL11","blue","POLR1A","purple"
"NOL11","blue","NOL6","purple"
"NOL11","blue","NCL","purple"
"NOL11","blue","RRP1B","purple"
"NOL11","blue","HEATR1","purple"
"NOL11","blue","PDCD11","purple"
"NOL11","blue","BMS1","purple"
"NOL11","blue","EXOSC10","purple"
"NOL11","blue","TCOF1","purple"
"NOL11","blue","NOP14","purple"
"ACSS2","blue","SETD1A","purple"
"ACSS2","blue","FASN","purple"
"ACSS2","blue","ACO1","green"
"ACSS2","blue","ACACB","green"
"ACSS2","blue","HSP90AB1","purple"
"ACSS2","blue","IDH1","green"
"ACSS2","blue","CD36","green"
"ACSS2","blue","STOML1","green"
"ATP6V1E1","blue","RPTOR","purple"
"ATP6V1E1","blue","ATP6V1G1","purple"
"ATP6V1E1","blue","DEPDC5","purple"
"ATP6V1E1","blue","PCMT1","purple"
"MRPS25","blue","TIMM10","green"
"MRPS25","blue","MRPL44","green"
"MRPS25","blue","ACO1","green"
"MRPS25","blue","IFI44L","green"
"MRPS25","blue","DROSHA","purple"
"LGALS3","blue","LGALS3BP","green"
"LGALS3","blue","MGAT5","purple"
"LGALS3","blue","KIT","green"
"LGALS3","blue","H2BC5","green"
"LGALS3","blue","C1QB","green"
"LGALS3","blue","NCL","purple"
"LGALS3","blue","GEMIN4","purple"
"LGALS3","blue","GAS6","green"
"LGALS3","blue","EZR","purple"
"LGALS3","blue","SIGLEC1","green"
"LGALS3","blue","PARP1","purple"
"LGALS3","blue","GBP2","green"
"LGALS3","blue","GBP1","green"
"LGALS3","blue","HSP90AB1","purple"
"LGALS3","blue","CYBB","green"
"LGALS3","blue","AGRN","green"
"LGALS3","blue","CD274","green"
"LGALS3","blue","NUMA1","purple"
"LGALS3","blue","PDCD1LG2","green"
"LGALS3","blue","NFATC1","purple"
"LGALS3","blue","CALCOCO2","green"
"LGALS3","blue","CD36","green"
"LGALS3","blue","CASP1","green"
"LGALS3","blue","POLR2A","purple"
"LGALS3","blue","SPN","purple"
"WDR7","blue","MADD","purple"
"WDR7","blue","ATP6V1G1","purple"
"WDR7","blue","CACNA1A","green"
"SMARCC1","purple","H3-3B","blue"
"SMARCC1","purple","SMARCD3","green"
"SMARCC1","purple","TOP2B","blue"
"SMARCC1","purple","DIDO1","blue"
"SMARCC1","purple","CPSF6","blue"
"SMARCC1","purple","ARID5B","blue"
"SMARCC1","purple","H2BC5","green"
"SMARCC1","purple","H2AZ1","blue"
"SMARCC1","purple","WDR82","blue"
"SMARCC1","purple","TCERG1","blue"
"SMARCC1","purple","SMAD3","blue"
"SMARCC1","purple","H2BC12","blue"
"SMARCC1","purple","BCL11B","blue"
"SMARCC1","purple","WDHD1","blue"
"SMARCC1","purple","H2BC21","green"
"SMARCC1","purple","RBBP4","blue"
"SMARCC1","purple","CHD3","blue"
"SMARCC1","purple","TNRC6A","blue"
"SMARCC1","purple","APOBEC3G","green"
"SMARCC1","purple","IDH1","green"
"SMARCC1","purple","BRD1","blue"
"SMARCC1","purple","HNRNPC","blue"
"SMARCC1","purple","MYC","blue"
"NUP210","purple","PML","green"
"NUP210","purple","DLAT","blue"
"NUP210","purple","NUP205","blue"
"NUP210","purple","KPNB1","green"
"NUP210","purple","U2AF1","blue"
"NUP210","purple","THOC7","blue"
"NUP210","purple","SP100","green"
"NUP210","purple","DDX20","blue"
"NUP210","purple","NDC1","blue"
"NUP210","purple","NUP160","blue"
"NUP210","purple","SP140","green"
"NUP210","purple","INCENP","blue"
"NUP210","purple","POM121","blue"
"NUP210","purple","HNRNPC","blue"
"NUP210","purple","DNAL1","blue"
"NUP210","purple","ETFA","blue"
"TIMM10B","blue","TIMM10","green"
"RPA1","purple","H3-3B","blue"
"RPA1","purple","REV1","blue"
"RPA1","purple","HERC2","blue"
"RPA1","purple","UFD1","blue"
"RPA1","purple","LIG1","blue"
"RPA1","purple","WDR76","blue"
"RPA1","purple","USP13","blue"
"RPA1","purple","TOP2B","blue"
"RPA1","purple","POLB","green"
"RPA1","purple","TINF2","blue"
"RPA1","purple","ATM","blue"
"RPA1","purple","UBE2L6","green"
"RPA1","purple","H2BC5","green"
"RPA1","purple","KPNB1","green"
"RPA1","purple","WRN","blue"
"RPA1","purple","RMI2","green"
"RPA1","purple","POLD4","blue"
"RPA1","purple","POLE","blue"
"RPA1","purple","UBA7","green"
"RPA1","purple","H2BC12","blue"
"RPA1","purple","WDHD1","blue"
"RPA1","purple","RFWD3","blue"
"RPA1","purple","H2BC21","green"
"RPA1","purple","POLH","blue"
"RPA1","purple","CUL4A","blue"
"RPA1","purple","DDX58","green"
"RPA1","purple","FANCA","green"
"RPA1","purple","PAXIP1","blue"
"RPA1","purple","TENT4A","blue"
"RPA1","purple","ISG15","green"
"RPA1","purple","IFIH1","green"
"RPA1","purple","B2M","green"
"RPA1","purple","CTC1","blue"
"H3-3B","blue","NASP","green"
"H3-3B","blue","ELP3","purple"
"H3-3B","blue","MBD2","green"
"H3-3B","blue","LMO2","green"
"H3-3B","blue","KAT7","purple"
"H3-3B","blue","CCND2","purple"
"H3-3B","blue","SMARCD3","green"
"H3-3B","blue","SRCAP","purple"
"H3-3B","blue","SETD1A","purple"
"H3-3B","blue","POLR1A","purple"
"H3-3B","blue","PML","green"
"H3-3B","blue","KIT","green"
"H3-3B","blue","H2BC5","green"
"H3-3B","blue","DDB1","purple"
"H3-3B","blue","UBTF","purple"
"H3-3B","blue","HCFC1","purple"
"H3-3B","blue","NCL","purple"
"H3-3B","blue","ZMYM3","purple"
"H3-3B","blue","SMC1A","purple"
"H3-3B","blue","TAF3","purple"
"H3-3B","blue","BAZ1B","purple"
"H3-3B","blue","SP100","green"
"H3-3B","blue","USP7","purple"
"H3-3B","blue","SAP130","purple"
"H3-3B","blue","PHF8","purple"
"H3-3B","blue","DNMT1","purple"
"H3-3B","blue","PCNT","purple"
"H3-3B","blue","TRRAP","purple"
"H3-3B","blue","STAT1","green"
"H3-3B","blue","PARP1","purple"
"H3-3B","blue","GATAD2B","purple"
"H3-3B","blue","H2BC21","green"
"H3-3B","blue","GTF2B","purple"
"H3-3B","blue","HSP90AB1","purple"
"H3-3B","blue","MAFB","green"
"H3-3B","blue","MDC1","purple"
"H3-3B","blue","TCOF1","purple"
"H3-3B","blue","POLR1E","green"
"H3-3B","blue","GATA3","green"
"H3-3B","blue","MYBBP1A","purple"
"H3-3B","blue","SMARCA2","purple"
"H3-3B","blue","EP400","purple"
"H3-3B","blue","SUMO1","purple"
"H3-3B","blue","NUMA1","purple"
"H3-3B","blue","SIN3A","purple"
"H3-3B","blue","BRD2","purple"
"H3-3B","blue","RUNX3","green"
"H3-3B","blue","IDH1","green"
"H3-3B","blue","DCAF1","purple"
"H3-3B","blue","MECP2","green"
"H3-3B","blue","MOV10","green"
"H3-3B","blue","ILF3","purple"
"H3-3B","blue","SUMO2","purple"
"H3-3B","blue","DROSHA","purple"
"H3-3B","blue","RNF4","purple"
"H3-3B","blue","SMARCC2","purple"
"H3-3B","blue","POLR2A","purple"
"H3-3B","blue","H4C8","green"
"H3-3B","blue","B2M","green"
"H3-3B","blue","MCM3","purple"
"NASP","green","WDR76","blue"
"NASP","green","CSTA","blue"
"NASP","green","H2AZ1","blue"
"NASP","green","RRM1","purple"
"NASP","green","NCL","purple"
"NASP","green","NCAPD2","purple"
"NASP","green","HSP90AB1","purple"
"NASP","green","RBBP4","blue"
"NASP","green","POLA1","purple"
"NASP","green","RFC1","purple"
"NASP","green","CKAP5","purple"
"NASP","green","MCM3","purple"
"PI4KA","purple","TEX2","blue"
"PI4KA","purple","RAB11A","blue"
"PI4KA","purple","ANK3","blue"
"PI4KA","purple","PIK3C2B","blue"
"PI4KA","purple","PLCE1","blue"
"PI4KA","purple","INPP5E","green"
"PI4KA","purple","FAM102A","blue"
"PI4KA","purple","PIK3R1","blue"
"PI4KA","purple","AIFM3","blue"
"PI4KA","purple","TTC7A","blue"
"RRAS2","blue","RASA3","purple"
"RRAS2","blue","HSP90AB1","purple"
"ELP3","purple","DPH1","blue"
"ELP3","purple","KAT6B","blue"
"ELP3","purple","TSR1","blue"
"ELP3","purple","WDR3","blue"
"ELP3","purple","CCDC25","blue"
"ELP3","purple","FAM219B","green"
"ELP3","purple","TYW1","blue"
"ELP3","purple","GTF3C4","blue"
"ELP3","purple","POLR3A","blue"
"ELP3","purple","PRPS1","green"
"ELP3","purple","ELP1","blue"
"ELP3","purple","POLR1E","green"
"ELP3","purple","URB1","blue"
"ELP3","purple","WDR6","blue"
"ELP3","purple","NLE1","blue"
"ELP3","purple","PUS7","blue"
"ELP3","purple","RBM19","blue"
"ELP3","purple","POLR1B","blue"
"MBD2","green","H2AZ1","blue"
"MBD2","green","UBTF","purple"
"MBD2","green","H2BC12","blue"
"MBD2","green","BCL11B","blue"
"MBD2","green","SAP130","purple"
"MBD2","green","DNMT1","purple"
"MBD2","green","GATAD2B","purple"
"MBD2","green","ZNF512B","blue"
"MBD2","green","RBBP4","blue"
"MBD2","green","CHD3","blue"
"MBD2","green","HMG20A","blue"
"MBD2","green","SIN3A","purple"
"MBD2","green","PTK2B","blue"
"MBD2","green","MTA3","blue"
"MBD2","green","SAP18","blue"
"VHL","purple","RIPK1","green"
"VHL","purple","PSMC1","blue"
"VHL","purple","UBE2S","blue"
"VHL","purple","ATM","blue"
"VHL","purple","USP20","blue"
"VHL","purple","PSMB10","blue"
"VHL","purple","PSMD4","blue"
"VHL","purple","PSMB9","blue"
"VHL","purple","PSMB8","blue"
"VHL","purple","SDHB","blue"
"VHL","purple","PSME1","blue"
"VHL","purple","IDH1","green"
"VHL","purple","COMMD5","blue"
"VHL","purple","SENP1","blue"
"VHL","purple","PSMD13","blue"
"VHL","purple","USP36","blue"
"VHL","purple","MYC","blue"
"VHL","purple","SOCS1","green"
"VHL","purple","CEP68","blue"
"BHLHE40","green","RORA","blue"
"BHLHE40","green","NDUFAF3","blue"
"BHLHE40","green","USF1","blue"
"BHLHE40","green","BTRC","blue"
"BHLHE40","green","GTF2B","purple"
"BHLHE40","green","SIN3A","purple"
"BHLHE40","green","ESRRA","blue"
"BHLHE40","green","CRY2","blue"
"SORT1","green","SNX1","blue"
"SORT1","green","RAB11A","blue"
"SORT1","green","NAPA","blue"
"SORT1","green","OSBP","purple"
"SORT1","green","CELSR2","blue"
"SORT1","green","FASN","purple"
"SORT1","green","DTNBP1","blue"
"SORT1","green","PSMB10","blue"
"SORT1","green","SNAPIN","blue"
"SORT1","green","CTSS","blue"
"SORT1","green","NTSR1","blue"
"SORT1","green","PSMB8","blue"
"SORT1","green","MAGED1","purple"
"SORT1","green","PSAP","blue"
"SORT1","green","ARRB1","blue"
"SORT1","green","AP1M2","blue"
"LAMTOR5","blue","RPTOR","purple"
"LAMTOR5","blue","PCNT","purple"
"LAMTOR5","blue","XAF1","green"
"LAMTOR5","blue","ATP6V1G1","purple"
"LAMTOR5","blue","DEPDC5","purple"
"CMPK2","green","SLFN13","blue"
"CMPK2","green","RRM1","purple"
"CMPK2","green","UPP1","blue"
"CMPK2","green","IFITM1","blue"
"CMPK2","green","ALDH18A1","purple"
"CMPK2","green","TYMP","blue"
"TUT4","blue","DGCR8","green"
"TUT4","blue","XPO5","purple"
"TUT4","blue","ADAR","green"
"TUT4","blue","EXOSC10","purple"
"TUT4","blue","EIF4ENIF1","purple"
"TUT4","blue","EIF4B","green"
"TUT4","blue","MOV10","green"
"TUT4","blue","DROSHA","purple"
"TIMM10","green","DNAJA3","blue"
"TIMM10","green","TOMM70","blue"
"TIMM10","green","MRPL33","blue"
"TIMM10","green","HSPA9","purple"
"TIMM10","green","ZHX3","blue"
"TIMM10","green","GRPEL2","blue"
"TIMM10","green","AURKAIP1","blue"
"TIMM10","green","C3orf18","blue"
"TIMM10","green","COA6","blue"
"TIMM10","green","SDHC","blue"
"TIMM10","green","SLC25A12","blue"
"TIMM10","green","ATOX1","blue"
"TIMM10","green","AGK","blue"
"CARS2","blue","AARS1","purple"
"CARS2","blue","EIF5B","purple"
"CARS2","blue","FRMD3","green"
"CARS2","blue","WARS1","green"
"CARS2","blue","EPRS1","purple"
"CARS2","blue","IARS1","purple"
"CARS2","blue","LARS1","purple"
"CARS2","blue","HSBP1","purple"
"CARS2","blue","LARS2","purple"
"OASL","green","SETD1A","purple"
"OASL","green","UFD1","blue"
"OASL","green","SLFN13","blue"
"OASL","green","MRNIP","blue"
"OASL","green","IFITM1","blue"
"OASL","green","TAF9B","blue"
"OASL","green","TNFRSF14","blue"
"OASL","green","PSMD4","blue"
"OASL","green","BMS1","purple"
"OASL","green","PSMB9","blue"
"OASL","green","PSMB8","blue"
"OASL","green","KDM2B","blue"
"OASL","green","IFITM3","blue"
"TRAFD1","green","CDK20","blue"
"TRAFD1","green","TRAF1","blue"
"TRAFD1","green","PSME1","blue"
"TRAFD1","green","DHRS12","blue"
"RINT1","blue","DGCR8","green"
"RINT1","blue","NBAS","purple"
"RINT1","blue","MIA3","green"
"RINT1","blue","RPS6KA2","green"
"BACH2","blue","CCRL2","green"
"BACH2","blue","CD40","green"
"BACH2","blue","MAFB","green"
"BACH2","blue","GATA3","green"
"BACH2","blue","RUNX3","green"
"BACH2","blue","CLEC16A","purple"
"BACH2","blue","RNF4","purple"
"BACH2","blue","FOXP1","purple"
"LMO2","green","CCND2","purple"
"LMO2","green","CBFA2T2","blue"
"LMO2","green","LEF1","blue"
"LMO2","green","MAPRE2","purple"
"LMO2","green","MLLT10","blue"
"LMO2","green","BCL11B","blue"
"LMO2","green","RPRD2","purple"
"LMO2","green","ETS1","blue"
"LMO2","green","BCL2","blue"
"LMO2","green","SATB1","blue"
"LMO2","green","MYBL1","blue"
"LMO2","green","KMT2A","blue"
"LMO2","green","POLR2A","purple"
"LMO2","green","LCK","blue"
"LMO2","green","MYC","blue"
"LMO2","green","SAP18","blue"
"LMO2","green","SETBP1","blue"
"LMO2","green","FOXP1","purple"
"LMO2","green","PTCRA","blue"
"LMO2","green","GCSAM","blue"
"NAT10","purple","DDX60L","green"
"NAT10","purple","IPO5","blue"
"NAT10","purple","HERC2","blue"
"NAT10","purple","UTP20","blue"
"NAT10","purple","NAF1","blue"
"NAT10","purple","NUP205","blue"
"NAT10","purple","MRNIP","blue"
"NAT10","purple","METAP1","blue"
"NAT10","purple","TRUB1","blue"
"NAT10","purple","TSR1","blue"
"NAT10","purple","WDR3","blue"
"NAT10","purple","ASH2L","blue"
"NAT10","purple","RRP15","blue"
"NAT10","purple","IFI16","green"
"NAT10","purple","MDN1","blue"
"NAT10","purple","DDX31","blue"
"NAT10","purple","POLR3A","blue"
"NAT10","purple","POLR1E","green"
"NAT10","purple","NFX1","blue"
"NAT10","purple","CHD3","blue"
"NAT10","purple","URB1","blue"
"NAT10","purple","DDX60","green"
"NAT10","purple","WDR6","blue"
"NAT10","purple","NLE1","blue"
"NAT10","purple","HELZ2","green"
"NAT10","purple","PUS7","blue"
"NAT10","purple","UTP25","blue"
"NAT10","purple","NSUN4","blue"
"NAT10","purple","RBM19","blue"
"NAT10","purple","POLR1B","blue"
"NAT10","purple","HNRNPC","blue"
"NAT10","purple","EARS2","blue"
"NAT10","purple","MORC2","blue"
"HTRA2","blue","HSPA9","purple"
"HTRA2","blue","CASP2","purple"
"HTRA2","blue","CASP7","green"
"HTRA2","blue","CD40","green"
"GNS","green","HEXB","blue"
"GNS","green","KYNU","blue"
"GNS","green","GLB1","blue"
"GNS","green","CTSA","blue"
"GNS","green","PSAP","blue"
"GNS","green","COL4A3","blue"
"GNS","green","ARRB1","blue"
"GNS","green","SIMC1","purple"
"GNS","green","NPC2","blue"
"GNS","green","AP1M2","blue"
"GNS","green","HGSNAT","purple"
"URB2","blue","PPRC1","purple"
"URB2","blue","GEMIN4","purple"
"URB2","blue","RRP1B","purple"
"URB2","blue","LARS2","purple"
"SP110","green","KAT7","purple"
"SP110","green","NCL","purple"
"SP110","green","BRPF3","purple"
"SP110","green","PSMB9","blue"
"SP110","green","SH3BP2","blue"
"SP110","green","IL12RB1","blue"
"MRPL44","green","POLR1A","purple"
"MRPL44","green","EIF5B","purple"
"MRPL44","green","MRNIP","blue"
"MRPL44","green","MRPL33","blue"
"MRPL44","green","TSR1","blue"
"MRPL44","green","AURKAIP1","blue"
"MRPL44","green","PDCD11","purple"
"MRPL44","green","MTG2","blue"
"MRPL44","green","EXOSC10","purple"
"MRPL44","green","LYRM7","blue"
"MRPL44","green","MAPK9","blue"
"MRPL44","green","MALSU1","blue"
"MRPL44","green","NSUN4","blue"
"MRPL44","green","MTERF4","blue"
"MRPL44","green","MRPL28","blue"
"MRPL44","green","AIFM3","blue"
"MRPL44","green","SQOR","blue"
"REV1","blue","UBE2L6","green"
"REV1","blue","DDB1","purple"
"REV1","blue","UBA7","green"
"REV1","blue","HSP90AB1","purple"
"REV1","blue","POLA1","purple"
"REV1","blue","RFC1","purple"
"REV1","blue","FANCA","green"
"REV1","blue","ISG15","green"
"REV1","blue","INO80","purple"
"EDAR","blue","CD40","green"
"IGF2BP3","green","LRPPRC","blue"
"IGF2BP3","green","CDK6","blue"
"IGF2BP3","green","CPSF6","blue"
"IGF2BP3","green","METTL3","blue"
"IGF2BP3","green","NFATC3","purple"
"IGF2BP3","green","PTGDR","blue"
"IGF2BP3","green","TNRC6C","blue"
"IGF2BP3","green","DHX9","purple"
"IGF2BP3","green","G3BP1","blue"
"IGF2BP3","green","CBLL1","purple"
"IGF2BP3","green","FTO","blue"
"IGF2BP3","green","HNRNPC","blue"
"IGF2BP3","green","MYC","blue"
"TEX2","blue","PCNT","purple"
"KAT7","purple","ATM","blue"
"KAT7","purple","KAT6B","blue"
"KAT7","purple","H2AZ1","blue"
"KAT7","purple","ATMIN","blue"
"KAT7","purple","YEATS2","blue"
"KAT7","purple","ZBTB2","blue"
"KAT7","purple","H2BC21","green"
"KAT7","purple","GTF3C4","blue"
"KAT7","purple","MLLT3","blue"
"KAT7","purple","BRD1","blue"
"KAT7","purple","KMT2A","blue"
"KAT7","purple","MYC","blue"
"KAT7","purple","ING5","blue"
"KAT7","purple","NUCKS1","blue"
"RTP4","green","IFITM1","blue"
"RTP4","green","PSMB9","blue"
"RTP4","green","PSMB8","blue"
"RTP4","green","SDHB","blue"
"RTP4","green","IFITM3","blue"
"RTP4","green","PARP15","blue"
"IL1RN","green","CSTA","blue"
"IL1RN","green","IL7R","blue"
"IL1RN","green","PLAUR","blue"
"IL1RN","green","S100A8","blue"
"IL1RN","green","S100A9","blue"
"IL1RN","green","CD40LG","blue"
"IL1RN","green","TNFRSF25","blue"
"IL1RN","green","GSDMD","blue"
"TOR1B","green","GHITM","blue"
"TOR1B","green","TNFRSF25","blue"
"TOR1B","green","HLA-A","blue"
"TOR1B","green","HLA-B","blue"
"RIPK1","green","TRAF5","blue"
"RIPK1","green","ATM","blue"
"RIPK1","green","LY96","blue"
"RIPK1","green","ANXA5","blue"
"RIPK1","green","RRM1","purple"
"RIPK1","green","SIRPG","blue"
"RIPK1","green","CASP2","purple"
"RIPK1","green","SPHK1","blue"
"RIPK1","green","BID","blue"
"RIPK1","green","TNIP2","blue"
"RIPK1","green","RNF135","blue"
"RIPK1","green","ATG7","blue"
"RIPK1","green","TRIM4","blue"
"RIPK1","green","RBCK1","blue"
"RIPK1","green","PARP1","purple"
"RIPK1","green","CTSS","blue"
"RIPK1","green","HSP90AB1","purple"
"RIPK1","green","TRAF1","blue"
"RIPK1","green","PIM2","blue"
"RIPK1","green","TNFRSF25","blue"
"RIPK1","green","ATG16L1","blue"
"RIPK1","green","BCL2","blue"
"RIPK1","green","CD14","blue"
"RIPK1","green","SARM1","blue"
"RIPK1","green","GSDMD","blue"
"RIPK1","green","RTL10","blue"
"RIPK1","green","URGCP","purple"
"HLA-F","blue","NLRC5","green"
"HLA-F","blue","BTN3A1","green"
"HLA-F","blue","STAT2","green"
"HLA-F","blue","LILRB1","green"
"HLA-F","blue","TAP1","green"
"HLA-F","blue","STAT1","green"
"HLA-F","blue","GBP2","green"
"HLA-F","blue","GBP1","green"
"HLA-F","blue","TAP2","green"
"HLA-F","blue","SEC31A","purple"
"HLA-F","blue","IRF9","green"
"HLA-F","blue","MR1","green"
"HLA-F","blue","SAMHD1","green"
"HLA-F","blue","ISG15","green"
"HLA-F","blue","B2M","green"
"DDX60L","green","NOL6","purple"
"DDX60L","green","WDR3","blue"
"DDX60L","green","EIF3A","purple"
"DDX60L","green","PDCD11","purple"
"DDX60L","green","BMS1","purple"
"DDX60L","green","EXOSC10","purple"
"DDX60L","green","NOP14","purple"
"NDUFAF1","blue","RPAP1","purple"
"NDUFAF1","blue","DNMT1","purple"
"TUBGCP4","blue","PCNT","purple"
"TUBGCP4","blue","POLA1","purple"
"LRPPRC","blue","HSPA9","purple"
"LRPPRC","blue","EPRS1","purple"
"LRPPRC","blue","IARS1","purple"
"LRPPRC","blue","CBLL1","purple"
"LRPPRC","blue","ILF3","purple"
"LRPPRC","blue","SART3","purple"
"WBP11","purple","ZMAT2","blue"
"WBP11","purple","TCERG1","blue"
"WBP11","purple","RNGTT","blue"
"WBP11","purple","BUD31","blue"
"WBP11","purple","PIK3R1","blue"
"WBP11","purple","SNW1","blue"
"CCND2","purple","LEF1","blue"
"CCND2","purple","CDK6","blue"
"CCND2","purple","ATM","blue"
"CCND2","purple","KIT","green"
"CCND2","purple","ANXA5","blue"
"CCND2","purple","AXIN2","blue"
"CCND2","purple","MAF","blue"
"CCND2","purple","PTCH1","blue"
"CCND2","purple","TNRC6C","blue"
"CCND2","purple","MAFB","green"
"CCND2","purple","RBL1","blue"
"CCND2","purple","KDM2B","blue"
"CCND2","purple","FOXO1","blue"
"CCND2","purple","TNRC6A","blue"
"CCND2","purple","BCL2","blue"
"CCND2","purple","MOV10","green"
"CCND2","purple","TFDP2","blue"
"CCND2","purple","MYBL1","blue"
"CCND2","purple","CASP1","green"
"CCND2","purple","MYC","blue"
"CCND2","purple","SOCS1","green"
"CCND2","purple","TAF4B","blue"
"CCND2","purple","AKT3","blue"
"PSMC1","blue","KPNB1","green"
"PSMC1","blue","DDB1","purple"
"PSMC1","blue","HUWE1","purple"
"PSMC1","blue","HTT","purple"
"PSMC1","blue","BAG3","purple"
"PSMC1","blue","HSP90AB1","purple"
"PSMC1","blue","CD40","green"
"PSMC1","blue","RUNX3","green"
"PSMC1","blue","SUMO2","purple"
"PSMC1","blue","NUB1","green"
"CLEC2D","blue","CCRL2","green"
"CLEC2D","blue","H2BC21","green"
"CLEC2D","blue","TIGIT","green"
"XYLT1","blue","SDC3","green"
"XYLT1","blue","AGRN","green"
"NUP133","purple","IPO5","blue"
"NUP133","purple","CSE1L","blue"
"NUP133","purple","PML","green"
"NUP133","purple","NUP205","blue"
"NUP133","purple","KPNB1","green"
"NUP133","purple","U2AF1","blue"
"NUP133","purple","THOC7","blue"
"NUP133","purple","EML4","blue"
"NUP133","purple","SP100","green"
"NUP133","purple","DDX20","blue"
"NUP133","purple","NDC1","blue"
"NUP133","purple","NUP160","blue"
"NUP133","purple","G3BP1","blue"
"NUP133","purple","INCENP","blue"
"NUP133","purple","POM121","blue"
"NUP133","purple","SENP1","blue"
"NUP133","purple","HNRNPC","blue"
"NUP133","purple","MYC","blue"
"NUP133","purple","SMPD4","blue"
"NUP133","purple","SFI1","blue"
"HEXB","blue","LARS1","purple"
"TRAF5","blue","USP7","purple"
"TRAF5","blue","TIFA","green"
"TRAF5","blue","CD40","green"
"TRAF5","blue","DDX58","green"
"TRAF5","blue","IRF7","green"
"TRAF5","blue","MAP2K6","green"
"RORA","blue","CCRL2","green"
"RORA","blue","MAGED1","purple"
"RORA","blue","GATA3","green"
"RORA","blue","SUMO1","purple"
"RORA","blue","PIAS3","purple"
"RORA","blue","CSNK1E","green"
"RORA","blue","SUMO2","purple"
"IPO5","blue","POLR1A","purple"
"IPO5","blue","XPO5","purple"
"IPO5","blue","EIF5B","purple"
"IPO5","blue","KPNB1","green"
"IPO5","blue","NOL6","purple"
"IPO5","blue","EZR","purple"
"IPO5","blue","RRP1B","purple"
"IPO5","blue","HEATR1","purple"
"IPO5","blue","PARP1","purple"
"IPO5","blue","EPRS1","purple"
"IPO5","blue","EIF3A","purple"
"IPO5","blue","NOP14","purple"
"IPO5","blue","RNF4","purple"
"HERC2","blue","H2BC5","green"
"HERC2","blue","HUWE1","purple"
"HERC2","blue","EIF3A","purple"
"HERC2","blue","H2BC21","green"
"HERC2","blue","MDC1","purple"
"HERC2","blue","DNAJA1","green"
"HERC2","blue","SUMO1","purple"
"HERC2","blue","SUMO2","purple"
"HERC2","blue","RNF4","purple"
"HERC2","blue","APBA2","green"
"HERC2","blue","DOCK10","purple"
"CYBA","blue","RUBCN","green"
"CYBA","blue","CYBB","green"
"UTP20","blue","POLR1A","purple"
"UTP20","blue","NOL6","purple"
"UTP20","blue","NCL","purple"
"UTP20","blue","RRP1B","purple"
"UTP20","blue","HEATR1","purple"
"UTP20","blue","DKC1","purple"
"UTP20","blue","PDCD11","purple"
"UTP20","blue","BMS1","purple"
"UTP20","blue","EXOSC10","purple"
"UTP20","blue","POLR1E","green"
"UTP20","blue","MYBBP1A","purple"
"UTP20","blue","NOLC1","purple"
"UTP20","blue","NOP14","purple"
"UTP20","blue","HELZ2","green"
"UTP20","blue","DDX24","purple"
"UTP20","blue","DDX27","purple"
"UTP20","blue","KRI1","purple"
"AARS1","purple","TARS3","blue"
"AARS1","purple","ANAPC1","blue"
"AARS1","purple","WARS1","green"
"AARS1","purple","STAT1","green"
"AARS1","purple","POLR3A","blue"
"AARS1","purple","PRPS1","green"
"AARS1","purple","ASNS","blue"
"AARS1","purple","GATC","blue"
"AARS1","purple","EARS2","blue"
"AARS1","purple","TENT4A","blue"
"AARS1","purple","RNMT","blue"
"TRIP4","blue","SNRNP200","purple"
"TRIP4","blue","POLR2A","purple"
"PARP16","green","PARP1","purple"
"PARP16","green","ADPRHL2","blue"
"PARP16","green","PARP15","blue"
"PARP16","green","ZNF76","blue"
"SNX1","blue","RAB8A","green"
"RAB11A","blue","RAB11FIP3","green"
"RAB11A","blue","SGSM2","green"
"RAB11A","blue","RAB8A","green"
"RAB11A","blue","MADD","purple"
"RAB11A","blue","EZR","purple"
"RAB11A","blue","HTT","purple"
"RAB11A","blue","DYNC1H1","purple"
"RAB11A","blue","PCNT","purple"
"RAB11A","blue","ALDH18A1","purple"
"RAB11A","blue","HSP90AB1","purple"
"RAB11A","blue","TGFBRAP1","purple"
"RAB11A","blue","CSNK1E","green"
"RAB11A","blue","CKAP5","purple"
"RAB11A","blue","SGSM1","green"
"LACTB","green","TUB","blue"
"LACTB","green","C3orf18","blue"
"LACTB","green","ZFP90","blue"
"SMARCD3","green","DIDO1","blue"
"SMARCD3","green","MFGE8","blue"
"SMARCD3","green","SMAD3","blue"
"SMARCD3","green","BCL11B","blue"
"SMARCD3","green","G0S2","blue"
"SMARCD3","green","USF1","blue"
"SMARCD3","green","MDC1","purple"
"SMARCD3","green","SMARCA2","purple"
"SMARCD3","green","SIN3A","purple"
"SMARCD3","green","SMARCC2","purple"
"PKD1","blue","RAB11FIP3","green"
"PKD1","blue","RAB8A","green"
"PKD1","blue","ANKS3","green"
"PKD1","blue","STAT1","green"
"RAB11FIP3","green","ARF4","blue"
"RAB11FIP3","green","EZR","purple"
"RAB11FIP3","green","HOOK1","blue"
"RAB11FIP3","green","BICDL1","blue"
"RAB11FIP3","green","KIF3A","blue"
"RAB11FIP3","green","BICD1","blue"
"RAB11FIP3","green","KLHDC8B","blue"
"DNAJA3","blue","HSPA9","purple"
"DNAJA3","blue","HSP90AB1","purple"
"DNAJA3","blue","DNAJC1","green"
"DNAJA3","blue","DNAJA1","green"
"DNAJA3","blue","HYOU1","purple"
"ERP44","green","HSPA9","purple"
"ERP44","green","PRDX3","purple"
"ERP44","green","LMAN2","blue"
"ERP44","green","ARF4","blue"
"ERP44","green","SEC63","blue"
"ERP44","green","ITPR3","blue"
"ERP44","green","EDEM2","blue"
"ERP44","green","TXN","blue"
"ERP44","green","RER1","blue"
"ERP44","green","HYOU1","purple"
"NLRC5","green","RNF135","blue"
"NLRC5","green","TRIM4","blue"
"NLRC5","green","NLRC3","blue"
"NLRC5","green","PSMB9","blue"
"NLRC5","green","PSMB8","blue"
"NLRC5","green","HLA-C","blue"
"NLRC5","green","HLA-E","blue"
"NLRC5","green","HLA-A","blue"
"NLRC5","green","HLA-B","blue"
"SRCAP","purple","H2AZ1","blue"
"SRCAP","purple","YEATS2","blue"
"SRCAP","purple","ASH2L","blue"
"SRCAP","purple","H2BC21","green"
"SRCAP","purple","ZNHIT6","blue"
"SRCAP","purple","KDM2B","blue"
"SRCAP","purple","TFPT","blue"
"SRCAP","purple","G3BP1","blue"
"SRCAP","purple","APOBEC3G","green"
"SRCAP","purple","KMT2A","blue"
"SETD1A","purple","DIDO1","blue"
"SETD1A","purple","KAT6B","blue"
"SETD1A","purple","H2BC5","green"
"SETD1A","purple","H2AZ1","blue"
"SETD1A","purple","WDR82","blue"
"SETD1A","purple","TNRC6C","blue"
"SETD1A","purple","ASH2L","blue"
"SETD1A","purple","H2BC12","blue"
"SETD1A","purple","USF1","blue"
"SETD1A","purple","H2BC21","green"
"SETD1A","purple","RBBP4","blue"
"SETD1A","purple","RBM12","blue"
"SETD1A","purple","KDM2B","blue"
"SETD1A","purple","MLLT3","blue"
"SETD1A","purple","PSIP1","blue"
"SETD1A","purple","LRCH1","blue"
"SETD1A","purple","TNRC6A","blue"
"SETD1A","purple","PAXIP1","blue"
"SETD1A","purple","KANSL3","blue"
"SETD1A","purple","MOV10","green"
"SETD1A","purple","WSB2","green"
"SETD1A","purple","KANSL2","blue"
"SETD1A","purple","NCAPD3","blue"
"SETD1A","purple","KMT2A","blue"
"SETD1A","purple","MYC","blue"
"SETD1A","purple","ISG15","green"
"SETD1A","purple","KDM4C","blue"
"SETD1A","purple","ACSL6","blue"
"SETD1A","purple","SETBP1","blue"
"CBFA2T2","blue","SIN3A","purple"
"CELSR1","blue","ADAR","green"
"LGALS3BP","green","ANXA5","blue"
"LGALS3BP","green","LTBP3","blue"
"LGALS3BP","green","CD248","blue"
"LGALS3BP","green","CD151","blue"
"LGALS3BP","green","HP","blue"
"LGALS3BP","green","S100A9","blue"
"LGALS3BP","green","G3BP1","blue"
"LGALS3BP","green","LGALS9","blue"
"ARPC1A","blue","NOL6","purple"
"ARPC1A","blue","NCAPD2","purple"
"ARPC1A","blue","FCGR1A","green"
"ARPC1A","blue","BMS1","purple"
"ARPC1A","blue","NOP14","purple"
"ARPC1A","blue","CYFIP2","purple"
"CSE1L","blue","XPO5","purple"
"CSE1L","blue","KPNB1","green"
"CSE1L","blue","RRM1","purple"
"CSE1L","blue","HUWE1","purple"
"CSE1L","blue","PARP1","purple"
"CSE1L","blue","LARS1","purple"
"CSE1L","blue","CKAP5","purple"
"EEF2K","blue","RPTOR","purple"
"EEF2K","blue","HSP90AB1","purple"
"EEF2K","blue","EIF4B","green"
"SMG6","purple","SGSM2","green"
"SMG6","purple","C2orf68","blue"
"SMG6","purple","ZC3H12A","blue"
"SMG6","purple","MAPKBP1","blue"
"SMG6","purple","HNRNPC","blue"
"SMG6","purple","CTC1","blue"
"CCDC6","blue","EZR","purple"
"CCDC6","blue","USP7","purple"
"PRKCQ","blue","ZAP70","green"
"PRKCQ","blue","EZR","purple"
"PRKCQ","blue","GATA3","green"
"PRKCQ","blue","CLEC16A","purple"
"UFD1","blue","HUWE1","purple"
"UFD1","blue","SYVN1","purple"
"UFD1","blue","RFC1","purple"
"UFD1","blue","SUMO1","purple"
"UFD1","blue","SUMO2","purple"
"UFD1","blue","RNF4","purple"
"UFD1","blue","ISG15","green"
"DGCR8","green","XPO5","purple"
"DGCR8","green","TSEN2","blue"
"DGCR8","green","NOL6","purple"
"DGCR8","green","WRN","blue"
"DGCR8","green","METTL3","blue"
"DGCR8","green","NCL","purple"
"DGCR8","green","GEMIN4","purple"
"DGCR8","green","SIRT7","blue"
"DGCR8","green","PURA","blue"
"DGCR8","green","SMAD3","blue"
"DGCR8","green","FOXK2","blue"
"DGCR8","green","DHX9","purple"
"DGCR8","green","DDX20","blue"
"DGCR8","green","MDC1","purple"
"DGCR8","green","TNRC6A","blue"
"DGCR8","green","ILF3","purple"
"DGCR8","green","FTO","blue"
"DGCR8","green","DROSHA","purple"
"DGCR8","green","HNRNPC","blue"
"DGCR8","green","MYC","blue"
"DGCR8","green","TNPO2","blue"
"DESI1","blue","SUMO1","purple"
"DESI1","blue","SUMO2","purple"
"DESI1","blue","RNF4","purple"
"DESI1","blue","NT5C3A","green"
"LIG1","blue","CAD","purple"
"LIG1","blue","POLB","green"
"LIG1","blue","RRM1","purple"
"LIG1","blue","DDB1","purple"
"LIG1","blue","NCAPD2","purple"
"LIG1","blue","USP7","purple"
"LIG1","blue","DNMT1","purple"
"LIG1","blue","PARP1","purple"
"LIG1","blue","MDC1","purple"
"LIG1","blue","POLA1","purple"
"LIG1","blue","RFC1","purple"
"LIG1","blue","FANCA","green"
"LIG1","blue","POLR2A","purple"
"LIG1","blue","MCM3","purple"
"LIG1","blue","DCAF7","purple"
"LY9","blue","ZAP70","green"
"LY9","blue","SLAMF8","green"
"LY9","blue","SLAMF7","green"
"LY9","blue","ATP1A1","purple"
"NAPA","blue","NBAS","purple"
"NAPA","blue","VAMP5","green"
"NAPA","blue","GORASP1","green"
"NAPA","blue","SPTBN1","purple"
"NAPA","blue","SPTAN1","purple"
"ITPKC","blue","CD40","green"
"ITPKC","blue","PLCH2","green"
"FAM32A","blue","DHX38","purple"
"FAM32A","blue","SRRM2","purple"
"FAM32A","blue","SNRNP200","purple"
"FAM32A","blue","SRRM1","purple"
"FAM32A","blue","PRPF8","purple"
"FAM32A","blue","PCMT1","purple"
"PARP12","green","PARP1","purple"
"PARP12","green","EPRS1","purple"
"PARP12","green","ADPRHL2","blue"
"PARP12","green","PARP15","blue"
"PTPN4","blue","MECP2","green"
"PTPN4","blue","ABHD15","green"
"SRBD1","green","ZNF512","blue"
"SRBD1","green","RRP15","blue"
"SRBD1","green","POLR1B","blue"
"SRBD1","green","TMEM263","blue"
"SRBD1","green","ZNF827","blue"
"FNBP4","blue","SRRM1","purple"
"FNBP4","blue","FNBP1","purple"
"WDR76","blue","POLR1A","purple"
"WDR76","blue","H2BC5","green"
"WDR76","blue","DDB1","purple"
"WDR76","blue","USP7","purple"
"WDR76","blue","SPTBN1","purple"
"WDR76","blue","TRRAP","purple"
"WDR76","blue","PARP1","purple"
"WDR76","blue","DHX9","purple"
"WDR76","blue","POLA1","purple"
"WDR76","blue","DNAJA1","green"
"WDR76","blue","RFC1","purple"
"WDR76","blue","NUMA1","purple"
"WDR76","blue","ATP1A1","purple"
"WDR76","blue","SPTAN1","purple"
"OSBP","purple","NPC1","blue"
"OSBP","purple","SERPING1","green"
"OSBP","purple","PATL1","green"
"OSBP","purple","SLC25A23","blue"
"OSBP","purple","CD5","blue"
"OSBP","purple","VPS13A","blue"
"OSBP","purple","PSTPIP2","green"
"OSBP","purple","ZFYVE27","blue"
"OSBP","purple","NPC2","blue"
"OSBP","purple","GRAMD1B","green"
"POLR1A","purple","NUP205","blue"
"POLR1A","purple","H2BC5","green"
"POLR1A","purple","MRNIP","blue"
"POLR1A","purple","MRPL33","blue"
"POLR1A","purple","METAP1","blue"
"POLR1A","purple","H2AZ1","blue"
"POLR1A","purple","TRUB1","blue"
"POLR1A","purple","POLR3E","blue"
"POLR1A","purple","TSR1","blue"
"POLR1A","purple","WDR3","blue"
"POLR1A","purple","POLE","blue"
"POLR1A","purple","SIRT7","blue"
"POLR1A","purple","H2BC12","blue"
"POLR1A","purple","LDLRAD4","blue"
"POLR1A","purple","RRP15","blue"
"POLR1A","purple","H2BC21","green"
"POLR1A","purple","MDN1","blue"
"POLR1A","purple","DDX31","blue"
"POLR1A","purple","POLR3A","blue"
"POLR1A","purple","ELP1","blue"
"POLR1A","purple","POLR1E","green"
"POLR1A","purple","URB1","blue"
"POLR1A","purple","WDR6","blue"
"POLR1A","purple","PPIP5K1","blue"
"POLR1A","purple","TCEA3","blue"
"POLR1A","purple","NLE1","blue"
"POLR1A","purple","PUS7","blue"
"POLR1A","purple","NSUN4","blue"
"POLR1A","purple","ATOX1","blue"
"POLR1A","purple","RBM19","blue"
"POLR1A","purple","POLR1B","blue"
"POLR1A","purple","EARS2","blue"
"POLR1A","purple","MYC","blue"
"POLR1A","purple","TNPO2","blue"
"USP13","blue","SMC1A","purple"
"USP13","blue","UBA7","green"
"USP13","blue","HUWE1","purple"
"USP13","blue","USP7","purple"
"USP13","blue","STAT1","green"
"USP13","blue","MDC1","purple"
"USP13","blue","RNF4","purple"
"USP13","blue","ISG15","green"
"EHBP1","blue","RAB8A","green"
"EHBP1","blue","MYOF","green"
"EHBP1","blue","SMTNL1","green"
"DGKD","green","ANK3","blue"
"DGKD","green","GPD1L","blue"
"DGKD","green","PJA1","purple"
"DGKD","green","PLCE1","blue"
"DGKD","green","AGPAT2","blue"
"DGKD","green","MAGED1","purple"
"DGKD","green","DGKA","blue"
"DGKD","green","ARRB1","blue"
"KYNU","blue","SF3B3","purple"
"KYNU","blue","IDO1","green"
"TXK","blue","KIT","green"
"TXK","blue","GATA3","green"
"TOP2B","blue","RRM1","purple"
"TOP2B","blue","FASN","purple"
"TOP2B","blue","SMC1A","purple"
"TOP2B","blue","NCAPD2","purple"
"TOP2B","blue","BAZ1B","purple"
"TOP2B","blue","PARP1","purple"
"TOP2B","blue","EPRS1","purple"
"TOP2B","blue","DKC1","purple"
"TOP2B","blue","ALDH18A1","purple"
"TOP2B","blue","IARS1","purple"
"TOP2B","blue","POLA1","purple"
"TOP2B","blue","SMARCA2","purple"
"TOP2B","blue","SUMO1","purple"
"TOP2B","blue","BRD2","purple"
"TOP2B","blue","ILF3","purple"
"TOP2B","blue","SUMO2","purple"
"TOP2B","blue","RNF4","purple"
"TOP2B","blue","SMARCC2","purple"
"TOP2B","blue","MCM3","purple"
"HERC6","green","IFITM1","blue"
"HERC6","green","PSMB9","blue"
"HERC5","green","IFITM1","blue"
"HERC5","green","IFITM3","blue"
"HERC5","green","FLNB","purple"
"HERC5","green","MYC","blue"
"CSTA","blue","BCL2A1","green"
"CSTA","blue","CTSL","green"
"CSTA","blue","CARD16","green"
"CSTA","blue","CASP1","green"
"UBE2S","blue","ATG3","green"
"UBE2S","blue","DDB1","purple"
"UBE2S","blue","UBA7","green"
"UBE2S","blue","HUWE1","purple"
"UBE2S","blue","USP7","purple"
"UBE2S","blue","BCOR","purple"
"UBE2S","blue","SUMO1","purple"
"UBE2S","blue","DCAF1","purple"
"UBE2S","blue","SUMO2","purple"
"UBE2S","blue","RNF4","purple"
"UBE2S","blue","ISG15","green"
"ASB1","green","COMMD5","blue"
"ASB1","green","KCTD7","blue"
"CNTNAP1","blue","SPTBN1","purple"
"CNTNAP1","blue","SPTAN1","purple"
"CNTNAP1","blue","CNP","green"
"CAD","purple","GLS2","blue"
"CAD","purple","PFAS","blue"
"CAD","purple","UPP1","blue"
"CAD","purple","ACACB","green"
"CAD","purple","PRPS1","green"
"CAD","purple","AZIN2","blue"
"CAD","purple","ASNS","blue"
"CAD","purple","PAICS","blue"
"CAD","purple","MEX3C","blue"
"CAD","purple","MYC","blue"
"CAD","purple","OXNAD1","blue"
"CAD","purple","CYB5RL","blue"
"PDCD6","purple","KLHL3","blue"
"PDCD6","purple","SEC31B","blue"
"PDCD6","purple","PEF1","blue"
"PDCD6","purple","KLHL42","blue"
"PDCD6","purple","DCTN2","blue"
"PDCD6","purple","MYC","blue"
"PDCD6","purple","GAN","blue"
"CEP72","blue","RAB8A","green"
"CEP72","blue","PCNT","purple"
"CEP72","blue","TPPP","green"
"MGAT4A","blue","MGAT5","purple"
"MGAT4A","blue","FAM20A","green"
"ZAP70","green","LEF1","blue"
"ZAP70","green","CD27","blue"
"ZAP70","green","ATM","blue"
"ZAP70","green","CD96","blue"
"ZAP70","green","TRAT1","blue"
"ZAP70","green","IL7R","blue"
"ZAP70","green","GPR171","blue"
"ZAP70","green","RASGRP1","blue"
"ZAP70","green","UBASH3A","blue"
"ZAP70","green","ICOS","blue"
"ZAP70","green","CD6","blue"
"ZAP70","green","SEPTIN1","blue"
"ZAP70","green","CD28","blue"
"ZAP70","green","IL21R","blue"
"ZAP70","green","EZR","purple"
"ZAP70","green","TCF7","blue"
"ZAP70","green","CD5","blue"
"ZAP70","green","IKZF3","blue"
"ZAP70","green","BCL11B","blue"
"ZAP70","green","STAT4","blue"
"ZAP70","green","NLRC3","blue"
"ZAP70","green","MTR","blue"
"ZAP70","green","SLAMF6","blue"
"ZAP70","green","FCRL3","blue"
"ZAP70","green","CD40LG","blue"
"ZAP70","green","PSMB9","blue"
"ZAP70","green","FOXP3","blue"
"ZAP70","green","RHOH","blue"
"ZAP70","green","LAT","blue"
"ZAP70","green","NFATC2","blue"
"ZAP70","green","CARD11","blue"
"ZAP70","green","PTK2B","blue"
"ZAP70","green","BCL2","blue"
"ZAP70","green","NFATC1","purple"
"ZAP70","green","SLC4A7","blue"
"ZAP70","green","ITK","blue"
"ZAP70","green","ITPKB","blue"
"ZAP70","green","SH3BP2","blue"
"ZAP70","green","PIK3R1","blue"
"ZAP70","green","CD3G","blue"
"ZAP70","green","SLAMF1","blue"
"ZAP70","green","LCK","blue"
"ZAP70","green","MYC","blue"
"ZAP70","green","BTK","blue"
"ZAP70","green","THEMIS","blue"
"ZAP70","green","CDC42","blue"
"ZAP70","green","SELL","blue"
"ZAP70","green","RALGAPA1","blue"
"ZAP70","green","SPN","purple"
"ZAP70","green","PTCRA","blue"
"ZAP70","green","CBLB","blue"
"BST1","blue","FCGR1A","green"
"BST1","blue","PPCS","purple"
"BST1","blue","NTNG2","green"
"BST1","blue","LY6E","green"
"RASGRF2","blue","CACNA1A","green"
"LEF1","blue","KIT","green"
"LEF1","blue","H2BC5","green"
"LEF1","blue","UBTF","purple"
"LEF1","blue","CASP2","purple"
"LEF1","blue","SAMD9L","green"
"LEF1","blue","TRRAP","purple"
"LEF1","blue","H2BC21","green"
"LEF1","blue","GATA3","green"
"LEF1","blue","RUNX3","green"
"LEF1","blue","NFATC1","purple"
"LEF1","blue","SOX13","green"
"XPO5","purple","CDK6","blue"
"XPO5","purple","NUP205","blue"
"XPO5","purple","KPNB1","green"
"XPO5","purple","AQP3","blue"
"XPO5","purple","TSR1","blue"
"XPO5","purple","RFWD3","blue"
"XPO5","purple","IPO9","blue"
"XPO5","purple","ADAR","green"
"XPO5","purple","MDN1","blue"
"XPO5","purple","DDX20","blue"
"XPO5","purple","POLR3A","blue"
"XPO5","purple","NUP160","blue"
"XPO5","purple","TNRC6A","blue"
"XPO5","purple","MOV10","green"
"XPO5","purple","POLR1B","blue"
"XPO5","purple","EARS2","blue"
"XPO5","purple","AP1M2","blue"
"XPO5","purple","MYC","blue"
"XPO5","purple","RSPH9","green"
"XPO5","purple","TNPO2","blue"
"POLB","green","ATM","blue"
"POLB","green","WRN","blue"
"POLB","green","POLD4","blue"
"POLB","green","BCKDHB","blue"
"POLB","green","POLE","blue"
"POLB","green","TDP1","blue"
"POLB","green","HUWE1","purple"
"POLB","green","PARP1","purple"
"POLB","green","RFC1","purple"
"POLB","green","TENT4A","blue"
"LAMP3","green","IL7R","blue"
"LAMP3","green","CD40LG","blue"
"LAMP3","green","FOXP3","blue"
"LAMP3","green","ABCA3","blue"
"ADAM22","blue","SPTBN1","purple"
"ADAM22","blue","MDC1","purple"
"ADAM22","blue","SPTAN1","purple"
"CDK6","blue","RRM1","purple"
"CDK6","blue","BCR","green"
"CDK6","blue","DNMT1","purple"
"CDK6","blue","PARP1","purple"
"CDK6","blue","CASP7","green"
"CDK6","blue","HSP90AB1","purple"
"CDK6","blue","CD274","green"
"CDK6","blue","SUMO1","purple"
"CDK6","blue","SIN3A","purple"
"CDK6","blue","IDH1","green"
"CDK6","blue","MOV10","green"
"CDK6","blue","DROSHA","purple"
"CDK6","blue","POLR2A","purple"
"CDK6","blue","MCM3","purple"
"DIDO1","blue","DHX38","purple"
"DIDO1","blue","H2BC5","green"
"DIDO1","blue","NCOA5","purple"
"DIDO1","blue","SRRM2","purple"
"DIDO1","blue","HCFC1","purple"
"DIDO1","blue","SNRNP200","purple"
"DIDO1","blue","SMC1A","purple"
"DIDO1","blue","TAF3","purple"
"DIDO1","blue","PHF8","purple"
"DIDO1","blue","DHX9","purple"
"DIDO1","blue","H2BC21","green"
"DIDO1","blue","CMTR1","green"
"DIDO1","blue","EP400","purple"
"DIDO1","blue","SEC31A","purple"
"DIDO1","blue","DCAF1","purple"
"DIDO1","blue","ZNF398","green"
"DIDO1","blue","SART3","purple"
"DIDO1","blue","SMARCC2","purple"
"CD27","blue","KIT","green"
"CD27","blue","BTN3A1","green"
"CD27","blue","LILRB1","green"
"CD27","blue","CCRL2","green"
"CD27","blue","STAT1","green"
"CD27","blue","SLAMF7","green"
"CD27","blue","DUSP5","green"
"CD27","blue","CD40","green"
"CD27","blue","GATA3","green"
"CD27","blue","TLR7","green"
"CD27","blue","CD274","green"
"CD27","blue","IL15RA","green"
"CD27","blue","PDCD1LG2","green"
"CD27","blue","RUNX3","green"
"CD27","blue","NFATC1","purple"
"CD27","blue","TIGIT","green"
"CD27","blue","IDO1","green"
"CD27","blue","B2M","green"
"CD27","blue","SPN","purple"
"AMIGO2","blue","SERPING1","green"
"PHLDA1","blue","DUSP5","green"
"CPSF6","blue","DHX38","purple"
"CPSF6","blue","SRRM2","purple"
"CPSF6","blue","BCR","green"
"CPSF6","blue","HCFC1","purple"
"CPSF6","blue","SNRNP200","purple"
"CPSF6","blue","SRRM1","purple"
"CPSF6","blue","MX2","green"
"CPSF6","blue","STAT1","green"
"CPSF6","blue","DHX9","purple"
"CPSF6","blue","ADAR","green"
"CPSF6","blue","RPRD2","purple"
"CPSF6","blue","MDC1","purple"
"CPSF6","blue","TRIM5","green"
"CPSF6","blue","UBAP2L","purple"
"CPSF6","blue","ILF3","purple"
"CPSF6","blue","SMARCC2","purple"
"CPSF6","blue","DDX42","purple"
"CPSF6","blue","SAMHD1","green"
"ESYT1","purple","ZBTB39","blue"
"ESYT1","purple","OSBPL3","blue"
"ESYT1","purple","YIF1B","blue"
"ESYT1","purple","ANKRD22","green"
"ESYT1","purple","FAM169A","blue"
"ESYT1","purple","PLXNA1","blue"
"ESYT1","purple","SLC4A7","blue"
"ESYT1","purple","SENP1","blue"
"ANKRD52","purple","CAMK4","blue"
"ANKRD52","purple","ZBTB39","blue"
"ANKRD52","purple","EML4","blue"
"ANKRD52","purple","FOXK1","blue"
"ANKRD52","purple","SIRT7","blue"
"TINF2","blue","H2BC5","green"
"TINF2","blue","KPNB1","green"
"TINF2","blue","SMC1A","purple"
"TINF2","blue","PARP1","purple"
"TINF2","blue","H2BC21","green"
"TINF2","blue","DKC1","purple"
"TINF2","blue","MDC1","purple"
"TINF2","blue","TCOF1","purple"
"TINF2","blue","POLA1","purple"
"TINF2","blue","RFC1","purple"
"BCL2A1","green","ANXA5","blue"
"BCL2A1","green","FASN","purple"
"BCL2A1","green","CASP2","purple"
"BCL2A1","green","BID","blue"
"BCL2A1","green","EML4","blue"
"BCL2A1","green","NR3C2","blue"
"BCL2A1","green","HSP90AB1","purple"
"BCL2A1","green","TRAF1","blue"
"BCL2A1","green","HLA-A","blue"
"BCL2A1","green","BCL2","blue"
"BCL2A1","green","HLA-B","blue"
"BCL2A1","green","MYC","blue"
"BCL2A1","green","BTK","blue"
"BCL2A1","green","RTL10","blue"
"BCL2A1","green","CRHR1-2","blue"
"PML","green","NUP205","blue"
"PML","green","ZFYVE9","blue"
"PML","green","TRAT1","blue"
"PML","green","H2AZ1","blue"
"PML","green","SMAD3","blue"
"PML","green","TNRC6C","blue"
"PML","green","USP7","purple"
"PML","green","HTT","purple"
"PML","green","H2BC12","blue"
"PML","green","BRPF3","purple"
"PML","green","GATAD2B","purple"
"PML","green","NDC1","blue"
"PML","green","NUP188","purple"
"PML","green","RBBP4","blue"
"PML","green","ITPR3","blue"
"PML","green","MDC1","purple"
"PML","green","NUP160","blue"
"PML","green","FOXO1","blue"
"PML","green","CHD3","blue"
"PML","green","SUMO1","purple"
"PML","green","NUMA1","purple"
"PML","green","POM121","blue"
"PML","green","TNRC6A","blue"
"PML","green","BCL2","blue"
"PML","green","SENP1","blue"
"PML","green","SATB1","blue"
"PML","green","SUMO2","purple"
"PML","green","BRD1","blue"
"PML","green","RNF4","purple"
"PML","green","MYC","blue"
"PML","green","ING5","blue"
"PML","green","TRIM66","blue"
"PML","green","AKT3","blue"
"PML","green","PRAM1","blue"
"MFGE8","blue","BTN3A1","green"
"MFGE8","blue","GAS6","green"
"MFGE8","blue","BTN2A2","green"
"MFGE8","blue","CD36","green"
"MFGE8","blue","FAM20A","green"
"MFGE8","blue","B2M","green"
"CRTC3","purple","SIK2","blue"
"CRTC3","purple","PRKACB","blue"
"CRTC3","purple","FOXO1","blue"
"CDR2","blue","DUSP5","green"
"DHX38","purple","ISY1","blue"
"DHX38","purple","NUP205","blue"
"DHX38","purple","U2AF1","blue"
"DHX38","purple","SEC63","blue"
"DHX38","purple","DDX20","blue"
"DHX38","purple","NTSR1","blue"
"DHX38","purple","NDC1","blue"
"DHX38","purple","CMTR1","green"
"DHX38","purple","NUP160","blue"
"DHX38","purple","POM121","blue"
"DHX38","purple","BUD31","blue"
"DHX38","purple","EIF4B","green"
"DHX38","purple","DDX46","blue"
"DHX38","purple","RBM19","blue"
"DHX38","purple","SNW1","blue"
"DHX38","purple","HNRNPC","blue"
"DHX38","purple","SNRPN","blue"
"TXNL4B","green","ZMAT2","blue"
"TXNL4B","green","TSR1","blue"
"TXNL4B","green","SF3B3","purple"
"TXNL4B","green","SNRNP200","purple"
"TXNL4B","green","PRPF8","purple"
"TXNL4B","green","SNRPN","blue"
"ZCCHC14","blue","DCUN1D3","green"
"ZCCHC14","blue","BRPF3","purple"
"SGSM2","green","RAB32","blue"
"NPC1","blue","HCFC1","purple"
"NPC1","blue","CTSL","green"
"NPC1","blue","HTT","purple"
"NPC1","blue","HSP90AB1","purple"
"NPC1","blue","GRAMD1B","green"
"ASGR1","blue","NCL","purple"
"ASGR1","blue","SIGLEC1","green"
"SECTM1","blue","BATF2","green"
"ZCCHC2","green","TENT4A","blue"
"ZCCHC2","green","ZNF891","blue"
"MOB3C","green","RNGTT","blue"
"MOB3C","green","CMTM3","blue"
"CELSR2","blue","MIA3","green"
"MPC2","blue","MPC1","purple"
"MPC2","blue","MAGED1","purple"
"JTB","blue","EZR","purple"
"JTB","blue","EPRS1","purple"
"SLC27A3","blue","CD36","green"
"GALM","green","DLAT","blue"
"GALM","green","HK3","blue"
"GALM","green","GLB1","blue"
"GALM","green","IL11RA","blue"
"GALM","green","TMEM63A","blue"
"OTOF","green","UBE2J2","blue"
"OTOF","green","AP2S1","blue"
"OTOF","green","SERP1","blue"
"ACKR3","blue","CCR1","green"
"ACKR3","blue","STAT1","green"
"ACKR3","blue","CD40","green"
"LRIG1","blue","ZHX2","purple"
"ISY1","blue","PPRC1","purple"
"ISY1","blue","SRRM2","purple"
"ISY1","blue","SF3B3","purple"
"ISY1","blue","SNRNP200","purple"
"ISY1","blue","DHX9","purple"
"ISY1","blue","EIF3A","purple"
"ISY1","blue","PRPF8","purple"
"NAF1","blue","DKC1","purple"
"NAF1","blue","NOLC1","purple"
"NAF1","blue","NOP14","purple"
"PCYOX1L","purple","ZNF248","blue"
"ZMAT2","blue","SRRM2","purple"
"ZMAT2","blue","SF3B3","purple"
"ZMAT2","blue","SNRNP200","purple"
"ZMAT2","blue","SRRM1","purple"
"ZMAT2","blue","DHX9","purple"
"ZMAT2","blue","SMARCC2","purple"
"ZMAT2","blue","PRPF8","purple"
"NFKBIE","blue","CD40","green"
"EPHA1","blue","CACNA1A","green"
"ABLIM1","blue","DCAF7","purple"
"PPRC1","purple","TCERG1","blue"
"PPRC1","purple","PPARD","blue"
"PPRC1","purple","LSM10","blue"
"PPRC1","purple","TEX10","blue"
"PPRC1","purple","ESRRA","blue"
"PPRC1","purple","BUD31","blue"
"PPRC1","purple","SNW1","blue"
"PPRC1","purple","MYC","blue"
"PPRC1","purple","SNRPN","blue"
"SERPING1","green","IFITM1","blue"
"SERPING1","green","CD5","blue"
"SERPING1","green","HP","blue"
"SERPING1","green","AHNAK","blue"
"SERPING1","green","TMSB4X","blue"
"SERPING1","green","IFITM3","blue"
"NPAT","blue","TRRAP","purple"
"NPAT","blue","H2BC21","green"
"ATM","blue","KIT","green"
"ATM","blue","H2BC5","green"
"ATM","blue","RRM1","purple"
"ATM","blue","DDB1","purple"
"ATM","blue","RPTOR","purple"
"ATM","blue","RMI2","green"
"ATM","blue","CASP2","purple"
"ATM","blue","NCL","purple"
"ATM","blue","ZMYM3","purple"
"ATM","blue","SMC1A","purple"
"ATM","blue","HUWE1","purple"
"ATM","blue","BAZ1B","purple"
"ATM","blue","SP100","green"
"ATM","blue","USP7","purple"
"ATM","blue","HTT","purple"
"ATM","blue","DNMT1","purple"
"ATM","blue","TRRAP","purple"
"ATM","blue","STAT1","green"
"ATM","blue","PARP1","purple"
"ATM","blue","H2BC21","green"
"ATM","blue","CASP7","green"
"ATM","blue","HSP90AB1","purple"
"ATM","blue","MDC1","purple"
"ATM","blue","GATA3","green"
"ATM","blue","CD274","green"
"ATM","blue","RFC1","purple"
"ATM","blue","SMARCA2","purple"
"ATM","blue","FANCA","green"
"ATM","blue","EP400","purple"
"ATM","blue","SUMO1","purple"
"ATM","blue","SIN3A","purple"
"ATM","blue","IDH1","green"
"ATM","blue","DCAF1","purple"
"ATM","blue","SUMO2","purple"
"ATM","blue","DROSHA","purple"
"ATM","blue","RNF4","purple"
"ATM","blue","POLR2A","purple"
"ATM","blue","SAMHD1","green"
"ATM","blue","SOCS1","green"
"ATM","blue","IFIH1","green"
"ATM","blue","B2M","green"
"ATM","blue","MCM3","purple"
"ARID5B","blue","PHF8","purple"
"ARID5B","blue","GATA3","green"
"ARID5B","blue","P2RY8","purple"
"ARID5B","blue","SMARCA2","purple"
"KIAA1328","blue","PCNT","purple"
"KIAA1328","blue","PARP9","green"
"DLAT","blue","HSPA9","purple"
"DLAT","blue","PRDX3","purple"
"DLAT","blue","FASN","purple"
"DLAT","blue","ACO1","green"
"DLAT","blue","ACACB","green"
"DLAT","blue","SP100","green"
"DLAT","blue","MPC1","purple"
"DLAT","blue","EPRS1","purple"
"DLAT","blue","ALDH18A1","purple"
"DLAT","blue","PRPS1","green"
"DLAT","blue","PITRM1","purple"
"DLAT","blue","IDH1","green"
"RILPL2","blue","RAB8A","green"
"ANK3","blue","EZR","purple"
"ANK3","blue","HTT","purple"
"ANK3","blue","SPTBN1","purple"
"ANK3","blue","PARP1","purple"
"ANK3","blue","AGRN","green"
"ANK3","blue","BRD2","purple"
"ANK3","blue","DISC1","green"
"ANK3","blue","FLNB","purple"
"ANK3","blue","DDX42","purple"
"ANK3","blue","SPTAN1","purple"
"ANK3","blue","TRANK1","green"
"DIP2C","blue","FASN","purple"
"DIP2C","blue","UBAP2","purple"
"DIP2C","blue","STOML1","green"
"ACAD8","blue","FASN","purple"
"ACAD8","blue","STOML1","green"
"NBAS","purple","VAMP5","green"
"NBAS","purple","KIF1C","blue"
"NBAS","purple","TMED9","blue"
"NBAS","purple","KIF21A","blue"
"NBAS","purple","KIF3A","blue"
"NBAS","purple","C19orf25","blue"
"EPHA4","blue","SIPA1L1","green"
"EPHA4","blue","MAP2K6","green"
"MGAT5","purple","MGAT1","blue"
"MGAT5","purple","MGAT4B","blue"
"MGAT5","purple","MAN1C1","blue"
"MGAT5","purple","LGALS9","blue"
"CAMK4","blue","NFATC1","purple"
"CAMK4","blue","MECP2","green"
"GPD1L","blue","AGPAT3","green"
"GPD1L","blue","EPRS1","purple"
"GPD1L","blue","ALDH18A1","purple"
"JADE2","purple","KAT6B","blue"
"JADE2","purple","ING5","blue"
"CD96","blue","LILRB1","green"
"CD96","blue","SLAMF7","green"
"CD96","blue","CD274","green"
"CD96","blue","PDCD1LG2","green"
"CD96","blue","TIGIT","green"
"CD96","blue","IDO1","green"
"ATG3","green","FYCO1","blue"
"ATG3","green","ANXA5","blue"
"ATG3","green","RPTOR","purple"
"ATG3","green","ATG7","blue"
"ATG3","green","WDR45","blue"
"ATG3","green","PIK3R4","purple"
"ATG3","green","PSMD4","blue"
"ATG3","green","CTSS","blue"
"ATG3","green","BAG3","purple"
"ATG3","green","PDIK1L","blue"
"ATG3","green","SYVN1","purple"
"ATG3","green","ATG16L1","blue"
"ATG3","green","BCL2","blue"
"ATG3","green","ATG9B","blue"
"UBP1","blue","USP7","purple"
"UBP1","blue","DDX42","purple"
"DGKE","blue","AGPAT3","green"
"MSI2","blue","RRM1","purple"
"MSI2","blue","CALCOCO2","green"
"GPR15","blue","CCR1","green"
"GPR15","blue","GPR84","green"
"TOMM70","blue","HSPA9","purple"
"TOMM70","blue","HSP90AB1","purple"
"TOMM70","blue","DNAJA1","green"
"TOMM70","blue","SOCS1","green"
"LY96","blue","STAT1","green"
"LY96","blue","AIM2","green"
"LY96","blue","HSP90AB1","purple"
"LY96","blue","CD40","green"
"LY96","blue","C1QC","green"
"LY96","blue","DDX58","green"
"LY96","blue","TLR7","green"
"LY96","blue","IRF7","green"
"LY96","blue","CD36","green"
"LY96","blue","CASP1","green"
"LY96","blue","IFIH1","green"
"TSEN2","blue","DHX9","purple"
"TSEN2","blue","ERN1","green"
"TSEN2","blue","FNBP1","purple"
"TSEN2","blue","DROSHA","purple"
"SLFN13","blue","IFIT1","green"
"SLFN13","blue","IFIT3","green"
"SLFN13","blue","RSAD2","green"
"SLFN13","blue","OAS1","green"
"WNT7A","blue","FOXP1","purple"
"LONP2","blue","HSPA9","purple"
"LONP2","blue","DDB1","purple"
"LONP2","blue","EPRS1","purple"
"LONP2","blue","HSP90AB1","purple"
"LONP2","blue","FBXO6","green"
"LONP2","blue","STOML1","green"
"LONP2","blue","RSPH9","green"
"LONP2","blue","DCAF7","purple"
"GEMIN5","purple","NUP205","blue"
"GEMIN5","purple","KPNB1","green"
"GEMIN5","purple","PATL1","green"
"GEMIN5","purple","LSM10","blue"
"GEMIN5","purple","DDX20","blue"
"GEMIN5","purple","NDC1","blue"
"GEMIN5","purple","DDX31","blue"
"GEMIN5","purple","NUP160","blue"
"GEMIN5","purple","G3BP1","blue"
"GEMIN5","purple","POM121","blue"
"GEMIN5","purple","EIF4B","green"
"GEMIN5","purple","PUS7","blue"
"GEMIN5","purple","SNRPN","blue"
"NUP205","blue","KPNB1","green"
"NUP205","blue","NCOA5","purple"
"NUP205","blue","HSPA9","purple"
"NUP205","blue","GCN1","purple"
"NUP205","blue","GEMIN4","purple"
"NUP205","blue","NCAPD2","purple"
"NUP205","blue","SRRM1","purple"
"NUP205","blue","RRP1B","purple"
"NUP205","blue","SP100","green"
"NUP205","blue","HEATR1","purple"
"NUP205","blue","EPRS1","purple"
"NUP205","blue","NUP188","purple"
"NUP205","blue","POLA1","purple"
"NUP205","blue","SUMO1","purple"
"NUP205","blue","SUMO2","purple"
"NUP205","blue","MCM3","purple"
"CASP10","green","ANXA5","blue"
"CASP10","green","CASP2","purple"
"CASP10","green","BID","blue"
"CASP10","green","RNF135","blue"
"CASP10","green","EZR","purple"
"CASP10","green","TRIM4","blue"
"CASP10","green","PARP1","purple"
"CASP10","green","TRAF1","blue"
"CASP10","green","BCL2","blue"
"SCAF4","purple","TNRC6C","blue"
"SCAF4","purple","PLAUR","blue"
"SCAF4","purple","RNGTT","blue"
"SCAF4","purple","TENT4A","blue"
"SCAF4","purple","RNMT","blue"
"UBE2L6","green","PRDX3","purple"
"UBE2L6","green","IFITM1","blue"
"UBE2L6","green","ATG7","blue"
"UBE2L6","green","RBCK1","blue"
"UBE2L6","green","ARIH2","blue"
"UBE2L6","green","PSMB10","blue"
"UBE2L6","green","POLH","blue"
"UBE2L6","green","PSMB9","blue"
"UBE2L6","green","PSMB8","blue"
"UBE2L6","green","RFC1","purple"
"UBE2L6","green","PSME1","blue"
"UBE2L6","green","SUMO1","purple"
"UBE2L6","green","IFITM3","blue"
"UBE2L6","green","UBE2J2","blue"
"UBE2L6","green","SUMO2","purple"
"UBE2L6","green","FLNB","purple"
"UBE2L6","green","RNF4","purple"
"KAT6B","blue","H2BC5","green"
"KAT6B","blue","BRPF3","purple"
"KAT6B","blue","TRRAP","purple"
"KAT6B","blue","H2BC21","green"
"KAT6B","blue","EP400","purple"
"KIT","green","U2AF1","blue"
"KIT","green","ANXA5","blue"
"KIT","green","IL7R","blue"
"KIT","green","EML4","blue"
"KIT","green","CD28","blue"
"KIT","green","PTCH1","blue"
"KIT","green","CD5","blue"
"KIT","green","PARP1","purple"
"KIT","green","PIK3C2B","blue"
"KIT","green","SDHC","blue"
"KIT","green","HSP90AB1","purple"
"KIT","green","TET1","blue"
"KIT","green","SDHB","blue"
"KIT","green","ASXL1","blue"
"KIT","green","FOXP3","blue"
"KIT","green","CA6","blue"
"KIT","green","MLLT3","blue"
"KIT","green","RHOH","blue"
"KIT","green","ETS1","blue"
"KIT","green","PDGFD","blue"
"KIT","green","BCL2","blue"
"KIT","green","ITGA6","blue"
"KIT","green","ITK","blue"
"KIT","green","PMEL","blue"
"KIT","green","PRKCA","blue"
"KIT","green","EFNA4","blue"
"KIT","green","PIK3R1","blue"
"KIT","green","KMT2A","blue"
"KIT","green","ENO2","blue"
"KIT","green","SLAMF1","blue"
"KIT","green","LCK","blue"
"KIT","green","ABCB1","blue"
"KIT","green","MYC","blue"
"KIT","green","BTK","blue"
"KIT","green","CDC42","blue"
"KIT","green","SELL","blue"
"KIT","green","SPN","purple"
"KIT","green","SETBP1","blue"
"KIT","green","AKT3","blue"
"H2BC5","green","H2AZ1","blue"
"H2BC5","green","UBTF","purple"
"H2BC5","green","TUB","blue"
"H2BC5","green","NCL","purple"
"H2BC5","green","SMC1A","purple"
"H2BC5","green","BCL9L","blue"
"H2BC5","green","TNRC6C","blue"
"H2BC5","green","H1-2","blue"
"H2BC5","green","TAF9B","blue"
"H2BC5","green","TCF7","blue"
"H2BC5","green","ASH2L","blue"
"H2BC5","green","BAZ1B","purple"
"H2BC5","green","H2BC12","blue"
"H2BC5","green","SAP130","purple"
"H2BC5","green","PHF8","purple"
"H2BC5","green","DNMT1","purple"
"H2BC5","green","TRRAP","purple"
"H2BC5","green","CUX1","blue"
"H2BC5","green","ADARB1","blue"
"H2BC5","green","PARP1","purple"
"H2BC5","green","GATAD2B","purple"
"H2BC5","green","RBBP4","blue"
"H2BC5","green","MDC1","purple"
"H2BC5","green","CHD3","blue"
"H2BC5","green","MYBBP1A","purple"
"H2BC5","green","SUMO1","purple"
"H2BC5","green","SIN3A","purple"
"H2BC5","green","TNRC6A","blue"
"H2BC5","green","BCL2","blue"
"H2BC5","green","PAXIP1","blue"
"H2BC5","green","MTA3","blue"
"H2BC5","green","BRMS1","blue"
"H2BC5","green","SUMO2","purple"
"H2BC5","green","RNF4","purple"
"H2BC5","green","NCAPD3","blue"
"H2BC5","green","KMT2A","blue"
"H2BC5","green","POLR1B","blue"
"H2BC5","green","POLR2A","purple"
"H2BC5","green","APBB1","blue"
"H2BC5","green","MYC","blue"
"H2BC5","green","SAP18","blue"
"H2BC5","green","KDM4C","blue"
"H2BC5","green","PHC1","blue"
"H2BC5","green","REC8","blue"
"BTN3A1","green","TRAT1","blue"
"BTN3A1","green","FDPS","blue"
"BTN3A1","green","PSMB9","blue"
"BTN3A1","green","HLA-C","blue"
"BTN3A1","green","HLA-E","blue"
"BTN3A1","green","HLA-A","blue"
"BTN3A1","green","HLA-B","blue"
"BTN3A1","green","FOXP1","purple"
"EIF5B","purple","MRNIP","blue"
"EIF5B","purple","MRPL33","blue"
"EIF5B","purple","TRUB1","blue"
"EIF5B","purple","PATL1","green"
"EIF5B","purple","TSR1","blue"
"EIF5B","purple","TARS3","blue"
"EIF5B","purple","WARS1","green"
"EIF5B","purple","RNGTT","blue"
"EIF5B","purple","MTG2","blue"
"EIF5B","purple","DDX31","blue"
"EIF5B","purple","POLR3A","blue"
"EIF5B","purple","TET1","blue"
"EIF5B","purple","HABP4","blue"
"EIF5B","purple","SDHB","blue"
"EIF5B","purple","EIF4B","green"
"EIF5B","purple","IDH1","green"
"EIF5B","purple","IFI35","green"
"EIF5B","purple","EIF1","blue"
"EIF5B","purple","POLR1B","blue"
"EIF5B","purple","EARS2","blue"
"EIF5B","purple","MYC","blue"
"NCF1","blue","CBR1","green"
"NCF1","blue","FCGR1A","green"
"NCF1","blue","CYBB","green"
"NCF1","blue","GLRX","green"
"NCF1","blue","CD36","green"
"NCF1","blue","IDO1","green"
"NCF1","blue","CASP1","green"
"SLAMF8","green","SLAMF6","blue"
"SLAMF8","green","HABP4","blue"
"SLAMF8","green","SLAMF1","blue"
"KPNB1","green","NCOA5","purple"
"KPNB1","green","HSPA9","purple"
"KPNB1","green","TRUB1","blue"
"KPNB1","green","TSR1","blue"
"KPNB1","green","DDB1","purple"
"KPNB1","green","NCL","purple"
"KPNB1","green","H1-2","blue"
"KPNB1","green","HUWE1","purple"
"KPNB1","green","ATP6V1H","blue"
"KPNB1","green","IPO9","blue"
"KPNB1","green","PSMD4","blue"
"KPNB1","green","EIF3A","purple"
"KPNB1","green","DKC1","purple"
"KPNB1","green","DDX20","blue"
"KPNB1","green","NDC1","blue"
"KPNB1","green","HSP90AB1","purple"
"KPNB1","green","NUP188","purple"
"KPNB1","green","RCAN3","blue"
"KPNB1","green","CUL4A","blue"
"KPNB1","green","EXOSC10","purple"
"KPNB1","green","NUP160","blue"
"KPNB1","green","MYBBP1A","purple"
"KPNB1","green","SUMO1","purple"
"KPNB1","green","NUMA1","purple"
"KPNB1","green","G3BP1","blue"
"KPNB1","green","POM121","blue"
"KPNB1","green","TNRC6A","blue"
"KPNB1","green","NOLC1","purple"
"KPNB1","green","SENP1","blue"
"KPNB1","green","ILF3","purple"
"KPNB1","green","HNRNPC","blue"
"KPNB1","green","TNPO2","blue"
"NCOA5","purple","ZBTB2","blue"
"NCOA5","purple","NUP160","blue"
"NCOA5","purple","CHD3","blue"
"NCOA5","purple","HTATIP2","blue"
"NCOA5","purple","TNPO2","blue"
"OGFR","blue","HELZ2","green"
"CBR1","green","FASN","purple"
"CBR1","green","TXN","blue"
"CBR1","green","HLCS","blue"
"CBR1","green","CRYZ","blue"
"STARD9","blue","UBAP2","purple"
"MED8","blue","SMC1A","purple"
"MED8","blue","TAF3","purple"
"MED8","blue","ETV7","green"
"MED8","blue","GTF2B","purple"
"MED8","blue","CD36","green"
"MED8","blue","HELZ2","green"
"MED8","blue","POLR2A","purple"
"MED8","blue","H4C8","green"
"U2AF1","blue","SRRM2","purple"
"U2AF1","blue","SF3B3","purple"
"U2AF1","blue","SNRNP200","purple"
"U2AF1","blue","SMC1A","purple"
"U2AF1","blue","SRRM1","purple"
"U2AF1","blue","DHX9","purple"
"U2AF1","blue","NUP188","purple"
"U2AF1","blue","IDH1","green"
"U2AF1","blue","ILF3","purple"
"U2AF1","blue","PRPF8","purple"
"PDXK","blue","EZR","purple"
"PDXK","blue","RRP1B","purple"
"PDXK","blue","EPRS1","purple"
"AGPAT3","green","FASN","purple"
"AGPAT3","green","DGKH","blue"
"AGPAT3","green","AGPAT2","blue"
"AGPAT3","green","DGKA","blue"
"AGPAT3","green","ACSL6","blue"
"AGPAT3","green","AGK","blue"
"TMEM199","blue","ATP6V1G1","purple"
"TMEM199","blue","ERLIN1","green"
"HK3","blue","CYBB","green"
"HK3","blue","GPR84","green"
"MRNIP","blue","NOL6","purple"
"MRNIP","blue","GCN1","purple"
"MRNIP","blue","ACO1","green"
"MRNIP","blue","HEATR1","purple"
"MRNIP","blue","EPRS1","purple"
"MRNIP","blue","EIF3A","purple"
"MRNIP","blue","DKC1","purple"
"MRNIP","blue","PDCD11","purple"
"MRNIP","blue","IFI44L","green"
"MRNIP","blue","BMS1","purple"
"MRNIP","blue","EXOSC10","purple"
"MRNIP","blue","IFI35","green"
"MRNIP","blue","NOP14","purple"
"MRNIP","blue","DROSHA","purple"
"MRNIP","blue","ISG15","green"
"ZNF382","blue","SRRM2","purple"
"USP24","blue","DDB1","purple"
"USP24","blue","USP7","purple"
"ZNF496","green","YEATS2","blue"
"ZNF496","green","SUMO2","purple"
"CAPN2","blue","CASP2","purple"
"CAPN2","blue","MYOF","green"
"CAPN2","blue","CASP7","green"
"CAPN2","blue","BAK1","green"
"CAPN2","blue","LARS1","purple"
"CAPN2","blue","CASP1","green"
"CAPN2","blue","SPTAN1","purple"
"WDCP","blue","SEC31A","purple"
"TRAT1","blue","RAB8A","green"
"TRAT1","blue","SP100","green"
"TRAT1","blue","TRIM38","green"
"TRAT1","blue","AIM2","green"
"TRAT1","blue","DDX58","green"
"TRAT1","blue","TRIM22","green"
"TRAT1","blue","TRIM5","green"
"TRAT1","blue","TRIM6","green"
"TRAT1","blue","RSAD2","green"
"TRAT1","blue","IRF7","green"
"TRAT1","blue","APOBEC3G","green"
"TRAT1","blue","TRIM32","green"
"TRAT1","blue","CASP1","green"
"TRAT1","blue","SAMHD1","green"
"TRAT1","blue","SOCS1","green"
"TRAT1","blue","ISG15","green"
"TRAT1","blue","IFIH1","green"
"TRAT1","blue","TRIM69","green"
"EIF5A2","blue","GCN1","purple"
"EIF5A2","blue","RRM1","purple"
"EIF5A2","blue","EPRS1","purple"
"EIF5A2","blue","PDCD11","purple"
"EIF5A2","blue","ALDH18A1","purple"
"EIF5A2","blue","PRPS1","green"
"EIF5A2","blue","EIF4B","green"
"EIF5A2","blue","IFI35","green"
"ABI2","blue","ALDH18A1","purple"
"ABI2","blue","INPP5E","green"
"ABI2","blue","TRIM32","green"
"ABI2","blue","CYFIP2","purple"
"THOC7","blue","SRRM1","purple"
"THOC7","blue","NUP188","purple"
"MRPL33","blue","ACO1","green"
"MRPL33","blue","EPRS1","purple"
"MRPL33","blue","PDCD11","purple"
"MRPL33","blue","IFI44L","green"
"MRPL33","blue","DROSHA","purple"
"FYCO1","blue","TDRD7","green"
"FYCO1","blue","PIK3R4","purple"
"FYCO1","blue","CALCOCO2","green"
"CCR1","green","IL7R","blue"
"CCR1","green","PNMA1","blue"
"CCR1","green","CCR4","blue"
"CCR1","green","STAT4","blue"
"CCR1","green","CD300A","blue"
"CCR1","green","CTSS","blue"
"CCR1","green","CD40LG","blue"
"CCR1","green","AIF1","blue"
"CCR1","green","FOXP3","blue"
"CCR1","green","LGALS9","blue"
"CCR1","green","NFATC2","blue"
"CCR1","green","CD14","blue"
"CCR1","green","ARRB1","blue"
"CCR1","green","IL12RB1","blue"
"CCR1","green","BTK","blue"
"CCR1","green","SELL","blue"
"CCR1","green","ZNF253","blue"
"CCR1","green","CCL28","blue"
"DTX3L","green","PARP1","purple"
"DTX3L","green","PSMB9","blue"
"DTX3L","green","PARP15","blue"
"RUBCN","green","ATG7","blue"
"RUBCN","green","PIK3R4","purple"
"RUBCN","green","ATG16L1","blue"
"RUBCN","green","GLIPR2","blue"
"METAP1","blue","HEATR1","purple"
"METAP1","blue","EPRS1","purple"
"METAP1","blue","DKC1","purple"
"METAP1","blue","ALDH18A1","purple"
"METAP1","blue","PRPS1","green"
"METAP1","blue","EXOSC10","purple"
"METAP1","blue","PITRM1","purple"
"METAP1","blue","LARS1","purple"
"METAP1","blue","IFI35","green"
"H2AZ1","blue","RRM1","purple"
"H2AZ1","blue","DDB1","purple"
"H2AZ1","blue","UBTF","purple"
"H2AZ1","blue","HCFC1","purple"
"H2AZ1","blue","RAI1","purple"
"H2AZ1","blue","SMC1A","purple"
"H2AZ1","blue","TAF3","purple"
"H2AZ1","blue","BAZ1B","purple"
"H2AZ1","blue","SAP130","purple"
"H2AZ1","blue","PHF8","purple"
"H2AZ1","blue","DNMT1","purple"
"H2AZ1","blue","TRRAP","purple"
"H2AZ1","blue","PARP1","purple"
"H2AZ1","blue","GATAD2B","purple"
"H2AZ1","blue","H2BC21","green"
"H2AZ1","blue","GTF2B","purple"
"H2AZ1","blue","HSP90AB1","purple"
"H2AZ1","blue","MAFB","green"
"H2AZ1","blue","POLR1E","green"
"H2AZ1","blue","GATA3","green"
"H2AZ1","blue","MYBBP1A","purple"
"H2AZ1","blue","SMARCA2","purple"
"H2AZ1","blue","EP400","purple"
"H2AZ1","blue","SUMO1","purple"
"H2AZ1","blue","SIN3A","purple"
"H2AZ1","blue","BRD2","purple"
"H2AZ1","blue","MOV10","green"
"H2AZ1","blue","SUMO2","purple"
"H2AZ1","blue","RNF4","purple"
"H2AZ1","blue","SMARCC2","purple"
"H2AZ1","blue","POLR2A","purple"
"H2AZ1","blue","H4C8","green"
"H2AZ1","blue","MCM3","purple"
"H2AZ1","blue","INO80","purple"
"CAMP","blue","CCRL2","green"
"CAMP","blue","AIM2","green"
"CAMP","blue","H2BC21","green"
"CAMP","blue","CYBB","green"
"CAMP","blue","DDX58","green"
"CAMP","blue","TLR7","green"
"CAMP","blue","CASP1","green"
"SHISA5","blue","FAM20A","green"
"WDR82","blue","HCFC1","purple"
"WDR82","blue","HUWE1","purple"
"WDR82","blue","H2BC21","green"
"WDR82","blue","EP400","purple"
"WDR82","blue","WSB2","green"
"WDR82","blue","POLR2A","purple"
"ANXA5","blue","CASP2","purple"
"ANXA5","blue","GAS6","green"
"ANXA5","blue","BRPF3","purple"
"ANXA5","blue","DNMT1","purple"
"ANXA5","blue","STAT1","green"
"ANXA5","blue","PARP1","purple"
"ANXA5","blue","BAG3","purple"
"ANXA5","blue","H2BC21","green"
"ANXA5","blue","CASP7","green"
"ANXA5","blue","HSP90AB1","purple"
"ANXA5","blue","CD40","green"
"ANXA5","blue","BAK1","green"
"ANXA5","blue","SYVN1","purple"
"ANXA5","blue","CYBB","green"
"ANXA5","blue","CD274","green"
"ANXA5","blue","ERN1","green"
"ANXA5","blue","CD36","green"
"ANXA5","blue","CASP1","green"
"ANXA5","blue","B2M","green"
"ANXA5","blue","SPN","purple"
"TCERG1","blue","SRRM2","purple"
"TCERG1","blue","SF3B3","purple"
"TCERG1","blue","SNRNP200","purple"
"TCERG1","blue","NCL","purple"
"TCERG1","blue","SRRM1","purple"
"TCERG1","blue","HTT","purple"
"TCERG1","blue","HEATR1","purple"
"TCERG1","blue","DHX9","purple"
"TCERG1","blue","EIF3A","purple"
"TCERG1","blue","PRPF8","purple"
"TCERG1","blue","POLR2A","purple"
"TCERG1","blue","DDX42","purple"
"TCERG1","blue","KRI1","purple"
"HSPA9","purple","CFL2","blue"
"HSPA9","purple","ACO1","green"
"HSPA9","purple","GRPEL2","blue"
"HSPA9","purple","WARS1","green"
"HSPA9","purple","C3orf18","blue"
"HSPA9","purple","DENND2D","blue"
"HSPA9","purple","STAT4","blue"
"HSPA9","purple","COA6","blue"
"HSPA9","purple","SDHC","blue"
"HSPA9","purple","NDUFS2","blue"
"HSPA9","purple","S100A9","blue"
"HSPA9","purple","SEC63","blue"
"HSPA9","purple","NDC1","blue"
"HSPA9","purple","ITPR3","blue"
"HSPA9","purple","TXN","blue"
"HSPA9","purple","SDHB","blue"
"HSPA9","purple","DNAJC1","green"
"HSPA9","purple","DNAJC11","blue"
"HSPA9","purple","AHNAK","blue"
"HSPA9","purple","NUP160","blue"
"HSPA9","purple","LYRM7","blue"
"HSPA9","purple","DNAJA1","green"
"HSPA9","purple","GLRX","green"
"HSPA9","purple","G3BP1","blue"
"HSPA9","purple","POM121","blue"
"HSPA9","purple","BCL2","blue"
"HSPA9","purple","SLC25A12","blue"
"HSPA9","purple","ATF5","green"
"HSPA9","purple","TESPA1","blue"
"HSPA9","purple","EEF1D","blue"
"HSPA9","purple","ATP2A2","blue"
"HSPA9","purple","ETFA","blue"
"HSPA9","purple","MYC","blue"
"HSPA9","purple","REC8","blue"
"HSPA9","purple","MICU1","blue"
"HSPA9","purple","CALM2","blue"
"HSD3B7","blue","FASN","purple"
"ANKS6","blue","ANKS3","green"
"NOL6","purple","TRUB1","blue"
"NOL6","purple","TSR1","blue"
"NOL6","purple","WDR3","blue"
"NOL6","purple","ZNF512","blue"
"NOL6","purple","RRP15","blue"
"NOL6","purple","MDN1","blue"
"NOL6","purple","DDX31","blue"
"NOL6","purple","POLR3A","blue"
"NOL6","purple","ELP1","blue"
"NOL6","purple","TEX10","blue"
"NOL6","purple","POFUT1","blue"
"NOL6","purple","POLR1E","green"
"NOL6","purple","URB1","blue"
"NOL6","purple","DDX60","green"
"NOL6","purple","WDR6","blue"
"NOL6","purple","ARPC1B","blue"
"NOL6","purple","NLE1","blue"
"NOL6","purple","HELZ2","green"
"NOL6","purple","UTP25","blue"
"NOL6","purple","NSUN4","blue"
"NOL6","purple","RBM19","blue"
"NOL6","purple","POLR1B","blue"
"NOL6","purple","EARS2","blue"
"NOL6","purple","GPATCH8","blue"
"AQP3","blue","ALDH18A1","purple"
"AQP3","blue","CYBB","green"
"WRN","blue","DDB1","purple"
"WRN","blue","RMI2","green"
"WRN","blue","NCL","purple"
"WRN","blue","SMC1A","purple"
"WRN","blue","PARP1","purple"
"WRN","blue","DHX9","purple"
"WRN","blue","DKC1","purple"
"WRN","blue","ALDH18A1","purple"
"WRN","blue","MDC1","purple"
"WRN","blue","EXOSC10","purple"
"WRN","blue","POLA1","purple"
"WRN","blue","DDX58","green"
"WRN","blue","RFC1","purple"
"WRN","blue","SMARCA2","purple"
"WRN","blue","FANCA","green"
"WRN","blue","SUMO1","purple"
"WRN","blue","SUMO2","purple"
"WRN","blue","TREX1","green"
"WRN","blue","IFIH1","green"
"WRN","blue","INO80","purple"
"CFL2","blue","EZR","purple"
"CFL2","blue","HTT","purple"
"CFL2","blue","HSP90AB1","purple"
"CFL2","blue","FLNB","purple"
"CFL2","blue","B2M","green"
"CFL2","blue","ARHGAP35","purple"
"PGM2L1","blue","EPRS1","purple"
"PGM2L1","blue","ALDH18A1","purple"
"INPPL1","blue","STAT1","green"
"INPPL1","blue","FCGR1A","green"
"INPPL1","blue","FNBP1","purple"
"INPPL1","blue","FLNB","purple"
"PRDX3","purple","ACO1","green"
"PRDX3","purple","GRPEL2","blue"
"PRDX3","purple","SDHC","blue"
"PRDX3","purple","NDUFS2","blue"
"PRDX3","purple","GSTO1","blue"
"PRDX3","purple","TXN","blue"
"PRDX3","purple","SDHB","blue"
"PRDX3","purple","NDUFB6","blue"
"PRDX3","purple","GLRX","green"
"PRDX3","purple","IDH1","green"
"PRDX3","purple","ATOX1","blue"
"PRDX3","purple","ENO2","blue"
"PRDX3","purple","ETFA","blue"
"PRDX3","purple","NDUFB3","blue"
"PRDX3","purple","FBXO32","blue"
"KIAA1191","blue","NFATC3","purple"
"METTL3","blue","DNMT1","purple"
"METTL3","blue","ADAR","green"
"METTL3","blue","DNAJA1","green"
"METTL3","blue","CBLL1","purple"
"METTL3","blue","DROSHA","purple"
"METTL3","blue","POLR2A","purple"
"TRUB1","blue","HEATR1","purple"
"TRUB1","blue","EPRS1","purple"
"TRUB1","blue","DKC1","purple"
"TRUB1","blue","PDCD11","purple"
"TRUB1","blue","BMS1","purple"
"TRUB1","blue","POLR1E","green"
"TRUB1","blue","MYBBP1A","purple"
"TRUB1","blue","NOLC1","purple"
"TRUB1","blue","NOP14","purple"
"TRUB1","blue","DDX24","purple"
"TRUB1","blue","DDX27","purple"
"TRUB1","blue","KRI1","purple"
"CAPRIN2","blue","TDRD7","green"
"SMCO4","green","NEO1","blue"
"C2","green","FBLN5","blue"
"C2","green","PLEKHA1","blue"
"ATMIN","blue","MDC1","purple"
"CENPV","blue","SIN3A","purple"
"POLR3E","blue","RRP1B","purple"
"POLR3E","blue","POLR1E","green"
"POLR3E","blue","POLR2A","purple"
"ZBTB39","blue","ZNF398","green"
"NEMP1","blue","PANK2","green"
"NEMP1","blue","B2M","green"
"PATL1","green","DDX20","blue"
"PATL1","green","G3BP1","blue"
"PATL1","green","ATXN2L","purple"
"PATL1","green","TNRC6A","blue"
"PATL1","green","EIF4ENIF1","purple"
"PATL1","green","SART3","purple"
"MAPRE2","purple","ASXL1","blue"
"MAPRE2","purple","DCTN2","blue"
"GCN1","purple","WDR3","blue"
"GCN1","purple","SINHCAF","blue"
"GCN1","purple","POLR3A","blue"
"GCN1","purple","URB1","blue"
"GCN1","purple","UBAC2","blue"
"GCN1","purple","IFI35","green"
"GCN1","purple","POLR1B","blue"
"GCN1","purple","TMEM30B","blue"
"GCN1","purple","EARS2","blue"
"GCN1","purple","DDIT3","blue"
"NFATC3","purple","CD28","blue"
"NFATC3","purple","CD40LG","blue"
"NFATC3","purple","NFATC2","blue"
"NFATC3","purple","NUCB1","blue"
"NFATC3","purple","MAPK9","blue"
"RRM1","purple","POLE","blue"
"RRM1","purple","UPP1","blue"
"RRM1","purple","WDHD1","blue"
"RRM1","purple","TXN","blue"
"RRM1","purple","OTUD3","blue"
"RRM1","purple","GLRX","green"
"RRM1","purple","G3BP1","blue"
"RRM1","purple","INCENP","blue"
"RRM1","purple","PAICS","blue"
"RRM1","purple","NCAPD3","blue"
"RRM1","purple","POLR1B","blue"
"RRM1","purple","HNRNPC","blue"
"RRM1","purple","COASY","blue"
"RRM1","purple","MYC","blue"
"RRM1","purple","CASK","blue"
"RRM1","purple","B2M","green"
"RAB8A","green","ARF4","blue"
"RAB8A","green","MADD","purple"
"RAB8A","green","STX4","blue"
"RAB8A","green","OFD1","blue"
"RAB8A","green","KIAA0586","blue"
"RAB8A","green","HTT","purple"
"RAB8A","green","DYNC1H1","purple"
"RAB8A","green","PCNT","purple"
"RAB8A","green","RAB13","blue"
"RAB8A","green","HSP90AB1","purple"
"RAB8A","green","GRIPAP1","blue"
"RAB8A","green","CEP78","blue"
"RAB8A","green","TBC1D4","blue"
"RAB8A","green","GDI2","blue"
"RAB8A","green","KIF3A","blue"
"RAB8A","green","DCTN2","blue"
"RAB8A","green","CKAP5","purple"
"RAB8A","green","ALMS1","blue"
"RAB8A","green","RPGRIP1L","blue"
"RAB8A","green","TRAPPC3","blue"
"RAB8A","green","SFI1","blue"
"RAB8A","green","MICAL3","blue"
"PIEZO1","blue","MCM3","purple"
"SPINT2","blue","FOXP1","purple"
"TSR1","blue","NCL","purple"
"TSR1","blue","RRP1B","purple"
"TSR1","blue","HEATR1","purple"
"TSR1","blue","IFI16","green"
"TSR1","blue","GATAD2B","purple"
"TSR1","blue","DKC1","purple"
"TSR1","blue","PDCD11","purple"
"TSR1","blue","BMS1","purple"
"TSR1","blue","IARS1","purple"
"TSR1","blue","POLR1E","green"
"TSR1","blue","MYBBP1A","purple"
"TSR1","blue","LARS1","purple"
"TSR1","blue","CSNK1E","green"
"TSR1","blue","NOLC1","purple"
"TSR1","blue","NOP14","purple"
"TSR1","blue","POLR2A","purple"
"TSR1","blue","DDX24","purple"
"TSR1","blue","DDX27","purple"
"TSR1","blue","KRI1","purple"
"TSR1","blue","ADAMTSL4","green"
"SRRM2","purple","LSM10","blue"
"SRRM2","purple","ZKSCAN8","blue"
"SRRM2","purple","CMTR1","green"
"SRRM2","purple","BUD31","blue"
"SRRM2","purple","DDX46","blue"
"SRRM2","purple","PRPF40B","blue"
"SRRM2","purple","SNW1","blue"
"SRRM2","purple","HNRNPC","blue"
"SRRM2","purple","SAP18","blue"
"SRRM2","purple","SNRPN","blue"
"SRRM2","purple","GPATCH8","blue"
"DDB1","purple","WDR3","blue"
"DDB1","purple","POLD4","blue"
"DDB1","purple","STAT2","green"
"DDB1","purple","POLE","blue"
"DDB1","purple","SIRT7","blue"
"DDB1","purple","DYRK2","blue"
"DDB1","purple","IKZF3","blue"
"DDB1","purple","H2BC12","blue"
"DDB1","purple","DCAF4","blue"
"DDB1","purple","STAT1","green"
"DDB1","purple","H2BC21","green"
"DDB1","purple","BTRC","blue"
"DDB1","purple","RBBP4","blue"
"DDB1","purple","DCAF17","blue"
"DDB1","purple","CUL4A","blue"
"DDB1","purple","CEP78","blue"
"DDB1","purple","FBXO6","green"
"DDB1","purple","KDM2B","blue"
"DDB1","purple","TRIM5","green"
"DDB1","purple","DCAF16","blue"
"DDB1","purple","TFPT","blue"
"DDB1","purple","ATG16L1","blue"
"DDB1","purple","WDR6","blue"
"DDB1","purple","APOBEC3G","green"
"DDB1","purple","COMMD5","blue"
"DDB1","purple","DCAF11","blue"
"DDB1","purple","CRY2","blue"
"DDB1","purple","MYC","blue"
"DDB1","purple","H4C8","green"
"DDB1","purple","SAMHD1","green"
"DDB1","purple","IFIH1","green"
"DDB1","purple","FBXW8","blue"
"DDB1","purple","ACSL6","blue"
"LTBP3","blue","ADAMTSL4","green"
"TRIM35","blue","STAT1","green"
"TRIM35","blue","TRIM32","green"
"AXIN2","blue","ADAR","green"
"AXIN2","blue","CSNK1E","green"
"UBTF","purple","SIRT7","blue"
"UBTF","purple","H2BC12","blue"
"UBTF","purple","H2BC21","green"
"UBTF","purple","RBBP4","blue"
"UBTF","purple","POLR1E","green"
"UBTF","purple","NFX1","blue"
"UBTF","purple","CHD3","blue"
"UBTF","purple","RUNX3","green"
"UBTF","purple","MTA3","blue"
"UBTF","purple","MAPK9","blue"
"UBTF","purple","POLR1B","blue"
"UBTF","purple","MYC","blue"
"LMAN2","blue","GORASP1","green"
"LMAN2","blue","SEC31A","purple"
"PDS5A","blue","SMC1A","purple"
"PDS5A","blue","NCAPD2","purple"
"PDS5A","blue","USP7","purple"
"PDS5A","blue","POLA1","purple"
"PDS5A","blue","RFC1","purple"
"PDS5A","blue","SUMO2","purple"
"PDS5A","blue","RNF4","purple"
"BCR","green","MLLT10","blue"
"BCR","green","SEPTIN6","blue"
"BCR","green","BRPF3","purple"
"BCR","green","CUX1","blue"
"BCR","green","MLLT3","blue"
"BCR","green","POM121","blue"
"BCR","green","AFF3","blue"
"BCR","green","FNBP1","purple"
"BCR","green","PIK3R1","blue"
"BCR","green","KMT2A","blue"
"BCR","green","MYC","blue"
"BCR","green","CDC42","blue"
"N6AMT1","blue","DNMT1","purple"
"N6AMT1","blue","ALDH18A1","purple"
"N6AMT1","blue","H4C8","green"
"LRP8","blue","SDC3","green"
"LRP8","blue","AGRN","green"
"GTPBP2","green","WDR45","blue"
"GTPBP2","green","DCAF17","blue"
"GTPBP2","green","REPS1","purple"
"GTPBP2","green","COASY","blue"
"SMYD4","blue","DHRS3","green"
"RAB24","blue","PIK3R4","purple"
"RAB24","blue","SIMC1","purple"
"ANKS3","green","EML4","blue"
"FASN","purple","SIK2","blue"
"FASN","purple","PPARD","blue"
"FASN","purple","ACACB","green"
"FASN","purple","FDPS","blue"
"FASN","purple","USF1","blue"
"FASN","purple","ACADSB","blue"
"FASN","purple","ECHDC2","blue"
"FASN","purple","AGPAT2","blue"
"FASN","purple","PEF1","blue"
"FASN","purple","CYP4V2","blue"
"FASN","purple","FOXO1","blue"
"FASN","purple","CRYZL1","blue"
"FASN","purple","ASNS","blue"
"FASN","purple","IDH1","green"
"FASN","purple","CRYZ","blue"
"FASN","purple","CROT","blue"
"FASN","purple","CD36","green"
"FASN","purple","SUCLG2","blue"
"FASN","purple","EPHX2","blue"
"FASN","purple","HOMER3","blue"
"FASN","purple","ETFA","blue"
"FASN","purple","MYC","blue"
"FASN","purple","ACSL6","blue"
"FASN","purple","DHRS3","green"
"RETREG1","blue","CALCOCO2","green"
"NLGN2","blue","MECP2","green"
"NLGN2","blue","POLR2A","purple"
"S1PR1","blue","CCRL2","green"
"S1PR1","blue","ALDH18A1","purple"
"S1PR1","blue","RUNX3","green"
"S1PR1","blue","DOCK10","purple"
"TUB","blue","GAS6","green"
"TUB","blue","PCNT","purple"
"CNNM3","green","SLC41A1","purple"
"CNNM3","green","NIPAL3","blue"
"VAMP5","green","STX4","blue"
"VAMP5","green","PTPN13","blue"
"VAMP5","green","STX10","blue"
"VAMP5","green","DENND11","blue"
"SF3B3","purple","YEATS2","blue"
"SF3B3","purple","COG4","blue"
"SF3B3","purple","LSM10","blue"
"SF3B3","purple","TAF9B","blue"
"SF3B3","purple","ZMAT5","blue"
"SF3B3","purple","IPO9","blue"
"SF3B3","purple","TADA1","blue"
"SF3B3","purple","CUL4A","blue"
"SF3B3","purple","CHD3","blue"
"SF3B3","purple","BUD31","blue"
"SF3B3","purple","CMTM3","blue"
"SF3B3","purple","DDX46","blue"
"SF3B3","purple","PRPF40B","blue"
"SF3B3","purple","SNW1","blue"
"SF3B3","purple","HNRNPC","blue"
"SF3B3","purple","MYC","blue"
"SF3B3","purple","SNRPN","blue"
"ARF4","blue","DYNC1H1","purple"
"ARF4","blue","RUNX3","green"
"IL7R","blue","CCRL2","green"
"IL7R","blue","STAT1","green"
"IL7R","blue","FCGR1A","green"
"IL7R","blue","CD40","green"
"IL7R","blue","MAFB","green"
"IL7R","blue","GATA3","green"
"IL7R","blue","TLR7","green"
"IL7R","blue","P2RY8","purple"
"IL7R","blue","CD274","green"
"IL7R","blue","IL15RA","green"
"IL7R","blue","PDCD1LG2","green"
"IL7R","blue","MX1","green"
"IL7R","blue","RUNX3","green"
"IL7R","blue","CLEC16A","purple"
"IL7R","blue","TIGIT","green"
"IL7R","blue","IDO1","green"
"IL7R","blue","SOCS1","green"
"IL7R","blue","SPN","purple"
"ISG20","green","IFITM1","blue"
"ISG20","green","PSMB9","blue"
"ISG20","green","PSMB8","blue"
"ISG20","green","HLA-C","blue"
"ISG20","green","EXOSC10","purple"
"ISG20","green","SUMO1","purple"
"ISG20","green","IFITM3","blue"
"ISG20","green","HLA-B","blue"
"ISG20","green","DDX24","purple"
"SEMA4C","blue","SNRNP200","purple"
"GLB1","blue","HGSNAT","purple"
"YEATS2","blue","HCFC1","purple"
"YEATS2","blue","SAP130","purple"
"YEATS2","blue","TRRAP","purple"
"YEATS2","blue","GTF2B","purple"
"YEATS2","blue","EP400","purple"
"YEATS2","blue","UBAP2L","purple"
"RPTOR","purple","PRKAG1","blue"
"RPTOR","purple","KPTN","blue"
"RPTOR","purple","ETV7","green"
"RPTOR","purple","LAMTOR4","blue"
"RPTOR","purple","ATG7","blue"
"RPTOR","purple","ATP6V1H","blue"
"RPTOR","purple","CD300A","blue"
"RPTOR","purple","PRKACB","blue"
"RPTOR","purple","FOXO1","blue"
"RPTOR","purple","ATG16L1","blue"
"RPTOR","purple","G3BP1","blue"
"RPTOR","purple","BCL2","blue"
"RPTOR","purple","EIF4B","green"
"RPTOR","purple","SESN1","blue"
"RPTOR","purple","PRKCA","blue"
"RPTOR","purple","ATP6V0E2","blue"
"RPTOR","purple","RPS6KA2","green"
"RPTOR","purple","PIK3R1","blue"
"RPTOR","purple","ATP6V0E1","blue"
"RPTOR","purple","ATXN2","blue"
"RPTOR","purple","AKAP1","blue"
"RPTOR","purple","MYC","blue"
"RPTOR","purple","CDC42","blue"
"RPTOR","purple","FBXO32","blue"
"RPTOR","purple","AKT3","blue"
"MLLT10","blue","TRRAP","purple"
"MLLT10","blue","FNBP1","purple"
"ZBTB5","blue","BCOR","purple"
"DRAP1","blue","H2BC21","green"
"DRAP1","blue","GTF2B","purple"
"DRAP1","blue","WSB2","green"
"ZBTB4","purple","CASP7","green"
"ZBTB4","purple","MECP2","green"
"WDR3","blue","NCL","purple"
"WDR3","blue","YLPM1","purple"
"WDR3","blue","RRP1B","purple"
"WDR3","blue","HEATR1","purple"
"WDR3","blue","DKC1","purple"
"WDR3","blue","PDCD11","purple"
"WDR3","blue","BMS1","purple"
"WDR3","blue","EXOSC10","purple"
"WDR3","blue","POLR1E","green"
"WDR3","blue","MYBBP1A","purple"
"WDR3","blue","DDX60","green"
"WDR3","blue","NOLC1","purple"
"WDR3","blue","NOP14","purple"
"WDR3","blue","DDX24","purple"
"WDR3","blue","DDX27","purple"
"WDR3","blue","KRI1","purple"
"RGMB","blue","CD274","green"
"RGMB","blue","PDCD1LG2","green"
"P2RY14","green","PRKACB","blue"
"P2RY14","green","ALDH18A1","purple"
"P2RY14","green","IFITM3","blue"
"GPR171","blue","ALDH18A1","purple"
"GPR171","blue","TIGIT","green"
"RIC3","blue","TDRD7","green"
"UBE3C","blue","HUWE1","purple"
"ACO1","green","HP","blue"
"ACO1","green","SYNE1","blue"
"ACO1","green","SDHC","blue"
"ACO1","green","NDUFS2","blue"
"ACO1","green","ALDH18A1","purple"
"ACO1","green","ECHDC2","blue"
"ACO1","green","HMGCL","blue"
"ACO1","green","TXN","blue"
"ACO1","green","SDHB","blue"
"ACO1","green","LYRM7","blue"
"ACO1","green","MAPK9","blue"
"ACO1","green","HFE","blue"
"ACO1","green","SUCLG2","blue"
"ACO1","green","DROSHA","purple"
"ACO1","green","ENO2","blue"
"ACO1","green","ETFA","blue"
"ACO1","green","COASY","blue"
"ACO1","green","ACSL6","blue"
"ACO1","green","SLC25A28","blue"
"PDP2","blue","IDH1","green"
"HCFC1","purple","FOXK1","blue"
"HCFC1","purple","FOXK2","blue"
"HCFC1","purple","ASH2L","blue"
"HCFC1","purple","MAX","blue"
"HCFC1","purple","USF1","blue"
"HCFC1","purple","H2BC21","green"
"HCFC1","purple","RBBP4","blue"
"HCFC1","purple","TEX10","blue"
"HCFC1","purple","ASXL1","blue"
"HCFC1","purple","DDAH2","blue"
"HCFC1","purple","MLLT3","blue"
"HCFC1","purple","PSIP1","blue"
"HCFC1","purple","SLC7A1","blue"
"HCFC1","purple","RENBP","blue"
"HCFC1","purple","PAXIP1","blue"
"HCFC1","purple","MECP2","green"
"HCFC1","purple","KANSL3","blue"
"HCFC1","purple","KANSL2","blue"
"HCFC1","purple","NCAPD3","blue"
"HCFC1","purple","KMT2A","blue"
"HCFC1","purple","MYC","blue"
"ZNF622","blue","EZR","purple"
"ZNF622","blue","RRP1B","purple"
"RASGRP1","blue","RASA3","purple"
"RASGRP1","blue","PDCD1LG2","green"
"RASGRP1","blue","CACNA1A","green"
"RMI2","green","POLD4","blue"
"RMI2","green","POLE","blue"
"RMI2","green","WDHD1","blue"
"RMI2","green","POLH","blue"
"RMI2","green","RFC1","purple"
"RMI2","green","CLEC16A","purple"
"RMI2","green","MCM3","purple"
"GLS2","blue","CNDP2","green"
"GLS2","blue","EPRS1","purple"
"GLS2","blue","ALDH18A1","purple"
"GLS2","blue","CARNS1","green"
"GLS2","blue","IDH1","green"
"GLS2","blue","SAT1","green"
"CTSF","green","BID","blue"
"CTSF","green","CTSS","blue"
"CTSF","green","CTSA","blue"
"CTSF","green","PSAP","blue"
"CTSF","green","BCL2","blue"
"CTSF","green","KCTD7","blue"
"PPARD","blue","C1QB","green"
"PPARD","blue","ACACB","green"
"PPARD","blue","STAT1","green"
"PPARD","blue","C1QA","green"
"PPARD","blue","PITRM1","purple"
"PPARD","blue","CD36","green"
"PPARD","blue","HELZ2","green"
"PPARD","blue","SMARCC2","purple"
"MADD","purple","RAB13","blue"
"MADD","purple","DENND1A","blue"
"MADD","purple","GDI2","blue"
"CD200R1","blue","FCGR1A","green"
"CD200R1","blue","CD40","green"
"CD200R1","blue","CD274","green"
"CD200R1","blue","PDCD1LG2","green"
"CD200R1","blue","TIGIT","green"
"CD200R1","blue","IDO1","green"
"POLD4","blue","POLA1","purple"
"POLD4","blue","RFC1","purple"
"POLD4","blue","SUMO2","purple"
"POLD4","blue","ISG15","green"
"POLD4","blue","MCM3","purple"
"ZHX3","blue","ZHX2","purple"
"KLHL3","blue","NUB1","green"
"CASP2","purple","BID","blue"
"CASP2","purple","AIM2","green"
"CASP2","purple","CASP7","green"
"CASP2","purple","BEX3","blue"
"CASP2","purple","TRAF1","blue"
"CASP2","purple","BAK1","green"
"CASP2","purple","BCL2","blue"
"CASP2","purple","ERN1","green"
"CASP2","purple","CASP1","green"
"CASP2","purple","RTL10","blue"
"PANK2","green","PPCDC","blue"
"PANK2","green","WDR45","blue"
"PANK2","green","VPS13A","blue"
"PANK2","green","PPCS","purple"
"PANK2","green","DCAF17","blue"
"PANK2","green","REPS1","purple"
"PANK2","green","COASY","blue"
"PFAS","blue","PRPS1","green"
"PFAS","blue","DDX58","green"
"ALS2CL","blue","ATXN2L","purple"
"SPHK1","blue","TIFA","green"
"SPHK1","blue","SGPL1","green"
"SPHK1","blue","CD36","green"
"USP20","blue","RNF4","purple"
"USP20","blue","APBA2","green"
"GORASP1","green","DYNC1H1","purple"
"GORASP1","green","SEC31A","purple"
"GORASP1","green","DCTN2","blue"
"GORASP1","green","FBXW8","blue"
"C1QB","green","CTSS","blue"
"C1QB","green","PSMB9","blue"
"C1QB","green","AIF1","blue"
"C1QB","green","GPR183","blue"
"C1QB","green","CD14","blue"
"C1QB","green","MS4A6A","blue"
"WDR35","blue","CACNA1A","green"
"WDR35","blue","TTC21A","green"
"ZHX2","purple","SAP18","blue"
"ZHX2","purple","RAB5IF","blue"
"SGPP2","blue","SGPL1","green"
"METAP1D","blue","PDCD11","purple"
"STAT2","green","IFITM1","blue"
"STAT2","green","IP6K2","blue"
"STAT2","green","STAT4","blue"
"STAT2","green","PSMB9","blue"
"STAT2","green","PSMB8","blue"
"STAT2","green","CUL4A","blue"
"STAT2","green","FOXP3","blue"
"STAT2","green","HLA-C","blue"
"STAT2","green","HLA-E","blue"
"STAT2","green","PSME1","blue"
"STAT2","green","ETS1","blue"
"STAT2","green","PIAS3","purple"
"STAT2","green","HLA-A","blue"
"STAT2","green","IFITM3","blue"
"STAT2","green","HLA-B","blue"
"STAT2","green","IL12RB1","blue"
"STAT2","green","MYC","blue"
"STAT2","green","FBXO32","blue"
"COG4","blue","DYNC1H1","purple"
"LILRB1","green","CD28","blue"
"LILRB1","green","CD300A","blue"
"LILRB1","green","SLAMF6","blue"
"LILRB1","green","HLA-C","blue"
"LILRB1","green","HLA-E","blue"
"LILRB1","green","HLA-A","blue"
"LILRB1","green","HLA-B","blue"
"LILRB1","green","HFE","blue"
"LILRB1","green","CD300LF","blue"
"ZNF609","purple","ZC3H7B","blue"
"ZNF609","purple","KANSL3","blue"
"ZNF609","purple","TRIM66","blue"
"ZNF609","purple","AKT3","blue"
"SFXN1","blue","DYNC1H1","purple"
"SNRNP200","purple","LSM10","blue"
"SNRNP200","purple","IPO9","blue"
"SNRNP200","purple","CDC14A","blue"
"SNRNP200","purple","SEC63","blue"
"SNRNP200","purple","NTSR1","blue"
"SNRNP200","purple","CHD3","blue"
"SNRNP200","purple","BUD31","blue"
"SNRNP200","purple","DDX46","blue"
"SNRNP200","purple","SNW1","blue"
"SNRNP200","purple","HNRNPC","blue"
"SNRNP200","purple","COASY","blue"
"SNRNP200","purple","MYC","blue"
"SNRNP200","purple","SNRPN","blue"
"UBASH3A","blue","CLEC16A","purple"
"UBASH3A","blue","IFIH1","green"
"APOL1","green","HP","blue"
"APOL1","green","PLCE1","blue"
"APOL1","green","BCL2","blue"
"APOL1","green","PCYOX1","blue"
"APOL1","green","LSR","blue"
"STX4","blue","TAP1","green"
"STX4","blue","DYNLT1","green"
"STX4","blue","TXLNA","purple"
"STX4","blue","TAP2","green"
"NCL","purple","PURA","blue"
"NCL","purple","ANAPC1","blue"
"NCL","purple","H1-2","blue"
"NCL","purple","H2BC12","blue"
"NCL","purple","G0S2","blue"
"NCL","purple","H2BC21","green"
"NCL","purple","POLR1E","green"
"NCL","purple","AGRN","green"
"NCL","purple","NFX1","blue"
"NCL","purple","DDX58","green"
"NCL","purple","CHD3","blue"
"NCL","purple","G3BP1","blue"
"NCL","purple","BCL2","blue"
"NCL","purple","MDK","green"
"NCL","purple","UTP25","blue"
"NCL","purple","MYBL1","blue"
"NCL","purple","POLR1B","blue"
"NCL","purple","ATXN2","blue"
"NCL","purple","HNRNPC","blue"
"NCL","purple","MYC","blue"
"NCL","purple","SELL","blue"
"BCKDHB","blue","SP100","green"
"BCKDHB","blue","PRPS1","green"
"BCKDHB","blue","IDH1","green"
"MRFAP1","blue","DCAF1","purple"
"KIAA0319L","green","AFF3","blue"
"KIAA0319L","green","SLC7A6","blue"
"BID","blue","EZR","purple"
"BID","blue","CTSL","green"
"BID","blue","BAG3","purple"
"BID","blue","CASP7","green"
"BID","blue","BAK1","green"
"BID","blue","CASP1","green"
"PNMA1","blue","CYFIP2","purple"
"PNMA1","blue","MOAP1","green"
"EPSTI1","green","IFITM1","blue"
"EPSTI1","green","IFITM3","blue"
"LSM10","blue","PRPF8","purple"
"ICOS","blue","SIGLEC1","green"
"ICOS","blue","LRBA","purple"
"ICOS","blue","CCRL2","green"
"ICOS","blue","STAT1","green"
"ICOS","blue","SLAMF7","green"
"ICOS","blue","CD40","green"
"ICOS","blue","GATA3","green"
"ICOS","blue","TLR7","green"
"ICOS","blue","CD274","green"
"ICOS","blue","PDCD1LG2","green"
"ICOS","blue","NFATC1","purple"
"ICOS","blue","TIGIT","green"
"ICOS","blue","IDO1","green"
"DCUN1D3","green","FBXO21","purple"
"DCUN1D3","green","FBXL14","blue"
"DCUN1D3","green","BTRC","blue"
"DCUN1D3","green","CUL4A","blue"
"DCUN1D3","green","LMO7","blue"
"DCUN1D3","green","FBXL16","blue"
"DCUN1D3","green","COMMD5","blue"
"DCUN1D3","green","FBXW8","blue"
"DCUN1D3","green","FBXO32","blue"
"ITFG1","green","MAP4","purple"
"ITFG1","green","CKAP5","purple"
"ITFG1","green","LCK","blue"
"EML4","blue","DYNC1H1","purple"
"EML4","blue","TRRAP","purple"
"EML4","blue","HSP90AB1","purple"
"EML4","blue","CD274","green"
"EML4","blue","SEC31A","purple"
"EML4","blue","MECP2","green"
"EML4","blue","CKAP5","purple"
"KIF1C","blue","EZR","purple"
"KIF1C","blue","ERLIN1","green"
"TNIP2","blue","CD40","green"
"GEMIN4","purple","DDX20","blue"
"GEMIN4","purple","NDC1","blue"
"GEMIN4","purple","NUP160","blue"
"GEMIN4","purple","POM121","blue"
"GEMIN4","purple","BCL2","blue"
"GEMIN4","purple","CALCOCO2","green"
"GEMIN4","purple","MOV10","green"
"GEMIN4","purple","NLE1","blue"
"GEMIN4","purple","POLR1B","blue"
"CDK20","blue","POLR2A","purple"
"ZNF236","blue","ETV7","green"
"POLE","blue","SMC1A","purple"
"POLE","blue","NCAPD2","purple"
"POLE","blue","TRRAP","purple"
"POLE","blue","PARP1","purple"
"POLE","blue","H2BC21","green"
"POLE","blue","MDC1","purple"
"POLE","blue","POLA1","purple"
"POLE","blue","CD274","green"
"POLE","blue","RFC1","purple"
"POLE","blue","FANCA","green"
"POLE","blue","IDH1","green"
"POLE","blue","ISG15","green"
"POLE","blue","B2M","green"
"POLE","blue","MCM3","purple"
"RHBDF2","green","UBAC2","blue"
"ROGDI","blue","ATP6V1G1","purple"
"ROGDI","blue","FAM20A","green"
"ZMYM3","purple","RBBP4","blue"
"ZMYM3","purple","CHD3","blue"
"ZMYM3","purple","ZNF202","blue"
"ZMYM3","purple","SAP18","blue"
"RAI1","purple","RBBP4","blue"
"RAI1","purple","CHD3","blue"
"RAI1","purple","HMG20A","blue"
"NDUFAF3","blue","CARD16","green"
"ZBTB2","blue","GATAD2B","purple"
"ZBTB2","blue","MDC1","purple"
"CD6","blue","CLEC16A","purple"
"CD6","blue","B2M","green"
"CD6","blue","SPN","purple"
"SMC1A","purple","ANAPC1","blue"
"SMC1A","purple","ZNF512","blue"
"SMC1A","purple","H2BC12","blue"
"SMC1A","purple","TYW1","blue"
"SMC1A","purple","WDHD1","blue"
"SMC1A","purple","SYNE1","blue"
"SMC1A","purple","H2BC21","green"
"SMC1A","purple","ASXL1","blue"
"SMC1A","purple","CHD3","blue"
"SMC1A","purple","WDR6","blue"
"SMC1A","purple","PAXIP1","blue"
"SMC1A","purple","IDH1","green"
"SMC1A","purple","MECP2","green"
"SMC1A","purple","NCAPD3","blue"
"SMC1A","purple","KMT2A","blue"
"SMC1A","purple","MYC","blue"
"SMC1A","purple","TENT4A","blue"
"SMC1A","purple","SZRD1","blue"
"SMC1A","purple","REC8","blue"
"SMC1A","purple","SETBP1","blue"
"PRKAG1","blue","ACACB","green"
"PRKAG1","blue","PIK3R4","purple"
"CD151","blue","EZR","purple"
"CD151","blue","SIGLEC1","green"
"CD151","blue","H2BC21","green"
"CD151","blue","HSP90AB1","purple"
"CD151","blue","CD36","green"
"YLPM1","purple","ZNF318","blue"
"YLPM1","purple","KMT2A","blue"
"YLPM1","purple","PROX2","blue"
"SEPTIN1","blue","SEPTIN4","green"
"FAM193A","purple","ZNF318","blue"
"FAM193A","purple","DCTN2","blue"
"FAM193A","purple","SH3BP2","blue"
"CD28","blue","CCRL2","green"
"CD28","blue","STAT1","green"
"CD28","blue","SLAMF7","green"
"CD28","blue","FCGR1A","green"
"CD28","blue","CD40","green"
"CD28","blue","GATA3","green"
"CD28","blue","TLR7","green"
"CD28","blue","CD274","green"
"CD28","blue","IL15RA","green"
"CD28","blue","PDCD1LG2","green"
"CD28","blue","RUNX3","green"
"CD28","blue","NFATC1","purple"
"CD28","blue","TIGIT","green"
"CD28","blue","IDO1","green"
"CD28","blue","B2M","green"
"CD28","blue","SPN","purple"
"NCAPD2","purple","ANKLE2","blue"
"NCAPD2","purple","WDHD1","blue"
"NCAPD2","purple","ZNF318","blue"
"NCAPD2","purple","FANCA","green"
"NCAPD2","purple","INCENP","blue"
"NCAPD2","purple","NCAPD3","blue"
"ZNF569","blue","PARP1","purple"
"ZNF569","blue","H2BC21","green"
"CERS5","blue","SGPL1","green"
"PLAG1","blue","GATA3","green"
"CNDP2","green","ALDH18A1","purple"
"CNDP2","green","AZIN2","blue"
"CNDP2","green","SERPINB1","blue"
"CNDP2","green","GATM","blue"
"CNDP2","green","NAGK","blue"
"CNDP2","green","ALDH3B1","blue"
"EXOC3L1","green","TNFAIP2","blue"
"PCSK7","blue","IRF9","green"
"LNX2","blue","TCOF1","purple"
"SAMD9L","green","PSMB9","blue"
"SAMD9L","green","IFITM3","blue"
"SRRM1","purple","NDC1","blue"
"SRRM1","purple","NUP160","blue"
"SRRM1","purple","POM121","blue"
"SRRM1","purple","BUD31","blue"
"SRRM1","purple","DDX46","blue"
"SRRM1","purple","SNW1","blue"
"SRRM1","purple","HNRNPC","blue"
"SRRM1","purple","SAP18","blue"
"SRRM1","purple","ISG15","green"
"MAF","blue","ATF3","green"
"MAF","blue","CCRL2","green"
"MAF","blue","STAT1","green"
"MAF","blue","MAFB","green"
"MAF","blue","GATA3","green"
"MAF","blue","IRF7","green"
"MAF","blue","RUNX3","green"
"MAF","blue","NFATC1","purple"
"FBXO21","purple","ZMAT5","blue"
"FBXO21","purple","FBXO6","green"
"FBXO21","purple","FBXW8","blue"
"FBXO21","purple","FBXO32","blue"
"RIOX2","blue","HELZ2","green"
"RNF135","blue","DDX58","green"
"RNF135","blue","RNF216","green"
"RNF135","blue","IRF7","green"
"RNF135","blue","ISG15","green"
"RNF135","blue","IFIH1","green"
"FOXK1","blue","SAP130","purple"
"FOXK1","blue","SIN3A","purple"
"FOXK1","blue","DCAF7","purple"
"SELENOF","purple","TXN","blue"
"SELENOF","purple","MSRB2","blue"
"SELENOF","purple","SEPHS2","green"
"PRKCH","blue","ATP1A1","purple"
"SIRT7","blue","BAZ1B","purple"
"SIRT7","blue","USP7","purple"
"SIRT7","blue","PARP1","purple"
"SIRT7","blue","BAG3","purple"
"SIRT7","blue","H2BC21","green"
"SIRT7","blue","POLR1E","green"
"SIRT7","blue","MYBBP1A","purple"
"SIRT7","blue","DCAF1","purple"
"GRPEL2","blue","ATF3","green"
"GRPEL2","blue","EPRS1","purple"
"GRPEL2","blue","HSP90AB1","purple"
"GRPEL2","blue","DNAJA1","green"
"GRPEL2","blue","HYOU1","purple"
"MCEMP1","blue","CD36","green"
"MCEMP1","blue","GPR84","green"
"LGALS9C","blue","CD40","green"
"LGALS9C","blue","CD274","green"
"LGALS9C","blue","PDCD1LG2","green"
"LGALS9C","blue","NFATC1","purple"
"LGALS9C","blue","TIGIT","green"
"LGALS9C","blue","IDO1","green"
"UPP1","blue","NT5C3A","green"
"IFITM1","blue","MX2","green"
"IFITM1","blue","OAS2","green"
"IFITM1","blue","IFI6","green"
"IFITM1","blue","PLSCR1","green"
"IFITM1","blue","TAP1","green"
"IFITM1","blue","PARP9","green"
"IFITM1","blue","STAT1","green"
"IFITM1","blue","XAF1","green"
"IFITM1","blue","IFI16","green"
"IFITM1","blue","ADAR","green"
"IFITM1","blue","GBP5","green"
"IFITM1","blue","GBP4","green"
"IFITM1","blue","GBP2","green"
"IFITM1","blue","GBP1","green"
"IFITM1","blue","IFI44","green"
"IFITM1","blue","IFI44L","green"
"IFITM1","blue","IFIT5","green"
"IFITM1","blue","IFIT1","green"
"IFITM1","blue","IFIT3","green"
"IFITM1","blue","DDX58","green"
"IFITM1","blue","TRIM22","green"
"IFITM1","blue","TRIM5","green"
"IFITM1","blue","RSAD2","green"
"IFITM1","blue","DDX60","green"
"IFITM1","blue","IRF9","green"
"IFITM1","blue","IRF7","green"
"IFITM1","blue","MX1","green"
"IFITM1","blue","IFI30","green"
"IFITM1","blue","OAS1","green"
"IFITM1","blue","IFI35","green"
"IFITM1","blue","HELZ2","green"
"IFITM1","blue","LY6E","green"
"IFITM1","blue","DDX42","purple"
"IFITM1","blue","IFI27","green"
"IFITM1","blue","IFIT2","green"
"IFITM1","blue","SAMHD1","green"
"IFITM1","blue","ISG15","green"
"IFITM1","blue","IFIH1","green"
"TMED9","blue","CNIH4","green"
"IP6K2","blue","STAT1","green"
"IP6K2","blue","HSP90AB1","purple"
"IP6K2","blue","IRF9","green"
"IP6K2","blue","SAMHD1","green"
"TOB2","purple","SLAIN1","blue"
"GAS6","green","LGALS9","blue"
"PROSER1","purple","SACS","blue"
"PROSER1","purple","VWA8","blue"
"SNX20","green","SNX25","blue"
"SNX20","green","SPN","purple"
"SNX20","green","SNX29","purple"
"SNX20","green","ENOSF1","blue"
"ATP6V0A2","blue","ALDH18A1","purple"
"ATP6V0A2","blue","ATP6V1G1","purple"
"PURA","blue","MECP2","green"
"PURA","blue","DROSHA","purple"
"UNC5A","blue","MAGED1","purple"
"UNC5A","blue","NTNG2","green"
"SMAD3","blue","USP7","purple"
"SMAD3","blue","ATF3","green"
"SMAD3","blue","SPTBN1","purple"
"SMAD3","blue","DNMT1","purple"
"SMAD3","blue","STAT1","green"
"SMAD3","blue","PARP1","purple"
"SMAD3","blue","BAG3","purple"
"SMAD3","blue","CD40","green"
"SMAD3","blue","CYBB","green"
"SMAD3","blue","GATA3","green"
"SMAD3","blue","SMARCA2","purple"
"SMAD3","blue","PIAS3","purple"
"SMAD3","blue","SIN3A","purple"
"SMAD3","blue","IRF7","green"
"SMAD3","blue","RUNX3","green"
"SMAD3","blue","NFATC1","purple"
"SMAD3","blue","MOV10","green"
"SMAD3","blue","FLNB","purple"
"SMAD3","blue","DROSHA","purple"
"SMAD3","blue","CASP1","green"
"SMAD3","blue","SMARCC2","purple"
"UBA7","green","ATG7","blue"
"UBA7","green","PSMB10","blue"
"UBA7","green","PSMD4","blue"
"UBA7","green","HSP90AB1","purple"
"UBA7","green","POLH","blue"
"UBA7","green","PSMB9","blue"
"UBA7","green","PSMB8","blue"
"UBA7","green","RFC1","purple"
"UBA7","green","SUMO1","purple"
"UBA7","green","UBE2J2","blue"
"UBA7","green","SUMO2","purple"
"UBA7","green","GSDMD","blue"
"MX2","green","LGALS9","blue"
"MX2","green","IFITM3","blue"
"MX2","green","SERINC5","blue"
"DHRSX","blue","EPRS1","purple"
"RFTN1","purple","OXNAD1","blue"
"TRIM46","blue","STAT1","green"
"RASA3","purple","SYNGAP1","blue"
"GHRL","blue","CD36","green"
"BCL9L","blue","H2BC21","green"
"FMNL3","blue","FNBP1","purple"
"FMNL3","blue","SIPA1L1","green"
"FOXK2","blue","SAP130","purple"
"FOXK2","blue","GTF2B","purple"
"FOXK2","blue","SIN3A","purple"
"FOXK2","blue","DCAF7","purple"
"LIMK1","blue","EZR","purple"
"LIMK1","blue","BAZ1B","purple"
"LIMK1","blue","DYNLT1","green"
"LIMK1","blue","HSP90AB1","purple"
"LIMK1","blue","ARHGAP35","purple"
"TNRC6C","blue","H2BC21","green"
"TNRC6C","blue","GTF2B","purple"
"TNRC6C","blue","SIN3A","purple"
"TNRC6C","blue","MECP2","green"
"TNRC6C","blue","MOV10","green"
"RBBP9","blue","CYFIP2","purple"
"TDP1","blue","PARP1","purple"
"TDP1","blue","SUMO1","purple"
"TDP1","blue","SUMO2","purple"
"NIPA1","blue","BAZ1B","purple"
"NIPA1","blue","DYNLT1","green"
"NIPA1","blue","SLC41A1","purple"
"NIPA1","blue","ALDH18A1","purple"
"SINHCAF","blue","SAP130","purple"
"SINHCAF","blue","H2BC21","green"
"SINHCAF","blue","SIN3A","purple"
"KPTN","blue","ATP6V1G1","purple"
"KPTN","blue","DEPDC5","purple"
"IL21R","blue","CCRL2","green"
"IL21R","blue","STAT1","green"
"IL21R","blue","CD40","green"
"IL21R","blue","PHF11","green"
"IL21R","blue","GATA3","green"
"IL21R","blue","IL15RA","green"
"IL21R","blue","RUNX3","green"
"IL21R","blue","WSB2","green"
"IL21R","blue","TIGIT","green"
"TARS3","blue","WARS1","green"
"TARS3","blue","EPRS1","purple"
"TARS3","blue","IARS1","purple"
"TARS3","blue","LARS1","purple"
"TARS3","blue","LARS2","purple"
"EZR","purple","MACF1","blue"
"EZR","purple","KCNA3","blue"
"EZR","purple","PRKACB","blue"
"EZR","purple","DLG3","blue"
"EZR","purple","CLIC1","blue"
"EZR","purple","AHNAK","blue"
"EZR","purple","DGKA","blue"
"EZR","purple","LIMA1","blue"
"EZR","purple","PTK2B","blue"
"EZR","purple","PRKCA","blue"
"EZR","purple","ENO2","blue"
"EZR","purple","BTK","blue"
"EZR","purple","PATJ","blue"
"EZR","purple","CASK","blue"
"EZR","purple","CDC42","blue"
"EZR","purple","DLG4","blue"
"EZR","purple","SELL","blue"
"EZR","purple","AP2S1","blue"
"EZR","purple","HYAL2","blue"
"ANAPC1","blue","MDC1","purple"
"ANAPC1","blue","BCOR","purple"
"ANAPC1","blue","MCM3","purple"
"RRP1B","purple","RRP15","blue"
"RRP1B","purple","IFI16","green"
"RRP1B","purple","MDN1","blue"
"RRP1B","purple","DDX31","blue"
"RRP1B","purple","TEX10","blue"
"RRP1B","purple","POLR1E","green"
"RRP1B","purple","NUP160","blue"
"RRP1B","purple","URB1","blue"
"RRP1B","purple","IFI35","green"
"RRP1B","purple","NLE1","blue"
"RRP1B","purple","DDX46","blue"
"RRP1B","purple","PUS7","blue"
"RRP1B","purple","NSUN4","blue"
"RRP1B","purple","RBM19","blue"
"RRP1B","purple","POLR1B","blue"
"TRIO","blue","DISC1","green"
"PLAUR","blue","CD36","green"
"H1-2","blue","DNMT1","purple"
"H1-2","blue","PARP1","purple"
"H1-2","blue","H2BC21","green"
"H1-2","blue","HSP90AB1","purple"
"H1-2","blue","BAK1","green"
"H1-2","blue","EP400","purple"
"H1-2","blue","H4C8","green"
"TRIM2","blue","STAT1","green"
"ARL4C","blue","MOV10","green"
"TAF9B","blue","TAF3","purple"
"TAF9B","blue","TRRAP","purple"
"TAF9B","blue","H2BC21","green"
"TAF9B","blue","GTF2B","purple"
"TAF9B","blue","BMS1","purple"
"TAF9B","blue","BRD2","purple"
"TAF9B","blue","POLR2A","purple"
"ZNF383","blue","PCMT1","purple"
"CORO1B","blue","ALDH18A1","purple"
"TAF3","purple","H2BC21","green"
"TAF3","purple","MED18","blue"
"TAF3","purple","TSHZ1","blue"
"TAF3","purple","H4C8","green"
"TAF3","purple","TAF4B","blue"
"TCF7","blue","CCRL2","green"
"TCF7","blue","TRRAP","purple"
"TCF7","blue","TOX","purple"
"TCF7","blue","H2BC21","green"
"TCF7","blue","GATA3","green"
"TCF7","blue","RUNX3","green"
"TCF7","blue","TIGIT","green"
"TCF7","blue","SOX13","green"
"ZNF395","green","EPRS1","purple"
"ZNF395","green","EARS2","blue"
"HUWE1","purple","PSMD4","blue"
"HUWE1","purple","H2BC21","green"
"HUWE1","purple","BTRC","blue"
"HUWE1","purple","CUL4A","blue"
"HUWE1","purple","FBXO6","green"
"HUWE1","purple","DNAJA1","green"
"HUWE1","purple","PSME1","blue"
"HUWE1","purple","MECP2","green"
"HUWE1","purple","MYC","blue"
"HUWE1","purple","NUCKS1","blue"
"HUWE1","purple","AHDC1","blue"
"ADGRL1","blue","TLR7","green"
"ASH2L","blue","PHF8","purple"
"ASH2L","blue","H2BC21","green"
"ASH2L","blue","MAFB","green"
"ASH2L","blue","MDC1","purple"
"ASH2L","blue","EP400","purple"
"ASH2L","blue","SIN3A","purple"
"ASH2L","blue","MOV10","green"
"ASH2L","blue","WSB2","green"
"ASH2L","blue","POLR2A","purple"
"ASH2L","blue","H4C8","green"
"MIA3","green","PDGFD","blue"
"MIA3","green","SEC31A","purple"
"MIA3","green","ALMS1","blue"
"ACACB","green","EPRS1","purple"
"ACACB","green","ACADSB","blue"
"ACACB","green","ALDH18A1","purple"
"ACACB","green","ECHDC2","blue"
"ACACB","green","HLCS","blue"
"ACACB","green","PAICS","blue"
"ACACB","green","SUCLG2","blue"
"ACACB","green","MYC","blue"
"ACACB","green","ACSL6","blue"
"SDSL","blue","ALDH18A1","purple"
"SIGLEC1","green","AIF1","blue"
"SIGLEC1","green","LGALS9","blue"
"SIGLEC1","green","SIGLEC6","blue"
"SIGLEC1","green","SLAMF1","blue"
"SIGLEC1","green","SELL","blue"
"SIGLEC1","green","SPN","purple"
"NEO1","blue","NTNG2","green"
"NEO1","blue","PDCD1LG2","green"
"SEPTIN6","blue","SEPTIN4","green"
"SEPTIN6","blue","FNBP1","purple"
"DTNBP1","blue","DISC1","green"
"DTNBP1","blue","TRIM32","green"
"DTNBP1","blue","TRIM69","green"
"ETV7","green","HLA-C","blue"
"DYRK2","blue","NFATC1","purple"
"DYRK2","blue","DCAF1","purple"
"DYRK2","blue","DCAF7","purple"
"DYRK2","blue","PCMT1","purple"
"OAS2","green","PSMB9","blue"
"OAS2","green","PSMB8","blue"
"OAS2","green","LGALS9","blue"
"OAS2","green","IFITM3","blue"
"BAZ1B","purple","H2BC12","blue"
"BAZ1B","purple","H2BC21","green"
"BAZ1B","purple","CHD6","blue"
"BAZ1B","purple","RBBP4","blue"
"BAZ1B","purple","POLR1E","green"
"BAZ1B","purple","CHD3","blue"
"BAZ1B","purple","PSIP1","blue"
"BAZ1B","purple","POLR1B","blue"
"BAZ1B","purple","SNW1","blue"
"BAZ1B","purple","TENT4A","blue"
"IFI6","green","PSMB9","blue"
"IFI6","green","IFITM3","blue"
"CD5","blue","CCRL2","green"
"CD5","blue","TOX","purple"
"CD5","blue","FCGR1A","green"
"CD5","blue","CD40","green"
"CD5","blue","GATA3","green"
"CD5","blue","CD274","green"
"CD5","blue","TIGIT","green"
"CD5","blue","B2M","green"
"CD5","blue","SPN","purple"
"CD5","blue","FOXP1","purple"
"B3GLCT","blue","ADAMTSL4","green"
"SP100","green","USP7","purple"
"SP100","green","NDC1","blue"
"SP100","green","HSP90AB1","purple"
"SP100","green","NUP188","purple"
"SP100","green","MDC1","purple"
"SP100","green","NUP160","blue"
"SP100","green","SUMO1","purple"
"SP100","green","ETS1","blue"
"SP100","green","POM121","blue"
"SP100","green","KIF5C","blue"
"SP100","green","SENP1","blue"
"SP100","green","SUMO2","purple"
"SP100","green","RNF4","purple"
"SP100","green","ZNF202","blue"
"SP100","green","DNAL1","blue"
"SP100","green","MYC","blue"
"SP100","green","DCAF7","purple"
"LAMTOR4","blue","ATP6V1G1","purple"
"LAMTOR4","blue","DEPDC5","purple"
"PPCDC","blue","PPCS","purple"
"YIF1B","blue","MDC1","purple"
"TNFSF13","blue","TLR7","green"
"USP7","purple","H2BC12","blue"
"USP7","purple","AIM2","green"
"USP7","purple","PSMD4","blue"
"USP7","purple","H2BC21","green"
"USP7","purple","BTRC","blue"
"USP7","purple","POLH","blue"
"USP7","purple","MAFB","green"
"USP7","purple","TRAF1","blue"
"USP7","purple","PSMB8","blue"
"USP7","purple","OTUD3","blue"
"USP7","purple","CUL4A","blue"
"USP7","purple","FOXP3","blue"
"USP7","purple","KDM2B","blue"
"USP7","purple","FOXO1","blue"
"USP7","purple","CD274","green"
"USP7","purple","TSPO","blue"
"USP7","purple","MEX3C","blue"
"USP7","purple","SNW1","blue"
"USP7","purple","MYC","blue"
"USP7","purple","SOCS1","green"
"USP7","purple","ISG15","green"
"USP7","purple","PAN2","blue"
"AUTS2","blue","SMARCA2","purple"
"AUTS2","blue","MECP2","green"
"AUTS2","blue","DCAF7","purple"
"AUTS2","blue","FOXP1","purple"
"ZMAT5","blue","DDX42","purple"
"ZMAT5","blue","SNX29","purple"
"OFD1","blue","PCNT","purple"
"OFD1","blue","INPP5E","green"
"OFD1","blue","TCOF1","purple"
"OFD1","blue","NOLC1","purple"
"OFD1","blue","RSPH9","green"
"ATF3","green","PARP1","purple"
"ATF3","green","USF1","blue"
"ATF3","green","HSP90AB1","purple"
"ATF3","green","AIF1","blue"
"ATF3","green","ASNS","blue"
"ATF3","green","NFATC2","blue"
"ATF3","green","BCL2","blue"
"ATF3","green","NFATC1","purple"
"ATF3","green","MAPK9","blue"
"ATF3","green","HOMER3","blue"
"ATF3","green","MYC","blue"
"ATF3","green","DDIT3","blue"
"SDC3","green","HS3ST3B1","blue"
"SDC3","green","HSPG2","blue"
"SDC3","green","FTO","blue"
"SDC3","green","CASK","blue"
"IKZF3","blue","SLAMF7","green"
"IKZF3","blue","GATA3","green"
"IKZF3","blue","P2RY8","purple"
"IKZF3","blue","SP140","green"
"IKZF3","blue","SIN3A","purple"
"IKZF3","blue","RUNX3","green"
"IKZF3","blue","IRF5","green"
"IKZF3","blue","TIGIT","green"
"IKZF3","blue","IKZF4","purple"
"FBLN5","blue","CLSTN1","purple"
"CTSL","green","ATG7","blue"
"CTSL","green","CUX1","blue"
"CTSL","green","DPP4","blue"
"CTSL","green","CTSS","blue"
"CTSL","green","CTSA","blue"
"CTSL","green","HSPG2","blue"
"CTSL","green","FOXO1","blue"
"CTSL","green","PSAP","blue"
"CTSL","green","BCL2","blue"
"CTSL","green","IFITM3","blue"
"CTSL","green","NPC2","blue"
"CTSL","green","FBXO32","blue"
"PLSCR1","green","PSMB9","blue"
"PLSCR1","green","IFITM3","blue"
"TOR1A","green","HP","blue"
"TOR1A","green","SYNE1","blue"
"TOR1A","green","SNAPIN","blue"
"TOR1A","green","TNFRSF25","blue"
"TOR1A","green","HLA-A","blue"
"TOR1A","green","HLA-B","blue"
"TOR1A","green","ENO2","blue"
"ZC3H7B","blue","HSP90AB1","purple"
"ZC3H7B","blue","BCOR","purple"
"ZC3H7B","blue","EP400","purple"
"TAP1","green","PSMB10","blue"
"TAP1","green","PSMB9","blue"
"TAP1","green","PSMB8","blue"
"TAP1","green","HLA-C","blue"
"TAP1","green","HLA-E","blue"
"TAP1","green","PSME1","blue"
"TAP1","green","BRD2","purple"
"TAP1","green","HLA-A","blue"
"TAP1","green","HLA-B","blue"
"ATG7","blue","HTT","purple"
"ATG7","blue","PIK3R4","purple"
"ATG7","blue","PARP1","purple"
"ATG7","blue","BAG3","purple"
"ATG7","blue","CASP7","green"
"ATG7","blue","HSP90AB1","purple"
"ATG7","blue","CYBB","green"
"ATG7","blue","SUMO1","purple"
"ATG7","blue","CALCOCO2","green"
"ATG7","blue","ERN1","green"
"ATG7","blue","SUMO2","purple"
"ATG7","blue","CASP1","green"
"ATG7","blue","UBE2F","green"
"HTT","purple","VPS13A","blue"
"HTT","purple","IPO9","blue"
"HTT","purple","SDHC","blue"
"HTT","purple","PSMD4","blue"
"HTT","purple","HOOK1","blue"
"HTT","purple","ITPR3","blue"
"HTT","purple","ELP1","blue"
"HTT","purple","SDHB","blue"
"HTT","purple","AIF1","blue"
"HTT","purple","DNAJA1","green"
"HTT","purple","ATG16L1","blue"
"HTT","purple","BCL2","blue"
"HTT","purple","MAPK9","blue"
"HTT","purple","MECP2","green"
"HTT","purple","CALCOCO2","green"
"HTT","purple","DISC1","green"
"HTT","purple","ATXN7L1","blue"
"HTT","purple","ATXN2","blue"
"HTT","purple","PRPF40B","blue"
"HTT","purple","HNRNPC","blue"
"HTT","purple","CRY2","blue"
"HTT","purple","CACNA1A","green"
"HTT","purple","DLG4","blue"
"HTT","purple","NUB1","green"
"HTT","purple","AP2S1","blue"
"HTT","purple","CNP","green"
"HTT","purple","TAF4B","blue"
"WARS1","green","EPRS1","purple"
"WARS1","green","IARS1","purple"
"WARS1","green","LARS1","purple"
"WARS1","green","TYMP","blue"
"WARS1","green","EARS2","blue"
"WARS1","green","PRPF8","purple"
"WARS1","green","NDUFB3","blue"
"WARS1","green","TNFAIP2","blue"
"WARS1","green","LARS2","purple"
"ZNF512","blue","IFI16","green"
"ZNF512","blue","DDX24","purple"
"TNFRSF14","blue","IFI16","green"
"TNFRSF14","blue","CD274","green"
"TNFRSF14","blue","PDCD1LG2","green"
"TNFRSF14","blue","IRF5","green"
"TNFRSF14","blue","TIGIT","green"
"TNFRSF14","blue","IDO1","green"
"TNFRSF14","blue","B2M","green"
"HP","blue","CD40","green"
"HP","blue","MDK","green"
"HP","blue","CD36","green"
"HP","blue","B2M","green"
"SH3PXD2A","blue","ARHGAP35","purple"
"TRIM4","blue","DDX58","green"
"TRIM4","blue","RNF216","green"
"TRIM4","blue","IRF7","green"
"TRIM4","blue","IFIH1","green"
"SPEF2","blue","RSPH9","green"
"SPEF2","blue","TTC21A","green"
"RBCK1","blue","IFI44","green"
"RBCK1","blue","HSP90AB1","purple"
"RBCK1","blue","DDX58","green"
"RBCK1","blue","IRF7","green"
"RBCK1","blue","IFI35","green"
"RBCK1","blue","CALCOCO2","green"
"RBCK1","blue","CASP1","green"
"RBCK1","blue","PRPF8","purple"
"RBCK1","blue","ISG15","green"
"ARIH2","blue","APOBEC3G","green"
"ARIH2","blue","UBE2F","green"
"WDR45","blue","PIK3R4","purple"
"WDR45","blue","MECP2","green"
"DYNC1H1","purple","NR3C2","blue"
"DYNC1H1","purple","DYNLT1","green"
"DYNC1H1","purple","ELP1","blue"
"DYNC1H1","purple","CCDC88C","blue"
"DYNC1H1","purple","G3BP1","blue"
"DYNC1H1","purple","BICDL1","blue"
"DYNC1H1","purple","KIF5C","blue"
"DYNC1H1","purple","DISC1","green"
"DYNC1H1","purple","DCTN2","blue"
"DYNC1H1","purple","BICD1","blue"
"DYNC1H1","purple","DYNC2H1","blue"
"DYNC1H1","purple","CALM2","blue"
"FDPS","blue","RSAD2","green"
"FDPS","blue","IDH1","green"
"BTN2A2","green","HLA-C","blue"
"BTN2A2","green","HLA-A","blue"
"BTN2A2","green","HLA-B","blue"
"PIK3R4","purple","H2BC12","blue"
"PIK3R4","purple","PIK3C2B","blue"
"PIK3R4","purple","PDIK1L","blue"
"PIK3R4","purple","ATG16L1","blue"
"PIK3R4","purple","BCL2","blue"
"PIK3R4","purple","CALCOCO2","green"
"PIK3R4","purple","PIK3R1","blue"
"PIK3R4","purple","SLAMF1","blue"
"PIK3R4","purple","SOCS1","green"
"PIK3R4","purple","ATG9B","blue"
"CCDC88B","blue","DYNLT1","green"
"SPTBN1","purple","NMT2","blue"
"SPTBN1","purple","BCL2","blue"
"SPTBN1","purple","ZBTB40","blue"
"SPTBN1","purple","SCN1B","blue"
"SPTBN1","purple","DISC1","green"
"SPTBN1","purple","PIK3R1","blue"
"SPTBN1","purple","NCAPD3","blue"
"SPTBN1","purple","CASK","blue"
"SPTBN1","purple","CAMSAP1","blue"
"IL27","green","FOXP3","blue"
"IL27","green","IL12RB1","blue"
"H2BC12","blue","SAP130","purple"
"H2BC12","blue","PHF8","purple"
"H2BC12","blue","DNMT1","purple"
"H2BC12","blue","TRRAP","purple"
"H2BC12","blue","PARP1","purple"
"H2BC12","blue","IFI16","green"
"H2BC12","blue","GATAD2B","purple"
"H2BC12","blue","H2BC21","green"
"H2BC12","blue","MAFB","green"
"H2BC12","blue","MDC1","purple"
"H2BC12","blue","POLR1E","green"
"H2BC12","blue","GATA3","green"
"H2BC12","blue","MYBBP1A","purple"
"H2BC12","blue","SUMO1","purple"
"H2BC12","blue","SIN3A","purple"
"H2BC12","blue","MOV10","green"
"H2BC12","blue","SUMO2","purple"
"H2BC12","blue","RNF4","purple"
"H2BC12","blue","POLR2A","purple"
"H2BC12","blue","H4C8","green"
"ZBTB14","blue","GLRX","green"
"LRBA","purple","PRKACB","blue"
"LRBA","purple","FOXP3","blue"
"LRBA","purple","CARD11","blue"
"LRBA","purple","INPP4B","blue"
"LRBA","purple","PIK3R1","blue"
"LRBA","purple","TTC7A","blue"
"BCL11B","blue","GATAD2B","purple"
"BCL11B","blue","GATA3","green"
"BCL11B","blue","SMARCA2","purple"
"BCL11B","blue","RUNX3","green"
"BCL11B","blue","SMARCC2","purple"
"BCL11B","blue","FOXP1","purple"
"C3orf18","blue","HEATR1","purple"
"CCRL2","green","STAT4","blue"
"CCRL2","green","CD40LG","blue"
"CCRL2","green","FOXP3","blue"
"CCRL2","green","ARRB1","blue"
"CCRL2","green","IL12RB1","blue"
"CCRL2","green","SELL","blue"
"FAM219B","green","ELP1","blue"
"DENND2D","blue","TCOF1","purple"
"DENND2D","blue","BRD2","purple"
"DENND2D","blue","NOLC1","purple"
"BRPF3","purple","RBBP4","blue"
"BRPF3","purple","HABP4","blue"
"BRPF3","purple","CHD3","blue"
"BRPF3","purple","BAHD1","blue"
"BRPF3","purple","BRD1","blue"
"BRPF3","purple","ING5","blue"
"BRPF3","purple","AKT3","blue"
"SAP130","purple","MAX","blue"
"SAP130","purple","TADA1","blue"
"SAP130","purple","H2BC21","green"
"SAP130","purple","RBBP4","blue"
"SAP130","purple","TET1","blue"
"SAP130","purple","BRMS1","blue"
"SAP130","purple","SAP18","blue"
"AIG1","green","TESPA1","blue"
"PHF8","purple","H2BC21","green"
"PHF8","purple","CMTR1","green"
"PHF8","purple","NCAPD3","blue"
"PHF8","purple","KMT2A","blue"
"PHF8","purple","KDM4C","blue"
"PHF8","purple","ZNF41","blue"
"NR3C2","blue","STAT1","green"
"NR3C2","blue","HSP90AB1","purple"
"NR3C2","blue","SUMO1","purple"
"DCAF4","blue","DCAF1","purple"
"DCAF4","blue","DCAF7","purple"
"KIAA1671","blue","PCNT","purple"
"STAT4","blue","STAT1","green"
"STAT4","blue","CD40","green"
"STAT4","blue","GATA3","green"
"STAT4","blue","TLR7","green"
"STAT4","blue","CD274","green"
"STAT4","blue","SP140","green"
"STAT4","blue","PIAS3","purple"
"STAT4","blue","IRF9","green"
"STAT4","blue","IRF7","green"
"STAT4","blue","MX1","green"
"STAT4","blue","RUNX3","green"
"STAT4","blue","IRF5","green"
"STAT4","blue","SOCS1","green"
"STAT4","blue","ISG15","green"
"STAT4","blue","IFIH1","green"
"PSMB10","blue","STAT1","green"
"PSMB10","blue","GBP2","green"
"PSMB10","blue","GBP1","green"
"PSMB10","blue","CD40","green"
"PSMB10","blue","TAP2","green"
"PSMB10","blue","CYBB","green"
"PSMB10","blue","BRD2","purple"
"PSMB10","blue","RUNX3","green"
"PSMB10","blue","IFI35","green"
"PSMB10","blue","ISG15","green"
"PSMB10","blue","B2M","green"
"PSMB10","blue","NUB1","green"
"MAX","blue","TRRAP","purple"
"MAX","blue","EP400","purple"
"MAX","blue","SIN3A","purple"
"NLRC3","blue","AIM2","green"
"NLRC3","blue","IFI16","green"
"NLRC3","blue","DDX58","green"
"NLRC3","blue","CASP1","green"
"MYOF","green","LST1","blue"
"MYOF","green","AHNAK","blue"
"MYOF","green","PARVB","blue"
"DNMT1","purple","STAT1","green"
"DNMT1","purple","MTR","blue"
"DNMT1","purple","H2BC21","green"
"DNMT1","purple","RBBP4","blue"
"DNMT1","purple","TET1","blue"
"DNMT1","purple","CUL4A","blue"
"DNMT1","purple","ASXL1","blue"
"DNMT1","purple","FOXP3","blue"
"DNMT1","purple","CHD3","blue"
"DNMT1","purple","CD274","green"
"DNMT1","purple","ETS1","blue"
"DNMT1","purple","BCL2","blue"
"DNMT1","purple","HLCS","blue"
"DNMT1","purple","RUNX3","green"
"DNMT1","purple","IDH1","green"
"DNMT1","purple","MECP2","green"
"DNMT1","purple","MYC","blue"
"DNMT1","purple","SAP18","blue"
"DNMT1","purple","SOCS1","green"
"DNMT1","purple","ZNF304","blue"
"DNMT1","purple","SNRPN","blue"
"DNMT1","purple","PRAM1","blue"
"ATP6V1H","blue","ATP6V1G1","purple"
"ATP6V1H","blue","DEPDC5","purple"
"PCNT","purple","H2BC21","green"
"PCNT","purple","PDE4DIP","blue"
"PCNT","purple","CHD3","blue"
"PCNT","purple","INCENP","blue"
"PCNT","purple","CHMP7","blue"
"PCNT","purple","KIF3A","blue"
"PCNT","purple","ZNF365","green"
"PCNT","purple","ATF5","green"
"PCNT","purple","DISC1","green"
"PCNT","purple","DCTN2","blue"
"PCNT","purple","ALMS1","blue"
"PCNT","purple","RPGRIP1L","blue"
"PCNT","purple","CDC42","blue"
"PCNT","purple","REC8","blue"
"PCNT","purple","DYNC2H1","blue"
"PCNT","purple","CEP68","blue"
"PCNT","purple","SFI1","blue"
"PCNT","purple","RTTN","blue"
"TYW1","blue","MYBBP1A","purple"
"PLXNA4","blue","HSP90AB1","purple"
"TRRAP","purple","TADA1","blue"
"TRRAP","purple","USF1","blue"
"TRRAP","purple","H2BC21","green"
"TRRAP","purple","CHD6","blue"
"TRRAP","purple","MLLT3","blue"
"TRRAP","purple","CHD3","blue"
"TRRAP","purple","TFPT","blue"
"TRRAP","purple","PAXIP1","blue"
"TRRAP","purple","KANSL3","blue"
"TRRAP","purple","ATXN7L1","blue"
"TRRAP","purple","KANSL2","blue"
"TRRAP","purple","KMT2A","blue"
"TRRAP","purple","APBB1","blue"
"TRRAP","purple","MYC","blue"
"TRRAP","purple","ING5","blue"
"TRRAP","purple","TLE2","blue"
"CD300A","blue","C1QA","green"
"CD300A","blue","CYBB","green"
"CD300A","blue","B2M","green"
"MAP4","purple","IL12RB1","blue"
"MAP4","purple","CDC42","blue"
"MAP4","purple","SEPTIN11","blue"
"MAP4","purple","SVBP","blue"
"CUX1","blue","STAT1","green"
"CUX1","blue","H2BC21","green"
"CUX1","blue","FOXP1","purple"
"PARP9","green","PARP1","purple"
"PARP9","green","ADPRHL2","blue"
"PARP9","green","PSMB9","blue"
"PARP9","green","PSMB8","blue"
"PARP9","green","HLA-A","blue"
"PARP9","green","IFITM3","blue"
"PARP9","green","PARP15","blue"
"PARP9","green","REC8","blue"
"PARP9","green","AKT3","blue"
"PLEKHG4","blue","CYBB","green"
"PLEKHG4","blue","ATN1","purple"
"PLEKHG4","blue","CYFIP2","purple"
"PLEKHG4","blue","CACNA1A","green"
"DPP4","blue","CD36","green"
"TPPP","green","HMGCL","blue"
"TPPP","green","DCTN2","blue"
"TPPP","green","MICAL3","blue"
"WDHD1","blue","MDC1","purple"
"WDHD1","blue","POLA1","purple"
"WDHD1","blue","RFC1","purple"
"WDHD1","blue","MCM3","purple"
"WDHD1","blue","TTC12","green"
"ADARB1","blue","H2BC21","green"
"ADARB1","blue","DROSHA","purple"
"ADARB1","blue","CYFIP2","purple"
"UBAP2","purple","G3BP1","blue"
"HS3ST3B1","blue","AGRN","green"
"MPC1","purple","SFT2D1","blue"
"RFWD3","blue","NUP188","purple"
"RFWD3","blue","FANCA","green"
"STAT1","green","PARP1","purple"
"STAT1","green","USF1","blue"
"STAT1","green","CTSS","blue"
"STAT1","green","CD40LG","blue"
"STAT1","green","HSP90AB1","purple"
"STAT1","green","HSPG2","blue"
"STAT1","green","PSMB9","blue"
"STAT1","green","PSMB8","blue"
"STAT1","green","CUL4A","blue"
"STAT1","green","FOXP3","blue"
"STAT1","green","HLA-C","blue"
"STAT1","green","HLA-E","blue"
"STAT1","green","FOXO1","blue"
"STAT1","green","TNK2","blue"
"STAT1","green","PSME1","blue"
"STAT1","green","IL24","blue"
"STAT1","green","SUMO1","purple"
"STAT1","green","ETS1","blue"
"STAT1","green","PIAS3","purple"
"STAT1","green","G3BP1","blue"
"STAT1","green","LGALS9","blue"
"STAT1","green","HLA-A","blue"
"STAT1","green","BCL2","blue"
"STAT1","green","IFITM3","blue"
"STAT1","green","ESRRA","blue"
"STAT1","green","NFATC1","purple"
"STAT1","green","HLA-B","blue"
"STAT1","green","PRKCA","blue"
"STAT1","green","PARP15","blue"
"STAT1","green","PIK3R1","blue"
"STAT1","green","HNRNPC","blue"
"STAT1","green","IL12RB1","blue"
"STAT1","green","LCK","blue"
"STAT1","green","MYC","blue"
"STAT1","green","BTK","blue"
"STAT1","green","CDC42","blue"
"STAT1","green","SELL","blue"
"STAT1","green","EIF1AD","purple"
"MACF1","blue","DISC1","green"
"SFT2D1","blue","RPS6KA2","green"
"IPO9","blue","H2BC21","green"
"XAF1","green","TYMP","blue"
"XAF1","green","IFITM3","blue"
"TOX","purple","GATA3","green"
"TOX","purple","LGALS9","blue"
"TOX","purple","TIGIT","green"
"SEPTIN4","green","SEPTIN8","blue"
"SEPTIN4","green","HLA-A","blue"
"SEPTIN4","green","PMEL","blue"
"SEPTIN4","green","SEPTIN11","blue"
"TIFA","green","TRAF1","blue"
"TIFA","green","THEMIS","blue"
"CDC14A","blue","PRPF8","purple"
"CDC14A","blue","POLR2A","purple"
"ZNF318","blue","RPRD2","purple"
"ZNF318","blue","DDX42","purple"
"COL6A1","blue","AGRN","green"
"EFCAB2","green","CASK","blue"
"MTR","blue","ALDH18A1","purple"
"MTR","blue","SAT1","green"
"HEATR1","purple","RRP15","blue"
"HEATR1","purple","MDN1","blue"
"HEATR1","purple","DDX31","blue"
"HEATR1","purple","POLR3A","blue"
"HEATR1","purple","PSMB8","blue"
"HEATR1","purple","TEX10","blue"
"HEATR1","purple","POLR1E","green"
"HEATR1","purple","URB1","blue"
"HEATR1","purple","NLE1","blue"
"HEATR1","purple","HELZ2","green"
"HEATR1","purple","PUS7","blue"
"HEATR1","purple","UTP25","blue"
"HEATR1","purple","RBM19","blue"
"HEATR1","purple","POLR1B","blue"
"HEATR1","purple","HNRNPC","blue"
"COA6","blue","APOBEC3G","green"
"PARP1","purple","SDHC","blue"
"PARP1","purple","USF1","blue"
"PARP1","purple","IFI16","green"
"PARP1","purple","H2BC21","green"
"PARP1","purple","CASP7","green"
"PARP1","purple","ADPRHL2","blue"
"PARP1","purple","TXN","blue"
"PARP1","purple","CUL4A","blue"
"PARP1","purple","FOXO1","blue"
"PARP1","purple","CHD3","blue"
"PARP1","purple","CD274","green"
"PARP1","purple","FANCA","green"
"PARP1","purple","IL24","blue"
"PARP1","purple","ETS1","blue"
"PARP1","purple","BCL2","blue"
"PARP1","purple","PAXIP1","blue"
"PARP1","purple","IDH1","green"
"PARP1","purple","SENP1","blue"
"PARP1","purple","ERN1","green"
"PARP1","purple","PARP15","blue"
"PARP1","purple","PARP14","green"
"PARP1","purple","NUDT16","blue"
"PARP1","purple","CASP1","green"
"PARP1","purple","PARP10","green"
"PARP1","purple","ABCB1","blue"
"PARP1","purple","MYC","blue"
"PARP1","purple","DDIT3","blue"
"PARP1","purple","RTL10","blue"
"PARP1","purple","MORC2","blue"
"EPRS1","purple","NDUFS2","blue"
"EPRS1","purple","POLR3A","blue"
"EPRS1","purple","PRPS1","green"
"EPRS1","purple","OTUD3","blue"
"EPRS1","purple","HABP4","blue"
"EPRS1","purple","NFX1","blue"
"EPRS1","purple","ASNS","blue"
"EPRS1","purple","HLCS","blue"
"EPRS1","purple","IFI35","green"
"EPRS1","purple","EEF1D","blue"
"EPRS1","purple","PARP15","blue"
"EPRS1","purple","HELZ2","green"
"EPRS1","purple","ENO2","blue"
"EPRS1","purple","POLR1B","blue"
"EPRS1","purple","GATC","blue"
"EPRS1","purple","ETFA","blue"
"EPRS1","purple","EARS2","blue"
"EPRS1","purple","COASY","blue"
"EPRS1","purple","ISG15","green"
"EPRS1","purple","CDC42","blue"
"RRP15","blue","DKC1","purple"
"RRP15","blue","PDCD11","purple"
"RRP15","blue","BMS1","purple"
"RRP15","blue","EXOSC10","purple"
"RRP15","blue","POLR1E","green"
"RRP15","blue","MYBBP1A","purple"
"RRP15","blue","NOLC1","purple"
"RRP15","blue","NOP14","purple"
"RRP15","blue","DDX24","purple"
"RRP15","blue","DDX27","purple"
"RRP15","blue","KRI1","purple"
"G0S2","blue","HELZ2","green"
"DYNLT1","green","BMPR1A","blue"
"DYNLT1","green","HLA-C","blue"
"DYNLT1","green","TNFRSF25","blue"
"DYNLT1","green","HLA-A","blue"
"DYNLT1","green","HLA-B","blue"
"DYNLT1","green","DCTN2","blue"
"DYNLT1","green","SUCLG2","blue"
"DYNLT1","green","DYNC2H1","blue"
"TULP4","blue","UBE2F","green"
"SLC41A1","purple","HOOK1","blue"
"SLC41A1","purple","NUCKS1","blue"
"SLC41A1","purple","NIPAL3","blue"
"PIK3C2B","blue","INPP5E","green"
"PIK3C2B","blue","SOCS1","green"
"SYNE1","blue","PDCD11","purple"
"SYNE1","blue","AGRN","green"
"SYNE1","blue","MECP2","green"
"SYNE1","blue","DISC1","green"
"SYNE1","blue","CACNA1A","green"
"SYNE1","blue","TRANK1","green"
"RAB32","blue","FLNB","purple"
"RAB32","blue","SGSM1","green"
"DHX9","purple","AIM2","green"
"DHX9","purple","IFI16","green"
"DHX9","purple","ADAR","green"
"DHX9","purple","DDX20","blue"
"DHX9","purple","ZBP1","green"
"DHX9","purple","RBBP4","blue"
"DHX9","purple","DDX58","green"
"DHX9","purple","DDX60","green"
"DHX9","purple","G3BP1","blue"
"DHX9","purple","TNRC6A","blue"
"DHX9","purple","BCL2","blue"
"DHX9","purple","MEX3C","blue"
"DHX9","purple","BUD31","blue"
"DHX9","purple","EIF4B","green"
"DHX9","purple","MECP2","green"
"DHX9","purple","PSMD13","blue"
"DHX9","purple","MOV10","green"
"DHX9","purple","CRYZ","blue"
"DHX9","purple","ERN1","green"
"DHX9","purple","DDX46","blue"
"DHX9","purple","EIF1","blue"
"DHX9","purple","SNW1","blue"
"DHX9","purple","HNRNPC","blue"
"DHX9","purple","MYC","blue"
"DHX9","purple","SAP18","blue"
"DHX9","purple","IFIH1","green"
"SDHC","blue","SGPL1","green"
"SDHC","blue","APOBEC3G","green"
"SDHC","blue","IDH1","green"
"SDHC","blue","ILF3","purple"
"SDHC","blue","DROSHA","purple"
"NDUFS2","blue","SGPL1","green"
"NDUFS2","blue","APOBEC3G","green"
"NDUFS2","blue","IDH1","green"
"NDUFS2","blue","CNP","green"
"SLAMF7","green","SLAMF6","blue"
"SLAMF7","green","CD40LG","blue"
"SLAMF7","green","SLAMF1","blue"
"SLAMF6","blue","GBP1","green"
"SLAMF6","blue","TIGIT","green"
"SLAMF6","blue","SPN","purple"
"AIM2","green","CTSS","blue"
"AIM2","green","BTK","blue"
"AIM2","green","GSDMD","blue"
"IFI16","green","PDCD11","purple"
"IFI16","green","BMS1","purple"
"IFI16","green","PSMB9","blue"
"IFI16","green","PSMB8","blue"
"IFI16","green","HLA-C","blue"
"IFI16","green","EXOSC10","purple"
"IFI16","green","SUMO1","purple"
"IFI16","green","HLA-A","blue"
"IFI16","green","IFITM3","blue"
"IFI16","green","DDX24","purple"
"IFI16","green","GSDMD","blue"
"IFI16","green","NKRF","blue"
"FCRL3","blue","CD40","green"
"FCRL3","blue","TIGIT","green"
"HSF2","blue","HSP90AB1","purple"
"ADAR","green","BTRC","blue"
"ADAR","green","TGFBRAP1","purple"
"ADAR","green","G3BP1","blue"
"ADAR","green","IFITM3","blue"
"ADAR","green","ILF3","purple"
"ADAR","green","DROSHA","purple"
"ADAR","green","HNRNPC","blue"
"ADAR","green","DDX42","purple"
"ADAR","green","MYC","blue"
"ADAR","green","CYFIP2","purple"
"TSPYL1","blue","BRD2","purple"
"TSPYL1","blue","DDX24","purple"
"SLC39A1","blue","SUMO1","purple"
"GATAD2B","purple","H2BC21","green"
"GATAD2B","purple","ZNF512B","blue"
"GATAD2B","purple","RBBP4","blue"
"GATAD2B","purple","CHD3","blue"
"GATAD2B","purple","HMG20A","blue"
"GATAD2B","purple","NFATC2","blue"
"GATAD2B","purple","MTA3","blue"
"GATAD2B","purple","BRMS1","blue"
"GATAD2B","purple","DISC1","green"
"GATAD2B","purple","BRD1","blue"
"GATAD2B","purple","SAP18","blue"
"GATAD2B","purple","ING5","blue"
"GATAD2B","purple","PHC1","blue"
"SNAPIN","blue","TRIM69","green"
"S100A8","blue","CYBB","green"
"S100A8","blue","CD36","green"
"S100A8","blue","CASP1","green"
"S100A9","blue","CYBB","green"
"S100A9","blue","CD36","green"
"S100A9","blue","RNF4","purple"
"S100A9","blue","CASP1","green"
"THEM4","blue","ACOT9","green"
"SLC16A10","blue","MCTS1","purple"
"ACADSB","blue","ACOT9","green"
"ACADSB","blue","STOML1","green"
"PSMD4","blue","HSP90AB1","purple"
"PSMD4","blue","CD40","green"
"PSMD4","blue","SUMO1","purple"
"PSMD4","blue","RUNX3","green"
"PSMD4","blue","RNF4","purple"
"PSMD4","blue","ISG15","green"
"PSMD4","blue","NUB1","green"
"PSMD4","blue","HSBP1","purple"
"TNFAIP8L2","blue","GIMAP4","green"
"CTSS","blue","GBP2","green"
"CTSS","blue","CD40","green"
"CTSS","blue","C1QC","green"
"CTSS","blue","C1QA","green"
"CTSS","blue","CYBB","green"
"CTSS","blue","DDX58","green"
"CTSS","blue","TLR7","green"
"CTSS","blue","IFI30","green"
"CTSS","blue","CD36","green"
"CTSS","blue","CASP1","green"
"CTSS","blue","B2M","green"
"SEC63","blue","DNAJC1","green"
"SEC63","blue","SYVN1","purple"
"SEC63","blue","DNAJA1","green"
"SEC63","blue","ERN1","green"
"SEC63","blue","HYOU1","purple"
"RPRD2","purple","POLR1B","blue"
"BAG3","purple","DNAJA1","green"
"BAG3","purple","TNK2","blue"
"BAG3","purple","G3BP1","blue"
"BAG3","purple","BCL2","blue"
"BAG3","purple","MYC","blue"
"BAG3","purple","BTK","blue"
"BAG3","purple","ISG15","green"
"PLEKHO1","blue","IFI35","green"
"EIF3A","purple","HABP4","blue"
"EIF3A","purple","DDX60","green"
"EIF3A","purple","G3BP1","blue"
"EIF3A","purple","MEX3C","blue"
"EIF3A","purple","EIF4B","green"
"EIF3A","purple","EEF1D","blue"
"EIF3A","purple","EIF1","blue"
"EIF3A","purple","HNRNPC","blue"
"EIF3A","purple","FBXW8","blue"
"EIF3A","purple","RSPH9","green"
"EIF3A","purple","TOB1","blue"
"H2BC21","green","HSP90AB1","purple"
"H2BC21","green","RBBP4","blue"
"H2BC21","green","TET1","blue"
"H2BC21","green","CUL4A","blue"
"H2BC21","green","FOXP3","blue"
"H2BC21","green","MDC1","purple"
"H2BC21","green","POLA1","purple"
"H2BC21","green","CHD3","blue"
"H2BC21","green","PSIP1","blue"
"H2BC21","green","MYBBP1A","purple"
"H2BC21","green","SMARCA2","purple"
"H2BC21","green","EP400","purple"
"H2BC21","green","SUMO1","purple"
"H2BC21","green","NUMA1","purple"
"H2BC21","green","G3BP1","blue"
"H2BC21","green","INCENP","blue"
"H2BC21","green","SIN3A","purple"
"H2BC21","green","BRD2","purple"
"H2BC21","green","TNRC6A","blue"
"H2BC21","green","BCL2","blue"
"H2BC21","green","PAXIP1","blue"
"H2BC21","green","MTA3","blue"
"H2BC21","green","BRMS1","blue"
"H2BC21","green","SUMO2","purple"
"H2BC21","green","TCEA3","blue"
"H2BC21","green","ATXN7L1","blue"
"H2BC21","green","RNF4","purple"
"H2BC21","green","NCAPD3","blue"
"H2BC21","green","KMT2A","blue"
"H2BC21","green","USP36","blue"
"H2BC21","green","POLR1B","blue"
"H2BC21","green","SMARCC2","purple"
"H2BC21","green","POLR2A","purple"
"H2BC21","green","APBB1","blue"
"H2BC21","green","MYC","blue"
"H2BC21","green","SAP18","blue"
"H2BC21","green","SELL","blue"
"H2BC21","green","MCM3","purple"
"H2BC21","green","KDM4C","blue"
"H2BC21","green","PHC1","blue"
"H2BC21","green","REC8","blue"
"H2BC21","green","EGFL7","blue"
"FCGR1A","green","CD40LG","blue"
"FCGR1A","green","AIF1","blue"
"FCGR1A","green","FOXP3","blue"
"FCGR1A","green","CD14","blue"
"FCGR1A","green","ARPC1B","blue"
"FCGR1A","green","PIK3R1","blue"
"FCGR1A","green","CD3G","blue"
"FCGR1A","green","CD300LF","blue"
"FCGR1A","green","SELL","blue"
"FCGR1A","green","SPN","purple"
"CASP7","green","BCL2","blue"
"CASP7","green","MYC","blue"
"CASP7","green","SPTAN1","purple"
"CASP7","green","DDIT3","blue"
"CASP7","green","GSDMD","blue"
"CASP7","green","RTL10","blue"
"PDE4DIP","blue","DISC1","green"
"PDE4DIP","blue","CKAP5","purple"
"MDN1","blue","PDCD11","purple"
"MDN1","blue","NUP188","purple"
"MDN1","blue","BMS1","purple"
"MDN1","blue","POLA1","purple"
"MDN1","blue","SUMO2","purple"
"RNGTT","blue","CMTR1","green"
"RNGTT","blue","POLR2A","purple"
"DKC1","purple","NDC1","blue"
"DKC1","purple","DDX31","blue"
"DKC1","purple","POLR3A","blue"
"DKC1","purple","POLR1E","green"
"DKC1","purple","URB1","blue"
"DKC1","purple","G3BP1","blue"
"DKC1","purple","PAICS","blue"
"DKC1","purple","PUS7","blue"
"DKC1","purple","NSUN4","blue"
"DKC1","purple","RBM19","blue"
"DKC1","purple","POLR1B","blue"
"DKC1","purple","HNRNPC","blue"
"DKC1","purple","MYC","blue"
"DKC1","purple","CTC1","blue"
"DUSP5","green","LIMA1","blue"
"DUSP5","green","NFATC2","blue"
"DUSP5","green","MAPK9","blue"
"DUSP5","green","MYC","blue"
"PLXNA3","blue","HSP90AB1","purple"
"DDX20","blue","NUP188","purple"
"DDX20","blue","NOLC1","purple"
"DDX20","blue","CBLL1","purple"
"DDX20","blue","DROSHA","purple"
"DDX20","blue","SART3","purple"
"DDX20","blue","DDX42","purple"
"GSTO1","blue","GLRX","green"
"GSTO1","blue","CNP","green"
"KCNA3","blue","IFI35","green"
"PDCD11","purple","DDX31","blue"
"PDCD11","purple","POLR3A","blue"
"PDCD11","purple","HMGCL","blue"
"PDCD11","purple","ELP1","blue"
"PDCD11","purple","TEX10","blue"
"PDCD11","purple","POLR1E","green"
"PDCD11","purple","URB1","blue"
"PDCD11","purple","DDX60","green"
"PDCD11","purple","EIF4B","green"
"PDCD11","purple","NLE1","blue"
"PDCD11","purple","DDX46","blue"
"PDCD11","purple","HELZ2","green"
"PDCD11","purple","PUS7","blue"
"PDCD11","purple","UTP25","blue"
"PDCD11","purple","NSUN4","blue"
"PDCD11","purple","MYBL1","blue"
"PDCD11","purple","ATOX1","blue"
"PDCD11","purple","ENO2","blue"
"PDCD11","purple","RBM19","blue"
"PDCD11","purple","POLR1B","blue"
"PDCD11","purple","EARS2","blue"
"BTRC","blue","BMS1","purple"
"BTRC","blue","FBXO6","green"
"BTRC","blue","CD274","green"
"BTRC","blue","CSNK1E","green"
"SEC31B","blue","SEC31A","purple"
"GBP5","green","PSMB9","blue"
"GBP5","green","PSMB8","blue"
"GBP5","green","IFITM3","blue"
"GBP5","green","SERINC5","blue"
"GBP4","green","PSMB9","blue"
"GBP4","green","IFITM3","blue"
"GBP2","green","PSMB9","blue"
"GBP2","green","PSMB8","blue"
"GBP2","green","HLA-E","blue"
"GBP2","green","PSME1","blue"
"GBP2","green","IFITM3","blue"
"GBP2","green","HLA-B","blue"
"GBP1","green","PSMB9","blue"
"GBP1","green","PSMB8","blue"
"GBP1","green","HLA-C","blue"
"GBP1","green","PSME1","blue"
"GBP1","green","IFITM3","blue"
"GBP1","green","HLA-B","blue"
"GBP3","green","PSMB8","blue"
"GTF2B","purple","POLR3A","blue"
"GTF2B","purple","MED18","blue"
"GTF2B","purple","MLLT3","blue"
"GTF2B","purple","SERPINB1","blue"
"GTF2B","purple","PSME1","blue"
"GTF2B","purple","SIDT1","blue"
"GTF2B","purple","ESRRA","blue"
"GTF2B","purple","MECP2","green"
"GTF2B","purple","TCEA3","blue"
"GTF2B","purple","POLR1B","blue"
"GTF2B","purple","SNW1","blue"
"GTF2B","purple","MYC","blue"
"GTF2B","purple","H4C8","green"
"GTF2B","purple","TAF4B","blue"
"NTSR1","blue","ILF3","purple"
"CREG1","green","RBL1","blue"
"CREG1","green","HLA-B","blue"
"ZNHIT6","blue","NOP14","purple"
"ZNHIT6","blue","PRPF8","purple"
"ZNHIT6","blue","KRI1","purple"
"CD40LG","blue","CD40","green"
"CD40LG","blue","MDC1","purple"
"CD40LG","blue","CYBB","green"
"CD40LG","blue","GATA3","green"
"CD40LG","blue","TLR7","green"
"CD40LG","blue","CD274","green"
"CD40LG","blue","PDCD1LG2","green"
"CD40LG","blue","NFATC1","purple"
"CD40LG","blue","CD36","green"
"CD40LG","blue","TIGIT","green"
"CD40LG","blue","IDO1","green"
"CD40LG","blue","CASP1","green"
"CD40LG","blue","B2M","green"
"CD40LG","blue","SPN","purple"
"PRKACB","blue","HSP90AB1","purple"
"PRKACB","blue","SUMO1","purple"
"PRKACB","blue","CSNK1E","green"
"PRKACB","blue","NFATC1","purple"
"PRKACB","blue","ATP1A1","purple"
"PRKACB","blue","DCAF7","purple"
"IFI44","green","PSMB9","blue"
"IFI44","green","TGFBRAP1","purple"
"IFI44","green","IFITM3","blue"
"IFI44","green","HLA-B","blue"
"IFI44","green","PARP15","blue"
"IFI44L","green","PSMB9","blue"
"IFI44L","green","IFITM3","blue"
"IFI44L","green","MAPK9","blue"
"IFI44L","green","DROSHA","purple"
"MTG2","blue","ALDH18A1","purple"
"MTG2","blue","LARS2","purple"
"ZBP1","green","HSH2D","blue"
"ZBP1","green","GSDMD","blue"
"ALDH18A1","purple","PRPS1","green"
"ALDH18A1","purple","AZIN2","blue"
"ALDH18A1","purple","HMGCL","blue"
"ALDH18A1","purple","ASNS","blue"
"ALDH18A1","purple","GATM","blue"
"ALDH18A1","purple","PAICS","blue"
"ALDH18A1","purple","IDH1","green"
"ALDH18A1","purple","ZFYVE27","blue"
"ALDH18A1","purple","CD36","green"
"ALDH18A1","purple","SUCLG2","blue"
"ALDH18A1","purple","MALSU1","blue"
"ALDH18A1","purple","EPHX2","blue"
"ALDH18A1","purple","STOML1","green"
"ALDH18A1","purple","POLR1B","blue"
"ALDH18A1","purple","EARS2","blue"
"ALDH18A1","purple","COASY","blue"
"ALDH18A1","purple","ALDH3B1","blue"
"ALDH18A1","purple","AGK","blue"
"ALDH18A1","purple","RIC8B","blue"
"ALDH18A1","purple","SEC11A","blue"
"ALDH18A1","purple","SLC9B2","blue"
"MCTS1","purple","HM13","blue"
"MCTS1","purple","EIF1","blue"
"MCTS1","purple","SLC16A1","blue"
"PLCE1","blue","INPP5E","green"
"PLCE1","blue","PLCH2","green"
"NDC1","blue","NUP188","purple"
"NDC1","blue","SUMO1","purple"
"NDC1","blue","SUMO2","purple"
"ECHDC2","blue","STOML1","green"
"HSP90AB1","purple","CD40","green"
"HSP90AB1","purple","POLR3A","blue"
"HSP90AB1","purple","RBBP4","blue"
"HSP90AB1","purple","PDIK1L","blue"
"HSP90AB1","purple","TXN","blue"
"HSP90AB1","purple","FKBPL","blue"
"HSP90AB1","purple","FBXO6","green"
"HSP90AB1","purple","DNAJC11","blue"
"HSP90AB1","purple","GATA3","green"
"HSP90AB1","purple","FOXO1","blue"
"HSP90AB1","purple","DNAJA1","green"
"HSP90AB1","purple","GDI2","blue"
"HSP90AB1","purple","CHD3","blue"
"HSP90AB1","purple","CD274","green"
"HSP90AB1","purple","TNK2","blue"
"HSP90AB1","purple","PSME1","blue"
"HSP90AB1","purple","FANCA","green"
"HSP90AB1","purple","PLXNA1","blue"
"HSP90AB1","purple","G3BP1","blue"
"HSP90AB1","purple","TNRC6A","blue"
"HSP90AB1","purple","BCL2","blue"
"HSP90AB1","purple","PAICS","blue"
"HSP90AB1","purple","ESRRA","blue"
"HSP90AB1","purple","APOBEC3G","green"
"HSP90AB1","purple","PTPN13","blue"
"HSP90AB1","purple","CALCOCO2","green"
"HSP90AB1","purple","ITK","blue"
"HSP90AB1","purple","ERN1","green"
"HSP90AB1","purple","TRIM32","green"
"HSP90AB1","purple","DCTN2","blue"
"HSP90AB1","purple","SUCLG2","blue"
"HSP90AB1","purple","CASP1","green"
"HSP90AB1","purple","ATXN2","blue"
"HSP90AB1","purple","HNRNPC","blue"
"HSP90AB1","purple","LCK","blue"
"HSP90AB1","purple","CRY2","blue"
"HSP90AB1","purple","ABCB1","blue"
"HSP90AB1","purple","MYC","blue"
"HSP90AB1","purple","BTK","blue"
"HSP90AB1","purple","ARHGEF7","blue"
"HSP90AB1","purple","CDC42","blue"
"HSP90AB1","purple","B2M","green"
"HSP90AB1","purple","GSDMD","blue"
"HSP90AB1","purple","TTC12","green"
"HSP90AB1","purple","AKT3","blue"
"INPP5E","green","INPP4B","blue"
"INPP5E","green","PIK3R1","blue"
"INPP5E","green","RPGRIP1L","blue"
"ZNFX1","green","NFX1","blue"
"ZNFX1","green","DDX27","purple"
"ZNFX1","green","TENT4A","blue"
"UBAC1","blue","RSAD2","green"
"UBAC1","blue","NUB1","green"
"IFIT5","green","IFITM3","blue"
"IFIT1","green","PHACTR4","purple"
"IFIT1","green","PSMB9","blue"
"IFIT1","green","PSMB8","blue"
"IFIT1","green","HLA-C","blue"
"IFIT1","green","IFITM3","blue"
"IFIT1","green","ESRRA","blue"
"IFIT1","green","HLA-B","blue"
"IFIT3","green","PHACTR4","purple"
"IFIT3","green","PSMB9","blue"
"IFIT3","green","PSMB8","blue"
"IFIT3","green","LGALS9","blue"
"IFIT3","green","IFITM3","blue"
"ANKRD22","green","ZNF831","blue"
"AMOT","blue","DCAF1","purple"
"BMPR1A","blue","B2M","green"
"GHITM","blue","PCMT1","purple"
"DDX31","blue","BMS1","purple"
"DDX31","blue","EXOSC10","purple"
"DDX31","blue","POLR1E","green"
"DDX31","blue","MYBBP1A","purple"
"DDX31","blue","NOP14","purple"
"DDX31","blue","DDX24","purple"
"DDX31","blue","DDX27","purple"
"DDX31","blue","KRI1","purple"
"POMT1","blue","AGRN","green"
"POMT1","blue","TRIM32","green"
"POLH","blue","POLA1","purple"
"POLH","blue","RFC1","purple"
"POLH","blue","ISG15","green"
"CD40","green","TRAF1","blue"
"CD40","green","PSMB9","blue"
"CD40","green","PSMB8","blue"
"CD40","green","FOXP3","blue"
"CD40","green","HLA-E","blue"
"CD40","green","TNFRSF25","blue"
"CD40","green","PSME1","blue"
"CD40","green","LGALS9","blue"
"CD40","green","HLA-A","blue"
"CD40","green","CARD11","blue"
"CD40","green","BCL2","blue"
"CD40","green","PSMD13","blue"
"CD40","green","HLA-B","blue"
"CD40","green","PMEL","blue"
"CD40","green","PIK3R1","blue"
"CD40","green","CD3G","blue"
"CD40","green","SLAMF1","blue"
"CD40","green","IL12RB1","blue"
"CD40","green","LCK","blue"
"CD40","green","MYC","blue"
"CD40","green","BTK","blue"
"CD40","green","SELL","blue"
"CD40","green","SPN","purple"
"POLR3A","blue","BMS1","purple"
"POLR3A","blue","IARS1","purple"
"POLR3A","blue","EXOSC10","purple"
"POLR3A","blue","POLR1E","green"
"POLR3A","blue","MYBBP1A","purple"
"POLR3A","blue","RNF216","green"
"POLR3A","blue","LARS1","purple"
"POLR3A","blue","NOP14","purple"
"POLR3A","blue","SART3","purple"
"POLR3A","blue","POLR2A","purple"
"POLR3A","blue","LARS2","purple"
"PRPS1","green","NMT2","blue"
"PRPS1","green","PAICS","blue"
"PRPS1","green","BRMS1","blue"
"PRPS1","green","EARS2","blue"
"PRPS1","green","ARHGEF9","blue"
"CTSA","blue","SYVN1","purple"
"PPCS","purple","HLCS","blue"
"PPCS","purple","COASY","blue"
"NUP188","purple","NUP160","blue"
"NUP188","purple","INCENP","blue"
"NUP188","purple","POM121","blue"
"NUP188","purple","HNRNPC","blue"
"NUP188","purple","SMPD4","blue"
"BEX3","blue","MAGED1","purple"
"ADPRHL2","blue","PARP14","green"
"ADPRHL2","blue","PARP10","green"
"SGPL1","green","SDHB","blue"
"SGPL1","green","COMMD5","blue"
"SGPL1","green","MYC","blue"
"CHD6","blue","SMARCA2","purple"
"CHD6","blue","EP400","purple"
"CHD6","blue","SMARCC2","purple"
"CHD6","blue","RNF213","green"
"MAFB","green","RBBP4","blue"
"MAFB","green","ETS1","blue"
"MAFB","green","PAXIP1","blue"
"MAFB","green","NFATC1","purple"
"MAFB","green","ZNF202","blue"
"AZIN2","blue","SAT1","green"
"CMTR1","green","DCAF1","purple"
"CMTR1","green","SART3","purple"
"CMTR1","green","ZNF76","blue"
"CMTR1","green","RNMT","blue"
"RBBP4","blue","SMARCA2","purple"
"RBBP4","blue","SUMO1","purple"
"RBBP4","blue","SIN3A","purple"
"RBBP4","blue","ATN1","purple"
"RBBP4","blue","UBAP2L","purple"
"RBBP4","blue","MECP2","green"
"RBBP4","blue","MOV10","green"
"RBBP4","blue","SUMO2","purple"
"RBBP4","blue","SMARCC2","purple"
"RBBP4","blue","POLR2A","purple"
"RBBP4","blue","H4C8","green"
"RBBP4","blue","MCM3","purple"
"SCAI","blue","MDC1","purple"
"TXLNA","purple","TXLNG","blue"
"TET1","blue","SIN3A","purple"
"TET1","blue","IDH1","green"
"TET1","blue","MECP2","green"
"PEF1","blue","SEC31A","purple"
"PHACTR4","purple","IFIT2","green"
"MED18","blue","CD36","green"
"MED18","blue","HELZ2","green"
"MED18","blue","POLR2A","purple"
"MED18","blue","H4C8","green"
"TRAF1","blue","IRF5","green"
"TRAF1","blue","IDO1","green"
"TRAF1","blue","IFIH1","green"
"ATP6V1G1","purple","SESN1","blue"
"ATP6V1G1","purple","ATP6V0E2","blue"
"ATP6V1G1","purple","ATP6V0E1","blue"
"ATP6V1G1","purple","SAP18","blue"
"ATP6V1G1","purple","RNASEK","blue"
"RUFY4","green","TRAPPC3","blue"
"RUFY4","green","ZNF142","purple"
"ITPR3","blue","ATXN2L","purple"
"ITPR3","blue","ERN1","green"
"ITPR3","blue","DISC1","green"
"ITPR3","blue","ERLIN1","green"
"LDLRAP1","blue","REPS1","purple"
"DLG3","blue","SIPA1L1","green"
"RCAN3","blue","NFATC1","purple"
"BAK1","green","BCL2","blue"
"BAK1","green","RTL10","blue"
"HMGCL","blue","IDH1","green"
"EDEM2","blue","SYVN1","purple"
"TXN","blue","CYBB","green"
"TXN","blue","GLRX","green"
"TXN","blue","SUMO1","purple"
"TXN","blue","IFI30","green"
"TXN","blue","IDH1","green"
"TXN","blue","ERN1","green"
"TXN","blue","SUMO2","purple"
"TXN","blue","CD36","green"
"TXN","blue","CASP1","green"
"TXN","blue","MAP2K6","green"
"TXN","blue","SEPHS2","green"
"BMS1","purple","TEX10","blue"
"BMS1","purple","POLR1E","green"
"BMS1","purple","NFX1","blue"
"BMS1","purple","URB1","blue"
"BMS1","purple","DDX60","green"
"BMS1","purple","NLE1","blue"
"BMS1","purple","DDX46","blue"
"BMS1","purple","HELZ2","green"
"BMS1","purple","PUS7","blue"
"BMS1","purple","UTP25","blue"
"BMS1","purple","NSUN4","blue"
"BMS1","purple","RBM19","blue"
"BMS1","purple","POLR1B","blue"
"C1QC","green","AIF1","blue"
"C1QC","green","MS4A6A","blue"
"C1QA","green","AIF1","blue"
"C1QA","green","CD14","blue"
"C1QA","green","MS4A6A","blue"
"ELP1","blue","EXOSC10","purple"
"ELP1","blue","CSNK1E","green"
"ELP1","blue","POLR2A","purple"
"ELP1","blue","DDX24","purple"
"HSPG2","blue","AGRN","green"
"HSPG2","blue","B2M","green"
"PSMB9","blue","TAP2","green"
"PSMB9","blue","DDX58","green"
"PSMB9","blue","TRIM22","green"
"PSMB9","blue","CD274","green"
"PSMB9","blue","BRD2","purple"
"PSMB9","blue","IRF9","green"
"PSMB9","blue","IRF7","green"
"PSMB9","blue","MX1","green"
"PSMB9","blue","RUNX3","green"
"PSMB9","blue","APOBEC3G","green"
"PSMB9","blue","OAS1","green"
"PSMB9","blue","IFI35","green"
"PSMB9","blue","IDO1","green"
"PSMB9","blue","CASP1","green"
"PSMB9","blue","IFIT2","green"
"PSMB9","blue","ISG15","green"
"PSMB9","blue","IFIH1","green"
"PSMB9","blue","B2M","green"
"PSMB9","blue","NUB1","green"
"PSMB8","blue","TAP2","green"
"PSMB8","blue","DDX58","green"
"PSMB8","blue","TRIM22","green"
"PSMB8","blue","BRD2","purple"
"PSMB8","blue","IRF9","green"
"PSMB8","blue","IRF7","green"
"PSMB8","blue","MX1","green"
"PSMB8","blue","RUNX3","green"
"PSMB8","blue","OAS1","green"
"PSMB8","blue","IFI35","green"
"PSMB8","blue","CASP1","green"
"PSMB8","blue","IFIT2","green"
"PSMB8","blue","SAMHD1","green"
"PSMB8","blue","ISG15","green"
"PSMB8","blue","IFIH1","green"
"PSMB8","blue","B2M","green"
"PSMB8","blue","NUB1","green"
"TAP2","green","HLA-C","blue"
"TAP2","green","HLA-E","blue"
"TAP2","green","BRD2","purple"
"TAP2","green","HLA-A","blue"
"TAP2","green","HLA-B","blue"
"TEX10","blue","EXOSC10","purple"
"TEX10","blue","NOP14","purple"
"TEX10","blue","SUMO2","purple"
"TEX10","blue","DDX27","purple"
"FKBPL","blue","CSNK1E","green"
"HABP4","blue","PIAS3","purple"
"HABP4","blue","IFI35","green"
"HABP4","blue","DDX24","purple"
"DCAF17","blue","REPS1","purple"
"DCAF17","blue","DCAF1","purple"
"DCAF17","blue","DCAF7","purple"
"CUL4A","blue","FBXO6","green"
"CUL4A","blue","RFC1","purple"
"CUL4A","blue","SUMO1","purple"
"CUL4A","blue","PIAS3","purple"
"CUL4A","blue","APOBEC3G","green"
"CUL4A","blue","DCAF1","purple"
"CUL4A","blue","SUMO2","purple"
"CUL4A","blue","POLR2A","purple"
"CUL4A","blue","SAMHD1","green"
"CUL4A","blue","DCAF7","purple"
"CUL4A","blue","UBE2F","green"
"CUL4A","blue","INO80","purple"
"TSPYL2","blue","BRD2","purple"
"TSPYL2","blue","DDX24","purple"
"SDHB","blue","APOBEC3G","green"
"SDHB","blue","IDH1","green"
"SDHB","blue","CD36","green"
"SDHB","blue","RNF213","green"
"IARS1","purple","CHD3","blue"
"IARS1","purple","ASNS","blue"
"IARS1","purple","PDE8A","blue"
"IARS1","purple","PAICS","blue"
"IARS1","purple","POLR1B","blue"
"IARS1","purple","EARS2","blue"
"ASXL1","blue","SMARCA2","purple"
"ASXL1","blue","UBAP2L","purple"
"ASXL1","blue","IDH1","green"
"ASXL1","blue","PRPF8","purple"
"MAGED1","purple","MCF2L","blue"
"POFUT1","blue","FBXO6","green"
"CLIC1","blue","GLRX","green"
"DDAH2","blue","PAIP2","purple"
"AIF1","blue","CYBB","green"
"AIF1","blue","TLR7","green"
"AIF1","blue","CD36","green"
"AIF1","blue","CASP1","green"
"AIF1","blue","CNP","green"
"AIF1","blue","TRANK1","green"
"LST1","blue","FLNB","purple"
"FOXP3","blue","GATA3","green"
"FOXP3","blue","TLR7","green"
"FOXP3","blue","CD274","green"
"FOXP3","blue","IL15RA","green"
"FOXP3","blue","IRF7","green"
"FOXP3","blue","PDCD1LG2","green"
"FOXP3","blue","RUNX3","green"
"FOXP3","blue","NFATC1","purple"
"FOXP3","blue","CD36","green"
"FOXP3","blue","IRF5","green"
"FOXP3","blue","TIGIT","green"
"FOXP3","blue","IDO1","green"
"FOXP3","blue","CASP1","green"
"FOXP3","blue","SOCS1","green"
"FOXP3","blue","B2M","green"
"FOXP3","blue","SPN","purple"
"FOXP3","blue","FOXP1","purple"
"FOXP3","blue","IKZF4","purple"
"HLA-C","blue","CD274","green"
"HLA-C","blue","SEC31A","purple"
"HLA-C","blue","IRF9","green"
"HLA-C","blue","MR1","green"
"HLA-C","blue","SAMHD1","green"
"HLA-C","blue","ISG15","green"
"HLA-C","blue","IFIH1","green"
"HLA-C","blue","B2M","green"
"MDC1","purple","CHD3","blue"
"MDC1","purple","FANCA","green"
"MDC1","purple","PAXIP1","blue"
"MDC1","purple","L3MBTL1","blue"
"MDC1","purple","KANSL2","blue"
"MDC1","purple","KMT2A","blue"
"MDC1","purple","MYC","blue"
"MDC1","purple","PHC1","blue"
"MDC1","purple","RNMT","blue"
"GPR183","blue","IRF7","green"
"GPR183","blue","SPN","purple"
"GRIPAP1","blue","ZNF365","green"
"GRIPAP1","blue","DISC1","green"
"GRIPAP1","blue","PARP14","green"
"DOCK9","blue","DOCK10","purple"
"PIM2","blue","EIF4B","green"
"PIM2","blue","SOCS1","green"
"MSRB2","blue","GLRX","green"
"MSRB2","blue","SEPHS2","green"
"CEP78","blue","DCAF1","purple"
"HLA-E","blue","CD274","green"
"HLA-E","blue","SEC31A","purple"
"HLA-E","blue","IRF9","green"
"HLA-E","blue","IL15RA","green"
"HLA-E","blue","PDCD1LG2","green"
"HLA-E","blue","TIGIT","green"
"HLA-E","blue","IDO1","green"
"HLA-E","blue","MR1","green"
"HLA-E","blue","SAMHD1","green"
"HLA-E","blue","B2M","green"
"FBXO6","green","RNF4","purple"
"FBXO6","green","DCAF7","purple"
"EXOSC10","purple","TNFRSF25","blue"
"EXOSC10","purple","POLR1E","green"
"EXOSC10","purple","NFX1","blue"
"EXOSC10","purple","CHD3","blue"
"EXOSC10","purple","DDX60","green"
"EXOSC10","purple","IFI35","green"
"EXOSC10","purple","NLE1","blue"
"EXOSC10","purple","HELZ2","green"
"EXOSC10","purple","PUS7","blue"
"EXOSC10","purple","UTP25","blue"
"EXOSC10","purple","POLR1B","blue"
"EXOSC10","purple","HNRNPC","blue"
"EXOSC10","purple","TREX1","green"
"EXOSC10","purple","TENT4A","blue"
"EXOSC10","purple","IFIH1","green"
"EXOSC10","purple","PAN2","blue"
"DNAJC1","green","HYOU1","purple"
"KDM2B","blue","BCOR","purple"
"KDM2B","blue","SIN3A","purple"
"KDM2B","blue","MAP2K6","green"
"KDM2B","blue","ISG15","green"
"KDM2B","blue","DCAF7","purple"
"SYVN1","purple","HM13","blue"
"SYVN1","purple","UBE2J2","blue"
"SYVN1","purple","UBAC2","blue"
"SYVN1","purple","ERN1","green"
"SYVN1","purple","RER1","blue"
"SYVN1","purple","ERLIN1","green"
"SYVN1","purple","SEL1L3","blue"
"CLSTN1","purple","APBA2","green"
"CLSTN1","purple","APBB1","blue"
"LMO7","blue","SEC31A","purple"
"DNAJC11","blue","DISC1","green"
"DNAJC11","blue","HYOU1","purple"
"TBC1D4","blue","CD36","green"
"TNFRSF25","blue","CLEC16A","purple"
"TNFRSF25","blue","IRF5","green"
"TCOF1","purple","ARRB1","blue"
"TCOF1","purple","SUCLG2","blue"
"TCOF1","purple","POLR1B","blue"
"POLR1E","green","MYBBP1A","purple"
"POLR1E","green","NOLC1","purple"
"POLR1E","green","NOP14","purple"
"POLR1E","green","TCEA3","blue"
"POLR1E","green","NLE1","blue"
"POLR1E","green","PUS7","blue"
"POLR1E","green","UTP25","blue"
"POLR1E","green","ATOX1","blue"
"POLR1E","green","RBM19","blue"
"POLR1E","green","POLR1B","blue"
"POLR1E","green","POLR2A","purple"
"POLR1E","green","DDX27","purple"
"POLR1E","green","KRI1","purple"
"AHNAK","blue","SUMO2","purple"
"AHNAK","blue","FLNB","purple"
"BCOR","purple","MLLT3","blue"
"BCOR","purple","TRIM66","blue"
"BCOR","purple","PHC1","blue"
"NUP160","blue","SUMO1","purple"
"NUP160","blue","SUMO2","purple"
"NUP160","blue","RNF4","purple"
"PLCH2","green","USP53","blue"
"PLCH2","green","ITPKB","blue"
"CYBB","green","SUMO1","purple"
"CYBB","green","BCL2","blue"
"CYBB","green","ATOX1","blue"
"CYBB","green","SLAMF1","blue"
"CYBB","green","IL12RB1","blue"
"CYBB","green","BTK","blue"
"CYBB","green","CDC42","blue"
"CYBB","green","SELL","blue"
"CYBB","green","MS4A6A","blue"
"CYBB","green","SETBP1","blue"
"SEPTIN8","blue","PIAS3","purple"
"POLA1","purple","DDX58","green"
"POLA1","purple","PAXIP1","blue"
"POLA1","purple","TFDP2","blue"
"POLA1","purple","NCAPD3","blue"
"POLA1","purple","RBM19","blue"
"POLA1","purple","CTC1","blue"
"ACOT9","green","ETFA","blue"
"GATA3","green","FOXO1","blue"
"GATA3","green","ETS1","blue"
"GATA3","green","SIN3A","purple"
"GATA3","green","NFATC2","blue"
"GATA3","green","BCL2","blue"
"GATA3","green","MTA3","blue"
"GATA3","green","ITGA6","blue"
"GATA3","green","NFATC1","purple"
"GATA3","green","ITK","blue"
"GATA3","green","SATB1","blue"
"GATA3","green","INPP4B","blue"
"GATA3","green","PIK3R1","blue"
"GATA3","green","SLAMF1","blue"
"GATA3","green","IL12RB1","blue"
"GATA3","green","LCK","blue"
"GATA3","green","MYC","blue"
"GATA3","green","SELL","blue"
"GATA3","green","FOXP1","purple"
"GATA3","green","IKZF4","purple"
"AGRN","green","PLXNA1","blue"
"AGRN","green","ITGA6","blue"
"AGRN","green","FLNB","purple"
"AGRN","green","SPTAN1","purple"
"LYRM7","blue","DROSHA","purple"
"LYRM7","blue","LYRM1","green"
"NFX1","blue","SIN3A","purple"
"NFX1","blue","CLEC16A","purple"
"NFX1","blue","MOV10","green"
"FOXO1","blue","SIN3A","purple"
"FOXO1","blue","CSNK1E","green"
"FOXO1","blue","NFATC1","purple"
"FOXO1","blue","ERN1","green"
"FOXO1","blue","CD36","green"
"FOXO1","blue","HYOU1","purple"
"FOXO1","blue","FOXP1","purple"
"FOXO1","blue","IKZF4","purple"
"DNAJA1","green","G3BP1","blue"
"DNAJA1","green","PSMD13","blue"
"DNAJA1","green","SUMO2","purple"
"DNAJA1","green","SNW1","blue"
"DNAJA1","green","HNRNPC","blue"
"DNAJA1","green","HYOU1","purple"
"NDUFB6","blue","APOBEC3G","green"
"DDX58","green","G3BP1","blue"
"DDX58","green","LGALS9","blue"
"DDX58","green","IFITM3","blue"
"DDX58","green","MEX3C","blue"
"DDX58","green","PPIP5K1","blue"
"DDX58","green","PRKCA","blue"
"DDX58","green","PARP15","blue"
"DDX58","green","DROSHA","purple"
"DDX58","green","MYC","blue"
"DDX58","green","DDX24","purple"
"DDX58","green","GSDMD","blue"
"TRIM22","green","IFITM3","blue"
"GLRX","green","TSPO","blue"
"GLRX","green","EPHX2","blue"
"GLRX","green","ATOX1","blue"
"TRIM5","green","PSIP1","blue"
"TRIM5","green","ATG16L1","blue"
"TRIM5","green","SUMO1","purple"
"TRIM5","green","IFITM3","blue"
"TRIM5","green","DCAF1","purple"
"TRIM5","green","SERINC5","blue"
"TRIM5","green","MARCHF2","blue"
"TRIM6","green","MYC","blue"
"TRIM6","green","TRIM66","blue"
"TXLNG","blue","CHAMP1","purple"
"GDI2","blue","ATXN2L","purple"
"MLLT3","blue","EP400","purple"
"MLLT3","blue","BRD2","purple"
"MLLT3","blue","IDH1","green"
"MLLT3","blue","FNBP1","purple"
"MLLT3","blue","DROSHA","purple"
"MLLT3","blue","POLR2A","purple"
"MLLT3","blue","H4C8","green"
"CHD3","blue","RFC1","purple"
"CHD3","blue","SMARCA2","purple"
"CHD3","blue","SUMO1","purple"
"CHD3","blue","NUMA1","purple"
"CHD3","blue","SIN3A","purple"
"CHD3","blue","BRD2","purple"
"CHD3","blue","ATN1","purple"
"CHD3","blue","NOLC1","purple"
"CHD3","blue","MECP2","green"
"CHD3","blue","SUMO2","purple"
"CHD3","blue","SMARCC2","purple"
"CHD3","blue","PRPF8","purple"
"CHD3","blue","DDX27","purple"
"CHD3","blue","IFIH1","green"
"CHD3","blue","MCM3","purple"
"KATNAL1","blue","UBAP2L","purple"
"TMSB4X","blue","ISG15","green"
"TMSB4X","blue","B2M","green"
"TLR7","green","LGALS9","blue"
"TLR7","green","BCL2","blue"
"TLR7","green","IFITM3","blue"
"TLR7","green","CD14","blue"
"TLR7","green","ITK","blue"
"TLR7","green","IL12RB1","blue"
"TLR7","green","LCK","blue"
"TLR7","green","BTK","blue"
"TLR7","green","SELL","blue"
"TLR7","green","SARM1","blue"
"TLR7","green","GSDMD","blue"
"PSIP1","blue","SUMO1","purple"
"PSIP1","blue","BRD2","purple"
"PSIP1","blue","APOBEC3G","green"
"PSIP1","blue","MECP2","green"
"PSIP1","blue","H4C8","green"
"SLC7A1","blue","ATF5","green"
"PITRM1","purple","SUCLG2","blue"
"P2RY8","purple","KMT2A","blue"
"SGCB","blue","TRIM32","green"
"MYBBP1A","purple","URB1","blue"
"MYBBP1A","purple","NLE1","blue"
"MYBBP1A","purple","PUS7","blue"
"MYBBP1A","purple","UTP25","blue"
"MYBBP1A","purple","NSUN4","blue"
"MYBBP1A","purple","RBM19","blue"
"MYBBP1A","purple","POLR1B","blue"
"MYBBP1A","purple","MYC","blue"
"MYBBP1A","purple","SAP18","blue"
"MYBBP1A","purple","CDC42","blue"
"CD274","green","LGALS9","blue"
"CD274","green","HLA-A","blue"
"CD274","green","BCL2","blue"
"CD274","green","HLA-B","blue"
"CD274","green","PMEL","blue"
"CD274","green","CD3G","blue"
"CD274","green","LCK","blue"
"CD274","green","MYC","blue"
"CD274","green","BTK","blue"
"CD274","green","SELL","blue"
"HMG20A","blue","SUMO1","purple"
"SNPH","blue","DISC1","green"
"RFC1","purple","ISG15","green"
"RFC1","purple","CTC1","blue"
"RSAD2","green","LGALS9","blue"
"RSAD2","green","IFITM3","blue"
"RSAD2","green","HTATIP2","blue"
"RSAD2","green","PARP15","blue"
"SMARCA2","purple","ETS1","blue"
"SMARCA2","purple","G3BP1","blue"
"SMARCA2","purple","APOBEC3G","green"
"SMARCA2","purple","MECP2","green"
"SMARCA2","purple","KMT2A","blue"
"SMARCA2","purple","MYC","blue"
"DCAF16","blue","DCAF1","purple"
"DCAF16","blue","RNF4","purple"
"DCAF16","blue","DCAF7","purple"
"PSME1","blue","IRF9","green"
"PSME1","blue","RUNX3","green"
"PSME1","blue","IFI35","green"
"PSME1","blue","B2M","green"
"PSME1","blue","NUB1","green"
"URB1","blue","NOP14","purple"
"URB1","blue","DDX24","purple"
"URB1","blue","DDX27","purple"
"URB1","blue","KRI1","purple"
"URB1","blue","LARS2","purple"
"FAM169A","blue","CKAP5","purple"
"FANCA","green","RNF4","purple"
"FANCA","green","MYC","blue"
"FANCA","green","SPTAN1","purple"
"EP400","purple","TFPT","blue"
"EP400","purple","KANSL3","blue"
"EP400","purple","KANSL2","blue"
"EP400","purple","KMT2A","blue"
"EP400","purple","MYC","blue"
"EP400","purple","ING5","blue"
"RNF216","green","PPHLN1","blue"
"RNF216","green","RNF4","purple"
"RNF216","green","GAN","blue"
"TFPT","blue","BRD2","purple"
"TFPT","blue","INO80","purple"
"TFPT","blue","LARS2","purple"
"ATG16L1","blue","CALCOCO2","green"
"ATG16L1","blue","ERN1","green"
"ATG16L1","blue","IRF5","green"
"ATG16L1","blue","CASP1","green"
"SP140","green","SUMO1","purple"
"SP140","green","BRD1","blue"
"MAP3K4","blue","MAP2K6","green"
"FAM117B","blue","DCAF7","purple"
"SUMO1","purple","POM121","blue"
"SUMO1","purple","MX1","green"
"SUMO1","purple","SENP1","blue"
"SUMO1","purple","SATB1","blue"
"SUMO1","purple","ATXN7L1","blue"
"SUMO1","purple","HNRNPC","blue"
"SUMO1","purple","MYC","blue"
"SUMO1","purple","SAP18","blue"
"SUMO1","purple","ISG15","green"
"SUMO1","purple","IFIH1","green"
"SUMO1","purple","PHC1","blue"
"ETS1","blue","RUNX3","green"
"ETS1","blue","MOV10","green"
"ETS1","blue","RPS6KA2","green"
"ETS1","blue","FOXP1","purple"
"ABCA5","blue","MAP2K6","green"
"EVL","blue","SPTAN1","purple"
"PIAS3","purple","INCENP","blue"
"PIAS3","purple","SENP1","blue"
"PIAS3","purple","SATB1","blue"
"PIAS3","purple","TRIM32","green"
"PIAS3","purple","SOCS1","green"
"TGFBRAP1","purple","STX10","blue"
"TGFBRAP1","purple","RAB34","blue"
"TGFBRAP1","purple","ATP8B2","blue"
"NUMA1","purple","INCENP","blue"
"NUMA1","purple","BRMS1","blue"
"NUMA1","purple","DCTN2","blue"
"NUMA1","purple","MYC","blue"
"NUMA1","purple","SAMHD1","green"
"RENBP","blue","MECP2","green"
"DDX60","green","IFITM3","blue"
"DDX60","green","NOP14","purple"
"DDX60","green","EIF1","blue"
"DDX60","green","DDX24","purple"
"SIDT1","blue","DROSHA","purple"
"CFAP44","blue","QRICH1","purple"
"CFAP44","blue","TTC21A","green"
"G3BP1","blue","ATXN2L","purple"
"G3BP1","blue","EIF4ENIF1","purple"
"G3BP1","blue","NOLC1","purple"
"G3BP1","blue","EIF4B","green"
"G3BP1","blue","UBAP2L","purple"
"G3BP1","blue","MOV10","green"
"G3BP1","blue","FLNB","purple"
"G3BP1","blue","PRPF8","purple"
"G3BP1","blue","POLR2A","purple"
"G3BP1","blue","IFIH1","green"
"ASNS","blue","LARS1","purple"
"ASNS","blue","ATF5","green"
"ASNS","blue","TRIM69","green"
"LARS1","purple","POLR1B","blue"
"LARS1","purple","EARS2","blue"
"PDE8A","blue","NT5C3A","green"
"PAIP2","purple","TNRC6A","blue"
"PAIP2","purple","EIF4B","green"
"PAIP2","purple","ATXN2","blue"
"INCENP","blue","SUMO2","purple"
"INCENP","blue","CKAP5","purple"
"INCENP","blue","MCM3","purple"
"PSAP","blue","B2M","green"
"LIMA1","blue","FLNB","purple"
"SIN3A","purple","TNRC6A","blue"
"SIN3A","purple","RUNX3","green"
"SIN3A","purple","MTA3","blue"
"SIN3A","purple","MECP2","green"
"SIN3A","purple","BRMS1","blue"
"SIN3A","purple","MOV10","green"
"SIN3A","purple","HELZ2","green"
"SIN3A","purple","KMT2A","blue"
"SIN3A","purple","SNW1","blue"
"SIN3A","purple","APBB1","blue"
"SIN3A","purple","MYC","blue"
"SIN3A","purple","SAP18","blue"
"SIN3A","purple","ING5","blue"
"SIN3A","purple","SNRPN","blue"
"SIN3A","purple","MORC2","blue"
"POM121","blue","SUMO2","purple"
"BRD2","purple","BCL2","blue"
"BRD2","purple","RUNX3","green"
"BRD2","purple","MTA3","blue"
"BRD2","purple","BRD1","blue"
"BRD2","purple","SH3BP2","blue"
"BRD2","purple","KMT2A","blue"
"BRD2","purple","MYC","blue"
"BRD2","purple","H4C8","green"
"BRD2","purple","TAF4B","blue"
"SEC31A","purple","HLA-A","blue"
"SEC31A","purple","HLA-B","blue"
"SEC31A","purple","PIK3R1","blue"
"SEC31A","purple","B2M","green"
"SEC31A","purple","TRAPPC3","blue"
"QRICH1","purple","PAICS","blue"
"QRICH1","purple","EPHX2","blue"
"QRICH1","purple","POLR1B","blue"
"LAT","blue","B2M","green"
"LGALS9","blue","IRF7","green"
"LGALS9","blue","PDCD1LG2","green"
"LGALS9","blue","MX1","green"
"LGALS9","blue","OAS1","green"
"LGALS9","blue","NFATC1","purple"
"LGALS9","blue","IFI35","green"
"LGALS9","blue","TIGIT","green"
"LGALS9","blue","IDO1","green"
"LGALS9","blue","CASP1","green"
"LGALS9","blue","ISG15","green"
"ATXN2L","purple","ATXN2","blue"
"ATXN2L","purple","SNRPN","blue"
"TYMP","blue","IRF7","green"
"TYMP","blue","IFI35","green"
"TYMP","blue","NT5C3A","green"
"TNRC6A","blue","EIF4ENIF1","purple"
"TNRC6A","blue","MECP2","green"
"TNRC6A","blue","MOV10","green"
"TNRC6A","blue","DROSHA","purple"
"TNRC6A","blue","DDX42","purple"
"NCALD","blue","CACNA1A","green"
"NFATC2","blue","RUNX3","green"
"NFATC2","blue","NFATC1","purple"
"NFATC2","blue","IDO1","green"
"NFATC2","blue","SOCS1","green"
"NFATC2","blue","FOXP1","purple"
"TSPO","blue","DHRS9","green"
"TSPO","blue","CASP1","green"
"ATF7IP2","blue","SUMO2","purple"
"HLA-A","blue","IRF9","green"
"HLA-A","blue","PDCD1LG2","green"
"HLA-A","blue","MX1","green"
"HLA-A","blue","TIGIT","green"
"HLA-A","blue","LY6E","green"
"HLA-A","blue","IDO1","green"
"HLA-A","blue","MR1","green"
"HLA-A","blue","SAMHD1","green"
"HLA-A","blue","B2M","green"
"GATM","blue","CARNS1","green"
"ATN1","purple","MTA3","blue"
"ATN1","purple","ATXN7L1","blue"
"ATN1","purple","KMT2A","blue"
"ATN1","purple","ATXN2","blue"
"ATN1","purple","CACNA1A","green"
"ATN1","purple","PHC1","blue"
"CSNK1E","green","CRY2","blue"
"IRF9","green","IFITM3","blue"
"IRF9","green","HLA-B","blue"
"CARD11","blue","SOCS1","green"
"IL15RA","green","IL12RB1","blue"
"IL15RA","green","SELL","blue"
"PTK2B","blue","NFATC1","purple"
"EIF4ENIF1","purple","ATXN2","blue"
"BICDL1","blue","CARNS1","green"
"IRF7","green","IFITM3","blue"
"IRF7","green","CD14","blue"
"IRF7","green","HLA-B","blue"
"IRF7","green","PARP15","blue"
"IRF7","green","SARM1","blue"
"IRF7","green","GSDMD","blue"
"PDCD1LG2","green","BCL2","blue"
"PDCD1LG2","green","HLA-B","blue"
"PDCD1LG2","green","PMEL","blue"
"PDCD1LG2","green","CD3G","blue"
"PDCD1LG2","green","LCK","blue"
"PDCD1LG2","green","MYC","blue"
"PDCD1LG2","green","SELL","blue"
"SLC66A2","blue","DOP1B","purple"
"BCL2","blue","RUNX3","green"
"BCL2","blue","NFATC1","purple"
"BCL2","blue","IDH1","green"
"BCL2","blue","ERN1","green"
"BCL2","blue","CD36","green"
"BCL2","blue","RPS6KA2","green"
"BCL2","blue","DROSHA","purple"
"BCL2","blue","IDO1","green"
"BCL2","blue","CASP1","green"
"BCL2","blue","SOCS1","green"
"BCL2","blue","B2M","green"
"BCL2","blue","SPN","purple"
"BCL2","blue","FOXP1","purple"
"BCL2","blue","MOAP1","green"
"MX1","green","IFITM3","blue"
"MX1","green","HLA-B","blue"
"MX1","green","PRKCA","blue"
"MX1","green","SLAMF1","blue"
"MX1","green","HOMER3","blue"
"MX1","green","LCK","blue"
"TTC3","blue","CALCOCO2","green"
"HLCS","blue","MECP2","green"
"HLCS","blue","STOML1","green"
"PAICS","blue","SAMHD1","green"
"PAICS","blue","MCM3","purple"
"IFITM3","blue","IFI30","green"
"IFITM3","blue","APOBEC3G","green"
"IFITM3","blue","OAS1","green"
"IFITM3","blue","IFI35","green"
"IFITM3","blue","HELZ2","green"
"IFITM3","blue","LY6E","green"
"IFITM3","blue","IFI27","green"
"IFITM3","blue","IFIT2","green"
"IFITM3","blue","SAMHD1","green"
"IFITM3","blue","ISG15","green"
"IFITM3","blue","IFIH1","green"
"RUNX3","green","NFATC1","purple"
"RUNX3","green","PSMD13","blue"
"RUNX3","green","ITK","blue"
"RUNX3","green","SATB1","blue"
"RUNX3","green","FHIT","blue"
"RUNX3","green","SNW1","blue"
"RUNX3","green","IL12RB1","blue"
"RUNX3","green","LCK","blue"
"RUNX3","green","MYC","blue"
"RUNX3","green","SELL","blue"
"UBE2J2","blue","UBE2F","green"
"UBAC2","blue","ERLIN1","green"
"PAXIP1","blue","NOP14","purple"
"PAXIP1","blue","POLR2A","purple"
"PAXIP1","blue","INO80","purple"
"PARVB","blue","FLNB","purple"
"ZBTB40","blue","REPS1","purple"
"ZBTB40","blue","ZNF142","purple"
"IFI30","green","CD14","blue"
"IFI30","green","NPC2","blue"
"IFI30","green","MYC","blue"
"CACNA1I","blue","CACNA1A","green"
"APOBEC3G","green","DCAF1","purple"
"APOBEC3G","green","SERINC5","blue"
"APOBEC3G","green","GATC","blue"
"NOLC1","purple","ARRB1","blue"
"NOLC1","purple","NLE1","blue"
"NOLC1","purple","SUCLG2","blue"
"NOLC1","purple","RBM19","blue"
"NOLC1","purple","POLR1B","blue"
"NOLC1","purple","MYC","blue"
"MDK","green","PIK3R1","blue"
"CD14","blue","CD36","green"
"MEX3C","blue","PRPF8","purple"
"KIF3A","blue","DISC1","green"
"KIF3A","blue","CASP1","green"
"NUCB1","blue","POLR2A","purple"
"NUCB1","blue","FAM20A","green"
"BUD31","blue","PRPF8","purple"
"RAD54L2","blue","SUMO2","purple"
"RAD54L2","blue","DCAF7","purple"
"ZC3H6","blue","UBAP2L","purple"
"AFF3","blue","FNBP1","purple"
"AFF3","blue","IRF5","green"
"ITGA6","blue","CD36","green"
"ITGA6","blue","FLNB","purple"
"R3HDM1","blue","UBAP2L","purple"
"CLEC16A","purple","KANSL3","blue"
"CLEC16A","purple","SOCS1","green"
"CLEC16A","purple","IFIH1","green"
"PSTPIP2","green","FNBP1","purple"
"OAS1","green","SELL","blue"
"SLC25A12","blue","TTC12","green"
"EIF4B","green","EIF1","blue"
"EIF4B","green","PRPF8","purple"
"EIF4B","green","MYC","blue"
"EIF4B","green","PAN2","blue"
"CARNS1","green","ALDH3B1","blue"
"NFATC1","purple","MAPK9","blue"
"NFATC1","purple","LCK","blue"
"NFATC1","purple","MYC","blue"
"NFATC1","purple","BTK","blue"
"NFATC1","purple","SLC6A12","green"
"UBAP2L","purple","ATXN2","blue"
"UBAP2L","purple","PHC1","blue"
"ARPC1B","blue","CYFIP2","purple"
"IDH1","green","SUCLG2","blue"
"IDH1","green","PIK3R1","blue"
"IDH1","green","KMT2A","blue"
"IDH1","green","ENO2","blue"
"IDH1","green","ETFA","blue"
"IDH1","green","MYC","blue"
"IDH1","green","SETBP1","blue"
"SLC4A7","blue","FNBP1","purple"
"REPS1","purple","ARRB1","blue"
"REPS1","purple","COASY","blue"
"REPS1","purple","ARHGEF7","blue"
"REPS1","purple","AP2S1","blue"
"PLEKHG2","purple","CDC42","blue"
"HTATIP2","blue","IFI27","green"
"DCAF1","purple","DCAF11","blue"
"DCAF1","purple","SERINC5","blue"
"DCAF1","purple","POLR1B","blue"
"DCAF1","purple","TREX1","green"
"DCAF1","purple","SAMHD1","green"
"KIF5C","blue","DISC1","green"
"SESN1","blue","DEPDC5","purple"
"COMMD5","blue","IFI35","green"
"COMMD5","blue","WSB2","green"
"COMMD5","blue","DCAF7","purple"
"COMMD5","blue","UBE2F","green"
"MAPK9","blue","DROSHA","purple"
"MAPK9","blue","CASP1","green"
"MAPK9","blue","MAP2K6","green"
"SENP1","blue","SUMO2","purple"
"SENP1","blue","RNF4","purple"
"MECP2","green","DROSHA","purple"
"MECP2","green","RNF4","purple"
"MECP2","green","KMT2A","blue"
"MECP2","green","PRPF40B","blue"
"MECP2","green","SMARCC2","purple"
"MECP2","green","MYC","blue"
"MECP2","green","SAP18","blue"
"MECP2","green","SPTAN1","purple"
"MECP2","green","ARHGEF9","blue"
"MECP2","green","SYNGAP1","blue"
"MECP2","green","DLG4","blue"
"MECP2","green","SNRPN","blue"
"IFI35","green","HLA-B","blue"
"IFI35","green","EEF1D","blue"
"IFI35","green","EARS2","blue"
"SCN1B","blue","SPTAN1","purple"
"SCN1B","blue","CACNA1A","green"
"PSMD13","blue","PRPF8","purple"
"PSMD13","blue","SPTAN1","purple"
"PSMD13","blue","NUB1","green"
"ATF5","green","DDIT3","blue"
"C19orf25","blue","PCMT1","purple"
"CALCOCO2","green","DCAF11","blue"
"ITK","blue","TIGIT","green"
"ITK","blue","SOCS1","green"
"HLA-B","blue","MR1","green"
"HLA-B","blue","SAMHD1","green"
"HLA-B","blue","IFIH1","green"
"HLA-B","blue","B2M","green"
"SATB1","blue","SUMO2","purple"
"SATB1","blue","SPN","purple"
"SATB1","blue","FOXP1","purple"
"SATB1","blue","IKZF4","purple"
"MOV10","green","ILF3","purple"
"MOV10","green","TFDP2","blue"
"MOV10","green","DROSHA","purple"
"MOV10","green","KMT2A","blue"
"MOV10","green","SNW1","blue"
"MOV10","green","HNRNPC","blue"
"MOV10","green","MYC","blue"
"MOV10","green","PHC1","blue"
"PPIP5K1","blue","ISG15","green"
"PPIP5K1","blue","IFIH1","green"
"SLAIN1","blue","CKAP5","purple"
"CBLL1","purple","FTO","blue"
"CBLL1","purple","SLC16A1","blue"
"CBLL1","purple","HNRNPC","blue"
"ERN1","green","DROSHA","purple"
"ERN1","green","MYC","blue"
"ERN1","green","HYOU1","purple"
"ERN1","green","DDIT3","blue"
"L3MBTL1","blue","H4C8","green"
"PMEL","blue","IDO1","green"
"PMEL","blue","HYOU1","purple"
"DISC1","green","ARRB1","blue"
"DISC1","green","SPTAN1","purple"
"DISC1","green","CDC42","blue"
"DISC1","green","DLG4","blue"
"DISC1","green","CDK5RAP3","blue"
"ILF3","purple","HNRNPC","blue"
"ILF3","purple","MYC","blue"
"ILF3","purple","NKRF","blue"
"LILRA5","blue","B2M","green"
"NOP14","purple","PUS7","blue"
"NOP14","purple","UTP25","blue"
"NOP14","purple","RBM19","blue"
"NOP14","purple","POLR1B","blue"
"NOP14","purple","GPATCH8","blue"
"PHLDB2","blue","FLNB","purple"
"SUMO2","purple","ATXN7L1","blue"
"SUMO2","purple","HNRNPC","blue"
"SUMO2","purple","MYC","blue"
"SUMO2","purple","ISG15","green"
"SUMO2","purple","PHC1","blue"
"SUMO2","purple","CALM2","blue"
"TCEA3","blue","POLR2A","purple"
"TRIM32","green","MYC","blue"
"TRIM32","green","FBXO32","blue"
"TRIM32","green","TRIM66","blue"
"PRKCA","blue","CD36","green"
"PRKCA","blue","CACNA1A","green"
"DCTN2","blue","CKAP5","purple"
"DCTN2","blue","POLR2A","purple"
"ARRB1","blue","TIGIT","green"
"ZFYVE27","blue","ERLIN1","green"
"BRD1","blue","DDX24","purple"
"BRD1","blue","DCAF7","purple"
"ITPKB","blue","B2M","green"
"DHRS12","blue","MAP2K6","green"
"DHRS12","blue","TRIM69","green"
"ATP6V0E2","blue","DEPDC5","purple"
"NLE1","blue","DDX24","purple"
"NLE1","blue","DDX27","purple"
"NLE1","blue","LARS2","purple"
"CROT","blue","CD36","green"
"FNBP1","purple","ARHGEF7","blue"
"FNBP1","purple","CDC42","blue"
"EFNA4","blue","CACNA1A","green"
"DCAF11","blue","DCAF7","purple"
"CD36","green","CD300LF","blue"
"CD36","green","SELL","blue"
"CD36","green","ACSL6","blue"
"CD36","green","MS4A6A","blue"
"DDX46","blue","PRPF8","purple"
"DDX46","blue","DDX42","purple"
"DDX46","blue","DDX24","purple"
"DDX46","blue","DDX27","purple"
"PARP15","blue","RNF213","green"
"PARP15","blue","IFIH1","green"
"PUS7","blue","CKAP5","purple"
"PUS7","blue","DDX24","purple"
"PUS7","blue","DDX27","purple"
"PUS7","blue","MCM3","purple"
"HFE","blue","B2M","green"
"UTP25","blue","DDX24","purple"
"UTP25","blue","DDX27","purple"
"TIGIT","green","CD3G","blue"
"TIGIT","green","LCK","blue"
"TIGIT","green","SELL","blue"
"TIGIT","green","SPN","purple"
"NSUN4","blue","DDX24","purple"
"NSUN4","blue","DDX27","purple"
"FLNB","purple","ISG15","green"
"FLNB","purple","CDC42","blue"
"FLNB","purple","DLG4","blue"
"ZNF398","green","AP3M2","blue"
"ZNF398","green","ZNF202","blue"
"ZNF398","green","PCMT1","purple"
"CNIH4","green","DLG4","blue"
"NUDT16","blue","PARP10","green"
"NUDT16","blue","NT5C3A","green"
"RPS6KA2","green","COASY","blue"
"RPS6KA2","green","MYC","blue"
"RPS6KA2","green","AP2S1","blue"
"DROSHA","purple","KMT2A","blue"
"DROSHA","purple","RBM19","blue"
"DROSHA","purple","HNRNPC","blue"
"DROSHA","purple","MYC","blue"
"DROSHA","purple","IFIH1","green"
"DROSHA","purple","CDC42","blue"
"SERINC5","blue","SAMHD1","green"
"RNF4","purple","HNRNPC","blue"
"RNF4","purple","MYC","blue"
"PIK3R1","blue","SOCS1","green"
"PIK3R1","blue","B2M","green"
"LY6E","green","RNASEK","blue"
"MYBL1","blue","SPN","purple"
"ATP6V0E1","blue","DEPDC5","purple"
"EPHX2","blue","STOML1","green"
"IDO1","green","MYC","blue"
"IDO1","green","SELL","blue"
"CD3G","blue","CYFIP2","purple"
"CD3G","blue","B2M","green"
"CKAP5","purple","SNW1","blue"
"CASP1","green","ENO2","blue"
"CASP1","green","IL12RB1","blue"
"CASP1","green","CYFIP2","purple"
"CASP1","green","BTK","blue"
"CASP1","green","SELL","blue"
"CASP1","green","DDIT3","blue"
"CASP1","green","GSDMD","blue"
"CASP1","green","SQOR","blue"
"NCAPD3","blue","MCM3","purple"
"PARP10","green","MYC","blue"
"KMT2A","blue","SMARCC2","purple"
"KMT2A","blue","POLR2A","purple"
"KMT2A","blue","H4C8","green"
"ENO2","blue","SPTAN1","purple"
"SLAMF1","blue","SPN","purple"
"HOMER3","blue","CYFIP2","purple"
"HOMER3","blue","IFIT2","green"
"ATP2A2","blue","ATP1A1","purple"
"RBM19","blue","DDX24","purple"
"RBM19","blue","DDX27","purple"
"RBM19","blue","KRI1","purple"
"STOML1","green","ETFA","blue"
"STOML1","green","COASY","blue"
"STOML1","green","ACSL6","blue"
"POLR1B","blue","POLR2A","purple"
"POLR1B","blue","DDX24","purple"
"POLR1B","blue","DDX27","purple"
"POLR1B","blue","KRI1","purple"
"POLR1B","blue","LARS2","purple"
"ATP1A1","purple","CRY2","blue"
"ATXN2","blue","CACNA1A","green"
"PRPF40B","blue","PRPF8","purple"
"SART3","purple","SNW1","blue"
"SART3","purple","SAP18","blue"
"SMARCC2","purple","MYC","blue"
"SMARCC2","purple","SAP18","blue"
"SMARCC2","purple","H4C8","green"
"SMARCC2","purple","SYNGAP1","blue"
"ATP10A","blue","APBA2","green"
"SIPA1L1","green","DLG4","blue"
"SNW1","blue","PRPF8","purple"
"HNRNPC","blue","PRPF8","purple"
"HNRNPC","blue","B2M","green"
"APBA2","green","APBB1","blue"
"APBA2","green","CASK","blue"
"EARS2","blue","LARS2","purple"
"PRPF8","purple","SNRPN","blue"
"POLR2A","purple","MYC","blue"
"POLR2A","purple","H4C8","green"
"POLR2A","purple","B2M","green"
"POLR2A","purple","TAF4B","blue"
"POLR2A","purple","RNMT","blue"
"CD300LF","blue","B2M","green"
"DDX42","purple","SNRPN","blue"
"DDX42","purple","GPATCH8","blue"
"RNF213","green","MYC","blue"
"TSHZ1","blue","FOXP1","purple"
"FAM20A","green","GPR68","blue"
"MAP2K6","green","SYNGAP1","blue"
"MAP2K6","green","CDC42","blue"
"IL12RB1","blue","SOCS1","green"
"IL12RB1","blue","ISG15","green"
"MARCHF2","blue","SAMHD1","green"
"LCK","blue","SOCS1","green"
"LCK","blue","B2M","green"
"LCK","blue","SPN","purple"
"MYC","blue","SOCS1","green"
"MYC","blue","B2M","green"
"MYC","blue","MCM3","purple"
"MYC","blue","SPN","purple"
"MYC","blue","FOXP1","purple"
"CYFIP2","purple","CDC42","blue"
"DDX24","purple","IFIH1","green"
"SAP18","blue","IFIT2","green"
"JRK","blue","CACNA1A","green"
"BTK","blue","B2M","green"
"BTK","blue","SPN","purple"
"FAM200B","purple","C14orf132","blue"
"SPTAN1","purple","CASK","blue"
"SPTAN1","purple","CALM2","blue"
"H4C8","green","INO80","purple"
"CACNA1A","green","CALM2","blue"
"DOCK10","purple","CDC42","blue"
"ARHGEF7","blue","ARHGAP35","purple"
"ISG15","green","SELL","blue"
"CDC42","blue","ARHGAP35","purple"
"B2M","green","SELL","blue"
"B2M","green","CALM2","blue"
"SELL","blue","SPN","purple"
"DEPDC5","purple","AKT3","blue"
