"stringId_A","stringId_B","preferredName_A","preferredName_B","ncbiTaxonId","score","nscore","fscore","pscore","ascore","escore","dscore","tscore"
"9606.ENSP00000003302","9606.ENSP00000481859","USP28","PAN2",9606,0.439,0,0,0,0.075,0,0,0.418
"9606.ENSP00000003302","9606.ENSP00000394791","USP28","SENP1",9606,0.487,0,0,0,0.119,0.292,0,0.242
"9606.ENSP00000003302","9606.ENSP00000401642","USP28","ZNF304",9606,0.51,0,0,0,0,0.324,0,0.305
"9606.ENSP00000003302","9606.ENSP00000278616","USP28","ATM",9606,0.593,0,0,0,0.135,0.292,0,0.388
"9606.ENSP00000003302","9606.ENSP00000441214","USP28","USP36",9606,0.675,0,0,0,0.11,0,0,0.65
"9606.ENSP00000003302","9606.ENSP00000313811","USP28","USP20",9606,0.71,0,0,0,0.047,0.315,0,0.592
"9606.ENSP00000003302","9606.ENSP00000263966","USP28","USP13",9606,0.76,0,0,0,0.145,0.301,0,0.63
"9606.ENSP00000003302","9606.ENSP00000478887","USP28","MYC",9606,0.966,0,0,0,0,0.791,0.7,0.507
"9606.ENSP00000008527","9606.ENSP00000478887","CRY1","MYC",9606,0.403,0,0,0,0.058,0,0,0.392
"9606.ENSP00000008527","9606.ENSP00000478255","CRY1","ABCB1",9606,0.406,0,0,0,0.062,0.287,0,0.182
"9606.ENSP00000008527","9606.ENSP00000335074","CRY1","GHRL",9606,0.408,0,0,0,0,0,0,0.408
"9606.ENSP00000008527","9606.ENSP00000386023","CRY1","BUD31",9606,0.42,0,0,0,0.042,0,0,0.42
"9606.ENSP00000008527","9606.ENSP00000301732","CRY1","ABCA3",9606,0.435,0,0,0,0,0,0,0.435
"9606.ENSP00000008527","9606.ENSP00000408695","CRY1","PRKCA",9606,0.456,0,0,0,0.042,0,0,0.456
"9606.ENSP00000008527","9606.ENSP00000379563","CRY1","TSPO",9606,0.491,0.111,0,0,0.307,0,0,0.24
"9606.ENSP00000008527","9606.ENSP00000364589","CRY1","CUL4A",9606,0.565,0,0,0,0.06,0.303,0,0.39
"9606.ENSP00000008527","9606.ENSP00000368880","CRY1","FOXO1",9606,0.778,0,0,0,0.049,0.512,0,0.561
"9606.ENSP00000008527","9606.ENSP00000359206","CRY1","BTRC",9606,0.871,0,0,0,0.074,0.292,0.5,0.653
"9606.ENSP00000008527","9606.ENSP00000323867","CRY1","PRKAG1",9606,0.913,0,0,0,0.049,0,0.9,0.161
"9606.ENSP00000008527","9606.ENSP00000261523","CRY1","RORA",9606,0.935,0,0,0,0.074,0.095,0,0.929
"9606.ENSP00000008527","9606.ENSP00000478187","CRY1","CRY2",9606,0.999,0,0,0.053,0.049,0.986,0.9,0.553
"9606.ENSP00000040663","9606.ENSP00000355536","MRI1","MTR",9606,0.576,0,0,0,0.311,0,0,0.41
"9606.ENSP00000040663","9606.ENSP00000379038","MRI1","TYMP",9606,0.642,0.211,0,0,0,0,0.565,0
"9606.ENSP00000040877","9606.ENSP00000361446","TARBP1","POLR3A",9606,0.411,0.057,0,0,0.401,0,0,0
"9606.ENSP00000040877","9606.ENSP00000257347","TARBP1","CARS2",9606,0.502,0.102,0,0,0.354,0,0,0.211
"9606.ENSP00000040877","9606.ENSP00000372199","TARBP1","URB1",9606,0.593,0,0,0,0.593,0,0,0
"9606.ENSP00000040877","9606.ENSP00000308179","TARBP1","WDR3",9606,0.603,0,0,0,0.603,0,0,0
"9606.ENSP00000040877","9606.ENSP00000419370","TARBP1","MALSU1",9606,0.652,0.099,0,0,0.044,0.623,0,0.057
"9606.ENSP00000040877","9606.ENSP00000417402","TARBP1","PUS7",9606,0.656,0,0,0,0.326,0.497,0,0.066
"9606.ENSP00000040877","9606.ENSP00000298746","TARBP1","TRUB1",9606,0.725,0.053,0,0,0.143,0,0,0.688
"9606.ENSP00000040877","9606.ENSP00000261637","TARBP1","UTP20",9606,0.824,0,0,0,0.817,0,0,0.077
"9606.ENSP00000053867","9606.ENSP00000363641","GRN","TXN",9606,0.415,0,0,0,0.049,0.331,0,0.154
"9606.ENSP00000053867","9606.ENSP00000365227","GRN","AIF1",9606,0.418,0,0,0,0.111,0,0,0.372
"9606.ENSP00000053867","9606.ENSP00000446576","GRN","ATXN2",9606,0.424,0,0,0,0.049,0,0,0.419
"9606.ENSP00000053867","9606.ENSP00000317714","GRN","STX4",9606,0.461,0,0,0,0.067,0.439,0,0.053
"9606.ENSP00000053867","9606.ENSP00000306920","GRN","GLB1",9606,0.469,0,0,0,0.469,0,0,0
"9606.ENSP00000053867","9606.ENSP00000451206","GRN","NPC2",9606,0.523,0,0,0,0.452,0,0,0.164
"9606.ENSP00000053867","9606.ENSP00000361562","GRN","CTSA",9606,0.539,0,0,0,0.449,0,0,0.197
"9606.ENSP00000053867","9606.ENSP00000357981","GRN","CTSS",9606,0.579,0,0,0,0.178,0.301,0,0.326
"9606.ENSP00000053867","9606.ENSP00000367013","GRN","TNFRSF25",9606,0.608,0,0,0,0.067,0,0,0.598
"9606.ENSP00000053867","9606.ENSP00000217131","GRN","CTSZ",9606,0.645,0,0,0,0.303,0.301,0,0.33
"9606.ENSP00000053867","9606.ENSP00000378394","GRN","PSAP",9606,0.856,0,0,0,0.435,0.436,0,0.586
"9606.ENSP00000053867","9606.ENSP00000236671","GRN","CTSD",9606,0.866,0,0,0,0.64,0.292,0,0.517
"9606.ENSP00000053867","9606.ENSP00000363827","GRN","HSPG2",9606,0.907,0,0,0,0.062,0.48,0,0.826
"9606.ENSP00000053867","9606.ENSP00000240185","GRN","TARDBP",9606,0.958,0,0,0,0.044,0,0,0.958
"9606.ENSP00000055077","9606.ENSP00000384048","RFC2","PAXIP1",9606,0.43,0,0,0,0.238,0.171,0,0.171
"9606.ENSP00000055077","9606.ENSP00000498999","RFC2","FBXW8",9606,0.435,0,0,0,0,0.052,0,0.429
"9606.ENSP00000055077","9606.ENSP00000263795","RFC2","WDR76",9606,0.478,0,0,0,0.139,0.068,0,0.402
"9606.ENSP00000055077","9606.ENSP00000267415","RFC2","TINF2",9606,0.503,0,0,0,0,0.048,0.5,0
"9606.ENSP00000055077","9606.ENSP00000364589","RFC2","CUL4A",9606,0.544,0,0,0,0.055,0,0.5,0.112
"9606.ENSP00000055077","9606.ENSP00000311368","RFC2","POLD4",9606,0.547,0,0,0,0.054,0,0.5,0.121
"9606.ENSP00000055077","9606.ENSP00000378687","RFC2","POM121",9606,0.554,0,0,0,0.084,0.049,0,0.529
"9606.ENSP00000055077","9606.ENSP00000263202","RFC2","UFD1",9606,0.561,0,0.046,0,0.097,0,0.5,0.102
"9606.ENSP00000055077","9606.ENSP00000498499","RFC2","CTC1",9606,0.564,0,0,0,0.108,0,0.5,0.102
"9606.ENSP00000055077","9606.ENSP00000332706","RFC2","PURA",9606,0.596,0,0,0,0.042,0.578,0,0.081
"9606.ENSP00000055077","9606.ENSP00000235310","RFC2","MAD2L2",9606,0.608,0,0,0,0.13,0.07,0.5,0.146
"9606.ENSP00000055077","9606.ENSP00000258428","RFC2","REV1",9606,0.61,0.042,0,0,0.085,0,0.5,0.217
"9606.ENSP00000055077","9606.ENSP00000336740","RFC2","LIMK1",9606,0.612,0,0,0,0.07,0,0,0.6
"9606.ENSP00000055077","9606.ENSP00000361310","RFC2","POLH",9606,0.617,0.042,0,0,0.106,0,0.5,0.211
"9606.ENSP00000055077","9606.ENSP00000478887","RFC2","MYC",9606,0.618,0,0,0,0.059,0.191,0,0.539
"9606.ENSP00000055077","9606.ENSP00000303427","RFC2","PDS5A",9606,0.645,0,0,0,0.114,0,0,0.615
"9606.ENSP00000055077","9606.ENSP00000353793","RFC2","WDHD1",9606,0.662,0,0,0,0.26,0.125,0,0.519
"9606.ENSP00000055077","9606.ENSP00000322570","RFC2","POLE",9606,0.759,0,0,0,0.111,0.15,0.5,0.438
"9606.ENSP00000055077","9606.ENSP00000263274","RFC2","LIG1",9606,0.808,0,0,0,0.304,0.112,0.5,0.452
"9606.ENSP00000055077","9606.ENSP00000298139","RFC2","WRN",9606,0.828,0,0,0,0.113,0.159,0.5,0.594
"9606.ENSP00000055077","9606.ENSP00000278616","RFC2","ATM",9606,0.894,0,0,0,0.074,0.146,0.5,0.763
"9606.ENSP00000072644","9606.ENSP00000366271","YIPF1","KDM2B",9606,0.429,0,0,0,0,0,0,0.429
"9606.ENSP00000072644","9606.ENSP00000332353","YIPF1","PTCH1",9606,0.437,0,0,0,0,0,0,0.437
"9606.ENSP00000072644","9606.ENSP00000368880","YIPF1","FOXO1",9606,0.529,0,0,0,0,0,0,0.529
"9606.ENSP00000072644","9606.ENSP00000478887","YIPF1","MYC",9606,0.529,0,0,0,0,0,0,0.529
"9606.ENSP00000072644","9606.ENSP00000428205","YIPF1","FBXO32",9606,0.946,0,0,0,0,0,0,0.946
"9606.ENSP00000155926","9606.ENSP00000323867","TRIB2","PRKAG1",9606,0.461,0,0,0,0.074,0.34,0,0.189
"9606.ENSP00000155926","9606.ENSP00000359206","TRIB2","BTRC",9606,0.833,0,0,0,0,0.625,0,0.574
"9606.ENSP00000156471","9606.ENSP00000386531","AQR","SMPD4",9606,0.401,0,0,0,0.116,0,0,0.35
"9606.ENSP00000156471","9606.ENSP00000263274","AQR","LIG1",9606,0.405,0,0,0,0.049,0,0.4,0
"9606.ENSP00000156471","9606.ENSP00000319341","AQR","LSM10",9606,0.422,0,0,0,0,0.423,0,0
"9606.ENSP00000156471","9606.ENSP00000451291","AQR","HNRNPC",9606,0.426,0,0,0,0.072,0.268,0,0.223
"9606.ENSP00000156471","9606.ENSP00000367721","AQR","NUP160",9606,0.442,0,0,0,0.433,0,0,0.055
"9606.ENSP00000156471","9606.ENSP00000296702","AQR","TCERG1",9606,0.506,0,0,0,0.133,0.113,0.4,0.056
"9606.ENSP00000156471","9606.ENSP00000358497","AQR","RNGTT",9606,0.524,0,0,0,0.18,0.195,0,0.337
"9606.ENSP00000156471","9606.ENSP00000291552","AQR","U2AF1",9606,0.563,0,0,0,0.075,0,0.5,0.132
"9606.ENSP00000156471","9606.ENSP00000494831","AQR","SNRPN",9606,0.614,0,0,0,0,0.614,0,0
"9606.ENSP00000156471","9606.ENSP00000263384","AQR","FAM32A",9606,0.801,0,0,0,0.049,0.8,0,0
"9606.ENSP00000156471","9606.ENSP00000274712","AQR","ZMAT2",9606,0.876,0,0,0,0.054,0.8,0.4,0
"9606.ENSP00000156471","9606.ENSP00000273541","AQR","ISY1",9606,0.995,0,0.215,0,0.067,0.965,0.8,0.244
"9606.ENSP00000156471","9606.ENSP00000236273","AQR","SYF2",9606,0.996,0,0,0,0.049,0.965,0.9,0.152
"9606.ENSP00000156471","9606.ENSP00000451129","AQR","SNW1",9606,0.998,0,0,0,0.068,0.978,0.9,0.162
"9606.ENSP00000156471","9606.ENSP00000386023","AQR","BUD31",9606,0.998,0,0,0,0.049,0.988,0.9,0.088
"9606.ENSP00000158771","9606.ENSP00000361562","DERL2","CTSA",9606,0.408,0,0,0,0.042,0.294,0,0.196
"9606.ENSP00000158771","9606.ENSP00000343435","DERL2","YIF1B",9606,0.458,0,0,0,0.063,0,0,0.446
"9606.ENSP00000158771","9606.ENSP00000303366","DERL2","LMAN2",9606,0.476,0,0,0,0.14,0,0,0.416
"9606.ENSP00000158771","9606.ENSP00000357998","DERL2","SEC63",9606,0.511,0,0,0,0.105,0,0,0.476
"9606.ENSP00000158771","9606.ENSP00000383719","DERL2","UBE2J2",9606,0.577,0,0,0,0.081,0,0,0.558
"9606.ENSP00000158771","9606.ENSP00000246957","DERL2","TRAP1",9606,0.617,0,0.577,0,0.074,0,0,0.101
"9606.ENSP00000158771","9606.ENSP00000363616","DERL2","EDEM2",9606,0.622,0,0,0,0.096,0,0,0.599
"9606.ENSP00000158771","9606.ENSP00000382767","DERL2","SEL1L3",9606,0.688,0,0,0,0.088,0.581,0,0.25
"9606.ENSP00000158771","9606.ENSP00000383911","DERL2","UBAC2",9606,0.711,0,0,0,0.074,0,0,0.701
"9606.ENSP00000158771","9606.ENSP00000263202","DERL2","UFD1",9606,0.963,0,0,0,0.128,0.84,0,0.76
"9606.ENSP00000166139","9606.ENSP00000301873","FSTL3","LTBP3",9606,0.423,0,0,0,0.072,0,0,0.404
"9606.ENSP00000166139","9606.ENSP00000257868","FSTL3","GDF11",9606,0.874,0,0,0,0.042,0.113,0,0.864
"9606.ENSP00000170447","9606.ENSP00000362807","MKRN2","PEF1",9606,0.447,0,0,0,0.447,0,0,0
"9606.ENSP00000170447","9606.ENSP00000284995","MKRN2","TSEN2",9606,0.543,0,0.171,0,0.072,0,0,0.454
"9606.ENSP00000170447","9606.ENSP00000251038","MKRN2","ZC3H14",9606,0.601,0,0,0,0.067,0.59,0,0
"9606.ENSP00000171757","9606.ENSP00000225538","P2RY10","P2RX1",9606,0.44,0,0,0,0.138,0,0,0.377
"9606.ENSP00000171757","9606.ENSP00000494310","P2RY10","GPR174",9606,0.484,0,0,0.058,0.444,0,0,0.094
"9606.ENSP00000171757","9606.ENSP00000339299","P2RY10","TRIO",9606,0.5,0,0,0,0,0,0.5,0.042
"9606.ENSP00000171757","9606.ENSP00000483570","P2RY10","BTK",9606,0.614,0,0,0,0.26,0,0.5,0
"9606.ENSP00000185206","9606.ENSP00000494788","CLIC5","CASK",9606,0.499,0,0,0,0,0,0.5,0
"9606.ENSP00000196371","9606.ENSP00000253382","OXCT1","ACSS2",9606,0.423,0.058,0,0,0.111,0,0,0.366
"9606.ENSP00000196371","9606.ENSP00000281182","OXCT1","ACAD8",9606,0.431,0.057,0,0,0.122,0,0.265,0.174
"9606.ENSP00000196371","9606.ENSP00000360577","OXCT1","ECHDC2",9606,0.448,0.059,0,0,0.131,0,0.276,0.177
"9606.ENSP00000196371","9606.ENSP00000441065","OXCT1","SLC16A1",9606,0.451,0,0,0,0.049,0,0,0.447
"9606.ENSP00000196371","9606.ENSP00000430269","OXCT1","EPHX2",9606,0.451,0.109,0,0,0.074,0.074,0.223,0.218
"9606.ENSP00000196371","9606.ENSP00000419325","OXCT1","SUCLG2",9606,0.504,0,0,0,0.082,0.161,0.152,0.33
"9606.ENSP00000196371","9606.ENSP00000452762","OXCT1","ETFA",9606,0.519,0.12,0,0,0.123,0.098,0.163,0.302
"9606.ENSP00000196371","9606.ENSP00000318351","OXCT1","BCKDHB",9606,0.522,0.054,0,0,0.214,0,0,0.409
"9606.ENSP00000196371","9606.ENSP00000357873","OXCT1","ACADSB",9606,0.532,0.057,0.004,0,0.118,0,0.265,0.324
"9606.ENSP00000196371","9606.ENSP00000356953","OXCT1","SDHC",9606,0.804,0,0,0,0.042,0,0.788,0.116
"9606.ENSP00000196371","9606.ENSP00000364649","OXCT1","SDHB",9606,0.816,0,0,0,0.05,0,0.792,0.147
"9606.ENSP00000196371","9606.ENSP00000363614","OXCT1","HMGCL",9606,0.979,0.111,0,0,0.244,0,0.9,0.732
"9606.ENSP00000196371","9606.ENSP00000376184","OXCT1","BDH1",9606,0.984,0,0,0,0.065,0,0.911,0.823
"9606.ENSP00000198767","9606.ENSP00000301364","RRN3","TSR1",9606,0.438,0,0,0,0.357,0,0,0.161
"9606.ENSP00000198767","9606.ENSP00000261637","RRN3","UTP20",9606,0.5,0,0,0.35,0.115,0,0,0.2
"9606.ENSP00000198767","9606.ENSP00000253247","RRN3","NOL11",9606,0.506,0,0,0,0.192,0,0,0.413
"9606.ENSP00000198767","9606.ENSP00000406293","RRN3","TCEA3",9606,0.551,0,0,0,0.103,0.188,0,0.433
"9606.ENSP00000198767","9606.ENSP00000308179","RRN3","WDR3",9606,0.64,0,0,0,0.6,0,0,0.137
"9606.ENSP00000198767","9606.ENSP00000430598","RRN3","ATOX1",9606,0.662,0,0,0,0,0.501,0,0.351
"9606.ENSP00000198767","9606.ENSP00000394560","RRN3","MAPK9",9606,0.674,0,0,0,0.044,0,0,0.673
"9606.ENSP00000198767","9606.ENSP00000379691","RRN3","PDXDC1",9606,0.714,0,0,0,0.056,0,0,0.709
"9606.ENSP00000198767","9606.ENSP00000361446","RRN3","POLR3A",9606,0.739,0,0,0,0.133,0.628,0,0.257
"9606.ENSP00000198767","9606.ENSP00000230354","RRN3","TBP",9606,0.971,0,0,0,0.043,0.292,0.5,0.925
"9606.ENSP00000198767","9606.ENSP00000444136","RRN3","POLR1B",9606,0.999,0,0,0,0.207,0.997,0.5,0.831
"9606.ENSP00000209875","9606.ENSP00000370710","CBX5","KDM4C",9606,0.405,0,0,0,0,0.099,0,0.366
"9606.ENSP00000209875","9606.ENSP00000278616","CBX5","ATM",9606,0.415,0,0,0,0.049,0,0,0.411
"9606.ENSP00000209875","9606.ENSP00000362650","CBX5","SCAI",9606,0.431,0,0,0,0.056,0.383,0,0.102
"9606.ENSP00000209875","9606.ENSP00000478887","CBX5","MYC",9606,0.432,0,0,0,0.042,0.164,0,0.348
"9606.ENSP00000209875","9606.ENSP00000234296","CBX5","ORC2",9606,0.432,0,0,0,0.049,0.334,0,0.175
"9606.ENSP00000209875","9606.ENSP00000402107","CBX5","L3MBTL1",9606,0.435,0,0,0,0,0.328,0,0.193
"9606.ENSP00000209875","9606.ENSP00000349503","CBX5","ZBTB14",9606,0.459,0,0,0,0,0.091,0,0.429
"9606.ENSP00000209875","9606.ENSP00000325018","CBX5","ZNF569",9606,0.46,0,0,0,0,0.328,0,0.228
"9606.ENSP00000209875","9606.ENSP00000356110","CBX5","NUCKS1",9606,0.479,0,0,0,0.327,0.198,0,0.111
"9606.ENSP00000209875","9606.ENSP00000230354","CBX5","TBP",9606,0.484,0,0,0,0.059,0.292,0,0.287
"9606.ENSP00000209875","9606.ENSP00000364839","CBX5","ASXL1",9606,0.509,0,0,0,0,0.071,0,0.494
"9606.ENSP00000209875","9606.ENSP00000267415","CBX5","TINF2",9606,0.518,0,0,0,0,0.091,0,0.491
"9606.ENSP00000209875","9606.ENSP00000329466","CBX5","SIRT7",9606,0.523,0,0,0,0,0.066,0,0.511
"9606.ENSP00000209875","9606.ENSP00000495413","CBX5","TRIM66",9606,0.532,0,0,0,0,0.095,0,0.505
"9606.ENSP00000209875","9606.ENSP00000263795","CBX5","WDR76",9606,0.55,0,0,0,0.082,0.292,0,0.363
"9606.ENSP00000209875","9606.ENSP00000420616","CBX5","TFDP2",9606,0.571,0,0,0,0.111,0.053,0.5,0.102
"9606.ENSP00000209875","9606.ENSP00000363123","CBX5","AHDC1",9606,0.603,0,0,0,0.049,0.6,0,0
"9606.ENSP00000209875","9606.ENSP00000364589","CBX5","CUL4A",9606,0.608,0,0,0,0.093,0,0,0.585
"9606.ENSP00000209875","9606.ENSP00000296417","CBX5","H2AZ1",9606,0.634,0,0,0,0.159,0.228,0,0.482
"9606.ENSP00000209875","9606.ENSP00000369716","CBX5","CHD3",9606,0.686,0,0,0,0.054,0.488,0,0.404
"9606.ENSP00000209875","9606.ENSP00000349723","CBX5","BCL11B",9606,0.697,0,0,0,0,0.328,0,0.568
"9606.ENSP00000209875","9606.ENSP00000235310","CBX5","MAD2L2",9606,0.78,0,0,0,0.053,0.595,0,0.474
"9606.ENSP00000209875","9606.ENSP00000378295","CBX5","INCENP",9606,0.795,0,0,0,0.089,0.644,0,0.418
"9606.ENSP00000209875","9606.ENSP00000298139","CBX5","WRN",9606,0.888,0,0,0,0.047,0.292,0,0.847
"9606.ENSP00000209875","9606.ENSP00000362592","CBX5","RBBP4",9606,0.931,0,0,0,0.188,0.794,0,0.62
"9606.ENSP00000209875","9606.ENSP00000254810","CBX5","H3-3B",9606,0.999,0,0,0,0.059,0.968,0.5,0.996
"9606.ENSP00000211413","9606.ENSP00000364298","PRRT1","FKBPL",9606,0.425,0,0,0,0.052,0.106,0,0.377
"9606.ENSP00000211936","9606.ENSP00000411152","ZNF184","ITPKB",9606,0.43,0,0,0,0,0,0,0.43
"9606.ENSP00000211936","9606.ENSP00000363389","ZNF184","PDIK1L",9606,0.538,0,0,0,0.538,0,0,0
"9606.ENSP00000212355","9606.ENSP00000385808","TGFBR3","KIF3A",9606,0.424,0,0,0,0.043,0,0,0.423
"9606.ENSP00000212355","9606.ENSP00000245457","TGFBR3","PTGER2",9606,0.432,0,0,0,0.083,0.049,0,0.401
"9606.ENSP00000212355","9606.ENSP00000340347","TGFBR3","TCF7",9606,0.433,0,0,0,0.049,0.045,0,0.426
"9606.ENSP00000212355","9606.ENSP00000363827","TGFBR3","HSPG2",9606,0.446,0,0,0,0,0.045,0,0.444
"9606.ENSP00000212355","9606.ENSP00000367202","TGFBR3","RECK",9606,0.472,0,0,0,0.062,0,0,0.461
"9606.ENSP00000212355","9606.ENSP00000332973","TGFBR3","SMAD3",9606,0.562,0,0,0,0.056,0.043,0,0.554
"9606.ENSP00000212355","9606.ENSP00000361107","TGFBR3","BMPR1A",9606,0.594,0,0,0,0.061,0.098,0,0.56
"9606.ENSP00000212355","9606.ENSP00000409581","TGFBR3","ARRB1",9606,0.657,0,0,0,0.054,0.046,0,0.651
"9606.ENSP00000215631","9606.ENSP00000478887","GADD45B","MYC",9606,0.409,0,0,0,0.062,0,0,0.396
"9606.ENSP00000215631","9606.ENSP00000362748","GADD45B","TET1",9606,0.462,0,0,0,0,0,0,0.462
"9606.ENSP00000215631","9606.ENSP00000362994","GADD45B","TRAF1",9606,0.472,0,0,0,0.08,0,0,0.45
"9606.ENSP00000215631","9606.ENSP00000350633","GADD45B","SERTAD1",9606,0.536,0,0,0,0.461,0,0,0.174
"9606.ENSP00000215631","9606.ENSP00000448665","GADD45B","DDIT3",9606,0.644,0,0,0,0.15,0,0,0.599
"9606.ENSP00000215631","9606.ENSP00000252506","GADD45B","GADD45G",9606,0.955,0,0,0.056,0.28,0,0.9,0.416
"9606.ENSP00000215631","9606.ENSP00000375986","GADD45B","MAP3K4",9606,0.999,0,0,0,0,0.714,0.9,0.989
"9606.ENSP00000215957","9606.ENSP00000292586","MICALL1","MRNIP",9606,0.476,0,0,0,0,0.476,0,0
"9606.ENSP00000215957","9606.ENSP00000261890","MICALL1","RAB11A",9606,0.514,0,0,0,0,0.088,0,0.489
"9606.ENSP00000215957","9606.ENSP00000419449","MICALL1","EIF1",9606,0.526,0,0,0,0.074,0.417,0,0.193
"9606.ENSP00000215957","9606.ENSP00000357564","MICALL1","RAB13",9606,0.836,0,0,0,0,0.23,0,0.796
"9606.ENSP00000216268","9606.ENSP00000356849","ZBED4","POGK",9606,0.52,0,0,0,0.435,0,0,0.185
"9606.ENSP00000216268","9606.ENSP00000410042","ZBED4","BRD1",9606,0.557,0,0,0,0.201,0,0,0.469
"9606.ENSP00000216274","9606.ENSP00000357981","RIPK3","CTSS",9606,0.404,0,0,0,0.166,0,0,0.314
"9606.ENSP00000216274","9606.ENSP00000313681","RIPK3","SPHK1",9606,0.406,0,0,0,0,0.045,0,0.404
"9606.ENSP00000216274","9606.ENSP00000281821","RIPK3","EPHA4",9606,0.428,0,0,0,0,0.428,0,0
"9606.ENSP00000216274","9606.ENSP00000348632","RIPK3","RBCK1",9606,0.428,0,0,0,0.063,0,0,0.414
"9606.ENSP00000216274","9606.ENSP00000261464","RIPK3","TRAF5",9606,0.457,0,0,0,0.055,0.09,0,0.42
"9606.ENSP00000216274","9606.ENSP00000296511","RIPK3","ANXA5",9606,0.486,0,0,0,0,0,0,0.486
"9606.ENSP00000216274","9606.ENSP00000381185","RIPK3","BCL2",9606,0.513,0,0,0,0.079,0,0,0.492
"9606.ENSP00000216274","9606.ENSP00000346437","RIPK3","ATG7",9606,0.572,0,0,0,0.073,0.069,0,0.543
"9606.ENSP00000216274","9606.ENSP00000468032","RIPK3","SARM1",9606,0.577,0,0,0,0.047,0,0,0.574
"9606.ENSP00000216274","9606.ENSP00000385519","RIPK3","CD14",9606,0.608,0,0,0,0.226,0,0.5,0.07
"9606.ENSP00000216274","9606.ENSP00000221132","RIPK3","TNFRSF10A",9606,0.623,0,0,0,0.042,0,0.4,0.398
"9606.ENSP00000216274","9606.ENSP00000362994","RIPK3","TRAF1",9606,0.627,0,0,0,0.122,0.09,0,0.571
"9606.ENSP00000216274","9606.ENSP00000284818","RIPK3","LY96",9606,0.637,0,0,0,0.161,0,0.5,0.204
"9606.ENSP00000216274","9606.ENSP00000433209","RIPK3","GSDMD",9606,0.834,0,0,0,0.159,0,0,0.811
"9606.ENSP00000216366","9606.ENSP00000435189","AP4S1","RAB30",9606,0.43,0,0,0,0.054,0,0,0.423
"9606.ENSP00000216366","9606.ENSP00000409594","AP4S1","ZFYVE27",9606,0.437,0,0,0,0,0,0,0.437
"9606.ENSP00000216366","9606.ENSP00000383911","AP4S1","UBAC2",9606,0.442,0,0,0,0.049,0,0,0.438
"9606.ENSP00000216366","9606.ENSP00000320821","AP4S1","KIF1C",9606,0.453,0,0,0,0.049,0,0,0.449
"9606.ENSP00000216366","9606.ENSP00000340132","AP4S1","ZNF383",9606,0.501,0,0,0,0.501,0,0,0
"9606.ENSP00000216366","9606.ENSP00000337452","AP4S1","NIPA1",9606,0.571,0,0,0,0.067,0,0,0.559
"9606.ENSP00000216366","9606.ENSP00000245923","AP4S1","RTN2",9606,0.575,0,0,0,0.054,0,0,0.57
"9606.ENSP00000216366","9606.ENSP00000380352","AP4S1","DDHD2",9606,0.593,0,0,0,0.082,0,0,0.575
"9606.ENSP00000216366","9606.ENSP00000465685","AP4S1","AP1M2",9606,0.774,0,0,0,0,0.43,0.54,0.208
"9606.ENSP00000216366","9606.ENSP00000428787","AP4S1","AP3M2",9606,0.791,0,0,0,0.049,0,0.72,0.278
"9606.ENSP00000216366","9606.ENSP00000470176","AP4S1","AP2S1",9606,0.91,0,0,0,0.12,0,0.9,0.063
"9606.ENSP00000216410","9606.ENSP00000253382","GNPNAT1","ACSS2",9606,0.408,0.046,0,0,0.103,0.068,0,0.345
"9606.ENSP00000216410","9606.ENSP00000292432","GNPNAT1","HK3",9606,0.932,0,0,0,0.062,0.067,0.9,0.324
"9606.ENSP00000216410","9606.ENSP00000477639","GNPNAT1","NAGK",9606,0.98,0,0,0,0.11,0.079,0.9,0.79
"9606.ENSP00000216442","9606.ENSP00000380880","ATP6V1D","SLC66A2",9606,0.454,0,0,0,0.048,0,0,0.45
"9606.ENSP00000216442","9606.ENSP00000356972","ATP6V1D","NDUFS2",9606,0.474,0,0,0,0.145,0,0,0.41
"9606.ENSP00000216442","9606.ENSP00000337850","ATP6V1D","KPTN",9606,0.499,0,0,0,0,0,0.5,0
"9606.ENSP00000216442","9606.ENSP00000393762","ATP6V1D","SESN1",9606,0.499,0,0,0,0,0,0.5,0
"9606.ENSP00000216442","9606.ENSP00000464814","ATP6V1D","COASY",9606,0.598,0.057,0,0,0.097,0,0.566,0
"9606.ENSP00000216442","9606.ENSP00000343118","ATP6V1D","LAMTOR4",9606,0.662,0,0,0,0.075,0,0.65,0
"9606.ENSP00000216442","9606.ENSP00000256644","ATP6V1D","LAMTOR5",9606,0.706,0,0,0,0.15,0,0.65,0.093
"9606.ENSP00000216442","9606.ENSP00000292114","ATP6V1D","TMEM199",9606,0.93,0,0,0,0.067,0,0.9,0.316
"9606.ENSP00000216442","9606.ENSP00000411672","ATP6V1D","ATP6V0E2",9606,0.971,0,0,0,0.104,0.84,0.72,0.364
"9606.ENSP00000216442","9606.ENSP00000332247","ATP6V1D","ATP6V0A2",9606,0.995,0.095,0,0,0.301,0.929,0.718,0.725
"9606.ENSP00000216442","9606.ENSP00000449500","ATP6V1D","RNASEK",9606,0.997,0,0,0,0.049,0.99,0.72,0
"9606.ENSP00000216442","9606.ENSP00000429690","ATP6V1D","ATP6V0E1",9606,0.998,0,0,0,0.262,0.99,0.5,0.695
"9606.ENSP00000216442","9606.ENSP00000352522","ATP6V1D","ATP6V1H",9606,0.999,0,0,0,0.377,0.997,0.935,0.794
"9606.ENSP00000216442","9606.ENSP00000253413","ATP6V1D","ATP6V1E1",9606,0.999,0.111,0,0,0.81,0.994,0.956,0.833
"9606.ENSP00000216727","9606.ENSP00000291552","PABPN1","U2AF1",9606,0.405,0,0,0,0.28,0,0,0.208
"9606.ENSP00000216727","9606.ENSP00000354964","PABPN1","ZNF318",9606,0.421,0,0,0,0.071,0.301,0,0.179
"9606.ENSP00000216727","9606.ENSP00000283629","PABPN1","UBP1",9606,0.421,0,0,0,0.16,0,0,0.339
"9606.ENSP00000216727","9606.ENSP00000488642","PABPN1","TENT4A",9606,0.455,0,0,0,0.056,0.18,0,0.352
"9606.ENSP00000216727","9606.ENSP00000348769","PABPN1","ARIH2",9606,0.55,0,0,0,0.065,0.329,0,0.341
"9606.ENSP00000216727","9606.ENSP00000481842","PABPN1","SAP18",9606,0.582,0,0,0,0.416,0.127,0,0.245
"9606.ENSP00000216727","9606.ENSP00000483408","PABPN1","RBM26",9606,0.611,0,0,0,0.082,0.281,0,0.458
"9606.ENSP00000216727","9606.ENSP00000451291","PABPN1","HNRNPC",9606,0.767,0,0,0,0.432,0.137,0,0.562
"9606.ENSP00000216727","9606.ENSP00000451129","PABPN1","SNW1",9606,0.8,0,0,0,0.067,0.338,0,0.703
"9606.ENSP00000216727","9606.ENSP00000240185","PABPN1","TARDBP",9606,0.855,0,0,0,0.454,0.362,0,0.617
"9606.ENSP00000216727","9606.ENSP00000251038","PABPN1","ZC3H14",9606,0.9,0,0,0,0.14,0.179,0,0.869
"9606.ENSP00000216727","9606.ENSP00000229390","PABPN1","SRSF9",9606,0.905,0,0,0,0.257,0.301,0.8,0.193
"9606.ENSP00000216727","9606.ENSP00000266679","PABPN1","CPSF6",9606,0.92,0,0,0,0.214,0.186,0.5,0.781
"9606.ENSP00000216756","9606.ENSP00000234296","CINP","ORC2",9606,0.621,0,0,0,0.121,0,0,0.587
"9606.ENSP00000217131","9606.ENSP00000451206","CTSZ","NPC2",9606,0.419,0,0,0,0.22,0,0,0.286
"9606.ENSP00000217131","9606.ENSP00000365227","CTSZ","AIF1",9606,0.444,0,0,0,0.267,0.07,0,0.25
"9606.ENSP00000217131","9606.ENSP00000465685","CTSZ","AP1M2",9606,0.501,0,0,0,0,0,0.5,0.044
"9606.ENSP00000217131","9606.ENSP00000409581","CTSZ","ARRB1",9606,0.503,0,0,0,0.048,0,0.5,0
"9606.ENSP00000217131","9606.ENSP00000263354","CTSZ","NAPA",9606,0.505,0,0,0,0.042,0,0.5,0.051
"9606.ENSP00000217131","9606.ENSP00000378394","CTSZ","PSAP",9606,0.511,0,0,0,0.324,0,0,0.305
"9606.ENSP00000217131","9606.ENSP00000357981","CTSZ","CTSS",9606,0.521,0,0,0.094,0.158,0.085,0,0.394
"9606.ENSP00000217131","9606.ENSP00000242285","CTSZ","CLTA",9606,0.533,0,0,0,0.091,0,0.5,0.055
"9606.ENSP00000217131","9606.ENSP00000223369","CTSZ","YKT6",9606,0.551,0,0,0,0.084,0,0.5,0.1
"9606.ENSP00000217131","9606.ENSP00000222219","CTSZ","DNASE2",9606,0.634,0,0,0,0.149,0,0.5,0.209
"9606.ENSP00000217131","9606.ENSP00000361562","CTSZ","CTSA",9606,0.641,0,0,0,0.219,0.091,0,0.535
"9606.ENSP00000217131","9606.ENSP00000303366","CTSZ","LMAN2",9606,0.663,0,0,0,0.1,0,0.5,0.312
"9606.ENSP00000217131","9606.ENSP00000236671","CTSZ","CTSD",9606,0.766,0,0,0,0.174,0.129,0,0.7
"9606.ENSP00000217131","9606.ENSP00000318822","CTSZ","BID",9606,0.903,0,0,0,0.07,0,0.9,0
"9606.ENSP00000217131","9606.ENSP00000381185","CTSZ","BCL2",9606,0.912,0,0,0,0.077,0,0.9,0.127
"9606.ENSP00000217402","9606.ENSP00000433209","CHMP4B","GSDMD",9606,0.405,0,0,0,0.049,0,0.4,0
"9606.ENSP00000217402","9606.ENSP00000454012","CHMP4B","UBAP1L",9606,0.54,0,0,0,0,0,0.54,0
"9606.ENSP00000217402","9606.ENSP00000293760","CHMP4B","LEMD2",9606,0.631,0,0,0,0.084,0,0.5,0.259
"9606.ENSP00000217402","9606.ENSP00000380794","CHMP4B","CHMP7",9606,0.968,0,0,0,0.063,0.474,0.9,0.432
"9606.ENSP00000217515","9606.ENSP00000372459","TXNL1","CTIF",9606,0.401,0,0,0,0,0,0,0.401
"9606.ENSP00000217515","9606.ENSP00000363993","TXNL1","PSMB9",9606,0.41,0,0,0,0.298,0.092,0,0.147
"9606.ENSP00000217515","9606.ENSP00000318352","TXNL1","MRFAP1",9606,0.425,0,0,0,0.082,0,0,0.4
"9606.ENSP00000217515","9606.ENSP00000385519","TXNL1","CD14",9606,0.439,0,0,0,0,0,0,0.439
"9606.ENSP00000217515","9606.ENSP00000363641","TXNL1","TXN",9606,0.599,0,0,0,0.075,0.188,0,0.509
"9606.ENSP00000217515","9606.ENSP00000396937","TXNL1","PSMD13",9606,0.645,0,0,0,0.382,0.261,0,0.284
"9606.ENSP00000217515","9606.ENSP00000261303","TXNL1","PSMC1",9606,0.747,0,0,0,0.228,0.569,0,0.301
"9606.ENSP00000217515","9606.ENSP00000250101","TXNL1","TXNDC17",9606,0.753,0,0,0,0.063,0.225,0,0.688
"9606.ENSP00000217515","9606.ENSP00000357876","TXNL1","PSMD4",9606,0.917,0,0,0,0.216,0.46,0,0.821
"9606.ENSP00000217740","9606.ENSP00000362179","RNF125","ZC3H12A",9606,0.418,0,0,0,0.046,0,0,0.415
"9606.ENSP00000217740","9606.ENSP00000400887","RNF125","PPIP5K1",9606,0.489,0,0,0,0,0,0,0.49
"9606.ENSP00000217740","9606.ENSP00000348632","RNF125","RBCK1",9606,0.492,0,0,0,0.057,0,0,0.483
"9606.ENSP00000217740","9606.ENSP00000364649","RNF125","SDHB",9606,0.529,0.091,0,0,0.371,0.089,0,0.204
"9606.ENSP00000217740","9606.ENSP00000385610","RNF125","MEX3C",9606,0.547,0,0,0,0.044,0,0,0.545
"9606.ENSP00000217740","9606.ENSP00000419325","RNF125","SUCLG2",9606,0.562,0.058,0,0,0.31,0.071,0.275,0.154
"9606.ENSP00000217740","9606.ENSP00000348216","RNF125","TRIM4",9606,0.592,0,0,0,0,0.045,0,0.59
"9606.ENSP00000217740","9606.ENSP00000328340","RNF125","RNF135",9606,0.716,0,0,0,0.044,0.045,0,0.714
"9606.ENSP00000217740","9606.ENSP00000263202","RNF125","UFD1",9606,0.91,0,0,0,0.068,0,0.9,0.115
"9606.ENSP00000218104","9606.ENSP00000464814","ABCD1","COASY",9606,0.645,0,0,0,0.062,0,0,0.638
"9606.ENSP00000218104","9606.ENSP00000498260","ABCD1","ACSL6",9606,0.731,0,0,0,0.1,0.1,0,0.695
"9606.ENSP00000218104","9606.ENSP00000310688","ABCD1","ABCD2",9606,0.954,0,0,0.056,0,0.543,0.9,0.071
"9606.ENSP00000218516","9606.ENSP00000452762","GLA","ETFA",9606,0.4,0,0,0,0.053,0,0,0.393
"9606.ENSP00000218516","9606.ENSP00000236671","GLA","CTSD",9606,0.431,0,0,0,0.088,0.06,0,0.39
"9606.ENSP00000218516","9606.ENSP00000382595","GLA","PAICS",9606,0.433,0,0,0,0.044,0,0,0.432
"9606.ENSP00000218516","9606.ENSP00000269228","GLA","NPC1",9606,0.459,0,0,0,0.055,0,0,0.451
"9606.ENSP00000218516","9606.ENSP00000301244","GLA","SPINT2",9606,0.493,0,0,0,0.043,0,0,0.492
"9606.ENSP00000218516","9606.ENSP00000451206","GLA","NPC2",9606,0.493,0,0,0,0.15,0,0,0.427
"9606.ENSP00000218516","9606.ENSP00000225614","GLA","GALK1",9606,0.608,0,0,0,0.089,0,0.205,0.502
"9606.ENSP00000218516","9606.ENSP00000378394","GLA","PSAP",9606,0.776,0,0,0,0.081,0,0,0.767
"9606.ENSP00000218516","9606.ENSP00000364782","GLA","NEU1",9606,0.931,0,0,0,0.117,0,0.9,0.285
"9606.ENSP00000218516","9606.ENSP00000261416","GLA","HEXB",9606,0.941,0,0,0,0.19,0,0.9,0.336
"9606.ENSP00000218516","9606.ENSP00000306920","GLA","GLB1",9606,0.984,0,0,0.23,0.105,0,0.9,0.8
"9606.ENSP00000219345","9606.ENSP00000363400","PLA2G15","PAFAH2",9606,0.438,0,0,0,0.074,0,0,0.418
"9606.ENSP00000219905","9606.ENSP00000303427","MGA","PDS5A",9606,0.425,0,0,0,0.4,0.081,0,0
"9606.ENSP00000219905","9606.ENSP00000402107","MGA","L3MBTL1",9606,0.475,0,0,0,0.055,0.053,0,0.46
"9606.ENSP00000219905","9606.ENSP00000366271","MGA","KDM2B",9606,0.48,0,0,0,0.115,0.323,0,0.202
"9606.ENSP00000219905","9606.ENSP00000437659","MGA","PHC1",9606,0.514,0,0,0,0.106,0.327,0,0.256
"9606.ENSP00000219905","9606.ENSP00000389631","MGA","ARPC1B",9606,0.524,0,0,0,0.524,0,0,0
"9606.ENSP00000219905","9606.ENSP00000262942","MGA","ARPC1A",9606,0.524,0,0,0,0.524,0,0,0
"9606.ENSP00000219905","9606.ENSP00000340896","MGA","ASH2L",9606,0.598,0,0,0,0.042,0.162,0.54,0
"9606.ENSP00000219905","9606.ENSP00000420616","MGA","TFDP2",9606,0.636,0,0,0,0,0.218,0.5,0.144
"9606.ENSP00000219905","9606.ENSP00000252996","MGA","TAF4",9606,0.902,0,0,0,0.042,0.067,0.9,0
"9606.ENSP00000219905","9606.ENSP00000364037","MGA","TEX10",9606,0.903,0,0,0,0.06,0,0.9,0.059
"9606.ENSP00000219905","9606.ENSP00000436786","MGA","KMT2A",9606,0.912,0,0,0,0.162,0.044,0.9,0
"9606.ENSP00000219905","9606.ENSP00000351490","MGA","MAX",9606,0.995,0,0,0,0.042,0.782,0.9,0.828
"9606.ENSP00000220764","9606.ENSP00000357873","DECR1","ACADSB",9606,0.4,0.042,0,0,0.088,0.091,0.174,0.226
"9606.ENSP00000220764","9606.ENSP00000419325","DECR1","SUCLG2",9606,0.409,0,0,0,0.264,0.045,0,0.226
"9606.ENSP00000220764","9606.ENSP00000296511","DECR1","ANXA5",9606,0.411,0,0,0,0.049,0,0,0.407
"9606.ENSP00000220764","9606.ENSP00000356972","DECR1","NDUFS2",9606,0.426,0,0,0,0.097,0.31,0,0.153
"9606.ENSP00000220764","9606.ENSP00000452762","DECR1","ETFA",9606,0.433,0.057,0,0,0.172,0.099,0,0.289
"9606.ENSP00000220764","9606.ENSP00000363614","DECR1","HMGCL",9606,0.489,0,0,0,0.148,0,0.215,0.296
"9606.ENSP00000220764","9606.ENSP00000281182","DECR1","ACAD8",9606,0.504,0.042,0,0,0.147,0.071,0.174,0.331
"9606.ENSP00000220764","9606.ENSP00000360577","DECR1","ECHDC2",9606,0.543,0.042,0,0,0.079,0.068,0.175,0.43
"9606.ENSP00000221132","9606.ENSP00000258080","TNFRSF10A","HTRA2",9606,0.43,0,0,0,0,0,0,0.43
"9606.ENSP00000221132","9606.ENSP00000365402","TNFRSF10A","HLA-C",9606,0.436,0,0,0,0,0,0,0.436
"9606.ENSP00000221132","9606.ENSP00000258443","TNFRSF10A","EDAR",9606,0.439,0,0,0,0.055,0,0,0.431
"9606.ENSP00000221132","9606.ENSP00000478887","TNFRSF10A","MYC",9606,0.44,0,0,0,0.078,0,0,0.418
"9606.ENSP00000221132","9606.ENSP00000384924","TNFRSF10A","RTL10",9606,0.451,0,0,0,0.048,0,0,0.447
"9606.ENSP00000221132","9606.ENSP00000254301","TNFRSF10A","LGALS3",9606,0.479,0,0,0,0,0,0,0.479
"9606.ENSP00000221132","9606.ENSP00000318822","TNFRSF10A","BID",9606,0.48,0,0,0,0.044,0,0,0.479
"9606.ENSP00000221132","9606.ENSP00000363993","TNFRSF10A","PSMB9",9606,0.504,0,0,0,0,0,0,0.504
"9606.ENSP00000221132","9606.ENSP00000364016","TNFRSF10A","PSMB8",9606,0.511,0,0,0,0.061,0,0,0.501
"9606.ENSP00000221132","9606.ENSP00000261464","TNFRSF10A","TRAF5",9606,0.518,0,0,0,0,0,0,0.518
"9606.ENSP00000221132","9606.ENSP00000296511","TNFRSF10A","ANXA5",9606,0.606,0,0,0,0,0,0,0.606
"9606.ENSP00000221132","9606.ENSP00000379873","TNFRSF10A","HLA-A",9606,0.686,0,0,0,0.044,0,0,0.685
"9606.ENSP00000221132","9606.ENSP00000381185","TNFRSF10A","BCL2",9606,0.708,0,0,0,0,0,0,0.708
"9606.ENSP00000221132","9606.ENSP00000399168","TNFRSF10A","HLA-B",9606,0.759,0,0,0,0.042,0,0,0.759
"9606.ENSP00000221132","9606.ENSP00000367013","TNFRSF10A","TNFRSF25",9606,0.998,0,0,0,0.072,0,0,0.998
"9606.ENSP00000221455","9606.ENSP00000305976","CLASRP","SIK2",9606,0.4,0,0,0,0,0,0,0.4
"9606.ENSP00000221455","9606.ENSP00000261889","CLASRP","SNX1",9606,0.566,0,0,0,0.043,0,0,0.566
"9606.ENSP00000221455","9606.ENSP00000354573","CLASRP","MACF1",9606,0.582,0,0,0,0,0,0,0.582
"9606.ENSP00000221455","9606.ENSP00000405405","CLASRP","PHLDB2",9606,0.989,0,0,0,0,0,0,0.989
"9606.ENSP00000222219","9606.ENSP00000236671","DNASE2","CTSD",9606,0.414,0,0,0,0.129,0,0,0.355
"9606.ENSP00000222219","9606.ENSP00000339314","DNASE2","ZNF70",9606,0.455,0,0,0,0,0.045,0,0.453
"9606.ENSP00000222219","9606.ENSP00000465685","DNASE2","AP1M2",9606,0.503,0,0,0,0.048,0,0.5,0
"9606.ENSP00000222219","9606.ENSP00000409581","DNASE2","ARRB1",9606,0.507,0,0,0,0.056,0,0.5,0
"9606.ENSP00000222219","9606.ENSP00000242285","DNASE2","CLTA",9606,0.522,0,0,0,0.044,0,0.5,0.08
"9606.ENSP00000222374","9606.ENSP00000363480","CADM4","DLG3",9606,0.523,0,0,0,0.079,0.049,0,0.499
"9606.ENSP00000222374","9606.ENSP00000394794","CADM4","PTPN13",9606,0.578,0,0,0,0,0,0,0.578
"9606.ENSP00000222374","9606.ENSP00000264638","CADM4","CNTNAP1",9606,0.61,0,0,0,0.084,0,0,0.592
"9606.ENSP00000222374","9606.ENSP00000222644","CADM4","MPP6",9606,0.888,0,0,0,0,0.045,0,0.888
"9606.ENSP00000222644","9606.ENSP00000282356","MPP6","CAMK4",9606,0.451,0,0.423,0,0.06,0.059,0,0.05
"9606.ENSP00000222644","9606.ENSP00000363480","MPP6","DLG3",9606,0.584,0,0,0,0.053,0.148,0,0.526
"9606.ENSP00000222644","9606.ENSP00000494277","MPP6","PATJ",9606,0.726,0,0,0,0.068,0.099,0,0.7
"9606.ENSP00000223073","9606.ENSP00000274054","RBM28","NAF1",9606,0.412,0,0,0,0.412,0,0,0
"9606.ENSP00000223073","9606.ENSP00000253247","RBM28","NOL11",9606,0.481,0,0,0,0.171,0,0.4,0
"9606.ENSP00000223073","9606.ENSP00000410059","RBM28","EEF1D",9606,0.491,0,0,0,0.062,0,0,0.48
"9606.ENSP00000223073","9606.ENSP00000310042","RBM28","ZNF622",9606,0.5,0,0,0,0.347,0.226,0,0.091
"9606.ENSP00000223073","9606.ENSP00000416534","RBM28","DDX46",9606,0.502,0,0,0,0.236,0.129,0,0.312
"9606.ENSP00000223073","9606.ENSP00000413572","RBM28","NLE1",9606,0.504,0,0,0,0.388,0,0,0.224
"9606.ENSP00000223073","9606.ENSP00000419740","RBM28","NSUN4",9606,0.534,0,0,0,0.386,0.255,0,0.064
"9606.ENSP00000223073","9606.ENSP00000355060","RBM28","ARHGEF10L",9606,0.537,0,0,0,0,0,0,0.537
"9606.ENSP00000223073","9606.ENSP00000361446","RBM28","POLR3A",9606,0.56,0,0,0,0.527,0.096,0,0.053
"9606.ENSP00000223073","9606.ENSP00000372199","RBM28","URB1",9606,0.68,0,0,0,0.258,0.51,0,0.191
"9606.ENSP00000223073","9606.ENSP00000444136","RBM28","POLR1B",9606,0.688,0,0,0,0.662,0,0,0.115
"9606.ENSP00000223073","9606.ENSP00000298746","RBM28","TRUB1",9606,0.729,0,0,0,0.42,0.451,0,0.218
"9606.ENSP00000223073","9606.ENSP00000419005","RBM28","UTP25",9606,0.757,0,0,0,0.611,0,0.4,0
"9606.ENSP00000223073","9606.ENSP00000361232","RBM28","DDX31",9606,0.763,0,0,0,0.631,0.281,0,0.177
"9606.ENSP00000223073","9606.ENSP00000417402","RBM28","PUS7",9606,0.8,0,0,0,0.775,0,0,0.146
"9606.ENSP00000223073","9606.ENSP00000261637","RBM28","UTP20",9606,0.824,0,0,0,0.461,0.486,0.4,0.068
"9606.ENSP00000223073","9606.ENSP00000301364","RBM28","TSR1",9606,0.848,0,0,0,0.848,0,0,0
"9606.ENSP00000223073","9606.ENSP00000442053","RBM28","RBM19",9606,0.867,0,0,0,0.84,0.206,0,0
"9606.ENSP00000223073","9606.ENSP00000308179","RBM28","WDR3",9606,0.913,0,0,0,0.857,0,0.4,0.063
"9606.ENSP00000223073","9606.ENSP00000355899","RBM28","RRP15",9606,0.919,0,0,0,0.754,0.48,0,0.422
"9606.ENSP00000223210","9606.ENSP00000252050","ZNF862","CUL9",9606,0.443,0,0,0,0.443,0,0,0
"9606.ENSP00000223369","9606.ENSP00000258991","YKT6","TEX2",9606,0.4,0,0,0,0.042,0,0.4,0
"9606.ENSP00000223369","9606.ENSP00000346437","YKT6","ATG7",9606,0.401,0,0,0,0.063,0,0,0.386
"9606.ENSP00000223369","9606.ENSP00000257700","YKT6","RINT1",9606,0.405,0,0,0,0.057,0.095,0,0.359
"9606.ENSP00000223369","9606.ENSP00000230085","YKT6","SNX3",9606,0.464,0,0,0,0.074,0,0,0.445
"9606.ENSP00000223369","9606.ENSP00000445768","YKT6","DENND11",9606,0.475,0,0,0,0,0,0,0.475
"9606.ENSP00000223369","9606.ENSP00000480332","YKT6","TRAPPC3",9606,0.483,0,0,0,0.309,0,0,0.283
"9606.ENSP00000223369","9606.ENSP00000363452","YKT6","MAN1C1",9606,0.499,0,0,0,0,0,0.5,0
"9606.ENSP00000223369","9606.ENSP00000303366","YKT6","LMAN2",9606,0.517,0,0,0,0.063,0,0.5,0.052
"9606.ENSP00000223369","9606.ENSP00000353401","YKT6","CUX1",9606,0.531,0,0,0,0.054,0,0.5,0.089
"9606.ENSP00000223369","9606.ENSP00000280772","YKT6","ANK3",9606,0.566,0,0,0,0.042,0.064,0.5,0.147
"9606.ENSP00000223369","9606.ENSP00000261890","YKT6","RAB11A",9606,0.575,0,0,0,0.058,0.076,0,0.55
"9606.ENSP00000223369","9606.ENSP00000330945","YKT6","TMED9",9606,0.589,0,0,0,0.1,0,0.5,0.16
"9606.ENSP00000223369","9606.ENSP00000497733","YKT6","CDC42",9606,0.657,0,0,0,0.074,0.166,0.5,0.216
"9606.ENSP00000223369","9606.ENSP00000315775","YKT6","COG4",9606,0.795,0,0,0,0.049,0,0.5,0.604
"9606.ENSP00000223369","9606.ENSP00000317714","YKT6","STX4",9606,0.84,0,0,0,0.092,0.296,0.54,0.522
"9606.ENSP00000223369","9606.ENSP00000466298","YKT6","STX10",9606,0.965,0,0,0,0.063,0.84,0.54,0.558
"9606.ENSP00000223369","9606.ENSP00000263354","YKT6","NAPA",9606,0.972,0,0,0,0.049,0.803,0.54,0.715
"9606.ENSP00000223864","9606.ENSP00000339328","PLGRKT","PLAUR",9606,0.478,0,0,0,0,0.097,0,0.446
"9606.ENSP00000223864","9606.ENSP00000349430","PLGRKT","H2BC12",9606,0.564,0,0,0,0.042,0,0,0.564
"9606.ENSP00000224784","9606.ENSP00000357981","ACTA2","CTSS",9606,0.412,0,0,0,0.049,0,0,0.407
"9606.ENSP00000224784","9606.ENSP00000357727","ACTA2","S100A9",9606,0.412,0,0,0,0.056,0.092,0,0.368
"9606.ENSP00000224784","9606.ENSP00000497550","ACTA2","PI16",9606,0.413,0,0,0,0.105,0.07,0,0.352
"9606.ENSP00000224784","9606.ENSP00000379823","ACTA2","COL4A3",9606,0.423,0,0,0,0,0.101,0,0.384
"9606.ENSP00000224784","9606.ENSP00000451129","ACTA2","SNW1",9606,0.451,0,0,0,0,0.124,0.4,0
"9606.ENSP00000224784","9606.ENSP00000357721","ACTA2","S100A8",9606,0.468,0,0,0,0.045,0.092,0,0.435
"9606.ENSP00000224784","9606.ENSP00000355180","ACTA2","COL6A1",9606,0.468,0,0,0,0.092,0.091,0,0.407
"9606.ENSP00000224784","9606.ENSP00000298159","ACTA2","CFL2",9606,0.477,0,0,0,0.082,0.297,0,0.255
"9606.ENSP00000224784","9606.ENSP00000230354","ACTA2","TBP",9606,0.486,0,0,0,0.294,0.09,0,0.264
"9606.ENSP00000224784","9606.ENSP00000345008","ACTA2","FBLN5",9606,0.508,0,0,0,0.158,0.103,0,0.401
"9606.ENSP00000224784","9606.ENSP00000254301","ACTA2","LGALS3",9606,0.547,0,0,0,0.06,0.292,0,0.373
"9606.ENSP00000224784","9606.ENSP00000383023","ACTA2","MYL5",9606,0.58,0,0,0,0.078,0.126,0.5,0.08
"9606.ENSP00000224784","9606.ENSP00000309953","ACTA2","EFEMP2",9606,0.611,0,0,0,0.155,0.103,0,0.528
"9606.ENSP00000224784","9606.ENSP00000368664","ACTA2","RGCC",9606,0.619,0,0,0,0.086,0,0,0.601
"9606.ENSP00000224784","9606.ENSP00000464359","ACTA2","MYL12A",9606,0.649,0,0,0,0.125,0.142,0.5,0.175
"9606.ENSP00000224784","9606.ENSP00000332973","ACTA2","SMAD3",9606,0.733,0,0,0,0.074,0.089,0,0.709
"9606.ENSP00000224784","9606.ENSP00000408910","ACTA2","DCTN2",9606,0.752,0,0,0,0.056,0.406,0.54,0.155
"9606.ENSP00000224784","9606.ENSP00000463559","ACTA2","MYL12B",9606,0.755,0,0,0,0.127,0.366,0.5,0.218
"9606.ENSP00000225609","9606.ENSP00000382071","PIGL","HLCS",9606,0.436,0.231,0,0,0.099,0,0,0.251
"9606.ENSP00000225609","9606.ENSP00000257347","PIGL","CARS2",9606,0.878,0.115,0,0,0.106,0,0.792,0.349
"9606.ENSP00000225614","9606.ENSP00000327048","GALK1","MAF",9606,0.412,0,0,0,0,0,0,0.412
"9606.ENSP00000225614","9606.ENSP00000298198","GALK1","PGM2L1",9606,0.42,0.056,0,0,0,0,0.136,0.346
"9606.ENSP00000225614","9606.ENSP00000385757","GALK1","BLVRA",9606,0.513,0.06,0,0,0.148,0.328,0,0.203
"9606.ENSP00000225614","9606.ENSP00000450565","GALK1","IL11RA",9606,0.885,0.102,0,0,0.657,0.248,0.449,0.239
"9606.ENSP00000225972","9606.ENSP00000357998","LRRC59","SEC63",9606,0.416,0,0,0,0.122,0.362,0,0
"9606.ENSP00000225972","9606.ENSP00000369716","LRRC59","CHD3",9606,0.423,0,0,0,0.049,0.335,0,0.161
"9606.ENSP00000225972","9606.ENSP00000383866","LRRC59","SZRD1",9606,0.441,0,0,0,0.439,0.045,0,0
"9606.ENSP00000225972","9606.ENSP00000263370","LRRC59","ITPKC",9606,0.46,0,0,0,0.064,0,0,0.447
"9606.ENSP00000225972","9606.ENSP00000381237","LRRC59","HM13",9606,0.494,0,0,0,0.111,0.112,0,0.41
"9606.ENSP00000225972","9606.ENSP00000478887","LRRC59","MYC",9606,0.509,0,0,0,0.086,0.457,0,0.091
"9606.ENSP00000225972","9606.ENSP00000340688","LRRC59","ADGRL1",9606,0.514,0,0,0,0,0.514,0,0
"9606.ENSP00000228495","9606.ENSP00000301924","KCTD10","TRIM35",9606,0.405,0,0,0,0.095,0,0,0.37
"9606.ENSP00000228495","9606.ENSP00000263966","KCTD10","USP13",9606,0.422,0,0,0,0,0.422,0,0
"9606.ENSP00000228495","9606.ENSP00000263384","KCTD10","FAM32A",9606,0.431,0,0,0,0.074,0,0,0.411
"9606.ENSP00000228495","9606.ENSP00000312397","KCTD10","KLHL3",9606,0.734,0,0,0,0,0,0.72,0.092
"9606.ENSP00000228495","9606.ENSP00000370671","KCTD10","KLHL42",9606,0.735,0,0,0,0.074,0,0.72,0.063
"9606.ENSP00000228495","9606.ENSP00000362807","KCTD10","PEF1",9606,0.739,0,0,0,0.109,0,0.72,0
"9606.ENSP00000228495","9606.ENSP00000497351","KCTD10","GAN",9606,0.759,0,0,0,0,0,0.72,0.175
"9606.ENSP00000228740","9606.ENSP00000430269","LTA4H","EPHX2",9606,0.463,0,0,0,0.042,0.061,0,0.451
"9606.ENSP00000228740","9606.ENSP00000382342","LTA4H","ABCC1",9606,0.595,0,0.012,0,0.056,0.071,0,0.575
"9606.ENSP00000228741","9606.ENSP00000428056","ELK3","PIK3R1",9606,0.531,0,0,0,0.042,0.505,0,0.091
"9606.ENSP00000228825","9606.ENSP00000340211","ARPC3","CORO1B",9606,0.479,0,0,0,0.056,0,0,0.47
"9606.ENSP00000228825","9606.ENSP00000261890","ARPC3","RAB11A",9606,0.49,0,0,0,0.072,0.045,0,0.471
"9606.ENSP00000228825","9606.ENSP00000298159","ARPC3","CFL2",9606,0.492,0,0,0,0.076,0,0,0.472
"9606.ENSP00000228825","9606.ENSP00000470176","ARPC3","AP2S1",9606,0.501,0,0,0,0.392,0,0,0.212
"9606.ENSP00000228825","9606.ENSP00000431445","ARPC3","CD3G",9606,0.503,0,0,0,0.047,0,0.5,0
"9606.ENSP00000228825","9606.ENSP00000295851","ARPC3","ABI2",9606,0.689,0,0,0,0,0.074,0.5,0.382
"9606.ENSP00000228825","9606.ENSP00000472249","ARPC3","GMFG",9606,0.831,0,0,0,0.118,0.8,0,0.121
"9606.ENSP00000228825","9606.ENSP00000497733","ARPC3","CDC42",9606,0.841,0,0,0,0.446,0.166,0.5,0.396
"9606.ENSP00000228825","9606.ENSP00000389631","ARPC3","ARPC1B",9606,0.999,0,0,0,0.781,0.995,0.9,0.998
"9606.ENSP00000228825","9606.ENSP00000262942","ARPC3","ARPC1A",9606,0.999,0,0,0,0.147,0.995,0.9,0.955
"9606.ENSP00000228918","9606.ENSP00000396937","LTBR","PSMD13",9606,0.4,0,0,0,0,0,0.4,0
"9606.ENSP00000228918","9606.ENSP00000357876","LTBR","PSMD4",9606,0.4,0,0,0,0,0,0.4,0
"9606.ENSP00000228918","9606.ENSP00000261303","LTBR","PSMC1",9606,0.409,0,0,0,0.049,0,0.4,0.049
"9606.ENSP00000228918","9606.ENSP00000372155","LTBR","PSME1",9606,0.421,0,0,0,0.06,0,0.4,0.056
"9606.ENSP00000228918","9606.ENSP00000351314","LTBR","PSMB10",9606,0.462,0,0,0,0.086,0,0.4,0.098
"9606.ENSP00000228918","9606.ENSP00000363993","LTBR","PSMB9",9606,0.471,0,0,0,0.056,0,0.4,0.142
"9606.ENSP00000228918","9606.ENSP00000362179","LTBR","ZC3H12A",9606,0.473,0,0,0,0.074,0,0,0.454
"9606.ENSP00000228918","9606.ENSP00000246657","LTBR","CCR7",9606,0.477,0,0,0,0,0,0,0.477
"9606.ENSP00000228918","9606.ENSP00000478887","LTBR","MYC",9606,0.484,0,0,0,0.052,0,0,0.478
"9606.ENSP00000228918","9606.ENSP00000364016","LTBR","PSMB8",9606,0.495,0,0,0,0.089,0,0.4,0.15
"9606.ENSP00000228918","9606.ENSP00000348632","LTBR","RBCK1",9606,0.505,0,0,0,0.092,0.406,0,0.156
"9606.ENSP00000228918","9606.ENSP00000381185","LTBR","BCL2",9606,0.505,0,0,0,0,0,0,0.505
"9606.ENSP00000228918","9606.ENSP00000347948","LTBR","TNFRSF14",9606,0.564,0,0,0,0.061,0,0,0.555
"9606.ENSP00000228918","9606.ENSP00000367013","LTBR","TNFRSF25",9606,0.582,0,0,0,0.191,0,0,0.505
"9606.ENSP00000228918","9606.ENSP00000268150","LTBR","MFGE8",9606,0.586,0,0,0,0.099,0,0,0.56
"9606.ENSP00000228918","9606.ENSP00000306157","LTBR","IL7R",9606,0.634,0,0,0,0.078,0,0,0.62
"9606.ENSP00000228918","9606.ENSP00000266557","LTBR","CD27",9606,0.638,0,0,0,0.056,0,0,0.633
"9606.ENSP00000228918","9606.ENSP00000362994","LTBR","TRAF1",9606,0.754,0,0,0,0,0.615,0,0.386
"9606.ENSP00000228918","9606.ENSP00000359663","LTBR","CD40LG",9606,0.854,0,0,0,0.056,0,0.5,0.716
"9606.ENSP00000228918","9606.ENSP00000261464","LTBR","TRAF5",9606,0.996,0,0,0,0,0.742,0.9,0.863
"9606.ENSP00000229332","9606.ENSP00000311035","CLEC4A","CD200R1",9606,0.447,0,0,0,0.117,0,0,0.399
"9606.ENSP00000229332","9606.ENSP00000357981","CLEC4A","CTSS",9606,0.45,0,0,0,0.373,0,0,0.158
"9606.ENSP00000229332","9606.ENSP00000353259","CLEC4A","CD300A",9606,0.493,0,0,0,0.252,0,0,0.35
"9606.ENSP00000229332","9606.ENSP00000365261","CLEC4A","LST1",9606,0.53,0,0,0,0.503,0,0,0.092
"9606.ENSP00000229332","9606.ENSP00000261340","CLEC4A","CLEC2D",9606,0.572,0,0,0,0.062,0.129,0,0.519
"9606.ENSP00000229332","9606.ENSP00000435844","CLEC4A","MS4A6A",9606,0.602,0,0,0,0.532,0,0,0.183
"9606.ENSP00000229390","9606.ENSP00000481842","SRSF9","SAP18",9606,0.408,0,0,0,0.228,0.078,0,0.235
"9606.ENSP00000229390","9606.ENSP00000301454","SRSF9","SLC25A23",9606,0.408,0,0,0,0,0.408,0,0
"9606.ENSP00000229390","9606.ENSP00000360483","SRSF9","NDC1",9606,0.413,0,0,0,0.063,0,0.4,0
"9606.ENSP00000229390","9606.ENSP00000296702","SRSF9","TCERG1",9606,0.416,0,0,0,0.111,0.094,0,0.333
"9606.ENSP00000229390","9606.ENSP00000285968","SRSF9","NUP205",9606,0.419,0,0,0,0.072,0,0.4,0
"9606.ENSP00000229390","9606.ENSP00000378687","SRSF9","POM121",9606,0.441,0,0,0,0.052,0.071,0.4,0.067
"9606.ENSP00000229390","9606.ENSP00000367721","SRSF9","NUP160",9606,0.45,0,0,0,0.122,0,0.4,0
"9606.ENSP00000229390","9606.ENSP00000231498","SRSF9","NUP155",9606,0.45,0,0,0,0.102,0.05,0.4,0.053
"9606.ENSP00000229390","9606.ENSP00000358727","SRSF9","GSTO1",9606,0.458,0,0,0,0.058,0.449,0,0
"9606.ENSP00000229390","9606.ENSP00000296490","SRSF9","WDR82",9606,0.47,0,0,0,0.063,0.401,0,0.133
"9606.ENSP00000229390","9606.ENSP00000364398","SRSF9","HABP4",9606,0.513,0,0,0,0,0.312,0,0.321
"9606.ENSP00000229390","9606.ENSP00000353646","SRSF9","PLEKHG4",9606,0.537,0,0,0,0,0,0,0.537
"9606.ENSP00000229390","9606.ENSP00000240185","SRSF9","TARDBP",9606,0.558,0,0,0,0.253,0.14,0,0.368
"9606.ENSP00000229390","9606.ENSP00000356972","SRSF9","NDUFS2",9606,0.569,0,0,0,0.081,0.551,0,0.041
"9606.ENSP00000229390","9606.ENSP00000258080","SRSF9","HTRA2",9606,0.678,0,0,0,0.068,0,0,0.669
"9606.ENSP00000229390","9606.ENSP00000266679","SRSF9","CPSF6",9606,0.736,0,0,0,0.178,0.211,0.5,0.282
"9606.ENSP00000229390","9606.ENSP00000291552","SRSF9","U2AF1",9606,0.777,0,0,0,0.163,0.113,0.5,0.471
"9606.ENSP00000229390","9606.ENSP00000451291","SRSF9","HNRNPC",9606,0.821,0,0,0,0.25,0.14,0.4,0.593
"9606.ENSP00000230085","9606.ENSP00000363228","SNX3","RBM12",9606,0.472,0,0,0,0.044,0.471,0,0
"9606.ENSP00000230085","9606.ENSP00000261890","SNX3","RAB11A",9606,0.488,0,0,0,0.122,0,0,0.44
"9606.ENSP00000230085","9606.ENSP00000426255","SNX3","SNX25",9606,0.498,0,0,0,0,0,0,0.498
"9606.ENSP00000230085","9606.ENSP00000261889","SNX3","SNX1",9606,0.856,0,0,0,0.132,0.098,0.54,0.649
"9606.ENSP00000230122","9606.ENSP00000406293","ZBTB24","TCEA3",9606,0.405,0,0,0,0,0.072,0,0.386
"9606.ENSP00000230354","9606.ENSP00000418823","TBP","FTO",9606,0.4,0,0,0,0,0,0,0.4
"9606.ENSP00000230354","9606.ENSP00000381185","TBP","BCL2",9606,0.401,0,0,0,0,0,0,0.401
"9606.ENSP00000230354","9606.ENSP00000356224","TBP","SYNE1",9606,0.403,0,0,0,0,0.16,0,0.319
"9606.ENSP00000230354","9606.ENSP00000274054","TBP","NAF1",9606,0.425,0,0,0,0.049,0.421,0,0
"9606.ENSP00000230354","9606.ENSP00000371133","TBP","HMG20A",9606,0.434,0,0,0,0.099,0.107,0,0.353
"9606.ENSP00000230354","9606.ENSP00000385823","TBP","MTA3",9606,0.436,0,0,0,0.06,0,0.4,0.081
"9606.ENSP00000230354","9606.ENSP00000384048","TBP","PAXIP1",9606,0.442,0,0,0,0.083,0,0,0.417
"9606.ENSP00000230354","9606.ENSP00000240185","TBP","TARDBP",9606,0.443,0,0,0,0.08,0.21,0,0.295
"9606.ENSP00000230354","9606.ENSP00000359719","TBP","PRKACB",9606,0.451,0,0,0,0,0,0,0.451
"9606.ENSP00000230354","9606.ENSP00000264331","TBP","TOP2B",9606,0.454,0,0,0,0.06,0,0,0.443
"9606.ENSP00000230354","9606.ENSP00000410042","TBP","BRD1",9606,0.484,0,0,0,0.102,0,0,0.449
"9606.ENSP00000230354","9606.ENSP00000362592","TBP","RBBP4",9606,0.508,0,0,0,0.066,0.072,0.4,0.165
"9606.ENSP00000230354","9606.ENSP00000354742","TBP","IPO9",9606,0.511,0,0,0,0.054,0.46,0,0.119
"9606.ENSP00000230354","9606.ENSP00000410759","TBP","ATXN7L1",9606,0.514,0,0,0,0.049,0.297,0,0.331
"9606.ENSP00000230354","9606.ENSP00000376436","TBP","ETS1",9606,0.525,0,0,0,0.047,0.292,0,0.353
"9606.ENSP00000230354","9606.ENSP00000369716","TBP","CHD3",9606,0.544,0,0,0,0.063,0.091,0.4,0.213
"9606.ENSP00000230354","9606.ENSP00000369695","TBP","MLLT3",9606,0.553,0,0,0,0,0.304,0,0.384
"9606.ENSP00000230354","9606.ENSP00000349430","TBP","H2BC12",9606,0.583,0,0,0,0.053,0.094,0.4,0.285
"9606.ENSP00000230354","9606.ENSP00000306983","TBP","YEATS2",9606,0.595,0,0,0,0.054,0.486,0,0.233
"9606.ENSP00000230354","9606.ENSP00000356848","TBP","TADA1",9606,0.639,0,0,0,0.049,0.53,0,0.257
"9606.ENSP00000230354","9606.ENSP00000363064","TBP","ZNF76",9606,0.646,0,0,0,0.06,0.536,0,0.255
"9606.ENSP00000230354","9606.ENSP00000357000","TBP","USF1",9606,0.714,0,0,0,0.06,0.078,0,0.697
"9606.ENSP00000230354","9606.ENSP00000361219","TBP","GTF3C4",9606,0.736,0,0,0,0.049,0.292,0.5,0.309
"9606.ENSP00000230354","9606.ENSP00000261884","TBP","TRIP4",9606,0.758,0,0,0,0.224,0,0,0.701
"9606.ENSP00000230354","9606.ENSP00000299853","TBP","POLR3E",9606,0.773,0,0,0,0.081,0.429,0.5,0.239
"9606.ENSP00000230354","9606.ENSP00000444136","TBP","POLR1B",9606,0.808,0,0,0,0.049,0.275,0.5,0.509
"9606.ENSP00000230354","9606.ENSP00000406293","TBP","TCEA3",9606,0.897,0,0,0,0,0.491,0,0.807
"9606.ENSP00000230354","9606.ENSP00000361446","TBP","POLR3A",9606,0.913,0,0,0,0.055,0.534,0.5,0.655
"9606.ENSP00000230354","9606.ENSP00000254810","TBP","H3-3B",9606,0.917,0,0,0,0.055,0.233,0.4,0.832
"9606.ENSP00000230354","9606.ENSP00000362948","TBP","MED18",9606,0.923,0,0,0,0,0.812,0,0.611
"9606.ENSP00000230354","9606.ENSP00000290663","TBP","MED8",9606,0.929,0,0,0,0.072,0.812,0,0.628
"9606.ENSP00000230354","9606.ENSP00000296417","TBP","H2AZ1",9606,0.947,0,0,0,0.049,0.824,0.4,0.54
"9606.ENSP00000230354","9606.ENSP00000478887","TBP","MYC",9606,0.953,0,0,0,0.055,0.51,0,0.907
"9606.ENSP00000230354","9606.ENSP00000307850","TBP","DRAP1",9606,0.991,0,0,0,0.049,0.963,0,0.783
"9606.ENSP00000230354","9606.ENSP00000462980","TBP","TAF4B",9606,0.991,0,0,0,0,0.855,0.8,0.714
"9606.ENSP00000230354","9606.ENSP00000339917","TBP","TAF9B",9606,0.994,0,0,0,0.049,0.845,0.9,0.691
"9606.ENSP00000230354","9606.ENSP00000252996","TBP","TAF4",9606,0.999,0,0,0,0.056,0.999,0.8,0.958
"9606.ENSP00000231238","9606.ENSP00000284320","TTC1","TOMM70",9606,0.423,0,0,0,0.057,0,0,0.413
"9606.ENSP00000231238","9606.ENSP00000262958","TTC1","GNA15",9606,0.536,0,0,0,0,0.294,0,0.37
"9606.ENSP00000231498","9606.ENSP00000377681","NUP155","G3BP1",9606,0.401,0,0,0,0.102,0.315,0,0.104
"9606.ENSP00000231498","9606.ENSP00000291552","NUP155","U2AF1",9606,0.41,0,0,0,0.057,0,0.4,0
"9606.ENSP00000231498","9606.ENSP00000253247","NUP155","NOL11",9606,0.417,0,0,0,0.227,0,0,0.276
"9606.ENSP00000231498","9606.ENSP00000238616","NUP155","NEK9",9606,0.427,0,0,0,0.076,0,0.4,0.049
"9606.ENSP00000231498","9606.ENSP00000451291","NUP155","HNRNPC",9606,0.438,0,0,0,0.062,0,0.4,0.082
"9606.ENSP00000231498","9606.ENSP00000261637","NUP155","UTP20",9606,0.45,0,0,0,0.45,0,0,0
"9606.ENSP00000231498","9606.ENSP00000396915","NUP155","SCN1B",9606,0.471,0,0,0,0.061,0,0,0.459
"9606.ENSP00000231498","9606.ENSP00000295899","NUP155","THOC7",9606,0.486,0,0,0,0.102,0,0.4,0.124
"9606.ENSP00000231498","9606.ENSP00000378295","NUP155","INCENP",9606,0.493,0,0,0,0.172,0,0.4,0.063
"9606.ENSP00000231498","9606.ENSP00000261574","NUP155","IPO5",9606,0.516,0,0,0,0.199,0.085,0,0.392
"9606.ENSP00000231498","9606.ENSP00000358716","NUP155","DDX20",9606,0.532,0,0,0,0.143,0.091,0.4,0.117
"9606.ENSP00000231498","9606.ENSP00000266679","NUP155","CPSF6",9606,0.539,0,0,0,0.074,0,0,0.523
"9606.ENSP00000231498","9606.ENSP00000280886","NUP155","DIP2C",9606,0.541,0,0,0,0.087,0.462,0,0.141
"9606.ENSP00000231498","9606.ENSP00000262982","NUP155","CSE1L",9606,0.636,0,0,0,0.515,0.073,0,0.255
"9606.ENSP00000231498","9606.ENSP00000378687","NUP155","POM121",9606,0.948,0,0,0,0.109,0.698,0.5,0.664
"9606.ENSP00000231498","9606.ENSP00000360483","NUP155","NDC1",9606,0.992,0,0,0,0.299,0.855,0.8,0.685
"9606.ENSP00000231498","9606.ENSP00000367721","NUP155","NUP160",9606,0.994,0,0,0,0.353,0.927,0.5,0.811
"9606.ENSP00000231498","9606.ENSP00000285968","NUP155","NUP205",9606,0.999,0,0,0,0.754,0.995,0.8,0.996
"9606.ENSP00000233668","9606.ENSP00000244007","DOK1","PLCG1",9606,0.412,0,0,0,0.045,0.292,0,0.201
"9606.ENSP00000233668","9606.ENSP00000332973","DOK1","SMAD3",9606,0.429,0,0,0,0,0,0,0.429
"9606.ENSP00000234296","9606.ENSP00000353793","ORC2","WDHD1",9606,0.429,0,0,0,0.376,0.074,0,0.091
"9606.ENSP00000234296","9606.ENSP00000362768","ORC2","RBL1",9606,0.475,0,0,0,0.214,0.149,0,0.277
"9606.ENSP00000234296","9606.ENSP00000265734","ORC2","CDK6",9606,0.476,0,0.015,0,0.146,0.325,0,0.165
"9606.ENSP00000234296","9606.ENSP00000298139","ORC2","WRN",9606,0.486,0,0,0,0.429,0.078,0,0.103
"9606.ENSP00000234296","9606.ENSP00000296417","ORC2","H2AZ1",9606,0.509,0,0,0,0.05,0,0.5,0.051
"9606.ENSP00000234296","9606.ENSP00000384048","ORC2","PAXIP1",9606,0.528,0,0,0,0.463,0,0,0.156
"9606.ENSP00000234296","9606.ENSP00000349430","ORC2","H2BC12",9606,0.534,0,0,0,0,0.105,0.5,0.044
"9606.ENSP00000234296","9606.ENSP00000254810","ORC2","H3-3B",9606,0.588,0,0,0,0.095,0.095,0.5,0.112
"9606.ENSP00000234296","9606.ENSP00000322570","ORC2","POLE",9606,0.66,0,0,0,0.254,0,0.5,0.162
"9606.ENSP00000234831","9606.ENSP00000390394","TMEM59","SLC4A7",9606,0.4,0,0,0,0,0,0.4,0
"9606.ENSP00000234831","9606.ENSP00000490119","TMEM59","RALGAPA1",9606,0.411,0,0,0,0.06,0,0.4,0
"9606.ENSP00000234831","9606.ENSP00000366800","TMEM59","DNAJC11",9606,0.42,0.041,0,0,0.236,0.142,0.162,0.07
"9606.ENSP00000234831","9606.ENSP00000355536","TMEM59","MTR",9606,0.422,0,0,0,0.055,0,0.4,0.064
"9606.ENSP00000234831","9606.ENSP00000477713","TMEM59","LCK",9606,0.439,0,0,0,0,0.094,0.4,0.052
"9606.ENSP00000234831","9606.ENSP00000262375","TMEM59","DNAJA3",9606,0.448,0.041,0,0,0.236,0.142,0.162,0.114
"9606.ENSP00000234831","9606.ENSP00000296137","TMEM59","FYCO1",9606,0.451,0,0,0,0.044,0.045,0,0.447
"9606.ENSP00000234831","9606.ENSP00000246957","TMEM59","TRAP1",9606,0.551,0,0,0,0.304,0.314,0,0.137
"9606.ENSP00000234831","9606.ENSP00000329558","TMEM59","GRPEL2",9606,0.603,0.057,0,0,0.367,0.306,0,0.156
"9606.ENSP00000234831","9606.ENSP00000371219","TMEM59","RHOH",9606,0.604,0,0,0,0.058,0.184,0.5,0.091
"9606.ENSP00000234831","9606.ENSP00000375873","TMEM59","ATG16L1",9606,0.88,0,0,0,0.047,0.51,0,0.764
"9606.ENSP00000235310","9606.ENSP00000475489","MAD2L2","MPHOSPH9",9606,0.428,0,0,0,0.044,0.296,0,0.219
"9606.ENSP00000235310","9606.ENSP00000263274","MAD2L2","LIG1",9606,0.445,0,0,0,0.087,0,0,0.417
"9606.ENSP00000235310","9606.ENSP00000353920","MAD2L2","ADARB1",9606,0.461,0,0,0,0,0,0,0.462
"9606.ENSP00000235310","9606.ENSP00000298139","MAD2L2","WRN",9606,0.471,0,0,0,0,0.071,0,0.454
"9606.ENSP00000235310","9606.ENSP00000498499","MAD2L2","CTC1",9606,0.479,0,0,0,0,0,0,0.479
"9606.ENSP00000235310","9606.ENSP00000488642","MAD2L2","TENT4A",9606,0.48,0,0,0,0.042,0,0,0.479
"9606.ENSP00000235310","9606.ENSP00000312397","MAD2L2","KLHL3",9606,0.514,0,0,0,0,0.514,0,0
"9606.ENSP00000235310","9606.ENSP00000278616","MAD2L2","ATM",9606,0.554,0,0,0,0,0,0,0.554
"9606.ENSP00000235310","9606.ENSP00000354361","MAD2L2","RFWD3",9606,0.618,0,0,0,0.064,0,0,0.609
"9606.ENSP00000235310","9606.ENSP00000242285","MAD2L2","CLTA",9606,0.654,0,0,0,0.049,0.292,0,0.527
"9606.ENSP00000235310","9606.ENSP00000311368","MAD2L2","POLD4",9606,0.658,0,0,0,0,0,0.54,0.288
"9606.ENSP00000235310","9606.ENSP00000339109","MAD2L2","ANAPC1",9606,0.671,0,0,0,0.048,0,0.65,0.092
"9606.ENSP00000235310","9606.ENSP00000384048","MAD2L2","PAXIP1",9606,0.933,0,0,0,0.053,0.079,0,0.93
"9606.ENSP00000235310","9606.ENSP00000361310","MAD2L2","POLH",9606,0.936,0,0,0,0.065,0.667,0,0.811
"9606.ENSP00000235310","9606.ENSP00000322570","MAD2L2","POLE",9606,0.97,0,0,0,0.049,0.529,0.9,0.426
"9606.ENSP00000235310","9606.ENSP00000258428","MAD2L2","REV1",9606,0.999,0,0,0,0.087,0.997,0.5,0.999
"9606.ENSP00000236273","9606.ENSP00000379330","SYF2","NFATC2",9606,0.418,0,0,0,0.057,0,0,0.409
"9606.ENSP00000236273","9606.ENSP00000319341","SYF2","LSM10",9606,0.451,0,0,0,0.044,0.426,0,0.081
"9606.ENSP00000236273","9606.ENSP00000451291","SYF2","HNRNPC",9606,0.491,0,0,0,0.068,0.402,0,0.16
"9606.ENSP00000236273","9606.ENSP00000363478","SYF2","TMEM50A",9606,0.528,0,0,0,0.072,0,0,0.512
"9606.ENSP00000236273","9606.ENSP00000354213","SYF2","HS3ST3B1",9606,0.529,0,0.522,0,0,0,0,0.056
"9606.ENSP00000236273","9606.ENSP00000416534","SYF2","DDX46",9606,0.55,0,0,0,0.085,0,0,0.528
"9606.ENSP00000236273","9606.ENSP00000291552","SYF2","U2AF1",9606,0.61,0,0,0,0.072,0,0.5,0.227
"9606.ENSP00000236273","9606.ENSP00000252011","SYF2","DHX35",9606,0.889,0,0,0,0,0.867,0,0.203
"9606.ENSP00000236273","9606.ENSP00000494831","SYF2","SNRPN",9606,0.909,0,0,0,0.105,0.895,0,0.11
"9606.ENSP00000236273","9606.ENSP00000263384","SYF2","FAM32A",9606,0.977,0,0,0,0.121,0.8,0.8,0.443
"9606.ENSP00000236273","9606.ENSP00000273541","SYF2","ISY1",9606,0.996,0,0,0,0.152,0.989,0.54,0.349
"9606.ENSP00000236273","9606.ENSP00000451129","SYF2","SNW1",9606,0.999,0,0,0,0.181,0.995,0.9,0.593
"9606.ENSP00000236273","9606.ENSP00000386023","SYF2","BUD31",9606,0.999,0,0,0,0.145,0.996,0.9,0.589
"9606.ENSP00000236671","9606.ENSP00000296511","CTSD","ANXA5",9606,0.414,0,0,0,0.13,0,0,0.355
"9606.ENSP00000236671","9606.ENSP00000264474","CTSD","CSTA",9606,0.418,0,0,0,0.07,0.07,0,0.381
"9606.ENSP00000236671","9606.ENSP00000365227","CTSD","AIF1",9606,0.443,0,0,0,0.099,0.046,0,0.404
"9606.ENSP00000236671","9606.ENSP00000358727","CTSD","GSTO1",9606,0.446,0,0,0,0.125,0,0,0.393
"9606.ENSP00000236671","9606.ENSP00000261890","CTSD","RAB11A",9606,0.447,0,0,0,0.073,0.066,0,0.412
"9606.ENSP00000236671","9606.ENSP00000352522","CTSD","ATP6V1H",9606,0.45,0,0,0,0.088,0,0,0.422
"9606.ENSP00000236671","9606.ENSP00000263354","CTSD","NAPA",9606,0.459,0,0,0,0.087,0,0,0.431
"9606.ENSP00000236671","9606.ENSP00000419325","CTSD","SUCLG2",9606,0.49,0,0,0,0.042,0.46,0,0.094
"9606.ENSP00000236671","9606.ENSP00000254301","CTSD","LGALS3",9606,0.502,0,0,0,0.108,0,0,0.465
"9606.ENSP00000236671","9606.ENSP00000269228","CTSD","NPC1",9606,0.511,0,0,0,0.073,0,0,0.494
"9606.ENSP00000236671","9606.ENSP00000492240","CTSD","KCTD7",9606,0.514,0,0,0,0.058,0,0,0.506
"9606.ENSP00000236671","9606.ENSP00000451206","CTSD","NPC2",9606,0.548,0,0,0,0.15,0,0,0.49
"9606.ENSP00000236671","9606.ENSP00000357000","CTSD","USF1",9606,0.552,0,0,0,0.05,0,0.5,0.133
"9606.ENSP00000236671","9606.ENSP00000346437","CTSD","ATG7",9606,0.595,0,0,0,0.06,0,0,0.587
"9606.ENSP00000236671","9606.ENSP00000478887","CTSD","MYC",9606,0.631,0,0,0,0.102,0.166,0,0.547
"9606.ENSP00000236671","9606.ENSP00000406197","CTSD","PAQR8",9606,0.684,0,0,0,0,0,0,0.684
"9606.ENSP00000236671","9606.ENSP00000378394","CTSD","PSAP",9606,0.799,0,0,0,0.253,0.314,0,0.64
"9606.ENSP00000236671","9606.ENSP00000361562","CTSD","CTSA",9606,0.824,0,0,0,0.404,0.259,0,0.633
"9606.ENSP00000236671","9606.ENSP00000357981","CTSD","CTSS",9606,0.9,0,0,0,0.115,0.115,0,0.882
"9606.ENSP00000236671","9606.ENSP00000318822","CTSD","BID",9606,0.917,0,0,0,0.074,0,0.9,0.181
"9606.ENSP00000236671","9606.ENSP00000381185","CTSD","BCL2",9606,0.949,0,0,0,0,0,0.9,0.514
"9606.ENSP00000238616","9606.ENSP00000360483","NEK9","NDC1",9606,0.412,0,0,0,0.047,0,0.4,0.054
"9606.ENSP00000238616","9606.ENSP00000245157","NEK9","BBS2",9606,0.414,0,0,0,0.108,0,0,0.37
"9606.ENSP00000238616","9606.ENSP00000385808","NEK9","KIF3A",9606,0.417,0,0,0,0.058,0.052,0,0.399
"9606.ENSP00000238616","9606.ENSP00000367721","NEK9","NUP160",9606,0.425,0,0,0,0.06,0,0.4,0.063
"9606.ENSP00000238616","9606.ENSP00000378687","NEK9","POM121",9606,0.436,0,0,0,0.054,0.047,0.4,0.08
"9606.ENSP00000238616","9606.ENSP00000381213","NEK9","HPS4",9606,0.442,0,0,0,0.442,0,0,0
"9606.ENSP00000238616","9606.ENSP00000285968","NEK9","NUP205",9606,0.444,0,0,0,0.062,0,0.4,0.091
"9606.ENSP00000238616","9606.ENSP00000482546","NEK9","REC8",9606,0.452,0,0,0,0,0,0,0.452
"9606.ENSP00000238616","9606.ENSP00000344314","NEK9","OFD1",9606,0.494,0,0,0,0.055,0.047,0,0.484
"9606.ENSP00000238616","9606.ENSP00000498700","NEK9","BICD1",9606,0.543,0,0,0,0,0,0,0.543
"9606.ENSP00000238616","9606.ENSP00000493946","NEK9","RPGRIP1L",9606,0.61,0,0,0,0.054,0.062,0,0.595
"9606.ENSP00000238616","9606.ENSP00000262304","NEK9","PKD1",9606,0.705,0,0,0,0.067,0,0,0.696
"9606.ENSP00000238616","9606.ENSP00000320663","NEK9","EML4",9606,0.811,0,0,0,0.056,0.622,0.4,0.22
"9606.ENSP00000238616","9606.ENSP00000297837","NEK9","ANKS6",9606,0.979,0,0,0,0.046,0.05,0,0.979
"9606.ENSP00000238721","9606.ENSP00000393762","TP53I3","SESN1",9606,0.643,0,0,0,0.044,0,0,0.642
"9606.ENSP00000240185","9606.ENSP00000252996","TARDBP","TAF4",9606,0.411,0,0,0,0.389,0,0,0.076
"9606.ENSP00000240185","9606.ENSP00000478887","TARDBP","MYC",9606,0.414,0,0,0,0.046,0.133,0,0.349
"9606.ENSP00000240185","9606.ENSP00000347648","TARDBP","ZNF512",9606,0.414,0,0,0,0.109,0.054,0,0.361
"9606.ENSP00000240185","9606.ENSP00000385808","TARDBP","KIF3A",9606,0.418,0,0,0,0.056,0,0,0.409
"9606.ENSP00000240185","9606.ENSP00000497806","TARDBP","DLG4",9606,0.423,0,0,0,0,0.091,0,0.392
"9606.ENSP00000240185","9606.ENSP00000303427","TARDBP","PDS5A",9606,0.426,0,0,0,0.419,0,0,0.052
"9606.ENSP00000240185","9606.ENSP00000451129","TARDBP","SNW1",9606,0.438,0,0,0,0.14,0.355,0,0.068
"9606.ENSP00000240185","9606.ENSP00000393379","TARDBP","KIF5C",9606,0.467,0,0,0,0.06,0,0,0.456
"9606.ENSP00000240185","9606.ENSP00000346437","TARDBP","ATG7",9606,0.472,0,0,0,0.049,0.098,0,0.434
"9606.ENSP00000240185","9606.ENSP00000246194","TARDBP","RALY",9606,0.496,0,0,0,0.256,0.198,0,0.223
"9606.ENSP00000240185","9606.ENSP00000258080","TARDBP","HTRA2",9606,0.509,0,0,0,0.042,0.047,0,0.506
"9606.ENSP00000240185","9606.ENSP00000481842","TARDBP","SAP18",9606,0.518,0,0,0,0.506,0,0,0.066
"9606.ENSP00000240185","9606.ENSP00000298717","TARDBP","METTL3",9606,0.563,0,0,0,0.118,0.292,0,0.357
"9606.ENSP00000240185","9606.ENSP00000365227","TARDBP","AIF1",9606,0.596,0,0,0,0.086,0.046,0,0.574
"9606.ENSP00000240185","9606.ENSP00000407336","TARDBP","NDUFB3",9606,0.652,0,0,0,0.047,0,0.65,0
"9606.ENSP00000240185","9606.ENSP00000369176","TARDBP","NDUFB6",9606,0.666,0,0,0,0.064,0,0.65,0.062
"9606.ENSP00000240185","9606.ENSP00000337353","TARDBP","TDP1",9606,0.67,0,0,0,0.067,0.053,0,0.657
"9606.ENSP00000240185","9606.ENSP00000356972","TARDBP","NDUFS2",9606,0.672,0,0,0,0.092,0,0.65,0.053
"9606.ENSP00000240185","9606.ENSP00000332706","TARDBP","PURA",9606,0.703,0,0,0,0.068,0.137,0,0.661
"9606.ENSP00000240185","9606.ENSP00000291552","TARDBP","U2AF1",9606,0.803,0,0,0,0.667,0.093,0,0.399
"9606.ENSP00000240185","9606.ENSP00000266679","TARDBP","CPSF6",9606,0.82,0,0,0,0.777,0,0,0.226
"9606.ENSP00000240185","9606.ENSP00000451291","TARDBP","HNRNPC",9606,0.981,0,0,0,0.804,0.162,0,0.899
"9606.ENSP00000240185","9606.ENSP00000377681","TARDBP","G3BP1",9606,0.983,0,0,0,0.186,0.629,0,0.948
"9606.ENSP00000240185","9606.ENSP00000446576","TARDBP","ATXN2",9606,0.992,0,0,0,0.085,0.507,0,0.984
"9606.ENSP00000240499","9606.ENSP00000468720","ZNF141","ZNF253",9606,0.404,0,0,0.058,0.393,0,0,0
"9606.ENSP00000240617","9606.ENSP00000490240","PLBD1","ZNF831",9606,0.463,0,0,0,0.063,0.041,0,0.45
"9606.ENSP00000242285","9606.ENSP00000324890","CLTA","CD28",9606,0.446,0,0,0,0,0,0,0.446
"9606.ENSP00000242285","9606.ENSP00000357674","CLTA","SNAPIN",9606,0.507,0,0,0,0.056,0,0.5,0
"9606.ENSP00000242285","9606.ENSP00000263354","CLTA","NAPA",9606,0.514,0,0,0,0.067,0,0.5,0.042
"9606.ENSP00000242285","9606.ENSP00000409581","CLTA","ARRB1",9606,0.515,0,0,0,0.042,0,0.5,0.069
"9606.ENSP00000242285","9606.ENSP00000341680","CLTA","DTNBP1",9606,0.52,0,0,0,0.044,0,0.5,0.077
"9606.ENSP00000242285","9606.ENSP00000244007","CLTA","PLCG1",9606,0.543,0,0,0,0.042,0,0,0.543
"9606.ENSP00000242285","9606.ENSP00000363458","CLTA","LDLRAP1",9606,0.581,0,0,0,0,0,0.5,0.198
"9606.ENSP00000242285","9606.ENSP00000465685","CLTA","AP1M2",9606,0.654,0,0,0,0,0.097,0.54,0.235
"9606.ENSP00000242285","9606.ENSP00000379256","CLTA","NCALD",9606,0.9,0,0,0,0,0,0.9,0.05
"9606.ENSP00000242285","9606.ENSP00000470176","CLTA","AP2S1",9606,0.961,0,0,0,0.187,0.186,0.9,0.49
"9606.ENSP00000243045","9606.ENSP00000365596","ORMDL2","GPR183",9606,0.4,0,0,0,0,0.4,0,0
"9606.ENSP00000243045","9606.ENSP00000359634","ORMDL2","GOLGA7B",9606,0.686,0,0,0,0.074,0,0.54,0.323
"9606.ENSP00000243878","9606.ENSP00000318914","ENKD1","PNMA1",9606,0.43,0,0,0,0.042,0.424,0,0.05
"9606.ENSP00000244007","9606.ENSP00000341213","PLCG1","RAB5IF",9606,0.406,0,0,0,0,0,0,0.406
"9606.ENSP00000244007","9606.ENSP00000379330","PLCG1","NFATC2",9606,0.409,0,0,0,0.066,0,0,0.394
"9606.ENSP00000244007","9606.ENSP00000282356","PLCG1","CAMK4",9606,0.453,0,0,0,0.062,0,0,0.441
"9606.ENSP00000244007","9606.ENSP00000380638","PLCG1","PTK2B",9606,0.465,0,0,0,0,0,0,0.465
"9606.ENSP00000244007","9606.ENSP00000265080","PLCG1","RASGRF2",9606,0.47,0,0,0,0.06,0.053,0,0.452
"9606.ENSP00000244007","9606.ENSP00000366757","PLCG1","LMO7",9606,0.5,0,0,0,0.042,0,0.5,0
"9606.ENSP00000244007","9606.ENSP00000266679","PLCG1","CPSF6",9606,0.5,0,0,0,0.042,0,0.5,0
"9606.ENSP00000244007","9606.ENSP00000295148","PLCG1","WDCP",9606,0.507,0,0,0,0.056,0,0.5,0
"9606.ENSP00000244007","9606.ENSP00000371219","PLCG1","RHOH",9606,0.514,0,0,0,0.05,0,0,0.51
"9606.ENSP00000244007","9606.ENSP00000353401","PLCG1","CUX1",9606,0.518,0,0,0,0.049,0,0.5,0.069
"9606.ENSP00000244007","9606.ENSP00000365817","PLCG1","HLA-E",9606,0.525,0,0,0,0.042,0,0.5,0.089
"9606.ENSP00000244007","9606.ENSP00000497806","PLCG1","DLG4",9606,0.529,0,0,0,0.067,0,0,0.516
"9606.ENSP00000244007","9606.ENSP00000295756","PLCG1","TRAT1",9606,0.538,0,0,0,0,0,0,0.538
"9606.ENSP00000244007","9606.ENSP00000317327","PLCG1","UBASH3A",9606,0.556,0,0,0,0.065,0,0,0.545
"9606.ENSP00000244007","9606.ENSP00000324890","PLCG1","CD28",9606,0.578,0,0,0,0.049,0,0,0.575
"9606.ENSP00000244007","9606.ENSP00000478887","PLCG1","MYC",9606,0.583,0,0,0,0.049,0.124,0,0.54
"9606.ENSP00000244007","9606.ENSP00000431445","PLCG1","CD3G",9606,0.641,0,0,0,0.05,0,0.5,0.306
"9606.ENSP00000244007","9606.ENSP00000497733","PLCG1","CDC42",9606,0.662,0,0,0,0.055,0,0,0.657
"9606.ENSP00000244007","9606.ENSP00000337572","PLCG1","DGKH",9606,0.687,0,0,0,0,0,0.65,0.142
"9606.ENSP00000244007","9606.ENSP00000380150","PLCG1","CARD11",9606,0.705,0,0,0,0.087,0,0,0.691
"9606.ENSP00000244007","9606.ENSP00000284061","PLCG1","DGKE",9606,0.717,0,0,0,0.042,0,0.65,0.224
"9606.ENSP00000244007","9606.ENSP00000360431","PLCG1","PLCE1",9606,0.726,0,0,0,0,0,0.65,0.251
"9606.ENSP00000244007","9606.ENSP00000356155","PLCG1","PIK3C2B",9606,0.73,0,0,0,0.083,0,0.65,0.226
"9606.ENSP00000244007","9606.ENSP00000263370","PLCG1","ITPKC",9606,0.745,0,0,0,0,0,0.65,0.302
"9606.ENSP00000244007","9606.ENSP00000264316","PLCG1","TXK",9606,0.771,0,0,0,0.086,0.045,0.5,0.537
"9606.ENSP00000244007","9606.ENSP00000377703","PLCG1","DGKA",9606,0.793,0,0,0,0.062,0,0.65,0.42
"9606.ENSP00000244007","9606.ENSP00000411152","PLCG1","ITPKB",9606,0.834,0,0,0,0.072,0,0.65,0.531
"9606.ENSP00000244007","9606.ENSP00000487358","PLCG1","THEMIS",9606,0.914,0,0,0,0.059,0.516,0.72,0.406
"9606.ENSP00000244007","9606.ENSP00000320663","PLCG1","EML4",9606,0.937,0,0,0,0.082,0,0.9,0.374
"9606.ENSP00000244007","9606.ENSP00000477713","PLCG1","LCK",9606,0.938,0,0,0,0.073,0.045,0.5,0.876
"9606.ENSP00000244007","9606.ENSP00000483570","PLCG1","BTK",9606,0.95,0,0,0,0.069,0.045,0.9,0.512
"9606.ENSP00000244007","9606.ENSP00000400892","PLCG1","TESPA1",9606,0.95,0,0,0,0.049,0.292,0.9,0.348
"9606.ENSP00000244007","9606.ENSP00000408695","PLCG1","PRKCA",9606,0.958,0,0,0,0.072,0,0.9,0.592
"9606.ENSP00000244007","9606.ENSP00000310244","PLCG1","RASGRP1",9606,0.962,0,0,0,0.067,0.05,0.9,0.626
"9606.ENSP00000244007","9606.ENSP00000428056","PLCG1","PIK3R1",9606,0.967,0,0,0,0.044,0.311,0.9,0.571
"9606.ENSP00000244007","9606.ENSP00000263125","PLCG1","PRKCQ",9606,0.971,0,0,0,0.056,0,0.9,0.724
"9606.ENSP00000244007","9606.ENSP00000363435","PLCG1","ITPR3",9606,0.973,0,0,0,0.085,0,0.9,0.732
"9606.ENSP00000244007","9606.ENSP00000424846","PLCG1","SH3BP2",9606,0.986,0,0,0,0,0.625,0.9,0.667
"9606.ENSP00000244007","9606.ENSP00000398655","PLCG1","ITK",9606,0.997,0,0,0,0.087,0.512,0.9,0.954
"9606.ENSP00000244007","9606.ENSP00000378845","PLCG1","LAT",9606,0.999,0,0,0,0.074,0.869,0.9,0.992
"9606.ENSP00000245157","9606.ENSP00000497174","BBS2","DYNC2H1",9606,0.459,0,0,0,0.067,0,0,0.444
"9606.ENSP00000245157","9606.ENSP00000262304","BBS2","PKD1",9606,0.464,0,0,0,0.067,0.051,0,0.443
"9606.ENSP00000245157","9606.ENSP00000314444","BBS2","WDR35",9606,0.527,0,0,0,0.062,0,0,0.517
"9606.ENSP00000245157","9606.ENSP00000344314","BBS2","OFD1",9606,0.556,0,0,0,0.08,0,0,0.537
"9606.ENSP00000245157","9606.ENSP00000385808","BBS2","KIF3A",9606,0.558,0,0,0,0.056,0,0,0.551
"9606.ENSP00000245157","9606.ENSP00000482968","BBS2","ALMS1",9606,0.631,0,0,0,0.055,0.064,0,0.616
"9606.ENSP00000245157","9606.ENSP00000493946","BBS2","RPGRIP1L",9606,0.732,0,0,0,0.054,0,0,0.728
"9606.ENSP00000245457","9606.ENSP00000246657","PTGER2","CCR7",9606,0.424,0,0,0,0.084,0,0,0.398
"9606.ENSP00000245457","9606.ENSP00000303424","PTGER2","PTGDR",9606,0.467,0,0,0,0.113,0,0.4,0.079
"9606.ENSP00000245457","9606.ENSP00000409581","PTGER2","ARRB1",9606,0.496,0,0,0,0.049,0.407,0,0.178
"9606.ENSP00000245908","9606.ENSP00000284320","SH2D3A","TOMM70",9606,0.43,0,0,0,0.048,0.056,0,0.417
"9606.ENSP00000245908","9606.ENSP00000252599","SH2D3A","COLGALT1",9606,0.43,0,0.007,0,0,0,0,0.43
"9606.ENSP00000245908","9606.ENSP00000363516","SH2D3A","RCAN3",9606,0.433,0,0,0,0.066,0,0,0.417
"9606.ENSP00000245908","9606.ENSP00000353731","SH2D3A","DPP4",9606,0.445,0,0,0,0,0.062,0,0.433
"9606.ENSP00000245908","9606.ENSP00000377681","SH2D3A","G3BP1",9606,0.469,0,0,0,0,0.091,0,0.44
"9606.ENSP00000245908","9606.ENSP00000358497","SH2D3A","RNGTT",9606,0.509,0,0,0,0,0.045,0,0.507
"9606.ENSP00000245923","9606.ENSP00000384515","RTN2","PARVB",9606,0.45,0,0,0,0.084,0,0,0.425
"9606.ENSP00000245923","9606.ENSP00000380352","RTN2","DDHD2",9606,0.479,0,0,0,0,0,0,0.479
"9606.ENSP00000245923","9606.ENSP00000320821","RTN2","KIF1C",9606,0.491,0,0,0,0.066,0,0,0.477
"9606.ENSP00000245923","9606.ENSP00000357998","RTN2","SEC63",9606,0.522,0,0,0,0.044,0,0,0.521
"9606.ENSP00000245923","9606.ENSP00000409594","RTN2","ZFYVE27",9606,0.573,0,0,0,0,0,0,0.573
"9606.ENSP00000245923","9606.ENSP00000337452","RTN2","NIPA1",9606,0.618,0,0,0,0,0,0,0.618
"9606.ENSP00000246194","9606.ENSP00000410042","RALY","BRD1",9606,0.428,0,0,0,0.049,0.423,0,0
"9606.ENSP00000246194","9606.ENSP00000358904","RALY","ZNF512B",9606,0.434,0,0,0,0.062,0.054,0,0.414
"9606.ENSP00000246194","9606.ENSP00000451129","RALY","SNW1",9606,0.475,0,0,0,0.064,0.355,0,0.2
"9606.ENSP00000246194","9606.ENSP00000478887","RALY","MYC",9606,0.537,0,0,0,0.063,0.18,0,0.445
"9606.ENSP00000246194","9606.ENSP00000451291","RALY","HNRNPC",9606,0.953,0,0,0.059,0.517,0.847,0,0.415
"9606.ENSP00000246657","9606.ENSP00000483570","CCR7","BTK",9606,0.402,0,0,0,0.19,0,0,0.292
"9606.ENSP00000246657","9606.ENSP00000353731","CCR7","DPP4",9606,0.402,0,0,0,0.104,0,0,0.359
"9606.ENSP00000246657","9606.ENSP00000362994","CCR7","TRAF1",9606,0.403,0,0,0,0.273,0,0,0.213
"9606.ENSP00000246657","9606.ENSP00000325917","CCR7","PCSK7",9606,0.407,0,0,0,0.062,0,0,0.394
"9606.ENSP00000246657","9606.ENSP00000378856","CCR7","LGALS9",9606,0.411,0,0,0,0.128,0,0,0.353
"9606.ENSP00000246657","9606.ENSP00000347948","CCR7","TNFRSF14",9606,0.413,0,0,0,0.161,0,0,0.329
"9606.ENSP00000246657","9606.ENSP00000358784","CCR7","KCNA3",9606,0.422,0,0,0,0.127,0,0,0.366
"9606.ENSP00000246657","9606.ENSP00000402758","CCR7","PMEL",9606,0.437,0,0,0,0,0,0,0.437
"9606.ENSP00000246657","9606.ENSP00000257749","CCR7","BACH2",9606,0.44,0,0,0,0.134,0,0,0.38
"9606.ENSP00000246657","9606.ENSP00000365817","CCR7","HLA-E",9606,0.448,0,0,0,0.127,0,0,0.394
"9606.ENSP00000246657","9606.ENSP00000399168","CCR7","HLA-B",9606,0.453,0,0,0,0.138,0,0,0.392
"9606.ENSP00000246657","9606.ENSP00000296511","CCR7","ANXA5",9606,0.468,0,0,0,0,0,0,0.468
"9606.ENSP00000246657","9606.ENSP00000368880","CCR7","FOXO1",9606,0.476,0,0,0,0.131,0,0,0.421
"9606.ENSP00000246657","9606.ENSP00000357036","CCR7","SLAMF6",9606,0.503,0,0,0,0.218,0,0,0.39
"9606.ENSP00000246657","9606.ENSP00000261340","CCR7","CLEC2D",9606,0.519,0,0,0,0.189,0,0,0.431
"9606.ENSP00000246657","9606.ENSP00000477713","CCR7","LCK",9606,0.526,0,0,0,0.241,0,0,0.401
"9606.ENSP00000246657","9606.ENSP00000356058","CCR7","FCMR",9606,0.526,0,0,0,0.431,0,0,0.2
"9606.ENSP00000246657","9606.ENSP00000365596","CCR7","GPR183",9606,0.536,0,0,0,0.391,0,0,0.269
"9606.ENSP00000246657","9606.ENSP00000265165","CCR7","LEF1",9606,0.558,0,0,0,0.191,0,0,0.476
"9606.ENSP00000246657","9606.ENSP00000272928","CCR7","ACKR3",9606,0.58,0,0,0.088,0.055,0,0.5,0.141
"9606.ENSP00000246657","9606.ENSP00000332659","CCR7","CCR4",9606,0.582,0,0,0,0.147,0,0.5,0.1
"9606.ENSP00000246657","9606.ENSP00000379873","CCR7","HLA-A",9606,0.6,0,0,0,0.099,0,0,0.575
"9606.ENSP00000246657","9606.ENSP00000438406","CCR7","SLAMF1",9606,0.605,0,0,0,0.378,0,0,0.391
"9606.ENSP00000246657","9606.ENSP00000283285","CCR7","CD96",9606,0.609,0,0,0,0.202,0,0,0.53
"9606.ENSP00000246657","9606.ENSP00000323280","CCR7","CD6",9606,0.61,0,0,0,0.447,0.091,0,0.287
"9606.ENSP00000246657","9606.ENSP00000338010","CCR7","IL21R",9606,0.62,0,0,0,0.341,0,0,0.447
"9606.ENSP00000246657","9606.ENSP00000398655","CCR7","ITK",9606,0.622,0,0,0,0.444,0,0,0.348
"9606.ENSP00000246657","9606.ENSP00000351255","CCR7","STAT4",9606,0.624,0,0,0,0.368,0,0,0.43
"9606.ENSP00000246657","9606.ENSP00000431445","CCR7","CD3G",9606,0.631,0,0,0,0.448,0,0,0.36
"9606.ENSP00000246657","9606.ENSP00000470788","CCR7","IL12RB1",9606,0.637,0,0,0,0.074,0.091,0,0.604
"9606.ENSP00000246657","9606.ENSP00000381185","CCR7","BCL2",9606,0.662,0,0,0,0.139,0,0,0.624
"9606.ENSP00000246657","9606.ENSP00000354416","CCR7","CCL28",9606,0.671,0,0,0,0,0,0.65,0.099
"9606.ENSP00000246657","9606.ENSP00000340347","CCR7","TCF7",9606,0.672,0,0,0,0.183,0,0,0.614
"9606.ENSP00000246657","9606.ENSP00000305416","CCR7","S1PR1",9606,0.739,0,0,0,0.188,0,0,0.692
"9606.ENSP00000246657","9606.ENSP00000359663","CCR7","CD40LG",9606,0.78,0,0,0,0.235,0,0,0.725
"9606.ENSP00000246657","9606.ENSP00000365380","CCR7","FOXP3",9606,0.802,0,0,0,0.085,0,0,0.793
"9606.ENSP00000246657","9606.ENSP00000319476","CCR7","ICOS",9606,0.838,0,0,0,0.409,0,0,0.736
"9606.ENSP00000246657","9606.ENSP00000324890","CCR7","CD28",9606,0.857,0,0,0,0.189,0,0,0.831
"9606.ENSP00000246657","9606.ENSP00000409581","CCR7","ARRB1",9606,0.859,0,0,0,0.044,0.108,0.65,0.584
"9606.ENSP00000246657","9606.ENSP00000342681","CCR7","CD5",9606,0.89,0,0,0,0.774,0,0,0.533
"9606.ENSP00000246657","9606.ENSP00000306157","CCR7","IL7R",9606,0.922,0,0,0,0.457,0,0,0.863
"9606.ENSP00000246657","9606.ENSP00000266557","CCR7","CD27",9606,0.923,0,0,0,0.417,0,0,0.874
"9606.ENSP00000246657","9606.ENSP00000498227","CCR7","SELL",9606,0.942,0,0,0,0.368,0,0,0.913
"9606.ENSP00000246957","9606.ENSP00000356953","TRAP1","SDHC",9606,0.431,0,0,0,0.049,0,0.4,0.084
"9606.ENSP00000246957","9606.ENSP00000464814","TRAP1","COASY",9606,0.438,0,0,0,0.239,0,0,0.292
"9606.ENSP00000246957","9606.ENSP00000345793","TRAP1","ZC3H7B",9606,0.473,0,0,0,0.093,0.413,0,0.09
"9606.ENSP00000246957","9606.ENSP00000258080","TRAP1","HTRA2",9606,0.474,0,0,0,0.063,0,0,0.462
"9606.ENSP00000246957","9606.ENSP00000285737","TRAP1","LONP2",9606,0.495,0,0,0,0.405,0,0,0.186
"9606.ENSP00000246957","9606.ENSP00000329558","TRAP1","GRPEL2",9606,0.523,0.042,0,0,0.405,0.052,0,0.22
"9606.ENSP00000246957","9606.ENSP00000366800","TRAP1","DNAJC11",9606,0.525,0.042,0,0,0.308,0.274,0,0.129
"9606.ENSP00000246957","9606.ENSP00000284320","TRAP1","TOMM70",9606,0.62,0,0,0,0.146,0.438,0,0.273
"9606.ENSP00000246957","9606.ENSP00000262375","TRAP1","DNAJA3",9606,0.655,0.042,0,0,0.468,0.246,0,0.209
"9606.ENSP00000246957","9606.ENSP00000364649","TRAP1","SDHB",9606,0.953,0.048,0,0,0.072,0.9,0.4,0.259
"9606.ENSP00000247153","9606.ENSP00000348170","CFP","HP",9606,0.427,0,0,0,0.075,0.125,0,0.349
"9606.ENSP00000247153","9606.ENSP00000338010","CFP","IL21R",9606,0.457,0,0,0,0.088,0,0,0.429
"9606.ENSP00000247153","9606.ENSP00000345008","CFP","FBLN5",9606,0.473,0,0.398,0,0.048,0.113,0,0.087
"9606.ENSP00000247153","9606.ENSP00000301364","CFP","TSR1",9606,0.478,0,0,0,0,0,0,0.478
"9606.ENSP00000247153","9606.ENSP00000365261","CFP","LST1",9606,0.509,0,0,0,0.509,0,0,0
"9606.ENSP00000247153","9606.ENSP00000309953","CFP","EFEMP2",9606,0.582,0,0.548,0,0.042,0.113,0,0
"9606.ENSP00000247153","9606.ENSP00000343002","CFP","B3GLCT",9606,0.861,0,0,0,0,0.324,0.4,0.685
"9606.ENSP00000250101","9606.ENSP00000369176","TXNDC17","NDUFB6",9606,0.478,0,0,0,0.181,0,0,0.389
"9606.ENSP00000250101","9606.ENSP00000363641","TXNDC17","TXN",9606,0.847,0,0,0,0.469,0,0,0.724
"9606.ENSP00000251038","9606.ENSP00000272647","ZC3H14","AMMECR1L",9606,0.527,0,0,0,0.06,0.094,0,0.49
"9606.ENSP00000251038","9606.ENSP00000303634","ZC3H14","LRP8",9606,0.545,0,0,0,0,0,0,0.545
"9606.ENSP00000251038","9606.ENSP00000295899","ZC3H14","THOC7",9606,0.557,0,0,0,0.075,0.359,0,0.312
"9606.ENSP00000251038","9606.ENSP00000407182","ZC3H14","TNPO2",9606,0.792,0,0,0,0.062,0.689,0,0.345
"9606.ENSP00000251038","9606.ENSP00000284073","ZC3H14","MSI2",9606,0.833,0,0,0,0.064,0.782,0,0.25
"9606.ENSP00000251268","9606.ENSP00000269391","MEGF8","RNF157",9606,0.7,0,0,0,0.086,0.292,0,0.575
"9606.ENSP00000252011","9606.ENSP00000369592","DHX35","CCDC85C",9606,0.424,0,0,0,0.074,0,0,0.403
"9606.ENSP00000252011","9606.ENSP00000444136","DHX35","POLR1B",9606,0.424,0,0,0,0.411,0.048,0,0.056
"9606.ENSP00000252011","9606.ENSP00000413572","DHX35","NLE1",9606,0.424,0,0,0,0.318,0.09,0,0.146
"9606.ENSP00000252011","9606.ENSP00000312222","DHX35","ZHX3",9606,0.452,0,0,0,0.062,0.046,0,0.437
"9606.ENSP00000252011","9606.ENSP00000308179","DHX35","WDR3",9606,0.454,0,0,0,0.33,0.151,0,0.116
"9606.ENSP00000252011","9606.ENSP00000421917","DHX35","HMGXB3",9606,0.455,0,0,0,0.126,0,0,0.402
"9606.ENSP00000252011","9606.ENSP00000442053","DHX35","RBM19",9606,0.461,0,0,0,0.4,0.091,0,0.09
"9606.ENSP00000252011","9606.ENSP00000361232","DHX35","DDX31",9606,0.477,0,0,0,0.355,0.122,0,0.151
"9606.ENSP00000252011","9606.ENSP00000416534","DHX35","DDX46",9606,0.487,0,0,0,0.07,0.122,0,0.422
"9606.ENSP00000252011","9606.ENSP00000341213","DHX35","RAB5IF",9606,0.494,0,0,0,0.05,0,0,0.489
"9606.ENSP00000252011","9606.ENSP00000263384","DHX35","FAM32A",9606,0.499,0,0,0,0,0,0.5,0
"9606.ENSP00000252011","9606.ENSP00000299824","DHX35","PPP1R16B",9606,0.51,0,0,0,0.107,0.116,0,0.429
"9606.ENSP00000252011","9606.ENSP00000498499","DHX35","CTC1",9606,0.545,0,0,0,0.089,0,0,0.521
"9606.ENSP00000252011","9606.ENSP00000346437","DHX35","ATG7",9606,0.565,0,0.542,0,0.076,0,0,0.054
"9606.ENSP00000252011","9606.ENSP00000273541","DHX35","ISY1",9606,0.594,0,0,0,0.06,0.524,0,0.166
"9606.ENSP00000252011","9606.ENSP00000419005","DHX35","UTP25",9606,0.641,0,0,0,0.193,0.514,0,0.159
"9606.ENSP00000252011","9606.ENSP00000386023","DHX35","BUD31",9606,0.672,0,0,0,0,0.611,0,0.193
"9606.ENSP00000252011","9606.ENSP00000494831","DHX35","SNRPN",9606,0.686,0,0,0,0,0.68,0,0.057
"9606.ENSP00000252011","9606.ENSP00000451129","DHX35","SNW1",9606,0.757,0,0,0,0.049,0.717,0,0.17
"9606.ENSP00000252050","9606.ENSP00000366271","CUL9","KDM2B",9606,0.434,0,0,0,0.06,0,0,0.423
"9606.ENSP00000252050","9606.ENSP00000481859","CUL9","PAN2",9606,0.457,0,0,0,0.457,0,0,0
"9606.ENSP00000252050","9606.ENSP00000364589","CUL9","CUL4A",9606,0.613,0,0,0,0,0,0,0.613
"9606.ENSP00000252050","9606.ENSP00000498999","CUL9","FBXW8",9606,0.748,0,0,0,0.126,0,0,0.724
"9606.ENSP00000252506","9606.ENSP00000344087","GADD45G","AUTS2",9606,0.401,0,0,0,0.044,0,0,0.399
"9606.ENSP00000252506","9606.ENSP00000355996","GADD45G","G0S2",9606,0.44,0,0,0,0.049,0,0,0.435
"9606.ENSP00000252506","9606.ENSP00000462309","GADD45G","CD300LF",9606,0.624,0,0,0,0,0,0,0.624
"9606.ENSP00000252506","9606.ENSP00000448665","GADD45G","DDIT3",9606,0.629,0,0,0,0.085,0,0,0.611
"9606.ENSP00000252506","9606.ENSP00000393762","GADD45G","SESN1",9606,0.746,0,0,0,0.042,0,0,0.746
"9606.ENSP00000252506","9606.ENSP00000375986","GADD45G","MAP3K4",9606,0.997,0,0,0,0,0.609,0.9,0.937
"9606.ENSP00000252599","9606.ENSP00000379823","COLGALT1","COL4A3",9606,0.515,0,0,0,0,0,0.5,0.07
"9606.ENSP00000252599","9606.ENSP00000355180","COLGALT1","COL6A1",9606,0.61,0,0,0,0.105,0,0.5,0.199
"9606.ENSP00000252979","9606.ENSP00000482749","ZNF337","ZNF227",9606,0.414,0,0,0.075,0.393,0,0,0
"9606.ENSP00000252979","9606.ENSP00000307854","ZNF337","PCMTD2",9606,0.489,0,0,0,0.076,0,0,0.47
"9606.ENSP00000252996","9606.ENSP00000339109","TAF4","ANAPC1",9606,0.523,0,0,0,0.063,0.476,0,0.106
"9606.ENSP00000252996","9606.ENSP00000340896","TAF4","ASH2L",9606,0.556,0,0,0,0.075,0,0.54,0
"9606.ENSP00000252996","9606.ENSP00000306983","TAF4","YEATS2",9606,0.786,0,0,0,0.076,0.189,0.72,0.102
"9606.ENSP00000252996","9606.ENSP00000362948","TAF4","MED18",9606,0.809,0,0,0,0.058,0.8,0,0.069
"9606.ENSP00000252996","9606.ENSP00000290663","TAF4","MED8",9606,0.81,0,0,0,0,0.8,0,0.091
"9606.ENSP00000252996","9606.ENSP00000296417","TAF4","H2AZ1",9606,0.864,0,0,0,0.053,0.857,0,0.077
"9606.ENSP00000252996","9606.ENSP00000364037","TAF4","TEX10",9606,0.902,0,0,0,0.067,0,0.9,0
"9606.ENSP00000252996","9606.ENSP00000351490","TAF4","MAX",9606,0.903,0,0,0,0.075,0,0.9,0
"9606.ENSP00000252996","9606.ENSP00000436786","TAF4","KMT2A",9606,0.909,0,0,0,0.12,0.055,0.9,0
"9606.ENSP00000252996","9606.ENSP00000462980","TAF4","TAF4B",9606,0.911,0,0,0,0.059,0,0.9,0.134
"9606.ENSP00000252996","9606.ENSP00000356848","TAF4","TADA1",9606,0.964,0,0,0,0.081,0,0.9,0.644
"9606.ENSP00000252996","9606.ENSP00000339917","TAF4","TAF9B",9606,0.998,0,0,0,0,0.941,0.9,0.743
"9606.ENSP00000253110","9606.ENSP00000382707","SHFL","IFITM3",9606,0.416,0,0,0,0.187,0,0,0.312
"9606.ENSP00000253110","9606.ENSP00000330825","SHFL","IFITM1",9606,0.524,0,0,0,0.436,0,0,0.192
"9606.ENSP00000253247","9606.ENSP00000364037","NOL11","TEX10",9606,0.552,0,0,0,0.141,0,0.5,0
"9606.ENSP00000253247","9606.ENSP00000419005","NOL11","UTP25",9606,0.805,0,0,0,0.067,0,0.8,0
"9606.ENSP00000253247","9606.ENSP00000308179","NOL11","WDR3",9606,0.951,0,0,0,0.447,0.8,0.5,0.224
"9606.ENSP00000253247","9606.ENSP00000261637","NOL11","UTP20",9606,0.979,0,0,0,0.192,0.8,0.8,0.447
"9606.ENSP00000253382","9606.ENSP00000281182","ACSS2","ACAD8",9606,0.407,0.044,0,0,0.205,0,0.187,0.154
"9606.ENSP00000253382","9606.ENSP00000298139","ACSS2","WRN",9606,0.411,0,0,0,0.042,0,0,0.41
"9606.ENSP00000253382","9606.ENSP00000364649","ACSS2","SDHB",9606,0.423,0.051,0,0,0.201,0,0,0.299
"9606.ENSP00000253382","9606.ENSP00000360577","ACSS2","ECHDC2",9606,0.44,0.045,0,0,0.192,0,0.188,0.211
"9606.ENSP00000253382","9606.ENSP00000280886","ACSS2","DIP2C",9606,0.443,0.051,0,0,0.291,0,0.187,0.103
"9606.ENSP00000253382","9606.ENSP00000315152","ACSS2","METAP1D",9606,0.459,0.078,0,0,0.093,0,0.344,0.131
"9606.ENSP00000253382","9606.ENSP00000464814","ACSS2","COASY",9606,0.461,0.042,0,0,0.115,0,0,0.415
"9606.ENSP00000253382","9606.ENSP00000357873","ACSS2","ACADSB",9606,0.463,0.044,0,0,0.195,0,0.187,0.243
"9606.ENSP00000253382","9606.ENSP00000349078","ACSS2","FDPS",9606,0.52,0.054,0,0,0.2,0.071,0,0.398
"9606.ENSP00000253382","9606.ENSP00000498260","ACSS2","ACSL6",9606,0.533,0,0,0,0.103,0,0,0.501
"9606.ENSP00000253382","9606.ENSP00000363614","ACSS2","HMGCL",9606,0.546,0.06,0.002,0,0.182,0,0.215,0.337
"9606.ENSP00000253382","9606.ENSP00000419325","ACSS2","SUCLG2",9606,0.834,0,0,0,0.118,0,0.8,0.136
"9606.ENSP00000253382","9606.ENSP00000280346","ACSS2","DLAT",9606,0.943,0.055,0,0,0.074,0,0.914,0.337
"9606.ENSP00000253382","9606.ENSP00000473990","ACSS2","ALDH3B1",9606,0.947,0.041,0,0,0.208,0.051,0.915,0.272
"9606.ENSP00000253413","9606.ENSP00000261890","ATP6V1E1","RAB11A",9606,0.481,0,0,0,0.205,0.049,0,0.368
"9606.ENSP00000253413","9606.ENSP00000337850","ATP6V1E1","KPTN",9606,0.499,0,0,0,0,0,0.5,0
"9606.ENSP00000253413","9606.ENSP00000393762","ATP6V1E1","SESN1",9606,0.527,0,0,0,0.092,0,0.5,0
"9606.ENSP00000253413","9606.ENSP00000464814","ATP6V1E1","COASY",9606,0.581,0.042,0,0,0.074,0,0.566,0
"9606.ENSP00000253413","9606.ENSP00000318822","ATP6V1E1","BID",9606,0.656,0,0,0,0.062,0,0,0.649
"9606.ENSP00000253413","9606.ENSP00000343118","ATP6V1E1","LAMTOR4",9606,0.662,0,0,0,0.074,0,0.65,0
"9606.ENSP00000253413","9606.ENSP00000256644","ATP6V1E1","LAMTOR5",9606,0.681,0,0,0,0.127,0,0.65,0
"9606.ENSP00000253413","9606.ENSP00000322832","ATP6V1E1","ROGDI",9606,0.747,0,0,0,0,0.672,0,0.26
"9606.ENSP00000253413","9606.ENSP00000254442","ATP6V1E1","WDR7",9606,0.766,0,0,0,0.055,0.535,0,0.511
"9606.ENSP00000253413","9606.ENSP00000411672","ATP6V1E1","ATP6V0E2",9606,0.962,0,0,0,0.142,0.748,0.72,0.448
"9606.ENSP00000253413","9606.ENSP00000292114","ATP6V1E1","TMEM199",9606,0.975,0,0,0,0.074,0,0.9,0.759
"9606.ENSP00000253413","9606.ENSP00000449500","ATP6V1E1","RNASEK",9606,0.99,0,0,0,0.085,0.966,0.72,0
"9606.ENSP00000253413","9606.ENSP00000429690","ATP6V1E1","ATP6V0E1",9606,0.993,0,0,0,0.296,0.966,0.5,0.508
"9606.ENSP00000253413","9606.ENSP00000332247","ATP6V1E1","ATP6V0A2",9606,0.994,0.095,0,0,0.598,0.809,0.718,0.778
"9606.ENSP00000253413","9606.ENSP00000352522","ATP6V1E1","ATP6V1H",9606,0.999,0,0,0,0.45,0.993,0.72,0.866
"9606.ENSP00000253686","9606.ENSP00000394560","MRPS25","MAPK9",9606,0.545,0,0,0,0.122,0.429,0,0.166
"9606.ENSP00000253686","9606.ENSP00000368688","MRPS25","LYRM7",9606,0.592,0,0,0,0.167,0.514,0,0.074
"9606.ENSP00000253686","9606.ENSP00000292586","MRPS25","MRNIP",9606,0.68,0,0,0,0.158,0.595,0,0.138
"9606.ENSP00000253686","9606.ENSP00000497004","MRPS25","MRPL28",9606,0.87,0,0,0,0.148,0.853,0,0
"9606.ENSP00000253686","9606.ENSP00000296102","MRPS25","MRPL33",9606,0.982,0,0,0,0.323,0.965,0,0.289
"9606.ENSP00000253686","9606.ENSP00000342676","MRPS25","AURKAIP1",9606,0.983,0,0,0,0.261,0.897,0.8,0
"9606.ENSP00000254301","9606.ENSP00000367202","LGALS3","RECK",9606,0.412,0,0,0,0,0,0,0.412
"9606.ENSP00000254301","9606.ENSP00000365380","LGALS3","FOXP3",9606,0.418,0,0,0,0,0,0,0.418
"9606.ENSP00000254301","9606.ENSP00000478887","LGALS3","MYC",9606,0.43,0,0,0,0,0.161,0,0.349
"9606.ENSP00000254301","9606.ENSP00000363641","LGALS3","TXN",9606,0.435,0,0,0,0.112,0.225,0,0.245
"9606.ENSP00000254301","9606.ENSP00000295756","LGALS3","TRAT1",9606,0.439,0,0,0,0,0,0,0.439
"9606.ENSP00000254301","9606.ENSP00000332973","LGALS3","SMAD3",9606,0.451,0,0,0,0.088,0.053,0,0.415
"9606.ENSP00000254301","9606.ENSP00000296511","LGALS3","ANXA5",9606,0.477,0,0,0,0.142,0,0,0.415
"9606.ENSP00000254301","9606.ENSP00000357981","LGALS3","CTSS",9606,0.493,0,0,0,0.133,0.045,0,0.437
"9606.ENSP00000254301","9606.ENSP00000306920","LGALS3","GLB1",9606,0.497,0,0,0,0.044,0.292,0,0.317
"9606.ENSP00000254301","9606.ENSP00000478255","LGALS3","ABCB1",9606,0.498,0,0,0,0,0.407,0,0.187
"9606.ENSP00000254301","9606.ENSP00000365227","LGALS3","AIF1",9606,0.52,0,0,0,0.049,0,0,0.516
"9606.ENSP00000254301","9606.ENSP00000308117","LGALS3","CD248",9606,0.531,0,0,0,0,0,0,0.531
"9606.ENSP00000254301","9606.ENSP00000353731","LGALS3","DPP4",9606,0.576,0,0,0,0.058,0,0,0.569
"9606.ENSP00000254301","9606.ENSP00000348170","LGALS3","HP",9606,0.687,0,0,0,0,0,0,0.687
"9606.ENSP00000254301","9606.ENSP00000377681","LGALS3","G3BP1",9606,0.699,0,0,0,0.047,0,0,0.698
"9606.ENSP00000254301","9606.ENSP00000329932","LGALS3","LGALS9C",9606,0.74,0,0,0,0,0.687,0,0.204
"9606.ENSP00000254301","9606.ENSP00000378856","LGALS3","LGALS9",9606,0.819,0,0,0,0.062,0.645,0,0.5
"9606.ENSP00000254301","9606.ENSP00000381185","LGALS3","BCL2",9606,0.915,0,0,0,0.052,0,0,0.915
"9606.ENSP00000254442","9606.ENSP00000322361","WDR7","ZNF236",9606,0.415,0,0,0,0.329,0.045,0,0.16
"9606.ENSP00000254442","9606.ENSP00000292114","WDR7","TMEM199",9606,0.496,0,0,0,0.127,0,0,0.447
"9606.ENSP00000254442","9606.ENSP00000352522","WDR7","ATP6V1H",9606,0.772,0,0,0,0.061,0.522,0,0.534
"9606.ENSP00000254442","9606.ENSP00000322832","WDR7","ROGDI",9606,0.893,0,0,0,0,0.767,0,0.56
"9606.ENSP00000254579","9606.ENSP00000421965","DNHD1","PRRC1",9606,0.454,0,0,0,0,0,0,0.454
"9606.ENSP00000254579","9606.ENSP00000361232","DNHD1","DDX31",9606,0.457,0,0,0,0.06,0,0,0.447
"9606.ENSP00000254579","9606.ENSP00000290607","DNHD1","STARD9",9606,0.501,0,0,0,0.083,0.071,0,0.462
"9606.ENSP00000254579","9606.ENSP00000452037","DNHD1","DNAL1",9606,0.634,0,0,0,0,0.174,0.54,0.115
"9606.ENSP00000254616","9606.ENSP00000312222","TIMM10B","ZHX3",9606,0.431,0,0,0,0.103,0.309,0,0.156
"9606.ENSP00000254616","9606.ENSP00000284320","TIMM10B","TOMM70",9606,0.438,0,0,0,0.087,0,0,0.41
"9606.ENSP00000254616","9606.ENSP00000349732","TIMM10B","C3orf18",9606,0.44,0,0,0,0.298,0,0,0.236
"9606.ENSP00000254616","9606.ENSP00000356953","TIMM10B","SDHC",9606,0.494,0,0,0,0.088,0.319,0,0.251
"9606.ENSP00000254616","9606.ENSP00000284073","TIMM10B","MSI2",9606,0.546,0,0,0,0.047,0.544,0,0
"9606.ENSP00000254616","9606.ENSP00000497280","TIMM10B","AGK",9606,0.998,0,0,0,0,0.949,0.9,0.781
"9606.ENSP00000254810","9606.ENSP00000386834","H3-3B","AFF3",9606,0.403,0,0,0,0,0.126,0,0.345
"9606.ENSP00000254810","9606.ENSP00000497406","H3-3B","SETBP1",9606,0.404,0,0,0,0.058,0.299,0,0.169
"9606.ENSP00000254810","9606.ENSP00000353401","H3-3B","CUX1",9606,0.409,0,0,0,0.057,0,0,0.398
"9606.ENSP00000254810","9606.ENSP00000353793","H3-3B","WDHD1",9606,0.411,0,0,0,0.085,0.094,0,0.346
"9606.ENSP00000254810","9606.ENSP00000364839","H3-3B","ASXL1",9606,0.417,0,0,0,0,0.106,0,0.374
"9606.ENSP00000254810","9606.ENSP00000371133","H3-3B","HMG20A",9606,0.418,0,0,0,0.076,0.092,0,0.362
"9606.ENSP00000254810","9606.ENSP00000357000","H3-3B","USF1",9606,0.419,0,0,0,0,0.107,0,0.376
"9606.ENSP00000254810","9606.ENSP00000264331","H3-3B","TOP2B",9606,0.42,0,0,0,0.106,0.092,0,0.342
"9606.ENSP00000254810","9606.ENSP00000396976","H3-3B","BAHD1",9606,0.421,0,0,0,0,0.25,0,0.26
"9606.ENSP00000254810","9606.ENSP00000325018","H3-3B","ZNF569",9606,0.431,0,0,0,0,0.099,0,0.394
"9606.ENSP00000254810","9606.ENSP00000451291","H3-3B","HNRNPC",9606,0.434,0,0,0,0.138,0.051,0,0.363
"9606.ENSP00000254810","9606.ENSP00000349723","H3-3B","BCL11B",9606,0.437,0,0,0,0,0.099,0,0.4
"9606.ENSP00000254810","9606.ENSP00000385923","H3-3B","NUCB1",9606,0.44,0,0,0,0.044,0,0,0.439
"9606.ENSP00000254810","9606.ENSP00000359719","H3-3B","PRKACB",9606,0.442,0,0,0,0.055,0.095,0,0.4
"9606.ENSP00000254810","9606.ENSP00000347821","H3-3B","MORC4",9606,0.446,0,0,0,0,0.071,0,0.429
"9606.ENSP00000254810","9606.ENSP00000364589","H3-3B","CUL4A",9606,0.449,0,0,0,0.054,0,0,0.442
"9606.ENSP00000254810","9606.ENSP00000332973","H3-3B","SMAD3",9606,0.456,0,0,0,0.055,0,0,0.448
"9606.ENSP00000254810","9606.ENSP00000406293","H3-3B","TCEA3",9606,0.456,0,0,0,0.067,0.174,0,0.351
"9606.ENSP00000254810","9606.ENSP00000298139","H3-3B","WRN",9606,0.463,0,0,0,0.067,0.053,0,0.44
"9606.ENSP00000254810","9606.ENSP00000490767","H3-3B","ING5",9606,0.469,0,0,0,0.052,0.137,0,0.403
"9606.ENSP00000254810","9606.ENSP00000364649","H3-3B","SDHB",9606,0.47,0,0,0,0.102,0.066,0,0.419
"9606.ENSP00000254810","9606.ENSP00000265734","H3-3B","CDK6",9606,0.518,0,0,0,0.084,0.071,0,0.478
"9606.ENSP00000254810","9606.ENSP00000356953","H3-3B","SDHC",9606,0.524,0,0,0,0.044,0,0,0.523
"9606.ENSP00000254810","9606.ENSP00000313681","H3-3B","SPHK1",9606,0.524,0,0,0,0,0.07,0,0.509
"9606.ENSP00000254810","9606.ENSP00000339566","H3-3B","H1-2",9606,0.526,0,0,0,0.116,0.139,0,0.426
"9606.ENSP00000254810","9606.ENSP00000380353","H3-3B","SFMBT2",9606,0.532,0,0,0,0,0.071,0,0.517
"9606.ENSP00000254810","9606.ENSP00000296435","H3-3B","CAMP",9606,0.543,0,0,0,0,0,0,0.543
"9606.ENSP00000254810","9606.ENSP00000368880","H3-3B","FOXO1",9606,0.553,0,0,0,0.063,0.135,0,0.493
"9606.ENSP00000254810","9606.ENSP00000335320","H3-3B","BCL9L",9606,0.562,0,0,0,0,0.045,0.5,0.157
"9606.ENSP00000254810","9606.ENSP00000379144","H3-3B","TNRC6A",9606,0.569,0,0,0,0,0,0.5,0.174
"9606.ENSP00000254810","9606.ENSP00000329466","H3-3B","SIRT7",9606,0.571,0,0,0,0.044,0.11,0,0.537
"9606.ENSP00000254810","9606.ENSP00000362748","H3-3B","TET1",9606,0.574,0,0,0,0,0,0,0.574
"9606.ENSP00000254810","9606.ENSP00000263795","H3-3B","WDR76",9606,0.589,0,0,0,0,0.537,0,0.149
"9606.ENSP00000254810","9606.ENSP00000444136","H3-3B","POLR1B",9606,0.594,0,0,0,0.042,0.269,0.4,0.148
"9606.ENSP00000254810","9606.ENSP00000336783","H3-3B","TNRC6C",9606,0.609,0,0,0,0.05,0.188,0.5,0.105
"9606.ENSP00000254810","9606.ENSP00000296511","H3-3B","ANXA5",9606,0.62,0,0,0,0.073,0,0,0.607
"9606.ENSP00000254810","9606.ENSP00000385823","H3-3B","MTA3",9606,0.62,0,0,0,0.056,0.089,0.5,0.22
"9606.ENSP00000254810","9606.ENSP00000340347","H3-3B","TCF7",9606,0.621,0,0,0,0,0,0.5,0.273
"9606.ENSP00000254810","9606.ENSP00000303427","H3-3B","PDS5A",9606,0.632,0,0,0,0.094,0.129,0,0.571
"9606.ENSP00000254810","9606.ENSP00000307411","H3-3B","MLLT10",9606,0.636,0,0,0,0.048,0,0,0.633
"9606.ENSP00000254810","9606.ENSP00000481842","H3-3B","SAP18",9606,0.654,0,0,0,0.133,0.05,0.5,0.259
"9606.ENSP00000254810","9606.ENSP00000267415","H3-3B","TINF2",9606,0.662,0,0,0,0.05,0.099,0.5,0.304
"9606.ENSP00000254810","9606.ENSP00000370114","H3-3B","PSIP1",9606,0.68,0,0,0,0.06,0.091,0,0.655
"9606.ENSP00000254810","9606.ENSP00000265165","H3-3B","LEF1",9606,0.692,0,0,0,0.048,0,0.5,0.405
"9606.ENSP00000254810","9606.ENSP00000366271","H3-3B","KDM2B",9606,0.709,0,0,0,0.042,0.301,0,0.6
"9606.ENSP00000254810","9606.ENSP00000306983","H3-3B","YEATS2",9606,0.749,0,0,0,0.08,0.127,0,0.712
"9606.ENSP00000254810","9606.ENSP00000433681","H3-3B","NCAPD3",9606,0.755,0,0,0,0.062,0.292,0.5,0.348
"9606.ENSP00000254810","9606.ENSP00000278616","H3-3B","ATM",9606,0.767,0,0,0,0.042,0.066,0,0.761
"9606.ENSP00000254810","9606.ENSP00000437659","H3-3B","PHC1",9606,0.782,0,0,0,0.042,0.071,0.5,0.569
"9606.ENSP00000254810","9606.ENSP00000381185","H3-3B","BCL2",9606,0.801,0,0,0,0.078,0.05,0.5,0.599
"9606.ENSP00000254810","9606.ENSP00000296490","H3-3B","WDR82",9606,0.816,0,0,0,0.067,0.067,0,0.806
"9606.ENSP00000254810","9606.ENSP00000378295","H3-3B","INCENP",9606,0.824,0,0,0,0.088,0.209,0,0.776
"9606.ENSP00000254810","9606.ENSP00000369716","H3-3B","CHD3",9606,0.847,0,0,0,0.057,0.15,0.5,0.665
"9606.ENSP00000254810","9606.ENSP00000384048","H3-3B","PAXIP1",9606,0.849,0,0,0,0.063,0.063,0.5,0.698
"9606.ENSP00000254810","9606.ENSP00000370710","H3-3B","KDM4C",9606,0.856,0,0,0,0,0.11,0.5,0.702
"9606.ENSP00000254810","9606.ENSP00000410042","H3-3B","BRD1",9606,0.882,0,0,0,0.054,0.549,0,0.747
"9606.ENSP00000254810","9606.ENSP00000340896","H3-3B","ASH2L",9606,0.915,0,0,0,0.055,0.297,0.5,0.775
"9606.ENSP00000254810","9606.ENSP00000495413","H3-3B","TRIM66",9606,0.92,0,0,0,0,0.908,0,0.164
"9606.ENSP00000254810","9606.ENSP00000478887","H3-3B","MYC",9606,0.938,0,0,0,0.055,0.318,0.5,0.831
"9606.ENSP00000254810","9606.ENSP00000296417","H3-3B","H2AZ1",9606,0.955,0,0,0,0.19,0.309,0.4,0.882
"9606.ENSP00000254810","9606.ENSP00000266070","H3-3B","DIDO1",9606,0.964,0,0,0,0.063,0.927,0,0.521
"9606.ENSP00000254810","9606.ENSP00000287239","H3-3B","KAT6B",9606,0.977,0,0,0,0.044,0.917,0,0.73
"9606.ENSP00000254810","9606.ENSP00000362592","H3-3B","RBBP4",9606,0.981,0,0,0,0.081,0.711,0.5,0.878
"9606.ENSP00000254810","9606.ENSP00000436786","H3-3B","KMT2A",9606,0.985,0,0,0,0.066,0.934,0.5,0.592
"9606.ENSP00000254810","9606.ENSP00000349430","H3-3B","H2BC12",9606,0.989,0,0.124,0,0.174,0.829,0.4,0.88
"9606.ENSP00000254810","9606.ENSP00000369695","H3-3B","MLLT3",9606,0.995,0,0,0,0,0.95,0,0.909
"9606.ENSP00000255174","9606.ENSP00000363993","OSER1","PSMB9",9606,0.423,0,0,0,0.045,0.421,0,0
"9606.ENSP00000256196","9606.ENSP00000431445","RRAS2","CD3G",9606,0.402,0,0,0,0.062,0,0,0.388
"9606.ENSP00000256196","9606.ENSP00000308820","RRAS2","RIC3",9606,0.428,0,0,0,0,0.107,0,0.386
"9606.ENSP00000256196","9606.ENSP00000334592","RRAS2","CYP2R1",9606,0.434,0,0,0,0.055,0.068,0,0.409
"9606.ENSP00000256196","9606.ENSP00000262942","RRAS2","ARPC1A",9606,0.441,0,0,0,0.072,0,0,0.422
"9606.ENSP00000256196","9606.ENSP00000496007","RRAS2","SYNGAP1",9606,0.747,0,0,0,0,0.099,0.65,0.263
"9606.ENSP00000256196","9606.ENSP00000428056","RRAS2","PIK3R1",9606,0.794,0,0,0,0.049,0.301,0.65,0.221
"9606.ENSP00000256196","9606.ENSP00000310244","RRAS2","RASGRP1",9606,0.839,0,0,0,0.054,0.182,0.65,0.476
"9606.ENSP00000256196","9606.ENSP00000408695","RRAS2","PRKCA",9606,0.908,0,0,0,0.06,0,0.9,0.105
"9606.ENSP00000256196","9606.ENSP00000360431","RRAS2","PLCE1",9606,0.919,0,0,0,0.067,0.176,0.9,0.08
"9606.ENSP00000256196","9606.ENSP00000265080","RRAS2","RASGRF2",9606,0.929,0,0,0,0.055,0.157,0.9,0.219
"9606.ENSP00000256196","9606.ENSP00000361120","RRAS2","RALGDS",9606,0.97,0,0,0,0.055,0.538,0.9,0.404
"9606.ENSP00000256545","9606.ENSP00000475168","EMC7","RER1",9606,0.414,0,0,0,0.232,0,0,0.268
"9606.ENSP00000256545","9606.ENSP00000330945","EMC7","TMED9",9606,0.509,0,0,0,0.105,0.363,0,0.209
"9606.ENSP00000256545","9606.ENSP00000403210","EMC7","EMC9",9606,0.999,0,0,0,0.047,0.966,0.9,0.747
"9606.ENSP00000256644","9606.ENSP00000357674","LAMTOR5","SNAPIN",9606,0.438,0,0,0,0.074,0.322,0,0.178
"9606.ENSP00000256644","9606.ENSP00000263202","LAMTOR5","UFD1",9606,0.465,0,0,0,0.107,0,0,0.426
"9606.ENSP00000256644","9606.ENSP00000323867","LAMTOR5","PRKAG1",9606,0.507,0,0,0,0.055,0,0.5,0
"9606.ENSP00000256644","9606.ENSP00000411672","LAMTOR5","ATP6V0E2",9606,0.517,0,0,0,0.074,0,0.5,0
"9606.ENSP00000256644","9606.ENSP00000429690","LAMTOR5","ATP6V0E1",9606,0.54,0,0,0,0.119,0,0.5,0
"9606.ENSP00000256644","9606.ENSP00000478887","LAMTOR5","MYC",9606,0.587,0,0,0,0,0,0,0.587
"9606.ENSP00000256644","9606.ENSP00000298717","LAMTOR5","METTL3",9606,0.606,0,0,0,0.044,0,0,0.605
"9606.ENSP00000256644","9606.ENSP00000393762","LAMTOR5","SESN1",9606,0.628,0,0,0,0.05,0,0.5,0.28
"9606.ENSP00000256644","9606.ENSP00000352522","LAMTOR5","ATP6V1H",9606,0.655,0,0,0,0.055,0,0.65,0
"9606.ENSP00000256644","9606.ENSP00000337850","LAMTOR5","KPTN",9606,0.671,0,0,0,0.042,0,0.5,0.369
"9606.ENSP00000256644","9606.ENSP00000343118","LAMTOR5","LAMTOR4",9606,0.999,0,0,0,0.181,0.999,0.9,0.996
"9606.ENSP00000257347","9606.ENSP00000356953","CARS2","SDHC",9606,0.437,0.042,0,0,0.339,0.165,0,0.062
"9606.ENSP00000257347","9606.ENSP00000296102","CARS2","MRPL33",9606,0.442,0.12,0,0,0.105,0,0,0.349
"9606.ENSP00000257347","9606.ENSP00000377845","CARS2","ASNS",9606,0.472,0,0,0,0.102,0,0,0.436
"9606.ENSP00000257347","9606.ENSP00000456019","CARS2","SQOR",9606,0.499,0.057,0,0,0.049,0,0,0.486
"9606.ENSP00000257347","9606.ENSP00000368664","CARS2","RGCC",9606,0.623,0,0,0,0.049,0.62,0,0
"9606.ENSP00000257347","9606.ENSP00000338093","CARS2","TARS3",9606,0.789,0.086,0,0,0.111,0,0,0.761
"9606.ENSP00000257347","9606.ENSP00000456218","CARS2","EARS2",9606,0.838,0.086,0,0,0.146,0,0,0.809
"9606.ENSP00000257663","9606.ENSP00000420616","TMEM60","TFDP2",9606,0.412,0,0,0,0,0,0,0.412
"9606.ENSP00000257663","9606.ENSP00000354590","TMEM60","SFT2D1",9606,0.452,0,0,0,0.212,0,0,0.333
"9606.ENSP00000257700","9606.ENSP00000357998","RINT1","SEC63",9606,0.414,0,0,0,0.057,0.239,0,0.249
"9606.ENSP00000257700","9606.ENSP00000361232","RINT1","DDX31",9606,0.453,0,0,0,0.453,0,0,0
"9606.ENSP00000257700","9606.ENSP00000353422","RINT1","VPS13A",9606,0.487,0,0,0,0.056,0,0,0.479
"9606.ENSP00000257700","9606.ENSP00000330945","RINT1","TMED9",9606,0.504,0,0,0,0.049,0,0.5,0
"9606.ENSP00000257700","9606.ENSP00000354878","RINT1","KIF21A",9606,0.504,0,0,0,0.049,0,0.5,0
"9606.ENSP00000257700","9606.ENSP00000385808","RINT1","KIF3A",9606,0.507,0,0,0,0.055,0,0.5,0
"9606.ENSP00000257700","9606.ENSP00000368856","RINT1","NFX1",9606,0.557,0,0,0,0.557,0,0,0
"9606.ENSP00000257700","9606.ENSP00000315775","RINT1","COG4",9606,0.575,0,0,0,0.06,0.078,0,0.549
"9606.ENSP00000257700","9606.ENSP00000320821","RINT1","KIF1C",9606,0.619,0,0,0,0.054,0,0.5,0.259
"9606.ENSP00000257700","9606.ENSP00000417402","RINT1","PUS7",9606,0.732,0,0.634,0,0.202,0,0,0.157
"9606.ENSP00000257700","9606.ENSP00000478557","RINT1","ZNF787",9606,0.821,0,0,0,0.054,0,0,0.819
"9606.ENSP00000257700","9606.ENSP00000263354","RINT1","NAPA",9606,0.829,0,0,0,0.042,0.596,0.5,0.223
"9606.ENSP00000257700","9606.ENSP00000397394","RINT1","C19orf25",9606,0.877,0,0,0,0,0.761,0,0.507
"9606.ENSP00000257749","9606.ENSP00000306157","BACH2","IL7R",9606,0.418,0,0,0,0.075,0,0,0.397
"9606.ENSP00000257749","9606.ENSP00000470788","BACH2","IL12RB1",9606,0.443,0,0,0,0.042,0,0,0.442
"9606.ENSP00000257749","9606.ENSP00000266557","BACH2","CD27",9606,0.45,0,0,0,0.087,0,0,0.422
"9606.ENSP00000257749","9606.ENSP00000349723","BACH2","BCL11B",9606,0.468,0,0,0,0.083,0,0,0.444
"9606.ENSP00000257749","9606.ENSP00000338010","BACH2","IL21R",9606,0.494,0,0,0,0.074,0,0,0.476
"9606.ENSP00000257749","9606.ENSP00000498227","BACH2","SELL",9606,0.497,0,0,0,0.072,0,0,0.48
"9606.ENSP00000257749","9606.ENSP00000368880","BACH2","FOXO1",9606,0.509,0,0,0,0.163,0,0,0.438
"9606.ENSP00000257749","9606.ENSP00000263125","BACH2","PRKCQ",9606,0.52,0,0,0,0.064,0,0,0.508
"9606.ENSP00000257749","9606.ENSP00000459626","BACH2","MRTFB",9606,0.54,0,0,0,0.064,0,0,0.529
"9606.ENSP00000257749","9606.ENSP00000305416","BACH2","S1PR1",9606,0.552,0,0,0,0.127,0,0,0.508
"9606.ENSP00000257749","9606.ENSP00000317327","BACH2","UBASH3A",9606,0.558,0,0,0,0.103,0,0,0.528
"9606.ENSP00000257749","9606.ENSP00000359663","BACH2","CD40LG",9606,0.58,0,0,0,0.067,0,0,0.569
"9606.ENSP00000257749","9606.ENSP00000478887","BACH2","MYC",9606,0.613,0,0,0,0.067,0.084,0,0.584
"9606.ENSP00000257749","9606.ENSP00000399518","BACH2","SATB1",9606,0.619,0,0,0,0.106,0,0,0.591
"9606.ENSP00000257749","9606.ENSP00000376436","BACH2","ETS1",9606,0.634,0,0,0,0.142,0,0,0.591
"9606.ENSP00000257749","9606.ENSP00000265165","BACH2","LEF1",9606,0.638,0,0,0,0.127,0,0,0.602
"9606.ENSP00000257749","9606.ENSP00000365380","BACH2","FOXP3",9606,0.639,0,0,0,0,0,0,0.639
"9606.ENSP00000257749","9606.ENSP00000340347","BACH2","TCF7",9606,0.657,0,0,0,0.072,0,0,0.646
"9606.ENSP00000257749","9606.ENSP00000327048","BACH2","MAF",9606,0.993,0,0,0,0.061,0.184,0,0.992
"9606.ENSP00000257868","9606.ENSP00000428205","GDF11","FBXO32",9606,0.407,0,0,0,0.052,0,0,0.4
"9606.ENSP00000257868","9606.ENSP00000369154","GDF11","SMAD9",9606,0.423,0,0,0,0.049,0.095,0,0.383
"9606.ENSP00000257868","9606.ENSP00000361107","GDF11","BMPR1A",9606,0.487,0,0,0,0.049,0.126,0,0.433
"9606.ENSP00000257868","9606.ENSP00000332973","GDF11","SMAD3",9606,0.575,0,0,0,0,0.095,0,0.549
"9606.ENSP00000257868","9606.ENSP00000301873","GDF11","LTBP3",9606,0.641,0,0,0,0.044,0.045,0,0.639
"9606.ENSP00000258080","9606.ENSP00000384924","HTRA2","RTL10",9606,0.419,0,0,0,0.042,0,0,0.419
"9606.ENSP00000258080","9606.ENSP00000266679","HTRA2","CPSF6",9606,0.433,0,0,0,0.042,0,0,0.433
"9606.ENSP00000258080","9606.ENSP00000493232","HTRA2","MICU1",9606,0.438,0,0,0,0.06,0,0,0.427
"9606.ENSP00000258080","9606.ENSP00000446576","HTRA2","ATXN2",9606,0.461,0,0,0,0.042,0,0,0.46
"9606.ENSP00000258080","9606.ENSP00000308820","HTRA2","RIC3",9606,0.541,0,0,0,0,0,0,0.541
"9606.ENSP00000258080","9606.ENSP00000339328","HTRA2","PLAUR",9606,0.549,0,0,0,0.059,0,0.54,0
"9606.ENSP00000258080","9606.ENSP00000261464","HTRA2","TRAF5",9606,0.584,0,0,0,0,0,0.54,0.133
"9606.ENSP00000258080","9606.ENSP00000381185","HTRA2","BCL2",9606,0.719,0,0,0,0,0,0,0.719
"9606.ENSP00000258243","9606.ENSP00000261637","URB2","UTP20",9606,0.452,0,0,0,0.244,0,0,0.306
"9606.ENSP00000258243","9606.ENSP00000444136","URB2","POLR1B",9606,0.638,0,0,0,0.625,0,0,0.074
"9606.ENSP00000258243","9606.ENSP00000361232","URB2","DDX31",9606,0.78,0,0,0,0.773,0,0,0.071
"9606.ENSP00000258243","9606.ENSP00000372199","URB2","URB1",9606,0.89,0,0,0,0.253,0,0,0.859
"9606.ENSP00000258428","9606.ENSP00000382595","REV1","PAICS",9606,0.456,0,0,0,0.054,0,0,0.448
"9606.ENSP00000258428","9606.ENSP00000359206","REV1","BTRC",9606,0.581,0,0,0,0.06,0,0,0.573
"9606.ENSP00000258428","9606.ENSP00000298139","REV1","WRN",9606,0.644,0.052,0,0,0.15,0,0,0.593
"9606.ENSP00000258428","9606.ENSP00000322570","REV1","POLE",9606,0.737,0,0,0,0.074,0.323,0,0.615
"9606.ENSP00000258428","9606.ENSP00000263274","REV1","LIG1",9606,0.754,0,0,0,0.1,0,0,0.738
"9606.ENSP00000258428","9606.ENSP00000488642","REV1","TENT4A",9606,0.754,0,0,0,0.127,0,0,0.729
"9606.ENSP00000258428","9606.ENSP00000361310","REV1","POLH",9606,0.997,0,0,0.109,0.142,0.975,0.5,0.774
"9606.ENSP00000258443","9606.ENSP00000328181","EDAR","NOG",9606,0.403,0,0,0,0.107,0,0,0.359
"9606.ENSP00000258443","9606.ENSP00000362994","EDAR","TRAF1",9606,0.42,0,0,0,0,0,0,0.42
"9606.ENSP00000258443","9606.ENSP00000266557","EDAR","CD27",9606,0.438,0,0,0,0.048,0,0,0.434
"9606.ENSP00000258443","9606.ENSP00000359663","EDAR","CD40LG",9606,0.445,0,0,0,0.128,0,0,0.39
"9606.ENSP00000258443","9606.ENSP00000261464","EDAR","TRAF5",9606,0.465,0,0,0,0.042,0,0,0.465
"9606.ENSP00000258443","9606.ENSP00000367013","EDAR","TNFRSF25",9606,0.494,0,0,0,0.075,0,0,0.476
"9606.ENSP00000258443","9606.ENSP00000302625","EDAR","AXIN2",9606,0.607,0,0,0,0.181,0,0,0.54
"9606.ENSP00000258443","9606.ENSP00000265165","EDAR","LEF1",9606,0.689,0,0,0,0.076,0,0,0.677
"9606.ENSP00000258991","9606.ENSP00000337998","TEX2","NCKAP5L",9606,0.513,0,0,0,0.049,0,0,0.509
"9606.ENSP00000259951","9606.ENSP00000351314","HLA-F","PSMB10",9606,0.438,0,0,0,0.212,0,0,0.317
"9606.ENSP00000259951","9606.ENSP00000357036","HLA-F","SLAMF6",9606,0.477,0,0,0,0.08,0,0,0.455
"9606.ENSP00000259951","9606.ENSP00000367013","HLA-F","TNFRSF25",9606,0.556,0,0,0,0.131,0,0,0.51
"9606.ENSP00000259951","9606.ENSP00000431445","HLA-F","CD3G",9606,0.57,0,0,0,0.093,0,0.5,0.129
"9606.ENSP00000259951","9606.ENSP00000404236","HLA-F","LILRA5",9606,0.592,0,0,0,0.068,0,0.5,0.195
"9606.ENSP00000259951","9606.ENSP00000465685","HLA-F","AP1M2",9606,0.65,0,0,0,0,0,0.65,0
"9606.ENSP00000259951","9606.ENSP00000364016","HLA-F","PSMB8",9606,0.695,0,0,0,0.497,0,0,0.419
"9606.ENSP00000259951","9606.ENSP00000363993","HLA-F","PSMB9",9606,0.723,0,0,0,0.522,0,0,0.445
"9606.ENSP00000259951","9606.ENSP00000399168","HLA-F","HLA-B",9606,0.982,0,0,0.052,0.808,0.125,0.9,0.061
"9606.ENSP00000259951","9606.ENSP00000365402","HLA-F","HLA-C",9606,0.99,0,0,0.053,0.627,0.51,0.9,0.513
"9606.ENSP00000259951","9606.ENSP00000379873","HLA-F","HLA-A",9606,0.996,0,0,0.052,0.842,0.607,0.9,0.537
"9606.ENSP00000259951","9606.ENSP00000365817","HLA-F","HLA-E",9606,0.997,0,0,0.055,0.785,0.716,0.9,0.583
"9606.ENSP00000260361","9606.ENSP00000341178","NDUFAF1","C15orf62",9606,0.401,0,0,0,0,0,0,0.401
"9606.ENSP00000260361","9606.ENSP00000301454","NDUFAF1","SLC25A23",9606,0.519,0,0,0,0,0.487,0,0.101
"9606.ENSP00000260361","9606.ENSP00000407336","NDUFAF1","NDUFB3",9606,0.984,0,0,0,0.265,0,0.967,0.414
"9606.ENSP00000260361","9606.ENSP00000369176","NDUFAF1","NDUFB6",9606,0.987,0,0,0,0.149,0.292,0.967,0.444
"9606.ENSP00000260361","9606.ENSP00000356972","NDUFAF1","NDUFS2",9606,0.989,0,0,0,0.067,0,0.967,0.674
"9606.ENSP00000260361","9606.ENSP00000323076","NDUFAF1","NDUFAF3",9606,0.999,0,0,0,0.056,0.994,0.838,0.732
"9606.ENSP00000260383","9606.ENSP00000264935","TUBGCP4","CEP72",9606,0.511,0,0,0,0.068,0.497,0,0
"9606.ENSP00000260665","9606.ENSP00000478887","LRPPRC","MYC",9606,0.403,0,0,0,0.056,0.275,0,0.199
"9606.ENSP00000260665","9606.ENSP00000497280","LRPPRC","AGK",9606,0.409,0,0,0,0.076,0,0,0.386
"9606.ENSP00000260665","9606.ENSP00000386488","LRPPRC","ZC3H8",9606,0.433,0,0,0,0.072,0,0,0.414
"9606.ENSP00000260665","9606.ENSP00000356224","LRPPRC","SYNE1",9606,0.435,0,0,0,0.042,0,0,0.434
"9606.ENSP00000260665","9606.ENSP00000262982","LRPPRC","CSE1L",9606,0.452,0,0,0,0.441,0,0,0.06
"9606.ENSP00000260665","9606.ENSP00000419740","LRPPRC","NSUN4",9606,0.454,0,0,0,0.06,0,0,0.443
"9606.ENSP00000260665","9606.ENSP00000385610","LRPPRC","MEX3C",9606,0.513,0,0,0,0.047,0.51,0,0
"9606.ENSP00000260665","9606.ENSP00000263795","LRPPRC","WDR76",9606,0.518,0,0,0,0.058,0.51,0,0
"9606.ENSP00000260665","9606.ENSP00000480378","LRPPRC","MTERF4",9606,0.554,0,0,0,0.06,0,0,0.545
"9606.ENSP00000260665","9606.ENSP00000368880","LRPPRC","FOXO1",9606,0.574,0,0,0,0.061,0.301,0,0.403
"9606.ENSP00000260665","9606.ENSP00000418823","LRPPRC","FTO",9606,0.626,0,0,0,0.058,0,0,0.62
"9606.ENSP00000260665","9606.ENSP00000381185","LRPPRC","BCL2",9606,0.64,0,0,0,0.042,0.292,0,0.512
"9606.ENSP00000260665","9606.ENSP00000298717","LRPPRC","METTL3",9606,0.664,0,0,0,0.082,0,0,0.649
"9606.ENSP00000260665","9606.ENSP00000451291","LRPPRC","HNRNPC",9606,0.681,0,0,0,0.068,0.094,0,0.653
"9606.ENSP00000261303","9606.ENSP00000359663","PSMC1","CD40LG",9606,0.4,0,0,0,0,0,0.4,0
"9606.ENSP00000261303","9606.ENSP00000339109","PSMC1","ANAPC1",9606,0.411,0,0,0,0.054,0,0.4,0.047
"9606.ENSP00000261303","9606.ENSP00000302625","PSMC1","AXIN2",9606,0.425,0,0,0,0.055,0.068,0.4,0
"9606.ENSP00000261303","9606.ENSP00000318352","PSMC1","MRFAP1",9606,0.426,0,0,0,0.147,0,0,0.354
"9606.ENSP00000261303","9606.ENSP00000440045","PSMC1","ATP2A2",9606,0.433,0,0,0,0.06,0,0,0.421
"9606.ENSP00000261303","9606.ENSP00000275015","PSMC1","NFKBIE",9606,0.443,0,0,0,0.055,0.095,0.4,0.043
"9606.ENSP00000261303","9606.ENSP00000359206","PSMC1","BTRC",9606,0.446,0,0,0,0,0,0.4,0.116
"9606.ENSP00000261303","9606.ENSP00000297991","PSMC1","AQP3",9606,0.45,0.046,0,0,0.3,0.049,0.187,0.1
"9606.ENSP00000261303","9606.ENSP00000317327","PSMC1","UBASH3A",9606,0.454,0.042,0,0,0.08,0.292,0,0.229
"9606.ENSP00000261303","9606.ENSP00000264552","PSMC1","UBE2S",9606,0.473,0,0,0,0.094,0.057,0.4,0.094
"9606.ENSP00000261303","9606.ENSP00000306010","PSMC1","ARF4",9606,0.496,0,0,0,0.08,0.054,0,0.467
"9606.ENSP00000261303","9606.ENSP00000410059","PSMC1","EEF1D",9606,0.533,0,0,0,0.421,0.165,0,0.112
"9606.ENSP00000261303","9606.ENSP00000370222","PSMC1","POMP",9606,0.654,0,0,0,0.257,0.091,0,0.528
"9606.ENSP00000261303","9606.ENSP00000263202","PSMC1","UFD1",9606,0.678,0,0,0,0.378,0,0.5,0.049
"9606.ENSP00000261303","9606.ENSP00000372155","PSMC1","PSME1",9606,0.8,0,0,0,0.086,0.297,0.36,0.571
"9606.ENSP00000261303","9606.ENSP00000351314","PSMC1","PSMB10",9606,0.894,0,0,0,0.363,0.754,0,0.382
"9606.ENSP00000261303","9606.ENSP00000362768","PSMC1","RBL1",9606,0.901,0,0,0,0,0,0.9,0.057
"9606.ENSP00000261303","9606.ENSP00000364016","PSMC1","PSMB8",9606,0.975,0,0,0,0.591,0.899,0,0.441
"9606.ENSP00000261303","9606.ENSP00000363993","PSMC1","PSMB9",9606,0.986,0,0,0,0.621,0.942,0,0.43
"9606.ENSP00000261303","9606.ENSP00000263256","PSMC1","DESI1",9606,0.994,0,0,0,0.049,0.994,0,0
"9606.ENSP00000261303","9606.ENSP00000396937","PSMC1","PSMD13",9606,0.999,0,0,0,0.735,0.997,0.72,0.968
"9606.ENSP00000261303","9606.ENSP00000357876","PSMC1","PSMD4",9606,0.999,0,0,0,0.928,0.998,0.72,0.936
"9606.ENSP00000261318","9606.ENSP00000406885","C12orf49","TMEM41A",9606,0.55,0,0,0,0.066,0,0,0.538
"9606.ENSP00000261340","9606.ENSP00000357036","CLEC2D","SLAMF6",9606,0.41,0,0,0,0.192,0.047,0,0.295
"9606.ENSP00000261340","9606.ENSP00000365817","CLEC2D","HLA-E",9606,0.411,0,0,0,0.049,0.052,0,0.4
"9606.ENSP00000261340","9606.ENSP00000263285","CLEC2D","LY9",9606,0.431,0,0,0,0.305,0.099,0,0.164
"9606.ENSP00000261381","9606.ENSP00000421275","XYLT1","SLC10A7",9606,0.408,0,0,0,0.044,0,0,0.406
"9606.ENSP00000261381","9606.ENSP00000354213","XYLT1","HS3ST3B1",9606,0.417,0,0,0,0.054,0,0,0.409
"9606.ENSP00000261381","9606.ENSP00000286353","XYLT1","PXYLP1",9606,0.464,0,0,0,0,0,0,0.464
"9606.ENSP00000261381","9606.ENSP00000363827","XYLT1","HSPG2",9606,0.606,0,0,0,0,0,0.4,0.37
"9606.ENSP00000261416","9606.ENSP00000357981","HEXB","CTSS",9606,0.409,0,0,0,0.194,0.054,0.169,0.177
"9606.ENSP00000261416","9606.ENSP00000298569","HEXB","KIAA1191",9606,0.415,0,0,0,0.047,0,0,0.411
"9606.ENSP00000261416","9606.ENSP00000451206","HEXB","NPC2",9606,0.441,0,0,0,0.378,0,0,0.137
"9606.ENSP00000261416","9606.ENSP00000364782","HEXB","NEU1",9606,0.605,0.11,0,0,0.181,0.217,0,0.389
"9606.ENSP00000261416","9606.ENSP00000361110","HEXB","GBGT1",9606,0.9,0,0,0,0,0,0.9,0
"9606.ENSP00000261416","9606.ENSP00000377303","HEXB","RENBP",9606,0.903,0,0,0,0.07,0,0.9,0
"9606.ENSP00000261416","9606.ENSP00000477639","HEXB","NAGK",9606,0.913,0.095,0,0,0.11,0,0.9,0.055
"9606.ENSP00000261416","9606.ENSP00000390784","HEXB","B3GALT4",9606,0.916,0,0,0,0.055,0,0.9,0.184
"9606.ENSP00000261416","9606.ENSP00000337854","HEXB","HEXD",9606,0.928,0,0,0,0,0,0.9,0.319
"9606.ENSP00000261416","9606.ENSP00000306920","HEXB","GLB1",9606,0.962,0.057,0,0,0.333,0,0.908,0.429
"9606.ENSP00000261464","9606.ENSP00000381185","TRAF5","BCL2",9606,0.41,0,0,0,0.128,0,0,0.351
"9606.ENSP00000261464","9606.ENSP00000359663","TRAF5","CD40LG",9606,0.49,0,0,0,0.101,0,0,0.455
"9606.ENSP00000261464","9606.ENSP00000367013","TRAF5","TNFRSF25",9606,0.518,0,0,0,0.067,0.067,0,0.491
"9606.ENSP00000261464","9606.ENSP00000362994","TRAF5","TRAF1",9606,0.556,0,0,0,0.141,0.046,0,0.502
"9606.ENSP00000261464","9606.ENSP00000266557","TRAF5","CD27",9606,0.726,0,0,0,0.121,0.311,0,0.583
"9606.ENSP00000261464","9606.ENSP00000348632","TRAF5","RBCK1",9606,0.93,0,0,0,0.059,0,0.9,0.322
"9606.ENSP00000261464","9606.ENSP00000347948","TRAF5","TNFRSF14",9606,0.992,0,0,0,0.044,0.635,0.9,0.82
"9606.ENSP00000261523","9606.ENSP00000305416","RORA","S1PR1",9606,0.408,0,0,0,0.063,0,0,0.394
"9606.ENSP00000261523","9606.ENSP00000319476","RORA","ICOS",9606,0.423,0,0,0,0.072,0,0,0.403
"9606.ENSP00000261523","9606.ENSP00000306157","RORA","IL7R",9606,0.448,0,0,0,0.064,0,0,0.434
"9606.ENSP00000261523","9606.ENSP00000340347","RORA","TCF7",9606,0.453,0,0,0,0.062,0,0,0.441
"9606.ENSP00000261523","9606.ENSP00000376436","RORA","ETS1",9606,0.505,0,0,0,0.049,0,0,0.501
"9606.ENSP00000261523","9606.ENSP00000327048","RORA","MAF",9606,0.553,0,0,0,0.206,0.053,0,0.454
"9606.ENSP00000261523","9606.ENSP00000478887","RORA","MYC",9606,0.556,0,0,0,0.042,0,0.4,0.29
"9606.ENSP00000261523","9606.ENSP00000365380","RORA","FOXP3",9606,0.561,0,0,0,0,0.299,0,0.399
"9606.ENSP00000261523","9606.ENSP00000368880","RORA","FOXO1",9606,0.631,0,0,0,0.067,0.095,0.4,0.359
"9606.ENSP00000261523","9606.ENSP00000478721","RORA","RYK",9606,0.828,0,0,0,0,0,0,0.828
"9606.ENSP00000261523","9606.ENSP00000478187","RORA","CRY2",9606,0.837,0,0,0,0.054,0.087,0,0.826
"9606.ENSP00000261523","9606.ENSP00000440045","RORA","ATP2A2",9606,0.903,0,0,0,0,0,0.9,0.073
"9606.ENSP00000261574","9606.ENSP00000323927","IPO5","PLXDC1",9606,0.4,0,0,0,0,0,0,0.4
"9606.ENSP00000261574","9606.ENSP00000364037","IPO5","TEX10",9606,0.401,0,0,0,0.156,0.183,0,0.201
"9606.ENSP00000261574","9606.ENSP00000361446","IPO5","POLR3A",9606,0.41,0,0,0,0.41,0,0,0
"9606.ENSP00000261574","9606.ENSP00000444136","IPO5","POLR1B",9606,0.413,0,0,0,0.395,0,0,0.07
"9606.ENSP00000261574","9606.ENSP00000378687","IPO5","POM121",9606,0.414,0,0,0,0.075,0.306,0,0.16
"9606.ENSP00000261574","9606.ENSP00000370114","IPO5","PSIP1",9606,0.435,0,0,0,0.072,0,0,0.417
"9606.ENSP00000261574","9606.ENSP00000301364","IPO5","TSR1",9606,0.461,0,0,0,0.354,0.186,0,0.057
"9606.ENSP00000261574","9606.ENSP00000367721","IPO5","NUP160",9606,0.469,0,0,0,0.172,0,0,0.385
"9606.ENSP00000261574","9606.ENSP00000285968","IPO5","NUP205",9606,0.506,0,0,0,0.224,0.07,0,0.371
"9606.ENSP00000261574","9606.ENSP00000365643","IPO5","DOCK9",9606,0.511,0,0,0,0.049,0,0,0.507
"9606.ENSP00000261574","9606.ENSP00000354916","IPO5","CDC14A",9606,0.519,0,0,0,0.049,0.51,0,0.051
"9606.ENSP00000261574","9606.ENSP00000451291","IPO5","HNRNPC",9606,0.528,0,0,0,0.127,0.065,0,0.468
"9606.ENSP00000261574","9606.ENSP00000263083","IPO5","DPH1",9606,0.575,0,0,0,0.098,0,0,0.548
"9606.ENSP00000261574","9606.ENSP00000407182","IPO5","TNPO2",9606,0.636,0,0,0,0.187,0.295,0,0.415
"9606.ENSP00000261574","9606.ENSP00000308117","IPO5","CD248",9606,0.675,0,0,0,0,0.094,0,0.657
"9606.ENSP00000261574","9606.ENSP00000394791","IPO5","SENP1",9606,0.706,0,0,0,0.06,0.644,0,0.192
"9606.ENSP00000261574","9606.ENSP00000262982","IPO5","CSE1L",9606,0.814,0,0,0,0.3,0.273,0,0.663
"9606.ENSP00000261574","9606.ENSP00000354742","IPO5","IPO9",9606,0.825,0,0,0,0.187,0.394,0,0.674
"9606.ENSP00000261609","9606.ENSP00000498700","HERC2","BICD1",9606,0.4,0,0,0,0.049,0.395,0,0
"9606.ENSP00000261609","9606.ENSP00000298139","HERC2","WRN",9606,0.436,0,0,0,0.067,0.292,0,0.215
"9606.ENSP00000261609","9606.ENSP00000364037","HERC2","TEX10",9606,0.521,0,0,0,0.063,0.51,0,0
"9606.ENSP00000261609","9606.ENSP00000384048","HERC2","PAXIP1",9606,0.523,0,0,0,0.087,0,0.5,0
"9606.ENSP00000261609","9606.ENSP00000349430","HERC2","H2BC12",9606,0.534,0,0,0,0,0.098,0.5,0.051
"9606.ENSP00000261609","9606.ENSP00000278616","HERC2","ATM",9606,0.557,0,0,0,0.047,0,0.5,0.144
"9606.ENSP00000261609","9606.ENSP00000390158","HERC2","HERC1",9606,0.601,0,0,0,0.313,0.292,0,0.246
"9606.ENSP00000261609","9606.ENSP00000313811","HERC2","USP20",9606,0.81,0,0,0,0.074,0.778,0,0.15
"9606.ENSP00000261623","9606.ENSP00000381185","CYBA","BCL2",9606,0.402,0,0,0,0.052,0,0,0.395
"9606.ENSP00000261623","9606.ENSP00000365227","CYBA","AIF1",9606,0.404,0,0,0,0.184,0,0,0.3
"9606.ENSP00000261623","9606.ENSP00000353646","CYBA","PLEKHG4",9606,0.418,0,0,0,0.07,0,0.4,0
"9606.ENSP00000261623","9606.ENSP00000363641","CYBA","TXN",9606,0.455,0,0,0,0.054,0,0,0.447
"9606.ENSP00000261623","9606.ENSP00000348471","CYBA","SH3YL1",9606,0.476,0,0,0,0.055,0,0,0.468
"9606.ENSP00000261623","9606.ENSP00000357721","CYBA","S100A8",9606,0.511,0,0,0,0.064,0,0.5,0
"9606.ENSP00000261623","9606.ENSP00000497406","CYBA","SETBP1",9606,0.541,0,0,0,0,0,0,0.541
"9606.ENSP00000261623","9606.ENSP00000357727","CYBA","S100A9",9606,0.543,0,0,0,0.124,0,0.5,0
"9606.ENSP00000261623","9606.ENSP00000348215","CYBA","SH3PXD2A",9606,0.735,0,0,0,0,0,0,0.735
"9606.ENSP00000261623","9606.ENSP00000289473","CYBA","NCF1",9606,0.999,0,0,0,0.191,0.755,0.9,0.999
"9606.ENSP00000261637","9606.ENSP00000355899","UTP20","RRP15",9606,0.419,0,0,0,0.343,0,0,0.153
"9606.ENSP00000261637","9606.ENSP00000361232","UTP20","DDX31",9606,0.442,0,0,0,0.412,0.066,0,0.065
"9606.ENSP00000261637","9606.ENSP00000456218","UTP20","EARS2",9606,0.522,0,0,0,0.149,0,0,0.461
"9606.ENSP00000261637","9606.ENSP00000417402","UTP20","PUS7",9606,0.552,0,0,0,0.552,0,0,0
"9606.ENSP00000261637","9606.ENSP00000363779","UTP20","ELP1",9606,0.571,0,0,0,0.571,0,0,0
"9606.ENSP00000261637","9606.ENSP00000364037","UTP20","TEX10",9606,0.674,0,0,0,0.231,0,0.5,0.222
"9606.ENSP00000261637","9606.ENSP00000361446","UTP20","POLR3A",9606,0.682,0,0,0,0.661,0,0,0.101
"9606.ENSP00000261637","9606.ENSP00000292586","UTP20","MRNIP",9606,0.787,0,0,0,0,0.787,0,0
"9606.ENSP00000261637","9606.ENSP00000358400","UTP20","MDN1",9606,0.802,0,0,0,0.615,0,0,0.505
"9606.ENSP00000261637","9606.ENSP00000442053","UTP20","RBM19",9606,0.837,0,0,0,0.837,0,0,0
"9606.ENSP00000261637","9606.ENSP00000444136","UTP20","POLR1B",9606,0.872,0,0,0,0.847,0,0,0.199
"9606.ENSP00000261637","9606.ENSP00000301364","UTP20","TSR1",9606,0.886,0,0,0,0.719,0,0.54,0.187
"9606.ENSP00000261637","9606.ENSP00000419005","UTP20","UTP25",9606,0.905,0,0,0,0.259,0,0.8,0.413
"9606.ENSP00000261637","9606.ENSP00000372199","UTP20","URB1",9606,0.915,0,0,0,0.878,0,0,0.333
"9606.ENSP00000261637","9606.ENSP00000308179","UTP20","WDR3",9606,0.999,0,0,0,0.748,0.991,0.54,0.494
"9606.ENSP00000261867","9606.ENSP00000397394","SLC30A4","C19orf25",9606,0.402,0,0,0,0,0.402,0,0
"9606.ENSP00000261867","9606.ENSP00000430598","SLC30A4","ATOX1",9606,0.415,0,0,0,0.055,0,0,0.407
"9606.ENSP00000261867","9606.ENSP00000269187","SLC30A4","SLC39A6",9606,0.764,0.054,0,0,0,0.095,0,0.747
"9606.ENSP00000261867","9606.ENSP00000363809","SLC30A4","SLC39A7",9606,0.765,0.054,0,0,0,0.092,0,0.749
"9606.ENSP00000261867","9606.ENSP00000379895","SLC30A4","GATM",9606,0.775,0,0,0,0.042,0.046,0,0.773
"9606.ENSP00000261867","9606.ENSP00000357612","SLC30A4","SLC39A1",9606,0.872,0,0,0,0.055,0.065,0,0.867
"9606.ENSP00000261875","9606.ENSP00000277895","HACD3","ABLIM1",9606,0.401,0,0,0,0.055,0,0,0.392
"9606.ENSP00000261875","9606.ENSP00000386531","HACD3","SMPD4",9606,0.422,0,0,0,0.049,0,0,0.417
"9606.ENSP00000261884","9606.ENSP00000328181","TRIP4","NOG",9606,0.42,0,0,0,0,0.421,0,0
"9606.ENSP00000261884","9606.ENSP00000418823","TRIP4","FTO",9606,0.424,0,0,0,0.049,0,0,0.42
"9606.ENSP00000261884","9606.ENSP00000290663","TRIP4","MED8",9606,0.994,0,0,0,0.127,0.994,0,0
"9606.ENSP00000261889","9606.ENSP00000346437","SNX1","ATG7",9606,0.468,0,0,0,0.14,0.241,0,0.25
"9606.ENSP00000261889","9606.ENSP00000426255","SNX1","SNX25",9606,0.514,0,0,0,0.074,0,0,0.496
"9606.ENSP00000261889","9606.ENSP00000261890","SNX1","RAB11A",9606,0.577,0,0,0,0.097,0.071,0,0.537
"9606.ENSP00000261890","9606.ENSP00000409581","RAB11A","ARRB1",9606,0.406,0,0,0,0.047,0,0,0.403
"9606.ENSP00000261890","9606.ENSP00000497806","RAB11A","DLG4",9606,0.409,0,0,0,0,0.091,0,0.377
"9606.ENSP00000261890","9606.ENSP00000298159","RAB11A","CFL2",9606,0.432,0,0,0,0.106,0.045,0,0.388
"9606.ENSP00000261890","9606.ENSP00000357564","RAB11A","RAB13",9606,0.442,0,0,0.081,0.061,0.334,0,0.143
"9606.ENSP00000261890","9606.ENSP00000263991","RAB11A","EHBP1",9606,0.457,0,0,0,0,0.122,0,0.407
"9606.ENSP00000261890","9606.ENSP00000263354","RAB11A","NAPA",9606,0.463,0,0,0,0.074,0.19,0,0.341
"9606.ENSP00000261890","9606.ENSP00000465685","RAB11A","AP1M2",9606,0.481,0,0,0,0,0.128,0,0.429
"9606.ENSP00000261890","9606.ENSP00000383145","RAB11A","SFI1",9606,0.499,0,0,0,0,0,0.5,0
"9606.ENSP00000261890","9606.ENSP00000365782","RAB11A","CEP78",9606,0.504,0,0,0,0.049,0,0.5,0
"9606.ENSP00000261890","9606.ENSP00000264935","RAB11A","CEP72",9606,0.535,0,0,0,0,0,0.5,0.11
"9606.ENSP00000261890","9606.ENSP00000482968","RAB11A","ALMS1",9606,0.551,0,0,0,0,0.096,0.5,0.086
"9606.ENSP00000261890","9606.ENSP00000478887","RAB11A","MYC",9606,0.558,0,0,0,0,0.045,0,0.557
"9606.ENSP00000261890","9606.ENSP00000317714","RAB11A","STX4",9606,0.591,0,0,0,0.068,0.069,0,0.566
"9606.ENSP00000261890","9606.ENSP00000262304","RAB11A","PKD1",9606,0.602,0,0,0,0,0.042,0.5,0.237
"9606.ENSP00000261890","9606.ENSP00000497733","RAB11A","CDC42",9606,0.629,0,0,0,0.085,0.182,0,0.544
"9606.ENSP00000261890","9606.ENSP00000344314","RAB11A","OFD1",9606,0.631,0,0,0,0,0.095,0.5,0.25
"9606.ENSP00000261890","9606.ENSP00000365606","RAB11A","GRIPAP1",9606,0.639,0,0,0,0.049,0.088,0,0.618
"9606.ENSP00000261890","9606.ENSP00000375873","RAB11A","ATG16L1",9606,0.651,0,0,0,0,0.229,0,0.566
"9606.ENSP00000261890","9606.ENSP00000493946","RAB11A","RPGRIP1L",9606,0.652,0,0,0,0.111,0.132,0.5,0.204
"9606.ENSP00000261890","9606.ENSP00000408910","RAB11A","DCTN2",9606,0.695,0,0,0,0.226,0.082,0.5,0.242
"9606.ENSP00000261890","9606.ENSP00000480332","RAB11A","TRAPPC3",9606,0.702,0,0,0,0.072,0.448,0,0.465
"9606.ENSP00000261890","9606.ENSP00000366863","RAB11A","TBC1D4",9606,0.728,0,0,0,0.042,0.067,0,0.721
"9606.ENSP00000261890","9606.ENSP00000360252","RAB11A","HOOK1",9606,0.792,0,0,0,0.043,0.095,0,0.78
"9606.ENSP00000261890","9606.ENSP00000369538","RAB11A","GDI2",9606,0.893,0,0,0,0.127,0.78,0,0.49
"9606.ENSP00000261890","9606.ENSP00000306010","RAB11A","ARF4",9606,0.928,0,0,0,0.135,0.116,0.5,0.834
"9606.ENSP00000261890","9606.ENSP00000409594","RAB11A","ZFYVE27",9606,0.994,0,0,0,0,0.305,0,0.992
"9606.ENSP00000262288","9606.ENSP00000361562","SCPEP1","CTSA",9606,0.41,0,0,0,0.278,0,0,0.215
"9606.ENSP00000262288","9606.ENSP00000363123","SCPEP1","AHDC1",9606,0.42,0,0,0,0,0,0,0.42
"9606.ENSP00000262304","9606.ENSP00000280772","PKD1","ANK3",9606,0.405,0,0,0,0,0.048,0,0.401
"9606.ENSP00000262304","9606.ENSP00000363435","PKD1","ITPR3",9606,0.406,0,0,0,0.042,0,0,0.406
"9606.ENSP00000262304","9606.ENSP00000297837","PKD1","ANKS6",9606,0.419,0,0,0,0.049,0.048,0,0.41
"9606.ENSP00000262304","9606.ENSP00000344314","PKD1","OFD1",9606,0.516,0,0,0,0,0,0,0.516
"9606.ENSP00000262304","9606.ENSP00000301015","PKD1","PIEZO1",9606,0.649,0,0,0,0.084,0.072,0,0.621
"9606.ENSP00000262304","9606.ENSP00000357998","PKD1","SEC63",9606,0.684,0,0,0,0,0.065,0,0.676
"9606.ENSP00000262304","9606.ENSP00000385808","PKD1","KIF3A",9606,0.732,0,0,0,0,0,0,0.732
"9606.ENSP00000262304","9606.ENSP00000306010","PKD1","ARF4",9606,0.792,0,0,0,0.086,0.042,0.5,0.581
"9606.ENSP00000262375","9606.ENSP00000284320","DNAJA3","TOMM70",9606,0.405,0,0,0,0.203,0.061,0,0.268
"9606.ENSP00000262375","9606.ENSP00000417402","DNAJA3","PUS7",9606,0.416,0,0,0,0.22,0.283,0,0
"9606.ENSP00000262375","9606.ENSP00000332353","DNAJA3","PTCH1",9606,0.434,0,0,0,0,0.091,0,0.403
"9606.ENSP00000262375","9606.ENSP00000382595","DNAJA3","PAICS",9606,0.485,0.057,0,0,0.179,0.091,0.241,0.185
"9606.ENSP00000262375","9606.ENSP00000285737","DNAJA3","LONP2",9606,0.583,0.051,0,0,0.246,0,0,0.464
"9606.ENSP00000262375","9606.ENSP00000329558","DNAJA3","GRPEL2",9606,0.829,0.054,0,0,0.368,0.142,0,0.706
"9606.ENSP00000262653","9606.ENSP00000358696","CBFA2T2","PLXNA3",9606,0.475,0,0,0,0.159,0.115,0,0.352
"9606.ENSP00000262653","9606.ENSP00000478212","CBFA2T2","AKAP1",9606,0.506,0,0,0,0.049,0,0,0.502
"9606.ENSP00000262738","9606.ENSP00000410042","CELSR1","BRD1",9606,0.429,0,0,0,0.049,0,0,0.425
"9606.ENSP00000262738","9606.ENSP00000478721","CELSR1","RYK",9606,0.432,0,0,0,0.064,0.098,0,0.38
"9606.ENSP00000262738","9606.ENSP00000497733","CELSR1","CDC42",9606,0.485,0,0,0,0,0,0,0.485
"9606.ENSP00000262942","9606.ENSP00000369538","ARPC1A","GDI2",9606,0.439,0,0,0,0.391,0,0,0.115
"9606.ENSP00000262942","9606.ENSP00000431445","ARPC1A","CD3G",9606,0.499,0,0,0,0,0,0.5,0
"9606.ENSP00000262942","9606.ENSP00000295851","ARPC1A","ABI2",9606,0.537,0,0,0,0.062,0,0.5,0.093
"9606.ENSP00000262942","9606.ENSP00000497733","ARPC1A","CDC42",9606,0.66,0,0,0,0.11,0,0.5,0.297
"9606.ENSP00000262942","9606.ENSP00000389631","ARPC1A","ARPC1B",9606,0.985,0,0,0.054,0.105,0.225,0.9,0.817
"9606.ENSP00000262958","9606.ENSP00000419005","GNA15","UTP25",9606,0.402,0,0,0,0,0,0,0.402
"9606.ENSP00000262958","9606.ENSP00000376582","GNA15","RIC8B",9606,0.497,0,0,0,0,0.311,0,0.3
"9606.ENSP00000262958","9606.ENSP00000419325","GNA15","SUCLG2",9606,0.507,0,0,0,0,0,0,0.507
"9606.ENSP00000262958","9606.ENSP00000428056","GNA15","PIK3R1",9606,0.508,0,0,0,0.057,0,0.5,0
"9606.ENSP00000262958","9606.ENSP00000409581","GNA15","ARRB1",9606,0.519,0,0,0,0.044,0.061,0,0.507
"9606.ENSP00000262958","9606.ENSP00000339299","GNA15","TRIO",9606,0.559,0,0,0,0.067,0.074,0.5,0.101
"9606.ENSP00000262958","9606.ENSP00000483570","GNA15","BTK",9606,0.567,0,0,0,0.146,0,0.5,0.069
"9606.ENSP00000262958","9606.ENSP00000408695","GNA15","PRKCA",9606,0.569,0,0,0,0,0.074,0.5,0.144
"9606.ENSP00000262958","9606.ENSP00000363435","GNA15","ITPR3",9606,0.623,0,0,0,0.043,0.097,0.5,0.232
"9606.ENSP00000262958","9606.ENSP00000359532","GNA15","NTSR1",9606,0.702,0,0,0,0.042,0.115,0.65,0.115
"9606.ENSP00000262982","9606.ENSP00000388658","CSE1L","SLC25A12",9606,0.4,0,0,0,0.044,0,0,0.398
"9606.ENSP00000262982","9606.ENSP00000382595","CSE1L","PAICS",9606,0.403,0,0,0,0.376,0,0,0.082
"9606.ENSP00000262982","9606.ENSP00000363228","CSE1L","RBM12",9606,0.423,0,0,0,0.146,0,0,0.353
"9606.ENSP00000262982","9606.ENSP00000360483","CSE1L","NDC1",9606,0.445,0,0,0,0.445,0,0,0
"9606.ENSP00000262982","9606.ENSP00000370114","CSE1L","PSIP1",9606,0.461,0,0,0,0.116,0,0,0.415
"9606.ENSP00000262982","9606.ENSP00000263795","CSE1L","WDR76",9606,0.523,0,0,0,0.067,0.51,0,0
"9606.ENSP00000262982","9606.ENSP00000367721","CSE1L","NUP160",9606,0.59,0,0,0,0.279,0,0,0.454
"9606.ENSP00000262982","9606.ENSP00000407182","CSE1L","TNPO2",9606,0.607,0,0,0,0.108,0,0,0.577
"9606.ENSP00000262982","9606.ENSP00000354742","CSE1L","IPO9",9606,0.63,0,0,0,0.2,0,0,0.557
"9606.ENSP00000262982","9606.ENSP00000377681","CSE1L","G3BP1",9606,0.65,0,0,0,0.294,0.51,0,0.07
"9606.ENSP00000262982","9606.ENSP00000285968","CSE1L","NUP205",9606,0.661,0,0,0,0.354,0,0,0.496
"9606.ENSP00000263026","9606.ENSP00000359206","EEF2K","BTRC",9606,0.824,0,0.003,0,0,0.684,0,0.467
"9606.ENSP00000263026","9606.ENSP00000323867","EEF2K","PRKAG1",9606,0.912,0,0,0,0.047,0,0.9,0.159
"9606.ENSP00000263026","9606.ENSP00000408695","EEF2K","PRKCA",9606,0.928,0,0,0,0.055,0,0.9,0.299
"9606.ENSP00000263026","9606.ENSP00000499797","EEF2K","CALM2",9606,0.931,0,0,0,0,0.927,0,0.091
"9606.ENSP00000263083","9606.ENSP00000301364","DPH1","TSR1",9606,0.416,0,0,0,0.364,0,0,0.119
"9606.ENSP00000263083","9606.ENSP00000367024","DPH1","NAA40",9606,0.453,0,0,0,0.074,0,0,0.433
"9606.ENSP00000263083","9606.ENSP00000364037","DPH1","TEX10",9606,0.532,0,0,0,0.532,0,0,0
"9606.ENSP00000263102","9606.ENSP00000378400","CCDC6","LIMA1",9606,0.428,0,0,0,0.067,0,0,0.412
"9606.ENSP00000263102","9606.ENSP00000428056","CCDC6","PIK3R1",9606,0.429,0,0,0,0.055,0,0,0.421
"9606.ENSP00000263102","9606.ENSP00000357474","CCDC6","CEP85L",9606,0.466,0,0,0,0,0,0,0.466
"9606.ENSP00000263102","9606.ENSP00000430269","CCDC6","EPHX2",9606,0.468,0,0,0,0,0,0,0.468
"9606.ENSP00000263102","9606.ENSP00000497406","CCDC6","SETBP1",9606,0.551,0,0,0,0.054,0,0,0.545
"9606.ENSP00000263102","9606.ENSP00000320663","CCDC6","EML4",9606,0.697,0,0,0,0.057,0,0,0.692
"9606.ENSP00000263102","9606.ENSP00000332353","CCDC6","PTCH1",9606,0.801,0,0,0,0,0,0,0.801
"9606.ENSP00000263125","9606.ENSP00000497733","PRKCQ","CDC42",9606,0.407,0,0,0,0.074,0.216,0,0.249
"9606.ENSP00000263125","9606.ENSP00000362994","PRKCQ","TRAF1",9606,0.417,0,0,0,0.049,0,0,0.412
"9606.ENSP00000263125","9606.ENSP00000319476","PRKCQ","ICOS",9606,0.434,0,0,0,0.21,0,0,0.312
"9606.ENSP00000263125","9606.ENSP00000408695","PRKCQ","PRKCA",9606,0.455,0,0,0.064,0.074,0,0.4,0.076
"9606.ENSP00000263125","9606.ENSP00000351255","PRKCQ","STAT4",9606,0.461,0,0,0,0.196,0.041,0,0.357
"9606.ENSP00000263125","9606.ENSP00000378845","PRKCQ","LAT",9606,0.48,0,0,0,0.083,0,0,0.456
"9606.ENSP00000263125","9606.ENSP00000329127","PRKCQ","PRKCH",9606,0.495,0,0,0.066,0.127,0,0.4,0.089
"9606.ENSP00000263125","9606.ENSP00000498227","PRKCQ","SELL",9606,0.496,0,0,0,0.121,0.292,0,0.255
"9606.ENSP00000263125","9606.ENSP00000317327","PRKCQ","UBASH3A",9606,0.515,0,0,0,0.244,0,0,0.385
"9606.ENSP00000263125","9606.ENSP00000483570","PRKCQ","BTK",9606,0.626,0,0,0,0.109,0.325,0,0.428
"9606.ENSP00000263125","9606.ENSP00000431445","PRKCQ","CD3G",9606,0.635,0,0,0,0.251,0,0.4,0.255
"9606.ENSP00000263125","9606.ENSP00000398655","PRKCQ","ITK",9606,0.649,0,0,0,0.298,0.087,0,0.496
"9606.ENSP00000263125","9606.ENSP00000394560","PRKCQ","MAPK9",9606,0.91,0,0,0,0,0.096,0.9,0.091
"9606.ENSP00000263125","9606.ENSP00000477713","PRKCQ","LCK",9606,0.94,0,0,0.125,0.344,0.499,0.4,0.709
"9606.ENSP00000263125","9606.ENSP00000324890","PRKCQ","CD28",9606,0.994,0,0,0,0.085,0.292,0.9,0.919
"9606.ENSP00000263125","9606.ENSP00000380150","PRKCQ","CARD11",9606,0.998,0,0,0,0.146,0.785,0.9,0.926
"9606.ENSP00000263202","9606.ENSP00000363616","UFD1","EDEM2",9606,0.428,0,0,0,0.086,0,0,0.4
"9606.ENSP00000263202","9606.ENSP00000357998","UFD1","SEC63",9606,0.433,0,0,0,0.043,0,0,0.432
"9606.ENSP00000263202","9606.ENSP00000359206","UFD1","BTRC",9606,0.444,0,0,0,0.075,0.292,0,0.22
"9606.ENSP00000263202","9606.ENSP00000383719","UFD1","UBE2J2",9606,0.49,0,0,0,0.107,0,0,0.452
"9606.ENSP00000263202","9606.ENSP00000372155","UFD1","PSME1",9606,0.545,0,0,0,0.061,0.083,0.5,0.069
"9606.ENSP00000263202","9606.ENSP00000361310","UFD1","POLH",9606,0.546,0,0,0,0,0,0.5,0.13
"9606.ENSP00000263202","9606.ENSP00000380794","UFD1","CHMP7",9606,0.548,0,0,0,0.049,0,0,0.545
"9606.ENSP00000263202","9606.ENSP00000364016","UFD1","PSMB8",9606,0.561,0,0,0,0.065,0,0.5,0.137
"9606.ENSP00000263202","9606.ENSP00000351314","UFD1","PSMB10",9606,0.601,0,0,0,0.115,0,0.5,0.172
"9606.ENSP00000263202","9606.ENSP00000363993","UFD1","PSMB9",9606,0.625,0,0,0,0.208,0,0.5,0.13
"9606.ENSP00000263202","9606.ENSP00000396937","UFD1","PSMD13",9606,0.655,0,0,0,0.218,0,0.5,0.19
"9606.ENSP00000263202","9606.ENSP00000357876","UFD1","PSMD4",9606,0.902,0,0,0,0.62,0,0.5,0.525
"9606.ENSP00000263202","9606.ENSP00000263966","UFD1","USP13",9606,0.945,0,0,0,0.05,0.61,0.5,0.742
"9606.ENSP00000263202","9606.ENSP00000383911","UFD1","UBAC2",9606,0.995,0,0,0,0,0.994,0,0.299
"9606.ENSP00000263256","9606.ENSP00000394791","DESI1","SENP1",9606,0.734,0,0,0,0.095,0,0,0.718
"9606.ENSP00000263256","9606.ENSP00000357876","DESI1","PSMD4",9606,0.994,0,0,0,0.058,0.994,0,0
"9606.ENSP00000263274","9606.ENSP00000273541","LIG1","ISY1",9606,0.4,0,0,0,0.042,0,0.4,0
"9606.ENSP00000263274","9606.ENSP00000433681","LIG1","NCAPD3",9606,0.411,0,0,0,0.378,0,0,0.092
"9606.ENSP00000263274","9606.ENSP00000378295","LIG1","INCENP",9606,0.413,0,0,0,0.413,0,0,0
"9606.ENSP00000263274","9606.ENSP00000267415","LIG1","TINF2",9606,0.434,0,0,0,0.046,0,0.4,0.091
"9606.ENSP00000263274","9606.ENSP00000264331","LIG1","TOP2B",9606,0.49,0,0,0,0.127,0.067,0,0.424
"9606.ENSP00000263274","9606.ENSP00000488642","LIG1","TENT4A",9606,0.602,0,0,0,0.072,0,0,0.589
"9606.ENSP00000263274","9606.ENSP00000278616","LIG1","ATM",9606,0.603,0,0,0,0.042,0.12,0,0.567
"9606.ENSP00000263274","9606.ENSP00000337353","LIG1","TDP1",9606,0.664,0,0,0,0.142,0.071,0,0.613
"9606.ENSP00000263274","9606.ENSP00000364589","LIG1","CUL4A",9606,0.682,0,0,0,0.093,0.292,0.4,0.273
"9606.ENSP00000263274","9606.ENSP00000353793","LIG1","WDHD1",9606,0.713,0,0,0,0.452,0.091,0,0.47
"9606.ENSP00000263274","9606.ENSP00000361310","LIG1","POLH",9606,0.756,0,0,0,0.205,0,0,0.705
"9606.ENSP00000263274","9606.ENSP00000311368","LIG1","POLD4",9606,0.829,0,0,0,0.044,0,0.5,0.671
"9606.ENSP00000263274","9606.ENSP00000298139","LIG1","WRN",9606,0.895,0.042,0,0,0.202,0.097,0,0.866
"9606.ENSP00000263274","9606.ENSP00000322570","LIG1","POLE",9606,0.931,0,0,0,0.5,0.098,0.5,0.733
"9606.ENSP00000263285","9606.ENSP00000340434","LY9","RTL6",9606,0.409,0,0,0.399,0,0.058,0,0
"9606.ENSP00000263285","9606.ENSP00000283285","LY9","CD96",9606,0.41,0,0,0,0.262,0,0,0.233
"9606.ENSP00000263285","9606.ENSP00000338010","LY9","IL21R",9606,0.413,0,0,0,0.327,0,0,0.164
"9606.ENSP00000263285","9606.ENSP00000356058","LY9","FCMR",9606,0.45,0,0,0,0.436,0,0,0.065
"9606.ENSP00000263285","9606.ENSP00000342681","LY9","CD5",9606,0.454,0,0,0,0.276,0,0,0.277
"9606.ENSP00000263285","9606.ENSP00000386616","LY9","ZC3H12D",9606,0.478,0,0,0,0.478,0,0,0
"9606.ENSP00000263285","9606.ENSP00000398655","LY9","ITK",9606,0.478,0,0,0,0.346,0.062,0,0.217
"9606.ENSP00000263285","9606.ENSP00000470788","LY9","IL12RB1",9606,0.524,0,0,0,0.468,0.087,0,0.099
"9606.ENSP00000263285","9606.ENSP00000266557","LY9","CD27",9606,0.577,0,0,0,0.403,0,0,0.32
"9606.ENSP00000263285","9606.ENSP00000477713","LY9","LCK",9606,0.588,0,0,0,0.352,0.062,0,0.376
"9606.ENSP00000263285","9606.ENSP00000438406","LY9","SLAMF1",9606,0.706,0,0,0,0.224,0,0,0.637
"9606.ENSP00000263285","9606.ENSP00000357036","LY9","SLAMF6",9606,0.764,0,0,0,0.644,0.094,0,0.327
"9606.ENSP00000263354","9606.ENSP00000363452","NAPA","MAN1C1",9606,0.503,0,0,0,0.047,0,0.5,0
"9606.ENSP00000263354","9606.ENSP00000465685","NAPA","AP1M2",9606,0.508,0,0,0,0.048,0,0.5,0.051
"9606.ENSP00000263354","9606.ENSP00000353401","NAPA","CUX1",9606,0.508,0,0,0,0.049,0,0.5,0.05
"9606.ENSP00000263354","9606.ENSP00000280772","NAPA","ANK3",9606,0.516,0,0,0,0.042,0.05,0.5,0.063
"9606.ENSP00000263354","9606.ENSP00000363641","NAPA","TXN",9606,0.518,0,0,0,0.051,0,0,0.512
"9606.ENSP00000263354","9606.ENSP00000409581","NAPA","ARRB1",9606,0.521,0,0,0,0.049,0,0.5,0.074
"9606.ENSP00000263354","9606.ENSP00000303366","NAPA","LMAN2",9606,0.521,0,0,0,0.082,0,0.5,0
"9606.ENSP00000263354","9606.ENSP00000330945","NAPA","TMED9",9606,0.524,0,0,0,0.087,0,0.5,0
"9606.ENSP00000263354","9606.ENSP00000315775","NAPA","COG4",9606,0.565,0,0,0,0.06,0,0.5,0.149
"9606.ENSP00000263354","9606.ENSP00000357674","NAPA","SNAPIN",9606,0.675,0,0,0,0.06,0,0.5,0.365
"9606.ENSP00000263354","9606.ENSP00000480332","NAPA","TRAPPC3",9606,0.751,0,0,0,0.06,0.094,0,0.731
"9606.ENSP00000263354","9606.ENSP00000341680","NAPA","DTNBP1",9606,0.809,0,0,0,0.049,0,0.8,0.077
"9606.ENSP00000263354","9606.ENSP00000466298","NAPA","STX10",9606,0.982,0,0,0,0.056,0.803,0.54,0.819
"9606.ENSP00000263354","9606.ENSP00000317714","NAPA","STX4",9606,0.982,0,0,0,0.048,0.836,0.54,0.78
"9606.ENSP00000263370","9606.ENSP00000363435","ITPKC","ITPR3",9606,0.471,0,0,0,0.07,0.071,0,0.437
"9606.ENSP00000263370","9606.ENSP00000359663","ITPKC","CD40LG",9606,0.472,0,0,0,0,0,0,0.472
"9606.ENSP00000263370","9606.ENSP00000360431","ITPKC","PLCE1",9606,0.665,0,0,0,0,0,0.65,0.082
"9606.ENSP00000263370","9606.ENSP00000411152","ITPKC","ITPKB",9606,0.916,0,0,0.073,0,0,0.9,0.172
"9606.ENSP00000263384","9606.ENSP00000409964","FAM32A","CFAP97",9606,0.427,0,0,0,0,0,0,0.427
"9606.ENSP00000263384","9606.ENSP00000291552","FAM32A","U2AF1",9606,0.499,0,0,0,0,0,0.5,0
"9606.ENSP00000263384","9606.ENSP00000274712","FAM32A","ZMAT2",9606,0.507,0,0,0,0.161,0,0,0.437
"9606.ENSP00000263384","9606.ENSP00000451129","FAM32A","SNW1",9606,0.806,0,0,0,0.074,0.8,0,0
"9606.ENSP00000263384","9606.ENSP00000386023","FAM32A","BUD31",9606,0.82,0,0,0,0.138,0.8,0,0
"9606.ENSP00000263708","9606.ENSP00000332973","PTPN4","SMAD3",9606,0.51,0,0,0,0.049,0.051,0.5,0.044
"9606.ENSP00000263708","9606.ENSP00000394794","PTPN4","PTPN13",9606,0.527,0,0,0,0,0.094,0.4,0.2
"9606.ENSP00000263773","9606.ENSP00000367721","FNBP4","NUP160",9606,0.605,0,0,0,0.172,0,0,0.543
"9606.ENSP00000263773","9606.ENSP00000296702","FNBP4","TCERG1",9606,0.607,0,0,0,0.369,0,0,0.404
"9606.ENSP00000263773","9606.ENSP00000335655","FNBP4","FMNL3",9606,0.616,0,0,0,0.047,0.066,0,0.603
"9606.ENSP00000263795","9606.ENSP00000349430","WDR76","H2BC12",9606,0.404,0,0,0,0,0.345,0,0.127
"9606.ENSP00000263795","9606.ENSP00000332706","WDR76","PURA",9606,0.51,0,0,0,0,0.51,0,0
"9606.ENSP00000263795","9606.ENSP00000451291","WDR76","HNRNPC",9606,0.512,0,0,0,0.045,0.51,0,0
"9606.ENSP00000263795","9606.ENSP00000407182","WDR76","TNPO2",9606,0.514,0,0,0,0.049,0.51,0,0
"9606.ENSP00000263795","9606.ENSP00000358400","WDR76","MDN1",9606,0.533,0,0,0,0.06,0.522,0,0.045
"9606.ENSP00000263795","9606.ENSP00000497351","WDR76","GAN",9606,0.592,0,0,0,0.047,0.442,0,0.294
"9606.ENSP00000263795","9606.ENSP00000364589","WDR76","CUL4A",9606,0.762,0,0,0,0,0.452,0,0.584
"9606.ENSP00000263966","9606.ENSP00000481859","USP13","PAN2",9606,0.45,0,0,0,0.047,0,0,0.447
"9606.ENSP00000263966","9606.ENSP00000344855","USP13","FBXL14",9606,0.455,0,0,0,0.048,0,0,0.451
"9606.ENSP00000263966","9606.ENSP00000409906","USP13","USP53",9606,0.472,0,0,0,0.109,0,0,0.431
"9606.ENSP00000263966","9606.ENSP00000345216","USP13","USP54",9606,0.478,0,0,0,0.109,0,0,0.438
"9606.ENSP00000263966","9606.ENSP00000478887","USP13","MYC",9606,0.482,0,0,0,0.055,0.292,0,0.289
"9606.ENSP00000263966","9606.ENSP00000364261","USP13","OTUD3",9606,0.498,0,0,0,0,0,0,0.498
"9606.ENSP00000263966","9606.ENSP00000441214","USP13","USP36",9606,0.526,0,0,0,0.055,0,0,0.519
"9606.ENSP00000263966","9606.ENSP00000295899","USP13","THOC7",9606,0.62,0,0,0,0.068,0.61,0,0
"9606.ENSP00000263966","9606.ENSP00000309198","USP13","UBE3C",9606,0.631,0,0,0,0.049,0.559,0,0.192
"9606.ENSP00000263966","9606.ENSP00000313811","USP13","USP20",9606,0.653,0,0,0,0,0.067,0,0.643
"9606.ENSP00000263966","9606.ENSP00000294383","USP13","USP24",9606,0.668,0,0,0,0.043,0,0,0.667
"9606.ENSP00000263991","9606.ENSP00000325917","EHBP1","PCSK7",9606,0.427,0,0,0,0.042,0,0,0.427
"9606.ENSP00000263991","9606.ENSP00000362187","EHBP1","FAM102A",9606,0.45,0,0,0,0,0,0,0.45
"9606.ENSP00000264001","9606.ENSP00000400482","CKLF","CMTM3",9606,0.968,0,0,0,0.099,0,0,0.967
"9606.ENSP00000264170","9606.ENSP00000377845","KYNU","ASNS",9606,0.403,0,0,0,0.063,0.213,0,0.255
"9606.ENSP00000264170","9606.ENSP00000280346","KYNU","DLAT",9606,0.423,0,0.274,0,0.076,0,0,0.208
"9606.ENSP00000264170","9606.ENSP00000400482","KYNU","CMTM3",9606,0.474,0,0,0,0,0,0,0.474
"9606.ENSP00000264170","9606.ENSP00000385080","KYNU","FAH",9606,0.507,0.047,0,0,0.306,0,0,0.315
"9606.ENSP00000264170","9606.ENSP00000326424","KYNU","NADSYN1",9606,0.559,0,0,0,0.044,0,0,0.558
"9606.ENSP00000264316","9606.ENSP00000497733","TXK","CDC42",9606,0.401,0,0,0,0.099,0.11,0,0.313
"9606.ENSP00000264316","9606.ENSP00000363389","TXK","PDIK1L",9606,0.464,0,0,0,0,0.066,0,0.45
"9606.ENSP00000264316","9606.ENSP00000483570","TXK","BTK",9606,0.489,0,0,0.062,0.072,0.098,0.4,0.083
"9606.ENSP00000264316","9606.ENSP00000477713","TXK","LCK",9606,0.519,0,0,0.102,0.156,0,0,0.416
"9606.ENSP00000264316","9606.ENSP00000378845","TXK","LAT",9606,0.633,0,0,0,0.129,0.045,0.5,0.223
"9606.ENSP00000264316","9606.ENSP00000428056","TXK","PIK3R1",9606,0.927,0,0,0,0.056,0.232,0.9,0.116
"9606.ENSP00000264316","9606.ENSP00000398655","TXK","ITK",9606,0.94,0,0,0.066,0.387,0,0.9,0.089
"9606.ENSP00000264331","9606.ENSP00000331927","TOP2B","ZNF789",9606,0.411,0,0,0,0.057,0.046,0,0.397
"9606.ENSP00000264331","9606.ENSP00000298746","TOP2B","TRUB1",9606,0.431,0.061,0,0,0.205,0.252,0,0.102
"9606.ENSP00000264331","9606.ENSP00000451129","TOP2B","SNW1",9606,0.438,0,0,0,0.064,0,0,0.425
"9606.ENSP00000264331","9606.ENSP00000322570","TOP2B","POLE",9606,0.456,0,0,0,0.312,0.097,0,0.194
"9606.ENSP00000264331","9606.ENSP00000265734","TOP2B","CDK6",9606,0.477,0,0,0,0.344,0.053,0,0.226
"9606.ENSP00000264331","9606.ENSP00000369716","TOP2B","CHD3",9606,0.477,0,0,0,0.097,0.341,0,0.19
"9606.ENSP00000264331","9606.ENSP00000436786","TOP2B","KMT2A",9606,0.479,0,0,0,0.086,0,0,0.454
"9606.ENSP00000264331","9606.ENSP00000482546","TOP2B","REC8",9606,0.505,0,0,0,0.109,0,0,0.467
"9606.ENSP00000264331","9606.ENSP00000298139","TOP2B","WRN",9606,0.532,0.069,0,0,0.103,0.232,0,0.356
"9606.ENSP00000264331","9606.ENSP00000287239","TOP2B","KAT6B",9606,0.558,0,0,0,0.124,0.067,0,0.503
"9606.ENSP00000264331","9606.ENSP00000369695","TOP2B","MLLT3",9606,0.566,0,0,0,0.047,0.07,0,0.549
"9606.ENSP00000264331","9606.ENSP00000357000","TOP2B","USF1",9606,0.579,0,0,0,0,0.292,0,0.431
"9606.ENSP00000264331","9606.ENSP00000303427","TOP2B","PDS5A",9606,0.617,0,0,0,0.359,0.169,0,0.338
"9606.ENSP00000264331","9606.ENSP00000337353","TOP2B","TDP1",9606,0.627,0,0,0,0.056,0.079,0,0.605
"9606.ENSP00000264331","9606.ENSP00000278616","TOP2B","ATM",9606,0.637,0,0,0,0.063,0.317,0,0.478
"9606.ENSP00000264331","9606.ENSP00000296417","TOP2B","H2AZ1",9606,0.665,0,0,0,0.19,0.244,0,0.496
"9606.ENSP00000264377","9606.ENSP00000297273","ADAM23","CASD1",9606,0.454,0,0,0,0.047,0,0,0.45
"9606.ENSP00000264377","9606.ENSP00000497806","ADAM23","DLG4",9606,0.811,0,0,0,0.09,0.091,0.5,0.597
"9606.ENSP00000264377","9606.ENSP00000265727","ADAM23","ADAM22",9606,0.944,0,0,0.056,0.085,0.126,0.4,0.896
"9606.ENSP00000264474","9606.ENSP00000370115","CSTA","SERPINB1",9606,0.445,0,0,0,0.126,0,0,0.391
"9606.ENSP00000264474","9606.ENSP00000357721","CSTA","S100A8",9606,0.641,0,0,0,0.416,0.242,0,0.254
"9606.ENSP00000264474","9606.ENSP00000357727","CSTA","S100A9",9606,0.669,0,0,0,0.422,0.241,0,0.306
"9606.ENSP00000264474","9606.ENSP00000357981","CSTA","CTSS",9606,0.921,0,0,0,0.194,0.044,0,0.906
"9606.ENSP00000264552","9606.ENSP00000364589","UBE2S","CUL4A",9606,0.403,0,0,0,0.049,0.059,0,0.386
"9606.ENSP00000264552","9606.ENSP00000359206","UBE2S","BTRC",9606,0.415,0,0,0,0,0.094,0,0.381
"9606.ENSP00000264552","9606.ENSP00000478887","UBE2S","MYC",9606,0.443,0,0,0,0.072,0.081,0,0.4
"9606.ENSP00000264552","9606.ENSP00000372155","UBE2S","PSME1",9606,0.494,0,0,0,0.071,0,0.4,0.165
"9606.ENSP00000264552","9606.ENSP00000428205","UBE2S","FBXO32",9606,0.512,0,0,0,0.053,0,0,0.506
"9606.ENSP00000264552","9606.ENSP00000396937","UBE2S","PSMD13",9606,0.517,0,0,0,0.08,0.07,0.4,0.17
"9606.ENSP00000264552","9606.ENSP00000363993","UBE2S","PSMB9",9606,0.527,0,0,0,0.088,0,0.4,0.205
"9606.ENSP00000264552","9606.ENSP00000385610","UBE2S","MEX3C",9606,0.536,0,0,0,0,0.073,0,0.521
"9606.ENSP00000264552","9606.ENSP00000351314","UBE2S","PSMB10",9606,0.539,0,0,0,0.063,0.076,0.4,0.218
"9606.ENSP00000264552","9606.ENSP00000280772","UBE2S","ANK3",9606,0.542,0,0,0,0,0.08,0,0.523
"9606.ENSP00000264552","9606.ENSP00000364016","UBE2S","PSMB8",9606,0.546,0,0,0,0.075,0.076,0.4,0.22
"9606.ENSP00000264552","9606.ENSP00000383719","UBE2S","UBE2J2",9606,0.589,0,0,0,0.156,0.098,0,0.504
"9606.ENSP00000264552","9606.ENSP00000295756","UBE2S","TRAT1",9606,0.591,0,0,0,0,0,0,0.591
"9606.ENSP00000264552","9606.ENSP00000357876","UBE2S","PSMD4",9606,0.639,0,0,0,0.064,0.104,0.4,0.368
"9606.ENSP00000264552","9606.ENSP00000346437","UBE2S","ATG7",9606,0.682,0.043,0,0,0.042,0.196,0.5,0.271
"9606.ENSP00000264552","9606.ENSP00000437659","UBE2S","PHC1",9606,0.902,0,0,0,0.058,0.051,0.9,0
"9606.ENSP00000264552","9606.ENSP00000339109","UBE2S","ANAPC1",9606,0.988,0,0,0,0.059,0.865,0.9,0.224
"9606.ENSP00000264638","9606.ENSP00000265727","CNTNAP1","ADAM22",9606,0.41,0,0,0,0.088,0,0,0.379
"9606.ENSP00000264638","9606.ENSP00000497806","CNTNAP1","DLG4",9606,0.468,0,0,0,0.126,0.098,0,0.38
"9606.ENSP00000264638","9606.ENSP00000305288","CNTNAP1","NLGN2",9606,0.473,0,0,0,0.183,0.059,0,0.37
"9606.ENSP00000264638","9606.ENSP00000410059","CNTNAP1","EEF1D",9606,0.506,0,0,0,0.049,0,0,0.502
"9606.ENSP00000264638","9606.ENSP00000280772","CNTNAP1","ANK3",9606,0.558,0,0,0,0.046,0.045,0,0.553
"9606.ENSP00000264638","9606.ENSP00000494277","CNTNAP1","PATJ",9606,0.558,0,0,0,0.056,0.095,0,0.524
"9606.ENSP00000264935","9606.ENSP00000328181","CEP72","NOG",9606,0.465,0,0,0,0.465,0,0,0
"9606.ENSP00000264935","9606.ENSP00000378167","CEP72","CCDC66",9606,0.541,0,0,0,0.042,0,0,0.54
"9606.ENSP00000264935","9606.ENSP00000344314","CEP72","OFD1",9606,0.678,0,0,0,0.05,0.435,0,0.448
"9606.ENSP00000264968","9606.ENSP00000363452","MGAT4A","MAN1C1",9606,0.44,0,0,0,0.1,0,0,0.403
"9606.ENSP00000264968","9606.ENSP00000332073","MGAT4A","MGAT1",9606,0.576,0,0,0,0,0,0,0.576
"9606.ENSP00000264968","9606.ENSP00000338487","MGAT4A","MGAT4B",9606,0.905,0,0,0.059,0,0,0.9,0.073
"9606.ENSP00000265016","9606.ENSP00000367202","BST1","RECK",9606,0.421,0,0,0,0.05,0,0.4,0.067
"9606.ENSP00000265016","9606.ENSP00000468032","BST1","SARM1",9606,0.571,0,0,0,0,0,0,0.571
"9606.ENSP00000265016","9606.ENSP00000326424","BST1","NADSYN1",9606,0.915,0,0,0,0,0,0.9,0.187
"9606.ENSP00000265016","9606.ENSP00000329466","BST1","SIRT7",9606,0.925,0,0,0,0.044,0,0.9,0.288
"9606.ENSP00000265080","9606.ENSP00000363480","RASGRF2","DLG3",9606,0.505,0,0,0,0.073,0.071,0.4,0.154
"9606.ENSP00000265080","9606.ENSP00000310244","RASGRF2","RASGRP1",9606,0.526,0,0,0,0.049,0,0.4,0.236
"9606.ENSP00000265080","9606.ENSP00000497806","RASGRF2","DLG4",9606,0.531,0,0,0,0.098,0.071,0.4,0.177
"9606.ENSP00000265080","9606.ENSP00000385019","RASGRF2","CACNA1I",9606,0.666,0,0,0,0.086,0,0.65,0
"9606.ENSP00000265080","9606.ENSP00000497733","RASGRF2","CDC42",9606,0.836,0,0,0,0,0.387,0.4,0.591
"9606.ENSP00000265080","9606.ENSP00000359719","RASGRF2","PRKACB",9606,0.922,0,0,0,0.06,0.129,0.9,0.161
"9606.ENSP00000265165","9606.ENSP00000323280","LEF1","CD6",9606,0.406,0,0,0,0.266,0,0,0.224
"9606.ENSP00000265165","9606.ENSP00000468720","LEF1","ZNF253",9606,0.409,0,0,0,0.055,0.093,0,0.365
"9606.ENSP00000265165","9606.ENSP00000498227","LEF1","SELL",9606,0.411,0,0,0,0.133,0,0,0.348
"9606.ENSP00000265165","9606.ENSP00000431445","LEF1","CD3G",9606,0.413,0,0,0,0.19,0,0,0.305
"9606.ENSP00000265165","9606.ENSP00000427695","LEF1","TOB1",9606,0.42,0,0,0,0,0.073,0,0.4
"9606.ENSP00000265165","9606.ENSP00000361107","LEF1","BMPR1A",9606,0.422,0,0,0,0.059,0.045,0,0.409
"9606.ENSP00000265165","9606.ENSP00000478721","LEF1","RYK",9606,0.447,0,0,0,0.044,0,0,0.445
"9606.ENSP00000265165","9606.ENSP00000319476","LEF1","ICOS",9606,0.455,0,0,0,0.191,0,0,0.355
"9606.ENSP00000265165","9606.ENSP00000428056","LEF1","PIK3R1",9606,0.46,0,0,0,0.047,0,0,0.457
"9606.ENSP00000265165","9606.ENSP00000332353","LEF1","PTCH1",9606,0.461,0,0,0,0.045,0,0,0.458
"9606.ENSP00000265165","9606.ENSP00000266557","LEF1","CD27",9606,0.468,0,0,0,0.205,0,0,0.358
"9606.ENSP00000265165","9606.ENSP00000368880","LEF1","FOXO1",9606,0.469,0,0,0,0.072,0.098,0,0.417
"9606.ENSP00000265165","9606.ENSP00000398655","LEF1","ITK",9606,0.469,0,0,0,0.284,0.054,0,0.279
"9606.ENSP00000265165","9606.ENSP00000379330","LEF1","NFATC2",9606,0.475,0,0,0,0.129,0.166,0,0.335
"9606.ENSP00000265165","9606.ENSP00000381185","LEF1","BCL2",9606,0.495,0,0,0,0.148,0,0,0.431
"9606.ENSP00000265165","9606.ENSP00000324890","LEF1","CD28",9606,0.506,0,0,0,0.266,0,0,0.354
"9606.ENSP00000265165","9606.ENSP00000342681","LEF1","CD5",9606,0.51,0,0,0,0.257,0,0,0.367
"9606.ENSP00000265165","9606.ENSP00000340896","LEF1","ASH2L",9606,0.514,0,0,0,0,0,0.5,0.069
"9606.ENSP00000265165","9606.ENSP00000296417","LEF1","H2AZ1",9606,0.527,0,0,0,0.049,0,0.5,0.085
"9606.ENSP00000265165","9606.ENSP00000357000","LEF1","USF1",9606,0.548,0,0,0,0,0,0,0.548
"9606.ENSP00000265165","9606.ENSP00000306157","LEF1","IL7R",9606,0.555,0,0,0,0.186,0,0,0.476
"9606.ENSP00000265165","9606.ENSP00000349430","LEF1","H2BC12",9606,0.557,0,0,0,0.048,0,0.5,0.144
"9606.ENSP00000265165","9606.ENSP00000359663","LEF1","CD40LG",9606,0.559,0,0,0,0.187,0,0,0.48
"9606.ENSP00000265165","9606.ENSP00000349723","LEF1","BCL11B",9606,0.573,0,0,0,0.179,0.091,0,0.474
"9606.ENSP00000265165","9606.ENSP00000365380","LEF1","FOXP3",9606,0.605,0,0,0,0.044,0,0,0.604
"9606.ENSP00000265165","9606.ENSP00000477713","LEF1","LCK",9606,0.632,0,0,0,0.186,0.065,0,0.556
"9606.ENSP00000265165","9606.ENSP00000399518","LEF1","SATB1",9606,0.635,0,0,0,0.062,0,0,0.627
"9606.ENSP00000265165","9606.ENSP00000285018","LEF1","WNT7A",9606,0.65,0,0,0,0.05,0.129,0,0.611
"9606.ENSP00000265165","9606.ENSP00000328181","LEF1","NOG",9606,0.67,0,0,0,0.072,0,0,0.66
"9606.ENSP00000265165","9606.ENSP00000451129","LEF1","SNW1",9606,0.698,0,0,0,0,0,0.5,0.422
"9606.ENSP00000265165","9606.ENSP00000359206","LEF1","BTRC",9606,0.744,0,0,0,0,0.071,0.5,0.494
"9606.ENSP00000265165","9606.ENSP00000376436","LEF1","ETS1",9606,0.75,0,0,0,0.19,0,0,0.704
"9606.ENSP00000265165","9606.ENSP00000344544","LEF1","IKZF3",9606,0.786,0,0,0,0.117,0.093,0,0.755
"9606.ENSP00000265165","9606.ENSP00000335320","LEF1","BCL9L",9606,0.805,0,0,0,0.044,0,0.54,0.593
"9606.ENSP00000265165","9606.ENSP00000466542","LEF1","TLE2",9606,0.805,0,0,0,0.045,0.474,0.5,0.316
"9606.ENSP00000265165","9606.ENSP00000340347","LEF1","TCF7",9606,0.851,0,0,0,0.284,0.095,0.54,0.56
"9606.ENSP00000265165","9606.ENSP00000478887","LEF1","MYC",9606,0.893,0,0,0,0.076,0,0.5,0.787
"9606.ENSP00000265165","9606.ENSP00000302625","LEF1","AXIN2",9606,0.964,0,0,0,0.159,0.106,0.65,0.879
"9606.ENSP00000265165","9606.ENSP00000332973","LEF1","SMAD3",9606,0.978,0,0,0,0.111,0.54,0,0.95
"9606.ENSP00000265727","9606.ENSP00000409964","ADAM22","CFAP97",9606,0.415,0,0,0,0.048,0.045,0,0.408
"9606.ENSP00000265727","9606.ENSP00000265769","ADAM22","ADAM28",9606,0.897,0,0,0,0,0.126,0,0.888
"9606.ENSP00000265727","9606.ENSP00000497806","ADAM22","DLG4",9606,0.997,0,0,0,0.106,0.331,0.8,0.981
"9606.ENSP00000265734","9606.ENSP00000428056","CDK6","PIK3R1",9606,0.435,0,0,0,0.044,0,0,0.434
"9606.ENSP00000265734","9606.ENSP00000307411","CDK6","MLLT10",9606,0.449,0,0,0,0.098,0,0,0.415
"9606.ENSP00000265734","9606.ENSP00000320663","CDK6","EML4",9606,0.45,0,0,0,0.215,0.135,0,0.255
"9606.ENSP00000265734","9606.ENSP00000354916","CDK6","CDC14A",9606,0.452,0,0,0,0.084,0.291,0,0.224
"9606.ENSP00000265734","9606.ENSP00000497733","CDK6","CDC42",9606,0.454,0,0,0,0.084,0.085,0,0.401
"9606.ENSP00000265734","9606.ENSP00000368880","CDK6","FOXO1",9606,0.461,0,0,0,0.049,0.117,0,0.41
"9606.ENSP00000265734","9606.ENSP00000358363","CDK6","PDE4DIP",9606,0.483,0,0,0,0.042,0.108,0,0.444
"9606.ENSP00000265734","9606.ENSP00000302625","CDK6","AXIN2",9606,0.535,0,0,0,0.054,0,0,0.529
"9606.ENSP00000265734","9606.ENSP00000290663","CDK6","MED8",9606,0.54,0,0,0,0,0,0.54,0
"9606.ENSP00000265734","9606.ENSP00000339109","CDK6","ANAPC1",9606,0.546,0,0,0,0.072,0.429,0,0.212
"9606.ENSP00000265734","9606.ENSP00000379144","CDK6","TNRC6A",9606,0.558,0,0,0,0,0,0.5,0.154
"9606.ENSP00000265734","9606.ENSP00000332973","CDK6","SMAD3",9606,0.584,0,0,0,0.067,0,0,0.572
"9606.ENSP00000265734","9606.ENSP00000280772","CDK6","ANK3",9606,0.586,0,0,0,0,0.094,0,0.562
"9606.ENSP00000265734","9606.ENSP00000362948","CDK6","MED18",9606,0.587,0,0,0,0.091,0,0.54,0.091
"9606.ENSP00000265734","9606.ENSP00000336783","CDK6","TNRC6C",9606,0.608,0,0,0,0.139,0.113,0.5,0.096
"9606.ENSP00000265734","9606.ENSP00000369695","CDK6","MLLT3",9606,0.612,0,0,0,0.048,0.166,0,0.551
"9606.ENSP00000265734","9606.ENSP00000278616","CDK6","ATM",9606,0.619,0,0,0,0.047,0.054,0,0.612
"9606.ENSP00000265734","9606.ENSP00000296511","CDK6","ANXA5",9606,0.633,0,0,0,0.104,0,0,0.607
"9606.ENSP00000265734","9606.ENSP00000381185","CDK6","BCL2",9606,0.712,0,0,0,0.049,0.046,0,0.708
"9606.ENSP00000265734","9606.ENSP00000420616","CDK6","TFDP2",9606,0.753,0,0,0,0.07,0.054,0.5,0.506
"9606.ENSP00000265734","9606.ENSP00000478887","CDK6","MYC",9606,0.788,0,0,0,0.097,0.242,0,0.716
"9606.ENSP00000265734","9606.ENSP00000362768","CDK6","RBL1",9606,0.942,0,0,0,0.092,0.248,0.9,0.256
"9606.ENSP00000265769","9606.ENSP00000497806","ADAM28","DLG4",9606,0.595,0,0,0,0.049,0.091,0,0.57
"9606.ENSP00000266037","9606.ENSP00000365643","DOCK3","DOCK9",9606,0.411,0,0,0,0.1,0,0,0.372
"9606.ENSP00000266037","9606.ENSP00000371219","DOCK3","RHOH",9606,0.467,0,0,0,0.086,0.281,0,0.255
"9606.ENSP00000266037","9606.ENSP00000497733","DOCK3","CDC42",9606,0.757,0,0,0,0.098,0.284,0.4,0.447
"9606.ENSP00000266070","9606.ENSP00000436786","DIDO1","KMT2A",9606,0.427,0,0,0,0.121,0.292,0,0.154
"9606.ENSP00000266070","9606.ENSP00000478887","DIDO1","MYC",9606,0.442,0,0,0,0.047,0.128,0,0.383
"9606.ENSP00000266070","9606.ENSP00000267415","DIDO1","TINF2",9606,0.501,0,0,0,0.044,0,0.5,0
"9606.ENSP00000266070","9606.ENSP00000482546","DIDO1","REC8",9606,0.517,0,0,0,0.044,0,0.5,0.071
"9606.ENSP00000266070","9606.ENSP00000349430","DIDO1","H2BC12",9606,0.536,0,0,0,0.055,0.097,0.5,0
"9606.ENSP00000266070","9606.ENSP00000356224","DIDO1","SYNE1",9606,0.546,0,0,0,0.049,0,0.5,0.122
"9606.ENSP00000266070","9606.ENSP00000296417","DIDO1","H2AZ1",9606,0.603,0,0,0,0,0.14,0.5,0.151
"9606.ENSP00000266070","9606.ENSP00000296490","DIDO1","WDR82",9606,0.729,0,0,0,0.133,0.551,0,0.36
"9606.ENSP00000266070","9606.ENSP00000340896","DIDO1","ASH2L",9606,0.9,0,0,0,0.142,0.837,0,0.348
"9606.ENSP00000266557","9606.ENSP00000470788","CD27","IL12RB1",9606,0.402,0,0,0,0.097,0,0,0.365
"9606.ENSP00000266557","9606.ENSP00000365596","CD27","GPR183",9606,0.406,0,0,0,0.22,0,0,0.27
"9606.ENSP00000266557","9606.ENSP00000295756","CD27","TRAT1",9606,0.406,0,0,0,0.342,0,0,0.135
"9606.ENSP00000266557","9606.ENSP00000402758","CD27","PMEL",9606,0.412,0,0,0,0,0,0,0.412
"9606.ENSP00000266557","9606.ENSP00000317327","CD27","UBASH3A",9606,0.424,0,0,0,0.274,0,0,0.239
"9606.ENSP00000266557","9606.ENSP00000399168","CD27","HLA-B",9606,0.435,0,0,0,0.127,0,0,0.38
"9606.ENSP00000266557","9606.ENSP00000357169","CD27","FCRL3",9606,0.445,0,0,0,0.208,0,0,0.328
"9606.ENSP00000266557","9606.ENSP00000296511","CD27","ANXA5",9606,0.453,0,0,0,0,0,0,0.453
"9606.ENSP00000266557","9606.ENSP00000305416","CD27","S1PR1",9606,0.459,0,0,0,0.177,0,0,0.37
"9606.ENSP00000266557","9606.ENSP00000332659","CD27","CCR4",9606,0.463,0,0,0,0.125,0,0,0.412
"9606.ENSP00000266557","9606.ENSP00000325917","CD27","PCSK7",9606,0.47,0,0,0,0.082,0,0,0.447
"9606.ENSP00000266557","9606.ENSP00000351255","CD27","STAT4",9606,0.476,0,0,0,0.169,0,0,0.395
"9606.ENSP00000266557","9606.ENSP00000365817","CD27","HLA-E",9606,0.489,0,0,0,0.115,0,0,0.447
"9606.ENSP00000266557","9606.ENSP00000483570","CD27","BTK",9606,0.501,0,0,0,0.135,0,0,0.447
"9606.ENSP00000266557","9606.ENSP00000330825","CD27","IFITM1",9606,0.504,0,0,0,0.068,0,0,0.49
"9606.ENSP00000266557","9606.ENSP00000283285","CD27","CD96",9606,0.507,0,0,0,0.188,0,0,0.418
"9606.ENSP00000266557","9606.ENSP00000381185","CD27","BCL2",9606,0.515,0,0,0,0.107,0,0,0.479
"9606.ENSP00000266557","9606.ENSP00000305529","CD27","SIRPG",9606,0.523,0,0,0,0.4,0,0,0.239
"9606.ENSP00000266557","9606.ENSP00000329127","CD27","PRKCH",9606,0.544,0,0,0,0.12,0,0,0.504
"9606.ENSP00000266557","9606.ENSP00000379873","CD27","HLA-A",9606,0.555,0,0,0,0.097,0,0,0.528
"9606.ENSP00000266557","9606.ENSP00000357036","CD27","SLAMF6",9606,0.565,0,0,0,0.267,0,0,0.431
"9606.ENSP00000266557","9606.ENSP00000340347","CD27","TCF7",9606,0.588,0,0,0,0.199,0,0,0.507
"9606.ENSP00000266557","9606.ENSP00000438406","CD27","SLAMF1",9606,0.591,0,0,0,0.253,0,0,0.475
"9606.ENSP00000266557","9606.ENSP00000329932","CD27","LGALS9C",9606,0.609,0,0,0,0.067,0,0,0.598
"9606.ENSP00000266557","9606.ENSP00000311035","CD27","CD200R1",9606,0.616,0,0,0,0.076,0,0,0.602
"9606.ENSP00000266557","9606.ENSP00000362994","CD27","TRAF1",9606,0.622,0,0,0,0.143,0.314,0,0.408
"9606.ENSP00000266557","9606.ENSP00000398655","CD27","ITK",9606,0.624,0,0,0,0.307,0,0,0.48
"9606.ENSP00000266557","9606.ENSP00000367013","CD27","TNFRSF25",9606,0.627,0,0,0,0.108,0,0,0.6
"9606.ENSP00000266557","9606.ENSP00000323280","CD27","CD6",9606,0.65,0,0,0,0.439,0,0,0.4
"9606.ENSP00000266557","9606.ENSP00000431445","CD27","CD3G",9606,0.66,0,0,0,0.311,0,0,0.527
"9606.ENSP00000266557","9606.ENSP00000378856","CD27","LGALS9",9606,0.683,0,0,0,0.118,0,0,0.655
"9606.ENSP00000266557","9606.ENSP00000338010","CD27","IL21R",9606,0.732,0,0,0,0.203,0,0,0.678
"9606.ENSP00000266557","9606.ENSP00000365380","CD27","FOXP3",9606,0.746,0,0,0,0.084,0,0,0.734
"9606.ENSP00000266557","9606.ENSP00000347948","CD27","TNFRSF14",9606,0.77,0,0,0,0.153,0,0,0.739
"9606.ENSP00000266557","9606.ENSP00000477713","CD27","LCK",9606,0.81,0,0,0,0.494,0,0,0.64
"9606.ENSP00000266557","9606.ENSP00000498227","CD27","SELL",9606,0.828,0,0,0,0.188,0,0,0.796
"9606.ENSP00000266557","9606.ENSP00000319476","CD27","ICOS",9606,0.833,0,0,0,0.28,0,0,0.777
"9606.ENSP00000266557","9606.ENSP00000306157","CD27","IL7R",9606,0.854,0,0,0,0.261,0,0,0.81
"9606.ENSP00000266557","9606.ENSP00000324890","CD27","CD28",9606,0.898,0,0,0,0.21,0,0,0.876
"9606.ENSP00000266557","9606.ENSP00000342681","CD27","CD5",9606,0.908,0,0,0,0.376,0,0,0.86
"9606.ENSP00000266557","9606.ENSP00000359663","CD27","CD40LG",9606,0.934,0,0,0,0.221,0,0,0.919
"9606.ENSP00000266581","9606.ENSP00000353646","AMIGO2","PLEKHG4",9606,0.4,0,0,0,0,0,0.4,0
"9606.ENSP00000266581","9606.ENSP00000340688","AMIGO2","ADGRL1",9606,0.514,0,0,0,0,0.514,0,0
"9606.ENSP00000266679","9606.ENSP00000451129","CPSF6","SNW1",9606,0.405,0,0,0,0.199,0.241,0,0.1
"9606.ENSP00000266679","9606.ENSP00000336783","CPSF6","TNRC6C",9606,0.44,0,0,0,0.067,0,0,0.424
"9606.ENSP00000266679","9606.ENSP00000307411","CPSF6","MLLT10",9606,0.446,0,0,0,0.067,0,0,0.431
"9606.ENSP00000266679","9606.ENSP00000362592","CPSF6","RBBP4",9606,0.448,0,0,0,0.442,0,0,0.051
"9606.ENSP00000266679","9606.ENSP00000353401","CPSF6","CUX1",9606,0.455,0,0,0,0.055,0,0.4,0.116
"9606.ENSP00000266679","9606.ENSP00000296490","CPSF6","WDR82",9606,0.459,0,0,0,0.342,0.186,0,0.072
"9606.ENSP00000266679","9606.ENSP00000377681","CPSF6","G3BP1",9606,0.473,0,0,0,0.146,0.292,0,0.198
"9606.ENSP00000266679","9606.ENSP00000303427","CPSF6","PDS5A",9606,0.477,0,0,0,0.477,0,0,0
"9606.ENSP00000266679","9606.ENSP00000296702","CPSF6","TCERG1",9606,0.485,0,0,0,0.302,0.242,0,0.104
"9606.ENSP00000266679","9606.ENSP00000428056","CPSF6","PIK3R1",9606,0.5,0,0,0,0.042,0,0.5,0
"9606.ENSP00000266679","9606.ENSP00000298717","CPSF6","METTL3",9606,0.509,0,0,0,0.061,0.19,0,0.406
"9606.ENSP00000266679","9606.ENSP00000367721","CPSF6","NUP160",9606,0.531,0,0,0,0.338,0,0,0.321
"9606.ENSP00000266679","9606.ENSP00000363228","CPSF6","RBM12",9606,0.539,0,0,0,0.43,0,0,0.225
"9606.ENSP00000266679","9606.ENSP00000370114","CPSF6","PSIP1",9606,0.67,0,0,0,0.074,0,0,0.658
"9606.ENSP00000266679","9606.ENSP00000451291","CPSF6","HNRNPC",9606,0.735,0,0,0,0.516,0.165,0,0.397
"9606.ENSP00000266679","9606.ENSP00000295899","CPSF6","THOC7",9606,0.771,0,0,0,0.063,0.186,0.5,0.471
"9606.ENSP00000266679","9606.ENSP00000284995","CPSF6","TSEN2",9606,0.807,0,0,0,0.056,0,0,0.804
"9606.ENSP00000266679","9606.ENSP00000291552","CPSF6","U2AF1",9606,0.871,0,0,0,0.674,0,0.5,0.275
"9606.ENSP00000267415","9606.ENSP00000301732","TINF2","ABCA3",9606,0.402,0,0,0,0,0.074,0,0.381
"9606.ENSP00000267415","9606.ENSP00000311368","TINF2","POLD4",9606,0.513,0,0,0,0.066,0,0.5,0
"9606.ENSP00000267415","9606.ENSP00000349430","TINF2","H2BC12",9606,0.541,0,0,0,0.063,0.099,0.5,0
"9606.ENSP00000267415","9606.ENSP00000296417","TINF2","H2AZ1",9606,0.559,0,0,0,0.067,0.1,0.5,0.073
"9606.ENSP00000267415","9606.ENSP00000278616","TINF2","ATM",9606,0.608,0,0,0,0,0,0,0.608
"9606.ENSP00000267415","9606.ENSP00000482546","TINF2","REC8",9606,0.64,0,0,0.202,0.081,0.125,0.5,0.053
"9606.ENSP00000267415","9606.ENSP00000298139","TINF2","WRN",9606,0.923,0,0,0,0,0.422,0.4,0.798
"9606.ENSP00000267415","9606.ENSP00000498499","TINF2","CTC1",9606,0.972,0,0,0,0.054,0.045,0.72,0.904
"9606.ENSP00000268150","9606.ENSP00000355180","MFGE8","COL6A1",9606,0.442,0,0,0,0.147,0.045,0,0.37
"9606.ENSP00000268150","9606.ENSP00000363827","MFGE8","HSPG2",9606,0.575,0,0,0,0.109,0,0.5,0.123
"9606.ENSP00000268150","9606.ENSP00000296511","MFGE8","ANXA5",9606,0.672,0,0,0,0.089,0,0,0.655
"9606.ENSP00000268383","9606.ENSP00000430269","CDR2","EPHX2",9606,0.426,0,0,0,0,0,0,0.427
"9606.ENSP00000268383","9606.ENSP00000379873","CDR2","HLA-A",9606,0.43,0,0,0,0,0,0,0.43
"9606.ENSP00000268383","9606.ENSP00000359663","CDR2","CD40LG",9606,0.491,0,0,0,0,0,0,0.492
"9606.ENSP00000268383","9606.ENSP00000478887","CDR2","MYC",9606,0.872,0,0,0,0,0.516,0,0.748
"9606.ENSP00000268616","9606.ENSP00000348215","ZCCHC14","SH3PXD2A",9606,0.4,0,0,0,0.12,0.07,0,0.326
"9606.ENSP00000268616","9606.ENSP00000354964","ZCCHC14","ZNF318",9606,0.415,0,0,0,0.108,0.112,0,0.321
"9606.ENSP00000268616","9606.ENSP00000488642","ZCCHC14","TENT4A",9606,0.77,0,0,0,0.167,0.289,0,0.642
"9606.ENSP00000269187","9606.ENSP00000363809","SLC39A6","SLC39A7",9606,0.446,0,0,0.164,0,0.071,0,0.343
"9606.ENSP00000269187","9606.ENSP00000357612","SLC39A6","SLC39A1",9606,0.817,0,0,0,0.093,0.095,0,0.795
"9606.ENSP00000269228","9606.ENSP00000378394","NPC1","PSAP",9606,0.488,0,0,0,0.083,0,0,0.465
"9606.ENSP00000269228","9606.ENSP00000327048","NPC1","MAF",9606,0.521,0,0,0,0.049,0,0,0.517
"9606.ENSP00000269228","9606.ENSP00000413575","NPC1","CROT",9606,0.579,0,0,0,0.064,0,0,0.569
"9606.ENSP00000269228","9606.ENSP00000418823","NPC1","FTO",9606,0.628,0,0,0,0.042,0,0,0.628
"9606.ENSP00000269228","9606.ENSP00000357981","NPC1","CTSS",9606,0.632,0,0,0,0.068,0,0,0.621
"9606.ENSP00000269228","9606.ENSP00000452762","NPC1","ETFA",9606,0.786,0,0,0,0.049,0,0,0.785
"9606.ENSP00000269228","9606.ENSP00000451206","NPC1","NPC2",9606,0.999,0,0,0,0.066,0.959,0.9,0.997
"9606.ENSP00000269289","9606.ENSP00000269389","ZMYND15","SECTM1",9606,0.4,0,0,0,0.146,0,0,0.327
"9606.ENSP00000269289","9606.ENSP00000357440","ZMYND15","HSF2",9606,0.483,0,0,0,0,0.052,0,0.478
"9606.ENSP00000269289","9606.ENSP00000462980","ZMYND15","TAF4B",9606,0.638,0,0,0,0,0.055,0,0.633
"9606.ENSP00000269299","9606.ENSP00000296511","ASGR1","ANXA5",9606,0.535,0,0,0,0,0.059,0,0.527
"9606.ENSP00000269299","9606.ENSP00000452037","ASGR1","DNAL1",9606,0.615,0,0,0,0,0.045,0,0.614
"9606.ENSP00000269299","9606.ENSP00000347140","ASGR1","ASGR2",9606,0.992,0,0,0.058,0.555,0,0.9,0.847
"9606.ENSP00000269844","9606.ENSP00000378167","PRDM15","CCDC66",9606,0.407,0,0,0,0.049,0,0,0.402
"9606.ENSP00000269844","9606.ENSP00000385727","PRDM15","MAST4",9606,0.424,0,0,0,0,0.043,0,0.423
"9606.ENSP00000269844","9606.ENSP00000304360","PRDM15","SMYD4",9606,0.647,0,0,0,0.349,0.095,0,0.45
"9606.ENSP00000271332","9606.ENSP00000352882","CELSR2","PLXNA4",9606,0.434,0,0,0,0.131,0,0,0.376
"9606.ENSP00000271332","9606.ENSP00000358696","CELSR2","PLXNA3",9606,0.439,0,0,0,0.113,0,0,0.393
"9606.ENSP00000271332","9606.ENSP00000478721","CELSR2","RYK",9606,0.509,0,0,0,0.063,0.088,0,0.472
"9606.ENSP00000271373","9606.ENSP00000280346","MPC2","DLAT",9606,0.436,0,0,0,0.12,0,0,0.385
"9606.ENSP00000271373","9606.ENSP00000364649","MPC2","SDHB",9606,0.445,0,0,0,0.3,0.078,0,0.208
"9606.ENSP00000271373","9606.ENSP00000369176","MPC2","NDUFB6",9606,0.494,0,0,0,0.46,0,0,0.101
"9606.ENSP00000271843","9606.ENSP00000497733","JTB","CDC42",9606,0.507,0,0,0,0,0,0,0.507
"9606.ENSP00000271857","9606.ENSP00000464814","SLC27A3","COASY",9606,0.406,0,0,0,0.06,0,0,0.394
"9606.ENSP00000272647","9606.ENSP00000497280","AMMECR1L","AGK",9606,0.409,0,0,0,0,0,0,0.409
"9606.ENSP00000272647","9606.ENSP00000354573","AMMECR1L","MACF1",9606,0.482,0,0,0,0,0.482,0,0
"9606.ENSP00000272928","9606.ENSP00000332973","ACKR3","SMAD3",9606,0.419,0,0,0,0.056,0,0,0.41
"9606.ENSP00000272928","9606.ENSP00000306157","ACKR3","IL7R",9606,0.432,0,0,0,0.048,0,0,0.428
"9606.ENSP00000272928","9606.ENSP00000332659","ACKR3","CCR4",9606,0.502,0,0,0,0,0,0.5,0.046
"9606.ENSP00000272928","9606.ENSP00000354416","ACKR3","CCL28",9606,0.52,0,0,0,0,0,0.5,0.079
"9606.ENSP00000272928","9606.ENSP00000409581","ACKR3","ARRB1",9606,0.883,0,0,0,0,0.491,0,0.78
"9606.ENSP00000273261","9606.ENSP00000302625","LRIG1","AXIN2",9606,0.467,0,0,0,0.075,0,0,0.447
"9606.ENSP00000273261","9606.ENSP00000418582","LRIG1","FHIT",9606,0.479,0,0,0,0.044,0,0,0.477
"9606.ENSP00000273261","9606.ENSP00000478887","LRIG1","MYC",9606,0.501,0,0,0,0.05,0,0,0.497
"9606.ENSP00000273261","9606.ENSP00000340688","LRIG1","ADGRL1",9606,0.515,0,0,0,0.044,0.514,0,0
"9606.ENSP00000273261","9606.ENSP00000361107","LRIG1","BMPR1A",9606,0.654,0,0,0,0.1,0.1,0,0.607
"9606.ENSP00000273261","9606.ENSP00000355396","LRIG1","LRIG2",9606,0.76,0,0,0.079,0.042,0.729,0,0.113
"9606.ENSP00000273541","9606.ENSP00000482546","ISY1","REC8",9606,0.42,0,0,0,0,0.42,0,0
"9606.ENSP00000273541","9606.ENSP00000448073","ISY1","PRPF40B",9606,0.422,0,0,0,0.081,0.306,0,0.167
"9606.ENSP00000273541","9606.ENSP00000274712","ISY1","ZMAT2",9606,0.46,0,0,0,0.138,0,0.4,0
"9606.ENSP00000273541","9606.ENSP00000296702","ISY1","TCERG1",9606,0.479,0,0,0,0.049,0,0.4,0.161
"9606.ENSP00000273541","9606.ENSP00000343002","ISY1","B3GLCT",9606,0.528,0,0.528,0,0,0,0,0
"9606.ENSP00000273541","9606.ENSP00000291552","ISY1","U2AF1",9606,0.556,0,0,0,0.056,0,0.5,0.136
"9606.ENSP00000273541","9606.ENSP00000494831","ISY1","SNRPN",9606,0.702,0,0,0,0.109,0.624,0,0.182
"9606.ENSP00000273541","9606.ENSP00000451129","ISY1","SNW1",9606,0.993,0,0,0,0.113,0.957,0.8,0.276
"9606.ENSP00000273541","9606.ENSP00000386023","ISY1","BUD31",9606,0.996,0,0,0,0.176,0.972,0.8,0.347
"9606.ENSP00000274054","9606.ENSP00000298746","NAF1","TRUB1",9606,0.769,0,0,0,0.178,0.64,0,0.284
"9606.ENSP00000274712","9606.ENSP00000481842","ZMAT2","SAP18",9606,0.412,0,0,0,0.175,0,0,0.316
"9606.ENSP00000274712","9606.ENSP00000490767","ZMAT2","ING5",9606,0.446,0,0,0,0.069,0,0,0.429
"9606.ENSP00000274712","9606.ENSP00000319341","ZMAT2","LSM10",9606,0.451,0,0,0,0.066,0.437,0,0
"9606.ENSP00000274712","9606.ENSP00000386023","ZMAT2","BUD31",9606,0.881,0,0,0,0.067,0.8,0.4,0.068
"9606.ENSP00000274712","9606.ENSP00000451129","ZMAT2","SNW1",9606,0.898,0,0,0,0.12,0.806,0.4,0.122
"9606.ENSP00000274712","9606.ENSP00000494831","ZMAT2","SNRPN",9606,0.954,0,0,0,0.087,0.88,0.54,0.204
"9606.ENSP00000274712","9606.ENSP00000296702","ZMAT2","TCERG1",9606,0.993,0,0,0,0.076,0.966,0.8,0
"9606.ENSP00000275015","9606.ENSP00000363993","NFKBIE","PSMB9",9606,0.474,0,0,0,0.1,0.052,0.4,0.095
"9606.ENSP00000275015","9606.ENSP00000372155","NFKBIE","PSME1",9606,0.481,0,0,0,0.058,0,0.4,0.157
"9606.ENSP00000275015","9606.ENSP00000396937","NFKBIE","PSMD13",9606,0.483,0,0,0,0.097,0.123,0.4,0
"9606.ENSP00000275015","9606.ENSP00000357876","NFKBIE","PSMD4",9606,0.484,0,0,0,0.082,0.11,0.4,0.072
"9606.ENSP00000275015","9606.ENSP00000351314","NFKBIE","PSMB10",9606,0.492,0,0,0,0.125,0.086,0.4,0.066
"9606.ENSP00000275015","9606.ENSP00000364016","NFKBIE","PSMB8",9606,0.493,0,0,0,0.082,0.086,0.4,0.112
"9606.ENSP00000275015","9606.ENSP00000362994","NFKBIE","TRAF1",9606,0.585,0,0,0,0.291,0.045,0,0.436
"9606.ENSP00000275015","9606.ENSP00000380150","NFKBIE","CARD11",9606,0.722,0,0,0,0.067,0.098,0.5,0.419
"9606.ENSP00000275015","9606.ENSP00000359206","NFKBIE","BTRC",9606,0.751,0,0,0,0,0.312,0.5,0.334
"9606.ENSP00000275815","9606.ENSP00000494277","EPHA1","PATJ",9606,0.434,0,0,0,0.083,0.094,0,0.374
"9606.ENSP00000275815","9606.ENSP00000361027","EPHA1","AMOT",9606,0.439,0,0,0,0.056,0.084,0,0.404
"9606.ENSP00000275815","9606.ENSP00000377061","EPHA1","PLXNA1",9606,0.44,0,0,0,0.089,0.071,0,0.391
"9606.ENSP00000275815","9606.ENSP00000477713","EPHA1","LCK",9606,0.506,0,0,0.093,0.072,0.044,0,0.459
"9606.ENSP00000275815","9606.ENSP00000280772","EPHA1","ANK3",9606,0.517,0,0,0,0.11,0.095,0,0.448
"9606.ENSP00000275815","9606.ENSP00000298229","EPHA1","INPPL1",9606,0.524,0,0,0,0,0.428,0,0.203
"9606.ENSP00000275815","9606.ENSP00000394794","EPHA1","PTPN13",9606,0.545,0,0,0,0,0.131,0,0.497
"9606.ENSP00000275815","9606.ENSP00000281821","EPHA1","EPHA4",9606,0.691,0,0,0.079,0.043,0.045,0.4,0.483
"9606.ENSP00000275815","9606.ENSP00000435844","EPHA1","MS4A6A",9606,0.713,0,0,0,0,0,0,0.713
"9606.ENSP00000275815","9606.ENSP00000497733","EPHA1","CDC42",9606,0.769,0,0,0,0.074,0.11,0,0.743
"9606.ENSP00000275815","9606.ENSP00000414378","EPHA1","EFNA4",9606,0.998,0,0,0,0.1,0.098,0.65,0.995
"9606.ENSP00000276282","9606.ENSP00000375986","MFHAS1","MAP3K4",9606,0.404,0,0,0,0.047,0,0,0.4
"9606.ENSP00000276282","9606.ENSP00000385808","MFHAS1","KIF3A",9606,0.429,0,0,0,0,0.429,0,0
"9606.ENSP00000276282","9606.ENSP00000336740","MFHAS1","LIMK1",9606,0.433,0,0,0,0.042,0.101,0,0.394
"9606.ENSP00000276282","9606.ENSP00000411152","MFHAS1","ITPKB",9606,0.49,0,0,0,0.074,0,0,0.471
"9606.ENSP00000276282","9606.ENSP00000340688","MFHAS1","ADGRL1",9606,0.522,0,0,0,0.042,0.514,0,0.057
"9606.ENSP00000276282","9606.ENSP00000374183","MFHAS1","CAMSAP1",9606,0.622,0,0,0,0.07,0.61,0,0
"9606.ENSP00000277895","9606.ENSP00000378400","ABLIM1","LIMA1",9606,0.403,0,0,0,0.083,0.207,0,0.246
"9606.ENSP00000277895","9606.ENSP00000494788","ABLIM1","CASK",9606,0.443,0,0,0,0.087,0.415,0,0
"9606.ENSP00000277895","9606.ENSP00000339299","ABLIM1","TRIO",9606,0.575,0,0,0,0.047,0,0.5,0.18
"9606.ENSP00000277895","9606.ENSP00000497733","ABLIM1","CDC42",9606,0.923,0,0,0,0.058,0,0.9,0.253
"9606.ENSP00000278612","9606.ENSP00000296435","NPAT","CAMP",9606,0.476,0,0,0,0.057,0,0,0.468
"9606.ENSP00000278612","9606.ENSP00000346359","NPAT","KIAA0586",9606,0.644,0,0,0,0.631,0.074,0,0.043
"9606.ENSP00000278612","9606.ENSP00000319341","NPAT","LSM10",9606,0.714,0,0,0,0,0,0,0.714
"9606.ENSP00000278612","9606.ENSP00000278616","NPAT","ATM",9606,0.722,0,0,0,0.205,0.071,0,0.654
"9606.ENSP00000278616","9606.ENSP00000332973","ATM","SMAD3",9606,0.4,0,0,0,0.11,0,0,0.353
"9606.ENSP00000278616","9606.ENSP00000285737","ATM","LONP2",9606,0.407,0,0,0,0.095,0,0,0.372
"9606.ENSP00000278616","9606.ENSP00000418582","ATM","FHIT",9606,0.408,0,0,0,0.054,0,0,0.4
"9606.ENSP00000278616","9606.ENSP00000353793","ATM","WDHD1",9606,0.412,0,0,0,0.042,0,0,0.411
"9606.ENSP00000278616","9606.ENSP00000500582","ATM","AKT3",9606,0.424,0,0,0,0.078,0,0,0.401
"9606.ENSP00000278616","9606.ENSP00000342681","ATM","CD5",9606,0.425,0,0,0,0.125,0,0,0.37
"9606.ENSP00000278616","9606.ENSP00000354361","ATM","RFWD3",9606,0.425,0,0,0,0.049,0,0,0.421
"9606.ENSP00000278616","9606.ENSP00000364839","ATM","ASXL1",9606,0.427,0,0,0,0.049,0.071,0,0.403
"9606.ENSP00000278616","9606.ENSP00000375873","ATM","ATG16L1",9606,0.429,0,0,0,0.092,0.292,0,0.183
"9606.ENSP00000278616","9606.ENSP00000346437","ATM","ATG7",9606,0.43,0,0,0,0.042,0,0,0.429
"9606.ENSP00000278616","9606.ENSP00000369716","ATM","CHD3",9606,0.431,0,0,0,0.054,0.053,0,0.416
"9606.ENSP00000278616","9606.ENSP00000361107","ATM","BMPR1A",9606,0.433,0,0,0,0.081,0,0,0.408
"9606.ENSP00000278616","9606.ENSP00000301015","ATM","PIEZO1",9606,0.435,0,0,0,0.056,0.178,0,0.331
"9606.ENSP00000278616","9606.ENSP00000303427","ATM","PDS5A",9606,0.453,0,0,0,0.316,0,0,0.233
"9606.ENSP00000278616","9606.ENSP00000364589","ATM","CUL4A",9606,0.453,0,0,0,0.095,0,0,0.42
"9606.ENSP00000278616","9606.ENSP00000296417","ATM","H2AZ1",9606,0.462,0,0,0,0,0.115,0,0.417
"9606.ENSP00000278616","9606.ENSP00000358120","ATM","PLEKHO1",9606,0.463,0,0,0,0.042,0,0,0.463
"9606.ENSP00000278616","9606.ENSP00000408695","ATM","PRKCA",9606,0.474,0,0,0,0.117,0.225,0,0.293
"9606.ENSP00000278616","9606.ENSP00000299736","ATM","CENPV",9606,0.511,0,0,0,0.042,0,0,0.511
"9606.ENSP00000278616","9606.ENSP00000361310","ATM","POLH",9606,0.536,0,0,0,0.049,0,0.4,0.252
"9606.ENSP00000278616","9606.ENSP00000478187","ATM","CRY2",9606,0.563,0,0,0,0,0,0,0.563
"9606.ENSP00000278616","9606.ENSP00000477213","ATM","APBB1",9606,0.566,0,0,0,0.045,0.053,0.5,0.154
"9606.ENSP00000278616","9606.ENSP00000332353","ATM","PTCH1",9606,0.568,0,0,0,0.06,0.292,0,0.404
"9606.ENSP00000278616","9606.ENSP00000379873","ATM","HLA-A",9606,0.573,0,0,0,0.044,0.488,0,0.199
"9606.ENSP00000278616","9606.ENSP00000311368","ATM","POLD4",9606,0.594,0,0,0,0.044,0,0.4,0.35
"9606.ENSP00000278616","9606.ENSP00000296511","ATM","ANXA5",9606,0.605,0,0,0,0.055,0,0,0.6
"9606.ENSP00000278616","9606.ENSP00000428056","ATM","PIK3R1",9606,0.609,0,0,0,0.062,0,0,0.601
"9606.ENSP00000278616","9606.ENSP00000498499","ATM","CTC1",9606,0.611,0,0,0,0.06,0,0,0.604
"9606.ENSP00000278616","9606.ENSP00000483570","ATM","BTK",9606,0.632,0,0,0,0.105,0,0,0.606
"9606.ENSP00000278616","9606.ENSP00000436786","ATM","KMT2A",9606,0.644,0,0,0,0.132,0.083,0,0.589
"9606.ENSP00000278616","9606.ENSP00000349430","ATM","H2BC12",9606,0.645,0,0,0,0,0,0.5,0.32
"9606.ENSP00000278616","9606.ENSP00000381185","ATM","BCL2",9606,0.712,0,0,0,0.11,0,0,0.69
"9606.ENSP00000278616","9606.ENSP00000368880","ATM","FOXO1",9606,0.751,0,0,0,0.07,0.226,0,0.682
"9606.ENSP00000278616","9606.ENSP00000337353","ATM","TDP1",9606,0.767,0,0,0,0.049,0.423,0,0.61
"9606.ENSP00000278616","9606.ENSP00000322570","ATM","POLE",9606,0.794,0,0,0,0.093,0,0.4,0.653
"9606.ENSP00000278616","9606.ENSP00000342105","ATM","DYRK2",9606,0.869,0,0,0,0.063,0.292,0.75,0.307
"9606.ENSP00000278616","9606.ENSP00000478887","ATM","MYC",9606,0.871,0,0,0,0.06,0.129,0,0.855
"9606.ENSP00000278616","9606.ENSP00000298139","ATM","WRN",9606,0.955,0,0,0,0.144,0.271,0.5,0.873
"9606.ENSP00000278616","9606.ENSP00000384048","ATM","PAXIP1",9606,0.963,0,0,0,0.067,0.309,0.5,0.899
"9606.ENSP00000278616","9606.ENSP00000299575","ATM","ATMIN",9606,0.98,0,0,0,0.042,0.51,0,0.961
"9606.ENSP00000279873","9606.ENSP00000298717","ARID5B","METTL3",9606,0.418,0,0,0,0,0.292,0,0.212
"9606.ENSP00000279873","9606.ENSP00000344544","ARID5B","IKZF3",9606,0.489,0,0,0,0.047,0.066,0,0.472
"9606.ENSP00000279873","9606.ENSP00000418823","ARID5B","FTO",9606,0.501,0,0,0,0.044,0,0,0.5
"9606.ENSP00000279873","9606.ENSP00000362894","ARID5B","RTKN2",9606,0.52,0,0,0,0,0,0,0.52
"9606.ENSP00000279873","9606.ENSP00000296417","ARID5B","H2AZ1",9606,0.664,0,0,0,0,0.642,0,0.098
"9606.ENSP00000280020","9606.ENSP00000482546","KIAA1328","REC8",9606,0.426,0,0,0,0,0,0,0.426
"9606.ENSP00000280020","9606.ENSP00000344314","KIAA1328","OFD1",9606,0.47,0,0,0,0.104,0.422,0,0.06
"9606.ENSP00000280346","9606.ENSP00000437402","DLAT","ENO2",9606,0.409,0.059,0,0,0.22,0,0,0.259
"9606.ENSP00000280346","9606.ENSP00000285968","DLAT","NUP205",9606,0.415,0,0,0,0.146,0,0,0.343
"9606.ENSP00000280346","9606.ENSP00000281182","DLAT","ACAD8",9606,0.421,0,0,0,0.133,0,0.218,0.214
"9606.ENSP00000280346","9606.ENSP00000355536","DLAT","MTR",9606,0.43,0,0,0,0.067,0,0.352,0.133
"9606.ENSP00000280346","9606.ENSP00000357873","DLAT","ACADSB",9606,0.431,0,0,0,0.128,0,0.218,0.232
"9606.ENSP00000280346","9606.ENSP00000406885","DLAT","TMEM41A",9606,0.465,0,0,0,0.049,0,0.285,0.277
"9606.ENSP00000280346","9606.ENSP00000284320","DLAT","TOMM70",9606,0.528,0,0,0,0.497,0.057,0,0.085
"9606.ENSP00000280346","9606.ENSP00000310928","DLAT","PPARD",9606,0.557,0,0,0,0,0,0.5,0.151
"9606.ENSP00000280346","9606.ENSP00000356953","DLAT","SDHC",9606,0.619,0.111,0,0,0.357,0,0,0.387
"9606.ENSP00000280346","9606.ENSP00000452762","DLAT","ETFA",9606,0.625,0,0,0,0.424,0,0,0.375
"9606.ENSP00000280346","9606.ENSP00000356972","DLAT","NDUFS2",9606,0.713,0,0,0,0.346,0.494,0,0.202
"9606.ENSP00000280346","9606.ENSP00000363614","DLAT","HMGCL",9606,0.84,0,0,0,0.054,0,0.8,0.225
"9606.ENSP00000280346","9606.ENSP00000364649","DLAT","SDHB",9606,0.856,0.111,0,0,0.609,0.265,0,0.504
"9606.ENSP00000280346","9606.ENSP00000309548","DLAT","PDP2",9606,0.933,0,0,0,0.11,0.095,0.4,0.878
"9606.ENSP00000280346","9606.ENSP00000419325","DLAT","SUCLG2",9606,0.967,0.079,0.002,0,0.585,0.099,0.864,0.414
"9606.ENSP00000280346","9606.ENSP00000318351","DLAT","BCKDHB",9606,0.968,0.095,0.092,0.267,0.657,0.516,0.633,0.338
"9606.ENSP00000280571","9606.ENSP00000357564","RILPL2","RAB13",9606,0.413,0,0,0,0.062,0.248,0,0.234
"9606.ENSP00000280571","9606.ENSP00000356465","RILPL2","RAB32",9606,0.432,0,0,0,0.072,0,0,0.413
"9606.ENSP00000280571","9606.ENSP00000413156","RILPL2","RAB34",9606,0.437,0,0,0,0.072,0,0,0.418
"9606.ENSP00000280772","9606.ENSP00000293760","ANK3","LEMD2",9606,0.403,0,0,0,0.064,0.098,0,0.349
"9606.ENSP00000280772","9606.ENSP00000301015","ANK3","PIEZO1",9606,0.407,0,0,0,0,0.091,0,0.375
"9606.ENSP00000280772","9606.ENSP00000359719","ANK3","PRKACB",9606,0.412,0,0,0,0.081,0.045,0,0.384
"9606.ENSP00000280772","9606.ENSP00000356224","ANK3","SYNE1",9606,0.416,0,0,0,0.094,0.053,0,0.374
"9606.ENSP00000280772","9606.ENSP00000478887","ANK3","MYC",9606,0.425,0,0,0,0.055,0,0,0.417
"9606.ENSP00000280772","9606.ENSP00000302625","ANK3","AXIN2",9606,0.438,0,0,0,0.042,0.301,0,0.229
"9606.ENSP00000280772","9606.ENSP00000284061","ANK3","DGKE",9606,0.446,0,0,0,0.042,0,0,0.446
"9606.ENSP00000280772","9606.ENSP00000384515","ANK3","PARVB",9606,0.45,0,0,0,0.042,0.091,0,0.419
"9606.ENSP00000280772","9606.ENSP00000396937","ANK3","PSMD13",9606,0.478,0,0,0,0,0.123,0,0.43
"9606.ENSP00000280772","9606.ENSP00000439937","ANK3","HOMER3",9606,0.483,0,0,0,0,0.08,0,0.462
"9606.ENSP00000280772","9606.ENSP00000497733","ANK3","CDC42",9606,0.496,0,0,0,0.046,0.219,0,0.377
"9606.ENSP00000280772","9606.ENSP00000381185","ANK3","BCL2",9606,0.498,0,0,0,0,0.045,0,0.496
"9606.ENSP00000280772","9606.ENSP00000499797","ANK3","CALM2",9606,0.5,0,0,0,0,0.116,0,0.458
"9606.ENSP00000280772","9606.ENSP00000497806","ANK3","DLG4",9606,0.541,0,0,0,0,0.098,0,0.512
"9606.ENSP00000280772","9606.ENSP00000416015","ANK3","MICAL3",9606,0.569,0,0,0,0.061,0.527,0,0.107
"9606.ENSP00000280772","9606.ENSP00000356465","ANK3","RAB32",9606,0.576,0,0,0,0.042,0,0,0.575
"9606.ENSP00000280772","9606.ENSP00000337572","ANK3","DGKH",9606,0.67,0,0,0,0.069,0.045,0,0.658
"9606.ENSP00000280772","9606.ENSP00000396915","ANK3","SCN1B",9606,0.751,0,0,0,0,0.299,0.5,0.347
"9606.ENSP00000280772","9606.ENSP00000455507","ANK3","OBSCN",9606,0.759,0,0,0,0.049,0.079,0,0.747
"9606.ENSP00000280772","9606.ENSP00000363435","ANK3","ITPR3",9606,0.979,0,0,0,0.042,0.085,0.9,0.793
"9606.ENSP00000280886","9606.ENSP00000339109","DIP2C","ANAPC1",9606,0.404,0,0,0,0,0,0,0.404
"9606.ENSP00000280886","9606.ENSP00000452762","DIP2C","ETFA",9606,0.523,0.086,0,0,0.099,0,0.385,0.171
"9606.ENSP00000280886","9606.ENSP00000368079","DIP2C","CYP4V2",9606,0.541,0,0,0,0.06,0.128,0.175,0.401
"9606.ENSP00000280886","9606.ENSP00000285968","DIP2C","NUP205",9606,0.557,0,0,0,0.085,0.468,0,0.164
"9606.ENSP00000281182","9606.ENSP00000498260","ACAD8","ACSL6",9606,0.412,0.05,0,0,0.14,0.071,0.189,0.192
"9606.ENSP00000281182","9606.ENSP00000430269","ACAD8","EPHX2",9606,0.454,0,0,0,0.106,0.215,0.179,0.164
"9606.ENSP00000281182","9606.ENSP00000360577","ACAD8","ECHDC2",9606,0.555,0.046,0,0,0.3,0.091,0.185,0.238
"9606.ENSP00000281182","9606.ENSP00000363614","ACAD8","HMGCL",9606,0.597,0.057,0,0,0.141,0,0,0.542
"9606.ENSP00000281182","9606.ENSP00000318351","ACAD8","BCKDHB",9606,0.668,0.049,0,0,0.192,0.053,0.265,0.475
"9606.ENSP00000281182","9606.ENSP00000452762","ACAD8","ETFA",9606,0.902,0.07,0.03,0,0.6,0.445,0.233,0.478
"9606.ENSP00000281182","9606.ENSP00000357873","ACAD8","ACADSB",9606,0.955,0,0,0.115,0.259,0.248,0.9,0.23
"9606.ENSP00000281821","9606.ENSP00000341198","EPHA4","NEO1",9606,0.411,0,0,0,0.1,0.091,0,0.338
"9606.ENSP00000281821","9606.ENSP00000398655","EPHA4","ITK",9606,0.413,0,0,0,0.054,0.071,0,0.386
"9606.ENSP00000281821","9606.ENSP00000497733","EPHA4","CDC42",9606,0.478,0,0,0,0.074,0.11,0,0.418
"9606.ENSP00000281821","9606.ENSP00000394794","EPHA4","PTPN13",9606,0.636,0,0,0,0.082,0.204,0,0.542
"9606.ENSP00000281821","9606.ENSP00000430269","EPHA4","EPHX2",9606,0.65,0,0,0,0.074,0,0,0.637
"9606.ENSP00000281821","9606.ENSP00000497406","EPHA4","SETBP1",9606,0.688,0,0,0,0.066,0.077,0,0.667
"9606.ENSP00000281821","9606.ENSP00000414378","EPHA4","EFNA4",9606,0.999,0,0,0,0.087,0.456,0.65,0.999
"9606.ENSP00000282308","9606.ENSP00000325018","ZNF256","ZNF569",9606,0.408,0,0,0.078,0.377,0,0,0.052
"9606.ENSP00000282308","9606.ENSP00000472867","ZNF256","ZIK1",9606,0.446,0,0,0.068,0.418,0,0,0.06
"9606.ENSP00000282356","9606.ENSP00000499797","CAMK4","CALM2",9606,0.428,0,0,0,0.067,0.246,0,0.252
"9606.ENSP00000282356","9606.ENSP00000497806","CAMK4","DLG4",9606,0.459,0,0,0,0.087,0.083,0,0.405
"9606.ENSP00000282356","9606.ENSP00000363435","CAMK4","ITPR3",9606,0.468,0,0,0,0,0,0,0.468
"9606.ENSP00000282356","9606.ENSP00000495631","CAMK4","ARHGEF7",9606,0.643,0,0,0,0.042,0.606,0,0.132
"9606.ENSP00000282541","9606.ENSP00000418001","GPD1L","GK5",9606,0.401,0.053,0,0,0.042,0.065,0.274,0.178
"9606.ENSP00000282541","9606.ENSP00000337572","GPD1L","DGKH",9606,0.605,0,0,0,0,0,0.6,0.053
"9606.ENSP00000282541","9606.ENSP00000377703","GPD1L","DGKA",9606,0.609,0,0,0,0.042,0,0.6,0.063
"9606.ENSP00000282541","9606.ENSP00000284061","GPD1L","DGKE",9606,0.611,0,0,0,0.054,0,0.6,0.056
"9606.ENSP00000282541","9606.ENSP00000360761","GPD1L","AGPAT2",9606,0.869,0.057,0,0,0,0,0.844,0.184
"9606.ENSP00000282541","9606.ENSP00000396915","GPD1L","SCN1B",9606,0.896,0,0,0,0.063,0,0,0.894
"9606.ENSP00000283285","9606.ENSP00000305529","CD96","SIRPG",9606,0.401,0,0,0,0.258,0,0,0.225
"9606.ENSP00000283285","9606.ENSP00000306157","CD96","IL7R",9606,0.412,0,0,0,0.253,0,0,0.246
"9606.ENSP00000283285","9606.ENSP00000308479","CD96","GPR171",9606,0.445,0,0,0,0.418,0,0,0.085
"9606.ENSP00000283285","9606.ENSP00000342681","CD96","CD5",9606,0.463,0,0,0,0.318,0,0,0.244
"9606.ENSP00000283285","9606.ENSP00000305416","CD96","S1PR1",9606,0.471,0,0,0,0.059,0,0,0.46
"9606.ENSP00000283285","9606.ENSP00000477713","CD96","LCK",9606,0.491,0,0,0,0.332,0,0,0.269
"9606.ENSP00000283285","9606.ENSP00000378856","CD96","LGALS9",9606,0.491,0,0,0,0.064,0,0,0.479
"9606.ENSP00000283285","9606.ENSP00000353259","CD96","CD300A",9606,0.52,0,0,0,0.086,0,0,0.497
"9606.ENSP00000283285","9606.ENSP00000365817","CD96","HLA-E",9606,0.52,0,0,0,0.068,0,0,0.507
"9606.ENSP00000283285","9606.ENSP00000295756","CD96","TRAT1",9606,0.55,0,0,0,0.477,0,0,0.174
"9606.ENSP00000283285","9606.ENSP00000323280","CD96","CD6",9606,0.582,0,0,0,0.431,0,0,0.296
"9606.ENSP00000283285","9606.ENSP00000431445","CD96","CD3G",9606,0.608,0,0,0,0.517,0,0,0.223
"9606.ENSP00000283285","9606.ENSP00000324890","CD96","CD28",9606,0.64,0,0,0,0.304,0,0,0.505
"9606.ENSP00000283285","9606.ENSP00000319476","CD96","ICOS",9606,0.661,0,0,0,0.475,0,0,0.38
"9606.ENSP00000283285","9606.ENSP00000357036","CD96","SLAMF6",9606,0.672,0,0,0.274,0.268,0,0,0.432
"9606.ENSP00000283285","9606.ENSP00000398655","CD96","ITK",9606,0.725,0,0,0,0.657,0,0,0.23
"9606.ENSP00000283629","9606.ENSP00000394791","UBP1","SENP1",9606,0.401,0,0,0,0.074,0,0,0.379
"9606.ENSP00000283629","9606.ENSP00000437659","UBP1","PHC1",9606,0.539,0,0,0,0.116,0.06,0,0.49
"9606.ENSP00000283629","9606.ENSP00000477213","UBP1","APBB1",9606,0.554,0,0,0,0,0.044,0,0.553
"9606.ENSP00000284061","9606.ENSP00000348170","DGKE","HP",9606,0.418,0,0,0,0,0,0,0.419
"9606.ENSP00000284061","9606.ENSP00000410042","DGKE","BRD1",9606,0.428,0,0,0,0.054,0.421,0,0
"9606.ENSP00000284061","9606.ENSP00000408695","DGKE","PRKCA",9606,0.484,0,0,0,0.074,0,0,0.465
"9606.ENSP00000284061","9606.ENSP00000409581","DGKE","ARRB1",9606,0.531,0,0,0,0.049,0,0,0.527
"9606.ENSP00000284061","9606.ENSP00000310244","DGKE","RASGRP1",9606,0.539,0,0,0,0.102,0,0,0.508
"9606.ENSP00000284061","9606.ENSP00000360761","DGKE","AGPAT2",9606,0.729,0,0,0,0,0,0.65,0.259
"9606.ENSP00000284061","9606.ENSP00000360431","DGKE","PLCE1",9606,0.77,0,0,0,0,0,0.65,0.371
"9606.ENSP00000284073","9606.ENSP00000377681","MSI2","G3BP1",9606,0.401,0,0,0,0.113,0.292,0,0.123
"9606.ENSP00000284073","9606.ENSP00000285243","MSI2","ANKRD40",9606,0.437,0,0,0,0.053,0.43,0,0
"9606.ENSP00000284073","9606.ENSP00000307411","MSI2","MLLT10",9606,0.472,0,0,0,0.049,0,0,0.468
"9606.ENSP00000284073","9606.ENSP00000407182","MSI2","TNPO2",9606,0.541,0,0,0,0.071,0.487,0,0.115
"9606.ENSP00000284073","9606.ENSP00000478887","MSI2","MYC",9606,0.578,0,0,0,0,0,0,0.578
"9606.ENSP00000284311","9606.ENSP00000397312","GPR15","LRRN3",9606,0.571,0,0,0,0.042,0,0,0.571
"9606.ENSP00000284311","9606.ENSP00000377735","GPR15","CLDND1",9606,0.573,0,0,0,0,0,0,0.573
"9606.ENSP00000284311","9606.ENSP00000417192","GPR15","ZNF80",9606,0.603,0,0,0,0.049,0,0,0.6
"9606.ENSP00000284320","9606.ENSP00000355574","TOMM70","COA6",9606,0.428,0,0,0,0.118,0,0,0.378
"9606.ENSP00000284320","9606.ENSP00000299575","TOMM70","ATMIN",9606,0.457,0,0,0,0.458,0,0,0
"9606.ENSP00000284320","9606.ENSP00000316905","TOMM70","SFXN1",9606,0.49,0,0,0,0.066,0.471,0,0.051
"9606.ENSP00000284320","9606.ENSP00000309198","TOMM70","UBE3C",9606,0.535,0,0,0,0.535,0,0,0
"9606.ENSP00000284320","9606.ENSP00000366800","TOMM70","DNAJC11",9606,0.81,0,0,0,0.118,0.061,0.72,0.28
"9606.ENSP00000284320","9606.ENSP00000363435","TOMM70","ITPR3",9606,0.946,0,0,0,0.042,0,0,0.946
"9606.ENSP00000284818","9606.ENSP00000357981","LY96","CTSS",9606,0.41,0,0,0,0.268,0,0,0.228
"9606.ENSP00000284818","9606.ENSP00000296435","LY96","CAMP",9606,0.411,0,0,0,0.133,0,0,0.349
"9606.ENSP00000284818","9606.ENSP00000479664","LY96","AOAH",9606,0.423,0,0,0,0.085,0,0,0.396
"9606.ENSP00000284818","9606.ENSP00000356058","LY96","FCMR",9606,0.439,0,0,0.42,0.072,0,0,0
"9606.ENSP00000284818","9606.ENSP00000483570","LY96","BTK",9606,0.558,0,0,0,0.18,0,0,0.483
"9606.ENSP00000284818","9606.ENSP00000468032","LY96","SARM1",9606,0.696,0,0,0,0,0,0.5,0.417
"9606.ENSP00000284818","9606.ENSP00000357721","LY96","S100A8",9606,0.814,0,0,0,0.193,0,0.5,0.577
"9606.ENSP00000284818","9606.ENSP00000357727","LY96","S100A9",9606,0.85,0,0,0,0.19,0,0.5,0.66
"9606.ENSP00000284818","9606.ENSP00000361207","LY96","GHITM",9606,0.91,0,0,0,0.042,0,0,0.91
"9606.ENSP00000284818","9606.ENSP00000385519","LY96","CD14",9606,0.977,0,0,0,0.202,0,0.9,0.743
"9606.ENSP00000285018","9606.ENSP00000332973","WNT7A","SMAD3",9606,0.421,0,0,0.21,0.047,0.052,0,0.285
"9606.ENSP00000285018","9606.ENSP00000340347","WNT7A","TCF7",9606,0.472,0,0,0,0.06,0.129,0,0.407
"9606.ENSP00000285018","9606.ENSP00000367202","WNT7A","RECK",9606,0.546,0,0,0,0,0,0,0.546
"9606.ENSP00000285018","9606.ENSP00000302625","WNT7A","AXIN2",9606,0.644,0,0,0,0.071,0.092,0,0.612
"9606.ENSP00000285018","9606.ENSP00000328251","WNT7A","RIOX2",9606,0.67,0,0,0,0,0,0,0.67
"9606.ENSP00000285018","9606.ENSP00000478721","WNT7A","RYK",9606,0.966,0,0,0,0.048,0.226,0,0.958
"9606.ENSP00000285737","9606.ENSP00000364589","LONP2","CUL4A",9606,0.457,0,0,0,0.088,0,0,0.429
"9606.ENSP00000285737","9606.ENSP00000329558","LONP2","GRPEL2",9606,0.712,0.1,0,0,0.592,0,0,0.281
"9606.ENSP00000285968","9606.ENSP00000354742","NUP205","IPO9",9606,0.405,0,0,0,0.188,0,0,0.297
"9606.ENSP00000285968","9606.ENSP00000291552","NUP205","U2AF1",9606,0.412,0,0,0,0.061,0,0.4,0
"9606.ENSP00000285968","9606.ENSP00000451291","NUP205","HNRNPC",9606,0.452,0,0,0,0.08,0,0.4,0.087
"9606.ENSP00000285968","9606.ENSP00000295899","NUP205","THOC7",9606,0.452,0,0,0,0.125,0,0.4,0
"9606.ENSP00000285968","9606.ENSP00000353793","NUP205","WDHD1",9606,0.452,0,0,0,0.432,0,0,0.075
"9606.ENSP00000285968","9606.ENSP00000358716","NUP205","DDX20",9606,0.505,0,0,0,0.183,0.071,0.4,0
"9606.ENSP00000285968","9606.ENSP00000386531","NUP205","SMPD4",9606,0.526,0,0,0,0.107,0,0,0.491
"9606.ENSP00000285968","9606.ENSP00000433681","NUP205","NCAPD3",9606,0.534,0,0,0,0.367,0,0,0.293
"9606.ENSP00000285968","9606.ENSP00000378295","NUP205","INCENP",9606,0.543,0,0,0,0.178,0,0.4,0.147
"9606.ENSP00000285968","9606.ENSP00000339109","NUP205","ANAPC1",9606,0.57,0,0,0,0.532,0,0,0.119
"9606.ENSP00000285968","9606.ENSP00000377681","NUP205","G3BP1",9606,0.603,0,0,0,0.118,0.51,0,0.155
"9606.ENSP00000285968","9606.ENSP00000380747","NUP205","TMEM209",9606,0.749,0,0,0,0.139,0,0,0.721
"9606.ENSP00000285968","9606.ENSP00000378687","NUP205","POM121",9606,0.924,0,0,0,0.133,0.745,0.5,0.4
"9606.ENSP00000285968","9606.ENSP00000360483","NUP205","NDC1",9606,0.993,0,0,0,0.409,0.842,0.8,0.668
"9606.ENSP00000285968","9606.ENSP00000367721","NUP205","NUP160",9606,0.997,0,0,0,0.813,0.886,0.5,0.811
"9606.ENSP00000287239","9606.ENSP00000369695","KAT6B","MLLT3",9606,0.436,0,0,0,0.042,0.218,0,0.307
"9606.ENSP00000287239","9606.ENSP00000436786","KAT6B","KMT2A",9606,0.441,0,0,0,0.304,0.094,0,0.184
"9606.ENSP00000287239","9606.ENSP00000306983","KAT6B","YEATS2",9606,0.462,0,0,0,0,0.218,0,0.34
"9606.ENSP00000287239","9606.ENSP00000296417","KAT6B","H2AZ1",9606,0.473,0,0,0,0,0.29,0,0.289
"9606.ENSP00000287239","9606.ENSP00000318352","KAT6B","MRFAP1",9606,0.523,0,0,0,0,0,0,0.523
"9606.ENSP00000287239","9606.ENSP00000410042","KAT6B","BRD1",9606,0.993,0,0,0,0.101,0.853,0.9,0.567
"9606.ENSP00000287239","9606.ENSP00000490767","KAT6B","ING5",9606,0.999,0,0,0,0,0.826,0.9,0.974
"9606.ENSP00000287727","9606.ENSP00000369154","ZFYVE9","SMAD9",9606,0.414,0,0,0,0.063,0,0,0.4
"9606.ENSP00000287727","9606.ENSP00000332973","ZFYVE9","SMAD3",9606,0.999,0,0,0,0.056,0.984,0.9,0.994
"9606.ENSP00000289473","9606.ENSP00000353646","NCF1","PLEKHG4",9606,0.4,0,0,0,0,0,0.4,0
"9606.ENSP00000289473","9606.ENSP00000394560","NCF1","MAPK9",9606,0.407,0,0,0,0,0.292,0,0.197
"9606.ENSP00000289473","9606.ENSP00000497406","NCF1","SETBP1",9606,0.409,0,0,0,0.071,0,0,0.39
"9606.ENSP00000289473","9606.ENSP00000490240","NCF1","ZNF831",9606,0.415,0,0,0,0.106,0.044,0,0.371
"9606.ENSP00000289473","9606.ENSP00000365227","NCF1","AIF1",9606,0.416,0,0,0,0.171,0.06,0,0.311
"9606.ENSP00000289473","9606.ENSP00000357981","NCF1","CTSS",9606,0.418,0,0,0,0.235,0,0,0.27
"9606.ENSP00000289473","9606.ENSP00000483570","NCF1","BTK",9606,0.44,0,0,0,0.232,0.101,0,0.254
"9606.ENSP00000289473","9606.ENSP00000363641","NCF1","TXN",9606,0.476,0,0,0,0,0.045,0,0.474
"9606.ENSP00000289473","9606.ENSP00000428056","NCF1","PIK3R1",9606,0.479,0,0,0,0.049,0,0,0.475
"9606.ENSP00000289473","9606.ENSP00000380638","NCF1","PTK2B",9606,0.494,0,0,0,0.087,0.292,0,0.28
"9606.ENSP00000289473","9606.ENSP00000498227","NCF1","SELL",9606,0.509,0,0,0,0.425,0,0,0.18
"9606.ENSP00000289473","9606.ENSP00000357721","NCF1","S100A8",9606,0.618,0,0,0,0.19,0.042,0.5,0.133
"9606.ENSP00000289473","9606.ENSP00000357727","NCF1","S100A9",9606,0.633,0,0,0,0.206,0.042,0.5,0.15
"9606.ENSP00000289473","9606.ENSP00000497733","NCF1","CDC42",9606,0.641,0,0,0,0.089,0.183,0,0.557
"9606.ENSP00000289473","9606.ENSP00000408695","NCF1","PRKCA",9606,0.969,0,0,0,0.06,0.51,0.9,0.417
"9606.ENSP00000290607","9606.ENSP00000379208","STARD9","ZNF248",9606,0.42,0,0,0,0.056,0.095,0,0.375
"9606.ENSP00000290607","9606.ENSP00000475489","STARD9","MPHOSPH9",9606,0.423,0,0,0,0.06,0.107,0,0.368
"9606.ENSP00000290663","9606.ENSP00000322361","MED8","ZNF236",9606,0.445,0,0,0,0,0.045,0,0.442
"9606.ENSP00000290663","9606.ENSP00000295899","MED8","THOC7",9606,0.565,0,0,0,0.082,0.292,0,0.385
"9606.ENSP00000290663","9606.ENSP00000296417","MED8","H2AZ1",9606,0.801,0,0,0,0.049,0.8,0,0
"9606.ENSP00000290663","9606.ENSP00000362948","MED8","MED18",9606,0.999,0,0,0,0.092,0.999,0.9,0.996
"9606.ENSP00000291552","9606.ENSP00000360483","U2AF1","NDC1",9606,0.405,0,0,0,0.049,0,0.4,0
"9606.ENSP00000291552","9606.ENSP00000478887","U2AF1","MYC",9606,0.409,0,0,0,0.047,0.161,0,0.321
"9606.ENSP00000291552","9606.ENSP00000367721","U2AF1","NUP160",9606,0.416,0,0,0,0.067,0,0.4,0
"9606.ENSP00000291552","9606.ENSP00000378687","U2AF1","POM121",9606,0.426,0,0,0,0.06,0,0.4,0.065
"9606.ENSP00000291552","9606.ENSP00000481842","U2AF1","SAP18",9606,0.438,0,0,0,0.257,0.205,0,0.125
"9606.ENSP00000291552","9606.ENSP00000303427","U2AF1","PDS5A",9606,0.463,0,0,0,0.429,0,0,0.099
"9606.ENSP00000291552","9606.ENSP00000416534","U2AF1","DDX46",9606,0.471,0,0,0,0.111,0,0,0.429
"9606.ENSP00000291552","9606.ENSP00000436786","U2AF1","KMT2A",9606,0.476,0,0,0,0.05,0,0,0.472
"9606.ENSP00000291552","9606.ENSP00000353401","U2AF1","CUX1",9606,0.488,0,0,0,0.055,0,0,0.48
"9606.ENSP00000291552","9606.ENSP00000448073","U2AF1","PRPF40B",9606,0.616,0,0,0,0.057,0,0,0.61
"9606.ENSP00000291552","9606.ENSP00000386023","U2AF1","BUD31",9606,0.685,0,0,0,0.062,0,0.5,0.382
"9606.ENSP00000291552","9606.ENSP00000497406","U2AF1","SETBP1",9606,0.777,0,0,0,0,0,0,0.777
"9606.ENSP00000291552","9606.ENSP00000451129","U2AF1","SNW1",9606,0.804,0,0,0,0.133,0.393,0.5,0.345
"9606.ENSP00000291552","9606.ENSP00000364839","U2AF1","ASXL1",9606,0.881,0,0,0,0.042,0,0,0.881
"9606.ENSP00000291552","9606.ENSP00000451291","U2AF1","HNRNPC",9606,0.916,0,0,0,0.657,0.093,0,0.754
"9606.ENSP00000291565","9606.ENSP00000303584","PDXK","N6AMT1",9606,0.401,0,0,0,0.047,0,0,0.397
"9606.ENSP00000292114","9606.ENSP00000411672","TMEM199","ATP6V0E2",9606,0.72,0,0,0,0,0,0.72,0
"9606.ENSP00000292114","9606.ENSP00000449500","TMEM199","RNASEK",9606,0.777,0,0,0,0,0,0.72,0.238
"9606.ENSP00000292114","9606.ENSP00000429690","TMEM199","ATP6V0E1",9606,0.855,0,0,0,0.055,0.781,0.36,0
"9606.ENSP00000292114","9606.ENSP00000352522","TMEM199","ATP6V1H",9606,0.878,0,0,0,0.067,0,0.72,0.573
"9606.ENSP00000292114","9606.ENSP00000332247","TMEM199","ATP6V0A2",9606,0.96,0,0,0,0.056,0.794,0.54,0.606
"9606.ENSP00000292432","9606.ENSP00000477639","HK3","NAGK",9606,0.407,0,0,0,0.162,0,0,0.321
"9606.ENSP00000292432","9606.ENSP00000385519","HK3","CD14",9606,0.432,0,0,0,0.432,0,0,0
"9606.ENSP00000292432","9606.ENSP00000357721","HK3","S100A8",9606,0.439,0,0,0,0.429,0.05,0,0.048
"9606.ENSP00000292432","9606.ENSP00000408342","HK3","PRAM1",9606,0.442,0,0,0,0.442,0,0,0
"9606.ENSP00000292432","9606.ENSP00000357727","HK3","S100A9",9606,0.477,0,0,0,0.436,0.05,0,0.102
"9606.ENSP00000292432","9606.ENSP00000329920","HK3","MCEMP1",9606,0.478,0,0,0,0.478,0,0,0
"9606.ENSP00000292432","9606.ENSP00000462309","HK3","CD300LF",9606,0.535,0,0,0,0.535,0,0,0
"9606.ENSP00000292432","9606.ENSP00000306920","HK3","GLB1",9606,0.9,0,0,0,0.049,0,0.9,0
"9606.ENSP00000292586","9606.ENSP00000430598","MRNIP","ATOX1",9606,0.4,0,0,0,0,0.401,0,0
"9606.ENSP00000292586","9606.ENSP00000342676","MRNIP","AURKAIP1",9606,0.414,0,0,0,0.067,0.398,0,0
"9606.ENSP00000292586","9606.ENSP00000368688","MRNIP","LYRM7",9606,0.424,0,0,0,0.068,0.4,0,0.053
"9606.ENSP00000292586","9606.ENSP00000301364","MRNIP","TSR1",9606,0.43,0,0,0,0,0.402,0,0.087
"9606.ENSP00000292586","9606.ENSP00000299575","MRNIP","ATMIN",9606,0.435,0,0,0,0.057,0.125,0,0.371
"9606.ENSP00000292586","9606.ENSP00000437402","MRNIP","ENO2",9606,0.436,0.041,0,0,0.328,0.075,0,0.166
"9606.ENSP00000292586","9606.ENSP00000297679","MRNIP","HSD3B7",9606,0.464,0.042,0,0,0.105,0.402,0,0.079
"9606.ENSP00000292586","9606.ENSP00000394331","MRNIP","COMMD5",9606,0.476,0,0,0,0,0.476,0,0
"9606.ENSP00000292586","9606.ENSP00000296411","MRNIP","METAP1",9606,0.479,0,0,0,0.245,0.261,0,0.142
"9606.ENSP00000292586","9606.ENSP00000358784","MRNIP","KCNA3",9606,0.501,0,0,0,0.3,0.288,0,0.08
"9606.ENSP00000292586","9606.ENSP00000338093","MRNIP","TARS3",9606,0.512,0.069,0,0,0.058,0.412,0,0.166
"9606.ENSP00000292586","9606.ENSP00000394560","MRNIP","MAPK9",9606,0.517,0,0,0,0.11,0.463,0,0.071
"9606.ENSP00000292586","9606.ENSP00000361446","MRNIP","POLR3A",9606,0.518,0.042,0,0,0.086,0.408,0,0.18
"9606.ENSP00000292586","9606.ENSP00000361628","MRNIP","RADX",9606,0.531,0,0,0,0,0,0,0.531
"9606.ENSP00000292586","9606.ENSP00000298746","MRNIP","TRUB1",9606,0.549,0.091,0,0,0.397,0.091,0,0.203
"9606.ENSP00000292586","9606.ENSP00000444136","MRNIP","POLR1B",9606,0.614,0.042,0,0,0.142,0.481,0,0.204
"9606.ENSP00000292586","9606.ENSP00000410059","MRNIP","EEF1D",9606,0.664,0,0,0,0.611,0.126,0,0.091
"9606.ENSP00000292586","9606.ENSP00000456218","MRNIP","EARS2",9606,0.702,0.057,0,0,0.324,0.453,0.14,0.162
"9606.ENSP00000292586","9606.ENSP00000364261","MRNIP","OTUD3",9606,0.703,0.102,0,0,0.087,0.58,0,0.24
"9606.ENSP00000292586","9606.ENSP00000364398","MRNIP","HABP4",9606,0.759,0,0,0,0.103,0.743,0,0
"9606.ENSP00000292586","9606.ENSP00000308179","MRNIP","WDR3",9606,0.77,0,0,0,0.063,0.765,0,0
"9606.ENSP00000292586","9606.ENSP00000419449","MRNIP","EIF1",9606,0.805,0,0,0,0.188,0.747,0,0.129
"9606.ENSP00000292586","9606.ENSP00000295822","MRNIP","EIF5A2",9606,0.81,0,0,0,0.576,0.507,0,0.166
"9606.ENSP00000292586","9606.ENSP00000296102","MRNIP","MRPL33",9606,0.965,0.084,0,0,0.775,0.786,0,0.315
"9606.ENSP00000292928","9606.ENSP00000340132","ZNF382","ZNF383",9606,0.404,0,0,0.088,0.339,0.091,0,0
"9606.ENSP00000292928","9606.ENSP00000431265","ZNF382","ZFP82",9606,0.463,0,0,0.092,0.379,0.063,0,0.104
"9606.ENSP00000292928","9606.ENSP00000334685","ZNF382","ZNF568",9606,0.523,0,0,0.074,0.478,0.091,0,0.044
"9606.ENSP00000292928","9606.ENSP00000467218","ZNF382","ZNF570",9606,0.526,0,0,0.102,0.482,0.063,0,0
"9606.ENSP00000292928","9606.ENSP00000333223","ZNF382","ZNF470",9606,0.551,0,0,0.079,0.522,0.063,0,0
"9606.ENSP00000292928","9606.ENSP00000487183","ZNF382","ZNF793",9606,0.636,0,0,0,0.625,0.063,0,0.049
"9606.ENSP00000293760","9606.ENSP00000408695","LEMD2","PRKCA",9606,0.506,0,0,0,0.044,0,0.5,0.051
"9606.ENSP00000293760","9606.ENSP00000350686","LEMD2","ANKLE2",9606,0.839,0,0,0,0.049,0.098,0.5,0.669
"9606.ENSP00000293760","9606.ENSP00000380794","LEMD2","CHMP7",9606,0.996,0,0,0,0.074,0,0.9,0.966
"9606.ENSP00000294383","9606.ENSP00000325917","USP24","PCSK7",9606,0.409,0,0,0,0.127,0,0,0.351
"9606.ENSP00000295006","9606.ENSP00000428205","CAPN2","FBXO32",9606,0.414,0,0,0,0.066,0,0,0.398
"9606.ENSP00000295006","9606.ENSP00000357981","CAPN2","CTSS",9606,0.416,0,0,0,0.073,0,0,0.395
"9606.ENSP00000295006","9606.ENSP00000381185","CAPN2","BCL2",9606,0.556,0,0,0,0,0.292,0,0.398
"9606.ENSP00000295006","9606.ENSP00000302114","CAPN2","PRELID1",9606,0.686,0,0,0,0.048,0,0,0.684
"9606.ENSP00000295006","9606.ENSP00000318822","CAPN2","BID",9606,0.938,0,0,0,0.083,0.31,0.9,0.136
"9606.ENSP00000295148","9606.ENSP00000366757","WDCP","LMO7",9606,0.499,0,0,0,0,0,0.5,0
"9606.ENSP00000295148","9606.ENSP00000428056","WDCP","PIK3R1",9606,0.499,0,0,0,0,0,0.5,0
"9606.ENSP00000295148","9606.ENSP00000320663","WDCP","EML4",9606,0.742,0,0,0,0.042,0,0.5,0.505
"9606.ENSP00000295756","9606.ENSP00000355028","TRAT1","DZIP3",9606,0.403,0,0,0,0.05,0,0,0.398
"9606.ENSP00000295756","9606.ENSP00000477815","TRAT1","PTCRA",9606,0.413,0,0,0,0.086,0,0,0.385
"9606.ENSP00000295756","9606.ENSP00000378845","TRAT1","LAT",9606,0.423,0,0,0,0.236,0,0,0.276
"9606.ENSP00000295756","9606.ENSP00000357036","TRAT1","SLAMF6",9606,0.427,0,0,0,0.179,0,0,0.33
"9606.ENSP00000295756","9606.ENSP00000328340","TRAT1","RNF135",9606,0.446,0,0,0,0,0,0,0.446
"9606.ENSP00000295756","9606.ENSP00000301924","TRAT1","TRIM35",9606,0.447,0,0,0,0.042,0,0,0.447
"9606.ENSP00000295756","9606.ENSP00000494310","TRAT1","GPR174",9606,0.451,0,0,0,0.383,0,0,0.147
"9606.ENSP00000295756","9606.ENSP00000334657","TRAT1","TRIM46",9606,0.48,0,0,0,0,0,0,0.48
"9606.ENSP00000295756","9606.ENSP00000323280","TRAT1","CD6",9606,0.484,0,0,0,0.269,0,0,0.323
"9606.ENSP00000295756","9606.ENSP00000487358","TRAT1","THEMIS",9606,0.485,0,0,0,0.485,0,0,0
"9606.ENSP00000295756","9606.ENSP00000306157","TRAT1","IL7R",9606,0.493,0,0,0,0.379,0,0,0.217
"9606.ENSP00000295756","9606.ENSP00000324890","TRAT1","CD28",9606,0.494,0,0,0,0.357,0,0,0.245
"9606.ENSP00000295756","9606.ENSP00000400892","TRAT1","TESPA1",9606,0.498,0,0,0,0.243,0,0,0.364
"9606.ENSP00000295756","9606.ENSP00000340347","TRAT1","TCF7",9606,0.508,0,0,0,0.257,0,0,0.365
"9606.ENSP00000295756","9606.ENSP00000339659","TRAT1","TRIM2",9606,0.582,0,0,0,0,0,0,0.582
"9606.ENSP00000295756","9606.ENSP00000348216","TRAT1","TRIM4",9606,0.583,0,0,0,0,0,0,0.583
"9606.ENSP00000295756","9606.ENSP00000428056","TRAT1","PIK3R1",9606,0.59,0,0,0,0.06,0,0.4,0.333
"9606.ENSP00000295756","9606.ENSP00000342681","TRAT1","CD5",9606,0.591,0,0,0.273,0.378,0,0,0.169
"9606.ENSP00000295756","9606.ENSP00000495413","TRAT1","TRIM66",9606,0.622,0,0,0,0,0,0,0.622
"9606.ENSP00000295756","9606.ENSP00000308479","TRAT1","GPR171",9606,0.624,0,0,0,0.512,0,0,0.262
"9606.ENSP00000295756","9606.ENSP00000477713","TRAT1","LCK",9606,0.767,0,0,0,0.466,0.292,0,0.434
"9606.ENSP00000295756","9606.ENSP00000317327","TRAT1","UBASH3A",9606,0.826,0,0,0,0.772,0,0,0.268
"9606.ENSP00000295756","9606.ENSP00000398655","TRAT1","ITK",9606,0.837,0,0,0,0.779,0,0,0.292
"9606.ENSP00000295756","9606.ENSP00000319476","TRAT1","ICOS",9606,0.866,0,0,0.294,0.787,0,0,0.181
"9606.ENSP00000295756","9606.ENSP00000431445","TRAT1","CD3G",9606,0.97,0,0,0,0.585,0,0.9,0.356
"9606.ENSP00000295822","9606.ENSP00000358784","EIF5A2","KCNA3",9606,0.426,0,0,0,0.244,0.272,0,0
"9606.ENSP00000295822","9606.ENSP00000313490","EIF5A2","PFAS",9606,0.456,0,0,0,0,0.41,0,0.116
"9606.ENSP00000295822","9606.ENSP00000296411","EIF5A2","METAP1",9606,0.548,0,0,0,0.302,0.287,0,0.166
"9606.ENSP00000295822","9606.ENSP00000419449","EIF5A2","EIF1",9606,0.564,0,0,0,0.297,0.081,0,0.379
"9606.ENSP00000295822","9606.ENSP00000364398","EIF5A2","HABP4",9606,0.57,0,0,0,0.144,0.511,0,0.056
"9606.ENSP00000295822","9606.ENSP00000456218","EIF5A2","EARS2",9606,0.605,0.053,0,0,0.248,0.414,0,0.166
"9606.ENSP00000295822","9606.ENSP00000410059","EIF5A2","EEF1D",9606,0.713,0,0,0,0.601,0.094,0,0.271
"9606.ENSP00000295822","9606.ENSP00000296102","EIF5A2","MRPL33",9606,0.9,0.115,0,0,0.402,0.786,0,0.228
"9606.ENSP00000295851","9606.ENSP00000353646","ABI2","PLEKHG4",9606,0.414,0,0,0,0.048,0,0.4,0.057
"9606.ENSP00000295851","9606.ENSP00000428056","ABI2","PIK3R1",9606,0.426,0,0,0,0,0.074,0.4,0.05
"9606.ENSP00000295851","9606.ENSP00000436786","ABI2","KMT2A",9606,0.433,0,0,0,0.106,0,0,0.392
"9606.ENSP00000295851","9606.ENSP00000341524","ABI2","SEPTIN6",9606,0.481,0,0,0,0.048,0,0,0.478
"9606.ENSP00000295851","9606.ENSP00000439937","ABI2","HOMER3",9606,0.483,0,0,0,0,0.477,0,0.051
"9606.ENSP00000295851","9606.ENSP00000431445","ABI2","CD3G",9606,0.499,0,0,0,0,0,0.5,0
"9606.ENSP00000295851","9606.ENSP00000389631","ABI2","ARPC1B",9606,0.566,0,0,0,0.042,0,0.5,0.166
"9606.ENSP00000295851","9606.ENSP00000497733","ABI2","CDC42",9606,0.762,0,0,0,0.043,0.191,0.4,0.548
"9606.ENSP00000295878","9606.ENSP00000490119","CCDC191","RALGAPA1",9606,0.4,0,0,0,0.056,0,0,0.391
"9606.ENSP00000295878","9606.ENSP00000322343","CCDC191","CDK20",9606,0.412,0,0,0,0.06,0,0,0.4
"9606.ENSP00000295899","9606.ENSP00000360483","THOC7","NDC1",9606,0.428,0,0,0,0.087,0,0.4,0
"9606.ENSP00000295899","9606.ENSP00000378687","THOC7","POM121",9606,0.455,0,0,0,0,0,0.4,0.129
"9606.ENSP00000295899","9606.ENSP00000367721","THOC7","NUP160",9606,0.527,0,0,0,0.084,0,0.4,0.209
"9606.ENSP00000295899","9606.ENSP00000481842","THOC7","SAP18",9606,0.533,0,0,0,0.338,0,0,0.323
"9606.ENSP00000296102","9606.ENSP00000369176","MRPL33","NDUFB6",9606,0.421,0,0,0,0.294,0,0,0.213
"9606.ENSP00000296102","9606.ENSP00000365693","MRPL33","MSRB2",9606,0.474,0,0,0,0.097,0.401,0,0.107
"9606.ENSP00000296102","9606.ENSP00000297679","MRPL33","HSD3B7",9606,0.481,0.042,0,0,0,0.425,0,0.134
"9606.ENSP00000296102","9606.ENSP00000360577","MRPL33","ECHDC2",9606,0.535,0,0,0,0.042,0.468,0,0.161
"9606.ENSP00000296102","9606.ENSP00000361446","MRPL33","POLR3A",9606,0.535,0.12,0,0,0.122,0.429,0,0.07
"9606.ENSP00000296102","9606.ENSP00000444136","MRPL33","POLR1B",9606,0.547,0.115,0,0,0.141,0.41,0,0.11
"9606.ENSP00000296102","9606.ENSP00000407336","MRPL33","NDUFB3",9606,0.633,0,0,0,0.481,0,0,0.321
"9606.ENSP00000296102","9606.ENSP00000368688","MRPL33","LYRM7",9606,0.705,0,0,0,0.18,0.638,0,0.086
"9606.ENSP00000296102","9606.ENSP00000394560","MRPL33","MAPK9",9606,0.816,0,0,0,0.246,0.767,0,0
"9606.ENSP00000296102","9606.ENSP00000480378","MRPL33","MTERF4",9606,0.819,0,0,0,0.049,0.817,0,0.043
"9606.ENSP00000296102","9606.ENSP00000342676","MRPL33","AURKAIP1",9606,0.835,0,0,0,0.132,0.815,0,0.057
"9606.ENSP00000296102","9606.ENSP00000364261","MRPL33","OTUD3",9606,0.848,0.043,0,0,0.087,0.841,0,0
"9606.ENSP00000296102","9606.ENSP00000359859","MRPL33","MTG2",9606,0.875,0.041,0,0,0,0.875,0,0
"9606.ENSP00000296102","9606.ENSP00000419740","MRPL33","NSUN4",9606,0.905,0,0,0,0.067,0.9,0,0.066
"9606.ENSP00000296102","9606.ENSP00000497004","MRPL33","MRPL28",9606,0.909,0,0,0,0.123,0.9,0,0
"9606.ENSP00000296102","9606.ENSP00000419370","MRPL33","MALSU1",9606,0.93,0,0,0,0.14,0.922,0,0
"9606.ENSP00000296137","9606.ENSP00000357674","FYCO1","SNAPIN",9606,0.408,0,0,0,0.042,0,0,0.407
"9606.ENSP00000296137","9606.ENSP00000328720","FYCO1","FOXK1",9606,0.451,0,0,0,0.057,0.371,0,0.149
"9606.ENSP00000296137","9606.ENSP00000409594","FYCO1","ZFYVE27",9606,0.881,0,0,0,0.049,0,0,0.88
"9606.ENSP00000296411","9606.ENSP00000298746","METAP1","TRUB1",9606,0.413,0,0,0,0.393,0,0,0.073
"9606.ENSP00000296411","9606.ENSP00000377681","METAP1","G3BP1",9606,0.424,0,0,0,0.202,0.292,0,0.063
"9606.ENSP00000296411","9606.ENSP00000363478","METAP1","TMEM50A",9606,0.426,0,0,0,0.098,0,0,0.39
"9606.ENSP00000296411","9606.ENSP00000301364","METAP1","TSR1",9606,0.442,0,0,0,0.351,0,0,0.175
"9606.ENSP00000296411","9606.ENSP00000456218","METAP1","EARS2",9606,0.443,0.056,0,0,0.146,0.303,0,0.127
"9606.ENSP00000296411","9606.ENSP00000361446","METAP1","POLR3A",9606,0.462,0.095,0,0,0.328,0,0,0.186
"9606.ENSP00000296411","9606.ENSP00000367407","METAP1","NMT2",9606,0.474,0,0,0,0.11,0.066,0,0.418
"9606.ENSP00000296411","9606.ENSP00000413572","METAP1","NLE1",9606,0.481,0,0,0,0.169,0.312,0,0.166
"9606.ENSP00000296411","9606.ENSP00000364037","METAP1","TEX10",9606,0.502,0,0,0,0.287,0.323,0,0.051
"9606.ENSP00000296411","9606.ENSP00000444136","METAP1","POLR1B",9606,0.529,0.079,0,0,0.427,0,0,0.179
"9606.ENSP00000296411","9606.ENSP00000497806","METAP1","DLG4",9606,0.566,0,0,0,0.127,0,0,0.523
"9606.ENSP00000296417","9606.ENSP00000444136","H2AZ1","POLR1B",9606,0.403,0,0,0,0.047,0,0.4,0
"9606.ENSP00000296417","9606.ENSP00000410943","H2AZ1","TSPYL4",9606,0.41,0,0,0,0.321,0.097,0,0.116
"9606.ENSP00000296417","9606.ENSP00000364935","H2AZ1","CLIC1",9606,0.414,0,0,0,0.203,0,0,0.295
"9606.ENSP00000296417","9606.ENSP00000369695","H2AZ1","MLLT3",9606,0.415,0,0,0,0.067,0.177,0,0.299
"9606.ENSP00000296417","9606.ENSP00000362330","H2AZ1","CHD6",9606,0.417,0,0,0,0.046,0.253,0,0.248
"9606.ENSP00000296417","9606.ENSP00000357597","H2AZ1","TSPYL1",9606,0.419,0,0,0,0.321,0.097,0,0.129
"9606.ENSP00000296417","9606.ENSP00000494277","H2AZ1","PATJ",9606,0.426,0,0,0,0,0.426,0,0
"9606.ENSP00000296417","9606.ENSP00000406293","H2AZ1","TCEA3",9606,0.472,0,0,0,0.064,0.242,0,0.316
"9606.ENSP00000296417","9606.ENSP00000378295","H2AZ1","INCENP",9606,0.474,0,0,0,0.142,0.292,0,0.205
"9606.ENSP00000296417","9606.ENSP00000364591","H2AZ1","TSPYL2",9606,0.488,0,0,0,0.402,0.097,0,0.128
"9606.ENSP00000296417","9606.ENSP00000306983","H2AZ1","YEATS2",9606,0.494,0,0,0,0.069,0.304,0,0.281
"9606.ENSP00000296417","9606.ENSP00000379144","H2AZ1","TNRC6A",9606,0.499,0,0,0,0,0,0.5,0
"9606.ENSP00000296417","9606.ENSP00000335320","H2AZ1","BCL9L",9606,0.499,0,0,0,0,0,0.5,0
"9606.ENSP00000296417","9606.ENSP00000340347","H2AZ1","TCF7",9606,0.514,0,0,0,0,0,0.5,0.068
"9606.ENSP00000296417","9606.ENSP00000396976","H2AZ1","BAHD1",9606,0.521,0,0,0,0,0.476,0,0.125
"9606.ENSP00000296417","9606.ENSP00000385823","H2AZ1","MTA3",9606,0.54,0,0,0,0,0,0.5,0.118
"9606.ENSP00000296417","9606.ENSP00000336783","H2AZ1","TNRC6C",9606,0.58,0,0,0,0.051,0.094,0.5,0.139
"9606.ENSP00000296417","9606.ENSP00000437659","H2AZ1","PHC1",9606,0.582,0,0,0,0.054,0,0.5,0.189
"9606.ENSP00000296417","9606.ENSP00000371133","H2AZ1","HMG20A",9606,0.582,0,0,0,0.132,0.472,0,0.161
"9606.ENSP00000296417","9606.ENSP00000384048","H2AZ1","PAXIP1",9606,0.583,0,0,0,0.062,0.091,0.5,0.139
"9606.ENSP00000296417","9606.ENSP00000482546","H2AZ1","REC8",9606,0.585,0,0,0,0.06,0,0.5,0.189
"9606.ENSP00000296417","9606.ENSP00000433681","H2AZ1","NCAPD3",9606,0.59,0,0,0,0.125,0,0.5,0.139
"9606.ENSP00000296417","9606.ENSP00000362616","H2AZ1","NAP1L2",9606,0.602,0,0,0,0.086,0.516,0,0.173
"9606.ENSP00000296417","9606.ENSP00000354742","H2AZ1","IPO9",9606,0.621,0,0,0,0,0.509,0,0.26
"9606.ENSP00000296417","9606.ENSP00000436786","H2AZ1","KMT2A",9606,0.639,0,0,0,0.074,0.13,0.5,0.21
"9606.ENSP00000296417","9606.ENSP00000339566","H2AZ1","H1-2",9606,0.644,0,0,0,0.083,0.319,0,0.475
"9606.ENSP00000296417","9606.ENSP00000481842","H2AZ1","SAP18",9606,0.664,0,0,0,0.306,0,0.5,0.11
"9606.ENSP00000296417","9606.ENSP00000377681","H2AZ1","G3BP1",9606,0.699,0,0,0,0.115,0.107,0,0.65
"9606.ENSP00000296417","9606.ENSP00000370710","H2AZ1","KDM4C",9606,0.74,0,0,0,0,0.091,0.5,0.474
"9606.ENSP00000296417","9606.ENSP00000340896","H2AZ1","ASH2L",9606,0.788,0,0,0,0.097,0.414,0.5,0.295
"9606.ENSP00000296417","9606.ENSP00000362592","H2AZ1","RBBP4",9606,0.812,0,0,0,0.345,0.203,0.5,0.364
"9606.ENSP00000296417","9606.ENSP00000478887","H2AZ1","MYC",9606,0.82,0,0,0,0.062,0.225,0.4,0.637
"9606.ENSP00000296417","9606.ENSP00000362948","H2AZ1","MED18",9606,0.826,0,0,0,0.086,0.8,0,0.129
"9606.ENSP00000296417","9606.ENSP00000349430","H2AZ1","H2BC12",9606,0.854,0,0,0,0.101,0.308,0.4,0.657
"9606.ENSP00000296417","9606.ENSP00000369716","H2AZ1","CHD3",9606,0.856,0,0,0,0.046,0.253,0.5,0.645
"9606.ENSP00000296435","9606.ENSP00000357981","CAMP","CTSS",9606,0.407,0,0,0,0.146,0,0,0.334
"9606.ENSP00000296435","9606.ENSP00000348170","CAMP","HP",9606,0.497,0,0,0,0.212,0,0,0.388
"9606.ENSP00000296435","9606.ENSP00000365693","CAMP","MSRB2",9606,0.515,0,0,0,0.044,0,0,0.514
"9606.ENSP00000296435","9606.ENSP00000365402","CAMP","HLA-C",9606,0.596,0,0,0,0.088,0,0,0.575
"9606.ENSP00000296435","9606.ENSP00000357721","CAMP","S100A8",9606,0.622,0,0,0,0.479,0,0,0.305
"9606.ENSP00000296435","9606.ENSP00000357727","CAMP","S100A9",9606,0.695,0,0,0,0.604,0,0,0.262
"9606.ENSP00000296444","9606.ENSP00000382707","SHISA5","IFITM3",9606,0.417,0,0,0,0.393,0,0,0.079
"9606.ENSP00000296490","9606.ENSP00000309548","WDR82","PDP2",9606,0.408,0,0,0,0.088,0,0,0.377
"9606.ENSP00000296490","9606.ENSP00000370114","WDR82","PSIP1",9606,0.419,0,0,0,0.049,0,0,0.414
"9606.ENSP00000296490","9606.ENSP00000354964","WDR82","ZNF318",9606,0.481,0,0,0,0.082,0.401,0,0.133
"9606.ENSP00000296490","9606.ENSP00000384048","WDR82","PAXIP1",9606,0.647,0,0,0,0.099,0,0,0.624
"9606.ENSP00000296490","9606.ENSP00000386488","WDR82","ZC3H8",9606,0.653,0,0,0,0,0.584,0,0.202
"9606.ENSP00000296490","9606.ENSP00000436786","WDR82","KMT2A",9606,0.675,0,0,0,0.117,0.39,0,0.445
"9606.ENSP00000296490","9606.ENSP00000386764","WDR82","ZC3H6",9606,0.739,0,0,0,0.083,0.584,0,0.372
"9606.ENSP00000296490","9606.ENSP00000340896","WDR82","ASH2L",9606,0.999,0,0,0,0.086,0.928,0.9,0.996
"9606.ENSP00000296511","9606.ENSP00000318822","ANXA5","BID",9606,0.4,0,0,0,0.085,0,0,0.371
"9606.ENSP00000296511","9606.ENSP00000364398","ANXA5","HABP4",9606,0.404,0,0,0,0.042,0,0.4,0.047
"9606.ENSP00000296511","9606.ENSP00000332973","ANXA5","SMAD3",9606,0.417,0,0,0,0,0,0,0.417
"9606.ENSP00000296511","9606.ENSP00000364649","ANXA5","SDHB",9606,0.42,0,0,0,0.072,0,0,0.401
"9606.ENSP00000296511","9606.ENSP00000483570","ANXA5","BTK",9606,0.43,0,0,0,0.086,0,0,0.402
"9606.ENSP00000296511","9606.ENSP00000357981","ANXA5","CTSS",9606,0.449,0,0,0,0.132,0.061,0,0.378
"9606.ENSP00000296511","9606.ENSP00000438406","ANXA5","SLAMF1",9606,0.453,0,0,0,0,0,0,0.453
"9606.ENSP00000296511","9606.ENSP00000368880","ANXA5","FOXO1",9606,0.465,0,0,0,0.044,0.045,0,0.461
"9606.ENSP00000296511","9606.ENSP00000348170","ANXA5","HP",9606,0.468,0,0,0,0.043,0,0,0.467
"9606.ENSP00000296511","9606.ENSP00000359663","ANXA5","CD40LG",9606,0.472,0,0,0,0.086,0,0,0.447
"9606.ENSP00000296511","9606.ENSP00000363641","ANXA5","TXN",9606,0.478,0,0,0,0.099,0,0,0.445
"9606.ENSP00000296511","9606.ENSP00000384924","ANXA5","RTL10",9606,0.479,0,0,0,0,0,0,0.479
"9606.ENSP00000296511","9606.ENSP00000478255","ANXA5","ABCB1",9606,0.511,0,0,0,0.049,0,0,0.507
"9606.ENSP00000296511","9606.ENSP00000364935","ANXA5","CLIC1",9606,0.553,0,0,0,0.193,0,0,0.469
"9606.ENSP00000296511","9606.ENSP00000346437","ANXA5","ATG7",9606,0.562,0,0,0,0.072,0.046,0,0.545
"9606.ENSP00000296511","9606.ENSP00000448665","ANXA5","DDIT3",9606,0.572,0,0,0,0.042,0.051,0,0.567
"9606.ENSP00000296511","9606.ENSP00000306157","ANXA5","IL7R",9606,0.58,0,0,0,0.11,0,0,0.547
"9606.ENSP00000296511","9606.ENSP00000477713","ANXA5","LCK",9606,0.582,0,0,0,0.057,0,0,0.574
"9606.ENSP00000296511","9606.ENSP00000324890","ANXA5","CD28",9606,0.6,0,0,0,0,0,0,0.6
"9606.ENSP00000296511","9606.ENSP00000365380","ANXA5","FOXP3",9606,0.609,0,0,0,0,0,0,0.609
"9606.ENSP00000296511","9606.ENSP00000357727","ANXA5","S100A9",9606,0.628,0,0,0,0.101,0.091,0,0.582
"9606.ENSP00000296511","9606.ENSP00000498227","ANXA5","SELL",9606,0.632,0,0,0,0.092,0.059,0,0.604
"9606.ENSP00000296511","9606.ENSP00000356953","ANXA5","SDHC",9606,0.65,0,0,0,0.062,0,0,0.642
"9606.ENSP00000296511","9606.ENSP00000342681","ANXA5","CD5",9606,0.674,0,0,0,0,0,0,0.674
"9606.ENSP00000296511","9606.ENSP00000478887","ANXA5","MYC",9606,0.741,0,0,0,0.087,0.124,0,0.703
"9606.ENSP00000296511","9606.ENSP00000381185","ANXA5","BCL2",9606,0.899,0,0,0,0.052,0,0,0.897
"9606.ENSP00000296702","9606.ENSP00000430000","TCERG1","ATXN7L3B",9606,0.415,0,0,0,0.049,0,0,0.41
"9606.ENSP00000296702","9606.ENSP00000319341","TCERG1","LSM10",9606,0.747,0,0,0,0,0.747,0,0.043
"9606.ENSP00000296702","9606.ENSP00000494831","TCERG1","SNRPN",9606,0.84,0,0,0,0.042,0.84,0,0
"9606.ENSP00000296702","9606.ENSP00000386023","TCERG1","BUD31",9606,0.902,0,0,0,0.049,0.8,0.4,0.246
"9606.ENSP00000296702","9606.ENSP00000416534","TCERG1","DDX46",9606,0.927,0,0,0,0.468,0.84,0,0.211
"9606.ENSP00000296702","9606.ENSP00000451129","TCERG1","SNW1",9606,0.987,0,0,0,0.162,0.966,0.4,0.334
"9606.ENSP00000297679","9606.ENSP00000365596","HSD3B7","GPR183",9606,0.571,0,0,0,0,0,0,0.571
"9606.ENSP00000297837","9606.ENSP00000493946","ANKS6","RPGRIP1L",9606,0.482,0,0,0,0.042,0,0,0.482
"9606.ENSP00000297837","9606.ENSP00000393099","ANKS6","MAPKBP1",9606,0.488,0,0,0,0.049,0,0,0.483
"9606.ENSP00000297991","9606.ENSP00000310928","AQP3","PPARD",9606,0.412,0,0,0,0,0,0,0.412
"9606.ENSP00000297991","9606.ENSP00000430269","AQP3","EPHX2",9606,0.437,0,0,0,0.121,0.316,0,0.139
"9606.ENSP00000297991","9606.ENSP00000369989","AQP3","KATNAL1",9606,0.45,0.046,0,0,0.3,0.049,0.187,0.1
"9606.ENSP00000297991","9606.ENSP00000418001","AQP3","GK5",9606,0.46,0.046,0.018,0,0.3,0.049,0.187,0.116
"9606.ENSP00000298139","9606.ENSP00000311368","WRN","POLD4",9606,0.407,0,0,0,0.053,0,0.4,0
"9606.ENSP00000298139","9606.ENSP00000369716","WRN","CHD3",9606,0.427,0.048,0,0,0.092,0.246,0,0.224
"9606.ENSP00000298139","9606.ENSP00000478887","WRN","MYC",9606,0.433,0,0,0,0.062,0,0,0.42
"9606.ENSP00000298139","9606.ENSP00000361628","WRN","RADX",9606,0.445,0,0,0,0.056,0,0,0.436
"9606.ENSP00000298139","9606.ENSP00000498499","WRN","CTC1",9606,0.448,0,0,0,0.05,0,0,0.443
"9606.ENSP00000298139","9606.ENSP00000337353","WRN","TDP1",9606,0.542,0,0,0,0.076,0.075,0,0.507
"9606.ENSP00000298139","9606.ENSP00000475489","WRN","MPHOSPH9",9606,0.55,0.048,0,0,0.075,0.309,0,0.349
"9606.ENSP00000298139","9606.ENSP00000329466","WRN","SIRT7",9606,0.569,0.049,0,0,0.109,0.127,0,0.486
"9606.ENSP00000298139","9606.ENSP00000361310","WRN","POLH",9606,0.577,0.052,0,0,0.127,0,0.4,0.248
"9606.ENSP00000298139","9606.ENSP00000488642","WRN","TENT4A",9606,0.578,0,0,0,0.122,0,0,0.538
"9606.ENSP00000298139","9606.ENSP00000353793","WRN","WDHD1",9606,0.619,0,0,0,0.329,0.13,0,0.399
"9606.ENSP00000298139","9606.ENSP00000354361","WRN","RFWD3",9606,0.643,0,0,0,0.072,0.522,0,0.261
"9606.ENSP00000298139","9606.ENSP00000328181","WRN","NOG",9606,0.677,0,0,0,0,0,0,0.677
"9606.ENSP00000298139","9606.ENSP00000384048","WRN","PAXIP1",9606,0.713,0,0,0,0.141,0.478,0,0.412
"9606.ENSP00000298139","9606.ENSP00000322570","WRN","POLE",9606,0.782,0,0,0,0.2,0.114,0.4,0.548
"9606.ENSP00000298159","9606.ENSP00000380638","CFL2","PTK2B",9606,0.437,0,0,0,0.042,0,0,0.437
"9606.ENSP00000298159","9606.ENSP00000495631","CFL2","ARHGEF7",9606,0.438,0,0,0,0.042,0,0,0.437
"9606.ENSP00000298159","9606.ENSP00000359719","CFL2","PRKACB",9606,0.461,0,0,0,0.12,0,0,0.413
"9606.ENSP00000298159","9606.ENSP00000463559","CFL2","MYL12B",9606,0.49,0,0,0,0.067,0.051,0,0.47
"9606.ENSP00000298159","9606.ENSP00000370010","CFL2","TMSB4X",9606,0.493,0,0,0,0.055,0,0,0.485
"9606.ENSP00000298159","9606.ENSP00000389631","CFL2","ARPC1B",9606,0.513,0,0,0,0.079,0,0,0.492
"9606.ENSP00000298159","9606.ENSP00000472249","CFL2","GMFG",9606,0.534,0,0,0,0.105,0.098,0,0.469
"9606.ENSP00000298159","9606.ENSP00000497806","CFL2","DLG4",9606,0.559,0,0,0,0,0.066,0,0.547
"9606.ENSP00000298159","9606.ENSP00000408695","CFL2","PRKCA",9606,0.568,0,0,0,0.056,0,0,0.562
"9606.ENSP00000298159","9606.ENSP00000478887","CFL2","MYC",9606,0.614,0,0,0,0.081,0,0,0.597
"9606.ENSP00000298159","9606.ENSP00000409581","CFL2","ARRB1",9606,0.623,0,0,0,0.068,0,0,0.612
"9606.ENSP00000298159","9606.ENSP00000340211","CFL2","CORO1B",9606,0.641,0,0,0,0.087,0.163,0,0.567
"9606.ENSP00000298159","9606.ENSP00000354742","CFL2","IPO9",9606,0.739,0,0,0,0.047,0.086,0,0.725
"9606.ENSP00000298159","9606.ENSP00000348215","CFL2","SH3PXD2A",9606,0.832,0,0,0,0,0.074,0,0.826
"9606.ENSP00000298159","9606.ENSP00000497733","CFL2","CDC42",9606,0.935,0,0,0,0.113,0.165,0,0.919
"9606.ENSP00000298159","9606.ENSP00000336740","CFL2","LIMK1",9606,0.998,0,0,0,0.068,0.13,0.9,0.982
"9606.ENSP00000298198","9606.ENSP00000423820","PGM2L1","ZFP62",9606,0.421,0,0,0,0,0.045,0,0.418
"9606.ENSP00000298198","9606.ENSP00000450565","PGM2L1","IL11RA",9606,0.524,0.083,0,0,0,0,0.402,0.202
"9606.ENSP00000298198","9606.ENSP00000379038","PGM2L1","TYMP",9606,0.738,0.115,0,0,0,0,0.673,0.168
"9606.ENSP00000298198","9606.ENSP00000330032","PGM2L1","UPP1",9606,0.878,0.045,0,0,0,0,0.449,0.788
"9606.ENSP00000298229","9606.ENSP00000378295","INPPL1","INCENP",9606,0.404,0,0,0,0.104,0,0,0.363
"9606.ENSP00000298229","9606.ENSP00000348215","INPPL1","SH3PXD2A",9606,0.421,0,0,0,0.056,0.07,0,0.393
"9606.ENSP00000298229","9606.ENSP00000423820","INPPL1","ZFP62",9606,0.426,0,0,0,0.049,0.065,0,0.406
"9606.ENSP00000298229","9606.ENSP00000483570","INPPL1","BTK",9606,0.508,0,0,0,0.109,0.05,0,0.466
"9606.ENSP00000298229","9606.ENSP00000356155","INPPL1","PIK3C2B",9606,0.955,0,0,0,0.047,0,0.9,0.569
"9606.ENSP00000298229","9606.ENSP00000422793","INPPL1","INPP4B",9606,0.959,0,0,0,0,0,0.9,0.613
"9606.ENSP00000298229","9606.ENSP00000428056","INPPL1","PIK3R1",9606,0.971,0,0,0,0.042,0.616,0.9,0.327
"9606.ENSP00000298569","9606.ENSP00000386531","KIAA1191","SMPD4",9606,0.443,0,0,0,0.095,0,0,0.41
"9606.ENSP00000298717","9606.ENSP00000417402","METTL3","PUS7",9606,0.428,0,0,0,0.059,0,0,0.417
"9606.ENSP00000298717","9606.ENSP00000416534","METTL3","DDX46",9606,0.431,0,0,0,0.092,0,0,0.399
"9606.ENSP00000298717","9606.ENSP00000483562","METTL3","SALL2",9606,0.437,0,0,0,0.049,0,0,0.433
"9606.ENSP00000298717","9606.ENSP00000457991","METTL3","PHLPP2",9606,0.471,0,0,0,0,0,0,0.471
"9606.ENSP00000298717","9606.ENSP00000303424","METTL3","PTGDR",9606,0.548,0,0,0,0.043,0,0,0.548
"9606.ENSP00000298717","9606.ENSP00000303584","METTL3","N6AMT1",9606,0.585,0,0,0,0.07,0,0,0.572
"9606.ENSP00000298717","9606.ENSP00000478887","METTL3","MYC",9606,0.769,0,0,0,0.044,0.183,0,0.728
"9606.ENSP00000298717","9606.ENSP00000451291","METTL3","HNRNPC",9606,0.881,0,0,0,0.068,0,0,0.877
"9606.ENSP00000298717","9606.ENSP00000418823","METTL3","FTO",9606,0.9,0,0,0,0.047,0,0,0.899
"9606.ENSP00000298717","9606.ENSP00000332973","METTL3","SMAD3",9606,0.915,0,0,0,0.042,0.292,0,0.885
"9606.ENSP00000298746","9606.ENSP00000372199","TRUB1","URB1",9606,0.409,0,0,0,0.158,0.309,0,0.065
"9606.ENSP00000298746","9606.ENSP00000308179","TRUB1","WDR3",9606,0.422,0,0,0,0.39,0,0,0.092
"9606.ENSP00000298746","9606.ENSP00000361232","TRUB1","DDX31",9606,0.436,0.05,0,0,0.343,0.114,0,0.1
"9606.ENSP00000298746","9606.ENSP00000416534","TRUB1","DDX46",9606,0.44,0.05,0,0,0.135,0.114,0,0.321
"9606.ENSP00000298746","9606.ENSP00000442053","TRUB1","RBM19",9606,0.469,0,0,0,0.39,0,0,0.166
"9606.ENSP00000298746","9606.ENSP00000444136","TRUB1","POLR1B",9606,0.474,0,0,0,0.358,0.171,0,0.092
"9606.ENSP00000298746","9606.ENSP00000419740","TRUB1","NSUN4",9606,0.503,0.059,0,0,0.248,0,0,0.354
"9606.ENSP00000298746","9606.ENSP00000361446","TRUB1","POLR3A",9606,0.538,0,0,0,0.412,0.127,0,0.172
"9606.ENSP00000298746","9606.ENSP00000417402","TRUB1","PUS7",9606,0.901,0,0,0,0.256,0,0,0.873
"9606.ENSP00000298892","9606.ENSP00000332706","CAPRIN2","PURA",9606,0.438,0,0,0,0.049,0,0,0.434
"9606.ENSP00000299088","9606.ENSP00000318352","C14orf93","MRFAP1",9606,0.407,0,0,0,0,0.407,0,0
"9606.ENSP00000299736","9606.ENSP00000478887","CENPV","MYC",9606,0.411,0,0,0,0.042,0.187,0,0.305
"9606.ENSP00000299736","9606.ENSP00000433209","CENPV","GSDMD",9606,0.507,0,0,0,0.042,0,0,0.507
"9606.ENSP00000299824","9606.ENSP00000359719","PPP1R16B","PRKACB",9606,0.467,0,0,0,0.106,0.045,0,0.425
"9606.ENSP00000299853","9606.ENSP00000361219","POLR3E","GTF3C4",9606,0.581,0,0,0,0.063,0,0.5,0.177
"9606.ENSP00000299853","9606.ENSP00000406293","POLR3E","TCEA3",9606,0.587,0,0,0,0.108,0.288,0,0.402
"9606.ENSP00000299853","9606.ENSP00000444136","POLR3E","POLR1B",9606,0.856,0,0,0,0.255,0.692,0,0.421
"9606.ENSP00000299853","9606.ENSP00000361446","POLR3E","POLR3A",9606,0.999,0,0,0,0.209,0.997,0.9,0.812
"9606.ENSP00000300101","9606.ENSP00000432504","ZBTB39","ZNF202",9606,0.521,0,0,0,0.521,0,0,0
"9606.ENSP00000300101","9606.ENSP00000421863","ZBTB39","ZNF827",9606,0.53,0,0,0,0.044,0,0,0.529
"9606.ENSP00000301015","9606.ENSP00000355800","PIEZO1","TMEM63A",9606,0.402,0,0,0,0.082,0,0,0.375
"9606.ENSP00000301015","9606.ENSP00000389631","PIEZO1","ARPC1B",9606,0.424,0,0,0,0.424,0,0,0
"9606.ENSP00000301015","9606.ENSP00000322570","PIEZO1","POLE",9606,0.571,0,0,0,0.141,0.28,0,0.362
"9606.ENSP00000301015","9606.ENSP00000440045","PIEZO1","ATP2A2",9606,0.699,0,0,0,0.042,0.094,0,0.681
"9606.ENSP00000301015","9606.ENSP00000353793","PIEZO1","WDHD1",9606,0.761,0,0,0,0.356,0.482,0,0.343
"9606.ENSP00000301244","9606.ENSP00000384048","SPINT2","PAXIP1",9606,0.424,0,0,0,0,0,0,0.424
"9606.ENSP00000301244","9606.ENSP00000465419","SPINT2","TJP3",9606,0.445,0,0,0,0.121,0,0,0.395
"9606.ENSP00000301318","9606.ENSP00000333223","ZFP28","ZNF470",9606,0.46,0,0,0.055,0.439,0.063,0,0
"9606.ENSP00000301364","9606.ENSP00000361107","TSR1","BMPR1A",9606,0.445,0,0,0,0.075,0,0,0.425
"9606.ENSP00000301364","9606.ENSP00000355899","TSR1","RRP15",9606,0.463,0,0,0,0.439,0,0,0.082
"9606.ENSP00000301364","9606.ENSP00000419740","TSR1","NSUN4",9606,0.464,0,0,0,0.464,0,0,0
"9606.ENSP00000301364","9606.ENSP00000417402","TSR1","PUS7",9606,0.49,0,0,0,0.49,0,0,0
"9606.ENSP00000301364","9606.ENSP00000419449","TSR1","EIF1",9606,0.591,0,0,0,0.067,0,0,0.579
"9606.ENSP00000301364","9606.ENSP00000372199","TSR1","URB1",9606,0.639,0,0,0,0.56,0,0,0.213
"9606.ENSP00000301364","9606.ENSP00000361446","TSR1","POLR3A",9606,0.733,0,0,0,0.61,0.212,0,0.202
"9606.ENSP00000301364","9606.ENSP00000413572","TSR1","NLE1",9606,0.751,0,0,0,0.751,0,0,0
"9606.ENSP00000301364","9606.ENSP00000361232","TSR1","DDX31",9606,0.778,0,0,0,0.717,0.07,0,0.223
"9606.ENSP00000301364","9606.ENSP00000442053","TSR1","RBM19",9606,0.837,0,0,0,0.738,0.211,0,0.277
"9606.ENSP00000301364","9606.ENSP00000419005","TSR1","UTP25",9606,0.878,0,0,0,0.837,0,0,0.285
"9606.ENSP00000301364","9606.ENSP00000308179","TSR1","WDR3",9606,0.939,0,0,0,0.884,0,0,0.502
"9606.ENSP00000301364","9606.ENSP00000444136","TSR1","POLR1B",9606,0.991,0,0,0,0.972,0.555,0,0.364
"9606.ENSP00000301454","9606.ENSP00000356988","SLC25A23","NIT1",9606,0.411,0,0,0,0.06,0,0,0.399
"9606.ENSP00000301454","9606.ENSP00000392985","SLC25A23","HTATIP2",9606,0.43,0,0,0,0.074,0.409,0,0.043
"9606.ENSP00000301454","9606.ENSP00000407336","SLC25A23","NDUFB3",9606,0.633,0,0,0,0,0.584,0,0.154
"9606.ENSP00000301454","9606.ENSP00000356972","SLC25A23","NDUFS2",9606,0.808,0,0,0,0.047,0.747,0,0.267
"9606.ENSP00000301454","9606.ENSP00000493232","SLC25A23","MICU1",9606,0.985,0,0,0,0.049,0,0,0.985
"9606.ENSP00000301873","9606.ENSP00000355180","LTBP3","COL6A1",9606,0.459,0,0,0,0.169,0.091,0,0.341
"9606.ENSP00000301873","9606.ENSP00000367263","LTBP3","AHNAK",9606,0.475,0,0,0,0.085,0.132,0,0.392
"9606.ENSP00000301873","9606.ENSP00000363827","LTBP3","HSPG2",9606,0.66,0,0,0,0.178,0.045,0,0.601
"9606.ENSP00000301873","9606.ENSP00000345008","LTBP3","FBLN5",9606,0.712,0,0,0,0.084,0.046,0,0.697
"9606.ENSP00000301924","9606.ENSP00000495413","TRIM35","TRIM66",9606,0.471,0,0,0,0.049,0,0,0.466
"9606.ENSP00000302114","9606.ENSP00000351255","PRELID1","STAT4",9606,0.422,0,0,0,0,0,0,0.423
"9606.ENSP00000302578","9606.ENSP00000367407","LRATD2","NMT2",9606,0.4,0,0,0,0,0.401,0,0
"9606.ENSP00000302625","9606.ENSP00000372155","AXIN2","PSME1",9606,0.4,0,0,0,0,0,0.4,0
"9606.ENSP00000302625","9606.ENSP00000396937","AXIN2","PSMD13",9606,0.4,0,0,0,0,0,0.4,0
"9606.ENSP00000302625","9606.ENSP00000363993","AXIN2","PSMB9",9606,0.4,0,0,0,0,0,0.4,0
"9606.ENSP00000302625","9606.ENSP00000351314","AXIN2","PSMB10",9606,0.408,0,0,0,0.048,0.047,0.4,0
"9606.ENSP00000302625","9606.ENSP00000357876","AXIN2","PSMD4",9606,0.413,0,0,0,0,0,0.4,0.063
"9606.ENSP00000302625","9606.ENSP00000364016","AXIN2","PSMB8",9606,0.415,0,0,0,0.046,0.061,0.4,0
"9606.ENSP00000302625","9606.ENSP00000322570","AXIN2","POLE",9606,0.416,0,0,0,0,0,0,0.416
"9606.ENSP00000302625","9606.ENSP00000332973","AXIN2","SMAD3",9606,0.42,0,0,0,0.054,0.087,0,0.383
"9606.ENSP00000302625","9606.ENSP00000335320","AXIN2","BCL9L",9606,0.433,0,0,0,0.06,0,0,0.422
"9606.ENSP00000302625","9606.ENSP00000478721","AXIN2","RYK",9606,0.48,0,0,0,0.06,0,0,0.47
"9606.ENSP00000302625","9606.ENSP00000328181","AXIN2","NOG",9606,0.52,0,0,0,0.05,0,0,0.516
"9606.ENSP00000302625","9606.ENSP00000364150","AXIN2","GALNT12",9606,0.559,0,0,0,0.042,0,0,0.559
"9606.ENSP00000302625","9606.ENSP00000361107","AXIN2","BMPR1A",9606,0.562,0,0,0,0.057,0.127,0,0.51
"9606.ENSP00000302625","9606.ENSP00000332353","AXIN2","PTCH1",9606,0.572,0,0,0,0.113,0,0,0.537
"9606.ENSP00000302625","9606.ENSP00000478887","AXIN2","MYC",9606,0.794,0,0,0,0.053,0,0,0.792
"9606.ENSP00000302625","9606.ENSP00000359206","AXIN2","BTRC",9606,0.935,0,0,0,0.049,0.152,0,0.926
"9606.ENSP00000302625","9606.ENSP00000340347","AXIN2","TCF7",9606,0.983,0,0,0,0.128,0.106,0.9,0.813
"9606.ENSP00000303366","9606.ENSP00000452762","LMAN2","ETFA",9606,0.407,0,0,0,0.058,0,0,0.397
"9606.ENSP00000303366","9606.ENSP00000381237","LMAN2","HM13",9606,0.417,0,0,0,0.283,0,0,0.219
"9606.ENSP00000303366","9606.ENSP00000383719","LMAN2","UBE2J2",9606,0.434,0,0,0,0.087,0,0,0.405
"9606.ENSP00000303366","9606.ENSP00000356972","LMAN2","NDUFS2",9606,0.504,0,0,0,0.178,0.421,0,0
"9606.ENSP00000303366","9606.ENSP00000330945","LMAN2","TMED9",9606,0.57,0,0.056,0,0.481,0.075,0,0.164
"9606.ENSP00000303366","9606.ENSP00000475168","LMAN2","RER1",9606,0.653,0,0,0,0.384,0.213,0,0.341
"9606.ENSP00000303424","9606.ENSP00000417303","PTGDR","KLF8",9606,0.487,0,0,0,0.073,0,0,0.47
"9606.ENSP00000303427","9606.ENSP00000355899","PDS5A","RRP15",9606,0.42,0,0,0,0.075,0,0,0.399
"9606.ENSP00000303427","9606.ENSP00000362592","PDS5A","RBBP4",9606,0.508,0,0,0,0.217,0,0,0.396
"9606.ENSP00000303427","9606.ENSP00000353793","PDS5A","WDHD1",9606,0.729,0,0,0,0.399,0,0,0.567
"9606.ENSP00000303427","9606.ENSP00000482546","PDS5A","REC8",9606,0.972,0,0,0,0.111,0.566,0,0.935
"9606.ENSP00000303634","9606.ENSP00000363458","LRP8","LDLRAP1",9606,0.431,0,0,0,0,0.311,0,0.208
"9606.ENSP00000303634","9606.ENSP00000363827","LRP8","HSPG2",9606,0.646,0,0,0,0,0.407,0.4,0.087
"9606.ENSP00000303634","9606.ENSP00000497806","LRP8","DLG4",9606,0.856,0,0,0,0,0.49,0,0.73
"9606.ENSP00000303634","9606.ENSP00000477213","LRP8","APBB1",9606,0.898,0,0,0,0,0.292,0,0.862
"9606.ENSP00000303758","9606.ENSP00000361160","LUZP1","CCSER2",9606,0.444,0,0,0,0.099,0,0,0.408
"9606.ENSP00000303758","9606.ENSP00000478887","LUZP1","MYC",9606,0.468,0,0,0,0,0.216,0,0.35
"9606.ENSP00000303758","9606.ENSP00000378400","LUZP1","LIMA1",9606,0.573,0,0,0,0.095,0.161,0,0.482
"9606.ENSP00000304360","9606.ENSP00000490767","SMYD4","ING5",9606,0.421,0,0,0,0.16,0.068,0,0.32
"9606.ENSP00000304360","9606.ENSP00000388713","SMYD4","LANCL1",9606,0.436,0,0,0,0.058,0,0,0.426
"9606.ENSP00000304360","9606.ENSP00000322832","SMYD4","ROGDI",9606,0.456,0,0,0,0,0,0,0.456
"9606.ENSP00000304376","9606.ENSP00000375873","RAB24","ATG16L1",9606,0.458,0,0,0,0.057,0,0,0.449
"9606.ENSP00000304376","9606.ENSP00000346437","RAB24","ATG7",9606,0.544,0,0,0,0.073,0.045,0,0.526
"9606.ENSP00000304376","9606.ENSP00000369538","RAB24","GDI2",9606,0.765,0,0,0,0.069,0.724,0,0.158
"9606.ENSP00000304410","9606.ENSP00000380352","C2orf68","DDHD2",9606,0.456,0,0,0,0.045,0.454,0,0
"9606.ENSP00000304642","9606.ENSP00000346437","RETREG1","ATG7",9606,0.433,0,0,0,0.056,0,0,0.424
"9606.ENSP00000304642","9606.ENSP00000375873","RETREG1","ATG16L1",9606,0.435,0,0,0,0.062,0,0,0.422
"9606.ENSP00000304642","9606.ENSP00000363779","RETREG1","ELP1",9606,0.474,0,0,0,0.193,0,0,0.375
"9606.ENSP00000304642","9606.ENSP00000413572","RETREG1","NLE1",9606,0.479,0,0,0,0.321,0,0,0.265
"9606.ENSP00000305077","9606.ENSP00000445768","ZNF439","DENND11",9606,0.414,0,0,0,0.064,0,0,0.4
"9606.ENSP00000305288","9606.ENSP00000439937","NLGN2","HOMER3",9606,0.697,0,0,0,0.062,0,0.5,0.407
"9606.ENSP00000305288","9606.ENSP00000496007","NLGN2","SYNGAP1",9606,0.717,0,0,0,0.2,0,0,0.66
"9606.ENSP00000305288","9606.ENSP00000494788","NLGN2","CASK",9606,0.797,0,0,0,0.059,0.093,0.5,0.58
"9606.ENSP00000305288","9606.ENSP00000363480","NLGN2","DLG3",9606,0.883,0,0,0,0.081,0.282,0.5,0.689
"9606.ENSP00000305288","9606.ENSP00000490940","NLGN2","ARHGEF9",9606,0.95,0,0,0,0.055,0,0,0.949
"9606.ENSP00000305288","9606.ENSP00000497806","NLGN2","DLG4",9606,0.998,0,0,0,0.188,0.287,0.5,0.995
"9606.ENSP00000305416","9606.ENSP00000324511","S1PR1","SEPTIN1",9606,0.415,0,0,0,0.081,0,0,0.39
"9606.ENSP00000305416","9606.ENSP00000324890","S1PR1","CD28",9606,0.417,0,0,0,0.082,0,0,0.392
"9606.ENSP00000305416","9606.ENSP00000319476","S1PR1","ICOS",9606,0.419,0,0,0,0.067,0,0,0.403
"9606.ENSP00000305416","9606.ENSP00000376436","S1PR1","ETS1",9606,0.428,0,0,0,0.353,0,0,0.151
"9606.ENSP00000305416","9606.ENSP00000340347","S1PR1","TCF7",9606,0.428,0,0,0,0.115,0,0,0.38
"9606.ENSP00000305416","9606.ENSP00000431445","S1PR1","CD3G",9606,0.437,0,0,0,0.092,0,0,0.405
"9606.ENSP00000305416","9606.ENSP00000408695","S1PR1","PRKCA",9606,0.445,0,0,0,0.074,0.042,0,0.424
"9606.ENSP00000305416","9606.ENSP00000310244","S1PR1","RASGRP1",9606,0.447,0,0,0,0.085,0,0,0.421
"9606.ENSP00000305416","9606.ENSP00000368880","S1PR1","FOXO1",9606,0.468,0,0,0,0.124,0,0,0.418
"9606.ENSP00000305416","9606.ENSP00000365380","S1PR1","FOXP3",9606,0.478,0,0,0,0,0,0,0.478
"9606.ENSP00000305416","9606.ENSP00000306157","S1PR1","IL7R",9606,0.554,0,0,0,0.179,0,0,0.479
"9606.ENSP00000305416","9606.ENSP00000365596","S1PR1","GPR183",9606,0.604,0,0,0,0.268,0,0,0.481
"9606.ENSP00000305416","9606.ENSP00000409581","S1PR1","ARRB1",9606,0.642,0,0,0,0.049,0.108,0,0.611
"9606.ENSP00000305416","9606.ENSP00000498227","S1PR1","SELL",9606,0.83,0,0,0,0.183,0,0,0.801
"9606.ENSP00000305416","9606.ENSP00000313681","S1PR1","SPHK1",9606,0.918,0,0,0,0,0,0,0.918
"9606.ENSP00000305426","9606.ENSP00000344314","TUB","OFD1",9606,0.409,0,0,0,0,0,0,0.409
"9606.ENSP00000305426","9606.ENSP00000308820","TUB","RIC3",9606,0.421,0,0,0,0.08,0.045,0,0.393
"9606.ENSP00000305426","9606.ENSP00000497806","TUB","DLG4",9606,0.434,0,0,0,0.108,0,0,0.392
"9606.ENSP00000305529","9606.ENSP00000398655","SIRPG","ITK",9606,0.405,0,0,0,0.256,0.081,0,0.201
"9606.ENSP00000305529","9606.ENSP00000431445","SIRPG","CD3G",9606,0.416,0,0,0,0.335,0,0,0.159
"9606.ENSP00000305529","9606.ENSP00000319476","SIRPG","ICOS",9606,0.419,0,0,0,0.339,0,0,0.157
"9606.ENSP00000305529","9606.ENSP00000378856","SIRPG","LGALS9",9606,0.483,0,0,0,0.105,0,0,0.447
"9606.ENSP00000305529","9606.ENSP00000324890","SIRPG","CD28",9606,0.513,0,0,0,0.23,0.273,0,0.199
"9606.ENSP00000305529","9606.ENSP00000477713","SIRPG","LCK",9606,0.55,0,0,0,0.235,0.081,0,0.412
"9606.ENSP00000305529","9606.ENSP00000342681","SIRPG","CD5",9606,0.588,0,0,0,0.393,0.299,0,0.11
"9606.ENSP00000305529","9606.ENSP00000323280","SIRPG","CD6",9606,0.599,0,0,0,0.411,0,0,0.348
"9606.ENSP00000305529","9606.ENSP00000317327","SIRPG","UBASH3A",9606,0.609,0,0,0,0.341,0,0,0.431
"9606.ENSP00000305976","9606.ENSP00000363516","SIK2","RCAN3",9606,0.495,0,0,0,0,0,0,0.495
"9606.ENSP00000305976","9606.ENSP00000359719","SIK2","PRKACB",9606,0.911,0,0,0,0.055,0.05,0.9,0.13
"9606.ENSP00000306010","9606.ENSP00000440045","ARF4","ATP2A2",9606,0.479,0,0,0,0.105,0.071,0,0.424
"9606.ENSP00000306010","9606.ENSP00000354878","ARF4","KIF21A",9606,0.514,0,0,0,0.044,0,0.5,0.066
"9606.ENSP00000306010","9606.ENSP00000320821","ARF4","KIF1C",9606,0.549,0,0,0,0.047,0.069,0.5,0.104
"9606.ENSP00000306010","9606.ENSP00000408910","ARF4","DCTN2",9606,0.573,0,0,0,0.066,0.051,0.5,0.15
"9606.ENSP00000306010","9606.ENSP00000330945","ARF4","TMED9",9606,0.585,0,0,0,0.128,0,0.5,0.125
"9606.ENSP00000306010","9606.ENSP00000385808","ARF4","KIF3A",9606,0.628,0,0,0,0.049,0.105,0.5,0.229
"9606.ENSP00000306157","9606.ENSP00000327048","IL7R","MAF",9606,0.401,0,0,0,0.061,0,0,0.389
"9606.ENSP00000306157","9606.ENSP00000365692","IL7R","PIM2",9606,0.403,0,0,0,0.114,0,0,0.354
"9606.ENSP00000306157","9606.ENSP00000482968","IL7R","ALMS1",9606,0.414,0,0,0.414,0,0,0,0
"9606.ENSP00000306157","9606.ENSP00000380638","IL7R","PTK2B",9606,0.421,0,0,0,0.097,0.292,0,0.167
"9606.ENSP00000306157","9606.ENSP00000483570","IL7R","BTK",9606,0.422,0,0,0,0.106,0,0,0.379
"9606.ENSP00000306157","9606.ENSP00000462309","IL7R","CD300LF",9606,0.434,0,0,0.325,0.098,0,0,0.145
"9606.ENSP00000306157","9606.ENSP00000379873","IL7R","HLA-A",9606,0.449,0,0,0,0.092,0,0,0.419
"9606.ENSP00000306157","9606.ENSP00000332659","IL7R","CCR4",9606,0.46,0,0,0,0.084,0,0,0.434
"9606.ENSP00000306157","9606.ENSP00000325917","IL7R","PCSK7",9606,0.461,0,0,0,0.067,0,0,0.446
"9606.ENSP00000306157","9606.ENSP00000356058","IL7R","FCMR",9606,0.478,0,0,0.272,0.238,0,0,0.135
"9606.ENSP00000306157","9606.ENSP00000357036","IL7R","SLAMF6",9606,0.494,0,0,0,0.195,0,0,0.397
"9606.ENSP00000306157","9606.ENSP00000470176","IL7R","AP2S1",9606,0.5,0,0,0,0.042,0,0.5,0
"9606.ENSP00000306157","9606.ENSP00000349723","IL7R","BCL11B",9606,0.51,0,0,0,0.115,0,0,0.47
"9606.ENSP00000306157","9606.ENSP00000344544","IL7R","IKZF3",9606,0.514,0,0,0,0.181,0,0,0.431
"9606.ENSP00000306157","9606.ENSP00000365596","IL7R","GPR183",9606,0.516,0,0,0,0.276,0,0,0.359
"9606.ENSP00000306157","9606.ENSP00000363458","IL7R","LDLRAP1",9606,0.53,0,0,0,0.1,0,0.5,0
"9606.ENSP00000306157","9606.ENSP00000402758","IL7R","PMEL",9606,0.541,0,0,0,0,0,0,0.541
"9606.ENSP00000306157","9606.ENSP00000351255","IL7R","STAT4",9606,0.543,0,0,0,0.208,0,0,0.447
"9606.ENSP00000306157","9606.ENSP00000376436","IL7R","ETS1",9606,0.547,0,0,0,0.311,0,0,0.37
"9606.ENSP00000306157","9606.ENSP00000323280","IL7R","CD6",9606,0.583,0,0,0,0.342,0,0,0.393
"9606.ENSP00000306157","9606.ENSP00000478887","IL7R","MYC",9606,0.641,0,0,0,0.104,0,0,0.616
"9606.ENSP00000306157","9606.ENSP00000477815","IL7R","PTCRA",9606,0.647,0,0,0,0.08,0,0,0.632
"9606.ENSP00000306157","9606.ENSP00000338010","IL7R","IL21R",9606,0.674,0,0,0,0.211,0,0,0.604
"9606.ENSP00000306157","9606.ENSP00000368880","IL7R","FOXO1",9606,0.675,0,0,0,0.082,0.154,0,0.615
"9606.ENSP00000306157","9606.ENSP00000359663","IL7R","CD40LG",9606,0.679,0,0,0,0.266,0,0,0.581
"9606.ENSP00000306157","9606.ENSP00000470788","IL7R","IL12RB1",9606,0.684,0,0,0,0.122,0,0,0.655
"9606.ENSP00000306157","9606.ENSP00000340347","IL7R","TCF7",9606,0.695,0,0,0,0.126,0,0,0.666
"9606.ENSP00000306157","9606.ENSP00000438406","IL7R","SLAMF1",9606,0.705,0,0,0,0.137,0,0,0.672
"9606.ENSP00000306157","9606.ENSP00000428056","IL7R","PIK3R1",9606,0.711,0,0,0,0.05,0.292,0.5,0.244
"9606.ENSP00000306157","9606.ENSP00000342681","IL7R","CD5",9606,0.725,0,0,0,0.208,0,0,0.667
"9606.ENSP00000306157","9606.ENSP00000375795","IL7R","IL24",9606,0.74,0,0,0,0.125,0,0.65,0.222
"9606.ENSP00000306157","9606.ENSP00000381185","IL7R","BCL2",9606,0.742,0,0,0,0.075,0,0,0.733
"9606.ENSP00000306157","9606.ENSP00000431445","IL7R","CD3G",9606,0.766,0,0,0,0.353,0,0.4,0.447
"9606.ENSP00000306157","9606.ENSP00000398655","IL7R","ITK",9606,0.798,0,0,0,0.514,0,0,0.601
"9606.ENSP00000306157","9606.ENSP00000477713","IL7R","LCK",9606,0.809,0,0,0,0.177,0,0,0.778
"9606.ENSP00000306157","9606.ENSP00000324890","IL7R","CD28",9606,0.814,0,0,0,0.191,0,0,0.78
"9606.ENSP00000306157","9606.ENSP00000498227","IL7R","SELL",9606,0.851,0,0,0,0.197,0,0,0.822
"9606.ENSP00000306157","9606.ENSP00000365380","IL7R","FOXP3",9606,0.871,0,0,0,0,0,0,0.871
"9606.ENSP00000306157","9606.ENSP00000319476","IL7R","ICOS",9606,0.872,0,0,0,0.335,0,0,0.815
"9606.ENSP00000306844","9606.ENSP00000352882","SEMA4C","PLXNA4",9606,0.41,0,0,0,0,0.225,0,0.27
"9606.ENSP00000306844","9606.ENSP00000497806","SEMA4C","DLG4",9606,0.413,0,0,0,0.058,0.312,0,0.167
"9606.ENSP00000306844","9606.ENSP00000377061","SEMA4C","PLXNA1",9606,0.438,0,0,0,0.068,0.225,0,0.285
"9606.ENSP00000306844","9606.ENSP00000358696","SEMA4C","PLXNA3",9606,0.462,0,0,0,0.107,0.225,0,0.285
"9606.ENSP00000306920","9606.ENSP00000345008","GLB1","FBLN5",9606,0.443,0,0,0,0.042,0.045,0,0.44
"9606.ENSP00000306920","9606.ENSP00000480332","GLB1","TRAPPC3",9606,0.55,0,0,0,0.067,0.538,0,0
"9606.ENSP00000306920","9606.ENSP00000451206","GLB1","NPC2",9606,0.639,0,0,0,0.194,0,0,0.57
"9606.ENSP00000306920","9606.ENSP00000378394","GLB1","PSAP",9606,0.699,0,0,0,0.141,0.094,0,0.645
"9606.ENSP00000306920","9606.ENSP00000390784","GLB1","B3GALT4",9606,0.905,0,0,0,0.043,0,0.9,0.089
"9606.ENSP00000306920","9606.ENSP00000364782","GLB1","NEU1",9606,0.999,0.059,0,0,0.172,0.735,0.8,0.997
"9606.ENSP00000306920","9606.ENSP00000361562","GLB1","CTSA",9606,0.999,0,0,0,0.336,0.837,0.4,0.999
"9606.ENSP00000306983","9606.ENSP00000346359","YEATS2","KIAA0586",9606,0.461,0,0,0,0.067,0,0,0.446
"9606.ENSP00000306983","9606.ENSP00000369695","YEATS2","MLLT3",9606,0.689,0,0,0,0,0,0.54,0.351
"9606.ENSP00000306983","9606.ENSP00000415436","YEATS2","KANSL2",9606,0.7,0,0,0,0.049,0.195,0.54,0.248
"9606.ENSP00000306983","9606.ENSP00000396749","YEATS2","KANSL3",9606,0.733,0,0,0,0.337,0.195,0.54,0.042
"9606.ENSP00000306983","9606.ENSP00000339917","YEATS2","TAF9B",9606,0.793,0,0,0,0.049,0.265,0.72,0.07
"9606.ENSP00000306983","9606.ENSP00000356848","YEATS2","TADA1",9606,0.837,0,0,0,0.077,0.22,0.72,0.289
"9606.ENSP00000307214","9606.ENSP00000361446","LCMT2","POLR3A",9606,0.465,0,0,0,0.121,0,0,0.415
"9606.ENSP00000307214","9606.ENSP00000352645","LCMT2","TYW1",9606,0.864,0,0,0,0.087,0,0,0.858
"9606.ENSP00000307411","9606.ENSP00000370114","MLLT10","PSIP1",9606,0.432,0,0,0,0.062,0,0,0.419
"9606.ENSP00000307411","9606.ENSP00000410059","MLLT10","EEF1D",9606,0.457,0,0,0,0,0.458,0,0
"9606.ENSP00000307411","9606.ENSP00000386834","MLLT10","AFF3",9606,0.615,0,0,0,0,0,0,0.615
"9606.ENSP00000307411","9606.ENSP00000341524","MLLT10","SEPTIN6",9606,0.709,0,0,0,0,0,0,0.709
"9606.ENSP00000307411","9606.ENSP00000348769","MLLT10","ARIH2",9606,0.724,0,0,0,0.047,0,0,0.723
"9606.ENSP00000307411","9606.ENSP00000436786","MLLT10","KMT2A",9606,0.851,0,0,0,0.082,0,0,0.845
"9606.ENSP00000307411","9606.ENSP00000369695","MLLT10","MLLT3",9606,0.996,0,0,0,0.044,0.51,0,0.992
"9606.ENSP00000307604","9606.ENSP00000325634","ZBTB5","ZNF639",9606,0.422,0,0,0,0.053,0,0,0.415
"9606.ENSP00000307850","9606.ENSP00000332973","DRAP1","SMAD3",9606,0.405,0,0,0,0.049,0,0.4,0
"9606.ENSP00000307850","9606.ENSP00000339917","DRAP1","TAF9B",9606,0.497,0,0,0,0,0.491,0,0.053
"9606.ENSP00000307850","9606.ENSP00000351490","DRAP1","MAX",9606,0.543,0,0,0,0.049,0,0.54,0
"9606.ENSP00000307850","9606.ENSP00000478887","DRAP1","MYC",9606,0.584,0,0,0,0,0,0.54,0.133
"9606.ENSP00000307854","9606.ENSP00000456218","PCMTD2","EARS2",9606,0.446,0,0,0,0,0,0,0.446
"9606.ENSP00000308117","9606.ENSP00000350815","CD248","NR3C2",9606,0.403,0,0,0,0.042,0.05,0,0.397
"9606.ENSP00000308117","9606.ENSP00000397312","CD248","LRRN3",9606,0.447,0,0,0,0.212,0.099,0,0.284
"9606.ENSP00000308117","9606.ENSP00000355180","CD248","COL6A1",9606,0.453,0,0,0,0.342,0.091,0,0.159
"9606.ENSP00000308117","9606.ENSP00000324101","CD248","CD151",9606,0.503,0,0,0,0.061,0,0,0.492
"9606.ENSP00000308117","9606.ENSP00000354916","CD248","CDC14A",9606,0.505,0,0,0,0,0.088,0,0.48
"9606.ENSP00000308117","9606.ENSP00000323927","CD248","PLXDC1",9606,0.824,0,0,0,0.192,0,0,0.791
"9606.ENSP00000308117","9606.ENSP00000360821","CD248","UBAC1",9606,0.875,0,0,0,0,0,0,0.875
"9606.ENSP00000308179","9606.ENSP00000407182","WDR3","TNPO2",9606,0.404,0,0,0,0.297,0,0,0.186
"9606.ENSP00000308179","9606.ENSP00000419740","WDR3","NSUN4",9606,0.406,0,0,0,0.4,0,0,0.05
"9606.ENSP00000308179","9606.ENSP00000363779","WDR3","ELP1",9606,0.417,0,0,0,0.417,0,0,0
"9606.ENSP00000308179","9606.ENSP00000355899","WDR3","RRP15",9606,0.458,0,0,0,0.458,0,0,0
"9606.ENSP00000308179","9606.ENSP00000377681","WDR3","G3BP1",9606,0.459,0,0,0,0.258,0.292,0,0.053
"9606.ENSP00000308179","9606.ENSP00000310042","WDR3","ZNF622",9606,0.48,0,0,0,0.396,0,0,0.175
"9606.ENSP00000308179","9606.ENSP00000352420","WDR3","LDLRAD4",9606,0.531,0,0,0,0.517,0.059,0,0.053
"9606.ENSP00000308179","9606.ENSP00000364589","WDR3","CUL4A",9606,0.535,0,0,0,0.18,0,0,0.457
"9606.ENSP00000308179","9606.ENSP00000413572","WDR3","NLE1",9606,0.671,0,0,0,0.671,0,0,0
"9606.ENSP00000308179","9606.ENSP00000372199","WDR3","URB1",9606,0.684,0,0,0,0.67,0,0,0.083
"9606.ENSP00000308179","9606.ENSP00000378857","WDR3","WDR6",9606,0.689,0,0,0,0.518,0,0,0.383
"9606.ENSP00000308179","9606.ENSP00000417402","WDR3","PUS7",9606,0.718,0,0,0,0.718,0,0,0
"9606.ENSP00000308179","9606.ENSP00000364037","WDR3","TEX10",9606,0.778,0,0,0,0.359,0,0.5,0.363
"9606.ENSP00000308179","9606.ENSP00000361446","WDR3","POLR3A",9606,0.78,0,0,0,0.756,0,0,0.135
"9606.ENSP00000308179","9606.ENSP00000361232","WDR3","DDX31",9606,0.847,0,0,0,0.838,0.095,0,0
"9606.ENSP00000308179","9606.ENSP00000442053","WDR3","RBM19",9606,0.855,0,0,0,0.829,0.095,0,0.141
"9606.ENSP00000308179","9606.ENSP00000419005","WDR3","UTP25",9606,0.896,0,0,0,0.626,0,0.54,0.446
"9606.ENSP00000308179","9606.ENSP00000444136","WDR3","POLR1B",9606,0.958,0,0,0,0.94,0,0,0.333
"9606.ENSP00000308219","9606.ENSP00000328181","RGMB","NOG",9606,0.569,0,0,0,0.056,0,0,0.563
"9606.ENSP00000308219","9606.ENSP00000361107","RGMB","BMPR1A",9606,0.945,0,0,0,0,0.316,0.9,0.26
"9606.ENSP00000308219","9606.ENSP00000341198","RGMB","NEO1",9606,0.995,0,0,0,0.087,0.915,0.5,0.908
"9606.ENSP00000308479","9606.ENSP00000490240","GPR171","ZNF831",9606,0.418,0,0,0,0.212,0,0,0.292
"9606.ENSP00000308479","9606.ENSP00000431445","GPR171","CD3G",9606,0.487,0,0,0,0.327,0,0,0.27
"9606.ENSP00000308479","9606.ENSP00000319476","GPR171","ICOS",9606,0.496,0,0,0,0.434,0,0,0.147
"9606.ENSP00000308479","9606.ENSP00000477713","GPR171","LCK",9606,0.521,0,0,0,0.437,0,0,0.185
"9606.ENSP00000308479","9606.ENSP00000398655","GPR171","ITK",9606,0.542,0,0,0,0.477,0,0,0.16
"9606.ENSP00000308820","9606.ENSP00000334592","RIC3","CYP2R1",9606,0.444,0,0,0,0.043,0.071,0,0.425
"9606.ENSP00000308820","9606.ENSP00000433681","RIC3","NCAPD3",9606,0.45,0,0,0,0,0.45,0,0
"9606.ENSP00000308820","9606.ENSP00000446576","RIC3","ATXN2",9606,0.471,0,0,0,0,0,0,0.471
"9606.ENSP00000308893","9606.ENSP00000347140","SNED1","ASGR2",9606,0.403,0,0,0,0,0.101,0,0.363
"9606.ENSP00000309198","9606.ENSP00000356064","UBE3C","TULP4",9606,0.429,0,0,0,0.061,0,0,0.417
"9606.ENSP00000309198","9606.ENSP00000367263","UBE3C","AHNAK",9606,0.448,0,0,0,0.053,0.295,0,0.239
"9606.ENSP00000309198","9606.ENSP00000417748","UBE3C","DDI2",9606,0.45,0,0,0,0.309,0,0,0.237
"9606.ENSP00000309198","9606.ENSP00000386738","UBE3C","KCMF1",9606,0.476,0,0,0,0.323,0,0,0.258
"9606.ENSP00000309198","9606.ENSP00000364261","UBE3C","OTUD3",9606,0.483,0,0,0,0.06,0,0,0.472
"9606.ENSP00000309198","9606.ENSP00000396937","UBE3C","PSMD13",9606,0.555,0,0,0,0.049,0.471,0,0.188
"9606.ENSP00000309198","9606.ENSP00000357876","UBE3C","PSMD4",9606,0.76,0,0,0,0.049,0.495,0,0.541
"9606.ENSP00000309548","9606.ENSP00000457991","PDP2","PHLPP2",9606,0.409,0.042,0,0,0.243,0,0,0.25
"9606.ENSP00000309548","9606.ENSP00000374447","PDP2","LRCH1",9606,0.507,0,0,0,0,0.097,0,0.477
"9606.ENSP00000309792","9606.ENSP00000355800","TMEM234","TMEM63A",9606,0.43,0,0,0,0.049,0,0,0.425
"9606.ENSP00000309953","9606.ENSP00000332973","EFEMP2","SMAD3",9606,0.407,0,0,0,0.072,0.043,0,0.386
"9606.ENSP00000309953","9606.ENSP00000355180","EFEMP2","COL6A1",9606,0.543,0,0,0,0.248,0.091,0,0.385
"9606.ENSP00000309953","9606.ENSP00000345008","EFEMP2","FBLN5",9606,0.837,0,0,0.064,0.164,0.405,0.5,0.409
"9606.ENSP00000309953","9606.ENSP00000332247","EFEMP2","ATP6V0A2",9606,0.906,0,0,0,0,0.058,0,0.905
"9606.ENSP00000310042","9606.ENSP00000364037","ZNF622","TEX10",9606,0.408,0,0,0,0.133,0,0,0.345
"9606.ENSP00000310042","9606.ENSP00000363641","ZNF622","TXN",9606,0.447,0,0,0,0.055,0,0,0.439
"9606.ENSP00000310042","9606.ENSP00000413572","ZNF622","NLE1",9606,0.484,0,0,0,0.327,0,0,0.265
"9606.ENSP00000310042","9606.ENSP00000358400","ZNF622","MDN1",9606,0.62,0,0,0,0.093,0,0.54,0.162
"9606.ENSP00000310042","9606.ENSP00000355899","ZNF622","RRP15",9606,0.693,0,0,0,0.344,0,0.54,0.064
"9606.ENSP00000310244","9606.ENSP00000371219","RASGRP1","RHOH",9606,0.423,0,0,0,0.137,0.134,0,0.29
"9606.ENSP00000310244","9606.ENSP00000378845","RASGRP1","LAT",9606,0.485,0,0,0,0.107,0,0,0.448
"9606.ENSP00000310244","9606.ENSP00000380150","RASGRP1","CARD11",9606,0.489,0,0,0,0.101,0.071,0,0.438
"9606.ENSP00000310244","9606.ENSP00000477713","RASGRP1","LCK",9606,0.592,0,0,0,0.194,0.084,0,0.491
"9606.ENSP00000310244","9606.ENSP00000363435","RASGRP1","ITPR3",9606,0.623,0,0,0,0.06,0,0.5,0.262
"9606.ENSP00000310244","9606.ENSP00000385019","RASGRP1","CACNA1I",9606,0.665,0,0,0,0.083,0,0.65,0
"9606.ENSP00000310244","9606.ENSP00000398655","RASGRP1","ITK",9606,0.725,0,0,0,0.335,0.084,0,0.585
"9606.ENSP00000310244","9606.ENSP00000377703","RASGRP1","DGKA",9606,0.871,0,0,0,0.088,0,0,0.865
"9606.ENSP00000310447","9606.ENSP00000335320","GLS2","BCL9L",9606,0.4,0,0,0,0,0,0,0.401
"9606.ENSP00000310447","9606.ENSP00000478887","GLS2","MYC",9606,0.472,0,0,0,0,0,0,0.472
"9606.ENSP00000310447","9606.ENSP00000449756","GLS2","SLC38A1",9606,0.482,0,0,0,0,0,0,0.482
"9606.ENSP00000310447","9606.ENSP00000377845","GLS2","ASNS",9606,0.522,0,0,0,0.047,0,0,0.519
"9606.ENSP00000310447","9606.ENSP00000456218","GLS2","EARS2",9606,0.803,0.042,0,0,0.056,0,0.8,0
"9606.ENSP00000310447","9606.ENSP00000379895","GLS2","GATM",9606,0.835,0,0,0,0.067,0,0.8,0.189
"9606.ENSP00000310688","9606.ENSP00000498260","ABCD2","ACSL6",9606,0.624,0,0,0,0.144,0.1,0,0.552
"9606.ENSP00000310688","9606.ENSP00000464814","ABCD2","COASY",9606,0.648,0,0,0,0,0,0,0.648
"9606.ENSP00000310880","9606.ENSP00000380638","MAL","PTK2B",9606,0.412,0,0,0,0.15,0,0,0.336
"9606.ENSP00000310880","9606.ENSP00000341524","MAL","SEPTIN6",9606,0.507,0,0,0,0.062,0,0,0.496
"9606.ENSP00000310928","9606.ENSP00000379330","PPARD","NFATC2",9606,0.429,0,0,0,0.042,0,0,0.429
"9606.ENSP00000310928","9606.ENSP00000368880","PPARD","FOXO1",9606,0.496,0,0,0,0.044,0.054,0,0.487
"9606.ENSP00000310928","9606.ENSP00000384851","PPARD","ESRRA",9606,0.516,0,0,0,0.049,0,0,0.512
"9606.ENSP00000310928","9606.ENSP00000408695","PPARD","PRKCA",9606,0.532,0,0,0,0.056,0,0,0.525
"9606.ENSP00000310928","9606.ENSP00000332973","PPARD","SMAD3",9606,0.583,0,0,0,0.049,0.045,0,0.578
"9606.ENSP00000310928","9606.ENSP00000478887","PPARD","MYC",9606,0.626,0,0,0,0.053,0.045,0,0.62
"9606.ENSP00000311035","9606.ENSP00000347948","CD200R1","TNFRSF14",9606,0.403,0,0,0,0.07,0,0,0.384
"9606.ENSP00000311035","9606.ENSP00000365380","CD200R1","FOXP3",9606,0.404,0,0,0,0.062,0,0,0.391
"9606.ENSP00000311035","9606.ENSP00000319476","CD200R1","ICOS",9606,0.405,0,0,0,0.116,0,0,0.354
"9606.ENSP00000311035","9606.ENSP00000324890","CD200R1","CD28",9606,0.421,0,0,0,0.108,0,0,0.377
"9606.ENSP00000311035","9606.ENSP00000378856","CD200R1","LGALS9",9606,0.427,0,0,0,0.085,0.048,0,0.396
"9606.ENSP00000311035","9606.ENSP00000359663","CD200R1","CD40LG",9606,0.434,0,0,0,0.146,0.098,0,0.324
"9606.ENSP00000311035","9606.ENSP00000365227","CD200R1","AIF1",9606,0.473,0,0,0,0.088,0,0,0.446
"9606.ENSP00000311035","9606.ENSP00000353259","CD200R1","CD300A",9606,0.58,0,0,0,0.109,0.071,0,0.533
"9606.ENSP00000311368","9606.ENSP00000364589","POLD4","CUL4A",9606,0.575,0,0,0,0.054,0,0.5,0.174
"9606.ENSP00000311368","9606.ENSP00000361310","POLD4","POLH",9606,0.594,0,0,0,0,0,0.5,0.223
"9606.ENSP00000311368","9606.ENSP00000322570","POLD4","POLE",9606,0.799,0,0,0,0.049,0.488,0.54,0.211
"9606.ENSP00000312222","9606.ENSP00000341213","ZHX3","RAB5IF",9606,0.46,0,0,0,0,0,0,0.46
"9606.ENSP00000312397","9606.ENSP00000492240","KLHL3","KCTD7",9606,0.4,0,0,0,0,0,0.4,0
"9606.ENSP00000312397","9606.ENSP00000394331","KLHL3","COMMD5",9606,0.499,0,0,0,0,0,0.5,0
"9606.ENSP00000312397","9606.ENSP00000362807","KLHL3","PEF1",9606,0.749,0,0,0,0,0.095,0.72,0.091
"9606.ENSP00000312397","9606.ENSP00000348278","KLHL3","STK39",9606,0.78,0,0,0,0.048,0,0,0.779
"9606.ENSP00000312397","9606.ENSP00000370671","KLHL3","KLHL42",9606,0.919,0,0,0.146,0.048,0.062,0.9,0.106
"9606.ENSP00000312397","9606.ENSP00000497351","KLHL3","GAN",9606,0.925,0,0,0.127,0,0.099,0.9,0.166
"9606.ENSP00000313490","9606.ENSP00000382595","PFAS","PAICS",9606,0.821,0,0,0,0.108,0.229,0,0.761
"9606.ENSP00000313670","9606.ENSP00000369538","ALS2CL","GDI2",9606,0.406,0,0,0,0,0.051,0.4,0
"9606.ENSP00000313670","9606.ENSP00000377061","ALS2CL","PLXNA1",9606,0.456,0,0,0,0.048,0,0,0.452
"9606.ENSP00000313670","9606.ENSP00000411565","ALS2CL","DHRS12",9606,0.46,0,0,0,0.061,0.097,0,0.414
"9606.ENSP00000313681","9606.ENSP00000430269","SPHK1","EPHX2",9606,0.412,0.109,0,0,0,0,0,0.368
"9606.ENSP00000313681","9606.ENSP00000386531","SPHK1","SMPD4",9606,0.428,0,0,0,0.049,0,0,0.424
"9606.ENSP00000313681","9606.ENSP00000409581","SPHK1","ARRB1",9606,0.435,0,0,0,0,0,0,0.435
"9606.ENSP00000313681","9606.ENSP00000381185","SPHK1","BCL2",9606,0.445,0,0,0,0,0,0,0.445
"9606.ENSP00000313681","9606.ENSP00000478212","SPHK1","AKAP1",9606,0.447,0,0,0,0,0,0,0.447
"9606.ENSP00000313681","9606.ENSP00000362994","SPHK1","TRAF1",9606,0.462,0,0,0,0.075,0,0,0.442
"9606.ENSP00000313681","9606.ENSP00000382342","SPHK1","ABCC1",9606,0.471,0,0,0,0.061,0,0,0.46
"9606.ENSP00000313681","9606.ENSP00000377703","SPHK1","DGKA",9606,0.713,0,0,0,0,0,0,0.713
"9606.ENSP00000313681","9606.ENSP00000408695","SPHK1","PRKCA",9606,0.932,0,0,0,0,0,0.9,0.348
"9606.ENSP00000313681","9606.ENSP00000325485","SPHK1","CERS5",9606,0.962,0,0,0,0,0,0.9,0.636
"9606.ENSP00000313681","9606.ENSP00000315137","SPHK1","SGPP2",9606,0.975,0.053,0,0,0.045,0.071,0.918,0.7
"9606.ENSP00000313811","9606.ENSP00000326424","USP20","NADSYN1",9606,0.422,0,0,0,0.125,0.076,0,0.343
"9606.ENSP00000313811","9606.ENSP00000481859","USP20","PAN2",9606,0.551,0,0,0,0.147,0,0,0.495
"9606.ENSP00000314099","9606.ENSP00000413572","CA5B","NLE1",9606,0.411,0,0,0,0.363,0,0,0.114
"9606.ENSP00000314099","9606.ENSP00000357914","CA5B","GABPB2",9606,0.415,0,0,0,0.406,0.049,0,0.048
"9606.ENSP00000314099","9606.ENSP00000366654","CA5B","CA6",9606,0.427,0,0,0.186,0.067,0,0,0.306
"9606.ENSP00000314444","9606.ENSP00000493946","WDR35","RPGRIP1L",9606,0.441,0,0,0,0.137,0,0,0.379
"9606.ENSP00000314444","9606.ENSP00000359719","WDR35","PRKACB",9606,0.519,0,0,0,0,0,0.5,0.078
"9606.ENSP00000314444","9606.ENSP00000346359","WDR35","KIAA0586",9606,0.564,0,0,0,0.056,0,0,0.557
"9606.ENSP00000314444","9606.ENSP00000385808","WDR35","KIF3A",9606,0.576,0,0,0,0.134,0,0,0.53
"9606.ENSP00000314444","9606.ENSP00000497174","WDR35","DYNC2H1",9606,0.755,0,0,0,0.154,0,0,0.722
"9606.ENSP00000315137","9606.ENSP00000386531","SGPP2","SMPD4",9606,0.929,0,0,0,0.056,0,0.9,0.309
"9606.ENSP00000315137","9606.ENSP00000325485","SGPP2","CERS5",9606,0.94,0,0,0,0,0.126,0.9,0.377
"9606.ENSP00000315152","9606.ENSP00000360577","METAP1D","ECHDC2",9606,0.403,0.069,0,0,0.099,0,0.243,0.172
"9606.ENSP00000315152","9606.ENSP00000361769","METAP1D","RIMS3",9606,0.436,0,0,0,0,0,0,0.436
"9606.ENSP00000315152","9606.ENSP00000452762","METAP1D","ETFA",9606,0.732,0.231,0,0,0,0.507,0,0.351
"9606.ENSP00000315410","9606.ENSP00000355396","OSBPL3","LRIG2",9606,0.413,0,0,0,0,0,0,0.413
"9606.ENSP00000315410","9606.ENSP00000350686","OSBPL3","ANKLE2",9606,0.414,0,0,0,0.074,0.053,0,0.385
"9606.ENSP00000315775","9606.ENSP00000466298","COG4","STX10",9606,0.43,0,0,0,0.074,0,0,0.41
"9606.ENSP00000315775","9606.ENSP00000408910","COG4","DCTN2",9606,0.509,0,0,0,0.06,0,0.5,0
"9606.ENSP00000315775","9606.ENSP00000497733","COG4","CDC42",9606,0.555,0,0,0,0.049,0,0.54,0.064
"9606.ENSP00000315775","9606.ENSP00000363452","COG4","MAN1C1",9606,0.576,0,0,0,0,0.144,0.5,0.091
"9606.ENSP00000315775","9606.ENSP00000353401","COG4","CUX1",9606,0.621,0,0,0,0.049,0.112,0.5,0.208
"9606.ENSP00000315775","9606.ENSP00000478557","COG4","ZNF787",9606,0.725,0,0,0,0.044,0,0,0.725
"9606.ENSP00000315775","9606.ENSP00000435189","COG4","RAB30",9606,0.846,0,0,0,0.049,0.226,0.5,0.632
"9606.ENSP00000316905","9606.ENSP00000497280","SFXN1","AGK",9606,0.413,0,0,0,0.076,0.162,0,0.303
"9606.ENSP00000316905","9606.ENSP00000368688","SFXN1","LYRM7",9606,0.419,0,0,0,0.09,0,0,0.387
"9606.ENSP00000316905","9606.ENSP00000358909","SFXN1","SFXN2",9606,0.593,0,0,0.064,0.06,0.33,0,0.392
"9606.ENSP00000317027","9606.ENSP00000353142","GCNT4","GAL3ST4",9606,0.456,0,0,0,0,0,0,0.456
"9606.ENSP00000317327","9606.ENSP00000499037","UBASH3A","CBLB",9606,0.406,0,0,0,0.049,0.329,0,0.143
"9606.ENSP00000317327","9606.ENSP00000357036","UBASH3A","SLAMF6",9606,0.428,0,0,0,0.179,0,0,0.332
"9606.ENSP00000317327","9606.ENSP00000378845","UBASH3A","LAT",9606,0.446,0,0,0,0.313,0.13,0,0.146
"9606.ENSP00000317327","9606.ENSP00000367013","UBASH3A","TNFRSF25",9606,0.47,0,0,0,0.208,0,0,0.359
"9606.ENSP00000317327","9606.ENSP00000342681","UBASH3A","CD5",9606,0.479,0,0,0,0.353,0,0,0.228
"9606.ENSP00000317327","9606.ENSP00000319476","UBASH3A","ICOS",9606,0.551,0,0,0,0.451,0,0,0.216
"9606.ENSP00000317327","9606.ENSP00000477713","UBASH3A","LCK",9606,0.604,0,0,0,0.434,0.048,0,0.325
"9606.ENSP00000317327","9606.ENSP00000398655","UBASH3A","ITK",9606,0.611,0,0,0,0.486,0.048,0,0.269
"9606.ENSP00000317327","9606.ENSP00000431445","UBASH3A","CD3G",9606,0.62,0,0,0,0.476,0,0,0.304
"9606.ENSP00000317327","9606.ENSP00000323280","UBASH3A","CD6",9606,0.671,0,0,0,0.321,0,0,0.536
"9606.ENSP00000317714","9606.ENSP00000497733","STX4","CDC42",9606,0.419,0,0,0,0.055,0.209,0,0.285
"9606.ENSP00000317714","9606.ENSP00000408695","STX4","PRKCA",9606,0.504,0,0,0,0.049,0,0.4,0.2
"9606.ENSP00000317714","9606.ENSP00000357674","STX4","SNAPIN",9606,0.603,0,0,0,0.054,0,0,0.598
"9606.ENSP00000317714","9606.ENSP00000357564","STX4","RAB13",9606,0.686,0,0,0,0.063,0.1,0.5,0.343
"9606.ENSP00000317714","9606.ENSP00000361467","STX4","DLG5",9606,0.747,0,0,0,0.042,0.073,0,0.739
"9606.ENSP00000317714","9606.ENSP00000466298","STX4","STX10",9606,0.774,0,0,0,0.062,0.322,0.54,0.32
"9606.ENSP00000317714","9606.ENSP00000369465","STX4","TXLNG",9606,0.904,0,0,0,0.042,0,0,0.904
"9606.ENSP00000317714","9606.ENSP00000365530","STX4","STXBP4",9606,0.958,0,0,0,0.058,0.095,0,0.955
"9606.ENSP00000318086","9606.ENSP00000334657","MAP7D3","TRIM46",9606,0.408,0,0,0,0.069,0,0,0.39
"9606.ENSP00000318086","9606.ENSP00000359271","MAP7D3","ZNF275",9606,0.422,0,0,0,0.12,0.071,0,0.35
"9606.ENSP00000318086","9606.ENSP00000393379","MAP7D3","KIF5C",9606,0.459,0,0,0,0.059,0.131,0,0.391
"9606.ENSP00000318154","9606.ENSP00000318352","MRFAP1L1","MRFAP1",9606,0.721,0,0,0,0.149,0.686,0,0
"9606.ENSP00000318351","9606.ENSP00000382071","BCKDHB","HLCS",9606,0.4,0,0,0,0.122,0,0,0.345
"9606.ENSP00000318351","9606.ENSP00000369176","BCKDHB","NDUFB6",9606,0.415,0,0,0,0.41,0,0,0.049
"9606.ENSP00000318351","9606.ENSP00000410042","BCKDHB","BRD1",9606,0.421,0,0,0,0.042,0.421,0,0
"9606.ENSP00000318351","9606.ENSP00000406885","BCKDHB","TMEM41A",9606,0.422,0,0,0,0.06,0,0.385,0.081
"9606.ENSP00000318351","9606.ENSP00000430269","BCKDHB","EPHX2",9606,0.49,0.109,0,0,0.196,0,0.222,0.193
"9606.ENSP00000318351","9606.ENSP00000363614","BCKDHB","HMGCL",9606,0.49,0,0,0,0.091,0.056,0,0.454
"9606.ENSP00000318351","9606.ENSP00000356953","BCKDHB","SDHC",9606,0.531,0,0,0,0.309,0,0,0.349
"9606.ENSP00000318351","9606.ENSP00000364649","BCKDHB","SDHB",9606,0.593,0.046,0,0,0.365,0.092,0,0.348
"9606.ENSP00000318351","9606.ENSP00000452762","BCKDHB","ETFA",9606,0.628,0.046,0,0,0.415,0.071,0,0.367
"9606.ENSP00000318351","9606.ENSP00000419325","BCKDHB","SUCLG2",9606,0.746,0,0,0,0.163,0.07,0.604,0.271
"9606.ENSP00000318351","9606.ENSP00000357873","BCKDHB","ACADSB",9606,0.753,0.049,0,0,0.163,0.053,0.393,0.544
"9606.ENSP00000318351","9606.ENSP00000341117","BCKDHB","SDSL",9606,0.829,0,0,0,0.055,0,0.8,0.17
"9606.ENSP00000318352","9606.ENSP00000364589","MRFAP1","CUL4A",9606,0.45,0,0,0,0.074,0.292,0,0.229
"9606.ENSP00000318352","9606.ENSP00000408910","MRFAP1","DCTN2",9606,0.452,0,0,0,0.452,0,0,0
"9606.ENSP00000318352","9606.ENSP00000498999","MRFAP1","FBXW8",9606,0.517,0,0,0,0,0.292,0,0.346
"9606.ENSP00000318822","9606.ENSP00000363478","BID","TMEM50A",9606,0.47,0,0,0,0.056,0,0,0.462
"9606.ENSP00000318822","9606.ENSP00000384924","BID","RTL10",9606,0.507,0,0,0,0,0,0,0.507
"9606.ENSP00000318822","9606.ENSP00000394560","BID","MAPK9",9606,0.911,0,0,0,0.042,0,0.9,0.152
"9606.ENSP00000318822","9606.ENSP00000357981","BID","CTSS",9606,0.957,0,0,0,0.154,0,0.9,0.536
"9606.ENSP00000318822","9606.ENSP00000381185","BID","BCL2",9606,0.998,0,0,0,0.055,0.872,0.9,0.92
"9606.ENSP00000318914","9606.ENSP00000386896","PNMA1","ITGA6",9606,0.432,0,0,0,0.087,0,0,0.403
"9606.ENSP00000318914","9606.ENSP00000340434","PNMA1","RTL6",9606,0.462,0,0,0,0.137,0,0,0.402
"9606.ENSP00000318914","9606.ENSP00000468720","PNMA1","ZNF253",9606,0.529,0,0,0,0,0.05,0.098,0.494
"9606.ENSP00000319341","9606.ENSP00000448073","LSM10","PRPF40B",9606,0.495,0,0,0,0,0.48,0,0.07
"9606.ENSP00000319341","9606.ENSP00000358716","LSM10","DDX20",9606,0.679,0,0,0,0.045,0.163,0,0.63
"9606.ENSP00000319341","9606.ENSP00000494831","LSM10","SNRPN",9606,0.695,0,0,0,0.143,0.496,0,0.351
"9606.ENSP00000319341","9606.ENSP00000344241","LSM10","ZMAT5",9606,0.703,0,0,0,0.189,0.571,0,0.215
"9606.ENSP00000319341","9606.ENSP00000451129","LSM10","SNW1",9606,0.798,0,0,0,0.048,0.783,0,0.102
"9606.ENSP00000319341","9606.ENSP00000416534","LSM10","DDX46",9606,0.846,0,0,0,0.045,0.841,0,0.073
"9606.ENSP00000319341","9606.ENSP00000386023","LSM10","BUD31",9606,0.852,0,0,0,0.1,0.842,0,0.045
"9606.ENSP00000319476","9606.ENSP00000379330","ICOS","NFATC2",9606,0.407,0,0,0,0.129,0,0,0.348
"9606.ENSP00000319476","9606.ENSP00000381185","ICOS","BCL2",9606,0.42,0,0,0,0.107,0,0,0.376
"9606.ENSP00000319476","9606.ENSP00000483570","ICOS","BTK",9606,0.425,0,0,0,0.125,0,0,0.37
"9606.ENSP00000319476","9606.ENSP00000380150","ICOS","CARD11",9606,0.432,0,0,0,0.196,0,0,0.323
"9606.ENSP00000319476","9606.ENSP00000332659","ICOS","CCR4",9606,0.439,0,0,0,0.139,0,0,0.376
"9606.ENSP00000319476","9606.ENSP00000329932","ICOS","LGALS9C",9606,0.45,0,0,0,0.067,0,0,0.435
"9606.ENSP00000319476","9606.ENSP00000470788","ICOS","IL12RB1",9606,0.46,0,0,0,0.101,0,0,0.424
"9606.ENSP00000319476","9606.ENSP00000367013","ICOS","TNFRSF25",9606,0.477,0,0,0,0.174,0,0,0.393
"9606.ENSP00000319476","9606.ENSP00000365596","ICOS","GPR183",9606,0.563,0,0,0,0.282,0,0,0.417
"9606.ENSP00000319476","9606.ENSP00000357036","ICOS","SLAMF6",9606,0.575,0,0,0,0.201,0,0,0.49
"9606.ENSP00000319476","9606.ENSP00000340347","ICOS","TCF7",9606,0.581,0,0,0,0.187,0,0,0.506
"9606.ENSP00000319476","9606.ENSP00000351255","ICOS","STAT4",9606,0.602,0,0,0,0.201,0.074,0,0.505
"9606.ENSP00000319476","9606.ENSP00000327048","ICOS","MAF",9606,0.612,0,0,0,0.083,0,0,0.594
"9606.ENSP00000319476","9606.ENSP00000323280","ICOS","CD6",9606,0.617,0,0,0,0.466,0,0,0.313
"9606.ENSP00000319476","9606.ENSP00000438406","ICOS","SLAMF1",9606,0.687,0,0,0,0.342,0,0,0.544
"9606.ENSP00000319476","9606.ENSP00000431445","ICOS","CD3G",9606,0.707,0,0,0,0.537,0,0,0.393
"9606.ENSP00000319476","9606.ENSP00000342681","ICOS","CD5",9606,0.711,0,0,0,0.391,0,0,0.545
"9606.ENSP00000319476","9606.ENSP00000378856","ICOS","LGALS9",9606,0.719,0,0,0,0.083,0,0,0.706
"9606.ENSP00000319476","9606.ENSP00000498227","ICOS","SELL",9606,0.733,0,0,0,0.139,0,0,0.703
"9606.ENSP00000319476","9606.ENSP00000347948","ICOS","TNFRSF14",9606,0.744,0,0,0,0.112,0,0,0.724
"9606.ENSP00000319476","9606.ENSP00000477713","ICOS","LCK",9606,0.761,0,0,0,0.313,0,0,0.667
"9606.ENSP00000319476","9606.ENSP00000338010","ICOS","IL21R",9606,0.832,0,0,0.22,0.368,0,0,0.687
"9606.ENSP00000319476","9606.ENSP00000398655","ICOS","ITK",9606,0.876,0,0,0,0.776,0,0,0.469
"9606.ENSP00000319476","9606.ENSP00000365380","ICOS","FOXP3",9606,0.881,0,0,0,0.161,0,0,0.864
"9606.ENSP00000319476","9606.ENSP00000428056","ICOS","PIK3R1",9606,0.976,0,0,0,0.053,0.516,0.9,0.548
"9606.ENSP00000319476","9606.ENSP00000324890","ICOS","CD28",9606,0.979,0,0,0,0.564,0,0,0.954
"9606.ENSP00000319476","9606.ENSP00000359663","ICOS","CD40LG",9606,0.999,0,0,0.234,0.471,0,0.9,0.989
"9606.ENSP00000319713","9606.ENSP00000488642","AGTRAP","TENT4A",9606,0.499,0,0,0,0,0,0.5,0
"9606.ENSP00000319713","9606.ENSP00000379156","AGTRAP","MPRIP",9606,0.499,0,0,0,0,0,0.5,0
"9606.ENSP00000319713","9606.ENSP00000346437","AGTRAP","ATG7",9606,0.513,0,0,0,0.067,0,0.5,0
"9606.ENSP00000319713","9606.ENSP00000497280","AGTRAP","AGK",9606,0.524,0,0,0,0,0,0.5,0.088
"9606.ENSP00000319713","9606.ENSP00000379330","AGTRAP","NFATC2",9606,0.548,0,0,0,0,0,0,0.548
"9606.ENSP00000320663","9606.ENSP00000478887","EML4","MYC",9606,0.415,0,0,0,0.059,0.124,0,0.348
"9606.ENSP00000320663","9606.ENSP00000367721","EML4","NUP160",9606,0.532,0,0,0,0.08,0,0.5,0.065
"9606.ENSP00000320663","9606.ENSP00000378295","EML4","INCENP",9606,0.534,0,0,0,0.096,0,0.5,0.051
"9606.ENSP00000320663","9606.ENSP00000366757","EML4","LMO7",9606,0.588,0,0,0,0.049,0.063,0.5,0.185
"9606.ENSP00000320663","9606.ENSP00000428056","EML4","PIK3R1",9606,0.917,0,0,0,0.049,0,0.9,0.201
"9606.ENSP00000320821","9606.ENSP00000337452","KIF1C","NIPA1",9606,0.416,0,0,0,0.042,0,0,0.416
"9606.ENSP00000320821","9606.ENSP00000380352","KIF1C","DDHD2",9606,0.429,0,0,0,0.057,0,0,0.419
"9606.ENSP00000320821","9606.ENSP00000385808","KIF1C","KIF3A",9606,0.609,0,0,0,0.082,0,0.54,0.149
"9606.ENSP00000320821","9606.ENSP00000354878","KIF1C","KIF21A",9606,0.645,0,0,0,0.062,0.062,0.54,0.226
"9606.ENSP00000320821","9606.ENSP00000393379","KIF1C","KIF5C",9606,0.652,0,0,0,0,0,0.54,0.274
"9606.ENSP00000320821","9606.ENSP00000380690","KIF1C","BICDL1",9606,0.791,0,0,0,0,0,0,0.791
"9606.ENSP00000321108","9606.ENSP00000398655","SPOCK2","ITK",9606,0.416,0,0,0,0.407,0,0,0.057
"9606.ENSP00000321108","9606.ENSP00000323280","SPOCK2","CD6",9606,0.635,0,0,0,0.632,0.051,0,0
"9606.ENSP00000321203","9606.ENSP00000361027","TNIP2","AMOT",9606,0.41,0,0,0,0,0.41,0,0.041
"9606.ENSP00000321203","9606.ENSP00000348632","TNIP2","RBCK1",9606,0.421,0,0,0,0.106,0.225,0,0.232
"9606.ENSP00000321203","9606.ENSP00000359206","TNIP2","BTRC",9606,0.573,0,0,0,0,0.06,0.5,0.165
"9606.ENSP00000322361","9606.ENSP00000464391","ZNF236","TSHZ1",9606,0.402,0,0,0,0.108,0,0,0.357
"9606.ENSP00000322361","9606.ENSP00000369695","ZNF236","MLLT3",9606,0.474,0,0,0,0.044,0.071,0,0.456
"9606.ENSP00000322570","9606.ENSP00000325018","POLE","ZNF569",9606,0.409,0,0,0,0.056,0,0,0.399
"9606.ENSP00000322570","9606.ENSP00000345793","POLE","ZC3H7B",9606,0.413,0,0,0,0.154,0.314,0,0.071
"9606.ENSP00000322570","9606.ENSP00000478887","POLE","MYC",9606,0.435,0,0,0,0.045,0.166,0,0.348
"9606.ENSP00000322570","9606.ENSP00000364150","POLE","GALNT12",9606,0.508,0,0,0,0.043,0,0,0.507
"9606.ENSP00000322570","9606.ENSP00000428056","POLE","PIK3R1",9606,0.514,0,0,0,0.055,0,0,0.507
"9606.ENSP00000322570","9606.ENSP00000364589","POLE","CUL4A",9606,0.55,0,0,0,0.06,0,0.5,0.12
"9606.ENSP00000322570","9606.ENSP00000361107","POLE","BMPR1A",9606,0.632,0,0,0,0.049,0.066,0,0.62
"9606.ENSP00000322570","9606.ENSP00000361310","POLE","POLH",9606,0.774,0,0,0,0.113,0.323,0.5,0.336
"9606.ENSP00000322570","9606.ENSP00000353793","POLE","WDHD1",9606,0.992,0,0,0,0.664,0.959,0,0.471
"9606.ENSP00000322804","9606.ENSP00000359206","MTSS1","BTRC",9606,0.437,0,0,0,0.049,0.295,0,0.227
"9606.ENSP00000322804","9606.ENSP00000396052","MTSS1","BRMS1",9606,0.51,0,0,0,0,0.092,0,0.483
"9606.ENSP00000322832","9606.ENSP00000388713","ROGDI","LANCL1",9606,0.459,0,0,0,0,0,0,0.459
"9606.ENSP00000322832","9606.ENSP00000352522","ROGDI","ATP6V1H",9606,0.696,0,0,0,0.049,0.637,0,0.19
"9606.ENSP00000323076","9606.ENSP00000355574","NDUFAF3","COA6",9606,0.4,0,0,0,0.142,0,0,0.329
"9606.ENSP00000323076","9606.ENSP00000452762","NDUFAF3","ETFA",9606,0.488,0,0,0,0.113,0,0,0.447
"9606.ENSP00000323076","9606.ENSP00000418823","NDUFAF3","FTO",9606,0.511,0,0,0,0.049,0,0,0.507
"9606.ENSP00000323076","9606.ENSP00000369176","NDUFAF3","NDUFB6",9606,0.87,0,0,0,0.083,0,0.838,0.198
"9606.ENSP00000323076","9606.ENSP00000407336","NDUFAF3","NDUFB3",9606,0.897,0,0,0,0.139,0,0.838,0.322
"9606.ENSP00000323076","9606.ENSP00000356972","NDUFAF3","NDUFS2",9606,0.999,0,0,0,0.151,0.994,0.838,0.826
"9606.ENSP00000323183","9606.ENSP00000442308","ZBTB2","NKRF",9606,0.443,0,0,0,0.246,0.292,0,0
"9606.ENSP00000323183","9606.ENSP00000362592","ZBTB2","RBBP4",9606,0.447,0,0,0,0.056,0.384,0,0.126
"9606.ENSP00000323183","9606.ENSP00000476746","ZBTB2","ZBTB25",9606,0.546,0,0,0,0.044,0.499,0,0.128
"9606.ENSP00000323183","9606.ENSP00000325634","ZBTB2","ZNF639",9606,0.806,0,0,0,0.066,0.628,0,0.487
"9606.ENSP00000323280","9606.ENSP00000498227","CD6","SELL",9606,0.404,0,0,0,0.144,0.091,0,0.296
"9606.ENSP00000323280","9606.ENSP00000340347","CD6","TCF7",9606,0.409,0,0,0,0.212,0,0,0.28
"9606.ENSP00000323280","9606.ENSP00000490240","CD6","ZNF831",9606,0.41,0,0,0,0.305,0,0,0.187
"9606.ENSP00000323280","9606.ENSP00000365596","CD6","GPR183",9606,0.435,0,0,0,0.179,0.208,0,0.201
"9606.ENSP00000323280","9606.ENSP00000357036","CD6","SLAMF6",9606,0.537,0,0,0,0.262,0,0,0.398
"9606.ENSP00000323280","9606.ENSP00000353731","CD6","DPP4",9606,0.557,0,0,0,0.101,0.1,0,0.497
"9606.ENSP00000323280","9606.ENSP00000378845","CD6","LAT",9606,0.577,0,0,0,0.275,0,0,0.441
"9606.ENSP00000323280","9606.ENSP00000359663","CD6","CD40LG",9606,0.579,0,0,0,0.418,0.091,0,0.268
"9606.ENSP00000323280","9606.ENSP00000477713","CD6","LCK",9606,0.728,0,0,0,0.376,0.081,0,0.565
"9606.ENSP00000323280","9606.ENSP00000324890","CD6","CD28",9606,0.785,0,0,0,0.443,0.091,0,0.609
"9606.ENSP00000323280","9606.ENSP00000431445","CD6","CD3G",9606,0.795,0,0,0,0.66,0,0,0.42
"9606.ENSP00000323280","9606.ENSP00000398655","CD6","ITK",9606,0.874,0,0,0,0.799,0.081,0,0.371
"9606.ENSP00000323280","9606.ENSP00000342681","CD6","CD5",9606,0.985,0,0.044,0.118,0.787,0.478,0,0.864
"9606.ENSP00000323867","9606.ENSP00000375639","PRKAG1","TFPT",9606,0.418,0,0,0,0.042,0,0,0.417
"9606.ENSP00000323867","9606.ENSP00000365693","PRKAG1","MSRB2",9606,0.448,0.074,0,0,0.046,0,0,0.425
"9606.ENSP00000323867","9606.ENSP00000382595","PRKAG1","PAICS",9606,0.462,0.106,0,0,0.114,0.079,0,0.349
"9606.ENSP00000323867","9606.ENSP00000343118","PRKAG1","LAMTOR4",9606,0.534,0,0,0,0.107,0,0.5,0
"9606.ENSP00000323867","9606.ENSP00000393762","PRKAG1","SESN1",9606,0.696,0,0,0,0.104,0,0.65,0.11
"9606.ENSP00000323867","9606.ENSP00000430269","PRKAG1","EPHX2",9606,0.843,0.112,0,0,0.068,0,0.818,0.082
"9606.ENSP00000323867","9606.ENSP00000478187","PRKAG1","CRY2",9606,0.905,0,0,0,0.049,0,0.9,0.087
"9606.ENSP00000323867","9606.ENSP00000368880","PRKAG1","FOXO1",9606,0.906,0,0,0,0,0,0.9,0.103
"9606.ENSP00000324101","9606.ENSP00000339328","CD151","PLAUR",9606,0.459,0,0,0,0.078,0.292,0,0.238
"9606.ENSP00000324101","9606.ENSP00000379823","CD151","COL4A3",9606,0.574,0,0,0,0,0,0,0.574
"9606.ENSP00000324101","9606.ENSP00000353920","CD151","ADARB1",9606,0.606,0,0,0,0,0,0,0.606
"9606.ENSP00000324101","9606.ENSP00000386896","CD151","ITGA6",9606,0.962,0,0,0,0,0.627,0.5,0.812
"9606.ENSP00000324511","9606.ENSP00000325561","SEPTIN1","TMC8",9606,0.454,0,0,0,0.309,0.069,0,0.22
"9606.ENSP00000324511","9606.ENSP00000367991","SEPTIN1","SEPTIN8",9606,0.962,0,0,0.113,0.113,0.886,0.54,0.214
"9606.ENSP00000324511","9606.ENSP00000341524","SEPTIN1","SEPTIN6",9606,0.975,0,0,0.113,0.23,0.913,0.54,0.222
"9606.ENSP00000324511","9606.ENSP00000422896","SEPTIN1","SEPTIN11",9606,0.98,0,0,0.113,0.106,0.895,0.54,0.568
"9606.ENSP00000324598","9606.ENSP00000337501","ZNF540","NRIP2",9606,0.432,0,0,0,0.064,0.042,0,0.418
"9606.ENSP00000324890","9606.ENSP00000332973","CD28","SMAD3",9606,0.4,0,0,0,0.103,0,0,0.359
"9606.ENSP00000324890","9606.ENSP00000386896","CD28","ITGA6",9606,0.402,0,0,0,0.069,0,0,0.384
"9606.ENSP00000324890","9606.ENSP00000344544","CD28","IKZF3",9606,0.404,0,0,0,0.156,0,0,0.322
"9606.ENSP00000324890","9606.ENSP00000368880","CD28","FOXO1",9606,0.436,0,0,0,0.071,0,0,0.418
"9606.ENSP00000324890","9606.ENSP00000409581","CD28","ARRB1",9606,0.437,0,0,0,0,0,0,0.437
"9606.ENSP00000324890","9606.ENSP00000483570","CD28","BTK",9606,0.444,0,0,0,0.119,0,0,0.395
"9606.ENSP00000324890","9606.ENSP00000327048","CD28","MAF",9606,0.469,0,0,0,0.102,0,0,0.433
"9606.ENSP00000324890","9606.ENSP00000426237","CD28","SERINC5",9606,0.473,0,0,0,0.042,0,0,0.473
"9606.ENSP00000324890","9606.ENSP00000399168","CD28","HLA-B",9606,0.489,0,0,0,0.061,0,0,0.479
"9606.ENSP00000324890","9606.ENSP00000365817","CD28","HLA-E",9606,0.493,0,0,0,0.067,0,0,0.479
"9606.ENSP00000324890","9606.ENSP00000378845","CD28","LAT",9606,0.502,0,0,0,0.178,0,0,0.419
"9606.ENSP00000324890","9606.ENSP00000470788","CD28","IL12RB1",9606,0.517,0,0,0,0.081,0.091,0,0.468
"9606.ENSP00000324890","9606.ENSP00000357036","CD28","SLAMF6",9606,0.523,0,0,0,0.197,0,0,0.431
"9606.ENSP00000324890","9606.ENSP00000478887","CD28","MYC",9606,0.532,0,0,0,0.092,0,0,0.506
"9606.ENSP00000324890","9606.ENSP00000482604","CD28","HSH2D",9606,0.55,0,0,0,0.072,0,0,0.536
"9606.ENSP00000324890","9606.ENSP00000381185","CD28","BCL2",9606,0.569,0,0,0,0.112,0,0,0.534
"9606.ENSP00000324890","9606.ENSP00000500582","CD28","AKT3",9606,0.58,0,0,0,0.125,0,0.5,0.117
"9606.ENSP00000324890","9606.ENSP00000340347","CD28","TCF7",9606,0.584,0,0,0,0.214,0,0,0.492
"9606.ENSP00000324890","9606.ENSP00000365402","CD28","HLA-C",9606,0.586,0,0,0,0,0,0,0.586
"9606.ENSP00000324890","9606.ENSP00000438406","CD28","SLAMF1",9606,0.589,0,0,0,0.287,0,0,0.447
"9606.ENSP00000324890","9606.ENSP00000338010","CD28","IL21R",9606,0.599,0,0,0,0.213,0,0,0.512
"9606.ENSP00000324890","9606.ENSP00000353731","CD28","DPP4",9606,0.602,0,0,0,0.126,0,0,0.563
"9606.ENSP00000324890","9606.ENSP00000329932","CD28","LGALS9C",9606,0.608,0,0,0,0,0,0,0.608
"9606.ENSP00000324890","9606.ENSP00000378856","CD28","LGALS9",9606,0.62,0,0,0,0,0,0,0.62
"9606.ENSP00000324890","9606.ENSP00000379873","CD28","HLA-A",9606,0.62,0,0,0,0,0,0,0.62
"9606.ENSP00000324890","9606.ENSP00000351255","CD28","STAT4",9606,0.623,0,0,0,0.159,0,0,0.571
"9606.ENSP00000324890","9606.ENSP00000402758","CD28","PMEL",9606,0.625,0,0,0,0.086,0,0,0.607
"9606.ENSP00000324890","9606.ENSP00000497733","CD28","CDC42",9606,0.645,0,0,0,0.086,0,0.5,0.287
"9606.ENSP00000324890","9606.ENSP00000332659","CD28","CCR4",9606,0.646,0,0,0,0.399,0,0,0.435
"9606.ENSP00000324890","9606.ENSP00000347948","CD28","TNFRSF14",9606,0.653,0,0,0,0.121,0,0,0.621
"9606.ENSP00000324890","9606.ENSP00000379330","CD28","NFATC2",9606,0.694,0,0,0,0.124,0.086,0,0.649
"9606.ENSP00000324890","9606.ENSP00000431445","CD28","CD3G",9606,0.711,0,0,0,0.497,0,0,0.449
"9606.ENSP00000324890","9606.ENSP00000334958","CD28","CARMIL2",9606,0.77,0,0,0,0.062,0,0,0.765
"9606.ENSP00000324890","9606.ENSP00000498227","CD28","SELL",9606,0.83,0,0,0,0.134,0,0,0.811
"9606.ENSP00000324890","9606.ENSP00000342681","CD28","CD5",9606,0.839,0,0,0,0.419,0,0,0.735
"9606.ENSP00000324890","9606.ENSP00000380150","CD28","CARD11",9606,0.899,0,0,0,0.083,0,0,0.895
"9606.ENSP00000324890","9606.ENSP00000365380","CD28","FOXP3",9606,0.935,0,0,0,0.085,0.075,0,0.929
"9606.ENSP00000324890","9606.ENSP00000398655","CD28","ITK",9606,0.973,0,0,0,0.449,0,0,0.954
"9606.ENSP00000324890","9606.ENSP00000428056","CD28","PIK3R1",9606,0.993,0,0,0,0.044,0.923,0.9,0.221
"9606.ENSP00000324890","9606.ENSP00000477713","CD28","LCK",9606,0.998,0,0,0,0.251,0,0.4,0.996
"9606.ENSP00000324890","9606.ENSP00000359663","CD28","CD40LG",9606,0.998,0,0,0,0.398,0,0,0.997
"9606.ENSP00000325018","9606.ENSP00000467218","ZNF569","ZNF570",9606,0.424,0,0,0.07,0.406,0,0,0
"9606.ENSP00000325018","9606.ENSP00000379464","ZNF569","ZNF134",9606,0.497,0,0,0.069,0.181,0,0,0.393
"9606.ENSP00000325485","9606.ENSP00000386531","CERS5","SMPD4",9606,0.94,0,0,0,0,0,0.9,0.43
"9606.ENSP00000325546","9606.ENSP00000399518","PLAG1","SATB1",9606,0.424,0,0,0,0.075,0.053,0,0.395
"9606.ENSP00000325546","9606.ENSP00000357000","PLAG1","USF1",9606,0.429,0,0,0,0,0.053,0,0.422
"9606.ENSP00000325546","9606.ENSP00000406293","PLAG1","TCEA3",9606,0.77,0,0,0,0.042,0.072,0,0.763
"9606.ENSP00000325561","9606.ENSP00000371219","TMC8","RHOH",9606,0.588,0,0,0,0.127,0.078,0,0.529
"9606.ENSP00000325561","9606.ENSP00000467600","TMC8","SYNGR2",9606,0.926,0,0.069,0,0.063,0,0,0.922
"9606.ENSP00000325634","9606.ENSP00000476746","ZNF639","ZBTB25",9606,0.467,0,0,0,0.126,0,0,0.415
"9606.ENSP00000325929","9606.ENSP00000408695","LNX2","PRKCA",9606,0.494,0,0,0,0.122,0.399,0,0.116
"9606.ENSP00000325929","9606.ENSP00000331103","LNX2","IP6K2",9606,0.669,0,0,0,0,0.398,0,0.474
"9606.ENSP00000326424","9606.ENSP00000351536","NADSYN1","QSOX2",9606,0.424,0,0,0,0.047,0,0,0.421
"9606.ENSP00000326424","9606.ENSP00000382071","NADSYN1","HLCS",9606,0.435,0.104,0,0,0.105,0,0,0.353
"9606.ENSP00000326424","9606.ENSP00000464814","NADSYN1","COASY",9606,0.441,0.119,0,0,0.105,0,0,0.349
"9606.ENSP00000326424","9606.ENSP00000430269","NADSYN1","EPHX2",9606,0.491,0.241,0,0,0.064,0,0.13,0.274
"9606.ENSP00000326424","9606.ENSP00000419370","NADSYN1","MALSU1",9606,0.816,0.056,0,0,0,0,0.809,0.066
"9606.ENSP00000326424","9606.ENSP00000334592","NADSYN1","CYP2R1",9606,0.847,0,0,0,0.087,0,0,0.84
"9606.ENSP00000326424","9606.ENSP00000329466","NADSYN1","SIRT7",9606,0.934,0.094,0,0,0.081,0,0.911,0.213
"9606.ENSP00000327048","9606.ENSP00000368880","MAF","FOXO1",9606,0.4,0,0,0,0.082,0,0,0.373
"9606.ENSP00000327048","9606.ENSP00000338010","MAF","IL21R",9606,0.408,0,0,0,0.067,0,0,0.392
"9606.ENSP00000327048","9606.ENSP00000379330","MAF","NFATC2",9606,0.409,0,0,0,0.061,0,0,0.397
"9606.ENSP00000327048","9606.ENSP00000344544","MAF","IKZF3",9606,0.414,0,0,0,0.064,0.045,0,0.398
"9606.ENSP00000327048","9606.ENSP00000408695","MAF","PRKCA",9606,0.42,0,0,0,0.047,0,0,0.417
"9606.ENSP00000327048","9606.ENSP00000340347","MAF","TCF7",9606,0.421,0,0,0,0.05,0,0,0.415
"9606.ENSP00000327048","9606.ENSP00000369154","MAF","SMAD9",9606,0.424,0,0,0,0,0,0,0.424
"9606.ENSP00000327048","9606.ENSP00000363641","MAF","TXN",9606,0.445,0,0,0,0,0,0,0.445
"9606.ENSP00000327048","9606.ENSP00000417748","MAF","DDI2",9606,0.449,0,0,0,0,0,0,0.449
"9606.ENSP00000327048","9606.ENSP00000351255","MAF","STAT4",9606,0.464,0,0,0,0.072,0,0,0.447
"9606.ENSP00000327048","9606.ENSP00000478887","MAF","MYC",9606,0.506,0,0,0,0,0,0,0.506
"9606.ENSP00000327048","9606.ENSP00000399805","MAF","CRYZ",9606,0.511,0,0,0,0.054,0,0,0.505
"9606.ENSP00000327048","9606.ENSP00000376436","MAF","ETS1",9606,0.529,0,0,0,0.048,0.292,0,0.358
"9606.ENSP00000327048","9606.ENSP00000365380","MAF","FOXP3",9606,0.585,0,0,0,0.049,0,0,0.581
"9606.ENSP00000327048","9606.ENSP00000418823","MAF","FTO",9606,0.59,0,0,0,0,0,0,0.59
"9606.ENSP00000327048","9606.ENSP00000399518","MAF","SATB1",9606,0.598,0,0,0,0.059,0,0,0.591
"9606.ENSP00000327048","9606.ENSP00000442308","MAF","NKRF",9606,0.653,0,0,0,0,0,0,0.653
"9606.ENSP00000327545","9606.ENSP00000406197","NPTXR","PAQR8",9606,0.445,0,0,0,0,0,0,0.445
"9606.ENSP00000327545","9606.ENSP00000437402","NPTXR","ENO2",9606,0.457,0,0,0,0.123,0,0,0.407
"9606.ENSP00000328181","9606.ENSP00000332353","NOG","PTCH1",9606,0.416,0,0,0,0.102,0,0,0.377
"9606.ENSP00000328181","9606.ENSP00000478887","NOG","MYC",9606,0.453,0,0,0,0.056,0,0,0.445
"9606.ENSP00000328181","9606.ENSP00000437402","NOG","ENO2",9606,0.455,0,0,0,0.049,0,0,0.451
"9606.ENSP00000328181","9606.ENSP00000340347","NOG","TCF7",9606,0.467,0,0,0,0.067,0,0,0.453
"9606.ENSP00000328181","9606.ENSP00000369154","NOG","SMAD9",9606,0.495,0,0,0,0,0,0,0.495
"9606.ENSP00000328181","9606.ENSP00000385080","NOG","FAH",9606,0.574,0,0,0,0,0,0,0.574
"9606.ENSP00000328181","9606.ENSP00000361107","NOG","BMPR1A",9606,0.858,0,0,0,0.055,0,0,0.856
"9606.ENSP00000328251","9606.ENSP00000478887","RIOX2","MYC",9606,0.648,0,0,0,0.082,0.166,0,0.578
"9606.ENSP00000328340","9606.ENSP00000348216","RNF135","TRIM4",9606,0.587,0,0,0,0.049,0,0.4,0.335
"9606.ENSP00000328340","9606.ENSP00000385610","RNF135","MEX3C",9606,0.701,0,0,0,0.049,0,0,0.699
"9606.ENSP00000328720","9606.ENSP00000362768","FOXK1","RBL1",9606,0.409,0,0,0,0.049,0.402,0,0.045
"9606.ENSP00000328720","9606.ENSP00000396052","FOXK1","BRMS1",9606,0.43,0,0,0,0,0.417,0,0.063
"9606.ENSP00000328720","9606.ENSP00000380763","FOXK1","MORC2",9606,0.486,0,0,0,0.15,0,0,0.42
"9606.ENSP00000328720","9606.ENSP00000335677","FOXK1","FOXK2",9606,0.609,0,0,0.058,0.147,0.202,0,0.463
"9606.ENSP00000328720","9606.ENSP00000364839","FOXK1","ASXL1",9606,0.987,0,0,0,0.105,0.698,0.5,0.918
"9606.ENSP00000329127","9606.ENSP00000341071","PRKCH","ARHGEF3",9606,0.425,0,0,0,0.304,0.092,0,0.163
"9606.ENSP00000329127","9606.ENSP00000477713","PRKCH","LCK",9606,0.43,0,0,0,0.109,0.091,0,0.353
"9606.ENSP00000329127","9606.ENSP00000430269","PRKCH","EPHX2",9606,0.448,0,0,0,0.08,0,0,0.425
"9606.ENSP00000329127","9606.ENSP00000408695","PRKCH","PRKCA",9606,0.617,0,0,0,0.061,0.33,0.4,0.106
"9606.ENSP00000329127","9606.ENSP00000348632","PRKCH","RBCK1",9606,0.754,0,0,0,0.064,0,0,0.748
"9606.ENSP00000329264","9606.ENSP00000337854","ZNF662","HEXD",9606,0.506,0,0,0,0,0.071,0,0.49
"9606.ENSP00000329466","9606.ENSP00000368880","SIRT7","FOXO1",9606,0.684,0,0,0,0,0.333,0,0.546
"9606.ENSP00000329466","9606.ENSP00000478887","SIRT7","MYC",9606,0.778,0,0,0,0,0,0,0.778
"9606.ENSP00000329558","9606.ENSP00000357873","GRPEL2","ACADSB",9606,0.413,0,0,0,0.074,0.071,0,0.373
"9606.ENSP00000329558","9606.ENSP00000368688","GRPEL2","LYRM7",9606,0.44,0,0,0,0.074,0.42,0,0
"9606.ENSP00000329558","9606.ENSP00000366800","GRPEL2","DNAJC11",9606,0.457,0.054,0,0,0.345,0.126,0,0.115
"9606.ENSP00000329920","9606.ENSP00000404236","MCEMP1","LILRA5",9606,0.403,0,0,0,0.332,0,0,0.144
"9606.ENSP00000329920","9606.ENSP00000408342","MCEMP1","PRAM1",9606,0.462,0,0,0,0.313,0,0,0.249
"9606.ENSP00000329932","9606.ENSP00000365380","LGALS9C","FOXP3",9606,0.584,0,0,0,0,0,0,0.584
"9606.ENSP00000329932","9606.ENSP00000390394","LGALS9C","SLC4A7",9606,0.62,0,0,0,0,0.609,0,0.068
"9606.ENSP00000329932","9606.ENSP00000347948","LGALS9C","TNFRSF14",9606,0.715,0,0,0,0.084,0,0,0.702
"9606.ENSP00000329932","9606.ENSP00000378856","LGALS9C","LGALS9",9606,0.78,0,0,0.048,0.127,0.756,0,0.046
"9606.ENSP00000330032","9606.ENSP00000379038","UPP1","TYMP",9606,0.999,0.102,0,0,0.385,0,0.978,0.962
"9606.ENSP00000330825","9606.ENSP00000429633","IFITM1","MYBL1",9606,0.404,0,0,0,0.042,0.052,0,0.397
"9606.ENSP00000330825","9606.ENSP00000379873","IFITM1","HLA-A",9606,0.407,0,0,0,0.262,0,0,0.23
"9606.ENSP00000330825","9606.ENSP00000399168","IFITM1","HLA-B",9606,0.444,0,0,0,0.27,0,0,0.27
"9606.ENSP00000330825","9606.ENSP00000342681","IFITM1","CD5",9606,0.464,0,0,0,0.044,0,0,0.463
"9606.ENSP00000330825","9606.ENSP00000365596","IFITM1","GPR183",9606,0.474,0,0,0,0.059,0,0,0.464
"9606.ENSP00000330825","9606.ENSP00000364016","IFITM1","PSMB8",9606,0.501,0,0,0,0.244,0,0,0.367
"9606.ENSP00000330825","9606.ENSP00000363993","IFITM1","PSMB9",9606,0.515,0,0,0,0.315,0,0,0.32
"9606.ENSP00000330825","9606.ENSP00000498227","IFITM1","SELL",9606,0.538,0,0,0,0.149,0.045,0,0.477
"9606.ENSP00000330825","9606.ENSP00000365817","IFITM1","HLA-E",9606,0.591,0,0,0,0.275,0,0,0.459
"9606.ENSP00000330825","9606.ENSP00000382707","IFITM1","IFITM3",9606,0.872,0,0,0.058,0.775,0.142,0,0.382
"9606.ENSP00000330945","9606.ENSP00000381237","TMED9","HM13",9606,0.402,0,0,0,0.384,0,0,0.069
"9606.ENSP00000330945","9606.ENSP00000475168","TMED9","RER1",9606,0.552,0,0,0,0.249,0.248,0,0.271
"9606.ENSP00000330945","9606.ENSP00000383911","TMED9","UBAC2",9606,0.654,0,0,0,0.136,0.616,0,0
"9606.ENSP00000331103","9606.ENSP00000411152","IP6K2","ITPKB",9606,0.669,0,0,0,0,0,0,0.669
"9606.ENSP00000331103","9606.ENSP00000400887","IP6K2","PPIP5K1",9606,0.994,0,0,0,0.044,0.096,0.911,0.937
"9606.ENSP00000331411","9606.ENSP00000339109","FBLN7","ANAPC1",9606,0.407,0,0,0,0,0,0,0.407
"9606.ENSP00000331411","9606.ENSP00000363616","FBLN7","EDEM2",9606,0.471,0,0,0,0,0.466,0,0.051
"9606.ENSP00000331411","9606.ENSP00000386764","FBLN7","ZC3H6",9606,0.535,0,0,0,0.044,0.081,0,0.513
"9606.ENSP00000332073","9606.ENSP00000361302","MGAT1","POMT1",9606,0.479,0,0,0,0.049,0,0,0.474
"9606.ENSP00000332073","9606.ENSP00000338487","MGAT1","MGAT4B",9606,0.609,0,0,0,0.063,0,0,0.6
"9606.ENSP00000332073","9606.ENSP00000363452","MGAT1","MAN1C1",9606,0.935,0,0,0,0.049,0.093,0.9,0.34
"9606.ENSP00000332247","9606.ENSP00000464814","ATP6V0A2","COASY",9606,0.428,0.057,0,0,0.058,0,0.408,0
"9606.ENSP00000332247","9606.ENSP00000490767","ATP6V0A2","ING5",9606,0.439,0,0,0,0.439,0,0,0
"9606.ENSP00000332247","9606.ENSP00000411672","ATP6V0A2","ATP6V0E2",9606,0.855,0,0,0,0,0.516,0.54,0.404
"9606.ENSP00000332247","9606.ENSP00000345008","ATP6V0A2","FBLN5",9606,0.865,0,0,0,0,0.058,0,0.862
"9606.ENSP00000332247","9606.ENSP00000449500","ATP6V0A2","RNASEK",9606,0.896,0,0,0,0.081,0.749,0.54,0.135
"9606.ENSP00000332247","9606.ENSP00000429690","ATP6V0A2","ATP6V0E1",9606,0.95,0,0,0,0,0.822,0.5,0.487
"9606.ENSP00000332247","9606.ENSP00000352522","ATP6V0A2","ATP6V1H",9606,0.992,0,0,0,0.09,0.749,0.9,0.725
"9606.ENSP00000332353","9606.ENSP00000346359","PTCH1","KIAA0586",9606,0.433,0,0,0,0.049,0,0,0.428
"9606.ENSP00000332353","9606.ENSP00000344314","PTCH1","OFD1",9606,0.435,0,0,0,0,0.048,0,0.431
"9606.ENSP00000332353","9606.ENSP00000361107","PTCH1","BMPR1A",9606,0.459,0,0,0,0.115,0.069,0,0.396
"9606.ENSP00000332353","9606.ENSP00000381185","PTCH1","BCL2",9606,0.518,0,0,0,0.048,0,0,0.515
"9606.ENSP00000332353","9606.ENSP00000451206","PTCH1","NPC2",9606,0.526,0,0,0,0,0,0,0.526
"9606.ENSP00000332353","9606.ENSP00000359719","PTCH1","PRKACB",9606,0.539,0,0,0,0,0.085,0,0.517
"9606.ENSP00000332353","9606.ENSP00000478887","PTCH1","MYC",9606,0.555,0,0,0,0,0,0,0.555
"9606.ENSP00000332353","9606.ENSP00000385808","PTCH1","KIF3A",9606,0.763,0,0,0,0.061,0,0,0.758
"9606.ENSP00000332659","9606.ENSP00000359663","CCR4","CD40LG",9606,0.473,0,0,0,0.343,0,0,0.23
"9606.ENSP00000332659","9606.ENSP00000365380","CCR4","FOXP3",9606,0.477,0,0,0,0.084,0,0,0.452
"9606.ENSP00000332659","9606.ENSP00000354416","CCR4","CCL28",9606,0.678,0,0,0,0.074,0,0.65,0.089
"9606.ENSP00000332659","9606.ENSP00000409581","CCR4","ARRB1",9606,0.679,0,0,0,0,0.108,0.65,0.056
"9606.ENSP00000332706","9606.ENSP00000477213","PURA","APBB1",9606,0.442,0,0,0,0,0,0,0.442
"9606.ENSP00000332706","9606.ENSP00000377681","PURA","G3BP1",9606,0.476,0,0,0,0.097,0.292,0,0.246
"9606.ENSP00000332706","9606.ENSP00000376436","PURA","ETS1",9606,0.557,0,0,0,0.06,0,0,0.549
"9606.ENSP00000332737","9606.ENSP00000377061","UNC5A","PLXNA1",9606,0.415,0,0,0,0.067,0,0,0.398
"9606.ENSP00000332737","9606.ENSP00000341198","UNC5A","NEO1",9606,0.82,0,0,0,0,0.102,0,0.808
"9606.ENSP00000332737","9606.ENSP00000340688","UNC5A","ADGRL1",9606,0.977,0,0,0,0.122,0.967,0,0.277
"9606.ENSP00000332750","9606.ENSP00000369716","ZKSCAN8","CHD3",9606,0.45,0,0,0,0.055,0.436,0,0.051
"9606.ENSP00000332973","9606.ENSP00000428205","SMAD3","FBXO32",9606,0.432,0,0,0,0.064,0,0,0.418
"9606.ENSP00000332973","9606.ENSP00000356953","SMAD3","SDHC",9606,0.475,0,0,0,0.042,0,0,0.475
"9606.ENSP00000332973","9606.ENSP00000420616","SMAD3","TFDP2",9606,0.499,0,0,0,0,0,0.5,0
"9606.ENSP00000332973","9606.ENSP00000477713","SMAD3","LCK",9606,0.51,0,0,0,0.106,0.328,0,0.248
"9606.ENSP00000332973","9606.ENSP00000359206","SMAD3","BTRC",9606,0.51,0,0,0,0.049,0.294,0,0.328
"9606.ENSP00000332973","9606.ENSP00000352420","SMAD3","LDLRAD4",9606,0.525,0,0,0,0,0.43,0,0.201
"9606.ENSP00000332973","9606.ENSP00000394794","SMAD3","PTPN13",9606,0.528,0,0,0,0,0.051,0.5,0.085
"9606.ENSP00000332973","9606.ENSP00000381185","SMAD3","BCL2",9606,0.578,0,0,0,0.064,0,0,0.567
"9606.ENSP00000332973","9606.ENSP00000497733","SMAD3","CDC42",9606,0.587,0,0,0,0.099,0.053,0,0.555
"9606.ENSP00000332973","9606.ENSP00000359719","SMAD3","PRKACB",9606,0.595,0,0,0,0.051,0,0,0.591
"9606.ENSP00000332973","9606.ENSP00000427695","SMAD3","TOB1",9606,0.606,0,0,0,0,0.331,0,0.436
"9606.ENSP00000332973","9606.ENSP00000368664","SMAD3","RGCC",9606,0.63,0,0,0,0,0.292,0,0.499
"9606.ENSP00000332973","9606.ENSP00000351490","SMAD3","MAX",9606,0.656,0,0,0,0.049,0.598,0,0.171
"9606.ENSP00000332973","9606.ENSP00000451129","SMAD3","SNW1",9606,0.722,0,0,0,0.056,0.37,0.5,0.175
"9606.ENSP00000332973","9606.ENSP00000357721","SMAD3","S100A8",9606,0.765,0,0,0,0.104,0.046,0,0.747
"9606.ENSP00000332973","9606.ENSP00000365380","SMAD3","FOXP3",9606,0.805,0,0,0,0.082,0.534,0,0.581
"9606.ENSP00000332973","9606.ENSP00000376436","SMAD3","ETS1",9606,0.816,0,0,0,0.137,0.387,0,0.68
"9606.ENSP00000332973","9606.ENSP00000394560","SMAD3","MAPK9",9606,0.927,0,0,0,0.074,0,0.9,0.275
"9606.ENSP00000332973","9606.ENSP00000379330","SMAD3","NFATC2",9606,0.93,0,0,0,0.108,0,0,0.925
"9606.ENSP00000332973","9606.ENSP00000362768","SMAD3","RBL1",9606,0.939,0,0,0,0.074,0.292,0.9,0.183
"9606.ENSP00000332973","9606.ENSP00000361107","SMAD3","BMPR1A",9606,0.957,0,0,0,0.061,0.126,0.9,0.539
"9606.ENSP00000332973","9606.ENSP00000369154","SMAD3","SMAD9",9606,0.99,0,0,0.058,0,0.831,0.72,0.821
"9606.ENSP00000332973","9606.ENSP00000368880","SMAD3","FOXO1",9606,0.99,0,0,0,0.074,0.317,0.9,0.872
"9606.ENSP00000332973","9606.ENSP00000478887","SMAD3","MYC",9606,0.993,0,0,0,0.058,0.292,0.5,0.983
"9606.ENSP00000333223","9606.ENSP00000431265","ZNF470","ZFP82",9606,0.437,0,0,0.063,0.424,0,0,0
"9606.ENSP00000333223","9606.ENSP00000365407","ZNF470","ZNF549",9606,0.529,0,0,0.066,0.517,0,0,0
"9606.ENSP00000334113","9606.ENSP00000378887","DHRSX","DHRS7B",9606,0.41,0,0,0,0.123,0.046,0,0.351
"9606.ENSP00000334592","9606.ENSP00000451291","CYP2R1","HNRNPC",9606,0.442,0,0,0,0.06,0.073,0,0.412
"9606.ENSP00000334657","9606.ENSP00000378235","TRIM46","SFMBT1",9606,0.446,0,0,0,0,0,0,0.446
"9606.ENSP00000334657","9606.ENSP00000495413","TRIM46","TRIM66",9606,0.46,0,0,0,0,0,0,0.46
"9606.ENSP00000334685","9606.ENSP00000433773","ZNF568","ZNF585B",9606,0.419,0,0,0.063,0.405,0,0,0
"9606.ENSP00000334685","9606.ENSP00000431202","ZNF568","ZNF345",9606,0.443,0,0,0.059,0.421,0.06,0,0
"9606.ENSP00000334685","9606.ENSP00000467218","ZNF568","ZNF570",9606,0.791,0,0,0.083,0.782,0,0,0
"9606.ENSP00000334958","9606.ENSP00000380150","CARMIL2","CARD11",9606,0.647,0,0,0,0.084,0.095,0,0.609
"9606.ENSP00000335074","9606.ENSP00000452697","GHRL","SEC11A",9606,0.4,0,0,0,0,0,0.4,0
"9606.ENSP00000335074","9606.ENSP00000359719","GHRL","PRKACB",9606,0.404,0,0,0,0,0,0,0.404
"9606.ENSP00000335074","9606.ENSP00000488912","GHRL","CRHR1-2",9606,0.409,0,0,0,0,0,0,0.409
"9606.ENSP00000335074","9606.ENSP00000419325","GHRL","SUCLG2",9606,0.412,0,0,0,0,0,0,0.413
"9606.ENSP00000335074","9606.ENSP00000339299","GHRL","TRIO",9606,0.499,0,0,0,0,0,0.5,0
"9606.ENSP00000335074","9606.ENSP00000418823","GHRL","FTO",9606,0.505,0,0,0,0,0,0,0.505
"9606.ENSP00000335074","9606.ENSP00000483570","GHRL","BTK",9606,0.516,0,0,0,0.073,0,0.5,0
"9606.ENSP00000335074","9606.ENSP00000354416","GHRL","CCL28",9606,0.521,0,0,0,0,0,0,0.521
"9606.ENSP00000335074","9606.ENSP00000353731","GHRL","DPP4",9606,0.625,0,0,0,0.067,0,0,0.615
"9606.ENSP00000335074","9606.ENSP00000359532","GHRL","NTSR1",9606,0.753,0,0,0,0,0,0.5,0.527
"9606.ENSP00000335320","9606.ENSP00000349430","BCL9L","H2BC12",9606,0.499,0,0,0,0,0,0.5,0
"9606.ENSP00000335320","9606.ENSP00000340896","BCL9L","ASH2L",9606,0.502,0,0,0,0,0.046,0.5,0
"9606.ENSP00000335320","9606.ENSP00000466542","BCL9L","TLE2",9606,0.507,0,0,0,0.056,0,0.5,0.041
"9606.ENSP00000335320","9606.ENSP00000359206","BCL9L","BTRC",9606,0.59,0,0,0,0.042,0,0.5,0.214
"9606.ENSP00000335320","9606.ENSP00000340347","BCL9L","TCF7",9606,0.722,0,0,0,0.058,0,0.54,0.412
"9606.ENSP00000335655","9606.ENSP00000390394","FMNL3","SLC4A7",9606,0.405,0,0,0,0.049,0,0.4,0
"9606.ENSP00000335655","9606.ENSP00000495631","FMNL3","ARHGEF7",9606,0.47,0,0,0,0.049,0,0.4,0.146
"9606.ENSP00000335655","9606.ENSP00000497733","FMNL3","CDC42",9606,0.774,0,0,0,0.074,0.35,0.4,0.449
"9606.ENSP00000335677","9606.ENSP00000407182","FOXK2","TNPO2",9606,0.554,0,0,0,0.538,0.064,0,0.052
"9606.ENSP00000335677","9606.ENSP00000362592","FOXK2","RBBP4",9606,0.607,0,0,0,0.044,0.329,0,0.436
"9606.ENSP00000335677","9606.ENSP00000364839","FOXK2","ASXL1",9606,0.942,0,0,0,0.133,0.736,0.5,0.557
"9606.ENSP00000336740","9606.ENSP00000341524","LIMK1","SEPTIN6",9606,0.402,0,0.001,0,0,0,0,0.402
"9606.ENSP00000336740","9606.ENSP00000337452","LIMK1","NIPA1",9606,0.417,0,0,0,0.044,0.059,0,0.404
"9606.ENSP00000336740","9606.ENSP00000495631","LIMK1","ARHGEF7",9606,0.431,0,0,0,0.049,0,0,0.426
"9606.ENSP00000336740","9606.ENSP00000409581","LIMK1","ARRB1",9606,0.468,0,0,0,0.062,0.306,0,0.247
"9606.ENSP00000336740","9606.ENSP00000497806","LIMK1","DLG4",9606,0.52,0,0,0,0.083,0.09,0,0.472
"9606.ENSP00000336740","9606.ENSP00000352882","LIMK1","PLXNA4",9606,0.559,0,0,0,0,0.071,0.5,0.127
"9606.ENSP00000336740","9606.ENSP00000389631","LIMK1","ARPC1B",9606,0.566,0,0,0,0.067,0.045,0,0.553
"9606.ENSP00000336740","9606.ENSP00000358696","LIMK1","PLXNA3",9606,0.594,0,0,0,0.098,0.071,0.5,0.146
"9606.ENSP00000336740","9606.ENSP00000377061","LIMK1","PLXNA1",9606,0.634,0,0,0,0.075,0.071,0.5,0.249
"9606.ENSP00000336740","9606.ENSP00000497733","LIMK1","CDC42",9606,0.868,0,0,0,0.08,0.11,0.5,0.716
"9606.ENSP00000336783","9606.ENSP00000444136","TNRC6C","POLR1B",9606,0.42,0,0,0,0.055,0.34,0,0.146
"9606.ENSP00000336783","9606.ENSP00000340896","TNRC6C","ASH2L",9606,0.468,0,0,0,0.049,0.129,0.4,0.056
"9606.ENSP00000336783","9606.ENSP00000478887","TNRC6C","MYC",9606,0.48,0,0,0,0.055,0,0.4,0.157
"9606.ENSP00000336783","9606.ENSP00000420616","TNRC6C","TFDP2",9606,0.5,0,0,0,0.042,0,0.5,0
"9606.ENSP00000336783","9606.ENSP00000376436","TNRC6C","ETS1",9606,0.501,0,0,0,0.044,0,0.5,0
"9606.ENSP00000336783","9606.ENSP00000437659","TNRC6C","PHC1",9606,0.521,0,0,0,0.081,0,0.5,0
"9606.ENSP00000336783","9606.ENSP00000436786","TNRC6C","KMT2A",9606,0.522,0,0,0,0.125,0.131,0.4,0.077
"9606.ENSP00000336783","9606.ENSP00000339754","TNRC6C","ARL4C",9606,0.529,0,0,0,0.049,0.066,0.5,0.065
"9606.ENSP00000336783","9606.ENSP00000362592","TNRC6C","RBBP4",9606,0.535,0,0,0,0.067,0.077,0.5,0.047
"9606.ENSP00000336783","9606.ENSP00000451129","TNRC6C","SNW1",9606,0.553,0,0,0,0.07,0,0.5,0.116
"9606.ENSP00000336783","9606.ENSP00000349430","TNRC6C","H2BC12",9606,0.558,0,0,0,0,0.144,0.5,0.052
"9606.ENSP00000336783","9606.ENSP00000379144","TNRC6C","TNRC6A",9606,0.596,0,0,0,0.129,0.164,0.4,0.183
"9606.ENSP00000336783","9606.ENSP00000481859","TNRC6C","PAN2",9606,0.857,0,0,0,0.049,0.788,0,0.348
"9606.ENSP00000336866","9606.ENSP00000363400","RBBP9","PAFAH2",9606,0.414,0,0,0,0.128,0,0,0.355
"9606.ENSP00000336866","9606.ENSP00000382071","RBBP9","HLCS",9606,0.471,0,0,0,0.203,0,0,0.364
"9606.ENSP00000337353","9606.ENSP00000420616","TDP1","TFDP2",9606,0.403,0,0.403,0,0.042,0,0,0
"9606.ENSP00000337353","9606.ENSP00000353646","TDP1","PLEKHG4",9606,0.463,0,0,0,0.042,0,0,0.463
"9606.ENSP00000337452","9606.ENSP00000446576","NIPA1","ATXN2",9606,0.483,0,0,0,0.042,0,0,0.483
"9606.ENSP00000337452","9606.ENSP00000380352","NIPA1","DDHD2",9606,0.552,0,0,0,0.056,0,0,0.545
"9606.ENSP00000337452","9606.ENSP00000494831","NIPA1","SNRPN",9606,0.601,0,0,0,0.05,0,0,0.598
"9606.ENSP00000337452","9606.ENSP00000450480","NIPA1","ATP10A",9606,0.602,0,0,0,0.042,0,0,0.602
"9606.ENSP00000337452","9606.ENSP00000409594","NIPA1","ZFYVE27",9606,0.775,0,0,0,0.068,0,0,0.768
"9606.ENSP00000337477","9606.ENSP00000481842","SINHCAF","SAP18",9606,0.567,0,0,0,0,0,0,0.567
"9606.ENSP00000337477","9606.ENSP00000362748","SINHCAF","TET1",9606,0.613,0,0,0,0.08,0,0.54,0.16
"9606.ENSP00000337477","9606.ENSP00000362592","SINHCAF","RBBP4",9606,0.935,0,0,0,0.074,0.617,0.72,0.425
"9606.ENSP00000337477","9606.ENSP00000396052","SINHCAF","BRMS1",9606,0.958,0,0,0,0,0.733,0.54,0.692
"9606.ENSP00000337501","9606.ENSP00000357876","NRIP2","PSMD4",9606,0.458,0,0,0,0.188,0.125,0,0.299
"9606.ENSP00000337555","9606.ENSP00000446224","ZNF548","ZNF550",9606,0.458,0,0,0.093,0.427,0,0,0
"9606.ENSP00000337555","9606.ENSP00000365407","ZNF548","ZNF549",9606,0.571,0,0,0.073,0.54,0,0,0.075
"9606.ENSP00000337572","9606.ENSP00000368612","DGKH","VWA8",9606,0.417,0,0,0,0.113,0,0,0.369
"9606.ENSP00000337572","9606.ENSP00000377703","DGKH","DGKA",9606,0.494,0,0,0,0.074,0,0,0.476
"9606.ENSP00000337572","9606.ENSP00000360761","DGKH","AGPAT2",9606,0.67,0,0,0,0,0,0.65,0.098
"9606.ENSP00000337572","9606.ENSP00000360431","DGKH","PLCE1",9606,0.794,0,0,0,0.053,0,0.65,0.428
"9606.ENSP00000337850","9606.ENSP00000352522","KPTN","ATP6V1H",9606,0.499,0,0,0,0,0,0.5,0
"9606.ENSP00000337850","9606.ENSP00000429690","KPTN","ATP6V0E1",9606,0.499,0,0,0,0,0,0.5,0
"9606.ENSP00000337850","9606.ENSP00000411672","KPTN","ATP6V0E2",9606,0.5,0,0,0,0.042,0,0.5,0
"9606.ENSP00000337850","9606.ENSP00000393762","KPTN","SESN1",9606,0.611,0,0,0,0,0,0.5,0.255
"9606.ENSP00000337850","9606.ENSP00000343118","KPTN","LAMTOR4",9606,0.711,0,0,0,0,0,0.5,0.447
"9606.ENSP00000337854","9606.ENSP00000340688","HEXD","ADGRL1",9606,0.752,0,0,0,0.043,0.752,0,0
"9606.ENSP00000337998","9606.ENSP00000361232","NCKAP5L","DDX31",9606,0.479,0,0,0,0,0,0,0.479
"9606.ENSP00000338010","9606.ENSP00000357036","IL21R","SLAMF6",9606,0.4,0,0,0,0.233,0,0,0.249
"9606.ENSP00000338010","9606.ENSP00000398655","IL21R","ITK",9606,0.423,0,0,0,0.243,0,0,0.27
"9606.ENSP00000338010","9606.ENSP00000362994","IL21R","TRAF1",9606,0.431,0,0,0,0.337,0,0,0.177
"9606.ENSP00000338010","9606.ENSP00000438406","IL21R","SLAMF1",9606,0.458,0,0,0,0.253,0,0,0.304
"9606.ENSP00000338010","9606.ENSP00000342681","IL21R","CD5",9606,0.469,0,0,0,0.258,0,0,0.313
"9606.ENSP00000338010","9606.ENSP00000498227","IL21R","SELL",9606,0.485,0,0,0,0.093,0,0,0.455
"9606.ENSP00000338010","9606.ENSP00000477713","IL21R","LCK",9606,0.567,0,0,0,0.265,0.194,0,0.327
"9606.ENSP00000338010","9606.ENSP00000365380","IL21R","FOXP3",9606,0.69,0,0,0,0.127,0,0,0.659
"9606.ENSP00000338010","9606.ENSP00000359663","IL21R","CD40LG",9606,0.725,0,0,0,0.241,0,0,0.652
"9606.ENSP00000338010","9606.ENSP00000375795","IL21R","IL24",9606,0.744,0,0,0,0.072,0,0.65,0.276
"9606.ENSP00000338010","9606.ENSP00000351255","IL21R","STAT4",9606,0.745,0,0,0,0.136,0,0.5,0.458
"9606.ENSP00000338010","9606.ENSP00000470788","IL21R","IL12RB1",9606,0.784,0,0,0,0.343,0,0,0.685
"9606.ENSP00000338093","9606.ENSP00000456218","TARS3","EARS2",9606,0.782,0.057,0,0,0.09,0,0,0.766
"9606.ENSP00000338487","9606.ENSP00000339328","MGAT4B","PLAUR",9606,0.422,0,0,0,0.044,0.421,0,0
"9606.ENSP00000338487","9606.ENSP00000363452","MGAT4B","MAN1C1",9606,0.486,0,0,0,0.062,0,0,0.475
"9606.ENSP00000339109","9606.ENSP00000364016","ANAPC1","PSMB8",9606,0.401,0,0,0,0.043,0,0.4,0
"9606.ENSP00000339109","9606.ENSP00000372155","ANAPC1","PSME1",9606,0.401,0,0,0,0.044,0,0.4,0
"9606.ENSP00000339109","9606.ENSP00000351314","ANAPC1","PSMB10",9606,0.403,0,0,0,0.047,0,0.4,0
"9606.ENSP00000339109","9606.ENSP00000396937","ANAPC1","PSMD13",9606,0.405,0,0,0,0.049,0,0.4,0
"9606.ENSP00000339109","9606.ENSP00000363993","ANAPC1","PSMB9",9606,0.407,0,0,0,0.049,0,0.4,0.045
"9606.ENSP00000339109","9606.ENSP00000367721","ANAPC1","NUP160",9606,0.421,0,0,0,0.378,0,0,0.106
"9606.ENSP00000339109","9606.ENSP00000410042","ANAPC1","BRD1",9606,0.432,0,0,0,0.06,0.421,0,0
"9606.ENSP00000339109","9606.ENSP00000386488","ANAPC1","ZC3H8",9606,0.438,0,0,0,0.076,0,0,0.417
"9606.ENSP00000339109","9606.ENSP00000357876","ANAPC1","PSMD4",9606,0.438,0,0,0,0.049,0.095,0.4,0
"9606.ENSP00000339109","9606.ENSP00000386764","ANAPC1","ZC3H6",9606,0.465,0,0,0,0.063,0,0,0.452
"9606.ENSP00000339109","9606.ENSP00000444136","ANAPC1","POLR1B",9606,0.564,0,0,0,0.346,0,0,0.36
"9606.ENSP00000339109","9606.ENSP00000402107","ANAPC1","L3MBTL1",9606,0.569,0,0,0,0,0.569,0,0
"9606.ENSP00000339109","9606.ENSP00000409964","ANAPC1","CFAP97",9606,0.619,0,0,0,0.067,0.576,0,0.114
"9606.ENSP00000339109","9606.ENSP00000354916","ANAPC1","CDC14A",9606,0.737,0,0,0,0,0.069,0.65,0.257
"9606.ENSP00000339109","9606.ENSP00000437659","ANAPC1","PHC1",9606,0.902,0,0,0,0.062,0,0.9,0
"9606.ENSP00000339299","9606.ENSP00000359532","TRIO","NTSR1",9606,0.499,0,0,0,0,0,0.5,0
"9606.ENSP00000339299","9606.ENSP00000498702","TRIO","GPR68",9606,0.499,0,0,0,0,0,0.5,0
"9606.ENSP00000339299","9606.ENSP00000497733","TRIO","CDC42",9606,0.845,0,0,0,0.065,0.318,0.5,0.572
"9606.ENSP00000339314","9606.ENSP00000351207","ZNF70","KIAA1671",9606,0.434,0,0,0,0.044,0.079,0,0.409
"9606.ENSP00000339328","9606.ENSP00000478887","PLAUR","MYC",9606,0.454,0,0,0,0.052,0.161,0,0.369
"9606.ENSP00000339328","9606.ENSP00000356058","PLAUR","FCMR",9606,0.508,0,0,0.428,0.108,0,0,0.112
"9606.ENSP00000339328","9606.ENSP00000367202","PLAUR","RECK",9606,0.525,0,0,0,0,0,0,0.525
"9606.ENSP00000339328","9606.ENSP00000497733","PLAUR","CDC42",9606,0.621,0,0,0,0.118,0,0,0.588
"9606.ENSP00000339566","9606.ENSP00000363641","H1-2","TXN",9606,0.413,0,0,0,0.072,0.049,0,0.389
"9606.ENSP00000339566","9606.ENSP00000488912","H1-2","CRHR1-2",9606,0.604,0,0,0,0,0,0,0.604
"9606.ENSP00000339566","9606.ENSP00000364589","H1-2","CUL4A",9606,0.66,0,0,0,0.055,0.292,0,0.533
"9606.ENSP00000339566","9606.ENSP00000349430","H1-2","H2BC12",9606,0.876,0,0.007,0,0.786,0.116,0,0.397
"9606.ENSP00000339659","9606.ENSP00000478887","TRIM2","MYC",9606,0.447,0,0,0,0,0.069,0,0.431
"9606.ENSP00000339659","9606.ENSP00000360821","TRIM2","UBAC1",9606,0.52,0,0,0,0,0.52,0,0
"9606.ENSP00000339754","9606.ENSP00000379144","ARL4C","TNRC6A",9606,0.499,0,0,0,0,0,0.5,0
"9606.ENSP00000339917","9606.ENSP00000410759","TAF9B","ATXN7L1",9606,0.595,0,0,0,0.049,0.515,0,0.193
"9606.ENSP00000339917","9606.ENSP00000349430","TAF9B","H2BC12",9606,0.732,0,0,0,0,0.109,0.5,0.448
"9606.ENSP00000339917","9606.ENSP00000462980","TAF9B","TAF4B",9606,0.959,0,0,0,0.042,0.744,0.8,0.28
"9606.ENSP00000339917","9606.ENSP00000356848","TAF9B","TADA1",9606,0.994,0,0,0,0.149,0.924,0.9,0.224
"9606.ENSP00000340132","9606.ENSP00000467218","ZNF383","ZNF570",9606,0.43,0,0,0.062,0.417,0,0,0
"9606.ENSP00000340132","9606.ENSP00000357914","ZNF383","GABPB2",9606,0.554,0,0,0,0.53,0.091,0,0
"9606.ENSP00000340132","9606.ENSP00000476746","ZNF383","ZBTB25",9606,0.776,0,0,0,0.776,0,0,0
"9606.ENSP00000340211","9606.ENSP00000430269","CORO1B","EPHX2",9606,0.45,0.09,0,0,0.042,0,0.287,0.219
"9606.ENSP00000340211","9606.ENSP00000364298","CORO1B","FKBPL",9606,0.494,0,0,0,0.049,0,0,0.49
"9606.ENSP00000340211","9606.ENSP00000357564","CORO1B","RAB13",9606,0.598,0,0,0,0.062,0,0,0.589
"9606.ENSP00000340347","9606.ENSP00000398655","TCF7","ITK",9606,0.421,0,0,0,0.253,0.054,0,0.245
"9606.ENSP00000340347","9606.ENSP00000400892","TCF7","TESPA1",9606,0.457,0,0,0,0.11,0,0,0.415
"9606.ENSP00000340347","9606.ENSP00000477815","TCF7","PTCRA",9606,0.457,0,0,0,0.047,0,0,0.453
"9606.ENSP00000340347","9606.ENSP00000376436","TCF7","ETS1",9606,0.466,0,0,0,0.136,0,0,0.406
"9606.ENSP00000340347","9606.ENSP00000342681","TCF7","CD5",9606,0.484,0,0,0,0.298,0,0,0.296
"9606.ENSP00000340347","9606.ENSP00000478887","TCF7","MYC",9606,0.498,0,0,0,0.064,0,0,0.485
"9606.ENSP00000340347","9606.ENSP00000340896","TCF7","ASH2L",9606,0.499,0,0,0,0,0,0.5,0
"9606.ENSP00000340347","9606.ENSP00000368880","TCF7","FOXO1",9606,0.506,0,0,0,0.049,0.098,0,0.47
"9606.ENSP00000340347","9606.ENSP00000365380","TCF7","FOXP3",9606,0.514,0,0,0,0.055,0,0,0.507
"9606.ENSP00000340347","9606.ENSP00000357036","TCF7","SLAMF6",9606,0.518,0,0,0,0.118,0,0,0.476
"9606.ENSP00000340347","9606.ENSP00000349430","TCF7","H2BC12",9606,0.544,0,0,0,0,0,0.5,0.126
"9606.ENSP00000340347","9606.ENSP00000361219","TCF7","GTF3C4",9606,0.545,0,0,0,0,0,0,0.545
"9606.ENSP00000340347","9606.ENSP00000498227","TCF7","SELL",9606,0.587,0,0,0,0.123,0,0,0.548
"9606.ENSP00000340347","9606.ENSP00000477713","TCF7","LCK",9606,0.593,0,0,0,0.357,0.065,0,0.377
"9606.ENSP00000340347","9606.ENSP00000399518","TCF7","SATB1",9606,0.613,0,0,0,0.097,0,0,0.589
"9606.ENSP00000340347","9606.ENSP00000359206","TCF7","BTRC",9606,0.655,0,0,0,0,0.071,0.5,0.318
"9606.ENSP00000340347","9606.ENSP00000431445","TCF7","CD3G",9606,0.66,0,0,0,0.258,0,0,0.561
"9606.ENSP00000340347","9606.ENSP00000466542","TCF7","TLE2",9606,0.732,0,0,0,0.067,0.288,0.5,0.29
"9606.ENSP00000340347","9606.ENSP00000349723","TCF7","BCL11B",9606,0.748,0,0,0,0.264,0.209,0,0.601
"9606.ENSP00000340434","9606.ENSP00000448665","RTL6","DDIT3",9606,0.657,0,0,0,0,0.655,0,0.047
"9606.ENSP00000340688","9606.ENSP00000355396","ADGRL1","LRIG2",9606,0.514,0,0,0,0,0.514,0,0
"9606.ENSP00000340688","9606.ENSP00000452037","ADGRL1","DNAL1",9606,0.514,0,0,0,0,0.514,0,0
"9606.ENSP00000340688","9606.ENSP00000358880","ADGRL1","AMIGO1",9606,0.521,0,0,0,0.056,0.514,0,0
"9606.ENSP00000340688","9606.ENSP00000374447","ADGRL1","LRCH1",9606,0.523,0,0,0,0.059,0.514,0,0
"9606.ENSP00000340688","9606.ENSP00000397312","ADGRL1","LRRN3",9606,0.553,0,0,0,0.047,0.514,0,0.113
"9606.ENSP00000340688","9606.ENSP00000383866","ADGRL1","SZRD1",9606,0.969,0,0,0,0,0.967,0,0.116
"9606.ENSP00000340896","9606.ENSP00000369695","ASH2L","MLLT3",9606,0.407,0,0,0,0,0.091,0,0.374
"9606.ENSP00000340896","9606.ENSP00000466542","ASH2L","TLE2",9606,0.499,0,0,0,0,0,0.5,0
"9606.ENSP00000340896","9606.ENSP00000415436","ASH2L","KANSL2",9606,0.508,0,0,0,0.049,0.327,0,0.293
"9606.ENSP00000340896","9606.ENSP00000359206","ASH2L","BTRC",9606,0.517,0,0,0,0.074,0,0.5,0
"9606.ENSP00000340896","9606.ENSP00000380352","ASH2L","DDHD2",9606,0.532,0,0,0,0.162,0,0,0.464
"9606.ENSP00000340896","9606.ENSP00000379144","ASH2L","TNRC6A",9606,0.563,0,0,0,0,0.292,0.4,0.054
"9606.ENSP00000340896","9606.ENSP00000357000","ASH2L","USF1",9606,0.599,0,0,0,0,0.51,0,0.216
"9606.ENSP00000340896","9606.ENSP00000351490","ASH2L","MAX",9606,0.628,0,0,0,0.128,0.1,0.54,0.091
"9606.ENSP00000340896","9606.ENSP00000362592","ASH2L","RBBP4",9606,0.658,0,0,0,0.067,0,0.5,0.326
"9606.ENSP00000340896","9606.ENSP00000370114","ASH2L","PSIP1",9606,0.697,0,0,0,0.049,0.163,0,0.65
"9606.ENSP00000340896","9606.ENSP00000364037","ASH2L","TEX10",9606,0.707,0,0,0,0.068,0,0.54,0.372
"9606.ENSP00000340896","9606.ENSP00000349430","ASH2L","H2BC12",9606,0.91,0,0,0,0,0.8,0.5,0.176
"9606.ENSP00000340896","9606.ENSP00000436786","ASH2L","KMT2A",9606,0.999,0,0,0,0.057,0.993,0.9,0.924
"9606.ENSP00000340896","9606.ENSP00000384048","ASH2L","PAXIP1",9606,0.999,0,0,0,0.06,0.839,0.9,0.973
"9606.ENSP00000341071","9606.ENSP00000497733","ARHGEF3","CDC42",9606,0.74,0,0,0,0.062,0.334,0,0.617
"9606.ENSP00000341117","9606.ENSP00000464814","SDSL","COASY",9606,0.41,0.058,0,0,0.067,0,0,0.383
"9606.ENSP00000341117","9606.ENSP00000355536","SDSL","MTR",9606,0.847,0.056,0,0,0.068,0.095,0.8,0.188
"9606.ENSP00000341178","9606.ENSP00000366800","C15orf62","DNAJC11",9606,0.431,0,0,0,0,0,0,0.431
"9606.ENSP00000341178","9606.ENSP00000480378","C15orf62","MTERF4",9606,0.461,0,0,0,0,0,0,0.461
"9606.ENSP00000341198","9606.ENSP00000376652","NEO1","EVL",9606,0.44,0,0,0,0.042,0.071,0,0.422
"9606.ENSP00000341198","9606.ENSP00000394560","NEO1","MAPK9",9606,0.526,0,0,0,0.054,0,0,0.52
"9606.ENSP00000341198","9606.ENSP00000417404","NEO1","HFE",9606,0.645,0,0,0,0,0,0,0.645
"9606.ENSP00000341198","9606.ENSP00000361107","NEO1","BMPR1A",9606,0.965,0,0,0,0.143,0.091,0.9,0.611
"9606.ENSP00000341524","9606.ENSP00000386834","SEPTIN6","AFF3",9606,0.479,0,0,0,0.044,0,0,0.478
"9606.ENSP00000341524","9606.ENSP00000436786","SEPTIN6","KMT2A",9606,0.554,0,0,0,0.149,0,0,0.498
"9606.ENSP00000341524","9606.ENSP00000369695","SEPTIN6","MLLT3",9606,0.649,0,0,0,0.049,0,0,0.647
"9606.ENSP00000341524","9606.ENSP00000367991","SEPTIN6","SEPTIN8",9606,0.96,0,0,0.052,0.042,0.869,0.54,0.387
"9606.ENSP00000341524","9606.ENSP00000422896","SEPTIN6","SEPTIN11",9606,0.996,0,0,0.05,0.055,0.866,0.9,0.724
"9606.ENSP00000341680","9606.ENSP00000409581","DTNBP1","ARRB1",9606,0.499,0,0,0,0,0,0.5,0
"9606.ENSP00000341680","9606.ENSP00000465685","DTNBP1","AP1M2",9606,0.499,0,0,0,0,0,0.5,0
"9606.ENSP00000341680","9606.ENSP00000381213","DTNBP1","HPS4",9606,0.972,0,0,0,0.054,0,0.72,0.903
"9606.ENSP00000341680","9606.ENSP00000357674","DTNBP1","SNAPIN",9606,0.999,0,0,0,0.11,0.882,0.9,0.998
"9606.ENSP00000341743","9606.ENSP00000374037","ENSA","VPS9D1",9606,0.445,0,0,0,0,0,0,0.445
"9606.ENSP00000341743","9606.ENSP00000356953","ENSA","SDHC",9606,0.465,0,0,0,0.466,0,0,0
"9606.ENSP00000341743","9606.ENSP00000482546","ENSA","REC8",9606,0.56,0,0,0,0,0,0,0.56
"9606.ENSP00000342105","9606.ENSP00000359206","DYRK2","BTRC",9606,0.401,0,0,0,0.049,0.097,0,0.358
"9606.ENSP00000342105","9606.ENSP00000379330","DYRK2","NFATC2",9606,0.513,0,0,0,0.053,0,0,0.507
"9606.ENSP00000342105","9606.ENSP00000365782","DYRK2","CEP78",9606,0.64,0,0,0,0.067,0.51,0,0.277
"9606.ENSP00000342676","9606.ENSP00000401853","AURKAIP1","HYAL2",9606,0.449,0,0,0,0.063,0,0,0.437
"9606.ENSP00000342676","9606.ENSP00000497004","AURKAIP1","MRPL28",9606,0.902,0,0,0,0.476,0.82,0,0
"9606.ENSP00000342681","9606.ENSP00000487358","CD5","THEMIS",9606,0.409,0,0,0,0.319,0,0,0.167
"9606.ENSP00000342681","9606.ENSP00000357036","CD5","SLAMF6",9606,0.452,0,0,0,0.22,0,0,0.327
"9606.ENSP00000342681","9606.ENSP00000378845","CD5","LAT",9606,0.458,0,0,0,0.318,0,0,0.238
"9606.ENSP00000342681","9606.ENSP00000357169","CD5","FCRL3",9606,0.475,0,0,0,0.165,0.263,0,0.215
"9606.ENSP00000342681","9606.ENSP00000470788","CD5","IL12RB1",9606,0.48,0,0,0,0.174,0.263,0,0.214
"9606.ENSP00000342681","9606.ENSP00000349723","CD5","BCL11B",9606,0.506,0,0,0,0.336,0,0,0.287
"9606.ENSP00000342681","9606.ENSP00000478887","CD5","MYC",9606,0.582,0,0,0,0.054,0,0,0.577
"9606.ENSP00000342681","9606.ENSP00000353731","CD5","DPP4",9606,0.618,0,0,0,0.116,0,0,0.586
"9606.ENSP00000342681","9606.ENSP00000428056","CD5","PIK3R1",9606,0.651,0,0,0,0.044,0.405,0,0.436
"9606.ENSP00000342681","9606.ENSP00000398655","CD5","ITK",9606,0.686,0,0,0,0.498,0,0,0.4
"9606.ENSP00000342681","9606.ENSP00000365380","CD5","FOXP3",9606,0.7,0,0,0,0.087,0,0,0.685
"9606.ENSP00000342681","9606.ENSP00000498227","CD5","SELL",9606,0.705,0,0,0,0.19,0,0,0.651
"9606.ENSP00000342681","9606.ENSP00000438406","CD5","SLAMF1",9606,0.723,0,0,0,0.372,0,0,0.577
"9606.ENSP00000342681","9606.ENSP00000483570","CD5","BTK",9606,0.737,0,0,0,0.15,0,0,0.704
"9606.ENSP00000342681","9606.ENSP00000431445","CD5","CD3G",9606,0.74,0,0,0,0.491,0,0,0.511
"9606.ENSP00000342681","9606.ENSP00000359663","CD5","CD40LG",9606,0.823,0,0,0,0.356,0,0,0.737
"9606.ENSP00000342681","9606.ENSP00000381185","CD5","BCL2",9606,0.847,0,0,0,0.138,0,0,0.83
"9606.ENSP00000342681","9606.ENSP00000477713","CD5","LCK",9606,0.957,0,0,0,0.455,0.51,0,0.854
"9606.ENSP00000343002","9606.ENSP00000361302","B3GLCT","POMT1",9606,0.449,0,0,0,0.049,0,0,0.444
"9606.ENSP00000343002","9606.ENSP00000364902","B3GLCT","POFUT1",9606,0.533,0,0,0,0.049,0,0,0.529
"9606.ENSP00000343064","9606.ENSP00000352111","GOLGA8B","GOLGA8A",9606,0.543,0,0,0.046,0.536,0,0,0.051
"9606.ENSP00000343118","9606.ENSP00000411672","LAMTOR4","ATP6V0E2",9606,0.517,0,0,0,0.074,0,0.5,0
"9606.ENSP00000343118","9606.ENSP00000429690","LAMTOR4","ATP6V0E1",9606,0.535,0,0,0,0.108,0,0.5,0
"9606.ENSP00000343118","9606.ENSP00000393762","LAMTOR4","SESN1",9606,0.622,0,0,0,0,0,0.5,0.275
"9606.ENSP00000343118","9606.ENSP00000357674","LAMTOR4","SNAPIN",9606,0.684,0,0,0,0.285,0.423,0,0.297
"9606.ENSP00000343118","9606.ENSP00000352522","LAMTOR4","ATP6V1H",9606,0.69,0,0,0,0.056,0,0.65,0.139
"9606.ENSP00000343190","9606.ENSP00000371133","PPCDC","HMG20A",9606,0.437,0,0,0,0,0,0,0.437
"9606.ENSP00000343190","9606.ENSP00000382071","PPCDC","HLCS",9606,0.688,0.089,0,0,0.063,0,0.556,0.275
"9606.ENSP00000343190","9606.ENSP00000464814","PPCDC","COASY",9606,0.999,0.076,0,0,0.09,0.114,0.983,0.985
"9606.ENSP00000343505","9606.ENSP00000367013","TNFSF13","TNFRSF25",9606,0.488,0,0,0,0.052,0,0,0.482
"9606.ENSP00000343505","9606.ENSP00000347948","TNFSF13","TNFRSF14",9606,0.559,0,0,0,0.109,0.292,0,0.358
"9606.ENSP00000344087","9606.ENSP00000366271","AUTS2","KDM2B",9606,0.513,0,0,0,0.069,0,0,0.498
"9606.ENSP00000344087","9606.ENSP00000437659","AUTS2","PHC1",9606,0.664,0,0,0,0.06,0,0.5,0.342
"9606.ENSP00000344219","9606.ENSP00000419485","SUSD4","GCSAM",9606,0.425,0,0,0,0.049,0,0,0.42
"9606.ENSP00000344219","9606.ENSP00000382767","SUSD4","SEL1L3",9606,0.456,0,0,0,0,0,0,0.456
"9606.ENSP00000344241","9606.ENSP00000363064","ZMAT5","ZNF76",9606,0.417,0,0,0,0.074,0,0,0.396
"9606.ENSP00000344241","9606.ENSP00000498999","ZMAT5","FBXW8",9606,0.429,0,0,0,0,0,0,0.429
"9606.ENSP00000344241","9606.ENSP00000448073","ZMAT5","PRPF40B",9606,0.55,0,0,0,0.042,0.449,0,0.217
"9606.ENSP00000344241","9606.ENSP00000416534","ZMAT5","DDX46",9606,0.578,0,0,0,0,0.468,0,0.241
"9606.ENSP00000344241","9606.ENSP00000494831","ZMAT5","SNRPN",9606,0.761,0,0,0,0.14,0.686,0,0.187
"9606.ENSP00000344314","9606.ENSP00000365782","OFD1","CEP78",9606,0.44,0,0,0,0.052,0.113,0,0.387
"9606.ENSP00000344314","9606.ENSP00000482968","OFD1","ALMS1",9606,0.487,0,0,0,0.116,0.06,0,0.432
"9606.ENSP00000344314","9606.ENSP00000497174","OFD1","DYNC2H1",9606,0.523,0,0,0,0,0.064,0,0.511
"9606.ENSP00000344314","9606.ENSP00000419325","OFD1","SUCLG2",9606,0.649,0,0,0,0.044,0,0,0.648
"9606.ENSP00000344314","9606.ENSP00000346359","OFD1","KIAA0586",9606,0.69,0,0,0,0.095,0.091,0,0.653
"9606.ENSP00000344314","9606.ENSP00000385808","OFD1","KIF3A",9606,0.712,0,0,0,0.065,0.079,0,0.692
"9606.ENSP00000344314","9606.ENSP00000493946","OFD1","RPGRIP1L",9606,0.866,0,0,0,0,0.292,0,0.819
"9606.ENSP00000344544","9606.ENSP00000477713","IKZF3","LCK",9606,0.402,0,0,0,0.239,0.071,0,0.221
"9606.ENSP00000344544","9606.ENSP00000357169","IKZF3","FCRL3",9606,0.405,0,0,0,0.262,0,0,0.227
"9606.ENSP00000344544","9606.ENSP00000357036","IKZF3","SLAMF6",9606,0.41,0,0,0,0.277,0.068,0,0.194
"9606.ENSP00000344544","9606.ENSP00000369716","IKZF3","CHD3",9606,0.418,0,0,0,0.055,0.337,0,0.146
"9606.ENSP00000344544","9606.ENSP00000349503","IKZF3","ZBTB14",9606,0.419,0,0,0,0,0.053,0,0.412
"9606.ENSP00000344544","9606.ENSP00000351255","IKZF3","STAT4",9606,0.428,0,0,0,0.133,0.058,0,0.356
"9606.ENSP00000344544","9606.ENSP00000483570","IKZF3","BTK",9606,0.433,0,0,0,0.116,0.071,0,0.365
"9606.ENSP00000344544","9606.ENSP00000431445","IKZF3","CD3G",9606,0.434,0,0,0,0.318,0,0,0.204
"9606.ENSP00000344544","9606.ENSP00000470788","IKZF3","IL12RB1",9606,0.436,0,0,0,0.233,0,0,0.295
"9606.ENSP00000344544","9606.ENSP00000376436","IKZF3","ETS1",9606,0.448,0,0,0,0.164,0.058,0,0.355
"9606.ENSP00000344544","9606.ENSP00000478887","IKZF3","MYC",9606,0.448,0,0,0,0.056,0.045,0,0.436
"9606.ENSP00000344544","9606.ENSP00000371219","IKZF3","RHOH",9606,0.519,0,0,0,0.246,0.079,0,0.364
"9606.ENSP00000344544","9606.ENSP00000364589","IKZF3","CUL4A",9606,0.7,0,0,0,0,0.292,0,0.593
"9606.ENSP00000344544","9606.ENSP00000365380","IKZF3","FOXP3",9606,0.744,0,0,0,0.069,0.331,0,0.621
"9606.ENSP00000344855","9606.ENSP00000367193","FBXL14","FBXO48",9606,0.404,0,0,0,0,0,0,0.404
"9606.ENSP00000344855","9606.ENSP00000359206","FBXL14","BTRC",9606,0.639,0,0,0,0.049,0,0,0.636
"9606.ENSP00000345008","9606.ENSP00000381185","FBLN5","BCL2",9606,0.41,0,0,0,0.047,0,0,0.406
"9606.ENSP00000345008","9606.ENSP00000363827","FBLN5","HSPG2",9606,0.44,0,0,0,0.085,0.045,0,0.411
"9606.ENSP00000345008","9606.ENSP00000355180","FBLN5","COL6A1",9606,0.443,0,0,0,0.181,0.091,0,0.311
"9606.ENSP00000345008","9606.ENSP00000370115","FBLN5","SERPINB1",9606,0.614,0,0,0,0,0,0,0.614
"9606.ENSP00000345216","9606.ENSP00000481859","USP54","PAN2",9606,0.675,0,0,0,0.085,0,0,0.659
"9606.ENSP00000345793","9606.ENSP00000353793","ZC3H7B","WDHD1",9606,0.58,0,0,0,0.042,0.51,0,0.178
"9606.ENSP00000346127","9606.ENSP00000498227","PLEKHB1","SELL",9606,0.589,0,0,0,0.042,0,0,0.589
"9606.ENSP00000346359","9606.ENSP00000475489","KIAA0586","MPHOSPH9",9606,0.427,0,0,0,0.354,0.071,0,0.121
"9606.ENSP00000346359","9606.ENSP00000365782","KIAA0586","CEP78",9606,0.447,0,0,0,0.338,0.045,0,0.196
"9606.ENSP00000346359","9606.ENSP00000385808","KIAA0586","KIF3A",9606,0.477,0,0,0,0.062,0,0,0.465
"9606.ENSP00000346359","9606.ENSP00000493946","KIAA0586","RPGRIP1L",9606,0.526,0,0,0,0.095,0.046,0,0.495
"9606.ENSP00000346359","9606.ENSP00000497174","KIAA0586","DYNC2H1",9606,0.585,0,0,0,0.06,0,0,0.576
"9606.ENSP00000346437","9606.ENSP00000428205","ATG7","FBXO32",9606,0.406,0,0,0,0,0,0,0.406
"9606.ENSP00000346437","9606.ENSP00000448665","ATG7","DDIT3",9606,0.428,0,0,0,0.099,0,0,0.392
"9606.ENSP00000346437","9606.ENSP00000353422","ATG7","VPS13A",9606,0.434,0,0,0,0.093,0.292,0,0.19
"9606.ENSP00000346437","9606.ENSP00000478887","ATG7","MYC",9606,0.45,0,0,0,0.049,0,0,0.446
"9606.ENSP00000346437","9606.ENSP00000433209","ATG7","GSDMD",9606,0.462,0,0,0,0.062,0.312,0,0.234
"9606.ENSP00000346437","9606.ENSP00000379156","ATG7","MPRIP",9606,0.504,0,0,0,0.049,0,0.5,0
"9606.ENSP00000346437","9606.ENSP00000488642","ATG7","TENT4A",9606,0.512,0,0,0,0,0,0.5,0.065
"9606.ENSP00000346437","9606.ENSP00000357981","ATG7","CTSS",9606,0.519,0,0,0,0.108,0,0,0.482
"9606.ENSP00000346437","9606.ENSP00000497280","ATG7","AGK",9606,0.525,0,0,0,0.049,0,0.5,0.082
"9606.ENSP00000346437","9606.ENSP00000357876","ATG7","PSMD4",9606,0.555,0,0,0,0.067,0.113,0,0.505
"9606.ENSP00000346437","9606.ENSP00000348848","ATG7","WDR45",9606,0.662,0,0,0,0.049,0.145,0,0.617
"9606.ENSP00000346437","9606.ENSP00000383719","ATG7","UBE2J2",9606,0.694,0,0,0,0.069,0.128,0.5,0.336
"9606.ENSP00000346437","9606.ENSP00000491504","ATG7","ATG9B",9606,0.74,0,0,0,0,0.258,0,0.663
"9606.ENSP00000346437","9606.ENSP00000381185","ATG7","BCL2",9606,0.807,0,0,0,0.057,0.051,0,0.802
"9606.ENSP00000346437","9606.ENSP00000375873","ATG7","ATG16L1",9606,0.995,0,0,0,0,0,0.5,0.991
"9606.ENSP00000346437","9606.ENSP00000368880","ATG7","FOXO1",9606,0.998,0,0,0,0.06,0.739,0,0.993
"9606.ENSP00000347140","9606.ENSP00000449500","ASGR2","RNASEK",9606,0.46,0,0,0,0,0,0,0.46
"9606.ENSP00000347648","9606.ENSP00000372199","ZNF512","URB1",9606,0.414,0,0,0,0,0.414,0,0
"9606.ENSP00000347648","9606.ENSP00000355899","ZNF512","RRP15",9606,0.519,0,0,0,0,0.041,0,0.519
"9606.ENSP00000347821","9606.ENSP00000418823","MORC4","FTO",9606,0.469,0,0,0,0.454,0,0,0.069
"9606.ENSP00000347948","9606.ENSP00000365817","TNFRSF14","HLA-E",9606,0.406,0,0,0,0.24,0,0,0.25
"9606.ENSP00000347948","9606.ENSP00000381185","TNFRSF14","BCL2",9606,0.416,0,0,0,0.072,0,0,0.396
"9606.ENSP00000347948","9606.ENSP00000399168","TNFRSF14","HLA-B",9606,0.424,0,0,0,0.244,0,0,0.27
"9606.ENSP00000347948","9606.ENSP00000365380","TNFRSF14","FOXP3",9606,0.449,0,0,0,0.063,0.067,0,0.421
"9606.ENSP00000347948","9606.ENSP00000380150","TNFRSF14","CARD11",9606,0.472,0,0,0,0.087,0,0,0.446
"9606.ENSP00000347948","9606.ENSP00000359663","TNFRSF14","CD40LG",9606,0.553,0,0,0,0.121,0,0,0.512
"9606.ENSP00000347948","9606.ENSP00000378856","TNFRSF14","LGALS9",9606,0.842,0,0,0,0.152,0,0,0.822
"9606.ENSP00000347948","9606.ENSP00000362994","TNFRSF14","TRAF1",9606,0.847,0,0,0,0.141,0.311,0,0.762
"9606.ENSP00000348162","9606.ENSP00000366800","ZNF507","DNAJC11",9606,0.473,0,0,0,0.049,0.059,0,0.459
"9606.ENSP00000348162","9606.ENSP00000369716","ZNF507","CHD3",9606,0.496,0,0,0,0.062,0.102,0,0.449
"9606.ENSP00000348170","9606.ENSP00000356224","HP","SYNE1",9606,0.417,0,0,0,0.043,0,0,0.416
"9606.ENSP00000348170","9606.ENSP00000357727","HP","S100A9",9606,0.551,0,0,0,0.148,0.094,0,0.464
"9606.ENSP00000348170","9606.ENSP00000385757","HP","BLVRA",9606,0.617,0,0,0,0.069,0,0,0.605
"9606.ENSP00000348170","9606.ENSP00000357721","HP","S100A8",9606,0.646,0,0,0,0.142,0.094,0,0.582
"9606.ENSP00000348215","9606.ENSP00000463559","SH3PXD2A","MYL12B",9606,0.413,0,0,0,0,0.06,0,0.402
"9606.ENSP00000348215","9606.ENSP00000361467","SH3PXD2A","DLG5",9606,0.48,0,0,0,0.056,0.046,0,0.469
"9606.ENSP00000348215","9606.ENSP00000497733","SH3PXD2A","CDC42",9606,0.867,0,0,0,0,0.257,0.5,0.67
"9606.ENSP00000348216","9606.ENSP00000379208","TRIM4","ZNF248",9606,0.479,0,0,0,0.071,0.065,0,0.448
"9606.ENSP00000348216","9606.ENSP00000495413","TRIM4","TRIM66",9606,0.523,0,0,0,0.055,0,0,0.516
"9606.ENSP00000348216","9606.ENSP00000385610","TRIM4","MEX3C",9606,0.755,0,0,0,0.048,0,0,0.754
"9606.ENSP00000348278","9606.ENSP00000388658","STK39","SLC25A12",9606,0.645,0,0,0,0.081,0,0,0.629
"9606.ENSP00000348278","9606.ENSP00000357998","STK39","SEC63",9606,0.828,0,0,0,0.062,0.752,0,0.32
"9606.ENSP00000348314","9606.ENSP00000377428","SPEF2","CFAP44",9606,0.676,0,0,0,0.207,0.091,0,0.587
"9606.ENSP00000348471","9606.ENSP00000450842","SH3YL1","TMEM30B",9606,0.469,0,0,0,0.224,0,0,0.343
"9606.ENSP00000348471","9606.ENSP00000356155","SH3YL1","PIK3C2B",9606,0.525,0,0,0,0.099,0.46,0,0.103
"9606.ENSP00000348632","9606.ENSP00000352420","RBCK1","LDLRAD4",9606,0.405,0,0,0,0,0.405,0,0
"9606.ENSP00000348632","9606.ENSP00000357876","RBCK1","PSMD4",9606,0.539,0,0,0,0.049,0.51,0,0.091
"9606.ENSP00000348632","9606.ENSP00000408695","RBCK1","PRKCA",9606,0.638,0,0,0,0.057,0.3,0,0.496
"9606.ENSP00000348632","9606.ENSP00000380150","RBCK1","CARD11",9606,0.674,0,0,0,0.044,0.497,0,0.376
"9606.ENSP00000348632","9606.ENSP00000362994","RBCK1","TRAF1",9606,0.676,0,0,0,0.079,0.601,0,0.188
"9606.ENSP00000348632","9606.ENSP00000364298","RBCK1","FKBPL",9606,0.811,0,0,0,0,0.736,0,0.315
"9606.ENSP00000348769","9606.ENSP00000364589","ARIH2","CUL4A",9606,0.532,0,0,0,0.436,0,0,0.205
"9606.ENSP00000348848","9606.ENSP00000365606","WDR45","GRIPAP1",9606,0.417,0,0.184,0,0.234,0,0,0.141
"9606.ENSP00000348848","9606.ENSP00000353422","WDR45","VPS13A",9606,0.471,0,0,0,0,0,0,0.471
"9606.ENSP00000348848","9606.ENSP00000491504","WDR45","ATG9B",9606,0.5,0,0,0,0.086,0,0,0.476
"9606.ENSP00000348848","9606.ENSP00000375873","WDR45","ATG16L1",9606,0.629,0,0,0,0.067,0,0,0.618
"9606.ENSP00000348848","9606.ENSP00000364404","WDR45","DCAF17",9606,0.714,0,0,0,0,0,0,0.714
"9606.ENSP00000348848","9606.ENSP00000464814","WDR45","COASY",9606,0.716,0,0,0,0.067,0,0,0.708
"9606.ENSP00000348933","9606.ENSP00000384515","CCDC25","PARVB",9606,0.633,0,0,0,0.044,0,0,0.631
"9606.ENSP00000349078","9606.ENSP00000387654","FDPS","PCYOX1",9606,0.482,0,0,0,0.049,0.305,0,0.279
"9606.ENSP00000349078","9606.ENSP00000464814","FDPS","COASY",9606,0.592,0.061,0,0,0.153,0,0,0.528
"9606.ENSP00000349078","9606.ENSP00000366006","FDPS","UBIAD1",9606,0.665,0.099,0,0,0.049,0,0.429,0.397
"9606.ENSP00000349238","9606.ENSP00000408910","CCDC88B","DCTN2",9606,0.4,0,0,0,0.042,0.111,0,0.353
"9606.ENSP00000349238","9606.ENSP00000360252","CCDC88B","HOOK1",9606,0.768,0,0,0,0.047,0.064,0,0.761
"9606.ENSP00000349430","9606.ENSP00000396052","H2BC12","BRMS1",9606,0.413,0,0,0,0.062,0,0.4,0
"9606.ENSP00000349430","9606.ENSP00000353401","H2BC12","CUX1",9606,0.429,0,0,0,0.042,0,0,0.429
"9606.ENSP00000349430","9606.ENSP00000353920","H2BC12","ADARB1",9606,0.455,0,0,0,0.051,0,0,0.45
"9606.ENSP00000349430","9606.ENSP00000379144","H2BC12","TNRC6A",9606,0.499,0,0,0,0,0,0.5,0
"9606.ENSP00000349430","9606.ENSP00000385823","H2BC12","MTA3",9606,0.499,0,0,0,0,0,0.5,0
"9606.ENSP00000349430","9606.ENSP00000437659","H2BC12","PHC1",9606,0.506,0,0,0,0.052,0,0.5,0
"9606.ENSP00000349430","9606.ENSP00000481842","H2BC12","SAP18",9606,0.507,0,0,0,0,0,0.5,0.056
"9606.ENSP00000349430","9606.ENSP00000477213","H2BC12","APBB1",9606,0.517,0,0,0,0,0.074,0.5,0
"9606.ENSP00000349430","9606.ENSP00000384048","H2BC12","PAXIP1",9606,0.525,0,0,0,0.042,0,0.5,0.089
"9606.ENSP00000349430","9606.ENSP00000471536","H2BC12","MARCHF2",9606,0.533,0,0,0,0.065,0,0,0.522
"9606.ENSP00000349430","9606.ENSP00000370710","H2BC12","KDM4C",9606,0.546,0,0,0,0,0.094,0.5,0.079
"9606.ENSP00000349430","9606.ENSP00000444136","H2BC12","POLR1B",9606,0.555,0,0,0,0,0.289,0.4,0
"9606.ENSP00000349430","9606.ENSP00000433681","H2BC12","NCAPD3",9606,0.564,0,0,0,0.062,0,0.5,0.146
"9606.ENSP00000349430","9606.ENSP00000381185","H2BC12","BCL2",9606,0.583,0,0,0,0,0,0.5,0.202
"9606.ENSP00000349430","9606.ENSP00000482546","H2BC12","REC8",9606,0.595,0,0,0,0,0.095,0.5,0.178
"9606.ENSP00000349430","9606.ENSP00000362592","H2BC12","RBBP4",9606,0.668,0,0,0,0,0.319,0.5,0.103
"9606.ENSP00000349430","9606.ENSP00000478887","H2BC12","MYC",9606,0.69,0,0,0,0.072,0.053,0.5,0.379
"9606.ENSP00000349430","9606.ENSP00000369716","H2BC12","CHD3",9606,0.694,0,0,0,0,0.369,0.5,0.108
"9606.ENSP00000349430","9606.ENSP00000370114","H2BC12","PSIP1",9606,0.833,0,0,0,0,0.815,0,0.134
"9606.ENSP00000349430","9606.ENSP00000436786","H2BC12","KMT2A",9606,0.958,0,0,0,0,0.91,0.5,0.147
"9606.ENSP00000349503","9606.ENSP00000478887","ZBTB14","MYC",9606,0.546,0,0,0,0,0.045,0,0.544
"9606.ENSP00000349723","9606.ENSP00000497806","BCL11B","DLG4",9606,0.408,0,0,0,0,0.1,0,0.369
"9606.ENSP00000349723","9606.ENSP00000376436","BCL11B","ETS1",9606,0.46,0,0,0,0.084,0.045,0,0.433
"9606.ENSP00000349723","9606.ENSP00000399518","BCL11B","SATB1",9606,0.497,0,0,0,0.106,0.053,0,0.453
"9606.ENSP00000349723","9606.ENSP00000477815","BCL11B","PTCRA",9606,0.519,0,0,0,0,0,0,0.519
"9606.ENSP00000349723","9606.ENSP00000431445","BCL11B","CD3G",9606,0.531,0,0,0,0.289,0,0,0.368
"9606.ENSP00000349723","9606.ENSP00000385823","BCL11B","MTA3",9606,0.549,0,0,0,0,0.524,0,0.092
"9606.ENSP00000349723","9606.ENSP00000398655","BCL11B","ITK",9606,0.568,0,0,0,0.44,0.071,0,0.237
"9606.ENSP00000349723","9606.ENSP00000477713","BCL11B","LCK",9606,0.666,0,0,0,0.431,0.071,0,0.418
"9606.ENSP00000349723","9606.ENSP00000369716","BCL11B","CHD3",9606,0.713,0,0,0,0.074,0.647,0,0.191
"9606.ENSP00000349723","9606.ENSP00000362592","BCL11B","RBBP4",9606,0.717,0,0,0,0.047,0.621,0,0.277
"9606.ENSP00000349723","9606.ENSP00000353401","BCL11B","CUX1",9606,0.821,0,0,0,0,0.056,0,0.819
"9606.ENSP00000349732","9606.ENSP00000384117","C3orf18","C16orf86",9606,0.467,0,0,0,0.082,0,0,0.444
"9606.ENSP00000349732","9606.ENSP00000362727","C3orf18","DENND1A",9606,0.477,0,0,0,0,0,0,0.477
"9606.ENSP00000350266","9606.ENSP00000369695","DENND2D","MLLT3",9606,0.41,0,0,0,0.044,0.409,0,0
"9606.ENSP00000350266","9606.ENSP00000369538","DENND2D","GDI2",9606,0.415,0,0,0,0.042,0,0.4,0.064
"9606.ENSP00000350547","9606.ENSP00000497806","SEMA4F","DLG4",9606,0.431,0,0,0,0,0.095,0,0.398
"9606.ENSP00000350547","9606.ENSP00000377061","SEMA4F","PLXNA1",9606,0.491,0,0,0,0.061,0.225,0,0.357
"9606.ENSP00000350547","9606.ENSP00000358696","SEMA4F","PLXNA3",9606,0.561,0,0,0,0.111,0.225,0,0.414
"9606.ENSP00000350633","9606.ENSP00000368880","SERTAD1","FOXO1",9606,0.438,0,0,0,0.049,0,0,0.434
"9606.ENSP00000350633","9606.ENSP00000370671","SERTAD1","KLHL42",9606,0.446,0,0,0,0,0.438,0,0.056
"9606.ENSP00000350686","9606.ENSP00000433681","ANKLE2","NCAPD3",9606,0.421,0,0,0,0.063,0,0,0.407
"9606.ENSP00000350686","9606.ENSP00000355396","ANKLE2","LRIG2",9606,0.505,0,0,0,0.112,0.108,0,0.425
"9606.ENSP00000350686","9606.ENSP00000437659","ANKLE2","PHC1",9606,0.535,0,0,0,0.064,0.049,0,0.52
"9606.ENSP00000350815","9606.ENSP00000408910","NR3C2","DCTN2",9606,0.42,0,0,0,0,0,0.4,0.073
"9606.ENSP00000350815","9606.ENSP00000355536","NR3C2","MTR",9606,0.447,0,0,0,0.043,0.065,0,0.432
"9606.ENSP00000350815","9606.ENSP00000353731","NR3C2","DPP4",9606,0.483,0,0,0,0.074,0.052,0,0.458
"9606.ENSP00000350815","9606.ENSP00000488912","NR3C2","CRHR1-2",9606,0.634,0,0,0,0,0,0,0.634
"9606.ENSP00000350815","9606.ENSP00000360821","NR3C2","UBAC1",9606,0.658,0,0,0,0,0,0,0.658
"9606.ENSP00000351147","9606.ENSP00000498499","DCAF4","CTC1",9606,0.43,0,0,0,0.06,0,0,0.419
"9606.ENSP00000351147","9606.ENSP00000394331","DCAF4","COMMD5",9606,0.499,0,0,0,0,0,0.5,0
"9606.ENSP00000351147","9606.ENSP00000364404","DCAF4","DCAF17",9606,0.904,0,0,0,0.085,0,0.9,0
"9606.ENSP00000351147","9606.ENSP00000371682","DCAF4","DCAF16",9606,0.909,0,0,0,0.074,0.103,0.9,0
"9606.ENSP00000351147","9606.ENSP00000415556","DCAF4","DCAF11",9606,0.944,0,0,0,0,0,0.9,0.47
"9606.ENSP00000351147","9606.ENSP00000364589","DCAF4","CUL4A",9606,0.99,0,0,0,0.049,0.836,0.9,0.47
"9606.ENSP00000351255","9606.ENSP00000394560","STAT4","MAPK9",9606,0.442,0,0,0,0.042,0,0,0.441
"9606.ENSP00000351255","9606.ENSP00000498227","STAT4","SELL",9606,0.451,0,0,0,0.162,0,0,0.372
"9606.ENSP00000351255","9606.ENSP00000477713","STAT4","LCK",9606,0.466,0,0,0,0.187,0.096,0,0.331
"9606.ENSP00000351255","9606.ENSP00000376436","STAT4","ETS1",9606,0.495,0,0,0,0.166,0,0,0.419
"9606.ENSP00000351255","9606.ENSP00000357169","STAT4","FCRL3",9606,0.503,0,0,0,0.154,0.091,0,0.406
"9606.ENSP00000351255","9606.ENSP00000359663","STAT4","CD40LG",9606,0.536,0,0,0,0.163,0,0,0.468
"9606.ENSP00000351255","9606.ENSP00000398655","STAT4","ITK",9606,0.549,0,0,0,0.347,0.096,0,0.298
"9606.ENSP00000351255","9606.ENSP00000365380","STAT4","FOXP3",9606,0.653,0,0,0,0,0.18,0,0.595
"9606.ENSP00000351255","9606.ENSP00000362994","STAT4","TRAF1",9606,0.666,0,0,0,0.175,0,0,0.612
"9606.ENSP00000351255","9606.ENSP00000358727","STAT4","GSTO1",9606,0.753,0,0,0,0.042,0,0.75,0.055
"9606.ENSP00000351255","9606.ENSP00000497733","STAT4","CDC42",9606,0.781,0,0,0,0.095,0.057,0.75,0.098
"9606.ENSP00000351255","9606.ENSP00000470788","STAT4","IL12RB1",9606,0.99,0,0,0,0.077,0.091,0.9,0.9
"9606.ENSP00000351314","9606.ENSP00000359206","PSMB10","BTRC",9606,0.432,0,0,0,0,0,0.4,0.092
"9606.ENSP00000351314","9606.ENSP00000359663","PSMB10","CD40LG",9606,0.44,0,0,0,0,0,0.4,0.105
"9606.ENSP00000351314","9606.ENSP00000365402","PSMB10","HLA-C",9606,0.465,0,0,0,0.14,0,0,0.403
"9606.ENSP00000351314","9606.ENSP00000365817","PSMB10","HLA-E",9606,0.525,0,0,0,0.23,0,0,0.408
"9606.ENSP00000351314","9606.ENSP00000379873","PSMB10","HLA-A",9606,0.535,0,0,0,0.198,0,0,0.444
"9606.ENSP00000351314","9606.ENSP00000399168","PSMB10","HLA-B",9606,0.559,0,0,0,0.257,0,0,0.43
"9606.ENSP00000351314","9606.ENSP00000396937","PSMB10","PSMD13",9606,0.867,0,0,0,0.387,0.642,0,0.442
"9606.ENSP00000351314","9606.ENSP00000372155","PSMB10","PSME1",9606,0.983,0,0,0,0.501,0.542,0,0.935
"9606.ENSP00000351314","9606.ENSP00000357876","PSMB10","PSMD4",9606,0.989,0,0,0,0.415,0.96,0,0.584
"9606.ENSP00000351314","9606.ENSP00000370222","PSMB10","POMP",9606,0.999,0,0,0,0.321,0.998,0,0.651
"9606.ENSP00000351314","9606.ENSP00000364016","PSMB10","PSMB8",9606,0.999,0,0,0,0.753,0.999,0.72,0.989
"9606.ENSP00000351314","9606.ENSP00000363993","PSMB10","PSMB9",9606,0.999,0,0,0,0.893,0.988,0.72,0.987
"9606.ENSP00000351475","9606.ENSP00000480378","PASK","MTERF4",9606,0.412,0,0.359,0,0.092,0.071,0,0
"9606.ENSP00000351490","9606.ENSP00000356953","MAX","SDHC",9606,0.515,0,0,0,0.049,0.15,0,0.449
"9606.ENSP00000351490","9606.ENSP00000364649","MAX","SDHB",9606,0.542,0,0,0,0.042,0,0,0.542
"9606.ENSP00000351490","9606.ENSP00000357000","MAX","USF1",9606,0.613,0,0,0,0.049,0.292,0,0.472
"9606.ENSP00000351490","9606.ENSP00000420616","MAX","TFDP2",9606,0.639,0,0,0,0.047,0.25,0.5,0.11
"9606.ENSP00000351490","9606.ENSP00000364037","MAX","TEX10",9606,0.9,0,0,0,0.049,0,0.9,0
"9606.ENSP00000351490","9606.ENSP00000436786","MAX","KMT2A",9606,0.905,0,0,0,0.078,0,0.9,0.06
"9606.ENSP00000351490","9606.ENSP00000478887","MAX","MYC",9606,0.999,0,0,0,0.047,0.999,0.9,0.987
"9606.ENSP00000351536","9606.ENSP00000363641","QSOX2","TXN",9606,0.776,0,0,0,0.044,0,0,0.775
"9606.ENSP00000352039","9606.ENSP00000398655","NLRC3","ITK",9606,0.425,0,0,0,0.342,0,0,0.162
"9606.ENSP00000352039","9606.ENSP00000477713","NLRC3","LCK",9606,0.491,0,0,0,0.438,0,0,0.131
"9606.ENSP00000352420","9606.ENSP00000413572","LDLRAD4","NLE1",9606,0.423,0,0,0,0.372,0.091,0,0.07
"9606.ENSP00000352522","9606.ENSP00000393762","ATP6V1H","SESN1",9606,0.501,0,0,0,0.044,0,0.5,0
"9606.ENSP00000352522","9606.ENSP00000411672","ATP6V1H","ATP6V0E2",9606,0.986,0,0,0,0.074,0.84,0.72,0.722
"9606.ENSP00000352522","9606.ENSP00000449500","ATP6V1H","RNASEK",9606,0.996,0,0,0,0.049,0.986,0.72,0
"9606.ENSP00000352522","9606.ENSP00000429690","ATP6V1H","ATP6V0E1",9606,0.997,0,0,0,0.074,0.986,0.5,0.69
"9606.ENSP00000352645","9606.ENSP00000361232","TYW1","DDX31",9606,0.415,0,0,0,0.383,0.091,0,0
"9606.ENSP00000352645","9606.ENSP00000437402","TYW1","ENO2",9606,0.423,0,0,0,0.059,0,0,0.411
"9606.ENSP00000352882","9606.ENSP00000416015","PLXNA4","MICAL3",9606,0.63,0,0,0,0,0.158,0,0.579
"9606.ENSP00000352882","9606.ENSP00000376652","PLXNA4","EVL",9606,0.643,0,0,0,0.059,0,0,0.637
"9606.ENSP00000352882","9606.ENSP00000358696","PLXNA4","PLXNA3",9606,0.708,0,0,0.054,0,0,0.54,0.383
"9606.ENSP00000352882","9606.ENSP00000377061","PLXNA4","PLXNA1",9606,0.954,0,0,0.054,0.042,0,0.54,0.904
"9606.ENSP00000353259","9606.ENSP00000357169","CD300A","FCRL3",9606,0.416,0,0,0.36,0.083,0.067,0,0.06
"9606.ENSP00000353259","9606.ENSP00000498227","CD300A","SELL",9606,0.419,0,0,0,0.316,0,0,0.186
"9606.ENSP00000353259","9606.ENSP00000483570","CD300A","BTK",9606,0.426,0,0,0,0.297,0.058,0,0.203
"9606.ENSP00000353259","9606.ENSP00000365227","CD300A","AIF1",9606,0.426,0,0,0,0.393,0,0,0.094
"9606.ENSP00000353259","9606.ENSP00000482801","CD300A","MILR1",9606,0.453,0,0,0,0.171,0.067,0,0.349
"9606.ENSP00000353259","9606.ENSP00000399168","CD300A","HLA-B",9606,0.469,0,0,0,0.111,0,0,0.427
"9606.ENSP00000353259","9606.ENSP00000365402","CD300A","HLA-C",9606,0.61,0,0,0,0.101,0,0,0.584
"9606.ENSP00000353259","9606.ENSP00000365817","CD300A","HLA-E",9606,0.657,0,0,0,0.115,0,0,0.628
"9606.ENSP00000353259","9606.ENSP00000462309","CD300A","CD300LF",9606,0.762,0,0,0,0.342,0.292,0.4,0.25
"9606.ENSP00000353401","9606.ENSP00000497806","CUX1","DLG4",9606,0.417,0,0,0,0,0.168,0,0.328
"9606.ENSP00000353401","9606.ENSP00000369716","CUX1","CHD3",9606,0.449,0,0,0,0.14,0.294,0,0.165
"9606.ENSP00000353401","9606.ENSP00000497406","CUX1","SETBP1",9606,0.481,0,0,0,0.045,0,0,0.479
"9606.ENSP00000353401","9606.ENSP00000364839","CUX1","ASXL1",9606,0.513,0,0,0,0.049,0.045,0,0.507
"9606.ENSP00000353401","9606.ENSP00000363452","CUX1","MAN1C1",9606,0.531,0,0,0,0,0,0.5,0.101
"9606.ENSP00000353401","9606.ENSP00000428056","CUX1","PIK3R1",9606,0.55,0,0,0,0.049,0,0.5,0.13
"9606.ENSP00000353401","9606.ENSP00000399518","CUX1","SATB1",9606,0.639,0,0,0,0.044,0.3,0,0.504
"9606.ENSP00000353422","9606.ENSP00000464814","VPS13A","COASY",9606,0.448,0,0,0,0.056,0,0,0.44
"9606.ENSP00000353422","9606.ENSP00000364404","VPS13A","DCAF17",9606,0.489,0,0,0,0.074,0,0,0.471
"9606.ENSP00000353422","9606.ENSP00000437659","VPS13A","PHC1",9606,0.607,0,0,0,0.055,0,0,0.601
"9606.ENSP00000353646","9606.ENSP00000428056","PLEKHG4","PIK3R1",9606,0.4,0,0,0,0,0,0.4,0
"9606.ENSP00000353646","9606.ENSP00000446576","PLEKHG4","ATXN2",9606,0.581,0,0,0,0,0,0,0.581
"9606.ENSP00000353646","9606.ENSP00000497733","PLEKHG4","CDC42",9606,0.819,0,0,0,0,0.621,0.4,0.268
"9606.ENSP00000353731","9606.ENSP00000365380","DPP4","FOXP3",9606,0.416,0,0,0,0.104,0,0,0.375
"9606.ENSP00000353731","9606.ENSP00000359719","DPP4","PRKACB",9606,0.419,0,0,0,0.044,0,0,0.418
"9606.ENSP00000353731","9606.ENSP00000382342","DPP4","ABCC1",9606,0.481,0,0,0,0.042,0,0,0.481
"9606.ENSP00000353731","9606.ENSP00000357981","DPP4","CTSS",9606,0.494,0,0,0,0.065,0,0,0.481
"9606.ENSP00000353731","9606.ENSP00000438406","DPP4","SLAMF1",9606,0.525,0,0,0,0.113,0,0,0.487
"9606.ENSP00000353731","9606.ENSP00000380150","DPP4","CARD11",9606,0.669,0,0,0,0.06,0.292,0,0.542
"9606.ENSP00000353793","9606.ENSP00000384048","WDHD1","PAXIP1",9606,0.421,0,0,0,0.215,0.126,0,0.224
"9606.ENSP00000353793","9606.ENSP00000360483","WDHD1","NDC1",9606,0.422,0,0,0,0.422,0,0,0
"9606.ENSP00000353793","9606.ENSP00000364589","WDHD1","CUL4A",9606,0.458,0,0,0,0.042,0.103,0,0.42
"9606.ENSP00000353793","9606.ENSP00000482546","WDHD1","REC8",9606,0.475,0,0,0,0.183,0.291,0,0.167
"9606.ENSP00000353793","9606.ENSP00000498499","WDHD1","CTC1",9606,0.563,0,0,0,0,0,0,0.563
"9606.ENSP00000353793","9606.ENSP00000382595","WDHD1","PAICS",9606,0.594,0,0,0,0.266,0,0,0.47
"9606.ENSP00000353920","9606.ENSP00000442308","ADARB1","NKRF",9606,0.609,0,0,0,0.067,0.595,0,0.05
"9606.ENSP00000353920","9606.ENSP00000357612","ADARB1","SLC39A1",9606,0.777,0,0,0,0.047,0,0,0.776
"9606.ENSP00000353920","9606.ENSP00000482546","ADARB1","REC8",9606,0.779,0,0,0,0.058,0,0,0.776
"9606.ENSP00000354213","9606.ENSP00000363827","HS3ST3B1","HSPG2",9606,0.535,0,0,0,0,0,0.4,0.257
"9606.ENSP00000354213","9606.ENSP00000356433","HS3ST3B1","UST",9606,0.555,0,0,0,0.043,0,0,0.554
"9606.ENSP00000354573","9606.ENSP00000405405","MACF1","PHLDB2",9606,0.404,0,0,0,0.058,0,0,0.394
"9606.ENSP00000354573","9606.ENSP00000355536","MACF1","MTR",9606,0.45,0,0,0,0.087,0,0,0.423
"9606.ENSP00000354573","9606.ENSP00000380638","MACF1","PTK2B",9606,0.472,0,0,0,0.096,0,0,0.44
"9606.ENSP00000354590","9606.ENSP00000376141","SFT2D1","MFSD6",9606,0.416,0,0,0,0,0,0,0.416
"9606.ENSP00000354742","9606.ENSP00000362616","IPO9","NAP1L2",9606,0.508,0,0,0,0.086,0.407,0,0.166
"9606.ENSP00000354742","9606.ENSP00000407182","IPO9","TNPO2",9606,0.879,0,0,0,0.082,0,0,0.873
"9606.ENSP00000354878","9606.ENSP00000378295","KIF21A","INCENP",9606,0.415,0,0,0,0.352,0,0,0.134
"9606.ENSP00000354878","9606.ENSP00000385808","KIF21A","KIF3A",9606,0.656,0,0,0,0.164,0,0.54,0.177
"9606.ENSP00000354878","9606.ENSP00000405405","KIF21A","PHLDB2",9606,0.668,0,0,0,0.067,0,0,0.659
"9606.ENSP00000354878","9606.ENSP00000393379","KIF21A","KIF5C",9606,0.697,0,0,0,0.106,0.16,0.54,0.227
"9606.ENSP00000354916","9606.ENSP00000482546","CDC14A","REC8",9606,0.417,0,0,0,0,0.092,0,0.384
"9606.ENSP00000354916","9606.ENSP00000382595","CDC14A","PAICS",9606,0.424,0,0,0,0,0,0,0.424
"9606.ENSP00000354916","9606.ENSP00000383145","CDC14A","SFI1",9606,0.543,0,0,0,0.049,0.114,0,0.501
"9606.ENSP00000354916","9606.ENSP00000377416","CDC14A","SIDT1",9606,0.696,0,0,0,0.082,0.068,0,0.674
"9606.ENSP00000354916","9606.ENSP00000378295","CDC14A","INCENP",9606,0.847,0,0,0,0.105,0,0,0.836
"9606.ENSP00000354964","9606.ENSP00000386488","ZNF318","ZC3H8",9606,0.41,0,0,0,0,0.26,0,0.236
"9606.ENSP00000354964","9606.ENSP00000374447","ZNF318","LRCH1",9606,0.423,0,0,0,0.169,0.114,0,0.279
"9606.ENSP00000354964","9606.ENSP00000482968","ZNF318","ALMS1",9606,0.439,0,0,0.292,0.196,0.095,0,0
"9606.ENSP00000354964","9606.ENSP00000361608","ZNF318","ABCC10",9606,0.486,0,0,0,0.122,0.078,0,0.416
"9606.ENSP00000354964","9606.ENSP00000384048","ZNF318","PAXIP1",9606,0.511,0,0,0,0.5,0.061,0,0
"9606.ENSP00000354964","9606.ENSP00000384527","ZNF318","ZBTB40",9606,0.533,0,0,0,0.532,0.045,0,0
"9606.ENSP00000355028","9606.ENSP00000381981","DZIP3","TTC3",9606,0.438,0,0,0,0.076,0,0,0.417
"9606.ENSP00000355060","9606.ENSP00000497733","ARHGEF10L","CDC42",9606,0.48,0,0,0,0,0.045,0,0.478
"9606.ENSP00000355180","9606.ENSP00000361302","COL6A1","POMT1",9606,0.401,0,0,0,0.043,0,0,0.4
"9606.ENSP00000355180","9606.ENSP00000363827","COL6A1","HSPG2",9606,0.493,0,0,0,0.212,0.046,0,0.379
"9606.ENSP00000355180","9606.ENSP00000379823","COL6A1","COL4A3",9606,0.553,0,0,0.141,0.069,0,0.4,0.178
"9606.ENSP00000355180","9606.ENSP00000386896","COL6A1","ITGA6",9606,0.771,0,0,0,0.085,0,0.65,0.343
"9606.ENSP00000355396","9606.ENSP00000361107","LRIG2","BMPR1A",9606,0.409,0,0,0,0.279,0.1,0,0.162
"9606.ENSP00000355396","9606.ENSP00000371682","LRIG2","DCAF16",9606,0.536,0,0,0,0.457,0,0,0.181
"9606.ENSP00000355536","9606.ENSP00000477713","MTR","LCK",9606,0.411,0,0,0,0.042,0,0.4,0.057
"9606.ENSP00000355536","9606.ENSP00000490119","MTR","RALGAPA1",9606,0.435,0,0,0,0.097,0,0.4,0
"9606.ENSP00000355536","9606.ENSP00000385610","MTR","MEX3C",9606,0.438,0,0,0,0.06,0,0,0.427
"9606.ENSP00000355536","9606.ENSP00000390394","MTR","SLC4A7",9606,0.453,0,0,0,0.087,0,0.4,0.081
"9606.ENSP00000355536","9606.ENSP00000377845","MTR","ASNS",9606,0.456,0.056,0,0,0.143,0,0,0.381
"9606.ENSP00000355536","9606.ENSP00000371219","MTR","RHOH",9606,0.565,0,0,0,0.044,0.164,0.5,0.042
"9606.ENSP00000355574","9606.ENSP00000356953","COA6","SDHC",9606,0.42,0,0,0,0.292,0,0,0.213
"9606.ENSP00000355574","9606.ENSP00000448665","COA6","DDIT3",9606,0.444,0,0,0,0.089,0.254,0.198,0.1
"9606.ENSP00000355574","9606.ENSP00000430598","COA6","ATOX1",9606,0.462,0,0,0,0.088,0,0,0.434
"9606.ENSP00000355574","9606.ENSP00000364649","COA6","SDHB",9606,0.519,0,0,0,0.348,0.128,0,0.222
"9606.ENSP00000355574","9606.ENSP00000407336","COA6","NDUFB3",9606,0.591,0,0,0,0.304,0.257,0,0.273
"9606.ENSP00000355574","9606.ENSP00000369176","COA6","NDUFB6",9606,0.639,0,0,0,0.425,0.283,0,0.194
"9606.ENSP00000355574","9606.ENSP00000356972","COA6","NDUFS2",9606,0.683,0,0,0,0.282,0.309,0,0.412
"9606.ENSP00000355574","9606.ENSP00000446872","COA6","GATC",9606,0.772,0,0,0,0.371,0.478,0.253,0.181
"9606.ENSP00000355899","9606.ENSP00000442053","RRP15","RBM19",9606,0.406,0,0,0,0.406,0,0,0
"9606.ENSP00000355899","9606.ENSP00000359606","RRP15","ZNHIT6",9606,0.419,0,0,0,0.419,0,0,0
"9606.ENSP00000355899","9606.ENSP00000417402","RRP15","PUS7",9606,0.426,0,0,0,0.426,0,0,0
"9606.ENSP00000355899","9606.ENSP00000372199","RRP15","URB1",9606,0.474,0,0,0,0.227,0,0,0.347
"9606.ENSP00000355899","9606.ENSP00000361232","RRP15","DDX31",9606,0.532,0,0,0,0.315,0.133,0,0.275
"9606.ENSP00000355899","9606.ENSP00000358400","RRP15","MDN1",9606,0.723,0,0,0,0.073,0.053,0.54,0.395
"9606.ENSP00000355996","9606.ENSP00000381185","G0S2","BCL2",9606,0.732,0,0,0,0,0,0,0.732
"9606.ENSP00000356058","9606.ENSP00000375795","FCMR","IL24",9606,0.449,0,0,0,0.273,0,0,0.273
"9606.ENSP00000356058","9606.ENSP00000357169","FCMR","FCRL3",9606,0.473,0,0,0.228,0.181,0.067,0,0.213
"9606.ENSP00000356064","9606.ENSP00000394331","TULP4","COMMD5",9606,0.499,0,0,0,0,0,0.5,0
"9606.ENSP00000356155","9606.ENSP00000360431","PIK3C2B","PLCE1",9606,0.705,0,0,0,0,0,0.65,0.192
"9606.ENSP00000356155","9606.ENSP00000422793","PIK3C2B","INPP4B",9606,0.935,0,0,0,0,0,0.9,0.384
"9606.ENSP00000356155","9606.ENSP00000428056","PIK3C2B","PIK3R1",9606,0.953,0,0,0,0.044,0.138,0.9,0.498
"9606.ENSP00000356224","9606.ENSP00000367263","SYNE1","AHNAK",9606,0.414,0,0,0,0.049,0.07,0,0.391
"9606.ENSP00000356224","9606.ENSP00000497280","SYNE1","AGK",9606,0.429,0,0,0,0.051,0,0,0.422
"9606.ENSP00000356224","9606.ENSP00000386488","SYNE1","ZC3H8",9606,0.482,0,0,0,0,0,0,0.482
"9606.ENSP00000356224","9606.ENSP00000361160","SYNE1","CCSER2",9606,0.504,0,0,0,0.076,0,0,0.486
"9606.ENSP00000356224","9606.ENSP00000482546","SYNE1","REC8",9606,0.504,0,0,0,0,0,0.5,0.05
"9606.ENSP00000356224","9606.ENSP00000455507","SYNE1","OBSCN",9606,0.621,0,0,0,0.083,0.071,0,0.59
"9606.ENSP00000356404","9606.ENSP00000397312","B3GALT2","LRRN3",9606,0.478,0,0,0,0.344,0,0,0.238
"9606.ENSP00000356465","9606.ENSP00000366863","RAB32","TBC1D4",9606,0.523,0,0,0,0.042,0,0,0.523
"9606.ENSP00000356465","9606.ENSP00000478212","RAB32","AKAP1",9606,0.627,0,0,0,0,0,0,0.627
"9606.ENSP00000356465","9606.ENSP00000409594","RAB32","ZFYVE27",9606,0.644,0,0,0,0,0,0,0.644
"9606.ENSP00000356465","9606.ENSP00000369538","RAB32","GDI2",9606,0.652,0,0,0,0.044,0.225,0.5,0.173
"9606.ENSP00000356465","9606.ENSP00000381213","RAB32","HPS4",9606,0.766,0,0,0,0,0,0.4,0.627
"9606.ENSP00000356465","9606.ENSP00000359719","RAB32","PRKACB",9606,0.768,0,0,0,0.049,0,0,0.766
"9606.ENSP00000356848","9606.ENSP00000356849","TADA1","POGK",9606,0.424,0,0,0,0.072,0,0,0.405
"9606.ENSP00000356848","9606.ENSP00000478887","TADA1","MYC",9606,0.481,0,0,0,0.057,0.192,0,0.374
"9606.ENSP00000356848","9606.ENSP00000358497","TADA1","RNGTT",9606,0.497,0,0,0,0.06,0.326,0.151,0.176
"9606.ENSP00000356848","9606.ENSP00000410759","TADA1","ATXN7L1",9606,0.53,0,0,0,0.049,0.472,0,0.14
"9606.ENSP00000356849","9606.ENSP00000419005","POGK","UTP25",9606,0.41,0,0,0,0.137,0,0,0.344
"9606.ENSP00000356849","9606.ENSP00000482410","POGK","JRK",9606,0.417,0,0,0,0.126,0,0,0.36
"9606.ENSP00000356849","9606.ENSP00000389631","POGK","ARPC1B",9606,0.436,0,0,0,0.067,0.421,0,0
"9606.ENSP00000356953","9606.ENSP00000362748","SDHC","TET1",9606,0.415,0,0,0,0,0,0,0.415
"9606.ENSP00000356953","9606.ENSP00000459626","SDHC","MRTFB",9606,0.419,0,0,0,0,0,0,0.419
"9606.ENSP00000356953","9606.ENSP00000446872","SDHC","GATC",9606,0.423,0,0,0,0.322,0,0,0.184
"9606.ENSP00000356953","9606.ENSP00000357000","SDHC","USF1",9606,0.43,0,0,0,0.058,0,0,0.42
"9606.ENSP00000356953","9606.ENSP00000376436","SDHC","ETS1",9606,0.436,0,0,0,0.046,0,0,0.434
"9606.ENSP00000356953","9606.ENSP00000380638","SDHC","PTK2B",9606,0.455,0,0,0,0.055,0,0,0.447
"9606.ENSP00000356953","9606.ENSP00000456019","SDHC","SQOR",9606,0.463,0,0,0,0.106,0,0,0.423
"9606.ENSP00000356953","9606.ENSP00000365693","SDHC","MSRB2",9606,0.476,0,0,0,0.392,0,0,0.173
"9606.ENSP00000356953","9606.ENSP00000392985","SDHC","HTATIP2",9606,0.478,0,0,0,0.404,0,0,0.16
"9606.ENSP00000356953","9606.ENSP00000368880","SDHC","FOXO1",9606,0.506,0,0,0,0,0,0,0.506
"9606.ENSP00000356953","9606.ENSP00000381185","SDHC","BCL2",9606,0.512,0,0,0,0,0,0,0.512
"9606.ENSP00000356953","9606.ENSP00000407336","SDHC","NDUFB3",9606,0.638,0,0,0,0.49,0.091,0,0.282
"9606.ENSP00000356953","9606.ENSP00000452762","SDHC","ETFA",9606,0.641,0.042,0,0,0.39,0.096,0,0.401
"9606.ENSP00000356953","9606.ENSP00000478887","SDHC","MYC",9606,0.665,0,0,0,0,0,0,0.665
"9606.ENSP00000356953","9606.ENSP00000385080","SDHC","FAH",9606,0.823,0.042,0,0,0.114,0,0.8,0.08
"9606.ENSP00000356953","9606.ENSP00000369176","SDHC","NDUFB6",9606,0.831,0,0,0,0.758,0.091,0,0.294
"9606.ENSP00000356953","9606.ENSP00000356972","SDHC","NDUFS2",9606,0.981,0,0,0,0.928,0.486,0,0.541
"9606.ENSP00000356953","9606.ENSP00000419325","SDHC","SUCLG2",9606,0.994,0.115,0,0,0.731,0,0.965,0.432
"9606.ENSP00000356953","9606.ENSP00000364649","SDHC","SDHB",9606,0.999,0.231,0,0,0.981,0.978,0.98,0.999
"9606.ENSP00000356972","9606.ENSP00000356988","NDUFS2","NIT1",9606,0.404,0,0,0,0.26,0,0,0.227
"9606.ENSP00000356972","9606.ENSP00000452762","NDUFS2","ETFA",9606,0.408,0.042,0,0,0.281,0,0,0.209
"9606.ENSP00000356972","9606.ENSP00000444136","NDUFS2","POLR1B",9606,0.421,0,0,0,0.189,0,0,0.315
"9606.ENSP00000356972","9606.ENSP00000446872","NDUFS2","GATC",9606,0.432,0,0,0,0.134,0.312,0,0.123
"9606.ENSP00000356972","9606.ENSP00000408910","NDUFS2","DCTN2",9606,0.458,0,0,0,0.17,0,0,0.373
"9606.ENSP00000356972","9606.ENSP00000358727","NDUFS2","GSTO1",9606,0.568,0,0,0,0.114,0.523,0,0.06
"9606.ENSP00000356972","9606.ENSP00000359719","NDUFS2","PRKACB",9606,0.666,0,0,0,0.057,0,0.65,0.071
"9606.ENSP00000356972","9606.ENSP00000419325","NDUFS2","SUCLG2",9606,0.8,0.047,0,0,0.692,0.091,0,0.339
"9606.ENSP00000356972","9606.ENSP00000392985","NDUFS2","HTATIP2",9606,0.825,0,0,0,0.399,0.571,0.253,0.201
"9606.ENSP00000356972","9606.ENSP00000364649","NDUFS2","SDHB",9606,0.997,0.087,0,0,0.966,0.141,0.809,0.616
"9606.ENSP00000356972","9606.ENSP00000407336","NDUFS2","NDUFB3",9606,0.999,0,0,0,0.381,0.993,0.967,0.764
"9606.ENSP00000356972","9606.ENSP00000369176","NDUFS2","NDUFB6",9606,0.999,0,0,0,0.447,0.923,0.967,0.686
"9606.ENSP00000356988","9606.ENSP00000418582","NIT1","FHIT",9606,0.895,0,0.83,0,0.048,0,0,0.405
"9606.ENSP00000357000","9606.ENSP00000448665","USF1","DDIT3",9606,0.443,0,0,0,0.046,0.113,0,0.394
"9606.ENSP00000357000","9606.ENSP00000363641","USF1","TXN",9606,0.472,0,0,0,0,0.045,0,0.47
"9606.ENSP00000357000","9606.ENSP00000376436","USF1","ETS1",9606,0.51,0,0,0,0.065,0,0,0.497
"9606.ENSP00000357000","9606.ENSP00000362592","USF1","RBBP4",9606,0.561,0,0,0,0,0.518,0,0.126
"9606.ENSP00000357000","9606.ENSP00000478887","USF1","MYC",9606,0.605,0,0,0,0,0,0,0.605
"9606.ENSP00000357036","9606.ENSP00000494310","SLAMF6","GPR174",9606,0.461,0,0,0,0.273,0,0,0.289
"9606.ENSP00000357036","9606.ENSP00000359663","SLAMF6","CD40LG",9606,0.473,0,0,0,0.226,0,0,0.348
"9606.ENSP00000357036","9606.ENSP00000365817","SLAMF6","HLA-E",9606,0.495,0,0,0,0.072,0,0,0.479
"9606.ENSP00000357036","9606.ENSP00000498227","SLAMF6","SELL",9606,0.496,0,0,0,0.191,0.047,0,0.398
"9606.ENSP00000357036","9606.ENSP00000398655","SLAMF6","ITK",9606,0.517,0,0,0,0.309,0.068,0,0.31
"9606.ENSP00000357036","9606.ENSP00000357169","SLAMF6","FCRL3",9606,0.533,0,0,0,0.429,0,0,0.215
"9606.ENSP00000357036","9606.ENSP00000365227","SLAMF6","AIF1",9606,0.537,0,0,0,0.083,0.071,0,0.499
"9606.ENSP00000357036","9606.ENSP00000477713","SLAMF6","LCK",9606,0.744,0,0,0,0.218,0.311,0,0.563
"9606.ENSP00000357036","9606.ENSP00000438406","SLAMF6","SLAMF1",9606,0.977,0,0,0,0.257,0,0,0.97
"9606.ENSP00000357474","9606.ENSP00000360764","CEP85L","EGFL7",9606,0.45,0,0,0,0,0,0,0.45
"9606.ENSP00000357564","9606.ENSP00000416015","RAB13","MICAL3",9606,0.644,0,0,0,0.067,0.252,0,0.531
"9606.ENSP00000357564","9606.ENSP00000366863","RAB13","TBC1D4",9606,0.74,0,0,0,0.042,0.057,0.5,0.493
"9606.ENSP00000357564","9606.ENSP00000369538","RAB13","GDI2",9606,0.818,0,0,0,0.081,0.518,0.5,0.274
"9606.ENSP00000357564","9606.ENSP00000359719","RAB13","PRKACB",9606,0.944,0,0,0,0,0,0.9,0.47
"9606.ENSP00000357597","9606.ENSP00000362616","TSPYL1","NAP1L2",9606,0.414,0,0,0,0.136,0.244,0,0.174
"9606.ENSP00000357597","9606.ENSP00000396915","TSPYL1","SCN1B",9606,0.427,0,0,0,0,0,0,0.427
"9606.ENSP00000357597","9606.ENSP00000410943","TSPYL1","TSPYL4",9606,0.473,0,0,0.07,0.144,0.363,0,0.083
"9606.ENSP00000357597","9606.ENSP00000364591","TSPYL1","TSPYL2",9606,0.786,0,0,0.112,0.056,0.737,0,0.147
"9606.ENSP00000357612","9606.ENSP00000417404","SLC39A1","HFE",9606,0.551,0,0,0,0.06,0,0,0.542
"9606.ENSP00000357612","9606.ENSP00000477713","SLC39A1","LCK",9606,0.603,0,0,0,0.082,0,0,0.585
"9606.ENSP00000357612","9606.ENSP00000482546","SLC39A1","REC8",9606,0.641,0,0,0,0,0,0,0.641
"9606.ENSP00000357612","9606.ENSP00000363809","SLC39A1","SLC39A7",9606,0.848,0,0,0,0.141,0.095,0,0.82
"9606.ENSP00000357674","9606.ENSP00000360252","SNAPIN","HOOK1",9606,0.49,0,0,0,0.042,0,0,0.489
"9606.ENSP00000357674","9606.ENSP00000465685","SNAPIN","AP1M2",9606,0.499,0,0,0,0,0,0.5,0
"9606.ENSP00000357674","9606.ENSP00000409581","SNAPIN","ARRB1",9606,0.528,0,0,0,0.042,0,0.5,0.094
"9606.ENSP00000357674","9606.ENSP00000381213","SNAPIN","HPS4",9606,0.788,0,0,0,0,0,0.72,0.277
"9606.ENSP00000357721","9606.ENSP00000478887","S100A8","MYC",9606,0.425,0,0,0,0.074,0.124,0,0.348
"9606.ENSP00000357721","9606.ENSP00000465419","S100A8","TJP3",9606,0.435,0,0,0,0,0.088,0,0.406
"9606.ENSP00000357721","9606.ENSP00000390158","S100A8","HERC1",9606,0.579,0,0,0,0.046,0.05,0,0.573
"9606.ENSP00000357721","9606.ENSP00000385519","S100A8","CD14",9606,0.746,0,0,0,0.42,0,0.5,0.197
"9606.ENSP00000357721","9606.ENSP00000357727","S100A8","S100A9",9606,0.999,0,0,0.125,0.999,0.977,0.9,0.988
"9606.ENSP00000357727","9606.ENSP00000361207","S100A9","GHITM",9606,0.435,0,0,0,0,0,0,0.435
"9606.ENSP00000357727","9606.ENSP00000365227","S100A9","AIF1",9606,0.46,0,0,0,0.229,0.116,0,0.271
"9606.ENSP00000357727","9606.ENSP00000357981","S100A9","CTSS",9606,0.573,0,0,0,0.285,0.051,0,0.421
"9606.ENSP00000357727","9606.ENSP00000385519","S100A9","CD14",9606,0.767,0,0,0,0.437,0,0.5,0.239
"9606.ENSP00000357804","9606.ENSP00000366863","THEM4","TBC1D4",9606,0.422,0,0,0,0.095,0,0,0.388
"9606.ENSP00000357804","9606.ENSP00000500582","THEM4","AKT3",9606,0.922,0,0,0,0.043,0.045,0.9,0.25
"9606.ENSP00000357844","9606.ENSP00000370128","SLC16A10","SLC7A1",9606,0.411,0,0,0,0,0,0,0.411
"9606.ENSP00000357844","9606.ENSP00000455064","SLC16A10","SLC7A6",9606,0.549,0,0,0,0.049,0,0,0.545
"9606.ENSP00000357873","9606.ENSP00000360761","ACADSB","AGPAT2",9606,0.415,0.042,0,0,0.049,0.045,0.183,0.304
"9606.ENSP00000357873","9606.ENSP00000363614","ACADSB","HMGCL",9606,0.478,0.057,0,0,0.126,0,0,0.417
"9606.ENSP00000357873","9606.ENSP00000430269","ACADSB","EPHX2",9606,0.512,0,0,0,0.167,0.215,0.179,0.198
"9606.ENSP00000357873","9606.ENSP00000376184","ACADSB","BDH1",9606,0.513,0,0.001,0,0.273,0,0,0.357
"9606.ENSP00000357873","9606.ENSP00000498260","ACADSB","ACSL6",9606,0.564,0.05,0,0,0.194,0.071,0.214,0.339
"9606.ENSP00000357873","9606.ENSP00000360577","ACADSB","ECHDC2",9606,0.617,0.046,0,0,0.308,0.091,0.278,0.251
"9606.ENSP00000357873","9606.ENSP00000452762","ACADSB","ETFA",9606,0.846,0.07,0.031,0.201,0.378,0.445,0.233,0.366
"9606.ENSP00000357876","9606.ENSP00000359663","PSMD4","CD40LG",9606,0.4,0,0,0,0,0,0.4,0
"9606.ENSP00000357876","9606.ENSP00000408910","PSMD4","DCTN2",9606,0.42,0,0,0,0.124,0.205,0,0.233
"9606.ENSP00000357876","9606.ENSP00000369989","PSMD4","KATNAL1",9606,0.603,0,0,0,0.191,0.46,0,0.166
"9606.ENSP00000357876","9606.ENSP00000418001","PSMD4","GK5",9606,0.603,0,0,0,0.191,0.46,0,0.166
"9606.ENSP00000357876","9606.ENSP00000417748","PSMD4","DDI2",9606,0.673,0,0,0,0.199,0.132,0,0.567
"9606.ENSP00000357876","9606.ENSP00000370222","PSMD4","POMP",9606,0.745,0,0,0,0.217,0.071,0,0.677
"9606.ENSP00000357876","9606.ENSP00000359206","PSMD4","BTRC",9606,0.752,0,0,0,0,0.51,0.4,0.225
"9606.ENSP00000357876","9606.ENSP00000372155","PSMD4","PSME1",9606,0.83,0,0,0,0.067,0.427,0.36,0.563
"9606.ENSP00000357876","9606.ENSP00000364016","PSMD4","PSMB8",9606,0.973,0,0,0,0.403,0.901,0,0.578
"9606.ENSP00000357876","9606.ENSP00000363993","PSMD4","PSMB9",9606,0.992,0,0,0,0.616,0.952,0,0.615
"9606.ENSP00000357876","9606.ENSP00000396937","PSMD4","PSMD13",9606,0.999,0,0,0,0.851,0.997,0.72,0.954
"9606.ENSP00000357906","9606.ENSP00000365261","TNFAIP8L2","LST1",9606,0.463,0,0,0,0.463,0,0,0
"9606.ENSP00000357914","9606.ENSP00000476746","GABPB2","ZBTB25",9606,0.505,0,0,0,0.478,0.091,0,0
"9606.ENSP00000357914","9606.ENSP00000418001","GABPB2","GK5",9606,0.507,0,0,0,0.477,0.095,0,0.043
"9606.ENSP00000357981","9606.ENSP00000363641","CTSS","TXN",9606,0.401,0,0,0,0.049,0.091,0,0.363
"9606.ENSP00000357981","9606.ENSP00000435844","CTSS","MS4A6A",9606,0.403,0,0,0,0.351,0,0,0.118
"9606.ENSP00000357981","9606.ENSP00000385519","CTSS","CD14",9606,0.415,0,0,0,0.341,0,0,0.148
"9606.ENSP00000357981","9606.ENSP00000379823","CTSS","COL4A3",9606,0.441,0,0,0,0.052,0,0,0.435
"9606.ENSP00000357981","9606.ENSP00000363993","CTSS","PSMB9",9606,0.444,0,0,0,0.238,0,0,0.3
"9606.ENSP00000357981","9606.ENSP00000364016","CTSS","PSMB8",9606,0.445,0,0,0,0.209,0,0,0.327
"9606.ENSP00000357981","9606.ENSP00000382707","CTSS","IFITM3",9606,0.446,0,0,0,0.115,0.115,0,0.35
"9606.ENSP00000357981","9606.ENSP00000483570","CTSS","BTK",9606,0.494,0,0,0,0.248,0,0,0.354
"9606.ENSP00000357981","9606.ENSP00000451206","CTSS","NPC2",9606,0.506,0,0,0,0.178,0,0,0.424
"9606.ENSP00000357981","9606.ENSP00000359663","CTSS","CD40LG",9606,0.516,0,0,0,0.147,0,0,0.456
"9606.ENSP00000357981","9606.ENSP00000478887","CTSS","MYC",9606,0.547,0,0,0,0.061,0,0,0.538
"9606.ENSP00000357981","9606.ENSP00000365227","CTSS","AIF1",9606,0.562,0,0,0,0.284,0.07,0,0.395
"9606.ENSP00000357981","9606.ENSP00000364782","CTSS","NEU1",9606,0.655,0,0,0,0.049,0,0,0.653
"9606.ENSP00000357981","9606.ENSP00000378394","CTSS","PSAP",9606,0.721,0,0,0,0.19,0,0,0.669
"9606.ENSP00000357981","9606.ENSP00000361562","CTSS","CTSA",9606,0.794,0,0,0,0.12,0.072,0,0.768
"9606.ENSP00000357981","9606.ENSP00000363827","CTSS","HSPG2",9606,0.833,0,0,0,0.042,0,0.75,0.359
"9606.ENSP00000357981","9606.ENSP00000381185","CTSS","BCL2",9606,0.946,0,0,0,0.091,0,0.9,0.459
"9606.ENSP00000357986","9606.ENSP00000394794","PLEKHA1","PTPN13",9606,0.971,0,0,0,0.047,0.421,0.9,0.542
"9606.ENSP00000357998","9606.ENSP00000382595","SEC63","PAICS",9606,0.4,0,0,0,0.062,0,0,0.387
"9606.ENSP00000357998","9606.ENSP00000420076","SEC63","SERP1",9606,0.414,0,0,0,0.095,0,0,0.38
"9606.ENSP00000357998","9606.ENSP00000440045","SEC63","ATP2A2",9606,0.465,0,0,0,0.08,0.349,0,0.178
"9606.ENSP00000357998","9606.ENSP00000452697","SEC63","SEC11A",9606,0.467,0,0,0,0.114,0.071,0,0.404
"9606.ENSP00000357998","9606.ENSP00000381237","SEC63","HM13",9606,0.507,0,0,0,0.105,0.239,0,0.334
"9606.ENSP00000357998","9606.ENSP00000475168","SEC63","RER1",9606,0.6,0,0,0,0.056,0,0,0.594
"9606.ENSP00000357998","9606.ENSP00000416534","SEC63","DDX46",9606,0.603,0,0,0,0.095,0.088,0,0.558
"9606.ENSP00000358363","9606.ENSP00000440045","PDE4DIP","ATP2A2",9606,0.481,0,0,0,0.052,0.046,0,0.472
"9606.ENSP00000358363","9606.ENSP00000359719","PDE4DIP","PRKACB",9606,0.809,0,0,0,0.051,0.78,0,0.158
"9606.ENSP00000358400","9606.ENSP00000372199","MDN1","URB1",9606,0.443,0,0,0,0.326,0,0,0.207
"9606.ENSP00000358400","9606.ENSP00000456218","MDN1","EARS2",9606,0.446,0,0,0,0.091,0.097,0,0.379
"9606.ENSP00000358400","9606.ENSP00000369716","MDN1","CHD3",9606,0.448,0,0,0,0.042,0.334,0,0.205
"9606.ENSP00000358400","9606.ENSP00000364037","MDN1","TEX10",9606,0.919,0,0,0,0.111,0.821,0,0.532
"9606.ENSP00000358400","9606.ENSP00000413572","MDN1","NLE1",9606,0.982,0,0,0,0.19,0.959,0,0.508
"9606.ENSP00000358497","9606.ENSP00000377681","RNGTT","G3BP1",9606,0.422,0,0,0,0.06,0,0,0.411
"9606.ENSP00000358497","9606.ENSP00000358716","RNGTT","DDX20",9606,0.472,0,0,0,0.459,0,0,0.065
"9606.ENSP00000358497","9606.ENSP00000364404","RNGTT","DCAF17",9606,0.558,0,0,0,0.558,0,0,0
"9606.ENSP00000358497","9606.ENSP00000379038","RNGTT","TYMP",9606,0.576,0,0,0,0,0,0,0.576
"9606.ENSP00000358497","9606.ENSP00000466111","RNGTT","RNMT",9606,0.998,0,0,0,0.141,0.292,0.913,0.981
"9606.ENSP00000358696","9606.ENSP00000365817","PLXNA3","HLA-E",9606,0.42,0,0,0,0,0.421,0,0
"9606.ENSP00000358696","9606.ENSP00000416015","PLXNA3","MICAL3",9606,0.477,0,0,0,0.109,0.158,0,0.359
"9606.ENSP00000358696","9606.ENSP00000377061","PLXNA3","PLXNA1",9606,0.763,0,0,0.054,0.224,0,0.54,0.383
"9606.ENSP00000358716","9606.ENSP00000360483","DDX20","NDC1",9606,0.45,0,0,0,0.121,0,0.4,0
"9606.ENSP00000358716","9606.ENSP00000378687","DDX20","POM121",9606,0.466,0,0,0,0.049,0.092,0.4,0.091
"9606.ENSP00000358716","9606.ENSP00000490767","DDX20","ING5",9606,0.492,0,0,0,0.113,0.095,0,0.417
"9606.ENSP00000358716","9606.ENSP00000367721","DDX20","NUP160",9606,0.507,0,0,0,0.192,0,0.4,0.065
"9606.ENSP00000358716","9606.ENSP00000478887","DDX20","MYC",9606,0.572,0,0,0,0.048,0.191,0.36,0.234
"9606.ENSP00000358716","9606.ENSP00000379144","DDX20","TNRC6A",9606,0.589,0,0,0,0.056,0,0,0.583
"9606.ENSP00000358727","9606.ENSP00000364935","GSTO1","CLIC1",9606,0.534,0,0,0,0.193,0,0,0.446
"9606.ENSP00000358727","9606.ENSP00000473990","GSTO1","ALDH3B1",9606,0.71,0,0,0,0.049,0,0.65,0.2
"9606.ENSP00000358727","9606.ENSP00000363641","GSTO1","TXN",9606,0.722,0,0,0,0.201,0.188,0,0.606
"9606.ENSP00000358784","9606.ENSP00000381185","KCNA3","BCL2",9606,0.409,0,0,0,0.087,0,0,0.38
"9606.ENSP00000358784","9606.ENSP00000477713","KCNA3","LCK",9606,0.566,0,0,0,0.126,0,0,0.524
"9606.ENSP00000358784","9606.ENSP00000363480","KCNA3","DLG3",9606,0.713,0,0,0,0.054,0.261,0,0.623
"9606.ENSP00000358784","9606.ENSP00000497806","KCNA3","DLG4",9606,0.737,0,0,0,0.054,0.622,0,0.325
"9606.ENSP00000358880","9606.ENSP00000497806","AMIGO1","DLG4",9606,0.488,0,0,0,0.109,0.11,0,0.407
"9606.ENSP00000358904","9606.ENSP00000365782","ZNF512B","CEP78",9606,0.413,0,0,0,0.099,0,0,0.375
"9606.ENSP00000358904","9606.ENSP00000383145","ZNF512B","SFI1",9606,0.453,0,0,0,0.068,0,0,0.438
"9606.ENSP00000358904","9606.ENSP00000396976","ZNF512B","BAHD1",9606,0.457,0,0,0,0.18,0,0,0.365
"9606.ENSP00000358904","9606.ENSP00000498999","ZNF512B","FBXW8",9606,0.47,0,0,0,0.452,0.074,0,0
"9606.ENSP00000358904","9606.ENSP00000385823","ZNF512B","MTA3",9606,0.562,0,0,0,0.063,0.437,0,0.236
"9606.ENSP00000358904","9606.ENSP00000369716","ZNF512B","CHD3",9606,0.727,0,0,0,0.097,0.65,0,0.205
"9606.ENSP00000358904","9606.ENSP00000362592","ZNF512B","RBBP4",9606,0.729,0,0,0,0.067,0.648,0,0.242
"9606.ENSP00000358909","9606.ENSP00000497280","SFXN2","AGK",9606,0.505,0,0,0,0.049,0.292,0,0.323
"9606.ENSP00000359206","9606.ENSP00000396937","BTRC","PSMD13",9606,0.405,0,0,0,0.049,0,0.4,0
"9606.ENSP00000359206","9606.ENSP00000367229","BTRC","CEP68",9606,0.415,0,0,0,0.074,0.292,0,0.18
"9606.ENSP00000359206","9606.ENSP00000372155","BTRC","PSME1",9606,0.417,0,0,0,0,0,0.4,0.069
"9606.ENSP00000359206","9606.ENSP00000394560","BTRC","MAPK9",9606,0.424,0,0,0,0.074,0.23,0,0.257
"9606.ENSP00000359206","9606.ENSP00000361467","BTRC","DLG5",9606,0.435,0,0,0,0.048,0.361,0,0.146
"9606.ENSP00000359206","9606.ENSP00000364016","BTRC","PSMB8",9606,0.439,0,0,0,0,0,0.4,0.104
"9606.ENSP00000359206","9606.ENSP00000363993","BTRC","PSMB9",9606,0.444,0,0,0,0,0,0.4,0.112
"9606.ENSP00000359206","9606.ENSP00000362179","BTRC","ZC3H12A",9606,0.491,0,0,0,0,0.43,0,0.144
"9606.ENSP00000359206","9606.ENSP00000373808","BTRC","FAM169A",9606,0.545,0,0,0,0.042,0.069,0,0.53
"9606.ENSP00000359206","9606.ENSP00000466542","BTRC","TLE2",9606,0.569,0,0,0.118,0,0,0.5,0.101
"9606.ENSP00000359206","9606.ENSP00000478887","BTRC","MYC",9606,0.798,0,0,0,0,0.33,0,0.71
"9606.ENSP00000359206","9606.ENSP00000498999","BTRC","FBXW8",9606,0.808,0,0,0,0.085,0.51,0,0.606
"9606.ENSP00000359206","9606.ENSP00000478187","BTRC","CRY2",9606,0.862,0,0,0,0.067,0.292,0.5,0.631
"9606.ENSP00000359206","9606.ENSP00000364589","BTRC","CUL4A",9606,0.963,0,0,0,0.049,0.292,0,0.95
"9606.ENSP00000359370","9606.ENSP00000362807","SEC31B","PEF1",9606,0.698,0,0,0,0,0.097,0.54,0.331
"9606.ENSP00000359532","9606.ENSP00000363641","NTSR1","TXN",9606,0.535,0,0,0,0,0,0,0.535
"9606.ENSP00000359532","9606.ENSP00000483570","NTSR1","BTK",9606,0.543,0,0,0,0,0,0.5,0.125
"9606.ENSP00000359532","9606.ENSP00000488912","NTSR1","CRHR1-2",9606,0.622,0,0,0,0,0,0,0.622
"9606.ENSP00000359532","9606.ENSP00000409581","NTSR1","ARRB1",9606,0.996,0,0,0,0,0.906,0,0.967
"9606.ENSP00000359606","9606.ENSP00000382071","ZNHIT6","HLCS",9606,0.417,0,0,0,0.253,0,0,0.251
"9606.ENSP00000359606","9606.ENSP00000409964","ZNHIT6","CFAP97",9606,0.538,0,0,0,0.513,0.057,0,0.076
"9606.ENSP00000359663","9606.ENSP00000396937","CD40LG","PSMD13",9606,0.4,0,0,0,0,0,0.4,0
"9606.ENSP00000359663","9606.ENSP00000365596","CD40LG","GPR183",9606,0.405,0,0,0,0.159,0,0,0.322
"9606.ENSP00000359663","9606.ENSP00000372155","CD40LG","PSME1",9606,0.408,0,0,0,0,0,0.4,0.055
"9606.ENSP00000359663","9606.ENSP00000379330","CD40LG","NFATC2",9606,0.423,0,0,0,0.123,0,0,0.369
"9606.ENSP00000359663","9606.ENSP00000402758","CD40LG","PMEL",9606,0.432,0,0,0,0,0,0,0.432
"9606.ENSP00000359663","9606.ENSP00000378856","CD40LG","LGALS9",9606,0.446,0,0,0,0.067,0,0,0.431
"9606.ENSP00000359663","9606.ENSP00000379873","CD40LG","HLA-A",9606,0.454,0,0,0,0.059,0,0,0.444
"9606.ENSP00000359663","9606.ENSP00000367013","CD40LG","TNFRSF25",9606,0.455,0,0,0,0.157,0,0,0.38
"9606.ENSP00000359663","9606.ENSP00000398655","CD40LG","ITK",9606,0.505,0,0,0,0.307,0,0,0.315
"9606.ENSP00000359663","9606.ENSP00000364016","CD40LG","PSMB8",9606,0.506,0,0,0,0.099,0,0.4,0.161
"9606.ENSP00000359663","9606.ENSP00000431445","CD40LG","CD3G",9606,0.521,0,0,0,0.329,0,0,0.315
"9606.ENSP00000359663","9606.ENSP00000381185","CD40LG","BCL2",9606,0.53,0,0,0,0.076,0,0,0.512
"9606.ENSP00000359663","9606.ENSP00000470788","CD40LG","IL12RB1",9606,0.541,0,0,0,0.118,0.091,0,0.473
"9606.ENSP00000359663","9606.ENSP00000363993","CD40LG","PSMB9",9606,0.552,0,0,0,0.117,0,0.4,0.222
"9606.ENSP00000359663","9606.ENSP00000483570","CD40LG","BTK",9606,0.637,0,0,0,0.169,0,0,0.581
"9606.ENSP00000359663","9606.ENSP00000362994","CD40LG","TRAF1",9606,0.653,0,0,0,0.116,0.292,0,0.49
"9606.ENSP00000359663","9606.ENSP00000477713","CD40LG","LCK",9606,0.676,0,0,0,0.197,0,0,0.613
"9606.ENSP00000359663","9606.ENSP00000498227","CD40LG","SELL",9606,0.677,0,0,0,0.176,0,0,0.624
"9606.ENSP00000359663","9606.ENSP00000438406","CD40LG","SLAMF1",9606,0.717,0,0,0,0.25,0,0,0.638
"9606.ENSP00000359663","9606.ENSP00000365380","CD40LG","FOXP3",9606,0.772,0,0,0,0.177,0,0,0.735
"9606.ENSP00000359719","9606.ENSP00000408695","PRKACB","PRKCA",9606,0.432,0,0,0,0.049,0,0,0.428
"9606.ENSP00000359719","9606.ENSP00000440045","PRKACB","ATP2A2",9606,0.437,0,0,0,0.059,0.066,0,0.411
"9606.ENSP00000359719","9606.ENSP00000419325","PRKACB","SUCLG2",9606,0.474,0,0,0,0.092,0,0,0.445
"9606.ENSP00000359719","9606.ENSP00000478887","PRKACB","MYC",9606,0.501,0,0,0,0,0.067,0,0.487
"9606.ENSP00000359719","9606.ENSP00000384851","PRKACB","ESRRA",9606,0.524,0,0,0,0,0,0,0.524
"9606.ENSP00000359719","9606.ENSP00000497806","PRKACB","DLG4",9606,0.538,0,0,0,0.072,0.07,0,0.508
"9606.ENSP00000359719","9606.ENSP00000497733","PRKACB","CDC42",9606,0.572,0,0,0,0.093,0.1,0,0.518
"9606.ENSP00000359719","9606.ENSP00000379563","PRKACB","TSPO",9606,0.614,0,0,0,0.042,0,0,0.613
"9606.ENSP00000359719","9606.ENSP00000409581","PRKACB","ARRB1",9606,0.649,0,0,0,0.042,0,0,0.649
"9606.ENSP00000359719","9606.ENSP00000407336","PRKACB","NDUFB3",9606,0.65,0,0,0,0.042,0,0.65,0
"9606.ENSP00000359719","9606.ENSP00000369176","PRKACB","NDUFB6",9606,0.65,0,0,0,0,0,0.65,0
"9606.ENSP00000359719","9606.ENSP00000488912","PRKACB","CRHR1-2",9606,0.661,0,0,0,0,0,0,0.661
"9606.ENSP00000359719","9606.ENSP00000381185","PRKACB","BCL2",9606,0.707,0,0,0,0.043,0,0,0.706
"9606.ENSP00000359719","9606.ENSP00000396915","PRKACB","SCN1B",9606,0.906,0,0,0,0,0,0.9,0.108
"9606.ENSP00000359719","9606.ENSP00000363435","PRKACB","ITPR3",9606,0.968,0,0,0,0,0.045,0.9,0.693
"9606.ENSP00000359719","9606.ENSP00000368880","PRKACB","FOXO1",9606,0.968,0,0,0,0.042,0.069,0.9,0.691
"9606.ENSP00000359719","9606.ENSP00000379696","PRKACB","PKIA",9606,0.984,0,0,0,0.131,0.612,0.9,0.58
"9606.ENSP00000359719","9606.ENSP00000478212","PRKACB","AKAP1",9606,0.999,0,0,0,0,0.806,0.5,0.998
"9606.ENSP00000359859","9606.ENSP00000456218","MTG2","EARS2",9606,0.446,0.052,0,0,0.182,0,0,0.343
"9606.ENSP00000359859","9606.ENSP00000497004","MTG2","MRPL28",9606,0.816,0,0,0,0.074,0.809,0,0
"9606.ENSP00000359859","9606.ENSP00000419740","MTG2","NSUN4",9606,0.943,0,0,0,0.144,0.8,0,0.697
"9606.ENSP00000359859","9606.ENSP00000480378","MTG2","MTERF4",9606,0.946,0,0,0,0.06,0.8,0,0.739
"9606.ENSP00000359859","9606.ENSP00000419370","MTG2","MALSU1",9606,0.987,0.115,0,0,0.074,0.911,0,0.843
"9606.ENSP00000360252","9606.ENSP00000494277","HOOK1","PATJ",9606,0.456,0,0,0,0.329,0.093,0,0.178
"9606.ENSP00000360252","9606.ENSP00000498700","HOOK1","BICD1",9606,0.521,0,0,0,0.042,0.088,0,0.495
"9606.ENSP00000360252","9606.ENSP00000385808","HOOK1","KIF3A",9606,0.586,0,0,0,0.067,0.079,0,0.556
"9606.ENSP00000360252","9606.ENSP00000380690","HOOK1","BICDL1",9606,0.712,0,0,0,0.085,0,0,0.699
"9606.ENSP00000360431","9606.ENSP00000494277","PLCE1","PATJ",9606,0.402,0,0,0,0.111,0.274,0,0.147
"9606.ENSP00000360431","9606.ENSP00000371070","PLCE1","ATP8A2",9606,0.405,0,0,0,0,0.045,0,0.403
"9606.ENSP00000360431","9606.ENSP00000379823","PLCE1","COL4A3",9606,0.443,0,0,0,0.056,0,0,0.434
"9606.ENSP00000360431","9606.ENSP00000428056","PLCE1","PIK3R1",9606,0.667,0,0,0,0,0,0.65,0.088
"9606.ENSP00000360431","9606.ENSP00000411152","PLCE1","ITPKB",9606,0.682,0,0,0,0,0,0.65,0.13
"9606.ENSP00000360431","9606.ENSP00000377703","PLCE1","DGKA",9606,0.728,0,0,0,0,0,0.65,0.255
"9606.ENSP00000360431","9606.ENSP00000363435","PLCE1","ITPR3",9606,0.921,0,0,0,0.077,0,0.9,0.212
"9606.ENSP00000360431","9606.ENSP00000408695","PLCE1","PRKCA",9606,0.926,0,0,0,0.075,0,0.9,0.267
"9606.ENSP00000360483","9606.ENSP00000451291","NDC1","HNRNPC",9606,0.42,0,0,0,0.073,0,0.4,0
"9606.ENSP00000360483","9606.ENSP00000431548","NDC1","TMEM25",9606,0.541,0,0,0,0,0,0,0.541
"9606.ENSP00000360483","9606.ENSP00000378295","NDC1","INCENP",9606,0.542,0,0,0,0.258,0,0.4,0.054
"9606.ENSP00000360483","9606.ENSP00000378687","NDC1","POM121",9606,0.706,0,0,0,0.054,0,0.5,0.429
"9606.ENSP00000360483","9606.ENSP00000367721","NDC1","NUP160",9606,0.961,0,0,0,0.222,0.8,0.5,0.568
"9606.ENSP00000360577","9606.ENSP00000418582","ECHDC2","FHIT",9606,0.449,0,0,0,0.065,0.045,0,0.432
"9606.ENSP00000360577","9606.ENSP00000452762","ECHDC2","ETFA",9606,0.612,0.075,0.229,0,0.145,0.059,0.338,0.172
"9606.ENSP00000360577","9606.ENSP00000363614","ECHDC2","HMGCL",9606,0.717,0.059,0.195,0,0.216,0,0.443,0.276
"9606.ENSP00000360761","9606.ENSP00000377703","AGPAT2","DGKA",9606,0.758,0,0,0,0,0,0.65,0.337
"9606.ENSP00000360761","9606.ENSP00000497280","AGPAT2","AGK",9606,0.918,0.046,0,0,0,0,0.9,0.211
"9606.ENSP00000360821","9606.ENSP00000375795","UBAC1","IL24",9606,0.418,0,0,0,0,0,0,0.418
"9606.ENSP00000360821","9606.ENSP00000374183","UBAC1","CAMSAP1",9606,0.71,0,0.526,0,0.053,0,0,0.405
"9606.ENSP00000361027","9606.ENSP00000371341","AMOT","TNK2",9606,0.499,0,0,0,0,0.052,0,0.494
"9606.ENSP00000361027","9606.ENSP00000465419","AMOT","TJP3",9606,0.543,0,0,0,0.049,0,0,0.54
"9606.ENSP00000361027","9606.ENSP00000497733","AMOT","CDC42",9606,0.645,0,0,0,0,0.107,0,0.619
"9606.ENSP00000361027","9606.ENSP00000494277","AMOT","PATJ",9606,0.999,0,0,0,0.044,0.668,0.9,0.998
"9606.ENSP00000361107","9606.ENSP00000364150","BMPR1A","GALNT12",9606,0.547,0,0,0,0.047,0.161,0,0.48
"9606.ENSP00000361107","9606.ENSP00000417404","BMPR1A","HFE",9606,0.811,0,0,0,0.063,0,0.54,0.598
"9606.ENSP00000361107","9606.ENSP00000369154","BMPR1A","SMAD9",9606,0.976,0,0,0,0.068,0.126,0.9,0.746
"9606.ENSP00000361120","9606.ENSP00000497733","RALGDS","CDC42",9606,0.627,0,0,0,0,0.359,0,0.442
"9606.ENSP00000361120","9606.ENSP00000365606","RALGDS","GRIPAP1",9606,0.729,0,0,0,0.049,0,0,0.727
"9606.ENSP00000361120","9606.ENSP00000409581","RALGDS","ARRB1",9606,0.776,0,0,0,0.076,0.292,0,0.686
"9606.ENSP00000361120","9606.ENSP00000394560","RALGDS","MAPK9",9606,0.903,0,0,0,0,0,0.9,0.077
"9606.ENSP00000361160","9606.ENSP00000376071","CCSER2","FAM117B",9606,0.413,0,0,0,0.05,0,0,0.407
"9606.ENSP00000361160","9606.ENSP00000361207","CCSER2","GHITM",9606,0.415,0,0,0,0.062,0,0,0.401
"9606.ENSP00000361207","9606.ENSP00000451206","GHITM","NPC2",9606,0.461,0,0,0,0.067,0,0,0.447
"9606.ENSP00000361207","9606.ENSP00000468032","GHITM","SARM1",9606,0.652,0,0,0,0,0.442,0,0.402
"9606.ENSP00000361219","9606.ENSP00000361446","GTF3C4","POLR3A",9606,0.784,0,0,0,0.144,0,0.5,0.536
"9606.ENSP00000361232","9606.ENSP00000419740","DDX31","NSUN4",9606,0.401,0,0,0,0.299,0.147,0,0.078
"9606.ENSP00000361232","9606.ENSP00000417402","DDX31","PUS7",9606,0.447,0,0,0,0.352,0.16,0,0.065
"9606.ENSP00000361232","9606.ENSP00000431265","DDX31","ZFP82",9606,0.449,0,0,0,0.061,0.071,0,0.419
"9606.ENSP00000361232","9606.ENSP00000432504","DDX31","ZNF202",9606,0.475,0,0,0,0.458,0.071,0,0
"9606.ENSP00000361232","9606.ENSP00000413572","DDX31","NLE1",9606,0.574,0,0,0,0.52,0.113,0,0.081
"9606.ENSP00000361232","9606.ENSP00000372199","DDX31","URB1",9606,0.663,0,0,0,0.488,0.125,0,0.309
"9606.ENSP00000361232","9606.ENSP00000419005","DDX31","UTP25",9606,0.717,0,0,0,0.69,0,0,0.125
"9606.ENSP00000361232","9606.ENSP00000444136","DDX31","POLR1B",9606,0.765,0,0,0,0.706,0.091,0,0.194
"9606.ENSP00000361232","9606.ENSP00000442053","DDX31","RBM19",9606,0.903,0,0,0,0.895,0.084,0,0.066
"9606.ENSP00000361302","9606.ENSP00000364902","POMT1","POFUT1",9606,0.464,0,0,0,0.131,0,0,0.408
"9606.ENSP00000361302","9606.ENSP00000363827","POMT1","HSPG2",9606,0.612,0,0,0,0.042,0,0,0.612
"9606.ENSP00000361302","9606.ENSP00000370839","POMT1","SGCB",9606,0.785,0,0,0,0.042,0,0,0.785
"9606.ENSP00000361310","9606.ENSP00000382071","POLH","HLCS",9606,0.454,0.057,0,0,0.415,0,0,0.091
"9606.ENSP00000361310","9606.ENSP00000382595","POLH","PAICS",9606,0.514,0,0,0,0.067,0,0,0.501
"9606.ENSP00000361310","9606.ENSP00000488642","POLH","TENT4A",9606,0.592,0,0,0,0,0,0,0.592
"9606.ENSP00000361446","9606.ENSP00000378857","POLR3A","WDR6",9606,0.402,0,0,0,0.28,0.096,0,0.155
"9606.ENSP00000361446","9606.ENSP00000442053","POLR3A","RBM19",9606,0.429,0,0,0,0.404,0,0,0.082
"9606.ENSP00000361446","9606.ENSP00000374037","POLR3A","VPS9D1",9606,0.429,0,0,0,0.049,0,0,0.425
"9606.ENSP00000361446","9606.ENSP00000419740","POLR3A","NSUN4",9606,0.461,0.057,0,0,0.375,0.07,0,0.133
"9606.ENSP00000361446","9606.ENSP00000413572","POLR3A","NLE1",9606,0.475,0,0,0,0.44,0,0,0.102
"9606.ENSP00000361446","9606.ENSP00000406293","POLR3A","TCEA3",9606,0.572,0,0,0,0.11,0.404,0,0.259
"9606.ENSP00000361446","9606.ENSP00000456218","POLR3A","EARS2",9606,0.627,0.041,0,0,0.518,0,0,0.257
"9606.ENSP00000361446","9606.ENSP00000372199","POLR3A","URB1",9606,0.75,0,0,0,0.75,0,0,0
"9606.ENSP00000361446","9606.ENSP00000444136","POLR3A","POLR1B",9606,0.971,0.102,0,0,0.727,0.828,0,0.398
"9606.ENSP00000361467","9606.ENSP00000375873","DLG5","ATG16L1",9606,0.449,0,0,0,0.049,0,0,0.445
"9606.ENSP00000361562","9606.ENSP00000382767","CTSA","SEL1L3",9606,0.404,0,0,0,0,0.304,0,0.179
"9606.ENSP00000361562","9606.ENSP00000364589","CTSA","CUL4A",9606,0.423,0,0,0,0.042,0,0,0.423
"9606.ENSP00000361562","9606.ENSP00000378394","CTSA","PSAP",9606,0.523,0,0,0,0.22,0,0,0.414
"9606.ENSP00000361562","9606.ENSP00000364782","CTSA","NEU1",9606,0.999,0,0,0,0.214,0.301,0.4,0.999
"9606.ENSP00000361608","9606.ENSP00000365817","ABCC10","HLA-E",9606,0.454,0,0,0,0.051,0,0,0.448
"9606.ENSP00000361608","9606.ENSP00000478255","ABCC10","ABCB1",9606,0.568,0,0,0,0.234,0.076,0,0.439
"9606.ENSP00000361628","9606.ENSP00000384048","RADX","PAXIP1",9606,0.521,0,0,0,0,0,0,0.521
"9606.ENSP00000361728","9606.ENSP00000498934","BEX3","GPRASP1",9606,0.488,0,0,0,0.083,0,0,0.464
"9606.ENSP00000361728","9606.ENSP00000440374","BEX3","MCF2L",9606,0.505,0,0,0,0,0,0,0.505
"9606.ENSP00000362179","9606.ENSP00000386616","ZC3H12A","ZC3H12D",9606,0.407,0,0,0.095,0.054,0.292,0,0.136
"9606.ENSP00000362187","9606.ENSP00000416341","FAM102A","NELL2",9606,0.459,0,0,0,0.082,0.045,0,0.432
"9606.ENSP00000362187","9606.ENSP00000483570","FAM102A","BTK",9606,0.472,0,0,0,0,0.062,0,0.46
"9606.ENSP00000362273","9606.ENSP00000417214","ADPRHL2","PARP15",9606,0.632,0.069,0,0,0,0,0,0.621
"9606.ENSP00000362273","9606.ENSP00000422375","ADPRHL2","NUDT16",9606,0.716,0,0,0,0.109,0,0,0.695
"9606.ENSP00000362330","9606.ENSP00000364839","CHD6","ASXL1",9606,0.432,0,0,0,0.062,0.107,0,0.376
"9606.ENSP00000362330","9606.ENSP00000436786","CHD6","KMT2A",9606,0.449,0,0,0,0.309,0.112,0,0.175
"9606.ENSP00000362330","9606.ENSP00000369716","CHD6","CHD3",9606,0.758,0,0,0.194,0.102,0.309,0,0.574
"9606.ENSP00000362540","9606.ENSP00000370128","AZIN2","SLC7A1",9606,0.432,0,0,0,0.055,0.048,0,0.419
"9606.ENSP00000362540","9606.ENSP00000379895","AZIN2","GATM",9606,0.964,0,0,0,0.07,0,0.9,0.646
"9606.ENSP00000362592","9606.ENSP00000436786","RBBP4","KMT2A",9606,0.42,0,0,0,0.058,0.275,0,0.219
"9606.ENSP00000362592","9606.ENSP00000377681","RBBP4","G3BP1",9606,0.425,0,0,0,0.189,0.292,0,0.078
"9606.ENSP00000362592","9606.ENSP00000410042","RBBP4","BRD1",9606,0.439,0,0,0,0.071,0,0.4,0.073
"9606.ENSP00000362592","9606.ENSP00000478887","RBBP4","MYC",9606,0.456,0,0,0,0.067,0.164,0,0.358
"9606.ENSP00000362592","9606.ENSP00000451291","RBBP4","HNRNPC",9606,0.456,0,0,0,0.415,0.052,0,0.096
"9606.ENSP00000362592","9606.ENSP00000366271","RBBP4","KDM2B",9606,0.467,0,0,0,0.073,0.092,0,0.417
"9606.ENSP00000362592","9606.ENSP00000364589","RBBP4","CUL4A",9606,0.481,0,0,0,0.067,0.335,0,0.231
"9606.ENSP00000362592","9606.ENSP00000379144","RBBP4","TNRC6A",9606,0.5,0,0,0,0.042,0,0.5,0
"9606.ENSP00000362592","9606.ENSP00000490767","RBBP4","ING5",9606,0.545,0,0,0,0.064,0.138,0.4,0.171
"9606.ENSP00000362592","9606.ENSP00000384048","RBBP4","PAXIP1",9606,0.589,0,0,0,0.075,0,0.5,0.184
"9606.ENSP00000362592","9606.ENSP00000362748","RBBP4","TET1",9606,0.66,0,0,0,0.067,0.091,0.54,0.233
"9606.ENSP00000362592","9606.ENSP00000420616","RBBP4","TFDP2",9606,0.7,0,0,0,0.133,0.18,0.5,0.256
"9606.ENSP00000362592","9606.ENSP00000429633","RBBP4","MYBL1",9606,0.744,0,0,0,0.068,0.574,0,0.407
"9606.ENSP00000362592","9606.ENSP00000362768","RBBP4","RBL1",9606,0.768,0,0,0,0.115,0.382,0.5,0.25
"9606.ENSP00000362592","9606.ENSP00000396052","RBBP4","BRMS1",9606,0.92,0,0,0,0,0.519,0.54,0.671
"9606.ENSP00000362592","9606.ENSP00000437659","RBBP4","PHC1",9606,0.942,0,0,0,0.088,0.067,0.9,0.408
"9606.ENSP00000362592","9606.ENSP00000364839","RBBP4","ASXL1",9606,0.973,0,0,0,0.049,0.331,0.9,0.63
"9606.ENSP00000362592","9606.ENSP00000421863","RBBP4","ZNF827",9606,0.98,0,0,0,0.044,0.963,0,0.476
"9606.ENSP00000362592","9606.ENSP00000385823","RBBP4","MTA3",9606,0.998,0,0,0,0.049,0.898,0.72,0.962
"9606.ENSP00000362592","9606.ENSP00000369716","RBBP4","CHD3",9606,0.999,0,0,0,0.078,0.877,0.72,0.994
"9606.ENSP00000362592","9606.ENSP00000481842","RBBP4","SAP18",9606,0.999,0,0,0,0.166,0,0.8,0.997
"9606.ENSP00000362601","9606.ENSP00000363480","CHIC1","DLG3",9606,0.492,0,0,0,0.102,0,0,0.458
"9606.ENSP00000362616","9606.ENSP00000410943","NAP1L2","TSPYL4",9606,0.408,0,0,0,0.167,0.242,0,0.137
"9606.ENSP00000362616","9606.ENSP00000364591","NAP1L2","TSPYL2",9606,0.43,0,0,0,0.145,0.088,0,0.327
"9606.ENSP00000362650","9606.ENSP00000363123","SCAI","AHDC1",9606,0.623,0,0,0,0,0.491,0,0.29
"9606.ENSP00000362707","9606.ENSP00000386738","MANBAL","KCMF1",9606,0.403,0,0,0,0.042,0,0,0.403
"9606.ENSP00000362727","9606.ENSP00000500582","DENND1A","AKT3",9606,0.4,0,0,0,0,0,0.4,0
"9606.ENSP00000362727","9606.ENSP00000369538","DENND1A","GDI2",9606,0.515,0,0,0,0,0,0.5,0.071
"9606.ENSP00000362748","9606.ENSP00000364649","TET1","SDHB",9606,0.442,0,0,0,0,0,0,0.442
"9606.ENSP00000362748","9606.ENSP00000366271","TET1","KDM2B",9606,0.468,0,0,0,0.077,0,0,0.447
"9606.ENSP00000362748","9606.ENSP00000478887","TET1","MYC",9606,0.5,0,0,0,0.049,0,0,0.496
"9606.ENSP00000362748","9606.ENSP00000364037","TET1","TEX10",9606,0.502,0,0,0,0.056,0,0,0.494
"9606.ENSP00000362748","9606.ENSP00000478187","TET1","CRY2",9606,0.525,0,0,0,0,0,0,0.525
"9606.ENSP00000362748","9606.ENSP00000365380","TET1","FOXP3",9606,0.544,0,0,0,0,0.095,0,0.517
"9606.ENSP00000362748","9606.ENSP00000396052","TET1","BRMS1",9606,0.591,0,0,0,0.067,0.104,0.54,0.063
"9606.ENSP00000362748","9606.ENSP00000436786","TET1","KMT2A",9606,0.623,0,0,0,0.121,0,0,0.589
"9606.ENSP00000362768","9606.ENSP00000433681","RBL1","NCAPD3",9606,0.506,0,0,0,0.375,0.094,0,0.197
"9606.ENSP00000362768","9606.ENSP00000478887","RBL1","MYC",9606,0.667,0,0,0,0.05,0.292,0.5,0.129
"9606.ENSP00000362768","9606.ENSP00000420616","RBL1","TFDP2",9606,0.982,0,0,0,0.092,0.771,0.9,0.243
"9606.ENSP00000362807","9606.ENSP00000478887","PEF1","MYC",9606,0.531,0,0,0,0,0,0,0.531
"9606.ENSP00000362807","9606.ENSP00000370671","PEF1","KLHL42",9606,0.729,0,0,0,0,0,0.72,0.072
"9606.ENSP00000362807","9606.ENSP00000497351","PEF1","GAN",9606,0.747,0,0,0,0.049,0,0.72,0.129
"9606.ENSP00000362948","9606.ENSP00000406293","MED18","TCEA3",9606,0.504,0,0,0,0.067,0.279,0,0.322
"9606.ENSP00000362994","9606.ENSP00000381185","TRAF1","BCL2",9606,0.574,0,0,0,0.153,0,0,0.517
"9606.ENSP00000363228","9606.ENSP00000386764","RBM12","ZC3H6",9606,0.437,0,0,0,0.074,0,0,0.417
"9606.ENSP00000363228","9606.ENSP00000500034","RBM12","ATP8B2",9606,0.44,0,0,0,0,0,0,0.44
"9606.ENSP00000363389","9606.ENSP00000375873","PDIK1L","ATG16L1",9606,0.575,0,0,0,0,0.495,0,0.194
"9606.ENSP00000363389","9606.ENSP00000491504","PDIK1L","ATG9B",9606,0.604,0,0,0,0.106,0.495,0,0.194
"9606.ENSP00000363435","9606.ENSP00000366757","ITPR3","LMO7",9606,0.407,0,0,0,0.08,0,0,0.382
"9606.ENSP00000363435","9606.ENSP00000411152","ITPR3","ITPKB",9606,0.425,0,0,0,0.05,0.071,0,0.401
"9606.ENSP00000363435","9606.ENSP00000448665","ITPR3","DDIT3",9606,0.463,0,0,0,0,0,0,0.463
"9606.ENSP00000363435","9606.ENSP00000439937","ITPR3","HOMER3",9606,0.548,0,0,0,0.042,0.113,0,0.511
"9606.ENSP00000363435","9606.ENSP00000483570","ITPR3","BTK",9606,0.614,0,0,0,0.047,0.05,0.5,0.249
"9606.ENSP00000363435","9606.ENSP00000493232","ITPR3","MICU1",9606,0.769,0,0,0,0,0,0,0.769
"9606.ENSP00000363435","9606.ENSP00000400892","ITPR3","TESPA1",9606,0.828,0,0,0,0,0.422,0,0.716
"9606.ENSP00000363435","9606.ENSP00000440045","ITPR3","ATP2A2",9606,0.908,0,0,0,0.044,0.555,0,0.801
"9606.ENSP00000363435","9606.ENSP00000446576","ITPR3","ATXN2",9606,0.913,0,0,0,0.049,0,0.9,0.16
"9606.ENSP00000363435","9606.ENSP00000408695","ITPR3","PRKCA",9606,0.934,0,0,0,0.107,0,0.9,0.328
"9606.ENSP00000363435","9606.ENSP00000381185","ITPR3","BCL2",9606,0.993,0,0,0,0.043,0.292,0,0.991
"9606.ENSP00000363452","9606.ENSP00000363520","MAN1C1","NIPAL3",9606,0.429,0,0,0,0.049,0,0,0.424
"9606.ENSP00000363458","9606.ENSP00000430269","LDLRAP1","EPHX2",9606,0.411,0,0,0,0.113,0,0,0.363
"9606.ENSP00000363458","9606.ENSP00000431445","LDLRAP1","CD3G",9606,0.511,0,0,0,0.063,0,0.5,0
"9606.ENSP00000363458","9606.ENSP00000470176","LDLRAP1","AP2S1",9606,0.576,0,0,0,0,0,0.5,0.187
"9606.ENSP00000363458","9606.ENSP00000409581","LDLRAP1","ARRB1",9606,0.594,0,0,0,0.067,0,0.5,0.201
"9606.ENSP00000363480","9606.ENSP00000381981","DLG3","TTC3",9606,0.404,0,0,0,0.042,0.084,0.126,0.315
"9606.ENSP00000363480","9606.ENSP00000408695","DLG3","PRKCA",9606,0.475,0,0,0,0,0.091,0,0.447
"9606.ENSP00000363480","9606.ENSP00000490940","DLG3","ARHGEF9",9606,0.534,0,0,0,0.148,0,0,0.475
"9606.ENSP00000363480","9606.ENSP00000439937","DLG3","HOMER3",9606,0.633,0,0,0,0,0.052,0.5,0.287
"9606.ENSP00000363480","9606.ENSP00000494788","DLG3","CASK",9606,0.728,0,0,0,0.2,0.271,0.5,0.177
"9606.ENSP00000363480","9606.ENSP00000380638","DLG3","PTK2B",9606,0.771,0,0,0,0.1,0.292,0.36,0.505
"9606.ENSP00000363480","9606.ENSP00000379256","DLG3","NCALD",9606,0.818,0,0,0,0.067,0.106,0.8,0
"9606.ENSP00000363480","9606.ENSP00000496007","DLG3","SYNGAP1",9606,0.946,0,0,0,0.042,0.379,0,0.917
"9606.ENSP00000363480","9606.ENSP00000497806","DLG3","DLG4",9606,0.997,0,0,0.057,0,0.547,0.9,0.955
"9606.ENSP00000363516","9606.ENSP00000379330","RCAN3","NFATC2",9606,0.423,0,0,0,0.049,0,0,0.419
"9606.ENSP00000363516","9606.ENSP00000393099","RCAN3","MAPKBP1",9606,0.44,0,0,0,0.042,0,0,0.439
"9606.ENSP00000363614","9606.ENSP00000452762","HMGCL","ETFA",9606,0.402,0.052,0,0,0.093,0,0,0.36
"9606.ENSP00000363614","9606.ENSP00000382595","HMGCL","PAICS",9606,0.404,0,0,0,0.101,0,0,0.363
"9606.ENSP00000363614","9606.ENSP00000382071","HMGCL","HLCS",9606,0.424,0.058,0,0,0.049,0,0,0.409
"9606.ENSP00000363614","9606.ENSP00000385080","HMGCL","FAH",9606,0.501,0.083,0,0,0.093,0,0.414,0.097
"9606.ENSP00000363614","9606.ENSP00000430269","HMGCL","EPHX2",9606,0.508,0.058,0,0,0.095,0,0,0.469
"9606.ENSP00000363614","9606.ENSP00000464814","HMGCL","COASY",9606,0.562,0,0,0,0.207,0,0,0.47
"9606.ENSP00000363614","9606.ENSP00000419325","HMGCL","SUCLG2",9606,0.869,0.079,0,0,0.108,0.069,0.8,0.277
"9606.ENSP00000363614","9606.ENSP00000376184","HMGCL","BDH1",9606,0.976,0,0,0,0.054,0,0.911,0.744
"9606.ENSP00000363616","9606.ENSP00000475168","EDEM2","RER1",9606,0.401,0,0,0,0.053,0,0,0.393
"9606.ENSP00000363641","9606.ENSP00000368880","TXN","FOXO1",9606,0.404,0,0,0,0,0,0,0.404
"9606.ENSP00000363641","9606.ENSP00000437402","TXN","ENO2",9606,0.421,0,0,0,0.115,0.186,0,0.261
"9606.ENSP00000363641","9606.ENSP00000499797","TXN","CALM2",9606,0.436,0,0,0,0.111,0.099,0,0.352
"9606.ENSP00000363641","9606.ENSP00000407336","TXN","NDUFB3",9606,0.461,0,0,0,0.426,0,0,0.099
"9606.ENSP00000363641","9606.ENSP00000430598","TXN","ATOX1",9606,0.462,0,0,0,0.176,0.077,0,0.349
"9606.ENSP00000363641","9606.ENSP00000408695","TXN","PRKCA",9606,0.468,0,0,0,0.051,0.046,0,0.46
"9606.ENSP00000363641","9606.ENSP00000456019","TXN","SQOR",9606,0.472,0.042,0,0,0.122,0.068,0,0.406
"9606.ENSP00000363641","9606.ENSP00000497733","TXN","CDC42",9606,0.472,0,0,0,0.088,0.067,0,0.429
"9606.ENSP00000363641","9606.ENSP00000478887","TXN","MYC",9606,0.572,0,0,0,0.092,0.216,0,0.447
"9606.ENSP00000363641","9606.ENSP00000399805","TXN","CRYZ",9606,0.581,0,0,0,0.058,0.046,0,0.572
"9606.ENSP00000363641","9606.ENSP00000381185","TXN","BCL2",9606,0.618,0,0,0,0,0,0,0.618
"9606.ENSP00000363641","9606.ENSP00000365693","TXN","MSRB2",9606,0.853,0.055,0,0,0.075,0.089,0.4,0.74
"9606.ENSP00000363779","9606.ENSP00000417402","ELP1","PUS7",9606,0.423,0,0,0,0.415,0,0,0.055
"9606.ENSP00000363827","9606.ENSP00000386896","HSPG2","ITGA6",9606,0.417,0,0,0,0.095,0.062,0,0.369
"9606.ENSP00000363827","9606.ENSP00000379823","HSPG2","COL4A3",9606,0.581,0,0,0,0.09,0.103,0,0.528
"9606.ENSP00000363993","9606.ENSP00000369176","PSMB9","NDUFB6",9606,0.404,0,0,0,0.117,0,0,0.353
"9606.ENSP00000363993","9606.ENSP00000418001","PSMB9","GK5",9606,0.426,0,0,0,0.128,0.306,0,0.129
"9606.ENSP00000363993","9606.ENSP00000369989","PSMB9","KATNAL1",9606,0.426,0,0,0,0.128,0.306,0,0.129
"9606.ENSP00000363993","9606.ENSP00000477713","PSMB9","LCK",9606,0.541,0,0,0,0.184,0.043,0,0.459
"9606.ENSP00000363993","9606.ENSP00000365402","PSMB9","HLA-C",9606,0.628,0,0,0,0.27,0,0,0.512
"9606.ENSP00000363993","9606.ENSP00000365817","PSMB9","HLA-E",9606,0.633,0,0,0,0.432,0,0,0.38
"9606.ENSP00000363993","9606.ENSP00000378235","PSMB9","SFMBT1",9606,0.736,0,0,0,0,0,0,0.736
"9606.ENSP00000363993","9606.ENSP00000379873","PSMB9","HLA-A",9606,0.773,0,0,0,0.429,0,0,0.62
"9606.ENSP00000363993","9606.ENSP00000399168","PSMB9","HLA-B",9606,0.798,0,0,0,0.537,0,0,0.582
"9606.ENSP00000363993","9606.ENSP00000396937","PSMB9","PSMD13",9606,0.983,0,0,0,0.561,0.932,0,0.487
"9606.ENSP00000363993","9606.ENSP00000372155","PSMB9","PSME1",9606,0.993,0,0,0,0.662,0.855,0,0.884
"9606.ENSP00000363993","9606.ENSP00000364016","PSMB9","PSMB8",9606,0.999,0,0,0.119,0.999,0.999,0.72,0.988
"9606.ENSP00000363993","9606.ENSP00000370222","PSMB9","POMP",9606,0.999,0,0,0,0.573,0.994,0,0.875
"9606.ENSP00000364016","9606.ENSP00000382707","PSMB8","IFITM3",9606,0.408,0,0,0,0.156,0,0,0.327
"9606.ENSP00000364016","9606.ENSP00000365817","PSMB8","HLA-E",9606,0.624,0,0,0,0.445,0,0,0.351
"9606.ENSP00000364016","9606.ENSP00000378235","PSMB8","SFMBT1",9606,0.778,0,0,0,0,0,0,0.778
"9606.ENSP00000364016","9606.ENSP00000365402","PSMB8","HLA-C",9606,0.781,0,0,0,0.333,0,0,0.686
"9606.ENSP00000364016","9606.ENSP00000379873","PSMB8","HLA-A",9606,0.847,0,0,0,0.463,0,0,0.727
"9606.ENSP00000364016","9606.ENSP00000399168","PSMB8","HLA-B",9606,0.886,0,0,0,0.77,0,0,0.525
"9606.ENSP00000364016","9606.ENSP00000396937","PSMB8","PSMD13",9606,0.938,0,0,0,0.318,0.859,0,0.408
"9606.ENSP00000364016","9606.ENSP00000372155","PSMB8","PSME1",9606,0.985,0,0,0,0.523,0.615,0,0.927
"9606.ENSP00000364016","9606.ENSP00000370222","PSMB8","POMP",9606,0.999,0,0,0,0.161,0.998,0,0.901
"9606.ENSP00000364037","9606.ENSP00000367721","TEX10","NUP160",9606,0.431,0,0,0,0.431,0,0,0
"9606.ENSP00000364037","9606.ENSP00000419005","TEX10","UTP25",9606,0.629,0,0,0,0.153,0,0.5,0.196
"9606.ENSP00000364037","9606.ENSP00000413572","TEX10","NLE1",9606,0.901,0,0,0,0.223,0.806,0,0.4
"9606.ENSP00000364037","9606.ENSP00000436786","TEX10","KMT2A",9606,0.904,0,0,0,0.072,0,0.9,0.057
"9606.ENSP00000364118","9606.ENSP00000374183","MSANTD2","CAMSAP1",9606,0.452,0,0,0,0.049,0,0,0.448
"9606.ENSP00000364118","9606.ENSP00000435189","MSANTD2","RAB30",9606,0.522,0,0,0,0,0,0,0.522
"9606.ENSP00000364150","9606.ENSP00000364398","GALNT12","HABP4",9606,0.418,0,0,0,0,0,0,0.419
"9606.ENSP00000364261","9606.ENSP00000387882","OTUD3","TC2N",9606,0.419,0,0,0,0,0,0,0.419
"9606.ENSP00000364261","9606.ENSP00000452697","OTUD3","SEC11A",9606,0.434,0.079,0,0,0.31,0,0,0.181
"9606.ENSP00000364298","9606.ENSP00000408910","FKBPL","DCTN2",9606,0.546,0,0,0,0,0.052,0,0.541
"9606.ENSP00000364398","9606.ENSP00000418001","HABP4","GK5",9606,0.465,0,0,0,0,0.07,0,0.448
"9606.ENSP00000364398","9606.ENSP00000456218","HABP4","EARS2",9606,0.509,0,0,0,0.087,0.485,0,0
"9606.ENSP00000364398","9606.ENSP00000369716","HABP4","CHD3",9606,0.82,0,0,0,0.056,0.46,0,0.676
"9606.ENSP00000364404","9606.ENSP00000384527","DCAF17","ZBTB40",9606,0.442,0,0,0,0.442,0,0,0
"9606.ENSP00000364404","9606.ENSP00000491507","DCAF17","RTTN",9606,0.451,0,0,0,0.451,0,0,0
"9606.ENSP00000364404","9606.ENSP00000394331","DCAF17","COMMD5",9606,0.499,0,0,0,0,0,0.5,0
"9606.ENSP00000364404","9606.ENSP00000464814","DCAF17","COASY",9606,0.769,0,0,0,0.049,0,0,0.767
"9606.ENSP00000364404","9606.ENSP00000415556","DCAF17","DCAF11",9606,0.902,0,0,0,0,0,0.9,0.068
"9606.ENSP00000364404","9606.ENSP00000371682","DCAF17","DCAF16",9606,0.908,0,0,0,0.121,0,0.9,0
"9606.ENSP00000364404","9606.ENSP00000364589","DCAF17","CUL4A",9606,0.946,0,0,0,0.06,0.292,0.9,0.292
"9606.ENSP00000364589","9606.ENSP00000375639","CUL4A","TFPT",9606,0.4,0,0,0,0,0,0.4,0
"9606.ENSP00000364589","9606.ENSP00000378857","CUL4A","WDR6",9606,0.441,0,0,0,0.06,0,0,0.43
"9606.ENSP00000364589","9606.ENSP00000394331","CUL4A","COMMD5",9606,0.504,0,0,0,0.049,0,0.5,0
"9606.ENSP00000364589","9606.ENSP00000366271","CUL4A","KDM2B",9606,0.526,0,0,0,0.067,0,0,0.513
"9606.ENSP00000364589","9606.ENSP00000478887","CUL4A","MYC",9606,0.619,0,0,0,0.049,0.346,0,0.436
"9606.ENSP00000364589","9606.ENSP00000498999","CUL4A","FBXW8",9606,0.717,0,0,0,0,0.359,0,0.577
"9606.ENSP00000364589","9606.ENSP00000371682","CUL4A","DCAF16",9606,0.965,0,0,0,0.06,0.619,0.9,0.157
"9606.ENSP00000364589","9606.ENSP00000415556","CUL4A","DCAF11",9606,0.999,0,0,0,0.044,0.873,0.9,0.938
"9606.ENSP00000364591","9606.ENSP00000494788","TSPYL2","CASK",9606,0.574,0,0,0,0.086,0.292,0,0.395
"9606.ENSP00000364649","9606.ENSP00000399805","SDHB","CRYZ",9606,0.403,0,0,0,0.106,0,0,0.36
"9606.ENSP00000364649","9606.ENSP00000444136","SDHB","POLR1B",9606,0.411,0,0,0,0.193,0,0,0.3
"9606.ENSP00000364649","9606.ENSP00000473990","SDHB","ALDH3B1",9606,0.431,0,0,0,0.123,0,0.287,0.164
"9606.ENSP00000364649","9606.ENSP00000446872","SDHB","GATC",9606,0.434,0,0,0,0.295,0.073,0,0.203
"9606.ENSP00000364649","9606.ENSP00000368688","SDHB","LYRM7",9606,0.46,0,0,0,0.056,0,0,0.451
"9606.ENSP00000364649","9606.ENSP00000392985","SDHB","HTATIP2",9606,0.496,0,0,0,0.403,0.069,0,0.166
"9606.ENSP00000364649","9606.ENSP00000437402","SDHB","ENO2",9606,0.516,0,0,0,0.206,0,0,0.415
"9606.ENSP00000364649","9606.ENSP00000478887","SDHB","MYC",9606,0.583,0,0,0,0,0.161,0,0.524
"9606.ENSP00000364649","9606.ENSP00000381185","SDHB","BCL2",9606,0.61,0,0,0,0,0,0,0.61
"9606.ENSP00000364649","9606.ENSP00000456019","SDHB","SQOR",9606,0.664,0,0,0,0.06,0,0.279,0.544
"9606.ENSP00000364649","9606.ENSP00000452762","SDHB","ETFA",9606,0.751,0.104,0,0,0.497,0,0,0.491
"9606.ENSP00000364649","9606.ENSP00000407336","SDHB","NDUFB3",9606,0.762,0,0,0,0.586,0,0,0.45
"9606.ENSP00000364649","9606.ENSP00000385080","SDHB","FAH",9606,0.83,0.1,0,0,0.117,0,0.8,0.057
"9606.ENSP00000364649","9606.ENSP00000369176","SDHB","NDUFB6",9606,0.859,0,0,0,0.689,0.247,0,0.445
"9606.ENSP00000364649","9606.ENSP00000419325","SDHB","SUCLG2",9606,0.993,0.115,0.003,0,0.644,0.066,0.965,0.48
"9606.ENSP00000364839","9606.ENSP00000478887","ASXL1","MYC",9606,0.418,0,0,0,0.05,0.152,0,0.336
"9606.ENSP00000364839","9606.ENSP00000448073","ASXL1","PRPF40B",9606,0.426,0,0,0,0,0.091,0,0.395
"9606.ENSP00000364839","9606.ENSP00000498499","ASXL1","CTC1",9606,0.428,0,0,0,0.086,0,0,0.4
"9606.ENSP00000364839","9606.ENSP00000369695","ASXL1","MLLT3",9606,0.447,0,0,0,0.045,0.081,0,0.42
"9606.ENSP00000364839","9606.ENSP00000436786","ASXL1","KMT2A",9606,0.649,0,0,0,0.143,0.071,0,0.594
"9606.ENSP00000364839","9606.ENSP00000497406","ASXL1","SETBP1",9606,0.88,0,0,0,0.042,0.071,0,0.876
"9606.ENSP00000364839","9606.ENSP00000437659","ASXL1","PHC1",9606,0.91,0,0,0,0.049,0.05,0.9,0.122
"9606.ENSP00000364902","9606.ENSP00000456218","POFUT1","EARS2",9606,0.461,0,0,0,0.462,0,0,0
"9606.ENSP00000364935","9606.ENSP00000372155","CLIC1","PSME1",9606,0.411,0,0,0,0.128,0,0,0.352
"9606.ENSP00000365227","9606.ENSP00000379873","AIF1","HLA-A",9606,0.405,0,0,0,0.084,0,0,0.378
"9606.ENSP00000365227","9606.ENSP00000385519","AIF1","CD14",9606,0.423,0,0,0,0.408,0,0,0.066
"9606.ENSP00000365227","9606.ENSP00000483570","AIF1","BTK",9606,0.431,0,0,0,0.342,0.099,0,0.116
"9606.ENSP00000365227","9606.ENSP00000437402","AIF1","ENO2",9606,0.432,0,0,0,0.086,0.114,0,0.355
"9606.ENSP00000365227","9606.ENSP00000494788","AIF1","CASK",9606,0.439,0,0,0,0,0.415,0,0.081
"9606.ENSP00000365227","9606.ENSP00000381185","AIF1","BCL2",9606,0.467,0,0,0,0.067,0,0,0.453
"9606.ENSP00000365227","9606.ENSP00000365380","AIF1","FOXP3",9606,0.523,0,0,0,0.059,0,0,0.514
"9606.ENSP00000365227","9606.ENSP00000472249","AIF1","GMFG",9606,0.523,0,0,0,0.523,0,0,0
"9606.ENSP00000365227","9606.ENSP00000379563","AIF1","TSPO",9606,0.681,0,0,0,0.072,0,0,0.67
"9606.ENSP00000365227","9606.ENSP00000435844","AIF1","MS4A6A",9606,0.731,0,0,0,0.506,0,0,0.478
"9606.ENSP00000365227","9606.ENSP00000497806","AIF1","DLG4",9606,0.798,0,0,0,0.049,0.106,0,0.782
"9606.ENSP00000365227","9606.ENSP00000365261","AIF1","LST1",9606,0.818,0,0,0,0.787,0,0,0.184
"9606.ENSP00000365261","9606.ENSP00000435844","LST1","MS4A6A",9606,0.43,0,0,0,0.43,0,0,0
"9606.ENSP00000365261","9606.ENSP00000472249","LST1","GMFG",9606,0.464,0,0,0,0.464,0,0,0
"9606.ENSP00000365261","9606.ENSP00000399168","LST1","HLA-B",9606,0.522,0,0,0,0.138,0,0,0.469
"9606.ENSP00000365380","9606.ENSP00000448665","FOXP3","DDIT3",9606,0.413,0,0,0,0.055,0,0,0.405
"9606.ENSP00000365380","9606.ENSP00000380150","FOXP3","CARD11",9606,0.416,0,0,0,0.073,0,0,0.396
"9606.ENSP00000365380","9606.ENSP00000438406","FOXP3","SLAMF1",9606,0.442,0,0,0,0.081,0,0,0.418
"9606.ENSP00000365380","9606.ENSP00000376436","FOXP3","ETS1",9606,0.451,0,0,0,0.056,0.095,0,0.409
"9606.ENSP00000365380","9606.ENSP00000367013","FOXP3","TNFRSF25",9606,0.455,0,0,0,0,0,0,0.455
"9606.ENSP00000365380","9606.ENSP00000365817","FOXP3","HLA-E",9606,0.474,0,0,0,0,0,0,0.474
"9606.ENSP00000365380","9606.ENSP00000470788","FOXP3","IL12RB1",9606,0.505,0,0,0,0.065,0.047,0,0.489
"9606.ENSP00000365380","9606.ENSP00000402758","FOXP3","PMEL",9606,0.507,0,0,0,0,0,0,0.507
"9606.ENSP00000365380","9606.ENSP00000478887","FOXP3","MYC",9606,0.53,0,0,0,0.086,0,0,0.507
"9606.ENSP00000365380","9606.ENSP00000365692","FOXP3","PIM2",9606,0.574,0,0,0,0.074,0,0,0.559
"9606.ENSP00000365380","9606.ENSP00000477713","FOXP3","LCK",9606,0.586,0,0,0,0.06,0.045,0,0.576
"9606.ENSP00000365380","9606.ENSP00000378856","FOXP3","LGALS9",9606,0.604,0,0,0,0.063,0,0,0.595
"9606.ENSP00000365380","9606.ENSP00000431445","FOXP3","CD3G",9606,0.629,0,0,0,0.093,0,0,0.608
"9606.ENSP00000365380","9606.ENSP00000398655","FOXP3","ITK",9606,0.647,0,0,0,0.108,0.045,0,0.619
"9606.ENSP00000365380","9606.ENSP00000379873","FOXP3","HLA-A",9606,0.679,0,0,0,0,0,0,0.679
"9606.ENSP00000365380","9606.ENSP00000399518","FOXP3","SATB1",9606,0.698,0,0,0,0,0.164,0,0.654
"9606.ENSP00000365380","9606.ENSP00000381185","FOXP3","BCL2",9606,0.729,0,0,0,0.049,0.061,0,0.721
"9606.ENSP00000365380","9606.ENSP00000498227","FOXP3","SELL",9606,0.862,0,0,0,0.114,0,0,0.85
"9606.ENSP00000365380","9606.ENSP00000379330","FOXP3","NFATC2",9606,0.995,0,0,0,0.06,0.947,0.5,0.843
"9606.ENSP00000365402","9606.ENSP00000386896","HLA-C","ITGA6",9606,0.449,0,0,0,0.059,0.425,0,0.064
"9606.ENSP00000365402","9606.ENSP00000462309","HLA-C","CD300LF",9606,0.57,0,0,0,0.085,0,0,0.549
"9606.ENSP00000365402","9606.ENSP00000404236","HLA-C","LILRA5",9606,0.579,0,0,0,0.094,0,0.5,0.145
"9606.ENSP00000365402","9606.ENSP00000431445","HLA-C","CD3G",9606,0.586,0,0,0,0.047,0,0.5,0.201
"9606.ENSP00000365402","9606.ENSP00000465685","HLA-C","AP1M2",9606,0.663,0,0,0,0,0.079,0.65,0
"9606.ENSP00000365402","9606.ENSP00000417404","HLA-C","HFE",9606,0.687,0,0,0.072,0.085,0.435,0,0.424
"9606.ENSP00000365402","9606.ENSP00000367013","HLA-C","TNFRSF25",9606,0.693,0,0,0,0.088,0,0,0.678
"9606.ENSP00000365402","9606.ENSP00000365817","HLA-C","HLA-E",9606,0.989,0,0,0.052,0.437,0.598,0.9,0.57
"9606.ENSP00000365402","9606.ENSP00000379873","HLA-C","HLA-A",9606,0.998,0,0,0.05,0.772,0.596,0.9,0.848
"9606.ENSP00000365402","9606.ENSP00000399168","HLA-C","HLA-B",9606,0.998,0,0,0.049,0.782,0.605,0.9,0.869
"9606.ENSP00000365407","9606.ENSP00000431202","ZNF549","ZNF345",9606,0.544,0,0,0.07,0.53,0,0,0
"9606.ENSP00000365530","9606.ENSP00000366863","STXBP4","TBC1D4",9606,0.403,0,0,0,0.049,0,0,0.398
"9606.ENSP00000365530","9606.ENSP00000390394","STXBP4","SLC4A7",9606,0.44,0,0,0,0.056,0,0,0.432
"9606.ENSP00000365530","9606.ENSP00000370671","STXBP4","KLHL42",9606,0.623,0,0,0,0.049,0.62,0,0
"9606.ENSP00000365596","9606.ENSP00000438406","GPR183","SLAMF1",9606,0.402,0,0,0,0.258,0,0,0.227
"9606.ENSP00000365596","9606.ENSP00000429633","GPR183","MYBL1",9606,0.492,0,0,0,0.044,0,0,0.491
"9606.ENSP00000365596","9606.ENSP00000409581","GPR183","ARRB1",9606,0.698,0,0,0,0.047,0,0,0.697
"9606.ENSP00000365606","9606.ENSP00000490940","GRIPAP1","ARHGEF9",9606,0.472,0,0,0,0.108,0,0,0.432
"9606.ENSP00000365643","9606.ENSP00000497733","DOCK9","CDC42",9606,0.977,0,0,0,0.098,0.716,0.5,0.841
"9606.ENSP00000365692","9606.ENSP00000381185","PIM2","BCL2",9606,0.465,0,0,0,0.097,0,0,0.432
"9606.ENSP00000365692","9606.ENSP00000478887","PIM2","MYC",9606,0.5,0,0,0,0.069,0.052,0,0.479
"9606.ENSP00000365692","9606.ENSP00000415436","PIM2","KANSL2",9606,0.616,0,0,0,0,0,0,0.616
"9606.ENSP00000365817","9606.ENSP00000386896","HLA-E","ITGA6",9606,0.402,0,0,0,0.057,0.379,0,0.061
"9606.ENSP00000365817","9606.ENSP00000498227","HLA-E","SELL",9606,0.424,0,0,0,0.142,0.052,0,0.349
"9606.ENSP00000365817","9606.ENSP00000378856","HLA-E","LGALS9",9606,0.475,0,0,0,0.2,0,0,0.371
"9606.ENSP00000365817","9606.ENSP00000428056","HLA-E","PIK3R1",9606,0.521,0,0,0,0.048,0,0.5,0.075
"9606.ENSP00000365817","9606.ENSP00000378845","HLA-E","LAT",9606,0.544,0,0,0,0.059,0,0.5,0.109
"9606.ENSP00000365817","9606.ENSP00000431445","HLA-E","CD3G",9606,0.569,0,0,0,0.067,0,0.5,0.151
"9606.ENSP00000365817","9606.ENSP00000404236","HLA-E","LILRA5",9606,0.581,0,0,0,0.108,0,0.5,0.136
"9606.ENSP00000365817","9606.ENSP00000483570","HLA-E","BTK",9606,0.586,0,0,0,0.118,0,0.5,0.137
"9606.ENSP00000365817","9606.ENSP00000477713","HLA-E","LCK",9606,0.607,0,0,0,0.094,0,0.5,0.203
"9606.ENSP00000365817","9606.ENSP00000462309","HLA-E","CD300LF",9606,0.618,0,0,0,0.108,0,0,0.589
"9606.ENSP00000365817","9606.ENSP00000465685","HLA-E","AP1M2",9606,0.65,0,0,0,0,0,0.65,0
"9606.ENSP00000365817","9606.ENSP00000417404","HLA-E","HFE",9606,0.747,0,0,0.073,0.08,0.691,0,0.155
"9606.ENSP00000365817","9606.ENSP00000379873","HLA-E","HLA-A",9606,0.989,0,0,0.051,0.783,0.217,0.9,0.46
"9606.ENSP00000365817","9606.ENSP00000399168","HLA-E","HLA-B",9606,0.994,0,0,0.052,0.782,0.471,0.9,0.575
"9606.ENSP00000366006","9606.ENSP00000406885","UBIAD1","TMEM41A",9606,0.455,0,0,0,0.138,0,0,0.393
"9606.ENSP00000366271","9606.ENSP00000478887","KDM2B","MYC",9606,0.415,0,0,0,0.042,0.128,0,0.356
"9606.ENSP00000366271","9606.ENSP00000436786","KDM2B","KMT2A",9606,0.59,0,0,0,0.139,0.137,0,0.492
"9606.ENSP00000366271","9606.ENSP00000437659","KDM2B","PHC1",9606,0.63,0,0,0,0.076,0.3,0,0.473
"9606.ENSP00000366271","9606.ENSP00000370710","KDM2B","KDM4C",9606,0.654,0,0,0,0,0.066,0,0.644
"9606.ENSP00000366654","9606.ENSP00000413572","CA6","NLE1",9606,0.411,0,0,0,0.363,0,0,0.114
"9606.ENSP00000366654","9606.ENSP00000392985","CA6","HTATIP2",9606,0.422,0,0,0,0.077,0,0,0.4
"9606.ENSP00000366757","9606.ENSP00000374447","LMO7","LRCH1",9606,0.408,0,0,0,0.064,0,0,0.394
"9606.ENSP00000366757","9606.ENSP00000367263","LMO7","AHNAK",9606,0.45,0,0,0,0.044,0.071,0,0.431
"9606.ENSP00000366757","9606.ENSP00000367193","LMO7","FBXO48",9606,0.458,0,0,0,0,0,0,0.458
"9606.ENSP00000366757","9606.ENSP00000428056","LMO7","PIK3R1",9606,0.526,0,0,0,0.042,0,0.5,0.09
"9606.ENSP00000366863","9606.ENSP00000409594","TBC1D4","ZFYVE27",9606,0.426,0,0,0,0,0,0,0.427
"9606.ENSP00000366863","9606.ENSP00000490119","TBC1D4","RALGAPA1",9606,0.492,0,0,0,0.067,0,0,0.478
"9606.ENSP00000366863","9606.ENSP00000368880","TBC1D4","FOXO1",9606,0.492,0,0,0,0.065,0,0,0.479
"9606.ENSP00000366863","9606.ENSP00000500582","TBC1D4","AKT3",9606,0.93,0,0,0,0.056,0,0.9,0.325
"9606.ENSP00000366897","9606.ENSP00000417303","KLF12","KLF8",9606,0.419,0,0,0.056,0.047,0,0,0.406
"9606.ENSP00000366897","9606.ENSP00000376436","KLF12","ETS1",9606,0.596,0,0,0,0.12,0.058,0,0.552
"9606.ENSP00000367013","9606.ENSP00000381185","TNFRSF25","BCL2",9606,0.672,0,0,0,0.079,0,0,0.658
"9606.ENSP00000367013","9606.ENSP00000379873","TNFRSF25","HLA-A",9606,0.818,0,0,0,0.089,0,0,0.809
"9606.ENSP00000367013","9606.ENSP00000399168","TNFRSF25","HLA-B",9606,0.832,0,0,0,0.095,0,0,0.822
"9606.ENSP00000367193","9606.ENSP00000401642","FBXO48","ZNF304",9606,0.409,0,0,0,0,0,0,0.409
"9606.ENSP00000367193","9606.ENSP00000487183","FBXO48","ZNF793",9606,0.5,0,0,0,0.067,0,0,0.486
"9606.ENSP00000367263","9606.ENSP00000477213","AHNAK","APBB1",9606,0.423,0,0,0,0.064,0.098,0,0.372
"9606.ENSP00000367263","9606.ENSP00000408695","AHNAK","PRKCA",9606,0.544,0,0,0,0.053,0,0,0.537
"9606.ENSP00000367263","9606.ENSP00000384515","AHNAK","PARVB",9606,0.677,0,0,0,0,0,0,0.677
"9606.ENSP00000367356","9606.ENSP00000367407","FAM171A1","NMT2",9606,0.491,0,0.053,0,0.393,0,0,0.187
"9606.ENSP00000367407","9606.ENSP00000382120","NMT2","AIFM3",9606,0.43,0,0,0,0,0.314,0,0.203
"9606.ENSP00000367721","9606.ENSP00000451291","NUP160","HNRNPC",9606,0.506,0,0,0,0.076,0,0.4,0.18
"9606.ENSP00000367721","9606.ENSP00000378295","NUP160","INCENP",9606,0.604,0,0,0,0.11,0,0.5,0.182
"9606.ENSP00000367721","9606.ENSP00000378687","NUP160","POM121",9606,0.939,0,0,0,0.062,0.665,0.5,0.657
"9606.ENSP00000367991","9606.ENSP00000397394","SEPTIN8","C19orf25",9606,0.402,0,0,0,0,0,0,0.402
"9606.ENSP00000367991","9606.ENSP00000379208","SEPTIN8","ZNF248",9606,0.428,0,0,0,0,0,0,0.428
"9606.ENSP00000367991","9606.ENSP00000422896","SEPTIN8","SEPTIN11",9606,0.953,0,0,0.051,0.044,0.84,0.54,0.405
"9606.ENSP00000368079","9606.ENSP00000419005","CYP4V2","UTP25",9606,0.408,0,0,0,0.055,0,0,0.4
"9606.ENSP00000368079","9606.ENSP00000446872","CYP4V2","GATC",9606,0.539,0,0,0,0,0.539,0,0
"9606.ENSP00000368688","9606.ENSP00000380747","LYRM7","TMEM209",9606,0.464,0,0,0,0.067,0,0,0.449
"9606.ENSP00000368688","9606.ENSP00000394560","LYRM7","MAPK9",9606,0.515,0,0,0,0.072,0.484,0,0.069
"9606.ENSP00000368824","9606.ENSP00000409581","CNKSR2","ARRB1",9606,0.4,0,0,0,0,0,0.4,0
"9606.ENSP00000368824","9606.ENSP00000496007","CNKSR2","SYNGAP1",9606,0.473,0,0,0,0.044,0.099,0,0.437
"9606.ENSP00000368824","9606.ENSP00000497806","CNKSR2","DLG4",9606,0.602,0,0,0,0.113,0.107,0,0.537
"9606.ENSP00000368856","9606.ENSP00000396749","NFX1","KANSL3",9606,0.506,0,0,0,0.459,0,0,0.125
"9606.ENSP00000368880","9606.ENSP00000408695","FOXO1","PRKCA",9606,0.421,0,0,0,0.084,0,0,0.393
"9606.ENSP00000368880","9606.ENSP00000393762","FOXO1","SESN1",9606,0.445,0,0,0,0.155,0,0,0.37
"9606.ENSP00000368880","9606.ENSP00000384851","FOXO1","ESRRA",9606,0.453,0,0,0,0,0.054,0,0.446
"9606.ENSP00000368880","9606.ENSP00000418823","FOXO1","FTO",9606,0.462,0,0,0,0,0,0,0.462
"9606.ENSP00000368880","9606.ENSP00000498227","FOXO1","SELL",9606,0.473,0,0,0,0.06,0.068,0,0.447
"9606.ENSP00000368880","9606.ENSP00000428056","FOXO1","PIK3R1",9606,0.55,0,0,0,0.102,0,0,0.519
"9606.ENSP00000368880","9606.ENSP00000399518","FOXO1","SATB1",9606,0.633,0,0,0,0.068,0.164,0,0.567
"9606.ENSP00000368880","9606.ENSP00000381185","FOXO1","BCL2",9606,0.7,0,0,0,0.058,0,0,0.694
"9606.ENSP00000368880","9606.ENSP00000478887","FOXO1","MYC",9606,0.774,0,0,0,0.102,0.047,0.4,0.612
"9606.ENSP00000368880","9606.ENSP00000428205","FOXO1","FBXO32",9606,0.917,0,0,0,0.067,0,0.5,0.836
"9606.ENSP00000368880","9606.ENSP00000394560","FOXO1","MAPK9",9606,0.936,0,0,0,0,0.099,0.9,0.352
"9606.ENSP00000368880","9606.ENSP00000500582","FOXO1","AKT3",9606,0.966,0,0,0,0,0.312,0.9,0.546
"9606.ENSP00000368880","9606.ENSP00000376436","FOXO1","ETS1",9606,0.978,0,0,0,0.086,0.882,0,0.812
"9606.ENSP00000369154","9606.ENSP00000427695","SMAD9","TOB1",9606,0.567,0,0,0,0,0.331,0,0.38
"9606.ENSP00000369176","9606.ENSP00000446872","NDUFB6","GATC",9606,0.588,0,0,0,0.403,0.311,0,0.079
"9606.ENSP00000369176","9606.ENSP00000392985","NDUFB6","HTATIP2",9606,0.641,0,0,0,0.357,0.314,0.253,0
"9606.ENSP00000369176","9606.ENSP00000407336","NDUFB6","NDUFB3",9606,0.999,0,0,0,0.906,0.94,0.967,0.739
"9606.ENSP00000369538","9606.ENSP00000389631","GDI2","ARPC1B",9606,0.404,0,0,0,0.383,0,0,0.073
"9606.ENSP00000369538","9606.ENSP00000381213","GDI2","HPS4",9606,0.419,0,0,0,0,0,0.4,0.072
"9606.ENSP00000369538","9606.ENSP00000413156","GDI2","RAB34",9606,0.46,0,0,0,0.064,0.314,0,0.225
"9606.ENSP00000369538","9606.ENSP00000480332","GDI2","TRAPPC3",9606,0.467,0,0,0,0.107,0,0.4,0.086
"9606.ENSP00000369538","9606.ENSP00000446576","GDI2","ATXN2",9606,0.488,0,0,0,0.049,0.094,0,0.454
"9606.ENSP00000369538","9606.ENSP00000497733","GDI2","CDC42",9606,0.489,0,0,0,0.258,0.158,0,0.248
"9606.ENSP00000369695","9606.ENSP00000477713","MLLT3","LCK",9606,0.472,0,0,0,0.067,0.052,0,0.451
"9606.ENSP00000369695","9606.ENSP00000370114","MLLT3","PSIP1",9606,0.53,0,0,0,0.063,0,0,0.519
"9606.ENSP00000369695","9606.ENSP00000396749","MLLT3","KANSL3",9606,0.54,0,0,0,0,0,0.54,0.042
"9606.ENSP00000369695","9606.ENSP00000415436","MLLT3","KANSL2",9606,0.573,0,0,0,0,0,0.54,0.109
"9606.ENSP00000369695","9606.ENSP00000478887","MLLT3","MYC",9606,0.621,0,0,0,0.054,0.292,0,0.48
"9606.ENSP00000369695","9606.ENSP00000386488","MLLT3","ZC3H8",9606,0.905,0,0,0,0.059,0,0.9,0.08
"9606.ENSP00000369695","9606.ENSP00000386834","MLLT3","AFF3",9606,0.964,0,0,0,0.06,0.546,0.54,0.841
"9606.ENSP00000369695","9606.ENSP00000436786","MLLT3","KMT2A",9606,0.982,0,0,0,0.045,0.524,0,0.963
"9606.ENSP00000369716","9606.ENSP00000498934","CHD3","GPRASP1",9606,0.412,0,0,0,0.109,0.099,0,0.326
"9606.ENSP00000369716","9606.ENSP00000399518","CHD3","SATB1",9606,0.441,0,0,0,0.056,0.294,0,0.228
"9606.ENSP00000369716","9606.ENSP00000421863","CHD3","ZNF827",9606,0.456,0,0,0,0.069,0.337,0,0.189
"9606.ENSP00000369716","9606.ENSP00000490767","CHD3","ING5",9606,0.476,0,0,0,0.072,0.112,0.4,0.065
"9606.ENSP00000369716","9606.ENSP00000396052","CHD3","BRMS1",9606,0.542,0,0,0,0,0.073,0.5,0.091
"9606.ENSP00000369716","9606.ENSP00000437659","CHD3","PHC1",9606,0.589,0,0,0,0.069,0.111,0.5,0.124
"9606.ENSP00000369716","9606.ENSP00000410042","CHD3","BRD1",9606,0.619,0,0,0,0.062,0.313,0.4,0.13
"9606.ENSP00000369716","9606.ENSP00000394791","CHD3","SENP1",9606,0.634,0,0,0,0.042,0.323,0,0.481
"9606.ENSP00000369716","9606.ENSP00000481842","CHD3","SAP18",9606,0.751,0,0,0,0.048,0.292,0.5,0.348
"9606.ENSP00000369716","9606.ENSP00000385823","CHD3","MTA3",9606,0.998,0,0,0,0.076,0.818,0.72,0.97
"9606.ENSP00000369989","9606.ENSP00000396937","KATNAL1","PSMD13",9606,0.548,0,0,0,0.112,0.439,0,0.166
"9606.ENSP00000370010","9606.ENSP00000483570","TMSB4X","BTK",9606,0.42,0,0,0,0.066,0,0,0.405
"9606.ENSP00000370010","9606.ENSP00000384515","TMSB4X","PARVB",9606,0.467,0,0,0,0.047,0,0,0.464
"9606.ENSP00000370114","9606.ENSP00000370710","PSIP1","KDM4C",9606,0.462,0,0,0,0.063,0,0,0.45
"9606.ENSP00000370114","9606.ENSP00000451291","PSIP1","HNRNPC",9606,0.525,0,0,0,0.075,0.071,0,0.492
"9606.ENSP00000370114","9606.ENSP00000478887","PSIP1","MYC",9606,0.525,0,0,0,0.044,0.161,0,0.456
"9606.ENSP00000370114","9606.ENSP00000497406","PSIP1","SETBP1",9606,0.65,0,0,0,0.044,0.141,0,0.608
"9606.ENSP00000370114","9606.ENSP00000436786","PSIP1","KMT2A",9606,0.988,0,0,0,0.054,0.968,0,0.629
"9606.ENSP00000370115","9606.ENSP00000381185","SERPINB1","BCL2",9606,0.444,0,0,0,0,0,0,0.444
"9606.ENSP00000370128","9606.ENSP00000377845","SLC7A1","ASNS",9606,0.507,0,0,0,0.196,0,0,0.412
"9606.ENSP00000370128","9606.ENSP00000455064","SLC7A1","SLC7A6",9606,0.565,0,0,0.229,0.062,0.088,0,0.418
"9606.ENSP00000370128","9606.ENSP00000449756","SLC7A1","SLC38A1",9606,0.566,0,0,0,0.099,0.045,0,0.536
"9606.ENSP00000370128","9606.ENSP00000384851","SLC7A1","ESRRA",9606,0.847,0,0,0,0,0,0,0.847
"9606.ENSP00000370222","9606.ENSP00000417748","POMP","DDI2",9606,0.41,0,0,0,0.047,0,0,0.407
"9606.ENSP00000370222","9606.ENSP00000372155","POMP","PSME1",9606,0.527,0,0,0,0.147,0.071,0,0.451
"9606.ENSP00000370222","9606.ENSP00000396937","POMP","PSMD13",9606,0.559,0,0,0,0.05,0,0,0.555
"9606.ENSP00000370671","9606.ENSP00000492240","KLHL42","KCTD7",9606,0.411,0,0,0,0.06,0,0.4,0
"9606.ENSP00000370671","9606.ENSP00000409581","KLHL42","ARRB1",9606,0.423,0,0,0,0.06,0,0,0.411
"9606.ENSP00000370671","9606.ENSP00000371133","KLHL42","HMG20A",9606,0.478,0,0,0,0.049,0,0,0.474
"9606.ENSP00000370671","9606.ENSP00000394331","KLHL42","COMMD5",9606,0.504,0,0,0,0.049,0,0.5,0
"9606.ENSP00000370671","9606.ENSP00000497351","KLHL42","GAN",9606,0.922,0,0,0.132,0.049,0.062,0.9,0.151
"9606.ENSP00000370966","9606.ENSP00000399805","CRYZL1","CRYZ",9606,0.486,0,0,0.155,0.057,0,0,0.407
"9606.ENSP00000370966","9606.ENSP00000372199","CRYZL1","URB1",9606,0.554,0,0,0,0.047,0,0,0.551
"9606.ENSP00000371070","9606.ENSP00000415556","ATP8A2","DCAF11",9606,0.432,0,0,0,0.05,0.07,0,0.408
"9606.ENSP00000371070","9606.ENSP00000500034","ATP8A2","ATP8B2",9606,0.597,0,0,0.058,0.042,0,0.54,0.143
"9606.ENSP00000371070","9606.ENSP00000450480","ATP8A2","ATP10A",9606,0.628,0,0,0,0.066,0,0.54,0.204
"9606.ENSP00000371070","9606.ENSP00000450842","ATP8A2","TMEM30B",9606,0.893,0,0,0,0.067,0.408,0.54,0.631
"9606.ENSP00000371133","9606.ENSP00000436786","HMG20A","KMT2A",9606,0.412,0,0,0,0.064,0.071,0,0.378
"9606.ENSP00000371133","9606.ENSP00000378235","HMG20A","SFMBT1",9606,0.751,0,0,0,0.046,0.711,0,0.17
"9606.ENSP00000371219","9606.ENSP00000390394","RHOH","SLC4A7",9606,0.547,0,0,0,0.048,0.125,0.5,0
"9606.ENSP00000371219","9606.ENSP00000490119","RHOH","RALGAPA1",9606,0.586,0,0,0,0,0.195,0.5,0.054
"9606.ENSP00000371219","9606.ENSP00000478887","RHOH","MYC",9606,0.614,0,0,0,0.065,0.045,0,0.603
"9606.ENSP00000371219","9606.ENSP00000398655","RHOH","ITK",9606,0.648,0,0,0,0.277,0.11,0,0.496
"9606.ENSP00000371219","9606.ENSP00000477713","RHOH","LCK",9606,0.932,0,0,0,0.333,0.342,0.5,0.729
"9606.ENSP00000371291","9606.ENSP00000393379","SNPH","KIF5C",9606,0.495,0,0,0,0.145,0,0,0.433
"9606.ENSP00000371336","9606.ENSP00000464359","TNNI2","MYL12A",9606,0.457,0,0,0,0.142,0.189,0,0.283
"9606.ENSP00000371336","9606.ENSP00000463559","TNNI2","MYL12B",9606,0.461,0,0,0,0.142,0.189,0,0.287
"9606.ENSP00000371336","9606.ENSP00000384851","TNNI2","ESRRA",9606,0.622,0,0,0,0.089,0.522,0,0.201
"9606.ENSP00000371336","9606.ENSP00000440045","TNNI2","ATP2A2",9606,0.641,0,0,0,0.401,0.095,0,0.392
"9606.ENSP00000371341","9606.ENSP00000494277","TNK2","PATJ",9606,0.455,0,0,0,0.092,0,0,0.424
"9606.ENSP00000371341","9606.ENSP00000482604","TNK2","HSH2D",9606,0.862,0,0,0,0.057,0.422,0,0.768
"9606.ENSP00000371341","9606.ENSP00000497733","TNK2","CDC42",9606,0.999,0,0,0,0,0.986,0,0.984
"9606.ENSP00000371682","9606.ENSP00000381213","DCAF16","HPS4",9606,0.418,0,0,0,0.419,0,0,0
"9606.ENSP00000371682","9606.ENSP00000394331","DCAF16","COMMD5",9606,0.499,0,0,0,0,0,0.5,0
"9606.ENSP00000371682","9606.ENSP00000415556","DCAF16","DCAF11",9606,0.9,0,0,0,0,0,0.9,0
"9606.ENSP00000371729","9606.ENSP00000497351","SACS","GAN",9606,0.418,0,0,0,0.042,0.049,0,0.413
"9606.ENSP00000371729","9606.ENSP00000378295","SACS","INCENP",9606,0.427,0,0,0,0.147,0.322,0,0.09
"9606.ENSP00000372155","9606.ENSP00000379873","PSME1","HLA-A",9606,0.437,0,0,0,0.277,0,0,0.252
"9606.ENSP00000372155","9606.ENSP00000396937","PSME1","PSMD13",9606,0.737,0,0,0,0.06,0.427,0.36,0.327
"9606.ENSP00000372199","9606.ENSP00000419740","URB1","NSUN4",9606,0.425,0,0,0,0.283,0.231,0,0
"9606.ENSP00000372199","9606.ENSP00000490767","URB1","ING5",9606,0.457,0,0,0,0.234,0.249,0,0.131
"9606.ENSP00000372199","9606.ENSP00000430000","URB1","ATXN7L3B",9606,0.472,0,0,0,0,0,0,0.472
"9606.ENSP00000372199","9606.ENSP00000456218","URB1","EARS2",9606,0.48,0,0,0,0.48,0,0,0
"9606.ENSP00000372199","9606.ENSP00000378687","URB1","POM121",9606,0.495,0,0,0,0.094,0,0,0.465
"9606.ENSP00000372199","9606.ENSP00000413572","URB1","NLE1",9606,0.538,0,0,0,0.492,0,0,0.127
"9606.ENSP00000372199","9606.ENSP00000442053","URB1","RBM19",9606,0.664,0,0,0,0.655,0,0,0.066
"9606.ENSP00000372199","9606.ENSP00000444136","URB1","POLR1B",9606,0.828,0,0,0,0.738,0,0,0.373
"9606.ENSP00000372459","9606.ENSP00000374447","CTIF","LRCH1",9606,0.446,0,0,0,0,0,0,0.446
"9606.ENSP00000373808","9606.ENSP00000394791","FAM169A","SENP1",9606,0.404,0,0,0,0.044,0.045,0.4,0
"9606.ENSP00000373808","9606.ENSP00000390394","FAM169A","SLC4A7",9606,0.478,0,0,0,0.056,0,0.4,0.152
"9606.ENSP00000374447","9606.ENSP00000386896","LRCH1","ITGA6",9606,0.438,0,0,0,0.048,0.05,0,0.429
"9606.ENSP00000374447","9606.ENSP00000497733","LRCH1","CDC42",9606,0.481,0,0,0,0.044,0.181,0,0.39
"9606.ENSP00000374447","9606.ENSP00000499797","LRCH1","CALM2",9606,0.592,0,0,0,0,0.104,0,0.563
"9606.ENSP00000374507","9606.ENSP00000385923","CCDC88C","NUCB1",9606,0.417,0,0,0,0.044,0,0,0.415
"9606.ENSP00000375639","9606.ENSP00000376436","TFPT","ETS1",9606,0.425,0,0,0,0.044,0,0,0.424
"9606.ENSP00000375639","9606.ENSP00000466542","TFPT","TLE2",9606,0.566,0,0,0,0.057,0,0,0.559
"9606.ENSP00000375795","9606.ENSP00000381185","IL24","BCL2",9606,0.444,0,0,0,0.083,0,0,0.419
"9606.ENSP00000375795","9606.ENSP00000450565","IL24","IL11RA",9606,0.688,0,0,0,0,0,0.65,0.147
"9606.ENSP00000375795","9606.ENSP00000470788","IL24","IL12RB1",9606,0.709,0,0,0,0.042,0,0.65,0.204
"9606.ENSP00000375859","9606.ENSP00000431548","TMEM91","TMEM25",9606,0.529,0,0,0,0,0,0,0.529
"9606.ENSP00000375873","9606.ENSP00000497351","ATG16L1","GAN",9606,0.479,0,0,0,0.066,0.329,0,0.235
"9606.ENSP00000375873","9606.ENSP00000381185","ATG16L1","BCL2",9606,0.52,0,0,0,0.087,0,0,0.496
"9606.ENSP00000375873","9606.ENSP00000491504","ATG16L1","ATG9B",9606,0.675,0,0,0,0.042,0.12,0,0.646
"9606.ENSP00000375986","9606.ENSP00000448665","MAP3K4","DDIT3",9606,0.566,0,0,0,0.057,0,0,0.559
"9606.ENSP00000375986","9606.ENSP00000498702","MAP3K4","GPR68",9606,0.761,0,0,0,0,0.045,0,0.761
"9606.ENSP00000375986","9606.ENSP00000497733","MAP3K4","CDC42",9606,0.956,0,0,0,0.042,0.603,0,0.895
"9606.ENSP00000376071","9606.ENSP00000386520","FAM117B","RAD54L2",9606,0.546,0,0,0,0,0,0,0.546
"9606.ENSP00000376141","9606.ENSP00000484175","MFSD6","MFSD1",9606,0.432,0,0,0,0.062,0,0,0.419
"9606.ENSP00000376184","9606.ENSP00000464814","BDH1","COASY",9606,0.45,0,0,0,0.049,0,0,0.446
"9606.ENSP00000376184","9606.ENSP00000441065","BDH1","SLC16A1",9606,0.454,0,0,0,0.054,0,0,0.447
"9606.ENSP00000376436","9606.ENSP00000398655","ETS1","ITK",9606,0.412,0,0,0,0.263,0.052,0,0.226
"9606.ENSP00000376436","9606.ENSP00000477713","ETS1","LCK",9606,0.438,0,0,0,0.168,0.052,0,0.344
"9606.ENSP00000376436","9606.ENSP00000428056","ETS1","PIK3R1",9606,0.508,0,0,0,0.064,0,0,0.496
"9606.ENSP00000376436","9606.ENSP00000379144","ETS1","TNRC6A",9606,0.52,0,0,0,0,0,0.5,0.081
"9606.ENSP00000376436","9606.ENSP00000379330","ETS1","NFATC2",9606,0.603,0,0,0,0.147,0,0,0.554
"9606.ENSP00000376436","9606.ENSP00000478887","ETS1","MYC",9606,0.613,0,0,0,0.108,0.052,0,0.58
"9606.ENSP00000376436","9606.ENSP00000381185","ETS1","BCL2",9606,0.665,0,0,0,0.127,0,0,0.632
"9606.ENSP00000376436","9606.ENSP00000431445","ETS1","CD3G",9606,0.675,0,0,0,0.126,0,0,0.644
"9606.ENSP00000376443","9606.ENSP00000478255","ABCA5","ABCB1",9606,0.419,0,0,0,0.086,0.1,0,0.35
"9606.ENSP00000376652","9606.ENSP00000389631","EVL","ARPC1B",9606,0.408,0,0,0,0.068,0,0,0.39
"9606.ENSP00000376652","9606.ENSP00000490940","EVL","ARHGEF9",9606,0.429,0,0,0,0.049,0,0,0.424
"9606.ENSP00000376652","9606.ENSP00000477213","EVL","APBB1",9606,0.501,0,0,0,0.049,0.393,0,0.205
"9606.ENSP00000376865","9606.ENSP00000408910","PDGFD","DCTN2",9606,0.455,0,0,0,0,0.455,0,0
"9606.ENSP00000377061","9606.ENSP00000497351","PLXNA1","GAN",9606,0.402,0,0,0,0.042,0.292,0,0.189
"9606.ENSP00000377061","9606.ENSP00000390394","PLXNA1","SLC4A7",9606,0.419,0,0,0,0.072,0,0.4,0
"9606.ENSP00000377061","9606.ENSP00000416015","PLXNA1","MICAL3",9606,0.419,0,0,0,0.067,0.158,0,0.32
"9606.ENSP00000377061","9606.ENSP00000497733","PLXNA1","CDC42",9606,0.429,0,0,0,0.076,0.226,0,0.265
"9606.ENSP00000377303","9606.ENSP00000497280","RENBP","AGK",9606,0.528,0,0,0,0,0,0,0.528
"9606.ENSP00000377303","9606.ENSP00000477639","RENBP","NAGK",9606,0.95,0,0,0,0.067,0,0.9,0.512
"9606.ENSP00000377416","9606.ENSP00000444136","SIDT1","POLR1B",9606,0.42,0,0,0,0.055,0.34,0,0.146
"9606.ENSP00000377416","9606.ENSP00000386616","SIDT1","ZC3H12D",9606,0.506,0,0,0,0.099,0,0,0.475
"9606.ENSP00000377428","9606.ENSP00000377735","CFAP44","CLDND1",9606,0.445,0,0,0,0,0,0,0.445
"9606.ENSP00000377681","9606.ENSP00000448665","G3BP1","DDIT3",9606,0.414,0,0,0,0,0.322,0,0.172
"9606.ENSP00000377681","9606.ENSP00000379144","G3BP1","TNRC6A",9606,0.474,0,0,0,0.042,0,0,0.474
"9606.ENSP00000377681","9606.ENSP00000385610","G3BP1","MEX3C",9606,0.492,0,0,0,0.075,0.292,0,0.287
"9606.ENSP00000377681","9606.ENSP00000496007","G3BP1","SYNGAP1",9606,0.524,0,0,0,0,0,0,0.524
"9606.ENSP00000377681","9606.ENSP00000451291","G3BP1","HNRNPC",9606,0.667,0,0,0,0.209,0.132,0,0.554
"9606.ENSP00000377681","9606.ENSP00000478887","G3BP1","MYC",9606,0.768,0,0,0,0.098,0.174,0,0.714
"9606.ENSP00000377681","9606.ENSP00000446576","G3BP1","ATXN2",9606,0.948,0,0,0,0.105,0.672,0,0.837
"9606.ENSP00000377703","9606.ENSP00000477713","DGKA","LCK",9606,0.451,0,0,0,0.185,0,0,0.354
"9606.ENSP00000377703","9606.ENSP00000409581","DGKA","ARRB1",9606,0.455,0,0,0,0.042,0,0,0.455
"9606.ENSP00000377735","9606.ENSP00000397312","CLDND1","LRRN3",9606,0.507,0,0,0,0.042,0,0,0.507
"9606.ENSP00000377845","9606.ENSP00000382595","ASNS","PAICS",9606,0.411,0.053,0,0,0.145,0.183,0,0.214
"9606.ENSP00000377845","9606.ENSP00000478887","ASNS","MYC",9606,0.423,0,0,0,0.067,0.124,0,0.351
"9606.ENSP00000377845","9606.ENSP00000448665","ASNS","DDIT3",9606,0.497,0,0,0,0.127,0,0,0.447
"9606.ENSP00000378056","9606.ENSP00000497230","PDE8A","ENOSF1",9606,0.43,0,0,0,0.081,0,0,0.406
"9606.ENSP00000378056","9606.ENSP00000478212","PDE8A","AKAP1",9606,0.495,0,0,0,0.074,0,0,0.477
"9606.ENSP00000378167","9606.ENSP00000382342","CCDC66","ABCC1",9606,0.416,0,0,0,0,0,0,0.416
"9606.ENSP00000378235","9606.ENSP00000437659","SFMBT1","PHC1",9606,0.425,0,0,0,0.043,0.193,0,0.316
"9606.ENSP00000378235","9606.ENSP00000402107","SFMBT1","L3MBTL1",9606,0.529,0,0,0,0.049,0.046,0,0.523
"9606.ENSP00000378295","9606.ENSP00000378687","INCENP","POM121",9606,0.457,0,0,0,0.111,0,0.4,0.064
"9606.ENSP00000378295","9606.ENSP00000482546","INCENP","REC8",9606,0.491,0,0,0,0.14,0,0,0.432
"9606.ENSP00000378295","9606.ENSP00000433681","INCENP","NCAPD3",9606,0.54,0,0,0,0.418,0,0,0.242
"9606.ENSP00000378295","9606.ENSP00000478887","INCENP","MYC",9606,0.579,0,0,0,0.084,0.124,0,0.518
"9606.ENSP00000378394","9606.ENSP00000479664","PSAP","AOAH",9606,0.461,0,0,0,0.107,0,0,0.421
"9606.ENSP00000378394","9606.ENSP00000451206","PSAP","NPC2",9606,0.667,0,0,0,0.343,0,0,0.514
"9606.ENSP00000378687","9606.ENSP00000451291","POM121","HNRNPC",9606,0.45,0,0,0,0,0.089,0.4,0.076
"9606.ENSP00000378845","9606.ENSP00000379330","LAT","NFATC2",9606,0.518,0,0,0,0.058,0,0,0.51
"9606.ENSP00000378845","9606.ENSP00000483570","LAT","BTK",9606,0.69,0,0,0,0.087,0.045,0.5,0.374
"9606.ENSP00000378845","9606.ENSP00000424846","LAT","SH3BP2",9606,0.77,0,0,0,0,0.656,0,0.358
"9606.ENSP00000378845","9606.ENSP00000431445","LAT","CD3G",9606,0.809,0,0,0,0.409,0.095,0.5,0.373
"9606.ENSP00000378845","9606.ENSP00000428056","LAT","PIK3R1",9606,0.822,0,0,0,0.042,0.626,0.5,0.125
"9606.ENSP00000378845","9606.ENSP00000400892","LAT","TESPA1",9606,0.857,0,0,0,0.136,0,0.72,0.456
"9606.ENSP00000378845","9606.ENSP00000487358","LAT","THEMIS",9606,0.909,0,0,0,0.196,0.546,0.72,0.22
"9606.ENSP00000378845","9606.ENSP00000398655","LAT","ITK",9606,0.948,0,0,0,0.353,0.512,0.5,0.713
"9606.ENSP00000378845","9606.ENSP00000477713","LAT","LCK",9606,0.986,0,0,0,0.393,0.516,0.7,0.866
"9606.ENSP00000378856","9606.ENSP00000498227","LGALS9","SELL",9606,0.426,0,0,0,0.187,0.045,0,0.321
"9606.ENSP00000378856","9606.ENSP00000399168","LGALS9","HLA-B",9606,0.434,0,0,0,0.198,0,0,0.323
"9606.ENSP00000378856","9606.ENSP00000390394","LGALS9","SLC4A7",9606,0.436,0,0,0,0,0.42,0,0.068
"9606.ENSP00000378856","9606.ENSP00000398655","LGALS9","ITK",9606,0.68,0,0,0,0.093,0,0,0.661
"9606.ENSP00000378857","9606.ENSP00000413572","WDR6","NLE1",9606,0.449,0,0,0,0.449,0,0,0
"9606.ENSP00000378857","9606.ENSP00000385610","WDR6","MEX3C",9606,0.51,0,0,0,0,0.51,0,0
"9606.ENSP00000378857","9606.ENSP00000444136","WDR6","POLR1B",9606,0.539,0,0,0,0.539,0,0,0
"9606.ENSP00000378935","9606.ENSP00000380763","PPHLN1","MORC2",9606,0.529,0,0,0,0.049,0,0,0.526
"9606.ENSP00000379144","9606.ENSP00000495413","TNRC6A","TRIM66",9606,0.433,0,0,0,0.061,0.421,0,0
"9606.ENSP00000379144","9606.ENSP00000481859","TNRC6A","PAN2",9606,0.442,0,0,0,0.049,0.292,0,0.238
"9606.ENSP00000379144","9606.ENSP00000420616","TNRC6A","TFDP2",9606,0.5,0,0,0,0.042,0,0.5,0
"9606.ENSP00000379144","9606.ENSP00000437659","TNRC6A","PHC1",9606,0.523,0,0,0,0.085,0,0.5,0
"9606.ENSP00000379144","9606.ENSP00000451129","TNRC6A","SNW1",9606,0.524,0,0,0,0.049,0,0.5,0.081
"9606.ENSP00000379144","9606.ENSP00000436786","TNRC6A","KMT2A",9606,0.528,0,0,0,0.245,0,0.4,0
"9606.ENSP00000379144","9606.ENSP00000478887","TNRC6A","MYC",9606,0.592,0,0,0,0,0,0.4,0.348
"9606.ENSP00000379156","9606.ENSP00000493946","MPRIP","RPGRIP1L",9606,0.473,0,0,0,0,0.45,0,0.081
"9606.ENSP00000379156","9606.ENSP00000497280","MPRIP","AGK",9606,0.5,0,0,0,0.042,0,0.5,0
"9606.ENSP00000379156","9606.ENSP00000488642","MPRIP","TENT4A",9606,0.507,0,0,0,0.056,0,0.5,0
"9606.ENSP00000379256","9606.ENSP00000494788","NCALD","CASK",9606,0.447,0,0,0,0.047,0.415,0,0.088
"9606.ENSP00000379256","9606.ENSP00000465685","NCALD","AP1M2",9606,0.59,0,0,0,0.053,0.111,0.54,0.067
"9606.ENSP00000379256","9606.ENSP00000497806","NCALD","DLG4",9606,0.827,0,0,0,0.087,0.106,0.8,0.068
"9606.ENSP00000379256","9606.ENSP00000470176","NCALD","AP2S1",9606,0.903,0,0,0,0.055,0,0.9,0.063
"9606.ENSP00000379330","9606.ENSP00000478887","NFATC2","MYC",9606,0.4,0,0,0,0.042,0,0,0.4
"9606.ENSP00000379330","9606.ENSP00000477713","NFATC2","LCK",9606,0.447,0,0,0,0.126,0,0,0.393
"9606.ENSP00000379330","9606.ENSP00000399518","NFATC2","SATB1",9606,0.586,0,0,0,0.042,0.166,0,0.524
"9606.ENSP00000379330","9606.ENSP00000394560","NFATC2","MAPK9",9606,0.66,0,0,0,0,0.608,0,0.167
"9606.ENSP00000379464","9606.ENSP00000401642","ZNF134","ZNF304",9606,0.406,0,0,0.069,0.379,0,0,0.055
"9606.ENSP00000379464","9606.ENSP00000410943","ZNF134","TSPYL4",9606,0.498,0,0,0,0.064,0.054,0,0.479
"9606.ENSP00000379464","9606.ENSP00000472867","ZNF134","ZIK1",9606,0.499,0,0,0.061,0.478,0,0,0.06
"9606.ENSP00000379563","9606.ENSP00000380150","TSPO","CARD11",9606,0.409,0,0,0,0,0,0,0.409
"9606.ENSP00000379563","9606.ENSP00000478212","TSPO","AKAP1",9606,0.472,0,0,0,0,0,0,0.472
"9606.ENSP00000379563","9606.ENSP00000478187","TSPO","CRY2",9606,0.476,0.111,0,0,0.307,0,0,0.219
"9606.ENSP00000379563","9606.ENSP00000381185","TSPO","BCL2",9606,0.736,0,0,0,0.051,0,0,0.734
"9606.ENSP00000379691","9606.ENSP00000396976","PDXDC1","BAHD1",9606,0.44,0,0,0,0,0,0,0.44
"9606.ENSP00000379823","9606.ENSP00000386896","COL4A3","ITGA6",9606,0.727,0,0,0,0,0,0.65,0.252
"9606.ENSP00000379873","9606.ENSP00000478887","HLA-A","MYC",9606,0.416,0,0,0,0.055,0.161,0,0.323
"9606.ENSP00000379873","9606.ENSP00000498227","HLA-A","SELL",9606,0.486,0,0,0,0.1,0.052,0,0.446
"9606.ENSP00000379873","9606.ENSP00000419485","HLA-A","GCSAM",9606,0.504,0,0,0,0.06,0,0,0.494
"9606.ENSP00000379873","9606.ENSP00000404236","HLA-A","LILRA5",9606,0.592,0,0,0,0.105,0,0.5,0.161
"9606.ENSP00000379873","9606.ENSP00000465685","HLA-A","AP1M2",9606,0.654,0,0,0,0,0,0.65,0.053
"9606.ENSP00000379873","9606.ENSP00000402758","HLA-A","PMEL",9606,0.883,0,0,0,0.042,0,0,0.883
"9606.ENSP00000379873","9606.ENSP00000431445","HLA-A","CD3G",9606,0.919,0,0,0,0.056,0.8,0.5,0.249
"9606.ENSP00000379873","9606.ENSP00000399168","HLA-A","HLA-B",9606,0.999,0,0,0.049,0.999,0.316,0.9,0.823
"9606.ENSP00000379895","9606.ENSP00000430269","GATM","EPHX2",9606,0.461,0,0,0,0.088,0.088,0,0.404
"9606.ENSP00000380150","9606.ENSP00000478887","CARD11","MYC",9606,0.434,0,0,0,0.042,0,0,0.434
"9606.ENSP00000380150","9606.ENSP00000381185","CARD11","BCL2",9606,0.495,0,0,0,0.078,0,0,0.474
"9606.ENSP00000380150","9606.ENSP00000477713","CARD11","LCK",9606,0.581,0,0,0,0.235,0.09,0,0.447
"9606.ENSP00000380150","9606.ENSP00000398655","CARD11","ITK",9606,0.698,0,0,0,0.152,0.09,0,0.64
"9606.ENSP00000380150","9606.ENSP00000483570","CARD11","BTK",9606,0.798,0,0,0,0.142,0.09,0,0.763
"9606.ENSP00000380352","9606.ENSP00000409594","DDHD2","ZFYVE27",9606,0.429,0,0,0,0.049,0,0,0.424
"9606.ENSP00000380353","9606.ENSP00000494831","SFMBT2","SNRPN",9606,0.426,0,0,0,0,0,0,0.426
"9606.ENSP00000380353","9606.ENSP00000437659","SFMBT2","PHC1",9606,0.528,0,0,0,0,0.528,0,0
"9606.ENSP00000380638","9606.ENSP00000428056","PTK2B","PIK3R1",9606,0.428,0,0,0,0.072,0.292,0,0.2
"9606.ENSP00000380638","9606.ENSP00000408695","PTK2B","PRKCA",9606,0.479,0,0,0,0.056,0,0,0.471
"9606.ENSP00000380638","9606.ENSP00000494277","PTK2B","PATJ",9606,0.535,0,0,0,0,0,0,0.535
"9606.ENSP00000380638","9606.ENSP00000435844","PTK2B","MS4A6A",9606,0.594,0,0,0,0.062,0,0,0.585
"9606.ENSP00000380638","9606.ENSP00000497733","PTK2B","CDC42",9606,0.681,0,0,0,0.075,0,0,0.669
"9606.ENSP00000380638","9606.ENSP00000477713","PTK2B","LCK",9606,0.697,0,0,0,0.085,0.354,0,0.527
"9606.ENSP00000380638","9606.ENSP00000497806","PTK2B","DLG4",9606,0.919,0,0,0,0.123,0.295,0.54,0.749
"9606.ENSP00000380690","9606.ENSP00000498700","BICDL1","BICD1",9606,0.698,0,0,0,0,0,0,0.698
"9606.ENSP00000380690","9606.ENSP00000408910","BICDL1","DCTN2",9606,0.846,0,0,0,0,0.831,0,0.125
"9606.ENSP00000380746","9606.ENSP00000481834","FBXL16","HPCAL4",9606,0.443,0,0,0,0.231,0.295,0,0.054
"9606.ENSP00000380794","9606.ENSP00000454012","CHMP7","UBAP1L",9606,0.54,0,0,0,0,0,0.54,0
"9606.ENSP00000380794","9606.ENSP00000433209","CHMP7","GSDMD",9606,0.555,0,0,0,0.047,0,0.4,0.284
"9606.ENSP00000381185","9606.ENSP00000497806","BCL2","DLG4",9606,0.403,0,0,0,0.056,0,0,0.393
"9606.ENSP00000381185","9606.ENSP00000390158","BCL2","HERC1",9606,0.405,0,0,0,0.047,0,0,0.402
"9606.ENSP00000381185","9606.ENSP00000399805","BCL2","CRYZ",9606,0.413,0,0,0,0,0,0,0.413
"9606.ENSP00000381185","9606.ENSP00000451263","BCL2","MAP3K9",9606,0.453,0,0,0,0.054,0,0,0.446
"9606.ENSP00000381185","9606.ENSP00000498227","BCL2","SELL",9606,0.497,0,0,0,0.074,0,0,0.48
"9606.ENSP00000381185","9606.ENSP00000497733","BCL2","CDC42",9606,0.503,0,0,0,0.083,0,0,0.48
"9606.ENSP00000381185","9606.ENSP00000437402","BCL2","ENO2",9606,0.506,0,0,0,0,0,0,0.506
"9606.ENSP00000381185","9606.ENSP00000433209","BCL2","GSDMD",9606,0.528,0,0,0,0,0,0,0.528
"9606.ENSP00000381185","9606.ENSP00000382342","BCL2","ABCC1",9606,0.538,0,0,0,0.102,0,0,0.507
"9606.ENSP00000381185","9606.ENSP00000384851","BCL2","ESRRA",9606,0.544,0,0,0,0,0.045,0,0.543
"9606.ENSP00000381185","9606.ENSP00000440045","BCL2","ATP2A2",9606,0.632,0,0,0,0.063,0,0,0.623
"9606.ENSP00000381185","9606.ENSP00000483570","BCL2","BTK",9606,0.665,0,0,0,0.086,0,0,0.648
"9606.ENSP00000381185","9606.ENSP00000478255","BCL2","ABCB1",9606,0.674,0,0,0,0.049,0.166,0,0.622
"9606.ENSP00000381185","9606.ENSP00000428056","BCL2","PIK3R1",9606,0.675,0,0,0,0.138,0,0,0.639
"9606.ENSP00000381185","9606.ENSP00000477713","BCL2","LCK",9606,0.691,0,0,0,0.067,0,0,0.682
"9606.ENSP00000381185","9606.ENSP00000408695","BCL2","PRKCA",9606,0.695,0,0,0,0.087,0,0,0.68
"9606.ENSP00000381185","9606.ENSP00000500582","BCL2","AKT3",9606,0.947,0,0,0,0.056,0,0.9,0.486
"9606.ENSP00000381185","9606.ENSP00000478887","BCL2","MYC",9606,0.955,0,0,0,0.065,0.3,0,0.937
"9606.ENSP00000381185","9606.ENSP00000394560","BCL2","MAPK9",9606,0.957,0,0,0,0.093,0.042,0.9,0.569
"9606.ENSP00000381185","9606.ENSP00000448665","BCL2","DDIT3",9606,0.972,0,0,0,0.067,0,0.9,0.724
"9606.ENSP00000381185","9606.ENSP00000384924","BCL2","RTL10",9606,0.991,0,0,0,0,0.292,0,0.989
"9606.ENSP00000381237","9606.ENSP00000383911","HM13","UBAC2",9606,0.594,0,0,0,0.049,0.163,0,0.531
"9606.ENSP00000381981","9606.ENSP00000500582","TTC3","AKT3",9606,0.412,0,0,0,0.064,0.335,0,0.13
"9606.ENSP00000382071","9606.ENSP00000498999","HLCS","FBXW8",9606,0.439,0,0,0,0.439,0,0,0
"9606.ENSP00000382071","9606.ENSP00000456218","HLCS","EARS2",9606,0.475,0.083,0,0,0.261,0,0,0.287
"9606.ENSP00000382342","9606.ENSP00000498260","ABCC1","ACSL6",9606,0.4,0,0,0,0.103,0.068,0,0.34
"9606.ENSP00000382342","9606.ENSP00000478255","ABCC1","ABCB1",9606,0.589,0,0,0,0.234,0.076,0,0.466
"9606.ENSP00000382342","9606.ENSP00000478887","ABCC1","MYC",9606,0.616,0,0,0,0.101,0,0,0.591
"9606.ENSP00000382595","9606.ENSP00000478887","PAICS","MYC",9606,0.567,0,0,0,0.126,0.124,0,0.48
"9606.ENSP00000383023","9606.ENSP00000494788","MYL5","CASK",9606,0.439,0,0,0,0,0.415,0,0.081
"9606.ENSP00000383023","9606.ENSP00000464359","MYL5","MYL12A",9606,0.561,0,0,0.065,0.055,0,0.54,0.049
"9606.ENSP00000383023","9606.ENSP00000463559","MYL5","MYL12B",9606,0.58,0,0,0.065,0.055,0,0.54,0.089
"9606.ENSP00000383719","9606.ENSP00000420076","UBE2J2","SERP1",9606,0.61,0,0,0,0.06,0,0.5,0.237
"9606.ENSP00000383911","9606.ENSP00000435189","UBAC2","RAB30",9606,0.416,0,0,0,0,0,0,0.416
"9606.ENSP00000383911","9606.ENSP00000400482","UBAC2","CMTM3",9606,0.435,0,0,0,0.072,0,0,0.416
"9606.ENSP00000384048","9606.ENSP00000436786","PAXIP1","KMT2A",9606,0.592,0,0,0,0.069,0.323,0,0.404
"9606.ENSP00000384515","9606.ENSP00000495631","PARVB","ARHGEF7",9606,0.683,0,0,0,0.093,0.091,0,0.647
"9606.ENSP00000384515","9606.ENSP00000386896","PARVB","ITGA6",9606,0.704,0,0,0,0.044,0.066,0.65,0.165
"9606.ENSP00000384515","9606.ENSP00000497733","PARVB","CDC42",9606,0.739,0,0,0,0.049,0,0,0.737
"9606.ENSP00000384527","9606.ENSP00000455064","ZBTB40","SLC7A6",9606,0.536,0,0,0,0.534,0.045,0,0.042
"9606.ENSP00000384851","9606.ENSP00000428205","ESRRA","FBXO32",9606,0.437,0,0,0,0.052,0,0,0.431
"9606.ENSP00000384851","9606.ENSP00000478887","ESRRA","MYC",9606,0.441,0,0,0,0.073,0.045,0,0.419
"9606.ENSP00000385019","9606.ENSP00000396915","CACNA1I","SCN1B",9606,0.662,0,0,0,0.082,0,0.54,0.263
"9606.ENSP00000385080","9606.ENSP00000473990","FAH","ALDH3B1",9606,0.414,0.046,0,0,0.208,0,0.217,0.126
"9606.ENSP00000385110","9606.ENSP00000419370","MIEF1","MALSU1",9606,0.415,0,0,0,0.056,0,0,0.406
"9606.ENSP00000385110","9606.ENSP00000480378","MIEF1","MTERF4",9606,0.477,0,0,0,0.095,0,0,0.446
"9606.ENSP00000385519","9606.ENSP00000468032","CD14","SARM1",9606,0.516,0,0,0,0,0,0.5,0.072
"9606.ENSP00000385519","9606.ENSP00000435844","CD14","MS4A6A",9606,0.543,0,0,0,0.535,0,0,0.058
"9606.ENSP00000385610","9606.ENSP00000481859","MEX3C","PAN2",9606,0.477,0,0,0,0.101,0.292,0,0.244
"9606.ENSP00000385808","9606.ENSP00000448665","KIF3A","DDIT3",9606,0.422,0,0,0,0,0,0,0.423
"9606.ENSP00000385808","9606.ENSP00000482968","KIF3A","ALMS1",9606,0.426,0,0,0,0.083,0.098,0,0.362
"9606.ENSP00000385808","9606.ENSP00000409594","KIF3A","ZFYVE27",9606,0.482,0,0,0,0.042,0,0,0.482
"9606.ENSP00000385808","9606.ENSP00000497733","KIF3A","CDC42",9606,0.482,0,0,0,0.06,0.105,0,0.434
"9606.ENSP00000385808","9606.ENSP00000493946","KIF3A","RPGRIP1L",9606,0.623,0,0,0,0.084,0,0,0.605
"9606.ENSP00000385808","9606.ENSP00000393379","KIF3A","KIF5C",9606,0.7,0,0,0,0.172,0.096,0.54,0.233
"9606.ENSP00000385808","9606.ENSP00000497174","KIF3A","DYNC2H1",9606,0.7,0,0,0,0.056,0.054,0,0.691
"9606.ENSP00000385808","9606.ENSP00000408910","KIF3A","DCTN2",9606,0.71,0,0,0,0.053,0.162,0.5,0.355
"9606.ENSP00000385808","9606.ENSP00000409581","KIF3A","ARRB1",9606,0.949,0,0,0,0,0.047,0.5,0.902
"9606.ENSP00000385823","9606.ENSP00000481842","MTA3","SAP18",9606,0.538,0,0,0,0.049,0,0.5,0.108
"9606.ENSP00000385823","9606.ENSP00000437659","MTA3","PHC1",9606,0.542,0,0,0,0.095,0.046,0.5,0.065
"9606.ENSP00000385823","9606.ENSP00000396052","MTA3","BRMS1",9606,0.605,0,0,0,0,0,0.5,0.243
"9606.ENSP00000385887","9606.ENSP00000385923","ANKMY1","NUCB1",9606,0.4,0,0,0,0,0,0,0.4
"9606.ENSP00000385887","9606.ENSP00000482749","ANKMY1","ZNF227",9606,0.491,0,0,0,0.049,0.093,0,0.457
"9606.ENSP00000385923","9606.ENSP00000478887","NUCB1","MYC",9606,0.438,0,0,0,0,0.14,0,0.374
"9606.ENSP00000385923","9606.ENSP00000497406","NUCB1","SETBP1",9606,0.542,0,0,0,0,0,0,0.542
"9606.ENSP00000386023","9606.ENSP00000481842","BUD31","SAP18",9606,0.41,0,0,0,0.41,0,0,0
"9606.ENSP00000386023","9606.ENSP00000478887","BUD31","MYC",9606,0.534,0,0,0,0.047,0,0,0.532
"9606.ENSP00000386023","9606.ENSP00000451291","BUD31","HNRNPC",9606,0.536,0,0,0,0.14,0.402,0,0.169
"9606.ENSP00000386023","9606.ENSP00000494831","BUD31","SNRPN",9606,0.98,0,0,0,0.194,0.974,0,0.122
"9606.ENSP00000386023","9606.ENSP00000451129","BUD31","SNW1",9606,0.999,0,0,0,0.139,0.995,0.9,0.758
"9606.ENSP00000386488","9606.ENSP00000386834","ZC3H8","AFF3",9606,0.6,0,0,0,0.046,0.091,0.54,0.116
"9606.ENSP00000386616","9606.ENSP00000470788","ZC3H12D","IL12RB1",9606,0.773,0,0,0,0.773,0,0,0
"9606.ENSP00000386764","9606.ENSP00000483408","ZC3H6","RBM26",9606,0.426,0,0,0,0.14,0,0,0.36
"9606.ENSP00000386834","9606.ENSP00000436786","AFF3","KMT2A",9606,0.631,0,0,0,0.073,0.125,0,0.582
"9606.ENSP00000386896","9606.ENSP00000478887","ITGA6","MYC",9606,0.468,0,0,0,0.079,0,0,0.446
"9606.ENSP00000386896","9606.ENSP00000408695","ITGA6","PRKCA",9606,0.565,0,0,0,0.1,0.091,0,0.511
"9606.ENSP00000386896","9606.ENSP00000497733","ITGA6","CDC42",9606,0.568,0,0,0,0.047,0.202,0,0.478
"9606.ENSP00000387654","9606.ENSP00000480821","PCYOX1","LSR",9606,0.54,0,0,0,0.042,0,0.54,0
"9606.ENSP00000389631","9606.ENSP00000431445","ARPC1B","CD3G",9606,0.516,0,0,0,0.055,0,0.5,0.059
"9606.ENSP00000389631","9606.ENSP00000497733","ARPC1B","CDC42",9606,0.792,0,0,0,0.324,0,0.5,0.434
"9606.ENSP00000389631","9606.ENSP00000472249","ARPC1B","GMFG",9606,0.927,0,0,0,0.115,0.912,0,0.135
"9606.ENSP00000390394","9606.ENSP00000394791","SLC4A7","SENP1",9606,0.405,0,0,0,0.049,0,0.4,0
"9606.ENSP00000390394","9606.ENSP00000495631","SLC4A7","ARHGEF7",9606,0.405,0,0,0,0.049,0,0.4,0.041
"9606.ENSP00000390394","9606.ENSP00000477713","SLC4A7","LCK",9606,0.407,0,0,0,0.047,0.047,0.4,0
"9606.ENSP00000390394","9606.ENSP00000497806","SLC4A7","DLG4",9606,0.432,0,0,0,0.054,0.292,0,0.219
"9606.ENSP00000390394","9606.ENSP00000490119","SLC4A7","RALGAPA1",9606,0.455,0,0,0,0.1,0,0.4,0.072
"9606.ENSP00000390394","9606.ENSP00000497733","SLC4A7","CDC42",9606,0.493,0,0,0,0.042,0.163,0.4,0.072
"9606.ENSP00000390784","9606.ENSP00000452762","B3GALT4","ETFA",9606,0.505,0,0,0,0,0,0,0.505
"9606.ENSP00000392985","9606.ENSP00000407336","HTATIP2","NDUFB3",9606,0.724,0,0,0,0.217,0.561,0.253,0.052
"9606.ENSP00000393099","9606.ENSP00000394560","MAPKBP1","MAPK9",9606,0.534,0,0,0,0.049,0.095,0,0.503
"9606.ENSP00000393379","9606.ENSP00000394560","KIF5C","MAPK9",9606,0.904,0,0,0,0.051,0,0.9,0.075
"9606.ENSP00000393762","9606.ENSP00000429690","SESN1","ATP6V0E1",9606,0.5,0,0,0,0.042,0,0.5,0
"9606.ENSP00000393762","9606.ENSP00000411672","SESN1","ATP6V0E2",9606,0.501,0,0,0,0.044,0,0.5,0
"9606.ENSP00000394331","9606.ENSP00000415556","COMMD5","DCAF11",9606,0.504,0,0,0,0.049,0,0.5,0
"9606.ENSP00000394331","9606.ENSP00000492240","COMMD5","KCTD7",9606,0.504,0,0,0,0.049,0,0.5,0
"9606.ENSP00000394331","9606.ENSP00000497351","COMMD5","GAN",9606,0.507,0,0,0,0.055,0,0.5,0
"9606.ENSP00000394560","9606.ENSP00000478887","MAPK9","MYC",9606,0.422,0,0,0,0,0,0,0.422
"9606.ENSP00000394560","9606.ENSP00000499797","MAPK9","CALM2",9606,0.474,0,0,0,0.074,0,0,0.455
"9606.ENSP00000394560","9606.ENSP00000428056","MAPK9","PIK3R1",9606,0.479,0,0,0,0.049,0.292,0,0.289
"9606.ENSP00000394560","9606.ENSP00000409581","MAPK9","ARRB1",9606,0.549,0,0,0,0.049,0.452,0,0.204
"9606.ENSP00000394560","9606.ENSP00000497733","MAPK9","CDC42",9606,0.976,0,0,0,0.073,0.473,0.9,0.58
"9606.ENSP00000394794","9606.ENSP00000497733","PTPN13","CDC42",9606,0.591,0,0,0,0,0.204,0,0.508
"9606.ENSP00000396052","9606.ENSP00000396937","BRMS1","PSMD13",9606,0.483,0,0,0,0.483,0,0,0
"9606.ENSP00000396052","9606.ENSP00000481842","BRMS1","SAP18",9606,0.86,0,0,0,0.049,0,0.5,0.729
"9606.ENSP00000396749","9606.ENSP00000482604","KANSL3","HSH2D",9606,0.463,0,0,0,0,0,0,0.464
"9606.ENSP00000396749","9606.ENSP00000415436","KANSL3","KANSL2",9606,0.999,0,0,0,0.056,0.664,0.8,0.995
"9606.ENSP00000396915","9606.ENSP00000410943","SCN1B","TSPYL4",9606,0.417,0,0,0,0,0,0,0.417
"9606.ENSP00000396937","9606.ENSP00000418001","PSMD13","GK5",9606,0.548,0,0,0,0.112,0.439,0,0.166
"9606.ENSP00000396976","9606.ENSP00000402107","BAHD1","L3MBTL1",9606,0.589,0,0,0,0,0,0.54,0.144
"9606.ENSP00000397312","9606.ENSP00000416341","LRRN3","NELL2",9606,0.519,0,0,0,0.247,0.099,0,0.349
"9606.ENSP00000398655","9606.ENSP00000399518","ITK","SATB1",9606,0.435,0,0,0,0.117,0,0,0.386
"9606.ENSP00000398655","9606.ENSP00000483570","ITK","BTK",9606,0.491,0,0,0.066,0.073,0.089,0.4,0.09
"9606.ENSP00000398655","9606.ENSP00000498227","ITK","SELL",9606,0.493,0,0,0,0.275,0.045,0,0.326
"9606.ENSP00000398655","9606.ENSP00000424846","ITK","SH3BP2",9606,0.525,0,0,0,0.059,0,0,0.516
"9606.ENSP00000398655","9606.ENSP00000438406","ITK","SLAMF1",9606,0.531,0,0,0,0.277,0.085,0,0.348
"9606.ENSP00000398655","9606.ENSP00000487358","ITK","THEMIS",9606,0.64,0,0,0,0.52,0,0,0.28
"9606.ENSP00000398655","9606.ENSP00000431445","ITK","CD3G",9606,0.908,0,0,0,0.681,0,0.5,0.473
"9606.ENSP00000398655","9606.ENSP00000477713","ITK","LCK",9606,0.917,0,0,0.101,0.559,0,0.5,0.631
"9606.ENSP00000398655","9606.ENSP00000428056","ITK","PIK3R1",9606,0.949,0,0,0,0.056,0.33,0.9,0.301
"9606.ENSP00000399168","9606.ENSP00000419485","HLA-B","GCSAM",9606,0.505,0,0,0,0.067,0,0,0.492
"9606.ENSP00000399168","9606.ENSP00000404236","HLA-B","LILRA5",9606,0.569,0,0,0,0.108,0,0.5,0.11
"9606.ENSP00000399168","9606.ENSP00000431445","HLA-B","CD3G",9606,0.588,0,0,0,0.05,0,0.5,0.203
"9606.ENSP00000399168","9606.ENSP00000465685","HLA-B","AP1M2",9606,0.65,0,0,0,0,0,0.65,0
"9606.ENSP00000399168","9606.ENSP00000417404","HLA-B","HFE",9606,0.693,0,0,0.071,0.1,0.625,0,0.137
"9606.ENSP00000399168","9606.ENSP00000451291","HLA-B","HNRNPC",9606,0.905,0,0,0,0.048,0.9,0,0.085
"9606.ENSP00000399518","9606.ENSP00000478887","SATB1","MYC",9606,0.575,0,0,0,0.044,0,0,0.574
"9606.ENSP00000399805","9606.ENSP00000456019","CRYZ","SQOR",9606,0.641,0,0,0,0.055,0,0,0.635
"9606.ENSP00000400482","9606.ENSP00000435189","CMTM3","RAB30",9606,0.4,0,0,0,0,0,0,0.4
"9606.ENSP00000400887","9606.ENSP00000411152","PPIP5K1","ITPKB",9606,0.4,0,0,0,0,0,0,0.4
"9606.ENSP00000400887","9606.ENSP00000410042","PPIP5K1","BRD1",9606,0.423,0,0,0,0.049,0,0,0.419
"9606.ENSP00000400892","9606.ENSP00000487358","TESPA1","THEMIS",9606,0.871,0,0,0,0.188,0,0.72,0.48
"9606.ENSP00000401502","9606.ENSP00000438406","SIGLEC6","SLAMF1",9606,0.603,0,0,0,0.121,0,0,0.567
"9606.ENSP00000402758","9606.ENSP00000498227","PMEL","SELL",9606,0.667,0,0,0,0,0,0,0.667
"9606.ENSP00000402861","9606.ENSP00000494277","PLCL1","PATJ",9606,0.471,0,0,0,0.108,0.274,0,0.248
"9606.ENSP00000404236","9606.ENSP00000417404","LILRA5","HFE",9606,0.405,0,0,0,0.056,0,0,0.396
"9606.ENSP00000405405","9606.ENSP00000498999","PHLDB2","FBXW8",9606,0.405,0,0,0,0,0.292,0,0.194
"9606.ENSP00000405405","9606.ENSP00000487041","PHLDB2","COBLL1",9606,0.408,0,0,0,0.061,0,0,0.395
"9606.ENSP00000406293","9606.ENSP00000444136","TCEA3","POLR1B",9606,0.563,0,0,0,0.068,0.401,0,0.281
"9606.ENSP00000406885","9606.ENSP00000452697","TMEM41A","SEC11A",9606,0.4,0.057,0,0,0.12,0,0,0.335
"9606.ENSP00000408695","9606.ENSP00000448665","PRKCA","DDIT3",9606,0.4,0,0,0,0,0,0,0.401
"9606.ENSP00000408695","9606.ENSP00000470176","PRKCA","AP2S1",9606,0.405,0,0,0,0.049,0,0.4,0
"9606.ENSP00000408695","9606.ENSP00000439937","PRKCA","HOMER3",9606,0.422,0,0,0,0,0.053,0,0.415
"9606.ENSP00000408695","9606.ENSP00000494277","PRKCA","PATJ",9606,0.494,0,0,0,0.122,0.343,0,0.192
"9606.ENSP00000408695","9606.ENSP00000478887","PRKCA","MYC",9606,0.516,0,0,0,0.08,0.124,0,0.448
"9606.ENSP00000408695","9606.ENSP00000478255","PRKCA","ABCB1",9606,0.541,0,0,0,0.055,0.07,0,0.52
"9606.ENSP00000408695","9606.ENSP00000497733","PRKCA","CDC42",9606,0.811,0,0,0,0.09,0,0,0.801
"9606.ENSP00000408695","9606.ENSP00000497806","PRKCA","DLG4",9606,0.957,0,0,0,0.054,0.317,0,0.939
"9606.ENSP00000408910","9606.ENSP00000497174","DCTN2","DYNC2H1",9606,0.406,0,0,0,0,0.126,0,0.348
"9606.ENSP00000408910","9606.ENSP00000498700","DCTN2","BICD1",9606,0.878,0,0,0,0,0.331,0.5,0.666
"9606.ENSP00000409581","9606.ENSP00000481834","ARRB1","HPCAL4",9606,0.416,0,0,0,0.074,0,0,0.396
"9606.ENSP00000409581","9606.ENSP00000457991","ARRB1","PHLPP2",9606,0.452,0,0,0,0,0,0,0.452
"9606.ENSP00000409581","9606.ENSP00000478887","ARRB1","MYC",9606,0.506,0,0,0,0.098,0,0,0.475
"9606.ENSP00000409581","9606.ENSP00000465685","ARRB1","AP1M2",9606,0.523,0,0,0,0,0,0.5,0.086
"9606.ENSP00000409581","9606.ENSP00000419325","ARRB1","SUCLG2",9606,0.59,0,0,0,0,0.084,0,0.571
"9606.ENSP00000409581","9606.ENSP00000488912","ARRB1","CRHR1-2",9606,0.595,0,0,0,0.053,0,0,0.59
"9606.ENSP00000409581","9606.ENSP00000470176","ARRB1","AP2S1",9606,0.629,0,0,0,0.044,0,0.5,0.286
"9606.ENSP00000409581","9606.ENSP00000497806","ARRB1","DLG4",9606,0.67,0,0,0,0.057,0,0,0.665
"9606.ENSP00000409906","9606.ENSP00000475489","USP53","MPHOSPH9",9606,0.404,0,0,0,0,0,0,0.404
"9606.ENSP00000409906","9606.ENSP00000441214","USP53","USP36",9606,0.405,0,0,0,0.049,0,0,0.4
"9606.ENSP00000409906","9606.ENSP00000481859","USP53","PAN2",9606,0.552,0,0,0,0,0,0,0.552
"9606.ENSP00000410042","9606.ENSP00000500582","BRD1","AKT3",9606,0.405,0,0,0,0,0,0.4,0.05
"9606.ENSP00000410042","9606.ENSP00000490767","BRD1","ING5",9606,0.991,0,0,0,0.061,0.84,0.9,0.498
"9606.ENSP00000410059","9606.ENSP00000451291","EEF1D","HNRNPC",9606,0.492,0,0,0,0.088,0,0,0.466
"9606.ENSP00000410059","9606.ENSP00000419449","EEF1D","EIF1",9606,0.602,0.069,0,0,0.527,0,0,0.168
"9606.ENSP00000410759","9606.ENSP00000430000","ATXN7L1","ATXN7L3B",9606,0.514,0,0,0,0,0.237,0,0.39
"9606.ENSP00000410759","9606.ENSP00000446576","ATXN7L1","ATXN2",9606,0.582,0,0,0,0.059,0,0,0.574
"9606.ENSP00000410943","9606.ENSP00000430000","TSPYL4","ATXN7L3B",9606,0.416,0,0,0,0.061,0,0,0.404
"9606.ENSP00000410943","9606.ENSP00000438886","TSPYL4","CDK5RAP3",9606,0.456,0,0,0,0.044,0.455,0,0
"9606.ENSP00000411672","9606.ENSP00000429690","ATP6V0E2","ATP6V0E1",9606,0.942,0,0,0.06,0.043,0,0.9,0.431
"9606.ENSP00000411672","9606.ENSP00000449500","ATP6V0E2","RNASEK",9606,0.957,0,0,0,0.124,0.841,0.72,0
"9606.ENSP00000413572","9606.ENSP00000442053","NLE1","RBM19",9606,0.448,0,0,0,0.401,0,0,0.116
"9606.ENSP00000413572","9606.ENSP00000456218","NLE1","EARS2",9606,0.617,0,0,0,0.543,0.186,0,0.053
"9606.ENSP00000413572","9606.ENSP00000419005","NLE1","UTP25",9606,0.642,0,0,0,0.544,0,0,0.247
"9606.ENSP00000413572","9606.ENSP00000444136","NLE1","POLR1B",9606,0.784,0,0,0,0.766,0,0,0.116
"9606.ENSP00000415436","9606.ENSP00000451129","KANSL2","SNW1",9606,0.446,0,0,0,0.092,0,0,0.415
"9606.ENSP00000415556","9606.ENSP00000442308","DCAF11","NKRF",9606,0.712,0,0,0,0.049,0.095,0,0.693
"9606.ENSP00000416534","9606.ENSP00000451291","DDX46","HNRNPC",9606,0.422,0,0,0,0.112,0.113,0,0.325
"9606.ENSP00000416534","9606.ENSP00000417402","DDX46","PUS7",9606,0.485,0,0,0,0.112,0.16,0,0.364
"9606.ENSP00000416534","9606.ENSP00000451129","DDX46","SNW1",9606,0.569,0,0,0,0.122,0.161,0,0.462
"9606.ENSP00000416534","9606.ENSP00000448073","DDX46","PRPF40B",9606,0.87,0,0,0,0.067,0.843,0,0.184
"9606.ENSP00000416534","9606.ENSP00000494831","DDX46","SNRPN",9606,0.937,0,0,0,0,0.85,0.54,0.164
"9606.ENSP00000417402","9606.ENSP00000419740","PUS7","NSUN4",9606,0.544,0,0,0,0.213,0.068,0,0.428
"9606.ENSP00000417402","9606.ENSP00000419370","PUS7","MALSU1",9606,0.797,0,0,0,0.082,0.788,0,0
"9606.ENSP00000417402","9606.ENSP00000444136","PUS7","POLR1B",9606,0.801,0,0,0,0.607,0,0,0.513
"9606.ENSP00000418582","9606.ENSP00000450565","FHIT","IL11RA",9606,0.405,0,0,0,0.075,0,0,0.384
"9606.ENSP00000418582","9606.ENSP00000478887","FHIT","MYC",9606,0.484,0,0,0,0.064,0,0,0.472
"9606.ENSP00000418823","9606.ENSP00000478887","FTO","MYC",9606,0.64,0,0,0,0,0,0,0.64
"9606.ENSP00000418823","9606.ENSP00000451291","FTO","HNRNPC",9606,0.793,0,0,0,0.067,0,0,0.787
"9606.ENSP00000418823","9606.ENSP00000493946","FTO","RPGRIP1L",9606,0.81,0,0,0,0.111,0,0,0.795
"9606.ENSP00000419005","9606.ENSP00000467556","UTP25","GPATCH8",9606,0.522,0,0,0,0.076,0.504,0,0
"9606.ENSP00000419005","9606.ENSP00000444136","UTP25","POLR1B",9606,0.55,0,0,0,0.55,0,0,0
"9606.ENSP00000419005","9606.ENSP00000442053","UTP25","RBM19",9606,0.702,0,0,0,0.69,0,0,0.077
"9606.ENSP00000419325","9606.ENSP00000452762","SUCLG2","ETFA",9606,0.637,0.115,0,0,0.375,0.225,0,0.254
"9606.ENSP00000419370","9606.ENSP00000497004","MALSU1","MRPL28",9606,0.946,0,0,0,0.059,0.945,0,0
"9606.ENSP00000419370","9606.ENSP00000480378","MALSU1","MTERF4",9606,0.964,0,0,0,0.049,0.8,0,0.829
"9606.ENSP00000419370","9606.ENSP00000419740","MALSU1","NSUN4",9606,0.968,0.057,0,0,0.088,0.8,0,0.84
"9606.ENSP00000419449","9606.ENSP00000451291","EIF1","HNRNPC",9606,0.496,0,0,0,0.384,0,0,0.214
"9606.ENSP00000419740","9606.ENSP00000444136","NSUN4","POLR1B",9606,0.51,0.044,0,0,0.45,0.071,0,0.116
"9606.ENSP00000419740","9606.ENSP00000497004","NSUN4","MRPL28",9606,0.811,0,0,0,0.095,0.8,0,0
"9606.ENSP00000419740","9606.ENSP00000480378","NSUN4","MTERF4",9606,0.999,0,0,0,0.082,0.972,0.9,0.997
"9606.ENSP00000420616","9606.ENSP00000451129","TFDP2","SNW1",9606,0.549,0,0,0,0.047,0,0.5,0.129
"9606.ENSP00000420616","9606.ENSP00000437659","TFDP2","PHC1",9606,0.558,0,0,0,0.071,0.043,0.5,0.124
"9606.ENSP00000420616","9606.ENSP00000478887","TFDP2","MYC",9606,0.604,0,0,0,0,0.064,0.5,0.222
"9606.ENSP00000422793","9606.ENSP00000500582","INPP4B","AKT3",9606,0.507,0,0,0,0.053,0,0,0.5
"9606.ENSP00000422793","9606.ENSP00000428056","INPP4B","PIK3R1",9606,0.949,0,0,0,0.049,0,0.9,0.507
"9606.ENSP00000424846","9606.ENSP00000477713","SH3BP2","LCK",9606,0.433,0,0,0,0,0.295,0,0.229
"9606.ENSP00000424846","9606.ENSP00000459799","SH3BP2","TNK1",9606,0.451,0,0,0,0,0,0,0.451
"9606.ENSP00000426255","9606.ENSP00000466111","SNX25","RNMT",9606,0.767,0,0,0,0.049,0,0,0.766
"9606.ENSP00000428056","9606.ENSP00000466542","PIK3R1","TLE2",9606,0.656,0,0,0,0,0,0,0.656
"9606.ENSP00000428056","9606.ENSP00000478887","PIK3R1","MYC",9606,0.675,0,0,0,0.057,0.065,0,0.661
"9606.ENSP00000428056","9606.ENSP00000431445","PIK3R1","CD3G",9606,0.762,0,0,0,0.066,0.497,0.5,0.108
"9606.ENSP00000428056","9606.ENSP00000477713","PIK3R1","LCK",9606,0.939,0,0,0,0.049,0.579,0.4,0.776
"9606.ENSP00000428056","9606.ENSP00000483570","PIK3R1","BTK",9606,0.947,0,0,0,0.044,0.093,0.9,0.466
"9606.ENSP00000428056","9606.ENSP00000499037","PIK3R1","CBLB",9606,0.974,0,0,0,0.056,0.749,0.9,0.065
"9606.ENSP00000428056","9606.ENSP00000500582","PIK3R1","AKT3",9606,0.977,0,0,0,0.071,0.093,0.9,0.768
"9606.ENSP00000428056","9606.ENSP00000497733","PIK3R1","CDC42",9606,0.992,0,0,0,0.074,0.683,0.9,0.768
"9606.ENSP00000428787","9606.ENSP00000465685","AP3M2","AP1M2",9606,0.578,0,0,0,0,0.071,0.54,0.092
"9606.ENSP00000428787","9606.ENSP00000470176","AP3M2","AP2S1",9606,0.803,0,0,0,0,0,0.72,0.327
"9606.ENSP00000429633","9606.ENSP00000478887","MYBL1","MYC",9606,0.417,0,0,0,0.073,0,0,0.396
"9606.ENSP00000429633","9606.ENSP00000430598","MYBL1","ATOX1",9606,0.528,0,0,0,0.063,0.513,0,0.049
"9606.ENSP00000429690","9606.ENSP00000430598","ATP6V0E1","ATOX1",9606,0.427,0,0,0,0.216,0,0,0.3
"9606.ENSP00000429690","9606.ENSP00000449500","ATP6V0E1","RNASEK",9606,0.994,0,0,0,0.147,0.991,0.36,0
"9606.ENSP00000430269","9606.ENSP00000477713","EPHX2","LCK",9606,0.42,0,0,0,0.072,0,0,0.401
"9606.ENSP00000430269","9606.ENSP00000473990","EPHX2","ALDH3B1",9606,0.793,0.053,0,0,0.067,0,0.761,0.136
"9606.ENSP00000430269","9606.ENSP00000497406","EPHX2","SETBP1",9606,0.795,0,0,0,0.063,0,0,0.79
"9606.ENSP00000430598","9606.ENSP00000444136","ATOX1","POLR1B",9606,0.465,0,0,0,0.044,0.429,0,0.1
"9606.ENSP00000431445","9606.ENSP00000487358","CD3G","THEMIS",9606,0.46,0,0,0,0.42,0,0,0.107
"9606.ENSP00000431445","9606.ENSP00000470176","CD3G","AP2S1",9606,0.5,0,0,0,0.042,0,0.5,0
"9606.ENSP00000431445","9606.ENSP00000477815","CD3G","PTCRA",9606,0.792,0,0,0,0.067,0,0,0.787
"9606.ENSP00000431445","9606.ENSP00000477713","CD3G","LCK",9606,0.928,0,0,0,0.487,0,0.5,0.743
"9606.ENSP00000431548","9606.ENSP00000450842","TMEM25","TMEM30B",9606,0.496,0,0,0,0.048,0,0,0.493
"9606.ENSP00000432504","9606.ENSP00000488912","ZNF202","CRHR1-2",9606,0.445,0,0,0,0,0,0,0.445
"9606.ENSP00000435189","9606.ENSP00000498700","RAB30","BICD1",9606,0.405,0,0,0,0.06,0.136,0,0.326
"9606.ENSP00000435189","9606.ENSP00000445768","RAB30","DENND11",9606,0.457,0,0,0,0.042,0,0,0.457
"9606.ENSP00000436786","9606.ENSP00000448665","KMT2A","DDIT3",9606,0.402,0,0,0,0.054,0.054,0,0.386
"9606.ENSP00000436786","9606.ENSP00000497406","KMT2A","SETBP1",9606,0.516,0,0,0,0.09,0.109,0,0.451
"9606.ENSP00000436786","9606.ENSP00000478887","KMT2A","MYC",9606,0.648,0,0,0,0.055,0.176,0,0.585
"9606.ENSP00000437402","9606.ENSP00000497806","ENO2","DLG4",9606,0.494,0.041,0,0,0.161,0.188,0,0.316
"9606.ENSP00000437832","9606.ENSP00000487136","ZNF641","OXNAD1",9606,0.563,0,0,0,0.049,0,0,0.56
"9606.ENSP00000438406","9606.ENSP00000498227","SLAMF1","SELL",9606,0.489,0,0,0,0.181,0,0,0.402
"9606.ENSP00000438406","9606.ENSP00000477713","SLAMF1","LCK",9606,0.837,0,0,0,0.192,0.099,0,0.794
"9606.ENSP00000439937","9606.ENSP00000494277","HOMER3","PATJ",9606,0.442,0,0,0,0,0.435,0,0.054
"9606.ENSP00000439937","9606.ENSP00000496007","HOMER3","SYNGAP1",9606,0.688,0,0,0,0,0.112,0,0.663
"9606.ENSP00000439937","9606.ENSP00000497806","HOMER3","DLG4",9606,0.868,0,0,0,0.074,0.052,0.5,0.736
"9606.ENSP00000440374","9606.ENSP00000497733","MCF2L","CDC42",9606,0.956,0,0,0,0,0.84,0.4,0.577
"9606.ENSP00000441065","9606.ENSP00000478887","SLC16A1","MYC",9606,0.427,0,0,0,0.076,0.124,0,0.349
"9606.ENSP00000441065","9606.ENSP00000449756","SLC16A1","SLC38A1",9606,0.471,0,0,0,0.067,0,0,0.457
"9606.ENSP00000441214","9606.ENSP00000481859","USP36","PAN2",9606,0.433,0,0,0,0.049,0,0,0.428
"9606.ENSP00000441214","9606.ENSP00000478887","USP36","MYC",9606,0.738,0,0,0,0.072,0.415,0,0.557
"9606.ENSP00000442053","9606.ENSP00000444136","RBM19","POLR1B",9606,0.864,0,0,0,0.845,0.069,0,0.129
"9606.ENSP00000444136","9606.ENSP00000456218","POLR1B","EARS2",9606,0.571,0,0,0,0.5,0.053,0,0.166
"9606.ENSP00000446224","9606.ENSP00000482749","ZNF550","ZNF227",9606,0.467,0,0,0.076,0.447,0,0,0
"9606.ENSP00000446576","9606.ENSP00000498999","ATXN2","FBXW8",9606,0.432,0,0,0,0.049,0.301,0,0.213
"9606.ENSP00000446576","9606.ENSP00000494831","ATXN2","SNRPN",9606,0.852,0,0,0,0,0.841,0,0.107
"9606.ENSP00000446872","9606.ENSP00000448665","GATC","DDIT3",9606,0.465,0,0,0,0.181,0.17,0.216,0.116
"9606.ENSP00000446872","9606.ENSP00000456218","GATC","EARS2",9606,0.656,0,0,0,0.126,0,0,0.622
"9606.ENSP00000448073","9606.ENSP00000494831","PRPF40B","SNRPN",9606,0.906,0,0,0,0,0.795,0.54,0.091
"9606.ENSP00000449756","9606.ENSP00000455064","SLC38A1","SLC7A6",9606,0.623,0,0,0,0.083,0.045,0,0.604
"9606.ENSP00000450480","9606.ENSP00000500034","ATP10A","ATP8B2",9606,0.59,0,0,0,0.049,0,0.54,0.14
"9606.ENSP00000450480","9606.ENSP00000450842","ATP10A","TMEM30B",9606,0.845,0,0,0,0.067,0.408,0.54,0.464
"9606.ENSP00000450480","9606.ENSP00000494831","ATP10A","SNRPN",9606,0.867,0,0,0,0,0,0,0.867
"9606.ENSP00000450842","9606.ENSP00000500034","TMEM30B","ATP8B2",9606,0.965,0,0,0,0.068,0.697,0.54,0.765
"9606.ENSP00000451129","9606.ENSP00000466542","SNW1","TLE2",9606,0.515,0,0,0,0,0,0.5,0.07
"9606.ENSP00000451129","9606.ENSP00000451291","SNW1","HNRNPC",9606,0.672,0,0,0,0.11,0.407,0,0.428
"9606.ENSP00000451129","9606.ENSP00000478887","SNW1","MYC",9606,0.777,0,0,0,0.048,0.452,0.5,0.246
"9606.ENSP00000451129","9606.ENSP00000494831","SNW1","SNRPN",9606,0.949,0,0,0,0.086,0.943,0,0.109
"9606.ENSP00000451206","9606.ENSP00000499797","NPC2","CALM2",9606,0.407,0,0,0,0.119,0,0,0.355
"9606.ENSP00000451206","9606.ENSP00000452762","NPC2","ETFA",9606,0.516,0,0,0,0.06,0,0,0.507
"9606.ENSP00000451263","9606.ENSP00000478887","MAP3K9","MYC",9606,0.449,0,0,0,0.045,0.045,0,0.445
"9606.ENSP00000451263","9606.ENSP00000497733","MAP3K9","CDC42",9606,0.612,0,0,0,0.074,0.112,0,0.566
"9606.ENSP00000451291","9606.ENSP00000497806","HNRNPC","DLG4",9606,0.456,0,0,0,0,0.065,0,0.442
"9606.ENSP00000451291","9606.ENSP00000452037","HNRNPC","DNAL1",9606,0.512,0,0,0,0.049,0.102,0,0.475
"9606.ENSP00000451291","9606.ENSP00000481842","HNRNPC","SAP18",9606,0.637,0,0,0,0.509,0.205,0,0.146
"9606.ENSP00000451291","9606.ENSP00000478887","HNRNPC","MYC",9606,0.85,0,0,0,0.068,0.311,0,0.786
"9606.ENSP00000452037","9606.ENSP00000497351","DNAL1","GAN",9606,0.768,0,0,0,0.061,0,0,0.764
"9606.ENSP00000452762","9606.ENSP00000498260","ETFA","ACSL6",9606,0.465,0.061,0,0,0.074,0,0.402,0.093
"9606.ENSP00000455507","9606.ENSP00000464359","OBSCN","MYL12A",9606,0.451,0,0,0,0.057,0.125,0,0.388
"9606.ENSP00000457991","9606.ENSP00000500582","PHLPP2","AKT3",9606,0.996,0,0,0,0,0.076,0.9,0.964
"9606.ENSP00000463559","9606.ENSP00000499797","MYL12B","CALM2",9606,0.425,0,0,0,0.333,0.099,0,0.12
"9606.ENSP00000463559","9606.ENSP00000494788","MYL12B","CASK",9606,0.441,0,0,0,0.044,0.415,0,0.081
"9606.ENSP00000463559","9606.ENSP00000497733","MYL12B","CDC42",9606,0.742,0,0,0,0.135,0.097,0.5,0.418
"9606.ENSP00000463559","9606.ENSP00000464359","MYL12B","MYL12A",9606,0.945,0,0,0.048,0.465,0,0.9,0.048
"9606.ENSP00000464359","9606.ENSP00000494788","MYL12A","CASK",9606,0.439,0,0,0,0,0.415,0,0.081
"9606.ENSP00000464359","9606.ENSP00000495631","MYL12A","ARHGEF7",9606,0.592,0,0,0,0,0,0.5,0.218
"9606.ENSP00000464814","9606.ENSP00000498260","COASY","ACSL6",9606,0.647,0.057,0,0,0,0,0,0.642
"9606.ENSP00000465419","9606.ENSP00000480821","TJP3","LSR",9606,0.43,0,0,0,0.209,0.053,0,0.299
"9606.ENSP00000465419","9606.ENSP00000497806","TJP3","DLG4",9606,0.514,0,0,0,0,0,0,0.514
"9606.ENSP00000465419","9606.ENSP00000494277","TJP3","PATJ",9606,0.996,0,0,0,0.101,0.292,0.9,0.952
"9606.ENSP00000465685","9606.ENSP00000470176","AP1M2","AP2S1",9606,0.665,0,0,0,0,0.1,0.54,0.256
"9606.ENSP00000470788","9606.ENSP00000477713","IL12RB1","LCK",9606,0.434,0,0,0,0.168,0.081,0,0.318
"9606.ENSP00000470788","9606.ENSP00000498227","IL12RB1","SELL",9606,0.552,0,0,0,0.142,0.091,0,0.472
"9606.ENSP00000475168","9606.ENSP00000480332","RER1","TRAPPC3",9606,0.426,0,0,0.227,0.214,0,0,0.131
"9606.ENSP00000477213","9606.ENSP00000497806","APBB1","DLG4",9606,0.521,0,0,0,0.109,0.098,0,0.452
"9606.ENSP00000477713","9606.ENSP00000490119","LCK","RALGAPA1",9606,0.41,0,0,0,0.056,0,0.4,0.043
"9606.ENSP00000477713","9606.ENSP00000478887","LCK","MYC",9606,0.504,0,0,0,0.081,0.045,0,0.48
"9606.ENSP00000477713","9606.ENSP00000497806","LCK","DLG4",9606,0.512,0,0,0,0,0.09,0,0.486
"9606.ENSP00000477713","9606.ENSP00000477815","LCK","PTCRA",9606,0.526,0,0,0,0.072,0,0,0.511
"9606.ENSP00000477713","9606.ENSP00000487358","LCK","THEMIS",9606,0.591,0,0,0,0.273,0.292,0,0.269
"9606.ENSP00000477713","9606.ENSP00000498227","LCK","SELL",9606,0.591,0,0,0,0.179,0.045,0,0.52
"9606.ENSP00000477713","9606.ENSP00000500582","LCK","AKT3",9606,0.608,0,0,0.163,0.086,0.045,0.5,0.093
"9606.ENSP00000477713","9606.ENSP00000483570","LCK","BTK",9606,0.752,0,0,0.093,0.126,0,0.5,0.449
"9606.ENSP00000477713","9606.ENSP00000497733","LCK","CDC42",9606,0.818,0,0,0,0.087,0.342,0.5,0.465
"9606.ENSP00000477713","9606.ENSP00000499037","LCK","CBLB",9606,0.94,0,0,0,0.044,0.357,0.9,0.143
"9606.ENSP00000478187","9606.ENSP00000478887","CRY2","MYC",9606,0.403,0,0,0,0.052,0,0,0.397
"9606.ENSP00000478187","9606.ENSP00000478255","CRY2","ABCB1",9606,0.442,0,0,0,0.051,0.287,0,0.242
"9606.ENSP00000478212","9606.ENSP00000497733","AKAP1","CDC42",9606,0.471,0,0,0,0.042,0,0,0.471
"9606.ENSP00000478255","9606.ENSP00000478887","ABCB1","MYC",9606,0.551,0,0,0,0,0.129,0,0.506
"9606.ENSP00000478721","9606.ENSP00000497733","RYK","CDC42",9606,0.419,0,0,0,0,0,0,0.419
"9606.ENSP00000478887","9606.ENSP00000498499","MYC","CTC1",9606,0.475,0,0,0,0,0,0,0.475
"9606.ENSP00000478887","9606.ENSP00000500582","MYC","AKT3",9606,0.479,0,0,0,0,0.045,0,0.477
"9606.ENSP00000478887","9606.ENSP00000498999","MYC","FBXW8",9606,0.497,0,0,0,0,0.339,0,0.27
"9606.ENSP00000478887","9606.ENSP00000483570","MYC","BTK",9606,0.565,0,0,0,0.057,0.142,0,0.506
"9606.ENSP00000478887","9606.ENSP00000497733","MYC","CDC42",9606,0.766,0,0,0,0.059,0.164,0,0.727
"9606.ENSP00000480378","9606.ENSP00000497004","MTERF4","MRPL28",9606,0.819,0,0,0,0.049,0.817,0,0
"9606.ENSP00000481721","9606.ENSP00000497733","TBC1D2","CDC42",9606,0.453,0,0,0,0.057,0.299,0,0.237
"9606.ENSP00000481834","9606.ENSP00000494788","HPCAL4","CASK",9606,0.443,0,0,0,0,0.415,0,0.088
"9606.ENSP00000482604","9606.ENSP00000497733","HSH2D","CDC42",9606,0.504,0,0,0,0.098,0,0,0.473
"9606.ENSP00000482968","9606.ENSP00000493946","ALMS1","RPGRIP1L",9606,0.428,0,0,0,0.083,0.045,0,0.399
"9606.ENSP00000483570","9606.ENSP00000499037","BTK","CBLB",9606,0.409,0,0,0,0,0.357,0,0.117
"9606.ENSP00000483570","9606.ENSP00000498227","BTK","SELL",9606,0.436,0,0,0,0.255,0.045,0,0.27
"9606.ENSP00000483570","9606.ENSP00000498702","BTK","GPR68",9606,0.547,0,0,0,0.098,0,0.5,0.077
"9606.ENSP00000483570","9606.ENSP00000497733","BTK","CDC42",9606,0.655,0,0,0,0.118,0.11,0.4,0.354
"9606.ENSP00000487358","9606.ENSP00000498227","THEMIS","SELL",9606,0.428,0,0,0,0.084,0,0,0.4
"9606.ENSP00000487358","9606.ENSP00000490240","THEMIS","ZNF831",9606,0.58,0,0,0,0.423,0,0,0.303
"9606.ENSP00000488642","9606.ENSP00000497280","TENT4A","AGK",9606,0.507,0,0,0,0.056,0,0.5,0
"9606.ENSP00000490767","9606.ENSP00000500582","ING5","AKT3",9606,0.424,0,0,0,0.056,0.045,0.4,0.061
"9606.ENSP00000490940","9606.ENSP00000497806","ARHGEF9","DLG4",9606,0.434,0,0,0,0.078,0,0,0.41
"9606.ENSP00000490940","9606.ENSP00000497733","ARHGEF9","CDC42",9606,0.965,0,0,0,0,0.826,0.4,0.691
"9606.ENSP00000492240","9606.ENSP00000497351","KCTD7","GAN",9606,0.4,0,0,0,0,0,0.4,0
"9606.ENSP00000493946","9606.ENSP00000497174","RPGRIP1L","DYNC2H1",9606,0.509,0,0,0,0.149,0.073,0,0.428
"9606.ENSP00000494277","9606.ENSP00000494788","PATJ","CASK",9606,0.708,0,0,0,0.11,0.19,0,0.627
"9606.ENSP00000494277","9606.ENSP00000497733","PATJ","CDC42",9606,0.771,0,0,0,0.048,0.061,0,0.764
"9606.ENSP00000494788","9606.ENSP00000499797","CASK","CALM2",9606,0.439,0,0,0,0,0.415,0,0.081
"9606.ENSP00000494788","9606.ENSP00000497806","CASK","DLG4",9606,0.789,0,0,0,0.056,0.382,0.5,0.364
"9606.ENSP00000495631","9606.ENSP00000497806","ARHGEF7","DLG4",9606,0.406,0,0,0,0.097,0,0,0.37
"9606.ENSP00000495631","9606.ENSP00000499037","ARHGEF7","CBLB",9606,0.633,0,0,0,0.055,0.627,0,0
"9606.ENSP00000495631","9606.ENSP00000497733","ARHGEF7","CDC42",9606,0.999,0,0,0,0.088,0.722,0.9,0.986
"9606.ENSP00000496007","9606.ENSP00000497806","SYNGAP1","DLG4",9606,0.996,0,0,0,0.183,0.307,0,0.995
"9606.ENSP00000497733","9606.ENSP00000500582","CDC42","AKT3",9606,0.4,0,0,0,0.106,0.11,0,0.306
"9606.ENSP00000497733","9606.ENSP00000499797","CDC42","CALM2",9606,0.444,0,0,0,0.116,0.245,0,0.233
"9606.ENSP00000497733","9606.ENSP00000497806","CDC42","DLG4",9606,0.698,0,0,0,0.054,0.091,0,0.677
"9606.ENSP00000497806","9606.ENSP00000499797","DLG4","CALM2",9606,0.913,0,0,0,0,0.906,0,0.112
"9606.ENSP00000498227","9606.ENSP00000499797","SELL","CALM2",9606,0.9,0,0,0,0,0.9,0,0
