"Collection","Term","NES","p.adjust","n_leading_edge","Module","n_in_module","pct_of_leading_edge","pct_of_module"
"CELLTYPE","HAY_BONE_MARROW_NAIVE_T_CELL",-2.59114417547923,4.06941858354431e-32,163,"blue",114,69.9,8.83
"CELLTYPE","FAN_OVARY_CL13_MONOCYTE_MACROPHAGE",2.50957526963015,7.18083278877414e-46,255,"blue",64,25.1,4.96
"CELLTYPE","MANNO_MIDBRAIN_NEUROTYPES_HNBGABA",-1.71331275681604,3.69064888035703e-07,115,"blue",56,48.7,4.34
"CELLTYPE","HAY_BONE_MARROW_NEUTROPHIL",2.49685750428577,1.32108270904013e-44,231,"blue",51,22.1,3.95
"CELLTYPE","FAN_EMBRYONIC_CTX_BRAIN_NAIVE_LIKE_T_CELL",-1.48866830643818,0.00362590109055766,59,"blue",46,78,3.56
"CELLTYPE","MANNO_MIDBRAIN_NEUROTYPES_HDA1",-1.74600216994732,8.8867858235575e-07,102,"blue",45,44.1,3.49
"GOBP","GOBP_CELL_PROJECTION_MORPHOGENESIS",-1.41497017975129,0.00179144818098861,123,"blue",45,36.6,3.49
"CELLTYPE","RUBENSTEIN_SKELETAL_MUSCLE_MYELOID_CELLS",2.61984379193594,2.76967902367779e-47,212,"blue",43,20.3,3.33
"REACTOME","REACTOME_NEUTROPHIL_DEGRANULATION",2.20424807941324,4.74158985211962e-24,202,"blue",43,21.3,3.33
"GOBP","GOBP_CELL_MORPHOGENESIS_INVOLVED_IN_NEURON_DIFFERENTIATION",-1.5700019104305,4.79949088431018e-05,111,"blue",43,38.7,3.33
"CELLTYPE","DESCARTES_FETAL_KIDNEY_LYMPHOID_CELLS",-2.2112321306523,3.01062815525405e-11,68,"blue",42,61.8,3.25
"CELLTYPE","ZHONG_PFC_C3_MICROGLIA",-1.80461616538085,1.31048804290355e-07,107,"blue",42,39.3,3.25
"CELLTYPE","DESCARTES_FETAL_PANCREAS_LYMPHOID_CELLS",-2.48310744125856,1.1538741657824e-14,73,"blue",41,56.2,3.18
"CELLTYPE","TRAVAGLINI_LUNG_CD4_NAIVE_T_CELL",-2.32035036715558,1.19841415377579e-11,41,"blue",41,100,3.18
"CELLTYPE","ZHONG_PFC_MAJOR_TYPES_MICROGLIA",2.23815729064625,4.19295488956169e-25,188,"blue",40,21.3,3.1
"GOBP","GOBP_HEAD_DEVELOPMENT",-1.45976893721027,4.29361356703307e-05,153,"blue",40,26.1,3.1
"GOBP","GOBP_POST_TRANSCRIPTIONAL_REGULATION_OF_GENE_EXPRESSION",-1.39519550835805,0.00119508529054963,110,"blue",37,33.6,2.87
"CELLTYPE","DESCARTES_FETAL_LUNG_LYMPHOID_CELLS",-2.21359635771056,5.16173569873575e-10,80,"blue",36,45,2.79
"GOBP","GOBP_AXON_DEVELOPMENT",-1.45289429842866,0.00376134931718412,64,"blue",36,56.2,2.79
"CELLTYPE","DESCARTES_FETAL_CEREBELLUM_MICROGLIA",2.24162261661299,9.84651061903739e-29,203,"blue",35,17.2,2.71
"CELLTYPE","HU_FETAL_RETINA_MICROGLIA",2.25545269369469,9.65981661946991e-24,185,"blue",35,18.9,2.71
"CELLTYPE","HE_LIM_SUN_FETAL_LUNG_C2_HSC_ELP_CELL",-1.53454011600761,6.36188139605985e-05,106,"blue",35,33,2.71
"GOBP","GOBP_EMBRYO_DEVELOPMENT_ENDING_IN_BIRTH_OR_EGG_HATCHING",-1.361813524898,0.00179144818098861,117,"blue",35,29.9,2.71
"CELLTYPE","CUI_DEVELOPING_HEART_C8_MACROPHAGE",2.46439584328597,9.84651061903739e-29,145,"blue",33,22.8,2.56
"CELLTYPE","FAN_EMBRYONIC_CTX_BIG_GROUPS_MICROGLIA",2.31978500559541,3.61801770069109e-27,180,"blue",33,18.3,2.56
"CELLTYPE","DESCARTES_FETAL_INTESTINE_LYMPHOID_CELLS",-2.28418573016056,7.34373802668218e-11,62,"blue",33,53.2,2.56
"CELLTYPE","DESCARTES_FETAL_ADRENAL_LYMPHOID_CELLS",-1.89766152543489,4.13488369424103e-06,64,"blue",33,51.6,2.56
"CELLTYPE","MANNO_MIDBRAIN_NEUROTYPES_HDA",-1.36175363149868,0.012702913988807,70,"blue",33,47.1,2.56
"CELLTYPE","TRAVAGLINI_LUNG_CLASSICAL_MONOCYTE_CELL",2.52672240057779,7.63477690494725e-32,152,"blue",32,21.1,2.48
"CELLTYPE","MANNO_MIDBRAIN_NEUROTYPES_HNBML5",-1.97135971428357,7.17783055334305e-09,87,"blue",32,36.8,2.48
"CELLTYPE","ZHONG_PFC_C3_ASTROCYTE",-1.77271756608891,4.76172421885564e-07,85,"blue",32,37.6,2.48
"GOBP","GOBP_DEVELOPMENTAL_GROWTH",-1.27485919298142,0.0172841051857133,92,"blue",32,34.8,2.48
"CELLTYPE","SU_HO_CONV_CENT_CHONDROSARCOMA_STROMAL_C2_GRANULATING_CANCER_ASSOCIATED_FIBROBLAST",2.34885408599127,1.99074487840672e-17,68,"blue",31,45.6,2.4
"CELLTYPE","SU_HO_CONV_CENT_CHONDROSARCOMA_LEUKOCYTE_C4_OSTEOCLAST",1.70162066207799,8.03720791163845e-08,166,"blue",31,18.7,2.4
"CELLTYPE","TRAVAGLINI_LUNG_CD4_MEMORY_EFFECTOR_T_CELL",-1.97545495872026,1.25244756124066e-05,41,"blue",30,73.2,2.32
"GOBP","GOBP_EMBRYONIC_MORPHOGENESIS",-1.38413782896792,0.0051047819047641,129,"blue",29,22.5,2.25
"GOBP","GOBP_MUSCLE_STRUCTURE_DEVELOPMENT",-1.27970860251121,0.00919945411475005,96,"blue",29,30.2,2.25
"CELLTYPE","MANNO_MIDBRAIN_NEUROTYPES_HDA2",-1.3587199691201,0.0155432122755061,70,"blue",29,41.4,2.25
"CELLTYPE","FAN_OVARY_CL18_B_LYMPHOCYTE",2.01877034972715,2.05280972493261e-16,184,"blue",28,15.2,2.17
"CELLTYPE","SU_HO_CONV_CENT_CHONDROSARCOMA_C3_CHONDROBLASTIC_OSTEOSARCOMA",1.76557461714855,4.24873198841382e-08,156,"blue",28,17.9,2.17
"GOBP","GOBP_HEART_DEVELOPMENT",-1.47190755230539,0.000478394818557332,93,"blue",28,30.1,2.17
"CELLTYPE","HE_LIM_SUN_FETAL_LUNG_C1_GHRL_POS_NE_PRECURSOR_CELL",-1.4618818947159,0.0021101791518298,64,"blue",28,43.8,2.17
"CELLTYPE","FAN_OVARY_CL16_LYMPHATIC_ENDOTHELIAL_CELL",2.08534347120433,7.34373802668218e-11,93,"blue",27,29,2.09
"CELLTYPE","DESCARTES_FETAL_MUSCLE_LYMPHOID_CELLS",-2.17943012542358,3.25155355897929e-08,40,"blue",27,67.5,2.09
"CELLTYPE","DESCARTES_FETAL_HEART_LYMPHOID_CELLS",-1.95455733270902,1.10359175996727e-05,38,"blue",27,71.1,2.09
"CELLTYPE","MURARO_PANCREAS_MESENCHYMAL_STROMAL_CELL",1.25244394602938,0.0451400643662089,114,"blue",27,23.7,2.09
"CELLTYPE","SU_HO_CONV_CENT_CHONDROSARCOMA_C6_LEUKOCYTE",2.34782848897766,2.20235815916573e-24,136,"blue",26,19.1,2.01
"CELLTYPE","AIZARANI_LIVER_C23_KUPFFER_CELLS_3",2.3807520916568,1.52904103493416e-21,115,"blue",26,22.6,2.01
"GOBP","GOBP_RESPONSE_TO_BACTERIUM",2.0401147792961,2.7641341348706e-16,145,"blue",26,17.9,2.01
"GOBP","GOBP_REGULATION_OF_RESPONSE_TO_BIOTIC_STIMULUS",1.97000595628524,1.80123405394943e-14,148,"blue",26,17.6,2.01
"CELLTYPE","TRAVAGLINI_LUNG_CAPILLARY_INTERMEDIATE_2_CELL",1.93862786760338,1.20414073033231e-12,154,"blue",26,16.9,2.01
"GOBP","GOBP_RIBONUCLEOPROTEIN_COMPLEX_BIOGENESIS",-1.492760008869,2.54468506463065e-05,93,"blue",26,28,2.01
"GOBP","GOBP_SKELETAL_SYSTEM_DEVELOPMENT",-1.54031909287586,0.00038422164946209,75,"blue",26,34.7,2.01
"GOBP","GOBP_RENAL_SYSTEM_DEVELOPMENT",-1.47591725329061,0.0169866866013631,66,"blue",26,39.4,2.01
"GOBP","GOBP_CELLULAR_RESPONSE_TO_HORMONE_STIMULUS",-1.22439380002643,0.0229363309819212,85,"blue",26,30.6,2.01
"GOBP","GOBP_SENSORY_ORGAN_DEVELOPMENT",-1.28589874400241,0.0357314279107162,73,"blue",26,35.6,2.01
"CELLTYPE","DESCARTES_FETAL_PANCREAS_MYELOID_CELLS",2.47150377461595,2.20235815916573e-24,111,"blue",25,22.5,1.94
"CELLTYPE","DESCARTES_FETAL_CEREBRUM_MICROGLIA",2.21028171494098,1.52904103493416e-21,153,"blue",25,16.3,1.94
"CELLTYPE","DESCARTES_FETAL_STOMACH_LYMPHOID_CELLS",-2.11390887347122,5.79683889885918e-07,39,"blue",25,64.1,1.94
"CELLTYPE","DESCARTES_MAIN_FETAL_THYMOCYTES",-2.14102047534329,6.3874946734592e-07,36,"blue",25,69.4,1.94
"CELLTYPE","DESCARTES_FETAL_SPLEEN_LYMPHOID_CELLS",-1.95310193670938,1.56666576995758e-05,52,"blue",25,48.1,1.94
"CELLTYPE","AIZARANI_LIVER_C3_NK_NKT_CELLS_2",-1.74602777928248,6.20040792758709e-05,39,"blue",25,64.1,1.94
"GOBP","GOBP_WNT_SIGNALING_PATHWAY",-1.53903745008537,0.000308483930461741,97,"blue",25,25.8,1.94
"GOBP","GOBP_PATTERN_SPECIFICATION_PROCESS",-1.64584652029347,0.000401561241360963,60,"blue",25,41.7,1.94
"GOBP","GOBP_REGULATION_OF_VESICLE_MEDIATED_TRANSPORT",1.54907179722825,0.00041382112578855,113,"blue",25,22.1,1.94
"CELLTYPE","LAKE_ADULT_KIDNEY_C5_PROXIMAL_TUBULE_EPITHELIAL_CELLS_STRESS_INFLAM",-1.4628350867825,0.00213181946650455,75,"blue",25,33.3,1.94
"GOBP","GOBP_RESPONSE_TO_OXIDATIVE_STRESS",1.46021148546453,0.00793648134574455,94,"blue",25,26.6,1.94
"CELLTYPE","FAN_OVARY_CL9_PUTATIVE_APOPTOTIC_ENDOTHELIAL_CELL",2.11472122776589,8.43863689036781e-17,116,"blue",24,20.7,1.86
"GOBP","GOBP_POSITIVE_REGULATION_OF_DEFENSE_RESPONSE",1.96067180659754,2.79402698865409e-13,129,"blue",24,18.6,1.86
"CELLTYPE","LAKE_ADULT_KIDNEY_C2_PODOCYTES",-1.63789844663953,0.000895658248314963,42,"blue",24,57.1,1.86
"CELLTYPE","MANNO_MIDBRAIN_NEUROTYPES_HSERT",-1.37071442414375,0.014369114774226,51,"blue",24,47.1,1.86
"CELLTYPE","HE_LIM_SUN_FETAL_LUNG_C1_SMG_CELL",1.26252486033188,0.0422598562781237,77,"blue",24,31.2,1.86
"CELLTYPE","TRAVAGLINI_LUNG_NONCLASSICAL_MONOCYTE_CELL",2.40118069427873,9.17564491526811e-21,104,"blue",23,22.1,1.78
"CELLTYPE","FAN_OVARY_CL7_ANGEIOGENIC_ENDOTHELIAL_CELL",2.34577601993983,4.19083420219936e-20,91,"blue",23,25.3,1.78
"CELLTYPE","HAY_BONE_MARROW_MONOCYTE",2.29264195991971,3.22034933976072e-18,112,"blue",23,20.5,1.78
"GOBP","GOBP_POSITIVE_REGULATION_OF_CYTOKINE_PRODUCTION",1.98951422806117,4.22059750820767e-13,123,"blue",23,18.7,1.78
"GOBP","GOBP_REGULATION_OF_INNATE_IMMUNE_RESPONSE",1.96096506066228,1.66398854188769e-12,125,"blue",23,18.4,1.78
"CELLTYPE","DESCARTES_FETAL_LIVER_LYMPHOID_CELLS",-2.25908864421823,6.61049555704202e-09,40,"blue",23,57.5,1.78
"CELLTYPE","RUBENSTEIN_SKELETAL_MUSCLE_NK_CELLS",1.8623526996284,2.51544339336115e-07,73,"blue",23,31.5,1.78
"CELLTYPE","DESCARTES_FETAL_PLACENTA_LYMPHOID_CELLS",-1.88213514925822,1.81793872956626e-05,39,"blue",23,59,1.78
"REACTOME","REACTOME_CLASS_I_MHC_MEDIATED_ANTIGEN_PROCESSING_PRESENTATION",1.67767902937802,7.30188656056951e-05,72,"blue",23,31.9,1.78
"CELLTYPE","LAKE_ADULT_KIDNEY_C14_DISTAL_CONVOLUTED_TUBULE",-1.74435753092082,8.2056555017671e-05,51,"blue",23,45.1,1.78
"GOBP","GOBP_REGULATION_OF_DNA_METABOLIC_PROCESS",-1.48562581834358,0.000177444321612682,132,"blue",23,17.4,1.78
"CELLTYPE","GAUTAM_EYE_CORNEA_MELANOCYTES",1.57012099698094,0.00117444024824468,68,"blue",23,33.8,1.78
"GOBP","GOBP_CHROMOSOME_ORGANIZATION",-1.38126482731286,0.00175505519218694,123,"blue",23,18.7,1.78
"GOBP","GOBP_POSITIVE_REGULATION_OF_PROGRAMMED_CELL_DEATH",1.43740069924662,0.00552999347156657,90,"blue",23,25.6,1.78
"CELLTYPE","AIZARANI_LIVER_C6_KUPFFER_CELLS_2",2.46500905359563,1.5810639668814e-25,123,"blue",22,17.9,1.7
"GOBP","GOBP_REGULATION_OF_IMMUNE_EFFECTOR_PROCESS",1.97828274277307,4.88105792231286e-11,99,"blue",22,22.2,1.7
"CELLTYPE","LAKE_ADULT_KIDNEY_C10_THIN_ASCENDING_LIMB",1.72508797661326,1.48437882219416e-06,111,"blue",22,19.8,1.7
"GOBP","GOBP_NEGATIVE_REGULATION_OF_IMMUNE_SYSTEM_PROCESS",1.69464914381547,1.49784762732345e-06,115,"blue",22,19.1,1.7
"CELLTYPE","TRAVAGLINI_LUNG_BASOPHIL_MAST_2_CELL",1.50276685305484,0.000179145605850663,157,"blue",22,14,1.7
"GOBP","GOBP_REGULATION_OF_TRANSLATION",-1.49427335634044,0.000743197098685745,79,"blue",22,27.8,1.7
"GOBP","GOBP_VESICLE_ORGANIZATION",1.56632873532365,0.00118562844218796,111,"blue",22,19.8,1.7
"GOBP","GOBP_EPITHELIAL_TUBE_MORPHOGENESIS",-1.57999171486719,0.00347449999990545,52,"blue",22,42.3,1.7
"CELLTYPE","MANNO_MIDBRAIN_NEUROTYPES_HOMTN",-1.42808064075051,0.0110042063629915,36,"blue",22,61.1,1.7
"GOBP","GOBP_POSITIVE_REGULATION_OF_MOLECULAR_FUNCTION",1.395831007589,0.0255175152135338,95,"blue",22,23.2,1.7
"CELLTYPE","BUSSLINGER_GASTRIC_ISTHMUS_CELLS",1.3047460076561,0.0339894719376318,115,"blue",22,19.1,1.7
"CELLTYPE","GAO_LARGE_INTESTINE_24W_C11_PANETH_LIKE_CELL",2.40258414285748,5.76802958227315e-27,145,"blue",21,14.5,1.63
"CELLTYPE","TRAVAGLINI_LUNG_MACROPHAGE_CELL",2.54689314141999,9.99637563006079e-26,107,"blue",21,19.6,1.63
"GOBP","GOBP_POSITIVE_REGULATION_OF_RESPONSE_TO_BIOTIC_STIMULUS",1.88676882866665,4.37893160870475e-09,106,"blue",21,19.8,1.63
"GOBP","GOBP_RIBOSOME_BIOGENESIS",-1.70577723951812,3.76037569805291e-06,84,"blue",21,25,1.63
"CELLTYPE","AIZARANI_LIVER_C1_NK_NKT_CELLS_1",-1.52576619278986,0.00212056074462754,49,"blue",21,42.9,1.63
"GOBP","GOBP_MEMBRANELESS_ORGANELLE_ASSEMBLY",-1.39035032204417,0.00319127246327353,80,"blue",21,26.2,1.63
"GOBP","GOBP_REGULATION_OF_LYMPHOCYTE_ACTIVATION",1.44463950439248,0.00376285152294942,96,"blue",21,21.9,1.63
"GOBP","GOBP_PURINE_CONTAINING_COMPOUND_METABOLIC_PROCESS",1.38373421901823,0.0130202089231162,161,"blue",21,13,1.63
"GOBP","GOBP_APOPTOTIC_SIGNALING_PATHWAY",1.32981865279784,0.0350678283545614,101,"blue",21,20.8,1.63
"CELLTYPE","DESCARTES_FETAL_INTESTINE_MYELOID_CELLS",2.55411474267391,1.35113805365799e-27,100,"blue",20,20,1.55
"CELLTYPE","FAN_OVARY_CL4_T_LYMPHOCYTE_NK_CELL_1",1.74262412975494,1.04215089893099e-05,96,"blue",20,20.8,1.55
"GOBP","GOBP_NEURON_PROJECTION_GUIDANCE",-1.8250085281647,0.000616939917236818,47,"blue",20,42.6,1.55
"CELLTYPE","TRAVAGLINI_LUNG_CD8_NAIVE_T_CELL",-1.65955799783387,0.000649626982699566,46,"blue",20,43.5,1.55
"GOBP","GOBP_EPIGENETIC_REGULATION_OF_GENE_EXPRESSION",-1.51836767466617,0.00175505519218694,83,"blue",20,24.1,1.55
"CELLTYPE","MANNO_MIDBRAIN_NEUROTYPES_HRN",-1.54711568216592,0.00201959658109717,52,"blue",20,38.5,1.55
"GOBP","GOBP_FOREBRAIN_DEVELOPMENT",-1.48887116548019,0.00865333187773394,72,"blue",20,27.8,1.55
"CELLTYPE","HE_LIM_SUN_FETAL_LUNG_C0_LATE_MESOTHELIAL_CELL",1.32363516063648,0.0115673932525951,94,"blue",20,21.3,1.55
"CELLTYPE","MURARO_PANCREAS_DELTA_CELL",-1.44787985431634,0.014693087316041,39,"blue",20,51.3,1.55
"CELLTYPE","FAN_EMBRYONIC_CTX_BRAIN_MYELOID",2.4732928418534,1.91740799034007e-19,89,"blue",19,21.3,1.47
"CELLTYPE","TRAVAGLINI_LUNG_NEUTROPHIL_CELL",2.07293065678914,4.43934076435434e-16,166,"blue",19,11.4,1.47
"CELLTYPE","RUBENSTEIN_SKELETAL_MUSCLE_SMOOTH_MUSCLE_CELLS",2.03213120333669,2.78442200789515e-15,173,"blue",19,11,1.47
"REACTOME","REACTOME_ANTIGEN_PROCESSING_CROSS_PRESENTATION",2.40402685231364,3.95917025866675e-13,43,"blue",19,44.2,1.47
"CELLTYPE","HE_LIM_SUN_FETAL_LUNG_C2_APOE_POS_M2_MACROPHAGE_CELL",1.80669641222767,4.47195074119899e-10,97,"blue",19,19.6,1.47
"GOBP","GOBP_LEUKOCYTE_MEDIATED_IMMUNITY",1.74971306953401,1.23511962361738e-06,129,"blue",19,14.7,1.47
"HALLMARK","HALLMARK_ESTROGEN_RESPONSE_EARLY",-1.70193136070758,0.000115025217972268,35,"blue",19,54.3,1.47
"GOBP","GOBP_REGULATION_OF_SMALL_GTPASE_MEDIATED_SIGNAL_TRANSDUCTION",-1.52104535895848,0.00274929714465673,78,"blue",19,24.4,1.47
"REACTOME","REACTOME_EPIGENETIC_REGULATION_OF_GENE_EXPRESSION",-1.5144376982729,0.00405364832694841,75,"blue",19,25.3,1.47
"GOBP","GOBP_CONNECTIVE_TISSUE_DEVELOPMENT",-1.55003314148235,0.00488988445869567,57,"blue",19,33.3,1.47
"CELLTYPE","HE_LIM_SUN_FETAL_LUNG_C4_CD4_T_CELL",-1.65958234860733,0.0186862145474072,21,"blue",19,90.5,1.47
"CELLTYPE","HE_LIM_SUN_FETAL_LUNG_C4_CD8_T_CELL",-1.60030129773491,0.0216024660915004,23,"blue",19,82.6,1.47
"GOBP","GOBP_CANONICAL_WNT_SIGNALING_PATHWAY",-1.34909138001731,0.0373556077158121,60,"blue",19,31.7,1.47
"CELLTYPE","SU_HO_CONV_CENT_CHONDROSARCOMA_C5_CHON2",1.93617402619425,2.5083844791703e-09,122,"blue",18,14.8,1.39
"CELLTYPE","AIZARANI_LIVER_C28_NK_NKT_CELLS_6",-2.14534001057089,1.64867204667726e-07,29,"blue",18,62.1,1.39
"CELLTYPE","MANNO_MIDBRAIN_NEUROTYPES_HNBML1",-1.91581902290943,3.9280818330507e-06,50,"blue",18,36,1.39
"CELLTYPE","RUBENSTEIN_SKELETAL_MUSCLE_FBN1_FAP_CELLS",1.73604946695946,1.37369446513867e-05,74,"blue",18,24.3,1.39
"GOBP","GOBP_GENERATION_OF_PRECURSOR_METABOLITES_AND_ENERGY",1.62606017481088,0.000128599348126834,147,"blue",18,12.2,1.39
"CELLTYPE","TRAVAGLINI_LUNG_ALVEOLAR_EPITHELIAL_TYPE_1_CELL",1.54861639067756,0.000825833494349691,91,"blue",18,19.8,1.39
"GOBP","GOBP_NUCLEOTIDE_METABOLIC_PROCESS",1.43911959028442,0.00653476809511803,143,"blue",18,12.6,1.39
"GOBP","GOBP_DNA_REPLICATION",-1.40492099448959,0.00943806692027779,75,"blue",18,24,1.39
"GOBP","GOBP_TAXIS",1.46629238048238,0.0138921892157274,90,"blue",18,20,1.39
"GOBP","GOBP_NEGATIVE_REGULATION_OF_GENE_EXPRESSION_EPIGENETIC",-1.48774415082508,0.0148366678094969,73,"blue",18,24.7,1.39
"GOBP","GOBP_REGULATION_OF_CELL_CELL_ADHESION",1.34385811130278,0.0409016414196135,111,"blue",18,16.2,1.39
"CELLTYPE","DURANTE_ADULT_OLFACTORY_NEUROEPITHELIUM_DENDRITIC_CELLS",2.45247738651022,2.32457527231193e-18,83,"blue",17,20.5,1.32
"GOBP","GOBP_REGULATION_OF_INFLAMMATORY_RESPONSE",1.88083950933334,3.1366605992716e-08,93,"blue",17,18.3,1.32
"GOBP","GOBP_ADAPTIVE_IMMUNE_RESPONSE_BASED_ON_SOMATIC_RECOMBINATION_OF_IMMUNE_RECEPTORS_BUILT_FROM_IMMUNOGLOBULIN_SUPERFAMILY_DOMAINS",1.82911891179356,6.93531565796323e-08,102,"blue",17,16.7,1.32
"GOBP","GOBP_RRNA_METABOLIC_PROCESS",-1.79111735630863,1.84248499938554e-06,69,"blue",17,24.6,1.32
"CELLTYPE","FAN_EMBRYONIC_CTX_BIG_GROUPS_BRAIN_IMMUNE",1.90391203715149,2.13460868906642e-06,45,"blue",17,37.8,1.32
"CELLTYPE","LAKE_ADULT_KIDNEY_C13_THICK_ASCENDING_LIMB",-2.03834047766772,2.51390875213641e-06,29,"blue",17,58.6,1.32
"CELLTYPE","LAKE_ADULT_KIDNEY_C9_THIN_ASCENDING_LIMB",1.76257359200877,4.90541810480761e-06,90,"blue",17,18.9,1.32
"GOBP","GOBP_REGULATION_OF_LEUKOCYTE_MEDIATED_IMMUNITY",1.74618699696115,8.1426063093913e-05,72,"blue",17,23.6,1.32
"CELLTYPE","TRAVAGLINI_LUNG_BASOPHIL_MAST_1_CELL",1.56400584142497,0.000691420027133417,97,"blue",17,17.5,1.32
"GOBP","GOBP_CARBOHYDRATE_DERIVATIVE_CATABOLIC_PROCESS",1.68029712605573,0.000742282553560871,67,"blue",17,25.4,1.32
"GOBP","GOBP_REGULATION_OF_SECRETION",1.48445505599372,0.00364733276873463,115,"blue",17,14.8,1.32
"CELLTYPE","HU_FETAL_RETINA_FIBROBLAST",1.46257562422772,0.00598877675149188,75,"blue",17,22.7,1.32
"GOBP","GOBP_MONOCARBOXYLIC_ACID_METABOLIC_PROCESS",1.33780647778621,0.0437375781866114,135,"blue",17,12.6,1.32
"CELLTYPE","LAKE_ADULT_KIDNEY_C3_PROXIMAL_TUBULE_EPITHELIAL_CELLS_S1_S2",-1.32860908936682,0.0476023686099135,50,"blue",17,34,1.32
"CELLTYPE","AIZARANI_LIVER_C2_KUPFFER_CELLS_1",2.3877073053848,1.04080958009656e-20,107,"blue",16,15,1.24
"CELLTYPE","FAN_OVARY_CL10_PUTATIVE_EARLY_ATRESIA_GRANULOSA_CELL",2.21558930481852,1.47785134846054e-17,151,"blue",16,10.6,1.24
"CELLTYPE","HAY_BONE_MARROW_IMMATURE_NEUTROPHIL",2.19661199682571,8.39031197578698e-14,77,"blue",16,20.8,1.24
"GOBP","GOBP_DEFENSE_RESPONSE_TO_BACTERIUM",2.22823222729338,1.11706829472026e-13,81,"blue",16,19.8,1.24
"CELLTYPE","HU_FETAL_RETINA_BLOOD",1.99981317374008,1.77666489304127e-10,97,"blue",16,16.5,1.24
"GOBP","GOBP_NEGATIVE_REGULATION_OF_CELL_ACTIVATION",1.93749868515657,3.68248040242674e-07,72,"blue",16,22.2,1.24
"GOBP","GOBP_POSITIVE_REGULATION_OF_IMMUNE_EFFECTOR_PROCESS",1.91034442553015,1.23511962361738e-06,61,"blue",16,26.2,1.24
"CELLTYPE","FAN_EMBRYONIC_CTX_BIG_GROUPS_BRAIN_ENDOTHELIAL",1.7575595932345,1.62133673304793e-06,70,"blue",16,22.9,1.24
"CELLTYPE","DESCARTES_FETAL_CEREBRUM_MEGAKARYOCYTES",1.66108666161133,6.18973412773719e-06,111,"blue",16,14.4,1.24
"CELLTYPE","BUSSLINGER_ESOPHAGEAL_DENDRITIC_CELLS",1.70475807905345,7.09784104795529e-05,89,"blue",16,18,1.24
"CELLTYPE","SU_HO_FOETAL_FEMUR_C2_HYPERTROPHIC_CHONDROCYTE",1.61155390854985,0.000192732101181151,94,"blue",16,17,1.24
"CELLTYPE","LAKE_ADULT_KIDNEY_C20_COLLECTING_DUCT_INTERCALATED_CELLS_TYPE_A_CORTEX",-1.80592145062855,0.000241578069958784,36,"blue",16,44.4,1.24
"GOBP","GOBP_REGULATION_OF_ENDOCYTOSIS",1.70562588056922,0.000377261233697568,73,"blue",16,21.9,1.24
"GOBP","GOBP_NEGATIVE_REGULATION_OF_RESPONSE_TO_EXTERNAL_STIMULUS",1.63409697005221,0.000482148580048311,109,"blue",16,14.7,1.24
"GOBP","GOBP_CELL_ACTIVATION_INVOLVED_IN_IMMUNE_RESPONSE",1.61279076767356,0.000634745867838001,78,"blue",16,20.5,1.24
"GOBP","GOBP_STEM_CELL_DIFFERENTIATION",-1.74793542608177,0.000663776712735365,56,"blue",16,28.6,1.24
"GOBP","GOBP_RESPONSE_TO_WOUNDING",1.50957334294015,0.00198345973707923,108,"blue",16,14.8,1.24
"GOBP","GOBP_EXOCYTOSIS",1.5474980343306,0.00362985358938341,86,"blue",16,18.6,1.24
"GOBP","GOBP_HETEROCHROMATIN_ORGANIZATION",-1.55695553341522,0.00430828379109577,65,"blue",16,24.6,1.24
"CELLTYPE","FAN_EMBRYONIC_CTX_EX_4_EXCITATORY_NEURON",-1.54714604749857,0.00869444731244311,27,"blue",16,59.3,1.24
"GOBP","GOBP_REGULATION_OF_APOPTOTIC_SIGNALING_PATHWAY",1.48053126283656,0.0102170211068313,69,"blue",16,23.2,1.24
"GOBP","GOBP_SYNAPSE_ASSEMBLY",-1.51101131632752,0.0148033731310828,53,"blue",16,30.2,1.24
"GOBP","GOBP_LEUKOCYTE_PROLIFERATION",1.4767394269018,0.0156271728088743,62,"blue",16,25.8,1.24
"GOBP","GOBP_LEUKOCYTE_CELL_CELL_ADHESION",1.41235699015868,0.0171796272202972,85,"blue",16,18.8,1.24
"CELLTYPE","LAKE_ADULT_KIDNEY_C17_COLLECTING_SYSTEM_PCS_STRESSED_DISSOC_SUBSET",-1.3503707100246,0.0250603128522044,49,"blue",16,32.7,1.24
"GOBP","GOBP_NUCLEOSIDE_PHOSPHATE_BIOSYNTHETIC_PROCESS",1.47004132436183,0.025403784956825,106,"blue",16,15.1,1.24
"CELLTYPE","LAKE_ADULT_KIDNEY_C18_COLLECTING_DUCT_PRINCIPAL_CELLS_MEDULLA",1.33653643681322,0.033832507217795,95,"blue",16,16.8,1.24
"CELLTYPE","SU_HO_CONV_CENT_CHONDROSARCOMA_LEUKOCYTE_C0_M1_MACROPHAGE",2.28274155854405,2.0150583738969e-19,90,"blue",15,16.7,1.16
"CELLTYPE","HAY_BONE_MARROW_PLATELET",2.21163620806714,3.38338280671304e-15,114,"blue",15,13.2,1.16
"GOBP","GOBP_TUMOR_NECROSIS_FACTOR_SUPERFAMILY_CYTOKINE_PRODUCTION",2.04312867467443,5.86863370796052e-08,74,"blue",15,20.3,1.16
"GOBP","GOBP_ACTIVATION_OF_INNATE_IMMUNE_RESPONSE",1.87326719155957,2.03158721769362e-07,82,"blue",15,18.3,1.16
"GOBP","GOBP_MYELOID_LEUKOCYTE_ACTIVATION",1.92970588272057,3.49004061335027e-07,81,"blue",15,18.5,1.16
"HALLMARK","HALLMARK_UV_RESPONSE_DN",-1.94636451272052,5.40346829794806e-06,43,"blue",15,34.9,1.16
"GOBP","GOBP_CELLULAR_RESPIRATION",1.74588608657811,1.55674141045807e-05,121,"blue",15,12.4,1.16
"CELLTYPE","FAN_OVARY_CL6_PUTATIVE_EARLY_ATRETIC_FOLLICLE_THECAL_CELL_2",1.687863676848,4.25339047095548e-05,91,"blue",15,16.5,1.16
"GOBP","GOBP_ANTERIOR_POSTERIOR_PATTERN_SPECIFICATION",-1.91654897795535,0.000152412181790653,36,"blue",15,41.7,1.16
"REACTOME","REACTOME_SUMOYLATION",-1.82263036980855,0.000215184437900274,52,"blue",15,28.8,1.16
"CELLTYPE","FAN_OVARY_CL5_HEALTHY_SELECTABLE_FOLLICLE_THECAL_CELL",1.58363216895387,0.000413093618887839,50,"blue",15,30,1.16
"REACTOME","REACTOME_CHROMATIN_ORGANIZATION",-1.66498864751074,0.0006180340754785,74,"blue",15,20.3,1.16
"GOBP","GOBP_IMMUNE_RESPONSE_REGULATING_CELL_SURFACE_RECEPTOR_SIGNALING_PATHWAY",1.55196714998476,0.00161970118903796,81,"blue",15,18.5,1.16
"CELLTYPE","LAKE_ADULT_KIDNEY_C26_MESANGIAL_CELLS",-1.50362600558737,0.00352199859750251,46,"blue",15,32.6,1.16
"CELLTYPE","LAKE_ADULT_KIDNEY_C15_CONNECTING_TUBULE",-1.57955821717087,0.00423498814093675,36,"blue",15,41.7,1.16
"GOBP","GOBP_REGULATION_OF_MRNA_METABOLIC_PROCESS",-1.44433269508675,0.00525019692322593,53,"blue",15,28.3,1.16
"GOBP","GOBP_DNA_RECOMBINATION",-1.44272188023126,0.00551181401013992,86,"blue",15,17.4,1.16
"GOBP","GOBP_NEGATIVE_REGULATION_OF_TRANSPORT",1.49953729157753,0.0075302990276454,76,"blue",15,19.7,1.16
"CELLTYPE","LAKE_ADULT_KIDNEY_C19_COLLECTING_DUCT_INTERCALATED_CELLS_TYPE_A_MEDULLA",1.45311368781832,0.00773750074300764,107,"blue",15,14,1.16
"GOBP","GOBP_NEPHRON_DEVELOPMENT",-1.65849881870711,0.0116179323793546,28,"blue",15,53.6,1.16
"CELLTYPE","DESCARTES_MAIN_FETAL_LYMPHOID_CELLS",-1.44825175477313,0.0124887208830706,27,"blue",15,55.6,1.16
"GOBP","GOBP_REGULATION_OF_T_CELL_ACTIVATION",1.44663394107994,0.0156248060032965,79,"blue",15,19,1.16
"CELLTYPE","FAN_OVARY_CL11_MURAL_GRANULOSA_CELL",1.33261993554555,0.0183321357901871,74,"blue",15,20.3,1.16
"GOBP","GOBP_POSITIVE_REGULATION_OF_PROTEIN_MODIFICATION_PROCESS",1.3882896870839,0.0383100009513325,63,"blue",15,23.8,1.16
"REACTOME","REACTOME_DENGUE_VIRUS_INFECTION",1.34379594641095,0.0454739431292261,72,"blue",15,20.8,1.16
"CELLTYPE","DESCARTES_FETAL_ADRENAL_MYELOID_CELLS",2.61110366973416,1.46487011615098e-25,92,"blue",14,15.2,1.08
"CELLTYPE","DESCARTES_FETAL_KIDNEY_MYELOID_CELLS",2.50934735311428,2.37484323274529e-22,95,"blue",14,14.7,1.08
"CELLTYPE","AIZARANI_LIVER_C18_NK_NKT_CELLS_5",2.24444485463761,6.48003772316783e-12,71,"blue",14,19.7,1.08
"CELLTYPE","TRAVAGLINI_LUNG_BRONCHIAL_VESSEL_2_CELL",2.00298075084021,3.24811004886811e-10,64,"blue",14,21.9,1.08
"CELLTYPE","FAN_OVARY_CL14_MATURE_SMOOTH_MUSCLE_CELL",1.964821384917,3.6289835626552e-10,130,"blue",14,10.8,1.08
"GOBP","GOBP_ANTIGEN_PROCESSING_AND_PRESENTATION",2.2063518917994,4.37893160870475e-09,46,"blue",14,30.4,1.08
"GOBP","GOBP_MAINTENANCE_OF_CELL_NUMBER",-2.15518680496468,3.1366605992716e-08,56,"blue",14,25,1.08
"GOBP","GOBP_CYTOKINE_MEDIATED_SIGNALING_PATHWAY",1.78801031221137,1.25411594888914e-07,105,"blue",14,13.3,1.08
"CELLTYPE","GAUTAM_EYE_IRIS_CILIARY_BODY_MELANOCYTES",1.84503680358864,1.98979614801119e-07,96,"blue",14,14.6,1.08
"GOBP","GOBP_PHAGOCYTOSIS",1.90192154394027,1.23511962361738e-06,83,"blue",14,16.9,1.08
"GOBP","GOBP_REGULATION_OF_ADAPTIVE_IMMUNE_RESPONSE",1.90674458945216,1.64482520112282e-06,66,"blue",14,21.2,1.08
"CELLTYPE","LAKE_ADULT_KIDNEY_C8_DECENDING_THIN_LIMB",1.74502715840074,5.26882664871887e-06,80,"blue",14,17.5,1.08
"GOBP","GOBP_RRNA_PROCESSING",-1.77044998174936,3.74845107725618e-05,62,"blue",14,22.6,1.08
"GOBP","GOBP_LYMPHOCYTE_MEDIATED_IMMUNITY",1.7153968607007,3.74845107725618e-05,100,"blue",14,14,1.08
"CELLTYPE","BUSSLINGER_ESOPHAGEAL_LATE_SUPRABASAL_CELLS",1.82025152097581,0.000138688026801771,33,"blue",14,42.4,1.08
"CELLTYPE","BUSSLINGER_GASTRIC_PARIETAL_CELLS",1.61400655165273,0.000542045026108289,100,"blue",14,14,1.08
"CELLTYPE","AIZARANI_LIVER_C5_NK_NKT_CELLS_3",-1.64967843525849,0.00123598862018495,44,"blue",14,31.8,1.08
"GOBP","GOBP_REGULATION_OF_LYMPHOCYTE_MEDIATED_IMMUNITY",1.6937266829222,0.00184703904087476,51,"blue",14,27.5,1.08
"GOBP","GOBP_NEGATIVE_REGULATION_OF_CYTOKINE_PRODUCTION",1.57473856123246,0.00387139421441504,61,"blue",14,23,1.08
"CELLTYPE","MANNO_MIDBRAIN_NEUROTYPES_HNBM",-1.4859624172646,0.00840406832671204,44,"blue",14,31.8,1.08
"GOBP","GOBP_REGULATION_OF_LEUKOCYTE_PROLIFERATION",1.55507368510075,0.00905101811295585,52,"blue",14,26.9,1.08
"GOBP","GOBP_KIDNEY_EPITHELIUM_DEVELOPMENT",-1.72375928897294,0.0109414464190008,23,"blue",14,60.9,1.08
"GOBP","GOBP_SENSORY_ORGAN_MORPHOGENESIS",-1.53470134619394,0.0131275120681785,43,"blue",14,32.6,1.08
"CELLTYPE","GAO_LARGE_INTESTINE_ADULT_CI_MESENCHYMAL_CELLS",1.34440384164045,0.014481631070983,62,"blue",14,22.6,1.08
"GOBP","GOBP_PURINE_CONTAINING_COMPOUND_BIOSYNTHETIC_PROCESS",1.51060141886813,0.01516875375051,92,"blue",14,15.2,1.08
"GOBP","GOBP_TELENCEPHALON_DEVELOPMENT",-1.44663516437918,0.0156548691654716,54,"blue",14,25.9,1.08
"GOBP","GOBP_BONE_DEVELOPMENT",-1.44048562134882,0.02915420318015,32,"blue",14,43.8,1.08
"CELLTYPE","GAUTAM_EYE_IRIS_CILIARY_BODY_ACTIVATED_T_CELLS",-1.39027092917649,0.0297970414348855,26,"blue",14,53.8,1.08
"GOBP","GOBP_REGULATION_OF_MRNA_CATABOLIC_PROCESS",-1.41143949433045,0.0327236982917012,38,"blue",14,36.8,1.08
"CELLTYPE","HU_FETAL_RETINA_RGC",1.33572183077386,0.0339894719376318,79,"blue",14,17.7,1.08
"GOBP","GOBP_LEUKOCYTE_MIGRATION",1.36813646921037,0.0489122367247454,68,"blue",14,20.6,1.08
"HALLMARK","HALLMARK_INTERFERON_GAMMA_RESPONSE",2.72404223250205,9.89731267763533e-38,109,"blue",13,11.9,1.01
"CELLTYPE","DESCARTES_FETAL_LIVER_MYELOID_CELLS",2.51657294004724,9.46208164340952e-23,91,"blue",13,14.3,1.01
"GOBP","GOBP_RESPONSE_TO_VIRUS",2.00566988068365,1.12700119927954e-12,109,"blue",13,11.9,1.01
"CELLTYPE","AIZARANI_LIVER_C25_KUPFFER_CELLS_4",2.15533586340741,9.04454685170858e-12,79,"blue",13,16.5,1.01
"CELLTYPE","MENON_FETAL_KIDNEY_7_LOOPOF_HENLE_CELLS_DISTAL",1.88921211876504,4.17642034929622e-08,117,"blue",13,11.1,1.01
"GOBP","GOBP_CELL_KILLING",2.05369446266512,4.68172200188033e-08,77,"blue",13,16.9,1.01
"GOBP","GOBP_NEGATIVE_REGULATION_OF_LYMPHOCYTE_ACTIVATION",1.9280778384428,5.98601881444521e-06,60,"blue",13,21.7,1.01
"GOBP","GOBP_NEGATIVE_REGULATION_OF_CELL_ADHESION",1.69976164521619,0.000295635803993126,72,"blue",13,18.1,1.01
"CELLTYPE","DESCARTES_FETAL_CEREBELLUM_VASCULAR_ENDOTHELIAL_CELLS",1.52918357705076,0.000299711656573844,90,"blue",13,14.4,1.01
"GOBP","GOBP_REACTIVE_OXYGEN_SPECIES_METABOLIC_PROCESS",1.67965591551896,0.00106534628059748,66,"blue",13,19.7,1.01
"HALLMARK","HALLMARK_G2M_CHECKPOINT",-1.47671245590758,0.00218402272804061,44,"blue",13,29.5,1.01
"GOBP","GOBP_PROTEIN_MATURATION",1.46603394739243,0.00225849843290919,107,"blue",13,12.1,1.01
"CELLTYPE","FAN_EMBRYONIC_CTX_BIG_GROUPS_CAJAL_RETZIUS",1.45260557564062,0.00554139328088634,107,"blue",13,12.1,1.01
"GOBP","GOBP_RNA_LOCALIZATION",-1.54539862647538,0.00825793686381314,49,"blue",13,26.5,1.01
"GOBP","GOBP_VACUOLE_ORGANIZATION",1.47747054121339,0.0131275120681785,70,"blue",13,18.6,1.01
"REACTOME","REACTOME_REGULATION_OF_TP53_ACTIVITY",-1.54134068750042,0.018329488651546,47,"blue",13,27.7,1.01
"CELLTYPE","GAUTAM_EYE_CORNEA_CYTOTOXIC_T_CELLS",-1.39098850906073,0.0232363139812205,44,"blue",13,29.5,1.01
"GOBP","GOBP_NUCLEUS_ORGANIZATION",-1.46594473254215,0.0327048125533965,33,"blue",13,39.4,1.01
"GOBP","GOBP_POSITIVE_REGULATION_OF_MAPK_CASCADE",1.39935499051098,0.0347413066853791,79,"blue",13,16.5,1.01
"CELLTYPE","DESCARTES_FETAL_PLACENTA_MYELOID_CELLS",2.48868899170257,1.99117471982221e-19,76,"blue",12,15.8,0.93
"HALLMARK","HALLMARK_OXIDATIVE_PHOSPHORYLATION",1.96917372179676,1.39337713057241e-08,107,"blue",12,11.2,0.93
"CELLTYPE","ZHENG_CORD_BLOOD_C8_PUTATIVE_LYMPHOID_PRIMED_MULTIPOTENT_PROGENITOR_2",2.09929115321241,2.26145565327985e-08,43,"blue",12,27.9,0.93
"CELLTYPE","MENON_FETAL_KIDNEY_10_IMMUNE_CELLS",2.09756593140801,5.5912680334933e-08,46,"blue",12,26.1,0.93
"CELLTYPE","LAKE_ADULT_KIDNEY_C16_COLLECTING_SYSTEM_PRINCIPAL_CELLS_CORTEX",-2.14081177954486,3.39533211055425e-07,26,"blue",12,46.2,0.93
"CELLTYPE","RUBENSTEIN_SKELETAL_MUSCLE_PCV_ENDOTHELIAL_CELLS",1.72234794003197,2.85942901332856e-05,53,"blue",12,22.6,0.93
"GOBP","GOBP_NEGATIVE_REGULATION_OF_CELL_CELL_ADHESION",1.82171101355598,0.000108768829495121,52,"blue",12,23.1,0.93
"CELLTYPE","GAUTAM_EYE_CHOROID_SCLERA_MONOCYTES",1.76205200985835,0.000202115636894517,42,"blue",12,28.6,0.93
"GOBP","GOBP_NEGATIVE_REGULATION_OF_DEFENSE_RESPONSE",1.62776991462381,0.00151807632395077,87,"blue",12,13.8,0.93
"GOBP","GOBP_POSITIVE_REGULATION_OF_LEUKOCYTE_MEDIATED_IMMUNITY",1.68795761789354,0.00347449999990545,33,"blue",12,36.4,0.93
"GOBP","GOBP_WOUND_HEALING",1.47688135239136,0.0094866245581036,86,"blue",12,14,0.93
"GOBP","GOBP_SMOOTHENED_SIGNALING_PATHWAY",-1.58320095877675,0.0117038273291598,41,"blue",12,29.3,0.93
"GOBP","GOBP_NUCLEOSIDE_TRIPHOSPHATE_METABOLIC_PROCESS",1.50499317590699,0.0119524461402866,90,"blue",12,13.3,0.93
"CELLTYPE","HE_LIM_SUN_FETAL_LUNG_C1_PROXIMAL_SECRETORY_3_CELL",1.50532554452269,0.0169397739323778,37,"blue",12,32.4,0.93
"CELLTYPE","FAN_OVARY_CL17_PUTATIVE_APOPTOTIC_SMOOTH_MUSCLE_CELL",1.43179821718645,0.0172201536085324,60,"blue",12,20,0.93
"GOBP","GOBP_REGULATED_EXOCYTOSIS",1.49953394888014,0.0210642558840136,49,"blue",12,24.5,0.93
"GOBP","GOBP_ESTABLISHMENT_OR_MAINTENANCE_OF_CELL_POLARITY",-1.35942531149532,0.0427017623016389,44,"blue",12,27.3,0.93
"CELLTYPE","DURANTE_ADULT_OLFACTORY_NEUROEPITHELIUM_MACROPHAGES",2.21531985651391,8.74217179135102e-10,41,"blue",11,26.8,0.85
"GOBP","GOBP_POSITIVE_REGULATION_OF_TUMOR_NECROSIS_FACTOR_SUPERFAMILY_CYTOKINE_PRODUCTION",2.16158211463241,1.06267153629794e-08,47,"blue",11,23.4,0.85
"HALLMARK","HALLMARK_COMPLEMENT",1.86122935178719,1.55980398014825e-06,54,"blue",11,20.4,0.85
"CELLTYPE","RUBENSTEIN_SKELETAL_MUSCLE_ENDOTHELIAL_CELLS",1.95807685351777,2.09367333257451e-06,43,"blue",11,25.6,0.85
"GOBP","GOBP_TYPE_II_INTERFERON_PRODUCTION",1.95649505095371,2.04934712853304e-05,38,"blue",11,28.9,0.85
"GOBP","GOBP_NEGATIVE_REGULATION_OF_IMMUNE_RESPONSE",1.86509568717979,2.04934712853304e-05,81,"blue",11,13.6,0.85
"GOBP","GOBP_POSITIVE_REGULATION_OF_ADAPTIVE_IMMUNE_RESPONSE",1.85757121277803,0.00038422164946209,30,"blue",11,36.7,0.85
"CELLTYPE","LAKE_ADULT_KIDNEY_C22_ENDOTHELIAL_CELLS_GLOMERULAR_CAPILLARIES",-1.69038040955873,0.000544420267790045,36,"blue",11,30.6,0.85
"CELLTYPE","LAKE_ADULT_KIDNEY_C21_COLLECTING_DUCT_INTERCALATED_CELLS_TYPE_B",-1.79776944093017,0.000891486904439973,26,"blue",11,42.3,0.85
"REACTOME","REACTOME_SIGNALING_BY_INTERLEUKINS",1.60064314203058,0.0010280535379978,110,"blue",11,10,0.85
"GOBP","GOBP_CANONICAL_NF_KAPPAB_SIGNAL_TRANSDUCTION",1.58562531366181,0.00137923267167005,71,"blue",11,15.5,0.85
"REACTOME","REACTOME_MITOTIC_PROMETAPHASE",-1.64156999614037,0.00246579167420817,61,"blue",11,18,0.85
"CELLTYPE","HE_LIM_SUN_FETAL_LUNG_C1_SMG_BASAL_CELL",1.52467660710529,0.00311620752981346,43,"blue",11,25.6,0.85
"GOBP","GOBP_APPENDAGE_MORPHOGENESIS",-1.78854798808775,0.0032758945383703,35,"blue",11,31.4,0.85
"GOBP","GOBP_ATP_METABOLIC_PROCESS",1.60333889846193,0.00376134931718412,80,"blue",11,13.8,0.85
"GOBP","GOBP_SPINDLE_ORGANIZATION",-1.54989324956039,0.00416391672701752,46,"blue",11,23.9,0.85
"GOBP","GOBP_REGULATION_OF_CHROMOSOME_ORGANIZATION",-1.5233890467258,0.00430828379109577,67,"blue",11,16.4,0.85
"GOBP","GOBP_NEURAL_TUBE_DEVELOPMENT",-1.60290396618669,0.00824430387599387,48,"blue",11,22.9,0.85
"GOBP","GOBP_SKELETAL_SYSTEM_MORPHOGENESIS",-1.60679808350634,0.00978742463725241,33,"blue",11,33.3,0.85
"GOBP","GOBP_T_CELL_PROLIFERATION",1.53766635714942,0.0133852991283837,42,"blue",11,26.2,0.85
"GOBP","GOBP_CENTRAL_NERVOUS_SYSTEM_NEURON_DIFFERENTIATION",-1.523547732694,0.0247989253777513,28,"blue",11,39.3,0.85
"CELLTYPE","BUSSLINGER_GASTRIC_MATURE_PIT_CELLS",1.42476908439933,0.0269324597508467,66,"blue",11,16.7,0.85
"GOBP","GOBP_NUCLEOTIDE_BIOSYNTHETIC_PROCESS",1.48206867258736,0.0275614099542752,78,"blue",11,14.1,0.85
"CELLTYPE","AIZARANI_LIVER_C24_EPCAM_POS_BILE_DUCT_CELLS_3",1.47510343923869,0.0278057837175548,41,"blue",11,26.8,0.85
"GOBP","GOBP_PHOSPHATIDYLINOSITOL_METABOLIC_PROCESS",-1.47368065528245,0.031033525660864,30,"blue",11,36.7,0.85
"GOBP","GOBP_CARTILAGE_DEVELOPMENT",-1.53372705151814,0.0371685145747101,36,"blue",11,30.6,0.85
"REACTOME","REACTOME_TRANSLATION",1.32640944476202,0.0412952982567799,138,"blue",11,8,0.85
"GOBP","GOBP_INTRINSIC_APOPTOTIC_SIGNALING_PATHWAY",1.35956216450167,0.0487464384934978,60,"blue",11,18.3,0.85
"CELLTYPE","DESCARTES_FETAL_LUNG_MYELOID_CELLS",2.48253808539372,2.18283397631743e-21,94,"blue",10,10.6,0.77
"REACTOME","REACTOME_INTERFERON_SIGNALING",2.1829877773292,1.15654081350756e-14,87,"blue",10,11.5,0.77
"GOBP","GOBP_RESPONSE_TO_TYPE_II_INTERFERON",2.2719408331385,1.58558215626704e-11,49,"blue",10,20.4,0.77
"CELLTYPE","DESCARTES_MAIN_FETAL_MYELOID_CELLS",2.21722244665358,4.44718122610474e-10,55,"blue",10,18.2,0.77
"GOBP","GOBP_ANTIGEN_PROCESSING_AND_PRESENTATION_OF_PEPTIDE_ANTIGEN",2.29322782925451,2.64642496510919e-08,33,"blue",10,30.3,0.77
"GOBP","GOBP_ANTIGEN_PROCESSING_AND_PRESENTATION_OF_EXOGENOUS_ANTIGEN",2.25404216253555,4.68172200188033e-08,29,"blue",10,34.5,0.77
"CELLTYPE","DESCARTES_FETAL_MUSCLE_MEGAKARYOCYTES",1.79620287280146,3.33421650153331e-06,90,"blue",10,11.1,0.77
"GOBP","GOBP_RESPONSE_TO_MOLECULE_OF_BACTERIAL_ORIGIN",1.81041765672054,3.38057278827471e-06,74,"blue",10,13.5,0.77
"CELLTYPE","DESCARTES_MAIN_FETAL_MEGAKARYOCYTES",1.80847035595083,1.67834619477145e-05,67,"blue",10,14.9,0.77
"HALLMARK","HALLMARK_APOPTOSIS",1.79649555586879,2.69854403190158e-05,41,"blue",10,24.4,0.77
"CELLTYPE","DESCARTES_FETAL_EYE_CORNEAL_AND_CONJUNCTIVAL_EPITHELIAL_CELLS",1.81601538808052,7.25825992198739e-05,41,"blue",10,24.4,0.77
"REACTOME","REACTOME_AEROBIC_RESPIRATION_AND_RESPIRATORY_ELECTRON_TRANSPORT",1.76637432245916,7.30188656056951e-05,103,"blue",10,9.7,0.77
"HALLMARK","HALLMARK_ADIPOGENESIS",1.69948224763167,9.28262664431217e-05,68,"blue",10,14.7,0.77
"GOBP","GOBP_LEUKOCYTE_MEDIATED_CYTOTOXICITY",1.84190536862675,0.000169928965312128,55,"blue",10,18.2,0.77
"GOBP","GOBP_NEGATIVE_REGULATION_OF_LEUKOCYTE_CELL_CELL_ADHESION",1.84027150894145,0.000173508938391129,43,"blue",10,23.3,0.77
"CELLTYPE","DESCARTES_FETAL_CEREBRUM_VASCULAR_ENDOTHELIAL_CELLS",1.57874355811335,0.000413093618887839,80,"blue",10,12.5,0.77
"REACTOME","REACTOME_PROGRAMMED_CELL_DEATH",1.75856198482604,0.000459441170636168,52,"blue",10,19.2,0.77
"GOBP","GOBP_REGULATION_OF_T_CELL_MEDIATED_IMMUNITY",1.83238692783345,0.000610790340801292,31,"blue",10,32.3,0.77
"GOBP","GOBP_LYTIC_VACUOLE_ORGANIZATION",1.79411721634054,0.000674949886764758,54,"blue",10,18.5,0.77
"GOBP","GOBP_EMBRYONIC_APPENDAGE_MORPHOGENESIS",-1.96064605399719,0.000709236948665455,29,"blue",10,34.5,0.77
"GOBP","GOBP_T_CELL_MEDIATED_IMMUNITY",1.79639688030327,0.000813702428678257,38,"blue",10,26.3,0.77
"GOBP","GOBP_CELLULAR_RESPONSE_TO_STEROID_HORMONE_STIMULUS",-1.66951214914932,0.00175505519218694,50,"blue",10,20,0.77
"GOBP","GOBP_POSITIVE_REGULATION_OF_MRNA_METABOLIC_PROCESS",-1.68784944401961,0.00212208664587423,44,"blue",10,22.7,0.77
"GOBP","GOBP_MESONEPHROS_DEVELOPMENT",-1.92070390982969,0.00293291672643105,21,"blue",10,47.6,0.77
"REACTOME","REACTOME_IMMUNOREGULATORY_INTERACTIONS_BETWEEN_A_LYMPHOID_AND_A_NON_LYMPHOID_CELL",1.70193673332395,0.00296642192871844,50,"blue",10,20,0.77
"GOBP","GOBP_MEMBRANE_FUSION",1.67353077307847,0.00374383964832858,54,"blue",10,18.5,0.77
"GOBP","GOBP_VIRAL_PROCESS",1.52561357517742,0.00383991885998302,71,"blue",10,14.1,0.77
"GOBP","GOBP_RHYTHMIC_PROCESS",-1.5526868505341,0.0042913828613519,70,"blue",10,14.3,0.77
"REACTOME","REACTOME_CELLULAR_RESPONSE_TO_CHEMICAL_STRESS",1.6210539508636,0.00590410400317314,66,"blue",10,15.2,0.77
"CELLTYPE","MENON_FETAL_KIDNEY_8_CONNECTING_TUBULE_CELLS",1.45707507321313,0.0130636986914512,73,"blue",10,13.7,0.77
"HALLMARK","HALLMARK_MTORC1_SIGNALING",1.42369394402539,0.01427301420458,57,"blue",10,17.5,0.77
"GOBP","GOBP_MICROTUBULE_POLYMERIZATION_OR_DEPOLYMERIZATION",-1.48435915292778,0.0187064385716942,41,"blue",10,24.4,0.77
"GOBP","GOBP_POSITIVE_REGULATION_OF_SECRETION",1.48376843932141,0.0201542787508098,60,"blue",10,16.7,0.77
"GOBP","GOBP_RESPONSE_TO_ENDOPLASMIC_RETICULUM_STRESS",1.46565947838109,0.0202118791218591,67,"blue",10,14.9,0.77
"GOBP","GOBP_EXTRINSIC_APOPTOTIC_SIGNALING_PATHWAY",1.5037664061104,0.024730590586099,63,"blue",10,15.9,0.77
"GOBP","GOBP_REGULATION_OF_PATTERN_RECOGNITION_RECEPTOR_SIGNALING_PATHWAY",1.50870432061096,0.025403784956825,66,"blue",10,15.2,0.77
"CELLTYPE","LAKE_ADULT_KIDNEY_C24_ENDOTHELIAL_CELLS_AEA_AND_DVR",1.4550918661375,0.0259449143701812,32,"blue",10,31.2,0.77
"GOBP","GOBP_ESTABLISHMENT_OF_RNA_LOCALIZATION",-1.46767500963432,0.0351625531409541,38,"blue",10,26.3,0.77
"REACTOME","REACTOME_CDC42_GTPASE_CYCLE",-1.42594474981926,0.0426330957324305,38,"blue",10,26.3,0.77
"HALLMARK","HALLMARK_INTERFERON_ALPHA_RESPONSE",2.68619838062784,1.11409084858409e-24,69,"blue",9,13,0.7
"CELLTYPE","DESCARTES_FETAL_HEART_MYELOID_CELLS",2.42109830363726,4.37549750894343e-17,60,"blue",9,15,0.7
"CELLTYPE","DESCARTES_FETAL_MUSCLE_MYELOID_CELLS",2.38320969208398,7.2102048015261e-16,53,"blue",9,17,0.7
"REACTOME","REACTOME_INTERFERON_ALPHA_BETA_SIGNALING",2.31973251146998,1.67187837474169e-09,43,"blue",9,20.9,0.7
"CELLTYPE","SU_HO_CONV_CENT_CHONDROSARCOMA_LEUKOCYTE_C1_M2_MACROPHAGE",2.06014228303901,2.64788881029858e-07,40,"blue",9,22.5,0.7
"GOBP","GOBP_OXIDATIVE_PHOSPHORYLATION",2.06115021114947,2.65269771487556e-07,68,"blue",9,13.2,0.7
"GOBP","GOBP_ANTIGEN_PROCESSING_AND_PRESENTATION_OF_EXOGENOUS_PEPTIDE_ANTIGEN",2.23089494192847,3.68248040242674e-07,23,"blue",9,39.1,0.7
"HALLMARK","HALLMARK_TNFA_SIGNALING_VIA_NFKB",1.83830186375454,2.79392682304383e-06,51,"blue",9,17.6,0.7
"CELLTYPE","DESCARTES_MAIN_FETAL_CORNEAL_AND_CONJUNCTIVAL_EPITHELIAL_CELLS",1.850908758956,4.21395056198427e-06,48,"blue",9,18.8,0.7
"CELLTYPE","HE_LIM_SUN_FETAL_LUNG_C2_NEUTROPHIL_CELL",1.99559285583941,6.78716338598581e-06,40,"blue",9,22.5,0.7
"CELLTYPE","AIZARANI_LIVER_C31_KUPFFER_CELLS_5",1.90498842127639,7.60093421074753e-06,47,"blue",9,19.1,0.7
"CELLTYPE","RUBENSTEIN_SKELETAL_MUSCLE_PERICYTES",1.87574579216569,1.94771700255665e-05,51,"blue",9,17.6,0.7
"GOBP","GOBP_CELLULAR_RESPONSE_TO_BIOTIC_STIMULUS",1.81615251629228,2.04934712853304e-05,78,"blue",9,11.5,0.7
"GOBP","GOBP_HUMORAL_IMMUNE_RESPONSE",1.89009943930265,3.42579842227567e-05,44,"blue",9,20.5,0.7
"GOBP","GOBP_POSITIVE_REGULATION_OF_CANONICAL_NF_KAPPAB_SIGNAL_TRANSDUCTION",1.80589734681738,6.04850930876404e-05,52,"blue",9,17.3,0.7
"GOBP","GOBP_ELECTRON_TRANSPORT_CHAIN",1.91633455080007,8.46064393800594e-05,51,"blue",9,17.6,0.7
"GOBP","GOBP_INTERLEUKIN_6_PRODUCTION",1.8547832680624,0.000145204680957885,52,"blue",9,17.3,0.7
"REACTOME","REACTOME_TOLL_LIKE_RECEPTOR_CASCADES",1.81864458557927,0.000148824948865289,48,"blue",9,18.8,0.7
"REACTOME","REACTOME_RESPIRATORY_ELECTRON_TRANSPORT",1.83348392904016,0.000177730529922106,65,"blue",9,13.8,0.7
"GOBP","GOBP_PROTON_TRANSMEMBRANE_TRANSPORT",1.79088170966235,0.000308483930461741,70,"blue",9,12.9,0.7
"GOBP","GOBP_REGULATION_OF_CELL_KILLING",1.84540543978337,0.000663776712735365,31,"blue",9,29,0.7
"CELLTYPE","MANNO_MIDBRAIN_NEUROTYPES_HNPROG",-1.65913739839042,0.00111512599662934,25,"blue",9,36,0.7
"GOBP","GOBP_PRODUCTION_OF_MOLECULAR_MEDIATOR_OF_IMMUNE_RESPONSE",1.69057204971377,0.00122900195734653,44,"blue",9,20.5,0.7
"CELLTYPE","LAKE_ADULT_KIDNEY_C23_ENDOTHELIAL_CELLS_AVR",1.69930419348813,0.00129226486509567,29,"blue",9,31,0.7
"CELLTYPE","LAKE_ADULT_KIDNEY_C12_THICK_ASCENDING_LIMB",1.50459445629945,0.00139100849993933,91,"blue",9,9.9,0.7
"GOBP","GOBP_RECEPTOR_MEDIATED_ENDOCYTOSIS",1.64416282245605,0.00152783220777088,61,"blue",9,14.8,0.7
"GOBP","GOBP_NEGATIVE_REGULATION_OF_IMMUNE_EFFECTOR_PROCESS",1.73944123813638,0.00175505519218694,36,"blue",9,25,0.7
"GOBP","GOBP_REGULATION_OF_PRODUCTION_OF_MOLECULAR_MEDIATOR_OF_IMMUNE_RESPONSE",1.69118626266633,0.00179144818098861,40,"blue",9,22.5,0.7
"HALLMARK","HALLMARK_E2F_TARGETS",-1.46287376775829,0.00254890059515809,47,"blue",9,19.1,0.7
"GOBP","GOBP_POSITIVE_REGULATION_OF_APOPTOTIC_SIGNALING_PATHWAY",1.70970992719427,0.00268299560893999,29,"blue",9,31,0.7
"REACTOME","REACTOME_SUMOYLATION_OF_CHROMATIN_ORGANIZATION_PROTEINS",-1.91109945018219,0.00296642192871844,16,"blue",9,56.2,0.7
"REACTOME","REACTOME_TRNA_PROCESSING",-1.74772819096948,0.00296642192871844,37,"blue",9,24.3,0.7
"GOBP","GOBP_POSITIVE_REGULATION_OF_PRODUCTION_OF_MOLECULAR_MEDIATOR_OF_IMMUNE_RESPONSE",1.70392040894914,0.00376134931718412,25,"blue",9,36,0.7
"REACTOME","REACTOME_RRNA_PROCESSING",-1.51024114443107,0.00511292357653831,34,"blue",9,26.5,0.7
"GOBP","GOBP_POSITIVE_REGULATION_OF_ENDOCYTOSIS",1.6781252628138,0.00525019692322593,32,"blue",9,28.1,0.7
"CELLTYPE","TRAVAGLINI_LUNG_ADVENTITIAL_FIBROBLAST_CELL",1.50795224982702,0.00624830552555997,50,"blue",9,18,0.7
"CELLTYPE","AIZARANI_LIVER_C13_LSECS_2",1.47069692752739,0.0097692142825522,40,"blue",9,22.5,0.7
"REACTOME","REACTOME_REGULATION_OF_T_CELL_ACTIVATION_BY_CD28_FAMILY",1.50580092378287,0.0108114557015515,68,"blue",9,13.2,0.7
"GOBP","GOBP_EMBRYONIC_ORGAN_MORPHOGENESIS",-1.53605322394738,0.0120257902630094,57,"blue",9,15.8,0.7
"CELLTYPE","LAKE_ADULT_KIDNEY_C29_UNKNOWN_NOVEL_PT_CFH_POS_SUBPOPULATION_S2",-1.64699075057837,0.0145155142066408,24,"blue",9,37.5,0.7
"GOBP","GOBP_REGULATORY_NCRNA_MEDIATED_GENE_SILENCING",-1.58871007660523,0.0146295010229893,30,"blue",9,30,0.7
"GOBP","GOBP_EMBRYONIC_EPITHELIAL_TUBE_FORMATION",-1.61004376588615,0.0160688548730565,29,"blue",9,31,0.7
"GOBP","GOBP_NUCLEAR_RECEPTOR_MEDIATED_SIGNALING_PATHWAY",-1.55493102612131,0.0160688548730565,39,"blue",9,23.1,0.7
"GOBP","GOBP_LIPID_LOCALIZATION",1.4712082978418,0.0160688548730565,62,"blue",9,14.5,0.7
"GOBP","GOBP_HORMONE_MEDIATED_SIGNALING_PATHWAY",-1.49198654784155,0.0170671682254831,39,"blue",9,23.1,0.7
"CELLTYPE","HE_LIM_SUN_FETAL_LUNG_C3_LYMPHATIC_ENDOTHELIAL_CELL",1.41033664583088,0.0182297756520305,58,"blue",9,15.5,0.7
"GOBP","GOBP_REGULATION_OF_BODY_FLUID_LEVELS",1.41932261152837,0.0233404638166356,70,"blue",9,12.9,0.7
"GOBP","GOBP_REGULATION_OF_STEM_CELL_DIFFERENTIATION",-1.62969935964128,0.0249213184688312,24,"blue",9,37.5,0.7
"GOBP","GOBP_REGULATION_OF_DNA_REPAIR",-1.37207966079696,0.0257095788256776,58,"blue",9,15.5,0.7
"GOBP","GOBP_MORPHOGENESIS_OF_EMBRYONIC_EPITHELIUM",-1.52658990865217,0.031036687509577,30,"blue",9,30,0.7
"GOBP","GOBP_TELOMERE_ORGANIZATION",-1.41158256957642,0.0329352716166755,45,"blue",9,20,0.7
"GOBP","GOBP_INTRACELLULAR_PH_REDUCTION",1.62685857852722,0.03396150966751,25,"blue",9,36,0.7
"GOBP","GOBP_LEUKOCYTE_CHEMOTAXIS",1.46334985649744,0.034256213478293,55,"blue",9,16.4,0.7
"GOBP","GOBP_REGULATION_OF_PH",1.53738192484233,0.0373556077158121,35,"blue",9,25.7,0.7
"CELLTYPE","LAKE_ADULT_KIDNEY_C28_INTERSTITIUM",-1.42372592192987,0.0428434299931386,18,"blue",9,50,0.7
"GOBP","GOBP_RIBOSOMAL_LARGE_SUBUNIT_BIOGENESIS",-1.45093446533358,0.0467552740690398,22,"blue",9,40.9,0.7
"GOBP","GOBP_ALCOHOL_METABOLIC_PROCESS",1.4083113672349,0.0479188508688174,52,"blue",9,17.3,0.7
"GOBP","GOBP_RENAL_TUBULE_DEVELOPMENT",-1.58435964637657,0.0488101363516308,12,"blue",9,75,0.7
"GOBP","GOBP_SOMITE_DEVELOPMENT",-1.58596449821325,0.0495288123454902,18,"blue",9,50,0.7
"CELLTYPE","DESCARTES_FETAL_THYMUS_ANTIGEN_PRESENTING_CELLS",2.2595761513883,4.28787204284965e-14,68,"blue",8,11.8,0.62
"CELLTYPE","DESCARTES_FETAL_SPLEEN_MYELOID_CELLS",2.2655080934663,8.68862498728998e-12,57,"blue",8,14,0.62
"GOBP","GOBP_POSITIVE_REGULATION_OF_INFLAMMATORY_RESPONSE",2.20198322175545,5.37797625899011e-10,40,"blue",8,20,0.62
"GOBP","GOBP_ATP_SYNTHESIS_COUPLED_ELECTRON_TRANSPORT",2.10079225573826,1.23511962361738e-06,51,"blue",8,15.7,0.62
"CELLTYPE","RUBENSTEIN_SKELETAL_MUSCLE_B_CELLS",1.85343922518821,1.39298821298403e-06,36,"blue",8,22.2,0.62
"CELLTYPE","DESCARTES_FETAL_LUNG_MEGAKARYOCYTES",1.91223825336028,4.04999121784782e-06,64,"blue",8,12.5,0.62
"CELLTYPE","HE_LIM_SUN_FETAL_LUNG_C1_SQUAMOUS_CELL",1.86152172179097,6.44887649691784e-06,51,"blue",8,15.7,0.62
"CELLTYPE","HE_LIM_SUN_FETAL_LUNG_C2_S100A12_HI_CLASSICAL_MONOCYTE",2.0725172114426,8.77114529106769e-06,24,"blue",8,33.3,0.62
"GOBP","GOBP_ANTIGEN_PROCESSING_AND_PRESENTATION_OF_PEPTIDE_ANTIGEN_VIA_MHC_CLASS_I",2.14881217558194,1.14771599919506e-05,18,"blue",8,44.4,0.62
"GOBP","GOBP_REGULATION_OF_PHAGOCYTOSIS",1.96716057774145,3.94406040214189e-05,25,"blue",8,32,0.62
"CELLTYPE","GAUTAM_EYE_IRIS_CILIARY_BODY_MONOCYTES",1.77107419617618,0.000109796072309286,42,"blue",8,19,0.62
"CELLTYPE","CUI_DEVELOPING_HEART_C7_MAST_CELL",1.77517146021071,0.000156972695412947,70,"blue",8,11.4,0.62
"GOBP","GOBP_T_CELL_MEDIATED_CYTOTOXICITY",1.97647199315448,0.000270289349995714,22,"blue",8,36.4,0.62
"GOBP","GOBP_REGULATION_OF_T_CELL_MEDIATED_CYTOTOXICITY",2.0041786350788,0.000408444196946697,19,"blue",8,42.1,0.62
"REACTOME","REACTOME_PROTEASOME_ASSEMBLY",1.94683972761256,0.0005102458794428,25,"blue",8,32,0.62
"GOBP","GOBP_PRODUCTION_OF_MOLECULAR_MEDIATOR_INVOLVED_IN_INFLAMMATORY_RESPONSE",1.8374019985076,0.000669600180189157,33,"blue",8,24.2,0.62
"CELLTYPE","MENON_FETAL_KIDNEY_9_ENDOTHELIAL_CELLS",1.76310994588734,0.000942805319225866,27,"blue",8,29.6,0.62
"HALLMARK","HALLMARK_XENOBIOTIC_METABOLISM",1.64299382794156,0.00122064408936186,31,"blue",8,25.8,0.62
"GOBP","GOBP_RESPONSE_TO_TUMOR_NECROSIS_FACTOR",1.67605053259294,0.00152783220777088,48,"blue",8,16.7,0.62
"HALLMARK","HALLMARK_UV_RESPONSE_UP",1.65554120134749,0.0015780620119865,47,"blue",8,17,0.62
"REACTOME","REACTOME_SUMOYLATION_OF_DNA_DAMAGE_RESPONSE_AND_REPAIR_PROTEINS",-1.87767355348196,0.00212000786273117,20,"blue",8,40,0.62
"GOBP","GOBP_LEUKOCYTE_HOMEOSTASIS",1.72642573885946,0.0022565016923497,32,"blue",8,25,0.62
"GOBP","GOBP_MIRNA_METABOLIC_PROCESS",-1.84920465198042,0.00229056483864642,28,"blue",8,28.6,0.62
"GOBP","GOBP_MYELOID_LEUKOCYTE_MIGRATION",1.64477188641606,0.00309970120243495,50,"blue",8,16,0.62
"GOBP","GOBP_POSITIVE_REGULATION_OF_T_CELL_MEDIATED_IMMUNITY",1.81234928242741,0.00347449999990545,20,"blue",8,40,0.62
"GOBP","GOBP_MYELOID_LEUKOCYTE_MEDIATED_IMMUNITY",1.74153479976785,0.00393211879804321,36,"blue",8,22.2,0.62
"REACTOME","REACTOME_TRANS_GOLGI_NETWORK_VESICLE_BUDDING",1.75664114758964,0.00511292357653831,20,"blue",8,40,0.62
"REACTOME","REACTOME_LEISHMANIA_INFECTION",1.57934594613729,0.00613358355944074,80,"blue",8,10,0.62
"GOBP","GOBP_ENDOSOME_ORGANIZATION",1.69667308567158,0.00653476809511803,40,"blue",8,20,0.62
"GOBP","GOBP_DOUBLE_STRAND_BREAK_REPAIR",-1.44560002247339,0.00724834142754126,91,"blue",8,8.8,0.62
"CELLTYPE","BUSSLINGER_GASTRIC_IMMATURE_PIT_CELLS",1.54867675347277,0.00873357224415197,49,"blue",8,16.3,0.62
"GOBP","GOBP_ORGANELLE_MEMBRANE_FUSION",1.66500928646609,0.00936202896330986,49,"blue",8,16.3,0.62
"GOBP","GOBP_CIRCADIAN_RHYTHM",-1.53965410524604,0.0116179323793546,56,"blue",8,14.3,0.62
"GOBP","GOBP_REGULATION_OF_REACTIVE_OXYGEN_SPECIES_METABOLIC_PROCESS",1.63262811201001,0.0133852991283837,52,"blue",8,15.4,0.62
"CELLTYPE","JONES_OVARY_ENDOTHELIAL",1.51896987055343,0.0167692361588538,29,"blue",8,27.6,0.62
"CELLTYPE","RUBENSTEIN_SKELETAL_MUSCLE_SATELLITE_CELLS",1.41069827976071,0.0169757329163068,118,"blue",8,6.8,0.62
"GOBP","GOBP_ORGANELLE_FUSION",1.53647649465443,0.018164237229277,49,"blue",8,16.3,0.62
"GOBP","GOBP_REGULATION_OF_EXOCYTOSIS",1.54760621436557,0.0241454211005241,44,"blue",8,18.2,0.62
"REACTOME","REACTOME_APOPTOSIS",1.49281146921166,0.0285979879746858,47,"blue",8,17,0.62
"GOBP","GOBP_REGULATION_OF_ACTOMYOSIN_STRUCTURE_ORGANIZATION",-1.51172784990575,0.030295410893462,24,"blue",8,33.3,0.62
"GOBP","GOBP_MICROTUBULE_POLYMERIZATION",-1.48712546484334,0.0312383183804393,34,"blue",8,23.5,0.62
"GOBP","GOBP_RESPONSE_TO_TOPOLOGICALLY_INCORRECT_PROTEIN",1.47275772244639,0.0338155964325945,34,"blue",8,23.5,0.62
"CELLTYPE","HE_LIM_SUN_FETAL_LUNG_C1_PROXIMAL_SECRETORY_2_CELL",1.42627881065539,0.0357671136514162,37,"blue",8,21.6,0.62
"GOBP","GOBP_POSITIVE_REGULATION_OF_PLASMA_MEMBRANE_BOUNDED_CELL_PROJECTION_ASSEMBLY",-1.52227149842588,0.0397297938421586,24,"blue",8,33.3,0.62
"GOBP","GOBP_VACUOLAR_ACIDIFICATION",1.65366823759074,0.0409016414196135,21,"blue",8,38.1,0.62
"GOBP","GOBP_RESPONSE_TO_TOXIC_SUBSTANCE",1.45855413377598,0.0447816172459666,62,"blue",8,12.9,0.62
"GOBP","GOBP_DEFENSE_RESPONSE_TO_VIRUS",2.10204939828978,7.60452848895905e-13,93,"blue",7,7.5,0.54
"HALLMARK","HALLMARK_INFLAMMATORY_RESPONSE",2.04558085675907,9.49003273756326e-09,60,"blue",7,11.7,0.54
"CELLTYPE","SU_HO_FOETAL_FEMUR_C0_TRANSITIONING_CELL",1.87368684429241,2.23796715990209e-06,89,"blue",7,7.9,0.54
"GOBP","GOBP_DEFENSE_RESPONSE_TO_GRAM_POSITIVE_BACTERIUM",2.08579533111998,4.10425185694236e-06,39,"blue",7,17.9,0.54
"GOBP","GOBP_POSITIVE_REGULATION_OF_TYPE_II_INTERFERON_PRODUCTION",1.98427114741968,2.04934712853304e-05,31,"blue",7,22.6,0.54
"GOBP","GOBP_RESPONSE_TO_TYPE_I_INTERFERON",1.97607790484462,2.19640061554647e-05,58,"blue",7,12.1,0.54
"CELLTYPE","TRAVAGLINI_LUNG_GOBLET_CELL",1.82873977211171,8.93241407706743e-05,31,"blue",7,22.6,0.54
"GOBP","GOBP_ATP_BIOSYNTHETIC_PROCESS",1.9036968295282,0.000112884285136302,49,"blue",7,14.3,0.54
"GOBP","GOBP_POSITIVE_REGULATION_OF_T_CELL_MEDIATED_CYTOTOXICITY",2.03275326896402,0.000169708841424646,15,"blue",7,46.7,0.54
"CELLTYPE","ZHONG_PFC_C8_UNKNOWN_NEUROD2_POS_INTERNEURON",-1.98710159182702,0.000191363313313615,10,"blue",7,70,0.54
"GOBP","GOBP_MYELOID_CELL_ACTIVATION_INVOLVED_IN_IMMUNE_RESPONSE",1.86920555018454,0.000320786226178522,30,"blue",7,23.3,0.54
"GOBP","GOBP_REGULATION_OF_STEM_CELL_POPULATION_MAINTENANCE",-2.02128777063969,0.000349107022731386,27,"blue",7,25.9,0.54
"CELLTYPE","JONES_OVARY_MACROPHAGE",1.69902936677295,0.000561047874437535,55,"blue",7,12.7,0.54
"REACTOME","REACTOME_FORMATION_OF_WDR5_CONTAINING_HISTONE_MODIFYING_COMPLEXES",-2.04948586772474,0.000761803979683234,19,"blue",7,36.8,0.54
"REACTOME","REACTOME_REGULATION_OF_PD_L1_CD274_EXPRESSION",1.71077728754025,0.00117213520449426,53,"blue",7,13.2,0.54
"GOBP","GOBP_TOLL_LIKE_RECEPTOR_SIGNALING_PATHWAY",1.8223766122047,0.00118562844218796,25,"blue",7,28,0.54
"CELLTYPE","RUBENSTEIN_SKELETAL_MUSCLE_FAP_CELLS",1.65918212113824,0.0012521938430873,55,"blue",7,12.7,0.54
"CELLTYPE","SU_HO_CONV_CENT_CHONDROSARCOMA_C7_PROLIFERATIVE",1.55880193138161,0.00196136500805289,59,"blue",7,11.9,0.54
"REACTOME","REACTOME_CO_INHIBITION_BY_PD_1",1.66753527838643,0.0025085722253511,60,"blue",7,11.7,0.54
"GOBP","GOBP_VIRAL_LIFE_CYCLE",1.58763081379485,0.00361289393522986,58,"blue",7,12.1,0.54
"GOBP","GOBP_POSITIVE_REGULATION_OF_CELL_KILLING",1.83332374549538,0.00364733276873463,20,"blue",7,35,0.54
"CELLTYPE","SU_HO_CONV_CENT_CHONDROSARCOMA_STROMAL_C4_CANCER_ASSOCIATED_FIBROBLAST",1.59331796926094,0.00369678086049559,54,"blue",7,13,0.54
"CELLTYPE","CUI_DEVELOPING_HEART_VASCULAR_ENDOTHELIAL_CELL",1.58721361991627,0.00424938836806224,40,"blue",7,17.5,0.54
"GOBP","GOBP_STEROID_HORMONE_RECEPTOR_SIGNALING_PATHWAY",-1.6945007740849,0.00466852619020084,30,"blue",7,23.3,0.54
"REACTOME","REACTOME_SUMOYLATION_OF_DNA_REPLICATION_PROTEINS",-1.88326887628267,0.00508995369301068,13,"blue",7,53.8,0.54
"GOBP","GOBP_LEUKOCYTE_DEGRANULATION",1.71961105205695,0.00526813532522382,28,"blue",7,25,0.54
"GOBP","GOBP_APOPTOTIC_MITOCHONDRIAL_CHANGES",1.70632734908727,0.0055826706298394,28,"blue",7,25,0.54
"REACTOME","REACTOME_PLATELET_ACTIVATION_SIGNALING_AND_AGGREGATION",1.55787783282412,0.00655547838059561,77,"blue",7,9.1,0.54
"GOBP","GOBP_DETOXIFICATION",1.69262622066215,0.00660507256016806,47,"blue",7,14.9,0.54
"GOBP","GOBP_BIOLOGICAL_PROCESS_INVOLVED_IN_SYMBIOTIC_INTERACTION",1.5852915532121,0.0075302990276454,41,"blue",7,17.1,0.54
"GOBP","GOBP_HEMOSTASIS",1.57162862898646,0.00847493687891154,60,"blue",7,11.7,0.54
"GOBP","GOBP_MIRNA_TRANSCRIPTION",-1.73748795157089,0.00855995312034715,20,"blue",7,35,0.54
"GOBP","GOBP_CELLULAR_OXIDANT_DETOXIFICATION",1.75632204958714,0.0088939561832976,21,"blue",7,33.3,0.54
"CELLTYPE","GAUTAM_EYE_CORNEA_CONJUNCTIVAL_CELLS",1.55745212327192,0.00962023217092827,32,"blue",7,21.9,0.54
"GOBP","GOBP_MESONEPHRIC_TUBULE_MORPHOGENESIS",-1.85411813690722,0.00978742463725241,12,"blue",7,58.3,0.54
"GOBP","GOBP_REGULATION_OF_MIRNA_METABOLIC_PROCESS",-1.7431332774279,0.0102170211068313,21,"blue",7,33.3,0.54
"GOBP","GOBP_NUCLEOSIDE_TRIPHOSPHATE_BIOSYNTHETIC_PROCESS",1.63356282535322,0.0102170211068313,52,"blue",7,13.5,0.54
"REACTOME","REACTOME_MHC_CLASS_II_ANTIGEN_PRESENTATION",1.61932837425,0.0108114557015515,28,"blue",7,25,0.54
"GOBP","GOBP_REGULATION_OF_MITOCHONDRION_ORGANIZATION",1.65632397218936,0.0108623053095614,30,"blue",7,23.3,0.54
"HALLMARK","HALLMARK_FATTY_ACID_METABOLISM",1.5132391186468,0.0111360683194393,49,"blue",7,14.3,0.54
"GOBP","GOBP_CELLULAR_RESPONSE_TO_TOXIC_SUBSTANCE",1.63526216138412,0.015788820474874,40,"blue",7,17.5,0.54
"GOBP","GOBP_DNA_TEMPLATED_TRANSCRIPTION_ELONGATION",-1.485478048939,0.0161562868154604,42,"blue",7,16.7,0.54
"GOBP","GOBP_REGULATION_OF_ALPHA_BETA_T_CELL_ACTIVATION",1.60317220738483,0.0203908405251889,25,"blue",7,28,0.54
"GOBP","GOBP_NEGATIVE_REGULATION_OF_LEUKOCYTE_PROLIFERATION",1.66691920248789,0.0210009657197039,27,"blue",7,25.9,0.54
"CELLTYPE","DESCARTES_MAIN_FETAL_CCL19_CCL21_POSITIVE_CELLS",1.49708349487494,0.0224858014752532,28,"blue",7,25,0.54
"CELLTYPE","DURANTE_ADULT_OLFACTORY_NEUROEPITHELIUM_NK_CELLS",1.5191506095718,0.023453629754529,29,"blue",7,24.1,0.54
"CELLTYPE","JONES_OVARY_PERICYTE",1.47725343290103,0.0250603128522044,20,"blue",7,35,0.54
"GOBP","GOBP_CYTOPLASMIC_MICROTUBULE_ORGANIZATION",-1.61226338107058,0.0285043170970396,17,"blue",7,41.2,0.54
"CELLTYPE","TRAVAGLINI_LUNG_CAPILLARY_INTERMEDIATE_1_CELL",1.42923986243683,0.0321014819365302,29,"blue",7,24.1,0.54
"REACTOME","REACTOME_SLC_TRANSPORTER_DISORDERS",-1.65605277318454,0.0333970447963706,16,"blue",7,43.8,0.54
"CELLTYPE","HAY_BONE_MARROW_DENDRITIC_CELL",1.42663519686354,0.0354462645024898,35,"blue",7,20,0.54
"CELLTYPE","GAUTAM_EYE_IRIS_CILIARY_BODY_SMOOTH_MUSCLE_CELLS",1.36902192548899,0.0360213767874151,87,"blue",7,8,0.54
"GOBP","GOBP_TUBE_CLOSURE",-1.59289769244186,0.0407886426425078,25,"blue",7,28,0.54
"GOBP","GOBP_SOMITOGENESIS",-1.65063646542223,0.0415801653375786,15,"blue",7,46.7,0.54
"REACTOME","REACTOME_SIGNALING_BY_NOTCH",1.47691456468213,0.0423967328977505,53,"blue",7,13.2,0.54
"CELLTYPE","BUSSLINGER_DUODENAL_MATURE_ENTEROCYTES",1.35927284719601,0.0456472757554282,61,"blue",7,11.5,0.54
"GOBP","GOBP_NEGATIVE_REGULATION_OF_LEUKOCYTE_MEDIATED_IMMUNITY",1.55290355471614,0.0466140953815664,28,"blue",7,25,0.54
"REACTOME","REACTOME_INTERFERON_GAMMA_SIGNALING",2.42857669427652,4.51604342345661e-13,47,"blue",6,12.8,0.46
"CELLTYPE","DESCARTES_FETAL_STOMACH_MYELOID_CELLS",2.33486709425764,3.41740354184144e-12,39,"blue",6,15.4,0.46
"GOBP","GOBP_INTERLEUKIN_1_PRODUCTION",2.06660993068285,1.97138709743524e-06,29,"blue",6,20.7,0.46
"CELLTYPE","DESCARTES_FETAL_ADRENAL_MEGAKARYOCYTES",1.94732717270918,5.72406646774957e-06,49,"blue",6,12.2,0.46
"GOBP","GOBP_PROTON_MOTIVE_FORCE_DRIVEN_ATP_SYNTHESIS",2.06227667760858,1.47884915479513e-05,43,"blue",6,14,0.46
"CELLTYPE","AIZARANI_LIVER_C14_HEPATOCYTES_2",1.85256552088035,3.67521250262198e-05,45,"blue",6,13.3,0.46
"CELLTYPE","SU_HO_CONV_CENT_CHONDROSARCOMA_C2_STROMAL",1.81475104332154,4.09277587591899e-05,43,"blue",6,14,0.46
"CELLTYPE","HAY_BONE_MARROW_STROMAL",1.73719519508356,4.24593442341116e-05,45,"blue",6,13.3,0.46
"GOBP","GOBP_POSITIVE_REGULATION_OF_INTERLEUKIN_6_PRODUCTION",1.97550520378062,4.83120374438694e-05,39,"blue",6,15.4,0.46
"HALLMARK","HALLMARK_ALLOGRAFT_REJECTION",1.72564285029828,9.28262664431217e-05,49,"blue",6,12.2,0.46
"GOBP","GOBP_ANTIGEN_PROCESSING_AND_PRESENTATION_OF_ENDOGENOUS_PEPTIDE_ANTIGEN",2.02956555622664,0.000108768829495121,13,"blue",6,46.2,0.46
"CELLTYPE","AIZARANI_LIVER_C32_MVECS_3",1.84813806672219,0.000109796072309286,32,"blue",6,18.8,0.46
"GOBP","GOBP_NEGATIVE_REGULATION_OF_RESPONSE_TO_BIOTIC_STIMULUS",1.8681913075611,0.000112534787787416,40,"blue",6,15,0.46
"HALLMARK","HALLMARK_MITOTIC_SPINDLE",-1.63376706942749,0.000127427461799182,43,"blue",6,14,0.46
"GOBP","GOBP_ANTIMICROBIAL_HUMORAL_RESPONSE",1.94625133745347,0.000160516884233072,35,"blue",6,17.1,0.46
"GOBP","GOBP_ANTIGEN_PROCESSING_AND_PRESENTATION_OF_ENDOGENOUS_ANTIGEN",2.05207408273883,0.000161691173669027,16,"blue",6,37.5,0.46
"GOBP","GOBP_POSITIVE_REGULATION_OF_INTERLEUKIN_8_PRODUCTION",1.95425891377308,0.000401561241360963,33,"blue",6,18.2,0.46
"GOBP","GOBP_INTERLEUKIN_8_PRODUCTION",1.890721494725,0.000482148580048311,39,"blue",6,15.4,0.46
"GOBP","GOBP_NEGATIVE_REGULATION_OF_INNATE_IMMUNE_RESPONSE",1.84977059141001,0.0005499830070846,41,"blue",6,14.6,0.46
"GOBP","GOBP_CYTOPLASMIC_PATTERN_RECOGNITION_RECEPTOR_SIGNALING_PATHWAY",1.72662055759626,0.000559254949452916,81,"blue",6,7.4,0.46
"REACTOME","REACTOME_CROSS_PRESENTATION_OF_SOLUBLE_EXOGENOUS_ANTIGENS_ENDOSOMES",1.98755880257049,0.000761803979683234,23,"blue",6,26.1,0.46
"GOBP","GOBP_RESPONSE_TO_FUNGUS",1.94284918730267,0.00118562844218796,24,"blue",6,25,0.46
"GOBP","GOBP_TRANSCRIPTION_BY_RNA_POLYMERASE_III",-1.9166888919612,0.00155133688469812,23,"blue",6,26.1,0.46
"GOBP","GOBP_SOMATIC_STEM_CELL_POPULATION_MAINTENANCE",-2.02160732461956,0.00186345106190532,16,"blue",6,37.5,0.46
"GOBP","GOBP_CYTOKINE_PRODUCTION_INVOLVED_IN_IMMUNE_RESPONSE",1.77081881577573,0.0020995428462939,25,"blue",6,24,0.46
"REACTOME","REACTOME_NUCLEAR_PORE_COMPLEX_NPC_DISASSEMBLY",-2.00918393880109,0.00246579167420817,18,"blue",6,33.3,0.46
"CELLTYPE","FAN_EMBRYONIC_CTX_BRAIN_B_CELL",1.6543493644954,0.00256654408574109,18,"blue",6,33.3,0.46
"REACTOME","REACTOME_SNRNP_ASSEMBLY",-1.94023628736947,0.00296642192871844,14,"blue",6,42.9,0.46
"CELLTYPE","DESCARTES_FETAL_THYMUS_THYMOCYTES",-1.85032462687217,0.00324990387963744,11,"blue",6,54.5,0.46
"GOBP","GOBP_RECOMBINATIONAL_REPAIR",-1.58574668640162,0.00363498914314462,55,"blue",6,10.9,0.46
"GOBP","GOBP_LYMPHOCYTE_HOMEOSTASIS",1.71552942855572,0.00380807497464901,25,"blue",6,24,0.46
"GOBP","GOBP_GRANULOCYTE_MIGRATION",1.70412929646283,0.0045068204873937,39,"blue",6,15.4,0.46
"REACTOME","REACTOME_TOLL_LIKE_RECEPTOR_TLR1_TLR2_CASCADE",1.66006339304402,0.00511292357653831,30,"blue",6,20,0.46
"GOBP","GOBP_REGULATION_OF_LYSOSOMAL_LUMEN_PH",1.84981334802584,0.00518383028303063,19,"blue",6,31.6,0.46
"REACTOME","REACTOME_INTERACTIONS_OF_VPR_WITH_HOST_CELLULAR_PROTEINS",-1.94377495569238,0.00534788073784851,18,"blue",6,33.3,0.46
"HALLMARK","HALLMARK_WNT_BETA_CATENIN_SIGNALING",-1.69812862398099,0.00550147643299464,10,"blue",6,60,0.46
"REACTOME","REACTOME_SUMOYLATION_OF_RNA_BINDING_PROTEINS",-1.84869371984675,0.00590410400317314,13,"blue",6,46.2,0.46
"GOBP","GOBP_REGULATION_OF_MYELOID_LEUKOCYTE_MEDIATED_IMMUNITY",1.79885090746123,0.00590701066924569,22,"blue",6,27.3,0.46
"HALLMARK","HALLMARK_EPITHELIAL_MESENCHYMAL_TRANSITION",1.57928823340132,0.00599644957951167,33,"blue",6,18.2,0.46
"REACTOME","REACTOME_CELLULAR_RESPONSE_TO_HEAT_STRESS",-1.68505284382038,0.00738585718517797,36,"blue",6,16.7,0.46
"CELLTYPE","BUSSLINGER_GASTRIC_METALLOTHIONEIN_CELLS",1.62240338377642,0.00786204588875518,40,"blue",6,15,0.46
"GOBP","GOBP_ANTIGEN_PROCESSING_AND_PRESENTATION_VIA_MHC_CLASS_IB",1.79686064931125,0.00826329721907174,10,"blue",6,60,0.46
"CELLTYPE","SU_HO_CONV_CENT_CHONDROSARCOMA_STROMAL_C0_MINERALISATION_STROMAL_CELL",1.53584761925527,0.00865665053739453,52,"blue",6,11.5,0.46
"REACTOME","REACTOME_REGULATION_OF_HSF1_MEDIATED_HEAT_SHOCK_RESPONSE",-1.71321391518465,0.00892529126287655,29,"blue",6,20.7,0.46
"HALLMARK","HALLMARK_P53_PATHWAY",1.46722086110387,0.0120424133849254,40,"blue",6,15,0.46
"CELLTYPE","FAN_EMBRYONIC_CTX_BIG_GROUPS_EXCITATORY_NEURON",-1.69887311902736,0.0123477908040285,8,"blue",6,75,0.46
"GOBP","GOBP_REGULATION_OF_CIRCADIAN_RHYTHM",-1.65726243722902,0.0136987180428916,36,"blue",6,16.7,0.46
"CELLTYPE","FAN_OVARY_CL3_MATURE_CUMULUS_GRANULOSA_CELL_1",1.43388414140556,0.0148755588034823,64,"blue",6,9.4,0.46
"GOBP","GOBP_REGULATION_OF_RNA_SPLICING",-1.49987043242036,0.0160688548730565,39,"blue",6,15.4,0.46
"GOBP","GOBP_RESPONSE_TO_INTERLEUKIN_1",1.62832857651186,0.0166656683904213,26,"blue",6,23.1,0.46
"GOBP","GOBP_T_CELL_ACTIVATION_INVOLVED_IN_IMMUNE_RESPONSE",1.55306461927731,0.0187064385716942,44,"blue",6,13.6,0.46
"GOBP","GOBP_LYSOSOMAL_LUMEN_ACIDIFICATION",1.73675658531428,0.018980014086732,15,"blue",6,40,0.46
"GOBP","GOBP_MIRNA_PROCESSING",-1.75396049846754,0.019642946359659,11,"blue",6,54.5,0.46
"GOBP","GOBP_REGULATION_OF_DNA_REPLICATION",-1.54569075260039,0.0205802891343231,34,"blue",6,17.6,0.46
"GOBP","GOBP_ALPHA_BETA_T_CELL_PROLIFERATION",1.73143628842244,0.0205972297090216,11,"blue",6,54.5,0.46
"GOBP","GOBP_REGULATION_OF_DENDRITE_DEVELOPMENT",-1.62008572504671,0.0235251222981611,18,"blue",6,33.3,0.46
"REACTOME","REACTOME_RAB_GERANYLGERANYLATION",1.61462145482477,0.0252728965120343,23,"blue",6,26.1,0.46
"REACTOME","REACTOME_EFFECTS_OF_PIP2_HYDROLYSIS",-1.77904473141167,0.0279302430451078,8,"blue",6,75,0.46
"GOBP","GOBP_SMAD_PROTEIN_SIGNAL_TRANSDUCTION",-1.57192840585682,0.0329731220830662,19,"blue",6,31.6,0.46
"GOBP","GOBP_REGULATION_OF_TELOMERE_MAINTENANCE",-1.49519440677836,0.0350678283545614,40,"blue",6,15,0.46
"GOBP","GOBP_PYRIDINE_CONTAINING_COMPOUND_METABOLIC_PROCESS",1.48919475365964,0.0372504702401833,57,"blue",6,10.5,0.46
"GOBP","GOBP_POSITIVE_REGULATION_OF_EXTRINSIC_APOPTOTIC_SIGNALING_PATHWAY",1.62028482640645,0.0399681745255302,21,"blue",6,28.6,0.46
"GOBP","GOBP_CD4_POSITIVE_ALPHA_BETA_T_CELL_ACTIVATION",1.47833014777227,0.0425616012142231,38,"blue",6,15.8,0.46
"GOBP","GOBP_REGULATION_OF_MUSCLE_CELL_DIFFERENTIATION",-1.4353696395732,0.0425616012142231,29,"blue",6,20.7,0.46
"GOBP","GOBP_ERK1_AND_ERK2_CASCADE",1.44434506688766,0.0455164210259471,57,"blue",6,10.5,0.46
"GOBP","GOBP_REGULATION_OF_SMAD_PROTEIN_SIGNAL_TRANSDUCTION",-1.59906536787867,0.0457813579685353,15,"blue",6,40,0.46
"CELLTYPE","HE_LIM_SUN_FETAL_LUNG_C2_CXCL9_POS_MACROPHAGE_CELL",2.64546054040231,3.82517678189304e-27,62,"blue",5,8.1,0.39
"GOBP","GOBP_CELLULAR_RESPONSE_TO_MOLECULE_OF_BACTERIAL_ORIGIN",1.84067107664865,2.58759826525162e-05,55,"blue",5,9.1,0.39
"CELLTYPE","MENON_FETAL_KIDNEY_5_PROXIMAL_TUBULE_CELLS",1.83554812883186,8.49886148234063e-05,30,"blue",5,16.7,0.39
"CELLTYPE","BUSSLINGER_DUODENAL_EARLY_IMMATURE_ENTEROCYTES",1.82276447882877,0.00013094080878893,35,"blue",5,14.3,0.39
"CELLTYPE","HE_LIM_SUN_FETAL_LUNG_C3_PRIMITIVE_ERYTHROCYTE",1.7908914795388,0.00015564300001829,48,"blue",5,10.4,0.39
"CELLTYPE","DESCARTES_FETAL_EYE_MICROGLIA",1.74509397921789,0.000218601823841036,50,"blue",5,10,0.39
"CELLTYPE","TRAVAGLINI_LUNG_ALVEOLAR_EPITHELIAL_TYPE_2_CELL",1.76865659528945,0.000399420027736495,32,"blue",5,15.6,0.39
"CELLTYPE","AIZARANI_LIVER_C11_HEPATOCYTES_1",1.72581781229299,0.000399420027736495,55,"blue",5,9.1,0.39
"REACTOME","REACTOME_RESPONSE_TO_ELEVATED_PLATELET_CYTOSOLIC_CA2",1.85075396301481,0.000539131302012109,46,"blue",5,10.9,0.39
"GOBP","GOBP_GRANULOCYTE_ACTIVATION",1.92500931333255,0.000550288924078209,28,"blue",5,17.9,0.39
"CELLTYPE","TRAVAGLINI_LUNG_MUCOUS_CELL",1.7984509623037,0.000567624890601242,18,"blue",5,27.8,0.39
"GOBP","GOBP_REGULATION_OF_RELEASE_OF_CYTOCHROME_C_FROM_MITOCHONDRIA",1.9503328132499,0.000709236948665455,17,"blue",5,29.4,0.39
"CELLTYPE","GAO_ESOPHAGUS_25W_C2_KRT6BPOS_SECRETORY_PROGENITOR_CELLS",1.83650251400191,0.000891486904439973,16,"blue",5,31.2,0.39
"GOBP","GOBP_TUMOR_NECROSIS_FACTOR_MEDIATED_SIGNALING_PATHWAY",1.76874826376959,0.00101416261645441,29,"blue",5,17.2,0.39
"CELLTYPE","GAO_SMALL_INTESTINE_24W_C4_ENTEROCYTE_PROGENITOR_SUBTYPE_2",1.79502135152689,0.00121222347091744,25,"blue",5,20,0.39
"CELLTYPE","MENON_FETAL_KIDNEY_0_CAP_MESENCHYME_CELLS",-1.71490089744624,0.00170216713804511,24,"blue",5,20.8,0.39
"GOBP","GOBP_T_HELPER_1_TYPE_IMMUNE_RESPONSE",1.81292273098654,0.002239141847306,24,"blue",5,20.8,0.39
"GOBP","GOBP_NEUTROPHIL_MIGRATION",1.75103795552849,0.00225849843290919,31,"blue",5,16.1,0.39
"REACTOME","REACTOME_REGULATION_OF_GLUCOKINASE_BY_GLUCOKINASE_REGULATORY_PROTEIN",-2.05392950935112,0.00246579167420817,16,"blue",5,31.2,0.39
"REACTOME","REACTOME_EXPORT_OF_VIRAL_RIBONUCLEOPROTEINS_FROM_NUCLEUS",-2.04098803766477,0.0025085722253511,11,"blue",5,45.5,0.39
"REACTOME","REACTOME_DETOXIFICATION_OF_REACTIVE_OXYGEN_SPECIES",1.86832868230596,0.00253067282374653,14,"blue",5,35.7,0.39
"CELLTYPE","ZHONG_PFC_C5_BCL11B_CALB2_POS_INP",-1.82713205317247,0.0035082383352756,8,"blue",5,62.5,0.39
"GOBP","GOBP_T_CELL_HOMEOSTASIS",1.82064083468865,0.00405453453153225,20,"blue",5,25,0.39
"GOBP","GOBP_MATURATION_OF_SSU_RRNA",-1.84752334328972,0.00427251146544395,21,"blue",5,23.8,0.39
"REACTOME","REACTOME_DISEASES_OF_IMMUNE_SYSTEM",1.87823087729039,0.00456313763940928,13,"blue",5,38.5,0.39
"GOBP","GOBP_NEGATIVE_REGULATION_OF_ENDOCYTOSIS",1.80640040904526,0.00466852619020084,22,"blue",5,22.7,0.39
"REACTOME","REACTOME_TRANSPORT_OF_THE_SLBP_DEPENDANT_MATURE_MRNA",-1.90814715083172,0.00511292357653831,18,"blue",5,27.8,0.39
"REACTOME","REACTOME_TRANSPORT_OF_MATURE_MRNAS_DERIVED_FROM_INTRONLESS_TRANSCRIPTS",-1.90829397099785,0.00520050133431753,20,"blue",5,25,0.39
"GOBP","GOBP_RELEASE_OF_CYTOCHROME_C_FROM_MITOCHONDRIA",1.7857377741485,0.0055826706298394,19,"blue",5,26.3,0.39
"REACTOME","REACTOME_INTERACTIONS_OF_REV_WITH_HOST_CELLULAR_PROTEINS",-1.93969689884833,0.00566479768697706,11,"blue",5,45.5,0.39
"GOBP","GOBP_POSITIVE_REGULATION_OF_PHAGOCYTOSIS",1.78879416606006,0.00568799789533899,17,"blue",5,29.4,0.39
"GOBP","GOBP_ORGANIC_HYDROXY_COMPOUND_TRANSPORT",1.6204026536021,0.00589303890148698,39,"blue",5,12.8,0.39
"REACTOME","REACTOME_NUCLEAR_IMPORT_OF_REV_PROTEIN",-1.93832657006986,0.00618119183532465,11,"blue",5,45.5,0.39
"CELLTYPE","DESCARTES_FETAL_PLACENTA_MEGAKARYOCYTES",1.5666182133022,0.00633798203502323,41,"blue",5,12.2,0.39
"GOBP","GOBP_INNATE_IMMUNE_RESPONSE_ACTIVATING_CELL_SURFACE_RECEPTOR_SIGNALING_PATHWAY",1.66742821577895,0.00660507256016806,25,"blue",5,20,0.39
"CELLTYPE","TRAVAGLINI_LUNG_AIRWAY_SMOOTH_MUSCLE_CELL",1.54765575802301,0.00713930053374727,43,"blue",5,11.6,0.39
"GOBP","GOBP_CELL_SURFACE_PATTERN_RECOGNITION_RECEPTOR_SIGNALING_PATHWAY",1.75237538079071,0.00726382732749022,21,"blue",5,23.8,0.39
"REACTOME","REACTOME_DEACTIVATION_OF_THE_BETA_CATENIN_TRANSACTIVATING_COMPLEX",-1.89398337057256,0.00803133535402598,10,"blue",5,50,0.39
"CELLTYPE","CUI_DEVELOPING_HEART_C5_VALVAR_CELL",1.52592645729462,0.00869444731244311,34,"blue",5,14.7,0.39
"REACTOME","REACTOME_COMPLEX_I_BIOGENESIS",1.67979984355873,0.0101127002788062,31,"blue",5,16.1,0.39
"HALLMARK","HALLMARK_CHOLESTEROL_HOMEOSTASIS",1.59818613178122,0.0104574121345441,22,"blue",5,22.7,0.39
"GOBP","GOBP_POSITIVE_REGULATION_OF_CYTOKINE_PRODUCTION_INVOLVED_IN_IMMUNE_RESPONSE",1.7191331480008,0.0105888154183768,18,"blue",5,27.8,0.39
"REACTOME","REACTOME_SUMOYLATION_OF_SUMOYLATION_PROTEINS",-1.82871151642457,0.0108114557015515,11,"blue",5,45.5,0.39
"GOBP","GOBP_REGULATION_OF_LEUKOCYTE_DEGRANULATION",1.76255868140187,0.0118163008103875,19,"blue",5,26.3,0.39
"GOBP","GOBP_POSITIVE_REGULATION_OF_STEM_CELL_POPULATION_MAINTENANCE",-1.74064510686857,0.0119524461402866,16,"blue",5,31.2,0.39
"GOBP","GOBP_RIBOSOMAL_SMALL_SUBUNIT_BIOGENESIS",-1.59078064559852,0.0129166225773197,23,"blue",5,21.7,0.39
"GOBP","GOBP_CD8_POSITIVE_ALPHA_BETA_T_CELL_ACTIVATION",1.7671633819617,0.0134875383644019,18,"blue",5,27.8,0.39
"REACTOME","REACTOME_DENGUE_VIRUS_ATTACHMENT_AND_ENTRY",1.71283149859805,0.0142772576560062,13,"blue",5,38.5,0.39
"CELLTYPE","GAUTAM_EYE_CHOROID_SCLERA_MELANOCYTES",1.48919552558567,0.0148755588034823,61,"blue",5,8.2,0.39
"REACTOME","REACTOME_ROS_AND_RNS_PRODUCTION_IN_PHAGOCYTES",1.76561322023199,0.0152230818162746,14,"blue",5,35.7,0.39
"REACTOME","REACTOME_RESPIRATORY_SYNCYTIAL_VIRUS_INFECTION_PATHWAY",1.58988555392101,0.0172789476007755,32,"blue",5,15.6,0.39
"HALLMARK","HALLMARK_HYPOXIA",1.43781708542078,0.0173411020006629,40,"blue",5,12.5,0.39
"GOBP","GOBP_NEUTROPHIL_CHEMOTAXIS",1.70792132199073,0.0190442192327721,20,"blue",5,25,0.39
"GOBP","GOBP_NEGATIVE_REGULATION_OF_CELL_DEVELOPMENT",1.48694223700118,0.019208870183439,46,"blue",5,10.9,0.39
"CELLTYPE","GAUTAM_EYE_CORNEA_ELF3_HIGH_EPITHELIAL_CELLS",1.49304597798332,0.0193272031271369,48,"blue",5,10.4,0.39
"GOBP","GOBP_NUCLEAR_TRANSCRIBED_MRNA_CATABOLIC_PROCESS_DEADENYLATION_DEPENDENT_DECAY",-1.64049394676264,0.0201527625309906,19,"blue",5,26.3,0.39
"GOBP","GOBP_POSITIVE_REGULATION_OF_INTRINSIC_APOPTOTIC_SIGNALING_PATHWAY",1.68808563481324,0.020240415096311,14,"blue",5,35.7,0.39
"GOBP","GOBP_GRANULOCYTE_CHEMOTAXIS",1.64184360940818,0.0203908405251889,31,"blue",5,16.1,0.39
"GOBP","GOBP_NEGATIVE_REGULATION_OF_SMOOTHENED_SIGNALING_PATHWAY",-1.7641874906433,0.0208708009922375,15,"blue",5,33.3,0.39
"REACTOME","REACTOME_INOSITOL_PHOSPHATE_METABOLISM",-1.7028879604145,0.0213406832667458,11,"blue",5,45.5,0.39
"REACTOME","REACTOME_TNFR2_NON_CANONICAL_NF_KB_PATHWAY",1.60523462881496,0.0232302505522803,32,"blue",5,15.6,0.39
"GOBP","GOBP_CARDIAC_CELL_DEVELOPMENT",-1.71884648681299,0.0232706042337407,18,"blue",5,27.8,0.39
"REACTOME","REACTOME_THE_PHOTOTRANSDUCTION_CASCADE",-1.80458342917361,0.0252728965120343,8,"blue",5,62.5,0.39
"REACTOME","REACTOME_TRNA_PROCESSING_IN_THE_NUCLEUS",-1.69431130503956,0.0268016803985402,13,"blue",5,38.5,0.39
"CELLTYPE","HE_LIM_SUN_FETAL_LUNG_C3_OMD_POS_ENDOTHELIAL_CELL",1.37072496420163,0.0269044032991123,49,"blue",5,10.2,0.39
"REACTOME","REACTOME_ANTIGEN_PRESENTATION_FOLDING_ASSEMBLY_AND_PEPTIDE_LOADING_OF_CLASS_I_MHC",1.65519779360203,0.0274867160433553,8,"blue",5,62.5,0.39
"GOBP","GOBP_NEGATIVE_REGULATION_OF_CELL_KILLING",1.70715062609711,0.0292075680555627,17,"blue",5,29.4,0.39
"GOBP","GOBP_CELL_SURFACE_TOLL_LIKE_RECEPTOR_SIGNALING_PATHWAY",1.64360447153796,0.0293432953624389,20,"blue",5,25,0.39
"GOBP","GOBP_NUCLEAR_TRANSCRIBED_MRNA_POLY_A_TAIL_SHORTENING",-1.74118403710556,0.0299624434347091,13,"blue",5,38.5,0.39
"REACTOME","REACTOME_GOLGI_ASSOCIATED_VESICLE_BIOGENESIS",1.56840469540231,0.0310516890473563,14,"blue",5,35.7,0.39
"CELLTYPE","HE_LIM_SUN_FETAL_LUNG_C4_ILC3_CELL",-1.44221291434839,0.0311020902658297,18,"blue",5,27.8,0.39
"GOBP","GOBP_REGULATION_OF_NEURON_DIFFERENTIATION",-1.52789275704072,0.0314604564302605,24,"blue",5,20.8,0.39
"GOBP","GOBP_HYDROGEN_PEROXIDE_METABOLIC_PROCESS",1.65585135877726,0.0315620561464242,12,"blue",5,41.7,0.39
"GOBP","GOBP_MATURATION_OF_5_8S_RRNA",-1.71127407256221,0.0317609401632085,16,"blue",5,31.2,0.39
"GOBP","GOBP_MICROTUBULE_NUCLEATION",-1.59074567946038,0.0327236982917012,23,"blue",5,21.7,0.39
"CELLTYPE","TRAVAGLINI_LUNG_CD8_MEMORY_EFFECTOR_T_CELL",-1.61271984738744,0.0339894719376318,15,"blue",5,33.3,0.39
"REACTOME","REACTOME_GLYCOSPHINGOLIPID_CATABOLISM",1.61933349908623,0.0343867295814113,12,"blue",5,41.7,0.39
"GOBP","GOBP_REGULATION_OF_EMBRYONIC_DEVELOPMENT",-1.5535857449635,0.0372211269519617,18,"blue",5,27.8,0.39
"GOBP","GOBP_EXTRINSIC_APOPTOTIC_SIGNALING_PATHWAY_VIA_DEATH_DOMAIN_RECEPTORS",1.54566569492,0.0372504702401833,25,"blue",5,20,0.39
"REACTOME","REACTOME_SUMOYLATION_OF_UBIQUITINYLATION_PROTEINS",-1.69035809791397,0.0392745213135856,11,"blue",5,45.5,0.39
"GOBP","GOBP_MATURATION_OF_LSU_RRNA",-1.7458343563473,0.0397755131861582,13,"blue",5,38.5,0.39
"REACTOME","REACTOME_CD28_DEPENDENT_PI3K_AKT_SIGNALING",-1.71401898647084,0.0431163809592286,8,"blue",5,62.5,0.39
"CELLTYPE","DESCARTES_FETAL_SPLEEN_AFP_ALB_POSITIVE_CELLS",1.44524417110295,0.0451400643662089,20,"blue",5,25,0.39
"REACTOME","REACTOME_RNA_POLYMERASE_I_TRANSCRIPTION_INITIATION",-1.61303594561667,0.0455603620844378,15,"blue",5,33.3,0.39
"CELLTYPE","ZHENG_CORD_BLOOD_C9_GRANULOCYTE_MACROPHAGE_PROGENITOR",1.41448789091475,0.0471347636673001,36,"blue",5,13.9,0.39
"GOBP","GOBP_VENTRICULAR_SEPTUM_DEVELOPMENT",-1.59113013203148,0.048233340741162,17,"blue",5,29.4,0.39
"GOBP","GOBP_NEGATIVE_REGULATION_OF_ALPHA_BETA_T_CELL_ACTIVATION",1.62203919548808,0.0488101363516308,16,"blue",5,31.2,0.39
"CELLTYPE","DESCARTES_FETAL_HEART_MEGAKARYOCYTES",2.04212737058557,8.17682777056418e-07,50,"blue",4,8,0.31
"GOBP","GOBP_CELLULAR_RESPONSE_TO_TYPE_II_INTERFERON",2.03615113242782,1.10403990082749e-05,31,"blue",4,12.9,0.31
"CELLTYPE","BUSSLINGER_DUODENAL_TRANSIT_AMPLIFYING_CELLS",1.75336807367326,3.50782519331481e-05,81,"blue",4,4.9,0.31
"GOBP","GOBP_POSITIVE_REGULATION_OF_INTERLEUKIN_1_PRODUCTION",2.02224625622737,8.46064393800594e-05,19,"blue",4,21.1,0.31
"REACTOME","REACTOME_INTERLEUKIN_1_FAMILY_SIGNALING",1.82471073244894,0.000283665595174686,49,"blue",4,8.2,0.31
"REACTOME","REACTOME_AMPK_INDUCED_ERAD_AND_LYSOSOME_MEDIATED_DEGRADATION_OF_PD_L1_CD274",1.94997017683194,0.000874623453619641,26,"blue",4,15.4,0.31
"GOBP","GOBP_ENDONUCLEOLYTIC_CLEAVAGE_OF_TRICISTRONIC_RRNA_TRANSCRIPT_SSU_RRNA_5_8S_RRNA_LSU_RRNA",-2.02570609660573,0.00106704353310229,12,"blue",4,33.3,0.31
"HALLMARK","HALLMARK_COAGULATION",1.70472622161901,0.00137166516614267,26,"blue",4,15.4,0.31
"GOBP","GOBP_ANTIMICROBIAL_HUMORAL_IMMUNE_RESPONSE_MEDIATED_BY_ANTIMICROBIAL_PEPTIDE",1.87062894478929,0.00169115404184678,26,"blue",4,15.4,0.31
"GOBP","GOBP_ANTIBACTERIAL_HUMORAL_RESPONSE",1.90742859946486,0.00175505519218694,19,"blue",4,21.1,0.31
"GOBP","GOBP_POSITIVE_REGULATION_OF_REACTIVE_OXYGEN_SPECIES_METABOLIC_PROCESS",1.87082360273766,0.00187994839837476,31,"blue",4,12.9,0.31
"GOBP","GOBP_DEFENSE_RESPONSE_TO_GRAM_NEGATIVE_BACTERIUM",1.85968734237077,0.00198345973707923,25,"blue",4,16,0.31
"REACTOME","REACTOME_TRANSCRIPTIONAL_REGULATION_BY_MECP2",-2.02766173320635,0.00204358017731355,14,"blue",4,28.6,0.31
"GOBP","GOBP_DISRUPTION_OF_ANATOMICAL_STRUCTURE_IN_ANOTHER_ORGANISM",1.85991381669915,0.00210304830619644,21,"blue",4,19,0.31
"REACTOME","REACTOME_ANTIGEN_PROCESSING_UB_ATP_INDEPENDENT_PROTEASOMAL_DEGRADATION",1.89855343097927,0.0021086271902507,11,"blue",4,36.4,0.31
"CELLTYPE","GAUTAM_EYE_CORNEA_TGFBI_HIGH_EPITHELIAL_CELLS",1.62816405363629,0.00253213305246172,24,"blue",4,16.7,0.31
"GOBP","GOBP_MACROPHAGE_ACTIVATION",1.75921559660836,0.00256620516752181,33,"blue",4,12.1,0.31
"REACTOME","REACTOME_PHOSPHORYLATED_BMAL1_CLOCK_ARNTL_CLOCK_ACTIVATES_EXPRESSION_OF_CORE_CLOCK_GENES",-1.98548229908341,0.00273846956587427,15,"blue",4,26.7,0.31
"REACTOME","REACTOME_REGULATION_OF_PD_L1_CD274_POST_TRANSLATIONAL_MODIFICATION",1.79289680295932,0.00299625108308386,33,"blue",4,12.1,0.31
"GOBP","GOBP_DENDRITIC_CELL_DIFFERENTIATION",1.87088409220164,0.00309970120243495,21,"blue",4,19,0.31
"GOBP","GOBP_MEMBRANE_INVAGINATION",1.78802421755401,0.00364733276873463,25,"blue",4,16,0.31
"GOBP","GOBP_NEGATIVE_REGULATION_OF_HEMOPOIESIS",1.71398147995312,0.00376209929136911,35,"blue",4,11.4,0.31
"GOBP","GOBP_MITOCHONDRIAL_ELECTRON_TRANSPORT_NADH_TO_UBIQUINONE",1.86286155416503,0.00392066589629725,26,"blue",4,15.4,0.31
"GOBP","GOBP_POSITIVE_REGULATION_OF_PATTERN_RECOGNITION_RECEPTOR_SIGNALING_PATHWAY",1.7391121629895,0.00427295176097976,35,"blue",4,11.4,0.31
"REACTOME","REACTOME_RIBOSOME_ASSOCIATED_QUALITY_CONTROL",1.59409537452679,0.00531059574800219,88,"blue",4,4.5,0.31
"CELLTYPE","DURANTE_ADULT_OLFACTORY_NEUROEPITHELIUM_OLFACTORY_ENSHEATHING_GLIA",1.63800524748854,0.0054009958924181,28,"blue",4,14.3,0.31
"REACTOME","REACTOME_RRNA_MODIFICATION_IN_THE_NUCLEUS_AND_CYTOSOL",-1.8671394497864,0.00587533863315073,20,"blue",4,20,0.31
"REACTOME","REACTOME_ABC_TRANSPORTER_DISORDERS",1.77417704759866,0.00681183104381897,31,"blue",4,12.9,0.31
"REACTOME","REACTOME_IRON_UPTAKE_AND_TRANSPORT",1.76544064418502,0.00681183104381897,26,"blue",4,15.4,0.31
"REACTOME","REACTOME_REGULATION_OF_CDH1_FUNCTION",1.7670463900294,0.00689577858354128,25,"blue",4,16,0.31
"HALLMARK","HALLMARK_REACTIVE_OXYGEN_SPECIES_PATHWAY",1.633124500214,0.00822403552488545,23,"blue",4,17.4,0.31
"REACTOME","REACTOME_RUNX1_REGULATES_TRANSCRIPTION_OF_GENES_INVOLVED_IN_DIFFERENTIATION_OF_HSCS",1.69360351728223,0.00914518698795329,35,"blue",4,11.4,0.31
"GOBP","GOBP_B_CELL_MEDIATED_IMMUNITY",1.58253365737757,0.0104913981027843,41,"blue",4,9.8,0.31
"GOBP","GOBP_DNA_TEMPLATED_TRANSCRIPTION_TERMINATION",-1.75318920194633,0.0110648515162955,16,"blue",4,25,0.31
"GOBP","GOBP_REGULATION_OF_DNA_TEMPLATED_TRANSCRIPTION_ELONGATION",-1.58565929239813,0.0114020657791297,31,"blue",4,12.9,0.31
"REACTOME","REACTOME_LYSOSOME_VESICLE_BIOGENESIS",1.76037671345729,0.0114566321760041,12,"blue",4,33.3,0.31
"GOBP","GOBP_LENS_DEVELOPMENT_IN_CAMERA_TYPE_EYE",-1.76142539223052,0.0119009625963906,15,"blue",4,26.7,0.31
"GOBP","GOBP_REGULATION_OF_INTRACELLULAR_STEROID_HORMONE_RECEPTOR_SIGNALING_PATHWAY",-1.73189818782163,0.0126631501480929,22,"blue",4,18.2,0.31
"CELLTYPE","CUI_DEVELOPING_HEART_VALVAR_ENDOTHELIAL_CELL",1.54347269895322,0.0141386031065189,24,"blue",4,16.7,0.31
"GOBP","GOBP_PHOSPHATIDYLINOSITOL_MEDIATED_SIGNALING",-1.79303746075902,0.0156548691654716,6,"blue",4,66.7,0.31
"REACTOME","REACTOME_RSV_HOST_INTERACTIONS",1.67204540649849,0.0168504534016285,28,"blue",4,14.3,0.31
"GOBP","GOBP_DETECTION_OF_BIOTIC_STIMULUS",1.7484268579794,0.0169866866013631,13,"blue",4,30.8,0.31
"REACTOME","REACTOME_ANTIMICROBIAL_PEPTIDES",1.75268539072848,0.0170223196814602,17,"blue",4,23.5,0.31
"GOBP","GOBP_MATURATION_OF_LSU_RRNA_FROM_TRICISTRONIC_RRNA_TRANSCRIPT_SSU_RRNA_5_8S_RRNA_LSU_RRNA",-1.80150602397284,0.0182455693352089,10,"blue",4,40,0.31
"GOBP","GOBP_NEUROINFLAMMATORY_RESPONSE",1.62454702183625,0.0187479269315282,25,"blue",4,16,0.31
"GOBP","GOBP_PROTEIN_LOCALIZATION_TO_VACUOLE",1.59951163242572,0.0187479269315282,14,"blue",4,28.6,0.31
"GOBP","GOBP_MITOCHONDRIAL_RNA_METABOLIC_PROCESS",-1.67932581558497,0.019208870183439,19,"blue",4,21.1,0.31
"REACTOME","REACTOME_FOXO_MEDIATED_TRANSCRIPTION_OF_OXIDATIVE_STRESS_METABOLIC_AND_NEURONAL_GENES",-1.81129359198136,0.0238030446870364,9,"blue",4,44.4,0.31
"GOBP","GOBP_MATURATION_OF_5_8S_RRNA_FROM_TRICISTRONIC_RRNA_TRANSCRIPT_SSU_RRNA_5_8S_RRNA_LSU_RRNA",-1.79309406985458,0.0249070165918962,13,"blue",4,30.8,0.31
"REACTOME","REACTOME_PCP_CE_PATHWAY",1.60937186214008,0.0268023621640068,38,"blue",4,10.5,0.31
"GOBP","GOBP_HOST_MEDIATED_PERTURBATION_OF_VIRAL_TRANSCRIPTION",-1.80567138524919,0.0275574381512612,10,"blue",4,40,0.31
"GOBP","GOBP_POSITIVE_REGULATION_OF_LIPID_LOCALIZATION",1.62127315840771,0.0275665280499463,24,"blue",4,16.7,0.31
"REACTOME","REACTOME_DEVELOPMENTAL_CELL_LINEAGES_OF_THE_INTEGUMENTARY_SYSTEM",-1.70226751042198,0.031703066128229,6,"blue",4,66.7,0.31
"REACTOME","REACTOME_ABC_FAMILY_PROTEINS_MEDIATED_TRANSPORT",1.5395462851734,0.031703066128229,28,"blue",4,14.3,0.31
"REACTOME","REACTOME_MYD88_INDEPENDENT_TLR4_CASCADE",1.50061748649363,0.0347785225818623,42,"blue",4,9.5,0.31
"GOBP","GOBP_T_CELL_CYTOKINE_PRODUCTION",1.68868455122046,0.0351579671197636,11,"blue",4,36.4,0.31
"GOBP","GOBP_ICOSANOID_METABOLIC_PROCESS",1.54744829047571,0.0360186969143624,25,"blue",4,16,0.31
"GOBP","GOBP_ZYMOGEN_ACTIVATION",1.66641178644682,0.0368848642407837,16,"blue",4,25,0.31
"GOBP","GOBP_EMBRYONIC_DIGIT_MORPHOGENESIS",-1.66459797111232,0.0372211269519617,14,"blue",4,28.6,0.31
"GOBP","GOBP_RESPIRATORY_BURST",1.69270717891883,0.0373100106984326,11,"blue",4,36.4,0.31
"CELLTYPE","VANGURP_PANCREATIC_ALPHA_CELL",1.57585326202452,0.0380023956813507,10,"blue",4,40,0.31
"GOBP","GOBP_MYELOID_LEUKOCYTE_DIFFERENTIATION",1.41042108294654,0.0409016414196135,58,"blue",4,6.9,0.31
"REACTOME","REACTOME_TRANSFERRIN_ENDOCYTOSIS_AND_RECYCLING",1.62848557600326,0.0440591614819108,15,"blue",4,26.7,0.31
"GOBP","GOBP_INTERLEUKIN_2_PRODUCTION",1.55645523798551,0.0443080871154045,22,"blue",4,18.2,0.31
"CELLTYPE","MENON_FETAL_KIDNEY_2_NEPHRON_PROGENITOR_CELLS",-1.57125968762215,0.0456472757554282,13,"blue",4,30.8,0.31
"GOBP","GOBP_REGULATION_OF_NON_CANONICAL_NF_KAPPAB_SIGNAL_TRANSDUCTION",1.48976225487225,0.0471659985863511,25,"blue",4,16,0.31
"GOBP","GOBP_T_HELPER_17_TYPE_IMMUNE_RESPONSE",1.60176570180743,0.0482949918171034,22,"blue",4,18.2,0.31
"GOBP","GOBP_NEGATIVE_REGULATION_OF_T_CELL_PROLIFERATION",1.54684648756997,0.0488101363516308,21,"blue",4,19,0.31
"HALLMARK","HALLMARK_IL6_JAK_STAT3_SIGNALING",2.09970399788054,3.21468391833663e-07,35,"blue",3,8.6,0.23
"CELLTYPE","DURANTE_ADULT_OLFACTORY_NEUROEPITHELIUM_MONOCYTES",2.14797697226684,4.76172421885564e-07,20,"blue",3,15,0.23
"CELLTYPE","BUSSLINGER_GASTRIC_REG3A_POSITIVE_CELLS",2.12897598992403,7.86664357921692e-07,22,"blue",3,13.6,0.23
"HALLMARK","HALLMARK_MYC_TARGETS_V2",-2.08894325331811,1.52897841559942e-05,15,"blue",3,20,0.23
"GOBP","GOBP_REGULATION_OF_RESPONSE_TO_CYTOKINE_STIMULUS",1.80147434780881,0.000153351256436072,48,"blue",3,6.2,0.23
"REACTOME","REACTOME_REGULATED_NECROSIS",2.00169420602351,0.000195998493451415,22,"blue",3,13.6,0.23
"GOBP","GOBP_NEGATIVE_REGULATION_OF_MUSCLE_CELL_DIFFERENTIATION",-2.07848302175004,0.000320786226178522,13,"blue",3,23.1,0.23
"GOBP","GOBP_RESPONSE_TO_INTERFERON_BETA",2.00376793391187,0.000408444196946697,15,"blue",3,20,0.23
"CELLTYPE","HE_LIM_SUN_FETAL_LUNG_C2_NON_CLASSICAL_MONOCYTE",1.90268981153973,0.000441691927878139,8,"blue",3,37.5,0.23
"CELLTYPE","DESCARTES_FETAL_LIVER_MEGAKARYOCYTES",1.74175942617114,0.000611893088045212,41,"blue",3,7.3,0.23
"REACTOME","REACTOME_INTERLEUKIN_1_SIGNALING",1.86790088610064,0.0006180340754785,41,"blue",3,7.3,0.23
"CELLTYPE","MANNO_MIDBRAIN_NEUROTYPES_BASAL",1.77215741945164,0.000649626982699566,26,"blue",3,11.5,0.23
"GOBP","GOBP_MATURATION_OF_SSU_RRNA_FROM_TRICISTRONIC_RRNA_TRANSCRIPT_SSU_RRNA_5_8S_RRNA_LSU_RRNA",-2.06050856850479,0.00131772135938306,12,"blue",3,25,0.23
"GOBP","GOBP_INTERLEUKIN_10_PRODUCTION",1.91211490189526,0.00136489678183774,21,"blue",3,14.3,0.23
"GOBP","GOBP_REGULATION_OF_VIRAL_PROCESS",1.72202387791603,0.00179144818098861,34,"blue",3,8.8,0.23
"CELLTYPE","AIZARANI_LIVER_C17_HEPATOCYTES_3",1.80443618817008,0.0021101791518298,14,"blue",3,21.4,0.23
"GOBP","GOBP_NEGATIVE_REGULATION_OF_LYMPHOCYTE_DIFFERENTIATION",1.8361028875579,0.002239141847306,23,"blue",3,13,0.23
"GOBP","GOBP_NEGATIVE_REGULATION_OF_REGULATORY_T_CELL_DIFFERENTIATION",1.91739300935499,0.00249497760534321,10,"blue",3,30,0.23
"REACTOME","REACTOME_REGULATION_OF_MECP2_EXPRESSION_AND_ACTIVITY",-2.00697469465083,0.00253067282374653,11,"blue",3,27.3,0.23
"GOBP","GOBP_REGULATION_OF_VIRAL_LIFE_CYCLE",1.74704440845281,0.00275546692205428,30,"blue",3,10,0.23
"CELLTYPE","HE_LIM_SUN_FETAL_LUNG_C2_SPP1_POS_MACROPHAGE_CELL",1.77226238938132,0.00281876527171284,10,"blue",3,30,0.23
"GOBP","GOBP_POSITIVE_REGULATION_OF_CHEMOKINE_PRODUCTION",1.8467983466765,0.00287467391842723,24,"blue",3,12.5,0.23
"REACTOME","REACTOME_AMYLOID_FIBER_FORMATION",1.81961670722816,0.00296642192871844,26,"blue",3,11.5,0.23
"REACTOME","REACTOME_RIBOSOME_QUALITY_CONTROL_RQC_COMPLEX_EXTRACTS_AND_DEGRADES_NASCENT_PEPTIDE",1.73046478907282,0.00327965437289648,49,"blue",3,6.1,0.23
"GOBP","GOBP_NEGATIVE_REGULATION_OF_INTRACELLULAR_STEROID_HORMONE_RECEPTOR_SIGNALING_PATHWAY",-1.92829715941878,0.00392066589629725,13,"blue",3,23.1,0.23
"GOBP","GOBP_TYPE_I_INTERFERON_PRODUCTION",1.66809936121871,0.00525019692322593,31,"blue",3,9.7,0.23
"GOBP","GOBP_REGULATION_OF_TRANSCRIPTION_BY_RNA_POLYMERASE_III",-1.93437095596502,0.00619674661394762,15,"blue",3,20,0.23
"GOBP","GOBP_ACUTE_INFLAMMATORY_RESPONSE",1.76726456226083,0.00622365478799471,25,"blue",3,12,0.23
"REACTOME","REACTOME_INHIBITION_OF_DNA_RECOMBINATION_AT_TELOMERE",1.79992339891169,0.00650429582934603,18,"blue",3,16.7,0.23
"GOBP","GOBP_TRANSCRIPTION_BY_RNA_POLYMERASE_I",-1.74443468642152,0.00653690343148357,23,"blue",3,13,0.23
"GOBP","GOBP_NEGATIVE_REGULATION_OF_INTERLEUKIN_1_PRODUCTION",1.85490186203498,0.00706143317865743,14,"blue",3,21.4,0.23
"REACTOME","REACTOME_THE_ROLE_OF_GTSE1_IN_G2_M_PROGRESSION_AFTER_G2_CHECKPOINT",1.73711122557128,0.00728983067636208,31,"blue",3,9.7,0.23
"CELLTYPE","GAUTAM_EYE_IRIS_CILIARY_BODY_WIF1_HIGH_FIBROBLASTS",1.62949296536978,0.00737433281587847,21,"blue",3,14.3,0.23
"GOBP","GOBP_SUPEROXIDE_METABOLIC_PROCESS",1.7727461161086,0.00812581115480382,26,"blue",3,11.5,0.23
"GOBP","GOBP_GLIAL_CELL_ACTIVATION",1.79731797153809,0.00854245614984359,14,"blue",3,21.4,0.23
"REACTOME","REACTOME_RHO_GTPASES_ACTIVATE_PKNS",1.74524375114268,0.00915509695030535,17,"blue",3,17.6,0.23
"GOBP","GOBP_PHAGOCYTOSIS_ENGULFMENT",1.78593308142399,0.00936202896330986,20,"blue",3,15,0.23
"GOBP","GOBP_GLYCOPROTEIN_CATABOLIC_PROCESS",1.82823794864908,0.0098748905856275,10,"blue",3,30,0.23
"GOBP","GOBP_POSITIVE_REGULATION_OF_ORGANELLE_ASSEMBLY",-1.72154843430137,0.0108623053095614,22,"blue",3,13.6,0.23
"GOBP","GOBP_VIRAL_GENOME_REPLICATION",1.65161329136007,0.0117021232554772,28,"blue",3,10.7,0.23
"REACTOME","REACTOME_MITOCHONDRIAL_TRANSLATION_ELONGATION",1.64132579979306,0.0132414933695027,37,"blue",3,8.1,0.23
"REACTOME","REACTOME_SARS_COV_1_INFECTION",1.55315022692361,0.0142772576560062,27,"blue",3,11.1,0.23
"GOBP","GOBP_P_BODY_ASSEMBLY",-1.87810964711748,0.0144932579250417,10,"blue",3,30,0.23
"GOBP","GOBP_DETECTION_OF_EXTERNAL_BIOTIC_STIMULUS",1.79565471567167,0.0148590512117429,11,"blue",3,27.3,0.23
"GOBP","GOBP_NEGATIVE_REGULATION_OF_COAGULATION",1.72323650706584,0.0156271728088743,14,"blue",3,21.4,0.23
"GOBP","GOBP_REGULATION_OF_NUCLEAR_TRANSCRIBED_MRNA_CATABOLIC_PROCESS_DEADENYLATION_DEPENDENT_DECAY",-1.86628676390992,0.0160688548730565,9,"blue",3,33.3,0.23
"GOBP","GOBP_POSITIVE_REGULATION_OF_MYELOID_LEUKOCYTE_MEDIATED_IMMUNITY",1.77958944806301,0.0160688548730565,10,"blue",3,30,0.23
"GOBP","GOBP_CERAMIDE_CATABOLIC_PROCESS",1.74968924445582,0.0160688548730565,10,"blue",3,30,0.23
"GOBP","GOBP_CIRCADIAN_REGULATION_OF_GENE_EXPRESSION",-1.70305448106111,0.0161562868154604,17,"blue",3,17.6,0.23
"REACTOME","REACTOME_REGULATION_OF_PD_L1_CD274_TRANSCRIPTION",1.64172561294664,0.0164928546662152,18,"blue",3,16.7,0.23
"GOBP","GOBP_REGULATION_OF_DENDRITIC_CELL_DIFFERENTIATION",1.74528236279341,0.0170671682254831,12,"blue",3,25,0.23
"GOBP","GOBP_DEOXYRIBONUCLEOTIDE_CATABOLIC_PROCESS",1.73905219709183,0.0198701846944888,12,"blue",3,25,0.23
"REACTOME","REACTOME_REGULATION_OF_MRNA_STABILITY_BY_PROTEINS_THAT_BIND_AU_RICH_ELEMENTS",1.61913786692812,0.0201471067810268,28,"blue",3,10.7,0.23
"GOBP","GOBP_PHAGOSOME_MATURATION",1.77650063704896,0.0202256730257512,16,"blue",3,18.8,0.23
"GOBP","GOBP_NEGATIVE_REGULATION_OF_INTERLEUKIN_1_BETA_PRODUCTION",1.75607468664195,0.0210643841887544,12,"blue",3,25,0.23
"GOBP","GOBP_POSITIVE_REGULATION_OF_NON_CANONICAL_NF_KAPPAB_SIGNAL_TRANSDUCTION",1.68149952331588,0.0210643841887544,20,"blue",3,15,0.23
"GOBP","GOBP_GLYCOLIPID_CATABOLIC_PROCESS",1.73259547467067,0.0214736425734906,9,"blue",3,33.3,0.23
"REACTOME","REACTOME_NUCLEOTIDE_CATABOLISM",1.71849234072381,0.0232302505522803,11,"blue",3,27.3,0.23
"REACTOME","REACTOME_TOLL_LIKE_RECEPTOR_9_TLR9_CASCADE",1.5229002570459,0.0232302505522803,41,"blue",3,7.3,0.23
"GOBP","GOBP_CHEMOKINE_PRODUCTION",1.65269566092442,0.0249070165918962,32,"blue",3,9.4,0.23
"GOBP","GOBP_STRESS_GRANULE_ASSEMBLY",-1.7792336466534,0.0254290538747039,15,"blue",3,20,0.23
"REACTOME","REACTOME_HEDGEHOG_LIGAND_BIOGENESIS",1.64219615159873,0.0261506866731314,27,"blue",3,11.1,0.23
"GOBP","GOBP_HOST_MEDIATED_ACTIVATION_OF_VIRAL_TRANSCRIPTION",-1.81267427616618,0.0277694100179686,8,"blue",3,37.5,0.23
"GOBP","GOBP_REGULATION_OF_COAGULATION",1.71520584139659,0.0282626390393715,21,"blue",3,14.3,0.23
"REACTOME","REACTOME_REGULATION_OF_RUNX2_EXPRESSION_AND_ACTIVITY",1.58576914718538,0.0286786249815215,30,"blue",3,10,0.23
"REACTOME","REACTOME_NUCLEAR_EVENTS_MEDIATED_BY_NFE2L2",1.5514581403729,0.0292047113434148,34,"blue",3,8.8,0.23
"GOBP","GOBP_GLUTAMINE_FAMILY_AMINO_ACID_METABOLIC_PROCESS",-1.70699548099224,0.0293432953624389,9,"blue",3,33.3,0.23
"REACTOME","REACTOME_HH_MUTANTS_ABROGATE_LIGAND_SECRETION",1.64701873436463,0.0294054307104323,27,"blue",3,11.1,0.23
"GOBP","GOBP_PYRIDINE_CONTAINING_COMPOUND_BIOSYNTHETIC_PROCESS",1.72686057164498,0.0301500428393105,12,"blue",3,25,0.23
"GOBP","GOBP_INTERLEUKIN_12_PRODUCTION",1.64303215209255,0.0314604564302605,17,"blue",3,17.6,0.23
"REACTOME","REACTOME_TRANSCRIPTIONAL_REGULATION_OF_BROWN_AND_BEIGE_ADIPOCYTE_DIFFERENTIATION",-1.75973560647891,0.0324840395499374,9,"blue",3,33.3,0.23
"GOBP","GOBP_NUCLEOLUS_ORGANIZATION",-1.76138750647665,0.0329731220830662,9,"blue",3,33.3,0.23
"REACTOME","REACTOME_REGULATION_OF_INSULIN_LIKE_GROWTH_FACTOR_IGF_TRANSPORT_AND_UPTAKE_BY_INSULIN_LIKE_GROWTH_FACTOR_BINDING_PROTEINS_IGFBPS",1.60357133637951,0.0333970447963706,18,"blue",3,16.7,0.23
"GOBP","GOBP_T_HELPER_1_CELL_DIFFERENTIATION",1.67619016132022,0.034256213478293,16,"blue",3,18.8,0.23
"GOBP","GOBP_NEGATIVE_REGULATION_OF_PHAGOCYTOSIS",1.71528019031528,0.0351625531409541,7,"blue",3,42.9,0.23
"GOBP","GOBP_FEMALE_MEIOTIC_NUCLEAR_DIVISION",-1.74109217417345,0.0372504702401833,7,"blue",3,42.9,0.23
"GOBP","GOBP_LIPOPROTEIN_METABOLIC_PROCESS",1.58128380178162,0.037746654964704,9,"blue",3,33.3,0.23
"GOBP","GOBP_REGULATION_OF_CD4_POSITIVE_ALPHA_BETA_T_CELL_ACTIVATION",1.54346056070449,0.0384247276942238,16,"blue",3,18.8,0.23
"GOBP","GOBP_NEGATIVE_REGULATION_OF_RELEASE_OF_CYTOCHROME_C_FROM_MITOCHONDRIA",1.70312417579994,0.040850447778472,9,"blue",3,33.3,0.23
"GOBP","GOBP_HOST_MEDIATED_SUPPRESSION_OF_SYMBIONT_INVASION",1.6516148918098,0.0416930984065481,8,"blue",3,37.5,0.23
"REACTOME","REACTOME_METABOLISM_OF_VITAMINS_AND_COFACTORS",1.4397297869158,0.0431730684033945,27,"blue",3,11.1,0.23
"GOBP","GOBP_ACTIVATED_T_CELL_PROLIFERATION",1.63988246423523,0.0442266810134026,13,"blue",3,23.1,0.23
"GOBP","GOBP_LAMELLIPODIUM_MORPHOGENESIS",1.63995434919722,0.0444103316219938,7,"blue",3,42.9,0.23
"HALLMARK","HALLMARK_UNFOLDED_PROTEIN_RESPONSE",-1.29970211429804,0.0472911945477613,27,"blue",3,11.1,0.23
"GOBP","GOBP_DNA_STRAND_ELONGATION",-1.64774996017807,0.0489367523284953,12,"blue",3,25,0.23
"CELLTYPE","ZHENG_CORD_BLOOD_C1_PUTATIVE_MEGAKARYOCYTE_PROGENITOR",1.9116403279504,1.99580586729801e-05,50,"blue",2,4,0.15
"GOBP","GOBP_ANTIGEN_PROCESSING_AND_PRESENTATION_OF_PEPTIDE_OR_POLYSACCHARIDE_ANTIGEN_VIA_MHC_CLASS_II",2.04434192316341,0.000206808594709149,18,"blue",2,11.1,0.15
"GOBP","GOBP_ANTIGEN_PROCESSING_AND_PRESENTATION_OF_EXOGENOUS_PEPTIDE_ANTIGEN_VIA_MHC_CLASS_II",2.02080535300051,0.000270289349995714,16,"blue",2,12.5,0.15
"GOBP","GOBP_NEGATIVE_REGULATION_OF_VIRAL_GENOME_REPLICATION",2.01026506824122,0.000377261233697568,23,"blue",2,8.7,0.15
"GOBP","GOBP_NEGATIVE_REGULATION_OF_VIRAL_PROCESS",1.88192858603804,0.000590469609479767,26,"blue",2,7.7,0.15
"GOBP","GOBP_POSITIVE_REGULATION_OF_RESPONSE_TO_CYTOKINE_STIMULUS",1.88920970730076,0.000712209142168717,20,"blue",2,10,0.15
"GOBP","GOBP_INTERFERON_MEDIATED_SIGNALING_PATHWAY",1.84487362891324,0.000743197098685745,42,"blue",2,4.8,0.15
"CELLTYPE","DESCARTES_FETAL_KIDNEY_MEGAKARYOCYTES",1.71879588246519,0.0012923979696939,36,"blue",2,5.6,0.15
"GOBP","GOBP_POSITIVE_REGULATION_OF_ACUTE_INFLAMMATORY_RESPONSE",1.93917770010743,0.00147037756906483,7,"blue",2,28.6,0.15
"CELLTYPE","ZHENG_CORD_BLOOD_C5_SIMILAR_TO_HSC_C6_PUTATIVE_ALTERED_METABOLIC_STATE",1.71383428025248,0.00193078485551469,19,"blue",2,10.5,0.15
"REACTOME","REACTOME_PYROPTOSIS",1.892761484327,0.0025085722253511,14,"blue",2,14.3,0.15
"REACTOME","REACTOME_VIF_MEDIATED_DEGRADATION_OF_APOBEC3G",1.86316957867467,0.0025085722253511,29,"blue",2,6.9,0.15
"REACTOME","REACTOME_BINDING_AND_UPTAKE_OF_LIGANDS_BY_SCAVENGER_RECEPTORS",1.8251047208493,0.00253067282374653,35,"blue",2,5.7,0.15
"CELLTYPE","DURANTE_ADULT_OLFACTORY_NEUROEPITHELIUM_FIBROBLASTS_STROMAL_CELLS",1.79939589903481,0.00318208288699143,16,"blue",2,12.5,0.15
"CELLTYPE","DESCARTES_FETAL_SPLEEN_MEGAKARYOCYTES",1.6536851118169,0.00318510640886256,33,"blue",2,6.1,0.15
"CELLTYPE","DESCARTES_MAIN_FETAL_IGFBP1_DKK1_POSITIVE_CELLS",1.63380597894287,0.00324205094898715,23,"blue",2,8.7,0.15
"CELLTYPE","HAY_BONE_MARROW_EOSINOPHIL",1.73555894118047,0.0036368159279432,24,"blue",2,8.3,0.15
"GOBP","GOBP_POSITIVE_REGULATION_OF_TYPE_I_INTERFERON_PRODUCTION",1.77525819253533,0.00376285152294942,22,"blue",2,9.1,0.15
"GOBP","GOBP_T_CELL_MEDIATED_IMMUNE_RESPONSE_TO_TUMOR_CELL",1.87427459271609,0.00388352199356891,5,"blue",2,40,0.15
"REACTOME","REACTOME_NEGATIVE_REGULATION_OF_NOTCH4_SIGNALING",1.8305855327438,0.0041544390352079,27,"blue",2,7.4,0.15
"REACTOME","REACTOME_SCF_SKP2_MEDIATED_DEGRADATION_OF_P27_P21",1.76099983386165,0.00511292357653831,27,"blue",2,7.4,0.15
"GOBP","GOBP_MULTIVESICULAR_BODY_SORTING_PATHWAY",1.78411727493263,0.00525019692322593,25,"blue",2,8,0.15
"GOBP","GOBP_ANTIVIRAL_INNATE_IMMUNE_RESPONSE",1.76458141535714,0.00525019692322593,23,"blue",2,8.7,0.15
"REACTOME","REACTOME_FBXL7_DOWN_REGULATES_AURKA_DURING_MITOTIC_ENTRY_AND_IN_EARLY_MITOSIS",1.79161010037423,0.00534788073784851,27,"blue",2,7.4,0.15
"REACTOME","REACTOME_ASYMMETRIC_LOCALIZATION_OF_PCP_PROTEINS",1.75634910602149,0.00566479768697706,28,"blue",2,7.1,0.15
"REACTOME","REACTOME_SPOP_MEDIATED_PROTEASOMAL_DEGRADATION_OF_PD_L1_CD274",1.73691676631497,0.00644444294823853,21,"blue",2,9.5,0.15
"CELLTYPE","HE_LIM_SUN_FETAL_LUNG_C2_ADC_2_CELL",1.58984383354146,0.00651786138477019,16,"blue",2,12.5,0.15
"REACTOME","REACTOME_GSK3B_MEDIATED_PROTEASOMAL_DEGRADATION_OF_PD_L1_CD274",1.78688721192193,0.00681183104381897,23,"blue",2,8.7,0.15
"REACTOME","REACTOME_METABOLISM_OF_POLYAMINES",1.75784711721748,0.00681183104381897,28,"blue",2,7.1,0.15
"REACTOME","REACTOME_REGULATION_OF_ORNITHINE_DECARBOXYLASE_ODC",1.78552003583696,0.00689577858354128,24,"blue",2,8.3,0.15
"REACTOME","REACTOME_DEGRADATION_OF_DVL",1.78467231241102,0.00689577858354128,26,"blue",2,7.7,0.15
"CELLTYPE","LAKE_ADULT_KIDNEY_C25_ENDOTHELIAL_CELLS_UNASSIGNED",-1.75845771742015,0.00702741850383178,9,"blue",2,22.2,0.15
"CELLTYPE","DURANTE_ADULT_OLFACTORY_NEUROEPITHELIUM_VASCULAR_SMOOTH_MUSCLE_CELLS",1.69059306940953,0.00704375455390199,19,"blue",2,10.5,0.15
"REACTOME","REACTOME_REGULATION_OF_APOPTOSIS",1.74792252200583,0.00728983067636208,26,"blue",2,7.7,0.15
"REACTOME","REACTOME_CELLULAR_RESPONSE_TO_HYPOXIA",1.74038806882093,0.00738585718517797,33,"blue",2,6.1,0.15
"REACTOME","REACTOME_DEADENYLATION_OF_MRNA",-1.84621769451806,0.00868870280751299,10,"blue",2,20,0.15
"CELLTYPE","DURANTE_ADULT_OLFACTORY_NEUROEPITHELIUM_RESPIRATORY_CILIATED_CELLS",1.61337793536784,0.00869444731244311,18,"blue",2,11.1,0.15
"GOBP","GOBP_REGULATION_OF_VIRAL_GENOME_REPLICATION",1.69611026220654,0.0102170211068313,24,"blue",2,8.3,0.15
"REACTOME","REACTOME_UBIQUITIN_DEPENDENT_DEGRADATION_OF_CYCLIN_D",1.76045616079412,0.0121832638155748,25,"blue",2,8,0.15
"GOBP","GOBP_TYPE_I_INTERFERON_MEDIATED_SIGNALING_PATHWAY",1.75019192457632,0.0130403051911745,35,"blue",2,5.7,0.15
"GOBP","GOBP_POSITIVE_REGULATION_OF_RELEASE_OF_CYTOCHROME_C_FROM_MITOCHONDRIA",1.81625737258762,0.0151499086296777,9,"blue",2,22.2,0.15
"GOBP","GOBP_CELL_SURFACE_RECEPTOR_SIGNALING_PATHWAY_VIA_JAK_STAT",1.60873014436773,0.0156248060032965,30,"blue",2,6.7,0.15
"REACTOME","REACTOME_PURINERGIC_SIGNALING_IN_LEISHMANIASIS_INFECTION",1.73693533241245,0.0157651207508767,15,"blue",2,13.3,0.15
"GOBP","GOBP_RESPONSE_TO_TUMOR_CELL",1.71669242000973,0.0168656290401176,12,"blue",2,16.7,0.15
"CELLTYPE","HE_LIM_SUN_FETAL_LUNG_C2_ADC_1_CELL",1.52799266042988,0.0169757329163068,26,"blue",2,7.7,0.15
"REACTOME","REACTOME_RECOGNITION_AND_ASSOCIATION_OF_DNA_GLYCOSYLASE_WITH_SITE_CONTAINING_AN_AFFECTED_PURINE",1.7053047199283,0.0174452835719582,10,"blue",2,20,0.15
"GOBP","GOBP_POSITIVE_REGULATION_OF_NEURON_APOPTOTIC_PROCESS",1.66705766383449,0.018980014086732,15,"blue",2,13.3,0.15
"GOBP","GOBP_IMMUNE_RESPONSE_TO_TUMOR_CELL",1.75103379469794,0.019184121008874,10,"blue",2,20,0.15
"CELLTYPE","DESCARTES_MAIN_FETAL_MICROGLIA",1.49344824779215,0.0194339173226508,49,"blue",2,4.1,0.15
"REACTOME","REACTOME_P53_DEPENDENT_G1_DNA_DAMAGE_RESPONSE",1.62282129019872,0.0201471067810268,22,"blue",2,9.1,0.15
"CELLTYPE","TRAVAGLINI_LUNG_MYELOID_DENDRITIC_TYPE_1_CELL",1.69045117507398,0.0206750796050914,10,"blue",2,20,0.15
"REACTOME","REACTOME_CHROMATIN_MODIFICATIONS_DURING_THE_MATERNAL_TO_ZYGOTIC_TRANSITION_MZT",1.71867596441271,0.0208197059068172,11,"blue",2,18.2,0.15
"GOBP","GOBP_REGULATION_OF_T_HELPER_1_TYPE_IMMUNE_RESPONSE",1.72434271862987,0.0210643841887544,12,"blue",2,16.7,0.15
"GOBP","GOBP_POSITIVE_REGULATION_OF_INTERLEUKIN_10_PRODUCTION",1.71982230499008,0.0227462604058677,12,"blue",2,16.7,0.15
"REACTOME","REACTOME_SIRT1_NEGATIVELY_REGULATES_RRNA_EXPRESSION",1.69723089121849,0.0232302505522803,11,"blue",2,18.2,0.15
"REACTOME","REACTOME_SCF_BETA_TRCP_MEDIATED_DEGRADATION_OF_EMI1",1.66661507960072,0.0238030446870364,26,"blue",2,7.7,0.15
"CELLTYPE","AIZARANI_LIVER_C21_STELLATE_CELLS_1",1.4696472802161,0.0259449143701812,35,"blue",2,5.7,0.15
"REACTOME","REACTOME_BASE_EXCISION_REPAIR_AP_SITE_FORMATION",1.63398604540939,0.0261506866731314,11,"blue",2,18.2,0.15
"GOBP","GOBP_GLYCOSYL_COMPOUND_CATABOLIC_PROCESS",1.70438197365836,0.0262488801532795,9,"blue",2,22.2,0.15
"REACTOME","REACTOME_AUF1_HNRNP_D0_BINDS_AND_DESTABILIZES_MRNA",1.65309528564315,0.0274867160433553,27,"blue",2,7.4,0.15
"REACTOME","REACTOME_DEGRADATION_OF_GLI1_BY_THE_PROTEASOME",1.5831976550978,0.0284699150298766,27,"blue",2,7.4,0.15
"REACTOME","REACTOME_TRANSCRIPTIONAL_REGULATION_BY_SMALL_RNAS",1.67811917721857,0.0286786249815215,18,"blue",2,11.1,0.15
"REACTOME","REACTOME_UBIQUITIN_MEDIATED_DEGRADATION_OF_PHOSPHORYLATED_CDC25A",1.59384528103831,0.0286786249815215,22,"blue",2,9.1,0.15
"REACTOME","REACTOME_OVARIAN_TUMOR_DOMAIN_PROTEASES",1.66739945903235,0.0292047113434148,15,"blue",2,13.3,0.15
"REACTOME","REACTOME_DECTIN_1_MEDIATED_NONCANONICAL_NF_KB_SIGNALING",1.65689877741101,0.0292613160536857,24,"blue",2,8.3,0.15
"REACTOME","REACTOME_ASSEMBLY_OF_THE_ORC_COMPLEX_AT_THE_ORIGIN_OF_REPLICATION",1.67459041881005,0.0293630901014853,12,"blue",2,16.7,0.15
"GOBP","GOBP_INFLAMMASOME_MEDIATED_SIGNALING_PATHWAY",1.63453709112963,0.0315171192957386,29,"blue",2,6.9,0.15
"REACTOME","REACTOME_INSERTION_OF_TAIL_ANCHORED_PROTEINS_INTO_THE_ENDOPLASMIC_RETICULUM_MEMBRANE",1.6437779678457,0.032480682290762,7,"blue",2,28.6,0.15
"REACTOME","REACTOME_DEGRADATION_OF_AXIN",1.62641636375294,0.032480682290762,26,"blue",2,7.7,0.15
"CELLTYPE","DURANTE_ADULT_OLFACTORY_NEUROEPITHELIUM_MAST_CELLS",1.47100594640537,0.0332799518710003,29,"blue",2,6.9,0.15
"GOBP","GOBP_CELLULAR_RESPONSE_TO_VIRUS",1.65594602495327,0.0339450090636206,22,"blue",2,9.1,0.15
"GOBP","GOBP_MULTIVESICULAR_BODY_ORGANIZATION",1.67561326281466,0.034256213478293,18,"blue",2,11.1,0.15
"GOBP","GOBP_NUCLEAR_PORE_ORGANIZATION",-1.70660255100009,0.0350678283545614,9,"blue",2,22.2,0.15
"GOBP","GOBP_ORGAN_OR_TISSUE_SPECIFIC_IMMUNE_RESPONSE",1.69149309770677,0.0351579671197636,14,"blue",2,14.3,0.15
"REACTOME","REACTOME_INTERLEUKIN_12_FAMILY_SIGNALING",1.54632306851349,0.0353304971489292,7,"blue",2,28.6,0.15
"GOBP","GOBP_REGULATION_OF_HUMORAL_IMMUNE_RESPONSE",1.70645825407077,0.0372504702401833,10,"blue",2,20,0.15
"GOBP","GOBP_CELLULAR_RESPONSE_TO_EXTERNAL_STIMULUS",1.63750997229972,0.0373556077158121,17,"blue",2,11.8,0.15
"REACTOME","REACTOME_STABILIZATION_OF_P53",1.61199854993303,0.0373798171206536,26,"blue",2,7.7,0.15
"GOBP","GOBP_DNA_STRAND_ELONGATION_INVOLVED_IN_DNA_REPLICATION",-1.69003975749205,0.0384440096445978,5,"blue",2,40,0.15
"GOBP","GOBP_REGULATION_OF_SUPEROXIDE_METABOLIC_PROCESS",1.71434400208454,0.0386408447611931,15,"blue",2,13.3,0.15
"CELLTYPE","DESCARTES_MAIN_FETAL_OLIGODENDROCYTES",-1.59960231017725,0.0390775093197929,12,"blue",2,16.7,0.15
"GOBP","GOBP_MICROTUBULE_ANCHORING",-1.69732984904831,0.0401631316344287,11,"blue",2,18.2,0.15
"GOBP","GOBP_REGULATION_OF_INFLAMMASOME_MEDIATED_SIGNALING_PATHWAY",1.58753381447215,0.0433803979892318,23,"blue",2,8.7,0.15
"GOBP","GOBP_IMMUNOLOGICAL_MEMORY_PROCESS",1.63839640859066,0.0444103316219938,5,"blue",2,40,0.15
"GOBP","GOBP_CELL_SURFACE_RECEPTOR_SIGNALING_PATHWAY_VIA_STAT",1.50870348418193,0.0447816172459666,31,"blue",2,6.5,0.15
"REACTOME","REACTOME_DNA_METHYLATION",1.60627797582592,0.0454739431292261,11,"blue",2,18.2,0.15
"CELLTYPE","HE_LIM_SUN_FETAL_LUNG_C2_MYELOCYTE_LIKE_CELL",1.58372707540676,0.0471347636673001,11,"blue",2,18.2,0.15
"GOBP","GOBP_ICOSANOID_BIOSYNTHETIC_PROCESS",1.66503137371087,0.0486785353260541,13,"blue",2,15.4,0.15
"GOBP","GOBP_PHAGOLYSOSOME_ASSEMBLY",1.6396576604029,0.0489367523284953,9,"blue",2,22.2,0.15
"GOBP","GOBP_CELLULAR_RESPONSE_TO_INTERLEUKIN_1",1.57462642484672,0.0499707416436243,14,"blue",2,14.3,0.15
"CELLTYPE","TRAVAGLINI_LUNG_IGSF21_DENDRITIC_CELL",2.12930271955257,1.63124632024292e-06,18,"blue",1,5.6,0.08
"GOBP","GOBP_PYROPTOTIC_INFLAMMATORY_RESPONSE",2.07436155047064,0.000113201460142173,13,"blue",1,7.7,0.08
"GOBP","GOBP_COMPLEMENT_ACTIVATION",2.05137330557909,0.000161026335726984,12,"blue",1,8.3,0.08
"GOBP","GOBP_MACROPHAGE_ACTIVATION_INVOLVED_IN_IMMUNE_RESPONSE",1.94825469962993,0.00101416261645441,8,"blue",1,12.5,0.08
"REACTOME","REACTOME_COMPLEMENT_CASCADE",1.89105709358341,0.00111935464776889,38,"blue",1,2.6,0.08
"GOBP","GOBP_PEPTIDE_ANTIGEN_ASSEMBLY_WITH_MHC_PROTEIN_COMPLEX",1.92574927367461,0.00175505519218694,11,"blue",1,9.1,0.08
"REACTOME","REACTOME_COMPLEX_IV_ASSEMBLY",1.85380383036376,0.00262766970602164,20,"blue",1,5,0.08
"GOBP","GOBP_POSITIVE_REGULATION_OF_TRANSCRIPTION_BY_RNA_POLYMERASE_III",-1.95245639779432,0.00274929714465673,11,"blue",1,9.1,0.08
"GOBP","GOBP_ACUTE_PHASE_RESPONSE",1.91980110381474,0.00295605967558072,11,"blue",1,9.1,0.08
"CELLTYPE","LAKE_ADULT_KIDNEY_C6_PROXIMAL_TUBULE_EPITHELIAL_CELLS_FIBRINOGEN_POS_S3",1.60501036811911,0.00312544568071337,32,"blue",1,3.1,0.08
"GOBP","GOBP_REGULATION_OF_DEFENSE_RESPONSE_TO_VIRUS",1.831385566702,0.00347449999990545,18,"blue",1,5.6,0.08
"GOBP","GOBP_POSITIVE_REGULATION_OF_DEFENSE_RESPONSE_TO_VIRUS_BY_HOST",1.90523273203581,0.00356275561043432,12,"blue",1,8.3,0.08
"GOBP","GOBP_REGULATION_OF_DEFENSE_RESPONSE_TO_VIRUS_BY_HOST",1.85842229779272,0.00376209929136911,15,"blue",1,6.7,0.08
"GOBP","GOBP_APOPTOTIC_CELL_CLEARANCE",1.87091847555397,0.00416391672701752,15,"blue",1,6.7,0.08
"REACTOME","REACTOME_INITIAL_TRIGGERING_OF_COMPLEMENT",1.80690614034858,0.00426576616846891,30,"blue",1,3.3,0.08
"CELLTYPE","HE_LIM_SUN_FETAL_LUNG_C7_COL20A1_POS_SCHWANN_CELL",1.75240210360794,0.00427666908649287,14,"blue",1,7.1,0.08
"REACTOME","REACTOME_NUCLEOTIDE_BINDING_DOMAIN_LEUCINE_RICH_REPEAT_CONTAINING_RECEPTOR_NLR_SIGNALING_PATHWAYS",1.78688824592556,0.00530864712316092,15,"blue",1,6.7,0.08
"REACTOME","REACTOME_SARS_COV_1_ACTIVATES_MODULATES_INNATE_IMMUNE_RESPONSES",1.77539681344185,0.00590410400317314,13,"blue",1,7.7,0.08
"GOBP","GOBP_POSITIVE_REGULATION_OF_INTERLEUKIN_12_PRODUCTION",1.83365162819816,0.00607566552472099,13,"blue",1,7.7,0.08
"REACTOME","REACTOME_ANTIMICROBIAL_MECHANISM_OF_IFN_STIMULATED_GENES",1.60840987700812,0.00619245029130796,34,"blue",1,2.9,0.08
"REACTOME","REACTOME_BACTERIAL_INFECTION_PATHWAYS",1.72033214336888,0.00674985774579996,16,"blue",1,6.2,0.08
"CELLTYPE","BUSSLINGER_GASTRIC_LYZ_POSITIVE_CELLS",1.57900544597598,0.00797968385731568,7,"blue",1,14.3,0.08
"GOBP","GOBP_POSITIVE_REGULATION_OF_INTERFERON_BETA_PRODUCTION",1.78405283272049,0.00832166700938622,16,"blue",1,6.2,0.08
"CELLTYPE","GAUTAM_EYE_IRIS_CILIARY_BODY_MGP_HIGH_FIBROBLASTS",1.58543465602947,0.0104743110137778,14,"blue",1,7.1,0.08
"GOBP","GOBP_NEGATIVE_REGULATION_OF_ANTIGEN_RECEPTOR_MEDIATED_SIGNALING_PATHWAY",1.71364918384986,0.0109396167558069,10,"blue",1,10,0.08
"GOBP","GOBP_CELLULAR_RESPONSE_TO_INTERFERON_BETA",1.78448812081437,0.0109484660076167,10,"blue",1,10,0.08
"GOBP","GOBP_NUCLEOBASE_BIOSYNTHETIC_PROCESS",-1.80229267413152,0.0132223606585709,10,"blue",1,10,0.08
"GOBP","GOBP_REGULATION_OF_ERBB_SIGNALING_PATHWAY",1.71702109266071,0.0133852991283837,15,"blue",1,6.7,0.08
"REACTOME","REACTOME_SCAVENGING_OF_HEME_FROM_PLASMA",1.68878324931738,0.0142772576560062,31,"blue",1,3.2,0.08
"GOBP","GOBP_REGULATION_OF_RESPONSE_TO_TUMOR_CELL",1.78611840603911,0.0154425010296754,5,"blue",1,20,0.08
"GOBP","GOBP_REGULATION_OF_T_HELPER_CELL_DIFFERENTIATION",1.73939951316417,0.015671808916026,18,"blue",1,5.6,0.08
"REACTOME","REACTOME_APOPTOTIC_FACTOR_MEDIATED_RESPONSE",1.72459351746116,0.0168504534016285,6,"blue",1,16.7,0.08
"CELLTYPE","BUSSLINGER_DUODENAL_LATE_IMMATURE_ENTEROCYTES",1.49532005954895,0.0173411108447649,41,"blue",1,2.4,0.08
"CELLTYPE","FAN_EMBRYONIC_CTX_MICROGLIA_3",1.68638220825092,0.01852365952957,10,"blue",1,10,0.08
"GOBP","GOBP_IMMUNE_RESPONSE_INHIBITING_SIGNAL_TRANSDUCTION",1.75772120878329,0.0208708009922375,14,"blue",1,7.1,0.08
"GOBP","GOBP_NEGATIVE_REGULATION_OF_INTERLEUKIN_10_PRODUCTION",1.73729412404137,0.0210643841887544,9,"blue",1,11.1,0.08
"GOBP","GOBP_AMYLOID_BETA_CLEARANCE",1.7340711934558,0.0219986347581413,11,"blue",1,9.1,0.08
"CELLTYPE","DESCARTES_MAIN_FETAL_ANTIGEN_PRESENTING_CELLS",1.51198065454459,0.02340237543372,24,"blue",1,4.2,0.08
"REACTOME","REACTOME_PKR_MEDIATED_SIGNALING",1.64790444163426,0.0235902765475807,13,"blue",1,7.7,0.08
"CELLTYPE","BUSSLINGER_DUODENAL_BCHE_CELLS",1.61812686165059,0.0250603128522044,14,"blue",1,7.1,0.08
"GOBP","GOBP_POSITIVE_REGULATION_OF_TRANSCRIPTION_BY_RNA_POLYMERASE_I",-1.75589668575019,0.0255175152135338,16,"blue",1,6.2,0.08
"REACTOME","REACTOME_DDX58_IFIH1_MEDIATED_INDUCTION_OF_INTERFERON_ALPHA_BETA",1.59525324368655,0.0268023621640068,19,"blue",1,5.3,0.08
"REACTOME","REACTOME_DISORDERS_OF_DEVELOPMENTAL_BIOLOGY",-1.74027064444715,0.0286786249815215,6,"blue",1,16.7,0.08
"REACTOME","REACTOME_RIPK1_MEDIATED_REGULATED_NECROSIS",1.66468426914507,0.0292047113434148,15,"blue",1,6.7,0.08
"GOBP","GOBP_INTERFERON_BETA_PRODUCTION",1.66192065692892,0.0292075680555627,21,"blue",1,4.8,0.08
"GOBP","GOBP_REGULATION_OF_ANDROGEN_RECEPTOR_SIGNALING_PATHWAY",-1.72760920871217,0.031501608936941,14,"blue",1,7.1,0.08
"GOBP","GOBP_REGULATION_OF_TUMOR_NECROSIS_FACTOR_MEDIATED_SIGNALING_PATHWAY",1.64688642733637,0.0322723940007445,17,"blue",1,5.9,0.08
"GOBP","GOBP_REGULATION_OF_TRANSCRIPTION_BY_RNA_POLYMERASE_I",-1.62991139274585,0.03396150966751,18,"blue",1,5.6,0.08
"GOBP","GOBP_PROTEIN_AUTOPROCESSING",1.71244486430203,0.034256213478293,5,"blue",1,20,0.08
"GOBP","GOBP_ANDROGEN_RECEPTOR_SIGNALING_PATHWAY",-1.69488738820406,0.0351579671197636,21,"blue",1,4.8,0.08
"REACTOME","REACTOME_ENDOSOMAL_SORTING_COMPLEX_REQUIRED_FOR_TRANSPORT_ESCRT",1.61074068026311,0.0355936353280742,17,"blue",1,5.9,0.08
"GOBP","GOBP_RESPONSE_TO_MURAMYL_DIPEPTIDE",1.71236239381397,0.0366183042078273,7,"blue",1,14.3,0.08
"GOBP","GOBP_REGULATION_OF_TRANSLATIONAL_FIDELITY",-1.76603849623159,0.0373100106984326,9,"blue",1,11.1,0.08
"GOBP","GOBP_MITOCHONDRIAL_DNA_METABOLIC_PROCESS",-1.74608706880074,0.0373459676977554,7,"blue",1,14.3,0.08
"GOBP","GOBP_REGULATION_OF_CHROMOSOME_CONDENSATION",-1.69252208112104,0.0380563761528971,10,"blue",1,10,0.08
"GOBP","GOBP_MYELOID_DENDRITIC_CELL_ACTIVATION",1.66199269930238,0.0405064580242663,11,"blue",1,9.1,0.08
"REACTOME","REACTOME_TRAF6_MEDIATED_NF_KB_ACTIVATION",1.63669898417664,0.0431730684033945,8,"blue",1,12.5,0.08
"GOBP","GOBP_PHAGOCYTOSIS_RECOGNITION",1.64586205868686,0.0444103316219938,7,"blue",1,14.3,0.08
"CELLTYPE","TRAVAGLINI_LUNG_CAPILLARY_AEROCYTE_CELL",1.48759460140913,0.0451400643662089,11,"blue",1,9.1,0.08
"GOBP","GOBP_POSITIVE_REGULATION_OF_CILIUM_ASSEMBLY",-1.66826460545473,0.0462523370794105,8,"blue",1,12.5,0.08
"GOBP","GOBP_REGULATION_OF_T_CELL_RECEPTOR_SIGNALING_PATHWAY",1.55708125371516,0.0462523370794105,10,"blue",1,10,0.08
"GOBP","GOBP_REGULATION_OF_COMPLEMENT_ACTIVATION",1.68647357293102,0.0465362043808942,6,"blue",1,16.7,0.08
"REACTOME","REACTOME_SARS_COV_1_HOST_INTERACTIONS",1.55315966763863,0.0477811210971466,16,"blue",1,6.2,0.08
"GOBP","GOBP_NEURONAL_STEM_CELL_POPULATION_MAINTENANCE",-1.71354235443445,0.0494876959591762,11,"blue",1,9.1,0.08
"HALLMARK","HALLMARK_INTERFERON_GAMMA_RESPONSE",2.72404223250205,9.89731267763533e-38,109,"green",69,63.3,21.04
"GOBP","GOBP_RESPONSE_TO_VIRUS",2.00566988068365,1.12700119927954e-12,109,"green",60,55,18.29
"GOBP","GOBP_DEFENSE_RESPONSE_TO_VIRUS",2.10204939828978,7.60452848895905e-13,93,"green",58,62.4,17.68
"GOBP","GOBP_REGULATION_OF_RESPONSE_TO_BIOTIC_STIMULUS",1.97000595628524,1.80123405394943e-14,148,"green",54,36.5,16.46
"HALLMARK","HALLMARK_INTERFERON_ALPHA_RESPONSE",2.68619838062784,1.11409084858409e-24,69,"green",52,75.4,15.85
"REACTOME","REACTOME_INTERFERON_SIGNALING",2.1829877773292,1.15654081350756e-14,87,"green",52,59.8,15.85
"CELLTYPE","HE_LIM_SUN_FETAL_LUNG_C2_CXCL9_POS_MACROPHAGE_CELL",2.64546054040231,3.82517678189304e-27,62,"green",45,72.6,13.72
"GOBP","GOBP_REGULATION_OF_INNATE_IMMUNE_RESPONSE",1.96096506066228,1.66398854188769e-12,125,"green",43,34.4,13.11
"GOBP","GOBP_RESPONSE_TO_BACTERIUM",2.0401147792961,2.7641341348706e-16,145,"green",41,28.3,12.5
"CELLTYPE","HE_LIM_SUN_FETAL_LUNG_C2_APOE_POS_M2_MACROPHAGE_CELL",1.80669641222767,4.47195074119899e-10,97,"green",40,41.2,12.2
"GOBP","GOBP_POSITIVE_REGULATION_OF_DEFENSE_RESPONSE",1.96067180659754,2.79402698865409e-13,129,"green",38,29.5,11.59
"GOBP","GOBP_CYTOKINE_MEDIATED_SIGNALING_PATHWAY",1.78801031221137,1.25411594888914e-07,105,"green",36,34.3,10.98
"GOBP","GOBP_POSITIVE_REGULATION_OF_RESPONSE_TO_BIOTIC_STIMULUS",1.88676882866665,4.37893160870475e-09,106,"green",33,31.1,10.06
"GOBP","GOBP_POSITIVE_REGULATION_OF_CYTOKINE_PRODUCTION",1.98951422806117,4.22059750820767e-13,123,"green",32,26,9.76
"GOBP","GOBP_VIRAL_PROCESS",1.52561357517742,0.00383991885998302,71,"green",31,43.7,9.45
"CELLTYPE","DESCARTES_FETAL_CEREBELLUM_MICROGLIA",2.24162261661299,9.84651061903739e-29,203,"green",30,14.8,9.15
"GOBP","GOBP_NEGATIVE_REGULATION_OF_IMMUNE_SYSTEM_PROCESS",1.69464914381547,1.49784762732345e-06,115,"green",30,26.1,9.15
"CELLTYPE","GAO_LARGE_INTESTINE_24W_C11_PANETH_LIKE_CELL",2.40258414285748,5.76802958227315e-27,145,"green",29,20,8.84
"CELLTYPE","FAN_EMBRYONIC_CTX_BIG_GROUPS_MICROGLIA",2.31978500559541,3.61801770069109e-27,180,"green",28,15.6,8.54
"CELLTYPE","FAN_OVARY_CL9_PUTATIVE_APOPTOTIC_ENDOTHELIAL_CELL",2.11472122776589,8.43863689036781e-17,116,"green",28,24.1,8.54
"REACTOME","REACTOME_INTERFERON_ALPHA_BETA_SIGNALING",2.31973251146998,1.67187837474169e-09,43,"green",28,65.1,8.54
"GOBP","GOBP_ACTIVATION_OF_INNATE_IMMUNE_RESPONSE",1.87326719155957,2.03158721769362e-07,82,"green",28,34.1,8.54
"CELLTYPE","ZHONG_PFC_MAJOR_TYPES_MICROGLIA",2.23815729064625,4.19295488956169e-25,188,"green",25,13.3,7.62
"GOBP","GOBP_NEGATIVE_REGULATION_OF_RESPONSE_TO_EXTERNAL_STIMULUS",1.63409697005221,0.000482148580048311,109,"green",25,22.9,7.62
"GOBP","GOBP_VIRAL_LIFE_CYCLE",1.58763081379485,0.00361289393522986,58,"green",25,43.1,7.62
"CELLTYPE","HU_FETAL_RETINA_MICROGLIA",2.25545269369469,9.65981661946991e-24,185,"green",24,13,7.32
"CELLTYPE","DESCARTES_FETAL_CEREBRUM_MICROGLIA",2.21028171494098,1.52904103493416e-21,153,"green",24,15.7,7.32
"REACTOME","REACTOME_INTERFERON_GAMMA_SIGNALING",2.42857669427652,4.51604342345661e-13,47,"green",24,51.1,7.32
"GOBP","GOBP_REGULATION_OF_IMMUNE_EFFECTOR_PROCESS",1.97828274277307,4.88105792231286e-11,99,"green",24,24.2,7.32
"CELLTYPE","DESCARTES_FETAL_CEREBELLUM_VASCULAR_ENDOTHELIAL_CELLS",1.52918357705076,0.000299711656573844,90,"green",23,25.6,7.01
"GOBP","GOBP_NEGATIVE_REGULATION_OF_DEFENSE_RESPONSE",1.62776991462381,0.00151807632395077,87,"green",23,26.4,7.01
"GOBP","GOBP_REGULATION_OF_VIRAL_PROCESS",1.72202387791603,0.00179144818098861,34,"green",23,67.6,7.01
"REACTOME","REACTOME_ANTIMICROBIAL_MECHANISM_OF_IFN_STIMULATED_GENES",1.60840987700812,0.00619245029130796,34,"green",23,67.6,7.01
"GOBP","GOBP_REGULATION_OF_INFLAMMATORY_RESPONSE",1.88083950933334,3.1366605992716e-08,93,"green",22,23.7,6.71
"GOBP","GOBP_RESPONSE_TO_TYPE_I_INTERFERON",1.97607790484462,2.19640061554647e-05,58,"green",22,37.9,6.71
"CELLTYPE","DESCARTES_FETAL_CEREBRUM_VASCULAR_ENDOTHELIAL_CELLS",1.57874355811335,0.000413093618887839,80,"green",22,27.5,6.71
"CELLTYPE","GAO_LARGE_INTESTINE_ADULT_CI_MESENCHYMAL_CELLS",1.34440384164045,0.014481631070983,62,"green",22,35.5,6.71
"GOBP","GOBP_DEFENSE_RESPONSE_TO_BACTERIUM",2.22823222729338,1.11706829472026e-13,81,"green",21,25.9,6.4
"GOBP","GOBP_LEUKOCYTE_MEDIATED_IMMUNITY",1.74971306953401,1.23511962361738e-06,129,"green",21,16.3,6.4
"GOBP","GOBP_NEGATIVE_REGULATION_OF_RESPONSE_TO_BIOTIC_STIMULUS",1.8681913075611,0.000112534787787416,40,"green",21,52.5,6.4
"GOBP","GOBP_REGULATION_OF_RESPONSE_TO_CYTOKINE_STIMULUS",1.80147434780881,0.000153351256436072,48,"green",21,43.8,6.4
"GOBP","GOBP_CYTOPLASMIC_PATTERN_RECOGNITION_RECEPTOR_SIGNALING_PATHWAY",1.72662055759626,0.000559254949452916,81,"green",21,25.9,6.4
"CELLTYPE","DESCARTES_FETAL_LIVER_MYELOID_CELLS",2.51657294004724,9.46208164340952e-23,91,"green",20,22,6.1
"CELLTYPE","FAN_EMBRYONIC_CTX_BIG_GROUPS_BRAIN_ENDOTHELIAL",1.7575595932345,1.62133673304793e-06,70,"green",20,28.6,6.1
"GOBP","GOBP_RESPONSE_TO_MOLECULE_OF_BACTERIAL_ORIGIN",1.81041765672054,3.38057278827471e-06,74,"green",20,27,6.1
"GOBP","GOBP_NEGATIVE_REGULATION_OF_IMMUNE_RESPONSE",1.86509568717979,2.04934712853304e-05,81,"green",20,24.7,6.1
"REACTOME","REACTOME_CLASS_I_MHC_MEDIATED_ANTIGEN_PROCESSING_PRESENTATION",1.67767902937802,7.30188656056951e-05,72,"green",20,27.8,6.1
"GOBP","GOBP_INTERFERON_MEDIATED_SIGNALING_PATHWAY",1.84487362891324,0.000743197098685745,42,"green",20,47.6,6.1
"GOBP","GOBP_IMMUNE_RESPONSE_REGULATING_CELL_SURFACE_RECEPTOR_SIGNALING_PATHWAY",1.55196714998476,0.00161970118903796,81,"green",20,24.7,6.1
"GOBP","GOBP_REGULATION_OF_VIRAL_LIFE_CYCLE",1.74704440845281,0.00275546692205428,30,"green",20,66.7,6.1
"GOBP","GOBP_REGULATION_OF_LYMPHOCYTE_ACTIVATION",1.44463950439248,0.00376285152294942,96,"green",20,20.8,6.1
"GOBP","GOBP_POSITIVE_REGULATION_OF_PROGRAMMED_CELL_DEATH",1.43740069924662,0.00552999347156657,90,"green",20,22.2,6.1
"CELLTYPE","FAN_OVARY_CL13_MONOCYTE_MACROPHAGE",2.50957526963015,7.18083278877414e-46,255,"green",19,7.5,5.79
"CELLTYPE","TRAVAGLINI_LUNG_MACROPHAGE_CELL",2.54689314141999,9.99637563006079e-26,107,"green",19,17.8,5.79
"CELLTYPE","FAN_OVARY_CL7_ANGEIOGENIC_ENDOTHELIAL_CELL",2.34577601993983,4.19083420219936e-20,91,"green",19,20.9,5.79
"GOBP","GOBP_RESPONSE_TO_TYPE_II_INTERFERON",2.2719408331385,1.58558215626704e-11,49,"green",19,38.8,5.79
"GOBP","GOBP_ADAPTIVE_IMMUNE_RESPONSE_BASED_ON_SOMATIC_RECOMBINATION_OF_IMMUNE_RECEPTORS_BUILT_FROM_IMMUNOGLOBULIN_SUPERFAMILY_DOMAINS",1.82911891179356,6.93531565796323e-08,102,"green",19,18.6,5.79
"GOBP","GOBP_NEGATIVE_REGULATION_OF_VIRAL_PROCESS",1.88192858603804,0.000590469609479767,26,"green",19,73.1,5.79
"GOBP","GOBP_VIRAL_GENOME_REPLICATION",1.65161329136007,0.0117021232554772,28,"green",19,67.9,5.79
"CELLTYPE","DESCARTES_FETAL_INTESTINE_MYELOID_CELLS",2.55411474267391,1.35113805365799e-27,100,"green",18,18,5.49
"CELLTYPE","SU_HO_CONV_CENT_CHONDROSARCOMA_C6_LEUKOCYTE",2.34782848897766,2.20235815916573e-24,136,"green",18,13.2,5.49
"CELLTYPE","DESCARTES_FETAL_KIDNEY_MYELOID_CELLS",2.50934735311428,2.37484323274529e-22,95,"green",18,18.9,5.49
"GOBP","GOBP_LYMPHOCYTE_MEDIATED_IMMUNITY",1.7153968607007,3.74845107725618e-05,100,"green",18,18,5.49
"GOBP","GOBP_NEGATIVE_REGULATION_OF_INNATE_IMMUNE_RESPONSE",1.84977059141001,0.0005499830070846,41,"green",18,43.9,5.49
"GOBP","GOBP_REGULATION_OF_VIRAL_GENOME_REPLICATION",1.69611026220654,0.0102170211068313,24,"green",18,75,5.49
"GOBP","GOBP_TYPE_I_INTERFERON_MEDIATED_SIGNALING_PATHWAY",1.75019192457632,0.0130403051911745,35,"green",18,51.4,5.49
"CELLTYPE","AIZARANI_LIVER_C6_KUPFFER_CELLS_2",2.46500905359563,1.5810639668814e-25,123,"green",17,13.8,5.18
"CELLTYPE","HE_LIM_SUN_FETAL_LUNG_C1_SQUAMOUS_CELL",1.86152172179097,6.44887649691784e-06,51,"green",17,33.3,5.18
"GOBP","GOBP_CELLULAR_RESPONSE_TO_BIOTIC_STIMULUS",1.81615251629228,2.04934712853304e-05,78,"green",17,21.8,5.18
"GOBP","GOBP_CELLULAR_RESPONSE_TO_MOLECULE_OF_BACTERIAL_ORIGIN",1.84067107664865,2.58759826525162e-05,55,"green",17,30.9,5.18
"GOBP","GOBP_NEGATIVE_REGULATION_OF_VIRAL_GENOME_REPLICATION",2.01026506824122,0.000377261233697568,23,"green",17,73.9,5.18
"REACTOME","REACTOME_SIGNALING_BY_INTERLEUKINS",1.60064314203058,0.0010280535379978,110,"green",17,15.5,5.18
"GOBP","GOBP_NEGATIVE_REGULATION_OF_CYTOKINE_PRODUCTION",1.57473856123246,0.00387139421441504,61,"green",17,27.9,5.18
"CELLTYPE","HE_LIM_SUN_FETAL_LUNG_C0_LATE_MESOTHELIAL_CELL",1.32363516063648,0.0115673932525951,94,"green",17,18.1,5.18
"CELLTYPE","DESCARTES_FETAL_ADRENAL_MYELOID_CELLS",2.61110366973416,1.46487011615098e-25,92,"green",16,17.4,4.88
"CELLTYPE","TRAVAGLINI_LUNG_NONCLASSICAL_MONOCYTE_CELL",2.40118069427873,9.17564491526811e-21,104,"green",16,15.4,4.88
"CELLTYPE","TRAVAGLINI_LUNG_CAPILLARY_INTERMEDIATE_2_CELL",1.93862786760338,1.20414073033231e-12,154,"green",16,10.4,4.88
"GOBP","GOBP_POSITIVE_REGULATION_OF_IMMUNE_EFFECTOR_PROCESS",1.91034442553015,1.23511962361738e-06,61,"green",16,26.2,4.88
"GOBP","GOBP_CANONICAL_NF_KAPPAB_SIGNAL_TRANSDUCTION",1.58562531366181,0.00137923267167005,71,"green",16,22.5,4.88
"GOBP","GOBP_ANTIVIRAL_INNATE_IMMUNE_RESPONSE",1.76458141535714,0.00525019692322593,23,"green",16,69.6,4.88
"GOBP","GOBP_TYPE_I_INTERFERON_PRODUCTION",1.66809936121871,0.00525019692322593,31,"green",16,51.6,4.88
"GOBP","GOBP_APOPTOTIC_SIGNALING_PATHWAY",1.32981865279784,0.0350678283545614,101,"green",16,15.8,4.88
"CELLTYPE","RUBENSTEIN_SKELETAL_MUSCLE_MYELOID_CELLS",2.61984379193594,2.76967902367779e-47,212,"green",15,7.1,4.57
"CELLTYPE","DESCARTES_FETAL_PANCREAS_MYELOID_CELLS",2.47150377461595,2.20235815916573e-24,111,"green",15,13.5,4.57
"CELLTYPE","FAN_EMBRYONIC_CTX_BRAIN_MYELOID",2.4732928418534,1.91740799034007e-19,89,"green",15,16.9,4.57
"CELLTYPE","HAY_BONE_MARROW_MONOCYTE",2.29264195991971,3.22034933976072e-18,112,"green",15,13.4,4.57
"GOBP","GOBP_TUMOR_NECROSIS_FACTOR_SUPERFAMILY_CYTOKINE_PRODUCTION",2.04312867467443,5.86863370796052e-08,74,"green",15,20.3,4.57
"GOBP","GOBP_POSITIVE_REGULATION_OF_CANONICAL_NF_KAPPAB_SIGNAL_TRANSDUCTION",1.80589734681738,6.04850930876404e-05,52,"green",15,28.8,4.57
"GOBP","GOBP_REGULATION_OF_T_CELL_ACTIVATION",1.44663394107994,0.0156248060032965,79,"green",15,19,4.57
"GOBP","GOBP_REGULATION_OF_CELL_CELL_ADHESION",1.34385811130278,0.0409016414196135,111,"green",15,13.5,4.57
"CELLTYPE","TRAVAGLINI_LUNG_CLASSICAL_MONOCYTE_CELL",2.52672240057779,7.63477690494725e-32,152,"green",14,9.2,4.27
"CELLTYPE","CUI_DEVELOPING_HEART_C8_MACROPHAGE",2.46439584328597,9.84651061903739e-29,145,"green",14,9.7,4.27
"CELLTYPE","SU_HO_CONV_CENT_CHONDROSARCOMA_LEUKOCYTE_C0_M1_MACROPHAGE",2.28274155854405,2.0150583738969e-19,90,"green",14,15.6,4.27
"CELLTYPE","TRAVAGLINI_LUNG_BRONCHIAL_VESSEL_2_CELL",2.00298075084021,3.24811004886811e-10,64,"green",14,21.9,4.27
"GOBP","GOBP_POSITIVE_REGULATION_OF_INFLAMMATORY_RESPONSE",2.20198322175545,5.37797625899011e-10,40,"green",14,35,4.27
"GOBP","GOBP_REGULATION_OF_VESICLE_MEDIATED_TRANSPORT",1.54907179722825,0.00041382112578855,113,"green",14,12.4,4.27
"GOBP","GOBP_PRODUCTION_OF_MOLECULAR_MEDIATOR_OF_IMMUNE_RESPONSE",1.69057204971377,0.00122900195734653,44,"green",14,31.8,4.27
"GOBP","GOBP_RESPONSE_TO_WOUNDING",1.50957334294015,0.00198345973707923,108,"green",14,13,4.27
"CELLTYPE","HE_LIM_SUN_FETAL_LUNG_C2_ADC_1_CELL",1.52799266042988,0.0169757329163068,26,"green",14,53.8,4.27
"CELLTYPE","HE_LIM_SUN_FETAL_LUNG_C1_SMG_CELL",1.26252486033188,0.0422598562781237,77,"green",14,18.2,4.27
"GOBP","GOBP_MONOCARBOXYLIC_ACID_METABOLIC_PROCESS",1.33780647778621,0.0437375781866114,135,"green",14,10.4,4.27
"REACTOME","REACTOME_DENGUE_VIRUS_INFECTION",1.34379594641095,0.0454739431292261,72,"green",14,19.4,4.27
"CELLTYPE","DESCARTES_FETAL_PLACENTA_MYELOID_CELLS",2.48868899170257,1.99117471982221e-19,76,"green",13,17.1,3.96
"HALLMARK","HALLMARK_INFLAMMATORY_RESPONSE",2.04558085675907,9.49003273756326e-09,60,"green",13,21.7,3.96
"GOBP","GOBP_CELL_KILLING",2.05369446266512,4.68172200188033e-08,77,"green",13,16.9,3.96
"HALLMARK","HALLMARK_COMPLEMENT",1.86122935178719,1.55980398014825e-06,54,"green",13,24.1,3.96
"GOBP","GOBP_CELLULAR_RESPONSE_TO_TYPE_II_INTERFERON",2.03615113242782,1.10403990082749e-05,31,"green",13,41.9,3.96
"REACTOME","REACTOME_TOLL_LIKE_RECEPTOR_CASCADES",1.81864458557927,0.000148824948865289,48,"green",13,27.1,3.96
"GOBP","GOBP_NEGATIVE_REGULATION_OF_CELL_ADHESION",1.69976164521619,0.000295635803993126,72,"green",13,18.1,3.96
"GOBP","GOBP_PROTEIN_MATURATION",1.46603394739243,0.00225849843290919,107,"green",13,12.1,3.96
"CELLTYPE","HE_LIM_SUN_FETAL_LUNG_C1_SMG_BASAL_CELL",1.52467660710529,0.00311620752981346,43,"green",13,30.2,3.96
"CELLTYPE","LAKE_ADULT_KIDNEY_C6_PROXIMAL_TUBULE_EPITHELIAL_CELLS_FIBRINOGEN_POS_S3",1.60501036811911,0.00312544568071337,32,"green",13,40.6,3.96
"GOBP","GOBP_NEGATIVE_REGULATION_OF_RESPONSE_TO_CYTOKINE_STIMULUS",1.70250149267985,0.012619453788943,28,"green",13,46.4,3.96
"GOBP","GOBP_LEUKOCYTE_CELL_CELL_ADHESION",1.41235699015868,0.0171796272202972,85,"green",13,15.3,3.96
"GOBP","GOBP_INTERFERON_BETA_PRODUCTION",1.66192065692892,0.0292075680555627,21,"green",13,61.9,3.96
"REACTOME","REACTOME_NEUTROPHIL_DEGRANULATION",2.20424807941324,4.74158985211962e-24,202,"green",12,5.9,3.66
"CELLTYPE","DESCARTES_FETAL_LUNG_MYELOID_CELLS",2.48253808539372,2.18283397631743e-21,94,"green",12,12.8,3.66
"CELLTYPE","DESCARTES_FETAL_THYMUS_ANTIGEN_PRESENTING_CELLS",2.2595761513883,4.28787204284965e-14,68,"green",12,17.6,3.66
"GOBP","GOBP_REGULATION_OF_ADAPTIVE_IMMUNE_RESPONSE",1.90674458945216,1.64482520112282e-06,66,"green",12,18.2,3.66
"CELLTYPE","FAN_EMBRYONIC_CTX_BIG_GROUPS_BRAIN_IMMUNE",1.90391203715149,2.13460868906642e-06,45,"green",12,26.7,3.66
"GOBP","GOBP_REGULATION_OF_LEUKOCYTE_MEDIATED_IMMUNITY",1.74618699696115,8.1426063093913e-05,72,"green",12,16.7,3.66
"HALLMARK","HALLMARK_ALLOGRAFT_REJECTION",1.72564285029828,9.28262664431217e-05,49,"green",12,24.5,3.66
"GOBP","GOBP_NEGATIVE_REGULATION_OF_CELL_CELL_ADHESION",1.82171101355598,0.000108768829495121,52,"green",12,23.1,3.66
"GOBP","GOBP_POSITIVE_REGULATION_OF_RESPONSE_TO_CYTOKINE_STIMULUS",1.88920970730076,0.000712209142168717,20,"green",12,60,3.66
"GOBP","GOBP_REGULATION_OF_PRODUCTION_OF_MOLECULAR_MEDIATOR_OF_IMMUNE_RESPONSE",1.69118626266633,0.00179144818098861,40,"green",12,30,3.66
"GOBP","GOBP_REGULATION_OF_DEFENSE_RESPONSE_TO_VIRUS",1.831385566702,0.00347449999990545,18,"green",12,66.7,3.66
"GOBP","GOBP_REGULATION_OF_SECRETION",1.48445505599372,0.00364733276873463,115,"green",12,10.4,3.66
"GOBP","GOBP_POSITIVE_REGULATION_OF_TYPE_I_INTERFERON_PRODUCTION",1.77525819253533,0.00376285152294942,22,"green",12,54.5,3.66
"CELLTYPE","HE_LIM_SUN_FETAL_LUNG_C2_ADC_2_CELL",1.58984383354146,0.00651786138477019,16,"green",12,75,3.66
"GOBP","GOBP_BIOLOGICAL_PROCESS_INVOLVED_IN_SYMBIOTIC_INTERACTION",1.5852915532121,0.0075302990276454,41,"green",12,29.3,3.66
"REACTOME","REACTOME_RESPIRATORY_SYNCYTIAL_VIRUS_INFECTION_PATHWAY",1.58988555392101,0.0172789476007755,32,"green",12,37.5,3.66
"GOBP","GOBP_REGULATION_OF_PATTERN_RECOGNITION_RECEPTOR_SIGNALING_PATHWAY",1.50870432061096,0.025403784956825,66,"green",12,18.2,3.66
"GOBP","GOBP_REGULATION_OF_TYPE_I_INTERFERON_MEDIATED_SIGNALING_PATHWAY",1.68079683382619,0.036288927209629,23,"green",12,52.2,3.66
"CELLTYPE","DESCARTES_FETAL_HEART_MYELOID_CELLS",2.42109830363726,4.37549750894343e-17,60,"green",11,18.3,3.35
"CELLTYPE","HAY_BONE_MARROW_IMMATURE_NEUTROPHIL",2.19661199682571,8.39031197578698e-14,77,"green",11,14.3,3.35
"CELLTYPE","DESCARTES_FETAL_SPLEEN_MYELOID_CELLS",2.2655080934663,8.68862498728998e-12,57,"green",11,19.3,3.35
"CELLTYPE","RUBENSTEIN_SKELETAL_MUSCLE_ENDOTHELIAL_CELLS",1.95807685351777,2.09367333257451e-06,43,"green",11,25.6,3.35
"GOBP","GOBP_REGULATION_OF_ENDOCYTOSIS",1.70562588056922,0.000377261233697568,73,"green",11,15.1,3.35
"GOBP","GOBP_CELL_ACTIVATION_INVOLVED_IN_IMMUNE_RESPONSE",1.61279076767356,0.000634745867838001,78,"green",11,14.1,3.35
"GOBP","GOBP_RESPONSE_TO_TUMOR_NECROSIS_FACTOR",1.67605053259294,0.00152783220777088,48,"green",11,22.9,3.35
"GOBP","GOBP_NEGATIVE_REGULATION_OF_TRANSPORT",1.49953729157753,0.0075302990276454,76,"green",11,14.5,3.35
"GOBP","GOBP_WOUND_HEALING",1.47688135239136,0.0094866245581036,86,"green",11,12.8,3.35
"REACTOME","REACTOME_SARS_COV_1_INFECTION",1.55315022692361,0.0142772576560062,27,"green",11,40.7,3.35
"GOBP","GOBP_LEUKOCYTE_PROLIFERATION",1.4767394269018,0.0156271728088743,62,"green",11,17.7,3.35
"GOBP","GOBP_LIPID_LOCALIZATION",1.4712082978418,0.0160688548730565,62,"green",11,17.7,3.35
"REACTOME","REACTOME_RSV_HOST_INTERACTIONS",1.67204540649849,0.0168504534016285,28,"green",11,39.3,3.35
"CELLTYPE","DESCARTES_MAIN_FETAL_ANTIGEN_PRESENTING_CELLS",1.51198065454459,0.02340237543372,24,"green",11,45.8,3.35
"GOBP","GOBP_EXTRINSIC_APOPTOTIC_SIGNALING_PATHWAY",1.5037664061104,0.024730590586099,63,"green",11,17.5,3.35
"GOBP","GOBP_POSITIVE_REGULATION_OF_MOLECULAR_FUNCTION",1.395831007589,0.0255175152135338,95,"green",11,11.6,3.35
"CELLTYPE","HE_LIM_SUN_FETAL_LUNG_C3_OMD_POS_ENDOTHELIAL_CELL",1.37072496420163,0.0269044032991123,49,"green",11,22.4,3.35
"GOBP","GOBP_POSITIVE_REGULATION_OF_MAPK_CASCADE",1.39935499051098,0.0347413066853791,79,"green",11,13.9,3.35
"CELLTYPE","AIZARANI_LIVER_C2_KUPFFER_CELLS_1",2.3877073053848,1.04080958009656e-20,107,"green",10,9.3,3.05
"CELLTYPE","SU_HO_CONV_CENT_CHONDROSARCOMA_STROMAL_C2_GRANULATING_CANCER_ASSOCIATED_FIBROBLAST",2.34885408599127,1.99074487840672e-17,68,"green",10,14.7,3.05
"REACTOME","REACTOME_ANTIGEN_PROCESSING_CROSS_PRESENTATION",2.40402685231364,3.95917025866675e-13,43,"green",10,23.3,3.05
"GOBP","GOBP_POSITIVE_REGULATION_OF_TUMOR_NECROSIS_FACTOR_SUPERFAMILY_CYTOKINE_PRODUCTION",2.16158211463241,1.06267153629794e-08,47,"green",10,21.3,3.05
"GOBP","GOBP_NEGATIVE_REGULATION_OF_CELL_ACTIVATION",1.93749868515657,3.68248040242674e-07,72,"green",10,13.9,3.05
"GOBP","GOBP_INTERLEUKIN_1_PRODUCTION",2.06660993068285,1.97138709743524e-06,29,"green",10,34.5,3.05
"HALLMARK","HALLMARK_TNFA_SIGNALING_VIA_NFKB",1.83830186375454,2.79392682304383e-06,51,"green",10,19.6,3.05
"GOBP","GOBP_TYPE_II_INTERFERON_PRODUCTION",1.95649505095371,2.04934712853304e-05,38,"green",10,26.3,3.05
"CELLTYPE","AIZARANI_LIVER_C32_MVECS_3",1.84813806672219,0.000109796072309286,32,"green",10,31.2,3.05
"GOBP","GOBP_NEGATIVE_REGULATION_OF_LEUKOCYTE_CELL_CELL_ADHESION",1.84027150894145,0.000173508938391129,43,"green",10,23.3,3.05
"REACTOME","REACTOME_REGULATION_OF_PD_L1_CD274_EXPRESSION",1.71077728754025,0.00117213520449426,53,"green",10,18.9,3.05
"REACTOME","REACTOME_MODULATION_OF_HOST_RESPONSES_BY_IFN_STIMULATED_GENES",1.90735406938858,0.00182033273396053,12,"green",10,83.3,3.05
"GOBP","GOBP_REGULATION_OF_LYMPHOCYTE_MEDIATED_IMMUNITY",1.6937266829222,0.00184703904087476,51,"green",10,19.6,3.05
"REACTOME","REACTOME_CO_INHIBITION_BY_PD_1",1.66753527838643,0.0025085722253511,60,"green",10,16.7,3.05
"GOBP","GOBP_REGULATION_OF_DEFENSE_RESPONSE_TO_VIRUS_BY_HOST",1.85842229779272,0.00376209929136911,15,"green",10,66.7,3.05
"GOBP","GOBP_NUCLEOTIDE_METABOLIC_PROCESS",1.43911959028442,0.00653476809511803,143,"green",10,7,3.05
"GOBP","GOBP_RESPONSE_TO_OXIDATIVE_STRESS",1.46021148546453,0.00793648134574455,94,"green",10,10.6,3.05
"GOBP","GOBP_POSITIVE_REGULATION_OF_INTERFERON_BETA_PRODUCTION",1.78405283272049,0.00832166700938622,16,"green",10,62.5,3.05
"GOBP","GOBP_REGULATION_OF_LEUKOCYTE_PROLIFERATION",1.55507368510075,0.00905101811295585,52,"green",10,19.2,3.05
"REACTOME","REACTOME_REGULATION_OF_T_CELL_ACTIVATION_BY_CD28_FAMILY",1.50580092378287,0.0108114557015515,68,"green",10,14.7,3.05
"GOBP","GOBP_NEGATIVE_REGULATION_OF_CELL_DEVELOPMENT",1.48694223700118,0.019208870183439,46,"green",10,21.7,3.05
"REACTOME","REACTOME_DDX58_IFIH1_MEDIATED_INDUCTION_OF_INTERFERON_ALPHA_BETA",1.59525324368655,0.0268023621640068,19,"green",10,52.6,3.05
"GOBP","GOBP_POSITIVE_REGULATION_OF_PROTEIN_MODIFICATION_PROCESS",1.3882896870839,0.0383100009513325,63,"green",10,15.9,3.05
"GOBP","GOBP_MYELOID_LEUKOCYTE_DIFFERENTIATION",1.41042108294654,0.0409016414196135,58,"green",10,17.2,3.05
"GOBP","GOBP_INTRINSIC_APOPTOTIC_SIGNALING_PATHWAY",1.35956216450167,0.0487464384934978,60,"green",10,16.7,3.05
"CELLTYPE","HAY_BONE_MARROW_NEUTROPHIL",2.49685750428577,1.32108270904013e-44,231,"green",9,3.9,2.74
"CELLTYPE","AIZARANI_LIVER_C23_KUPFFER_CELLS_3",2.3807520916568,1.52904103493416e-21,115,"green",9,7.8,2.74
"CELLTYPE","FAN_OVARY_CL18_B_LYMPHOCYTE",2.01877034972715,2.05280972493261e-16,184,"green",9,4.9,2.74
"CELLTYPE","DESCARTES_FETAL_MUSCLE_MYELOID_CELLS",2.38320969208398,7.2102048015261e-16,53,"green",9,17,2.74
"GOBP","GOBP_ANTIGEN_PROCESSING_AND_PRESENTATION",2.2063518917994,4.37893160870475e-09,46,"green",9,19.6,2.74
"HALLMARK","HALLMARK_IL6_JAK_STAT3_SIGNALING",2.09970399788054,3.21468391833663e-07,35,"green",9,25.7,2.74
"GOBP","GOBP_PHAGOCYTOSIS",1.90192154394027,1.23511962361738e-06,83,"green",9,10.8,2.74
"CELLTYPE","LAKE_ADULT_KIDNEY_C10_THIN_ASCENDING_LIMB",1.72508797661326,1.48437882219416e-06,111,"green",9,8.1,2.74
"GOBP","GOBP_NEGATIVE_REGULATION_OF_LYMPHOCYTE_ACTIVATION",1.9280778384428,5.98601881444521e-06,60,"green",9,15,2.74
"CELLTYPE","DESCARTES_FETAL_CEREBRUM_MEGAKARYOCYTES",1.66108666161133,6.18973412773719e-06,111,"green",9,8.1,2.74
"HALLMARK","HALLMARK_APOPTOSIS",1.79649555586879,2.69854403190158e-05,41,"green",9,22,2.74
"CELLTYPE","RUBENSTEIN_SKELETAL_MUSCLE_PCV_ENDOTHELIAL_CELLS",1.72234794003197,2.85942901332856e-05,53,"green",9,17,2.74
"CELLTYPE","HAY_BONE_MARROW_STROMAL",1.73719519508356,4.24593442341116e-05,45,"green",9,20,2.74
"CELLTYPE","TRAVAGLINI_LUNG_BASOPHIL_MAST_2_CELL",1.50276685305484,0.000179145605850663,157,"green",9,5.7,2.74
"GOBP","GOBP_RESPONSE_TO_INTERFERON_BETA",2.00376793391187,0.000408444196946697,15,"green",9,60,2.74
"CELLTYPE","JONES_OVARY_MACROPHAGE",1.69902936677295,0.000561047874437535,55,"green",9,16.4,2.74
"GOBP","GOBP_T_CELL_MEDIATED_IMMUNITY",1.79639688030327,0.000813702428678257,38,"green",9,23.7,2.74
"CELLTYPE","TRAVAGLINI_LUNG_ALVEOLAR_EPITHELIAL_TYPE_1_CELL",1.54861639067756,0.000825833494349691,91,"green",9,9.9,2.74
"GOBP","GOBP_VESICLE_ORGANIZATION",1.56632873532365,0.00118562844218796,111,"green",9,8.1,2.74
"GOBP","GOBP_POSITIVE_REGULATION_OF_DEFENSE_RESPONSE_TO_VIRUS_BY_HOST",1.90523273203581,0.00356275561043432,12,"green",9,75,2.74
"GOBP","GOBP_EXOCYTOSIS",1.5474980343306,0.00362985358938341,86,"green",9,10.5,2.74
"REACTOME","REACTOME_BACTERIAL_INFECTION_PATHWAYS",1.72033214336888,0.00674985774579996,16,"green",9,56.2,2.74
"HALLMARK","HALLMARK_P53_PATHWAY",1.46722086110387,0.0120424133849254,40,"green",9,22.5,2.74
"GOBP","GOBP_PURINE_CONTAINING_COMPOUND_METABOLIC_PROCESS",1.38373421901823,0.0130202089231162,161,"green",9,5.6,2.74
"GOBP","GOBP_CELL_SURFACE_RECEPTOR_SIGNALING_PATHWAY_VIA_JAK_STAT",1.60873014436773,0.0156248060032965,30,"green",9,30,2.74
"REACTOME","REACTOME_TOLL_LIKE_RECEPTOR_9_TLR9_CASCADE",1.5229002570459,0.0232302505522803,41,"green",9,22,2.74
"CELLTYPE","BUSSLINGER_GASTRIC_MATURE_PIT_CELLS",1.42476908439933,0.0269324597508467,66,"green",9,13.6,2.74
"REACTOME","REACTOME_METABOLISM_OF_VITAMINS_AND_COFACTORS",1.4397297869158,0.0431730684033945,27,"green",9,33.3,2.74
"GOBP","GOBP_CELL_SURFACE_RECEPTOR_SIGNALING_PATHWAY_VIA_STAT",1.50870348418193,0.0447816172459666,31,"green",9,29,2.74
"CELLTYPE","MURARO_PANCREAS_MESENCHYMAL_STROMAL_CELL",1.25244394602938,0.0451400643662089,114,"green",9,7.9,2.74
"GOBP","GOBP_ERK1_AND_ERK2_CASCADE",1.44434506688766,0.0455164210259471,57,"green",9,15.8,2.74
"CELLTYPE","AIZARANI_LIVER_C18_NK_NKT_CELLS_5",2.24444485463761,6.48003772316783e-12,71,"green",8,11.3,2.44
"CELLTYPE","FAN_OVARY_CL14_MATURE_SMOOTH_MUSCLE_CELL",1.964821384917,3.6289835626552e-10,130,"green",8,6.2,2.44
"GOBP","GOBP_ANTIGEN_PROCESSING_AND_PRESENTATION_OF_PEPTIDE_ANTIGEN",2.29322782925451,2.64642496510919e-08,33,"green",8,24.2,2.44
"CELLTYPE","TRAVAGLINI_LUNG_IGSF21_DENDRITIC_CELL",2.12930271955257,1.63124632024292e-06,18,"green",8,44.4,2.44
"GOBP","GOBP_DEFENSE_RESPONSE_TO_GRAM_POSITIVE_BACTERIUM",2.08579533111998,4.10425185694236e-06,39,"green",8,20.5,2.44
"CELLTYPE","DESCARTES_MAIN_FETAL_CORNEAL_AND_CONJUNCTIVAL_EPITHELIAL_CELLS",1.850908758956,4.21395056198427e-06,48,"green",8,16.7,2.44
"CELLTYPE","LAKE_ADULT_KIDNEY_C8_DECENDING_THIN_LIMB",1.74502715840074,5.26882664871887e-06,80,"green",8,10,2.44
"CELLTYPE","AIZARANI_LIVER_C31_KUPFFER_CELLS_5",1.90498842127639,7.60093421074753e-06,47,"green",8,17,2.44
"GOBP","GOBP_HUMORAL_IMMUNE_RESPONSE",1.89009943930265,3.42579842227567e-05,44,"green",8,18.2,2.44
"CELLTYPE","TRAVAGLINI_LUNG_GOBLET_CELL",1.82873977211171,8.93241407706743e-05,31,"green",8,25.8,2.44
"REACTOME","REACTOME_INTERLEUKIN_1_FAMILY_SIGNALING",1.82471073244894,0.000283665595174686,49,"green",8,16.3,2.44
"CELLTYPE","FAN_OVARY_CL5_HEALTHY_SELECTABLE_FOLLICLE_THECAL_CELL",1.58363216895387,0.000413093618887839,50,"green",8,16,2.44
"GOBP","GOBP_CYTOKINE_PRODUCTION_INVOLVED_IN_IMMUNE_RESPONSE",1.77081881577573,0.0020995428462939,25,"green",8,32,2.44
"REACTOME","REACTOME_IMMUNOREGULATORY_INTERACTIONS_BETWEEN_A_LYMPHOID_AND_A_NON_LYMPHOID_CELL",1.70193673332395,0.00296642192871844,50,"green",8,16,2.44
"GOBP","GOBP_POSITIVE_REGULATION_OF_PRODUCTION_OF_MOLECULAR_MEDIATOR_OF_IMMUNE_RESPONSE",1.70392040894914,0.00376134931718412,25,"green",8,32,2.44
"GOBP","GOBP_POSITIVE_REGULATION_OF_PATTERN_RECOGNITION_RECEPTOR_SIGNALING_PATHWAY",1.7391121629895,0.00427295176097976,35,"green",8,22.9,2.44
"REACTOME","REACTOME_TOLL_LIKE_RECEPTOR_TLR1_TLR2_CASCADE",1.66006339304402,0.00511292357653831,30,"green",8,26.7,2.44
"CELLTYPE","AIZARANI_LIVER_C13_LSECS_2",1.47069692752739,0.0097692142825522,40,"green",8,20,2.44
"GOBP","GOBP_REGULATION_OF_APOPTOTIC_SIGNALING_PATHWAY",1.48053126283656,0.0102170211068313,69,"green",8,11.6,2.44
"GOBP","GOBP_B_CELL_MEDIATED_IMMUNITY",1.58253365737757,0.0104913981027843,41,"green",8,19.5,2.44
"GOBP","GOBP_T_CELL_PROLIFERATION",1.53766635714942,0.0133852991283837,42,"green",8,19,2.44
"GOBP","GOBP_RESPONSE_TO_INTERLEUKIN_1",1.62832857651186,0.0166656683904213,26,"green",8,30.8,2.44
"CELLTYPE","HE_LIM_SUN_FETAL_LUNG_C1_PROXIMAL_SECRETORY_3_CELL",1.50532554452269,0.0169397739323778,37,"green",8,21.6,2.44
"CELLTYPE","FAN_OVARY_CL11_MURAL_GRANULOSA_CELL",1.33261993554555,0.0183321357901871,74,"green",8,10.8,2.44
"GOBP","GOBP_RESPONSE_TO_ENDOPLASMIC_RETICULUM_STRESS",1.46565947838109,0.0202118791218591,67,"green",8,11.9,2.44
"GOBP","GOBP_REGULATION_OF_BODY_FLUID_LEVELS",1.41932261152837,0.0233404638166356,70,"green",8,11.4,2.44
"GOBP","GOBP_CELLULAR_RESPONSE_TO_VIRUS",1.65594602495327,0.0339450090636206,22,"green",8,36.4,2.44
"REACTOME","REACTOME_MYD88_INDEPENDENT_TLR4_CASCADE",1.50061748649363,0.0347785225818623,42,"green",8,19,2.44
"GOBP","GOBP_PYRIDINE_CONTAINING_COMPOUND_METABOLIC_PROCESS",1.48919475365964,0.0372504702401833,57,"green",8,14,2.44
"GOBP","GOBP_INTERFERON_ALPHA_PRODUCTION",1.66654339834635,0.0447816172459666,9,"green",8,88.9,2.44
"CELLTYPE","HAY_BONE_MARROW_PLATELET",2.21163620806714,3.38338280671304e-15,114,"green",7,6.1,2.13
"CELLTYPE","AIZARANI_LIVER_C25_KUPFFER_CELLS_4",2.15533586340741,9.04454685170858e-12,79,"green",7,8.9,2.13
"CELLTYPE","DESCARTES_MAIN_FETAL_MYELOID_CELLS",2.21722244665358,4.44718122610474e-10,55,"green",7,12.7,2.13
"CELLTYPE","SU_HO_CONV_CENT_CHONDROSARCOMA_C5_CHON2",1.93617402619425,2.5083844791703e-09,122,"green",7,5.7,2.13
"CELLTYPE","SU_HO_CONV_CENT_CHONDROSARCOMA_C3_CHONDROBLASTIC_OSTEOSARCOMA",1.76557461714855,4.24873198841382e-08,156,"green",7,4.5,2.13
"GOBP","GOBP_ANTIGEN_PROCESSING_AND_PRESENTATION_OF_EXOGENOUS_ANTIGEN",2.25404216253555,4.68172200188033e-08,29,"green",7,24.1,2.13
"GOBP","GOBP_MYELOID_LEUKOCYTE_ACTIVATION",1.92970588272057,3.49004061335027e-07,81,"green",7,8.6,2.13
"CELLTYPE","BUSSLINGER_GASTRIC_REG3A_POSITIVE_CELLS",2.12897598992403,7.86664357921692e-07,22,"green",7,31.8,2.13
"CELLTYPE","FAN_OVARY_CL4_T_LYMPHOCYTE_NK_CELL_1",1.74262412975494,1.04215089893099e-05,96,"green",7,7.3,2.13
"GOBP","GOBP_POSITIVE_REGULATION_OF_TYPE_II_INTERFERON_PRODUCTION",1.98427114741968,2.04934712853304e-05,31,"green",7,22.6,2.13
"GOBP","GOBP_REGULATION_OF_PHAGOCYTOSIS",1.96716057774145,3.94406040214189e-05,25,"green",7,28,2.13
"GOBP","GOBP_PYROPTOTIC_INFLAMMATORY_RESPONSE",2.07436155047064,0.000113201460142173,13,"green",7,53.8,2.13
"GOBP","GOBP_GENERATION_OF_PRECURSOR_METABOLITES_AND_ENERGY",1.62606017481088,0.000128599348126834,147,"green",7,4.8,2.13
"GOBP","GOBP_INTERLEUKIN_6_PRODUCTION",1.8547832680624,0.000145204680957885,52,"green",7,13.5,2.13
"GOBP","GOBP_LEUKOCYTE_MEDIATED_CYTOTOXICITY",1.84190536862675,0.000169928965312128,55,"green",7,12.7,2.13
"GOBP","GOBP_POSITIVE_REGULATION_OF_ADAPTIVE_IMMUNE_RESPONSE",1.85757121277803,0.00038422164946209,30,"green",7,23.3,2.13
"REACTOME","REACTOME_PROGRAMMED_CELL_DEATH",1.75856198482604,0.000459441170636168,52,"green",7,13.5,2.13
"GOBP","GOBP_REGULATION_OF_T_CELL_MEDIATED_IMMUNITY",1.83238692783345,0.000610790340801292,31,"green",7,22.6,2.13
"REACTOME","REACTOME_INTERLEUKIN_1_SIGNALING",1.86790088610064,0.0006180340754785,41,"green",7,17.1,2.13
"GOBP","GOBP_CARBOHYDRATE_DERIVATIVE_CATABOLIC_PROCESS",1.68029712605573,0.000742282553560871,67,"green",7,10.4,2.13
"GOBP","GOBP_RECEPTOR_MEDIATED_ENDOCYTOSIS",1.64416282245605,0.00152783220777088,61,"green",7,11.5,2.13
"HALLMARK","HALLMARK_UV_RESPONSE_UP",1.65554120134749,0.0015780620119865,47,"green",7,14.9,2.13
"CELLTYPE","ZHENG_CORD_BLOOD_C5_SIMILAR_TO_HSC_C6_PUTATIVE_ALTERED_METABOLIC_STATE",1.71383428025248,0.00193078485551469,19,"green",7,36.8,2.13
"CELLTYPE","DESCARTES_MAIN_FETAL_IGFBP1_DKK1_POSITIVE_CELLS",1.63380597894287,0.00324205094898715,23,"green",7,30.4,2.13
"GOBP","GOBP_POSITIVE_REGULATION_OF_LEUKOCYTE_MEDIATED_IMMUNITY",1.68795761789354,0.00347449999990545,33,"green",7,21.2,2.13
"GOBP","GOBP_MEMBRANE_FUSION",1.67353077307847,0.00374383964832858,54,"green",7,13,2.13
"GOBP","GOBP_NEGATIVE_REGULATION_OF_HEMOPOIESIS",1.71398147995312,0.00376209929136911,35,"green",7,20,2.13
"GOBP","GOBP_POSITIVE_REGULATION_OF_ENDOCYTOSIS",1.6781252628138,0.00525019692322593,32,"green",7,21.9,2.13
"GOBP","GOBP_APOPTOTIC_MITOCHONDRIAL_CHANGES",1.70632734908727,0.0055826706298394,28,"green",7,25,2.13
"GOBP","GOBP_ORGANIC_HYDROXY_COMPOUND_TRANSPORT",1.6204026536021,0.00589303890148698,39,"green",7,17.9,2.13
"REACTOME","REACTOME_SARS_COV_1_ACTIVATES_MODULATES_INNATE_IMMUNE_RESPONSES",1.77539681344185,0.00590410400317314,13,"green",7,53.8,2.13
"CELLTYPE","HU_FETAL_RETINA_FIBROBLAST",1.46257562422772,0.00598877675149188,75,"green",7,9.3,2.13
"GOBP","GOBP_POSITIVE_REGULATION_OF_INTERLEUKIN_12_PRODUCTION",1.83365162819816,0.00607566552472099,13,"green",7,53.8,2.13
"GOBP","GOBP_POSITIVE_REGULATION_OF_INTERFERON_ALPHA_PRODUCTION",1.7517365912194,0.0166711458571954,8,"green",7,87.5,2.13
"REACTOME","REACTOME_PKR_MEDIATED_SIGNALING",1.64790444163426,0.0235902765475807,13,"green",7,53.8,2.13
"REACTOME","REACTOME_APOPTOSIS",1.49281146921166,0.0285979879746858,47,"green",7,14.9,2.13
"GOBP","GOBP_INTERLEUKIN_12_PRODUCTION",1.64303215209255,0.0314604564302605,17,"green",7,41.2,2.13
"GOBP","GOBP_RESPONSE_TO_TOPOLOGICALLY_INCORRECT_PROTEIN",1.47275772244639,0.0338155964325945,34,"green",7,20.6,2.13
"REACTOME","REACTOME_SIGNALING_BY_NOTCH",1.47691456468213,0.0423967328977505,53,"green",7,13.2,2.13
"GOBP","GOBP_CD4_POSITIVE_ALPHA_BETA_T_CELL_ACTIVATION",1.47833014777227,0.0425616012142231,38,"green",7,18.4,2.13
"REACTOME","REACTOME_SARS_COV_1_HOST_INTERACTIONS",1.55315966763863,0.0477811210971466,16,"green",7,43.8,2.13
"GOBP","GOBP_ALCOHOL_METABOLIC_PROCESS",1.4083113672349,0.0479188508688174,52,"green",7,13.5,2.13
"CELLTYPE","FAN_OVARY_CL10_PUTATIVE_EARLY_ATRESIA_GRANULOSA_CELL",2.21558930481852,1.47785134846054e-17,151,"green",6,4,1.83
"CELLTYPE","RUBENSTEIN_SKELETAL_MUSCLE_SMOOTH_MUSCLE_CELLS",2.03213120333669,2.78442200789515e-15,173,"green",6,3.5,1.83
"CELLTYPE","DESCARTES_FETAL_STOMACH_MYELOID_CELLS",2.33486709425764,3.41740354184144e-12,39,"green",6,15.4,1.83
"CELLTYPE","FAN_OVARY_CL16_LYMPHATIC_ENDOTHELIAL_CELL",2.08534347120433,7.34373802668218e-11,93,"green",6,6.5,1.83
"CELLTYPE","HU_FETAL_RETINA_BLOOD",1.99981317374008,1.77666489304127e-10,97,"green",6,6.2,1.83
"GOBP","GOBP_ANTIGEN_PROCESSING_AND_PRESENTATION_OF_EXOGENOUS_PEPTIDE_ANTIGEN",2.23089494192847,3.68248040242674e-07,23,"green",6,26.1,1.83
"GOBP","GOBP_ANTIGEN_PROCESSING_AND_PRESENTATION_OF_PEPTIDE_ANTIGEN_VIA_MHC_CLASS_I",2.14881217558194,1.14771599919506e-05,18,"green",6,33.3,1.83
"CELLTYPE","FAN_OVARY_CL6_PUTATIVE_EARLY_ATRETIC_FOLLICLE_THECAL_CELL_2",1.687863676848,4.25339047095548e-05,91,"green",6,6.6,1.83
"GOBP","GOBP_POSITIVE_REGULATION_OF_INTERLEUKIN_6_PRODUCTION",1.97550520378062,4.83120374438694e-05,39,"green",6,15.4,1.83
"CELLTYPE","DESCARTES_FETAL_EYE_CORNEAL_AND_CONJUNCTIVAL_EPITHELIAL_CELLS",1.81601538808052,7.25825992198739e-05,41,"green",6,14.6,1.83
"GOBP","GOBP_POSITIVE_REGULATION_OF_INTERLEUKIN_1_PRODUCTION",2.02224625622737,8.46064393800594e-05,19,"green",6,31.6,1.83
"CELLTYPE","GAUTAM_EYE_IRIS_CILIARY_BODY_MONOCYTES",1.77107419617618,0.000109796072309286,42,"green",6,14.3,1.83
"CELLTYPE","DESCARTES_FETAL_EYE_MICROGLIA",1.74509397921789,0.000218601823841036,50,"green",6,12,1.83
"CELLTYPE","AIZARANI_LIVER_C11_HEPATOCYTES_1",1.72581781229299,0.000399420027736495,55,"green",6,10.9,1.83
"REACTOME","REACTOME_RESPONSE_TO_ELEVATED_PLATELET_CYTOSOLIC_CA2",1.85075396301481,0.000539131302012109,46,"green",6,13,1.83
"GOBP","GOBP_TUMOR_NECROSIS_FACTOR_MEDIATED_SIGNALING_PATHWAY",1.76874826376959,0.00101416261645441,29,"green",6,20.7,1.83
"HALLMARK","HALLMARK_XENOBIOTIC_METABOLISM",1.64299382794156,0.00122064408936186,31,"green",6,19.4,1.83
"GOBP","GOBP_INTERLEUKIN_10_PRODUCTION",1.91211490189526,0.00136489678183774,21,"green",6,28.6,1.83
"CELLTYPE","LAKE_ADULT_KIDNEY_C12_THICK_ASCENDING_LIMB",1.50459445629945,0.00139100849993933,91,"green",6,6.6,1.83
"GOBP","GOBP_RESPONSE_TO_PROTOZOAN",1.9403113060878,0.00143767233594133,12,"green",6,50,1.83
"GOBP","GOBP_NEGATIVE_REGULATION_OF_IMMUNE_EFFECTOR_PROCESS",1.73944123813638,0.00175505519218694,36,"green",6,16.7,1.83
"GOBP","GOBP_DISRUPTION_OF_ANATOMICAL_STRUCTURE_IN_ANOTHER_ORGANISM",1.85991381669915,0.00210304830619644,21,"green",6,28.6,1.83
"CELLTYPE","SU_HO_CONV_CENT_CHONDROSARCOMA_STROMAL_C4_CANCER_ASSOCIATED_FIBROBLAST",1.59331796926094,0.00369678086049559,54,"green",6,11.1,1.83
"CELLTYPE","CUI_DEVELOPING_HEART_VASCULAR_ENDOTHELIAL_CELL",1.58721361991627,0.00424938836806224,40,"green",6,15,1.83
"REACTOME","REACTOME_PLATELET_ACTIVATION_SIGNALING_AND_AGGREGATION",1.55787783282412,0.00655547838059561,77,"green",6,7.8,1.83
"GOBP","GOBP_HEMOSTASIS",1.57162862898646,0.00847493687891154,60,"green",6,10,1.83
"CELLTYPE","CUI_DEVELOPING_HEART_C5_VALVAR_CELL",1.52592645729462,0.00869444731244311,34,"green",6,17.6,1.83
"GOBP","GOBP_POSITIVE_REGULATION_OF_CYTOKINE_PRODUCTION_INVOLVED_IN_IMMUNE_RESPONSE",1.7191331480008,0.0105888154183768,18,"green",6,33.3,1.83
"GOBP","GOBP_NEGATIVE_REGULATION_OF_ANTIGEN_RECEPTOR_MEDIATED_SIGNALING_PATHWAY",1.71364918384986,0.0109396167558069,10,"green",6,60,1.83
"GOBP","GOBP_CELLULAR_RESPONSE_TO_INTERFERON_BETA",1.78448812081437,0.0109484660076167,10,"green",6,60,1.83
"GOBP","GOBP_TAXIS",1.46629238048238,0.0138921892157274,90,"green",6,6.7,1.83
"CELLTYPE","MANNO_MIDBRAIN_NEUROTYPES_HSERT",-1.37071442414375,0.014369114774226,51,"green",6,11.8,1.83
"CELLTYPE","FAN_OVARY_CL3_MATURE_CUMULUS_GRANULOSA_CELL_1",1.43388414140556,0.0148755588034823,64,"green",6,9.4,1.83
"REACTOME","REACTOME_REGULATION_OF_PD_L1_CD274_TRANSCRIPTION",1.64172561294664,0.0164928546662152,18,"green",6,33.3,1.83
"GOBP","GOBP_ORGANELLE_FUSION",1.53647649465443,0.018164237229277,49,"green",6,12.2,1.83
"GOBP","GOBP_T_CELL_ACTIVATION_INVOLVED_IN_IMMUNE_RESPONSE",1.55306461927731,0.0187064385716942,44,"green",6,13.6,1.83
"GOBP","GOBP_NEGATIVE_REGULATION_OF_T_CELL_RECEPTOR_SIGNALING_PATHWAY",1.7626820473092,0.0192361976087637,9,"green",6,66.7,1.83
"CELLTYPE","DESCARTES_MAIN_FETAL_MICROGLIA",1.49344824779215,0.0194339173226508,49,"green",6,12.2,1.83
"CELLTYPE","LAKE_ADULT_KIDNEY_C18_COLLECTING_DUCT_PRINCIPAL_CELLS_MEDULLA",1.33653643681322,0.033832507217795,95,"green",6,6.3,1.83
"CELLTYPE","BUSSLINGER_GASTRIC_ISTHMUS_CELLS",1.3047460076561,0.0339894719376318,115,"green",6,5.2,1.83
"CELLTYPE","HE_LIM_SUN_FETAL_LUNG_C1_PROXIMAL_SECRETORY_2_CELL",1.42627881065539,0.0357671136514162,37,"green",6,16.2,1.83
"GOBP","GOBP_REGULATION_OF_T_CELL_RECEPTOR_SIGNALING_PATHWAY",1.55708125371516,0.0462523370794105,10,"green",6,60,1.83
"GOBP","GOBP_LEUKOCYTE_MIGRATION",1.36813646921037,0.0489122367247454,68,"green",6,8.8,1.83
"GOBP","GOBP_CELLULAR_RESPONSE_TO_INTERLEUKIN_1",1.57462642484672,0.0499707416436243,14,"green",6,42.9,1.83
"CELLTYPE","DURANTE_ADULT_OLFACTORY_NEUROEPITHELIUM_DENDRITIC_CELLS",2.45247738651022,2.32457527231193e-18,83,"green",5,6,1.52
"CELLTYPE","TRAVAGLINI_LUNG_NEUTROPHIL_CELL",2.07293065678914,4.43934076435434e-16,166,"green",5,3,1.52
"CELLTYPE","RUBENSTEIN_SKELETAL_MUSCLE_NK_CELLS",1.8623526996284,2.51544339336115e-07,73,"green",5,6.8,1.52
"CELLTYPE","LAKE_ADULT_KIDNEY_C9_THIN_ASCENDING_LIMB",1.76257359200877,4.90541810480761e-06,90,"green",5,5.6,1.52
"GOBP","GOBP_CELLULAR_RESPIRATION",1.74588608657811,1.55674141045807e-05,121,"green",5,4.1,1.52
"CELLTYPE","RUBENSTEIN_SKELETAL_MUSCLE_PERICYTES",1.87574579216569,1.94771700255665e-05,51,"green",5,9.8,1.52
"CELLTYPE","SU_HO_CONV_CENT_CHONDROSARCOMA_C2_STROMAL",1.81475104332154,4.09277587591899e-05,43,"green",5,11.6,1.52
"GOBP","GOBP_COMPLEMENT_ACTIVATION",2.05137330557909,0.000161026335726984,12,"green",5,41.7,1.52
"GOBP","GOBP_T_CELL_MEDIATED_CYTOTOXICITY",1.97647199315448,0.000270289349995714,22,"green",5,22.7,1.52
"GOBP","GOBP_REGULATION_OF_T_CELL_MEDIATED_CYTOTOXICITY",2.0041786350788,0.000408444196946697,19,"green",5,26.3,1.52
"CELLTYPE","TRAVAGLINI_LUNG_MUCOUS_CELL",1.7984509623037,0.000567624890601242,18,"green",5,27.8,1.52
"GOBP","GOBP_REGULATION_OF_CELL_KILLING",1.84540543978337,0.000663776712735365,31,"green",5,16.1,1.52
"CELLTYPE","GAO_ESOPHAGUS_25W_C2_KRT6BPOS_SECRETORY_PROGENITOR_CELLS",1.83650251400191,0.000891486904439973,16,"green",5,31.2,1.52
"GOBP","GOBP_REACTIVE_OXYGEN_SPECIES_METABOLIC_PROCESS",1.67965591551896,0.00106534628059748,66,"green",5,7.6,1.52
"REACTOME","REACTOME_COMPLEMENT_CASCADE",1.89105709358341,0.00111935464776889,38,"green",5,13.2,1.52
"CELLTYPE","GAUTAM_EYE_CORNEA_MELANOCYTES",1.57012099698094,0.00117444024824468,68,"green",5,7.4,1.52
"GOBP","GOBP_TOLL_LIKE_RECEPTOR_SIGNALING_PATHWAY",1.8223766122047,0.00118562844218796,25,"green",5,20,1.52
"GOBP","GOBP_POST_TRANSCRIPTIONAL_REGULATION_OF_GENE_EXPRESSION",-1.39519550835805,0.00119508529054963,110,"green",5,4.5,1.52
"REACTOME","REACTOME_INFECTION_WITH_ENTEROBACTERIA",1.90552677378109,0.00253067282374653,6,"green",5,83.3,1.52
"CELLTYPE","HE_LIM_SUN_FETAL_LUNG_C2_SPP1_POS_MACROPHAGE_CELL",1.77226238938132,0.00281876527171284,10,"green",5,50,1.52
"GOBP","GOBP_POSITIVE_REGULATION_OF_CHEMOKINE_PRODUCTION",1.8467983466765,0.00287467391842723,24,"green",5,20.8,1.52
"REACTOME","REACTOME_AMYLOID_FIBER_FORMATION",1.81961670722816,0.00296642192871844,26,"green",5,19.2,1.52
"GOBP","GOBP_NEGATIVE_REGULATION_OF_ENDOCYTOSIS",1.80640040904526,0.00466852619020084,22,"green",5,22.7,1.52
"CELLTYPE","FAN_EMBRYONIC_CTX_BIG_GROUPS_CAJAL_RETZIUS",1.45260557564062,0.00554139328088634,107,"green",5,4.7,1.52
"GOBP","GOBP_RELEASE_OF_CYTOCHROME_C_FROM_MITOCHONDRIA",1.7857377741485,0.0055826706298394,19,"green",5,26.3,1.52
"GOBP","GOBP_POSITIVE_REGULATION_OF_PHAGOCYTOSIS",1.78879416606006,0.00568799789533899,17,"green",5,29.4,1.52
"REACTOME","REACTOME_CELLULAR_RESPONSE_TO_CHEMICAL_STRESS",1.6210539508636,0.00590410400317314,66,"green",5,7.6,1.52
"CELLTYPE","TRAVAGLINI_LUNG_ADVENTITIAL_FIBROBLAST_CELL",1.50795224982702,0.00624830552555997,50,"green",5,10,1.52
"GOBP","GOBP_INNATE_IMMUNE_RESPONSE_ACTIVATING_CELL_SURFACE_RECEPTOR_SIGNALING_PATHWAY",1.66742821577895,0.00660507256016806,25,"green",5,20,1.52
"GOBP","GOBP_CELL_SURFACE_PATTERN_RECOGNITION_RECEPTOR_SIGNALING_PATHWAY",1.75237538079071,0.00726382732749022,21,"green",5,23.8,1.52
"CELLTYPE","LAKE_ADULT_KIDNEY_C19_COLLECTING_DUCT_INTERCALATED_CELLS_TYPE_A_MEDULLA",1.45311368781832,0.00773750074300764,107,"green",5,4.7,1.52
"REACTOME","REACTOME_RUNX1_REGULATES_TRANSCRIPTION_OF_GENES_INVOLVED_IN_DIFFERENTIATION_OF_HSCS",1.69360351728223,0.00914518698795329,35,"green",5,14.3,1.52
"CELLTYPE","GAUTAM_EYE_IRIS_CILIARY_BODY_MGP_HIGH_FIBROBLASTS",1.58543465602947,0.0104743110137778,14,"green",5,35.7,1.52
"GOBP","GOBP_REGULATION_OF_MITOCHONDRION_ORGANIZATION",1.65632397218936,0.0108623053095614,30,"green",5,16.7,1.52
"GOBP","GOBP_VACUOLE_ORGANIZATION",1.47747054121339,0.0131275120681785,70,"green",5,7.1,1.52
"CELLTYPE","CUI_DEVELOPING_HEART_VALVAR_ENDOTHELIAL_CELL",1.54347269895322,0.0141386031065189,24,"green",5,20.8,1.52
"HALLMARK","HALLMARK_MTORC1_SIGNALING",1.42369394402539,0.01427301420458,57,"green",5,8.8,1.52
"REACTOME","REACTOME_DENGUE_VIRUS_ATTACHMENT_AND_ENTRY",1.71283149859805,0.0142772576560062,13,"green",5,38.5,1.52
"CELLTYPE","JONES_OVARY_ENDOTHELIAL",1.51896987055343,0.0167692361588538,29,"green",5,17.2,1.52
"GOBP","GOBP_TYPE_II_INTERFERON_MEDIATED_SIGNALING_PATHWAY",1.79978215486779,0.0172032778018504,14,"green",5,35.7,1.52
"HALLMARK","HALLMARK_HYPOXIA",1.43781708542078,0.0173411020006629,40,"green",5,12.5,1.52
"CELLTYPE","BUSSLINGER_DUODENAL_LATE_IMMATURE_ENTEROCYTES",1.49532005954895,0.0173411108447649,41,"green",5,12.2,1.52
"CELLTYPE","GAO_LARGE_INTESTINE_24W_C1_DCLK1POS_PROGENITOR",1.64374334773188,0.0175445421362912,9,"green",5,55.6,1.52
"CELLTYPE","HE_LIM_SUN_FETAL_LUNG_C3_LYMPHATIC_ENDOTHELIAL_CELL",1.41033664583088,0.0182297756520305,58,"green",5,8.6,1.52
"GOBP","GOBP_NEGATIVE_REGULATION_OF_LEUKOCYTE_PROLIFERATION",1.66691920248789,0.0210009657197039,27,"green",5,18.5,1.52
"GOBP","GOBP_CHEMOKINE_PRODUCTION",1.65269566092442,0.0249070165918962,32,"green",5,15.6,1.52
"CELLTYPE","JONES_OVARY_PERICYTE",1.47725343290103,0.0250603128522044,20,"green",5,25,1.52
"GOBP","GOBP_CELL_SURFACE_TOLL_LIKE_RECEPTOR_SIGNALING_PATHWAY",1.64360447153796,0.0293432953624389,20,"green",5,25,1.52
"GOBP","GOBP_INFLAMMASOME_MEDIATED_SIGNALING_PATHWAY",1.63453709112963,0.0315171192957386,29,"green",5,17.2,1.52
"GOBP","GOBP_LIPOPROTEIN_METABOLIC_PROCESS",1.58128380178162,0.037746654964704,9,"green",5,55.6,1.52
"GOBP","GOBP_REGULATION_OF_INFLAMMASOME_MEDIATED_SIGNALING_PATHWAY",1.58753381447215,0.0433803979892318,23,"green",5,21.7,1.52
"GOBP","GOBP_ACTIVATED_T_CELL_PROLIFERATION",1.63988246423523,0.0442266810134026,13,"green",5,38.5,1.52
"GOBP","GOBP_REGULATION_OF_NON_CANONICAL_NF_KAPPAB_SIGNAL_TRANSDUCTION",1.48976225487225,0.0471659985863511,25,"green",5,20,1.52
"GOBP","GOBP_NEGATIVE_REGULATION_OF_T_CELL_PROLIFERATION",1.54684648756997,0.0488101363516308,21,"green",5,23.8,1.52
"CELLTYPE","HAY_BONE_MARROW_NAIVE_T_CELL",-2.59114417547923,4.06941858354431e-32,163,"green",4,2.5,1.22
"CELLTYPE","DESCARTES_FETAL_PANCREAS_LYMPHOID_CELLS",-2.48310744125856,1.1538741657824e-14,73,"green",4,5.5,1.22
"CELLTYPE","DESCARTES_FETAL_KIDNEY_LYMPHOID_CELLS",-2.2112321306523,3.01062815525405e-11,68,"green",4,5.9,1.22
"CELLTYPE","DESCARTES_FETAL_INTESTINE_LYMPHOID_CELLS",-2.28418573016056,7.34373802668218e-11,62,"green",4,6.5,1.22
"CELLTYPE","DURANTE_ADULT_OLFACTORY_NEUROEPITHELIUM_MACROPHAGES",2.21531985651391,8.74217179135102e-10,41,"green",4,9.8,1.22
"CELLTYPE","MANNO_MIDBRAIN_NEUROTYPES_HNBML5",-1.97135971428357,7.17783055334305e-09,87,"green",4,4.6,1.22
"CELLTYPE","ZHENG_CORD_BLOOD_C8_PUTATIVE_LYMPHOID_PRIMED_MULTIPOTENT_PROGENITOR_2",2.09929115321241,2.26145565327985e-08,43,"green",4,9.3,1.22
"CELLTYPE","MENON_FETAL_KIDNEY_10_IMMUNE_CELLS",2.09756593140801,5.5912680334933e-08,46,"green",4,8.7,1.22
"CELLTYPE","SU_HO_CONV_CENT_CHONDROSARCOMA_LEUKOCYTE_C4_OSTEOCLAST",1.70162066207799,8.03720791163845e-08,166,"green",4,2.4,1.22
"CELLTYPE","ZHONG_PFC_C3_MICROGLIA",-1.80461616538085,1.31048804290355e-07,107,"green",4,3.7,1.22
"CELLTYPE","GAUTAM_EYE_IRIS_CILIARY_BODY_MELANOCYTES",1.84503680358864,1.98979614801119e-07,96,"green",4,4.2,1.22
"CELLTYPE","SU_HO_CONV_CENT_CHONDROSARCOMA_LEUKOCYTE_C1_M2_MACROPHAGE",2.06014228303901,2.64788881029858e-07,40,"green",4,10,1.22
"CELLTYPE","MANNO_MIDBRAIN_NEUROTYPES_HNBGABA",-1.71331275681604,3.69064888035703e-07,115,"green",4,3.5,1.22
"CELLTYPE","DURANTE_ADULT_OLFACTORY_NEUROEPITHELIUM_MONOCYTES",2.14797697226684,4.76172421885564e-07,20,"green",4,20,1.22
"CELLTYPE","DESCARTES_FETAL_ADRENAL_LYMPHOID_CELLS",-1.89766152543489,4.13488369424103e-06,64,"green",4,6.2,1.22
"CELLTYPE","DESCARTES_FETAL_PLACENTA_LYMPHOID_CELLS",-1.88213514925822,1.81793872956626e-05,39,"green",4,10.3,1.22
"CELLTYPE","AIZARANI_LIVER_C14_HEPATOCYTES_2",1.85256552088035,3.67521250262198e-05,45,"green",4,8.9,1.22
"GOBP","GOBP_HEAD_DEVELOPMENT",-1.45976893721027,4.29361356703307e-05,153,"green",4,2.6,1.22
"CELLTYPE","HE_LIM_SUN_FETAL_LUNG_C2_HSC_ELP_CELL",-1.53454011600761,6.36188139605985e-05,106,"green",4,3.8,1.22
"CELLTYPE","BUSSLINGER_ESOPHAGEAL_DENDRITIC_CELLS",1.70475807905345,7.09784104795529e-05,89,"green",4,4.5,1.22
"CELLTYPE","BUSSLINGER_DUODENAL_EARLY_IMMATURE_ENTEROCYTES",1.82276447882877,0.00013094080878893,35,"green",4,11.4,1.22
"CELLTYPE","GAUTAM_EYE_CHOROID_SCLERA_MONOCYTES",1.76205200985835,0.000202115636894517,42,"green",4,9.5,1.22
"GOBP","GOBP_ANTIGEN_PROCESSING_AND_PRESENTATION_OF_PEPTIDE_OR_POLYSACCHARIDE_ANTIGEN_VIA_MHC_CLASS_II",2.04434192316341,0.000206808594709149,18,"green",4,22.2,1.22
"GOBP","GOBP_ANTIGEN_PROCESSING_AND_PRESENTATION_OF_EXOGENOUS_PEPTIDE_ANTIGEN_VIA_MHC_CLASS_II",2.02080535300051,0.000270289349995714,16,"green",4,25,1.22
"GOBP","GOBP_MYELOID_CELL_ACTIVATION_INVOLVED_IN_IMMUNE_RESPONSE",1.86920555018454,0.000320786226178522,30,"green",4,13.3,1.22
"GOBP","GOBP_SKELETAL_SYSTEM_DEVELOPMENT",-1.54031909287586,0.00038422164946209,75,"green",4,5.3,1.22
"GOBP","GOBP_HEART_DEVELOPMENT",-1.47190755230539,0.000478394818557332,93,"green",4,4.3,1.22
"GOBP","GOBP_PRODUCTION_OF_MOLECULAR_MEDIATOR_INVOLVED_IN_INFLAMMATORY_RESPONSE",1.8374019985076,0.000669600180189157,33,"green",4,12.1,1.22
"GOBP","GOBP_LYTIC_VACUOLE_ORGANIZATION",1.79411721634054,0.000674949886764758,54,"green",4,7.4,1.22
"CELLTYPE","TRAVAGLINI_LUNG_BASOPHIL_MAST_1_CELL",1.56400584142497,0.000691420027133417,97,"green",4,4.1,1.22
"GOBP","GOBP_REGULATION_OF_RELEASE_OF_CYTOCHROME_C_FROM_MITOCHONDRIA",1.9503328132499,0.000709236948665455,17,"green",4,23.5,1.22
"GOBP","GOBP_MACROPHAGE_ACTIVATION",1.75921559660836,0.00256620516752181,33,"green",4,12.1,1.22
"CELLTYPE","FAN_EMBRYONIC_CTX_BRAIN_B_CELL",1.6543493644954,0.00256654408574109,18,"green",4,22.2,1.22
"GOBP","GOBP_POSITIVE_REGULATION_OF_APOPTOTIC_SIGNALING_PATHWAY",1.70970992719427,0.00268299560893999,29,"green",4,13.8,1.22
"REACTOME","REACTOME_REGULATION_OF_PD_L1_CD274_POST_TRANSLATIONAL_MODIFICATION",1.79289680295932,0.00299625108308386,33,"green",4,12.1,1.22
"GOBP","GOBP_POSITIVE_REGULATION_OF_T_CELL_MEDIATED_IMMUNITY",1.81234928242741,0.00347449999990545,20,"green",4,20,1.22
"GOBP","GOBP_APOPTOTIC_CELL_CLEARANCE",1.87091847555397,0.00416391672701752,15,"green",4,26.7,1.22
"REACTOME","REACTOME_INITIAL_TRIGGERING_OF_COMPLEMENT",1.80690614034858,0.00426576616846891,30,"green",4,13.3,1.22
"GOBP","GOBP_COMPLEMENT_ACTIVATION_CLASSICAL_PATHWAY",1.86269695470391,0.00432364851461709,6,"green",4,66.7,1.22
"GOBP","GOBP_MULTIVESICULAR_BODY_SORTING_PATHWAY",1.78411727493263,0.00525019692322593,25,"green",4,16,1.22
"REACTOME","REACTOME_NUCLEOTIDE_BINDING_DOMAIN_LEUCINE_RICH_REPEAT_CONTAINING_RECEPTOR_NLR_SIGNALING_PATHWAYS",1.78688824592556,0.00530864712316092,15,"green",4,26.7,1.22
"GOBP","GOBP_ACUTE_INFLAMMATORY_RESPONSE",1.76726456226083,0.00622365478799471,25,"green",4,16,1.22
"CELLTYPE","DESCARTES_FETAL_PLACENTA_MEGAKARYOCYTES",1.5666182133022,0.00633798203502323,41,"green",4,9.8,1.22
"GOBP","GOBP_NEGATIVE_REGULATION_OF_INTERLEUKIN_1_PRODUCTION",1.85490186203498,0.00706143317865743,14,"green",4,28.6,1.22
"CELLTYPE","DURANTE_ADULT_OLFACTORY_NEUROEPITHELIUM_RESPIRATORY_CILIATED_CELLS",1.61337793536784,0.00869444731244311,18,"green",4,22.2,1.22
"CELLTYPE","BUSSLINGER_GASTRIC_IMMATURE_PIT_CELLS",1.54867675347277,0.00873357224415197,49,"green",4,8.2,1.22
"GOBP","GOBP_ORGANELLE_MEMBRANE_FUSION",1.66500928646609,0.00936202896330986,49,"green",4,8.2,1.22
"REACTOME","REACTOME_DENGUE_VIRUS_ACTIVATES_MODULATES_INNATE_AND_ADAPTIVE_IMMUNE_RESPONSES",1.77488598569021,0.00971076774989277,7,"green",4,57.1,1.22
"HALLMARK","HALLMARK_CHOLESTEROL_HOMEOSTASIS",1.59818613178122,0.0104574121345441,22,"green",4,18.2,1.22
"HALLMARK","HALLMARK_FATTY_ACID_METABOLISM",1.5132391186468,0.0111360683194393,49,"green",4,8.2,1.22
"GOBP","GOBP_NUCLEOSIDE_TRIPHOSPHATE_METABOLIC_PROCESS",1.50499317590699,0.0119524461402866,90,"green",4,4.4,1.22
"GOBP","GOBP_REGULATION_OF_ERBB_SIGNALING_PATHWAY",1.71702109266071,0.0133852991283837,15,"green",4,26.7,1.22
"GOBP","GOBP_CD8_POSITIVE_ALPHA_BETA_T_CELL_ACTIVATION",1.7671633819617,0.0134875383644019,18,"green",4,22.2,1.22
"CELLTYPE","FAN_OVARY_CL17_PUTATIVE_APOPTOTIC_SMOOTH_MUSCLE_CELL",1.43179821718645,0.0172201536085324,60,"green",4,6.7,1.22
"GOBP","GOBP_DEVELOPMENTAL_GROWTH",-1.27485919298142,0.0172841051857133,92,"green",4,4.3,1.22
"GOBP","GOBP_REGULATION_OF_ALPHA_BETA_T_CELL_ACTIVATION",1.60317220738483,0.0203908405251889,25,"green",4,16,1.22
"GOBP","GOBP_NEGATIVE_REGULATION_OF_INTERLEUKIN_10_PRODUCTION",1.73729412404137,0.0210643841887544,9,"green",4,44.4,1.22
"GOBP","GOBP_POSITIVE_REGULATION_OF_NON_CANONICAL_NF_KAPPAB_SIGNAL_TRANSDUCTION",1.68149952331588,0.0210643841887544,20,"green",4,20,1.22
"GOBP","GOBP_NUCLEOSIDE_PHOSPHATE_BIOSYNTHETIC_PROCESS",1.47004132436183,0.025403784956825,106,"green",4,3.8,1.22
"REACTOME","REACTOME_OVARIAN_TUMOR_DOMAIN_PROTEASES",1.66739945903235,0.0292047113434148,15,"green",4,26.7,1.22
"REACTOME","REACTOME_ASSEMBLY_OF_THE_ORC_COMPLEX_AT_THE_ORIGIN_OF_REPLICATION",1.67459041881005,0.0293630901014853,12,"green",4,33.3,1.22
"GOBP","GOBP_POSITIVE_REGULATION_OF_TYPE_I_INTERFERON_MEDIATED_SIGNALING_PATHWAY",1.69637847019465,0.030266226125411,7,"green",4,57.1,1.22
"CELLTYPE","TRAVAGLINI_LUNG_CAPILLARY_INTERMEDIATE_1_CELL",1.42923986243683,0.0321014819365302,29,"green",4,13.8,1.22
"REACTOME","REACTOME_REGULATION_OF_INSULIN_LIKE_GROWTH_FACTOR_IGF_TRANSPORT_AND_UPTAKE_BY_INSULIN_LIKE_GROWTH_FACTOR_BINDING_PROTEINS_IGFBPS",1.60357133637951,0.0333970447963706,18,"green",4,22.2,1.22
"CELLTYPE","HU_FETAL_RETINA_RGC",1.33572183077386,0.0339894719376318,79,"green",4,5.1,1.22
"GOBP","GOBP_LEUKOCYTE_CHEMOTAXIS",1.46334985649744,0.034256213478293,55,"green",4,7.3,1.22
"CELLTYPE","GAUTAM_EYE_IRIS_CILIARY_BODY_SMOOTH_MUSCLE_CELLS",1.36902192548899,0.0360213767874151,87,"green",4,4.6,1.22
"GOBP","GOBP_EXTRINSIC_APOPTOTIC_SIGNALING_PATHWAY_VIA_DEATH_DOMAIN_RECEPTORS",1.54566569492,0.0372504702401833,25,"green",4,16,1.22
"GOBP","GOBP_CELLULAR_RESPONSE_TO_EXTERNAL_STIMULUS",1.63750997229972,0.0373556077158121,17,"green",4,23.5,1.22
"GOBP","GOBP_REGULATION_OF_CD4_POSITIVE_ALPHA_BETA_T_CELL_ACTIVATION",1.54346056070449,0.0384247276942238,16,"green",4,25,1.22
"GOBP","GOBP_CELL_JUNCTION_DISASSEMBLY",1.66491137061871,0.0384440096445978,5,"green",4,80,1.22
"GOBP","GOBP_POSITIVE_REGULATION_OF_EXTRINSIC_APOPTOTIC_SIGNALING_PATHWAY",1.62028482640645,0.0399681745255302,21,"green",4,19,1.22
"GOBP","GOBP_HUMORAL_IMMUNE_RESPONSE_MEDIATED_BY_CIRCULATING_IMMUNOGLOBULIN",1.66269461063842,0.0428838293152012,8,"green",4,50,1.22
"GOBP","GOBP_RESPONSE_TO_TOXIC_SUBSTANCE",1.45855413377598,0.0447816172459666,62,"green",4,6.5,1.22
"CELLTYPE","BUSSLINGER_DUODENAL_MATURE_ENTEROCYTES",1.35927284719601,0.0456472757554282,61,"green",4,6.6,1.22
"GOBP","GOBP_NEGATIVE_REGULATION_OF_LEUKOCYTE_MEDIATED_IMMUNITY",1.55290355471614,0.0466140953815664,28,"green",4,14.3,1.22
"CELLTYPE","DESCARTES_FETAL_LUNG_LYMPHOID_CELLS",-2.21359635771056,5.16173569873575e-10,80,"green",3,3.8,0.91
"CELLTYPE","DESCARTES_FETAL_LIVER_LYMPHOID_CELLS",-2.25908864421823,6.61049555704202e-09,40,"green",3,7.5,0.91
"HALLMARK","HALLMARK_OXIDATIVE_PHOSPHORYLATION",1.96917372179676,1.39337713057241e-08,107,"green",3,2.8,0.91
"CELLTYPE","DESCARTES_FETAL_MUSCLE_LYMPHOID_CELLS",-2.17943012542358,3.25155355897929e-08,40,"green",3,7.5,0.91
"CELLTYPE","AIZARANI_LIVER_C28_NK_NKT_CELLS_6",-2.14534001057089,1.64867204667726e-07,29,"green",3,10.3,0.91
"CELLTYPE","DESCARTES_FETAL_STOMACH_LYMPHOID_CELLS",-2.11390887347122,5.79683889885918e-07,39,"green",3,7.7,0.91
"CELLTYPE","DESCARTES_FETAL_HEART_MEGAKARYOCYTES",2.04212737058557,8.17682777056418e-07,50,"green",3,6,0.91
"CELLTYPE","MANNO_MIDBRAIN_NEUROTYPES_HDA1",-1.74600216994732,8.8867858235575e-07,102,"green",3,2.9,0.91
"CELLTYPE","RUBENSTEIN_SKELETAL_MUSCLE_B_CELLS",1.85343922518821,1.39298821298403e-06,36,"green",3,8.3,0.91
"CELLTYPE","DESCARTES_FETAL_MUSCLE_MEGAKARYOCYTES",1.79620287280146,3.33421650153331e-06,90,"green",3,3.3,0.91
"CELLTYPE","DESCARTES_FETAL_HEART_LYMPHOID_CELLS",-1.95455733270902,1.10359175996727e-05,38,"green",3,7.9,0.91
"CELLTYPE","RUBENSTEIN_SKELETAL_MUSCLE_FBN1_FAP_CELLS",1.73604946695946,1.37369446513867e-05,74,"green",3,4.1,0.91
"CELLTYPE","DESCARTES_MAIN_FETAL_MEGAKARYOCYTES",1.80847035595083,1.67834619477145e-05,67,"green",3,4.5,0.91
"CELLTYPE","AIZARANI_LIVER_C3_NK_NKT_CELLS_2",-1.74602777928248,6.20040792758709e-05,39,"green",3,7.7,0.91
"CELLTYPE","MENON_FETAL_KIDNEY_5_PROXIMAL_TUBULE_CELLS",1.83554812883186,8.49886148234063e-05,30,"green",3,10,0.91
"HALLMARK","HALLMARK_ADIPOGENESIS",1.69948224763167,9.28262664431217e-05,68,"green",3,4.4,0.91
"GOBP","GOBP_ANTIGEN_PROCESSING_AND_PRESENTATION_OF_ENDOGENOUS_PEPTIDE_ANTIGEN",2.02956555622664,0.000108768829495121,13,"green",3,23.1,0.91
"HALLMARK","HALLMARK_ESTROGEN_RESPONSE_EARLY",-1.70193136070758,0.000115025217972268,35,"green",3,8.6,0.91
"CELLTYPE","BUSSLINGER_ESOPHAGEAL_LATE_SUPRABASAL_CELLS",1.82025152097581,0.000138688026801771,33,"green",3,9.1,0.91
"CELLTYPE","CUI_DEVELOPING_HEART_C7_MAST_CELL",1.77517146021071,0.000156972695412947,70,"green",3,4.3,0.91
"GOBP","GOBP_ANTIMICROBIAL_HUMORAL_RESPONSE",1.94625133745347,0.000160516884233072,35,"green",3,8.6,0.91
"GOBP","GOBP_ANTIGEN_PROCESSING_AND_PRESENTATION_OF_ENDOGENOUS_ANTIGEN",2.05207408273883,0.000161691173669027,16,"green",3,18.8,0.91
"GOBP","GOBP_POSITIVE_REGULATION_OF_T_CELL_MEDIATED_CYTOTOXICITY",2.03275326896402,0.000169708841424646,15,"green",3,20,0.91
"CELLTYPE","SU_HO_FOETAL_FEMUR_C2_HYPERTROPHIC_CHONDROCYTE",1.61155390854985,0.000192732101181151,94,"green",3,3.2,0.91
"REACTOME","REACTOME_REGULATED_NECROSIS",2.00169420602351,0.000195998493451415,22,"green",3,13.6,0.91
"GOBP","GOBP_WNT_SIGNALING_PATHWAY",-1.53903745008537,0.000308483930461741,97,"green",3,3.1,0.91
"CELLTYPE","TRAVAGLINI_LUNG_ALVEOLAR_EPITHELIAL_TYPE_2_CELL",1.76865659528945,0.000399420027736495,32,"green",3,9.4,0.91
"GOBP","GOBP_POSITIVE_REGULATION_OF_INTERLEUKIN_8_PRODUCTION",1.95425891377308,0.000401561241360963,33,"green",3,9.1,0.91
"GOBP","GOBP_INTERLEUKIN_8_PRODUCTION",1.890721494725,0.000482148580048311,39,"green",3,7.7,0.91
"CELLTYPE","TRAVAGLINI_LUNG_CD8_NAIVE_T_CELL",-1.65955799783387,0.000649626982699566,46,"green",3,6.5,0.91
"GOBP","GOBP_REGULATION_OF_TRANSLATION",-1.49427335634044,0.000743197098685745,79,"green",3,3.8,0.91
"REACTOME","REACTOME_CROSS_PRESENTATION_OF_SOLUBLE_EXOGENOUS_ANTIGENS_ENDOSOMES",1.98755880257049,0.000761803979683234,23,"green",3,13,0.91
"REACTOME","REACTOME_AMPK_INDUCED_ERAD_AND_LYSOSOME_MEDIATED_DEGRADATION_OF_PD_L1_CD274",1.94997017683194,0.000874623453619641,26,"green",3,11.5,0.91
"CELLTYPE","MENON_FETAL_KIDNEY_9_ENDOTHELIAL_CELLS",1.76310994588734,0.000942805319225866,27,"green",3,11.1,0.91
"GOBP","GOBP_MACROPHAGE_ACTIVATION_INVOLVED_IN_IMMUNE_RESPONSE",1.94825469962993,0.00101416261645441,8,"green",3,37.5,0.91
"CELLTYPE","AIZARANI_LIVER_C5_NK_NKT_CELLS_3",-1.64967843525849,0.00123598862018495,44,"green",3,6.8,0.91
"CELLTYPE","LAKE_ADULT_KIDNEY_C23_ENDOTHELIAL_CELLS_AVR",1.69930419348813,0.00129226486509567,29,"green",3,10.3,0.91
"HALLMARK","HALLMARK_COAGULATION",1.70472622161901,0.00137166516614267,26,"green",3,11.5,0.91
"GOBP","GOBP_ANTIMICROBIAL_HUMORAL_IMMUNE_RESPONSE_MEDIATED_BY_ANTIMICROBIAL_PEPTIDE",1.87062894478929,0.00169115404184678,26,"green",3,11.5,0.91
"GOBP","GOBP_ANTIBACTERIAL_HUMORAL_RESPONSE",1.90742859946486,0.00175505519218694,19,"green",3,15.8,0.91
"GOBP","GOBP_POSITIVE_REGULATION_OF_REACTIVE_OXYGEN_SPECIES_METABOLIC_PROCESS",1.87082360273766,0.00187994839837476,31,"green",3,9.7,0.91
"CELLTYPE","AIZARANI_LIVER_C1_NK_NKT_CELLS_1",-1.52576619278986,0.00212056074462754,49,"green",3,6.1,0.91
"CELLTYPE","LAKE_ADULT_KIDNEY_C5_PROXIMAL_TUBULE_EPITHELIAL_CELLS_STRESS_INFLAM",-1.4628350867825,0.00213181946650455,75,"green",3,4,0.91
"GOBP","GOBP_NEGATIVE_REGULATION_OF_LYMPHOCYTE_DIFFERENTIATION",1.8361028875579,0.002239141847306,23,"green",3,13,0.91
"GOBP","GOBP_T_HELPER_1_TYPE_IMMUNE_RESPONSE",1.81292273098654,0.002239141847306,24,"green",3,12.5,0.91
"GOBP","GOBP_LEUKOCYTE_HOMEOSTASIS",1.72642573885946,0.0022565016923497,32,"green",3,9.4,0.91
"GOBP","GOBP_ACUTE_PHASE_RESPONSE",1.91980110381474,0.00295605967558072,11,"green",3,27.3,0.91
"GOBP","GOBP_DENDRITIC_CELL_DIFFERENTIATION",1.87088409220164,0.00309970120243495,21,"green",3,14.3,0.91
"GOBP","GOBP_MYELOID_LEUKOCYTE_MIGRATION",1.64477188641606,0.00309970120243495,50,"green",3,6,0.91
"GOBP","GOBP_POSITIVE_REGULATION_OF_CELL_KILLING",1.83332374549538,0.00364733276873463,20,"green",3,15,0.91
"GOBP","GOBP_LYMPHOCYTE_HOMEOSTASIS",1.71552942855572,0.00380807497464901,25,"green",3,12,0.91
"GOBP","GOBP_MYELOID_LEUKOCYTE_MEDIATED_IMMUNITY",1.74153479976785,0.00393211879804321,36,"green",3,8.3,0.91
"CELLTYPE","HE_LIM_SUN_FETAL_LUNG_C7_COL20A1_POS_SCHWANN_CELL",1.75240210360794,0.00427666908649287,14,"green",3,21.4,0.91
"GOBP","GOBP_RHYTHMIC_PROCESS",-1.5526868505341,0.0042913828613519,70,"green",3,4.3,0.91
"REACTOME","REACTOME_DISEASES_OF_IMMUNE_SYSTEM",1.87823087729039,0.00456313763940928,13,"green",3,23.1,0.91
"GOBP","GOBP_CONNECTIVE_TISSUE_DEVELOPMENT",-1.55003314148235,0.00488988445869567,57,"green",3,5.3,0.91
"REACTOME","REACTOME_CREATION_OF_C4_AND_C2_ACTIVATORS",1.76921873983074,0.00493710219641526,28,"green",3,10.7,0.91
"CELLTYPE","DURANTE_ADULT_OLFACTORY_NEUROEPITHELIUM_OLFACTORY_ENSHEATHING_GLIA",1.63800524748854,0.0054009958924181,28,"green",3,10.7,0.91
"REACTOME","REACTOME_LEISHMANIA_INFECTION",1.57934594613729,0.00613358355944074,80,"green",3,3.8,0.91
"REACTOME","REACTOME_INHIBITION_OF_DNA_RECOMBINATION_AT_TELOMERE",1.79992339891169,0.00650429582934603,18,"green",3,16.7,0.91
"CELLTYPE","GAUTAM_EYE_IRIS_CILIARY_BODY_WIF1_HIGH_FIBROBLASTS",1.62949296536978,0.00737433281587847,21,"green",3,14.3,0.91
"REACTOME","REACTOME_NOD1_2_SIGNALING_PATHWAY",1.76785638184701,0.00803133535402598,9,"green",3,33.3,0.91
"REACTOME","REACTOME_RHO_GTPASES_ACTIVATE_PKNS",1.74524375114268,0.00915509695030535,17,"green",3,17.6,0.91
"GOBP","GOBP_MUSCLE_STRUCTURE_DEVELOPMENT",-1.27970860251121,0.00919945411475005,96,"green",3,3.1,0.91
"GOBP","GOBP_REGULATION_OF_PROTEIN_POLYUBIQUITINATION",1.79764675644412,0.00943806692027779,6,"green",3,50,0.91
"GOBP","GOBP_GLYCOPROTEIN_CATABOLIC_PROCESS",1.82823794864908,0.0098748905856275,10,"green",3,30,0.91
"GOBP","GOBP_POSITIVE_REGULATION_OF_ORGANELLE_ASSEMBLY",-1.72154843430137,0.0108623053095614,22,"green",3,13.6,0.91
"CELLTYPE","MANNO_MIDBRAIN_NEUROTYPES_HDA",-1.36175363149868,0.012702913988807,70,"green",3,4.3,0.91
"GOBP","GOBP_REGULATION_OF_REACTIVE_OXYGEN_SPECIES_METABOLIC_PROCESS",1.63262811201001,0.0133852991283837,52,"green",3,5.8,0.91
"GOBP","GOBP_POSITIVE_REGULATION_OF_RELEASE_OF_CYTOCHROME_C_FROM_MITOCHONDRIA",1.81625737258762,0.0151499086296777,9,"green",3,33.3,0.91
"GOBP","GOBP_REGULATION_OF_RESPONSE_TO_TUMOR_CELL",1.78611840603911,0.0154425010296754,5,"green",3,60,0.91
"CELLTYPE","MANNO_MIDBRAIN_NEUROTYPES_HDA2",-1.3587199691201,0.0155432122755061,70,"green",3,4.3,0.91
"REACTOME","REACTOME_APOPTOTIC_FACTOR_MEDIATED_RESPONSE",1.72459351746116,0.0168504534016285,6,"green",3,50,0.91
"GOBP","GOBP_RESPONSE_TO_TUMOR_CELL",1.71669242000973,0.0168656290401176,12,"green",3,25,0.91
"REACTOME","REACTOME_RECOGNITION_AND_ASSOCIATION_OF_DNA_GLYCOSYLASE_WITH_SITE_CONTAINING_AN_AFFECTED_PURINE",1.7053047199283,0.0174452835719582,10,"green",3,30,0.91
"CELLTYPE","FAN_EMBRYONIC_CTX_MICROGLIA_3",1.68638220825092,0.01852365952957,10,"green",3,30,0.91
"GOBP","GOBP_MICROTUBULE_POLYMERIZATION_OR_DEPOLYMERIZATION",-1.48435915292778,0.0187064385716942,41,"green",3,7.3,0.91
"GOBP","GOBP_POSITIVE_REGULATION_OF_NEURON_APOPTOTIC_PROCESS",1.66705766383449,0.018980014086732,15,"green",3,20,0.91
"GOBP","GOBP_IMMUNE_RESPONSE_TO_TUMOR_CELL",1.75103379469794,0.019184121008874,10,"green",3,30,0.91
"REACTOME","REACTOME_CHROMATIN_MODIFICATIONS_DURING_THE_MATERNAL_TO_ZYGOTIC_TRANSITION_MZT",1.71867596441271,0.0208197059068172,11,"green",3,27.3,0.91
"GOBP","GOBP_REGULATED_EXOCYTOSIS",1.49953394888014,0.0210642558840136,49,"green",3,6.1,0.91
"CELLTYPE","DESCARTES_MAIN_FETAL_CCL19_CCL21_POSITIVE_CELLS",1.49708349487494,0.0224858014752532,28,"green",3,10.7,0.91
"GOBP","GOBP_POSITIVE_REGULATION_OF_INTERLEUKIN_10_PRODUCTION",1.71982230499008,0.0227462604058677,12,"green",3,25,0.91
"REACTOME","REACTOME_SIRT1_NEGATIVELY_REGULATES_RRNA_EXPRESSION",1.69723089121849,0.0232302505522803,11,"green",3,27.3,0.91
"GOBP","GOBP_REGULATION_OF_EXOCYTOSIS",1.54760621436557,0.0241454211005241,44,"green",3,6.8,0.91
"CELLTYPE","LAKE_ADULT_KIDNEY_C24_ENDOTHELIAL_CELLS_AEA_AND_DVR",1.4550918661375,0.0259449143701812,32,"green",3,9.4,0.91
"REACTOME","REACTOME_BASE_EXCISION_REPAIR_AP_SITE_FORMATION",1.63398604540939,0.0261506866731314,11,"green",3,27.3,0.91
"REACTOME","REACTOME_ANTIGEN_PRESENTATION_FOLDING_ASSEMBLY_AND_PEPTIDE_LOADING_OF_CLASS_I_MHC",1.65519779360203,0.0274867160433553,8,"green",3,37.5,0.91
"GOBP","GOBP_REGULATION_OF_COAGULATION",1.71520584139659,0.0282626390393715,21,"green",3,14.3,0.91
"REACTOME","REACTOME_TRANSCRIPTIONAL_REGULATION_BY_SMALL_RNAS",1.67811917721857,0.0286786249815215,18,"green",3,16.7,0.91
"GOBP","GOBP_MICROTUBULE_POLYMERIZATION",-1.48712546484334,0.0312383183804393,34,"green",3,8.8,0.91
"GOBP","GOBP_REGULATION_OF_TUMOR_NECROSIS_FACTOR_MEDIATED_SIGNALING_PATHWAY",1.64688642733637,0.0322723940007445,17,"green",3,17.6,0.91
"GOBP","GOBP_MICROTUBULE_NUCLEATION",-1.59074567946038,0.0327236982917012,23,"green",3,13,0.91
"GOBP","GOBP_T_HELPER_1_CELL_DIFFERENTIATION",1.67619016132022,0.034256213478293,16,"green",3,18.8,0.91
"GOBP","GOBP_ORGAN_OR_TISSUE_SPECIFIC_IMMUNE_RESPONSE",1.69149309770677,0.0351579671197636,14,"green",3,21.4,0.91
"REACTOME","REACTOME_INTERLEUKIN_12_FAMILY_SIGNALING",1.54632306851349,0.0353304971489292,7,"green",3,42.9,0.91
"CELLTYPE","HAY_BONE_MARROW_DENDRITIC_CELL",1.42663519686354,0.0354462645024898,35,"green",3,8.6,0.91
"GOBP","GOBP_SENSORY_ORGAN_DEVELOPMENT",-1.28589874400241,0.0357314279107162,73,"green",3,4.1,0.91
"GOBP","GOBP_RESPONSE_TO_MURAMYL_DIPEPTIDE",1.71236239381397,0.0366183042078273,7,"green",3,42.9,0.91
"GOBP","GOBP_CANONICAL_WNT_SIGNALING_PATHWAY",-1.34909138001731,0.0373556077158121,60,"green",3,5,0.91
"REACTOME","REACTOME_TRANSLATION",1.32640944476202,0.0412952982567799,138,"green",3,2.2,0.91
"GOBP","GOBP_REGULATION_OF_MUSCLE_CELL_DIFFERENTIATION",-1.4353696395732,0.0425616012142231,29,"green",3,10.3,0.91
"GOBP","GOBP_INTERLEUKIN_2_PRODUCTION",1.55645523798551,0.0443080871154045,22,"green",3,13.6,0.91
"GOBP","GOBP_PHAGOCYTOSIS_RECOGNITION",1.64586205868686,0.0444103316219938,7,"green",3,42.9,0.91
"CELLTYPE","DESCARTES_FETAL_SPLEEN_AFP_ALB_POSITIVE_CELLS",1.44524417110295,0.0451400643662089,20,"green",3,15,0.91
"REACTOME","REACTOME_DNA_METHYLATION",1.60627797582592,0.0454739431292261,11,"green",3,27.3,0.91
"CELLTYPE","ZHENG_CORD_BLOOD_C9_GRANULOCYTE_MACROPHAGE_PROGENITOR",1.41448789091475,0.0471347636673001,36,"green",3,8.3,0.91
"GOBP","GOBP_NEGATIVE_REGULATION_OF_ALPHA_BETA_T_CELL_ACTIVATION",1.62203919548808,0.0488101363516308,16,"green",3,18.8,0.91
"CELLTYPE","ZHONG_PFC_C3_ASTROCYTE",-1.77271756608891,4.76172421885564e-07,85,"green",2,2.4,0.61
"CELLTYPE","MANNO_MIDBRAIN_NEUROTYPES_HNBML1",-1.91581902290943,3.9280818330507e-06,50,"green",2,4,0.61
"CELLTYPE","DESCARTES_FETAL_LUNG_MEGAKARYOCYTES",1.91223825336028,4.04999121784782e-06,64,"green",2,3.1,0.61
"HALLMARK","HALLMARK_UV_RESPONSE_DN",-1.94636451272052,5.40346829794806e-06,43,"green",2,4.7,0.61
"CELLTYPE","DESCARTES_FETAL_SPLEEN_LYMPHOID_CELLS",-1.95310193670938,1.56666576995758e-05,52,"green",2,3.8,0.61
"CELLTYPE","ZHENG_CORD_BLOOD_C1_PUTATIVE_MEGAKARYOCYTE_PROGENITOR",1.9116403279504,1.99580586729801e-05,50,"green",2,4,0.61
"CELLTYPE","BUSSLINGER_DUODENAL_TRANSIT_AMPLIFYING_CELLS",1.75336807367326,3.50782519331481e-05,81,"green",2,2.5,0.61
"GOBP","GOBP_CELL_MORPHOGENESIS_INVOLVED_IN_NEURON_DIFFERENTIATION",-1.5700019104305,4.79949088431018e-05,111,"green",2,1.8,0.61
"HALLMARK","HALLMARK_MITOTIC_SPINDLE",-1.63376706942749,0.000127427461799182,43,"green",2,4.7,0.61
"GOBP","GOBP_REGULATION_OF_DNA_METABOLIC_PROCESS",-1.48562581834358,0.000177444321612682,132,"green",2,1.5,0.61
"REACTOME","REACTOME_PROTEASOME_ASSEMBLY",1.94683972761256,0.0005102458794428,25,"green",2,8,0.61
"GOBP","GOBP_RESPONSE_TO_FUNGUS",1.94284918730267,0.00118562844218796,24,"green",2,8.3,0.61
"CELLTYPE","GAO_SMALL_INTESTINE_24W_C4_ENTEROCYTE_PROGENITOR_SUBTYPE_2",1.79502135152689,0.00121222347091744,25,"green",2,8,0.61
"CELLTYPE","RUBENSTEIN_SKELETAL_MUSCLE_FAP_CELLS",1.65918212113824,0.0012521938430873,55,"green",2,3.6,0.61
"GOBP","GOBP_CELL_PROJECTION_MORPHOGENESIS",-1.41497017975129,0.00179144818098861,123,"green",2,1.6,0.61
"GOBP","GOBP_EMBRYO_DEVELOPMENT_ENDING_IN_BIRTH_OR_EGG_HATCHING",-1.361813524898,0.00179144818098861,117,"green",2,1.7,0.61
"GOBP","GOBP_DEFENSE_RESPONSE_TO_GRAM_NEGATIVE_BACTERIUM",1.85968734237077,0.00198345973707923,25,"green",2,8,0.61
"REACTOME","REACTOME_TRANSCRIPTIONAL_REGULATION_BY_MECP2",-2.02766173320635,0.00204358017731355,14,"green",2,14.3,0.61
"REACTOME","REACTOME_ANTIGEN_PROCESSING_UB_ATP_INDEPENDENT_PROTEASOMAL_DEGRADATION",1.89855343097927,0.0021086271902507,11,"green",2,18.2,0.61
"CELLTYPE","AIZARANI_LIVER_C17_HEPATOCYTES_3",1.80443618817008,0.0021101791518298,14,"green",2,14.3,0.61
"CELLTYPE","HE_LIM_SUN_FETAL_LUNG_C1_GHRL_POS_NE_PRECURSOR_CELL",-1.4618818947159,0.0021101791518298,64,"green",2,3.1,0.61
"GOBP","GOBP_NEUTROPHIL_MIGRATION",1.75103795552849,0.00225849843290919,31,"green",2,6.5,0.61
"REACTOME","REACTOME_MITOTIC_PROMETAPHASE",-1.64156999614037,0.00246579167420817,61,"green",2,3.3,0.61
"GOBP","GOBP_NEGATIVE_REGULATION_OF_REGULATORY_T_CELL_DIFFERENTIATION",1.91739300935499,0.00249497760534321,10,"green",2,20,0.61
"REACTOME","REACTOME_PYROPTOSIS",1.892761484327,0.0025085722253511,14,"green",2,14.3,0.61
"REACTOME","REACTOME_VIF_MEDIATED_DEGRADATION_OF_APOBEC3G",1.86316957867467,0.0025085722253511,29,"green",2,6.9,0.61
"REACTOME","REACTOME_BINDING_AND_UPTAKE_OF_LIGANDS_BY_SCAVENGER_RECEPTORS",1.8251047208493,0.00253067282374653,35,"green",2,5.7,0.61
"GOBP","GOBP_REGULATION_OF_SMALL_GTPASE_MEDIATED_SIGNAL_TRANSDUCTION",-1.52104535895848,0.00274929714465673,78,"green",2,2.6,0.61
"GOBP","GOBP_MEMBRANELESS_ORGANELLE_ASSEMBLY",-1.39035032204417,0.00319127246327353,80,"green",2,2.5,0.61
"GOBP","GOBP_MEMBRANE_INVAGINATION",1.78802421755401,0.00364733276873463,25,"green",2,8,0.61
"GOBP","GOBP_AXON_DEVELOPMENT",-1.45289429842866,0.00376134931718412,64,"green",2,3.1,0.61
"GOBP","GOBP_T_CELL_MEDIATED_IMMUNE_RESPONSE_TO_TUMOR_CELL",1.87427459271609,0.00388352199356891,5,"green",2,40,0.61
"GOBP","GOBP_T_CELL_HOMEOSTASIS",1.82064083468865,0.00405453453153225,20,"green",2,10,0.61
"GOBP","GOBP_SPINDLE_ORGANIZATION",-1.54989324956039,0.00416391672701752,46,"green",2,4.3,0.61
"GOBP","GOBP_GRANULOCYTE_MIGRATION",1.70412929646283,0.0045068204873937,39,"green",2,5.1,0.61
"GOBP","GOBP_EMBRYONIC_MORPHOGENESIS",-1.38413782896792,0.0051047819047641,129,"green",2,1.6,0.61
"REACTOME","REACTOME_TRANS_GOLGI_NETWORK_VESICLE_BUDDING",1.75664114758964,0.00511292357653831,20,"green",2,10,0.61
"GOBP","GOBP_LEUKOCYTE_DEGRANULATION",1.71961105205695,0.00526813532522382,28,"green",2,7.1,0.61
"GOBP","GOBP_DNA_RECOMBINATION",-1.44272188023126,0.00551181401013992,86,"green",2,2.3,0.61
"GOBP","GOBP_REGULATION_OF_MYELOID_LEUKOCYTE_MEDIATED_IMMUNITY",1.79885090746123,0.00590701066924569,22,"green",2,9.1,0.61
"REACTOME","REACTOME_SPOP_MEDIATED_PROTEASOMAL_DEGRADATION_OF_PD_L1_CD274",1.73691676631497,0.00644444294823853,21,"green",2,9.5,0.61
"GOBP","GOBP_DETOXIFICATION",1.69262622066215,0.00660507256016806,47,"green",2,4.3,0.61
"REACTOME","REACTOME_GSK3B_MEDIATED_PROTEASOMAL_DEGRADATION_OF_PD_L1_CD274",1.78688721192193,0.00681183104381897,23,"green",2,8.7,0.61
"REACTOME","REACTOME_ABC_TRANSPORTER_DISORDERS",1.77417704759866,0.00681183104381897,31,"green",2,6.5,0.61
"REACTOME","REACTOME_METABOLISM_OF_POLYAMINES",1.75784711721748,0.00681183104381897,28,"green",2,7.1,0.61
"REACTOME","REACTOME_REGULATION_OF_CDH1_FUNCTION",1.7670463900294,0.00689577858354128,25,"green",2,8,0.61
"CELLTYPE","DURANTE_ADULT_OLFACTORY_NEUROEPITHELIUM_VASCULAR_SMOOTH_MUSCLE_CELLS",1.69059306940953,0.00704375455390199,19,"green",2,10.5,0.61
"CELLTYPE","JONES_OVARY_THECA",1.73890832247542,0.00741190196141446,8,"green",2,25,0.61
"CELLTYPE","BUSSLINGER_GASTRIC_METALLOTHIONEIN_CELLS",1.62240338377642,0.00786204588875518,40,"green",2,5,0.61
"GOBP","GOBP_SUPEROXIDE_METABOLIC_PROCESS",1.7727461161086,0.00812581115480382,26,"green",2,7.7,0.61
"GOBP","GOBP_ANTIGEN_PROCESSING_AND_PRESENTATION_VIA_MHC_CLASS_IB",1.79686064931125,0.00826329721907174,10,"green",2,20,0.61
"GOBP","GOBP_PHAGOCYTOSIS_ENGULFMENT",1.78593308142399,0.00936202896330986,20,"green",2,10,0.61
"CELLTYPE","GAUTAM_EYE_CORNEA_CONJUNCTIVAL_CELLS",1.55745212327192,0.00962023217092827,32,"green",2,6.2,0.61
"GOBP","GOBP_SKELETAL_SYSTEM_MORPHOGENESIS",-1.60679808350634,0.00978742463725241,33,"green",2,6.1,0.61
"REACTOME","REACTOME_MHC_CLASS_II_ANTIGEN_PRESENTATION",1.61932837425,0.0108114557015515,28,"green",2,7.1,0.61
"GOBP","GOBP_CIRCADIAN_RHYTHM",-1.53965410524604,0.0116179323793546,56,"green",2,3.6,0.61
"GOBP","GOBP_EMBRYONIC_ORGAN_MORPHOGENESIS",-1.53605322394738,0.0120257902630094,57,"green",2,3.5,0.61
"CELLTYPE","DESCARTES_MAIN_FETAL_LYMPHOID_CELLS",-1.44825175477313,0.0124887208830706,27,"green",2,7.4,0.61
"GOBP","GOBP_SENSORY_ORGAN_MORPHOGENESIS",-1.53470134619394,0.0131275120681785,43,"green",2,4.7,0.61
"GOBP","GOBP_REGULATION_OF_CIRCADIAN_RHYTHM",-1.65726243722902,0.0136987180428916,36,"green",2,5.6,0.61
"GOBP","GOBP_REGULATORY_NCRNA_MEDIATED_GENE_SILENCING",-1.58871007660523,0.0146295010229893,30,"green",2,6.7,0.61
"GOBP","GOBP_PURINE_CONTAINING_COMPOUND_BIOSYNTHETIC_PROCESS",1.51060141886813,0.01516875375051,92,"green",2,2.2,0.61
"GOBP","GOBP_NEGATIVE_REGULATION_OF_COAGULATION",1.72323650706584,0.0156271728088743,14,"green",2,14.3,0.61
"GOBP","GOBP_REGULATION_OF_T_HELPER_CELL_DIFFERENTIATION",1.73939951316417,0.015671808916026,18,"green",2,11.1,0.61
"GOBP","GOBP_POSITIVE_REGULATION_OF_MYELOID_LEUKOCYTE_MEDIATED_IMMUNITY",1.77958944806301,0.0160688548730565,10,"green",2,20,0.61
"GOBP","GOBP_CIRCADIAN_REGULATION_OF_GENE_EXPRESSION",-1.70305448106111,0.0161562868154604,17,"green",2,11.8,0.61
"GOBP","GOBP_RENAL_SYSTEM_DEVELOPMENT",-1.47591725329061,0.0169866866013631,66,"green",2,3,0.61
"GOBP","GOBP_NEUROINFLAMMATORY_RESPONSE",1.62454702183625,0.0187479269315282,25,"green",2,8,0.61
"GOBP","GOBP_PROTEIN_LOCALIZATION_TO_VACUOLE",1.59951163242572,0.0187479269315282,14,"green",2,14.3,0.61
"CELLTYPE","GAUTAM_EYE_CORNEA_ELF3_HIGH_EPITHELIAL_CELLS",1.49304597798332,0.0193272031271369,48,"green",2,4.2,0.61
"GOBP","GOBP_DEOXYRIBONUCLEOTIDE_CATABOLIC_PROCESS",1.73905219709183,0.0198701846944888,12,"green",2,16.7,0.61
"GOBP","GOBP_POSITIVE_REGULATION_OF_SECRETION",1.48376843932141,0.0201542787508098,60,"green",2,3.3,0.61
"GOBP","GOBP_ALPHA_BETA_T_CELL_PROLIFERATION",1.73143628842244,0.0205972297090216,11,"green",2,18.2,0.61
"GOBP","GOBP_NEGATIVE_REGULATION_OF_INTERLEUKIN_1_BETA_PRODUCTION",1.75607468664195,0.0210643841887544,12,"green",2,16.7,0.61
"GOBP","GOBP_REGULATION_OF_T_HELPER_1_TYPE_IMMUNE_RESPONSE",1.72434271862987,0.0210643841887544,12,"green",2,16.7,0.61
"REACTOME","REACTOME_NUCLEOTIDE_CATABOLISM",1.71849234072381,0.0232302505522803,11,"green",2,18.2,0.61
"REACTOME","REACTOME_TNFR2_NON_CANONICAL_NF_KB_PATHWAY",1.60523462881496,0.0232302505522803,32,"green",2,6.2,0.61
"CELLTYPE","DURANTE_ADULT_OLFACTORY_NEUROEPITHELIUM_NK_CELLS",1.5191506095718,0.023453629754529,29,"green",2,6.9,0.61
"GOBP","GOBP_POSITIVE_REGULATION_OF_PROTEIN_POLYUBIQUITINATION",1.73610003343496,0.026989107588302,5,"green",2,40,0.61
"GOBP","GOBP_NUCLEOTIDE_BIOSYNTHETIC_PROCESS",1.48206867258736,0.0275614099542752,78,"green",2,2.6,0.61
"GOBP","GOBP_POSITIVE_REGULATION_OF_LIPID_LOCALIZATION",1.62127315840771,0.0275665280499463,24,"green",2,8.3,0.61
"CELLTYPE","AIZARANI_LIVER_C24_EPCAM_POS_BILE_DUCT_CELLS_3",1.47510343923869,0.0278057837175548,41,"green",2,4.9,0.61
"GOBP","GOBP_CYTOPLASMIC_MICROTUBULE_ORGANIZATION",-1.61226338107058,0.0285043170970396,17,"green",2,11.8,0.61
"REACTOME","REACTOME_REGULATION_OF_RUNX2_EXPRESSION_AND_ACTIVITY",1.58576914718538,0.0286786249815215,30,"green",2,6.7,0.61
"REACTOME","REACTOME_RIPK1_MEDIATED_REGULATED_NECROSIS",1.66468426914507,0.0292047113434148,15,"green",2,13.3,0.61
"REACTOME","REACTOME_NUCLEAR_EVENTS_MEDIATED_BY_NFE2L2",1.5514581403729,0.0292047113434148,34,"green",2,5.9,0.61
"GOBP","GOBP_NEGATIVE_REGULATION_OF_CELL_KILLING",1.70715062609711,0.0292075680555627,17,"green",2,11.8,0.61
"GOBP","GOBP_PHOSPHATIDYLINOSITOL_METABOLIC_PROCESS",-1.47368065528245,0.031033525660864,30,"green",2,6.7,0.61
"CELLTYPE","HE_LIM_SUN_FETAL_LUNG_C4_ILC3_CELL",-1.44221291434839,0.0311020902658297,18,"green",2,11.1,0.61
"REACTOME","REACTOME_DEVELOPMENTAL_CELL_LINEAGES_OF_THE_INTEGUMENTARY_SYSTEM",-1.70226751042198,0.031703066128229,6,"green",2,33.3,0.61
"REACTOME","REACTOME_ABC_FAMILY_PROTEINS_MEDIATED_TRANSPORT",1.5395462851734,0.031703066128229,28,"green",2,7.1,0.61
"GOBP","GOBP_NEGATIVE_REGULATION_OF_TUMOR_NECROSIS_FACTOR_MEDIATED_SIGNALING_PATHWAY",1.72050388051792,0.03396150966751,13,"green",2,15.4,0.61
"GOBP","GOBP_INTRACELLULAR_PH_REDUCTION",1.62685857852722,0.03396150966751,25,"green",2,8,0.61
"GOBP","GOBP_PROTEIN_AUTOPROCESSING",1.71244486430203,0.034256213478293,5,"green",2,40,0.61
"GOBP","GOBP_T_CELL_CYTOKINE_PRODUCTION",1.68868455122046,0.0351579671197636,11,"green",2,18.2,0.61
"GOBP","GOBP_NEGATIVE_REGULATION_OF_PHAGOCYTOSIS",1.71528019031528,0.0351625531409541,7,"green",2,28.6,0.61
"GOBP","GOBP_ICOSANOID_METABOLIC_PROCESS",1.54744829047571,0.0360186969143624,25,"green",2,8,0.61
"REACTOME","REACTOME_INACTIVATION_OF_CSF3_G_CSF_SIGNALING",1.6472584358363,0.036728179655083,14,"green",2,14.3,0.61
"GOBP","GOBP_CARTILAGE_DEVELOPMENT",-1.53372705151814,0.0371685145747101,36,"green",2,5.6,0.61
"GOBP","GOBP_RESPIRATORY_BURST",1.69270717891883,0.0373100106984326,11,"green",2,18.2,0.61
"GOBP","GOBP_REGULATION_OF_PH",1.53738192484233,0.0373556077158121,35,"green",2,5.7,0.61
"GOBP","GOBP_POSITIVE_REGULATION_OF_PLASMA_MEMBRANE_BOUNDED_CELL_PROJECTION_ASSEMBLY",-1.52227149842588,0.0397297938421586,24,"green",2,8.3,0.61
"GOBP","GOBP_NEGATIVE_REGULATION_OF_RELEASE_OF_CYTOCHROME_C_FROM_MITOCHONDRIA",1.70312417579994,0.040850447778472,9,"green",2,22.2,0.61
"GOBP","GOBP_HOST_MEDIATED_SUPPRESSION_OF_SYMBIONT_INVASION",1.6516148918098,0.0416930984065481,8,"green",2,25,0.61
"REACTOME","REACTOME_TRAF6_MEDIATED_NF_KB_ACTIVATION",1.63669898417664,0.0431730684033945,8,"green",2,25,0.61
"GOBP","GOBP_ICOSANOID_BIOSYNTHETIC_PROCESS",1.66503137371087,0.0486785353260541,13,"green",2,15.4,0.61
"REACTOME","REACTOME_SIGNALING_BY_CSF3_G_CSF",1.56780137321288,0.0486934252558426,14,"green",2,14.3,0.61
"GOBP","GOBP_MAINTENANCE_OF_CELL_NUMBER",-2.15518680496468,3.1366605992716e-08,56,"green",1,1.8,0.3
"CELLTYPE","MENON_FETAL_KIDNEY_7_LOOPOF_HENLE_CELLS_DISTAL",1.88921211876504,4.17642034929622e-08,117,"green",1,0.9,0.3
"CELLTYPE","LAKE_ADULT_KIDNEY_C16_COLLECTING_SYSTEM_PRINCIPAL_CELLS_CORTEX",-2.14081177954486,3.39533211055425e-07,26,"green",1,3.8,0.3
"GOBP","GOBP_RRNA_METABOLIC_PROCESS",-1.79111735630863,1.84248499938554e-06,69,"green",1,1.4,0.3
"CELLTYPE","DESCARTES_FETAL_ADRENAL_MEGAKARYOCYTES",1.94732717270918,5.72406646774957e-06,49,"green",1,2,0.3
"GOBP","GOBP_ELECTRON_TRANSPORT_CHAIN",1.91633455080007,8.46064393800594e-05,51,"green",1,2,0.3
"GOBP","GOBP_ANTERIOR_POSTERIOR_PATTERN_SPECIFICATION",-1.91654897795535,0.000152412181790653,36,"green",1,2.8,0.3
"GOBP","GOBP_NEGATIVE_REGULATION_OF_MUSCLE_CELL_DIFFERENTIATION",-2.07848302175004,0.000320786226178522,13,"green",1,7.7,0.3
"GOBP","GOBP_PATTERN_SPECIFICATION_PROCESS",-1.64584652029347,0.000401561241360963,60,"green",1,1.7,0.3
"CELLTYPE","HE_LIM_SUN_FETAL_LUNG_C2_NON_CLASSICAL_MONOCYTE",1.90268981153973,0.000441691927878139,8,"green",1,12.5,0.3
"GOBP","GOBP_NEURON_PROJECTION_GUIDANCE",-1.8250085281647,0.000616939917236818,47,"green",1,2.1,0.3
"GOBP","GOBP_STEM_CELL_DIFFERENTIATION",-1.74793542608177,0.000663776712735365,56,"green",1,1.8,0.3
"CELLTYPE","DESCARTES_FETAL_KIDNEY_MEGAKARYOCYTES",1.71879588246519,0.0012923979696939,36,"green",1,2.8,0.3
"GOBP","GOBP_POSITIVE_REGULATION_OF_ACUTE_INFLAMMATORY_RESPONSE",1.93917770010743,0.00147037756906483,7,"green",1,14.3,0.3
"GOBP","GOBP_PEPTIDE_ANTIGEN_ASSEMBLY_WITH_MHC_PROTEIN_COMPLEX",1.92574927367461,0.00175505519218694,11,"green",1,9.1,0.3
"GOBP","GOBP_EPIGENETIC_REGULATION_OF_GENE_EXPRESSION",-1.51836767466617,0.00175505519218694,83,"green",1,1.2,0.3
"GOBP","GOBP_CHROMOSOME_ORGANIZATION",-1.38126482731286,0.00175505519218694,123,"green",1,0.8,0.3
"GOBP","GOBP_SOMATIC_STEM_CELL_POPULATION_MAINTENANCE",-2.02160732461956,0.00186345106190532,16,"green",1,6.2,0.3
"CELLTYPE","SU_HO_CONV_CENT_CHONDROSARCOMA_C7_PROLIFERATIVE",1.55880193138161,0.00196136500805289,59,"green",1,1.7,0.3
"CELLTYPE","MANNO_MIDBRAIN_NEUROTYPES_HRN",-1.54711568216592,0.00201959658109717,52,"green",1,1.9,0.3
"GOBP","GOBP_MIRNA_METABOLIC_PROCESS",-1.84920465198042,0.00229056483864642,28,"green",1,3.6,0.3
"REACTOME","REACTOME_REGULATION_OF_MECP2_EXPRESSION_AND_ACTIVITY",-2.00697469465083,0.00253067282374653,11,"green",1,9.1,0.3
"REACTOME","REACTOME_DETOXIFICATION_OF_REACTIVE_OXYGEN_SPECIES",1.86832868230596,0.00253067282374653,14,"green",1,7.1,0.3
"CELLTYPE","GAUTAM_EYE_CORNEA_TGFBI_HIGH_EPITHELIAL_CELLS",1.62816405363629,0.00253213305246172,24,"green",1,4.2,0.3
"HALLMARK","HALLMARK_E2F_TARGETS",-1.46287376775829,0.00254890059515809,47,"green",1,2.1,0.3
"REACTOME","REACTOME_PHOSPHORYLATED_BMAL1_CLOCK_ARNTL_CLOCK_ACTIVATES_EXPRESSION_OF_CORE_CLOCK_GENES",-1.98548229908341,0.00273846956587427,15,"green",1,6.7,0.3
"GOBP","GOBP_MESONEPHROS_DEVELOPMENT",-1.92070390982969,0.00293291672643105,21,"green",1,4.8,0.3
"CELLTYPE","DURANTE_ADULT_OLFACTORY_NEUROEPITHELIUM_FIBROBLASTS_STROMAL_CELLS",1.79939589903481,0.00318208288699143,16,"green",1,6.2,0.3
"REACTOME","REACTOME_RIBOSOME_QUALITY_CONTROL_RQC_COMPLEX_EXTRACTS_AND_DEGRADES_NASCENT_PEPTIDE",1.73046478907282,0.00327965437289648,49,"green",1,2,0.3
"GOBP","GOBP_EPITHELIAL_TUBE_MORPHOGENESIS",-1.57999171486719,0.00347449999990545,52,"green",1,1.9,0.3
"CELLTYPE","LAKE_ADULT_KIDNEY_C26_MESANGIAL_CELLS",-1.50362600558737,0.00352199859750251,46,"green",1,2.2,0.3
"CELLTYPE","FAN_EMBRYONIC_CTX_BRAIN_NAIVE_LIKE_T_CELL",-1.48866830643818,0.00362590109055766,59,"green",1,1.7,0.3
"GOBP","GOBP_RECOMBINATIONAL_REPAIR",-1.58574668640162,0.00363498914314462,55,"green",1,1.8,0.3
"GOBP","GOBP_ATP_METABOLIC_PROCESS",1.60333889846193,0.00376134931718412,80,"green",1,1.2,0.3
"REACTOME","REACTOME_EPIGENETIC_REGULATION_OF_GENE_EXPRESSION",-1.5144376982729,0.00405364832694841,75,"green",1,1.3,0.3
"REACTOME","REACTOME_NEGATIVE_REGULATION_OF_NOTCH4_SIGNALING",1.8305855327438,0.0041544390352079,27,"green",1,3.7,0.3
"GOBP","GOBP_HETEROCHROMATIN_ORGANIZATION",-1.55695553341522,0.00430828379109577,65,"green",1,1.5,0.3
"REACTOME","REACTOME_SCF_SKP2_MEDIATED_DEGRADATION_OF_P27_P21",1.76099983386165,0.00511292357653831,27,"green",1,3.7,0.3
"REACTOME","REACTOME_RRNA_PROCESSING",-1.51024114443107,0.00511292357653831,34,"green",1,2.9,0.3
"GOBP","GOBP_REGULATION_OF_LYSOSOMAL_LUMEN_PH",1.84981334802584,0.00518383028303063,19,"green",1,5.3,0.3
"REACTOME","REACTOME_RIBOSOME_ASSOCIATED_QUALITY_CONTROL",1.59409537452679,0.00531059574800219,88,"green",1,1.1,0.3
"REACTOME","REACTOME_FBXL7_DOWN_REGULATES_AURKA_DURING_MITOTIC_ENTRY_AND_IN_EARLY_MITOSIS",1.79161010037423,0.00534788073784851,27,"green",1,3.7,0.3
"HALLMARK","HALLMARK_WNT_BETA_CATENIN_SIGNALING",-1.69812862398099,0.00550147643299464,10,"green",1,10,0.3
"REACTOME","REACTOME_ASYMMETRIC_LOCALIZATION_OF_PCP_PROTEINS",1.75634910602149,0.00566479768697706,28,"green",1,3.6,0.3
"HALLMARK","HALLMARK_EPITHELIAL_MESENCHYMAL_TRANSITION",1.57928823340132,0.00599644957951167,33,"green",1,3,0.3
"GOBP","GOBP_ENDOSOME_ORGANIZATION",1.69667308567158,0.00653476809511803,40,"green",1,2.5,0.3
"GOBP","GOBP_TRANSCRIPTION_BY_RNA_POLYMERASE_I",-1.74443468642152,0.00653690343148357,23,"green",1,4.3,0.3
"REACTOME","REACTOME_IRON_UPTAKE_AND_TRANSPORT",1.76544064418502,0.00681183104381897,26,"green",1,3.8,0.3
"REACTOME","REACTOME_REGULATION_OF_ORNITHINE_DECARBOXYLASE_ODC",1.78552003583696,0.00689577858354128,24,"green",1,4.2,0.3
"REACTOME","REACTOME_DEGRADATION_OF_DVL",1.78467231241102,0.00689577858354128,26,"green",1,3.8,0.3
"GOBP","GOBP_DOUBLE_STRAND_BREAK_REPAIR",-1.44560002247339,0.00724834142754126,91,"green",1,1.1,0.3
"REACTOME","REACTOME_REGULATION_OF_APOPTOSIS",1.74792252200583,0.00728983067636208,26,"green",1,3.8,0.3
"REACTOME","REACTOME_THE_ROLE_OF_GTSE1_IN_G2_M_PROGRESSION_AFTER_G2_CHECKPOINT",1.73711122557128,0.00728983067636208,31,"green",1,3.2,0.3
"REACTOME","REACTOME_CELLULAR_RESPONSE_TO_HYPOXIA",1.74038806882093,0.00738585718517797,33,"green",1,3,0.3
"CELLTYPE","BUSSLINGER_GASTRIC_LYZ_POSITIVE_CELLS",1.57900544597598,0.00797968385731568,7,"green",1,14.3,0.3
"REACTOME","REACTOME_DEACTIVATION_OF_THE_BETA_CATENIN_TRANSACTIVATING_COMPLEX",-1.89398337057256,0.00803133535402598,10,"green",1,10,0.3
"HALLMARK","HALLMARK_REACTIVE_OXYGEN_SPECIES_PATHWAY",1.633124500214,0.00822403552488545,23,"green",1,4.3,0.3
"CELLTYPE","MANNO_MIDBRAIN_NEUROTYPES_HNBM",-1.4859624172646,0.00840406832671204,44,"green",1,2.3,0.3
"GOBP","GOBP_GLIAL_CELL_ACTIVATION",1.79731797153809,0.00854245614984359,14,"green",1,7.1,0.3
"GOBP","GOBP_MIRNA_TRANSCRIPTION",-1.73748795157089,0.00855995312034715,20,"green",1,5,0.3
"CELLTYPE","SU_HO_CONV_CENT_CHONDROSARCOMA_STROMAL_C0_MINERALISATION_STROMAL_CELL",1.53584761925527,0.00865665053739453,52,"green",1,1.9,0.3
"REACTOME","REACTOME_DEADENYLATION_OF_MRNA",-1.84621769451806,0.00868870280751299,10,"green",1,10,0.3
"CELLTYPE","FAN_EMBRYONIC_CTX_EX_4_EXCITATORY_NEURON",-1.54714604749857,0.00869444731244311,27,"green",1,3.7,0.3
"GOBP","GOBP_CELLULAR_OXIDANT_DETOXIFICATION",1.75632204958714,0.0088939561832976,21,"green",1,4.8,0.3
"GOBP","GOBP_DNA_REPLICATION",-1.40492099448959,0.00943806692027779,75,"green",1,1.3,0.3
"GOBP","GOBP_MESONEPHRIC_TUBULE_MORPHOGENESIS",-1.85411813690722,0.00978742463725241,12,"green",1,8.3,0.3
"GOBP","GOBP_REGULATION_OF_MIRNA_METABOLIC_PROCESS",-1.7431332774279,0.0102170211068313,21,"green",1,4.8,0.3
"GOBP","GOBP_NUCLEOSIDE_TRIPHOSPHATE_BIOSYNTHETIC_PROCESS",1.63356282535322,0.0102170211068313,52,"green",1,1.9,0.3
"GOBP","GOBP_KIDNEY_EPITHELIUM_DEVELOPMENT",-1.72375928897294,0.0109414464190008,23,"green",1,4.3,0.3
"CELLTYPE","MANNO_MIDBRAIN_NEUROTYPES_HOMTN",-1.42808064075051,0.0110042063629915,36,"green",1,2.8,0.3
"GOBP","GOBP_DNA_TEMPLATED_TRANSCRIPTION_TERMINATION",-1.75318920194633,0.0110648515162955,16,"green",1,6.2,0.3
"REACTOME","REACTOME_LYSOSOME_VESICLE_BIOGENESIS",1.76037671345729,0.0114566321760041,12,"green",1,8.3,0.3
"GOBP","GOBP_NEPHRON_DEVELOPMENT",-1.65849881870711,0.0116179323793546,28,"green",1,3.6,0.3
"GOBP","GOBP_REGULATION_OF_LEUKOCYTE_DEGRANULATION",1.76255868140187,0.0118163008103875,19,"green",1,5.3,0.3
"GOBP","GOBP_LENS_DEVELOPMENT_IN_CAMERA_TYPE_EYE",-1.76142539223052,0.0119009625963906,15,"green",1,6.7,0.3
"REACTOME","REACTOME_UBIQUITIN_DEPENDENT_DEGRADATION_OF_CYCLIN_D",1.76045616079412,0.0121832638155748,25,"green",1,4,0.3
"CELLTYPE","MENON_FETAL_KIDNEY_8_CONNECTING_TUBULE_CELLS",1.45707507321313,0.0130636986914512,73,"green",1,1.4,0.3
"GOBP","GOBP_NUCLEOBASE_BIOSYNTHETIC_PROCESS",-1.80229267413152,0.0132223606585709,10,"green",1,10,0.3
"REACTOME","REACTOME_MITOCHONDRIAL_TRANSLATION_ELONGATION",1.64132579979306,0.0132414933695027,37,"green",1,2.7,0.3
"REACTOME","REACTOME_SCAVENGING_OF_HEME_FROM_PLASMA",1.68878324931738,0.0142772576560062,31,"green",1,3.2,0.3
"GOBP","GOBP_SYNAPSE_ASSEMBLY",-1.51101131632752,0.0148033731310828,53,"green",1,1.9,0.3
"GOBP","GOBP_NEGATIVE_REGULATION_OF_GENE_EXPRESSION_EPIGENETIC",-1.48774415082508,0.0148366678094969,73,"green",1,1.4,0.3
"REACTOME","REACTOME_ROS_AND_RNS_PRODUCTION_IN_PHAGOCYTES",1.76561322023199,0.0152230818162746,14,"green",1,7.1,0.3
"GOBP","GOBP_PHOSPHATIDYLINOSITOL_MEDIATED_SIGNALING",-1.79303746075902,0.0156548691654716,6,"green",1,16.7,0.3
"REACTOME","REACTOME_PURINERGIC_SIGNALING_IN_LEISHMANIASIS_INFECTION",1.73693533241245,0.0157651207508767,15,"green",1,6.7,0.3
"GOBP","GOBP_CELLULAR_RESPONSE_TO_TOXIC_SUBSTANCE",1.63526216138412,0.015788820474874,40,"green",1,2.5,0.3
"GOBP","GOBP_EMBRYONIC_EPITHELIAL_TUBE_FORMATION",-1.61004376588615,0.0160688548730565,29,"green",1,3.4,0.3
"GOBP","GOBP_NUCLEAR_RECEPTOR_MEDIATED_SIGNALING_PATHWAY",-1.55493102612131,0.0160688548730565,39,"green",1,2.6,0.3
"GOBP","GOBP_REGULATION_OF_RNA_SPLICING",-1.49987043242036,0.0160688548730565,39,"green",1,2.6,0.3
"GOBP","GOBP_DNA_TEMPLATED_TRANSCRIPTION_ELONGATION",-1.485478048939,0.0161562868154604,42,"green",1,2.4,0.3
"CELLTYPE","RUBENSTEIN_SKELETAL_MUSCLE_SATELLITE_CELLS",1.41069827976071,0.0169757329163068,118,"green",1,0.8,0.3
"GOBP","GOBP_REGULATION_OF_DENDRITIC_CELL_DIFFERENTIATION",1.74528236279341,0.0170671682254831,12,"green",1,8.3,0.3
"GOBP","GOBP_HORMONE_MEDIATED_SIGNALING_PATHWAY",-1.49198654784155,0.0170671682254831,39,"green",1,2.6,0.3
"GOBP","GOBP_LYSOSOMAL_LUMEN_ACIDIFICATION",1.73675658531428,0.018980014086732,15,"green",1,6.7,0.3
"GOBP","GOBP_NEUTROPHIL_CHEMOTAXIS",1.70792132199073,0.0190442192327721,20,"green",1,5,0.3
"GOBP","GOBP_MIRNA_PROCESSING",-1.75396049846754,0.019642946359659,11,"green",1,9.1,0.3
"REACTOME","REACTOME_P53_DEPENDENT_G1_DNA_DAMAGE_RESPONSE",1.62282129019872,0.0201471067810268,22,"green",1,4.5,0.3
"REACTOME","REACTOME_REGULATION_OF_MRNA_STABILITY_BY_PROTEINS_THAT_BIND_AU_RICH_ELEMENTS",1.61913786692812,0.0201471067810268,28,"green",1,3.6,0.3
"GOBP","GOBP_PHAGOSOME_MATURATION",1.77650063704896,0.0202256730257512,16,"green",1,6.2,0.3
"GOBP","GOBP_POSITIVE_REGULATION_OF_INTRINSIC_APOPTOTIC_SIGNALING_PATHWAY",1.68808563481324,0.020240415096311,14,"green",1,7.1,0.3
"GOBP","GOBP_GRANULOCYTE_CHEMOTAXIS",1.64184360940818,0.0203908405251889,31,"green",1,3.2,0.3
"CELLTYPE","TRAVAGLINI_LUNG_MYELOID_DENDRITIC_TYPE_1_CELL",1.69045117507398,0.0206750796050914,10,"green",1,10,0.3
"GOBP","GOBP_IMMUNE_RESPONSE_INHIBITING_SIGNAL_TRANSDUCTION",1.75772120878329,0.0208708009922375,14,"green",1,7.1,0.3
"REACTOME","REACTOME_INOSITOL_PHOSPHATE_METABOLISM",-1.7028879604145,0.0213406832667458,11,"green",1,9.1,0.3
"GOBP","GOBP_AMYLOID_BETA_CLEARANCE",1.7340711934558,0.0219986347581413,11,"green",1,9.1,0.3
"GOBP","GOBP_CELLULAR_RESPONSE_TO_HORMONE_STIMULUS",-1.22439380002643,0.0229363309819212,85,"green",1,1.2,0.3
"CELLTYPE","GAUTAM_EYE_CORNEA_CYTOTOXIC_T_CELLS",-1.39098850906073,0.0232363139812205,44,"green",1,2.3,0.3
"REACTOME","REACTOME_SCF_BETA_TRCP_MEDIATED_DEGRADATION_OF_EMI1",1.66661507960072,0.0238030446870364,26,"green",1,3.8,0.3
"CELLTYPE","BUSSLINGER_DUODENAL_BCHE_CELLS",1.61812686165059,0.0250603128522044,14,"green",1,7.1,0.3
"REACTOME","REACTOME_RAB_GERANYLGERANYLATION",1.61462145482477,0.0252728965120343,23,"green",1,4.3,0.3
"GOBP","GOBP_REGULATION_OF_DNA_REPAIR",-1.37207966079696,0.0257095788256776,58,"green",1,1.7,0.3
"CELLTYPE","AIZARANI_LIVER_C21_STELLATE_CELLS_1",1.4696472802161,0.0259449143701812,35,"green",1,2.9,0.3
"REACTOME","REACTOME_HEDGEHOG_LIGAND_BIOGENESIS",1.64219615159873,0.0261506866731314,27,"green",1,3.7,0.3
"REACTOME","REACTOME_PCP_CE_PATHWAY",1.60937186214008,0.0268023621640068,38,"green",1,2.6,0.3
"REACTOME","REACTOME_AUF1_HNRNP_D0_BINDS_AND_DESTABILIZES_MRNA",1.65309528564315,0.0274867160433553,27,"green",1,3.7,0.3
"REACTOME","REACTOME_EFFECTS_OF_PIP2_HYDROLYSIS",-1.77904473141167,0.0279302430451078,8,"green",1,12.5,0.3
"REACTOME","REACTOME_DEGRADATION_OF_GLI1_BY_THE_PROTEASOME",1.5831976550978,0.0284699150298766,27,"green",1,3.7,0.3
"REACTOME","REACTOME_DISORDERS_OF_DEVELOPMENTAL_BIOLOGY",-1.74027064444715,0.0286786249815215,6,"green",1,16.7,0.3
"REACTOME","REACTOME_UBIQUITIN_MEDIATED_DEGRADATION_OF_PHOSPHORYLATED_CDC25A",1.59384528103831,0.0286786249815215,22,"green",1,4.5,0.3
"GOBP","GOBP_BONE_DEVELOPMENT",-1.44048562134882,0.02915420318015,32,"green",1,3.1,0.3
"REACTOME","REACTOME_DECTIN_1_MEDIATED_NONCANONICAL_NF_KB_SIGNALING",1.65689877741101,0.0292613160536857,24,"green",1,4.2,0.3
"GOBP","GOBP_GLUTAMINE_FAMILY_AMINO_ACID_METABOLIC_PROCESS",-1.70699548099224,0.0293432953624389,9,"green",1,11.1,0.3
"REACTOME","REACTOME_HH_MUTANTS_ABROGATE_LIGAND_SECRETION",1.64701873436463,0.0294054307104323,27,"green",1,3.7,0.3
"CELLTYPE","GAUTAM_EYE_IRIS_CILIARY_BODY_ACTIVATED_T_CELLS",-1.39027092917649,0.0297970414348855,26,"green",1,3.8,0.3
"GOBP","GOBP_PYRIDINE_CONTAINING_COMPOUND_BIOSYNTHETIC_PROCESS",1.72686057164498,0.0301500428393105,12,"green",1,8.3,0.3
"GOBP","GOBP_MORPHOGENESIS_OF_EMBRYONIC_EPITHELIUM",-1.52658990865217,0.031036687509577,30,"green",1,3.3,0.3
"REACTOME","REACTOME_GOLGI_ASSOCIATED_VESICLE_BIOGENESIS",1.56840469540231,0.0310516890473563,14,"green",1,7.1,0.3
"GOBP","GOBP_REGULATION_OF_NEURON_DIFFERENTIATION",-1.52789275704072,0.0314604564302605,24,"green",1,4.2,0.3
"GOBP","GOBP_HYDROGEN_PEROXIDE_METABOLIC_PROCESS",1.65585135877726,0.0315620561464242,12,"green",1,8.3,0.3
"REACTOME","REACTOME_INSERTION_OF_TAIL_ANCHORED_PROTEINS_INTO_THE_ENDOPLASMIC_RETICULUM_MEMBRANE",1.6437779678457,0.032480682290762,7,"green",1,14.3,0.3
"REACTOME","REACTOME_DEGRADATION_OF_AXIN",1.62641636375294,0.032480682290762,26,"green",1,3.8,0.3
"GOBP","GOBP_TELOMERE_ORGANIZATION",-1.41158256957642,0.0329352716166755,45,"green",1,2.2,0.3
"CELLTYPE","DURANTE_ADULT_OLFACTORY_NEUROEPITHELIUM_MAST_CELLS",1.47100594640537,0.0332799518710003,29,"green",1,3.4,0.3
"GOBP","GOBP_MULTIVESICULAR_BODY_ORGANIZATION",1.67561326281466,0.034256213478293,18,"green",1,5.6,0.3
"GOBP","GOBP_EPIGENETIC_PROGRAMMING_OF_GENE_EXPRESSION",-1.70129326881563,0.0344543978387698,11,"green",1,9.1,0.3
"REACTOME","REACTOME_ENDOSOMAL_SORTING_COMPLEX_REQUIRED_FOR_TRANSPORT_ESCRT",1.61074068026311,0.0355936353280742,17,"green",1,5.9,0.3
"GOBP","GOBP_ZYMOGEN_ACTIVATION",1.66641178644682,0.0368848642407837,16,"green",1,6.2,0.3
"GOBP","GOBP_REGULATION_OF_HUMORAL_IMMUNE_RESPONSE",1.70645825407077,0.0372504702401833,10,"green",1,10,0.3
"REACTOME","REACTOME_STABILIZATION_OF_P53",1.61199854993303,0.0373798171206536,26,"green",1,3.8,0.3
"CELLTYPE","VANGURP_PANCREATIC_ALPHA_CELL",1.57585326202452,0.0380023956813507,10,"green",1,10,0.3
"GOBP","GOBP_REGULATION_OF_SUPEROXIDE_METABOLIC_PROCESS",1.71434400208454,0.0386408447611931,15,"green",1,6.7,0.3
"CELLTYPE","DESCARTES_MAIN_FETAL_OLIGODENDROCYTES",-1.59960231017725,0.0390775093197929,12,"green",1,8.3,0.3
"GOBP","GOBP_MYELOID_DENDRITIC_CELL_ACTIVATION",1.66199269930238,0.0405064580242663,11,"green",1,9.1,0.3
"GOBP","GOBP_VACUOLAR_ACIDIFICATION",1.65366823759074,0.0409016414196135,21,"green",1,4.8,0.3
"REACTOME","REACTOME_CDC42_GTPASE_CYCLE",-1.42594474981926,0.0426330957324305,38,"green",1,2.6,0.3
"GOBP","GOBP_ESTABLISHMENT_OR_MAINTENANCE_OF_CELL_POLARITY",-1.35942531149532,0.0427017623016389,44,"green",1,2.3,0.3
"CELLTYPE","TRAVAGLINI_LUNG_CAPILLARY_AEROCYTE_CELL",1.48759460140913,0.0451400643662089,11,"green",1,9.1,0.3
"REACTOME","REACTOME_M_DECAY_DEGRADATION_OF_MATERNAL_MRNAS_BY_MATERNALLY_STORED_FACTORS",-1.71224741051671,0.0454739431292261,8,"green",1,12.5,0.3
"REACTOME","REACTOME_RNA_POLYMERASE_I_TRANSCRIPTION_INITIATION",-1.61303594561667,0.0455603620844378,15,"green",1,6.7,0.3
"CELLTYPE","BUSSLINGER_GASTRIC_CHIEF_CELLS",1.51627812309838,0.0456055990236611,12,"green",1,8.3,0.3
"GOBP","GOBP_POSITIVE_REGULATION_OF_CILIUM_ASSEMBLY",-1.66826460545473,0.0462523370794105,8,"green",1,12.5,0.3
"GOBP","GOBP_REGULATION_OF_COMPLEMENT_ACTIVATION",1.68647357293102,0.0465362043808942,6,"green",1,16.7,0.3
"HALLMARK","HALLMARK_UNFOLDED_PROTEIN_RESPONSE",-1.29970211429804,0.0472911945477613,27,"green",1,3.7,0.3
"CELLTYPE","LAKE_ADULT_KIDNEY_C3_PROXIMAL_TUBULE_EPITHELIAL_CELLS_S1_S2",-1.32860908936682,0.0476023686099135,50,"green",1,2,0.3
"GOBP","GOBP_VENTRICULAR_SEPTUM_DEVELOPMENT",-1.59113013203148,0.048233340741162,17,"green",1,5.9,0.3
"GOBP","GOBP_T_HELPER_17_TYPE_IMMUNE_RESPONSE",1.60176570180743,0.0482949918171034,22,"green",1,4.5,0.3
"GOBP","GOBP_RENAL_TUBULE_DEVELOPMENT",-1.58435964637657,0.0488101363516308,12,"green",1,8.3,0.3
"GOBP","GOBP_RIBONUCLEOPROTEIN_COMPLEX_BIOGENESIS",-1.492760008869,2.54468506463065e-05,93,"purple",28,30.1,13.46
"GOBP","GOBP_CHROMOSOME_ORGANIZATION",-1.38126482731286,0.00175505519218694,123,"purple",22,17.9,10.58
"GOBP","GOBP_REGULATION_OF_DNA_METABOLIC_PROCESS",-1.48562581834358,0.000177444321612682,132,"purple",20,15.2,9.62
"GOBP","GOBP_RRNA_METABOLIC_PROCESS",-1.79111735630863,1.84248499938554e-06,69,"purple",18,26.1,8.65
"GOBP","GOBP_RIBOSOME_BIOGENESIS",-1.70577723951812,3.76037569805291e-06,84,"purple",18,21.4,8.65
"GOBP","GOBP_POST_TRANSCRIPTIONAL_REGULATION_OF_GENE_EXPRESSION",-1.39519550835805,0.00119508529054963,110,"purple",16,14.5,7.69
"GOBP","GOBP_REGULATION_OF_CHROMOSOME_ORGANIZATION",-1.5233890467258,0.00430828379109577,67,"purple",16,23.9,7.69
"GOBP","GOBP_RRNA_PROCESSING",-1.77044998174936,3.74845107725618e-05,62,"purple",15,24.2,7.21
"REACTOME","REACTOME_CHROMATIN_ORGANIZATION",-1.66498864751074,0.0006180340754785,74,"purple",14,18.9,6.73
"GOBP","GOBP_DNA_REPLICATION",-1.40492099448959,0.00943806692027779,75,"purple",14,18.7,6.73
"GOBP","GOBP_REGULATION_OF_TRANSLATION",-1.49427335634044,0.000743197098685745,79,"purple",13,16.5,6.25
"REACTOME","REACTOME_EPIGENETIC_REGULATION_OF_GENE_EXPRESSION",-1.5144376982729,0.00405364832694841,75,"purple",13,17.3,6.25
"HALLMARK","HALLMARK_MITOTIC_SPINDLE",-1.63376706942749,0.000127427461799182,43,"purple",12,27.9,5.77
"GOBP","GOBP_MEMBRANELESS_ORGANELLE_ASSEMBLY",-1.39035032204417,0.00319127246327353,80,"purple",12,15,5.77
"HALLMARK","HALLMARK_UNFOLDED_PROTEIN_RESPONSE",-1.29970211429804,0.0472911945477613,27,"purple",12,44.4,5.77
"GOBP","GOBP_SPINDLE_ORGANIZATION",-1.54989324956039,0.00416391672701752,46,"purple",11,23.9,5.29
"GOBP","GOBP_RNA_LOCALIZATION",-1.54539862647538,0.00825793686381314,49,"purple",11,22.4,5.29
"GOBP","GOBP_TELOMERE_ORGANIZATION",-1.41158256957642,0.0329352716166755,45,"purple",11,24.4,5.29
"REACTOME","REACTOME_SUMOYLATION",-1.82263036980855,0.000215184437900274,52,"purple",10,19.2,4.81
"GOBP","GOBP_EMBRYO_DEVELOPMENT_ENDING_IN_BIRTH_OR_EGG_HATCHING",-1.361813524898,0.00179144818098861,117,"purple",10,8.5,4.81
"GOBP","GOBP_RHYTHMIC_PROCESS",-1.5526868505341,0.0042913828613519,70,"purple",10,14.3,4.81
"GOBP","GOBP_DOUBLE_STRAND_BREAK_REPAIR",-1.44560002247339,0.00724834142754126,91,"purple",10,11,4.81
"GOBP","GOBP_MUSCLE_STRUCTURE_DEVELOPMENT",-1.27970860251121,0.00919945411475005,96,"purple",10,10.4,4.81
"GOBP","GOBP_REGULATION_OF_DNA_REPAIR",-1.37207966079696,0.0257095788256776,58,"purple",10,17.2,4.81
"GOBP","GOBP_MAINTENANCE_OF_CELL_NUMBER",-2.15518680496468,3.1366605992716e-08,56,"purple",9,16.1,4.33
"CELLTYPE","LAKE_ADULT_KIDNEY_C5_PROXIMAL_TUBULE_EPITHELIAL_CELLS_STRESS_INFLAM",-1.4628350867825,0.00213181946650455,75,"purple",9,12,4.33
"REACTOME","REACTOME_RRNA_PROCESSING",-1.51024114443107,0.00511292357653831,34,"purple",9,26.5,4.33
"GOBP","GOBP_ESTABLISHMENT_OF_RNA_LOCALIZATION",-1.46767500963432,0.0351625531409541,38,"purple",9,23.7,4.33
"GOBP","GOBP_ESTABLISHMENT_OR_MAINTENANCE_OF_CELL_POLARITY",-1.35942531149532,0.0427017623016389,44,"purple",9,20.5,4.33
"CELLTYPE","HE_LIM_SUN_FETAL_LUNG_C2_HSC_ELP_CELL",-1.53454011600761,6.36188139605985e-05,106,"purple",8,7.5,3.85
"CELLTYPE","MENON_FETAL_KIDNEY_0_CAP_MESENCHYME_CELLS",-1.71490089744624,0.00170216713804511,24,"purple",8,33.3,3.85
"GOBP","GOBP_EPIGENETIC_REGULATION_OF_GENE_EXPRESSION",-1.51836767466617,0.00175505519218694,83,"purple",8,9.6,3.85
"HALLMARK","HALLMARK_G2M_CHECKPOINT",-1.47671245590758,0.00218402272804061,44,"purple",8,18.2,3.85
"HALLMARK","HALLMARK_E2F_TARGETS",-1.46287376775829,0.00254890059515809,47,"purple",8,17,3.85
"GOBP","GOBP_TRANSCRIPTION_BY_RNA_POLYMERASE_I",-1.74443468642152,0.00653690343148357,23,"purple",8,34.8,3.85
"REACTOME","REACTOME_CELLULAR_RESPONSE_TO_HEAT_STRESS",-1.68505284382038,0.00738585718517797,36,"purple",8,22.2,3.85
"GOBP","GOBP_CIRCADIAN_RHYTHM",-1.53965410524604,0.0116179323793546,56,"purple",8,14.3,3.85
"GOBP","GOBP_REGULATION_OF_RNA_SPLICING",-1.49987043242036,0.0160688548730565,39,"purple",8,20.5,3.85
"GOBP","GOBP_REGULATION_OF_TELOMERE_MAINTENANCE",-1.49519440677836,0.0350678283545614,40,"purple",8,20,3.85
"CELLTYPE","ZHONG_PFC_C3_MICROGLIA",-1.80461616538085,1.31048804290355e-07,107,"purple",7,6.5,3.37
"GOBP","GOBP_HEAD_DEVELOPMENT",-1.45976893721027,4.29361356703307e-05,153,"purple",7,4.6,3.37
"GOBP","GOBP_STEM_CELL_DIFFERENTIATION",-1.74793542608177,0.000663776712735365,56,"purple",7,12.5,3.37
"REACTOME","REACTOME_SUMOYLATION_OF_DNA_DAMAGE_RESPONSE_AND_REPAIR_PROTEINS",-1.87767355348196,0.00212000786273117,20,"purple",7,35,3.37
"REACTOME","REACTOME_MITOTIC_PROMETAPHASE",-1.64156999614037,0.00246579167420817,61,"purple",7,11.5,3.37
"GOBP","GOBP_DNA_RECOMBINATION",-1.44272188023126,0.00551181401013992,86,"purple",7,8.1,3.37
"REACTOME","REACTOME_RRNA_MODIFICATION_IN_THE_NUCLEUS_AND_CYTOSOL",-1.8671394497864,0.00587533863315073,20,"purple",7,35,3.37
"GOBP","GOBP_RIBOSOMAL_SMALL_SUBUNIT_BIOGENESIS",-1.59078064559852,0.0129166225773197,23,"purple",7,30.4,3.37
"GOBP","GOBP_DEVELOPMENTAL_GROWTH",-1.27485919298142,0.0172841051857133,92,"purple",7,7.6,3.37
"GOBP","GOBP_REGULATION_OF_DNA_REPLICATION",-1.54569075260039,0.0205802891343231,34,"purple",7,20.6,3.37
"GOBP","GOBP_CELLULAR_RESPONSE_TO_HORMONE_STIMULUS",-1.22439380002643,0.0229363309819212,85,"purple",7,8.2,3.37
"CELLTYPE","ZHONG_PFC_C3_ASTROCYTE",-1.77271756608891,4.76172421885564e-07,85,"purple",6,7.1,2.88
"GOBP","GOBP_REGULATION_OF_SMALL_GTPASE_MEDIATED_SIGNAL_TRANSDUCTION",-1.52104535895848,0.00274929714465673,78,"purple",6,7.7,2.88
"GOBP","GOBP_RECOMBINATIONAL_REPAIR",-1.58574668640162,0.00363498914314462,55,"purple",6,10.9,2.88
"GOBP","GOBP_MATURATION_OF_SSU_RRNA",-1.84752334328972,0.00427251146544395,21,"purple",6,28.6,2.88
"GOBP","GOBP_REGULATION_OF_MRNA_METABOLIC_PROCESS",-1.44433269508675,0.00525019692322593,53,"purple",6,11.3,2.88
"REACTOME","REACTOME_REGULATION_OF_HSF1_MEDIATED_HEAT_SHOCK_RESPONSE",-1.71321391518465,0.00892529126287655,29,"purple",6,20.7,2.88
"GOBP","GOBP_NEGATIVE_REGULATION_OF_GENE_EXPRESSION_EPIGENETIC",-1.48774415082508,0.0148366678094969,73,"purple",6,8.2,2.88
"GOBP","GOBP_DNA_TEMPLATED_TRANSCRIPTION_ELONGATION",-1.485478048939,0.0161562868154604,42,"purple",6,14.3,2.88
"REACTOME","REACTOME_REGULATION_OF_TP53_ACTIVITY",-1.54134068750042,0.018329488651546,47,"purple",6,12.8,2.88
"GOBP","GOBP_POSITIVE_REGULATION_OF_TRANSCRIPTION_BY_RNA_POLYMERASE_I",-1.75589668575019,0.0255175152135338,16,"purple",6,37.5,2.88
"GOBP","GOBP_REGULATION_OF_TRANSCRIPTION_BY_RNA_POLYMERASE_I",-1.62991139274585,0.03396150966751,18,"purple",6,33.3,2.88
"CELLTYPE","HAY_BONE_MARROW_NAIVE_T_CELL",-2.59114417547923,4.06941858354431e-32,163,"purple",5,3.1,2.4
"CELLTYPE","FAN_OVARY_CL10_PUTATIVE_EARLY_ATRESIA_GRANULOSA_CELL",2.21558930481852,1.47785134846054e-17,151,"purple",5,3.3,2.4
"GOBP","GOBP_REGULATION_OF_STEM_CELL_POPULATION_MAINTENANCE",-2.02128777063969,0.000349107022731386,27,"purple",5,18.5,2.4
"REACTOME","REACTOME_SNRNP_ASSEMBLY",-1.94023628736947,0.00296642192871844,14,"purple",5,35.7,2.4
"GOBP","GOBP_EPITHELIAL_TUBE_MORPHOGENESIS",-1.57999171486719,0.00347449999990545,52,"purple",5,9.6,2.4
"GOBP","GOBP_HETEROCHROMATIN_ORGANIZATION",-1.55695553341522,0.00430828379109577,65,"purple",5,7.7,2.4
"GOBP","GOBP_POSITIVE_REGULATION_OF_ORGANELLE_ASSEMBLY",-1.72154843430137,0.0108623053095614,22,"purple",5,22.7,2.4
"GOBP","GOBP_REGULATION_OF_CIRCADIAN_RHYTHM",-1.65726243722902,0.0136987180428916,36,"purple",5,13.9,2.4
"GOBP","GOBP_REGULATORY_NCRNA_MEDIATED_GENE_SILENCING",-1.58871007660523,0.0146295010229893,30,"purple",5,16.7,2.4
"GOBP","GOBP_MICROTUBULE_POLYMERIZATION_OR_DEPOLYMERIZATION",-1.48435915292778,0.0187064385716942,41,"purple",5,12.2,2.4
"CELLTYPE","LAKE_ADULT_KIDNEY_C17_COLLECTING_SYSTEM_PCS_STRESSED_DISSOC_SUBSET",-1.3503707100246,0.0250603128522044,49,"purple",5,10.2,2.4
"CELLTYPE","GAUTAM_EYE_IRIS_CILIARY_BODY_ACTIVATED_T_CELLS",-1.39027092917649,0.0297970414348855,26,"purple",5,19.2,2.4
"GOBP","GOBP_SENSORY_ORGAN_DEVELOPMENT",-1.28589874400241,0.0357314279107162,73,"purple",5,6.8,2.4
"CELLTYPE","LAKE_ADULT_KIDNEY_C16_COLLECTING_SYSTEM_PRINCIPAL_CELLS_CORTEX",-2.14081177954486,3.39533211055425e-07,26,"purple",4,15.4,1.92
"CELLTYPE","MANNO_MIDBRAIN_NEUROTYPES_HNBGABA",-1.71331275681604,3.69064888035703e-07,115,"purple",4,3.5,1.92
"HALLMARK","HALLMARK_MYC_TARGETS_V2",-2.08894325331811,1.52897841559942e-05,15,"purple",4,26.7,1.92
"GOBP","GOBP_CELL_MORPHOGENESIS_INVOLVED_IN_NEURON_DIFFERENTIATION",-1.5700019104305,4.79949088431018e-05,111,"purple",4,3.6,1.92
"GOBP","GOBP_NEGATIVE_REGULATION_OF_MUSCLE_CELL_DIFFERENTIATION",-2.07848302175004,0.000320786226178522,13,"purple",4,30.8,1.92
"GOBP","GOBP_HEART_DEVELOPMENT",-1.47190755230539,0.000478394818557332,93,"purple",4,4.3,1.92
"GOBP","GOBP_MATURATION_OF_SSU_RRNA_FROM_TRICISTRONIC_RRNA_TRANSCRIPT_SSU_RRNA_5_8S_RRNA_LSU_RRNA",-2.06050856850479,0.00131772135938306,12,"purple",4,33.3,1.92
"GOBP","GOBP_CELL_PROJECTION_MORPHOGENESIS",-1.41497017975129,0.00179144818098861,123,"purple",4,3.3,1.92
"CELLTYPE","HE_LIM_SUN_FETAL_LUNG_C1_GHRL_POS_NE_PRECURSOR_CELL",-1.4618818947159,0.0021101791518298,64,"purple",4,6.2,1.92
"REACTOME","REACTOME_TRNA_PROCESSING",-1.74772819096948,0.00296642192871844,37,"purple",4,10.8,1.92
"GOBP","GOBP_NEURAL_TUBE_DEVELOPMENT",-1.60290396618669,0.00824430387599387,48,"purple",4,8.3,1.92
"GOBP","GOBP_FOREBRAIN_DEVELOPMENT",-1.48887116548019,0.00865333187773394,72,"purple",4,5.6,1.92
"GOBP","GOBP_DNA_TEMPLATED_TRANSCRIPTION_TERMINATION",-1.75318920194633,0.0110648515162955,16,"purple",4,25,1.92
"GOBP","GOBP_POSITIVE_REGULATION_OF_STEM_CELL_POPULATION_MAINTENANCE",-1.74064510686857,0.0119524461402866,16,"purple",4,25,1.92
"GOBP","GOBP_CIRCADIAN_REGULATION_OF_GENE_EXPRESSION",-1.70305448106111,0.0161562868154604,17,"purple",4,23.5,1.92
"GOBP","GOBP_MICROTUBULE_POLYMERIZATION",-1.48712546484334,0.0312383183804393,34,"purple",4,11.8,1.92
"GOBP","GOBP_NUCLEUS_ORGANIZATION",-1.46594473254215,0.0327048125533965,33,"purple",4,12.1,1.92
"GOBP","GOBP_REGULATION_OF_TRANSLATIONAL_FIDELITY",-1.76603849623159,0.0373100106984326,9,"purple",4,44.4,1.92
"GOBP","GOBP_REGULATION_OF_MUSCLE_CELL_DIFFERENTIATION",-1.4353696395732,0.0425616012142231,29,"purple",4,13.8,1.92
"REACTOME","REACTOME_CDC42_GTPASE_CYCLE",-1.42594474981926,0.0426330957324305,38,"purple",4,10.5,1.92
"CELLTYPE","RUBENSTEIN_SKELETAL_MUSCLE_SMOOTH_MUSCLE_CELLS",2.03213120333669,2.78442200789515e-15,173,"purple",3,1.7,1.44
"HALLMARK","HALLMARK_OXIDATIVE_PHOSPHORYLATION",1.96917372179676,1.39337713057241e-08,107,"purple",3,2.8,1.44
"CELLTYPE","MENON_FETAL_KIDNEY_7_LOOPOF_HENLE_CELLS_DISTAL",1.88921211876504,4.17642034929622e-08,117,"purple",3,2.6,1.44
"CELLTYPE","LAKE_ADULT_KIDNEY_C13_THICK_ASCENDING_LIMB",-2.03834047766772,2.51390875213641e-06,29,"purple",3,10.3,1.44
"CELLTYPE","RUBENSTEIN_SKELETAL_MUSCLE_FBN1_FAP_CELLS",1.73604946695946,1.37369446513867e-05,74,"purple",3,4.1,1.44
"HALLMARK","HALLMARK_ESTROGEN_RESPONSE_EARLY",-1.70193136070758,0.000115025217972268,35,"purple",3,8.6,1.44
"CELLTYPE","ZHONG_PFC_C8_UNKNOWN_NEUROD2_POS_INTERNEURON",-1.98710159182702,0.000191363313313615,10,"purple",3,30,1.44
"GOBP","GOBP_WNT_SIGNALING_PATHWAY",-1.53903745008537,0.000308483930461741,97,"purple",3,3.1,1.44
"GOBP","GOBP_SKELETAL_SYSTEM_DEVELOPMENT",-1.54031909287586,0.00038422164946209,75,"purple",3,4,1.44
"GOBP","GOBP_ENDONUCLEOLYTIC_CLEAVAGE_OF_TRICISTRONIC_RRNA_TRANSCRIPT_SSU_RRNA_5_8S_RRNA_LSU_RRNA",-2.02570609660573,0.00106704353310229,12,"purple",3,25,1.44
"CELLTYPE","LAKE_ADULT_KIDNEY_C12_THICK_ASCENDING_LIMB",1.50459445629945,0.00139100849993933,91,"purple",3,3.3,1.44
"GOBP","GOBP_TRANSCRIPTION_BY_RNA_POLYMERASE_III",-1.9166888919612,0.00155133688469812,23,"purple",3,13,1.44
"GOBP","GOBP_CELLULAR_RESPONSE_TO_STEROID_HORMONE_STIMULUS",-1.66951214914932,0.00175505519218694,50,"purple",3,6,1.44
"GOBP","GOBP_POSITIVE_REGULATION_OF_MRNA_METABOLIC_PROCESS",-1.68784944401961,0.00212208664587423,44,"purple",3,6.8,1.44
"GOBP","GOBP_MIRNA_METABOLIC_PROCESS",-1.84920465198042,0.00229056483864642,28,"purple",3,10.7,1.44
"REACTOME","REACTOME_REGULATION_OF_GLUCOKINASE_BY_GLUCOKINASE_REGULATORY_PROTEIN",-2.05392950935112,0.00246579167420817,16,"purple",3,18.8,1.44
"REACTOME","REACTOME_NUCLEAR_PORE_COMPLEX_NPC_DISASSEMBLY",-2.00918393880109,0.00246579167420817,18,"purple",3,16.7,1.44
"REACTOME","REACTOME_EXPORT_OF_VIRAL_RIBONUCLEOPROTEINS_FROM_NUCLEUS",-2.04098803766477,0.0025085722253511,11,"purple",3,27.3,1.44
"GOBP","GOBP_POSITIVE_REGULATION_OF_TRANSCRIPTION_BY_RNA_POLYMERASE_III",-1.95245639779432,0.00274929714465673,11,"purple",3,27.3,1.44
"REACTOME","REACTOME_SUMOYLATION_OF_CHROMATIN_ORGANIZATION_PROTEINS",-1.91109945018219,0.00296642192871844,16,"purple",3,18.8,1.44
"GOBP","GOBP_AXON_DEVELOPMENT",-1.45289429842866,0.00376134931718412,64,"purple",3,4.7,1.44
"REACTOME","REACTOME_SUMOYLATION_OF_DNA_REPLICATION_PROTEINS",-1.88326887628267,0.00508995369301068,13,"purple",3,23.1,1.44
"GOBP","GOBP_EMBRYONIC_MORPHOGENESIS",-1.38413782896792,0.0051047819047641,129,"purple",3,2.3,1.44
"REACTOME","REACTOME_TRANSPORT_OF_THE_SLBP_DEPENDANT_MATURE_MRNA",-1.90814715083172,0.00511292357653831,18,"purple",3,16.7,1.44
"REACTOME","REACTOME_TRANSPORT_OF_MATURE_MRNAS_DERIVED_FROM_INTRONLESS_TRANSCRIPTS",-1.90829397099785,0.00520050133431753,20,"purple",3,15,1.44
"REACTOME","REACTOME_INTERACTIONS_OF_VPR_WITH_HOST_CELLULAR_PROTEINS",-1.94377495569238,0.00534788073784851,18,"purple",3,16.7,1.44
"REACTOME","REACTOME_INTERACTIONS_OF_REV_WITH_HOST_CELLULAR_PROTEINS",-1.93969689884833,0.00566479768697706,11,"purple",3,27.3,1.44
"REACTOME","REACTOME_SUMOYLATION_OF_RNA_BINDING_PROTEINS",-1.84869371984675,0.00590410400317314,13,"purple",3,23.1,1.44
"REACTOME","REACTOME_NUCLEAR_IMPORT_OF_REV_PROTEIN",-1.93832657006986,0.00618119183532465,11,"purple",3,27.3,1.44
"GOBP","GOBP_REGULATION_OF_TRANSCRIPTION_BY_RNA_POLYMERASE_III",-1.93437095596502,0.00619674661394762,15,"purple",3,20,1.44
"REACTOME","REACTOME_SUMOYLATION_OF_SUMOYLATION_PROTEINS",-1.82871151642457,0.0108114557015515,11,"purple",3,27.3,1.44
"GOBP","GOBP_REGULATION_OF_DNA_TEMPLATED_TRANSCRIPTION_ELONGATION",-1.58565929239813,0.0114020657791297,31,"purple",3,9.7,1.44
"CELLTYPE","MANNO_MIDBRAIN_NEUROTYPES_HSERT",-1.37071442414375,0.014369114774226,51,"purple",3,5.9,1.44
"GOBP","GOBP_SYNAPSE_ASSEMBLY",-1.51101131632752,0.0148033731310828,53,"purple",3,5.7,1.44
"CELLTYPE","MANNO_MIDBRAIN_NEUROTYPES_HDA2",-1.3587199691201,0.0155432122755061,70,"purple",3,4.3,1.44
"GOBP","GOBP_EMBRYONIC_EPITHELIAL_TUBE_FORMATION",-1.61004376588615,0.0160688548730565,29,"purple",3,10.3,1.44
"GOBP","GOBP_NUCLEAR_RECEPTOR_MEDIATED_SIGNALING_PATHWAY",-1.55493102612131,0.0160688548730565,39,"purple",3,7.7,1.44
"GOBP","GOBP_CENTRAL_NERVOUS_SYSTEM_NEURON_DIFFERENTIATION",-1.523547732694,0.0247989253777513,28,"purple",3,10.7,1.44
"GOBP","GOBP_MATURATION_OF_5_8S_RRNA_FROM_TRICISTRONIC_RRNA_TRANSCRIPT_SSU_RRNA_5_8S_RRNA_LSU_RRNA",-1.79309406985458,0.0249070165918962,13,"purple",3,23.1,1.44
"GOBP","GOBP_REGULATION_OF_STEM_CELL_DIFFERENTIATION",-1.62969935964128,0.0249213184688312,24,"purple",3,12.5,1.44
"GOBP","GOBP_STRESS_GRANULE_ASSEMBLY",-1.7792336466534,0.0254290538747039,15,"purple",3,20,1.44
"REACTOME","REACTOME_TRNA_PROCESSING_IN_THE_NUCLEUS",-1.69431130503956,0.0268016803985402,13,"purple",3,23.1,1.44
"GOBP","GOBP_CYTOPLASMIC_MICROTUBULE_ORGANIZATION",-1.61226338107058,0.0285043170970396,17,"purple",3,17.6,1.44
"GOBP","GOBP_MORPHOGENESIS_OF_EMBRYONIC_EPITHELIUM",-1.52658990865217,0.031036687509577,30,"purple",3,10,1.44
"CELLTYPE","HE_LIM_SUN_FETAL_LUNG_C4_ILC3_CELL",-1.44221291434839,0.0311020902658297,18,"purple",3,16.7,1.44
"GOBP","GOBP_REGULATION_OF_NEURON_DIFFERENTIATION",-1.52789275704072,0.0314604564302605,24,"purple",3,12.5,1.44
"GOBP","GOBP_MATURATION_OF_5_8S_RRNA",-1.71127407256221,0.0317609401632085,16,"purple",3,18.8,1.44
"REACTOME","REACTOME_SLC_TRANSPORTER_DISORDERS",-1.65605277318454,0.0333970447963706,16,"purple",3,18.8,1.44
"REACTOME","REACTOME_SUMOYLATION_OF_UBIQUITINYLATION_PROTEINS",-1.69035809791397,0.0392745213135856,11,"purple",3,27.3,1.44
"GOBP","GOBP_TUBE_CLOSURE",-1.59289769244186,0.0407886426425078,25,"purple",3,12,1.44
"REACTOME","REACTOME_RNA_POLYMERASE_I_TRANSCRIPTION_INITIATION",-1.61303594561667,0.0455603620844378,15,"purple",3,20,1.44
"GOBP","GOBP_DNA_STRAND_ELONGATION",-1.64774996017807,0.0489367523284953,12,"purple",3,25,1.44
"CELLTYPE","RUBENSTEIN_SKELETAL_MUSCLE_MYELOID_CELLS",2.61984379193594,2.76967902367779e-47,212,"purple",2,0.9,0.96
"CELLTYPE","SU_HO_CONV_CENT_CHONDROSARCOMA_STROMAL_C2_GRANULATING_CANCER_ASSOCIATED_FIBROBLAST",2.34885408599127,1.99074487840672e-17,68,"purple",2,2.9,0.96
"CELLTYPE","TRAVAGLINI_LUNG_CAPILLARY_INTERMEDIATE_2_CELL",1.93862786760338,1.20414073033231e-12,154,"purple",2,1.3,0.96
"CELLTYPE","SU_HO_CONV_CENT_CHONDROSARCOMA_C3_CHONDROBLASTIC_OSTEOSARCOMA",1.76557461714855,4.24873198841382e-08,156,"purple",2,1.3,0.96
"CELLTYPE","SU_HO_CONV_CENT_CHONDROSARCOMA_LEUKOCYTE_C4_OSTEOCLAST",1.70162066207799,8.03720791163845e-08,166,"purple",2,1.2,0.96
"CELLTYPE","GAUTAM_EYE_IRIS_CILIARY_BODY_MELANOCYTES",1.84503680358864,1.98979614801119e-07,96,"purple",2,2.1,0.96
"CELLTYPE","LAKE_ADULT_KIDNEY_C9_THIN_ASCENDING_LIMB",1.76257359200877,4.90541810480761e-06,90,"purple",2,2.2,0.96
"CELLTYPE","LAKE_ADULT_KIDNEY_C8_DECENDING_THIN_LIMB",1.74502715840074,5.26882664871887e-06,80,"purple",2,2.5,0.96
"CELLTYPE","RUBENSTEIN_SKELETAL_MUSCLE_PERICYTES",1.87574579216569,1.94771700255665e-05,51,"purple",2,3.9,0.96
"CELLTYPE","LAKE_ADULT_KIDNEY_C14_DISTAL_CONVOLUTED_TUBULE",-1.74435753092082,8.2056555017671e-05,51,"purple",2,3.9,0.96
"CELLTYPE","MENON_FETAL_KIDNEY_5_PROXIMAL_TUBULE_CELLS",1.83554812883186,8.49886148234063e-05,30,"purple",2,6.7,0.96
"CELLTYPE","LAKE_ADULT_KIDNEY_C20_COLLECTING_DUCT_INTERCALATED_CELLS_TYPE_A_CORTEX",-1.80592145062855,0.000241578069958784,36,"purple",2,5.6,0.96
"GOBP","GOBP_PATTERN_SPECIFICATION_PROCESS",-1.64584652029347,0.000401561241360963,60,"purple",2,3.3,0.96
"CELLTYPE","BUSSLINGER_GASTRIC_PARIETAL_CELLS",1.61400655165273,0.000542045026108289,100,"purple",2,2,0.96
"CELLTYPE","LAKE_ADULT_KIDNEY_C22_ENDOTHELIAL_CELLS_GLOMERULAR_CAPILLARIES",-1.69038040955873,0.000544420267790045,36,"purple",2,5.6,0.96
"GOBP","GOBP_NEURON_PROJECTION_GUIDANCE",-1.8250085281647,0.000616939917236818,47,"purple",2,4.3,0.96
"CELLTYPE","TRAVAGLINI_LUNG_CD8_NAIVE_T_CELL",-1.65955799783387,0.000649626982699566,46,"purple",2,4.3,0.96
"REACTOME","REACTOME_FORMATION_OF_WDR5_CONTAINING_HISTONE_MODIFYING_COMPLEXES",-2.04948586772474,0.000761803979683234,19,"purple",2,10.5,0.96
"CELLTYPE","LAKE_ADULT_KIDNEY_C2_PODOCYTES",-1.63789844663953,0.000895658248314963,42,"purple",2,4.8,0.96
"CELLTYPE","MANNO_MIDBRAIN_NEUROTYPES_HNPROG",-1.65913739839042,0.00111512599662934,25,"purple",2,8,0.96
"GOBP","GOBP_VESICLE_ORGANIZATION",1.56632873532365,0.00118562844218796,111,"purple",2,1.8,0.96
"CELLTYPE","AIZARANI_LIVER_C5_NK_NKT_CELLS_3",-1.64967843525849,0.00123598862018495,44,"purple",2,4.5,0.96
"GOBP","GOBP_SOMATIC_STEM_CELL_POPULATION_MAINTENANCE",-2.02160732461956,0.00186345106190532,16,"purple",2,12.5,0.96
"REACTOME","REACTOME_TRANSCRIPTIONAL_REGULATION_BY_MECP2",-2.02766173320635,0.00204358017731355,14,"purple",2,14.3,0.96
"REACTOME","REACTOME_REGULATION_OF_MECP2_EXPRESSION_AND_ACTIVITY",-2.00697469465083,0.00253067282374653,11,"purple",2,18.2,0.96
"GOBP","GOBP_VIRAL_PROCESS",1.52561357517742,0.00383991885998302,71,"purple",2,2.8,0.96
"CELLTYPE","LAKE_ADULT_KIDNEY_C15_CONNECTING_TUBULE",-1.57955821717087,0.00423498814093675,36,"purple",2,5.6,0.96
"GOBP","GOBP_STEROID_HORMONE_RECEPTOR_SIGNALING_PATHWAY",-1.6945007740849,0.00466852619020084,30,"purple",2,6.7,0.96
"GOBP","GOBP_CONNECTIVE_TISSUE_DEVELOPMENT",-1.55003314148235,0.00488988445869567,57,"purple",2,3.5,0.96
"CELLTYPE","FAN_EMBRYONIC_CTX_BIG_GROUPS_CAJAL_RETZIUS",1.45260557564062,0.00554139328088634,107,"purple",2,1.9,0.96
"GOBP","GOBP_DETOXIFICATION",1.69262622066215,0.00660507256016806,47,"purple",2,4.3,0.96
"CELLTYPE","LAKE_ADULT_KIDNEY_C19_COLLECTING_DUCT_INTERCALATED_CELLS_TYPE_A_MEDULLA",1.45311368781832,0.00773750074300764,107,"purple",2,1.9,0.96
"GOBP","GOBP_CELLULAR_OXIDANT_DETOXIFICATION",1.75632204958714,0.0088939561832976,21,"purple",2,9.5,0.96
"GOBP","GOBP_REGULATION_OF_MIRNA_METABOLIC_PROCESS",-1.7431332774279,0.0102170211068313,21,"purple",2,9.5,0.96
"CELLTYPE","MANNO_MIDBRAIN_NEUROTYPES_HOMTN",-1.42808064075051,0.0110042063629915,36,"purple",2,5.6,0.96
"GOBP","GOBP_NEPHRON_DEVELOPMENT",-1.65849881870711,0.0116179323793546,28,"purple",2,7.1,0.96
"GOBP","GOBP_REGULATION_OF_INTRACELLULAR_STEROID_HORMONE_RECEPTOR_SIGNALING_PATHWAY",-1.73189818782163,0.0126631501480929,22,"purple",2,9.1,0.96
"GOBP","GOBP_SENSORY_ORGAN_MORPHOGENESIS",-1.53470134619394,0.0131275120681785,43,"purple",2,4.7,0.96
"GOBP","GOBP_P_BODY_ASSEMBLY",-1.87810964711748,0.0144932579250417,10,"purple",2,20,0.96
"CELLTYPE","FAN_OVARY_CL3_MATURE_CUMULUS_GRANULOSA_CELL_1",1.43388414140556,0.0148755588034823,64,"purple",2,3.1,0.96
"GOBP","GOBP_CELLULAR_RESPONSE_TO_TOXIC_SUBSTANCE",1.63526216138412,0.015788820474874,40,"purple",2,5,0.96
"CELLTYPE","RUBENSTEIN_SKELETAL_MUSCLE_SATELLITE_CELLS",1.41069827976071,0.0169757329163068,118,"purple",2,1.7,0.96
"GOBP","GOBP_RENAL_SYSTEM_DEVELOPMENT",-1.47591725329061,0.0169866866013631,66,"purple",2,3,0.96
"GOBP","GOBP_HORMONE_MEDIATED_SIGNALING_PATHWAY",-1.49198654784155,0.0170671682254831,39,"purple",2,5.1,0.96
"GOBP","GOBP_NUCLEAR_TRANSCRIBED_MRNA_CATABOLIC_PROCESS_DEADENYLATION_DEPENDENT_DECAY",-1.64049394676264,0.0201527625309906,19,"purple",2,10.5,0.96
"CELLTYPE","GAUTAM_EYE_CORNEA_CYTOTOXIC_T_CELLS",-1.39098850906073,0.0232363139812205,44,"purple",2,4.5,0.96
"GOBP","GOBP_POSITIVE_REGULATION_OF_MOLECULAR_FUNCTION",1.395831007589,0.0255175152135338,95,"purple",2,2.1,0.96
"GOBP","GOBP_GLUTAMINE_FAMILY_AMINO_ACID_METABOLIC_PROCESS",-1.70699548099224,0.0293432953624389,9,"purple",2,22.2,0.96
"GOBP","GOBP_PHOSPHATIDYLINOSITOL_METABOLIC_PROCESS",-1.47368065528245,0.031033525660864,30,"purple",2,6.7,0.96
"GOBP","GOBP_MICROTUBULE_NUCLEATION",-1.59074567946038,0.0327236982917012,23,"purple",2,8.7,0.96
"GOBP","GOBP_REGULATION_OF_MRNA_CATABOLIC_PROCESS",-1.41143949433045,0.0327236982917012,38,"purple",2,5.3,0.96
"GOBP","GOBP_NUCLEOLUS_ORGANIZATION",-1.76138750647665,0.0329731220830662,9,"purple",2,22.2,0.96
"GOBP","GOBP_SMAD_PROTEIN_SIGNAL_TRANSDUCTION",-1.57192840585682,0.0329731220830662,19,"purple",2,10.5,0.96
"CELLTYPE","LAKE_ADULT_KIDNEY_C18_COLLECTING_DUCT_PRINCIPAL_CELLS_MEDULLA",1.33653643681322,0.033832507217795,95,"purple",2,2.1,0.96
"GOBP","GOBP_EPIGENETIC_PROGRAMMING_OF_GENE_EXPRESSION",-1.70129326881563,0.0344543978387698,11,"purple",2,18.2,0.96
"REACTOME","REACTOME_FORMATION_OF_THE_CANONICAL_BAF_CBAF_COMPLEX",-1.71826046156949,0.0347785225818623,12,"purple",2,16.7,0.96
"CELLTYPE","GAUTAM_EYE_IRIS_CILIARY_BODY_SMOOTH_MUSCLE_CELLS",1.36902192548899,0.0360213767874151,87,"purple",2,2.3,0.96
"GOBP","GOBP_REGULATION_OF_EMBRYONIC_DEVELOPMENT",-1.5535857449635,0.0372211269519617,18,"purple",2,11.1,0.96
"GOBP","GOBP_MITOCHONDRIAL_DNA_METABOLIC_PROCESS",-1.74608706880074,0.0373459676977554,7,"purple",2,28.6,0.96
"GOBP","GOBP_REGULATION_OF_CHROMOSOME_CONDENSATION",-1.69252208112104,0.0380563761528971,10,"purple",2,20,0.96
"GOBP","GOBP_DNA_STRAND_ELONGATION_INVOLVED_IN_DNA_REPLICATION",-1.69003975749205,0.0384440096445978,5,"purple",2,40,0.96
"GOBP","GOBP_POSITIVE_REGULATION_OF_PLASMA_MEMBRANE_BOUNDED_CELL_PROJECTION_ASSEMBLY",-1.52227149842588,0.0397297938421586,24,"purple",2,8.3,0.96
"GOBP","GOBP_RESPONSE_TO_TOXIC_SUBSTANCE",1.45855413377598,0.0447816172459666,62,"purple",2,3.2,0.96
"REACTOME","REACTOME_DENGUE_VIRUS_INFECTION",1.34379594641095,0.0454739431292261,72,"purple",2,2.8,0.96
"GOBP","GOBP_REGULATION_OF_SMAD_PROTEIN_SIGNAL_TRANSDUCTION",-1.59906536787867,0.0457813579685353,15,"purple",2,13.3,0.96
"GOBP","GOBP_POSITIVE_REGULATION_OF_CILIUM_ASSEMBLY",-1.66826460545473,0.0462523370794105,8,"purple",2,25,0.96
"CELLTYPE","FAN_OVARY_CL13_MONOCYTE_MACROPHAGE",2.50957526963015,7.18083278877414e-46,255,"purple",1,0.4,0.48
"CELLTYPE","HAY_BONE_MARROW_NEUTROPHIL",2.49685750428577,1.32108270904013e-44,231,"purple",1,0.4,0.48
"CELLTYPE","TRAVAGLINI_LUNG_MACROPHAGE_CELL",2.54689314141999,9.99637563006079e-26,107,"purple",1,0.9,0.48
"CELLTYPE","TRAVAGLINI_LUNG_NONCLASSICAL_MONOCYTE_CELL",2.40118069427873,9.17564491526811e-21,104,"purple",1,1,0.48
"CELLTYPE","FAN_OVARY_CL7_ANGEIOGENIC_ENDOTHELIAL_CELL",2.34577601993983,4.19083420219936e-20,91,"purple",1,1.1,0.48
"CELLTYPE","HAY_BONE_MARROW_MONOCYTE",2.29264195991971,3.22034933976072e-18,112,"purple",1,0.9,0.48
"CELLTYPE","FAN_OVARY_CL18_B_LYMPHOCYTE",2.01877034972715,2.05280972493261e-16,184,"purple",1,0.5,0.48
"GOBP","GOBP_RESPONSE_TO_BACTERIUM",2.0401147792961,2.7641341348706e-16,145,"purple",1,0.7,0.48
"REACTOME","REACTOME_INTERFERON_SIGNALING",2.1829877773292,1.15654081350756e-14,87,"purple",1,1.1,0.48
"CELLTYPE","HAY_BONE_MARROW_IMMATURE_NEUTROPHIL",2.19661199682571,8.39031197578698e-14,77,"purple",1,1.3,0.48
"REACTOME","REACTOME_INTERFERON_GAMMA_SIGNALING",2.42857669427652,4.51604342345661e-13,47,"purple",1,2.1,0.48
"CELLTYPE","DESCARTES_FETAL_INTESTINE_LYMPHOID_CELLS",-2.28418573016056,7.34373802668218e-11,62,"purple",1,1.6,0.48
"CELLTYPE","TRAVAGLINI_LUNG_BRONCHIAL_VESSEL_2_CELL",2.00298075084021,3.24811004886811e-10,64,"purple",1,1.6,0.48
"CELLTYPE","HE_LIM_SUN_FETAL_LUNG_C2_APOE_POS_M2_MACROPHAGE_CELL",1.80669641222767,4.47195074119899e-10,97,"purple",1,1,0.48
"CELLTYPE","AIZARANI_LIVER_C28_NK_NKT_CELLS_6",-2.14534001057089,1.64867204667726e-07,29,"purple",1,3.4,0.48
"CELLTYPE","DESCARTES_MAIN_FETAL_THYMOCYTES",-2.14102047534329,6.3874946734592e-07,36,"purple",1,2.8,0.48
"CELLTYPE","MANNO_MIDBRAIN_NEUROTYPES_HDA1",-1.74600216994732,8.8867858235575e-07,102,"purple",1,1,0.48
"CELLTYPE","RUBENSTEIN_SKELETAL_MUSCLE_B_CELLS",1.85343922518821,1.39298821298403e-06,36,"purple",1,2.8,0.48
"CELLTYPE","LAKE_ADULT_KIDNEY_C10_THIN_ASCENDING_LIMB",1.72508797661326,1.48437882219416e-06,111,"purple",1,0.9,0.48
"CELLTYPE","FAN_EMBRYONIC_CTX_BIG_GROUPS_BRAIN_ENDOTHELIAL",1.7575595932345,1.62133673304793e-06,70,"purple",1,1.4,0.48
"CELLTYPE","SU_HO_FOETAL_FEMUR_C0_TRANSITIONING_CELL",1.87368684429241,2.23796715990209e-06,89,"purple",1,1.1,0.48
"GOBP","GOBP_RESPONSE_TO_MOLECULE_OF_BACTERIAL_ORIGIN",1.81041765672054,3.38057278827471e-06,74,"purple",1,1.4,0.48
"CELLTYPE","MANNO_MIDBRAIN_NEUROTYPES_HNBML1",-1.91581902290943,3.9280818330507e-06,50,"purple",1,2,0.48
"CELLTYPE","DESCARTES_MAIN_FETAL_CORNEAL_AND_CONJUNCTIVAL_EPITHELIAL_CELLS",1.850908758956,4.21395056198427e-06,48,"purple",1,2.1,0.48
"HALLMARK","HALLMARK_UV_RESPONSE_DN",-1.94636451272052,5.40346829794806e-06,43,"purple",1,2.3,0.48
"CELLTYPE","FAN_OVARY_CL4_T_LYMPHOCYTE_NK_CELL_1",1.74262412975494,1.04215089893099e-05,96,"purple",1,1,0.48
"CELLTYPE","DESCARTES_FETAL_SPLEEN_LYMPHOID_CELLS",-1.95310193670938,1.56666576995758e-05,52,"purple",1,1.9,0.48
"CELLTYPE","AIZARANI_LIVER_C14_HEPATOCYTES_2",1.85256552088035,3.67521250262198e-05,45,"purple",1,2.2,0.48
"CELLTYPE","HAY_BONE_MARROW_STROMAL",1.73719519508356,4.24593442341116e-05,45,"purple",1,2.2,0.48
"CELLTYPE","FAN_OVARY_CL6_PUTATIVE_EARLY_ATRETIC_FOLLICLE_THECAL_CELL_2",1.687863676848,4.25339047095548e-05,91,"purple",1,1.1,0.48
"CELLTYPE","AIZARANI_LIVER_C3_NK_NKT_CELLS_2",-1.74602777928248,6.20040792758709e-05,39,"purple",1,2.6,0.48
"REACTOME","REACTOME_AEROBIC_RESPIRATION_AND_RESPIRATORY_ELECTRON_TRANSPORT",1.76637432245916,7.30188656056951e-05,103,"purple",1,1,0.48
"HALLMARK","HALLMARK_ADIPOGENESIS",1.69948224763167,9.28262664431217e-05,68,"purple",1,1.5,0.48
"CELLTYPE","TRAVAGLINI_LUNG_BASOPHIL_MAST_2_CELL",1.50276685305484,0.000179145605850663,157,"purple",1,0.6,0.48
"GOBP","GOBP_PROTON_TRANSMEMBRANE_TRANSPORT",1.79088170966235,0.000308483930461741,70,"purple",1,1.4,0.48
"CELLTYPE","AIZARANI_LIVER_C11_HEPATOCYTES_1",1.72581781229299,0.000399420027736495,55,"purple",1,1.8,0.48
"CELLTYPE","FAN_OVARY_CL5_HEALTHY_SELECTABLE_FOLLICLE_THECAL_CELL",1.58363216895387,0.000413093618887839,50,"purple",1,2,0.48
"CELLTYPE","MANNO_MIDBRAIN_NEUROTYPES_BASAL",1.77215741945164,0.000649626982699566,26,"purple",1,3.8,0.48
"GOBP","GOBP_LYTIC_VACUOLE_ORGANIZATION",1.79411721634054,0.000674949886764758,54,"purple",1,1.9,0.48
"CELLTYPE","TRAVAGLINI_LUNG_BASOPHIL_MAST_1_CELL",1.56400584142497,0.000691420027133417,97,"purple",1,1,0.48
"CELLTYPE","TRAVAGLINI_LUNG_ALVEOLAR_EPITHELIAL_TYPE_1_CELL",1.54861639067756,0.000825833494349691,91,"purple",1,1.1,0.48
"CELLTYPE","LAKE_ADULT_KIDNEY_C21_COLLECTING_DUCT_INTERCALATED_CELLS_TYPE_B",-1.79776944093017,0.000891486904439973,26,"purple",1,3.8,0.48
"GOBP","GOBP_REACTIVE_OXYGEN_SPECIES_METABOLIC_PROCESS",1.67965591551896,0.00106534628059748,66,"purple",1,1.5,0.48
"CELLTYPE","RUBENSTEIN_SKELETAL_MUSCLE_FAP_CELLS",1.65918212113824,0.0012521938430873,55,"purple",1,1.8,0.48
"CELLTYPE","SU_HO_CONV_CENT_CHONDROSARCOMA_C7_PROLIFERATIVE",1.55880193138161,0.00196136500805289,59,"purple",1,1.7,0.48
"CELLTYPE","MANNO_MIDBRAIN_NEUROTYPES_HRN",-1.54711568216592,0.00201959658109717,52,"purple",1,1.9,0.48
"CELLTYPE","AIZARANI_LIVER_C1_NK_NKT_CELLS_1",-1.52576619278986,0.00212056074462754,49,"purple",1,2,0.48
"GOBP","GOBP_PROTEIN_MATURATION",1.46603394739243,0.00225849843290919,107,"purple",1,0.9,0.48
"REACTOME","REACTOME_DETOXIFICATION_OF_REACTIVE_OXYGEN_SPECIES",1.86832868230596,0.00253067282374653,14,"purple",1,7.1,0.48
"GOBP","GOBP_MESONEPHROS_DEVELOPMENT",-1.92070390982969,0.00293291672643105,21,"purple",1,4.8,0.48
"CELLTYPE","LAKE_ADULT_KIDNEY_C6_PROXIMAL_TUBULE_EPITHELIAL_CELLS_FIBRINOGEN_POS_S3",1.60501036811911,0.00312544568071337,32,"purple",1,3.1,0.48
"CELLTYPE","DURANTE_ADULT_OLFACTORY_NEUROEPITHELIUM_FIBROBLASTS_STROMAL_CELLS",1.79939589903481,0.00318208288699143,16,"purple",1,6.2,0.48
"CELLTYPE","LAKE_ADULT_KIDNEY_C26_MESANGIAL_CELLS",-1.50362600558737,0.00352199859750251,46,"purple",1,2.2,0.48
"CELLTYPE","FAN_EMBRYONIC_CTX_BRAIN_NAIVE_LIKE_T_CELL",-1.48866830643818,0.00362590109055766,59,"purple",1,1.7,0.48
"CELLTYPE","SU_HO_CONV_CENT_CHONDROSARCOMA_STROMAL_C4_CANCER_ASSOCIATED_FIBROBLAST",1.59331796926094,0.00369678086049559,54,"purple",1,1.9,0.48
"GOBP","GOBP_NEGATIVE_REGULATION_OF_INTRACELLULAR_STEROID_HORMONE_RECEPTOR_SIGNALING_PATHWAY",-1.92829715941878,0.00392066589629725,13,"purple",1,7.7,0.48
"HALLMARK","HALLMARK_WNT_BETA_CATENIN_SIGNALING",-1.69812862398099,0.00550147643299464,10,"purple",1,10,0.48
"GOBP","GOBP_POSITIVE_REGULATION_OF_PROGRAMMED_CELL_DEATH",1.43740069924662,0.00552999347156657,90,"purple",1,1.1,0.48
"REACTOME","REACTOME_CELLULAR_RESPONSE_TO_CHEMICAL_STRESS",1.6210539508636,0.00590410400317314,66,"purple",1,1.5,0.48
"CELLTYPE","HU_FETAL_RETINA_FIBROBLAST",1.46257562422772,0.00598877675149188,75,"purple",1,1.3,0.48
"REACTOME","REACTOME_ANTIMICROBIAL_MECHANISM_OF_IFN_STIMULATED_GENES",1.60840987700812,0.00619245029130796,34,"purple",1,2.9,0.48
"REACTOME","REACTOME_IRON_UPTAKE_AND_TRANSPORT",1.76544064418502,0.00681183104381897,26,"purple",1,3.8,0.48
"CELLTYPE","LAKE_ADULT_KIDNEY_C25_ENDOTHELIAL_CELLS_UNASSIGNED",-1.75845771742015,0.00702741850383178,9,"purple",1,11.1,0.48
"CELLTYPE","GAUTAM_EYE_IRIS_CILIARY_BODY_WIF1_HIGH_FIBROBLASTS",1.62949296536978,0.00737433281587847,21,"purple",1,4.8,0.48
"GOBP","GOBP_NEGATIVE_REGULATION_OF_TRANSPORT",1.49953729157753,0.0075302990276454,76,"purple",1,1.3,0.48
"GOBP","GOBP_RESPONSE_TO_OXIDATIVE_STRESS",1.46021148546453,0.00793648134574455,94,"purple",1,1.1,0.48
"CELLTYPE","BUSSLINGER_GASTRIC_LYZ_POSITIVE_CELLS",1.57900544597598,0.00797968385731568,7,"purple",1,14.3,0.48
"REACTOME","REACTOME_DEACTIVATION_OF_THE_BETA_CATENIN_TRANSACTIVATING_COMPLEX",-1.89398337057256,0.00803133535402598,10,"purple",1,10,0.48
"CELLTYPE","MANNO_MIDBRAIN_NEUROTYPES_HNBM",-1.4859624172646,0.00840406832671204,44,"purple",1,2.3,0.48
"GOBP","GOBP_MIRNA_TRANSCRIPTION",-1.73748795157089,0.00855995312034715,20,"purple",1,5,0.48
"CELLTYPE","DURANTE_ADULT_OLFACTORY_NEUROEPITHELIUM_RESPIRATORY_CILIATED_CELLS",1.61337793536784,0.00869444731244311,18,"purple",1,5.6,0.48
"GOBP","GOBP_MESONEPHRIC_TUBULE_MORPHOGENESIS",-1.85411813690722,0.00978742463725241,12,"purple",1,8.3,0.48
"CELLTYPE","GAUTAM_EYE_IRIS_CILIARY_BODY_MGP_HIGH_FIBROBLASTS",1.58543465602947,0.0104743110137778,14,"purple",1,7.1,0.48
"GOBP","GOBP_KIDNEY_EPITHELIUM_DEVELOPMENT",-1.72375928897294,0.0109414464190008,23,"purple",1,4.3,0.48
"GOBP","GOBP_EMBRYONIC_ORGAN_MORPHOGENESIS",-1.53605322394738,0.0120257902630094,57,"purple",1,1.8,0.48
"CELLTYPE","DESCARTES_MAIN_FETAL_LYMPHOID_CELLS",-1.44825175477313,0.0124887208830706,27,"purple",1,3.7,0.48
"CELLTYPE","MANNO_MIDBRAIN_NEUROTYPES_HDA",-1.36175363149868,0.012702913988807,70,"purple",1,1.4,0.48
"GOBP","GOBP_PURINE_CONTAINING_COMPOUND_METABOLIC_PROCESS",1.38373421901823,0.0130202089231162,161,"purple",1,0.6,0.48
"CELLTYPE","MENON_FETAL_KIDNEY_8_CONNECTING_TUBULE_CELLS",1.45707507321313,0.0130636986914512,73,"purple",1,1.4,0.48
"GOBP","GOBP_VACUOLE_ORGANIZATION",1.47747054121339,0.0131275120681785,70,"purple",1,1.4,0.48
"GOBP","GOBP_NUCLEOBASE_BIOSYNTHETIC_PROCESS",-1.80229267413152,0.0132223606585709,10,"purple",1,10,0.48
"REACTOME","REACTOME_SARS_COV_1_INFECTION",1.55315022692361,0.0142772576560062,27,"purple",1,3.7,0.48
"CELLTYPE","MURARO_PANCREAS_DELTA_CELL",-1.44787985431634,0.014693087316041,39,"purple",1,2.6,0.48
"GOBP","GOBP_PURINE_CONTAINING_COMPOUND_BIOSYNTHETIC_PROCESS",1.51060141886813,0.01516875375051,92,"purple",1,1.1,0.48
"REACTOME","REACTOME_ROS_AND_RNS_PRODUCTION_IN_PHAGOCYTES",1.76561322023199,0.0152230818162746,14,"purple",1,7.1,0.48
"GOBP","GOBP_PHOSPHATIDYLINOSITOL_MEDIATED_SIGNALING",-1.79303746075902,0.0156548691654716,6,"purple",1,16.7,0.48
"GOBP","GOBP_TELENCEPHALON_DEVELOPMENT",-1.44663516437918,0.0156548691654716,54,"purple",1,1.9,0.48
"GOBP","GOBP_REGULATION_OF_NUCLEAR_TRANSCRIBED_MRNA_CATABOLIC_PROCESS_DEADENYLATION_DEPENDENT_DECAY",-1.86628676390992,0.0160688548730565,9,"purple",1,11.1,0.48
"CELLTYPE","FAN_OVARY_CL11_MURAL_GRANULOSA_CELL",1.33261993554555,0.0183321357901871,74,"purple",1,1.4,0.48
"CELLTYPE","GAUTAM_EYE_CORNEA_ELF3_HIGH_EPITHELIAL_CELLS",1.49304597798332,0.0193272031271369,48,"purple",1,2.1,0.48
"GOBP","GOBP_MIRNA_PROCESSING",-1.75396049846754,0.019642946359659,11,"purple",1,9.1,0.48
"GOBP","GOBP_RESPONSE_TO_ENDOPLASMIC_RETICULUM_STRESS",1.46565947838109,0.0202118791218591,67,"purple",1,1.5,0.48
"CELLTYPE","HE_LIM_SUN_FETAL_LUNG_C4_CD8_T_CELL",-1.60030129773491,0.0216024660915004,23,"purple",1,4.3,0.48
"GOBP","GOBP_CARDIAC_CELL_DEVELOPMENT",-1.71884648681299,0.0232706042337407,18,"purple",1,5.6,0.48
"REACTOME","REACTOME_PKR_MEDIATED_SIGNALING",1.64790444163426,0.0235902765475807,13,"purple",1,7.7,0.48
"REACTOME","REACTOME_FOXO_MEDIATED_TRANSCRIPTION_OF_OXIDATIVE_STRESS_METABOLIC_AND_NEURONAL_GENES",-1.81129359198136,0.0238030446870364,9,"purple",1,11.1,0.48
"GOBP","GOBP_NUCLEOSIDE_PHOSPHATE_BIOSYNTHETIC_PROCESS",1.47004132436183,0.025403784956825,106,"purple",1,0.9,0.48
"GOBP","GOBP_HOST_MEDIATED_PERTURBATION_OF_VIRAL_TRANSCRIPTION",-1.80567138524919,0.0275574381512612,10,"purple",1,10,0.48
"GOBP","GOBP_HOST_MEDIATED_ACTIVATION_OF_VIRAL_TRANSCRIPTION",-1.81267427616618,0.0277694100179686,8,"purple",1,12.5,0.48
"REACTOME","REACTOME_DISORDERS_OF_DEVELOPMENTAL_BIOLOGY",-1.74027064444715,0.0286786249815215,6,"purple",1,16.7,0.48
"GOBP","GOBP_BONE_DEVELOPMENT",-1.44048562134882,0.02915420318015,32,"purple",1,3.1,0.48
"GOBP","GOBP_NUCLEAR_TRANSCRIBED_MRNA_POLY_A_TAIL_SHORTENING",-1.74118403710556,0.0299624434347091,13,"purple",1,7.7,0.48
"GOBP","GOBP_REGULATION_OF_ANDROGEN_RECEPTOR_SIGNALING_PATHWAY",-1.72760920871217,0.031501608936941,14,"purple",1,7.1,0.48
"GOBP","GOBP_HYDROGEN_PEROXIDE_METABOLIC_PROCESS",1.65585135877726,0.0315620561464242,12,"purple",1,8.3,0.48
"REACTOME","REACTOME_TRANSCRIPTIONAL_REGULATION_OF_BROWN_AND_BEIGE_ADIPOCYTE_DIFFERENTIATION",-1.75973560647891,0.0324840395499374,9,"purple",1,11.1,0.48
"CELLTYPE","DURANTE_ADULT_OLFACTORY_NEUROEPITHELIUM_MAST_CELLS",1.47100594640537,0.0332799518710003,29,"purple",1,3.4,0.48
"GOBP","GOBP_RESPONSE_TO_TOPOLOGICALLY_INCORRECT_PROTEIN",1.47275772244639,0.0338155964325945,34,"purple",1,2.9,0.48
"CELLTYPE","HU_FETAL_RETINA_RGC",1.33572183077386,0.0339894719376318,79,"purple",1,1.3,0.48
"GOBP","GOBP_NUCLEAR_PORE_ORGANIZATION",-1.70660255100009,0.0350678283545614,9,"purple",1,11.1,0.48
"GOBP","GOBP_APOPTOTIC_SIGNALING_PATHWAY",1.32981865279784,0.0350678283545614,101,"purple",1,1,0.48
"GOBP","GOBP_ANDROGEN_RECEPTOR_SIGNALING_PATHWAY",-1.69488738820406,0.0351579671197636,21,"purple",1,4.8,0.48
"GOBP","GOBP_FEMALE_MEIOTIC_NUCLEAR_DIVISION",-1.74109217417345,0.0372504702401833,7,"purple",1,14.3,0.48
"GOBP","GOBP_CANONICAL_WNT_SIGNALING_PATHWAY",-1.34909138001731,0.0373556077158121,60,"purple",1,1.7,0.48
"GOBP","GOBP_POSITIVE_REGULATION_OF_PROTEIN_MODIFICATION_PROCESS",1.3882896870839,0.0383100009513325,63,"purple",1,1.6,0.48
"REACTOME","REACTOME_METABOLISM_OF_VITAMINS_AND_COFACTORS",1.4397297869158,0.0431730684033945,27,"purple",1,3.7,0.48
"REACTOME","REACTOME_TRANSFERRIN_ENDOCYTOSIS_AND_RECYCLING",1.62848557600326,0.0440591614819108,15,"purple",1,6.7,0.48
"CELLTYPE","LAKE_ADULT_KIDNEY_C3_PROXIMAL_TUBULE_EPITHELIAL_CELLS_S1_S2",-1.32860908936682,0.0476023686099135,50,"purple",1,2,0.48
"GOBP","GOBP_RENAL_TUBULE_DEVELOPMENT",-1.58435964637657,0.0488101363516308,12,"purple",1,8.3,0.48
"GOBP","GOBP_SOMITE_DEVELOPMENT",-1.58596449821325,0.0495288123454902,18,"purple",1,5.6,0.48
