"Gene","Network_Name","Ensembl","log2FC","FDR","Module","Module_Name","MM","Gene_Significance","PPI_Degree","PPI_Betweenness","RWR_score","Diffusion_score","Top_Pathway"
"IFITM3","IFITM3","ENSG00000142089",1.96765121828456,4.3877809587372e-12,"blue",NA,-0.797003446212277,0.684733624476957,60,0.00177537031245321,0.00538436149069574,0.00508624697317455,NA
"HP","HP","ENSG00000257017",1.45789782224954,1.62393827787481e-09,"blue",NA,-0.676683690353276,0.555142503824136,18,0.00172920434367637,0.00507895079935158,0.00446395084553053,NA
"IFITM1","IFITM1","ENSG00000185885",1.22684336081845,6.51090976599441e-11,"blue",NA,-0.802651545674786,0.626140624935432,67,0.00104791551235023,0.00506155142575557,0.00493003031674649,NA
"PSMB9","PSMB9","ENSG00000240065",1.23632968550582,4.6470287932212e-19,"blue",NA,-0.918830425479079,0.702684616494853,87,0.0068529923241058,0.00502507479447511,0.00459987313704331,NA
"LRRN3","LRRN3","ENSG00000173114",-1.21109789046397,0.000109845104887948,"blue",NA,0.723282456598871,-0.521102561676887,6,0.00169545103130818,0.00449249705484811,0.00412011295225372,NA
"AIF1","AIF1","ENSG00000204472",1.08898172399661,3.10916498775041e-11,"blue",NA,-0.897553390507955,0.555059855119853,39,0.00395145023571903,0.00431151895805573,0.0040015464810022,NA
"C14orf132","C14orf132","ENSG00000227051",-1.01947199346496,4.51344818573719e-06,"blue",NA,0.714854618449119,-0.559157424166731,1,0,0.00421940929055968,0.00421940929055968,NA
"S100A9","S100A9","ENSG00000163220",1.46754662997418,2.81536032059661e-15,"blue",NA,-0.882174082323709,0.672734401596355,21,0.000970472806714087,0.00417865137647175,0.00409313619034678,NA
"S100A8","S100A8","ENSG00000143546",1.80705354831481,9.47718314652184e-13,"blue",NA,-0.757564088316654,0.588098641760283,18,0.00103022804816364,0.00399855286687249,0.0039626161286993,NA
"CAMP","CAMP","ENSG00000164047",1.30925629092634,1.76932091980403e-06,"blue",NA,-0.681908191967885,0.438294514068015,16,0.000498070563036086,0.00399558385052098,0.00408500275295784,NA
"ASGR1","ASGR1","ENSG00000141505",1.11201506663664,1.44345927676286e-10,"blue",NA,-0.794542183357379,0.561689682349053,6,0.00209907577422218,0.00392493726310989,0.00385876202109264,NA
"CSTA","CSTA","ENSG00000121552",1.17182743667489,3.63292984147633e-10,"blue",NA,-0.775000550097638,0.558334078800734,11,0.000109806099617535,0.00386532155146738,0.00406287694363955,NA
"ASGR2","ASGR2","ENSG00000161944",1.1299304787443,1.66676853278321e-09,"blue",NA,-0.76793762962938,0.518271974217311,3,0.00124207344203615,0.00384825897035135,0.00399843333652638,NA
"GADD45G","GADD45G","ENSG00000130222",1.05763723283564,1.85603315137175e-07,"blue",NA,-0.704834981595854,0.507958462819357,10,0.000249763053172873,0.00382381744110125,0.00381182076645713,NA
"MCEMP1","MCEMP1","ENSG00000183019",1.1038849221799,2.32711862802468e-08,"blue",NA,-0.728767582000229,0.582736399327658,6,8.47449304715301e-05,0.00380362669975538,0.00390247388409328,NA
"PSMB10","PSMB10","ENSG00000205220",1.04023912063253,1.72402266936094e-13,"blue",NA,-0.866526534609428,0.622369843304096,39,0.000904705800579865,0.00372688350442767,0.00379228697038832,NA
"NELL2","NELL2","ENSG00000184613",-1.20398908309242,1.67201398913887e-11,"blue",NA,0.790215676087473,-0.66475666107858,2,3.22911780891137e-05,0.00367534415806122,0.00390104685960029,NA
"CD151","CD151","ENSG00000177697",1.00678129557191,5.93382350387479e-09,"blue",NA,-0.765169947609249,0.510618232405914,11,0.000500890460453726,0.00363531391301505,0.00371724235236425,NA
"GADD45B","GADD45B","ENSG00000099860",1.0392702272569,1.40054409524552e-20,"blue",NA,-0.891175043282165,0.7289621332692,13,0.000439479941623764,0.00358304857336174,0.00360879992594985,NA
"NPC2","NPC2","ENSG00000119655",1.17891509335753,2.44981540964871e-18,"blue",NA,-0.939388021043589,0.690914753024037,17,0.000776846818634153,0.00351937116863662,0.0034912510449274,NA
"G0S2","G0S2","ENSG00000123689",1.26188647897502,5.27928464581702e-07,"blue",NA,-0.624338341086175,0.476797189424763,5,7.68877334093544e-05,0.00351018126108037,0.0037126789840488,NA
"COL4A3","COL4A3","ENSG00000169031",-1.07523924487771,1.69334946551518e-05,"blue",NA,0.691783053548392,-0.494827014868392,9,0.00038705835188213,0.00349351667937039,0.00354704415839055,NA
"TYMP","TYMP","ENSG00000025708",1.33135203749904,2.32965757165349e-17,"blue",NA,-0.91566007830162,0.682331305451772,10,0.000294383612817366,0.00348476870479801,0.00376751765186822,NA
"MSRB2","MSRB2","ENSG00000148450",1.17931772083257,5.39982346645116e-13,"blue",NA,-0.906216224612344,0.606369050449503,8,0.000177293362205336,0.00342406775123243,0.00348985026026569,NA
"BLVRA","BLVRA","ENSG00000106605",1.23044350189485,4.11022785993312e-18,"blue",NA,-0.843075517805183,0.677156498208597,2,1.34082813166576e-05,0.00338899093952388,0.00364755744664957,NA
"SECTM1","SECTM1","ENSG00000141574",1.35341358878059,3.68241942394273e-18,"blue",NA,-0.89011176138244,0.69914895414773,2,0.000108068546698001,0.00338826556396846,0.00361598992073866,NA
"TMEM30B","TMEM30B","ENSG00000182107",-1.00232480515482,7.08584743036782e-07,"blue",NA,0.779049118258064,-0.525479375573604,6,0.000499349786383827,0.00337612138609519,0.00338464555033439,NA
"ADAM23","ADAM23","ENSG00000114948",-1.03635283870285,6.45765705409938e-05,"blue",NA,0.751477957827961,-0.546214330176112,3,0.000268069529612369,0.00335657161812644,0.00336543817111022,NA
"RAB13","RAB13","ENSG00000143545",1.14793515512166,1.44088555763498e-10,"blue",NA,-0.609768640940426,0.50920912051025,12,0.000400845225516216,0.00334001261030306,0.00331667995472409,NA
"VPS9D1","VPS9D1","ENSG00000075399",1.11681908897516,7.26563704474017e-17,"blue",NA,-0.827615984043213,0.69602485806818,2,3.23080586017212e-05,0.00331489431740709,0.00332135032741981,NA
"KYNU","KYNU","ENSG00000115919",1.2737434784712,3.49967521256795e-21,"blue",NA,-0.690868420956942,0.730110685114759,8,0.00077083756440426,0.00330449906420967,0.00337543312388128,NA
"GSTO1","GSTO1","ENSG00000148834",1.07858780231647,1.68795744877027e-19,"blue",NA,-0.883923666722227,0.705083364652765,10,0.000217988977684746,0.00327614881034771,0.00329878862838475,NA
"RAB24","RAB24","ENSG00000169228",1.06789539561334,2.47125789871152e-17,"blue",NA,-0.909545824918177,0.684277793839547,5,5.13497883198885e-05,0.00324447851754141,0.00326559377996915,NA
"KLHDC8B","KLHDC8B","ENSG00000185909",1.02393347959957,4.21824193950229e-10,"blue",NA,-0.802031799700583,0.567412856138299,1,0,0.00324262143218723,0.00324833508783287,NA
"PTCRA","PTCRA","ENSG00000171611",1.11156193175338,7.88485693299399e-09,"blue",NA,-0.803133059089532,0.513452356547015,8,1.0053799489449e-05,0.00322225253563672,0.00325615616141631,NA
"HSD3B7","HSD3B7","ENSG00000099377",1.10501499162134,6.50858670369481e-10,"blue",NA,-0.712876251386025,0.522893438041183,4,0.00013730950833285,0.00321656820606702,0.00324775317193768,NA
"MILR1","MILR1","ENSG00000271605",1.11001986639442,5.59391525346261e-13,"blue",NA,-0.712360650018217,0.580668890301659,1,0,0.00321529934642409,0.00324937833119282,NA
"MYC","MYC","ENSG00000136997",-0.458262144483483,7.35649059013289e-06,"blue",NA,0.686587262438033,-0.506236099515637,223,0.090307569623114,0.00251238066116711,0.000796959056467791,NA
"CTSS","CTSS","ENSG00000163131",0.579617580991356,4.82989073168689e-11,"blue",NA,-0.721110807218729,0.629209127411004,60,0.00842968097641352,0.0021619022942249,0.00128104327786739,NA
"BCL2","BCL2","ENSG00000171791",-0.678575309841933,3.38053483311469e-08,"blue",NA,0.922077839973311,-0.578827167990877,130,0.0298785198474843,0.00211162261944228,0.000832160724742322,NA
"CASK","CASK","ENSG00000147044",-0.396019589374813,0.000576017218981432,"blue",NA,0.821801462744799,-0.42006970975619,21,0.00316053385410692,0.00199798079913827,0.000624481018607338,NA
"CD300A","CD300A","ENSG00000167851",0.653903005434889,1.41632318974414e-11,"blue",NA,-0.884396922370478,0.628976345537467,19,0.00157532192966045,0.00192821060714889,0.000739455552901585,NA
"EHBP1","EHBP1","ENSG00000115504",-0.392191695882394,1.53512045931899e-05,"blue",NA,0.749719556948306,-0.456937920801317,6,0.00147811651730373,0.00184917928257434,0.000816721196213553,NA
"NEO1","NEO1","ENSG00000067141",-0.654544938916471,6.11789387249811e-06,"blue",NA,0.657675693516908,-0.550304274076255,10,0.00165143248650727,0.001762572526162,0.000685469008217627,NA
"FOXP3","FOXP3","ENSG00000049768",-0.440167364351993,0.00296439899563584,"blue",NA,0.387587983677192,-0.350382916640581,79,0.00392053582618981,0.00171706816060154,0.000825989565619212,NA
"ANXA5","ANXA5","ENSG00000164111",0.540493279782642,2.25526802708064e-08,"blue",NA,-0.782172059021647,0.526866163773327,67,0.00697505815598932,0.00154748760321043,0.000805848738162051,NA
"LGALS3","LGALS3","ENSG00000131981",0.568727533814091,0.00010265463268946,"blue",NA,-0.715662570751508,0.372067548703618,51,0.00908581585023422,0.00153141641981282,0.00104573164541634,NA
"PSMB8","PSMB8","ENSG00000204264",0.916702184904505,4.64395577715295e-17,"blue",NA,-0.932179066946916,0.683227300445513,71,0.0031822925010318,0.00149560360235614,0.00129712320732038,NA
"HLA-A","HLA-A","ENSG00000206503",0.80207898160305,1.59900883681217e-11,"blue",NA,-0.888419084818444,0.594601523977283,60,0.00481282749934194,0.00137454754078298,0.000994166941364709,NA
"IL7R","IL7R","ENSG00000168685",-0.784706930915415,3.53961526278939e-07,"blue",NA,0.933285129210882,-0.583319379554004,76,0.00531475249520346,0.00126960542415727,0.000691684267216047,NA
"HK3","HK3","ENSG00000160883",0.842109722287046,4.169793840914e-14,"blue",NA,-0.83798325874046,0.66976327293772,12,0.000780140803101898,0.00126323840459636,0.00106928493086012,NA
"CCR7","CCR7","ENSG00000126353",-0.480558492031735,0.00102408794279146,"blue",NA,0.533781906942516,-0.429843957116422,76,0.00440635912737535,0.00123315328304593,0.000749335336698977,NA
"LGALS9","LGALS9","ENSG00000168961",0.791865919068232,1.75367094331301e-06,"blue",NA,-0.724675305637016,0.50013577383295,46,0.00174453601455237,0.00122799175838377,0.00109656075759634,NA
"CD40LG","CD40LG","ENSG00000102245",-0.661640625963198,4.44329661360876e-06,"blue",NA,0.58832377330875,-0.518562204287828,73,0.00354295127466712,0.00122293227154136,0.000751056576840575,NA
"HLA-B","HLA-B","ENSG00000234745",0.673516015433948,5.4075757234093e-10,"blue",NA,-0.9226010156399,0.577885920174527,58,0.00432605073128012,0.00118695059033322,0.000987478356294029,NA
"NPC1","NPC1","ENSG00000141458",-0.281408930726428,0.000301076723716831,"blue",NA,0.61523411594847,-0.439114026909037,16,0.00171884787738693,0.00117220220510162,0.000638123108910545,NA
"GALK1","GALK1","ENSG00000108479",0.707494530783666,3.63849127663116e-08,"blue",NA,-0.887389146837134,0.518943637210154,7,0.000375937121438739,0.0011669281518975,0.00083068221965571,NA
"TRAT1","TRAT1","ENSG00000163519",-0.367033732056373,0.0220439472505593,"blue",NA,0.774491413695175,-0.290073297398888,54,0.00590842021572793,0.00116431170179677,0.000819756696583173,NA
"CTSD","CTSD","ENSG00000117984",0.61150725892649,4.51344818573719e-06,"blue",NA,-0.838279563128961,0.450496354343339,38,0.0055147807262924,0.00114160301661408,0.000790399574205304,NA
"EEIG1","FAM102A","ENSG00000167106",-0.851331024151386,4.31709445172269e-11,"blue",NA,0.765973734720134,-0.637342506550133,4,0.00114637012462806,0.00109129953171873,0.000802157868252781,NA
"HLA-C","HLA-C","ENSG00000204525",0.745059107442598,2.1955178754511e-08,"blue",NA,-0.888736624101861,0.529780492898624,43,0.00172022022829727,0.00108121488257964,0.000899566211757924,NA
"SHFL","SHFL","ENSG00000130813",0.413041353597985,0.0021513474179319,"blue",NA,-0.585003980050755,0.338691429046379,37,0.000133379320625236,0.00106421853184847,0.00139921569382257,NA
"SMAD3","SMAD3","ENSG00000166949",-0.387729177369698,4.46240002519111e-07,"blue",NA,0.763942554208551,-0.542964093190512,70,0.0134801531127976,0.00101464129260333,0.000539451957670664,NA
"RAB11A","RAB11A","ENSG00000103769",0.230638315424509,0.00010562376497113,"blue",NA,-0.735411113587571,0.454755469938789,52,0.0162726330997543,0.00100141040542427,0.000346686272934439,NA
"TSPO","TSPO","ENSG00000100300",0.676278813450091,3.70849190882795e-06,"blue",NA,-0.861585796714243,0.442989054948584,11,0.00127858568006065,0.000996937648482332,0.000604267273008403,NA
"DLG4","DLG4","ENSG00000132535",0.360026378069257,0.000600639446631694,"blue",NA,-0.592143652390371,0.385454389278566,52,0.0156295347872017,0.00096661879138005,0.000336300758209629,NA
"POLR3A","POLR3A","ENSG00000148606",-0.230294793013506,0.000861793227134243,"blue",NA,0.62427447382209,-0.384526545109855,49,0.00396806294506728,0.000961093679659267,0.000252135539780425,NA
"TNFAIP2","TNFAIP2","ENSG00000185215",0.384286614864606,1.19076167709546e-05,"blue",NA,-0.739375893414742,0.48188528794765,3,8.60977257401741e-05,0.000959361083126513,0.000980690224241243,NA
"IL12RB1","IL12RB1","ENSG00000096996",0.473395895920637,9.83791839635213e-10,"blue",NA,-0.643677825069409,0.576469304235122,34,0.00148375877851037,0.000953189588346099,0.000618352594294075,NA
"SELL","SELL","ENSG00000188404",0.677470566272561,4.9595564431455e-07,"blue",NA,-0.770426356325462,0.536654354442116,64,0.00388510660877033,0.000951608576504211,0.000680295006125705,NA
"LCK","LCK","ENSG00000182866",-0.336419632596394,8.95302968178051e-05,"blue",NA,0.469376751673048,-0.463681971635609,85,0.0109073007766329,0.000946843161789266,0.00050311566777429,NA
"TRAF1","TRAF1","ENSG00000056558",-0.53279793667329,9.43301580411153e-07,"blue",NA,0.865270919083449,-0.543651931428162,30,0.00081940831094155,0.000944558043237016,0.000664886265524657,NA
"TRAPPC3","TRAPPC3","ENSG00000054116",0.353358685536123,4.60543098263433e-07,"blue",NA,-0.841426176733932,0.508223739827243,10,0.00139433666243251,0.000908103408249855,0.000443038757497725,NA
"ATM","ATM","ENSG00000149311",-0.417871371054223,0.00054998168412085,"blue",NA,0.878349106225869,-0.449127783833184,102,0.0143236938447183,0.000905319847700203,0.000458456031976626,NA
"BTK","BTK","ENSG00000010671",0.367890150915639,3.42526150707484e-09,"blue",NA,-0.801315741839267,0.57508674248999,57,0.00728641177422094,0.000897060844403395,0.00054477296855613,NA
"ZMYND15","ZMYND15","ENSG00000141497",0.663127997957326,2.17253269272069e-05,"blue",NA,-0.729570337369188,0.453816584781317,3,2.75876068616377e-05,0.000894552408133079,0.000785439895075115,NA
"H3-3B","H3-3B","ENSG00000132475",0.507962287201642,6.46742228928762e-07,"blue",NA,-0.836574309994936,0.514019486375545,133,0.0236296483621555,0.00089185341457067,0.000385198098257707,NA
"GPR15","GPR15","ENSG00000154165",-0.474744190331839,0.0479552676640061,"blue",NA,0.645550742131816,-0.345894563330555,5,0.00211010532238047,0.000886422515015122,0.00092572655581777,NA
"MRPL33","MRPL33","ENSG00000243147",0.485025250469065,3.35242113976619e-06,"blue",NA,-0.686221076912499,0.478318348852049,29,0.00251401130097222,0.000885952348192757,0.000486736758901449,NA
"HSPG2","HSPG2","ENSG00000142798",-0.562045244985105,0.000472308681941125,"blue",NA,0.583421609341038,-0.433313837858359,18,0.00353568134436455,0.000880123497130887,0.000750657999700348,NA
"HLA-E","HLA-E","ENSG00000204592",0.540581794799342,1.05704994765093e-08,"blue",NA,-0.881122786732753,0.555126645073244,56,0.00260133475775851,0.000869310414072544,0.00070704860895631,NA
"CFP","CFP","ENSG00000126759",0.520312682409353,6.2318781528807e-05,"blue",NA,-0.889815490306892,0.416494177292087,12,0.000902513771034276,0.00086825052212407,0.00097790544034335,NA
"CD27","CD27","ENSG00000139193",-0.411990892725694,0.000745778858065075,"blue",NA,0.291677049012222,-0.387303048109709,72,0.00216593871916784,0.000858596838249436,0.000562319279771607,NA
"PLCG1","PLCG1","ENSG00000124181",-0.657596033239189,6.72925978398478e-10,"blue",NA,0.864353262226614,-0.623409580621407,68,0.0139871772793802,0.000853272683902813,0.000569824400348566,NA
"TXN","TXN","ENSG00000136810",0.96080254340395,7.18602035893847e-13,"blue",NA,-0.863439911434643,0.625691223944199,50,0.0101183538818452,0.000847219742533431,0.000451987971977568,NA
"CD28","CD28","ENSG00000178562",-0.688261796369047,7.91608588273483e-07,"blue",NA,0.881916443466838,-0.559732139819816,79,0.00494862578252012,0.000844653940797885,0.000522928278967664,NA
"ENSA","ENSA","ENSG00000143420",0.286688739150144,1.56793126522583e-07,"blue",NA,-0.810263745925147,0.547130198404458,3,9.24643247178476e-05,0.00084318166210911,0.000705740114076035,NA
"LY96","LY96","ENSG00000154589",0.88339974455481,2.47595209178885e-08,"blue",NA,-0.57845327802533,0.548660472828496,23,0.00194780843446655,0.000821303830298931,0.00088402062237991,NA
"ATG7","ATG7","ENSG00000197548",0.492584906791318,2.57538597797712e-09,"blue",NA,-0.827854697238533,0.57411975275305,50,0.0098185096810376,0.000802331997681225,0.000446533776714242,NA
"TNFRSF10A","TNFRSF10A","ENSG00000104689",-0.303246690062886,0.00120037195642114,"blue",NA,0.713538191971283,-0.407870746716499,29,0.00115803726505432,0.000778288452529437,0.00060135310008298,NA
"STAT4","STAT4","ENSG00000138378",-0.24429542943761,0.00533131018957573,"blue",NA,0.718815335934413,-0.381231671180727,44,0.00229990601415901,0.000751332872037557,0.000666101737015287,NA
"CARS2","CARS2","ENSG00000134905",0.694844079323487,4.07044772695027e-14,"blue",NA,-0.845686716199627,0.653211837081323,18,0.00120489427127841,0.000750119882419815,0.000430889039725608,NA
"CD14","CD14","ENSG00000170458",0.814776950622383,3.32217324356061e-09,"blue",NA,-0.896406161811412,0.547204699531826,19,0.000390695995712516,0.000745182161822568,0.000835887949097729,NA
"PRKACB","PRKACB","ENSG00000142875",-0.403741809874289,0.00289762740423022,"blue",NA,0.820897832809254,-0.38121925585952,46,0.0119834433011239,0.000734680238335758,0.000324445874851864,NA
"MRNIP","MRNIP","ENSG00000161010",-0.300418685504221,0.000867345023511886,"blue",NA,0.643964621732637,-0.417289318860944,48,0.00473730264609715,0.000727768374413153,0.00039730564169185,NA
"SDHC","SDHC","ENSG00000143252",0.237430390966043,0.00132047831259285,"blue",NA,-0.640869553681675,0.360813399632259,43,0.00645900217738945,0.000726429684896549,0.000373964727499217,NA
"UBE2J2","UBE2J2","ENSG00000160087",0.28576041853618,1.09588459279305e-05,"blue",NA,-0.819706551349386,0.466164376994846,11,0.00106677965614373,0.000724943991398145,0.000490506758262447,NA
"CD248","CD248","ENSG00000174807",-0.615452977590783,0.00406134953732548,"blue",NA,0.432658538288058,-0.425204922602604,10,0.00185595630261785,0.00071953608947074,0.000688213875237151,NA
"RNASEK","RNASEK","ENSG00000219200",0.362973844638232,0.000268264764060559,"blue",NA,-0.714227808374465,0.419905061577329,10,0.000780799489574794,0.000718713110749775,0.000502964106324095,NA
"MAPK9","MAPK9","ENSG00000050748",-0.199008143957607,0.0047704222777435,"blue",NA,0.654050630876941,-0.335527379970578,37,0.00643652701837683,0.000663972824852567,0.000417386830040261,NA
"GPR183","GPR183","ENSG00000169508",-0.607810274152676,1.59158438674963e-06,"blue",NA,0.833435682814139,-0.549579027253037,17,0.00278052261979976,0.000656654446238111,0.000545851391439604,NA
"ICOS","ICOS","ENSG00000163600",-0.509253845155902,0.000694061512327244,"blue",NA,0.792036698342444,-0.389591419408755,56,0.000975766124263033,0.000656391440319506,0.000476151368407295,NA
"CD3G","CD3G","ENSG00000160654",-0.489685438338488,9.92218422009816e-06,"blue",NA,0.844942542825293,-0.500238870074084,51,0.00185854452272796,0.000656041973906693,0.000414841795332524,NA
"PIK3R1","PIK3R1","ENSG00000145675",-0.544164492377983,2.33620902070538e-08,"blue",NA,0.821624830388712,-0.563706583661128,65,0.0102077928319352,0.000653419062420601,0.000383005284860911,NA
"TRAF5","TRAF5","ENSG00000082512",-0.495004083862976,1.84428775190528e-05,"blue",NA,0.924160987784934,-0.513868858655135,22,0.000514266333790945,0.000644055075915121,0.00050617015222649,NA
"SNED1","SNED1","ENSG00000162804",-0.51214097736469,0.00102652631243963,"blue",NA,0.71802671321525,-0.432025497642055,1,0,0.000641376495058552,0.00115424828158955,NA
"CD5","CD5","ENSG00000110448",-0.63694573150609,2.31961334145111e-08,"blue",NA,0.66291357340565,-0.581731172546195,51,0.00190973167782583,0.000639848004610705,0.000473470089494762,NA
"ITGA6","ITGA6","ENSG00000091409",-0.64409262269999,3.43515236499664e-07,"blue",NA,0.844136265972179,-0.565387270369752,19,0.00224623729239607,0.000639414370213588,0.000554690409026297,NA
"AP2S1","AP2S1","ENSG00000042753",0.650186080028775,1.47681580984096e-06,"blue",NA,-0.854663443932484,0.433439103800176,17,0.00210234854992144,0.000636279623881855,0.000311194292446958,NA
"STX4","STX4","ENSG00000103496",0.329368298214953,4.00624742916777e-06,"blue",NA,-0.905237071800004,0.476909377696662,20,0.00311968684780671,0.000631805115734655,0.000516994700533186,NA
"CTSZ","CTSZ","ENSG00000101160",0.707386748120993,1.61502425545073e-12,"blue",NA,-0.938545151820568,0.625632015301494,24,0.00129688057142131,0.000621009931365957,0.000561350453115783,NA
"CDC42","CDC42","ENSG00000070831",0.187225858530553,0.000156632277123368,"blue",NA,-0.681475517231328,0.456157630997676,93,0.0374724672684237,0.00061257569274417,0.000267684032797771,NA
"ADAM22","ADAM22","ENSG00000008277",-0.20027417656624,0.194311145352861,"blue",NA,0.613039607533362,-0.227142232152024,8,0.000496523111076033,0.000604280257563894,0.000385286581647521,NA
"DDIT3","DDIT3","ENSG00000175197",0.587366903605245,6.8236484913824e-06,"blue",NA,-0.678138238271363,0.464255726156551,25,0.00230093299773254,0.000603475774616326,0.000490944785190494,NA
"MFGE8","MFGE8","ENSG00000140545",-0.66006737279713,7.04378132955987e-09,"blue",NA,0.649901722358436,-0.592738079625759,12,0.000540293307269755,0.000597086373122731,0.000625310344349753,NA
"SERP1","SERP1","ENSG00000120742",0.356934526377407,1.22346309567434e-09,"blue",NA,-0.662360858940991,0.597944502997587,3,4.76964949809873e-05,0.000588979892517924,0.00060345245491881,NA
"GDI2","GDI2","ENSG00000057608",0.184394993200114,0.000577353884351742,"blue",NA,-0.634473361654687,0.394096747826522,18,0.00249379319616118,0.000583564850088577,0.000362229231552923,NA
"CASD1","CASD1","ENSG00000127995",-0.341627255138698,0.0121425234868029,"blue",NA,0.800741218155468,-0.328878100919015,2,2.17010543021753e-05,0.000579810914191533,0.00072551562657821,NA
"PSME1","PSME1","ENSG00000092010",0.854907410829673,3.80555075644948e-15,"blue",NA,-0.928143564215805,0.662301063028392,36,0.000913605339805347,0.000577626329115468,0.000665099736830238,NA
"NCF1","NCF1","ENSG00000158517",0.873377242989167,2.02367453544143e-07,"blue",NA,-0.894420476191459,0.472836715294602,23,0.00169393869813872,0.000570033283839389,0.000584389000492929,NA
"DLAT","DLAT","ENSG00000150768",-0.277594229952136,9.35554800787545e-05,"blue",NA,0.721003938909403,-0.461667802726344,33,0.00568355155377281,0.000569674749752541,0.000313859201451662,NA
"NFATC2","NFATC2","ENSG00000101096",-0.77514734487035,9.65613380108661e-13,"blue",NA,0.862779845107256,-0.690409113819219,32,0.00165383429543523,0.000561901740610787,0.000422122671614281,NA
"ACTA2","ACTA2","ENSG00000107796",0.56646411884827,0.000203978910138174,"blue",NA,-0.613621086625736,0.372674492542317,22,0.00445995284334051,0.000560276575939816,0.000457220135240156,NA
"RIPK3","RIPK3","ENSG00000129465",0.305662947137526,5.96248597188833e-06,"blue",NA,-0.700484029400457,0.502557996097987,32,0.000865062159574139,0.000559563656235909,0.000588099850668969,NA
"GLA","GLA","ENSG00000102393",0.608372740480848,3.36739411369116e-09,"blue",NA,-0.856244598463635,0.5708338966458,17,0.00245981220177157,0.00054844238535418,0.000413730996021912,NA
"GLB1","GLB1","ENSG00000170266",0.199076589044615,0.00955559796863363,"blue",NA,-0.71787085192587,0.283926894996438,15,0.00149119154595178,0.000547632280818909,0.000449131078932548,NA
"HLA-F","HLA-F","ENSG00000204642",0.738893235762106,6.86803695942111e-13,"blue",NA,-0.874622885352954,0.619961536005707,30,0.000347017563837575,0.000537581062986447,0.00067414717990507,NA
"RFC2","RFC2","ENSG00000049541",0.420774754480773,1.36564100430519e-07,"blue",NA,-0.798109064335035,0.521242286950381,45,0.00196798052802991,0.000537085265624583,0.000401949541261935,NA
"FOXO1","FOXO1","ENSG00000150907",-0.644168269155396,1.44602216831478e-12,"blue",NA,0.816732261167379,-0.669771775636846,58,0.00653491967545709,0.000528023555966429,0.000316674126776971,NA
"SLAMF1","SLAMF1","ENSG00000117090",-0.43113183632269,5.95053164226962e-06,"blue",NA,0.676788809868331,-0.496334907526446,31,0.000807325712103402,0.000524479281839687,0.000459048579894454,NA
"SLAMF6","SLAMF6","ENSG00000162739",-0.37714695534691,1.37683310171771e-05,"blue",NA,0.615497765385324,-0.496765740513858,36,0.000761225020443445,0.000521616843281466,0.00043861623988022,NA
"WRN","WRN","ENSG00000165392",-0.574414630100036,2.34275097044369e-07,"blue",NA,0.808529333105184,-0.536369813358329,52,0.004058460147901,0.000518928881262805,0.000354021112666841,NA
"TCF7","TCF7","ENSG00000081059",-0.803942091158063,1.73084382188697e-08,"blue",NA,0.764461773265668,-0.589929489807307,50,0.00326695173663439,0.000517595597963866,0.000318793968081958,NA
"USF1","USF1","ENSG00000158773",0.570897859879601,8.25238610888514e-12,"blue",NA,-0.946611946317065,0.62827686455712,24,0.00162521420189171,0.000516150294876082,0.000425821572065292,NA
"PLCE1","PLCE1","ENSG00000138193",-0.40387311072583,0.00054998168412085,"blue",NA,0.714110268995998,-0.432274744861779,20,0.0016194653237559,0.000514545400676635,0.000374644704270738,NA
"SPHK1","SPHK1","ENSG00000176170",0.866556050663788,3.23891368507684e-11,"blue",NA,-0.769704911180342,0.593244834886786,18,0.00267351156980891,0.000512732065301426,0.000297336466200761,NA
"MTR","MTR","ENSG00000116984",-0.53089606662482,2.24229126253501e-06,"blue",NA,0.911782567116377,-0.531570014766002,17,0.00159977821655125,0.00050924472122913,0.000294555545473128,NA
"COL6A1","COL6A1","ENSG00000142156",-0.607543244751141,0.000710659349908091,"blue",NA,0.513882240071501,-0.437841281827437,12,0.000417500400336049,0.000507692337116627,0.000503859374768582,NA
"MS4A6A","MS4A6A","ENSG00000110077",0.832646317387871,2.72246512884731e-17,"blue",NA,-0.7721878414529,0.690809911896962,12,0.000199710312521244,0.000504791861877933,0.000658376524092197,NA
"PTPN13","PTPN13","ENSG00000163629",-0.765489867977094,9.12907735461006e-05,"blue",NA,0.717664683327329,-0.499026094215616,10,0.00145813926964578,0.000500160542410385,0.000465718848465543,NA
"GLS2","GLS2","ENSG00000135423",-0.446059004750935,0.0010860706431628,"blue",NA,0.719932746784603,-0.424323279687348,13,0.00232353537169072,0.000499878310236152,0.000314248278470545,NA
"BTRC","BTRC","ENSG00000166167",-0.364657274880952,1.12561566364599e-07,"blue",NA,0.66404113399831,-0.553056261749848,48,0.00758285641578249,0.000496174554749138,0.000417935146141333,NA
"ATG16L1","ATG16L1","ENSG00000085978",-0.231177514262186,0.000115075110466094,"blue",NA,0.695442732620844,-0.408793837205375,25,0.00200325676921665,0.000492399979379407,0.000327821661158745,NA
"CRY1","CRY1","ENSG00000008405",-0.377482101070558,4.01228390683926e-05,"blue",NA,0.681356137055411,-0.456673996380541,21,0.00154147945867772,0.000489213225679479,0.0003310770994103,NA
"THEMIS","THEMIS","ENSG00000172673",-0.414307891330773,0.00301692537985888,"blue",NA,0.83563903951914,-0.378741445984306,12,0.000427587870516223,0.000487552747364387,0.000345401216720821,NA
"TNFRSF14","TNFRSF14","ENSG00000157873",0.498053425702841,9.19511577405169e-10,"blue",NA,-0.876962533608213,0.581553446394896,27,0.000360487075941989,0.000479764506290099,0.000517300249831287,NA
"MAF","MAF","ENSG00000178573",-0.18039204305401,0.0806332671277834,"blue",NA,0.637277722190022,-0.27776202520811,33,0.00255532680536004,0.000477215978941308,0.000370727046722409,NA
"ADGRL1","ADGRL1","ENSG00000072071",-0.418418534145704,6.41446135350584e-06,"blue",NA,0.742304263554925,-0.504756757811122,13,0.00346351564057399,0.000477035173676668,0.000333838842559429,NA
"G3BP1","G3BP1","ENSG00000145907",-0.375956622156344,6.13065425556036e-10,"blue",NA,0.759832644634293,-0.618037413707273,56,0.00700480887770314,0.000476558002321546,0.000343490412947053,NA
"CD96","CD96","ENSG00000153283",-0.653855325468443,2.6213302566721e-11,"blue",NA,0.869402972020443,-0.650667511780775,31,0.000216613347622267,0.000475002190653867,0.000418128044029221,NA
"CLDND1","CLDND1","ENSG00000080822",-0.165677134867491,0.091886914080568,"blue",NA,0.631685133876638,-0.236699450431307,3,6.57379811237876e-05,0.000473700680194447,0.000619308444469848,NA
"PMEL","PMEL","ENSG00000185664",-0.746117425908652,0.000186864118251415,"blue",NA,0.769562195872935,-0.472725432433216,16,0.00021514554842461,0.000472313762880153,0.00054339262477487,NA
"GRN","GRN","ENSG00000030582",0.75731195669302,8.69296908604122e-08,"blue",NA,-0.893001127942894,0.494996186193823,21,0.00131086928217112,0.000470261351343385,0.00048167331059997,NA
"LSR","LSR","ENSG00000105699",-0.492743386355296,4.64636954755264e-06,"blue",NA,0.471481847562325,-0.516975680475544,4,3.2451682892204e-05,0.000464590560440504,0.000749616968884962,NA
"RORA","RORA","ENSG00000069667",-0.379412681309169,0.012642474763296,"blue",NA,0.835168969357124,-0.37545633780925,22,0.000926597759529783,0.000461017414024904,0.00033195032250399,NA
"POLE","POLE","ENSG00000177084",-0.292171683048353,4.54050161122245e-07,"blue",NA,0.750660164366041,-0.538628830167275,40,0.00250774603561338,0.000459587269241701,0.000335659806652184,NA
"YKT6","YKT6","ENSG00000106636",0.253474830154343,2.39067908861563e-05,"blue",NA,-0.854066075533296,0.454654557945277,31,0.00705828135870788,0.000459517498318988,0.000246104658842287,NA
"SH2D3A","SH2D3A","ENSG00000125731",-0.476732661561756,1.86669125429096e-06,"blue",NA,0.595244546746038,-0.540141899477242,21,0.00153221994445756,0.000457872345410661,0.000708592284404292,NA
"PCYOX1","PCYOX1","ENSG00000116005",-0.51349592717244,8.17496606196963e-09,"blue",NA,0.829709012965753,-0.57607956011003,4,3.95613034958685e-05,0.000456843486732365,0.000738730982656694,NA
"BCL11B","BCL11B","ENSG00000127152",-0.773764109864201,6.23906933123908e-13,"blue",NA,0.911651144209446,-0.666243621477709,30,0.000952813004650021,0.000451595698265503,0.000298342876558137,NA
"AZIN2","AZIN2","ENSG00000142920",-0.460712273290959,1.22122320905803e-05,"blue",NA,0.637254700625993,-0.521442840156663,6,0.000119477663541848,0.000438831009123258,0.000377124199721368,NA
"FBLN5","FBLN5","ENSG00000140092",-0.723608305815616,3.37449109948233e-05,"blue",NA,0.510595189287288,-0.503576631764787,12,0.00126143902138599,0.000435984678001104,0.000401869271586354,NA
"FTO","FTO","ENSG00000140718",-0.432327558035017,4.56106903528457e-06,"blue",NA,0.798870611257496,-0.522753161002317,18,0.00163780795687906,0.000434511844671051,0.000340061125944877,NA
"XYLT1","XYLT1","ENSG00000103489",-0.653988615190771,3.75360059176599e-12,"blue",NA,0.788125688960347,-0.654900640497833,6,0.00245168624478969,0.000431261375936622,0.000577651933315635,NA
"PRKCA","PRKCA","ENSG00000154229",-0.594329025988453,4.54050161122245e-07,"blue",NA,0.833453754290646,-0.559371534121435,46,0.00750944104983183,0.000423423439792122,0.000315326423906754,NA
"NAPA","NAPA","ENSG00000105402",0.719018723677118,1.7038508603142e-07,"blue",NA,-0.85212619341226,0.517389876933714,27,0.00306878096165177,0.000423205720826132,0.000246416497555484,NA
"TBP","TBP","ENSG00000112592",-0.0705383802130391,0.307058224108348,"blue",NA,0.611738912230324,-0.18228646413565,75,0.00999064902955428,0.000422838882659833,0.000258975970870719,NA
"LILRA5","LILRA5","ENSG00000187116",0.928830990244916,3.55311252582015e-07,"blue",NA,-0.830741790499141,0.551857794654392,9,0.00011411711223958,0.00042132481776258,0.000487911444697982,NA
"CRY2","CRY2","ENSG00000121671",-0.286505161865515,2.6572332355147e-08,"blue",NA,0.592542025139616,-0.578752108862571,16,0.000669765163175022,0.000419126599507207,0.000292137771078758,NA
"CD300LF","CD300LF","ENSG00000186074",0.391158978751674,6.22289253071928e-07,"blue",NA,-0.84220075894547,0.500051397724216,10,0.00024604690330196,0.00041703850278441,0.000474098569534722,NA
"BID","BID","ENSG00000015475",0.410326306019918,6.68361107666335e-06,"blue",NA,-0.858840159760643,0.467667983189065,24,0.00118919499230239,0.00041585805875472,0.000441508282354695,NA
"HS3ST3B1","HS3ST3B1","ENSG00000125430",-0.571522470960291,2.2790960205607e-06,"blue",NA,0.883372658382251,-0.530268415222495,6,0.0014075705095548,0.000415592845729374,0.000557167128263369,NA
"H2AZ1","H2AZ1","ENSG00000164032",0.269363754024867,0.00233995180195891,"blue",NA,-0.641561549662247,0.349838967397187,94,0.0102618255877883,0.000413278861727115,0.000229234753903181,NA
"ASNS","ASNS","ENSG00000070669",-0.342761070740072,6.01090987306079e-05,"blue",NA,0.638368168162991,-0.45137039965586,18,0.00127483436940542,0.000412034975951626,0.000333460445022364,NA
"PRAM1","PRAM1","ENSG00000133246",0.36014836653948,0.000682490666272116,"blue",NA,-0.765946094939132,0.363462552658304,4,0.000200890950696766,0.000405283532074418,0.000605715533751836,NA
"LTBR","LTBR","ENSG00000111321",0.67691028169271,1.99945939535408e-12,"blue",NA,-0.869165000072417,0.639074515385855,25,0.000872853081465487,0.000393623417010021,0.000455148180505772,NA
"PSMD4","PSMD4","ENSG00000159352",0.339561009376719,0.000574162005591945,"blue",NA,-0.858044144957462,0.340172846714446,43,0.00596988247634696,0.00039066584552065,0.000396812039718478,NA
"LRP8","LRP8","ENSG00000157193",-0.114006359055955,0.334585170747016,"blue",NA,0.600742663593795,-0.215342739443289,7,0.000230958897774919,0.000389601704545069,0.000482852988379822,NA
"MAP3K4","MAP3K4","ENSG00000085511",-0.41915050530987,4.5928929423187e-09,"blue",NA,0.759050039954822,-0.606133188081067,7,0.000225000665095338,0.000388772943667972,0.000497162954113085,NA
"LEF1","LEF1","ENSG00000138795",-0.742019088412309,1.16465106531242e-06,"blue",NA,0.725373625815873,-0.545361204095809,58,0.00552313505624301,0.000388319100237993,0.000273445787526092,NA
"ITK","ITK","ENSG00000113263",-0.586563374544946,3.52535161877422e-07,"blue",NA,0.952062340822796,-0.564112123436123,51,0.00222203759096631,0.000387565872536174,0.000290982502598408,NA
"ATOX1","ATOX1","ENSG00000177556",0.563897918315356,1.34097602086872e-06,"blue",NA,-0.726299718030694,0.475568750670728,16,0.00157440900699564,0.000386396245797445,0.000341589772930604,NA
"H2BC12","H2BC12","ENSG00000197903",0.814851267664352,6.91770926766924e-07,"blue",NA,-0.771695464461351,0.517552386331522,73,0.00347564768064885,0.000382916075986527,0.000252110036610442,NA
"GSDMD","GSDMD","ENSG00000104518",0.856220427042981,2.30588788439506e-16,"blue",NA,-0.89130149136295,0.668889545639242,18,0.000681317007291513,0.000380339739401588,0.000532249872515177,NA
"CYBA","CYBA","ENSG00000051523",0.698318077019187,1.28542180400395e-07,"blue",NA,-0.908077257700335,0.498331657382358,12,0.000861389733952773,0.000379265166552077,0.000473966926492779,NA
"TNFRSF25","TNFRSF25","ENSG00000215788",-0.526452281799852,2.69440838035767e-05,"blue",NA,0.57311527391046,-0.486472276573301,27,0.000996214099755317,0.00037893655402753,0.000379960179269133,NA
"HNRNPC","HNRNPC","ENSG00000092199",0.165154168040735,0.00141955335215769,"blue",NA,-0.701084571141666,0.384861513004272,70,0.00868557432282786,0.000378227810475832,0.000223263765407671,NA
"PSAP","PSAP","ENSG00000197746",0.399654449850172,0.000106604244917008,"blue",NA,-0.784941478776376,0.398052457680439,15,0.000435098565439912,0.000374638164184096,0.000392881634785441,NA
"B3GALT2","B3GALT2","ENSG00000162630",-0.575755057821133,0.00694802616767669,"blue",NA,0.65135317386565,-0.425497573763957,1,0,0.000374374754570944,0.000841014534637996,NA
"FSTL3","FSTL3","ENSG00000070404",0.687985591912025,3.36122929906695e-07,"blue",NA,-0.709845002164522,0.505116585179779,4,4.4168444488087e-05,0.000371599392665038,0.000629418895170798,NA
"PARP15","PARP15","ENSG00000173200",-0.315088483106603,0.0263782136088604,"blue",NA,0.845766580063969,-0.359615328477811,18,0.000126326597165001,0.00037049615622775,0.000711117528722022,NA
"ATP10A","ATP10A","ENSG00000206190",-0.368421114357646,8.61812788966725e-05,"blue",NA,0.708471897441149,-0.481917098605846,6,0.000302377453239811,0.000367920994873133,0.000374641913366083,NA
"DNAL1","DNAL1","ENSG00000119661",-0.365985351355354,0.00178066790677627,"blue",NA,0.685953962504181,-0.396054191623298,7,0.00123597902093177,0.000365591605694038,0.00035776003443591,NA
"CD200R1","CD200R1","ENSG00000163606",-0.520777322504253,0.00019407769629839,"blue",NA,0.753210696185802,-0.471080457368151,16,2.89858178021935e-05,0.000365387402061241,0.00050414860089627,NA
"CUL4A","CUL4A","ENSG00000139842",-0.20834805590744,0.000224341486050769,"blue",NA,0.581083611205746,-0.425699013703226,56,0.00770581388911442,0.000364455007943849,0.000268697710348841,NA
"ATP8A2","ATP8A2","ENSG00000132932",-0.718011793482337,0.0008995171435661,"blue",NA,0.637041668097063,-0.440073991715741,5,0.000227458877642726,0.000363784972991602,0.00040720211524029,NA
"ARRB1","ARRB1","ENSG00000137486",0.126882449212277,0.107389824226765,"blue",NA,-0.606378239421107,0.17652314253438,48,0.0106585481791907,0.00036161558916975,0.000210053791659677,NA
"CHMP4B","CHMP4B","ENSG00000101421",0.327147346177364,0.000539090779788909,"blue",NA,-0.866551401810457,0.356798276140159,9,0.00108991861819052,0.000361415100023815,0.000386713723875884,NA
"ATP8B2","ATP8B2","ENSG00000143515",-0.668197388683408,2.55909707961887e-10,"blue",NA,0.9154780404839,-0.625899501774037,5,0.000132849828953176,0.000359115490958663,0.000403039177275488,NA
"UFD1","UFD1","ENSG00000070010",0.207908280068607,0.000595213528113464,"blue",NA,-0.611868403552879,0.393654837504368,30,0.00314852834789989,0.00035829891824503,0.000397392993130847,NA
"TRIM66","TRIM66","ENSG00000166436",-0.32131924737952,0.00123138971162533,"blue",NA,0.605796504097108,-0.380712774397482,12,0.000453062284763739,0.000347751280164128,0.000347389083615616,NA
"SEPTIN6","SEPTIN6","ENSG00000125354",-0.254689109011588,0.00442792564200607,"blue",NA,0.456242270984746,-0.313013453546632,13,0.00110570824856218,0.00034549004883579,0.000287649991874816,NA
"P2RX1","P2RX1","ENSG00000108405",0.670487946801326,1.90259952317047e-09,"blue",NA,-0.678538530788433,0.577360797570594,2,8.13483187711985e-06,0.000344925197117496,0.000568023088731681,NA
"IL21R","IL21R","ENSG00000103522",-0.295645332243272,0.00139443923852363,"blue",NA,0.542667317675177,-0.40272808021007,33,0.00111510672121951,0.000344121875690826,0.000316313263037198,NA
"POLD4","POLD4","ENSG00000175482",0.372117651155032,0.000134877239667639,"blue",NA,-0.700973002434796,0.393406069715557,18,5.33628279815792e-05,0.000344068263819182,0.000348096011279833,NA
"DPP4","DPP4","ENSG00000197635",-0.599226608285426,1.35242565586305e-06,"blue",NA,0.68896222511896,-0.514948780763937,18,0.000451672527281092,0.000342473252420772,0.000361862644590879,NA
"IL11RA","IL11RA","ENSG00000137070",-0.467557794385431,1.94557912602101e-05,"blue",NA,0.680128923855541,-0.498455135528975,5,6.32304247264978e-05,0.000331950140556567,0.000391337536334934,NA
"SYNE1","SYNE1","ENSG00000131018",-0.306076389329506,0.00135015617491308,"blue",NA,0.780627466108302,-0.418711245106273,20,0.00283553707466013,0.000331795108118206,0.000297165139656346,NA
"PPARD","PPARD","ENSG00000112033",-0.286118023603439,0.000404465231882074,"blue",NA,0.429711957133326,-0.410908859267476,18,0.00103229188077309,0.000331556598176108,0.000374225277389008,NA
"PGM2L1","PGM2L1","ENSG00000165434",-0.549226213454307,2.01118143574662e-05,"blue",NA,0.74889183696822,-0.476089319101406,7,0.000705874005774644,0.000330339889313784,0.000376084781804967,NA
"UBE2S","UBE2S","ENSG00000108106",0.618905852461972,8.61812788966725e-05,"blue",NA,-0.737558798264051,0.435355525313726,32,0.00153149888095632,0.000327382108121033,0.000352589093242262,NA
"CHMP7","CHMP7","ENSG00000147457",-0.336807236759646,1.26631014503771e-07,"blue",NA,0.700115439444774,-0.557770659909077,7,0.000437557235850154,0.000326696224000817,0.000342465788070859,NA
"RBBP4","RBBP4","ENSG00000162521",-0.122478771697919,0.0071963350262402,"blue",NA,0.581458263097172,-0.332537221127452,69,0.0049878500376299,0.000326031216907378,0.000221139786141877,NA
"MED8","MED8","ENSG00000159479",0.280961760834013,0.000161643813806759,"blue",NA,-0.741844282665089,0.420189590972698,16,0.000638883178197183,0.000325396681585216,0.000336623851544644,NA
"NDUFS2","NDUFS2","ENSG00000158864",0.271456513666217,0.00116564406330901,"blue",NA,-0.802370026028641,0.331389658631054,31,0.00393713297228398,0.00032512389648197,0.000212798348268358,NA
"RBCK1","RBCK1","ENSG00000125826",0.714676831283159,1.0315555452851e-10,"blue",NA,-0.901999818504156,0.597328434529368,24,0.00106680036978026,0.000322819949423839,0.000482450430840157,NA
"SDHB","SDHB","ENSG00000117118",0.460484858452848,2.75911344158858e-10,"blue",NA,-0.89745602335267,0.597876375697991,42,0.00489236861756001,0.000320167276833237,0.00025698054461562,NA
"CLEC4A","CLEC4A","ENSG00000111729",0.51449842701577,3.49860577647627e-08,"blue",NA,-0.75886736806128,0.574281287136554,13,0.000155601603985447,0.00031925761005966,0.000460547603823661,NA
"ANK3","ANK3","ENSG00000151150",-0.669376222516643,0.000257589651003274,"blue",NA,0.808754682479301,-0.44917867384277,40,0.00840337710069924,0.000318085160006822,0.000201169146930061,NA
"METAP1","METAP1","ENSG00000164024",-0.205935065289538,0.00115935104889777,"blue",NA,0.724507915909507,-0.371392067511963,25,0.00299411044966901,0.000314962381532927,0.000231346636433701,NA
"CDK6","CDK6","ENSG00000105810",-0.317608982502159,0.00286360467861194,"blue",NA,0.806740518081721,-0.385728022258244,42,0.00247949572853843,0.000312341485348736,0.00023572253892139,NA
"SEPTIN1","SEPTIN1","ENSG00000180096",-0.327987779266051,0.000479422221530493,"blue",NA,0.405145684747875,-0.421087136036997,7,0.000488745077172659,0.000310143638156092,0.000349299204214457,NA
"SLC38A1","SLC38A1","ENSG00000111371",-0.68058570571501,4.62498327460851e-08,"blue",NA,0.968582322997401,-0.586864599175426,5,0.000174385229104073,0.000310069446297074,0.00034936194125157,NA
"TMEM25","TMEM25","ENSG00000149582",-0.462081948421967,0.000393100799615037,"blue",NA,0.584336827287269,-0.437921853530688,3,0.00124290289001913,0.000309739890543831,0.000443031299942,NA
"SEPTIN8","SEPTIN8","ENSG00000164402",-0.288007833336633,0.0124152597845108,"blue",NA,0.639554663083372,-0.32375655938809,7,0.000478353789321599,0.000309647471095853,0.000348088629355426,NA
"ETS1","ETS1","ENSG00000134954",-0.831128774310799,3.68601766804973e-13,"blue",NA,0.92671285245483,-0.683538930001442,42,0.00307066784613276,0.000305538034262342,0.000270425229963395,NA
"SH3YL1","SH3YL1","ENSG00000035115",-0.52847700683719,5.88842978171088e-06,"blue",NA,0.811827089647008,-0.529521109886779,3,6.88583972835479e-05,0.000305035750069668,0.000460519345159763,NA
"PSMC1","PSMC1","ENSG00000100764",0.253139484389114,0.00051249484912471,"blue",NA,-0.650175966763873,0.391251513308726,38,0.00273415414174898,0.000297799151663534,0.000303913070712482,NA
"KMT2A","KMT2A","ENSG00000118058",-0.506033656903704,1.49753102088501e-05,"blue",NA,0.901387712655221,-0.508065471011837,59,0.00361440436362494,0.000290890091487442,0.000210447670580003,NA
"SEPTIN11","SEPTIN11","ENSG00000138758",-0.300033075736923,0.00015361382307123,"blue",NA,0.745180698523345,-0.440390087574334,5,3.61718613211602e-05,0.000290626237811393,0.000380421800079116,NA
"PLEKHA1","PLEKHA1","ENSG00000107679",-0.426260554591127,0.00126369853792026,"blue",NA,0.816077898221967,-0.40362404787089,3,0.000124831984956515,0.000290561556050555,0.000487979930666573,NA
"PRKAG1","PRKAG1","ENSG00000181929",0.318346372903414,6.76647978710898e-08,"blue",NA,-0.784489383328989,0.560069289121241,15,0.000586566624141474,0.000288347043743207,0.000225930568800536,NA
"POLH","POLH","ENSG00000170734",-0.199378521298553,0.00489871046925978,"blue",NA,0.602714085640167,-0.353548455644232,20,0.000382105745460605,0.000280794561234152,0.000321272651583387,NA
"CHD3","CHD3","ENSG00000170004",-0.408004812545858,5.2373713132736e-08,"blue",NA,0.64008558227756,-0.581188495537104,70,0.00856600308353592,0.000279464645988165,0.000197772303410421,NA
"EARS2","EARS2","ENSG00000103356",-0.260381160850929,0.000575056449759695,"blue",NA,0.642486861415381,-0.397195908966621,35,0.004230294632697,0.000278191240484541,0.000218333466309476,NA
"CPSF6","CPSF6","ENSG00000111605",-0.163508227631173,0.0130798739302278,"blue",NA,0.717344236931433,-0.328690915814021,45,0.00328559014818343,0.000277660449210619,0.000223785635219322,NA
"LY9","LY9","ENSG00000122224",-0.489521136896791,5.98568705402038e-08,"blue",NA,0.707495791835038,-0.559780289222401,17,0.000603439341354798,0.000277574738275864,0.000266666237334943,NA
"PSMD13","PSMD13","ENSG00000185627",0.328519038619556,5.47638528283859e-05,"blue",NA,-0.835794755314923,0.414810191599885,31,0.00173422435482574,0.00027571844349981,0.000319566188451291,NA
"CDC14A","CDC14A","ENSG00000079335",-0.57194118244835,9.5222515146135e-05,"blue",NA,0.883323607308591,-0.472722431051021,13,0.000584928905243925,0.000274278053183449,0.000232961278223151,NA
"CRYZL1","CRYZL1","ENSG00000205758",-0.0950289899335586,0.23627057313995,"blue",NA,0.599215242626675,-0.188836708222035,5,6.41530281235661e-05,0.000273276346444257,0.000477215031833885,NA
"BMPR1A","BMPR1A","ENSG00000107779",-0.345933884085213,0.00974588368506293,"blue",NA,0.599149686748479,-0.372574119463136,19,0.00188323201539941,0.000273139900595405,0.000210328444472262,NA
"ZNF831","ZNF831","ENSG00000124203",-0.714703462791937,5.48590854612466e-09,"blue",NA,0.89004318156859,-0.615651765437185,6,0.00125116740064857,0.000272231330541794,0.000362614046799142,NA
"ETFA","ETFA","ENSG00000140374",0.38895680218343,5.23119149939688e-06,"blue",NA,-0.653309411102201,0.476759752676541,30,0.0036514813126805,0.000271340785975204,0.000178934449834078,NA
"DIDO1","DIDO1","ENSG00000101191",-0.207652408079987,4.81840702913927e-05,"blue",NA,0.860709943705173,-0.474561446473969,32,0.00319087980050149,0.00027108645179761,0.000207684156609539,NA
"NDUFAF3","NDUFAF3","ENSG00000178057",0.422604625646182,6.14891568809314e-05,"blue",NA,-0.761095181378922,0.404586667513258,9,0.000142598315139205,0.000266485549967457,0.000295741518087014,NA
"REC8","REC8","ENSG00000100918",0.506073467693016,1.70530098567976e-06,"blue",NA,-0.677944686635226,0.507231823270312,22,0.00157747772969134,0.000264493942086725,0.000183756622392319,NA
"UPP1","UPP1","ENSG00000183696",0.670993622765941,7.17375509824965e-12,"blue",NA,-0.770770404576735,0.651246202722496,6,8.36733790745631e-05,0.000263916702344003,0.000446411591562337,NA
"LDLRAP1","LDLRAP1","ENSG00000157978",-0.517415758295279,7.46648148742629e-07,"blue",NA,0.57161470104906,-0.532914854508219,10,0.000376507795286341,0.000263454976328608,0.000271208006180178,NA
"HABP4","HABP4","ENSG00000130956",-0.52605868262183,3.34073958499903e-05,"blue",NA,0.647424274033571,-0.421536792688753,16,0.00103705903407409,0.000263335786148739,0.000290788065227996,NA
"SRSF9","SRSF9","ENSG00000111786",0.198181711971547,1.14015384809842e-05,"blue",NA,-0.675277404125564,0.488227221825141,30,0.0014921133993445,0.000263087888375789,0.000181760810851024,NA
"TARDBP","TARDBP","ENSG00000120948",-0.147919893014912,0.00212292586349691,"blue",NA,0.663930089736072,-0.369604156010769,53,0.00597397033274653,0.000261778941648683,0.000174610436689331,NA
"PLAUR","PLAUR","ENSG00000011422",0.703688205199082,2.19793626888578e-07,"blue",NA,-0.858109603287721,0.542828984483493,11,0.00147438841310724,0.00026105652882685,0.000288148800372828,NA
"AXIN2","AXIN2","ENSG00000168646",-0.663917645100763,7.51829370048496e-05,"blue",NA,0.776294259961899,-0.50103473618313,30,0.00144899744345051,0.000259382867362565,0.000290972226345531,NA
"B3GLCT","B3GLCT","ENSG00000187676",-0.126048501501845,0.326501724875855,"blue",NA,0.54229262451415,-0.174040622893124,7,0.000709847394541931,0.000256738182660968,0.000330593002953236,NA
"STX10","STX10","ENSG00000104915",0.743627416493423,1.37113016596916e-11,"blue",NA,-0.940927586356151,0.606505502922698,7,2.9701466803164e-05,0.000253119536040048,0.000288270482828797,NA
"LIG1","LIG1","ENSG00000105486",-0.320374336878884,3.31556089999777e-06,"blue",NA,0.546950463112652,-0.512791197419206,34,0.000939880153100701,0.000252262696337892,0.000188372800527441,NA
"TET1","TET1","ENSG00000138336",-0.637605992343497,0.00102486563414857,"blue",NA,0.764584812356546,-0.457303810604944,21,0.000445484458927499,0.000249495087180758,0.0002388479483831,NA
"GHITM","GHITM","ENSG00000165678",0.210968520384209,4.32062850519878e-05,"blue",NA,-0.778974299881176,0.448200241005405,7,0.000355422694731527,0.000248565935058564,0.000414913572095994,NA
"NADSYN1","NADSYN1","ENSG00000172890",0.221202843643979,0.000176409258360708,"blue",NA,-0.635349501615784,0.409739312568151,11,0.000748785163049382,0.000247453124560757,0.000235863095707733,NA
"ADARB1","ADARB1","ENSG00000197381",-0.32045724681559,8.3585583553929e-05,"blue",NA,0.634601102675779,-0.450315411300872,11,0.00034813379819518,0.000240074922681349,0.000305080585359606,NA
"CALM2","CALM2","ENSG00000143933",0.305646441781853,1.74981881359558e-05,"blue",NA,-0.658809749222065,0.466967252995987,18,0.00140248356280239,0.000239305481945665,0.000199208405948436,NA
"TMEM63A","TMEM63A","ENSG00000196187",-0.38762685874776,2.75306787830595e-06,"blue",NA,0.814007500100107,-0.521481411564399,3,0.00124269343755768,0.000239062309568425,0.000389079315429427,NA
"SESN1","SESN1","ENSG00000080546",-0.541046843591091,4.80272277830732e-07,"blue",NA,0.828249053652315,-0.538582410895824,15,0.000316400548878502,0.000239056951863502,0.000197672394407389,NA
"ANAPC1","ANAPC1","ENSG00000153107",-0.648284651900552,7.91755077063192e-11,"blue",NA,0.852174696167194,-0.633011491182129,31,0.00402846107204446,0.000238489011648453,0.000261021766343735,NA
"S1PR1","S1PR1","ENSG00000170989",-0.640597924226907,2.71127629445859e-09,"blue",NA,0.913131282255019,-0.605026666003967,25,0.00127275571666269,0.000238090804554564,0.000217084857978499,NA
"FAH","FAH","ENSG00000103876",0.453302837446158,0.000337138839260645,"blue",NA,-0.707918907888926,0.378509085416356,6,6.29505276486026e-05,0.000237571667356822,0.000289601087995882,NA
"SLC39A1","SLC39A1","ENSG00000143570",0.51257117908863,1.24070310219349e-09,"blue",NA,-0.884665835607652,0.584429264574022,9,0.00266396085517905,0.000236930618586268,0.000260498428841317,NA
"POLR1B","POLR1B","ENSG00000125630",-0.402636965102947,1.93667087500422e-06,"blue",NA,0.650964070841923,-0.5104392683954,75,0.00797014109351053,0.000235457523660026,0.00012779937679085,NA
"DENND11","DENND11","ENSG00000257093",-0.474348721353052,7.95127587113076e-05,"blue",NA,0.940443562522224,-0.476918398590197,4,0.00127776118718155,0.000234973612031206,0.000340258251472088,NA
"LTBP3","LTBP3","ENSG00000168056",-0.623167748106207,1.16181363680927e-06,"blue",NA,0.538386170620084,-0.530005883098684,8,0.000316827300610424,0.000234110750183652,0.0003283451653372,NA
"CMTM3","CMTM3","ENSG00000140931",0.358135137883638,4.86647980202278e-07,"blue",NA,-0.665523417871471,0.517969560075117,6,0.00162126685331856,0.000234050297757775,0.000278129057430133,NA
"SHISA5","SHISA5","ENSG00000164054",0.716825335042871,6.87033236014449e-08,"blue",NA,-0.83679289020792,0.543320985844043,2,3.32243153277467e-05,0.00023267750628113,0.000657211885819939,NA
"WDHD1","WDHD1","ENSG00000198554",-0.625418910100704,8.27085664614966e-05,"blue",NA,0.64618021979079,-0.473699972337297,29,0.000606095918005955,0.000231063448594701,0.00017193671132166,NA
"TNRC6C","TNRC6C","ENSG00000078687",-0.798772338930519,6.2890686278034e-11,"blue",NA,0.916599621352148,-0.634083927724095,29,0.000759148016000525,0.000229422992513984,0.000233505620183817,NA
"BACH2","BACH2","ENSG00000112182",-0.660342439670798,1.60354985315651e-06,"blue",NA,0.785813049486758,-0.532090338370136,29,0.000757522947843997,0.000229349986844151,0.000218007977130509,NA
"DCTN2","DCTN2","ENSG00000175203",0.298056878007561,2.31825743243915e-06,"blue",NA,-0.852500036888413,0.496922270834689,28,0.00513845876899032,0.000228573424630416,0.000173982261874399,NA
"MGAT4A","MGAT4A","ENSG00000071073",-0.567367565111089,4.11780765778398e-07,"blue",NA,0.893387298231264,-0.555568015399525,6,0.00010324929438553,0.00022755639457333,0.000294579173619702,NA
"GPR68","GPR68","ENSG00000119714",-0.339295024866779,9.19372678321719e-05,"blue",NA,0.602524045258459,-0.460049190975635,4,0.000100277146361379,0.000227294917333284,0.000371966654842407,NA
"ROGDI","ROGDI","ENSG00000067836",0.496533423463758,0.000344309405643266,"blue",NA,-0.707112675566254,0.322770687100241,7,0.000891942195089495,0.000227015738377503,0.000261406000682443,NA
"GRPEL2","GRPEL2","ENSG00000164284",-0.457879064267725,0.00042591830652341,"blue",NA,0.849685514443654,-0.428560642657881,15,0.000331932188016333,0.000226154895778697,0.000253864309683609,NA
"COLGALT1","COLGALT1","ENSG00000130309",0.201751251678613,0.0029145288670734,"blue",NA,-0.691031402044039,0.341039096418872,3,1.16054987103499e-05,0.000226139829854848,0.000427939882735821,NA
"KIF3A","KIF3A","ENSG00000131437",-0.343524091776137,0.0118683650533215,"blue",NA,0.73459377423074,-0.340603004642008,30,0.00433411989627235,0.000225619939960512,0.000132195544188258,NA
"MLLT3","MLLT3","ENSG00000171843",-0.268451416833478,0.003329047009725,"blue",NA,0.628724428337125,-0.348071037515578,37,0.00301694987875902,0.000223051274905565,0.000183848557056381,NA
"CARD11","CARD11","ENSG00000198286",-0.562433617266667,1.08625048637962e-13,"blue",NA,0.738724729742759,-0.685582240373104,23,0.000804915758401948,0.000223029912185901,0.000225500533557814,NA
"NUCB1","NUCB1","ENSG00000104805",0.88486942586342,7.01642497713762e-12,"blue",NA,-0.883093762490589,0.594938007672277,8,0.00495956277599177,0.000222183091912993,0.000263741774912095,NA
"CD6","CD6","ENSG00000013725",-0.463990346107405,2.03554830097883e-05,"blue",NA,0.580711083468469,-0.479989701244233,29,0.00112358444930023,0.000222157025484303,0.000193386507066059,NA
"TOMM70","TOMM70","ENSG00000154174",-0.314235290907254,3.19365427476025e-05,"blue",NA,0.799042643274961,-0.481334703823041,17,0.00129423023614756,0.000222010293990888,0.000252335484538521,NA
"CELSR2","CELSR2","ENSG00000143126",-0.502967565220929,1.66896070903025e-05,"blue",NA,0.673056671572886,-0.507610423928182,6,9.22159246395972e-05,0.000221872039837862,0.00029551847088299,NA
"RNF125","RNF125","ENSG00000101695",-0.487577807442897,1.18002486629493e-09,"blue",NA,0.893644889432219,-0.616494601592036,16,0.000484937677390197,0.000220960742904851,0.000459065727072831,NA
"RNGTT","RNGTT","ENSG00000111880",-0.36825331674189,9.52968697045409e-06,"blue",NA,0.68920799582914,-0.486390564900479,14,0.00145480691468325,0.000220563071437207,0.00022711752273738,NA
"HEXB","HEXB","ENSG00000049860",0.339054890242442,7.65602521476351e-08,"blue",NA,-0.724520188351058,0.557222874917594,13,0.00345334868455667,0.000218879143513162,0.000229324544248109,NA
"SLFN13","SLFN13","ENSG00000154760",-0.167251360940071,0.143888188247129,"blue",NA,0.689134684408809,-0.287212168383991,6,0,0.000217170797327629,0.000716219827500918,NA
"SERPINB1","SERPINB1","ENSG00000021355",0.659639474547936,6.08028516731828e-10,"blue",NA,-0.820807371406722,0.596651655664851,5,0.000165476842070456,0.000215285833774562,0.000341468268296035,NA
"ALDH3B1","ALDH3B1","ENSG00000006534",0.411304224955173,1.56929938881136e-05,"blue",NA,-0.783549773689843,0.425415050590722,8,0.000241158527965916,0.000215197788024815,0.000245995191919674,NA
"TBC1D4","TBC1D4","ENSG00000136111",-0.64013132241013,2.41139026614385e-06,"blue",NA,0.867003076466195,-0.540358162931365,11,0.000789038909497311,0.000214624851297018,0.000218925638218071,NA
"CTSA","CTSA","ENSG00000064601",0.821630746150109,2.64557465066408e-13,"blue",NA,-0.892616134236646,0.63094017173294,15,0.00172981398716937,0.000214567466771779,0.000240886175624527,NA
"TARS3","TARS3","ENSG00000185418",-0.306665915981658,0.000271803267098646,"blue",NA,0.686068318146471,-0.432067410533976,11,3.12436314232309e-05,0.000214496358131942,0.000307502740534737,NA
"SUCLG2","SUCLG2","ENSG00000172340",-0.214017919243756,0.00575533432569583,"blue",NA,0.613661034617426,-0.360547025564447,27,0.00209876002140031,0.0002144194078732,0.000172038633875551,NA
"ENO2","ENO2","ENSG00000111674",-0.541488657399535,1.29421058269006e-07,"blue",NA,0.580023628128912,-0.541866560635748,20,0.00262456358887384,0.000214274187134436,0.000262810945855595,NA
"RNF135","RNF135","ENSG00000181481",0.715835420074342,3.49602077045135e-13,"blue",NA,-0.807989564852159,0.65472104058724,14,5.15010344240119e-05,0.000210125294774686,0.00046018457677773,NA
"AUTS2","AUTS2","ENSG00000158321",-0.819580710559421,2.39261187471028e-09,"blue",NA,0.734253141351566,-0.609237120035163,7,7.96155106333265e-05,0.000209910884307323,0.00026231330372747,NA
"TUB","TUB","ENSG00000166402",-0.745086769741856,0.000559206277193331,"blue",NA,0.706433362086949,-0.424664015659145,7,0.00180198618097965,0.000208130992091982,0.000320824790366034,NA
"MRPS25","MRPS25","ENSG00000131368",-0.217344748898859,0.00304491167077017,"blue",NA,0.7268731113761,-0.369893412346776,11,0.000288396849380457,0.000208085153943412,0.000289314672378921,NA
"CLIC1","CLIC1","ENSG00000213719",0.767732781514838,1.77628785773916e-13,"blue",NA,-0.941741343148337,0.652513574108474,6,9.70121912729459e-05,0.000208031832988694,0.000289125628583467,NA
"EML4","EML4","ENSG00000143924",-0.313743886203445,0.000861793227134243,"blue",NA,0.847062461131672,-0.402835866567698,23,0.00272804712662129,0.000207144820200208,0.000235118705718522,NA
"CUX1","CUX1","ENSG00000257923",0.219717664719028,0.00350909172136344,"blue",NA,-0.73215353681943,0.33401387184941,22,0.0025071076184645,0.000206754517269209,0.000239699154963312,NA
"PCSK7","PCSK7","ENSG00000160613",-0.266465893046721,0.000269932254488528,"blue",NA,0.72149480139579,-0.43858397079958,7,0.000398320038025007,0.000203509864430583,0.000167882210383583,NA
"TENT4A","TENT4A","ENSG00000112941",-0.27673518256872,0.000149884570579193,"blue",NA,0.832468672433444,-0.448640018262985,20,0.00167799656603092,0.000202951274102667,0.000207632161732842,NA
"PTCH1","PTCH1","ENSG00000185920",-0.617599480198741,1.74201923734117e-05,"blue",NA,0.795904964231141,-0.52934963847979,17,0.000993578208985766,0.000202486919249163,0.000230872983902829,NA
"METTL3","METTL3","ENSG00000165819",-0.129001598171466,0.0473346430289284,"blue",NA,0.702496083745834,-0.274659658124852,23,0.00291425828749372,0.000201918170020821,0.000192923287628486,NA
"ASH2L","ASH2L","ENSG00000129691",0.222047313670924,0.000344309405643266,"blue",NA,-0.647675715207995,0.391544974626612,40,0.00201418715246749,0.000201741461370178,0.000179172144110303,NA
"MAD2L2","MAD2L2","ENSG00000116670",0.488189183862892,2.70251681407308e-07,"blue",NA,-0.823089074506565,0.517980137884861,28,0.00238955650466858,0.000201404506093727,0.000181579543257181,NA
"ABCA3","ABCA3","ENSG00000167972",-0.408423522773135,5.16413754501383e-06,"blue",NA,0.617558065839654,-0.515632038043531,3,7.60486736421736e-06,0.000201070835567693,0.00037137163286541,NA
"FBXO32","FBXO32","ENSG00000156804",-0.54482045001929,2.7889088288336e-07,"blue",NA,0.770970658037191,-0.561915900586976,16,0.000884537878540303,0.000200802111821755,0.000276743759752607,NA
"NLRC3","NLRC3","ENSG00000167984",-0.519483928764698,3.67890331519086e-07,"blue",NA,0.909049630547296,-0.564368629294537,10,2.74570740339279e-05,0.000200679421802266,0.000451551086165597,NA
"NR3C2","NR3C2","ENSG00000151623",-0.821240934397985,1.16488126028567e-09,"blue",NA,0.86516114718651,-0.601656304658675,11,0.000750654275174401,0.000200455669073943,0.000280684225530101,NA
"COA6","COA6","ENSG00000168275",0.635366976240606,2.04318368305747e-06,"blue",NA,-0.556791839534645,0.472086210257797,13,0.000191625444237095,0.000199316793457222,0.000223884919003145,NA
"MRI1","MRI1","ENSG00000037757",-0.263209060255727,0.000747548611137691,"blue",NA,0.690899782916056,-0.419322457471476,4,6.04394843866417e-05,0.000197986106396093,0.000331427582756846,NA
"NFKBIE","NFKBIE","ENSG00000146232",0.449190361905583,5.39800854930612e-06,"blue",NA,-0.736919175560458,0.47498795366531,13,3.76479809973494e-05,0.000197961935102238,0.000356427460736747,NA
"POMT1","POMT1","ENSG00000130714",-0.267212074113496,0.000894802602303528,"blue",NA,0.417169437025505,-0.412493751080178,8,0.000427004273096942,0.000197927354785224,0.000274334329799986,NA
"IKZF3","IKZF3","ENSG00000161405",-0.662614169516061,8.89869887118948e-05,"blue",NA,0.891497165625057,-0.500580131823678,32,0.00141605369959541,0.000196651364312204,0.000171876509952605,NA
"TRIM4","TRIM4","ENSG00000146833",-0.231759446341699,0.000255915393444307,"blue",NA,0.658311595557812,-0.431776740098331,14,0.00102187575578494,0.000194484560129659,0.000396997895352343,NA
"NDUFB3","NDUFB3","ENSG00000119013",0.806418821209105,2.00564036416121e-06,"blue",NA,-0.59933432795664,0.468642538912065,16,0.000563546858670715,0.000190380987876858,0.000205142311515865,NA
"ZNF236","ZNF236","ENSG00000130856",-0.437054505205644,8.27294101036501e-05,"blue",NA,0.837847748433448,-0.454918398681815,5,0.00016539371925015,0.000189833727264057,0.000307242797625147,NA
"TJP3","TJP3","ENSG00000105289",-0.515975709316761,0.000593074479323218,"blue",NA,0.560716706176298,-0.401838551675394,6,0.000375648219418144,0.000189825767856972,0.000293165485618868,NA
"PLXNA1","PLXNA1","ENSG00000114554",-0.549554458325214,4.51902187906611e-09,"blue",NA,0.826724040586414,-0.598453817697219,16,0.00201767654264037,0.000189200783326764,0.00017577347142153,NA
"PKD1","PKD1","ENSG00000008710",-0.423365036632118,3.19675294520009e-08,"blue",NA,0.775927575040663,-0.574193936885719,16,0.00197918542164013,0.000187634694397139,0.000128969957761725,NA
"HOMER3","HOMER3","ENSG00000051128",0.628902995960763,5.12753919408438e-07,"blue",NA,-0.836610645246268,0.495465679843444,14,0.000791311291687744,0.000187201080878618,0.000290964893199196,NA
"BCKDHB","BCKDHB","ENSG00000083123",-0.441060245071742,5.56637837630223e-05,"blue",NA,0.759801792818703,-0.478954105458849,19,0.0014969218253428,0.000185726030136975,0.000169495102661348,NA
"LRPPRC","LRPPRC","ENSG00000138095",-0.330641646489107,1.54501524181334e-05,"blue",NA,0.73496801657208,-0.477522743810794,21,0.00283321172478546,0.000185031070469118,0.000171213030191525,NA
"DGKE","DGKE","ENSG00000153933",-0.410240290837292,0.000258557524732443,"blue",NA,0.823864406178362,-0.461202184425586,11,0.000510733707281928,0.000183944560375026,0.000213990543653824,NA
"LST1","LST1","ENSG00000204482",0.758589535756147,3.08061664172735e-08,"blue",NA,-0.889820113342784,0.506137586398648,9,0.00124471105890764,0.000179257305686943,0.000287503066760803,NA
"RGMB","RGMB","ENSG00000174136",-0.687387104331505,4.45044443872206e-06,"blue",NA,0.777592550252949,-0.510840893632988,5,2.67499108665883e-05,0.000179121114053254,0.000306496109940971,NA
"TAF4B","TAF4B","ENSG00000141384",-0.479103637993559,0.000365187383840664,"blue",NA,0.736330494492905,-0.387907190655536,10,0.000741439003433803,0.000179037837926536,0.0001221933316019,NA
"CLTA","CLTA","ENSG00000122705",0.493455787427972,1.28442665640436e-07,"blue",NA,-0.883574401863398,0.50998655173612,21,0.00150829268462567,0.000178252527968947,0.000167672305642167,NA
"ITPR3","ITPR3","ENSG00000096433",-0.625094631184617,1.31548073815248e-07,"blue",NA,0.879595489092441,-0.564943088889584,29,0.00313955298450122,0.000176774486101556,0.000155281566930642,NA
"AGK","AGK","ENSG00000006530",-0.305919294286914,0.000157837790990362,"blue",NA,0.808599709937773,-0.446092935594564,15,0.00238927755699086,0.000176180264873282,0.000179459456676971,NA
"SMYD4","SMYD4","ENSG00000186532",-0.301409321168901,2.44728661280154e-05,"blue",NA,0.720360209645494,-0.510242580595166,5,0.00185817288086182,0.000174624157878281,0.000132253330368964,NA
"PIK3C2B","PIK3C2B","ENSG00000133056",-0.380856968294456,0.000322324750605807,"blue",NA,0.805453634006399,-0.449916649188988,11,0.000613500081314725,0.000173570891020174,0.000254343933327539,NA
"LIMK1","LIMK1","ENSG00000106683",0.817578651905593,8.00061268720693e-11,"blue",NA,-0.760947265526968,0.57766197988019,18,0.00152999213675996,0.000171830856823017,0.000164745533543814,NA
"MICALL1","MICALL1","ENSG00000100139",0.313772167602849,7.32489396364912e-05,"blue",NA,-0.611478088509458,0.407652962079387,6,0.000185134749503363,0.000170758888187469,0.00023923367194741,NA
"RTL10","RTL10","ENSG00000215012",-0.381835069536165,2.96987128237974e-09,"blue",NA,0.781395983238907,-0.592395528894455,11,1.80431860039051e-05,0.00017019847177125,0.000241283766847869,NA
"TNRC6A","TNRC6A","ENSG00000090905",-0.357659355420744,1.93310453292188e-05,"blue",NA,0.878370151023903,-0.496161770452474,37,0.00173767683735941,0.000170150462352083,0.000168290175077768,NA
"MICAL3","MICAL3","ENSG00000243156",-0.425868774224514,0.00230147915704828,"blue",NA,0.77390036920736,-0.39646077180387,7,0.000156594836479616,0.000168236553464701,0.00021749994700601,NA
"AP1M2","AP1M2","ENSG00000129354",0.793331554807701,0.000287584868410723,"blue",NA,-0.694236620255995,0.351156015588995,21,0.00236190523327113,0.000167601526051519,0.000150251610336542,NA
"TSR1","TSR1","ENSG00000167721",-0.304843718839996,0.000215175562929691,"blue",NA,0.639488527855688,-0.421466357123615,50,0.00418007366449391,0.000167102842354826,0.000104538914931996,NA
"SEC63","SEC63","ENSG00000025796",-0.233823237188835,5.53551032064245e-05,"blue",NA,0.692382855976641,-0.458214460919182,23,0.00370922174891629,0.000166987465916186,9.67513082926066e-05,NA
"CBX5","CBX5","ENSG00000094916",-0.527705230640832,1.51188214488676e-10,"blue",NA,0.912253498800597,-0.628774635458527,47,0.00428672626566512,0.000166584842343716,0.000120759529917881,NA
"AKT3","AKT3","ENSG00000117020",-0.524941198996063,7.24862321300406e-06,"blue",NA,0.886618790156441,-0.525302289532637,25,0.00480890484876672,0.000165454232180568,0.000197389038667399,NA
"USP13","USP13","ENSG00000058056",-0.196300181054506,0.0966956943356834,"blue",NA,0.627614958182954,-0.224919798585323,25,0.00364359793552509,0.000160977957381125,0.000229413821916753,NA
"EPHX2","EPHX2","ENSG00000120915",-0.567981883921509,8.04212873720018e-05,"blue",NA,0.644196614460773,-0.458948625765827,25,0.00249995847545995,0.0001606645576716,0.000108308104468706,NA
"CORO1B","CORO1B","ENSG00000172725",0.458076481167467,2.69479337188e-09,"blue",NA,-0.849873511408679,0.569558857694066,6,0.000163875883588892,0.000159778728267627,0.00022818216783227,NA
"DNAJA3","DNAJA3","ENSG00000103423",-0.300022052540171,6.67520773917985e-08,"blue",NA,0.621861357152731,-0.577282554912096,14,0.000279893116806463,0.000159374342081261,0.000172773568129267,NA
"RILPL2","RILPL2","ENSG00000150977",0.392441830278657,8.30391219301417e-05,"blue",NA,-0.85005914399169,0.437176038829221,4,3.45356110420293e-05,0.000158680024113145,0.000267532392564161,NA
"EPHA4","EPHA4","ENSG00000116106",-0.959444379668899,3.59094948003601e-09,"blue",NA,0.818411823539746,-0.627288449446224,11,0.000692241000186596,0.000158602880613656,0.000118526696449396,NA
"SAP18","SAP18","ENSG00000150459",0.306350058371161,5.071019058197e-05,"blue",NA,-0.81598220441104,0.423101249259529,38,0.00236582691418312,0.000158219930105533,0.00015833391143481,NA
"WDR76","WDR76","ENSG00000092470",-0.250130643469158,0.0093123631448761,"blue",NA,0.677378059056494,-0.321778007225237,30,0.00222461324467557,0.000157248883680603,0.000135527491627551,NA
"TIMM10B","TIMM10B","ENSG00000132286",-0.329762308447232,2.64827072013689e-05,"blue",NA,0.675408579383706,-0.478149027962697,7,0.000190520063359951,0.000155827949250178,0.000229410489981167,NA
"CFL2","CFL2","ENSG00000165410",-0.403511957418769,0.00181364631109546,"blue",NA,0.586689239926083,-0.360559395316561,26,0.00265227221014372,0.000154491500662398,0.000125568335415432,NA
"HSF2","HSF2","ENSG00000025156",-0.267273519395873,0.0148430638685932,"blue",NA,0.680345006086628,-0.326029184228278,2,0.000418452522857615,0.000154136500978697,0.000177217493207954,NA
"NIPA1","NIPA1","ENSG00000170113",-0.285721608496739,0.012438120641534,"blue",NA,0.762919431787847,-0.337957096576065,13,0.00182977992670947,0.000153657767939238,0.000166651853353181,NA
"ESRRA","ESRRA","ENSG00000173153",0.278408113979597,0.000457532536619522,"blue",NA,-0.653134466260613,0.40923705944031,15,0.00182545288640342,0.000153260442582483,0.000227855279543009,NA
"AURKAIP1","AURKAIP1","ENSG00000175756",0.671783407234659,8.11305264630779e-08,"blue",NA,-0.918493049617915,0.493334467827124,7,0.00013991290533171,0.000152677774567386,0.000221533200676881,NA
"H1-2","H1-2","ENSG00000187837",0.516504255367519,0.000465431866312577,"blue",NA,-0.694843409692914,0.373427084991737,16,0.000345598162053105,0.000152491436068936,0.000209470771231943,NA
"PTGDR","PTGDR","ENSG00000168229",-0.373165596596638,0.012349722542121,"blue",NA,0.593877997654822,-0.39414221380264,5,0.000855251210406787,0.000151817436802194,0.000346086937504338,NA
"TOP2B","TOP2B","ENSG00000077097",-0.350176074312901,1.02156555616244e-07,"blue",NA,0.606364571219892,-0.552411012981197,41,0.00248967892836455,0.000151807122740885,0.000109096106729517,NA
"KDM2B","KDM2B","ENSG00000089094",-0.249003296453409,4.01228390683926e-05,"blue",NA,0.759148856341496,-0.477280040372909,23,0.00103300301092667,0.000151432654049877,0.00019870205666433,NA
"TDP1","TDP1","ENSG00000042088",-0.417050250240916,3.24019309086379e-09,"blue",NA,0.666171525411377,-0.596484400477907,11,0.000110037431150635,0.000151189551068301,0.000184777871751631,NA
"BST1","BST1","ENSG00000109743",0.66815971651404,9.42029554731152e-11,"blue",NA,-0.741787362214815,0.621865505536357,9,0.00057054498330358,0.000150648784737376,0.000284999554474927,NA
"PSIP1","PSIP1","ENSG00000164985",-0.329032906299176,0.000149884570579193,"blue",NA,0.861683611697868,-0.445812675905604,25,0.000411462557122862,0.00015004177862274,0.000161554868581193,NA
"AHNAK","AHNAK","ENSG00000124942",-0.547093521679025,7.9999474005382e-08,"blue",NA,0.644490093803184,-0.546772471353497,13,0.00155338134674577,0.000149034424527688,0.000199950525247029,NA
"LRRC59","LRRC59","ENSG00000108829",0.211981726647053,0.00292788764527657,"blue",NA,-0.671074536525041,0.34618914263159,13,0.00183510345761606,0.000148547048447906,0.000164184260340951,NA
"REV1","REV1","ENSG00000135945",-0.269367120193069,0.00398297996709476,"blue",NA,0.816402148048199,-0.3642510330322,19,0.000223509186436989,0.000146241254603274,0.000221355432860203,NA
"SERINC5","SERINC5","ENSG00000164300",-0.482186051960248,3.13933156032708e-05,"blue",NA,0.711289348726527,-0.481360243517052,8,2.16946377428374e-05,0.000145770871141089,0.000363470772634611,NA
"PTK2B","PTK2B","ENSG00000120899",0.292827525248822,0.000271803267098646,"blue",NA,-0.701237686593132,0.41927346733773,19,0.00201136559591101,0.000145489369056736,0.000122770696310544,NA
"NDC1","NDC1","ENSG00000058804",-0.363189959834018,7.80701618211152e-05,"blue",NA,0.788968130213917,-0.454189321446987,28,0.00257360988608459,0.000144747912835513,0.000132486323929175,NA
"SERTAD1","SERTAD1","ENSG00000197019",0.591547076363274,4.11780765778398e-07,"blue",NA,-0.856850787315003,0.489892726873956,3,2.66854226954441e-05,0.000144680507805457,0.000306110331347244,NA
"NUP205","NUP205","ENSG00000155561",-0.328157668138617,0.000169231192238274,"blue",NA,0.64782500876746,-0.475477752649323,46,0.00327918032520356,0.00014390949617546,0.000118176756375703,NA
"TAF4","TAF4","ENSG00000130699",-0.441047996751176,2.96137423606473e-09,"blue",NA,0.65622175371385,-0.533991871495245,27,0.000676341566967179,0.00014361599288602,0.000136224172443173,NA
"TINF2","TINF2","ENSG00000092330",0.237064895310443,3.20794448660726e-05,"blue",NA,-0.806299731557104,0.454309930328032,24,0.000613991273123367,0.000142999507371476,0.000146586448109743,NA
"BRMS1","BRMS1","ENSG00000174744",0.490831507962618,8.7615707141744e-06,"blue",NA,-0.871770308369131,0.432671736089082,18,0.000583467533461783,0.000142799279227431,0.000198245280163494,NA
"INPPL1","INPPL1","ENSG00000165458",0.232339429613119,0.000126378710008416,"blue",NA,-0.688608096125076,0.439639631271615,13,0.00132591114472362,0.000142547344850788,0.000217137925663042,NA
"C3orf18","C3orf18","ENSG00000088543",-0.30287546198791,0.00613088672846556,"blue",NA,0.637755267545384,-0.365055819070413,7,0.00229220413575425,0.000142136078000178,0.000208672693391362,NA
"POFUT1","POFUT1","ENSG00000101346",-0.24002316345513,0.000110173320805747,"blue",NA,0.578924634473227,-0.471689703637358,6,0.000519481232343778,0.00014189285448211,0.0002403145589533,NA
"WDR3","WDR3","ENSG00000065183",-0.403943866037666,4.3263523842791e-07,"blue",NA,0.709890974940508,-0.534031401976593,50,0.00160301330138934,0.000141888529441908,0.000113720176419994,NA
"SATB1","SATB1","ENSG00000182568",-0.47486192129167,1.91691142167267e-05,"blue",NA,0.90525842167209,-0.500318961915119,23,0.000512798758146985,0.000141706766511341,0.000160412307201971,NA
"MEGF8","MEGF8","ENSG00000105429",-0.325831316573112,8.14562071027167e-06,"blue",NA,0.547270467732093,-0.508305721527006,2,0.00122622205380826,0.000139812185471811,0.00036967681181888,NA
"NDUFB6","NDUFB6","ENSG00000165264",0.718742285526945,6.04531215510304e-08,"blue",NA,-0.832757957287706,0.512022765233598,18,0.000851035458316946,0.0001392824365914,0.000165137869699107,NA
"AQR","AQR","ENSG00000021776",-0.210989742631558,0.000835392336602494,"blue",NA,0.611589012963369,-0.40406780916019,27,0.000796271907392813,0.000138740923741864,0.000128626400749919,NA
"NPAT","NPAT","ENSG00000149308",-0.540471968916306,1.51867639020006e-06,"blue",NA,0.911635610482554,-0.529321005036316,6,0.00012732707944983,0.000138355556233435,0.00023478860799693,NA
"MED18","MED18","ENSG00000130772",0.472343716846107,3.13933156032708e-05,"blue",NA,-0.784726636836775,0.389747284511879,12,0.000125008818258675,0.000138022848449172,0.000193559590994337,NA
"CAPN2","CAPN2","ENSG00000162909",-0.15302910246323,0.0383299536930344,"blue",NA,0.536131388280175,-0.29911929696206,12,0.000664146095195005,0.000137204033728606,0.000202222037821494,NA
"LAT","LAT","ENSG00000213658",-0.355048865563528,0.00284497495940973,"blue",NA,0.46084706117927,-0.38622113216426,21,0.000162625020340696,0.000135674338657949,0.000138720539952762,NA
"LONP2","LONP2","ENSG00000102910",-0.274641010565916,1.28535686082083e-06,"blue",NA,0.763483586219672,-0.526197878147991,14,0.000703691804595503,0.000135451239944649,0.000169153372350226,NA
"HOOK1","HOOK1","ENSG00000134709",-0.695363219298333,0.000464673650032288,"blue",NA,0.771659127367914,-0.422265400798971,10,0.000932344569115244,0.000134669942726402,8.10522957756027e-05,NA
"PRKCQ","PRKCQ","ENSG00000065675",-0.480467336993207,6.7447942333861e-09,"blue",NA,0.826548310004656,-0.597343362724858,22,0.000403536929928219,0.00013375386115027,0.000136798176952421,NA
"ARF4","ARF4","ENSG00000168374",0.230558342719384,7.82906492091239e-05,"blue",NA,-0.677836094570353,0.45982723219375,14,0.000813621175060699,0.000133472584977998,7.37052040283297e-05,NA
"SETBP1","SETBP1","ENSG00000152217",-0.508969090827097,2.84749737634222e-05,"blue",NA,0.637836257344972,-0.497749087103802,18,0.000872747332425167,0.000132490256097018,0.000158113847958724,NA
"PAICS","PAICS","ENSG00000128050",-0.296491019202686,5.50380243554106e-05,"blue",NA,0.505830347958599,-0.466916095733454,24,0.00184261636873935,0.000132489621893439,0.00011425260049533,NA
"SLC4A7","SLC4A7","ENSG00000033867",-0.400711789941343,0.0156005690387947,"blue",NA,0.837171465906205,-0.374026205399058,19,0.00111005235056498,0.000132287746417516,0.000112346734969817,NA
"ARPC3","ARPC3","ENSG00000111229",0.641118334707311,3.36821656241279e-13,"blue",NA,-0.915374648557009,0.649895529336284,14,0.000667201640795475,0.000132027133681553,0.000168739356615591,NA
"SARM1","SARM1","ENSG00000004139",-0.432805012825576,1.84428775190528e-05,"blue",NA,0.691145765314377,-0.496189706453048,9,0.000139144316267784,0.000131903038945698,0.000264155117309498,NA
"IL24","IL24","ENSG00000162892",-0.61211487416633,3.1781845184304e-08,"blue",NA,0.580539129763686,-0.57796605013263,11,0.00090274755219867,0.000131079847437002,0.000197092886118851,NA
"UBASH3A","UBASH3A","ENSG00000160185",-0.45545778982713,3.78483793099283e-05,"blue",NA,0.634363645578948,-0.474698174052624,20,0.000223447757206717,0.000130740597970258,0.000172385414832208,NA
"IPO5","IPO5","ENSG00000065150",-0.346253633347465,6.14276101735495e-09,"blue",NA,0.752228652038937,-0.585544333299313,34,0.00321578808211235,0.000129696949422764,8.85709642091173e-05,NA
"UNC5A","UNC5A","ENSG00000113763",0.938113054515896,1.23820285395768e-08,"blue",NA,-0.677980069081725,0.556394726787137,5,0.000196103857937342,0.000129219637955189,9.35386344624543e-05,NA
"ACSS2","ACSS2","ENSG00000131069",0.418782291647585,5.68439209937601e-07,"blue",NA,-0.819368326708241,0.50879463661481,24,0.00302839987267409,0.000128577652605088,9.74661897382672e-05,NA
"PATJ","PATJ","ENSG00000132849",-0.679558164618391,6.21617171985776e-07,"blue",NA,0.884394224279881,-0.560012663539328,16,0.0025481279323619,0.000128421666046821,9.4426402998368e-05,NA
"FDPS","FDPS","ENSG00000160752",0.233965597419615,0.000273964483414532,"blue",NA,-0.593910611540992,0.408931392073322,9,0.00172433850414269,0.000127860409195418,0.000212092110898136,NA
"PPIP5K1","PPIP5K1","ENSG00000168781",-0.433957440367349,4.94387880835214e-06,"blue",NA,0.678055635303825,-0.503726269349702,9,0.000181549449241871,0.000127788341198956,0.000367923866047214,NA
"ZHX3","ZHX3","ENSG00000174306",-0.382394723363089,2.09684859791325e-05,"blue",NA,0.710786229009436,-0.508805205513515,5,8.01310509247412e-05,0.000127222016772285,0.000222214182946619,NA
"YIPF1","YIPF1","ENSG00000058799",0.549688892138953,6.89108403696718e-10,"blue",NA,-0.833079578146565,0.606707683927518,9,0.000238766482270055,0.00012575428192574,0.00019241109665456,NA
"PAXIP1","PAXIP1","ENSG00000157212",-0.291073998734276,0.000134605229045365,"blue",NA,0.709515407213357,-0.472849141852489,32,0.00135569659527894,0.000124317132055125,0.000125299522889996,NA
"ZFYVE27","ZFYVE27","ENSG00000155256",0.115825957956424,0.0425056344684109,"blue",NA,-0.516624471449028,0.232792835369214,12,0.00106009590418524,0.000124054155753126,0.00010041852253152,NA
"FCRL3","FCRL3","ENSG00000160856",-0.492532433078831,0.00087362557597816,"blue",NA,0.621663691786976,-0.393576463386708,12,5.08570411555466e-05,0.000124043888802657,0.000131625219116272,NA
"SLC25A12","SLC25A12","ENSG00000115840",-0.24757851254067,0.00154995345621943,"blue",NA,0.669903005806489,-0.371170350573941,5,0.000195884248127809,0.000122220919137582,0.000213287866377819,NA
"ATP6V1E1","ATP6V1E1","ENSG00000131100",0.533937963293907,1.17839539313257e-09,"blue",NA,-0.928607744127509,0.570064986271698,20,0.00230367655667797,0.000122035257181408,8.189993074243e-05,NA
"HERC1","HERC1","ENSG00000103657",-0.441082833973108,2.29360402104235e-09,"blue",NA,0.819815863583385,-0.602151341734541,3,1.11784515506042e-05,0.00012200846614406,0.000299260611924871,NA
"ZBTB40","ZBTB40","ENSG00000184677",-0.412182068443521,7.85934131720523e-07,"blue",NA,0.884579149387199,-0.544848751239288,6,0.000630686060328737,0.000121921241427653,8.06878906109744e-05,NA
"PHC1","PHC1","ENSG00000111752",-0.449562445015222,0.000113182812961833,"blue",NA,0.756589625146455,-0.451944828837494,30,0.0017547876341131,0.000121556524932188,0.000130322166151254,NA
"TMSB4X","TMSB4X","ENSG00000205542",0.411020686721555,4.61744524710608e-06,"blue",NA,-0.805832989997675,0.466683294988465,6,6.65028973925213e-05,0.00012088522432759,0.000312389525527049,NA
"HTATIP2","HTATIP2","ENSG00000109854",0.654883470842285,6.95163996889808e-13,"blue",NA,-0.848198633515747,0.652232047115647,10,0.000301702360984333,0.00011996625868897,0.000251960450360331,NA
"MGA","MGA","ENSG00000174197",-0.472574207211137,2.43748027291627e-06,"blue",NA,0.845513840101203,-0.514616031703482,18,0.000551418299407266,0.000119947635376572,0.000219516967039709,NA
"ARPC1B","ARPC1B","ENSG00000130429",0.574970729126031,1.16717755845682e-07,"blue",NA,-0.915133942452334,0.498479746924931,16,0.00128850464780943,0.000119732763683978,0.0001499780635175,NA
"MKRN2","MKRN2","ENSG00000075975",-0.227576129859311,8.7313681149304e-05,"blue",NA,0.620169826020672,-0.34859771346949,6,9.93172786790741e-05,0.000118874574647287,0.000222118218631831,NA
"POMP","POMP","ENSG00000132963",0.890592433089561,4.219016000563e-13,"blue",NA,-0.871512077525938,0.626376736178868,9,4.06873346866691e-05,0.0001187034233129,0.000273271584835342,NA
"EIF5A2","EIF5A2","ENSG00000163577",-0.516733814896371,0.000193980223021112,"blue",NA,0.583983407155857,-0.440711591734677,18,0.000500248758451372,0.000118511924984349,0.000154890060597796,NA
"HERC2","HERC2","ENSG00000128731",-0.473836225413795,3.91503385993138e-05,"blue",NA,0.648872466456194,-0.475384632355706,21,0.00138417849716396,0.000118268964071188,0.000136039564727067,NA
"NUP160","NUP160","ENSG00000030066",-0.406095970293988,2.30622378028812e-06,"blue",NA,0.864521409158139,-0.520901440147925,36,0.00107170000864864,0.000117006451272656,0.000116675130832934,NA
"ATP6V1H","ATP6V1H","ENSG00000047249",0.181914675142192,0.00972609606366546,"blue",NA,-0.610603355325528,0.307438821574178,18,0.00156773945019884,0.000116864801819915,8.5002562278583e-05,NA
"ABCB1","ABCB1","ENSG00000085563",-0.687374752512355,4.84263450275098e-07,"blue",NA,0.740988575778208,-0.557635615240153,13,0.00141685071181872,0.000116379600914926,0.000163854824714238,NA
"RASGRP1","RASGRP1","ENSG00000172575",-0.597465513183249,4.81101431058929e-06,"blue",NA,0.955034392967897,-0.524093121175436,17,0.000968390351503471,0.000114627584524795,0.000144333780097877,NA
"SNW1","SNW1","ENSG00000100603",0.161163627954761,0.000235239416154288,"blue",NA,-0.704429653715299,0.432160537005033,47,0.00338250363574171,0.000114478078927494,8.30725191726896e-05,NA
"NUP155","NUP155","ENSG00000113569",-0.32894273840428,4.36177831667562e-08,"blue",NA,0.742412554360573,-0.541934845387202,37,0.00112935592259561,0.000114252322209867,0.000110936955002386,NA
"MYBL1","MYBL1","ENSG00000185697",-0.150211785082924,0.336694928798683,"blue",NA,0.634900344684772,-0.249399071123735,11,0.000423319236334892,0.00011409256064566,0.000186120002973642,NA
"DLG3","DLG3","ENSG00000082458",-0.467689721760939,2.5577681001413e-05,"blue",NA,0.651181317161763,-0.483542544784017,17,0.0021274312454713,0.000112882003580463,7.25837730273973e-05,NA
"DYNC2H1","DYNC2H1","ENSG00000187240",-0.602700035619635,0.000771387598003954,"blue",NA,0.623289981518313,-0.422742774308396,10,0.000151792116647606,0.000112416705054169,0.000151141614658796,NA
"U2AF1","U2AF1","ENSG00000160201",0.218845914787708,5.85360891440776e-05,"blue",NA,-0.583423447661424,0.464149045520512,40,0.00137847814858631,0.00011157525979972,0.000102129803186641,NA
"MAGEE1","MAGEE1","ENSG00000198934",-0.702467184917301,3.43601947039087e-09,"blue",NA,0.743757161108259,-0.598243105630903,1,0,0.000111487354841934,0.000454675616964598,NA
"HTRA2","HTRA2","ENSG00000115317",0.394765974454069,2.49797639915638e-06,"blue",NA,-0.669449570558412,0.483056682930833,16,0.000670900645042646,0.000110153811079945,0.000119595544704162,NA
"DERL2","DERL2","ENSG00000072849",0.23473361764701,0.00013842255023052,"blue",NA,-0.600438704789552,0.425206953668919,17,0.000995753019515674,0.000110092437604212,8.8478479436959e-05,NA
"PLEKHO1","PLEKHO1","ENSG00000023902",0.661082819009632,1.22409990366342e-09,"blue",NA,-0.895373919197149,0.558179700575716,3,2.9505683009832e-06,0.000109281753366049,0.000396503089341167,NA
"BICD1","BICD1","ENSG00000151746",-0.565689114679597,6.69504282331804e-06,"blue",NA,0.766097219839717,-0.504976640522862,8,0.000405221188919884,0.000109222015239167,6.11217989111181e-05,NA
"BRD1","BRD1","ENSG00000100425",-0.432598325141122,1.29728549813695e-10,"blue",NA,0.798399180534771,-0.619577957089126,24,0.00217674554898754,0.000108175801932122,0.000139221421837886,NA
"EVL","EVL","ENSG00000196405",-0.328562659776444,6.63194167458325e-07,"blue",NA,0.72075570595307,-0.530321372389672,6,0.000127900458504182,0.000108073476968356,7.53774715296624e-05,NA
"APBB1","APBB1","ENSG00000166313",-0.508963802127422,4.80391941242458e-06,"blue",NA,0.533951061372082,-0.514953771189482,14,0.00149829184252511,0.000107962079677266,0.000131223623853461,NA
"BICDL1","BICDL1","ENSG00000135127",-0.481356877663117,1.33491114782889e-06,"blue",NA,0.727330551980568,-0.511904354566936,7,0.000225230771638232,0.00010768109836298,6.12629937804833e-05,NA
"LAMTOR5","LAMTOR5","ENSG00000134248",0.428582724286984,6.17098732037986e-07,"blue",NA,-0.748298793774522,0.504341366770167,18,0.00215499960737863,0.000107410024818669,0.00013178136369008,NA
"CLEC2D","CLEC2D","ENSG00000069493",-0.287603909204261,0.0145662224684304,"blue",NA,0.802574715605776,-0.351474256034039,8,0.000109583665960013,0.000107268490608442,0.000210002404004198,NA
"TAF9B","TAF9B","ENSG00000187325",-0.299080530306707,0.00629510308672523,"blue",NA,0.748229024207545,-0.369407016035663,18,0.000175444825413253,0.000107038427144115,0.000164907019419154,NA
"SENP1","SENP1","ENSG00000079387",-0.116804092997032,0.12111707793431,"blue",NA,0.604832640979414,-0.219648554425475,19,0.00100421932157728,0.000105180301770301,0.000142097316328878,NA
"SLC7A1","SLC7A1","ENSG00000139514",-0.387904638048266,9.17559913141506e-05,"blue",NA,0.603136329600581,-0.445194648077776,8,0.00157802625438461,0.000103952170997737,0.000107282324285072,NA
"UBAC1","UBAC1","ENSG00000130560",0.250799147026983,0.000368622216681205,"blue",NA,-0.69542525410268,0.400295873859147,7,0.000394776839463364,0.000103391973851572,0.000217940337041548,NA
"COASY","COASY","ENSG00000068120",0.245545484912912,0.00360983830849732,"blue",NA,-0.816434897173792,0.31401281506757,29,0.00604883372744167,0.000103336449391915,7.20537358460528e-05,NA
"ADPRS","ADPRHL2","ENSG00000116863",0.404307156978228,3.24837858647537e-05,"blue",NA,-0.812559665365463,0.420886259956153,8,1.23451906691583e-05,0.000103166029745108,0.000275517091272798,NA
"P2RY10","P2RY10","ENSG00000078589",-0.685265004763155,2.22142730153667e-07,"blue",NA,0.804607542462947,-0.511488291362273,4,0.000307672516708897,0.000103101055821797,0.000135355313205731,NA
"GHRL","GHRL","ENSG00000157017",0.486864278764948,0.00060666746985016,"blue",NA,-0.569760251424045,0.368592929598331,12,0.000589466996231444,0.000102181106399606,0.000110863690238096,NA
"TXNL1","TXNL1","ENSG00000091164",0.345795351113376,2.03261765283354e-08,"blue",NA,-0.770177617578996,0.561817910526006,13,0.0011401055391651,0.000100586828715698,0.000164283849541891,NA
"PLEKHG4","PLEKHG4","ENSG00000196155",-0.601735738657735,6.45254257524394e-08,"blue",NA,0.681632247750338,-0.567446185979376,14,0.000980590444350655,0.000100018648687833,0.000120174399384934,NA
"POM121","POM121","ENSG00000196313",-0.492383929720704,2.18806079345622e-09,"blue",NA,0.803413188468134,-0.598992269410075,28,0.000401626456044044,9.99613771370612e-05,0.000115369109020353,NA
"CCDC88B","CCDC88B","ENSG00000168071",0.251381801037634,0.00671580039436845,"blue",NA,-0.725302940463924,0.302708999143915,3,8.53427610427933e-06,9.92915301339665e-05,0.000242299369364051,NA
"EFEMP2","EFEMP2","ENSG00000172638",0.675982862878835,8.18180619890596e-10,"blue",NA,-0.636205581495408,0.558550928756134,6,0.000161886203740214,9.91183931868124e-05,0.000148284732404818,NA
"IP6K2","IP6K2","ENSG00000068745",0.174763596322126,0.00145088166902534,"blue",NA,-0.581338247102509,0.375932641755718,8,0.000248784693678869,9.83045779789251e-05,0.000273389048112327,NA
"ARPC1A","ARPC1A","ENSG00000241685",0.39460419876521,1.75395793066007e-09,"blue",NA,-0.894959661595197,0.583086475275178,14,0.000516901254760403,9.78583640974711e-05,0.000141660819914125,NA
"RHOH","RHOH","ENSG00000168421",-0.330043236155004,2.0607918558852e-05,"blue",NA,0.617697864779238,-0.46853313846671,15,0.00265485232356321,9.68300503197063e-05,0.000129026774853021,NA
"ATP6V0A2","ATP6V0A2","ENSG00000185344",-0.238192830631202,0.000895948612874144,"blue",NA,0.801688758378736,-0.408829725268041,13,0.00101472860760631,9.46508191177087e-05,7.4739605390919e-05,NA
"MEX3C","MEX3C","ENSG00000176624",-0.513582145437409,1.45019307145619e-05,"blue",NA,0.79083312580615,-0.51329787526594,15,0.000487406884137484,9.45705189140252e-05,0.000156266313911262,NA
"SNAPIN","SNAPIN","ENSG00000143553",0.397441244919719,8.61756218787749e-08,"blue",NA,-0.627832490917647,0.556759794816442,15,0.000956228008208174,9.43278226304853e-05,9.60087610620971e-05,NA
"EPHA1","EPHA1","ENSG00000146904",-0.43640575222285,5.3023721412757e-05,"blue",NA,0.446701758419523,-0.473210910107871,12,0.000401398366195287,9.42531164627647e-05,0.000107316868528123,NA
"LMAN2","LMAN2","ENSG00000169223",0.452507796174682,1.12094879178189e-07,"blue",NA,-0.930873305236166,0.524685694963355,14,0.000991319966879816,9.38900720211144e-05,7.71506855030663e-05,NA
"URB1","URB1","ENSG00000142207",-0.587553238727198,2.46782254024928e-08,"blue",NA,0.832620482865273,-0.586249456169622,37,0.00105812300124173,9.32131003848314e-05,6.59863129438437e-05,NA
"MYL12B","MYL12B","ENSG00000118680",0.536252503676457,2.1975210481126e-08,"blue",NA,-0.805237060182337,0.544556652767722,9,0.000410445954875933,9.28489972609524e-05,7.16417464964393e-05,NA
"CNTNAP1","CNTNAP1","ENSG00000108797",-0.379906787309,0.00168052339268187,"blue",NA,0.649602691196925,-0.425492906669147,10,0.00038289108464458,9.26459859051129e-05,7.9588842576078e-05,NA
"ATXN2","ATXN2","ENSG00000204842",-0.265129288608883,0.000193957308624319,"blue",NA,0.670395063563184,-0.446238904219488,23,0.00272176561292283,9.24458217408923e-05,7.84390278633317e-05,NA
"NEU1","NEU1","ENSG00000204386",0.52645572900028,1.71561757782152e-09,"blue",NA,-0.917996217240979,0.573250755464464,6,0.000211401207568744,9.24337592694411e-05,0.000129457748428629,NA
"NCALD","NCALD","ENSG00000104490",-0.616744184724218,1.47815515871166e-08,"blue",NA,0.647359748698003,-0.583479356475958,7,0.000137907865758269,9.16726447248362e-05,7.22718276622583e-05,NA
"NOG","NOG","ENSG00000183691",-0.9048888707747,3.01252516117783e-05,"blue",NA,0.593062887424625,-0.493511158938569,14,0.000787483042754474,9.16113192616948e-05,0.000100907232444433,NA
"ATP6V0E1","ATP6V0E1","ENSG00000113732",0.707082435961206,2.07177609951294e-12,"blue",NA,-0.953304007779374,0.623596621476203,15,0.000291676725460852,9.13602952373668e-05,6.75888597183412e-05,NA
"AMIGO2","AMIGO2","ENSG00000139211",-0.16653740301437,0.133203472774956,"blue",NA,0.482929480891078,-0.203711408187636,3,5.42974631139912e-05,9.12118401920393e-05,0.000271462191402048,NA
"SIRT7","SIRT7","ENSG00000187531",0.369710199034215,4.34628166422908e-07,"blue",NA,-0.857240434725005,0.515306286332418,21,0.00119877207750917,9.10797321907036e-05,9.08365384088737e-05,NA
"NTSR1","NTSR1","ENSG00000101188",0.928903970825425,2.9787097723123e-06,"blue",NA,-0.621031242764463,0.472291349930292,12,0.000561010204814359,8.982940707458e-05,0.000147679437820552,NA
"UTP20","UTP20","ENSG00000120800",-0.592619287776785,3.68397609446541e-08,"blue",NA,0.794461207742166,-0.553088563184875,39,0.000335824948297399,8.9688621327254e-05,6.83859653027759e-05,NA
"ASXL1","ASXL1","ENSG00000171456",-0.41521077081263,1.74948834750994e-10,"blue",NA,0.898458912968836,-0.621728115787218,25,0.00112403334587473,8.93145790180811e-05,0.000105742686103571,NA
"INCENP","INCENP","ENSG00000149503",-0.353865453222565,3.6684441256934e-06,"blue",NA,0.632349816961618,-0.497652951563224,29,0.00347104229144914,8.90482360287912e-05,7.847564337646e-05,NA
"ATP6V1D","ATP6V1D","ENSG00000100554",0.367688449364891,5.97599455099421e-06,"blue",NA,-0.767915475133462,0.483357775928222,18,0.00287646146242311,8.89810625352388e-05,5.95492361359807e-05,NA
"ZNF80","ZNF80","ENSG00000174255",-0.432031243581104,0.0277130546203821,"blue",NA,0.630249127385806,-0.3122250598621,1,0,8.86422515018363e-05,0.000206998750739102,NA
"SLC25A23","SLC25A23","ENSG00000125648",-0.49971637957012,6.96766748565982e-05,"blue",NA,0.463752914205269,-0.41259413246129,8,0.000168714713578935,8.72867201368851e-05,8.84132714832878e-05,NA
"HMGCL","HMGCL","ENSG00000117305",0.366993484110097,5.38011840989803e-08,"blue",NA,-0.634199477959309,0.55132225602686,21,0.00122468041949832,8.65371889278637e-05,6.75054266552834e-05,NA
"EDAR","EDAR","ENSG00000135960",-0.675441495917071,0.00138407985521416,"blue",NA,0.71713473224826,-0.428148388545207,10,4.01337803186815e-05,8.56778648649136e-05,0.000125261426590715,NA
"NAGK","NAGK","ENSG00000124357",0.646343868072396,1.08662511390272e-10,"blue",NA,-0.845607700579736,0.598091436195822,5,9.62375066616603e-05,8.55467648311195e-05,0.000120588394309844,NA
"CFAP44","CFAP44","ENSG00000206530",-0.292650178849529,0.0328085733652763,"blue",NA,0.689188294573955,-0.303071226079069,4,0.000617403188515493,8.54693929722355e-05,9.86416240069384e-05,NA
"ING5","ING5","ENSG00000168395",-0.268182082754103,0.000607412595163317,"blue",NA,0.629105794367331,-0.409384615473963,19,0.00319837593804497,8.54078938912419e-05,0.000106368737311372,NA
"COMMD5","COMMD5","ENSG00000170619",0.424746372834652,3.0353475718022e-08,"blue",NA,-0.782625318354279,0.55297851180137,20,0.00289617413203089,8.50112325292543e-05,0.000115012567691793,NA
"AKAP1","AKAP1","ENSG00000121057",-0.584667049280886,2.83796246667537e-11,"blue",NA,0.820882247782972,-0.63947611651842,8,0.000773533261963053,8.47752557274055e-05,7.58628831834567e-05,NA
"OFD1","OFD1","ENSG00000046651",-0.289319770331777,0.00294606881332014,"blue",NA,0.770129930441435,-0.390897609329487,21,0.00125234781025879,8.47566822277752e-05,6.68811699092109e-05,NA
"GDF11","GDF11","ENSG00000135414",-0.425203373375113,1.38883247726033e-06,"blue",NA,0.772047176623811,-0.549839773389891,6,0.000310062224623507,8.47153421735816e-05,0.000130487649372777,NA
"COG4","COG4","ENSG00000103051",0.207280131922287,0.000458810865853012,"blue",NA,-0.657130082116464,0.401547703658671,13,0.00247592611337535,8.44184564315716e-05,7.57527428363398e-05,NA
"GATM","GATM","ENSG00000171766",-0.648392073048265,0.0016717230602565,"blue",NA,0.625973507202014,-0.433554026823651,7,0.000303940925012123,8.44128314995279e-05,8.21078498000953e-05,NA
"DNASE2","DNASE2","ENSG00000105612",0.466952053904615,1.15263740348951e-05,"blue",NA,-0.719736558775085,0.43618686343844,10,0.00125375355931666,8.42354287838821e-05,0.000129268785775791,NA
"ACKR3","ACKR3","ENSG00000144476",-0.587325844660117,3.10992829170385e-05,"blue",NA,0.648382259670085,-0.463421080801981,9,0.000152223283755695,8.41871609418941e-05,0.000165192325207228,NA
"GPR171","GPR171","ENSG00000174946",-0.199996524042436,0.129439901964981,"blue",NA,0.707883896527408,-0.247151685857927,10,0.000471727305496845,8.40343095430725e-05,0.000116337563804,NA
"RAB32","RAB32","ENSG00000118508",0.787267837361448,1.91386321373783e-11,"blue",NA,-0.929516756893252,0.61881756841146,11,0.000704350808387965,8.36282806078689e-05,8.11996671400346e-05,NA
"PABPN1","PABPN1","ENSG00000100836",0.233891265172568,0.009032163360183,"blue",NA,-0.598880609609235,0.264772133276044,28,0.00278457204626116,8.32920327718591e-05,7.26652336065687e-05,NA
"SNRPN","SNRPN","ENSG00000128739",-0.338695571994593,0.0142193145966364,"blue",NA,0.68492796901561,-0.320731059643416,31,0.00196251069964497,8.31783245171592e-05,5.66770280487528e-05,NA
"HSH2D","HSH2D","ENSG00000196684",0.33932814032866,0.00571965700659568,"blue",NA,-0.655365891152464,0.32270691516493,5,8.51167479005214e-05,8.29710743097367e-05,0.00021018970611004,NA
"RTN2","RTN2","ENSG00000125744",0.649814778804818,6.37482896010914e-06,"blue",NA,-0.745591738698093,0.491918902298237,9,0.000529143418880885,8.28519208597886e-05,0.000170340981495865,NA
"NLGN2","NLGN2","ENSG00000169992",-0.612280194275862,3.31154872843337e-05,"blue",NA,0.479067858983028,-0.482614280990253,9,0.000268056485647441,8.26437831690942e-05,6.54705447539634e-05,NA
"DDX46","DDX46","ENSG00000145833",-0.313082711178387,2.92966543110458e-07,"blue",NA,0.680197156291931,-0.549660652796913,31,0.00116890137547183,8.2630528074489e-05,9.33065687880309e-05,NA
"VPS13A","VPS13A","ENSG00000197969",-0.239785828533754,0.0703634068038771,"blue",NA,0.836361572838777,-0.30983363526945,9,0.000580246850297047,8.25847453642203e-05,7.36316972135149e-05,NA
"PIM2","PIM2","ENSG00000102096",0.306518411408163,0.000208913935190711,"blue",NA,-0.501074223012478,0.437928692578178,8,0.000119456382412736,8.25836880572662e-05,0.000174434620996507,NA
"CAMK4","CAMK4","ENSG00000152495",-0.654923380439871,5.90883134229975e-05,"blue",NA,0.904430421612739,-0.509148684535421,10,0.000709826431176572,8.2249658360431e-05,8.02918123881493e-05,NA
"MYL12A","MYL12A","ENSG00000101608",0.552432280708156,2.05156953468637e-10,"blue",NA,-0.874554890463436,0.597261591032446,7,0.000101444654551918,8.21847031881417e-05,6.51889931708882e-05,NA
"RINT1","RINT1","ENSG00000135249",-0.343330185861703,0.000138522585434485,"blue",NA,0.792975054000712,-0.445918013402164,18,0.00303949632243153,8.1579432319374e-05,6.39032380917135e-05,NA
"TMEM59","TMEM59","ENSG00000116209",0.494690605128383,2.83796246667537e-11,"blue",NA,-0.879962449779047,0.62183509473745,16,0.000770679483559517,8.14501208420255e-05,7.99149906707353e-05,NA
"KCNA3","KCNA3","ENSG00000177272",-0.613758533616105,8.45594741746954e-06,"blue",NA,0.854081552221377,-0.495523755862533,9,0.000431571755016052,8.12851984517801e-05,0.000154159686335126,NA
"CCR4","CCR4","ENSG00000183813",-0.84171006941683,3.36310700573773e-08,"blue",NA,0.770525580463296,-0.596187719652462,11,5.32161237428835e-05,8.12322463497097e-05,0.000122031551307906,NA
"SIGLEC6","SIGLEC6","ENSG00000105492",-0.807302899068606,0.000274514872665035,"blue",NA,0.650462900815759,-0.44106859365395,3,1.58606840274244e-05,8.11828285952455e-05,0.000254868769820695,NA
"TXK","TXK","ENSG00000074966",-0.484750434850433,0.000673985960173145,"blue",NA,0.834570005887838,-0.470442851446803,11,0.000111652935843706,8.11156795697386e-05,0.000140991754107097,NA
"BCL9L","BCL9L","ENSG00000186174",-0.750096519136314,1.93824864209789e-11,"blue",NA,0.858279297678402,-0.650216527169889,13,0.000142037991036652,8.10098454898031e-05,0.000122957520904996,NA
"SQOR","SQOR","ENSG00000137767",0.982140130144203,1.76705461560873e-15,"blue",NA,-0.917955340921414,0.668480163996563,7,9.28877956927937e-05,8.045431987798e-05,0.0001549743359911,NA
"EEF1D","EEF1D","ENSG00000104529",0.231588123868022,0.00129219446694005,"blue",NA,-0.602453449355482,0.349645582531832,13,0.000499774096756528,8.04449772535712e-05,0.000144930171111683,NA
"EIF1","EIF1","ENSG00000173812",0.476792735649464,1.86668652728482e-07,"blue",NA,-0.857444829247628,0.487677560965306,12,0.000382954545249659,7.95435369038945e-05,0.000140572283610549,NA
"L3MBTL1","L3MBTL1","ENSG00000185513",-0.368013333042445,0.000110122335786908,"blue",NA,0.792731107991608,-0.470428514954433,7,6.3570869565626e-05,7.95215015577156e-05,0.000164459552695765,NA
"ATP6V0E2","ATP6V0E2","ENSG00000171130",-0.425737565856412,0.00025277993269074,"blue",NA,0.497393325878187,-0.451489245085581,14,9.94979960011305e-05,7.94917641539258e-05,5.87820802679568e-05,NA
"RBM28","RBM28","ENSG00000106344",-0.372410990669756,1.07109346372101e-08,"blue",NA,0.768136840213547,-0.587520849873772,42,0.00195961770867253,7.94715777927454e-05,6.21869797559872e-05,NA
"MTA3","MTA3","ENSG00000057935",-0.284043228154279,0.000600009232766949,"blue",NA,0.686304178253631,-0.417289160173092,20,0.000103245830174249,7.94274825078292e-05,0.000109319628275062,NA
"SYF2","SYF2","ENSG00000117614",0.331945428183113,1.86270216874869e-06,"blue",NA,-0.795371078620583,0.497151049403821,24,0.00149117827152699,7.90962415224519e-05,6.55318070161461e-05,NA
"HEMK2","N6AMT1","ENSG00000156239",-0.260326082675023,0.0431664705968562,"blue",NA,0.69089453545451,-0.311565535665289,5,9.90170158791585e-05,7.90949551873613e-05,0.000175427901217366,NA
"TARBP1","TARBP1","ENSG00000059588",-0.313851048101616,0.00695461528060017,"blue",NA,0.771608074703328,-0.336762900162377,19,0.000308357480574038,7.82637131422729e-05,8.0051005776973e-05,NA
"CRYZ","CRYZ","ENSG00000116791",-0.378694243315739,0.00718879750546096,"blue",NA,0.651457685128749,-0.334094738341952,9,0.000247003249451412,7.80828308284376e-05,0.000106914791334553,NA
"ORC2","ORC2","ENSG00000115942",-0.127729195108014,0.103789614180245,"blue",NA,0.679582720089553,-0.251764218873926,18,0.000279162552642031,7.77581686573274e-05,0.000110484711440522,NA
"GMFG","GMFG","ENSG00000130755",0.708519168719694,3.99440922916036e-08,"blue",NA,-0.862336952520105,0.517018492785375,5,3.48703507870429e-05,7.6662517319421e-05,0.000188682230811358,NA
"MLLT10","MLLT10","ENSG00000078403",-0.377700324563254,6.96766748565982e-05,"blue",NA,0.845617682901039,-0.457673962919693,16,0.00037623587009981,7.59460207851763e-05,8.00865579699663e-05,NA
"VMA12","TMEM199","ENSG00000244045",0.303335072585541,0.000247343781780591,"blue",NA,-0.654205792843865,0.400017086439275,10,0.000126992693977341,7.57399442515603e-05,6.22693914709014e-05,NA
"PARVB","PARVB","ENSG00000188677",0.361567519853374,0.00782038853847496,"blue",NA,-0.648364275166691,0.255146993477091,10,0.000836093221421888,7.56760826917696e-05,0.000100793322610006,NA
"CROT","CROT","ENSG00000005469",-0.349934940805225,0.000725003117275572,"blue",NA,0.634020345488949,-0.415751663734189,3,1.09489054304916e-05,7.479138443002e-05,0.000116413316989055,NA
"SIRPG","SIRPG","ENSG00000089012",-0.578962651695284,2.22184269776388e-05,"blue",NA,0.465207889203756,-0.484062792517483,12,1.87674778212772e-05,7.46828098517134e-05,0.000117172539062215,NA
"ACSL6","ACSL6","ENSG00000164398",-0.571527362943119,2.10146965162833e-05,"blue",NA,0.752500885972098,-0.487629740028706,16,0.00179298502838532,7.44228858408792e-05,6.79225164417251e-05,NA
"ABI2","ABI2","ENSG00000138443",-0.391973451412242,1.53705784219715e-05,"blue",NA,0.831901124703944,-0.493389505048587,15,0.000798767796114157,7.4281819782316e-05,8.57744611311992e-05,NA
"ARHGEF7","ARHGEF7","ENSG00000102606",-0.171574477053778,0.00188077859037971,"blue",NA,0.628706140855826,-0.384680159318038,15,0.000806502254732036,7.40026372865461e-05,6.16734956615382e-05,NA
"LYRM7","LYRM7","ENSG00000186687",-0.388076341382885,0.000717219054246437,"blue",NA,0.740031984422966,-0.424342478400371,13,0.00178082495427626,7.3598536216594e-05,8.36192035592416e-05,NA
"PIEZO1","PIEZO1","ENSG00000103335",-0.230713331786154,0.000612045043145161,"blue",NA,0.650266334274748,-0.41395106323939,9,0.00211143737119951,7.33341412771473e-05,8.37170258980719e-05,NA
"USP20","USP20","ENSG00000136878",-0.301120655426084,7.97536872504009e-07,"blue",NA,0.477379528629725,-0.539693620620749,9,0.00022904195991543,7.26394698482218e-05,0.000152592986796721,NA
"NCAPD3","NCAPD3","ENSG00000151503",-0.41145768597983,1.4356662063163e-07,"blue",NA,0.792271468640333,-0.57206454380374,20,0.000937555341647757,7.22536248454486e-05,9.61767490199517e-05,NA
"TRUB1","TRUB1","ENSG00000165832",-0.322575498528534,0.0431861994568975,"blue",NA,0.723775623276862,-0.316251511048998,33,0.000304804826302618,7.21716047724156e-05,5.63728830578812e-05,NA
"TRAP1","TRAP1","ENSG00000126602",-0.296644736990778,0.000258933807674555,"blue",NA,0.469746515058317,-0.412066850887582,18,0.000694528932353574,7.20329376049723e-05,7.13973194093901e-05,NA
"DHX35","DHX35","ENSG00000101452",-0.206452804080336,0.0117978588653864,"blue",NA,0.605240633632986,-0.350637217647529,38,0.00528640461436348,7.18979244686811e-05,5.41267365228194e-05,NA
"MYL5","MYL5","ENSG00000215375",0.494491577979742,9.46892800902235e-06,"blue",NA,-0.618339521615557,0.474817292283447,4,7.82679295109548e-06,7.13331435196813e-05,7.05680740877456e-05,NA
"NLE1","NLE1","ENSG00000073536",-0.457730680536686,4.18544364016903e-06,"blue",NA,0.506089704712419,-0.509325966820039,36,0.00171906569877473,7.11751346457916e-05,5.57268851888715e-05,NA
"GRIPAP1","GRIPAP1","ENSG00000068400",0.388748696961883,1.20481352941508e-10,"blue",NA,-0.82598787057956,0.614147232621888,8,0.000317825861733646,7.11582417978321e-05,0.000142084021173615,NA
"ZNF248","ZNF248","ENSG00000198105",-0.367580711980986,0.00174990901138306,"blue",NA,0.715110716327837,-0.411043461470474,5,0.00150612242834372,7.0657328988244e-05,9.73366434205636e-05,NA
"CSE1L","CSE1L","ENSG00000124207",-0.178458994727271,0.000782131652450357,"blue",NA,0.610764713059927,-0.405059505285643,22,0.000931258701167365,7.01304758379278e-05,6.91350914388498e-05,NA
"KIF1C","KIF1C","ENSG00000129250",0.189596120383604,0.00290061839158104,"blue",NA,-0.67938882429543,0.348460723234574,13,0.000727291434277925,6.91879853965576e-05,6.03244549848338e-05,NA
"RRN3","RRN3","ENSG00000085721",-0.436172094661796,1.18080683853061e-06,"blue",NA,0.745158902895149,-0.527592781029388,22,0.00105989150391762,6.85956043678481e-05,5.75831244009851e-05,NA
"STXBP4","STXBP4","ENSG00000166263",-0.134084772960491,0.408209605618704,"blue",NA,0.667730404309411,-0.194564386118643,5,7.47164129498498e-05,6.76725579801007e-05,8.72370386381313e-05,NA
"ZC3H14","ZC3H14","ENSG00000100722",-0.23390609778999,0.000459944767675173,"blue",NA,0.693698059390193,-0.40063125100288,13,0.00121856574514757,6.73026878073904e-05,7.54635036398201e-05,NA
"DDX20","DDX20","ENSG00000064703",-0.297792377553741,2.70558888531729e-05,"blue",NA,0.711032526971546,-0.461728654540872,26,0.000669149254403072,6.72929215699152e-05,6.5684995291983e-05,NA
"NSUN4","NSUN4","ENSG00000117481",-0.267305248368907,0.000176254421157349,"blue",NA,0.590387046628315,-0.438293429039557,26,0.000984741617629903,6.66060293825842e-05,5.16806160505563e-05,NA
"DCAF11","DCAF11","ENSG00000100897",0.36492406433306,3.72517123565567e-07,"blue",NA,-0.80733261638861,0.524209266790071,11,0.00055200151346811,6.61376569002714e-05,7.40364775485568e-05,NA
"RAB30","RAB30","ENSG00000137502",-0.378672432143971,0.00220157882689297,"blue",NA,0.725646886750945,-0.3826459861714,7,0.000794368213861934,6.59028715124035e-05,7.0193957152633e-05,NA
"HLCS","HLCS","ENSG00000159267",-0.553331245083303,7.47825334455073e-09,"blue",NA,0.806197166733662,-0.603512264185191,17,0.00337440791793477,6.58691821676328e-05,6.2480766218047e-05,NA
"MGAT1","MGAT1","ENSG00000131446",0.411345288322892,3.80609263526006e-06,"blue",NA,-0.866589312084297,0.47627185452518,6,6.1881091947991e-05,6.56142091723514e-05,8.63249817863791e-05,NA
"GAN","GAN","ENSG00000261609",-0.31859722372519,0.0134788498051955,"blue",NA,0.734823404223765,-0.342532861847304,13,0.000857584401902049,6.55395944288127e-05,6.93726016071632e-05,NA
"RER1","RER1","ENSG00000157916",0.279718997827547,2.13816721093528e-10,"blue",NA,-0.809699855911424,0.627489489057993,9,0.00114046763870369,6.54805730871846e-05,4.69960887970722e-05,NA
"FCMR","FCMR","ENSG00000162894",-0.769610757969163,3.13601631574155e-10,"blue",NA,0.59015371405209,-0.59207470410812,7,4.74534156163953e-05,6.54767879011075e-05,0.000113125936724018,NA
"PLXNA3","PLXNA3","ENSG00000130827",-0.388048336465845,4.00885977693522e-05,"blue",NA,0.714601666887632,-0.478841319888796,10,0.000598236596533163,6.546033482094e-05,7.9665802370831e-05,NA
"ITPKB","ITPKB","ENSG00000143772",-0.432659048890707,4.58024861690043e-14,"blue",NA,0.554718958386914,-0.690311597769124,11,0.000973062252348753,6.52328713050686e-05,0.000102227978807713,NA
"MGAT4B","MGAT4B","ENSG00000161013",0.283242665118972,0.000930859766685517,"blue",NA,-0.632042307434455,0.344414015999109,6,0.000103445648692165,6.51487441092907e-05,8.44197120966982e-05,NA
"UBAC2","UBAC2","ENSG00000134882",0.177188666987724,0.000293644650225668,"blue",NA,-0.766172057694719,0.41627882178672,11,0.00215331677752893,6.47627130436728e-05,6.48731558759025e-05,NA
"WDR7","WDR7","ENSG00000091157",-0.472004017220047,8.72677130328043e-07,"blue",NA,0.741349947515973,-0.554105386928243,8,0.000308514432897725,6.46150889555884e-05,7.54325343144193e-05,NA
"GATC","GATC","ENSG00000257218",-0.174556304894621,0.013834485973867,"blue",NA,0.651293092797438,-0.344788639725624,11,0.000254077955078095,6.42522803554727e-05,8.91320640707586e-05,NA
"DYRK2","DYRK2","ENSG00000127334",-0.523703567579255,3.56059899219761e-06,"blue",NA,0.918540174751858,-0.513228111140909,9,0.000523552015371066,6.41497014645314e-05,7.14133515461054e-05,NA
"AGTRAP","AGTRAP","ENSG00000177674",0.868894322457968,1.89064544689325e-12,"blue",NA,-0.946515009795081,0.633534819365676,6,0.000128301975630149,6.41157571221963e-05,0.000164043162418831,NA
"GNPNAT1","GNPNAT1","ENSG00000100522",-0.240880531603085,0.0330437545669172,"blue",NA,0.599915611647709,-0.276664359433715,3,6.62117423923517e-05,6.38683111039191e-05,0.000110418222643296,NA
"CLIC5","CLIC5","ENSG00000112782",-0.726619192251813,6.51790821790664e-05,"blue",NA,0.680297501868432,-0.45750269321594,4,0,6.38147148493817e-05,5.8651072752888e-05,NA
"AFF3","AFF3","ENSG00000144218",-0.454028956075407,0.00285945099066002,"blue",NA,0.646039144370787,-0.379342647973195,11,0.00139508927206976,6.3763569383539e-05,8.12401506407389e-05,NA
"PDS5A","PDS5A","ENSG00000121892",-0.393770154317927,2.99837270327554e-07,"blue",NA,0.799307242115204,-0.5487741010776,19,0.000165281422470558,6.33203345587816e-05,7.36046112827693e-05,NA
"ACADSB","ACADSB","ENSG00000196177",-0.537027516454473,1.67848032801916e-05,"blue",NA,0.863052286734953,-0.493658164590382,18,0.000468200132376368,6.32771019465323e-05,5.21578539016445e-05,NA
"ABLIM1","ABLIM1","ENSG00000099204",-0.699687868938734,2.74193251369801e-09,"blue",NA,0.842496882938731,-0.607864624681962,6,0.000854401242174026,6.28227380607636e-05,5.15287654070453e-05,NA
"DCAF17","DCAF17","ENSG00000115827",-0.405520876961695,6.30669644706966e-05,"blue",NA,0.821940320048113,-0.468750138169318,17,0.00137818309056114,6.24733679110563e-05,5.92424635774035e-05,NA
"TCERG1","TCERG1","ENSG00000113649",-0.358432193386945,1.55808947717216e-05,"blue",NA,0.902120060058434,-0.49871572122452,29,0.00109648912967689,6.2311719893895e-05,5.29676133124381e-05,NA
"DGKA","DGKA","ENSG00000065357",-0.444478475700875,0.000109845104887948,"blue",NA,0.420662805914349,-0.455150908711473,12,0.000579322331007859,6.17786527340637e-05,6.54396538739843e-05,NA
"TRIO","TRIO","ENSG00000038382",-0.221905632764697,0.0262253715176089,"blue",NA,0.6112115564115,-0.315066840257942,8,0.000325031138245804,6.1578230233799e-05,7.22818104935836e-05,NA
"KAT6B","KAT6B","ENSG00000156650",-0.650118100562908,4.23558827824414e-10,"blue",NA,0.861582641695703,-0.622952468227555,18,0.000481514089160196,6.14051478464012e-05,9.40176636708313e-05,NA
"MAX","MAX","ENSG00000125952",0.386101117136016,1.47815515871166e-08,"blue",NA,-0.854483441936894,0.567175244227156,17,0.000227383257649529,6.11116677617038e-05,7.03886326940065e-05,NA
"TESPA1","TESPA1","ENSG00000135426",-0.661388699110039,2.27222241621185e-08,"blue",NA,0.736192365159349,-0.579948690402985,8,0.00121526614458067,6.10439879187189e-05,8.72815571505517e-05,NA
"PLXNA4","PLXNA4","ENSG00000221866",-0.567669955859104,0.00210183208623842,"blue",NA,0.633027611839679,-0.395381719215205,8,0.000348894674465139,6.0863439959711e-05,7.1516110427279e-05,NA
"RPGRIP1L","RPGRIP1L","ENSG00000103494",-0.578528810554015,0.00294606881332014,"blue",NA,0.641369420619766,-0.350867058809155,15,0.000672634913551079,6.07423639695106e-05,5.14655534050848e-05,NA
"MFHAS1","MFHAS1","ENSG00000147324",-0.469797655109743,5.07711312487539e-09,"blue",NA,0.705232974553111,-0.593073514018121,6,0.000381551772939058,5.99112158121845e-05,8.01799574438355e-05,NA
"TGFBR3","TGFBR3","ENSG00000069702",-0.484591458779175,0.000844393574031806,"blue",NA,0.654321113032678,-0.434414888904019,8,0.000343705314167926,5.95451566661447e-05,8.21193036763638e-05,NA
"MAN1C1","MAN1C1","ENSG00000117643",-0.479934723634104,8.69279627813719e-06,"blue",NA,0.600966199442848,-0.499629824693811,9,0.0016483720462415,5.91147290718412e-05,6.6573943771494e-05,NA
"RALGDS","RALGDS","ENSG00000160271",-0.274059906411334,0.000448578892407369,"blue",NA,0.626106593564481,-0.437727201994474,6,0.000144185068114472,5.89977476109551e-05,7.35697694955361e-05,NA
"NEK9","NEK9","ENSG00000119638",-0.167682554259244,0.000567865006401654,"blue",NA,0.632838035220252,-0.42960021496577,21,0.00184087838352907,5.88236419230066e-05,5.01350085748042e-05,NA
"AP4S1","AP4S1","ENSG00000100478",-0.168880321031688,0.152633430222297,"blue",NA,0.556291093102542,-0.220284442429556,13,0.00162382109534554,5.8739835815217e-05,5.1618854040233e-05,NA
"WDR45","WDR45","ENSG00000196998",0.376549787165339,3.17172080820412e-05,"blue",NA,-0.787437079825069,0.440139165974823,12,0.000568497580981293,5.82855117085357e-05,6.54514046655951e-05,NA
"ECHDC2","ECHDC2","ENSG00000121310",-0.466709552912027,6.20784383837017e-07,"blue",NA,0.769721476090153,-0.554710759306061,14,0.000214344694063567,5.79890939825366e-05,5.15735609180859e-05,NA
"TSPYL2","TSPYL2","ENSG00000184205",-0.335207572145444,0.000147167997658285,"blue",NA,0.508789965919472,-0.45593099775234,6,0.000129304448032988,5.76319484013687e-05,5.07208506528089e-05,NA
"TEX10","TEX10","ENSG00000136891",-0.26810538925556,6.29139627046381e-05,"blue",NA,0.826705170673533,-0.456685811190279,29,0.000822997297947826,5.76267134858464e-05,5.51697410502133e-05,NA
"ATP2A2","ATP2A2","ENSG00000174437",-0.184307026264113,0.00350509880731843,"blue",NA,0.518895720439448,-0.36977856031016,12,0.00080367638970242,5.71756537921212e-05,6.11080154418628e-05,NA
"NFX1","NFX1","ENSG00000086102",-0.291843634553942,2.45015291948305e-08,"blue",NA,0.781861362913883,-0.580403929133792,13,0.000501005787859779,5.71704622697422e-05,9.02650706120253e-05,NA
"RRAS2","RRAS2","ENSG00000133818",-0.260786216704828,0.0473346430289284,"blue",NA,0.633936512215172,-0.306446755940848,13,0.00103956516099227,5.70966901025522e-05,6.72564093706547e-05,NA
"PUS7","PUS7","ENSG00000091127",-0.36490286284859,0.00213477382952297,"blue",NA,0.646299487300626,-0.3718861391337,33,0.00143365659524598,5.70416555647451e-05,4.81917325955892e-05,NA
"TFDP2","TFDP2","ENSG00000114126",-0.313764864002449,0.00062368899843868,"blue",NA,0.726533293886677,-0.422991285100944,17,0.00135595012227472,5.70165182920363e-05,7.48313512633985e-05,NA
"ISY1","ISY1","ENSG00000240682",0.315910987354161,0.000109938725773621,"blue",NA,-0.633114393577434,0.438596738093919,21,0.000945455439967332,5.69426559029316e-05,5.17723762853702e-05,NA
"FHIT","FHIT","ENSG00000189283",-0.717514831301647,0.000134729056419492,"blue",NA,0.444393500388956,-0.449691256419542,7,0.00102045451594311,5.56908375187636e-05,7.14003243941544e-05,NA
"RCAN3","RCAN3","ENSG00000117602",-0.873339535379114,5.07582667595844e-10,"blue",NA,0.902738849687304,-0.635402355592965,6,0.000148960394753581,5.56650549927212e-05,7.92092338307784e-05,NA
"ACAD8","ACAD8","ENSG00000151498",-0.137355976279666,0.0408326555454873,"blue",NA,0.66360356281902,-0.291305526312396,14,0.000185652757135445,5.49817646005217e-05,5.16016566035545e-05,NA
"HPCAL4","HPCAL4","ENSG00000116983",-0.631456255603399,0.000322887361581426,"blue",NA,0.583023088309217,-0.420601544496167,3,0.000362483398353886,5.49402560190334e-05,5.39363886659416e-05,NA
"TRIM35","TRIM35","ENSG00000104228",-0.362088428865766,2.41439028189798e-07,"blue",NA,0.7672560582954,-0.519048490187444,5,0.000141287077449037,5.48503146389267e-05,0.000152490123803933,NA
"FBXW8","FBXW8","ENSG00000174989",-0.444402739145316,7.07154916229616e-07,"blue",NA,0.757181694293345,-0.514058102859632,16,0.00269135308778223,5.48044922063969e-05,6.7728417657035e-05,NA
"ALMS1","ALMS1","ENSG00000116127",-0.684435281147073,5.24649133049735e-10,"blue",NA,0.812331996895977,-0.607800361944507,10,0.000515703746418745,5.47658927105789e-05,5.71053514330391e-05,NA
"TRIM46","TRIM46","ENSG00000163462",-0.459314783108987,0.000252949002241015,"blue",NA,0.588772005090421,-0.453007670257175,5,0.00112229647523616,5.46724310027898e-05,0.000154971906915254,NA
"SFMBT1","SFMBT1","ENSG00000163935",-0.532222406065099,2.99706704098615e-08,"blue",NA,0.796565580184234,-0.593480089298794,6,0.0001068379804987,5.46418668818064e-05,0.000167465439390104,NA
"LRCH1","LRCH1","ENSG00000136141",-0.262268250317572,0.001034838611588,"blue",NA,0.634947659521662,-0.41829213502159,9,0.00127238101878691,5.40576520119543e-05,6.358301203697e-05,NA
"WDR82","WDR82","ENSG00000164091",-0.38318277349313,2.82114528569227e-14,"blue",NA,0.691638961103277,-0.685189193512255,20,0.000976081042750222,5.38969080065092e-05,5.81367613167994e-05,NA
"DDX31","DDX31","ENSG00000125485",-0.386286945851734,2.17929228040268e-05,"blue",NA,0.645221824179038,-0.491169108277463,38,0.00635580431322876,5.38860816796636e-05,4.29942937020183e-05,NA
"CTC1","CTC1","ENSG00000178971",-0.355885990821047,3.91075844054617e-06,"blue",NA,0.810511922421146,-0.51405858396,15,0.000463950374383434,5.35037379922496e-05,6.78008667910516e-05,NA
"HMG20A","HMG20A","ENSG00000140382",-0.249752449426752,0.000111816968471586,"blue",NA,0.791914490515339,-0.462033345610119,13,0.00134625366513268,5.34667773155606e-05,6.50892464782111e-05,NA
"BUD31","BUD31","ENSG00000106245",0.411956267882006,4.43505286353576e-05,"blue",NA,-0.827337890714087,0.417901724925697,25,0.000425352840891974,5.33925991031908e-05,4.77322650024895e-05,NA
"LEMD2","LEMD2","ENSG00000161904",0.268160745623072,2.82193290026995e-07,"blue",NA,-0.764135851510754,0.525613872724457,5,0.00027698717786847,5.33789801406952e-05,7.77189712682317e-05,NA
"SYNGAP1","SYNGAP1","ENSG00000197283",-0.59266714326181,2.36766572247337e-07,"blue",NA,0.682016197135524,-0.544406190001626,11,0.000649545273389989,5.31453189984263e-05,6.06978161272521e-05,NA
"RALGAPA1","RALGAPA1","ENSG00000174373",-0.430511585825151,0.000414946869616755,"blue",NA,0.820297607844777,-0.440056408659053,9,0.000790036696876556,5.28172611537249e-05,6.40494218512346e-05,NA
"RENBP","RENBP","ENSG00000102032",0.712447152186761,6.92919803985743e-08,"blue",NA,-0.906214347409899,0.491119698601989,6,0.000974683282442271,5.25103870856066e-05,6.78419106732407e-05,NA
"GK5","GK5","ENSG00000175066",-0.0890802006311499,0.563242098389494,"blue",NA,0.622328561307708,-0.191990749921421,8,0.00121005693066092,5.25034910657861e-05,0.000131849891082836,NA
"TMED9","TMED9","ENSG00000184840",0.412217965030454,5.18954891083371e-07,"blue",NA,-0.814235500910872,0.497182457904457,12,0.00178913800950299,5.24422542744982e-05,4.54481298425052e-05,NA
"SLC7A6","SLC7A6","ENSG00000103064",-0.501679707392918,1.84248988336278e-05,"blue",NA,0.840428639551175,-0.49314953958694,5,0.000119299966701046,5.19611635598328e-05,5.65550181018747e-05,NA
"AQP3","AQP3","ENSG00000165272",-0.597134836216987,5.09742459191202e-08,"blue",NA,0.616690835694668,-0.56342901000126,8,0.000333526004896406,5.16861276995713e-05,8.69090638642029e-05,NA
"TMEM91","TMEM91","ENSG00000142046",0.654568783691262,2.30016773408744e-06,"blue",NA,-0.808188860399914,0.460546447859239,1,0,5.16233150904842e-05,0.000127892120139319,NA
"RBM19","RBM19","ENSG00000122965",-0.27547714166015,3.17172080820412e-05,"blue",NA,0.693108720848776,-0.466537019219982,32,0.00013088956914893,5.13565297209161e-05,4.19710884503892e-05,NA
"ITPKC","ITPKC","ENSG00000086544",0.256490863793225,0.00122203720920234,"blue",NA,-0.740761653181605,0.365820477458831,8,0.000136533193703972,5.12351128969104e-05,8.38557879631371e-05,NA
"ARIH2","ARIH2","ENSG00000177479",-0.167209469326901,0.00228927697990602,"blue",NA,0.736081612301466,-0.385576189412816,6,6.92982647517202e-05,5.11301825922056e-05,0.000154744560186343,NA
"KLHL42","KLHL42","ENSG00000087448",-0.253156165849036,0.0112860667824596,"blue",NA,0.769040148051296,-0.343611089077594,11,0.000587007077398592,5.10184418692831e-05,5.94171000741122e-05,NA
"SLC16A1","SLC16A1","ENSG00000155380",-0.3783571754178,8.01331705221703e-05,"blue",NA,0.647541196305072,-0.451760162818407,6,0.00101215073550365,5.04115942080944e-05,6.55082596322044e-05,NA
"DTNBP1","DTNBP1","ENSG00000047579",0.634699224318692,7.8646379495521e-10,"blue",NA,-0.873146258275026,0.568130279686583,10,0.000337094350468766,5.03728125042837e-05,6.63987335235652e-05,NA
"TNK2","TNK2","ENSG00000061938",0.176776461788883,0.01810364117744,"blue",NA,-0.592033700524597,0.265403344012503,7,0.000178538893085023,4.9877193966605e-05,0.000121987105450443,NA
"LAMTOR4","LAMTOR4","ENSG00000188186",0.761966256296224,4.34628166422908e-07,"blue",NA,-0.853681683069482,0.443045384794193,13,9.92994929762945e-05,4.98078299718957e-05,4.53027897390581e-05,NA
"KDM4C","KDM4C","ENSG00000107077",-0.240602191642935,0.000108009421779697,"blue",NA,0.767444545781829,-0.458369780002162,10,5.74916837300584e-06,4.94642070700245e-05,0.000106688315292616,NA
"ABCC1","ABCC1","ENSG00000103222",-0.246320961037764,0.000271786913885258,"blue",NA,0.689308576383938,-0.42508269133673,8,0.00209783322145932,4.89515800385315e-05,6.85699308928793e-05,NA
"TCEA3","TCEA3","ENSG00000204219",-0.248216928638363,0.0896247024036392,"blue",NA,0.34298356349409,-0.259756718895079,16,0.00144819253561346,4.86074661753394e-05,5.13664119205022e-05,NA
"MALSU1","MALSU1","ENSG00000156928",0.496547584077921,1.8878758136854e-06,"blue",NA,-0.682069973330931,0.484608918760885,11,0.00104833989816989,4.84660841996628e-05,4.98360835973744e-05,NA
"DESI1","DESI1","ENSG00000100418",0.381364090862787,6.87033236014449e-08,"blue",NA,-0.763083911525834,0.54068486145112,8,0.000142976946954241,4.84161934296756e-05,9.04456599562173e-05,NA
"USP28","USP28","ENSG00000048028",-0.276557061221076,0.00212292586349691,"blue",NA,0.602050731315879,-0.417955293475445,15,0.000518506649485254,4.8253178012742e-05,6.7347459365062e-05,NA
"PNMA1","PNMA1","ENSG00000176903",-0.256437541533231,0.00103610336077011,"blue",NA,0.613056809006801,-0.380988559689642,7,0.00136460097082199,4.81436385462205e-05,7.98334314857074e-05,NA
"SH3BP2","SH3BP2","ENSG00000087266",0.364681225955266,3.91451113330216e-08,"blue",NA,-0.790940735277245,0.575899764772391,9,0.000414963642185883,4.74462563297399e-05,9.08843249396859e-05,NA
"TRIM2","TRIM2","ENSG00000109654",-0.886455825039257,1.01041973039022e-05,"blue",NA,0.707202708285166,-0.488928493296259,4,0.000171791786278274,4.73235873185943e-05,0.000161098646380712,NA
"PIGL","PIGL","ENSG00000108474",-0.453529441547602,0.000353147257814043,"blue",NA,0.764922878477817,-0.428454828242077,3,7.56771222233511e-05,4.72361538626215e-05,7.02735824593743e-05,NA
"ADAM28","ADAM28","ENSG00000042980",-0.393868357857376,0.00234024873291005,"blue",NA,0.696151387262128,-0.384752592589806,2,0,4.70619275532293e-05,6.46493239412826e-05,NA
"PDGFD","PDGFD","ENSG00000170962",-0.406476881781228,0.00927012908477979,"blue",NA,0.567774538691292,-0.366355869644624,3,7.27453386258933e-05,4.6929213462082e-05,0.000165230249045793,NA
"OXCT1","OXCT1","ENSG00000083720",-0.369213461516592,3.54214497852084e-05,"blue",NA,0.697789440673219,-0.450732009228938,14,0.00032658480868054,4.66788134742009e-05,4.67218682762682e-05,NA
"DECR1","DECR1","ENSG00000104325",0.468797440848345,2.05426241298924e-11,"blue",NA,-0.831581692486427,0.626641950618258,10,0.000122565894580431,4.64579682426611e-05,5.28482339152317e-05,NA
"RBM12","RBM12","ENSG00000244462",-0.314087498874051,9.10926610302233e-05,"blue",NA,0.795987649950275,-0.442010409685196,6,0.000400549464097198,4.63377349898396e-05,5.76932736216357e-05,NA
"MRPL28","MRPL28","ENSG00000086504",0.533019125564167,1.57197125089642e-05,"blue",NA,-0.881367572973647,0.415990033407671,8,9.25057595475678e-06,4.61679051065389e-05,6.1375038047905e-05,NA
"KIAA0586","KIAA0586","ENSG00000100578",-0.382104350664239,2.31878230386427e-05,"blue",NA,0.802401390148345,-0.478980664847071,11,0.000359021621887153,4.59819201302831e-05,5.18614222739724e-05,NA
"OTUD3","OTUD3","ENSG00000169914",-0.136221420049332,0.206884978637521,"blue",NA,0.669411488311546,-0.202908630456143,10,0.00170392446806242,4.59344030260192e-05,6.17415981349862e-05,NA
"TSEN2","TSEN2","ENSG00000154743",-0.358401889586324,0.00228577961907518,"blue",NA,0.724145608107174,-0.378171860925749,7,0.000117388263423381,4.49677934193671e-05,6.91572226170385e-05,NA
"MTG2","MTG2","ENSG00000101181",0.329625226767571,2.00429341470294e-07,"blue",NA,-0.730634912025153,0.543791495667669,10,0.000230318170411128,4.46993370609775e-05,5.18677148392476e-05,NA
"TMEM41A","TMEM41A","ENSG00000163900",-0.23777156379019,0.00253719100764394,"blue",NA,0.683453071711785,-0.373936047116414,6,0.00152222830832329,4.46188485382652e-05,5.47861624795871e-05,NA
"LRIG1","LRIG1","ENSG00000144749",-0.757333616804172,1.02797331436905e-10,"blue",NA,0.847652396031222,-0.600765737536294,7,0.000727572218640825,4.45880583439598e-05,5.90113053153463e-05,NA
"RYK","RYK","ENSG00000163785",-0.203996415541281,0.0258553799676213,"blue",NA,0.711346700875952,-0.286732630622649,7,0.000274000673352745,4.4482328313922e-05,6.79865117034414e-05,NA
"PEF1","PEF1","ENSG00000162517",0.318650525373295,6.47510072927113e-05,"blue",NA,-0.859470684365838,0.420433675986918,11,0.00112743694567608,4.43566582280686e-05,5.23987062141359e-05,NA
"SNX3","SNX3","ENSG00000112335",0.464352870259332,1.01372083161051e-07,"blue",NA,-0.728848189341509,0.546014540655694,9,0.00123011359853673,4.41163641612834e-05,4.66091616913881e-05,NA
"UTP25","UTP25","ENSG00000117597",-0.384507087529415,1.86339982999637e-07,"blue",NA,0.719264609236074,-0.549362461764366,27,0.0010365906173411,4.39966601778412e-05,4.13170948911659e-05,NA
"YEATS2","YEATS2","ENSG00000163872",-0.197839699367074,0.00612522703447249,"blue",NA,0.593187590861308,-0.3629455514037,21,0.000607308238588155,4.39625606796786e-05,4.878174866915e-05,NA
"DHRS12","DHRS12","ENSG00000102796",0.888973533854447,6.6233420081696e-11,"blue",NA,-0.706670123271354,0.595285106232432,4,6.81930699975293e-05,4.37985000626894e-05,0.000102375768608884,NA
"EFNA4","EFNA4","ENSG00000243364",0.239401800153488,0.00769476150903322,"blue",NA,-0.614394794673553,0.321751373419533,4,2.23006766889057e-05,4.36197291075656e-05,0.000135927192368487,NA
"PURA","PURA","ENSG00000185129",-0.258008080350208,0.00295824020538246,"blue",NA,0.696805916374479,-0.375036236605065,11,0.000755412138671734,4.3599505854481e-05,6.50438528957312e-05,NA
"FYCO1","FYCO1","ENSG00000163820",-0.391850171332387,1.86856547602937e-06,"blue",NA,0.803189300641553,-0.522778655100954,8,0.000211017214309758,4.35430172968084e-05,8.05004539013976e-05,NA
"SNX1","SNX1","ENSG00000028528",0.22022677901236,1.63311566553613e-08,"blue",NA,-0.75647979388388,0.582494438351147,7,0.000627658438769362,4.35036325391738e-05,5.15618318611267e-05,NA
"PLGRKT","PLGRKT","ENSG00000107020",0.585863784468479,1.26113462794529e-07,"blue",NA,-0.631516998891313,0.543235126030931,4,1.31206922713823e-05,4.34610607266591e-05,0.000139905379295009,NA
"CFAP97","CFAP97","ENSG00000164323",-0.538215251303863,0.000152473613744321,"blue",NA,0.841851473490049,-0.466631498003279,4,5.35229262175562e-05,4.34233882943641e-05,4.94453514503477e-05,NA
"UBAP1L","UBAP1L","ENSG00000246922",-0.240340379060797,0.0104177728238033,"blue",NA,0.711242373321635,-0.36572263157921,2,0,4.34140612394764e-05,9.13385653378422e-05,NA
"LMO7","LMO7","ENSG00000136153",-0.574929689196014,1.58110768434141e-05,"blue",NA,0.75007225952952,-0.481756793976586,11,0.00139101059284632,4.3016135668583e-05,6.05574060280529e-05,NA
"RAB34","RAB34","ENSG00000109113",0.719634117409327,1.54699324867639e-10,"blue",NA,-0.741672745548829,0.583980187607408,3,2.50542630814126e-05,4.29171217354763e-05,8.11778317604572e-05,NA
"DCAF16","DCAF16","ENSG00000163257",-0.359778677060365,6.44327503575709e-05,"blue",NA,0.826349686672015,-0.455714208796213,12,0.000718371298892637,4.28935033854479e-05,6.64951936800783e-05,NA
"GNA15","GNA15","ENSG00000060558",0.6561452754423,3.18057610916842e-09,"blue",NA,-0.870693699223363,0.55425230913279,11,0.000599049813369297,4.2474343238843e-05,5.72867370620779e-05,NA
"KATNAL1","KATNAL1","ENSG00000102781",-0.219928727151897,0.0979927173600815,"blue",NA,0.543131317272081,-0.258488435413635,5,7.32058692374951e-05,4.24374506564031e-05,0.000146263848541049,NA
"C19orf25","C19orf25","ENSG00000119559",0.2384050233551,0.000686620837546379,"blue",NA,-0.62953524256768,0.366202442568022,5,0.000277965656532755,4.24168793814385e-05,5.77575784409579e-05,NA
"SLC30A4","SLC30A4","ENSG00000104154",-0.384233010598533,0.00348042622814116,"blue",NA,0.687598430531378,-0.383245613458163,6,0.000459145334086618,4.21799954320665e-05,5.57105192389993e-05,NA
"RASGRF2","RASGRF2","ENSG00000113319",-0.7831391745186,8.19241941415175e-09,"blue",NA,0.822267706675321,-0.607821383183319,9,0.000393822054775627,4.17598745949214e-05,5.20531673314525e-05,NA
"ZFYVE9","ZFYVE9","ENSG00000157077",-0.822050230030145,7.6502601958198e-06,"blue",NA,0.704180501237374,-0.481920188324112,3,1.33259791060885e-05,4.15363012568341e-05,0.00016427033848638,NA
"DENND1A","DENND1A","ENSG00000119522",0.62030337718499,4.71355952165671e-10,"blue",NA,-0.800669957742566,0.570749567442851,4,0.000104618602010667,4.14750335664675e-05,7.0449027980411e-05,NA
"NDUFAF1","NDUFAF1","ENSG00000137806",0.418932541816721,5.06890569620969e-06,"blue",NA,-0.675335039839331,0.485856127930647,8,0.000476165957507013,4.14721792192233e-05,5.60529839283016e-05,NA
"DOK1","DOK1","ENSG00000115325",0.556965169823259,8.21337983420669e-09,"blue",NA,-0.929996169977376,0.552469253014359,3,4.91543027883614e-06,4.14663197182629e-05,0.000165557944337058,NA
"RECK","RECK","ENSG00000122707",-0.61023003814332,5.79558153260369e-07,"blue",NA,0.852129023722226,-0.544473903805105,5,6.44394955098384e-05,4.11096000780812e-05,8.4583787578841e-05,NA
"SMAD9","SMAD9","ENSG00000120693",-0.120109516670713,0.438127704319249,"blue",NA,0.542530254067789,-0.131162683153486,7,5.45407480989359e-05,4.09234039788731e-05,7.02285254827154e-05,NA
"RGCC","RGCC","ENSG00000102760",-0.384015708498269,0.000627484238004338,"blue",NA,0.318550703747134,-0.387767197145433,3,3.4951944397773e-05,4.08176597488424e-05,7.60711005624287e-05,NA
"RIC3","RIC3","ENSG00000166405",-0.501562164816234,0.00128003778558629,"blue",NA,0.799463239735563,-0.401796793710763,7,0.00014138057473209,4.05799479674222e-05,8.52650204202984e-05,NA
"CDR2","CDR2","ENSG00000140743",-0.520592266258344,7.24053214758002e-08,"blue",NA,0.745629432243622,-0.525237160668103,5,5.73930521822102e-05,4.0533711755253e-05,8.73193473208244e-05,NA
"SH3PXD2A","SH3PXD2A","ENSG00000107957",-0.383762724393149,7.21585896273585e-05,"blue",NA,0.649625738221847,-0.460437991507185,8,0.000321467709443722,4.04920654614968e-05,6.00003639088887e-05,NA
"ARHGEF9","ARHGEF9","ENSG00000131089",-0.67208882630055,1.75663120838052e-13,"blue",NA,0.813869167247648,-0.684402871772407,8,0.000332268081126345,3.9886569553605e-05,4.30655316405441e-05,NA
"TMEM234","TMEM234","ENSG00000160055",0.454845976536822,2.17885062194967e-08,"blue",NA,-0.747615949433368,0.564669800412069,1,0,3.98437182613888e-05,0.000112317523749128,NA
"RRP15","RRP15","ENSG00000067533",-0.517220322550437,1.30693762813042e-05,"blue",NA,0.754289179300444,-0.473604883429045,30,0.000321914724559972,3.96681561969316e-05,3.85511521506035e-05,NA
"CUL9","CUL9","ENSG00000112659",-0.254054588187364,3.39732754002313e-05,"blue",NA,0.635685176601062,-0.469649968352837,11,0.00162918001429546,3.87731477209567e-05,6.29027417075117e-05,NA
"AMOT","AMOT","ENSG00000126016",-0.850427827497606,1.2668972280864e-06,"blue",NA,0.748607396983779,-0.526012573210234,7,0.000218107322358242,3.87028811221498e-05,6.22086906993976e-05,NA
"BBS2","BBS2","ENSG00000125124",-0.268752266302237,0.000458174860959609,"blue",NA,0.624139224901124,-0.386955654759045,10,0.000129051499435418,3.86693752133648e-05,4.35765915979807e-05,NA
"ARID5B","ARID5B","ENSG00000150347",-0.246520443643937,0.0262407398478512,"blue",NA,0.760908155377795,-0.318311863051913,10,0.00129937261078027,3.81568603437557e-05,5.37946785057997e-05,NA
"PTPN4","PTPN4","ENSG00000088179",-0.366104979921828,0.000471754942993283,"blue",NA,0.759866170153923,-0.44586935065811,4,0.00123621800957139,3.8142662745753e-05,6.38389295772304e-05,NA
"NKRF","NKRF","ENSG00000186416",-0.35695181617706,0.000277923406161736,"blue",NA,0.781982559885767,-0.456797326529954,6,0.000204647503025392,3.81067654533033e-05,8.18052927041907e-05,NA
"PLXDC1","PLXDC1","ENSG00000161381",-0.590832572173689,0.000216637771887927,"blue",NA,0.662023951771834,-0.470152998355736,2,0,3.78841125532024e-05,8.23150539450048e-05,NA
"PFAS","PFAS","ENSG00000178921",-0.619377861126904,5.09410841006659e-16,"blue",NA,0.679602856472302,-0.70706309790469,5,4.56011145112717e-05,3.78646020888961e-05,0.000126190476375802,NA
"RBL1","RBL1","ENSG00000080839",-0.278091226420044,0.00625829814971198,"blue",NA,0.761127319514835,-0.344686483450854,11,0.000231475122351299,3.78296081249786e-05,6.14107871391703e-05,NA
"KPTN","KPTN","ENSG00000118162",0.945688070497516,2.31486668993715e-11,"blue",NA,-0.821660177113948,0.616203963345684,11,0,3.72734396061403e-05,3.69332729786887e-05,NA
"EEF2K","EEF2K","ENSG00000103319",-0.394725652518795,1.11985868799437e-05,"blue",NA,0.796213056676977,-0.479023694072295,7,8.19048316357919e-05,3.72313170465158e-05,5.83215096709862e-05,NA
"THOC7","THOC7","ENSG00000163634",0.537001799845926,4.47671273142907e-09,"blue",NA,-0.700823648622917,0.574403037985086,14,0.000156640605399708,3.71938474700092e-05,5.23137457917091e-05,NA
"UBE3C","UBE3C","ENSG00000009335",-0.184447420318048,0.000301540258797097,"blue",NA,0.670855663491434,-0.42253557116784,10,0.0029410634916537,3.71799182282053e-05,6.33553629968283e-05,NA
"TFPT","TFPT","ENSG00000105619",0.412227830668887,0.000228756909418185,"blue",NA,-0.736390371876766,0.371666332450806,11,0.000133081783955712,3.70352950891618e-05,5.29215781654455e-05,NA
"CCL28","CCL28","ENSG00000151882",-0.548833956234843,4.28041935670678e-06,"blue",NA,0.668520576670951,-0.531819730444756,5,1.37917813150074e-05,3.6954432368214e-05,8.11153865794095e-05,NA
"SPINT2","SPINT2","ENSG00000167642",0.404830674539352,1.53705784219715e-05,"blue",NA,-0.707261621550231,0.426322200009708,4,7.54270964345288e-05,3.68716384390528e-05,6.72996739567306e-05,NA
"CHD6","CHD6","ENSG00000124177",-0.655717066895098,6.49702594519431e-11,"blue",NA,0.925716836699868,-0.642203705049221,11,4.82335159799145e-05,3.68246084568211e-05,6.66224994427492e-05,NA
"PDIK1L","PDIK1L","ENSG00000175087",-0.290370262870263,0.0512877674298905,"blue",NA,0.726737900768767,-0.319772667306078,7,0.000679232792882357,3.6592548653455e-05,5.44366403256909e-05,NA
"ATG9B","ATG9B","ENSG00000181652",-0.670780799050564,3.01503762342778e-05,"blue",NA,0.434514257755092,-0.440869145184248,6,7.83018967360638e-06,3.64910351957165e-05,5.41784548289173e-05,NA
"TNFAIP8L2","TNFAIP8L2","ENSG00000163154",0.603767613685451,9.88478889833153e-10,"blue",NA,-0.890045571026349,0.568436347564932,2,7.40813383273998e-06,3.63724325435549e-05,0.000120750884722411,NA
"KIF5C","KIF5C","ENSG00000168280",-0.522920934381168,0.0022657816237514,"blue",NA,0.672776869691561,-0.397602121372731,10,0.00202346876691352,3.62950928067612e-05,5.48178376755231e-05,NA
"NUDT16","NUDT16","ENSG00000198585",0.450596052862962,9.58016831395805e-11,"blue",NA,-0.789981234893306,0.622807930801945,4,4.27848532056794e-05,3.61561377385415e-05,0.000110840448847403,NA
"AGPAT2","AGPAT2","ENSG00000169692",0.735212655337737,4.69529060764096e-10,"blue",NA,-0.919724165415626,0.563555546301199,9,0.000207627784852421,3.6134226600759e-05,4.23238381450592e-05,NA
"CCDC6","CCDC6","ENSG00000108091",-0.223765531980481,0.00352179342380395,"blue",NA,0.657902301584197,-0.375767088336112,9,0.00107607783897977,3.61334134137535e-05,5.41407418584007e-05,NA
"PAN2","PAN2","ENSG00000135473",-0.300770101927028,0.000169624357890439,"blue",NA,0.787806895952834,-0.460153561396054,14,0.000443616398708929,3.60157531187508e-05,5.71750590721762e-05,NA
"CA6","CA6","ENSG00000131686",-0.371013050805856,0.0529363087044133,"blue",NA,0.550656495093828,-0.294597559228772,4,0.000358283050924324,3.59515889464902e-05,0.000135794700765286,NA
"PXYLP1","PXYLP1","ENSG00000155893",-0.29665851352994,0.012664750928381,"blue",NA,0.62780542062587,-0.321588309636998,1,0,3.59384479947558e-05,0.000117912707129443,NA
"SLC10A7","SLC10A7","ENSG00000120519",-0.29261927665419,0.00270738777715157,"blue",NA,0.610479653163326,-0.363720369438563,1,0,3.59384479947558e-05,0.000117912707129443,NA
"LSM10","LSM10","ENSG00000181817",0.537210078841729,1.02756199450572e-08,"blue",NA,-0.885616038715678,0.540392118408209,18,0.000156927701302492,3.56571596178179e-05,3.73512313128015e-05,NA
"CEP78","CEP78","ENSG00000148019",-0.282206277750976,0.0424755480019229,"blue",NA,0.69383165292135,-0.356725538885282,8,0.000225812932276175,3.55886864251659e-05,4.24151922269863e-05,NA
"FMNL3","FMNL3","ENSG00000161791",-0.418846772807917,3.2418103258535e-06,"blue",NA,0.754997413123967,-0.516406119188236,7,0.000248756715535958,3.52303968967924e-05,3.88572641936937e-05,NA
"ZMAT2","ZMAT2","ENSG00000146007",0.351131250455032,0.000292061120068856,"blue",NA,-0.712190935704755,0.382464457212914,20,0.000203982590569045,3.50922517625269e-05,3.78387569084174e-05,NA
"RNF157","RNF157","ENSG00000141576",-0.517525153730888,0.000246625300696329,"blue",NA,0.658179244161068,-0.443153021043055,1,0,3.49530463679828e-05,0.000130700490242229,NA
"CADM4","CADM4","ENSG00000105767",0.532815415570825,0.000186864118251415,"blue",NA,-0.722742225693324,0.436379520383033,4,2.81121950066135e-05,3.49369906878668e-05,5.03798705223176e-05,NA
"MSI2","MSI2","ENSG00000153944",-0.245869278287736,0.00460135587159419,"blue",NA,0.81647987063617,-0.358165431963848,9,0.00152869576642845,3.49263056419953e-05,5.35306642596955e-05,NA
"LRIG2","LRIG2","ENSG00000198799",-0.323922626495427,0.000147167997658285,"blue",NA,0.897225269505392,-0.458815310023978,6,0.000355026006745855,3.48726370356592e-05,4.31596093618467e-05,NA
"UST","UST","ENSG00000111962",-0.421859552527447,0.00106604061120115,"blue",NA,0.652885691366645,-0.391693537866478,1,0,3.46327371441085e-05,0.000113731263807752,NA
"DNAJC11","DNAJC11","ENSG00000007923",-0.243815347454272,0.000663592552231242,"blue",NA,0.592499765029001,-0.419804222761778,10,0.00101868864701394,3.46220657131296e-05,4.83101156683175e-05,NA
"FKBPL","FKBPL","ENSG00000204315",0.458792991016839,0.00112504813413619,"blue",NA,-0.702542148814491,0.343598694235423,6,0.00131225092386672,3.45911250804647e-05,6.37612887110323e-05,NA
"MARCHF2","MARCHF2","ENSG00000099785",0.543462544155158,6.44327503575709e-05,"blue",NA,-0.770261831032018,0.385572362379679,4,1.3679099946852e-05,3.43140873775027e-05,0.000109028275559824,NA
"MTERF4","MTERF4","ENSG00000122085",-0.26925899611487,0.00435799628598977,"blue",NA,0.708273793697413,-0.356993680957461,10,0.00188775505217109,3.42236011381849e-05,3.856032541395e-05,NA
"WNT7A","WNT7A","ENSG00000154764",-0.754466315479339,0.000147167997658285,"blue",NA,0.624604941573002,-0.446313174005855,8,9.0947359525322e-05,3.42169365108576e-05,5.91846566519551e-05,NA
"GPD1L","GPD1L","ENSG00000152642",-0.462464485218545,5.97599455099421e-06,"blue",NA,0.835340559670395,-0.492339249761039,10,0.000678771980708597,3.41940155762324e-05,4.39846783984302e-05,NA
"HPS4","HPS4","ENSG00000100099",-0.277341359578518,3.31556089999777e-06,"blue",NA,0.840865857009137,-0.517577550038285,7,0.000859903632118497,3.40548464596627e-05,4.17588676315955e-05,NA
"LIMA1","LIMA1","ENSG00000050405",-0.446788979940938,4.36580541114139e-05,"blue",NA,0.751005200715202,-0.464255818747293,6,9.21148652308353e-05,3.38642585792378e-05,5.35160035431435e-05,NA
"MDN1","MDN1","ENSG00000112159",-0.501046245493509,2.74909861956827e-06,"blue",NA,0.927539711551006,-0.52698670197932,20,0.000217678577784997,3.38597082692978e-05,3.97068233957755e-05,NA
"SFI1","SFI1","ENSG00000198089",-0.375770287720338,7.17296480478727e-09,"blue",NA,0.712111811413389,-0.591330165377276,6,0.000123672777968567,3.38259856646775e-05,4.12452944456534e-05,NA
"LANCL1","LANCL1","ENSG00000115365",-0.378643041389612,0.00034540994167773,"blue",NA,0.882107245463199,-0.427838367058424,2,0,3.36778256717092e-05,5.58429337965169e-05,NA
"KCTD7","KCTD7","ENSG00000243335",-0.394579202019241,0.000325138403186542,"blue",NA,0.875667645886392,-0.446700790466241,7,0.00027557899629247,3.34251531711237e-05,5.6647774352217e-05,NA
"DLG5","DLG5","ENSG00000151208",-0.687805183693063,0.000125075625062586,"blue",NA,0.628494561363976,-0.485653360764371,4,6.94983233330677e-05,3.33423665176209e-05,6.56762340124999e-05,NA
"NOL11","NOL11","ENSG00000130935",-0.207141210213605,0.00113977849651332,"blue",NA,0.657238127935833,-0.394703735647974,18,3.60698876978543e-05,3.32283361206986e-05,3.83948685549239e-05,NA
"SCN1B","SCN1B","ENSG00000105711",0.934763019468742,1.05767193622263e-06,"blue",NA,-0.771489057287935,0.475998408455219,10,0.000669769032388715,3.32211545274582e-05,3.75692208035339e-05,NA
"ZNF318","ZNF318","ENSG00000171467",-0.345483905035541,4.32062850519878e-05,"blue",NA,0.807230263766475,-0.465591053222622,14,0.000901376303711134,3.31744643196417e-05,3.34099351456474e-05,NA
"KANSL3","KANSL3","ENSG00000114982",-0.323528041645873,7.31169416558123e-08,"blue",NA,0.842001533595208,-0.57146564650489,11,0.000203265438644551,3.31484510730145e-05,5.2191477528539e-05,NA
"PRKCH","PRKCH","ENSG00000027075",-0.548923406907298,2.04614245584549e-11,"blue",NA,0.893509301635537,-0.65592501136845,8,0.000198937149040281,3.29632970700094e-05,6.13234890248436e-05,NA
"TXNDC17","TXNDC17","ENSG00000129235",0.482393578144642,0.000132930520657901,"blue",NA,-0.680178698993629,0.388465381227244,4,9.26299493984684e-06,3.27086407673942e-05,6.2883478954984e-05,NA
"CEP72","CEP72","ENSG00000112877",-0.483046249108893,3.97261750581501e-05,"blue",NA,0.708375461194822,-0.478062137462699,8,0.000785855304797521,3.25932369144025e-05,3.50453109662298e-05,NA
"TP53I3","TP53I3","ENSG00000115129",0.705913593403306,1.05704994765093e-08,"blue",NA,-0.751578149598602,0.56513254859066,6,0.000129733357475596,3.24415521396182e-05,5.08494968079615e-05,NA
"SMPD4","SMPD4","ENSG00000136699",-0.341589206696492,6.63194167458325e-07,"blue",NA,0.658034629648242,-0.52885361577883,9,0.00120866518991172,3.23741508674129e-05,3.58961163370311e-05,NA
"TRIP4","TRIP4","ENSG00000103671",0.262173085069837,4.10553564647154e-05,"blue",NA,-0.702276766654775,0.457646288820292,6,3.7485623206334e-05,3.22539618555593e-05,5.31225573012835e-05,NA
"LTA4H","LTA4H","ENSG00000111144",0.716951328626722,1.45752625932338e-10,"blue",NA,-0.649943743766574,0.570314080230582,5,7.59283452746394e-05,3.21758692737885e-05,7.95845023920788e-05,NA
"RALY","RALY","ENSG00000125970",0.35449948288451,0.000188802447890981,"blue",NA,-0.868641245626442,0.383594108704209,11,0.000147812572257274,3.21665909498991e-05,5.58158067971836e-05,NA
"TADA1","TADA1","ENSG00000152382",-0.287451177073008,0.000795479183778566,"blue",NA,0.612273678272558,-0.41537598802165,11,0.000579868292784972,3.21294370417266e-05,4.6164043360193e-05,NA
"DGKH","DGKH","ENSG00000102780",-0.295934595962783,0.0438354897872342,"blue",NA,0.764554517433778,-0.307918093739235,8,0.00152865227236711,3.20248470486173e-05,4.4287048921266e-05,NA
"INPP4B","INPP4B","ENSG00000109452",-0.804822620131294,4.45044443872206e-06,"blue",NA,0.918898059011542,-0.519325403576602,7,4.54751876100053e-05,3.2019505072237e-05,6.02744907013199e-05,NA
"CBLB","CBLB","ENSG00000114423",-0.569686070333178,5.38489170226177e-09,"blue",NA,0.875385660671544,-0.61325766646715,6,1.85051969607971e-05,3.17712900746052e-05,6.02132985434446e-05,NA
"TLE2","TLE2","ENSG00000065717",-0.552867351397752,3.4336920904226e-05,"blue",NA,0.603011272398794,-0.491270954699301,10,6.89028428374758e-05,3.16482174607103e-05,5.20701095965496e-05,NA
"WDR6","WDR6","ENSG00000178252",-0.296893726915622,1.67956463488216e-05,"blue",NA,0.480769973598107,-0.492474227942925,12,0.00010902792489548,3.16385243445046e-05,3.97969946090143e-05,NA
"TNIP2","TNIP2","ENSG00000168884",0.304616012141074,1.05309655501169e-05,"blue",NA,-0.666594782908125,0.472746332832549,5,6.09787238609386e-05,3.15704894426448e-05,8.5505307114642e-05,NA
"B3GALT4","B3GALT4","ENSG00000235863",0.44762110126073,2.19540133443602e-06,"blue",NA,-0.798906537683426,0.475229425674719,3,3.90942190785169e-05,3.11951843901774e-05,6.12675856115188e-05,NA
"IPO9","IPO9","ENSG00000198700",-0.229158222795859,0.00010186137782549,"blue",NA,0.715920106167127,-0.460080556273562,14,0.000358258184690443,3.1068440676894e-05,3.91842759541396e-05,NA
"GPR174","GPR174","ENSG00000147138",-0.339953022199953,0.0367880031848087,"blue",NA,0.734747372762285,-0.33783089121664,3,2.69970243330134e-05,3.09129742624577e-05,7.2842874703594e-05,NA
"ELP1","ELP1","ENSG00000070061",-0.406532817394824,2.40535444317009e-08,"blue",NA,0.887262299491973,-0.573274582214923,15,0.00089078413821366,3.08843188902729e-05,3.82623121401077e-05,NA
"ZNF202","ZNF202","ENSG00000166261",-0.26233975647369,0.00142581178117651,"blue",NA,0.700253829933458,-0.374235071867316,7,0.000592666326078895,3.08229488039382e-05,6.44611027357752e-05,NA
"PTGER2","PTGER2","ENSG00000125384",-0.0781596914570715,0.412205070350023,"blue",NA,0.613419281307347,-0.186443684469937,4,0.000102063466621793,3.07829955721953e-05,7.50204133268952e-05,NA
"MACF1","MACF1","ENSG00000127603",-0.396845413320379,1.9654286070016e-05,"blue",NA,0.849617425271499,-0.50604328397157,7,0.000583093199643521,3.06131114639454e-05,3.44075188988375e-05,NA
"DNHD1","DNHD1","ENSG00000179532",-0.425178274595241,1.20855530681607e-05,"blue",NA,0.803624004870746,-0.503653050141175,4,0.00140639022847408,3.04662868664069e-05,4.08615184795693e-05,NA
"WDR35","WDR35","ENSG00000118965",-0.395866498965001,0.000639987313803561,"blue",NA,0.722606795295897,-0.407467736364312,8,0.00124881713692256,3.04559010600967e-05,3.74804749889779e-05,NA
"FAM169A","FAM169A","ENSG00000198780",-0.732511352234815,9.48474041134232e-06,"blue",NA,0.783296771112295,-0.507180144381768,6,0.000143908004140808,3.04395243305814e-05,4.94074706286803e-05,NA
"AOAH","AOAH","ENSG00000136250",0.415533586498288,8.21370546112299e-06,"blue",NA,-0.797939520849469,0.481150488054861,2,9.48799587753632e-07,3.03423698997417e-05,0.000101035887223288,NA
"KLHL3","KLHL3","ENSG00000146021",-0.803000184495144,5.08067013186809e-08,"blue",NA,0.887870473662209,-0.593276887261618,10,0.000378732469626967,3.02188768517399e-05,4.83996567909928e-05,NA
"SLC27A3","SLC27A3","ENSG00000143554",0.705545199758793,7.53423466855836e-08,"blue",NA,-0.758829622169393,0.505256131887113,2,1.57778544623396e-05,3.00998115179824e-05,7.22844399364155e-05,NA
"KIF21A","KIF21A","ENSG00000139116",-0.492891855694564,0.00121953880012096,"blue",NA,0.723083858262486,-0.415725726252324,8,0.000303581432451739,3.00810565303126e-05,3.3321839041932e-05,NA
"DENND2D","DENND2D","ENSG00000162777",-0.4219992802846,2.03811381875495e-07,"blue",NA,0.770630508097247,-0.549127012807035,6,7.62518716164644e-05,2.99112087716769e-05,4.50266811931749e-05,NA
"ALS2CL","ALS2CL","ENSG00000178038",-0.524152866072377,0.000188749955319607,"blue",NA,0.545612082112425,-0.452034212294126,4,8.09682058096086e-05,2.97808802491655e-05,4.90446474555471e-05,NA
"DRAP1","DRAP1","ENSG00000175550",0.878613085003228,7.82971714448519e-10,"blue",NA,-0.887533665602264,0.550592114017888,8,0.000207431606430544,2.96126978259622e-05,5.18494063373018e-05,NA
"FOXK1","FOXK1","ENSG00000164916",-0.481904962605831,1.0315555452851e-10,"blue",NA,0.827027519770531,-0.622334765425062,11,0.000259274716699279,2.95845581639281e-05,3.98298757922648e-05,NA
"CCSER2","CCSER2","ENSG00000107771",-0.500758498440046,2.18869518860269e-08,"blue",NA,0.867273492064568,-0.584159613991162,4,0.000136747556049642,2.9486172860649e-05,6.34864762964944e-05,NA
"SINHCAF","SINHCAF","ENSG00000139146",-0.305187268214395,0.00281004643927072,"blue",NA,0.768417106691551,-0.384017766054195,8,2.61327676911171e-05,2.94504469174863e-05,5.01768709750882e-05,NA
"ZNF439","ZNF439","ENSG00000171291",-0.301408248019816,0.041919440865432,"blue",NA,0.599562204071753,-0.278768322526341,1,0,2.93717015038584e-05,8.50645628673381e-05,NA
"GCSAM","GCSAM","ENSG00000174500",-0.623862481404439,4.47362685450173e-06,"blue",NA,0.798495000110199,-0.505220577216861,4,0.00096631550508212,2.93579857082272e-05,8.01323725478173e-05,NA
"HEXD","HEXD","ENSG00000169660",0.537250881534043,4.47671273142907e-09,"blue",NA,-0.752101060978823,0.562437842217089,3,0.00128186915122822,2.9199202120011e-05,4.91881709558427e-05,NA
"ZFP62","ZFP62","ENSG00000196670",-0.191589177450144,0.148088156352546,"blue",NA,0.708203203725795,-0.254748152977899,2,1.15346560082658e-05,2.90782965661563e-05,7.15485683112692e-05,NA
"DIP2C","DIP2C","ENSG00000151240",-0.86705947299314,1.30103764755888e-05,"blue",NA,0.715055312840428,-0.491901433494911,9,0.00025786113912835,2.90691821344918e-05,3.72114601482703e-05,NA
"OSER1","OSER1","ENSG00000132823",0.311092964865436,0.000204695418778849,"blue",NA,-0.735485394467876,0.43244612559812,1,0,2.88797401982524e-05,0.000246579082445295,NA
"TTC1","TTC1","ENSG00000113312",0.368439452758302,2.09090970626674e-06,"blue",NA,-0.856030275768818,0.479798301933485,4,4.2270599544119e-05,2.87597252989548e-05,6.07452429097862e-05,NA
"ATXN7L1","ATXN7L1","ENSG00000146776",-0.386811534115183,2.09191278927593e-05,"blue",NA,0.771856381425521,-0.488649716194,11,0.000436266828066083,2.87097066185272e-05,4.40201555349171e-05,NA
"SDSL","SDSL","ENSG00000139410",0.951509279731508,7.10296558436129e-06,"blue",NA,-0.713026939527517,0.470333730724395,4,2.50468903546801e-05,2.84763820377169e-05,4.16765754323836e-05,NA
"RFWD3","RFWD3","ENSG00000168411",-0.211183560625828,0.000559206277193331,"blue",NA,0.62038178134251,-0.4199308871966,7,2.28996564920964e-05,2.84681281130068e-05,5.42925373658926e-05,NA
"TNFSF13","TNFSF13","ENSG00000161955",0.595133796145749,2.99160267027606e-08,"blue",NA,-0.774167462864409,0.534996731777053,3,8.76780840662293e-07,2.84144799368044e-05,9.678013416774e-05,NA
"ZC3H8","ZC3H8","ENSG00000144161",-0.409638083095113,5.62633397911799e-05,"blue",NA,0.764860785854728,-0.470017738335997,8,0.000163445037556969,2.83527803875269e-05,4.56800588944471e-05,NA
"TUT4","TUT4","ENSG00000134744",-0.467753445405829,1.2460500206273e-07,"blue",NA,0.851080704682755,-0.574082534235664,8,4.42157125123403e-05,2.81103955988925e-05,6.70225095554382e-05,NA
"CDK20","CDK20","ENSG00000156345",-0.357211501651753,0.00296364929622555,"blue",NA,0.649567289397926,-0.359605812257355,3,0.000490402341995339,2.80131973868109e-05,8.13821204749393e-05,NA
"RNMT","RNMT","ENSG00000101654",-0.267451720563711,2.01654243773131e-05,"blue",NA,0.854828927875961,-0.484357034827824,7,0.000576442978520436,2.77856051031544e-05,5.33996411207763e-05,NA
"TMC8","TMC8","ENSG00000167895",-0.304874466381863,1.17009451365039e-05,"blue",NA,0.492120285470203,-0.488821048195003,3,0.00122798620732222,2.76881294785215e-05,5.20677334751684e-05,NA
"AMIGO1","AMIGO1","ENSG00000181754",-0.844594579577363,7.04775856941944e-11,"blue",NA,0.7916780978146,-0.648907716353387,2,0.000119781104216126,2.76419181354616e-05,4.92240930165366e-05,NA
"ZBTB14","ZBTB14","ENSG00000198081",-0.22789729798613,0.0105299413086833,"blue",NA,0.721196237258997,-0.313766648152631,4,2.61298173545308e-05,2.69767598258324e-05,5.11230819683591e-05,NA
"ZC3H12D","ZC3H12D","ENSG00000178199",-0.410879796092905,0.000132930520657901,"blue",NA,0.68157777147474,-0.451940532898403,4,4.98466493101754e-05,2.67723862785212e-05,5.46479340765887e-05,NA
"PDE8A","PDE8A","ENSG00000073417",-0.308798678909859,0.000896139052698836,"blue",NA,0.774651433641754,-0.406361318170358,4,0.000622810221834915,2.64632266011562e-05,5.56383054722479e-05,NA
"AP3M2","AP3M2","ENSG00000070718",-0.37596064179537,7.49221758391755e-05,"blue",NA,0.753835629781039,-0.457995026615371,4,6.95503360359775e-05,2.64324562649636e-05,3.34216929780826e-05,NA
"ZMAT5","ZMAT5","ENSG00000100319",0.502977630171442,6.65757049056113e-07,"blue",NA,-0.80185016691526,0.501822100794088,11,0.000568602930240693,2.64324035235208e-05,3.91705092480075e-05,NA
"KIAA1328","KIAA1328","ENSG00000150477",-0.447944782743938,0.000490380024799346,"blue",NA,0.693714825499973,-0.380046707956274,4,4.60246221096192e-05,2.63745901412245e-05,7.43202026849348e-05,NA
"MPRIP","MPRIP","ENSG00000133030",-0.487923837090027,7.23045907208543e-07,"blue",NA,0.934342679392785,-0.569199277610925,5,7.27767426694896e-05,2.63375025508012e-05,5.28097310355944e-05,NA
"DCAF4","DCAF4","ENSG00000119599",-0.460201630348656,8.84441887990176e-07,"blue",NA,0.621600767739568,-0.522700101589466,9,3.36249175712645e-05,2.60427005335767e-05,4.23112390682878e-05,NA
"SZRD1","SZRD1","ENSG00000055070",0.27652900096969,3.34501684625034e-05,"blue",NA,-0.849374129515737,0.442140808313577,3,7.72720927786107e-05,2.59986451991294e-05,4.56636034473913e-05,NA
"SIK2","SIK2","ENSG00000170145",-0.311507989982131,5.40514161787331e-05,"blue",NA,0.790656675981166,-0.467580721434918,5,0.000230997558131145,2.57589227360939e-05,3.49694809354002e-05,NA
"USP24","USP24","ENSG00000162402",-0.373665438831244,2.157989222449e-07,"blue",NA,0.843423769943948,-0.565214722971263,4,5.74584008410934e-05,2.57128634368692e-05,4.98833445382466e-05,NA
"GALNT12","GALNT12","ENSG00000119514",-0.65079323888833,6.94259737927702e-06,"blue",NA,0.765796174773864,-0.52132681296009,4,1.28810530842158e-05,2.54850240928649e-05,5.67865408682973e-05,NA
"SIDT1","SIDT1","ENSG00000072858",-0.554861209566447,8.38469502316961e-10,"blue",NA,0.86392650019274,-0.612517604344673,6,0.00032611671340579,2.54528935701574e-05,4.26816720200687e-05,NA
"TSHZ1","TSHZ1","ENSG00000179981",-0.617429724472215,8.38873054670323e-12,"blue",NA,0.85207470109988,-0.650225407418562,3,1.45228876194431e-05,2.54355949853422e-05,5.71883215767185e-05,NA
"FAM32A","FAM32A","ENSG00000105058",0.401526986554488,4.08963283064816e-08,"blue",NA,-0.875669145508655,0.544981517736837,15,0.000699394116702428,2.52625824546921e-05,2.77293607987392e-05,NA
"WDCP","WDCP","ENSG00000163026",-0.278363457833993,8.84483715738148e-05,"blue",NA,0.613525636140768,-0.435452675789542,6,0,2.52342970392872e-05,4.86990344222104e-05,NA
"ZBTB39","ZBTB39","ENSG00000166860",-0.370861084210908,5.25211820217009e-05,"blue",NA,0.840662134000035,-0.474117646475964,5,0.000108202611707317,2.51749371408152e-05,3.37166128522705e-05,NA
"KANSL2","KANSL2","ENSG00000139620",-0.164112767053374,0.0163381277949005,"blue",NA,0.730949380964048,-0.317874081874842,11,4.53557510064206e-05,2.5076710601071e-05,4.03882637151389e-05,NA
"ZNF512","ZNF512","ENSG00000243943",-0.223259918648016,0.00325578934793358,"blue",NA,0.452444663293228,-0.369097173011046,8,0.000201158491531022,2.49015843670689e-05,5.43815794746955e-05,NA
"MRFAP1","MRFAP1","ENSG00000179010",0.165437981806361,0.00290276721643499,"blue",NA,-0.709387181085616,0.354343337440038,9,0.00257377471991605,2.48524490084079e-05,4.33317867402317e-05,NA
"ZC3H12A","ZC3H12A","ENSG00000163874",0.233245466047633,0.00502295554048398,"blue",NA,-0.570816242114434,0.356525196458583,5,0.000144056879812919,2.46985497747452e-05,6.80756564333457e-05,NA
"ZNF253","ZNF253","ENSG00000256771",-0.398512843588387,0.000719222078657502,"blue",NA,0.6559636269572,-0.38529866221082,4,0.00127168472811537,2.45344065771264e-05,5.84059131504138e-05,NA
"POLR3E","POLR3E","ENSG00000058600",-0.32030407808384,2.81739077945471e-06,"blue",NA,0.835362789341706,-0.527329667874555,9,1.88043166297796e-05,2.44767056263282e-05,2.98360341362577e-05,NA
"FNBP4","FNBP4","ENSG00000109920",-0.303575509935066,0.00222569248644769,"blue",NA,0.858809729873151,-0.399865352369037,5,9.03866042434721e-05,2.39606067108571e-05,3.13033076802356e-05,NA
"DDHD2","DDHD2","ENSG00000085788",-0.506815328352307,3.00655947775205e-07,"blue",NA,0.862652913840227,-0.549671633559003,7,0.000478049680937664,2.39021207138385e-05,3.7351583688257e-05,NA
"RETREG1","RETREG1","ENSG00000154153",-0.423903138409437,0.00208760241555109,"blue",NA,0.659547425254333,-0.417228307541164,5,4.94543888442219e-05,2.37731340455789e-05,4.36788714786122e-05,NA
"RTL6","RTL6","ENSG00000188636",-0.573232785259496,3.58543129488957e-10,"blue",NA,0.805956026661174,-0.603305966259264,3,4.93827662998602e-05,2.36723097077108e-05,5.57256229449373e-05,NA
"CENPV","CENPV","ENSG00000166582",-0.578004556592092,5.87602576128066e-05,"blue",NA,0.739165428824462,-0.423855014307102,4,1.10299837758357e-05,2.36203828617498e-05,6.32494631118231e-05,NA
"SEMA4C","SEMA4C","ENSG00000168758",-0.547671788209875,4.68882697699674e-07,"blue",NA,0.749198360433171,-0.547143462524075,5,7.75886109832249e-05,2.34803001725687e-05,3.39696622106911e-05,NA
"ATMIN","ATMIN","ENSG00000166454",-0.293082079989607,4.00624742916777e-06,"blue",NA,0.726997108119887,-0.514791757778395,5,5.31269175763083e-05,2.34794808716956e-05,4.78039809331314e-05,NA
"RIOX2","RIOX2","ENSG00000170854",-0.253566254022996,0.00635421781312739,"blue",NA,0.644001632024286,-0.357192167685791,3,3.97188940470999e-05,2.31296186643278e-05,7.90946189418977e-05,NA
"HM13","HM13","ENSG00000101294",0.330041189361423,0.000105297499984103,"blue",NA,-0.834062834970015,0.418674668253003,7,0.00021910395368668,2.29275340453982e-05,2.98528339689868e-05,NA
"TNPO2","TNPO2","ENSG00000105576",-0.244716108819836,7.37879226506421e-06,"blue",NA,0.712969234605154,-0.496140462698602,13,0.000160922207518959,2.28192922518599e-05,3.13231209687033e-05,NA
"PRPF40B","PRPF40B","ENSG00000110844",-0.456251446255008,0.000209634890315597,"blue",NA,0.636853399822142,-0.411188584700638,12,0.000172869167706968,2.27351259087792e-05,2.98188172281135e-05,NA
"PLBD1","PLBD1","ENSG00000121316",0.609157903456432,2.24603898372055e-07,"blue",NA,-0.772066379220853,0.556225301554312,1,0,2.26859442119309e-05,7.4018282352638e-05,NA
"TXLNG","TXLNG","ENSG00000086712",-0.222142879375233,0.0345849158051121,"blue",NA,0.709646621150391,-0.292660627088887,3,5.89728228194752e-05,2.24700358546405e-05,4.84435601916746e-05,NA
"FOXK2","FOXK2","ENSG00000141568",-0.179688948306585,0.000339818603949387,"blue",NA,0.612073274550947,-0.409097797356159,10,9.22815390445034e-05,2.21825843907282e-05,3.54056981225126e-05,NA
"RAB5IF","RAB5IF","ENSG00000101084",0.767422455286325,6.44169811821124e-06,"blue",NA,-0.621232755347137,0.44484812618454,4,0.000279512202815419,2.21547920571487e-05,4.93939248013773e-05,NA
"ORMDL2","ORMDL2","ENSG00000123353",0.483805252886928,8.63300099893687e-07,"blue",NA,-0.744308870665116,0.505668514708039,2,0.00122622205380826,2.20724183614197e-05,5.34929950476115e-05,NA
"ZC3H7B","ZC3H7B","ENSG00000100403",-0.238742446277249,6.87542084338793e-05,"blue",NA,0.741812837464223,-0.463769496766505,7,0.000149685430762139,2.19216462575924e-05,3.70691686626899e-05,NA
"CERS5","CERS5","ENSG00000139624",0.138961935831069,0.00529837746611657,"blue",NA,-0.644850390565206,0.334616675921708,4,4.40837606850346e-06,2.16899657499002e-05,2.98047350196944e-05,NA
"SGPP2","SGPP2","ENSG00000163082",-0.845670641775226,4.6549288939316e-07,"blue",NA,0.747635990718279,-0.538491242158212,4,4.40837606850346e-06,2.16899657499002e-05,2.98047350196944e-05,NA
"GTF3C4","GTF3C4","ENSG00000125484",-0.381656482134136,2.17929228040268e-05,"blue",NA,0.697700667183895,-0.456087739692245,6,5.73227801446548e-05,2.16805048751331e-05,2.99460815366743e-05,NA
"USP36","USP36","ENSG00000055483",-0.435673581308787,1.7553616652159e-10,"blue",NA,0.775798253089105,-0.628916278215351,7,0.000288551792349865,2.16765810448294e-05,4.64197508049846e-05,NA
"ZNF622","ZNF622","ENSG00000173545",0.257784110536381,0.000477416529507097,"blue",NA,-0.777837011934613,0.384864827869798,9,0.000232279351904312,2.15781675650949e-05,2.96369950757298e-05,NA
"TEX2","TEX2","ENSG00000136478",-0.211771985022639,0.00708270861880938,"blue",NA,0.549917250851075,-0.35187506476809,4,0.000316590404242692,2.11474450638517e-05,2.80409253200013e-05,NA
"KIAA1191","KIAA1191","ENSG00000122203",-0.160486828738102,0.00537927382602515,"blue",NA,0.682814150927507,-0.361590247339613,3,6.14698891030573e-05,2.11434886966124e-05,4.55609548017268e-05,NA
"MPC2","MPC2","ENSG00000143158",0.223215913762401,0.00321313105338351,"blue",NA,-0.645805685072832,0.349563023154004,5,0.00015339189120584,2.10055244049081e-05,3.66785729628096e-05,NA
"SFXN1","SFXN1","ENSG00000164466",-0.437122531621236,2.68917234185234e-08,"blue",NA,0.859655575907224,-0.576348776571213,5,0.000317683679296748,2.09521085787758e-05,3.93754513615456e-05,NA
"SEC11A","SEC11A","ENSG00000140612",0.442135264197273,8.6997046752364e-09,"blue",NA,-0.793621221572223,0.556384480890765,5,0.000352908309535836,2.07320720217388e-05,3.06496943407743e-05,NA
"PRDM15","PRDM15","ENSG00000141956",-0.327130740985507,0.00023285727795808,"blue",NA,0.681220960307812,-0.453519484055741,3,0.00123694533516382,2.0600821084161e-05,2.11909079097194e-05,NA
"ZNF569","ZNF569","ENSG00000196437",-0.307951933451026,0.0405720230489041,"blue",NA,0.741290923490063,-0.308479590101085,8,0.0054184143578941,2.05060212727096e-05,3.60141929997533e-05,NA
"KCTD10","KCTD10","ENSG00000110906",-0.238232971204753,1.49237676405265e-06,"blue",NA,0.609423792328902,-0.510515155929264,8,0.000173546490855382,2.03928748818875e-05,3.69418242556067e-05,NA
"YIF1B","YIF1B","ENSG00000167645",0.629949363015804,3.45503857100353e-07,"blue",NA,-0.831740306486673,0.482473504576947,3,6.45864320459131e-05,2.0261995668671e-05,3.89762964379548e-05,NA
"DDI2","DDI2","ENSG00000197312",-0.232603847193793,0.0030472738721104,"blue",NA,0.722326725430794,-0.361837022469648,4,3.82753587927123e-05,2.02268017861788e-05,5.90434543065203e-05,NA
"ZNF512B","ZNF512B","ENSG00000196700",-0.466623325057524,2.44274308435033e-07,"blue",NA,0.653142899943086,-0.558895747991392,10,0.000143325496257478,2.01870137255137e-05,3.28605207818944e-05,NA
"SLC39A6","SLC39A6","ENSG00000141424",-0.440273570656642,7.75490329546898e-08,"blue",NA,0.719009835909944,-0.557961589474188,3,0,2.0013374115467e-05,3.79584247895308e-05,NA
"SLC39A7","SLC39A7","ENSG00000112473",0.220499358505683,0.00215586327159532,"blue",NA,-0.799526272087265,0.354160686320748,3,0,2.0013374115467e-05,3.79584247895308e-05,NA
"PDE4DIP","PDE4DIP","ENSG00000178104",-0.333044406897865,9.76324635236652e-06,"blue",NA,0.839414707709111,-0.505037576540722,6,8.54960591068436e-05,1.99608399142197e-05,3.01129795504102e-05,NA
"PLAG1","PLAG1","ENSG00000181690",-0.506041652317169,0.0080600642426129,"blue",NA,0.648570047882954,-0.365720492631311,4,1.03636040461786e-05,1.98275991252777e-05,4.55675695195104e-05,NA
"QSOX2","QSOX2","ENSG00000165661",-0.217835891778962,0.00946473084949066,"blue",NA,0.764434874891905,-0.345479483713811,2,1.60272235789698e-05,1.97200667234862e-05,4.77424890818343e-05,NA
"CKLF","CKLF","ENSG00000217555",0.825298623333111,1.09016511904656e-10,"blue",NA,-0.733180972067927,0.610986715842622,1,0,1.9504191479698e-05,5.6772856111117e-05,NA
"CELSR1","CELSR1","ENSG00000075275",-0.785168029007489,5.93954291820391e-08,"blue",NA,0.654110131648854,-0.564771538828038,4,5.62062354051757e-05,1.93017654845398e-05,6.12443248295309e-05,NA
"EDEM2","EDEM2","ENSG00000088298",0.525581861322478,7.6602306107994e-12,"blue",NA,-0.877101643248747,0.641959276096214,6,0.000129995589628762,1.91142882021183e-05,3.24075081513479e-05,NA
"CYP2R1","CYP2R1","ENSG00000186104",-0.217501630763337,0.0525378649264223,"blue",NA,0.696567267834793,-0.278031822870035,4,8.18763270211953e-05,1.90440907700964e-05,3.71703108379054e-05,NA
"PDXK","PDXK","ENSG00000160209",0.157031633561346,0.0133120482495407,"blue",NA,-0.667452109864579,0.290498052884201,4,6.17888231633914e-05,1.86231443555952e-05,4.12666841647444e-05,NA
"TNNI2","TNNI2","ENSG00000130598",0.585608977386195,0.000253620608677695,"blue",NA,-0.793524102994335,0.37609344109264,4,3.61219429133165e-05,1.85196138949583e-05,3.1248012599118e-05,NA
"SEMA4F","SEMA4F","ENSG00000135622",-0.447577316774814,2.82150518012971e-05,"blue",NA,0.703800367887376,-0.486639073002003,3,1.44815473172127e-05,1.84799526755313e-05,3.34206220168416e-05,NA
"CAMSAP1","CAMSAP1","ENSG00000130559",-0.396073580982421,9.98440213776776e-08,"blue",NA,0.792272917696556,-0.552871705025822,4,0.000761089837867154,1.8365367626126e-05,3.70210262868062e-05,NA
"OXNAD1","OXNAD1","ENSG00000154814",-0.518521698021072,2.94177844919988e-05,"blue",NA,0.785007772488313,-0.476427608708968,4,0.00131429320918004,1.83016892965986e-05,3.58153882275168e-05,NA
"OBSCN","OBSCN","ENSG00000154358",-0.435000285168589,0.000604368979014263,"blue",NA,0.641533269800505,-0.446501871997474,3,4.76390737323306e-05,1.81412781449462e-05,3.54767028641774e-05,NA
"PDP2","PDP2","ENSG00000172840",-0.4768305732226,0.000649619151803168,"blue",NA,0.747011839365088,-0.443407968915705,5,0.000103385120949224,1.79592517117244e-05,3.07107019167669e-05,NA
"LDLRAD4","LDLRAD4","ENSG00000168675",-0.484760514253179,2.1585671973318e-05,"blue",NA,0.766019828913162,-0.489389430671168,5,5.60281151779795e-05,1.79379246309446e-05,4.5522859860359e-05,NA
"OSBPL3","OSBPL3","ENSG00000070882",-0.349928235251733,0.000414506112034641,"blue",NA,0.829919721068785,-0.44453063771861,3,5.76808110782192e-05,1.78723314550476e-05,3.14715614302848e-05,NA
"CBFA2T2","CBFA2T2","ENSG00000078699",-0.314545262408596,2.17929228040268e-05,"blue",NA,0.770834922556224,-0.492896546304794,4,4.66008943958537e-05,1.78430195774163e-05,3.23926211112406e-05,NA
"CCDC88C","CCDC88C","ENSG00000015133",-0.450040729160144,4.16230038256353e-11,"blue",NA,0.899216938108878,-0.654922335898799,2,2.74461478670421e-05,1.76134772789324e-05,4.33542836647199e-05,NA
"PAQR8","PAQR8","ENSG00000170915",-0.54663987771684,9.47045967699646e-10,"blue",NA,0.783815756908872,-0.604565637799512,2,5.80211106005617e-05,1.74509930596883e-05,5.38952341171817e-05,NA
"STK39","STK39","ENSG00000198648",-0.400773898043119,4.01128356635917e-07,"blue",NA,0.748975208826782,-0.555016171145177,3,4.62381731639524e-05,1.73631980586515e-05,3.77773535062807e-05,NA
"KLF8","KLF8","ENSG00000102349",-0.556350967032638,0.000697177934011825,"blue",NA,0.649155277257446,-0.448652506482632,2,2.64393343728448e-06,1.71638219391334e-05,6.23033343938576e-05,NA
"SGCB","SGCB","ENSG00000163069",-0.482330544875725,0.000140037213455412,"blue",NA,0.644942881283952,-0.459233994111183,2,0,1.71512771261947e-05,5.54910337725264e-05,NA
"ZCCHC14","ZCCHC14","ENSG00000140948",-0.484247425952336,1.01142344761938e-07,"blue",NA,0.889795833488924,-0.553342649221501,5,0.000123013214573417,1.71458498707951e-05,3.76358044977562e-05,NA
"MAL","MAL","ENSG00000172005",-0.501560718255368,0.000546477619285447,"blue",NA,0.403832795495185,-0.407168147137182,2,6.34521936341661e-06,1.71167464081241e-05,3.81644207536354e-05,NA
"MAP3K9","MAP3K9","ENSG00000006432",-0.658466326222432,3.67161133415991e-07,"blue",NA,0.793445010305321,-0.559467385079034,3,0,1.70481836582062e-05,4.44880686943018e-05,NA
"NMT2","NMT2","ENSG00000152465",-0.481874754036735,1.98446825987456e-06,"blue",NA,0.771050980386596,-0.519939224717463,6,0.00256080241016462,1.68729644318942e-05,2.30417104265418e-05,NA
"HYAL2","HYAL2","ENSG00000068001",0.361357498214377,0.00177368847817141,"blue",NA,-0.649153065232414,0.360117771371796,2,7.8327506273719e-05,1.68618905372621e-05,4.27496193615512e-05,NA
"ANKLE2","ANKLE2","ENSG00000176915",-0.134732842258139,0.00019905425241783,"blue",NA,0.651183851668506,-0.461032364597148,6,0.000438734064386149,1.66371084938787e-05,2.67615335656594e-05,NA
"TMEM50A","TMEM50A","ENSG00000183726",0.322521357713343,3.76956317190116e-06,"blue",NA,-0.780805165557402,0.510666983031312,3,2.78673370168743e-05,1.66107955528772e-05,4.32344280752258e-05,NA
"MICU1","MICU1","ENSG00000107745",0.361737851204839,8.35509253784967e-05,"blue",NA,-0.748803361682472,0.392751135072131,4,5.27176154438746e-05,1.66087559362146e-05,3.25091138954401e-05,NA
"MAPKBP1","MAPKBP1","ENSG00000137802",-0.287126363839895,4.60468351244491e-07,"blue",NA,0.649794634238413,-0.545373285943541,4,0.000125460100608955,1.63134855844587e-05,3.00910539171789e-05,NA
"UBP1","UBP1","ENSG00000153560",-0.31784698553551,5.13241625258585e-05,"blue",NA,0.831369061427196,-0.460871311258764,6,4.52635438608735e-05,1.6203949391897e-05,3.61474023815738e-05,NA
"BAHD1","BAHD1","ENSG00000140320",-0.399197973382057,2.1279345750124e-12,"blue",NA,0.702107325281363,-0.643715207962028,6,0.000391294000378469,1.60684888164913e-05,3.63877635075167e-05,NA
"TOB1","TOB1","ENSG00000141232",-0.398996676774684,1.75262914936447e-07,"blue",NA,0.727668741250998,-0.567455269079826,4,3.64096403079635e-05,1.60269389076065e-05,3.85363189994193e-05,NA
"TSPYL1","TSPYL1","ENSG00000189241",-0.351650146966052,3.72254946184437e-09,"blue",NA,0.724973629360085,-0.615701121435166,7,9.0328860866443e-05,1.59409523323179e-05,2.64144960575125e-05,NA
"CAPRIN2","CAPRIN2","ENSG00000110888",-0.304493525751647,0.00462114497235733,"blue",NA,0.805013205911335,-0.36848361217609,2,2.99880959621782e-06,1.58603673701179e-05,8.64551565021067e-05,NA
"PALS2","MPP6","ENSG00000105926",-0.471358184012226,0.00138530024840745,"blue",NA,0.693130455451523,-0.397824051443118,4,2.71911740796726e-05,1.58128427467451e-05,2.29477968069935e-05,NA
"ZNF76","ZNF76","ENSG00000065029",-0.253275706304726,0.000559916258285571,"blue",NA,0.70483295577554,-0.415252543671202,4,5.32468900034548e-05,1.56171232935827e-05,5.43204584917823e-05,NA
"ABCA5","ABCA5","ENSG00000154265",-0.258639030433839,0.0763053104991282,"blue",NA,0.67502510935546,-0.256419407399945,2,3.18290299095025e-06,1.54812504160809e-05,4.42707152697778e-05,NA
"CNKSR2","CNKSR2","ENSG00000149970",-0.681140854671774,0.000333141932367748,"blue",NA,0.675429469243788,-0.4420928138811,3,1.23591030890199e-05,1.54769368274899e-05,2.74981129790485e-05,NA
"MORC4","MORC4","ENSG00000133131",-0.423923698509974,0.000431835863333425,"blue",NA,0.635726452409255,-0.442024194239356,2,2.91044760266927e-06,1.54226058485441e-05,4.01474325381893e-05,NA
"OGFR","OGFR","ENSG00000060491",0.677396183157132,2.93511745815224e-10,"blue",NA,-0.935206129394921,0.57481578594598,1,0,1.53579196365159e-05,9.98492677106727e-05,NA
"CYP4V2","CYP4V2","ENSG00000145476",-0.297209004005003,0.0221181010851968,"blue",NA,0.66274750291366,-0.277712791594843,4,4.2824176240895e-05,1.51921826500147e-05,2.49737953888313e-05,NA
"AIFM3","AIFM3","ENSG00000183773",0.65058633864618,7.00758337882016e-05,"blue",NA,-0.62912786259301,0.420423308204726,3,9.97969492727286e-05,1.50012015381486e-05,2.48502257696309e-05,NA
"SEL1L3","SEL1L3","ENSG00000091490",-0.332502296135637,6.59496615285965e-05,"blue",NA,0.632725926402728,-0.448950281704533,4,0.000278534482092915,1.49283519984032e-05,2.98482718789066e-05,NA
"TRIB2","TRIB2","ENSG00000071575",-0.468208885476018,3.80973956429095e-05,"blue",NA,0.830872642858399,-0.491418357244367,2,5.12752721870021e-06,1.47800530700331e-05,4.19522084437418e-05,NA
"NIT1","NIT1","ENSG00000158793",0.440095743705207,4.20318779355904e-11,"blue",NA,-0.85363937925231,0.625129114358696,3,1.251953777559e-05,1.46772707882446e-05,2.78471362029093e-05,NA
"ANKMY1","ANKMY1","ENSG00000144504",-0.305750322952984,5.79756022001261e-05,"blue",NA,0.646277706495496,-0.467113995320796,2,0.00264848701310642,1.4602962353056e-05,3.47151185730356e-05,NA
"SPEF2","SPEF2","ENSG00000152582",-0.342818459741374,0.0271069329609224,"blue",NA,0.737284701072783,-0.311336401983882,3,9.10237496478503e-05,1.45598352705823e-05,2.14022373994836e-05,NA
"THEM4","THEM4","ENSG00000159445",-0.538207580032188,8.37174769960319e-05,"blue",NA,0.834176981241949,-0.475691551163587,3,0.000123209190764982,1.45146174726464e-05,3.35463978090938e-05,NA
"RADX","RADX","ENSG00000147231",-0.350281453142546,0.0451781018182203,"blue",NA,0.663521146821639,-0.282647900812051,3,8.00876052562938e-06,1.45130765362659e-05,3.71207530330159e-05,NA
"FBXL16","FBXL16","ENSG00000127585",-0.734628589635981,7.7754213000879e-07,"blue",NA,0.631336003763624,-0.552785101495554,2,1.87185175781059e-05,1.44098222287702e-05,2.86371846097341e-05,NA
"ZBTB2","ZBTB2","ENSG00000181472",-0.22647917819438,0.0018761715142893,"blue",NA,0.633205813154557,-0.379183165946336,8,0.00229432235538756,1.43779862121186e-05,2.77011441731046e-05,NA
"PRELID1","PRELID1","ENSG00000169230",0.689818837702982,2.36634184785254e-11,"blue",NA,-0.890481184897931,0.59273716435764,2,1.75510621851136e-06,1.42547082847072e-05,5.61425421836063e-05,NA
"FBXL14","FBXL14","ENSG00000171823",-0.33665079057222,8.33464756518706e-07,"blue",NA,0.622079732881124,-0.523158941726679,4,0.000297475826743838,1.4239171421735e-05,4.05537683376262e-05,NA
"PHLDB2","PHLDB2","ENSG00000144824",-0.206724051062619,0.190614213112324,"blue",NA,0.625442408612992,-0.266317856352067,6,0.00139004881185248,1.42285049299991e-05,2.50733411634052e-05,NA
"TUBGCP4","TUBGCP4","ENSG00000137822",-0.323952159319583,7.71482334566662e-05,"blue",NA,0.822020550865159,-0.477349585002659,4,3.09183318657311e-05,1.39798932120309e-05,3.022181997256e-05,NA
"STARD9","STARD9","ENSG00000159433",-0.430640115898291,0.00108070761034208,"blue",NA,0.75949675184951,-0.430591597420464,4,0.000161759974013921,1.39154434105057e-05,2.20710320038987e-05,NA
"TTC7A","TTC7A","ENSG00000068724",0.11897979943972,0.132693689536746,"blue",NA,-0.495967641168811,0.181953602674899,2,2.02315993249162e-06,1.36447893890696e-05,2.46906057310514e-05,NA
"SLC16A10","SLC16A10","ENSG00000112394",-0.741110475410596,0.000427553793452689,"blue",NA,0.712440213828898,-0.434819984750109,3,3.21208450653346e-05,1.36409381173868e-05,2.31485942188102e-05,NA
"TTC3","TTC3","ENSG00000182670",-0.484656669229637,2.2831223803937e-08,"blue",NA,0.921913349966936,-0.577090675085897,4,0.000110089288430244,1.36341710423609e-05,3.41748784572213e-05,NA
"ZNHIT6","ZNHIT6","ENSG00000117174",-0.394001464828986,2.61062265962035e-05,"blue",NA,0.691282540598821,-0.453576522723835,7,0.000164239123000113,1.35406481444073e-05,1.98998734049669e-05,NA
"ABCC10","ABCC10","ENSG00000124574",-0.159998363401797,0.00546443019363249,"blue",NA,0.621575754673251,-0.366768406051086,3,4.70593241367132e-05,1.34226409195282e-05,4.29715099812958e-05,NA
"MPHOSPH9","MPHOSPH9","ENSG00000051825",-0.274025816635396,0.0155552596638075,"blue",NA,0.838434802035615,-0.341190398951792,5,0.000412477469830642,1.33965625965609e-05,2.71029155841543e-05,NA
"PHLPP2","PHLPP2","ENSG00000040199",-0.44227930091706,4.82881072269382e-05,"blue",NA,0.787653442667802,-0.468595592436579,4,8.08061108831138e-05,1.32613643037133e-05,3.0939497680669e-05,NA
"TYW1","TYW1","ENSG00000198874",-0.42654291591809,5.99862563352636e-09,"blue",NA,0.683852833907225,-0.601839880701225,6,0.000186825355093148,1.31469256603233e-05,2.45671485279875e-05,NA
"ANKS6","ANKS6","ENSG00000165138",-0.575646659907579,3.48026993227991e-08,"blue",NA,0.728968104733887,-0.560402060444536,5,4.78569303060122e-05,1.29610027211898e-05,1.88039801974616e-05,NA
"PI16","PI16","ENSG00000164530",-0.421934843676413,0.0122564055978238,"blue",NA,0.422938614896102,-0.364301935780818,1,0,1.27335585440833e-05,4.87398301825525e-05,NA
"JTB","JTB","ENSG00000143543",0.522449861043015,2.01271804635296e-08,"blue",NA,-0.856083412291972,0.531480161609166,3,9.20180344036781e-06,1.27121433221922e-05,2.85152374364738e-05,NA
"TNK1","TNK1","ENSG00000174292",-0.460868192601134,0.000678077778800687,"blue",NA,0.489395828785477,-0.41961563040351,2,2.96814777501352e-06,1.2538553277357e-05,4.17849120465972e-05,NA
"DZIP3","DZIP3","ENSG00000198919",-0.498857230244044,6.30427261527582e-05,"blue",NA,0.782503657320997,-0.475609245543354,2,2.33582730869673e-05,1.24849352859383e-05,4.54818845298336e-05,NA
"ZNF641","ZNF641","ENSG00000167528",-0.577020436064117,3.33019118208463e-05,"blue",NA,0.604649225755955,-0.509096721794364,2,0,1.24736337944003e-05,3.57299724581948e-05,NA
"ARL4C","ARL4C","ENSG00000188042",-0.563737146506199,8.29015058163157e-12,"blue",NA,0.774248386739871,-0.662433642106652,3,0,1.24359906756874e-05,4.60999576609879e-05,NA
"CEP68","CEP68","ENSG00000011523",-0.429768123756124,1.13999378378166e-05,"blue",NA,0.888258711369183,-0.498616233754081,3,3.03325263986896e-05,1.2415715041929e-05,4.08185501904308e-05,NA
"MRTFB","MRTFB","ENSG00000186260",-0.619267479063709,0.000425079002359316,"blue",NA,0.862846034361171,-0.466275965159918,2,3.00972470981596e-06,1.24011669191279e-05,3.44757517291753e-05,NA
"URB2","URB2","ENSG00000135763",-0.508575614509943,4.10619171885599e-08,"blue",NA,0.6340381672876,-0.547204304891611,8,1.04966306959005e-05,1.23276785327686e-05,2.06422951310372e-05,NA
"MORC2","MORC2","ENSG00000133422",-0.393392514948079,2.4872258990704e-07,"blue",NA,0.56740548746957,-0.539408493563421,5,0.000566929497396497,1.23103995379572e-05,3.05720496980203e-05,NA
"NEMP1","NEMP1","ENSG00000166881",-0.461556698982301,4.55248038547651e-05,"blue",NA,0.85076837835356,-0.497323424206072,2,7.77570573837671e-05,1.22601641862794e-05,4.65538873159654e-05,NA
"BEX3","BEX3","ENSG00000166681",0.822787900720099,1.311114179921e-07,"blue",NA,-0.602689986462835,0.493383215707483,4,5.42242920394252e-05,1.21961504464631e-05,2.98309184645866e-05,NA
"LUZP1","LUZP1","ENSG00000169641",-0.315274094033601,0.000343777578990357,"blue",NA,0.657320893772154,-0.416873988448077,3,0.000467077510974985,1.21409336516669e-05,3.08765136715595e-05,NA
"ZC3H6","ZC3H6","ENSG00000188177",-0.417990178991482,0.000170180689376396,"blue",NA,0.838250939420415,-0.468970898150017,6,0.000162502170103245,1.20913820806308e-05,2.30928232354804e-05,NA
"CACNA1I","CACNA1I","ENSG00000100346",-0.831833909747229,3.45372930184091e-06,"blue",NA,0.72172257511897,-0.593711507666013,4,7.45266542844195e-06,1.18909263180543e-05,2.53245354985177e-05,NA
"PPCDC","PPCDC","ENSG00000138621",0.348134106779553,0.0012242668089945,"blue",NA,-0.721038611972329,0.379801375786627,5,0.000101642987201223,1.1887114057491e-05,2.05633080980736e-05,NA
"PHLDA1","PHLDA1","ENSG00000139289",-0.409472271262582,0.00812948000978851,"blue",NA,0.625336256900476,-0.358044598545476,1,0,1.18564688307129e-05,4.96115612235004e-05,NA
"LNX2","LNX2","ENSG00000139517",-0.46835221451234,1.12844282691278e-05,"blue",NA,0.769054896588106,-0.44050784210154,3,1.35823056022643e-05,1.18468936707911e-05,4.43277491618428e-05,NA
"METAP1D","METAP1D","ENSG00000172878",-0.626090195908335,1.02926861392366e-06,"blue",NA,0.70257202427811,-0.547369667060175,5,0.0012548953162484,1.18027007862627e-05,2.02947537683413e-05,NA
"BDH1","BDH1","ENSG00000161267",-0.378668748036623,5.85360891440776e-05,"blue",NA,0.573345954830451,-0.477776643670261,5,3.71224441855855e-05,1.14678361218511e-05,1.78069806086618e-05,NA
"AHDC1","AHDC1","ENSG00000126705",-0.436085462653064,9.11724374816575e-07,"blue",NA,0.676486606774647,-0.553839918269645,4,0.000409827731592807,1.11566839551935e-05,2.5033679510599e-05,NA
"LCMT2","LCMT2","ENSG00000168806",-0.37283301005974,1.0937518649388e-05,"blue",NA,0.719974061524161,-0.497093510116599,2,1.87196447169763e-06,1.09026555019063e-05,1.62807303066415e-05,NA
"UBIAD1","UBIAD1","ENSG00000120942",-0.38510993704329,5.12779635167499e-07,"blue",NA,0.631561273891043,-0.521517507293616,2,1.61761666831313e-05,1.08215934445775e-05,3.29029963889045e-05,NA
"NUCKS1","NUCKS1","ENSG00000069275",-0.395490611629562,1.41716816249426e-07,"blue",NA,0.812067842697197,-0.549476599570353,4,0.000327793476025572,1.08029233566193e-05,2.41217376762723e-05,NA
"CLASRP","CLASRP","ENSG00000104859",0.358539187645129,9.20098137557802e-07,"blue",NA,-0.833952304005183,0.505675560835926,5,0.000102386202899081,1.07096775735317e-05,1.59645562866045e-05,NA
"AMMECR1L","AMMECR1L","ENSG00000144233",-0.228459623441775,0.00132166803721246,"blue",NA,0.65930773195014,-0.409802470116644,3,4.97223000908481e-05,1.06478912300769e-05,2.31722019934036e-05,NA
"NAF1","NAF1","ENSG00000145414",-0.436452966919322,9.03991087608901e-06,"blue",NA,0.610072215799231,-0.472313664029569,7,7.65126925846169e-06,1.02931365896016e-05,2.00530111566017e-05,NA
"CARMIL2","CARMIL2","ENSG00000159753",-0.521393263665679,4.40021166571285e-07,"blue",NA,0.608359894927783,-0.529675099366059,2,0,1.01943873697443e-05,3.7425089963281e-05,NA
"C16orf86","C16orf86","ENSG00000159761",0.468306095821092,0.00188238648853878,"blue",NA,-0.606589853078281,0.337141408875749,1,0,1.01525769998823e-05,3.94354322935679e-05,NA
"USP53","USP53","ENSG00000145390",-0.8157554567226,1.45828303462847e-06,"blue",NA,0.754444632088063,-0.552606314428651,5,7.8590965533425e-05,9.80835073211003e-06,2.4879379493063e-05,NA
"NAP1L2","NAP1L2","ENSG00000186462",-0.409860059744776,0.0174208937638201,"blue",NA,0.673038787800582,-0.33287713360678,5,1.056340427164e-05,9.80407550152693e-06,1.56006321342233e-05,NA
"NPTXR","NPTXR","ENSG00000221890",-0.445766611776731,0.00570902014795993,"blue",NA,0.642299170789486,-0.413653037009187,2,2.54334153195339e-05,9.71960294325321e-06,3.4250838102153e-05,NA
"MTSS1","MTSS1","ENSG00000170873",-0.474411098253624,4.68229093226731e-06,"blue",NA,0.722693069960743,-0.523607719347685,2,4.47027741877457e-06,9.13513159042439e-06,3.78481036303669e-05,NA
"SFT2D1","SFT2D1","ENSG00000198818",0.546627141215019,8.53493874120226e-12,"blue",NA,-0.690373675569845,0.637090674101554,4,0.00253154941441064,9.09014028859185e-06,1.9382419362814e-05,NA
"PPP1R16B","PPP1R16B","ENSG00000101445",-0.441087905850682,4.94204411774807e-08,"blue",NA,0.852856648095908,-0.586751580172217,2,4.42299365510702e-05,8.93168008628052e-06,2.0017291616397e-05,NA
"SNX25","SNX25","ENSG00000109762",-0.374776739138073,0.00478590441655154,"blue",NA,0.653490657282029,-0.370222724052516,4,4.75937799395761e-05,8.79930070887279e-06,1.68358176894927e-05,NA
"RIC8B","RIC8B","ENSG00000111785",-0.25138225191849,0.00713556210683064,"blue",NA,0.73919947383858,-0.342545367148669,2,1.22690065430821e-05,8.76005805532465e-06,2.13100075246773e-05,NA
"SCPEP1","SCPEP1","ENSG00000121064",0.360326620978565,0.00015743172224173,"blue",NA,-0.715437708381796,0.442843553078668,2,1.61121096539708e-05,8.5468343867247e-06,2.64151698313026e-05,NA
"CCDC66","CCDC66","ENSG00000180376",-0.258407627322419,0.029284526513636,"blue",NA,0.734438756853042,-0.303679570224535,3,0.00129550223561786,8.53002124054796e-06,1.41070043226774e-05,NA
"FAM117B","FAM117B","ENSG00000138439",-0.334680831594211,0.000183820607145889,"blue",NA,0.63983766975661,-0.442104310649923,3,3.73483429815551e-05,8.47857941290342e-06,2.22544397928882e-05,NA
"USP54","USP54","ENSG00000166348",-0.494439872549018,1.18005548405395e-05,"blue",NA,0.794595985716699,-0.44950663675375,3,0,8.4399439192311e-06,3.01961345701132e-05,NA
"GBGT1","GBGT1","ENSG00000148288",0.581177633541282,2.39573642480817e-06,"blue",NA,-0.674802762906264,0.487847905086476,1,0,8.4184285966691e-06,3.18015924231548e-05,NA
"SEC31B","SEC31B","ENSG00000075826",-0.28206608760633,0.00551933395235998,"blue",NA,0.673425101461337,-0.342761576629944,3,0,8.37203745857199e-06,1.93609616129812e-05,NA
"POGK","POGK","ENSG00000143157",-0.141321661679994,0.00554803641693752,"blue",NA,0.580722215690663,-0.366934074409406,5,0.000245313138714032,8.12091097445447e-06,1.78261066065674e-05,NA
"PKIA","PKIA","ENSG00000171033",-0.352267054490155,0.0197533519449166,"blue",NA,0.706803246477022,-0.309413305278837,1,0,7.98565476449438e-06,2.39184672269733e-05,NA
"SFXN2","SFXN2","ENSG00000156398",-0.530724650813958,1.36501062591881e-06,"blue",NA,0.756863228205888,-0.521182141430332,2,0,7.9678863534913e-06,2.26081376056519e-05,NA
"MAP7D3","MAP7D3","ENSG00000129680",-0.326558927029855,2.22901936124829e-05,"blue",NA,0.642617562507242,-0.477780890835442,3,0.00123306193897063,7.94399753522068e-06,2.72846707581863e-05,NA
"DOCK9","DOCK9","ENSG00000088387",-0.867681868990158,4.31709445172269e-11,"blue",NA,0.915937713465701,-0.648603138875348,4,5.28175173709798e-05,7.93579448639539e-06,1.70552092089782e-05,NA
"KLF12","KLF12","ENSG00000118922",-0.677489985591688,9.33659952273253e-06,"blue",NA,0.940822843228916,-0.523811680478393,2,0.000403874276471786,7.92831303555216e-06,3.03287393858511e-05,NA
"TSPYL4","TSPYL4","ENSG00000187189",-0.406291354692343,6.41086966445517e-05,"blue",NA,0.825526622639264,-0.444513806329156,7,0.00057309423181135,7.76852577696876e-06,1.31269174440714e-05,NA
"SPOCK2","SPOCK2","ENSG00000107742",-0.702249308169102,6.67312413643077e-14,"blue",NA,0.736544489750023,-0.683100837183276,2,0,7.62995896004482e-06,2.71022267036779e-05,NA
"CCDC191","CCDC191","ENSG00000163617",-0.185625712576792,0.111809467820363,"blue",NA,0.575102391343709,-0.222115284567276,2,9.08517118694059e-06,7.60315851749835e-06,2.41603525329116e-05,NA
"RAD54L2","RAD54L2","ENSG00000164080",-0.350041072160546,4.87344962007476e-07,"blue",NA,0.759115364472165,-0.531045346702041,3,0.000163414641790229,7.58140692347768e-06,2.18139351234788e-05,NA
"ZNF827","ZNF827","ENSG00000151612",-0.53562025902885,0.000128258212909839,"blue",NA,0.882746389967856,-0.467408499174053,4,0.000250961429088352,7.58019346148893e-06,1.809860242502e-05,NA
"MCF2L","MCF2L","ENSG00000126217",-0.609346473560281,3.52982922140765e-06,"blue",NA,0.716923806886595,-0.527381927476977,3,0.000179216296821835,7.53351094280156e-06,1.73312823269233e-05,NA
"DOCK3","DOCK3","ENSG00000088538",-0.223977069268508,0.146269499323821,"blue",NA,0.641295011890476,-0.274849793095641,3,1.37205892849574e-05,7.51306035770382e-06,2.00917073160589e-05,NA
"PLEKHB1","PLEKHB1","ENSG00000021300",-0.542032405452729,0.000106451575592406,"blue",NA,0.510530669112662,-0.460259680068681,1,0,7.43444200403331e-06,4.25184378834424e-05,NA
"PPHLN1","PPHLN1","ENSG00000134283",-0.111465600816843,0.0353297889332375,"blue",NA,0.678832295941543,-0.290852501499966,2,2.65789393025651e-06,7.43209087596092e-06,3.87806102399177e-05,NA
"ZNF891","ZNF891","ENSG00000214029",-0.259350628760169,0.121319379640596,"blue",NA,0.544687295794173,-0.22553800295923,1,0,7.39743103664793e-06,5.73558054224353e-05,NA
"TULP4","TULP4","ENSG00000130338",-0.464374932540435,1.36512784709481e-05,"blue",NA,0.794276041677241,-0.500723607676041,3,3.11288890952674e-05,7.23996643802808e-06,2.10785049136748e-05,NA
"HACD3","HACD3","ENSG00000074696",-0.385566031006808,2.73780198709701e-05,"blue",NA,0.8115985119536,-0.474569279695215,2,1.32618569960022e-05,7.03379210868436e-06,1.16679345239684e-05,NA
"MSANTD2","MSANTD2","ENSG00000120458",-0.288383356874066,0.0103579907029303,"blue",NA,0.808954725089657,-0.350948528719169,2,1.81155445699425e-05,7.0030189183542e-06,1.59245167643218e-05,NA
"ZNF304","ZNF304","ENSG00000131845",-0.401023382716885,0.000320464781363727,"blue",NA,0.705282229764173,-0.382112185550937,4,0.000636518205892538,6.88013620635526e-06,1.75122907040775e-05,NA
"CTIF","CTIF","ENSG00000134030",0.559959191825448,2.04875231188127e-07,"blue",NA,-0.683609718765825,0.518057189928311,2,7.51742788402507e-06,6.87192707089778e-06,2.36026866485594e-05,NA
"SLC9B2","SLC9B2","ENSG00000164038",-0.509111752201077,2.74184535688221e-07,"blue",NA,0.638654383408687,-0.543566647950309,1,0,6.82940608994732e-06,2.15006010969282e-05,NA
"GPATCH8","GPATCH8","ENSG00000186566",-0.502096050176773,4.23558827824414e-10,"blue",NA,0.803191809362048,-0.623568735272117,5,1.71412414082698e-05,6.7266082415153e-06,1.73433739359064e-05,NA
"SFMBT2","SFMBT2","ENSG00000198879",-0.517706317555746,8.21730845223598e-07,"blue",NA,0.826688113878065,-0.545781788312776,3,1.12338140579337e-05,6.7203603467903e-06,1.94491607715859e-05,NA
"SCAI","SCAI","ENSG00000173611",-0.347866585128192,0.0223326145095307,"blue",NA,0.798961811532867,-0.344740688159007,3,1.56437399049083e-05,6.61089480505664e-06,1.82484820007841e-05,NA
"DPH1","DPH1","ENSG00000108963",-0.409129166014531,1.80134680549664e-06,"blue",NA,0.675947321084551,-0.510881560045635,5,5.38854265292186e-05,6.60924316942625e-06,1.30666915917183e-05,NA
"FBLN7","FBLN7","ENSG00000144152",-0.60188385767261,2.62229830172837e-05,"blue",NA,0.488100623772965,-0.488024736895994,3,3.80149089376356e-05,6.44706948542226e-06,2.00741249279459e-05,NA
"EMC7","EMC7","ENSG00000134153",0.455302596463605,2.57607183372407e-09,"blue",NA,-0.858480146800181,0.581693696813729,3,0.00122622205380826,6.3522584114447e-06,9.06495807793083e-06,NA
"CA5B","CA5B","ENSG00000169239",-0.399613802381854,3.61712104319655e-05,"blue",NA,0.775178746441331,-0.491516181125502,3,0.000170686744940551,6.11948648413911e-06,2.4738459091778e-05,NA
"C15orf62","C15orf62","ENSG00000188277",-0.334818255236893,0.00251199631439835,"blue",NA,0.661257191164092,-0.398829144884079,3,3.47684782266463e-05,6.03429454341792e-06,1.36510337415136e-05,NA
"ZNF383","ZNF383","ENSG00000188283",-0.345687360553002,0.00276417490365906,"blue",NA,0.704460636319738,-0.393769108729296,6,0.000832288761635467,6.02348864241681e-06,9.81118086350457e-06,NA
"SLC25A28","SLC25A28","ENSG00000155287",0.393483374946338,7.49413140628787e-06,"blue",NA,-0.705683383009527,0.473185410158613,1,0,5.7926702887497e-06,2.44565354736109e-05,NA
"RBBP9","RBBP9","ENSG00000089050",-0.300905297090246,0.000584992891595308,"blue",NA,0.738949322343739,-0.429709186473573,3,0.00246693614695529,5.68885952991113e-06,1.67140281803489e-05,NA
"ZNF184","ZNF184","ENSG00000096654",-0.217246185995002,0.0658564028359553,"blue",NA,0.629383479090143,-0.2580426443258,2,3.90630922504164e-06,5.57888398918932e-06,1.81719412063796e-05,NA
"SUSD4","SUSD4","ENSG00000143502",-0.296048184508056,0.0802935744457213,"blue",NA,0.573588339947403,-0.334724003079026,2,1.21987508150764e-05,5.53579221340773e-06,1.9442014868528e-05,NA
"CINP","CINP","ENSG00000100865",0.245953816595182,0.00270869335059434,"blue",NA,-0.707486945967736,0.343873822230505,2,7.96743693502539e-07,5.52097769667649e-06,2.01906730692322e-05,NA
"GOLGA7B","GOLGA7B","ENSG00000155265",-0.32328467274968,0.0081547139797021,"blue",NA,0.550641742577437,-0.342316953423205,1,0,5.51810459049303e-06,1.89126297729986e-05,NA
"ZNF787","ZNF787","ENSG00000142409",0.466371015344274,1.27377286901941e-05,"blue",NA,-0.859915186832057,0.452554854097848,2,0,5.51295905098289e-06,1.27534374156461e-05,NA
"CDK5RAP3","CDK5RAP3","ENSG00000108465",0.291246707597216,0.00110357948171467,"blue",NA,-0.654428880743479,0.32645052374432,3,7.49011132996706e-05,5.43694938984217e-06,1.48636268094703e-05,NA
"ARHGEF3","ARHGEF3","ENSG00000163947",-0.250933809820871,0.00165290729451944,"blue",NA,0.680033394881048,-0.42102118819076,2,1.24820197625651e-05,5.35362376984071e-06,1.74792089148755e-05,NA
"JRK","JRK","ENSG00000234616",-0.139435870336045,0.058679657851308,"blue",NA,0.722315154300864,-0.275567367652979,2,2.10359464279212e-05,5.35056711114815e-06,1.59214457804181e-05,NA
"NIPAL3","NIPAL3","ENSG00000001461",-0.355556503428007,3.0787493100882e-06,"blue",NA,0.892461004122353,-0.522759474867877,3,0.000129714465545931,5.25027631629505e-06,9.99959928070576e-06,NA
"NRIP2","NRIP2","ENSG00000053702",-0.387320883796452,0.000148301854565933,"blue",NA,0.746498325704152,-0.449913026773168,2,0.00122622205380826,5.19157269805111e-06,2.44510529625172e-05,NA
"ZNF70","ZNF70","ENSG00000187792",-0.373483379108919,0.000339898102728854,"blue",NA,0.668393024123597,-0.444322977269314,2,1.66026703765959e-05,5.13295463511794e-06,1.71246122996127e-05,NA
"GABPB2","GABPB2","ENSG00000143458",-0.54918047207666,2.28707415609682e-12,"blue",NA,0.890620045762797,-0.654451372309471,4,0.000184190364156934,5.0959546369984e-06,1.70227430431891e-05,NA
"ELK3","ELK3","ENSG00000111145",-0.193166800151258,0.0491156690258699,"blue",NA,0.660016125363501,-0.28884360284456,1,0,5.02630048018571e-06,2.37529794270752e-05,NA
"ABCD1","ABCD1","ENSG00000101986",0.367719638585499,0.000217869606792269,"blue",NA,-0.787850254954942,0.400980921948871,3,0,4.92885372343848e-06,1.05172452742533e-05,NA
"ABCD2","ABCD2","ENSG00000173208",-0.626710213187711,0.000201496593755313,"blue",NA,0.826929225602277,-0.474822569145355,3,0,4.92885372343848e-06,1.05172452742533e-05,NA
"EGFL7","EGFL7","ENSG00000172889",0.994225197829793,2.31825743243915e-06,"blue",NA,-0.674332833486419,0.41554421027885,2,0.000359630816426882,4.91141030031216e-06,1.66459798664277e-05,NA
"ZNF662","ZNF662","ENSG00000182983",-0.746399010743161,0.00211435494372172,"blue",NA,0.630552517717009,-0.359306258067922,1,0,4.86653368670678e-06,1.41994018708097e-05,NA
"CCDC25","CCDC25","ENSG00000147419",-0.306706100934198,0.00185654114445384,"blue",NA,0.697390745591035,-0.366399708895158,2,2.13072793214242e-05,4.81565855467126e-06,1.44474594913918e-05,NA
"FBXO48","FBXO48","ENSG00000204923",-0.485015717474278,2.90719535680743e-08,"blue",NA,0.759405100589096,-0.586492254730708,4,0.0005301286404695,4.78411549419785e-06,1.23011309523447e-05,NA
"SYNGR2","SYNGR2","ENSG00000108639",0.436037250692548,3.67890331519086e-07,"blue",NA,-0.85447053423323,0.50597621803577,1,0,4.61468824647462e-06,1.50306599690926e-05,NA
"ENOSF1","ENOSF1","ENSG00000132199",-0.464311205113452,6.74687888851697e-05,"blue",NA,0.83880079245379,-0.475408798144893,2,1.01327011348371e-05,4.56420651104907e-06,1.41259882903501e-05,NA
"ZFP90","ZFP90","ENSG00000184939",-0.387208041950501,0.000133584332787439,"blue",NA,0.83704949307192,-0.442827660514541,1,0,4.54892298799758e-06,1.8193748853592e-05,NA
"PCMTD2","PCMTD2","ENSG00000203880",-0.264729410962274,0.0239805918061611,"blue",NA,0.788267867368292,-0.335416767485532,2,0.0014044794945009,4.43017637759553e-06,1.43837540671568e-05,NA
"TMEM209","TMEM209","ENSG00000146842",-0.414485443706188,0.000141441329051972,"blue",NA,0.825045489598166,-0.454819554546706,2,6.22300239212004e-06,4.39494658526852e-06,1.43599267893843e-05,NA
"SALL2","SALL2","ENSG00000165821",-0.842454560721809,1.88650279521106e-07,"blue",NA,0.709788959330897,-0.572251530636148,1,0,4.38952543515575e-06,2.01136431383655e-05,NA
"SACS","SACS","ENSG00000151835",-0.462335065983642,0.000951147271525366,"blue",NA,0.82679811679374,-0.436903247244175,3,0.00105893983113293,4.38436560201202e-06,1.05303396515954e-05,NA
"SVBP","SVBP","ENSG00000177868",0.618516848695827,1.04762618692522e-06,"blue",NA,-0.731024829503342,0.4885994005459,1,0,4.33971039856047e-06,1.54227181941043e-05,NA
"GLIPR2","GLIPR2","ENSG00000122694",0.621387794830757,2.76758779401248e-10,"blue",NA,-0.907284411484074,0.613374721794876,1,0,4.31597778697694e-06,1.9459258412629e-05,NA
"ZNF227","ZNF227","ENSG00000131115",-0.159855441539802,0.0842666618873999,"blue",NA,0.581295689170828,-0.243479286293531,3,0.00166224436865681,4.29911465103716e-06,8.56046064041671e-06,NA
"ARHGEF10L","ARHGEF10L","ENSG00000074964",0.345825110576876,0.0019888511360672,"blue",NA,-0.583059972813787,0.343372741200828,2,3.21637162226766e-05,4.23950791456621e-06,1.32063506665495e-05,NA
"RTTN","RTTN","ENSG00000176225",-0.395387645026935,6.42127027680685e-05,"blue",NA,0.76036705315099,-0.38595138146063,2,2.88258803614875e-05,4.23894612232158e-06,1.14865369940029e-05,NA
"ATXN7L3B","ATXN7L3B","ENSG00000253719",-0.247443175928922,4.60677858116854e-06,"blue",NA,0.751502506473059,-0.508651829383711,4,4.57697169522354e-05,4.19385785208395e-06,9.72950165016282e-06,NA
"NAA40","NAA40","ENSG00000110583",-0.256792241423401,0.000463211542379942,"blue",NA,0.748845874874255,-0.440863079220552,2,1.66208716741728e-05,4.02195288416778e-06,1.30496391278322e-05,NA
"PLCL1","PLCL1","ENSG00000115896",-0.671317433489282,9.46556149812762e-06,"blue",NA,0.640779722939764,-0.442032891581175,1,0,4.01317706395196e-06,1.18033003745183e-05,NA
"DHRSX","DHRSX","ENSG00000169084",0.41630896853149,5.88808993513813e-05,"blue",NA,-0.740738161974426,0.445326439801494,2,0.00122622205380826,3.95701760896879e-06,1.36732775151037e-05,NA
"MIEF1","MIEF1","ENSG00000100335",-0.310032902224325,1.52485186337083e-08,"blue",NA,0.759193933687734,-0.587132456571699,2,0,3.9141838838174e-06,9.62371980312346e-06,NA
"CYB5RL","CYB5RL","ENSG00000215883",-0.321999628461026,0.0415319050827045,"blue",NA,0.6913940969862,-0.281180053636643,1,0,3.85350263465208e-06,1.2945435441838e-05,NA
"PRRC1","PRRC1","ENSG00000164244",-0.417475700546822,7.37337484566251e-06,"blue",NA,0.764511098358554,-0.512397363159455,1,0,3.80828585816172e-06,1.0215379618923e-05,NA
"ZNF507","ZNF507","ENSG00000168813",-0.422241558970513,0.00682269242715593,"blue",NA,0.827599881505993,-0.393719005034369,2,8.74764037953949e-06,3.72727932825616e-06,1.37586403156377e-05,NA
"SPRING1","C12orf49","ENSG00000111412",-0.235708713959693,0.000195899386533292,"blue",NA,0.62781602705252,-0.45266613041389,1,0,3.71823737813287e-06,1.11831785860891e-05,NA
"KIAA1671","KIAA1671","ENSG00000197077",-0.61458525183813,6.37995251083125e-05,"blue",NA,0.645188141251894,-0.477102949033821,2,0.000162211949084071,3.68473278376343e-06,1.06876907270975e-05,NA
"SNPH","SNPH","ENSG00000101298",-0.392129310504555,0.000412626436907823,"blue",NA,0.54332506166604,-0.446109424618132,2,0,3.6337523281807e-06,1.12641969641231e-05,NA
"GPRASP1","GPRASP1","ENSG00000198932",-0.752293210312735,5.84717350469229e-08,"blue",NA,0.840288143643279,-0.584850460607862,2,9.36504628026146e-05,3.52069484846758e-06,1.36308163679527e-05,NA
"SLC66A2","SLC66A2","ENSG00000122490",0.684179729604088,1.01259351280815e-08,"blue",NA,-0.850046432073161,0.529899299289033,2,3.97816939005153e-05,3.44223264249522e-06,7.23403202984184e-06,NA
"ENKD1","ENKD1","ENSG00000124074",0.343721396680272,0.00216753053748667,"blue",NA,-0.719029401452766,0.338779945214179,1,0,3.43883132481827e-06,1.50871004304176e-05,NA
"MAST4","MAST4","ENSG00000069020",-0.717090478095018,6.15761011138767e-09,"blue",NA,0.835224017456648,-0.603033206978116,1,0,3.43347018098163e-06,6.1172881920567e-06,NA
"NCKAP5L","NCKAP5L","ENSG00000167566",0.229941570557867,0.0104633223737792,"blue",NA,-0.706484469179567,0.296749164486692,2,5.43441165058144e-05,3.35245802324305e-06,7.42287397030795e-06,NA
"CHIC1","CHIC1","ENSG00000204116",-0.594867731769349,1.11316213971251e-05,"blue",NA,0.825995452676264,-0.51524549038771,1,0,3.32005892882247e-06,8.80207537903185e-06,NA
"TBC1D2","TBC1D2","ENSG00000095383",0.404251059827751,6.90189723067106e-06,"blue",NA,-0.757531959030212,0.463113432170661,1,0,3.29341770292329e-06,1.3878770572931e-05,NA
"CEP85L","CEP85L","ENSG00000111860",-0.31423879021818,0.0349497916137926,"blue",NA,0.772702618022905,-0.315958951398697,2,5.43800317937212e-06,3.23526443127708e-06,1.05420425836784e-05,NA
"DDAH2","DDAH2","ENSG00000213722",0.751327114159144,1.85510559497755e-09,"blue",NA,-0.9176834772297,0.561925024898745,2,5.11903858940039e-06,3.12996242751941e-06,8.77417104296235e-06,NA
"C2orf68","C2orf68","ENSG00000168887",0.208097721765797,7.37745345022611e-05,"blue",NA,-0.612540133681604,0.466254564059474,2,6.82559635643829e-06,3.11331932507583e-06,8.88033671673754e-06,NA
"ZNF141","ZNF141","ENSG00000131127",-0.234697955736968,0.0489484446227799,"blue",NA,0.724851985704131,-0.269401127387139,1,0,3.06680082224259e-06,1.46014782881143e-05,NA
"ZBED4","ZBED4","ENSG00000100426",-0.402036618427048,6.85596631052074e-06,"blue",NA,0.814958070459219,-0.501317260039008,2,2.25658297528753e-05,3.06575363749734e-06,1.28659956054205e-05,NA
"ZKSCAN8","ZKSCAN8","ENSG00000198315",-0.315467563140833,0.000722012484051642,"blue",NA,0.772918224518916,-0.413895855472064,2,6.13857079822132e-06,3.01057227772735e-06,1.20001640117024e-05,NA
"PDXDC1","PDXDC1","ENSG00000179889",-0.298850522279903,3.10077030352845e-07,"blue",NA,0.707963417549098,-0.533878371560993,2,2.17931345411457e-06,2.89803174279305e-06,9.59261257865704e-06,NA
"PRRT1","PRRT1","ENSG00000204314",-0.377098326611605,0.0570517592302063,"blue",NA,0.436770466951863,-0.313804398343738,1,0,2.88259375668417e-06,1.30152185567623e-05,NA
"ZNF134","ZNF134","ENSG00000213762",-0.345174705791502,5.60168987142589e-06,"blue",NA,0.755626461901682,-0.50892658987147,4,0.000762456774823965,2.87791014611427e-06,7.06020426390076e-06,NA
"TMEM60","TMEM60","ENSG00000135211",0.835696753772016,5.47685021997365e-14,"blue",NA,-0.846840692956372,0.65178050759516,2,6.89861354364452e-05,2.81322395620901e-06,9.84309547351087e-06,NA
"ATF7IP2","ATF7IP2","ENSG00000166669",-0.429180252218274,2.14598624846971e-05,"blue",NA,0.786067989888141,-0.485745076645564,1,0,2.63907036987419e-06,1.49814798606447e-05,NA
"ZBTB5","ZBTB5","ENSG00000168795",-0.365858874548248,0.000736932451796137,"blue",NA,0.827745324806882,-0.418346878236804,2,4.36013974186463e-05,2.51523630294304e-06,8.6608398393842e-06,NA
"RBM26","RBM26","ENSG00000139746",-0.227638550273627,0.00407129844761956,"blue",NA,0.818862803546263,-0.36192974132927,2,9.41742162085275e-06,2.49497290123196e-06,8.18831207117825e-06,NA
"ZBTB25","ZBTB25","ENSG00000089775",-0.460382647455684,0.000177444846531101,"blue",NA,0.911771401949089,-0.472773905972865,4,0.000144639919552468,2.34091716350588e-06,6.3736846228629e-06,NA
"VWA8","VWA8","ENSG00000102763",-0.505617506496889,8.08531394551368e-08,"blue",NA,0.859040223541205,-0.55255919451067,2,0.000201292598224977,2.32985049649642e-06,6.47813894300513e-06,NA
"TC2N","TC2N","ENSG00000165929",-0.517167472336402,0.000135710400523587,"blue",NA,0.892803431607023,-0.464069567532916,1,0,2.296720151216e-06,9.76220382372352e-06,NA
"ANGEL1","ANGEL1","ENSG00000013523",-0.36626634687564,2.11309244548953e-06,"blue",NA,0.751471147053865,-0.517541805641903,2,1.8167400127731e-06,2.2878200077435e-06,7.67447874451424e-06,NA
"ZNF382","ZNF382","ENSG00000161298",-0.401902342538274,0.0142745044673905,"blue",NA,0.70363905872706,-0.320907486177021,7,0.00636886701065756,2.20749415388015e-06,3.96977009763775e-06,NA
"KCMF1","KCMF1","ENSG00000176407",0.198818482559315,0.000352317098110261,"blue",NA,-0.729695474956251,0.419011387250758,2,0.00122622205380826,2.12456675569101e-06,8.09525133626344e-06,NA
"ZNF570","ZNF570","ENSG00000171827",-0.500791053588288,0.000980766981411797,"blue",NA,0.708571148491456,-0.391617698424193,4,0.00142967979326901,1.99812646781577e-06,4.69374593647062e-06,NA
"ZNF41","ZNF41","ENSG00000147124",-0.315648434544153,0.000512318842320029,"blue",NA,0.75855766451638,-0.403089124685475,1,0,1.96452798368908e-06,1.21411822088529e-05,NA
"ANKRD40","ANKRD40","ENSG00000154945",-0.325598299921249,6.53265189762552e-05,"blue",NA,0.824946712314566,-0.468775000127614,1,0,1.94035031335751e-06,8.92177737604351e-06,NA
"RTKN2","RTKN2","ENSG00000182010",-0.761487859056084,0.000747548611137691,"blue",NA,0.80641041477862,-0.457543422804943,1,0,1.90784301712776e-06,8.50568550333363e-06,NA
"SLAIN1","SLAIN1","ENSG00000139737",-0.403678976278825,3.10060268041274e-05,"blue",NA,0.777802816188366,-0.454475289601558,2,0.00122622205380826,1.89031247152017e-06,5.26383615936051e-06,NA
"ZNF789","ZNF789","ENSG00000198556",-0.307979294484754,0.000389507804480575,"blue",NA,0.8117606861836,-0.436455969667008,1,0,1.85130637478646e-06,8.51897469702353e-06,NA
"ZNF337","ZNF337","ENSG00000130684",-0.306800109032626,0.047703632059764,"blue",NA,0.718641949000509,-0.296692997337135,2,0.000220849100654766,1.82406320287883e-06,5.34333522517023e-06,NA
"ZNF639","ZNF639","ENSG00000121864",-0.312606014756516,0.00312170302650522,"blue",NA,0.789958817100904,-0.360832723728204,3,2.77335417268135e-05,1.82004785880504e-06,5.51508484832196e-06,NA
"ZNF862","ZNF862","ENSG00000106479",-0.22932259675644,0.00132090469703927,"blue",NA,0.671288866124729,-0.410067921406944,1,0,1.76241580543571e-06,9.48294511449402e-06,NA
"PASK","PASK","ENSG00000115687",-0.57353167640359,6.01921856753231e-06,"blue",NA,0.680031341182082,-0.514370770085077,1,0,1.71118005672667e-06,6.09692278012892e-06,NA
"GOLGA8A","GOLGA8A","ENSG00000175265",-0.234904744047086,0.113688408848054,"blue",NA,0.751256317515036,-0.300067497367418,2,0,1.70096670592838e-06,5.86304064830316e-06,NA
"GOLGA8A","GOLGA8A","ENSG00000215252",-0.585450840933046,9.25963644248322e-05,"blue",NA,0.776922799543833,-0.459280113140124,2,0,1.70096670592838e-06,5.86304064830316e-06,NA
"ZBTB24","ZBTB24","ENSG00000112365",-0.370097282921047,3.1953409937588e-06,"blue",NA,0.823660073513373,-0.525118749763517,1,0,1.5189833178412e-06,6.42080148921685e-06,NA
"ZNF256","ZNF256","ENSG00000152454",-0.458721388164366,0.00350703030175237,"blue",NA,0.640822266024664,-0.36945338688912,2,0.000491389992478386,1.46299842230939e-06,5.1347136176527e-06,NA
"FAM171A1","FAM171A1","ENSG00000148468",-0.612736768535351,3.52423494400845e-05,"blue",NA,0.674440587356737,-0.452272200503553,1,0,1.40608036919847e-06,4.70336944455973e-06,NA
"LRATD2","LRATD2","ENSG00000168672",-0.775558542528077,2.24538270896384e-06,"blue",NA,0.771055949413279,-0.52832632739157,1,0,1.40608036919847e-06,4.70336944455973e-06,NA
"C14orf93","C14orf93","ENSG00000100802",0.271410356178658,0.000229928955019416,"blue",NA,-0.627275883994471,0.4292301559169,1,0,1.38069161152184e-06,7.22196445629769e-06,NA
"MRFAP1L1","MRFAP1L1","ENSG00000178988",-0.151708673003691,0.0559606510556546,"blue",NA,0.540980008045813,-0.261549279983666,1,0,1.38069161152184e-06,7.22196445629769e-06,NA
"R3HDM1","R3HDM1","ENSG00000048991",-0.404627454625173,3.9604987497698e-06,"blue",NA,0.708374766081945,-0.512683541983687,1,0,1.33762969684903e-06,6.15880317076174e-06,NA
"ZNF275","ZNF275","ENSG00000063587",-0.390448604987781,7.74388735317005e-07,"blue",NA,0.863882004859376,-0.546592025685345,1,0,1.32399958920552e-06,7.87640600339398e-06,NA
"MFSD6","MFSD6","ENSG00000151690",-0.398319275993932,0.000113226145672397,"blue",NA,0.797879546714207,-0.461538025279594,2,0.00122622205380826,1.29859146913085e-06,3.91584004390107e-06,NA
"ZNF540","ZNF540","ENSG00000171817",-0.443061049072096,0.00730943043157852,"blue",NA,0.77375929496914,-0.362585938778707,1,0,1.29789317455025e-06,8.64475267879497e-06,NA
"COBLL1","COBLL1","ENSG00000082438",-0.477355402734481,0.00115190299648791,"blue",NA,0.605632464022403,-0.394023049106379,1,0,1.18570874410491e-06,5.11807433245539e-06,NA
"RIMS3","RIMS3","ENSG00000117016",-0.490132299845869,3.75333635339407e-05,"blue",NA,0.612758293454933,-0.473752088397997,1,0,1.18027007850992e-06,4.53804490036684e-06,NA
"PAFAH2","PAFAH2","ENSG00000158006",-0.234218385489235,0.00154240838037158,"blue",NA,0.557759283351451,-0.390673148657344,2,0.00122622205380826,1.08359229087885e-06,3.89912767227164e-06,NA
"EMC9","EMC9","ENSG00000100908",0.646469538837793,6.76933667587281e-10,"blue",NA,-0.739822505664745,0.594836763152003,1,0,1.05870973516703e-06,2.61682799225468e-06,NA
"DHRS7B","DHRS7B","ENSG00000109016",0.505334928047285,1.55654938612181e-08,"blue",NA,-0.83580353442416,0.567057596569363,1,0,9.8925440208188e-07,4.83423362497507e-06,NA
"CCDC85C","CCDC85C","ENSG00000205476",-0.375547644201679,0.00281174632217946,"blue",NA,0.643521178265241,-0.396533990944066,1,0,9.46025321786146e-07,4.39025805891256e-06,NA
"HMGXB3","HMGXB3","ENSG00000113716",-0.22358645027461,0.000351937413356378,"blue",NA,0.688024735191536,-0.409085281177798,1,0,9.46025321786146e-07,4.39025805891256e-06,NA
"ZFP82","ZFP82","ENSG00000181007",-0.33260250276988,0.00141877434434921,"blue",NA,0.689923756813112,-0.390943911247958,3,0.00172942308515822,9.10536448209322e-07,2.56753384691497e-06,NA
"PROX2","PROX2","ENSG00000119608",-0.396020555611852,0.00717118903607031,"blue",NA,0.608804793356823,-0.329925721090926,1,0,8.88933562316907e-07,4.26194684364149e-06,NA
"ZNF550","ZNF550","ENSG00000251369",-0.377546196930743,0.00395126672227196,"blue",NA,0.791134239872169,-0.392103092029837,2,0.000430950429247904,7.69433065541986e-07,1.87906731803207e-06,NA
"ZNF793","ZNF793","ENSG00000188227",-0.483748822645844,0.00253018547586939,"blue",NA,0.76449785883271,-0.404263754597376,2,3.74170613773324e-05,7.55692589734122e-07,2.70503611777871e-06,NA
"ZIK1","ZIK1","ENSG00000171649",-0.511016607843262,4.40889139054611e-05,"blue",NA,0.664174787520549,-0.48660119784308,2,2.64181042286058e-06,7.25488373306183e-07,2.53175797997435e-06,NA
"TMEM263","TMEM263","ENSG00000151135",-0.383440838618537,0.00301692537985888,"blue",NA,0.801721809331283,-0.389396664656974,1,0,7.03978654874827e-07,3.52773435968136e-06,NA
"MANBAL","MANBAL","ENSG00000101363",0.423977814421487,1.06731945659789e-06,"blue",NA,-0.801649260884188,0.511370734738921,1,0,5.31141688853733e-07,2.86210355717337e-06,NA
"ZNF568","ZNF568","ENSG00000198453",-0.392592248134555,0.0127355139649925,"blue",NA,0.631014455158366,-0.344188989631343,4,0.00243425213185735,4.54916800024268e-07,1.07242769968636e-06,NA
"ZNF470","ZNF470","ENSG00000197016",-0.584927671890326,0.000283925801324616,"blue",NA,0.623716334954667,-0.420426622191479,4,0.0032772689255155,3.50647243197176e-07,8.38341354723288e-07,NA
"MFSD1","MFSD1","ENSG00000118855",0.29635171629241,3.87042646918688e-05,"blue",NA,-0.522602956946379,0.455572981150732,1,0,3.24647866885338e-07,1.38445852238716e-06,NA
"PLA2G15","PLA2G15","ENSG00000103066",0.462954301240247,1.40511524501386e-05,"blue",NA,-0.696200738678752,0.458792099735348,1,0,2.7089807250151e-07,1.37854980729035e-06,NA
"ZNF548","ZNF548","ENSG00000188785",-0.335448178980043,0.00556637323456868,"blue",NA,0.839332670227842,-0.386743928471068,2,3.48038733178709e-05,2.11655829523615e-07,5.26682447013171e-07,NA
"ZNF549","ZNF549","ENSG00000121406",-0.554620059157396,7.63934272488503e-07,"blue",NA,0.854258145254574,-0.5276915975345,3,0.000862061804054358,1.15785402014577e-07,2.7882850130073e-07,NA
"ZNF345","ZNF345","ENSG00000251247",-0.384952210052992,0.00594001973752848,"blue",NA,0.619636389397564,-0.367761857778333,2,1.72994322795269e-05,7.61621640070623e-08,2.46495844157453e-07,NA
"ZNF585B","ZNF585B","ENSG00000245680",-0.561057494510652,3.80182182694233e-09,"blue",NA,0.809114453031953,-0.605153312611499,1,0,5.68645988410799e-08,2.68106919096338e-07,NA
"ZFP28","ZFP28","ENSG00000196867",-0.488653584142325,0.00193874411632701,"blue",NA,0.655077503148387,-0.382178297574374,1,0,4.38309047041168e-08,2.09585334042115e-07,NA
"GAL3ST4","GAL3ST4","ENSG00000197093",-0.369609001391857,0.0111514157305367,"blue",NA,0.431760634489159,-0.346920980826605,1,0,0,0,NA
"GCNT4","GCNT4","ENSG00000176928",-0.676038556687018,0.00305656989960532,"blue",NA,0.850308916609312,-0.4532791331085,1,0,0,0,NA
"SLC22A17","SLC22A17","ENSG00000092096",-0.466357951183359,0.00415796512946045,"blue",NA,0.279929403821183,-0.38425718800705,1,0,0,0,NA
"COX10-DT",NA,"ENSG00000236088",-0.382395107939936,0.0115293321447472,"blue",NA,0.639889269118812,-0.320946357066706,NA,NA,NA,NA,NA
"ZNF544",NA,"ENSG00000198131",-0.34573306638546,0.000368254937660092,"blue",NA,0.736629734574906,-0.432862684812693,NA,NA,NA,NA,NA
"ZNF251",NA,"ENSG00000198169",-0.350670748807468,0.00333847869703266,"blue",NA,0.732857759605786,-0.354519856423876,NA,NA,NA,NA,NA
"ZNF607",NA,"ENSG00000198182",-0.492270316749447,0.000123791119616491,"blue",NA,0.650427316812228,-0.457462436232287,NA,NA,NA,NA,NA
"ZNF30",NA,"ENSG00000168661",-0.490842989584852,0.000602898112378462,"blue",NA,0.671317797934667,-0.413967712972918,NA,NA,NA,NA,NA
"ATP6V0E2-AS1",NA,"ENSG00000204934",-0.498231365655417,0.00616372676433727,"blue",NA,0.715644018589517,-0.41435963970582,NA,NA,NA,NA,NA
"LINC02611",NA,"ENSG00000226791",-0.444960486317947,0.00894381171376462,"blue",NA,0.612202226410233,-0.346202009502157,NA,NA,NA,NA,NA
"ZNF519",NA,"ENSG00000175322",-0.209422778797948,0.184829105210882,"blue",NA,0.651162871527088,-0.264313449469197,NA,NA,NA,NA,NA
"LINC00426",NA,"ENSG00000238121",-0.429628742837784,0.000112627826600777,"blue",NA,0.715377484528614,-0.464798168696587,NA,NA,NA,NA,NA
NA,NA,"ENSG00000256069",-0.294073566960005,0.11022729838443,"blue",NA,0.588981783060826,-0.29539450706396,NA,NA,NA,NA,NA
NA,NA,"ENSG00000198477",-0.582896439113624,0.000115309618137816,"blue",NA,0.738581713328567,-0.451919802408475,NA,NA,NA,NA,NA
NA,NA,"ENSG00000179101",0.612767776761595,6.1079010663101e-05,"blue",NA,-0.628128877787347,0.443568478006637,NA,NA,NA,NA,NA
"LTAP1",NA,"ENSG00000143612",0.397709406449755,3.55328919297401e-10,"blue",NA,-0.846749655645021,0.604277948698626,NA,NA,NA,NA,NA
"PCED1B",NA,"ENSG00000179715",-0.426918355269754,0.000197436704509453,"blue",NA,0.469675296839067,-0.41440198764498,NA,NA,NA,NA,NA
"SKIC3",NA,"ENSG00000198677",-0.338217484976108,0.000315389093467291,"blue",NA,0.859956899171628,-0.435944555794799,NA,NA,NA,NA,NA
NA,NA,"ENSG00000131797",-0.516161231477888,0.000252949002241015,"blue",NA,0.767799810650564,-0.445181608232105,NA,NA,NA,NA,NA
"TRABD2A",NA,"ENSG00000186854",-0.643240284355626,7.41508469199359e-06,"blue",NA,0.763222488060102,-0.503951576082881,NA,NA,NA,NA,NA
NA,NA,"ENSG00000258486",1.00110346956513,1.3210819006133e-07,"blue",NA,-0.686854427628527,0.453436929464533,NA,NA,NA,NA,NA
NA,NA,"ENSG00000218226",-0.163982739987879,0.300246217496106,"blue",NA,0.590816786533256,-0.200183382438713,NA,NA,NA,NA,NA
NA,NA,"ENSG00000232912",0.869995112618966,3.72247200858416e-11,"blue",NA,-0.704221705346305,0.621771273206031,NA,NA,NA,NA,NA
NA,NA,"ENSG00000268087",-0.303841791790216,0.00684519376288987,"blue",NA,0.637730051211114,-0.353604947173807,NA,NA,NA,NA,NA
NA,NA,"ENSG00000174111",-0.424436730238578,0.00216182270317517,"blue",NA,0.583674389157864,-0.342504161904642,NA,NA,NA,NA,NA
"PHETA2",NA,"ENSG00000177096",0.603350723435744,6.95854359614377e-06,"blue",NA,-0.619175943635954,0.476861468386428,NA,NA,NA,NA,NA
NA,NA,"ENSG00000260711",-0.512606345524132,0.00203416559945938,"blue",NA,0.824787951217354,-0.428228984234434,NA,NA,NA,NA,NA
"GTF3C2-AS2",NA,"ENSG00000234072",-0.282622718295807,0.0188316013072194,"blue",NA,0.579514319997082,-0.306931151114128,NA,NA,NA,NA,NA
"C6orf47",NA,"ENSG00000204439",0.301242231808726,0.000120872521169846,"blue",NA,-0.816013751520235,0.419471112754055,NA,NA,NA,NA,NA
"PRKCQ-AS1",NA,"ENSG00000237943",-0.322318150715795,0.00391484595822312,"blue",NA,0.738347131298457,-0.370326358721786,NA,NA,NA,NA,NA
NA,NA,"ENSG00000090920",-1.09913189759642,8.22302048883957e-10,"blue",NA,0.617460393605617,-0.608523100546966,NA,NA,NA,NA,NA
"AFG2A",NA,"ENSG00000145375",-0.46047485951622,4.16564717428834e-05,"blue",NA,0.65943088237102,-0.459066066452181,NA,NA,NA,NA,NA
"SUSD3",NA,"ENSG00000157303",-0.250408790767205,0.00809555902844911,"blue",NA,0.271107342697736,-0.346382913175722,NA,NA,NA,NA,NA
"FAM153A",NA,"ENSG00000170074",-0.358569412937112,0.0669309095148871,"blue",NA,0.648262940671635,-0.329706926387364,NA,NA,NA,NA,NA
NA,NA,"ENSG00000204282",-0.39077868580224,3.45637763011248e-07,"blue",NA,0.463086014204861,-0.542330022690267,NA,NA,NA,NA,NA
NA,NA,"ENSG00000227372",-0.238507667773665,0.000422740050575701,"blue",NA,0.753047276215615,-0.446389328589273,NA,NA,NA,NA,NA
"ZBTB22",NA,"ENSG00000236104",0.197539516921363,0.000431189031702888,"blue",NA,-0.64224468435756,0.411579103388465,NA,NA,NA,NA,NA
NA,NA,"ENSG00000272529",-0.413618678693631,0.0204452475237055,"blue",NA,0.644552684838881,-0.338542327253042,NA,NA,NA,NA,NA
"ADAMTSL4-AS2",NA,"ENSG00000237781",0.636867061081728,0.00025956076749938,"blue",NA,-0.610855252266304,0.381665539069429,NA,NA,NA,NA,NA
NA,NA,"ENSG00000257742",-0.190501753926816,0.0984018761359684,"blue",NA,0.727402026895692,-0.276743653551678,NA,NA,NA,NA,NA
NA,NA,"ENSG00000170629",-0.413155783390672,0.0170524161977977,"blue",NA,0.718651265335447,-0.296555475512531,NA,NA,NA,NA,NA
NA,NA,"ENSG00000272849",-0.43382028098822,0.000305556509669053,"blue",NA,0.565630137181732,-0.404565115848536,NA,NA,NA,NA,NA
"C19orf38",NA,"ENSG00000214212",0.873391871395204,7.40945952036727e-12,"blue",NA,-0.942052351357713,0.606921535485544,NA,NA,NA,NA,NA
NA,NA,"ENSG00000265150",0.711547383146005,3.75996222817955e-07,"blue",NA,-0.749197703354759,0.479785887260606,NA,NA,NA,NA,NA
"ARL10",NA,"ENSG00000175414",-0.483588268472013,0.000546477619285447,"blue",NA,0.801230181842014,-0.428822288210959,NA,NA,NA,NA,NA
"LINC01128",NA,"ENSG00000228794",-0.442279641370639,0.000323380994406386,"blue",NA,0.78779580429102,-0.442464434415087,NA,NA,NA,NA,NA
NA,NA,"ENSG00000265298",0.520707707608072,4.38288957772856e-09,"blue",NA,-0.676004707901777,0.607965031438609,NA,NA,NA,NA,NA
"ZNF91",NA,"ENSG00000167232",-0.258588056992042,0.0340667256450393,"blue",NA,0.753355539014828,-0.323492520924596,NA,NA,NA,NA,NA
NA,NA,"ENSG00000229645",-0.258075235653691,0.000191298499098035,"blue",NA,0.641588799542965,-0.413292217771516,NA,NA,NA,NA,NA
"CITED4",NA,"ENSG00000179862",0.574397125352143,0.0018592534920341,"blue",NA,-0.571752430878845,0.268944758565881,NA,NA,NA,NA,NA
"TRBV5-1",NA,"ENSG00000211734",-0.519821680526759,0.000220967922474937,"blue",NA,0.366393444893464,-0.418209168275027,NA,NA,NA,NA,NA
"TRBV19",NA,"ENSG00000211746",-0.423428374779455,0.0110737622860712,"blue",NA,0.360375541730061,-0.370528278693226,NA,NA,NA,NA,NA
"TRAV8-2",NA,"ENSG00000211786",-0.601911522547715,6.40569580600192e-05,"blue",NA,0.650082591492158,-0.474890612545267,NA,NA,NA,NA,NA
"LEF1-AS1",NA,"ENSG00000232021",-0.79526340698721,0.000758813223555286,"blue",NA,0.602109636064096,-0.412644313702514,NA,NA,NA,NA,NA
"PVT1",NA,"ENSG00000249859",-0.5386221056231,2.85946921072022e-05,"blue",NA,0.476946452527562,-0.462676903638247,NA,NA,NA,NA,NA
"SLC29A2",NA,"ENSG00000174669",-0.365412179483897,0.000529806558320566,"blue",NA,0.527081788837987,-0.417698968303088,NA,NA,NA,NA,NA
NA,NA,"ENSG00000225241",-0.531033134668084,0.00387631617831274,"blue",NA,0.734159334881895,-0.414701804997703,NA,NA,NA,NA,NA
NA,NA,"ENSG00000268913",0.213011039713958,0.0519304528531895,"blue",NA,-0.578622874161812,0.255349072535279,NA,NA,NA,NA,NA
"LBH",NA,"ENSG00000213626",-0.58710190268652,3.01159505177439e-08,"blue",NA,0.839607503553919,-0.574443480288637,NA,NA,NA,NA,NA
"MIAT",NA,"ENSG00000225783",-0.103068948891881,0.47209968945721,"blue",NA,0.63368578155546,-0.153172827310516,NA,NA,NA,NA,NA
"TSNAX-DT",NA,"ENSG00000233461",1.15392643375295,1.04311163276428e-09,"blue",NA,-0.839682304766489,0.583293938716831,NA,NA,NA,NA,NA
"VSIG1",NA,"ENSG00000101842",-0.684135681771501,2.52274659059261e-07,"blue",NA,0.74988007785572,-0.566826885274132,NA,NA,NA,NA,NA
"LINC00937",NA,"ENSG00000226091",1.27918037793397,1.23904638916498e-09,"blue",NA,-0.724923698932939,0.521264708679571,NA,NA,NA,NA,NA
NA,NA,"ENSG00000226608",0.719369331456343,5.97599455099421e-06,"blue",NA,-0.805280985384237,0.420212528039116,NA,NA,NA,NA,NA
"TRAV13-1",NA,"ENSG00000211788",-0.583324148133816,5.79756022001261e-05,"blue",NA,0.432963045722518,-0.461262707488284,NA,NA,NA,NA,NA
"OR52K3P",NA,"ENSG00000225101",0.851161046575533,5.80996601742309e-07,"blue",NA,-0.600739619950486,0.539041829206124,NA,NA,NA,NA,NA
"TSHZ2",NA,"ENSG00000182463",-0.657535293905103,0.000272741894934679,"blue",NA,0.677543182831799,-0.406170159094478,NA,NA,NA,NA,NA
"CTBP1-DT",NA,"ENSG00000196810",-0.345832075373177,6.46084714896447e-05,"blue",NA,0.72497172219285,-0.462574915930466,NA,NA,NA,NA,NA
"ZNF792",NA,"ENSG00000180884",-0.457845215338209,1.41179822450957e-07,"blue",NA,0.732028923943962,-0.556523394213961,NA,NA,NA,NA,NA
NA,NA,"ENSG00000219507",0.525261403532967,9.63686212507566e-05,"blue",NA,-0.75601591383495,0.440767295426999,NA,NA,NA,NA,NA
"SLC25A15",NA,"ENSG00000102743",-0.594753754883892,1.32980373392249e-05,"blue",NA,0.746610307911559,-0.468298136272286,NA,NA,NA,NA,NA
"LINC02648",NA,"ENSG00000225948",-0.520240005332889,0.0146458280412778,"blue",NA,0.674026827148795,-0.35071463366526,NA,NA,NA,NA,NA
"RNF157-AS1",NA,"ENSG00000267128",-0.518508507324494,0.0100256499156892,"blue",NA,0.627071526628319,-0.391927577994826,NA,NA,NA,NA,NA
"JMY",NA,"ENSG00000152409",-0.474306786629467,0.000165598198489023,"blue",NA,0.834024358145459,-0.46771781247229,NA,NA,NA,NA,NA
"PDGFA-DT",NA,"ENSG00000223855",0.765819577507985,0.00158883833279455,"blue",NA,-0.658306710918215,0.303190217341486,NA,NA,NA,NA,NA
NA,NA,"ENSG00000213971",-0.288516218622113,0.0325048344053727,"blue",NA,0.661941394655663,-0.260527007371865,NA,NA,NA,NA,NA
"FAM131B-AS2",NA,"ENSG00000232533",0.421601205457368,0.00104923143132584,"blue",NA,-0.67990930654508,0.422767856532163,NA,NA,NA,NA,NA
NA,NA,"ENSG00000234771",-0.349671644966006,0.000352848949713581,"blue",NA,0.663796005360245,-0.42340210239756,NA,NA,NA,NA,NA
"MIR142HG",NA,"ENSG00000265206",0.725837677038488,3.57179512101209e-06,"blue",NA,-0.779073934328957,0.416676798691752,NA,NA,NA,NA,NA
"PSMB8-AS1",NA,"ENSG00000204261",0.497449221974271,5.04702568792035e-14,"blue",NA,-0.817752597398658,0.675983219242016,NA,NA,NA,NA,NA
NA,NA,"ENSG00000228956",-0.442106900144918,0.00987100003806522,"blue",NA,0.774816558111067,-0.350532873016233,NA,NA,NA,NA,NA
NA,NA,"ENSG00000225450",0.53801914115904,0.00073148807070904,"blue",NA,-0.609377004350356,0.356917689419892,NA,NA,NA,NA,NA
"TMEM204",NA,"ENSG00000131634",-0.512237791149487,0.000249858398937524,"blue",NA,0.465975375441481,-0.414634208887614,NA,NA,NA,NA,NA
"LRRC37A17P",NA,"ENSG00000263142",-0.429187450997253,0.00733568632884711,"blue",NA,0.694488511657634,-0.354249553440945,NA,NA,NA,NA,NA
"TOR4A",NA,"ENSG00000198113",0.462384868412812,4.11780765778398e-07,"blue",NA,-0.836892880777321,0.519402192690562,NA,NA,NA,NA,NA
NA,NA,"ENSG00000270426",0.9347083471021,2.48688498522213e-12,"blue",NA,-0.70127537868334,0.635804485649309,NA,NA,NA,NA,NA
NA,NA,"ENSG00000272669",0.795624980657076,2.05426010249896e-09,"blue",NA,-0.822727443710557,0.566338243285139,NA,NA,NA,NA,NA
NA,NA,"ENSG00000224113",-0.181397833969441,0.216911483262872,"blue",NA,0.598236681006209,-0.203428876281732,NA,NA,NA,NA,NA
NA,NA,"ENSG00000271680",-0.799159534732973,6.15099990273904e-05,"blue",NA,0.70121461601383,-0.451275531982988,NA,NA,NA,NA,NA
"TSPAN18",NA,"ENSG00000157570",-0.633382335650508,8.33866986338935e-08,"blue",NA,0.634576120872986,-0.562325435126756,NA,NA,NA,NA,NA
NA,NA,"ENSG00000262312",-0.52873334348632,0.000788304963115447,"blue",NA,0.722195868241939,-0.440632148067829,NA,NA,NA,NA,NA
"ZNF286A",NA,"ENSG00000187607",-0.407577685934596,0.00229303203504874,"blue",NA,0.675650583480402,-0.370966164654201,NA,NA,NA,NA,NA
"CHRM3-AS2",NA,"ENSG00000233355",-0.671272472513358,0.000131338613499851,"blue",NA,0.699493404015358,-0.476325821912642,NA,NA,NA,NA,NA
"LINC01503",NA,"ENSG00000233901",0.330555156817503,0.0237968010080767,"blue",NA,-0.60136255496388,0.269677615385327,NA,NA,NA,NA,NA
NA,NA,"ENSG00000237940",-0.548267797886162,0.000912865387973022,"blue",NA,0.64206918911253,-0.405564170783057,NA,NA,NA,NA,NA
NA,NA,"ENSG00000248835",-0.449218369661062,0.000453093782706448,"blue",NA,0.635742984724898,-0.394240838737114,NA,NA,NA,NA,NA
NA,NA,"ENSG00000227184",-0.883211562709254,6.30140157140067e-06,"blue",NA,0.777353261679623,-0.519353961974717,NA,NA,NA,NA,NA
NA,NA,"ENSG00000232931",-0.349662094733503,0.00358571680077495,"blue",NA,0.779582848413285,-0.375498751270066,NA,NA,NA,NA,NA
NA,NA,"ENSG00000270189",-0.225437724281556,0.111998813626483,"blue",NA,0.686892379570912,-0.233367845396305,NA,NA,NA,NA,NA
"LINC00402",NA,"ENSG00000235532",-0.825034303433632,1.55717197639659e-06,"blue",NA,0.754511105556654,-0.516348812695506,NA,NA,NA,NA,NA
NA,NA,"ENSG00000235655",0.801166352800405,4.21353335621689e-07,"blue",NA,-0.696287045418804,0.499756235557514,NA,NA,NA,NA,NA
"NSUN5P1",NA,"ENSG00000223705",-0.369056585058378,4.62146061772603e-05,"blue",NA,0.524515156609912,-0.480559600485312,NA,NA,NA,NA,NA
"CYTOR",NA,"ENSG00000222041",0.797255320282397,2.4697631763449e-08,"blue",NA,-0.666296337411259,0.553496442614142,NA,NA,NA,NA,NA
"LINC00667",NA,"ENSG00000263753",-0.305766406094443,0.0032608265747831,"blue",NA,0.808677513436728,-0.396293480093792,NA,NA,NA,NA,NA
NA,NA,"ENSG00000264198",-0.557980302795567,9.7673600610748e-12,"blue",NA,0.746778599528034,-0.658114639304238,NA,NA,NA,NA,NA
NA,NA,"ENSG00000264469",0.686766568230908,5.37986997779008e-07,"blue",NA,-0.611472531196072,0.51095800596552,NA,NA,NA,NA,NA
"GPRIN3",NA,"ENSG00000185477",-0.415272201170269,0.00187641788462523,"blue",NA,0.865756960450261,-0.420941199120632,NA,NA,NA,NA,NA
"LDHB",NA,"ENSG00000111716",-0.296025856175482,0.0029475396101145,"blue",NA,0.37527345578674,-0.381047908457299,NA,NA,NA,NA,NA
"NIBAN2",NA,"ENSG00000136830",0.42656251159637,5.96508579754707e-05,"blue",NA,-0.694850776480671,0.41528298715541,NA,NA,NA,NA,NA
"RMP64",NA,"ENSG00000163608",-0.271671740006275,1.06524303683807e-05,"blue",NA,0.758957484377209,-0.484520765870669,NA,NA,NA,NA,NA
NA,NA,"ENSG00000265982",0.500342239116291,5.52495679048345e-05,"blue",NA,-0.637812663704337,0.423489913430612,NA,NA,NA,NA,NA
"ZNF850",NA,"ENSG00000267041",-0.4185296024465,0.00271232733062445,"blue",NA,0.696522929549344,-0.412993997097035,NA,NA,NA,NA,NA
NA,NA,"ENSG00000267074",-0.185916737859695,0.202413209671672,"blue",NA,0.688925454202512,-0.244447500310437,NA,NA,NA,NA,NA
NA,NA,"ENSG00000267152",-0.318258022303904,0.0487912150440308,"blue",NA,0.607653347067767,-0.287965984959176,NA,NA,NA,NA,NA
NA,NA,"ENSG00000267283",0.410814467239605,0.00480317376720941,"blue",NA,-0.644948893499545,0.279999950650747,NA,NA,NA,NA,NA
"TAF5LP1",NA,"ENSG00000267369",-0.24746684574397,0.0237148436252652,"blue",NA,0.669313146491712,-0.335774463613309,NA,NA,NA,NA,NA
NA,NA,"ENSG00000267481",-0.25283747007477,0.0332628902218008,"blue",NA,0.571298373871323,-0.297297020280506,NA,NA,NA,NA,NA
NA,NA,"ENSG00000185986",-0.383462437235288,0.00481609414687461,"blue",NA,0.618982032676659,-0.372157236211207,NA,NA,NA,NA,NA
"LINC01801",NA,"ENSG00000267767",-0.930052179082706,2.46205587727655e-05,"blue",NA,0.726853241893723,-0.478433902061954,NA,NA,NA,NA,NA
"HEG1",NA,"ENSG00000173706",-0.269217385246937,0.0279923392167149,"blue",NA,0.604354171108567,-0.340868958498519,NA,NA,NA,NA,NA
"SYTL2",NA,"ENSG00000137501",-0.550402238237156,1.52984244374195e-05,"blue",NA,0.785268240537562,-0.505138797339527,NA,NA,NA,NA,NA
"MIR4453HG",NA,"ENSG00000268471",-0.343016204437239,0.0160397863338765,"blue",NA,0.673372170335367,-0.325081455027224,NA,NA,NA,NA,NA
"ZNF749",NA,"ENSG00000186230",-0.455020152037246,0.000335027635315032,"blue",NA,0.6811319863475,-0.457483604191899,NA,NA,NA,NA,NA
NA,NA,"ENSG00000188971",-0.490963115022608,2.00282740103556e-08,"blue",NA,0.897400622930533,-0.580504693748573,NA,NA,NA,NA,NA
"LINC00528",NA,"ENSG00000269220",0.409878157889568,8.30466123932351e-07,"blue",NA,-0.662228573570715,0.527586457628838,NA,NA,NA,NA,NA
"C10orf95-AS1",NA,"ENSG00000269609",-0.211984790557056,0.0245012522504443,"blue",NA,0.657603210133983,-0.297512623820276,NA,NA,NA,NA,NA
NA,NA,"ENSG00000152268",-0.719607286978141,0.000141549923026966,"blue",NA,0.67177112115797,-0.439035313575053,NA,NA,NA,NA,NA
"ARLN",NA,"ENSG00000164096",0.538791150580172,7.81032524253291e-09,"blue",NA,-0.75760186629964,0.555826996752562,NA,NA,NA,NA,NA
"BLTP3A",NA,"ENSG00000065060",-0.262040338877647,0.0183833476449037,"blue",NA,0.648523337184984,-0.349663680066997,NA,NA,NA,NA,NA
"C5orf63",NA,"ENSG00000164241",-0.365454296724398,0.0135958210050555,"blue",NA,0.679889856540865,-0.326161036591159,NA,NA,NA,NA,NA
NA,NA,"ENSG00000234614",-0.629311051082128,0.00085201424871661,"blue",NA,0.680827159867854,-0.459523792640777,NA,NA,NA,NA,NA
"SLC68A1",NA,"ENSG00000138111",0.456997115154228,0.000270859897254582,"blue",NA,-0.632913055893537,0.515560809040119,NA,NA,NA,NA,NA
"LINC01215",NA,"ENSG00000271856",-0.35278196616203,0.0105563671242508,"blue",NA,0.751513828760299,-0.353209852522207,NA,NA,NA,NA,NA
NA,NA,"ENSG00000272048",0.434884744407065,0.0120875620712592,"blue",NA,-0.624935357670037,0.264402223712408,NA,NA,NA,NA,NA
NA,NA,"ENSG00000272093",-0.346658140824661,0.0250843965174673,"blue",NA,0.663245869788335,-0.294795321340503,NA,NA,NA,NA,NA
NA,NA,"ENSG00000272316",-0.403089777543545,0.0333618203844564,"blue",NA,0.749543601814536,-0.334730913783478,NA,NA,NA,NA,NA
NA,NA,"ENSG00000272341",-0.324127812098085,0.0401853034560221,"blue",NA,0.595498335628762,-0.283224264553544,NA,NA,NA,NA,NA
"BRI3",NA,"ENSG00000164713",0.846766300552536,4.71355952165671e-10,"blue",NA,-0.9340412038156,0.575096904220962,NA,NA,NA,NA,NA
NA,NA,"ENSG00000272565",-0.125855560970638,0.324799479147509,"blue",NA,0.586188511030962,-0.210679775624866,NA,NA,NA,NA,NA
NA,NA,"ENSG00000272655",0.363741339397,0.000937485467738594,"blue",NA,-0.56608206781506,0.380825303031807,NA,NA,NA,NA,NA
"KHDC4",NA,"ENSG00000132680",-0.205523457027532,0.00532353130038808,"blue",NA,0.810991676366268,-0.359191254627786,NA,NA,NA,NA,NA
"LINC00649",NA,"ENSG00000237945",-0.719517262827936,8.07845714735553e-07,"blue",NA,0.83234593710214,-0.537772893210833,NA,NA,NA,NA,NA
NA,NA,"ENSG00000238105",-0.437171384449186,0.000623157096624777,"blue",NA,0.799970772774624,-0.414169538391964,NA,NA,NA,NA,NA
"ZNF14",NA,"ENSG00000105708",-0.289427184731832,0.0112178313636721,"blue",NA,0.573728985331894,-0.301270414880623,NA,NA,NA,NA,NA
"ZNF551",NA,"ENSG00000204519",-0.559790059586835,4.22707871642553e-07,"blue",NA,0.754740042358552,-0.531871691730794,NA,NA,NA,NA,NA
"SOX8",NA,"ENSG00000005513",-0.569499796187176,0.00271232733062445,"blue",NA,0.609717927829689,-0.425350330428414,NA,NA,NA,NA,NA
"SDK2",NA,"ENSG00000069188",-0.966882732420798,1.07593198376529e-07,"blue",NA,0.636567193569447,-0.567560128880477,NA,NA,NA,NA,NA
"LINC02210",NA,"ENSG00000204650",-0.411235655970516,0.00126759157152625,"blue",NA,0.791834978890452,-0.396083929472779,NA,NA,NA,NA,NA
"MPZ",NA,"ENSG00000158887",0.524796825024962,5.61559777403732e-05,"blue",NA,-0.668178861561351,0.446778118764098,NA,NA,NA,NA,NA
"PDAP1",NA,"ENSG00000106244",0.264101895764718,3.64541117894628e-05,"blue",NA,-0.81630202672621,0.450245376616492,NA,NA,NA,NA,NA
"ZNF154",NA,"ENSG00000179909",-0.563318159700835,0.000729110894584197,"blue",NA,0.650535653092424,-0.39885305661649,NA,NA,NA,NA,NA
NA,NA,"ENSG00000243452",-0.373777497529541,0.0318010913875091,"blue",NA,0.700927766288099,-0.301756731481174,NA,NA,NA,NA,NA
NA,NA,"ENSG00000259326",-0.207509996417876,0.218892481357899,"blue",NA,0.6151646439945,-0.211067435781641,NA,NA,NA,NA,NA
"TTC9",NA,"ENSG00000133985",-0.825791819470997,4.31709445172269e-11,"blue",NA,0.647967723572059,-0.651053386887637,NA,NA,NA,NA,NA
"ZFYVE28",NA,"ENSG00000159733",-0.268912024808996,0.00687595492449141,"blue",NA,0.660137553431961,-0.37995116270652,NA,NA,NA,NA,NA
"LINC00861",NA,"ENSG00000245164",-0.513675193641136,0.000119818692150155,"blue",NA,0.755182858280079,-0.432427524927099,NA,NA,NA,NA,NA
NA,NA,"ENSG00000260054",0.289328469800904,0.00500813282083412,"blue",NA,-0.696804366421424,0.305044603335211,NA,NA,NA,NA,NA
NA,NA,"ENSG00000245904",-0.485818324632522,0.00955291339119891,"blue",NA,0.691349879436836,-0.37030859964247,NA,NA,NA,NA,NA
"LINC01550",NA,"ENSG00000246223",-0.465381896329711,0.00142451499860942,"blue",NA,0.590029155968795,-0.372664014322369,NA,NA,NA,NA,NA
NA,NA,"ENSG00000246627",-0.119311133334389,0.461265360653437,"blue",NA,0.670945273073005,-0.213797647916295,NA,NA,NA,NA,NA
"PRKCH-AS1",NA,"ENSG00000247287",-0.555053593815435,0.00288946064420229,"blue",NA,0.652791361329658,-0.421679075399095,NA,NA,NA,NA,NA
NA,NA,"ENSG00000248124",-0.420908621468078,0.000688889375232788,"blue",NA,0.750753376044869,-0.379439601920513,NA,NA,NA,NA,NA
"HEBP1",NA,"ENSG00000013583",0.718202268623664,4.85281761514067e-12,"blue",NA,-0.846194640138391,0.618205895001411,NA,NA,NA,NA,NA
"DCHS1",NA,"ENSG00000166341",-0.645644512645924,0.000196198991207456,"blue",NA,0.716404538798397,-0.45561929384547,NA,NA,NA,NA,NA
NA,NA,"ENSG00000251034",-0.544544089077173,0.00018278241684009,"blue",NA,0.736190913536887,-0.39710101785487,NA,NA,NA,NA,NA
"ZDHHC12",NA,"ENSG00000160446",0.701011719731894,3.41684715870289e-09,"blue",NA,-0.902795834537193,0.543268704125311,NA,NA,NA,NA,NA
"LINC02693",NA,"ENSG00000212719",-0.282681175635714,0.0200034049445782,"blue",NA,0.605149735160373,-0.302244795339742,NA,NA,NA,NA,NA
"ZNF101",NA,"ENSG00000181896",-0.268730387356618,1.580402360001e-05,"blue",NA,0.594165996962713,-0.478001509468383,NA,NA,NA,NA,NA
NA,NA,"ENSG00000108292",-0.264093929364448,9.34371298907235e-06,"blue",NA,0.610608580464979,-0.500370201715315,NA,NA,NA,NA,NA
"MIR3142HG",NA,"ENSG00000253522",-0.526898873090307,0.000670577460458829,"blue",NA,0.67237694990461,-0.413759651733359,NA,NA,NA,NA,NA
"SLC24A1",NA,"ENSG00000074621",-0.382371475291161,0.000164663713169043,"blue",NA,0.684648958970534,-0.430474455492545,NA,NA,NA,NA,NA
"TDRKH",NA,"ENSG00000182134",-0.465983706536576,2.70558888531729e-05,"blue",NA,0.736514138210632,-0.47194753280047,NA,NA,NA,NA,NA
"ZNF394",NA,"ENSG00000160908",0.23267975796176,4.42167196947503e-06,"blue",NA,-0.695496834540961,0.490457837647678,NA,NA,NA,NA,NA
"CCDC28A",NA,"ENSG00000024862",0.322266111536601,5.54852753953942e-05,"blue",NA,-0.782385824047972,0.429577514973108,NA,NA,NA,NA,NA
"SHISAL2A",NA,"ENSG00000182183",-0.441285814429817,0.00027761235735732,"blue",NA,0.635185446945398,-0.417748427970016,NA,NA,NA,NA,NA
NA,NA,"ENSG00000182319",-0.584903821324869,6.45790774593148e-10,"blue",NA,0.565850767474623,-0.612100400426157,NA,NA,NA,NA,NA
NA,NA,"ENSG00000182487",0.924079517122628,2.74905792055356e-09,"blue",NA,-0.873966468633297,0.554790376988864,NA,NA,NA,NA,NA
"ZNF10",NA,"ENSG00000256223",-0.468239204851491,0.00219078913744918,"blue",NA,0.721454054413825,-0.384896687289017,NA,NA,NA,NA,NA
"POFUT4",NA,"ENSG00000196968",-0.238649025572262,0.00164018863611661,"blue",NA,0.631916072986948,-0.405667495511393,NA,NA,NA,NA,NA
NA,NA,"ENSG00000182796",-0.351806818732185,2.82150518012971e-05,"blue",NA,0.5955221275106,-0.481003401291595,NA,NA,NA,NA,NA
NA,NA,"ENSG00000182841",-0.330720128088436,0.00146254738593598,"blue",NA,0.670956245110776,-0.417067560713768,NA,NA,NA,NA,NA
"RMP24",NA,"ENSG00000141428",0.540073208518143,4.16803443351831e-13,"blue",NA,-0.683230107448375,0.672722253981608,NA,NA,NA,NA,NA
NA,NA,"ENSG00000182909",0.341921079057494,0.00349783931348173,"blue",NA,-0.608581679130056,0.332928169525173,NA,NA,NA,NA,NA
NA,NA,"ENSG00000257433",1.18137025450897,8.12129678868053e-13,"blue",NA,-0.717735281910484,0.604427707281226,NA,NA,NA,NA,NA
"LBX2-AS1",NA,"ENSG00000257702",0.645250386390302,2.19335832481812e-06,"blue",NA,-0.681035259939066,0.481029241805774,NA,NA,NA,NA,NA
"ZSWIM5",NA,"ENSG00000162415",-0.448382253032216,0.00429487912493631,"blue",NA,0.611202665642856,-0.364973190677134,NA,NA,NA,NA,NA
"ZNF682",NA,"ENSG00000197124",-0.296439315515083,0.0732398123720886,"blue",NA,0.643700001686598,-0.297710750385976,NA,NA,NA,NA,NA
"KLHL36",NA,"ENSG00000135686",-0.256437118622429,0.000967959891902132,"blue",NA,0.823107880184198,-0.407857223633167,NA,NA,NA,NA,NA
"PCNX2",NA,"ENSG00000135749",-0.534749136679833,2.19040775968251e-06,"blue",NA,0.867972623794443,-0.532134648533338,NA,NA,NA,NA,NA
NA,NA,"ENSG00000268027",-0.395139270731992,0.00220877348496713,"blue",NA,0.778570328507168,-0.41167025695973,NA,NA,NA,NA,NA
"INAFM2",NA,"ENSG00000259330",0.279075171149286,0.00313382038098257,"blue",NA,-0.670171734066766,0.348019708116449,NA,NA,NA,NA,NA
"IQCH-AS1",NA,"ENSG00000259673",-0.308820773137854,0.0246536126356329,"blue",NA,0.625784930560244,-0.316070458752822,NA,NA,NA,NA,NA
NA,NA,"ENSG00000259834",-0.477838614958375,0.000827971850603166,"blue",NA,0.862818278220962,-0.415579414341835,NA,NA,NA,NA,NA
"LINC02965",NA,"ENSG00000269086",-0.244111350104182,0.0837827874585011,"blue",NA,0.713523574500689,-0.253164923463515,NA,NA,NA,NA,NA
"CEROX1",NA,"ENSG00000260807",-0.601549420643646,0.00116348920092408,"blue",NA,0.480677249714489,-0.426185774016583,NA,NA,NA,NA,NA
NA,NA,"ENSG00000261098",-0.379947554029623,0.0154059592052619,"blue",NA,0.737263540096979,-0.333648970489006,NA,NA,NA,NA,NA
NA,NA,"ENSG00000261355",-0.220753790041546,0.0549612539755152,"blue",NA,0.651726013335576,-0.270517754307577,NA,NA,NA,NA,NA
"POU6F1",NA,"ENSG00000184271",-0.69065668602881,4.23558827824414e-10,"blue",NA,0.783053671158903,-0.623595857113901,NA,NA,NA,NA,NA
"ZC3H12B",NA,"ENSG00000102053",-0.43193247734551,0.007027334502685,"blue",NA,0.730547460887901,-0.371729497692414,NA,NA,NA,NA,NA
NA,NA,"ENSG00000261705",-0.378590608697715,0.0288884320684162,"blue",NA,0.639750891042837,-0.347847127759578,NA,NA,NA,NA,NA
NA,NA,"ENSG00000261754",-0.731219450539015,0.000421888309235564,"blue",NA,0.60017268448443,-0.431400793126207,NA,NA,NA,NA,NA
NA,NA,"ENSG00000261799",-0.369886251483599,7.33809339289477e-06,"blue",NA,0.721064761474432,-0.491021793142956,NA,NA,NA,NA,NA
NA,NA,"ENSG00000184886",-0.42207238300043,0.00325208725808593,"blue",NA,0.629984270275283,-0.332918087603335,NA,NA,NA,NA,NA
"ZNF234",NA,"ENSG00000263002",-0.249926123980686,0.0106570273291304,"blue",NA,0.671963259858552,-0.35294744882557,NA,NA,NA,NA,NA
"ANO9",NA,"ENSG00000185101",-0.517180877554339,1.66961762849003e-05,"blue",NA,0.518293147550947,-0.490426657077252,NA,NA,NA,NA,NA
NA,NA,"ENSG00000263264",-0.662773613426021,4.79536329572682e-10,"blue",NA,0.752615132696684,-0.594709291560903,NA,NA,NA,NA,NA
NA,NA,"ENSG00000263276",-0.327974320008858,0.00927095438604035,"blue",NA,0.60622639779973,-0.334784846198925,NA,NA,NA,NA,NA
"ZNF260",NA,"ENSG00000254004",-0.380652335608391,0.00271538404915365,"blue",NA,0.752506768213992,-0.389642403974689,NA,NA,NA,NA,NA
"C3orf52",NA,"ENSG00000114529",-0.133731492888881,0.413791967634128,"blue",NA,0.591750894884497,-0.14663078967811,NA,NA,NA,NA,NA
"SOWAHD",NA,"ENSG00000187808",0.478038655038746,1.67956463488216e-05,"blue",NA,-0.798194101351255,0.441961074499713,NA,NA,NA,NA,NA
NA,NA,"ENSG00000165178",1.007045735633,5.9548209024232e-10,"blue",NA,-0.866394235699152,0.557259859180946,NA,NA,NA,NA,NA
NA,NA,"ENSG00000214783",-0.459198760732346,0.00210824395103021,"blue",NA,0.695593950016518,-0.367949693146452,NA,NA,NA,NA,NA
"PAIP2B",NA,"ENSG00000124374",-0.847660876542353,3.48791900252131e-08,"blue",NA,0.800019623090649,-0.551947380331128,NA,NA,NA,NA,NA
NA,NA,"ENSG00000241014",-0.290956189880613,0.00748209095222021,"blue",NA,0.714166956469427,-0.359065258778503,NA,NA,NA,NA,NA
NA,NA,"ENSG00000257027",-0.408186156924696,7.05514958155516e-05,"blue",NA,0.750446052323418,-0.462019254042757,NA,NA,NA,NA,NA
NA,NA,"ENSG00000204789",-0.559084267529144,0.00586651354947449,"blue",NA,0.767483685670021,-0.392966014586022,NA,NA,NA,NA,NA
"ZNF391",NA,"ENSG00000124613",-0.646343183292733,0.00164920464271436,"blue",NA,0.675749378301378,-0.355204696854084,NA,NA,NA,NA,NA
"TBCC",NA,"ENSG00000124659",0.201469840153074,0.00182009654693595,"blue",NA,-0.640415972200238,0.369327738983371,NA,NA,NA,NA,NA
"ZNF672",NA,"ENSG00000171161",0.30907215824398,4.67020975314656e-05,"blue",NA,-0.830570262742448,0.444527850426252,NA,NA,NA,NA,NA
"SLFN12L",NA,"ENSG00000205045",-0.0816086746171509,0.574704063775362,"blue",NA,0.662973170114481,-0.187319813342756,NA,NA,NA,NA,NA
NA,NA,"ENSG00000205047",-0.368231839689924,0.0011151786439517,"blue",NA,0.745674545479535,-0.423854429105768,NA,NA,NA,NA,NA
NA,NA,"ENSG00000267731",-0.208674763012785,0.223824343590343,"blue",NA,0.702148496125016,-0.275270227341737,NA,NA,NA,NA,NA
"EFCAB14",NA,"ENSG00000159658",-0.300553186397667,1.24628372129939e-06,"blue",NA,0.702354796193945,-0.541383621023813,NA,NA,NA,NA,NA
NA,NA,"ENSG00000152117",-0.298790122069026,0.00017742774833731,"blue",NA,0.601179063378833,-0.454120385819318,NA,NA,NA,NA,NA
"STMN3",NA,"ENSG00000197457",-0.443091517943126,9.45441751287534e-06,"blue",NA,0.543552168880053,-0.496599374706635,NA,NA,NA,NA,NA
"ZNF600",NA,"ENSG00000189190",-0.432477216780067,0.0117326831883562,"blue",NA,0.634254876364922,-0.356748292653757,NA,NA,NA,NA,NA
"RAB20",NA,"ENSG00000139832",1.14050240294887,2.39673033303593e-10,"blue",NA,-0.813187433914558,0.575426634115983,NA,NA,NA,NA,NA
"ZNF506",NA,"ENSG00000081665",-0.146189899614996,0.0880087852076339,"blue",NA,0.535674383425368,-0.250866784210935,NA,NA,NA,NA,NA
"SPEG",NA,"ENSG00000072195",-0.342017428400937,0.06450778614328,"blue",NA,0.562116605463079,-0.358612231457195,NA,NA,NA,NA,NA
"ZNF681",NA,"ENSG00000196172",-0.695647919811072,0.00011594887479011,"blue",NA,0.620390154902562,-0.480509885412617,NA,NA,NA,NA,NA
"TRAV8-6",NA,"ENSG00000211795",-0.589165280520055,0.00016761434458923,"blue",NA,0.590917983260894,-0.429758701849947,NA,NA,NA,NA,NA
"TRAV26-1",NA,"ENSG00000211807",-0.605656633842702,0.000153923646144628,"blue",NA,0.514965011048971,-0.439727259177783,NA,NA,NA,NA,NA
"TRAV29DV5",NA,"ENSG00000211810",-0.537695089696807,0.00336140899452194,"blue",NA,0.498674352080794,-0.435758647316145,NA,NA,NA,NA,NA
"RFX7",NA,"ENSG00000181827",-0.491672007168634,0.000337620976344425,"blue",NA,0.840806852530453,-0.457101119923225,NA,NA,NA,NA,NA
"MIIP",NA,"ENSG00000116691",0.738724627556902,1.26545118805946e-10,"blue",NA,-0.93729813284378,0.599615485307409,NA,NA,NA,NA,NA
NA,NA,"ENSG00000251414",-0.445436926989086,0.0167019326252386,"blue",NA,0.717006976174,-0.323268253644195,NA,NA,NA,NA,NA
"RUSF1",NA,"ENSG00000140688",-0.319746807987231,1.96818448005761e-05,"blue",NA,0.664170053015313,-0.486703730787469,NA,NA,NA,NA,NA
"GPA33",NA,"ENSG00000143167",-0.544615383999232,2.08996810523236e-05,"blue",NA,0.596803494463436,-0.487493187792761,NA,NA,NA,NA,NA
"ZNF532",NA,"ENSG00000074657",-0.345700350185613,0.00721756717393559,"blue",NA,0.700689576536083,-0.352151101744371,NA,NA,NA,NA,NA
"ZNF33B",NA,"ENSG00000196693",-0.450261591634749,0.00017270634767262,"blue",NA,0.813992137892881,-0.439468634629155,NA,NA,NA,NA,NA
NA,NA,"ENSG00000255310",-0.296039461316791,0.047128042388888,"blue",NA,0.684722680194253,-0.300455669415204,NA,NA,NA,NA,NA
NA,NA,"ENSG00000141140",-0.233445953310177,0.00195541377933788,"blue",NA,0.68732143365277,-0.383840433635945,NA,NA,NA,NA,NA
"LOC124902280",NA,"ENSG00000227218",-0.804124046318749,0.000110173320805747,"blue",NA,0.681568150204569,-0.455285606522673,NA,NA,NA,NA,NA
"ZXDB",NA,"ENSG00000198455",-0.564672589844675,3.96315496268582e-07,"blue",NA,0.816038485344927,-0.551714856372011,NA,NA,NA,NA,NA
"PCMTD1-DT",NA,"ENSG00000228801",-0.680693071885808,0.000246980280601515,"blue",NA,0.63604936634527,-0.472902596822352,NA,NA,NA,NA,NA
"ZNF331",NA,"ENSG00000130844",-0.519043528448538,1.30871437402791e-07,"blue",NA,0.738419137924297,-0.547484540342548,NA,NA,NA,NA,NA
"TPST2",NA,"ENSG00000128294",0.292230623235032,0.000274514872665035,"blue",NA,-0.675879584684186,0.411207724023936,NA,NA,NA,NA,NA
NA,NA,"ENSG00000215447",-0.366169025475861,0.0378085434330448,"blue",NA,0.641406327693408,-0.330753914588259,NA,NA,NA,NA,NA
NA,NA,"ENSG00000203306",0.376211555869413,0.00289896520829944,"blue",NA,-0.633837586368474,0.310282335981033,NA,NA,NA,NA,NA
"ZNF528",NA,"ENSG00000167555",-0.530302514904892,8.45489068966822e-05,"blue",NA,0.716214457434067,-0.429058793472961,NA,NA,NA,NA,NA
NA,NA,"ENSG00000215908",-0.512070376276313,8.8257982520028e-06,"blue",NA,0.647093559748477,-0.517191170761845,NA,NA,NA,NA,NA
"ZNF606-AS1",NA,"ENSG00000176593",-0.277409640234631,0.0291306531970406,"blue",NA,0.654230227337873,-0.314998521777104,NA,NA,NA,NA,NA
NA,NA,"ENSG00000261589",-0.354784692231048,0.0403687586845105,"blue",NA,0.731165351915294,-0.32350535130818,NA,NA,NA,NA,NA
"METRNL",NA,"ENSG00000176845",0.392122819851054,0.00106063464258576,"blue",NA,-0.746844166479582,0.382799204638813,NA,NA,NA,NA,NA
"NBPF1",NA,"ENSG00000219481",-0.373020870291518,5.13921634603817e-05,"blue",NA,0.61624780904887,-0.45621223498974,NA,NA,NA,NA,NA
"ZKSCAN2",NA,"ENSG00000155592",-0.275710489638063,0.0127542903146006,"blue",NA,0.708450940664177,-0.343914894562099,NA,NA,NA,NA,NA
"DPH5-DT",NA,"ENSG00000233184",-0.299547053826586,0.043044586339162,"blue",NA,0.664334467055746,-0.308886145372237,NA,NA,NA,NA,NA
"GPX1",NA,"ENSG00000233276",0.589460852423413,0.000363070333146945,"blue",NA,-0.765389744612292,0.374377908080742,NA,NA,NA,NA,NA
"HLA-H",NA,"ENSG00000206341",0.817925564359797,6.90189723067106e-06,"blue",NA,-0.621822418669493,0.462404644741831,NA,NA,NA,NA,NA
"LMTK3",NA,"ENSG00000142235",-0.428851557961034,0.00146295421980707,"blue",NA,0.580263058277593,-0.412171948795588,NA,NA,NA,NA,NA
NA,NA,"ENSG00000224067",1.68781255561054,4.15463658548719e-14,"blue",NA,-0.739946086917069,0.63337579296544,NA,NA,NA,NA,NA
NA,NA,"ENSG00000224078",-0.486954757922379,0.00012021479276767,"blue",NA,0.836397099116231,-0.46621851328604,NA,NA,NA,NA,NA
"LOC102723566",NA,"ENSG00000225032",-0.560071062580014,4.11267781319354e-06,"blue",NA,0.651085077621312,-0.500781930568479,NA,NA,NA,NA,NA
"TTC39C",NA,"ENSG00000168234",-0.356947263898346,1.05309655501169e-05,"blue",NA,0.742254751076247,-0.486248781417469,NA,NA,NA,NA,NA
"ZNF649",NA,"ENSG00000198093",-0.358989573058708,0.00927095438604035,"blue",NA,0.611668622821216,-0.328234008020473,NA,NA,NA,NA,NA
"STAT1","STAT1","ENSG00000115415",1.16763443702334,4.51747658065949e-22,"green","Interferon_Response",0.922829732378128,0.729332417062135,188,0.0366178646062306,0.00884526536475132,0.00544473069749979,"defense response to virus"
"GBP5","GBP5","ENSG00000154451",2.13275469916953,2.6449344943345e-28,"green","Interferon_Response",0.886438373067449,0.74614327238038,72,0.00309791465073396,0.0072792078589438,0.00575323087652801,"defense response to virus"
"GBP1","GBP1","ENSG00000117228",2.05408797262192,3.24509331235457e-29,"green","Interferon_Response",0.924084384645933,0.753822853872952,86,0.00239119004719778,0.00695915340226535,0.00561938756690955,"defense response to virus"
"RIGI","DDX58","ENSG00000107201",1.10081268019786,1.14416599965995e-08,"green","Interferon_Response",0.867697403612108,0.522928923204364,128,0.00996204031672458,0.0065352538867636,0.0051757915633971,"defense response to virus"
"ISG15","ISG15","ENSG00000187608",2.3285580202786,3.72247200858416e-11,"green","Interferon_Response",0.875614790842246,0.598689189140668,122,0.00894554908098015,0.00652466632671004,0.0052014632638398,"defense response to virus"
"IRF7","IRF7","ENSG00000185507",1.56185762321628,5.81737461548139e-15,"green","Interferon_Response",0.917520276764915,0.652502123362033,107,0.00383494657560341,0.00638238867973195,0.0052802029208504,"defense response to virus"
"IFIT3","IFIT3","ENSG00000119917",1.89417283083794,4.38456152921158e-12,"green","Interferon_Response",0.922649560688477,0.664330968557061,87,0.00121633570832328,0.00612837954248381,0.00538828655961792,"defense response to virus"
"IFI35","IFI35","ENSG00000068079",1.67955786207654,6.37971388678528e-19,"green","Interferon_Response",0.929600127719817,0.704945625146693,102,0.00686892424764056,0.00612761587278958,0.00521306484257737,NA
"BATF2","BATF2","ENSG00000168062",2.93520295867169,1.41699196022455e-32,"green","Interferon_Response",0.929661533895274,0.799706985057025,41,0.00215021164540795,0.00611855578150735,0.00527214866707426,NA
"RSAD2","RSAD2","ENSG00000134321",2.33534683683848,3.67290213204018e-09,"green","Interferon_Response",0.864106456325208,0.582113038146456,85,0.00320190939522432,0.00603982002926209,0.00530238749972042,"defense response to virus"
"IFIH1","IFIH1","ENSG00000115267",1.14736456624214,1.64138192920021e-09,"green","Interferon_Response",0.881722948837932,0.515142221631009,117,0.00596485107982729,0.00598274842908661,0.00507996239727282,"defense response to virus"
"IFI44","IFI44","ENSG00000137965",2.32683435807105,5.67647004080973e-14,"green","Interferon_Response",0.866296249476456,0.631254541270263,78,0.0010210621129657,0.00593628134222047,0.00531307605765829,NA
"OAS1","OAS1","ENSG00000089127",1.32009102573631,4.98996853259142e-07,"green","Interferon_Response",0.839656631803002,0.508210689925366,83,0.000775895541717437,0.00589106230856764,0.00530287706805731,"defense response to virus"
"APOL6","APOL6","ENSG00000221963",1.26636827540881,9.66999883901702e-19,"green","Interferon_Response",0.906293978188795,0.682319299519022,18,0.00151940191562705,0.00586524695251932,0.00476012302746959,NA
"GBP4","GBP4","ENSG00000162654",1.41522582712427,4.11261333307152e-18,"green","Interferon_Response",0.918360619001158,0.665480718034794,60,0.00088869940905038,0.00583691027366683,0.00533800019218938,NA
"MX1","MX1","ENSG00000157601",1.16190258992799,0.000144837098609772,"green","Interferon_Response",0.769492261043023,0.40972505020028,94,0.00220304850999376,0.0058154838960678,0.00517652135647331,"defense response to virus"
"CASP1","CASP1","ENSG00000137752",1.17392061931539,3.11457268998523e-35,"green","Interferon_Response",0.925138779622489,0.816648503952737,92,0.00853180140184608,0.00578685422763868,0.004701453065706,"defense response to virus"
"UBE2L6","UBE2L6","ENSG00000156587",1.46370653955974,5.86889456077366e-21,"green","Interferon_Response",0.942374085465754,0.729840889031713,89,0.00369446965301317,0.00569418879771094,0.00505069057339736,NA
"IFIT1","IFIT1","ENSG00000185745",1.68645296783993,1.22385280636479e-06,"green","Interferon_Response",0.824586909301157,0.539534819530736,85,0.002399516751771,0.00569136241814373,0.0051805125805621,"defense response to virus"
"OASL","OASL","ENSG00000135114",1.46915229836495,1.01142344761938e-07,"green","Interferon_Response",0.872446011052261,0.548456510415685,82,0.00212180484670108,0.00565870558398953,0.00512521149745711,"defense response to virus"
"XAF1","XAF1","ENSG00000132530",1.47246733207235,1.60389575241661e-12,"green","Interferon_Response",0.900523255499271,0.621010377489286,70,0.000946256765249259,0.00563840370597654,0.00523536314536106,NA
"STAT2","STAT2","ENSG00000170581",1.04919451463853,6.07093761559792e-15,"green","Interferon_Response",0.947963142792282,0.676553735678501,90,0.00211946791928105,0.00563418509465525,0.00503618378913224,"defense response to virus"
"IFIT2","IFIT2","ENSG00000119922",1.38263824090567,8.74224878413587e-08,"green","Interferon_Response",0.83747103801305,0.494026573946744,78,0.00142486513146989,0.00555040007262051,0.00512636053486087,"defense response to virus"
"USP18","USP18","ENSG00000184979",1.62315497651334,0.000966224747827136,"green","Interferon_Response",0.661253602849741,0.272181673413671,77,0.00330201158218325,0.0054842616826585,0.00512884292971294,"defense response to virus"
"OAS3","OAS3","ENSG00000111331",1.31990071785124,2.47831140545984e-05,"green","Interferon_Response",0.793613713247894,0.448473817887652,72,0.000750751471540663,0.0054461262382389,0.00515730762881573,"defense response to virus"
"DHX58","DHX58","ENSG00000108771",1.01979164429824,6.7782545593058e-08,"green","Interferon_Response",0.821291004620203,0.482496977679173,90,0.0019978971738601,0.00542281935286955,0.00496711183904659,"defense response to virus"
"RTP4","RTP4","ENSG00000136514",2.00364992684318,1.49638598886741e-22,"green","Interferon_Response",0.936858360720181,0.707456664777538,68,0.000425263220663322,0.00541600406304448,0.00520545975647072,"defense response to virus"
"CMPK2","CMPK2","ENSG00000134326",1.65787479977118,6.20824674941762e-08,"green","Interferon_Response",0.830356346209182,0.531907822212902,63,0.00199195283542493,0.00541178066129433,0.00512730590458307,NA
"BST2","BST2","ENSG00000130303",1.34163896865768,9.28404989733793e-15,"green","Interferon_Response",0.858273348780577,0.638768188503799,80,0.00384529064154288,0.00539720237518555,0.00491480406501754,"defense response to virus"
"SIGLEC1","SIGLEC1","ENSG00000088827",2.02337190277239,4.17113102110752e-08,"green","Interferon_Response",0.752552485725294,0.439677081562506,51,0.0019273304844782,0.00533879976523989,0.00493767156028027,NA
"DDX60","DDX60","ENSG00000137628",1.22133645978374,5.90814456723012e-10,"green","Interferon_Response",0.826237299740763,0.521418307499877,79,0.00208576336135701,0.00530619321404672,0.0049820522519061,"defense response to virus"
"EPSTI1","EPSTI1","ENSG00000133106",1.96075925161243,2.96677156389231e-17,"green","Interferon_Response",0.930228287334143,0.706235459132489,61,0.000156488706570132,0.00530021416297733,0.00518643793132152,NA
"IFI44L","IFI44L","ENSG00000137959",2.30868981885566,5.39777141381761e-11,"green","Interferon_Response",0.839146272218109,0.574937799131332,70,0.00210333826388713,0.00528950899603011,0.00507060281960359,"defense response to virus"
"SAMD9L","SAMD9L","ENSG00000177409",1.26919184273852,4.07595490541086e-15,"green","Interferon_Response",0.908381689205292,0.661517368412553,65,0.000413328493400361,0.00515896136691727,0.00505445622378802,NA
"IFI6","IFI6","ENSG00000126709",1.9482478671591,3.48032036869127e-11,"green","Interferon_Response",0.888580565744834,0.656476755170409,60,0.000150405860286662,0.00515847036446629,0.00510071419921138,"defense response to virus"
"GBP2","GBP2","ENSG00000162645",1.17637952317969,1.46525032951045e-25,"green","Interferon_Response",0.883550085979969,0.765276337479754,61,0.000318525884920649,0.00514410916676535,0.00506088227486062,"defense response to virus"
"SERPING1","SERPING1","ENSG00000149131",2.75848753969409,1.11784543595694e-19,"green","Interferon_Response",0.946373534605166,0.755206749537521,37,0.00249255117530148,0.00512762567978391,0.00496149297565238,NA
"PLSCR1","PLSCR1","ENSG00000188313",1.49599700167556,9.01958892000983e-17,"green","Interferon_Response",0.907988869013922,0.698717811028108,54,0.000560981639095947,0.00512457591323185,0.00508121454131698,"defense response to virus"
"HERC5","HERC5","ENSG00000138646",1.5025927352525,4.98610539992374e-07,"green","Interferon_Response",0.847863303298973,0.529447566166842,64,0.00075589080907542,0.00509636910006872,0.00500557919454396,"defense response to virus"
"IFIT5","IFIT5","ENSG00000152778",1.06742867882997,1.78262919932398e-08,"green","Interferon_Response",0.806683315345338,0.509358303568338,63,0.000203099899695973,0.00509050060165965,0.00502572027949329,"defense response to virus"
"TRIM22","TRIM22","ENSG00000132274",1.20812440157431,8.65745402383265e-18,"green","Interferon_Response",0.904714477089071,0.696841465473242,65,0.000185518693555405,0.00502343797325385,0.00497264208257327,"defense response to virus"
"APOL1","APOL1","ENSG00000100342",1.59188959655861,2.33798395462969e-22,"green","Interferon_Response",0.926348034124824,0.714462326525957,12,0.00196400455805289,0.00498293214619359,0.00459547752878581,NA
"IFI27","IFI27","ENSG00000165949",1.62398262995172,0.000337473065759959,"green","Interferon_Response",0.627913469690888,0.354652835016485,54,0.000280189325469614,0.00497845336969831,0.00501011002111565,"defense response to virus"
"IDO1","IDO1","ENSG00000131203",1.4048486921537,9.68379927852234e-06,"green","Interferon_Response",0.593249045304698,0.351600474484606,54,0.00223715885896924,0.00497429284410926,0.00443300945392045,NA
"PARP14","PARP14","ENSG00000173193",1.0790610521142,3.27210934859573e-13,"green","Interferon_Response",0.913413964228973,0.641906471635017,62,0.000862286580297007,0.00494375667596222,0.00489639485934114,NA
"CD274","CD274","ENSG00000120217",2.66241757242496,7.31066151187468e-28,"green","Interferon_Response",0.867891117596602,0.72169829118451,79,0.00525028038197931,0.00490470230841374,0.00429466413525652,NA
"LY6E","LY6E","ENSG00000160932",1.41248039202261,1.49019391055664e-06,"green","Interferon_Response",0.767738227589701,0.446995475315041,46,0.00141675271178714,0.00480843294649023,0.00494584819487892,NA
"C1QA","C1QA","ENSG00000173372",2.51394295549444,3.92395886089688e-19,"green","Interferon_Response",0.80052334751574,0.642753980514565,26,0.00177636443922456,0.00477264712935987,0.0044495767528029,NA
"FCGR1A","FCGR1A","ENSG00000150337",2.69841884068826,1.42154726995828e-31,"green","Interferon_Response",0.849684869594915,0.800045509261952,52,0.00268667334988711,0.00472466469002995,0.0043234718852991,NA
"TNFSF10","TNFSF10","ENSG00000121858",1.3702812785403,1.25849735187245e-15,"green","Interferon_Response",0.950416927256947,0.663235075309437,55,0.00200452125804184,0.00464344927692649,0.00456414054479804,NA
"C1QB","C1QB","ENSG00000173369",2.84437927548448,6.05078843051549e-20,"green","Interferon_Response",0.846907173199279,0.683027348971619,22,0.00136369782516012,0.00452661120388478,0.00440171297021682,NA
"GBP3","GBP3","ENSG00000117226",1.23554113857846,1.45106125299468e-14,"green","Interferon_Response",0.766653973462906,0.609936488239871,37,8.9191106470662e-05,0.00447467359726445,0.00469988039449134,"defense response to virus"
"ANKRD22","ANKRD22","ENSG00000152766",4.10060578757184,3.73002164503971e-39,"green","Interferon_Response",0.889157386139588,0.762570387097958,10,0.000491881069695956,0.00440299247397697,0.00445298684029281,NA
"LAP3","LAP3","ENSG00000002549",1.53966503209223,2.75515622778395e-14,"green","Interferon_Response",0.885591091903097,0.61879084183177,32,0.000817202320850403,0.00438172501805697,0.00473197063720016,NA
"TAP1","TAP1","ENSG00000168394",1.0544726133162,9.1901766199865e-19,"green","Interferon_Response",0.94749629609517,0.70921676425513,44,0.000675274455342306,0.00436677398340752,0.00446772067326966,NA
"SOCS1","SOCS1","ENSG00000185338",1.42583991024959,2.85217008847881e-11,"green","Interferon_Response",0.835533583669804,0.532034647434734,54,0.00229792158665812,0.00427450942904924,0.00417297347537518,NA
"AIM2","AIM2","ENSG00000163568",2.00051165243156,1.43831918862917e-24,"green","Interferon_Response",0.926200934306777,0.733156875023708,38,0.000568241903939217,0.00427099978851283,0.00428514703903815,"defense response to virus"
"SLAMF8","SLAMF8","ENSG00000158714",1.03749824399727,4.80272277830732e-07,"green","Interferon_Response",0.652334996409405,0.455937708875057,12,0.00021097445994725,0.00418327113031244,0.00422903279046384,NA
"C1QC","C1QC","ENSG00000159189",3.09022129820979,6.05078843051549e-20,"green","Interferon_Response",0.835915783824914,0.657799967035087,15,0.00022158632640756,0.00418249625583169,0.00432598583859104,NA
"BCL2A1","BCL2A1","ENSG00000140379",1.13852087523683,6.75594665336319e-10,"green","Interferon_Response",0.603889141524431,0.562825950094144,25,0.00158395487218134,0.00416568972167051,0.00387328384953346,NA
"DUSP3","DUSP3","ENSG00000108861",1.07620867879258,4.23532653992019e-29,"green","Interferon_Response",0.84527828868532,0.781965454934914,10,0.000678938146280592,0.00415416190932591,0.0037778462803429,NA
"PSME2","PSME2","ENSG00000100911",1.19322032442737,1.70153183892775e-18,"green","Interferon_Response",0.839385212790365,0.693845235830924,44,0.00105007605946878,0.00408733131643838,0.00413543628315364,NA
"LGALS3BP","LGALS3BP","ENSG00000108679",1.16589514160177,3.64913741179844e-07,"green","Interferon_Response",0.738156410344947,0.410773073642046,19,0.00115615940414674,0.00400245659493247,0.00415373943378186,NA
"SPATS2L","SPATS2L","ENSG00000196141",1.66416891796068,1.00436706845297e-09,"green","Interferon_Response",0.869672371102838,0.494859331640103,24,0.00124628675443841,0.00399874791676647,0.00447462249578385,NA
"WARS1","WARS1","ENSG00000140105",1.15550629878957,9.56027161453881e-12,"green","Interferon_Response",0.864213030790314,0.571545552777314,24,0.00190152914291367,0.00397663757202582,0.00397766272634117,NA
"KIT","KIT","ENSG00000157404",-1.10182056627782,7.32369517012183e-10,"green","Interferon_Response",-0.67651774121363,-0.599841000878826,70,0.00823558714204051,0.00391227452863098,0.00368072968697198,NA
"ATF3","ATF3","ENSG00000162772",2.58392737957578,4.64902602225471e-18,"green","Interferon_Response",0.887843711154618,0.625003704968892,28,0.00204516541418585,0.00389919957768439,0.00377342832132791,NA
"GAS6","GAS6","ENSG00000183087",1.0727839113188,1.89064544689325e-12,"green","Interferon_Response",0.744142171584076,0.576481056612043,12,0.00172097068676766,0.0038904007617312,0.00397011128855509,NA
"ZBP1","ZBP1","ENSG00000124256",1.23120530225762,5.02810058155507e-13,"green","Interferon_Response",0.90734389679198,0.638820430426803,28,0.000374208621980887,0.00387869110165643,0.00418855376566469,"defense response to virus"
"PDCD1LG2","PDCD1LG2","ENSG00000197646",2.9581729684732,1.69215843936155e-21,"green","Interferon_Response",0.824276303639879,0.643430087525042,39,0.00160414858297914,0.00386024676333892,0.00371901638546052,NA
"CTSL","CTSL","ENSG00000135047",1.13899172143198,2.18505021666825e-12,"green","Interferon_Response",0.742458479990738,0.594045032660126,25,0.000947518713860654,0.00383409635462743,0.00378820629586078,NA
"PML","PML","ENSG00000140464",1.11111596701048,8.84973354050478e-12,"green","Interferon_Response",0.933132433690563,0.625648740145014,61,0.00646116956873793,0.00382662310653732,0.00373352128058434,"defense response to virus"
"CCRL2","CCRL2","ENSG00000121797",1.43764800575609,1.95690533862581e-16,"green","Interferon_Response",0.862293070537096,0.638507534200259,36,0.00037786251930537,0.00379868029733843,0.00376558015472896,NA
"CEACAM1","CEACAM1","ENSG00000079385",1.45472639249089,2.34410763824501e-18,"green","Interferon_Response",0.923607131697146,0.690471588615997,17,0.0014011223600795,0.00379057006462145,0.00374935118826936,NA
"FAM20A","FAM20A","ENSG00000108950",2.02055539144335,2.30533847346667e-23,"green","Interferon_Response",0.669284877247474,0.698311840159749,10,0.000854930463116484,0.0037561565438361,0.00380183017757334,NA
"NMI","NMI","ENSG00000123609",1.05653295467159,1.49638598886741e-22,"green","Interferon_Response",0.888982474924701,0.746449752738508,25,0.000512444275301295,0.00374032891327026,0.00405981373151184,NA
"GPR84","GPR84","ENSG00000139572",1.36272593833407,6.4921807539536e-09,"green","Interferon_Response",0.783836902605294,0.555487758982249,5,0.000226435045089207,0.00372561924935928,0.00389175671900198,NA
"ETV7","ETV7","ENSG00000010030",2.98153904926975,3.13585943490522e-28,"green","Interferon_Response",0.900697878468447,0.761883169221093,11,0.000431239958103725,0.00370420964444096,0.00397983022247187,NA
"CETP","CETP","ENSG00000087237",1.32083371498229,3.49967521256795e-21,"green","Interferon_Response",0.79490224768307,0.710994920835636,10,0.00116213147690116,0.00368088275705184,0.00374039887968057,NA
"C2","C2","ENSG00000166278",2.08625691070565,2.72511646782901e-16,"green","Interferon_Response",0.831735975175994,0.625919739338194,7,0.00011336038098955,0.00367069500507556,0.00400056775639237,NA
"SMARCD3","SMARCD3","ENSG00000082014",1.29359143912008,2.4018252093036e-25,"green","Interferon_Response",0.793008090420731,0.748557822700264,15,0.00271528766344295,0.00367006986864185,0.00354340575435699,NA
"SEPTIN4","SEPTIN4","ENSG00000108387",3.69555331064604,1.32263807022274e-29,"green","Interferon_Response",0.925505163479372,0.67816548236529,8,0.000414750421048484,0.0036596424814938,0.00375356319767548,NA
"AGRN","AGRN","ENSG00000188157",1.08255618852116,1.10814664493526e-05,"green","Interferon_Response",0.74512243451463,0.394346903917503,17,0.00364690288142863,0.00365929416015641,0.00359528550031371,NA
"SDC3","SDC3","ENSG00000162512",1.87983628166452,2.83633731163063e-17,"green","Interferon_Response",0.78600898907178,0.64777069616603,8,0.000387468732943896,0.00365785627278661,0.00372701962696734,NA
"MDK","MDK","ENSG00000110492",1.32520670339652,6.48807301967011e-08,"green","Interferon_Response",0.724502271846377,0.452572774631841,9,0.000426092727718558,0.00365732124877918,0.00381191216833471,NA
"APOL2","APOL2","ENSG00000128335",1.25536699128019,1.05410035301865e-24,"green","Interferon_Response",0.875505077940566,0.753839076330306,5,2.04273178475742e-05,0.00363953167644107,0.00402415051275654,NA
"CARD16","CARD16","ENSG00000204397",1.53146737387757,2.72940778923957e-17,"green","Interferon_Response",0.866866858232741,0.689015920121558,9,0.000172641614947426,0.00363649327069454,0.00392003175219189,NA
"CALHM6","CALHM6","ENSG00000188820",2.54296935669361,1.95155501801727e-23,"green","Interferon_Response",0.825387974362633,0.677987253360112,5,2.98321802001946e-06,0.00355312762743237,0.00406285247644625,NA
"H2BC5","H2BC5","ENSG00000158373",1.2171016790844,5.64283340262756e-12,"green","Interferon_Response",0.766192638865424,0.616289122092879,71,0.00389636364333719,0.00353147579175489,0.00340084920488351,NA
"PSTPIP2","PSTPIP2","ENSG00000152229",1.47837390413927,4.67091016042033e-29,"green","Interferon_Response",0.833955541721791,0.769210994941646,4,4.88665285473706e-05,0.00349428693612756,0.00366957512208069,NA
"GALM","GALM","ENSG00000143891",1.13209944459866,1.91822142335385e-09,"green","Interferon_Response",0.870699889414442,0.527137524665899,8,0.000741542473998331,0.0034410613036478,0.00341557206939484,NA
"GBP6","GBP6","ENSG00000183347",2.98290321874912,4.15813442607023e-26,"green","Interferon_Response",0.834200408173984,0.715065552329114,9,0,0.0034385228993345,0.00389214124932474,NA
"FBXO6","FBXO6","ENSG00000116663",1.52294468800148,5.64523254880752e-26,"green","Interferon_Response",0.951182609408032,0.758940996679532,20,0.00168681194720861,0.00341043781512823,0.00354057207695819,NA
"MT2A","MT2A","ENSG00000125148",1.83353183336331,1.36226336009759e-11,"green","Interferon_Response",0.853447946779619,0.565483989641977,9,0.000490560780330369,0.00340870328237349,0.00359554940830382,NA
"FRMD3","FRMD3","ENSG00000172159",1.63382638602719,2.18780028439571e-19,"green","Interferon_Response",0.867345351196719,0.682067508757085,3,4.37650380325818e-05,0.00340403559415078,0.00360095275078141,NA
"LHFPL2","LHFPL2","ENSG00000145685",1.59287852080597,1.67392623660142e-26,"green","Interferon_Response",0.878269250794451,0.741493692849327,2,1.03172064296512e-05,0.00340058320608911,0.00365448689701764,NA
"DYNLT1","DYNLT1","ENSG00000146425",1.04941682902768,1.03134956399426e-16,"green","Interferon_Response",0.917684792454402,0.685736378488623,19,0.00170502672393595,0.00336210185862836,0.00340359869920128,NA
"EXOC3L1","EXOC3L1","ENSG00000179044",2.49051888609153,1.65090531634637e-15,"green","Interferon_Response",0.876532444974309,0.625261319573627,2,0,0.0033607719543379,0.0034230174060995,NA
"LAMP3","LAMP3","ENSG00000078081",2.12694411695598,4.37234796992756e-07,"green","Interferon_Response",0.817859557176033,0.453292188856456,9,0.000230996530089292,0.00335598741394901,0.00355290088099175,NA
"DHRS9","DHRS9","ENSG00000073737",1.40371925042557,2.2980613020614e-16,"green","Interferon_Response",0.859125557279389,0.697705934475584,2,1.12202050954174e-05,0.00335418055492393,0.0033762371463492,NA
"CD36","CD36","ENSG00000135218",0.670363503642968,2.08852327956825e-08,"green","Interferon_Response",0.575006881163971,0.544822940929286,59,0.010846415987115,0.00334154153449799,0.00146764594871893,NA
"VAMP5","VAMP5","ENSG00000168899",2.14976124857403,3.75142384341905e-23,"green","Interferon_Response",0.820365594626662,0.699809840995499,8,0.000586801451783403,0.00333070145217171,0.00340892196620745,NA
"APOL4","APOL4","ENSG00000100336",3.21790369775528,4.55704686917809e-21,"green","Interferon_Response",0.76219156327645,0.62222437723844,1,0,0.00332748048848436,0.00372554284069433,NA
"P2RY14","P2RY14","ENSG00000174944",1.75231817001191,3.35530640573298e-13,"green","Interferon_Response",0.740426967476884,0.558765423482744,5,0.00102998109364162,0.00332037565139638,0.00344116160718707,NA
"SMTNL1","SMTNL1","ENSG00000214872",2.67157799162602,1.35148382745111e-20,"green","Interferon_Response",0.884771075663326,0.681306029369522,1,0,0.00331865523557324,0.00333126947809521,NA
"RUFY4","RUFY4","ENSG00000188282",1.43251444573896,2.05426010249896e-09,"green","Interferon_Response",0.754753667650834,0.467190166595296,2,3.08929305213875e-05,0.00331635677740323,0.00332240246886978,NA
"OTOF","OTOF","ENSG00000115155",2.85625421675025,5.71678910515882e-11,"green","Interferon_Response",0.643192766814379,0.34290215326944,3,6.88942288737607e-05,0.00331438638363873,0.00332961346303139,NA
"H4C8","H4C8","ENSG00000158406",1.14090871592819,1.75395793066007e-09,"green","Interferon_Response",0.810221917004597,0.569520367783622,27,0.000519400638003893,0.00330664609169537,0.00331356633249477,NA
"TIMM10","TIMM10","ENSG00000134809",2.25703501291549,3.44993703297304e-21,"green","Interferon_Response",0.897013678351804,0.661829283657065,15,0.00071989146410966,0.00330490720302287,0.00330469632858144,NA
"IGF2BP3","IGF2BP3","ENSG00000136231",1.45836286250742,1.82596160716817e-09,"green","Interferon_Response",0.701603303192794,0.499789758172489,17,0.000908220860429223,0.00330058081048771,0.00334188698238464,NA
"AANAT","AANAT","ENSG00000129673",1.48933328335793,1.21620439015989e-11,"green","Interferon_Response",0.681477131961632,0.587510258899096,6,0.000201464366512605,0.00329939117057821,0.003393208257772,NA
"TRIM6","TRIM6","ENSG00000121236",1.30176753263245,3.0179668261502e-07,"green","Interferon_Response",0.735531243496486,0.500964385194049,6,3.38659770601313e-05,0.00325988807814425,0.00343304840695591,"defense response to virus"
"GRAMD1B","GRAMD1B","ENSG00000023171",1.05943356619119,5.27819042559187e-14,"green","Interferon_Response",0.8544134189364,0.617121563104571,2,0,0.0032597842328214,0.00330780085940188,NA
"CHMP5","CHMP5","ENSG00000086065",1.00735165569237,8.68416186770856e-11,"green","Interferon_Response",0.780231881779639,0.582955529795208,6,0.000163286477645372,0.00325785670182294,0.00335037365319186,NA
"SMCO4","SMCO4","ENSG00000166002",1.2867582591265,5.24406326921064e-18,"green","Interferon_Response",0.813225938097331,0.67922475754886,1,0,0.00325268558833345,0.00327293912859656,NA
"SAT1","SAT1","ENSG00000130066",1.05028106384271,9.26305501961762e-16,"green","Interferon_Response",0.932608687347161,0.687868432467984,4,4.31729976504525e-05,0.00324919026516369,0.00326821112408713,NA
"POLB","POLB","ENSG00000070501",1.11890358724579,2.65988435010104e-24,"green","Interferon_Response",0.821139786050447,0.758152816721932,14,0.000158104851200179,0.00324296741203486,0.00326217344827715,NA
"RMI2","RMI2","ENSG00000175643",1.86465704627305,5.91692493036993e-11,"green","Interferon_Response",0.844648749495027,0.490879722324674,12,6.84041037790435e-05,0.00323772179238498,0.00326532230101541,NA
"TIFA","TIFA","ENSG00000145365",1.39287535197031,1.29888223225746e-19,"green","Interferon_Response",0.826855516912708,0.68770715769406,4,1.12132848847402e-05,0.0032294944666176,0.00326433159391653,NA
"IL27","IL27","ENSG00000197272",1.82398711111823,3.30144639718679e-19,"green","Interferon_Response",0.869973369565544,0.678499637225542,3,0,0.00321296661790321,0.00333662913148659,"defense response to virus"
"DRC8","EFCAB2","ENSG00000203666",1.66141122684129,4.53473111649621e-14,"green","Interferon_Response",0.769861966267887,0.588463487116952,1,0,0.00321212793343334,0.00323269342721134,NA
"SLC6A12","SLC6A12","ENSG00000111181",1.54804400181463,3.1302204940313e-12,"green","Interferon_Response",0.686482701222218,0.567934944144063,1,0,0.00319342015652312,0.00321260269791443,NA
"OAS2","OAS2","ENSG00000111335",0.93055252832301,0.000234532861799808,"green","Interferon_Response",0.726579629730542,0.314732647762264,84,0.000955209322982218,0.00299209538672636,0.00223523671516339,"defense response to virus"
"PARP9","PARP9","ENSG00000138496",0.995979995222361,7.20316264056109e-15,"green","Interferon_Response",0.906203586555208,0.683953714162066,84,0.00276087215683194,0.00267856744112098,0.00206572132377486,"defense response to virus"
"IFI16","IFI16","ENSG00000163565",0.747552175598157,1.757431945088e-09,"green","Interferon_Response",0.900332460333256,0.596127522850953,86,0.00528139349979939,0.00245282118426901,0.00178685942999385,"defense response to virus"
"HELZ2","HELZ2","ENSG00000130589",0.645785659925914,7.21163928486417e-05,"green","Interferon_Response",0.778208226999532,0.409904720316187,73,0.0044273245385468,0.0022422562669153,0.00170622503455863,NA
"EIF2AK2","EIF2AK2","ENSG00000055332",0.794350666570512,1.4442577174647e-05,"green","Interferon_Response",0.763258115924898,0.429166376249257,101,0.00872870942567505,0.00222488175580422,0.00163438796852894,"defense response to virus"
"IRF9","IRF9","ENSG00000213928",0.586150631202982,2.27546822028324e-09,"green","Interferon_Response",0.764764282573157,0.607097977379983,80,0.00102191075213675,0.00221869391212588,0.00188299642828197,"defense response to virus"
"MX2","MX2","ENSG00000183486",0.591479097098625,0.000152175055336293,"green","Interferon_Response",0.763631364564168,0.41263638786254,69,0.000509019115266389,0.00200631742608638,0.0018639674870788,"defense response to virus"
"TLR7","TLR7","ENSG00000196664",0.882554848952275,1.91467927470922e-10,"green","Interferon_Response",0.767296933397607,0.560276588319843,79,0.00487866861379872,0.00197699213495563,0.00144502815161078,"defense response to virus"
"CYBB","CYBB","ENSG00000165168",0.796667104423644,1.4702495993441e-13,"green","Interferon_Response",0.764591723088416,0.633658976178186,50,0.00603771452593246,0.00195024162272506,0.00114288003917759,NA
"HERC6","HERC6","ENSG00000138642",0.560938831827435,0.000987363973661294,"green","Interferon_Response",0.607695558341103,0.263700431919278,59,0.000103070199870071,0.00194686664347166,0.00186178670484981,NA
"B2M","B2M","ENSG00000166710",0.862792431354884,2.18309311232812e-15,"green","Interferon_Response",0.730988382571928,0.680674264498907,92,0.0139998578991487,0.00188209926229311,0.00110448511166317,NA
"CD40","CD40","ENSG00000101017",0.765602975113864,6.99221017820072e-08,"green","Interferon_Response",0.627942367304183,0.504731343182798,91,0.00601899115875271,0.0017436182187859,0.00102979444242974,"defense response to virus"
"RAB11FIP3","RAB11FIP3","ENSG00000090565",-0.231037809781272,0.00152869227146274,"green","Interferon_Response",-0.631227353275122,-0.401329557517917,11,0.00149338752259911,0.00171741834356326,0.000555721217889947,NA
"ISG20","ISG20","ENSG00000172183",0.717148193408942,1.19675141510737e-07,"green","Interferon_Response",0.809776508173828,0.515716411073225,59,0.000494786232496461,0.0016150052589913,0.00164019214943755,"defense response to virus"
"SAMHD1","SAMHD1","ENSG00000101347",0.422052104576161,1.16694090413116e-05,"green","Interferon_Response",0.758213199178797,0.41829585603892,64,0.00181214181785959,0.0016036701131041,0.00144967011642602,"defense response to virus"
"ADAR","ADAR","ENSG00000160710",0.316468932963047,0.00263349259737234,"green","Interferon_Response",0.731037770095569,0.36952978672335,74,0.00423780268909244,0.00156545165925518,0.00140308070026894,"defense response to virus"
"TRIM5","TRIM5","ENSG00000132256",0.66792900763156,2.4872258990704e-07,"green","Interferon_Response",0.849021609268987,0.514258203496826,50,0.00099705134869806,0.00153746976208954,0.00138275399521673,"defense response to virus"
"SP110","SP110","ENSG00000135899",0.621970865689228,1.83799241053232e-08,"green","Interferon_Response",0.885418210720755,0.570139393040621,57,0.00126049582849855,0.00149462729938147,0.00152055975822573,NA
"PARP12","PARP12","ENSG00000059378",0.900766344496566,9.0903676612224e-09,"green","Interferon_Response",0.860812531511131,0.54666064489306,57,0.000928411545187309,0.00147630594384103,0.00155351751508895,NA
"IL1RN","IL1RN","ENSG00000136689",0.977052681457491,5.80495318594931e-08,"green","Interferon_Response",0.849950760979426,0.551999542961095,21,0.000880627955687984,0.00140830577372638,0.0013108372056457,NA
"CCR1","CCR1","ENSG00000163823",0.683447358403514,1.18984072607399e-05,"green","Interferon_Response",0.736628861079855,0.453424040421944,38,0.00556464726422638,0.00123230932568564,0.000942802630153939,NA
"SP100","SP100","ENSG00000067066",0.437052552802898,3.97261750581501e-05,"green","Interferon_Response",0.736537129808487,0.413522622581786,69,0.00704944174267061,0.00121066437973781,0.00111165783728412,NA
"NLRC5","NLRC5","ENSG00000140853",0.320747946923827,2.4143582447142e-05,"green","Interferon_Response",0.610817481017782,0.439654477782017,46,0.000348354735641323,0.0011938660052637,0.00132839564687025,"defense response to virus"
"DDX60L","DDX60L","ENSG00000181381",0.903084783614972,9.26116136146462e-08,"green","Interferon_Response",0.76915891824518,0.496375269114743,46,0.000535442983829658,0.00115094515201566,0.00133910672229622,"defense response to virus"
"DTX3L","DTX3L","ENSG00000163840",0.697197421138877,1.04613659292747e-09,"green","Interferon_Response",0.89084934389202,0.568030497143317,40,6.67001553528473e-05,0.00114285433232648,0.00142462589756752,"defense response to virus"
"UBA7","UBA7","ENSG00000182179",0.389442118901205,2.25203506888696e-06,"green","Interferon_Response",0.746816409918644,0.498528811153605,54,0.0020131621339883,0.00111042845870618,0.00116222055534352,NA
"CD38","CD38","ENSG00000004468",0.510114107923317,0.000292061120068856,"green","Interferon_Response",0.700959539122793,0.368452284919652,55,0.0043709687876549,0.00108929151625607,0.000651815645103768,NA
"IL2RB","IL2RB","ENSG00000100385",-0.793131146108168,7.03465200729304e-13,"green","Interferon_Response",-0.727681369393187,-0.664946774441723,49,0.0012993847544475,0.0010799400047417,0.000584904193129354,NA
"ZAP70","ZAP70","ENSG00000115085",-0.405873138534347,1.34097602086872e-06,"green","Interferon_Response",-0.774775095100184,-0.536874203242573,71,0.00620539236709326,0.0010750961482528,0.000558482496151865,NA
"RNF213","RNF213","ENSG00000173821",0.729752979648235,9.10389410524782e-08,"green","Interferon_Response",0.814464804704861,0.48906963854295,39,0.00212549926231487,0.000959184461501618,0.00120899408651594,NA
"H2BC21","H2BC21","ENSG00000184678",0.841714732851816,8.79775959500332e-09,"green","Interferon_Response",0.772362959363663,0.527203761981723,116,0.0153694631777334,0.000951801852692599,0.000426802218783107,NA
"IFI30","IFI30","ENSG00000216490",0.90491618221637,3.94039267727385e-12,"green","Interferon_Response",0.666983090115245,0.624539930185221,30,0.0015842773240633,0.000934533174385837,0.00116836147395592,NA
"DHRS3","DHRS3","ENSG00000162496",-0.542791279555147,1.22907506832396e-05,"green","Interferon_Response",-0.634765072831346,-0.492578080161375,3,0.000367049531783268,0.000865849471441614,0.000721448589138226,NA
"RIPK2","RIPK2","ENSG00000104312",0.442200575494054,1.88650279521106e-07,"green","Interferon_Response",0.749929604596149,0.527695405364668,32,0.000863248724197208,0.000844725015923564,0.000788330140855925,NA
"CASP7","CASP7","ENSG00000165806",0.64111607886432,4.3545462421914e-09,"green","Interferon_Response",0.667540299747131,0.552557274183757,27,0.00130909571052571,0.000748449590642608,0.000530315856798839,NA
"RIPK1","RIPK1","ENSG00000137275",0.184474304438715,0.00521425140257634,"green","Interferon_Response",0.612137470088764,0.316638036126454,51,0.00380636990727536,0.000747841304175352,0.000657892448469492,NA
"IRF5","IRF5","ENSG00000128604",0.429873643466434,1.38489386947596e-05,"green","Interferon_Response",0.696098964781726,0.460240774908164,34,0.00060529501546883,0.000745528879163876,0.000962282189130332,"defense response to virus"
"APOBEC3G","APOBEC3G","ENSG00000239713",0.306502681244846,0.000345034251950657,"green","Interferon_Response",0.63093821681714,0.401985075548893,41,0.00217178601315523,0.000719134647367994,0.000805463148928065,"defense response to virus"
"MOV10","MOV10","ENSG00000155363",0.982534648874172,9.17097888985674e-11,"green","Interferon_Response",0.908492175995776,0.57573307319,57,0.00317006454136909,0.000704644404450066,0.000669423422221337,"defense response to virus"
"TRAFD1","TRAFD1","ENSG00000135148",0.953809952365548,2.21428943329076e-15,"green","Interferon_Response",0.938245213357917,0.67730795803202,15,0.000955414521888062,0.00070152020636593,0.000916452901407959,NA
"TDRD7","TDRD7","ENSG00000196116",0.639717758378412,3.6490670578195e-06,"green","Interferon_Response",0.858375242584137,0.460176985833271,25,0.000941504002210886,0.00069392858246844,0.00112460325089976,NA
"SORT1","SORT1","ENSG00000134243",0.912135407329694,7.1492845906387e-14,"green","Interferon_Response",0.861326150298725,0.630757310283071,27,0.00464753175647547,0.000684227734810135,0.000463412013125275,NA
"RAB8A","RAB8A","ENSG00000167461",0.382924999851925,1.2377494707023e-06,"green","Interferon_Response",0.760210944120519,0.498232292213608,38,0.00572762902275473,0.000650460661357924,0.00025481144103635,NA
"PSMA4","PSMA4","ENSG00000041357",0.692431400310999,1.25003750991086e-09,"green","Interferon_Response",0.701331541005945,0.566912354621604,40,0.0035861593195874,0.000644132786581977,0.000491400781630729,NA
"GNS","GNS","ENSG00000135677",0.437061519396771,2.07293002250487e-06,"green","Interferon_Response",0.760965139705469,0.481764684979816,16,0.00146858399264179,0.000639575741936499,0.000523153301999529,NA
"BHLHE40","BHLHE40","ENSG00000134107",-0.571837086443355,1.8343234187233e-09,"green","Interferon_Response",-0.675936136049891,-0.610855735652578,14,0.000401498494079337,0.000631279268710632,0.000541077276230985,NA
"ZNFX1","ZNFX1","ENSG00000124201",0.299835539482624,0.00738357530144234,"green","Interferon_Response",0.712597895389197,0.298239279793065,24,0.000267002233827475,0.000595892814373224,0.000978728046852456,"defense response to virus"
"TIGIT","TIGIT","ENSG00000181847",-0.516510837091327,3.31462796090156e-05,"green","Interferon_Response",-0.667502005137894,-0.474151396616333,43,0.00058197218167984,0.000588594066396051,0.000490358779352335,NA
"GATA3","GATA3","ENSG00000107485",-0.836414893129133,4.10828315570892e-14,"green","Interferon_Response",-0.734360919243947,-0.683953190632181,64,0.00424012274112621,0.00057278755628826,0.000392479459495227,NA
"TAP2","TAP2","ENSG00000204267",0.659335025382056,4.2977754398562e-10,"green","Interferon_Response",0.846267578324237,0.57749756781778,22,0.000200232085169158,0.000569473756823295,0.000856245277608961,NA
"GLRX","GLRX","ENSG00000173221",0.823381194964215,8.6210219514665e-22,"green","Interferon_Response",0.859951410509375,0.752322242342199,16,0.000492458218374479,0.000527960402841446,0.000412502611471451,NA
"PHF11","PHF11","ENSG00000136147",0.608674675569001,1.96343641131615e-08,"green","Interferon_Response",0.844351616581622,0.541523846438304,18,2.96621380806602e-05,0.00052596906313,0.000930853486007946,NA
"LILRB1","LILRB1","ENSG00000104972",0.424045201255776,0.000293534704212279,"green","Interferon_Response",0.624791669624415,0.348686314448239,24,0.000148268211393133,0.000470748587002761,0.000479871628256525,"defense response to virus"
"APOL3","APOL3","ENSG00000128284",0.559624123920083,7.04133907120572e-09,"green","Interferon_Response",0.73264827197406,0.539074276617987,5,1.60994143597646e-05,0.000467426277091844,0.000858296124637615,NA
"RUNX3","RUNX3","ENSG00000020633",-0.561113238409581,3.23891368507684e-11,"green","Interferon_Response",-0.699619459930758,-0.657398585998866,46,0.00259817712144608,0.000434491012577972,0.000351839861974774,NA
"MAFB","MAFB","ENSG00000204103",0.551052828880418,2.894039744717e-05,"green","Interferon_Response",0.633333612374289,0.40245721832482,23,0.00095319242019091,0.000396300573366679,0.000444119909998168,NA
"SLAMF7","SLAMF7","ENSG00000026751",0.494157154911216,5.27060853899537e-05,"green","Interferon_Response",0.677007170698333,0.368940541216999,18,7.16293030138519e-05,0.00037130969694337,0.00041512603929433,NA
"ERN1","ERN1","ENSG00000178607",-0.594760806693805,8.81344434474203e-08,"green","Interferon_Response",-0.670753241599463,-0.559094090155738,31,0.00199799582785412,0.000369971114326126,0.000345844840341727,NA
"ACO1","ACO1","ENSG00000122729",0.55833190303622,1.57549575752314e-05,"green","Interferon_Response",0.684647849788093,0.418381773637545,30,0.00329453836052526,0.000347560217328417,0.000267907923151442,NA
"PARP10","PARP10","ENSG00000178685",0.91463826602669,1.53809124689091e-11,"green","Interferon_Response",0.906395032036553,0.618314232546887,19,0.000346882095209897,0.000345253776868552,0.000623697550186326,NA
"NANS","NANS","ENSG00000095380",0.426226604412923,4.27423841155241e-07,"green","Interferon_Response",0.720827267161556,0.529523971128219,7,0.000387102468112313,0.000342470262049719,0.000335268278425846,NA
"MECP2","MECP2","ENSG00000169057",-0.289177643220274,6.7771516448623e-10,"green","Interferon_Response",-0.684959997540185,-0.625337088679445,46,0.00718531126394532,0.000322301888752352,0.000187503708439471,NA
"LMO2","LMO2","ENSG00000135363",0.956724689140938,2.32600950002501e-18,"green","Interferon_Response",0.882142062996296,0.716638299373675,25,0.00205831538102377,0.000314357106973379,0.000243866244508048,NA
"TOR1A","TOR1A","ENSG00000136827",0.406473480496095,1.20678561941751e-09,"green","Interferon_Response",0.816810168191117,0.605211138371447,12,0.000459573595149732,0.000311506185207939,0.00038450515169049,NA
"MAP2K6","MAP2K6","ENSG00000108984",0.893724052218545,1.52485186337083e-08,"green","Interferon_Response",0.74532301206555,0.530897927977773,14,0.00125278782881129,0.000308143133741011,0.000298477024275072,NA
"VAMP3","VAMP3","ENSG00000049245",0.503064729048449,3.83674385197278e-10,"green","Interferon_Response",0.810365551464232,0.591178941430994,40,0.00493589515584248,0.000303040331884584,0.000188763591560839,NA
"NASP","NASP","ENSG00000132780",0.381804961994226,6.4318265211578e-07,"green","Interferon_Response",0.699450829342859,0.503284579105555,17,0.000378902987871909,0.00029348592125174,0.000288999909770118,NA
"NT5C3A","NT5C3A","ENSG00000122643",0.957161411592056,8.68416186770856e-11,"green","Interferon_Response",0.861547908591864,0.58864183007116,9,0.00041513070767895,0.000289157664563892,0.000457086159309323,"defense response to virus"
"KPNB1","KPNB1","ENSG00000108424",0.338401871563004,0.000150408221850175,"green","Interferon_Response",0.753595697283607,0.413536757770551,57,0.00527528983040628,0.000285609366078879,0.000241742839712855,NA
"IDH1","IDH1","ENSG00000138413",0.568761355465023,1.44915886757115e-13,"green","Interferon_Response",0.770218585712726,0.66037116915863,42,0.00486153865892091,0.000278839678491409,0.000214141163843292,NA
"DUSP5","DUSP5","ENSG00000138166",0.228761334607291,0.0610445050472476,"green","Interferon_Response",0.605664983061941,0.237942194631919,11,0.00154901773096262,0.000260842314275134,0.000329085867683678,NA
"TOR1B","TOR1B","ENSG00000136816",0.685768254606056,1.91632889749584e-06,"green","Interferon_Response",0.793808628386306,0.452337354226864,9,0.000164067468232772,0.000256823249980041,0.000399717629219006,NA
"BTN3A1","BTN3A1","ENSG00000026950",0.554462673793289,1.01765939442882e-11,"green","Interferon_Response",0.815508752819257,0.631491099969544,18,0.000295930358569296,0.000256318424271572,0.000386313513939601,NA
"SEPHS2","SEPHS2","ENSG00000179918",0.549573122999465,8.70642389060501e-15,"green","Interferon_Response",0.66414315881703,0.675147711634582,3,0,0.000256132114568369,0.000431493439016442,NA
"MICB","MICB","ENSG00000204516",0.652414375256083,3.75748171591339e-09,"green","Interferon_Response",0.815750474809209,0.572497978852291,19,0.00025179176133524,0.000255722254425363,0.000385153043680017,"defense response to virus"
"CASP10","CASP10","ENSG00000003400",0.309582269327512,8.27031250407097e-05,"green","Interferon_Response",0.729917679356829,0.401225973029011,18,0.000233652018726677,0.000253093980531457,0.000391298593410556,NA
"BTN3A3","BTN3A3","ENSG00000111801",0.374342396418434,6.10108535110751e-08,"green","Interferon_Response",0.700170144845978,0.536886966776043,16,0.000293127621859098,0.000248942871287346,0.000379032403765384,NA
"MYOF","MYOF","ENSG00000138119",0.938416059731279,5.16918915112983e-07,"green","Interferon_Response",0.677316480939925,0.437036172060179,6,0.000160164983391331,0.000248581983793386,0.000283861206515838,NA
"CNP","CNP","ENSG00000173786",0.375257409279085,0.000559645161523045,"green","Interferon_Response",0.678804431417717,0.340727818589241,8,0.000318820209384428,0.000244078813568202,0.000330176995194897,NA
"FANCA","FANCA","ENSG00000187741",0.847060975884727,1.64841191892379e-11,"green","Interferon_Response",0.852052419049252,0.612238961168624,19,0.000353527780298161,0.000241050682692919,0.000253099752719657,NA
"MIA3","MIA3","ENSG00000154305",0.298523025783732,0.000523880010478109,"green","Interferon_Response",0.755774437191036,0.37265785027425,8,0.000395175886654306,0.000238443633655776,0.000281608028006108,NA
"ERLIN1","ERLIN1","ENSG00000107566",0.427794449705034,4.98996853259142e-07,"green","Interferon_Response",0.554082373555021,0.517764581606912,8,0.00042507581648704,0.000231708842900083,0.000238986985332716,NA
"NUB1","NUB1","ENSG00000013374",0.692856106350023,1.27330325242597e-10,"green","Interferon_Response",0.927665438002556,0.592325619868107,13,0.000417066157862311,0.000223753417970041,0.000423146773014468,NA
"BAK1","BAK1","ENSG00000030110",0.732708312003108,8.51931102933362e-12,"green","Interferon_Response",0.784247175581536,0.621167610996748,13,4.02035338319552e-05,0.000223463802597641,0.000345095620171382,NA
"TREX1","TREX1","ENSG00000213689",0.654060523209118,3.81860851756386e-05,"green","Interferon_Response",0.723407886640744,0.393944301482088,12,0.00012200155316759,0.000221129286614322,0.000484548649992049,"defense response to virus"
"GIMAP4","GIMAP4","ENSG00000133574",0.429306665860545,4.01549024922395e-09,"green","Interferon_Response",0.840180605397018,0.568503512511549,4,0.000294761013758788,0.000211309546707895,0.000491401444192712,NA
"UNC93B1","UNC93B1","ENSG00000110057",0.672747730032668,1.13777505199957e-07,"green","Interferon_Response",0.791125783556803,0.524843397150052,9,4.76319795591475e-06,0.000209795934485999,0.00056678972899704,"defense response to virus"
"IL15RA","IL15RA","ENSG00000134470",0.869299775485712,2.13306684648447e-14,"green","Interferon_Response",0.819412527613037,0.655885597763472,16,9.67117658367161e-05,0.000206710779537081,0.000319494334893424,NA
"CMTR1","CMTR1","ENSG00000137200",0.558415945151776,2.58222383451391e-06,"green","Interferon_Response",0.842135130003141,0.473402184837346,17,0.000945103846374093,0.00019205340224804,0.000357181845578829,NA
"ATF5","ATF5","ENSG00000169136",0.871621139473476,2.60480710075935e-08,"green","Interferon_Response",0.772377689391479,0.500407597089334,9,0.000482935092576968,0.000191755955019309,0.000319415523531922,NA
"CNDP2","CNDP2","ENSG00000133313",0.36614557005413,9.53292372812048e-05,"green","Interferon_Response",0.698984738023094,0.389076590503593,10,0.000580904748991142,0.000189456372036005,0.000238948666965249,NA
"GTPBP1","GTPBP1","ENSG00000100226",0.294076242099105,0.00147706149473922,"green","Interferon_Response",0.684810639465996,0.350367552924323,9,0.00205736251462061,0.000183346607381934,0.000249455787461888,NA
"CTSF","CTSF","ENSG00000174080",-0.44897079261769,0.000261494528660222,"green","Interferon_Response",-0.64397661335236,-0.441202822020446,10,0.000152766870347408,0.000172666311269718,0.000256001351250905,NA
"CACNA1A","CACNA1A","ENSG00000141837",0.70154099688088,3.82427692941477e-05,"green","Interferon_Response",0.713488375550053,0.434941936707373,19,0.00304763464030848,0.000172462088526797,0.000161543287631528,NA
"TRIM38","TRIM38","ENSG00000112343",0.596185533122117,5.3781870857745e-11,"green","Interferon_Response",0.886655150814233,0.597957096574898,10,2.13504988777344e-05,0.000163784595787478,0.000417318082008525,"defense response to virus"
"TRIM32","TRIM32","ENSG00000119401",-0.538403209043384,1.19390809991941e-08,"green","Interferon_Response",-0.727714826379465,-0.584637126198915,17,0.00267810725084642,0.00016254779336999,0.000247223527002542,"defense response to virus"
"RNF114","RNF114","ENSG00000124226",0.344485369678197,1.99365202041309e-08,"green","Interferon_Response",0.746155959991425,0.556685187150616,9,8.24790506451165e-05,0.000156034047264642,0.000426278917963678,NA
"SP140","SP140","ENSG00000079263",0.765310703837791,8.26712539482724e-10,"green","Interferon_Response",0.88484136575309,0.564673545352019,12,9.08353830477075e-05,0.000155366671190152,0.000303804659750955,NA
"ATG3","ATG3","ENSG00000144848",0.935080261227988,1.11573234014461e-22,"green","Interferon_Response",0.847006367987048,0.747929100293634,22,0.00130634354707098,0.000153466954611561,0.000152507892451377,NA
"BCR","BCR","ENSG00000186716",-0.345837661557612,2.66671462912606e-07,"green","Interferon_Response",-0.633134924672526,-0.560645019465648,20,0.00162218713930349,0.000147852290523429,0.000192863832792086,NA
"RPS6KA2","RPS6KA2","ENSG00000071242",-0.64262847673743,3.60112378135248e-08,"green","Interferon_Response",-0.728717252756263,-0.572302748279104,12,0.00411995371347326,0.00014601945207764,0.000188258683544671,NA
"CALCOCO2","CALCOCO2","ENSG00000136436",0.446425260153751,1.11664698427294e-11,"green","Interferon_Response",0.889161736684347,0.623661399734292,18,0.00114733823679657,0.000139816571341402,0.000201343026091213,NA
"MRPL44","MRPL44","ENSG00000135900",0.724489647276939,9.28404989733793e-15,"green","Interferon_Response",0.848456661022309,0.663155767094684,21,0.00183200394464828,0.000130152006153831,0.000147028082772707,NA
"DCUN1D3","DCUN1D3","ENSG00000188215",0.349717344078731,5.50727002900934e-05,"green","Interferon_Response",0.760358603943153,0.426638546061942,12,0.00130621031131831,0.000126074709415981,0.000172713182527854,NA
"ACACB","ACACB","ENSG00000076555",-0.466256649046521,7.48741920917732e-06,"green","Interferon_Response",-0.74094329332686,-0.491917477723472,18,0.00110589780234297,0.000125202466472494,0.000104068606355832,NA
"RNF216","RNF216","ENSG00000011275",-0.339408721363268,5.53848226072034e-13,"green","Interferon_Response",-0.768397911552366,-0.669930126138288,10,0.00093572421850086,0.000124021018444147,0.000303628915509685,"defense response to virus"
"POLR1E","POLR1E","ENSG00000137054",-0.256441255470012,0.00513393410822825,"green","Interferon_Response",-0.639842344838371,-0.35322839089822,44,0.000894270360783389,0.000120940689589754,9.42955779657342e-05,NA
"TUBGCP6","TUBGCP6","ENSG00000128159",-0.216625978355967,0.000567865006401654,"green","Interferon_Response",-0.64847576119697,-0.427710461357276,8,0.000408323250830182,0.000120496656960781,0.000192176603677271,NA
"TRIM69","TRIM69","ENSG00000185880",0.743165741136054,1.76798703774964e-14,"green","Interferon_Response",0.9257286222064,0.662544797882946,10,0.000428447721527224,0.000113735424663377,0.000216876239965401,NA
"NTNG2","NTNG2","ENSG00000196358",0.942127076678523,3.80886889882634e-10,"green","Interferon_Response",0.81638489161377,0.617284671612219,4,0.000176939307298111,0.000112923248432955,9.53104618069321e-05,NA
"DGCR8","DGCR8","ENSG00000128191",-0.267251959991421,2.74434575936897e-05,"green","Interferon_Response",-0.682489748041918,-0.482775183817526,29,0.00157223776925535,0.000110735141561758,0.000103585382505569,NA
"TFG","TFG","ENSG00000114354",0.191791971094346,0.00165019569136129,"green","Interferon_Response",0.581524659414968,0.378806418875553,15,0.000600557437756108,0.000107968461553942,8.86572062491135e-05,NA
"PARP16","PARP16","ENSG00000138617",-0.481544093178119,1.75990192069098e-08,"green","Interferon_Response",-0.653716319604177,-0.570694627239434,9,8.06681668222393e-05,0.000107065710792002,0.000266814568766097,NA
"CSNK1E","CSNK1E","ENSG00000213923",-0.304706112393656,2.96371377690652e-06,"green","Interferon_Response",-0.745553256661846,-0.524137518395332,13,0.000582426010798613,0.000103568850148657,9.75765949903038e-05,NA
"GTPBP2","GTPBP2","ENSG00000172432",0.430797611767323,7.74930751222758e-05,"green","Interferon_Response",0.772394889404189,0.439097026214053,9,0.00146260842224618,0.000100920270420034,0.000176088739463583,NA
"APBA2","APBA2","ENSG00000034053",-0.589828960723088,6.12478425583179e-06,"green","Interferon_Response",-0.675990312948131,-0.523830942544211,7,0.000438967357960192,9.85039944927128e-05,9.21672974398444e-05,NA
"DISC1","DISC1","ENSG00000162946",0.526013457104786,1.5430928774748e-05,"green","Interferon_Response",0.645700693982157,0.411431122235373,26,0.00483775332204856,9.45878797726893e-05,7.40634516253164e-05,NA
"TRANK1","TRANK1","ENSG00000168016",0.46807809992266,4.84947937864447e-05,"green","Interferon_Response",0.746734734244172,0.431222549975112,5,4.55848004343374e-05,9.04214390428769e-05,0.000245009286624833,NA
"TTC22","TTC22","ENSG00000006555",-0.385803358671257,1.70274492460863e-05,"green","Interferon_Response",-0.658478214694977,-0.508995584868124,1,0,8.33072482661526e-05,0.00045668924609519,NA
"PATL1","PATL1","ENSG00000166889",0.305700539213142,0.000896506863961596,"green","Interferon_Response",0.73082235427074,0.377483751673448,10,0.000203708552956918,8.19188907122833e-05,7.96318316651033e-05,NA
"DNAJA1","DNAJA1","ENSG00000086061",0.598023669116436,1.30513020234355e-10,"green","Interferon_Response",0.808763497787173,0.600134890661619,22,0.0006274854366464,8.1911777197875e-05,8.10418033456878e-05,NA
"PRPS1","PRPS1","ENSG00000147224",-0.308067305227525,4.60543098263433e-07,"green","Interferon_Response",-0.707914578086926,-0.536891720223057,16,0.00123545866304891,7.77780987795659e-05,8.4563119293822e-05,NA
"MBD2","MBD2","ENSG00000134046",0.210612082655281,1.87180409264535e-05,"green","Interferon_Response",0.702785525966963,0.477041383299803,19,0.000232371212450348,7.76659898934882e-05,0.000107068228646433,NA
"BTN2A2","BTN2A2","ENSG00000124508",0.534372408681805,3.07879195875818e-11,"green","Interferon_Response",0.665060549346811,0.61152684426796,6,4.24576317828448e-06,7.6486517040751e-05,0.000159606357503724,NA
"UBE2F","UBE2F","ENSG00000184182",0.426035374665344,3.30785493826228e-05,"green","Interferon_Response",0.658997965689906,0.451504876304137,11,0.000887891352275938,7.16251736968713e-05,9.04303156074402e-05,"defense response to virus"
"CLEC2B","CLEC2B","ENSG00000110852",0.970812186664094,1.34048199879953e-12,"green","Interferon_Response",0.700481863799423,0.620895471890816,7,1.04060212152229e-05,7.1116851049382e-05,0.000183302260632856,NA
"GORASP1","GORASP1","ENSG00000114745",0.296514209765906,4.52514393743761e-05,"green","Interferon_Response",0.787266064187547,0.453917371425667,12,0.000644709014102305,6.65544827771199e-05,7.14778258611221e-05,NA
"MR1","MR1","ENSG00000153029",0.433860843216882,1.58021197828303e-08,"green","Interferon_Response",0.776271831346681,0.532152916852926,6,0,6.12093464396683e-05,0.000148583388481574,NA
"RUBCN","RUBCN","ENSG00000145016",0.276706704988622,0.00265472564248269,"green","Interferon_Response",0.705029356046347,0.314748832105458,7,0.00125057829552844,6.04236890171299e-05,0.000102968716914095,NA
"EIF4B","EIF4B","ENSG00000063046",-0.290765788914559,3.33075168961011e-06,"green","Interferon_Response",-0.680952049651799,-0.510398248569039,19,0.00078521133261832,5.9216002312901e-05,6.95428001636904e-05,NA
"SGPL1","SGPL1","ENSG00000166224",-0.264123994308759,2.69062711801415e-07,"green","Interferon_Response",-0.584061868134083,-0.552308713234974,10,0.00116720972778933,5.87519744951307e-05,7.04186212310784e-05,NA
"ERP44","ERP44","ENSG00000023318",0.570018642388197,6.43961185685677e-15,"green","Interferon_Response",0.90505169686346,0.683471349297835,14,0.00082485262341359,5.70685728317678e-05,5.80177174334248e-05,NA
"CARNS1","CARNS1","ENSG00000172508",-0.516037784811198,5.67811233216815e-05,"green","Interferon_Response",-0.652178857992632,-0.496914088738922,5,6.26838296893779e-05,5.58697641984642e-05,6.79497485265089e-05,NA
"INPP5E","INPP5E","ENSG00000148384",-0.306131971642096,0.000100158884650645,"green","Interferon_Response",-0.668902935527937,-0.460829633618408,10,0.000256539106259022,5.37703102687259e-05,6.56025618944912e-05,NA
"CBR1","CBR1","ENSG00000159228",0.676068415589051,5.87894029899355e-08,"green","Interferon_Response",0.667663984680265,0.483642856182789,7,0.000156282104631474,5.15413377001822e-05,7.73342250212259e-05,NA
"ZCCHC2","ZCCHC2","ENSG00000141664",0.726517442884804,1.83111920816623e-05,"green","Interferon_Response",0.77170699091262,0.451970443353882,3,0.00122923790618929,4.43845862194929e-05,0.000198686338199202,NA
"KCND1","KCND1","ENSG00000102057",0.558588780251645,8.87702440669496e-05,"green","Interferon_Response",0.693541931023105,0.442761753519074,3,0,4.09102511927243e-05,0.000176098876271603,NA
"PANK2","PANK2","ENSG00000125779",0.355465646051635,9.05864954906461e-07,"green","Interferon_Response",0.782044213179595,0.510713788201916,10,0.000260887497548694,4.06272769533663e-05,5.22526687264367e-05,NA
"DGKD","DGKD","ENSG00000077044",-0.27562389520958,7.6502601958198e-06,"green","Interferon_Response",-0.654908101156365,-0.491219161763593,10,0.00039128956991019,3.95620712521536e-05,4.84287086537293e-05,NA
"ZNF395","ZNF395","ENSG00000186918",-0.438388482911362,3.07551195019435e-07,"green","Interferon_Response",-0.719877592840236,-0.528460070128962,3,1.15175154170422e-05,3.88023141546461e-05,0.000158417160892373,NA
"STOML1","STOML1","ENSG00000067221",0.805491345118316,1.05497599232352e-09,"green","Interferon_Response",0.736355502484612,0.551694330528702,13,0.000292638221819385,3.82367840839161e-05,3.89650487270028e-05,NA
"AGPAT3","AGPAT3","ENSG00000160216",0.405053927215025,1.34980065708516e-07,"green","Interferon_Response",0.73321939435102,0.52263330712809,9,0.000201037511312704,3.66723488277287e-05,4.30638757843174e-05,NA
"TPPP","TPPP","ENSG00000171368",-0.849598763135576,1.21844501586262e-06,"green","Interferon_Response",-0.635319911025992,-0.561733423600474,5,0.000113076630668355,3.5450977388127e-05,5.79014790378347e-05,NA
"ADAMTSL4","ADAMTSL4","ENSG00000143382",0.577026040830496,1.33907342260234e-07,"green","Interferon_Response",0.788867076555925,0.542030598907598,3,0.000131265335600464,3.46413919285224e-05,7.38500252534668e-05,NA
"CREG1","CREG1","ENSG00000143162",0.76307023555262,3.96517750598713e-14,"green","Interferon_Response",0.775804799457818,0.676778899861278,4,2.10674600881568e-05,3.03463391082614e-05,9.78487309156146e-05,NA
"AIG1","AIG1","ENSG00000146416",0.484394015627011,8.35088372544009e-06,"green","Interferon_Response",0.661103717169984,0.483945637802171,2,2.31909825454577e-05,3.02289425836045e-05,9.77785180129794e-05,NA
"PLCH2","PLCH2","ENSG00000149527",-0.497995706653627,4.80272277830732e-07,"green","Interferon_Response",-0.690757769722424,-0.550122534045825,6,0.000123809705825598,2.8974374525824e-05,5.00546294870134e-05,NA
"MOB3C","MOB3C","ENSG00000142961",0.435052760037292,8.15876475832452e-07,"green","Interferon_Response",0.796069502656105,0.507722303307472,2,2.19054742861054e-05,2.73814440309386e-05,6.16050602412655e-05,NA
"LACTB","LACTB","ENSG00000103642",0.791005571765113,1.20115109006896e-17,"green","Interferon_Response",0.824418587613903,0.70879656466118,3,0.0012420186022512,2.72935379288354e-05,6.30249947929677e-05,NA
"SGSM2","SGSM2","ENSG00000141258",-0.182873393476694,0.00214841886324288,"green","Interferon_Response",-0.68131898461874,-0.385921271807068,5,0.00021525949133575,2.51573653945469e-05,3.21682829160207e-05,NA
"SIPA1L1","SIPA1L1","ENSG00000197555",0.399173837387237,6.82885434939072e-05,"green","Interferon_Response",0.667401981772274,0.448771337557206,5,0.00125584145773392,2.35159464753919e-05,2.69892190101873e-05,NA
"TTC12","TTC12","ENSG00000149292",-0.385335082276759,0.000699665917354262,"green","Interferon_Response",-0.6245642452855,-0.402191403434665,4,7.44366029784552e-05,2.32512923654576e-05,4.79786047088366e-05,NA
"SGSM1","SGSM1","ENSG00000167037",-0.507932282191602,0.000162756127380063,"green","Interferon_Response",-0.645070754933658,-0.479438854290296,3,7.16733105023441e-06,2.19889246006562e-05,3.287872108296e-05,NA
"WSB2","WSB2","ENSG00000176871",0.515680431898328,8.22172509503901e-11,"green","Interferon_Response",0.697800350620023,0.614185808458372,9,0.00139564171686947,2.17976491384422e-05,3.73657849755238e-05,NA
"ASPHD2","ASPHD2","ENSG00000128203",0.933303247389318,4.53473111649621e-14,"green","Interferon_Response",0.853513758029976,0.629428120349018,2,1.92309453120157e-05,2.07709306514049e-05,4.97576116798734e-05,NA
"CYB561","CYB561","ENSG00000008283",0.571899003296743,8.29881627188824e-09,"green","Interferon_Response",0.62341898670509,0.553763592663204,1,0,1.95024162273265e-05,8.0813822578957e-05,NA
"RSPH9","RSPH9","ENSG00000172426",0.710387174405015,0.000176254421157349,"green","Interferon_Response",0.631358471485815,0.368911329895471,7,0.0013586414132439,1.92340394016156e-05,3.26236703930287e-05,NA
"DNAJC1","DNAJC1","ENSG00000136770",0.697596910381726,4.05793000731941e-12,"green","Interferon_Response",0.768716594903279,0.624216119642267,4,1.3872864356409e-06,1.65287603059726e-05,3.21066278863209e-05,NA
"TTC21A","TTC21A","ENSG00000168026",0.574537978495973,0.0368874964207829,"green","Interferon_Response",0.520571782061106,0.249932960797456,3,9.77655986553742e-05,1.50138071497363e-05,2.1630066568807e-05,NA
"ZNF398","ZNF398","ENSG00000197024",-0.501462306132875,3.75440450198667e-14,"green","Interferon_Response",-0.725594060624035,-0.66926602855038,5,0.00022929990507258,1.4686127008938e-05,2.48359758211108e-05,NA
"CNIH4","CNIH4","ENSG00000143771",0.837105052740661,7.08997398703523e-29,"green","Interferon_Response",0.817996850743462,0.794149281675263,3,7.07287935689089e-05,1.4252608832612e-05,2.32066345249198e-05,NA
"ITFG1","ITFG1","ENSG00000129636",0.284688847057668,3.18270219830439e-06,"green","Interferon_Response",0.714243749811448,0.495375188159991,4,0.000125514199933619,1.36015627844597e-05,2.84873023828454e-05,NA
"ANKS3","ANKS3","ENSG00000168096",-0.253280789245234,0.00341640543148389,"green","Interferon_Response",-0.622347233627727,-0.372813239337174,4,2.57129453444897e-05,1.30633956399095e-05,2.51544699960644e-05,NA
"CLCF1","CLCF1","ENSG00000175505",-0.299470390683086,0.00651151005436302,"green","Interferon_Response",-0.661117752092361,-0.370821091356333,1,0,1.26708839779762e-05,4.45918417538157e-05,NA
"SNX20","SNX20","ENSG00000167208",0.363500944661047,2.57108868217981e-05,"green","Interferon_Response",0.684979975147198,0.482934644488743,5,0.000888199093374047,1.25630318598504e-05,2.71350778056171e-05,NA
"SLC26A11","SLC26A11","ENSG00000181045",-0.243818410989147,0.00756625608053531,"green","Interferon_Response",-0.67225665073456,-0.364719829266085,1,0,1.229723668606e-05,9.67969955186692e-05,NA
"MOAP1","MOAP1","ENSG00000165943",-0.290781736845141,4.17582588288152e-05,"green","Interferon_Response",-0.657065995587005,-0.438059452655079,2,0.000111120697810946,1.15604567842395e-05,3.64723996801248e-05,NA
"TXNL4B","TXNL4B","ENSG00000140830",0.404796993710208,9.87156967846034e-08,"green","Interferon_Response",0.638997646664885,0.533571569314366,6,1.8787524996666e-05,1.03063113231546e-05,1.7510785709055e-05,NA
"ACOT9","ACOT9","ENSG00000123130",0.68381659553123,2.0927131476609e-11,"green","Interferon_Response",0.90375081433053,0.637857247798584,3,4.13466881227153e-05,8.69914662112687e-06,1.85706323044458e-05,NA
"ZNF365","ZNF365","ENSG00000138311",-0.767798559853441,0.000126200694516199,"green","Interferon_Response",-0.684748368004047,-0.465333716096283,3,4.16218781730009e-06,8.66788192523475e-06,2.39253230421521e-05,NA
"SOX13","SOX13","ENSG00000143842",-0.494785244625163,0.000159974646818916,"green","Interferon_Response",-0.546236720373879,-0.45984639462968,2,0,8.52353443001548e-06,2.86341004012039e-05,NA
"SRBD1","SRBD1","ENSG00000068784",0.623743762966932,1.00041879068217e-16,"green","Interferon_Response",0.824630853435864,0.706811606600193,6,0.00127332061226886,8.44774386066846e-06,1.7282298263911e-05,NA
"KIAA0319L","KIAA0319L","ENSG00000142687",0.38513401810815,0.000522308497008398,"green","Interferon_Response",0.713271488673457,0.367267587885068,2,5.86610948108884e-05,8.0944604187063e-06,1.76023626715152e-05,NA
"ASB1","ASB1","ENSG00000065802",-0.238659308782258,1.37956782638256e-05,"green","Interferon_Response",-0.699706127137229,-0.482137382834675,3,1.95720211859698e-06,7.76848146742668e-06,2.14757569077923e-05,NA
"TMEM268","TMEM268","ENSG00000157693",0.66666362152306,2.88996786780102e-09,"green","Interferon_Response",0.821244019414113,0.562114932444307,1,0,5.60668168998574e-06,2.93481232436969e-05,NA
"ABHD15","ABHD15","ENSG00000168792",-0.297248588697565,2.18757306598385e-05,"green","Interferon_Response",-0.609200387446221,-0.470916948072784,1,0,4.76783284317603e-06,1.59597323939021e-05,NA
"ZNF496","ZNF496","ENSG00000162714",0.4793418642148,0.000112280341985373,"green","Interferon_Response",0.678170062928416,0.359845120147839,2,3.1911239022507e-06,3.68579800498338e-06,1.43570996194408e-05,NA
"MAD2L1BP","MAD2L1BP","ENSG00000124688",0.507159320989518,4.4611933572455e-07,"green","Interferon_Response",0.778676782834314,0.529726912599221,1,0,3.59650903731401e-06,1.71576540936487e-05,NA
"RHBDF2","RHBDF2","ENSG00000129667",0.881046766090642,2.7460069496217e-17,"green","Interferon_Response",0.892927471430472,0.696537841092776,1,0,2.94375968372808e-06,9.77999622682676e-06,NA
"LYRM1","LYRM1","ENSG00000102897",0.882919052006715,3.92395886089688e-19,"green","Interferon_Response",0.867305659101349,0.708160999366998,1,0,2.83071293131004e-06,1.15958971549667e-05,NA
"CNNM3","CNNM3","ENSG00000168763",-0.469797013252363,1.95030562620924e-11,"green","Interferon_Response",-0.792899227933168,-0.646881489864568,2,0,2.27293660315271e-06,5.15384246084441e-06,NA
"FAM219B","FAM219B","ENSG00000178761",-0.166221097367217,0.0030472738721104,"green","Interferon_Response",-0.689077107554963,-0.391025333985096,2,0,2.06133171627171e-06,6.67127868270122e-06,NA
"FAM168B","FAM168B","ENSG00000152102",-0.460562091042835,2.91207943858889e-15,"green","Interferon_Response",-0.831307729725112,-0.69868779932553,1,0,1.21098050762145e-06,6.2276308287955e-06,NA
"SBK1","SBK1","ENSG00000188322",-0.565599439448509,2.69479337188e-09,"green","Interferon_Response",-0.672985224807206,-0.611103016358092,1,0,9.46090211642917e-07,4.79782964915831e-06,NA
"COCH","COCH","ENSG00000100473",-0.807324219873244,0.000671800275718592,"green","Interferon_Response",-0.635963504304257,-0.460719871273898,1,0,0,0,NA
"OVGP1",NA,"ENSG00000085465",-0.628066194345316,7.74930751222758e-05,"green","Interferon_Response",-0.707498125656781,-0.502074441114395,NA,NA,NA,NA,NA
"TBC1D8",NA,"ENSG00000204634",0.382942625360112,0.000409160915564519,"green","Interferon_Response",0.601818192193734,0.351927067753956,NA,NA,NA,NA,NA
NA,NA,"ENSG00000229331",1.25174838154441,1.16591927725612e-08,"green","Interferon_Response",0.638403646748893,0.526506678151433,NA,NA,NA,NA,NA
"CFAP58-DT",NA,"ENSG00000231233",1.37450912806779,6.95163996889808e-13,"green","Interferon_Response",0.761813457849033,0.642842956347027,NA,NA,NA,NA,NA
"ZDHHC11B",NA,"ENSG00000206077",-0.874755639225893,0.00043835413116924,"green","Interferon_Response",-0.625971328284905,-0.441362328120976,NA,NA,NA,NA,"defense response to virus"
NA,NA,"ENSG00000253193",3.06142737097073,7.05449500673788e-23,"green","Interferon_Response",0.694407835755548,0.68350148731336,NA,NA,NA,NA,NA
NA,NA,"ENSG00000234518",0.99472704144298,8.94121679631811e-15,"green","Interferon_Response",0.733362708976216,0.664237808183421,NA,NA,NA,NA,NA
"IFFO2",NA,"ENSG00000169991",-0.571747221983477,1.34048199879953e-12,"green","Interferon_Response",-0.80426725113838,-0.677813093087,NA,NA,NA,NA,NA
NA,NA,"ENSG00000171101",-0.506545302700016,0.00143410316123551,"green","Interferon_Response",-0.637899086969649,-0.435558144835266,NA,NA,NA,NA,NA
"HCP5",NA,"ENSG00000206337",0.438691171924507,1.0308298115521e-07,"green","Interferon_Response",0.677295335027506,0.537019388620504,NA,NA,NA,NA,NA
NA,NA,"ENSG00000152022",-0.512458656089291,3.35530640573298e-13,"green","Interferon_Response",-0.810446232275342,-0.686474683565119,NA,NA,NA,NA,NA
NA,NA,"ENSG00000225964",1.24871199766446,8.77520407255372e-05,"green","Interferon_Response",0.704558904681623,0.458184882191201,NA,NA,NA,NA,NA
NA,NA,"ENSG00000272821",1.42744989223167,1.56479996396162e-15,"green","Interferon_Response",0.864179568486301,0.642728435127282,NA,NA,NA,NA,NA
NA,NA,"ENSG00000234571",3.01015440317628,1.07903882426254e-20,"green","Interferon_Response",0.605722604336166,0.673010040006473,NA,NA,NA,NA,NA
NA,NA,"ENSG00000225492",3.94134521853129,4.84593414314535e-24,"green","Interferon_Response",0.864820539732908,0.623029735118297,NA,NA,NA,NA,NA
NA,NA,"ENSG00000258521",1.15859612693157,4.62775551346567e-08,"green","Interferon_Response",0.628479327510606,0.475206830848503,NA,NA,NA,NA,NA
NA,NA,"ENSG00000255328",2.14299487181035,2.49595940309674e-13,"green","Interferon_Response",0.741943175529552,0.570617702608738,NA,NA,NA,NA,NA
"HSPA7",NA,"ENSG00000225217",1.67083536635323,1.67208161679742e-18,"green","Interferon_Response",0.654850194613691,0.661434724215193,NA,NA,NA,NA,NA
NA,NA,"ENSG00000225886",1.80523138859907,5.80369290680492e-08,"green","Interferon_Response",0.797082864042168,0.530911275936278,NA,NA,NA,NA,NA
NA,NA,"ENSG00000255221",2.97721200584888,1.11784543595694e-19,"green","Interferon_Response",0.830766127118198,0.679862585286589,NA,NA,NA,NA,NA
NA,NA,"ENSG00000270972",2.0673356955013,1.37150402289211e-11,"green","Interferon_Response",0.767812877691133,0.554362070131061,NA,NA,NA,NA,NA
"CIMAP1B",NA,"ENSG00000177989",1.60105962014612,2.52516618795259e-22,"green","Interferon_Response",0.931386863127724,0.746801928044892,NA,NA,NA,NA,NA
NA,NA,"ENSG00000269640",0.950937635340104,3.84832894072081e-19,"green","Interferon_Response",0.926914191546777,0.720202785040928,NA,NA,NA,NA,NA
NA,NA,"ENSG00000272065",0.839162538895633,4.80272277830732e-07,"green","Interferon_Response",0.713578857228793,0.506173251326637,NA,NA,NA,NA,NA
"KLHDC7B-DT",NA,"ENSG00000272666",1.37138566172727,1.45621312515198e-12,"green","Interferon_Response",0.784880353428814,0.643395442042533,NA,NA,NA,NA,NA
NA,NA,"ENSG00000272941",0.734199754880489,4.62702712861932e-06,"green","Interferon_Response",0.687551227110486,0.493171286651747,NA,NA,NA,NA,NA
"BAIAP3",NA,"ENSG00000007516",-0.685913580798033,8.07752592177875e-05,"green","Interferon_Response",-0.64018666585084,-0.508511033403264,NA,NA,NA,NA,NA
"WDR86-AS1",NA,"ENSG00000243836",-0.680287177173852,0.000250293078011322,"green","Interferon_Response",-0.652838422121206,-0.471042398021619,NA,NA,NA,NA,NA
NA,NA,"ENSG00000260943",2.13640331891528,1.60805820453639e-22,"green","Interferon_Response",0.895224493332527,0.708028050901007,NA,NA,NA,NA,NA
"ZNF875",NA,"ENSG00000181666",-0.272670329301404,0.000299023838798177,"green","Interferon_Response",-0.657821650693961,-0.44410811267221,NA,NA,NA,NA,NA
NA,NA,"ENSG00000260336",0.377064512480139,5.78819433569829e-11,"green","Interferon_Response",0.776265534845157,0.622842826474235,NA,NA,NA,NA,NA
"DOCK8-AS1",NA,"ENSG00000183784",0.975558703386053,1.43529473733219e-10,"green","Interferon_Response",0.685940704394586,0.623959603010599,NA,NA,NA,NA,NA
NA,NA,"ENSG00000269837",-0.521448367771608,1.42677642837759e-05,"green","Interferon_Response",-0.674643364588406,-0.501213163379956,NA,NA,NA,NA,NA
NA,NA,"ENSG00000261884",0.626669701197693,8.94121679631811e-15,"green","Interferon_Response",0.646607364297863,0.674529556029175,NA,NA,NA,NA,NA
"RNF213-AS1",NA,"ENSG00000263069",1.0873473668141,1.37005908401119e-08,"green","Interferon_Response",0.672225719879169,0.488565780326281,NA,NA,NA,NA,NA
NA,NA,"ENSG00000272914",1.49233732750754,7.32106391979942e-19,"green","Interferon_Response",0.692536632125487,0.664792843717674,NA,NA,NA,NA,NA
"MRFAP1L2",NA,"ENSG00000170846",-0.322150596492327,0.00167257914739057,"green","Interferon_Response",-0.676965133898145,-0.394501811693238,NA,NA,NA,NA,NA
"MEG3",NA,"ENSG00000214548",-1.75375136587539,0.000283925801324616,"green","Interferon_Response",-0.56585704631144,-0.568235467470383,NA,NA,NA,NA,NA
"FITM2",NA,"ENSG00000197296",-0.379864028042786,4.16558148756466e-05,"green","Interferon_Response",-0.733807638304481,-0.476585362223961,NA,NA,NA,NA,NA
"MATCAP1",NA,"ENSG00000196123",0.629060703907113,1.48674904809243e-06,"green","Interferon_Response",0.753056350948744,0.465529533233447,NA,NA,NA,NA,NA
"LYSMD2",NA,"ENSG00000140280",0.640132510057298,1.58244320231168e-09,"green","Interferon_Response",0.840834505429281,0.588635648072675,NA,NA,NA,NA,NA
NA,NA,"ENSG00000229754",0.997055744280826,7.36347180103788e-09,"green","Interferon_Response",0.72224028030842,0.505545026047534,NA,NA,NA,NA,NA
"HMGB3P29",NA,"ENSG00000254503",0.687468104267278,3.10825533056066e-08,"green","Interferon_Response",0.792131893985083,0.534621673613,NA,NA,NA,NA,NA
NA,NA,"ENSG00000254667",0.977947642054379,3.94843034227293e-06,"green","Interferon_Response",0.628976472504167,0.393454842047739,NA,NA,NA,NA,NA
NA,NA,"ENSG00000232815",0.733173928481913,2.25050058233876e-07,"green","Interferon_Response",0.713255524789572,0.489099021290671,NA,NA,NA,NA,NA
NA,NA,"ENSG00000197536",0.785982249207699,7.00632392494716e-14,"green","Interferon_Response",0.764708025633593,0.666686879480413,NA,NA,NA,NA,NA
"FLVCR2",NA,"ENSG00000119686",1.03890462565121,1.76798703774964e-14,"green","Interferon_Response",0.784834227041345,0.631027164454586,NA,NA,NA,NA,NA
NA,NA,"ENSG00000198019",2.33655261521629,5.51855708518436e-37,"green","Interferon_Response",0.867751246956245,0.803354851528383,NA,NA,NA,NA,NA
NA,NA,"ENSG00000130489",1.67852597328787,3.30114728802894e-17,"green","Interferon_Response",0.873459724395943,0.655835397122129,NA,NA,NA,NA,NA
"FAM200B","FAM200B","ENSG00000237765",0.440932786655835,1.14551849628203e-08,"purple","Ribosome_Biogenesis_Chromatin",-0.71256377645497,0.601364907798596,1,0,0.00210970463349095,0.00210970463349095,NA
"NFATC1","NFATC1","ENSG00000131196",-0.337794628618273,2.08456076806165e-06,"purple","Ribosome_Biogenesis_Chromatin",0.688561970145965,-0.514758153402214,33,0.00258856340695489,0.0019049708368521,0.000552003479425356,NA
"OSBP","OSBP","ENSG00000110048",-0.294550391948681,1.31548073815248e-07,"purple","Ribosome_Biogenesis_Chromatin",0.756373043978763,-0.572751406808812,13,0.00135977218723712,0.0015234947490528,0.000885610458545298,NA
"EXOC2","EXOC2","ENSG00000112685",-0.254271028179614,1.98210358931469e-05,"purple","Ribosome_Biogenesis_Chromatin",0.694548990935483,-0.478208205414067,20,0.00594647545369237,0.00145285913832683,0.000737163482483972,NA
"HSP90AB1","HSP90AB1","ENSG00000096384",-0.299867355380708,0.000461194427077537,"purple","Ribosome_Biogenesis_Chromatin",0.684014405373481,-0.445530037018303,132,0.0460313213205011,0.00133173030052834,0.000548868028503001,"ribonucleoprotein complex biogenesis"
"NCL","NCL","ENSG00000115053",-0.245520259716395,0.000973212306599299,"purple","Ribosome_Biogenesis_Chromatin",0.567266647775984,-0.402054320406634,73,0.00999350152850975,0.00125826006395524,0.000497990215956115,NA
"PARP1","PARP1","ENSG00000143799",-0.374516502611137,8.38771174570743e-07,"purple","Ribosome_Biogenesis_Chromatin",0.854732962814708,-0.536108379362029,104,0.0157608141227684,0.000948130658627976,0.000515038798531456,NA
"FASN","FASN","ENSG00000169710",-0.495521935621345,2.88866253392189e-10,"purple","Ribosome_Biogenesis_Chromatin",0.819131564314945,-0.61750350255146,44,0.0104946801766476,0.000866088689237462,0.00034934376670304,NA
"ZNF142","ZNF142","ENSG00000115568",-0.344272548088098,1.90392899219068e-07,"purple","Ribosome_Biogenesis_Chromatin",0.791825912744813,-0.553212114804633,4,0.000356136264606525,0.000851157159724189,0.000612706713076035,NA
"SUMO1","SUMO1","ENSG00000116030",0.365096524567818,1.10232992766799e-06,"purple","Ribosome_Biogenesis_Chromatin",-0.795285141908348,0.508193631454209,76,0.00765721735623446,0.000830624786700196,0.00048187892541413,NA
"ALDH18A1","ALDH18A1","ENSG00000059573",-0.441734491806083,5.62958441335766e-09,"purple","Ribosome_Biogenesis_Chromatin",0.805836432393718,-0.583302317581974,54,0.0162242210914406,0.000737575857721667,0.000315993011111638,NA
"RPA1","RPA1","ENSG00000132383",-0.415225033452135,2.39685181006424e-12,"purple","Ribosome_Biogenesis_Chromatin",0.82119381214908,-0.655944551545773,51,0.00236338595375986,0.000611823327967721,0.00046691776079896,NA
"ST6GAL1","ST6GAL1","ENSG00000073849",-0.545104213082885,6.44695756346761e-13,"purple","Ribosome_Biogenesis_Chromatin",0.887184215790943,-0.670813014011546,15,0.00336126947742291,0.000611469335113647,0.000422276965315758,NA
"HSPA9","HSPA9","ENSG00000113013",-0.305185262641833,1.36873625841603e-08,"purple","Ribosome_Biogenesis_Chromatin",0.790549774233501,-0.595239705715136,64,0.0136419766296048,0.000596888750629989,0.000320349555345569,NA
"HUWE1","HUWE1","ENSG00000086758",-0.473644861474483,2.89556030439353e-11,"purple","Ribosome_Biogenesis_Chromatin",0.911997239197925,-0.643365812685932,46,0.0069261263404942,0.000565430195336964,0.000361539007773258,NA
"DHX9","DHX9","ENSG00000135829",-0.24722027842608,7.79350825953243e-07,"purple","Ribosome_Biogenesis_Chromatin",0.704873812447567,-0.535418167536667,71,0.00516009395645777,0.000546577139453075,0.00039187857621496,"ribonucleoprotein complex biogenesis"
"DDB1","DDB1","ENSG00000167986",-0.27445213351016,0.000146594073219613,"purple","Ribosome_Biogenesis_Chromatin",0.760233233829692,-0.455990374501771,71,0.00895714258146928,0.000538061752336873,0.000364795454577158,NA
"DNMT1","DNMT1","ENSG00000130816",-0.3515207705576,7.4918714876858e-08,"purple","Ribosome_Biogenesis_Chromatin",0.824794287385297,-0.561050052237267,62,0.00797483295555582,0.000534929023118853,0.000338420574810037,NA
"EZR","EZR","ENSG00000092820",-0.315400531930833,5.08921655218124e-07,"purple","Ribosome_Biogenesis_Chromatin",0.686060305764734,-0.552998210054595,44,0.0084510557642312,0.000524157498582334,0.000246640825943746,NA
"EPRS1","EPRS1","ENSG00000136628",-0.357222438736126,2.6572332355147e-08,"purple","Ribosome_Biogenesis_Chromatin",0.76475078863154,-0.577415534760418,71,0.0160145745232124,0.000491659437965571,0.000285137836035857,NA
"FNBP1","FNBP1","ENSG00000187239",-0.321157218746546,2.77881469485552e-08,"purple","Ribosome_Biogenesis_Chromatin",0.805258654984117,-0.579001440270963,14,0.00084714273817744,0.000488692642645604,0.000300239129366331,NA
"PIK3R4","PIK3R4","ENSG00000196455",-0.256245422811792,0.00078052062598647,"purple","Ribosome_Biogenesis_Chromatin",0.610316712065943,-0.412636443274279,24,0.00200899484517398,0.000484296664131784,0.000317068287576325,NA
"RNF4","RNF4","ENSG00000063978",-0.232066002179272,8.71292175626704e-07,"purple","Ribosome_Biogenesis_Chromatin",0.653502322988297,-0.525307449158905,47,0.00350666458434176,0.00046695187100559,0.00036970128374,NA
"HTT","HTT","ENSG00000197386",-0.287987527048768,1.89120901133819e-06,"purple","Ribosome_Biogenesis_Chromatin",0.825003144264755,-0.520489460748563,64,0.0121574856332841,0.000460082473378933,0.000247957070704193,NA
"USP7","USP7","ENSG00000187555",-0.242131339653703,3.00870180807987e-06,"purple","Ribosome_Biogenesis_Chromatin",0.696683224924366,-0.51590538948637,55,0.00628902506597793,0.00045844899445381,0.000347848240244896,NA
"SUMO2","SUMO2","ENSG00000188612",0.335129942380185,2.03443126014533e-05,"purple","Ribosome_Biogenesis_Chromatin",-0.713468417655123,0.454847128771053,84,0.010500839202604,0.000443363822151558,0.000274615061944162,NA
"SUPT16H","SUPT16H","ENSG00000092201",-0.221624039719111,2.13579473013028e-05,"purple","Ribosome_Biogenesis_Chromatin",0.663348247831657,-0.480250764305372,65,0.0080835816036747,0.0004369337137768,0.000250464930293259,NA
"RFC1","RFC1","ENSG00000035928",-0.305431371568201,2.08456076806165e-06,"purple","Ribosome_Biogenesis_Chromatin",0.688622809431289,-0.518179235267068,30,0.000337522505682357,0.000426365758409693,0.000369054104365519,NA
"RPTOR","RPTOR","ENSG00000141564",-0.429560128380997,2.40351060650316e-07,"purple","Ribosome_Biogenesis_Chromatin",0.777066950666293,-0.529441936596051,45,0.0103974910305868,0.000413884078007514,0.000219870763687754,NA
"MDC1","MDC1","ENSG00000137337",-0.705116298168844,2.89556030439353e-11,"purple","Ribosome_Biogenesis_Chromatin",0.856879435191794,-0.644431535297961,60,0.00678023697738391,0.000413295616446169,0.000256261120630702,NA
"GCN1","GCN1","ENSG00000089154",-0.446154215386626,1.9458106551222e-14,"purple","Ribosome_Biogenesis_Chromatin",0.931174065037033,-0.689186238217231,33,0.00348597406499671,0.000406011408028768,0.000236942693328671,NA
"POLR2A","POLR2A","ENSG00000181222",-0.334719330448871,0.00847808118656128,"purple","Ribosome_Biogenesis_Chromatin",0.61095898516247,-0.329344078216234,73,0.0105197486177675,0.000398346528264085,0.00024098246552141,NA
"CASP2","CASP2","ENSG00000106144",-0.261830128508628,0.000159842516902841,"purple","Ribosome_Biogenesis_Chromatin",0.684697559211103,-0.452873525162749,26,0.00235995945258408,0.000381930491444006,0.0004197242000212,NA
"SPN","SPN","ENSG00000197471",-0.549944492266628,2.28714781425212e-12,"purple","Ribosome_Biogenesis_Chromatin",0.734568950570188,-0.66948218640076,31,0.00215448488718891,0.000373173709714768,0.000384725319843811,NA
"SIN3A","SIN3A","ENSG00000169375",-0.470751835980545,7.53120560936214e-13,"purple","Ribosome_Biogenesis_Chromatin",0.853689636843898,-0.676871860445747,61,0.00464701503936126,0.000364097680118492,0.000224803332288844,NA
"SIMC1","SIMC1","ENSG00000170085",-0.306693626937145,0.000380931407328902,"purple","Ribosome_Biogenesis_Chromatin",0.751779996674514,-0.407389914531438,5,0.000154467144433568,0.000357505873909854,0.000386922718065424,NA
"ESYT1","ESYT1","ENSG00000139641",-0.516231357213187,1.707674758336e-10,"purple","Ribosome_Biogenesis_Chromatin",0.852602097135572,-0.623313491023989,13,0.00180765377103835,0.000353076169187012,0.00029015854064678,NA
"FLNB","FLNB","ENSG00000136068",-0.640430557209236,2.9535583449868e-09,"purple","Ribosome_Biogenesis_Chromatin",0.820589581571687,-0.600572797118394,26,0.00432306355554195,0.000352836929508225,0.000351109151042702,NA
"BRD2","BRD2","ENSG00000204256",-0.187654804348533,0.000311994311492152,"purple","Ribosome_Biogenesis_Chromatin",0.652263608173834,-0.426091158056149,46,0.00282236309024793,0.000340522580031539,0.000294075201961386,NA
"PRDX3","PRDX3","ENSG00000165672",0.258892389369056,3.75719572421135e-05,"purple","Ribosome_Biogenesis_Chromatin",-0.633150946099719,0.456706398058315,22,0.000839012477837037,0.0003252663393318,0.000282004773919806,NA
"SPTAN1","SPTAN1","ENSG00000197694",-0.625525580231185,1.61502425545073e-12,"purple","Ribosome_Biogenesis_Chromatin",0.894072235143566,-0.653841715981275,26,0.00247008734685665,0.000314627957322996,0.000201065154175711,NA
"SF3B3","SF3B3","ENSG00000189091",-0.381535604989696,1.01879932589045e-06,"purple","Ribosome_Biogenesis_Chromatin",0.847301207694712,-0.542495463599427,48,0.00542258024765953,0.000313972017477586,0.000157462087069704,"ribonucleoprotein complex biogenesis"
"DROSHA","DROSHA","ENSG00000113360",-0.394796698600668,4.30951474424586e-06,"purple","Ribosome_Biogenesis_Chromatin",0.817394273668,-0.517792235269662,53,0.00516212482983156,0.000296536769831598,0.000246108818216773,"ribonucleoprotein complex biogenesis"
"EIF5B","EIF5B","ENSG00000158417",-0.34860185519382,1.00429471251032e-05,"purple","Ribosome_Biogenesis_Chromatin",0.740591957382517,-0.491304322039186,42,0.00325942279020371,0.000296220322592268,0.00021745761102988,"ribonucleoprotein complex biogenesis"
"RRM1","RRM1","ENSG00000167325",-0.304491331564136,5.96641121904121e-06,"purple","Ribosome_Biogenesis_Chromatin",0.705911455150549,-0.503903033280944,45,0.0056450188398239,0.000289269290046485,0.000195799751517129,NA
"PDCD11","PDCD11","ENSG00000148843",-0.436678067840732,1.38526408033325e-10,"purple","Ribosome_Biogenesis_Chromatin",0.839799441991052,-0.632773067468685,74,0.00645480021581868,0.00028719091388067,0.000170973150430428,"ribonucleoprotein complex biogenesis"
"EXOSC10","EXOSC10","ENSG00000171824",-0.227158658528196,0.000355889776577686,"purple","Ribosome_Biogenesis_Chromatin",0.739024476992156,-0.434560250667163,60,0.00488322405633781,0.000286392154865482,0.000239964291899995,"ribonucleoprotein complex biogenesis"
"SMARCC2","SMARCC2","ENSG00000139613",-0.40005450938648,1.87432331614279e-08,"purple","Ribosome_Biogenesis_Chromatin",0.901827900903937,-0.582829034012016,32,0.00104009872582409,0.000280599202667627,0.000220361475178132,NA
"VHL","VHL","ENSG00000134086",0.109970387897592,0.173693429572027,"purple","Ribosome_Biogenesis_Chromatin",-0.369417408346897,0.179514008559783,28,0.00193599721989417,0.000271361214411713,0.00033312886783895,NA
"SELENOF","SELENOF","ENSG00000183291",0.281961570599594,5.94639849601657e-07,"purple","Ribosome_Biogenesis_Chromatin",-0.795630668357056,0.531929721354141,4,8.85771881739904e-05,0.000269245461528784,0.000393935949680608,NA
"MCM3","MCM3","ENSG00000112118",-0.34208932042807,1.12293427136033e-06,"purple","Ribosome_Biogenesis_Chromatin",0.762556370481631,-0.5278381560262,40,0.00145314010070024,0.000268821657990677,0.000177643290910098,NA
"SMARCA2","SMARCA2","ENSG00000080503",-0.441084899002593,1.63306777893835e-09,"purple","Ribosome_Biogenesis_Chromatin",0.798491543320991,-0.601508601150709,39,0.00103656542605882,0.000264406248414889,0.000187239913281924,NA
"GTF2B","GTF2B","ENSG00000137947",0.517314740725113,8.26712539482724e-10,"purple","Ribosome_Biogenesis_Chromatin",-0.780915348943151,0.590469875229668,34,0.001498940338169,0.000260367056789182,0.00021884633664309,NA
"SMARCC1","SMARCC1","ENSG00000173473",-0.395669495121937,6.51665916770338e-12,"purple","Ribosome_Biogenesis_Chromatin",0.857724055701483,-0.655733277509803,35,0.000782363695328084,0.00025680349260553,0.00020541950539959,NA
"DCAF1","DCAF1","ENSG00000145041",-0.495877968698908,5.2812125437194e-11,"purple","Ribosome_Biogenesis_Chromatin",0.900011508176768,-0.618092653114252,26,0.00303227455048868,0.000256388783299797,0.00021825516998774,NA
"PI4KA","PI4KA","ENSG00000241973",-0.290146959552203,3.22173340602081e-07,"purple","Ribosome_Biogenesis_Chromatin",0.793069775067834,-0.551052830869281,12,0.00184723242654226,0.000251910333112448,0.000154474026217706,NA
"CLEC16A","CLEC16A","ENSG00000038532",-0.215514207530775,3.68843280857541e-05,"purple","Ribosome_Biogenesis_Chromatin",0.721804425824306,-0.484374998509051,14,0.00112165546938543,0.000242356527190906,0.000321466369894839,NA
"NBAS","NBAS","ENSG00000151779",-0.183571095676888,0.0179362768501725,"purple","Ribosome_Biogenesis_Chromatin",0.519886836506766,-0.29627608958688,10,0.000455778643857286,0.000241817933216218,0.000223655203177989,NA
"POLR1A","POLR1A","ENSG00000068654",-0.452704047035729,1.33673080321704e-08,"purple","Ribosome_Biogenesis_Chromatin",0.86117201598736,-0.5778219547211,76,0.00557048665778381,0.000236761642200097,0.000133011970848266,NA
"PRPF8","PRPF8","ENSG00000174231",-0.504514936398841,3.94623364691352e-11,"purple","Ribosome_Biogenesis_Chromatin",0.904709835260405,-0.634862745172062,58,0.00509431591969807,0.00022613809992576,0.000142970897324334,"ribonucleoprotein complex biogenesis"
"CCND2","CCND2","ENSG00000118971",-0.485626474199515,6.02499377060926e-10,"purple","Ribosome_Biogenesis_Chromatin",0.754741064421267,-0.62805399670604,27,0.000593177046837455,0.000225095363947204,0.000262830519173922,NA
"BMS1","BMS1","ENSG00000165733",-0.415424060313743,1.05870939469169e-07,"purple","Ribosome_Biogenesis_Chromatin",0.746315570411064,-0.552172553934625,55,0.00195952081387066,0.000216885422333611,0.000182500613286647,"ribonucleoprotein complex biogenesis"
"DYNC1H1","DYNC1H1","ENSG00000197102",-0.374568851418558,3.50307521369699e-09,"purple","Ribosome_Biogenesis_Chromatin",0.810016733186183,-0.586031879196798,29,0.00464930928425319,0.000216167973998458,0.000158203396060217,NA
"AARS1","AARS1","ENSG00000090861",-0.244307050161268,0.00577985928253591,"purple","Ribosome_Biogenesis_Chromatin",0.562826494324892,-0.352809877547705,21,0.00120755393206068,0.000211678463500507,0.000220434743441851,NA
"SETD1A","SETD1A","ENSG00000099381",-0.497794548674106,9.05657573368244e-10,"purple","Ribosome_Biogenesis_Chromatin",0.887177328626011,-0.615194492478295,46,0.00362020688988784,0.000210557736402957,0.00019892524757559,NA
"SMC1A","SMC1A","ENSG00000072501",-0.305228226424329,0.000267027560596711,"purple","Ribosome_Biogenesis_Chromatin",0.775098742424676,-0.453070319764338,54,0.00454599476876768,0.000209281374232782,0.000147385352060526,NA
"NAT10","NAT10","ENSG00000135372",-0.438112112294888,5.02248165251503e-09,"purple","Ribosome_Biogenesis_Chromatin",0.866287671602028,-0.600944260953396,64,0.00317247641749918,0.000200306750370556,0.000144034753771404,"ribonucleoprotein complex biogenesis"
"DDX24","DDX24","ENSG00000089737",-0.286808166646238,2.64021320013781e-06,"purple","Ribosome_Biogenesis_Chromatin",0.737400314054348,-0.524063343860942,49,0.00256548235396,0.000200145966649017,0.000197708966094228,NA
"LARS1","LARS1","ENSG00000133706",-0.287825606519193,4.87863752455881e-06,"purple","Ribosome_Biogenesis_Chromatin",0.765826148873345,-0.502740305334994,22,0.00163816811811695,0.000200127361964549,0.000178687006744531,NA
"IARS1","IARS1","ENSG00000196305",-0.45240544223589,3.41606974352874e-09,"purple","Ribosome_Biogenesis_Chromatin",0.844148398930945,-0.604659476159365,25,0.00159020722920276,0.000197970339630812,0.000166905035538924,NA
"PIAS3","PIAS3","ENSG00000131788",-0.248784290564255,0.0014374643791295,"purple","Ribosome_Biogenesis_Chromatin",0.659758129887101,-0.418748436911198,19,0.00141749247314911,0.000194125871728542,0.00027694007651817,NA
"TRRAP","TRRAP","ENSG00000196367",-0.531123176074374,2.59670475003559e-11,"purple","Ribosome_Biogenesis_Chromatin",0.822291884009788,-0.64185200118442,51,0.00313687741007558,0.000191001159475379,0.0001393421691944,NA
"MADD","MADD","ENSG00000110514",-0.280004403510981,2.39551198587054e-07,"purple","Ribosome_Biogenesis_Chromatin",0.846567972412355,-0.55721484609402,8,0.000390286567151022,0.000188851795174683,0.000220813017277491,NA
"USP11","USP11","ENSG00000102226",-0.370684336822697,5.78239159527403e-07,"purple","Ribosome_Biogenesis_Chromatin",0.750894228411574,-0.542319545408018,24,0.00124112901309314,0.000188837177985736,0.000212806950450566,NA
"SEC31A","SEC31A","ENSG00000138674",-0.316061943314155,3.47067502073929e-05,"purple","Ribosome_Biogenesis_Chromatin",0.821823208522409,-0.48396645929606,24,0.00285680859767558,0.000186074727800381,0.000155751671947663,NA
"NOL6","NOL6","ENSG00000165271",-0.382868185351922,3.35025094663001e-08,"purple","Ribosome_Biogenesis_Chromatin",0.789867715352263,-0.564800141988865,58,0.00244122305324536,0.0001817181832655,0.000134946414065386,"ribonucleoprotein complex biogenesis"
"LARS2","LARS2","ENSG00000011376",-0.286185375982165,9.74186944154996e-06,"purple","Ribosome_Biogenesis_Chromatin",0.704858478308815,-0.481250594332442,23,0.000671004402935163,0.000180084345357616,0.000158530285124219,NA
"SPTBN1","SPTBN1","ENSG00000115306",-0.640219132942802,7.3849395789485e-09,"purple","Ribosome_Biogenesis_Chromatin",0.816262182561501,-0.588463149540417,21,0.00550540140255374,0.000177948564757918,9.95185873228388e-05,NA
"PCNT","PCNT","ENSG00000160299",-0.343773416044145,9.98440213776776e-08,"purple","Ribosome_Biogenesis_Chromatin",0.719375805902453,-0.567876733652433,37,0.009341278181091,0.000177710565254516,0.000110222241450338,NA
"DCAF7","DCAF7","ENSG00000136485",-0.26698148274151,7.83629270419899e-07,"purple","Ribosome_Biogenesis_Chromatin",0.842971626070658,-0.547540050092421,25,0.00259808121473857,0.000176461999245878,0.000163770606846166,NA
"NFATC3","NFATC3","ENSG00000072736",-0.574501431772034,3.99589710887688e-13,"purple","Ribosome_Biogenesis_Chromatin",0.879933705904709,-0.692169055769154,8,0.000658368555712978,0.00017482393860728,0.000232664209557065,NA
"EIF3A","EIF3A","ENSG00000107581",-0.367269724562017,2.68638125028392e-07,"purple","Ribosome_Biogenesis_Chromatin",0.796714650914068,-0.552320694747837,32,0.00223815862562976,0.000160564631606233,0.000153975930320447,"ribonucleoprotein complex biogenesis"
"BAG3","BAG3","ENSG00000151929",-0.435300653935767,0.000100137471435814,"purple","Ribosome_Biogenesis_Chromatin",0.764430680105714,-0.453520743046518,26,0.00115345507170592,0.00015287611954388,0.000161883410920566,NA
"TGFBRAP1","TGFBRAP1","ENSG00000135966",-0.355296757518455,4.86997998276006e-09,"purple","Ribosome_Biogenesis_Chromatin",0.760005195093096,-0.593848007085905,11,0.00187411191800486,0.00015118364792876,0.000205842381367113,NA
"POLA1","POLA1","ENSG00000101868",-0.525439173372767,1.8485666559395e-07,"purple","Ribosome_Biogenesis_Chromatin",0.763819135159917,-0.553786385622978,37,0.00120453518207,0.000148760773282591,0.000136447170694739,NA
"HEATR1","HEATR1","ENSG00000119285",-0.529604973444597,2.91880141892915e-08,"purple","Ribosome_Biogenesis_Chromatin",0.805668772911252,-0.572034450482394,54,0.00290177443871519,0.000147868493235148,9.64341667650917e-05,"ribonucleoprotein complex biogenesis"
"CAD","CAD","ENSG00000084774",-0.545890331747683,1.36830261151756e-13,"purple","Ribosome_Biogenesis_Chromatin",0.865492552355541,-0.674338390235,19,0.00390917697110983,0.00014643310011976,0.000112855689747118,NA
"HCFC1","HCFC1","ENSG00000172534",-0.397047284568804,1.30334955566605e-06,"purple","Ribosome_Biogenesis_Chromatin",0.854156894686659,-0.520354355497875,43,0.00442217801594067,0.00014612806408309,9.26076236890029e-05,NA
"RRP1B","RRP1B","ENSG00000160208",-0.473351173517447,6.93829017853605e-12,"purple","Ribosome_Biogenesis_Chromatin",0.873185314440559,-0.648888815831852,56,0.00266238179136864,0.000145031400398143,0.000116671277752437,"ribonucleoprotein complex biogenesis"
"BRPF3","BRPF3","ENSG00000096070",-0.330798191842328,0.000317610080855,"purple","Ribosome_Biogenesis_Chromatin",0.644326445197889,-0.435099163339864,23,0.00115946664499129,0.000142756341934109,0.000200868404323836,NA
"MYBBP1A","MYBBP1A","ENSG00000132382",-0.528832644311045,6.6233420081696e-11,"purple","Ribosome_Biogenesis_Chromatin",0.738418902364639,-0.627438739174995,51,0.00306298701667687,0.000141344949029453,0.000100367687189074,"ribonucleoprotein complex biogenesis"
"GATAD2B","GATAD2B","ENSG00000143614",-0.332082405226266,4.30798972876168e-06,"purple","Ribosome_Biogenesis_Chromatin",0.66964528938566,-0.500467288132048,30,0.00129645535623076,0.000134510388281674,0.000153960529821946,NA
"DKC1","DKC1","ENSG00000130826",-0.248135262325011,2.0025225201874e-05,"purple","Ribosome_Biogenesis_Chromatin",0.607839036586344,-0.480728536706651,55,0.00289626582023102,0.000133773096398022,8.17067033034123e-05,"ribonucleoprotein complex biogenesis"
"NUP210","NUP210","ENSG00000132182",-0.387010783736529,1.04774336680019e-11,"purple","Ribosome_Biogenesis_Chromatin",0.834251284824146,-0.652101427885485,28,0.000882833254896114,0.000132294218528391,0.00013218527018456,NA
"TAF3","TAF3","ENSG00000165632",-0.405259724501443,1.53616180073469e-07,"purple","Ribosome_Biogenesis_Chromatin",0.757151797177505,-0.554236301448926,19,0.000582999623690893,0.000131955432787997,0.000146821467522138,NA
"NOP14","NOP14","ENSG00000087269",-0.347043648579622,8.66716276015981e-08,"purple","Ribosome_Biogenesis_Chromatin",0.73093697522492,-0.567210684491262,46,0.00203344695978579,0.000131714814430421,0.000112603988667258,"ribonucleoprotein complex biogenesis"
"NUP133","NUP133","ENSG00000069248",-0.288626889654458,1.2668972280864e-06,"purple","Ribosome_Biogenesis_Chromatin",0.675133573184426,-0.517975265599299,39,0.00180273820820241,0.000130910975794593,0.000121924680923659,NA
"NUMA1","NUMA1","ENSG00000137497",-0.394067178735321,2.85168553979453e-13,"purple","Ribosome_Biogenesis_Chromatin",0.881256141057565,-0.67866211408101,25,0.00104731110925335,0.000129889968604136,0.00014989885103509,NA
"CBLL1","CBLL1","ENSG00000105879",-0.428269191520004,1.49722378321642e-05,"purple","Ribosome_Biogenesis_Chromatin",0.637741463086375,-0.4793929641732,7,3.68831762720384e-05,0.000126137394813621,0.000195517148325126,NA
"ANKRD52","ANKRD52","ENSG00000139645",-0.322297105818892,3.3707631908147e-08,"purple","Ribosome_Biogenesis_Chromatin",0.836283268411145,-0.58921217404951,9,0.000522464679286417,0.000125591551134046,7.73684487739476e-05,NA
"CYFIP2","CYFIP2","ENSG00000055163",-0.421815738625943,6.54599003515288e-10,"purple","Ribosome_Biogenesis_Chromatin",0.81620575208364,-0.623626358991577,18,0.00351335591712713,0.000125302772527424,0.000169655482502835,NA
"BAZ1B","BAZ1B","ENSG00000009954",-0.360117445360843,3.60112378135248e-08,"purple","Ribosome_Biogenesis_Chromatin",0.837330582471014,-0.586909623932753,34,0.000946098664028599,0.000120377943776545,0.000115759659067975,NA
"XPO5","XPO5","ENSG00000124571",-0.305446240769898,3.79945792941074e-07,"purple","Ribosome_Biogenesis_Chromatin",0.812859234931989,-0.546636553629804,40,0.00290118630506543,0.000118998846127613,9.99743162821063e-05,NA
"ILF3","ILF3","ENSG00000129351",-0.333926178218791,4.66589648312942e-10,"purple","Ribosome_Biogenesis_Chromatin",0.813402878174989,-0.620737477589693,33,0.00189633583836705,0.000118684782598287,0.0001116927894896,NA
"SNRNP200","SNRNP200","ENSG00000144028",-0.391540804028503,1.16721879353925e-09,"purple","Ribosome_Biogenesis_Chromatin",0.876176546193976,-0.611098278864803,49,0.0046970112133029,0.000117245484972775,7.60182760623401e-05,"ribonucleoprotein complex biogenesis"
"SYVN1","SYVN1","ENSG00000162298",-0.241654786865428,0.00107721097258509,"purple","Ribosome_Biogenesis_Chromatin",0.663535255822018,-0.386728381429907,18,0.00331326043608559,0.000113549118549804,9.32947376595862e-05,NA
"FOXP1","FOXP1","ENSG00000114861",-0.424996220427466,3.33758096459764e-12,"purple","Ribosome_Biogenesis_Chromatin",0.777151819689378,-0.662430195390978,19,0.00145869024991267,0.000113229013056567,0.000117776779082201,NA
"NOLC1","NOLC1","ENSG00000166197",-0.529398470523891,7.93016192944619e-13,"purple","Ribosome_Biogenesis_Chromatin",0.896716509953906,-0.666282579985336,46,0.00300161353481458,0.0001124159978614,7.57820044690637e-05,"ribonucleoprotein complex biogenesis"
"UBTF","UBTF","ENSG00000108312",-0.318946684595822,2.41813228711934e-11,"purple","Ribosome_Biogenesis_Chromatin",0.793127320284379,-0.655974986371197,31,0.000526473692023471,0.000111431034770516,0.000112362865684457,NA
"EP400","EP400","ENSG00000183495",-0.47498471226791,4.38288957772856e-09,"purple","Ribosome_Biogenesis_Chromatin",0.820885573077209,-0.58286307128198,42,0.00193083579280791,0.000109485851259287,8.51127587642157e-05,NA
"INO80","INO80","ENSG00000128908",-0.300533284222738,2.70251681407308e-07,"purple","Ribosome_Biogenesis_Chromatin",0.815634915159928,-0.547785701548889,18,0.000411198937762144,0.00010464565388025,0.000128723384843894,NA
"PHACTR4","PHACTR4","ENSG00000204138",-0.232004873994884,0.000716221271376304,"purple","Ribosome_Biogenesis_Chromatin",0.697535236111536,-0.394635723223267,3,0,0.000104278662188402,0.000496531759297391,NA
"NUP188","NUP188","ENSG00000095319",-0.38326932784948,4.65793784047829e-07,"purple","Ribosome_Biogenesis_Chromatin",0.829267658208424,-0.54012382921503,32,0.0012674382044405,0.000103352536831883,0.000108792802679203,NA
"ATP6V1G1","ATP6V1G1","ENSG00000136888",0.537600483481976,1.83549595425706e-07,"purple","Ribosome_Biogenesis_Chromatin",-0.721423176800822,0.511425155185394,17,0.000872999101519357,0.00010167597986411,7.14771864428852e-05,NA
"FBXO21","FBXO21","ENSG00000135108",-0.406993625399824,1.3067237188938e-08,"purple","Ribosome_Biogenesis_Chromatin",0.775498591884272,-0.583776238991077,5,3.97331859014621e-05,9.9703237533629e-05,0.00021007464716149,NA
"HYOU1","HYOU1","ENSG00000149428",-0.389116812045676,6.1370089711683e-07,"purple","Ribosome_Biogenesis_Chromatin",0.768267263112054,-0.528097762263007,19,0.000664128258440559,9.66516263303393e-05,9.60400405580958e-05,NA
"SRRM1","SRRM1","ENSG00000133226",-0.382098694687925,9.54829389005869e-06,"purple","Ribosome_Biogenesis_Chromatin",0.765546202254585,-0.486628109748907,36,0.000966210401608675,9.29816298016643e-05,9.46920349171629e-05,NA
"DDX42","DDX42","ENSG00000198231",-0.242381201542112,1.58798416418715e-06,"purple","Ribosome_Biogenesis_Chromatin",0.727683690978129,-0.524063221636296,24,0.0015225428169885,9.11635302059932e-05,0.000122402398916998,"ribonucleoprotein complex biogenesis"
"PHF8","PHF8","ENSG00000172943",-0.340482447770559,6.57063219600749e-07,"purple","Ribosome_Biogenesis_Chromatin",0.77336719158105,-0.543778423683761,23,0.00151331275406633,9.03682872542741e-05,0.000116454128741009,NA
"DHX38","DHX38","ENSG00000140829",-0.193953795352852,0.000403668874304398,"purple","Ribosome_Biogenesis_Chromatin",0.687745801717454,-0.428769108926494,46,0.00174967247483278,8.83563739423595e-05,6.71590023085374e-05,NA
"MGAT5","MGAT5","ENSG00000152127",-0.580620353928071,2.87074525035313e-18,"purple","Ribosome_Biogenesis_Chromatin",0.860258508267718,-0.732585883083329,8,0.000949024517185742,8.29630691576405e-05,0.000113035479474672,NA
"NCAPD2","NCAPD2","ENSG00000010292",-0.398666607148211,2.84609054609917e-09,"purple","Ribosome_Biogenesis_Chromatin",0.848549733065471,-0.602645476107844,26,0.00102477523071156,8.2271944631405e-05,7.78010126801801e-05,NA
"KAT7","KAT7","ENSG00000136504",-0.192344621856228,4.65803392953737e-05,"purple","Ribosome_Biogenesis_Chromatin",0.717920338659812,-0.482702811898482,26,0.00137205738932574,7.73174089165419e-05,8.54715389993181e-05,NA
"SRRM2","SRRM2","ENSG00000167978",-0.140751778383443,0.0817339983746246,"purple","Ribosome_Biogenesis_Chromatin",0.552981444774662,-0.233837758207375,38,0.00854859049490126,7.7094113876319e-05,6.35136704296653e-05,NA
"BCL9","BCL9","ENSG00000116128",-0.562729672980572,1.17569570948704e-07,"purple","Ribosome_Biogenesis_Chromatin",0.788786834027252,-0.581753292863349,15,0.000218856878423451,7.55559376789394e-05,0.00011806248455087,NA
"SAP130","SAP130","ENSG00000136715",-0.335372511684269,0.000586351440059318,"purple","Ribosome_Biogenesis_Chromatin",0.65839378231979,-0.407153398228949,20,0.000173312053707599,7.44146164653166e-05,0.00010299820483679,NA
"GORASP2","GORASP2","ENSG00000115806",-0.303512946737662,0.00118481053592968,"purple","Ribosome_Biogenesis_Chromatin",0.583457802143278,-0.36535344804742,12,0.00164881821494859,7.35133680909996e-05,0.000110860145141035,NA
"CKAP5","CKAP5","ENSG00000175216",-0.362869212576053,9.69438446463536e-06,"purple","Ribosome_Biogenesis_Chromatin",0.830561671713228,-0.501344071067055,22,0.00437640260191219,7.27770301702243e-05,6.11035932723998e-05,NA
"GEMIN4","GEMIN4","ENSG00000179409",-0.413954915133676,1.06135024971227e-06,"purple","Ribosome_Biogenesis_Chromatin",0.762418236533316,-0.525861630502372,26,0.000775998944181052,7.1739401547938e-05,7.45840217073812e-05,"ribonucleoprotein complex biogenesis"
"DDX27","DDX27","ENSG00000124228",-0.216778589454179,2.74522262766071e-05,"purple","Ribosome_Biogenesis_Chromatin",0.654039457903517,-0.48240434981177,38,0.00031616357077341,6.93441376747157e-05,6.32096752192942e-05,"ribonucleoprotein complex biogenesis"
"REPS1","REPS1","ENSG00000135597",-0.250615753412995,2.17665806680794e-05,"purple","Ribosome_Biogenesis_Chromatin",0.691369938340236,-0.472426196973292,11,0.000803932513316775,6.7569814896326e-05,6.17836336683506e-05,NA
"SRCAP","SRCAP","ENSG00000080603",-0.404189406561414,5.3342816421762e-07,"purple","Ribosome_Biogenesis_Chromatin",0.816911303255514,-0.550424822554858,22,0.000433741222775039,6.43162141070588e-05,7.46420003217767e-05,NA
"MAP4","MAP4","ENSG00000047849",-0.447594417386795,2.82873005323818e-09,"purple","Ribosome_Biogenesis_Chromatin",0.898833559382423,-0.606791664143989,7,0.00176668811208064,6.07559455796719e-05,8.16093537649673e-05,NA
"PDCD6","PDCD6","ENSG00000249915",0.27760668572774,3.32915240225962e-06,"purple","Ribosome_Biogenesis_Chromatin",-0.810800570372212,0.496356639764066,12,0.00114219278130368,5.95024534033565e-05,6.74698122282436e-05,NA
"SF3B6","SF3B6","ENSG00000115128",0.698506889012051,1.10624562813384e-07,"purple","Ribosome_Biogenesis_Chromatin",-0.736867339882728,0.513380190177418,25,0.000536318574558192,5.81589647095753e-05,5.70723544927202e-05,"ribonucleoprotein complex biogenesis"
"GEMIN5","GEMIN5","ENSG00000082516",-0.427372960277896,5.93998321280861e-07,"purple","Ribosome_Biogenesis_Chromatin",0.788381242802334,-0.52782810277201,27,0.00176661242494458,5.80520381982776e-05,5.26059407391826e-05,"ribonucleoprotein complex biogenesis"
"ELP3","ELP3","ENSG00000134014",-0.168028281006662,0.00598504302097665,"purple","Ribosome_Biogenesis_Chromatin",0.666573908540679,-0.352792282944357,28,0.00219783253665253,5.77838475335728e-05,4.75702861773249e-05,NA
"DEPDC5","DEPDC5","ENSG00000100150",-0.212467897762136,0.000326252461344377,"purple","Ribosome_Biogenesis_Chromatin",0.756864668509109,-0.43380750147988,13,0.000227963442784049,5.6244191752985e-05,5.28741717817802e-05,NA
"SART3","SART3","ENSG00000075856",-0.293560232370739,3.80687570154543e-08,"purple","Ribosome_Biogenesis_Chromatin",0.784055629496509,-0.562744366536228,21,0.000332348298655643,5.44227272547825e-05,5.48295516310249e-05,"ribonucleoprotein complex biogenesis"
"MAGED1","MAGED1","ENSG00000179222",-0.495243860834427,1.48607591428718e-08,"purple","Ribosome_Biogenesis_Chromatin",0.825954059407678,-0.581896685360783,10,0.000801352531102458,5.43114886821452e-05,5.49108098344486e-05,NA
"ATXN2L","ATXN2L","ENSG00000168488",-0.230171298496471,0.00165845208139035,"purple","Ribosome_Biogenesis_Chromatin",0.735785821519975,-0.383704755171743,12,0.000668545723653827,5.24018049069149e-05,5.42793165350748e-05,NA
"UBAP2L","UBAP2L","ENSG00000143569",-0.238156005681035,0.00471904652917392,"purple","Ribosome_Biogenesis_Chromatin",0.68311987454284,-0.355738667888836,19,0.00351588941157848,5.08299284837535e-05,5.36912012749651e-05,NA
"PPRC1","PPRC1","ENSG00000148840",-0.49631258267547,8.30540647098537e-10,"purple","Ribosome_Biogenesis_Chromatin",0.87948057321017,-0.607482159247698,24,0.000702058727001385,5.04018979725653e-05,4.88252985000095e-05,NA
"LRBA","LRBA","ENSG00000198589",-0.618592180239735,2.05156953468637e-10,"purple","Ribosome_Biogenesis_Chromatin",0.781057658885389,-0.633627211595785,8,0.000637281182606023,5.03764081491909e-05,7.13973315995721e-05,NA
"PPCS","PPCS","ENSG00000127125",0.377944416215298,9.18419853624367e-14,"purple","Ribosome_Biogenesis_Chromatin",-0.800292513534791,0.6948639199959,6,0.000123835464555122,4.89641266819518e-05,7.06721915306938e-05,NA
"BCOR","BCOR","ENSG00000183337",-0.542690769332208,1.19359855503733e-08,"purple","Ribosome_Biogenesis_Chromatin",0.838033463742049,-0.586191807102816,11,0.00134604606152911,4.86616898560748e-05,7.06852958939746e-05,NA
"SCAF4","SCAF4","ENSG00000156304",-0.343484860366506,3.52420646514561e-05,"purple","Ribosome_Biogenesis_Chromatin",0.776063755793386,-0.473063064924183,11,0.000298385657185466,4.28409531798025e-05,5.77973659950278e-05,NA
"ATP1A1","ATP1A1","ENSG00000163399",-0.301992740553866,1.58440291557357e-06,"purple","Ribosome_Biogenesis_Chromatin",0.74806618000605,-0.53809545357228,8,0.000923076367080147,4.01880237722358e-05,5.06249898369842e-05,NA
"WBP11","WBP11","ENSG00000084463",-0.340920975047261,3.18057610916842e-09,"purple","Ribosome_Biogenesis_Chromatin",0.85402201576093,-0.599174805390185,15,0.000355137463502535,3.97756095490537e-05,4.71989748713804e-05,"ribonucleoprotein complex biogenesis"
"PCMT1","PCMT1","ENSG00000120265",0.480694143973121,7.99071100362893e-10,"purple","Ribosome_Biogenesis_Chromatin",-0.766157683290676,0.601546567318357,8,0.00123273800269488,3.88353800406445e-05,5.14851821283257e-05,NA
"HGSNAT","HGSNAT","ENSG00000165102",-0.317406286216694,0.000393033367958685,"purple","Ribosome_Biogenesis_Chromatin",0.596475778162847,-0.414471619859071,2,0,3.82411512961881e-05,8.72405264649839e-05,NA
"ATN1","ATN1","ENSG00000111676",-0.313676435623947,0.00353812322920713,"purple","Ribosome_Biogenesis_Chromatin",0.692646511248634,-0.350223142725348,15,0.000344788139569558,3.74964629946637e-05,4.9233578676246e-05,NA
"LAPTM4A","LAPTM4A","ENSG00000068697",0.496003938184455,1.80337424976532e-12,"purple","Ribosome_Biogenesis_Chromatin",-0.715594327185013,0.655814780617394,1,0,3.63214784581711e-05,8.24173828680997e-05,NA
"TOX","TOX","ENSG00000198846",-0.729087946499083,1.07767322117206e-08,"purple","Ribosome_Biogenesis_Chromatin",0.750778284828512,-0.610994151110392,5,1.37402977820022e-06,3.61157319718782e-05,8.87498415469362e-05,NA
"ZNF609","ZNF609","ENSG00000180357",-0.553164544992571,7.87275335807829e-13,"purple","Ribosome_Biogenesis_Chromatin",0.900481024245417,-0.676866212950607,11,0.000279697288961681,3.5910753031538e-05,4.01455545707571e-05,NA
"KRI1","KRI1","ENSG00000129347",-0.28102623139686,2.07296789723199e-05,"purple","Ribosome_Biogenesis_Chromatin",0.684760839970734,-0.481155647644896,26,9.37929640965642e-05,3.49116820874026e-05,3.6182748813665e-05,"ribonucleoprotein complex biogenesis"
"HSBP1","HSBP1","ENSG00000230989",0.476057162467791,4.85936637674791e-09,"purple","Ribosome_Biogenesis_Chromatin",-0.845488687065795,0.57571491700792,4,0.000175239089407862,3.28746315877374e-05,5.63460016335856e-05,NA
"PITRM1","PITRM1","ENSG00000107959",-0.29869091431327,1.28600519471041e-06,"purple","Ribosome_Biogenesis_Chromatin",0.725769038361507,-0.519511812388114,5,1.48118770348048e-05,3.15737089211586e-05,5.72566294132677e-05,NA
"TCOF1","TCOF1","ENSG00000070814",-0.383910406280053,1.12561566364599e-07,"purple","Ribosome_Biogenesis_Chromatin",0.775151304685561,-0.556012293476865,14,0.000545157660545081,3.08120079042996e-05,3.89351546575134e-05,NA
"CLSTN1","CLSTN1","ENSG00000171603",-0.368580608267373,1.85878516287647e-07,"purple","Ribosome_Biogenesis_Chromatin",0.823394792621908,-0.556064306706318,3,2.3186424884066e-05,2.90578164164802e-05,5.36695049403492e-05,NA
"QRICH1","QRICH1","ENSG00000198218",-0.265558701018975,2.9535583449868e-09,"purple","Ribosome_Biogenesis_Chromatin",0.870863120136413,-0.61325994803601,9,0.00183901802218627,2.86261056484355e-05,3.64916598781334e-05,NA
"ZMYM3","ZMYM3","ENSG00000147130",-0.245718819768188,0.00400408923178908,"purple","Ribosome_Biogenesis_Chromatin",0.714233398197676,-0.367419376102705,11,0.000221017522252953,2.8447572271269e-05,4.46158118121899e-05,NA
"SMG6","SMG6","ENSG00000070366",-0.339571079630536,6.41688343467013e-07,"purple","Ribosome_Biogenesis_Chromatin",0.812756681234783,-0.543692514586255,10,0.00155872694117761,2.81204997712737e-05,3.47844648282329e-05,NA
"ZHX2","ZHX2","ENSG00000178764",-0.245957167752883,0.000397270250244298,"purple","Ribosome_Biogenesis_Chromatin",0.701048049115797,-0.420268174649461,6,0.000185518394937669,2.65500144732915e-05,4.97653542922127e-05,NA
"IKZF4","IKZF4","ENSG00000123411",-0.361729397642459,0.00151403051007983,"purple","Ribosome_Biogenesis_Chromatin",0.58335638385432,-0.388150633315302,5,7.65635600767029e-07,2.60476094421541e-05,5.53213075862542e-05,NA
"NCOA5","NCOA5","ENSG00000124160",-0.207265995319015,4.157220176193e-05,"purple","Ribosome_Biogenesis_Chromatin",0.691009240194952,-0.472205561270925,12,0.000338302675897501,2.57058775197571e-05,4.28046902400066e-05,NA
"ZBTB4","ZBTB4","ENSG00000174282",-0.544535932305144,1.67201398913887e-11,"purple","Ribosome_Biogenesis_Chromatin",0.85363203885653,-0.651552162710212,4,4.85169255092438e-06,2.46618099527007e-05,5.03669552568121e-05,NA
"JADE2","JADE2","ENSG00000043143",-0.421234720879811,1.0953944446815e-12,"purple","Ribosome_Biogenesis_Chromatin",0.784448684679175,-0.676860730200256,8,7.86295911649073e-05,2.45724766249069e-05,4.32914709395831e-05,NA
"EIF1AD","EIF1AD","ENSG00000175376",-0.192279998975071,0.00373138861132775,"purple","Ribosome_Biogenesis_Chromatin",0.596631185960045,-0.355221928441764,1,0,2.35246419276346e-05,0.000198548899225555,NA
"PAIP2","PAIP2","ENSG00000120727",0.222286608719719,0.00158321994862722,"purple","Ribosome_Biogenesis_Chromatin",-0.698560381267429,0.369258709900386,8,0.000219371386449336,2.28927822702442e-05,3.02488208233128e-05,NA
"ARHGAP35","ARHGAP35","ENSG00000160007",-0.366931905058242,1.29341873953123e-09,"purple","Ribosome_Biogenesis_Chromatin",0.738169433622615,-0.618489608150908,6,1.05199664627794e-05,2.28203216914642e-05,4.0255310912431e-05,NA
"RPRD2","RPRD2","ENSG00000163125",-0.473653218691945,3.55828120081872e-09,"purple","Ribosome_Biogenesis_Chromatin",0.892833443148901,-0.606354648647347,8,9.35548338410336e-05,2.15500274229609e-05,3.49429546302134e-05,NA
"UBAP2","UBAP2","ENSG00000137073",-0.457141000644048,1.25744700049394e-10,"purple","Ribosome_Biogenesis_Chromatin",0.835608641696321,-0.620800463939,6,0.000733943724036568,2.04212207284816e-05,2.98894238156103e-05,NA
"TXLNA","TXLNA","ENSG00000084652",-0.207775151737106,4.41241756269765e-06,"purple","Ribosome_Biogenesis_Chromatin",0.740545420418373,-0.51320500442253,2,0,1.95401338691193e-05,5.07605201137893e-05,NA
"MCTS1","MCTS1","ENSG00000232119",0.477243911583369,5.64283340262756e-12,"purple","Ribosome_Biogenesis_Chromatin",-0.743900495949791,0.656724818222526,5,0.000577754298363423,1.94781107430828e-05,3.7939097348358e-05,"ribonucleoprotein complex biogenesis"
"EIF4ENIF1","EIF4ENIF1","ENSG00000184708",-0.313597888610747,2.37337143110358e-06,"purple","Ribosome_Biogenesis_Chromatin",0.6725362707339,-0.513842316261647,8,0.000449985752930119,1.94045162173615e-05,3.27607827984896e-05,NA
"CHAMP1","CHAMP1","ENSG00000198824",-0.395842415134227,0.000210412880287855,"purple","Ribosome_Biogenesis_Chromatin",0.79391264360016,-0.450427643496511,5,0.000486526119434395,1.78987449407425e-05,3.64854240573218e-05,NA
"GOLGA3","GOLGA3","ENSG00000090615",-0.265508555746776,1.11576009330566e-05,"purple","Ribosome_Biogenesis_Chromatin",0.617449464885437,-0.493552454193436,7,0.00250227742192827,1.78601504136276e-05,3.29062340329981e-05,NA
"CRTC3","CRTC3","ENSG00000140577",-0.356230904787459,5.5896967506585e-06,"purple","Ribosome_Biogenesis_Chromatin",0.797407959611365,-0.505983774256015,4,3.23787665845314e-05,1.77730296683691e-05,3.28183664823559e-05,NA
"SLC41A1","SLC41A1","ENSG00000133065",-0.528743968175613,5.55817953939172e-07,"purple","Ribosome_Biogenesis_Chromatin",0.744410334675125,-0.527196001861128,6,0.00155009169705982,1.67746866073436e-05,2.15652990738344e-05,NA
"YLPM1","YLPM1","ENSG00000119596",-0.565425462256063,7.86603195396727e-09,"purple","Ribosome_Biogenesis_Chromatin",0.918893387792088,-0.592718502296316,9,0.00132385688402701,1.60008041242429e-05,2.55716810671496e-05,NA
"P2RY8","P2RY8","ENSG00000182162",-0.415436324701341,1.00173759277606e-13,"purple","Ribosome_Biogenesis_Chromatin",0.732081066650054,-0.677915919813685,4,1.58249848150979e-05,1.5798358115583e-05,3.85336780929767e-05,NA
"MAPRE2","MAPRE2","ENSG00000166974",-0.182041883957084,0.00133955803490182,"purple","Ribosome_Biogenesis_Chromatin",0.64691029673531,-0.399535528241555,4,3.3766795769135e-05,1.38091254294974e-05,2.89571682342232e-05,NA
"PJA1","PJA1","ENSG00000181191",-0.340019403974287,1.87062345087025e-05,"purple","Ribosome_Biogenesis_Chromatin",0.691765412163447,-0.485444299722066,4,6.26132406621853e-05,1.30982667174615e-05,2.53248520952726e-05,NA
"MPC1","MPC1","ENSG00000060762",0.370224881719694,1.05403142124736e-06,"purple","Ribosome_Biogenesis_Chromatin",-0.671556310979417,0.54194575853451,3,0.000204301139676145,1.18682555786059e-05,2.33048129723065e-05,NA
"DOCK10","DOCK10","ENSG00000135905",-0.482712397176481,3.23284544077544e-07,"purple","Ribosome_Biogenesis_Chromatin",0.814501033450015,-0.558529228816911,4,5.10044726375909e-05,1.18631358207294e-05,2.73470960370362e-05,NA
"SNX29","SNX29","ENSG00000048471",-0.370009267402809,5.48371082831967e-07,"purple","Ribosome_Biogenesis_Chromatin",0.795849767782671,-0.555722157515103,3,5.30056785907708e-05,1.1113366330097e-05,3.1714147584415e-05,NA
"FAM193A","FAM193A","ENSG00000125386",-0.273941885083499,7.68370078349507e-07,"purple","Ribosome_Biogenesis_Chromatin",0.70658272057856,-0.550396212658028,5,0.000135905263128148,1.05468387523059e-05,2.24252464373358e-05,NA
"EAPP","EAPP","ENSG00000129518",0.234026297442888,0.000997647987179894,"purple","Ribosome_Biogenesis_Chromatin",-0.625887201651269,0.396249714753363,6,8.98396680885246e-05,9.93278017398049e-06,2.19078507605962e-05,NA
"RAI1","RAI1","ENSG00000108557",-0.317295766505717,0.000121197173182652,"purple","Ribosome_Biogenesis_Chromatin",0.697599818189875,-0.453333685840061,4,2.98355948816658e-06,8.61342742228665e-06,2.29891704426301e-05,NA
"RASA3","RASA3","ENSG00000185989",-0.428625200868927,1.05455692236222e-09,"purple","Ribosome_Biogenesis_Chromatin",0.779343777437545,-0.612339807687837,3,2.41498555259083e-06,7.98312240537121e-06,2.07732749945214e-05,NA
"URGCP","URGCP","ENSG00000106608",-0.29959306386429,2.11162233290091e-05,"purple","Ribosome_Biogenesis_Chromatin",0.753471176504468,-0.47666053563969,1,0,7.33177749199884e-06,4.60616846517925e-05,NA
"PCYOX1L","PCYOX1L","ENSG00000145882",-0.387082011045484,9.08282905491082e-06,"purple","Ribosome_Biogenesis_Chromatin",0.594809984684196,-0.499453530196895,1,0,7.06573289883059e-06,2.17651351389371e-05,NA
"RPAP1","RPAP1","ENSG00000103932",-0.335740073115959,9.62409513408514e-06,"purple","Ribosome_Biogenesis_Chromatin",0.714013051984799,-0.497742754104171,4,5.53912156649971e-05,6.64040548725519e-06,1.59093995281223e-05,NA
"DOP1B","DOP1B","ENSG00000142197",-0.356077303555787,1.34690273567894e-08,"purple","Ribosome_Biogenesis_Chromatin",0.755357060385552,-0.576999387004411,3,0.000111997646850474,5.82321876633279e-06,1.11285006673644e-05,NA
"PLEKHG2","PLEKHG2","ENSG00000090924",-0.279455696783013,0.00337421588402436,"purple","Ribosome_Biogenesis_Chromatin",0.6473201864432,-0.36063917540429,1,0,3.29341770292329e-06,1.3878770572931e-05,NA
"JKAMP","JKAMP","ENSG00000050130",0.248229877773398,0.000465431866312577,"purple","Ribosome_Biogenesis_Chromatin",-0.618896621842258,0.409805990433518,1,0,2.47169618148925e-06,7.01794477999743e-06,NA
"SIPA1L3","SIPA1L3","ENSG00000105738",-0.307307994132653,0.000717635202495603,"purple","Ribosome_Biogenesis_Chromatin",0.768823566424954,-0.414585317661468,1,0,2.35159464752503e-06,6.03497283628779e-06,NA
"RFTN1","RFTN1","ENSG00000131378",-0.36099618818104,7.11565552534214e-09,"purple","Ribosome_Biogenesis_Chromatin",0.737879362534963,-0.589501504418286,1,0,2.2877111620508e-06,8.9538470565768e-06,NA
"PROSER1","PROSER1","ENSG00000120685",-0.334181714690807,0.00321090128248859,"purple","Ribosome_Biogenesis_Chromatin",0.704928662909909,-0.365666018254147,2,2.64426558850212e-05,1.3131902242974e-06,3.76903131505301e-06,NA
"TOB2","TOB2","ENSG00000183864",-0.43685191205202,5.23473075569156e-15,"purple","Ribosome_Biogenesis_Chromatin",0.849024389330065,-0.695713698134957,1,0,4.72578117703912e-07,1.86104712033497e-06,NA
NA,NA,"ENSG00000132142",-0.257458572989416,0.00144126485835421,"purple","Ribosome_Biogenesis_Chromatin",0.680288055652918,-0.405189299907216,NA,NA,NA,NA,NA
"PRR12",NA,"ENSG00000126464",-0.648075520510067,1.9979895275853e-17,"purple","Ribosome_Biogenesis_Chromatin",0.934306581694385,-0.729657739152753,NA,NA,NA,NA,NA
"TSPOAP1-AS1",NA,"ENSG00000265148",-0.375311002469958,0.00152340946208042,"purple","Ribosome_Biogenesis_Chromatin",0.490963787003526,-0.351633295670417,NA,NA,NA,NA,NA
"LINC01278",NA,"ENSG00000235437",-0.552226032343287,0.000230713353166316,"purple","Ribosome_Biogenesis_Chromatin",0.620362890311404,-0.418191476913517,NA,NA,NA,NA,NA
"NPIPB4",NA,"ENSG00000185864",-0.638561308190141,6.65636011796385e-05,"purple","Ribosome_Biogenesis_Chromatin",0.65858480632011,-0.444748255889028,NA,NA,NA,NA,NA
NA,NA,"ENSG00000006114",-0.340220934044406,1.33508449159523e-08,"purple","Ribosome_Biogenesis_Chromatin",0.802517176733018,-0.582634610991274,NA,NA,NA,NA,NA
"NPIPB5",NA,"ENSG00000243716",-0.832570494781688,0.000187393795728867,"purple","Ribosome_Biogenesis_Chromatin",0.639580982376528,-0.444522393681231,NA,NA,NA,NA,NA
NA,NA,"ENSG00000135213",-0.454379758264952,3.57382572666513e-08,"purple","Ribosome_Biogenesis_Chromatin",0.833485430585545,-0.587440655296981,NA,NA,NA,NA,NA
NA,NA,"ENSG00000141720",-0.248610195564578,2.64241816518114e-10,"purple","Ribosome_Biogenesis_Chromatin",0.76645705935481,-0.63947777627918,NA,NA,NA,NA,NA
"NPIPB3",NA,"ENSG00000169246",-0.545104111781243,0.000906286536474351,"purple","Ribosome_Biogenesis_Chromatin",0.607226078473633,-0.38385559476565,NA,NA,NA,NA,NA
"SP2",NA,"ENSG00000167182",-0.142880746366243,0.162576725629655,"purple","Ribosome_Biogenesis_Chromatin",0.406445201509529,-0.183022124942332,NA,NA,NA,NA,NA
NA,NA,"ENSG00000130723",-0.557192716604846,5.98294480869482e-16,"purple","Ribosome_Biogenesis_Chromatin",0.877224040087112,-0.707747874895326,NA,NA,NA,NA,NA
