"Gene","Module","GS_TB","p_GS_TB","MM","p_MM"
"ENSG00000111371","blue",-0.586864599175426,6.8584247665145e-09,0.968582322997401,4.12723287392088e-50
"ENSG00000172575","blue",-0.524093121175436,4.34450217307123e-07,0.955034392967897,5.36913605753191e-44
"ENSG00000113732","blue",0.623596621476203,3.90331357686638e-10,-0.953304007779374,2.35101003861097e-43
"ENSG00000113263","blue",-0.564112123436123,3.40939183764273e-08,0.952062340822796,6.55613203521621e-43
"ENSG00000158773","blue",0.62827686455712,2.63644978430016e-10,-0.946611946317065,4.37716283457826e-41
"ENSG00000177674","blue",0.633534819365676,1.6831971174553e-10,-0.946515009795081,4.69768797490236e-41
"ENSG00000214212","blue",0.606921535485544,1.50038170496513e-09,-0.942052351357713,1.06209614276387e-39
"ENSG00000213719","blue",0.652513574108474,3.09660730819773e-11,-0.941741343148337,1.30769689872263e-39
"ENSG00000104915","blue",0.606505502922698,1.55010079116964e-09,-0.940927586356151,2.24161182027575e-39
"ENSG00000118922","blue",-0.523811680478393,4.41791443096879e-07,0.940822843228916,2.40129267441208e-39
"ENSG00000257093","blue",-0.476918398590197,5.90437427670989e-06,0.940443562522224,3.07754845423124e-39
"ENSG00000119655","blue",0.690914753024037,6.79190618570396e-13,-0.939388021043589,6.08719297335615e-39
"ENSG00000101160","blue",0.625632015301494,3.29360255592577e-10,-0.938545151820568,1.04028456232513e-38
"ENSG00000116691","blue",0.599615485307409,2.64179330959524e-09,-0.93729813284378,2.26729583874221e-38
"ENSG00000060491","blue",0.57481578594598,1.6279152251428e-08,-0.935206129394921,8.0876190542506e-38
"ENSG00000133030","blue",-0.569199277610925,2.40722445077356e-08,0.934342679392785,1.35029087517462e-37
"ENSG00000164713","blue",0.575096904220962,1.59604366366917e-08,-0.9340412038156,1.61227278769204e-37
"ENSG00000168685","blue",-0.583319379554004,8.87705087217492e-09,0.933285129210882,2.50602339882476e-37
"ENSG00000204264","blue",0.683227300445513,1.52839628402908e-12,-0.932179066946916,4.73356937162945e-37
"ENSG00000169223","blue",0.524685694963355,4.19368890450846e-07,-0.930873305236166,9.89277311819183e-37
"ENSG00000115325","blue",0.552469253014359,7.40001167710201e-08,-0.929996169977376,1.61013827479884e-36
"ENSG00000118508","blue",0.61881756841146,5.78823690553091e-10,-0.929516756893252,2.09569575459297e-36
"ENSG00000131100","blue",0.570064986271698,2.26745046985952e-08,-0.928607744127509,3.43688010675055e-36
"ENSG00000092010","blue",0.662301063028392,1.23315999352924e-11,-0.928143564215805,4.41343291378433e-36
"ENSG00000112159","blue",-0.52698670197932,3.65374134438124e-07,0.927539711551006,6.09516413607131e-36
"ENSG00000134954","blue",-0.683538930001442,1.47967172438965e-12,0.92671285245483,9.44101429079336e-36
"ENSG00000124177","blue",-0.642203705049221,7.88187243004363e-11,0.925716836699868,1.58852002246465e-35
"ENSG00000082512","blue",-0.513868858655135,7.90954935556611e-07,0.924160987784934,3.52982223650115e-35
"ENSG00000234745","blue",0.577885920174527,1.31042686514533e-08,-0.9226010156399,7.72822958250649e-35
"ENSG00000171791","blue",-0.578827167990877,1.22555368064409e-08,0.922077839973311,1.00142949346663e-34
"ENSG00000182670","blue",-0.577090675085897,1.38647159981282e-08,0.921913349966936,1.08602866168357e-34
"ENSG00000169692","blue",0.563555546301199,3.54047167439633e-08,-0.919724165415626,3.14316401395668e-34
"ENSG00000109452","blue",-0.519325403576602,5.75889114577153e-07,0.918898059011542,4.65720962388736e-34
"ENSG00000240065","blue",0.702684616494853,1.86666829089575e-13,-0.918830425479079,4.80867464626169e-34
"ENSG00000127334","blue",-0.513228111140909,8.20687715268533e-07,0.918540174751858,5.51491644588913e-34
"ENSG00000175756","blue",0.493334467827124,2.48810229833963e-06,-0.918493049617915,5.63872188727492e-34
"ENSG00000204386","blue",0.573250755464464,1.81672828386807e-08,-0.917996217240979,7.11998817870083e-34
"ENSG00000137767","blue",0.668480163996563,6.77393728708907e-12,-0.917955340921414,7.25746512001487e-34
"ENSG00000213722","blue",0.561925024898745,3.95263281340956e-08,-0.9176834772297,8.23977633728672e-34
"ENSG00000078687","blue",-0.634083927724095,1.60534736761287e-10,0.916599621352148,1.36092139289757e-33
"ENSG00000088387","blue",-0.648603138875348,4.43202215149533e-11,0.915937713465701,1.84274119939312e-33
"ENSG00000025708","blue",0.682331305451772,1.67724005309959e-12,-0.91566007830162,2.0910022978537e-33
"ENSG00000143515","blue",-0.625899501774037,3.22060707619526e-10,0.9154780404839,2.2711303564798e-33
"ENSG00000111229","blue",0.649895529336284,3.93901718116204e-11,-0.915374648557009,2.38006671656047e-33
"ENSG00000130429","blue",0.498479746924931,1.88009694601422e-06,-0.915133942452334,2.65374073276597e-33
"ENSG00000170989","blue",-0.605026666003967,1.73989039715804e-09,0.913131282255019,6.48309827917693e-33
"ENSG00000094916","blue",-0.628774635458527,2.52770812084498e-10,0.912253498800597,9.52514828072102e-33
"ENSG00000116984","blue",-0.531570014766002,2.76809333170126e-07,0.911782567116377,1.16894776972169e-32
"ENSG00000089775","blue",-0.472773905972865,7.29291253715663e-06,0.911771401949089,1.17461981240962e-32
"ENSG00000127152","blue",-0.666243621477709,8.42796170743548e-12,0.911651144209446,1.23743443748127e-32
"ENSG00000149308","blue",-0.529321005036316,3.17365396957358e-07,0.911635610482554,1.24578273078202e-32
"ENSG00000169228","blue",0.684277793839547,1.37004548240703e-12,-0.909545824918177,3.04412434925811e-32
"ENSG00000167984","blue",-0.564368629294537,3.35054832544537e-08,0.909049630547296,3.7515595902084e-32
"ENSG00000051523","blue",0.498331657382358,1.89544140605615e-06,-0.908077257700335,5.63057442864934e-32
"ENSG00000122694","blue",0.613374721794876,8.99385492012282e-10,-0.907284411484074,7.81434563437234e-32
"ENSG00000148450","blue",0.606369050449503,1.56674804526071e-09,-0.906216224612344,1.20963806179242e-31
"ENSG00000102032","blue",0.491119698601989,2.8031257452488e-06,-0.906214347409899,1.21056168594429e-31
"ENSG00000182568","blue",-0.500318961915119,1.69902342747756e-06,0.90525842167209,1.78191301716687e-31
"ENSG00000103496","blue",0.476909377696662,5.9071069245803e-06,-0.905237071800004,1.79728123645256e-31
"ENSG00000152495","blue",-0.509148684535421,1.03621102943313e-06,0.904430421612739,2.4824655118007e-31
"ENSG00000160446","blue",0.543268704125311,1.33739352962557e-07,-0.902795834537193,4.73518753084858e-31
"ENSG00000117602","blue",-0.635402355592965,1.43226249790454e-10,0.902738849687304,4.84199745475906e-31
"ENSG00000113649","blue",-0.49871572122452,1.85588786284627e-06,0.902120060058434,6.16360579710383e-31
"ENSG00000125826","blue",0.597328434529368,3.14447733247759e-09,-0.901999818504156,6.45833074048583e-31
"ENSG00000118058","blue",-0.508065471011837,1.10183998250373e-06,0.901387712655221,8.18428885117707e-31
"ENSG00000015133","blue",-0.654922335898799,2.47647638369255e-11,0.899216938108878,1.8724633858557e-30
"ENSG00000171456","blue",-0.621728115787218,4.55700769421885e-10,0.898458912968836,2.48888129434837e-30
"ENSG00000204472","blue",0.555059855119853,6.24391064864503e-08,-0.897553390507955,3.4863612400689e-30
"ENSG00000117118","blue",0.597876375697991,3.01632449702891e-09,-0.89745602335267,3.61434254817076e-30
"ENSG00000188971","blue",-0.580504693748573,1.08711575600847e-08,0.897400622930533,3.68918853512214e-30
"ENSG00000198799","blue",-0.458815310023978,1.45615924413243e-05,0.897225269505392,3.93615830590004e-30
"ENSG00000170458","blue",0.547204699531826,1.04050888445963e-07,-0.896406161811412,5.31935228872712e-30
"ENSG00000023902","blue",0.558179700575716,5.07893855779888e-08,-0.895373919197149,7.74688643169763e-30
"ENSG00000241685","blue",0.583086475275178,9.02781511162306e-09,-0.894959661595197,8.99852029575355e-30
"ENSG00000158517","blue",0.472836715294602,7.26975509777517e-06,-0.894420476191459,1.09250849924072e-29
"ENSG00000101695","blue",-0.616494601592036,6.99330186252558e-10,0.893644889432219,1.44152862213039e-29
"ENSG00000027075","blue",-0.65592501136845,2.25515798391823e-11,0.893509301635537,1.51277996223182e-29
"ENSG00000071073","blue",-0.555568015399525,6.03825638768286e-08,0.893387298231264,1.57981018045853e-29
"ENSG00000030582","blue",0.494996186193823,2.27396637750248e-06,-0.893001127942894,1.81156350263138e-29
"ENSG00000165929","blue",-0.464069567532916,1.12643802152843e-05,0.892803431607023,1.94267355639463e-29
"ENSG00000064601","blue",0.63094017173294,2.10263956190675e-10,-0.892616134236646,2.07536837389118e-29
"ENSG00000001461","blue",-0.522759474867877,4.70290683338804e-07,0.892461004122353,2.1919071729845e-29
"ENSG00000161405","blue",-0.500580131823678,1.67468549989994e-06,0.891497165625057,3.07207448080459e-29
"ENSG00000104518","blue",0.668889545639242,6.50707262402598e-12,-0.89130149136295,3.28872144749224e-29
"ENSG00000099860","blue",0.7289621332692,8.21101160028747e-15,-0.891175043282165,3.43654528309818e-29
"ENSG00000143458","blue",-0.654451372309471,2.58748946512991e-11,0.890620045762797,4.16538366025461e-29
"ENSG00000169230","blue",0.59273716435764,4.44261501426663e-09,-0.890481184897931,4.37003268087628e-29
"ENSG00000141574","blue",0.69914895414773,2.76955925915508e-13,-0.89011176138244,4.96321933211088e-29
"ENSG00000163154","blue",0.568436347564932,2.53716813468028e-08,-0.890045571026349,5.07746615998462e-29
"ENSG00000124203","blue",-0.615651765437185,7.48717337791766e-10,0.89004318156859,5.08163788561908e-29
"ENSG00000204482","blue",0.506137586398648,1.22845550472862e-06,-0.889820113342784,5.48611780324633e-29
"ENSG00000126759","blue",0.416494177292087,9.94126811529082e-05,-0.889815490306892,5.49482299984803e-29
"ENSG00000140948","blue",-0.553342649221501,6.98923359993318e-08,0.889795833488924,5.531987005706e-29
"ENSG00000204525","blue",0.529780492898624,3.08647654358467e-07,-0.888736624101861,7.93984566984941e-29
"ENSG00000206503","blue",0.594601523977283,3.86345594554152e-09,-0.888419084818444,8.84197235838004e-29
"ENSG00000011523","blue",-0.498616233754081,1.86605844467743e-06,0.888258711369183,9.33469359705466e-29
"ENSG00000146021","blue",-0.593276887261618,4.26694250354727e-09,0.887870473662209,1.06405608826596e-28
"ENSG00000175550","blue",0.550592114017888,8.36181369933437e-08,-0.887533665602264,1.19159008592261e-28
"ENSG00000108479","blue",0.518943637210154,5.88923984814774e-07,-0.887389146837134,1.25075907366712e-28
"ENSG00000070061","blue",-0.573274582214923,1.81370341966915e-08,0.887262299491973,1.30503823739061e-28
"ENSG00000117020","blue",-0.525302289532637,4.04202910700429e-07,0.886618790156441,1.61763652759958e-28
"ENSG00000181817","blue",0.540392118408209,1.60344309400171e-07,-0.885616038715678,2.25467284199136e-28
"ENSG00000143570","blue",0.584429264574022,8.19097667971412e-09,-0.884665835607652,3.07958980653948e-28
"ENSG00000184677","blue",-0.544848751239288,1.20966467636898e-07,0.884579149387199,3.16801309560089e-28
"ENSG00000167851","blue",0.628976345537467,2.484877572938e-10,-0.884396922370478,3.36200921724096e-28
"ENSG00000132849","blue",-0.560012663539328,4.49419287174148e-08,0.884394224279881,3.36496654530523e-28
"ENSG00000148834","blue",0.705083364652765,1.42359917307904e-13,-0.883923666722227,3.92131955706188e-28
"ENSG00000122705","blue",0.50998655173612,9.87996926359258e-07,-0.883574401863398,4.39106219362004e-28
"ENSG00000125430","blue",-0.530268415222495,2.99638921488744e-07,0.883372658382251,4.68684861988374e-28
"ENSG00000079335","blue",-0.472722431051021,7.31194261922631e-06,0.883323607308591,4.76163978724707e-28
"ENSG00000104805","blue",0.594938007672277,3.76691856391153e-09,-0.883093762490589,5.12782816963482e-28
"ENSG00000151612","blue",-0.467408499174053,9.54753109911639e-06,0.882746389967856,5.73371090782266e-28
"ENSG00000163220","blue",0.672734401596355,4.44730337813871e-12,-0.882174082323709,6.88670864714699e-28
"ENSG00000115365","blue",-0.427838367058424,6.08921225482182e-05,0.882107245463199,7.03522633227187e-28
"ENSG00000178562","blue",-0.559732139819816,4.57933457532166e-08,0.881916443466838,7.47653455970528e-28
"ENSG00000086504","blue",0.415990033407671,0.000101561151617697,-0.881367572973647,8.90132547928293e-28
"ENSG00000204592","blue",0.555126645073244,6.21650556267465e-08,-0.881122786732753,9.6187624673557e-28
"ENSG00000116209","blue",0.62183509473745,4.51691242261949e-10,-0.879962449779047,1.38578331036988e-27
"ENSG00000096433","blue",-0.564943088889584,3.22225002621766e-08,0.879595489092441,1.55419320529143e-27
"ENSG00000090905","blue",-0.496161770452474,2.13425537980916e-06,0.878370151023903,2.27331383860694e-27
"ENSG00000149311","blue",-0.449127783833184,2.31228028101103e-05,0.878349106225869,2.28812797066623e-27
"ENSG00000088298","blue",0.641959276096214,8.05495915680596e-11,-0.877101643248747,3.35558557167056e-27
"ENSG00000157873","blue",0.581553446394896,1.00828140203968e-08,-0.876962533608213,3.501061547582e-27
"ENSG00000105058","blue",0.544981517736837,1.19947638602358e-07,-0.875669145508655,5.18212066382461e-27
"ENSG00000243335","blue",-0.446700790466241,2.59064204739977e-05,0.875667645886392,5.18446422415464e-27
"ENSG00000114423","blue",-0.61325766646715,9.07866825129882e-10,0.875385660671544,5.64393554613684e-27
"ENSG00000204642","blue",0.619961536005707,5.2704752266889e-10,-0.874622885352954,7.09401005533151e-27
"ENSG00000101608","blue",0.597261591032446,3.16046190739542e-09,-0.874554890463436,7.23957314444667e-27
"ENSG00000182487","blue",0.554790376988864,6.35565263202928e-08,-0.873966468633297,8.62654816607864e-27
"ENSG00000047579","blue",0.568130279686583,2.59115193636771e-08,-0.873146258275026,1.0998008095373e-26
"ENSG00000174744","blue",0.432671736089082,4.9151241064279e-05,-0.871770308369131,1.64673849995523e-26
"ENSG00000132963","blue",0.626376736178868,3.09420298827845e-10,-0.871512077525938,1.77541884574955e-26
"ENSG00000060558","blue",0.55425230913279,6.58447808571511e-08,-0.870693699223363,2.25109152089065e-26
"ENSG00000153283","blue",-0.650667511780775,3.67010953821752e-11,0.869402972020443,3.26265476252302e-26
"ENSG00000111321","blue",0.639074515385855,1.03936814588271e-10,-0.869165000072417,3.49221116984915e-26
"ENSG00000125970","blue",0.383594108704209,0.000374576805455775,-0.868641245626442,4.05404825649163e-26
"ENSG00000135749","blue",-0.532134648533338,2.6742715126801e-07,0.867972623794443,4.89998353798789e-26
"ENSG00000107771","blue",-0.584159613991162,8.35285280737449e-09,0.867273492064568,5.96729446918652e-26
"ENSG00000136111","blue",-0.540358162931365,1.6068645287108e-07,0.867003076466195,6.43798163773506e-26
"ENSG00000131446","blue",0.47627185452518,6.10326331883062e-06,-0.866589312084297,7.22871712673014e-26
"ENSG00000101421","blue",0.356798276140159,0.0010006110864074,-0.866551401810457,7.30571124677733e-26
"ENSG00000205220","blue",0.622369843304096,4.32150109515937e-10,-0.866526534609428,7.35664734299052e-26
"ENSG00000165178","blue",0.557259859180946,5.39896497431942e-08,-0.866394235699152,7.63349045315991e-26
"ENSG00000185477","blue",-0.420941199120632,8.22038811429145e-05,0.865756960450261,9.1151374979455e-26
"ENSG00000056558","blue",-0.543651931428162,1.30528802812527e-07,0.865270919083449,1.04293221456284e-25
"ENSG00000151623","blue",-0.601656304658675,2.25886343092256e-09,0.86516114718651,1.0750660020786e-25
"ENSG00000030066","blue",-0.520901440147925,5.24909783917905e-07,0.864521409158139,1.282364697919e-25
"ENSG00000124181","blue",-0.623409580621407,3.96446896614239e-10,0.864353262226614,1.34299360992338e-25
"ENSG00000072858","blue",-0.612517604344673,9.63285551543756e-10,0.86392650019274,1.50963739597979e-25
"ENSG00000063587","blue",-0.546592025685345,1.08219774877256e-07,0.863882004859376,1.52812594623566e-25
"ENSG00000136810","blue",0.625691223944199,3.27730962234004e-10,-0.863439911434643,1.72418266705438e-25
"ENSG00000196177","blue",-0.493658164590382,2.44495489515199e-06,0.863052286734953,1.9160103694957e-25
"ENSG00000186260","blue",-0.466275965159918,1.01003114466729e-05,0.862846034361171,2.02636846454869e-25
"ENSG00000259834","blue",-0.415579414341835,0.000103342736073236,0.862818278220962,2.04168298493104e-25
"ENSG00000101096","blue",-0.690409113819219,7.169592546355e-13,0.862779845107256,2.0630742209473e-25
"ENSG00000085788","blue",-0.549671633559003,8.87573696341674e-08,0.862652913840227,2.13527950214788e-25
"ENSG00000130755","blue",0.517018492785375,6.59016391833243e-07,-0.862336952520105,2.32583478631071e-25
"ENSG00000164985","blue",-0.445812675905604,2.70009362695011e-05,0.861683611697868,2.77365518346485e-25
"ENSG00000100300","blue",0.442989054948584,3.07740964393118e-05,-0.861585796714243,2.84752870209668e-25
"ENSG00000156650","blue",-0.622952468227555,4.11781157316827e-10,0.861582641695703,2.84994301401065e-25
"ENSG00000101191","blue",-0.474561446473969,6.66016536646497e-06,0.860709943705173,3.59996866459778e-25
"ENSG00000198677","blue",-0.435944555794799,4.24364312019867e-05,0.859956899171628,4.39844165183944e-25
"ENSG00000142409","blue",0.452554854097848,1.96647915142258e-05,-0.859915186832057,4.44736838027227e-25
"ENSG00000164466","blue",-0.576348776571213,1.46119111533743e-08,0.859655575907224,4.76397353138903e-25
"ENSG00000162517","blue",0.420433675986918,8.40178862918731e-05,-0.859470684365838,5.0026860260808e-25
"ENSG00000102763","blue",-0.55255919451067,7.35667389668805e-08,0.859040223541205,5.60431640144885e-25
"ENSG00000015475","blue",0.467667983189065,9.42493486872406e-06,-0.858840159760643,5.90730187456339e-25
"ENSG00000109920","blue",-0.399865352369037,0.000197739813521817,0.858809729873151,5.95475788136717e-25
"ENSG00000134153","blue",0.581693696813729,9.98161488181677e-09,-0.858480146800181,6.49305343840733e-25
"ENSG00000186174","blue",-0.650216527169889,3.82498304464323e-11,0.858279297678402,6.8439505274251e-25
"ENSG00000011422","blue",0.542828984483493,1.37515460856465e-07,-0.858109603287721,7.15470620135551e-25
"ENSG00000159352","blue",0.340172846714446,0.00176647318447973,-0.858044144957462,7.27820271095531e-25
"ENSG00000173812","blue",0.487677560965306,3.36817259636496e-06,-0.857444829247628,8.50942324370442e-25
"ENSG00000187531","blue",0.515306286332418,7.27913738640391e-07,-0.857240434725005,8.97383907226721e-25
"ENSG00000197019","blue",0.489892726873956,2.99343578267714e-06,-0.856850787315003,9.92828457979472e-25
"ENSG00000102393","blue",0.5708338966458,2.14981469801839e-08,-0.856244598463635,1.16120198706678e-24
"ENSG00000143543","blue",0.531480161609166,2.78330824244188e-07,-0.856083412291972,1.21044644861186e-24
"ENSG00000113312","blue",0.479798301933485,5.09011996670186e-06,-0.856030275768818,1.22712021020868e-24
"ENSG00000101654","blue",-0.484357034827824,4.01340411596734e-06,0.854828927875961,1.66949742162078e-24
"ENSG00000042753","blue",0.433439103800176,4.74936075307465e-05,-0.854663443932484,1.74143941076054e-24
"ENSG00000125952","blue",0.567175244227156,2.7667153513584e-08,-0.854483441936894,1.82310941210371e-24
"ENSG00000108639","blue",0.50597621803577,1.23965404279202e-06,-0.85447053423323,1.82910661715492e-24
"ENSG00000121406","blue",-0.5276915975345,3.50196654052275e-07,0.854258145254574,1.93058116766184e-24
"ENSG00000177272","blue",-0.495523755862533,2.20969555787882e-06,0.854081552221377,2.01909507226533e-24
"ENSG00000106636","blue",0.454654557945277,1.77914803492304e-05,-0.854066075533296,2.02703755063752e-24
"ENSG00000188186","blue",0.443045384794193,3.06942446620827e-05,-0.853681683069482,2.23432501824289e-24
"ENSG00000158793","blue",0.625129114358696,3.43515185442816e-10,-0.85363937925231,2.25835673411291e-24
"ENSG00000101445","blue",-0.586751580172217,6.91539564100349e-09,0.852856648095908,2.75103992414741e-24
"ENSG00000175203","blue",0.496922270834689,2.04750191307107e-06,-0.852500036888413,3.00870384164803e-24
"ENSG00000153107","blue",-0.633011491182129,1.76074925040102e-10,0.852174696167194,3.26409934054178e-24
"ENSG00000122707","blue",-0.544473903805105,1.23887496403694e-07,0.852129023722226,3.30159579293343e-24
"ENSG00000105402","blue",0.517389876933714,6.44908828080764e-07,-0.85212619341226,3.30393314432329e-24
"ENSG00000179981","blue",-0.650225407418562,3.82187381990162e-11,0.85207470109988,3.34673844460093e-24
"ENSG00000134744","blue",-0.574082534235664,1.71392462503769e-08,0.851080704682755,4.28673736270611e-24
"ENSG00000166881","blue",-0.497323424206072,2.00308995151247e-06,0.85076837835356,4.63175028396334e-24
"ENSG00000176928","blue",-0.4532791331085,1.89987239896514e-05,0.850308916609312,5.18873843481879e-24
"ENSG00000150977","blue",0.437176038829221,4.01387913491952e-05,-0.85005914399169,5.51826000926734e-24
"ENSG00000122490","blue",0.529899299289033,3.06430749742488e-07,-0.850046432073161,5.53556284520131e-24
"ENSG00000172725","blue",0.569558857694066,2.34820028795377e-08,-0.849873511408679,5.7762284479897e-24
"ENSG00000164284","blue",-0.428560642657881,5.89860117021212e-05,0.849685514443654,6.04939664834744e-24
"ENSG00000127603","blue",-0.50604328397157,1.23498819711773e-06,0.849617425271499,6.15139309624155e-24
"ENSG00000055070","blue",0.442140808313577,3.20002046814128e-05,-0.849374129515737,6.52966180604847e-24
"ENSG00000109854","blue",0.652232047115647,3.17813554431437e-11,-0.848198633515747,8.69904060666295e-24
"ENSG00000144749","blue",-0.600765737536294,2.41894644367162e-09,0.847652396031222,9.93126876574451e-24
"ENSG00000143924","blue",-0.402835866567698,0.00017534146334335,0.847062461131672,1.14521836275251e-23
"ENSG00000135211","blue",0.65178050759516,3.3132159454716e-11,-0.846840692956372,1.20804800977787e-23
"ENSG00000143612","blue",0.604277948698626,1.84425306023623e-09,-0.846749655645021,1.23479723049665e-23
"ENSG00000013583","blue",0.618205895001411,6.08470055063394e-10,-0.846194640138391,1.4107489629183e-23
"ENSG00000173200","blue",-0.359615328477811,0.000905958354744978,0.845766580063969,1.5628403264024e-23
"ENSG00000134905","blue",0.653211837081323,2.90296618903464e-11,-0.845686716199627,1.59292587013525e-23
"ENSG00000078403","blue",-0.457673962919693,1.5388203167829e-05,0.845617682901039,1.61938363163414e-23
"ENSG00000124357","blue",0.598091436195822,2.96740178187998e-09,-0.845607700579736,1.62324457943959e-23
"ENSG00000174197","blue",-0.514616031703482,7.57569156852166e-07,0.845513840101203,1.6599873630128e-23
"ENSG00000160654","blue",-0.500238870074084,1.70655358371462e-06,0.844942542825293,1.90166178205641e-23
"ENSG00000091409","blue",-0.565387270369752,3.12626627501548e-08,0.844136265972179,2.30163961275028e-23
"ENSG00000162402","blue",-0.565214722971263,3.16322459497719e-08,0.843423769943948,2.72213079676686e-23
"ENSG00000106605","blue",0.677156498208597,2.85053028416336e-12,-0.843075517805183,2.95389535670757e-23
"ENSG00000099204","blue",-0.607864624681962,1.39325720486512e-09,0.842496882938731,3.38194465211842e-23
"ENSG00000186074","blue",0.500051397724216,1.72430273655762e-06,-0.84220075894547,3.62369910241489e-23
"ENSG00000114982","blue",-0.57146564650489,2.05753438445464e-08,0.842001533595208,3.7956932086307e-23
"ENSG00000164323","blue",-0.466631498003279,9.92363044245952e-06,0.841851473490049,3.93044550161075e-23
"ENSG00000054116","blue",0.508223739827243,1.09201207589002e-06,-0.841426176733932,4.33806467306416e-23
"ENSG00000100099","blue",-0.517577550038285,6.37888839899663e-07,0.840865857009137,4.93814330027194e-23
"ENSG00000181827","blue",-0.457101119923225,1.58194266999039e-05,0.840806852530453,5.00583248480624e-23
"ENSG00000166860","blue",-0.474117646475964,6.81226660913521e-06,0.840662134000035,5.1756852781359e-23
"ENSG00000103064","blue",-0.49314953958694,2.51307319667692e-06,0.840428639551175,5.4615847556017e-23
"ENSG00000198932","blue",-0.584850460607862,7.94409601315818e-09,0.840288143643279,5.6409343269137e-23
"ENSG00000233461","blue",0.583293938716831,8.89340177398333e-09,-0.839682304766489,6.48195409781681e-23
"ENSG00000213626","blue",-0.574443480288637,1.67105904920193e-08,0.839607503553919,6.59387090858651e-23
"ENSG00000178104","blue",-0.505037576540722,1.3067267909442e-06,0.839414707709111,6.89104177195106e-23
"ENSG00000188785","blue",-0.386743928471068,0.000331850352323347,0.839332670227842,7.02139614030038e-23
"ENSG00000132199","blue",-0.475408798144893,6.37856706147653e-06,0.83880079245379,7.92644447055382e-23
"ENSG00000051825","blue",-0.341190398951792,0.0017075736127128,0.838434802035615,8.61390633980123e-23
"ENSG00000117984","blue",0.450496354343339,2.16788809058363e-05,-0.838279563128961,8.92266202359228e-23
"ENSG00000188177","blue",-0.468970898150017,8.83134249688214e-06,0.838250939420415,8.98075232608419e-23
"ENSG00000160883","blue",0.66976327293772,5.97089028248568e-12,-0.83798325874046,9.54205558702216e-23
"ENSG00000130856","blue",-0.454918398681815,1.75682561959247e-05,0.837847748433448,9.8390371027781e-23
"ENSG00000033867","blue",-0.374026205399058,0.000537182703143955,0.837171465906205,1.14603798460003e-22
"ENSG00000184939","blue",-0.442827660514541,3.10039586421034e-05,0.83704949307192,1.1779175074009e-22
"ENSG00000198113","blue",0.519402192690562,5.73300426251499e-07,-0.836892880777321,1.22011395984974e-22
"ENSG00000164054","blue",0.543320985844043,1.33296982730495e-07,-0.83679289020792,1.24781769405269e-22
"ENSG00000051128","blue",0.495465679843444,2.21668589869845e-06,-0.836610645246268,1.29988870272727e-22
"ENSG00000132475","blue",0.514019486375545,7.84114581944781e-07,-0.836574309994936,1.31051950868238e-22
"ENSG00000224078","blue",-0.46621851328604,1.01291370607201e-05,0.836397099116231,1.36358744392236e-22
"ENSG00000197969","blue",-0.30983363526945,0.00461635643587833,0.836361572838777,1.37447423876475e-22
"ENSG00000109016","blue",0.567057596569363,2.78910951141044e-08,-0.83580353442416,1.55695886256864e-22
"ENSG00000185627","blue",0.414810191599885,0.000106758324175061,-0.835794755314923,1.56000957286784e-22
"ENSG00000172673","blue",-0.378741445984306,0.000450351864707154,0.83563903951914,1.61509362951221e-22
"ENSG00000058600","blue",-0.527329667874555,3.5791340231612e-07,0.835362789341706,1.71749327377007e-22
"ENSG00000152642","blue",-0.492339249761039,2.62529487455197e-06,0.835340559670395,1.7260016988131e-22
"ENSG00000069020","blue",-0.603033206978116,2.03111625638946e-09,0.835224017456648,1.77128165453322e-22
"ENSG00000069667","blue",-0.37545633780925,0.000509354117387894,0.835168969357124,1.79306800321986e-22
"ENSG00000074966","blue",-0.470442851446803,8.20295921888219e-06,0.834570005887838,2.04756725076732e-22
"ENSG00000159445","blue",-0.475691551163587,6.2871141755399e-06,0.834176981241949,2.23324448030352e-22
"ENSG00000101294","blue",0.418674668253003,9.0596120437274e-05,-0.834062834970015,2.29016354963278e-22
"ENSG00000152409","blue",-0.46771781247229,9.40156192937911e-06,0.834024358145459,2.30966520296143e-22
"ENSG00000104859","blue",0.505675560835926,1.26077623764526e-06,-0.833952304005183,2.34661934970589e-22
"ENSG00000154229","blue",-0.559371534121435,4.69103622334842e-08,0.833453754290646,2.61848529452489e-22
"ENSG00000169508","blue",-0.549579027253037,8.92906982714793e-08,0.833435682814139,2.62889275395688e-22
"ENSG00000058799","blue",0.606707683927518,1.5257450997441e-09,-0.833079578146565,2.84235221483125e-22
"ENSG00000165264","blue",0.512022765233598,8.79502732760639e-07,-0.832757957287706,3.04951815216292e-22
"ENSG00000142207","blue",-0.586249456169622,7.17400980489549e-09,0.832620482865273,3.14247082862753e-22
"ENSG00000112941","blue",-0.448640018262985,2.36587690097739e-05,0.832468672433444,3.24830949926599e-22
"ENSG00000237945","blue",-0.537772893210833,1.88869637317002e-07,0.83234593710214,3.33639739036791e-22
"ENSG00000138443","blue",-0.493389505048587,2.48071583980307e-06,0.831901124703944,3.67547398399674e-22
"ENSG00000167645","blue",0.482473504576947,4.42932765881569e-06,-0.831740306486673,3.80610504532033e-22
"ENSG00000104325","blue",0.626641950618258,3.0260242733858e-10,-0.831581692486427,3.93935062746537e-22
"ENSG00000153560","blue",-0.460871311258764,1.31763938854011e-05,0.831369061427196,4.12508962944256e-22
"ENSG00000071575","blue",-0.491418357244367,2.75855706744124e-06,0.830872642858399,4.59238792061276e-22
"ENSG00000187116","blue",0.551857794654392,7.70113188389946e-08,-0.830741790499141,4.72387291231297e-22
"ENSG00000171161","blue",0.444527850426252,2.86608856347727e-05,-0.830570262742448,4.90176972481935e-22
"ENSG00000070882","blue",-0.44453063771861,2.86571837370086e-05,0.829919721068785,5.63741140737059e-22
"ENSG00000116005","blue",-0.57607956011003,1.48924156973549e-08,0.829709012965753,5.89785276173612e-22
"ENSG00000080546","blue",-0.538582410895824,1.79576345980347e-07,0.828249053652315,8.0512734984478e-22
"ENSG00000197548","blue",0.57411975275305,1.70945663367981e-08,-0.827854697238533,8.75302653077424e-22
"ENSG00000168795","blue",-0.418346878236804,9.18735135568683e-05,0.827745324806882,8.95793250105254e-22
"ENSG00000075399","blue",0.69602485806818,3.90621317607222e-13,-0.827615984043213,9.20625460035033e-22
"ENSG00000168813","blue",-0.393719005034369,0.000252685241704748,0.827599881505993,9.23763327445739e-22
"ENSG00000106245","blue",0.417901724925697,9.36349982997659e-05,-0.827337890714087,9.76297711441968e-22
"ENSG00000164916","blue",-0.622334765425062,4.33406746192754e-10,0.827027519770531,1.04228760232327e-21
"ENSG00000173208","blue",-0.474822569145355,6.57216728907964e-06,0.826929225602277,1.06407377143581e-21
"ENSG00000151835","blue",-0.436903247244175,4.06375345899713e-05,0.82679811679374,1.09382135765487e-21
"ENSG00000114554","blue",-0.598453817697219,2.88667548133237e-09,0.826724040586414,1.11098353009074e-21
"ENSG00000136891","blue",-0.456685811190279,1.6139098967174e-05,0.826705170673533,1.11539691520039e-21
"ENSG00000198879","blue",-0.545781788312776,1.13976865218489e-07,0.826688113878065,1.11940086360179e-21
"ENSG00000065675","blue",-0.597343362724858,3.14091804812785e-09,0.826548310004656,1.15274814947801e-21
"ENSG00000163257","blue",-0.455714208796213,1.69107078082927e-05,0.826349686672015,1.20178686263061e-21
"ENSG00000204116","blue",-0.51524549038771,7.3048099846042e-07,0.825995452676264,1.29431070378548e-21
"ENSG00000068400","blue",0.614147232621888,8.45283629255243e-10,-0.82598787057956,1.29636471318663e-21
"ENSG00000187189","blue",-0.444513806329156,2.86795448622716e-05,0.825526622639264,1.42744209007044e-21
"ENSG00000146842","blue",-0.454819554546706,1.76515755000649e-05,0.825045489598166,1.57783937665908e-21
"ENSG00000154945","blue",-0.468775000127614,8.91829516125547e-06,0.824946712314566,1.61056356637797e-21
"ENSG00000260711","blue",-0.428228984234434,5.98542813095354e-05,0.824787951217354,1.66454319505031e-21
"ENSG00000153933","blue",-0.461202184425586,1.29653441672824e-05,0.823864406178362,2.01510076925789e-21
"ENSG00000112365","blue",-0.525118749763517,4.08662185699642e-07,0.823660073513373,2.10181994461569e-21
"ENSG00000135686","blue",-0.407857223633167,0.000142728504238026,0.823107880184198,2.35466398791542e-21
"ENSG00000116670","blue",0.517980137884861,6.23072790835191e-07,-0.823089074506565,2.36377451344134e-21
"ENSG00000272669","blue",0.566338243285139,2.92983518754772e-08,-0.822727443710557,2.54576369978943e-21
"ENSG00000113319","blue",-0.607821383183319,1.39800475469146e-09,0.822267706675321,2.79681459030411e-21
"ENSG00000137822","blue",-0.477349585002659,5.77513277125119e-06,0.822020550865159,2.94153407584019e-21
"ENSG00000115827","blue",-0.468750138169318,8.92938776675734e-06,0.821940320048113,2.99005396945982e-21
"ENSG00000147044","blue",-0.42006970975619,8.53415567370907e-05,0.821801462744799,3.07586774350044e-21
"ENSG00000118162","blue",0.616203963345684,7.15997568526654e-10,-0.821660177113948,3.16563087087018e-21
"ENSG00000145675","blue",-0.563706583661128,3.50443452387104e-08,0.821624830388712,3.18848181576944e-21
"ENSG00000142875","blue",-0.38121925585952,0.000410064253015652,0.820897832809254,3.695542560877e-21
"ENSG00000121057","blue",-0.63947611651842,1.00329156545505e-10,0.820882247782972,3.70722599279098e-21
"ENSG00000021355","blue",0.596651655664851,3.30994658655674e-09,-0.820807371406722,3.76385869563693e-21
"ENSG00000174373","blue",-0.440056408659053,3.52091902915695e-05,0.820297607844777,4.17232522140012e-21
"ENSG00000103657","blue",-0.602151341734541,2.17430793038857e-09,0.819815863583385,4.59762960029573e-21
"ENSG00000160087","blue",0.466164376994846,1.0156369637958e-05,-0.819706551349386,4.69982912016002e-21
"ENSG00000131069","blue",0.50879463661481,1.0572446526641e-06,-0.819368326708241,5.0301876256149e-21
"ENSG00000139746","blue",-0.36192974132927,0.00083436768814544,0.818862803546263,5.56627520566372e-21
"ENSG00000116106","blue",-0.627288449446224,2.86580328338688e-10,0.818411823539746,6.09094515725816e-21
"ENSG00000204261","blue",0.675983219242016,3.20998080335278e-12,-0.817752597398658,6.94503679925261e-21
"ENSG00000150907","blue",-0.669771775636846,5.96588716648368e-12,0.816732261167379,8.50022994726653e-21
"ENSG00000153944","blue",-0.358165431963848,0.000953607133905332,0.81647987063617,8.93416537921223e-21
"ENSG00000068120","blue",0.31401281506757,0.00406721679624595,-0.816434897173792,9.01370960144035e-21
"ENSG00000135945","blue",-0.3642510330322,0.000767772037372657,0.816402148048199,9.07206416558458e-21
"ENSG00000106244","blue",0.450245376616492,2.19372073379729e-05,-0.81630202672621,9.25274671515234e-21
"ENSG00000107679","blue",-0.40362404787089,0.000169804558528953,0.816077898221967,9.66994864581003e-21
"ENSG00000198455","blue",-0.551714856372011,7.77318316443232e-08,0.816038485344927,9.74517418528286e-21
"ENSG00000204439","blue",0.419471112754055,8.75606397281779e-05,-0.816013751520235,9.79267179940633e-21
"ENSG00000150459","blue",0.423101249259529,7.48821042772594e-05,-0.81598220441104,9.8535789683572e-21
"ENSG00000100426","blue",-0.501317260039008,1.60775460028066e-06,0.814958070459219,1.20429613829678e-20
"ENSG00000184840","blue",0.497182457904457,2.01859195911719e-06,-0.814235500910872,1.38640544155899e-20
"ENSG00000196187","blue",-0.521481411564399,5.07247858220293e-07,0.814007500100107,1.44921448919026e-20
"ENSG00000196693","blue",-0.439468634629155,3.61668398572644e-05,0.813992137892881,1.4535441644972e-20
"ENSG00000131089","blue",-0.684402871772407,1.35227823644594e-12,0.813869167247648,1.48865682990966e-20
"ENSG00000139832","blue",0.575426634115983,1.55941812504869e-08,-0.813187433914558,1.69873569564351e-20
"ENSG00000116863","blue",0.420886259956153,8.23984790797859e-05,-0.812559665365463,1.91739779740047e-20
"ENSG00000116127","blue",-0.607800361944507,1.40031829031962e-09,0.812331996895977,2.00324791525561e-20
"ENSG00000069275","blue",-0.549476599570353,8.98841329095925e-08,0.812067842697197,2.10752793580259e-20
"ENSG00000035115","blue",-0.529521109886779,3.13540582075379e-07,0.811827089647008,2.20713764014469e-20
"ENSG00000198556","blue",-0.436455969667008,4.14677896864332e-05,0.8117606861836,2.23540461546241e-20
"ENSG00000074696","blue",-0.474569279695215,6.65750957082906e-06,0.8115985119536,2.30592219850178e-20
"ENSG00000132680","blue",-0.359191254627786,0.000919665915719591,0.810991676366268,2.58941604379177e-20
"ENSG00000178971","blue",-0.51405858396,7.82348227785375e-07,0.810511922421146,2.83716989047473e-20
"ENSG00000143420","blue",0.547130198404458,1.0454955984032e-07,-0.810263745925147,2.97419500473939e-20
"ENSG00000157916","blue",0.627489489057993,2.81765840999881e-10,-0.809699855911424,3.30979118529676e-20
"ENSG00000245680","blue",-0.605153312611499,1.72280493831507e-09,0.809114453031953,3.69692120506888e-20
"ENSG00000120458","blue",-0.350948528719169,0.00122642028047833,0.808954725089657,3.80994904794669e-20
"ENSG00000151150","blue",-0.44917867384277,2.30675416374661e-05,0.808754682479301,3.95623358220955e-20
"ENSG00000263753","blue",-0.396293480093792,0.000228154200098516,0.808677513436728,4.0141069461664e-20
"ENSG00000006530","blue",-0.446092935594564,2.66509707327587e-05,0.808599709937773,4.07328612113173e-20
"ENSG00000165392","blue",-0.536369813358329,2.06066214696199e-07,0.808529333105184,4.12754383441923e-20
"ENSG00000142046","blue",0.460546447859239,1.33867344354056e-05,-0.808188860399914,4.4000773325969e-20
"ENSG00000181481","blue",0.65472104058724,2.52335347609729e-11,-0.807989564852159,4.56760977337451e-20
"ENSG00000100897","blue",0.524209266790071,4.3145439662713e-07,-0.80733261638861,5.16476806636991e-20
"ENSG00000171467","blue",-0.465591053222622,1.04490131834772e-05,0.807230263766475,5.26436747797338e-20
"ENSG00000105810","blue",-0.385728022258244,0.000345115369560825,0.806740518081721,5.76726951366e-20
"ENSG00000182010","blue",-0.457543422804943,1.54854925912216e-05,0.80641041477862,6.13217350689484e-20
"ENSG00000092330","blue",0.454309930328032,1.80870482321379e-05,-0.806299731557104,6.25945852009675e-20
"ENSG00000159267","blue",-0.603512264185191,1.95715305926959e-09,0.806197166733662,6.37968956317933e-20
"ENSG00000188636","blue",-0.603305966259264,1.98868297257498e-09,0.805956026661174,6.67124375937856e-20
"ENSG00000205542","blue",0.466683294988465,9.89813305513385e-06,-0.805832989997675,6.82493488411513e-20
"ENSG00000133056","blue",-0.449916649188988,2.22799085312737e-05,0.805453634006399,7.3207072578953e-20
"ENSG00000226608","blue",0.420212528039116,8.48198684781917e-05,-0.805280985384237,7.55772494419612e-20
"ENSG00000118680","blue",0.544556652767722,1.23236968708219e-07,-0.805237060182337,7.61920307667933e-20
"ENSG00000110888","blue",-0.36848361217609,0.000658667163288583,0.805013205911335,7.94011356050387e-20
"ENSG00000078589","blue",-0.511488291362273,9.06836889660707e-07,0.804607542462947,8.55533203122012e-20
"ENSG00000179532","blue",-0.503653050141175,1.41193824557447e-06,0.803624004870746,1.02447729590686e-19
"ENSG00000196313","blue",-0.598992269410075,2.77058893147104e-09,0.803413188468134,1.06468392138393e-19
"ENSG00000186566","blue",-0.623568735272117,3.91237369322999e-10,0.803191809362048,1.10854920805874e-19
"ENSG00000163820","blue",-0.522778655100954,4.69755965691879e-07,0.803189300641553,1.10905619300265e-19
"ENSG00000171611","blue",0.513452356547015,8.10163909133768e-07,-0.803133059089532,1.12048112761152e-19
"ENSG00000185885","blue",0.626140624935432,3.15613565122359e-10,-0.802651545674786,1.22307555037547e-19
"ENSG00000069493","blue",-0.351474256034039,0.00120438458294249,0.802574715605776,1.24026544135186e-19
"ENSG00000100578","blue",-0.478980664847071,5.3098746570311e-06,0.802401390148345,1.27990888515661e-19
"ENSG00000158864","blue",0.331389658631054,0.00235620438467348,-0.802370026028641,1.28721251730001e-19
"ENSG00000185909","blue",0.567412856138299,2.72200676187299e-08,-0.802031799700583,1.36858340690123e-19
"ENSG00000100319","blue",0.501822100794088,1.56337923849525e-06,-0.80185016691526,1.41431454197203e-19
"ENSG00000151135","blue",-0.389396664656974,0.000299388398108898,0.801721809331283,1.4475210356815e-19
"ENSG00000185344","blue",-0.408829725268041,0.000137100005620014,0.801688758378736,1.45619291764854e-19
"ENSG00000101363","blue",0.511370734738921,9.12955681399166e-07,-0.801649260884188,1.46662224431479e-19
"ENSG00000010671","blue",0.57508674248999,1.59718531443601e-08,-0.801315741839267,1.55762046484152e-19
"ENSG00000175414","blue",-0.428822288210959,5.83093049439441e-05,0.801230181842014,1.58183218766778e-19
"ENSG00000127995","blue",-0.328878100919015,0.00255463347893992,0.800741218155468,1.7273509619335e-19
"ENSG00000119522","blue",0.570749567442851,2.16242679206615e-08,-0.800669957742566,1.74961246461814e-19
"ENSG00000124374","blue",-0.551947380331128,7.65629805130719e-08,0.800019623090649,1.96603627526995e-19
"ENSG00000238105","blue",-0.414169538391964,0.000109682458216405,0.799970772774624,1.98330083731684e-19
"ENSG00000112473","blue",0.354160686320748,0.00109728418052905,-0.799526272087265,2.14729129769044e-19
"ENSG00000166405","blue",-0.401796793710763,0.000182895457872644,0.799463239735563,2.17158367587395e-19
"ENSG00000121892","blue",-0.5487741010776,9.40562627299006e-08,0.799307242115204,2.23285439055028e-19
"ENSG00000154174","blue",-0.481334703823041,4.70010227309617e-06,0.799042643274961,2.34062808553129e-19
"ENSG00000173611","blue",-0.344740688159007,0.00151568758882887,0.798961811532867,2.37454435995762e-19
"ENSG00000235863","blue",0.475229425674719,6.4372284416176e-06,-0.798906537683426,2.39801024912086e-19
"ENSG00000140718","blue",-0.522753161002317,4.70466830872728e-07,0.798870611257496,2.41338265736017e-19
"ENSG00000174500","blue",-0.505220577216861,1.2933871595726e-06,0.798495000110199,2.5799240164361e-19
"ENSG00000100425","blue",-0.619577957089126,5.43893508367648e-10,0.798399180534771,2.62415938754533e-19
"ENSG00000187808","blue",0.441961074499713,3.22657811609152e-05,-0.798194101351255,2.72131665191425e-19
"ENSG00000049541","blue",0.521242286950381,5.14460738665372e-07,-0.798109064335035,2.76261701974982e-19
"ENSG00000136250","blue",0.481150488054861,4.74533842142143e-06,-0.797939520849469,2.8467791715716e-19
"ENSG00000151690","blue",-0.461538025279594,1.27543639963604e-05,0.797879546714207,2.87714090388259e-19
"ENSG00000142089","blue",0.684733624476957,1.30635661289713e-12,-0.797003446212277,3.35806692062616e-19
"ENSG00000163935","blue",-0.593480089298794,4.20253709915672e-09,0.796565580184234,3.62674081288014e-19
"ENSG00000103319","blue",-0.479023694072295,5.29809112138329e-06,0.796213056676977,3.85806367943312e-19
"ENSG00000244462","blue",-0.442010409685196,3.21926792079688e-05,0.795987649950275,4.013393965071e-19
"ENSG00000185920","blue",-0.52934963847979,3.16815400014577e-07,0.795904964231141,4.07187786867369e-19
"ENSG00000117614","blue",0.497151049403821,2.02206130322486e-06,-0.795371078620583,4.46985263209002e-19
"ENSG00000166348","blue",-0.44950663675375,2.27143551982061e-05,0.794595985716699,5.11535744046711e-19
"ENSG00000141505","blue",0.561689682349053,4.01576366562328e-08,-0.794542183357379,5.16336880180347e-19
"ENSG00000120800","blue",-0.553088563184875,7.10644581181881e-08,0.794461207742166,5.23645206605733e-19
"ENSG00000130338","blue",-0.500723607676041,1.66145550831291e-06,0.794276041677241,5.40735403436869e-19
"ENSG00000140612","blue",0.556384480890765,5.72124990176927e-08,-0.793621221572223,6.05613067044217e-19
"ENSG00000130598","blue",0.37609344109264,0.000497386674720163,-0.793524102994335,6.15855335413843e-19
"ENSG00000006432","blue",-0.559467385079034,4.661095163042e-08,0.793445010305321,6.24320280756398e-19
"ENSG00000135249","blue",-0.445918013402164,2.68688996177106e-05,0.792975054000712,6.76989557596717e-19
"ENSG00000185513","blue",-0.470428514954433,8.20887205669131e-06,0.792731107991608,7.06000011809226e-19
"ENSG00000130559","blue",-0.552871705025822,7.20795913233054e-08,0.792272917696556,7.63775458617927e-19
"ENSG00000151503","blue",-0.57206454380374,1.97354474668475e-08,0.792271468640333,7.63965242210622e-19
"ENSG00000163600","blue",-0.389591419408755,0.00029712409791841,0.792036698342444,7.95323683160896e-19
"ENSG00000140382","blue",-0.462033345610119,1.24490535171121e-05,0.791914490515339,8.12136595411058e-19
"ENSG00000204650","blue",-0.396083929472779,0.00023006575427593,0.791834978890452,8.2325972890796e-19
"ENSG00000181754","blue",-0.648907716353387,4.3107652354905e-11,0.7916780978146,8.45640487247603e-19
"ENSG00000251369","blue",-0.392103092029837,0.000269298498909255,0.791134239872169,9.27879919374335e-19
"ENSG00000087266","blue",0.575899764772391,1.50825985786622e-08,-0.790940735277245,9.58967450941306e-19
"ENSG00000176624","blue",-0.51329787526594,8.17399935776996e-07,0.79083312580615,9.76689271175616e-19
"ENSG00000170145","blue",-0.467580721434918,9.46599711285807e-06,0.790656675981166,1.00643639950722e-18
"ENSG00000184613","blue",-0.66475666107858,9.73546862931006e-12,0.790215676087473,1.08466930262896e-18
"ENSG00000198585","blue",0.622807930801945,4.16746812849894e-10,-0.789981234893306,1.12862318473567e-18
"ENSG00000121864","blue",-0.360832723728204,0.000867633482013824,0.789958817100904,1.13291534024653e-18
"ENSG00000058804","blue",-0.454189321446987,1.81915671258565e-05,0.788968130213917,1.33920819861786e-18
"ENSG00000203880","blue",-0.335416767485532,0.00206680068246861,0.788267867368292,1.50649222641116e-18
"ENSG00000103489","blue",-0.654900640497833,2.48148827091737e-11,0.788125688960347,1.5428450223191e-18
"ENSG00000101986","blue",0.400980921948871,0.000189035902942009,-0.787850254954942,1.61569996111232e-18
"ENSG00000135473","blue",-0.460153561396054,1.36453154213375e-05,0.787806895952834,1.62746805068885e-18
"ENSG00000228794","blue",-0.442464434415087,3.15271410959152e-05,0.78779580429102,1.63049174449032e-18
"ENSG00000040199","blue",-0.468595592436579,8.99863165151587e-06,0.787653442667802,1.66978695109194e-18
"ENSG00000196998","blue",0.440139165974823,3.50762682412374e-05,-0.787437079825069,1.73126885796207e-18
"ENSG00000166669","blue",-0.485745076645564,3.73070348391233e-06,0.786067989888141,2.17425784518852e-18
"ENSG00000112182","blue",-0.532090338370136,2.68152394015566e-07,0.785813049486758,2.26806860471694e-18
"ENSG00000137501","blue",-0.505138797339527,1.29933245653779e-06,0.785268240537562,2.48185484503632e-18
"ENSG00000154814","blue",-0.476427608708968,6.0547834762558e-06,0.785007772488313,2.59083241357883e-18
"ENSG00000197746","blue",0.398052457680439,0.000212675671946904,-0.784941478776376,2.61930001145646e-18
"ENSG00000130772","blue",0.389747284511879,0.000295323291628344,-0.784726636836775,2.71365200534165e-18
"ENSG00000181929","blue",0.560069289121241,4.47719001089903e-08,-0.784489383328989,2.82166812859249e-18
"ENSG00000170915","blue",-0.604565637799512,1.80346390780634e-09,0.783815756908872,3.1515231989723e-18
"ENSG00000006534","blue",0.425415050590722,6.77133702683134e-05,-0.783549773689843,3.29178971396278e-18
"ENSG00000198780","blue",-0.507180144381768,1.15837320036187e-06,0.783296771112295,3.43080525079719e-18
"ENSG00000184271","blue",-0.623595857113901,3.90356164718954e-10,0.783053671158903,3.56972147393537e-18
"ENSG00000170619","blue",0.55297851180137,7.15779095105276e-08,-0.782625318354279,3.8278522778553e-18
"ENSG00000198919","blue",-0.475609245543354,6.31360711364066e-06,0.782503657320997,3.9044012128315e-18
"ENSG00000024862","blue",0.429577514973108,5.6396261200596e-05,-0.782385824047972,3.97995263942497e-18
"ENSG00000164111","blue",0.526866163773327,3.68031054485437e-07,-0.782172059021647,4.12063923633413e-18
"ENSG00000186416","blue",-0.456797326529954,1.60526751392153e-05,0.781982559885767,4.2493697084033e-18
"ENSG00000086102","blue",-0.580403929133792,1.09499208583208e-08,0.781861362913883,4.33373230040374e-18
"ENSG00000215012","blue",-0.592395528894455,4.5573574106331e-09,0.781395983238907,4.67298848220816e-18
"ENSG00000183726","blue",0.510666983031312,9.5040894205616e-07,-0.780805165557402,5.1408528613238e-18
"ENSG00000131018","blue",-0.418711245106273,9.04546061774879e-05,0.780627466108302,5.29022467496884e-18
"ENSG00000232931","blue",-0.375498751270066,0.000508549308744639,0.779582848413285,6.25697328577629e-18
"ENSG00000265206","blue",0.416676798691752,9.86448582420529e-05,-0.779073934328957,6.78783463582704e-18
"ENSG00000182107","blue",-0.525479375573604,3.99944114162446e-07,0.779049118258064,6.81480529569832e-18
"ENSG00000165678","blue",0.448200241005405,2.41519227512168e-05,-0.778974299881176,6.89674855970597e-18
"ENSG00000268027","blue",-0.41167025695973,0.000121812985316579,0.778570328507168,7.35592558568001e-18
"ENSG00000173545","blue",0.384864827869798,0.0003567668550144,-0.777837011934613,8.26613327119652e-18
"ENSG00000139737","blue",-0.454475289601558,1.79446608146578e-05,0.777802816188366,8.31113440660195e-18
"ENSG00000174136","blue",-0.510840893632988,9.41020850141612e-07,0.777592550252949,8.59309535552025e-18
"ENSG00000227184","blue",-0.519353961974717,5.74925075475387e-07,0.777353261679623,8.92523671800764e-18
"ENSG00000215252","blue",-0.459280113140124,1.42370180937983e-05,0.776922799543833,9.55425984150133e-18
"ENSG00000168646","blue",-0.50103473618313,1.63310389871528e-06,0.776294259961899,1.05503444862599e-17
"ENSG00000008710","blue",-0.574193936885719,1.70058408039615e-08,0.775927575040663,1.11770917572577e-17
"ENSG00000055483","blue",-0.628916278215351,2.49755887984559e-10,0.775798253089105,1.14066062586256e-17
"ENSG00000169239","blue",-0.491516181125502,2.74410446364848e-06,0.775178746441331,1.25708129775225e-17
"ENSG00000121552","blue",0.558334078800734,5.0270274407169e-08,-0.775000550097638,1.29264435941042e-17
"ENSG00000228956","blue",-0.350532873016233,0.0012441002203087,0.774816558111067,1.3303845711884e-17
"ENSG00000073417","blue",-0.406361318170358,0.000151804249829096,0.774651433641754,1.36516046284806e-17
"ENSG00000163519","blue",-0.290073297398888,0.00820546092782159,0.774491413695175,1.39969931311477e-17
"ENSG00000188042","blue",-0.662433642106652,1.21758989097698e-11,0.774248386739871,1.45377630780719e-17
"ENSG00000161955","blue",0.534996731777053,2.24324417448409e-07,-0.774167462864409,1.4722274126996e-17
"ENSG00000243156","blue",-0.39646077180387,0.000226638647068615,0.77390036920736,1.53474780641494e-17
"ENSG00000171817","blue",-0.362585938778707,0.00081502828263283,0.77375929496914,1.56879859950346e-17
"ENSG00000198315","blue",-0.413895855472064,0.000110954080284061,0.772918224518916,1.78748833127709e-17
"ENSG00000111860","blue",-0.315958951398697,0.00383195641629111,0.772702618022905,1.84813198307544e-17
"ENSG00000110077","blue",0.690809911896962,6.86860849960244e-13,-0.7721878414529,2.00107934037438e-17
"ENSG00000121316","blue",0.556225301554312,5.78178537472291e-08,-0.772066379220853,2.03891388850494e-17
"ENSG00000135414","blue",-0.549839773389891,8.77967589216508e-08,0.772047176623811,2.04495833235816e-17
"ENSG00000146776","blue",-0.488649716194,3.19858480957879e-06,0.771856381425521,2.10596459264048e-17
"ENSG00000197903","blue",0.517552386331522,6.38825887387338e-07,-0.771695464461351,2.15878232222486e-17
"ENSG00000134709","blue",-0.422265400798971,7.7640429612408e-05,0.771659127367914,2.17088533959812e-17
"ENSG00000059588","blue",-0.336762900162377,0.00197745059869853,0.771608074703328,2.18800068708305e-17
"ENSG00000105711","blue",0.475998408455219,6.18925823240154e-06,-0.771489057287935,2.22840939902446e-17
"ENSG00000168672","blue",-0.52832632739157,3.37042415451681e-07,0.771055949413279,2.38163905159943e-17
"ENSG00000152465","blue",-0.519939224717463,5.55501359630647e-07,0.771050980386596,2.38345483231595e-17
"ENSG00000156804","blue",-0.561915900586976,3.9550627304909e-08,0.770970658037191,2.41299260431761e-17
"ENSG00000078699","blue",-0.492896546304794,2.5476173227295e-06,0.770834922556224,2.46371441326213e-17
"ENSG00000183696","blue",0.651246202722496,3.48017752134713e-11,-0.770770404576735,2.48818361797127e-17
"ENSG00000162777","blue",-0.549127012807035,9.19378599128109e-08,0.770630508097247,2.54205095392786e-17
"ENSG00000183813","blue",-0.596187719652462,3.428144594609e-09,0.770525580463296,2.58319187828133e-17
"ENSG00000188404","blue",0.536654354442116,2.02463091489661e-07,-0.770426356325462,2.62268839666336e-17
"ENSG00000099785","blue",0.385572362379679,0.000347190326503079,-0.770261831032018,2.68946861587835e-17
"ENSG00000091164","blue",0.561817910526006,3.98124840748044e-08,-0.770177617578996,2.72428382777319e-17
"ENSG00000046651","blue",-0.390897609329487,0.000282339839842823,0.770129930441435,2.74419132061357e-17
"ENSG00000121310","blue",-0.554710759306061,6.38902889477167e-08,0.769721476090153,2.92056642364084e-17
"ENSG00000176170","blue",0.593244834886786,4.27718720893675e-09,-0.769704911180342,2.92794585641541e-17
"ENSG00000185664","blue",-0.472725432433216,7.3108317421789e-06,0.769562195872935,2.99227478551193e-17
"ENSG00000139517","blue",-0.44050784210154,3.44897728614793e-05,0.769054896588106,3.23218984578009e-17
"ENSG00000087448","blue",-0.343611089077594,0.00157451324851086,0.769040148051296,3.23943587078116e-17
"ENSG00000139146","blue",-0.384017766054195,0.000368550355844859,0.768417106691551,3.56030707612146e-17
"ENSG00000106344","blue",-0.587520849873772,6.53636450225372e-09,0.768136840213547,3.71447296623895e-17
"ENSG00000161944","blue",0.518271974217311,6.1253665078835e-07,-0.76793762962938,3.82795648703935e-17
"ENSG00000100554","blue",0.483357775928222,4.22925794145949e-06,-0.767915475133462,3.84078236803081e-17
"ENSG00000131797","blue",-0.445181608232105,2.7804714745418e-05,0.767799810650564,3.90842156590396e-17
"ENSG00000204789","blue",-0.392966014586022,0.000260305789892898,0.767483685670021,4.09921591585539e-17
"ENSG00000107077","blue",-0.458369780002162,1.48791937929244e-05,0.767444545781829,4.12345582287612e-17
"ENSG00000104228","blue",-0.519048490187444,5.8531641173877e-07,0.7672560582954,4.24214297870918e-17
"ENSG00000134882","blue",0.41627882178672,0.000100325242991123,-0.766172057694719,4.99156772832609e-17
"ENSG00000151746","blue",-0.504976640522862,1.31119738448677e-06,0.766097219839717,5.04778243894215e-17
"ENSG00000168675","blue",-0.489389430671168,3.07496233109662e-06,0.766019828913162,5.10655850152819e-17
"ENSG00000167106","blue",-0.637342506550133,1.20970842655919e-10,0.765973734720134,5.14187947743852e-17
"ENSG00000133246","blue",0.363462552658304,0.000789829343323488,-0.765946094939132,5.16317239941401e-17
"ENSG00000119514","blue",-0.52132681296009,5.11900109326543e-07,0.765796174773864,5.28016028900543e-17
"ENSG00000233276","blue",0.374377908080742,0.000530213065325898,-0.765389744612292,5.61034903853511e-17
"ENSG00000177697","blue",0.510618232405914,9.53056440213211e-07,-0.765169947609249,5.79714222218419e-17
"ENSG00000108474","blue",-0.428454828242077,5.92617507236508e-05,0.764922878477817,6.01429163473104e-17
"ENSG00000144161","blue",-0.470017738335997,8.37999707717666e-06,0.764860785854728,6.07008928644527e-17
"ENSG00000138336","blue",-0.457303810604944,1.56655701846342e-05,0.764584812356546,6.32419829551379e-17
"ENSG00000102780","blue",-0.307918093739235,0.00488937105504866,0.764554517433778,6.35271150191479e-17
"ENSG00000164244","blue",-0.512397363159455,8.60810821693821e-07,0.764511098358554,6.39379379980641e-17
"ENSG00000188227","blue",-0.404263754597376,0.000165429769558725,0.76449785883271,6.4063718026146e-17
"ENSG00000081059","blue",-0.589929489807307,5.4735737788429e-09,0.764461773265668,6.44077589955441e-17
"ENSG00000165661","blue",-0.345479483713811,0.001478295526645,0.764434874891905,6.46653701989294e-17
"ENSG00000161904","blue",0.525613872724457,3.96737962827919e-07,-0.764135851510754,6.75971075928271e-17
"ENSG00000166949","blue",-0.542964093190512,1.36344577455839e-07,0.763942554208551,6.95602078728234e-17
"ENSG00000102910","blue",-0.526197878147991,3.83096407530649e-07,0.763483586219672,7.44447421222328e-17
"ENSG00000186854","blue",-0.503951576082881,1.38859893307669e-06,0.763222488060102,7.73697293638282e-17
"ENSG00000100418","blue",0.54068486145112,1.57423080632266e-07,-0.763083911525834,7.89669676677618e-17
"ENSG00000170113","blue",-0.337957096576065,0.00190111330902841,0.762919431787847,8.09041574880435e-17
"ENSG00000080839","blue",-0.344686483450854,0.00151846437400385,0.761127319514835,1.0522127234348e-16
"ENSG00000178057","blue",0.404586667513258,0.000163261178058028,-0.761095181378922,1.057161137348e-16
"ENSG00000106683","blue",0.57766197988019,1.33142914913126e-08,-0.760947265526968,1.08022771984865e-16
"ENSG00000150347","blue",-0.318311863051913,0.00356377144622461,0.760908155377795,1.08640756924304e-16
"ENSG00000176225","blue",-0.38595138146063,0.000342157850552042,0.76036705315099,1.17549543004177e-16
"ENSG00000088179","blue",-0.44586935065811,2.69298215417608e-05,0.759866170153923,1.26422607279007e-16
"ENSG00000145907","blue",-0.618037413707273,6.1688777517556e-10,0.759832644634293,1.2703907651956e-16
"ENSG00000083123","blue",-0.478954105458849,5.31716021406319e-06,0.759801792818703,1.27608947880228e-16
"ENSG00000159433","blue",-0.430591597420464,5.39191604111892e-05,0.75949675184951,1.33378055618506e-16
"ENSG00000204923","blue",-0.586492254730708,7.04782784490852e-09,0.759405100589096,1.35160115432419e-16
"ENSG00000100335","blue",-0.587132456571699,6.72518483486911e-09,0.759193933687734,1.39354053880825e-16
"ENSG00000089094","blue",-0.477280040372909,5.79579647953643e-06,0.759148856341496,1.40265476310374e-16
"ENSG00000164080","blue",-0.531045346702041,2.85806168871905e-07,0.759115364472165,1.4094637871993e-16
"ENSG00000085511","blue",-0.606133188081067,1.59592703034357e-09,0.759050039954822,1.42283654555206e-16
"ENSG00000163608","blue",-0.484520765870669,3.979039119469e-06,0.758957484377209,1.44199399335904e-16
"ENSG00000111729","blue",0.574281287136554,1.69019306032921e-08,-0.75886736806128,1.46088594424503e-16
"ENSG00000143554","blue",0.505256131887113,1.29081039121282e-06,-0.758829622169393,1.46886986111899e-16
"ENSG00000147124","blue",-0.403089124685475,0.000173544446718292,0.75855766451638,1.52765311405434e-16
"ENSG00000164096","blue",0.555826996752562,5.93593809559657e-08,-0.75760186629964,1.75282928415243e-16
"ENSG00000143546","blue",0.588098641760283,6.26479647401593e-09,-0.757564088316654,1.76235826037007e-16
"ENSG00000095383","blue",0.463113432170661,1.18068624411666e-05,-0.757531959030212,1.7705018069716e-16
"ENSG00000174989","blue",-0.514058102859632,7.82369940118534e-07,0.757181694293345,1.86167320477678e-16
"ENSG00000156398","blue",-0.521182141430332,5.16290157692049e-07,0.756863228205888,1.94849309293626e-16
"ENSG00000111752","blue",-0.451944828837494,2.02426455070796e-05,0.756589625146455,2.02619603854766e-16
"ENSG00000028528","blue",0.582494438351147,9.42212155140442e-09,-0.75647979388388,2.0582230011456e-16
"ENSG00000219507","blue",0.440767295426999,3.40825216496346e-05,-0.75601591383495,2.19897056044608e-16
"ENSG00000213762","blue",-0.50892658987147,1.04935876799928e-06,0.755626461901682,2.32427719642902e-16
"ENSG00000245164","blue",-0.432427524927099,4.9689957198346e-05,0.755182858280079,2.47541715062321e-16
"ENSG00000161791","blue",-0.516406119188236,6.8291720011973e-07,0.754997413123967,2.54137661217091e-16
"ENSG00000204519","blue",-0.531871691730794,2.71758435770743e-07,0.754740042358552,2.63573914838211e-16
"ENSG00000235532","blue",-0.516348812695506,6.85195296425152e-07,0.754511105556654,2.7225146133541e-16
"ENSG00000145390","blue",-0.552606314428651,7.33406578858208e-08,0.754444632088063,2.74822335043262e-16
"ENSG00000067533","blue",-0.473604883429045,6.9920597298996e-06,0.754289179300444,2.80926400898115e-16
"ENSG00000070718","blue",-0.457995026615371,1.51513458923565e-05,0.753835629781039,2.99493665655875e-16
"ENSG00000167232","blue",-0.323492520924596,0.00303147255995419,0.753355539014828,3.20437923215681e-16
"ENSG00000163606","blue",-0.471080457368151,7.94399131683286e-06,0.753210696185802,3.27029928332994e-16
"ENSG00000227372","blue",-0.446389328589273,2.62854657124123e-05,0.753047276215615,3.3462473112456e-16
"ENSG00000263264","blue",-0.594709291560903,3.83228318984079e-09,0.752615132696684,3.55538464019337e-16
"ENSG00000254004","blue",-0.389642403974689,0.000296533934288196,0.752506768213992,3.60977626729025e-16
"ENSG00000164398","blue",-0.487629740028706,3.37672916728958e-06,0.752500885972098,3.61275164331374e-16
"ENSG00000065150","blue",-0.585544333299313,7.55279073288275e-09,0.752228652038937,3.75307652472781e-16
"ENSG00000169660","blue",0.562437842217089,3.81832250838697e-08,-0.752101060978823,3.82064275960375e-16
"ENSG00000115129","blue",0.56513254859066,3.18097148003809e-08,-0.751578149598602,4.11003608442142e-16
"ENSG00000271856","blue",-0.353209852522207,0.00113416116984594,0.751513828760299,4.14706283844181e-16
"ENSG00000253719","blue",-0.508651829383711,1.06584221803359e-06,0.751502506473059,4.15361386351159e-16
"ENSG00000114948","blue",-0.546214330176112,1.10868247399406e-07,0.751477957827961,4.16785195525479e-16
"ENSG00000013523","blue",-0.517541805641903,6.39220280127392e-07,0.751471147053865,4.17181051830422e-16
"ENSG00000175265","blue",-0.300067497367418,0.00616388381483473,0.751256317515036,4.29855494577335e-16
"ENSG00000050405","blue",-0.464255818747293,1.11614607883838e-05,0.751005200715202,4.45142617812321e-16
"ENSG00000248124","blue",-0.379439601920513,0.000438648486844008,0.750753376044869,4.60999644383628e-16
"ENSG00000177084","blue",-0.538628830167275,1.79056815143859e-07,0.750660164366041,4.67006302360018e-16
"ENSG00000257027","blue",-0.462019254042757,1.245764405181e-05,0.750446052323418,4.81091583134292e-16
"ENSG00000136153","blue",-0.481756793976586,4.59797656523988e-06,0.75007225952952,5.06670841635722e-16
"ENSG00000101842","blue",-0.566826885274132,2.83352703470102e-08,0.74988007785572,5.20328601992737e-16
"ENSG00000115504","blue",-0.456937920801317,1.59443319056738e-05,0.749719556948306,5.32008286954847e-16
"ENSG00000272316","blue",-0.334730913783478,0.00211370743517042,0.749543601814536,5.45101905027814e-16
"ENSG00000168758","blue",-0.547143462524075,1.04460611120575e-07,0.749198360433171,5.71703357070074e-16
"ENSG00000265150","blue",0.479785887260606,5.09339180310684e-06,-0.749197703354759,5.71755162109356e-16
"ENSG00000198648","blue",-0.555016171145177,6.26189700110816e-08,0.748975208826782,5.89560180974822e-16
"ENSG00000165434","blue",-0.476089319101406,6.1605427198175e-06,0.74889183696822,5.96368952427663e-16
"ENSG00000110583","blue",-0.440863079220552,3.39333101156982e-05,0.748845874874255,6.00154976056793e-16
"ENSG00000107745","blue",0.392751135072131,0.000262518897613093,-0.748803361682472,6.03677565486347e-16
"ENSG00000126016","blue",-0.526012573210234,3.87376038902462e-07,0.748607396983779,6.20174805017897e-16
"ENSG00000134248","blue",0.504341366770167,1.3586718427974e-06,-0.748298793774522,6.47040818287793e-16
"ENSG00000187325","blue",-0.369407016035663,0.000636829527514647,0.748229024207545,6.53268723806443e-16
"ENSG00000163082","blue",-0.538491242158212,1.80600881900234e-07,0.747635990718279,7.08595229222353e-16
"ENSG00000160055","blue",0.564669800412069,3.28269146244073e-08,-0.747615949433368,7.10541873279966e-16
"ENSG00000172840","blue",-0.443407968915705,3.01848593089993e-05,0.747011839365088,7.717056622926e-16
"ENSG00000176845","blue",0.382799204638813,0.000386128630491913,-0.746844166479582,7.89564127433019e-16
"ENSG00000264198","blue",-0.658114639304238,1.83593451866612e-11,0.746778599528034,7.96655521453367e-16
"ENSG00000102743","blue",-0.468298136272286,9.13332497120533e-06,0.746610307911559,8.15139818337143e-16
"ENSG00000053702","blue",-0.449913026773168,2.22837126213222e-05,0.746498325704152,8.2766815846138e-16
"ENSG00000205047","blue",-0.423854429105768,7.24747291640855e-05,0.745674545479535,9.25720333487437e-16
"ENSG00000140743","blue",-0.525237160668103,4.05779981658755e-07,0.745629432243622,9.31402147835226e-16
"ENSG00000125744","blue",0.491918902298237,2.6853533071682e-06,-0.745591738698093,9.36175297344724e-16
"ENSG00000138758","blue",-0.440390087574334,3.46760980404553e-05,0.745180698523345,9.8978299631552e-16
"ENSG00000085721","blue",-0.527592781029388,3.52287755026243e-07,0.745158902895149,9.9270682679708e-16
"ENSG00000123353","blue",0.505668514708039,1.26127530065941e-06,-0.744308870665116,1.11347425966243e-15
"ENSG00000198934","blue",-0.598243105630903,2.93335609384641e-09,0.743757161108259,1.19932334137089e-15
"ENSG00000113569","blue",-0.541934845387202,1.45508116328682e-07,0.742412554360573,1.43617279535409e-15
"ENSG00000072071","blue",-0.504756757811122,1.32744942348908e-06,0.742304263554925,1.45709985273539e-15
"ENSG00000168234","blue",-0.486248781417469,3.63282754625951e-06,0.742254751076247,1.46676587461712e-15
"ENSG00000159479","blue",0.420189590972698,8.49034535162914e-05,-0.741844282665089,1.54931894229846e-15
"ENSG00000100403","blue",-0.463769496766505,1.14320655967492e-05,0.741812837464223,1.55582492859575e-15
"ENSG00000109743","blue",0.621865505536357,4.50557635713771e-10,-0.741787362214815,1.56111507163713e-15
"ENSG00000109113","blue",0.583980187607408,8.46225092305351e-09,-0.741672745548829,1.58513177924548e-15
"ENSG00000091157","blue",-0.554105386928243,6.64830762060392e-08,0.741349947515973,1.65470349450938e-15
"ENSG00000196437","blue",-0.308479590101085,0.0048078959266993,0.741290923490063,1.6677396534676e-15
"ENSG00000085563","blue",-0.557635615240153,5.26598464853232e-08,0.740988575778208,1.73608701125249e-15
"ENSG00000086544","blue",0.365820477458831,0.000725528981087105,-0.740761653181605,1.78915263558168e-15
"ENSG00000169084","blue",0.445326439801494,2.76182969441684e-05,-0.740738161974426,1.79473463952919e-15
"ENSG00000186687","blue",-0.424342478400371,7.09533405873046e-05,0.740031984422966,1.97061171783837e-15
"ENSG00000224067","blue",0.63337579296544,1.70641024466483e-10,-0.739946086917069,1.99310740896069e-15
"ENSG00000100908","blue",0.594836763152003,3.79572079666259e-09,-0.739822505664745,2.02590753583411e-15
"ENSG00000185215","blue",0.48188528794765,4.56730350807251e-06,-0.739375893414742,2.14884493256918e-15
"ENSG00000111785","blue",-0.342545367148669,0.00163189476858668,0.73919947383858,2.19936562530437e-15
"ENSG00000166582","blue",-0.423855014307102,7.24728869376387e-05,0.739165428824462,2.20924610319016e-15
"ENSG00000089050","blue",-0.429709186473573,5.60687586550704e-05,0.738949322343739,2.27297074173846e-15
"ENSG00000198286","blue",-0.685582240373104,1.19529417168823e-12,0.738724729742759,2.341076908102e-15
"ENSG00000198477","blue",-0.451919802408475,2.02666874155835e-05,0.738581713328567,2.38546783819927e-15
"ENSG00000130844","blue",-0.547484540342548,1.02197874709215e-07,0.738419137924297,2.43691671306518e-15
"ENSG00000237943","blue",-0.370326358721786,0.000615746176828972,0.738347131298457,2.46004482074058e-15
"ENSG00000108106","blue",0.435355525313726,4.35781579841501e-05,-0.737558798264051,2.72752046124458e-15
"ENSG00000152582","blue",-0.311336401983882,0.00441174245697161,0.737284701072783,2.82693490451285e-15
"ENSG00000261098","blue",-0.333648970489006,0.00218965272947553,0.737263540096979,2.83475371550406e-15
"ENSG00000146232","blue",0.47498795366531,6.51699846811779e-06,-0.736919175560458,2.96496615091941e-15
"ENSG00000198131","blue",-0.432862684812693,4.87338076284411e-05,0.736629734574906,3.07885935827118e-15
"ENSG00000107742","blue",-0.683100837183276,1.548606425457e-12,0.736544489750023,3.11319997403084e-15
"ENSG00000182134","blue",-0.47194753280047,7.60410732299597e-06,0.736514138210632,3.1255160206059e-15
"ENSG00000105619","blue",0.371666332450806,0.000586156100959699,-0.736390371876766,3.17622659715897e-15
"ENSG00000141384","blue",-0.387907190655536,0.000317236951667497,0.736330494492905,3.20104421329786e-15
"ENSG00000135426","blue",-0.579948690402985,1.13125901029573e-08,0.736192365159349,3.25901122439187e-15
"ENSG00000251034","blue",-0.39710101785487,0.000220923656914559,0.736190913536887,3.25962575569836e-15
"ENSG00000177479","blue",-0.385576189412816,0.000347139174927978,0.736081612301466,3.30622012533388e-15
"ENSG00000132823","blue",0.43244612559812,4.9648732800276e-05,-0.735485394467876,3.57192155837772e-15
"ENSG00000103769","blue",0.454755469938789,1.77057919141233e-05,-0.735411113587571,3.60643404090265e-15
"ENSG00000138095","blue",-0.477522743810794,5.72398241610121e-06,0.73496801657208,3.81909066196166e-15
"ENSG00000261609","blue",-0.342532861847304,0.00163257915272267,0.734823404223765,3.89107764342424e-15
"ENSG00000147138","blue",-0.33783089121664,0.00190905340903867,0.734747372762285,3.92944905046619e-15
"ENSG00000131437","blue",-0.340603004642008,0.00174135411482579,0.73459377423074,4.00808409087036e-15
"ENSG00000180376","blue",-0.303679570224535,0.0055449678741912,0.734438756853042,4.08898442060402e-15
"ENSG00000158321","blue",-0.609237120035163,1.25032885507561e-09,0.734253141351566,4.18792767583032e-15
"ENSG00000225241","blue",-0.414701804997703,0.000107247906701071,0.734159334881895,4.23880668827684e-15
"ENSG00000217555","blue",0.610986715842622,1.08836659294777e-09,-0.733180972067927,4.80628632471823e-15
"ENSG00000198169","blue",-0.354519856423876,0.00108363965813225,0.732857759605786,5.00937592951264e-15
"ENSG00000257923","blue",0.33401387184941,0.00216376919059751,-0.73215353681943,5.48095130411407e-15
"ENSG00000180884","blue",-0.556523394213961,5.66891418790058e-08,0.732028923943962,5.56874128459427e-15
"ENSG00000261589","blue",-0.32350535130818,0.00303024777822201,0.731165351915294,6.21550924352314e-15
"ENSG00000177868","blue",0.4885994005459,3.20716126690636e-06,-0.731024829503342,6.32738738829464e-15
"ENSG00000139620","blue",-0.317874081874842,0.00361236341520497,0.730949380964048,6.38825559860024e-15
"ENSG00000101181","blue",0.543791495667669,1.29377851228746e-07,-0.730634912025153,6.64809468225455e-15
"ENSG00000102053","blue",-0.371729497692414,0.000584793846146999,0.730547460887901,6.72214732506572e-15
"ENSG00000176407","blue",0.419011387250758,8.93010815900956e-05,-0.729695474956251,7.48651261722542e-15
"ENSG00000141497","blue",0.453816584781317,1.85181567436069e-05,-0.729570337369188,7.60561565687418e-15
"ENSG00000165138","blue",-0.560402060444536,4.37849861881586e-08,0.728968104733887,8.20484772138516e-15
"ENSG00000112335","blue",0.546014540655694,1.12293971059766e-07,-0.728848189341509,8.3294866273592e-15
"ENSG00000183019","blue",0.582736399327658,9.25902755351463e-09,-0.728767582000229,8.41429369858733e-15
"ENSG00000141232","blue",-0.567455269079826,2.71409908760836e-08,0.727668741250998,9.65683607022055e-15
"ENSG00000257742","blue",-0.276743653551678,0.0118388132385802,0.727402026895692,9.9841298294411e-15
"ENSG00000135127","blue",-0.511904354566936,8.85490554504342e-07,0.727330551980568,1.00736412881789e-14
"ENSG00000166454","blue",-0.514791757778395,7.4991296044622e-07,0.726997108119887,1.05015610925554e-14
"ENSG00000131368","blue",-0.369893412346776,0.00062559428754712,0.7268731113761,1.06651204893187e-14
"ENSG00000267767","blue",-0.478433902061954,5.46176479655517e-06,0.726853241893723,1.06915569741329e-14
"ENSG00000175087","blue",-0.319772667306078,0.00340582081823697,0.726737900768767,1.0846272264323e-14
"ENSG00000114126","blue",-0.422991285100944,7.52397225568655e-05,0.726533293886677,1.11260557350258e-14
"ENSG00000177556","blue",0.475568750670728,6.32668022419693e-06,-0.726299718030694,1.14539644297631e-14
"ENSG00000137502","blue",-0.3826459861714,0.000388392449236672,0.725646886750945,1.24206525557321e-14
"ENSG00000138795","blue",-0.545361204095809,1.17078737345986e-07,0.725373625815873,1.28482420693612e-14
"ENSG00000168071","blue",0.302708999143915,0.00570561724532186,-0.725302940463924,1.29611389048361e-14
"ENSG00000189241","blue",-0.615701121435166,7.45735578223789e-10,0.724973629360085,1.3499842194272e-14
"ENSG00000196810","blue",-0.462574915930466,1.21230704851997e-05,0.72497172219285,1.35030240550906e-14
"ENSG00000226091","blue",0.521264708679571,5.1378031721521e-07,-0.724923698932939,1.35833834911933e-14
"ENSG00000131127","blue",-0.269401127387139,0.01438459300999,0.724851985704131,1.37042437697395e-14
"ENSG00000168961","blue",0.50013577383295,1.7162929082938e-06,-0.724675305637016,1.40064498894284e-14
"ENSG00000049860","blue",0.557222874917594,5.41222489139236e-08,-0.724520188351058,1.42770642743614e-14
"ENSG00000164024","blue",-0.371392067511963,0.000592104716850429,0.724507915909507,1.42986884860538e-14
"ENSG00000154743","blue",-0.378171860925749,0.000460110962261355,0.724145608107174,1.49515044642508e-14
"ENSG00000165832","blue",-0.316251511048998,0.00379765916356264,0.723775623276862,1.5647782394881e-14
"ENSG00000173114","blue",-0.521102561676887,5.18720156282473e-07,0.723282456598871,1.66246551215445e-14
"ENSG00000139116","blue",-0.415725726252324,0.000102704629643371,0.723083858262486,1.70344318164725e-14
"ENSG00000105767","blue",0.436379520383033,4.1611268019648e-05,-0.722742225693324,1.77622348133338e-14
"ENSG00000170873","blue",-0.523607719347685,4.47184839904236e-07,0.722693069960743,1.78693915885685e-14
"ENSG00000118965","blue",-0.407467736364312,0.000145041997033531,0.722606795295897,1.80589748484246e-14
"ENSG00000197312","blue",-0.361837022469648,0.000837133707323884,0.722326725430794,1.86878749045697e-14
"ENSG00000234616","blue",-0.275567367652979,0.0122181788796344,0.722315154300864,1.87143072078065e-14
"ENSG00000262312","blue",-0.440632148067829,3.42940934772653e-05,0.722195868241939,1.89889064552619e-14
"ENSG00000100346","blue",-0.593711507666013,4.1303185602274e-09,0.72172257511897,2.01172336564224e-14
"ENSG00000160613","blue",-0.43858397079958,3.76540339608553e-05,0.72149480139579,2.06830282618247e-14
"ENSG00000256223","blue",-0.384896687289017,0.00035633047800694,0.721454054413825,2.07858498109341e-14
"ENSG00000198081","blue",-0.313766648152631,0.00409787304153236,0.721196237258997,2.14479485948528e-14
"ENSG00000163131","blue",0.629209127411004,2.43631318371882e-10,-0.721110807218729,2.16717930936844e-14
"ENSG00000261799","blue",-0.491021793142956,2.8178830207184e-06,0.721064761474432,2.17933752048144e-14
"ENSG00000138621","blue",0.379801375786627,0.00043269414390578,-0.721038611972329,2.18627145879514e-14
"ENSG00000150768","blue",-0.461667802726344,1.26737000118756e-05,0.721003938909403,2.19549836348764e-14
"ENSG00000196405","blue",-0.530321372389672,2.9867627055528e-07,0.72075570595307,2.26266155088781e-14
"ENSG00000186532","blue",-0.510242580595166,9.7369177162858e-07,0.720360209645494,2.37378063469953e-14
"ENSG00000168806","blue",-0.497093510116599,2.02843159918541e-06,0.719974061524161,2.48733985698025e-14
"ENSG00000135423","blue",-0.424323279687348,7.10126241271856e-05,0.719932746784603,2.49979548236367e-14
"ENSG00000105612","blue",0.43618686343844,4.19748941728841e-05,-0.719736558775085,2.55976808411591e-14
"ENSG00000117597","blue",-0.549362461764366,9.05498235531666e-08,0.719264609236074,2.70977568853193e-14
"ENSG00000124074","blue",0.338779945214179,0.00185006980814172,-0.719029401452766,2.78766601088769e-14
"ENSG00000141424","blue",-0.557961589474188,5.15314964182814e-08,0.719009835909944,2.7942416248698e-14
"ENSG00000138378","blue",-0.381231671180727,0.000409870980873325,0.718815335934413,2.86042803398471e-14
"ENSG00000170629","blue",-0.296555475512531,0.00682338453896223,0.718651265335447,2.91743271427316e-14
"ENSG00000130684","blue",-0.296692997337135,0.00679643448820285,0.718641949000509,2.92070223399064e-14
"ENSG00000162804","blue",-0.432025497642055,5.05887798044586e-05,0.71802671321525,3.14461536993972e-14
"ENSG00000170266","blue",0.283926894996438,0.00973704581977119,-0.71787085192587,3.20391626792013e-14
"ENSG00000257433","blue",0.604427707281226,1.82291122210379e-09,-0.717735281910484,3.2563724531084e-14
"ENSG00000163629","blue",-0.499026094215616,1.82449317175343e-06,0.717664683327329,3.28401610985634e-14
"ENSG00000111605","blue",-0.328690915814021,0.00257000596977099,0.717344236931433,3.41236035243766e-14
"ENSG00000135960","blue",-0.428148388545207,6.00670633030425e-05,0.71713473224826,3.49887056564292e-14
"ENSG00000251414","blue",-0.323268253644195,0.00305295265683193,0.717006976174,3.55265833519286e-14
"ENSG00000126217","blue",-0.527381927476977,3.56789310642142e-07,0.716923806886595,3.58810168598486e-14
"ENSG00000166341","blue",-0.45561929384547,1.69879063368815e-05,0.716404538798397,3.8172244312798e-14
"ENSG00000167555","blue",-0.429058793472961,5.77038326090921e-05,0.716214457434067,3.90457211706244e-14
"ENSG00000198700","blue",-0.460080556273562,1.36938761688406e-05,0.715920106167127,4.04364868160928e-14
"ENSG00000131981","blue",0.372067548703618,0.000577552278742148,-0.715662570751508,4.16923706096277e-14
"ENSG00000204934","blue",-0.41435963970582,0.00010880713648587,0.715644018589517,4.17842787465356e-14
"ENSG00000121064","blue",0.442843553078668,3.09812532023784e-05,-0.715437708381796,4.28196010259358e-14
"ENSG00000238121","blue",-0.464798168696587,1.08667597693522e-05,0.715377484528614,4.31264551406489e-14
"ENSG00000198105","blue",-0.411043461470474,0.000125043945166065,0.715110716327837,4.45113795562289e-14
"ENSG00000151240","blue",-0.491901433494911,2.68787699143312e-06,0.715055312840428,4.48043350810587e-14
"ENSG00000227051","blue",-0.559157424166731,4.75857974049765e-08,0.714854618449119,4.58811822578628e-14
"ENSG00000130827","blue",-0.478841319888796,5.34820334482133e-06,0.714601666887632,4.72739983109203e-14
"ENSG00000219200","blue",0.419905061577329,8.59466755371045e-05,-0.714227808374465,4.94074477822426e-14
"ENSG00000241014","blue",-0.359065258778503,0.00092377472009644,0.714166956469427,4.97633716305481e-14
"ENSG00000138193","blue",-0.432274744861779,5.00297677223689e-05,0.714110268995998,5.00971603892175e-14
"ENSG00000104689","blue",-0.407870746716499,0.000142648795028014,0.713538191971283,5.35887422572473e-14
"ENSG00000269086","blue",-0.253164923463515,0.0217427234388049,0.713523574500689,5.36809612260047e-14
"ENSG00000139410","blue",0.470333730724395,8.24806482640777e-06,-0.713026939527517,5.69066359791019e-14
"ENSG00000105576","blue",-0.496140462698602,2.13673520067528e-06,0.712969234605154,5.72933292630494e-14
"ENSG00000099377","blue",0.522893438041183,4.66567980802688e-07,-0.712876251386025,5.79217643182551e-14
"ENSG00000112394","blue",-0.434819984750109,4.4640947106084e-05,0.712440213828898,6.0958473388591e-14
"ENSG00000271605","blue",0.580668890301659,1.07439679244352e-08,-0.712360650018217,6.15288919740819e-14
"ENSG00000146007","blue",0.382464457212914,0.000391090301986002,-0.712190935704755,6.27628699395198e-14
"ENSG00000198089","blue",-0.591330165377276,4.93361357542371e-09,0.712111811413389,6.33462957233541e-14
"ENSG00000163785","blue",-0.286732630622649,0.00900937629433398,0.711346700875952,6.92642432690741e-14
"ENSG00000164300","blue",-0.481360243517052,4.69386280238564e-06,0.711289348726527,6.97286982880645e-14
"ENSG00000246922","blue",-0.36572263157921,0.000728099365259153,0.711242373321635,7.01113540265009e-14
"ENSG00000064703","blue",-0.461728654540872,1.26360418396584e-05,0.711032526971546,7.18455905692885e-14
"ENSG00000174306","blue",-0.508805205513515,1.05661097149096e-06,0.710786229009436,7.39338353883427e-14
"ENSG00000065183","blue",-0.534031401976593,2.3806729693754e-07,0.709890974940508,8.2028237227051e-14
"ENSG00000070404","blue",0.505116585179779,1.30095170013547e-06,-0.709845002164522,8.24661625929809e-14
"ENSG00000165821","blue",-0.572251530636148,1.94799743916054e-08,0.709788959330897,8.30030607386211e-14
"ENSG00000086712","blue",-0.292660627088887,0.00762681381119278,0.709646621150391,8.43818659388276e-14
"ENSG00000157212","blue",-0.472849141852489,7.26518167736075e-06,0.709515407213357,8.56724447864143e-14
"ENSG00000179010","blue",0.354343337440038,0.00109032608657228,-0.709387181085616,8.69520010615735e-14
"ENSG00000171827","blue",-0.391617698424193,0.00027448156355246,0.708571148491456,9.55372296492214e-14
"ENSG00000206190","blue",-0.481917098605846,4.55973966748533e-06,0.708471897441149,9.66355171227268e-14
"ENSG00000155592","blue",-0.343914894562099,0.00155849270371291,0.708450940664177,9.68689702797489e-14
"ENSG00000112877","blue",-0.478062137462699,5.56736055298287e-06,0.708375461194822,9.77143041680985e-14
"ENSG00000048991","blue",-0.512683541983687,8.46784393084697e-07,0.708374766081945,9.77221220335319e-14
"ENSG00000122085","blue",-0.356993680957461,0.000993766499293261,0.708273793697413,9.88641738501759e-14
"ENSG00000196670","blue",-0.254748152977899,0.0209061468022104,0.708203203725795,9.96702111097205e-14
"ENSG00000179889","blue",-0.533878371560993,2.40317845139801e-07,0.707963417549098,1.02455789198089e-13
"ENSG00000103876","blue",0.378509085416356,0.00045430994429783,-0.707918907888926,1.02981043550101e-13
"ENSG00000174946","blue",-0.247151685857927,0.0251854874122991,0.707883896527408,1.03396031612827e-13
"ENSG00000122224","blue",-0.559780289222401,4.56461255622101e-08,0.707495791835038,1.08105500865375e-13
"ENSG00000100865","blue",0.343873822230505,0.00156064992409817,-0.707486945967736,1.082152141591e-13
"ENSG00000167642","blue",0.426322200009708,6.50808594666137e-05,-0.707261621550231,1.11046311144518e-13
"ENSG00000109654","blue",-0.488928493296259,3.15145601253603e-06,0.707202708285166,1.1179821728408e-13
"ENSG00000067836","blue",0.322770687100241,0.00310109600564371,-0.707112675566254,1.12956783755465e-13
"ENSG00000171033","blue",-0.309413305278837,0.00467507649762851,0.706803246477022,1.17027460986056e-13
"ENSG00000102796","blue",0.595285106232432,3.66975069235748e-09,-0.706670123271354,1.18821912322934e-13
"ENSG00000167566","blue",0.296749164486692,0.00678545447158748,-0.706484469179567,1.21368784572587e-13
"ENSG00000166402","blue",-0.424664015659145,6.99672687733758e-05,0.706433362086949,1.22079072042608e-13
"ENSG00000155287","blue",0.473185410158613,7.14244265100811e-06,-0.705683383009527,1.32974375561345e-13
"ENSG00000131845","blue",-0.382112185550937,0.000396374774995381,0.705282229764173,1.39180690241709e-13
"ENSG00000147324","blue",-0.593073514018121,4.33234474974668e-09,0.705232974553111,1.39961692465089e-13
"ENSG00000130222","blue",0.507958462819357,1.10853203383674e-06,-0.704834981595854,1.46429132215418e-13
"ENSG00000065029","blue",-0.415252543671202,0.000104781590709355,0.70483295577554,1.46462777098131e-13
"ENSG00000188283","blue",-0.393769108729296,0.000252185529229253,0.704460636319738,1.5277438504045e-13
"ENSG00000100603","blue",0.432160537005033,5.0285196547751e-05,-0.704429653715299,1.53311256073394e-13
"ENSG00000232912","blue",0.621771273206031,4.54079164846001e-10,-0.704221705346305,1.56961937916369e-13
"ENSG00000157077","blue",-0.481920188324112,4.55900563122455e-06,0.704180501237374,1.57695179493201e-13
"ENSG00000135622","blue",-0.486639073002003,3.558655020655e-06,0.703800367887376,1.64617260856784e-13
"ENSG00000161298","blue",-0.320907486177021,0.0032874645413986,0.70363905872706,1.67642276247127e-13
"ENSG00000172878","blue",-0.547369667060175,1.02954705301388e-07,0.70257202427811,1.89043657134943e-13
"ENSG00000204315","blue",0.343598694235423,0.00157517001124074,-0.702542148814491,1.89679207259035e-13
"ENSG00000165819","blue",-0.274659658124852,0.0125181066088935,0.702496083745834,1.90663198907642e-13
"ENSG00000159658","blue",-0.541383621023813,1.50652969757463e-07,0.702354796193945,1.93711992383703e-13
"ENSG00000103671","blue",0.457646288820292,1.5408780355899e-05,-0.702276766654775,1.95415836028415e-13
"ENSG00000267731","blue",-0.275270227341737,0.0123156655836478,0.702148496125016,1.98248149448091e-13
"ENSG00000140320","blue",-0.643715207962028,6.88816928871935e-11,0.702107325281363,1.99165586371716e-13
"ENSG00000270426","blue",0.635804485649309,1.38313172841468e-10,-0.70127537868334,2.18604951904655e-13
"ENSG00000120899","blue",0.41927346733773,8.83050028222904e-05,-0.701237686593132,2.19527606463757e-13
"ENSG00000271680","blue",-0.451275531982988,2.08948706759135e-05,0.70121461601383,2.20094194187884e-13
"ENSG00000092199","blue",0.384861513004272,0.000356812286722241,-0.701084571141666,2.23314391331642e-13
"ENSG00000175482","blue",0.393406069715557,0.000255826990980724,-0.700973002434796,2.26113200379424e-13
"ENSG00000243452","blue",-0.301756731481174,0.00586722552908444,0.700927766288099,2.2725759237449e-13
"ENSG00000163634","blue",0.574403037985086,1.6758106484323e-08,-0.700823648622917,2.29912813965724e-13
"ENSG00000074657","blue",-0.352151101744371,0.0011765432755135,0.700689576536083,2.33375972584987e-13
"ENSG00000129465","blue",0.502557996097987,1.50075840213469e-06,-0.700484029400457,2.38783114778255e-13
"ENSG00000166261","blue",-0.374235071867316,0.000533033599006786,0.700253829933458,2.44981992567008e-13
"ENSG00000147457","blue",-0.557770659909077,5.21895733331234e-08,0.700115439444774,2.48782896953208e-13
"ENSG00000233355","blue",-0.476325821912642,6.08642439914141e-06,0.699493404015358,2.66579889315088e-13
"ENSG00000083720","blue",-0.450732009228938,2.14389140030891e-05,0.697789440673219,3.2183666892646e-13
"ENSG00000125484","blue",-0.456087739692245,1.66100719563216e-05,0.697700667183895,3.24998964583176e-13
"ENSG00000147419","blue",-0.366399708895158,0.000710481359412257,0.697390745591035,3.36275261471656e-13
"ENSG00000185129","blue",-0.375036236605065,0.000517388803519121,0.696805916374479,3.58588455615738e-13
"ENSG00000260054","blue",0.305044603335211,0.00532580564592434,-0.696804366421424,3.58649443675789e-13
"ENSG00000186104","blue",-0.278031822870035,0.0114351593628705,0.696567267834793,3.68097436301153e-13
"ENSG00000267041","blue",-0.412993997097035,0.000115241602365762,0.696522929549344,3.69890642546921e-13
"ENSG00000235655","blue",0.499756235557514,1.75260060086507e-06,-0.696287045418804,3.79572978843856e-13
"ENSG00000103066","blue",0.458792099735348,1.45779803564715e-05,-0.696200738678752,3.83176220664166e-13
"ENSG00000042980","blue",-0.384752592589806,0.00035830804500419,0.696151387262128,3.85251381594076e-13
"ENSG00000214783","blue",-0.367949693146452,0.00067160337799488,0.695593950016518,4.09455135118151e-13
"ENSG00000160908","blue",0.490457837647678,2.90432163724862e-06,-0.695496834540961,4.13818937623976e-13
"ENSG00000085978","blue",-0.408793837205375,0.00013730401448715,0.695442732620844,4.16269346350593e-13
"ENSG00000130560","blue",0.400295873859147,0.000194337936853196,-0.69542525410268,4.17063972575827e-13
"ENSG00000136830","blue",0.41528298715541,0.000104646802256178,-0.694850776480671,4.44009661835813e-13
"ENSG00000187837","blue",0.373427084991737,0.000549248464316123,-0.694843409692914,4.4436584995081e-13
"ENSG00000263142","blue",-0.354249553440945,0.00109389377174622,0.694488511657634,4.61855026728354e-13
"ENSG00000129354","blue",0.351156015588995,0.00121768026752765,-0.694236620255995,4.74668183688853e-13
"ENSG00000148019","blue",-0.356725538885282,0.0010031698219596,0.69383165292135,4.95988280807581e-13
"ENSG00000150477","blue",-0.380046707956274,0.00042869850264282,0.693714825499973,5.02308224129535e-13
"ENSG00000100722","blue",-0.40063125100288,0.000191725339930316,0.693698059390193,5.03221547019043e-13
"ENSG00000105926","blue",-0.397824051443118,0.000214629421689779,0.693130455451523,5.35102080979657e-13
"ENSG00000122965","blue",-0.466537019219982,9.97029676424138e-06,0.693108720848776,5.36360702099854e-13
"ENSG00000025796","blue",-0.458214460919182,1.49914295297469e-05,0.692382855976641,5.80070259096899e-13
"ENSG00000169031","blue",-0.494827014868392,2.29494559446916e-06,0.691783053548392,6.18757087231773e-13
"ENSG00000164091","blue",-0.685189193512255,1.24555522113734e-12,0.691638961103277,6.28414405657374e-13
"ENSG00000215883","blue",-0.281180053636643,0.0104987072256883,0.6913940969862,6.45159278194578e-13
"ENSG00000245904","blue",-0.37030859964247,0.000616147338059724,0.691349879436836,6.48228494304196e-13
"ENSG00000117174","blue",-0.453576522723835,1.87313893916274e-05,0.691282540598821,6.52929612255979e-13
"ENSG00000004139","blue",-0.496189706453048,2.13100826305516e-06,0.691145765314377,6.62579508837121e-13
"ENSG00000130309","blue",0.341039096418872,0.00171621787094128,-0.691031402044039,6.70753407387597e-13
"ENSG00000037757","blue",-0.419322457471476,8.81199537781667e-05,0.690899782916056,6.8028077212167e-13
"ENSG00000156239","blue",-0.311565535665289,0.0043812629663972,0.69089453545451,6.80663301361666e-13
"ENSG00000115919","blue",0.730110685114759,7.10407972121153e-15,-0.690868420956942,6.82570075797835e-13
"ENSG00000198818","blue",0.637090674101554,1.23660122121196e-10,-0.690373675569845,7.19680777346341e-13
"ENSG00000181007","blue",-0.390943911247958,0.000281828395694611,0.689923756813112,7.55109031832634e-13
"ENSG00000103222","blue",-0.42508269133673,6.8702355276272e-05,0.689308576383938,8.06277028553931e-13
"ENSG00000111880","blue",-0.486390564900479,3.60571591696762e-06,0.68920799582914,8.1495409178073e-13
"ENSG00000206530","blue",-0.303071226079069,0.00564518590501724,0.689188294573955,8.16664207902052e-13
"ENSG00000154760","blue",-0.287212168383991,0.00888989492564189,0.689134684408809,8.21335201037036e-13
"ENSG00000197635","blue",-0.514948780763937,7.43133542802975e-07,0.68896222511896,8.36536413007577e-13
"ENSG00000267074","blue",-0.244447500310437,0.0268785384093862,0.688925454202512,8.39812377804043e-13
"ENSG00000165458","blue",0.439639631271615,3.58857652747848e-05,-0.688608096125076,8.68603943347291e-13
"ENSG00000113716","blue",-0.409085281177798,0.000135655354670881,0.688024735191536,9.24024380105289e-13
"ENSG00000104154","blue",-0.383245613458163,0.000379601679453484,0.687598430531378,9.66659739866372e-13
"ENSG00000141140","blue",-0.383840433635945,0.00037106197407795,0.68732143365277,9.95370472204513e-13
"ENSG00000270189","blue",-0.233367845396305,0.0348564702372089,0.686892379570912,1.04146799101727e-12
"ENSG00000258486","blue",0.453436929464533,1.8856434246005e-05,-0.686854427628527,1.04564300243699e-12
"ENSG00000136997","blue",-0.506236099515637,1.2216659514534e-06,0.686587262438033,1.075492309502e-12
"ENSG00000057935","blue",-0.417289160173092,9.61101135763256e-05,0.686304178253631,1.10801426970634e-12
"ENSG00000243147","blue",0.478318348852049,5.49438330550104e-06,-0.686221076912499,1.11773960327229e-12
"ENSG00000185418","blue",-0.432067410533976,5.04943731648102e-05,0.686068318146471,1.13583159385481e-12
"ENSG00000119661","blue",-0.396054191623298,0.000230338219186632,0.685953962504181,1.14955937472023e-12
"ENSG00000128739","blue",-0.320731059643416,0.00330562026179001,0.68492796901561,1.28007757394151e-12
"ENSG00000255310","blue",-0.300455669415204,0.00609456594173612,0.684722680194253,1.30785181955549e-12
"ENSG00000074621","blue",-0.430474455492545,5.4200047305439e-05,0.684648958970534,1.31796658687538e-12
"ENSG00000198874","blue",-0.601839880701225,2.22714744743719e-09,0.683852833907225,1.43210391668782e-12
"ENSG00000134030","blue",0.518057189928311,6.20274464533478e-07,-0.683609718765825,1.46881373257153e-12
"ENSG00000163900","blue",-0.373936047116414,0.000538982789192632,0.683453071711785,1.49294480647677e-12
"ENSG00000141428","blue",0.672722253981608,4.45269399193803e-12,-0.683230107448375,1.52795058690939e-12
"ENSG00000122203","blue",-0.361590247339613,0.000844536287541223,0.682814150927507,1.59537821140657e-12
"ENSG00000156928","blue",0.484608918760885,3.96065173437464e-06,-0.682069973330931,1.72321636835181e-12
"ENSG00000197283","blue",-0.544406190001626,1.24422248594269e-07,0.682016197135524,1.73282648609659e-12
"ENSG00000164047","blue",0.438294514068015,3.81528687768894e-05,-0.681908191967885,1.75228360798591e-12
"ENSG00000196155","blue",-0.567446185979376,2.71579074303285e-08,0.681632247750338,1.8029539530152e-12
"ENSG00000178199","blue",-0.451940532898403,2.0246770552497e-05,0.68157777147474,1.81312239359556e-12
"ENSG00000227218","blue",-0.455285606522673,1.72619316843758e-05,0.681568150204569,1.81492400389019e-12
"ENSG00000070831","blue",0.456157630997676,1.6554377903107e-05,-0.681475517231328,1.83235811500145e-12
"ENSG00000008405","blue",-0.456673996380541,1.61482808271989e-05,0.681356137055411,1.85506389074526e-12
"ENSG00000141956","blue",-0.453519484055741,1.87823895880439e-05,0.681220960307812,1.88110083595346e-12
"ENSG00000186230","blue",-0.457483604191899,1.55302663380842e-05,0.6811319863475,1.89842990115839e-12
"ENSG00000257702","blue",0.481029241805774,4.77533459031014e-06,-0.681035259939066,1.91744304759486e-12
"ENSG00000234614","blue",-0.459523792640777,1.406957185515e-05,0.680827159867854,1.9589713242722e-12
"ENSG00000025156","blue",-0.326029184228278,0.00279776087761781,0.680345006086628,2.05853989454492e-12
"ENSG00000112782","blue",-0.45750269321594,1.55159652238688e-05,0.680297501868432,2.0686091588641e-12
"ENSG00000145833","blue",-0.549660652796913,8.88204504675393e-08,0.680197156291931,2.09003491937633e-12
"ENSG00000129235","blue",0.388465381227244,0.000310436649428196,-0.680178698993629,2.09399908632322e-12
"ENSG00000137070","blue",-0.498455135528975,1.88263894559336e-06,0.680128923855541,2.10472562108893e-12
"ENSG00000163947","blue",-0.42102118819076,8.19213165556942e-05,0.680033394881048,2.12546031627953e-12
"ENSG00000115687","blue",-0.514370770085077,7.68378490838202e-07,0.680031341182082,2.12590822431944e-12
"ENSG00000232533","blue",0.422767856532163,7.59712271253131e-05,-0.67990930654508,2.1526873364352e-12
"ENSG00000164241","blue",-0.326161036591159,0.0027860665831882,0.679889856540865,2.15698527963596e-12
"ENSG00000178921","blue",-0.70706309790469,1.13599693158358e-13,0.679602856472302,2.22137217873073e-12
"ENSG00000115942","blue",-0.251764218873926,0.0225065219285402,0.679582720089553,2.22595839484281e-12
"ENSG00000129250","blue",0.348460723234574,0.00133573192135153,-0.67938882429543,2.27058816711011e-12
"ENSG00000134283","blue",-0.290852501499966,0.00802726842784947,0.678832295941543,2.40351761163102e-12
"ENSG00000108405","blue",0.577360797570594,1.36018176577604e-08,-0.678538530788433,2.47667079010226e-12
"ENSG00000175197","blue",0.464255726156551,1.11615117330642e-05,-0.678138238271363,2.57980529401434e-12
"ENSG00000168781","blue",-0.503726269349702,1.40617982825287e-06,0.678055635303825,2.60159587018493e-12
"ENSG00000113763","blue",0.556394726787137,5.71737412000514e-08,-0.677980069081725,2.62168508713173e-12
"ENSG00000100918","blue",0.507231823270312,1.15499935950964e-06,-0.677944686635226,2.63114267471664e-12
"ENSG00000168374","blue",0.45982723219375,1.38636363486762e-05,-0.677836094570353,2.6603741963446e-12
"ENSG00000182463","blue",-0.406170159094478,0.000153001664197694,0.677543182831799,2.74078763114528e-12
"ENSG00000092470","blue",-0.321778007225237,0.00319917898319407,0.677378059056494,2.78714407737111e-12
"ENSG00000117090","blue",-0.496334907526446,2.11420576393178e-06,0.676788809868331,2.95879217358333e-12
"ENSG00000257017","blue",0.555142503824136,6.21001525139495e-08,-0.676683690353276,2.99046317039712e-12
"ENSG00000126705","blue",-0.553839918269645,6.76513250769542e-08,0.676486606774647,3.05072219935242e-12
"ENSG00000265298","blue",0.607965031438609,1.38229275808718e-09,-0.676004707901777,3.20302201167213e-12
"ENSG00000108963","blue",-0.510881560045635,9.38838251709737e-07,0.675947321084551,3.2216383378955e-12
"ENSG00000128294","blue",0.411207724023936,0.000124189640562574,-0.675879584684186,3.24374594968849e-12
"ENSG00000124613","blue",-0.355204696854084,0.00105804903942337,0.675749378301378,3.28665267894765e-12
"ENSG00000187607","blue",-0.370966164654201,0.000601451593420056,0.675650583480402,3.31957193499494e-12
"ENSG00000149970","blue",-0.4420928138811,3.20709216616275e-05,0.675429469243788,3.39440164874528e-12
"ENSG00000132286","blue",-0.478149027962697,5.54250996057861e-06,0.675408579383706,3.40155446676014e-12
"ENSG00000137806","blue",0.485856127930647,3.70891416406687e-06,-0.675335039839331,3.42685034005397e-12
"ENSG00000111786","blue",0.488227221825141,3.27127540124348e-06,-0.675277404125564,3.44680198399125e-12
"ENSG00000154265","blue",-0.256419407399945,0.0200530700407298,0.67502510935546,3.53546041328487e-12
"ENSG00000148288","blue",0.487847905086476,3.33785844988683e-06,-0.674802762906264,3.61540871072509e-12
"ENSG00000148468","blue",-0.452272200503553,1.99305957596568e-05,0.674440587356737,3.74936898645069e-12
"ENSG00000172889","blue",0.41554421027885,0.000103496817487931,-0.674332833486419,3.79013707904379e-12
"ENSG00000225948","blue",-0.35071463366526,0.00123634080858541,0.674026827148795,3.90824967389945e-12
"ENSG00000075826","blue",-0.342761576629944,0.00162010303848014,0.673425101461337,4.15090649712913e-12
"ENSG00000268471","blue",-0.325081455027224,0.00288311941593919,0.673372170335367,4.17293161766869e-12
"ENSG00000143126","blue",-0.507610423928182,1.13056387058672e-06,0.673056671572886,4.30656233714518e-12
"ENSG00000186462","blue",-0.33287713360678,0.00224532075036107,0.673038787800582,4.31425899087481e-12
"ENSG00000168280","blue",-0.397602121372731,0.000216543598467964,0.672776869691561,4.4285070324229e-12
"ENSG00000253522","blue",-0.413759651733359,0.000111591999734368,0.67237694990461,4.60857931841439e-12
"ENSG00000263002","blue",-0.35294744882557,0.00114453419542951,0.671963259858552,4.80224894986426e-12
"ENSG00000152268","blue",-0.439035313575053,3.68883164536238e-05,0.67177112115797,4.89483689898472e-12
"ENSG00000168661","blue",-0.413967712972918,0.000110618892193958,0.671317797934667,5.12013357926398e-12
"ENSG00000106479","blue",-0.410067921406944,0.000130230559315545,0.671288866124729,5.13484573455493e-12
"ENSG00000108829","blue",0.34618914263159,0.00144316537404734,-0.671074536525041,5.24510716979668e-12
"ENSG00000182841","blue",-0.417067560713768,9.70203305257292e-05,0.670956245110776,5.3069327995816e-12
"ENSG00000246627","blue",-0.213797647916295,0.0537728263326385,0.670945273073005,5.31270275550688e-12
"ENSG00000009335","blue",-0.42253557116784,7.67387187209144e-05,0.670855663491434,5.36005271246201e-12
"ENSG00000204842","blue",-0.446238904219488,2.64703771638259e-05,0.670395063563184,5.609905830369e-12
"ENSG00000259330","blue",0.348019708116449,0.00135600515373435,-0.670171734066766,5.735044053671e-12
"ENSG00000115840","blue",-0.371170350573941,0.000596953841425754,0.669903005806489,5.8891783985508e-12
"ENSG00000115317","blue",0.483056682930833,4.29640771339056e-06,-0.669449570558412,6.15832217501146e-12
"ENSG00000169914","blue",-0.202908630456143,0.0675079983886669,0.669411488311546,6.18145684761278e-12
"ENSG00000267369","blue",-0.335774463613309,0.0020427107589668,0.669313146491712,6.24158569501887e-12
"ENSG00000151882","blue",-0.531819730444756,2.72622140286614e-07,0.668520576670951,6.74713260833216e-12
"ENSG00000187792","blue",-0.444322977269314,2.89342088312883e-05,0.668393024123597,6.83208353171746e-12
"ENSG00000158887","blue",0.446778118764098,2.58131063093661e-05,-0.668178861561351,6.97703373465531e-12
"ENSG00000166263","blue",-0.194564386118643,0.079844632452788,0.667730404309411,7.29019247692423e-12
"ENSG00000160209","blue",0.290498052884201,0.00810789975569675,-0.667452109864579,7.49127029373617e-12
"ENSG00000168884","blue",0.472746332832549,7.30310043661937e-06,-0.666594782908125,8.14477015214931e-12
"ENSG00000222041","blue",0.553496442614142,6.91918205123746e-08,-0.666296337411259,8.38485395294855e-12
"ENSG00000042088","blue",-0.596484400477907,3.35210283269405e-09,0.666171525411377,8.48726216001747e-12
"ENSG00000140931","blue",0.517969560075117,6.23457879213354e-07,-0.665523417871471,9.03865082591651e-12
"ENSG00000233184","blue",-0.308886145372237,0.00474965784585179,0.664334467055746,1.01408898554605e-11
"ENSG00000171649","blue",-0.48660119784308,3.56579007484949e-06,0.664174787520549,1.02984126951473e-11
"ENSG00000140688","blue",-0.486703730787469,3.54650557779458e-06,0.664170053015313,1.03031189456533e-11
"ENSG00000166167","blue",-0.553056261749848,7.12147985101985e-08,0.66404113399831,1.04320655216283e-11
"ENSG00000120948","blue",-0.369604156010769,0.000632253798312674,0.663930089736072,1.05443749136105e-11
"ENSG00000234771","blue",-0.42340210239756,7.39117313938042e-05,0.663796005360245,1.06815351830408e-11
"ENSG00000151498","blue",-0.291305526312396,0.00792523855271572,0.66360356281902,1.08813909336647e-11
"ENSG00000147231","blue",-0.282647900812051,0.010085463725895,0.663521146821639,1.09680758474588e-11
"ENSG00000272093","blue",-0.294795321340503,0.00717673242078851,0.663245869788335,1.12624451813138e-11
"ENSG00000205045","blue",-0.187319813342756,0.0919568773346572,0.662973170114481,1.15615321340102e-11
"ENSG00000110448","blue",-0.581731172546195,9.95473823994601e-09,0.66291357340565,1.16279039477037e-11
"ENSG00000145476","blue",-0.277712791594843,0.0115339962142434,0.66274750291366,1.18147901399242e-11
"ENSG00000120742","blue",0.597944502997587,3.00074391929601e-09,-0.662360858940991,1.22611402611122e-11
"ENSG00000269220","blue",0.527586457628838,3.52421968992317e-07,-0.662228573570715,1.24175384179131e-11
"ENSG00000161381","blue",-0.470152998355736,8.32328334456327e-06,0.662023951771834,1.26632385584241e-11
"ENSG00000213971","blue",-0.260527007371865,0.0180820483126858,0.661941394655663,1.27636853713291e-11
"ENSG00000188277","blue",-0.398829144884079,0.000206153932185104,0.661257191164092,1.36261204491205e-11
"ENSG00000159733","blue",-0.37995116270652,0.000430250580403779,0.660137553431961,1.51593892678882e-11
"ENSG00000111145","blue",-0.28884360284456,0.00849374155562668,0.660016125363501,1.53353023167834e-11
"ENSG00000154153","blue",-0.417228307541164,9.63592740089885e-05,0.659547425254333,1.60328737015735e-11
"ENSG00000145375","blue",-0.459066066452181,1.43856380384813e-05,0.65943088237102,1.62109987470907e-11
"ENSG00000144233","blue",-0.409802470116644,0.00013167589965406,0.65930773195014,1.64012871820231e-11
"ENSG00000143933","blue",0.466967252995987,9.75944003920337e-06,-0.658809749222065,1.71928571889208e-11
"ENSG00000146833","blue",-0.431776740098331,5.11524790796137e-05,0.658311595557812,1.80213294153558e-11
"ENSG00000223855","blue",0.303190217341486,0.00562545822861999,-0.658306710918215,1.80296396889761e-11
"ENSG00000141576","blue",-0.443153021043055,3.05421990619076e-05,0.658179244161068,1.82478052102514e-11
"ENSG00000136699","blue",-0.52885361577883,3.26471934828975e-07,0.658034629648242,1.84983889933295e-11
"ENSG00000108091","blue",-0.375767088336112,0.000503484422805979,0.657902301584197,1.87305752655186e-11
"ENSG00000067141","blue",-0.550304274076255,8.5194033140464e-08,0.657675693516908,1.91347007149669e-11
"ENSG00000269609","blue",-0.297512623820276,0.00663775068776352,0.657603210133983,1.92657228976189e-11
"ENSG00000169641","blue",-0.416873988448077,9.78219523194675e-05,0.657320893772154,1.97843012428811e-11
"ENSG00000130935","blue",-0.394703735647974,0.000243029043410455,0.657238127935833,1.99388542184482e-11
"ENSG00000103051","blue",0.401547703658671,0.000184750376930631,-0.657130082116464,2.01423588021031e-11
"ENSG00000130699","blue",-0.533991871495245,2.38646732857103e-07,0.65622175371385,2.19338636131899e-11
"ENSG00000256771","blue",-0.38529866221082,0.000350866549090082,0.6559636269572,2.2470260314217e-11
"ENSG00000196684","blue",0.32270691516493,0.00310731526707044,-0.655365891152464,2.3761147318857e-11
"ENSG00000196867","blue",-0.382178297574374,0.000395378058778883,0.655077503148387,2.44091316314958e-11
"ENSG00000108465","blue",0.32645052374432,0.00276054479266875,-0.654428880743479,2.59290882224092e-11
"ENSG00000069702","blue",-0.434414888904019,4.54608314292134e-05,0.654321113032678,2.61902703683684e-11
"ENSG00000176593","blue",-0.314998521777104,0.00394649832644121,0.654230227337873,2.64124988928607e-11
"ENSG00000244045","blue",0.400017086439275,0.000196534633856365,-0.654205792843865,2.64725527355695e-11
"ENSG00000075275","blue",-0.564771538828038,3.26006569377787e-08,0.654110131648854,2.67089272608229e-11
"ENSG00000050748","blue",-0.335527379970578,0.00205932404907344,0.654050630876941,2.68569714518835e-11
"ENSG00000109762","blue",-0.370222724052516,0.000618090556532672,0.653490657282029,2.82893771359445e-11
"ENSG00000140374","blue",0.476759752676541,5.95260549701547e-06,-0.653309411102201,2.87685068842754e-11
"ENSG00000196700","blue",-0.558895747991392,4.84238437117254e-08,0.653142899943086,2.92155408167675e-11
"ENSG00000173153","blue",0.40923705944031,0.00013480402801499,-0.653134466260613,2.92383592751036e-11
"ENSG00000111962","blue",-0.391693537866478,0.000273665745995029,0.652885691366645,2.99191992310173e-11
"ENSG00000247287","blue",-0.421679075399095,7.96312337909894e-05,0.652791361329658,3.01813162443114e-11
"ENSG00000261355","blue",-0.270517754307577,0.0139692736112454,0.651726013335576,3.32988596533506e-11
"ENSG00000116791","blue",-0.334094738341952,0.00215807047128104,0.651457685128749,3.41314942142733e-11
"ENSG00000162630","blue",-0.425497573763957,6.7469866424634e-05,0.65135317386565,3.4461173172908e-11
"ENSG00000257218","blue",-0.344788639725624,0.00151323496400637,0.651293092797438,3.46520788464969e-11
"ENSG00000176915","blue",-0.461032364597148,1.30732665399334e-05,0.651183851668506,3.5001792141439e-11
"ENSG00000082458","blue",-0.483542544784017,4.18854049536969e-06,0.651181317161763,3.50099459120071e-11
"ENSG00000175322","blue",-0.264313449469197,0.0164149377520684,0.651162871527088,3.5069342354793e-11
"ENSG00000225032","blue",-0.500781930568479,1.65610573924743e-06,0.651085077621312,3.53209106345954e-11
"ENSG00000125630","blue",-0.5104392683954,9.62835257813328e-07,0.650964070841923,3.57156646334863e-11
"ENSG00000179909","blue",-0.39885305661649,0.00020595610412,0.650535653092424,3.71475768585568e-11
"ENSG00000105492","blue",-0.44106859365395,3.36152121881311e-05,0.650462900815759,3.73961467250346e-11
"ENSG00000198182","blue",-0.457462436232287,1.55461393613395e-05,0.650427316812228,3.75183056396106e-11
"ENSG00000103335","blue",-0.41395106323939,0.000110696473399194,0.650266334274748,3.80757549269487e-11
"ENSG00000100764","blue",0.391251513308726,0.000278452231101722,-0.650175966763873,3.83921526844751e-11
"ENSG00000211786","blue",-0.474890612545267,6.54941658233008e-06,0.650082591492158,3.87217306720344e-11
"ENSG00000111144","blue",0.570314080230582,2.22868640757826e-08,-0.649943743766574,3.92168327551775e-11
"ENSG00000140545","blue",-0.592738079625759,4.4423113463006e-09,0.649901722358436,3.93678657688408e-11
"ENSG00000137802","blue",-0.545373285943541,1.16988525023347e-07,0.649794634238413,3.9755288626602e-11
"ENSG00000107957","blue",-0.460437991507185,1.34576537869928e-05,0.649625738221847,4.03737641812023e-11
"ENSG00000108797","blue",-0.425492906669147,6.74836160621652e-05,0.649602691196925,4.04588718640419e-11
"ENSG00000156345","blue",-0.359605812257355,0.000906263903989837,0.649567289397926,4.05899384216148e-11
"ENSG00000102349","blue",-0.448652506482632,2.36449032807035e-05,0.649155277257446,4.2145586551423e-11
"ENSG00000068001","blue",0.360117771371796,0.000889958186479614,-0.649153065232414,4.21540909457048e-11
"ENSG00000128731","blue",-0.475384632355706,6.3864408150561e-06,0.648872466456194,4.32463416385762e-11
"ENSG00000181690","blue",-0.365720492631311,0.000728155647395634,0.648570047882954,4.44539153431551e-11
"ENSG00000065060","blue",-0.349663680066997,0.00128181969115035,0.648523337184984,4.46432940567663e-11
"ENSG00000144476","blue",-0.463421080801981,1.16296989137845e-05,0.648382259670085,4.5219973719848e-11
"ENSG00000188677","blue",0.255146993477091,0.0206997930113823,-0.648364275166691,4.52940001620736e-11
"ENSG00000170074","blue",-0.329706926387364,0.0024875532136838,0.648262940671635,4.57132834062846e-11
"ENSG00000133985","blue",-0.651053386887637,3.54238870605269e-11,0.647967723572059,4.69561104876207e-11
"ENSG00000155561","blue",-0.475477752649323,6.3561501994593e-06,0.64782500876746,4.75684825198273e-11
"ENSG00000129691","blue",0.391544974626612,0.000275265965001957,-0.647675715207995,4.82172794602047e-11
"ENSG00000155380","blue",-0.451760162818407,2.04206756538411e-05,0.647541196305072,4.88091323270277e-11
"ENSG00000130956","blue",-0.421536792688753,8.01214244622886e-05,0.647424274033571,4.93292196222255e-11
"ENSG00000104490","blue",-0.583479356475958,8.77488811021906e-09,0.647359748698003,4.96185098442019e-11
"ENSG00000215908","blue",-0.517191170761845,6.52421069677721e-07,0.647093559748477,5.08292280704647e-11
"ENSG00000091127","blue",-0.3718861391337,0.000581428100713321,0.646299487300626,5.4611630989986e-11
"ENSG00000144504","blue",-0.467113995320796,9.68848263337065e-06,0.646277706495496,5.47190913081216e-11
"ENSG00000198554","blue",-0.473699972337297,6.95838547797168e-06,0.64618021979079,5.52025535231755e-11
"ENSG00000144218","blue",-0.379342647973195,0.000440256925722989,0.646039144370787,5.5909444456894e-11
"ENSG00000143158","blue",0.349563023154004,0.0012862540417586,-0.645805685072832,5.70983576024442e-11
"ENSG00000154165","blue",-0.345894563330555,0.00145765521649537,0.645550742131816,5.84243700218364e-11
"ENSG00000125485","blue",-0.491169108277463,2.79570587862553e-06,0.645221824179038,6.0178824700942e-11
"ENSG00000197077","blue",-0.477102949033821,5.84872926330871e-06,0.645188141251894,6.03613157173708e-11
"ENSG00000267283","blue",0.279999950650747,0.0108415823781755,-0.644948893499545,6.16728969719305e-11
"ENSG00000163069","blue",-0.459233994111183,1.42689181946536e-05,0.644942881283952,6.17062060674191e-11
"ENSG00000139624","blue",0.334616675921708,0.00212161274536049,-0.644850390565206,6.22208060107104e-11
"ENSG00000272529","blue",-0.338542327253042,0.00186468152626523,0.644552684838881,6.39052752888555e-11
"ENSG00000124942","blue",-0.546772471353497,1.0697575965891e-07,0.644490093803184,6.42649480783041e-11
"ENSG00000120915","blue",-0.458948625765827,1.44677964413954e-05,0.644196614460773,6.597744761026e-11
"ENSG00000170854","blue",-0.357192167685791,0.000986857519648813,0.644001632024286,6.71393066258546e-11
"ENSG00000161010","blue",-0.417289318860944,9.61094646114602e-05,0.643964621732637,6.73620476216426e-11
"ENSG00000197124","blue",-0.297710750385976,0.00659988638196106,0.643700001686598,6.89753982341168e-11
"ENSG00000096996","blue",0.576469304235122,1.4487967535289e-08,-0.643677825069409,6.911227595993e-11
"ENSG00000205476","blue",-0.396533990944066,0.000225978250573006,0.643521178265241,7.00865708280137e-11
"ENSG00000129680","blue",-0.477780890835442,5.64851604405402e-06,0.642617562507242,7.5969099497548e-11
"ENSG00000103356","blue",-0.397195908966621,0.000220088019433541,0.642486861415381,7.68581969887096e-11
"ENSG00000221890","blue",-0.413653037009187,0.000112093703148826,0.642299170789486,7.8152437868812e-11
"ENSG00000236104","blue",0.411579103388465,0.000122278009703237,-0.64224468435756,7.85320518834942e-11
"ENSG00000237940","blue",-0.405564170783057,0.000156855442246777,0.64206918911253,7.97668056689199e-11
"ENSG00000229645","blue",-0.413292217771516,0.000113807158024813,0.641588799542965,8.32426952215102e-11
"ENSG00000164032","blue",0.349838967397187,0.00127413059600991,-0.641561549662247,8.34441548746647e-11
"ENSG00000154358","blue",-0.446501871997474,2.61479087930467e-05,0.641533269800505,8.36537235061252e-11
"ENSG00000215447","blue",-0.330753914588259,0.00240507797605122,0.641406327693408,8.4600663929241e-11
"ENSG00000103494","blue",-0.350867058809155,0.00122986756579056,0.641369420619766,8.4877899629709e-11
"ENSG00000088538","blue",-0.274849793095641,0.01245475754488,0.641295011890476,8.54394880758107e-11
"ENSG00000143252","blue",0.360813399632259,0.000868230125168774,-0.640869553681675,8.87196274026982e-11
"ENSG00000152454","blue",-0.36945338688912,0.00063575052442145,0.640822266024664,8.9091566642067e-11
"ENSG00000115896","blue",-0.442032891581175,3.21594180862476e-05,0.640779722939764,8.94274647326054e-11
"ENSG00000124659","blue",0.369327738983371,0.000638678095946095,-0.640415972200238,9.23494490224799e-11
"ENSG00000170004","blue",-0.581188495537104,1.03507518564187e-08,0.64008558227756,9.50825947063875e-11
"ENSG00000236088","blue",-0.320946357066706,0.00328347641135661,0.639889269118812,9.67431426847159e-11
"ENSG00000138439","blue",-0.442104310649923,3.20539685946707e-05,0.63983766975661,9.71841973558343e-11
"ENSG00000261705","blue",-0.347847127759578,0.00136401408765299,0.639750891042837,9.79303040904221e-11
"ENSG00000164402","blue",-0.32375655938809,0.00300635661994858,0.639554663083372,9.96377353324163e-11
"ENSG00000167721","blue",-0.421466357123615,8.03651222433674e-05,0.639488527855688,1.00219598231005e-10
"ENSG00000164038","blue",-0.543566647950309,1.31236889243185e-07,0.638654383408687,1.07843901945659e-10
"ENSG00000070669","blue",-0.45137039965586,2.08012439980576e-05,0.638368168162991,1.10585817592619e-10
"ENSG00000152217","blue",-0.497749087103802,1.95695789282844e-06,0.637836257344972,1.15859953224244e-10
"ENSG00000265982","blue",0.423489913430612,7.36307124972102e-05,-0.637812663704337,1.16099392408114e-10
"ENSG00000088543","blue",-0.365055819070413,0.000745838482995229,0.637755267545384,1.16683857155568e-10
"ENSG00000268087","blue",-0.353604947173807,0.00111870352432478,0.637730051211114,1.1694152566118e-10
"ENSG00000178573","blue",-0.27776202520811,0.0115186951306779,0.637277722190022,1.2165725926036e-10
"ENSG00000142920","blue",-0.521442840156663,5.08404807973328e-07,0.637254700625993,1.21902079854137e-10
"ENSG00000132932","blue",-0.440073991715741,3.51809097775056e-05,0.637041668097063,1.24190067620372e-10
"ENSG00000110844","blue",-0.411188584700638,0.000124288902750399,0.636853399822142,1.26246295474129e-10
"ENSG00000069188","blue",-0.567560128880477,2.69464225135077e-08,0.636567193569447,1.29434808194629e-10
"ENSG00000172638","blue",0.558550928756134,4.95496079771563e-08,-0.636205581495408,1.33573854130592e-10
"ENSG00000228801","blue",-0.472902596822352,7.24553908223589e-06,0.63604936634527,1.3540087590776e-10
"ENSG00000248835","blue",-0.394240838737114,0.000247525075705563,0.635742984724898,1.3905396291911e-10
"ENSG00000133131","blue",-0.442024194239356,3.21722816771631e-05,0.635726452409255,1.39253745243091e-10
"ENSG00000112659","blue",-0.469649968352837,8.53603800904603e-06,0.635685176601062,1.39753738045744e-10
"ENSG00000172890","blue",0.409739312568151,0.000132021959048587,-0.635349501615784,1.4388430218436e-10
"ENSG00000182183","blue",-0.417748427970016,9.42488052917111e-05,0.635185446945398,1.45945350376373e-10
"ENSG00000136141","blue",-0.41829213502159,9.20884661853029e-05,0.634947659521662,1.4898300633728e-10
"ENSG00000185697","blue",-0.249399071123735,0.0238481722184506,0.634900344684772,1.49594622157177e-10
"ENSG00000197381","blue",-0.450315411300872,2.18648344087034e-05,0.634601102675779,1.53518869020748e-10
"ENSG00000157570","blue",-0.562325435126756,3.84738590275359e-08,0.634576120872986,1.53850903440171e-10
"ENSG00000057608","blue",0.394096747826522,0.000248940145520011,-0.634473361654687,1.55223932479962e-10
"ENSG00000160185","blue",-0.474698174052624,6.61395134561472e-06,0.634363645578948,1.56702874669692e-10
"ENSG00000189190","blue",-0.356748292653757,0.00100236875684405,0.634254876364922,1.58182375663701e-10
"ENSG00000117305","blue",0.55132225602686,7.97439120223219e-08,-0.634199477959309,1.58941051385952e-10
"ENSG00000135763","blue",-0.547204304891611,1.04053524002014e-07,0.6340381672876,1.61170094215632e-10
"ENSG00000005469","blue",-0.415751663734189,0.000102591890535999,0.634020345488949,1.61418191011333e-10
"ENSG00000133818","blue",-0.306446755940848,0.00510870831311998,0.633936512215172,1.6259014933217e-10
"ENSG00000203306","blue",0.310282335981033,0.00455439688820929,-0.633837586368474,1.63983584009502e-10
"ENSG00000225783","blue",-0.153172827310516,0.169482778919179,0.63368578155546,1.66144127897915e-10
"ENSG00000181472","blue",-0.379183165946336,0.000442914439937489,0.633205813154557,1.73156129265638e-10
"ENSG00000240682","blue",0.438596738093919,3.76321719380253e-05,-0.633114393577434,1.74523466875685e-10
"ENSG00000221866","blue",-0.395381719215205,0.000236579434684246,0.633027611839679,1.75831004231402e-10
"ENSG00000138111","blue",0.515560809040119,7.17258157428478e-07,-0.632913055893537,1.77571392624228e-10
"ENSG00000119638","blue",-0.42960021496577,5.63396736931806e-05,0.632838035220252,1.78720072738532e-10
"ENSG00000091490","blue",-0.448950281704533,2.33165200387125e-05,0.632725926402728,1.80449906160101e-10
"ENSG00000149503","blue",-0.497652951563224,1.96728840313256e-06,0.632349816961618,1.86371203642778e-10
"ENSG00000161013","blue",0.344414015999109,0.00153249202040103,-0.632042307434455,1.91350372284988e-10
"ENSG00000196968","blue",-0.405667495511393,0.000156192075832496,0.631916072986948,1.93431028826106e-10
"ENSG00000080822","blue",-0.236699450431307,0.0322720548900312,0.631685133876638,1.97293701611452e-10
"ENSG00000120942","blue",-0.521517507293616,5.06167422386411e-07,0.631561273891043,1.99395708621517e-10
"ENSG00000107020","blue",0.543235126030931,1.34024200757664e-07,-0.631516998891313,2.00152284192399e-10
"ENSG00000127585","blue",-0.552785101495554,7.24888269182259e-08,0.631336003763624,2.03273844317361e-10
"ENSG00000198453","blue",-0.344188989631343,0.00154416538641087,0.631014455158366,2.08934852237207e-10
"ENSG00000182983","blue",-0.359306258067922,0.000915930089602984,0.630552517717009,2.17332451917282e-10
"ENSG00000174255","blue",-0.3122250598621,0.00429457518552166,0.630249127385806,2.23022686046142e-10
"ENSG00000184886","blue",-0.332918087603335,0.00224233532394517,0.629984270275283,2.28106633381825e-10
"ENSG00000119559","blue",0.366202442568022,0.000715573816624317,-0.62953524256768,2.36980347607512e-10
"ENSG00000096654","blue",-0.2580426443258,0.0192532132425279,0.629383479090143,2.40053567492095e-10
"ENSG00000183773","blue",0.420423308204726,8.40553269502287e-05,-0.62912786259301,2.45316294236028e-10
"ENSG00000168395","blue",-0.409384615473963,0.000133981119785171,0.629105794367331,2.45775788772918e-10
"ENSG00000171843","blue",-0.348071037515578,0.00135363133506557,0.628724428337125,2.53847834563391e-10
"ENSG00000102606","blue",-0.384680159318038,0.000359305922734075,0.628706140855826,2.54241220956407e-10
"ENSG00000151208","blue",-0.485653360764371,3.74878970748156e-06,0.628494561363976,2.58835221853587e-10
"ENSG00000179101","blue",0.443568478006637,2.99618900900588e-05,-0.628128877787347,2.66963316710272e-10
"ENSG00000143553","blue",0.556759794816442,5.58089450401498e-08,-0.627832490917647,2.73729933163462e-10
"ENSG00000111412","blue",-0.45266613041389,1.9561059875219e-05,0.62781602705252,2.7411058444474e-10
"ENSG00000155893","blue",-0.321588309636998,0.00321823483898495,0.62780542062587,2.74356077777924e-10
"ENSG00000058056","blue",-0.224919798585323,0.0421963991513024,0.627614958182954,2.7880047035012e-10
"ENSG00000100802","blue",0.4292301559169,5.72687860018469e-05,-0.627275883994471,2.86883846386274e-10
"ENSG00000267128","blue",-0.391927577994826,0.000271162171350996,0.627071526628319,2.91863516172616e-10
"ENSG00000160271","blue",-0.437727201994474,3.91484416135433e-05,0.626106593564481,3.16515945762593e-10
"ENSG00000171766","blue",-0.433554026823651,4.72498801614527e-05,0.625973507202014,3.20068660636338e-10
"ENSG00000259673","blue",-0.316070458752822,0.00381885179884542,0.625784930560244,3.25168120349896e-10
"ENSG00000144824","blue",-0.266317856352067,0.0155873199027787,0.625442408612992,3.34630166515125e-10
"ENSG00000139289","blue",-0.358044598545476,0.000957679167061643,0.625336256900476,3.37615689618997e-10
"ENSG00000272048","blue",0.264402223712408,0.016377497131216,-0.624935357670037,3.49122687001187e-10
"ENSG00000154764","blue",-0.446313174005855,2.63789287702825e-05,0.624604941573002,3.58887958493661e-10
"ENSG00000123689","blue",0.476797189424763,5.94119082451738e-06,-0.624338341086175,3.66957274821815e-10
"ENSG00000148606","blue",-0.384526545109855,0.000361430631824747,0.62427447382209,3.68916005674972e-10
"ENSG00000125124","blue",-0.386955654759045,0.000329145400401272,0.624139224901124,3.73097018053236e-10
"ENSG00000197016","blue",-0.420426622191479,8.40433576325966e-05,0.623716334954667,3.86464682267077e-10
"ENSG00000187240","blue",-0.422742774308396,7.60537568104795e-05,0.623289981518313,4.00405302401503e-10
"ENSG00000175066","blue",-0.191990749921421,0.0839927665571763,0.622328561307708,4.33629367386691e-10
"ENSG00000171823","blue",-0.523158941726679,4.59272119941439e-07,0.622079732881124,4.42648809360757e-10
"ENSG00000103423","blue",-0.577282554912096,1.36774751030682e-08,0.621861357152731,4.50712112170736e-10
"ENSG00000206341","blue",0.462404644741831,1.22246890790964e-05,-0.621822418669493,4.5216456668975e-10
"ENSG00000160856","blue",-0.393576463386708,0.000254111876553975,0.621663691786976,4.58131764797457e-10
"ENSG00000119599","blue",-0.522700101589466,4.71949578279322e-07,0.621600767739568,4.60518139367603e-10
"ENSG00000124574","blue",-0.366768406051086,0.000701051866057996,0.621575754673251,4.61470052708821e-10
"ENSG00000101084","blue",0.44484812618454,2.8238422089594e-05,-0.621232755347137,4.74714940804838e-10
"ENSG00000101188","blue",0.472291349930292,7.47314999265272e-06,-0.621031242764463,4.82665182577994e-10
"ENSG00000196172","blue",-0.480509885412617,4.90584989764924e-06,0.620390154902562,5.08814300906802e-10
"ENSG00000168411","blue",-0.4199308871966,8.58514984002079e-05,0.62038178134251,5.09164654494512e-10
"ENSG00000075975","blue",-0.34859771346949,0.00132949062737481,0.620169826020672,5.18110235394642e-10
"ENSG00000251247","blue",-0.367761857778333,0.000676209216983729,0.619636389397564,5.41294427896186e-10
"ENSG00000177096","blue",0.476861468386428,5.92163972624139e-06,-0.619175943635954,5.62101587166106e-10
"ENSG00000185986","blue",-0.372157236211207,0.000575644832275367,0.618982032676659,5.7109138501932e-10
"ENSG00000215375","blue",0.474817292283447,6.5739347335707e-06,-0.618339521615557,6.01872019056726e-10
"ENSG00000168421","blue",-0.46853313846671,9.02675653742674e-06,0.617697864779238,6.34192224868749e-10
"ENSG00000167972","blue",-0.515632038043531,7.1430265960554e-07,0.617558065839654,6.41450940942453e-10
"ENSG00000090920","blue",-0.608523100546966,1.32283884446203e-09,0.617460393605617,6.46569425589989e-10
"ENSG00000165272","blue",-0.56342901000126,3.57093402248687e-08,0.616690835694668,6.8828725373012e-10
"ENSG00000219481","blue",-0.45621223498974,1.65109873273046e-05,0.61624780904887,7.13459011891889e-10
"ENSG00000162739","blue",-0.496765740513858,2.06508179847056e-06,0.615497765385324,7.58094474507082e-10
"ENSG00000141458","blue",-0.439114026909037,3.67562710550082e-05,0.61523411594847,7.74409571788902e-10
"ENSG00000259326","blue",-0.211067435781641,0.0569807307313218,0.6151646439945,7.78764210436749e-10
"ENSG00000243364","blue",0.321751373419533,0.0032018483501896,-0.614394794673553,8.28614669115768e-10
"ENSG00000172340","blue",-0.360547025564447,0.000876492701093677,0.613661034617426,8.7895863827665e-10
"ENSG00000107796","blue",0.372674492542317,0.000564755821420949,-0.613621086625736,8.81781835343286e-10
"ENSG00000163026","blue",-0.435452675789542,4.33879024436163e-05,0.613525636140768,8.8856265382612e-10
"ENSG00000125384","blue",-0.186443684469937,0.0935149336508884,0.613419281307347,8.96176854698145e-10
"ENSG00000176903","blue",-0.380988559689642,0.000413670778795918,0.613056809006801,9.2259862692574e-10
"ENSG00000008277","blue",-0.227142232152024,0.0401511087450133,0.613039607533362,9.23870833840926e-10
"ENSG00000117016","blue",-0.473752088397997,6.939993995951e-06,0.612758293454933,9.44916186342283e-10
"ENSG00000168887","blue",0.466254564059474,1.01110401339293e-05,-0.612540133681604,9.61551733614871e-10
"ENSG00000152382","blue",-0.41537598802165,0.000104236034612824,0.612273678272558,9.82250102922885e-10
"ENSG00000226791","blue",-0.346202009502157,0.00144253545404767,0.612202226410233,9.87872547229956e-10
"ENSG00000141568","blue",-0.409097797356159,0.000135584963713112,0.612073274550947,9.98097561604229e-10
"ENSG00000070010","blue",0.393654837504368,0.000253326551111329,-0.611868403552879,1.01455085724753e-09
"ENSG00000112592","blue",-0.18228646413565,0.101192933032361,0.611738912230324,1.02508380006981e-09
"ENSG00000198093","blue",-0.328234008020473,0.00260787837292024,0.611668622821216,1.03084490551307e-09
"ENSG00000021776","blue",-0.40406780916019,0.000166758611086328,0.611589012963369,1.03740732880035e-09
"ENSG00000100139","blue",0.407652962079387,0.000143937500027224,-0.611478088509458,1.04661772444032e-09
"ENSG00000264469","blue",0.51095800596552,9.34748271855628e-07,-0.611472531196072,1.04708121583789e-09
"ENSG00000038382","blue",-0.315066840257942,0.00393825095303718,0.6112115564115,1.06906943404549e-09
"ENSG00000162415","blue",-0.364973190677134,0.000748063837076728,0.611202665642856,1.06982624058404e-09
"ENSG00000237781","blue",0.381665539069429,0.00040316905636076,-0.610855252266304,1.09980340378937e-09
"ENSG00000124207","blue",-0.405059505285643,0.000160133038502962,0.610764713059927,1.10774667876721e-09
"ENSG00000108292","blue",-0.500370201715315,1.6942223526965e-06,0.610608580464979,1.1215736766202e-09
"ENSG00000047249","blue",0.307438821574178,0.00495988197627146,-0.610603355325528,1.12203925308697e-09
"ENSG00000120519","blue",-0.363720369438563,0.000782554379861709,0.610479653163326,1.13311563090941e-09
"ENSG00000145414","blue",-0.472313664029569,7.46472424363503e-06,0.610072215799231,1.1703418377812e-09
"ENSG00000143545","blue",0.50920912051025,1.03266029996019e-06,-0.609768640940426,1.19883561011399e-09
"ENSG00000005513","blue",-0.425350330428414,6.7904912631457e-05,0.609717927829689,1.2036597701334e-09
"ENSG00000110906","blue",-0.510515155929264,9.58677155234127e-07,0.609423792328902,1.23200791059934e-09
"ENSG00000225450","blue",0.356917689419892,0.000996423241365245,-0.609377004350356,1.23657566283405e-09
"ENSG00000119608","blue",-0.329925721090926,0.00247011106222031,0.608804793356823,1.2937649081252e-09
"ENSG00000182909","blue",0.332928169525173,0.0022416009288913,-0.608581679130056,1.31674189616851e-09
"ENSG00000159753","blue",-0.529675099366059,3.10626982320084e-07,0.608359894927783,1.33996819221363e-09
"ENSG00000267152","blue",-0.287965984959176,0.00870488074927369,0.607653347067767,1.41660090786729e-09
"ENSG00000159761","blue",0.337141408875749,0.00195296140952584,-0.606589853078281,1.53989473341428e-09
"ENSG00000137486","blue",0.17652314253438,0.112641665281361,-0.606378239421107,1.56562164262764e-09
"ENSG00000077097","blue",-0.552411012981197,7.42820353256728e-08,0.606364571219892,1.56729739898456e-09
"ENSG00000263276","blue",-0.334784846198925,0.00210998450496945,0.60622639779973,1.58433434735206e-09
"ENSG00000166436","blue",-0.380712774397482,0.000418020318793794,0.605796504097108,1.63848005353597e-09
"ENSG00000082438","blue",-0.394023049106379,0.000249666790113486,0.605632464022403,1.65960362021406e-09
"ENSG00000101452","blue",-0.350637217647529,0.00123964034361678,0.605240633632986,1.71111826559091e-09
"ENSG00000212719","blue",-0.302244795339742,0.00578389804014818,0.605149735160373,1.72328535180612e-09
"ENSG00000079387","blue",-0.219648554425475,0.0473950974997597,0.604832640979414,1.76638004660881e-09
"ENSG00000167528","blue",-0.509096721794364,1.03927315197016e-06,0.604649225755955,1.79177518533182e-09
"ENSG00000173706","blue",-0.340868958498519,0.00172598538019926,0.604354171108567,1.83336107666941e-09
"ENSG00000139514","blue",-0.445194648077776,2.77878827548714e-05,0.603136329600581,2.01497271767764e-09
"ENSG00000065717","blue",-0.491270954699301,2.78046985174869e-06,0.603011272398794,2.03456595014258e-09
"ENSG00000170734","blue",-0.353548455644232,0.00112090192217672,0.602714085640167,2.08186031612182e-09
"ENSG00000166681","blue",0.493383215707483,2.48155887626298e-06,-0.602689986462835,2.08574116012963e-09
"ENSG00000119714","blue",-0.460049190975635,1.37147890097479e-05,0.602524045258459,2.11265197894973e-09
"ENSG00000104529","blue",0.349645582531832,0.00128261593978264,-0.602453449355482,2.12420086501681e-09
"ENSG00000232021","blue",-0.412644313702514,0.000116944880887522,0.602109636064096,2.18131322595382e-09
"ENSG00000048028","blue",-0.417955293475445,9.3421382315251e-05,0.602050731315879,2.19124418920265e-09
"ENSG00000233901","blue",0.269677615385327,0.0142807729541914,-0.60136255496388,2.31051312877483e-09
"ENSG00000152117","blue",-0.454120385819318,1.82515595081628e-05,0.601179063378833,2.34334662293173e-09
"ENSG00000117643","blue",-0.499629824693811,1.76485328315649e-06,0.600966199442848,2.38199435293107e-09
"ENSG00000157193","blue",-0.215342739443289,0.0520239405308774,0.600742663593795,2.42323474204926e-09
"ENSG00000225101","blue",0.539041829206124,1.74496802090853e-07,-0.600739619950486,2.42380094576472e-09
"ENSG00000072849","blue",0.425206953668919,6.83310353481989e-05,-0.600438704789552,2.48040783868676e-09
"ENSG00000261754","blue",-0.431400793126207,5.20154873582252e-05,0.60017268448443,2.5315000595423e-09
"ENSG00000100522","blue",-0.276664359433715,0.0118640604776023,0.599915611647709,2.58182775310234e-09
"ENSG00000171291","blue",-0.278768322526341,0.0112098016799937,0.599562204071753,2.65257704776961e-09
"ENSG00000119013","blue",0.468642538912065,8.97754434719687e-06,-0.59933432795664,2.69917375396114e-09
"ENSG00000205758","blue",-0.188836708222035,0.0893077735846537,0.599215242626675,2.72383460934364e-09
"ENSG00000107779","blue",-0.372574119463136,0.000566853992721209,0.599149686748479,2.73750196539255e-09
"ENSG00000100836","blue",0.264772133276044,0.016222278678734,-0.598880609609235,2.79428944238247e-09
"ENSG00000224113","blue",-0.203428876281732,0.0667929086354863,0.598236681006209,2.9347906515052e-09
"ENSG00000143167","blue",-0.487493187792761,3.40127506162946e-06,0.596803494463436,3.27211474438107e-09
"ENSG00000182796","blue",-0.481003401291595,4.78175048663417e-06,0.5955221275106,3.60477806527167e-09
"ENSG00000272341","blue",-0.283224264553544,0.00992712756436921,0.595498335628762,3.61125001293956e-09
"ENSG00000125731","blue",-0.540141899477242,1.62881876506523e-07,0.595244546746038,3.6809803443574e-09
"ENSG00000181896","blue",-0.478001509468383,5.58476202065989e-06,0.594165996962713,3.9919193597492e-09
"ENSG00000160752","blue",0.408931392073322,0.000136523591378617,-0.593910611540992,4.06913377883434e-09
"ENSG00000168229","blue",-0.39414221380264,0.00024849283728811,0.593877997654822,4.07909645302586e-09
"ENSG00000163872","blue",-0.3629455514037,0.000804603725392367,0.593187590861308,4.29554219758276e-09
"ENSG00000183691","blue",-0.493511158938569,2.46446205513867e-06,0.593062887424625,4.33578829581592e-09
"ENSG00000121671","blue",-0.578752108862571,1.23212482655401e-08,0.592542025139616,4.50781273096311e-09
"ENSG00000007923","blue",-0.419804222761778,8.63192417797238e-05,0.592499765029001,4.52205199474105e-09
"ENSG00000132535","blue",0.385454389278566,0.000348770534695103,-0.592143652390371,4.64375856928988e-09
"ENSG00000061938","blue",0.265403344012503,0.0159603430240068,-0.592033700524597,4.68196347714241e-09
"ENSG00000114529","blue",-0.14663078967811,0.188667311792171,0.591750894884497,4.7816125755389e-09
"ENSG00000211795","blue",-0.429758701849947,5.59460584421214e-05,0.590917983260894,5.08699036493613e-09
"ENSG00000218226","blue",-0.200183382438713,0.0713555101217431,0.590816786533256,5.12533639386928e-09
"ENSG00000117481","blue",-0.438293429039557,3.81547501810801e-05,0.590387046628315,5.29127004011761e-09
"ENSG00000162894","blue",-0.59207470410812,4.66768104747076e-09,0.59015371405209,5.38350017947086e-09
"ENSG00000246223","blue",-0.372664014322369,0.000564974523109243,0.590029155968795,5.43336057558992e-09
"ENSG00000256069","blue",-0.29539450706396,0.00705467890913317,0.588981783060826,5.87040903396769e-09
"ENSG00000163462","blue",-0.453007670257175,1.92458600219717e-05,0.588772005090421,5.96188664409945e-09
"ENSG00000102245","blue",-0.518562204287828,6.0222570349413e-07,0.58832377330875,6.1619245319373e-09
"ENSG00000165410","blue",-0.360559395316561,0.000876107429769845,0.586689239926083,6.94701310510189e-09
"ENSG00000272565","blue",-0.210679775624866,0.0574486269784694,0.586188511030962,7.20601951950442e-09
"ENSG00000130813","blue",0.338691429046379,0.00185550078244521,-0.585003980050755,7.85588906753786e-09
"ENSG00000149582","blue",-0.437921853530688,3.88041548282942e-05,0.584336827287269,8.24612852395871e-09
"ENSG00000163577","blue",-0.440711591734677,3.41695774725115e-05,0.583983407155857,8.46027595006824e-09
"ENSG00000174111","blue",-0.342504161904642,0.00163415080925318,0.583674389157864,8.65185440449261e-09
"ENSG00000160201","blue",0.464149045520512,1.12203537379276e-05,-0.583423447661424,8.81046391068961e-09
"ENSG00000142798","blue",-0.433313837858359,4.77606015541771e-05,0.583421609341038,8.81163599943459e-09
"ENSG00000074964","blue",0.343372741200828,0.00158718598332244,-0.583059972813787,9.04512463165182e-09
"ENSG00000116983","blue",-0.420601544496167,8.34138185964686e-05,0.583023088309217,9.06926763050603e-09
"ENSG00000162521","blue",-0.332537221127452,0.0022702375925294,0.581458263097172,1.01520507955424e-08
"ENSG00000068745","blue",0.375932641755718,0.000500382642368401,-0.581338247102509,1.02399970815536e-08
"ENSG00000131115","blue",-0.243479286293531,0.0275077130407535,0.581295689170828,1.02713570739361e-08
"ENSG00000139842","blue",-0.425699013703226,6.68788803497798e-05,0.581083611205746,1.04290021688375e-08
"ENSG00000143157","blue",-0.366934074409406,0.000696852135500046,0.580722215690663,1.0702967110682e-08
"ENSG00000013725","blue",-0.479989701244233,5.03992661762787e-06,0.580711083468469,1.07115141153848e-08
"ENSG00000162892","blue",-0.57796605013263,1.30298883657877e-08,0.580539129763686,1.08443644486528e-08
"ENSG00000142235","blue",-0.412171948795588,0.000119282719604029,0.580263058277593,1.10609456001029e-08
"ENSG00000111674","blue",-0.541866560635748,1.46136286306438e-07,0.580023628128912,1.12521135020914e-08
"ENSG00000234072","blue",-0.306931151114128,0.00503555340196759,0.579514319997082,1.16692856028935e-08
"ENSG00000101346","blue",-0.471689703637358,7.70372130820664e-06,0.578924634473227,1.21707068002545e-08
"ENSG00000268913","blue",0.255349072535279,0.0205959071075637,-0.578622874161812,1.24351758021962e-08
"ENSG00000154589","blue",0.548660472828496,9.47481382508482e-08,-0.57845327802533,1.25862078227534e-08
"ENSG00000163617","blue",-0.222115284567276,0.0449000628450141,0.575102391343709,1.59542751928893e-08
"ENSG00000105708","blue",-0.301270414880623,0.00595130881560929,0.573728985331894,1.756925581489e-08
"ENSG00000143502","blue",-0.334724003079026,0.00211418490484941,0.573588339947403,1.77431584379746e-08
"ENSG00000161267","blue",-0.477776643670261,5.64975006076896e-06,0.573345954830451,1.80467116661173e-08
"ENSG00000215788","blue",-0.486472276573301,3.59017767544887e-06,0.57311527391046,1.83401952842782e-08
"ENSG00000179862","blue",0.268944758565881,0.0145573863232127,-0.571752430878845,2.01689964778702e-08
"ENSG00000157978","blue",-0.532914854508219,2.54957603737376e-07,0.57161470104906,2.03631840875945e-08
"ENSG00000267481","blue",-0.297297020280506,0.00667917263348073,0.571298373871323,2.08159405214284e-08
"ENSG00000163874","blue",0.356525196458583,0.00101024817645078,-0.570816242114434,2.15244926194478e-08
"ENSG00000157017","blue",0.368592929598331,0.000656046731925754,-0.569760251424045,2.31574656216616e-08
"ENSG00000170962","blue",-0.366355869644624,0.000711610212278669,0.567774538691292,2.65527071340203e-08
"ENSG00000133422","blue",-0.539408493563421,1.70540857824893e-07,0.56740548746957,2.72338284574954e-08
"ENSG00000272655","blue",0.380825303031807,0.000416240541621643,-0.56608206781506,2.98156220560189e-08
"ENSG00000182319","blue",-0.612100400426157,9.95938292689887e-10,0.565850767474623,3.02901189670138e-08
"ENSG00000272849","blue",-0.404565115848536,0.000163405091752022,0.565630137181732,3.07494156815607e-08
"ENSG00000072195","blue",-0.358612231457195,0.000938686455802873,0.562116605463079,3.90193920857002e-08
"ENSG00000105289","blue",-0.401838551675394,0.000182586181651743,0.560716706176298,4.28708814605107e-08
"ENSG00000158006","blue",-0.390673148657344,0.000284831312795056,0.557759283351451,5.22290360194391e-08
"ENSG00000168275","blue",0.472086210257797,7.55102926897152e-06,-0.556791839534645,5.56906365510158e-08
"ENSG00000100478","blue",-0.220284442429556,0.0467412213176329,0.556291093102542,5.75669159174993e-08
"ENSG00000143772","blue",-0.690311597769124,7.24472096489745e-13,0.554718958386914,6.38558410881124e-08
"ENSG00000131686","blue",-0.294597559228772,0.00721742250095109,0.550656495093828,8.32694651162406e-08
"ENSG00000155265","blue",-0.342316953423205,0.00164443621433815,0.550641742577437,8.33492389162716e-08
"ENSG00000136478","blue",-0.35187506476809,0.00118782653322892,0.549917250851075,8.73574475930037e-08
"ENSG00000105429","blue",-0.508305721527006,1.08695390372213e-06,0.547270467732093,1.03612547754587e-07
"ENSG00000105486","blue",-0.512791197419206,8.4156399702181e-07,0.546950463112652,1.05761968368623e-07
"ENSG00000178038","blue",-0.452034212294126,2.01569956193204e-05,0.545612082112425,1.15218969111906e-07
"ENSG00000214029","blue",-0.22553800295923,0.041618972438375,0.544687295794173,1.22216517859705e-07
"ENSG00000197457","blue",-0.496599374706635,2.08392213651688e-06,0.543552168880053,1.31357466486972e-07
"ENSG00000101298","blue",-0.446109424618132,2.66305129499951e-05,0.54332506166604,1.33262554455904e-07
"ENSG00000102781","blue",-0.258488435413635,0.0190383954564076,0.543131317272081,1.34908470207814e-07
"ENSG00000103522","blue",-0.40272808021007,0.000176111466095247,0.542667317675177,1.38929039843804e-07
"ENSG00000120693","blue",-0.131162683153486,0.24016396265967,0.542530254067789,1.40138280846627e-07
"ENSG00000187676","blue",-0.174040622893124,0.117871509421306,0.54229262451415,1.42258458728075e-07
"ENSG00000178988","blue",-0.261549279983666,0.0176182155646217,0.540980008045813,1.54529011167069e-07
"ENSG00000168056","blue",-0.530005883098684,3.04454755753196e-07,0.538386170620084,1.81788528649534e-07
"ENSG00000162909","blue",-0.29911929696206,0.00633614542115654,0.536131388280175,2.09132092199114e-07
"ENSG00000081665","blue",-0.250866784210935,0.0230078208062383,0.535674383425368,2.15129910859557e-07
"ENSG00000166313","blue",-0.514953771189482,7.42919035176199e-07,0.533951061372082,2.39246327451955e-07
"ENSG00000126353","blue",-0.429843957116422,5.57353784369848e-05,0.533781906942516,2.4174684901856e-07
"ENSG00000174669","blue",-0.417698968303088,9.4447637628184e-05,0.527081788837987,3.63291038016013e-07
"ENSG00000223705","blue",-0.480559600485312,4.89321285737782e-06,0.524515156609912,4.23657630702808e-07
"ENSG00000118855","blue",0.455572981150732,1.70256939660054e-05,-0.522602956946379,4.74675752249322e-07
"ENSG00000174437","blue",-0.36977856031016,0.000628230810036074,0.518895720439448,5.90579599313666e-07
"ENSG00000185101","blue",-0.490426657077252,2.90917280270909e-06,0.518293147550947,6.11778821969504e-07
"ENSG00000155256","blue",0.232792835369214,0.0353196115621904,-0.516624471449028,6.74302505246234e-07
"ENSG00000211807","blue",-0.439727259177783,3.5742517226238e-05,0.514965011048971,7.42436117171603e-07
"ENSG00000142156","blue",-0.437841281827437,3.89463213802089e-05,0.513882240071501,7.90344980301766e-07
"ENSG00000140092","blue",-0.503576631764787,1.41797198140449e-06,0.510595189287288,9.54310264162655e-07
"ENSG00000021300","blue",-0.460259680068681,1.35750158100362e-05,0.510530669112662,9.57829231963551e-07
"ENSG00000184205","blue",-0.45593099775234,1.67356119105968e-05,0.508789965919472,1.05752480858688e-06
"ENSG00000073536","blue",-0.509325966820039,1.02582790151832e-06,0.506089704712419,1.23176836803425e-06
"ENSG00000128050","blue",-0.466916095733454,9.78429143766934e-06,0.505830347958599,1.24985986581641e-06
"ENSG00000102096","blue",0.437928692578178,3.8792109790385e-05,-0.501074223012478,1.62953845174501e-06
"ENSG00000211810","blue",-0.435758647316145,4.27937384889968e-05,0.498674352080794,1.86011065978217e-06
"ENSG00000171130","blue",-0.451489245085581,2.06845060431462e-05,0.497393325878187,1.99544455933764e-06
"ENSG00000068724","blue",0.181953602674899,0.101828390467505,-0.495967641168811,2.1569488882431e-06
"ENSG00000167895","blue",-0.488821048195003,3.1695422865184e-06,0.492120285470203,2.65642048041897e-06
"ENSG00000174292","blue",-0.41961563040351,8.70200490463313e-05,0.489395828785477,3.07391294616548e-06
"ENSG00000144152","blue",-0.488024736895994,3.30666136574375e-06,0.488100623772965,3.29335751268453e-06
"ENSG00000139211","blue",-0.203711408187636,0.0664071334488467,0.482929480891078,4.32507630484066e-06
"ENSG00000178252","blue",-0.492474227942925,2.60627922338457e-06,0.480769973598107,4.84007596477202e-06
"ENSG00000260807","blue",-0.426185774016583,6.54705959701882e-05,0.480677249714489,4.86342937944147e-06
"ENSG00000169992","blue",-0.482614280990253,4.39689215639737e-06,0.479067858983028,5.28602212013106e-06
"ENSG00000136878","blue",-0.539693620620749,1.67523556201892e-07,0.477379528629725,5.76625697753765e-06
"ENSG00000249859","blue",-0.462676903638247,1.20625829973883e-05,0.476946452527562,5.89588363913226e-06
"ENSG00000105699","blue",-0.516975680475544,6.60661301525409e-07,0.471481847562325,7.78491745754504e-06
"ENSG00000126602","blue",-0.412066850887582,0.000119808717066594,0.469746515058317,8.49481267807815e-06
"ENSG00000179715","blue",-0.41440198764498,0.000108613027910118,0.469675296839067,8.5252046654737e-06
"ENSG00000182866","blue",-0.463681971635609,1.14814148868697e-05,0.469376751673048,8.65371986184045e-06
"ENSG00000131634","blue",-0.414634208887614,0.000107554289740866,0.465975375441481,1.02519831483688e-05
"ENSG00000089012","blue",-0.484062792517483,4.07586397886867e-06,0.465207889203756,1.06489759322953e-05
"ENSG00000125648","blue",-0.41259413246129,0.000117191211388641,0.463752914205269,1.14414000651355e-05
"ENSG00000204282","blue",-0.542330022690267,1.41922779235227e-07,0.463086014204861,1.18227734553128e-05
"ENSG00000213658","blue",-0.38622113216426,0.00033861707086142,0.46084706117927,1.31919877287918e-05
"ENSG00000125354","blue",-0.313013453546632,0.00419295329695586,0.456242270984746,1.64871648418838e-05
"ENSG00000243943","blue",-0.369097173011046,0.00064408225528818,0.452444663293228,1.97680174061559e-05
"ENSG00000146904","blue",-0.473210910107871,7.13321487922915e-06,0.446701758419523,2.59052504759419e-05
"ENSG00000189283","blue",-0.449691256419542,2.25177637117615e-05,0.444393500388956,2.88398501467923e-05
"ENSG00000204314","blue",-0.313804398343738,0.00409315853045191,0.436770466951863,4.08823776101976e-05
"ENSG00000181652","blue",-0.440869145184248,3.39238811086003e-05,0.434514257755092,4.525842955308e-05
"ENSG00000211788","blue",-0.461262707488284,1.29270830345564e-05,0.432963045722518,4.85157324228709e-05
"ENSG00000174807","blue",-0.425204922602604,6.83370895649883e-05,0.432658538288058,4.91802152955568e-05
"ENSG00000197093","blue",-0.346920980826605,0.00140772955074487,0.431760634489159,5.11891758591076e-05
"ENSG00000112033","blue",-0.410908859267476,0.000125748037995774,0.429711957133326,5.60618862991606e-05
"ENSG00000164530","blue",-0.364301935780818,0.000766367525802887,0.422938614896102,7.54115737156471e-05
"ENSG00000065357","blue",-0.455150908711473,1.73737120584342e-05,0.420662805914349,8.31943765585797e-05
"ENSG00000130714","blue",-0.412493751080178,0.000117685406144203,0.417169437025505,9.66008879163051e-05
"ENSG00000180096","blue",-0.421087136036997,8.16890306997766e-05,0.405145684747875,0.000159568899433723
"ENSG00000172005","blue",-0.407168147137182,0.000146845024936178,0.403832795495185,0.00016836539096945
"ENSG00000049768","blue",-0.350382916640581,0.00125053508046351,0.387587983677192,0.00032118698597029
"ENSG00000111716","blue",-0.381047908457299,0.000412740199974932,0.37527345578674,0.000512837716358283
"ENSG00000211734","blue",-0.418209168275027,9.24151285875704e-05,0.366393444893464,0.000710642556323999
"ENSG00000211746","blue",-0.370528278693226,0.000611201726737234,0.360375541730061,0.000881849676947815
"ENSG00000204219","blue",-0.259756718895079,0.0184384446589958,0.34298356349409,0.00160807631098223
"ENSG00000102760","blue",-0.387767197145433,0.000318963780240695,0.318550703747134,0.00353750775951116
"ENSG00000139193","blue",-0.387303048109709,0.000324751021627662,0.291677049012222,0.00784241670404182
"ENSG00000092096","blue",-0.38425718800705,0.000365184075956203,0.279929403821183,0.0108623853389591
"ENSG00000157303","blue",-0.346382913175722,0.00143370528167903,0.271107342697736,0.0137542005318863
"ENSG00000116663","green",0.758940996679532,1.4454327279416e-16,0.951182609408032,1.33388164016894e-42
"ENSG00000121858","green",0.663235075309437,1.12741415787185e-11,0.950416927256947,2.44903119382167e-42
"ENSG00000170581","green",0.676553735678501,3.03006736420802e-12,0.947963142792282,1.61184334214983e-41
"ENSG00000168394","green",0.70921676425513,8.86811043278931e-14,0.94749629609517,2.28308721391637e-41
"ENSG00000149131","green",0.755206749537521,2.46704071206984e-16,0.946373534605166,5.20684646652054e-41
"ENSG00000156587","green",0.729840889031713,7.35037099084382e-15,0.942374085465754,8.55416802760077e-40
"ENSG00000135148","green",0.67730795803202,2.80705120714957e-12,0.938245213357917,1.25654527673961e-38
"ENSG00000136514","green",0.707456664777538,1.0859159773454e-13,0.936858360720181,2.97288199286238e-38
"ENSG00000140464","green",0.625648740145014,3.28899239948571e-10,0.933132433690563,2.73776900864247e-37
"ENSG00000130066","green",0.687868432467984,9.39441982543002e-13,0.932608687347161,3.70222324655551e-37
"ENSG00000177989","green",0.746801928044892,7.9412540456148e-16,0.931386863127724,7.41590751962531e-37
"ENSG00000133106","green",0.706235459132489,1.24867501152949e-13,0.930228287334143,1.41628367156267e-36
"ENSG00000168062","green",0.799706985057025,2.07909516754428e-19,0.929661533895274,1.93573752484228e-36
"ENSG00000068079","green",0.704945625146693,1.44602826566712e-13,0.929600127719817,2.00207643904633e-36
"ENSG00000013374","green",0.592325619868107,4.58118323255613e-09,0.927665438002556,5.7002401941792e-36
"ENSG00000269640","green",0.720202785040928,2.4194593860528e-14,0.926914191546777,8.49085977755278e-36
"ENSG00000100342","green",0.714462326525957,4.8058560680437e-14,0.926348034124824,1.14328950816267e-35
"ENSG00000163568","green",0.733156875023708,4.82114932930719e-15,0.926200934306777,1.23468867734386e-35
"ENSG00000185880","green",0.662544797882946,1.20468142162399e-11,0.9257286222064,1.57883691353467e-35
"ENSG00000108387","green",0.67816548236529,2.5726568976227e-12,0.925505163479372,1.77260057612547e-35
"ENSG00000137752","green",0.816648503952737,8.64191864204676e-21,0.925138779622489,2.14141795266092e-35
"ENSG00000117228","green",0.753822853872952,3.00033482938352e-16,0.924084384645933,3.66973046231922e-35
"ENSG00000079385","green",0.690471588615997,7.12185532464318e-13,0.923607131697146,4.67100912516777e-35
"ENSG00000115415","green",0.729332417062135,7.8371245594804e-15,0.922829732378128,6.89654634645327e-35
"ENSG00000119917","green",0.664330968557061,1.0144316168125e-11,0.922649560688477,7.54392477614035e-35
"ENSG00000162654","green",0.665480718034794,9.07616197198106e-12,0.918360619001158,6.00129090814419e-34
"ENSG00000146425","green",0.685736378488623,1.17612126247625e-12,0.917684792454402,8.23472632823644e-34
"ENSG00000185507","green",0.652502123362033,3.0998838403142e-11,0.917520276764915,8.89035565852616e-34
"ENSG00000173193","green",0.641906471635017,8.09282721073067e-11,0.913413964228973,5.72264133984857e-33
"ENSG00000155363","green",0.57573307319,1.52609856119345e-08,0.908492175995776,4.7374811833004e-32
"ENSG00000177409","green",0.661517368412553,1.32917722873524e-11,0.908381689205292,4.96083905245638e-32
"ENSG00000188313","green",0.698717811028108,2.904923910461e-13,0.907988869013922,5.84096875873285e-32
"ENSG00000124256","green",0.638820430426803,1.06283183710827e-10,0.90734389679198,7.6253125021241e-32
"ENSG00000178685","green",0.618314232546887,6.0311543379454e-10,0.906395032036553,1.12473236849854e-31
"ENSG00000221963","green",0.682319299519022,1.67932615407314e-12,0.906293978188795,1.17197784932423e-31
"ENSG00000138496","green",0.683953714162066,1.41713176275077e-12,0.906203586555208,1.21586950700909e-31
"ENSG00000023318","green",0.683471349297835,1.49010966088267e-12,0.90505169686346,1.93625022096408e-31
"ENSG00000132274","green",0.696841465473242,3.57192395871832e-13,0.904714477089071,2.21631668940296e-31
"ENSG00000123130","green",0.637857247798584,1.15647330311728e-10,0.90375081433053,3.25158782009163e-31
"ENSG00000010030","green",0.761883169221093,9.42081370043895e-17,0.900697878468447,1.06684087258261e-30
"ENSG00000132530","green",0.621010377489286,4.83495618757562e-10,0.900523255499271,1.14053012687861e-30
"ENSG00000163565","green",0.596127522850953,3.44377321647867e-09,0.900332460333256,1.22670163961128e-30
"ENSG00000134809","green",0.661829283657065,1.29013160595208e-11,0.897013678351804,4.25561577099064e-30
"ENSG00000260943","green",0.708028050901007,1.01697650582875e-13,0.895224493332527,8.17749704427064e-30
"ENSG00000129667","green",0.696537841092776,3.69286627259859e-13,0.892927471430472,1.85937390455803e-29
"ENSG00000163840","green",0.568030497143317,2.60898647417202e-08,0.89084934389202,3.84767057658972e-29
"ENSG00000136436","green",0.623661399734292,3.88234483212327e-10,0.889161736684347,6.87099166908878e-29
"ENSG00000152766","green",0.762570387097958,8.5168453550634e-17,0.889157386139588,6.88118649400527e-29
"ENSG00000123609","green",0.746449752738508,8.3316004485069e-16,0.888982474924701,7.30346592357668e-29
"ENSG00000126709","green",0.656476755170409,2.14160436754657e-11,0.888580565744834,8.37142194641522e-29
"ENSG00000162772","green",0.625003704968892,3.47134720728675e-10,0.887843711154618,1.07368444693925e-28
"ENSG00000112343","green",0.597957096574898,2.99787222186442e-09,0.886655150814233,1.59818321078878e-28
"ENSG00000154451","green",0.74614327238038,8.68632511293794e-16,0.886438373067449,1.71761587607233e-28
"ENSG00000002549","green",0.61879084183177,5.80089667956919e-10,0.885591091903097,2.27328498694417e-28
"ENSG00000135899","green",0.570139393040621,2.25580455209398e-08,0.885418210720755,2.40643218237166e-28
"ENSG00000079263","green",0.564673545352019,3.28185597764412e-08,0.88484136575309,2.90782657374412e-28
"ENSG00000214872","green",0.681306029369522,1.86467464765747e-12,0.884771075663326,2.975460467243e-28
"ENSG00000162645","green",0.765276337479754,5.70598872986767e-17,0.883550085979969,4.42572768381638e-28
"ENSG00000135363","green",0.716638299373675,3.71238579981953e-14,0.882142062996296,6.95747441008766e-28
"ENSG00000115267","green",0.515142221631009,7.34861397974583e-07,0.881722948837932,7.95149901247383e-28
"ENSG00000145685","green",0.741493692849327,1.62336587516414e-15,0.878269250794451,2.34519873404028e-27
"ENSG00000179044","green",0.625261319573627,3.39738644653744e-10,0.876532444974309,3.9906519474694e-27
"ENSG00000187608","green",0.598689189140668,2.8353707870212e-09,0.875614790842246,5.2677251821427e-27
"ENSG00000128335","green",0.753839076330306,2.99348200261503e-16,0.875505077940566,5.44471964078149e-27
"ENSG00000130489","green",0.655835397122129,2.27413860225044e-11,0.873459724395943,1.00251225131565e-26
"ENSG00000135114","green",0.548456510415685,9.60021907479368e-08,0.872446011052261,1.35140847989171e-26
"ENSG00000143891","green",0.527137524665899,3.62075247819179e-07,0.870699889414442,2.24706688036242e-26
"ENSG00000197272","green",0.678499637225542,2.48651506286765e-12,0.869973369565544,2.77048366948524e-26
"ENSG00000196141","green",0.494859331640103,2.29092390593321e-06,0.869672371102838,3.02045313755671e-26
"ENSG00000120217","green",0.72169829118451,2.01768371228924e-14,0.867891117596602,5.01414791573504e-26
"ENSG00000198019","green",0.803354851528383,1.07607716981119e-19,0.867751246956245,5.21610984570225e-26
"ENSG00000107201","green",0.522928923204364,4.65586563879825e-07,0.867697403612108,5.29594265771611e-26
"ENSG00000172159","green",0.682067508757085,1.72365567885123e-12,0.867345351196719,5.84794642881119e-26
"ENSG00000102897","green",0.708160999366998,1.00155145758117e-13,0.867305659101349,5.91357990580939e-26
"ENSG00000204397","green",0.689015920121558,8.31774742441716e-13,0.866866858232741,6.68854614899707e-26
"ENSG00000137965","green",0.631254541270263,2.04693968922706e-10,0.866296249476456,7.84502686838096e-26
"ENSG00000225492","green",0.623029735118297,4.09149896818536e-10,0.864820539732908,1.18101222185365e-25
"ENSG00000140105","green",0.571545552777314,2.04613473396417e-08,0.864213030790314,1.39567756618054e-25
"ENSG00000272821","green",0.642728435127282,7.52226250335816e-11,0.864179568486301,1.40854262334136e-25
"ENSG00000134321","green",0.582113038146456,9.68477790176872e-09,0.864106456325208,1.43705354749087e-25
"ENSG00000121797","green",0.638507534200259,1.09242460213087e-10,0.862293070537096,2.3535722160799e-25
"ENSG00000122643","green",0.58864183007116,6.01933392605247e-09,0.861547908591864,2.87665351824198e-25
"ENSG00000134243","green",0.630757310283071,2.13570371224883e-10,0.861326150298725,3.05301031533082e-25
"ENSG00000059378","green",0.54666064489306,1.07745096070857e-07,0.860812531511131,3.50273482012281e-25
"ENSG00000173221","green",0.752322242342199,3.70425095825255e-16,0.859951410509375,4.40484962570345e-25
"ENSG00000073737","green",0.697705934475584,3.24810500749458e-13,0.859125557279389,5.47972335815675e-25
"ENSG00000196116","green",0.460176985833271,1.3629768384459e-05,0.858375242584137,6.6740908406955e-25
"ENSG00000130303","green",0.638768188503799,1.06771869393824e-10,0.858273348780577,6.85461943461305e-25
"ENSG00000023171","green",0.617121563104571,6.64630355219813e-10,0.8544134189364,1.85587427675314e-24
"ENSG00000128203","green",0.629428120349018,2.39145638772914e-10,0.853513758029976,2.33120696339792e-24
"ENSG00000125148","green",0.565483989641977,3.10572981992185e-08,0.853447946779619,2.37027752301542e-24
"ENSG00000187741","green",0.612238961168624,9.84978109150945e-10,0.852052419049252,3.36542780963105e-24
"ENSG00000136689","green",0.551999542961095,7.63030718455587e-08,0.849950760979426,5.66748567558274e-24
"ENSG00000150337","green",0.800045509261952,1.95694673561346e-19,0.849684869594915,6.0503548780654e-24
"ENSG00000132256","green",0.514258203496826,7.73388239174377e-07,0.849021609268987,7.11806982254552e-24
"ENSG00000135900","green",0.663155767094684,1.13604347570888e-11,0.848456661022309,8.16987825770556e-24
"ENSG00000138646","green",0.529447566166842,3.14941199213175e-07,0.847863303298973,9.4366378828327e-24
"ENSG00000144848","green",0.747929100293634,6.80706862539349e-16,0.847006367987048,1.16080386602243e-23
"ENSG00000173369","green",0.683027348971619,1.56046843915606e-12,0.846907173199279,1.18887044126138e-23
"ENSG00000204267","green",0.57749756781778,1.34705231540956e-08,0.846267578324237,1.38630817395308e-23
"ENSG00000108861","green",0.781965454934914,4.26117905125841e-18,0.84527828868532,1.75578634517187e-23
"ENSG00000175643","green",0.490879722324674,2.83942742005502e-06,0.844648749495027,2.03890296894574e-23
"ENSG00000136147","green",0.541523846438304,1.49328053532745e-07,0.844351616581622,2.18746066492819e-23
"ENSG00000137200","green",0.473402184837346,7.06435323165604e-06,0.842135130003141,3.67950499850958e-23
"ENSG00000140280","green",0.588635648072675,6.02207518363075e-09,0.840834505429281,4.97399810347382e-23
"ENSG00000133574","green",0.568503512511549,2.52546575743678e-08,0.840180605397018,5.78205926873538e-23
"ENSG00000089127","green",0.508210689925366,1.09281928599026e-06,0.839656631803002,6.52015642349949e-23
"ENSG00000100911","green",0.693845235830924,4.95258480932294e-13,0.839385212790365,6.93763543988737e-23
"ENSG00000137959","green",0.574937799131332,1.61400832570922e-08,0.839146272218109,7.32652938718094e-23
"ENSG00000119922","green",0.494026573946744,2.3967049937742e-06,0.83747103801305,1.07125112543724e-22
"ENSG00000159189","green",0.657799967035087,1.89120501223019e-11,0.835915783824914,1.51845893833342e-22
"ENSG00000185338","green",0.532034647434734,2.69066553093847e-07,0.835533583669804,1.65346490281961e-22
"ENSG00000183347","green",0.715065552329114,4.47500523666192e-14,0.834200408173984,2.22173351765441e-22
"ENSG00000152229","green",0.769210994941646,3.15645246745556e-17,0.833955541721791,2.34494659864166e-22
"ENSG00000166278","green",0.625919739338194,3.21514785267695e-10,0.831735975175994,3.80968486431287e-22
"ENSG00000152102","green",-0.69868779932553,2.9145801032616e-13,-0.831307729725112,4.18022421851852e-22
"ENSG00000255221","green",0.679862585286589,2.16302541469121e-12,0.830766127118198,4.69914541560708e-22
"ENSG00000134326","green",0.531907822212902,2.71159400550688e-07,0.830356346209182,5.13274852024825e-22
"ENSG00000145365","green",0.68770715769406,9.55609378100302e-13,0.826855516912708,1.08069978714695e-21
"ENSG00000137628","green",0.521418307499877,5.09141963311626e-07,0.826237299740763,1.23042419457439e-21
"ENSG00000188820","green",0.677987253360112,2.61976875460535e-12,0.825387974362633,1.46929422833802e-21
"ENSG00000068784","green",0.706811606600193,1.16915645309761e-13,0.824630853435864,1.71968187938241e-21
"ENSG00000185745","green",0.539534819530736,1.69197734418746e-07,0.824586909301157,1.73541982792305e-21
"ENSG00000103642","green",0.70879656466118,9.30873296862177e-14,0.824418587613903,1.79700367761978e-21
"ENSG00000197646","green",0.643430087525042,7.06591693155913e-11,0.824276303639879,1.85070896858421e-21
"ENSG00000108771","green",0.482496977679173,4.42390377915211e-06,0.821291004620203,3.41232987940593e-21
"ENSG00000157693","green",0.562114932444307,3.90237921305331e-08,0.821244019414113,3.44503403746999e-21
"ENSG00000070501","green",0.758152816721932,1.61939152211309e-16,0.821139786050447,3.5186742180367e-21
"ENSG00000168899","green",0.699809840995499,2.57378403037575e-13,0.820365594626662,4.11546329961708e-21
"ENSG00000134470","green",0.655885597763472,2.26348711736215e-11,0.819412527613037,4.98576946859894e-21
"ENSG00000143771","green",0.794149281675263,5.52744993665888e-19,0.817996850743462,6.61585180995863e-21
"ENSG00000078081","green",0.453292188856456,1.89869132701798e-05,0.817859557176033,6.79897659379316e-21
"ENSG00000136827","green",0.605211138371447,1.71505728677601e-09,0.816810168191117,8.37046057773786e-21
"ENSG00000196358","green",0.617284671612219,6.5587663148595e-10,0.81638489161377,9.1029599468671e-21
"ENSG00000204516","green",0.572497978852291,1.91480686688142e-08,0.815750474809209,1.03123637816988e-20
"ENSG00000026950","green",0.631491099969544,2.00596121532895e-10,0.815508752819257,1.08129738076325e-20
"ENSG00000173821","green",0.48906963854295,3.12784450720568e-06,0.814464804704861,1.32590141539021e-20
"ENSG00000166002","green",0.67922475754886,2.30902304551828e-12,0.813225938097331,1.68614140642455e-20
"ENSG00000152022","green",-0.686474683565119,1.08831432825064e-12,-0.810446232275342,2.87283199188759e-20
"ENSG00000049245","green",0.591178941430994,4.98936569215393e-09,0.810365551464232,2.91722687355026e-20
"ENSG00000158406","green",0.569520367783622,2.35445184766176e-08,0.810221917004597,2.99791265697099e-20
"ENSG00000172183","green",0.515716411073225,7.10816667633039e-07,0.809776508173828,3.26210587378026e-20
"ENSG00000086061","green",0.600134890661619,2.53883983166864e-09,0.808763497787173,3.94967416821737e-20
"ENSG00000152778","green",0.509358303568338,1.0239446154923e-06,0.806683315345338,5.82895913977371e-20
"ENSG00000169991","green",-0.677813093087,2.66660583901806e-12,-0.80426725113838,9.1068001515256e-20
"ENSG00000173372","green",0.642753980514565,7.50516347233013e-11,0.80052334751574,1.79629022393295e-19
"ENSG00000225886","green",0.530911275936278,2.8814920851039e-07,0.797082864042168,3.31144659423073e-19
"ENSG00000142961","green",0.507722303307472,1.12343691643776e-06,0.796069502656105,3.95630074438417e-19
"ENSG00000087237","green",0.710994920835636,7.21607169028085e-14,0.79490224768307,4.85018401555998e-19
"ENSG00000136816","green",0.452337354226864,1.98690299877728e-05,0.793808628386306,5.86313016936498e-19
"ENSG00000111331","green",0.448473817887652,2.38440261005527e-05,0.793613713247894,6.06398987692441e-19
"ENSG00000082014","green",0.748557822700264,6.24416724342988e-16,0.793008090420731,6.7315066324558e-19
"ENSG00000168763","green",-0.646881489864568,5.1814025568122e-11,-0.792899227933168,6.85881011418232e-19
"ENSG00000254503","green",0.534621673613,2.29572124599622e-07,0.792131893985083,7.82460966619812e-19
"ENSG00000110057","green",0.524843397150052,4.15439546128932e-07,0.791125783556803,9.29217845400829e-19
"ENSG00000143382","green",0.542030598907598,1.44631566493656e-07,0.788867076555925,1.36218748372409e-18
"ENSG00000114745","green",0.453917371425667,1.84293118422008e-05,0.787266064187547,1.78140968132878e-18
"ENSG00000162512","green",0.64777069616603,4.78035379396591e-11,0.78600898907178,2.19562859698767e-18
"ENSG00000272666","green",0.643395442042533,7.08781269944027e-11,0.784880353428814,2.64581629320197e-18
"ENSG00000119686","green",0.631027164454586,2.08708261013146e-10,0.784834227041345,2.66599779351019e-18
"ENSG00000030110","green",0.621167610996748,4.77271258980354e-10,0.784247175581536,2.93622745230715e-18
"ENSG00000139572","green",0.555487758982249,6.07030273700019e-08,0.783836902605294,3.14062362840187e-18
"ENSG00000125779","green",0.510713788201916,9.47873631139129e-07,0.782044213179595,4.20706618704654e-18
"ENSG00000086065","green",0.582955529795208,9.11364791158859e-09,0.780231881779639,5.63797992103849e-18
"ENSG00000124688","green",0.529726912599221,3.09652414100594e-07,0.778676782834314,7.23213192638592e-18
"ENSG00000130589","green",0.409904720316187,0.000131117416817438,0.778208226999532,7.79254099898863e-18
"ENSG00000153029","green",0.532152916852926,2.67128687412034e-07,0.776271831346681,1.05876834506334e-17
"ENSG00000260336","green",0.622842826474235,4.15542732351286e-10,0.776265534845157,1.05981887716136e-17
"ENSG00000143162","green",0.676778899861278,2.96176409258492e-12,0.775804799457818,1.13948793271004e-17
"ENSG00000115085","green",-0.536874203242573,1.99720143872673e-07,-0.774775095100184,1.33903540440143e-17
"ENSG00000172432","green",0.439097026214053,3.6784753212096e-05,0.772394889404189,1.93814527946136e-17
"ENSG00000169136","green",0.500407597089334,1.69072655086377e-06,0.772377689391479,1.94329960716469e-17
"ENSG00000184678","green",0.527203761981723,3.60635392403679e-07,0.772362959363663,1.94772429051049e-17
"ENSG00000141664","green",0.451970443353882,2.02180662321582e-05,0.77170699091262,2.15495678867832e-17
"ENSG00000138413","green",0.66037116915863,1.48263847179767e-11,0.770218585712726,2.70729284246047e-17
"ENSG00000203666","green",0.588463487116952,6.09889593588788e-09,0.769861966267887,2.8586989822544e-17
"ENSG00000157601","green",0.40972505020028,0.000132100223157015,0.769492261043023,3.02429478978223e-17
"ENSG00000181381","green",0.496375269114743,2.10955738266472e-06,0.76915891824518,3.1815267757672e-17
"ENSG00000136770","green",0.624216119642267,3.70714404238778e-10,0.768716594903279,3.40240928909018e-17
"ENSG00000011275","green",-0.669930126138288,5.8734442007145e-12,-0.768397911552366,3.57066530409687e-17
"ENSG00000270972","green",0.554362070131061,6.5371734548505e-08,0.767812877691133,3.90072278982426e-17
"ENSG00000160932","green",0.446995475315041,2.55524929153348e-05,0.767738227589701,3.94490300184812e-17
"ENSG00000196664","green",0.560276588319843,4.41546497673275e-08,0.767296933397607,4.21612745320287e-17
"ENSG00000117226","green",0.609936488239871,1.18300037141514e-09,0.766653973462906,4.64380810155716e-17
"ENSG00000158373","green",0.616289122092879,7.11074969905468e-10,0.766192638865424,4.97621453585153e-17
"ENSG00000213928","green",0.607097977379983,1.47975909397655e-09,0.764764282573157,6.15780364525938e-17
"ENSG00000197536","green",0.666686879480413,8.07202649450732e-12,0.764708025633593,6.20950110499119e-17
"ENSG00000165168","green",0.633658976178186,1.66528454617802e-10,0.764591723088416,6.31771135210206e-17
"ENSG00000183486","green",0.41263638786254,0.000116983755503365,0.763631364564168,7.28369143240259e-17
"ENSG00000055332","green",0.429166376249257,5.74303494430096e-05,0.763258115924898,7.69641553382274e-17
"ENSG00000100336","green",0.62222437723844,4.37384176648279e-10,0.76219156327645,9.00423347361541e-17
"ENSG00000231233","green",0.642842956347027,7.44589722300965e-11,0.761813457849033,9.51752965698921e-17
"ENSG00000135677","green",0.481764684979816,4.59608732350175e-06,0.760965139705469,1.07741472172203e-16
"ENSG00000188215","green",0.426638546061942,6.41854072474098e-05,0.760358603943153,1.17694101138697e-16
"ENSG00000167461","green",0.498232292213608,1.90580331184391e-06,0.760210944120519,1.20248338931481e-16
"ENSG00000101347","green",0.41829585603892,9.20738406341714e-05,0.758213199178797,1.60537872721608e-16
"ENSG00000154305","green",0.37265785027425,0.000565103215429749,0.755774437191036,2.27587391834536e-16
"ENSG00000188282","green",0.467190166595296,9.65184079405153e-06,0.754753667650834,2.63065981091129e-16
"ENSG00000108424","green",0.413536757770551,0.00011264326440612,0.753595697283607,3.09789903142735e-16
"ENSG00000196123","green",0.465529533233447,1.04808799635581e-05,0.753056350948744,3.34198559084978e-16
"ENSG00000088827","green",0.439677081562506,3.58244788201371e-05,0.752552485725294,3.58673184373823e-16
"ENSG00000104312","green",0.527695405364668,3.50116310425255e-07,0.749929604596149,5.16775256655671e-16
"ENSG00000182179","green",0.498528811153605,1.87503897248426e-06,0.746816409918644,7.92558665084079e-16
"ENSG00000168016","green",0.431222549975112,5.24293671825251e-05,0.746734734244172,8.01434072546849e-16
"ENSG00000124226","green",0.556685187150616,5.60853212899694e-08,0.746155959991425,8.671355187542e-16
"ENSG00000213923","green",-0.524137518395332,4.33302734061939e-07,-0.745553256661846,9.41072660110271e-16
"ENSG00000108984","green",0.530897927977773,2.88383472489712e-07,0.74532301206555,9.70895405040757e-16
"ENSG00000188157","green",0.394346903917503,0.000246488177391243,0.74512243451463,9.97617634886735e-16
"ENSG00000183087","green",0.576481056612043,1.44759358131859e-08,0.744142171584076,1.13876743156828e-15
"ENSG00000135047","green",0.594045032660126,4.02831629522174e-09,0.742458479990738,1.42738563450647e-15
"ENSG00000255328","green",0.570617702608738,2.18228950403083e-08,0.741943175529552,1.52902885263027e-15
"ENSG00000076555","green",-0.491917477723472,2.68555902917301e-06,-0.74094329332686,1.74655341500922e-15
"ENSG00000174944","green",0.558765423482744,4.88464378195957e-08,0.740426967476884,1.87028652247485e-15
"ENSG00000108679","green",0.410773073642046,0.000126462033832242,0.738156410344947,2.52233181362729e-15
"ENSG00000163823","green",0.453424040421944,1.8868019237665e-05,0.736628861079855,3.07920938176032e-15
"ENSG00000067066","green",0.413522622581786,0.000112710240096816,0.736537129808487,3.11618218124204e-15
"ENSG00000067221","green",0.551694330528702,7.78358210290226e-08,0.736355502484612,3.19065637373877e-15
"ENSG00000121236","green",0.500964385194049,1.63947444370287e-06,0.735531243496486,3.55077846251456e-15
"ENSG00000107485","green",-0.683953190632181,1.41720907238046e-12,-0.734360919243947,4.13019833584238e-15
"ENSG00000197296","green",-0.476585362223961,6.00604994831093e-06,-0.733807638304481,4.43492488555547e-15
"ENSG00000234518","green",0.664237808183421,1.0235964472354e-11,0.733362708976216,4.69560705134452e-15
"ENSG00000160216","green",0.52263330712809,4.73822437958601e-07,0.73321939435102,4.7826789681651e-15
"ENSG00000128284","green",0.539074276617987,1.74143247764018e-07,0.73264827197406,5.14540368799731e-15
"ENSG00000160710","green",0.36952978672335,0.000633976415135049,0.731037770095569,6.31700392940118e-15
"ENSG00000166710","green",0.680674264498907,1.99003283878132e-12,0.730988382571928,6.35672079412669e-15
"ENSG00000166889","green",0.377483751673448,0.000472158840509195,0.73082235427074,6.49201314005843e-15
"ENSG00000003400","green",0.401225973029011,0.000187171909032126,0.729917679356829,7.27944427441542e-15
"ENSG00000071242","green",-0.572302748279104,1.94105489505793e-08,-0.728717252756263,8.46766696879869e-15
"ENSG00000119401","green",-0.584637126198915,8.06823982290565e-09,-0.727714826379465,9.60134248617671e-15
"ENSG00000100385","green",-0.664946774441723,9.55803510616699e-12,-0.727681369393187,9.6415991423041e-15
"ENSG00000111335","green",0.314732647762264,0.00397874115627458,0.726579629730542,1.10620918121974e-14
"ENSG00000197024","green",-0.66926602855038,6.27059365269985e-12,-0.725594060624035,1.2502228079615e-14
"ENSG00000110492","green",0.452572774631841,1.96480513762094e-05,0.724502271846377,1.43086440055014e-14
"ENSG00000213689","green",0.393944301482088,0.000250445371374598,0.723407886640744,1.63707661493687e-14
"ENSG00000229754","green",0.505545026047534,1.27005206833649e-06,0.72224028030842,1.88862178314901e-14
"ENSG00000095380","green",0.529523971128219,3.13486210009177e-07,0.720827267161556,2.24309897193883e-14
"ENSG00000186918","green",-0.528460070128962,3.34331036563645e-07,-0.719877592840236,2.51651714347218e-14
"ENSG00000129636","green",0.495375188159991,2.22761948822225e-06,0.714243749811448,4.93146124422813e-14
"ENSG00000272065","green",0.506173251326637,1.2259933660835e-06,0.713578857228793,5.3332995151464e-14
"ENSG00000141837","green",0.434941936707373,4.43968324769117e-05,0.713488375550053,5.39036531173284e-14
"ENSG00000142687","green",0.367267587885068,0.000688466980261032,0.713271488673457,5.52955986956243e-14
"ENSG00000232815","green",0.489099021290671,3.1229501856116e-06,0.713255524789572,5.53994100267899e-14
"ENSG00000124201","green",0.298239279793065,0.00649980875239842,0.712597895389197,5.98430263882708e-14
"ENSG00000147224","green",-0.536891720223057,1.99503114841007e-07,-0.707914578086926,1.03032277395491e-13
"ENSG00000085465","green",-0.502074441114395,1.54163394898545e-06,-0.707498125656781,1.08076572874682e-13
"ENSG00000145016","green",0.314748832105458,0.00397677177722574,0.705029356046347,1.43235353901038e-13
"ENSG00000225964","green",0.458184882191201,1.50128930812791e-05,0.704558904681623,1.5108353212823e-13
"ENSG00000134046","green",0.477041383299803,5.86723739483674e-06,0.702785525966963,1.84561105323768e-13
"ENSG00000136231","green",0.499789758172489,1.7493648157228e-06,0.701603303192794,2.10733832723893e-13
"ENSG00000041357","green",0.566912354621604,2.81699418958286e-08,0.701331541005945,2.17237094795289e-13
"ENSG00000004468","green",0.368452284919652,0.000659419862298514,0.700959539122793,2.26453216211771e-13
"ENSG00000110852","green",0.620895471890816,4.88093408086771e-10,0.700481863799423,2.3884072054423e-13
"ENSG00000111801","green",0.536886966776043,1.99561986213066e-07,0.700170144845978,2.47273670235894e-13
"ENSG00000065802","green",-0.482137382834675,4.50768322921538e-06,-0.699706127137229,2.60360011295876e-13
"ENSG00000020633","green",-0.657398585998866,1.9640269504006e-11,-0.699619459930758,2.62877041851807e-13
"ENSG00000132780","green",0.503284579105555,1.44125628111581e-06,0.699450829342859,2.6784181395685e-13
"ENSG00000133313","green",0.389076590503593,0.000303144175466057,0.698984738023094,2.82038557640075e-13
"ENSG00000176871","green",0.614185808458372,8.42665295699739e-10,0.697800350620023,3.21450084532573e-13
"ENSG00000128604","green",0.460240774908164,1.35875149051373e-05,0.696098964781726,3.87467526880611e-13
"ENSG00000253193","green",0.68350148731336,1.48544608054928e-12,0.694407835755548,4.65922144718267e-13
"ENSG00000102057","green",0.442761753519074,3.10982844945201e-05,0.693541931023105,5.11803647477881e-13
"ENSG00000272914","green",0.664792843717674,9.70145725367828e-12,0.692536632125487,5.70533215481906e-13
"ENSG00000149527","green",-0.550122534045825,8.6203524311726e-08,-0.690757769722424,6.90706573758756e-13
"ENSG00000178761","green",-0.391025333985096,0.000280931077101117,-0.689077107554963,8.2638043883581e-13
"ENSG00000272941","green",0.493171286651747,2.51012449105858e-06,0.687551227110486,9.71495390947608e-13
"ENSG00000111181","green",0.567934944144063,2.62617450495956e-08,0.686482701222218,1.0873963248248e-12
"ENSG00000183784","green",0.623959603010599,3.78719925430829e-10,0.685940704394586,1.15116122760555e-12
"ENSG00000167208","green",0.482934644488743,4.32390904913444e-06,0.684979975147198,1.27313208374077e-12
"ENSG00000169057","green",-0.625337088679445,3.37592196961905e-10,-0.684959997540185,1.27579582115371e-12
"ENSG00000100226","green",0.350367552924323,0.00125119606098785,0.684810639465996,1.29588124119696e-12
"ENSG00000138311","green",-0.465333716096283,1.058291846369e-05,-0.684748368004047,1.30434495362962e-12
"ENSG00000122729","green",0.418381773637545,9.17367372992968e-05,0.684647849788093,1.31811934309712e-12
"ENSG00000128191","green",-0.482775183817526,4.36009283436075e-06,-0.682489748041918,1.64994215902385e-12
"ENSG00000129673","green",0.587510258899096,6.54144563938067e-09,0.681477131961632,1.83205283774777e-12
"ENSG00000141258","green",-0.385921271807068,0.000342555174177275,-0.68131898461874,1.86218522410811e-12
"ENSG00000063046","green",-0.510398248569039,9.65089939717273e-07,-0.680952049651799,1.93394580630569e-12
"ENSG00000173786","green",0.340727818589241,0.00173412615773926,0.678804431417717,2.41036621407038e-12
"ENSG00000162714","green",0.359845120147839,0.000898608522497188,0.678170062928416,2.57145690605618e-12
"ENSG00000138119","green",0.437036172060179,4.03937927528613e-05,0.677316480939925,2.80462361049843e-12
"ENSG00000206337","green",0.537019388620504,1.9792808852641e-07,0.677295335027506,2.81065035487399e-12
"ENSG00000026751","green",0.368940541216999,0.000647777259146625,0.677007170698333,2.89403075457488e-12
"ENSG00000170846","green",-0.394501811693238,0.000244980971253457,-0.676965133898145,2.90639113804574e-12
"ENSG00000157404","green",-0.599841000878826,2.59661246356089e-09,-0.67651774121363,3.0411256935269e-12
"ENSG00000034053","green",-0.523830942544211,4.41285284390351e-07,-0.675990312948131,3.20768200361492e-12
"ENSG00000134107","green",-0.610855735652578,1.09976114138591e-09,-0.675936136049891,3.22527886500438e-12
"ENSG00000269837","green",-0.501213163379956,1.6170511430775e-06,-0.674643364588406,3.6737895561801e-12
"ENSG00000188322","green",-0.611103016358092,1.0783437827767e-09,-0.672985224807206,4.33739012484634e-12
"ENSG00000181045","green",-0.364719829266085,0.000754925147932442,-0.67225665073456,4.66410952124443e-12
"ENSG00000263069","green",0.488565780326281,3.21290398915986e-06,0.672225719879169,4.67849083418628e-12
"ENSG00000178607","green",-0.559094090155738,4.77873573538504e-08,-0.670753241599463,5.41466946113755e-12
"ENSG00000108950","green",0.698311840159749,3.0381937972727e-13,0.669284877247474,6.25897402081021e-12
"ENSG00000148384","green",-0.460829633618408,1.32032050625566e-05,-0.668902935527937,6.49851704525024e-12
"ENSG00000159228","green",0.483642856182789,4.16658951248713e-06,0.667663984680265,7.33770652990679e-12
"ENSG00000165806","green",0.552557274183757,7.3575966708625e-08,0.667540299747131,7.426980083419e-12
"ENSG00000181847","green",-0.474151396616333,6.80058606970764e-06,-0.667502005137894,7.4548313724781e-12
"ENSG00000197555","green",0.448771337557206,2.35133434963552e-05,0.667401981772274,7.52805154508239e-12
"ENSG00000216490","green",0.624539930185221,3.60839878534258e-10,0.666983090115245,7.84226891695227e-12
"ENSG00000124508","green",0.61152684426796,1.04255979532437e-09,0.665060549346811,9.45333883858626e-12
"ENSG00000179918","green",0.675147711634582,3.4921065832465e-12,0.66414315881703,1.03298918674918e-11
"ENSG00000184979","green",0.272181673413671,0.0133696703322495,0.661253602849741,1.36307877005021e-11
"ENSG00000175505","green",-0.370821091356333,0.000604666005993729,-0.661117752092361,1.38086198518308e-11
"ENSG00000146416","green",0.483945637802171,4.10098622718771e-06,0.661103717169984,1.38271183918404e-11
"ENSG00000184182","green",0.451504876304137,2.06691976206288e-05,0.658997965689906,1.68894585843182e-11
"ENSG00000006555","green",-0.508995584868124,1.04525757890678e-06,-0.658478214694977,1.7740051115204e-11
"ENSG00000181666","green",-0.44410811267221,2.92234714038651e-05,-0.657821650693961,1.88734570402892e-11
"ENSG00000165943","green",-0.438059452655079,3.85624815588064e-05,-0.657065995587005,2.02640065217493e-11
"ENSG00000077044","green",-0.491219161763593,2.78820818155878e-06,-0.654908101156365,2.47976367561534e-11
"ENSG00000225217","green",0.661434724215193,1.33971132655176e-11,0.654850194613691,2.49317951615284e-11
"ENSG00000138617","green",-0.570694627239434,2.17068139149567e-08,-0.653716319604177,2.77035295401796e-11
"ENSG00000243836","green",-0.471042398021619,7.95923167331782e-06,-0.652838422121206,3.00502730766941e-11
"ENSG00000158714","green",0.455937708875057,1.67302186186736e-05,0.652334996409405,3.14808608606196e-11
"ENSG00000172508","green",-0.496914088738922,2.04841733908955e-06,-0.652178857992632,3.1937683568161e-11
"ENSG00000128159","green",-0.427710461357276,6.12355745952258e-05,-0.64847576119697,4.48369764212203e-11
"ENSG00000261884","green",0.674529556029175,3.71602621178054e-12,0.646607364297863,5.3114138243951e-11
"ENSG00000162946","green",0.411431122235373,0.000123036440053127,0.645700693982157,5.76409045224734e-11
"ENSG00000167037","green",-0.479438854290296,5.18565430661716e-06,-0.645070754933658,6.100146117422e-11
"ENSG00000174080","green",-0.441202822020446,3.34089540133395e-05,-0.64397661335236,6.72898003283768e-11
"ENSG00000115155","green",0.34290215326944,0.00161247753281719,0.643192766814379,7.21721190022176e-11
"ENSG00000007516","green",-0.508511033403264,1.07438327534066e-06,-0.64018666585084,9.42382544116529e-11
"ENSG00000137054","green",-0.35322839089822,0.00113343156749699,-0.639842344838371,9.71441569888066e-11
"ENSG00000140830","green",0.533571569314366,2.44890707321713e-07,0.638997646664885,1.04641375068799e-10
"ENSG00000229331","green",0.526506678151433,3.76063911418846e-07,0.638403646748893,1.10242342808885e-10
"ENSG00000171101","green",-0.435558144835266,4.31822313085757e-05,-0.637899086969649,1.15224635381218e-10
"ENSG00000100473","green",-0.460719871273898,1.32740595148198e-05,-0.635963504304257,1.36415253916374e-10
"ENSG00000171368","green",-0.561733423600474,4.00395795159886e-08,-0.635319911025992,1.44253980516845e-10
"ENSG00000162496","green",-0.492578080161375,2.59173692192121e-06,-0.634765072831346,1.51356516566529e-10
"ENSG00000204103","green",0.40245721832482,0.000178060234416552,0.633333612374289,1.71261863788732e-10
"ENSG00000186716","green",-0.560645019465648,4.30775344944558e-08,-0.633134924672526,1.74215491093612e-10
"ENSG00000172426","green",0.368911329895471,0.000648468501291138,0.631358471485815,2.0288383112755e-10
"ENSG00000090565","green",-0.401329557517917,0.000186389096112903,-0.631227353275122,2.05170045256333e-10
"ENSG00000239713","green",0.401985075548893,0.000181504778401251,0.63093821681714,2.10299043340521e-10
"ENSG00000254667","green",0.393454842047739,0.000255334983663861,0.628976472504167,2.48485083338127e-10
"ENSG00000258521","green",0.475206830848503,6.44465357862352e-06,0.628479327510606,2.59169042973667e-10
"ENSG00000101017","green",0.504731343182798,1.32934008084457e-06,0.627942367304183,2.71202478395862e-10
"ENSG00000165949","green",0.354652835016485,0.00107862710720343,0.627913469690888,2.71865027299674e-10
"ENSG00000206077","green",-0.441362328120976,3.31653868559132e-05,-0.625971328284905,3.20127142875123e-10
"ENSG00000104972","green",0.348686314448239,0.00132546802391592,0.624791669624415,3.53337636411309e-10
"ENSG00000149292","green",-0.402191403434665,0.000179992011280937,-0.6245642452855,3.60108648386052e-10
"ENSG00000008283","green",0.553763592663204,6.79908046983121e-08,0.62341898670509,3.96137174787116e-10
"ENSG00000168096","green",-0.372813239337174,0.000561867177843617,-0.622347233627727,4.3295968277741e-10
"ENSG00000137275","green",0.316638036126454,0.003752765897082,0.612137470088764,9.92994702419967e-10
"ENSG00000140853","green",0.439654477782017,3.58614576621062e-05,0.610817481017782,1.10311054498464e-09
"ENSG00000168792","green",-0.470916948072784,8.00966077211341e-06,-0.609200387446221,1.25396451073345e-09
"ENSG00000138642","green",0.263700431919278,0.0166754975601617,0.607695558341103,1.4119073752754e-09
"ENSG00000234571","green",0.673010040006473,4.32665891963516e-12,0.605722604336166,1.64796418278767e-09
"ENSG00000138166","green",0.237942194631919,0.0313502010546065,0.605664983061941,1.65539554480315e-09
"ENSG00000140379","green",0.562825950094144,3.71957209323302e-08,0.603889141524431,1.9007815553785e-09
"ENSG00000204634","green",0.351927067753956,0.00118569339633924,0.601818192193734,2.23087223751864e-09
"ENSG00000131203","green",0.351600474484606,0.00119914787277105,0.593249045304698,4.27584012060067e-09
"ENSG00000166224","green",-0.552308713234974,7.47797022163812e-08,-0.584061868134083,8.41228113842885e-09
"ENSG00000114354","green",0.378806418875553,0.000449250764463616,0.581524659414968,1.01037061831367e-08
"ENSG00000135218","green",0.544822940929286,1.21165482910513e-07,0.575006881163971,1.60618469634216e-08
"ENSG00000214548","green",-0.568235467470383,2.57247695186372e-08,-0.56585704631144,3.027714402347e-08
"ENSG00000107566","green",0.517764581606912,6.30964753662274e-07,0.554082373555021,6.65835875025893e-08
"ENSG00000143842","green",-0.45984639462968,1.38507265011951e-05,-0.546236720373879,1.10709542978579e-07
"ENSG00000168026","green",0.249932960797456,0.0235395155514446,0.520571782061106,5.3520651507161e-07
"ENSG00000126464","purple",-0.729657739152753,7.52223784569315e-15,0.934306581694385,1.37932833028416e-37
"ENSG00000089154","purple",-0.689186238217231,8.16842903498702e-13,0.931174065037033,8.35873311340526e-37
"ENSG00000119596","purple",-0.592718502296316,4.44881104103423e-09,0.918893387792088,4.667519853577e-34
"ENSG00000086758","purple",-0.643365812685932,7.1065899044239e-11,0.911997239197925,1.06493139367396e-32
"ENSG00000174231","purple",-0.634862745172062,1.50082367676759e-10,0.904709835260405,2.22043410177536e-31
"ENSG00000139613","purple",-0.582829034012016,9.19730238815528e-09,0.901827900903937,6.903641505845e-31
"ENSG00000180357","purple",-0.676866212950607,2.93567816231395e-12,0.900481024245417,1.15908116675682e-30
"ENSG00000145041","purple",-0.618092653114252,6.14115683540684e-10,0.900011508176768,1.38613708891544e-30
"ENSG00000047849","purple",-0.606791664143989,1.51573632880191e-09,0.898833559382423,2.16293190114608e-30
"ENSG00000166197","purple",-0.666282579985336,8.39608343311251e-12,0.896716509953906,4.74717030438162e-30
"ENSG00000197694","purple",-0.653841715981275,2.73830364473407e-11,0.894072235143566,1.23765498694581e-29
"ENSG00000163125","purple",-0.606354648647347,1.56851500547151e-09,0.892833443148901,1.92219257638325e-29
"ENSG00000073849","purple",-0.670813014011546,5.38273102005856e-12,0.887184215790943,1.33958201517887e-28
"ENSG00000099381","purple",-0.615194492478295,7.76890386674475e-10,0.887177328626011,1.34267115025861e-28
"ENSG00000137497","purple",-0.67866211408101,2.44563898404825e-12,0.881256141057565,9.22122615872039e-28
"ENSG00000072736","purple",-0.692169055769154,5.93585275595838e-13,0.879933705904709,1.39830775568195e-27
"ENSG00000148840","purple",-0.607482159247698,1.43578885760708e-09,0.87948057321017,1.61090471250539e-27
"ENSG00000130723","purple",-0.707747874895326,1.05023633397995e-13,0.877224040087112,3.23245724765814e-27
"ENSG00000144028","purple",-0.611098278864803,1.07875033124067e-09,0.876176546193976,4.44551764199554e-27
"ENSG00000160208","purple",-0.648888815831852,4.31819625397707e-11,0.873185314440559,1.08719668798712e-26
"ENSG00000198218","purple",-0.61325994803601,9.07700783837298e-10,0.870863120136413,2.14342652767579e-26
"ENSG00000135372","purple",-0.600944260953396,2.38601194914795e-09,0.866287671602028,7.86381375599636e-26
"ENSG00000084774","purple",-0.674338390235,3.78802433306715e-12,0.865492552355541,9.80870789448641e-26
"ENSG00000068654","purple",-0.5778219547211,1.31639344991897e-08,0.86117201598736,3.18172539750346e-25
"ENSG00000152127","purple",-0.732585883083329,5.18659922981321e-15,0.860258508267718,4.05989213707743e-25
"ENSG00000173473","purple",-0.655733277509803,2.29595485000886e-11,0.857724055701483,7.91251726219276e-25
"ENSG00000137337","purple",-0.644431535297961,6.46032055765946e-11,0.856879435191794,9.85487886808102e-25
"ENSG00000143799","purple",-0.536108379362029,2.09430237524069e-07,0.854732962814708,1.71085774926196e-24
"ENSG00000172534","purple",-0.520354355497875,5.42101963256867e-07,0.854156894686659,1.98085955307617e-24
"ENSG00000084463","purple",-0.599174805390185,2.73225740725277e-09,0.85402201576093,2.04981499203468e-24
"ENSG00000169375","purple",-0.676871860445747,2.93399852735339e-12,0.853689636843898,2.22983448833085e-24
"ENSG00000174282","purple",-0.651552162710212,3.38360726867084e-11,0.85363203885653,2.26255208944826e-24
"ENSG00000139641","purple",-0.623313491023989,3.99624226081057e-10,0.852602097135572,2.93266133078567e-24
"ENSG00000183864","purple",-0.695713698134957,4.04135326021139e-13,0.849024389330065,7.11323418851185e-24
"ENSG00000010292","purple",-0.602645476107844,2.09292712394741e-09,0.848549733065471,7.98678222163528e-24
"ENSG00000189091","purple",-0.542495463599427,1.40446804151752e-07,0.847301207694712,1.08112390921604e-23
"ENSG00000110514","purple",-0.55721484609402,5.41510754074903e-08,0.846567972412355,1.28990946515436e-23
"ENSG00000230989","purple",0.57571491700792,1.52805365961937e-08,-0.845488687065795,1.66997012661156e-23
"ENSG00000196305","purple",-0.604659476159365,1.7903467884639e-09,0.844148398930945,2.29505581378916e-23
"ENSG00000136485","purple",-0.547540050092421,1.01834050043948e-07,0.842971626070658,3.02666775054704e-23
"ENSG00000148843","purple",-0.632773067468685,1.79720576391257e-10,0.839799441991052,6.31038761625018e-23
"ENSG00000183337","purple",-0.586191807102816,7.20428487233141e-09,0.838033463742049,9.43425026103756e-23
"ENSG00000009954","purple",-0.586909623932753,6.83585350735243e-09,0.837330582471014,1.10570612746015e-22
"ENSG00000139645","purple",-0.58921217404951,5.77148594783132e-09,0.836283268411145,1.39876865061523e-22
"ENSG00000137073","purple",-0.620800463939,4.91926594384215e-10,0.835608641696321,1.62606470949252e-22
"ENSG00000132182","purple",-0.652101427885485,3.21665780417265e-11,0.834251284824146,2.19693281462163e-22
"ENSG00000135213","purple",-0.587440655296981,6.57493259673875e-09,0.833485430585545,2.6003390773611e-22
"ENSG00000175216","purple",-0.501344071067055,1.60536836585408e-06,0.830561671713228,4.91084852402712e-22
"ENSG00000095319","purple",-0.54012382921503,1.63066600928445e-07,0.829267658208424,6.48173919825485e-22
"ENSG00000179222","purple",-0.581896685360783,9.83685959123608e-09,0.825954059407678,1.3055627801639e-21
"ENSG00000197386","purple",-0.520489460748563,5.37807431436599e-07,0.825003144264755,1.59178835888248e-21
"ENSG00000130816","purple",-0.561050052237267,4.19222578234784e-08,0.824794287385297,1.66235565350387e-21
"ENSG00000171603","purple",-0.556064306706318,5.8436301392573e-08,0.823394792621908,2.21981768132439e-21
"ENSG00000196367","purple",-0.64185200118442,8.13206884168033e-11,0.822291884009788,2.78303426530001e-21
"ENSG00000138674","purple",-0.48396645929606,4.0965107298038e-06,0.821823208522409,3.0622729424054e-21
"ENSG00000132383","purple",-0.655944551545773,2.25103954634434e-11,0.82119381214908,3.48031669093738e-21
"ENSG00000183495","purple",-0.58286307128198,9.17472107995243e-09,0.820885573077209,3.70473016017e-21
"ENSG00000136068","purple",-0.600572797118394,2.4550287177653e-09,0.820589581571687,3.93339230610425e-21
"ENSG00000169710","purple",-0.61750350255146,6.44305515107952e-10,0.819131564314945,5.27472160557776e-21
"ENSG00000113360","purple",-0.517792235269662,6.29947037907879e-07,0.817394273668,7.45684645806538e-21
"ENSG00000080603","purple",-0.550424822554858,8.45306396278742e-08,0.816911303255514,8.20486172449866e-21
"ENSG00000115306","purple",-0.588463149540417,6.09904748175542e-09,0.816262182561501,9.32561684025672e-21
"ENSG00000055163","purple",-0.623626358991577,3.89367410703136e-10,0.81620575208364,9.42977372150005e-21
"ENSG00000128908","purple",-0.547785701548889,1.00238698427084e-07,0.815634915159928,1.05488215023861e-20
"ENSG00000135905","purple",-0.558529228816911,4.96212796377967e-08,0.814501033450015,1.31657925222697e-20
"ENSG00000129351","purple",-0.620737477589693,4.94483701603802e-10,0.813402878174989,1.62942012817784e-20
"ENSG00000124571","purple",-0.546636553629804,1.07911523726727e-07,0.812859234931989,1.8098506544066e-20
"ENSG00000070366","purple",-0.543692514586255,1.30193125753069e-07,0.812756681234783,1.84599278229031e-20
"ENSG00000249915","purple",0.496356639764066,2.11170169833951e-06,-0.810800570372212,2.68548629236852e-20
"ENSG00000197102","purple",-0.586031879196798,7.28891203745626e-09,0.810016733186183,3.11693454616569e-20
"ENSG00000059573","purple",-0.583302317581974,8.88801348396337e-09,0.805836432393718,6.8205885534894e-20
"ENSG00000119285","purple",-0.572034450482394,1.97768596985393e-08,0.805668772911252,7.03541943139824e-20
"ENSG00000187239","purple",-0.579001440270963,1.21042533237183e-08,0.805258654984117,7.58891849299075e-20
"ENSG00000006114","purple",-0.582634610991274,9.32730738900826e-09,0.802517176733018,1.25329214648829e-19
"ENSG00000127125","purple",0.6948639199959,4.43374848435462e-13,-0.800292513534791,1.87223703612811e-19
"ENSG00000080503","purple",-0.601508601150709,2.28469455921413e-09,0.798491543320991,2.58150722168899e-19
"ENSG00000140577","purple",-0.505983774256015,1.239127518625e-06,0.797407959611365,3.12705644153969e-19
"ENSG00000107581","purple",-0.552320694747837,7.47212513362993e-08,0.796714650914068,3.53301476159492e-19
"ENSG00000048471","purple",-0.555722157515103,5.97715787167878e-08,0.795849767782671,4.11137689344702e-19
"ENSG00000183291","purple",0.531929721354141,2.70796926789813e-07,-0.795630668357056,4.27185720845525e-19
"ENSG00000116030","purple",0.508193631454209,1.09387529801683e-06,-0.795285141908348,4.53733487664656e-19
"ENSG00000198824","purple",-0.450427643496511,2.17493198244521e-05,0.79391264360016,5.75859420466612e-19
"ENSG00000108312","purple",-0.655974986371197,2.24463924622601e-11,0.793127320284379,6.5947043299477e-19
"ENSG00000241973","purple",-0.551052830869281,8.11532333103686e-08,0.793069775067834,6.66039126223162e-19
"ENSG00000115568","purple",-0.553212114804633,7.04921899516884e-08,0.791825912744813,8.24537348245761e-19
"ENSG00000113013","purple",-0.595239705715136,3.68232286349183e-09,0.790549774233501,1.0248832749122e-18
"ENSG00000165271","purple",-0.564800141988865,3.2537313584682e-08,0.789867715352263,1.15052101017273e-18
"ENSG00000116128","purple",-0.581753292863349,9.93890650187463e-09,0.788786834027252,1.38070578683544e-18
"ENSG00000082516","purple",-0.52782810277201,3.47327325446168e-07,0.788381242802334,1.47809938632936e-18
"ENSG00000043143","purple",-0.676860730200256,2.93730968457082e-12,0.784448684679175,2.84061064273846e-18
"ENSG00000075856","purple",-0.562744366536228,3.740126446903e-08,0.784055629496509,3.02999961156726e-18
"ENSG00000198589","purple",-0.633627211595785,1.66984987623592e-10,0.781057658885389,4.93560917771798e-18
"ENSG00000137947","purple",0.590469875229668,5.25889418200848e-09,-0.780915348943151,5.0502925732874e-18
"ENSG00000185989","purple",-0.612339807687837,9.77073750463618e-10,0.779343777437545,6.50115001156228e-18
"ENSG00000114861","purple",-0.662430195390978,1.21799227237453e-11,0.777151819689378,9.21444369800464e-18
"ENSG00000141564","purple",-0.529441936596051,3.15048656385154e-07,0.777066950666293,9.33898455047269e-18
"ENSG00000156304","purple",-0.473063064924183,7.18687218651457e-06,0.776063755793386,1.09402350009683e-17
"ENSG00000135108","purple",-0.583776238991077,8.58825930602763e-09,0.775498591884272,1.19560874492457e-17
"ENSG00000070814","purple",-0.556012293476865,5.86374456585172e-08,0.775151304685561,1.26249558880525e-17
"ENSG00000072501","purple",-0.453070319764338,1.9188559648662e-05,0.775098742424676,1.27292923415399e-17
"ENSG00000172943","purple",-0.543778423683761,1.29485242554599e-07,0.77336719158105,1.66732208607728e-17
"ENSG00000105738","purple",-0.414585317661468,0.000107776396525448,0.768823566424954,3.34766971384282e-17
"ENSG00000149428","purple",-0.528097762263007,3.41724389760274e-07,0.768267263112054,3.64194495749676e-17
"ENSG00000141720","purple",-0.63947777627918,1.00314498729707e-10,0.76645705935481,4.78297768529796e-17
"ENSG00000120265","purple",0.601546567318357,2.27802803334639e-09,-0.766157683290676,5.00231793469241e-17
"ENSG00000133706","purple",-0.502740305334994,1.48561456764739e-06,0.765826148873345,5.25656735614356e-17
"ENSG00000133226","purple",-0.486628109748907,3.56071893447193e-06,0.765546202254585,5.480943880233e-17
"ENSG00000136628","purple",-0.577415534760418,1.35491262613724e-08,0.76475078863154,6.17016587086634e-17
"ENSG00000151929","purple",-0.453520743046518,1.87812624830922e-05,0.764430680105714,6.47056341982872e-17
"ENSG00000101868","purple",-0.553786385622978,6.78892574754264e-08,0.763819135159917,7.08423426737216e-17
"ENSG00000112118","purple",-0.5278381560262,3.47116889201534e-07,0.762556370481631,8.5344155494781e-17
"ENSG00000179409","purple",-0.525861630502372,3.90895471878078e-07,0.762418236533316,8.70945475765408e-17
"ENSG00000167986","purple",-0.455990374501771,1.66879510558863e-05,0.760233233829692,1.19859364181812e-16
"ENSG00000135966","purple",-0.593848007085905,4.08827831807131e-09,0.760005195093096,1.23896922035183e-16
"ENSG00000165632","purple",-0.554236301448926,6.59140416804694e-08,0.757151797177505,1.86966200946618e-16
"ENSG00000100150","purple",-0.43380750147988,4.67164207142781e-05,0.756864668509109,1.94809176998831e-16
"ENSG00000110048","purple",-0.572751406808812,1.88123824975886e-08,0.756373043978763,2.08981992060777e-16
"ENSG00000142197","purple",-0.576999387004411,1.39546519759229e-08,0.755357060385552,2.41496549761937e-16
"ENSG00000118971","purple",-0.62805399670604,2.68657593972562e-10,0.754741064421267,2.63535780774099e-16
"ENSG00000106608","purple",-0.47666053563969,5.98295698218764e-06,0.753471176504468,3.15267437596554e-16
"ENSG00000170085","purple",-0.407389914531438,0.000145508378280969,0.751779996674514,3.99590342763906e-16
"ENSG00000102226","purple",-0.542319545408018,1.42016745646485e-07,0.750894228411574,4.52064343523029e-16
"ENSG00000198846","purple",-0.610994151110392,1.08772316337215e-09,0.750778284828512,4.59407176102972e-16
"ENSG00000163399","purple",-0.53809545357228,1.85113275600449e-07,0.74806618000605,6.68030945309291e-16
"ENSG00000165733","purple",-0.552172553934625,7.54470032752576e-08,0.746315570411064,8.48514852388073e-16
"ENSG00000133065","purple",-0.527196001861128,3.60803799838714e-07,0.744410334675125,1.09834569755791e-15
"ENSG00000232119","purple",0.656724818222526,2.09235872014752e-11,-0.743900495949791,1.1764243727302e-15
"ENSG00000158417","purple",-0.491304322039186,2.77549518259913e-06,0.740591957382517,1.82985577946781e-15
"ENSG00000084652","purple",-0.51320500442253,8.21779418567352e-07,0.740545420418373,1.84117340493013e-15
"ENSG00000171824","purple",-0.434560250667163,4.51650318459327e-05,0.739024476992156,2.25061076411695e-15
"ENSG00000132382","purple",-0.627438739174995,2.82973835973662e-10,0.738418902364639,2.43699203011484e-15
"ENSG00000160007","purple",-0.618489608150908,5.94542876518709e-10,0.738169433622615,2.51803059290334e-15
"ENSG00000131378","purple",-0.589501504418286,5.64950740541042e-09,0.737879362534963,2.61553129062851e-15
"ENSG00000089737","purple",-0.524063343860942,4.35221447162439e-07,0.737400314054348,2.78458303730476e-15
"ENSG00000115128","purple",0.513380190177418,8.1353667543663e-07,-0.736867339882728,2.98505969762708e-15
"ENSG00000168488","purple",-0.383704755171743,0.000372994221940692,0.735785821519975,3.43556047315443e-15
"ENSG00000197471","purple",-0.66948218640076,6.13857446765719e-12,0.734568950570188,4.02093433774272e-15
"ENSG00000182162","purple",-0.677915919813685,2.63885610267784e-12,0.732081066650054,5.53184279803663e-15
"ENSG00000087269","purple",-0.567210684491262,2.76000292418037e-08,0.73093697522492,6.39831788244866e-15
"ENSG00000198231","purple",-0.524063221636296,4.35224615437934e-07,0.727683690978129,9.63880047768368e-15
"ENSG00000107959","purple",-0.519511812388114,5.69624022500118e-07,0.725769038361507,1.22339843002993e-14
"ENSG00000038532","purple",-0.484374998509051,4.00962019423232e-06,0.721804425824306,1.99175841343391e-14
"ENSG00000136888","purple",0.511425155185394,9.10118280407843e-07,-0.721423176800822,2.08640949806899e-14
"ENSG00000160299","purple",-0.567876733652433,2.63669814698509e-08,0.719375805902453,2.67368698717277e-14
"ENSG00000136504","purple",-0.482702811898482,4.37660871202706e-06,0.717920338659812,3.18497208053287e-14
"ENSG00000068697","purple",0.655814780617394,2.27852689967717e-11,-0.715594327185013,4.20314151449419e-14
"ENSG00000147130","purple",-0.367419376102705,0.000684681288606067,0.714233398197676,4.93748761502002e-14
"ENSG00000103932","purple",-0.497742754104171,1.95763684705402e-06,0.714013051984799,5.06746268250846e-14
"ENSG00000188612","purple",0.454847128771053,1.7628295122167e-05,-0.713468417655123,5.40303153032016e-14
"ENSG00000237765","purple",0.601364907798596,2.31009498616145e-09,-0.71256377645497,6.00827047938384e-14
"ENSG00000125386","purple",-0.550396212658028,8.46876380782975e-08,0.70658272057856,1.20014453520364e-13
"ENSG00000167325","purple",-0.503903033280944,1.39236915930598e-06,0.705911455150549,1.2956563169492e-13
"ENSG00000120685","purple",-0.365666018254147,0.000729590368566273,0.704928662909909,1.4488137758787e-13
"ENSG00000135829","purple",-0.535418167536667,2.18563488040006e-07,0.704873812447567,1.45785665626499e-13
"ENSG00000011376","purple",-0.481250594332442,4.72070576118925e-06,0.704858478308815,1.46039441722791e-13
"ENSG00000178764","purple",-0.420268174649461,8.46174033706732e-05,0.701048049115797,2.24226887798758e-13
"ENSG00000120727","purple",0.369258709900386,0.000640291690366764,-0.698560381267429,2.95592184999997e-13
"ENSG00000108557","purple",-0.453333685840061,1.89494190769277e-05,0.697599818189875,3.28627717541122e-13
"ENSG00000204138","purple",-0.394635723223267,0.000243684891398137,0.697535236111536,3.30971970387808e-13
"ENSG00000187555","purple",-0.51590538948637,7.03066996626175e-07,0.696683224924366,3.63447179441859e-13
"ENSG00000112685","purple",-0.478208205414067,5.52564493448948e-06,0.694548990935483,4.5882851942761e-13
"ENSG00000111676","purple",-0.350223142725348,0.00125742438615145,0.692646511248634,5.63811266660025e-13
"ENSG00000181191","purple",-0.485444299722066,3.79032481919958e-06,0.691765412163447,6.19931723033116e-13
"ENSG00000135597","purple",-0.472426196973292,7.4223676821247e-06,0.691369938340236,6.46834433762999e-13
"ENSG00000124160","purple",-0.472205561270925,7.50562672089889e-06,0.691009240194952,6.72348570221902e-13
"ENSG00000035928","purple",-0.518179235267068,6.15866400368273e-07,0.688622809431289,8.6724836992461e-13
"ENSG00000131196","purple",-0.514758153402214,7.5137139005923e-07,0.688561970145965,8.72866872950814e-13
"ENSG00000140829","purple",-0.428769108926494,5.84462584066865e-05,0.687745801717454,9.51711194943653e-13
"ENSG00000092820","purple",-0.552998210054595,7.14857479301485e-08,0.686060305764734,1.13678827614406e-12
"ENSG00000129347","purple",-0.481155647644896,4.74406588053367e-06,0.684760839970734,1.30264556125336e-12
"ENSG00000106144","purple",-0.452873525162749,1.93690895502004e-05,0.684697559211103,1.31129007465563e-12
"ENSG00000096384","purple",-0.445530037018303,2.73582101848977e-05,0.684014405373481,1.40819693809472e-12
"ENSG00000143569","purple",-0.355738667888836,0.00103847791166961,0.68311987454284,1.54554770622367e-12
"ENSG00000132142","purple",-0.405189299907216,0.000159284090115977,0.680288055652918,2.07061707074325e-12
"ENSG00000069248","purple",-0.517975265599299,6.23250139931518e-07,0.675133573184426,3.49707993724457e-12
"ENSG00000184708","purple",-0.513842316261647,7.92166114076628e-07,0.6725362707339,4.53601405792443e-12
"ENSG00000060762","purple",0.54194575853451,1.45407961015474e-07,-0.671556310979417,5.00038102352208e-12
"ENSG00000143614","purple",-0.500467288132048,1.68516058662151e-06,0.66964528938566,6.04073109119358e-12
"ENSG00000134014","purple",-0.352792282944357,0.00115070842482296,0.666573908540679,8.16134537657397e-12
"ENSG00000162298","purple",-0.386728381429907,0.000332049778646759,0.663535255822018,1.0953189133021e-11
"ENSG00000092201","purple",-0.480250764305372,4.97221353240957e-06,0.663348247831657,1.11520910104889e-11
"ENSG00000131788","purple",-0.418748436911198,9.03109227299061e-05,0.659758129887101,1.57155906658013e-11
"ENSG00000185864","purple",-0.444748255889028,2.83695300230414e-05,0.65858480632011,1.75623244121391e-11
"ENSG00000136715","purple",-0.407153398228949,0.000146934321190428,0.65839378231979,1.7882054758981e-11
"ENSG00000124228","purple",-0.48240434981177,4.44534345038628e-06,0.654039457903517,2.68848586802644e-11
"ENSG00000063978","purple",-0.525307449158905,4.0407822057162e-07,0.653502322988297,2.82588022616949e-11
"ENSG00000204256","purple",-0.426091158056149,6.57421624169858e-05,0.652263608173834,3.16889417732e-11
"ENSG00000090924","purple",-0.36063917540429,0.000873626277518626,0.6473201864432,4.97966856866225e-11
"ENSG00000166974","purple",-0.399535528241555,0.000200383041589859,0.64691029673531,5.16791877230877e-11
"ENSG00000096070","purple",-0.435099163339864,4.40839401911438e-05,0.644326445197889,6.52145345925533e-11
"ENSG00000243716","purple",-0.444522393681231,2.86681342144139e-05,0.639580982376528,9.94070781635289e-11
"ENSG00000105879","purple",-0.4793929641732,5.19797153662932e-06,0.637741463086375,1.16824848011877e-10
"ENSG00000165672","purple",0.456706398058315,1.61231115780285e-05,-0.633150946099719,1.73975524160706e-10
"ENSG00000129518","purple",0.396249714753363,0.000228552222236041,-0.625887201651269,3.22392945507413e-10
"ENSG00000235437","purple",-0.418191476913517,9.24849229535693e-05,0.620362890311404,5.09955912028292e-10
"ENSG00000050130","purple",0.409805990433518,0.000131656635459989,-0.618896621842258,5.75094564568861e-10
"ENSG00000090615","purple",-0.493552454193436,2.45896756257821e-06,0.617449464885437,6.47144566637053e-10
"ENSG00000181222","purple",-0.329344078216234,0.00251672298837655,0.61095898516247,1.09076954818831e-09
"ENSG00000196455","purple",-0.412636443274279,0.000116983483678685,0.610316712065943,1.1478651133324e-09
"ENSG00000130826","purple",-0.480728536706651,4.85049920020169e-06,0.607839036586344,1.39606469597061e-09
"ENSG00000169246","purple",-0.38385559476565,0.000370846629899395,0.607226078473633,1.46495662504183e-09
"ENSG00000175376","purple",-0.355221928441764,0.00105741227564144,0.596631185960045,3.31507860796342e-09
"ENSG00000165102","purple",-0.414471619859071,0.000108294554072896,0.596475778162847,3.35428990102569e-09
"ENSG00000145882","purple",-0.499453530196895,1.7820759304045e-06,0.594809984684196,3.80337386807381e-09
"ENSG00000115806","purple",-0.36535344804742,0.000737872612527142,0.583457802143278,8.78858727314383e-09
"ENSG00000123411","purple",-0.388150633315302,0.000314254502145127,0.58335638385432,8.85331925101798e-09
"ENSG00000115053","purple",-0.402054320406634,0.000180995782473944,0.567266647775984,2.74943496083119e-08
"ENSG00000090861","purple",-0.352809877547705,0.00115000680042174,0.562826494324892,3.71943533988619e-08
"ENSG00000167978","purple",-0.233837758207375,0.0344817671381579,0.552981444774662,7.15641799550809e-08
"ENSG00000151779","purple",-0.29627608958688,0.0068784258471183,0.519886836506766,5.57214406491662e-07
"ENSG00000265148","purple",-0.351633295670417,0.00119778953085547,0.490963787003526,2.82666073913893e-06
"ENSG00000167182","purple",-0.183022124942332,0.099799496625948,0.406445201509529,0.000151281544062801
"ENSG00000134086","purple",0.179514008559783,0.106581341799964,-0.369417408346897,0.000636587563708958
