"stringId_A","stringId_B","preferredName_A","preferredName_B","ncbiTaxonId","score","nscore","fscore","pscore","ascore","escore","dscore","tscore"
"9606.ENSP00000001008","9606.ENSP00000255631","FKBP4","HSPBP1",9606,0.436,0,0,0,0.141,0,0,0.371
"9606.ENSP00000001008","9606.ENSP00000271139","FKBP4","MOB3C",9606,0.457,0,0,0,0,0.457,0,0
"9606.ENSP00000001008","9606.ENSP00000338990","FKBP4","ATG101",9606,0.459,0,0,0,0.096,0.421,0,0.051
"9606.ENSP00000001008","9606.ENSP00000264039","FKBP4","GPC1",9606,0.476,0,0,0,0.075,0.457,0,0
"9606.ENSP00000001008","9606.ENSP00000265070","FKBP4","GOLPH3",9606,0.48,0,0,0,0.099,0.432,0,0.066
"9606.ENSP00000001008","9606.ENSP00000364802","FKBP4","HSPA1A",9606,0.481,0,0,0,0.158,0.046,0,0.406
"9606.ENSP00000001008","9606.ENSP00000358921","FKBP4","ACTR1A",9606,0.494,0,0,0,0.075,0.107,0.4,0.101
"9606.ENSP00000001008","9606.ENSP00000280326","FKBP4","CCT5",9606,0.56,0,0,0,0.505,0,0,0.148
"9606.ENSP00000001008","9606.ENSP00000380256","FKBP4","CCNF",9606,0.588,0,0,0,0.091,0.566,0,0
"9606.ENSP00000001008","9606.ENSP00000269305","FKBP4","TP53",9606,0.599,0,0,0,0,0.457,0,0.292
"9606.ENSP00000001008","9606.ENSP00000437125","FKBP4","HSPA8",9606,0.819,0,0,0,0.151,0.12,0.5,0.574
"9606.ENSP00000001008","9606.ENSP00000350815","FKBP4","NR3C2",9606,0.909,0,0,0,0,0.082,0.8,0.549
"9606.ENSP00000001008","9606.ENSP00000351646","FKBP4","STIP1",9606,0.983,0,0,0,0.607,0.601,0.5,0.819
"9606.ENSP00000002125","9606.ENSP00000246166","NDUFAF7","FNTB",9606,0.444,0,0,0,0.075,0.424,0,0
"9606.ENSP00000002125","9606.ENSP00000482599","NDUFAF7","METTL23",9606,0.444,0,0,0,0.075,0,0,0.424
"9606.ENSP00000002125","9606.ENSP00000400184","NDUFAF7","NDUFAF8",9606,0.618,0,0,0,0,0,0.4,0.39
"9606.ENSP00000002125","9606.ENSP00000354813","NDUFAF7","MT-ND5",9606,0.621,0.057,0,0,0.094,0,0.5,0.219
"9606.ENSP00000002125","9606.ENSP00000274137","NDUFAF7","NDUFS6",9606,0.681,0,0,0,0.075,0,0.5,0.367
"9606.ENSP00000002125","9606.ENSP00000331640","NDUFAF7","TMEM186",9606,0.713,0,0,0,0.075,0,0.5,0.431
"9606.ENSP00000003302","9606.ENSP00000418960","USP28","BRCA1",9606,0.425,0,0,0,0.075,0.195,0,0.29
"9606.ENSP00000003302","9606.ENSP00000300093","USP28","PLK1",9606,0.432,0,0,0,0.075,0.083,0,0.385
"9606.ENSP00000003302","9606.ENSP00000282344","USP28","USP12",9606,0.514,0,0,0,0.082,0,0,0.493
"9606.ENSP00000003302","9606.ENSP00000457411","USP28","USP10",9606,0.546,0,0,0,0.064,0.401,0,0.256
"9606.ENSP00000003302","9606.ENSP00000269305","USP28","TP53",9606,0.895,0,0,0,0,0.821,0,0.441
"9606.ENSP00000003302","9606.ENSP00000312995","USP28","CLSPN",9606,0.915,0,0,0,0.048,0.457,0.7,0.522
"9606.ENSP00000016171","9606.ENSP00000380256","COX15","CCNF",9606,0.473,0,0,0,0.071,0.457,0,0
"9606.ENSP00000016171","9606.ENSP00000354813","COX15","MT-ND5",9606,0.644,0,0,0,0.101,0,0,0.621
"9606.ENSP00000016171","9606.ENSP00000274137","COX15","NDUFS6",9606,0.668,0,0,0,0.075,0.48,0,0.366
"9606.ENSP00000016171","9606.ENSP00000258975","COX15","TACO1",9606,0.886,0,0,0,0.128,0.077,0,0.87
"9606.ENSP00000016171","9606.ENSP00000354762","COX15","COA3",9606,0.961,0,0,0,0.085,0.456,0.8,0.66
"9606.ENSP00000040663","9606.ENSP00000360268","MRI1","ALDH18A1",9606,0.457,0.272,0,0,0.132,0,0,0.21
"9606.ENSP00000040663","9606.ENSP00000320309","MRI1","FARSA",9606,0.552,0.061,0.498,0,0.127,0,0,0
"9606.ENSP00000040663","9606.ENSP00000379038","MRI1","TYMP",9606,0.576,0.211,0,0,0,0,0.485,0
"9606.ENSP00000157812","9606.ENSP00000361664","PSMC4","HIVEP3",9606,0.4,0,0,0,0,0,0.4,0
"9606.ENSP00000157812","9606.ENSP00000365435","PSMC4","TNFRSF1B",9606,0.406,0,0,0,0,0,0.4,0.052
"9606.ENSP00000157812","9606.ENSP00000425031","PSMC4","HNRNPAB",9606,0.409,0,0,0,0.184,0,0,0.306
"9606.ENSP00000157812","9606.ENSP00000362592","PSMC4","RBBP4",9606,0.411,0,0,0,0.184,0.302,0,0.049
"9606.ENSP00000157812","9606.ENSP00000415430","PSMC4","GTSE1",9606,0.415,0,0,0,0.066,0,0.4,0
"9606.ENSP00000157812","9606.ENSP00000429089","PSMC4","CCNE2",9606,0.416,0,0,0,0,0,0.4,0.067
"9606.ENSP00000157812","9606.ENSP00000230056","PSMC4","GMNN",9606,0.421,0,0,0,0.075,0,0.4,0
"9606.ENSP00000157812","9606.ENSP00000495530","PSMC4","ENO1",9606,0.428,0,0,0,0.155,0.066,0.293,0.097
"9606.ENSP00000157812","9606.ENSP00000360623","PSMC4","ORC1",9606,0.44,0,0,0,0.074,0,0.4,0.074
"9606.ENSP00000157812","9606.ENSP00000394331","PSMC4","COMMD5",9606,0.441,0,0,0,0.108,0,0.4,0
"9606.ENSP00000157812","9606.ENSP00000351646","PSMC4","STIP1",9606,0.444,0,0,0,0.376,0.064,0,0.126
"9606.ENSP00000157812","9606.ENSP00000271139","PSMC4","MOB3C",9606,0.457,0,0,0,0,0.457,0,0
"9606.ENSP00000157812","9606.ENSP00000311083","PSMC4","CKS1B",9606,0.457,0,0,0,0.075,0.101,0.4,0
"9606.ENSP00000157812","9606.ENSP00000481380","PSMC4","CCNA2",9606,0.462,0,0,0,0.075,0,0.4,0.11
"9606.ENSP00000157812","9606.ENSP00000398698","PSMC4","TNF",9606,0.474,0,0,0,0,0.076,0.4,0.128
"9606.ENSP00000157812","9606.ENSP00000253363","PSMC4","RBM39",9606,0.476,0,0,0,0.075,0.457,0,0
"9606.ENSP00000157812","9606.ENSP00000228872","PSMC4","CDKN1B",9606,0.493,0,0,0,0.076,0,0.4,0.159
"9606.ENSP00000157812","9606.ENSP00000377536","PSMC4","PTTG1",9606,0.495,0,0,0,0.085,0,0.4,0.155
"9606.ENSP00000157812","9606.ENSP00000361540","PSMC4","CDC20",9606,0.497,0,0,0,0.076,0.044,0.4,0.163
"9606.ENSP00000157812","9606.ENSP00000260247","PSMC4","DCUN1D5",9606,0.5,0,0,0,0.137,0,0.4,0.113
"9606.ENSP00000157812","9606.ENSP00000355966","PSMC4","NEK2",9606,0.503,0,0,0,0.067,0.457,0,0.099
"9606.ENSP00000157812","9606.ENSP00000380256","PSMC4","CCNF",9606,0.521,0,0,0,0.063,0.457,0,0.135
"9606.ENSP00000157812","9606.ENSP00000300093","PSMC4","PLK1",9606,0.527,0,0,0,0.088,0.131,0.4,0.124
"9606.ENSP00000157812","9606.ENSP00000377958","PSMC4","CCT4",9606,0.541,0,0,0,0.449,0.073,0,0.174
"9606.ENSP00000157812","9606.ENSP00000493712","PSMC4","RAD51",9606,0.544,0,0,0,0.071,0.501,0,0.096
"9606.ENSP00000157812","9606.ENSP00000378699","PSMC4","CDK1",9606,0.559,0,0,0,0.104,0.124,0.4,0.175
"9606.ENSP00000157812","9606.ENSP00000223029","PSMC4","AIMP2",9606,0.571,0,0,0,0.517,0.062,0,0.13
"9606.ENSP00000157812","9606.ENSP00000280326","PSMC4","CCT5",9606,0.572,0,0,0,0.475,0.073,0,0.193
"9606.ENSP00000157812","9606.ENSP00000377245","PSMC4","KEAP1",9606,0.585,0,0,0,0.094,0,0.5,0.158
"9606.ENSP00000157812","9606.ENSP00000248437","PSMC4","TUBA4A",9606,0.592,0,0,0,0.129,0.523,0,0.097
"9606.ENSP00000157812","9606.ENSP00000358921","PSMC4","ACTR1A",9606,0.601,0,0,0,0.39,0.365,0,0.053
"9606.ENSP00000157812","9606.ENSP00000348838","PSMC4","UBE2C",9606,0.658,0.042,0,0,0.075,0,0.4,0.433
"9606.ENSP00000157812","9606.ENSP00000496250","PSMC4","RPL11",9606,0.684,0,0,0,0.603,0.069,0,0.216
"9606.ENSP00000157812","9606.ENSP00000351314","PSMC4","PSMB10",9606,0.72,0.057,0,0,0.412,0,0,0.537
"9606.ENSP00000157812","9606.ENSP00000269305","PSMC4","TP53",9606,0.772,0,0,0,0.07,0.54,0.4,0.22
"9606.ENSP00000157812","9606.ENSP00000296149","PSMC4","ELP6",9606,0.785,0,0,0,0.076,0.777,0,0
"9606.ENSP00000157812","9606.ENSP00000216802","PSMC4","PSME2",9606,0.968,0,0,0,0.199,0.89,0.36,0.515
"9606.ENSP00000157812","9606.ENSP00000363993","PSMC4","PSMB9",9606,0.996,0,0,0,0.697,0.983,0,0.408
"9606.ENSP00000157812","9606.ENSP00000364016","PSMC4","PSMB8",9606,0.997,0.057,0,0,0.442,0.992,0,0.457
"9606.ENSP00000157812","9606.ENSP00000263256","PSMC4","DESI1",9606,0.999,0,0,0,0.091,0.999,0,0
"9606.ENSP00000157812","9606.ENSP00000264639","PSMC4","PSMD3",9606,0.999,0,0,0,0.838,0.999,0.9,0.802
"9606.ENSP00000157812","9606.ENSP00000355325","PSMC4","PSMB5",9606,0.999,0.057,0,0,0.519,0.999,0.5,0.554
"9606.ENSP00000157812","9606.ENSP00000362334","PSMC4","PSMB2",9606,0.999,0.057,0,0,0.906,0.999,0.5,0.597
"9606.ENSP00000157812","9606.ENSP00000478877","PSMC4","ADRM1",9606,0.999,0,0,0,0.785,0.999,0.54,0.785
"9606.ENSP00000162749","9606.ENSP00000301633","TNFRSF1A","BIRC5",9606,0.421,0,0,0,0,0,0,0.421
"9606.ENSP00000162749","9606.ENSP00000356946","TNFRSF1A","FCGR3A",9606,0.452,0,0,0,0.075,0,0,0.432
"9606.ENSP00000162749","9606.ENSP00000496959","TNFRSF1A","ITGAM",9606,0.46,0,0,0,0.075,0,0,0.441
"9606.ENSP00000162749","9606.ENSP00000216341","TNFRSF1A","GZMB",9606,0.463,0,0,0,0.104,0,0,0.426
"9606.ENSP00000162749","9606.ENSP00000271638","TNFRSF1A","S100A11",9606,0.469,0,0,0,0.442,0,0,0.088
"9606.ENSP00000162749","9606.ENSP00000433209","TNFRSF1A","GSDMD",9606,0.47,0,0,0,0.075,0,0,0.451
"9606.ENSP00000162749","9606.ENSP00000398568","TNFRSF1A","PRF1",9606,0.471,0,0,0,0.073,0.046,0,0.45
"9606.ENSP00000162749","9606.ENSP00000363680","TNFRSF1A","EDA",9606,0.473,0,0,0,0,0,0,0.473
"9606.ENSP00000162749","9606.ENSP00000482259","TNFRSF1A","CCL4",9606,0.476,0,0,0,0.059,0,0,0.466
"9606.ENSP00000162749","9606.ENSP00000471896","TNFRSF1A","IRF3",9606,0.486,0,0,0,0.075,0,0,0.468
"9606.ENSP00000162749","9606.ENSP00000380070","TNFRSF1A","GAPDH",9606,0.506,0,0,0,0.069,0,0,0.492
"9606.ENSP00000162749","9606.ENSP00000365380","TNFRSF1A","FOXP3",9606,0.509,0,0,0,0,0,0,0.509
"9606.ENSP00000162749","9606.ENSP00000494750","TNFRSF1A","ACTB",9606,0.514,0,0,0,0.085,0,0,0.491
"9606.ENSP00000162749","9606.ENSP00000290200","TNFRSF1A","IL10RB",9606,0.517,0,0,0,0.158,0.206,0,0.336
"9606.ENSP00000162749","9606.ENSP00000296511","TNFRSF1A","ANXA5",9606,0.518,0,0,0,0.139,0,0,0.464
"9606.ENSP00000162749","9606.ENSP00000269305","TNFRSF1A","TP53",9606,0.584,0,0,0,0.077,0,0,0.568
"9606.ENSP00000162749","9606.ENSP00000474412","TNFRSF1A","CCL5",9606,0.587,0,0,0,0.07,0,0,0.575
"9606.ENSP00000162749","9606.ENSP00000316176","TNFRSF1A","UBE2N",9606,0.646,0,0,0,0.075,0,0,0.634
"9606.ENSP00000162749","9606.ENSP00000437125","TNFRSF1A","HSPA8",9606,0.673,0,0,0,0,0.603,0,0.212
"9606.ENSP00000162749","9606.ENSP00000354394","TNFRSF1A","STAT1",9606,0.722,0,0,0,0.075,0.457,0,0.491
"9606.ENSP00000162749","9606.ENSP00000368538","TNFRSF1A","TNFRSF4",9606,0.793,0,0,0,0.06,0,0,0.789
"9606.ENSP00000162749","9606.ENSP00000312664","TNFRSF1A","CASP2",9606,0.798,0,0,0,0.044,0.457,0,0.643
"9606.ENSP00000162749","9606.ENSP00000229135","TNFRSF1A","IFNG",9606,0.842,0,0,0,0.053,0,0,0.841
"9606.ENSP00000162749","9606.ENSP00000216274","TNFRSF1A","RIPK3",9606,0.896,0,0,0,0.12,0.457,0,0.801
"9606.ENSP00000162749","9606.ENSP00000365435","TNFRSF1A","TNFRSF1B",9606,0.999,0,0,0,0.127,0.802,0.9,0.966
"9606.ENSP00000162749","9606.ENSP00000398698","TNFRSF1A","TNF",9606,0.999,0,0,0,0.055,0.999,0.9,0.966
"9606.ENSP00000177694","9606.ENSP00000357169","TBX21","FCRL3",9606,0.403,0,0,0,0.227,0,0,0.26
"9606.ENSP00000177694","9606.ENSP00000283285","TBX21","CD96",9606,0.408,0,0,0,0.206,0,0,0.285
"9606.ENSP00000177694","9606.ENSP00000357643","TBX21","MKI67",9606,0.42,0,0,0,0,0.059,0,0.409
"9606.ENSP00000177694","9606.ENSP00000498852","TBX21","SPN",9606,0.434,0,0,0,0.094,0,0,0.401
"9606.ENSP00000177694","9606.ENSP00000357022","TBX21","SLAMF7",9606,0.446,0,0,0,0.229,0.045,0,0.309
"9606.ENSP00000177694","9606.ENSP00000457411","TBX21","USP10",9606,0.457,0,0,0,0,0.457,0,0
"9606.ENSP00000177694","9606.ENSP00000388620","TBX21","EOMES",9606,0.465,0,0,0.064,0.366,0,0,0.171
"9606.ENSP00000177694","9606.ENSP00000320147","TBX21","EZH2",9606,0.467,0,0,0,0.078,0.066,0,0.431
"9606.ENSP00000177694","9606.ENSP00000380855","TBX21","PDCD1LG2",9606,0.468,0,0,0,0,0,0,0.468
"9606.ENSP00000177694","9606.ENSP00000494750","TBX21","ACTB",9606,0.488,0,0,0,0,0.062,0,0.477
"9606.ENSP00000177694","9606.ENSP00000380070","TBX21","GAPDH",9606,0.492,0,0,0,0,0.063,0,0.481
"9606.ENSP00000177694","9606.ENSP00000487174","TBX21","ZEB2",9606,0.499,0,0,0,0.075,0.077,0,0.461
"9606.ENSP00000177694","9606.ENSP00000228534","TBX21","IL23A",9606,0.528,0,0,0,0.098,0,0,0.499
"9606.ENSP00000177694","9606.ENSP00000261523","TBX21","RORA",9606,0.535,0,0,0,0.075,0.046,0,0.516
"9606.ENSP00000177694","9606.ENSP00000376436","TBX21","ETS1",9606,0.542,0,0,0,0.153,0.069,0,0.466
"9606.ENSP00000177694","9606.ENSP00000360329","TBX21","TTC4",9606,0.554,0,0,0,0,0,0,0.554
"9606.ENSP00000177694","9606.ENSP00000406286","TBX21","ZBTB7B",9606,0.561,0,0,0,0.063,0.045,0,0.549
"9606.ENSP00000177694","9606.ENSP00000328472","TBX21","S1PR5",9606,0.575,0,0,0,0.129,0.066,0,0.52
"9606.ENSP00000177694","9606.ENSP00000351059","TBX21","CX3CR1",9606,0.589,0,0,0,0.129,0,0,0.548
"9606.ENSP00000177694","9606.ENSP00000226279","TBX21","CD38",9606,0.591,0,0,0,0.089,0,0,0.57
"9606.ENSP00000177694","9606.ENSP00000433847","TBX21","B3GAT1",9606,0.593,0,0,0,0.133,0,0,0.55
"9606.ENSP00000177694","9606.ENSP00000357012","TBX21","CD244",9606,0.597,0,0,0,0.223,0.045,0,0.501
"9606.ENSP00000177694","9606.ENSP00000482259","TBX21","CCL4",9606,0.598,0,0,0,0.242,0,0,0.492
"9606.ENSP00000177694","9606.ENSP00000368538","TBX21","TNFRSF4",9606,0.622,0,0,0,0.153,0,0,0.573
"9606.ENSP00000177694","9606.ENSP00000264316","TBX21","TXK",9606,0.627,0,0,0,0.099,0,0,0.604
"9606.ENSP00000177694","9606.ENSP00000388792","TBX21","ZNF683",9606,0.655,0,0,0,0.2,0.07,0,0.574
"9606.ENSP00000177694","9606.ENSP00000474412","TBX21","CCL5",9606,0.655,0,0,0,0.233,0,0,0.569
"9606.ENSP00000177694","9606.ENSP00000221978","TBX21","NKG7",9606,0.67,0,0,0,0.355,0,0,0.51
"9606.ENSP00000177694","9606.ENSP00000231009","TBX21","GZMK",9606,0.671,0,0,0,0.301,0.046,0,0.547
"9606.ENSP00000177694","9606.ENSP00000312002","TBX21","HAVCR2",9606,0.688,0,0,0,0.078,0,0,0.676
"9606.ENSP00000177694","9606.ENSP00000216338","TBX21","GZMH",9606,0.69,0,0,0,0.484,0.046,0,0.422
"9606.ENSP00000177694","9606.ENSP00000356946","TBX21","FCGR3A",9606,0.695,0,0,0,0.153,0,0,0.655
"9606.ENSP00000177694","9606.ENSP00000318142","TBX21","FUT7",9606,0.699,0,0,0,0.129,0.273,0,0.564
"9606.ENSP00000177694","9606.ENSP00000436423","TBX21","GNLY",9606,0.701,0,0,0,0.429,0,0,0.499
"9606.ENSP00000177694","9606.ENSP00000496959","TBX21","ITGAM",9606,0.718,0,0,0,0.159,0,0,0.679
"9606.ENSP00000177694","9606.ENSP00000339813","TBX21","TPST2",9606,0.761,0,0,0,0.084,0,0.75,0
"9606.ENSP00000177694","9606.ENSP00000274306","TBX21","GZMA",9606,0.762,0,0,0,0.349,0.046,0,0.648
"9606.ENSP00000177694","9606.ENSP00000470788","TBX21","IL12RB1",9606,0.821,0,0,0,0.17,0,0,0.794
"9606.ENSP00000177694","9606.ENSP00000216341","TBX21","GZMB",9606,0.856,0,0,0,0.391,0.046,0,0.773
"9606.ENSP00000177694","9606.ENSP00000398568","TBX21","PRF1",9606,0.881,0,0,0,0.558,0.046,0,0.741
"9606.ENSP00000177694","9606.ENSP00000365380","TBX21","FOXP3",9606,0.932,0,0,0,0.084,0,0,0.929
"9606.ENSP00000177694","9606.ENSP00000398698","TBX21","TNF",9606,0.957,0,0,0,0.133,0,0.75,0.82
"9606.ENSP00000177694","9606.ENSP00000262345","TBX21","IL12RB2",9606,0.968,0,0,0,0.134,0,0.75,0.868
"9606.ENSP00000177694","9606.ENSP00000354394","TBX21","STAT1",9606,0.977,0,0,0,0.075,0.498,0.75,0.83
"9606.ENSP00000177694","9606.ENSP00000229135","TBX21","IFNG",9606,0.996,0,0,0,0.331,0.7,0.75,0.942
"9606.ENSP00000196061","9606.ENSP00000442068","PLOD1","CDCA3",9606,0.406,0,0,0,0.075,0.366,0,0.07
"9606.ENSP00000196061","9606.ENSP00000356319","PLOD1","KIF14",9606,0.47,0,0,0,0.064,0.457,0,0
"9606.ENSP00000196061","9606.ENSP00000269305","PLOD1","TP53",9606,0.538,0,0,0,0.06,0.45,0,0.179
"9606.ENSP00000196061","9606.ENSP00000320147","PLOD1","EZH2",9606,0.671,0,0,0,0.059,0,0.65,0.083
"9606.ENSP00000196061","9606.ENSP00000349168","PLOD1","HNRNPH1",9606,0.796,0,0,0,0,0.796,0,0
"9606.ENSP00000196061","9606.ENSP00000307297","PLOD1","CHST14",9606,0.839,0,0,0,0.098,0,0,0.829
"9606.ENSP00000199447","9606.ENSP00000346577","NME8","AK5",9606,0.401,0.102,0,0,0,0.094,0.276,0.104
"9606.ENSP00000199447","9606.ENSP00000496250","NME8","RPL11",9606,0.403,0.042,0,0,0.383,0.063,0,0.05
"9606.ENSP00000199447","9606.ENSP00000484390","NME8","DAPK2",9606,0.419,0,0,0,0,0.382,0,0.099
"9606.ENSP00000199447","9606.ENSP00000498855","NME8","CAPS",9606,0.419,0,0,0,0,0.382,0,0.099
"9606.ENSP00000199447","9606.ENSP00000362041","NME8","DNAJC9",9606,0.425,0,0,0,0,0.405,0,0.074
"9606.ENSP00000199447","9606.ENSP00000361800","NME8","WDR34",9606,0.431,0,0,0,0,0.431,0,0
"9606.ENSP00000199447","9606.ENSP00000384290","NME8","WDR60",9606,0.431,0,0,0,0,0.431,0,0
"9606.ENSP00000199447","9606.ENSP00000380070","NME8","GAPDH",9606,0.441,0.087,0,0,0.169,0.076,0,0.297
"9606.ENSP00000199447","9606.ENSP00000308430","NME8","CYB5B",9606,0.454,0,0,0,0.055,0.391,0,0.128
"9606.ENSP00000199447","9606.ENSP00000371253","NME8","GART",9606,0.492,0.112,0,0,0.069,0.068,0.132,0.358
"9606.ENSP00000199447","9606.ENSP00000358812","NME8","PDCD11",9606,0.499,0.101,0,0,0.193,0,0.35,0.064
"9606.ENSP00000199447","9606.ENSP00000360268","NME8","ALDH18A1",9606,0.506,0.279,0,0,0.078,0,0.168,0.213
"9606.ENSP00000199447","9606.ENSP00000353099","NME8","HLA-DRB1",9606,0.512,0,0,0,0.095,0.131,0,0.43
"9606.ENSP00000199447","9606.ENSP00000339001","NME8","TUBB",9606,0.523,0,0,0,0.065,0.511,0,0
"9606.ENSP00000199447","9606.ENSP00000216274","NME8","RIPK3",9606,0.539,0,0,0,0.096,0.491,0,0.08
"9606.ENSP00000199447","9606.ENSP00000403663","NME8","AP4M1",9606,0.555,0,0,0,0,0.555,0,0
"9606.ENSP00000199447","9606.ENSP00000351646","NME8","STIP1",9606,0.583,0.048,0,0,0,0.506,0.166,0.063
"9606.ENSP00000199447","9606.ENSP00000300738","NME8","RRM1",9606,0.613,0.102,0,0,0,0.07,0.489,0.202
"9606.ENSP00000199447","9606.ENSP00000390410","NME8","GPR141",9606,0.617,0,0,0,0.146,0,0,0.57
"9606.ENSP00000199447","9606.ENSP00000248437","NME8","TUBA4A",9606,0.627,0,0,0,0.073,0.601,0,0.075
"9606.ENSP00000199447","9606.ENSP00000336799","NME8","TUBA1B",9606,0.627,0,0,0,0.073,0.601,0,0.075
"9606.ENSP00000199447","9606.ENSP00000443475","NME8","TUBA1C",9606,0.627,0,0,0,0.073,0.601,0,0.075
"9606.ENSP00000199447","9606.ENSP00000275815","NME8","EPHA1",9606,0.644,0,0,0,0,0.103,0,0.62
"9606.ENSP00000199447","9606.ENSP00000341289","NME8","TUBB4B",9606,0.715,0,0,0,0.065,0.511,0,0.427
"9606.ENSP00000199447","9606.ENSP00000231524","NME8","TRIM23",9606,0.941,0,0,0,0,0.94,0,0.064
"9606.ENSP00000204679","9606.ENSP00000363603","GNPTG","FUCA1",9606,0.418,0,0,0,0.133,0,0,0.357
"9606.ENSP00000204679","9606.ENSP00000314606","GNPTG","SGSH",9606,0.433,0,0,0,0.085,0,0,0.406
"9606.ENSP00000204679","9606.ENSP00000261842","GNPTG","AP4E1",9606,0.601,0,0,0,0.047,0,0,0.599
"9606.ENSP00000206474","9606.ENSP00000248437","HAUS4","TUBA4A",9606,0.5,0,0,0,0,0,0.5,0
"9606.ENSP00000206474","9606.ENSP00000264335","HAUS4","YWHAE",9606,0.5,0,0,0,0,0,0.5,0
"9606.ENSP00000206474","9606.ENSP00000339001","HAUS4","TUBB",9606,0.507,0,0,0,0.055,0,0.5,0
"9606.ENSP00000206474","9606.ENSP00000365782","HAUS4","CEP78",9606,0.521,0,0,0,0.082,0,0.5,0
"9606.ENSP00000206474","9606.ENSP00000356319","HAUS4","KIF14",9606,0.522,0,0,0,0.143,0.457,0,0.057
"9606.ENSP00000206474","9606.ENSP00000358921","HAUS4","ACTR1A",9606,0.525,0,0,0,0.066,0,0.5,0.066
"9606.ENSP00000206474","9606.ENSP00000378699","HAUS4","CDK1",9606,0.557,0,0,0,0.139,0,0.5,0.054
"9606.ENSP00000206474","9606.ENSP00000341289","HAUS4","TUBB4B",9606,0.594,0,0,0,0.055,0.211,0.5,0
"9606.ENSP00000206474","9606.ENSP00000300093","HAUS4","PLK1",9606,0.645,0,0,0,0.189,0.083,0.5,0.158
"9606.ENSP00000206474","9606.ENSP00000355966","HAUS4","NEK2",9606,0.645,0,0,0,0.089,0,0.5,0.284
"9606.ENSP00000207870","9606.ENSP00000438399","XYLB","IST1",9606,0.734,0,0,0,0,0.734,0,0
"9606.ENSP00000207870","9606.ENSP00000356920","XYLB","DUSP12",9606,0.84,0,0,0,0.047,0.839,0,0
"9606.ENSP00000209884","9606.ENSP00000264228","KLHL20","SRD5A3",9606,0.41,0,0,0,0.41,0,0,0
"9606.ENSP00000209884","9606.ENSP00000484390","KLHL20","DAPK2",9606,0.455,0,0,0,0.075,0,0,0.435
"9606.ENSP00000209884","9606.ENSP00000377245","KLHL20","KEAP1",9606,0.476,0,0,0.09,0.078,0,0.4,0.083
"9606.ENSP00000209884","9606.ENSP00000394331","KLHL20","COMMD5",9606,0.513,0,0,0,0.066,0,0.5,0
"9606.ENSP00000209884","9606.ENSP00000260247","KLHL20","DCUN1D5",9606,0.518,0,0,0,0.071,0,0.5,0.046
"9606.ENSP00000209884","9606.ENSP00000442318","KLHL20","CAND1",9606,0.571,0,0,0,0.077,0,0.5,0.146
"9606.ENSP00000215941","9606.ENSP00000325240","ANKRD54","LASP1",9606,0.427,0,0,0,0,0.062,0,0.415
"9606.ENSP00000215941","9606.ENSP00000380256","ANKRD54","CCNF",9606,0.471,0,0,0,0.066,0.457,0,0
"9606.ENSP00000215941","9606.ENSP00000264316","ANKRD54","TXK",9606,0.488,0,0,0,0,0,0,0.488
"9606.ENSP00000215941","9606.ENSP00000428924","ANKRD54","LYN",9606,0.763,0,0,0,0,0.614,0,0.413
"9606.ENSP00000215980","9606.ENSP00000479617","CENPM","UHRF1",9606,0.431,0,0,0,0.341,0,0,0.172
"9606.ENSP00000215980","9606.ENSP00000217026","CENPM","MYBL2",9606,0.434,0,0,0,0.331,0,0,0.19
"9606.ENSP00000215980","9606.ENSP00000307288","CENPM","MCM7",9606,0.44,0,0,0,0.37,0,0,0.148
"9606.ENSP00000215980","9606.ENSP00000380241","CENPM","NUDT1",9606,0.454,0,0,0,0.305,0,0,0.247
"9606.ENSP00000215980","9606.ENSP00000356319","CENPM","KIF14",9606,0.464,0,0,0,0.2,0,0,0.358
"9606.ENSP00000215980","9606.ENSP00000387007","CENPM","NCAPG2",9606,0.467,0,0,0,0.273,0,0,0.297
"9606.ENSP00000215980","9606.ENSP00000493712","CENPM","RAD51",9606,0.473,0,0,0,0.354,0,0,0.218
"9606.ENSP00000215980","9606.ENSP00000260363","CENPM","KIF23",9606,0.488,0,0,0,0.296,0,0,0.303
"9606.ENSP00000215980","9606.ENSP00000262105","CENPM","MCM4",9606,0.491,0,0,0,0.357,0,0,0.241
"9606.ENSP00000215980","9606.ENSP00000355966","CENPM","NEK2",9606,0.496,0,0,0,0.397,0,0,0.2
"9606.ENSP00000215980","9606.ENSP00000306473","CENPM","SHCBP1",9606,0.501,0,0,0,0.368,0,0,0.244
"9606.ENSP00000215980","9606.ENSP00000389810","CENPM","DSN1",9606,0.503,0,0,0,0.161,0,0,0.433
"9606.ENSP00000215980","9606.ENSP00000219097","CENPM","ORC6",9606,0.514,0,0,0,0.2,0,0,0.418
"9606.ENSP00000215980","9606.ENSP00000362592","CENPM","RBBP4",9606,0.523,0,0,0,0.075,0,0.5,0.053
"9606.ENSP00000215980","9606.ENSP00000305480","CENPM","FEN1",9606,0.524,0,0,0,0.522,0,0,0.047
"9606.ENSP00000215980","9606.ENSP00000262300","CENPM","PKMYT1",9606,0.539,0,0,0,0.403,0,0,0.26
"9606.ENSP00000215980","9606.ENSP00000355958","CENPM","DTL",9606,0.565,0,0,0,0.504,0,0,0.159
"9606.ENSP00000215980","9606.ENSP00000356379","CENPM","ASPM",9606,0.565,0,0,0,0.306,0,0,0.4
"9606.ENSP00000215980","9606.ENSP00000302530","CENPM","BUB1",9606,0.572,0,0,0,0.335,0,0,0.384
"9606.ENSP00000215980","9606.ENSP00000300403","CENPM","TPX2",9606,0.577,0,0,0,0.421,0,0,0.3
"9606.ENSP00000215980","9606.ENSP00000324020","CENPM","KIF15",9606,0.579,0,0,0,0.381,0,0,0.348
"9606.ENSP00000215980","9606.ENSP00000361298","CENPM","KIF2C",9606,0.604,0,0,0,0.447,0,0,0.314
"9606.ENSP00000215980","9606.ENSP00000282074","CENPM","SPC25",9606,0.621,0,0,0,0.565,0,0,0.165
"9606.ENSP00000215980","9606.ENSP00000251496","CENPM","NCAPG",9606,0.634,0,0,0,0.563,0,0,0.197
"9606.ENSP00000215980","9606.ENSP00000418268","CENPM","MCM10",9606,0.643,0,0,0,0.422,0,0,0.409
"9606.ENSP00000215980","9606.ENSP00000348838","CENPM","UBE2C",9606,0.645,0,0,0,0.446,0,0,0.387
"9606.ENSP00000215980","9606.ENSP00000315644","CENPM","TYMS",9606,0.647,0,0,0,0.577,0,0,0.2
"9606.ENSP00000215980","9606.ENSP00000285116","CENPM","SKA1",9606,0.656,0,0,0,0.348,0,0,0.495
"9606.ENSP00000215980","9606.ENSP00000276420","CENPM","DOK2",9606,0.657,0,0,0,0,0.657,0,0
"9606.ENSP00000215980","9606.ENSP00000363524","CENPM","KIF4A",9606,0.658,0,0,0,0.526,0,0,0.31
"9606.ENSP00000215980","9606.ENSP00000377536","CENPM","PTTG1",9606,0.659,0,0,0,0.499,0,0,0.348
"9606.ENSP00000215980","9606.ENSP00000415430","CENPM","GTSE1",9606,0.66,0,0,0,0.586,0,0,0.213
"9606.ENSP00000215980","9606.ENSP00000362146","CENPM","CDCA8",9606,0.668,0,0,0,0.417,0.092,0,0.424
"9606.ENSP00000215980","9606.ENSP00000481380","CENPM","CCNA2",9606,0.671,0,0,0,0.61,0,0,0.192
"9606.ENSP00000215980","9606.ENSP00000256442","CENPM","CCNB1",9606,0.677,0,0,0,0.331,0,0.4,0.26
"9606.ENSP00000215980","9606.ENSP00000465075","CENPM","SPC24",9606,0.677,0,0,0,0.355,0,0,0.521
"9606.ENSP00000215980","9606.ENSP00000411532","CENPM","TOP2A",9606,0.68,0,0,0,0.512,0,0,0.373
"9606.ENSP00000215980","9606.ENSP00000263382","CENPM","ASF1B",9606,0.71,0,0,0,0.493,0,0,0.453
"9606.ENSP00000215980","9606.ENSP00000247191","CENPM","DLGAP5",9606,0.713,0,0,0,0.536,0,0,0.408
"9606.ENSP00000215980","9606.ENSP00000357643","CENPM","MKI67",9606,0.718,0,0,0,0.388,0.456,0,0.222
"9606.ENSP00000215980","9606.ENSP00000298048","CENPM","MELK",9606,0.729,0,0,0,0.649,0,0,0.262
"9606.ENSP00000215980","9606.ENSP00000300093","CENPM","PLK1",9606,0.746,0,0,0,0.296,0.083,0.5,0.308
"9606.ENSP00000215980","9606.ENSP00000300035","CENPM","PCLAF",9606,0.749,0,0,0,0.58,0,0,0.427
"9606.ENSP00000215980","9606.ENSP00000253462","CENPM","GINS2",9606,0.753,0,0,0,0.696,0,0,0.222
"9606.ENSP00000215980","9606.ENSP00000275517","CENPM","CDCA5",9606,0.758,0,0,0,0.616,0,0,0.397
"9606.ENSP00000215980","9606.ENSP00000301633","CENPM","BIRC5",9606,0.781,0,0,0,0.705,0,0,0.29
"9606.ENSP00000215980","9606.ENSP00000366679","CENPM","H2AC12",9606,0.801,0,0,0,0,0.8,0,0.049
"9606.ENSP00000215980","9606.ENSP00000288207","CENPM","CCNB2",9606,0.802,0,0,0,0.539,0,0.4,0.342
"9606.ENSP00000215980","9606.ENSP00000349430","CENPM","H2BC12",9606,0.803,0,0,0,0.059,0.8,0,0.042
"9606.ENSP00000215980","9606.ENSP00000499238","CENPM","NUSAP1",9606,0.805,0,0,0,0.646,0,0,0.474
"9606.ENSP00000215980","9606.ENSP00000328484","CENPM","H2AC14",9606,0.808,0,0,0,0.075,0.8,0,0.049
"9606.ENSP00000215980","9606.ENSP00000483903","CENPM","H2BC15",9606,0.808,0,0,0,0.069,0.8,0,0.053
"9606.ENSP00000215980","9606.ENSP00000442068","CENPM","CDCA3",9606,0.809,0,0,0,0.66,0,0,0.463
"9606.ENSP00000215980","9606.ENSP00000353770","CENPM","RRM2",9606,0.814,0,0,0,0.727,0,0,0.348
"9606.ENSP00000215980","9606.ENSP00000468425","CENPM","TK1",9606,0.814,0,0,0,0.697,0,0,0.414
"9606.ENSP00000215980","9606.ENSP00000405726","CENPM","CDC45",9606,0.82,0,0,0,0.753,0,0,0.303
"9606.ENSP00000215980","9606.ENSP00000332194","CENPM","H2AC20",9606,0.821,0,0,0,0.067,0.8,0,0.119
"9606.ENSP00000215980","9606.ENSP00000367034","CENPM","H4C3",9606,0.826,0,0,0,0.104,0.8,0,0.11
"9606.ENSP00000215980","9606.ENSP00000414109","CENPM","HJURP",9606,0.832,0,0,0,0.497,0,0.5,0.389
"9606.ENSP00000215980","9606.ENSP00000363055","CENPM","ZWINT",9606,0.848,0,0,0,0.714,0.169,0,0.415
"9606.ENSP00000215980","9606.ENSP00000378699","CENPM","CDK1",9606,0.853,0,0,0,0.685,0,0.4,0.285
"9606.ENSP00000215980","9606.ENSP00000220514","CENPM","OIP5",9606,0.859,0,0,0,0.633,0,0.5,0.296
"9606.ENSP00000215980","9606.ENSP00000361540","CENPM","CDC20",9606,0.892,0,0,0,0.653,0,0.5,0.431
"9606.ENSP00000215980","9606.ENSP00000357308","CENPM","CENPW",9606,0.983,0,0,0,0.442,0,0.9,0.727
"9606.ENSP00000215980","9606.ENSP00000336868","CENPM","CENPA",9606,0.995,0,0,0,0.602,0.802,0.5,0.899
"9606.ENSP00000216274","9606.ENSP00000385057","RIPK3","APOBEC3G",9606,0.404,0,0,0,0.076,0.044,0,0.38
"9606.ENSP00000216274","9606.ENSP00000269305","RIPK3","TP53",9606,0.445,0,0,0,0.047,0,0,0.442
"9606.ENSP00000216274","9606.ENSP00000330074","RIPK3","H1-5",9606,0.456,0,0,0,0,0.456,0,0
"9606.ENSP00000216274","9606.ENSP00000229135","RIPK3","IFNG",9606,0.463,0,0,0,0.075,0,0,0.444
"9606.ENSP00000216274","9606.ENSP00000380070","RIPK3","GAPDH",9606,0.468,0,0,0,0,0,0,0.468
"9606.ENSP00000216274","9606.ENSP00000494750","RIPK3","ACTB",9606,0.469,0,0,0,0,0,0,0.469
"9606.ENSP00000216274","9606.ENSP00000252593","RIPK3","BST2",9606,0.473,0,0,0,0.088,0,0,0.446
"9606.ENSP00000216274","9606.ENSP00000296511","RIPK3","ANXA5",9606,0.474,0,0,0,0,0,0,0.474
"9606.ENSP00000216274","9606.ENSP00000312664","RIPK3","CASP2",9606,0.59,0,0,0,0,0,0,0.59
"9606.ENSP00000216274","9606.ENSP00000471896","RIPK3","IRF3",9606,0.651,0,0,0,0.084,0.043,0,0.634
"9606.ENSP00000216274","9606.ENSP00000362824","RIPK3","OGT",9606,0.78,0,0,0,0,0,0.75,0.158
"9606.ENSP00000216274","9606.ENSP00000433209","RIPK3","GSDMD",9606,0.831,0,0,0,0.137,0,0,0.813
"9606.ENSP00000216274","9606.ENSP00000307900","RIPK3","GLUL",9606,0.924,0,0,0,0.067,0.046,0.9,0.254
"9606.ENSP00000216274","9606.ENSP00000398698","RIPK3","TNF",9606,0.999,0,0,0,0.105,0.999,0,0.772
"9606.ENSP00000216338","9606.ENSP00000226279","GZMH","CD38",9606,0.402,0,0,0,0.122,0,0,0.347
"9606.ENSP00000216338","9606.ENSP00000283285","GZMH","CD96",9606,0.408,0,0,0,0.234,0,0,0.26
"9606.ENSP00000216338","9606.ENSP00000357012","GZMH","CD244",9606,0.42,0,0,0,0.2,0,0,0.305
"9606.ENSP00000216338","9606.ENSP00000357643","GZMH","MKI67",9606,0.443,0,0,0,0,0,0,0.443
"9606.ENSP00000216338","9606.ENSP00000353099","GZMH","HLA-DRB1",9606,0.446,0,0,0,0.129,0.067,0,0.374
"9606.ENSP00000216338","9606.ENSP00000365380","GZMH","FOXP3",9606,0.449,0,0,0,0.076,0,0,0.429
"9606.ENSP00000216338","9606.ENSP00000483330","GZMH","CCL4L2",9606,0.466,0,0,0,0.132,0,0,0.411
"9606.ENSP00000216338","9606.ENSP00000393566","GZMH","HLA-DPA1",9606,0.474,0,0,0,0.176,0,0,0.388
"9606.ENSP00000216338","9606.ENSP00000357086","GZMH","FCRL6",9606,0.503,0,0,0,0.219,0,0,0.39
"9606.ENSP00000216338","9606.ENSP00000351059","GZMH","CX3CR1",9606,0.512,0,0,0,0.215,0,0,0.405
"9606.ENSP00000216338","9606.ENSP00000356946","GZMH","FCGR3A",9606,0.527,0,0,0,0.22,0,0,0.419
"9606.ENSP00000216338","9606.ENSP00000312002","GZMH","HAVCR2",9606,0.531,0,0,0,0.094,0.067,0,0.49
"9606.ENSP00000216338","9606.ENSP00000328472","GZMH","S1PR5",9606,0.539,0,0,0,0.39,0,0,0.276
"9606.ENSP00000216338","9606.ENSP00000482259","GZMH","CCL4",9606,0.544,0,0,0,0.218,0,0,0.442
"9606.ENSP00000216338","9606.ENSP00000356793","GZMH","XCL2",9606,0.606,0,0,0,0.247,0,0,0.499
"9606.ENSP00000216338","9606.ENSP00000229135","GZMH","IFNG",9606,0.661,0,0,0,0.388,0,0,0.47
"9606.ENSP00000216338","9606.ENSP00000388620","GZMH","EOMES",9606,0.782,0,0,0,0.637,0,0,0.426
"9606.ENSP00000216338","9606.ENSP00000420384","GZMH","CST7",9606,0.822,0,0,0,0.633,0,0,0.536
"9606.ENSP00000216338","9606.ENSP00000231009","GZMH","GZMK",9606,0.828,0,0,0.115,0.784,0,0,0.176
"9606.ENSP00000216338","9606.ENSP00000474412","GZMH","CCL5",9606,0.843,0,0,0,0.704,0,0,0.492
"9606.ENSP00000216338","9606.ENSP00000388792","GZMH","ZNF683",9606,0.856,0,0,0,0.713,0,0,0.52
"9606.ENSP00000216338","9606.ENSP00000216341","GZMH","GZMB",9606,0.872,0,0,0.055,0.863,0,0,0.095
"9606.ENSP00000216338","9606.ENSP00000274306","GZMH","GZMA",9606,0.905,0,0,0.106,0.885,0,0,0.158
"9606.ENSP00000216338","9606.ENSP00000259989","GZMH","FGFBP2",9606,0.909,0,0,0,0.734,0,0,0.675
"9606.ENSP00000216338","9606.ENSP00000398568","GZMH","PRF1",9606,0.953,0,0,0,0.849,0,0,0.704
"9606.ENSP00000216338","9606.ENSP00000436423","GZMH","GNLY",9606,0.961,0,0,0,0.856,0,0,0.744
"9606.ENSP00000216338","9606.ENSP00000221978","GZMH","NKG7",9606,0.98,0,0,0,0.926,0,0,0.742
"9606.ENSP00000216341","9606.ENSP00000471896","GZMB","IRF3",9606,0.4,0,0,0,0.068,0,0,0.383
"9606.ENSP00000216341","9606.ENSP00000376123","GZMB","SH2D2A",9606,0.407,0,0,0,0.327,0,0,0.156
"9606.ENSP00000216341","9606.ENSP00000406286","GZMB","ZBTB7B",9606,0.435,0,0,0,0.063,0,0,0.422
"9606.ENSP00000216341","9606.ENSP00000483330","GZMB","CCL4L2",9606,0.447,0,0,0,0.121,0,0,0.397
"9606.ENSP00000216341","9606.ENSP00000328472","GZMB","S1PR5",9606,0.453,0,0,0,0.184,0,0,0.358
"9606.ENSP00000216341","9606.ENSP00000433209","GZMB","GSDMD",9606,0.461,0,0,0,0.075,0,0,0.442
"9606.ENSP00000216341","9606.ENSP00000364080","GZMB","HLA-DQB1",9606,0.462,0,0,0,0.191,0.067,0,0.345
"9606.ENSP00000216341","9606.ENSP00000494750","GZMB","ACTB",9606,0.463,0,0,0,0,0.074,0,0.444
"9606.ENSP00000216341","9606.ENSP00000312664","GZMB","CASP2",9606,0.464,0,0,0,0,0,0,0.464
"9606.ENSP00000216341","9606.ENSP00000353099","GZMB","HLA-DRB1",9606,0.471,0,0,0,0.131,0.067,0,0.4
"9606.ENSP00000216341","9606.ENSP00000357643","GZMB","MKI67",9606,0.477,0,0,0,0,0,0,0.477
"9606.ENSP00000216341","9606.ENSP00000380070","GZMB","GAPDH",9606,0.482,0,0,0,0,0,0,0.482
"9606.ENSP00000216341","9606.ENSP00000393566","GZMB","HLA-DPA1",9606,0.486,0,0,0,0.2,0,0,0.384
"9606.ENSP00000216341","9606.ENSP00000262345","GZMB","IL12RB2",9606,0.501,0,0,0,0.144,0,0,0.442
"9606.ENSP00000216341","9606.ENSP00000269305","GZMB","TP53",9606,0.503,0,0,0,0.047,0,0,0.5
"9606.ENSP00000216341","9606.ENSP00000470788","GZMB","IL12RB1",9606,0.506,0,0,0,0.129,0.067,0,0.441
"9606.ENSP00000216341","9606.ENSP00000434552","GZMB","MAML2",9606,0.524,0,0,0,0,0,0.5,0.088
"9606.ENSP00000216341","9606.ENSP00000283285","GZMB","CD96",9606,0.531,0,0,0,0.205,0,0,0.435
"9606.ENSP00000216341","9606.ENSP00000498852","GZMB","SPN",9606,0.538,0,0,0,0.094,0.067,0,0.498
"9606.ENSP00000216341","9606.ENSP00000357022","GZMB","SLAMF7",9606,0.557,0,0,0,0.229,0,0,0.45
"9606.ENSP00000216341","9606.ENSP00000296511","GZMB","ANXA5",9606,0.569,0,0,0,0.055,0.095,0,0.537
"9606.ENSP00000216341","9606.ENSP00000380855","GZMB","PDCD1LG2",9606,0.589,0,0,0,0.072,0,0,0.576
"9606.ENSP00000216341","9606.ENSP00000351059","GZMB","CX3CR1",9606,0.598,0,0,0,0.096,0,0,0.574
"9606.ENSP00000216341","9606.ENSP00000356793","GZMB","XCL2",9606,0.61,0,0,0,0.332,0,0,0.441
"9606.ENSP00000216341","9606.ENSP00000354394","GZMB","STAT1",9606,0.614,0,0,0,0.094,0,0,0.592
"9606.ENSP00000216341","9606.ENSP00000388792","GZMB","ZNF683",9606,0.627,0,0,0,0.211,0,0,0.547
"9606.ENSP00000216341","9606.ENSP00000357012","GZMB","CD244",9606,0.641,0,0,0,0.2,0,0,0.57
"9606.ENSP00000216341","9606.ENSP00000231009","GZMB","GZMK",9606,0.642,0,0,0.129,0.546,0,0,0.168
"9606.ENSP00000216341","9606.ENSP00000259989","GZMB","FGFBP2",9606,0.647,0,0,0,0.326,0,0,0.499
"9606.ENSP00000216341","9606.ENSP00000368538","GZMB","TNFRSF4",9606,0.692,0,0,0,0.146,0,0,0.655
"9606.ENSP00000216341","9606.ENSP00000227266","GZMB","CTSC",9606,0.7,0,0,0,0.075,0,0,0.69
"9606.ENSP00000216341","9606.ENSP00000420384","GZMB","CST7",9606,0.715,0,0,0,0.512,0,0,0.441
"9606.ENSP00000216341","9606.ENSP00000226279","GZMB","CD38",9606,0.719,0,0,0,0.158,0,0,0.681
"9606.ENSP00000216341","9606.ENSP00000433847","GZMB","B3GAT1",9606,0.726,0,0,0,0.075,0,0,0.716
"9606.ENSP00000216341","9606.ENSP00000496959","GZMB","ITGAM",9606,0.751,0,0,0,0.198,0,0,0.703
"9606.ENSP00000216341","9606.ENSP00000482259","GZMB","CCL4",9606,0.758,0,0,0,0.329,0,0,0.655
"9606.ENSP00000216341","9606.ENSP00000356946","GZMB","FCGR3A",9606,0.797,0,0,0,0.22,0,0,0.751
"9606.ENSP00000216341","9606.ENSP00000312002","GZMB","HAVCR2",9606,0.8,0,0,0,0.129,0.067,0,0.774
"9606.ENSP00000216341","9606.ENSP00000365380","GZMB","FOXP3",9606,0.807,0,0,0,0.075,0,0,0.8
"9606.ENSP00000216341","9606.ENSP00000388620","GZMB","EOMES",9606,0.823,0,0,0,0.322,0,0,0.75
"9606.ENSP00000216341","9606.ENSP00000474412","GZMB","CCL5",9606,0.83,0,0,0,0.496,0,0,0.677
"9606.ENSP00000216341","9606.ENSP00000398698","GZMB","TNF",9606,0.861,0,0,0,0.122,0.064,0,0.845
"9606.ENSP00000216341","9606.ENSP00000443475","GZMB","TUBA1C",9606,0.908,0,0,0,0,0.103,0.9,0.057
"9606.ENSP00000216341","9606.ENSP00000248437","GZMB","TUBA4A",9606,0.911,0,0,0,0.075,0.103,0.9,0.057
"9606.ENSP00000216341","9606.ENSP00000336799","GZMB","TUBA1B",9606,0.915,0,0,0,0,0.103,0.9,0.133
"9606.ENSP00000216341","9606.ENSP00000274306","GZMB","GZMA",9606,0.918,0,0,0.107,0.86,0,0,0.398
"9606.ENSP00000216341","9606.ENSP00000229135","GZMB","IFNG",9606,0.947,0,0,0,0.295,0,0,0.929
"9606.ENSP00000216341","9606.ENSP00000221978","GZMB","NKG7",9606,0.954,0,0,0,0.846,0,0,0.716
"9606.ENSP00000216341","9606.ENSP00000436423","GZMB","GNLY",9606,0.984,0,0,0,0.867,0,0,0.89
"9606.ENSP00000216341","9606.ENSP00000398568","GZMB","PRF1",9606,0.997,0,0,0,0.875,0.456,0,0.97
"9606.ENSP00000216420","9606.ENSP00000295317","CGRRF1","RNF149",9606,0.41,0,0,0,0,0,0,0.41
"9606.ENSP00000216420","9606.ENSP00000342981","CGRRF1","ADGRG5",9606,0.428,0,0,0,0,0.428,0,0
"9606.ENSP00000216420","9606.ENSP00000269305","CGRRF1","TP53",9606,0.444,0,0,0,0,0,0,0.444
"9606.ENSP00000216420","9606.ENSP00000335493","CGRRF1","FOXD2",9606,0.559,0,0,0,0,0.556,0,0.048
"9606.ENSP00000216802","9606.ENSP00000252593","PSME2","BST2",9606,0.412,0,0,0,0.261,0,0,0.238
"9606.ENSP00000216802","9606.ENSP00000347495","PSME2","WARS1",9606,0.437,0,0,0,0.246,0,0,0.285
"9606.ENSP00000216802","9606.ENSP00000392353","PSME2","PSMG4",9606,0.461,0,0,0,0.075,0.275,0,0.261
"9606.ENSP00000216802","9606.ENSP00000346206","PSME2","TAP1",9606,0.628,0,0,0,0.476,0,0,0.321
"9606.ENSP00000216802","9606.ENSP00000364935","PSME2","CLIC1",9606,0.651,0,0,0,0.562,0,0,0.237
"9606.ENSP00000216802","9606.ENSP00000287156","PSME2","UBE2L6",9606,0.669,0,0,0,0.564,0,0,0.274
"9606.ENSP00000216802","9606.ENSP00000264639","PSME2","PSMD3",9606,0.699,0,0,0,0.075,0.281,0.36,0.378
"9606.ENSP00000216802","9606.ENSP00000354394","PSME2","STAT1",9606,0.743,0,0,0,0.626,0,0,0.342
"9606.ENSP00000216802","9606.ENSP00000395590","PSME2","IFI35",9606,0.771,0,0,0,0.665,0,0,0.346
"9606.ENSP00000216802","9606.ENSP00000398698","PSME2","TNF",9606,0.918,0,0,0,0.069,0,0.9,0.194
"9606.ENSP00000216802","9606.ENSP00000478877","PSME2","ADRM1",9606,0.941,0,0,0,0.189,0.832,0.36,0.405
"9606.ENSP00000216802","9606.ENSP00000351314","PSME2","PSMB10",9606,0.957,0,0,0,0.484,0.457,0.5,0.735
"9606.ENSP00000216802","9606.ENSP00000229135","PSME2","IFNG",9606,0.971,0,0,0,0.233,0,0.9,0.661
"9606.ENSP00000216802","9606.ENSP00000364016","PSME2","PSMB8",9606,0.992,0,0,0,0.445,0.918,0.5,0.717
"9606.ENSP00000216802","9606.ENSP00000355325","PSME2","PSMB5",9606,0.994,0,0,0,0.261,0.922,0.5,0.84
"9606.ENSP00000216802","9606.ENSP00000362334","PSME2","PSMB2",9606,0.999,0,0,0,0.345,0.999,0.5,0.4
"9606.ENSP00000216802","9606.ENSP00000363993","PSME2","PSMB9",9606,0.999,0,0,0,0.576,0.999,0.5,0.717
"9606.ENSP00000217026","9606.ENSP00000307288","MYBL2","MCM7",9606,0.402,0,0,0,0.254,0,0,0.232
"9606.ENSP00000217026","9606.ENSP00000253462","MYBL2","GINS2",9606,0.405,0,0,0,0.305,0,0,0.18
"9606.ENSP00000217026","9606.ENSP00000306968","MYBL2","CDCA7",9606,0.407,0,0,0,0.299,0.049,0,0.183
"9606.ENSP00000217026","9606.ENSP00000312995","MYBL2","CLSPN",9606,0.42,0,0,0,0.282,0,0,0.226
"9606.ENSP00000217026","9606.ENSP00000219097","MYBL2","ORC6",9606,0.421,0,0,0,0.168,0,0,0.333
"9606.ENSP00000217026","9606.ENSP00000358812","MYBL2","PDCD11",9606,0.426,0,0,0,0.08,0.393,0,0.055
"9606.ENSP00000217026","9606.ENSP00000257904","MYBL2","CDK4",9606,0.428,0,0,0,0.105,0,0,0.388
"9606.ENSP00000217026","9606.ENSP00000305480","MYBL2","FEN1",9606,0.43,0,0,0,0.35,0,0,0.16
"9606.ENSP00000217026","9606.ENSP00000415430","MYBL2","GTSE1",9606,0.437,0,0,0,0.285,0,0,0.245
"9606.ENSP00000217026","9606.ENSP00000324020","MYBL2","KIF15",9606,0.44,0,0,0,0.323,0,0,0.207
"9606.ENSP00000217026","9606.ENSP00000242285","MYBL2","CLTA",9606,0.457,0,0,0,0,0.457,0,0
"9606.ENSP00000217026","9606.ENSP00000429089","MYBL2","CCNE2",9606,0.457,0,0,0,0.195,0.063,0,0.339
"9606.ENSP00000217026","9606.ENSP00000493712","MYBL2","RAD51",9606,0.468,0,0,0,0.366,0,0,0.196
"9606.ENSP00000217026","9606.ENSP00000328228","MYBL2","CDCA2",9606,0.47,0,0,0,0.364,0,0,0.202
"9606.ENSP00000217026","9606.ENSP00000497641","MYBL2","EIF4A3",9606,0.474,0,0,0,0.137,0.36,0,0.125
"9606.ENSP00000217026","9606.ENSP00000377536","MYBL2","PTTG1",9606,0.49,0,0,0,0.302,0,0,0.3
"9606.ENSP00000217026","9606.ENSP00000262105","MYBL2","MCM4",9606,0.5,0,0,0,0.292,0,0,0.324
"9606.ENSP00000217026","9606.ENSP00000418268","MYBL2","MCM10",9606,0.504,0,0,0,0.348,0,0,0.271
"9606.ENSP00000217026","9606.ENSP00000225969","MYBL2","MRPL27",9606,0.507,0,0,0,0,0.507,0,0
"9606.ENSP00000217026","9606.ENSP00000355958","MYBL2","DTL",9606,0.508,0,0,0,0.464,0,0,0.121
"9606.ENSP00000217026","9606.ENSP00000356379","MYBL2","ASPM",9606,0.511,0,0,0,0.362,0,0,0.265
"9606.ENSP00000217026","9606.ENSP00000479617","MYBL2","UHRF1",9606,0.517,0,0,0,0.333,0,0,0.306
"9606.ENSP00000217026","9606.ENSP00000355966","MYBL2","NEK2",9606,0.519,0,0,0,0.233,0,0,0.399
"9606.ENSP00000217026","9606.ENSP00000260363","MYBL2","KIF23",9606,0.522,0,0,0,0.327,0,0,0.32
"9606.ENSP00000217026","9606.ENSP00000360623","MYBL2","ORC1",9606,0.524,0,0,0,0.402,0.093,0,0.194
"9606.ENSP00000217026","9606.ENSP00000263382","MYBL2","ASF1B",9606,0.533,0,0,0,0.385,0,0,0.273
"9606.ENSP00000217026","9606.ENSP00000442068","MYBL2","CDCA3",9606,0.533,0,0,0,0.361,0,0,0.3
"9606.ENSP00000217026","9606.ENSP00000323246","MYBL2","E2F7",9606,0.536,0,0,0,0.255,0.062,0,0.39
"9606.ENSP00000217026","9606.ENSP00000355506","MYBL2","EXO1",9606,0.548,0,0,0,0.415,0,0,0.26
"9606.ENSP00000217026","9606.ENSP00000418960","MYBL2","BRCA1",9606,0.553,0,0,0,0.296,0,0,0.392
"9606.ENSP00000217026","9606.ENSP00000262300","MYBL2","PKMYT1",9606,0.554,0,0,0,0.369,0,0,0.323
"9606.ENSP00000217026","9606.ENSP00000479904","MYBL2","ZMYM2",9606,0.563,0,0,0,0.075,0.476,0,0.171
"9606.ENSP00000217026","9606.ENSP00000499238","MYBL2","NUSAP1",9606,0.565,0,0,0,0.343,0,0,0.366
"9606.ENSP00000217026","9606.ENSP00000320147","MYBL2","EZH2",9606,0.575,0,0,0,0.226,0.248,0,0.329
"9606.ENSP00000217026","9606.ENSP00000430598","MYBL2","ATOX1",9606,0.576,0,0,0,0.06,0.558,0,0.063
"9606.ENSP00000217026","9606.ENSP00000480987","MYBL2","MCM3",9606,0.576,0,0,0,0.411,0,0,0.311
"9606.ENSP00000217026","9606.ENSP00000315644","MYBL2","TYMS",9606,0.581,0,0,0,0.362,0,0,0.371
"9606.ENSP00000217026","9606.ENSP00000363055","MYBL2","ZWINT",9606,0.583,0,0,0,0.468,0,0,0.25
"9606.ENSP00000217026","9606.ENSP00000251496","MYBL2","NCAPG",9606,0.588,0,0,0,0.463,0,0,0.266
"9606.ENSP00000217026","9606.ENSP00000336868","MYBL2","CENPA",9606,0.598,0,0,0,0.328,0,0,0.427
"9606.ENSP00000217026","9606.ENSP00000362146","MYBL2","CDCA8",9606,0.6,0,0,0,0.438,0,0,0.318
"9606.ENSP00000217026","9606.ENSP00000414109","MYBL2","HJURP",9606,0.603,0,0,0,0.345,0.225,0,0.282
"9606.ENSP00000217026","9606.ENSP00000275517","MYBL2","CDCA5",9606,0.619,0,0,0,0.515,0,0,0.247
"9606.ENSP00000217026","9606.ENSP00000355249","MYBL2","E2F2",9606,0.626,0,0,0,0.134,0.131,0,0.544
"9606.ENSP00000217026","9606.ENSP00000247191","MYBL2","DLGAP5",9606,0.632,0,0,0,0.472,0,0,0.333
"9606.ENSP00000217026","9606.ENSP00000361298","MYBL2","KIF2C",9606,0.652,0,0,0,0.477,0,0,0.363
"9606.ENSP00000217026","9606.ENSP00000405726","MYBL2","CDC45",9606,0.668,0,0,0,0.547,0,0,0.299
"9606.ENSP00000217026","9606.ENSP00000363524","MYBL2","KIF4A",9606,0.672,0,0,0,0.435,0,0,0.444
"9606.ENSP00000217026","9606.ENSP00000301633","MYBL2","BIRC5",9606,0.683,0,0,0,0.387,0.061,0,0.495
"9606.ENSP00000217026","9606.ENSP00000302530","MYBL2","BUB1",9606,0.688,0,0,0,0.431,0.078,0,0.454
"9606.ENSP00000217026","9606.ENSP00000300403","MYBL2","TPX2",9606,0.708,0,0,0,0.472,0.046,0,0.468
"9606.ENSP00000217026","9606.ENSP00000411532","MYBL2","TOP2A",9606,0.711,0,0,0,0.505,0,0,0.442
"9606.ENSP00000217026","9606.ENSP00000378699","MYBL2","CDK1",9606,0.715,0,0,0,0.474,0,0,0.482
"9606.ENSP00000217026","9606.ENSP00000353770","MYBL2","RRM2",9606,0.728,0,0,0,0.54,0,0,0.433
"9606.ENSP00000217026","9606.ENSP00000468425","MYBL2","TK1",9606,0.74,0,0,0,0.637,0,0,0.315
"9606.ENSP00000217026","9606.ENSP00000348838","MYBL2","UBE2C",9606,0.747,0,0,0,0.52,0,0,0.496
"9606.ENSP00000217026","9606.ENSP00000380256","MYBL2","CCNF",9606,0.759,0,0,0,0.34,0.465,0,0.373
"9606.ENSP00000217026","9606.ENSP00000298048","MYBL2","MELK",9606,0.761,0,0,0,0.371,0.046,0,0.634
"9606.ENSP00000217026","9606.ENSP00000269305","MYBL2","TP53",9606,0.772,0,0,0,0.078,0.554,0,0.492
"9606.ENSP00000217026","9606.ENSP00000357643","MYBL2","MKI67",9606,0.776,0,0,0,0.574,0,0,0.496
"9606.ENSP00000217026","9606.ENSP00000288207","MYBL2","CCNB2",9606,0.825,0,0,0,0.385,0.076,0.5,0.459
"9606.ENSP00000217026","9606.ENSP00000361540","MYBL2","CDC20",9606,0.862,0,0,0,0.562,0.457,0,0.468
"9606.ENSP00000217026","9606.ENSP00000256442","MYBL2","CCNB1",9606,0.866,0,0,0,0.326,0.076,0.5,0.621
"9606.ENSP00000217026","9606.ENSP00000300093","MYBL2","PLK1",9606,0.87,0,0,0,0.502,0.083,0.5,0.5
"9606.ENSP00000217026","9606.ENSP00000481380","MYBL2","CCNA2",9606,0.991,0,0,0,0.389,0.731,0.9,0.559
"9606.ENSP00000217026","9606.ENSP00000362592","MYBL2","RBBP4",9606,0.999,0,0,0,0.097,0.998,0.9,0.82
"9606.ENSP00000217159","9606.ENSP00000498610","SLCO4A1","SLC29A1",9606,0.411,0,0,0,0.075,0,0,0.39
"9606.ENSP00000217159","9606.ENSP00000449756","SLCO4A1","SLC38A1",9606,0.47,0,0,0,0.078,0.408,0,0.107
"9606.ENSP00000217159","9606.ENSP00000266771","SLCO4A1","SLC15A4",9606,0.512,0,0,0,0,0.408,0,0.21
"9606.ENSP00000217456","9606.ENSP00000255631","APMAP","HSPBP1",9606,0.413,0,0,0,0.389,0,0,0.08
"9606.ENSP00000217456","9606.ENSP00000468425","APMAP","TK1",9606,0.45,0.118,0,0,0.402,0,0,0
"9606.ENSP00000217456","9606.ENSP00000263857","APMAP","POLR1A",9606,0.477,0.046,0,0,0.406,0,0,0.152
"9606.ENSP00000217456","9606.ENSP00000423933","APMAP","THUMPD2",9606,0.479,0.045,0,0,0.477,0,0,0
"9606.ENSP00000217456","9606.ENSP00000320309","APMAP","FARSA",9606,0.48,0.052,0,0,0.415,0,0,0.139
"9606.ENSP00000217456","9606.ENSP00000449270","APMAP","COPZ1",9606,0.568,0,0,0,0.077,0.552,0,0
"9606.ENSP00000217456","9606.ENSP00000315476","APMAP","EXOSC4",9606,0.569,0,0,0,0.135,0,0.469,0.139
"9606.ENSP00000217456","9606.ENSP00000496250","APMAP","RPL11",9606,0.578,0,0,0,0.578,0,0,0
"9606.ENSP00000217456","9606.ENSP00000358812","APMAP","PDCD11",9606,0.658,0.115,0,0,0.557,0,0,0.2
"9606.ENSP00000217456","9606.ENSP00000326981","APMAP","IMP3",9606,0.666,0.042,0,0,0.626,0,0,0.143
"9606.ENSP00000217740","9606.ENSP00000231524","RNF125","TRIM23",9606,0.4,0,0,0,0.061,0.062,0,0.374
"9606.ENSP00000217740","9606.ENSP00000471896","RNF125","IRF3",9606,0.465,0,0,0,0,0.046,0,0.463
"9606.ENSP00000217740","9606.ENSP00000269305","RNF125","TP53",9606,0.502,0,0,0,0,0.457,0,0.121
"9606.ENSP00000217740","9606.ENSP00000316176","RNF125","UBE2N",9606,0.511,0,0,0,0,0.109,0,0.474
"9606.ENSP00000217740","9606.ENSP00000494750","RNF125","ACTB",9606,0.539,0,0,0,0,0.472,0,0.164
"9606.ENSP00000217740","9606.ENSP00000254436","RNF125","TRIM21",9606,0.581,0,0,0,0,0.457,0,0.261
"9606.ENSP00000217740","9606.ENSP00000395590","RNF125","IFI35",9606,0.646,0,0,0,0,0.457,0,0.376
"9606.ENSP00000217740","9606.ENSP00000379931","RNF125","UBE2E2",9606,0.671,0,0,0,0,0.574,0,0.26
"9606.ENSP00000217740","9606.ENSP00000287156","RNF125","UBE2L6",9606,0.937,0,0,0,0.047,0.659,0.5,0.659
"9606.ENSP00000219097","9606.ENSP00000361298","ORC6","KIF2C",9606,0.403,0,0,0,0.2,0,0,0.285
"9606.ENSP00000219097","9606.ENSP00000415430","ORC6","GTSE1",9606,0.408,0,0,0,0.245,0,0,0.249
"9606.ENSP00000219097","9606.ENSP00000301633","ORC6","BIRC5",9606,0.41,0,0,0,0.244,0,0,0.252
"9606.ENSP00000219097","9606.ENSP00000260363","ORC6","KIF23",9606,0.418,0,0,0,0.273,0,0,0.233
"9606.ENSP00000219097","9606.ENSP00000418960","ORC6","BRCA1",9606,0.421,0,0,0,0.307,0,0,0.2
"9606.ENSP00000219097","9606.ENSP00000300093","ORC6","PLK1",9606,0.424,0,0,0,0.153,0,0,0.348
"9606.ENSP00000219097","9606.ENSP00000300738","ORC6","RRM1",9606,0.427,0,0,0,0.343,0,0,0.165
"9606.ENSP00000219097","9606.ENSP00000285116","ORC6","SKA1",9606,0.428,0,0,0,0.161,0,0,0.347
"9606.ENSP00000219097","9606.ENSP00000363055","ORC6","ZWINT",9606,0.43,0,0,0,0.351,0,0,0.158
"9606.ENSP00000219097","9606.ENSP00000247191","ORC6","DLGAP5",9606,0.435,0,0,0,0.215,0,0,0.31
"9606.ENSP00000219097","9606.ENSP00000336868","ORC6","CENPA",9606,0.44,0,0,0,0.187,0,0,0.34
"9606.ENSP00000219097","9606.ENSP00000429089","ORC6","CCNE2",9606,0.452,0,0,0,0.225,0,0,0.322
"9606.ENSP00000219097","9606.ENSP00000356379","ORC6","ASPM",9606,0.456,0,0,0,0.23,0,0,0.323
"9606.ENSP00000219097","9606.ENSP00000442068","ORC6","CDCA3",9606,0.456,0,0,0,0.202,0,0,0.347
"9606.ENSP00000219097","9606.ENSP00000493712","ORC6","RAD51",9606,0.463,0,0,0,0.33,0,0,0.232
"9606.ENSP00000219097","9606.ENSP00000468425","ORC6","TK1",9606,0.464,0,0,0,0.251,0,0,0.314
"9606.ENSP00000219097","9606.ENSP00000355506","ORC6","EXO1",9606,0.475,0,0,0,0.356,0,0,0.219
"9606.ENSP00000219097","9606.ENSP00000298048","ORC6","MELK",9606,0.478,0,0,0,0.236,0,0,0.346
"9606.ENSP00000219097","9606.ENSP00000499238","ORC6","NUSAP1",9606,0.478,0,0,0,0.238,0,0,0.344
"9606.ENSP00000219097","9606.ENSP00000362146","ORC6","CDCA8",9606,0.495,0,0,0,0.24,0,0,0.364
"9606.ENSP00000219097","9606.ENSP00000288207","ORC6","CCNB2",9606,0.502,0,0,0,0.248,0,0,0.365
"9606.ENSP00000219097","9606.ENSP00000300035","ORC6","PCLAF",9606,0.508,0,0,0,0.333,0,0,0.294
"9606.ENSP00000219097","9606.ENSP00000361540","ORC6","CDC20",9606,0.52,0,0,0,0.244,0,0,0.392
"9606.ENSP00000219097","9606.ENSP00000302530","ORC6","BUB1",9606,0.522,0,0,0,0.24,0,0,0.397
"9606.ENSP00000219097","9606.ENSP00000377536","ORC6","PTTG1",9606,0.526,0,0,0,0.206,0,0,0.428
"9606.ENSP00000219097","9606.ENSP00000262300","ORC6","PKMYT1",9606,0.529,0,0,0,0.212,0,0,0.427
"9606.ENSP00000219097","9606.ENSP00000353770","ORC6","RRM2",9606,0.538,0,0,0,0.273,0,0,0.391
"9606.ENSP00000219097","9606.ENSP00000263382","ORC6","ASF1B",9606,0.552,0,0,0,0.339,0,0,0.351
"9606.ENSP00000219097","9606.ENSP00000315644","ORC6","TYMS",9606,0.561,0,0,0,0.462,0,0,0.218
"9606.ENSP00000219097","9606.ENSP00000306473","ORC6","SHCBP1",9606,0.562,0,0,0,0.504,0,0,0.154
"9606.ENSP00000219097","9606.ENSP00000253462","ORC6","GINS2",9606,0.564,0,0,0,0.295,0,0,0.407
"9606.ENSP00000219097","9606.ENSP00000343966","ORC6","PSPC1",9606,0.614,0,0,0,0,0.605,0,0.064
"9606.ENSP00000219097","9606.ENSP00000305480","ORC6","FEN1",9606,0.639,0,0,0,0.51,0,0,0.295
"9606.ENSP00000219097","9606.ENSP00000312995","ORC6","CLSPN",9606,0.706,0,0,0,0.32,0,0.5,0.207
"9606.ENSP00000219097","9606.ENSP00000481380","ORC6","CCNA2",9606,0.717,0,0,0,0.241,0,0.4,0.43
"9606.ENSP00000219097","9606.ENSP00000378699","ORC6","CDK1",9606,0.721,0,0,0,0.246,0,0.5,0.32
"9606.ENSP00000219097","9606.ENSP00000256442","ORC6","CCNB1",9606,0.753,0,0,0,0.252,0,0.5,0.395
"9606.ENSP00000219097","9606.ENSP00000230056","ORC6","GMNN",9606,0.864,0,0,0,0.335,0,0.5,0.625
"9606.ENSP00000219097","9606.ENSP00000418268","ORC6","MCM10",9606,0.901,0,0,0,0.422,0,0.5,0.688
"9606.ENSP00000219097","9606.ENSP00000480987","ORC6","MCM3",9606,0.976,0,0,0,0.275,0.8,0.5,0.72
"9606.ENSP00000219097","9606.ENSP00000405726","ORC6","CDC45",9606,0.989,0,0,0,0.252,0.893,0.5,0.769
"9606.ENSP00000219097","9606.ENSP00000262105","ORC6","MCM4",9606,0.999,0,0,0,0.41,0.999,0.5,0.712
"9606.ENSP00000219097","9606.ENSP00000307288","ORC6","MCM7",9606,0.999,0,0,0,0.32,0.999,0.5,0.68
"9606.ENSP00000219097","9606.ENSP00000360623","ORC6","ORC1",9606,0.999,0,0,0,0.318,0.996,0.9,0.963
"9606.ENSP00000219281","9606.ENSP00000496942","USB1","JAGN1",9606,0.485,0,0,0,0.066,0,0,0.472
"9606.ENSP00000219281","9606.ENSP00000267415","USB1","TINF2",9606,0.599,0,0,0,0.075,0,0,0.585
"9606.ENSP00000219281","9606.ENSP00000250454","USB1","EAPP",9606,0.9,0,0,0,0,0.9,0,0
"9606.ENSP00000219837","9606.ENSP00000398401","KNOP1","FAM133B",9606,0.441,0,0,0,0.075,0,0,0.421
"9606.ENSP00000219837","9606.ENSP00000483903","KNOP1","H2BC15",9606,0.467,0,0,0,0,0.467,0,0
"9606.ENSP00000219837","9606.ENSP00000356319","KNOP1","KIF14",9606,0.479,0,0,0,0.08,0.457,0,0
"9606.ENSP00000219837","9606.ENSP00000357643","KNOP1","MKI67",9606,0.485,0,0,0,0.093,0.456,0,0
"9606.ENSP00000220003","9606.ENSP00000313050","CSK","NIPSNAP2",9606,0.419,0,0,0,0.072,0,0.4,0
"9606.ENSP00000220003","9606.ENSP00000444408","CSK","SLC1A5",9606,0.423,0,0,0,0.075,0,0.4,0.045
"9606.ENSP00000220003","9606.ENSP00000321330","CSK","RNF144A",9606,0.457,0,0,0,0,0.457,0,0
"9606.ENSP00000220003","9606.ENSP00000295317","CSK","RNF149",9606,0.468,0,0,0,0.062,0.457,0,0
"9606.ENSP00000220003","9606.ENSP00000336799","CSK","TUBA1B",9606,0.477,0,0,0,0.075,0.134,0.4,0
"9606.ENSP00000220003","9606.ENSP00000223029","CSK","AIMP2",9606,0.484,0,0,0,0.075,0.457,0,0.056
"9606.ENSP00000220003","9606.ENSP00000334448","CSK","GNG2",9606,0.487,0,0,0,0,0,0,0.487
"9606.ENSP00000220003","9606.ENSP00000378699","CSK","CDK1",9606,0.495,0,0,0,0.055,0.457,0,0.095
"9606.ENSP00000220003","9606.ENSP00000405726","CSK","CDC45",9606,0.496,0,0,0,0.061,0.457,0,0.091
"9606.ENSP00000220003","9606.ENSP00000393566","CSK","HLA-DPA1",9606,0.517,0,0,0,0.075,0,0.5,0
"9606.ENSP00000220003","9606.ENSP00000357012","CSK","CD244",9606,0.537,0,0,0,0.075,0.456,0,0.154
"9606.ENSP00000220003","9606.ENSP00000380855","CSK","PDCD1LG2",9606,0.537,0,0,0,0,0,0.5,0.113
"9606.ENSP00000220003","9606.ENSP00000339398","CSK","HLA-DQA1",9606,0.539,0,0,0,0.058,0,0.5,0.1
"9606.ENSP00000220003","9606.ENSP00000408146","CSK","HLA-DPB1",9606,0.543,0,0,0,0.086,0.066,0.5,0.057
"9606.ENSP00000220003","9606.ENSP00000364080","CSK","HLA-DQB1",9606,0.557,0,0,0,0.108,0.066,0.5,0.064
"9606.ENSP00000220003","9606.ENSP00000353099","CSK","HLA-DRB1",9606,0.588,0,0,0,0.1,0.066,0.5,0.137
"9606.ENSP00000220003","9606.ENSP00000363117","CSK","FGR",9606,0.67,0,0,0.095,0.159,0.561,0,0.131
"9606.ENSP00000220003","9606.ENSP00000276420","CSK","DOK2",9606,0.7,0,0,0,0.145,0.467,0,0.396
"9606.ENSP00000220003","9606.ENSP00000378485","CSK","MATK",9606,0.814,0,0,0.064,0.096,0.794,0,0.061
"9606.ENSP00000220003","9606.ENSP00000428924","CSK","LYN",9606,0.973,0,0,0.094,0.216,0.562,0.9,0.273
"9606.ENSP00000220429","9606.ENSP00000299163","GABPB1","HIF1AN",9606,0.471,0,0,0,0.066,0.457,0,0
"9606.ENSP00000220429","9606.ENSP00000278070","GABPB1","PPRC1",9606,0.602,0,0,0,0.075,0,0.5,0.209
"9606.ENSP00000220514","9606.ENSP00000262105","OIP5","MCM4",9606,0.414,0,0,0,0.296,0,0,0.203
"9606.ENSP00000220514","9606.ENSP00000387007","OIP5","NCAPG2",9606,0.421,0,0,0,0.346,0,0,0.151
"9606.ENSP00000220514","9606.ENSP00000483254","OIP5","HNRNPDL",9606,0.427,0,0,0,0,0,0,0.427
"9606.ENSP00000220514","9606.ENSP00000306473","OIP5","SHCBP1",9606,0.431,0,0,0,0.358,0,0,0.151
"9606.ENSP00000220514","9606.ENSP00000377536","OIP5","PTTG1",9606,0.434,0,0,0,0.34,0,0,0.179
"9606.ENSP00000220514","9606.ENSP00000263382","OIP5","ASF1B",9606,0.435,0,0,0,0.363,0,0,0.15
"9606.ENSP00000220514","9606.ENSP00000320147","OIP5","EZH2",9606,0.446,0,0,0,0.232,0.172,0,0.2
"9606.ENSP00000220514","9606.ENSP00000315476","OIP5","EXOSC4",9606,0.447,0,0,0,0.076,0,0,0.427
"9606.ENSP00000220514","9606.ENSP00000355506","OIP5","EXO1",9606,0.448,0,0,0,0.37,0,0,0.16
"9606.ENSP00000220514","9606.ENSP00000357643","OIP5","MKI67",9606,0.454,0,0,0,0.34,0,0,0.207
"9606.ENSP00000220514","9606.ENSP00000468425","OIP5","TK1",9606,0.467,0,0,0,0.393,0,0,0.158
"9606.ENSP00000220514","9606.ENSP00000305480","OIP5","FEN1",9606,0.481,0,0,0,0.456,0,0,0.086
"9606.ENSP00000220514","9606.ENSP00000328228","OIP5","CDCA2",9606,0.499,0,0,0,0.381,0,0,0.224
"9606.ENSP00000220514","9606.ENSP00000356319","OIP5","KIF14",9606,0.508,0,0,0,0.393,0,0,0.223
"9606.ENSP00000220514","9606.ENSP00000260363","OIP5","KIF23",9606,0.513,0,0,0,0.401,0,0,0.221
"9606.ENSP00000220514","9606.ENSP00000253462","OIP5","GINS2",9606,0.529,0,0,0,0.409,0,0,0.237
"9606.ENSP00000220514","9606.ENSP00000315644","OIP5","TYMS",9606,0.545,0,0,0,0.494,0,0,0.138
"9606.ENSP00000220514","9606.ENSP00000285116","OIP5","SKA1",9606,0.549,0,0,0,0.431,0,0,0.24
"9606.ENSP00000220514","9606.ENSP00000353770","OIP5","RRM2",9606,0.567,0,0,0,0.493,0,0,0.181
"9606.ENSP00000220514","9606.ENSP00000300093","OIP5","PLK1",9606,0.569,0,0,0,0.363,0.108,0,0.303
"9606.ENSP00000220514","9606.ENSP00000355958","OIP5","DTL",9606,0.582,0,0,0,0.58,0,0,0.047
"9606.ENSP00000220514","9606.ENSP00000362592","OIP5","RBBP4",9606,0.589,0,0,0,0.075,0,0.5,0.184
"9606.ENSP00000220514","9606.ENSP00000361540","OIP5","CDC20",9606,0.636,0,0,0,0.568,0,0,0.192
"9606.ENSP00000220514","9606.ENSP00000411532","OIP5","TOP2A",9606,0.657,0,0,0,0.565,0,0,0.246
"9606.ENSP00000220514","9606.ENSP00000348838","OIP5","UBE2C",9606,0.658,0,0,0,0.569,0,0,0.24
"9606.ENSP00000220514","9606.ENSP00000300035","OIP5","PCLAF",9606,0.66,0,0,0,0.603,0,0,0.179
"9606.ENSP00000220514","9606.ENSP00000275517","OIP5","CDCA5",9606,0.666,0,0,0,0.609,0,0,0.183
"9606.ENSP00000220514","9606.ENSP00000363524","OIP5","KIF4A",9606,0.671,0,0,0,0.629,0,0,0.152
"9606.ENSP00000220514","9606.ENSP00000355966","OIP5","NEK2",9606,0.678,0,0,0,0.579,0,0,0.267
"9606.ENSP00000220514","9606.ENSP00000442068","OIP5","CDCA3",9606,0.687,0,0,0,0.659,0,0,0.121
"9606.ENSP00000220514","9606.ENSP00000288207","OIP5","CCNB2",9606,0.697,0,0,0,0.64,0,0,0.193
"9606.ENSP00000220514","9606.ENSP00000356379","OIP5","ASPM",9606,0.702,0,0,0,0.6,0,0,0.286
"9606.ENSP00000220514","9606.ENSP00000418268","OIP5","MCM10",9606,0.714,0,0,0,0.648,0,0,0.222
"9606.ENSP00000220514","9606.ENSP00000300403","OIP5","TPX2",9606,0.717,0,0,0,0.64,0,0,0.247
"9606.ENSP00000220514","9606.ENSP00000363055","OIP5","ZWINT",9606,0.741,0,0,0,0.642,0,0,0.307
"9606.ENSP00000220514","9606.ENSP00000265036","OIP5","DEPDC1B",9606,0.753,0,0,0,0.723,0,0,0.145
"9606.ENSP00000220514","9606.ENSP00000251496","OIP5","NCAPG",9606,0.755,0,0,0,0.652,0,0,0.325
"9606.ENSP00000220514","9606.ENSP00000357308","OIP5","CENPW",9606,0.759,0,0,0,0.39,0,0.5,0.276
"9606.ENSP00000220514","9606.ENSP00000302530","OIP5","BUB1",9606,0.774,0,0,0,0.714,0,0,0.245
"9606.ENSP00000220514","9606.ENSP00000493712","OIP5","RAD51",9606,0.774,0,0,0,0.764,0,0,0.085
"9606.ENSP00000220514","9606.ENSP00000405726","OIP5","CDC45",9606,0.782,0,0,0,0.746,0,0,0.179
"9606.ENSP00000220514","9606.ENSP00000324020","OIP5","KIF15",9606,0.784,0,0,0,0.73,0,0,0.236
"9606.ENSP00000220514","9606.ENSP00000301633","OIP5","BIRC5",9606,0.795,0,0,0,0.748,0,0,0.222
"9606.ENSP00000220514","9606.ENSP00000298048","OIP5","MELK",9606,0.818,0,0,0,0.76,0,0,0.274
"9606.ENSP00000220514","9606.ENSP00000362146","OIP5","CDCA8",9606,0.82,0,0,0,0.748,0,0,0.315
"9606.ENSP00000220514","9606.ENSP00000499238","OIP5","NUSAP1",9606,0.822,0,0,0,0.727,0,0,0.375
"9606.ENSP00000220514","9606.ENSP00000361298","OIP5","KIF2C",9606,0.827,0,0,0,0.744,0,0,0.354
"9606.ENSP00000220514","9606.ENSP00000256442","OIP5","CCNB1",9606,0.849,0,0,0,0.811,0,0,0.236
"9606.ENSP00000220514","9606.ENSP00000282074","OIP5","SPC25",9606,0.852,0,0,0,0.852,0,0,0
"9606.ENSP00000220514","9606.ENSP00000481380","OIP5","CCNA2",9606,0.855,0,0,0,0.802,0,0,0.3
"9606.ENSP00000220514","9606.ENSP00000247191","OIP5","DLGAP5",9606,0.881,0,0,0,0.836,0,0,0.308
"9606.ENSP00000220514","9606.ENSP00000378699","OIP5","CDK1",9606,0.882,0,0,0,0.847,0,0,0.261
"9606.ENSP00000220514","9606.ENSP00000414109","OIP5","HJURP",9606,0.984,0,0,0,0.568,0.802,0.5,0.675
"9606.ENSP00000220514","9606.ENSP00000336868","OIP5","CENPA",9606,0.985,0,0,0,0.738,0.775,0.5,0.57
"9606.ENSP00000221978","9606.ENSP00000398698","NKG7","TNF",9606,0.411,0,0,0,0.133,0,0,0.349
"9606.ENSP00000221978","9606.ENSP00000226279","NKG7","CD38",9606,0.415,0,0,0,0.118,0,0,0.365
"9606.ENSP00000221978","9606.ENSP00000349359","NKG7","SASH3",9606,0.415,0,0,0,0.341,0,0,0.149
"9606.ENSP00000221978","9606.ENSP00000354394","NKG7","STAT1",9606,0.417,0,0,0,0.085,0,0,0.39
"9606.ENSP00000221978","9606.ENSP00000357086","NKG7","FCRL6",9606,0.427,0,0,0,0.159,0,0,0.347
"9606.ENSP00000221978","9606.ENSP00000357022","NKG7","SLAMF7",9606,0.443,0,0,0,0.174,0,0,0.354
"9606.ENSP00000221978","9606.ENSP00000283285","NKG7","CD96",9606,0.452,0,0,0,0.289,0,0,0.261
"9606.ENSP00000221978","9606.ENSP00000496959","NKG7","ITGAM",9606,0.457,0,0,0,0.271,0,0,0.286
"9606.ENSP00000221978","9606.ENSP00000411532","NKG7","TOP2A",9606,0.458,0,0,0,0.061,0,0,0.447
"9606.ENSP00000221978","9606.ENSP00000328472","NKG7","S1PR5",9606,0.466,0,0,0,0.295,0,0,0.274
"9606.ENSP00000221978","9606.ENSP00000449716","NKG7","CMKLR1",9606,0.467,0,0,0,0.107,0,0,0.428
"9606.ENSP00000221978","9606.ENSP00000483330","NKG7","CCL4L2",9606,0.468,0,0,0,0.075,0,0,0.449
"9606.ENSP00000221978","9606.ENSP00000393566","NKG7","HLA-DPA1",9606,0.483,0,0,0,0.196,0,0,0.384
"9606.ENSP00000221978","9606.ENSP00000339398","NKG7","HLA-DQA1",9606,0.496,0,0,0,0.136,0,0,0.441
"9606.ENSP00000221978","9606.ENSP00000353099","NKG7","HLA-DRB1",9606,0.501,0,0,0,0.154,0,0,0.435
"9606.ENSP00000221978","9606.ENSP00000368538","NKG7","TNFRSF4",9606,0.504,0,0,0,0.153,0,0,0.439
"9606.ENSP00000221978","9606.ENSP00000351314","NKG7","PSMB10",9606,0.509,0,0,0,0.158,0,0,0.441
"9606.ENSP00000221978","9606.ENSP00000357012","NKG7","CD244",9606,0.509,0,0,0,0.328,0,0,0.3
"9606.ENSP00000221978","9606.ENSP00000351059","NKG7","CX3CR1",9606,0.53,0,0,0,0.198,0,0,0.439
"9606.ENSP00000221978","9606.ENSP00000365380","NKG7","FOXP3",9606,0.567,0,0,0,0.077,0,0,0.551
"9606.ENSP00000221978","9606.ENSP00000356946","NKG7","FCGR3A",9606,0.586,0,0,0,0.198,0,0,0.505
"9606.ENSP00000221978","9606.ENSP00000357643","NKG7","MKI67",9606,0.591,0,0,0,0,0,0,0.591
"9606.ENSP00000221978","9606.ENSP00000312002","NKG7","HAVCR2",9606,0.597,0,0,0,0.126,0,0,0.558
"9606.ENSP00000221978","9606.ENSP00000388792","NKG7","ZNF683",9606,0.632,0,0,0,0.29,0,0,0.503
"9606.ENSP00000221978","9606.ENSP00000482259","NKG7","CCL4",9606,0.639,0,0,0,0.316,0,0,0.495
"9606.ENSP00000221978","9606.ENSP00000356793","NKG7","XCL2",9606,0.644,0,0,0,0.343,0,0,0.481
"9606.ENSP00000221978","9606.ENSP00000229135","NKG7","IFNG",9606,0.675,0,0,0,0.36,0,0,0.514
"9606.ENSP00000221978","9606.ENSP00000388620","NKG7","EOMES",9606,0.714,0,0,0,0.45,0,0,0.502
"9606.ENSP00000221978","9606.ENSP00000259989","NKG7","FGFBP2",9606,0.798,0,0,0,0.506,0,0,0.609
"9606.ENSP00000221978","9606.ENSP00000474412","NKG7","CCL5",9606,0.915,0,0,0,0.796,0,0,0.603
"9606.ENSP00000221978","9606.ENSP00000231009","NKG7","GZMK",9606,0.928,0,0,0,0.723,0,0,0.753
"9606.ENSP00000221978","9606.ENSP00000420384","NKG7","CST7",9606,0.939,0,0,0,0.851,0,0,0.608
"9606.ENSP00000221978","9606.ENSP00000274306","NKG7","GZMA",9606,0.967,0,0,0,0.874,0,0,0.75
"9606.ENSP00000221978","9606.ENSP00000398568","NKG7","PRF1",9606,0.969,0,0,0,0.942,0,0,0.496
"9606.ENSP00000221978","9606.ENSP00000436423","NKG7","GNLY",9606,0.979,0,0,0,0.871,0,0,0.844
"9606.ENSP00000223029","9606.ENSP00000358939","AIMP2","SARS1",9606,0.409,0,0,0,0.142,0,0,0.34
"9606.ENSP00000223029","9606.ENSP00000225792","AIMP2","DDX5",9606,0.473,0,0,0,0.069,0.457,0,0.043
"9606.ENSP00000223029","9606.ENSP00000379931","AIMP2","UBE2E2",9606,0.473,0,0,0,0.075,0,0,0.454
"9606.ENSP00000223029","9606.ENSP00000264335","AIMP2","YWHAE",9606,0.476,0,0,0,0.075,0.457,0,0
"9606.ENSP00000223029","9606.ENSP00000296511","AIMP2","ANXA5",9606,0.476,0,0,0,0.075,0.457,0,0
"9606.ENSP00000223029","9606.ENSP00000380256","AIMP2","CCNF",9606,0.476,0,0,0,0.075,0.457,0,0
"9606.ENSP00000223029","9606.ENSP00000356319","AIMP2","KIF14",9606,0.478,0,0,0,0.079,0.457,0,0
"9606.ENSP00000223029","9606.ENSP00000497402","AIMP2","RCC1",9606,0.48,0,0,0,0.083,0.457,0,0
"9606.ENSP00000223029","9606.ENSP00000305790","AIMP2","SF3B3",9606,0.481,0,0,0,0.084,0.457,0,0
"9606.ENSP00000223029","9606.ENSP00000347495","AIMP2","WARS1",9606,0.481,0,0,0,0.078,0,0,0.461
"9606.ENSP00000223029","9606.ENSP00000458162","AIMP2","ACTG1",9606,0.483,0,0,0,0.075,0.457,0,0.054
"9606.ENSP00000223029","9606.ENSP00000349168","AIMP2","HNRNPH1",9606,0.485,0,0,0,0.092,0.457,0,0
"9606.ENSP00000223029","9606.ENSP00000316042","AIMP2","HNRNPA0",9606,0.487,0,0,0,0.095,0.457,0,0
"9606.ENSP00000223029","9606.ENSP00000385385","AIMP2","PDIA6",9606,0.49,0,0,0,0.1,0.457,0,0
"9606.ENSP00000223029","9606.ENSP00000301764","AIMP2","DDB1",9606,0.492,0,0,0,0.084,0.457,0,0.061
"9606.ENSP00000223029","9606.ENSP00000495530","AIMP2","ENO1",9606,0.516,0,0,0,0.146,0.457,0,0
"9606.ENSP00000223029","9606.ENSP00000325905","AIMP2","SRSF7",9606,0.519,0,0,0,0.106,0.457,0,0.09
"9606.ENSP00000223029","9606.ENSP00000498336","AIMP2","MTHFD1",9606,0.52,0,0,0,0.154,0.457,0,0
"9606.ENSP00000223029","9606.ENSP00000443475","AIMP2","TUBA1C",9606,0.521,0,0,0,0.155,0.457,0,0
"9606.ENSP00000223029","9606.ENSP00000358921","AIMP2","ACTR1A",9606,0.523,0,0,0,0.159,0.457,0,0
"9606.ENSP00000223029","9606.ENSP00000378699","AIMP2","CDK1",9606,0.523,0,0,0,0.158,0.457,0,0
"9606.ENSP00000223029","9606.ENSP00000307288","AIMP2","MCM7",9606,0.527,0,0,0,0.154,0.457,0,0.055
"9606.ENSP00000223029","9606.ENSP00000480987","AIMP2","MCM3",9606,0.532,0,0,0,0.174,0.457,0,0
"9606.ENSP00000223029","9606.ENSP00000351646","AIMP2","STIP1",9606,0.542,0,0,0,0.118,0.503,0,0
"9606.ENSP00000223029","9606.ENSP00000438483","AIMP2","KPNA2",9606,0.543,0,0,0,0.193,0.457,0,0
"9606.ENSP00000223029","9606.ENSP00000371253","AIMP2","GART",9606,0.548,0,0,0,0.203,0.457,0,0
"9606.ENSP00000223029","9606.ENSP00000321584","AIMP2","IMPDH2",9606,0.569,0,0,0,0.24,0.457,0,0
"9606.ENSP00000223029","9606.ENSP00000299138","AIMP2","VPS35",9606,0.588,0,0,0,0.08,0.457,0,0.242
"9606.ENSP00000223029","9606.ENSP00000380070","AIMP2","GAPDH",9606,0.588,0,0,0,0.151,0.457,0,0.18
"9606.ENSP00000223029","9606.ENSP00000379181","AIMP2","RAE1",9606,0.591,0,0,0,0.202,0.457,0,0.134
"9606.ENSP00000223029","9606.ENSP00000470560","AIMP2","EMG1",9606,0.595,0,0,0,0.595,0,0,0
"9606.ENSP00000223029","9606.ENSP00000494750","AIMP2","ACTB",9606,0.603,0,0,0,0.064,0.524,0,0.182
"9606.ENSP00000223029","9606.ENSP00000496250","AIMP2","RPL11",9606,0.648,0,0,0,0.217,0.457,0,0.239
"9606.ENSP00000223029","9606.ENSP00000377958","AIMP2","CCT4",9606,0.65,0,0,0,0.383,0.457,0,0
"9606.ENSP00000223029","9606.ENSP00000255631","AIMP2","HSPBP1",9606,0.713,0,0,0,0.713,0,0,0
"9606.ENSP00000223029","9606.ENSP00000280326","AIMP2","CCT5",9606,0.731,0,0,0,0.349,0.604,0,0
"9606.ENSP00000223029","9606.ENSP00000320309","AIMP2","FARSA",9606,0.748,0,0,0,0.373,0.457,0,0.321
"9606.ENSP00000223029","9606.ENSP00000449428","AIMP2","TWF1",9606,0.798,0,0,0,0.075,0.791,0,0
"9606.ENSP00000223029","9606.ENSP00000442318","AIMP2","CAND1",9606,0.809,0,0,0,0.075,0.802,0,0
"9606.ENSP00000223029","9606.ENSP00000437125","AIMP2","HSPA8",9606,0.815,0,0,0,0.079,0.802,0,0.07
"9606.ENSP00000223029","9606.ENSP00000269305","AIMP2","TP53",9606,0.852,0,0,0,0.055,0.802,0,0.275
"9606.ENSP00000225792","9606.ENSP00000310723","DDX5","DDX23",9606,0.405,0,0,0.126,0.172,0.138,0,0.159
"9606.ENSP00000225792","9606.ENSP00000358812","DDX5","PDCD11",9606,0.415,0,0,0,0.24,0.102,0,0.212
"9606.ENSP00000225792","9606.ENSP00000264335","DDX5","YWHAE",9606,0.45,0,0,0,0.337,0.179,0,0.071
"9606.ENSP00000225792","9606.ENSP00000305790","DDX5","SF3B3",9606,0.45,0,0,0,0.095,0.309,0,0.192
"9606.ENSP00000225792","9606.ENSP00000254193","DDX5","SNRPA1",9606,0.462,0,0,0,0.129,0.277,0,0.215
"9606.ENSP00000225792","9606.ENSP00000339001","DDX5","TUBB",9606,0.465,0,0,0,0.413,0,0,0.127
"9606.ENSP00000225792","9606.ENSP00000356319","DDX5","KIF14",9606,0.466,0,0,0,0.057,0.457,0,0
"9606.ENSP00000225792","9606.ENSP00000313050","DDX5","NIPSNAP2",9606,0.472,0,0,0,0.068,0.457,0,0
"9606.ENSP00000225792","9606.ENSP00000496250","DDX5","RPL11",9606,0.472,0,0,0,0.376,0.067,0,0.167
"9606.ENSP00000225792","9606.ENSP00000336868","DDX5","CENPA",9606,0.476,0,0,0,0,0.458,0,0.074
"9606.ENSP00000225792","9606.ENSP00000380256","DDX5","CCNF",9606,0.476,0,0,0,0,0.457,0,0.075
"9606.ENSP00000225792","9606.ENSP00000254436","DDX5","TRIM21",9606,0.485,0,0,0,0,0.457,0,0.092
"9606.ENSP00000225792","9606.ENSP00000404854","DDX5","NDRG1",9606,0.496,0,0,0,0.061,0.456,0,0.094
"9606.ENSP00000225792","9606.ENSP00000350698","DDX5","DDX47",9606,0.502,0,0,0.142,0.361,0,0,0.166
"9606.ENSP00000225792","9606.ENSP00000410769","DDX5","CNBP",9606,0.51,0,0,0,0.287,0.08,0,0.314
"9606.ENSP00000225792","9606.ENSP00000261015","DDX5","WDR12",9606,0.515,0,0,0,0.415,0.131,0,0.124
"9606.ENSP00000225792","9606.ENSP00000341289","DDX5","TUBB4B",9606,0.515,0,0,0,0.482,0,0,0.103
"9606.ENSP00000225792","9606.ENSP00000343966","DDX5","PSPC1",9606,0.515,0,0,0,0.289,0.215,0,0.201
"9606.ENSP00000225792","9606.ENSP00000458162","DDX5","ACTG1",9606,0.526,0,0,0,0.39,0.065,0,0.237
"9606.ENSP00000225792","9606.ENSP00000383059","DDX5","ARGLU1",9606,0.537,0,0,0,0.395,0.046,0,0.263
"9606.ENSP00000225792","9606.ENSP00000380070","DDX5","GAPDH",9606,0.546,0.042,0,0,0.266,0,0.095,0.371
"9606.ENSP00000225792","9606.ENSP00000230340","DDX5","BYSL",9606,0.557,0,0,0,0.395,0.218,0,0.139
"9606.ENSP00000225792","9606.ENSP00000307288","DDX5","MCM7",9606,0.558,0,0,0,0.224,0.366,0,0.174
"9606.ENSP00000225792","9606.ENSP00000271628","DDX5","SF3B4",9606,0.565,0,0,0,0.123,0.457,0,0.16
"9606.ENSP00000225792","9606.ENSP00000325905","DDX5","SRSF7",9606,0.566,0,0,0,0.412,0,0,0.293
"9606.ENSP00000225792","9606.ENSP00000317872","DDX5","RBBP6",9606,0.573,0,0,0,0.138,0,0.5,0.089
"9606.ENSP00000225792","9606.ENSP00000398698","DDX5","TNF",9606,0.594,0,0,0,0,0.524,0,0.184
"9606.ENSP00000225792","9606.ENSP00000496842","DDX5","PNISR",9606,0.597,0,0,0,0.45,0,0,0.298
"9606.ENSP00000225792","9606.ENSP00000260363","DDX5","KIF23",9606,0.601,0,0,0,0.075,0.472,0,0.25
"9606.ENSP00000225792","9606.ENSP00000376276","DDX5","SRSF2",9606,0.633,0,0,0,0.5,0,0,0.297
"9606.ENSP00000225792","9606.ENSP00000264279","DDX5","NOP58",9606,0.634,0.057,0,0,0.428,0.194,0,0.258
"9606.ENSP00000225792","9606.ENSP00000437125","DDX5","HSPA8",9606,0.708,0,0,0,0.593,0.166,0,0.21
"9606.ENSP00000225792","9606.ENSP00000280154","DDX5","PDCD4",9606,0.749,0,0,0,0.083,0,0,0.738
"9606.ENSP00000225792","9606.ENSP00000313007","DDX5","PABPC1",9606,0.764,0,0,0,0.575,0.13,0,0.413
"9606.ENSP00000225792","9606.ENSP00000494750","DDX5","ACTB",9606,0.769,0,0,0,0.488,0.384,0,0.329
"9606.ENSP00000225792","9606.ENSP00000296702","DDX5","TCERG1",9606,0.82,0,0,0,0.094,0.091,0.8,0
"9606.ENSP00000225792","9606.ENSP00000396301","DDX5","IK",9606,0.832,0,0,0,0.159,0,0.8,0.082
"9606.ENSP00000225792","9606.ENSP00000320147","DDX5","EZH2",9606,0.858,0,0,0,0.095,0.802,0,0.275
"9606.ENSP00000225792","9606.ENSP00000452123","DDX5","SRSF5",9606,0.865,0.042,0,0,0.799,0.126,0,0.297
"9606.ENSP00000225792","9606.ENSP00000416269","DDX5","DDX39B",9606,0.894,0,0,0.168,0.275,0.114,0.8,0.168
"9606.ENSP00000225792","9606.ENSP00000265866","DDX5","HNRNPH3",9606,0.907,0,0,0,0.246,0.847,0,0.266
"9606.ENSP00000225792","9606.ENSP00000483254","DDX5","HNRNPDL",9606,0.934,0,0,0,0.504,0.806,0,0.378
"9606.ENSP00000225792","9606.ENSP00000335321","DDX5","SF3B1",9606,0.937,0,0,0,0.843,0.543,0,0.201
"9606.ENSP00000225792","9606.ENSP00000497641","DDX5","EIF4A3",9606,0.961,0,0,0.143,0.392,0.627,0.8,0.162
"9606.ENSP00000225792","9606.ENSP00000316042","DDX5","HNRNPA0",9606,0.985,0,0,0,0.207,0.884,0.8,0.29
"9606.ENSP00000225792","9606.ENSP00000363055","DDX5","ZWINT",9606,0.99,0,0,0,0,0.99,0,0
"9606.ENSP00000225792","9606.ENSP00000465075","DDX5","SPC24",9606,0.994,0,0,0,0.994,0,0,0
"9606.ENSP00000225792","9606.ENSP00000253363","DDX5","RBM39",9606,0.995,0,0,0,0.911,0.696,0.8,0.269
"9606.ENSP00000225792","9606.ENSP00000269305","DDX5","TP53",9606,0.999,0,0,0,0,0.999,0,0.588
"9606.ENSP00000225792","9606.ENSP00000349168","DDX5","HNRNPH1",9606,0.999,0,0,0,0.376,0.99,0.8,0.527
"9606.ENSP00000225941","9606.ENSP00000494689","ABI3","EPS8",9606,0.681,0,0,0,0,0,0,0.681
"9606.ENSP00000225969","9606.ENSP00000354813","MRPL27","MT-ND5",9606,0.421,0,0,0,0.075,0,0.4,0
"9606.ENSP00000225969","9606.ENSP00000263857","MRPL27","POLR1A",9606,0.47,0.113,0,0,0.158,0.256,0,0.16
"9606.ENSP00000225969","9606.ENSP00000274137","MRPL27","NDUFS6",9606,0.486,0,0,0,0.486,0,0,0
"9606.ENSP00000225969","9606.ENSP00000483254","MRPL27","HNRNPDL",9606,0.498,0,0,0,0.073,0.131,0,0.427
"9606.ENSP00000225969","9606.ENSP00000255631","MRPL27","HSPBP1",9606,0.608,0.042,0,0,0.377,0.324,0,0.145
"9606.ENSP00000225969","9606.ENSP00000360268","MRPL27","ALDH18A1",9606,0.615,0.356,0,0,0.129,0,0,0.37
"9606.ENSP00000225969","9606.ENSP00000306788","MRPL27","ARL6IP1",9606,0.672,0,0,0,0.416,0.409,0,0.127
"9606.ENSP00000225969","9606.ENSP00000495795","MRPL27","SPG7",9606,0.745,0.075,0,0,0.065,0.711,0,0.102
"9606.ENSP00000225969","9606.ENSP00000430598","MRPL27","ATOX1",9606,0.828,0,0,0,0.21,0.792,0,0
"9606.ENSP00000225969","9606.ENSP00000259873","MRPL27","MRPS18B",9606,0.83,0,0,0,0.188,0.8,0,0
"9606.ENSP00000225969","9606.ENSP00000292586","MRPL27","MRNIP",9606,0.849,0.115,0,0,0.686,0.425,0,0.172
"9606.ENSP00000225969","9606.ENSP00000258975","MRPL27","TACO1",9606,0.876,0.121,0,0,0.333,0.806,0,0
"9606.ENSP00000225969","9606.ENSP00000326981","MRPL27","IMP3",9606,0.899,0.11,0,0,0.747,0.508,0,0.2
"9606.ENSP00000225969","9606.ENSP00000427004","MRPL27","GFM2",9606,0.917,0,0,0,0.341,0.849,0,0.234
"9606.ENSP00000225969","9606.ENSP00000358812","MRPL27","PDCD11",9606,0.94,0.054,0,0,0.755,0.706,0,0.236
"9606.ENSP00000225969","9606.ENSP00000496250","MRPL27","RPL11",9606,0.965,0.047,0,0,0.856,0.707,0,0.236
"9606.ENSP00000225969","9606.ENSP00000360850","MRPL27","MRPS2",9606,0.983,0.069,0,0,0.658,0.948,0,0.145
"9606.ENSP00000226225","9606.ENSP00000398698","TNFAIP1","TNF",9606,0.533,0,0,0,0,0,0,0.533
"9606.ENSP00000226225","9606.ENSP00000356319","TNFAIP1","KIF14",9606,0.552,0,0,0,0,0.457,0,0.21
"9606.ENSP00000226225","9606.ENSP00000484398","TNFAIP1","SMTN",9606,0.577,0,0,0,0.075,0.556,0,0.054
"9606.ENSP00000226279","9606.ENSP00000361965","CD38","ADA",9606,0.4,0,0,0,0.184,0,0,0.295
"9606.ENSP00000226279","9606.ENSP00000428924","CD38","LYN",9606,0.421,0,0,0,0.14,0.043,0,0.353
"9606.ENSP00000226279","9606.ENSP00000380070","CD38","GAPDH",9606,0.447,0,0,0,0.06,0,0,0.436
"9606.ENSP00000226279","9606.ENSP00000436423","CD38","GNLY",9606,0.448,0,0,0,0.079,0,0,0.426
"9606.ENSP00000226279","9606.ENSP00000267082","CD38","ITGB7",9606,0.451,0,0,0,0.096,0,0,0.418
"9606.ENSP00000226279","9606.ENSP00000474412","CD38","CCL5",9606,0.471,0,0,0,0.089,0,0,0.444
"9606.ENSP00000226279","9606.ENSP00000351059","CD38","CX3CR1",9606,0.472,0,0,0,0.096,0,0,0.44
"9606.ENSP00000226279","9606.ENSP00000231009","CD38","GZMK",9606,0.479,0,0,0,0.14,0,0,0.42
"9606.ENSP00000226279","9606.ENSP00000357643","CD38","MKI67",9606,0.48,0,0,0,0.075,0,0,0.461
"9606.ENSP00000226279","9606.ENSP00000283285","CD38","CD96",9606,0.485,0,0,0,0.117,0,0,0.441
"9606.ENSP00000226279","9606.ENSP00000357012","CD38","CD244",9606,0.485,0,0,0,0.115,0,0,0.442
"9606.ENSP00000226279","9606.ENSP00000274306","CD38","GZMA",9606,0.492,0,0,0,0.124,0,0,0.444
"9606.ENSP00000226279","9606.ENSP00000388620","CD38","EOMES",9606,0.497,0,0,0,0.121,0,0,0.452
"9606.ENSP00000226279","9606.ENSP00000354394","CD38","STAT1",9606,0.5,0,0,0,0.162,0,0,0.428
"9606.ENSP00000226279","9606.ENSP00000380855","CD38","PDCD1LG2",9606,0.517,0,0,0,0.069,0,0,0.503
"9606.ENSP00000226279","9606.ENSP00000482259","CD38","CCL4",9606,0.517,0,0,0,0.085,0,0,0.494
"9606.ENSP00000226279","9606.ENSP00000368538","CD38","TNFRSF4",9606,0.55,0,0,0,0.075,0,0,0.534
"9606.ENSP00000226279","9606.ENSP00000296511","CD38","ANXA5",9606,0.565,0,0,0,0,0,0,0.565
"9606.ENSP00000226279","9606.ENSP00000332504","CD38","CCR10",9606,0.568,0,0,0,0.075,0,0,0.553
"9606.ENSP00000226279","9606.ENSP00000269305","CD38","TP53",9606,0.57,0,0,0,0,0,0,0.57
"9606.ENSP00000226279","9606.ENSP00000398568","CD38","PRF1",9606,0.647,0,0,0,0.136,0,0,0.609
"9606.ENSP00000226279","9606.ENSP00000312002","CD38","HAVCR2",9606,0.667,0,0,0,0.077,0,0,0.655
"9606.ENSP00000226279","9606.ENSP00000228463","CD38","SELPLG",9606,0.677,0,0,0,0.077,0,0,0.665
"9606.ENSP00000226279","9606.ENSP00000398698","CD38","TNF",9606,0.692,0,0,0,0.075,0,0,0.681
"9606.ENSP00000226279","9606.ENSP00000498852","CD38","SPN",9606,0.7,0,0,0,0.106,0,0,0.679
"9606.ENSP00000226279","9606.ENSP00000365380","CD38","FOXP3",9606,0.703,0,0,0,0,0,0,0.703
"9606.ENSP00000226279","9606.ENSP00000433847","CD38","B3GAT1",9606,0.719,0,0,0,0.043,0,0,0.719
"9606.ENSP00000226279","9606.ENSP00000496959","CD38","ITGAM",9606,0.719,0,0,0,0.098,0,0,0.702
"9606.ENSP00000226279","9606.ENSP00000229135","CD38","IFNG",9606,0.784,0,0,0,0.185,0,0,0.746
"9606.ENSP00000226279","9606.ENSP00000357022","CD38","SLAMF7",9606,0.809,0,0,0,0.279,0,0,0.747
"9606.ENSP00000226279","9606.ENSP00000356946","CD38","FCGR3A",9606,0.892,0,0,0,0.075,0.508,0,0.782
"9606.ENSP00000227266","9606.ENSP00000408146","CTSC","HLA-DPB1",9606,0.446,0,0,0,0.112,0.043,0.4,0.042
"9606.ENSP00000227266","9606.ENSP00000363117","CTSC","FGR",9606,0.477,0,0,0,0.09,0.046,0,0.446
"9606.ENSP00000227266","9606.ENSP00000393566","CTSC","HLA-DPA1",9606,0.494,0,0,0,0.079,0,0.4,0.159
"9606.ENSP00000227266","9606.ENSP00000339398","CTSC","HLA-DQA1",9606,0.5,0,0,0,0.128,0,0.4,0.122
"9606.ENSP00000227266","9606.ENSP00000353099","CTSC","HLA-DRB1",9606,0.506,0,0,0,0.107,0.043,0.4,0.152
"9606.ENSP00000227266","9606.ENSP00000364080","CTSC","HLA-DQB1",9606,0.516,0,0,0,0.109,0.043,0.4,0.167
"9606.ENSP00000227266","9606.ENSP00000463393","CTSC","SEC22B",9606,0.53,0,0,0,0.058,0,0.5,0.084
"9606.ENSP00000227266","9606.ENSP00000262225","CTSC","TMED2",9606,0.54,0,0,0,0.071,0,0.5,0.091
"9606.ENSP00000227266","9606.ENSP00000301633","CTSC","BIRC5",9606,0.695,0,0,0,0.075,0,0.65,0.136
"9606.ENSP00000227266","9606.ENSP00000420384","CTSC","CST7",9606,0.725,0,0,0,0.097,0.456,0,0.487
"9606.ENSP00000227266","9606.ENSP00000274306","CTSC","GZMA",9606,0.784,0,0,0,0.094,0,0,0.772
"9606.ENSP00000228463","9606.ENSP00000365380","SELPLG","FOXP3",9606,0.401,0,0,0,0.075,0,0,0.38
"9606.ENSP00000228463","9606.ENSP00000420384","SELPLG","CST7",9606,0.491,0,0,0,0.203,0,0,0.388
"9606.ENSP00000228463","9606.ENSP00000349359","SELPLG","SASH3",9606,0.493,0,0,0,0.403,0.044,0,0.184
"9606.ENSP00000228463","9606.ENSP00000474412","SELPLG","CCL5",9606,0.521,0,0,0,0.096,0,0,0.492
"9606.ENSP00000228463","9606.ENSP00000356946","SELPLG","FCGR3A",9606,0.539,0,0,0,0.195,0,0,0.451
"9606.ENSP00000228463","9606.ENSP00000351059","SELPLG","CX3CR1",9606,0.545,0,0,0,0.202,0,0,0.454
"9606.ENSP00000228463","9606.ENSP00000398698","SELPLG","TNF",9606,0.551,0,0,0,0.148,0,0,0.495
"9606.ENSP00000228463","9606.ENSP00000496959","SELPLG","ITGAM",9606,0.59,0,0,0,0.209,0,0,0.504
"9606.ENSP00000228463","9606.ENSP00000229135","SELPLG","IFNG",9606,0.623,0,0,0,0.075,0,0,0.61
"9606.ENSP00000228463","9606.ENSP00000278927","SELPLG","ESAM",9606,0.623,0,0,0,0.064,0,0.5,0.26
"9606.ENSP00000228463","9606.ENSP00000339813","SELPLG","TPST2",9606,0.785,0,0,0,0.075,0.474,0,0.595
"9606.ENSP00000228463","9606.ENSP00000318142","SELPLG","FUT7",9606,0.801,0,0,0,0.155,0,0,0.775
"9606.ENSP00000228463","9606.ENSP00000498852","SELPLG","SPN",9606,0.857,0,0,0,0.219,0.063,0,0.821
"9606.ENSP00000228463","9606.ENSP00000332062","SELPLG","SNX20",9606,0.911,0,0,0,0.173,0.456,0,0.819
"9606.ENSP00000228534","9606.ENSP00000354394","IL23A","STAT1",9606,0.408,0,0,0,0.055,0,0,0.4
"9606.ENSP00000228534","9606.ENSP00000496959","IL23A","ITGAM",9606,0.461,0,0,0,0.074,0,0,0.442
"9606.ENSP00000228534","9606.ENSP00000365380","IL23A","FOXP3",9606,0.536,0,0,0,0.107,0,0,0.502
"9606.ENSP00000228534","9606.ENSP00000398698","IL23A","TNF",9606,0.762,0,0,0,0.167,0,0,0.727
"9606.ENSP00000228534","9606.ENSP00000229135","IL23A","IFNG",9606,0.786,0,0,0,0.12,0,0,0.767
"9606.ENSP00000228534","9606.ENSP00000262345","IL23A","IL12RB2",9606,0.971,0,0,0,0.064,0,0.9,0.724
"9606.ENSP00000228534","9606.ENSP00000470788","IL23A","IL12RB1",9606,0.998,0,0,0,0.08,0.922,0.9,0.795
"9606.ENSP00000228872","9606.ENSP00000362334","CDKN1B","PSMB2",9606,0.4,0,0,0,0,0,0.4,0
"9606.ENSP00000228872","9606.ENSP00000357643","CDKN1B","MKI67",9606,0.404,0,0,0,0.055,0,0,0.396
"9606.ENSP00000228872","9606.ENSP00000264639","CDKN1B","PSMD3",9606,0.405,0,0,0,0,0,0.4,0.049
"9606.ENSP00000228872","9606.ENSP00000273480","CDKN1B","RNF7",9606,0.407,0,0,0,0.075,0.309,0,0.148
"9606.ENSP00000228872","9606.ENSP00000280154","CDKN1B","PDCD4",9606,0.409,0,0,0,0.096,0,0,0.374
"9606.ENSP00000228872","9606.ENSP00000478877","CDKN1B","ADRM1",9606,0.411,0,0,0,0,0,0.4,0.06
"9606.ENSP00000228872","9606.ENSP00000344635","CDKN1B","CCNG1",9606,0.438,0,0,0,0.095,0,0,0.405
"9606.ENSP00000228872","9606.ENSP00000355325","CDKN1B","PSMB5",9606,0.441,0,0,0,0,0,0.4,0.108
"9606.ENSP00000228872","9606.ENSP00000296511","CDKN1B","ANXA5",9606,0.451,0,0,0,0,0,0,0.451
"9606.ENSP00000228872","9606.ENSP00000330074","CDKN1B","H1-5",9606,0.489,0,0,0,0.053,0.457,0,0.087
"9606.ENSP00000228872","9606.ENSP00000301633","CDKN1B","BIRC5",9606,0.496,0,0,0,0,0,0,0.496
"9606.ENSP00000228872","9606.ENSP00000254436","CDKN1B","TRIM21",9606,0.5,0,0,0,0.057,0.457,0,0.103
"9606.ENSP00000228872","9606.ENSP00000380070","CDKN1B","GAPDH",9606,0.508,0,0,0,0.06,0,0,0.499
"9606.ENSP00000228872","9606.ENSP00000348838","CDKN1B","UBE2C",9606,0.518,0,0,0,0.082,0,0.4,0.196
"9606.ENSP00000228872","9606.ENSP00000438483","CDKN1B","KPNA2",9606,0.543,0,0,0,0.075,0.467,0,0.148
"9606.ENSP00000228872","9606.ENSP00000494750","CDKN1B","ACTB",9606,0.549,0,0,0,0.061,0,0,0.54
"9606.ENSP00000228872","9606.ENSP00000498976","CDKN1B","GPR19",9606,0.565,0,0,0,0.061,0,0,0.556
"9606.ENSP00000228872","9606.ENSP00000437125","CDKN1B","HSPA8",9606,0.57,0,0,0,0.067,0.459,0,0.217
"9606.ENSP00000228872","9606.ENSP00000307288","CDKN1B","MCM7",9606,0.604,0,0,0,0.078,0.467,0,0.26
"9606.ENSP00000228872","9606.ENSP00000418960","CDKN1B","BRCA1",9606,0.616,0,0,0,0,0.308,0,0.469
"9606.ENSP00000228872","9606.ENSP00000356319","CDKN1B","KIF14",9606,0.632,0,0,0,0.058,0,0.5,0.283
"9606.ENSP00000228872","9606.ENSP00000264335","CDKN1B","YWHAE",9606,0.643,0,0,0,0,0.583,0,0.18
"9606.ENSP00000228872","9606.ENSP00000361540","CDKN1B","CDC20",9606,0.664,0,0,0,0,0.457,0,0.407
"9606.ENSP00000228872","9606.ENSP00000355249","CDKN1B","E2F2",9606,0.687,0,0,0,0,0,0.5,0.4
"9606.ENSP00000228872","9606.ENSP00000320147","CDKN1B","EZH2",9606,0.69,0,0,0,0,0.456,0,0.454
"9606.ENSP00000228872","9606.ENSP00000428924","CDKN1B","LYN",9606,0.796,0,0,0,0.053,0.577,0.4,0.255
"9606.ENSP00000228872","9606.ENSP00000410452","CDKN1B","STMN1",9606,0.901,0,0,0,0.064,0.809,0,0.491
"9606.ENSP00000228872","9606.ENSP00000355114","CDKN1B","DCAF12",9606,0.902,0,0,0,0.059,0,0.9,0.048
"9606.ENSP00000228872","9606.ENSP00000483236","CDKN1B","DCAF7",9606,0.912,0,0,0,0.075,0,0.9,0.129
"9606.ENSP00000228872","9606.ENSP00000355958","CDKN1B","DTL",9606,0.914,0,0,0,0,0,0.9,0.183
"9606.ENSP00000228872","9606.ENSP00000383611","CDKN1B","CCNL2",9606,0.96,0,0,0,0.058,0,0,0.96
"9606.ENSP00000228872","9606.ENSP00000301764","CDKN1B","DDB1",9606,0.973,0,0,0,0.058,0.62,0.9,0.337
"9606.ENSP00000228872","9606.ENSP00000364976","CDKN1B","CKS2",9606,0.976,0,0,0,0.089,0.969,0,0.237
"9606.ENSP00000228872","9606.ENSP00000335628","CDKN1B","SPDYA",9606,0.982,0,0,0,0,0.979,0,0.222
"9606.ENSP00000228872","9606.ENSP00000269305","CDKN1B","TP53",9606,0.986,0,0,0,0,0.273,0.9,0.835
"9606.ENSP00000228872","9606.ENSP00000288207","CDKN1B","CCNB2",9606,0.992,0,0,0,0.055,0.989,0,0.337
"9606.ENSP00000228872","9606.ENSP00000256442","CDKN1B","CCNB1",9606,0.999,0,0,0,0,0.999,0,0.602
"9606.ENSP00000228872","9606.ENSP00000257904","CDKN1B","CDK4",9606,0.999,0,0,0,0.078,0.999,0.9,0.79
"9606.ENSP00000228872","9606.ENSP00000311083","CDKN1B","CKS1B",9606,0.999,0,0,0,0.082,0.999,0.5,0.698
"9606.ENSP00000228872","9606.ENSP00000378699","CDKN1B","CDK1",9606,0.999,0,0,0,0.084,0.999,0,0.623
"9606.ENSP00000228872","9606.ENSP00000429089","CDKN1B","CCNE2",9606,0.999,0,0,0,0.102,0.999,0.9,0.66
"9606.ENSP00000228872","9606.ENSP00000481380","CDKN1B","CCNA2",9606,0.999,0,0,0,0.065,0.999,0.9,0.839
"9606.ENSP00000229135","9606.ENSP00000267082","IFNG","ITGB7",9606,0.401,0,0,0,0.075,0,0,0.38
"9606.ENSP00000229135","9606.ENSP00000379038","IFNG","TYMP",9606,0.402,0,0,0,0.075,0,0,0.381
"9606.ENSP00000229135","9606.ENSP00000319788","IFNG","NQO1",9606,0.405,0,0,0,0,0,0,0.405
"9606.ENSP00000229135","9606.ENSP00000362334","IFNG","PSMB2",9606,0.41,0,0,0,0,0,0,0.41
"9606.ENSP00000229135","9606.ENSP00000408146","IFNG","HLA-DPB1",9606,0.411,0,0,0,0.075,0,0,0.39
"9606.ENSP00000229135","9606.ENSP00000428924","IFNG","LYN",9606,0.411,0,0,0,0.063,0,0,0.398
"9606.ENSP00000229135","9606.ENSP00000376436","IFNG","ETS1",9606,0.414,0,0,0,0.083,0,0,0.388
"9606.ENSP00000229135","9606.ENSP00000257904","IFNG","CDK4",9606,0.42,0,0,0,0,0,0,0.42
"9606.ENSP00000229135","9606.ENSP00000420384","IFNG","CST7",9606,0.425,0,0,0,0.195,0,0,0.315
"9606.ENSP00000229135","9606.ENSP00000395590","IFNG","IFI35",9606,0.439,0,0,0,0.075,0,0,0.419
"9606.ENSP00000229135","9606.ENSP00000261523","IFNG","RORA",9606,0.441,0,0,0,0.075,0,0,0.421
"9606.ENSP00000229135","9606.ENSP00000305372","IFNG","ADRB2",9606,0.441,0,0,0,0.098,0,0,0.406
"9606.ENSP00000229135","9606.ENSP00000375873","IFNG","ATG16L1",9606,0.441,0,0,0,0,0,0,0.441
"9606.ENSP00000229135","9606.ENSP00000393566","IFNG","HLA-DPA1",9606,0.443,0,0,0,0.076,0,0,0.422
"9606.ENSP00000229135","9606.ENSP00000289361","IFNG","BTN3A1",9606,0.448,0,0,0,0.075,0,0,0.428
"9606.ENSP00000229135","9606.ENSP00000254436","IFNG","TRIM21",9606,0.452,0,0,0,0.072,0,0,0.434
"9606.ENSP00000229135","9606.ENSP00000388792","IFNG","ZNF683",9606,0.462,0,0,0,0.11,0,0,0.421
"9606.ENSP00000229135","9606.ENSP00000257570","IFNG","OASL",9606,0.464,0,0,0,0.128,0,0,0.411
"9606.ENSP00000229135","9606.ENSP00000332504","IFNG","CCR10",9606,0.465,0,0,0,0,0,0,0.465
"9606.ENSP00000229135","9606.ENSP00000385057","IFNG","APOBEC3G",9606,0.472,0,0,0,0.13,0,0,0.419
"9606.ENSP00000229135","9606.ENSP00000264316","IFNG","TXK",9606,0.478,0,0,0,0.075,0,0,0.459
"9606.ENSP00000229135","9606.ENSP00000377245","IFNG","KEAP1",9606,0.479,0,0,0,0.092,0,0,0.45
"9606.ENSP00000229135","9606.ENSP00000301633","IFNG","BIRC5",9606,0.496,0,0,0,0,0,0,0.496
"9606.ENSP00000229135","9606.ENSP00000357643","IFNG","MKI67",9606,0.496,0,0,0,0,0,0,0.496
"9606.ENSP00000229135","9606.ENSP00000320147","IFNG","EZH2",9606,0.504,0,0,0,0.069,0,0,0.49
"9606.ENSP00000229135","9606.ENSP00000339398","IFNG","HLA-DQA1",9606,0.509,0,0,0,0.075,0,0,0.491
"9606.ENSP00000229135","9606.ENSP00000433209","IFNG","GSDMD",9606,0.512,0,0,0,0.063,0,0,0.501
"9606.ENSP00000229135","9606.ENSP00000361965","IFNG","ADA",9606,0.516,0,0,0,0.075,0,0,0.499
"9606.ENSP00000229135","9606.ENSP00000357169","IFNG","FCRL3",9606,0.518,0,0,0.225,0.258,0,0,0.23
"9606.ENSP00000229135","9606.ENSP00000283285","IFNG","CD96",9606,0.522,0,0,0,0.154,0,0,0.459
"9606.ENSP00000229135","9606.ENSP00000447730","IFNG","CD63",9606,0.522,0,0,0,0.072,0,0,0.507
"9606.ENSP00000229135","9606.ENSP00000356793","IFNG","XCL2",9606,0.529,0,0,0,0.289,0,0,0.365
"9606.ENSP00000229135","9606.ENSP00000357022","IFNG","SLAMF7",9606,0.531,0,0,0,0.204,0,0,0.435
"9606.ENSP00000229135","9606.ENSP00000290200","IFNG","IL10RB",9606,0.535,0,0,0,0,0,0,0.535
"9606.ENSP00000229135","9606.ENSP00000498852","IFNG","SPN",9606,0.537,0,0,0,0.075,0,0,0.52
"9606.ENSP00000229135","9606.ENSP00000252593","IFNG","BST2",9606,0.558,0,0,0,0.075,0,0,0.542
"9606.ENSP00000229135","9606.ENSP00000355325","IFNG","PSMB5",9606,0.558,0,0,0,0,0,0,0.558
"9606.ENSP00000229135","9606.ENSP00000483330","IFNG","CCL4L2",9606,0.571,0,0,0,0.125,0,0,0.53
"9606.ENSP00000229135","9606.ENSP00000342278","IFNG","OAS2",9606,0.586,0,0,0,0.075,0,0,0.571
"9606.ENSP00000229135","9606.ENSP00000365435","IFNG","TNFRSF1B",9606,0.587,0,0,0,0.079,0,0,0.571
"9606.ENSP00000229135","9606.ENSP00000388001","IFNG","OAS1",9606,0.603,0,0,0,0.075,0,0,0.589
"9606.ENSP00000229135","9606.ENSP00000364080","IFNG","HLA-DQB1",9606,0.632,0,0,0,0.075,0,0,0.619
"9606.ENSP00000229135","9606.ENSP00000367013","IFNG","TNFRSF25",9606,0.653,0,0,0,0.076,0,0,0.64
"9606.ENSP00000229135","9606.ENSP00000231009","IFNG","GZMK",9606,0.677,0,0,0,0.273,0,0,0.574
"9606.ENSP00000229135","9606.ENSP00000347495","IFNG","WARS1",9606,0.687,0,0,0,0.096,0,0,0.669
"9606.ENSP00000229135","9606.ENSP00000357012","IFNG","CD244",9606,0.7,0,0,0,0.095,0,0,0.683
"9606.ENSP00000229135","9606.ENSP00000433847","IFNG","B3GAT1",9606,0.71,0,0,0,0.075,0,0,0.7
"9606.ENSP00000229135","9606.ENSP00000351059","IFNG","CX3CR1",9606,0.724,0,0,0,0.092,0,0,0.709
"9606.ENSP00000229135","9606.ENSP00000296511","IFNG","ANXA5",9606,0.726,0,0,0,0.056,0,0,0.722
"9606.ENSP00000229135","9606.ENSP00000368538","IFNG","TNFRSF4",9606,0.733,0,0,0,0.094,0,0,0.718
"9606.ENSP00000229135","9606.ENSP00000359497","IFNG","GBP2",9606,0.735,0,0,0,0.094,0,0,0.72
"9606.ENSP00000229135","9606.ENSP00000436423","IFNG","GNLY",9606,0.75,0,0,0,0.267,0,0,0.673
"9606.ENSP00000229135","9606.ENSP00000353099","IFNG","HLA-DRB1",9606,0.755,0,0,0,0.075,0,0,0.746
"9606.ENSP00000229135","9606.ENSP00000494750","IFNG","ACTB",9606,0.77,0,0,0,0,0.108,0,0.753
"9606.ENSP00000229135","9606.ENSP00000380070","IFNG","GAPDH",9606,0.786,0,0,0,0.064,0,0,0.781
"9606.ENSP00000229135","9606.ENSP00000269305","IFNG","TP53",9606,0.795,0,0,0,0,0,0,0.795
"9606.ENSP00000229135","9606.ENSP00000471896","IFNG","IRF3",9606,0.803,0,0,0,0,0,0,0.803
"9606.ENSP00000229135","9606.ENSP00000351314","IFNG","PSMB10",9606,0.808,0,0,0,0.072,0,0,0.802
"9606.ENSP00000229135","9606.ENSP00000363993","IFNG","PSMB9",9606,0.819,0,0,0,0.078,0,0,0.812
"9606.ENSP00000229135","9606.ENSP00000364016","IFNG","PSMB8",9606,0.821,0,0,0,0.07,0,0,0.816
"9606.ENSP00000229135","9606.ENSP00000388620","IFNG","EOMES",9606,0.839,0,0,0,0.195,0.27,0,0.749
"9606.ENSP00000229135","9606.ENSP00000274306","IFNG","GZMA",9606,0.842,0,0,0,0.461,0,0,0.719
"9606.ENSP00000229135","9606.ENSP00000380855","IFNG","PDCD1LG2",9606,0.846,0,0,0,0.097,0,0,0.837
"9606.ENSP00000229135","9606.ENSP00000312002","IFNG","HAVCR2",9606,0.88,0,0,0,0.142,0,0,0.866
"9606.ENSP00000229135","9606.ENSP00000474412","IFNG","CCL5",9606,0.918,0,0,0,0.182,0,0,0.905
"9606.ENSP00000229135","9606.ENSP00000496959","IFNG","ITGAM",9606,0.922,0,0,0,0.075,0,0,0.92
"9606.ENSP00000229135","9606.ENSP00000356946","IFNG","FCGR3A",9606,0.925,0,0,0,0.075,0,0,0.923
"9606.ENSP00000229135","9606.ENSP00000482259","IFNG","CCL4",9606,0.934,0,0,0,0.223,0,0,0.919
"9606.ENSP00000229135","9606.ENSP00000398568","IFNG","PRF1",9606,0.948,0,0,0,0.304,0,0,0.929
"9606.ENSP00000229135","9606.ENSP00000470788","IFNG","IL12RB1",9606,0.953,0,0,0,0.201,0,0.65,0.848
"9606.ENSP00000229135","9606.ENSP00000262345","IFNG","IL12RB2",9606,0.954,0,0,0,0.253,0,0.65,0.84
"9606.ENSP00000229135","9606.ENSP00000365380","IFNG","FOXP3",9606,0.983,0,0,0,0.075,0.467,0.5,0.941
"9606.ENSP00000229135","9606.ENSP00000354394","IFNG","STAT1",9606,0.988,0,0,0,0.095,0.452,0.5,0.958
"9606.ENSP00000229135","9606.ENSP00000398698","IFNG","TNF",9606,0.997,0,0,0,0.854,0,0,0.985
"9606.ENSP00000229812","9606.ENSP00000377936","STK38","PPP2R2B",9606,0.426,0,0,0,0,0.388,0,0.102
"9606.ENSP00000229812","9606.ENSP00000253363","STK38","RBM39",9606,0.468,0,0,0,0.062,0.457,0,0
"9606.ENSP00000229812","9606.ENSP00000498336","STK38","MTHFD1",9606,0.47,0,0,0,0,0.457,0,0.065
"9606.ENSP00000229812","9606.ENSP00000271139","STK38","MOB3C",9606,0.473,0,0,0,0.073,0,0,0.455
"9606.ENSP00000229812","9606.ENSP00000332194","STK38","H2AC20",9606,0.479,0,0,0,0,0.457,0,0.081
"9606.ENSP00000229812","9606.ENSP00000271628","STK38","SF3B4",9606,0.486,0,0,0,0.075,0.457,0,0.059
"9606.ENSP00000229812","9606.ENSP00000404854","STK38","NDRG1",9606,0.499,0,0,0,0.06,0.489,0,0
"9606.ENSP00000229812","9606.ENSP00000300093","STK38","PLK1",9606,0.502,0,0,0,0.057,0.438,0,0.136
"9606.ENSP00000229812","9606.ENSP00000256442","STK38","CCNB1",9606,0.572,0,0,0,0,0.523,0,0.141
"9606.ENSP00000229812","9606.ENSP00000269305","STK38","TP53",9606,0.618,0,0,0,0,0.547,0,0.192
"9606.ENSP00000229812","9606.ENSP00000349575","STK38","MOB3A",9606,0.621,0,0,0,0.094,0,0,0.599
"9606.ENSP00000230056","9606.ENSP00000468425","GMNN","TK1",9606,0.409,0,0,0,0.295,0,0,0.197
"9606.ENSP00000230056","9606.ENSP00000264639","GMNN","PSMD3",9606,0.416,0,0,0,0.067,0,0.4,0
"9606.ENSP00000230056","9606.ENSP00000478877","GMNN","ADRM1",9606,0.421,0,0,0,0.075,0,0.4,0
"9606.ENSP00000230056","9606.ENSP00000306968","GMNN","CDCA7",9606,0.425,0,0,0,0.219,0,0,0.294
"9606.ENSP00000230056","9606.ENSP00000328228","GMNN","CDCA2",9606,0.426,0,0,0,0.193,0,0,0.319
"9606.ENSP00000230056","9606.ENSP00000301633","GMNN","BIRC5",9606,0.43,0,0,0,0.3,0,0,0.22
"9606.ENSP00000230056","9606.ENSP00000336868","GMNN","CENPA",9606,0.435,0,0,0,0.2,0,0,0.323
"9606.ENSP00000230056","9606.ENSP00000362334","GMNN","PSMB2",9606,0.436,0,0,0,0.096,0,0.4,0.045
"9606.ENSP00000230056","9606.ENSP00000300035","GMNN","PCLAF",9606,0.44,0,0,0,0.312,0,0,0.22
"9606.ENSP00000230056","9606.ENSP00000442068","GMNN","CDCA3",9606,0.441,0,0,0,0.232,0,0,0.303
"9606.ENSP00000230056","9606.ENSP00000377536","GMNN","PTTG1",9606,0.442,0,0,0,0.278,0,0,0.26
"9606.ENSP00000230056","9606.ENSP00000493712","GMNN","RAD51",9606,0.442,0,0,0,0.321,0,0,0.212
"9606.ENSP00000230056","9606.ENSP00000260363","GMNN","KIF23",9606,0.445,0,0,0,0.223,0,0,0.315
"9606.ENSP00000230056","9606.ENSP00000355325","GMNN","PSMB5",9606,0.446,0,0,0,0.112,0,0.4,0.045
"9606.ENSP00000230056","9606.ENSP00000268383","GMNN","CDR2",9606,0.452,0,0,0,0,0.452,0,0
"9606.ENSP00000230056","9606.ENSP00000325017","GMNN","NCAPD2",9606,0.47,0,0,0,0.166,0,0,0.391
"9606.ENSP00000230056","9606.ENSP00000300738","GMNN","RRM1",9606,0.473,0,0,0,0.334,0,0,0.242
"9606.ENSP00000230056","9606.ENSP00000251496","GMNN","NCAPG",9606,0.476,0,0,0,0.429,0,0,0.121
"9606.ENSP00000230056","9606.ENSP00000363055","GMNN","ZWINT",9606,0.476,0,0,0,0.37,0,0,0.203
"9606.ENSP00000230056","9606.ENSP00000411532","GMNN","TOP2A",9606,0.476,0,0,0,0.259,0,0,0.322
"9606.ENSP00000230056","9606.ENSP00000499238","GMNN","NUSAP1",9606,0.492,0,0,0,0.326,0,0,0.278
"9606.ENSP00000230056","9606.ENSP00000275517","GMNN","CDCA5",9606,0.497,0,0,0,0.309,0,0,0.303
"9606.ENSP00000230056","9606.ENSP00000288207","GMNN","CCNB2",9606,0.498,0,0,0,0.226,0,0,0.379
"9606.ENSP00000230056","9606.ENSP00000302530","GMNN","BUB1",9606,0.5,0,0,0,0.3,0,0,0.315
"9606.ENSP00000230056","9606.ENSP00000361298","GMNN","KIF2C",9606,0.509,0,0,0,0.218,0,0,0.399
"9606.ENSP00000230056","9606.ENSP00000362146","GMNN","CDCA8",9606,0.513,0,0,0,0.29,0,0,0.343
"9606.ENSP00000230056","9606.ENSP00000312995","GMNN","CLSPN",9606,0.529,0,0,0,0.167,0,0,0.458
"9606.ENSP00000230056","9606.ENSP00000256442","GMNN","CCNB1",9606,0.54,0,0,0,0.299,0,0,0.372
"9606.ENSP00000230056","9606.ENSP00000247191","GMNN","DLGAP5",9606,0.543,0,0,0,0.321,0,0,0.355
"9606.ENSP00000230056","9606.ENSP00000380256","GMNN","CCNF",9606,0.563,0,0,0,0.08,0.457,0,0.197
"9606.ENSP00000230056","9606.ENSP00000305480","GMNN","FEN1",9606,0.573,0,0,0,0.396,0,0,0.323
"9606.ENSP00000230056","9606.ENSP00000357308","GMNN","CENPW",9606,0.595,0,0,0,0.504,0,0,0.217
"9606.ENSP00000230056","9606.ENSP00000300093","GMNN","PLK1",9606,0.599,0,0,0,0.184,0,0,0.529
"9606.ENSP00000230056","9606.ENSP00000315644","GMNN","TYMS",9606,0.604,0,0,0,0.418,0,0,0.349
"9606.ENSP00000230056","9606.ENSP00000355506","GMNN","EXO1",9606,0.605,0,0,0,0.268,0,0,0.483
"9606.ENSP00000230056","9606.ENSP00000353770","GMNN","RRM2",9606,0.606,0,0,0,0.439,0,0,0.328
"9606.ENSP00000230056","9606.ENSP00000429089","GMNN","CCNE2",9606,0.618,0,0,0,0.22,0,0,0.531
"9606.ENSP00000230056","9606.ENSP00000355958","GMNN","DTL",9606,0.629,0,0,0,0.496,0,0,0.295
"9606.ENSP00000230056","9606.ENSP00000348838","GMNN","UBE2C",9606,0.669,0,0,0,0.253,0,0.4,0.321
"9606.ENSP00000230056","9606.ENSP00000253462","GMNN","GINS2",9606,0.704,0,0,0,0.372,0,0,0.548
"9606.ENSP00000230056","9606.ENSP00000360623","GMNN","ORC1",9606,0.718,0,0,0,0.241,0,0.5,0.319
"9606.ENSP00000230056","9606.ENSP00000405726","GMNN","CDC45",9606,0.725,0,0,0,0.376,0,0,0.578
"9606.ENSP00000230056","9606.ENSP00000418268","GMNN","MCM10",9606,0.743,0,0,0,0.317,0,0.5,0.309
"9606.ENSP00000230056","9606.ENSP00000480987","GMNN","MCM3",9606,0.769,0,0,0,0.366,0,0.5,0.332
"9606.ENSP00000230056","9606.ENSP00000307288","GMNN","MCM7",9606,0.774,0,0,0,0.361,0,0.5,0.351
"9606.ENSP00000230056","9606.ENSP00000262105","GMNN","MCM4",9606,0.789,0,0,0,0.319,0,0.5,0.432
"9606.ENSP00000230056","9606.ENSP00000311083","GMNN","CKS1B",9606,0.902,0,0,0,0.29,0.841,0,0.206
"9606.ENSP00000230056","9606.ENSP00000364976","GMNN","CKS2",9606,0.929,0,0,0,0.342,0.856,0,0.311
"9606.ENSP00000230056","9606.ENSP00000361540","GMNN","CDC20",9606,0.973,0,0,0,0.213,0.918,0,0.616
"9606.ENSP00000230056","9606.ENSP00000481380","GMNN","CCNA2",9606,0.98,0,0,0,0.358,0.954,0,0.394
"9606.ENSP00000230056","9606.ENSP00000378699","GMNN","CDK1",9606,0.986,0,0,0,0.421,0.968,0,0.319
"9606.ENSP00000230340","9606.ENSP00000360329","BYSL","TTC4",9606,0.413,0,0,0,0.413,0,0,0
"9606.ENSP00000230340","9606.ENSP00000373489","BYSL","KRT18",9606,0.413,0,0,0,0.075,0.374,0,0.068
"9606.ENSP00000230340","9606.ENSP00000469880","BYSL","VRK3",9606,0.475,0,0,0,0,0.419,0,0.134
"9606.ENSP00000230340","9606.ENSP00000356319","BYSL","KIF14",9606,0.479,0,0,0,0.081,0.457,0,0
"9606.ENSP00000230340","9606.ENSP00000495530","BYSL","ENO1",9606,0.487,0,0,0,0.323,0.234,0,0.091
"9606.ENSP00000230340","9606.ENSP00000320309","BYSL","FARSA",9606,0.497,0,0,0,0.354,0,0,0.254
"9606.ENSP00000230340","9606.ENSP00000362027","BYSL","TRMT2B",9606,0.561,0,0,0,0.559,0,0,0.046
"9606.ENSP00000230340","9606.ENSP00000306788","BYSL","ARL6IP1",9606,0.57,0,0,0,0.062,0.547,0,0.071
"9606.ENSP00000230340","9606.ENSP00000398882","BYSL","DOHH",9606,0.605,0,0,0,0.605,0,0,0
"9606.ENSP00000230340","9606.ENSP00000292586","BYSL","MRNIP",9606,0.763,0,0,0,0.088,0.747,0,0.056
"9606.ENSP00000230340","9606.ENSP00000496250","BYSL","RPL11",9606,0.833,0,0,0,0.124,0.756,0,0.285
"9606.ENSP00000230340","9606.ENSP00000350698","BYSL","DDX47",9606,0.873,0,0,0,0.703,0.508,0,0.202
"9606.ENSP00000230340","9606.ENSP00000361433","BYSL","EXOSC2",9606,0.874,0,0,0,0.339,0.797,0,0.138
"9606.ENSP00000230340","9606.ENSP00000263857","BYSL","POLR1A",9606,0.897,0,0,0,0.877,0,0,0.2
"9606.ENSP00000230340","9606.ENSP00000315476","BYSL","EXOSC4",9606,0.905,0,0,0,0.333,0.836,0,0.206
"9606.ENSP00000230340","9606.ENSP00000244496","BYSL","RRP36",9606,0.938,0,0,0,0.342,0.867,0,0.358
"9606.ENSP00000230340","9606.ENSP00000261015","BYSL","WDR12",9606,0.956,0,0,0,0.783,0.661,0,0.46
"9606.ENSP00000230340","9606.ENSP00000358812","BYSL","PDCD11",9606,0.994,0,0,0,0.857,0.867,0,0.711
"9606.ENSP00000230340","9606.ENSP00000326981","BYSL","IMP3",9606,0.995,0,0,0,0.816,0.971,0,0.235
"9606.ENSP00000230340","9606.ENSP00000470560","BYSL","EMG1",9606,0.996,0,0,0,0.724,0.971,0,0.638
"9606.ENSP00000230340","9606.ENSP00000264279","BYSL","NOP58",9606,0.998,0,0,0,0.883,0.971,0,0.458
"9606.ENSP00000230340","9606.ENSP00000268802","BYSL","NOB1",9606,0.999,0,0,0,0.932,0.988,0.9,0.834
"9606.ENSP00000230340","9606.ENSP00000328854","BYSL","NOC4L",9606,0.999,0,0,0,0.873,0.973,0.54,0.612
"9606.ENSP00000231009","9606.ENSP00000353099","GZMK","HLA-DRB1",9606,0.416,0,0,0,0.105,0.067,0,0.357
"9606.ENSP00000231009","9606.ENSP00000357022","GZMK","SLAMF7",9606,0.427,0,0,0,0.202,0,0,0.312
"9606.ENSP00000231009","9606.ENSP00000357012","GZMK","CD244",9606,0.452,0,0,0,0.184,0,0,0.356
"9606.ENSP00000231009","9606.ENSP00000398698","GZMK","TNF",9606,0.458,0,0,0,0.077,0.064,0,0.424
"9606.ENSP00000231009","9606.ENSP00000393566","GZMK","HLA-DPA1",9606,0.47,0,0,0,0.206,0,0,0.36
"9606.ENSP00000231009","9606.ENSP00000368538","GZMK","TNFRSF4",9606,0.478,0,0,0,0.093,0,0,0.449
"9606.ENSP00000231009","9606.ENSP00000483330","GZMK","CCL4L2",9606,0.478,0,0,0,0.142,0,0,0.417
"9606.ENSP00000231009","9606.ENSP00000458162","GZMK","ACTG1",9606,0.501,0,0,0,0,0.475,0,0.089
"9606.ENSP00000231009","9606.ENSP00000351059","GZMK","CX3CR1",9606,0.522,0,0,0,0.102,0,0,0.49
"9606.ENSP00000231009","9606.ENSP00000357643","GZMK","MKI67",9606,0.55,0,0,0,0,0,0,0.55
"9606.ENSP00000231009","9606.ENSP00000356946","GZMK","FCGR3A",9606,0.57,0,0,0,0.188,0,0,0.493
"9606.ENSP00000231009","9606.ENSP00000482259","GZMK","CCL4",9606,0.581,0,0,0,0.2,0,0,0.498
"9606.ENSP00000231009","9606.ENSP00000365380","GZMK","FOXP3",9606,0.584,0,0,0,0.076,0,0,0.569
"9606.ENSP00000231009","9606.ENSP00000283285","GZMK","CD96",9606,0.611,0,0,0,0.449,0,0,0.323
"9606.ENSP00000231009","9606.ENSP00000356793","GZMK","XCL2",9606,0.624,0,0,0,0.273,0,0,0.505
"9606.ENSP00000231009","9606.ENSP00000312002","GZMK","HAVCR2",9606,0.633,0,0,0,0.095,0.067,0,0.601
"9606.ENSP00000231009","9606.ENSP00000388792","GZMK","ZNF683",9606,0.662,0,0,0,0.208,0,0,0.591
"9606.ENSP00000231009","9606.ENSP00000259989","GZMK","FGFBP2",9606,0.663,0,0,0,0.191,0,0,0.601
"9606.ENSP00000231009","9606.ENSP00000420384","GZMK","CST7",9606,0.759,0,0,0,0.543,0,0,0.495
"9606.ENSP00000231009","9606.ENSP00000474412","GZMK","CCL5",9606,0.827,0,0,0,0.616,0,0,0.568
"9606.ENSP00000231009","9606.ENSP00000388620","GZMK","EOMES",9606,0.888,0,0,0,0.729,0,0,0.606
"9606.ENSP00000231009","9606.ENSP00000398568","GZMK","PRF1",9606,0.907,0,0,0,0.551,0,0,0.802
"9606.ENSP00000231009","9606.ENSP00000436423","GZMK","GNLY",9606,0.93,0,0,0,0.716,0,0,0.765
"9606.ENSP00000231009","9606.ENSP00000274306","GZMK","GZMA",9606,0.949,0,0,0.089,0.942,0,0,0.126
"9606.ENSP00000231198","9606.ENSP00000335201","THG1L","BCDIN3D",9606,0.42,0,0,0,0.113,0,0,0.374
"9606.ENSP00000231198","9606.ENSP00000263246","THG1L","PACSIN2",9606,0.674,0,0,0,0,0.674,0,0
"9606.ENSP00000231524","9606.ENSP00000254816","TRIM23","TRIM47",9606,0.406,0,0,0,0,0,0,0.406
"9606.ENSP00000231524","9606.ENSP00000269305","TRIM23","TP53",9606,0.534,0,0,0,0,0.469,0,0.159
"9606.ENSP00000231524","9606.ENSP00000254436","TRIM23","TRIM21",9606,0.54,0,0,0,0.061,0,0,0.531
"9606.ENSP00000231524","9606.ENSP00000365071","TRIM23","GPANK1",9606,0.615,0,0,0,0,0.615,0,0
"9606.ENSP00000231524","9606.ENSP00000316176","TRIM23","UBE2N",9606,0.628,0,0,0,0.075,0.466,0,0.309
"9606.ENSP00000232905","9606.ENSP00000429323","EIF1B","EIF2B4",9606,0.47,0,0,0,0.097,0.11,0,0.394
"9606.ENSP00000232905","9606.ENSP00000292586","EIF1B","MRNIP",9606,0.531,0,0,0,0,0.512,0,0.08
"9606.ENSP00000234256","9606.ENSP00000441065","SLC1A4","SLC16A1",9606,0.442,0,0,0,0.075,0,0,0.422
"9606.ENSP00000234256","9606.ENSP00000449756","SLC1A4","SLC38A1",9606,0.575,0,0,0,0.077,0.046,0,0.557
"9606.ENSP00000234256","9606.ENSP00000444408","SLC1A4","SLC1A5",9606,0.834,0,0,0.064,0.129,0.806,0,0.076
"9606.ENSP00000234313","9606.ENSP00000269305","PLEK","TP53",9606,0.4,0,0,0,0,0,0,0.4
"9606.ENSP00000234313","9606.ENSP00000482259","PLEK","CCL4",9606,0.401,0,0,0,0.329,0,0,0.145
"9606.ENSP00000234313","9606.ENSP00000380070","PLEK","GAPDH",9606,0.416,0,0,0,0.067,0,0,0.4
"9606.ENSP00000234313","9606.ENSP00000265080","PLEK","RASGRF2",9606,0.419,0,0,0,0,0,0,0.419
"9606.ENSP00000234313","9606.ENSP00000398698","PLEK","TNF",9606,0.441,0,0,0,0.226,0,0,0.308
"9606.ENSP00000234313","9606.ENSP00000496959","PLEK","ITGAM",9606,0.449,0,0,0,0.361,0,0,0.174
"9606.ENSP00000234313","9606.ENSP00000248437","PLEK","TUBA4A",9606,0.456,0,0,0,0.061,0,0.4,0.112
"9606.ENSP00000234313","9606.ENSP00000494550","PLEK","MYO1F",9606,0.473,0,0,0,0.316,0,0,0.262
"9606.ENSP00000234313","9606.ENSP00000349359","PLEK","SASH3",9606,0.51,0,0,0,0.446,0,0,0.152
"9606.ENSP00000234313","9606.ENSP00000276420","PLEK","DOK2",9606,0.522,0,0,0,0.333,0,0,0.314
"9606.ENSP00000234313","9606.ENSP00000424846","PLEK","SH3BP2",9606,0.551,0,0,0,0.076,0,0,0.534
"9606.ENSP00000234313","9606.ENSP00000296511","PLEK","ANXA5",9606,0.553,0,0,0,0.075,0,0.4,0.26
"9606.ENSP00000234313","9606.ENSP00000449241","PLEK","AGAP2",9606,0.56,0,0,0,0.075,0,0,0.544
"9606.ENSP00000234313","9606.ENSP00000363117","PLEK","FGR",9606,0.617,0,0,0,0.516,0,0,0.242
"9606.ENSP00000234313","9606.ENSP00000264316","PLEK","TXK",9606,0.618,0,0,0,0.09,0,0,0.598
"9606.ENSP00000234313","9606.ENSP00000245932","PLEK","VASP",9606,0.628,0,0,0,0.106,0,0,0.602
"9606.ENSP00000234313","9606.ENSP00000364956","PLEK","PLEKHM2",9606,0.629,0,0,0,0.067,0,0,0.619
"9606.ENSP00000234313","9606.ENSP00000286548","PLEK","GNAQ",9606,0.63,0,0,0,0.076,0,0,0.616
"9606.ENSP00000234313","9606.ENSP00000478877","PLEK","ADRM1",9606,0.631,0,0,0,0.06,0,0,0.624
"9606.ENSP00000234313","9606.ENSP00000428924","PLEK","LYN",9606,0.674,0,0,0,0.441,0,0,0.441
"9606.ENSP00000234313","9606.ENSP00000345808","PLEK","ARHGAP12",9606,0.679,0,0,0,0,0,0,0.679
"9606.ENSP00000234313","9606.ENSP00000378483","PLEK","RGS19",9606,0.697,0,0,0,0.133,0,0,0.665
"9606.ENSP00000234313","9606.ENSP00000249071","PLEK","RAC2",9606,0.706,0,0,0,0.299,0,0,0.599
"9606.ENSP00000234371","9606.ENSP00000299163","KISS1R","HIF1AN",9606,0.456,0,0,0,0,0.456,0,0
"9606.ENSP00000234371","9606.ENSP00000437125","KISS1R","HSPA8",9606,0.456,0,0,0,0,0.456,0,0
"9606.ENSP00000234371","9606.ENSP00000264218","KISS1R","NMU",9606,0.556,0,0,0,0,0,0.5,0.15
"9606.ENSP00000234371","9606.ENSP00000334448","KISS1R","GNG2",9606,0.808,0,0,0,0,0.808,0,0
"9606.ENSP00000234371","9606.ENSP00000295619","KISS1R","PROK2",9606,0.918,0,0,0,0.073,0,0.5,0.838
"9606.ENSP00000234371","9606.ENSP00000286548","KISS1R","GNAQ",9606,0.993,0,0,0,0,0.9,0.9,0.39
"9606.ENSP00000239666","9606.ENSP00000495795","PDZD11","SPG7",9606,0.721,0,0,0,0,0.046,0.72,0
"9606.ENSP00000239666","9606.ENSP00000430598","PDZD11","ATOX1",9606,0.773,0,0,0,0.083,0,0.75,0.093
"9606.ENSP00000239666","9606.ENSP00000363524","PDZD11","KIF4A",9606,0.805,0,0,0,0.094,0.06,0,0.79
"9606.ENSP00000239666","9606.ENSP00000363591","PDZD11","BAK1",9606,0.901,0,0,0,0.059,0,0.9,0
"9606.ENSP00000240651","9606.ENSP00000348752","PYROXD1","ORAI2",9606,0.502,0,0.502,0,0,0,0,0
"9606.ENSP00000240651","9606.ENSP00000268797","PYROXD1","GFOD2",9606,0.551,0.042,0,0,0.071,0,0,0.537
"9606.ENSP00000240651","9606.ENSP00000313050","PYROXD1","NIPSNAP2",9606,0.569,0,0,0,0.068,0.557,0,0
"9606.ENSP00000241502","9606.ENSP00000349575","FYTTD1","MOB3A",9606,0.413,0,0,0,0.095,0.379,0,0
"9606.ENSP00000241502","9606.ENSP00000380256","FYTTD1","CCNF",9606,0.457,0,0,0,0,0.457,0,0
"9606.ENSP00000241502","9606.ENSP00000361883","FYTTD1","CAP1",9606,0.477,0,0,0,0,0.396,0,0.171
"9606.ENSP00000241502","9606.ENSP00000325240","FYTTD1","LASP1",9606,0.483,0,0,0,0.068,0.398,0,0.153
"9606.ENSP00000241502","9606.ENSP00000339001","FYTTD1","TUBB",9606,0.494,0,0,0,0.075,0.457,0,0.075
"9606.ENSP00000241502","9606.ENSP00000392270","FYTTD1","STRAP",9606,0.52,0,0,0,0.094,0.457,0,0.103
"9606.ENSP00000241502","9606.ENSP00000387996","FYTTD1","CSTF2",9606,0.528,0,0,0,0.075,0,0.5,0.063
"9606.ENSP00000241502","9606.ENSP00000423933","FYTTD1","THUMPD2",9606,0.549,0,0,0,0.075,0,0,0.533
"9606.ENSP00000241502","9606.ENSP00000264645","FYTTD1","CASC3",9606,0.621,0,0,0,0.093,0,0.5,0.232
"9606.ENSP00000241502","9606.ENSP00000379181","FYTTD1","RAE1",9606,0.633,0,0,0,0.08,0,0.4,0.39
"9606.ENSP00000241502","9606.ENSP00000253363","FYTTD1","RBM39",9606,0.713,0,0,0,0.083,0.695,0,0.057
"9606.ENSP00000241502","9606.ENSP00000497641","FYTTD1","EIF4A3",9606,0.94,0,0,0,0.075,0.837,0.5,0.304
"9606.ENSP00000241502","9606.ENSP00000416269","FYTTD1","DDX39B",9606,0.997,0,0,0,0.086,0.984,0.5,0.702
"9606.ENSP00000242285","9606.ENSP00000363162","CLTA","ATP6V1G1",9606,0.412,0,0,0,0.374,0,0,0.1
"9606.ENSP00000242285","9606.ENSP00000364935","CLTA","CLIC1",9606,0.427,0,0,0,0.303,0,0,0.212
"9606.ENSP00000242285","9606.ENSP00000356319","CLTA","KIF14",9606,0.457,0,0,0,0,0.457,0,0
"9606.ENSP00000242285","9606.ENSP00000380256","CLTA","CCNF",9606,0.457,0,0,0,0,0.457,0,0
"9606.ENSP00000242285","9606.ENSP00000271139","CLTA","MOB3C",9606,0.491,0,0,0,0.102,0.457,0,0
"9606.ENSP00000242285","9606.ENSP00000363524","CLTA","KIF4A",9606,0.5,0,0,0,0,0,0.5,0
"9606.ENSP00000242285","9606.ENSP00000393840","CLTA","BLOC1S3",9606,0.5,0,0,0,0,0,0.5,0
"9606.ENSP00000242285","9606.ENSP00000339398","CLTA","HLA-DQA1",9606,0.501,0,0,0,0,0,0.5,0.044
"9606.ENSP00000242285","9606.ENSP00000364080","CLTA","HLA-DQB1",9606,0.504,0,0,0,0,0,0.5,0.05
"9606.ENSP00000242285","9606.ENSP00000393566","CLTA","HLA-DPA1",9606,0.519,0,0,0,0.065,0,0.5,0.055
"9606.ENSP00000242285","9606.ENSP00000408146","CLTA","HLA-DPB1",9606,0.522,0,0,0,0.075,0,0.5,0.05
"9606.ENSP00000242285","9606.ENSP00000353099","CLTA","HLA-DRB1",9606,0.534,0,0,0,0.061,0,0.5,0.088
"9606.ENSP00000242285","9606.ENSP00000305372","CLTA","ADRB2",9606,0.541,0,0,0,0,0.078,0.5,0.085
"9606.ENSP00000242285","9606.ENSP00000469240","CLTA","CHMP2A",9606,0.542,0,0,0,0.333,0.211,0,0.201
"9606.ENSP00000242285","9606.ENSP00000415430","CLTA","GTSE1",9606,0.55,0,0,0,0,0.536,0,0.07
"9606.ENSP00000242285","9606.ENSP00000261842","CLTA","AP4E1",9606,0.59,0,0,0,0,0.109,0.5,0.155
"9606.ENSP00000242285","9606.ENSP00000253083","CLTA","HIP1R",9606,0.964,0,0,0,0.06,0.889,0.5,0.394
"9606.ENSP00000242285","9606.ENSP00000483185","CLTA","AP2B1",9606,0.99,0,0,0,0.075,0.918,0.8,0.444
"9606.ENSP00000242285","9606.ENSP00000437125","CLTA","HSPA8",9606,0.998,0,0,0,0.19,0.997,0.5,0.189
"9606.ENSP00000243045","9606.ENSP00000477602","ORMDL2","ELOVL1",9606,0.424,0,0,0,0.163,0.095,0,0.301
"9606.ENSP00000243578","9606.ENSP00000256442","B9D2","CCNB1",9606,0.4,0,0,0,0,0,0.4,0
"9606.ENSP00000243578","9606.ENSP00000288207","B9D2","CCNB2",9606,0.4,0,0,0,0,0,0.4,0
"9606.ENSP00000243578","9606.ENSP00000356319","B9D2","KIF14",9606,0.486,0,0,0,0,0,0,0.486
"9606.ENSP00000243578","9606.ENSP00000378699","B9D2","CDK1",9606,0.5,0,0,0,0,0,0.5,0
"9606.ENSP00000243578","9606.ENSP00000278826","B9D2","TMEM138",9606,0.562,0,0,0,0.072,0,0,0.548
"9606.ENSP00000243578","9606.ENSP00000361540","B9D2","CDC20",9606,0.8,0,0,0,0,0,0.8,0
"9606.ENSP00000243578","9606.ENSP00000300093","B9D2","PLK1",9606,0.801,0,0,0,0,0,0.8,0.05
"9606.ENSP00000243776","9606.ENSP00000254436","CHPF","TRIM21",9606,0.457,0,0,0,0,0.457,0,0
"9606.ENSP00000243776","9606.ENSP00000307297","CHPF","CHST14",9606,0.515,0,0,0,0.093,0,0,0.488
"9606.ENSP00000243776","9606.ENSP00000350949","CHPF","GMPPA",9606,0.584,0,0,0,0.131,0,0,0.542
"9606.ENSP00000244496","9606.ENSP00000497641","RRP36","EIF4A3",9606,0.46,0,0,0,0.413,0.098,0,0.063
"9606.ENSP00000244496","9606.ENSP00000425031","RRP36","HNRNPAB",9606,0.499,0,0,0,0.13,0.44,0,0.056
"9606.ENSP00000244496","9606.ENSP00000315476","RRP36","EXOSC4",9606,0.548,0,0,0,0.19,0,0.4,0.145
"9606.ENSP00000244496","9606.ENSP00000361433","RRP36","EXOSC2",9606,0.574,0,0,0,0.183,0,0.4,0.201
"9606.ENSP00000244496","9606.ENSP00000470560","RRP36","EMG1",9606,0.647,0,0,0,0.211,0.162,0.5,0.06
"9606.ENSP00000244496","9606.ENSP00000264279","RRP36","NOP58",9606,0.757,0,0,0,0.299,0.093,0.5,0.327
"9606.ENSP00000244496","9606.ENSP00000350698","RRP36","DDX47",9606,0.777,0,0,0,0.434,0.098,0.5,0.231
"9606.ENSP00000244496","9606.ENSP00000328854","RRP36","NOC4L",9606,0.839,0,0,0,0.217,0.476,0.54,0.249
"9606.ENSP00000244496","9606.ENSP00000358812","RRP36","PDCD11",9606,0.908,0,0,0,0.176,0.401,0.5,0.672
"9606.ENSP00000244496","9606.ENSP00000261015","RRP36","WDR12",9606,0.929,0,0,0,0.31,0,0.9,0.06
"9606.ENSP00000244496","9606.ENSP00000326981","RRP36","IMP3",9606,0.957,0,0,0,0.591,0,0.9,0
"9606.ENSP00000245185","9606.ENSP00000430598","MT2A","ATOX1",9606,0.465,0,0,0,0.181,0,0,0.374
"9606.ENSP00000245185","9606.ENSP00000319788","MT2A","NQO1",9606,0.544,0,0,0,0.075,0,0,0.528
"9606.ENSP00000245185","9606.ENSP00000359497","MT2A","GBP2",9606,0.576,0,0,0,0.075,0,0.5,0.158
"9606.ENSP00000245185","9606.ENSP00000354394","MT2A","STAT1",9606,0.596,0,0,0,0.078,0.045,0.5,0.192
"9606.ENSP00000245185","9606.ENSP00000328137","MT2A","MT1E",9606,0.922,0,0,0,0.917,0,0,0.11
"9606.ENSP00000245304","9606.ENSP00000377470","RAP2A","CNP",9606,0.428,0,0,0,0.075,0.408,0,0
"9606.ENSP00000245304","9606.ENSP00000317473","RAP2A","RABGGTB",9606,0.649,0,0,0,0.06,0.638,0,0.054
"9606.ENSP00000245304","9606.ENSP00000359911","RAP2A","RAP2C",9606,0.999,0,0,0.049,0.945,0.985,0,0.051
"9606.ENSP00000245932","9606.ENSP00000380070","VASP","GAPDH",9606,0.409,0,0,0,0.075,0,0,0.388
"9606.ENSP00000245932","9606.ENSP00000249071","VASP","RAC2",9606,0.42,0,0,0,0.149,0.065,0,0.33
"9606.ENSP00000245932","9606.ENSP00000321326","VASP","F2R",9606,0.434,0,0,0,0,0,0,0.434
"9606.ENSP00000245932","9606.ENSP00000449428","VASP","TWF1",9606,0.44,0,0,0,0.08,0,0,0.417
"9606.ENSP00000245932","9606.ENSP00000380878","VASP","PPP3CC",9606,0.457,0,0,0,0,0.457,0,0
"9606.ENSP00000245932","9606.ENSP00000349168","VASP","HNRNPH1",9606,0.467,0,0,0,0.06,0.457,0,0
"9606.ENSP00000245932","9606.ENSP00000257414","VASP","SEMA6A",9606,0.471,0,0,0,0,0,0,0.471
"9606.ENSP00000245932","9606.ENSP00000296511","VASP","ANXA5",9606,0.479,0,0,0,0.07,0,0,0.463
"9606.ENSP00000245932","9606.ENSP00000493712","VASP","RAD51",9606,0.501,0,0,0,0.063,0.456,0,0.1
"9606.ENSP00000245932","9606.ENSP00000303908","VASP","TWF2",9606,0.506,0,0,0,0.165,0,0,0.433
"9606.ENSP00000245932","9606.ENSP00000494689","VASP","EPS8",9606,0.557,0,0,0,0.06,0,0,0.549
"9606.ENSP00000245932","9606.ENSP00000279387","VASP","PPP4C",9606,0.591,0,0,0,0.159,0,0,0.534
"9606.ENSP00000245932","9606.ENSP00000325240","VASP","LASP1",9606,0.612,0,0,0,0.213,0.164,0,0.459
"9606.ENSP00000245932","9606.ENSP00000267082","VASP","ITGB7",9606,0.745,0,0,0,0.102,0,0.65,0.255
"9606.ENSP00000245932","9606.ENSP00000494750","VASP","ACTB",9606,0.988,0,0,0,0.115,0.81,0.9,0.399
"9606.ENSP00000245932","9606.ENSP00000458162","VASP","ACTG1",9606,0.989,0,0,0,0.091,0.809,0.9,0.48
"9606.ENSP00000246115","9606.ENSP00000328472","S1PR4","S1PR5",9606,0.514,0,0,0.067,0.07,0,0.4,0.178
"9606.ENSP00000246115","9606.ENSP00000363117","S1PR4","FGR",9606,0.56,0,0,0,0.56,0,0,0
"9606.ENSP00000246166","9606.ENSP00000447121","FNTB","CHURC1-FNTB",9606,0.867,0,0,0.048,0,0.8,0.36,0
"9606.ENSP00000247020","9606.ENSP00000369899","SDF2","RRAGA",9606,0.448,0,0,0,0.135,0,0,0.389
"9606.ENSP00000247020","9606.ENSP00000423933","SDF2","THUMPD2",9606,0.473,0,0,0,0,0,0,0.473
"9606.ENSP00000247020","9606.ENSP00000380256","SDF2","CCNF",9606,0.483,0,0,0,0,0.457,0,0.088
"9606.ENSP00000247020","9606.ENSP00000376472","SDF2","STT3A",9606,0.511,0,0,0,0.133,0.125,0,0.408
"9606.ENSP00000247020","9606.ENSP00000286424","SDF2","TMBIM4",9606,0.686,0,0,0,0.686,0,0,0
"9606.ENSP00000247020","9606.ENSP00000362041","SDF2","DNAJC9",9606,0.902,0,0,0,0.066,0,0.9,0.042
"9606.ENSP00000247020","9606.ENSP00000280326","SDF2","CCT5",9606,0.903,0,0,0,0.075,0,0.9,0
"9606.ENSP00000247020","9606.ENSP00000377958","SDF2","CCT4",9606,0.903,0,0,0,0.073,0,0.9,0
"9606.ENSP00000247020","9606.ENSP00000351646","SDF2","STIP1",9606,0.91,0,0,0,0.075,0,0.9,0.115
"9606.ENSP00000247020","9606.ENSP00000437125","SDF2","HSPA8",9606,0.912,0,0,0,0.075,0.077,0.9,0.101
"9606.ENSP00000247020","9606.ENSP00000248958","SDF2","SDF2L1",9606,0.923,0,0,0.06,0.082,0.17,0.9,0.102
"9606.ENSP00000247191","9606.ENSP00000418960","DLGAP5","BRCA1",9606,0.417,0,0,0,0.323,0,0,0.175
"9606.ENSP00000247191","9606.ENSP00000480987","DLGAP5","MCM3",9606,0.441,0,0,0,0.356,0,0,0.169
"9606.ENSP00000247191","9606.ENSP00000387007","DLGAP5","NCAPG2",9606,0.478,0,0,0,0.397,0,0,0.17
"9606.ENSP00000247191","9606.ENSP00000312995","DLGAP5","CLSPN",9606,0.48,0,0,0,0.347,0,0,0.237
"9606.ENSP00000247191","9606.ENSP00000306968","DLGAP5","CDCA7",9606,0.483,0,0,0,0.299,0,0,0.294
"9606.ENSP00000247191","9606.ENSP00000360944","DLGAP5","STIL",9606,0.484,0,0,0,0.417,0,0,0.152
"9606.ENSP00000247191","9606.ENSP00000305480","DLGAP5","FEN1",9606,0.49,0,0,0,0.347,0,0,0.252
"9606.ENSP00000247191","9606.ENSP00000300738","DLGAP5","RRM1",9606,0.492,0,0,0,0.273,0,0,0.331
"9606.ENSP00000247191","9606.ENSP00000434552","DLGAP5","MAML2",9606,0.5,0,0,0,0,0,0.5,0
"9606.ENSP00000247191","9606.ENSP00000311083","DLGAP5","CKS1B",9606,0.506,0,0,0,0.366,0,0,0.254
"9606.ENSP00000247191","9606.ENSP00000323246","DLGAP5","E2F7",9606,0.511,0,0,0,0.412,0,0,0.203
"9606.ENSP00000247191","9606.ENSP00000360623","DLGAP5","ORC1",9606,0.517,0,0,0,0.459,0,0,0.145
"9606.ENSP00000247191","9606.ENSP00000262105","DLGAP5","MCM4",9606,0.519,0,0,0,0.366,0,0,0.273
"9606.ENSP00000247191","9606.ENSP00000479617","DLGAP5","UHRF1",9606,0.564,0,0,0,0.453,0,0,0.237
"9606.ENSP00000247191","9606.ENSP00000465075","DLGAP5","SPC24",9606,0.572,0,0,0,0.41,0,0,0.305
"9606.ENSP00000247191","9606.ENSP00000493712","DLGAP5","RAD51",9606,0.594,0,0,0,0.476,0,0,0.257
"9606.ENSP00000247191","9606.ENSP00000253462","DLGAP5","GINS2",9606,0.635,0,0,0,0.366,0,0,0.449
"9606.ENSP00000247191","9606.ENSP00000380256","DLGAP5","CCNF",9606,0.649,0,0,0,0.443,0.219,0,0.26
"9606.ENSP00000247191","9606.ENSP00000315644","DLGAP5","TYMS",9606,0.651,0,0,0,0.519,0,0,0.306
"9606.ENSP00000247191","9606.ENSP00000468425","DLGAP5","TK1",9606,0.677,0,0,0,0.524,0,0,0.351
"9606.ENSP00000247191","9606.ENSP00000285116","DLGAP5","SKA1",9606,0.678,0,0,0,0.434,0,0,0.456
"9606.ENSP00000247191","9606.ENSP00000341289","DLGAP5","TUBB4B",9606,0.712,0,0,0,0.094,0.636,0,0.197
"9606.ENSP00000247191","9606.ENSP00000418268","DLGAP5","MCM10",9606,0.725,0,0,0,0.549,0,0,0.416
"9606.ENSP00000247191","9606.ENSP00000364976","DLGAP5","CKS2",9606,0.727,0,0,0,0.535,0,0,0.438
"9606.ENSP00000247191","9606.ENSP00000355506","DLGAP5","EXO1",9606,0.737,0,0,0,0.635,0,0,0.309
"9606.ENSP00000247191","9606.ENSP00000355958","DLGAP5","DTL",9606,0.742,0,0,0,0.681,0,0,0.227
"9606.ENSP00000247191","9606.ENSP00000306473","DLGAP5","SHCBP1",9606,0.747,0,0,0,0.68,0,0,0.242
"9606.ENSP00000247191","9606.ENSP00000325017","DLGAP5","NCAPD2",9606,0.75,0,0,0,0.542,0,0,0.478
"9606.ENSP00000247191","9606.ENSP00000263382","DLGAP5","ASF1B",9606,0.766,0,0,0,0.633,0,0,0.39
"9606.ENSP00000247191","9606.ENSP00000264596","DLGAP5","NEIL3",9606,0.772,0,0,0,0.743,0,0,0.152
"9606.ENSP00000247191","9606.ENSP00000438483","DLGAP5","KPNA2",9606,0.786,0,0,0,0.688,0,0,0.343
"9606.ENSP00000247191","9606.ENSP00000306999","DLGAP5","ESCO2",9606,0.798,0,0,0,0.795,0,0,0.059
"9606.ENSP00000247191","9606.ENSP00000498855","DLGAP5","CAPS",9606,0.806,0,0,0,0,0.802,0,0.063
"9606.ENSP00000247191","9606.ENSP00000357308","DLGAP5","CENPW",9606,0.814,0,0,0,0.755,0,0,0.274
"9606.ENSP00000247191","9606.ENSP00000265036","DLGAP5","DEPDC1B",9606,0.817,0,0,0,0.774,0,0,0.225
"9606.ENSP00000247191","9606.ENSP00000415430","DLGAP5","GTSE1",9606,0.818,0,0,0,0.696,0,0,0.428
"9606.ENSP00000247191","9606.ENSP00000405726","DLGAP5","CDC45",9606,0.824,0,0,0,0.729,0,0,0.378
"9606.ENSP00000247191","9606.ENSP00000275517","DLGAP5","CDCA5",9606,0.833,0,0,0,0.723,0,0,0.425
"9606.ENSP00000247191","9606.ENSP00000363055","DLGAP5","ZWINT",9606,0.841,0,0,0,0.747,0,0,0.4
"9606.ENSP00000247191","9606.ENSP00000353770","DLGAP5","RRM2",9606,0.885,0,0,0,0.757,0,0,0.548
"9606.ENSP00000247191","9606.ENSP00000248437","DLGAP5","TUBA4A",9606,0.907,0,0,0,0.059,0.903,0,0.073
"9606.ENSP00000247191","9606.ENSP00000328228","DLGAP5","CDCA2",9606,0.907,0,0,0,0.827,0,0,0.489
"9606.ENSP00000247191","9606.ENSP00000377536","DLGAP5","PTTG1",9606,0.91,0,0,0,0.838,0,0,0.47
"9606.ENSP00000247191","9606.ENSP00000336799","DLGAP5","TUBA1B",9606,0.911,0,0,0,0.095,0.903,0,0.07
"9606.ENSP00000247191","9606.ENSP00000282074","DLGAP5","SPC25",9606,0.915,0,0,0,0.883,0,0,0.306
"9606.ENSP00000247191","9606.ENSP00000300035","DLGAP5","PCLAF",9606,0.921,0,0,0,0.862,0,0,0.453
"9606.ENSP00000247191","9606.ENSP00000443475","DLGAP5","TUBA1C",9606,0.922,0,0,0,0.192,0.903,0,0.092
"9606.ENSP00000247191","9606.ENSP00000357643","DLGAP5","MKI67",9606,0.926,0,0,0,0.884,0,0,0.389
"9606.ENSP00000247191","9606.ENSP00000300093","DLGAP5","PLK1",9606,0.929,0,0,0,0.868,0.046,0,0.487
"9606.ENSP00000247191","9606.ENSP00000414109","DLGAP5","HJURP",9606,0.93,0,0,0,0.868,0,0,0.496
"9606.ENSP00000247191","9606.ENSP00000356319","DLGAP5","KIF14",9606,0.936,0,0,0,0.86,0,0,0.567
"9606.ENSP00000247191","9606.ENSP00000336868","DLGAP5","CENPA",9606,0.938,0,0,0,0.884,0,0,0.494
"9606.ENSP00000247191","9606.ENSP00000355966","DLGAP5","NEK2",9606,0.94,0,0,0,0.878,0,0,0.534
"9606.ENSP00000247191","9606.ENSP00000288207","DLGAP5","CCNB2",9606,0.944,0,0,0,0.861,0,0,0.617
"9606.ENSP00000247191","9606.ENSP00000324020","DLGAP5","KIF15",9606,0.945,0,0,0,0.887,0,0,0.539
"9606.ENSP00000247191","9606.ENSP00000256442","DLGAP5","CCNB1",9606,0.948,0,0,0,0.872,0,0,0.616
"9606.ENSP00000247191","9606.ENSP00000362146","DLGAP5","CDCA8",9606,0.949,0,0,0,0.878,0,0,0.601
"9606.ENSP00000247191","9606.ENSP00000363524","DLGAP5","KIF4A",9606,0.952,0,0,0,0.893,0,0,0.57
"9606.ENSP00000247191","9606.ENSP00000260363","DLGAP5","KIF23",9606,0.953,0,0,0,0.87,0,0,0.655
"9606.ENSP00000247191","9606.ENSP00000481380","DLGAP5","CCNA2",9606,0.953,0,0,0,0.913,0,0,0.49
"9606.ENSP00000247191","9606.ENSP00000442068","DLGAP5","CDCA3",9606,0.961,0,0,0,0.925,0,0,0.506
"9606.ENSP00000247191","9606.ENSP00000251496","DLGAP5","NCAPG",9606,0.965,0,0,0,0.9,0,0,0.668
"9606.ENSP00000247191","9606.ENSP00000298048","DLGAP5","MELK",9606,0.966,0,0,0,0.916,0,0,0.622
"9606.ENSP00000247191","9606.ENSP00000411532","DLGAP5","TOP2A",9606,0.971,0,0,0,0.93,0,0,0.607
"9606.ENSP00000247191","9606.ENSP00000301633","DLGAP5","BIRC5",9606,0.972,0,0,0,0.929,0,0,0.626
"9606.ENSP00000247191","9606.ENSP00000499238","DLGAP5","NUSAP1",9606,0.972,0,0,0,0.887,0,0,0.764
"9606.ENSP00000247191","9606.ENSP00000348838","DLGAP5","UBE2C",9606,0.977,0,0,0,0.952,0.046,0,0.552
"9606.ENSP00000247191","9606.ENSP00000361540","DLGAP5","CDC20",9606,0.977,0,0,0,0.925,0,0,0.708
"9606.ENSP00000247191","9606.ENSP00000361298","DLGAP5","KIF2C",9606,0.98,0,0,0,0.949,0,0,0.626
"9606.ENSP00000247191","9606.ENSP00000497402","DLGAP5","RCC1",9606,0.981,0,0,0,0.188,0.964,0,0.423
"9606.ENSP00000247191","9606.ENSP00000300403","DLGAP5","TPX2",9606,0.983,0,0,0,0.945,0,0,0.706
"9606.ENSP00000247191","9606.ENSP00000302530","DLGAP5","BUB1",9606,0.987,0,0,0,0.969,0,0,0.627
"9606.ENSP00000247191","9606.ENSP00000378699","DLGAP5","CDK1",9606,0.987,0,0,0,0.953,0.476,0,0.547
"9606.ENSP00000247191","9606.ENSP00000356379","DLGAP5","ASPM",9606,0.992,0,0,0,0.978,0,0,0.675
"9606.ENSP00000247194","9606.ENSP00000380256","L3HYPDH","CCNF",9606,0.457,0,0,0,0,0.457,0,0
"9606.ENSP00000247194","9606.ENSP00000429089","L3HYPDH","CCNE2",9606,0.84,0,0,0,0.055,0.838,0,0
"9606.ENSP00000247226","9606.ENSP00000265036","PLEKHG3","DEPDC1B",9606,0.4,0,0,0,0,0,0.4,0
"9606.ENSP00000247226","9606.ENSP00000444408","PLEKHG3","SLC1A5",9606,0.4,0,0,0,0,0,0.4,0
"9606.ENSP00000247226","9606.ENSP00000413625","PLEKHG3","FNBP1",9606,0.421,0,0,0,0.068,0,0.4,0.049
"9606.ENSP00000247226","9606.ENSP00000356319","PLEKHG3","KIF14",9606,0.457,0,0,0,0,0.457,0,0
"9606.ENSP00000247977","9606.ENSP00000442318","FBXL12","CAND1",9606,0.57,0,0,0,0.047,0.045,0.5,0.167
"9606.ENSP00000247977","9606.ENSP00000380256","FBXL12","CCNF",9606,0.595,0,0,0,0,0.457,0,0.286
"9606.ENSP00000248437","9606.ENSP00000313007","TUBA4A","PABPC1",9606,0.413,0,0,0,0.298,0.064,0,0.179
"9606.ENSP00000248437","9606.ENSP00000470788","TUBA4A","IL12RB1",9606,0.439,0,0,0,0,0.439,0,0
"9606.ENSP00000248437","9606.ENSP00000269305","TUBA4A","TP53",9606,0.498,0,0,0,0,0.343,0,0.268
"9606.ENSP00000248437","9606.ENSP00000495530","TUBA4A","ENO1",9606,0.5,0,0,0,0.129,0.275,0,0.272
"9606.ENSP00000248437","9606.ENSP00000380256","TUBA4A","CCNF",9606,0.508,0,0,0,0.059,0,0,0.499
"9606.ENSP00000248437","9606.ENSP00000410452","TUBA4A","STMN1",9606,0.512,0,0,0,0.063,0.102,0,0.467
"9606.ENSP00000248437","9606.ENSP00000253363","TUBA4A","RBM39",9606,0.516,0,0,0,0.125,0.457,0,0.064
"9606.ENSP00000248437","9606.ENSP00000469240","TUBA4A","CHMP2A",9606,0.517,0,0,0,0.075,0,0.5,0
"9606.ENSP00000248437","9606.ENSP00000260363","TUBA4A","KIF23",9606,0.52,0,0,0,0,0.474,0,0.126
"9606.ENSP00000248437","9606.ENSP00000438399","TUBA4A","IST1",9606,0.526,0,0,0,0.064,0,0.5,0.07
"9606.ENSP00000248437","9606.ENSP00000296511","TUBA4A","ANXA5",9606,0.561,0,0,0,0.076,0.072,0.4,0.248
"9606.ENSP00000248437","9606.ENSP00000482753","TUBA4A","C9orf72",9606,0.587,0,0,0,0,0.083,0,0.569
"9606.ENSP00000248437","9606.ENSP00000437125","TUBA4A","HSPA8",9606,0.595,0,0,0,0.413,0.108,0,0.29
"9606.ENSP00000248437","9606.ENSP00000458162","TUBA4A","ACTG1",9606,0.616,0,0,0.2,0.25,0.131,0,0.351
"9606.ENSP00000248437","9606.ENSP00000479617","TUBA4A","UHRF1",9606,0.643,0,0,0,0,0.641,0,0.049
"9606.ENSP00000248437","9606.ENSP00000380070","TUBA4A","GAPDH",9606,0.678,0,0,0,0.389,0,0,0.495
"9606.ENSP00000248437","9606.ENSP00000280326","TUBA4A","CCT5",9606,0.715,0,0,0,0.26,0.192,0.5,0.161
"9606.ENSP00000248437","9606.ENSP00000358921","TUBA4A","ACTR1A",9606,0.75,0,0,0,0.125,0.131,0.65,0.172
"9606.ENSP00000248437","9606.ENSP00000377958","TUBA4A","CCT4",9606,0.774,0,0,0,0.24,0.228,0.5,0.321
"9606.ENSP00000248437","9606.ENSP00000494750","TUBA4A","ACTB",9606,0.796,0,0,0.201,0.249,0.131,0.4,0.449
"9606.ENSP00000248437","9606.ENSP00000421405","TUBA4A","ROPN1L",9606,0.802,0,0,0,0.055,0.8,0,0
"9606.ENSP00000248437","9606.ENSP00000300093","TUBA4A","PLK1",9606,0.853,0,0,0,0.069,0.106,0.8,0.224
"9606.ENSP00000248437","9606.ENSP00000356319","TUBA4A","KIF14",9606,0.877,0,0,0,0,0.869,0,0.102
"9606.ENSP00000248437","9606.ENSP00000300403","TUBA4A","TPX2",9606,0.901,0,0,0,0,0.9,0,0.06
"9606.ENSP00000248437","9606.ENSP00000336799","TUBA4A","TUBA1B",9606,0.997,0,0,0.047,0.941,0.922,0.4,0.101
"9606.ENSP00000248437","9606.ENSP00000341289","TUBA4A","TUBB4B",9606,0.997,0,0,0.069,0.802,0.903,0.8,0.407
"9606.ENSP00000248437","9606.ENSP00000443475","TUBA4A","TUBA1C",9606,0.997,0,0,0.047,0.942,0.931,0.4,0.046
"9606.ENSP00000248437","9606.ENSP00000339001","TUBA4A","TUBB",9606,0.999,0,0,0.068,0.799,0.99,0.65,0.472
"9606.ENSP00000248958","9606.ENSP00000262225","SDF2L1","TMED2",9606,0.405,0,0,0,0.26,0.169,0,0.111
"9606.ENSP00000248958","9606.ENSP00000364935","SDF2L1","CLIC1",9606,0.43,0,0,0,0.079,0.407,0,0
"9606.ENSP00000248958","9606.ENSP00000368646","SDF2L1","PRDX4",9606,0.445,0,0,0,0.325,0,0,0.212
"9606.ENSP00000248958","9606.ENSP00000295317","SDF2L1","RNF149",9606,0.459,0,0,0,0,0.457,0,0.046
"9606.ENSP00000248958","9606.ENSP00000264833","SDF2L1","OLFM2",9606,0.497,0,0,0,0,0.497,0,0
"9606.ENSP00000248958","9606.ENSP00000385385","SDF2L1","PDIA6",9606,0.818,0,0,0,0.425,0.171,0.36,0.474
"9606.ENSP00000248958","9606.ENSP00000280326","SDF2L1","CCT5",9606,0.902,0,0,0,0.065,0,0.9,0
"9606.ENSP00000248958","9606.ENSP00000362041","SDF2L1","DNAJC9",9606,0.903,0,0,0,0.075,0,0.9,0.042
"9606.ENSP00000248958","9606.ENSP00000377958","SDF2L1","CCT4",9606,0.903,0,0,0,0.073,0,0.9,0
"9606.ENSP00000248958","9606.ENSP00000351646","SDF2L1","STIP1",9606,0.908,0,0,0,0.075,0,0.9,0.091
"9606.ENSP00000248958","9606.ENSP00000437125","SDF2L1","HSPA8",9606,0.916,0,0,0,0.075,0.077,0.9,0.136
"9606.ENSP00000249066","9606.ENSP00000380256","APOL2","CCNF",9606,0.457,0,0,0,0,0.457,0,0
"9606.ENSP00000249066","9606.ENSP00000349168","APOL2","HNRNPH1",9606,0.471,0,0,0,0.066,0.457,0,0
"9606.ENSP00000249066","9606.ENSP00000415034","APOL2","NBEAL2",9606,0.471,0,0,0,0.068,0.456,0,0
"9606.ENSP00000249071","9606.ENSP00000349359","RAC2","SASH3",9606,0.404,0,0,0,0.234,0,0,0.255
"9606.ENSP00000249071","9606.ENSP00000494550","RAC2","MYO1F",9606,0.404,0,0,0,0.244,0.066,0,0.225
"9606.ENSP00000249071","9606.ENSP00000398698","RAC2","TNF",9606,0.413,0,0,0,0.112,0,0,0.367
"9606.ENSP00000249071","9606.ENSP00000463393","RAC2","SEC22B",9606,0.418,0,0,0,0.158,0.132,0,0.268
"9606.ENSP00000249071","9606.ENSP00000496959","RAC2","ITGAM",9606,0.419,0,0,0,0.209,0,0,0.296
"9606.ENSP00000249071","9606.ENSP00000356319","RAC2","KIF14",9606,0.481,0,0,0,0.058,0.457,0,0.067
"9606.ENSP00000249071","9606.ENSP00000289968","RAC2","ARHGAP17",9606,0.483,0,0,0,0.101,0,0.4,0.12
"9606.ENSP00000249071","9606.ENSP00000428924","RAC2","LYN",9606,0.511,0,0,0,0.238,0.099,0,0.345
"9606.ENSP00000249071","9606.ENSP00000265036","RAC2","DEPDC1B",9606,0.542,0,0,0,0.044,0.099,0.5,0.064
"9606.ENSP00000249071","9606.ENSP00000303908","RAC2","TWF2",9606,0.575,0,0,0,0.133,0,0,0.53
"9606.ENSP00000249071","9606.ENSP00000371594","RAC2","GNG7",9606,0.653,0,0,0,0,0,0.65,0.051
"9606.ENSP00000249071","9606.ENSP00000494750","RAC2","ACTB",9606,0.664,0,0,0,0.156,0.436,0,0.352
"9606.ENSP00000249071","9606.ENSP00000449428","RAC2","TWF1",9606,0.668,0,0,0,0,0,0,0.668
"9606.ENSP00000249071","9606.ENSP00000334448","RAC2","GNG2",9606,0.68,0,0,0,0.085,0,0.65,0.083
"9606.ENSP00000249071","9606.ENSP00000305260","RAC2","GNB2",9606,0.708,0,0,0,0.096,0.1,0.65,0.096
"9606.ENSP00000249344","9606.ENSP00000279387","STRIP2","PPP4C",9606,0.628,0,0,0,0.059,0.524,0,0.237
"9606.ENSP00000249344","9606.ENSP00000282074","STRIP2","SPC25",9606,0.67,0,0,0,0,0.67,0,0
"9606.ENSP00000250124","9606.ENSP00000262374","MPDU1","ALG1",9606,0.472,0,0,0,0.1,0,0,0.438
"9606.ENSP00000250124","9606.ENSP00000313318","MPDU1","SLC35C1",9606,0.514,0,0,0,0.138,0,0,0.46
"9606.ENSP00000250124","9606.ENSP00000373669","MPDU1","BORCS6",9606,0.534,0,0,0,0.084,0,0,0.513
"9606.ENSP00000250124","9606.ENSP00000264228","MPDU1","SRD5A3",9606,0.626,0,0,0,0.106,0,0,0.599
"9606.ENSP00000250454","9606.ENSP00000470560","EAPP","EMG1",9606,0.404,0,0,0,0.102,0,0,0.364
"9606.ENSP00000250454","9606.ENSP00000355249","EAPP","E2F2",9606,0.642,0,0,0,0,0,0,0.642
"9606.ENSP00000250454","9606.ENSP00000310723","EAPP","DDX23",9606,0.998,0,0,0,0,0.998,0,0.126
"9606.ENSP00000250454","9606.ENSP00000304903","EAPP","CD2BP2",9606,0.999,0,0,0,0.075,0.999,0,0.198
"9606.ENSP00000251496","9606.ENSP00000365380","NCAPG","FOXP3",9606,0.425,0,0,0,0,0.125,0,0.37
"9606.ENSP00000251496","9606.ENSP00000306968","NCAPG","CDCA7",9606,0.436,0,0,0,0.333,0,0,0.19
"9606.ENSP00000251496","9606.ENSP00000320147","NCAPG","EZH2",9606,0.442,0,0,0,0.355,0,0,0.171
"9606.ENSP00000251496","9606.ENSP00000307288","NCAPG","MCM7",9606,0.452,0,0,0,0.302,0,0,0.248
"9606.ENSP00000251496","9606.ENSP00000300738","NCAPG","RRM1",9606,0.453,0,0,0,0.404,0,0,0.12
"9606.ENSP00000251496","9606.ENSP00000323246","NCAPG","E2F7",9606,0.458,0,0,0,0.343,0,0,0.21
"9606.ENSP00000251496","9606.ENSP00000418960","NCAPG","BRCA1",9606,0.467,0,0,0,0.354,0,0,0.209
"9606.ENSP00000251496","9606.ENSP00000312995","NCAPG","CLSPN",9606,0.523,0,0,0,0.426,0,0,0.204
"9606.ENSP00000251496","9606.ENSP00000480987","NCAPG","MCM3",9606,0.525,0,0,0,0.357,0,0,0.292
"9606.ENSP00000251496","9606.ENSP00000336799","NCAPG","TUBA1B",9606,0.526,0,0,0,0.095,0.498,0,0
"9606.ENSP00000251496","9606.ENSP00000468425","NCAPG","TK1",9606,0.526,0,0,0,0.407,0,0,0.234
"9606.ENSP00000251496","9606.ENSP00000264596","NCAPG","NEIL3",9606,0.534,0,0,0,0.356,0,0,0.307
"9606.ENSP00000251496","9606.ENSP00000493712","NCAPG","RAD51",9606,0.539,0,0,0,0.48,0,0,0.151
"9606.ENSP00000251496","9606.ENSP00000380256","NCAPG","CCNF",9606,0.546,0,0,0,0.391,0,0,0.286
"9606.ENSP00000251496","9606.ENSP00000263382","NCAPG","ASF1B",9606,0.582,0,0,0,0.514,0,0,0.176
"9606.ENSP00000251496","9606.ENSP00000306999","NCAPG","ESCO2",9606,0.587,0,0,0,0.492,0,0,0.221
"9606.ENSP00000251496","9606.ENSP00000364976","NCAPG","CKS2",9606,0.587,0,0,0,0.427,0,0,0.31
"9606.ENSP00000251496","9606.ENSP00000465075","NCAPG","SPC24",9606,0.606,0,0,0,0.516,0,0,0.221
"9606.ENSP00000251496","9606.ENSP00000357308","NCAPG","CENPW",9606,0.626,0,0,0,0.539,0,0,0.222
"9606.ENSP00000251496","9606.ENSP00000300093","NCAPG","PLK1",9606,0.634,0,0,0,0.415,0,0,0.401
"9606.ENSP00000251496","9606.ENSP00000315644","NCAPG","TYMS",9606,0.64,0,0,0,0.534,0,0,0.26
"9606.ENSP00000251496","9606.ENSP00000360944","NCAPG","STIL",9606,0.645,0,0,0,0.59,0,0,0.171
"9606.ENSP00000251496","9606.ENSP00000438483","NCAPG","KPNA2",9606,0.645,0,0,0,0.469,0.163,0,0.267
"9606.ENSP00000251496","9606.ENSP00000355506","NCAPG","EXO1",9606,0.658,0,0,0,0.529,0,0,0.305
"9606.ENSP00000251496","9606.ENSP00000265036","NCAPG","DEPDC1B",9606,0.666,0,0,0,0.582,0,0,0.236
"9606.ENSP00000251496","9606.ENSP00000285116","NCAPG","SKA1",9606,0.675,0,0,0,0.499,0,0,0.379
"9606.ENSP00000251496","9606.ENSP00000262105","NCAPG","MCM4",9606,0.676,0,0,0,0.544,0,0,0.319
"9606.ENSP00000251496","9606.ENSP00000300035","NCAPG","PCLAF",9606,0.68,0,0,0,0.566,0,0,0.294
"9606.ENSP00000251496","9606.ENSP00000479617","NCAPG","UHRF1",9606,0.681,0,0,0,0.628,0,0,0.18
"9606.ENSP00000251496","9606.ENSP00000305480","NCAPG","FEN1",9606,0.683,0,0,0,0.353,0.457,0,0.172
"9606.ENSP00000251496","9606.ENSP00000415430","NCAPG","GTSE1",9606,0.704,0,0,0,0.594,0,0,0.303
"9606.ENSP00000251496","9606.ENSP00000253462","NCAPG","GINS2",9606,0.709,0,0,0,0.618,0,0,0.27
"9606.ENSP00000251496","9606.ENSP00000355966","NCAPG","NEK2",9606,0.752,0,0,0,0.604,0,0,0.4
"9606.ENSP00000251496","9606.ENSP00000377536","NCAPG","PTTG1",9606,0.767,0,0,0,0.634,0,0,0.39
"9606.ENSP00000251496","9606.ENSP00000418268","NCAPG","MCM10",9606,0.777,0,0,0,0.672,0,0,0.349
"9606.ENSP00000251496","9606.ENSP00000355958","NCAPG","DTL",9606,0.783,0,0,0,0.75,0,0,0.17
"9606.ENSP00000251496","9606.ENSP00000363055","NCAPG","ZWINT",9606,0.795,0,0,0,0.65,0,0,0.441
"9606.ENSP00000251496","9606.ENSP00000362146","NCAPG","CDCA8",9606,0.806,0,0,0,0.606,0,0,0.528
"9606.ENSP00000251496","9606.ENSP00000336868","NCAPG","CENPA",9606,0.818,0,0,0,0.675,0.089,0,0.435
"9606.ENSP00000251496","9606.ENSP00000301633","NCAPG","BIRC5",9606,0.82,0,0,0,0.705,0.131,0,0.355
"9606.ENSP00000251496","9606.ENSP00000353770","NCAPG","RRM2",9606,0.838,0,0,0,0.707,0,0,0.47
"9606.ENSP00000251496","9606.ENSP00000328228","NCAPG","CDCA2",9606,0.845,0,0,0,0.767,0,0,0.363
"9606.ENSP00000251496","9606.ENSP00000442068","NCAPG","CDCA3",9606,0.85,0,0,0,0.796,0,0,0.299
"9606.ENSP00000251496","9606.ENSP00000275517","NCAPG","CDCA5",9606,0.865,0,0,0,0.768,0,0,0.443
"9606.ENSP00000251496","9606.ENSP00000405726","NCAPG","CDC45",9606,0.865,0,0,0,0.79,0,0,0.384
"9606.ENSP00000251496","9606.ENSP00000306473","NCAPG","SHCBP1",9606,0.866,0,0,0,0.847,0,0,0.164
"9606.ENSP00000251496","9606.ENSP00000348838","NCAPG","UBE2C",9606,0.873,0,0,0,0.759,0.049,0,0.491
"9606.ENSP00000251496","9606.ENSP00000356319","NCAPG","KIF14",9606,0.881,0,0,0,0.755,0,0,0.538
"9606.ENSP00000251496","9606.ENSP00000361298","NCAPG","KIF2C",9606,0.889,0,0,0,0.766,0,0,0.547
"9606.ENSP00000251496","9606.ENSP00000357643","NCAPG","MKI67",9606,0.895,0,0,0,0.861,0,0,0.276
"9606.ENSP00000251496","9606.ENSP00000361540","NCAPG","CDC20",9606,0.912,0,0,0,0.791,0,0,0.598
"9606.ENSP00000251496","9606.ENSP00000282074","NCAPG","SPC25",9606,0.914,0,0,0,0.887,0,0,0.278
"9606.ENSP00000251496","9606.ENSP00000414109","NCAPG","HJURP",9606,0.915,0,0,0,0.848,0,0,0.466
"9606.ENSP00000251496","9606.ENSP00000260363","NCAPG","KIF23",9606,0.919,0,0,0.215,0.787,0,0,0.556
"9606.ENSP00000251496","9606.ENSP00000288207","NCAPG","CCNB2",9606,0.924,0,0,0,0.73,0,0.4,0.572
"9606.ENSP00000251496","9606.ENSP00000256442","NCAPG","CCNB1",9606,0.931,0,0,0,0.768,0,0.4,0.55
"9606.ENSP00000251496","9606.ENSP00000363524","NCAPG","KIF4A",9606,0.933,0,0,0,0.851,0,0,0.57
"9606.ENSP00000251496","9606.ENSP00000499238","NCAPG","NUSAP1",9606,0.933,0,0,0,0.85,0,0,0.572
"9606.ENSP00000251496","9606.ENSP00000481380","NCAPG","CCNA2",9606,0.941,0,0,0,0.889,0,0,0.496
"9606.ENSP00000251496","9606.ENSP00000300403","NCAPG","TPX2",9606,0.944,0,0,0,0.873,0,0,0.58
"9606.ENSP00000251496","9606.ENSP00000298048","NCAPG","MELK",9606,0.951,0,0,0,0.888,0,0,0.581
"9606.ENSP00000251496","9606.ENSP00000324020","NCAPG","KIF15",9606,0.954,0,0,0,0.911,0,0,0.508
"9606.ENSP00000251496","9606.ENSP00000356379","NCAPG","ASPM",9606,0.97,0,0,0,0.919,0,0,0.645
"9606.ENSP00000251496","9606.ENSP00000302530","NCAPG","BUB1",9606,0.981,0,0,0,0.95,0,0,0.64
"9606.ENSP00000251496","9606.ENSP00000411532","NCAPG","TOP2A",9606,0.983,0,0,0,0.891,0.086,0,0.852
"9606.ENSP00000251496","9606.ENSP00000387007","NCAPG","NCAPG2",9606,0.987,0,0,0,0.583,0,0.9,0.722
"9606.ENSP00000251496","9606.ENSP00000378699","NCAPG","CDK1",9606,0.989,0,0,0,0.935,0.457,0.4,0.547
"9606.ENSP00000251496","9606.ENSP00000325017","NCAPG","NCAPD2",9606,0.999,0,0,0,0.876,0.999,0.9,0.81
"9606.ENSP00000252268","9606.ENSP00000328484","DPF2","H2AC14",9606,0.4,0,0,0,0,0,0.4,0
"9606.ENSP00000252268","9606.ENSP00000483903","DPF2","H2BC15",9606,0.423,0,0,0,0.079,0,0.4,0
"9606.ENSP00000252268","9606.ENSP00000380256","DPF2","CCNF",9606,0.457,0,0,0,0,0.457,0,0
"9606.ENSP00000252268","9606.ENSP00000349430","DPF2","H2BC12",9606,0.462,0,0,0,0.122,0,0.4,0.062
"9606.ENSP00000252268","9606.ENSP00000389383","DPF2","STK11IP",9606,0.473,0,0,0,0.075,0.454,0,0
"9606.ENSP00000252268","9606.ENSP00000332194","DPF2","H2AC20",9606,0.501,0,0,0,0,0,0.4,0.204
"9606.ENSP00000252268","9606.ENSP00000296417","DPF2","H2AZ1",9606,0.731,0,0,0,0.074,0.7,0,0.112
"9606.ENSP00000252268","9606.ENSP00000433760","DPF2","BANF1",9606,0.809,0,0,0,0.075,0.457,0,0.651
"9606.ENSP00000252268","9606.ENSP00000494750","DPF2","ACTB",9606,0.955,0,0,0,0.064,0.478,0.9,0.193
"9606.ENSP00000252268","9606.ENSP00000397552","DPF2","ACTL6A",9606,0.999,0,0,0,0.193,0.999,0.9,0.659
"9606.ENSP00000252593","9606.ENSP00000380070","BST2","GAPDH",9606,0.406,0,0,0,0.075,0,0,0.385
"9606.ENSP00000252593","9606.ENSP00000254436","BST2","TRIM21",9606,0.424,0,0,0,0.186,0,0,0.322
"9606.ENSP00000252593","9606.ENSP00000356946","BST2","FCGR3A",9606,0.446,0,0,0,0.132,0,0,0.389
"9606.ENSP00000252593","9606.ENSP00000398698","BST2","TNF",9606,0.447,0,0,0,0.132,0,0,0.39
"9606.ENSP00000252593","9606.ENSP00000363993","BST2","PSMB9",9606,0.458,0,0,0,0.312,0,0,0.245
"9606.ENSP00000252593","9606.ENSP00000260363","BST2","KIF23",9606,0.466,0,0,0,0,0.457,0,0.057
"9606.ENSP00000252593","9606.ENSP00000349168","BST2","HNRNPH1",9606,0.472,0,0,0,0.069,0.457,0,0
"9606.ENSP00000252593","9606.ENSP00000356319","BST2","KIF14",9606,0.498,0,0,0,0.075,0.457,0,0.082
"9606.ENSP00000252593","9606.ENSP00000364016","BST2","PSMB8",9606,0.506,0,0,0,0.359,0,0,0.262
"9606.ENSP00000252593","9606.ENSP00000471896","BST2","IRF3",9606,0.514,0,0,0,0.075,0,0,0.497
"9606.ENSP00000252593","9606.ENSP00000309749","BST2","APOBEC3F",9606,0.538,0,0,0,0.075,0,0,0.522
"9606.ENSP00000252593","9606.ENSP00000496959","BST2","ITGAM",9606,0.545,0,0,0,0.132,0,0,0.498
"9606.ENSP00000252593","9606.ENSP00000359497","BST2","GBP2",9606,0.697,0,0,0,0.152,0,0.5,0.344
"9606.ENSP00000252593","9606.ENSP00000257570","BST2","OASL",9606,0.7,0,0,0,0.283,0,0,0.6
"9606.ENSP00000252593","9606.ENSP00000287156","BST2","UBE2L6",9606,0.722,0,0,0,0.595,0,0,0.344
"9606.ENSP00000252593","9606.ENSP00000342278","BST2","OAS2",9606,0.79,0,0,0,0.503,0,0,0.596
"9606.ENSP00000252593","9606.ENSP00000388001","BST2","OAS1",9606,0.792,0,0,0,0.507,0,0,0.596
"9606.ENSP00000252593","9606.ENSP00000354394","BST2","STAT1",9606,0.817,0,0,0,0.285,0,0.5,0.531
"9606.ENSP00000252593","9606.ENSP00000385057","BST2","APOBEC3G",9606,0.872,0,0,0,0.095,0,0,0.865
"9606.ENSP00000252593","9606.ENSP00000395590","BST2","IFI35",9606,0.891,0,0,0,0.717,0,0,0.632
"9606.ENSP00000253063","9606.ENSP00000377617","SESN2","MTHFD2",9606,0.415,0,0,0,0.075,0,0,0.394
"9606.ENSP00000253063","9606.ENSP00000355249","SESN2","E2F2",9606,0.418,0,0,0,0,0,0,0.418
"9606.ENSP00000253063","9606.ENSP00000429690","SESN2","ATP6V0E1",9606,0.5,0,0,0,0,0,0.5,0
"9606.ENSP00000253063","9606.ENSP00000363162","SESN2","ATP6V1G1",9606,0.507,0,0,0,0,0,0.5,0.055
"9606.ENSP00000253063","9606.ENSP00000290949","SESN2","ATP6V0D1",9606,0.555,0,0,0,0.059,0,0.5,0.132
"9606.ENSP00000253063","9606.ENSP00000262482","SESN2","RNF167",9606,0.558,0,0,0,0,0.457,0,0.221
"9606.ENSP00000253063","9606.ENSP00000264515","SESN2","RBBP5",9606,0.598,0,0,0,0.055,0.593,0,0
"9606.ENSP00000253063","9606.ENSP00000377245","SESN2","KEAP1",9606,0.841,0,0,0,0,0.456,0.5,0.463
"9606.ENSP00000253063","9606.ENSP00000269305","SESN2","TP53",9606,0.858,0,0,0,0,0.061,0.5,0.722
"9606.ENSP00000253063","9606.ENSP00000369899","SESN2","RRAGA",9606,0.889,0,0,0,0,0,0.72,0.622
"9606.ENSP00000253063","9606.ENSP00000482753","SESN2","C9orf72",9606,0.901,0,0,0,0,0,0.9,0.051
"9606.ENSP00000253063","9606.ENSP00000368144","SESN2","PRR5L",9606,0.904,0,0,0,0,0,0.9,0.08
"9606.ENSP00000253063","9606.ENSP00000393762","SESN2","SESN1",9606,0.906,0,0,0.064,0,0,0.9,0.086
"9606.ENSP00000253063","9606.ENSP00000323867","SESN2","PRKAG1",9606,0.915,0,0,0,0.071,0,0.9,0.159
"9606.ENSP00000253063","9606.ENSP00000254101","SESN2","PRKAB2",9606,0.917,0,0,0,0.06,0,0.9,0.195
"9606.ENSP00000253063","9606.ENSP00000338990","SESN2","ATG101",9606,0.921,0,0,0,0.075,0,0.9,0.221
"9606.ENSP00000253083","9606.ENSP00000347495","HIP1R","WARS1",9606,0.43,0,0,0,0,0.43,0,0
"9606.ENSP00000253083","9606.ENSP00000393840","HIP1R","BLOC1S3",9606,0.5,0,0,0,0,0,0.5,0
"9606.ENSP00000253083","9606.ENSP00000261842","HIP1R","AP4E1",9606,0.537,0,0,0,0.075,0,0.5,0.081
"9606.ENSP00000253083","9606.ENSP00000271628","HIP1R","SF3B4",9606,0.538,0,0,0,0.064,0.519,0,0.057
"9606.ENSP00000253083","9606.ENSP00000415430","HIP1R","GTSE1",9606,0.571,0,0,0,0,0.571,0,0
"9606.ENSP00000253083","9606.ENSP00000316329","HIP1R","SCD5",9606,0.652,0,0,0,0.075,0,0,0.64
"9606.ENSP00000253083","9606.ENSP00000497402","HIP1R","RCC1",9606,0.655,0,0,0,0.064,0,0,0.647
"9606.ENSP00000253083","9606.ENSP00000275815","HIP1R","EPHA1",9606,0.717,0,0,0,0,0.564,0,0.378
"9606.ENSP00000253083","9606.ENSP00000494750","HIP1R","ACTB",9606,0.845,0,0,0,0,0.818,0,0.188
"9606.ENSP00000253363","9606.ENSP00000269305","RBM39","TP53",9606,0.423,0,0,0,0,0.29,0,0.221
"9606.ENSP00000253363","9606.ENSP00000444408","RBM39","SLC1A5",9606,0.457,0,0,0,0,0.457,0,0
"9606.ENSP00000253363","9606.ENSP00000357643","RBM39","MKI67",9606,0.458,0,0,0,0,0.458,0,0
"9606.ENSP00000253363","9606.ENSP00000365147","RBM39","EFHD2",9606,0.469,0,0,0,0.063,0.457,0,0
"9606.ENSP00000253363","9606.ENSP00000255764","RBM39","MED10",9606,0.47,0,0,0,0.067,0.456,0,0
"9606.ENSP00000253363","9606.ENSP00000321584","RBM39","IMPDH2",9606,0.47,0,0,0,0.065,0.457,0,0
"9606.ENSP00000253363","9606.ENSP00000380256","RBM39","CCNF",9606,0.47,0,0,0,0.057,0.457,0,0.049
"9606.ENSP00000253363","9606.ENSP00000358921","RBM39","ACTR1A",9606,0.471,0,0,0,0.067,0.457,0,0
"9606.ENSP00000253363","9606.ENSP00000255631","RBM39","HSPBP1",9606,0.473,0,0,0,0.063,0.457,0,0.049
"9606.ENSP00000253363","9606.ENSP00000320309","RBM39","FARSA",9606,0.476,0,0,0,0.075,0.457,0,0
"9606.ENSP00000253363","9606.ENSP00000333275","RBM39","NR2C1",9606,0.476,0,0,0,0.075,0.457,0,0
"9606.ENSP00000253363","9606.ENSP00000369538","RBM39","GDI2",9606,0.476,0,0,0,0.075,0.457,0,0
"9606.ENSP00000253363","9606.ENSP00000364935","RBM39","CLIC1",9606,0.479,0,0,0,0.08,0.457,0,0
"9606.ENSP00000253363","9606.ENSP00000498336","RBM39","MTHFD1",9606,0.479,0,0,0,0.075,0.457,0,0.047
"9606.ENSP00000253363","9606.ENSP00000264639","RBM39","PSMD3",9606,0.481,0,0.049,0,0.076,0.457,0,0
"9606.ENSP00000253363","9606.ENSP00000316512","RBM39","TLK2",9606,0.483,0,0,0,0.207,0,0,0.375
"9606.ENSP00000253363","9606.ENSP00000385385","RBM39","PDIA6",9606,0.483,0,0,0,0.075,0.457,0,0.054
"9606.ENSP00000253363","9606.ENSP00000264515","RBM39","RBBP5",9606,0.487,0,0,0,0.094,0.457,0,0
"9606.ENSP00000253363","9606.ENSP00000378935","RBM39","PPHLN1",9606,0.487,0,0,0,0.094,0.457,0,0
"9606.ENSP00000253363","9606.ENSP00000466718","RBM39","LSM12",9606,0.487,0,0,0,0.075,0.457,0,0.062
"9606.ENSP00000253363","9606.ENSP00000264645","RBM39","CASC3",9606,0.488,0,0,0,0.065,0.457,0,0.074
"9606.ENSP00000253363","9606.ENSP00000305480","RBM39","FEN1",9606,0.488,0,0,0,0.096,0.457,0,0
"9606.ENSP00000253363","9606.ENSP00000339001","RBM39","TUBB",9606,0.488,0,0,0,0.085,0.457,0,0.053
"9606.ENSP00000253363","9606.ENSP00000392270","RBM39","STRAP",9606,0.493,0,0,0,0.086,0.457,0,0.061
"9606.ENSP00000253363","9606.ENSP00000341289","RBM39","TUBB4B",9606,0.494,0,0,0,0.09,0.457,0,0.06
"9606.ENSP00000253363","9606.ENSP00000495530","RBM39","ENO1",9606,0.495,0,0,0,0.079,0.457,0,0.072
"9606.ENSP00000253363","9606.ENSP00000262105","RBM39","MCM4",9606,0.496,0,0,0,0.11,0.457,0,0
"9606.ENSP00000253363","9606.ENSP00000368646","RBM39","PRDX4",9606,0.499,0,0,0,0.075,0.457,0,0.084
"9606.ENSP00000253363","9606.ENSP00000263773","RBM39","FNBP4",9606,0.51,0,0,0,0.307,0.211,0,0.177
"9606.ENSP00000253363","9606.ENSP00000411532","RBM39","TOP2A",9606,0.513,0,0,0,0.109,0.457,0,0.076
"9606.ENSP00000253363","9606.ENSP00000438483","RBM39","KPNA2",9606,0.515,0,0,0,0.097,0.457,0,0.091
"9606.ENSP00000253363","9606.ENSP00000336799","RBM39","TUBA1B",9606,0.519,0,0,0,0.125,0.457,0,0.069
"9606.ENSP00000253363","9606.ENSP00000362041","RBM39","DNAJC9",9606,0.521,0,0,0,0.154,0.458,0,0
"9606.ENSP00000253363","9606.ENSP00000480987","RBM39","MCM3",9606,0.525,0,0,0,0.162,0.457,0,0
"9606.ENSP00000253363","9606.ENSP00000264335","RBM39","YWHAE",9606,0.53,0,0,0,0.17,0.457,0,0
"9606.ENSP00000253363","9606.ENSP00000360268","RBM39","ALDH18A1",9606,0.533,0,0,0,0.094,0.457,0,0.128
"9606.ENSP00000253363","9606.ENSP00000442318","RBM39","CAND1",9606,0.534,0,0,0,0.102,0.472,0,0.097
"9606.ENSP00000253363","9606.ENSP00000300738","RBM39","RRM1",9606,0.536,0,0,0,0.098,0,0,0.507
"9606.ENSP00000253363","9606.ENSP00000497402","RBM39","RCC1",9606,0.541,0,0,0,0.146,0.457,0,0.091
"9606.ENSP00000253363","9606.ENSP00000280326","RBM39","CCT5",9606,0.544,0,0,0,0.084,0.457,0,0.158
"9606.ENSP00000253363","9606.ENSP00000403039","RBM39","HP1BP3",9606,0.553,0,0,0,0.212,0.457,0,0
"9606.ENSP00000253363","9606.ENSP00000496250","RBM39","RPL11",9606,0.563,0,0,0,0.229,0.457,0,0
"9606.ENSP00000253363","9606.ENSP00000343966","RBM39","PSPC1",9606,0.565,0,0,0,0.199,0.457,0,0.081
"9606.ENSP00000253363","9606.ENSP00000380070","RBM39","GAPDH",9606,0.585,0,0,0,0.152,0.457,0,0.172
"9606.ENSP00000253363","9606.ENSP00000307288","RBM39","MCM7",9606,0.589,0,0,0,0.196,0.51,0,0
"9606.ENSP00000253363","9606.ENSP00000433071","RBM39","RBM4B",9606,0.591,0,0,0,0.096,0.457,0,0.235
"9606.ENSP00000253363","9606.ENSP00000494750","RBM39","ACTB",9606,0.594,0,0,0,0.191,0.457,0,0.151
"9606.ENSP00000253363","9606.ENSP00000264279","RBM39","NOP58",9606,0.611,0,0,0,0.219,0.457,0,0.157
"9606.ENSP00000253363","9606.ENSP00000265866","RBM39","HNRNPH3",9606,0.64,0,0,0,0.192,0.457,0,0.247
"9606.ENSP00000253363","9606.ENSP00000433760","RBM39","BANF1",9606,0.64,0,0,0,0.074,0.574,0,0.162
"9606.ENSP00000253363","9606.ENSP00000317872","RBM39","RBBP6",9606,0.641,0,0,0,0.224,0,0.5,0.15
"9606.ENSP00000253363","9606.ENSP00000383059","RBM39","ARGLU1",9606,0.652,0,0,0,0.525,0,0,0.299
"9606.ENSP00000253363","9606.ENSP00000313007","RBM39","PABPC1",9606,0.654,0,0,0,0.355,0.457,0,0.092
"9606.ENSP00000253363","9606.ENSP00000362592","RBM39","RBBP4",9606,0.673,0,0,0,0.263,0.554,0,0.086
"9606.ENSP00000253363","9606.ENSP00000259873","RBM39","MRPS18B",9606,0.702,0,0,0,0.065,0.695,0,0
"9606.ENSP00000253363","9606.ENSP00000316042","RBM39","HNRNPA0",9606,0.711,0,0,0.133,0.199,0.59,0,0.107
"9606.ENSP00000253363","9606.ENSP00000353770","RBM39","RRM2",9606,0.738,0,0,0,0.064,0.457,0,0.527
"9606.ENSP00000253363","9606.ENSP00000437125","RBM39","HSPA8",9606,0.746,0,0,0,0.278,0.615,0,0.161
"9606.ENSP00000253363","9606.ENSP00000425031","RBM39","HNRNPAB",9606,0.764,0,0,0.113,0.081,0.695,0,0.166
"9606.ENSP00000253363","9606.ENSP00000410452","RBM39","STMN1",9606,0.784,0,0,0,0.075,0.772,0,0.062
"9606.ENSP00000253363","9606.ENSP00000305790","RBM39","SF3B3",9606,0.79,0,0,0,0.146,0.695,0,0.259
"9606.ENSP00000253363","9606.ENSP00000254193","RBM39","SNRPA1",9606,0.805,0,0,0,0.173,0.695,0,0.29
"9606.ENSP00000253363","9606.ENSP00000325905","RBM39","SRSF7",9606,0.809,0,0,0,0.345,0.634,0,0.268
"9606.ENSP00000253363","9606.ENSP00000349168","RBM39","HNRNPH1",9606,0.826,0,0,0,0.495,0.457,0,0.418
"9606.ENSP00000253363","9606.ENSP00000271628","RBM39","SF3B4",9606,0.83,0,0,0.108,0.08,0.784,0,0.155
"9606.ENSP00000253363","9606.ENSP00000376276","RBM39","SRSF2",9606,0.851,0,0,0.128,0.614,0.457,0,0.281
"9606.ENSP00000253363","9606.ENSP00000310723","RBM39","DDX23",9606,0.854,0,0,0,0.145,0.792,0,0.245
"9606.ENSP00000253363","9606.ENSP00000435210","RBM39","BCLAF1",9606,0.874,0,0,0,0.505,0.695,0,0.237
"9606.ENSP00000253363","9606.ENSP00000483254","RBM39","HNRNPDL",9606,0.893,0,0,0.111,0.553,0.695,0,0.225
"9606.ENSP00000253363","9606.ENSP00000296702","RBM39","TCERG1",9606,0.894,0,0,0,0.194,0.285,0.8,0.19
"9606.ENSP00000253363","9606.ENSP00000301764","RBM39","DDB1",9606,0.895,0,0,0,0.075,0.8,0,0.481
"9606.ENSP00000253363","9606.ENSP00000396301","RBM39","IK",9606,0.897,0,0,0,0.129,0.457,0.8,0
"9606.ENSP00000253363","9606.ENSP00000452123","RBM39","SRSF5",9606,0.912,0,0,0,0.866,0,0,0.373
"9606.ENSP00000253363","9606.ENSP00000496842","RBM39","PNISR",9606,0.953,0,0,0,0.688,0.8,0,0.322
"9606.ENSP00000253363","9606.ENSP00000416269","RBM39","DDX39B",9606,0.958,0,0,0,0.159,0.702,0.8,0.27
"9606.ENSP00000253363","9606.ENSP00000497641","RBM39","EIF4A3",9606,0.978,0,0,0,0.129,0.974,0,0.11
"9606.ENSP00000253363","9606.ENSP00000335321","RBM39","SF3B1",9606,0.991,0,0,0,0.906,0.836,0,0.492
"9606.ENSP00000253462","9606.ENSP00000429089","GINS2","CCNE2",9606,0.401,0,0,0,0.197,0,0,0.285
"9606.ENSP00000253462","9606.ENSP00000364976","GINS2","CKS2",9606,0.415,0,0,0,0.245,0,0,0.258
"9606.ENSP00000253462","9606.ENSP00000306473","GINS2","SHCBP1",9606,0.429,0,0,0,0.318,0,0,0.198
"9606.ENSP00000253462","9606.ENSP00000256442","GINS2","CCNB1",9606,0.438,0,0,0,0.288,0.046,0,0.24
"9606.ENSP00000253462","9606.ENSP00000285116","GINS2","SKA1",9606,0.443,0,0,0,0.279,0,0,0.26
"9606.ENSP00000253462","9606.ENSP00000262300","GINS2","PKMYT1",9606,0.446,0,0,0,0.305,0,0,0.236
"9606.ENSP00000253462","9606.ENSP00000357308","GINS2","CENPW",9606,0.45,0,0,0,0.309,0,0,0.237
"9606.ENSP00000253462","9606.ENSP00000363524","GINS2","KIF4A",9606,0.458,0,0,0,0.308,0,0,0.25
"9606.ENSP00000253462","9606.ENSP00000415430","GINS2","GTSE1",9606,0.463,0,0,0,0.327,0,0,0.235
"9606.ENSP00000253462","9606.ENSP00000328228","GINS2","CDCA2",9606,0.47,0,0,0,0.258,0,0,0.315
"9606.ENSP00000253462","9606.ENSP00000360623","GINS2","ORC1",9606,0.47,0,0,0,0.357,0,0,0.21
"9606.ENSP00000253462","9606.ENSP00000282074","GINS2","SPC25",9606,0.471,0,0,0,0.413,0,0,0.137
"9606.ENSP00000253462","9606.ENSP00000356379","GINS2","ASPM",9606,0.471,0,0,0,0.325,0,0,0.249
"9606.ENSP00000253462","9606.ENSP00000300403","GINS2","TPX2",9606,0.476,0,0,0,0.299,0,0,0.284
"9606.ENSP00000253462","9606.ENSP00000377536","GINS2","PTTG1",9606,0.477,0,0,0,0.337,0,0,0.244
"9606.ENSP00000253462","9606.ENSP00000260363","GINS2","KIF23",9606,0.481,0,0,0,0.247,0,0,0.34
"9606.ENSP00000253462","9606.ENSP00000418960","GINS2","BRCA1",9606,0.493,0,0,0,0.282,0,0,0.323
"9606.ENSP00000253462","9606.ENSP00000355966","GINS2","NEK2",9606,0.494,0,0,0,0.251,0,0,0.353
"9606.ENSP00000253462","9606.ENSP00000414109","GINS2","HJURP",9606,0.494,0,0,0,0.336,0,0,0.27
"9606.ENSP00000253462","9606.ENSP00000300738","GINS2","RRM1",9606,0.52,0,0,0,0.293,0,0,0.349
"9606.ENSP00000253462","9606.ENSP00000336868","GINS2","CENPA",9606,0.524,0,0,0,0.295,0,0,0.353
"9606.ENSP00000253462","9606.ENSP00000306968","GINS2","CDCA7",9606,0.526,0,0,0,0.301,0,0,0.351
"9606.ENSP00000253462","9606.ENSP00000355506","GINS2","EXO1",9606,0.532,0,0,0,0.365,0,0,0.294
"9606.ENSP00000253462","9606.ENSP00000363055","GINS2","ZWINT",9606,0.532,0,0,0,0.364,0,0,0.295
"9606.ENSP00000253462","9606.ENSP00000465075","GINS2","SPC24",9606,0.539,0,0,0,0.446,0,0,0.203
"9606.ENSP00000253462","9606.ENSP00000442068","GINS2","CDCA3",9606,0.541,0,0,0,0.367,0,0,0.305
"9606.ENSP00000253462","9606.ENSP00000263382","GINS2","ASF1B",9606,0.543,0,0,0,0.383,0,0,0.291
"9606.ENSP00000253462","9606.ENSP00000298048","GINS2","MELK",9606,0.546,0,0,0,0.375,0,0,0.304
"9606.ENSP00000253462","9606.ENSP00000301633","GINS2","BIRC5",9606,0.547,0,0,0,0.447,0.068,0,0.193
"9606.ENSP00000253462","9606.ENSP00000348838","GINS2","UBE2C",9606,0.552,0,0,0,0.37,0,0,0.319
"9606.ENSP00000253462","9606.ENSP00000302530","GINS2","BUB1",9606,0.553,0,0,0,0.342,0,0,0.349
"9606.ENSP00000253462","9606.ENSP00000361298","GINS2","KIF2C",9606,0.567,0,0,0,0.325,0,0,0.385
"9606.ENSP00000253462","9606.ENSP00000481380","GINS2","CCNA2",9606,0.568,0,0,0,0.429,0,0,0.276
"9606.ENSP00000253462","9606.ENSP00000353770","GINS2","RRM2",9606,0.57,0,0,0,0.35,0,0,0.367
"9606.ENSP00000253462","9606.ENSP00000468425","GINS2","TK1",9606,0.572,0,0,0,0.401,0,0,0.315
"9606.ENSP00000253462","9606.ENSP00000361540","GINS2","CDC20",9606,0.58,0,0,0,0.419,0,0,0.308
"9606.ENSP00000253462","9606.ENSP00000479617","GINS2","UHRF1",9606,0.581,0,0,0,0.387,0,0,0.346
"9606.ENSP00000253462","9606.ENSP00000499238","GINS2","NUSAP1",9606,0.614,0,0,0,0.423,0,0,0.36
"9606.ENSP00000253462","9606.ENSP00000378699","GINS2","CDK1",9606,0.652,0,0,0,0.54,0,0,0.276
"9606.ENSP00000253462","9606.ENSP00000275517","GINS2","CDCA5",9606,0.657,0,0,0,0.489,0,0,0.358
"9606.ENSP00000253462","9606.ENSP00000324020","GINS2","KIF15",9606,0.66,0,0,0,0.509,0,0,0.337
"9606.ENSP00000253462","9606.ENSP00000355958","GINS2","DTL",9606,0.671,0,0,0,0.542,0,0,0.312
"9606.ENSP00000253462","9606.ENSP00000362146","GINS2","CDCA8",9606,0.671,0,0,0,0.47,0,0,0.406
"9606.ENSP00000253462","9606.ENSP00000493712","GINS2","RAD51",9606,0.693,0,0,0,0.471,0,0,0.444
"9606.ENSP00000253462","9606.ENSP00000300035","GINS2","PCLAF",9606,0.699,0,0,0,0.597,0,0,0.285
"9606.ENSP00000253462","9606.ENSP00000411532","GINS2","TOP2A",9606,0.701,0,0,0,0.574,0,0,0.329
"9606.ENSP00000253462","9606.ENSP00000288207","GINS2","CCNB2",9606,0.771,0,0,0,0.679,0.046,0,0.315
"9606.ENSP00000253462","9606.ENSP00000305480","GINS2","FEN1",9606,0.775,0,0,0,0.602,0,0,0.459
"9606.ENSP00000253462","9606.ENSP00000325017","GINS2","NCAPD2",9606,0.781,0,0,0,0.618,0,0,0.451
"9606.ENSP00000253462","9606.ENSP00000315644","GINS2","TYMS",9606,0.791,0,0,0,0.66,0,0,0.413
"9606.ENSP00000253462","9606.ENSP00000298288","GINS2","LRR1",9606,0.839,0,0,0,0.213,0.8,0,0.063
"9606.ENSP00000253462","9606.ENSP00000312995","GINS2","CLSPN",9606,0.902,0,0,0,0.332,0.8,0,0.328
"9606.ENSP00000253462","9606.ENSP00000418268","GINS2","MCM10",9606,0.969,0,0,0,0.522,0.867,0,0.561
"9606.ENSP00000253462","9606.ENSP00000262105","GINS2","MCM4",9606,0.999,0,0,0,0.719,0.974,0.9,0.63
"9606.ENSP00000253462","9606.ENSP00000307288","GINS2","MCM7",9606,0.999,0,0,0,0.52,0.997,0.9,0.5
"9606.ENSP00000253462","9606.ENSP00000405726","GINS2","CDC45",9606,0.999,0,0,0,0.851,0.967,0.9,0.737
"9606.ENSP00000253462","9606.ENSP00000480987","GINS2","MCM3",9606,0.999,0,0,0,0.543,0.977,0.9,0.584
"9606.ENSP00000254101","9606.ENSP00000386710","PRKAB2","ATG9A",9606,0.405,0,0,0,0.109,0.299,0,0.125
"9606.ENSP00000254101","9606.ENSP00000380070","PRKAB2","GAPDH",9606,0.408,0,0,0,0,0.316,0,0.171
"9606.ENSP00000254101","9606.ENSP00000437125","PRKAB2","HSPA8",9606,0.444,0,0,0,0,0.049,0.4,0.104
"9606.ENSP00000254101","9606.ENSP00000338990","PRKAB2","ATG101",9606,0.509,0,0,0,0,0,0.5,0.06
"9606.ENSP00000254101","9606.ENSP00000369899","PRKAB2","RRAGA",9606,0.55,0,0,0,0.081,0,0.5,0.101
"9606.ENSP00000254101","9606.ENSP00000334448","PRKAB2","GNG2",9606,0.65,0,0,0,0,0,0.65,0
"9606.ENSP00000254101","9606.ENSP00000371594","PRKAB2","GNG7",9606,0.662,0,0,0,0,0,0.65,0.075
"9606.ENSP00000254101","9606.ENSP00000286548","PRKAB2","GNAQ",9606,0.665,0,0,0,0,0,0.65,0.083
"9606.ENSP00000254101","9606.ENSP00000393762","PRKAB2","SESN1",9606,0.711,0,0,0,0.08,0,0.65,0.175
"9606.ENSP00000254101","9606.ENSP00000305260","PRKAB2","GNB2",9606,0.75,0,0,0,0,0.307,0.65,0.055
"9606.ENSP00000254101","9606.ENSP00000269305","PRKAB2","TP53",9606,0.84,0,0,0,0,0.634,0.5,0.197
"9606.ENSP00000254101","9606.ENSP00000262430","PRKAB2","MLYCD",9606,0.914,0,0,0,0.075,0,0.9,0.15
"9606.ENSP00000254101","9606.ENSP00000340736","PRKAB2","GYG1",9606,0.953,0,0,0,0.084,0.945,0,0.149
"9606.ENSP00000254101","9606.ENSP00000323867","PRKAB2","PRKAG1",9606,0.999,0,0,0,0.22,0.999,0.9,0.943
"9606.ENSP00000254193","9606.ENSP00000308430","SNRPA1","CYB5B",9606,0.4,0,0,0,0.102,0.36,0,0
"9606.ENSP00000254193","9606.ENSP00000316042","SNRPA1","HNRNPA0",9606,0.406,0,0,0,0.191,0.131,0,0.223
"9606.ENSP00000254193","9606.ENSP00000307288","SNRPA1","MCM7",9606,0.416,0,0,0,0.212,0.262,0,0.077
"9606.ENSP00000254193","9606.ENSP00000387996","SNRPA1","CSTF2",9606,0.421,0,0,0,0.176,0.179,0,0.213
"9606.ENSP00000254193","9606.ENSP00000362334","SNRPA1","PSMB2",9606,0.422,0,0,0,0.26,0,0,0.251
"9606.ENSP00000254193","9606.ENSP00000380070","SNRPA1","GAPDH",9606,0.427,0,0,0,0.077,0.282,0,0.205
"9606.ENSP00000254193","9606.ENSP00000278070","SNRPA1","PPRC1",9606,0.43,0,0,0,0.082,0.405,0,0
"9606.ENSP00000254193","9606.ENSP00000452123","SNRPA1","SRSF5",9606,0.443,0,0,0,0.094,0.275,0,0.221
"9606.ENSP00000254193","9606.ENSP00000470560","SNRPA1","EMG1",9606,0.446,0,0,0,0.434,0,0,0.062
"9606.ENSP00000254193","9606.ENSP00000280326","SNRPA1","CCT5",9606,0.451,0,0,0,0.278,0.271,0,0
"9606.ENSP00000254193","9606.ENSP00000271139","SNRPA1","MOB3C",9606,0.457,0,0,0,0,0.457,0,0
"9606.ENSP00000254193","9606.ENSP00000349168","SNRPA1","HNRNPH1",9606,0.462,0,0,0,0.248,0,0,0.315
"9606.ENSP00000254193","9606.ENSP00000296417","SNRPA1","H2AZ1",9606,0.464,0,0,0,0.172,0.284,0,0.17
"9606.ENSP00000254193","9606.ENSP00000380256","SNRPA1","CCNF",9606,0.476,0,0,0,0.061,0.457,0,0.056
"9606.ENSP00000254193","9606.ENSP00000377958","SNRPA1","CCT4",9606,0.491,0,0,0,0.265,0.209,0,0.195
"9606.ENSP00000254193","9606.ENSP00000379181","SNRPA1","RAE1",9606,0.497,0,0,0,0.169,0.046,0,0.417
"9606.ENSP00000254193","9606.ENSP00000264596","SNRPA1","NEIL3",9606,0.518,0,0,0,0.078,0.457,0,0.115
"9606.ENSP00000254193","9606.ENSP00000313007","SNRPA1","PABPC1",9606,0.546,0,0,0,0.232,0.349,0,0.165
"9606.ENSP00000254193","9606.ENSP00000317872","SNRPA1","RBBP6",9606,0.548,0,0,0,0.082,0,0.5,0.096
"9606.ENSP00000254193","9606.ENSP00000376276","SNRPA1","SRSF2",9606,0.554,0,0,0,0.242,0.282,0,0.248
"9606.ENSP00000254193","9606.ENSP00000264279","SNRPA1","NOP58",9606,0.572,0,0,0,0.358,0,0,0.361
"9606.ENSP00000254193","9606.ENSP00000416269","SNRPA1","DDX39B",9606,0.659,0,0,0,0.258,0.32,0,0.379
"9606.ENSP00000254193","9606.ENSP00000325905","SNRPA1","SRSF7",9606,0.696,0,0,0,0.214,0.355,0,0.449
"9606.ENSP00000254193","9606.ENSP00000269305","SNRPA1","TP53",9606,0.8,0,0,0,0.058,0.772,0,0.146
"9606.ENSP00000254193","9606.ENSP00000263384","SNRPA1","FAM32A",9606,0.819,0,0,0,0.122,0.8,0,0.057
"9606.ENSP00000254193","9606.ENSP00000437125","SNRPA1","HSPA8",9606,0.819,0,0,0,0.102,0.789,0,0.125
"9606.ENSP00000254193","9606.ENSP00000264645","SNRPA1","CASC3",9606,0.823,0,0,0,0.072,0.8,0,0.123
"9606.ENSP00000254193","9606.ENSP00000497641","SNRPA1","EIF4A3",9606,0.867,0,0,0,0.242,0.801,0,0.193
"9606.ENSP00000254193","9606.ENSP00000310723","SNRPA1","DDX23",9606,0.909,0,0,0,0.075,0.805,0,0.539
"9606.ENSP00000254193","9606.ENSP00000296702","SNRPA1","TCERG1",9606,0.968,0,0,0,0.214,0.953,0,0.221
"9606.ENSP00000254193","9606.ENSP00000396301","SNRPA1","IK",9606,0.981,0,0,0,0.095,0.8,0.9,0.08
"9606.ENSP00000254193","9606.ENSP00000271628","SNRPA1","SF3B4",9606,0.999,0,0,0,0.209,0.998,0.9,0.554
"9606.ENSP00000254193","9606.ENSP00000305790","SNRPA1","SF3B3",9606,0.999,0,0,0,0.13,0.999,0.9,0.659
"9606.ENSP00000254193","9606.ENSP00000335321","SNRPA1","SF3B1",9606,0.999,0,0,0,0.251,0.999,0.9,0.567
"9606.ENSP00000254436","9606.ENSP00000336868","TRIM21","CENPA",9606,0.401,0,0,0,0,0.043,0,0.4
"9606.ENSP00000254436","9606.ENSP00000377245","TRIM21","KEAP1",9606,0.421,0,0,0,0.065,0,0,0.407
"9606.ENSP00000254436","9606.ENSP00000363993","TRIM21","PSMB9",9606,0.434,0,0,0,0.314,0,0,0.21
"9606.ENSP00000254436","9606.ENSP00000367013","TRIM21","TNFRSF25",9606,0.449,0,0,0,0.055,0,0,0.441
"9606.ENSP00000254436","9606.ENSP00000297258","TRIM21","FABP5",9606,0.457,0,0,0,0,0.457,0,0
"9606.ENSP00000254436","9606.ENSP00000307900","TRIM21","GLUL",9606,0.457,0,0,0,0,0.457,0,0
"9606.ENSP00000254436","9606.ENSP00000355966","TRIM21","NEK2",9606,0.457,0,0,0,0,0.457,0,0
"9606.ENSP00000254436","9606.ENSP00000483946","TRIM21","PHF19",9606,0.457,0,0,0,0,0.457,0,0
"9606.ENSP00000254436","9606.ENSP00000398698","TRIM21","TNF",9606,0.459,0,0,0,0.082,0,0,0.435
"9606.ENSP00000254436","9606.ENSP00000356319","TRIM21","KIF14",9606,0.461,0,0,0,0.049,0.457,0,0
"9606.ENSP00000254436","9606.ENSP00000258098","TRIM21","RAB11FIP5",9606,0.464,0,0,0,0.047,0.457,0,0.049
"9606.ENSP00000254436","9606.ENSP00000349168","TRIM21","HNRNPH1",9606,0.464,0,0,0,0,0.457,0,0.054
"9606.ENSP00000254436","9606.ENSP00000321584","TRIM21","IMPDH2",9606,0.467,0,0,0,0,0.457,0,0.06
"9606.ENSP00000254436","9606.ENSP00000320309","TRIM21","FARSA",9606,0.468,0,0,0,0.061,0.457,0,0
"9606.ENSP00000254436","9606.ENSP00000458162","TRIM21","ACTG1",9606,0.468,0,0,0,0.06,0.457,0,0.043
"9606.ENSP00000254436","9606.ENSP00000369538","TRIM21","GDI2",9606,0.47,0,0,0,0.062,0.459,0,0
"9606.ENSP00000254436","9606.ENSP00000257570","TRIM21","OASL",9606,0.471,0,0,0,0.31,0,0,0.266
"9606.ENSP00000254436","9606.ENSP00000385385","TRIM21","PDIA6",9606,0.472,0,0,0,0.058,0.457,0,0.052
"9606.ENSP00000254436","9606.ENSP00000278422","TRIM21","TMX2",9606,0.473,0,0,0,0.069,0.457,0,0.042
"9606.ENSP00000254436","9606.ENSP00000377958","TRIM21","CCT4",9606,0.473,0,0,0,0,0.457,0,0.07
"9606.ENSP00000254436","9606.ENSP00000379181","TRIM21","RAE1",9606,0.473,0,0,0,0,0.457,0,0.07
"9606.ENSP00000254436","9606.ENSP00000443475","TRIM21","TUBA1C",9606,0.477,0,0,0,0.059,0.457,0,0.06
"9606.ENSP00000254436","9606.ENSP00000341289","TRIM21","TUBB4B",9606,0.478,0,0,0,0.061,0.457,0,0.059
"9606.ENSP00000254436","9606.ENSP00000468424","TRIM21","NMT1",9606,0.479,0,0,0,0.061,0.457,0,0.062
"9606.ENSP00000254436","9606.ENSP00000271638","TRIM21","S100A11",9606,0.481,0,0,0,0.085,0.457,0,0
"9606.ENSP00000254436","9606.ENSP00000348838","TRIM21","UBE2C",9606,0.484,0,0,0,0.046,0.456,0,0.087
"9606.ENSP00000254436","9606.ENSP00000496250","TRIM21","RPL11",9606,0.485,0,0,0,0,0.457,0,0.092
"9606.ENSP00000254436","9606.ENSP00000312995","TRIM21","CLSPN",9606,0.491,0,0,0,0,0.457,0,0.102
"9606.ENSP00000254436","9606.ENSP00000319788","TRIM21","NQO1",9606,0.5,0,0,0,0,0.457,0,0.118
"9606.ENSP00000254436","9606.ENSP00000313007","TRIM21","PABPC1",9606,0.502,0,0,0,0,0.457,0,0.122
"9606.ENSP00000254436","9606.ENSP00000287156","TRIM21","UBE2L6",9606,0.503,0,0,0,0.346,0,0,0.272
"9606.ENSP00000254436","9606.ENSP00000339001","TRIM21","TUBB",9606,0.507,0,0,0,0.059,0.457,0,0.113
"9606.ENSP00000254436","9606.ENSP00000342278","TRIM21","OAS2",9606,0.513,0,0,0,0.351,0,0,0.281
"9606.ENSP00000254436","9606.ENSP00000388001","TRIM21","OAS1",9606,0.517,0,0,0,0.334,0,0,0.305
"9606.ENSP00000254436","9606.ENSP00000483903","TRIM21","H2BC15",9606,0.523,0,0,0,0,0.485,0,0.113
"9606.ENSP00000254436","9606.ENSP00000296511","TRIM21","ANXA5",9606,0.535,0,0,0,0.065,0.457,0,0.158
"9606.ENSP00000254436","9606.ENSP00000495530","TRIM21","ENO1",9606,0.571,0,0,0,0,0.457,0,0.243
"9606.ENSP00000254436","9606.ENSP00000380070","TRIM21","GAPDH",9606,0.612,0,0,0,0.058,0.457,0,0.303
"9606.ENSP00000254436","9606.ENSP00000269305","TRIM21","TP53",9606,0.629,0,0,0,0.075,0.457,0,0.322
"9606.ENSP00000254436","9606.ENSP00000360329","TRIM21","TTC4",9606,0.652,0,0,0,0.072,0,0,0.641
"9606.ENSP00000254436","9606.ENSP00000353099","TRIM21","HLA-DRB1",9606,0.655,0,0,0,0.097,0.457,0,0.353
"9606.ENSP00000254436","9606.ENSP00000437125","TRIM21","HSPA8",9606,0.657,0,0,0,0.065,0.457,0,0.38
"9606.ENSP00000254436","9606.ENSP00000359497","TRIM21","GBP2",9606,0.686,0,0,0,0.204,0,0.5,0.276
"9606.ENSP00000254436","9606.ENSP00000351646","TRIM21","STIP1",9606,0.743,0,0,0,0.056,0,0,0.739
"9606.ENSP00000254436","9606.ENSP00000498336","TRIM21","MTHFD1",9606,0.803,0,0,0,0,0.802,0,0.047
"9606.ENSP00000254436","9606.ENSP00000395590","TRIM21","IFI35",9606,0.847,0,0,0,0.604,0.457,0,0.349
"9606.ENSP00000254436","9606.ENSP00000494750","TRIM21","ACTB",9606,0.856,0,0,0,0.064,0.802,0,0.286
"9606.ENSP00000254436","9606.ENSP00000255631","TRIM21","HSPBP1",9606,0.867,0,0,0,0,0,0,0.867
"9606.ENSP00000254436","9606.ENSP00000354394","TRIM21","STAT1",9606,0.886,0,0,0,0.432,0.459,0.5,0.347
"9606.ENSP00000254436","9606.ENSP00000379931","TRIM21","UBE2E2",9606,0.914,0,0,0,0,0.9,0,0.178
"9606.ENSP00000254436","9606.ENSP00000471896","TRIM21","IRF3",9606,0.967,0,0,0,0.09,0.918,0,0.604
"9606.ENSP00000254436","9606.ENSP00000316176","TRIM21","UBE2N",9606,0.984,0,0,0,0,0.974,0,0.443
"9606.ENSP00000254816","9606.ENSP00000300093","TRIM47","PLK1",9606,0.425,0,0,0,0.075,0.39,0,0.064
"9606.ENSP00000254816","9606.ENSP00000418960","TRIM47","BRCA1",9606,0.476,0,0,0,0,0.457,0,0.075
"9606.ENSP00000254816","9606.ENSP00000269305","TRIM47","TP53",9606,0.531,0,0,0,0,0.457,0,0.172
"9606.ENSP00000255631","9606.ENSP00000400646","HSPBP1","PNPT1",9606,0.413,0,0,0,0.389,0,0,0.08
"9606.ENSP00000255631","9606.ENSP00000380256","HSPBP1","CCNF",9606,0.481,0,0,0,0.063,0.457,0,0.063
"9606.ENSP00000255631","9606.ENSP00000326981","HSPBP1","IMP3",9606,0.492,0.086,0,0,0.418,0,0,0.123
"9606.ENSP00000255631","9606.ENSP00000292586","HSPBP1","MRNIP",9606,0.546,0,0,0,0.401,0.218,0,0.11
"9606.ENSP00000255631","9606.ENSP00000263857","HSPBP1","POLR1A",9606,0.611,0.086,0,0,0.5,0.164,0,0.102
"9606.ENSP00000255631","9606.ENSP00000496250","HSPBP1","RPL11",9606,0.63,0.106,0,0,0.556,0,0,0.145
"9606.ENSP00000255631","9606.ENSP00000398882","HSPBP1","DOHH",9606,0.693,0,0,0,0.693,0,0,0
"9606.ENSP00000255631","9606.ENSP00000360850","HSPBP1","MRPS2",9606,0.699,0.05,0,0,0.608,0.207,0,0.102
"9606.ENSP00000255631","9606.ENSP00000358812","HSPBP1","PDCD11",9606,0.742,0.056,0,0,0.575,0.339,0,0.142
"9606.ENSP00000255631","9606.ENSP00000360329","HSPBP1","TTC4",9606,0.783,0,0,0,0.108,0.045,0,0.766
"9606.ENSP00000255631","9606.ENSP00000351646","HSPBP1","STIP1",9606,0.882,0,0,0,0.23,0.045,0,0.853
"9606.ENSP00000255631","9606.ENSP00000364802","HSPBP1","HSPA1A",9606,0.957,0,0,0,0.102,0.9,0,0.568
"9606.ENSP00000255631","9606.ENSP00000437125","HSPBP1","HSPA8",9606,0.999,0,0,0,0.122,0.999,0,0.785
"9606.ENSP00000255764","9606.ENSP00000349168","MED10","HNRNPH1",9606,0.475,0,0,0,0.074,0.457,0,0
"9606.ENSP00000255764","9606.ENSP00000378935","MED10","PPHLN1",9606,0.803,0,0,0,0.069,0.756,0,0.205
"9606.ENSP00000255764","9606.ENSP00000296417","MED10","H2AZ1",9606,0.814,0,0,0,0.112,0.8,0,0
"9606.ENSP00000255764","9606.ENSP00000367034","MED10","H4C3",9606,0.818,0,0,0,0.071,0.8,0,0.101
"9606.ENSP00000255764","9606.ENSP00000301633","MED10","BIRC5",9606,0.94,0,0,0,0.067,0.939,0,0
"9606.ENSP00000255764","9606.ENSP00000290663","MED10","MED8",9606,0.999,0,0,0,0.129,0.999,0.9,0.919
"9606.ENSP00000255764","9606.ENSP00000326767","MED10","MED25",9606,0.999,0,0,0,0,0.999,0.9,0.385
"9606.ENSP00000255764","9606.ENSP00000362948","MED10","MED18",9606,0.999,0,0,0,0,0.999,0.9,0.959
"9606.ENSP00000256194","9606.ENSP00000356319","MICAL2","KIF14",9606,0.457,0,0,0,0,0.457,0,0
"9606.ENSP00000256194","9606.ENSP00000260363","MICAL2","KIF23",9606,0.511,0,0,0,0.047,0.457,0,0.131
"9606.ENSP00000256194","9606.ENSP00000310226","MICAL2","RAB1B",9606,0.758,0,0,0,0,0.757,0,0.045
"9606.ENSP00000256255","9606.ENSP00000348752","SARAF","ORAI2",9606,0.606,0,0,0,0,0,0,0.606
"9606.ENSP00000256442","9606.ENSP00000398698","CCNB1","TNF",9606,0.4,0,0,0,0,0,0,0.4
"9606.ENSP00000256442","9606.ENSP00000310226","CCNB1","RAB1B",9606,0.409,0,0,0,0.056,0,0.4,0
"9606.ENSP00000256442","9606.ENSP00000306968","CCNB1","CDCA7",9606,0.419,0,0,0,0.226,0.067,0,0.261
"9606.ENSP00000256442","9606.ENSP00000397552","CCNB1","ACTL6A",9606,0.419,0,0,0,0.309,0.076,0,0.164
"9606.ENSP00000256442","9606.ENSP00000296417","CCNB1","H2AZ1",9606,0.444,0,0,0,0.274,0.07,0,0.243
"9606.ENSP00000256442","9606.ENSP00000360944","CCNB1","STIL",9606,0.453,0,0,0,0.314,0,0,0.236
"9606.ENSP00000256442","9606.ENSP00000483254","CCNB1","HNRNPDL",9606,0.462,0,0,0,0.075,0.068,0,0.427
"9606.ENSP00000256442","9606.ENSP00000344635","CCNB1","CCNG1",9606,0.479,0,0,0,0.078,0,0,0.459
"9606.ENSP00000256442","9606.ENSP00000355028","CCNB1","DZIP3",9606,0.488,0,0,0,0.062,0.457,0,0.076
"9606.ENSP00000256442","9606.ENSP00000355249","CCNB1","E2F2",9606,0.492,0,0,0,0.078,0,0,0.472
"9606.ENSP00000256442","9606.ENSP00000323246","CCNB1","E2F7",9606,0.5,0,0,0,0.251,0,0,0.361
"9606.ENSP00000256442","9606.ENSP00000469880","CCNB1","VRK3",9606,0.509,0,0,0,0,0.471,0,0.111
"9606.ENSP00000256442","9606.ENSP00000497402","CCNB1","RCC1",9606,0.512,0,0,0,0.168,0,0,0.438
"9606.ENSP00000256442","9606.ENSP00000379181","CCNB1","RAE1",9606,0.514,0,0,0,0.08,0.078,0.4,0.159
"9606.ENSP00000256442","9606.ENSP00000356984","CCNB1","DEDD",9606,0.517,0,0,0,0,0.456,0,0.149
"9606.ENSP00000256442","9606.ENSP00000410452","CCNB1","STMN1",9606,0.527,0,0,0,0.284,0.056,0,0.357
"9606.ENSP00000256442","9606.ENSP00000320147","CCNB1","EZH2",9606,0.531,0,0,0,0.251,0.042,0,0.4
"9606.ENSP00000256442","9606.ENSP00000316176","CCNB1","UBE2N",9606,0.532,0,0,0,0.083,0.457,0,0.137
"9606.ENSP00000256442","9606.ENSP00000263382","CCNB1","ASF1B",9606,0.539,0,0,0,0.391,0.087,0,0.239
"9606.ENSP00000256442","9606.ENSP00000305480","CCNB1","FEN1",9606,0.547,0,0,0,0.337,0.075,0,0.321
"9606.ENSP00000256442","9606.ENSP00000348316","CCNB1","JPT1",9606,0.549,0,0,0,0.135,0.457,0,0.117
"9606.ENSP00000256442","9606.ENSP00000300738","CCNB1","RRM1",9606,0.555,0,0,0,0.359,0,0,0.335
"9606.ENSP00000256442","9606.ENSP00000306999","CCNB1","ESCO2",9606,0.558,0,0,0,0.361,0.131,0,0.268
"9606.ENSP00000256442","9606.ENSP00000483903","CCNB1","H2BC15",9606,0.577,0,0,0,0.073,0.047,0.4,0.297
"9606.ENSP00000256442","9606.ENSP00000349430","CCNB1","H2BC12",9606,0.58,0,0,0,0.075,0.047,0.4,0.3
"9606.ENSP00000256442","9606.ENSP00000300035","CCNB1","PCLAF",9606,0.585,0,0,0,0.389,0,0,0.349
"9606.ENSP00000256442","9606.ENSP00000355958","CCNB1","DTL",9606,0.587,0,0,0,0.465,0,0,0.26
"9606.ENSP00000256442","9606.ENSP00000264335","CCNB1","YWHAE",9606,0.598,0,0,0,0.075,0.1,0.5,0.15
"9606.ENSP00000256442","9606.ENSP00000306473","CCNB1","SHCBP1",9606,0.603,0,0,0,0.494,0,0,0.249
"9606.ENSP00000256442","9606.ENSP00000307288","CCNB1","MCM7",9606,0.61,0,0,0,0.304,0,0,0.464
"9606.ENSP00000256442","9606.ENSP00000357308","CCNB1","CENPW",9606,0.621,0,0,0,0.541,0,0,0.209
"9606.ENSP00000256442","9606.ENSP00000435210","CCNB1","BCLAF1",9606,0.623,0,0,0,0.073,0.473,0,0.292
"9606.ENSP00000256442","9606.ENSP00000418268","CCNB1","MCM10",9606,0.63,0,0,0,0.407,0,0,0.402
"9606.ENSP00000256442","9606.ENSP00000429089","CCNB1","CCNE2",9606,0.632,0,0,0,0.464,0,0,0.342
"9606.ENSP00000256442","9606.ENSP00000362592","CCNB1","RBBP4",9606,0.638,0,0,0,0.16,0.056,0.5,0.196
"9606.ENSP00000256442","9606.ENSP00000479617","CCNB1","UHRF1",9606,0.639,0,0,0,0.337,0.3,0,0.285
"9606.ENSP00000256442","9606.ENSP00000480987","CCNB1","MCM3",9606,0.639,0,0,0,0.319,0.072,0,0.475
"9606.ENSP00000256442","9606.ENSP00000312995","CCNB1","CLSPN",9606,0.648,0,0,0,0.202,0,0,0.577
"9606.ENSP00000256442","9606.ENSP00000387007","CCNB1","NCAPG2",9606,0.649,0,0,0,0.344,0,0.4,0.18
"9606.ENSP00000256442","9606.ENSP00000262105","CCNB1","MCM4",9606,0.657,0,0,0,0.303,0.08,0,0.509
"9606.ENSP00000256442","9606.ENSP00000325017","CCNB1","NCAPD2",9606,0.661,0,0,0,0.332,0,0.4,0.224
"9606.ENSP00000256442","9606.ENSP00000296511","CCNB1","ANXA5",9606,0.666,0,0,0,0.075,0,0,0.654
"9606.ENSP00000256442","9606.ENSP00000315644","CCNB1","TYMS",9606,0.67,0,0,0,0.434,0,0,0.441
"9606.ENSP00000256442","9606.ENSP00000328228","CCNB1","CDCA2",9606,0.699,0,0,0,0.528,0,0,0.389
"9606.ENSP00000256442","9606.ENSP00000405726","CCNB1","CDC45",9606,0.709,0,0,0,0.388,0.095,0,0.517
"9606.ENSP00000256442","9606.ENSP00000414109","CCNB1","HJURP",9606,0.721,0,0,0,0.639,0,0,0.26
"9606.ENSP00000256442","9606.ENSP00000468425","CCNB1","TK1",9606,0.729,0,0,0,0.529,0,0,0.45
"9606.ENSP00000256442","9606.ENSP00000415430","CCNB1","GTSE1",9606,0.739,0,0,0,0.351,0,0.4,0.384
"9606.ENSP00000256442","9606.ENSP00000493712","CCNB1","RAD51",9606,0.752,0,0,0,0.41,0.305,0,0.445
"9606.ENSP00000256442","9606.ENSP00000360623","CCNB1","ORC1",9606,0.758,0,0,0,0.262,0.257,0.5,0.224
"9606.ENSP00000256442","9606.ENSP00000324020","CCNB1","KIF15",9606,0.77,0,0,0,0.677,0.062,0,0.303
"9606.ENSP00000256442","9606.ENSP00000355506","CCNB1","EXO1",9606,0.787,0,0,0,0.397,0.474,0,0.384
"9606.ENSP00000256442","9606.ENSP00000494750","CCNB1","ACTB",9606,0.795,0,0,0,0.297,0.104,0,0.702
"9606.ENSP00000256442","9606.ENSP00000438483","CCNB1","KPNA2",9606,0.796,0,0,0,0.637,0.157,0,0.387
"9606.ENSP00000256442","9606.ENSP00000265036","CCNB1","DEPDC1B",9606,0.812,0,0,0,0.771,0,0,0.216
"9606.ENSP00000256442","9606.ENSP00000308193","CCNB1","RNASEH2C",9606,0.821,0,0,0,0.065,0.817,0,0
"9606.ENSP00000256442","9606.ENSP00000257904","CCNB1","CDK4",9606,0.822,0,0,0,0.2,0,0,0.787
"9606.ENSP00000256442","9606.ENSP00000275517","CCNB1","CDCA5",9606,0.827,0,0,0,0.538,0,0.4,0.427
"9606.ENSP00000256442","9606.ENSP00000330074","CCNB1","H1-5",9606,0.829,0,0,0,0.097,0.802,0,0.123
"9606.ENSP00000256442","9606.ENSP00000367034","CCNB1","H4C3",9606,0.83,0,0,0,0.075,0.8,0,0.158
"9606.ENSP00000256442","9606.ENSP00000269305","CCNB1","TP53",9606,0.832,0,0,0,0.077,0.279,0,0.768
"9606.ENSP00000256442","9606.ENSP00000353770","CCNB1","RRM2",9606,0.836,0,0,0,0.588,0,0,0.62
"9606.ENSP00000256442","9606.ENSP00000357643","CCNB1","MKI67",9606,0.841,0,0,0,0.646,0,0,0.57
"9606.ENSP00000256442","9606.ENSP00000356319","CCNB1","KIF14",9606,0.844,0,0,0,0.73,0,0,0.447
"9606.ENSP00000256442","9606.ENSP00000260363","CCNB1","KIF23",9606,0.846,0,0,0,0.702,0,0,0.505
"9606.ENSP00000256442","9606.ENSP00000380256","CCNB1","CCNF",9606,0.85,0,0,0,0.306,0.704,0,0.332
"9606.ENSP00000256442","9606.ENSP00000380070","CCNB1","GAPDH",9606,0.868,0,0,0,0.263,0.457,0,0.698
"9606.ENSP00000256442","9606.ENSP00000356379","CCNB1","ASPM",9606,0.877,0,0,0,0.741,0,0,0.547
"9606.ENSP00000256442","9606.ENSP00000298048","CCNB1","MELK",9606,0.879,0,0,0,0.744,0.131,0,0.501
"9606.ENSP00000256442","9606.ENSP00000355966","CCNB1","NEK2",9606,0.885,0,0,0,0.737,0,0,0.583
"9606.ENSP00000256442","9606.ENSP00000383611","CCNB1","CCNL2",9606,0.892,0,0,0,0,0,0,0.892
"9606.ENSP00000256442","9606.ENSP00000442068","CCNB1","CDCA3",9606,0.899,0,0,0,0.83,0,0,0.435
"9606.ENSP00000256442","9606.ENSP00000366679","CCNB1","H2AC12",9606,0.903,0,0,0,0.075,0.9,0,0
"9606.ENSP00000256442","9606.ENSP00000499238","CCNB1","NUSAP1",9606,0.911,0,0,0,0.816,0,0,0.539
"9606.ENSP00000256442","9606.ENSP00000411532","CCNB1","TOP2A",9606,0.917,0,0,0,0.757,0,0,0.676
"9606.ENSP00000256442","9606.ENSP00000336868","CCNB1","CENPA",9606,0.92,0,0,0,0.73,0,0.4,0.547
"9606.ENSP00000256442","9606.ENSP00000363524","CCNB1","KIF4A",9606,0.923,0,0,0,0.758,0.446,0,0.477
"9606.ENSP00000256442","9606.ENSP00000418960","CCNB1","BRCA1",9606,0.924,0,0,0,0.248,0.802,0,0.533
"9606.ENSP00000256442","9606.ENSP00000361298","CCNB1","KIF2C",9606,0.925,0,0,0,0.736,0,0.4,0.567
"9606.ENSP00000256442","9606.ENSP00000300403","CCNB1","TPX2",9606,0.927,0,0,0,0.846,0.044,0,0.549
"9606.ENSP00000256442","9606.ENSP00000389810","CCNB1","DSN1",9606,0.936,0,0,0,0.21,0.056,0.9,0.253
"9606.ENSP00000256442","9606.ENSP00000328484","CCNB1","H2AC14",9606,0.939,0,0,0,0.075,0.9,0.4,0
"9606.ENSP00000256442","9606.ENSP00000465075","CCNB1","SPC24",9606,0.947,0,0,0,0.338,0,0.9,0.274
"9606.ENSP00000256442","9606.ENSP00000332194","CCNB1","H2AC20",9606,0.952,0,0,0,0.059,0.9,0.4,0.255
"9606.ENSP00000256442","9606.ENSP00000285116","CCNB1","SKA1",9606,0.955,0,0,0,0.375,0,0.9,0.347
"9606.ENSP00000256442","9606.ENSP00000362146","CCNB1","CDCA8",9606,0.962,0,0,0,0.728,0,0.4,0.788
"9606.ENSP00000256442","9606.ENSP00000282074","CCNB1","SPC25",9606,0.975,0,0,0,0.718,0,0.9,0.194
"9606.ENSP00000256442","9606.ENSP00000301633","CCNB1","BIRC5",9606,0.979,0,0,0,0.877,0.089,0.4,0.729
"9606.ENSP00000256442","9606.ENSP00000363055","CCNB1","ZWINT",9606,0.98,0,0,0,0.664,0,0.9,0.467
"9606.ENSP00000256442","9606.ENSP00000348838","CCNB1","UBE2C",9606,0.994,0,0,0,0.862,0.8,0.5,0.651
"9606.ENSP00000256442","9606.ENSP00000302530","CCNB1","BUB1",9606,0.995,0,0,0,0.814,0.183,0.9,0.734
"9606.ENSP00000256442","9606.ENSP00000481380","CCNB1","CCNA2",9606,0.996,0,0,0,0.854,0.944,0.4,0.392
"9606.ENSP00000256442","9606.ENSP00000377536","CCNB1","PTTG1",9606,0.998,0,0,0,0.765,0.929,0,0.897
"9606.ENSP00000256442","9606.ENSP00000262300","CCNB1","PKMYT1",9606,0.999,0,0,0,0.261,0.999,0.4,0.484
"9606.ENSP00000256442","9606.ENSP00000288207","CCNB1","CCNB2",9606,0.999,0,0,0.067,0.856,0.999,0.9,0.101
"9606.ENSP00000256442","9606.ENSP00000300093","CCNB1","PLK1",9606,0.999,0,0,0,0.875,0.879,0.9,0.905
"9606.ENSP00000256442","9606.ENSP00000311083","CCNB1","CKS1B",9606,0.999,0,0,0,0.363,0.999,0,0.503
"9606.ENSP00000256442","9606.ENSP00000361540","CCNB1","CDC20",9606,0.999,0,0,0,0.902,0.999,0.9,0.893
"9606.ENSP00000256442","9606.ENSP00000364976","CCNB1","CKS2",9606,0.999,0,0,0,0.581,0.999,0,0.601
"9606.ENSP00000256442","9606.ENSP00000378699","CCNB1","CDK1",9606,0.999,0,0,0,0.903,0.999,0.9,0.972
"9606.ENSP00000257414","9606.ENSP00000264039","SEMA6A","GPC1",9606,0.409,0,0,0,0.047,0.381,0,0.079
"9606.ENSP00000257414","9606.ENSP00000269305","SEMA6A","TP53",9606,0.424,0,0,0,0,0.327,0,0.18
"9606.ENSP00000257570","9606.ENSP00000398698","OASL","TNF",9606,0.4,0,0,0,0.1,0,0,0.361
"9606.ENSP00000257570","9606.ENSP00000380070","OASL","GAPDH",9606,0.418,0,0,0,0,0.131,0,0.358
"9606.ENSP00000257570","9606.ENSP00000363993","OASL","PSMB9",9606,0.421,0,0,0,0.203,0.053,0,0.295
"9606.ENSP00000257570","9606.ENSP00000474412","OASL","CCL5",9606,0.477,0,0,0,0.182,0,0,0.388
"9606.ENSP00000257570","9606.ENSP00000471896","OASL","IRF3",9606,0.546,0,0,0,0,0,0,0.546
"9606.ENSP00000257570","9606.ENSP00000287156","OASL","UBE2L6",9606,0.627,0,0,0,0.313,0.216,0,0.364
"9606.ENSP00000257570","9606.ENSP00000359497","OASL","GBP2",9606,0.738,0,0,0,0.14,0,0.5,0.441
"9606.ENSP00000257570","9606.ENSP00000354394","OASL","STAT1",9606,0.857,0,0,0,0.364,0,0.5,0.587
"9606.ENSP00000257570","9606.ENSP00000388001","OASL","OAS1",9606,0.861,0,0,0.079,0.826,0,0,0.205
"9606.ENSP00000257570","9606.ENSP00000342278","OASL","OAS2",9606,0.875,0,0,0,0.849,0,0,0.211
"9606.ENSP00000257570","9606.ENSP00000395590","OASL","IFI35",9606,0.896,0,0,0,0.681,0.291,0,0.581
"9606.ENSP00000257604","9606.ENSP00000380256","TRAFD1","CCNF",9606,0.466,0,0,0,0.045,0.457,0,0.054
"9606.ENSP00000257604","9606.ENSP00000349168","TRAFD1","HNRNPH1",9606,0.467,0,0,0,0.06,0.457,0,0
"9606.ENSP00000257604","9606.ENSP00000471896","TRAFD1","IRF3",9606,0.493,0,0,0,0.075,0,0,0.475
"9606.ENSP00000257604","9606.ENSP00000341843","TRAFD1","ETV7",9606,0.501,0,0,0,0.199,0.068,0,0.386
"9606.ENSP00000257604","9606.ENSP00000354394","TRAFD1","STAT1",9606,0.542,0,0,0,0.216,0,0,0.44
"9606.ENSP00000257604","9606.ENSP00000356379","TRAFD1","ASPM",9606,0.709,0,0,0,0,0.709,0,0
"9606.ENSP00000257904","9606.ENSP00000305480","CDK4","FEN1",9606,0.408,0,0,0,0.154,0.082,0,0.299
"9606.ENSP00000257904","9606.ENSP00000497641","CDK4","EIF4A3",9606,0.409,0,0,0,0.238,0.078,0,0.227
"9606.ENSP00000257904","9606.ENSP00000321584","CDK4","IMPDH2",9606,0.414,0,0,0,0.315,0,0,0.18
"9606.ENSP00000257904","9606.ENSP00000328484","CDK4","H2AC14",9606,0.414,0,0,0,0,0.046,0.4,0.06
"9606.ENSP00000257904","9606.ENSP00000366679","CDK4","H2AC12",9606,0.414,0,0,0,0,0.046,0.4,0.06
"9606.ENSP00000257904","9606.ENSP00000354394","CDK4","STAT1",9606,0.426,0,0,0,0.066,0.076,0,0.389
"9606.ENSP00000257904","9606.ENSP00000348838","CDK4","UBE2C",9606,0.432,0,0,0,0.197,0.046,0,0.319
"9606.ENSP00000257904","9606.ENSP00000396308","CDK4","DHFR",9606,0.434,0,0,0,0.127,0,0,0.379
"9606.ENSP00000257904","9606.ENSP00000468425","CDK4","TK1",9606,0.435,0,0,0,0.159,0.053,0,0.348
"9606.ENSP00000257904","9606.ENSP00000405726","CDK4","CDC45",9606,0.437,0,0,0,0.13,0,0,0.38
"9606.ENSP00000257904","9606.ENSP00000315644","CDK4","TYMS",9606,0.457,0,0,0,0.198,0,0,0.351
"9606.ENSP00000257904","9606.ENSP00000433760","CDK4","BANF1",9606,0.46,0,0,0,0.305,0,0,0.255
"9606.ENSP00000257904","9606.ENSP00000377536","CDK4","PTTG1",9606,0.463,0,0,0,0.28,0,0,0.285
"9606.ENSP00000257904","9606.ENSP00000398698","CDK4","TNF",9606,0.473,0,0,0,0,0,0,0.473
"9606.ENSP00000257904","9606.ENSP00000411532","CDK4","TOP2A",9606,0.478,0,0,0,0.163,0,0,0.402
"9606.ENSP00000257904","9606.ENSP00000302530","CDK4","BUB1",9606,0.481,0,0,0,0.096,0.095,0,0.417
"9606.ENSP00000257904","9606.ENSP00000356379","CDK4","ASPM",9606,0.483,0,0,0,0.085,0.284,0,0.275
"9606.ENSP00000257904","9606.ENSP00000357643","CDK4","MKI67",9606,0.492,0,0,0,0.094,0,0,0.463
"9606.ENSP00000257904","9606.ENSP00000428924","CDK4","LYN",9606,0.494,0,0,0,0.055,0.109,0.4,0.118
"9606.ENSP00000257904","9606.ENSP00000410452","CDK4","STMN1",9606,0.518,0,0,0,0.14,0.065,0,0.449
"9606.ENSP00000257904","9606.ENSP00000497402","CDK4","RCC1",9606,0.525,0,0,0,0.099,0.045,0,0.493
"9606.ENSP00000257904","9606.ENSP00000362146","CDK4","CDCA8",9606,0.526,0,0,0,0.163,0.065,0,0.444
"9606.ENSP00000257904","9606.ENSP00000262105","CDK4","MCM4",9606,0.529,0,0,0,0.176,0.127,0,0.399
"9606.ENSP00000257904","9606.ENSP00000332194","CDK4","H2AC20",9606,0.536,0,0,0,0.06,0.046,0.4,0.241
"9606.ENSP00000257904","9606.ENSP00000483903","CDK4","H2BC15",9606,0.556,0,0,0,0.049,0,0.5,0.143
"9606.ENSP00000257904","9606.ENSP00000349430","CDK4","H2BC12",9606,0.57,0,0,0,0.069,0,0.5,0.151
"9606.ENSP00000257904","9606.ENSP00000449241","CDK4","AGAP2",9606,0.605,0,0,0,0,0.457,0,0.303
"9606.ENSP00000257904","9606.ENSP00000288207","CDK4","CCNB2",9606,0.607,0,0,0,0.194,0,0,0.533
"9606.ENSP00000257904","9606.ENSP00000361540","CDK4","CDC20",9606,0.612,0,0,0,0.286,0,0,0.48
"9606.ENSP00000257904","9606.ENSP00000320147","CDK4","EZH2",9606,0.615,0,0,0,0.137,0,0,0.573
"9606.ENSP00000257904","9606.ENSP00000380256","CDK4","CCNF",9606,0.623,0,0,0,0.077,0.457,0,0.31
"9606.ENSP00000257904","9606.ENSP00000437125","CDK4","HSPA8",9606,0.64,0,0,0,0.128,0.491,0,0.255
"9606.ENSP00000257904","9606.ENSP00000480987","CDK4","MCM3",9606,0.641,0,0,0,0.368,0.043,0,0.455
"9606.ENSP00000257904","9606.ENSP00000397552","CDK4","ACTL6A",9606,0.662,0,0,0,0.225,0.045,0.5,0.195
"9606.ENSP00000257904","9606.ENSP00000363516","CDK4","RCAN3",9606,0.664,0,0,0,0,0.543,0,0.296
"9606.ENSP00000257904","9606.ENSP00000296511","CDK4","ANXA5",9606,0.676,0,0,0,0.079,0,0,0.663
"9606.ENSP00000257904","9606.ENSP00000339001","CDK4","TUBB",9606,0.694,0,0,0,0.281,0.517,0,0.191
"9606.ENSP00000257904","9606.ENSP00000307288","CDK4","MCM7",9606,0.699,0,0,0,0.35,0,0,0.557
"9606.ENSP00000257904","9606.ENSP00000380070","CDK4","GAPDH",9606,0.702,0,0,0,0.12,0,0,0.676
"9606.ENSP00000257904","9606.ENSP00000494750","CDK4","ACTB",9606,0.705,0,0,0,0.091,0.045,0,0.688
"9606.ENSP00000257904","9606.ENSP00000311083","CDK4","CKS1B",9606,0.731,0,0,0,0.225,0,0.5,0.363
"9606.ENSP00000257904","9606.ENSP00000300093","CDK4","PLK1",9606,0.733,0,0,0,0.282,0.535,0,0.265
"9606.ENSP00000257904","9606.ENSP00000355249","CDK4","E2F2",9606,0.784,0,0,0,0,0.066,0.5,0.575
"9606.ENSP00000257904","9606.ENSP00000301633","CDK4","BIRC5",9606,0.824,0,0,0,0.235,0.457,0,0.612
"9606.ENSP00000257904","9606.ENSP00000321636","CDK4","TOP3A",9606,0.841,0,0,0,0.058,0.062,0.8,0.211
"9606.ENSP00000257904","9606.ENSP00000378699","CDK4","CDK1",9606,0.846,0,0,0.085,0.232,0.736,0,0.271
"9606.ENSP00000257904","9606.ENSP00000493712","CDK4","RAD51",9606,0.902,0,0,0,0.142,0,0.8,0.478
"9606.ENSP00000257904","9606.ENSP00000383611","CDK4","CCNL2",9606,0.952,0,0,0,0,0,0,0.952
"9606.ENSP00000257904","9606.ENSP00000429089","CDK4","CCNE2",9606,0.971,0,0,0,0.072,0,0.8,0.861
"9606.ENSP00000257904","9606.ENSP00000418960","CDK4","BRCA1",9606,0.994,0,0,0,0.075,0.918,0.8,0.654
"9606.ENSP00000257904","9606.ENSP00000269305","CDK4","TP53",9606,0.996,0,0,0,0.094,0.956,0,0.914
"9606.ENSP00000257904","9606.ENSP00000481380","CDK4","CCNA2",9606,0.999,0,0,0,0.141,0.999,0,0.878
"9606.ENSP00000258098","9606.ENSP00000307854","RAB11FIP5","PCMTD2",9606,0.402,0,0,0,0,0,0,0.402
"9606.ENSP00000258098","9606.ENSP00000313670","RAB11FIP5","ALS2CL",9606,0.41,0,0,0,0.075,0,0,0.389
"9606.ENSP00000258975","9606.ENSP00000354813","TACO1","MT-ND5",9606,0.539,0.082,0,0,0.066,0,0,0.506
"9606.ENSP00000258975","9606.ENSP00000427004","TACO1","GFM2",9606,0.559,0.057,0,0,0.309,0.077,0,0.354
"9606.ENSP00000258975","9606.ENSP00000354762","TACO1","COA3",9606,0.834,0,0,0,0.093,0.456,0,0.691
"9606.ENSP00000258975","9606.ENSP00000259873","TACO1","MRPS18B",9606,0.84,0,0,0,0.104,0.8,0,0.18
"9606.ENSP00000258975","9606.ENSP00000360850","TACO1","MRPS2",9606,0.896,0.052,0,0.203,0.356,0.8,0,0.097
"9606.ENSP00000259339","9606.ENSP00000353099","TOR1B","HLA-DRB1",9606,0.54,0,0,0,0,0,0,0.54
"9606.ENSP00000259339","9606.ENSP00000393566","TOR1B","HLA-DPA1",9606,0.583,0,0,0,0,0.526,0,0.158
"9606.ENSP00000259339","9606.ENSP00000408146","TOR1B","HLA-DPB1",9606,0.694,0,0,0,0,0,0,0.694
"9606.ENSP00000259339","9606.ENSP00000367013","TOR1B","TNFRSF25",9606,0.745,0,0,0,0,0,0,0.745
"9606.ENSP00000259339","9606.ENSP00000339398","TOR1B","HLA-DQA1",9606,0.756,0,0,0,0,0,0,0.756
"9606.ENSP00000259339","9606.ENSP00000364080","TOR1B","HLA-DQB1",9606,0.794,0,0,0,0,0,0,0.794
"9606.ENSP00000259339","9606.ENSP00000365944","TOR1B","FBXO6",9606,0.826,0,0,0,0.081,0.772,0,0.239
"9606.ENSP00000259873","9606.ENSP00000350698","MRPS18B","DDX47",9606,0.415,0,0,0,0.11,0,0,0.37
"9606.ENSP00000259873","9606.ENSP00000425031","MRPS18B","HNRNPAB",9606,0.456,0,0,0,0.075,0.437,0,0
"9606.ENSP00000259873","9606.ENSP00000354813","MRPS18B","MT-ND5",9606,0.503,0,0,0,0.075,0,0.4,0.177
"9606.ENSP00000259873","9606.ENSP00000360850","MRPS18B","MRPS2",9606,0.999,0,0,0,0.37,0.999,0.9,0.544
"9606.ENSP00000259989","9606.ENSP00000312002","FGFBP2","HAVCR2",9606,0.408,0,0,0,0.075,0,0,0.387
"9606.ENSP00000259989","9606.ENSP00000455215","FGFBP2","ADGRG1",9606,0.436,0,0,0,0.205,0,0,0.32
"9606.ENSP00000259989","9606.ENSP00000356946","FGFBP2","FCGR3A",9606,0.463,0,0,0,0.095,0,0,0.431
"9606.ENSP00000259989","9606.ENSP00000357086","FGFBP2","FCRL6",9606,0.481,0,0,0,0.143,0,0,0.42
"9606.ENSP00000259989","9606.ENSP00000356793","FGFBP2","XCL2",9606,0.498,0,0,0,0.093,0,0,0.47
"9606.ENSP00000259989","9606.ENSP00000420384","FGFBP2","CST7",9606,0.503,0,0,0,0.224,0,0,0.386
"9606.ENSP00000259989","9606.ENSP00000483599","FGFBP2","SPON2",9606,0.516,0,0,0,0.17,0,0,0.441
"9606.ENSP00000259989","9606.ENSP00000351059","FGFBP2","CX3CR1",9606,0.546,0,0,0,0.22,0,0,0.443
"9606.ENSP00000259989","9606.ENSP00000388792","FGFBP2","ZNF683",9606,0.56,0,0,0,0.247,0,0,0.44
"9606.ENSP00000259989","9606.ENSP00000274306","FGFBP2","GZMA",9606,0.643,0,0,0,0.325,0,0,0.494
"9606.ENSP00000259989","9606.ENSP00000398568","FGFBP2","PRF1",9606,0.658,0,0,0,0.533,0,0,0.299
"9606.ENSP00000259989","9606.ENSP00000328472","FGFBP2","S1PR5",9606,0.715,0,0,0,0.598,0,0,0.322
"9606.ENSP00000259989","9606.ENSP00000436423","FGFBP2","GNLY",9606,0.892,0,0,0,0.702,0,0,0.653
"9606.ENSP00000260247","9606.ENSP00000436649","DCUN1D5","SAC3D1",9606,0.412,0,0,0,0.075,0.391,0,0
"9606.ENSP00000260247","9606.ENSP00000264639","DCUN1D5","PSMD3",9606,0.421,0,0,0,0.075,0,0.4,0
"9606.ENSP00000260247","9606.ENSP00000478877","DCUN1D5","ADRM1",9606,0.458,0,0,0,0.135,0,0.4,0
"9606.ENSP00000260247","9606.ENSP00000362334","DCUN1D5","PSMB2",9606,0.481,0,0,0,0.172,0,0.4,0
"9606.ENSP00000260247","9606.ENSP00000355325","DCUN1D5","PSMB5",9606,0.493,0,0,0,0.191,0,0.4,0
"9606.ENSP00000260247","9606.ENSP00000264515","DCUN1D5","RBBP5",9606,0.517,0,0,0,0.075,0,0.5,0
"9606.ENSP00000260247","9606.ENSP00000394331","DCUN1D5","COMMD5",9606,0.517,0,0,0,0.075,0,0.5,0
"9606.ENSP00000260247","9606.ENSP00000355958","DCUN1D5","DTL",9606,0.53,0,0,0,0.1,0,0.5,0
"9606.ENSP00000260247","9606.ENSP00000377245","DCUN1D5","KEAP1",9606,0.53,0,0,0,0.079,0,0.5,0.063
"9606.ENSP00000260247","9606.ENSP00000483236","DCUN1D5","DCAF7",9606,0.533,0,0,0,0.066,0,0.5,0.082
"9606.ENSP00000260247","9606.ENSP00000298288","DCUN1D5","LRR1",9606,0.535,0,0,0,0.096,0.045,0.5,0.051
"9606.ENSP00000260247","9606.ENSP00000273480","DCUN1D5","RNF7",9606,0.614,0,0,0,0.075,0.457,0,0.294
"9606.ENSP00000260247","9606.ENSP00000301764","DCUN1D5","DDB1",9606,0.727,0,0,0,0.065,0.457,0.5,0.053
"9606.ENSP00000260247","9606.ENSP00000442318","DCUN1D5","CAND1",9606,0.932,0,0,0,0.082,0.802,0.5,0.347
"9606.ENSP00000260363","9606.ENSP00000306999","KIF23","ESCO2",9606,0.424,0,0,0,0.353,0,0,0.147
"9606.ENSP00000260363","9606.ENSP00000305480","KIF23","FEN1",9606,0.435,0,0,0,0.285,0,0,0.243
"9606.ENSP00000260363","9606.ENSP00000360944","KIF23","STIL",9606,0.445,0,0,0,0.329,0,0,0.208
"9606.ENSP00000260363","9606.ENSP00000362166","KIF23","MEAF6",9606,0.452,0,0,0,0,0.447,0,0.051
"9606.ENSP00000260363","9606.ENSP00000468425","KIF23","TK1",9606,0.455,0,0,0,0.414,0,0,0.109
"9606.ENSP00000260363","9606.ENSP00000266771","KIF23","SLC15A4",9606,0.457,0,0,0,0,0.457,0,0
"9606.ENSP00000260363","9606.ENSP00000305260","KIF23","GNB2",9606,0.457,0,0,0,0,0.457,0,0
"9606.ENSP00000260363","9606.ENSP00000355340","KIF23","APOBEC3C",9606,0.457,0,0,0,0,0.457,0,0
"9606.ENSP00000260363","9606.ENSP00000359911","KIF23","RAP2C",9606,0.457,0,0,0,0,0.457,0,0
"9606.ENSP00000260363","9606.ENSP00000487136","KIF23","OXNAD1",9606,0.457,0,0,0,0,0.457,0,0
"9606.ENSP00000260363","9606.ENSP00000430598","KIF23","ATOX1",9606,0.459,0,0,0,0.046,0.457,0,0
"9606.ENSP00000260363","9606.ENSP00000410769","KIF23","CNBP",9606,0.468,0,0,0,0.062,0.457,0,0
"9606.ENSP00000260363","9606.ENSP00000271628","KIF23","SF3B4",9606,0.469,0,0,0,0.063,0.457,0,0
"9606.ENSP00000260363","9606.ENSP00000378935","KIF23","PPHLN1",9606,0.473,0,0,0,0.061,0.457,0,0.05
"9606.ENSP00000260363","9606.ENSP00000320309","KIF23","FARSA",9606,0.474,0,0,0,0.072,0.457,0,0
"9606.ENSP00000260363","9606.ENSP00000442521","KIF23","BEX2",9606,0.476,0,0,0,0,0.457,0,0.075
"9606.ENSP00000260363","9606.ENSP00000305790","KIF23","SF3B3",9606,0.477,0,0,0,0.077,0.457,0,0
"9606.ENSP00000260363","9606.ENSP00000358812","KIF23","PDCD11",9606,0.477,0,0,0,0.077,0.457,0,0
"9606.ENSP00000260363","9606.ENSP00000483254","KIF23","HNRNPDL",9606,0.478,0,0,0,0.068,0.457,0,0.053
"9606.ENSP00000260363","9606.ENSP00000360141","KIF23","GNAS",9606,0.479,0,0,0,0,0.457,0,0.08
"9606.ENSP00000260363","9606.ENSP00000321584","KIF23","IMPDH2",9606,0.48,0,0,0,0.082,0.457,0,0
"9606.ENSP00000260363","9606.ENSP00000428924","KIF23","LYN",9606,0.48,0,0,0,0,0.457,0,0.082
"9606.ENSP00000260363","9606.ENSP00000362711","KIF23","TXLNA",9606,0.486,0,0,0,0.093,0.457,0,0
"9606.ENSP00000260363","9606.ENSP00000494550","KIF23","MYO1F",9606,0.489,0,0,0,0,0.457,0,0.099
"9606.ENSP00000260363","9606.ENSP00000310723","KIF23","DDX23",9606,0.49,0,0,0,0.074,0.472,0,0
"9606.ENSP00000260363","9606.ENSP00000330074","KIF23","H1-5",9606,0.492,0,0,0,0.082,0.457,0,0.063
"9606.ENSP00000260363","9606.ENSP00000497641","KIF23","EIF4A3",9606,0.492,0,0,0,0.078,0.472,0,0
"9606.ENSP00000260363","9606.ENSP00000311083","KIF23","CKS1B",9606,0.493,0,0,0,0.336,0,0,0.268
"9606.ENSP00000260363","9606.ENSP00000323246","KIF23","E2F7",9606,0.494,0,0,0,0.271,0,0,0.335
"9606.ENSP00000260363","9606.ENSP00000360268","KIF23","ALDH18A1",9606,0.495,0,0,0,0.098,0.457,0,0.053
"9606.ENSP00000260363","9606.ENSP00000377958","KIF23","CCT4",9606,0.495,0,0,0,0.096,0.457,0,0.055
"9606.ENSP00000260363","9606.ENSP00000264596","KIF23","NEIL3",9606,0.497,0,0,0,0.385,0,0,0.216
"9606.ENSP00000260363","9606.ENSP00000383059","KIF23","ARGLU1",9606,0.498,0,0,0,0.067,0.485,0,0
"9606.ENSP00000260363","9606.ENSP00000376276","KIF23","SRSF2",9606,0.499,0,0,0,0.075,0.457,0,0.083
"9606.ENSP00000260363","9606.ENSP00000435210","KIF23","BCLAF1",9606,0.499,0,0,0,0.071,0.457,0,0.087
"9606.ENSP00000260363","9606.ENSP00000433760","KIF23","BANF1",9606,0.502,0,0,0,0.075,0.457,0,0.089
"9606.ENSP00000260363","9606.ENSP00000385385","KIF23","PDIA6",9606,0.505,0,0,0,0.076,0.487,0,0
"9606.ENSP00000260363","9606.ENSP00000465075","KIF23","SPC24",9606,0.506,0,0,0,0.292,0,0,0.332
"9606.ENSP00000260363","9606.ENSP00000358921","KIF23","ACTR1A",9606,0.507,0,0,0,0,0,0.5,0.055
"9606.ENSP00000260363","9606.ENSP00000265866","KIF23","HNRNPH3",9606,0.508,0,0,0,0.097,0.457,0,0.079
"9606.ENSP00000260363","9606.ENSP00000371253","KIF23","GART",9606,0.509,0,0,0,0.134,0.457,0,0
"9606.ENSP00000260363","9606.ENSP00000326981","KIF23","IMP3",9606,0.51,0,0,0,0.066,0.457,0,0.113
"9606.ENSP00000260363","9606.ENSP00000264279","KIF23","NOP58",9606,0.511,0,0,0,0.083,0.461,0,0.091
"9606.ENSP00000260363","9606.ENSP00000425031","KIF23","HNRNPAB",9606,0.512,0,0,0,0.094,0.457,0,0.088
"9606.ENSP00000260363","9606.ENSP00000452123","KIF23","SRSF5",9606,0.522,0,0,0,0.068,0.476,0,0.101
"9606.ENSP00000260363","9606.ENSP00000261015","KIF23","WDR12",9606,0.524,0,0,0,0.153,0.457,0,0.05
"9606.ENSP00000260363","9606.ENSP00000335321","KIF23","SF3B1",9606,0.524,0,0,0,0.16,0.457,0,0.042
"9606.ENSP00000260363","9606.ENSP00000496250","KIF23","RPL11",9606,0.525,0,0,0,0.063,0.457,0,0.142
"9606.ENSP00000260363","9606.ENSP00000313007","KIF23","PABPC1",9606,0.526,0,0,0,0.075,0.457,0,0.133
"9606.ENSP00000260363","9606.ENSP00000360623","KIF23","ORC1",9606,0.534,0,0,0,0.421,0,0,0.229
"9606.ENSP00000260363","9606.ENSP00000300738","KIF23","RRM1",9606,0.547,0,0,0,0.433,0.103,0,0.182
"9606.ENSP00000260363","9606.ENSP00000296417","KIF23","H2AZ1",9606,0.55,0,0,0,0.173,0.457,0,0.08
"9606.ENSP00000260363","9606.ENSP00000285116","KIF23","SKA1",9606,0.551,0,0,0,0.398,0,0,0.286
"9606.ENSP00000260363","9606.ENSP00000325905","KIF23","SRSF7",9606,0.56,0,0,0,0.075,0.519,0,0.092
"9606.ENSP00000260363","9606.ENSP00000429089","KIF23","CCNE2",9606,0.565,0,0,0,0.299,0,0,0.405
"9606.ENSP00000260363","9606.ENSP00000355958","KIF23","DTL",9606,0.567,0,0,0,0.515,0,0,0.144
"9606.ENSP00000260363","9606.ENSP00000380256","KIF23","CCNF",9606,0.567,0,0,0,0.319,0.219,0,0.252
"9606.ENSP00000260363","9606.ENSP00000312995","KIF23","CLSPN",9606,0.577,0,0,0,0.391,0,0,0.335
"9606.ENSP00000260363","9606.ENSP00000377536","KIF23","PTTG1",9606,0.58,0,0,0,0.372,0,0,0.359
"9606.ENSP00000260363","9606.ENSP00000364976","KIF23","CKS2",9606,0.588,0,0,0,0.384,0,0,0.36
"9606.ENSP00000260363","9606.ENSP00000380070","KIF23","GAPDH",9606,0.59,0,0,0,0.092,0.457,0,0.236
"9606.ENSP00000260363","9606.ENSP00000307288","KIF23","MCM7",9606,0.599,0,0,0,0.507,0,0,0.221
"9606.ENSP00000260363","9606.ENSP00000387007","KIF23","NCAPG2",9606,0.6,0,0,0,0.563,0,0,0.124
"9606.ENSP00000260363","9606.ENSP00000493712","KIF23","RAD51",9606,0.606,0,0,0,0.541,0,0,0.178
"9606.ENSP00000260363","9606.ENSP00000300035","KIF23","PCLAF",9606,0.622,0,0,0,0.542,0,0,0.209
"9606.ENSP00000260363","9606.ENSP00000275517","KIF23","CDCA5",9606,0.624,0,0,0,0.356,0,0,0.441
"9606.ENSP00000260363","9606.ENSP00000282074","KIF23","SPC25",9606,0.639,0,0,0,0.63,0,0,0.065
"9606.ENSP00000260363","9606.ENSP00000325017","KIF23","NCAPD2",9606,0.644,0,0,0,0.421,0,0,0.411
"9606.ENSP00000260363","9606.ENSP00000265036","KIF23","DEPDC1B",9606,0.646,0,0,0,0.554,0,0,0.24
"9606.ENSP00000260363","9606.ENSP00000315644","KIF23","TYMS",9606,0.688,0,0,0,0.444,0,0,0.462
"9606.ENSP00000260363","9606.ENSP00000353770","KIF23","RRM2",9606,0.691,0,0,0,0.514,0,0,0.392
"9606.ENSP00000260363","9606.ENSP00000355506","KIF23","EXO1",9606,0.698,0,0,0,0.569,0,0,0.329
"9606.ENSP00000260363","9606.ENSP00000262105","KIF23","MCM4",9606,0.711,0,0,0,0.577,0,0,0.347
"9606.ENSP00000260363","9606.ENSP00000418268","KIF23","MCM10",9606,0.718,0,0,0,0.594,0,0,0.336
"9606.ENSP00000260363","9606.ENSP00000479617","KIF23","UHRF1",9606,0.729,0,0,0,0.377,0.457,0,0.265
"9606.ENSP00000260363","9606.ENSP00000301764","KIF23","DDB1",9606,0.745,0,0,0,0.06,0.723,0,0.102
"9606.ENSP00000260363","9606.ENSP00000405726","KIF23","CDC45",9606,0.75,0,0,0,0.633,0,0,0.349
"9606.ENSP00000260363","9606.ENSP00000361540","KIF23","CDC20",9606,0.751,0,0,0,0.502,0,0,0.521
"9606.ENSP00000260363","9606.ENSP00000415430","KIF23","GTSE1",9606,0.76,0,0,0,0.661,0,0,0.323
"9606.ENSP00000260363","9606.ENSP00000480987","KIF23","MCM3",9606,0.764,0,0,0,0.431,0.49,0,0.255
"9606.ENSP00000260363","9606.ENSP00000414109","KIF23","HJURP",9606,0.769,0,0,0,0.658,0,0,0.355
"9606.ENSP00000260363","9606.ENSP00000363055","KIF23","ZWINT",9606,0.777,0,0,0,0.639,0,0,0.41
"9606.ENSP00000260363","9606.ENSP00000328228","KIF23","CDCA2",9606,0.779,0,0,0,0.61,0,0,0.458
"9606.ENSP00000260363","9606.ENSP00000438483","KIF23","KPNA2",9606,0.782,0,0,0,0.47,0.472,0,0.286
"9606.ENSP00000260363","9606.ENSP00000355966","KIF23","NEK2",9606,0.788,0,0,0,0.636,0,0,0.443
"9606.ENSP00000260363","9606.ENSP00000264335","KIF23","YWHAE",9606,0.805,0,0,0,0.071,0.799,0,0
"9606.ENSP00000260363","9606.ENSP00000288207","KIF23","CCNB2",9606,0.828,0,0,0,0.636,0,0,0.548
"9606.ENSP00000260363","9606.ENSP00000442068","KIF23","CDCA3",9606,0.837,0,0,0,0.718,0,0,0.447
"9606.ENSP00000260363","9606.ENSP00000348838","KIF23","UBE2C",9606,0.841,0,0,0,0.708,0,0,0.479
"9606.ENSP00000260363","9606.ENSP00000418960","KIF23","BRCA1",9606,0.867,0,0,0,0.384,0.745,0,0.222
"9606.ENSP00000260363","9606.ENSP00000481380","KIF23","CCNA2",9606,0.874,0,0,0,0.778,0,0,0.459
"9606.ENSP00000260363","9606.ENSP00000336868","KIF23","CENPA",9606,0.876,0,0,0,0.603,0.456,0,0.475
"9606.ENSP00000260363","9606.ENSP00000499238","KIF23","NUSAP1",9606,0.876,0,0,0,0.741,0,0,0.543
"9606.ENSP00000260363","9606.ENSP00000298048","KIF23","MELK",9606,0.895,0,0,0,0.825,0,0,0.427
"9606.ENSP00000260363","9606.ENSP00000300403","KIF23","TPX2",9606,0.896,0,0,0,0.804,0,0,0.494
"9606.ENSP00000260363","9606.ENSP00000378699","KIF23","CDK1",9606,0.896,0,0,0,0.779,0,0,0.55
"9606.ENSP00000260363","9606.ENSP00000357643","KIF23","MKI67",9606,0.903,0,0,0,0.756,0.474,0,0.31
"9606.ENSP00000260363","9606.ENSP00000301633","KIF23","BIRC5",9606,0.904,0,0,0,0.625,0.457,0,0.569
"9606.ENSP00000260363","9606.ENSP00000411532","KIF23","TOP2A",9606,0.916,0,0,0,0.714,0.457,0,0.503
"9606.ENSP00000260363","9606.ENSP00000363524","KIF23","KIF4A",9606,0.919,0,0,0,0.775,0.064,0.4,0.437
"9606.ENSP00000260363","9606.ENSP00000362146","KIF23","CDCA8",9606,0.942,0,0,0,0.748,0.457,0,0.616
"9606.ENSP00000260363","9606.ENSP00000297814","KIF23","KIF27",9606,0.945,0,0,0,0,0.457,0.9,0.084
"9606.ENSP00000260363","9606.ENSP00000302530","KIF23","BUB1",9606,0.955,0,0,0,0.887,0.046,0,0.619
"9606.ENSP00000260363","9606.ENSP00000324020","KIF23","KIF15",9606,0.978,0,0,0,0.702,0,0.9,0.339
"9606.ENSP00000260363","9606.ENSP00000361298","KIF23","KIF2C",9606,0.979,0,0,0,0.722,0,0.9,0.319
"9606.ENSP00000260363","9606.ENSP00000300093","KIF23","PLK1",9606,0.986,0,0,0,0.555,0.708,0.75,0.646
"9606.ENSP00000260363","9606.ENSP00000356379","KIF23","ASPM",9606,0.991,0,0,0,0.969,0.47,0,0.509
"9606.ENSP00000260363","9606.ENSP00000356319","KIF23","KIF14",9606,0.993,0,0,0,0.799,0.472,0.9,0.421
"9606.ENSP00000260363","9606.ENSP00000306473","KIF23","SHCBP1",9606,0.999,0,0,0,0.525,0.999,0,0.341
"9606.ENSP00000261015","9606.ENSP00000483254","WDR12","HNRNPDL",9606,0.428,0,0,0,0.145,0.33,0,0.082
"9606.ENSP00000261015","9606.ENSP00000271139","WDR12","MOB3C",9606,0.464,0,0,0,0,0.457,0,0.054
"9606.ENSP00000261015","9606.ENSP00000307288","WDR12","MCM7",9606,0.482,0,0,0,0.084,0,0,0.458
"9606.ENSP00000261015","9606.ENSP00000356319","WDR12","KIF14",9606,0.49,0,0,0,0.1,0.457,0,0
"9606.ENSP00000261015","9606.ENSP00000361433","WDR12","EXOSC2",9606,0.504,0,0,0,0.481,0,0,0.085
"9606.ENSP00000261015","9606.ENSP00000493218","WDR12","MFSD8",9606,0.507,0,0,0,0.07,0,0,0.492
"9606.ENSP00000261015","9606.ENSP00000398882","WDR12","DOHH",9606,0.515,0,0,0,0.515,0,0,0
"9606.ENSP00000261015","9606.ENSP00000452123","WDR12","SRSF5",9606,0.566,0,0,0,0.075,0.547,0,0.049
"9606.ENSP00000261015","9606.ENSP00000263857","WDR12","POLR1A",9606,0.633,0,0,0,0.515,0,0,0.275
"9606.ENSP00000261015","9606.ENSP00000497641","WDR12","EIF4A3",9606,0.686,0,0,0,0.493,0.131,0,0.346
"9606.ENSP00000261015","9606.ENSP00000395590","WDR12","IFI35",9606,0.747,0,0,0,0.095,0.715,0,0.1
"9606.ENSP00000261015","9606.ENSP00000268802","WDR12","NOB1",9606,0.782,0,0,0,0.703,0,0,0.297
"9606.ENSP00000261015","9606.ENSP00000350698","WDR12","DDX47",9606,0.935,0,0,0,0.831,0.173,0.5,0.192
"9606.ENSP00000261015","9606.ENSP00000328854","WDR12","NOC4L",9606,0.936,0,0,0,0.854,0.098,0.54,0.079
"9606.ENSP00000261015","9606.ENSP00000496250","WDR12","RPL11",9606,0.937,0,0,0,0.132,0.793,0.5,0.382
"9606.ENSP00000261015","9606.ENSP00000470560","WDR12","EMG1",9606,0.957,0,0,0,0.877,0,0.5,0.359
"9606.ENSP00000261015","9606.ENSP00000358812","WDR12","PDCD11",9606,0.959,0,0,0,0.649,0.427,0.5,0.649
"9606.ENSP00000261015","9606.ENSP00000326981","WDR12","IMP3",9606,0.989,0,0,0,0.881,0.183,0.9,0.076
"9606.ENSP00000261015","9606.ENSP00000264279","WDR12","NOP58",9606,0.995,0,0,0,0.887,0.83,0.5,0.575
"9606.ENSP00000261507","9606.ENSP00000308430","MSMO1","CYB5B",9606,0.589,0,0,0,0.298,0.266,0,0.268
"9606.ENSP00000261507","9606.ENSP00000360316","MSMO1","DHCR24",9606,0.985,0,0,0,0.405,0,0.906,0.764
"9606.ENSP00000261507","9606.ENSP00000359297","MSMO1","NSDHL",9606,0.994,0,0,0,0.573,0.33,0.917,0.779
"9606.ENSP00000261523","9606.ENSP00000388620","RORA","EOMES",9606,0.453,0,0,0,0.075,0.066,0,0.418
"9606.ENSP00000261523","9606.ENSP00000301633","RORA","BIRC5",9606,0.465,0,0,0,0,0,0.4,0.145
"9606.ENSP00000261523","9606.ENSP00000301764","RORA","DDB1",9606,0.49,0,0,0,0,0.457,0,0.101
"9606.ENSP00000261523","9606.ENSP00000320147","RORA","EZH2",9606,0.549,0,0,0,0,0.457,0,0.205
"9606.ENSP00000261523","9606.ENSP00000365380","RORA","FOXP3",9606,0.672,0,0,0,0,0.458,0,0.421
"9606.ENSP00000261593","9606.ENSP00000362334","RNF138","PSMB2",9606,0.419,0,0,0,0.055,0.346,0,0.136
"9606.ENSP00000261593","9606.ENSP00000380256","RNF138","CCNF",9606,0.468,0,0,0,0,0.457,0,0.061
"9606.ENSP00000261593","9606.ENSP00000362592","RNF138","RBBP4",9606,0.478,0,0,0,0.075,0.459,0,0
"9606.ENSP00000261593","9606.ENSP00000269305","RNF138","TP53",9606,0.515,0,0,0,0,0.457,0,0.145
"9606.ENSP00000261739","9606.ENSP00000295317","ANKRD13A","RNF149",9606,0.476,0,0,0,0.075,0.457,0,0
"9606.ENSP00000261739","9606.ENSP00000299138","ANKRD13A","VPS35",9606,0.485,0,0,0,0.081,0.456,0,0.054
"9606.ENSP00000261739","9606.ENSP00000359070","ANKRD13A","STMN3",9606,0.614,0,0,0,0,0.614,0,0
"9606.ENSP00000261842","9606.ENSP00000414147","AP4E1","SPART",9606,0.422,0,0,0,0,0,0,0.422
"9606.ENSP00000261842","9606.ENSP00000479542","AP4E1","KIZ",9606,0.439,0,0,0,0.066,0.045,0,0.422
"9606.ENSP00000261842","9606.ENSP00000376103","AP4E1","C19orf12",9606,0.475,0,0,0,0.075,0,0,0.456
"9606.ENSP00000261842","9606.ENSP00000495795","AP4E1","SPG7",9606,0.476,0,0,0,0,0,0,0.476
"9606.ENSP00000261842","9606.ENSP00000393840","AP4E1","BLOC1S3",9606,0.5,0,0,0,0,0,0.5,0
"9606.ENSP00000261842","9606.ENSP00000380352","AP4E1","DDHD2",9606,0.507,0,0,0,0.099,0.068,0,0.461
"9606.ENSP00000261842","9606.ENSP00000437125","AP4E1","HSPA8",9606,0.515,0,0,0,0,0.064,0.5,0.048
"9606.ENSP00000261842","9606.ENSP00000357336","AP4E1","RUSC1",9606,0.543,0,0,0,0,0.045,0,0.542
"9606.ENSP00000261842","9606.ENSP00000261854","AP4E1","SPPL2A",9606,0.587,0,0,0,0.075,0,0,0.572
"9606.ENSP00000261842","9606.ENSP00000386710","AP4E1","ATG9A",9606,0.671,0,0,0,0.096,0,0,0.651
"9606.ENSP00000261842","9606.ENSP00000483185","AP4E1","AP2B1",9606,0.816,0,0,0,0,0,0.72,0.371
"9606.ENSP00000261842","9606.ENSP00000403663","AP4E1","AP4M1",9606,0.999,0,0,0,0.26,0.998,0.9,0.968
"9606.ENSP00000261854","9606.ENSP00000262345","SPPL2A","IL12RB2",9606,0.451,0,0,0,0,0,0,0.451
"9606.ENSP00000261854","9606.ENSP00000380256","SPPL2A","CCNF",9606,0.462,0,0,0,0,0.457,0,0.05
"9606.ENSP00000261854","9606.ENSP00000470788","SPPL2A","IL12RB1",9606,0.528,0,0,0,0,0,0,0.528
"9606.ENSP00000261854","9606.ENSP00000398698","SPPL2A","TNF",9606,0.833,0,0,0,0,0,0.75,0.363
"9606.ENSP00000261858","9606.ENSP00000307297","GLCE","CHST14",9606,0.41,0,0,0,0.075,0,0,0.389
"9606.ENSP00000261858","9606.ENSP00000264039","GLCE","GPC1",9606,0.671,0,0,0,0.075,0.07,0.4,0.439
"9606.ENSP00000262105","9606.ENSP00000323246","MCM4","E2F7",9606,0.405,0,0,0,0.165,0,0,0.317
"9606.ENSP00000262105","9606.ENSP00000360268","MCM4","ALDH18A1",9606,0.406,0,0,0,0.24,0,0,0.251
"9606.ENSP00000262105","9606.ENSP00000311083","MCM4","CKS1B",9606,0.407,0,0,0,0.27,0,0,0.221
"9606.ENSP00000262105","9606.ENSP00000357308","MCM4","CENPW",9606,0.424,0,0,0,0.313,0,0,0.197
"9606.ENSP00000262105","9606.ENSP00000414109","MCM4","HJURP",9606,0.444,0,0,0,0.314,0,0,0.224
"9606.ENSP00000262105","9606.ENSP00000335321","MCM4","SF3B1",9606,0.445,0,0,0,0.13,0.389,0,0
"9606.ENSP00000262105","9606.ENSP00000321636","MCM4","TOP3A",9606,0.45,0,0,0,0.075,0,0,0.43
"9606.ENSP00000262105","9606.ENSP00000271139","MCM4","MOB3C",9606,0.457,0,0,0,0,0.457,0,0
"9606.ENSP00000262105","9606.ENSP00000415430","MCM4","GTSE1",9606,0.459,0,0,0,0.286,0,0,0.274
"9606.ENSP00000262105","9606.ENSP00000362041","MCM4","DNAJC9",9606,0.463,0,0,0,0.328,0.211,0,0.069
"9606.ENSP00000262105","9606.ENSP00000438483","MCM4","KPNA2",9606,0.467,0,0,0,0.254,0.13,0,0.246
"9606.ENSP00000262105","9606.ENSP00000355966","MCM4","NEK2",9606,0.479,0,0,0,0.285,0,0,0.302
"9606.ENSP00000262105","9606.ENSP00000269305","MCM4","TP53",9606,0.484,0,0,0,0.094,0.156,0,0.38
"9606.ENSP00000262105","9606.ENSP00000328228","MCM4","CDCA2",9606,0.488,0,0,0,0.296,0,0,0.303
"9606.ENSP00000262105","9606.ENSP00000364976","MCM4","CKS2",9606,0.488,0,0,0,0.272,0,0,0.326
"9606.ENSP00000262105","9606.ENSP00000468425","MCM4","TK1",9606,0.489,0,0,0,0.326,0,0,0.273
"9606.ENSP00000262105","9606.ENSP00000355249","MCM4","E2F2",9606,0.498,0,0,0,0.178,0,0,0.415
"9606.ENSP00000262105","9606.ENSP00000324020","MCM4","KIF15",9606,0.499,0,0,0,0.352,0,0,0.26
"9606.ENSP00000262105","9606.ENSP00000301633","MCM4","BIRC5",9606,0.52,0,0,0,0.34,0,0,0.303
"9606.ENSP00000262105","9606.ENSP00000363524","MCM4","KIF4A",9606,0.528,0,0,0,0.381,0,0,0.27
"9606.ENSP00000262105","9606.ENSP00000418960","MCM4","BRCA1",9606,0.528,0,0,0,0.293,0,0,0.361
"9606.ENSP00000262105","9606.ENSP00000377536","MCM4","PTTG1",9606,0.529,0,0,0,0.246,0,0,0.401
"9606.ENSP00000262105","9606.ENSP00000363055","MCM4","ZWINT",9606,0.556,0,0,0,0.351,0,0,0.345
"9606.ENSP00000262105","9606.ENSP00000357643","MCM4","MKI67",9606,0.561,0,0,0,0.344,0,0,0.359
"9606.ENSP00000262105","9606.ENSP00000262300","MCM4","PKMYT1",9606,0.574,0,0,0,0.335,0,0,0.387
"9606.ENSP00000262105","9606.ENSP00000348838","MCM4","UBE2C",9606,0.575,0,0,0,0.325,0.062,0,0.384
"9606.ENSP00000262105","9606.ENSP00000479617","MCM4","UHRF1",9606,0.579,0,0,0,0.423,0,0,0.301
"9606.ENSP00000262105","9606.ENSP00000298048","MCM4","MELK",9606,0.586,0,0,0,0.476,0,0,0.243
"9606.ENSP00000262105","9606.ENSP00000361298","MCM4","KIF2C",9606,0.587,0,0,0,0.354,0,0,0.387
"9606.ENSP00000262105","9606.ENSP00000356379","MCM4","ASPM",9606,0.591,0,0,0,0.443,0,0,0.296
"9606.ENSP00000262105","9606.ENSP00000300035","MCM4","PCLAF",9606,0.599,0,0,0,0.478,0,0,0.264
"9606.ENSP00000262105","9606.ENSP00000396308","MCM4","DHFR",9606,0.6,0,0,0,0.283,0,0,0.466
"9606.ENSP00000262105","9606.ENSP00000362146","MCM4","CDCA8",9606,0.614,0,0,0,0.405,0.067,0,0.362
"9606.ENSP00000262105","9606.ENSP00000380256","MCM4","CCNF",9606,0.621,0,0,0,0.29,0.219,0,0.372
"9606.ENSP00000262105","9606.ENSP00000306968","MCM4","CDCA7",9606,0.623,0,0,0,0.31,0.063,0,0.465
"9606.ENSP00000262105","9606.ENSP00000387007","MCM4","NCAPG2",9606,0.633,0,0,0,0.546,0,0,0.226
"9606.ENSP00000262105","9606.ENSP00000499238","MCM4","NUSAP1",9606,0.637,0,0,0,0.497,0,0,0.308
"9606.ENSP00000262105","9606.ENSP00000356319","MCM4","KIF14",9606,0.638,0,0,0,0.24,0.457,0,0.195
"9606.ENSP00000262105","9606.ENSP00000442068","MCM4","CDCA3",9606,0.649,0,0,0,0.398,0,0,0.441
"9606.ENSP00000262105","9606.ENSP00000306999","MCM4","ESCO2",9606,0.655,0,0,0,0.257,0.472,0,0.192
"9606.ENSP00000262105","9606.ENSP00000275517","MCM4","CDCA5",9606,0.657,0,0,0,0.519,0,0,0.318
"9606.ENSP00000262105","9606.ENSP00000300403","MCM4","TPX2",9606,0.667,0,0,0,0.531,0,0,0.321
"9606.ENSP00000262105","9606.ENSP00000302530","MCM4","BUB1",9606,0.696,0,0,0,0.42,0,0,0.498
"9606.ENSP00000262105","9606.ENSP00000361540","MCM4","CDC20",9606,0.717,0,0,0,0.395,0.131,0,0.506
"9606.ENSP00000262105","9606.ENSP00000355958","MCM4","DTL",9606,0.72,0,0,0,0.648,0,0,0.239
"9606.ENSP00000262105","9606.ENSP00000325017","MCM4","NCAPD2",9606,0.724,0,0,0,0.445,0.13,0,0.476
"9606.ENSP00000262105","9606.ENSP00000288207","MCM4","CCNB2",9606,0.74,0,0,0,0.412,0.08,0,0.558
"9606.ENSP00000262105","9606.ENSP00000411532","MCM4","TOP2A",9606,0.76,0,0,0,0.548,0,0,0.491
"9606.ENSP00000262105","9606.ENSP00000429089","MCM4","CCNE2",9606,0.766,0,0,0,0.554,0,0,0.498
"9606.ENSP00000262105","9606.ENSP00000355506","MCM4","EXO1",9606,0.773,0,0,0,0.578,0.074,0,0.467
"9606.ENSP00000262105","9606.ENSP00000336868","MCM4","CENPA",9606,0.793,0,0,0,0.298,0.598,0,0.326
"9606.ENSP00000262105","9606.ENSP00000298288","MCM4","LRR1",9606,0.834,0,0,0,0.138,0.8,0,0.116
"9606.ENSP00000262105","9606.ENSP00000353770","MCM4","RRM2",9606,0.905,0,0,0,0.828,0.089,0,0.445
"9606.ENSP00000262105","9606.ENSP00000493712","MCM4","RAD51",9606,0.915,0,0,0,0.462,0.759,0,0.398
"9606.ENSP00000262105","9606.ENSP00000378699","MCM4","CDK1",9606,0.929,0,0,0,0.508,0.685,0,0.583
"9606.ENSP00000262105","9606.ENSP00000300093","MCM4","PLK1",9606,0.93,0,0,0,0.324,0.838,0,0.418
"9606.ENSP00000262105","9606.ENSP00000305480","MCM4","FEN1",9606,0.931,0,0,0,0.847,0.064,0,0.558
"9606.ENSP00000262105","9606.ENSP00000300738","MCM4","RRM1",9606,0.938,0,0,0,0.875,0.18,0,0.448
"9606.ENSP00000262105","9606.ENSP00000315644","MCM4","TYMS",9606,0.944,0,0,0,0.911,0,0,0.407
"9606.ENSP00000262105","9606.ENSP00000263382","MCM4","ASF1B",9606,0.953,0,0,0,0.372,0.821,0,0.619
"9606.ENSP00000262105","9606.ENSP00000481380","MCM4","CCNA2",9606,0.959,0,0,0,0.542,0.699,0.4,0.569
"9606.ENSP00000262105","9606.ENSP00000312995","MCM4","CLSPN",9606,0.967,0,0,0,0.395,0.8,0.5,0.52
"9606.ENSP00000262105","9606.ENSP00000418268","MCM4","MCM10",9606,0.997,0,0,0,0.631,0.947,0.5,0.812
"9606.ENSP00000262105","9606.ENSP00000360623","MCM4","ORC1",9606,0.998,0,0,0,0.788,0.982,0.5,0.528
"9606.ENSP00000262105","9606.ENSP00000307288","MCM4","MCM7",9606,0.999,0,0,0.093,0.983,0.999,0.9,0.818
"9606.ENSP00000262105","9606.ENSP00000405726","MCM4","CDC45",9606,0.999,0,0,0,0.749,0.997,0.9,0.846
"9606.ENSP00000262105","9606.ENSP00000480987","MCM4","MCM3",9606,0.999,0,0,0,0.99,0.999,0.9,0.818
"9606.ENSP00000262213","9606.ENSP00000380256","TRAM1","CCNF",9606,0.457,0,0,0,0,0.457,0,0
"9606.ENSP00000262213","9606.ENSP00000295317","TRAM1","RNF149",9606,0.475,0,0,0,0.074,0.457,0,0
"9606.ENSP00000262213","9606.ENSP00000262225","TRAM1","TMED2",9606,0.514,0,0,0,0.453,0,0,0.148
"9606.ENSP00000262225","9606.ENSP00000265070","TMED2","GOLPH3",9606,0.454,0,0,0,0.187,0,0,0.356
"9606.ENSP00000262225","9606.ENSP00000321326","TMED2","F2R",9606,0.456,0,0,0,0,0.456,0,0
"9606.ENSP00000262225","9606.ENSP00000346483","TMED2","DDRGK1",9606,0.458,0,0,0,0.08,0.113,0,0.39
"9606.ENSP00000262225","9606.ENSP00000380256","TMED2","CCNF",9606,0.46,0,0,0,0,0.457,0,0.047
"9606.ENSP00000262225","9606.ENSP00000264039","TMED2","GPC1",9606,0.478,0,0,0,0,0.456,0,0.08
"9606.ENSP00000262225","9606.ENSP00000361499","TMED2","YIPF3",9606,0.521,0,0,0,0.127,0.266,0,0.313
"9606.ENSP00000262225","9606.ENSP00000385385","TMED2","PDIA6",9606,0.55,0,0,0,0.496,0.076,0,0.112
"9606.ENSP00000262225","9606.ENSP00000420443","TMED2","CNIH4",9606,0.617,0,0,0,0.096,0.398,0,0.353
"9606.ENSP00000262225","9606.ENSP00000449270","TMED2","COPZ1",9606,0.702,0,0,0,0.388,0,0.5,0.106
"9606.ENSP00000262225","9606.ENSP00000463393","TMED2","SEC22B",9606,0.799,0,0,0,0.17,0.421,0.5,0.264
"9606.ENSP00000262225","9606.ENSP00000310226","TMED2","RAB1B",9606,0.809,0,0,0,0.127,0.537,0.5,0.167
"9606.ENSP00000262291","9606.ENSP00000354733","VMP1","SBNO2",9606,0.425,0,0,0,0.075,0,0,0.404
"9606.ENSP00000262291","9606.ENSP00000380256","VMP1","CCNF",9606,0.458,0,0,0,0,0.457,0,0.043
"9606.ENSP00000262291","9606.ENSP00000355958","VMP1","DTL",9606,0.478,0,0,0,0.062,0.457,0,0.059
"9606.ENSP00000262291","9606.ENSP00000375873","VMP1","ATG16L1",9606,0.498,0,0,0,0,0,0,0.498
"9606.ENSP00000262291","9606.ENSP00000386710","VMP1","ATG9A",9606,0.579,0,0,0,0.067,0,0,0.568
"9606.ENSP00000262291","9606.ENSP00000338990","VMP1","ATG101",9606,0.641,0,0,0,0.069,0,0,0.631
"9606.ENSP00000262300","9606.ENSP00000414109","PKMYT1","HJURP",9606,0.4,0,0,0,0.33,0,0,0.142
"9606.ENSP00000262300","9606.ENSP00000307288","PKMYT1","MCM7",9606,0.408,0,0,0,0.252,0,0,0.242
"9606.ENSP00000262300","9606.ENSP00000355249","PKMYT1","E2F2",9606,0.412,0,0,0,0.135,0,0,0.349
"9606.ENSP00000262300","9606.ENSP00000362146","PKMYT1","CDCA8",9606,0.412,0,0,0,0.301,0,0,0.194
"9606.ENSP00000262300","9606.ENSP00000465075","PKMYT1","SPC24",9606,0.423,0,0,0,0.199,0,0,0.31
"9606.ENSP00000262300","9606.ENSP00000380256","PKMYT1","CCNF",9606,0.425,0,0,0,0.231,0,0,0.283
"9606.ENSP00000262300","9606.ENSP00000300738","PKMYT1","RRM1",9606,0.43,0,0,0,0.351,0,0,0.159
"9606.ENSP00000262300","9606.ENSP00000298048","PKMYT1","MELK",9606,0.441,0,0,0,0.355,0.077,0,0.137
"9606.ENSP00000262300","9606.ENSP00000479617","PKMYT1","UHRF1",9606,0.444,0,0,0,0.341,0.047,0,0.186
"9606.ENSP00000262300","9606.ENSP00000418268","PKMYT1","MCM10",9606,0.446,0,0,0,0.345,0,0,0.19
"9606.ENSP00000262300","9606.ENSP00000411532","PKMYT1","TOP2A",9606,0.448,0,0,0,0.269,0,0,0.277
"9606.ENSP00000262300","9606.ENSP00000429089","PKMYT1","CCNE2",9606,0.453,0,0,0,0.154,0,0,0.38
"9606.ENSP00000262300","9606.ENSP00000442068","PKMYT1","CDCA3",9606,0.454,0,0,0,0.345,0,0,0.202
"9606.ENSP00000262300","9606.ENSP00000361298","PKMYT1","KIF2C",9606,0.455,0,0,0,0.303,0.076,0,0.222
"9606.ENSP00000262300","9606.ENSP00000301633","PKMYT1","BIRC5",9606,0.466,0,0,0,0.341,0.065,0,0.204
"9606.ENSP00000262300","9606.ENSP00000305480","PKMYT1","FEN1",9606,0.466,0,0,0,0.3,0.06,0,0.255
"9606.ENSP00000262300","9606.ENSP00000367910","PKMYT1","FANCG",9606,0.478,0,0,0,0.219,0,0,0.36
"9606.ENSP00000262300","9606.ENSP00000263382","PKMYT1","ASF1B",9606,0.482,0,0,0,0.397,0,0,0.177
"9606.ENSP00000262300","9606.ENSP00000295317","PKMYT1","RNF149",9606,0.483,0,0,0,0.075,0.458,0,0.052
"9606.ENSP00000262300","9606.ENSP00000436649","PKMYT1","SAC3D1",9606,0.507,0,0,0,0.145,0,0,0.448
"9606.ENSP00000262300","9606.ENSP00000377536","PKMYT1","PTTG1",9606,0.512,0,0,0,0.211,0,0,0.408
"9606.ENSP00000262300","9606.ENSP00000493712","PKMYT1","RAD51",9606,0.513,0,0,0,0.351,0,0,0.281
"9606.ENSP00000262300","9606.ENSP00000275517","PKMYT1","CDCA5",9606,0.514,0,0,0,0.391,0,0,0.235
"9606.ENSP00000262300","9606.ENSP00000415430","PKMYT1","GTSE1",9606,0.514,0,0,0,0.291,0,0,0.343
"9606.ENSP00000262300","9606.ENSP00000355506","PKMYT1","EXO1",9606,0.529,0,0,0,0.338,0.06,0,0.305
"9606.ENSP00000262300","9606.ENSP00000480987","PKMYT1","MCM3",9606,0.529,0,0,0,0.241,0,0,0.406
"9606.ENSP00000262300","9606.ENSP00000468425","PKMYT1","TK1",9606,0.532,0,0,0,0.422,0,0,0.224
"9606.ENSP00000262300","9606.ENSP00000377936","PKMYT1","PPP2R2B",9606,0.537,0,0,0,0,0.479,0,0.149
"9606.ENSP00000262300","9606.ENSP00000348838","PKMYT1","UBE2C",9606,0.542,0,0,0,0.362,0.087,0,0.277
"9606.ENSP00000262300","9606.ENSP00000353770","PKMYT1","RRM2",9606,0.567,0,0,0,0.394,0,0,0.316
"9606.ENSP00000262300","9606.ENSP00000302530","PKMYT1","BUB1",9606,0.63,0,0,0,0.216,0.178,0,0.473
"9606.ENSP00000262300","9606.ENSP00000405726","PKMYT1","CDC45",9606,0.723,0,0,0,0.48,0,0,0.49
"9606.ENSP00000262300","9606.ENSP00000361540","PKMYT1","CDC20",9606,0.733,0,0,0,0.336,0.271,0,0.493
"9606.ENSP00000262300","9606.ENSP00000311083","PKMYT1","CKS1B",9606,0.988,0,0,0,0.153,0.983,0,0.296
"9606.ENSP00000262300","9606.ENSP00000288207","PKMYT1","CCNB2",9606,0.99,0,0,0,0.269,0.955,0.5,0.469
"9606.ENSP00000262300","9606.ENSP00000300093","PKMYT1","PLK1",9606,0.993,0,0,0,0.305,0.88,0.9,0.308
"9606.ENSP00000262300","9606.ENSP00000481380","PKMYT1","CCNA2",9606,0.998,0,0,0,0.315,0.994,0.4,0.44
"9606.ENSP00000262300","9606.ENSP00000364976","PKMYT1","CKS2",9606,0.999,0,0,0,0.166,0.999,0,0.282
"9606.ENSP00000262300","9606.ENSP00000378699","PKMYT1","CDK1",9606,0.999,0,0,0.118,0.334,0.999,0.9,0.58
"9606.ENSP00000262345","9606.ENSP00000418960","IL12RB2","BRCA1",9606,0.447,0,0,0.447,0,0,0,0
"9606.ENSP00000262345","9606.ENSP00000388620","IL12RB2","EOMES",9606,0.472,0,0,0,0.097,0,0,0.44
"9606.ENSP00000262345","9606.ENSP00000398698","IL12RB2","TNF",9606,0.484,0,0,0,0.07,0,0,0.468
"9606.ENSP00000262345","9606.ENSP00000398568","IL12RB2","PRF1",9606,0.496,0,0,0,0.214,0,0,0.386
"9606.ENSP00000262345","9606.ENSP00000365380","IL12RB2","FOXP3",9606,0.533,0,0,0,0.067,0,0,0.52
"9606.ENSP00000262345","9606.ENSP00000354394","IL12RB2","STAT1",9606,0.874,0,0,0,0.085,0,0.5,0.747
"9606.ENSP00000262345","9606.ENSP00000470788","IL12RB2","IL12RB1",9606,0.999,0,0,0,0.077,0.8,0.9,0.97
"9606.ENSP00000262374","9606.ENSP00000358812","ALG1","PDCD11",9606,0.401,0,0,0,0.075,0,0,0.38
"9606.ENSP00000262374","9606.ENSP00000313318","ALG1","SLC35C1",9606,0.417,0,0,0,0.114,0,0,0.369
"9606.ENSP00000262374","9606.ENSP00000295317","ALG1","RNF149",9606,0.458,0,0,0,0,0.457,0,0.043
"9606.ENSP00000262374","9606.ENSP00000380256","ALG1","CCNF",9606,0.473,0,0,0,0.07,0.457,0,0
"9606.ENSP00000262374","9606.ENSP00000376472","ALG1","STT3A",9606,0.554,0.061,0,0,0.15,0.045,0,0.485
"9606.ENSP00000262374","9606.ENSP00000264228","ALG1","SRD5A3",9606,0.586,0,0,0,0.105,0,0,0.557
"9606.ENSP00000262374","9606.ENSP00000350949","ALG1","GMPPA",9606,0.907,0.057,0,0,0.232,0.073,0.843,0.259
"9606.ENSP00000262430","9606.ENSP00000323867","MLYCD","PRKAG1",9606,0.908,0,0,0,0.075,0,0.9,0.094
"9606.ENSP00000262482","9606.ENSP00000393566","RNF167","HLA-DPA1",9606,0.403,0,0,0,0.08,0.378,0,0
"9606.ENSP00000262482","9606.ENSP00000348838","RNF167","UBE2C",9606,0.491,0,0,0,0,0.456,0,0.103
"9606.ENSP00000262482","9606.ENSP00000316176","RNF167","UBE2N",9606,0.7,0,0,0,0.075,0.508,0,0.395
"9606.ENSP00000262613","9606.ENSP00000306999","SLC9A3R1","ESCO2",9606,0.443,0,0,0,0,0,0,0.443
"9606.ENSP00000262613","9606.ENSP00000264039","SLC9A3R1","GPC1",9606,0.475,0,0,0,0.06,0.457,0,0.055
"9606.ENSP00000262613","9606.ENSP00000378699","SLC9A3R1","CDK1",9606,0.475,0,0,0,0,0.459,0,0.071
"9606.ENSP00000262613","9606.ENSP00000289968","SLC9A3R1","ARHGAP17",9606,0.669,0,0,0,0.055,0.599,0,0.198
"9606.ENSP00000262613","9606.ENSP00000305372","SLC9A3R1","ADRB2",9606,0.998,0,0,0,0.067,0.996,0,0.526
"9606.ENSP00000263063","9606.ENSP00000380256","MTPAP","CCNF",9606,0.476,0,0,0,0.054,0.457,0,0.063
"9606.ENSP00000263063","9606.ENSP00000495795","MTPAP","SPG7",9606,0.569,0,0,0,0.145,0,0,0.517
"9606.ENSP00000263063","9606.ENSP00000400646","MTPAP","PNPT1",9606,0.711,0,0,0,0.144,0,0,0.677
"9606.ENSP00000263246","9606.ENSP00000437125","PACSIN2","HSPA8",9606,0.539,0,0,0,0.075,0.457,0,0.156
"9606.ENSP00000263246","9606.ENSP00000413625","PACSIN2","FNBP1",9606,0.753,0,0,0,0.094,0,0,0.739
"9606.ENSP00000263256","9606.ENSP00000382508","DESI1","CDIP1",9606,0.839,0,0,0,0,0.839,0,0
"9606.ENSP00000263256","9606.ENSP00000355325","DESI1","PSMB5",9606,0.999,0,0,0,0.084,0.999,0,0
"9606.ENSP00000263382","9606.ENSP00000387007","ASF1B","NCAPG2",9606,0.407,0,0,0,0.298,0,0,0.19
"9606.ENSP00000263382","9606.ENSP00000387996","ASF1B","CSTF2",9606,0.411,0,0,0,0.411,0,0,0
"9606.ENSP00000263382","9606.ENSP00000418960","ASF1B","BRCA1",9606,0.422,0,0,0,0.31,0,0,0.197
"9606.ENSP00000263382","9606.ENSP00000282074","ASF1B","SPC25",9606,0.45,0,0,0,0.391,0,0,0.134
"9606.ENSP00000263382","9606.ENSP00000357643","ASF1B","MKI67",9606,0.463,0,0,0,0.379,0,0,0.172
"9606.ENSP00000263382","9606.ENSP00000315644","ASF1B","TYMS",9606,0.473,0,0,0,0.363,0,0,0.207
"9606.ENSP00000263382","9606.ENSP00000355958","ASF1B","DTL",9606,0.474,0,0,0,0.391,0,0,0.173
"9606.ENSP00000263382","9606.ENSP00000332194","ASF1B","H2AC20",9606,0.492,0,0,0,0.063,0.097,0,0.448
"9606.ENSP00000263382","9606.ENSP00000298048","ASF1B","MELK",9606,0.511,0,0,0,0.4,0.062,0,0.202
"9606.ENSP00000263382","9606.ENSP00000357308","ASF1B","CENPW",9606,0.514,0,0,0,0.331,0,0,0.304
"9606.ENSP00000263382","9606.ENSP00000362041","ASF1B","DNAJC9",9606,0.518,0,0,0,0.22,0,0,0.408
"9606.ENSP00000263382","9606.ENSP00000355506","ASF1B","EXO1",9606,0.526,0,0,0,0.353,0.076,0,0.272
"9606.ENSP00000263382","9606.ENSP00000300093","ASF1B","PLK1",9606,0.533,0,0,0,0.435,0,0,0.209
"9606.ENSP00000263382","9606.ENSP00000300403","ASF1B","TPX2",9606,0.533,0,0,0,0.38,0,0,0.278
"9606.ENSP00000263382","9606.ENSP00000313050","ASF1B","NIPSNAP2",9606,0.537,0,0,0,0.537,0,0,0
"9606.ENSP00000263382","9606.ENSP00000365433","ASF1B","TCF19",9606,0.541,0,0,0,0.476,0,0,0.16
"9606.ENSP00000263382","9606.ENSP00000356379","ASF1B","ASPM",9606,0.544,0,0,0,0.357,0,0,0.32
"9606.ENSP00000263382","9606.ENSP00000285116","ASF1B","SKA1",9606,0.545,0,0,0,0.274,0,0,0.4
"9606.ENSP00000263382","9606.ENSP00000479617","ASF1B","UHRF1",9606,0.545,0,0,0,0.437,0,0,0.225
"9606.ENSP00000263382","9606.ENSP00000363524","ASF1B","KIF4A",9606,0.552,0,0,0,0.432,0,0,0.244
"9606.ENSP00000263382","9606.ENSP00000288207","ASF1B","CCNB2",9606,0.553,0,0,0,0.423,0.087,0,0.221
"9606.ENSP00000263382","9606.ENSP00000418268","ASF1B","MCM10",9606,0.574,0,0,0,0.348,0,0,0.374
"9606.ENSP00000263382","9606.ENSP00000363055","ASF1B","ZWINT",9606,0.58,0,0,0,0.471,0,0,0.24
"9606.ENSP00000263382","9606.ENSP00000275517","ASF1B","CDCA5",9606,0.629,0,0,0,0.503,0,0,0.286
"9606.ENSP00000263382","9606.ENSP00000305480","ASF1B","FEN1",9606,0.631,0,0,0,0.522,0.156,0,0.159
"9606.ENSP00000263382","9606.ENSP00000302530","ASF1B","BUB1",9606,0.638,0,0,0,0.538,0.096,0,0.204
"9606.ENSP00000263382","9606.ENSP00000377536","ASF1B","PTTG1",9606,0.641,0,0,0,0.512,0,0,0.296
"9606.ENSP00000263382","9606.ENSP00000378699","ASF1B","CDK1",9606,0.647,0,0,0,0.51,0.099,0,0.266
"9606.ENSP00000263382","9606.ENSP00000414109","ASF1B","HJURP",9606,0.654,0,0,0,0.413,0,0,0.436
"9606.ENSP00000263382","9606.ENSP00000336868","ASF1B","CENPA",9606,0.655,0,0,0,0.377,0.108,0,0.43
"9606.ENSP00000263382","9606.ENSP00000324020","ASF1B","KIF15",9606,0.656,0,0,0,0.61,0.067,0,0.131
"9606.ENSP00000263382","9606.ENSP00000300035","ASF1B","PCLAF",9606,0.664,0,0,0,0.455,0,0,0.41
"9606.ENSP00000263382","9606.ENSP00000301633","ASF1B","BIRC5",9606,0.679,0,0,0,0.605,0.073,0,0.196
"9606.ENSP00000263382","9606.ENSP00000493712","ASF1B","RAD51",9606,0.701,0,0,0,0.364,0.294,0,0.389
"9606.ENSP00000263382","9606.ENSP00000468425","ASF1B","TK1",9606,0.707,0,0,0,0.553,0,0,0.373
"9606.ENSP00000263382","9606.ENSP00000499238","ASF1B","NUSAP1",9606,0.739,0,0,0,0.57,0,0,0.418
"9606.ENSP00000263382","9606.ENSP00000481380","ASF1B","CCNA2",9606,0.757,0,0,0,0.694,0,0,0.241
"9606.ENSP00000263382","9606.ENSP00000361298","ASF1B","KIF2C",9606,0.762,0,0,0,0.699,0,0,0.242
"9606.ENSP00000263382","9606.ENSP00000296417","ASF1B","H2AZ1",9606,0.79,0,0.167,0,0.225,0.524,0,0.4
"9606.ENSP00000263382","9606.ENSP00000353770","ASF1B","RRM2",9606,0.792,0,0,0,0.46,0.413,0,0.397
"9606.ENSP00000263382","9606.ENSP00000411532","ASF1B","TOP2A",9606,0.815,0,0,0,0.713,0,0,0.384
"9606.ENSP00000263382","9606.ENSP00000480987","ASF1B","MCM3",9606,0.821,0,0,0,0.539,0.042,0,0.629
"9606.ENSP00000263382","9606.ENSP00000405726","ASF1B","CDC45",9606,0.828,0,0,0,0.656,0,0,0.523
"9606.ENSP00000263382","9606.ENSP00000348838","ASF1B","UBE2C",9606,0.832,0,0,0,0.782,0.078,0,0.232
"9606.ENSP00000263382","9606.ENSP00000361540","ASF1B","CDC20",9606,0.835,0,0,0,0.768,0.07,0,0.3
"9606.ENSP00000263382","9606.ENSP00000442068","ASF1B","CDCA3",9606,0.851,0,0,0,0.779,0,0,0.355
"9606.ENSP00000263382","9606.ENSP00000362146","ASF1B","CDCA8",9606,0.869,0,0,0,0.788,0.067,0,0.395
"9606.ENSP00000263382","9606.ENSP00000367034","ASF1B","H4C3",9606,0.921,0,0,0,0.075,0.9,0,0.215
"9606.ENSP00000263382","9606.ENSP00000307288","ASF1B","MCM7",9606,0.923,0,0,0,0.394,0.589,0,0.716
"9606.ENSP00000263382","9606.ENSP00000362592","ASF1B","RBBP4",9606,0.965,0,0,0,0.159,0.938,0,0.384
"9606.ENSP00000263382","9606.ENSP00000316512","ASF1B","TLK2",9606,0.999,0,0,0,0.075,0.999,0,0.858
"9606.ENSP00000263384","9606.ENSP00000436423","FAM32A","GNLY",9606,0.418,0,0,0,0,0.418,0,0
"9606.ENSP00000263384","9606.ENSP00000365071","FAM32A","GPANK1",9606,0.508,0,0,0,0.046,0,0,0.506
"9606.ENSP00000263384","9606.ENSP00000416269","FAM32A","DDX39B",9606,0.8,0,0,0,0,0,0.8,0
"9606.ENSP00000263384","9606.ENSP00000264645","FAM32A","CASC3",9606,0.807,0,0,0,0.075,0.8,0,0
"9606.ENSP00000263384","9606.ENSP00000497641","FAM32A","EIF4A3",9606,0.822,0,0,0,0.081,0.8,0,0.114
"9606.ENSP00000263773","9606.ENSP00000383059","FNBP4","ARGLU1",9606,0.43,0,0,0,0.428,0,0,0.045
"9606.ENSP00000263773","9606.ENSP00000303222","FNBP4","MTCH2",9606,0.448,0,0.127,0,0.059,0,0,0.383
"9606.ENSP00000263773","9606.ENSP00000413625","FNBP4","FNBP1",9606,0.556,0,0,0,0.106,0,0,0.524
"9606.ENSP00000263773","9606.ENSP00000418960","FNBP4","BRCA1",9606,0.563,0,0,0,0.082,0.457,0,0.195
"9606.ENSP00000263773","9606.ENSP00000335321","FNBP4","SF3B1",9606,0.566,0,0,0,0.473,0.212,0,0
"9606.ENSP00000263773","9606.ENSP00000318374","FNBP4","LENG8",9606,0.59,0,0,0,0.181,0,0,0.52
"9606.ENSP00000263773","9606.ENSP00000296702","FNBP4","TCERG1",9606,0.619,0,0,0,0.312,0,0,0.469
"9606.ENSP00000263773","9606.ENSP00000496842","FNBP4","PNISR",9606,0.715,0,0,0,0.713,0,0,0.049
"9606.ENSP00000263857","9606.ENSP00000328484","POLR1A","H2AC14",9606,0.421,0,0,0,0,0.075,0.4,0
"9606.ENSP00000263857","9606.ENSP00000321636","POLR1A","TOP3A",9606,0.427,0.042,0,0,0.215,0.209,0,0.151
"9606.ENSP00000263857","9606.ENSP00000362146","POLR1A","CDCA8",9606,0.431,0,0,0,0.392,0,0,0.103
"9606.ENSP00000263857","9606.ENSP00000349430","POLR1A","H2BC12",9606,0.449,0,0,0,0,0.114,0.4,0.048
"9606.ENSP00000263857","9606.ENSP00000332194","POLR1A","H2AC20",9606,0.456,0,0,0,0,0.075,0.4,0.1
"9606.ENSP00000263857","9606.ENSP00000483903","POLR1A","H2BC15",9606,0.463,0,0,0,0,0.114,0.4,0.072
"9606.ENSP00000263857","9606.ENSP00000360850","POLR1A","MRPS2",9606,0.478,0.061,0,0,0.305,0.196,0,0.123
"9606.ENSP00000263857","9606.ENSP00000362027","POLR1A","TRMT2B",9606,0.517,0,0,0,0.5,0,0,0.074
"9606.ENSP00000263857","9606.ENSP00000306788","POLR1A","ARL6IP1",9606,0.527,0.061,0,0,0.398,0.177,0,0.105
"9606.ENSP00000263857","9606.ENSP00000371253","POLR1A","GART",9606,0.544,0,0,0,0.296,0.071,0,0.359
"9606.ENSP00000263857","9606.ENSP00000418960","POLR1A","BRCA1",9606,0.582,0,0,0,0.075,0.457,0,0.236
"9606.ENSP00000263857","9606.ENSP00000400646","POLR1A","PNPT1",9606,0.598,0.046,0,0,0.46,0,0,0.284
"9606.ENSP00000263857","9606.ENSP00000494750","POLR1A","ACTB",9606,0.604,0,0,0,0.082,0.045,0.5,0.204
"9606.ENSP00000263857","9606.ENSP00000335321","POLR1A","SF3B1",9606,0.612,0,0,0,0.238,0,0.5,0.065
"9606.ENSP00000263857","9606.ENSP00000328854","POLR1A","NOC4L",9606,0.686,0,0,0,0.686,0,0,0
"9606.ENSP00000263857","9606.ENSP00000293860","POLR1A","POLR3K",9606,0.717,0,0,0,0.184,0.533,0,0.318
"9606.ENSP00000263857","9606.ENSP00000326981","POLR1A","IMP3",9606,0.733,0.111,0,0,0.554,0.3,0,0.152
"9606.ENSP00000263857","9606.ENSP00000410409","POLR1A","TAF1D",9606,0.745,0,0,0,0.075,0.165,0.5,0.418
"9606.ENSP00000263857","9606.ENSP00000268802","POLR1A","NOB1",9606,0.838,0,0,0,0.817,0,0,0.154
"9606.ENSP00000263857","9606.ENSP00000496250","POLR1A","RPL11",9606,0.909,0.12,0,0,0.743,0.214,0,0.551
"9606.ENSP00000263857","9606.ENSP00000264279","POLR1A","NOP58",9606,0.974,0,0,0,0.766,0.85,0,0.333
"9606.ENSP00000263857","9606.ENSP00000358812","POLR1A","PDCD11",9606,0.975,0,0,0,0.937,0.526,0,0.239
"9606.ENSP00000264039","9606.ENSP00000433847","GPC1","B3GAT1",9606,0.439,0,0,0,0,0,0.4,0.104
"9606.ENSP00000264039","9606.ENSP00000335632","GPC1","CHP1",9606,0.456,0,0,0,0,0.456,0,0
"9606.ENSP00000264039","9606.ENSP00000363162","GPC1","ATP6V1G1",9606,0.456,0,0,0,0,0.456,0,0
"9606.ENSP00000264039","9606.ENSP00000463393","GPC1","SEC22B",9606,0.456,0,0,0,0,0.456,0,0
"9606.ENSP00000264039","9606.ENSP00000316042","GPC1","HNRNPA0",9606,0.457,0,0,0,0,0.457,0,0
"9606.ENSP00000264039","9606.ENSP00000376276","GPC1","SRSF2",9606,0.457,0,0,0,0,0.457,0,0
"9606.ENSP00000264039","9606.ENSP00000392270","GPC1","STRAP",9606,0.457,0,0,0,0,0.457,0,0
"9606.ENSP00000264039","9606.ENSP00000496250","GPC1","RPL11",9606,0.457,0,0,0,0,0.457,0,0
"9606.ENSP00000264039","9606.ENSP00000359297","GPC1","NSDHL",9606,0.46,0,0,0,0,0.456,0,0.049
"9606.ENSP00000264039","9606.ENSP00000364935","GPC1","CLIC1",9606,0.46,0,0,0,0,0.457,0,0.048
"9606.ENSP00000264039","9606.ENSP00000290949","GPC1","ATP6V0D1",9606,0.463,0,0,0,0,0.456,0,0.054
"9606.ENSP00000264039","9606.ENSP00000361883","GPC1","CAP1",9606,0.463,0,0,0,0,0.457,0,0.053
"9606.ENSP00000264039","9606.ENSP00000367196","GPC1","GLIPR2",9606,0.469,0,0,0,0,0.456,0,0.065
"9606.ENSP00000264039","9606.ENSP00000378483","GPC1","RGS19",9606,0.469,0,0,0,0,0.456,0,0.064
"9606.ENSP00000264039","9606.ENSP00000310226","GPC1","RAB1B",9606,0.474,0,0,0,0.061,0.456,0,0.054
"9606.ENSP00000264039","9606.ENSP00000441065","GPC1","SLC16A1",9606,0.477,0,0,0,0.06,0.456,0,0.06
"9606.ENSP00000264039","9606.ENSP00000469240","GPC1","CHMP2A",9606,0.478,0,0,0,0.075,0.456,0,0.047
"9606.ENSP00000264039","9606.ENSP00000286548","GPC1","GNAQ",9606,0.479,0,0,0,0.075,0.456,0,0.049
"9606.ENSP00000264039","9606.ENSP00000369899","GPC1","RRAGA",9606,0.482,0,0,0,0.075,0.456,0,0.055
"9606.ENSP00000264039","9606.ENSP00000444408","GPC1","SLC1A5",9606,0.482,0,0,0,0.072,0.456,0,0.057
"9606.ENSP00000264039","9606.ENSP00000428924","GPC1","LYN",9606,0.49,0,0,0,0,0.456,0,0.102
"9606.ENSP00000264039","9606.ENSP00000271638","GPC1","S100A11",9606,0.495,0,0,0,0.068,0.457,0,0.084
"9606.ENSP00000264039","9606.ENSP00000305260","GPC1","GNB2",9606,0.502,0,0,0,0.075,0.456,0,0.091
"9606.ENSP00000264039","9606.ENSP00000351646","GPC1","STIP1",9606,0.508,0,0,0,0.067,0.457,0,0.107
"9606.ENSP00000264039","9606.ENSP00000360141","GPC1","GNAS",9606,0.511,0,0,0,0.075,0.456,0,0.107
"9606.ENSP00000264039","9606.ENSP00000447730","GPC1","CD63",9606,0.539,0,0,0,0,0,0,0.539
"9606.ENSP00000264039","9606.ENSP00000410452","GPC1","STMN1",9606,0.584,0,0,0,0,0.457,0,0.266
"9606.ENSP00000264039","9606.ENSP00000264335","GPC1","YWHAE",9606,0.809,0,0,0,0,0.802,0,0.076
"9606.ENSP00000264218","9606.ENSP00000305372","NMU","ADRB2",9606,0.402,0,0,0,0,0,0,0.402
"9606.ENSP00000264218","9606.ENSP00000305260","NMU","GNB2",9606,0.5,0,0,0,0,0,0.5,0
"9606.ENSP00000264218","9606.ENSP00000378483","NMU","RGS19",9606,0.5,0,0,0,0,0,0.5,0
"9606.ENSP00000264218","9606.ENSP00000295619","NMU","PROK2",9606,0.517,0,0,0,0,0,0.4,0.229
"9606.ENSP00000264218","9606.ENSP00000393566","NMU","HLA-DPA1",9606,0.534,0,0,0,0,0.534,0,0
"9606.ENSP00000264218","9606.ENSP00000371594","NMU","GNG7",9606,0.543,0,0,0,0,0,0.5,0.125
"9606.ENSP00000264218","9606.ENSP00000321326","NMU","F2R",9606,0.552,0,0,0,0.06,0,0.5,0.125
"9606.ENSP00000264218","9606.ENSP00000334448","NMU","GNG2",9606,0.91,0,0,0,0,0.8,0.5,0.177
"9606.ENSP00000264279","9606.ENSP00000325905","NOP58","SRSF7",9606,0.436,0,0,0,0.31,0,0,0.217
"9606.ENSP00000264279","9606.ENSP00000377958","NOP58","CCT4",9606,0.439,0,0,0,0.411,0,0,0.087
"9606.ENSP00000264279","9606.ENSP00000398882","NOP58","DOHH",9606,0.44,0,0,0,0.298,0,0,0.235
"9606.ENSP00000264279","9606.ENSP00000425031","NOP58","HNRNPAB",9606,0.467,0,0,0,0.25,0.077,0,0.293
"9606.ENSP00000264279","9606.ENSP00000356319","NOP58","KIF14",9606,0.476,0,0,0,0.076,0.457,0,0
"9606.ENSP00000264279","9606.ENSP00000357643","NOP58","MKI67",9606,0.476,0,0,0,0.077,0.456,0,0
"9606.ENSP00000264279","9606.ENSP00000410769","NOP58","CNBP",9606,0.476,0,0,0,0.273,0.159,0,0.213
"9606.ENSP00000264279","9606.ENSP00000435210","NOP58","BCLAF1",9606,0.48,0,0,0,0.305,0,0,0.283
"9606.ENSP00000264279","9606.ENSP00000280326","NOP58","CCT5",9606,0.494,0,0,0,0.473,0,0,0.08
"9606.ENSP00000264279","9606.ENSP00000416269","NOP58","DDX39B",9606,0.523,0.057,0,0,0.283,0.194,0,0.229
"9606.ENSP00000264279","9606.ENSP00000335321","NOP58","SF3B1",9606,0.527,0,0,0,0.199,0.228,0,0.297
"9606.ENSP00000264279","9606.ENSP00000313007","NOP58","PABPC1",9606,0.546,0,0,0,0.281,0.287,0,0.186
"9606.ENSP00000264279","9606.ENSP00000297613","NOP58","RPP25L",9606,0.565,0,0,0,0.07,0,0.54,0.065
"9606.ENSP00000264279","9606.ENSP00000346483","NOP58","DDRGK1",9606,0.593,0,0,0,0.07,0.581,0,0
"9606.ENSP00000264279","9606.ENSP00000306788","NOP58","ARL6IP1",9606,0.618,0.077,0,0,0.118,0.563,0,0.055
"9606.ENSP00000264279","9606.ENSP00000438483","NOP58","KPNA2",9606,0.624,0,0,0,0.17,0.493,0,0.179
"9606.ENSP00000264279","9606.ENSP00000305790","NOP58","SF3B3",9606,0.653,0,0,0,0.474,0,0,0.368
"9606.ENSP00000264279","9606.ENSP00000496250","NOP58","RPL11",9606,0.657,0.142,0,0,0.234,0.328,0,0.317
"9606.ENSP00000264279","9606.ENSP00000268802","NOP58","NOB1",9606,0.689,0,0,0,0.574,0,0,0.302
"9606.ENSP00000264279","9606.ENSP00000497641","NOP58","EIF4A3",9606,0.712,0.057,0,0,0.392,0.194,0,0.452
"9606.ENSP00000264279","9606.ENSP00000315476","NOP58","EXOSC4",9606,0.748,0,0,0,0.209,0.406,0.4,0.214
"9606.ENSP00000264279","9606.ENSP00000361433","NOP58","EXOSC2",9606,0.749,0,0,0,0.278,0.406,0.4,0.142
"9606.ENSP00000264279","9606.ENSP00000292586","NOP58","MRNIP",9606,0.799,0,0,0,0.188,0.751,0,0.089
"9606.ENSP00000264279","9606.ENSP00000380256","NOP58","CCNF",9606,0.802,0,0,0,0,0.802,0,0
"9606.ENSP00000264279","9606.ENSP00000304353","NOP58","POP7",9606,0.904,0,0,0,0.078,0,0.9,0.052
"9606.ENSP00000264279","9606.ENSP00000350698","NOP58","DDX47",9606,0.928,0.057,0,0,0.737,0.673,0,0.224
"9606.ENSP00000264279","9606.ENSP00000326981","NOP58","IMP3",9606,0.98,0,0,0,0.315,0.971,0,0.114
"9606.ENSP00000264279","9606.ENSP00000358812","NOP58","PDCD11",9606,0.982,0,0,0,0.759,0.867,0,0.507
"9606.ENSP00000264279","9606.ENSP00000328854","NOP58","NOC4L",9606,0.989,0,0,0,0.463,0.974,0,0.281
"9606.ENSP00000264279","9606.ENSP00000470560","NOP58","EMG1",9606,0.996,0,0,0,0.705,0.971,0,0.591
"9606.ENSP00000264316","9606.ENSP00000376123","TXK","SH2D2A",9606,0.511,0,0,0,0.125,0,0,0.465
"9606.ENSP00000264316","9606.ENSP00000318142","TXK","FUT7",9606,0.515,0,0,0,0.075,0,0,0.498
"9606.ENSP00000264316","9606.ENSP00000428924","TXK","LYN",9606,0.569,0,0,0.1,0.075,0,0.5,0.087
"9606.ENSP00000264316","9606.ENSP00000339186","TXK","GRAP2",9606,0.672,0,0,0,0.18,0,0.5,0.266
"9606.ENSP00000264335","9606.ENSP00000496250","YWHAE","RPL11",9606,0.413,0,0,0,0.295,0.067,0,0.18
"9606.ENSP00000264335","9606.ENSP00000433760","YWHAE","BANF1",9606,0.419,0,0,0,0.364,0,0,0.124
"9606.ENSP00000264335","9606.ENSP00000466718","YWHAE","LSM12",9606,0.425,0,0,0,0.15,0.352,0,0
"9606.ENSP00000264335","9606.ENSP00000313007","YWHAE","PABPC1",9606,0.427,0,0,0,0.191,0.123,0,0.258
"9606.ENSP00000264335","9606.ENSP00000280326","YWHAE","CCT5",9606,0.439,0,0,0,0.33,0.069,0,0.173
"9606.ENSP00000264335","9606.ENSP00000271139","YWHAE","MOB3C",9606,0.458,0,0,0,0.044,0.457,0,0
"9606.ENSP00000264335","9606.ENSP00000418268","YWHAE","MCM10",9606,0.475,0,0,0,0.064,0.456,0,0.052
"9606.ENSP00000264335","9606.ENSP00000310623","YWHAE","ISCU",9606,0.477,0,0,0,0.098,0.407,0,0.102
"9606.ENSP00000264335","9606.ENSP00000414109","YWHAE","HJURP",9606,0.491,0,0,0,0.07,0.476,0,0
"9606.ENSP00000264335","9606.ENSP00000386710","YWHAE","ATG9A",9606,0.492,0,0,0,0.071,0.476,0,0
"9606.ENSP00000264335","9606.ENSP00000362166","YWHAE","MEAF6",9606,0.499,0,0,0,0.09,0.046,0,0.47
"9606.ENSP00000264335","9606.ENSP00000361664","YWHAE","HIVEP3",9606,0.511,0,0,0,0,0.51,0,0.044
"9606.ENSP00000264335","9606.ENSP00000380878","YWHAE","PPP3CC",9606,0.512,0,0,0,0.044,0.111,0.4,0.156
"9606.ENSP00000264335","9606.ENSP00000336799","YWHAE","TUBA1B",9606,0.523,0,0,0,0.344,0.062,0,0.288
"9606.ENSP00000264335","9606.ENSP00000356319","YWHAE","KIF14",9606,0.526,0,0,0,0.067,0.502,0,0.062
"9606.ENSP00000264335","9606.ENSP00000312664","YWHAE","CASP2",9606,0.535,0,0,0,0.069,0,0.5,0.082
"9606.ENSP00000264335","9606.ENSP00000458162","YWHAE","ACTG1",9606,0.536,0,0,0,0.334,0.046,0,0.329
"9606.ENSP00000264335","9606.ENSP00000341289","YWHAE","TUBB4B",9606,0.544,0,0,0,0.324,0.091,0,0.318
"9606.ENSP00000264335","9606.ENSP00000339001","YWHAE","TUBB",9606,0.546,0,0,0,0.326,0.091,0,0.319
"9606.ENSP00000264335","9606.ENSP00000478877","YWHAE","ADRM1",9606,0.561,0,0,0,0.075,0.545,0,0
"9606.ENSP00000264335","9606.ENSP00000443475","YWHAE","TUBA1C",9606,0.573,0,0,0,0.305,0.062,0,0.399
"9606.ENSP00000264335","9606.ENSP00000380256","YWHAE","CCNF",9606,0.6,0,0,0,0.058,0.566,0,0.102
"9606.ENSP00000264335","9606.ENSP00000411532","YWHAE","TOP2A",9606,0.602,0,0,0,0.075,0.47,0,0.255
"9606.ENSP00000264335","9606.ENSP00000355958","YWHAE","DTL",9606,0.609,0,0,0,0.066,0.581,0,0.083
"9606.ENSP00000264335","9606.ENSP00000495530","YWHAE","ENO1",9606,0.613,0,0,0,0.378,0.106,0,0.361
"9606.ENSP00000264335","9606.ENSP00000296511","YWHAE","ANXA5",9606,0.627,0,0,0,0.518,0.075,0,0.231
"9606.ENSP00000264335","9606.ENSP00000437125","YWHAE","HSPA8",9606,0.662,0,0,0,0.306,0.22,0,0.427
"9606.ENSP00000264335","9606.ENSP00000494750","YWHAE","ACTB",9606,0.669,0,0,0,0.295,0.336,0,0.351
"9606.ENSP00000264335","9606.ENSP00000349168","YWHAE","HNRNPH1",9606,0.696,0,0,0,0.402,0.457,0,0.141
"9606.ENSP00000264335","9606.ENSP00000369538","YWHAE","GDI2",9606,0.728,0,0,0,0.314,0,0.5,0.273
"9606.ENSP00000264335","9606.ENSP00000300093","YWHAE","PLK1",9606,0.849,0,0,0,0.075,0.137,0.8,0.167
"9606.ENSP00000264335","9606.ENSP00000380070","YWHAE","GAPDH",9606,0.88,0,0,0,0.485,0.645,0,0.399
"9606.ENSP00000264335","9606.ENSP00000269305","YWHAE","TP53",9606,0.939,0,0,0,0.214,0.791,0.5,0.347
"9606.ENSP00000264335","9606.ENSP00000355506","YWHAE","EXO1",9606,0.959,0,0,0,0.066,0.957,0,0.074
"9606.ENSP00000264515","9606.ENSP00000438483","RBBP5","KPNA2",9606,0.465,0,0,0,0.061,0.45,0,0.048
"9606.ENSP00000264515","9606.ENSP00000357643","RBBP5","MKI67",9606,0.472,0,0,0,0.07,0.456,0,0
"9606.ENSP00000264515","9606.ENSP00000332293","RBBP5","ASCL2",9606,0.491,0,0,0,0,0.457,0,0.102
"9606.ENSP00000264515","9606.ENSP00000394331","RBBP5","COMMD5",9606,0.517,0,0,0,0.075,0,0.5,0
"9606.ENSP00000264515","9606.ENSP00000354394","RBBP5","STAT1",9606,0.526,0,0,0,0.062,0,0.5,0.071
"9606.ENSP00000264515","9606.ENSP00000483236","RBBP5","DCAF7",9606,0.526,0,0,0,0.092,0,0.5,0
"9606.ENSP00000264515","9606.ENSP00000442318","RBBP5","CAND1",9606,0.527,0,0,0,0.094,0,0.5,0
"9606.ENSP00000264515","9606.ENSP00000355958","RBBP5","DTL",9606,0.574,0,0,0,0.072,0,0.5,0.157
"9606.ENSP00000264515","9606.ENSP00000320147","RBBP5","EZH2",9606,0.741,0,0,0,0,0,0.5,0.504
"9606.ENSP00000264515","9606.ENSP00000301764","RBBP5","DDB1",9606,0.75,0,0,0,0.075,0.374,0.5,0.24
"9606.ENSP00000264515","9606.ENSP00000362592","RBBP5","RBBP4",9606,0.756,0,0,0,0.078,0.122,0.5,0.47
"9606.ENSP00000264515","9606.ENSP00000366679","RBBP5","H2AC12",9606,0.8,0,0,0,0,0.8,0,0
"9606.ENSP00000264515","9606.ENSP00000296417","RBBP5","H2AZ1",9606,0.843,0,0,0,0,0.776,0,0.331
"9606.ENSP00000264515","9606.ENSP00000328484","RBBP5","H2AC14",9606,0.895,0,0,0,0,0.8,0.5,0
"9606.ENSP00000264515","9606.ENSP00000367034","RBBP5","H4C3",9606,0.902,0,0,0,0,0.9,0,0.068
"9606.ENSP00000264515","9606.ENSP00000332194","RBBP5","H2AC20",9606,0.926,0,0,0,0,0.8,0.5,0.323
"9606.ENSP00000264515","9606.ENSP00000362824","RBBP5","OGT",9606,0.946,0,0,0,0.075,0.929,0,0.248
"9606.ENSP00000264515","9606.ENSP00000483903","RBBP5","H2BC15",9606,0.954,0,0,0,0,0.9,0.5,0.16
"9606.ENSP00000264515","9606.ENSP00000349430","RBBP5","H2BC12",9606,0.955,0,0,0,0.061,0.9,0.5,0.171
"9606.ENSP00000264515","9606.ENSP00000269305","RBBP5","TP53",9606,0.985,0,0,0,0.07,0.98,0,0.29
"9606.ENSP00000264538","9606.ENSP00000287600","IFT57","PDE6D",9606,0.422,0,0,0,0.064,0,0,0.408
"9606.ENSP00000264538","9606.ENSP00000380070","IFT57","GAPDH",9606,0.442,0,0,0,0,0,0,0.442
"9606.ENSP00000264538","9606.ENSP00000384290","IFT57","WDR60",9606,0.453,0,0,0,0.091,0,0,0.423
"9606.ENSP00000264538","9606.ENSP00000361800","IFT57","WDR34",9606,0.547,0,0,0,0.113,0,0,0.511
"9606.ENSP00000264538","9606.ENSP00000268383","IFT57","CDR2",9606,0.592,0,0,0,0,0.592,0,0
"9606.ENSP00000264538","9606.ENSP00000362424","IFT57","TRAF3IP1",9606,0.999,0,0,0,0.095,0.999,0.9,0.813
"9606.ENSP00000264538","9606.ENSP00000393541","IFT57","IFT27",9606,0.999,0,0,0,0.094,0.987,0.9,0.773
"9606.ENSP00000264596","9606.ENSP00000380241","NEIL3","NUDT1",9606,0.406,0,0,0,0.075,0,0,0.385
"9606.ENSP00000264596","9606.ENSP00000361540","NEIL3","CDC20",9606,0.409,0,0,0,0.327,0,0,0.159
"9606.ENSP00000264596","9606.ENSP00000300035","NEIL3","PCLAF",9606,0.421,0,0,0,0.343,0,0,0.155
"9606.ENSP00000264596","9606.ENSP00000355958","NEIL3","DTL",9606,0.427,0,0,0,0.427,0,0,0
"9606.ENSP00000264596","9606.ENSP00000415430","NEIL3","GTSE1",9606,0.43,0.099,0,0,0.224,0,0,0.251
"9606.ENSP00000264596","9606.ENSP00000306473","NEIL3","SHCBP1",9606,0.443,0,0,0,0.391,0,0,0.123
"9606.ENSP00000264596","9606.ENSP00000431376","NEIL3","TATDN3",9606,0.447,0,0,0,0,0,0,0.447
"9606.ENSP00000264596","9606.ENSP00000315644","NEIL3","TYMS",9606,0.451,0.211,0,0,0.212,0,0,0.189
"9606.ENSP00000264596","9606.ENSP00000353770","NEIL3","RRM2",9606,0.451,0,0,0,0.345,0,0,0.197
"9606.ENSP00000264596","9606.ENSP00000357643","NEIL3","MKI67",9606,0.461,0,0,0,0.439,0,0,0.08
"9606.ENSP00000264596","9606.ENSP00000356379","NEIL3","ASPM",9606,0.464,0,0,0,0.396,0,0,0.15
"9606.ENSP00000264596","9606.ENSP00000301633","NEIL3","BIRC5",9606,0.466,0,0,0,0.392,0,0,0.159
"9606.ENSP00000264596","9606.ENSP00000357308","NEIL3","CENPW",9606,0.471,0.111,0,0,0.28,0,0,0.241
"9606.ENSP00000264596","9606.ENSP00000378699","NEIL3","CDK1",9606,0.488,0,0,0,0.43,0,0,0.139
"9606.ENSP00000264596","9606.ENSP00000414109","NEIL3","HJURP",9606,0.489,0,0,0,0.442,0,0,0.123
"9606.ENSP00000264596","9606.ENSP00000336868","NEIL3","CENPA",9606,0.493,0,0,0,0.419,0,0,0.164
"9606.ENSP00000264596","9606.ENSP00000265036","NEIL3","DEPDC1B",9606,0.508,0,0,0,0.387,0,0,0.231
"9606.ENSP00000264596","9606.ENSP00000298048","NEIL3","MELK",9606,0.508,0,0,0,0.419,0,0,0.188
"9606.ENSP00000264596","9606.ENSP00000282074","NEIL3","SPC25",9606,0.516,0,0,0,0.516,0,0,0
"9606.ENSP00000264596","9606.ENSP00000328484","NEIL3","H2AC14",9606,0.517,0,0,0,0.075,0,0.5,0
"9606.ENSP00000264596","9606.ENSP00000349430","NEIL3","H2BC12",9606,0.517,0,0,0,0.075,0,0.5,0
"9606.ENSP00000264596","9606.ENSP00000483903","NEIL3","H2BC15",9606,0.517,0,0,0,0.074,0,0.5,0
"9606.ENSP00000264596","9606.ENSP00000499238","NEIL3","NUSAP1",9606,0.517,0,0,0,0.4,0,0,0.229
"9606.ENSP00000264596","9606.ENSP00000355966","NEIL3","NEK2",9606,0.532,0,0,0,0.444,0,0,0.193
"9606.ENSP00000264596","9606.ENSP00000332194","NEIL3","H2AC20",9606,0.534,0,0,0,0.075,0,0.5,0.075
"9606.ENSP00000264596","9606.ENSP00000361298","NEIL3","KIF2C",9606,0.541,0,0,0,0.51,0,0,0.103
"9606.ENSP00000264596","9606.ENSP00000418960","NEIL3","BRCA1",9606,0.544,0,0,0,0.265,0,0,0.406
"9606.ENSP00000264596","9606.ENSP00000493712","NEIL3","RAD51",9606,0.546,0.056,0,0,0.303,0,0,0.366
"9606.ENSP00000264596","9606.ENSP00000302530","NEIL3","BUB1",9606,0.56,0,0,0,0.461,0,0,0.218
"9606.ENSP00000264596","9606.ENSP00000405726","NEIL3","CDC45",9606,0.562,0,0,0,0.243,0,0,0.446
"9606.ENSP00000264596","9606.ENSP00000269305","NEIL3","TP53",9606,0.568,0,0,0,0.075,0.456,0,0.212
"9606.ENSP00000264596","9606.ENSP00000267415","NEIL3","TINF2",9606,0.576,0,0,0,0.075,0,0.5,0.158
"9606.ENSP00000264596","9606.ENSP00000418268","NEIL3","MCM10",9606,0.585,0,0,0,0.42,0,0,0.314
"9606.ENSP00000264596","9606.ENSP00000356319","NEIL3","KIF14",9606,0.588,0,0,0,0.52,0,0,0.177
"9606.ENSP00000264596","9606.ENSP00000285116","NEIL3","SKA1",9606,0.595,0,0,0,0.472,0,0,0.265
"9606.ENSP00000264596","9606.ENSP00000362146","NEIL3","CDCA8",9606,0.597,0,0,0,0.469,0,0,0.273
"9606.ENSP00000264596","9606.ENSP00000481380","NEIL3","CCNA2",9606,0.617,0,0,0,0.559,0,0,0.169
"9606.ENSP00000264596","9606.ENSP00000363524","NEIL3","KIF4A",9606,0.629,0,0,0,0.542,0,0,0.225
"9606.ENSP00000264596","9606.ENSP00000324020","NEIL3","KIF15",9606,0.666,0,0,0,0.612,0,0,0.175
"9606.ENSP00000264596","9606.ENSP00000355506","NEIL3","EXO1",9606,0.698,0.102,0,0,0.385,0,0,0.498
"9606.ENSP00000264596","9606.ENSP00000305480","NEIL3","FEN1",9606,0.742,0.102,0,0,0.207,0,0,0.667
"9606.ENSP00000264596","9606.ENSP00000411532","NEIL3","TOP2A",9606,0.872,0.057,0,0,0.369,0,0,0.803
"9606.ENSP00000264639","9606.ENSP00000361664","PSMD3","HIVEP3",9606,0.4,0,0,0,0,0,0.4,0
"9606.ENSP00000264639","9606.ENSP00000365435","PSMD3","TNFRSF1B",9606,0.4,0,0,0,0,0,0.4,0
"9606.ENSP00000264639","9606.ENSP00000429089","PSMD3","CCNE2",9606,0.4,0,0,0,0,0,0.4,0
"9606.ENSP00000264639","9606.ENSP00000415430","PSMD3","GTSE1",9606,0.41,0,0,0,0.058,0,0.4,0
"9606.ENSP00000264639","9606.ENSP00000360623","PSMD3","ORC1",9606,0.415,0,0,0,0.065,0,0.4,0
"9606.ENSP00000264639","9606.ENSP00000377536","PSMD3","PTTG1",9606,0.418,0,0,0,0.071,0,0.4,0
"9606.ENSP00000264639","9606.ENSP00000394331","PSMD3","COMMD5",9606,0.421,0,0,0,0.075,0,0.4,0
"9606.ENSP00000264639","9606.ENSP00000377958","PSMD3","CCT4",9606,0.43,0,0,0,0.393,0.054,0,0.088
"9606.ENSP00000264639","9606.ENSP00000300093","PSMD3","PLK1",9606,0.432,0,0,0,0.075,0,0.4,0.06
"9606.ENSP00000264639","9606.ENSP00000361540","PSMD3","CDC20",9606,0.442,0,0,0,0.075,0,0.4,0.076
"9606.ENSP00000264639","9606.ENSP00000311083","PSMD3","CKS1B",9606,0.449,0,0,0,0.07,0.092,0.4,0
"9606.ENSP00000264639","9606.ENSP00000481380","PSMD3","CCNA2",9606,0.451,0,0,0,0.101,0,0.4,0.064
"9606.ENSP00000264639","9606.ENSP00000348838","PSMD3","UBE2C",9606,0.452,0,0,0,0.07,0,0.4,0.097
"9606.ENSP00000264639","9606.ENSP00000398698","PSMD3","TNF",9606,0.455,0,0,0,0.086,0,0.4,0.087
"9606.ENSP00000264639","9606.ENSP00000271139","PSMD3","MOB3C",9606,0.457,0,0,0,0,0.457,0,0
"9606.ENSP00000264639","9606.ENSP00000280326","PSMD3","CCT5",9606,0.492,0,0,0,0.288,0.054,0,0.307
"9606.ENSP00000264639","9606.ENSP00000269305","PSMD3","TP53",9606,0.505,0,0,0,0.058,0,0.4,0.196
"9606.ENSP00000264639","9606.ENSP00000351314","PSMD3","PSMB10",9606,0.531,0,0,0,0.154,0,0,0.469
"9606.ENSP00000264639","9606.ENSP00000378699","PSMD3","CDK1",9606,0.539,0,0,0,0.071,0.169,0.4,0.124
"9606.ENSP00000264639","9606.ENSP00000377245","PSMD3","KEAP1",9606,0.562,0,0,0,0.105,0,0.5,0.101
"9606.ENSP00000264639","9606.ENSP00000367086","PSMD3","ACOT7",9606,0.584,0,0,0,0.075,0.566,0,0.049
"9606.ENSP00000264639","9606.ENSP00000462998","PSMD3","MIEN1",9606,0.607,0,0,0,0.388,0,0,0.385
"9606.ENSP00000264639","9606.ENSP00000380256","PSMD3","CCNF",9606,0.815,0,0,0,0.106,0.802,0,0
"9606.ENSP00000264639","9606.ENSP00000364016","PSMD3","PSMB8",9606,0.942,0,0,0,0.308,0.844,0,0.507
"9606.ENSP00000264639","9606.ENSP00000363993","PSMD3","PSMB9",9606,0.993,0,0,0,0.403,0.983,0,0.404
"9606.ENSP00000264639","9606.ENSP00000355325","PSMD3","PSMB5",9606,0.999,0,0,0,0.369,0.998,0.5,0.532
"9606.ENSP00000264639","9606.ENSP00000362334","PSMD3","PSMB2",9606,0.999,0,0,0,0.558,0.999,0.5,0.487
"9606.ENSP00000264639","9606.ENSP00000478877","PSMD3","ADRM1",9606,0.999,0,0,0,0.571,0.999,0.9,0.793
"9606.ENSP00000264645","9606.ENSP00000313007","CASC3","PABPC1",9606,0.472,0,0,0,0,0.211,0,0.359
"9606.ENSP00000264645","9606.ENSP00000271628","CASC3","SF3B4",9606,0.524,0,0,0,0.06,0,0.5,0.069
"9606.ENSP00000264645","9606.ENSP00000335321","CASC3","SF3B1",9606,0.526,0,0,0,0.071,0,0.5,0.063
"9606.ENSP00000264645","9606.ENSP00000452123","CASC3","SRSF5",9606,0.55,0,0,0,0.103,0.073,0.5,0.047
"9606.ENSP00000264645","9606.ENSP00000379181","CASC3","RAE1",9606,0.577,0,0,0,0.075,0,0.5,0.16
"9606.ENSP00000264645","9606.ENSP00000305790","CASC3","SF3B3",9606,0.604,0,0,0,0.174,0,0.5,0.119
"9606.ENSP00000264645","9606.ENSP00000325905","CASC3","SRSF7",9606,0.611,0,0,0,0.066,0.108,0.5,0.177
"9606.ENSP00000264645","9606.ENSP00000376276","CASC3","SRSF2",9606,0.675,0,0,0,0.109,0,0.5,0.331
"9606.ENSP00000264645","9606.ENSP00000416269","CASC3","DDX39B",9606,0.72,0,0,0,0.103,0,0.5,0.427
"9606.ENSP00000264645","9606.ENSP00000466718","CASC3","LSM12",9606,0.833,0,0,0,0.075,0.81,0,0.127
"9606.ENSP00000264645","9606.ENSP00000364448","CASC3","UPF3A",9606,0.999,0,0,0,0.075,0.999,0.9,0.663
"9606.ENSP00000264645","9606.ENSP00000497641","CASC3","EIF4A3",9606,0.999,0,0,0,0.075,0.999,0.9,0.959
"9606.ENSP00000264968","9606.ENSP00000332073","MGAT4A","MGAT1",9606,0.567,0,0,0,0,0,0,0.567
"9606.ENSP00000265036","9606.ENSP00000313050","DEPDC1B","NIPSNAP2",9606,0.405,0,0,0,0.05,0,0.4,0
"9606.ENSP00000265036","9606.ENSP00000413625","DEPDC1B","FNBP1",9606,0.408,0,0,0,0.053,0,0.4,0.042
"9606.ENSP00000265036","9606.ENSP00000357643","DEPDC1B","MKI67",9606,0.426,0,0,0,0.411,0,0,0.066
"9606.ENSP00000265036","9606.ENSP00000355506","DEPDC1B","EXO1",9606,0.427,0,0,0,0.392,0.046,0,0.093
"9606.ENSP00000265036","9606.ENSP00000288207","DEPDC1B","CCNB2",9606,0.43,0,0,0,0.34,0,0,0.172
"9606.ENSP00000265036","9606.ENSP00000444408","DEPDC1B","SLC1A5",9606,0.431,0,0,0,0.078,0,0.4,0.055
"9606.ENSP00000265036","9606.ENSP00000363055","DEPDC1B","ZWINT",9606,0.439,0,0,0,0.365,0,0,0.154
"9606.ENSP00000265036","9606.ENSP00000306999","DEPDC1B","ESCO2",9606,0.442,0,0,0,0.375,0,0,0.145
"9606.ENSP00000265036","9606.ENSP00000300093","DEPDC1B","PLK1",9606,0.446,0,0,0,0.362,0.046,0,0.164
"9606.ENSP00000265036","9606.ENSP00000415430","DEPDC1B","GTSE1",9606,0.448,0,0,0,0.328,0,0,0.213
"9606.ENSP00000265036","9606.ENSP00000306968","DEPDC1B","CDCA7",9606,0.451,0,0,0,0.309,0,0,0.239
"9606.ENSP00000265036","9606.ENSP00000353770","DEPDC1B","RRM2",9606,0.463,0,0,0,0.363,0,0,0.192
"9606.ENSP00000265036","9606.ENSP00000361540","DEPDC1B","CDC20",9606,0.473,0.044,0,0,0.376,0,0,0.189
"9606.ENSP00000265036","9606.ENSP00000285116","DEPDC1B","SKA1",9606,0.501,0,0,0,0.416,0,0,0.182
"9606.ENSP00000265036","9606.ENSP00000348838","DEPDC1B","UBE2C",9606,0.516,0,0,0,0.441,0,0,0.171
"9606.ENSP00000265036","9606.ENSP00000479617","DEPDC1B","UHRF1",9606,0.516,0,0,0,0.435,0,0,0.179
"9606.ENSP00000265036","9606.ENSP00000306473","DEPDC1B","SHCBP1",9606,0.522,0,0,0,0.359,0,0,0.286
"9606.ENSP00000265036","9606.ENSP00000362146","DEPDC1B","CDCA8",9606,0.527,0,0,0,0.5,0,0,0.094
"9606.ENSP00000265036","9606.ENSP00000275517","DEPDC1B","CDCA5",9606,0.549,0,0,0,0.512,0,0,0.114
"9606.ENSP00000265036","9606.ENSP00000442068","DEPDC1B","CDCA3",9606,0.553,0,0,0,0.504,0,0,0.137
"9606.ENSP00000265036","9606.ENSP00000414109","DEPDC1B","HJURP",9606,0.569,0,0,0,0.502,0,0,0.171
"9606.ENSP00000265036","9606.ENSP00000363524","DEPDC1B","KIF4A",9606,0.572,0,0,0,0.498,0,0,0.184
"9606.ENSP00000265036","9606.ENSP00000411532","DEPDC1B","TOP2A",9606,0.586,0,0,0,0.517,0,0,0.178
"9606.ENSP00000265036","9606.ENSP00000499238","DEPDC1B","NUSAP1",9606,0.603,0,0,0,0.521,0,0,0.207
"9606.ENSP00000265036","9606.ENSP00000282074","DEPDC1B","SPC25",9606,0.619,0,0,0,0.595,0,0,0.1
"9606.ENSP00000265036","9606.ENSP00000361298","DEPDC1B","KIF2C",9606,0.621,0,0,0,0.58,0,0,0.135
"9606.ENSP00000265036","9606.ENSP00000300403","DEPDC1B","TPX2",9606,0.625,0,0,0,0.586,0,0,0.132
"9606.ENSP00000265036","9606.ENSP00000356379","DEPDC1B","ASPM",9606,0.632,0,0,0,0.522,0,0,0.263
"9606.ENSP00000265036","9606.ENSP00000336868","DEPDC1B","CENPA",9606,0.637,0,0,0,0.61,0,0,0.109
"9606.ENSP00000265036","9606.ENSP00000418268","DEPDC1B","MCM10",9606,0.657,0,0,0,0.56,0,0,0.253
"9606.ENSP00000265036","9606.ENSP00000298048","DEPDC1B","MELK",9606,0.665,0,0,0,0.618,0,0,0.159
"9606.ENSP00000265036","9606.ENSP00000302530","DEPDC1B","BUB1",9606,0.681,0,0,0,0.612,0,0,0.212
"9606.ENSP00000265036","9606.ENSP00000481380","DEPDC1B","CCNA2",9606,0.689,0,0,0,0.653,0,0,0.141
"9606.ENSP00000265036","9606.ENSP00000328228","DEPDC1B","CDCA2",9606,0.725,0,0,0,0.665,0,0,0.215
"9606.ENSP00000265036","9606.ENSP00000355966","DEPDC1B","NEK2",9606,0.725,0,0,0,0.679,0,0,0.179
"9606.ENSP00000265036","9606.ENSP00000378699","DEPDC1B","CDK1",9606,0.732,0,0,0,0.679,0,0,0.2
"9606.ENSP00000265036","9606.ENSP00000301633","DEPDC1B","BIRC5",9606,0.755,0,0,0,0.474,0.457,0,0.214
"9606.ENSP00000265036","9606.ENSP00000356319","DEPDC1B","KIF14",9606,0.78,0,0,0,0.683,0,0,0.337
"9606.ENSP00000265036","9606.ENSP00000324020","DEPDC1B","KIF15",9606,0.799,0,0,0,0.747,0,0,0.24
"9606.ENSP00000265070","9606.ENSP00000483185","GOLPH3","AP2B1",9606,0.45,0,0,0,0.076,0,0,0.43
"9606.ENSP00000265070","9606.ENSP00000380070","GOLPH3","GAPDH",9606,0.454,0,0,0,0.064,0.078,0,0.419
"9606.ENSP00000265070","9606.ENSP00000494750","GOLPH3","ACTB",9606,0.454,0,0,0,0.094,0.077,0,0.4
"9606.ENSP00000265070","9606.ENSP00000380256","GOLPH3","CCNF",9606,0.457,0,0,0,0,0.457,0,0
"9606.ENSP00000265070","9606.ENSP00000332073","GOLPH3","MGAT1",9606,0.459,0,0,0,0.075,0,0,0.44
"9606.ENSP00000265070","9606.ENSP00000356319","GOLPH3","KIF14",9606,0.484,0,0,0,0,0.457,0,0.09
"9606.ENSP00000265070","9606.ENSP00000420443","GOLPH3","CNIH4",9606,0.501,0,0,0,0.078,0,0,0.481
"9606.ENSP00000265070","9606.ENSP00000463393","GOLPH3","SEC22B",9606,0.6,0,0,0,0.075,0.096,0,0.561
"9606.ENSP00000265070","9606.ENSP00000310226","GOLPH3","RAB1B",9606,0.637,0,0,0,0.112,0.374,0,0.4
"9606.ENSP00000265070","9606.ENSP00000339813","GOLPH3","TPST2",9606,0.651,0,0,0,0.075,0.571,0,0.192
"9606.ENSP00000265070","9606.ENSP00000299138","GOLPH3","VPS35",9606,0.689,0,0,0,0.123,0.478,0,0.376
"9606.ENSP00000265070","9606.ENSP00000449270","GOLPH3","COPZ1",9606,0.699,0,0,0,0.093,0.457,0,0.438
"9606.ENSP00000265070","9606.ENSP00000350949","GOLPH3","GMPPA",9606,0.996,0,0,0,0.075,0.996,0,0.072
"9606.ENSP00000265080","9606.ENSP00000309245","RASGRF2","LRRC7",9606,0.469,0,0,0,0.125,0,0.4,0.071
"9606.ENSP00000265080","9606.ENSP00000305260","RASGRF2","GNB2",9606,0.651,0,0,0,0,0,0.65,0.046
"9606.ENSP00000265080","9606.ENSP00000334448","RASGRF2","GNG2",9606,0.676,0,0,0,0.078,0,0.65,0.079
"9606.ENSP00000265080","9606.ENSP00000371594","RASGRF2","GNG7",9606,0.696,0,0,0,0.101,0,0.65,0.112
"9606.ENSP00000265395","9606.ENSP00000362166","HIBADH","MEAF6",9606,0.401,0,0,0,0,0.323,0,0.152
"9606.ENSP00000265395","9606.ENSP00000371253","HIBADH","GART",9606,0.404,0.11,0,0,0,0,0,0.358
"9606.ENSP00000265395","9606.ENSP00000356319","HIBADH","KIF14",9606,0.481,0,0,0,0.062,0.457,0,0.064
"9606.ENSP00000265395","9606.ENSP00000443459","HIBADH","BCAT1",9606,0.538,0,0,0,0.068,0.11,0,0.488
"9606.ENSP00000265866","9606.ENSP00000377958","HNRNPH3","CCT4",9606,0.462,0,0,0,0.347,0.045,0,0.207
"9606.ENSP00000265866","9606.ENSP00000452123","HNRNPH3","SRSF5",9606,0.474,0,0,0,0.199,0,0,0.371
"9606.ENSP00000265866","9606.ENSP00000496842","HNRNPH3","PNISR",9606,0.475,0,0,0,0.272,0,0,0.309
"9606.ENSP00000265866","9606.ENSP00000335321","HNRNPH3","SF3B1",9606,0.483,0,0,0,0.241,0.236,0,0.181
"9606.ENSP00000265866","9606.ENSP00000356319","HNRNPH3","KIF14",9606,0.486,0,0,0,0.093,0.457,0,0
"9606.ENSP00000265866","9606.ENSP00000497641","HNRNPH3","EIF4A3",9606,0.496,0,0,0,0.417,0,0,0.172
"9606.ENSP00000265866","9606.ENSP00000479904","HNRNPH3","ZMYM2",9606,0.507,0,0,0,0.1,0.456,0,0.074
"9606.ENSP00000265866","9606.ENSP00000410769","HNRNPH3","CNBP",9606,0.522,0,0,0,0.245,0.191,0,0.281
"9606.ENSP00000265866","9606.ENSP00000296702","HNRNPH3","TCERG1",9606,0.531,0,0,0,0.169,0,0,0.459
"9606.ENSP00000265866","9606.ENSP00000280326","HNRNPH3","CCT5",9606,0.541,0,0,0,0.466,0.046,0,0.172
"9606.ENSP00000265866","9606.ENSP00000358089","HNRNPH3","TIAL1",9606,0.577,0,0,0,0.302,0.073,0,0.399
"9606.ENSP00000265866","9606.ENSP00000376276","HNRNPH3","SRSF2",9606,0.577,0,0,0,0.288,0.049,0,0.426
"9606.ENSP00000265866","9606.ENSP00000325905","HNRNPH3","SRSF7",9606,0.705,0,0,0,0.502,0,0,0.432
"9606.ENSP00000265866","9606.ENSP00000416269","HNRNPH3","DDX39B",9606,0.719,0,0,0,0.677,0,0,0.166
"9606.ENSP00000265866","9606.ENSP00000425031","HNRNPH3","HNRNPAB",9606,0.731,0,0,0,0.426,0,0,0.552
"9606.ENSP00000265866","9606.ENSP00000380256","HNRNPH3","CCNF",9606,0.802,0,0,0,0,0.802,0,0
"9606.ENSP00000265866","9606.ENSP00000316042","HNRNPH3","HNRNPA0",9606,0.953,0,0,0,0.574,0.799,0,0.497
"9606.ENSP00000265866","9606.ENSP00000483254","HNRNPH3","HNRNPDL",9606,0.991,0,0,0,0.584,0.95,0,0.627
"9606.ENSP00000265866","9606.ENSP00000349168","HNRNPH3","HNRNPH1",9606,0.999,0,0,0.062,0.679,0.999,0,0.101
"9606.ENSP00000265981","9606.ENSP00000295704","RNF141","RNF25",9606,0.435,0,0,0,0,0,0,0.435
"9606.ENSP00000265990","9606.ENSP00000387007","BTAF1","NCAPG2",9606,0.439,0,0,0,0.095,0,0,0.406
"9606.ENSP00000265990","9606.ENSP00000497641","BTAF1","EIF4A3",9606,0.508,0,0,0,0.073,0.492,0,0
"9606.ENSP00000265990","9606.ENSP00000439479","BTAF1","DMXL1",9606,0.58,0,0,0,0.33,0,0,0.4
"9606.ENSP00000265990","9606.ENSP00000496842","BTAF1","PNISR",9606,0.588,0,0,0,0.224,0.179,0,0.406
"9606.ENSP00000266126","9606.ENSP00000358812","EIF2B2","PDCD11",9606,0.426,0.114,0,0,0.379,0,0,0
"9606.ENSP00000266126","9606.ENSP00000308193","EIF2B2","RNASEH2C",9606,0.429,0,0,0,0.07,0,0,0.412
"9606.ENSP00000266126","9606.ENSP00000379038","EIF2B2","TYMP",9606,0.595,0.115,0,0,0,0,0.493,0.17
"9606.ENSP00000266126","9606.ENSP00000495530","EIF2B2","ENO1",9606,0.637,0,0,0,0.092,0.617,0,0
"9606.ENSP00000266126","9606.ENSP00000438399","EIF2B2","IST1",9606,0.818,0,0,0,0,0.818,0,0
"9606.ENSP00000266126","9606.ENSP00000482753","EIF2B2","C9orf72",9606,0.978,0,0,0,0,0.923,0.72,0.069
"9606.ENSP00000266126","9606.ENSP00000429323","EIF2B2","EIF2B4",9606,0.999,0,0,0.172,0.321,0.999,0.9,0.651
"9606.ENSP00000266771","9606.ENSP00000325548","SLC15A4","CNDP2",9606,0.402,0,0,0,0,0,0,0.402
"9606.ENSP00000266771","9606.ENSP00000272542","SLC15A4","SLC20A1",9606,0.517,0,0,0,0.074,0,0,0.5
"9606.ENSP00000266771","9606.ENSP00000444408","SLC15A4","SLC1A5",9606,0.553,0,0,0,0,0.456,0,0.213
"9606.ENSP00000266771","9606.ENSP00000449756","SLC15A4","SLC38A1",9606,0.57,0,0,0,0,0.408,0,0.304
"9606.ENSP00000267082","9606.ENSP00000428924","ITGB7","LYN",9606,0.42,0,0,0,0.075,0,0.36,0.1
"9606.ENSP00000267082","9606.ENSP00000357022","ITGB7","SLAMF7",9606,0.438,0,0,0,0.196,0.046,0,0.327
"9606.ENSP00000267082","9606.ENSP00000274306","ITGB7","GZMA",9606,0.556,0,0,0,0.167,0,0,0.489
"9606.ENSP00000267082","9606.ENSP00000458162","ITGB7","ACTG1",9606,0.907,0,0,0,0,0.068,0.9,0.092
"9606.ENSP00000267082","9606.ENSP00000494750","ITGB7","ACTB",9606,0.919,0,0,0,0.06,0.068,0.9,0.193
"9606.ENSP00000267082","9606.ENSP00000496959","ITGB7","ITGAM",9606,0.947,0,0,0,0.244,0,0.9,0.367
"9606.ENSP00000267415","9606.ENSP00000309749","TINF2","APOBEC3F",9606,0.415,0,0,0,0,0.415,0,0
"9606.ENSP00000267415","9606.ENSP00000349161","TINF2","ZNF790",9606,0.415,0,0,0,0,0.415,0,0
"9606.ENSP00000267415","9606.ENSP00000367086","TINF2","ACOT7",9606,0.415,0,0,0,0,0.415,0,0
"9606.ENSP00000267415","9606.ENSP00000367910","TINF2","FANCG",9606,0.421,0,0,0,0.107,0,0,0.379
"9606.ENSP00000267415","9606.ENSP00000481380","TINF2","CCNA2",9606,0.428,0,0,0,0,0,0.4,0.086
"9606.ENSP00000267415","9606.ENSP00000325240","TINF2","LASP1",9606,0.432,0,0,0,0.07,0.415,0,0
"9606.ENSP00000267415","9606.ENSP00000358939","TINF2","SARS1",9606,0.432,0,0,0,0.07,0.415,0,0
"9606.ENSP00000267415","9606.ENSP00000341289","TINF2","TUBB4B",9606,0.444,0,0,0,0.063,0.431,0,0
"9606.ENSP00000267415","9606.ENSP00000269305","TINF2","TP53",9606,0.445,0,0,0,0,0,0,0.445
"9606.ENSP00000267415","9606.ENSP00000377833","TINF2","ANXA4",9606,0.456,0,0,0,0,0.456,0,0
"9606.ENSP00000267415","9606.ENSP00000484580","TINF2","PPP1R2",9606,0.456,0,0,0,0,0.456,0,0
"9606.ENSP00000267415","9606.ENSP00000361965","TINF2","ADA",9606,0.474,0,0,0,0.071,0.415,0,0.111
"9606.ENSP00000267415","9606.ENSP00000339001","TINF2","TUBB",9606,0.486,0,0,0,0.069,0.471,0,0
"9606.ENSP00000267415","9606.ENSP00000328484","TINF2","H2AC14",9606,0.5,0,0,0,0,0,0.5,0
"9606.ENSP00000267415","9606.ENSP00000483903","TINF2","H2BC15",9606,0.502,0,0,0,0,0.046,0.5,0
"9606.ENSP00000267415","9606.ENSP00000296511","TINF2","ANXA5",9606,0.508,0,0,0,0.086,0.456,0,0.091
"9606.ENSP00000267415","9606.ENSP00000349430","TINF2","H2BC12",9606,0.52,0,0,0,0.075,0.046,0.5,0
"9606.ENSP00000267415","9606.ENSP00000494750","TINF2","ACTB",9606,0.563,0,0,0,0.06,0.47,0,0.195
"9606.ENSP00000267415","9606.ENSP00000332194","TINF2","H2AC20",9606,0.572,0,0,0,0,0,0.5,0.18
"9606.ENSP00000267415","9606.ENSP00000305480","TINF2","FEN1",9606,0.573,0,0,0,0.059,0,0.4,0.306
"9606.ENSP00000267415","9606.ENSP00000380070","TINF2","GAPDH",9606,0.58,0,0,0,0,0.457,0,0.259
"9606.ENSP00000267415","9606.ENSP00000418960","TINF2","BRCA1",9606,0.957,0,0,0,0,0.888,0.5,0.307
"9606.ENSP00000267460","9606.ENSP00000316176","PELI2","UBE2N",9606,0.726,0,0,0,0,0,0.5,0.475
"9606.ENSP00000267460","9606.ENSP00000380256","PELI2","CCNF",9606,0.804,0,0,0,0,0.802,0,0.052
"9606.ENSP00000267615","9606.ENSP00000269305","ITPK1","TP53",9606,0.503,0,0,0,0,0.457,0,0.124
"9606.ENSP00000268383","9606.ENSP00000361540","CDR2","CDC20",9606,0.486,0,0,0,0.069,0.457,0,0.066
"9606.ENSP00000268655","9606.ENSP00000479904","ZNF174","ZMYM2",9606,0.552,0,0,0,0,0.552,0,0
"9606.ENSP00000268797","9606.ENSP00000316512","GFOD2","TLK2",9606,0.454,0,0,0,0.069,0,0,0.438
"9606.ENSP00000268797","9606.ENSP00000360268","GFOD2","ALDH18A1",9606,0.557,0.074,0,0,0,0.501,0,0.12
"9606.ENSP00000268802","9606.ENSP00000398882","NOB1","DOHH",9606,0.409,0,0,0,0.409,0,0,0
"9606.ENSP00000268802","9606.ENSP00000319788","NOB1","NQO1",9606,0.415,0,0.191,0,0.075,0,0,0.282
"9606.ENSP00000268802","9606.ENSP00000497641","NOB1","EIF4A3",9606,0.42,0,0,0,0.384,0.076,0,0.063
"9606.ENSP00000268802","9606.ENSP00000362027","NOB1","TRMT2B",9606,0.496,0,0,0,0.456,0,0,0.113
"9606.ENSP00000268802","9606.ENSP00000393566","NOB1","HLA-DPA1",9606,0.527,0,0,0,0,0.527,0,0
"9606.ENSP00000268802","9606.ENSP00000350698","NOB1","DDX47",9606,0.673,0,0,0,0.523,0.076,0,0.319
"9606.ENSP00000268802","9606.ENSP00000470560","NOB1","EMG1",9606,0.681,0,0,0,0.455,0,0,0.439
"9606.ENSP00000268802","9606.ENSP00000326981","NOB1","IMP3",9606,0.755,0,0,0,0.686,0.061,0,0.236
"9606.ENSP00000268802","9606.ENSP00000358812","NOB1","PDCD11",9606,0.904,0,0,0,0.703,0.131,0,0.661
"9606.ENSP00000268802","9606.ENSP00000328854","NOB1","NOC4L",9606,0.961,0,0,0,0.858,0.098,0.54,0.428
"9606.ENSP00000269305","9606.ENSP00000269576","TP53","KRT10",9606,0.4,0,0,0,0,0.108,0,0.356
"9606.ENSP00000269305","9606.ENSP00000371253","TP53","GART",9606,0.409,0,0,0,0.082,0.124,0,0.325
"9606.ENSP00000269305","9606.ENSP00000356920","TP53","DUSP12",9606,0.418,0,0,0,0,0,0,0.418
"9606.ENSP00000269305","9606.ENSP00000447730","TP53","CD63",9606,0.419,0,0,0,0,0,0,0.419
"9606.ENSP00000269305","9606.ENSP00000479904","TP53","ZMYM2",9606,0.422,0,0,0,0,0.321,0,0.185
"9606.ENSP00000269305","9606.ENSP00000484390","TP53","DAPK2",9606,0.424,0,0,0,0.047,0,0,0.421
"9606.ENSP00000269305","9606.ENSP00000298048","TP53","MELK",9606,0.435,0,0,0,0.075,0.125,0,0.359
"9606.ENSP00000269305","9606.ENSP00000356379","TP53","ASPM",9606,0.438,0,0,0,0.075,0.176,0,0.323
"9606.ENSP00000269305","9606.ENSP00000398568","TP53","PRF1",9606,0.439,0,0,0,0,0,0,0.439
"9606.ENSP00000269305","9606.ENSP00000305372","TP53","ADRB2",9606,0.44,0,0,0,0.046,0,0,0.438
"9606.ENSP00000269305","9606.ENSP00000316042","TP53","HNRNPA0",9606,0.44,0,0,0,0.075,0.312,0,0.192
"9606.ENSP00000269305","9606.ENSP00000495530","TP53","ENO1",9606,0.447,0,0,0,0.075,0,0,0.427
"9606.ENSP00000269305","9606.ENSP00000300738","TP53","RRM1",9606,0.457,0,0,0,0.075,0,0,0.438
"9606.ENSP00000269305","9606.ENSP00000361298","TP53","KIF2C",9606,0.461,0,0,0,0.075,0.209,0,0.323
"9606.ENSP00000269305","9606.ENSP00000328137","TP53","MT1E",9606,0.47,0,0,0,0,0,0,0.47
"9606.ENSP00000269305","9606.ENSP00000468425","TP53","TK1",9606,0.473,0,0,0,0.075,0.184,0,0.359
"9606.ENSP00000269305","9606.ENSP00000298097","TP53","FBXO33",9606,0.476,0,0,0,0,0.457,0,0.076
"9606.ENSP00000269305","9606.ENSP00000311083","TP53","CKS1B",9606,0.477,0,0,0,0.075,0.069,0,0.442
"9606.ENSP00000269305","9606.ENSP00000365944","TP53","FBXO6",9606,0.48,0,0,0,0,0,0.4,0.17
"9606.ENSP00000269305","9606.ENSP00000362334","TP53","PSMB2",9606,0.481,0,0,0,0,0,0.4,0.172
"9606.ENSP00000269305","9606.ENSP00000328484","TP53","H2AC14",9606,0.485,0,0,0,0,0.473,0,0.064
"9606.ENSP00000269305","9606.ENSP00000366330","TP53","KLF9",9606,0.495,0,0,0,0,0.35,0,0.255
"9606.ENSP00000269305","9606.ENSP00000474412","TP53","CCL5",9606,0.499,0,0,0,0,0,0,0.499
"9606.ENSP00000269305","9606.ENSP00000317473","TP53","RABGGTB",9606,0.5,0,0,0,0,0,0.5,0
"9606.ENSP00000269305","9606.ENSP00000496959","TP53","ITGAM",9606,0.5,0,0,0,0,0,0,0.5
"9606.ENSP00000269305","9606.ENSP00000330074","TP53","H1-5",9606,0.501,0,0,0,0,0,0.4,0.203
"9606.ENSP00000269305","9606.ENSP00000444408","TP53","SLC1A5",9606,0.502,0,0,0,0.082,0.124,0,0.431
"9606.ENSP00000269305","9606.ENSP00000296444","TP53","SHISA5",9606,0.505,0,0,0,0.059,0,0,0.496
"9606.ENSP00000269305","9606.ENSP00000312995","TP53","CLSPN",9606,0.507,0,0,0,0.075,0.088,0,0.463
"9606.ENSP00000269305","9606.ENSP00000305480","TP53","FEN1",9606,0.511,0,0,0,0.075,0,0,0.494
"9606.ENSP00000269305","9606.ENSP00000348838","TP53","UBE2C",9606,0.513,0,0,0,0.075,0.209,0,0.388
"9606.ENSP00000269305","9606.ENSP00000346483","TP53","DDRGK1",9606,0.514,0,0,0,0,0.456,0,0.145
"9606.ENSP00000269305","9606.ENSP00000468424","TP53","NMT1",9606,0.517,0,0,0,0,0.456,0,0.15
"9606.ENSP00000269305","9606.ENSP00000373489","TP53","KRT18",9606,0.521,0,0,0,0,0,0,0.521
"9606.ENSP00000269305","9606.ENSP00000471896","TP53","IRF3",9606,0.521,0,0,0,0.075,0,0,0.504
"9606.ENSP00000269305","9606.ENSP00000478877","TP53","ADRM1",9606,0.522,0,0,0,0,0,0.4,0.237
"9606.ENSP00000269305","9606.ENSP00000433760","TP53","BANF1",9606,0.523,0,0,0,0.199,0,0,0.43
"9606.ENSP00000269305","9606.ENSP00000483185","TP53","AP2B1",9606,0.528,0,0,0,0.06,0.456,0,0.152
"9606.ENSP00000269305","9606.ENSP00000362010","TP53","ANXA7",9606,0.534,0,0,0,0,0.378,0,0.282
"9606.ENSP00000269305","9606.ENSP00000314508","TP53","GBA",9606,0.537,0,0,0,0,0,0.4,0.26
"9606.ENSP00000269305","9606.ENSP00000355325","TP53","PSMB5",9606,0.537,0,0,0,0,0,0.4,0.261
"9606.ENSP00000269305","9606.ENSP00000312002","TP53","HAVCR2",9606,0.538,0,0,0,0.088,0,0,0.515
"9606.ENSP00000269305","9606.ENSP00000483236","TP53","DCAF7",9606,0.539,0,0,0,0.081,0.131,0.4,0.152
"9606.ENSP00000269305","9606.ENSP00000280154","TP53","PDCD4",9606,0.55,0,0,0,0.061,0,0,0.541
"9606.ENSP00000269305","9606.ENSP00000279387","TP53","PPP4C",9606,0.56,0,0,0,0.075,0.456,0,0.197
"9606.ENSP00000269305","9606.ENSP00000497402","TP53","RCC1",9606,0.564,0,0,0,0.113,0.166,0,0.459
"9606.ENSP00000269305","9606.ENSP00000332194","TP53","H2AC20",9606,0.57,0,0,0,0,0,0,0.57
"9606.ENSP00000269305","9606.ENSP00000355966","TP53","NEK2",9606,0.57,0,0,0,0.075,0.3,0,0.39
"9606.ENSP00000269305","9606.ENSP00000343966","TP53","PSPC1",9606,0.573,0,0,0,0.06,0.464,0,0.221
"9606.ENSP00000269305","9606.ENSP00000362166","TP53","MEAF6",9606,0.581,0,0,0,0,0,0.5,0.198
"9606.ENSP00000269305","9606.ENSP00000487174","TP53","ZEB2",9606,0.583,0,0,0,0,0.069,0,0.571
"9606.ENSP00000269305","9606.ENSP00000380855","TP53","PDCD1LG2",9606,0.585,0,0,0,0.065,0,0,0.575
"9606.ENSP00000269305","9606.ENSP00000361540","TP53","CDC20",9606,0.594,0,0,0,0.076,0.108,0,0.547
"9606.ENSP00000269305","9606.ENSP00000286692","TP53","DRAM2",9606,0.602,0,0,0,0,0.297,0,0.458
"9606.ENSP00000269305","9606.ENSP00000365380","TP53","FOXP3",9606,0.607,0,0,0,0,0.125,0,0.57
"9606.ENSP00000269305","9606.ENSP00000317872","TP53","RBBP6",9606,0.611,0,0,0,0,0.457,0,0.314
"9606.ENSP00000269305","9606.ENSP00000380256","TP53","CCNF",9606,0.616,0,0,0,0.075,0.457,0,0.297
"9606.ENSP00000269305","9606.ENSP00000362824","TP53","OGT",9606,0.629,0,0,0,0,0.502,0,0.286
"9606.ENSP00000269305","9606.ENSP00000288207","TP53","CCNB2",9606,0.633,0,0,0,0.077,0.279,0,0.494
"9606.ENSP00000269305","9606.ENSP00000435210","TP53","BCLAF1",9606,0.634,0,0,0,0.044,0.456,0,0.353
"9606.ENSP00000269305","9606.ENSP00000480987","TP53","MCM3",9606,0.636,0,0,0,0.083,0.407,0,0.386
"9606.ENSP00000269305","9606.ENSP00000348099","TP53","PDLIM7",9606,0.639,0,0,0,0.065,0.457,0,0.347
"9606.ENSP00000269305","9606.ENSP00000341289","TP53","TUBB4B",9606,0.667,0,0,0,0,0.603,0,0.198
"9606.ENSP00000269305","9606.ENSP00000313007","TP53","PABPC1",9606,0.672,0,0,0,0.075,0.5,0,0.349
"9606.ENSP00000269305","9606.ENSP00000469880","TP53","VRK3",9606,0.672,0,0,0,0.062,0.609,0,0.18
"9606.ENSP00000269305","9606.ENSP00000355506","TP53","EXO1",9606,0.677,0,0,0,0.075,0,0.4,0.466
"9606.ENSP00000269305","9606.ENSP00000360316","TP53","DHCR24",9606,0.697,0,0,0,0,0.609,0,0.259
"9606.ENSP00000269305","9606.ENSP00000410452","TP53","STMN1",9606,0.698,0,0,0,0,0.456,0,0.468
"9606.ENSP00000269305","9606.ENSP00000363055","TP53","ZWINT",9606,0.701,0,0,0,0.079,0.626,0,0.204
"9606.ENSP00000269305","9606.ENSP00000428924","TP53","LYN",9606,0.701,0,0,0,0,0.457,0,0.473
"9606.ENSP00000269305","9606.ENSP00000335321","TP53","SF3B1",9606,0.712,0,0,0,0,0.597,0,0.315
"9606.ENSP00000269305","9606.ENSP00000315644","TP53","TYMS",9606,0.714,0,0,0,0.075,0.283,0,0.604
"9606.ENSP00000269305","9606.ENSP00000397552","TP53","ACTL6A",9606,0.714,0,0,0,0.078,0.523,0,0.404
"9606.ENSP00000269305","9606.ENSP00000362592","TP53","RBBP4",9606,0.722,0,0,0,0.066,0.187,0.5,0.355
"9606.ENSP00000269305","9606.ENSP00000396308","TP53","DHFR",9606,0.722,0,0,0,0.075,0.456,0,0.492
"9606.ENSP00000269305","9606.ENSP00000377245","TP53","KEAP1",9606,0.727,0,0,0,0.08,0,0,0.716
"9606.ENSP00000269305","9606.ENSP00000353770","TP53","RRM2",9606,0.731,0,0,0,0.082,0.456,0,0.506
"9606.ENSP00000269305","9606.ENSP00000357643","TP53","MKI67",9606,0.732,0,0,0,0.083,0.27,0,0.632
"9606.ENSP00000269305","9606.ENSP00000302530","TP53","BUB1",9606,0.735,0,0,0,0.075,0.484,0,0.491
"9606.ENSP00000269305","9606.ENSP00000323867","TP53","PRKAG1",9606,0.742,0,0,0,0.064,0.428,0.5,0.151
"9606.ENSP00000269305","9606.ENSP00000307288","TP53","MCM7",9606,0.743,0,0,0,0.081,0.54,0,0.441
"9606.ENSP00000269305","9606.ENSP00000336868","TP53","CENPA",9606,0.743,0,0,0,0.075,0.586,0,0.385
"9606.ENSP00000269305","9606.ENSP00000360141","TP53","GNAS",9606,0.747,0,0,0,0,0.269,0,0.669
"9606.ENSP00000269305","9606.ENSP00000367910","TP53","FANCG",9606,0.747,0,0,0,0.075,0.582,0,0.4
"9606.ENSP00000269305","9606.ENSP00000443475","TP53","TUBA1C",9606,0.748,0,0,0,0.075,0.672,0,0.238
"9606.ENSP00000269305","9606.ENSP00000312664","TP53","CASP2",9606,0.753,0,0,0,0.124,0,0,0.73
"9606.ENSP00000269305","9606.ENSP00000376276","TP53","SRSF2",9606,0.768,0,0,0,0.058,0.338,0,0.658
"9606.ENSP00000269305","9606.ENSP00000286548","TP53","GNAQ",9606,0.777,0,0,0,0,0.582,0,0.49
"9606.ENSP00000269305","9606.ENSP00000321636","TP53","TOP3A",9606,0.792,0,0,0,0.07,0.537,0.4,0.292
"9606.ENSP00000269305","9606.ENSP00000355958","TP53","DTL",9606,0.796,0,0,0,0.076,0.685,0,0.358
"9606.ENSP00000269305","9606.ENSP00000355249","TP53","E2F2",9606,0.798,0,0,0,0.075,0.443,0,0.641
"9606.ENSP00000269305","9606.ENSP00000296511","TP53","ANXA5",9606,0.8,0,0,0,0,0,0,0.8
"9606.ENSP00000269305","9606.ENSP00000354394","TP53","STAT1",9606,0.81,0,0,0,0.048,0.459,0,0.662
"9606.ENSP00000269305","9606.ENSP00000415430","TP53","GTSE1",9606,0.81,0,0,0,0.076,0,0.7,0.371
"9606.ENSP00000269305","9606.ENSP00000355028","TP53","DZIP3",9606,0.819,0,0,0,0,0.802,0,0.124
"9606.ENSP00000269305","9606.ENSP00000301764","TP53","DDB1",9606,0.843,0,0,0,0,0.59,0,0.635
"9606.ENSP00000269305","9606.ENSP00000479617","TP53","UHRF1",9606,0.845,0,0,0,0.084,0.719,0,0.447
"9606.ENSP00000269305","9606.ENSP00000383611","TP53","CCNL2",9606,0.856,0,0,0,0,0,0,0.856
"9606.ENSP00000269305","9606.ENSP00000328325","TP53","PTTG1IP",9606,0.857,0,0,0,0,0.838,0,0.159
"9606.ENSP00000269305","9606.ENSP00000398698","TP53","TNF",9606,0.857,0,0,0,0,0,0,0.857
"9606.ENSP00000269305","9606.ENSP00000393762","TP53","SESN1",9606,0.87,0,0,0,0,0.066,0.5,0.744
"9606.ENSP00000269305","9606.ENSP00000483903","TP53","H2BC15",9606,0.871,0,0,0,0,0.8,0,0.383
"9606.ENSP00000269305","9606.ENSP00000349430","TP53","H2BC12",9606,0.872,0,0,0,0,0.8,0,0.387
"9606.ENSP00000269305","9606.ENSP00000316176","TP53","UBE2N",9606,0.882,0,0,0,0.058,0.813,0,0.386
"9606.ENSP00000269305","9606.ENSP00000377536","TP53","PTTG1",9606,0.896,0,0,0,0.075,0.802,0,0.482
"9606.ENSP00000269305","9606.ENSP00000339001","TP53","TUBB",9606,0.9,0,0,0,0.075,0.862,0,0.286
"9606.ENSP00000269305","9606.ENSP00000494750","TP53","ACTB",9606,0.902,0,0,0,0.085,0.512,0,0.8
"9606.ENSP00000269305","9606.ENSP00000429089","TP53","CCNE2",9606,0.907,0,0,0,0,0.456,0.4,0.739
"9606.ENSP00000269305","9606.ENSP00000300403","TP53","TPX2",9606,0.913,0,0,0,0.077,0.486,0.75,0.36
"9606.ENSP00000269305","9606.ENSP00000404854","TP53","NDRG1",9606,0.929,0,0,0,0,0.539,0.75,0.438
"9606.ENSP00000269305","9606.ENSP00000411532","TP53","TOP2A",9606,0.933,0,0,0,0.078,0.838,0,0.593
"9606.ENSP00000269305","9606.ENSP00000380070","TP53","GAPDH",9606,0.937,0,0,0,0.058,0.697,0,0.8
"9606.ENSP00000269305","9606.ENSP00000377958","TP53","CCT4",9606,0.941,0,0,0,0,0.869,0.5,0.18
"9606.ENSP00000269305","9606.ENSP00000320147","TP53","EZH2",9606,0.946,0,0,0,0.075,0.584,0.5,0.756
"9606.ENSP00000269305","9606.ENSP00000280326","TP53","CCT5",9606,0.948,0,0,0,0,0.881,0.5,0.202
"9606.ENSP00000269305","9606.ENSP00000323246","TP53","E2F7",9606,0.96,0,0,0,0.075,0.633,0.75,0.59
"9606.ENSP00000269305","9606.ENSP00000376436","TP53","ETS1",9606,0.961,0,0,0,0.06,0.918,0,0.54
"9606.ENSP00000269305","9606.ENSP00000481380","TP53","CCNA2",9606,0.982,0,0,0,0.075,0.808,0.5,0.831
"9606.ENSP00000269305","9606.ENSP00000301633","TP53","BIRC5",9606,0.983,0,0,0,0.112,0.593,0.75,0.841
"9606.ENSP00000269305","9606.ENSP00000344635","TP53","CCNG1",9606,0.988,0,0,0,0.142,0.808,0.75,0.761
"9606.ENSP00000269305","9606.ENSP00000300093","TP53","PLK1",9606,0.992,0,0,0,0.075,0.975,0,0.712
"9606.ENSP00000269305","9606.ENSP00000319788","TP53","NQO1",9606,0.995,0,0,0,0,0.989,0,0.597
"9606.ENSP00000269305","9606.ENSP00000378699","TP53","CDK1",9606,0.997,0,0,0,0.075,0.986,0,0.831
"9606.ENSP00000269305","9606.ENSP00000363591","TP53","BAK1",9606,0.999,0,0,0,0,0.999,0.9,0.695
"9606.ENSP00000269305","9606.ENSP00000418960","TP53","BRCA1",9606,0.999,0,0,0,0.075,0.999,0.5,0.944
"9606.ENSP00000269305","9606.ENSP00000437125","TP53","HSPA8",9606,0.999,0,0,0,0.068,0.999,0,0.498
"9606.ENSP00000269305","9606.ENSP00000457411","TP53","USP10",9606,0.999,0,0,0,0.072,0.999,0.5,0.395
"9606.ENSP00000269305","9606.ENSP00000493712","TP53","RAD51",9606,0.999,0,0,0,0.075,0.999,0,0.811
"9606.ENSP00000269305","9606.ENSP00000496250","TP53","RPL11",9606,0.999,0,0,0,0,0.999,0,0.746
"9606.ENSP00000269576","9606.ENSP00000411532","KRT10","TOP2A",9606,0.428,0,0,0,0.072,0,0,0.409
"9606.ENSP00000269576","9606.ENSP00000443475","KRT10","TUBA1C",9606,0.44,0,0,0,0.315,0.104,0,0.161
"9606.ENSP00000269576","9606.ENSP00000336799","KRT10","TUBA1B",9606,0.441,0,0,0,0.298,0.104,0,0.184
"9606.ENSP00000269576","9606.ENSP00000362424","KRT10","TRAF3IP1",9606,0.456,0,0,0,0,0.456,0,0
"9606.ENSP00000269576","9606.ENSP00000437125","KRT10","HSPA8",9606,0.494,0,0,0,0.35,0.072,0,0.23
"9606.ENSP00000269576","9606.ENSP00000380070","KRT10","GAPDH",9606,0.513,0,0,0,0.165,0.043,0,0.44
"9606.ENSP00000269576","9606.ENSP00000341289","KRT10","TUBB4B",9606,0.543,0,0,0,0.418,0.101,0,0.198
"9606.ENSP00000269576","9606.ENSP00000339001","KRT10","TUBB",9606,0.555,0,0,0,0.402,0.101,0,0.24
"9606.ENSP00000269576","9606.ENSP00000373489","KRT10","KRT18",9606,0.705,0,0,0,0.08,0.467,0.4,0.118
"9606.ENSP00000269576","9606.ENSP00000458162","KRT10","ACTG1",9606,0.821,0,0,0,0.771,0.08,0,0.219
"9606.ENSP00000269576","9606.ENSP00000494750","KRT10","ACTB",9606,0.831,0,0,0,0.735,0.08,0,0.364
"9606.ENSP00000270257","9606.ENSP00000393840","GEMIN7","BLOC1S3",9606,0.418,0,0,0,0.075,0,0,0.397
"9606.ENSP00000270257","9606.ENSP00000379181","GEMIN7","RAE1",9606,0.433,0,0,0,0.094,0,0.4,0
"9606.ENSP00000270257","9606.ENSP00000373669","GEMIN7","BORCS6",9606,0.462,0,0,0,0.068,0,0,0.447
"9606.ENSP00000270257","9606.ENSP00000481762","GEMIN7","CSDE1",9606,0.713,0,0,0,0.06,0,0,0.708
"9606.ENSP00000270257","9606.ENSP00000281950","GEMIN7","GEMIN6",9606,0.999,0,0,0,0.246,0.999,0.9,0.915
"9606.ENSP00000270257","9606.ENSP00000392270","GEMIN7","STRAP",9606,0.999,0,0,0,0.075,0.999,0.9,0.902
"9606.ENSP00000271139","9606.ENSP00000301764","MOB3C","DDB1",9606,0.457,0,0,0,0,0.457,0,0
"9606.ENSP00000271139","9606.ENSP00000315644","MOB3C","TYMS",9606,0.457,0,0,0,0,0.457,0,0
"9606.ENSP00000271139","9606.ENSP00000325017","MOB3C","NCAPD2",9606,0.457,0,0,0,0,0.457,0,0
"9606.ENSP00000271139","9606.ENSP00000348316","MOB3C","JPT1",9606,0.457,0,0,0,0,0.457,0,0
"9606.ENSP00000271139","9606.ENSP00000351646","MOB3C","STIP1",9606,0.457,0,0,0,0,0.457,0,0
"9606.ENSP00000271139","9606.ENSP00000362824","MOB3C","OGT",9606,0.457,0,0,0,0,0.457,0,0
"9606.ENSP00000271139","9606.ENSP00000363524","MOB3C","KIF4A",9606,0.457,0,0,0,0,0.457,0,0
"9606.ENSP00000271139","9606.ENSP00000377958","MOB3C","CCT4",9606,0.457,0,0,0,0,0.457,0,0
"9606.ENSP00000271139","9606.ENSP00000380070","MOB3C","GAPDH",9606,0.457,0,0,0,0,0.457,0,0
"9606.ENSP00000271139","9606.ENSP00000392270","MOB3C","STRAP",9606,0.457,0,0,0,0,0.457,0,0
"9606.ENSP00000271139","9606.ENSP00000397552","MOB3C","ACTL6A",9606,0.457,0,0,0,0,0.457,0,0
"9606.ENSP00000271139","9606.ENSP00000480987","MOB3C","MCM3",9606,0.457,0,0,0,0,0.457,0,0
"9606.ENSP00000271139","9606.ENSP00000498336","MOB3C","MTHFD1",9606,0.457,0,0,0,0,0.457,0,0
"9606.ENSP00000271139","9606.ENSP00000378699","MOB3C","CDK1",9606,0.459,0,0,0,0.046,0.457,0,0
"9606.ENSP00000271139","9606.ENSP00000307288","MOB3C","MCM7",9606,0.46,0,0,0,0.047,0.457,0,0
"9606.ENSP00000271139","9606.ENSP00000495530","MOB3C","ENO1",9606,0.46,0,0,0,0,0.457,0,0.048
"9606.ENSP00000271139","9606.ENSP00000355325","MOB3C","PSMB5",9606,0.461,0,0,0,0.049,0.457,0,0
"9606.ENSP00000271139","9606.ENSP00000481762","MOB3C","CSDE1",9606,0.463,0,0,0,0.053,0.457,0,0
"9606.ENSP00000271139","9606.ENSP00000304353","MOB3C","POP7",9606,0.464,0,0,0,0.055,0.457,0,0
"9606.ENSP00000271139","9606.ENSP00000361433","MOB3C","EXOSC2",9606,0.468,0,0,0,0.061,0.457,0,0
"9606.ENSP00000271139","9606.ENSP00000358921","MOB3C","ACTR1A",9606,0.475,0,0,0,0.074,0.457,0,0
"9606.ENSP00000271139","9606.ENSP00000297613","MOB3C","RPP25L",9606,0.503,0,0,0,0.063,0.457,0,0.102
"9606.ENSP00000271628","9606.ENSP00000396308","SF3B4","DHFR",9606,0.434,0,0,0,0.065,0,0,0.42
"9606.ENSP00000271628","9606.ENSP00000416269","SF3B4","DDX39B",9606,0.447,0,0,0,0.199,0,0,0.339
"9606.ENSP00000271628","9606.ENSP00000356319","SF3B4","KIF14",9606,0.475,0,0,0,0.073,0.457,0,0
"9606.ENSP00000271628","9606.ENSP00000336799","SF3B4","TUBA1B",9606,0.49,0,0,0,0.078,0.47,0,0
"9606.ENSP00000271628","9606.ENSP00000317872","SF3B4","RBBP6",9606,0.516,0,0,0,0.073,0,0.5,0
"9606.ENSP00000271628","9606.ENSP00000313007","SF3B4","PABPC1",9606,0.523,0,0,0,0.075,0.457,0,0.127
"9606.ENSP00000271628","9606.ENSP00000343966","SF3B4","PSPC1",9606,0.533,0,0,0,0.327,0.335,0,0
"9606.ENSP00000271628","9606.ENSP00000425031","SF3B4","HNRNPAB",9606,0.542,0,0,0,0.158,0.472,0,0.053
"9606.ENSP00000271628","9606.ENSP00000483254","SF3B4","HNRNPDL",9606,0.544,0,0,0,0.081,0.472,0,0.136
"9606.ENSP00000271628","9606.ENSP00000316042","SF3B4","HNRNPA0",9606,0.597,0,0,0,0.149,0.533,0,0.069
"9606.ENSP00000271628","9606.ENSP00000437125","SF3B4","HSPA8",9606,0.638,0,0,0,0.098,0.593,0,0.094
"9606.ENSP00000271628","9606.ENSP00000325905","SF3B4","SRSF7",9606,0.706,0,0,0,0.09,0.457,0,0.454
"9606.ENSP00000271628","9606.ENSP00000304903","SF3B4","CD2BP2",9606,0.778,0,0,0,0.155,0.635,0,0.339
"9606.ENSP00000271628","9606.ENSP00000279387","SF3B4","PPP4C",9606,0.789,0,0,0,0.153,0.762,0,0
"9606.ENSP00000271628","9606.ENSP00000497641","SF3B4","EIF4A3",9606,0.807,0,0,0,0.256,0.457,0,0.562
"9606.ENSP00000271628","9606.ENSP00000376276","SF3B4","SRSF2",9606,0.901,0,0,0.213,0.145,0.803,0,0.344
"9606.ENSP00000271628","9606.ENSP00000396301","SF3B4","IK",9606,0.909,0,0,0,0.129,0,0.9,0
"9606.ENSP00000271628","9606.ENSP00000432886","SF3B4","RNPC3",9606,0.929,0,0,0,0.087,0.214,0.9,0.137
"9606.ENSP00000271628","9606.ENSP00000349168","SF3B4","HNRNPH1",9606,0.941,0,0,0,0.092,0.915,0,0.297
"9606.ENSP00000271628","9606.ENSP00000296702","SF3B4","TCERG1",9606,0.976,0,0,0,0.087,0.903,0,0.761
"9606.ENSP00000271628","9606.ENSP00000305790","SF3B4","SF3B3",9606,0.999,0,0,0,0.131,0.998,0.9,0.787
"9606.ENSP00000271628","9606.ENSP00000335321","SF3B4","SF3B1",9606,0.999,0,0,0,0.075,0.999,0.9,0.704
"9606.ENSP00000271638","9606.ENSP00000458162","S100A11","ACTG1",9606,0.457,0,0,0,0.35,0.046,0,0.196
"9606.ENSP00000271638","9606.ENSP00000377833","S100A11","ANXA4",9606,0.467,0,0,0,0.194,0.098,0,0.326
"9606.ENSP00000271638","9606.ENSP00000447730","S100A11","CD63",9606,0.513,0,0,0,0.441,0,0,0.165
"9606.ENSP00000271638","9606.ENSP00000380070","S100A11","GAPDH",9606,0.525,0,0,0,0.349,0.043,0,0.299
"9606.ENSP00000271638","9606.ENSP00000494750","S100A11","ACTB",9606,0.533,0,0,0,0.388,0.046,0,0.265
"9606.ENSP00000271638","9606.ENSP00000495530","S100A11","ENO1",9606,0.54,0,0,0,0.327,0.102,0,0.3
"9606.ENSP00000271638","9606.ENSP00000364935","S100A11","CLIC1",9606,0.567,0,0,0,0.48,0,0,0.203
"9606.ENSP00000271638","9606.ENSP00000296511","S100A11","ANXA5",9606,0.656,0,0,0,0.444,0.098,0,0.371
"9606.ENSP00000271638","9606.ENSP00000398698","S100A11","TNF",9606,0.704,0,0,0,0.059,0.622,0,0.237
"9606.ENSP00000273261","9606.ENSP00000332293","LRIG1","ASCL2",9606,0.677,0,0,0,0.044,0,0,0.676
"9606.ENSP00000273480","9606.ENSP00000355958","RNF7","DTL",9606,0.43,0,0,0,0,0,0,0.43
"9606.ENSP00000273480","9606.ENSP00000428924","RNF7","LYN",9606,0.517,0,0,0,0,0,0.5,0.074
"9606.ENSP00000273480","9606.ENSP00000394331","RNF7","COMMD5",9606,0.534,0,0,0,0.094,0,0.5,0.055
"9606.ENSP00000273480","9606.ENSP00000481126","RNF7","VPS11",9606,0.639,0,0,0,0,0.546,0,0.239
"9606.ENSP00000273480","9606.ENSP00000301764","RNF7","DDB1",9606,0.656,0,0,0,0.068,0.13,0,0.61
"9606.ENSP00000273480","9606.ENSP00000330221","RNF7","SPSB1",9606,0.723,0,0,0,0,0.456,0.4,0.222
"9606.ENSP00000273480","9606.ENSP00000355340","RNF7","APOBEC3C",9606,0.771,0,0,0,0,0,0.65,0.374
"9606.ENSP00000273480","9606.ENSP00000307854","RNF7","PCMTD2",9606,0.833,0,0,0,0,0.822,0,0.103
"9606.ENSP00000273480","9606.ENSP00000442318","RNF7","CAND1",9606,0.872,0,0,0,0.075,0.354,0.5,0.624
"9606.ENSP00000273480","9606.ENSP00000309749","RNF7","APOBEC3F",9606,0.904,0,0,0,0,0.457,0.65,0.536
"9606.ENSP00000273480","9606.ENSP00000385057","RNF7","APOBEC3G",9606,0.91,0,0,0,0,0.457,0.65,0.568
"9606.ENSP00000273480","9606.ENSP00000348838","RNF7","UBE2C",9606,0.995,0,0,0,0,0.993,0,0.337
"9606.ENSP00000274137","9606.ENSP00000362334","NDUFS6","PSMB2",9606,0.422,0,0,0,0.358,0,0,0.138
"9606.ENSP00000274137","9606.ENSP00000354762","NDUFS6","COA3",9606,0.428,0,0,0,0.37,0,0,0.13
"9606.ENSP00000274137","9606.ENSP00000327467","NDUFS6","SMDT1",9606,0.43,0,0,0,0.411,0,0,0.073
"9606.ENSP00000274137","9606.ENSP00000355325","NDUFS6","PSMB5",9606,0.431,0,0,0,0.418,0,0,0.063
"9606.ENSP00000274137","9606.ENSP00000349168","NDUFS6","HNRNPH1",9606,0.469,0,0,0,0.063,0.457,0,0
"9606.ENSP00000274137","9606.ENSP00000310623","NDUFS6","ISCU",9606,0.471,0,0,0,0.206,0,0,0.362
"9606.ENSP00000274137","9606.ENSP00000400184","NDUFS6","NDUFAF8",9606,0.523,0,0,0,0.201,0,0,0.428
"9606.ENSP00000274137","9606.ENSP00000377470","NDUFS6","CNP",9606,0.54,0,0,0,0.104,0.508,0,0
"9606.ENSP00000274137","9606.ENSP00000331640","NDUFS6","TMEM186",9606,0.603,0,0,0,0.075,0,0.5,0.212
"9606.ENSP00000274137","9606.ENSP00000354813","NDUFS6","MT-ND5",9606,0.999,0,0,0,0.121,0.976,0.988,0.559
"9606.ENSP00000274306","9606.ENSP00000328472","GZMA","S1PR5",9606,0.417,0,0,0,0.185,0,0,0.314
"9606.ENSP00000274306","9606.ENSP00000364080","GZMA","HLA-DQB1",9606,0.42,0,0,0,0.213,0.067,0,0.274
"9606.ENSP00000274306","9606.ENSP00000483330","GZMA","CCL4L2",9606,0.42,0,0,0,0.135,0,0,0.358
"9606.ENSP00000274306","9606.ENSP00000393566","GZMA","HLA-DPA1",9606,0.48,0,0,0,0.225,0,0,0.357
"9606.ENSP00000274306","9606.ENSP00000433847","GZMA","B3GAT1",9606,0.48,0,0,0,0.075,0,0,0.461
"9606.ENSP00000274306","9606.ENSP00000353099","GZMA","HLA-DRB1",9606,0.481,0,0,0,0.175,0.067,0,0.38
"9606.ENSP00000274306","9606.ENSP00000496959","GZMA","ITGAM",9606,0.487,0,0,0,0.167,0,0,0.41
"9606.ENSP00000274306","9606.ENSP00000357643","GZMA","MKI67",9606,0.495,0,0,0,0,0,0,0.495
"9606.ENSP00000274306","9606.ENSP00000357022","GZMA","SLAMF7",9606,0.5,0,0,0,0.209,0,0,0.395
"9606.ENSP00000274306","9606.ENSP00000449241","GZMA","AGAP2",9606,0.508,0,0,0,0.073,0,0,0.492
"9606.ENSP00000274306","9606.ENSP00000380855","GZMA","PDCD1LG2",9606,0.509,0,0,0,0.074,0,0,0.492
"9606.ENSP00000274306","9606.ENSP00000458162","GZMA","ACTG1",9606,0.511,0,0,0,0.063,0.475,0,0.087
"9606.ENSP00000274306","9606.ENSP00000354394","GZMA","STAT1",9606,0.512,0,0,0,0.118,0,0,0.47
"9606.ENSP00000274306","9606.ENSP00000433209","GZMA","GSDMD",9606,0.517,0,0,0,0.076,0,0,0.499
"9606.ENSP00000274306","9606.ENSP00000368538","GZMA","TNFRSF4",9606,0.523,0,0,0,0.096,0,0,0.494
"9606.ENSP00000274306","9606.ENSP00000357012","GZMA","CD244",9606,0.531,0,0,0,0.2,0,0,0.438
"9606.ENSP00000274306","9606.ENSP00000351059","GZMA","CX3CR1",9606,0.575,0,0,0,0.191,0,0,0.497
"9606.ENSP00000274306","9606.ENSP00000356793","GZMA","XCL2",9606,0.601,0,0,0,0.34,0,0,0.421
"9606.ENSP00000274306","9606.ENSP00000388792","GZMA","ZNF683",9606,0.619,0,0,0,0.282,0,0,0.492
"9606.ENSP00000274306","9606.ENSP00000398698","GZMA","TNF",9606,0.62,0,0,0,0.084,0.064,0,0.593
"9606.ENSP00000274306","9606.ENSP00000356946","GZMA","FCGR3A",9606,0.634,0,0,0,0.221,0,0,0.55
"9606.ENSP00000274306","9606.ENSP00000283285","GZMA","CD96",9606,0.635,0,0,0,0.46,0,0,0.353
"9606.ENSP00000274306","9606.ENSP00000365380","GZMA","FOXP3",9606,0.636,0,0,0,0.076,0,0,0.623
"9606.ENSP00000274306","9606.ENSP00000482259","GZMA","CCL4",9606,0.67,0,0,0,0.269,0,0,0.568
"9606.ENSP00000274306","9606.ENSP00000312002","GZMA","HAVCR2",9606,0.708,0,0,0,0.117,0.067,0,0.675
"9606.ENSP00000274306","9606.ENSP00000321326","GZMA","F2R",9606,0.782,0,0,0,0.075,0,0.65,0.382
"9606.ENSP00000274306","9606.ENSP00000388620","GZMA","EOMES",9606,0.848,0,0,0,0.6,0,0,0.636
"9606.ENSP00000274306","9606.ENSP00000474412","GZMA","CCL5",9606,0.923,0,0,0,0.807,0,0,0.62
"9606.ENSP00000274306","9606.ENSP00000436423","GZMA","GNLY",9606,0.963,0,0,0,0.855,0,0,0.759
"9606.ENSP00000274306","9606.ENSP00000398568","GZMA","PRF1",9606,0.989,0,0,0,0.864,0,0,0.928
"9606.ENSP00000274306","9606.ENSP00000420384","GZMA","CST7",9606,0.989,0,0,0,0.978,0,0,0.539
"9606.ENSP00000275517","9606.ENSP00000312995","CDCA5","CLSPN",9606,0.41,0,0,0,0.263,0,0,0.233
"9606.ENSP00000275517","9606.ENSP00000323246","CDCA5","E2F7",9606,0.414,0,0,0,0.334,0,0,0.157
"9606.ENSP00000275517","9606.ENSP00000311083","CDCA5","CKS1B",9606,0.439,0,0,0,0.313,0,0,0.218
"9606.ENSP00000275517","9606.ENSP00000364976","CDCA5","CKS2",9606,0.45,0,0,0,0.317,0,0,0.228
"9606.ENSP00000275517","9606.ENSP00000306473","CDCA5","SHCBP1",9606,0.471,0,0,0,0.367,0,0,0.199
"9606.ENSP00000275517","9606.ENSP00000415430","CDCA5","GTSE1",9606,0.482,0,0,0,0.349,0,0,0.237
"9606.ENSP00000275517","9606.ENSP00000387007","CDCA5","NCAPG2",9606,0.487,0,0,0,0.441,0,0,0.121
"9606.ENSP00000275517","9606.ENSP00000493712","CDCA5","RAD51",9606,0.488,0,0,0,0.383,0,0,0.205
"9606.ENSP00000275517","9606.ENSP00000325017","CDCA5","NCAPD2",9606,0.492,0,0,0,0.386,0,0,0.207
"9606.ENSP00000275517","9606.ENSP00000480987","CDCA5","MCM3",9606,0.526,0,0,0,0.358,0,0,0.292
"9606.ENSP00000275517","9606.ENSP00000307288","CDCA5","MCM7",9606,0.529,0,0,0,0.297,0,0,0.358
"9606.ENSP00000275517","9606.ENSP00000380256","CDCA5","CCNF",9606,0.546,0,0,0,0.458,0,0,0.197
"9606.ENSP00000275517","9606.ENSP00000355966","CDCA5","NEK2",9606,0.608,0,0,0,0.343,0,0,0.428
"9606.ENSP00000275517","9606.ENSP00000305480","CDCA5","FEN1",9606,0.614,0,0,0,0.54,0,0,0.196
"9606.ENSP00000275517","9606.ENSP00000357643","CDCA5","MKI67",9606,0.624,0,0,0,0.496,0,0,0.285
"9606.ENSP00000275517","9606.ENSP00000282074","CDCA5","SPC25",9606,0.626,0,0,0,0.557,0,0,0.192
"9606.ENSP00000275517","9606.ENSP00000306968","CDCA5","CDCA7",9606,0.627,0,0,0,0.327,0,0,0.469
"9606.ENSP00000275517","9606.ENSP00000465075","CDCA5","SPC24",9606,0.628,0,0,0,0.445,0,0,0.358
"9606.ENSP00000275517","9606.ENSP00000355506","CDCA5","EXO1",9606,0.631,0,0,0,0.522,0,0,0.26
"9606.ENSP00000275517","9606.ENSP00000355958","CDCA5","DTL",9606,0.631,0,0,0,0.577,0,0,0.164
"9606.ENSP00000275517","9606.ENSP00000300035","CDCA5","PCLAF",9606,0.641,0,0,0,0.489,0,0,0.328
"9606.ENSP00000275517","9606.ENSP00000353770","CDCA5","RRM2",9606,0.645,0,0,0,0.468,0,0,0.361
"9606.ENSP00000275517","9606.ENSP00000357308","CDCA5","CENPW",9606,0.652,0,0,0,0.556,0,0,0.249
"9606.ENSP00000275517","9606.ENSP00000324020","CDCA5","KIF15",9606,0.654,0,0,0,0.513,0,0,0.32
"9606.ENSP00000275517","9606.ENSP00000468425","CDCA5","TK1",9606,0.66,0,0,0,0.519,0,0,0.323
"9606.ENSP00000275517","9606.ENSP00000315644","CDCA5","TYMS",9606,0.684,0,0,0,0.622,0,0,0.199
"9606.ENSP00000275517","9606.ENSP00000479617","CDCA5","UHRF1",9606,0.696,0,0,0,0.632,0,0,0.208
"9606.ENSP00000275517","9606.ENSP00000285116","CDCA5","SKA1",9606,0.721,0,0,0,0.565,0,0,0.386
"9606.ENSP00000275517","9606.ENSP00000356379","CDCA5","ASPM",9606,0.73,0,0,0,0.543,0,0,0.435
"9606.ENSP00000275517","9606.ENSP00000418268","CDCA5","MCM10",9606,0.749,0,0,0,0.463,0,0,0.553
"9606.ENSP00000275517","9606.ENSP00000356319","CDCA5","KIF14",9606,0.763,0,0,0,0.377,0.457,0,0.357
"9606.ENSP00000275517","9606.ENSP00000336868","CDCA5","CENPA",9606,0.775,0,0,0,0.639,0,0,0.403
"9606.ENSP00000275517","9606.ENSP00000481380","CDCA5","CCNA2",9606,0.78,0,0,0,0.659,0,0,0.384
"9606.ENSP00000275517","9606.ENSP00000499238","CDCA5","NUSAP1",9606,0.783,0,0,0,0.649,0,0,0.408
"9606.ENSP00000275517","9606.ENSP00000377536","CDCA5","PTTG1",9606,0.795,0,0,0,0.632,0,0,0.466
"9606.ENSP00000275517","9606.ENSP00000306999","CDCA5","ESCO2",9606,0.799,0,0,0,0.336,0,0,0.71
"9606.ENSP00000275517","9606.ENSP00000348838","CDCA5","UBE2C",9606,0.8,0,0,0,0.639,0,0,0.47
"9606.ENSP00000275517","9606.ENSP00000363524","CDCA5","KIF4A",9606,0.801,0,0,0,0.623,0,0,0.495
"9606.ENSP00000275517","9606.ENSP00000302530","CDCA5","BUB1",9606,0.812,0,0,0,0.644,0,0,0.496
"9606.ENSP00000275517","9606.ENSP00000363055","CDCA5","ZWINT",9606,0.815,0,0,0,0.714,0,0,0.38
"9606.ENSP00000275517","9606.ENSP00000411532","CDCA5","TOP2A",9606,0.817,0,0,0,0.693,0,0,0.429
"9606.ENSP00000275517","9606.ENSP00000414109","CDCA5","HJURP",9606,0.836,0,0,0,0.756,0,0,0.357
"9606.ENSP00000275517","9606.ENSP00000328228","CDCA5","CDCA2",9606,0.838,0,0,0,0.64,0,0,0.57
"9606.ENSP00000275517","9606.ENSP00000300403","CDCA5","TPX2",9606,0.839,0,0,0,0.724,0,0,0.441
"9606.ENSP00000275517","9606.ENSP00000298048","CDCA5","MELK",9606,0.848,0,0,0,0.749,0,0,0.422
"9606.ENSP00000275517","9606.ENSP00000442068","CDCA5","CDCA3",9606,0.848,0,0,0,0.68,0,0,0.547
"9606.ENSP00000275517","9606.ENSP00000361298","CDCA5","KIF2C",9606,0.85,0,0,0,0.717,0,0,0.494
"9606.ENSP00000275517","9606.ENSP00000361540","CDCA5","CDC20",9606,0.866,0,0,0,0.717,0,0,0.547
"9606.ENSP00000275517","9606.ENSP00000301633","CDCA5","BIRC5",9606,0.872,0,0,0,0.666,0.457,0,0.354
"9606.ENSP00000275517","9606.ENSP00000362146","CDCA5","CDCA8",9606,0.906,0,0,0,0.741,0,0,0.655
"9606.ENSP00000275517","9606.ENSP00000288207","CDCA5","CCNB2",9606,0.907,0,0,0,0.716,0,0.4,0.499
"9606.ENSP00000275517","9606.ENSP00000405726","CDCA5","CDC45",9606,0.923,0,0,0,0.856,0,0,0.493
"9606.ENSP00000275517","9606.ENSP00000300093","CDCA5","PLK1",9606,0.94,0,0,0,0.329,0.708,0.5,0.467
"9606.ENSP00000275517","9606.ENSP00000378699","CDCA5","CDK1",9606,0.973,0,0,0,0.609,0.802,0.4,0.494
"9606.ENSP00000275815","9606.ENSP00000356319","EPHA1","KIF14",9606,0.554,0,0,0,0,0.539,0,0.074
"9606.ENSP00000275815","9606.ENSP00000387007","EPHA1","NCAPG2",9606,0.716,0,0,0,0,0.716,0,0
"9606.ENSP00000276420","9606.ENSP00000339186","DOK2","GRAP2",9606,0.408,0,0,0,0.264,0,0,0.229
"9606.ENSP00000276420","9606.ENSP00000349359","DOK2","SASH3",9606,0.447,0,0,0,0.336,0,0,0.202
"9606.ENSP00000276420","9606.ENSP00000428924","DOK2","LYN",9606,0.489,0,0,0,0.094,0.124,0,0.409
"9606.ENSP00000276420","9606.ENSP00000357012","DOK2","CD244",9606,0.51,0,0,0,0.264,0,0,0.362
"9606.ENSP00000278070","9606.ENSP00000296702","PPRC1","TCERG1",9606,0.516,0,0,0,0.057,0.469,0,0.112
"9606.ENSP00000278422","9606.ENSP00000385385","TMX2","PDIA6",9606,0.434,0,0,0,0.116,0.046,0,0.383
"9606.ENSP00000278422","9606.ENSP00000482753","TMX2","C9orf72",9606,0.443,0,0,0,0,0,0,0.443
"9606.ENSP00000278826","9606.ENSP00000287600","TMEM138","PDE6D",9606,0.452,0,0,0,0.071,0,0,0.435
"9606.ENSP00000278927","9606.ENSP00000356319","ESAM","KIF14",9606,0.457,0,0,0,0,0.457,0,0
"9606.ENSP00000278927","9606.ENSP00000356790","ESAM","ATP1B1",9606,0.58,0,0,0,0,0,0,0.58
"9606.ENSP00000278927","9606.ENSP00000398698","ESAM","TNF",9606,0.59,0,0,0,0.065,0,0,0.58
"9606.ENSP00000279387","9606.ENSP00000305260","PPP4C","GNB2",9606,0.406,0,0,0,0.358,0,0,0.113
"9606.ENSP00000279387","9606.ENSP00000433760","PPP4C","BANF1",9606,0.444,0,0,0,0.194,0.28,0,0.119
"9606.ENSP00000279387","9606.ENSP00000378699","PPP4C","CDK1",9606,0.582,0,0,0,0.095,0.367,0,0.33
"9606.ENSP00000279387","9606.ENSP00000300093","PPP4C","PLK1",9606,0.765,0,0,0,0.079,0.682,0,0.263
"9606.ENSP00000279387","9606.ENSP00000305480","PPP4C","FEN1",9606,0.837,0.042,0,0,0,0.832,0,0.07
"9606.ENSP00000279387","9606.ENSP00000381461","PPP4C","PPME1",9606,0.846,0,0,0,0.075,0.765,0,0.35
"9606.ENSP00000279387","9606.ENSP00000493712","PPP4C","RAD51",9606,0.91,0,0,0,0.088,0.867,0,0.321
"9606.ENSP00000279387","9606.ENSP00000377936","PPP4C","PPP2R2B",9606,0.934,0,0,0,0.14,0.896,0,0.33
"9606.ENSP00000279387","9606.ENSP00000377958","PPP4C","CCT4",9606,0.973,0,0,0,0.078,0.971,0,0.075
"9606.ENSP00000279387","9606.ENSP00000280326","PPP4C","CCT5",9606,0.982,0,0,0,0.156,0.978,0,0.152
"9606.ENSP00000280154","9606.ENSP00000487174","PDCD4","ZEB2",9606,0.401,0,0,0,0.075,0,0,0.38
"9606.ENSP00000280154","9606.ENSP00000494750","PDCD4","ACTB",9606,0.416,0,0,0,0.075,0.12,0,0.341
"9606.ENSP00000280154","9606.ENSP00000380070","PDCD4","GAPDH",9606,0.425,0,0,0,0.074,0,0,0.405
"9606.ENSP00000280154","9606.ENSP00000320147","PDCD4","EZH2",9606,0.542,0,0,0,0,0,0,0.542
"9606.ENSP00000280154","9606.ENSP00000355958","PDCD4","DTL",9606,0.558,0,0,0,0,0.457,0,0.22
"9606.ENSP00000280154","9606.ENSP00000497641","PDCD4","EIF4A3",9606,0.935,0,0,0,0.062,0.914,0,0.266
"9606.ENSP00000280258","9606.ENSP00000494750","PRSS23","ACTB",9606,0.657,0,0,0,0.066,0.589,0,0.18
"9606.ENSP00000280326","9606.ENSP00000403663","CCT5","AP4M1",9606,0.402,0,0,0,0,0.214,0,0.271
"9606.ENSP00000280326","9606.ENSP00000320309","CCT5","FARSA",9606,0.406,0,0,0,0.351,0.07,0,0.095
"9606.ENSP00000280326","9606.ENSP00000313007","CCT5","PABPC1",9606,0.426,0,0,0,0.281,0.121,0,0.166
"9606.ENSP00000280326","9606.ENSP00000376276","CCT5","SRSF2",9606,0.434,0,0,0,0.146,0.36,0,0.049
"9606.ENSP00000280326","9606.ENSP00000478877","CCT5","ADRM1",9606,0.439,0,0,0,0.371,0,0,0.145
"9606.ENSP00000280326","9606.ENSP00000364802","CCT5","HSPA1A",9606,0.449,0.043,0,0,0.323,0,0,0.218
"9606.ENSP00000280326","9606.ENSP00000385385","CCT5","PDIA6",9606,0.454,0,0,0,0.237,0,0,0.314
"9606.ENSP00000280326","9606.ENSP00000300209","CCT5","EEF1AKMT3",9606,0.457,0,0,0,0,0.457,0,0
"9606.ENSP00000280326","9606.ENSP00000495530","CCT5","ENO1",9606,0.466,0.043,0,0,0.296,0.062,0,0.255
"9606.ENSP00000280326","9606.ENSP00000321584","CCT5","IMPDH2",9606,0.467,0.054,0,0,0.372,0.063,0,0.156
"9606.ENSP00000280326","9606.ENSP00000469880","CCT5","VRK3",9606,0.474,0,0,0,0.057,0.457,0,0.056
"9606.ENSP00000280326","9606.ENSP00000416269","CCT5","DDX39B",9606,0.482,0,0,0,0.355,0.12,0,0.162
"9606.ENSP00000280326","9606.ENSP00000380070","CCT5","GAPDH",9606,0.483,0,0,0,0.286,0.111,0,0.251
"9606.ENSP00000280326","9606.ENSP00000356319","CCT5","KIF14",9606,0.486,0,0,0,0.085,0.457,0,0.049
"9606.ENSP00000280326","9606.ENSP00000362222","CCT5","STK40",9606,0.488,0,0,0,0,0.488,0,0
"9606.ENSP00000280326","9606.ENSP00000349168","CCT5","HNRNPH1",9606,0.497,0,0,0,0.312,0.184,0,0.177
"9606.ENSP00000280326","9606.ENSP00000497641","CCT5","EIF4A3",9606,0.499,0,0,0,0.454,0.054,0,0.108
"9606.ENSP00000280326","9606.ENSP00000371594","CCT5","GNG7",9606,0.5,0,0,0,0,0,0.5,0
"9606.ENSP00000280326","9606.ENSP00000334448","CCT5","GNG2",9606,0.504,0,0,0,0,0,0.5,0.05
"9606.ENSP00000280326","9606.ENSP00000371253","CCT5","GART",9606,0.521,0.059,0,0,0.402,0.067,0,0.196
"9606.ENSP00000280326","9606.ENSP00000410769","CCT5","CNBP",9606,0.523,0,0,0,0.462,0.072,0,0.123
"9606.ENSP00000280326","9606.ENSP00000365944","CCT5","FBXO6",9606,0.524,0,0,0,0,0.069,0.5,0.06
"9606.ENSP00000280326","9606.ENSP00000496250","CCT5","RPL11",9606,0.53,0,0,0,0.481,0.063,0,0.113
"9606.ENSP00000280326","9606.ENSP00000314508","CCT5","GBA",9606,0.539,0,0,0,0.079,0,0.5,0.081
"9606.ENSP00000280326","9606.ENSP00000313050","CCT5","NIPSNAP2",9606,0.542,0,0,0,0.072,0.457,0,0.165
"9606.ENSP00000280326","9606.ENSP00000429089","CCT5","CCNE2",9606,0.564,0,0,0,0.075,0.043,0.5,0.133
"9606.ENSP00000280326","9606.ENSP00000305260","CCT5","GNB2",9606,0.592,0,0,0,0.094,0.108,0.5,0.111
"9606.ENSP00000280326","9606.ENSP00000362334","CCT5","PSMB2",9606,0.592,0,0,0,0.479,0.045,0,0.246
"9606.ENSP00000280326","9606.ENSP00000358939","CCT5","SARS1",9606,0.663,0.049,0,0,0.632,0.073,0,0.084
"9606.ENSP00000280326","9606.ENSP00000380256","CCT5","CCNF",9606,0.714,0,0,0,0.075,0.704,0,0
"9606.ENSP00000280326","9606.ENSP00000443475","CCT5","TUBA1C",9606,0.723,0,0,0,0.336,0.172,0.5,0.112
"9606.ENSP00000280326","9606.ENSP00000301764","CCT5","DDB1",9606,0.858,0,0,0,0.179,0.8,0,0.209
"9606.ENSP00000280326","9606.ENSP00000458162","CCT5","ACTG1",9606,0.869,0,0,0,0.114,0.811,0,0.281
"9606.ENSP00000280326","9606.ENSP00000336799","CCT5","TUBA1B",9606,0.89,0,0,0,0.338,0.627,0.5,0.215
"9606.ENSP00000280326","9606.ENSP00000355114","CCT5","DCAF12",9606,0.923,0,0,0,0.048,0.9,0,0.265
"9606.ENSP00000280326","9606.ENSP00000377936","CCT5","PPP2R2B",9606,0.937,0,0,0,0.08,0.935,0,0
"9606.ENSP00000280326","9606.ENSP00000362041","CCT5","DNAJC9",9606,0.944,0.042,0,0,0.215,0.214,0.9,0.208
"9606.ENSP00000280326","9606.ENSP00000483236","CCT5","DCAF7",9606,0.945,0,0,0,0.075,0.891,0.5,0
"9606.ENSP00000280326","9606.ENSP00000339001","CCT5","TUBB",9606,0.946,0,0,0,0.336,0.905,0,0.223
"9606.ENSP00000280326","9606.ENSP00000494750","CCT5","ACTB",9606,0.953,0,0,0,0.109,0.876,0.5,0.255
"9606.ENSP00000280326","9606.ENSP00000341289","CCT5","TUBB4B",9606,0.971,0,0,0,0.326,0.905,0.5,0.221
"9606.ENSP00000280326","9606.ENSP00000437125","CCT5","HSPA8",9606,0.976,0.043,0,0,0.545,0.208,0.9,0.417
"9606.ENSP00000280326","9606.ENSP00000351646","CCT5","STIP1",9606,0.978,0,0,0,0.691,0.071,0.9,0.334
"9606.ENSP00000280326","9606.ENSP00000361540","CCT5","CDC20",9606,0.999,0,0,0,0.132,0.999,0,0.321
"9606.ENSP00000280326","9606.ENSP00000377958","CCT5","CCT4",9606,0.999,0,0,0.085,0.992,0.999,0.988,0.762
"9606.ENSP00000281950","9606.ENSP00000379181","GEMIN6","RAE1",9606,0.421,0,0,0,0.075,0,0.4,0
"9606.ENSP00000281950","9606.ENSP00000323867","GEMIN6","PRKAG1",9606,0.52,0,0,0,0.067,0,0,0.507
"9606.ENSP00000281950","9606.ENSP00000392270","GEMIN6","STRAP",9606,0.999,0,0,0,0.077,0.999,0.9,0.651
"9606.ENSP00000282074","9606.ENSP00000479617","SPC25","UHRF1",9606,0.418,0,0,0,0.353,0.054,0,0.126
"9606.ENSP00000282074","9606.ENSP00000496942","SPC25","JAGN1",9606,0.422,0,0,0,0.066,0,0,0.407
"9606.ENSP00000282074","9606.ENSP00000305480","SPC25","FEN1",9606,0.43,0,0,0,0.43,0,0,0
"9606.ENSP00000282074","9606.ENSP00000415430","SPC25","GTSE1",9606,0.437,0,0,0,0.381,0,0,0.129
"9606.ENSP00000282074","9606.ENSP00000360623","SPC25","ORC1",9606,0.443,0,0,0,0.356,0,0,0.171
"9606.ENSP00000282074","9606.ENSP00000418960","SPC25","BRCA1",9606,0.455,0,0,0,0.455,0,0,0
"9606.ENSP00000282074","9606.ENSP00000387007","SPC25","NCAPG2",9606,0.464,0,0,0,0.396,0,0,0.15
"9606.ENSP00000282074","9606.ENSP00000325017","SPC25","NCAPD2",9606,0.49,0,0,0,0.408,0,0,0.175
"9606.ENSP00000282074","9606.ENSP00000306999","SPC25","ESCO2",9606,0.511,0,0,0,0.511,0,0,0
"9606.ENSP00000282074","9606.ENSP00000356319","SPC25","KIF14",9606,0.536,0,0,0,0.503,0,0,0.106
"9606.ENSP00000282074","9606.ENSP00000493712","SPC25","RAD51",9606,0.548,0,0,0,0.548,0,0,0
"9606.ENSP00000282074","9606.ENSP00000357308","SPC25","CENPW",9606,0.57,0,0,0,0.454,0,0,0.245
"9606.ENSP00000282074","9606.ENSP00000377536","SPC25","PTTG1",9606,0.574,0,0,0,0.423,0,0,0.292
"9606.ENSP00000282074","9606.ENSP00000375873","SPC25","ATG16L1",9606,0.575,0,0,0,0,0.575,0,0
"9606.ENSP00000282074","9606.ENSP00000418268","SPC25","MCM10",9606,0.605,0,0,0,0.581,0,0,0.097
"9606.ENSP00000282074","9606.ENSP00000355966","SPC25","NEK2",9606,0.616,0,0,0,0.571,0,0,0.142
"9606.ENSP00000282074","9606.ENSP00000315644","SPC25","TYMS",9606,0.618,0,0,0,0.612,0,0,0.057
"9606.ENSP00000282074","9606.ENSP00000355506","SPC25","EXO1",9606,0.629,0,0,0,0.619,0,0,0.067
"9606.ENSP00000282074","9606.ENSP00000411532","SPC25","TOP2A",9606,0.63,0,0,0,0.565,0,0,0.185
"9606.ENSP00000282074","9606.ENSP00000306473","SPC25","SHCBP1",9606,0.635,0,0,0,0.635,0,0,0
"9606.ENSP00000282074","9606.ENSP00000362146","SPC25","CDCA8",9606,0.638,0,0,0,0.569,0,0,0.195
"9606.ENSP00000282074","9606.ENSP00000414109","SPC25","HJURP",9606,0.649,0,0,0,0.649,0,0,0
"9606.ENSP00000282074","9606.ENSP00000288207","SPC25","CCNB2",9606,0.658,0,0,0,0.332,0,0.4,0.216
"9606.ENSP00000282074","9606.ENSP00000353770","SPC25","RRM2",9606,0.678,0,0,0,0.656,0,0,0.104
"9606.ENSP00000282074","9606.ENSP00000328228","SPC25","CDCA2",9606,0.684,0,0,0,0.51,0,0,0.382
"9606.ENSP00000282074","9606.ENSP00000300035","SPC25","PCLAF",9606,0.697,0,0,0,0.697,0,0,0
"9606.ENSP00000282074","9606.ENSP00000357643","SPC25","MKI67",9606,0.697,0,0,0,0.693,0,0,0.054
"9606.ENSP00000282074","9606.ENSP00000363524","SPC25","KIF4A",9606,0.703,0,0,0,0.661,0,0,0.16
"9606.ENSP00000282074","9606.ENSP00000468425","SPC25","TK1",9606,0.706,0,0,0,0.706,0,0,0
"9606.ENSP00000282074","9606.ENSP00000499238","SPC25","NUSAP1",9606,0.715,0,0,0,0.638,0,0,0.246
"9606.ENSP00000282074","9606.ENSP00000355958","SPC25","DTL",9606,0.74,0,0,0,0.74,0,0,0
"9606.ENSP00000282074","9606.ENSP00000298048","SPC25","MELK",9606,0.772,0,0,0,0.772,0,0,0
"9606.ENSP00000282074","9606.ENSP00000361298","SPC25","KIF2C",9606,0.772,0,0,0,0.689,0,0,0.298
"9606.ENSP00000282074","9606.ENSP00000361540","SPC25","CDC20",9606,0.772,0,0,0,0.498,0,0.5,0.168
"9606.ENSP00000282074","9606.ENSP00000336868","SPC25","CENPA",9606,0.778,0,0,0,0.737,0.063,0,0.172
"9606.ENSP00000282074","9606.ENSP00000442068","SPC25","CDCA3",9606,0.778,0,0,0,0.738,0,0,0.189
"9606.ENSP00000282074","9606.ENSP00000481380","SPC25","CCNA2",9606,0.783,0,0,0,0.778,0,0,0.063
"9606.ENSP00000282074","9606.ENSP00000300403","SPC25","TPX2",9606,0.789,0,0,0,0.764,0,0,0.146
"9606.ENSP00000282074","9606.ENSP00000348838","SPC25","UBE2C",9606,0.801,0,0,0,0.76,0.064,0,0.187
"9606.ENSP00000282074","9606.ENSP00000301633","SPC25","BIRC5",9606,0.823,0,0,0,0.793,0,0,0.18
"9606.ENSP00000282074","9606.ENSP00000405726","SPC25","CDC45",9606,0.87,0,0,0,0.865,0,0,0.082
"9606.ENSP00000282074","9606.ENSP00000324020","SPC25","KIF15",9606,0.876,0,0,0,0.856,0,0,0.178
"9606.ENSP00000282074","9606.ENSP00000356379","SPC25","ASPM",9606,0.899,0,0,0,0.872,0,0,0.246
"9606.ENSP00000282074","9606.ENSP00000378699","SPC25","CDK1",9606,0.923,0,0,0,0.878,0,0.4,0
"9606.ENSP00000282074","9606.ENSP00000300093","SPC25","PLK1",9606,0.953,0,0,0,0.451,0,0.9,0.228
"9606.ENSP00000282074","9606.ENSP00000285116","SPC25","SKA1",9606,0.985,0,0,0,0.561,0.579,0.9,0.324
"9606.ENSP00000282074","9606.ENSP00000302530","SPC25","BUB1",9606,0.999,0,0,0,0.87,0.991,0.9,0.245
"9606.ENSP00000282074","9606.ENSP00000363055","SPC25","ZWINT",9606,0.999,0,0,0,0.682,0.999,0.9,0.294
"9606.ENSP00000282074","9606.ENSP00000389810","SPC25","DSN1",9606,0.999,0,0,0,0.273,0.999,0.9,0.382
"9606.ENSP00000282074","9606.ENSP00000465075","SPC25","SPC24",9606,0.999,0,0,0,0.387,0.999,0.9,0.924
"9606.ENSP00000282344","9606.ENSP00000353770","USP12","RRM2",9606,0.461,0,0,0,0,0.457,0,0.049
"9606.ENSP00000282344","9606.ENSP00000349168","USP12","HNRNPH1",9606,0.485,0,0,0,0.091,0.457,0,0
"9606.ENSP00000282344","9606.ENSP00000332194","USP12","H2AC20",9606,0.648,0,0,0,0,0.457,0,0.38
"9606.ENSP00000283027","9606.ENSP00000358149","NUBP1","BOLA1",9606,0.416,0,0,0,0.068,0,0,0.4
"9606.ENSP00000283027","9606.ENSP00000316512","NUBP1","TLK2",9606,0.435,0,0,0,0.077,0,0,0.414
"9606.ENSP00000283027","9606.ENSP00000429323","NUBP1","EIF2B4",9606,0.514,0,0,0,0.093,0,0,0.487
"9606.ENSP00000283027","9606.ENSP00000452007","NUBP1","ISCA2",9606,0.561,0.057,0,0,0.096,0.077,0,0.509
"9606.ENSP00000283027","9606.ENSP00000310623","NUBP1","ISCU",9606,0.711,0.11,0,0,0.132,0,0,0.657
"9606.ENSP00000283285","9606.ENSP00000388620","CD96","EOMES",9606,0.442,0,0,0,0.231,0,0,0.305
"9606.ENSP00000283285","9606.ENSP00000368538","CD96","TNFRSF4",9606,0.447,0,0,0,0.076,0,0,0.427
"9606.ENSP00000283285","9606.ENSP00000356793","CD96","XCL2",9606,0.449,0,0,0,0.22,0,0,0.323
"9606.ENSP00000283285","9606.ENSP00000356946","CD96","FCGR3A",9606,0.469,0,0,0,0.071,0,0,0.452
"9606.ENSP00000283285","9606.ENSP00000474412","CD96","CCL5",9606,0.502,0,0,0,0.31,0,0,0.309
"9606.ENSP00000283285","9606.ENSP00000380855","CD96","PDCD1LG2",9606,0.508,0,0,0,0.062,0,0,0.498
"9606.ENSP00000283285","9606.ENSP00000398568","CD96","PRF1",9606,0.566,0,0,0,0.242,0,0,0.451
"9606.ENSP00000283285","9606.ENSP00000357012","CD96","CD244",9606,0.651,0,0,0,0.221,0,0,0.571
"9606.ENSP00000283285","9606.ENSP00000312002","CD96","HAVCR2",9606,0.712,0,0,0,0.081,0,0,0.7
"9606.ENSP00000285116","9606.ENSP00000312995","SKA1","CLSPN",9606,0.425,0,0,0,0.267,0,0,0.248
"9606.ENSP00000285116","9606.ENSP00000300035","SKA1","PCLAF",9606,0.439,0,0,0,0.237,0,0,0.295
"9606.ENSP00000285116","9606.ENSP00000306999","SKA1","ESCO2",9606,0.441,0,0,0,0.4,0,0,0.108
"9606.ENSP00000285116","9606.ENSP00000298097","SKA1","FBXO33",9606,0.459,0,0,0,0,0,0,0.459
"9606.ENSP00000285116","9606.ENSP00000387007","SKA1","NCAPG2",9606,0.472,0,0,0,0.39,0,0,0.171
"9606.ENSP00000285116","9606.ENSP00000468425","SKA1","TK1",9606,0.487,0,0,0,0.274,0,0,0.323
"9606.ENSP00000285116","9606.ENSP00000353770","SKA1","RRM2",9606,0.49,0,0,0,0.316,0,0,0.285
"9606.ENSP00000285116","9606.ENSP00000377536","SKA1","PTTG1",9606,0.496,0,0,0,0.261,0,0,0.346
"9606.ENSP00000285116","9606.ENSP00000380256","SKA1","CCNF",9606,0.496,0,0,0,0.326,0.219,0,0.121
"9606.ENSP00000285116","9606.ENSP00000493712","SKA1","RAD51",9606,0.497,0,0,0,0.408,0,0,0.186
"9606.ENSP00000285116","9606.ENSP00000348838","SKA1","UBE2C",9606,0.512,0,0,0,0.334,0,0,0.298
"9606.ENSP00000285116","9606.ENSP00000357308","SKA1","CENPW",9606,0.517,0,0,0,0.271,0,0,0.365
"9606.ENSP00000285116","9606.ENSP00000415430","SKA1","GTSE1",9606,0.548,0,0,0,0.385,0,0,0.296
"9606.ENSP00000285116","9606.ENSP00000300403","SKA1","TPX2",9606,0.549,0,0,0,0.354,0,0,0.331
"9606.ENSP00000285116","9606.ENSP00000357643","SKA1","MKI67",9606,0.572,0,0,0,0.494,0,0,0.189
"9606.ENSP00000285116","9606.ENSP00000356379","SKA1","ASPM",9606,0.573,0,0,0,0.294,0,0,0.42
"9606.ENSP00000285116","9606.ENSP00000355966","SKA1","NEK2",9606,0.6,0,0,0,0.471,0,0,0.276
"9606.ENSP00000285116","9606.ENSP00000411532","SKA1","TOP2A",9606,0.602,0,0,0,0.315,0,0,0.443
"9606.ENSP00000285116","9606.ENSP00000356319","SKA1","KIF14",9606,0.627,0,0,0,0.55,0,0,0.207
"9606.ENSP00000285116","9606.ENSP00000499238","SKA1","NUSAP1",9606,0.651,0,0,0,0.452,0,0,0.39
"9606.ENSP00000285116","9606.ENSP00000301633","SKA1","BIRC5",9606,0.652,0,0,0,0.517,0,0,0.31
"9606.ENSP00000285116","9606.ENSP00000328228","SKA1","CDCA2",9606,0.661,0,0,0,0.511,0,0,0.337
"9606.ENSP00000285116","9606.ENSP00000355506","SKA1","EXO1",9606,0.661,0,0,0,0.596,0,0,0.197
"9606.ENSP00000285116","9606.ENSP00000324020","SKA1","KIF15",9606,0.667,0,0,0,0.553,0,0,0.286
"9606.ENSP00000285116","9606.ENSP00000361298","SKA1","KIF2C",9606,0.68,0,0,0,0.392,0,0,0.496
"9606.ENSP00000285116","9606.ENSP00000363524","SKA1","KIF4A",9606,0.688,0,0,0,0.518,0,0,0.38
"9606.ENSP00000285116","9606.ENSP00000306473","SKA1","SHCBP1",9606,0.706,0,0,0,0.625,0,0,0.25
"9606.ENSP00000285116","9606.ENSP00000481380","SKA1","CCNA2",9606,0.709,0,0,0,0.623,0,0,0.26
"9606.ENSP00000285116","9606.ENSP00000288207","SKA1","CCNB2",9606,0.719,0,0,0,0.317,0,0.4,0.37
"9606.ENSP00000285116","9606.ENSP00000418268","SKA1","MCM10",9606,0.719,0,0,0,0.578,0,0,0.363
"9606.ENSP00000285116","9606.ENSP00000414109","SKA1","HJURP",9606,0.737,0,0,0,0.562,0,0,0.425
"9606.ENSP00000285116","9606.ENSP00000336868","SKA1","CENPA",9606,0.748,0,0,0,0.546,0,0,0.469
"9606.ENSP00000285116","9606.ENSP00000442068","SKA1","CDCA3",9606,0.754,0,0,0,0.591,0,0,0.425
"9606.ENSP00000285116","9606.ENSP00000298048","SKA1","MELK",9606,0.774,0,0,0,0.698,0,0,0.285
"9606.ENSP00000285116","9606.ENSP00000362146","SKA1","CDCA8",9606,0.787,0,0,0,0.547,0,0,0.551
"9606.ENSP00000285116","9606.ENSP00000377936","SKA1","PPP2R2B",9606,0.88,0,0,0,0,0.843,0,0.272
"9606.ENSP00000285116","9606.ENSP00000361540","SKA1","CDC20",9606,0.915,0,0,0,0.378,0,0.8,0.377
"9606.ENSP00000285116","9606.ENSP00000378699","SKA1","CDK1",9606,0.929,0,0,0,0.834,0,0.4,0.346
"9606.ENSP00000285116","9606.ENSP00000389810","SKA1","DSN1",9606,0.957,0,0,0,0.185,0,0.9,0.522
"9606.ENSP00000285116","9606.ENSP00000363055","SKA1","ZWINT",9606,0.959,0,0,0,0.226,0,0.9,0.513
"9606.ENSP00000285116","9606.ENSP00000300093","SKA1","PLK1",9606,0.963,0,0,0,0.419,0,0.9,0.423
"9606.ENSP00000285116","9606.ENSP00000302530","SKA1","BUB1",9606,0.979,0,0,0,0.593,0,0.9,0.545
"9606.ENSP00000285116","9606.ENSP00000465075","SKA1","SPC24",9606,0.988,0,0,0,0.428,0.579,0.9,0.586
"9606.ENSP00000285697","9606.ENSP00000299138","C16orf87","VPS35",9606,0.428,0,0.263,0.229,0.075,0,0,0
"9606.ENSP00000285697","9606.ENSP00000296417","C16orf87","H2AZ1",9606,0.558,0,0,0,0.075,0.542,0,0
"9606.ENSP00000286424","9606.ENSP00000363993","TMBIM4","PSMB9",9606,0.57,0,0,0,0.075,0,0,0.555
"9606.ENSP00000286424","9606.ENSP00000364016","TMBIM4","PSMB8",9606,0.616,0,0,0,0.076,0,0,0.602
"9606.ENSP00000286424","9606.ENSP00000351314","TMBIM4","PSMB10",9606,0.685,0,0,0,0.097,0,0,0.666
"9606.ENSP00000286424","9606.ENSP00000362334","TMBIM4","PSMB2",9606,0.765,0,0,0,0.178,0,0,0.726
"9606.ENSP00000286548","9606.ENSP00000290949","GNAQ","ATP6V0D1",9606,0.416,0,0,0,0.416,0,0,0
"9606.ENSP00000286548","9606.ENSP00000335321","GNAQ","SF3B1",9606,0.423,0,0,0,0.078,0,0,0.4
"9606.ENSP00000286548","9606.ENSP00000369899","GNAQ","RRAGA",9606,0.563,0,0,0,0.083,0,0.54,0.049
"9606.ENSP00000286548","9606.ENSP00000323867","GNAQ","PRKAG1",9606,0.676,0,0,0,0.094,0,0.65,0.063
"9606.ENSP00000286548","9606.ENSP00000305372","GNAQ","ADRB2",9606,0.792,0,0,0,0.059,0.493,0,0.6
"9606.ENSP00000286548","9606.ENSP00000327246","GNAQ","VIPR1",9606,0.857,0,0,0,0,0.457,0.65,0.309
"9606.ENSP00000286548","9606.ENSP00000378483","GNAQ","RGS19",9606,0.88,0,0,0,0,0,0.5,0.771
"9606.ENSP00000286548","9606.ENSP00000332504","GNAQ","CCR10",9606,0.904,0,0,0,0,0,0.9,0.085
"9606.ENSP00000286548","9606.ENSP00000351059","GNAQ","CX3CR1",9606,0.911,0,0,0,0,0,0.9,0.15
"9606.ENSP00000286548","9606.ENSP00000371594","GNAQ","GNG7",9606,0.915,0,0,0,0,0.046,0.9,0.188
"9606.ENSP00000286548","9606.ENSP00000305260","GNAQ","GNB2",9606,0.972,0,0,0,0.239,0.502,0.9,0.363
"9606.ENSP00000286548","9606.ENSP00000360141","GNAQ","GNAS",9606,0.973,0,0,0.061,0.543,0.366,0.9,0.179
"9606.ENSP00000286548","9606.ENSP00000321326","GNAQ","F2R",9606,0.979,0,0,0,0,0.619,0.9,0.494
"9606.ENSP00000286548","9606.ENSP00000334448","GNAQ","GNG2",9606,0.99,0,0,0,0.096,0.823,0.9,0.495
"9606.ENSP00000287156","9606.ENSP00000359497","UBE2L6","GBP2",9606,0.467,0,0,0,0.276,0,0,0.294
"9606.ENSP00000287156","9606.ENSP00000351314","UBE2L6","PSMB10",9606,0.505,0,0,0,0.368,0.062,0,0.233
"9606.ENSP00000287156","9606.ENSP00000457411","UBE2L6","USP10",9606,0.527,0,0,0,0.061,0,0.5,0.075
"9606.ENSP00000287156","9606.ENSP00000471896","UBE2L6","IRF3",9606,0.57,0,0,0,0.074,0.044,0.4,0.286
"9606.ENSP00000287156","9606.ENSP00000316176","UBE2L6","UBE2N",9606,0.614,0,0,0,0.155,0.131,0.4,0.229
"9606.ENSP00000287156","9606.ENSP00000346206","UBE2L6","TAP1",9606,0.692,0,0,0,0.681,0,0,0.076
"9606.ENSP00000287156","9606.ENSP00000321330","UBE2L6","RNF144A",9606,0.704,0,0,0,0,0.654,0,0.182
"9606.ENSP00000287156","9606.ENSP00000388001","UBE2L6","OAS1",9606,0.773,0,0,0,0.644,0,0,0.39
"9606.ENSP00000287156","9606.ENSP00000342278","UBE2L6","OAS2",9606,0.787,0,0,0,0.658,0,0,0.404
"9606.ENSP00000287156","9606.ENSP00000364016","UBE2L6","PSMB8",9606,0.816,0,0,0,0.734,0.062,0,0.324
"9606.ENSP00000287156","9606.ENSP00000363993","UBE2L6","PSMB9",9606,0.895,0,0,0,0.853,0,0,0.32
"9606.ENSP00000287156","9606.ENSP00000354394","UBE2L6","STAT1",9606,0.909,0,0,0,0.769,0,0.4,0.401
"9606.ENSP00000287156","9606.ENSP00000395590","UBE2L6","IFI35",9606,0.911,0,0,0,0.865,0,0,0.369
"9606.ENSP00000287600","9606.ENSP00000367476","PDE6D","CEP104",9606,0.49,0,0,0,0,0,0,0.49
"9606.ENSP00000287600","9606.ENSP00000305260","PDE6D","GNB2",9606,0.508,0,0,0,0.075,0.456,0,0.101
"9606.ENSP00000288207","9606.ENSP00000344635","CCNB2","CCNG1",9606,0.407,0,0,0,0.078,0,0,0.384
"9606.ENSP00000288207","9606.ENSP00000310226","CCNB2","RAB1B",9606,0.409,0,0,0,0.056,0,0.4,0
"9606.ENSP00000288207","9606.ENSP00000479617","CCNB2","UHRF1",9606,0.426,0,0,0,0.236,0,0,0.28
"9606.ENSP00000288207","9606.ENSP00000296417","CCNB2","H2AZ1",9606,0.427,0,0,0,0.293,0.07,0,0.199
"9606.ENSP00000288207","9606.ENSP00000320147","CCNB2","EZH2",9606,0.432,0,0,0,0.238,0,0,0.286
"9606.ENSP00000288207","9606.ENSP00000306473","CCNB2","SHCBP1",9606,0.437,0,0,0,0.346,0,0,0.175
"9606.ENSP00000288207","9606.ENSP00000379181","CCNB2","RAE1",9606,0.463,0,0,0,0.075,0.078,0.4,0.075
"9606.ENSP00000288207","9606.ENSP00000355958","CCNB2","DTL",9606,0.464,0,0,0,0.35,0,0,0.21
"9606.ENSP00000288207","9606.ENSP00000418960","CCNB2","BRCA1",9606,0.47,0,0,0,0.229,0,0,0.341
"9606.ENSP00000288207","9606.ENSP00000306999","CCNB2","ESCO2",9606,0.486,0,0,0,0.302,0.131,0,0.222
"9606.ENSP00000288207","9606.ENSP00000323246","CCNB2","E2F7",9606,0.487,0,0,0,0.28,0,0,0.318
"9606.ENSP00000288207","9606.ENSP00000410452","CCNB2","STMN1",9606,0.494,0,0,0,0.335,0.056,0,0.26
"9606.ENSP00000288207","9606.ENSP00000380256","CCNB2","CCNF",9606,0.504,0,0,0,0.357,0,0,0.261
"9606.ENSP00000288207","9606.ENSP00000355249","CCNB2","E2F2",9606,0.505,0,0,0,0.129,0,0,0.455
"9606.ENSP00000288207","9606.ENSP00000305480","CCNB2","FEN1",9606,0.52,0,0,0,0.296,0.075,0,0.323
"9606.ENSP00000288207","9606.ENSP00000306968","CCNB2","CDCA7",9606,0.526,0,0,0,0.291,0.067,0,0.341
"9606.ENSP00000288207","9606.ENSP00000389810","CCNB2","DSN1",9606,0.527,0,0,0,0.158,0.056,0.4,0.126
"9606.ENSP00000288207","9606.ENSP00000494750","CCNB2","ACTB",9606,0.53,0,0,0,0.297,0.104,0,0.314
"9606.ENSP00000288207","9606.ENSP00000300738","CCNB2","RRM1",9606,0.542,0,0,0,0.398,0,0,0.271
"9606.ENSP00000288207","9606.ENSP00000360623","CCNB2","ORC1",9606,0.555,0,0,0,0.263,0.257,0,0.254
"9606.ENSP00000288207","9606.ENSP00000380070","CCNB2","GAPDH",9606,0.558,0,0,0,0.259,0,0,0.428
"9606.ENSP00000288207","9606.ENSP00000357308","CCNB2","CENPW",9606,0.574,0,0,0,0.461,0,0,0.243
"9606.ENSP00000288207","9606.ENSP00000418268","CCNB2","MCM10",9606,0.576,0,0,0,0.324,0,0,0.399
"9606.ENSP00000288207","9606.ENSP00000355506","CCNB2","EXO1",9606,0.588,0,0,0,0.397,0.072,0,0.323
"9606.ENSP00000288207","9606.ENSP00000307288","CCNB2","MCM7",9606,0.604,0,0,0,0.303,0,0,0.456
"9606.ENSP00000288207","9606.ENSP00000480987","CCNB2","MCM3",9606,0.626,0,0,0,0.3,0.072,0,0.471
"9606.ENSP00000288207","9606.ENSP00000362592","CCNB2","RBBP4",9606,0.63,0,0,0,0.159,0.056,0.5,0.179
"9606.ENSP00000288207","9606.ENSP00000478877","CCNB2","ADRM1",9606,0.651,0,0,0,0.075,0,0,0.639
"9606.ENSP00000288207","9606.ENSP00000356319","CCNB2","KIF14",9606,0.658,0,0,0,0.436,0,0,0.42
"9606.ENSP00000288207","9606.ENSP00000468425","CCNB2","TK1",9606,0.687,0,0,0,0.527,0,0,0.366
"9606.ENSP00000288207","9606.ENSP00000324020","CCNB2","KIF15",9606,0.688,0,0,0,0.497,0.062,0,0.392
"9606.ENSP00000288207","9606.ENSP00000465075","CCNB2","SPC24",9606,0.691,0,0,0,0.381,0,0.4,0.237
"9606.ENSP00000288207","9606.ENSP00000493712","CCNB2","RAD51",9606,0.693,0,0,0,0.419,0.305,0,0.302
"9606.ENSP00000288207","9606.ENSP00000325017","CCNB2","NCAPD2",9606,0.702,0,0,0,0.35,0,0.4,0.298
"9606.ENSP00000288207","9606.ENSP00000438483","CCNB2","KPNA2",9606,0.725,0,0,0,0.543,0.157,0,0.344
"9606.ENSP00000288207","9606.ENSP00000328228","CCNB2","CDCA2",9606,0.734,0,0,0,0.542,0,0,0.444
"9606.ENSP00000288207","9606.ENSP00000353770","CCNB2","RRM2",9606,0.75,0,0,0,0.398,0,0,0.602
"9606.ENSP00000288207","9606.ENSP00000357643","CCNB2","MKI67",9606,0.766,0,0,0,0.554,0,0,0.498
"9606.ENSP00000288207","9606.ENSP00000308193","CCNB2","RNASEH2C",9606,0.795,0,0,0,0,0.795,0,0
"9606.ENSP00000288207","9606.ENSP00000363524","CCNB2","KIF4A",9606,0.797,0,0,0,0.579,0,0,0.538
"9606.ENSP00000288207","9606.ENSP00000414109","CCNB2","HJURP",9606,0.801,0,0,0,0.711,0,0,0.341
"9606.ENSP00000288207","9606.ENSP00000355966","CCNB2","NEK2",9606,0.816,0,0,0,0.597,0,0,0.563
"9606.ENSP00000288207","9606.ENSP00000383611","CCNB2","CCNL2",9606,0.817,0,0,0,0,0,0,0.817
"9606.ENSP00000288207","9606.ENSP00000300035","CCNB2","PCLAF",9606,0.824,0,0,0,0.719,0,0,0.4
"9606.ENSP00000288207","9606.ENSP00000363055","CCNB2","ZWINT",9606,0.825,0,0,0,0.498,0,0.4,0.468
"9606.ENSP00000288207","9606.ENSP00000315644","CCNB2","TYMS",9606,0.854,0,0,0,0.779,0,0,0.37
"9606.ENSP00000288207","9606.ENSP00000405726","CCNB2","CDC45",9606,0.857,0,0,0,0.629,0.095,0,0.609
"9606.ENSP00000288207","9606.ENSP00000415430","CCNB2","GTSE1",9606,0.857,0,0,0,0.592,0,0.4,0.466
"9606.ENSP00000288207","9606.ENSP00000442068","CCNB2","CDCA3",9606,0.888,0,0,0,0.783,0,0,0.507
"9606.ENSP00000288207","9606.ENSP00000298048","CCNB2","MELK",9606,0.897,0,0,0,0.744,0.131,0,0.575
"9606.ENSP00000288207","9606.ENSP00000362146","CCNB2","CDCA8",9606,0.91,0,0,0,0.651,0,0.4,0.606
"9606.ENSP00000288207","9606.ENSP00000300403","CCNB2","TPX2",9606,0.93,0,0,0,0.845,0.044,0,0.57
"9606.ENSP00000288207","9606.ENSP00000356379","CCNB2","ASPM",9606,0.935,0,0,0,0.841,0,0,0.612
"9606.ENSP00000288207","9606.ENSP00000499238","CCNB2","NUSAP1",9606,0.939,0,0,0,0.853,0,0,0.606
"9606.ENSP00000288207","9606.ENSP00000348838","CCNB2","UBE2C",9606,0.942,0,0,0,0.855,0,0,0.622
"9606.ENSP00000288207","9606.ENSP00000336868","CCNB2","CENPA",9606,0.947,0,0,0,0.821,0,0.4,0.547
"9606.ENSP00000288207","9606.ENSP00000361298","CCNB2","KIF2C",9606,0.952,0,0,0,0.82,0,0.4,0.595
"9606.ENSP00000288207","9606.ENSP00000481380","CCNB2","CCNA2",9606,0.956,0,0,0.108,0.858,0.175,0.5,0.299
"9606.ENSP00000288207","9606.ENSP00000377536","CCNB2","PTTG1",9606,0.957,0,0,0,0.871,0,0,0.686
"9606.ENSP00000288207","9606.ENSP00000429089","CCNB2","CCNE2",9606,0.957,0,0,0,0.449,0.893,0,0.33
"9606.ENSP00000288207","9606.ENSP00000301633","CCNB2","BIRC5",9606,0.961,0,0,0,0.856,0.089,0.4,0.565
"9606.ENSP00000288207","9606.ENSP00000411532","CCNB2","TOP2A",9606,0.963,0,0,0,0.875,0,0,0.72
"9606.ENSP00000288207","9606.ENSP00000311083","CCNB2","CKS1B",9606,0.983,0,0,0,0.378,0.951,0,0.498
"9606.ENSP00000288207","9606.ENSP00000302530","CCNB2","BUB1",9606,0.985,0,0,0,0.857,0.183,0.4,0.82
"9606.ENSP00000288207","9606.ENSP00000364976","CCNB2","CKS2",9606,0.988,0,0,0,0.422,0.953,0,0.607
"9606.ENSP00000288207","9606.ENSP00000300093","CCNB2","PLK1",9606,0.994,0,0,0,0.83,0.126,0.9,0.69
"9606.ENSP00000288207","9606.ENSP00000361540","CCNB2","CDC20",9606,0.998,0,0,0,0.913,0,0.9,0.806
"9606.ENSP00000288207","9606.ENSP00000378699","CCNB2","CDK1",9606,0.999,0,0,0,0.903,0.999,0.9,0.885
"9606.ENSP00000289361","9606.ENSP00000398568","BTN3A1","PRF1",9606,0.434,0,0,0,0.117,0,0,0.386
"9606.ENSP00000289361","9606.ENSP00000353099","BTN3A1","HLA-DRB1",9606,0.435,0,0,0,0.08,0,0,0.412
"9606.ENSP00000289361","9606.ENSP00000349168","BTN3A1","HNRNPH1",9606,0.457,0,0,0,0,0.457,0,0
"9606.ENSP00000289361","9606.ENSP00000364080","BTN3A1","HLA-DQB1",9606,0.457,0,0,0,0.08,0,0,0.435
"9606.ENSP00000289361","9606.ENSP00000363993","BTN3A1","PSMB9",9606,0.61,0,0,0,0.437,0,0,0.337
"9606.ENSP00000289968","9606.ENSP00000413625","ARHGAP17","FNBP1",9606,0.652,0,0,0,0.135,0.456,0,0.321
"9606.ENSP00000289968","9606.ENSP00000497104","ARHGAP17","SH3BP1",9606,0.999,0,0,0,0.145,0.999,0,0.072
"9606.ENSP00000290200","9606.ENSP00000378320","IL10RB","TTC7A",9606,0.41,0,0,0,0.075,0,0,0.389
"9606.ENSP00000290200","9606.ENSP00000393566","IL10RB","HLA-DPA1",9606,0.426,0,0,0,0.075,0,0,0.405
"9606.ENSP00000290200","9606.ENSP00000365435","IL10RB","TNFRSF1B",9606,0.447,0,0,0,0.246,0,0,0.297
"9606.ENSP00000290200","9606.ENSP00000388001","IL10RB","OAS1",9606,0.468,0,0,0,0.121,0,0,0.42
"9606.ENSP00000290200","9606.ENSP00000470788","IL10RB","IL12RB1",9606,0.475,0,0,0,0.13,0,0,0.422
"9606.ENSP00000290200","9606.ENSP00000398698","IL10RB","TNF",9606,0.502,0,0,0,0.122,0,0,0.457
"9606.ENSP00000290200","9606.ENSP00000326706","IL10RB","PLEKHO2",9606,0.52,0,0,0.46,0.075,0,0,0.117
"9606.ENSP00000290200","9606.ENSP00000375873","IL10RB","ATG16L1",9606,0.566,0,0,0,0,0.457,0,0.235
"9606.ENSP00000290200","9606.ENSP00000371253","IL10RB","GART",9606,0.615,0,0,0,0,0,0,0.615
"9606.ENSP00000290200","9606.ENSP00000354394","IL10RB","STAT1",9606,0.978,0,0,0,0.107,0,0.9,0.783
"9606.ENSP00000290663","9606.ENSP00000306999","MED8","ESCO2",9606,0.505,0,0,0,0.075,0,0,0.487
"9606.ENSP00000290663","9606.ENSP00000367034","MED8","H4C3",9606,0.8,0,0,0,0,0.8,0,0
"9606.ENSP00000290663","9606.ENSP00000296417","MED8","H2AZ1",9606,0.805,0,0,0,0.065,0.8,0,0
"9606.ENSP00000290663","9606.ENSP00000312002","MED8","HAVCR2",9606,0.9,0,0,0,0,0,0.9,0
"9606.ENSP00000290663","9606.ENSP00000435210","MED8","BCLAF1",9606,0.903,0,0,0,0,0,0.9,0.077
"9606.ENSP00000290663","9606.ENSP00000301633","MED8","BIRC5",9606,0.958,0,0,0,0,0.958,0,0
"9606.ENSP00000290663","9606.ENSP00000326767","MED8","MED25",9606,0.99,0,0,0,0.075,0.844,0.9,0.399
"9606.ENSP00000290663","9606.ENSP00000362948","MED8","MED18",9606,0.999,0,0,0,0.118,0.999,0.9,0.84
"9606.ENSP00000290949","9606.ENSP00000356319","ATP6V0D1","KIF14",9606,0.457,0,0,0,0,0.457,0,0
"9606.ENSP00000290949","9606.ENSP00000295317","ATP6V0D1","RNF149",9606,0.476,0,0,0,0.075,0.457,0,0
"9606.ENSP00000290949","9606.ENSP00000393762","ATP6V0D1","SESN1",9606,0.509,0,0,0,0,0,0.5,0.06
"9606.ENSP00000290949","9606.ENSP00000305260","ATP6V0D1","GNB2",9606,0.564,0,0,0,0.334,0.322,0,0.113
"9606.ENSP00000290949","9606.ENSP00000360437","ATP6V0D1","FAM210B",9606,0.626,0,0,0,0,0.626,0,0
"9606.ENSP00000290949","9606.ENSP00000369899","ATP6V0D1","RRAGA",9606,0.635,0,0,0,0.124,0,0.5,0.234
"9606.ENSP00000290949","9606.ENSP00000360316","ATP6V0D1","DHCR24",9606,0.674,0,0,0,0.075,0.663,0,0
"9606.ENSP00000290949","9606.ENSP00000343885","ATP6V0D1","PPA2",9606,0.692,0,0,0,0.085,0,0.65,0.116
"9606.ENSP00000290949","9606.ENSP00000356790","ATP6V0D1","ATP1B1",9606,0.757,0,0,0,0.075,0,0.72,0.138
"9606.ENSP00000290949","9606.ENSP00000429690","ATP6V0D1","ATP6V0E1",9606,0.979,0,0,0,0.133,0.923,0.5,0.466
"9606.ENSP00000290949","9606.ENSP00000363162","ATP6V0D1","ATP6V1G1",9606,0.989,0,0,0,0.179,0.882,0.72,0.647
"9606.ENSP00000292586","9606.ENSP00000360850","MRNIP","MRPS2",9606,0.475,0.069,0,0,0.395,0.078,0,0.11
"9606.ENSP00000292586","9606.ENSP00000306788","MRNIP","ARL6IP1",9606,0.511,0,0,0,0.304,0.275,0,0.109
"9606.ENSP00000292586","9606.ENSP00000470560","MRNIP","EMG1",9606,0.62,0.042,0,0,0.105,0.581,0,0.068
"9606.ENSP00000292586","9606.ENSP00000328854","MRNIP","NOC4L",9606,0.757,0,0,0,0.067,0.751,0,0
"9606.ENSP00000292586","9606.ENSP00000358812","MRNIP","PDCD11",9606,0.776,0.045,0,0,0.287,0.651,0,0.172
"9606.ENSP00000292586","9606.ENSP00000326981","MRNIP","IMP3",9606,0.823,0.054,0,0,0.544,0.581,0,0.139
"9606.ENSP00000292586","9606.ENSP00000395590","MRNIP","IFI35",9606,0.872,0,0,0,0.686,0.512,0,0.235
"9606.ENSP00000292586","9606.ENSP00000496250","MRNIP","RPL11",9606,0.945,0,0,0,0.798,0.699,0,0.177
"9606.ENSP00000293860","9606.ENSP00000326981","POLR3K","IMP3",9606,0.401,0,0,0,0.386,0.065,0,0
"9606.ENSP00000293860","9606.ENSP00000370532","POLR3K","GTF3A",9606,0.614,0,0,0,0.08,0.069,0.5,0.207
"9606.ENSP00000295317","9606.ENSP00000307260","RNF149","TBL2",9606,0.457,0,0,0,0,0.457,0,0.042
"9606.ENSP00000295317","9606.ENSP00000346483","RNF149","DDRGK1",9606,0.457,0,0,0,0,0.457,0,0
"9606.ENSP00000295317","9606.ENSP00000351646","RNF149","STIP1",9606,0.457,0,0,0,0,0.457,0,0
"9606.ENSP00000295317","9606.ENSP00000355325","RNF149","PSMB5",9606,0.457,0,0,0,0,0.457,0,0.042
"9606.ENSP00000295317","9606.ENSP00000356790","RNF149","ATP1B1",9606,0.457,0,0,0,0,0.457,0,0
"9606.ENSP00000295317","9606.ENSP00000377470","RNF149","CNP",9606,0.457,0,0,0,0,0.457,0,0
"9606.ENSP00000295317","9606.ENSP00000378699","RNF149","CDK1",9606,0.457,0,0,0,0,0.457,0,0
"9606.ENSP00000295317","9606.ENSP00000385385","RNF149","PDIA6",9606,0.457,0,0,0,0,0.457,0,0
"9606.ENSP00000295317","9606.ENSP00000403210","RNF149","EMC9",9606,0.457,0,0,0,0,0.457,0,0
"9606.ENSP00000295317","9606.ENSP00000498336","RNF149","MTHFD1",9606,0.457,0,0,0,0,0.457,0,0
"9606.ENSP00000295317","9606.ENSP00000310226","RNF149","RAB1B",9606,0.459,0,0,0,0,0.457,0,0.046
"9606.ENSP00000295317","9606.ENSP00000376472","RNF149","STT3A",9606,0.459,0,0,0,0.046,0.457,0,0
"9606.ENSP00000295317","9606.ENSP00000377958","RNF149","CCT4",9606,0.46,0,0,0,0.047,0.457,0,0
"9606.ENSP00000295317","9606.ENSP00000438886","RNF149","CDK5RAP3",9606,0.46,0,0,0,0.047,0.457,0,0
"9606.ENSP00000295317","9606.ENSP00000362592","RNF149","RBBP4",9606,0.462,0,0,0,0,0.457,0,0.051
"9606.ENSP00000295317","9606.ENSP00000477572","RNF149","HMOX2",9606,0.466,0,0,0,0.058,0.457,0,0
"9606.ENSP00000295317","9606.ENSP00000363591","RNF149","BAK1",9606,0.467,0,0,0,0.06,0.457,0,0
"9606.ENSP00000295317","9606.ENSP00000463393","RNF149","SEC22B",9606,0.471,0,0,0,0.066,0.457,0,0
"9606.ENSP00000295317","9606.ENSP00000295704","RNF149","RNF25",9606,0.472,0,0,0,0,0,0,0.472
"9606.ENSP00000295317","9606.ENSP00000335632","RNF149","CHP1",9606,0.475,0,0,0,0.071,0.459,0,0
"9606.ENSP00000295317","9606.ENSP00000328325","RNF149","PTTG1IP",9606,0.476,0,0,0,0.075,0.457,0,0
"9606.ENSP00000295317","9606.ENSP00000369538","RNF149","GDI2",9606,0.476,0,0,0,0.075,0.457,0,0.042
"9606.ENSP00000295317","9606.ENSP00000447730","RNF149","CD63",9606,0.476,0,0,0,0.075,0.457,0,0
"9606.ENSP00000295317","9606.ENSP00000386710","RNF149","ATG9A",9606,0.478,0,0,0,0.075,0.457,0,0.045
"9606.ENSP00000295317","9606.ENSP00000359911","RNF149","RAP2C",9606,0.48,0,0,0,0.075,0.457,0,0.048
"9606.ENSP00000295317","9606.ENSP00000420443","RNF149","CNIH4",9606,0.48,0,0,0,0.082,0.457,0,0
"9606.ENSP00000295317","9606.ENSP00000495530","RNF149","ENO1",9606,0.483,0,0,0,0.064,0.457,0,0.065
"9606.ENSP00000295317","9606.ENSP00000368646","RNF149","PRDX4",9606,0.492,0,0,0,0,0.457,0,0.103
"9606.ENSP00000295317","9606.ENSP00000380070","RNF149","GAPDH",9606,0.494,0,0,0,0.063,0.457,0,0.086
"9606.ENSP00000295317","9606.ENSP00000299138","RNF149","VPS35",9606,0.497,0,0,0,0.112,0.457,0,0
"9606.ENSP00000295588","9606.ENSP00000365944","POGLUT1","FBXO6",9606,0.637,0,0,0,0,0.637,0,0
"9606.ENSP00000295619","9606.ENSP00000496959","PROK2","ITGAM",9606,0.477,0,0,0,0.155,0,0,0.407
"9606.ENSP00000295619","9606.ENSP00000321326","PROK2","F2R",9606,0.537,0,0,0,0.055,0,0.5,0.1
"9606.ENSP00000295619","9606.ENSP00000360268","PROK2","ALDH18A1",9606,0.61,0,0,0,0,0,0,0.61
"9606.ENSP00000295704","9606.ENSP00000375951","RNF25","TTLL4",9606,0.436,0,0,0,0.07,0,0,0.419
"9606.ENSP00000295704","9606.ENSP00000379931","RNF25","UBE2E2",9606,0.844,0,0,0,0.066,0.811,0,0.19
"9606.ENSP00000295767","9606.ENSP00000396308","CHCHD4","DHFR",9606,0.426,0,0,0,0.158,0,0,0.347
"9606.ENSP00000295767","9606.ENSP00000297613","CHCHD4","RPP25L",9606,0.52,0,0,0,0,0.52,0,0
"9606.ENSP00000295767","9606.ENSP00000430598","CHCHD4","ATOX1",9606,0.637,0,0,0,0.065,0,0,0.628
"9606.ENSP00000295767","9606.ENSP00000299138","CHCHD4","VPS35",9606,0.823,0,0,0,0,0.803,0,0.14
"9606.ENSP00000295872","9606.ENSP00000342278","SPICE1","OAS2",9606,0.415,0,0,0.415,0,0,0,0
"9606.ENSP00000295872","9606.ENSP00000306105","SPICE1","CEP89",9606,0.431,0,0,0,0.094,0,0,0.398
"9606.ENSP00000295872","9606.ENSP00000360944","SPICE1","STIL",9606,0.543,0,0,0,0.094,0,0,0.517
"9606.ENSP00000296149","9606.ENSP00000354813","ELP6","MT-ND5",9606,0.509,0,0,0,0.066,0,0,0.496
"9606.ENSP00000296149","9606.ENSP00000364016","ELP6","PSMB8",9606,0.768,0,0,0,0,0.768,0,0
"9606.ENSP00000296149","9606.ENSP00000355325","ELP6","PSMB5",9606,0.792,0,0,0,0.075,0.785,0,0
"9606.ENSP00000296149","9606.ENSP00000325634","ELP6","ZNF639",9606,0.933,0,0,0,0.066,0.932,0,0
"9606.ENSP00000296417","9606.ENSP00000481380","H2AZ1","CCNA2",9606,0.401,0,0,0,0.242,0,0,0.243
"9606.ENSP00000296417","9606.ENSP00000379931","H2AZ1","UBE2E2",9606,0.405,0,0,0,0.057,0.1,0,0.356
"9606.ENSP00000296417","9606.ENSP00000353770","H2AZ1","RRM2",9606,0.406,0,0,0,0.349,0,0,0.126
"9606.ENSP00000296417","9606.ENSP00000479617","H2AZ1","UHRF1",9606,0.425,0,0,0,0.094,0.211,0,0.261
"9606.ENSP00000296417","9606.ENSP00000405726","H2AZ1","CDC45",9606,0.426,0,0,0,0.193,0.211,0,0.172
"9606.ENSP00000296417","9606.ENSP00000410452","H2AZ1","STMN1",9606,0.426,0,0,0,0.276,0.062,0,0.224
"9606.ENSP00000296417","9606.ENSP00000480987","H2AZ1","MCM3",9606,0.438,0,0,0,0.259,0.159,0,0.171
"9606.ENSP00000296417","9606.ENSP00000377536","H2AZ1","PTTG1",9606,0.446,0,0,0,0.343,0,0,0.192
"9606.ENSP00000296417","9606.ENSP00000438483","H2AZ1","KPNA2",9606,0.455,0,0,0,0.246,0,0,0.307
"9606.ENSP00000296417","9606.ENSP00000443475","H2AZ1","TUBA1C",9606,0.46,0,0,0,0.289,0.216,0,0.11
"9606.ENSP00000296417","9606.ENSP00000380070","H2AZ1","GAPDH",9606,0.472,0,0,0,0.22,0,0,0.352
"9606.ENSP00000296417","9606.ENSP00000357308","H2AZ1","CENPW",9606,0.474,0,0,0,0.403,0,0,0.156
"9606.ENSP00000296417","9606.ENSP00000493712","H2AZ1","RAD51",9606,0.475,0,0,0,0.125,0,0,0.425
"9606.ENSP00000296417","9606.ENSP00000479904","H2AZ1","ZMYM2",9606,0.478,0,0,0,0,0.472,0,0.052
"9606.ENSP00000296417","9606.ENSP00000356319","H2AZ1","KIF14",9606,0.487,0,0,0,0.094,0.457,0,0
"9606.ENSP00000296417","9606.ENSP00000300738","H2AZ1","RRM1",9606,0.49,0,0,0,0.405,0.069,0,0.154
"9606.ENSP00000296417","9606.ENSP00000378699","H2AZ1","CDK1",9606,0.497,0,0,0,0.291,0.108,0,0.269
"9606.ENSP00000296417","9606.ENSP00000457411","H2AZ1","USP10",9606,0.502,0,0,0,0.075,0.429,0,0.133
"9606.ENSP00000296417","9606.ENSP00000330074","H2AZ1","H1-5",9606,0.528,0,0,0,0.162,0.256,0,0.305
"9606.ENSP00000296417","9606.ENSP00000320147","H2AZ1","EZH2",9606,0.533,0,0,0,0.151,0.095,0,0.442
"9606.ENSP00000296417","9606.ENSP00000311083","H2AZ1","CKS1B",9606,0.539,0,0,0,0.393,0,0,0.272
"9606.ENSP00000296417","9606.ENSP00000307288","H2AZ1","MCM7",9606,0.542,0,0,0,0.323,0.215,0,0.208
"9606.ENSP00000296417","9606.ENSP00000362592","H2AZ1","RBBP4",9606,0.608,0,0,0,0.333,0.169,0,0.35
"9606.ENSP00000296417","9606.ENSP00000403039","H2AZ1","HP1BP3",9606,0.612,0,0,0,0.11,0.555,0,0.101
"9606.ENSP00000296417","9606.ENSP00000364976","H2AZ1","CKS2",9606,0.662,0,0,0,0.409,0,0,0.452
"9606.ENSP00000296417","9606.ENSP00000411532","H2AZ1","TOP2A",9606,0.67,0,0,0,0.225,0.386,0,0.364
"9606.ENSP00000296417","9606.ENSP00000433760","H2AZ1","BANF1",9606,0.671,0,0,0,0.357,0.216,0,0.401
"9606.ENSP00000296417","9606.ENSP00000301764","H2AZ1","DDB1",9606,0.692,0,0,0,0.061,0.615,0,0.217
"9606.ENSP00000296417","9606.ENSP00000437125","H2AZ1","HSPA8",9606,0.746,0,0,0,0.283,0.614,0,0.157
"9606.ENSP00000296417","9606.ENSP00000336799","H2AZ1","TUBA1B",9606,0.763,0,0,0,0.643,0.216,0,0.222
"9606.ENSP00000296417","9606.ENSP00000326767","H2AZ1","MED25",9606,0.803,0,0,0,0,0.8,0,0.057
"9606.ENSP00000296417","9606.ENSP00000362948","H2AZ1","MED18",9606,0.827,0,0,0,0.09,0.8,0,0.129
"9606.ENSP00000296417","9606.ENSP00000458162","H2AZ1","ACTG1",9606,0.87,0,0,0,0.217,0.829,0,0.112
"9606.ENSP00000296417","9606.ENSP00000336868","H2AZ1","CENPA",9606,0.883,0,0,0,0.131,0.596,0,0.694
"9606.ENSP00000296417","9606.ENSP00000366679","H2AZ1","H2AC12",9606,0.891,0,0,0.055,0.867,0.161,0,0.089
"9606.ENSP00000296417","9606.ENSP00000494750","H2AZ1","ACTB",9606,0.9,0,0,0,0.216,0.829,0,0.314
"9606.ENSP00000296417","9606.ENSP00000328484","H2AZ1","H2AC14",9606,0.936,0,0,0.055,0.876,0.161,0.4,0.087
"9606.ENSP00000296417","9606.ENSP00000362166","H2AZ1","MEAF6",9606,0.943,0,0,0,0.117,0.915,0,0.311
"9606.ENSP00000296417","9606.ENSP00000367034","H2AZ1","H4C3",9606,0.947,0,0,0,0.288,0.9,0,0.326
"9606.ENSP00000296417","9606.ENSP00000332194","H2AZ1","H2AC20",9606,0.957,0,0,0.055,0.885,0.22,0.4,0.298
"9606.ENSP00000296417","9606.ENSP00000483903","H2AZ1","H2BC15",9606,0.968,0,0,0,0.301,0.903,0.4,0.313
"9606.ENSP00000296417","9606.ENSP00000397552","H2AZ1","ACTL6A",9606,0.996,0,0,0,0.211,0.992,0,0.454
"9606.ENSP00000296417","9606.ENSP00000349430","H2AZ1","H2BC12",9606,0.999,0,0,0,0.322,0.999,0.4,0.344
"9606.ENSP00000296511","9606.ENSP00000363591","ANXA5","BAK1",9606,0.409,0,0,0,0.06,0,0,0.398
"9606.ENSP00000296511","9606.ENSP00000474412","ANXA5","CCL5",9606,0.409,0,0,0,0.064,0,0,0.395
"9606.ENSP00000296511","9606.ENSP00000498852","ANXA5","SPN",9606,0.424,0,0,0,0,0,0,0.424
"9606.ENSP00000296511","9606.ENSP00000410452","ANXA5","STMN1",9606,0.435,0,0,0,0.074,0.264,0,0.238
"9606.ENSP00000296511","9606.ENSP00000433209","ANXA5","GSDMD",9606,0.435,0,0,0,0,0,0,0.435
"9606.ENSP00000296511","9606.ENSP00000312002","ANXA5","HAVCR2",9606,0.438,0,0,0,0.075,0.07,0,0.4
"9606.ENSP00000296511","9606.ENSP00000495530","ANXA5","ENO1",9606,0.44,0,0,0,0.211,0.06,0,0.306
"9606.ENSP00000296511","9606.ENSP00000437125","ANXA5","HSPA8",9606,0.453,0,0,0,0.135,0,0,0.394
"9606.ENSP00000296511","9606.ENSP00000300093","ANXA5","PLK1",9606,0.463,0,0,0,0,0.046,0,0.461
"9606.ENSP00000296511","9606.ENSP00000357643","ANXA5","MKI67",9606,0.472,0,0,0,0,0,0,0.472
"9606.ENSP00000296511","9606.ENSP00000312664","ANXA5","CASP2",9606,0.477,0,0,0,0,0,0,0.477
"9606.ENSP00000296511","9606.ENSP00000313050","ANXA5","NIPSNAP2",9606,0.477,0,0,0,0.07,0.457,0,0.049
"9606.ENSP00000296511","9606.ENSP00000398568","ANXA5","PRF1",9606,0.478,0,0,0,0.064,0,0,0.466
"9606.ENSP00000296511","9606.ENSP00000320147","ANXA5","EZH2",9606,0.484,0,0,0,0,0,0,0.484
"9606.ENSP00000296511","9606.ENSP00000319788","ANXA5","NQO1",9606,0.489,0,0,0,0.093,0,0,0.46
"9606.ENSP00000296511","9606.ENSP00000377245","ANXA5","KEAP1",9606,0.491,0,0,0,0.062,0,0,0.48
"9606.ENSP00000296511","9606.ENSP00000418960","ANXA5","BRCA1",9606,0.497,0,0,0,0,0,0,0.497
"9606.ENSP00000296511","9606.ENSP00000404854","ANXA5","NDRG1",9606,0.499,0,0,0,0.115,0.367,0,0.178
"9606.ENSP00000296511","9606.ENSP00000378485","ANXA5","MATK",9606,0.507,0,0,0,0,0.061,0,0.497
"9606.ENSP00000296511","9606.ENSP00000354394","ANXA5","STAT1",9606,0.51,0,0,0,0.075,0,0,0.493
"9606.ENSP00000296511","9606.ENSP00000377833","ANXA5","ANXA4",9606,0.536,0,0,0.062,0.509,0,0,0.074
"9606.ENSP00000296511","9606.ENSP00000383611","ANXA5","CCNL2",9606,0.57,0,0,0,0,0,0,0.57
"9606.ENSP00000296511","9606.ENSP00000364935","ANXA5","CLIC1",9606,0.573,0,0,0,0.514,0,0,0.158
"9606.ENSP00000296511","9606.ENSP00000339001","ANXA5","TUBB",9606,0.575,0,0,0,0.127,0.32,0,0.342
"9606.ENSP00000296511","9606.ENSP00000365380","ANXA5","FOXP3",9606,0.6,0,0,0,0,0,0,0.6
"9606.ENSP00000296511","9606.ENSP00000481380","ANXA5","CCNA2",9606,0.609,0,0,0,0.069,0.043,0,0.597
"9606.ENSP00000296511","9606.ENSP00000378699","ANXA5","CDK1",9606,0.628,0,0,0,0.075,0,0,0.615
"9606.ENSP00000296511","9606.ENSP00000356946","ANXA5","FCGR3A",9606,0.632,0,0,0,0.08,0,0,0.617
"9606.ENSP00000296511","9606.ENSP00000416269","ANXA5","DDX39B",9606,0.696,0,0,0,0.075,0.676,0,0.069
"9606.ENSP00000296511","9606.ENSP00000301633","ANXA5","BIRC5",9606,0.709,0,0,0,0,0.062,0,0.703
"9606.ENSP00000296511","9606.ENSP00000496959","ANXA5","ITGAM",9606,0.738,0,0,0,0.119,0,0,0.715
"9606.ENSP00000296511","9606.ENSP00000398698","ANXA5","TNF",9606,0.739,0,0,0,0.058,0,0,0.735
"9606.ENSP00000296511","9606.ENSP00000458162","ANXA5","ACTG1",9606,0.774,0,0,0,0.215,0,0,0.724
"9606.ENSP00000296511","9606.ENSP00000447730","ANXA5","CD63",9606,0.847,0,0,0,0.489,0.046,0,0.713
"9606.ENSP00000296511","9606.ENSP00000380070","ANXA5","GAPDH",9606,0.908,0,0,0,0.203,0.046,0,0.889
"9606.ENSP00000296511","9606.ENSP00000494750","ANXA5","ACTB",9606,0.953,0,0,0,0.211,0.108,0,0.939
"9606.ENSP00000296702","9606.ENSP00000301764","TCERG1","DDB1",9606,0.404,0,0,0,0.137,0.338,0,0
"9606.ENSP00000296702","9606.ENSP00000376276","TCERG1","SRSF2",9606,0.404,0,0,0,0.204,0,0,0.282
"9606.ENSP00000296702","9606.ENSP00000396308","TCERG1","DHFR",9606,0.424,0,0,0,0.075,0,0,0.403
"9606.ENSP00000296702","9606.ENSP00000320147","TCERG1","EZH2",9606,0.488,0,0,0,0.08,0.465,0,0.045
"9606.ENSP00000296702","9606.ENSP00000497641","TCERG1","EIF4A3",9606,0.538,0,0,0,0.136,0.091,0.4,0.137
"9606.ENSP00000296702","9606.ENSP00000317872","TCERG1","RBBP6",9606,0.603,0,0,0,0.239,0,0.5,0
"9606.ENSP00000296702","9606.ENSP00000349168","TCERG1","HNRNPH1",9606,0.715,0,0,0,0.185,0.622,0,0.151
"9606.ENSP00000296702","9606.ENSP00000437125","TCERG1","HSPA8",9606,0.786,0,0,0,0.097,0.622,0.4,0.082
"9606.ENSP00000296702","9606.ENSP00000416269","TCERG1","DDX39B",9606,0.847,0,0,0,0.141,0.091,0.8,0.136
"9606.ENSP00000296702","9606.ENSP00000305790","TCERG1","SF3B3",9606,0.957,0,0,0,0.176,0.948,0,0.083
"9606.ENSP00000296702","9606.ENSP00000396301","TCERG1","IK",9606,0.966,0,0,0,0.222,0.8,0.8,0
"9606.ENSP00000296702","9606.ENSP00000335321","TCERG1","SF3B1",9606,0.977,0,0,0,0.454,0.948,0,0.275
"9606.ENSP00000297258","9606.ENSP00000380070","FABP5","GAPDH",9606,0.403,0,0,0,0.118,0,0,0.351
"9606.ENSP00000297258","9606.ENSP00000495530","FABP5","ENO1",9606,0.545,0,0,0,0.096,0.333,0,0.307
"9606.ENSP00000297613","9606.ENSP00000493218","RPP25L","MFSD8",9606,0.451,0,0,0,0.064,0,0,0.438
"9606.ENSP00000297613","9606.ENSP00000304353","RPP25L","POP7",9606,0.999,0,0,0,0.13,0.999,0.9,0.344
"9606.ENSP00000297814","9606.ENSP00000363524","KIF27","KIF4A",9606,0.47,0,0,0,0,0,0.4,0.153
"9606.ENSP00000297814","9606.ENSP00000361298","KIF27","KIF2C",9606,0.909,0,0,0,0,0.046,0.9,0.124
"9606.ENSP00000297814","9606.ENSP00000324020","KIF27","KIF15",9606,0.91,0,0,0,0,0,0.9,0.144
"9606.ENSP00000297814","9606.ENSP00000356319","KIF27","KIF14",9606,0.911,0,0,0,0.077,0,0.9,0.118
"9606.ENSP00000298048","9606.ENSP00000325017","MELK","NCAPD2",9606,0.408,0,0,0,0.308,0,0,0.18
"9606.ENSP00000298048","9606.ENSP00000360623","MELK","ORC1",9606,0.413,0,0,0,0.391,0,0,0.077
"9606.ENSP00000298048","9606.ENSP00000465075","MELK","SPC24",9606,0.431,0,0,0,0.369,0,0,0.136
"9606.ENSP00000298048","9606.ENSP00000306968","MELK","CDCA7",9606,0.433,0,0,0,0.3,0.062,0,0.207
"9606.ENSP00000298048","9606.ENSP00000323246","MELK","E2F7",9606,0.441,0,0,0,0.348,0,0,0.178
"9606.ENSP00000298048","9606.ENSP00000311083","MELK","CKS1B",9606,0.454,0,0,0,0.351,0,0,0.194
"9606.ENSP00000298048","9606.ENSP00000418960","MELK","BRCA1",9606,0.461,0,0,0,0.334,0,0,0.224
"9606.ENSP00000298048","9606.ENSP00000392353","MELK","PSMG4",9606,0.471,0,0,0,0,0.471,0,0
"9606.ENSP00000298048","9606.ENSP00000480987","MELK","MCM3",9606,0.491,0,0,0,0.383,0,0,0.21
"9606.ENSP00000298048","9606.ENSP00000306999","MELK","ESCO2",9606,0.533,0,0,0,0.419,0,0,0.23
"9606.ENSP00000298048","9606.ENSP00000357308","MELK","CENPW",9606,0.562,0,0,0,0.493,0,0,0.172
"9606.ENSP00000298048","9606.ENSP00000479617","MELK","UHRF1",9606,0.565,0,0,0,0.457,0.077,0,0.203
"9606.ENSP00000298048","9606.ENSP00000305480","MELK","FEN1",9606,0.583,0,0,0,0.55,0,0,0.112
"9606.ENSP00000298048","9606.ENSP00000468425","MELK","TK1",9606,0.59,0,0,0,0.419,0,0,0.324
"9606.ENSP00000298048","9606.ENSP00000380256","MELK","CCNF",9606,0.621,0,0,0,0.298,0.457,0,0.087
"9606.ENSP00000298048","9606.ENSP00000364976","MELK","CKS2",9606,0.638,0,0,0,0.419,0,0,0.403
"9606.ENSP00000298048","9606.ENSP00000438483","MELK","KPNA2",9606,0.643,0,0,0,0.542,0,0,0.254
"9606.ENSP00000298048","9606.ENSP00000328228","MELK","CDCA2",9606,0.65,0,0,0,0.559,0,0,0.239
"9606.ENSP00000298048","9606.ENSP00000415430","MELK","GTSE1",9606,0.659,0,0,0,0.528,0,0,0.309
"9606.ENSP00000298048","9606.ENSP00000306473","MELK","SHCBP1",9606,0.68,0,0,0,0.614,0,0,0.206
"9606.ENSP00000298048","9606.ENSP00000493712","MELK","RAD51",9606,0.682,0,0,0,0.619,0.068,0,0.177
"9606.ENSP00000298048","9606.ENSP00000387007","MELK","NCAPG2",9606,0.686,0,0,0,0.591,0,0,0.264
"9606.ENSP00000298048","9606.ENSP00000355966","MELK","NEK2",9606,0.704,0,0,0,0.632,0.046,0,0.226
"9606.ENSP00000298048","9606.ENSP00000315644","MELK","TYMS",9606,0.719,0,0,0,0.545,0,0,0.409
"9606.ENSP00000298048","9606.ENSP00000360944","MELK","STIL",9606,0.725,0,0,0,0.68,0,0,0.178
"9606.ENSP00000298048","9606.ENSP00000355958","MELK","DTL",9606,0.743,0,0,0,0.688,0,0,0.213
"9606.ENSP00000298048","9606.ENSP00000377536","MELK","PTTG1",9606,0.791,0,0,0,0.641,0,0,0.442
"9606.ENSP00000298048","9606.ENSP00000320147","MELK","EZH2",9606,0.795,0,0,0,0.472,0.457,0,0.345
"9606.ENSP00000298048","9606.ENSP00000355506","MELK","EXO1",9606,0.8,0,0,0,0.718,0,0,0.323
"9606.ENSP00000298048","9606.ENSP00000418268","MELK","MCM10",9606,0.816,0,0,0,0.732,0,0,0.342
"9606.ENSP00000298048","9606.ENSP00000300035","MELK","PCLAF",9606,0.82,0,0,0,0.678,0,0,0.464
"9606.ENSP00000298048","9606.ENSP00000356319","MELK","KIF14",9606,0.826,0,0,0,0.741,0,0,0.359
"9606.ENSP00000298048","9606.ENSP00000442068","MELK","CDCA3",9606,0.832,0,0,0,0.775,0,0,0.286
"9606.ENSP00000298048","9606.ENSP00000363055","MELK","ZWINT",9606,0.833,0,0,0,0.738,0,0,0.391
"9606.ENSP00000298048","9606.ENSP00000362146","MELK","CDCA8",9606,0.834,0,0,0,0.707,0.063,0,0.444
"9606.ENSP00000298048","9606.ENSP00000336868","MELK","CENPA",9606,0.853,0,0,0,0.76,0.064,0,0.399
"9606.ENSP00000298048","9606.ENSP00000300093","MELK","PLK1",9606,0.859,0,0,0,0.822,0.078,0,0.211
"9606.ENSP00000298048","9606.ENSP00000348838","MELK","UBE2C",9606,0.862,0,0,0,0.708,0,0,0.547
"9606.ENSP00000298048","9606.ENSP00000405726","MELK","CDC45",9606,0.872,0,0,0,0.804,0,0,0.374
"9606.ENSP00000298048","9606.ENSP00000324020","MELK","KIF15",9606,0.875,0,0,0,0.831,0,0,0.296
"9606.ENSP00000298048","9606.ENSP00000353770","MELK","RRM2",9606,0.88,0,0,0,0.767,0.061,0,0.496
"9606.ENSP00000298048","9606.ENSP00000361540","MELK","CDC20",9606,0.897,0,0,0,0.777,0.075,0,0.544
"9606.ENSP00000298048","9606.ENSP00000357643","MELK","MKI67",9606,0.904,0,0,0,0.736,0.456,0,0.387
"9606.ENSP00000298048","9606.ENSP00000414109","MELK","HJURP",9606,0.914,0,0,0,0.854,0,0,0.441
"9606.ENSP00000298048","9606.ENSP00000361298","MELK","KIF2C",9606,0.922,0,0,0,0.839,0,0,0.539
"9606.ENSP00000298048","9606.ENSP00000301633","MELK","BIRC5",9606,0.924,0,0,0,0.869,0.076,0,0.426
"9606.ENSP00000298048","9606.ENSP00000499238","MELK","NUSAP1",9606,0.93,0,0,0,0.846,0,0,0.568
"9606.ENSP00000298048","9606.ENSP00000356379","MELK","ASPM",9606,0.932,0,0,0,0.848,0,0,0.575
"9606.ENSP00000298048","9606.ENSP00000481380","MELK","CCNA2",9606,0.932,0,0,0,0.886,0,0,0.428
"9606.ENSP00000298048","9606.ENSP00000378699","MELK","CDK1",9606,0.935,0,0,0.091,0.914,0.076,0,0.212
"9606.ENSP00000298048","9606.ENSP00000363524","MELK","KIF4A",9606,0.937,0,0,0,0.865,0,0,0.558
"9606.ENSP00000298048","9606.ENSP00000411532","MELK","TOP2A",9606,0.941,0,0,0,0.867,0,0,0.578
"9606.ENSP00000298048","9606.ENSP00000300403","MELK","TPX2",9606,0.948,0,0,0,0.869,0.066,0,0.614
"9606.ENSP00000298048","9606.ENSP00000302530","MELK","BUB1",9606,0.971,0,0,0,0.93,0.045,0,0.608
"9606.ENSP00000298288","9606.ENSP00000330221","LRR1","SPSB1",9606,0.422,0,0,0,0.077,0,0.4,0
"9606.ENSP00000298288","9606.ENSP00000302621","LRR1","LRG1",9606,0.495,0,0,0.471,0,0,0,0.085
"9606.ENSP00000298288","9606.ENSP00000394331","LRR1","COMMD5",9606,0.517,0,0,0,0.075,0,0.5,0
"9606.ENSP00000298288","9606.ENSP00000442318","LRR1","CAND1",9606,0.574,0,0,0,0.075,0,0.5,0.153
"9606.ENSP00000298288","9606.ENSP00000405726","LRR1","CDC45",9606,0.6,0,0,0,0.2,0.049,0,0.517
"9606.ENSP00000298288","9606.ENSP00000312995","LRR1","CLSPN",9606,0.876,0,0,0,0.186,0.8,0,0.301
"9606.ENSP00000298288","9606.ENSP00000480987","LRR1","MCM3",9606,0.91,0,0,0,0.266,0.8,0,0.439
"9606.ENSP00000298288","9606.ENSP00000307288","LRR1","MCM7",9606,0.927,0,0,0,0.188,0.8,0,0.591
"9606.ENSP00000299138","9606.ENSP00000481126","VPS35","VPS11",9606,0.406,0,0,0,0.095,0,0,0.371
"9606.ENSP00000299138","9606.ENSP00000437125","VPS35","HSPA8",9606,0.438,0,0,0,0.169,0,0,0.352
"9606.ENSP00000299138","9606.ENSP00000356319","VPS35","KIF14",9606,0.457,0,0,0,0,0.457,0,0
"9606.ENSP00000299138","9606.ENSP00000357643","VPS35","MKI67",9606,0.468,0,0,0,0,0.456,0,0.063
"9606.ENSP00000299138","9606.ENSP00000442318","VPS35","CAND1",9606,0.56,0,0,0,0.224,0.457,0,0
"9606.ENSP00000299138","9606.ENSP00000308820","VPS35","RIC3",9606,0.585,0,0,0,0.047,0,0,0.583
"9606.ENSP00000299138","9606.ENSP00000362010","VPS35","ANXA7",9606,0.664,0,0,0,0.214,0,0,0.591
"9606.ENSP00000299138","9606.ENSP00000356107","VPS35","RAB29",9606,0.721,0,0,0,0.075,0,0,0.711
"9606.ENSP00000299138","9606.ENSP00000314508","VPS35","GBA",9606,0.781,0,0,0,0.067,0,0,0.775
"9606.ENSP00000299138","9606.ENSP00000436649","VPS35","SAC3D1",9606,0.805,0,0,0,0.071,0.799,0,0
"9606.ENSP00000299138","9606.ENSP00000386710","VPS35","ATG9A",9606,0.813,0,0,0,0.066,0.486,0,0.642
"9606.ENSP00000299138","9606.ENSP00000483185","VPS35","AP2B1",9606,0.852,0,0,0,0.828,0,0,0.18
"9606.ENSP00000299138","9606.ENSP00000307288","VPS35","MCM7",9606,0.972,0,0,0,0.075,0.971,0,0
"9606.ENSP00000299138","9606.ENSP00000360329","VPS35","TTC4",9606,0.975,0,0,0,0.073,0.975,0,0
"9606.ENSP00000299138","9606.ENSP00000459943","VPS35","ANKFY1",9606,0.988,0,0,0,0.153,0.819,0.9,0.315
"9606.ENSP00000299163","9606.ENSP00000349168","HIF1AN","HNRNPH1",9606,0.457,0,0,0,0,0.457,0,0
"9606.ENSP00000299163","9606.ENSP00000459943","HIF1AN","ANKFY1",9606,0.465,0,0,0,0.1,0.396,0,0.096
"9606.ENSP00000299163","9606.ENSP00000378699","HIF1AN","CDK1",9606,0.467,0,0,0,0,0.457,0,0.06
"9606.ENSP00000300035","9606.ENSP00000311083","PCLAF","CKS1B",9606,0.417,0,0,0,0.295,0,0,0.207
"9606.ENSP00000300035","9606.ENSP00000323246","PCLAF","E2F7",9606,0.422,0,0,0,0.345,0,0,0.154
"9606.ENSP00000300035","9606.ENSP00000387007","PCLAF","NCAPG2",9606,0.422,0,0,0,0.323,0,0,0.182
"9606.ENSP00000300035","9606.ENSP00000300093","PCLAF","PLK1",9606,0.424,0,0,0,0.253,0,0,0.261
"9606.ENSP00000300035","9606.ENSP00000307288","PCLAF","MCM7",9606,0.43,0,0,0,0.321,0,0,0.195
"9606.ENSP00000300035","9606.ENSP00000356319","PCLAF","KIF14",9606,0.431,0,0,0,0.337,0,0,0.178
"9606.ENSP00000300035","9606.ENSP00000363524","PCLAF","KIF4A",9606,0.443,0,0,0,0.331,0,0,0.202
"9606.ENSP00000300035","9606.ENSP00000300738","PCLAF","RRM1",9606,0.452,0,0,0,0.407,0,0,0.114
"9606.ENSP00000300035","9606.ENSP00000306968","PCLAF","CDCA7",9606,0.46,0,0,0,0.286,0,0,0.275
"9606.ENSP00000300035","9606.ENSP00000480987","PCLAF","MCM3",9606,0.46,0,0,0,0.367,0,0,0.182
"9606.ENSP00000300035","9606.ENSP00000320147","PCLAF","EZH2",9606,0.466,0,0,0,0.308,0,0,0.261
"9606.ENSP00000300035","9606.ENSP00000459943","PCLAF","ANKFY1",9606,0.471,0,0,0,0.066,0.457,0,0
"9606.ENSP00000300035","9606.ENSP00000306999","PCLAF","ESCO2",9606,0.478,0,0,0,0.424,0,0,0.132
"9606.ENSP00000300035","9606.ENSP00000312995","PCLAF","CLSPN",9606,0.516,0,0,0,0.361,0,0,0.274
"9606.ENSP00000300035","9606.ENSP00000355506","PCLAF","EXO1",9606,0.521,0,0,0,0.392,0,0,0.246
"9606.ENSP00000300035","9606.ENSP00000418268","PCLAF","MCM10",9606,0.533,0,0,0,0.339,0,0,0.323
"9606.ENSP00000300035","9606.ENSP00000305480","PCLAF","FEN1",9606,0.537,0,0,0,0.39,0,0,0.273
"9606.ENSP00000300035","9606.ENSP00000410452","PCLAF","STMN1",9606,0.553,0,0,0,0.301,0,0,0.388
"9606.ENSP00000300035","9606.ENSP00000465075","PCLAF","SPC24",9606,0.562,0,0,0,0.512,0,0,0.141
"9606.ENSP00000300035","9606.ENSP00000306473","PCLAF","SHCBP1",9606,0.577,0,0,0,0.518,0,0,0.159
"9606.ENSP00000300035","9606.ENSP00000357308","PCLAF","CENPW",9606,0.628,0,0,0,0.496,0,0,0.294
"9606.ENSP00000300035","9606.ENSP00000364976","PCLAF","CKS2",9606,0.651,0,0,0,0.453,0,0,0.389
"9606.ENSP00000300035","9606.ENSP00000418960","PCLAF","BRCA1",9606,0.667,0,0,0,0.299,0.457,0,0.196
"9606.ENSP00000300035","9606.ENSP00000300403","PCLAF","TPX2",9606,0.673,0,0,0,0.486,0,0,0.39
"9606.ENSP00000300035","9606.ENSP00000493712","PCLAF","RAD51",9606,0.683,0,0,0,0.598,0,0,0.246
"9606.ENSP00000300035","9606.ENSP00000355966","PCLAF","NEK2",9606,0.698,0,0,0,0.639,0,0,0.199
"9606.ENSP00000300035","9606.ENSP00000355958","PCLAF","DTL",9606,0.725,0,0,0,0.654,0,0,0.24
"9606.ENSP00000300035","9606.ENSP00000414109","PCLAF","HJURP",9606,0.775,0,0,0,0.738,0,0,0.18
"9606.ENSP00000300035","9606.ENSP00000377536","PCLAF","PTTG1",9606,0.805,0,0,0,0.686,0,0,0.405
"9606.ENSP00000300035","9606.ENSP00000405726","PCLAF","CDC45",9606,0.809,0,0,0,0.734,0,0,0.314
"9606.ENSP00000300035","9606.ENSP00000361298","PCLAF","KIF2C",9606,0.817,0,0,0,0.787,0,0,0.179
"9606.ENSP00000300035","9606.ENSP00000336868","PCLAF","CENPA",9606,0.82,0,0,0,0.778,0,0,0.225
"9606.ENSP00000300035","9606.ENSP00000357643","PCLAF","MKI67",9606,0.824,0,0,0,0.687,0,0,0.463
"9606.ENSP00000300035","9606.ENSP00000324020","PCLAF","KIF15",9606,0.838,0,0,0,0.786,0,0,0.275
"9606.ENSP00000300035","9606.ENSP00000468425","PCLAF","TK1",9606,0.851,0,0,0,0.738,0,0,0.455
"9606.ENSP00000300035","9606.ENSP00000481380","PCLAF","CCNA2",9606,0.856,0,0,0,0.802,0,0,0.307
"9606.ENSP00000300035","9606.ENSP00000353770","PCLAF","RRM2",9606,0.864,0,0,0,0.747,0,0,0.488
"9606.ENSP00000300035","9606.ENSP00000361540","PCLAF","CDC20",9606,0.864,0,0,0,0.783,0,0,0.402
"9606.ENSP00000300035","9606.ENSP00000378699","PCLAF","CDK1",9606,0.867,0,0,0,0.803,0,0,0.354
"9606.ENSP00000300035","9606.ENSP00000302530","PCLAF","BUB1",9606,0.868,0,0,0,0.821,0,0,0.297
"9606.ENSP00000300035","9606.ENSP00000362146","PCLAF","CDCA8",9606,0.868,0,0,0,0.817,0,0,0.313
"9606.ENSP00000300035","9606.ENSP00000356379","PCLAF","ASPM",9606,0.893,0,0,0,0.811,0,0,0.461
"9606.ENSP00000300035","9606.ENSP00000363055","PCLAF","ZWINT",9606,0.903,0,0,0,0.85,0,0,0.385
"9606.ENSP00000300035","9606.ENSP00000315644","PCLAF","TYMS",9606,0.913,0,0,0,0.861,0,0,0.4
"9606.ENSP00000300035","9606.ENSP00000442068","PCLAF","CDCA3",9606,0.913,0,0,0,0.869,0,0,0.366
"9606.ENSP00000300035","9606.ENSP00000301633","PCLAF","BIRC5",9606,0.916,0,0,0,0.868,0,0,0.394
"9606.ENSP00000300035","9606.ENSP00000499238","PCLAF","NUSAP1",9606,0.923,0,0,0,0.833,0,0,0.561
"9606.ENSP00000300035","9606.ENSP00000411532","PCLAF","TOP2A",9606,0.947,0,0,0,0.879,0,0,0.581
"9606.ENSP00000300035","9606.ENSP00000348838","PCLAF","UBE2C",9606,0.952,0,0,0,0.842,0.457,0,0.488
"9606.ENSP00000300035","9606.ENSP00000479617","PCLAF","UHRF1",9606,0.992,0,0,0,0.589,0.973,0,0.389
"9606.ENSP00000300093","9606.ENSP00000335321","PLK1","SF3B1",9606,0.401,0,0,0,0.101,0.317,0,0.103
"9606.ENSP00000300093","9606.ENSP00000357308","PLK1","CENPW",9606,0.402,0,0,0,0.252,0,0,0.234
"9606.ENSP00000300093","9606.ENSP00000360623","PLK1","ORC1",9606,0.418,0,0,0,0.249,0.049,0,0.251
"9606.ENSP00000300093","9606.ENSP00000497402","PLK1","RCC1",9606,0.432,0,0,0,0.214,0,0,0.308
"9606.ENSP00000300093","9606.ENSP00000306999","PLK1","ESCO2",9606,0.433,0,0,0,0.216,0.048,0,0.302
"9606.ENSP00000300093","9606.ENSP00000410452","PLK1","STMN1",9606,0.441,0,0,0,0.154,0.045,0,0.364
"9606.ENSP00000300093","9606.ENSP00000355249","PLK1","E2F2",9606,0.444,0,0,0,0.094,0.045,0,0.41
"9606.ENSP00000300093","9606.ENSP00000315644","PLK1","TYMS",9606,0.446,0,0,0,0.212,0,0,0.326
"9606.ENSP00000300093","9606.ENSP00000384290","PLK1","WDR60",9606,0.457,0,0,0,0,0.457,0,0.042
"9606.ENSP00000300093","9606.ENSP00000478877","PLK1","ADRM1",9606,0.463,0,0,0,0.075,0.083,0.4,0.07
"9606.ENSP00000300093","9606.ENSP00000377936","PLK1","PPP2R2B",9606,0.481,0,0,0,0,0.422,0,0.139
"9606.ENSP00000300093","9606.ENSP00000305480","PLK1","FEN1",9606,0.484,0,0,0,0.256,0.07,0,0.315
"9606.ENSP00000300093","9606.ENSP00000320147","PLK1","EZH2",9606,0.507,0,0,0,0.198,0.058,0,0.401
"9606.ENSP00000300093","9606.ENSP00000429089","PLK1","CCNE2",9606,0.508,0,0,0,0.154,0,0,0.443
"9606.ENSP00000300093","9606.ENSP00000325017","PLK1","NCAPD2",9606,0.512,0,0,0,0.319,0,0,0.314
"9606.ENSP00000300093","9606.ENSP00000362334","PLK1","PSMB2",9606,0.523,0,0,0,0.075,0.09,0.4,0.168
"9606.ENSP00000300093","9606.ENSP00000310226","PLK1","RAB1B",9606,0.526,0,0,0,0.072,0,0.5,0.062
"9606.ENSP00000300093","9606.ENSP00000418268","PLK1","MCM10",9606,0.529,0,0,0,0.305,0.049,0,0.346
"9606.ENSP00000300093","9606.ENSP00000479904","PLK1","ZMYM2",9606,0.53,0,0,0,0.07,0.355,0,0.28
"9606.ENSP00000300093","9606.ENSP00000494750","PLK1","ACTB",9606,0.537,0,0,0,0.085,0.046,0,0.513
"9606.ENSP00000300093","9606.ENSP00000300738","PLK1","RRM1",9606,0.539,0,0,0,0.369,0,0,0.3
"9606.ENSP00000300093","9606.ENSP00000328484","PLK1","H2AC14",9606,0.541,0,0,0,0.113,0,0.5,0.049
"9606.ENSP00000300093","9606.ENSP00000380070","PLK1","GAPDH",9606,0.546,0,0,0,0.096,0,0,0.519
"9606.ENSP00000300093","9606.ENSP00000364976","PLK1","CKS2",9606,0.551,0,0,0,0.341,0,0,0.348
"9606.ENSP00000300093","9606.ENSP00000324020","PLK1","KIF15",9606,0.556,0,0,0,0.359,0,0,0.336
"9606.ENSP00000300093","9606.ENSP00000367229","PLK1","CEP68",9606,0.558,0,0,0,0,0.457,0,0.221
"9606.ENSP00000300093","9606.ENSP00000360944","PLK1","STIL",9606,0.564,0,0,0,0.207,0.083,0,0.449
"9606.ENSP00000300093","9606.ENSP00000311083","PLK1","CKS1B",9606,0.566,0,0,0,0.332,0,0,0.378
"9606.ENSP00000300093","9606.ENSP00000383611","PLK1","CCNL2",9606,0.577,0,0,0,0,0,0,0.577
"9606.ENSP00000300093","9606.ENSP00000468425","PLK1","TK1",9606,0.58,0,0,0,0.399,0,0,0.331
"9606.ENSP00000300093","9606.ENSP00000356319","PLK1","KIF14",9606,0.604,0,0,0,0.345,0.083,0,0.394
"9606.ENSP00000300093","9606.ENSP00000438483","PLK1","KPNA2",9606,0.604,0,0,0,0.467,0.098,0,0.243
"9606.ENSP00000300093","9606.ENSP00000379181","PLK1","RAE1",9606,0.611,0,0,0,0.075,0.533,0,0.173
"9606.ENSP00000300093","9606.ENSP00000362592","PLK1","RBBP4",9606,0.617,0,0,0,0.124,0,0.5,0.197
"9606.ENSP00000300093","9606.ENSP00000332194","PLK1","H2AC20",9606,0.646,0,0,0,0.059,0,0.5,0.309
"9606.ENSP00000300093","9606.ENSP00000355506","PLK1","EXO1",9606,0.646,0,0,0,0.395,0.097,0,0.405
"9606.ENSP00000300093","9606.ENSP00000499238","PLK1","NUSAP1",9606,0.651,0,0,0,0.421,0,0,0.423
"9606.ENSP00000300093","9606.ENSP00000483903","PLK1","H2BC15",9606,0.668,0,0,0,0.095,0,0.5,0.326
"9606.ENSP00000300093","9606.ENSP00000356379","PLK1","ASPM",9606,0.671,0,0,0,0.417,0.078,0,0.438
"9606.ENSP00000300093","9606.ENSP00000349430","PLK1","H2BC12",9606,0.677,0,0,0,0.098,0,0.5,0.343
"9606.ENSP00000300093","9606.ENSP00000479617","PLK1","UHRF1",9606,0.677,0,0,0,0.275,0.457,0,0.246
"9606.ENSP00000300093","9606.ENSP00000405726","PLK1","CDC45",9606,0.686,0,0,0,0.427,0,0,0.476
"9606.ENSP00000300093","9606.ENSP00000328228","PLK1","CDCA2",9606,0.709,0,0,0,0.551,0,0,0.38
"9606.ENSP00000300093","9606.ENSP00000479542","PLK1","KIZ",9606,0.714,0,0,0,0,0.554,0,0.386
"9606.ENSP00000300093","9606.ENSP00000355325","PLK1","PSMB5",9606,0.72,0,0,0,0.075,0.458,0.4,0.181
"9606.ENSP00000300093","9606.ENSP00000414109","PLK1","HJURP",9606,0.738,0,0,0,0.567,0,0,0.42
"9606.ENSP00000300093","9606.ENSP00000357643","PLK1","MKI67",9606,0.757,0,0,0,0.592,0.065,0,0.415
"9606.ENSP00000300093","9606.ENSP00000307288","PLK1","MCM7",9606,0.771,0,0,0,0.353,0.472,0,0.384
"9606.ENSP00000300093","9606.ENSP00000480987","PLK1","MCM3",9606,0.777,0,0,0,0.355,0.456,0,0.416
"9606.ENSP00000300093","9606.ENSP00000365782","PLK1","CEP78",9606,0.82,0,0,0,0.071,0,0.8,0.113
"9606.ENSP00000300093","9606.ENSP00000358921","PLK1","ACTR1A",9606,0.833,0,0,0,0.124,0.045,0.8,0.121
"9606.ENSP00000300093","9606.ENSP00000341289","PLK1","TUBB4B",9606,0.844,0,0,0,0.106,0.05,0.8,0.191
"9606.ENSP00000300093","9606.ENSP00000300403","PLK1","TPX2",9606,0.847,0,0,0,0.661,0,0,0.57
"9606.ENSP00000300093","9606.ENSP00000353770","PLK1","RRM2",9606,0.852,0,0,0,0.406,0.535,0,0.51
"9606.ENSP00000300093","9606.ENSP00000387007","PLK1","NCAPG2",9606,0.858,0,0,0,0.255,0.533,0.5,0.285
"9606.ENSP00000300093","9606.ENSP00000339001","PLK1","TUBB",9606,0.859,0,0,0,0.151,0.05,0.8,0.231
"9606.ENSP00000300093","9606.ENSP00000363524","PLK1","KIF4A",9606,0.9,0,0,0,0.638,0.462,0,0.53
"9606.ENSP00000300093","9606.ENSP00000348838","PLK1","UBE2C",9606,0.902,0,0,0,0.651,0,0.4,0.57
"9606.ENSP00000300093","9606.ENSP00000442068","PLK1","CDCA3",9606,0.902,0,0,0,0.844,0,0,0.4
"9606.ENSP00000300093","9606.ENSP00000380256","PLK1","CCNF",9606,0.921,0,0,0,0.567,0.704,0,0.434
"9606.ENSP00000300093","9606.ENSP00000481380","PLK1","CCNA2",9606,0.934,0,0,0,0.738,0,0,0.76
"9606.ENSP00000300093","9606.ENSP00000493712","PLK1","RAD51",9606,0.934,0,0,0,0.288,0.82,0,0.529
"9606.ENSP00000300093","9606.ENSP00000389810","PLK1","DSN1",9606,0.942,0,0,0,0.176,0.065,0.9,0.347
"9606.ENSP00000300093","9606.ENSP00000363055","PLK1","ZWINT",9606,0.944,0,0,0,0.243,0,0.9,0.321
"9606.ENSP00000300093","9606.ENSP00000465075","PLK1","SPC24",9606,0.944,0,0,0,0.25,0,0.9,0.323
"9606.ENSP00000300093","9606.ENSP00000377536","PLK1","PTTG1",9606,0.953,0,0,0,0.724,0,0.5,0.689
"9606.ENSP00000300093","9606.ENSP00000355966","PLK1","NEK2",9606,0.957,0,0,0,0.701,0,0.8,0.354
"9606.ENSP00000300093","9606.ENSP00000362146","PLK1","CDCA8",9606,0.959,0,0,0,0.669,0,0.5,0.776
"9606.ENSP00000300093","9606.ENSP00000312995","PLK1","CLSPN",9606,0.967,0,0,0,0.198,0.83,0,0.783
"9606.ENSP00000300093","9606.ENSP00000411532","PLK1","TOP2A",9606,0.973,0,0,0,0.704,0.802,0,0.581
"9606.ENSP00000300093","9606.ENSP00000306473","PLK1","SHCBP1",9606,0.974,0,0,0,0.318,0.957,0,0.215
"9606.ENSP00000300093","9606.ENSP00000336868","PLK1","CENPA",9606,0.984,0,0,0,0.702,0.131,0.8,0.731
"9606.ENSP00000300093","9606.ENSP00000415430","PLK1","GTSE1",9606,0.992,0,0,0,0.562,0.763,0.9,0.389
"9606.ENSP00000300093","9606.ENSP00000301633","PLK1","BIRC5",9606,0.994,0,0,0,0.903,0.62,0.5,0.75
"9606.ENSP00000300093","9606.ENSP00000321636","PLK1","TOP3A",9606,0.994,0,0,0,0.086,0.993,0,0.237
"9606.ENSP00000300093","9606.ENSP00000418960","PLK1","BRCA1",9606,0.996,0,0,0,0.207,0.99,0,0.608
"9606.ENSP00000300093","9606.ENSP00000361298","PLK1","KIF2C",9606,0.998,0,0,0,0.911,0.809,0.8,0.629
"9606.ENSP00000300093","9606.ENSP00000302530","PLK1","BUB1",9606,0.999,0,0,0,0.688,0.931,0.9,0.831
"9606.ENSP00000300093","9606.ENSP00000361540","PLK1","CDC20",9606,0.999,0,0,0,0.944,0.999,0.8,0.874
"9606.ENSP00000300093","9606.ENSP00000378699","PLK1","CDK1",9606,0.999,0,0,0,0.929,0.743,0.9,0.571
"9606.ENSP00000300209","9606.ENSP00000351646","EEF1AKMT3","STIP1",9606,0.457,0,0,0,0,0.457,0,0
"9606.ENSP00000300209","9606.ENSP00000377958","EEF1AKMT3","CCT4",9606,0.457,0,0,0,0,0.457,0,0
"9606.ENSP00000300209","9606.ENSP00000437125","EEF1AKMT3","HSPA8",9606,0.523,0,0,0,0,0.457,0,0.158
"9606.ENSP00000300209","9606.ENSP00000354920","EEF1AKMT3","EEF1AKNMT",9606,0.689,0,0,0,0,0.281,0,0.586
"9606.ENSP00000300403","9606.ENSP00000360623","TPX2","ORC1",9606,0.403,0,0,0,0.313,0,0,0.167
"9606.ENSP00000300403","9606.ENSP00000320147","TPX2","EZH2",9606,0.404,0,0,0,0.271,0.042,0,0.216
"9606.ENSP00000300403","9606.ENSP00000380256","TPX2","CCNF",9606,0.413,0,0,0,0.341,0,0,0.146
"9606.ENSP00000300403","9606.ENSP00000497402","TPX2","RCC1",9606,0.415,0,0,0,0.194,0,0,0.304
"9606.ENSP00000300403","9606.ENSP00000389810","TPX2","DSN1",9606,0.418,0,0,0,0.247,0.066,0,0.24
"9606.ENSP00000300403","9606.ENSP00000435289","TPX2","PAFAH1B2",9606,0.427,0,0,0,0,0,0,0.427
"9606.ENSP00000300403","9606.ENSP00000307288","TPX2","MCM7",9606,0.431,0,0,0,0.299,0,0,0.222
"9606.ENSP00000300403","9606.ENSP00000306968","TPX2","CDCA7",9606,0.434,0,0,0,0.285,0.045,0,0.238
"9606.ENSP00000300403","9606.ENSP00000357308","TPX2","CENPW",9606,0.472,0,0,0,0.378,0,0,0.186
"9606.ENSP00000300403","9606.ENSP00000360944","TPX2","STIL",9606,0.485,0,0,0,0.291,0,0,0.304
"9606.ENSP00000300403","9606.ENSP00000479617","TPX2","UHRF1",9606,0.532,0,0,0,0.406,0,0,0.245
"9606.ENSP00000300403","9606.ENSP00000364976","TPX2","CKS2",9606,0.546,0,0,0,0.366,0,0,0.314
"9606.ENSP00000300403","9606.ENSP00000355506","TPX2","EXO1",9606,0.562,0,0,0,0.423,0,0,0.273
"9606.ENSP00000300403","9606.ENSP00000311083","TPX2","CKS1B",9606,0.564,0,0,0,0.365,0,0,0.343
"9606.ENSP00000300403","9606.ENSP00000305480","TPX2","FEN1",9606,0.6,0,0,0,0.512,0,0,0.214
"9606.ENSP00000300403","9606.ENSP00000355958","TPX2","DTL",9606,0.616,0,0,0,0.531,0,0,0.215
"9606.ENSP00000300403","9606.ENSP00000493712","TPX2","RAD51",9606,0.616,0,0,0,0.321,0,0,0.458
"9606.ENSP00000300403","9606.ENSP00000418268","TPX2","MCM10",9606,0.621,0,0,0,0.477,0,0,0.306
"9606.ENSP00000300403","9606.ENSP00000315644","TPX2","TYMS",9606,0.657,0,0,0,0.495,0,0,0.349
"9606.ENSP00000300403","9606.ENSP00000306473","TPX2","SHCBP1",9606,0.665,0,0,0,0.515,0,0,0.338
"9606.ENSP00000300403","9606.ENSP00000387007","TPX2","NCAPG2",9606,0.679,0,0,0,0.614,0,0,0.203
"9606.ENSP00000300403","9606.ENSP00000325017","TPX2","NCAPD2",9606,0.681,0,0,0,0.538,0,0,0.339
"9606.ENSP00000300403","9606.ENSP00000468425","TPX2","TK1",9606,0.687,0,0,0,0.53,0.068,0,0.344
"9606.ENSP00000300403","9606.ENSP00000405726","TPX2","CDC45",9606,0.719,0,0,0,0.579,0,0,0.361
"9606.ENSP00000300403","9606.ENSP00000328228","TPX2","CDCA2",9606,0.778,0,0,0,0.7,0,0,0.291
"9606.ENSP00000300403","9606.ENSP00000483599","TPX2","SPON2",9606,0.811,0,0,0,0,0,0,0.811
"9606.ENSP00000300403","9606.ENSP00000363055","TPX2","ZWINT",9606,0.845,0,0,0,0.722,0,0,0.467
"9606.ENSP00000300403","9606.ENSP00000377536","TPX2","PTTG1",9606,0.851,0,0,0,0.744,0,0,0.445
"9606.ENSP00000300403","9606.ENSP00000353770","TPX2","RRM2",9606,0.864,0,0,0,0.732,0,0,0.514
"9606.ENSP00000300403","9606.ENSP00000415430","TPX2","GTSE1",9606,0.866,0,0,0,0.731,0,0,0.523
"9606.ENSP00000300403","9606.ENSP00000438483","TPX2","KPNA2",9606,0.872,0,0,0,0.688,0.457,0,0.31
"9606.ENSP00000300403","9606.ENSP00000356319","TPX2","KIF14",9606,0.904,0,0,0,0.723,0.457,0,0.418
"9606.ENSP00000300403","9606.ENSP00000324020","TPX2","KIF15",9606,0.906,0,0,0,0.774,0,0,0.603
"9606.ENSP00000300403","9606.ENSP00000355966","TPX2","NEK2",9606,0.906,0,0,0,0.813,0,0,0.521
"9606.ENSP00000300403","9606.ENSP00000336868","TPX2","CENPA",9606,0.909,0,0,0,0.845,0,0,0.441
"9606.ENSP00000300403","9606.ENSP00000414109","TPX2","HJURP",9606,0.917,0,0,0,0.857,0,0,0.45
"9606.ENSP00000300403","9606.ENSP00000336799","TPX2","TUBA1B",9606,0.919,0,0,0,0.104,0.9,0,0.172
"9606.ENSP00000300403","9606.ENSP00000442068","TPX2","CDCA3",9606,0.92,0,0,0,0.879,0,0,0.371
"9606.ENSP00000300403","9606.ENSP00000443475","TPX2","TUBA1C",9606,0.925,0,0,0,0.2,0.9,0,0.149
"9606.ENSP00000300403","9606.ENSP00000361540","TPX2","CDC20",9606,0.93,0,0,0,0.836,0,0,0.594
"9606.ENSP00000300403","9606.ENSP00000362146","TPX2","CDCA8",9606,0.935,0,0,0,0.856,0,0,0.57
"9606.ENSP00000300403","9606.ENSP00000481380","TPX2","CCNA2",9606,0.937,0,0,0,0.882,0,0,0.49
"9606.ENSP00000300403","9606.ENSP00000301633","TPX2","BIRC5",9606,0.94,0,0,0,0.888,0.074,0,0.47
"9606.ENSP00000300403","9606.ENSP00000499238","TPX2","NUSAP1",9606,0.946,0,0,0,0.864,0,0,0.621
"9606.ENSP00000300403","9606.ENSP00000356379","TPX2","ASPM",9606,0.947,0,0,0,0.883,0,0,0.57
"9606.ENSP00000300403","9606.ENSP00000363524","TPX2","KIF4A",9606,0.951,0,0,0,0.877,0,0,0.621
"9606.ENSP00000300403","9606.ENSP00000302530","TPX2","BUB1",9606,0.958,0,0,0,0.902,0,0,0.593
"9606.ENSP00000300403","9606.ENSP00000411532","TPX2","TOP2A",9606,0.958,0,0,0,0.886,0,0,0.65
"9606.ENSP00000300403","9606.ENSP00000357643","TPX2","MKI67",9606,0.963,0,0,0,0.898,0.456,0,0.401
"9606.ENSP00000300403","9606.ENSP00000348838","TPX2","UBE2C",9606,0.97,0,0,0,0.918,0,0,0.65
"9606.ENSP00000300403","9606.ENSP00000418960","TPX2","BRCA1",9606,0.97,0,0,0,0.312,0.919,0,0.505
"9606.ENSP00000300403","9606.ENSP00000378699","TPX2","CDK1",9606,0.983,0,0,0,0.886,0.674,0,0.585
"9606.ENSP00000300403","9606.ENSP00000361298","TPX2","KIF2C",9606,0.994,0,0,0,0.984,0,0,0.654
"9606.ENSP00000300738","9606.ENSP00000321584","RRM1","IMPDH2",9606,0.402,0,0,0,0.189,0,0,0.293
"9606.ENSP00000300738","9606.ENSP00000479617","RRM1","UHRF1",9606,0.404,0,0,0,0.289,0,0,0.197
"9606.ENSP00000300738","9606.ENSP00000442068","RRM1","CDCA3",9606,0.409,0,0,0,0.298,0,0,0.194
"9606.ENSP00000300738","9606.ENSP00000301633","RRM1","BIRC5",9606,0.419,0,0,0,0.285,0,0,0.222
"9606.ENSP00000300738","9606.ENSP00000481762","RRM1","CSDE1",9606,0.422,0,0,0,0.342,0,0,0.159
"9606.ENSP00000300738","9606.ENSP00000362592","RRM1","RBBP4",9606,0.431,0,0,0,0.28,0.204,0,0.088
"9606.ENSP00000300738","9606.ENSP00000361298","RRM1","KIF2C",9606,0.435,0,0,0,0.256,0,0,0.273
"9606.ENSP00000300738","9606.ENSP00000358089","RRM1","TIAL1",9606,0.437,0,0,0,0.075,0,0,0.417
"9606.ENSP00000300738","9606.ENSP00000482753","RRM1","C9orf72",9606,0.442,0,0,0,0,0.083,0,0.417
"9606.ENSP00000300738","9606.ENSP00000356379","RRM1","ASPM",9606,0.446,0,0,0,0.437,0,0,0.057
"9606.ENSP00000300738","9606.ENSP00000312995","RRM1","CLSPN",9606,0.45,0,0,0,0.308,0,0,0.238
"9606.ENSP00000300738","9606.ENSP00000499238","RRM1","NUSAP1",9606,0.46,0,0,0,0.333,0,0,0.224
"9606.ENSP00000300738","9606.ENSP00000302530","RRM1","BUB1",9606,0.488,0,0,0,0.268,0,0,0.33
"9606.ENSP00000300738","9606.ENSP00000363055","RRM1","ZWINT",9606,0.491,0,0,0,0.445,0,0,0.121
"9606.ENSP00000300738","9606.ENSP00000380070","RRM1","GAPDH",9606,0.499,0.055,0,0,0.094,0,0,0.462
"9606.ENSP00000300738","9606.ENSP00000360623","RRM1","ORC1",9606,0.5,0,0,0,0.458,0,0,0.117
"9606.ENSP00000300738","9606.ENSP00000362146","RRM1","CDCA8",9606,0.501,0,0,0,0.33,0,0,0.287
"9606.ENSP00000300738","9606.ENSP00000361540","RRM1","CDC20",9606,0.504,0,0,0,0.344,0,0,0.275
"9606.ENSP00000300738","9606.ENSP00000362041","RRM1","DNAJC9",9606,0.515,0,0,0,0.492,0.046,0,0.081
"9606.ENSP00000300738","9606.ENSP00000380256","RRM1","CCNF",9606,0.549,0,0,0,0.308,0.219,0,0.234
"9606.ENSP00000300738","9606.ENSP00000493712","RRM1","RAD51",9606,0.549,0,0,0,0.342,0,0,0.344
"9606.ENSP00000300738","9606.ENSP00000355958","RRM1","DTL",9606,0.566,0,0,0,0.428,0,0,0.273
"9606.ENSP00000300738","9606.ENSP00000355506","RRM1","EXO1",9606,0.571,0,0,0,0.338,0.18,0,0.274
"9606.ENSP00000300738","9606.ENSP00000418960","RRM1","BRCA1",9606,0.575,0,0,0,0.271,0,0,0.442
"9606.ENSP00000300738","9606.ENSP00000483254","RRM1","HNRNPDL",9606,0.588,0,0,0,0.075,0.062,0,0.564
"9606.ENSP00000300738","9606.ENSP00000378699","RRM1","CDK1",9606,0.606,0,0,0,0.392,0,0,0.38
"9606.ENSP00000300738","9606.ENSP00000405726","RRM1","CDC45",9606,0.609,0,0,0,0.38,0.074,0,0.374
"9606.ENSP00000300738","9606.ENSP00000396308","RRM1","DHFR",9606,0.621,0.118,0,0,0.344,0,0,0.398
"9606.ENSP00000300738","9606.ENSP00000371253","RRM1","GART",9606,0.622,0.053,0,0,0.286,0,0,0.487
"9606.ENSP00000300738","9606.ENSP00000325017","RRM1","NCAPD2",9606,0.635,0,0,0,0.532,0,0,0.253
"9606.ENSP00000300738","9606.ENSP00000357308","RRM1","CENPW",9606,0.679,0.108,0,0,0.396,0,0.339,0.206
"9606.ENSP00000300738","9606.ENSP00000481380","RRM1","CCNA2",9606,0.685,0,0,0,0.413,0.301,0,0.294
"9606.ENSP00000300738","9606.ENSP00000498610","RRM1","SLC29A1",9606,0.687,0,0,0,0.075,0,0,0.676
"9606.ENSP00000300738","9606.ENSP00000356853","RRM1","UCK2",9606,0.7,0.047,0,0,0.168,0,0.339,0.496
"9606.ENSP00000300738","9606.ENSP00000411532","RRM1","TOP2A",9606,0.707,0,0,0,0.396,0,0,0.536
"9606.ENSP00000300738","9606.ENSP00000313007","RRM1","PABPC1",9606,0.741,0,0,0,0.109,0,0,0.722
"9606.ENSP00000300738","9606.ENSP00000468425","RRM1","TK1",9606,0.748,0.143,0,0,0.411,0,0,0.541
"9606.ENSP00000300738","9606.ENSP00000305480","RRM1","FEN1",9606,0.77,0,0,0,0.587,0.131,0,0.411
"9606.ENSP00000300738","9606.ENSP00000346577","RRM1","AK5",9606,0.865,0.042,0,0,0,0,0.851,0.133
"9606.ENSP00000300738","9606.ENSP00000480987","RRM1","MCM3",9606,0.891,0,0,0,0.867,0,0,0.221
"9606.ENSP00000300738","9606.ENSP00000307288","RRM1","MCM7",9606,0.952,0,0,0,0.929,0.181,0,0.256
"9606.ENSP00000300738","9606.ENSP00000315644","RRM1","TYMS",9606,0.978,0.211,0,0,0.896,0.178,0,0.724
"9606.ENSP00000300738","9606.ENSP00000353770","RRM1","RRM2",9606,0.999,0,0,0.534,0.632,0.999,0.9,0.988
"9606.ENSP00000301488","9606.ENSP00000362592","CDK2AP2","RBBP4",9606,0.946,0,0,0,0.079,0.457,0.9,0.055
"9606.ENSP00000301633","9606.ENSP00000306968","BIRC5","CDCA7",9606,0.418,0,0,0,0.258,0,0,0.249
"9606.ENSP00000301633","9606.ENSP00000379181","BIRC5","RAE1",9606,0.421,0,0,0,0.075,0,0.4,0
"9606.ENSP00000301633","9606.ENSP00000360623","BIRC5","ORC1",9606,0.434,0,0,0,0.352,0,0,0.163
"9606.ENSP00000301633","9606.ENSP00000396308","BIRC5","DHFR",9606,0.446,0,0,0,0.282,0,0,0.261
"9606.ENSP00000301633","9606.ENSP00000354394","BIRC5","STAT1",9606,0.449,0,0,0,0.065,0,0,0.435
"9606.ENSP00000301633","9606.ENSP00000312664","BIRC5","CASP2",9606,0.457,0,0,0,0.125,0,0,0.405
"9606.ENSP00000301633","9606.ENSP00000360268","BIRC5","ALDH18A1",9606,0.48,0,0,0,0.075,0.457,0,0.048
"9606.ENSP00000301633","9606.ENSP00000350698","BIRC5","DDX47",9606,0.482,0,0,0,0.074,0.457,0,0.053
"9606.ENSP00000301633","9606.ENSP00000312995","BIRC5","CLSPN",9606,0.491,0,0,0,0.241,0,0,0.358
"9606.ENSP00000301633","9606.ENSP00000307288","BIRC5","MCM7",9606,0.502,0,0,0,0.331,0,0,0.287
"9606.ENSP00000301633","9606.ENSP00000332194","BIRC5","H2AC20",9606,0.512,0,0,0,0.069,0,0,0.498
"9606.ENSP00000301633","9606.ENSP00000325017","BIRC5","NCAPD2",9606,0.52,0,0,0,0.374,0.131,0,0.19
"9606.ENSP00000301633","9606.ENSP00000380256","BIRC5","CCNF",9606,0.533,0,0,0,0.354,0,0,0.307
"9606.ENSP00000301633","9606.ENSP00000480987","BIRC5","MCM3",9606,0.556,0,0,0,0.414,0,0,0.275
"9606.ENSP00000301633","9606.ENSP00000355958","BIRC5","DTL",9606,0.561,0,0,0,0.494,0,0,0.168
"9606.ENSP00000301633","9606.ENSP00000383611","BIRC5","CCNL2",9606,0.57,0,0,0,0,0,0,0.57
"9606.ENSP00000301633","9606.ENSP00000398698","BIRC5","TNF",9606,0.576,0,0,0,0.042,0,0,0.576
"9606.ENSP00000301633","9606.ENSP00000305480","BIRC5","FEN1",9606,0.579,0,0,0,0.468,0.049,0,0.236
"9606.ENSP00000301633","9606.ENSP00000355506","BIRC5","EXO1",9606,0.582,0,0,0,0.45,0.066,0,0.253
"9606.ENSP00000301633","9606.ENSP00000389810","BIRC5","DSN1",9606,0.588,0,0,0,0.207,0.051,0,0.497
"9606.ENSP00000301633","9606.ENSP00000418268","BIRC5","MCM10",9606,0.596,0,0,0,0.454,0,0,0.292
"9606.ENSP00000301633","9606.ENSP00000320147","BIRC5","EZH2",9606,0.599,0,0,0,0.307,0.052,0,0.44
"9606.ENSP00000301633","9606.ENSP00000387007","BIRC5","NCAPG2",9606,0.603,0,0,0,0.56,0,0,0.135
"9606.ENSP00000301633","9606.ENSP00000429089","BIRC5","CCNE2",9606,0.605,0,0,0,0.356,0,0,0.412
"9606.ENSP00000301633","9606.ENSP00000479617","BIRC5","UHRF1",9606,0.612,0,0,0,0.501,0,0,0.255
"9606.ENSP00000301633","9606.ENSP00000306999","BIRC5","ESCO2",9606,0.651,0,0,0,0.533,0,0,0.285
"9606.ENSP00000301633","9606.ENSP00000414904","BIRC5","CTSO",9606,0.651,0,0,0,0,0,0.65,0.046
"9606.ENSP00000301633","9606.ENSP00000418960","BIRC5","BRCA1",9606,0.67,0,0,0,0.361,0,0,0.505
"9606.ENSP00000301633","9606.ENSP00000328228","BIRC5","CDCA2",9606,0.673,0,0,0,0.554,0,0,0.297
"9606.ENSP00000301633","9606.ENSP00000494750","BIRC5","ACTB",9606,0.676,0,0,0,0,0.046,0,0.675
"9606.ENSP00000301633","9606.ENSP00000410452","BIRC5","STMN1",9606,0.677,0,0,0,0.455,0.051,0,0.427
"9606.ENSP00000301633","9606.ENSP00000380070","BIRC5","GAPDH",9606,0.685,0,0,0,0.107,0.064,0,0.654
"9606.ENSP00000301633","9606.ENSP00000365433","BIRC5","TCF19",9606,0.689,0,0,0,0.686,0.048,0,0.046
"9606.ENSP00000301633","9606.ENSP00000415430","BIRC5","GTSE1",9606,0.736,0,0,0,0.649,0,0,0.28
"9606.ENSP00000301633","9606.ENSP00000311083","BIRC5","CKS1B",9606,0.745,0,0,0,0.625,0,0,0.348
"9606.ENSP00000301633","9606.ENSP00000493712","BIRC5","RAD51",9606,0.754,0,0,0,0.632,0.043,0,0.358
"9606.ENSP00000301633","9606.ENSP00000315644","BIRC5","TYMS",9606,0.766,0,0,0,0.577,0,0,0.47
"9606.ENSP00000301633","9606.ENSP00000364976","BIRC5","CKS2",9606,0.769,0,0,0,0.623,0,0,0.413
"9606.ENSP00000301633","9606.ENSP00000405726","BIRC5","CDC45",9606,0.773,0,0,0,0.7,0,0,0.277
"9606.ENSP00000301633","9606.ENSP00000356319","BIRC5","KIF14",9606,0.781,0,0,0,0.511,0.457,0,0.242
"9606.ENSP00000301633","9606.ENSP00000363055","BIRC5","ZWINT",9606,0.796,0,0,0,0.697,0,0,0.355
"9606.ENSP00000301633","9606.ENSP00000438483","BIRC5","KPNA2",9606,0.802,0,0,0,0.738,0,0,0.278
"9606.ENSP00000301633","9606.ENSP00000353770","BIRC5","RRM2",9606,0.845,0,0,0,0.682,0,0,0.533
"9606.ENSP00000301633","9606.ENSP00000324020","BIRC5","KIF15",9606,0.846,0,0,0,0.805,0,0,0.246
"9606.ENSP00000301633","9606.ENSP00000306473","BIRC5","SHCBP1",9606,0.848,0,0,0,0.818,0,0,0.202
"9606.ENSP00000301633","9606.ENSP00000357308","BIRC5","CENPW",9606,0.857,0,0,0,0.819,0,0,0.244
"9606.ENSP00000301633","9606.ENSP00000356379","BIRC5","ASPM",9606,0.88,0,0,0,0.77,0,0,0.502
"9606.ENSP00000301633","9606.ENSP00000414109","BIRC5","HJURP",9606,0.899,0,0,0,0.867,0,0,0.272
"9606.ENSP00000301633","9606.ENSP00000363524","BIRC5","KIF4A",9606,0.904,0,0,0,0.829,0,0,0.467
"9606.ENSP00000301633","9606.ENSP00000355966","BIRC5","NEK2",9606,0.905,0,0,0,0.817,0.102,0,0.471
"9606.ENSP00000301633","9606.ENSP00000499238","BIRC5","NUSAP1",9606,0.922,0,0,0,0.854,0,0,0.488
"9606.ENSP00000301633","9606.ENSP00000336868","BIRC5","CENPA",9606,0.923,0,0,0,0.848,0.077,0,0.499
"9606.ENSP00000301633","9606.ENSP00000357643","BIRC5","MKI67",9606,0.928,0,0,0,0.848,0,0,0.547
"9606.ENSP00000301633","9606.ENSP00000465075","BIRC5","SPC24",9606,0.929,0,0,0,0.909,0,0,0.261
"9606.ENSP00000301633","9606.ENSP00000468425","BIRC5","TK1",9606,0.932,0,0,0,0.883,0,0,0.443
"9606.ENSP00000301633","9606.ENSP00000377536","BIRC5","PTTG1",9606,0.95,0,0,0,0.906,0,0,0.498
"9606.ENSP00000301633","9606.ENSP00000481380","BIRC5","CCNA2",9606,0.952,0,0,0,0.884,0,0,0.61
"9606.ENSP00000301633","9606.ENSP00000362948","BIRC5","MED18",9606,0.958,0,0,0,0,0.958,0,0
"9606.ENSP00000301633","9606.ENSP00000411532","BIRC5","TOP2A",9606,0.962,0,0,0,0.906,0,0,0.618
"9606.ENSP00000301633","9606.ENSP00000302530","BIRC5","BUB1",9606,0.97,0,0,0,0.873,0.105,0,0.761
"9606.ENSP00000301633","9606.ENSP00000361298","BIRC5","KIF2C",9606,0.97,0,0,0,0.902,0,0,0.707
"9606.ENSP00000301633","9606.ENSP00000361540","BIRC5","CDC20",9606,0.984,0,0,0,0.927,0,0.5,0.619
"9606.ENSP00000301633","9606.ENSP00000442068","BIRC5","CDCA3",9606,0.988,0,0,0,0.977,0,0,0.523
"9606.ENSP00000301633","9606.ENSP00000348838","BIRC5","UBE2C",9606,0.989,0,0,0,0.972,0,0,0.624
"9606.ENSP00000301633","9606.ENSP00000362146","BIRC5","CDCA8",9606,0.999,0,0,0,0.973,0.999,0.9,0.895
"9606.ENSP00000301633","9606.ENSP00000378699","BIRC5","CDK1",9606,0.999,0,0,0,0.973,0.802,0.4,0.795
"9606.ENSP00000301738","9606.ENSP00000371594","KCTD5","GNG7",9606,0.485,0,0,0,0,0.457,0,0.092
"9606.ENSP00000301738","9606.ENSP00000307288","KCTD5","MCM7",9606,0.491,0,0,0,0.07,0.457,0,0.074
"9606.ENSP00000301738","9606.ENSP00000398698","KCTD5","TNF",9606,0.524,0,0,0,0,0.524,0,0
"9606.ENSP00000301738","9606.ENSP00000305260","KCTD5","GNB2",9606,0.564,0,0,0,0.104,0.458,0,0.176
"9606.ENSP00000301738","9606.ENSP00000334448","KCTD5","GNG2",9606,0.8,0,0,0,0,0.8,0,0
"9606.ENSP00000301764","9606.ENSP00000493712","DDB1","RAD51",9606,0.406,0,0,0,0.059,0,0,0.395
"9606.ENSP00000301764","9606.ENSP00000348429","DDB1","ACSL5",9606,0.416,0,0,0,0,0.325,0,0.171
"9606.ENSP00000301764","9606.ENSP00000377958","DDB1","CCT4",9606,0.418,0,0,0,0.225,0.28,0,0
"9606.ENSP00000301764","9606.ENSP00000385057","DDB1","APOBEC3G",9606,0.425,0,0,0,0.07,0,0,0.408
"9606.ENSP00000301764","9606.ENSP00000356319","DDB1","KIF14",9606,0.457,0,0,0,0,0.457,0,0
"9606.ENSP00000301764","9606.ENSP00000418960","DDB1","BRCA1",9606,0.463,0,0,0,0,0.138,0,0.403
"9606.ENSP00000301764","9606.ENSP00000313050","DDB1","NIPSNAP2",9606,0.464,0,0,0,0.055,0.457,0,0
"9606.ENSP00000301764","9606.ENSP00000437125","DDB1","HSPA8",9606,0.466,0,0,0,0.155,0.309,0,0.159
"9606.ENSP00000301764","9606.ENSP00000332194","DDB1","H2AC20",9606,0.469,0,0,0,0,0,0,0.469
"9606.ENSP00000301764","9606.ENSP00000487174","DDB1","ZEB2",9606,0.482,0,0,0,0,0.456,0,0.087
"9606.ENSP00000301764","9606.ENSP00000355028","DDB1","DZIP3",9606,0.483,0,0,0,0.062,0.457,0,0.067
"9606.ENSP00000301764","9606.ENSP00000397552","DDB1","ACTL6A",9606,0.505,0,0,0,0.153,0.045,0.4,0.101
"9606.ENSP00000301764","9606.ENSP00000354394","DDB1","STAT1",9606,0.507,0,0,0,0.075,0.338,0,0.26
"9606.ENSP00000301764","9606.ENSP00000394331","DDB1","COMMD5",9606,0.513,0,0,0,0.067,0,0.5,0
"9606.ENSP00000301764","9606.ENSP00000305260","DDB1","GNB2",9606,0.514,0,0,0,0.075,0.47,0,0.09
"9606.ENSP00000301764","9606.ENSP00000306999","DDB1","ESCO2",9606,0.537,0,0,0,0,0.457,0,0.184
"9606.ENSP00000301764","9606.ENSP00000433760","DDB1","BANF1",9606,0.543,0,0,0,0.08,0.457,0,0.16
"9606.ENSP00000301764","9606.ENSP00000336868","DDB1","CENPA",9606,0.58,0,0,0,0,0.46,0,0.255
"9606.ENSP00000301764","9606.ENSP00000335321","DDB1","SF3B1",9606,0.586,0,0,0,0.32,0,0,0.417
"9606.ENSP00000301764","9606.ENSP00000305480","DDB1","FEN1",9606,0.588,0,0,0,0.075,0.046,0,0.571
"9606.ENSP00000301764","9606.ENSP00000494750","DDB1","ACTB",9606,0.615,0,0,0,0.077,0.118,0.4,0.305
"9606.ENSP00000301764","9606.ENSP00000320147","DDB1","EZH2",9606,0.632,0,0,0,0.059,0.493,0,0.291
"9606.ENSP00000301764","9606.ENSP00000316176","DDB1","UBE2N",9606,0.698,0,0,0,0.146,0.069,0.5,0.331
"9606.ENSP00000301764","9606.ENSP00000355506","DDB1","EXO1",9606,0.764,0,0,0,0,0.475,0,0.57
"9606.ENSP00000301764","9606.ENSP00000435619","DDB1","EID3",9606,0.81,0,0,0,0,0.8,0,0.09
"9606.ENSP00000301764","9606.ENSP00000367034","DDB1","H4C3",9606,0.814,0,0,0,0.062,0.8,0,0.089
"9606.ENSP00000301764","9606.ENSP00000349430","DDB1","H2BC12",9606,0.842,0,0,0,0,0.807,0,0.215
"9606.ENSP00000301764","9606.ENSP00000483903","DDB1","H2BC15",9606,0.842,0,0,0,0,0.807,0,0.217
"9606.ENSP00000301764","9606.ENSP00000379931","DDB1","UBE2E2",9606,0.846,0,0,0,0.06,0.805,0,0.229
"9606.ENSP00000301764","9606.ENSP00000380256","DDB1","CCNF",9606,0.846,0,0,0,0.047,0.802,0,0.25
"9606.ENSP00000301764","9606.ENSP00000418268","DDB1","MCM10",9606,0.878,0,0,0,0,0.802,0,0.411
"9606.ENSP00000301764","9606.ENSP00000305790","DDB1","SF3B3",9606,0.88,0,0,0,0.849,0.069,0,0.217
"9606.ENSP00000301764","9606.ENSP00000442318","DDB1","CAND1",9606,0.903,0,0,0,0.29,0.457,0.5,0.557
"9606.ENSP00000301764","9606.ENSP00000365782","DDB1","CEP78",9606,0.966,0,0,0,0,0.96,0,0.203
"9606.ENSP00000301764","9606.ENSP00000362592","DDB1","RBBP4",9606,0.983,0,0,0,0.162,0.975,0,0.265
"9606.ENSP00000301764","9606.ENSP00000483236","DDB1","DCAF7",9606,0.997,0,0,0,0.076,0.956,0.9,0.564
"9606.ENSP00000301764","9606.ENSP00000355114","DDB1","DCAF12",9606,0.999,0,0,0,0.075,0.999,0.9,0.595
"9606.ENSP00000301764","9606.ENSP00000355958","DDB1","DTL",9606,0.999,0,0,0,0,0.999,0.9,0.928
"9606.ENSP00000302530","9606.ENSP00000355249","BUB1","E2F2",9606,0.414,0,0,0,0.132,0,0,0.353
"9606.ENSP00000302530","9606.ENSP00000497402","BUB1","RCC1",9606,0.426,0,0,0,0.157,0,0,0.348
"9606.ENSP00000302530","9606.ENSP00000320147","BUB1","EZH2",9606,0.442,0,0,0,0.305,0.049,0,0.224
"9606.ENSP00000302530","9606.ENSP00000383611","BUB1","CCNL2",9606,0.444,0,0,0,0,0,0,0.444
"9606.ENSP00000302530","9606.ENSP00000468425","BUB1","TK1",9606,0.489,0,0,0,0.368,0,0,0.226
"9606.ENSP00000302530","9606.ENSP00000360944","BUB1","STIL",9606,0.521,0,0,0,0.418,0,0,0.211
"9606.ENSP00000302530","9606.ENSP00000305480","BUB1","FEN1",9606,0.543,0,0,0,0.309,0.095,0,0.329
"9606.ENSP00000302530","9606.ENSP00000429089","BUB1","CCNE2",9606,0.558,0,0,0,0.213,0,0,0.462
"9606.ENSP00000302530","9606.ENSP00000438483","BUB1","KPNA2",9606,0.558,0,0,0,0.483,0,0,0.181
"9606.ENSP00000302530","9606.ENSP00000323246","BUB1","E2F7",9606,0.586,0,0,0,0.434,0,0,0.3
"9606.ENSP00000302530","9606.ENSP00000418960","BUB1","BRCA1",9606,0.587,0,0,0,0.34,0,0,0.4
"9606.ENSP00000302530","9606.ENSP00000312995","BUB1","CLSPN",9606,0.614,0,0,0,0.423,0,0,0.359
"9606.ENSP00000302530","9606.ENSP00000479617","BUB1","UHRF1",9606,0.617,0,0,0,0.445,0.091,0,0.303
"9606.ENSP00000302530","9606.ENSP00000306968","BUB1","CDCA7",9606,0.62,0,0,0,0.489,0,0,0.288
"9606.ENSP00000302530","9606.ENSP00000364976","BUB1","CKS2",9606,0.628,0,0,0,0.417,0,0,0.389
"9606.ENSP00000302530","9606.ENSP00000360623","BUB1","ORC1",9606,0.633,0,0,0,0.488,0.068,0,0.293
"9606.ENSP00000302530","9606.ENSP00000325017","BUB1","NCAPD2",9606,0.635,0,0,0,0.412,0,0,0.406
"9606.ENSP00000302530","9606.ENSP00000480987","BUB1","MCM3",9606,0.638,0,0,0,0.368,0,0,0.452
"9606.ENSP00000302530","9606.ENSP00000357308","BUB1","CENPW",9606,0.649,0,0,0,0.493,0,0,0.337
"9606.ENSP00000302530","9606.ENSP00000307288","BUB1","MCM7",9606,0.654,0,0,0,0.468,0,0,0.378
"9606.ENSP00000302530","9606.ENSP00000387007","BUB1","NCAPG2",9606,0.655,0,0,0,0.548,0,0,0.269
"9606.ENSP00000302530","9606.ENSP00000380256","BUB1","CCNF",9606,0.66,0,0,0,0.505,0,0,0.343
"9606.ENSP00000302530","9606.ENSP00000311083","BUB1","CKS1B",9606,0.678,0,0,0,0.353,0,0,0.524
"9606.ENSP00000302530","9606.ENSP00000306999","BUB1","ESCO2",9606,0.701,0,0,0,0.517,0.097,0,0.37
"9606.ENSP00000302530","9606.ENSP00000418268","BUB1","MCM10",9606,0.704,0,0,0,0.458,0,0,0.478
"9606.ENSP00000302530","9606.ENSP00000415430","BUB1","GTSE1",9606,0.713,0,0,0,0.55,0,0,0.39
"9606.ENSP00000302530","9606.ENSP00000493712","BUB1","RAD51",9606,0.721,0,0,0,0.602,0.059,0,0.315
"9606.ENSP00000302530","9606.ENSP00000306473","BUB1","SHCBP1",9606,0.722,0,0,0,0.695,0,0,0.129
"9606.ENSP00000302530","9606.ENSP00000315644","BUB1","TYMS",9606,0.765,0,0,0,0.653,0,0,0.353
"9606.ENSP00000302530","9606.ENSP00000332194","BUB1","H2AC20",9606,0.767,0,0,0,0.063,0.092,0,0.749
"9606.ENSP00000302530","9606.ENSP00000353770","BUB1","RRM2",9606,0.797,0,0,0,0.615,0,0,0.496
"9606.ENSP00000302530","9606.ENSP00000356319","BUB1","KIF14",9606,0.816,0,0,0,0.613,0.065,0,0.534
"9606.ENSP00000302530","9606.ENSP00000355506","BUB1","EXO1",9606,0.827,0,0,0,0.73,0.069,0,0.37
"9606.ENSP00000302530","9606.ENSP00000328228","BUB1","CDCA2",9606,0.829,0,0,0,0.703,0,0,0.45
"9606.ENSP00000302530","9606.ENSP00000355958","BUB1","DTL",9606,0.847,0,0,0,0.835,0,0,0.112
"9606.ENSP00000302530","9606.ENSP00000414109","BUB1","HJURP",9606,0.906,0,0,0,0.842,0,0,0.43
"9606.ENSP00000302530","9606.ENSP00000442068","BUB1","CDCA3",9606,0.911,0,0,0,0.844,0,0,0.455
"9606.ENSP00000302530","9606.ENSP00000377536","BUB1","PTTG1",9606,0.923,0,0,0,0.689,0,0,0.763
"9606.ENSP00000302530","9606.ENSP00000357643","BUB1","MKI67",9606,0.936,0,0,0,0.886,0,0,0.465
"9606.ENSP00000302530","9606.ENSP00000363524","BUB1","KIF4A",9606,0.936,0,0,0,0.833,0.073,0,0.62
"9606.ENSP00000302530","9606.ENSP00000405726","BUB1","CDC45",9606,0.937,0,0,0,0.847,0,0,0.609
"9606.ENSP00000302530","9606.ENSP00000499238","BUB1","NUSAP1",9606,0.937,0,0,0,0.856,0,0,0.587
"9606.ENSP00000302530","9606.ENSP00000324020","BUB1","KIF15",9606,0.941,0,0,0,0.885,0,0,0.515
"9606.ENSP00000302530","9606.ENSP00000355966","BUB1","NEK2",9606,0.946,0,0,0,0.86,0,0,0.631
"9606.ENSP00000302530","9606.ENSP00000362146","BUB1","CDCA8",9606,0.957,0,0,0,0.851,0,0,0.729
"9606.ENSP00000302530","9606.ENSP00000336868","BUB1","CENPA",9606,0.963,0,0,0,0.873,0.131,0,0.696
"9606.ENSP00000302530","9606.ENSP00000481380","BUB1","CCNA2",9606,0.966,0,0,0,0.898,0,0,0.682
"9606.ENSP00000302530","9606.ENSP00000348838","BUB1","UBE2C",9606,0.969,0,0,0,0.928,0,0,0.588
"9606.ENSP00000302530","9606.ENSP00000356379","BUB1","ASPM",9606,0.976,0,0,0,0.919,0.203,0,0.664
"9606.ENSP00000302530","9606.ENSP00000411532","BUB1","TOP2A",9606,0.981,0,0,0,0.947,0,0,0.657
"9606.ENSP00000302530","9606.ENSP00000361298","BUB1","KIF2C",9606,0.99,0,0,0,0.914,0.049,0,0.888
"9606.ENSP00000302530","9606.ENSP00000379181","BUB1","RAE1",9606,0.991,0,0,0,0.075,0.985,0,0.416
"9606.ENSP00000302530","9606.ENSP00000361540","BUB1","CDC20",9606,0.999,0,0,0,0.848,0.999,0.8,0.974
"9606.ENSP00000302530","9606.ENSP00000363055","BUB1","ZWINT",9606,0.999,0,0,0,0.594,0.995,0.9,0.613
"9606.ENSP00000302530","9606.ENSP00000378699","BUB1","CDK1",9606,0.999,0,0,0,0.957,0.829,0.4,0.814
"9606.ENSP00000302530","9606.ENSP00000389810","BUB1","DSN1",9606,0.999,0,0,0,0.241,0.991,0.9,0.674
"9606.ENSP00000302530","9606.ENSP00000465075","BUB1","SPC24",9606,0.999,0,0,0,0.269,0.991,0.9,0.567
"9606.ENSP00000303222","9606.ENSP00000380256","MTCH2","CCNF",9606,0.461,0,0,0,0,0.457,0,0.049
"9606.ENSP00000303222","9606.ENSP00000356319","MTCH2","KIF14",9606,0.499,0,0,0,0.062,0.457,0,0.097
"9606.ENSP00000303222","9606.ENSP00000335201","MTCH2","BCDIN3D",9606,0.5,0,0,0,0,0,0,0.5
"9606.ENSP00000303549","9606.ENSP00000369344","GPR82","GPR150",9606,0.402,0,0,0,0,0,0,0.402
"9606.ENSP00000303549","9606.ENSP00000498976","GPR82","GPR19",9606,0.472,0,0,0,0,0,0,0.472
"9606.ENSP00000303908","9606.ENSP00000356319","TWF2","KIF14",9606,0.461,0,0,0,0,0.457,0,0.049
"9606.ENSP00000303908","9606.ENSP00000358921","TWF2","ACTR1A",9606,0.525,0,0,0,0.211,0.377,0,0.113
"9606.ENSP00000303908","9606.ENSP00000458162","TWF2","ACTG1",9606,0.821,0,0,0,0.075,0.758,0,0.268
"9606.ENSP00000303908","9606.ENSP00000494689","TWF2","EPS8",9606,0.924,0,0,0,0,0,0.8,0.638
"9606.ENSP00000303908","9606.ENSP00000494750","TWF2","ACTB",9606,0.95,0,0,0,0.076,0.939,0,0.194
"9606.ENSP00000303908","9606.ENSP00000449428","TWF2","TWF1",9606,0.991,0,0,0.055,0.085,0.983,0.5,0.065
"9606.ENSP00000303908","9606.ENSP00000361883","TWF2","CAP1",9606,0.999,0,0,0,0.213,0.999,0,0.42
"9606.ENSP00000303987","9606.ENSP00000354762","TMEM223","COA3",9606,0.572,0,0,0,0.13,0.456,0,0.17
"9606.ENSP00000304353","9606.ENSP00000357643","POP7","MKI67",9606,0.475,0,0,0,0.075,0.456,0,0
"9606.ENSP00000304903","9606.ENSP00000356319","CD2BP2","KIF14",9606,0.457,0,0,0,0,0.457,0,0
"9606.ENSP00000304903","9606.ENSP00000380256","CD2BP2","CCNF",9606,0.467,0,0,0,0.06,0.457,0,0
"9606.ENSP00000304903","9606.ENSP00000433760","CD2BP2","BANF1",9606,0.476,0,0,0,0.075,0.457,0,0
"9606.ENSP00000304903","9606.ENSP00000305790","CD2BP2","SF3B3",9606,0.478,0,0,0,0.075,0.183,0,0.365
"9606.ENSP00000304903","9606.ENSP00000356946","CD2BP2","FCGR3A",9606,0.493,0,0,0,0,0,0,0.493
"9606.ENSP00000304903","9606.ENSP00000310723","CD2BP2","DDX23",9606,0.999,0,0,0,0.191,0.999,0.9,0.645
"9606.ENSP00000304987","9606.ENSP00000356319","BFSP2","KIF14",9606,0.474,0,0,0,0.055,0.457,0,0.059
"9606.ENSP00000304987","9606.ENSP00000355966","BFSP2","NEK2",9606,0.56,0,0,0,0,0.56,0,0
"9606.ENSP00000305260","9606.ENSP00000455215","GNB2","ADGRG1",9606,0.401,0,0,0,0,0.401,0,0
"9606.ENSP00000305260","9606.ENSP00000359911","GNB2","RAP2C",9606,0.42,0,0,0,0.19,0.075,0,0.289
"9606.ENSP00000305260","9606.ENSP00000380256","GNB2","CCNF",9606,0.469,0,0,0,0.062,0.457,0,0.042
"9606.ENSP00000305260","9606.ENSP00000377958","GNB2","CCT4",9606,0.585,0,0,0,0.079,0.164,0.5,0.05
"9606.ENSP00000305260","9606.ENSP00000378483","GNB2","RGS19",9606,0.59,0,0,0,0.111,0,0.5,0.152
"9606.ENSP00000305260","9606.ENSP00000369899","GNB2","RRAGA",9606,0.594,0,0,0,0.108,0,0.54,0.091
"9606.ENSP00000305260","9606.ENSP00000327246","GNB2","VIPR1",9606,0.682,0,0,0,0,0.131,0.65,0
"9606.ENSP00000305260","9606.ENSP00000305372","GNB2","ADRB2",9606,0.704,0,0,0,0,0.179,0.65,0.053
"9606.ENSP00000305260","9606.ENSP00000323867","GNB2","PRKAG1",9606,0.757,0,0,0,0.095,0.28,0.65,0.064
"9606.ENSP00000305260","9606.ENSP00000334448","GNB2","GNG2",9606,0.999,0,0,0,0,0.999,0.9,0.846
"9606.ENSP00000305260","9606.ENSP00000360141","GNB2","GNAS",9606,0.999,0,0,0,0.2,0.989,0.9,0.527
"9606.ENSP00000305260","9606.ENSP00000371594","GNB2","GNG7",9606,0.999,0,0,0,0,0.999,0.9,0.477
"9606.ENSP00000305372","9606.ENSP00000321326","ADRB2","F2R",9606,0.443,0,0,0,0.075,0,0,0.423
"9606.ENSP00000305372","9606.ENSP00000320147","ADRB2","EZH2",9606,0.447,0,0,0,0,0.26,0,0.284
"9606.ENSP00000305372","9606.ENSP00000380070","ADRB2","GAPDH",9606,0.45,0,0,0,0,0.043,0,0.449
"9606.ENSP00000305372","9606.ENSP00000398698","ADRB2","TNF",9606,0.522,0,0,0,0.075,0,0,0.505
"9606.ENSP00000305372","9606.ENSP00000483185","ADRB2","AP2B1",9606,0.672,0,0,0,0,0.078,0.5,0.347
"9606.ENSP00000305372","9606.ENSP00000371594","ADRB2","GNG7",9606,0.701,0,0,0,0,0.083,0.65,0.146
"9606.ENSP00000305372","9606.ENSP00000334448","ADRB2","GNG2",9606,0.934,0,0,0,0.066,0.811,0.65,0.069
"9606.ENSP00000305372","9606.ENSP00000360141","ADRB2","GNAS",9606,0.997,0,0,0,0,0.937,0.9,0.591
"9606.ENSP00000305480","9606.ENSP00000415430","FEN1","GTSE1",9606,0.409,0,0,0,0.273,0,0,0.221
"9606.ENSP00000305480","9606.ENSP00000497402","FEN1","RCC1",9606,0.411,0,0,0,0.244,0,0,0.253
"9606.ENSP00000305480","9606.ENSP00000380070","FEN1","GAPDH",9606,0.421,0.061,0,0,0.129,0,0,0.35
"9606.ENSP00000305480","9606.ENSP00000414109","FEN1","HJURP",9606,0.421,0,0,0,0.333,0,0,0.168
"9606.ENSP00000305480","9606.ENSP00000320147","FEN1","EZH2",9606,0.423,0,0,0,0.276,0,0,0.237
"9606.ENSP00000305480","9606.ENSP00000365380","FEN1","FOXP3",9606,0.423,0,0,0,0,0.394,0,0.088
"9606.ENSP00000305480","9606.ENSP00000377536","FEN1","PTTG1",9606,0.434,0,0,0,0.291,0,0,0.235
"9606.ENSP00000305480","9606.ENSP00000340736","FEN1","GYG1",9606,0.435,0,0,0,0.08,0.309,0,0.183
"9606.ENSP00000305480","9606.ENSP00000387007","FEN1","NCAPG2",9606,0.439,0,0,0,0.375,0,0,0.14
"9606.ENSP00000305480","9606.ENSP00000396308","FEN1","DHFR",9606,0.447,0.042,0,0,0.35,0,0,0.184
"9606.ENSP00000305480","9606.ENSP00000442068","FEN1","CDCA3",9606,0.449,0,0,0,0.325,0,0,0.218
"9606.ENSP00000305480","9606.ENSP00000357643","FEN1","MKI67",9606,0.45,0,0,0,0.336,0,0,0.206
"9606.ENSP00000305480","9606.ENSP00000324020","FEN1","KIF15",9606,0.458,0,0,0,0.367,0,0,0.18
"9606.ENSP00000305480","9606.ENSP00000313050","FEN1","NIPSNAP2",9606,0.471,0,0,0,0.066,0.457,0,0
"9606.ENSP00000305480","9606.ENSP00000438483","FEN1","KPNA2",9606,0.471,0,0,0,0.266,0,0,0.309
"9606.ENSP00000305480","9606.ENSP00000429089","FEN1","CCNE2",9606,0.472,0,0,0,0.322,0,0,0.254
"9606.ENSP00000305480","9606.ENSP00000311083","FEN1","CKS1B",9606,0.485,0,0,0,0.343,0,0,0.249
"9606.ENSP00000305480","9606.ENSP00000364976","FEN1","CKS2",9606,0.493,0,0,0,0.319,0,0,0.287
"9606.ENSP00000305480","9606.ENSP00000362146","FEN1","CDCA8",9606,0.499,0.055,0,0,0.407,0,0,0.179
"9606.ENSP00000305480","9606.ENSP00000361298","FEN1","KIF2C",9606,0.511,0,0,0,0.349,0,0,0.28
"9606.ENSP00000305480","9606.ENSP00000479617","FEN1","UHRF1",9606,0.517,0,0,0,0.368,0,0,0.268
"9606.ENSP00000305480","9606.ENSP00000325017","FEN1","NCAPD2",9606,0.519,0,0,0,0.276,0,0,0.363
"9606.ENSP00000305480","9606.ENSP00000336868","FEN1","CENPA",9606,0.521,0,0,0,0.36,0.111,0,0.226
"9606.ENSP00000305480","9606.ENSP00000367910","FEN1","FANCG",9606,0.521,0,0,0,0.247,0,0,0.39
"9606.ENSP00000305480","9606.ENSP00000362041","FEN1","DNAJC9",9606,0.541,0,0,0,0.528,0.046,0,0.064
"9606.ENSP00000305480","9606.ENSP00000499238","FEN1","NUSAP1",9606,0.543,0,0,0,0.423,0,0,0.242
"9606.ENSP00000305480","9606.ENSP00000477602","FEN1","ELOVL1",9606,0.549,0,0,0,0,0,0,0.549
"9606.ENSP00000305480","9606.ENSP00000316176","FEN1","UBE2N",9606,0.558,0,0,0,0.095,0.339,0,0.321
"9606.ENSP00000305480","9606.ENSP00000360623","FEN1","ORC1",9606,0.559,0.091,0,0,0.418,0,0,0.234
"9606.ENSP00000305480","9606.ENSP00000361540","FEN1","CDC20",9606,0.562,0.042,0,0,0.371,0.068,0,0.313
"9606.ENSP00000305480","9606.ENSP00000348838","FEN1","UBE2C",9606,0.566,0,0,0,0.374,0,0,0.336
"9606.ENSP00000305480","9606.ENSP00000356319","FEN1","KIF14",9606,0.572,0,0,0,0.2,0.457,0,0.094
"9606.ENSP00000305480","9606.ENSP00000361990","FEN1","UBR2",9606,0.577,0,0,0,0.062,0.078,0,0.551
"9606.ENSP00000305480","9606.ENSP00000312995","FEN1","CLSPN",9606,0.617,0,0,0,0.367,0,0,0.42
"9606.ENSP00000305480","9606.ENSP00000468425","FEN1","TK1",9606,0.632,0,0,0,0.553,0,0,0.212
"9606.ENSP00000305480","9606.ENSP00000380241","FEN1","NUDT1",9606,0.661,0,0,0,0.227,0.457,0,0.258
"9606.ENSP00000305480","9606.ENSP00000355958","FEN1","DTL",9606,0.693,0,0,0,0.537,0,0,0.365
"9606.ENSP00000305480","9606.ENSP00000483397","FEN1","FSBP",9606,0.698,0,0,0,0,0.385,0,0.53
"9606.ENSP00000305480","9606.ENSP00000363055","FEN1","ZWINT",9606,0.716,0,0,0,0.646,0,0,0.232
"9606.ENSP00000305480","9606.ENSP00000353770","FEN1","RRM2",9606,0.717,0,0,0,0.554,0.05,0,0.387
"9606.ENSP00000305480","9606.ENSP00000411532","FEN1","TOP2A",9606,0.729,0.058,0,0,0.346,0.215,0,0.506
"9606.ENSP00000305480","9606.ENSP00000321636","FEN1","TOP3A",9606,0.772,0.06,0,0,0.075,0.211,0,0.708
"9606.ENSP00000305480","9606.ENSP00000418960","FEN1","BRCA1",9606,0.773,0,0,0,0.369,0,0,0.656
"9606.ENSP00000305480","9606.ENSP00000418268","FEN1","MCM10",9606,0.834,0,0,0,0.631,0,0,0.571
"9606.ENSP00000305480","9606.ENSP00000315644","FEN1","TYMS",9606,0.844,0.057,0,0,0.676,0,0,0.531
"9606.ENSP00000305480","9606.ENSP00000380256","FEN1","CCNF",9606,0.847,0,0,0,0.295,0.713,0,0.305
"9606.ENSP00000305480","9606.ENSP00000405726","FEN1","CDC45",9606,0.855,0,0,0,0.657,0,0,0.597
"9606.ENSP00000305480","9606.ENSP00000307288","FEN1","MCM7",9606,0.872,0,0,0,0.701,0,0,0.591
"9606.ENSP00000305480","9606.ENSP00000378699","FEN1","CDK1",9606,0.873,0,0,0,0.57,0.51,0,0.448
"9606.ENSP00000305480","9606.ENSP00000481380","FEN1","CCNA2",9606,0.884,0,0,0,0.662,0.475,0,0.399
"9606.ENSP00000305480","9606.ENSP00000308193","FEN1","RNASEH2C",9606,0.921,0,0,0,0.241,0.8,0,0.527
"9606.ENSP00000305480","9606.ENSP00000480987","FEN1","MCM3",9606,0.94,0,0,0,0.868,0,0,0.566
"9606.ENSP00000305480","9606.ENSP00000355506","FEN1","EXO1",9606,0.953,0,0,0,0.439,0.819,0,0.575
"9606.ENSP00000305480","9606.ENSP00000493712","FEN1","RAD51",9606,0.987,0.057,0,0,0.422,0.867,0,0.842
"9606.ENSP00000305790","9606.ENSP00000452123","SF3B3","SRSF5",9606,0.422,0,0,0,0.132,0.1,0,0.32
"9606.ENSP00000305790","9606.ENSP00000425031","SF3B3","HNRNPAB",9606,0.435,0,0,0,0.297,0.094,0,0.185
"9606.ENSP00000305790","9606.ENSP00000356319","SF3B3","KIF14",9606,0.477,0,0,0,0.077,0.457,0,0
"9606.ENSP00000305790","9606.ENSP00000380256","SF3B3","CCNF",9606,0.481,0,0,0,0.085,0.457,0,0
"9606.ENSP00000305790","9606.ENSP00000355966","SF3B3","NEK2",9606,0.508,0,0,0,0.094,0.457,0,0.082
"9606.ENSP00000305790","9606.ENSP00000339001","SF3B3","TUBB",9606,0.516,0,0,0,0.092,0.445,0,0.117
"9606.ENSP00000305790","9606.ENSP00000317872","SF3B3","RBBP6",9606,0.522,0,0,0,0.075,0,0.5,0.05
"9606.ENSP00000305790","9606.ENSP00000376276","SF3B3","SRSF2",9606,0.555,0,0,0,0.077,0.262,0,0.4
"9606.ENSP00000305790","9606.ENSP00000325905","SF3B3","SRSF7",9606,0.622,0,0,0,0.213,0.341,0,0.33
"9606.ENSP00000305790","9606.ENSP00000416269","SF3B3","DDX39B",9606,0.649,0,0,0,0.361,0.305,0,0.275
"9606.ENSP00000305790","9606.ENSP00000358939","SF3B3","SARS1",9606,0.78,0,0,0,0.064,0.762,0,0.094
"9606.ENSP00000305790","9606.ENSP00000497641","SF3B3","EIF4A3",9606,0.914,0,0,0,0.205,0.876,0,0.2
"9606.ENSP00000305790","9606.ENSP00000310723","SF3B3","DDX23",9606,0.918,0,0,0,0.257,0.822,0,0.431
"9606.ENSP00000305790","9606.ENSP00000432886","SF3B3","RNPC3",9606,0.976,0,0,0,0,0.768,0.9,0.086
"9606.ENSP00000305790","9606.ENSP00000396301","SF3B3","IK",9606,0.989,0,0,0,0.075,0.9,0.9,0
"9606.ENSP00000305790","9606.ENSP00000335321","SF3B3","SF3B1",9606,0.999,0,0,0,0.623,0.999,0.9,0.767
"9606.ENSP00000305839","9606.ENSP00000336799","GPRIN1","TUBA1B",9606,0.562,0,0,0,0.075,0,0,0.546
"9606.ENSP00000306105","9606.ENSP00000367476","CEP89","CEP104",9606,0.597,0,0,0,0.095,0,0,0.573
"9606.ENSP00000306473","9606.ENSP00000355506","SHCBP1","EXO1",9606,0.404,0,0,0,0.356,0,0,0.113
"9606.ENSP00000306473","9606.ENSP00000315644","SHCBP1","TYMS",9606,0.419,0,0,0,0.344,0,0,0.152
"9606.ENSP00000306473","9606.ENSP00000360944","SHCBP1","STIL",9606,0.438,0,0,0,0.377,0,0,0.135
"9606.ENSP00000306473","9606.ENSP00000415430","SHCBP1","GTSE1",9606,0.454,0,0,0,0.348,0,0,0.197
"9606.ENSP00000306473","9606.ENSP00000414109","SHCBP1","HJURP",9606,0.455,0,0,0,0.381,0,0,0.157
"9606.ENSP00000306473","9606.ENSP00000465075","SHCBP1","SPC24",9606,0.457,0,0,0,0.441,0,0,0.07
"9606.ENSP00000306473","9606.ENSP00000377536","SHCBP1","PTTG1",9606,0.463,0,0,0,0.303,0,0,0.262
"9606.ENSP00000306473","9606.ENSP00000479617","SHCBP1","UHRF1",9606,0.469,0,0,0,0.396,0,0,0.158
"9606.ENSP00000306473","9606.ENSP00000438483","SHCBP1","KPNA2",9606,0.47,0,0,0,0.316,0,0,0.258
"9606.ENSP00000306473","9606.ENSP00000328228","SHCBP1","CDCA2",9606,0.476,0,0,0,0.422,0,0,0.131
"9606.ENSP00000306473","9606.ENSP00000361540","SHCBP1","CDC20",9606,0.514,0,0,0,0.456,0,0,0.145
"9606.ENSP00000306473","9606.ENSP00000442068","SHCBP1","CDCA3",9606,0.515,0,0,0,0.481,0,0,0.104
"9606.ENSP00000306473","9606.ENSP00000306999","SHCBP1","ESCO2",9606,0.537,0,0,0,0.508,0,0,0.098
"9606.ENSP00000306473","9606.ENSP00000355958","SHCBP1","DTL",9606,0.551,0,0,0,0.551,0,0,0
"9606.ENSP00000306473","9606.ENSP00000418268","SHCBP1","MCM10",9606,0.577,0,0,0,0.41,0,0,0.313
"9606.ENSP00000306473","9606.ENSP00000348838","SHCBP1","UBE2C",9606,0.58,0,0,0,0.488,0,0,0.215
"9606.ENSP00000306473","9606.ENSP00000493712","SHCBP1","RAD51",9606,0.608,0,0,0,0.554,0,0,0.159
"9606.ENSP00000306473","9606.ENSP00000356379","SHCBP1","ASPM",9606,0.612,0,0,0,0.517,0,0,0.231
"9606.ENSP00000306473","9606.ENSP00000468425","SHCBP1","TK1",9606,0.612,0,0,0,0.562,0,0,0.151
"9606.ENSP00000306473","9606.ENSP00000324020","SHCBP1","KIF15",9606,0.626,0,0,0,0.54,0,0,0.221
"9606.ENSP00000306473","9606.ENSP00000355966","SHCBP1","NEK2",9606,0.636,0,0,0,0.579,0,0,0.171
"9606.ENSP00000306473","9606.ENSP00000363055","SHCBP1","ZWINT",9606,0.648,0,0,0,0.641,0,0,0.062
"9606.ENSP00000306473","9606.ENSP00000387007","SHCBP1","NCAPG2",9606,0.668,0,0,0,0.631,0,0,0.138
"9606.ENSP00000306473","9606.ENSP00000361298","SHCBP1","KIF2C",9606,0.674,0,0,0,0.573,0,0,0.27
"9606.ENSP00000306473","9606.ENSP00000363524","SHCBP1","KIF4A",9606,0.681,0,0,0,0.501,0,0,0.387
"9606.ENSP00000306473","9606.ENSP00000336868","SHCBP1","CENPA",9606,0.698,0,0,0,0.361,0.456,0,0.203
"9606.ENSP00000306473","9606.ENSP00000362146","SHCBP1","CDCA8",9606,0.713,0,0,0,0.625,0,0,0.268
"9606.ENSP00000306473","9606.ENSP00000378699","SHCBP1","CDK1",9606,0.72,0,0,0,0.656,0,0,0.22
"9606.ENSP00000306473","9606.ENSP00000411532","SHCBP1","TOP2A",9606,0.734,0,0,0,0.683,0,0,0.197
"9606.ENSP00000306473","9606.ENSP00000481380","SHCBP1","CCNA2",9606,0.753,0,0,0,0.674,0,0,0.274
"9606.ENSP00000306473","9606.ENSP00000353770","SHCBP1","RRM2",9606,0.761,0,0,0,0.704,0,0,0.228
"9606.ENSP00000306473","9606.ENSP00000356319","SHCBP1","KIF14",9606,0.798,0,0,0,0.54,0.457,0,0.258
"9606.ENSP00000306473","9606.ENSP00000357643","SHCBP1","MKI67",9606,0.81,0,0,0,0.597,0.456,0,0.204
"9606.ENSP00000306473","9606.ENSP00000499238","SHCBP1","NUSAP1",9606,0.834,0,0,0,0.65,0.457,0,0.2
"9606.ENSP00000306788","9606.ENSP00000380352","ARL6IP1","DDHD2",9606,0.42,0,0,0,0.073,0,0,0.4
"9606.ENSP00000306788","9606.ENSP00000362146","ARL6IP1","CDCA8",9606,0.44,0,0,0,0.297,0.076,0,0.208
"9606.ENSP00000306788","9606.ENSP00000470560","ARL6IP1","EMG1",9606,0.508,0,0,0,0.091,0.474,0,0.054
"9606.ENSP00000306788","9606.ENSP00000328854","ARL6IP1","NOC4L",9606,0.529,0,0,0,0,0.511,0,0.078
"9606.ENSP00000306788","9606.ENSP00000360850","ARL6IP1","MRPS2",9606,0.555,0.052,0,0,0.302,0.31,0,0.142
"9606.ENSP00000306788","9606.ENSP00000495795","ARL6IP1","SPG7",9606,0.569,0,0,0,0.152,0.281,0,0.35
"9606.ENSP00000306788","9606.ENSP00000326981","ARL6IP1","IMP3",9606,0.677,0.061,0,0,0.392,0.444,0,0.105
"9606.ENSP00000306788","9606.ENSP00000358812","ARL6IP1","PDCD11",9606,0.803,0.042,0,0,0.553,0.537,0,0.127
"9606.ENSP00000306788","9606.ENSP00000496250","ARL6IP1","RPL11",9606,0.873,0.091,0,0,0.436,0.715,0,0.235
"9606.ENSP00000306968","9606.ENSP00000356379","CDCA7","ASPM",9606,0.403,0,0,0,0.288,0,0,0.196
"9606.ENSP00000306968","9606.ENSP00000364976","CDCA7","CKS2",9606,0.403,0,0,0,0.2,0,0,0.285
"9606.ENSP00000306968","9606.ENSP00000356319","CDCA7","KIF14",9606,0.404,0,0,0,0.216,0,0,0.271
"9606.ENSP00000306968","9606.ENSP00000355966","CDCA7","NEK2",9606,0.416,0,0,0,0.2,0.066,0,0.282
"9606.ENSP00000306968","9606.ENSP00000429089","CDCA7","CCNE2",9606,0.418,0,0,0,0.131,0.054,0,0.35
"9606.ENSP00000306968","9606.ENSP00000336868","CDCA7","CENPA",9606,0.434,0,0,0,0.227,0,0,0.298
"9606.ENSP00000306968","9606.ENSP00000357643","CDCA7","MKI67",9606,0.436,0,0,0,0.336,0,0,0.186
"9606.ENSP00000306968","9606.ENSP00000324020","CDCA7","KIF15",9606,0.438,0,0,0,0.309,0,0,0.221
"9606.ENSP00000306968","9606.ENSP00000315644","CDCA7","TYMS",9606,0.447,0,0,0,0.334,0,0,0.205
"9606.ENSP00000306968","9606.ENSP00000480987","CDCA7","MCM3",9606,0.448,0,0,0,0.337,0,0,0.203
"9606.ENSP00000306968","9606.ENSP00000481380","CDCA7","CCNA2",9606,0.453,0,0,0,0.318,0,0,0.232
"9606.ENSP00000306968","9606.ENSP00000353770","CDCA7","RRM2",9606,0.456,0,0,0,0.301,0,0,0.255
"9606.ENSP00000306968","9606.ENSP00000363055","CDCA7","ZWINT",9606,0.461,0,0,0,0.328,0,0,0.232
"9606.ENSP00000306968","9606.ENSP00000361298","CDCA7","KIF2C",9606,0.465,0,0,0,0.306,0,0,0.261
"9606.ENSP00000306968","9606.ENSP00000499238","CDCA7","NUSAP1",9606,0.474,0,0,0,0.278,0,0,0.302
"9606.ENSP00000306968","9606.ENSP00000378699","CDCA7","CDK1",9606,0.476,0,0,0,0.318,0,0,0.264
"9606.ENSP00000306968","9606.ENSP00000348838","CDCA7","UBE2C",9606,0.506,0,0,0,0.297,0,0,0.327
"9606.ENSP00000306968","9606.ENSP00000361540","CDCA7","CDC20",9606,0.524,0,0,0,0.294,0.072,0,0.332
"9606.ENSP00000306968","9606.ENSP00000411532","CDCA7","TOP2A",9606,0.537,0,0,0,0.344,0,0,0.324
"9606.ENSP00000306968","9606.ENSP00000418268","CDCA7","MCM10",9606,0.559,0,0,0,0.293,0,0,0.402
"9606.ENSP00000306968","9606.ENSP00000362146","CDCA7","CDCA8",9606,0.572,0,0,0,0.266,0,0,0.442
"9606.ENSP00000306968","9606.ENSP00000442068","CDCA7","CDCA3",9606,0.588,0,0,0,0.195,0,0,0.51
"9606.ENSP00000306968","9606.ENSP00000405726","CDCA7","CDC45",9606,0.598,0,0,0,0.429,0,0,0.326
"9606.ENSP00000306968","9606.ENSP00000328228","CDCA7","CDCA2",9606,0.648,0,0,0,0.238,0,0,0.558
"9606.ENSP00000306968","9606.ENSP00000479617","CDCA7","UHRF1",9606,0.666,0,0,0,0.413,0.046,0,0.452
"9606.ENSP00000306968","9606.ENSP00000367034","CDCA7","H4C3",9606,0.81,0,0,0,0.075,0.8,0,0.06
"9606.ENSP00000306968","9606.ENSP00000366679","CDCA7","H2AC12",9606,0.9,0,0,0,0,0.9,0,0.049
"9606.ENSP00000306968","9606.ENSP00000349430","CDCA7","H2BC12",9606,0.902,0,0,0,0.063,0.9,0,0
"9606.ENSP00000306968","9606.ENSP00000328484","CDCA7","H2AC14",9606,0.903,0,0,0,0.063,0.9,0,0.049
"9606.ENSP00000306968","9606.ENSP00000483903","CDCA7","H2BC15",9606,0.903,0,0,0,0.074,0.9,0,0
"9606.ENSP00000306968","9606.ENSP00000332194","CDCA7","H2AC20",9606,0.904,0,0,0,0,0.9,0,0.081
"9606.ENSP00000306999","9606.ENSP00000357643","ESCO2","MKI67",9606,0.405,0,0,0,0.333,0,0,0.145
"9606.ENSP00000306999","9606.ENSP00000363055","ESCO2","ZWINT",9606,0.406,0,0,0,0.325,0,0,0.157
"9606.ENSP00000306999","9606.ENSP00000396308","ESCO2","DHFR",9606,0.416,0,0,0,0.279,0,0,0.224
"9606.ENSP00000306999","9606.ENSP00000418960","ESCO2","BRCA1",9606,0.424,0,0,0,0.304,0,0,0.207
"9606.ENSP00000306999","9606.ENSP00000442068","ESCO2","CDCA3",9606,0.427,0,0,0,0.364,0,0,0.137
"9606.ENSP00000306999","9606.ENSP00000414109","ESCO2","HJURP",9606,0.443,0,0,0,0.343,0,0,0.188
"9606.ENSP00000306999","9606.ENSP00000403039","ESCO2","HP1BP3",9606,0.457,0,0,0,0,0.457,0,0.042
"9606.ENSP00000306999","9606.ENSP00000362146","ESCO2","CDCA8",9606,0.466,0,0,0,0.415,0,0,0.126
"9606.ENSP00000306999","9606.ENSP00000353770","ESCO2","RRM2",9606,0.496,0,0,0,0.424,0,0,0.162
"9606.ENSP00000306999","9606.ENSP00000377536","ESCO2","PTTG1",9606,0.499,0,0,0,0.381,0,0,0.225
"9606.ENSP00000306999","9606.ENSP00000387007","ESCO2","NCAPG2",9606,0.507,0,0,0,0.333,0,0,0.292
"9606.ENSP00000306999","9606.ENSP00000336868","ESCO2","CENPA",9606,0.51,0,0,0,0.413,0.044,0,0.198
"9606.ENSP00000306999","9606.ENSP00000312995","ESCO2","CLSPN",9606,0.517,0,0,0,0.398,0,0,0.232
"9606.ENSP00000306999","9606.ENSP00000355506","ESCO2","EXO1",9606,0.542,0,0,0,0.449,0.068,0,0.181
"9606.ENSP00000306999","9606.ENSP00000356379","ESCO2","ASPM",9606,0.545,0,0,0,0.472,0,0,0.175
"9606.ENSP00000306999","9606.ENSP00000328228","ESCO2","CDCA2",9606,0.595,0,0,0,0.507,0,0,0.213
"9606.ENSP00000306999","9606.ENSP00000356319","ESCO2","KIF14",9606,0.598,0,0,0,0.274,0.457,0,0.063
"9606.ENSP00000306999","9606.ENSP00000493712","ESCO2","RAD51",9606,0.606,0,0,0,0.5,0,0,0.246
"9606.ENSP00000306999","9606.ENSP00000480987","ESCO2","MCM3",9606,0.625,0,0,0,0.25,0.457,0,0.155
"9606.ENSP00000306999","9606.ENSP00000307288","ESCO2","MCM7",9606,0.632,0,0,0,0.168,0.508,0,0.175
"9606.ENSP00000306999","9606.ENSP00000361298","ESCO2","KIF2C",9606,0.671,0,0,0,0.635,0,0,0.136
"9606.ENSP00000306999","9606.ENSP00000499238","ESCO2","NUSAP1",9606,0.671,0,0,0,0.613,0,0,0.187
"9606.ENSP00000306999","9606.ENSP00000324020","ESCO2","KIF15",9606,0.7,0,0,0,0.692,0,0,0.067
"9606.ENSP00000306999","9606.ENSP00000405726","ESCO2","CDC45",9606,0.716,0,0,0,0.318,0.457,0,0.296
"9606.ENSP00000306999","9606.ENSP00000411532","ESCO2","TOP2A",9606,0.731,0,0,0,0.674,0.069,0,0.186
"9606.ENSP00000306999","9606.ENSP00000355966","ESCO2","NEK2",9606,0.768,0,0,0,0.696,0,0,0.271
"9606.ENSP00000306999","9606.ENSP00000378699","ESCO2","CDK1",9606,0.79,0,0,0,0.667,0.205,0,0.271
"9606.ENSP00000306999","9606.ENSP00000418268","ESCO2","MCM10",9606,0.791,0,0,0,0.44,0.457,0,0.368
"9606.ENSP00000306999","9606.ENSP00000481380","ESCO2","CCNA2",9606,0.864,0,0,0,0.844,0,0,0.169
"9606.ENSP00000307260","9606.ENSP00000356319","TBL2","KIF14",9606,0.463,0,0,0,0,0.457,0,0.053
"9606.ENSP00000307260","9606.ENSP00000380256","TBL2","CCNF",9606,0.505,0,0,0,0.068,0.457,0,0.102
"9606.ENSP00000307260","9606.ENSP00000455215","TBL2","ADGRG1",9606,0.632,0,0,0,0,0,0,0.632
"9606.ENSP00000307288","9606.ENSP00000363524","MCM7","KIF4A",9606,0.4,0,0,0,0.273,0,0,0.209
"9606.ENSP00000307288","9606.ENSP00000438483","MCM7","KPNA2",9606,0.4,0,0,0,0.23,0,0,0.253
"9606.ENSP00000307288","9606.ENSP00000397552","MCM7","ACTL6A",9606,0.402,0,0,0,0.288,0,0,0.195
"9606.ENSP00000307288","9606.ENSP00000387007","MCM7","NCAPG2",9606,0.416,0,0,0,0.396,0,0,0.074
"9606.ENSP00000307288","9606.ENSP00000494750","MCM7","ACTB",9606,0.416,0,0,0,0.085,0,0,0.388
"9606.ENSP00000307288","9606.ENSP00000355249","MCM7","E2F2",9606,0.43,0,0,0,0.131,0,0,0.371
"9606.ENSP00000307288","9606.ENSP00000357643","MCM7","MKI67",9606,0.432,0,0,0,0.254,0,0,0.27
"9606.ENSP00000307288","9606.ENSP00000377958","MCM7","CCT4",9606,0.44,0,0,0,0.156,0.325,0,0.096
"9606.ENSP00000307288","9606.ENSP00000356379","MCM7","ASPM",9606,0.445,0,0,0,0.309,0,0,0.23
"9606.ENSP00000307288","9606.ENSP00000499238","MCM7","NUSAP1",9606,0.453,0,0,0,0.324,0,0,0.225
"9606.ENSP00000307288","9606.ENSP00000363055","MCM7","ZWINT",9606,0.454,0,0,0,0.342,0,0,0.205
"9606.ENSP00000307288","9606.ENSP00000497402","MCM7","RCC1",9606,0.466,0,0,0,0.351,0,0,0.211
"9606.ENSP00000307288","9606.ENSP00000367229","MCM7","CEP68",9606,0.468,0,0,0,0.061,0.457,0,0
"9606.ENSP00000307288","9606.ENSP00000361298","MCM7","KIF2C",9606,0.469,0,0,0,0.296,0,0,0.277
"9606.ENSP00000307288","9606.ENSP00000335321","MCM7","SF3B1",9606,0.472,0,0,0,0.124,0.422,0,0
"9606.ENSP00000307288","9606.ENSP00000339001","MCM7","TUBB",9606,0.475,0,0,0,0.329,0,0,0.25
"9606.ENSP00000307288","9606.ENSP00000351646","MCM7","STIP1",9606,0.477,0,0,0,0.153,0.399,0,0.056
"9606.ENSP00000307288","9606.ENSP00000355958","MCM7","DTL",9606,0.49,0,0,0,0.383,0,0,0.208
"9606.ENSP00000307288","9606.ENSP00000380070","MCM7","GAPDH",9606,0.495,0,0,0,0.149,0,0,0.432
"9606.ENSP00000307288","9606.ENSP00000360268","MCM7","ALDH18A1",9606,0.496,0,0,0,0.216,0,0,0.384
"9606.ENSP00000307288","9606.ENSP00000364976","MCM7","CKS2",9606,0.498,0,0,0,0.255,0,0,0.354
"9606.ENSP00000307288","9606.ENSP00000468425","MCM7","TK1",9606,0.501,0,0,0,0.358,0,0,0.255
"9606.ENSP00000307288","9606.ENSP00000362041","MCM7","DNAJC9",9606,0.515,0,0,0,0.385,0.211,0,0.081
"9606.ENSP00000307288","9606.ENSP00000418960","MCM7","BRCA1",9606,0.519,0,0,0,0.251,0,0,0.385
"9606.ENSP00000307288","9606.ENSP00000428924","MCM7","LYN",9606,0.52,0,0,0,0.063,0.469,0,0.114
"9606.ENSP00000307288","9606.ENSP00000356319","MCM7","KIF14",9606,0.541,0,0,0,0.129,0.457,0,0.108
"9606.ENSP00000307288","9606.ENSP00000311083","MCM7","CKS1B",9606,0.544,0,0,0,0.305,0,0,0.371
"9606.ENSP00000307288","9606.ENSP00000320147","MCM7","EZH2",9606,0.57,0,0,0,0.445,0.045,0,0.255
"9606.ENSP00000307288","9606.ENSP00000362146","MCM7","CDCA8",9606,0.571,0,0,0,0.433,0.068,0,0.254
"9606.ENSP00000307288","9606.ENSP00000357308","MCM7","CENPW",9606,0.577,0,0,0,0.532,0,0,0.134
"9606.ENSP00000307288","9606.ENSP00000479617","MCM7","UHRF1",9606,0.577,0,0,0,0.421,0,0,0.3
"9606.ENSP00000307288","9606.ENSP00000348838","MCM7","UBE2C",9606,0.581,0,0,0,0.333,0,0,0.398
"9606.ENSP00000307288","9606.ENSP00000362592","MCM7","RBBP4",9606,0.609,0,0,0,0.343,0.346,0,0.164
"9606.ENSP00000307288","9606.ENSP00000325017","MCM7","NCAPD2",9606,0.616,0,0,0,0.491,0,0,0.277
"9606.ENSP00000307288","9606.ENSP00000355506","MCM7","EXO1",9606,0.623,0,0,0,0.347,0,0,0.447
"9606.ENSP00000307288","9606.ENSP00000358921","MCM7","ACTR1A",9606,0.627,0,0,0,0.075,0.572,0,0.134
"9606.ENSP00000307288","9606.ENSP00000411532","MCM7","TOP2A",9606,0.635,0,0,0,0.317,0,0,0.488
"9606.ENSP00000307288","9606.ENSP00000361540","MCM7","CDC20",9606,0.649,0,0,0,0.412,0,0,0.428
"9606.ENSP00000307288","9606.ENSP00000429089","MCM7","CCNE2",9606,0.657,0,0,0,0.452,0,0,0.401
"9606.ENSP00000307288","9606.ENSP00000493712","MCM7","RAD51",9606,0.669,0,0,0,0.321,0,0,0.533
"9606.ENSP00000307288","9606.ENSP00000315644","MCM7","TYMS",9606,0.685,0,0,0,0.597,0,0,0.252
"9606.ENSP00000307288","9606.ENSP00000380256","MCM7","CCNF",9606,0.691,0,0,0,0.285,0.457,0,0.27
"9606.ENSP00000307288","9606.ENSP00000378699","MCM7","CDK1",9606,0.717,0,0,0,0.442,0,0,0.515
"9606.ENSP00000307288","9606.ENSP00000353770","MCM7","RRM2",9606,0.867,0,0,0,0.786,0,0,0.405
"9606.ENSP00000307288","9606.ENSP00000481380","MCM7","CCNA2",9606,0.896,0,0,0,0.661,0,0.4,0.53
"9606.ENSP00000307288","9606.ENSP00000312995","MCM7","CLSPN",9606,0.963,0,0,0,0.33,0.8,0.5,0.513
"9606.ENSP00000307288","9606.ENSP00000360623","MCM7","ORC1",9606,0.998,0,0,0,0.752,0.974,0.5,0.548
"9606.ENSP00000307288","9606.ENSP00000405726","MCM7","CDC45",9606,0.999,0,0,0,0.556,0.999,0.9,0.834
"9606.ENSP00000307288","9606.ENSP00000418268","MCM7","MCM10",9606,0.999,0,0,0,0.724,0.998,0.5,0.759
"9606.ENSP00000307288","9606.ENSP00000480987","MCM7","MCM3",9606,0.999,0,0,0,0.987,0.999,0.9,0.754
"9606.ENSP00000307900","9606.ENSP00000354394","GLUL","STAT1",9606,0.41,0,0,0,0.072,0,0,0.391
"9606.ENSP00000307900","9606.ENSP00000487136","GLUL","OXNAD1",9606,0.417,0,0,0,0.091,0,0.311,0.145
"9606.ENSP00000307900","9606.ENSP00000478639","GLUL","SLC1A7",9606,0.425,0,0,0,0,0,0,0.425
"9606.ENSP00000307900","9606.ENSP00000396308","GLUL","DHFR",9606,0.456,0,0,0,0.055,0,0,0.448
"9606.ENSP00000307900","9606.ENSP00000494750","GLUL","ACTB",9606,0.464,0,0,0,0.084,0,0,0.439
"9606.ENSP00000307900","9606.ENSP00000495530","GLUL","ENO1",9606,0.472,0,0,0,0.121,0.074,0,0.404
"9606.ENSP00000307900","9606.ENSP00000443459","GLUL","BCAT1",9606,0.492,0.085,0,0,0.121,0,0,0.42
"9606.ENSP00000307900","9606.ENSP00000449756","GLUL","SLC38A1",9606,0.504,0,0,0,0.107,0,0,0.468
"9606.ENSP00000307900","9606.ENSP00000371253","GLUL","GART",9606,0.589,0.118,0,0,0,0.331,0,0.36
"9606.ENSP00000307900","9606.ENSP00000444408","GLUL","SLC1A5",9606,0.605,0,0,0,0.061,0,0,0.597
"9606.ENSP00000307900","9606.ENSP00000380070","GLUL","GAPDH",9606,0.663,0.09,0,0,0.109,0.069,0,0.607
"9606.ENSP00000307900","9606.ENSP00000349168","GLUL","HNRNPH1",9606,0.723,0,0,0,0.104,0.695,0,0.071
"9606.ENSP00000307900","9606.ENSP00000368646","GLUL","PRDX4",9606,0.785,0,0,0,0.058,0,0,0.782
"9606.ENSP00000307900","9606.ENSP00000325548","GLUL","CNDP2",9606,0.826,0.057,0,0,0.083,0,0.8,0.117
"9606.ENSP00000307900","9606.ENSP00000360268","GLUL","ALDH18A1",9606,0.928,0.12,0,0,0,0,0.8,0.624
"9606.ENSP00000308193","9606.ENSP00000361883","RNASEH2C","CAP1",9606,0.412,0,0,0,0.062,0.399,0,0
"9606.ENSP00000308193","9606.ENSP00000429323","RNASEH2C","EIF2B4",9606,0.443,0,0,0,0.075,0,0,0.423
"9606.ENSP00000308430","9606.ENSP00000316329","CYB5B","SCD5",9606,0.406,0,0,0,0.056,0.135,0,0.332
"9606.ENSP00000308430","9606.ENSP00000349168","CYB5B","HNRNPH1",9606,0.476,0,0,0,0.072,0.457,0,0.045
"9606.ENSP00000308430","9606.ENSP00000316476","CYB5B","DEGS1",9606,0.82,0,0,0,0.09,0,0.75,0.274
"9606.ENSP00000308820","9606.ENSP00000314508","RIC3","GBA",9606,0.497,0,0,0,0.046,0,0,0.495
"9606.ENSP00000308820","9606.ENSP00000387007","RIC3","NCAPG2",9606,0.672,0,0,0,0,0.672,0,0
"9606.ENSP00000309749","9606.ENSP00000425031","APOBEC3F","HNRNPAB",9606,0.727,0,0,0,0.067,0,0.72,0
"9606.ENSP00000309749","9606.ENSP00000355340","APOBEC3F","APOBEC3C",9606,0.868,0,0,0.052,0.828,0,0,0.259
"9606.ENSP00000309749","9606.ENSP00000385057","APOBEC3F","APOBEC3G",9606,0.981,0,0,0.073,0.635,0.456,0.9,0.141
"9606.ENSP00000310226","9606.ENSP00000386710","RAB1B","ATG9A",9606,0.406,0,0,0,0.095,0.119,0,0.315
"9606.ENSP00000310226","9606.ENSP00000378699","RAB1B","CDK1",9606,0.416,0,0,0,0,0,0.4,0.068
"9606.ENSP00000310226","9606.ENSP00000356319","RAB1B","KIF14",9606,0.464,0,0,0,0,0.457,0,0.055
"9606.ENSP00000310226","9606.ENSP00000359911","RAB1B","RAP2C",9606,0.466,0,0,0.103,0.176,0.327,0,0.054
"9606.ENSP00000310226","9606.ENSP00000449270","RAB1B","COPZ1",9606,0.717,0,0,0,0.258,0.068,0.5,0.279
"9606.ENSP00000310226","9606.ENSP00000463393","RAB1B","SEC22B",9606,0.839,0,0,0,0.148,0.419,0.5,0.428
"9606.ENSP00000310226","9606.ENSP00000317473","RAB1B","RABGGTB",9606,0.898,0,0,0,0.065,0.737,0.5,0.272
"9606.ENSP00000310226","9606.ENSP00000369538","RAB1B","GDI2",9606,0.999,0,0,0,0.12,0.999,0.5,0.352
"9606.ENSP00000310623","9606.ENSP00000437125","ISCU","HSPA8",9606,0.446,0.059,0,0,0.247,0.18,0,0.16
"9606.ENSP00000310623","9606.ENSP00000358149","ISCU","BOLA1",9606,0.964,0,0,0,0.047,0,0.9,0.653
"9606.ENSP00000310623","9606.ENSP00000452007","ISCU","ISCA2",9606,0.994,0.12,0,0,0.721,0,0.9,0.812
"9606.ENSP00000310723","9606.ENSP00000358812","DDX23","PDCD11",9606,0.43,0,0,0,0.304,0.144,0,0.121
"9606.ENSP00000310723","9606.ENSP00000452123","DDX23","SRSF5",9606,0.433,0.042,0,0,0.219,0.086,0,0.27
"9606.ENSP00000310723","9606.ENSP00000339001","DDX23","TUBB",9606,0.453,0,0,0,0.075,0.425,0,0.055
"9606.ENSP00000310723","9606.ENSP00000380256","DDX23","CCNF",9606,0.476,0,0,0,0.075,0.457,0,0
"9606.ENSP00000310723","9606.ENSP00000356319","DDX23","KIF14",9606,0.478,0,0,0,0.072,0.457,0,0.049
"9606.ENSP00000310723","9606.ENSP00000325905","DDX23","SRSF7",9606,0.496,0,0,0,0.187,0.177,0,0.308
"9606.ENSP00000310723","9606.ENSP00000396301","DDX23","IK",9606,0.896,0,0,0,0.339,0.832,0,0.146
"9606.ENSP00000310723","9606.ENSP00000335321","DDX23","SF3B1",9606,0.93,0,0,0,0.376,0.8,0,0.488
"9606.ENSP00000311083","9606.ENSP00000360623","CKS1B","ORC1",9606,0.403,0,0,0,0.185,0.217,0,0.14
"9606.ENSP00000311083","9606.ENSP00000414109","CKS1B","HJURP",9606,0.41,0,0,0,0.226,0,0,0.27
"9606.ENSP00000311083","9606.ENSP00000355506","CKS1B","EXO1",9606,0.424,0,0,0,0.222,0,0,0.291
"9606.ENSP00000311083","9606.ENSP00000405726","CKS1B","CDC45",9606,0.427,0,0,0,0.254,0,0,0.264
"9606.ENSP00000311083","9606.ENSP00000415430","CKS1B","GTSE1",9606,0.441,0,0,0,0.155,0,0,0.366
"9606.ENSP00000311083","9606.ENSP00000325017","CKS1B","NCAPD2",9606,0.464,0,0,0,0.203,0,0,0.356
"9606.ENSP00000311083","9606.ENSP00000468425","CKS1B","TK1",9606,0.467,0,0,0,0.302,0,0,0.268
"9606.ENSP00000311083","9606.ENSP00000478877","CKS1B","ADRM1",9606,0.47,0,0,0,0.075,0,0.4,0.123
"9606.ENSP00000311083","9606.ENSP00000353770","CKS1B","RRM2",9606,0.474,0,0,0,0.295,0,0,0.285
"9606.ENSP00000311083","9606.ENSP00000363055","CKS1B","ZWINT",9606,0.481,0,0,0,0.341,0,0,0.246
"9606.ENSP00000311083","9606.ENSP00000362334","CKS1B","PSMB2",9606,0.489,0,0,0,0.163,0.065,0.4,0
"9606.ENSP00000311083","9606.ENSP00000355325","CKS1B","PSMB5",9606,0.496,0,0,0,0.155,0.065,0.4,0.063
"9606.ENSP00000311083","9606.ENSP00000442068","CKS1B","CDCA3",9606,0.499,0,0,0,0.352,0,0,0.26
"9606.ENSP00000311083","9606.ENSP00000336868","CKS1B","CENPA",9606,0.513,0,0,0,0.31,0.062,0,0.308
"9606.ENSP00000311083","9606.ENSP00000438483","CKS1B","KPNA2",9606,0.515,0,0,0,0.307,0.086,0,0.296
"9606.ENSP00000311083","9606.ENSP00000356379","CKS1B","ASPM",9606,0.525,0,0,0,0.308,0,0,0.342
"9606.ENSP00000311083","9606.ENSP00000357308","CKS1B","CENPW",9606,0.532,0,0,0,0.428,0,0,0.216
"9606.ENSP00000311083","9606.ENSP00000411532","CKS1B","TOP2A",9606,0.551,0,0,0,0.367,0,0,0.321
"9606.ENSP00000311083","9606.ENSP00000360268","CKS1B","ALDH18A1",9606,0.554,0,0,0,0.066,0.511,0,0.102
"9606.ENSP00000311083","9606.ENSP00000315644","CKS1B","TYMS",9606,0.564,0,0,0,0.445,0,0,0.248
"9606.ENSP00000311083","9606.ENSP00000362146","CKS1B","CDCA8",9606,0.584,0,0,0,0.46,0,0,0.262
"9606.ENSP00000311083","9606.ENSP00000355966","CKS1B","NEK2",9606,0.588,0,0,0,0.234,0,0,0.485
"9606.ENSP00000311083","9606.ENSP00000361298","CKS1B","KIF2C",9606,0.594,0,0,0,0.361,0,0,0.391
"9606.ENSP00000311083","9606.ENSP00000380256","CKS1B","CCNF",9606,0.602,0,0,0,0.143,0,0,0.555
"9606.ENSP00000311083","9606.ENSP00000499238","CKS1B","NUSAP1",9606,0.614,0,0,0,0.444,0,0,0.335
"9606.ENSP00000311083","9606.ENSP00000348838","CKS1B","UBE2C",9606,0.67,0,0,0,0.471,0,0,0.402
"9606.ENSP00000311083","9606.ENSP00000377536","CKS1B","PTTG1",9606,0.708,0,0,0,0.587,0,0,0.323
"9606.ENSP00000311083","9606.ENSP00000383611","CKS1B","CCNL2",9606,0.795,0,0,0,0,0,0,0.795
"9606.ENSP00000311083","9606.ENSP00000429089","CKS1B","CCNE2",9606,0.996,0,0,0,0.13,0.99,0.5,0.189
"9606.ENSP00000311083","9606.ENSP00000361540","CKS1B","CDC20",9606,0.998,0,0,0,0.38,0.993,0,0.783
"9606.ENSP00000311083","9606.ENSP00000364976","CKS1B","CKS2",9606,0.999,0,0,0.054,0.598,0.999,0.9,0.209
"9606.ENSP00000311083","9606.ENSP00000378699","CKS1B","CDK1",9606,0.999,0,0,0,0.423,0.999,0,0.547
"9606.ENSP00000311083","9606.ENSP00000481380","CKS1B","CCNA2",9606,0.999,0,0,0,0.374,0.999,0.5,0.711
"9606.ENSP00000312002","9606.ENSP00000380070","HAVCR2","GAPDH",9606,0.41,0,0,0,0.044,0,0,0.409
"9606.ENSP00000312002","9606.ENSP00000388792","HAVCR2","ZNF683",9606,0.421,0,0,0,0.075,0,0,0.4
"9606.ENSP00000312002","9606.ENSP00000357643","HAVCR2","MKI67",9606,0.448,0,0,0,0,0,0,0.448
"9606.ENSP00000312002","9606.ENSP00000424846","HAVCR2","SH3BP2",9606,0.463,0,0,0,0.055,0.456,0,0
"9606.ENSP00000312002","9606.ENSP00000357022","HAVCR2","SLAMF7",9606,0.466,0,0,0,0.186,0,0,0.371
"9606.ENSP00000312002","9606.ENSP00000376123","HAVCR2","SH2D2A",9606,0.479,0,0,0,0.075,0.456,0,0.048
"9606.ENSP00000312002","9606.ENSP00000393566","HAVCR2","HLA-DPA1",9606,0.483,0,0,0,0.129,0.046,0,0.428
"9606.ENSP00000312002","9606.ENSP00000351059","HAVCR2","CX3CR1",9606,0.52,0,0,0,0.089,0,0,0.495
"9606.ENSP00000312002","9606.ENSP00000354394","HAVCR2","STAT1",9606,0.521,0,0,0,0.075,0,0,0.504
"9606.ENSP00000312002","9606.ENSP00000353099","HAVCR2","HLA-DRB1",9606,0.544,0,0,0,0.076,0.069,0,0.513
"9606.ENSP00000312002","9606.ENSP00000474412","HAVCR2","CCL5",9606,0.577,0,0,0,0.101,0,0,0.549
"9606.ENSP00000312002","9606.ENSP00000482259","HAVCR2","CCL4",9606,0.578,0,0,0,0.157,0,0,0.521
"9606.ENSP00000312002","9606.ENSP00000436423","HAVCR2","GNLY",9606,0.59,0,0,0,0.1,0,0,0.564
"9606.ENSP00000312002","9606.ENSP00000433847","HAVCR2","B3GAT1",9606,0.608,0,0,0,0,0,0,0.608
"9606.ENSP00000312002","9606.ENSP00000496959","HAVCR2","ITGAM",9606,0.643,0,0,0,0.13,0,0,0.607
"9606.ENSP00000312002","9606.ENSP00000388620","HAVCR2","EOMES",9606,0.664,0,0,0,0.075,0,0,0.652
"9606.ENSP00000312002","9606.ENSP00000356946","HAVCR2","FCGR3A",9606,0.701,0,0,0,0.17,0,0,0.655
"9606.ENSP00000312002","9606.ENSP00000357012","HAVCR2","CD244",9606,0.733,0,0,0,0.096,0,0,0.717
"9606.ENSP00000312002","9606.ENSP00000398568","HAVCR2","PRF1",9606,0.739,0,0,0,0.116,0,0,0.717
"9606.ENSP00000312002","9606.ENSP00000365380","HAVCR2","FOXP3",9606,0.765,0,0,0,0,0.046,0,0.764
"9606.ENSP00000312002","9606.ENSP00000368538","HAVCR2","TNFRSF4",9606,0.771,0,0,0,0.077,0,0,0.763
"9606.ENSP00000312002","9606.ENSP00000380855","HAVCR2","PDCD1LG2",9606,0.806,0,0,0,0.062,0,0,0.802
"9606.ENSP00000312002","9606.ENSP00000398698","HAVCR2","TNF",9606,0.811,0,0,0,0.08,0,0,0.804
"9606.ENSP00000312002","9606.ENSP00000362948","HAVCR2","MED18",9606,0.9,0,0,0,0,0,0.9,0
"9606.ENSP00000312002","9606.ENSP00000326767","HAVCR2","MED25",9606,0.901,0,0,0,0,0.053,0.9,0
"9606.ENSP00000312002","9606.ENSP00000435210","HAVCR2","BCLAF1",9606,0.902,0,0,0,0,0.069,0.9,0
"9606.ENSP00000312664","9606.ENSP00000494750","CASP2","ACTB",9606,0.437,0,0,0,0.073,0.093,0,0.385
"9606.ENSP00000312664","9606.ENSP00000398698","CASP2","TNF",9606,0.461,0,0,0,0.055,0.081,0,0.43
"9606.ENSP00000312995","9606.ENSP00000442068","CLSPN","CDCA3",9606,0.403,0,0,0,0.24,0,0,0.247
"9606.ENSP00000312995","9606.ENSP00000356319","CLSPN","KIF14",9606,0.407,0,0,0,0.249,0,0,0.243
"9606.ENSP00000312995","9606.ENSP00000323246","CLSPN","E2F7",9606,0.423,0,0,0,0.227,0,0,0.285
"9606.ENSP00000312995","9606.ENSP00000387007","CLSPN","NCAPG2",9606,0.429,0,0,0,0.373,0,0,0.127
"9606.ENSP00000312995","9606.ENSP00000363524","CLSPN","KIF4A",9606,0.436,0,0,0,0.343,0,0,0.178
"9606.ENSP00000312995","9606.ENSP00000328228","CLSPN","CDCA2",9606,0.442,0,0,0,0.28,0,0,0.258
"9606.ENSP00000312995","9606.ENSP00000429089","CLSPN","CCNE2",9606,0.448,0,0,0,0.254,0,0,0.291
"9606.ENSP00000312995","9606.ENSP00000355966","CLSPN","NEK2",9606,0.459,0,0,0,0.306,0,0,0.253
"9606.ENSP00000312995","9606.ENSP00000468425","CLSPN","TK1",9606,0.459,0,0,0,0.366,0,0,0.183
"9606.ENSP00000312995","9606.ENSP00000361298","CLSPN","KIF2C",9606,0.472,0,0,0,0.342,0,0,0.231
"9606.ENSP00000312995","9606.ENSP00000499238","CLSPN","NUSAP1",9606,0.48,0,0,0,0.288,0,0,0.3
"9606.ENSP00000312995","9606.ENSP00000315644","CLSPN","TYMS",9606,0.512,0,0,0,0.346,0,0,0.285
"9606.ENSP00000312995","9606.ENSP00000479617","CLSPN","UHRF1",9606,0.527,0,0,0,0.366,0,0,0.285
"9606.ENSP00000312995","9606.ENSP00000355958","CLSPN","DTL",9606,0.542,0,0,0,0.392,0,0,0.279
"9606.ENSP00000312995","9606.ENSP00000481380","CLSPN","CCNA2",9606,0.557,0,0,0,0.296,0,0,0.397
"9606.ENSP00000312995","9606.ENSP00000353770","CLSPN","RRM2",9606,0.564,0,0,0,0.396,0,0,0.308
"9606.ENSP00000312995","9606.ENSP00000362146","CLSPN","CDCA8",9606,0.564,0,0,0,0.344,0,0,0.364
"9606.ENSP00000312995","9606.ENSP00000357643","CLSPN","MKI67",9606,0.595,0,0,0,0.539,0,0,0.158
"9606.ENSP00000312995","9606.ENSP00000493712","CLSPN","RAD51",9606,0.627,0,0,0,0.25,0,0,0.524
"9606.ENSP00000312995","9606.ENSP00000356379","CLSPN","ASPM",9606,0.673,0,0,0,0.61,0,0,0.197
"9606.ENSP00000312995","9606.ENSP00000361540","CLSPN","CDC20",9606,0.677,0,0,0,0.192,0.457,0,0.323
"9606.ENSP00000312995","9606.ENSP00000378699","CLSPN","CDK1",9606,0.706,0,0,0,0.299,0,0,0.599
"9606.ENSP00000312995","9606.ENSP00000355506","CLSPN","EXO1",9606,0.739,0,0,0,0.439,0,0,0.555
"9606.ENSP00000312995","9606.ENSP00000411532","CLSPN","TOP2A",9606,0.775,0,0,0,0.651,0,0,0.383
"9606.ENSP00000312995","9606.ENSP00000360623","CLSPN","ORC1",9606,0.787,0,0,0,0.485,0,0.5,0.242
"9606.ENSP00000312995","9606.ENSP00000324020","CLSPN","KIF15",9606,0.797,0,0,0,0.738,0,0,0.26
"9606.ENSP00000312995","9606.ENSP00000418268","CLSPN","MCM10",9606,0.925,0,0,0,0.588,0,0.5,0.668
"9606.ENSP00000312995","9606.ENSP00000480987","CLSPN","MCM3",9606,0.954,0,0,0,0.285,0.8,0.5,0.441
"9606.ENSP00000312995","9606.ENSP00000418960","CLSPN","BRCA1",9606,0.96,0,0,0,0.512,0.802,0,0.628
"9606.ENSP00000312995","9606.ENSP00000405726","CLSPN","CDC45",9606,0.996,0,0,0,0.359,0.95,0.5,0.805
"9606.ENSP00000313007","9606.ENSP00000315644","PABPC1","TYMS",9606,0.404,0,0,0,0.079,0.365,0,0.063
"9606.ENSP00000313007","9606.ENSP00000410769","PABPC1","CNBP",9606,0.413,0,0,0,0.212,0.085,0,0.252
"9606.ENSP00000313007","9606.ENSP00000335321","PABPC1","SF3B1",9606,0.418,0,0,0,0.289,0.069,0,0.192
"9606.ENSP00000313007","9606.ENSP00000325905","PABPC1","SRSF7",9606,0.424,0,0,0,0.194,0,0,0.315
"9606.ENSP00000313007","9606.ENSP00000443475","PABPC1","TUBA1C",9606,0.432,0,0,0,0.337,0.064,0,0.159
"9606.ENSP00000313007","9606.ENSP00000376276","PABPC1","SRSF2",9606,0.436,0,0,0,0.2,0,0,0.325
"9606.ENSP00000313007","9606.ENSP00000336799","PABPC1","TUBA1B",9606,0.437,0,0,0,0.339,0.064,0,0.164
"9606.ENSP00000313007","9606.ENSP00000458162","PABPC1","ACTG1",9606,0.44,0,0,0,0.356,0,0,0.167
"9606.ENSP00000313007","9606.ENSP00000377958","PABPC1","CCT4",9606,0.457,0,0,0,0.346,0,0,0.204
"9606.ENSP00000313007","9606.ENSP00000452123","PABPC1","SRSF5",9606,0.459,0,0,0,0.277,0.132,0,0.208
"9606.ENSP00000313007","9606.ENSP00000353770","PABPC1","RRM2",9606,0.472,0,0,0,0.08,0,0,0.45
"9606.ENSP00000313007","9606.ENSP00000415034","PABPC1","NBEAL2",9606,0.475,0,0,0,0.075,0.456,0,0
"9606.ENSP00000313007","9606.ENSP00000356319","PABPC1","KIF14",9606,0.476,0,0,0,0.075,0.457,0,0
"9606.ENSP00000313007","9606.ENSP00000380256","PABPC1","CCNF",9606,0.48,0,0,0,0,0.457,0,0.082
"9606.ENSP00000313007","9606.ENSP00000404854","PABPC1","NDRG1",9606,0.527,0,0,0,0.075,0.456,0,0.137
"9606.ENSP00000313007","9606.ENSP00000483254","PABPC1","HNRNPDL",9606,0.54,0,0,0,0.309,0.183,0,0.252
"9606.ENSP00000313007","9606.ENSP00000358089","PABPC1","TIAL1",9606,0.566,0,0,0.107,0.153,0.329,0,0.246
"9606.ENSP00000313007","9606.ENSP00000425031","PABPC1","HNRNPAB",9606,0.583,0,0,0,0.115,0.477,0,0.172
"9606.ENSP00000313007","9606.ENSP00000349168","PABPC1","HNRNPH1",9606,0.587,0,0,0,0.324,0.129,0,0.356
"9606.ENSP00000313007","9606.ENSP00000364448","PABPC1","UPF3A",9606,0.588,0,0,0,0.061,0,0,0.58
"9606.ENSP00000313007","9606.ENSP00000346483","PABPC1","DDRGK1",9606,0.594,0,0,0,0.071,0.581,0,0
"9606.ENSP00000313007","9606.ENSP00000380070","PABPC1","GAPDH",9606,0.61,0,0,0,0.324,0.117,0,0.4
"9606.ENSP00000313007","9606.ENSP00000466718","PABPC1","LSM12",9606,0.637,0,0,0,0.1,0.364,0,0.417
"9606.ENSP00000313007","9606.ENSP00000494750","PABPC1","ACTB",9606,0.643,0,0,0,0.384,0.115,0,0.399
"9606.ENSP00000313007","9606.ENSP00000416269","PABPC1","DDX39B",9606,0.645,0,0,0,0.22,0.381,0,0.324
"9606.ENSP00000313007","9606.ENSP00000496250","PABPC1","RPL11",9606,0.752,0,0,0,0.657,0.108,0,0.255
"9606.ENSP00000313007","9606.ENSP00000379181","PABPC1","RAE1",9606,0.821,0,0,0,0.066,0.21,0,0.777
"9606.ENSP00000313007","9606.ENSP00000418960","PABPC1","BRCA1",9606,0.826,0,0,0,0,0.802,0,0.161
"9606.ENSP00000313007","9606.ENSP00000497641","PABPC1","EIF4A3",9606,0.963,0,0,0,0.159,0.806,0.5,0.603
"9606.ENSP00000313007","9606.ENSP00000481762","PABPC1","CSDE1",9606,0.984,0,0,0,0.387,0.249,0.9,0.711
"9606.ENSP00000313007","9606.ENSP00000457411","PABPC1","USP10",9606,0.99,0,0,0,0.24,0.985,0,0.234
"9606.ENSP00000313007","9606.ENSP00000437125","PABPC1","HSPA8",9606,0.996,0,0,0,0.809,0.717,0.8,0.678
"9606.ENSP00000313050","9606.ENSP00000444408","NIPSNAP2","SLC1A5",9606,0.404,0,0,0,0,0,0.4,0.048
"9606.ENSP00000313050","9606.ENSP00000336799","NIPSNAP2","TUBA1B",9606,0.443,0,0,0,0.111,0,0.4,0
"9606.ENSP00000313050","9606.ENSP00000416269","NIPSNAP2","DDX39B",9606,0.467,0,0,0,0.06,0.457,0,0
"9606.ENSP00000313050","9606.ENSP00000361883","NIPSNAP2","CAP1",9606,0.468,0,0,0,0.062,0.457,0,0
"9606.ENSP00000313050","9606.ENSP00000458162","NIPSNAP2","ACTG1",9606,0.468,0,0,0,0.061,0.457,0,0
"9606.ENSP00000313050","9606.ENSP00000494750","NIPSNAP2","ACTB",9606,0.481,0,0,0,0.059,0.457,0,0.066
"9606.ENSP00000313050","9606.ENSP00000435210","NIPSNAP2","BCLAF1",9606,0.483,0,0,0,0.087,0.457,0,0
"9606.ENSP00000313050","9606.ENSP00000378699","NIPSNAP2","CDK1",9606,0.502,0,0,0,0.114,0.457,0,0.049
"9606.ENSP00000313050","9606.ENSP00000413625","NIPSNAP2","FNBP1",9606,0.514,0,0,0,0.066,0,0.4,0.204
"9606.ENSP00000313050","9606.ENSP00000320309","NIPSNAP2","FARSA",9606,0.515,0,0,0,0.066,0.457,0,0.121
"9606.ENSP00000313050","9606.ENSP00000377245","NIPSNAP2","KEAP1",9606,0.863,0,0,0,0.059,0.86,0,0.05
"9606.ENSP00000313318","9606.ENSP00000350949","SLC35C1","GMPPA",9606,0.453,0,0,0,0.154,0,0,0.381
"9606.ENSP00000313318","9606.ENSP00000390784","SLC35C1","B3GALT4",9606,0.457,0,0,0,0.075,0,0,0.438
"9606.ENSP00000313318","9606.ENSP00000318142","SLC35C1","FUT7",9606,0.54,0,0,0,0.061,0,0,0.531
"9606.ENSP00000313670","9606.ENSP00000369538","ALS2CL","GDI2",9606,0.403,0,0,0,0,0.047,0.4,0
"9606.ENSP00000314508","9606.ENSP00000429089","GBA","CCNE2",9606,0.4,0,0,0,0,0,0.4,0
"9606.ENSP00000314508","9606.ENSP00000483236","GBA","DCAF7",9606,0.42,0,0,0,0.073,0,0.4,0
"9606.ENSP00000314508","9606.ENSP00000380070","GBA","GAPDH",9606,0.427,0,0,0,0.108,0,0,0.384
"9606.ENSP00000314508","9606.ENSP00000365944","GBA","FBXO6",9606,0.457,0,0,0,0.094,0.069,0.4,0.055
"9606.ENSP00000314508","9606.ENSP00000356319","GBA","KIF14",9606,0.464,0,0,0,0.055,0.457,0,0
"9606.ENSP00000314508","9606.ENSP00000482753","GBA","C9orf72",9606,0.465,0,0,0,0,0,0,0.465
"9606.ENSP00000314508","9606.ENSP00000354610","GBA","AMY2B",9606,0.473,0,0,0,0.123,0,0,0.424
"9606.ENSP00000314508","9606.ENSP00000356107","GBA","RAB29",9606,0.475,0,0,0,0.076,0,0,0.456
"9606.ENSP00000314508","9606.ENSP00000314606","GBA","SGSH",9606,0.517,0,0,0,0.195,0,0,0.425
"9606.ENSP00000314508","9606.ENSP00000377958","GBA","CCT4",9606,0.617,0,0,0,0.075,0.224,0.5,0.06
"9606.ENSP00000314508","9606.ENSP00000316476","GBA","DEGS1",9606,0.933,0,0,0,0.071,0,0.9,0.337
"9606.ENSP00000314606","9606.ENSP00000493218","SGSH","MFSD8",9606,0.515,0,0,0,0.066,0,0,0.503
"9606.ENSP00000314606","9606.ENSP00000365944","SGSH","FBXO6",9606,0.803,0,0,0,0.066,0.798,0,0
"9606.ENSP00000315476","9606.ENSP00000438483","EXOSC4","KPNA2",9606,0.45,0,0,0,0,0.428,0,0.079
"9606.ENSP00000315476","9606.ENSP00000380256","EXOSC4","CCNF",9606,0.469,0,0,0,0.063,0.457,0,0
"9606.ENSP00000315476","9606.ENSP00000315644","EXOSC4","TYMS",9606,0.565,0.115,0,0,0.065,0,0.487,0.097
"9606.ENSP00000315476","9606.ENSP00000350698","EXOSC4","DDX47",9606,0.692,0,0,0,0.227,0.368,0.4,0.075
"9606.ENSP00000315476","9606.ENSP00000358812","EXOSC4","PDCD11",9606,0.739,0.049,0,0,0.177,0.447,0.4,0.15
"9606.ENSP00000315476","9606.ENSP00000328854","EXOSC4","NOC4L",9606,0.744,0,0,0,0.34,0.406,0.4,0
"9606.ENSP00000315476","9606.ENSP00000326981","EXOSC4","IMP3",9606,0.782,0.073,0,0,0.412,0.406,0.4,0.055
"9606.ENSP00000315476","9606.ENSP00000496250","EXOSC4","RPL11",9606,0.827,0.043,0,0,0.13,0.8,0,0.085
"9606.ENSP00000315476","9606.ENSP00000470560","EXOSC4","EMG1",9606,0.84,0,0,0,0.505,0.473,0.4,0.102
"9606.ENSP00000315476","9606.ENSP00000400646","EXOSC4","PNPT1",9606,0.941,0,0,0,0.114,0,0.844,0.613
"9606.ENSP00000315476","9606.ENSP00000361433","EXOSC4","EXOSC2",9606,0.999,0,0.408,0,0.659,0.999,0.9,0.929
"9606.ENSP00000315644","9606.ENSP00000328228","TYMS","CDCA2",9606,0.414,0,0,0,0.282,0,0,0.218
"9606.ENSP00000315644","9606.ENSP00000363524","TYMS","KIF4A",9606,0.417,0,0,0,0.289,0,0,0.214
"9606.ENSP00000315644","9606.ENSP00000494750","TYMS","ACTB",9606,0.418,0,0,0,0.075,0,0,0.397
"9606.ENSP00000315644","9606.ENSP00000415430","TYMS","GTSE1",9606,0.42,0.098,0,0,0.278,0,0,0.182
"9606.ENSP00000315644","9606.ENSP00000438483","TYMS","KPNA2",9606,0.429,0,0,0,0.322,0,0,0.193
"9606.ENSP00000315644","9606.ENSP00000361965","TYMS","ADA",9606,0.439,0.099,0,0,0.216,0,0,0.27
"9606.ENSP00000315644","9606.ENSP00000322524","TYMS","DCTPP1",9606,0.454,0,0,0,0.266,0,0,0.287
"9606.ENSP00000315644","9606.ENSP00000387007","TYMS","NCAPG2",9606,0.454,0,0,0,0.406,0,0,0.12
"9606.ENSP00000315644","9606.ENSP00000429089","TYMS","CCNE2",9606,0.455,0,0,0,0.213,0,0,0.336
"9606.ENSP00000315644","9606.ENSP00000336868","TYMS","CENPA",9606,0.46,0,0,0,0.327,0,0,0.231
"9606.ENSP00000315644","9606.ENSP00000465075","TYMS","SPC24",9606,0.467,0,0,0,0.41,0,0,0.135
"9606.ENSP00000315644","9606.ENSP00000355966","TYMS","NEK2",9606,0.47,0,0,0,0.231,0,0,0.34
"9606.ENSP00000315644","9606.ENSP00000325017","TYMS","NCAPD2",9606,0.471,0,0,0,0.362,0,0,0.206
"9606.ENSP00000315644","9606.ENSP00000321584","TYMS","IMPDH2",9606,0.49,0,0,0,0.095,0,0,0.46
"9606.ENSP00000315644","9606.ENSP00000442068","TYMS","CDCA3",9606,0.493,0,0,0,0.403,0,0,0.187
"9606.ENSP00000315644","9606.ENSP00000414109","TYMS","HJURP",9606,0.497,0,0,0,0.339,0,0,0.271
"9606.ENSP00000315644","9606.ENSP00000418268","TYMS","MCM10",9606,0.507,0,0,0,0.411,0,0,0.198
"9606.ENSP00000315644","9606.ENSP00000320147","TYMS","EZH2",9606,0.51,0,0,0,0.335,0,0,0.294
"9606.ENSP00000315644","9606.ENSP00000380070","TYMS","GAPDH",9606,0.51,0,0,0,0.121,0,0,0.466
"9606.ENSP00000315644","9606.ENSP00000324020","TYMS","KIF15",9606,0.513,0,0,0,0.377,0,0,0.251
"9606.ENSP00000315644","9606.ENSP00000360623","TYMS","ORC1",9606,0.513,0,0,0,0.41,0,0,0.209
"9606.ENSP00000315644","9606.ENSP00000498610","TYMS","SLC29A1",9606,0.516,0,0,0,0.08,0,0,0.496
"9606.ENSP00000315644","9606.ENSP00000443459","TYMS","BCAT1",9606,0.535,0.104,0,0,0.172,0,0.164,0.339
"9606.ENSP00000315644","9606.ENSP00000361298","TYMS","KIF2C",9606,0.548,0,0,0,0.354,0,0,0.329
"9606.ENSP00000315644","9606.ENSP00000418960","TYMS","BRCA1",9606,0.585,0,0,0,0.335,0,0,0.402
"9606.ENSP00000315644","9606.ENSP00000479617","TYMS","UHRF1",9606,0.586,0,0,0,0.503,0,0,0.202
"9606.ENSP00000315644","9606.ENSP00000355506","TYMS","EXO1",9606,0.587,0.057,0,0,0.374,0,0,0.358
"9606.ENSP00000315644","9606.ENSP00000364976","TYMS","CKS2",9606,0.618,0,0,0,0.425,0,0,0.364
"9606.ENSP00000315644","9606.ENSP00000360268","TYMS","ALDH18A1",9606,0.619,0.272,0,0,0.172,0,0,0.419
"9606.ENSP00000315644","9606.ENSP00000362146","TYMS","CDCA8",9606,0.634,0,0,0,0.523,0,0,0.265
"9606.ENSP00000315644","9606.ENSP00000357643","TYMS","MKI67",9606,0.64,0,0,0,0.349,0,0,0.47
"9606.ENSP00000315644","9606.ENSP00000356853","TYMS","UCK2",9606,0.641,0.06,0,0,0.217,0,0,0.552
"9606.ENSP00000315644","9606.ENSP00000410452","TYMS","STMN1",9606,0.645,0,0,0,0.316,0.296,0,0.323
"9606.ENSP00000315644","9606.ENSP00000356379","TYMS","ASPM",9606,0.655,0,0,0,0.493,0,0,0.349
"9606.ENSP00000315644","9606.ENSP00000332448","TYMS","ADAT3",9606,0.661,0.115,0,0,0.207,0,0.493,0.16
"9606.ENSP00000315644","9606.ENSP00000480987","TYMS","MCM3",9606,0.662,0,0,0,0.582,0,0,0.225
"9606.ENSP00000315644","9606.ENSP00000493712","TYMS","RAD51",9606,0.686,0.057,0,0,0.509,0,0,0.377
"9606.ENSP00000315644","9606.ENSP00000361540","TYMS","CDC20",9606,0.704,0,0,0,0.492,0,0,0.442
"9606.ENSP00000315644","9606.ENSP00000355958","TYMS","DTL",9606,0.713,0,0,0,0.573,0,0,0.357
"9606.ENSP00000315644","9606.ENSP00000377536","TYMS","PTTG1",9606,0.714,0,0,0,0.54,0,0,0.405
"9606.ENSP00000315644","9606.ENSP00000357308","TYMS","CENPW",9606,0.788,0.111,0,0,0.425,0,0.486,0.29
"9606.ENSP00000315644","9606.ENSP00000481380","TYMS","CCNA2",9606,0.8,0,0,0,0.667,0,0,0.425
"9606.ENSP00000315644","9606.ENSP00000378699","TYMS","CDK1",9606,0.826,0,0,0,0.71,0,0,0.426
"9606.ENSP00000315644","9606.ENSP00000363055","TYMS","ZWINT",9606,0.83,0,0,0,0.738,0,0,0.38
"9606.ENSP00000315644","9606.ENSP00000348838","TYMS","UBE2C",9606,0.836,0,0,0,0.425,0.524,0,0.45
"9606.ENSP00000315644","9606.ENSP00000499238","TYMS","NUSAP1",9606,0.851,0,0,0,0.769,0,0,0.382
"9606.ENSP00000315644","9606.ENSP00000371253","TYMS","GART",9606,0.879,0.054,0,0,0.278,0,0,0.838
"9606.ENSP00000315644","9606.ENSP00000379038","TYMS","TYMP",9606,0.902,0.224,0,0,0,0,0,0.879
"9606.ENSP00000315644","9606.ENSP00000405726","TYMS","CDC45",9606,0.903,0,0,0,0.864,0,0,0.323
"9606.ENSP00000315644","9606.ENSP00000411532","TYMS","TOP2A",9606,0.916,0.12,0,0,0.74,0,0,0.665
"9606.ENSP00000315644","9606.ENSP00000353770","TYMS","RRM2",9606,0.946,0,0,0,0.861,0,0,0.629
"9606.ENSP00000315644","9606.ENSP00000498336","TYMS","MTHFD1",9606,0.984,0.116,0,0,0.194,0,0.913,0.773
"9606.ENSP00000315644","9606.ENSP00000377617","TYMS","MTHFD2",9606,0.986,0.12,0,0,0.25,0,0.951,0.622
"9606.ENSP00000315644","9606.ENSP00000468425","TYMS","TK1",9606,0.998,0.075,0,0,0.755,0,0.971,0.769
"9606.ENSP00000315644","9606.ENSP00000396308","TYMS","DHFR",9606,0.999,0.12,0,0.513,0.799,0,0.965,0.921
"9606.ENSP00000316042","9606.ENSP00000387996","HNRNPA0","CSTF2",9606,0.445,0,0,0.327,0.09,0,0,0.168
"9606.ENSP00000316042","9606.ENSP00000415034","HNRNPA0","NBEAL2",9606,0.456,0,0,0,0,0.456,0,0
"9606.ENSP00000316042","9606.ENSP00000356319","HNRNPA0","KIF14",9606,0.467,0,0,0,0.05,0.457,0,0.05
"9606.ENSP00000316042","9606.ENSP00000497641","HNRNPA0","EIF4A3",9606,0.497,0,0,0,0.266,0.262,0,0.147
"9606.ENSP00000316042","9606.ENSP00000452123","HNRNPA0","SRSF5",9606,0.551,0,0,0,0.191,0.262,0,0.309
"9606.ENSP00000316042","9606.ENSP00000358089","HNRNPA0","TIAL1",9606,0.601,0,0,0.193,0.395,0.072,0,0.225
"9606.ENSP00000316042","9606.ENSP00000335321","HNRNPA0","SF3B1",9606,0.664,0,0,0,0.207,0.534,0,0.166
"9606.ENSP00000316042","9606.ENSP00000325905","HNRNPA0","SRSF7",9606,0.708,0,0,0,0.573,0,0,0.346
"9606.ENSP00000316042","9606.ENSP00000416269","HNRNPA0","DDX39B",9606,0.737,0,0,0,0.696,0.103,0,0.115
"9606.ENSP00000316042","9606.ENSP00000483254","HNRNPA0","HNRNPDL",9606,0.752,0,0,0.12,0.533,0.386,0,0.136
"9606.ENSP00000316042","9606.ENSP00000376276","HNRNPA0","SRSF2",9606,0.759,0,0,0.499,0.329,0,0,0.343
"9606.ENSP00000316042","9606.ENSP00000380256","HNRNPA0","CCNF",9606,0.805,0,0,0,0.059,0.802,0,0
"9606.ENSP00000316042","9606.ENSP00000425031","HNRNPA0","HNRNPAB",9606,0.819,0,0,0.132,0.681,0.336,0,0.135
"9606.ENSP00000316042","9606.ENSP00000349168","HNRNPA0","HNRNPH1",9606,0.993,0,0,0,0.707,0.85,0.8,0.384
"9606.ENSP00000316176","9606.ENSP00000355506","UBE2N","EXO1",9606,0.436,0,0,0,0.07,0,0,0.419
"9606.ENSP00000316176","9606.ENSP00000351646","UBE2N","STIP1",9606,0.462,0,0,0,0.209,0.064,0,0.332
"9606.ENSP00000316176","9606.ENSP00000377958","UBE2N","CCT4",9606,0.467,0,0,0,0.467,0,0,0
"9606.ENSP00000316176","9606.ENSP00000380070","UBE2N","GAPDH",9606,0.474,0,0,0,0.157,0.061,0,0.389
"9606.ENSP00000316176","9606.ENSP00000478877","UBE2N","ADRM1",9606,0.498,0,0,0,0.243,0.167,0,0.268
"9606.ENSP00000316176","9606.ENSP00000349168","UBE2N","HNRNPH1",9606,0.507,0,0,0,0.13,0.457,0,0
"9606.ENSP00000316176","9606.ENSP00000369899","UBE2N","RRAGA",9606,0.532,0,0,0,0.103,0,0.5,0
"9606.ENSP00000316176","9606.ENSP00000355958","UBE2N","DTL",9606,0.537,0,0,0,0.075,0.456,0,0.154
"9606.ENSP00000316176","9606.ENSP00000377536","UBE2N","PTTG1",9606,0.545,0,0,0,0.075,0.457,0,0.167
"9606.ENSP00000316176","9606.ENSP00000479617","UBE2N","UHRF1",9606,0.562,0,0,0,0.07,0.456,0,0.205
"9606.ENSP00000316176","9606.ENSP00000464087","UBE2N","RNF213",9606,0.574,0,0,0,0.056,0.457,0,0.236
"9606.ENSP00000316176","9606.ENSP00000442318","UBE2N","CAND1",9606,0.59,0,0,0,0.134,0.51,0,0.113
"9606.ENSP00000316176","9606.ENSP00000493302","UBE2N","PNPO",9606,0.591,0,0.562,0,0.105,0,0,0
"9606.ENSP00000316176","9606.ENSP00000481380","UBE2N","CCNA2",9606,0.603,0,0,0,0.075,0.073,0.5,0.184
"9606.ENSP00000316176","9606.ENSP00000493712","UBE2N","RAD51",9606,0.605,0,0,0,0.075,0.049,0,0.588
"9606.ENSP00000316176","9606.ENSP00000483903","UBE2N","H2BC15",9606,0.624,0,0,0,0.095,0.129,0.5,0.159
"9606.ENSP00000316176","9606.ENSP00000349430","UBE2N","H2BC12",9606,0.625,0,0,0,0.096,0.129,0.5,0.16
"9606.ENSP00000316176","9606.ENSP00000362334","UBE2N","PSMB2",9606,0.65,0,0,0,0.571,0.132,0,0.137
"9606.ENSP00000316176","9606.ENSP00000332194","UBE2N","H2AC20",9606,0.677,0,0,0,0.094,0.098,0,0.637
"9606.ENSP00000316176","9606.ENSP00000364361","UBE2N","MAP3K20",9606,0.777,0,0,0,0,0.748,0,0.152
"9606.ENSP00000316176","9606.ENSP00000322775","UBE2N","RHBDF2",9606,0.834,0,0,0,0,0.802,0,0.196
"9606.ENSP00000316176","9606.ENSP00000398698","UBE2N","TNF",9606,0.901,0,0,0,0.061,0.778,0,0.564
"9606.ENSP00000316176","9606.ENSP00000418960","UBE2N","BRCA1",9606,0.994,0,0,0,0.068,0.968,0.5,0.669
"9606.ENSP00000316329","9606.ENSP00000348429","SCD5","ACSL5",9606,0.431,0,0,0,0.09,0.077,0,0.377
"9606.ENSP00000316329","9606.ENSP00000477602","SCD5","ELOVL1",9606,0.592,0,0,0,0.1,0.076,0,0.549
"9606.ENSP00000316512","9606.ENSP00000429323","TLK2","EIF2B4",9606,0.45,0,0,0,0.078,0,0,0.428
"9606.ENSP00000316512","9606.ENSP00000389383","TLK2","STK11IP",9606,0.521,0,0,0,0.094,0,0,0.494
"9606.ENSP00000316512","9606.ENSP00000435619","TLK2","EID3",9606,0.602,0,0,0,0.075,0.588,0,0
"9606.ENSP00000316527","9606.ENSP00000435210","ZNF609","BCLAF1",9606,0.411,0,0,0,0.094,0,0,0.377
"9606.ENSP00000316527","9606.ENSP00000349168","ZNF609","HNRNPH1",9606,0.467,0,0,0,0.06,0.457,0,0
"9606.ENSP00000317473","9606.ENSP00000362027","RABGGTB","TRMT2B",9606,0.515,0,0,0,0,0.515,0,0
"9606.ENSP00000317473","9606.ENSP00000356107","RABGGTB","RAB29",9606,0.554,0,0,0,0.059,0,0.5,0.13
"9606.ENSP00000317473","9606.ENSP00000369538","RABGGTB","GDI2",9606,0.704,0,0,0,0.131,0.511,0,0.361
"9606.ENSP00000317473","9606.ENSP00000359911","RABGGTB","RAP2C",9606,0.861,0,0,0,0.075,0.854,0,0.054
"9606.ENSP00000317872","9606.ENSP00000435210","RBBP6","BCLAF1",9606,0.445,0,0,0,0.308,0.217,0,0.059
"9606.ENSP00000317872","9606.ENSP00000349168","RBBP6","HNRNPH1",9606,0.578,0,0,0,0.109,0,0.5,0.129
"9606.ENSP00000317872","9606.ENSP00000376276","RBBP6","SRSF2",9606,0.604,0,0,0,0.134,0,0.5,0.159
"9606.ENSP00000317872","9606.ENSP00000452123","RBBP6","SRSF5",9606,0.669,0,0,0,0.115,0.282,0.5,0.083
"9606.ENSP00000317872","9606.ENSP00000335321","RBBP6","SF3B1",9606,0.677,0,0,0,0.185,0.212,0.5,0.113
"9606.ENSP00000317872","9606.ENSP00000325905","RBBP6","SRSF7",9606,0.802,0,0,0,0.084,0.573,0.5,0.11
"9606.ENSP00000317872","9606.ENSP00000387996","RBBP6","CSTF2",9606,0.946,0,0,0,0.075,0.723,0.5,0.631
"9606.ENSP00000318142","9606.ENSP00000332073","FUT7","MGAT1",9606,0.407,0,0,0,0.07,0,0,0.389
"9606.ENSP00000318142","9606.ENSP00000332062","FUT7","SNX20",9606,0.696,0,0,0,0.157,0,0,0.655
"9606.ENSP00000318374","9606.ENSP00000383059","LENG8","ARGLU1",9606,0.442,0,0,0,0.219,0,0,0.315
"9606.ENSP00000318374","9606.ENSP00000357643","LENG8","MKI67",9606,0.465,0,0,0,0.058,0.456,0,0
"9606.ENSP00000318374","9606.ENSP00000383611","LENG8","CCNL2",9606,0.51,0,0,0,0.236,0,0,0.385
"9606.ENSP00000318374","9606.ENSP00000496842","LENG8","PNISR",9606,0.51,0,0,0,0.18,0.193,0,0.32
"9606.ENSP00000318374","9606.ENSP00000416269","LENG8","DDX39B",9606,0.853,0,0,0,0.154,0.8,0,0.201
"9606.ENSP00000319788","9606.ENSP00000380241","NQO1","NUDT1",9606,0.536,0,0,0,0.064,0.457,0,0.162
"9606.ENSP00000319788","9606.ENSP00000328137","NQO1","MT1E",9606,0.585,0,0,0,0,0,0,0.585
"9606.ENSP00000319788","9606.ENSP00000380070","NQO1","GAPDH",9606,0.637,0,0,0,0.081,0,0,0.622
"9606.ENSP00000319788","9606.ENSP00000494750","NQO1","ACTB",9606,0.663,0,0,0,0.066,0,0,0.655
"9606.ENSP00000319788","9606.ENSP00000398698","NQO1","TNF",9606,0.799,0,0,0,0,0.524,0,0.596
"9606.ENSP00000319788","9606.ENSP00000377245","NQO1","KEAP1",9606,0.958,0,0,0,0.066,0.122,0,0.953
"9606.ENSP00000320147","9606.ENSP00000355506","EZH2","EXO1",9606,0.4,0,0,0,0.261,0,0,0.222
"9606.ENSP00000320147","9606.ENSP00000405726","EZH2","CDC45",9606,0.403,0,0,0,0.289,0.049,0,0.189
"9606.ENSP00000320147","9606.ENSP00000364976","EZH2","CKS2",9606,0.404,0,0,0,0.31,0,0,0.172
"9606.ENSP00000320147","9606.ENSP00000355966","EZH2","NEK2",9606,0.411,0,0,0,0.177,0,0,0.314
"9606.ENSP00000320147","9606.ENSP00000362146","EZH2","CDCA8",9606,0.415,0,0,0,0.297,0,0,0.203
"9606.ENSP00000320147","9606.ENSP00000336868","EZH2","CENPA",9606,0.418,0,0,0,0.203,0,0,0.3
"9606.ENSP00000320147","9606.ENSP00000387007","EZH2","NCAPG2",9606,0.418,0,0,0,0.373,0,0,0.111
"9606.ENSP00000320147","9606.ENSP00000429089","EZH2","CCNE2",9606,0.418,0,0,0,0.173,0.045,0,0.323
"9606.ENSP00000320147","9606.ENSP00000397552","EZH2","ACTL6A",9606,0.421,0,0,0,0.145,0.044,0,0.349
"9606.ENSP00000320147","9606.ENSP00000377536","EZH2","PTTG1",9606,0.422,0,0,0,0.286,0,0,0.225
"9606.ENSP00000320147","9606.ENSP00000383611","EZH2","CCNL2",9606,0.428,0,0,0,0.11,0,0,0.384
"9606.ENSP00000320147","9606.ENSP00000321636","EZH2","TOP3A",9606,0.432,0.054,0,0,0.211,0,0,0.301
"9606.ENSP00000320147","9606.ENSP00000323246","EZH2","E2F7",9606,0.434,0,0,0,0.199,0,0,0.323
"9606.ENSP00000320147","9606.ENSP00000361540","EZH2","CDC20",9606,0.442,0,0,0,0.25,0.068,0,0.266
"9606.ENSP00000320147","9606.ENSP00000324020","EZH2","KIF15",9606,0.47,0,0,0,0.343,0.131,0,0.147
"9606.ENSP00000320147","9606.ENSP00000360141","EZH2","GNAS",9606,0.49,0,0,0,0,0,0,0.49
"9606.ENSP00000320147","9606.ENSP00000433760","EZH2","BANF1",9606,0.492,0,0,0,0.081,0,0,0.47
"9606.ENSP00000320147","9606.ENSP00000497550","EZH2","PI16",9606,0.499,0,0,0,0,0,0,0.499
"9606.ENSP00000320147","9606.ENSP00000348838","EZH2","UBE2C",9606,0.507,0,0,0,0.34,0.049,0,0.279
"9606.ENSP00000320147","9606.ENSP00000487174","EZH2","ZEB2",9606,0.512,0,0,0,0,0.046,0,0.51
"9606.ENSP00000320147","9606.ENSP00000366679","EZH2","H2AC12",9606,0.513,0,0,0,0.066,0,0.5,0
"9606.ENSP00000320147","9606.ENSP00000398698","EZH2","TNF",9606,0.518,0,0,0,0.085,0.067,0,0.481
"9606.ENSP00000320147","9606.ENSP00000493712","EZH2","RAD51",9606,0.528,0,0,0,0.261,0.045,0,0.386
"9606.ENSP00000320147","9606.ENSP00000363055","EZH2","ZWINT",9606,0.53,0,0,0,0.452,0,0,0.178
"9606.ENSP00000320147","9606.ENSP00000328484","EZH2","H2AC14",9606,0.543,0,0,0,0.067,0,0.5,0.101
"9606.ENSP00000320147","9606.ENSP00000499238","EZH2","NUSAP1",9606,0.545,0,0,0,0.457,0,0,0.198
"9606.ENSP00000320147","9606.ENSP00000356379","EZH2","ASPM",9606,0.559,0,0,0,0.282,0,0,0.411
"9606.ENSP00000320147","9606.ENSP00000411532","EZH2","TOP2A",9606,0.579,0,0,0,0.343,0.042,0,0.386
"9606.ENSP00000320147","9606.ENSP00000404854","EZH2","NDRG1",9606,0.58,0,0,0,0,0.456,0,0.26
"9606.ENSP00000320147","9606.ENSP00000357643","EZH2","MKI67",9606,0.582,0,0,0,0.31,0.146,0,0.349
"9606.ENSP00000320147","9606.ENSP00000483903","EZH2","H2BC15",9606,0.605,0,0,0,0.08,0,0.5,0.212
"9606.ENSP00000320147","9606.ENSP00000481380","EZH2","CCNA2",9606,0.615,0,0,0,0.34,0.069,0,0.424
"9606.ENSP00000320147","9606.ENSP00000380070","EZH2","GAPDH",9606,0.628,0,0,0,0.075,0,0,0.615
"9606.ENSP00000320147","9606.ENSP00000349430","EZH2","H2BC12",9606,0.636,0,0,0,0.09,0.108,0.5,0.209
"9606.ENSP00000320147","9606.ENSP00000353770","EZH2","RRM2",9606,0.648,0,0,0,0.502,0.076,0,0.297
"9606.ENSP00000320147","9606.ENSP00000362824","EZH2","OGT",9606,0.651,0,0,0,0.061,0.457,0,0.371
"9606.ENSP00000320147","9606.ENSP00000355249","EZH2","E2F2",9606,0.705,0,0,0,0.094,0,0.5,0.402
"9606.ENSP00000320147","9606.ENSP00000354394","EZH2","STAT1",9606,0.71,0,0,0,0.074,0,0.5,0.425
"9606.ENSP00000320147","9606.ENSP00000494750","EZH2","ACTB",9606,0.744,0,0,0,0,0.457,0,0.548
"9606.ENSP00000320147","9606.ENSP00000376276","EZH2","SRSF2",9606,0.76,0,0,0,0.094,0,0,0.746
"9606.ENSP00000320147","9606.ENSP00000365380","EZH2","FOXP3",9606,0.78,0,0,0,0,0.648,0,0.401
"9606.ENSP00000320147","9606.ENSP00000479617","EZH2","UHRF1",9606,0.84,0,0,0,0.257,0.468,0,0.628
"9606.ENSP00000320147","9606.ENSP00000332194","EZH2","H2AC20",9606,0.859,0,0,0,0.075,0,0.5,0.721
"9606.ENSP00000320147","9606.ENSP00000418960","EZH2","BRCA1",9606,0.931,0,0,0,0.233,0.806,0,0.574
"9606.ENSP00000320147","9606.ENSP00000362592","EZH2","RBBP4",9606,0.999,0,0,0,0.075,0.999,0.9,0.853
"9606.ENSP00000320147","9606.ENSP00000378699","EZH2","CDK1",9606,0.999,0,0,0,0.345,0.999,0,0.676
"9606.ENSP00000320147","9606.ENSP00000483946","EZH2","PHF19",9606,0.999,0,0,0,0.191,0.999,0.9,0.584
"9606.ENSP00000320309","9606.ENSP00000360850","FARSA","MRPS2",9606,0.401,0.044,0,0,0.353,0,0,0.11
"9606.ENSP00000320309","9606.ENSP00000358812","FARSA","PDCD11",9606,0.414,0.115,0,0,0.261,0,0,0.177
"9606.ENSP00000320309","9606.ENSP00000498336","FARSA","MTHFD1",9606,0.441,0.058,0,0,0.175,0.331,0,0.053
"9606.ENSP00000320309","9606.ENSP00000415034","FARSA","NBEAL2",9606,0.456,0,0,0,0,0.456,0,0
"9606.ENSP00000320309","9606.ENSP00000351646","FARSA","STIP1",9606,0.463,0.046,0,0,0.461,0,0,0
"9606.ENSP00000320309","9606.ENSP00000496250","FARSA","RPL11",9606,0.469,0,0,0,0.386,0,0,0.172
"9606.ENSP00000320309","9606.ENSP00000400646","FARSA","PNPT1",9606,0.48,0.052,0,0,0.415,0,0,0.139
"9606.ENSP00000320309","9606.ENSP00000358939","FARSA","SARS1",9606,0.569,0,0,0,0.319,0,0,0.394
"9606.ENSP00000320309","9606.ENSP00000328854","FARSA","NOC4L",9606,0.652,0,0,0,0.413,0,0,0.433
"9606.ENSP00000320309","9606.ENSP00000347495","FARSA","WARS1",9606,0.668,0.102,0,0,0.217,0,0,0.566
"9606.ENSP00000320309","9606.ENSP00000362824","FARSA","OGT",9606,0.79,0,0,0,0.069,0.784,0,0
"9606.ENSP00000320309","9606.ENSP00000380256","FARSA","CCNF",9606,0.809,0,0,0,0.075,0.802,0,0
"9606.ENSP00000321326","9606.ENSP00000447730","F2R","CD63",9606,0.418,0,0,0,0,0,0,0.418
"9606.ENSP00000321326","9606.ENSP00000398698","F2R","TNF",9606,0.422,0,0,0,0,0.064,0,0.408
"9606.ENSP00000321326","9606.ENSP00000363516","F2R","RCAN3",9606,0.49,0,0,0,0,0,0,0.49
"9606.ENSP00000321326","9606.ENSP00000334448","F2R","GNG2",9606,0.818,0,0,0,0.063,0.8,0,0.11
"9606.ENSP00000321326","9606.ENSP00000360141","F2R","GNAS",9606,0.902,0,0,0,0,0,0.9,0.063
"9606.ENSP00000321330","9606.ENSP00000359911","RNF144A","RAP2C",9606,0.457,0,0,0,0,0.457,0,0
"9606.ENSP00000321330","9606.ENSP00000442318","RNF144A","CAND1",9606,0.457,0,0,0,0,0.457,0,0
"9606.ENSP00000321330","9606.ENSP00000355325","RNF144A","PSMB5",9606,0.463,0,0,0,0.052,0.457,0,0
"9606.ENSP00000321584","9606.ENSP00000411532","IMPDH2","TOP2A",9606,0.4,0.056,0,0,0.142,0.211,0,0.173
"9606.ENSP00000321584","9606.ENSP00000377617","IMPDH2","MTHFD2",9606,0.403,0.079,0,0,0.192,0,0,0.263
"9606.ENSP00000321584","9606.ENSP00000380070","IMPDH2","GAPDH",9606,0.437,0.042,0,0,0.185,0.065,0,0.32
"9606.ENSP00000321584","9606.ENSP00000356853","IMPDH2","UCK2",9606,0.439,0,0,0,0.148,0,0,0.369
"9606.ENSP00000321584","9606.ENSP00000360268","IMPDH2","ALDH18A1",9606,0.443,0.042,0,0,0.176,0,0,0.352
"9606.ENSP00000321584","9606.ENSP00000356319","IMPDH2","KIF14",9606,0.476,0,0,0,0.075,0.457,0,0
"9606.ENSP00000321584","9606.ENSP00000396308","IMPDH2","DHFR",9606,0.489,0,0,0,0.106,0,0,0.452
"9606.ENSP00000321584","9606.ENSP00000496250","IMPDH2","RPL11",9606,0.491,0,0,0,0.363,0,0,0.235
"9606.ENSP00000321584","9606.ENSP00000388001","IMPDH2","OAS1",9606,0.497,0,0,0,0,0,0,0.497
"9606.ENSP00000321584","9606.ENSP00000495530","IMPDH2","ENO1",9606,0.502,0.053,0,0,0.328,0.075,0,0.255
"9606.ENSP00000321584","9606.ENSP00000377958","IMPDH2","CCT4",9606,0.512,0.054,0,0,0.473,0.063,0,0.08
"9606.ENSP00000321584","9606.ENSP00000400646","IMPDH2","PNPT1",9606,0.554,0.079,0,0,0.153,0.408,0,0.15
"9606.ENSP00000321584","9606.ENSP00000361965","IMPDH2","ADA",9606,0.592,0.057,0,0,0.12,0.074,0.164,0.464
"9606.ENSP00000321584","9606.ENSP00000371253","IMPDH2","GART",9606,0.812,0.272,0,0,0.367,0,0,0.625
"9606.ENSP00000321636","9606.ENSP00000349430","TOP3A","H2BC12",9606,0.516,0,0,0,0.058,0,0.5,0.055
"9606.ENSP00000321636","9606.ENSP00000483903","TOP3A","H2BC15",9606,0.523,0,0,0,0.058,0,0.5,0.07
"9606.ENSP00000321636","9606.ENSP00000483397","TOP3A","FSBP",9606,0.683,0.042,0,0,0.189,0.393,0,0.409
"9606.ENSP00000321636","9606.ENSP00000411532","TOP3A","TOP2A",9606,0.925,0,0,0,0.068,0,0,0.923
"9606.ENSP00000321636","9606.ENSP00000355506","TOP3A","EXO1",9606,0.937,0.06,0,0,0.088,0.081,0.5,0.865
"9606.ENSP00000321636","9606.ENSP00000418960","TOP3A","BRCA1",9606,0.951,0,0,0,0.13,0.745,0.5,0.616
"9606.ENSP00000321636","9606.ENSP00000493712","TOP3A","RAD51",9606,0.989,0.047,0,0,0.094,0.836,0.5,0.872
"9606.ENSP00000321636","9606.ENSP00000367910","TOP3A","FANCG",9606,0.999,0,0,0,0.123,0.999,0,0.714
"9606.ENSP00000322373","9606.ENSP00000362166","PLEKHF2","MEAF6",9606,0.538,0,0,0,0.079,0.519,0,0
"9606.ENSP00000322524","9606.ENSP00000468425","DCTPP1","TK1",9606,0.4,0,0,0,0.177,0,0,0.301
"9606.ENSP00000322524","9606.ENSP00000425031","DCTPP1","HNRNPAB",9606,0.49,0,0,0,0.193,0,0,0.395
"9606.ENSP00000322775","9606.ENSP00000398698","RHBDF2","TNF",9606,0.549,0,0,0,0.075,0,0,0.533
"9606.ENSP00000323246","9606.ENSP00000356319","E2F7","KIF14",9606,0.412,0,0,0,0.281,0,0,0.217
"9606.ENSP00000323246","9606.ENSP00000480987","E2F7","MCM3",9606,0.427,0,0,0,0.212,0,0,0.303
"9606.ENSP00000323246","9606.ENSP00000418268","E2F7","MCM10",9606,0.429,0,0,0,0.256,0,0,0.265
"9606.ENSP00000323246","9606.ENSP00000493712","E2F7","RAD51",9606,0.434,0,0,0,0.241,0,0,0.285
"9606.ENSP00000323246","9606.ENSP00000355506","E2F7","EXO1",9606,0.441,0,0,0,0.34,0,0,0.189
"9606.ENSP00000323246","9606.ENSP00000355958","E2F7","DTL",9606,0.442,0,0,0,0.341,0,0,0.188
"9606.ENSP00000323246","9606.ENSP00000357643","E2F7","MKI67",9606,0.443,0,0,0,0.33,0,0,0.203
"9606.ENSP00000323246","9606.ENSP00000328228","E2F7","CDCA2",9606,0.453,0,0,0,0.342,0,0,0.204
"9606.ENSP00000323246","9606.ENSP00000348838","E2F7","UBE2C",9606,0.467,0,0,0,0.358,0,0,0.204
"9606.ENSP00000323246","9606.ENSP00000355249","E2F7","E2F2",9606,0.469,0,0,0,0.094,0,0,0.438
"9606.ENSP00000323246","9606.ENSP00000376436","E2F7","ETS1",9606,0.488,0,0,0,0,0,0,0.488
"9606.ENSP00000323246","9606.ENSP00000411532","E2F7","TOP2A",9606,0.495,0,0,0,0.367,0,0,0.236
"9606.ENSP00000323246","9606.ENSP00000405726","E2F7","CDC45",9606,0.498,0,0,0,0.318,0,0,0.295
"9606.ENSP00000323246","9606.ENSP00000355966","E2F7","NEK2",9606,0.504,0,0,0,0.305,0,0,0.316
"9606.ENSP00000323246","9606.ENSP00000429089","E2F7","CCNE2",9606,0.506,0,0,0,0.183,0,0,0.421
"9606.ENSP00000323246","9606.ENSP00000362146","E2F7","CDCA8",9606,0.512,0,0,0,0.409,0,0,0.209
"9606.ENSP00000323246","9606.ENSP00000361540","E2F7","CDC20",9606,0.528,0,0,0,0.361,0,0,0.292
"9606.ENSP00000323246","9606.ENSP00000353770","E2F7","RRM2",9606,0.539,0,0,0,0.264,0,0,0.4
"9606.ENSP00000323246","9606.ENSP00000356379","E2F7","ASPM",9606,0.556,0,0,0,0.443,0,0,0.237
"9606.ENSP00000323246","9606.ENSP00000378699","E2F7","CDK1",9606,0.596,0,0,0,0.336,0.065,0,0.403
"9606.ENSP00000323246","9606.ENSP00000481380","E2F7","CCNA2",9606,0.609,0,0,0,0.337,0.045,0,0.433
"9606.ENSP00000323246","9606.ENSP00000380256","E2F7","CCNF",9606,0.69,0,0,0,0.22,0.459,0,0.326
"9606.ENSP00000323867","9606.ENSP00000386710","PRKAG1","ATG9A",9606,0.417,0,0,0,0.155,0.28,0,0.119
"9606.ENSP00000323867","9606.ENSP00000496250","PRKAG1","RPL11",9606,0.44,0,0,0,0.082,0.416,0,0
"9606.ENSP00000323867","9606.ENSP00000380256","PRKAG1","CCNF",9606,0.47,0,0,0,0.064,0.457,0,0
"9606.ENSP00000323867","9606.ENSP00000380070","PRKAG1","GAPDH",9606,0.49,0.042,0,0,0.095,0.315,0,0.244
"9606.ENSP00000323867","9606.ENSP00000371253","PRKAG1","GART",9606,0.537,0.282,0,0,0.108,0,0,0.336
"9606.ENSP00000323867","9606.ENSP00000338990","PRKAG1","ATG101",9606,0.548,0,0,0,0.075,0,0.5,0.103
"9606.ENSP00000323867","9606.ENSP00000437125","PRKAG1","HSPA8",9606,0.576,0,0,0,0.109,0.24,0.4,0.08
"9606.ENSP00000323867","9606.ENSP00000334448","PRKAG1","GNG2",9606,0.65,0,0,0,0,0,0.65,0
"9606.ENSP00000323867","9606.ENSP00000369899","PRKAG1","RRAGA",9606,0.653,0,0,0,0.219,0,0.5,0.183
"9606.ENSP00000323867","9606.ENSP00000371594","PRKAG1","GNG7",9606,0.654,0,0,0,0,0,0.65,0.054
"9606.ENSP00000323867","9606.ENSP00000393762","PRKAG1","SESN1",9606,0.697,0,0,0,0.128,0,0.65,0.087
"9606.ENSP00000324020","9606.ENSP00000438483","KIF15","KPNA2",9606,0.413,0,0,0,0.285,0.046,0,0.209
"9606.ENSP00000324020","9606.ENSP00000380256","KIF15","CCNF",9606,0.415,0,0,0,0.336,0,0,0.156
"9606.ENSP00000324020","9606.ENSP00000389810","KIF15","DSN1",9606,0.426,0,0,0,0.213,0.078,0,0.273
"9606.ENSP00000324020","9606.ENSP00000480987","KIF15","MCM3",9606,0.442,0,0,0,0.327,0,0,0.206
"9606.ENSP00000324020","9606.ENSP00000354223","KIF15","MPC1",9606,0.457,0,0,0,0,0.457,0,0
"9606.ENSP00000324020","9606.ENSP00000360623","KIF15","ORC1",9606,0.47,0,0,0,0.457,0,0,0.064
"9606.ENSP00000324020","9606.ENSP00000457411","KIF15","USP10",9606,0.487,0,0,0,0.094,0.457,0,0
"9606.ENSP00000324020","9606.ENSP00000493712","KIF15","RAD51",9606,0.488,0,0,0,0.441,0,0,0.122
"9606.ENSP00000324020","9606.ENSP00000418960","KIF15","BRCA1",9606,0.495,0,0,0,0.427,0,0,0.156
"9606.ENSP00000324020","9606.ENSP00000387007","KIF15","NCAPG2",9606,0.504,0,0,0,0.436,0,0,0.157
"9606.ENSP00000324020","9606.ENSP00000357308","KIF15","CENPW",9606,0.529,0,0,0,0.369,0,0,0.285
"9606.ENSP00000324020","9606.ENSP00000360944","KIF15","STIL",9606,0.54,0,0,0,0.457,0,0,0.189
"9606.ENSP00000324020","9606.ENSP00000479617","KIF15","UHRF1",9606,0.548,0,0,0,0.442,0,0,0.224
"9606.ENSP00000324020","9606.ENSP00000415430","KIF15","GTSE1",9606,0.569,0,0,0,0.487,0,0,0.196
"9606.ENSP00000324020","9606.ENSP00000465075","KIF15","SPC24",9606,0.578,0,0,0,0.449,0,0,0.266
"9606.ENSP00000324020","9606.ENSP00000358921","KIF15","ACTR1A",9606,0.584,0,0,0,0,0,0.5,0.204
"9606.ENSP00000324020","9606.ENSP00000377536","KIF15","PTTG1",9606,0.605,0,0,0,0.449,0,0,0.313
"9606.ENSP00000324020","9606.ENSP00000353770","KIF15","RRM2",9606,0.634,0,0,0,0.573,0,0,0.178
"9606.ENSP00000324020","9606.ENSP00000363055","KIF15","ZWINT",9606,0.651,0,0,0,0.548,0,0,0.261
"9606.ENSP00000324020","9606.ENSP00000355506","KIF15","EXO1",9606,0.687,0,0,0,0.628,0,0,0.194
"9606.ENSP00000324020","9606.ENSP00000405726","KIF15","CDC45",9606,0.732,0,0,0,0.658,0,0,0.249
"9606.ENSP00000324020","9606.ENSP00000328228","KIF15","CDCA2",9606,0.77,0,0,0,0.702,0,0,0.261
"9606.ENSP00000324020","9606.ENSP00000355958","KIF15","DTL",9606,0.779,0,0,0,0.747,0,0,0.166
"9606.ENSP00000324020","9606.ENSP00000418268","KIF15","MCM10",9606,0.801,0,0,0,0.74,0,0,0.267
"9606.ENSP00000324020","9606.ENSP00000336868","KIF15","CENPA",9606,0.819,0,0,0,0.732,0,0,0.355
"9606.ENSP00000324020","9606.ENSP00000325017","KIF15","NCAPD2",9606,0.829,0,0,0,0.757,0,0,0.326
"9606.ENSP00000324020","9606.ENSP00000355966","KIF15","NEK2",9606,0.837,0,0,0,0.753,0,0,0.369
"9606.ENSP00000324020","9606.ENSP00000378699","KIF15","CDK1",9606,0.838,0,0,0,0.784,0,0,0.285
"9606.ENSP00000324020","9606.ENSP00000348838","KIF15","UBE2C",9606,0.845,0,0,0,0.777,0,0,0.334
"9606.ENSP00000324020","9606.ENSP00000361540","KIF15","CDC20",9606,0.855,0,0,0,0.75,0.069,0,0.43
"9606.ENSP00000324020","9606.ENSP00000414109","KIF15","HJURP",9606,0.861,0,0,0,0.8,0,0,0.334
"9606.ENSP00000324020","9606.ENSP00000442068","KIF15","CDCA3",9606,0.863,0,0,0,0.823,0,0,0.26
"9606.ENSP00000324020","9606.ENSP00000481380","KIF15","CCNA2",9606,0.897,0,0,0,0.861,0,0,0.296
"9606.ENSP00000324020","9606.ENSP00000499238","KIF15","NUSAP1",9606,0.899,0,0,0,0.805,0,0,0.506
"9606.ENSP00000324020","9606.ENSP00000363524","KIF15","KIF4A",9606,0.9,0,0,0,0.785,0,0.4,0.293
"9606.ENSP00000324020","9606.ENSP00000362146","KIF15","CDCA8",9606,0.908,0,0,0,0.861,0,0,0.372
"9606.ENSP00000324020","9606.ENSP00000411532","KIF15","TOP2A",9606,0.94,0,0,0,0.91,0,0,0.369
"9606.ENSP00000324020","9606.ENSP00000357643","KIF15","MKI67",9606,0.949,0,0,0,0.892,0.456,0,0.211
"9606.ENSP00000324020","9606.ENSP00000356379","KIF15","ASPM",9606,0.959,0,0,0,0.902,0,0,0.607
"9606.ENSP00000324020","9606.ENSP00000361298","KIF15","KIF2C",9606,0.986,0,0,0,0.822,0,0.9,0.293
"9606.ENSP00000324020","9606.ENSP00000356319","KIF15","KIF14",9606,0.988,0,0,0,0.836,0,0.9,0.354
"9606.ENSP00000325017","9606.ENSP00000493712","NCAPD2","RAD51",9606,0.416,0,0,0,0.272,0,0,0.231
"9606.ENSP00000325017","9606.ENSP00000360944","NCAPD2","STIL",9606,0.454,0,0,0,0.24,0,0,0.312
"9606.ENSP00000325017","9606.ENSP00000364976","NCAPD2","CKS2",9606,0.459,0,0,0,0.2,0,0,0.352
"9606.ENSP00000325017","9606.ENSP00000438483","NCAPD2","KPNA2",9606,0.477,0,0,0,0.205,0.276,0,0.165
"9606.ENSP00000325017","9606.ENSP00000400646","NCAPD2","PNPT1",9606,0.478,0,0,0,0.075,0.459,0,0
"9606.ENSP00000325017","9606.ENSP00000353770","NCAPD2","RRM2",9606,0.479,0,0,0,0.274,0,0,0.313
"9606.ENSP00000325017","9606.ENSP00000415430","NCAPD2","GTSE1",9606,0.501,0,0,0,0.341,0,0,0.274
"9606.ENSP00000325017","9606.ENSP00000380256","NCAPD2","CCNF",9606,0.507,0,0,0,0.326,0.219,0,0.139
"9606.ENSP00000325017","9606.ENSP00000479617","NCAPD2","UHRF1",9606,0.511,0,0,0,0.271,0,0,0.357
"9606.ENSP00000325017","9606.ENSP00000336868","NCAPD2","CENPA",9606,0.517,0,0,0,0.287,0,0,0.351
"9606.ENSP00000325017","9606.ENSP00000328228","NCAPD2","CDCA2",9606,0.524,0,0,0,0.296,0,0,0.352
"9606.ENSP00000325017","9606.ENSP00000465075","NCAPD2","SPC24",9606,0.537,0,0,0,0.402,0,0,0.259
"9606.ENSP00000325017","9606.ENSP00000405726","NCAPD2","CDC45",9606,0.539,0,0,0,0.338,0,0,0.333
"9606.ENSP00000325017","9606.ENSP00000348838","NCAPD2","UBE2C",9606,0.558,0,0,0,0.372,0,0,0.326
"9606.ENSP00000325017","9606.ENSP00000355506","NCAPD2","EXO1",9606,0.563,0,0,0,0.277,0,0,0.421
"9606.ENSP00000325017","9606.ENSP00000377536","NCAPD2","PTTG1",9606,0.588,0,0,0,0.279,0.094,0,0.421
"9606.ENSP00000325017","9606.ENSP00000362146","NCAPD2","CDCA8",9606,0.596,0,0,0,0.408,0,0,0.346
"9606.ENSP00000325017","9606.ENSP00000499238","NCAPD2","NUSAP1",9606,0.602,0,0,0,0.444,0,0,0.315
"9606.ENSP00000325017","9606.ENSP00000442068","NCAPD2","CDCA3",9606,0.61,0,0,0,0.373,0,0,0.404
"9606.ENSP00000325017","9606.ENSP00000361298","NCAPD2","KIF2C",9606,0.613,0,0,0,0.352,0,0,0.428
"9606.ENSP00000325017","9606.ENSP00000355966","NCAPD2","NEK2",9606,0.617,0,0,0,0.255,0.285,0,0.339
"9606.ENSP00000325017","9606.ENSP00000356319","NCAPD2","KIF14",9606,0.617,0,0,0,0.344,0.164,0,0.358
"9606.ENSP00000325017","9606.ENSP00000357643","NCAPD2","MKI67",9606,0.631,0,0,0,0.561,0,0,0.196
"9606.ENSP00000325017","9606.ENSP00000414109","NCAPD2","HJURP",9606,0.647,0,0,0,0.295,0,0,0.52
"9606.ENSP00000325017","9606.ENSP00000481380","NCAPD2","CCNA2",9606,0.649,0,0,0,0.446,0,0,0.394
"9606.ENSP00000325017","9606.ENSP00000361540","NCAPD2","CDC20",9606,0.654,0,0,0,0.453,0,0,0.395
"9606.ENSP00000325017","9606.ENSP00000411532","NCAPD2","TOP2A",9606,0.663,0,0,0,0.441,0,0,0.423
"9606.ENSP00000325017","9606.ENSP00000356379","NCAPD2","ASPM",9606,0.684,0,0,0,0.443,0.131,0,0.401
"9606.ENSP00000325017","9606.ENSP00000480987","NCAPD2","MCM3",9606,0.685,0,0,0,0.464,0,0,0.438
"9606.ENSP00000325017","9606.ENSP00000363524","NCAPD2","KIF4A",9606,0.693,0,0,0,0.51,0.1,0,0.36
"9606.ENSP00000325017","9606.ENSP00000378699","NCAPD2","CDK1",9606,0.847,0,0,0,0.354,0.457,0.4,0.363
"9606.ENSP00000325017","9606.ENSP00000387007","NCAPD2","NCAPG2",9606,0.997,0,0,0,0.55,0.166,0.9,0.935
"9606.ENSP00000325240","9606.ENSP00000373489","LASP1","KRT18",9606,0.472,0,0,0,0,0.457,0,0.068
"9606.ENSP00000325240","9606.ENSP00000380878","LASP1","PPP3CC",9606,0.492,0,0,0,0.06,0.481,0,0.043
"9606.ENSP00000325240","9606.ENSP00000479617","LASP1","UHRF1",9606,0.529,0,0,0,0.06,0.457,0,0.152
"9606.ENSP00000325240","9606.ENSP00000376123","LASP1","SH2D2A",9606,0.598,0,0,0,0,0.598,0,0
"9606.ENSP00000325240","9606.ENSP00000413625","LASP1","FNBP1",9606,0.686,0,0,0,0.075,0,0,0.675
"9606.ENSP00000325548","9606.ENSP00000404854","CNDP2","NDRG1",9606,0.492,0,0,0,0.1,0.456,0,0.047
"9606.ENSP00000325548","9606.ENSP00000360268","CNDP2","ALDH18A1",9606,0.518,0.271,0,0,0,0,0,0.367
"9606.ENSP00000325548","9606.ENSP00000356016","CNDP2","CR1",9606,0.549,0,0,0,0,0,0,0.549
"9606.ENSP00000325548","9606.ENSP00000369538","CNDP2","GDI2",9606,0.654,0,0,0,0.633,0,0,0.097
"9606.ENSP00000325905","9606.ENSP00000383059","SRSF7","ARGLU1",9606,0.418,0,0,0,0.221,0.108,0,0.231
"9606.ENSP00000325905","9606.ENSP00000437125","SRSF7","HSPA8",9606,0.44,0,0,0,0.33,0.116,0,0.131
"9606.ENSP00000325905","9606.ENSP00000496842","SRSF7","PNISR",9606,0.464,0,0,0,0.2,0,0,0.358
"9606.ENSP00000325905","9606.ENSP00000425031","SRSF7","HNRNPAB",9606,0.515,0,0,0,0.261,0,0,0.371
"9606.ENSP00000325905","9606.ENSP00000358089","SRSF7","TIAL1",9606,0.534,0,0,0,0.338,0,0,0.325
"9606.ENSP00000325905","9606.ENSP00000379181","SRSF7","RAE1",9606,0.555,0,0,0,0.104,0.073,0.4,0.214
"9606.ENSP00000325905","9606.ENSP00000356319","SRSF7","KIF14",9606,0.562,0,0,0,0.075,0.546,0,0
"9606.ENSP00000325905","9606.ENSP00000435210","SRSF7","BCLAF1",9606,0.562,0,0,0,0.403,0.114,0,0.24
"9606.ENSP00000325905","9606.ENSP00000335321","SRSF7","SF3B1",9606,0.584,0,0,0,0.245,0.285,0,0.292
"9606.ENSP00000325905","9606.ENSP00000380256","SRSF7","CCNF",9606,0.705,0,0,0,0.047,0.704,0,0
"9606.ENSP00000325905","9606.ENSP00000383611","SRSF7","CCNL2",9606,0.716,0,0,0,0.103,0.518,0,0.398
"9606.ENSP00000325905","9606.ENSP00000483254","SRSF7","HNRNPDL",9606,0.772,0,0,0,0.473,0.073,0,0.572
"9606.ENSP00000325905","9606.ENSP00000416269","SRSF7","DDX39B",9606,0.905,0,0,0,0.694,0.109,0.5,0.387
"9606.ENSP00000325905","9606.ENSP00000349168","SRSF7","HNRNPH1",9606,0.917,0,0,0,0.73,0,0.4,0.53
"9606.ENSP00000325905","9606.ENSP00000452123","SRSF7","SRSF5",9606,0.985,0,0,0,0.76,0.511,0.8,0.437
"9606.ENSP00000325905","9606.ENSP00000376276","SRSF7","SRSF2",9606,0.994,0,0,0,0.646,0.902,0.8,0.285
"9606.ENSP00000325905","9606.ENSP00000497641","SRSF7","EIF4A3",9606,0.995,0,0,0,0.33,0.943,0.8,0.448
"9606.ENSP00000326706","9606.ENSP00000361990","PLEKHO2","UBR2",9606,0.447,0,0,0,0.062,0.435,0,0
"9606.ENSP00000326767","9606.ENSP00000457411","MED25","USP10",9606,0.509,0,0,0,0.196,0.415,0,0
"9606.ENSP00000326767","9606.ENSP00000367034","MED25","H4C3",9606,0.8,0,0,0,0,0.8,0,0
"9606.ENSP00000326767","9606.ENSP00000435210","MED25","BCLAF1",9606,0.905,0,0,0,0.096,0,0.9,0
"9606.ENSP00000326767","9606.ENSP00000362948","MED25","MED18",9606,0.999,0,0,0,0.099,0.985,0.9,0.365
"9606.ENSP00000326981","9606.ENSP00000497641","IMP3","EIF4A3",9606,0.407,0.042,0,0,0.384,0,0,0.077
"9606.ENSP00000326981","9606.ENSP00000430598","IMP3","ATOX1",9606,0.424,0,0,0,0,0.424,0,0
"9606.ENSP00000326981","9606.ENSP00000362146","IMP3","CDCA8",9606,0.433,0,0,0,0.394,0,0,0.103
"9606.ENSP00000326981","9606.ENSP00000350698","IMP3","DDX47",9606,0.436,0.042,0,0,0.414,0,0,0.077
"9606.ENSP00000326981","9606.ENSP00000346577","IMP3","AK5",9606,0.448,0.061,0,0,0.396,0,0,0.105
"9606.ENSP00000326981","9606.ENSP00000395590","IMP3","IFI35",9606,0.449,0.095,0,0,0.155,0.284,0,0.114
"9606.ENSP00000326981","9606.ENSP00000380256","IMP3","CCNF",9606,0.476,0,0,0,0.061,0.457,0,0.055
"9606.ENSP00000326981","9606.ENSP00000357643","IMP3","MKI67",9606,0.498,0,0,0,0,0.456,0,0.116
"9606.ENSP00000326981","9606.ENSP00000495530","IMP3","ENO1",9606,0.609,0.095,0,0,0.491,0.066,0.152,0.095
"9606.ENSP00000326981","9606.ENSP00000400646","IMP3","PNPT1",9606,0.666,0.042,0,0,0.626,0,0,0.143
"9606.ENSP00000326981","9606.ENSP00000360850","IMP3","MRPS2",9606,0.703,0.086,0,0,0.564,0.253,0,0.123
"9606.ENSP00000326981","9606.ENSP00000361433","IMP3","EXOSC2",9606,0.732,0,0,0,0.311,0.406,0.4,0
"9606.ENSP00000326981","9606.ENSP00000392353","IMP3","PSMG4",9606,0.828,0,0,0,0.143,0.808,0,0
"9606.ENSP00000326981","9606.ENSP00000358812","IMP3","PDCD11",9606,0.963,0.046,0,0,0.747,0.831,0,0.2
"9606.ENSP00000326981","9606.ENSP00000496250","IMP3","RPL11",9606,0.966,0.12,0,0,0.705,0.848,0,0.251
"9606.ENSP00000326981","9606.ENSP00000470560","IMP3","EMG1",9606,0.992,0,0,0,0.801,0.961,0,0.131
"9606.ENSP00000326981","9606.ENSP00000328854","IMP3","NOC4L",9606,0.994,0,0,0,0.613,0.962,0.54,0.313
"9606.ENSP00000327246","9606.ENSP00000398698","VIPR1","TNF",9606,0.4,0,0,0,0.059,0,0,0.389
"9606.ENSP00000327246","9606.ENSP00000498610","VIPR1","SLC29A1",9606,0.49,0,0,0,0,0,0,0.49
"9606.ENSP00000327246","9606.ENSP00000361965","VIPR1","ADA",9606,0.5,0,0,0,0.044,0,0,0.499
"9606.ENSP00000327246","9606.ENSP00000361499","VIPR1","YIPF3",9606,0.555,0,0,0,0,0.544,0,0.066
"9606.ENSP00000327246","9606.ENSP00000371594","VIPR1","GNG7",9606,0.675,0,0,0,0.068,0.064,0.65,0.063
"9606.ENSP00000327246","9606.ENSP00000360141","VIPR1","GNAS",9606,0.82,0,0,0,0,0.457,0.65,0.131
"9606.ENSP00000327246","9606.ENSP00000334448","VIPR1","GNG2",9606,0.929,0,0,0,0,0.804,0.65,0.049
"9606.ENSP00000327467","9606.ENSP00000435619","SMDT1","EID3",9606,0.66,0,0,0,0,0.606,0,0.174
"9606.ENSP00000327467","9606.ENSP00000495795","SMDT1","SPG7",9606,0.698,0,0,0,0,0,0.5,0.422
"9606.ENSP00000327467","9606.ENSP00000378145","SMDT1","MCUB",9606,0.997,0,0,0,0.064,0.808,0.9,0.857
"9606.ENSP00000328137","9606.ENSP00000398698","MT1E","TNF",9606,0.421,0,0,0,0,0.075,0,0.4
"9606.ENSP00000328137","9606.ENSP00000494750","MT1E","ACTB",9606,0.424,0,0,0,0.094,0.046,0,0.388
"9606.ENSP00000328137","9606.ENSP00000380070","MT1E","GAPDH",9606,0.435,0,0,0,0.097,0,0,0.4
"9606.ENSP00000328137","9606.ENSP00000373489","MT1E","KRT18",9606,0.438,0,0,0,0.094,0,0,0.406
"9606.ENSP00000328137","9606.ENSP00000396308","MT1E","DHFR",9606,0.454,0,0,0,0,0,0,0.454
"9606.ENSP00000328137","9606.ENSP00000430598","MT1E","ATOX1",9606,0.658,0,0,0,0.135,0,0,0.621
"9606.ENSP00000328228","9606.ENSP00000389810","CDCA2","DSN1",9606,0.436,0,0,0,0.218,0,0,0.309
"9606.ENSP00000328228","9606.ENSP00000364976","CDCA2","CKS2",9606,0.438,0,0,0,0.266,0,0,0.267
"9606.ENSP00000328228","9606.ENSP00000465075","CDCA2","SPC24",9606,0.464,0,0,0,0.319,0,0,0.246
"9606.ENSP00000328228","9606.ENSP00000353770","CDCA2","RRM2",9606,0.467,0,0,0,0.349,0,0,0.216
"9606.ENSP00000328228","9606.ENSP00000479617","CDCA2","UHRF1",9606,0.502,0,0,0,0.338,0,0,0.28
"9606.ENSP00000328228","9606.ENSP00000377536","CDCA2","PTTG1",9606,0.507,0,0,0,0.383,0,0,0.235
"9606.ENSP00000328228","9606.ENSP00000355506","CDCA2","EXO1",9606,0.52,0,0,0,0.426,0,0,0.199
"9606.ENSP00000328228","9606.ENSP00000355958","CDCA2","DTL",9606,0.52,0,0,0,0.393,0,0,0.242
"9606.ENSP00000328228","9606.ENSP00000363055","CDCA2","ZWINT",9606,0.527,0,0,0,0.373,0,0,0.278
"9606.ENSP00000328228","9606.ENSP00000357308","CDCA2","CENPW",9606,0.535,0,0,0,0.377,0,0,0.285
"9606.ENSP00000328228","9606.ENSP00000418268","CDCA2","MCM10",9606,0.549,0,0,0,0.369,0,0,0.315
"9606.ENSP00000328228","9606.ENSP00000380256","CDCA2","CCNF",9606,0.56,0,0,0,0.386,0,0,0.314
"9606.ENSP00000328228","9606.ENSP00000405726","CDCA2","CDC45",9606,0.591,0,0,0,0.364,0,0,0.384
"9606.ENSP00000328228","9606.ENSP00000357643","CDCA2","MKI67",9606,0.641,0,0,0,0.613,0,0,0.112
"9606.ENSP00000328228","9606.ENSP00000355966","CDCA2","NEK2",9606,0.676,0,0,0,0.499,0,0,0.38
"9606.ENSP00000328228","9606.ENSP00000499238","CDCA2","NUSAP1",9606,0.698,0,0,0,0.553,0,0,0.353
"9606.ENSP00000328228","9606.ENSP00000348838","CDCA2","UBE2C",9606,0.731,0,0,0,0.592,0,0,0.37
"9606.ENSP00000328228","9606.ENSP00000481380","CDCA2","CCNA2",9606,0.738,0,0,0,0.629,0,0,0.325
"9606.ENSP00000328228","9606.ENSP00000418960","CDCA2","BRCA1",9606,0.752,0,0,0,0.294,0.611,0,0.171
"9606.ENSP00000328228","9606.ENSP00000415430","CDCA2","GTSE1",9606,0.762,0,0,0,0.667,0,0,0.315
"9606.ENSP00000328228","9606.ENSP00000356319","CDCA2","KIF14",9606,0.773,0,0,0,0.688,0,0,0.304
"9606.ENSP00000328228","9606.ENSP00000414109","CDCA2","HJURP",9606,0.79,0,0,0,0.701,0,0,0.327
"9606.ENSP00000328228","9606.ENSP00000336868","CDCA2","CENPA",9606,0.793,0,0,0,0.661,0.083,0,0.389
"9606.ENSP00000328228","9606.ENSP00000361540","CDCA2","CDC20",9606,0.794,0,0,0,0.545,0,0,0.566
"9606.ENSP00000328228","9606.ENSP00000356379","CDCA2","ASPM",9606,0.806,0,0,0,0.725,0,0,0.326
"9606.ENSP00000328228","9606.ENSP00000411532","CDCA2","TOP2A",9606,0.812,0,0,0,0.727,0,0,0.34
"9606.ENSP00000328228","9606.ENSP00000363524","CDCA2","KIF4A",9606,0.822,0,0,0,0.696,0,0,0.441
"9606.ENSP00000328228","9606.ENSP00000378699","CDCA2","CDK1",9606,0.872,0,0,0,0.618,0.457,0,0.435
"9606.ENSP00000328228","9606.ENSP00000362146","CDCA2","CDCA8",9606,0.893,0,0,0,0.749,0,0,0.595
"9606.ENSP00000328228","9606.ENSP00000438483","CDCA2","KPNA2",9606,0.907,0,0,0,0.218,0.878,0,0.108
"9606.ENSP00000328228","9606.ENSP00000442068","CDCA2","CDCA3",9606,0.911,0,0,0,0.776,0,0,0.621
"9606.ENSP00000328228","9606.ENSP00000361298","CDCA2","KIF2C",9606,0.924,0,0,0,0.846,0,0,0.532
"9606.ENSP00000328325","9606.ENSP00000377536","PTTG1IP","PTTG1",9606,0.82,0,0,0,0.056,0.457,0,0.678
"9606.ENSP00000328472","9606.ENSP00000388620","S1PR5","EOMES",9606,0.443,0,0,0,0.13,0,0,0.387
"9606.ENSP00000328472","9606.ENSP00000388792","S1PR5","ZNF683",9606,0.478,0,0,0,0.215,0.046,0,0.359
"9606.ENSP00000328472","9606.ENSP00000436423","S1PR5","GNLY",9606,0.49,0,0,0,0.343,0,0,0.256
"9606.ENSP00000328472","9606.ENSP00000455215","S1PR5","ADGRG1",9606,0.515,0,0,0,0.331,0,0,0.306
"9606.ENSP00000328472","9606.ENSP00000351059","S1PR5","CX3CR1",9606,0.528,0,0,0,0.191,0,0,0.441
"9606.ENSP00000328472","9606.ENSP00000398568","S1PR5","PRF1",9606,0.585,0,0,0,0.435,0,0,0.297
"9606.ENSP00000328484","9606.ENSP00000410409","H2AC14","TAF1D",9606,0.4,0,0,0,0,0,0.4,0
"9606.ENSP00000328484","9606.ENSP00000362166","H2AC14","MEAF6",9606,0.421,0,0,0,0,0.076,0.4,0
"9606.ENSP00000328484","9606.ENSP00000335321","H2AC14","SF3B1",9606,0.433,0,0,0,0.095,0,0.4,0
"9606.ENSP00000328484","9606.ENSP00000378699","H2AC14","CDK1",9606,0.447,0,0,0,0.094,0.046,0.4,0.06
"9606.ENSP00000328484","9606.ENSP00000469880","H2AC14","VRK3",9606,0.46,0,0,0,0,0.457,0,0.047
"9606.ENSP00000328484","9606.ENSP00000378935","H2AC14","PPHLN1",9606,0.5,0,0,0,0,0,0.5,0
"9606.ENSP00000328484","9606.ENSP00000483946","H2AC14","PHF19",9606,0.51,0,0,0,0.059,0,0.5,0.044
"9606.ENSP00000328484","9606.ENSP00000380763","H2AC14","MORC2",9606,0.512,0,0,0,0,0,0.5,0.065
"9606.ENSP00000328484","9606.ENSP00000438483","H2AC14","KPNA2",9606,0.513,0,0,0,0.067,0,0.5,0
"9606.ENSP00000328484","9606.ENSP00000387007","H2AC14","NCAPG2",9606,0.517,0,0,0,0.075,0,0.5,0
"9606.ENSP00000328484","9606.ENSP00000354394","H2AC14","STAT1",9606,0.522,0,0,0,0,0.062,0.5,0.063
"9606.ENSP00000328484","9606.ENSP00000479617","H2AC14","UHRF1",9606,0.529,0,0,0,0.075,0.064,0.5,0
"9606.ENSP00000328484","9606.ENSP00000362592","H2AC14","RBBP4",9606,0.53,0,0,0,0.075,0.066,0.5,0
"9606.ENSP00000328484","9606.ENSP00000360623","H2AC14","ORC1",9606,0.583,0,0,0,0.075,0.171,0.5,0
"9606.ENSP00000328484","9606.ENSP00000330074","H2AC14","H1-5",9606,0.815,0,0,0,0.446,0.467,0,0.426
"9606.ENSP00000328484","9606.ENSP00000458162","H2AC14","ACTG1",9606,0.865,0,0,0,0.333,0.8,0,0.076
"9606.ENSP00000328484","9606.ENSP00000397552","H2AC14","ACTL6A",9606,0.885,0,0,0,0.075,0.811,0.4,0
"9606.ENSP00000328484","9606.ENSP00000362146","H2AC14","CDCA8",9606,0.903,0,0,0,0.075,0.9,0,0
"9606.ENSP00000328484","9606.ENSP00000494750","H2AC14","ACTB",9606,0.914,0,0,0,0.344,0.8,0.4,0
"9606.ENSP00000328484","9606.ENSP00000367034","H2AC14","H4C3",9606,0.941,0,0,0,0.138,0.9,0,0.376
"9606.ENSP00000328484","9606.ENSP00000418960","H2AC14","BRCA1",9606,0.949,0,0,0,0.075,0.9,0.5,0
"9606.ENSP00000328484","9606.ENSP00000336868","H2AC14","CENPA",9606,0.95,0,0,0,0.073,0.9,0.5,0.066
"9606.ENSP00000328484","9606.ENSP00000483903","H2AC14","H2BC15",9606,0.987,0,0.086,0,0.741,0.909,0.4,0.203
"9606.ENSP00000328484","9606.ENSP00000349430","H2AC14","H2BC12",9606,0.996,0,0.085,0,0.726,0.973,0.4,0.204
"9606.ENSP00000328484","9606.ENSP00000332194","H2AC14","H2AC20",9606,0.997,0,0,0.049,0.949,0.909,0.4,0.045
"9606.ENSP00000328484","9606.ENSP00000366679","H2AC14","H2AC12",9606,0.997,0,0,0.048,0.952,0.914,0.4,0.05
"9606.ENSP00000328854","9606.ENSP00000482599","NOC4L","METTL23",9606,0.413,0,0,0,0.166,0,0,0.326
"9606.ENSP00000328854","9606.ENSP00000371253","NOC4L","GART",9606,0.507,0,0,0,0.24,0,0,0.379
"9606.ENSP00000328854","9606.ENSP00000361433","NOC4L","EXOSC2",9606,0.777,0,0,0,0.365,0.462,0.4,0
"9606.ENSP00000328854","9606.ENSP00000350698","NOC4L","DDX47",9606,0.899,0,0,0,0.475,0.098,0.8,0.061
"9606.ENSP00000328854","9606.ENSP00000358812","NOC4L","PDCD11",9606,0.994,0,0,0,0.738,0.867,0.8,0.365
"9606.ENSP00000328854","9606.ENSP00000470560","NOC4L","EMG1",9606,0.998,0,0,0,0.354,0.972,0.8,0.554
"9606.ENSP00000330074","9606.ENSP00000349430","H1-5","H2BC12",9606,0.453,0,0,0,0.119,0.071,0,0.386
"9606.ENSP00000330074","9606.ENSP00000356319","H1-5","KIF14",9606,0.476,0,0,0,0.076,0.457,0,0
"9606.ENSP00000330074","9606.ENSP00000365380","H1-5","FOXP3",9606,0.494,0,0,0,0,0.457,0,0.107
"9606.ENSP00000330074","9606.ENSP00000398698","H1-5","TNF",9606,0.574,0,0,0,0.047,0.524,0,0.137
"9606.ENSP00000330074","9606.ENSP00000403039","H1-5","HP1BP3",9606,0.679,0,0,0,0.488,0.144,0,0.328
"9606.ENSP00000330074","9606.ENSP00000367034","H1-5","H4C3",9606,0.759,0,0,0,0.158,0,0,0.726
"9606.ENSP00000330074","9606.ENSP00000366679","H1-5","H2AC12",9606,0.77,0,0,0,0.326,0.61,0,0.196
"9606.ENSP00000330074","9606.ENSP00000481380","H1-5","CCNA2",9606,0.836,0,0,0,0.108,0.802,0,0.15
"9606.ENSP00000330074","9606.ENSP00000332194","H1-5","H2AC20",9606,0.946,0,0,0,0.272,0,0,0.93
"9606.ENSP00000330074","9606.ENSP00000378699","H1-5","CDK1",9606,0.999,0,0,0,0.121,0.999,0,0.177
"9606.ENSP00000330221","9606.ENSP00000394331","SPSB1","COMMD5",9606,0.5,0,0,0,0,0,0.5,0
"9606.ENSP00000330221","9606.ENSP00000442318","SPSB1","CAND1",9606,0.536,0,0,0,0,0,0.5,0.111
"9606.ENSP00000331640","9606.ENSP00000354813","TMEM186","MT-ND5",9606,0.614,0,0,0,0,0,0.5,0.261
"9606.ENSP00000332062","9606.ENSP00000349359","SNX20","SASH3",9606,0.608,0,0,0,0.293,0,0,0.469
"9606.ENSP00000332062","9606.ENSP00000376103","SNX20","C19orf12",9606,0.815,0,0,0,0,0.815,0,0
"9606.ENSP00000332073","9606.ENSP00000376472","MGAT1","STT3A",9606,0.484,0,0,0,0.081,0,0,0.462
"9606.ENSP00000332194","9606.ENSP00000410409","H2AC20","TAF1D",9606,0.408,0,0,0,0,0,0.4,0.055
"9606.ENSP00000332194","9606.ENSP00000339001","H2AC20","TUBB",9606,0.425,0,0,0,0.326,0,0,0.183
"9606.ENSP00000332194","9606.ENSP00000411532","H2AC20","TOP2A",9606,0.433,0,0,0,0.075,0.207,0,0.29
"9606.ENSP00000332194","9606.ENSP00000355506","H2AC20","EXO1",9606,0.46,0,0,0,0.075,0.047,0,0.437
"9606.ENSP00000332194","9606.ENSP00000414109","H2AC20","HJURP",9606,0.469,0,0,0,0.065,0,0,0.456
"9606.ENSP00000332194","9606.ENSP00000433760","H2AC20","BANF1",9606,0.472,0,0,0,0.077,0,0,0.452
"9606.ENSP00000332194","9606.ENSP00000457411","H2AC20","USP10",9606,0.472,0,0,0,0,0.457,0,0.069
"9606.ENSP00000332194","9606.ENSP00000335321","H2AC20","SF3B1",9606,0.479,0,0,0,0.094,0,0.4,0.12
"9606.ENSP00000332194","9606.ENSP00000361540","H2AC20","CDC20",9606,0.5,0,0,0,0.064,0,0,0.488
"9606.ENSP00000332194","9606.ENSP00000378935","H2AC20","PPHLN1",9606,0.5,0,0,0,0,0,0.5,0
"9606.ENSP00000332194","9606.ENSP00000361298","H2AC20","KIF2C",9606,0.52,0,0,0,0.069,0,0,0.506
"9606.ENSP00000332194","9606.ENSP00000438483","H2AC20","KPNA2",9606,0.53,0,0,0,0.061,0,0.5,0.08
"9606.ENSP00000332194","9606.ENSP00000355028","H2AC20","DZIP3",9606,0.534,0,0,0,0,0.28,0,0.38
"9606.ENSP00000332194","9606.ENSP00000493712","H2AC20","RAD51",9606,0.547,0,0,0,0,0,0,0.547
"9606.ENSP00000332194","9606.ENSP00000380070","H2AC20","GAPDH",9606,0.555,0,0,0,0.246,0,0,0.435
"9606.ENSP00000332194","9606.ENSP00000380763","H2AC20","MORC2",9606,0.561,0,0,0,0,0,0.5,0.158
"9606.ENSP00000332194","9606.ENSP00000387007","H2AC20","NCAPG2",9606,0.567,0,0,0,0.075,0,0.5,0.14
"9606.ENSP00000332194","9606.ENSP00000354394","H2AC20","STAT1",9606,0.597,0,0,0,0,0.062,0.5,0.211
"9606.ENSP00000332194","9606.ENSP00000378699","H2AC20","CDK1",9606,0.626,0,0,0,0.073,0.046,0.4,0.38
"9606.ENSP00000332194","9606.ENSP00000483946","H2AC20","PHF19",9606,0.642,0,0,0,0.067,0,0.5,0.296
"9606.ENSP00000332194","9606.ENSP00000360623","H2AC20","ORC1",9606,0.683,0,0,0,0,0.323,0.5,0.139
"9606.ENSP00000332194","9606.ENSP00000479617","H2AC20","UHRF1",9606,0.697,0,0,0,0.064,0.064,0.5,0.39
"9606.ENSP00000332194","9606.ENSP00000362166","H2AC20","MEAF6",9606,0.751,0,0,0,0,0.076,0.4,0.587
"9606.ENSP00000332194","9606.ENSP00000497402","H2AC20","RCC1",9606,0.768,0,0,0,0,0.476,0,0.576
"9606.ENSP00000332194","9606.ENSP00000361990","H2AC20","UBR2",9606,0.836,0,0,0,0,0.802,0,0.206
"9606.ENSP00000332194","9606.ENSP00000362592","H2AC20","RBBP4",9606,0.852,0,0,0,0.075,0.471,0.5,0.468
"9606.ENSP00000332194","9606.ENSP00000458162","H2AC20","ACTG1",9606,0.87,0,0,0,0.318,0.8,0,0.13
"9606.ENSP00000332194","9606.ENSP00000362146","H2AC20","CDCA8",9606,0.928,0,0,0,0.064,0.9,0,0.298
"9606.ENSP00000332194","9606.ENSP00000397552","H2AC20","ACTL6A",9606,0.943,0,0,0,0.075,0.811,0.4,0.521
"9606.ENSP00000332194","9606.ENSP00000494750","H2AC20","ACTB",9606,0.945,0,0,0,0.327,0.8,0.4,0.407
"9606.ENSP00000332194","9606.ENSP00000367034","H2AC20","H4C3",9606,0.964,0,0,0,0.117,0.907,0,0.602
"9606.ENSP00000332194","9606.ENSP00000336868","H2AC20","CENPA",9606,0.984,0,0,0,0.06,0.9,0.5,0.709
"9606.ENSP00000332194","9606.ENSP00000418960","H2AC20","BRCA1",9606,0.994,0,0,0,0.048,0.976,0.5,0.608
"9606.ENSP00000332194","9606.ENSP00000483903","H2AC20","H2BC15",9606,0.994,0,0.086,0,0.695,0.942,0.4,0.505
"9606.ENSP00000332194","9606.ENSP00000349430","H2AC20","H2BC12",9606,0.998,0,0.086,0,0.695,0.985,0.4,0.527
"9606.ENSP00000332194","9606.ENSP00000366679","H2AC20","H2AC12",9606,0.998,0,0,0.049,0.95,0.966,0.4,0.045
"9606.ENSP00000332293","9606.ENSP00000373489","ASCL2","KRT18",9606,0.45,0,0,0,0.06,0,0,0.439
"9606.ENSP00000332293","9606.ENSP00000388620","ASCL2","EOMES",9606,0.461,0,0,0,0.075,0.064,0,0.428
"9606.ENSP00000332448","9606.ENSP00000379038","ADAT3","TYMP",9606,0.5,0,0,0,0,0,0.493,0.056
"9606.ENSP00000332448","9606.ENSP00000361965","ADAT3","ADA",9606,0.502,0.051,0,0,0,0,0,0.497
"9606.ENSP00000332448","9606.ENSP00000468425","ADAT3","TK1",9606,0.578,0.115,0,0,0,0,0.493,0.136
"9606.ENSP00000332504","9606.ENSP00000365380","CCR10","FOXP3",9606,0.442,0,0,0,0,0,0,0.442
"9606.ENSP00000332504","9606.ENSP00000351059","CCR10","CX3CR1",9606,0.547,0,0,0,0,0,0.5,0.132
"9606.ENSP00000332504","9606.ENSP00000483330","CCR10","CCL4L2",9606,0.716,0,0,0,0.047,0,0.65,0.218
"9606.ENSP00000332504","9606.ENSP00000356793","CCR10","XCL2",9606,0.732,0,0,0,0.06,0,0.65,0.251
"9606.ENSP00000332504","9606.ENSP00000482259","CCR10","CCL4",9606,0.832,0,0,0,0.047,0,0.65,0.537
"9606.ENSP00000332504","9606.ENSP00000474412","CCR10","CCL5",9606,0.854,0,0,0,0.047,0,0.65,0.6
"9606.ENSP00000333275","9606.ENSP00000343966","NR2C1","PSPC1",9606,0.489,0,0,0,0.074,0.457,0,0.067
"9606.ENSP00000333275","9606.ENSP00000362592","NR2C1","RBBP4",9606,0.516,0,0,0,0.073,0.457,0,0.117
"9606.ENSP00000334448","9606.ENSP00000377958","GNG2","CCT4",9606,0.5,0,0,0,0,0,0.5,0
"9606.ENSP00000334448","9606.ENSP00000362146","GNG2","CDCA8",9606,0.504,0,0,0,0,0.502,0,0.046
"9606.ENSP00000334448","9606.ENSP00000378483","GNG2","RGS19",9606,0.532,0,0,0,0.078,0.046,0.5,0.063
"9606.ENSP00000334448","9606.ENSP00000369899","GNG2","RRAGA",9606,0.567,0,0,0,0.057,0,0.54,0.082
"9606.ENSP00000334448","9606.ENSP00000455215","GNG2","ADGRG1",9606,0.687,0,0,0,0,0.67,0,0.092
"9606.ENSP00000334448","9606.ENSP00000342981","GNG2","ADGRG5",9606,0.811,0,0,0,0.062,0.806,0,0.047
"9606.ENSP00000334448","9606.ENSP00000449716","GNG2","CMKLR1",9606,0.814,0,0,0,0.075,0.808,0,0
"9606.ENSP00000334448","9606.ENSP00000351059","GNG2","CX3CR1",9606,0.825,0,0,0,0.079,0.808,0,0.093
"9606.ENSP00000334448","9606.ENSP00000371594","GNG2","GNG7",9606,0.915,0,0,0,0.129,0.094,0.9,0.061
"9606.ENSP00000334448","9606.ENSP00000360141","GNG2","GNAS",9606,0.999,0,0,0,0.055,0.999,0.9,0.678
"9606.ENSP00000334785","9606.ENSP00000376436","TESC","ETS1",9606,0.561,0,0,0,0,0,0,0.561
"9606.ENSP00000335321","9606.ENSP00000411532","SF3B1","TOP2A",9606,0.409,0,0,0,0.129,0.242,0,0.178
"9606.ENSP00000335321","9606.ENSP00000356319","SF3B1","KIF14",9606,0.47,0,0,0,0.064,0.457,0,0
"9606.ENSP00000335321","9606.ENSP00000387996","SF3B1","CSTF2",9606,0.491,0,0,0,0.301,0.078,0,0.274
"9606.ENSP00000335321","9606.ENSP00000483903","SF3B1","H2BC15",9606,0.493,0,0,0,0.191,0,0.4,0
"9606.ENSP00000335321","9606.ENSP00000349430","SF3B1","H2BC12",9606,0.495,0,0,0,0.193,0,0.4,0
"9606.ENSP00000335321","9606.ENSP00000443475","SF3B1","TUBA1C",9606,0.537,0,0,0,0.077,0.481,0,0.112
"9606.ENSP00000335321","9606.ENSP00000410409","SF3B1","TAF1D",9606,0.546,0,0,0,0.131,0,0.5,0
"9606.ENSP00000335321","9606.ENSP00000457411","SF3B1","USP10",9606,0.59,0,0,0,0.276,0.457,0,0
"9606.ENSP00000335321","9606.ENSP00000349168","SF3B1","HNRNPH1",9606,0.616,0,0,0,0.365,0.239,0,0.271
"9606.ENSP00000335321","9606.ENSP00000438483","SF3B1","KPNA2",9606,0.641,0,0,0,0.102,0.617,0,0
"9606.ENSP00000335321","9606.ENSP00000483254","SF3B1","HNRNPDL",9606,0.643,0,0,0,0.328,0.212,0,0.38
"9606.ENSP00000335321","9606.ENSP00000494750","SF3B1","ACTB",9606,0.649,0,0,0,0.134,0.163,0.5,0.148
"9606.ENSP00000335321","9606.ENSP00000416269","SF3B1","DDX39B",9606,0.66,0,0,0,0.232,0.393,0,0.331
"9606.ENSP00000335321","9606.ENSP00000437125","SF3B1","HSPA8",9606,0.662,0,0,0,0.185,0.601,0,0.045
"9606.ENSP00000335321","9606.ENSP00000449270","SF3B1","COPZ1",9606,0.694,0,0,0,0.075,0.657,0,0.114
"9606.ENSP00000335321","9606.ENSP00000435210","SF3B1","BCLAF1",9606,0.833,0,0,0,0.621,0.529,0,0.141
"9606.ENSP00000335321","9606.ENSP00000496842","SF3B1","PNISR",9606,0.84,0,0,0,0.761,0.212,0,0.223
"9606.ENSP00000335321","9606.ENSP00000376276","SF3B1","SRSF2",9606,0.892,0,0,0,0.482,0.304,0,0.725
"9606.ENSP00000335321","9606.ENSP00000452123","SF3B1","SRSF5",9606,0.919,0,0,0,0.62,0.702,0,0.343
"9606.ENSP00000335321","9606.ENSP00000497641","SF3B1","EIF4A3",9606,0.971,0,0,0,0.225,0.953,0,0.27
"9606.ENSP00000335321","9606.ENSP00000432886","SF3B1","RNPC3",9606,0.978,0,0,0,0.188,0.64,0.9,0.35
"9606.ENSP00000335321","9606.ENSP00000396301","SF3B1","IK",9606,0.986,0,0,0,0.238,0.8,0.9,0.234
"9606.ENSP00000335628","9606.ENSP00000378699","SPDYA","CDK1",9606,0.952,0,0,0,0.063,0.457,0.9,0.172
"9606.ENSP00000335632","9606.ENSP00000360268","CHP1","ALDH18A1",9606,0.449,0,0,0,0.066,0,0,0.435
"9606.ENSP00000335632","9606.ENSP00000393541","CHP1","IFT27",9606,0.467,0,0,0,0.062,0.456,0,0
"9606.ENSP00000335632","9606.ENSP00000380256","CHP1","CCNF",9606,0.471,0,0,0,0,0.457,0,0.067
"9606.ENSP00000336799","9606.ENSP00000444408","TUBA1B","SLC1A5",9606,0.405,0,0,0,0.05,0,0.4,0
"9606.ENSP00000336799","9606.ENSP00000349168","TUBA1B","HNRNPH1",9606,0.425,0,0,0,0.4,0,0,0.082
"9606.ENSP00000336799","9606.ENSP00000356319","TUBA1B","KIF14",9606,0.442,0,0,0,0.075,0.347,0,0.151
"9606.ENSP00000336799","9606.ENSP00000400184","TUBA1B","NDUFAF8",9606,0.474,0,0,0,0.072,0.457,0,0
"9606.ENSP00000336799","9606.ENSP00000479904","TUBA1B","ZMYM2",9606,0.497,0,0,0,0.058,0.488,0,0
"9606.ENSP00000336799","9606.ENSP00000438399","TUBA1B","IST1",9606,0.533,0,0,0,0.075,0,0.5,0.073
"9606.ENSP00000336799","9606.ENSP00000469240","TUBA1B","CHMP2A",9606,0.534,0,0,0,0.075,0,0.5,0.075
"9606.ENSP00000336799","9606.ENSP00000398698","TUBA1B","TNF",9606,0.592,0,0,0,0,0.524,0,0.178
"9606.ENSP00000336799","9606.ENSP00000358921","TUBA1B","ACTR1A",9606,0.738,0,0,0,0.101,0.131,0.65,0.158
"9606.ENSP00000336799","9606.ENSP00000421405","TUBA1B","ROPN1L",9606,0.8,0,0,0,0,0.8,0,0
"9606.ENSP00000336799","9606.ENSP00000495530","TUBA1B","ENO1",9606,0.822,0,0,0,0.333,0.644,0,0.314
"9606.ENSP00000336799","9606.ENSP00000380070","TUBA1B","GAPDH",9606,0.851,0,0,0,0.722,0,0,0.489
"9606.ENSP00000336799","9606.ENSP00000377958","TUBA1B","CCT4",9606,0.922,0,0,0,0.333,0.748,0.5,0.19
"9606.ENSP00000336799","9606.ENSP00000437125","TUBA1B","HSPA8",9606,0.963,0,0,0,0.706,0.826,0,0.351
"9606.ENSP00000336799","9606.ENSP00000410452","TUBA1B","STMN1",9606,0.971,0,0,0,0.327,0.933,0,0.427
"9606.ENSP00000336799","9606.ENSP00000494750","TUBA1B","ACTB",9606,0.971,0,0,0.201,0.68,0.818,0,0.453
"9606.ENSP00000336799","9606.ENSP00000458162","TUBA1B","ACTG1",9606,0.972,0,0,0.2,0.691,0.818,0,0.453
"9606.ENSP00000336799","9606.ENSP00000339001","TUBA1B","TUBB",9606,0.999,0,0,0.068,0.941,0.999,0.65,0.498
"9606.ENSP00000336799","9606.ENSP00000341289","TUBA1B","TUBB4B",9606,0.999,0,0,0.067,0.924,0.987,0.65,0.459
"9606.ENSP00000336799","9606.ENSP00000443475","TUBA1B","TUBA1C",9606,0.999,0,0,0.047,0.96,0.999,0.4,0.101
"9606.ENSP00000336868","9606.ENSP00000480987","CENPA","MCM3",9606,0.413,0,0,0,0.251,0.046,0,0.245
"9606.ENSP00000336868","9606.ENSP00000360623","CENPA","ORC1",9606,0.415,0,0,0,0.236,0.218,0,0.101
"9606.ENSP00000336868","9606.ENSP00000479617","CENPA","UHRF1",9606,0.421,0,0,0,0.244,0.097,0,0.221
"9606.ENSP00000336868","9606.ENSP00000355958","CENPA","DTL",9606,0.422,0,0,0,0.344,0,0,0.156
"9606.ENSP00000336868","9606.ENSP00000418960","CENPA","BRCA1",9606,0.44,0,0,0,0.208,0,0,0.323
"9606.ENSP00000336868","9606.ENSP00000387007","CENPA","NCAPG2",9606,0.46,0,0,0,0.316,0,0,0.244
"9606.ENSP00000336868","9606.ENSP00000468425","CENPA","TK1",9606,0.468,0,0,0,0.344,0,0,0.223
"9606.ENSP00000336868","9606.ENSP00000497402","CENPA","RCC1",9606,0.51,0,0,0,0.126,0.139,0,0.402
"9606.ENSP00000336868","9606.ENSP00000437125","CENPA","HSPA8",9606,0.516,0,0,0,0.067,0.464,0,0.11
"9606.ENSP00000336868","9606.ENSP00000380256","CENPA","CCNF",9606,0.546,0,0,0,0.407,0,0,0.266
"9606.ENSP00000336868","9606.ENSP00000377470","CENPA","CNP",9606,0.547,0,0,0,0,0,0,0.547
"9606.ENSP00000336868","9606.ENSP00000355506","CENPA","EXO1",9606,0.577,0,0,0,0.373,0.062,0,0.339
"9606.ENSP00000336868","9606.ENSP00000493712","CENPA","RAD51",9606,0.588,0,0,0,0.292,0.129,0,0.387
"9606.ENSP00000336868","9606.ENSP00000364976","CENPA","CKS2",9606,0.594,0,0,0,0.35,0.062,0,0.389
"9606.ENSP00000336868","9606.ENSP00000418268","CENPA","MCM10",9606,0.677,0,0,0,0.506,0.139,0,0.303
"9606.ENSP00000336868","9606.ENSP00000494750","CENPA","ACTB",9606,0.681,0,0,0.261,0,0.46,0,0.266
"9606.ENSP00000336868","9606.ENSP00000353770","CENPA","RRM2",9606,0.687,0,0,0,0.509,0,0,0.39
"9606.ENSP00000336868","9606.ENSP00000465075","CENPA","SPC24",9606,0.695,0,0,0,0.322,0,0,0.57
"9606.ENSP00000336868","9606.ENSP00000405726","CENPA","CDC45",9606,0.712,0,0,0,0.536,0.104,0,0.365
"9606.ENSP00000336868","9606.ENSP00000377536","CENPA","PTTG1",9606,0.745,0,0,0,0.594,0,0,0.4
"9606.ENSP00000336868","9606.ENSP00000356319","CENPA","KIF14",9606,0.755,0,0,0,0.653,0,0,0.323
"9606.ENSP00000336868","9606.ENSP00000389810","CENPA","DSN1",9606,0.792,0,0,0,0.165,0.109,0,0.743
"9606.ENSP00000336868","9606.ENSP00000415430","CENPA","GTSE1",9606,0.793,0,0,0,0.731,0.103,0,0.214
"9606.ENSP00000336868","9606.ENSP00000357643","CENPA","MKI67",9606,0.806,0,0,0,0.713,0,0,0.354
"9606.ENSP00000336868","9606.ENSP00000363055","CENPA","ZWINT",9606,0.842,0,0,0,0.497,0,0,0.7
"9606.ENSP00000336868","9606.ENSP00000356379","CENPA","ASPM",9606,0.859,0,0,0,0.795,0,0,0.343
"9606.ENSP00000336868","9606.ENSP00000355966","CENPA","NEK2",9606,0.869,0,0,0,0.747,0.057,0,0.498
"9606.ENSP00000336868","9606.ENSP00000499238","CENPA","NUSAP1",9606,0.874,0,0,0,0.805,0,0,0.384
"9606.ENSP00000336868","9606.ENSP00000366679","CENPA","H2AC12",9606,0.909,0,0,0,0.071,0.9,0,0.103
"9606.ENSP00000336868","9606.ENSP00000367034","CENPA","H4C3",9606,0.912,0,0,0,0.101,0.9,0,0.1
"9606.ENSP00000336868","9606.ENSP00000363524","CENPA","KIF4A",9606,0.915,0,0,0,0.837,0.097,0,0.47
"9606.ENSP00000336868","9606.ENSP00000357308","CENPA","CENPW",9606,0.924,0,0,0,0.375,0.456,0.5,0.609
"9606.ENSP00000336868","9606.ENSP00000442068","CENPA","CDCA3",9606,0.926,0,0,0,0.887,0,0,0.373
"9606.ENSP00000336868","9606.ENSP00000348838","CENPA","UBE2C",9606,0.929,0,0,0,0.865,0.086,0,0.473
"9606.ENSP00000336868","9606.ENSP00000411532","CENPA","TOP2A",9606,0.933,0,0,0,0.848,0.15,0,0.528
"9606.ENSP00000336868","9606.ENSP00000483903","CENPA","H2BC15",9606,0.933,0,0,0,0.083,0.8,0.5,0.36
"9606.ENSP00000336868","9606.ENSP00000349430","CENPA","H2BC12",9606,0.934,0,0,0,0.088,0.8,0.5,0.367
"9606.ENSP00000336868","9606.ENSP00000362146","CENPA","CDCA8",9606,0.946,0,0,0,0.844,0.163,0,0.624
"9606.ENSP00000336868","9606.ENSP00000362592","CENPA","RBBP4",9606,0.948,0,0,0,0.089,0.823,0.5,0.438
"9606.ENSP00000336868","9606.ENSP00000361298","CENPA","KIF2C",9606,0.978,0,0,0,0.873,0,0,0.836
"9606.ENSP00000336868","9606.ENSP00000361540","CENPA","CDC20",9606,0.98,0,0,0,0.787,0.046,0.8,0.576
"9606.ENSP00000336868","9606.ENSP00000378699","CENPA","CDK1",9606,0.993,0,0,0,0.934,0.686,0.4,0.565
"9606.ENSP00000336868","9606.ENSP00000481380","CENPA","CCNA2",9606,0.994,0,0,0,0.99,0,0,0.46
"9606.ENSP00000336868","9606.ENSP00000414109","CENPA","HJURP",9606,0.999,0,0,0,0.861,0.999,0.5,0.869
"9606.ENSP00000338030","9606.ENSP00000398882","STARD7","DOHH",9606,0.414,0,0,0,0.063,0.401,0,0
"9606.ENSP00000338352","9606.ENSP00000380241","NUDT4","NUDT1",9606,0.586,0,0,0,0,0,0,0.586
"9606.ENSP00000338990","9606.ENSP00000437125","ATG101","HSPA8",9606,0.45,0,0,0,0.094,0,0,0.418
"9606.ENSP00000338990","9606.ENSP00000369899","ATG101","RRAGA",9606,0.61,0,0,0,0.073,0,0.5,0.228
"9606.ENSP00000338990","9606.ENSP00000386710","ATG101","ATG9A",9606,0.844,0,0,0,0.075,0.457,0,0.715
"9606.ENSP00000338990","9606.ENSP00000375873","ATG101","ATG16L1",9606,0.932,0,0,0,0.06,0.587,0,0.839
"9606.ENSP00000338990","9606.ENSP00000482753","ATG101","C9orf72",9606,0.985,0,0,0,0,0.802,0.9,0.311
"9606.ENSP00000339001","9606.ENSP00000351646","TUBB","STIP1",9606,0.402,0,0,0,0.136,0.25,0,0.152
"9606.ENSP00000339001","9606.ENSP00000483903","TUBB","H2BC15",9606,0.404,0,0,0,0.331,0,0,0.147
"9606.ENSP00000339001","9606.ENSP00000369538","TUBB","GDI2",9606,0.405,0,0,0,0.282,0.109,0,0.146
"9606.ENSP00000339001","9606.ENSP00000498855","TUBB","CAPS",9606,0.411,0,0,0,0,0.403,0,0.055
"9606.ENSP00000339001","9606.ENSP00000349430","TUBB","H2BC12",9606,0.418,0,0,0,0.329,0,0,0.169
"9606.ENSP00000339001","9606.ENSP00000362146","TUBB","CDCA8",9606,0.423,0,0,0,0.163,0.155,0,0.25
"9606.ENSP00000339001","9606.ENSP00000364802","TUBB","HSPA1A",9606,0.434,0,0,0,0.215,0.064,0,0.292
"9606.ENSP00000339001","9606.ENSP00000362334","TUBB","PSMB2",9606,0.452,0,0,0,0.197,0.262,0,0.15
"9606.ENSP00000339001","9606.ENSP00000400184","TUBB","NDUFAF8",9606,0.457,0,0,0,0,0.457,0,0
"9606.ENSP00000339001","9606.ENSP00000362424","TUBB","TRAF3IP1",9606,0.464,0,0,0,0,0.457,0,0.055
"9606.ENSP00000339001","9606.ENSP00000469880","TUBB","VRK3",9606,0.467,0,0,0,0.057,0.458,0,0
"9606.ENSP00000339001","9606.ENSP00000413625","TUBB","FNBP1",9606,0.469,0,0,0,0.063,0.457,0,0
"9606.ENSP00000339001","9606.ENSP00000480987","TUBB","MCM3",9606,0.469,0,0,0,0.402,0,0,0.15
"9606.ENSP00000339001","9606.ENSP00000411532","TUBB","TOP2A",9606,0.472,0,0,0,0.2,0,0,0.368
"9606.ENSP00000339001","9606.ENSP00000386711","TUBB","JAKMIP1",9606,0.483,0,0,0,0.054,0.476,0,0
"9606.ENSP00000339001","9606.ENSP00000380256","TUBB","CCNF",9606,0.506,0,0,0,0.104,0.457,0,0.067
"9606.ENSP00000339001","9606.ENSP00000418960","TUBB","BRCA1",9606,0.529,0,0,0,0.075,0.457,0,0.138
"9606.ENSP00000339001","9606.ENSP00000479617","TUBB","UHRF1",9606,0.561,0,0,0,0.128,0.49,0,0.094
"9606.ENSP00000339001","9606.ENSP00000415034","TUBB","NBEAL2",9606,0.572,0,0,0,0,0.456,0,0.246
"9606.ENSP00000339001","9606.ENSP00000410452","TUBB","STMN1",9606,0.605,0,0,0,0.297,0.099,0,0.427
"9606.ENSP00000339001","9606.ENSP00000495530","TUBB","ENO1",9606,0.61,0,0,0,0.326,0.131,0,0.388
"9606.ENSP00000339001","9606.ENSP00000378699","TUBB","CDK1",9606,0.687,0,0,0,0.159,0.538,0,0.26
"9606.ENSP00000339001","9606.ENSP00000358921","TUBB","ACTR1A",9606,0.754,0,0,0,0.111,0.126,0.65,0.204
"9606.ENSP00000339001","9606.ENSP00000421405","TUBB","ROPN1L",9606,0.812,0,0,0,0,0.8,0,0.099
"9606.ENSP00000339001","9606.ENSP00000380070","TUBB","GAPDH",9606,0.876,0,0,0,0.558,0.117,0,0.709
"9606.ENSP00000339001","9606.ENSP00000458162","TUBB","ACTG1",9606,0.883,0,0,0,0.643,0.126,0,0.656
"9606.ENSP00000339001","9606.ENSP00000496250","TUBB","RPL11",9606,0.901,0,0,0,0.122,0.877,0,0.161
"9606.ENSP00000339001","9606.ENSP00000377958","TUBB","CCT4",9606,0.971,0,0,0,0.634,0.914,0,0.168
"9606.ENSP00000339001","9606.ENSP00000494750","TUBB","ACTB",9606,0.974,0,0,0,0.641,0.851,0,0.557
"9606.ENSP00000339001","9606.ENSP00000437125","TUBB","HSPA8",9606,0.987,0,0,0,0.639,0.947,0,0.387
"9606.ENSP00000339001","9606.ENSP00000341289","TUBB","TUBB4B",9606,0.999,0,0,0.047,0.958,0.999,0.8,0.279
"9606.ENSP00000339001","9606.ENSP00000443475","TUBB","TUBA1C",9606,0.999,0,0,0.068,0.907,0.978,0.65,0.472
"9606.ENSP00000339186","9606.ENSP00000376123","GRAP2","SH2D2A",9606,0.422,0,0,0,0.157,0,0,0.343
"9606.ENSP00000339186","9606.ENSP00000354394","GRAP2","STAT1",9606,0.522,0,0,0,0.059,0,0.5,0.067
"9606.ENSP00000339186","9606.ENSP00000339398","GRAP2","HLA-DQA1",9606,0.524,0,0,0,0.088,0,0.5,0
"9606.ENSP00000339186","9606.ENSP00000408146","GRAP2","HLA-DPB1",9606,0.558,0,0,0,0.125,0.061,0.5,0.053
"9606.ENSP00000339186","9606.ENSP00000393566","GRAP2","HLA-DPA1",9606,0.559,0,0,0,0.088,0,0.5,0.111
"9606.ENSP00000339186","9606.ENSP00000428924","GRAP2","LYN",9606,0.577,0,0,0,0.075,0,0.5,0.159
"9606.ENSP00000339186","9606.ENSP00000353099","GRAP2","HLA-DRB1",9606,0.581,0,0,0,0.125,0.061,0.5,0.101
"9606.ENSP00000339186","9606.ENSP00000364080","GRAP2","HLA-DQB1",9606,0.603,0,0,0,0.142,0.061,0.5,0.131
"9606.ENSP00000339398","9606.ENSP00000414904","HLA-DQA1","CTSO",9606,0.425,0,0,0,0.082,0,0.4,0
"9606.ENSP00000339398","9606.ENSP00000449716","HLA-DQA1","CMKLR1",9606,0.428,0,0,0,0.086,0,0,0.4
"9606.ENSP00000339398","9606.ENSP00000474412","HLA-DQA1","CCL5",9606,0.445,0,0,0,0.18,0,0,0.352
"9606.ENSP00000339398","9606.ENSP00000351314","HLA-DQA1","PSMB10",9606,0.455,0,0,0,0.075,0,0,0.435
"9606.ENSP00000339398","9606.ENSP00000483185","HLA-DQA1","AP2B1",9606,0.5,0,0,0,0,0,0.5,0
"9606.ENSP00000339398","9606.ENSP00000364016","HLA-DQA1","PSMB8",9606,0.533,0,0,0,0.122,0,0,0.49
"9606.ENSP00000339398","9606.ENSP00000493218","HLA-DQA1","MFSD8",9606,0.584,0,0,0,0,0.584,0,0
"9606.ENSP00000339398","9606.ENSP00000346206","HLA-DQA1","TAP1",9606,0.607,0,0,0,0.128,0,0,0.568
"9606.ENSP00000339398","9606.ENSP00000359497","HLA-DQA1","GBP2",9606,0.612,0,0,0,0.131,0,0.5,0.179
"9606.ENSP00000339398","9606.ENSP00000398698","HLA-DQA1","TNF",9606,0.614,0,0,0,0.094,0,0,0.592
"9606.ENSP00000339398","9606.ENSP00000380855","HLA-DQA1","PDCD1LG2",9606,0.669,0,0,0,0.067,0,0.5,0.348
"9606.ENSP00000339398","9606.ENSP00000354394","HLA-DQA1","STAT1",9606,0.672,0,0,0,0.075,0,0.5,0.349
"9606.ENSP00000339398","9606.ENSP00000363993","HLA-DQA1","PSMB9",9606,0.674,0,0,0,0.194,0,0,0.613
"9606.ENSP00000339398","9606.ENSP00000353099","HLA-DQA1","HLA-DRB1",9606,0.866,0,0,0,0.445,0,0.65,0.37
"9606.ENSP00000339398","9606.ENSP00000367013","HLA-DQA1","TNFRSF25",9606,0.896,0,0,0,0.064,0,0,0.894
"9606.ENSP00000339398","9606.ENSP00000393566","HLA-DQA1","HLA-DPA1",9606,0.952,0,0,0.062,0.846,0,0.65,0.179
"9606.ENSP00000339398","9606.ENSP00000408146","HLA-DQA1","HLA-DPB1",9606,0.965,0,0,0,0.846,0.108,0.65,0.367
"9606.ENSP00000339398","9606.ENSP00000364080","HLA-DQA1","HLA-DQB1",9606,0.999,0,0,0,0.872,0.999,0.65,0.588
"9606.ENSP00000339813","9606.ENSP00000354394","TPST2","STAT1",9606,0.512,0,0,0,0.065,0,0.5,0
"9606.ENSP00000340736","9606.ENSP00000359297","GYG1","NSDHL",9606,0.447,0,0,0,0,0,0.239,0.304
"9606.ENSP00000340736","9606.ENSP00000354610","GYG1","AMY2B",9606,0.815,0,0,0,0.047,0,0,0.814
"9606.ENSP00000341289","9606.ENSP00000349430","TUBB4B","H2BC12",9606,0.404,0,0,0,0.325,0,0,0.154
"9606.ENSP00000341289","9606.ENSP00000359070","TUBB4B","STMN3",9606,0.412,0,0,0,0.07,0.258,0,0.217
"9606.ENSP00000341289","9606.ENSP00000356319","TUBB4B","KIF14",9606,0.413,0,0,0,0.075,0.349,0,0.105
"9606.ENSP00000341289","9606.ENSP00000364802","TUBB4B","HSPA1A",9606,0.435,0,0,0,0.276,0.064,0,0.234
"9606.ENSP00000341289","9606.ENSP00000410452","TUBB4B","STMN1",9606,0.451,0,0,0,0.093,0.258,0,0.251
"9606.ENSP00000341289","9606.ENSP00000415034","TUBB4B","NBEAL2",9606,0.462,0,0,0,0,0.456,0,0.053
"9606.ENSP00000341289","9606.ENSP00000380763","TUBB4B","MORC2",9606,0.464,0,0,0,0.055,0.457,0,0
"9606.ENSP00000341289","9606.ENSP00000393541","TUBB4B","IFT27",9606,0.489,0,0,0,0.075,0.456,0,0.067
"9606.ENSP00000341289","9606.ENSP00000469880","TUBB4B","VRK3",9606,0.49,0,0,0,0.071,0.458,0,0.07
"9606.ENSP00000341289","9606.ENSP00000351646","TUBB4B","STIP1",9606,0.516,0,0,0,0.242,0.325,0,0.131
"9606.ENSP00000341289","9606.ENSP00000469240","TUBB4B","CHMP2A",9606,0.526,0,0,0,0.078,0,0.5,0.055
"9606.ENSP00000341289","9606.ENSP00000495530","TUBB4B","ENO1",9606,0.562,0,0,0,0.278,0.131,0,0.358
"9606.ENSP00000341289","9606.ENSP00000438399","TUBB4B","IST1",9606,0.573,0,0,0,0.09,0,0.5,0.137
"9606.ENSP00000341289","9606.ENSP00000427421","TUBB4B","CDC42SE2",9606,0.585,0,0,0,0.063,0.57,0,0.053
"9606.ENSP00000341289","9606.ENSP00000498855","TUBB4B","CAPS",9606,0.727,0,0,0,0.063,0.707,0,0.088
"9606.ENSP00000341289","9606.ENSP00000380256","TUBB4B","CCNF",9606,0.762,0,0,0,0.085,0.704,0,0.194
"9606.ENSP00000341289","9606.ENSP00000380070","TUBB4B","GAPDH",9606,0.781,0,0,0,0.639,0.051,0,0.414
"9606.ENSP00000341289","9606.ENSP00000458162","TUBB4B","ACTG1",9606,0.788,0,0,0,0.638,0.126,0,0.384
"9606.ENSP00000341289","9606.ENSP00000358921","TUBB4B","ACTR1A",9606,0.805,0,0,0,0.131,0.281,0.65,0.214
"9606.ENSP00000341289","9606.ENSP00000421405","TUBB4B","ROPN1L",9606,0.829,0,0,0,0.067,0.8,0,0.162
"9606.ENSP00000341289","9606.ENSP00000494750","TUBB4B","ACTB",9606,0.918,0,0,0,0.6,0.522,0.4,0.374
"9606.ENSP00000341289","9606.ENSP00000437125","TUBB4B","HSPA8",9606,0.977,0,0,0,0.711,0.877,0,0.41
"9606.ENSP00000341289","9606.ENSP00000377958","TUBB4B","CCT4",9606,0.985,0,0,0,0.619,0.914,0.5,0.222
"9606.ENSP00000341289","9606.ENSP00000443475","TUBB4B","TUBA1C",9606,0.998,0,0,0.068,0.913,0.907,0.65,0.498
"9606.ENSP00000341843","9606.ENSP00000376436","ETV7","ETS1",9606,0.646,0,0,0,0,0.584,0,0.185
"9606.ENSP00000341843","9606.ENSP00000348099","ETV7","PDLIM7",9606,0.711,0,0,0,0.044,0.711,0,0
"9606.ENSP00000342222","9606.ENSP00000494750","TRPV2","ACTB",9606,0.448,0,0,0,0,0,0,0.448
"9606.ENSP00000342278","9606.ENSP00000380070","OAS2","GAPDH",9606,0.4,0,0,0,0.066,0,0,0.384
"9606.ENSP00000342278","9606.ENSP00000364016","OAS2","PSMB8",9606,0.447,0,0,0,0.227,0,0,0.315
"9606.ENSP00000342278","9606.ENSP00000363993","OAS2","PSMB9",9606,0.488,0,0,0,0.287,0,0,0.312
"9606.ENSP00000342278","9606.ENSP00000474412","OAS2","CCL5",9606,0.492,0,0,0,0.129,0,0,0.441
"9606.ENSP00000342278","9606.ENSP00000496959","OAS2","ITGAM",9606,0.542,0,0,0,0.167,0,0,0.473
"9606.ENSP00000342278","9606.ENSP00000398698","OAS2","TNF",9606,0.584,0,0,0.229,0.145,0,0,0.42
"9606.ENSP00000342278","9606.ENSP00000471896","OAS2","IRF3",9606,0.642,0,0,0,0.075,0,0,0.629
"9606.ENSP00000342278","9606.ENSP00000359497","OAS2","GBP2",9606,0.768,0,0,0,0.198,0,0.5,0.469
"9606.ENSP00000342278","9606.ENSP00000395590","OAS2","IFI35",9606,0.926,0,0,0,0.827,0,0,0.591
"9606.ENSP00000342278","9606.ENSP00000354394","OAS2","STAT1",9606,0.959,0,0,0,0.755,0,0.5,0.698
"9606.ENSP00000342278","9606.ENSP00000388001","OAS2","OAS1",9606,0.998,0,0,0.071,0.978,0,0.9,0.282
"9606.ENSP00000342981","9606.ENSP00000498610","ADGRG5","SLC29A1",9606,0.404,0,0,0,0.061,0.374,0,0.069
"9606.ENSP00000343885","9606.ENSP00000360850","PPA2","MRPS2",9606,0.412,0,0,0,0.381,0.068,0,0.064
"9606.ENSP00000343885","9606.ENSP00000351646","PPA2","STIP1",9606,0.438,0,0,0,0.12,0.244,0,0.224
"9606.ENSP00000343885","9606.ENSP00000495530","PPA2","ENO1",9606,0.468,0.07,0,0,0.235,0.11,0,0.26
"9606.ENSP00000343885","9606.ENSP00000371253","PPA2","GART",9606,0.533,0.278,0,0,0.096,0.26,0,0.149
"9606.ENSP00000343885","9606.ENSP00000362592","PPA2","RBBP4",9606,0.564,0,0,0,0,0.513,0,0.142
"9606.ENSP00000343885","9606.ENSP00000429690","PPA2","ATP6V0E1",9606,0.67,0,0,0,0.075,0,0.65,0.063
"9606.ENSP00000343885","9606.ENSP00000363162","PPA2","ATP6V1G1",9606,0.713,0,0,0,0.075,0,0.65,0.186
"9606.ENSP00000343966","9606.ENSP00000479904","PSPC1","ZMYM2",9606,0.453,0,0,0,0.108,0,0,0.412
"9606.ENSP00000343966","9606.ENSP00000356319","PSPC1","KIF14",9606,0.457,0,0,0,0,0.457,0,0.042
"9606.ENSP00000343966","9606.ENSP00000362824","PSPC1","OGT",9606,0.573,0,0,0,0.081,0.492,0,0.16
"9606.ENSP00000344635","9606.ENSP00000393762","CCNG1","SESN1",9606,0.412,0,0,0,0.091,0,0,0.38
"9606.ENSP00000344635","9606.ENSP00000358921","CCNG1","ACTR1A",9606,0.424,0,0,0,0.272,0.088,0,0.203
"9606.ENSP00000344635","9606.ENSP00000380070","CCNG1","GAPDH",9606,0.461,0,0,0,0.241,0,0,0.32
"9606.ENSP00000344635","9606.ENSP00000494750","CCNG1","ACTB",9606,0.467,0,0,0,0.274,0.088,0,0.26
"9606.ENSP00000344635","9606.ENSP00000429089","CCNG1","CCNE2",9606,0.613,0,0,0,0.424,0,0,0.357
"9606.ENSP00000344635","9606.ENSP00000383611","CCNG1","CCNL2",9606,0.744,0,0,0,0,0,0,0.744
"9606.ENSP00000345808","9606.ENSP00000494750","ARHGAP12","ACTB",9606,0.616,0,0,0,0,0.605,0,0.07
"9606.ENSP00000346206","9606.ENSP00000364080","TAP1","HLA-DQB1",9606,0.488,0,0,0,0.153,0,0,0.421
"9606.ENSP00000346206","9606.ENSP00000463393","TAP1","SEC22B",9606,0.552,0,0,0,0.084,0.046,0.5,0.097
"9606.ENSP00000346206","9606.ENSP00000359497","TAP1","GBP2",9606,0.586,0,0,0,0.55,0.043,0,0.118
"9606.ENSP00000346206","9606.ENSP00000351314","TAP1","PSMB10",9606,0.642,0,0,0,0.525,0,0,0.278
"9606.ENSP00000346206","9606.ENSP00000395590","TAP1","IFI35",9606,0.689,0,0,0,0.662,0.045,0,0.115
"9606.ENSP00000346206","9606.ENSP00000354394","TAP1","STAT1",9606,0.922,0,0,0,0.831,0.45,0,0.23
"9606.ENSP00000346206","9606.ENSP00000364016","TAP1","PSMB8",9606,0.98,0,0.178,0,0.799,0.374,0,0.833
"9606.ENSP00000346206","9606.ENSP00000363993","TAP1","PSMB9",9606,0.986,0,0,0,0.877,0.374,0,0.843
"9606.ENSP00000346483","9606.ENSP00000361540","DDRGK1","CDC20",9606,0.457,0,0,0,0,0.457,0,0
"9606.ENSP00000346483","9606.ENSP00000433760","DDRGK1","BANF1",9606,0.476,0,0,0,0.075,0.457,0,0
"9606.ENSP00000346483","9606.ENSP00000377245","DDRGK1","KEAP1",9606,0.486,0,0,0,0.075,0.457,0,0.06
"9606.ENSP00000346483","9606.ENSP00000457411","DDRGK1","USP10",9606,0.591,0,0,0,0.066,0.581,0,0
"9606.ENSP00000346483","9606.ENSP00000496250","DDRGK1","RPL11",9606,0.807,0,0,0,0.075,0.8,0,0
"9606.ENSP00000346483","9606.ENSP00000438886","DDRGK1","CDK5RAP3",9606,0.999,0,0,0,0.158,0.999,0,0.827
"9606.ENSP00000346577","9606.ENSP00000398882","AK5","DOHH",9606,0.417,0.042,0,0,0.07,0,0.373,0.08
"9606.ENSP00000346577","9606.ENSP00000496250","AK5","RPL11",9606,0.604,0.091,0,0,0.542,0,0,0.127
"9606.ENSP00000346577","9606.ENSP00000353770","AK5","RRM2",9606,0.814,0,0,0,0,0.065,0.802,0.08
"9606.ENSP00000347193","9606.ENSP00000377245","KLHL28","KEAP1",9606,0.837,0,0,0.101,0.075,0.819,0,0.045
"9606.ENSP00000347198","9606.ENSP00000413625","SRGAP1","FNBP1",9606,0.432,0,0,0,0.059,0,0,0.422
"9606.ENSP00000347198","9606.ENSP00000483946","SRGAP1","PHF19",9606,0.483,0,0,0,0.063,0.457,0,0.066
"9606.ENSP00000347495","9606.ENSP00000379038","WARS1","TYMP",9606,0.413,0.119,0,0,0.27,0,0,0.161
"9606.ENSP00000347495","9606.ENSP00000354394","WARS1","STAT1",9606,0.635,0,0,0,0.494,0,0,0.309
"9606.ENSP00000347495","9606.ENSP00000371253","WARS1","GART",9606,0.657,0.278,0,0,0.201,0.366,0,0.174
"9606.ENSP00000347495","9606.ENSP00000358939","WARS1","SARS1",9606,0.902,0.095,0,0,0.457,0.196,0,0.782
"9606.ENSP00000348099","9606.ENSP00000380256","PDLIM7","CCNF",9606,0.457,0,0,0,0,0.457,0,0.042
"9606.ENSP00000348099","9606.ENSP00000458162","PDLIM7","ACTG1",9606,0.503,0,0,0,0.077,0.172,0.36,0.104
"9606.ENSP00000348099","9606.ENSP00000363993","PDLIM7","PSMB9",9606,0.841,0,0,0,0.06,0,0,0.838
"9606.ENSP00000348316","9606.ENSP00000438483","JPT1","KPNA2",9606,0.574,0,0,0,0.29,0.366,0,0.13
"9606.ENSP00000348316","9606.ENSP00000410452","JPT1","STMN1",9606,0.778,0,0,0,0.316,0.634,0,0.186
"9606.ENSP00000348429","9606.ENSP00000359297","ACSL5","NSDHL",9606,0.406,0,0,0,0.095,0,0,0.371
"9606.ENSP00000348429","9606.ENSP00000360316","ACSL5","DHCR24",9606,0.494,0,0,0,0.06,0.046,0,0.482
"9606.ENSP00000348838","9606.ENSP00000387007","UBE2C","NCAPG2",9606,0.436,0,0,0,0.363,0,0,0.152
"9606.ENSP00000348838","9606.ENSP00000362334","UBE2C","PSMB2",9606,0.458,0,0,0,0.094,0.062,0.4,0.063
"9606.ENSP00000348838","9606.ENSP00000355958","UBE2C","DTL",9606,0.47,0,0,0,0.366,0,0,0.199
"9606.ENSP00000348838","9606.ENSP00000480987","UBE2C","MCM3",9606,0.474,0,0,0,0.341,0,0,0.235
"9606.ENSP00000348838","9606.ENSP00000410452","UBE2C","STMN1",9606,0.497,0,0,0,0.259,0,0,0.35
"9606.ENSP00000348838","9606.ENSP00000478877","UBE2C","ADRM1",9606,0.502,0,0,0,0.094,0,0.4,0.158
"9606.ENSP00000348838","9606.ENSP00000380256","UBE2C","CCNF",9606,0.538,0,0,0,0.321,0.065,0,0.331
"9606.ENSP00000348838","9606.ENSP00000418268","UBE2C","MCM10",9606,0.547,0,0,0,0.344,0,0,0.339
"9606.ENSP00000348838","9606.ENSP00000355506","UBE2C","EXO1",9606,0.578,0,0,0,0.449,0,0,0.267
"9606.ENSP00000348838","9606.ENSP00000479617","UBE2C","UHRF1",9606,0.613,0,0,0,0.382,0,0,0.4
"9606.ENSP00000348838","9606.ENSP00000356319","UBE2C","KIF14",9606,0.646,0,0,0,0.505,0,0,0.315
"9606.ENSP00000348838","9606.ENSP00000355325","UBE2C","PSMB5",9606,0.696,0,0,0,0.094,0.467,0.4,0.076
"9606.ENSP00000348838","9606.ENSP00000383611","UBE2C","CCNL2",9606,0.709,0,0,0,0,0,0,0.709
"9606.ENSP00000348838","9606.ENSP00000465075","UBE2C","SPC24",9606,0.715,0,0,0,0.66,0,0,0.198
"9606.ENSP00000348838","9606.ENSP00000357308","UBE2C","CENPW",9606,0.724,0,0,0,0.56,0,0,0.4
"9606.ENSP00000348838","9606.ENSP00000415430","UBE2C","GTSE1",9606,0.764,0,0,0,0.654,0,0,0.348
"9606.ENSP00000348838","9606.ENSP00000438483","UBE2C","KPNA2",9606,0.773,0,0,0,0.685,0,0,0.309
"9606.ENSP00000348838","9606.ENSP00000405726","UBE2C","CDC45",9606,0.782,0,0,0,0.661,0,0,0.384
"9606.ENSP00000348838","9606.ENSP00000364976","UBE2C","CKS2",9606,0.796,0,0,0,0.604,0,0,0.506
"9606.ENSP00000348838","9606.ENSP00000468425","UBE2C","TK1",9606,0.818,0,0,0,0.696,0,0,0.427
"9606.ENSP00000348838","9606.ENSP00000363055","UBE2C","ZWINT",9606,0.846,0,0,0,0.722,0,0,0.469
"9606.ENSP00000348838","9606.ENSP00000418960","UBE2C","BRCA1",9606,0.848,0,0,0,0.259,0,0.72,0.33
"9606.ENSP00000348838","9606.ENSP00000493712","UBE2C","RAD51",9606,0.863,0,0,0,0.437,0,0.72,0.204
"9606.ENSP00000348838","9606.ENSP00000353770","UBE2C","RRM2",9606,0.869,0,0,0,0.672,0.065,0,0.609
"9606.ENSP00000348838","9606.ENSP00000363524","UBE2C","KIF4A",9606,0.874,0,0,0,0.756,0.062,0,0.495
"9606.ENSP00000348838","9606.ENSP00000414109","UBE2C","HJURP",9606,0.88,0,0,0,0.797,0,0,0.435
"9606.ENSP00000348838","9606.ENSP00000357643","UBE2C","MKI67",9606,0.919,0,0,0,0.82,0,0,0.57
"9606.ENSP00000348838","9606.ENSP00000355966","UBE2C","NEK2",9606,0.936,0,0,0,0.742,0.076,0.5,0.531
"9606.ENSP00000348838","9606.ENSP00000356379","UBE2C","ASPM",9606,0.943,0,0,0,0.893,0,0,0.492
"9606.ENSP00000348838","9606.ENSP00000362146","UBE2C","CDCA8",9606,0.952,0,0,0,0.911,0.046,0,0.49
"9606.ENSP00000348838","9606.ENSP00000499238","UBE2C","NUSAP1",9606,0.954,0,0,0,0.887,0,0,0.616
"9606.ENSP00000348838","9606.ENSP00000361298","UBE2C","KIF2C",9606,0.961,0,0,0,0.91,0,0,0.594
"9606.ENSP00000348838","9606.ENSP00000377536","UBE2C","PTTG1",9606,0.973,0,0,0,0.858,0,0.4,0.716
"9606.ENSP00000348838","9606.ENSP00000411532","UBE2C","TOP2A",9606,0.973,0,0,0,0.913,0.045,0,0.706
"9606.ENSP00000348838","9606.ENSP00000442068","UBE2C","CDCA3",9606,0.979,0,0,0,0.965,0,0,0.447
"9606.ENSP00000348838","9606.ENSP00000378699","UBE2C","CDK1",9606,0.991,0,0,0,0.958,0.046,0.5,0.634
"9606.ENSP00000348838","9606.ENSP00000481380","UBE2C","CCNA2",9606,0.995,0,0,0,0.945,0.065,0.5,0.838
"9606.ENSP00000348838","9606.ENSP00000361540","UBE2C","CDC20",9606,0.999,0,0,0,0.909,0.993,0.9,0.78
"9606.ENSP00000349168","9606.ENSP00000437125","HNRNPH1","HSPA8",9606,0.427,0,0,0,0.301,0,0,0.214
"9606.ENSP00000349168","9606.ENSP00000361433","HNRNPH1","EXOSC2",9606,0.433,0,0,0,0.433,0,0,0
"9606.ENSP00000349168","9606.ENSP00000443475","HNRNPH1","TUBA1C",9606,0.451,0,0,0,0.421,0,0,0.092
"9606.ENSP00000349168","9606.ENSP00000380070","HNRNPH1","GAPDH",9606,0.455,0,0,0,0.192,0.109,0,0.304
"9606.ENSP00000349168","9606.ENSP00000350949","HNRNPH1","GMPPA",9606,0.457,0,0,0,0,0.457,0,0
"9606.ENSP00000349168","9606.ENSP00000358904","HNRNPH1","ZNF512B",9606,0.457,0,0,0,0,0.457,0,0
"9606.ENSP00000349168","9606.ENSP00000376184","HNRNPH1","BDH1",9606,0.457,0,0,0,0,0.457,0,0
"9606.ENSP00000349168","9606.ENSP00000378320","HNRNPH1","TTC7A",9606,0.457,0,0,0,0,0.457,0,0
"9606.ENSP00000349168","9606.ENSP00000380241","HNRNPH1","NUDT1",9606,0.457,0,0,0,0,0.457,0,0
"9606.ENSP00000349168","9606.ENSP00000383594","HNRNPH1","TMEM242",9606,0.457,0,0,0,0,0.457,0,0
"9606.ENSP00000349168","9606.ENSP00000406286","HNRNPH1","ZBTB7B",9606,0.459,0,0,0,0,0.459,0,0
"9606.ENSP00000349168","9606.ENSP00000410769","HNRNPH1","CNBP",9606,0.462,0,0,0,0.237,0,0,0.324
"9606.ENSP00000349168","9606.ENSP00000366330","HNRNPH1","KLF9",9606,0.464,0,0,0,0.055,0.457,0,0
"9606.ENSP00000349168","9606.ENSP00000367013","HNRNPH1","TNFRSF25",9606,0.47,0,0,0,0.065,0.457,0,0
"9606.ENSP00000349168","9606.ENSP00000362409","HNRNPH1","NIBAN2",9606,0.472,0,0,0,0.068,0.457,0,0
"9606.ENSP00000349168","9606.ENSP00000356853","HNRNPH1","UCK2",9606,0.473,0,0,0,0.071,0.457,0,0
"9606.ENSP00000349168","9606.ENSP00000350136","HNRNPH1","RIMKLB",9606,0.475,0,0,0,0.073,0.457,0,0
"9606.ENSP00000349168","9606.ENSP00000379602","HNRNPH1","VAMP1",9606,0.475,0,0,0,0.042,0.457,0,0.072
"9606.ENSP00000349168","9606.ENSP00000496842","HNRNPH1","PNISR",9606,0.475,0,0,0,0.316,0,0,0.265
"9606.ENSP00000349168","9606.ENSP00000358812","HNRNPH1","PDCD11",9606,0.476,0,0,0,0.075,0.457,0,0
"9606.ENSP00000349168","9606.ENSP00000450873","HNRNPH1","ACYP1",9606,0.476,0,0,0,0.075,0.457,0,0
"9606.ENSP00000349168","9606.ENSP00000416289","HNRNPH1","WDR27",9606,0.479,0,0,0,0,0.457,0,0.081
"9606.ENSP00000349168","9606.ENSP00000364935","HNRNPH1","CLIC1",9606,0.481,0,0,0,0.075,0.457,0,0.05
"9606.ENSP00000349168","9606.ENSP00000471896","HNRNPH1","IRF3",9606,0.481,0,0,0,0.075,0.457,0,0.051
"9606.ENSP00000349168","9606.ENSP00000355966","HNRNPH1","NEK2",9606,0.482,0,0,0,0.068,0.457,0,0.059
"9606.ENSP00000349168","9606.ENSP00000479617","HNRNPH1","UHRF1",9606,0.482,0,0,0,0.086,0.457,0,0
"9606.ENSP00000349168","9606.ENSP00000396308","HNRNPH1","DHFR",9606,0.486,0,0,0,0.075,0.457,0,0.06
"9606.ENSP00000349168","9606.ENSP00000360183","HNRNPH1","STX16",9606,0.49,0,0,0,0.1,0.457,0,0
"9606.ENSP00000349168","9606.ENSP00000383059","HNRNPH1","ARGLU1",9606,0.491,0,0,0,0.331,0.131,0,0.195
"9606.ENSP00000349168","9606.ENSP00000356790","HNRNPH1","ATP1B1",9606,0.492,0,0,0,0.08,0.457,0,0.065
"9606.ENSP00000349168","9606.ENSP00000497402","HNRNPH1","RCC1",9606,0.502,0,0,0,0.095,0.457,0,0.068
"9606.ENSP00000349168","9606.ENSP00000387007","HNRNPH1","NCAPG2",9606,0.503,0,0,0,0.124,0.457,0,0
"9606.ENSP00000349168","9606.ENSP00000438483","HNRNPH1","KPNA2",9606,0.505,0,0,0,0.08,0.449,0,0.103
"9606.ENSP00000349168","9606.ENSP00000379038","HNRNPH1","TYMP",9606,0.51,0,0,0,0,0.457,0,0.136
"9606.ENSP00000349168","9606.ENSP00000387996","HNRNPH1","CSTF2",9606,0.52,0,0,0,0.136,0,0,0.468
"9606.ENSP00000349168","9606.ENSP00000377958","HNRNPH1","CCT4",9606,0.53,0,0,0,0.248,0.234,0,0.25
"9606.ENSP00000349168","9606.ENSP00000410409","HNRNPH1","TAF1D",9606,0.544,0,0,0,0.129,0.457,0,0.115
"9606.ENSP00000349168","9606.ENSP00000435210","HNRNPH1","BCLAF1",9606,0.55,0,0,0,0.512,0,0,0.117
"9606.ENSP00000349168","9606.ENSP00000482753","HNRNPH1","C9orf72",9606,0.55,0,0,0,0,0.083,0,0.53
"9606.ENSP00000349168","9606.ENSP00000404854","HNRNPH1","NDRG1",9606,0.554,0,0,0,0.065,0.456,0,0.195
"9606.ENSP00000349168","9606.ENSP00000353770","HNRNPH1","RRM2",9606,0.578,0,0,0,0.088,0.457,0,0.217
"9606.ENSP00000349168","9606.ENSP00000494750","HNRNPH1","ACTB",9606,0.586,0,0,0,0.2,0.369,0,0.247
"9606.ENSP00000349168","9606.ENSP00000416269","HNRNPH1","DDX39B",9606,0.767,0,0,0,0.706,0,0,0.243
"9606.ENSP00000349168","9606.ENSP00000380256","HNRNPH1","CCNF",9606,0.803,0,0,0,0,0.802,0,0.047
"9606.ENSP00000349168","9606.ENSP00000376276","HNRNPH1","SRSF2",9606,0.826,0,0,0,0.302,0.051,0.4,0.614
"9606.ENSP00000349168","9606.ENSP00000358089","HNRNPH1","TIAL1",9606,0.828,0,0,0,0.53,0.075,0.5,0.306
"9606.ENSP00000349168","9606.ENSP00000497641","HNRNPH1","EIF4A3",9606,0.908,0,0,0,0.342,0.837,0,0.219
"9606.ENSP00000349168","9606.ENSP00000425031","HNRNPH1","HNRNPAB",9606,0.955,0,0,0,0.294,0.871,0,0.546
"9606.ENSP00000349168","9606.ENSP00000452123","HNRNPH1","SRSF5",9606,0.963,0,0,0,0.261,0.457,0.4,0.866
"9606.ENSP00000349168","9606.ENSP00000483254","HNRNPH1","HNRNPDL",9606,0.984,0,0,0,0.35,0.935,0,0.66
"9606.ENSP00000349168","9606.ENSP00000363055","HNRNPH1","ZWINT",9606,0.99,0,0,0,0.073,0.99,0,0.055
"9606.ENSP00000349359","9606.ENSP00000363117","SASH3","FGR",9606,0.418,0,0,0,0.339,0,0,0.156
"9606.ENSP00000349359","9606.ENSP00000494550","SASH3","MYO1F",9606,0.532,0,0,0,0.409,0,0,0.242
"9606.ENSP00000349430","9606.ENSP00000410409","H2BC12","TAF1D",9606,0.405,0,0,0,0,0,0.4,0.049
"9606.ENSP00000349430","9606.ENSP00000495530","H2BC12","ENO1",9606,0.415,0,0,0,0.144,0.108,0,0.296
"9606.ENSP00000349430","9606.ENSP00000356319","H2BC12","KIF14",9606,0.48,0,0,0,0.075,0.457,0,0.048
"9606.ENSP00000349430","9606.ENSP00000380070","H2BC12","GAPDH",9606,0.492,0,0,0,0.192,0,0,0.398
"9606.ENSP00000349430","9606.ENSP00000378935","H2BC12","PPHLN1",9606,0.5,0,0,0,0,0,0.5,0
"9606.ENSP00000349430","9606.ENSP00000380763","H2BC12","MORC2",9606,0.504,0,0,0,0.049,0,0.5,0
"9606.ENSP00000349430","9606.ENSP00000438483","H2BC12","KPNA2",9606,0.52,0,0,0,0.08,0,0.5,0
"9606.ENSP00000349430","9606.ENSP00000482599","H2BC12","METTL23",9606,0.523,0,0,0,0.063,0.062,0.5,0.044
"9606.ENSP00000349430","9606.ENSP00000387007","H2BC12","NCAPG2",9606,0.54,0,0,0,0.075,0,0.5,0.086
"9606.ENSP00000349430","9606.ENSP00000483946","H2BC12","PHF19",9606,0.551,0,0,0,0.075,0.071,0.5,0.079
"9606.ENSP00000349430","9606.ENSP00000362592","H2BC12","RBBP4",9606,0.554,0,0,0,0,0.095,0.5,0.094
"9606.ENSP00000349430","9606.ENSP00000354394","H2BC12","STAT1",9606,0.562,0,0,0,0.075,0,0.5,0.13
"9606.ENSP00000349430","9606.ENSP00000479617","H2BC12","UHRF1",9606,0.593,0,0,0,0.075,0.065,0.5,0.171
"9606.ENSP00000349430","9606.ENSP00000360623","H2BC12","ORC1",9606,0.604,0,0,0,0.091,0.178,0.5,0.066
"9606.ENSP00000349430","9606.ENSP00000378699","H2BC12","CDK1",9606,0.62,0,0,0,0.082,0,0.4,0.367
"9606.ENSP00000349430","9606.ENSP00000418960","H2BC12","BRCA1",9606,0.622,0,0,0,0.062,0,0.5,0.26
"9606.ENSP00000349430","9606.ENSP00000481380","H2BC12","CCNA2",9606,0.625,0,0,0,0.075,0,0.5,0.255
"9606.ENSP00000349430","9606.ENSP00000411532","H2BC12","TOP2A",9606,0.657,0,0,0,0.075,0.59,0,0.17
"9606.ENSP00000349430","9606.ENSP00000493712","H2BC12","RAD51",9606,0.824,0,0,0,0.068,0.56,0.5,0.246
"9606.ENSP00000349430","9606.ENSP00000458162","H2BC12","ACTG1",9606,0.882,0,0,0,0.332,0.8,0,0.19
"9606.ENSP00000349430","9606.ENSP00000397552","H2BC12","ACTL6A",9606,0.899,0,0,0,0.075,0.807,0.4,0.169
"9606.ENSP00000349430","9606.ENSP00000362146","H2BC12","CDCA8",9606,0.92,0,0,0,0.075,0.9,0,0.205
"9606.ENSP00000349430","9606.ENSP00000367034","H2BC12","H4C3",9606,0.928,0,0.065,0,0.114,0.9,0,0.235
"9606.ENSP00000349430","9606.ENSP00000494750","H2BC12","ACTB",9606,0.94,0,0,0,0.331,0.8,0.4,0.341
"9606.ENSP00000349430","9606.ENSP00000366679","H2BC12","H2AC12",9606,0.99,0,0,0,0.7,0.938,0.4,0.218
"9606.ENSP00000349430","9606.ENSP00000483903","H2BC12","H2BC15",9606,0.998,0,0,0.048,0.948,0.949,0.4,0
"9606.ENSP00000350050","9606.ENSP00000496959","TMEM229B","ITGAM",9606,0.571,0,0,0,0.075,0.556,0,0
"9606.ENSP00000350136","9606.ENSP00000360268","RIMKLB","ALDH18A1",9606,0.442,0.118,0,0,0,0,0.164,0.305
"9606.ENSP00000350698","9606.ENSP00000371253","DDX47","GART",9606,0.441,0,0,0,0.054,0.155,0,0.358
"9606.ENSP00000350698","9606.ENSP00000380256","DDX47","CCNF",9606,0.471,0,0,0,0,0.457,0,0.067
"9606.ENSP00000350698","9606.ENSP00000356319","DDX47","KIF14",9606,0.481,0,0,0,0.085,0.457,0,0
"9606.ENSP00000350698","9606.ENSP00000361433","DDX47","EXOSC2",9606,0.532,0,0,0,0.241,0,0.4,0.055
"9606.ENSP00000350698","9606.ENSP00000497641","DDX47","EIF4A3",9606,0.595,0,0,0.127,0.525,0,0,0.102
"9606.ENSP00000350698","9606.ENSP00000470560","DDX47","EMG1",9606,0.88,0,0,0,0.394,0.078,0.8,0.055
"9606.ENSP00000350698","9606.ENSP00000358812","DDX47","PDCD11",9606,0.966,0,0,0,0.693,0.102,0.8,0.461
"9606.ENSP00000350815","9606.ENSP00000380070","NR3C2","GAPDH",9606,0.402,0,0,0,0,0,0,0.402
"9606.ENSP00000350815","9606.ENSP00000358921","NR3C2","ACTR1A",9606,0.403,0,0,0,0,0,0.4,0.047
"9606.ENSP00000350815","9606.ENSP00000356790","NR3C2","ATP1B1",9606,0.406,0,0,0,0.075,0.28,0,0.181
"9606.ENSP00000350815","9606.ENSP00000398698","NR3C2","TNF",9606,0.409,0,0,0,0.059,0,0,0.398
"9606.ENSP00000350815","9606.ENSP00000351646","NR3C2","STIP1",9606,0.507,0,0,0,0,0,0.5,0.055
"9606.ENSP00000350815","9606.ENSP00000437125","NR3C2","HSPA8",9606,0.515,0,0,0,0,0,0.5,0.071
"9606.ENSP00000350949","9606.ENSP00000359297","GMPPA","NSDHL",9606,0.42,0.057,0,0,0.201,0,0.25,0.096
"9606.ENSP00000350949","9606.ENSP00000380256","GMPPA","CCNF",9606,0.813,0,0,0,0.065,0.802,0,0.075
"9606.ENSP00000351059","9606.ENSP00000357012","CX3CR1","CD244",9606,0.417,0,0,0,0.129,0,0,0.359
"9606.ENSP00000351059","9606.ENSP00000455215","CX3CR1","ADGRG1",9606,0.418,0,0,0,0.087,0,0,0.389
"9606.ENSP00000351059","9606.ENSP00000494750","CX3CR1","ACTB",9606,0.418,0,0,0,0,0,0,0.418
"9606.ENSP00000351059","9606.ENSP00000498852","CX3CR1","SPN",9606,0.43,0,0,0,0.089,0,0,0.4
"9606.ENSP00000351059","9606.ENSP00000354394","CX3CR1","STAT1",9606,0.44,0,0,0,0.06,0,0,0.429
"9606.ENSP00000351059","9606.ENSP00000388792","CX3CR1","ZNF683",9606,0.446,0,0,0,0.079,0.046,0,0.421
"9606.ENSP00000351059","9606.ENSP00000380070","CX3CR1","GAPDH",9606,0.459,0,0,0,0,0,0,0.459
"9606.ENSP00000351059","9606.ENSP00000433847","CX3CR1","B3GAT1",9606,0.48,0,0,0,0.094,0,0,0.45
"9606.ENSP00000351059","9606.ENSP00000388620","CX3CR1","EOMES",9606,0.523,0,0,0,0.095,0,0,0.495
"9606.ENSP00000351059","9606.ENSP00000436423","CX3CR1","GNLY",9606,0.525,0,0,0,0.191,0,0,0.438
"9606.ENSP00000351059","9606.ENSP00000420384","CX3CR1","CST7",9606,0.561,0,0,0,0.123,0,0,0.52
"9606.ENSP00000351059","9606.ENSP00000365380","CX3CR1","FOXP3",9606,0.589,0,0,0,0,0,0,0.589
"9606.ENSP00000351059","9606.ENSP00000398568","CX3CR1","PRF1",9606,0.617,0,0,0,0.225,0,0,0.527
"9606.ENSP00000351059","9606.ENSP00000398698","CX3CR1","TNF",9606,0.705,0,0,0,0,0,0,0.705
"9606.ENSP00000351059","9606.ENSP00000356946","CX3CR1","FCGR3A",9606,0.755,0,0,0,0.159,0,0,0.721
"9606.ENSP00000351059","9606.ENSP00000356793","CX3CR1","XCL2",9606,0.78,0,0,0,0.102,0,0.65,0.357
"9606.ENSP00000351059","9606.ENSP00000496959","CX3CR1","ITGAM",9606,0.81,0,0,0,0.198,0,0,0.773
"9606.ENSP00000351059","9606.ENSP00000483330","CX3CR1","CCL4L2",9606,0.826,0,0,0,0.074,0,0.65,0.509
"9606.ENSP00000351059","9606.ENSP00000482259","CX3CR1","CCL4",9606,0.851,0,0,0,0.076,0,0.65,0.579
"9606.ENSP00000351059","9606.ENSP00000474412","CX3CR1","CCL5",9606,0.887,0,0,0,0.119,0,0.65,0.664
"9606.ENSP00000351314","9606.ENSP00000353099","PSMB10","HLA-DRB1",9606,0.403,0,0,0,0.082,0.061,0,0.364
"9606.ENSP00000351314","9606.ENSP00000494750","PSMB10","ACTB",9606,0.415,0,0,0,0.091,0.22,0,0.242
"9606.ENSP00000351314","9606.ENSP00000359497","PSMB10","GBP2",9606,0.443,0,0,0,0.251,0.073,0,0.263
"9606.ENSP00000351314","9606.ENSP00000449716","PSMB10","CMKLR1",9606,0.482,0,0,0,0.064,0,0,0.47
"9606.ENSP00000351314","9606.ENSP00000398698","PSMB10","TNF",9606,0.521,0,0,0,0.08,0,0,0.501
"9606.ENSP00000351314","9606.ENSP00000354394","PSMB10","STAT1",9606,0.586,0,0,0,0.29,0,0,0.441
"9606.ENSP00000351314","9606.ENSP00000395590","PSMB10","IFI35",9606,0.649,0,0,0,0.493,0,0,0.337
"9606.ENSP00000351314","9606.ENSP00000478877","PSMB10","ADRM1",9606,0.758,0,0,0,0.136,0.506,0,0.48
"9606.ENSP00000351314","9606.ENSP00000392353","PSMB10","PSMG4",9606,0.778,0,0,0,0.084,0,0.5,0.555
"9606.ENSP00000351314","9606.ENSP00000355325","PSMB10","PSMB5",9606,0.998,0,0,0,0.321,0.973,0.9,0.389
"9606.ENSP00000351314","9606.ENSP00000362334","PSMB10","PSMB2",9606,0.998,0,0,0,0.467,0.807,0.9,0.861
"9606.ENSP00000351314","9606.ENSP00000363993","PSMB10","PSMB9",9606,0.999,0,0,0,0.886,0.902,0.9,0.88
"9606.ENSP00000351314","9606.ENSP00000364016","PSMB10","PSMB8",9606,0.999,0,0,0,0.769,0.999,0.9,0.876
"9606.ENSP00000351646","9606.ENSP00000392270","STIP1","STRAP",9606,0.473,0,0,0,0.197,0.067,0,0.354
"9606.ENSP00000351646","9606.ENSP00000380256","STIP1","CCNF",9606,0.485,0,0,0,0.076,0.457,0,0.056
"9606.ENSP00000351646","9606.ENSP00000483254","STIP1","HNRNPDL",9606,0.522,0,0,0,0.089,0.475,0,0.082
"9606.ENSP00000351646","9606.ENSP00000495530","STIP1","ENO1",9606,0.542,0,0,0,0.221,0.258,0,0.272
"9606.ENSP00000351646","9606.ENSP00000360329","STIP1","TTC4",9606,0.563,0,0,0,0.075,0.074,0,0.531
"9606.ENSP00000351646","9606.ENSP00000380070","STIP1","GAPDH",9606,0.66,0,0,0,0.165,0.508,0,0.239
"9606.ENSP00000351646","9606.ENSP00000364802","STIP1","HSPA1A",9606,0.734,0,0,0,0.246,0,0,0.662
"9606.ENSP00000351646","9606.ENSP00000410452","STIP1","STMN1",9606,0.858,0,0,0,0.075,0.831,0,0.165
"9606.ENSP00000351646","9606.ENSP00000362041","STIP1","DNAJC9",9606,0.924,0,0,0,0.104,0.178,0.9,0.091
"9606.ENSP00000351646","9606.ENSP00000377958","STIP1","CCT4",9606,0.961,0,0,0,0.528,0.071,0.9,0.234
"9606.ENSP00000351646","9606.ENSP00000437125","STIP1","HSPA8",9606,0.999,0,0,0,0.406,0.999,0.9,0.766
"9606.ENSP00000352111","9606.ENSP00000418960","GOLGA8A","BRCA1",9606,0.502,0,0,0,0,0.457,0,0.121
"9606.ENSP00000353099","9606.ENSP00000495530","HLA-DRB1","ENO1",9606,0.41,0,0,0,0.075,0.045,0,0.386
"9606.ENSP00000353099","9606.ENSP00000364016","HLA-DRB1","PSMB8",9606,0.419,0,0,0,0.126,0.061,0,0.349
"9606.ENSP00000353099","9606.ENSP00000363993","HLA-DRB1","PSMB9",9606,0.423,0,0,0,0.108,0,0,0.38
"9606.ENSP00000353099","9606.ENSP00000414904","HLA-DRB1","CTSO",9606,0.428,0,0,0,0.085,0.043,0.4,0
"9606.ENSP00000353099","9606.ENSP00000365380","HLA-DRB1","FOXP3",9606,0.467,0,0,0,0.075,0.046,0,0.445
"9606.ENSP00000353099","9606.ENSP00000357169","HLA-DRB1","FCRL3",9606,0.475,0,0,0,0.075,0.069,0,0.44
"9606.ENSP00000353099","9606.ENSP00000356946","HLA-DRB1","FCGR3A",9606,0.482,0,0,0,0.191,0,0,0.387
"9606.ENSP00000353099","9606.ENSP00000398568","HLA-DRB1","PRF1",9606,0.483,0,0,0,0.095,0.192,0,0.35
"9606.ENSP00000353099","9606.ENSP00000483185","HLA-DRB1","AP2B1",9606,0.5,0,0,0,0,0,0.5,0
"9606.ENSP00000353099","9606.ENSP00000482259","HLA-DRB1","CCL4",9606,0.519,0,0,0.234,0.157,0,0,0.315
"9606.ENSP00000353099","9606.ENSP00000474412","HLA-DRB1","CCL5",9606,0.566,0,0,0.267,0.109,0,0,0.39
"9606.ENSP00000353099","9606.ENSP00000359497","HLA-DRB1","GBP2",9606,0.596,0,0,0,0.132,0,0.5,0.145
"9606.ENSP00000353099","9606.ENSP00000380855","HLA-DRB1","PDCD1LG2",9606,0.657,0,0,0,0,0,0.5,0.343
"9606.ENSP00000353099","9606.ENSP00000354394","HLA-DRB1","STAT1",9606,0.691,0,0,0,0.075,0,0.5,0.386
"9606.ENSP00000353099","9606.ENSP00000398698","HLA-DRB1","TNF",9606,0.74,0,0,0,0.101,0,0,0.723
"9606.ENSP00000353099","9606.ENSP00000367013","HLA-DRB1","TNFRSF25",9606,0.841,0,0,0,0.091,0,0,0.833
"9606.ENSP00000353099","9606.ENSP00000364080","HLA-DRB1","HLA-DQB1",9606,0.984,0,0,0.059,0.79,0.25,0.9,0.111
"9606.ENSP00000353099","9606.ENSP00000408146","HLA-DRB1","HLA-DPB1",9606,0.986,0,0,0.059,0.856,0.109,0.9,0.075
"9606.ENSP00000353099","9606.ENSP00000393566","HLA-DRB1","HLA-DPA1",9606,0.992,0,0,0,0.891,0,0.9,0.331
"9606.ENSP00000353769","9606.ENSP00000497641","SCAF1","EIF4A3",9606,0.842,0,0,0,0.075,0.837,0,0
"9606.ENSP00000353770","9606.ENSP00000355249","RRM2","E2F2",9606,0.402,0,0,0,0.151,0,0,0.325
"9606.ENSP00000353770","9606.ENSP00000358089","RRM2","TIAL1",9606,0.402,0,0,0,0.072,0.045,0,0.38
"9606.ENSP00000353770","9606.ENSP00000494750","RRM2","ACTB",9606,0.406,0,0,0,0.095,0,0,0.371
"9606.ENSP00000353770","9606.ENSP00000410452","RRM2","STMN1",9606,0.409,0,0,0,0.242,0.05,0,0.246
"9606.ENSP00000353770","9606.ENSP00000356853","RRM2","UCK2",9606,0.454,0,0,0,0.187,0,0,0.357
"9606.ENSP00000353770","9606.ENSP00000357308","RRM2","CENPW",9606,0.486,0,0,0,0.392,0,0,0.19
"9606.ENSP00000353770","9606.ENSP00000365433","RRM2","TCF19",9606,0.505,0,0,0,0.414,0,0,0.191
"9606.ENSP00000353770","9606.ENSP00000380070","RRM2","GAPDH",9606,0.508,0,0,0,0.127,0,0,0.46
"9606.ENSP00000353770","9606.ENSP00000356319","RRM2","KIF14",9606,0.513,0,0,0,0.334,0,0,0.3
"9606.ENSP00000353770","9606.ENSP00000483254","RRM2","HNRNPDL",9606,0.518,0,0,0,0.06,0.075,0,0.491
"9606.ENSP00000353770","9606.ENSP00000438483","RRM2","KPNA2",9606,0.539,0,0,0,0.326,0.072,0,0.323
"9606.ENSP00000353770","9606.ENSP00000429089","RRM2","CCNE2",9606,0.563,0,0,0,0.302,0,0,0.4
"9606.ENSP00000353770","9606.ENSP00000498610","RRM2","SLC29A1",9606,0.568,0,0,0,0.08,0,0,0.55
"9606.ENSP00000353770","9606.ENSP00000396308","RRM2","DHFR",9606,0.574,0,0,0,0.336,0,0,0.385
"9606.ENSP00000353770","9606.ENSP00000437125","RRM2","HSPA8",9606,0.586,0.054,0,0,0.075,0.503,0,0.162
"9606.ENSP00000353770","9606.ENSP00000364976","RRM2","CKS2",9606,0.587,0,0,0,0.392,0,0,0.35
"9606.ENSP00000353770","9606.ENSP00000415430","RRM2","GTSE1",9606,0.598,0,0,0,0.327,0,0,0.428
"9606.ENSP00000353770","9606.ENSP00000418960","RRM2","BRCA1",9606,0.604,0,0,0,0.369,0,0,0.399
"9606.ENSP00000353770","9606.ENSP00000360623","RRM2","ORC1",9606,0.636,0,0,0,0.606,0,0,0.115
"9606.ENSP00000353770","9606.ENSP00000493712","RRM2","RAD51",9606,0.652,0,0,0,0.446,0,0,0.399
"9606.ENSP00000353770","9606.ENSP00000387007","RRM2","NCAPG2",9606,0.66,0,0,0,0.588,0,0,0.209
"9606.ENSP00000353770","9606.ENSP00000355966","RRM2","NEK2",9606,0.673,0,0,0,0.447,0,0,0.434
"9606.ENSP00000353770","9606.ENSP00000355506","RRM2","EXO1",9606,0.707,0,0,0,0.489,0.068,0,0.435
"9606.ENSP00000353770","9606.ENSP00000414109","RRM2","HJURP",9606,0.711,0,0,0,0.603,0,0,0.304
"9606.ENSP00000353770","9606.ENSP00000377536","RRM2","PTTG1",9606,0.724,0,0,0,0.44,0,0,0.528
"9606.ENSP00000353770","9606.ENSP00000418268","RRM2","MCM10",9606,0.728,0,0,0,0.545,0,0,0.427
"9606.ENSP00000353770","9606.ENSP00000362146","RRM2","CDCA8",9606,0.732,0,0,0,0.539,0,0,0.443
"9606.ENSP00000353770","9606.ENSP00000385385","RRM2","PDIA6",9606,0.746,0,0,0,0.118,0,0,0.724
"9606.ENSP00000353770","9606.ENSP00000442068","RRM2","CDCA3",9606,0.747,0,0,0,0.573,0,0,0.433
"9606.ENSP00000353770","9606.ENSP00000361298","RRM2","KIF2C",9606,0.755,0,0,0,0.496,0,0,0.534
"9606.ENSP00000353770","9606.ENSP00000356379","RRM2","ASPM",9606,0.772,0,0,0,0.534,0,0,0.531
"9606.ENSP00000353770","9606.ENSP00000405726","RRM2","CDC45",9606,0.781,0,0,0,0.633,0,0,0.428
"9606.ENSP00000353770","9606.ENSP00000479617","RRM2","UHRF1",9606,0.817,0,0,0,0.741,0,0,0.323
"9606.ENSP00000353770","9606.ENSP00000363524","RRM2","KIF4A",9606,0.833,0,0,0,0.722,0,0,0.426
"9606.ENSP00000353770","9606.ENSP00000355958","RRM2","DTL",9606,0.855,0,0,0,0.789,0.071,0,0.322
"9606.ENSP00000353770","9606.ENSP00000361540","RRM2","CDC20",9606,0.861,0,0,0,0.685,0,0,0.577
"9606.ENSP00000353770","9606.ENSP00000480987","RRM2","MCM3",9606,0.865,0,0,0,0.808,0,0,0.328
"9606.ENSP00000353770","9606.ENSP00000481380","RRM2","CCNA2",9606,0.874,0,0,0,0.757,0,0,0.506
"9606.ENSP00000353770","9606.ENSP00000357643","RRM2","MKI67",9606,0.894,0,0,0,0.798,0,0,0.499
"9606.ENSP00000353770","9606.ENSP00000411532","RRM2","TOP2A",9606,0.901,0,0,0,0.722,0,0,0.659
"9606.ENSP00000353770","9606.ENSP00000468425","RRM2","TK1",9606,0.902,0,0,0,0.752,0,0,0.623
"9606.ENSP00000353770","9606.ENSP00000499238","RRM2","NUSAP1",9606,0.906,0,0,0,0.777,0,0,0.599
"9606.ENSP00000353770","9606.ENSP00000378699","RRM2","CDK1",9606,0.95,0,0,0,0.76,0.518,0,0.607
"9606.ENSP00000353770","9606.ENSP00000363055","RRM2","ZWINT",9606,0.964,0,0,0,0.94,0,0,0.435
"9606.ENSP00000353770","9606.ENSP00000380256","RRM2","CCNF",9606,0.994,0,0,0,0.23,0.986,0,0.503
"9606.ENSP00000354163","9606.ENSP00000365071","FAM110A","GPANK1",9606,0.477,0,0,0,0.056,0,0,0.469
"9606.ENSP00000354163","9606.ENSP00000416050","FAM110A","TM2D2",9606,0.488,0,0,0,0,0,0,0.488
"9606.ENSP00000354394","9606.ENSP00000433209","STAT1","GSDMD",9606,0.416,0,0,0,0.13,0,0,0.357
"9606.ENSP00000354394","9606.ENSP00000388620","STAT1","EOMES",9606,0.442,0,0,0,0.074,0.043,0,0.421
"9606.ENSP00000354394","9606.ENSP00000464087","STAT1","RNF213",9606,0.465,0,0,0,0.361,0,0,0.198
"9606.ENSP00000354394","9606.ENSP00000376436","STAT1","ETS1",9606,0.467,0,0,0,0.089,0,0,0.439
"9606.ENSP00000354394","9606.ENSP00000400646","STAT1","PNPT1",9606,0.53,0,0,0,0.158,0,0,0.465
"9606.ENSP00000354394","9606.ENSP00000437125","STAT1","HSPA8",9606,0.536,0,0,0,0.075,0.395,0,0.238
"9606.ENSP00000354394","9606.ENSP00000483903","STAT1","H2BC15",9606,0.542,0,0,0,0,0,0.5,0.123
"9606.ENSP00000354394","9606.ENSP00000380855","STAT1","PDCD1LG2",9606,0.543,0,0,0,0.129,0,0,0.497
"9606.ENSP00000354394","9606.ENSP00000479904","STAT1","ZMYM2",9606,0.546,0,0,0,0.048,0,0.5,0.123
"9606.ENSP00000354394","9606.ENSP00000362592","STAT1","RBBP4",9606,0.548,0,0,0,0.065,0,0.5,0.112
"9606.ENSP00000354394","9606.ENSP00000434552","STAT1","MAML2",9606,0.561,0,0,0,0.075,0,0.5,0.128
"9606.ENSP00000354394","9606.ENSP00000482259","STAT1","CCL4",9606,0.565,0,0,0,0.08,0,0,0.547
"9606.ENSP00000354394","9606.ENSP00000408146","STAT1","HLA-DPB1",9606,0.57,0,0,0,0.094,0,0.5,0.129
"9606.ENSP00000354394","9606.ENSP00000398568","STAT1","PRF1",9606,0.572,0,0,0,0.094,0,0,0.548
"9606.ENSP00000354394","9606.ENSP00000356946","STAT1","FCGR3A",9606,0.601,0,0,0,0.133,0,0,0.559
"9606.ENSP00000354394","9606.ENSP00000364080","STAT1","HLA-DQB1",9606,0.657,0,0,0,0.097,0,0.5,0.303
"9606.ENSP00000354394","9606.ENSP00000380070","STAT1","GAPDH",9606,0.675,0,0,0,0.066,0,0,0.667
"9606.ENSP00000354394","9606.ENSP00000418960","STAT1","BRCA1",9606,0.677,0,0,0,0.056,0.457,0,0.422
"9606.ENSP00000354394","9606.ENSP00000393566","STAT1","HLA-DPA1",9606,0.683,0,0,0,0.161,0,0.5,0.306
"9606.ENSP00000354394","9606.ENSP00000494750","STAT1","ACTB",9606,0.697,0,0,0,0.075,0,0,0.686
"9606.ENSP00000354394","9606.ENSP00000428924","STAT1","LYN",9606,0.708,0,0,0,0.121,0,0.5,0.39
"9606.ENSP00000354394","9606.ENSP00000474412","STAT1","CCL5",9606,0.734,0,0,0,0.184,0,0,0.688
"9606.ENSP00000354394","9606.ENSP00000470788","STAT1","IL12RB1",9606,0.772,0,0,0,0.088,0,0,0.761
"9606.ENSP00000354394","9606.ENSP00000496959","STAT1","ITGAM",9606,0.8,0,0,0,0.075,0,0.5,0.604
"9606.ENSP00000354394","9606.ENSP00000364016","STAT1","PSMB8",9606,0.855,0,0,0,0.459,0,0.5,0.509
"9606.ENSP00000354394","9606.ENSP00000398698","STAT1","TNF",9606,0.87,0,0,0,0.088,0.064,0,0.861
"9606.ENSP00000354394","9606.ENSP00000359497","STAT1","GBP2",9606,0.874,0,0,0,0.443,0.064,0.5,0.577
"9606.ENSP00000354394","9606.ENSP00000365380","STAT1","FOXP3",9606,0.886,0,0,0,0,0.557,0,0.754
"9606.ENSP00000354394","9606.ENSP00000363993","STAT1","PSMB9",9606,0.891,0,0,0,0.487,0.567,0,0.549
"9606.ENSP00000354394","9606.ENSP00000471896","STAT1","IRF3",9606,0.919,0,0,0,0.106,0,0.5,0.835
"9606.ENSP00000354394","9606.ENSP00000388001","STAT1","OAS1",9606,0.953,0,0,0,0.654,0,0.5,0.751
"9606.ENSP00000354394","9606.ENSP00000395590","STAT1","IFI35",9606,0.958,0,0,0,0.824,0,0.5,0.564
"9606.ENSP00000354610","9606.ENSP00000458162","AMY2B","ACTG1",9606,0.448,0,0,0,0,0.059,0,0.438
"9606.ENSP00000354610","9606.ENSP00000495530","AMY2B","ENO1",9606,0.459,0,0,0,0,0,0,0.459
"9606.ENSP00000354733","9606.ENSP00000356319","SBNO2","KIF14",9606,0.466,0,0,0,0.058,0.457,0,0
"9606.ENSP00000354813","9606.ENSP00000496250","MT-ND5","RPL11",9606,0.456,0,0,0,0.371,0,0,0.172
"9606.ENSP00000354813","9606.ENSP00000494750","MT-ND5","ACTB",9606,0.486,0,0,0,0.326,0,0,0.27
"9606.ENSP00000354813","9606.ENSP00000380070","MT-ND5","GAPDH",9606,0.494,0,0,0,0.234,0,0,0.367
"9606.ENSP00000354813","9606.ENSP00000360850","MT-ND5","MRPS2",9606,0.501,0.069,0,0,0.112,0,0.4,0.114
"9606.ENSP00000354813","9606.ENSP00000400646","MT-ND5","PNPT1",9606,0.508,0.108,0,0,0.134,0,0,0.415
"9606.ENSP00000354813","9606.ENSP00000363591","MT-ND5","BAK1",9606,0.544,0,0,0,0.196,0.457,0,0
"9606.ENSP00000354920","9606.ENSP00000357643","EEF1AKNMT","MKI67",9606,0.475,0,0,0,0.075,0.456,0,0
"9606.ENSP00000354920","9606.ENSP00000380256","EEF1AKNMT","CCNF",9606,0.476,0,0,0,0.075,0.457,0,0
"9606.ENSP00000355028","9606.ENSP00000483236","DZIP3","DCAF7",9606,0.475,0,0,0,0.047,0.457,0,0.068
"9606.ENSP00000355028","9606.ENSP00000361298","DZIP3","KIF2C",9606,0.499,0,0,0,0.486,0,0,0.067
"9606.ENSP00000355028","9606.ENSP00000418960","DZIP3","BRCA1",9606,0.518,0,0,0,0.074,0.457,0,0.119
"9606.ENSP00000355028","9606.ENSP00000362592","DZIP3","RBBP4",9606,0.522,0,0,0,0.075,0.457,0,0.125
"9606.ENSP00000355028","9606.ENSP00000433071","DZIP3","RBM4B",9606,0.627,0,0,0,0.069,0.616,0,0
"9606.ENSP00000355028","9606.ENSP00000358089","DZIP3","TIAL1",9606,0.788,0,0,0,0,0.788,0,0
"9606.ENSP00000355028","9606.ENSP00000379931","DZIP3","UBE2E2",9606,0.83,0,0,0,0,0.813,0,0.13
"9606.ENSP00000355114","9606.ENSP00000360437","DCAF12","FAM210B",9606,0.445,0,0,0,0.445,0,0,0
"9606.ENSP00000355114","9606.ENSP00000483236","DCAF12","DCAF7",9606,0.905,0,0,0,0.096,0,0.9,0
"9606.ENSP00000355114","9606.ENSP00000355958","DCAF12","DTL",9606,0.927,0,0,0,0.072,0,0.9,0.28
"9606.ENSP00000355249","9606.ENSP00000418960","E2F2","BRCA1",9606,0.408,0,0,0,0.1,0,0,0.37
"9606.ENSP00000355249","9606.ENSP00000361540","E2F2","CDC20",9606,0.45,0,0,0,0.109,0,0,0.409
"9606.ENSP00000355249","9606.ENSP00000418268","E2F2","MCM10",9606,0.45,0,0,0,0.132,0,0,0.393
"9606.ENSP00000355249","9606.ENSP00000405726","E2F2","CDC45",9606,0.47,0,0,0,0.191,0,0,0.372
"9606.ENSP00000355249","9606.ENSP00000480987","E2F2","MCM3",9606,0.506,0,0,0,0.189,0,0,0.416
"9606.ENSP00000355249","9606.ENSP00000383611","E2F2","CCNL2",9606,0.509,0,0,0,0,0,0,0.509
"9606.ENSP00000355249","9606.ENSP00000378699","E2F2","CDK1",9606,0.566,0,0,0,0.095,0.066,0,0.528
"9606.ENSP00000355249","9606.ENSP00000362592","E2F2","RBBP4",9606,0.646,0,0,0,0.089,0.078,0.5,0.257
"9606.ENSP00000355249","9606.ENSP00000429089","E2F2","CCNE2",9606,0.881,0,0,0,0.08,0.509,0.4,0.613
"9606.ENSP00000355249","9606.ENSP00000380256","E2F2","CCNF",9606,0.889,0,0,0,0.19,0.802,0,0.368
"9606.ENSP00000355249","9606.ENSP00000481380","E2F2","CCNA2",9606,0.974,0,0,0,0.14,0.269,0.9,0.641
"9606.ENSP00000355325","9606.ENSP00000361664","PSMB5","HIVEP3",9606,0.4,0,0,0,0,0,0.4,0
"9606.ENSP00000355325","9606.ENSP00000415430","PSMB5","GTSE1",9606,0.418,0,0,0,0.069,0,0.4,0.042
"9606.ENSP00000355325","9606.ENSP00000394331","PSMB5","COMMD5",9606,0.427,0,0,0,0.085,0,0.4,0
"9606.ENSP00000355325","9606.ENSP00000360623","PSMB5","ORC1",9606,0.428,0,0,0,0.074,0,0.4,0.054
"9606.ENSP00000355325","9606.ENSP00000429089","PSMB5","CCNE2",9606,0.431,0,0,0,0.067,0,0.4,0.066
"9606.ENSP00000355325","9606.ENSP00000380070","PSMB5","GAPDH",9606,0.436,0,0,0,0.198,0,0,0.326
"9606.ENSP00000355325","9606.ENSP00000377536","PSMB5","PTTG1",9606,0.447,0,0,0,0.11,0,0.4,0.049
"9606.ENSP00000355325","9606.ENSP00000361540","PSMB5","CDC20",9606,0.451,0,0,0,0.094,0.043,0.4,0.07
"9606.ENSP00000355325","9606.ENSP00000481380","PSMB5","CCNA2",9606,0.452,0,0,0,0.085,0,0.4,0.083
"9606.ENSP00000355325","9606.ENSP00000365435","PSMB5","TNFRSF1B",9606,0.457,0,0,0,0.099,0,0.4,0.077
"9606.ENSP00000355325","9606.ENSP00000378699","PSMB5","CDK1",9606,0.489,0,0,0,0.095,0,0.4,0.135
"9606.ENSP00000355325","9606.ENSP00000398698","PSMB5","TNF",9606,0.499,0,0,0,0.069,0,0.4,0.176
"9606.ENSP00000355325","9606.ENSP00000411532","PSMB5","TOP2A",9606,0.541,0,0,0,0.098,0.457,0,0.139
"9606.ENSP00000355325","9606.ENSP00000392353","PSMB5","PSMG4",9606,0.588,0,0,0,0.093,0.064,0.5,0.145
"9606.ENSP00000355325","9606.ENSP00000377245","PSMB5","KEAP1",9606,0.623,0,0,0,0.079,0.046,0.5,0.244
"9606.ENSP00000355325","9606.ENSP00000380256","PSMB5","CCNF",9606,0.805,0,0,0,0.06,0.802,0,0
"9606.ENSP00000355325","9606.ENSP00000478877","PSMB5","ADRM1",9606,0.995,0,0,0,0.274,0.983,0.5,0.427
"9606.ENSP00000355325","9606.ENSP00000362334","PSMB5","PSMB2",9606,0.999,0,0,0,0.819,0.999,0.9,0.932
"9606.ENSP00000355325","9606.ENSP00000363993","PSMB5","PSMB9",9606,0.999,0,0,0.118,0.064,0.999,0.9,0.357
"9606.ENSP00000355325","9606.ENSP00000364016","PSMB5","PSMB8",9606,0.999,0,0,0.062,0.075,0.999,0.9,0.365
"9606.ENSP00000355340","9606.ENSP00000385057","APOBEC3C","APOBEC3G",9606,0.405,0,0,0,0.328,0,0,0.151
"9606.ENSP00000355506","9606.ENSP00000387007","EXO1","NCAPG2",9606,0.425,0,0,0,0.388,0,0,0.1
"9606.ENSP00000355506","9606.ENSP00000364976","EXO1","CKS2",9606,0.435,0,0,0,0.234,0,0,0.293
"9606.ENSP00000355506","9606.ENSP00000363055","EXO1","ZWINT",9606,0.465,0,0,0,0.352,0,0,0.209
"9606.ENSP00000355506","9606.ENSP00000377536","EXO1","PTTG1",9606,0.475,0,0,0,0.295,0,0,0.287
"9606.ENSP00000355506","9606.ENSP00000468425","EXO1","TK1",9606,0.482,0,0,0,0.396,0,0,0.179
"9606.ENSP00000355506","9606.ENSP00000479617","EXO1","UHRF1",9606,0.501,0,0,0,0.362,0,0,0.251
"9606.ENSP00000355506","9606.ENSP00000442068","EXO1","CDCA3",9606,0.542,0,0,0,0.451,0,0,0.201
"9606.ENSP00000355506","9606.ENSP00000415430","EXO1","GTSE1",9606,0.552,0,0,0,0.42,0,0,0.26
"9606.ENSP00000355506","9606.ENSP00000483397","EXO1","FSBP",9606,0.556,0,0,0,0.115,0,0,0.519
"9606.ENSP00000355506","9606.ENSP00000355966","EXO1","NEK2",9606,0.557,0,0,0,0.406,0,0,0.286
"9606.ENSP00000355506","9606.ENSP00000429089","EXO1","CCNE2",9606,0.562,0,0,0,0.387,0,0,0.316
"9606.ENSP00000355506","9606.ENSP00000480987","EXO1","MCM3",9606,0.565,0,0,0,0.423,0,0,0.278
"9606.ENSP00000355506","9606.ENSP00000361540","EXO1","CDC20",9606,0.569,0.042,0,0,0.396,0,0,0.315
"9606.ENSP00000355506","9606.ENSP00000362146","EXO1","CDCA8",9606,0.569,0.055,0,0,0.396,0,0,0.307
"9606.ENSP00000355506","9606.ENSP00000363524","EXO1","KIF4A",9606,0.579,0,0,0,0.459,0,0,0.255
"9606.ENSP00000355506","9606.ENSP00000361298","EXO1","KIF2C",9606,0.605,0,0,0,0.441,0,0,0.323
"9606.ENSP00000355506","9606.ENSP00000414109","EXO1","HJURP",9606,0.611,0,0,0,0.411,0,0,0.367
"9606.ENSP00000355506","9606.ENSP00000367910","EXO1","FANCG",9606,0.631,0,0,0,0.169,0,0,0.575
"9606.ENSP00000355506","9606.ENSP00000356319","EXO1","KIF14",9606,0.652,0,0,0,0.559,0,0,0.244
"9606.ENSP00000355506","9606.ENSP00000357643","EXO1","MKI67",9606,0.663,0,0,0,0.564,0,0,0.26
"9606.ENSP00000355506","9606.ENSP00000380256","EXO1","CCNF",9606,0.694,0,0,0,0.196,0.459,0,0.354
"9606.ENSP00000355506","9606.ENSP00000499238","EXO1","NUSAP1",9606,0.698,0,0,0,0.485,0,0,0.439
"9606.ENSP00000355506","9606.ENSP00000411532","EXO1","TOP2A",9606,0.737,0.058,0,0,0.449,0,0,0.535
"9606.ENSP00000355506","9606.ENSP00000356379","EXO1","ASPM",9606,0.771,0,0,0,0.678,0,0,0.32
"9606.ENSP00000355506","9606.ENSP00000481380","EXO1","CCNA2",9606,0.855,0,0,0,0.593,0.459,0,0.395
"9606.ENSP00000355506","9606.ENSP00000378699","EXO1","CDK1",9606,0.91,0,0,0,0.687,0.48,0,0.493
"9606.ENSP00000355506","9606.ENSP00000360623","EXO1","ORC1",9606,0.915,0.091,0,0,0.896,0,0,0.181
"9606.ENSP00000355506","9606.ENSP00000355958","EXO1","DTL",9606,0.927,0,0,0,0.909,0,0,0.231
"9606.ENSP00000355506","9606.ENSP00000418268","EXO1","MCM10",9606,0.945,0,0,0,0.887,0,0,0.537
"9606.ENSP00000355506","9606.ENSP00000405726","EXO1","CDC45",9606,0.954,0,0,0,0.888,0,0,0.61
"9606.ENSP00000355506","9606.ENSP00000418960","EXO1","BRCA1",9606,0.976,0,0,0,0.502,0.457,0.5,0.848
"9606.ENSP00000355506","9606.ENSP00000493712","EXO1","RAD51",9606,0.997,0.057,0,0,0.535,0.845,0.5,0.926
"9606.ENSP00000355958","9606.ENSP00000377536","DTL","PTTG1",9606,0.426,0,0,0,0.291,0,0,0.224
"9606.ENSP00000355958","9606.ENSP00000396308","DTL","DHFR",9606,0.434,0,0,0,0.273,0,0,0.254
"9606.ENSP00000355958","9606.ENSP00000387007","DTL","NCAPG2",9606,0.436,0,0,0,0.381,0,0,0.127
"9606.ENSP00000355958","9606.ENSP00000442068","DTL","CDCA3",9606,0.475,0,0,0,0.346,0,0,0.231
"9606.ENSP00000355958","9606.ENSP00000362146","DTL","CDCA8",9606,0.492,0,0,0,0.393,0,0,0.198
"9606.ENSP00000355958","9606.ENSP00000468425","DTL","TK1",9606,0.495,0,0,0,0.474,0,0,0.08
"9606.ENSP00000355958","9606.ENSP00000429089","DTL","CCNE2",9606,0.498,0,0,0,0.42,0,0,0.171
"9606.ENSP00000355958","9606.ENSP00000394331","DTL","COMMD5",9606,0.5,0,0,0,0,0,0.5,0
"9606.ENSP00000355958","9606.ENSP00000418960","DTL","BRCA1",9606,0.509,0,0,0,0.408,0,0,0.206
"9606.ENSP00000355958","9606.ENSP00000379931","DTL","UBE2E2",9606,0.523,0,0,0,0,0.457,0,0.159
"9606.ENSP00000355958","9606.ENSP00000414109","DTL","HJURP",9606,0.53,0,0,0,0.479,0,0,0.135
"9606.ENSP00000355958","9606.ENSP00000361540","DTL","CDC20",9606,0.578,0,0,0,0.391,0,0,0.336
"9606.ENSP00000355958","9606.ENSP00000361298","DTL","KIF2C",9606,0.586,0,0,0,0.475,0,0,0.245
"9606.ENSP00000355958","9606.ENSP00000355966","DTL","NEK2",9606,0.59,0,0,0,0.493,0,0,0.226
"9606.ENSP00000355958","9606.ENSP00000442318","DTL","CAND1",9606,0.619,0,0,0,0.075,0,0.5,0.244
"9606.ENSP00000355958","9606.ENSP00000480987","DTL","MCM3",9606,0.62,0,0,0,0.554,0,0,0.185
"9606.ENSP00000355958","9606.ENSP00000363524","DTL","KIF4A",9606,0.637,0,0,0,0.574,0,0,0.184
"9606.ENSP00000355958","9606.ENSP00000357643","DTL","MKI67",9606,0.646,0,0,0,0.617,0,0,0.116
"9606.ENSP00000355958","9606.ENSP00000380256","DTL","CCNF",9606,0.673,0,0,0,0.169,0.457,0,0.334
"9606.ENSP00000355958","9606.ENSP00000493712","DTL","RAD51",9606,0.673,0,0,0,0.608,0,0,0.201
"9606.ENSP00000355958","9606.ENSP00000356319","DTL","KIF14",9606,0.68,0,0,0,0.657,0,0,0.106
"9606.ENSP00000355958","9606.ENSP00000479617","DTL","UHRF1",9606,0.711,0,0,0,0.631,0,0,0.251
"9606.ENSP00000355958","9606.ENSP00000411532","DTL","TOP2A",9606,0.731,0,0,0,0.665,0,0,0.23
"9606.ENSP00000355958","9606.ENSP00000499238","DTL","NUSAP1",9606,0.737,0,0,0,0.672,0,0,0.232
"9606.ENSP00000355958","9606.ENSP00000363055","DTL","ZWINT",9606,0.838,0,0,0,0.814,0,0,0.169
"9606.ENSP00000355958","9606.ENSP00000360623","DTL","ORC1",9606,0.854,0,0,0,0.845,0,0,0.102
"9606.ENSP00000355958","9606.ENSP00000481380","DTL","CCNA2",9606,0.885,0,0,0,0.657,0.457,0,0.433
"9606.ENSP00000355958","9606.ENSP00000356379","DTL","ASPM",9606,0.896,0,0,0,0.873,0,0,0.221
"9606.ENSP00000355958","9606.ENSP00000378699","DTL","CDK1",9606,0.902,0,0,0,0.734,0.457,0,0.381
"9606.ENSP00000355958","9606.ENSP00000483236","DTL","DCAF7",9606,0.929,0,0,0,0.071,0,0.9,0.302
"9606.ENSP00000355958","9606.ENSP00000418268","DTL","MCM10",9606,0.94,0,0,0,0.901,0,0,0.42
"9606.ENSP00000355958","9606.ENSP00000405726","DTL","CDC45",9606,0.947,0,0,0,0.929,0,0,0.293
"9606.ENSP00000355966","9606.ENSP00000480987","NEK2","MCM3",9606,0.4,0,0,0,0.269,0,0,0.213
"9606.ENSP00000355966","9606.ENSP00000468425","NEK2","TK1",9606,0.425,0,0,0,0.343,0,0,0.161
"9606.ENSP00000355966","9606.ENSP00000429089","NEK2","CCNE2",9606,0.435,0,0,0,0.191,0,0,0.331
"9606.ENSP00000355966","9606.ENSP00000493712","NEK2","RAD51",9606,0.445,0,0,0,0.33,0,0,0.206
"9606.ENSP00000355966","9606.ENSP00000459943","NEK2","ANKFY1",9606,0.468,0,0,0,0.062,0.457,0,0
"9606.ENSP00000355966","9606.ENSP00000479617","NEK2","UHRF1",9606,0.469,0,0,0,0.336,0,0,0.234
"9606.ENSP00000355966","9606.ENSP00000387007","NEK2","NCAPG2",9606,0.492,0,0,0,0.359,0,0,0.24
"9606.ENSP00000355966","9606.ENSP00000367229","NEK2","CEP68",9606,0.493,0,0,0,0.075,0.28,0,0.301
"9606.ENSP00000355966","9606.ENSP00000418960","NEK2","BRCA1",9606,0.493,0,0,0,0.284,0.074,0,0.298
"9606.ENSP00000355966","9606.ENSP00000483254","NEK2","HNRNPDL",9606,0.498,0,0,0,0,0.458,0,0.112
"9606.ENSP00000355966","9606.ENSP00000437125","NEK2","HSPA8",9606,0.521,0,0,0,0.06,0.472,0,0.113
"9606.ENSP00000355966","9606.ENSP00000415430","NEK2","GTSE1",9606,0.524,0,0,0,0.347,0,0,0.302
"9606.ENSP00000355966","9606.ENSP00000418268","NEK2","MCM10",9606,0.537,0,0,0,0.411,0,0,0.247
"9606.ENSP00000355966","9606.ENSP00000484580","NEK2","PPP1R2",9606,0.555,0,0,0,0.055,0.456,0,0.205
"9606.ENSP00000355966","9606.ENSP00000364976","NEK2","CKS2",9606,0.557,0,0,0,0.229,0,0,0.45
"9606.ENSP00000355966","9606.ENSP00000380256","NEK2","CCNF",9606,0.561,0,0,0,0.409,0,0,0.289
"9606.ENSP00000355966","9606.ENSP00000438483","NEK2","KPNA2",9606,0.561,0,0,0,0.492,0,0,0.172
"9606.ENSP00000355966","9606.ENSP00000405726","NEK2","CDC45",9606,0.576,0,0,0,0.376,0,0,0.349
"9606.ENSP00000355966","9606.ENSP00000380070","NEK2","GAPDH",9606,0.604,0,0,0,0.075,0.457,0,0.276
"9606.ENSP00000355966","9606.ENSP00000357308","NEK2","CENPW",9606,0.62,0,0,0,0.521,0,0,0.24
"9606.ENSP00000355966","9606.ENSP00000363055","NEK2","ZWINT",9606,0.635,0,0,0,0.353,0,0,0.459
"9606.ENSP00000355966","9606.ENSP00000360944","NEK2","STIL",9606,0.644,0,0,0,0.413,0,0,0.42
"9606.ENSP00000355966","9606.ENSP00000363524","NEK2","KIF4A",9606,0.773,0,0,0,0.611,0,0,0.442
"9606.ENSP00000355966","9606.ENSP00000357643","NEK2","MKI67",9606,0.816,0,0,0,0.741,0,0,0.322
"9606.ENSP00000355966","9606.ENSP00000414109","NEK2","HJURP",9606,0.834,0,0,0,0.773,0,0,0.302
"9606.ENSP00000355966","9606.ENSP00000378699","NEK2","CDK1",9606,0.85,0,0,0.13,0.803,0,0,0.2
"9606.ENSP00000355966","9606.ENSP00000377536","NEK2","PTTG1",9606,0.858,0,0,0,0.621,0,0,0.641
"9606.ENSP00000355966","9606.ENSP00000356319","NEK2","KIF14",9606,0.873,0,0,0,0.784,0,0,0.44
"9606.ENSP00000355966","9606.ENSP00000442068","NEK2","CDCA3",9606,0.881,0,0,0,0.813,0,0,0.39
"9606.ENSP00000355966","9606.ENSP00000362146","NEK2","CDCA8",9606,0.898,0,0,0,0.821,0.077,0,0.433
"9606.ENSP00000355966","9606.ENSP00000499238","NEK2","NUSAP1",9606,0.899,0,0,0,0.83,0,0,0.435
"9606.ENSP00000355966","9606.ENSP00000356379","NEK2","ASPM",9606,0.91,0,0,0,0.832,0,0,0.49
"9606.ENSP00000355966","9606.ENSP00000411532","NEK2","TOP2A",9606,0.925,0,0,0,0.851,0,0,0.52
"9606.ENSP00000355966","9606.ENSP00000481380","NEK2","CCNA2",9606,0.929,0,0,0,0.831,0,0,0.598
"9606.ENSP00000355966","9606.ENSP00000361298","NEK2","KIF2C",9606,0.934,0,0,0,0.863,0,0,0.543
"9606.ENSP00000355966","9606.ENSP00000361540","NEK2","CDC20",9606,0.999,0,0,0,0.861,0.999,0.5,0.65
"9606.ENSP00000356016","9606.ENSP00000447730","CR1","CD63",9606,0.44,0,0,0,0,0,0,0.44
"9606.ENSP00000356016","9606.ENSP00000498852","CR1","SPN",9606,0.49,0,0,0,0.095,0.076,0,0.44
"9606.ENSP00000356016","9606.ENSP00000356946","CR1","FCGR3A",9606,0.566,0,0,0,0.112,0,0,0.532
"9606.ENSP00000356016","9606.ENSP00000496959","CR1","ITGAM",9606,0.641,0,0,0,0.2,0,0,0.57
"9606.ENSP00000356107","9606.ENSP00000369538","RAB29","GDI2",9606,0.426,0,0,0,0.07,0,0,0.409
"9606.ENSP00000356107","9606.ENSP00000437125","RAB29","HSPA8",9606,0.574,0,0,0,0.059,0.456,0,0.236
"9606.ENSP00000356319","9606.ENSP00000387007","KIF14","NCAPG2",9606,0.423,0,0,0,0.341,0,0,0.161
"9606.ENSP00000356319","9606.ENSP00000479617","KIF14","UHRF1",9606,0.44,0,0,0,0.323,0,0,0.208
"9606.ENSP00000356319","9606.ENSP00000376436","KIF14","ETS1",9606,0.448,0,0,0,0,0,0,0.448
"9606.ENSP00000356319","9606.ENSP00000357308","KIF14","CENPW",9606,0.455,0,0,0,0.236,0,0,0.316
"9606.ENSP00000356319","9606.ENSP00000359911","KIF14","RAP2C",9606,0.457,0,0,0,0,0.457,0,0
"9606.ENSP00000356319","9606.ENSP00000383059","KIF14","ARGLU1",9606,0.457,0,0,0,0,0.457,0,0
"9606.ENSP00000356319","9606.ENSP00000389383","KIF14","STK11IP",9606,0.457,0,0,0,0,0.457,0,0
"9606.ENSP00000356319","9606.ENSP00000396301","KIF14","IK",9606,0.457,0,0,0,0,0.457,0,0
"9606.ENSP00000356319","9606.ENSP00000416289","KIF14","WDR27",9606,0.457,0,0,0,0,0.457,0,0
"9606.ENSP00000356319","9606.ENSP00000495795","KIF14","SPG7",9606,0.457,0,0,0,0,0.457,0,0
"9606.ENSP00000356319","9606.ENSP00000480270","KIF14","PPP1R18",9606,0.459,0,0,0,0.046,0.457,0,0
"9606.ENSP00000356319","9606.ENSP00000482030","KIF14","ZNF2",9606,0.459,0,0,0,0,0.457,0,0.045
"9606.ENSP00000356319","9606.ENSP00000483254","KIF14","HNRNPDL",9606,0.459,0,0,0,0,0.459,0,0
"9606.ENSP00000356319","9606.ENSP00000468424","KIF14","NMT1",9606,0.46,0,0,0,0,0.457,0,0.047
"9606.ENSP00000356319","9606.ENSP00000377536","KIF14","PTTG1",9606,0.461,0,0,0,0.325,0,0,0.235
"9606.ENSP00000356319","9606.ENSP00000483185","KIF14","AP2B1",9606,0.463,0,0,0,0.053,0.457,0,0
"9606.ENSP00000356319","9606.ENSP00000377470","KIF14","CNP",9606,0.465,0,0,0,0,0.457,0,0.056
"9606.ENSP00000356319","9606.ENSP00000378935","KIF14","PPHLN1",9606,0.466,0,0,0,0.058,0.457,0,0
"9606.ENSP00000356319","9606.ENSP00000405726","KIF14","CDC45",9606,0.466,0,0,0,0.308,0,0,0.261
"9606.ENSP00000356319","9606.ENSP00000496250","KIF14","RPL11",9606,0.466,0,0,0,0,0.457,0,0.058
"9606.ENSP00000356319","9606.ENSP00000360316","KIF14","DHCR24",9606,0.467,0,0,0,0.06,0.457,0,0
"9606.ENSP00000356319","9606.ENSP00000481762","KIF14","CSDE1",9606,0.467,0,0,0,0.06,0.457,0,0
"9606.ENSP00000356319","9606.ENSP00000452123","KIF14","SRSF5",9606,0.468,0,0,0,0,0.457,0,0.062
"9606.ENSP00000356319","9606.ENSP00000457411","KIF14","USP10",9606,0.469,0,0,0,0.063,0.457,0,0
"9606.ENSP00000356319","9606.ENSP00000361883","KIF14","CAP1",9606,0.47,0,0,0,0.044,0.457,0,0.062
"9606.ENSP00000356319","9606.ENSP00000377245","KIF14","KEAP1",9606,0.47,0,0,0,0.064,0.457,0,0
"9606.ENSP00000356319","9606.ENSP00000360141","KIF14","GNAS",9606,0.471,0,0,0,0.054,0.457,0,0.054
"9606.ENSP00000356319","9606.ENSP00000435210","KIF14","BCLAF1",9606,0.471,0,0,0,0.067,0.457,0,0
"9606.ENSP00000356319","9606.ENSP00000463393","KIF14","SEC22B",9606,0.471,0,0,0,0,0.457,0,0.067
"9606.ENSP00000356319","9606.ENSP00000363117","KIF14","FGR",9606,0.472,0,0,0,0.056,0.457,0,0.054
"9606.ENSP00000356319","9606.ENSP00000403039","KIF14","HP1BP3",9606,0.474,0,0,0,0.06,0.457,0,0.054
"9606.ENSP00000356319","9606.ENSP00000433760","KIF14","BANF1",9606,0.475,0,0,0,0.073,0.457,0,0
"9606.ENSP00000356319","9606.ENSP00000360268","KIF14","ALDH18A1",9606,0.476,0,0,0,0.075,0.457,0,0
"9606.ENSP00000356319","9606.ENSP00000385385","KIF14","PDIA6",9606,0.476,0,0,0,0.075,0.457,0,0
"9606.ENSP00000356319","9606.ENSP00000428924","KIF14","LYN",9606,0.476,0,0,0,0.076,0.457,0,0
"9606.ENSP00000356319","9606.ENSP00000484398","KIF14","SMTN",9606,0.476,0,0,0,0.075,0.457,0,0
"9606.ENSP00000356319","9606.ENSP00000368646","KIF14","PRDX4",9606,0.478,0,0,0,0.075,0.457,0,0.046
"9606.ENSP00000356319","9606.ENSP00000376276","KIF14","SRSF2",9606,0.479,0,0,0,0.067,0.457,0,0.056
"9606.ENSP00000356319","9606.ENSP00000364935","KIF14","CLIC1",9606,0.48,0,0,0,0.075,0.457,0,0.048
"9606.ENSP00000356319","9606.ENSP00000425031","KIF14","HNRNPAB",9606,0.48,0,0,0,0.079,0.459,0,0
"9606.ENSP00000356319","9606.ENSP00000377958","KIF14","CCT4",9606,0.483,0,0,0,0.075,0.457,0,0.055
"9606.ENSP00000356319","9606.ENSP00000497641","KIF14","EIF4A3",9606,0.484,0,0,0,0.09,0.457,0,0
"9606.ENSP00000356319","9606.ENSP00000387996","KIF14","CSTF2",9606,0.485,0,0,0,0.091,0.457,0,0
"9606.ENSP00000356319","9606.ENSP00000362041","KIF14","DNAJC9",9606,0.486,0,0,0,0.093,0.457,0,0
"9606.ENSP00000356319","9606.ENSP00000495530","KIF14","ENO1",9606,0.489,0,0,0,0.077,0.457,0,0.064
"9606.ENSP00000356319","9606.ENSP00000392270","KIF14","STRAP",9606,0.49,0,0,0,0.075,0.457,0,0.067
"9606.ENSP00000356319","9606.ENSP00000371253","KIF14","GART",9606,0.491,0,0,0,0.102,0.457,0,0
"9606.ENSP00000356319","9606.ENSP00000358812","KIF14","PDCD11",9606,0.493,0,0,0,0.075,0.457,0,0.072
"9606.ENSP00000356319","9606.ENSP00000362285","KIF14","SLC29A3",9606,0.493,0,0,0,0.493,0,0,0
"9606.ENSP00000356319","9606.ENSP00000483236","KIF14","DCAF7",9606,0.493,0,0,0,0.087,0.457,0,0.06
"9606.ENSP00000356319","9606.ENSP00000397552","KIF14","ACTL6A",9606,0.494,0,0,0,0.094,0.457,0,0.055
"9606.ENSP00000356319","9606.ENSP00000362592","KIF14","RBBP4",9606,0.495,0,0,0,0.075,0.457,0,0.077
"9606.ENSP00000356319","9606.ENSP00000363055","KIF14","ZWINT",9606,0.496,0,0,0,0.337,0,0,0.271
"9606.ENSP00000356319","9606.ENSP00000377617","KIF14","MTHFD2",9606,0.51,0,0,0,0.096,0.457,0,0.082
"9606.ENSP00000356319","9606.ENSP00000494550","KIF14","MYO1F",9606,0.518,0,0,0,0,0.457,0,0.15
"9606.ENSP00000356319","9606.ENSP00000380256","KIF14","CCNF",9606,0.531,0,0,0,0.333,0.219,0,0.173
"9606.ENSP00000356319","9606.ENSP00000433071","KIF14","RBM4B",9606,0.531,0,0,0,0,0.457,0,0.172
"9606.ENSP00000356319","9606.ENSP00000380070","KIF14","GAPDH",9606,0.574,0,0,0,0.075,0.457,0,0.221
"9606.ENSP00000356319","9606.ENSP00000497402","KIF14","RCC1",9606,0.579,0,0,0,0.096,0.457,0,0.212
"9606.ENSP00000356319","9606.ENSP00000464087","KIF14","RNF213",9606,0.585,0,0,0,0.062,0.457,0,0.252
"9606.ENSP00000356319","9606.ENSP00000480987","KIF14","MCM3",9606,0.587,0,0,0,0.165,0.457,0,0.163
"9606.ENSP00000356319","9606.ENSP00000429089","KIF14","CCNE2",9606,0.618,0,0,0,0.2,0.457,0,0.192
"9606.ENSP00000356319","9606.ENSP00000442068","KIF14","CDCA3",9606,0.655,0,0,0,0.529,0,0,0.299
"9606.ENSP00000356319","9606.ENSP00000415430","KIF14","GTSE1",9606,0.669,0,0,0,0.542,0,0,0.309
"9606.ENSP00000356319","9606.ENSP00000438483","KIF14","KPNA2",9606,0.682,0,0,0,0.224,0.457,0,0.306
"9606.ENSP00000356319","9606.ENSP00000361540","KIF14","CDC20",9606,0.704,0,0,0,0.482,0,0,0.452
"9606.ENSP00000356319","9606.ENSP00000418268","KIF14","MCM10",9606,0.729,0,0,0,0.615,0,0,0.325
"9606.ENSP00000356319","9606.ENSP00000360944","KIF14","STIL",9606,0.742,0,0,0,0.415,0.079,0,0.56
"9606.ENSP00000356319","9606.ENSP00000481380","KIF14","CCNA2",9606,0.843,0,0,0,0.786,0,0,0.297
"9606.ENSP00000356319","9606.ENSP00000362146","KIF14","CDCA8",9606,0.848,0,0,0,0.599,0.457,0,0.359
"9606.ENSP00000356319","9606.ENSP00000378699","KIF14","CDK1",9606,0.886,0,0,0,0.685,0.457,0,0.39
"9606.ENSP00000356319","9606.ENSP00000357643","KIF14","MKI67",9606,0.896,0,0,0,0.748,0.457,0,0.304
"9606.ENSP00000356319","9606.ENSP00000499238","KIF14","NUSAP1",9606,0.897,0,0,0,0.731,0.457,0,0.357
"9606.ENSP00000356319","9606.ENSP00000411532","KIF14","TOP2A",9606,0.904,0,0,0,0.735,0.457,0,0.389
"9606.ENSP00000356319","9606.ENSP00000414109","KIF14","HJURP",9606,0.905,0,0,0,0.768,0.457,0,0.308
"9606.ENSP00000356319","9606.ENSP00000363524","KIF14","KIF4A",9606,0.906,0,0,0,0.723,0.459,0,0.429
"9606.ENSP00000356319","9606.ENSP00000356379","KIF14","ASPM",9606,0.974,0,0,0,0.879,0.457,0,0.644
"9606.ENSP00000356319","9606.ENSP00000361298","KIF14","KIF2C",9606,0.991,0,0,0,0.807,0.457,0.9,0.247
"9606.ENSP00000356379","9606.ENSP00000480987","ASPM","MCM3",9606,0.426,0,0,0,0.344,0,0,0.161
"9606.ENSP00000356379","9606.ENSP00000497402","ASPM","RCC1",9606,0.473,0,0,0,0.13,0,0,0.42
"9606.ENSP00000356379","9606.ENSP00000493712","ASPM","RAD51",9606,0.481,0,0,0,0.354,0,0,0.23
"9606.ENSP00000356379","9606.ENSP00000479617","ASPM","UHRF1",9606,0.495,0,0,0,0.385,0,0,0.214
"9606.ENSP00000356379","9606.ENSP00000438483","ASPM","KPNA2",9606,0.509,0,0,0,0.369,0,0,0.254
"9606.ENSP00000356379","9606.ENSP00000357308","ASPM","CENPW",9606,0.524,0,0,0,0.393,0,0,0.248
"9606.ENSP00000356379","9606.ENSP00000468425","ASPM","TK1",9606,0.563,0,0,0,0.35,0,0,0.356
"9606.ENSP00000356379","9606.ENSP00000380256","ASPM","CCNF",9606,0.573,0,0,0,0.495,0,0,0.191
"9606.ENSP00000356379","9606.ENSP00000364976","ASPM","CKS2",9606,0.598,0,0,0,0.37,0,0,0.389
"9606.ENSP00000356379","9606.ENSP00000465075","ASPM","SPC24",9606,0.636,0,0,0,0.266,0.459,0,0.158
"9606.ENSP00000356379","9606.ENSP00000387007","ASPM","NCAPG2",9606,0.644,0,0,0,0.496,0.17,0,0.219
"9606.ENSP00000356379","9606.ENSP00000405726","ASPM","CDC45",9606,0.679,0,0,0,0.555,0,0,0.309
"9606.ENSP00000356379","9606.ENSP00000418268","ASPM","MCM10",9606,0.698,0,0,0,0.46,0,0,0.465
"9606.ENSP00000356379","9606.ENSP00000363055","ASPM","ZWINT",9606,0.713,0,0,0,0.518,0,0,0.429
"9606.ENSP00000356379","9606.ENSP00000418960","ASPM","BRCA1",9606,0.728,0,0,0,0.333,0.286,0,0.475
"9606.ENSP00000356379","9606.ENSP00000415430","ASPM","GTSE1",9606,0.82,0,0,0,0.736,0,0,0.349
"9606.ENSP00000356379","9606.ENSP00000377536","ASPM","PTTG1",9606,0.822,0,0,0,0.702,0,0,0.429
"9606.ENSP00000356379","9606.ENSP00000442068","ASPM","CDCA3",9606,0.885,0,0,0,0.823,0,0,0.38
"9606.ENSP00000356379","9606.ENSP00000414109","ASPM","HJURP",9606,0.905,0,0,0,0.852,0,0,0.39
"9606.ENSP00000356379","9606.ENSP00000362146","ASPM","CDCA8",9606,0.925,0,0,0,0.865,0,0,0.47
"9606.ENSP00000356379","9606.ENSP00000481380","ASPM","CCNA2",9606,0.934,0,0,0,0.888,0,0,0.44
"9606.ENSP00000356379","9606.ENSP00000363524","ASPM","KIF4A",9606,0.935,0,0,0,0.864,0,0,0.545
"9606.ENSP00000356379","9606.ENSP00000361298","ASPM","KIF2C",9606,0.939,0,0,0,0.856,0,0,0.595
"9606.ENSP00000356379","9606.ENSP00000378699","ASPM","CDK1",9606,0.944,0,0,0,0.883,0,0,0.549
"9606.ENSP00000356379","9606.ENSP00000361540","ASPM","CDC20",9606,0.946,0,0,0,0.83,0.199,0,0.638
"9606.ENSP00000356379","9606.ENSP00000357643","ASPM","MKI67",9606,0.949,0,0,0,0.901,0.169,0,0.441
"9606.ENSP00000356379","9606.ENSP00000499238","ASPM","NUSAP1",9606,0.954,0,0,0,0.882,0,0,0.629
"9606.ENSP00000356379","9606.ENSP00000360944","ASPM","STIL",9606,0.964,0,0,0,0.394,0.133,0,0.937
"9606.ENSP00000356379","9606.ENSP00000411532","ASPM","TOP2A",9606,0.987,0,0,0,0.965,0,0,0.655
"9606.ENSP00000356790","9606.ENSP00000380256","ATP1B1","CCNF",9606,0.457,0,0,0,0,0.457,0,0
"9606.ENSP00000356790","9606.ENSP00000429690","ATP1B1","ATP6V0E1",9606,0.483,0,0,0,0.066,0,0.36,0.205
"9606.ENSP00000356790","9606.ENSP00000363162","ATP1B1","ATP6V1G1",9606,0.762,0,0,0,0.075,0,0.72,0.158
"9606.ENSP00000356793","9606.ENSP00000420384","XCL2","CST7",9606,0.467,0,0,0,0.276,0,0,0.295
"9606.ENSP00000356793","9606.ENSP00000398568","XCL2","PRF1",9606,0.469,0,0,0,0.279,0,0,0.295
"9606.ENSP00000356793","9606.ENSP00000483330","XCL2","CCL4L2",9606,0.519,0,0,0,0.099,0,0,0.489
"9606.ENSP00000356793","9606.ENSP00000482259","XCL2","CCL4",9606,0.633,0,0,0,0.336,0,0,0.47
"9606.ENSP00000356793","9606.ENSP00000436423","XCL2","GNLY",9606,0.643,0,0,0,0.327,0,0,0.492
"9606.ENSP00000356793","9606.ENSP00000474412","XCL2","CCL5",9606,0.999,0,0,0,0.257,0.999,0,0.308
"9606.ENSP00000356853","9606.ENSP00000498610","UCK2","SLC29A1",9606,0.409,0,0,0,0.08,0,0,0.384
"9606.ENSP00000356853","9606.ENSP00000371253","UCK2","GART",9606,0.434,0.1,0,0,0.133,0.115,0,0.278
"9606.ENSP00000356853","9606.ENSP00000380070","UCK2","GAPDH",9606,0.448,0.059,0,0,0.103,0.199,0,0.28
"9606.ENSP00000356853","9606.ENSP00000495530","UCK2","ENO1",9606,0.458,0,0,0,0.155,0,0,0.385
"9606.ENSP00000356853","9606.ENSP00000380256","UCK2","CCNF",9606,0.487,0,0,0,0.076,0.468,0,0
"9606.ENSP00000356853","9606.ENSP00000468425","UCK2","TK1",9606,0.579,0.071,0,0,0.253,0,0,0.443
"9606.ENSP00000356853","9606.ENSP00000379038","UCK2","TYMP",9606,0.702,0.088,0,0,0.055,0,0.377,0.512
"9606.ENSP00000356920","9606.ENSP00000380070","DUSP12","GAPDH",9606,0.4,0.047,0,0,0.084,0,0,0.368
"9606.ENSP00000356920","9606.ENSP00000398698","DUSP12","TNF",9606,0.4,0,0,0,0,0,0,0.4
"9606.ENSP00000356920","9606.ENSP00000364802","DUSP12","HSPA1A",9606,0.639,0,0,0,0.451,0.044,0,0.368
"9606.ENSP00000356946","9606.ENSP00000470788","FCGR3A","IL12RB1",9606,0.41,0,0,0,0.124,0,0,0.355
"9606.ENSP00000356946","9606.ENSP00000471896","FCGR3A","IRF3",9606,0.413,0,0,0,0.075,0,0,0.392
"9606.ENSP00000356946","9606.ENSP00000447730","FCGR3A","CD63",9606,0.441,0,0,0,0,0,0,0.441
"9606.ENSP00000356946","9606.ENSP00000365435","FCGR3A","TNFRSF1B",9606,0.498,0,0,0,0.22,0,0,0.384
"9606.ENSP00000356946","9606.ENSP00000368538","FCGR3A","TNFRSF4",9606,0.56,0,0,0,0.096,0,0,0.534
"9606.ENSP00000356946","9606.ENSP00000388620","FCGR3A","EOMES",9606,0.563,0,0,0,0.075,0,0,0.547
"9606.ENSP00000356946","9606.ENSP00000380070","FCGR3A","GAPDH",9606,0.57,0,0,0,0,0,0,0.57
"9606.ENSP00000356946","9606.ENSP00000494750","FCGR3A","ACTB",9606,0.579,0,0,0,0.062,0,0,0.57
"9606.ENSP00000356946","9606.ENSP00000378485","FCGR3A","MATK",9606,0.607,0,0,0,0.075,0,0,0.593
"9606.ENSP00000356946","9606.ENSP00000357012","FCGR3A","CD244",9606,0.617,0,0,0,0.185,0,0,0.55
"9606.ENSP00000356946","9606.ENSP00000363117","FCGR3A","FGR",9606,0.636,0,0,0,0.301,0,0.4,0.203
"9606.ENSP00000356946","9606.ENSP00000436423","FCGR3A","GNLY",9606,0.64,0,0,0,0.199,0,0,0.57
"9606.ENSP00000356946","9606.ENSP00000498852","FCGR3A","SPN",9606,0.67,0,0,0,0.092,0,0,0.652
"9606.ENSP00000356946","9606.ENSP00000482259","FCGR3A","CCL4",9606,0.706,0,0,0,0.224,0,0,0.637
"9606.ENSP00000356946","9606.ENSP00000474412","FCGR3A","CCL5",9606,0.715,0,0,0,0.22,0,0,0.65
"9606.ENSP00000356946","9606.ENSP00000357022","FCGR3A","SLAMF7",9606,0.718,0,0,0,0.129,0,0,0.69
"9606.ENSP00000356946","9606.ENSP00000380855","FCGR3A","PDCD1LG2",9606,0.767,0,0,0,0.143,0,0,0.74
"9606.ENSP00000356946","9606.ENSP00000433847","FCGR3A","B3GAT1",9606,0.78,0,0,0,0,0,0,0.78
"9606.ENSP00000356946","9606.ENSP00000365380","FCGR3A","FOXP3",9606,0.817,0,0,0,0.074,0,0,0.811
"9606.ENSP00000356946","9606.ENSP00000398568","FCGR3A","PRF1",9606,0.882,0,0,0,0.218,0,0,0.856
"9606.ENSP00000356946","9606.ENSP00000398698","FCGR3A","TNF",9606,0.893,0,0,0,0.129,0.304,0,0.838
"9606.ENSP00000356946","9606.ENSP00000428924","FCGR3A","LYN",9606,0.938,0,0,0,0.122,0,0.9,0.356
"9606.ENSP00000356946","9606.ENSP00000496959","FCGR3A","ITGAM",9606,0.94,0,0,0,0.299,0,0,0.918
"9606.ENSP00000356984","9606.ENSP00000378699","DEDD","CDK1",9606,0.53,0,0,0,0,0.456,0,0.172
"9606.ENSP00000356984","9606.ENSP00000373489","DEDD","KRT18",9606,0.788,0,0,0,0,0.457,0,0.627
"9606.ENSP00000357012","9606.ENSP00000474412","CD244","CCL5",9606,0.414,0,0,0,0.171,0,0,0.323
"9606.ENSP00000357012","9606.ENSP00000365380","CD244","FOXP3",9606,0.453,0,0,0,0.075,0,0,0.433
"9606.ENSP00000357012","9606.ENSP00000367013","CD244","TNFRSF25",9606,0.467,0,0,0,0.061,0,0,0.456
"9606.ENSP00000357012","9606.ENSP00000436423","CD244","GNLY",9606,0.467,0,0,0,0.213,0,0,0.351
"9606.ENSP00000357012","9606.ENSP00000398698","CD244","TNF",9606,0.471,0,0,0,0.1,0,0,0.437
"9606.ENSP00000357012","9606.ENSP00000424846","CD244","SH3BP2",9606,0.485,0,0,0,0.075,0.374,0,0.183
"9606.ENSP00000357012","9606.ENSP00000357022","CD244","SLAMF7",9606,0.502,0,0,0,0.173,0,0,0.423
"9606.ENSP00000357012","9606.ENSP00000380855","CD244","PDCD1LG2",9606,0.53,0,0,0,0,0,0,0.53
"9606.ENSP00000357012","9606.ENSP00000496959","CD244","ITGAM",9606,0.547,0,0,0,0.24,0,0,0.429
"9606.ENSP00000357012","9606.ENSP00000433847","CD244","B3GAT1",9606,0.555,0,0,0,0.075,0,0,0.539
"9606.ENSP00000357012","9606.ENSP00000368538","CD244","TNFRSF4",9606,0.572,0,0,0,0.096,0,0,0.547
"9606.ENSP00000357012","9606.ENSP00000388620","CD244","EOMES",9606,0.609,0,0,0,0.167,0.045,0,0.549
"9606.ENSP00000357012","9606.ENSP00000398568","CD244","PRF1",9606,0.631,0,0,0,0.216,0,0,0.549
"9606.ENSP00000357012","9606.ENSP00000464087","CD244","RNF213",9606,0.747,0,0,0,0.075,0.738,0,0
"9606.ENSP00000357022","9606.ENSP00000482259","SLAMF7","CCL4",9606,0.403,0,0,0,0.225,0,0,0.262
"9606.ENSP00000357022","9606.ENSP00000398698","SLAMF7","TNF",9606,0.411,0,0,0,0.137,0,0,0.346
"9606.ENSP00000357022","9606.ENSP00000474412","SLAMF7","CCL5",9606,0.411,0,0,0,0.216,0,0,0.28
"9606.ENSP00000357022","9606.ENSP00000398568","SLAMF7","PRF1",9606,0.524,0,0,0,0.209,0,0,0.424
"9606.ENSP00000357308","9606.ENSP00000357643","CENPW","MKI67",9606,0.409,0,0,0,0.335,0,0,0.148
"9606.ENSP00000357308","9606.ENSP00000396308","CENPW","DHFR",9606,0.439,0.094,0,0,0.194,0,0.175,0.18
"9606.ENSP00000357308","9606.ENSP00000364976","CENPW","CKS2",9606,0.443,0,0,0,0.361,0,0,0.165
"9606.ENSP00000357308","9606.ENSP00000371253","CENPW","GART",9606,0.462,0.136,0,0,0.296,0,0,0.187
"9606.ENSP00000357308","9606.ENSP00000480987","CENPW","MCM3",9606,0.462,0,0,0,0.368,0,0,0.184
"9606.ENSP00000357308","9606.ENSP00000405726","CENPW","CDC45",9606,0.519,0,0,0,0.378,0,0,0.259
"9606.ENSP00000357308","9606.ENSP00000411532","CENPW","TOP2A",9606,0.588,0.058,0,0,0.443,0,0,0.279
"9606.ENSP00000357308","9606.ENSP00000362592","CENPW","RBBP4",9606,0.613,0,0,0,0.124,0,0.5,0.189
"9606.ENSP00000357308","9606.ENSP00000499238","CENPW","NUSAP1",9606,0.621,0,0,0,0.529,0,0,0.229
"9606.ENSP00000357308","9606.ENSP00000481380","CENPW","CCNA2",9606,0.652,0,0,0,0.585,0,0,0.196
"9606.ENSP00000357308","9606.ENSP00000389810","CENPW","DSN1",9606,0.653,0,0,0,0.188,0.046,0,0.589
"9606.ENSP00000357308","9606.ENSP00000468425","CENPW","TK1",9606,0.659,0,0,0,0.511,0,0,0.333
"9606.ENSP00000357308","9606.ENSP00000363055","CENPW","ZWINT",9606,0.719,0,0,0,0.504,0.191,0,0.357
"9606.ENSP00000357308","9606.ENSP00000378699","CENPW","CDK1",9606,0.721,0,0,0,0.658,0,0,0.219
"9606.ENSP00000357308","9606.ENSP00000361540","CENPW","CDC20",9606,0.736,0,0,0,0.631,0,0,0.315
"9606.ENSP00000357308","9606.ENSP00000362146","CENPW","CDCA8",9606,0.74,0,0,0,0.685,0,0,0.21
"9606.ENSP00000357308","9606.ENSP00000442068","CENPW","CDCA3",9606,0.755,0,0,0,0.723,0,0,0.152
"9606.ENSP00000357308","9606.ENSP00000465075","CENPW","SPC24",9606,0.764,0,0,0,0.469,0,0,0.574
"9606.ENSP00000357308","9606.ENSP00000377536","CENPW","PTTG1",9606,0.765,0,0,0,0.687,0,0,0.28
"9606.ENSP00000357308","9606.ENSP00000361298","CENPW","KIF2C",9606,0.78,0,0,0,0.744,0,0,0.176
"9606.ENSP00000357308","9606.ENSP00000414109","CENPW","HJURP",9606,0.794,0,0,0,0.326,0,0.5,0.438
"9606.ENSP00000357336","9606.ENSP00000494750","RUSC1","ACTB",9606,0.498,0,0,0,0.091,0.468,0,0.046
"9606.ENSP00000357336","9606.ENSP00000386710","RUSC1","ATG9A",9606,0.539,0,0,0,0.093,0,0,0.513
"9606.ENSP00000357643","9606.ENSP00000429089","MKI67","CCNE2",9606,0.433,0,0,0,0.199,0,0,0.322
"9606.ENSP00000357643","9606.ENSP00000493712","MKI67","RAD51",9606,0.441,0,0,0,0.348,0,0,0.179
"9606.ENSP00000357643","9606.ENSP00000373489","MKI67","KRT18",9606,0.442,0,0,0,0.082,0,0,0.418
"9606.ENSP00000357643","9606.ENSP00000388620","MKI67","EOMES",9606,0.455,0,0,0,0,0,0,0.455
"9606.ENSP00000357643","9606.ENSP00000362824","MKI67","OGT",9606,0.456,0,0,0,0,0.456,0,0
"9606.ENSP00000357643","9606.ENSP00000396301","MKI67","IK",9606,0.456,0,0,0,0,0.456,0,0
"9606.ENSP00000357643","9606.ENSP00000452123","MKI67","SRSF5",9606,0.456,0,0,0,0,0.456,0,0.042
"9606.ENSP00000357643","9606.ENSP00000438886","MKI67","CDK5RAP3",9606,0.46,0,0,0,0,0.456,0,0.049
"9606.ENSP00000357643","9606.ENSP00000364361","MKI67","MAP3K20",9606,0.466,0,0,0,0.06,0.456,0,0
"9606.ENSP00000357643","9606.ENSP00000436423","MKI67","GNLY",9606,0.47,0,0,0,0,0,0,0.47
"9606.ENSP00000357643","9606.ENSP00000380070","MKI67","GAPDH",9606,0.476,0,0,0,0.079,0,0,0.455
"9606.ENSP00000357643","9606.ENSP00000398698","MKI67","TNF",9606,0.487,0,0,0,0,0,0,0.487
"9606.ENSP00000357643","9606.ENSP00000378935","MKI67","PPHLN1",9606,0.502,0,0,0,0.123,0.456,0,0
"9606.ENSP00000357643","9606.ENSP00000364976","MKI67","CKS2",9606,0.504,0,0,0,0.275,0,0,0.344
"9606.ENSP00000357643","9606.ENSP00000380241","MKI67","NUDT1",9606,0.515,0,0,0,0.095,0.457,0,0.094
"9606.ENSP00000357643","9606.ENSP00000438483","MKI67","KPNA2",9606,0.527,0,0,0,0.431,0,0,0.203
"9606.ENSP00000357643","9606.ENSP00000365380","MKI67","FOXP3",9606,0.559,0,0,0,0,0,0,0.559
"9606.ENSP00000357643","9606.ENSP00000377536","MKI67","PTTG1",9606,0.585,0,0,0,0.351,0,0,0.387
"9606.ENSP00000357643","9606.ENSP00000405726","MKI67","CDC45",9606,0.585,0,0,0,0.487,0,0,0.226
"9606.ENSP00000357643","9606.ENSP00000410452","MKI67","STMN1",9606,0.595,0,0,0,0.159,0,0,0.539
"9606.ENSP00000357643","9606.ENSP00000387007","MKI67","NCAPG2",9606,0.612,0,0,0,0.587,0,0,0.1
"9606.ENSP00000357643","9606.ENSP00000418960","MKI67","BRCA1",9606,0.668,0,0,0,0.415,0.138,0,0.396
"9606.ENSP00000357643","9606.ENSP00000418268","MKI67","MCM10",9606,0.692,0,0,0,0.614,0,0,0.235
"9606.ENSP00000357643","9606.ENSP00000480987","MKI67","MCM3",9606,0.715,0,0,0,0.302,0.456,0,0.31
"9606.ENSP00000357643","9606.ENSP00000468425","MKI67","TK1",9606,0.717,0,0,0,0.579,0.077,0,0.332
"9606.ENSP00000357643","9606.ENSP00000380256","MKI67","CCNF",9606,0.723,0,0,0,0.635,0,0,0.274
"9606.ENSP00000357643","9606.ENSP00000442068","MKI67","CDCA3",9606,0.771,0,0,0,0.68,0,0,0.315
"9606.ENSP00000357643","9606.ENSP00000363055","MKI67","ZWINT",9606,0.784,0,0,0,0.68,0,0,0.354
"9606.ENSP00000357643","9606.ENSP00000479617","MKI67","UHRF1",9606,0.784,0,0,0,0.556,0.456,0,0.179
"9606.ENSP00000357643","9606.ENSP00000415430","MKI67","GTSE1",9606,0.817,0,0,0,0.751,0,0,0.299
"9606.ENSP00000357643","9606.ENSP00000361298","MKI67","KIF2C",9606,0.885,0,0,0,0.83,0,0,0.356
"9606.ENSP00000357643","9606.ENSP00000362146","MKI67","CDCA8",9606,0.886,0,0,0,0.835,0,0,0.343
"9606.ENSP00000357643","9606.ENSP00000363524","MKI67","KIF4A",9606,0.895,0,0,0,0.857,0,0,0.299
"9606.ENSP00000357643","9606.ENSP00000499238","MKI67","NUSAP1",9606,0.916,0,0,0,0.854,0,0,0.45
"9606.ENSP00000357643","9606.ENSP00000414109","MKI67","HJURP",9606,0.927,0,0,0.313,0.864,0,0,0.286
"9606.ENSP00000357643","9606.ENSP00000361540","MKI67","CDC20",9606,0.928,0,0,0,0.744,0.457,0,0.527
"9606.ENSP00000357643","9606.ENSP00000481380","MKI67","CCNA2",9606,0.942,0,0,0,0.885,0,0,0.522
"9606.ENSP00000357643","9606.ENSP00000378699","MKI67","CDK1",9606,0.954,0,0,0,0.779,0.55,0,0.582
"9606.ENSP00000357643","9606.ENSP00000411532","MKI67","TOP2A",9606,0.989,0,0,0,0.959,0,0,0.75
"9606.ENSP00000357804","9606.ENSP00000367086","THEM4","ACOT7",9606,0.921,0,0,0,0,0,0.9,0.245
"9606.ENSP00000358089","9606.ENSP00000457411","TIAL1","USP10",9606,0.408,0,0,0,0.089,0,0,0.377
"9606.ENSP00000358089","9606.ENSP00000425031","TIAL1","HNRNPAB",9606,0.462,0,0,0.182,0.286,0.072,0,0.126
"9606.ENSP00000358089","9606.ENSP00000380256","TIAL1","CCNF",9606,0.467,0,0,0,0,0.457,0,0.06
"9606.ENSP00000358089","9606.ENSP00000398698","TIAL1","TNF",9606,0.508,0,0,0,0,0,0,0.508
"9606.ENSP00000358089","9606.ENSP00000483254","TIAL1","HNRNPDL",9606,0.508,0,0,0.17,0.288,0.072,0,0.21
"9606.ENSP00000358149","9606.ENSP00000452007","BOLA1","ISCA2",9606,0.976,0.061,0,0,0.101,0.068,0.9,0.747
"9606.ENSP00000358812","9606.ENSP00000362027","PDCD11","TRMT2B",9606,0.404,0.057,0,0,0.394,0,0,0
"9606.ENSP00000358812","9606.ENSP00000362146","PDCD11","CDCA8",9606,0.413,0,0,0,0.359,0,0,0.122
"9606.ENSP00000358812","9606.ENSP00000371253","PDCD11","GART",9606,0.442,0.178,0,0,0.143,0,0,0.272
"9606.ENSP00000358812","9606.ENSP00000497641","PDCD11","EIF4A3",9606,0.475,0,0,0,0.219,0.102,0,0.312
"9606.ENSP00000358812","9606.ENSP00000495530","PDCD11","ENO1",9606,0.487,0.056,0,0,0.413,0,0,0.15
"9606.ENSP00000358812","9606.ENSP00000439479","PDCD11","DMXL1",9606,0.511,0,0,0,0,0.511,0,0
"9606.ENSP00000358812","9606.ENSP00000380070","PDCD11","GAPDH",9606,0.512,0.098,0,0,0.414,0,0,0.152
"9606.ENSP00000358812","9606.ENSP00000495795","PDCD11","SPG7",9606,0.524,0.111,0,0,0.293,0.299,0,0.048
"9606.ENSP00000358812","9606.ENSP00000430598","PDCD11","ATOX1",9606,0.543,0,0,0,0.063,0.533,0,0
"9606.ENSP00000358812","9606.ENSP00000400646","PDCD11","PNPT1",9606,0.658,0.115,0,0,0.557,0,0,0.2
"9606.ENSP00000358812","9606.ENSP00000429089","PDCD11","CCNE2",9606,0.699,0,0,0,0.699,0,0,0
"9606.ENSP00000358812","9606.ENSP00000361433","PDCD11","EXOSC2",9606,0.713,0,0,0,0.261,0.406,0.4,0
"9606.ENSP00000358812","9606.ENSP00000360850","PDCD11","MRPS2",9606,0.79,0.106,0,0,0.617,0.369,0,0.145
"9606.ENSP00000358812","9606.ENSP00000496250","PDCD11","RPL11",9606,0.975,0.057,0,0,0.872,0.707,0,0.399
"9606.ENSP00000358812","9606.ENSP00000470560","PDCD11","EMG1",9606,0.993,0,0,0,0.248,0.814,0.8,0.795
"9606.ENSP00000358904","9606.ENSP00000362592","ZNF512B","RBBP4",9606,0.985,0,0,0,0.075,0.982,0,0.218
"9606.ENSP00000358921","9606.ENSP00000377958","ACTR1A","CCT4",9606,0.44,0,0,0,0.117,0.367,0,0.079
"9606.ENSP00000358921","9606.ENSP00000363524","ACTR1A","KIF4A",9606,0.516,0,0,0,0,0.072,0.5,0
"9606.ENSP00000358921","9606.ENSP00000361298","ACTR1A","KIF2C",9606,0.53,0,0,0,0.068,0,0.5,0.073
"9606.ENSP00000358921","9606.ENSP00000380256","ACTR1A","CCNF",9606,0.581,0,0,0,0.069,0.566,0,0.048
"9606.ENSP00000358921","9606.ENSP00000376865","ACTR1A","PDGFD",9606,0.598,0,0,0,0,0.598,0,0
"9606.ENSP00000358921","9606.ENSP00000443475","ACTR1A","TUBA1C",9606,0.735,0,0,0,0.096,0.131,0.65,0.15
"9606.ENSP00000358921","9606.ENSP00000458162","ACTR1A","ACTG1",9606,0.912,0,0,0.055,0.095,0.903,0,0.067
"9606.ENSP00000358921","9606.ENSP00000494750","ACTR1A","ACTB",9606,0.999,0,0,0.054,0.146,0.999,0,0.337
"9606.ENSP00000358939","9606.ENSP00000362824","SARS1","OGT",9606,0.467,0,0,0,0.06,0.457,0,0
"9606.ENSP00000359070","9606.ENSP00000410452","STMN3","STMN1",9606,0.892,0,0,0.066,0.075,0.876,0,0.113
"9606.ENSP00000359297","9606.ENSP00000496250","NSDHL","RPL11",9606,0.429,0,0,0,0.213,0.276,0,0.079
"9606.ENSP00000359297","9606.ENSP00000360316","NSDHL","DHCR24",9606,0.866,0.047,0,0,0.337,0,0.164,0.777
"9606.ENSP00000359497","9606.ENSP00000433209","GBP2","GSDMD",9606,0.4,0,0,0,0.13,0,0,0.339
"9606.ENSP00000359497","9606.ENSP00000474412","GBP2","CCL5",9606,0.405,0,0,0,0.175,0,0,0.309
"9606.ENSP00000359497","9606.ENSP00000363993","GBP2","PSMB9",9606,0.546,0,0,0,0.325,0,0,0.356
"9606.ENSP00000359497","9606.ENSP00000408146","GBP2","HLA-DPB1",9606,0.597,0,0,0,0.2,0,0.5,0.074
"9606.ENSP00000359497","9606.ENSP00000364080","GBP2","HLA-DQB1",9606,0.608,0,0,0,0.157,0,0.5,0.146
"9606.ENSP00000359497","9606.ENSP00000398698","GBP2","TNF",9606,0.627,0,0,0,0.139,0,0,0.585
"9606.ENSP00000359497","9606.ENSP00000471896","GBP2","IRF3",9606,0.648,0,0,0,0.077,0,0.5,0.3
"9606.ENSP00000359497","9606.ENSP00000393566","GBP2","HLA-DPA1",9606,0.657,0,0,0,0.22,0,0.5,0.192
"9606.ENSP00000359497","9606.ENSP00000388001","GBP2","OAS1",9606,0.74,0,0,0,0.143,0,0.5,0.443
"9606.ENSP00000359497","9606.ENSP00000395590","GBP2","IFI35",9606,0.755,0,0,0,0.217,0,0.5,0.426
"9606.ENSP00000359497","9606.ENSP00000364016","GBP2","PSMB8",9606,0.803,0,0,0,0.284,0,0.5,0.495
"9606.ENSP00000359911","9606.ENSP00000377958","RAP2C","CCT4",9606,0.532,0,0,0,0.068,0.519,0,0
"9606.ENSP00000360141","9606.ENSP00000418960","GNAS","BRCA1",9606,0.418,0,0,0,0,0,0,0.418
"9606.ENSP00000360141","9606.ENSP00000481762","GNAS","CSDE1",9606,0.426,0,0,0,0.216,0,0,0.299
"9606.ENSP00000360141","9606.ENSP00000380256","GNAS","CCNF",9606,0.457,0,0,0,0,0.457,0,0
"9606.ENSP00000360141","9606.ENSP00000458162","GNAS","ACTG1",9606,0.459,0,0,0,0.354,0,0,0.197
"9606.ENSP00000360141","9606.ENSP00000376276","GNAS","SRSF2",9606,0.472,0,0,0,0.095,0,0,0.441
"9606.ENSP00000360141","9606.ENSP00000494750","GNAS","ACTB",9606,0.496,0,0,0,0.347,0,0,0.261
"9606.ENSP00000360141","9606.ENSP00000369344","GNAS","GPR150",9606,0.506,0,0,0,0,0,0.5,0.054
"9606.ENSP00000360141","9606.ENSP00000380070","GNAS","GAPDH",9606,0.54,0,0,0,0.351,0,0,0.321
"9606.ENSP00000360141","9606.ENSP00000369899","GNAS","RRAGA",9606,0.551,0,0,0,0.066,0,0.54,0
"9606.ENSP00000360141","9606.ENSP00000437125","GNAS","HSPA8",9606,0.658,0,0,0,0.236,0.541,0,0.104
"9606.ENSP00000360141","9606.ENSP00000360183","GNAS","STX16",9606,0.867,0,0,0,0.079,0,0,0.862
"9606.ENSP00000360141","9606.ENSP00000371594","GNAS","GNG7",9606,0.999,0,0,0,0,0.999,0.9,0.401
"9606.ENSP00000360183","9606.ENSP00000439479","STX16","DMXL1",9606,0.483,0,0,0,0,0.483,0,0
"9606.ENSP00000360183","9606.ENSP00000386710","STX16","ATG9A",9606,0.554,0,0,0,0.095,0.395,0,0.251
"9606.ENSP00000360183","9606.ENSP00000463393","STX16","SEC22B",9606,0.889,0,0,0,0.075,0.756,0,0.548
"9606.ENSP00000360183","9606.ENSP00000379602","STX16","VAMP1",9606,0.965,0,0,0,0.095,0.373,0.9,0.466
"9606.ENSP00000360268","9606.ENSP00000480987","ALDH18A1","MCM3",9606,0.412,0,0,0,0.19,0.295,0,0.054
"9606.ENSP00000360268","9606.ENSP00000396308","ALDH18A1","DHFR",9606,0.48,0.277,0,0,0.058,0,0,0.298
"9606.ENSP00000360268","9606.ENSP00000442318","ALDH18A1","CAND1",9606,0.49,0,0,0,0.075,0.457,0,0.067
"9606.ENSP00000360268","9606.ENSP00000438399","ALDH18A1","IST1",9606,0.503,0,0,0,0,0.503,0,0
"9606.ENSP00000360268","9606.ENSP00000380070","ALDH18A1","GAPDH",9606,0.522,0.136,0,0,0.075,0,0,0.45
"9606.ENSP00000360268","9606.ENSP00000495795","ALDH18A1","SPG7",9606,0.539,0.115,0,0,0.066,0,0,0.488
"9606.ENSP00000360268","9606.ENSP00000364976","ALDH18A1","CKS2",9606,0.553,0,0,0,0.065,0.511,0,0.102
"9606.ENSP00000360268","9606.ENSP00000361990","ALDH18A1","UBR2",9606,0.561,0,0,0,0.058,0.554,0,0
"9606.ENSP00000360268","9606.ENSP00000380256","ALDH18A1","CCNF",9606,0.63,0,0,0,0.094,0.566,0,0.136
"9606.ENSP00000360268","9606.ENSP00000371253","ALDH18A1","GART",9606,0.643,0.357,0,0,0.117,0,0,0.423
"9606.ENSP00000360268","9606.ENSP00000443459","ALDH18A1","BCAT1",9606,0.721,0.156,0,0,0.419,0.069,0,0.462
"9606.ENSP00000360268","9606.ENSP00000377617","ALDH18A1","MTHFD2",9606,0.742,0.276,0,0,0.308,0,0,0.528
"9606.ENSP00000360268","9606.ENSP00000498336","ALDH18A1","MTHFD1",9606,0.826,0.07,0,0,0.108,0.726,0,0.325
"9606.ENSP00000360316","9606.ENSP00000496250","DHCR24","RPL11",9606,0.454,0,0,0,0.082,0,0,0.43
"9606.ENSP00000360316","9606.ENSP00000380256","DHCR24","CCNF",9606,0.476,0,0,0,0.075,0.457,0,0
"9606.ENSP00000360316","9606.ENSP00000363603","DHCR24","FUCA1",9606,0.58,0,0,0,0.06,0,0,0.572
"9606.ENSP00000360329","9606.ENSP00000437125","TTC4","HSPA8",9606,0.581,0,0,0,0.094,0.551,0,0.054
"9606.ENSP00000360329","9606.ENSP00000365380","TTC4","FOXP3",9606,0.606,0,0,0,0,0,0,0.606
"9606.ENSP00000360329","9606.ENSP00000436649","TTC4","SAC3D1",9606,0.801,0,0,0,0.07,0.795,0,0
"9606.ENSP00000360623","9606.ENSP00000362334","ORC1","PSMB2",9606,0.425,0,0,0,0.081,0,0.4,0
"9606.ENSP00000360623","9606.ENSP00000414109","ORC1","HJURP",9606,0.428,0,0,0,0.361,0,0,0.142
"9606.ENSP00000360623","9606.ENSP00000478877","ORC1","ADRM1",9606,0.429,0,0,0,0.069,0,0.4,0.06
"9606.ENSP00000360623","9606.ENSP00000418960","ORC1","BRCA1",9606,0.43,0,0,0,0.343,0,0,0.169
"9606.ENSP00000360623","9606.ENSP00000363524","ORC1","KIF4A",9606,0.442,0,0,0,0.37,0,0,0.152
"9606.ENSP00000360623","9606.ENSP00000361540","ORC1","CDC20",9606,0.502,0,0,0,0.358,0.063,0,0.24
"9606.ENSP00000360623","9606.ENSP00000493712","ORC1","RAD51",9606,0.502,0.043,0,0,0.356,0,0,0.258
"9606.ENSP00000360623","9606.ENSP00000362146","ORC1","CDCA8",9606,0.524,0,0,0,0.506,0,0,0.076
"9606.ENSP00000360623","9606.ENSP00000361298","ORC1","KIF2C",9606,0.561,0,0,0,0.517,0,0,0.129
"9606.ENSP00000360623","9606.ENSP00000429089","ORC1","CCNE2",9606,0.566,0,0,0,0.382,0,0,0.328
"9606.ENSP00000360623","9606.ENSP00000483903","ORC1","H2BC15",9606,0.597,0,0,0,0.086,0.178,0.5,0.054
"9606.ENSP00000360623","9606.ENSP00000383611","ORC1","CCNL2",9606,0.656,0,0,0,0,0.587,0,0.202
"9606.ENSP00000360623","9606.ENSP00000378699","ORC1","CDK1",9606,0.933,0,0,0,0.274,0.772,0.5,0.288
"9606.ENSP00000360623","9606.ENSP00000418268","ORC1","MCM10",9606,0.935,0,0,0,0.572,0.478,0.5,0.493
"9606.ENSP00000360623","9606.ENSP00000405726","ORC1","CDC45",9606,0.995,0,0,0,0.784,0.898,0.5,0.619
"9606.ENSP00000360623","9606.ENSP00000481380","ORC1","CCNA2",9606,0.997,0,0,0,0.555,0.978,0.4,0.613
"9606.ENSP00000360623","9606.ENSP00000480987","ORC1","MCM3",9606,0.998,0,0,0,0.88,0.948,0.5,0.566
"9606.ENSP00000360850","9606.ENSP00000427004","MRPS2","GFM2",9606,0.401,0,0,0.208,0.086,0.219,0,0.067
"9606.ENSP00000360850","9606.ENSP00000495530","MRPS2","ENO1",9606,0.446,0.061,0,0,0.381,0.065,0,0.101
"9606.ENSP00000360850","9606.ENSP00000495795","MRPS2","SPG7",9606,0.46,0,0,0,0.064,0.431,0,0.068
"9606.ENSP00000360850","9606.ENSP00000496250","MRPS2","RPL11",9606,0.748,0.057,0,0,0.566,0.365,0,0.145
"9606.ENSP00000360944","9606.ENSP00000418960","STIL","BRCA1",9606,0.4,0,0,0,0.245,0,0,0.238
"9606.ENSP00000360944","9606.ENSP00000362146","STIL","CDCA8",9606,0.425,0,0,0,0.318,0,0,0.192
"9606.ENSP00000360944","9606.ENSP00000499238","STIL","NUSAP1",9606,0.453,0,0,0,0.36,0,0,0.181
"9606.ENSP00000360944","9606.ENSP00000411532","STIL","TOP2A",9606,0.47,0,0,0,0.36,0,0,0.207
"9606.ENSP00000360944","9606.ENSP00000363524","STIL","KIF4A",9606,0.483,0,0,0,0.397,0,0,0.179
"9606.ENSP00000360944","9606.ENSP00000387007","STIL","NCAPG2",9606,0.483,0,0,0,0.436,0,0,0.122
"9606.ENSP00000360944","9606.ENSP00000361540","STIL","CDC20",9606,0.498,0,0,0,0.34,0,0,0.271
"9606.ENSP00000360944","9606.ENSP00000361298","STIL","KIF2C",9606,0.524,0,0,0,0.424,0,0,0.209
"9606.ENSP00000360944","9606.ENSP00000481380","STIL","CCNA2",9606,0.53,0,0,0,0.399,0.064,0,0.232
"9606.ENSP00000360944","9606.ENSP00000418268","STIL","MCM10",9606,0.534,0,0,0,0.44,0,0,0.202
"9606.ENSP00000360944","9606.ENSP00000380256","STIL","CCNF",9606,0.576,0,0,0,0.238,0.457,0,0.059
"9606.ENSP00000360944","9606.ENSP00000378699","STIL","CDK1",9606,0.688,0,0,0,0.388,0.301,0,0.33
"9606.ENSP00000361298","9606.ENSP00000497402","KIF2C","RCC1",9606,0.423,0,0,0,0.201,0.077,0,0.281
"9606.ENSP00000361298","9606.ENSP00000493712","KIF2C","RAD51",9606,0.461,0,0,0,0.395,0,0,0.146
"9606.ENSP00000361298","9606.ENSP00000468425","KIF2C","TK1",9606,0.512,0,0,0,0.41,0,0,0.207
"9606.ENSP00000361298","9606.ENSP00000480987","KIF2C","MCM3",9606,0.531,0,0,0,0.425,0,0,0.219
"9606.ENSP00000361298","9606.ENSP00000387007","KIF2C","NCAPG2",9606,0.539,0,0,0,0.443,0,0,0.207
"9606.ENSP00000361298","9606.ENSP00000418268","KIF2C","MCM10",9606,0.539,0,0,0,0.351,0,0,0.32
"9606.ENSP00000361298","9606.ENSP00000389810","KIF2C","DSN1",9606,0.568,0,0,0,0.212,0,0,0.475
"9606.ENSP00000361298","9606.ENSP00000465075","KIF2C","SPC24",9606,0.594,0,0,0,0.363,0,0,0.39
"9606.ENSP00000361298","9606.ENSP00000365433","KIF2C","TCF19",9606,0.626,0,0,0,0.626,0,0,0
"9606.ENSP00000361298","9606.ENSP00000410452","KIF2C","STMN1",9606,0.674,0,0,0,0.154,0,0,0.631
"9606.ENSP00000361298","9606.ENSP00000363055","KIF2C","ZWINT",9606,0.7,0,0,0,0.476,0,0,0.452
"9606.ENSP00000361298","9606.ENSP00000438483","KIF2C","KPNA2",9606,0.701,0,0,0,0.613,0,0,0.26
"9606.ENSP00000361298","9606.ENSP00000364976","KIF2C","CKS2",9606,0.707,0,0,0,0.383,0,0,0.546
"9606.ENSP00000361298","9606.ENSP00000380256","KIF2C","CCNF",9606,0.721,0,0,0,0.544,0.219,0,0.282
"9606.ENSP00000361298","9606.ENSP00000415430","KIF2C","GTSE1",9606,0.776,0,0,0,0.618,0,0,0.44
"9606.ENSP00000361298","9606.ENSP00000479617","KIF2C","UHRF1",9606,0.83,0,0,0,0.666,0,0,0.514
"9606.ENSP00000361298","9606.ENSP00000418960","KIF2C","BRCA1",9606,0.852,0,0,0,0.309,0.745,0,0.23
"9606.ENSP00000361298","9606.ENSP00000405726","KIF2C","CDC45",9606,0.881,0,0,0,0.798,0,0,0.436
"9606.ENSP00000361298","9606.ENSP00000377536","KIF2C","PTTG1",9606,0.883,0,0,0,0.775,0,0,0.505
"9606.ENSP00000361298","9606.ENSP00000414109","KIF2C","HJURP",9606,0.925,0,0,0,0.868,0,0,0.46
"9606.ENSP00000361298","9606.ENSP00000411532","KIF2C","TOP2A",9606,0.927,0,0,0,0.844,0,0,0.555
"9606.ENSP00000361298","9606.ENSP00000499238","KIF2C","NUSAP1",9606,0.927,0,0,0,0.836,0,0,0.578
"9606.ENSP00000361298","9606.ENSP00000481380","KIF2C","CCNA2",9606,0.935,0,0,0,0.876,0,0,0.5
"9606.ENSP00000361298","9606.ENSP00000363524","KIF2C","KIF4A",9606,0.941,0,0,0,0.873,0,0.4,0.295
"9606.ENSP00000361298","9606.ENSP00000442068","KIF2C","CDCA3",9606,0.957,0,0,0,0.927,0,0,0.442
"9606.ENSP00000361298","9606.ENSP00000362146","KIF2C","CDCA8",9606,0.968,0,0,0,0.882,0.127,0,0.719
"9606.ENSP00000361298","9606.ENSP00000378699","KIF2C","CDK1",9606,0.987,0,0,0,0.863,0.687,0.4,0.57
"9606.ENSP00000361298","9606.ENSP00000361540","KIF2C","CDC20",9606,0.991,0,0,0,0.87,0,0.8,0.694
"9606.ENSP00000361433","9606.ENSP00000416269","EXOSC2","DDX39B",9606,0.4,0,0,0,0.379,0,0,0.074
"9606.ENSP00000361433","9606.ENSP00000496250","EXOSC2","RPL11",9606,0.824,0,0,0,0.116,0.8,0,0.085
"9606.ENSP00000361433","9606.ENSP00000400646","EXOSC2","PNPT1",9606,0.854,0,0,0,0.322,0,0.72,0.297
"9606.ENSP00000361433","9606.ENSP00000470560","EXOSC2","EMG1",9606,0.859,0,0,0,0.555,0.486,0.4,0.094
"9606.ENSP00000361499","9606.ENSP00000426354","YIPF3","TMEM161B",9606,0.496,0,0,0,0,0.496,0,0
"9606.ENSP00000361540","9606.ENSP00000494750","CDC20","ACTB",9606,0.407,0,0,0,0.075,0.075,0,0.363
"9606.ENSP00000361540","9606.ENSP00000380070","CDC20","GAPDH",9606,0.445,0,0,0,0.127,0.043,0,0.39
"9606.ENSP00000361540","9606.ENSP00000478877","CDC20","ADRM1",9606,0.45,0,0,0,0.078,0,0.4,0.087
"9606.ENSP00000361540","9606.ENSP00000362334","CDC20","PSMB2",9606,0.452,0,0,0,0.096,0.043,0.4,0.069
"9606.ENSP00000361540","9606.ENSP00000380241","CDC20","NUDT1",9606,0.452,0,0,0,0.138,0.069,0,0.373
"9606.ENSP00000361540","9606.ENSP00000387007","CDC20","NCAPG2",9606,0.456,0,0,0,0.36,0,0,0.185
"9606.ENSP00000361540","9606.ENSP00000438399","CDC20","IST1",9606,0.457,0,0,0,0,0.457,0,0
"9606.ENSP00000361540","9606.ENSP00000410452","CDC20","STMN1",9606,0.485,0,0,0,0.285,0.073,0,0.286
"9606.ENSP00000361540","9606.ENSP00000429089","CDC20","CCNE2",9606,0.537,0,0,0,0.14,0.064,0,0.472
"9606.ENSP00000361540","9606.ENSP00000379181","CDC20","RAE1",9606,0.571,0,0,0,0.075,0.076,0,0.539
"9606.ENSP00000361540","9606.ENSP00000365433","CDC20","TCF19",9606,0.594,0,0,0,0.57,0,0,0.096
"9606.ENSP00000361540","9606.ENSP00000418268","CDC20","MCM10",9606,0.638,0,0,0,0.338,0.049,0,0.472
"9606.ENSP00000361540","9606.ENSP00000380878","CDC20","PPP3CC",9606,0.652,0,0,0,0,0,0.65,0.049
"9606.ENSP00000361540","9606.ENSP00000389810","CDC20","DSN1",9606,0.695,0,0,0,0.17,0.073,0.5,0.303
"9606.ENSP00000361540","9606.ENSP00000383611","CDC20","CCNL2",9606,0.701,0,0,0,0,0,0,0.701
"9606.ENSP00000361540","9606.ENSP00000438483","CDC20","KPNA2",9606,0.724,0,0,0,0.546,0.062,0,0.405
"9606.ENSP00000361540","9606.ENSP00000415430","CDC20","GTSE1",9606,0.736,0.042,0,0,0.566,0,0,0.418
"9606.ENSP00000361540","9606.ENSP00000479617","CDC20","UHRF1",9606,0.763,0,0,0,0.496,0.069,0,0.537
"9606.ENSP00000361540","9606.ENSP00000468425","CDC20","TK1",9606,0.829,0,0,0,0.468,0.456,0,0.457
"9606.ENSP00000361540","9606.ENSP00000480987","CDC20","MCM3",9606,0.84,0,0,0,0.646,0.065,0,0.558
"9606.ENSP00000361540","9606.ENSP00000418960","CDC20","BRCA1",9606,0.853,0,0,0,0.176,0,0.72,0.415
"9606.ENSP00000361540","9606.ENSP00000414109","CDC20","HJURP",9606,0.867,0,0,0,0.792,0,0,0.388
"9606.ENSP00000361540","9606.ENSP00000493712","CDC20","RAD51",9606,0.869,0,0,0,0.361,0.07,0.72,0.306
"9606.ENSP00000361540","9606.ENSP00000363524","CDC20","KIF4A",9606,0.87,0,0,0,0.753,0,0,0.496
"9606.ENSP00000361540","9606.ENSP00000465075","CDC20","SPC24",9606,0.896,0,0,0,0.689,0,0.5,0.385
"9606.ENSP00000361540","9606.ENSP00000380256","CDC20","CCNF",9606,0.903,0,0,0,0.656,0.457,0,0.525
"9606.ENSP00000361540","9606.ENSP00000405726","CDC20","CDC45",9606,0.904,0,0,0,0.661,0,0,0.731
"9606.ENSP00000361540","9606.ENSP00000363055","CDC20","ZWINT",9606,0.929,0,0,0,0.531,0.457,0.5,0.515
"9606.ENSP00000361540","9606.ENSP00000499238","CDC20","NUSAP1",9606,0.944,0,0,0,0.866,0,0,0.603
"9606.ENSP00000361540","9606.ENSP00000364976","CDC20","CKS2",9606,0.96,0,0,0,0.403,0.68,0,0.808
"9606.ENSP00000361540","9606.ENSP00000411532","CDC20","TOP2A",9606,0.962,0,0,0,0.887,0,0,0.68
"9606.ENSP00000361540","9606.ENSP00000362146","CDC20","CDCA8",9606,0.974,0,0,0,0.86,0,0.5,0.669
"9606.ENSP00000361540","9606.ENSP00000442068","CDC20","CDCA3",9606,0.978,0,0,0,0.929,0,0,0.713
"9606.ENSP00000361540","9606.ENSP00000377536","CDC20","PTTG1",9606,0.999,0,0,0,0.888,0.999,0.65,0.928
"9606.ENSP00000361540","9606.ENSP00000377958","CDC20","CCT4",9606,0.999,0,0,0,0.09,0.999,0,0.19
"9606.ENSP00000361540","9606.ENSP00000378699","CDC20","CDK1",9606,0.999,0,0,0,0.911,0.987,0.5,0.872
"9606.ENSP00000361540","9606.ENSP00000481380","CDC20","CCNA2",9606,0.999,0,0,0,0.885,0.999,0.5,0.76
"9606.ENSP00000361664","9606.ENSP00000362334","HIVEP3","PSMB2",9606,0.4,0,0,0,0,0,0.4,0
"9606.ENSP00000361664","9606.ENSP00000478877","HIVEP3","ADRM1",9606,0.415,0,0,0,0,0.066,0.4,0
"9606.ENSP00000361664","9606.ENSP00000396301","HIVEP3","IK",9606,0.418,0,0,0,0,0,0,0.418
"9606.ENSP00000361780","9606.ENSP00000442521","BEX4","BEX2",9606,0.579,0,0,0,0.477,0,0,0.229
"9606.ENSP00000361800","9606.ENSP00000362424","WDR34","TRAF3IP1",9606,0.53,0,0,0,0.075,0,0,0.513
"9606.ENSP00000361800","9606.ENSP00000384290","WDR34","WDR60",9606,0.999,0,0,0,0.117,0.999,0.9,0.581
"9606.ENSP00000361883","9606.ENSP00000380070","CAP1","GAPDH",9606,0.447,0,0,0,0.14,0.297,0,0.159
"9606.ENSP00000361883","9606.ENSP00000364935","CAP1","CLIC1",9606,0.568,0,0,0,0.562,0,0,0.055
"9606.ENSP00000361883","9606.ENSP00000449428","CAP1","TWF1",9606,0.776,0,0,0,0.049,0.665,0,0.355
"9606.ENSP00000361883","9606.ENSP00000458162","CAP1","ACTG1",9606,0.993,0,0,0,0.199,0.99,0,0.263
"9606.ENSP00000361883","9606.ENSP00000494750","CAP1","ACTB",9606,0.999,0,0,0,0.326,0.999,0,0.2
"9606.ENSP00000361965","9606.ENSP00000396308","ADA","DHFR",9606,0.42,0.042,0,0,0.099,0,0,0.383
"9606.ENSP00000361965","9606.ENSP00000398882","ADA","DOHH",9606,0.426,0,0,0,0.411,0.067,0,0
"9606.ENSP00000361965","9606.ENSP00000398698","ADA","TNF",9606,0.444,0,0,0,0,0,0,0.444
"9606.ENSP00000361965","9606.ENSP00000494750","ADA","ACTB",9606,0.447,0,0,0,0.065,0.247,0,0.278
"9606.ENSP00000361965","9606.ENSP00000371253","ADA","GART",9606,0.514,0,0,0,0.127,0,0,0.467
"9606.ENSP00000361965","9606.ENSP00000498610","ADA","SLC29A1",9606,0.714,0,0,0,0.062,0,0,0.708
"9606.ENSP00000362010","9606.ENSP00000377833","ANXA7","ANXA4",9606,0.539,0,0,0.069,0.23,0.366,0,0.106
"9606.ENSP00000362027","9606.ENSP00000470560","TRMT2B","EMG1",9606,0.407,0,0,0,0.407,0,0,0
"9606.ENSP00000362041","9606.ENSP00000364802","DNAJC9","HSPA1A",9606,0.413,0,0,0,0.207,0,0.164,0.187
"9606.ENSP00000362041","9606.ENSP00000480987","DNAJC9","MCM3",9606,0.583,0,0,0,0.378,0.211,0,0.22
"9606.ENSP00000362041","9606.ENSP00000367034","DNAJC9","H4C3",9606,0.904,0,0,0,0.083,0.9,0,0.042
"9606.ENSP00000362041","9606.ENSP00000377958","DNAJC9","CCT4",9606,0.949,0.042,0,0,0.22,0.2,0.9,0.289
"9606.ENSP00000362041","9606.ENSP00000437125","DNAJC9","HSPA8",9606,0.989,0,0,0,0.235,0.811,0.912,0.257
"9606.ENSP00000362146","9606.ENSP00000380070","CDCA8","GAPDH",9606,0.41,0,0,0,0.143,0,0,0.34
"9606.ENSP00000362146","9606.ENSP00000429089","CDCA8","CCNE2",9606,0.436,0,0,0,0.262,0.056,0,0.256
"9606.ENSP00000362146","9606.ENSP00000496250","CDCA8","RPL11",9606,0.458,0,0,0,0.408,0,0,0.123
"9606.ENSP00000362146","9606.ENSP00000379181","CDCA8","RAE1",9606,0.461,0,0,0,0.094,0.075,0.4,0.055
"9606.ENSP00000362146","9606.ENSP00000383611","CDCA8","CCNL2",9606,0.528,0,0,0,0,0,0,0.528
"9606.ENSP00000362146","9606.ENSP00000389810","CDCA8","DSN1",9606,0.558,0,0,0,0.197,0,0,0.473
"9606.ENSP00000362146","9606.ENSP00000387007","CDCA8","NCAPG2",9606,0.576,0,0,0,0.454,0,0,0.256
"9606.ENSP00000362146","9606.ENSP00000497402","CDCA8","RCC1",9606,0.586,0,0,0,0.182,0,0,0.515
"9606.ENSP00000362146","9606.ENSP00000438483","CDCA8","KPNA2",9606,0.587,0,0,0,0.447,0.073,0,0.26
"9606.ENSP00000362146","9606.ENSP00000468425","CDCA8","TK1",9606,0.639,0.07,0,0,0.428,0,0,0.376
"9606.ENSP00000362146","9606.ENSP00000418268","CDCA8","MCM10",9606,0.658,0,0,0,0.413,0,0,0.442
"9606.ENSP00000362146","9606.ENSP00000364976","CDCA8","CKS2",9606,0.661,0,0,0,0.489,0,0,0.365
"9606.ENSP00000362146","9606.ENSP00000363055","CDCA8","ZWINT",9606,0.704,0,0,0,0.539,0,0,0.385
"9606.ENSP00000362146","9606.ENSP00000380256","CDCA8","CCNF",9606,0.714,0,0,0,0.572,0,0,0.361
"9606.ENSP00000362146","9606.ENSP00000365433","CDCA8","TCF19",9606,0.732,0,0,0,0.708,0.045,0,0.118
"9606.ENSP00000362146","9606.ENSP00000465075","CDCA8","SPC24",9606,0.737,0,0,0,0.589,0,0,0.388
"9606.ENSP00000362146","9606.ENSP00000415430","CDCA8","GTSE1",9606,0.744,0.057,0,0,0.607,0,0,0.365
"9606.ENSP00000362146","9606.ENSP00000480987","CDCA8","MCM3",9606,0.746,0,0,0,0.668,0,0,0.269
"9606.ENSP00000362146","9606.ENSP00000493712","CDCA8","RAD51",9606,0.756,0,0,0,0.56,0,0,0.47
"9606.ENSP00000362146","9606.ENSP00000479617","CDCA8","UHRF1",9606,0.809,0,0,0,0.765,0,0,0.221
"9606.ENSP00000362146","9606.ENSP00000367034","CDCA8","H4C3",9606,0.822,0,0,0,0.075,0.801,0,0.114
"9606.ENSP00000362146","9606.ENSP00000405726","CDCA8","CDC45",9606,0.854,0,0,0,0.686,0,0,0.557
"9606.ENSP00000362146","9606.ENSP00000377536","CDCA8","PTTG1",9606,0.894,0,0,0,0.692,0,0,0.672
"9606.ENSP00000362146","9606.ENSP00000366679","CDCA8","H2AC12",9606,0.903,0,0,0,0.075,0.9,0,0
"9606.ENSP00000362146","9606.ENSP00000483903","CDCA8","H2BC15",9606,0.918,0,0,0,0.072,0.9,0,0.193
"9606.ENSP00000362146","9606.ENSP00000499238","CDCA8","NUSAP1",9606,0.92,0,0,0,0.812,0,0,0.595
"9606.ENSP00000362146","9606.ENSP00000411532","CDCA8","TOP2A",9606,0.921,0,0,0,0.822,0,0,0.577
"9606.ENSP00000362146","9606.ENSP00000414109","CDCA8","HJURP",9606,0.925,0,0,0,0.872,0,0,0.443
"9606.ENSP00000362146","9606.ENSP00000363524","CDCA8","KIF4A",9606,0.928,0,0,0,0.846,0,0,0.557
"9606.ENSP00000362146","9606.ENSP00000481380","CDCA8","CCNA2",9606,0.966,0,0,0,0.939,0,0,0.477
"9606.ENSP00000362146","9606.ENSP00000442068","CDCA8","CDCA3",9606,0.981,0,0,0,0.95,0,0,0.65
"9606.ENSP00000362146","9606.ENSP00000378699","CDCA8","CDK1",9606,0.987,0,0,0,0.882,0.065,0.4,0.827
"9606.ENSP00000362166","9606.ENSP00000366679","MEAF6","H2AC12",9606,0.421,0,0,0,0,0.076,0.4,0
"9606.ENSP00000362166","9606.ENSP00000362592","MEAF6","RBBP4",9606,0.494,0,0,0,0.094,0,0.4,0.145
"9606.ENSP00000362166","9606.ENSP00000383059","MEAF6","ARGLU1",9606,0.496,0,0,0,0.075,0.466,0,0.063
"9606.ENSP00000362166","9606.ENSP00000362824","MEAF6","OGT",9606,0.727,0,0,0,0.066,0,0.72,0
"9606.ENSP00000362166","9606.ENSP00000458162","MEAF6","ACTG1",9606,0.921,0,0,0,0.068,0.21,0.9,0.065
"9606.ENSP00000362166","9606.ENSP00000494750","MEAF6","ACTB",9606,0.924,0,0,0,0.068,0.21,0.9,0.1
"9606.ENSP00000362166","9606.ENSP00000397552","MEAF6","ACTL6A",9606,0.994,0,0,0,0.075,0.86,0.9,0.619
"9606.ENSP00000362285","9606.ENSP00000447730","SLC29A3","CD63",9606,0.788,0,0,0,0.047,0.398,0,0.661
"9606.ENSP00000362285","9606.ENSP00000498610","SLC29A3","SLC29A1",9606,0.92,0,0,0.073,0.058,0,0.9,0.199
"9606.ENSP00000362334","9606.ENSP00000433760","PSMB2","BANF1",9606,0.411,0,0,0,0.411,0,0,0
"9606.ENSP00000362334","9606.ENSP00000429089","PSMB2","CCNE2",9606,0.416,0,0,0,0.068,0,0.4,0
"9606.ENSP00000362334","9606.ENSP00000415430","PSMB2","GTSE1",9606,0.421,0,0,0,0.075,0,0.4,0.042
"9606.ENSP00000362334","9606.ENSP00000394331","PSMB2","COMMD5",9606,0.426,0,0,0,0.084,0,0.4,0
"9606.ENSP00000362334","9606.ENSP00000481380","PSMB2","CCNA2",9606,0.438,0,0,0,0.094,0,0.4,0.05
"9606.ENSP00000362334","9606.ENSP00000398698","PSMB2","TNF",9606,0.452,0,0,0,0.047,0,0.4,0.12
"9606.ENSP00000362334","9606.ENSP00000380070","PSMB2","GAPDH",9606,0.453,0,0,0,0.2,0,0,0.345
"9606.ENSP00000362334","9606.ENSP00000365435","PSMB2","TNFRSF1B",9606,0.455,0,0,0,0.07,0,0.4,0.102
"9606.ENSP00000362334","9606.ENSP00000378699","PSMB2","CDK1",9606,0.484,0,0,0,0.098,0.074,0.4,0.092
"9606.ENSP00000362334","9606.ENSP00000377536","PSMB2","PTTG1",9606,0.564,0,0,0,0.149,0,0.4,0.216
"9606.ENSP00000362334","9606.ENSP00000469240","PSMB2","CHMP2A",9606,0.565,0,0,0,0.239,0,0,0.452
"9606.ENSP00000362334","9606.ENSP00000377958","PSMB2","CCT4",9606,0.575,0,0,0,0.488,0.045,0,0.201
"9606.ENSP00000362334","9606.ENSP00000377245","PSMB2","KEAP1",9606,0.6,0,0,0,0.146,0.045,0.5,0.136
"9606.ENSP00000362334","9606.ENSP00000392353","PSMB2","PSMG4",9606,0.636,0,0,0,0.09,0.091,0.5,0.224
"9606.ENSP00000362334","9606.ENSP00000437125","PSMB2","HSPA8",9606,0.678,0,0,0,0.2,0.544,0,0.189
"9606.ENSP00000362334","9606.ENSP00000380256","PSMB2","CCNF",9606,0.807,0,0,0,0.069,0.802,0,0
"9606.ENSP00000362334","9606.ENSP00000363993","PSMB2","PSMB9",9606,0.999,0,0,0,0.74,0.999,0.9,0.881
"9606.ENSP00000362334","9606.ENSP00000364016","PSMB2","PSMB8",9606,0.999,0,0,0,0.725,0.998,0.9,0.485
"9606.ENSP00000362334","9606.ENSP00000478877","PSMB2","ADRM1",9606,0.999,0,0,0,0.368,0.999,0.5,0.266
"9606.ENSP00000362409","9606.ENSP00000377245","NIBAN2","KEAP1",9606,0.895,0,0,0,0.075,0.875,0,0.171
"9606.ENSP00000362424","9606.ENSP00000481380","TRAF3IP1","CCNA2",9606,0.427,0,0,0,0,0.427,0,0
"9606.ENSP00000362424","9606.ENSP00000458162","TRAF3IP1","ACTG1",9606,0.459,0,0,0,0,0.456,0,0.047
"9606.ENSP00000362424","9606.ENSP00000494750","TRAF3IP1","ACTB",9606,0.459,0,0,0,0,0.456,0,0.047
"9606.ENSP00000362424","9606.ENSP00000437125","TRAF3IP1","HSPA8",9606,0.52,0,0,0,0,0.52,0,0
"9606.ENSP00000362424","9606.ENSP00000384290","TRAF3IP1","WDR60",9606,0.585,0,0,0,0.133,0,0,0.541
"9606.ENSP00000362424","9606.ENSP00000393541","TRAF3IP1","IFT27",9606,0.998,0,0,0,0.075,0.955,0.9,0.658
"9606.ENSP00000362592","9606.ENSP00000410409","RBBP4","TAF1D",9606,0.42,0,0,0,0.073,0,0.4,0
"9606.ENSP00000362592","9606.ENSP00000380256","RBBP4","CCNF",9606,0.476,0,0,0,0.063,0.457,0,0.054
"9606.ENSP00000362592","9606.ENSP00000438483","RBBP4","KPNA2",9606,0.505,0,0,0,0.115,0.42,0,0.114
"9606.ENSP00000362592","9606.ENSP00000366679","RBBP4","H2AC12",9606,0.53,0,0,0,0.075,0.066,0.5,0
"9606.ENSP00000362592","9606.ENSP00000483903","RBBP4","H2BC15",9606,0.55,0,0,0,0,0.095,0.5,0.087
"9606.ENSP00000362592","9606.ENSP00000429089","RBBP4","CCNE2",9606,0.559,0,0,0,0.075,0,0.5,0.124
"9606.ENSP00000362592","9606.ENSP00000418960","RBBP4","BRCA1",9606,0.571,0,0,0,0.075,0.457,0,0.215
"9606.ENSP00000362592","9606.ENSP00000397552","RBBP4","ACTL6A",9606,0.584,0,0,0,0.358,0.152,0,0.298
"9606.ENSP00000362592","9606.ENSP00000481380","RBBP4","CCNA2",9606,0.61,0,0,0,0.101,0,0.5,0.204
"9606.ENSP00000362592","9606.ENSP00000411532","RBBP4","TOP2A",9606,0.639,0,0,0,0.104,0.166,0.5,0.15
"9606.ENSP00000362592","9606.ENSP00000433760","RBBP4","BANF1",9606,0.658,0,0,0,0.171,0.457,0,0.303
"9606.ENSP00000362592","9606.ENSP00000480987","RBBP4","MCM3",9606,0.751,0,0,0,0.251,0.617,0,0.204
"9606.ENSP00000362592","9606.ENSP00000487174","RBBP4","ZEB2",9606,0.91,0,0,0,0.054,0.901,0,0.121
"9606.ENSP00000362592","9606.ENSP00000367034","RBBP4","H4C3",9606,0.912,0,0,0,0.068,0.9,0,0.14
"9606.ENSP00000362592","9606.ENSP00000362824","RBBP4","OGT",9606,0.936,0,0,0,0.075,0.166,0.9,0.272
"9606.ENSP00000362592","9606.ENSP00000483946","RBBP4","PHF19",9606,0.981,0,0,0,0.082,0.556,0.9,0.597
"9606.ENSP00000362592","9606.ENSP00000414109","RBBP4","HJURP",9606,0.985,0,0,0,0.075,0.888,0.8,0.386
"9606.ENSP00000362711","9606.ENSP00000413017","TXLNA","CCDC28B",9606,0.46,0,0.118,0,0.06,0,0,0.401
"9606.ENSP00000362711","9606.ENSP00000375873","TXLNA","ATG16L1",9606,0.806,0,0,0,0,0.804,0,0.053
"9606.ENSP00000362824","9606.ENSP00000415034","OGT","NBEAL2",9606,0.477,0,0,0,0.079,0.456,0,0
"9606.ENSP00000362824","9606.ENSP00000383059","OGT","ARGLU1",9606,0.511,0,0,0,0.327,0.058,0,0.292
"9606.ENSP00000362824","9606.ENSP00000458162","OGT","ACTG1",9606,0.562,0,0,0,0.075,0,0.54,0.055
"9606.ENSP00000362824","9606.ENSP00000397552","OGT","ACTL6A",9606,0.732,0,0,0,0.073,0,0.72,0.053
"9606.ENSP00000362824","9606.ENSP00000496842","OGT","PNISR",9606,0.764,0,0,0,0.695,0,0,0.258
"9606.ENSP00000362824","9606.ENSP00000494750","OGT","ACTB",9606,0.789,0,0,0,0.075,0,0.72,0.254
"9606.ENSP00000362948","9606.ENSP00000470560","MED18","EMG1",9606,0.404,0,0,0,0.404,0,0,0
"9606.ENSP00000362948","9606.ENSP00000367034","MED18","H4C3",9606,0.8,0,0,0,0,0.8,0,0
"9606.ENSP00000362948","9606.ENSP00000435210","MED18","BCLAF1",9606,0.903,0,0,0,0.075,0,0.9,0
"9606.ENSP00000363055","9606.ENSP00000410452","ZWINT","STMN1",9606,0.4,0,0,0,0.316,0,0,0.159
"9606.ENSP00000363055","9606.ENSP00000429089","ZWINT","CCNE2",9606,0.421,0,0,0,0.301,0,0,0.206
"9606.ENSP00000363055","9606.ENSP00000415430","ZWINT","GTSE1",9606,0.445,0,0,0,0.331,0,0,0.205
"9606.ENSP00000363055","9606.ENSP00000484398","ZWINT","SMTN",9606,0.457,0,0,0,0,0.457,0,0
"9606.ENSP00000363055","9606.ENSP00000438483","ZWINT","KPNA2",9606,0.474,0,0,0,0.319,0,0,0.26
"9606.ENSP00000363055","9606.ENSP00000480987","ZWINT","MCM3",9606,0.482,0,0,0,0.334,0,0,0.255
"9606.ENSP00000363055","9606.ENSP00000364976","ZWINT","CKS2",9606,0.524,0,0,0,0.327,0,0,0.322
"9606.ENSP00000363055","9606.ENSP00000380256","ZWINT","CCNF",9606,0.533,0,0,0,0.136,0.457,0,0.085
"9606.ENSP00000363055","9606.ENSP00000442068","ZWINT","CDCA3",9606,0.556,0,0,0,0.413,0,0,0.275
"9606.ENSP00000363055","9606.ENSP00000493712","ZWINT","RAD51",9606,0.58,0,0,0,0.53,0,0,0.145
"9606.ENSP00000363055","9606.ENSP00000418268","ZWINT","MCM10",9606,0.611,0,0,0,0.539,0,0,0.192
"9606.ENSP00000363055","9606.ENSP00000414109","ZWINT","HJURP",9606,0.649,0,0,0,0.45,0,0,0.388
"9606.ENSP00000363055","9606.ENSP00000387007","ZWINT","NCAPG2",9606,0.681,0,0,0,0.612,0,0,0.214
"9606.ENSP00000363055","9606.ENSP00000479617","ZWINT","UHRF1",9606,0.691,0,0,0,0.635,0,0,0.19
"9606.ENSP00000363055","9606.ENSP00000377536","ZWINT","PTTG1",9606,0.705,0,0,0,0.537,0,0,0.389
"9606.ENSP00000363055","9606.ENSP00000363524","ZWINT","KIF4A",9606,0.773,0,0,0,0.638,0,0,0.4
"9606.ENSP00000363055","9606.ENSP00000405726","ZWINT","CDC45",9606,0.809,0,0,0,0.744,0,0,0.285
"9606.ENSP00000363055","9606.ENSP00000411532","ZWINT","TOP2A",9606,0.809,0,0,0,0.655,0,0,0.47
"9606.ENSP00000363055","9606.ENSP00000481380","ZWINT","CCNA2",9606,0.822,0,0,0,0.735,0,0,0.356
"9606.ENSP00000363055","9606.ENSP00000499238","ZWINT","NUSAP1",9606,0.861,0,0,0,0.73,0,0,0.509
"9606.ENSP00000363055","9606.ENSP00000468425","ZWINT","TK1",9606,0.885,0,0,0,0.834,0,0,0.341
"9606.ENSP00000363055","9606.ENSP00000378699","ZWINT","CDK1",9606,0.945,0,0,0,0.85,0,0.4,0.442
"9606.ENSP00000363055","9606.ENSP00000410769","ZWINT","CNBP",9606,0.99,0,0,0,0.074,0.99,0,0
"9606.ENSP00000363055","9606.ENSP00000389810","ZWINT","DSN1",9606,0.999,0,0,0,0.277,0.999,0.9,0.933
"9606.ENSP00000363055","9606.ENSP00000465075","ZWINT","SPC24",9606,0.999,0,0,0,0.267,0.999,0.9,0.656
"9606.ENSP00000363117","9606.ENSP00000365435","FGR","TNFRSF1B",9606,0.401,0,0,0,0.317,0,0,0.159
"9606.ENSP00000363117","9606.ENSP00000494689","FGR","EPS8",9606,0.45,0,0,0,0,0.045,0,0.448
"9606.ENSP00000363117","9606.ENSP00000458162","FGR","ACTG1",9606,0.468,0,0,0,0,0,0,0.468
"9606.ENSP00000363117","9606.ENSP00000494550","FGR","MYO1F",9606,0.524,0,0,0,0.507,0,0,0.075
"9606.ENSP00000363117","9606.ENSP00000363603","FGR","FUCA1",9606,0.595,0,0,0,0.075,0,0,0.581
"9606.ENSP00000363117","9606.ENSP00000496959","FGR","ITGAM",9606,0.61,0,0,0,0.492,0.045,0,0.261
"9606.ENSP00000363117","9606.ENSP00000378699","FGR","CDK1",9606,0.662,0,0,0,0.055,0.638,0,0.094
"9606.ENSP00000363117","9606.ENSP00000428924","FGR","LYN",9606,0.98,0,0,0.065,0.651,0.927,0,0.279
"9606.ENSP00000363162","9606.ENSP00000393762","ATP6V1G1","SESN1",9606,0.521,0,0,0,0.068,0,0.5,0.055
"9606.ENSP00000363162","9606.ENSP00000369899","ATP6V1G1","RRAGA",9606,0.529,0,0,0,0.076,0,0.5,0.064
"9606.ENSP00000363162","9606.ENSP00000416787","ATP6V1G1","GALNT11",9606,0.677,0,0,0,0,0.677,0,0
"9606.ENSP00000363162","9606.ENSP00000429690","ATP6V1G1","ATP6V0E1",9606,0.97,0,0,0,0.487,0.807,0.5,0.47
"9606.ENSP00000363162","9606.ENSP00000439479","ATP6V1G1","DMXL1",9606,0.999,0,0,0,0.075,0.999,0,0.424
"9606.ENSP00000363516","9606.ENSP00000380878","RCAN3","PPP3CC",9606,0.992,0,0,0,0.061,0.989,0,0.33
"9606.ENSP00000363524","9606.ENSP00000364976","KIF4A","CKS2",9606,0.41,0,0,0,0.291,0,0,0.203
"9606.ENSP00000363524","9606.ENSP00000389810","KIF4A","DSN1",9606,0.41,0,0,0,0.219,0.049,0,0.27
"9606.ENSP00000363524","9606.ENSP00000429089","KIF4A","CCNE2",9606,0.431,0,0,0,0.221,0,0,0.3
"9606.ENSP00000363524","9606.ENSP00000465075","KIF4A","SPC24",9606,0.475,0,0,0,0.315,0,0,0.266
"9606.ENSP00000363524","9606.ENSP00000479617","KIF4A","UHRF1",9606,0.487,0,0,0,0.365,0.043,0,0.224
"9606.ENSP00000363524","9606.ENSP00000468425","KIF4A","TK1",9606,0.503,0,0,0,0.397,0,0,0.211
"9606.ENSP00000363524","9606.ENSP00000380256","KIF4A","CCNF",9606,0.515,0,0,0,0.363,0,0,0.27
"9606.ENSP00000363524","9606.ENSP00000438483","KIF4A","KPNA2",9606,0.517,0,0,0,0.433,0,0,0.184
"9606.ENSP00000363524","9606.ENSP00000483185","KIF4A","AP2B1",9606,0.521,0,0,0,0.071,0,0.5,0.052
"9606.ENSP00000363524","9606.ENSP00000480987","KIF4A","MCM3",9606,0.578,0,0,0,0.431,0,0,0.29
"9606.ENSP00000363524","9606.ENSP00000377536","KIF4A","PTTG1",9606,0.613,0,0,0,0.459,0,0,0.314
"9606.ENSP00000363524","9606.ENSP00000493712","KIF4A","RAD51",9606,0.62,0,0,0,0.359,0,0,0.432
"9606.ENSP00000363524","9606.ENSP00000418268","KIF4A","MCM10",9606,0.669,0,0,0,0.512,0,0,0.351
"9606.ENSP00000363524","9606.ENSP00000405726","KIF4A","CDC45",9606,0.676,0,0,0,0.523,0,0,0.349
"9606.ENSP00000363524","9606.ENSP00000415430","KIF4A","GTSE1",9606,0.688,0,0,0,0.545,0,0,0.344
"9606.ENSP00000363524","9606.ENSP00000387007","KIF4A","NCAPG2",9606,0.755,0,0,0,0.625,0,0,0.375
"9606.ENSP00000363524","9606.ENSP00000418960","KIF4A","BRCA1",9606,0.846,0,0,0,0.289,0.745,0,0.221
"9606.ENSP00000363524","9606.ENSP00000442068","KIF4A","CDCA3",9606,0.868,0,0,0,0.778,0,0,0.431
"9606.ENSP00000363524","9606.ENSP00000499238","KIF4A","NUSAP1",9606,0.892,0,0,0,0.773,0,0,0.547
"9606.ENSP00000363524","9606.ENSP00000414109","KIF4A","HJURP",9606,0.907,0,0,0,0.846,0,0,0.427
"9606.ENSP00000363524","9606.ENSP00000481380","KIF4A","CCNA2",9606,0.907,0,0,0,0.846,0,0,0.421
"9606.ENSP00000363524","9606.ENSP00000411532","KIF4A","TOP2A",9606,0.926,0,0,0,0.848,0,0,0.539
"9606.ENSP00000363524","9606.ENSP00000378699","KIF4A","CDK1",9606,0.937,0,0,0,0.773,0.493,0,0.501
"9606.ENSP00000363591","9606.ENSP00000371253","BAK1","GART",9606,0.401,0,0,0,0.062,0,0,0.388
"9606.ENSP00000363591","9606.ENSP00000433209","BAK1","GSDMD",9606,0.404,0,0,0,0.075,0,0,0.383
"9606.ENSP00000363591","9606.ENSP00000495795","BAK1","SPG7",9606,0.736,0,0,0,0.096,0,0.72,0
"9606.ENSP00000363603","9606.ENSP00000458162","FUCA1","ACTG1",9606,0.487,0,0,0,0,0,0,0.487
"9606.ENSP00000363603","9606.ENSP00000495530","FUCA1","ENO1",9606,0.626,0,0,0,0,0,0,0.626
"9606.ENSP00000363680","9606.ENSP00000398698","EDA","TNF",9606,0.536,0,0,0,0,0,0,0.536
"9606.ENSP00000363993","9606.ENSP00000408146","PSMB9","HLA-DPB1",9606,0.418,0,0,0,0.213,0,0,0.292
"9606.ENSP00000363993","9606.ENSP00000474412","PSMB9","CCL5",9606,0.447,0,0,0,0.25,0,0,0.294
"9606.ENSP00000363993","9606.ENSP00000393566","PSMB9","HLA-DPA1",9606,0.509,0,0,0,0.28,0,0,0.347
"9606.ENSP00000363993","9606.ENSP00000388001","PSMB9","OAS1",9606,0.555,0,0,0,0.283,0,0,0.405
"9606.ENSP00000363993","9606.ENSP00000398698","PSMB9","TNF",9606,0.587,0,0,0,0.139,0,0,0.54
"9606.ENSP00000363993","9606.ENSP00000395590","PSMB9","IFI35",9606,0.779,0,0,0,0.662,0,0,0.373
"9606.ENSP00000363993","9606.ENSP00000478877","PSMB9","ADRM1",9606,0.858,0,0,0,0.182,0.709,0,0.452
"9606.ENSP00000363993","9606.ENSP00000392353","PSMB9","PSMG4",9606,0.966,0,0,0,0.058,0.905,0.5,0.342
"9606.ENSP00000363993","9606.ENSP00000364016","PSMB9","PSMB8",9606,0.999,0,0,0.119,0.991,0.999,0.9,0.88
"9606.ENSP00000364016","9606.ENSP00000380070","PSMB8","GAPDH",9606,0.415,0,0,0,0.137,0,0,0.351
"9606.ENSP00000364016","9606.ENSP00000474412","PSMB8","CCL5",9606,0.418,0,0,0,0.243,0,0,0.263
"9606.ENSP00000364016","9606.ENSP00000388001","PSMB8","OAS1",9606,0.448,0,0,0,0.219,0,0,0.323
"9606.ENSP00000364016","9606.ENSP00000393566","PSMB8","HLA-DPA1",9606,0.452,0,0,0,0.199,0,0,0.345
"9606.ENSP00000364016","9606.ENSP00000364080","PSMB8","HLA-DQB1",9606,0.476,0,0,0,0.142,0.061,0,0.402
"9606.ENSP00000364016","9606.ENSP00000398698","PSMB8","TNF",9606,0.547,0,0,0,0.131,0,0,0.501
"9606.ENSP00000364016","9606.ENSP00000392353","PSMB8","PSMG4",9606,0.66,0,0,0,0.056,0.064,0.5,0.323
"9606.ENSP00000364016","9606.ENSP00000395590","PSMB8","IFI35",9606,0.744,0,0,0,0.553,0,0,0.452
"9606.ENSP00000364016","9606.ENSP00000478877","PSMB8","ADRM1",9606,0.957,0,0,0,0.166,0.917,0,0.43
"9606.ENSP00000364080","9606.ENSP00000414904","HLA-DQB1","CTSO",9606,0.426,0,0,0,0.081,0.043,0.4,0
"9606.ENSP00000364080","9606.ENSP00000398698","HLA-DQB1","TNF",9606,0.469,0,0,0,0.1,0,0,0.435
"9606.ENSP00000364080","9606.ENSP00000474412","HLA-DQB1","CCL5",9606,0.492,0,0,0.213,0.198,0,0,0.26
"9606.ENSP00000364080","9606.ENSP00000483185","HLA-DQB1","AP2B1",9606,0.5,0,0,0,0,0,0.5,0
"9606.ENSP00000364080","9606.ENSP00000380855","HLA-DQB1","PDCD1LG2",9606,0.606,0,0,0,0,0,0.5,0.246
"9606.ENSP00000364080","9606.ENSP00000367013","HLA-DQB1","TNFRSF25",9606,0.816,0,0,0,0.091,0,0,0.806
"9606.ENSP00000364080","9606.ENSP00000408146","HLA-DQB1","HLA-DPB1",9606,0.987,0,0,0.06,0.878,0,0.9,0.075
"9606.ENSP00000364080","9606.ENSP00000393566","HLA-DQB1","HLA-DPA1",9606,0.991,0,0,0,0.876,0.108,0.9,0.327
"9606.ENSP00000364361","9606.ENSP00000496250","MAP3K20","RPL11",9606,0.804,0,0,0,0.064,0.8,0,0
"9606.ENSP00000364448","9606.ENSP00000497641","UPF3A","EIF4A3",9606,0.999,0,0,0,0.065,0.999,0.9,0.778
"9606.ENSP00000364802","9606.ENSP00000494750","HSPA1A","ACTB",9606,0.487,0,0,0,0.191,0.066,0,0.376
"9606.ENSP00000364802","9606.ENSP00000377958","HSPA1A","CCT4",9606,0.516,0.043,0,0,0.4,0,0,0.226
"9606.ENSP00000364802","9606.ENSP00000380070","HSPA1A","GAPDH",9606,0.557,0.045,0,0,0.199,0.07,0,0.452
"9606.ENSP00000364802","9606.ENSP00000495530","HSPA1A","ENO1",9606,0.565,0.046,0,0,0.34,0.131,0,0.3
"9606.ENSP00000364802","9606.ENSP00000437125","HSPA1A","HSPA8",9606,0.886,0,0,0.049,0.859,0,0,0.222
"9606.ENSP00000364935","9606.ENSP00000377617","CLIC1","MTHFD2",9606,0.438,0,0,0,0.082,0.374,0,0.101
"9606.ENSP00000364935","9606.ENSP00000447730","CLIC1","CD63",9606,0.44,0,0,0,0.341,0,0,0.186
"9606.ENSP00000364935","9606.ENSP00000377833","CLIC1","ANXA4",9606,0.452,0,0,0,0.34,0,0,0.204
"9606.ENSP00000364935","9606.ENSP00000458162","CLIC1","ACTG1",9606,0.469,0,0,0,0.386,0,0,0.171
"9606.ENSP00000364935","9606.ENSP00000495530","CLIC1","ENO1",9606,0.479,0,0,0,0.319,0.11,0,0.21
"9606.ENSP00000364935","9606.ENSP00000494750","CLIC1","ACTB",9606,0.506,0,0,0,0.393,0,0,0.221
"9606.ENSP00000364935","9606.ENSP00000380070","CLIC1","GAPDH",9606,0.527,0,0,0,0.401,0,0,0.243
"9606.ENSP00000364956","9606.ENSP00000373669","PLEKHM2","BORCS6",9606,0.404,0,0,0,0.07,0,0,0.386
"9606.ENSP00000364976","9606.ENSP00000480987","CKS2","MCM3",9606,0.412,0,0,0,0.271,0,0,0.227
"9606.ENSP00000364976","9606.ENSP00000380256","CKS2","CCNF",9606,0.42,0,0,0,0.143,0,0,0.352
"9606.ENSP00000364976","9606.ENSP00000415430","CKS2","GTSE1",9606,0.425,0,0,0,0.2,0,0,0.311
"9606.ENSP00000364976","9606.ENSP00000468425","CKS2","TK1",9606,0.447,0,0,0,0.251,0,0,0.293
"9606.ENSP00000364976","9606.ENSP00000405726","CKS2","CDC45",9606,0.457,0,0,0,0.257,0,0,0.3
"9606.ENSP00000364976","9606.ENSP00000414109","CKS2","HJURP",9606,0.477,0,0,0,0.302,0,0,0.282
"9606.ENSP00000364976","9606.ENSP00000442068","CKS2","CDCA3",9606,0.54,0,0,0,0.338,0,0,0.335
"9606.ENSP00000364976","9606.ENSP00000411532","CKS2","TOP2A",9606,0.664,0,0,0,0.376,0,0,0.484
"9606.ENSP00000364976","9606.ENSP00000438483","CKS2","KPNA2",9606,0.739,0,0,0,0.518,0.086,0,0.456
"9606.ENSP00000364976","9606.ENSP00000499238","CKS2","NUSAP1",9606,0.784,0,0,0,0.561,0,0,0.529
"9606.ENSP00000364976","9606.ENSP00000377536","CKS2","PTTG1",9606,0.854,0,0,0,0.746,0,0,0.449
"9606.ENSP00000364976","9606.ENSP00000378699","CKS2","CDK1",9606,0.999,0,0,0,0.622,0.999,0,0.54
"9606.ENSP00000364976","9606.ENSP00000481380","CKS2","CCNA2",9606,0.999,0,0,0,0.418,0.999,0,0.488
"9606.ENSP00000365071","9606.ENSP00000480270","GPANK1","PPP1R18",9606,0.566,0,0,0,0.066,0,0,0.555
"9606.ENSP00000365380","9606.ENSP00000367013","FOXP3","TNFRSF25",9606,0.441,0,0,0,0,0,0,0.441
"9606.ENSP00000365380","9606.ENSP00000406286","FOXP3","ZBTB7B",9606,0.462,0,0,0,0.075,0,0,0.443
"9606.ENSP00000365380","9606.ENSP00000498852","FOXP3","SPN",9606,0.463,0,0,0,0.075,0.046,0,0.441
"9606.ENSP00000365380","9606.ENSP00000418960","FOXP3","BRCA1",9606,0.465,0,0,0,0,0.263,0,0.304
"9606.ENSP00000365380","9606.ENSP00000470788","FOXP3","IL12RB1",9606,0.48,0,0,0,0.075,0.046,0,0.459
"9606.ENSP00000365380","9606.ENSP00000437125","FOXP3","HSPA8",9606,0.515,0,0,0,0,0.456,0,0.146
"9606.ENSP00000365380","9606.ENSP00000365435","FOXP3","TNFRSF1B",9606,0.516,0,0,0,0,0,0,0.516
"9606.ENSP00000365380","9606.ENSP00000436423","FOXP3","GNLY",9606,0.554,0,0,0,0.075,0,0,0.538
"9606.ENSP00000365380","9606.ENSP00000376436","FOXP3","ETS1",9606,0.565,0,0,0,0,0.124,0,0.524
"9606.ENSP00000365380","9606.ENSP00000433847","FOXP3","B3GAT1",9606,0.571,0,0,0,0,0,0,0.571
"9606.ENSP00000365380","9606.ENSP00000482259","FOXP3","CCL4",9606,0.583,0,0,0,0.071,0,0,0.57
"9606.ENSP00000365380","9606.ENSP00000495530","FOXP3","ENO1",9606,0.586,0,0,0,0,0,0,0.586
"9606.ENSP00000365380","9606.ENSP00000494750","FOXP3","ACTB",9606,0.596,0,0,0,0,0.049,0,0.593
"9606.ENSP00000365380","9606.ENSP00000487174","FOXP3","ZEB2",9606,0.598,0,0,0,0,0.456,0,0.292
"9606.ENSP00000365380","9606.ENSP00000380070","FOXP3","GAPDH",9606,0.625,0,0,0,0,0,0,0.625
"9606.ENSP00000365380","9606.ENSP00000388620","FOXP3","EOMES",9606,0.688,0,0,0,0.064,0,0,0.681
"9606.ENSP00000365380","9606.ENSP00000368538","FOXP3","TNFRSF4",9606,0.758,0,0,0,0.167,0,0,0.722
"9606.ENSP00000365380","9606.ENSP00000380855","FOXP3","PDCD1LG2",9606,0.766,0,0,0,0.063,0,0,0.761
"9606.ENSP00000365380","9606.ENSP00000474412","FOXP3","CCL5",9606,0.794,0,0,0,0.075,0.399,0,0.66
"9606.ENSP00000365380","9606.ENSP00000398568","FOXP3","PRF1",9606,0.829,0,0,0,0.076,0.046,0,0.822
"9606.ENSP00000365380","9606.ENSP00000496959","FOXP3","ITGAM",9606,0.863,0,0,0,0.075,0,0,0.858
"9606.ENSP00000365380","9606.ENSP00000398698","FOXP3","TNF",9606,0.924,0,0,0,0,0.456,0,0.867
"9606.ENSP00000365433","9606.ENSP00000481380","TCF19","CCNA2",9606,0.421,0,0,0,0.408,0,0,0.063
"9606.ENSP00000365433","9606.ENSP00000411532","TCF19","TOP2A",9606,0.428,0,0,0,0.336,0,0,0.174
"9606.ENSP00000365433","9606.ENSP00000414109","TCF19","HJURP",9606,0.516,0,0,0,0.516,0,0,0
"9606.ENSP00000365433","9606.ENSP00000479617","TCF19","UHRF1",9606,0.523,0,0,0,0.363,0.077,0,0.255
"9606.ENSP00000365433","9606.ENSP00000480987","TCF19","MCM3",9606,0.686,0,0,0,0.686,0,0,0
"9606.ENSP00000365433","9606.ENSP00000442068","TCF19","CDCA3",9606,0.694,0,0,0,0.683,0,0,0.076
"9606.ENSP00000365433","9606.ENSP00000378699","TCF19","CDK1",9606,0.756,0,0,0,0.734,0,0,0.121
"9606.ENSP00000365435","9606.ENSP00000478877","TNFRSF1B","ADRM1",9606,0.4,0,0,0,0,0,0.4,0
"9606.ENSP00000365435","9606.ENSP00000496959","TNFRSF1B","ITGAM",9606,0.488,0,0,0,0.238,0,0,0.356
"9606.ENSP00000365435","9606.ENSP00000474412","TNFRSF1B","CCL5",9606,0.54,0,0,0,0.13,0,0,0.493
"9606.ENSP00000365435","9606.ENSP00000482259","TNFRSF1B","CCL4",9606,0.554,0,0,0,0.159,0,0,0.492
"9606.ENSP00000365435","9606.ENSP00000367013","TNFRSF1B","TNFRSF25",9606,0.596,0,0,0,0.082,0,0,0.579
"9606.ENSP00000365435","9606.ENSP00000373489","TNFRSF1B","KRT18",9606,0.623,0,0,0,0,0.456,0,0.337
"9606.ENSP00000365435","9606.ENSP00000398698","TNFRSF1B","TNF",9606,0.999,0,0,0,0.184,0.999,0.9,0.891
"9606.ENSP00000365782","9606.ENSP00000367476","CEP78","CEP104",9606,0.541,0,0,0,0.075,0,0,0.525
"9606.ENSP00000365944","9606.ENSP00000429089","FBXO6","CCNE2",9606,0.4,0,0,0,0,0,0.4,0
"9606.ENSP00000365944","9606.ENSP00000483236","FBXO6","DCAF7",9606,0.4,0,0,0,0,0,0.4,0
"9606.ENSP00000365944","9606.ENSP00000471896","FBXO6","IRF3",9606,0.505,0,0,0,0.066,0.457,0,0.103
"9606.ENSP00000365944","9606.ENSP00000377958","FBXO6","CCT4",9606,0.529,0,0,0,0,0.069,0.5,0.071
"9606.ENSP00000365944","9606.ENSP00000395590","FBXO6","IFI35",9606,0.574,0,0,0,0.55,0,0,0.093
"9606.ENSP00000365944","9606.ENSP00000442318","FBXO6","CAND1",9606,0.588,0,0,0,0,0,0.5,0.21
"9606.ENSP00000365944","9606.ENSP00000380256","FBXO6","CCNF",9606,0.68,0,0,0,0,0,0,0.68
"9606.ENSP00000366679","9606.ENSP00000380241","H2AC12","NUDT1",9606,0.47,0,0,0,0,0.47,0,0
"9606.ENSP00000366679","9606.ENSP00000398698","H2AC12","TNF",9606,0.527,0,0,0,0,0.524,0,0.049
"9606.ENSP00000366679","9606.ENSP00000458162","H2AC12","ACTG1",9606,0.86,0,0,0,0.332,0.8,0,0
"9606.ENSP00000366679","9606.ENSP00000397552","H2AC12","ACTL6A",9606,0.885,0,0,0,0.075,0.811,0.4,0
"9606.ENSP00000366679","9606.ENSP00000494750","H2AC12","ACTB",9606,0.916,0,0,0,0.342,0.8,0.4,0.063
"9606.ENSP00000366679","9606.ENSP00000367034","H2AC12","H4C3",9606,0.935,0,0,0,0.156,0.9,0,0.292
"9606.ENSP00000366679","9606.ENSP00000418960","H2AC12","BRCA1",9606,0.949,0,0,0,0.075,0.9,0.5,0
"9606.ENSP00000366679","9606.ENSP00000483903","H2AC12","H2BC15",9606,0.994,0,0,0,0.702,0.966,0.4,0.15
"9606.ENSP00000367013","9606.ENSP00000380855","TNFRSF25","PDCD1LG2",9606,0.405,0,0,0,0.066,0,0,0.39
"9606.ENSP00000367013","9606.ENSP00000393566","TNFRSF25","HLA-DPA1",9606,0.408,0,0,0,0.074,0,0,0.387
"9606.ENSP00000367013","9606.ENSP00000408146","TNFRSF25","HLA-DPB1",9606,0.616,0,0,0,0.097,0,0,0.593
"9606.ENSP00000367013","9606.ENSP00000368538","TNFRSF25","TNFRSF4",9606,0.7,0,0,0,0.075,0,0,0.689
"9606.ENSP00000367013","9606.ENSP00000398698","TNFRSF25","TNF",9606,0.761,0,0,0,0.065,0,0,0.755
"9606.ENSP00000367034","9606.ENSP00000418960","H4C3","BRCA1",9606,0.818,0,0,0,0.073,0.8,0,0.098
"9606.ENSP00000367034","9606.ENSP00000397552","H4C3","ACTL6A",9606,0.824,0,0,0,0.075,0.809,0,0.084
"9606.ENSP00000367034","9606.ENSP00000494750","H4C3","ACTB",9606,0.834,0,0,0,0.072,0.801,0,0.176
"9606.ENSP00000367034","9606.ENSP00000458162","H4C3","ACTG1",9606,0.837,0,0,0,0.076,0.801,0,0.187
"9606.ENSP00000367034","9606.ENSP00000414109","H4C3","HJURP",9606,0.904,0,0,0,0.075,0.9,0,0.054
"9606.ENSP00000367034","9606.ENSP00000483903","H4C3","H2BC15",9606,0.956,0,0.06,0,0.141,0.945,0,0.143
"9606.ENSP00000367086","9606.ENSP00000404854","ACOT7","NDRG1",9606,0.423,0,0,0,0.058,0.109,0,0.368
"9606.ENSP00000367086","9606.ENSP00000495530","ACOT7","ENO1",9606,0.424,0.042,0,0,0.152,0,0,0.349
"9606.ENSP00000367086","9606.ENSP00000441065","ACOT7","SLC16A1",9606,0.429,0,0,0,0.082,0,0,0.404
"9606.ENSP00000367086","9606.ENSP00000380070","ACOT7","GAPDH",9606,0.605,0,0,0,0.095,0.108,0,0.551
"9606.ENSP00000367196","9606.ENSP00000371253","GLIPR2","GART",9606,0.799,0.11,0,0,0,0,0.784,0
"9606.ENSP00000367476","9606.ENSP00000393541","CEP104","IFT27",9606,0.451,0,0,0,0.065,0,0,0.437
"9606.ENSP00000367910","9606.ENSP00000436649","FANCG","SAC3D1",9606,0.424,0,0,0,0.118,0,0,0.374
"9606.ENSP00000367910","9606.ENSP00000405726","FANCG","CDC45",9606,0.428,0,0,0,0.323,0,0,0.19
"9606.ENSP00000367910","9606.ENSP00000437125","FANCG","HSPA8",9606,0.509,0,0,0,0.06,0,0.5,0
"9606.ENSP00000367910","9606.ENSP00000380256","FANCG","CCNF",9606,0.589,0,0,0,0.146,0.457,0,0.186
"9606.ENSP00000367910","9606.ENSP00000378699","FANCG","CDK1",9606,0.597,0,0,0,0.159,0.489,0,0.138
"9606.ENSP00000367910","9606.ENSP00000493712","FANCG","RAD51",9606,0.949,0,0,0,0.2,0.686,0,0.815
"9606.ENSP00000367910","9606.ENSP00000418960","FANCG","BRCA1",9606,0.959,0,0,0,0.166,0.745,0,0.823
"9606.ENSP00000368397","9606.ENSP00000383594","LYRM9","TMEM242",9606,0.436,0,0,0,0.066,0,0,0.421
"9606.ENSP00000368538","9606.ENSP00000436423","TNFRSF4","GNLY",9606,0.438,0,0,0,0.095,0,0,0.405
"9606.ENSP00000368538","9606.ENSP00000433847","TNFRSF4","B3GAT1",9606,0.452,0,0,0,0.139,0,0,0.39
"9606.ENSP00000368538","9606.ENSP00000482259","TNFRSF4","CCL4",9606,0.467,0,0,0,0.149,0,0,0.4
"9606.ENSP00000368538","9606.ENSP00000474412","TNFRSF4","CCL5",9606,0.474,0,0,0,0.098,0,0,0.441
"9606.ENSP00000368538","9606.ENSP00000388620","TNFRSF4","EOMES",9606,0.485,0,0,0,0.075,0,0,0.467
"9606.ENSP00000368538","9606.ENSP00000496959","TNFRSF4","ITGAM",9606,0.507,0,0,0,0.114,0,0,0.467
"9606.ENSP00000368538","9606.ENSP00000398568","TNFRSF4","PRF1",9606,0.6,0,0,0,0.101,0,0,0.574
"9606.ENSP00000368538","9606.ENSP00000380855","TNFRSF4","PDCD1LG2",9606,0.683,0,0,0,0.12,0,0,0.655
"9606.ENSP00000368538","9606.ENSP00000398698","TNFRSF4","TNF",9606,0.793,0,0,0,0.152,0,0,0.767
"9606.ENSP00000368646","9606.ENSP00000437125","PRDX4","HSPA8",9606,0.461,0,0,0,0.209,0.141,0,0.271
"9606.ENSP00000368646","9606.ENSP00000493712","PRDX4","RAD51",9606,0.461,0,0,0,0.066,0.419,0,0.088
"9606.ENSP00000368646","9606.ENSP00000380256","PRDX4","CCNF",9606,0.464,0,0,0,0.047,0.457,0,0.048
"9606.ENSP00000368646","9606.ENSP00000380070","PRDX4","GAPDH",9606,0.471,0,0,0,0.167,0.046,0,0.388
"9606.ENSP00000368646","9606.ENSP00000495530","PRDX4","ENO1",9606,0.553,0.054,0,0,0.27,0.096,0,0.369
"9606.ENSP00000368646","9606.ENSP00000385385","PRDX4","PDIA6",9606,0.96,0.048,0,0,0.356,0.903,0,0.407
"9606.ENSP00000369344","9606.ENSP00000498976","GPR150","GPR19",9606,0.406,0,0,0,0,0,0,0.406
"9606.ENSP00000369538","9606.ENSP00000410452","GDI2","STMN1",9606,0.431,0,0,0,0.073,0.36,0,0.118
"9606.ENSP00000369538","9606.ENSP00000437125","GDI2","HSPA8",9606,0.451,0,0,0,0.222,0.135,0,0.251
"9606.ENSP00000369538","9606.ENSP00000385385","GDI2","PDIA6",9606,0.452,0,0,0,0.344,0,0,0.2
"9606.ENSP00000369538","9606.ENSP00000495530","GDI2","ENO1",9606,0.689,0,0,0,0.558,0.046,0,0.322
"9606.ENSP00000369899","9606.ENSP00000497402","RRAGA","RCC1",9606,0.444,0,0,0,0,0.345,0,0.187
"9606.ENSP00000369899","9606.ENSP00000480987","RRAGA","MCM3",9606,0.453,0,0,0,0.061,0.442,0,0
"9606.ENSP00000369899","9606.ENSP00000371594","RRAGA","GNG7",9606,0.541,0,0,0,0.044,0,0.54,0
"9606.ENSP00000369899","9606.ENSP00000429690","RRAGA","ATP6V0E1",9606,0.546,0,0,0,0.077,0,0.5,0.096
"9606.ENSP00000369899","9606.ENSP00000393762","RRAGA","SESN1",9606,0.859,0,0,0,0.075,0,0.72,0.502
"9606.ENSP00000370891","9606.ENSP00000393541","STK35","IFT27",9606,0.4,0,0,0,0,0,0,0.4
"9606.ENSP00000370891","9606.ENSP00000375873","STK35","ATG16L1",9606,0.415,0,0,0,0,0.323,0,0.172
"9606.ENSP00000370891","9606.ENSP00000386710","STK35","ATG9A",9606,0.499,0,0,0,0.093,0.387,0,0.172
"9606.ENSP00000371253","9606.ENSP00000496250","GART","RPL11",9606,0.419,0,0,0,0.407,0,0,0.062
"9606.ENSP00000371253","9606.ENSP00000377958","GART","CCT4",9606,0.43,0.059,0,0,0.354,0.067,0,0.114
"9606.ENSP00000371253","9606.ENSP00000400646","GART","PNPT1",9606,0.448,0.272,0,0,0.171,0,0,0.16
"9606.ENSP00000371253","9606.ENSP00000437125","GART","HSPA8",9606,0.468,0.105,0,0,0.256,0.116,0,0.203
"9606.ENSP00000371253","9606.ENSP00000468425","GART","TK1",9606,0.481,0,0,0,0.136,0,0,0.424
"9606.ENSP00000371253","9606.ENSP00000380070","GART","GAPDH",9606,0.531,0.057,0,0,0.141,0.106,0,0.43
"9606.ENSP00000371253","9606.ENSP00000433209","GART","GSDMD",9606,0.571,0,0,0,0,0,0,0.571
"9606.ENSP00000371253","9606.ENSP00000495530","GART","ENO1",9606,0.603,0.208,0,0,0.251,0.106,0,0.34
"9606.ENSP00000371253","9606.ENSP00000497550","GART","PI16",9606,0.799,0.11,0,0,0,0,0.784,0
"9606.ENSP00000371253","9606.ENSP00000396308","GART","DHFR",9606,0.984,0.112,0,0,0.182,0,0.9,0.812
"9606.ENSP00000371253","9606.ENSP00000377617","GART","MTHFD2",9606,0.999,0.322,0.344,0,0.785,0,0.989,0.907
"9606.ENSP00000371253","9606.ENSP00000498336","GART","MTHFD1",9606,0.999,0.322,0,0,0.768,0.368,0.984,0.917
"9606.ENSP00000371594","9606.ENSP00000377958","GNG7","CCT4",9606,0.5,0,0,0,0,0,0.5,0
"9606.ENSP00000371594","9606.ENSP00000378483","GNG7","RGS19",9606,0.546,0,0,0,0.095,0.046,0.5,0.074
"9606.ENSP00000373489","9606.ENSP00000378699","KRT18","CDK1",9606,0.463,0,0,0,0.094,0.306,0,0.215
"9606.ENSP00000373489","9606.ENSP00000398698","KRT18","TNF",9606,0.466,0,0,0,0,0.109,0,0.426
"9606.ENSP00000373489","9606.ENSP00000496250","KRT18","RPL11",9606,0.478,0,0,0,0.077,0.457,0,0.043
"9606.ENSP00000373489","9606.ENSP00000404854","KRT18","NDRG1",9606,0.479,0,0,0,0.075,0,0,0.46
"9606.ENSP00000373489","9606.ENSP00000418960","KRT18","BRCA1",9606,0.513,0,0,0,0.074,0.27,0,0.338
"9606.ENSP00000373489","9606.ENSP00000380070","KRT18","GAPDH",9606,0.562,0,0,0,0.129,0.043,0,0.517
"9606.ENSP00000373489","9606.ENSP00000494750","KRT18","ACTB",9606,0.586,0,0,0,0.08,0.16,0,0.508
"9606.ENSP00000375873","9606.ENSP00000380070","ATG16L1","GAPDH",9606,0.401,0,0,0,0,0,0,0.401
"9606.ENSP00000375873","9606.ENSP00000494750","ATG16L1","ACTB",9606,0.408,0,0,0,0,0.073,0,0.388
"9606.ENSP00000375873","9606.ENSP00000437125","ATG16L1","HSPA8",9606,0.418,0,0,0,0.058,0,0,0.408
"9606.ENSP00000375873","9606.ENSP00000375951","ATG16L1","TTLL4",9606,0.464,0,0,0,0.055,0.457,0,0
"9606.ENSP00000375873","9606.ENSP00000398698","ATG16L1","TNF",9606,0.47,0,0,0,0,0,0,0.47
"9606.ENSP00000375873","9606.ENSP00000386710","ATG16L1","ATG9A",9606,0.955,0,0,0,0,0.832,0,0.747
"9606.ENSP00000376103","9606.ENSP00000495795","C19orf12","SPG7",9606,0.419,0,0,0,0.062,0,0,0.407
"9606.ENSP00000376103","9606.ENSP00000389787","C19orf12","PLEKHF1",9606,0.42,0,0,0,0.104,0,0,0.38
"9606.ENSP00000376103","9606.ENSP00000403663","C19orf12","AP4M1",9606,0.488,0,0,0,0.075,0,0,0.47
"9606.ENSP00000376103","9606.ENSP00000380352","C19orf12","DDHD2",9606,0.613,0,0,0,0.075,0,0,0.599
"9606.ENSP00000376123","9606.ENSP00000398568","SH2D2A","PRF1",9606,0.416,0,0,0,0.4,0,0,0.068
"9606.ENSP00000376123","9606.ENSP00000483397","SH2D2A","FSBP",9606,0.663,0,0,0,0,0.454,0,0.409
"9606.ENSP00000376184","9606.ENSP00000398698","BDH1","TNF",9606,0.42,0,0,0,0,0.362,0,0.129
"9606.ENSP00000376184","9606.ENSP00000441065","BDH1","SLC16A1",9606,0.591,0,0,0,0.071,0,0,0.578
"9606.ENSP00000376276","9606.ENSP00000383059","SRSF2","ARGLU1",9606,0.409,0,0,0,0.327,0,0,0.159
"9606.ENSP00000376276","9606.ENSP00000380070","SRSF2","GAPDH",9606,0.452,0,0,0,0.193,0,0,0.349
"9606.ENSP00000376276","9606.ENSP00000380256","SRSF2","CCNF",9606,0.457,0,0,0,0,0.457,0,0
"9606.ENSP00000376276","9606.ENSP00000437125","SRSF2","HSPA8",9606,0.469,0,0,0,0.357,0.153,0,0.105
"9606.ENSP00000376276","9606.ENSP00000435210","SRSF2","BCLAF1",9606,0.477,0,0,0,0.33,0,0,0.252
"9606.ENSP00000376276","9606.ENSP00000411532","SRSF2","TOP2A",9606,0.511,0,0,0,0.081,0.469,0,0.08
"9606.ENSP00000376276","9606.ENSP00000379181","SRSF2","RAE1",9606,0.545,0,0,0,0.08,0,0.4,0.242
"9606.ENSP00000376276","9606.ENSP00000387996","SRSF2","CSTF2",9606,0.592,0,0,0.312,0.219,0,0,0.303
"9606.ENSP00000376276","9606.ENSP00000383611","SRSF2","CCNL2",9606,0.688,0,0,0,0.106,0.456,0,0.41
"9606.ENSP00000376276","9606.ENSP00000416269","SRSF2","DDX39B",9606,0.746,0,0,0,0.256,0,0.5,0.374
"9606.ENSP00000376276","9606.ENSP00000425031","SRSF2","HNRNPAB",9606,0.767,0,0,0.455,0.342,0,0,0.405
"9606.ENSP00000376276","9606.ENSP00000496842","SRSF2","PNISR",9606,0.803,0,0,0,0.246,0,0,0.75
"9606.ENSP00000376276","9606.ENSP00000483254","SRSF2","HNRNPDL",9606,0.893,0,0,0.407,0.454,0.262,0,0.606
"9606.ENSP00000376276","9606.ENSP00000497641","SRSF2","EIF4A3",9606,0.985,0,0,0,0.317,0.837,0.8,0.437
"9606.ENSP00000376276","9606.ENSP00000452123","SRSF2","SRSF5",9606,0.986,0,0,0,0.325,0.868,0.8,0.321
"9606.ENSP00000376436","9606.ENSP00000494750","ETS1","ACTB",9606,0.404,0,0,0,0.069,0,0,0.387
"9606.ENSP00000376436","9606.ENSP00000398698","ETS1","TNF",9606,0.442,0,0,0,0.075,0,0,0.422
"9606.ENSP00000376436","9606.ENSP00000380070","ETS1","GAPDH",9606,0.461,0,0,0,0.089,0,0,0.433
"9606.ENSP00000376436","9606.ENSP00000388620","ETS1","EOMES",9606,0.486,0,0,0,0.134,0.052,0,0.425
"9606.ENSP00000376436","9606.ENSP00000487174","ETS1","ZEB2",9606,0.498,0,0,0,0.136,0.064,0,0.43
"9606.ENSP00000376436","9606.ENSP00000418960","ETS1","BRCA1",9606,0.609,0,0,0,0.075,0.456,0,0.286
"9606.ENSP00000376472","9606.ENSP00000380256","STT3A","CCNF",9606,0.483,0,0,0,0.067,0.457,0,0.062
"9606.ENSP00000376472","9606.ENSP00000385385","STT3A","PDIA6",9606,0.549,0,0.091,0,0.428,0,0,0.204
"9606.ENSP00000376472","9606.ENSP00000496250","STT3A","RPL11",9606,0.883,0,0,0,0.09,0.874,0,0.064
"9606.ENSP00000377245","9606.ENSP00000477572","KEAP1","HMOX2",9606,0.454,0,0,0,0.064,0,0,0.441
"9606.ENSP00000377245","9606.ENSP00000380256","KEAP1","CCNF",9606,0.494,0,0,0,0.075,0.457,0,0.075
"9606.ENSP00000377245","9606.ENSP00000394331","KEAP1","COMMD5",9606,0.517,0,0,0,0.075,0,0.5,0
"9606.ENSP00000377245","9606.ENSP00000377536","KEAP1","PTTG1",9606,0.529,0,0,0,0.058,0.508,0,0.067
"9606.ENSP00000377245","9606.ENSP00000493712","KEAP1","RAD51",9606,0.572,0,0,0,0.066,0.457,0,0.224
"9606.ENSP00000377245","9606.ENSP00000478877","KEAP1","ADRM1",9606,0.602,0,0,0,0.141,0.044,0.5,0.146
"9606.ENSP00000377245","9606.ENSP00000398698","KEAP1","TNF",9606,0.612,0,0,0,0,0,0,0.612
"9606.ENSP00000377245","9606.ENSP00000442318","KEAP1","CAND1",9606,0.628,0,0,0,0.068,0,0.5,0.267
"9606.ENSP00000377245","9606.ENSP00000494750","KEAP1","ACTB",9606,0.644,0,0,0,0.065,0.077,0,0.621
"9606.ENSP00000377245","9606.ENSP00000380070","KEAP1","GAPDH",9606,0.786,0,0,0,0.075,0.457,0,0.609
"9606.ENSP00000377245","9606.ENSP00000393762","KEAP1","SESN1",9606,0.804,0,0,0,0,0.456,0.5,0.338
"9606.ENSP00000377245","9606.ENSP00000418960","KEAP1","BRCA1",9606,0.826,0,0,0,0.069,0.457,0.4,0.496
"9606.ENSP00000377245","9606.ENSP00000480987","KEAP1","MCM3",9606,0.999,0,0,0,0.086,0.999,0,0.22
"9606.ENSP00000377470","9606.ENSP00000494750","CNP","ACTB",9606,0.418,0,0,0,0.075,0,0,0.397
"9606.ENSP00000377470","9606.ENSP00000380070","CNP","GAPDH",9606,0.419,0,0,0,0.072,0,0,0.4
"9606.ENSP00000377470","9606.ENSP00000380256","CNP","CCNF",9606,0.457,0,0,0,0,0.457,0,0
"9606.ENSP00000377536","9606.ENSP00000418268","PTTG1","MCM10",9606,0.41,0,0,0,0.196,0,0,0.297
"9606.ENSP00000377536","9606.ENSP00000418960","PTTG1","BRCA1",9606,0.411,0,0,0,0.197,0,0,0.297
"9606.ENSP00000377536","9606.ENSP00000380256","PTTG1","CCNF",9606,0.413,0,0,0,0.213,0,0,0.285
"9606.ENSP00000377536","9606.ENSP00000479617","PTTG1","UHRF1",9606,0.431,0,0,0,0.254,0,0,0.269
"9606.ENSP00000377536","9606.ENSP00000478877","PTTG1","ADRM1",9606,0.439,0,0,0,0.075,0,0.4,0.071
"9606.ENSP00000377536","9606.ENSP00000465075","PTTG1","SPC24",9606,0.44,0,0,0,0.288,0,0,0.246
"9606.ENSP00000377536","9606.ENSP00000415430","PTTG1","GTSE1",9606,0.444,0,0,0,0.331,0,0,0.204
"9606.ENSP00000377536","9606.ENSP00000410452","PTTG1","STMN1",9606,0.511,0,0,0,0.355,0,0,0.274
"9606.ENSP00000377536","9606.ENSP00000480987","PTTG1","MCM3",9606,0.559,0,0,0,0.28,0,0,0.413
"9606.ENSP00000377536","9606.ENSP00000383611","PTTG1","CCNL2",9606,0.57,0,0,0,0,0,0,0.57
"9606.ENSP00000377536","9606.ENSP00000493712","PTTG1","RAD51",9606,0.578,0,0,0,0.36,0.169,0,0.271
"9606.ENSP00000377536","9606.ENSP00000468425","PTTG1","TK1",9606,0.606,0,0,0,0.356,0,0,0.414
"9606.ENSP00000377536","9606.ENSP00000438483","PTTG1","KPNA2",9606,0.664,0,0,0,0.576,0,0,0.241
"9606.ENSP00000377536","9606.ENSP00000414109","PTTG1","HJURP",9606,0.695,0,0,0,0.594,0,0,0.28
"9606.ENSP00000377536","9606.ENSP00000425031","PTTG1","HNRNPAB",9606,0.697,0,0,0,0.102,0.633,0,0.156
"9606.ENSP00000377536","9606.ENSP00000405726","PTTG1","CDC45",9606,0.726,0,0,0,0.547,0,0,0.421
"9606.ENSP00000377536","9606.ENSP00000379181","PTTG1","RAE1",9606,0.746,0,0,0,0.076,0.457,0,0.535
"9606.ENSP00000377536","9606.ENSP00000442068","PTTG1","CDCA3",9606,0.871,0,0,0,0.794,0,0,0.4
"9606.ENSP00000377536","9606.ENSP00000411532","PTTG1","TOP2A",9606,0.904,0,0,0,0.801,0,0,0.538
"9606.ENSP00000377536","9606.ENSP00000499238","PTTG1","NUSAP1",9606,0.92,0,0,0,0.849,0,0,0.498
"9606.ENSP00000377536","9606.ENSP00000481380","PTTG1","CCNA2",9606,0.931,0,0,0,0.806,0,0,0.662
"9606.ENSP00000377536","9606.ENSP00000378699","PTTG1","CDK1",9606,0.993,0,0,0,0.893,0.636,0,0.845
"9606.ENSP00000377617","9606.ENSP00000444408","MTHFD2","SLC1A5",9606,0.446,0.054,0,0,0.165,0,0,0.356
"9606.ENSP00000377617","9606.ENSP00000396308","MTHFD2","DHFR",9606,0.686,0.1,0,0,0.077,0,0.164,0.602
"9606.ENSP00000377617","9606.ENSP00000498336","MTHFD2","MTHFD1",9606,0.996,0.111,0,0,0.201,0.841,0.966,0.296
"9606.ENSP00000377801","9606.ENSP00000466718","RCCD1","LSM12",9606,0.405,0,0,0,0.062,0.392,0,0
"9606.ENSP00000377833","9606.ENSP00000494750","ANXA4","ACTB",9606,0.56,0,0,0,0.075,0,0,0.544
"9606.ENSP00000377833","9606.ENSP00000458162","ANXA4","ACTG1",9606,0.65,0,0,0,0.075,0,0,0.638
"9606.ENSP00000377936","9606.ENSP00000378699","PPP2R2B","CDK1",9606,0.645,0,0,0,0,0.56,0,0.228
"9606.ENSP00000377936","9606.ENSP00000381461","PPP2R2B","PPME1",9606,0.882,0,0,0,0.075,0.804,0,0.404
"9606.ENSP00000377936","9606.ENSP00000377958","PPP2R2B","CCT4",9606,0.909,0,0,0,0.08,0.903,0,0.064
"9606.ENSP00000377958","9606.ENSP00000397552","CCT4","ACTL6A",9606,0.401,0,0,0,0.252,0.108,0,0.175
"9606.ENSP00000377958","9606.ENSP00000392270","CCT4","STRAP",9606,0.418,0,0,0,0.418,0,0,0
"9606.ENSP00000377958","9606.ENSP00000410769","CCT4","CNBP",9606,0.426,0,0,0,0.352,0.072,0,0.123
"9606.ENSP00000377958","9606.ENSP00000416269","CCT4","DDX39B",9606,0.434,0,0,0,0.411,0.054,0,0.066
"9606.ENSP00000377958","9606.ENSP00000495530","CCT4","ENO1",9606,0.469,0.043,0,0,0.355,0.062,0,0.192
"9606.ENSP00000377958","9606.ENSP00000380256","CCT4","CCNF",9606,0.503,0,0,0,0.075,0.457,0,0.091
"9606.ENSP00000377958","9606.ENSP00000380070","CCT4","GAPDH",9606,0.54,0,0,0,0.362,0.13,0,0.238
"9606.ENSP00000377958","9606.ENSP00000429089","CCT4","CCNE2",9606,0.542,0,0,0,0.073,0.073,0.5,0.06
"9606.ENSP00000377958","9606.ENSP00000497641","CCT4","EIF4A3",9606,0.61,0,0,0,0.586,0.054,0,0.086
"9606.ENSP00000377958","9606.ENSP00000496250","CCT4","RPL11",9606,0.724,0,0,0,0.663,0.084,0,0.18
"9606.ENSP00000377958","9606.ENSP00000443475","CCT4","TUBA1C",9606,0.749,0,0,0,0.329,0.162,0.5,0.214
"9606.ENSP00000377958","9606.ENSP00000483236","CCT4","DCAF7",9606,0.898,0,0,0,0.075,0.798,0.5,0
"9606.ENSP00000377958","9606.ENSP00000458162","CCT4","ACTG1",9606,0.925,0,0,0,0.175,0.905,0,0.123
"9606.ENSP00000377958","9606.ENSP00000494750","CCT4","ACTB",9606,0.962,0,0,0,0.13,0.905,0.5,0.204
"9606.ENSP00000377958","9606.ENSP00000437125","CCT4","HSPA8",9606,0.988,0.043,0,0,0.703,0.497,0.9,0.347
"9606.ENSP00000378145","9606.ENSP00000495795","MCUB","SPG7",9606,0.624,0,0,0,0,0,0.5,0.28
"9606.ENSP00000378485","9606.ENSP00000428924","MATK","LYN",9606,0.435,0,0,0.105,0.078,0.329,0,0.101
"9606.ENSP00000378485","9606.ENSP00000498852","MATK","SPN",9606,0.48,0,0,0,0.105,0.066,0,0.429
"9606.ENSP00000378485","9606.ENSP00000418960","MATK","BRCA1",9606,0.516,0,0,0,0,0.457,0,0.146
"9606.ENSP00000378485","9606.ENSP00000496959","MATK","ITGAM",9606,0.689,0,0,0,0.081,0.045,0,0.675
"9606.ENSP00000378699","9606.ENSP00000380763","CDK1","MORC2",9606,0.4,0,0,0,0.069,0.28,0,0.178
"9606.ENSP00000378699","9606.ENSP00000398698","CDK1","TNF",9606,0.421,0,0,0,0,0,0,0.421
"9606.ENSP00000378699","9606.ENSP00000478877","CDK1","ADRM1",9606,0.449,0,0,0,0.075,0,0.4,0.087
"9606.ENSP00000378699","9606.ENSP00000437125","CDK1","HSPA8",9606,0.52,0,0,0,0.078,0.371,0,0.24
"9606.ENSP00000378699","9606.ENSP00000396308","CDK1","DHFR",9606,0.521,0,0,0,0.338,0,0,0.307
"9606.ENSP00000378699","9606.ENSP00000379181","CDK1","RAE1",9606,0.564,0,0,0,0.106,0.066,0.4,0.234
"9606.ENSP00000378699","9606.ENSP00000483903","CDK1","H2BC15",9606,0.619,0,0,0,0.082,0,0.4,0.365
"9606.ENSP00000378699","9606.ENSP00000494750","CDK1","ACTB",9606,0.637,0,0,0,0.076,0.045,0,0.622
"9606.ENSP00000378699","9606.ENSP00000380070","CDK1","GAPDH",9606,0.655,0,0,0,0.1,0,0,0.633
"9606.ENSP00000378699","9606.ENSP00000389810","CDK1","DSN1",9606,0.69,0,0,0,0.219,0.065,0.4,0.377
"9606.ENSP00000378699","9606.ENSP00000465075","CDK1","SPC24",9606,0.739,0,0,0,0.321,0,0.4,0.413
"9606.ENSP00000378699","9606.ENSP00000387007","CDK1","NCAPG2",9606,0.746,0,0,0,0.456,0,0.4,0.285
"9606.ENSP00000378699","9606.ENSP00000479617","CDK1","UHRF1",9606,0.752,0,0,0,0.462,0.3,0,0.395
"9606.ENSP00000378699","9606.ENSP00000480987","CDK1","MCM3",9606,0.755,0,0,0,0.319,0.257,0,0.556
"9606.ENSP00000378699","9606.ENSP00000497402","CDK1","RCC1",9606,0.781,0,0,0,0.166,0.52,0,0.498
"9606.ENSP00000378699","9606.ENSP00000493712","CDK1","RAD51",9606,0.791,0,0,0,0.509,0,0,0.592
"9606.ENSP00000378699","9606.ENSP00000418268","CDK1","MCM10",9606,0.82,0,0,0,0.678,0,0,0.466
"9606.ENSP00000378699","9606.ENSP00000438483","CDK1","KPNA2",9606,0.82,0,0,0,0.725,0.078,0,0.35
"9606.ENSP00000378699","9606.ENSP00000415430","CDK1","GTSE1",9606,0.83,0,0,0,0.575,0,0.4,0.387
"9606.ENSP00000378699","9606.ENSP00000410452","CDK1","STMN1",9606,0.864,0,0,0,0.295,0.686,0,0.439
"9606.ENSP00000378699","9606.ENSP00000468425","CDK1","TK1",9606,0.868,0,0,0,0.598,0.52,0,0.371
"9606.ENSP00000378699","9606.ENSP00000405726","CDK1","CDC45",9606,0.913,0,0,0,0.792,0,0,0.602
"9606.ENSP00000378699","9606.ENSP00000383611","CDK1","CCNL2",9606,0.915,0,0,0,0,0,0,0.915
"9606.ENSP00000378699","9606.ENSP00000418960","CDK1","BRCA1",9606,0.949,0,0,0,0.364,0.802,0,0.629
"9606.ENSP00000378699","9606.ENSP00000499238","CDK1","NUSAP1",9606,0.96,0,0,0,0.87,0.392,0,0.54
"9606.ENSP00000378699","9606.ENSP00000380256","CDK1","CCNF",9606,0.964,0,0,0,0.255,0.918,0,0.471
"9606.ENSP00000378699","9606.ENSP00000414109","CDK1","HJURP",9606,0.967,0,0,0,0.817,0.457,0.5,0.415
"9606.ENSP00000378699","9606.ENSP00000428924","CDK1","LYN",9606,0.973,0,0,0,0.055,0.967,0,0.208
"9606.ENSP00000378699","9606.ENSP00000429089","CDK1","CCNE2",9606,0.977,0,0,0,0.307,0.919,0,0.624
"9606.ENSP00000378699","9606.ENSP00000442068","CDK1","CDCA3",9606,0.977,0,0,0,0.924,0,0,0.713
"9606.ENSP00000378699","9606.ENSP00000411532","CDK1","TOP2A",9606,0.998,0,0,0,0.978,0.827,0,0.707
"9606.ENSP00000378699","9606.ENSP00000481380","CDK1","CCNA2",9606,0.999,0,0,0,0.991,0.999,0.9,0.932
"9606.ENSP00000378935","9606.ENSP00000418960","PPHLN1","BRCA1",9606,0.434,0,0,0,0.095,0.354,0,0.11
"9606.ENSP00000378935","9606.ENSP00000483903","PPHLN1","H2BC15",9606,0.5,0,0,0,0,0,0.5,0
"9606.ENSP00000378935","9606.ENSP00000380763","PPHLN1","MORC2",9606,0.796,0,0,0,0.08,0,0.5,0.594
"9606.ENSP00000379038","9606.ENSP00000396308","TYMP","DHFR",9606,0.412,0.118,0,0,0,0,0,0.361
"9606.ENSP00000379038","9606.ENSP00000395590","TYMP","IFI35",9606,0.427,0,0,0,0.427,0,0,0
"9606.ENSP00000379038","9606.ENSP00000429323","TYMP","EIF2B4",9606,0.595,0.115,0,0,0,0,0.493,0.17
"9606.ENSP00000379038","9606.ENSP00000468425","TYMP","TK1",9606,0.989,0.115,0,0,0.067,0,0.971,0.63
"9606.ENSP00000379181","9606.ENSP00000411532","RAE1","TOP2A",9606,0.421,0,0,0,0.075,0,0.4,0
"9606.ENSP00000379181","9606.ENSP00000497402","RAE1","RCC1",9606,0.43,0,0,0,0.113,0.131,0,0.32
"9606.ENSP00000379181","9606.ENSP00000437125","RAE1","HSPA8",9606,0.479,0,0,0,0.075,0.07,0.4,0.111
"9606.ENSP00000379181","9606.ENSP00000452123","RAE1","SRSF5",9606,0.523,0,0,0,0.084,0.09,0.4,0.16
"9606.ENSP00000379181","9606.ENSP00000397552","RAE1","ACTL6A",9606,0.559,0,0,0,0.541,0.071,0,0.049
"9606.ENSP00000379181","9606.ENSP00000436649","RAE1","SAC3D1",9606,0.702,0,0,0,0,0.643,0,0.201
"9606.ENSP00000379181","9606.ENSP00000438483","RAE1","KPNA2",9606,0.738,0,0,0,0.093,0.07,0,0.715
"9606.ENSP00000379181","9606.ENSP00000497641","RAE1","EIF4A3",9606,0.801,0,0,0,0.352,0.077,0.5,0.416
"9606.ENSP00000379181","9606.ENSP00000416269","RAE1","DDX39B",9606,0.952,0,0,0,0.198,0.514,0,0.888
"9606.ENSP00000379602","9606.ENSP00000463393","VAMP1","SEC22B",9606,0.502,0,0,0,0.093,0.155,0,0.403
"9606.ENSP00000379602","9606.ENSP00000435289","VAMP1","PAFAH1B2",9606,0.543,0,0,0,0,0,0,0.543
"9606.ENSP00000379931","9606.ENSP00000418960","UBE2E2","BRCA1",9606,0.973,0,0,0,0,0.968,0,0.192
"9606.ENSP00000380070","9606.ENSP00000380855","GAPDH","PDCD1LG2",9606,0.403,0,0,0,0,0,0,0.403
"9606.ENSP00000380070","9606.ENSP00000441065","GAPDH","SLC16A1",9606,0.403,0,0,0,0.097,0,0,0.367
"9606.ENSP00000380070","9606.ENSP00000388620","GAPDH","EOMES",9606,0.404,0,0,0,0.058,0.049,0,0.389
"9606.ENSP00000380070","9606.ENSP00000497402","GAPDH","RCC1",9606,0.41,0.055,0,0,0.077,0.116,0,0.326
"9606.ENSP00000380070","9606.ENSP00000380256","GAPDH","CCNF",9606,0.412,0,0,0,0.075,0.219,0,0.252
"9606.ENSP00000380070","9606.ENSP00000410769","GAPDH","CNBP",9606,0.412,0,0,0,0.277,0.068,0,0.198
"9606.ENSP00000380070","9606.ENSP00000398568","GAPDH","PRF1",9606,0.414,0,0,0,0.06,0,0,0.403
"9606.ENSP00000380070","9606.ENSP00000385057","GAPDH","APOBEC3G",9606,0.415,0,0,0,0.073,0,0,0.395
"9606.ENSP00000380070","9606.ENSP00000410452","GAPDH","STMN1",9606,0.426,0,0,0,0.134,0,0,0.365
"9606.ENSP00000380070","9606.ENSP00000444408","GAPDH","SLC1A5",9606,0.437,0.042,0,0,0.084,0,0,0.41
"9606.ENSP00000380070","9606.ENSP00000385385","GAPDH","PDIA6",9606,0.441,0,0,0,0.152,0.111,0,0.319
"9606.ENSP00000380070","9606.ENSP00000468425","GAPDH","TK1",9606,0.441,0,0,0,0.128,0.077,0,0.362
"9606.ENSP00000380070","9606.ENSP00000433760","GAPDH","BANF1",9606,0.46,0,0,0,0.191,0,0,0.36
"9606.ENSP00000380070","9606.ENSP00000396308","GAPDH","DHFR",9606,0.469,0,0,0,0.075,0,0,0.45
"9606.ENSP00000380070","9606.ENSP00000498610","GAPDH","SLC29A1",9606,0.48,0,0,0,0.298,0,0,0.29
"9606.ENSP00000380070","9606.ENSP00000416269","GAPDH","DDX39B",9606,0.486,0.042,0,0,0.219,0.146,0.095,0.249
"9606.ENSP00000380070","9606.ENSP00000483903","GAPDH","H2BC15",9606,0.492,0,0,0,0.191,0,0,0.398
"9606.ENSP00000380070","9606.ENSP00000388001","GAPDH","OAS1",9606,0.502,0,0,0,0.059,0,0,0.493
"9606.ENSP00000380070","9606.ENSP00000425031","GAPDH","HNRNPAB",9606,0.51,0,0,0,0.096,0.369,0,0.211
"9606.ENSP00000380070","9606.ENSP00000482259","GAPDH","CCL4",9606,0.511,0,0,0,0.071,0,0,0.496
"9606.ENSP00000380070","9606.ENSP00000497641","GAPDH","EIF4A3",9606,0.52,0.042,0,0,0.154,0.046,0.095,0.421
"9606.ENSP00000380070","9606.ENSP00000487174","GAPDH","ZEB2",9606,0.545,0,0,0,0,0,0,0.545
"9606.ENSP00000380070","9606.ENSP00000411532","GAPDH","TOP2A",9606,0.553,0.057,0,0,0.112,0,0,0.51
"9606.ENSP00000380070","9606.ENSP00000493712","GAPDH","RAD51",9606,0.554,0.057,0,0,0.089,0.086,0,0.5
"9606.ENSP00000380070","9606.ENSP00000418960","GAPDH","BRCA1",9606,0.58,0,0,0,0.069,0,0,0.568
"9606.ENSP00000380070","9606.ENSP00000383611","GAPDH","CCNL2",9606,0.581,0,0,0,0.115,0,0,0.547
"9606.ENSP00000380070","9606.ENSP00000381461","GAPDH","PPME1",9606,0.583,0.042,0,0,0.089,0.457,0,0.225
"9606.ENSP00000380070","9606.ENSP00000433209","GAPDH","GSDMD",9606,0.585,0,0,0,0,0,0,0.585
"9606.ENSP00000380070","9606.ENSP00000474412","GAPDH","CCL5",9606,0.624,0,0,0,0.071,0,0,0.612
"9606.ENSP00000380070","9606.ENSP00000481380","GAPDH","CCNA2",9606,0.665,0,0,0,0.093,0,0,0.646
"9606.ENSP00000380070","9606.ENSP00000429089","GAPDH","CCNE2",9606,0.689,0,0,0,0.462,0,0,0.446
"9606.ENSP00000380070","9606.ENSP00000469445","GAPDH","PNMA3",9606,0.701,0,0,0,0,0,0,0.701
"9606.ENSP00000380070","9606.ENSP00000496959","GAPDH","ITGAM",9606,0.726,0,0,0,0.056,0,0,0.722
"9606.ENSP00000380070","9606.ENSP00000438483","GAPDH","KPNA2",9606,0.742,0,0,0,0.157,0.564,0,0.356
"9606.ENSP00000380070","9606.ENSP00000483254","GAPDH","HNRNPDL",9606,0.746,0,0,0,0.261,0.503,0,0.366
"9606.ENSP00000380070","9606.ENSP00000447730","GAPDH","CD63",9606,0.801,0,0,0,0.364,0,0,0.7
"9606.ENSP00000380070","9606.ENSP00000443475","GAPDH","TUBA1C",9606,0.813,0,0,0,0.643,0.109,0,0.461
"9606.ENSP00000380070","9606.ENSP00000471896","GAPDH","IRF3",9606,0.831,0,0,0,0.075,0.564,0,0.616
"9606.ENSP00000380070","9606.ENSP00000496250","GAPDH","RPL11",9606,0.838,0.099,0,0,0.721,0,0,0.408
"9606.ENSP00000380070","9606.ENSP00000398698","GAPDH","TNF",9606,0.856,0,0,0,0,0,0,0.856
"9606.ENSP00000380070","9606.ENSP00000458162","GAPDH","ACTG1",9606,0.919,0,0,0,0.848,0,0,0.49
"9606.ENSP00000380070","9606.ENSP00000437125","GAPDH","HSPA8",9606,0.974,0.045,0,0,0.666,0.816,0,0.617
"9606.ENSP00000380070","9606.ENSP00000494750","GAPDH","ACTB",9606,0.994,0,0,0,0.835,0.555,0,0.933
"9606.ENSP00000380070","9606.ENSP00000495530","GAPDH","ENO1",9606,0.999,0.079,0,0,0.944,0.99,0,0.713
"9606.ENSP00000380241","9606.ENSP00000496250","NUDT1","RPL11",9606,0.476,0,0,0,0.075,0.457,0,0
"9606.ENSP00000380241","9606.ENSP00000430598","NUDT1","ATOX1",9606,0.495,0,0,0,0.089,0,0,0.469
"9606.ENSP00000380241","9606.ENSP00000380256","NUDT1","CCNF",9606,0.821,0,0,0,0.081,0.802,0,0.096
"9606.ENSP00000380256","9606.ENSP00000465075","CCNF","SPC24",9606,0.405,0,0,0,0.285,0,0,0.202
"9606.ENSP00000380256","9606.ENSP00000468425","CCNF","TK1",9606,0.416,0,0,0,0.212,0.219,0,0.128
"9606.ENSP00000380256","9606.ENSP00000429089","CCNF","CCNE2",9606,0.444,0,0,0,0.101,0.207,0,0.284
"9606.ENSP00000380256","9606.ENSP00000418268","CCNF","MCM10",9606,0.455,0,0,0,0.252,0,0,0.302
"9606.ENSP00000380256","9606.ENSP00000410769","CCNF","CNBP",9606,0.457,0,0,0,0,0.457,0,0
"9606.ENSP00000380256","9606.ENSP00000428924","CCNF","LYN",9606,0.457,0,0,0,0,0.457,0,0
"9606.ENSP00000380256","9606.ENSP00000439479","CCNF","DMXL1",9606,0.457,0,0,0,0,0.457,0,0
"9606.ENSP00000380256","9606.ENSP00000463393","CCNF","SEC22B",9606,0.457,0,0,0,0,0.457,0,0
"9606.ENSP00000380256","9606.ENSP00000464087","CCNF","RNF213",9606,0.457,0,0,0,0,0.457,0,0
"9606.ENSP00000380256","9606.ENSP00000481762","CCNF","CSDE1",9606,0.457,0,0,0,0,0.457,0,0
"9606.ENSP00000380256","9606.ENSP00000483903","CCNF","H2BC15",9606,0.457,0,0,0,0,0.457,0,0
"9606.ENSP00000380256","9606.ENSP00000483185","CCNF","AP2B1",9606,0.469,0,0,0,0.063,0.457,0,0
"9606.ENSP00000380256","9606.ENSP00000383611","CCNF","CCNL2",9606,0.47,0,0,0,0,0,0,0.47
"9606.ENSP00000380256","9606.ENSP00000452123","CCNF","SRSF5",9606,0.47,0,0,0,0,0.457,0,0.064
"9606.ENSP00000380256","9606.ENSP00000441065","CCNF","SLC16A1",9606,0.476,0,0,0,0.075,0.457,0,0
"9606.ENSP00000380256","9606.ENSP00000444408","CCNF","SLC1A5",9606,0.476,0,0,0,0.076,0.457,0,0
"9606.ENSP00000380256","9606.ENSP00000433071","CCNF","RBM4B",9606,0.477,0,0,0,0.077,0.457,0,0
"9606.ENSP00000380256","9606.ENSP00000387996","CCNF","CSTF2",9606,0.478,0,0,0,0.079,0.457,0,0
"9606.ENSP00000380256","9606.ENSP00000498336","CCNF","MTHFD1",9606,0.48,0,0,0,0.082,0.457,0,0
"9606.ENSP00000380256","9606.ENSP00000397552","CCNF","ACTL6A",9606,0.486,0,0,0,0.079,0.457,0,0.056
"9606.ENSP00000380256","9606.ENSP00000414147","CCNF","SPART",9606,0.523,0,0,0,0,0.457,0,0.159
"9606.ENSP00000380256","9606.ENSP00000494750","CCNF","ACTB",9606,0.526,0,0,0,0,0.457,0,0.164
"9606.ENSP00000380256","9606.ENSP00000389810","CCNF","DSN1",9606,0.54,0,0,0,0.121,0.457,0,0.114
"9606.ENSP00000380256","9606.ENSP00000387007","CCNF","NCAPG2",9606,0.554,0,0,0,0.197,0.457,0,0.06
"9606.ENSP00000380256","9606.ENSP00000415430","CCNF","GTSE1",9606,0.555,0,0,0,0.483,0,0,0.176
"9606.ENSP00000380256","9606.ENSP00000396308","CCNF","DHFR",9606,0.556,0,0,0,0.094,0.457,0,0.171
"9606.ENSP00000380256","9606.ENSP00000483236","CCNF","DCAF7",9606,0.578,0,0,0,0.075,0.457,0,0.228
"9606.ENSP00000380256","9606.ENSP00000458162","CCNF","ACTG1",9606,0.583,0,0,0,0.073,0.566,0,0.048
"9606.ENSP00000380256","9606.ENSP00000495530","CCNF","ENO1",9606,0.587,0,0,0,0.075,0.566,0,0.055
"9606.ENSP00000380256","9606.ENSP00000482753","CCNF","C9orf72",9606,0.596,0,0,0,0,0,0,0.596
"9606.ENSP00000380256","9606.ENSP00000481380","CCNF","CCNA2",9606,0.676,0,0,0,0.553,0,0,0.307
"9606.ENSP00000380256","9606.ENSP00000496250","CCNF","RPL11",9606,0.704,0,0,0,0,0.704,0,0
"9606.ENSP00000380256","9606.ENSP00000403039","CCNF","HP1BP3",9606,0.708,0,0,0,0.054,0.704,0,0
"9606.ENSP00000380256","9606.ENSP00000425031","CCNF","HNRNPAB",9606,0.715,0,0,0,0.077,0.704,0,0
"9606.ENSP00000380256","9606.ENSP00000442068","CCNF","CDCA3",9606,0.715,0,0,0,0.567,0,0,0.369
"9606.ENSP00000380256","9606.ENSP00000497641","CCNF","EIF4A3",9606,0.718,0,0,0,0.075,0.704,0,0.055
"9606.ENSP00000380256","9606.ENSP00000414109","CCNF","HJURP",9606,0.721,0,0,0,0.665,0,0,0.203
"9606.ENSP00000380256","9606.ENSP00000437125","CCNF","HSPA8",9606,0.723,0,0,0,0,0.704,0,0.105
"9606.ENSP00000380256","9606.ENSP00000478877","CCNF","ADRM1",9606,0.723,0,0,0,0.065,0.704,0,0.082
"9606.ENSP00000380256","9606.ENSP00000442318","CCNF","CAND1",9606,0.764,0,0,0,0,0.457,0.5,0.201
"9606.ENSP00000380256","9606.ENSP00000438483","CCNF","KPNA2",9606,0.776,0,0,0,0.149,0.706,0,0.178
"9606.ENSP00000380256","9606.ENSP00000479617","CCNF","UHRF1",9606,0.8,0,0,0,0.228,0.704,0,0.198
"9606.ENSP00000380256","9606.ENSP00000429323","CCNF","EIF2B4",9606,0.807,0,0,0,0.066,0.802,0,0
"9606.ENSP00000380256","9606.ENSP00000411532","CCNF","TOP2A",9606,0.82,0,0,0,0.686,0.219,0,0.327
"9606.ENSP00000380256","9606.ENSP00000405726","CCNF","CDC45",9606,0.892,0,0,0,0.293,0.802,0,0.294
"9606.ENSP00000380256","9606.ENSP00000480987","CCNF","MCM3",9606,0.899,0,0,0,0.281,0.802,0,0.353
"9606.ENSP00000380256","9606.ENSP00000499238","CCNF","NUSAP1",9606,0.968,0,0,0,0.368,0.918,0,0.449
"9606.ENSP00000380352","9606.ENSP00000403663","DDHD2","AP4M1",9606,0.465,0,0,0,0,0,0,0.465
"9606.ENSP00000380352","9606.ENSP00000495795","DDHD2","SPG7",9606,0.544,0,0,0,0.073,0,0,0.529
"9606.ENSP00000380352","9606.ENSP00000414147","DDHD2","SPART",9606,0.564,0,0,0,0.058,0,0,0.557
"9606.ENSP00000380352","9606.ENSP00000416050","DDHD2","TM2D2",9606,0.62,0,0,0,0.079,0,0,0.605
"9606.ENSP00000380763","9606.ENSP00000382327","MORC2","SDR39U1",9606,0.409,0,0,0,0.065,0,0,0.394
"9606.ENSP00000380763","9606.ENSP00000483903","MORC2","H2BC15",9606,0.505,0,0,0,0.052,0,0.5,0
"9606.ENSP00000380855","9606.ENSP00000482259","PDCD1LG2","CCL4",9606,0.41,0,0,0,0.08,0,0,0.386
"9606.ENSP00000380855","9606.ENSP00000408146","PDCD1LG2","HLA-DPB1",9606,0.527,0,0,0,0,0,0.5,0.094
"9606.ENSP00000380855","9606.ENSP00000474412","PDCD1LG2","CCL5",9606,0.541,0,0,0,0.079,0,0,0.523
"9606.ENSP00000380855","9606.ENSP00000398568","PDCD1LG2","PRF1",9606,0.548,0,0,0,0.061,0,0,0.539
"9606.ENSP00000380855","9606.ENSP00000496959","PDCD1LG2","ITGAM",9606,0.596,0,0,0,0.099,0,0,0.57
"9606.ENSP00000380855","9606.ENSP00000393566","PDCD1LG2","HLA-DPA1",9606,0.654,0,0,0,0.072,0,0.5,0.315
"9606.ENSP00000380855","9606.ENSP00000398698","PDCD1LG2","TNF",9606,0.68,0,0,0,0.13,0,0,0.648
"9606.ENSP00000381461","9606.ENSP00000435289","PPME1","PAFAH1B2",9606,0.434,0,0,0,0.104,0,0,0.395
"9606.ENSP00000381461","9606.ENSP00000480987","PPME1","MCM3",9606,0.476,0,0,0,0.075,0.457,0,0
"9606.ENSP00000381461","9606.ENSP00000437125","PPME1","HSPA8",9606,0.617,0,0,0,0.065,0.594,0,0.074
"9606.ENSP00000383059","9606.ENSP00000416269","ARGLU1","DDX39B",9606,0.44,0,0,0,0.134,0.043,0,0.379
"9606.ENSP00000383059","9606.ENSP00000400184","ARGLU1","NDUFAF8",9606,0.455,0,0,0,0,0,0,0.455
"9606.ENSP00000383059","9606.ENSP00000452123","ARGLU1","SRSF5",9606,0.469,0,0,0,0.396,0,0,0.157
"9606.ENSP00000383059","9606.ENSP00000410409","ARGLU1","TAF1D",9606,0.478,0,0,0,0.191,0,0,0.382
"9606.ENSP00000383059","9606.ENSP00000435210","ARGLU1","BCLAF1",9606,0.759,0,0,0,0.4,0.589,0,0.104
"9606.ENSP00000383059","9606.ENSP00000496842","ARGLU1","PNISR",9606,0.771,0,0,0,0.766,0.062,0,0
"9606.ENSP00000383611","9606.ENSP00000405726","CCNL2","CDC45",9606,0.4,0,0,0,0,0,0,0.4
"9606.ENSP00000383611","9606.ENSP00000497402","CCNL2","RCC1",9606,0.401,0,0,0,0.075,0,0,0.38
"9606.ENSP00000383611","9606.ENSP00000480987","CCNL2","MCM3",9606,0.411,0,0,0,0.075,0,0,0.39
"9606.ENSP00000383611","9606.ENSP00000398698","CCNL2","TNF",9606,0.429,0,0,0,0,0,0,0.429
"9606.ENSP00000383611","9606.ENSP00000406286","CCNL2","ZBTB7B",9606,0.529,0,0,0,0.053,0.524,0,0
"9606.ENSP00000383611","9606.ENSP00000494750","CCNL2","ACTB",9606,0.551,0,0,0,0.047,0,0,0.549
"9606.ENSP00000383611","9606.ENSP00000452123","CCNL2","SRSF5",9606,0.638,0,0,0,0.188,0.456,0,0.247
"9606.ENSP00000383611","9606.ENSP00000418960","CCNL2","BRCA1",9606,0.699,0,0,0,0,0.457,0,0.47
"9606.ENSP00000383611","9606.ENSP00000429089","CCNL2","CCNE2",9606,0.792,0,0,0,0.083,0,0,0.783
"9606.ENSP00000383611","9606.ENSP00000481380","CCNL2","CCNA2",9606,0.958,0,0,0,0,0,0,0.958
"9606.ENSP00000384182","9606.ENSP00000463393","SCFD2","SEC22B",9606,0.988,0,0,0,0.078,0.985,0,0.261
"9606.ENSP00000384290","9606.ENSP00000387007","WDR60","NCAPG2",9606,0.7,0,0,0,0.071,0,0,0.691
"9606.ENSP00000385057","9606.ENSP00000474412","APOBEC3G","CCL5",9606,0.459,0,0,0,0.263,0,0,0.297
"9606.ENSP00000385057","9606.ENSP00000482259","APOBEC3G","CCL4",9606,0.509,0,0,0,0.095,0,0,0.48
"9606.ENSP00000385057","9606.ENSP00000425031","APOBEC3G","HNRNPAB",9606,0.749,0,0,0,0.064,0,0.72,0.121
"9606.ENSP00000385385","9606.ENSP00000437125","PDIA6","HSPA8",9606,0.4,0,0,0,0.131,0,0,0.338
"9606.ENSP00000385385","9606.ENSP00000495530","PDIA6","ENO1",9606,0.443,0,0,0,0.288,0,0,0.251
"9606.ENSP00000385385","9606.ENSP00000482599","PDIA6","METTL23",9606,0.474,0,0,0,0.072,0.457,0,0
"9606.ENSP00000386710","9606.ENSP00000481126","ATG9A","VPS11",9606,0.405,0,0,0,0.101,0,0,0.366
"9606.ENSP00000386710","9606.ENSP00000403663","ATG9A","AP4M1",9606,0.894,0,0,0,0.089,0.802,0,0.462
"9606.ENSP00000387007","9606.ENSP00000442068","NCAPG2","CDCA3",9606,0.4,0,0,0,0.27,0,0,0.213
"9606.ENSP00000387007","9606.ENSP00000479617","NCAPG2","UHRF1",9606,0.449,0,0,0,0.431,0,0,0.073
"9606.ENSP00000387007","9606.ENSP00000418268","NCAPG2","MCM10",9606,0.457,0,0,0,0.333,0,0,0.22
"9606.ENSP00000387007","9606.ENSP00000468425","NCAPG2","TK1",9606,0.473,0,0,0,0.364,0,0,0.206
"9606.ENSP00000387007","9606.ENSP00000405726","NCAPG2","CDC45",9606,0.492,0,0,0,0.393,0,0,0.198
"9606.ENSP00000387007","9606.ENSP00000414109","NCAPG2","HJURP",9606,0.506,0,0,0,0.392,0,0,0.222
"9606.ENSP00000387007","9606.ENSP00000483903","NCAPG2","H2BC15",9606,0.534,0,0,0,0.069,0,0.5,0.08
"9606.ENSP00000387007","9606.ENSP00000411532","NCAPG2","TOP2A",9606,0.585,0,0,0,0.41,0,0,0.326
"9606.ENSP00000387007","9606.ENSP00000481380","NCAPG2","CCNA2",9606,0.595,0,0,0,0.544,0,0,0.15
"9606.ENSP00000387007","9606.ENSP00000499238","NCAPG2","NUSAP1",9606,0.62,0,0,0,0.545,0,0,0.201
"9606.ENSP00000387007","9606.ENSP00000493712","NCAPG2","RAD51",9606,0.649,0,0,0,0.595,0,0,0.169
"9606.ENSP00000387007","9606.ENSP00000480987","NCAPG2","MCM3",9606,0.654,0,0,0,0.55,0,0,0.263
"9606.ENSP00000387007","9606.ENSP00000418960","NCAPG2","BRCA1",9606,0.869,0,0,0,0.462,0.745,0,0.122
"9606.ENSP00000387996","9606.ENSP00000425031","CSTF2","HNRNPAB",9606,0.448,0,0,0.268,0.112,0,0,0.22
"9606.ENSP00000387996","9606.ENSP00000483254","CSTF2","HNRNPDL",9606,0.493,0,0,0.22,0.097,0,0,0.338
"9606.ENSP00000387996","9606.ENSP00000416269","CSTF2","DDX39B",9606,0.647,0.042,0,0,0.102,0,0.5,0.277
"9606.ENSP00000387996","9606.ENSP00000418960","CSTF2","BRCA1",9606,0.845,0,0,0,0.075,0.802,0,0.225
"9606.ENSP00000388001","9606.ENSP00000494750","OAS1","ACTB",9606,0.401,0,0,0,0.06,0,0,0.389
"9606.ENSP00000388001","9606.ENSP00000496959","OAS1","ITGAM",9606,0.419,0,0,0,0.135,0,0,0.356
"9606.ENSP00000388001","9606.ENSP00000474412","OAS1","CCL5",9606,0.48,0,0,0,0.101,0,0,0.446
"9606.ENSP00000388001","9606.ENSP00000398698","OAS1","TNF",9606,0.516,0,0,0,0.126,0,0,0.469
"9606.ENSP00000388001","9606.ENSP00000471896","OAS1","IRF3",9606,0.703,0,0,0,0.062,0,0,0.697
"9606.ENSP00000388001","9606.ENSP00000395590","OAS1","IFI35",9606,0.942,0,0,0,0.849,0,0,0.637
"9606.ENSP00000388620","9606.ENSP00000470788","EOMES","IL12RB1",9606,0.421,0,0,0,0.075,0,0,0.4
"9606.ENSP00000388620","9606.ENSP00000487174","EOMES","ZEB2",9606,0.428,0,0,0,0.067,0.077,0,0.39
"9606.ENSP00000388620","9606.ENSP00000406286","EOMES","ZBTB7B",9606,0.494,0,0,0,0,0.044,0,0.493
"9606.ENSP00000388620","9606.ENSP00000496959","EOMES","ITGAM",9606,0.514,0,0,0,0.075,0,0,0.497
"9606.ENSP00000388620","9606.ENSP00000433847","EOMES","B3GAT1",9606,0.562,0,0,0,0.094,0,0,0.537
"9606.ENSP00000388620","9606.ENSP00000398698","EOMES","TNF",9606,0.565,0,0,0,0.075,0,0,0.55
"9606.ENSP00000388620","9606.ENSP00000474412","EOMES","CCL5",9606,0.58,0,0,0,0.308,0,0,0.418
"9606.ENSP00000388620","9606.ENSP00000436423","EOMES","GNLY",9606,0.621,0,0,0,0.315,0,0,0.47
"9606.ENSP00000388620","9606.ENSP00000388792","EOMES","ZNF683",9606,0.661,0,0,0,0.136,0.07,0,0.612
"9606.ENSP00000388620","9606.ENSP00000398568","EOMES","PRF1",9606,0.852,0,0,0,0.467,0.069,0,0.727
"9606.ENSP00000388792","9606.ENSP00000398568","ZNF683","PRF1",9606,0.534,0,0,0,0.213,0.043,0,0.432
"9606.ENSP00000388792","9606.ENSP00000436423","ZNF683","GNLY",9606,0.628,0,0,0,0.279,0,0,0.506
"9606.ENSP00000389810","9606.ENSP00000414109","DSN1","HJURP",9606,0.525,0,0,0,0.152,0,0,0.463
"9606.ENSP00000389810","9606.ENSP00000465075","DSN1","SPC24",9606,0.999,0,0,0,0.134,0.999,0.9,0.84
"9606.ENSP00000390784","9606.ENSP00000496250","B3GALT4","RPL11",9606,0.416,0,0,0,0.416,0,0,0
"9606.ENSP00000392270","9606.ENSP00000497641","STRAP","EIF4A3",9606,0.42,0,0,0,0.234,0,0,0.275
"9606.ENSP00000392270","9606.ENSP00000437125","STRAP","HSPA8",9606,0.423,0,0,0,0.282,0.115,0,0.166
"9606.ENSP00000392270","9606.ENSP00000481762","STRAP","CSDE1",9606,0.999,0,0,0,0.199,0.999,0,0.846
"9606.ENSP00000393541","9606.ENSP00000413017","IFT27","CCDC28B",9606,0.436,0,0,0,0.063,0,0,0.423
"9606.ENSP00000393566","9606.ENSP00000482259","HLA-DPA1","CCL4",9606,0.409,0,0,0,0.214,0,0,0.28
"9606.ENSP00000393566","9606.ENSP00000474412","HLA-DPA1","CCL5",9606,0.412,0,0,0,0.191,0,0,0.303
"9606.ENSP00000393566","9606.ENSP00000496959","HLA-DPA1","ITGAM",9606,0.42,0,0,0,0.2,0,0,0.305
"9606.ENSP00000393566","9606.ENSP00000436423","HLA-DPA1","GNLY",9606,0.423,0,0,0,0.159,0,0,0.343
"9606.ENSP00000393566","9606.ENSP00000398698","HLA-DPA1","TNF",9606,0.442,0,0,0,0.1,0,0,0.406
"9606.ENSP00000393566","9606.ENSP00000414904","HLA-DPA1","CTSO",9606,0.47,0,0,0,0.153,0,0.4,0
"9606.ENSP00000393566","9606.ENSP00000483185","HLA-DPA1","AP2B1",9606,0.5,0,0,0,0,0,0.5,0
"9606.ENSP00000393566","9606.ENSP00000408146","HLA-DPA1","HLA-DPB1",9606,0.999,0,0,0,0.978,0.9,0.9,0.469
"9606.ENSP00000393762","9606.ENSP00000429690","SESN1","ATP6V0E1",9606,0.502,0,0,0,0.046,0,0.5,0
"9606.ENSP00000393840","9606.ENSP00000437125","BLOC1S3","HSPA8",9606,0.5,0,0,0,0,0,0.5,0
"9606.ENSP00000394331","9606.ENSP00000424497","COMMD5","SH3RF2",9606,0.449,0,0,0,0,0,0,0.449
"9606.ENSP00000394331","9606.ENSP00000478877","COMMD5","ADRM1",9606,0.468,0,0,0,0.15,0,0.4,0
"9606.ENSP00000394331","9606.ENSP00000442318","COMMD5","CAND1",9606,0.521,0,0,0,0.082,0,0.5,0
"9606.ENSP00000394331","9606.ENSP00000483236","COMMD5","DCAF7",9606,0.547,0,0,0,0.133,0,0.5,0
"9606.ENSP00000395590","9606.ENSP00000464087","IFI35","RNF213",9606,0.4,0,0,0,0.271,0.073,0,0.184
"9606.ENSP00000395590","9606.ENSP00000471896","IFI35","IRF3",9606,0.42,0,0,0,0.075,0,0,0.399
"9606.ENSP00000395590","9606.ENSP00000418960","IFI35","BRCA1",9606,0.453,0,0,0,0.047,0,0,0.45
"9606.ENSP00000395590","9606.ENSP00000427004","IFI35","GFM2",9606,0.792,0,0,0,0,0.792,0,0
"9606.ENSP00000395590","9606.ENSP00000496250","IFI35","RPL11",9606,0.941,0.111,0,0,0.738,0.721,0,0.209
"9606.ENSP00000396301","9606.ENSP00000437125","IK","HSPA8",9606,0.421,0,0,0,0.075,0,0.4,0
"9606.ENSP00000396301","9606.ENSP00000470560","IK","EMG1",9606,0.432,0,0,0,0.307,0,0,0.215
"9606.ENSP00000396301","9606.ENSP00000497641","IK","EIF4A3",9606,0.652,0,0,0,0.082,0.339,0.4,0.157
"9606.ENSP00000396301","9606.ENSP00000435210","IK","BCLAF1",9606,0.803,0,0,0,0.135,0.777,0,0.061
"9606.ENSP00000396301","9606.ENSP00000416269","IK","DDX39B",9606,0.81,0,0,0,0.091,0,0.8,0
"9606.ENSP00000396308","9606.ENSP00000493712","DHFR","RAD51",9606,0.421,0,0,0,0.224,0,0,0.285
"9606.ENSP00000396308","9606.ENSP00000418960","DHFR","BRCA1",9606,0.523,0,0,0,0.352,0,0,0.295
"9606.ENSP00000396308","9606.ENSP00000411532","DHFR","TOP2A",9606,0.531,0.099,0,0,0.202,0,0,0.401
"9606.ENSP00000396308","9606.ENSP00000481380","DHFR","CCNA2",9606,0.559,0,0,0,0.288,0,0,0.407
"9606.ENSP00000396308","9606.ENSP00000468425","DHFR","TK1",9606,0.853,0.102,0,0,0.373,0,0.486,0.555
"9606.ENSP00000396308","9606.ENSP00000498336","DHFR","MTHFD1",9606,0.984,0.103,0,0,0.193,0,0.922,0.764
"9606.ENSP00000397552","9606.ENSP00000416269","ACTL6A","DDX39B",9606,0.446,0,0,0,0.43,0.065,0,0.045
"9606.ENSP00000397552","9606.ENSP00000403039","ACTL6A","HP1BP3",9606,0.454,0,0,0,0,0.434,0,0.075
"9606.ENSP00000397552","9606.ENSP00000483903","ACTL6A","H2BC15",9606,0.903,0,0,0,0.075,0.807,0.4,0.202
"9606.ENSP00000397552","9606.ENSP00000433760","ACTL6A","BANF1",9606,0.959,0,0,0,0.172,0.461,0,0.916
"9606.ENSP00000397552","9606.ENSP00000458162","ACTL6A","ACTG1",9606,0.992,0,0,0,0.091,0.918,0.9,0.14
"9606.ENSP00000397552","9606.ENSP00000494750","ACTL6A","ACTB",9606,0.996,0,0,0,0.082,0.918,0.9,0.634
"9606.ENSP00000398568","9606.ENSP00000483330","PRF1","CCL4L2",9606,0.414,0,0,0,0.162,0,0,0.33
"9606.ENSP00000398568","9606.ENSP00000494750","PRF1","ACTB",9606,0.415,0,0,0,0.065,0.062,0,0.387
"9606.ENSP00000398568","9606.ENSP00000498852","PRF1","SPN",9606,0.476,0,0,0,0.177,0,0,0.39
"9606.ENSP00000398568","9606.ENSP00000470788","PRF1","IL12RB1",9606,0.505,0,0,0,0.21,0,0,0.4
"9606.ENSP00000398568","9606.ENSP00000447730","PRF1","CD63",9606,0.604,0,0,0,0,0,0,0.604
"9606.ENSP00000398568","9606.ENSP00000496959","PRF1","ITGAM",9606,0.663,0,0,0,0.176,0,0,0.608
"9606.ENSP00000398568","9606.ENSP00000482259","PRF1","CCL4",9606,0.691,0,0,0,0.26,0,0,0.6
"9606.ENSP00000398568","9606.ENSP00000433847","PRF1","B3GAT1",9606,0.742,0,0,0,0.118,0.046,0,0.719
"9606.ENSP00000398568","9606.ENSP00000420384","PRF1","CST7",9606,0.763,0,0,0,0.691,0,0,0.266
"9606.ENSP00000398568","9606.ENSP00000398698","PRF1","TNF",9606,0.8,0,0,0,0.094,0.064,0,0.784
"9606.ENSP00000398568","9606.ENSP00000474412","PRF1","CCL5",9606,0.844,0,0,0,0.603,0,0,0.624
"9606.ENSP00000398568","9606.ENSP00000436423","PRF1","GNLY",9606,0.992,0,0,0,0.928,0,0,0.895
"9606.ENSP00000398698","9606.ENSP00000418960","TNF","BRCA1",9606,0.423,0,0,0,0,0,0,0.423
"9606.ENSP00000398698","9606.ENSP00000478877","TNF","ADRM1",9606,0.439,0,0,0,0,0,0.4,0.104
"9606.ENSP00000398698","9606.ENSP00000449716","TNF","CMKLR1",9606,0.458,0,0,0,0.096,0,0,0.426
"9606.ENSP00000398698","9606.ENSP00000498852","TNF","SPN",9606,0.462,0,0,0,0.084,0,0,0.437
"9606.ENSP00000398698","9606.ENSP00000449428","TNF","TWF1",9606,0.533,0,0,0,0,0.524,0,0.06
"9606.ENSP00000398698","9606.ENSP00000483185","TNF","AP2B1",9606,0.551,0,0,0,0,0.524,0,0.097
"9606.ENSP00000398698","9606.ENSP00000447730","TNF","CD63",9606,0.56,0,0,0,0,0,0,0.56
"9606.ENSP00000398698","9606.ENSP00000496250","TNF","RPL11",9606,0.563,0,0,0,0,0.524,0,0.121
"9606.ENSP00000398698","9606.ENSP00000433847","TNF","B3GAT1",9606,0.569,0,0,0,0,0,0,0.569
"9606.ENSP00000398698","9606.ENSP00000436423","TNF","GNLY",9606,0.572,0,0,0,0.083,0,0,0.553
"9606.ENSP00000398698","9606.ENSP00000433760","TNF","BANF1",9606,0.619,0,0,0,0,0.524,0,0.233
"9606.ENSP00000398698","9606.ENSP00000433209","TNF","GSDMD",9606,0.648,0,0,0,0.075,0,0,0.636
"9606.ENSP00000398698","9606.ENSP00000483330","TNF","CCL4L2",9606,0.663,0,0,0,0.292,0,0,0.544
"9606.ENSP00000398698","9606.ENSP00000470788","TNF","IL12RB1",9606,0.699,0,0,0,0.165,0,0,0.655
"9606.ENSP00000398698","9606.ENSP00000428924","TNF","LYN",9606,0.703,0,0,0,0.085,0.456,0,0.453
"9606.ENSP00000398698","9606.ENSP00000471896","TNF","IRF3",9606,0.769,0,0,0,0,0,0,0.769
"9606.ENSP00000398698","9606.ENSP00000494750","TNF","ACTB",9606,0.821,0,0,0,0,0.143,0,0.8
"9606.ENSP00000398698","9606.ENSP00000496959","TNF","ITGAM",9606,0.92,0,0,0,0.183,0,0,0.907
"9606.ENSP00000398698","9606.ENSP00000482259","TNF","CCL4",9606,0.958,0,0,0,0.357,0,0.4,0.901
"9606.ENSP00000398698","9606.ENSP00000474412","TNF","CCL5",9606,0.959,0,0,0,0.18,0,0.4,0.924
"9606.ENSP00000398882","9606.ENSP00000470560","DOHH","EMG1",9606,0.532,0,0,0,0.532,0,0,0
"9606.ENSP00000400184","9606.ENSP00000458162","NDUFAF8","ACTG1",9606,0.457,0,0,0,0,0.457,0,0
"9606.ENSP00000400184","9606.ENSP00000428263","NDUFAF8","DGLUCY",9606,0.477,0,0,0,0,0.363,0,0.214
"9606.ENSP00000400646","9606.ENSP00000468425","PNPT1","TK1",9606,0.458,0.118,0,0,0.402,0,0,0.055
"9606.ENSP00000400646","9606.ENSP00000423933","PNPT1","THUMPD2",9606,0.479,0.045,0,0,0.477,0,0,0
"9606.ENSP00000400646","9606.ENSP00000442318","PNPT1","CAND1",9606,0.486,0,0,0,0.093,0.457,0,0
"9606.ENSP00000400646","9606.ENSP00000497641","PNPT1","EIF4A3",9606,0.504,0.053,0,0,0.303,0.131,0,0.238
"9606.ENSP00000400646","9606.ENSP00000496250","PNPT1","RPL11",9606,0.578,0,0,0,0.578,0,0,0
"9606.ENSP00000403663","9606.ENSP00000495795","AP4M1","SPG7",9606,0.426,0,0,0,0.075,0,0,0.405
"9606.ENSP00000403663","9606.ENSP00000447730","AP4M1","CD63",9606,0.542,0,0,0,0,0,0,0.542
"9606.ENSP00000403663","9606.ENSP00000483185","AP4M1","AP2B1",9606,0.876,0,0,0,0.063,0,0.72,0.566
"9606.ENSP00000404439","9606.ENSP00000440703","NPIPB4","NPIPB5",9606,0.943,0,0,0,0.943,0,0,0.044
"9606.ENSP00000404854","9606.ENSP00000458162","NDRG1","ACTG1",9606,0.509,0,0,0,0.071,0.456,0,0.107
"9606.ENSP00000405726","9606.ENSP00000465075","CDC45","SPC24",9606,0.432,0,0,0,0.308,0,0,0.214
"9606.ENSP00000405726","9606.ENSP00000438483","CDC45","KPNA2",9606,0.46,0,0,0,0.34,0.143,0,0.123
"9606.ENSP00000405726","9606.ENSP00000479617","CDC45","UHRF1",9606,0.545,0,0,0,0.381,0,0,0.296
"9606.ENSP00000405726","9606.ENSP00000429089","CDC45","CCNE2",9606,0.612,0,0,0,0.331,0,0,0.444
"9606.ENSP00000405726","9606.ENSP00000415430","CDC45","GTSE1",9606,0.64,0,0,0,0.504,0,0,0.304
"9606.ENSP00000405726","9606.ENSP00000468425","CDC45","TK1",9606,0.709,0,0,0,0.647,0,0,0.212
"9606.ENSP00000405726","9606.ENSP00000414109","CDC45","HJURP",9606,0.744,0,0,0,0.651,0,0,0.299
"9606.ENSP00000405726","9606.ENSP00000499238","CDC45","NUSAP1",9606,0.755,0,0,0,0.653,0,0,0.323
"9606.ENSP00000405726","9606.ENSP00000442068","CDC45","CDCA3",9606,0.763,0,0,0,0.628,0,0,0.39
"9606.ENSP00000405726","9606.ENSP00000418960","CDC45","BRCA1",9606,0.812,0,0,0,0.523,0,0,0.624
"9606.ENSP00000405726","9606.ENSP00000411532","CDC45","TOP2A",9606,0.853,0,0,0,0.64,0,0,0.61
"9606.ENSP00000405726","9606.ENSP00000481380","CDC45","CCNA2",9606,0.861,0,0,0,0.679,0,0,0.587
"9606.ENSP00000405726","9606.ENSP00000493712","CDC45","RAD51",9606,0.942,0,0,0,0.861,0,0,0.603
"9606.ENSP00000405726","9606.ENSP00000418268","CDC45","MCM10",9606,0.999,0,0,0,0.812,0.998,0.5,0.945
"9606.ENSP00000405726","9606.ENSP00000480987","CDC45","MCM3",9606,0.999,0,0,0,0.451,0.997,0.9,0.872
"9606.ENSP00000408146","9606.ENSP00000414904","HLA-DPB1","CTSO",9606,0.441,0,0,0,0.105,0.043,0.4,0
"9606.ENSP00000408146","9606.ENSP00000483185","HLA-DPB1","AP2B1",9606,0.5,0,0,0,0,0,0.5,0
"9606.ENSP00000410409","9606.ENSP00000483903","TAF1D","H2BC15",9606,0.412,0,0,0,0,0,0.4,0.061
"9606.ENSP00000410409","9606.ENSP00000494750","TAF1D","ACTB",9606,0.539,0,0,0,0.066,0,0.5,0.093
"9606.ENSP00000410452","9606.ENSP00000494750","STMN1","ACTB",9606,0.405,0,0,0,0.118,0,0,0.354
"9606.ENSP00000410452","9606.ENSP00000495530","STMN1","ENO1",9606,0.407,0,0,0,0.129,0.102,0,0.303
"9606.ENSP00000410452","9606.ENSP00000481380","STMN1","CCNA2",9606,0.466,0,0,0,0.246,0,0,0.321
"9606.ENSP00000410452","9606.ENSP00000499238","STMN1","NUSAP1",9606,0.475,0,0,0,0.274,0,0,0.307
"9606.ENSP00000410452","9606.ENSP00000411532","STMN1","TOP2A",9606,0.637,0,0,0,0.315,0,0,0.493
"9606.ENSP00000410452","9606.ENSP00000443475","STMN1","TUBA1C",9606,0.726,0,0,0,0.08,0.631,0,0.26
"9606.ENSP00000410452","9606.ENSP00000437125","STMN1","HSPA8",9606,0.733,0,0,0,0.095,0.643,0,0.24
"9606.ENSP00000410769","9606.ENSP00000482753","CNBP","C9orf72",9606,0.454,0,0,0,0,0,0,0.454
"9606.ENSP00000410769","9606.ENSP00000483254","CNBP","HNRNPDL",9606,0.515,0,0,0,0.333,0,0,0.303
"9606.ENSP00000410769","9606.ENSP00000481762","CNBP","CSDE1",9606,0.543,0,0,0,0.275,0.103,0,0.355
"9606.ENSP00000410769","9606.ENSP00000482030","CNBP","ZNF2",9606,0.651,0,0,0,0,0,0,0.651
"9606.ENSP00000410769","9606.ENSP00000496250","CNBP","RPL11",9606,0.852,0,0,0,0.314,0.791,0,0.057
"9606.ENSP00000411532","9606.ENSP00000433760","TOP2A","BANF1",9606,0.403,0,0,0,0.075,0.216,0,0.243
"9606.ENSP00000411532","9606.ENSP00000437125","TOP2A","HSPA8",9606,0.406,0,0,0,0.075,0.305,0,0.151
"9606.ENSP00000411532","9606.ENSP00000494750","TOP2A","ACTB",9606,0.424,0,0,0,0.068,0.07,0,0.389
"9606.ENSP00000411532","9606.ENSP00000465075","TOP2A","SPC24",9606,0.442,0,0,0,0.315,0,0,0.219
"9606.ENSP00000411532","9606.ENSP00000429089","TOP2A","CCNE2",9606,0.544,0,0,0,0.213,0,0,0.445
"9606.ENSP00000411532","9606.ENSP00000483903","TOP2A","H2BC15",9606,0.562,0,0,0,0.075,0.487,0,0.152
"9606.ENSP00000411532","9606.ENSP00000438483","TOP2A","KPNA2",9606,0.563,0,0,0,0.398,0,0,0.305
"9606.ENSP00000411532","9606.ENSP00000433071","TOP2A","RBM4B",9606,0.577,0,0,0,0,0.577,0,0
"9606.ENSP00000411532","9606.ENSP00000493712","TOP2A","RAD51",9606,0.671,0,0,0,0.329,0.066,0,0.518
"9606.ENSP00000411532","9606.ENSP00000480987","TOP2A","MCM3",9606,0.674,0,0,0,0.422,0.061,0,0.448
"9606.ENSP00000411532","9606.ENSP00000418268","TOP2A","MCM10",9606,0.675,0,0,0,0.386,0,0,0.493
"9606.ENSP00000411532","9606.ENSP00000468425","TOP2A","TK1",9606,0.711,0,0,0,0.377,0,0,0.556
"9606.ENSP00000411532","9606.ENSP00000415430","TOP2A","GTSE1",9606,0.825,0.042,0,0,0.73,0,0,0.378
"9606.ENSP00000411532","9606.ENSP00000418960","TOP2A","BRCA1",9606,0.877,0,0,0,0.35,0.61,0,0.557
"9606.ENSP00000411532","9606.ENSP00000442068","TOP2A","CDCA3",9606,0.882,0,0,0,0.764,0,0,0.522
"9606.ENSP00000411532","9606.ENSP00000479617","TOP2A","UHRF1",9606,0.886,0,0,0,0.502,0.468,0,0.605
"9606.ENSP00000411532","9606.ENSP00000414109","TOP2A","HJURP",9606,0.917,0,0,0,0.864,0,0,0.42
"9606.ENSP00000411532","9606.ENSP00000481380","TOP2A","CCNA2",9606,0.964,0,0,0,0.908,0,0,0.629
"9606.ENSP00000411532","9606.ENSP00000499238","TOP2A","NUSAP1",9606,0.992,0,0,0,0.976,0,0,0.689
"9606.ENSP00000413625","9606.ENSP00000453302","FNBP1","ADAM8",9606,0.411,0,0,0,0.093,0.309,0,0.136
"9606.ENSP00000413625","9606.ENSP00000444408","FNBP1","SLC1A5",9606,0.414,0,0,0,0,0,0.4,0.064
"9606.ENSP00000413625","9606.ENSP00000494550","FNBP1","MYO1F",9606,0.561,0,0,0,0.075,0.393,0,0.281
"9606.ENSP00000414109","9606.ENSP00000493712","HJURP","RAD51",9606,0.461,0,0,0,0.343,0,0,0.214
"9606.ENSP00000414109","9606.ENSP00000468425","HJURP","TK1",9606,0.483,0,0,0,0.329,0,0,0.262
"9606.ENSP00000414109","9606.ENSP00000465075","HJURP","SPC24",9606,0.544,0,0,0,0.334,0,0,0.344
"9606.ENSP00000414109","9606.ENSP00000479617","HJURP","UHRF1",9606,0.549,0,0,0,0.446,0,0,0.221
"9606.ENSP00000414109","9606.ENSP00000418268","HJURP","MCM10",9606,0.631,0,0,0,0.506,0,0,0.285
"9606.ENSP00000414109","9606.ENSP00000415430","HJURP","GTSE1",9606,0.833,0,0,0,0.752,0,0,0.357
"9606.ENSP00000414109","9606.ENSP00000442068","HJURP","CDCA3",9606,0.852,0,0,0,0.818,0,0,0.225
"9606.ENSP00000414109","9606.ENSP00000499238","HJURP","NUSAP1",9606,0.899,0,0,0,0.833,0,0,0.421
"9606.ENSP00000414109","9606.ENSP00000481380","HJURP","CCNA2",9606,0.948,0,0,0,0.864,0,0.5,0.302
"9606.ENSP00000414147","9606.ENSP00000495795","SPART","SPG7",9606,0.788,0,0,0,0.059,0,0,0.784
"9606.ENSP00000414147","9606.ENSP00000438399","SPART","IST1",9606,0.961,0,0,0,0.06,0.9,0,0.621
"9606.ENSP00000415034","9606.ENSP00000425031","NBEAL2","HNRNPAB",9606,0.456,0,0,0,0,0.456,0,0
"9606.ENSP00000415034","9606.ENSP00000466718","NBEAL2","LSM12",9606,0.456,0,0,0,0,0.456,0,0
"9606.ENSP00000415034","9606.ENSP00000498336","NBEAL2","MTHFD1",9606,0.469,0,0,0,0,0.456,0,0.064
"9606.ENSP00000415430","9606.ENSP00000418960","GTSE1","BRCA1",9606,0.403,0,0,0,0.291,0,0,0.193
"9606.ENSP00000415430","9606.ENSP00000483185","GTSE1","AP2B1",9606,0.412,0,0,0,0,0.401,0,0.06
"9606.ENSP00000415430","9606.ENSP00000478877","GTSE1","ADRM1",9606,0.42,0,0,0,0.073,0,0.4,0
"9606.ENSP00000415430","9606.ENSP00000468425","GTSE1","TK1",9606,0.446,0,0,0,0.293,0,0,0.249
"9606.ENSP00000415430","9606.ENSP00000465075","GTSE1","SPC24",9606,0.495,0,0,0,0.384,0,0,0.214
"9606.ENSP00000415430","9606.ENSP00000418268","GTSE1","MCM10",9606,0.554,0,0,0,0.471,0,0,0.193
"9606.ENSP00000415430","9606.ENSP00000481380","GTSE1","CCNA2",9606,0.798,0,0,0,0.722,0,0,0.305
"9606.ENSP00000415430","9606.ENSP00000499238","GTSE1","NUSAP1",9606,0.814,0,0,0,0.714,0,0,0.378
"9606.ENSP00000415430","9606.ENSP00000442068","GTSE1","CDCA3",9606,0.841,0,0,0,0.763,0,0,0.36
"9606.ENSP00000416269","9606.ENSP00000495530","DDX39B","ENO1",9606,0.403,0,0,0,0.288,0.128,0,0.117
"9606.ENSP00000416269","9606.ENSP00000494750","DDX39B","ACTB",9606,0.441,0,0,0,0.288,0.103,0,0.196
"9606.ENSP00000416269","9606.ENSP00000425031","DDX39B","HNRNPAB",9606,0.472,0,0,0,0.358,0.103,0,0.158
"9606.ENSP00000416269","9606.ENSP00000483254","DDX39B","HNRNPDL",9606,0.489,0,0,0,0.224,0.103,0,0.326
"9606.ENSP00000416269","9606.ENSP00000437125","DDX39B","HSPA8",9606,0.549,0,0,0,0.25,0.371,0,0.122
"9606.ENSP00000416269","9606.ENSP00000436649","DDX39B","SAC3D1",9606,0.607,0,0,0,0.074,0.564,0,0.107
"9606.ENSP00000416269","9606.ENSP00000452123","DDX39B","SRSF5",9606,0.747,0.042,0,0,0.145,0.275,0.5,0.28
"9606.ENSP00000416269","9606.ENSP00000435210","DDX39B","BCLAF1",9606,0.897,0,0,0,0.347,0.824,0,0.182
"9606.ENSP00000416269","9606.ENSP00000497641","DDX39B","EIF4A3",9606,0.999,0,0,0.105,0.65,0.999,0.8,0.336
"9606.ENSP00000418268","9606.ENSP00000431376","MCM10","TATDN3",9606,0.445,0,0,0,0.075,0,0,0.425
"9606.ENSP00000418268","9606.ENSP00000468425","MCM10","TK1",9606,0.484,0,0,0,0.306,0,0,0.287
"9606.ENSP00000418268","9606.ENSP00000479617","MCM10","UHRF1",9606,0.634,0,0,0,0.539,0,0,0.24
"9606.ENSP00000418268","9606.ENSP00000499238","MCM10","NUSAP1",9606,0.646,0,0,0,0.443,0,0,0.391
"9606.ENSP00000418268","9606.ENSP00000429089","MCM10","CCNE2",9606,0.675,0,0,0,0.415,0,0,0.468
"9606.ENSP00000418268","9606.ENSP00000442068","MCM10","CDCA3",9606,0.675,0,0,0,0.516,0,0,0.358
"9606.ENSP00000418268","9606.ENSP00000493712","MCM10","RAD51",9606,0.849,0,0,0,0.473,0.508,0,0.466
"9606.ENSP00000418268","9606.ENSP00000481380","MCM10","CCNA2",9606,0.872,0,0,0,0.759,0,0,0.491
"9606.ENSP00000418268","9606.ENSP00000418960","MCM10","BRCA1",9606,0.884,0,0,0,0.378,0.745,0,0.33
"9606.ENSP00000418268","9606.ENSP00000480987","MCM10","MCM3",9606,0.999,0,0,0,0.414,0.998,0.5,0.773
"9606.ENSP00000418960","9606.ENSP00000480987","BRCA1","MCM3",9606,0.455,0,0,0,0.258,0,0,0.296
"9606.ENSP00000418960","9606.ENSP00000429089","BRCA1","CCNE2",9606,0.461,0,0,0,0.2,0,0,0.354
"9606.ENSP00000418960","9606.ENSP00000499238","BRCA1","NUSAP1",9606,0.483,0,0,0,0.357,0,0,0.23
"9606.ENSP00000418960","9606.ENSP00000437125","BRCA1","HSPA8",9606,0.495,0,0,0,0.06,0.374,0,0.211
"9606.ENSP00000418960","9606.ENSP00000494750","BRCA1","ACTB",9606,0.568,0,0,0,0,0,0,0.568
"9606.ENSP00000418960","9606.ENSP00000468425","BRCA1","TK1",9606,0.618,0,0,0,0.513,0,0,0.249
"9606.ENSP00000418960","9606.ENSP00000483903","BRCA1","H2BC15",9606,0.628,0,0,0,0.075,0,0.5,0.261
"9606.ENSP00000418960","9606.ENSP00000484398","BRCA1","SMTN",9606,0.745,0,0,0,0,0.745,0,0.043
"9606.ENSP00000418960","9606.ENSP00000479617","BRCA1","UHRF1",9606,0.748,0,0,0,0.3,0.457,0,0.391
"9606.ENSP00000418960","9606.ENSP00000425031","BRCA1","HNRNPAB",9606,0.783,0,0,0,0.075,0.745,0,0.157
"9606.ENSP00000418960","9606.ENSP00000483397","BRCA1","FSBP",9606,0.816,0,0,0,0.491,0,0,0.655
"9606.ENSP00000418960","9606.ENSP00000438483","BRCA1","KPNA2",9606,0.892,0,0,0,0.221,0.833,0,0.238
"9606.ENSP00000418960","9606.ENSP00000481380","BRCA1","CCNA2",9606,0.968,0,0,0,0.323,0.802,0.5,0.582
"9606.ENSP00000418960","9606.ENSP00000493712","BRCA1","RAD51",9606,0.999,0,0,0,0.426,0.999,0.9,0.966
"9606.ENSP00000420384","9606.ENSP00000482259","CST7","CCL4",9606,0.501,0,0,0,0.204,0,0,0.4
"9606.ENSP00000420384","9606.ENSP00000496959","CST7","ITGAM",9606,0.527,0,0,0,0.214,0,0,0.424
"9606.ENSP00000420384","9606.ENSP00000474412","CST7","CCL5",9606,0.673,0,0,0,0.513,0,0,0.358
"9606.ENSP00000420384","9606.ENSP00000436423","CST7","GNLY",9606,0.732,0,0,0,0.496,0,0,0.491
"9606.ENSP00000421405","9606.ENSP00000443475","ROPN1L","TUBA1C",9606,0.8,0,0,0,0,0.8,0,0
"9606.ENSP00000424497","9606.ENSP00000466718","SH3RF2","LSM12",9606,0.457,0,0,0,0,0.457,0,0
"9606.ENSP00000424846","9606.ENSP00000494550","SH3BP2","MYO1F",9606,0.553,0,0,0,0.095,0.408,0,0.234
"9606.ENSP00000425031","9606.ENSP00000452123","HNRNPAB","SRSF5",9606,0.41,0,0,0,0.108,0,0,0.366
"9606.ENSP00000425031","9606.ENSP00000483254","HNRNPAB","HNRNPDL",9606,0.992,0,0,0.065,0.621,0.98,0,0.083
"9606.ENSP00000427004","9606.ENSP00000495795","GFM2","SPG7",9606,0.421,0.07,0,0.231,0.141,0,0,0.169
"9606.ENSP00000428924","9606.ENSP00000494750","LYN","ACTB",9606,0.407,0,0,0,0.075,0,0,0.386
"9606.ENSP00000428924","9606.ENSP00000496959","LYN","ITGAM",9606,0.628,0,0,0,0.176,0.045,0.36,0.349
"9606.ENSP00000428924","9606.ENSP00000468424","LYN","NMT1",9606,0.691,0,0,0,0.095,0.637,0,0.137
"9606.ENSP00000429089","9606.ENSP00000479617","CCNE2","UHRF1",9606,0.408,0,0,0,0.26,0,0,0.234
"9606.ENSP00000429089","9606.ENSP00000483236","CCNE2","DCAF7",9606,0.408,0,0,0,0.055,0,0.4,0
"9606.ENSP00000429089","9606.ENSP00000493712","CCNE2","RAD51",9606,0.408,0,0,0,0.252,0,0,0.242
"9606.ENSP00000429089","9606.ENSP00000478877","CCNE2","ADRM1",9606,0.42,0,0,0,0.055,0,0.4,0.06
"9606.ENSP00000429089","9606.ENSP00000499238","CCNE2","NUSAP1",9606,0.522,0,0,0,0.232,0,0,0.404
"9606.ENSP00000429089","9606.ENSP00000494750","CCNE2","ACTB",9606,0.553,0,0,0,0.304,0,0,0.385
"9606.ENSP00000429089","9606.ENSP00000481380","CCNE2","CCNA2",9606,0.834,0,0,0,0.3,0.407,0.4,0.414
"9606.ENSP00000429089","9606.ENSP00000480987","CCNE2","MCM3",9606,0.846,0,0,0,0.292,0.656,0,0.42
"9606.ENSP00000429323","9606.ENSP00000482753","EIF2B4","C9orf72",9606,0.722,0,0,0,0,0,0.72,0.048
"9606.ENSP00000429323","9606.ENSP00000438399","EIF2B4","IST1",9606,0.867,0,0,0,0,0.867,0,0
"9606.ENSP00000429690","9606.ENSP00000447730","ATP6V0E1","CD63",9606,0.454,0,0,0,0.454,0,0,0
"9606.ENSP00000429690","9606.ENSP00000430598","ATP6V0E1","ATOX1",9606,0.501,0,0,0,0.231,0,0,0.378
"9606.ENSP00000430598","9606.ENSP00000496250","ATOX1","RPL11",9606,0.56,0,0,0,0.09,0.533,0,0.048
"9606.ENSP00000430598","9606.ENSP00000495795","ATOX1","SPG7",9606,0.568,0,0,0,0.047,0.554,0,0.067
"9606.ENSP00000430598","9606.ENSP00000449270","ATOX1","COPZ1",9606,0.619,0,0,0,0.138,0,0,0.577
"9606.ENSP00000432886","9606.ENSP00000496842","RNPC3","PNISR",9606,0.634,0,0,0,0.634,0,0,0
"9606.ENSP00000433209","9606.ENSP00000471896","GSDMD","IRF3",9606,0.521,0,0,0,0.137,0,0,0.468
"9606.ENSP00000433209","9606.ENSP00000494750","GSDMD","ACTB",9606,0.578,0,0,0,0.06,0,0,0.57
"9606.ENSP00000433209","9606.ENSP00000469240","GSDMD","CHMP2A",9606,0.604,0,0,0,0.075,0,0.4,0.344
"9606.ENSP00000433760","9606.ENSP00000487174","BANF1","ZEB2",9606,0.439,0,0,0,0,0.403,0,0.1
"9606.ENSP00000433760","9606.ENSP00000494750","BANF1","ACTB",9606,0.496,0,0,0,0.142,0.102,0,0.399
"9606.ENSP00000433760","9606.ENSP00000469880","BANF1","VRK3",9606,0.754,0,0,0,0.047,0.529,0,0.496
"9606.ENSP00000433847","9606.ENSP00000436423","B3GAT1","GNLY",9606,0.407,0,0,0,0.075,0,0,0.386
"9606.ENSP00000433847","9606.ENSP00000482259","B3GAT1","CCL4",9606,0.427,0,0,0,0.075,0,0,0.406
"9606.ENSP00000433847","9606.ENSP00000496959","B3GAT1","ITGAM",9606,0.477,0,0,0,0.054,0,0,0.47
"9606.ENSP00000434552","9606.ENSP00000436423","MAML2","GNLY",9606,0.495,0,0,0,0,0,0,0.495
"9606.ENSP00000435210","9606.ENSP00000483254","BCLAF1","HNRNPDL",9606,0.46,0,0,0,0.375,0,0,0.172
"9606.ENSP00000435210","9606.ENSP00000469880","BCLAF1","VRK3",9606,0.469,0,0,0,0,0.469,0,0
"9606.ENSP00000435210","9606.ENSP00000496842","BCLAF1","PNISR",9606,0.481,0,0,0,0.402,0.061,0,0.15
"9606.ENSP00000435210","9606.ENSP00000497641","BCLAF1","EIF4A3",9606,0.876,0,0,0,0.158,0.837,0,0.17
"9606.ENSP00000436423","9606.ENSP00000483330","GNLY","CCL4L2",9606,0.465,0,0,0,0.125,0,0,0.414
"9606.ENSP00000436423","9606.ENSP00000482259","GNLY","CCL4",9606,0.632,0,0,0,0.297,0,0,0.498
"9606.ENSP00000436423","9606.ENSP00000474412","GNLY","CCL5",9606,0.83,0,0,0,0.646,0,0,0.54
"9606.ENSP00000437125","9606.ENSP00000483254","HSPA8","HNRNPDL",9606,0.46,0,0,0,0.347,0,0,0.208
"9606.ENSP00000437125","9606.ENSP00000469880","HSPA8","VRK3",9606,0.463,0,0,0,0,0.457,0,0.053
"9606.ENSP00000437125","9606.ENSP00000438886","HSPA8","CDK5RAP3",9606,0.495,0,0,0,0.068,0.457,0,0.083
"9606.ENSP00000437125","9606.ENSP00000469240","HSPA8","CHMP2A",9606,0.515,0,0,0,0.075,0.064,0.4,0.178
"9606.ENSP00000437125","9606.ENSP00000457411","HSPA8","USP10",9606,0.561,0,0,0,0.125,0.508,0,0.063
"9606.ENSP00000437125","9606.ENSP00000442318","HSPA8","CAND1",9606,0.573,0,0,0,0.145,0.471,0,0.133
"9606.ENSP00000437125","9606.ENSP00000496250","HSPA8","RPL11",9606,0.645,0,0,0,0.349,0.336,0,0.246
"9606.ENSP00000437125","9606.ENSP00000447730","HSPA8","CD63",9606,0.664,0,0,0,0.154,0.116,0,0.587
"9606.ENSP00000437125","9606.ENSP00000483185","HSPA8","AP2B1",9606,0.705,0,0,0,0.1,0.588,0,0.27
"9606.ENSP00000437125","9606.ENSP00000443475","HSPA8","TUBA1C",9606,0.737,0,0,0,0.64,0,0,0.301
"9606.ENSP00000437125","9606.ENSP00000481762","HSPA8","CSDE1",9606,0.739,0,0,0,0.202,0.654,0,0.131
"9606.ENSP00000437125","9606.ENSP00000458162","HSPA8","ACTG1",9606,0.764,0,0,0,0.588,0.138,0,0.389
"9606.ENSP00000437125","9606.ENSP00000495530","HSPA8","ENO1",9606,0.816,0.046,0,0,0.552,0.198,0,0.528
"9606.ENSP00000437125","9606.ENSP00000478877","HSPA8","ADRM1",9606,0.875,0,0,0,0.095,0.841,0,0.206
"9606.ENSP00000437125","9606.ENSP00000494750","HSPA8","ACTB",9606,0.962,0,0,0,0.558,0.818,0,0.569
"9606.ENSP00000438399","9606.ENSP00000443475","IST1","TUBA1C",9606,0.537,0,0,0,0.075,0,0.5,0.08
"9606.ENSP00000438399","9606.ENSP00000469240","IST1","CHMP2A",9606,0.991,0,0,0,0.32,0.87,0.5,0.833
"9606.ENSP00000438483","9606.ENSP00000482030","KPNA2","ZNF2",9606,0.476,0,0,0,0,0.474,0,0.046
"9606.ENSP00000438483","9606.ENSP00000480987","KPNA2","MCM3",9606,0.494,0,0,0,0.241,0,0,0.361
"9606.ENSP00000438483","9606.ENSP00000483903","KPNA2","H2BC15",9606,0.514,0,0,0,0.069,0,0.5,0
"9606.ENSP00000438483","9606.ENSP00000481380","KPNA2","CCNA2",9606,0.536,0,0,0,0.405,0.05,0,0.246
"9606.ENSP00000438483","9606.ENSP00000468425","KPNA2","TK1",9606,0.615,0,0,0,0.519,0,0,0.234
"9606.ENSP00000438483","9606.ENSP00000442068","KPNA2","CDCA3",9606,0.649,0,0,0,0.623,0,0,0.108
"9606.ENSP00000438483","9606.ENSP00000499238","KPNA2","NUSAP1",9606,0.676,0,0,0,0.596,0,0,0.231
"9606.ENSP00000438483","9606.ENSP00000497402","KPNA2","RCC1",9606,0.766,0,0,0,0.179,0.103,0,0.709
"9606.ENSP00000438483","9606.ENSP00000471896","KPNA2","IRF3",9606,0.886,0,0,0,0,0.802,0,0.451
"9606.ENSP00000438886","9606.ENSP00000496250","CDK5RAP3","RPL11",9606,0.814,0,0,0,0.112,0.8,0,0
"9606.ENSP00000441065","9606.ENSP00000498610","SLC16A1","SLC29A1",9606,0.428,0,0,0,0.212,0,0,0.305
"9606.ENSP00000441065","9606.ENSP00000449756","SLC16A1","SLC38A1",9606,0.445,0,0,0,0.086,0,0,0.418
"9606.ENSP00000441065","9606.ENSP00000444408","SLC16A1","SLC1A5",9606,0.561,0,0,0,0.101,0,0,0.532
"9606.ENSP00000442068","9606.ENSP00000493712","CDCA3","RAD51",9606,0.432,0,0,0,0.302,0,0,0.22
"9606.ENSP00000442068","9606.ENSP00000480987","CDCA3","MCM3",9606,0.509,0,0,0,0.404,0,0,0.211
"9606.ENSP00000442068","9606.ENSP00000479617","CDCA3","UHRF1",9606,0.542,0,0,0,0.402,0,0,0.267
"9606.ENSP00000442068","9606.ENSP00000468425","CDCA3","TK1",9606,0.579,0,0,0,0.396,0,0,0.332
"9606.ENSP00000442068","9606.ENSP00000465075","CDCA3","SPC24",9606,0.893,0,0,0,0.86,0,0,0.272
"9606.ENSP00000442068","9606.ENSP00000499238","CDCA3","NUSAP1",9606,0.912,0,0,0,0.793,0,0,0.596
"9606.ENSP00000442068","9606.ENSP00000481380","CDCA3","CCNA2",9606,0.951,0,0,0,0.92,0,0,0.419
"9606.ENSP00000442318","9606.ENSP00000481380","CAND1","CCNA2",9606,0.458,0,0,0,0.075,0,0,0.439
"9606.ENSP00000442318","9606.ENSP00000480987","CAND1","MCM3",9606,0.499,0,0,0,0.083,0.457,0,0.076
"9606.ENSP00000442318","9606.ENSP00000466718","CAND1","LSM12",9606,0.502,0,0,0,0.096,0.472,0,0
"9606.ENSP00000442318","9606.ENSP00000483236","CAND1","DCAF7",9606,0.569,0,0,0,0.154,0,0.5,0.063
"9606.ENSP00000443459","9606.ENSP00000444408","BCAT1","SLC1A5",9606,0.433,0,0,0,0.086,0,0,0.406
"9606.ENSP00000443475","9606.ENSP00000469880","TUBA1C","VRK3",9606,0.493,0,0,0,0.092,0.457,0,0.056
"9606.ENSP00000443475","9606.ENSP00000495530","TUBA1C","ENO1",9606,0.5,0,0,0,0.275,0.095,0,0.3
"9606.ENSP00000443475","9606.ENSP00000469240","TUBA1C","CHMP2A",9606,0.517,0,0,0,0.075,0,0.5,0
"9606.ENSP00000443475","9606.ENSP00000458162","TUBA1C","ACTG1",9606,0.966,0,0,0.2,0.642,0.818,0,0.428
"9606.ENSP00000443475","9606.ENSP00000494750","TUBA1C","ACTB",9606,0.976,0,0,0.201,0.63,0.818,0.4,0.384
"9606.ENSP00000444408","9606.ENSP00000449756","SLC1A5","SLC38A1",9606,0.818,0,0,0,0.113,0.046,0,0.803
"9606.ENSP00000447730","9606.ENSP00000495530","CD63","ENO1",9606,0.41,0,0,0,0.219,0,0,0.276
"9606.ENSP00000447730","9606.ENSP00000469240","CD63","CHMP2A",9606,0.424,0,0,0,0.232,0,0,0.281
"9606.ENSP00000447730","9606.ENSP00000458162","CD63","ACTG1",9606,0.436,0,0,0,0.35,0,0,0.169
"9606.ENSP00000447730","9606.ENSP00000496959","CD63","ITGAM",9606,0.609,0,0,0,0.075,0,0,0.595
"9606.ENSP00000447730","9606.ENSP00000494750","CD63","ACTB",9606,0.77,0,0,0,0.35,0,0,0.661
"9606.ENSP00000447730","9606.ENSP00000498610","CD63","SLC29A1",9606,0.887,0,0,0,0.134,0.686,0,0.621
"9606.ENSP00000449270","9606.ENSP00000463393","COPZ1","SEC22B",9606,0.774,0,0,0,0.2,0.175,0.5,0.396
"9606.ENSP00000449428","9606.ENSP00000458162","TWF1","ACTG1",9606,0.455,0,0,0,0.064,0.302,0,0.234
"9606.ENSP00000449428","9606.ENSP00000494689","TWF1","EPS8",9606,0.725,0,0,0,0.075,0,0.5,0.455
"9606.ENSP00000449428","9606.ENSP00000494750","TWF1","ACTB",9606,0.804,0,0,0,0,0.755,0,0.235
"9606.ENSP00000449716","9606.ENSP00000474412","CMKLR1","CCL5",9606,0.628,0,0,0,0.093,0,0,0.607
"9606.ENSP00000449756","9606.ENSP00000494750","SLC38A1","ACTB",9606,0.468,0,0,0,0.325,0,0,0.245
"9606.ENSP00000449756","9606.ENSP00000478639","SLC38A1","SLC1A7",9606,0.471,0,0,0,0.058,0.046,0,0.459
"9606.ENSP00000452123","9606.ENSP00000496842","SRSF5","PNISR",9606,0.669,0,0,0,0.547,0,0,0.301
"9606.ENSP00000452123","9606.ENSP00000483254","SRSF5","HNRNPDL",9606,0.712,0,0,0,0.5,0,0,0.449
"9606.ENSP00000452123","9606.ENSP00000497641","SRSF5","EIF4A3",9606,0.912,0.042,0,0,0.172,0.44,0.8,0.163
"9606.ENSP00000455215","9606.ENSP00000483599","ADGRG1","SPON2",9606,0.475,0,0,0,0.101,0,0,0.441
"9606.ENSP00000457411","9606.ENSP00000466718","USP10","LSM12",9606,0.439,0,0,0,0.064,0.405,0,0.075
"9606.ENSP00000457411","9606.ENSP00000495530","USP10","ENO1",9606,0.476,0,0,0,0.075,0.457,0,0
"9606.ENSP00000457411","9606.ENSP00000481762","USP10","CSDE1",9606,0.487,0,0,0,0.159,0.38,0,0.096
"9606.ENSP00000458162","9606.ENSP00000496250","ACTG1","RPL11",9606,0.64,0,0,0,0.596,0.046,0,0.141
"9606.ENSP00000458162","9606.ENSP00000495530","ACTG1","ENO1",9606,0.718,0,0,0,0.534,0.051,0,0.415
"9606.ENSP00000458162","9606.ENSP00000494550","ACTG1","MYO1F",9606,0.723,0,0,0,0,0.089,0.65,0.203
"9606.ENSP00000458162","9606.ENSP00000483903","ACTG1","H2BC15",9606,0.877,0,0,0,0.327,0.8,0,0.166
"9606.ENSP00000458162","9606.ENSP00000494750","ACTG1","ACTB",9606,0.999,0,0,0.047,0.978,0.999,0.9,0.418
"9606.ENSP00000465075","9606.ENSP00000468425","SPC24","TK1",9606,0.406,0,0,0,0.398,0,0,0.054
"9606.ENSP00000465075","9606.ENSP00000499238","SPC24","NUSAP1",9606,0.423,0,0,0,0.342,0,0,0.16
"9606.ENSP00000465075","9606.ENSP00000493712","SPC24","RAD51",9606,0.447,0,0,0,0.386,0,0,0.137
"9606.ENSP00000465075","9606.ENSP00000481380","SPC24","CCNA2",9606,0.459,0,0,0,0.373,0,0,0.174
"9606.ENSP00000466718","9606.ENSP00000483254","LSM12","HNRNPDL",9606,0.506,0,0,0,0.2,0.1,0,0.37
"9606.ENSP00000466718","9606.ENSP00000481762","LSM12","CSDE1",9606,0.6,0,0,0,0.09,0.579,0,0
"9606.ENSP00000468424","9606.ENSP00000496250","NMT1","RPL11",9606,0.819,0,0,0,0.094,0.8,0,0.082
"9606.ENSP00000468425","9606.ENSP00000479617","TK1","UHRF1",9606,0.44,0,0,0,0.367,0,0,0.152
"9606.ENSP00000468425","9606.ENSP00000480987","TK1","MCM3",9606,0.49,0,0,0,0.361,0,0,0.235
"9606.ENSP00000468425","9606.ENSP00000498610","TK1","SLC29A1",9606,0.572,0,0,0,0.094,0,0,0.547
"9606.ENSP00000468425","9606.ENSP00000481380","TK1","CCNA2",9606,0.629,0,0,0,0.441,0,0,0.364
"9606.ENSP00000468425","9606.ENSP00000499238","TK1","NUSAP1",9606,0.72,0,0,0,0.514,0,0,0.449
"9606.ENSP00000468425","9606.ENSP00000493712","TK1","RAD51",9606,0.751,0,0,0,0.657,0,0,0.305
"9606.ENSP00000469445","9606.ENSP00000494750","PNMA3","ACTB",9606,0.681,0,0,0,0.052,0,0,0.678
"9606.ENSP00000469880","9606.ENSP00000496250","VRK3","RPL11",9606,0.476,0,0,0,0,0.457,0,0.075
"9606.ENSP00000470560","9606.ENSP00000496250","EMG1","RPL11",9606,0.51,0,0,0,0.253,0,0,0.371
"9606.ENSP00000470560","9606.ENSP00000497641","EMG1","EIF4A3",9606,0.526,0,0,0,0.41,0.078,0,0.2
"9606.ENSP00000470788","9606.ENSP00000474412","IL12RB1","CCL5",9606,0.409,0,0,0,0.136,0,0,0.345
"9606.ENSP00000471896","9606.ENSP00000482259","IRF3","CCL4",9606,0.434,0,0,0,0,0,0,0.434
"9606.ENSP00000471896","9606.ENSP00000496959","IRF3","ITGAM",9606,0.467,0,0,0,0,0,0,0.467
"9606.ENSP00000471896","9606.ENSP00000494750","IRF3","ACTB",9606,0.632,0,0,0,0.064,0.069,0,0.612
"9606.ENSP00000471896","9606.ENSP00000474412","IRF3","CCL5",9606,0.878,0,0,0,0.075,0.45,0,0.78
"9606.ENSP00000474412","9606.ENSP00000483330","CCL5","CCL4L2",9606,0.413,0,0,0,0.316,0,0,0.177
"9606.ENSP00000474412","9606.ENSP00000494750","CCL5","ACTB",9606,0.584,0,0,0,0.075,0,0,0.569
"9606.ENSP00000474412","9606.ENSP00000496959","CCL5","ITGAM",9606,0.733,0,0,0,0.141,0,0,0.702
"9606.ENSP00000474412","9606.ENSP00000482259","CCL5","CCL4",9606,0.744,0,0,0.072,0.347,0,0.5,0.255
"9606.ENSP00000478877","9606.ENSP00000481380","ADRM1","CCNA2",9606,0.434,0,0,0,0.075,0,0.4,0.063
"9606.ENSP00000478877","9606.ENSP00000496250","ADRM1","RPL11",9606,0.599,0,0,0,0.354,0,0,0.406
"9606.ENSP00000479617","9606.ENSP00000493712","UHRF1","RAD51",9606,0.576,0,0,0,0.437,0,0,0.278
"9606.ENSP00000479617","9606.ENSP00000499238","UHRF1","NUSAP1",9606,0.588,0,0,0,0.4,0,0,0.343
"9606.ENSP00000479617","9606.ENSP00000483903","UHRF1","H2BC15",9606,0.594,0,0,0,0.075,0.065,0.5,0.172
"9606.ENSP00000479617","9606.ENSP00000481380","UHRF1","CCNA2",9606,0.704,0,0,0,0.589,0,0,0.311
"9606.ENSP00000479617","9606.ENSP00000480987","UHRF1","MCM3",9606,0.733,0,0,0,0.448,0.457,0,0.183
"9606.ENSP00000480270","9606.ENSP00000484580","PPP1R18","PPP1R2",9606,0.433,0,0,0,0.075,0,0,0.413
"9606.ENSP00000480987","9606.ENSP00000497402","MCM3","RCC1",9606,0.408,0,0,0,0.303,0,0,0.186
"9606.ENSP00000480987","9606.ENSP00000499238","MCM3","NUSAP1",9606,0.512,0,0,0,0.333,0.189,0,0.172
"9606.ENSP00000480987","9606.ENSP00000493712","MCM3","RAD51",9606,0.764,0,0,0,0.421,0.457,0,0.31
"9606.ENSP00000480987","9606.ENSP00000481380","MCM3","CCNA2",9606,0.851,0,0,0,0.423,0,0.4,0.605
"9606.ENSP00000481380","9606.ENSP00000497402","CCNA2","RCC1",9606,0.514,0,0,0,0.198,0,0,0.419
"9606.ENSP00000481380","9606.ENSP00000483903","CCNA2","H2BC15",9606,0.62,0,0,0,0.074,0,0.5,0.246
"9606.ENSP00000481380","9606.ENSP00000494750","CCNA2","ACTB",9606,0.666,0,0,0,0.075,0,0,0.654
"9606.ENSP00000481380","9606.ENSP00000493712","CCNA2","RAD51",9606,0.798,0,0,0,0.637,0,0,0.467
"9606.ENSP00000481380","9606.ENSP00000499238","CCNA2","NUSAP1",9606,0.936,0,0,0,0.878,0,0,0.5
"9606.ENSP00000481762","9606.ENSP00000496250","CSDE1","RPL11",9606,0.459,0,0,0,0.106,0.097,0,0.384
"9606.ENSP00000482259","9606.ENSP00000494750","CCL4","ACTB",9606,0.455,0,0,0,0.075,0,0,0.435
"9606.ENSP00000482259","9606.ENSP00000496959","CCL4","ITGAM",9606,0.667,0,0,0,0.191,0,0,0.606
"9606.ENSP00000482259","9606.ENSP00000483330","CCL4","CCL4L2",9606,0.949,0,0,0,0.5,0,0.9,0.076
"9606.ENSP00000482599","9606.ENSP00000483903","METTL23","H2BC15",9606,0.512,0,0,0,0,0.062,0.5,0.044
"9606.ENSP00000482753","9606.ENSP00000483254","C9orf72","HNRNPDL",9606,0.454,0,0,0,0.047,0.083,0,0.426
"9606.ENSP00000483254","9606.ENSP00000497641","HNRNPDL","EIF4A3",9606,0.453,0,0,0,0.216,0,0,0.331
"9606.ENSP00000483254","9606.ENSP00000496842","HNRNPDL","PNISR",9606,0.483,0,0,0,0.33,0,0,0.26
"9606.ENSP00000483254","9606.ENSP00000494750","HNRNPDL","ACTB",9606,0.484,0,0,0,0.273,0,0,0.32
"9606.ENSP00000483397","9606.ENSP00000493712","FSBP","RAD51",9606,0.901,0.042,0,0,0.135,0.511,0,0.785
"9606.ENSP00000483903","9606.ENSP00000483946","H2BC15","PHF19",9606,0.544,0,0,0,0.061,0.071,0.5,0.079
"9606.ENSP00000483903","9606.ENSP00000494750","H2BC15","ACTB",9606,0.94,0,0,0,0.326,0.8,0.4,0.356
"9606.ENSP00000483903","9606.ENSP00000493712","H2BC15","RAD51",9606,0.949,0,0,0,0.069,0.872,0.5,0.247
"9606.ENSP00000487174","9606.ENSP00000494750","ZEB2","ACTB",9606,0.456,0,0,0,0,0,0,0.456
"9606.ENSP00000493712","9606.ENSP00000499238","RAD51","NUSAP1",9606,0.507,0,0,0,0.386,0,0,0.23
"9606.ENSP00000493712","9606.ENSP00000494750","RAD51","ACTB",9606,0.635,0,0,0,0,0.374,0,0.442
"9606.ENSP00000494550","9606.ENSP00000496959","MYO1F","ITGAM",9606,0.537,0,0,0,0.511,0,0,0.093
"9606.ENSP00000494550","9606.ENSP00000494750","MYO1F","ACTB",9606,0.715,0,0,0,0.062,0.089,0.65,0.161
"9606.ENSP00000494750","9606.ENSP00000497641","ACTB","EIF4A3",9606,0.433,0,0,0,0.158,0.13,0,0.289
"9606.ENSP00000494750","9606.ENSP00000496959","ACTB","ITGAM",9606,0.726,0,0,0,0.075,0,0,0.716
"9606.ENSP00000494750","9606.ENSP00000496250","ACTB","RPL11",9606,0.809,0,0,0,0.593,0.372,0,0.314
"9606.ENSP00000494750","9606.ENSP00000495530","ACTB","ENO1",9606,0.847,0,0,0,0.54,0.375,0,0.513
"9606.ENSP00000495530","9606.ENSP00000496250","ENO1","RPL11",9606,0.511,0.108,0,0,0.387,0,0,0.178
"9606.ENSP00000496959","9606.ENSP00000498852","ITGAM","SPN",9606,0.742,0,0,0,0.154,0,0,0.708
"9606.ENSP00000497402","9606.ENSP00000499238","RCC1","NUSAP1",9606,0.989,0,0,0,0.154,0.985,0,0.225
