"stringId_A","stringId_B","preferredName_A","preferredName_B","ncbiTaxonId","score","nscore","fscore","pscore","ascore","escore","dscore","tscore"
"9606.ENSP00000001008","9606.ENSP00000255631","FKBP4","HSPBP1",9606,0.436,0,0,0,0.141,0,0,0.371
"9606.ENSP00000001008","9606.ENSP00000271139","FKBP4","MOB3C",9606,0.457,0,0,0,0,0.457,0,0
"9606.ENSP00000001008","9606.ENSP00000338990","FKBP4","ATG101",9606,0.459,0,0,0,0.096,0.421,0,0.051
"9606.ENSP00000001008","9606.ENSP00000264039","FKBP4","GPC1",9606,0.476,0,0,0,0.075,0.457,0,0
"9606.ENSP00000001008","9606.ENSP00000364802","FKBP4","HSPA1A",9606,0.481,0,0,0,0.158,0.046,0,0.406
"9606.ENSP00000001008","9606.ENSP00000358921","FKBP4","ACTR1A",9606,0.494,0,0,0,0.075,0.107,0.4,0.101
"9606.ENSP00000001008","9606.ENSP00000280326","FKBP4","CCT5",9606,0.56,0,0,0,0.505,0,0,0.148
"9606.ENSP00000001008","9606.ENSP00000380256","FKBP4","CCNF",9606,0.588,0,0,0,0.091,0.566,0,0
"9606.ENSP00000001008","9606.ENSP00000269305","FKBP4","TP53",9606,0.599,0,0,0,0,0.457,0,0.292
"9606.ENSP00000001008","9606.ENSP00000437125","FKBP4","HSPA8",9606,0.819,0,0,0,0.151,0.12,0.5,0.574
"9606.ENSP00000001008","9606.ENSP00000350815","FKBP4","NR3C2",9606,0.909,0,0,0,0,0.082,0.8,0.549
"9606.ENSP00000001008","9606.ENSP00000351646","FKBP4","STIP1",9606,0.983,0,0,0,0.607,0.601,0.5,0.819
"9606.ENSP00000002125","9606.ENSP00000246166","NDUFAF7","FNTB",9606,0.444,0,0,0,0.075,0.424,0,0
"9606.ENSP00000002125","9606.ENSP00000482599","NDUFAF7","METTL23",9606,0.444,0,0,0,0.075,0,0,0.424
"9606.ENSP00000002125","9606.ENSP00000400184","NDUFAF7","NDUFAF8",9606,0.618,0,0,0,0,0,0.4,0.39
"9606.ENSP00000002125","9606.ENSP00000274137","NDUFAF7","NDUFS6",9606,0.681,0,0,0,0.075,0,0.5,0.367
"9606.ENSP00000002125","9606.ENSP00000331640","NDUFAF7","TMEM186",9606,0.713,0,0,0,0.075,0,0.5,0.431
"9606.ENSP00000016171","9606.ENSP00000380256","COX15","CCNF",9606,0.473,0,0,0,0.071,0.457,0,0
"9606.ENSP00000016171","9606.ENSP00000274137","COX15","NDUFS6",9606,0.668,0,0,0,0.075,0.48,0,0.366
"9606.ENSP00000016171","9606.ENSP00000258975","COX15","TACO1",9606,0.886,0,0,0,0.128,0.077,0,0.87
"9606.ENSP00000016171","9606.ENSP00000354762","COX15","COA3",9606,0.961,0,0,0,0.085,0.456,0.8,0.66
"9606.ENSP00000040663","9606.ENSP00000360268","MRI1","ALDH18A1",9606,0.457,0.272,0,0,0.132,0,0,0.21
"9606.ENSP00000040663","9606.ENSP00000320309","MRI1","FARSA",9606,0.552,0.061,0.498,0,0.127,0,0,0
"9606.ENSP00000040663","9606.ENSP00000379038","MRI1","TYMP",9606,0.576,0.211,0,0,0,0,0.485,0
"9606.ENSP00000157812","9606.ENSP00000365435","PSMC4","TNFRSF1B",9606,0.406,0,0,0,0,0,0.4,0.052
"9606.ENSP00000157812","9606.ENSP00000425031","PSMC4","HNRNPAB",9606,0.409,0,0,0,0.184,0,0,0.306
"9606.ENSP00000157812","9606.ENSP00000362592","PSMC4","RBBP4",9606,0.411,0,0,0,0.184,0.302,0,0.049
"9606.ENSP00000157812","9606.ENSP00000415430","PSMC4","GTSE1",9606,0.415,0,0,0,0.066,0,0.4,0
"9606.ENSP00000157812","9606.ENSP00000495530","PSMC4","ENO1",9606,0.428,0,0,0,0.155,0.066,0.293,0.097
"9606.ENSP00000157812","9606.ENSP00000394331","PSMC4","COMMD5",9606,0.441,0,0,0,0.108,0,0.4,0
"9606.ENSP00000157812","9606.ENSP00000351646","PSMC4","STIP1",9606,0.444,0,0,0,0.376,0.064,0,0.126
"9606.ENSP00000157812","9606.ENSP00000271139","PSMC4","MOB3C",9606,0.457,0,0,0,0,0.457,0,0
"9606.ENSP00000157812","9606.ENSP00000398698","PSMC4","TNF",9606,0.474,0,0,0,0,0.076,0.4,0.128
"9606.ENSP00000157812","9606.ENSP00000253363","PSMC4","RBM39",9606,0.476,0,0,0,0.075,0.457,0,0
"9606.ENSP00000157812","9606.ENSP00000228872","PSMC4","CDKN1B",9606,0.493,0,0,0,0.076,0,0.4,0.159
"9606.ENSP00000157812","9606.ENSP00000260247","PSMC4","DCUN1D5",9606,0.5,0,0,0,0.137,0,0.4,0.113
"9606.ENSP00000157812","9606.ENSP00000380256","PSMC4","CCNF",9606,0.521,0,0,0,0.063,0.457,0,0.135
"9606.ENSP00000157812","9606.ENSP00000377958","PSMC4","CCT4",9606,0.541,0,0,0,0.449,0.073,0,0.174
"9606.ENSP00000157812","9606.ENSP00000223029","PSMC4","AIMP2",9606,0.571,0,0,0,0.517,0.062,0,0.13
"9606.ENSP00000157812","9606.ENSP00000280326","PSMC4","CCT5",9606,0.572,0,0,0,0.475,0.073,0,0.193
"9606.ENSP00000157812","9606.ENSP00000377245","PSMC4","KEAP1",9606,0.585,0,0,0,0.094,0,0.5,0.158
"9606.ENSP00000157812","9606.ENSP00000248437","PSMC4","TUBA4A",9606,0.592,0,0,0,0.129,0.523,0,0.097
"9606.ENSP00000157812","9606.ENSP00000358921","PSMC4","ACTR1A",9606,0.601,0,0,0,0.39,0.365,0,0.053
"9606.ENSP00000157812","9606.ENSP00000496250","PSMC4","RPL11",9606,0.684,0,0,0,0.603,0.069,0,0.216
"9606.ENSP00000157812","9606.ENSP00000351314","PSMC4","PSMB10",9606,0.72,0.057,0,0,0.412,0,0,0.537
"9606.ENSP00000157812","9606.ENSP00000269305","PSMC4","TP53",9606,0.772,0,0,0,0.07,0.54,0.4,0.22
"9606.ENSP00000157812","9606.ENSP00000296149","PSMC4","ELP6",9606,0.785,0,0,0,0.076,0.777,0,0
"9606.ENSP00000157812","9606.ENSP00000216802","PSMC4","PSME2",9606,0.968,0,0,0,0.199,0.89,0.36,0.515
"9606.ENSP00000157812","9606.ENSP00000363993","PSMC4","PSMB9",9606,0.996,0,0,0,0.697,0.983,0,0.408
"9606.ENSP00000157812","9606.ENSP00000364016","PSMC4","PSMB8",9606,0.997,0.057,0,0,0.442,0.992,0,0.457
"9606.ENSP00000157812","9606.ENSP00000263256","PSMC4","DESI1",9606,0.999,0,0,0,0.091,0.999,0,0
"9606.ENSP00000157812","9606.ENSP00000264639","PSMC4","PSMD3",9606,0.999,0,0,0,0.838,0.999,0.9,0.802
"9606.ENSP00000157812","9606.ENSP00000355325","PSMC4","PSMB5",9606,0.999,0.057,0,0,0.519,0.999,0.5,0.554
"9606.ENSP00000157812","9606.ENSP00000478877","PSMC4","ADRM1",9606,0.999,0,0,0,0.785,0.999,0.54,0.785
"9606.ENSP00000162749","9606.ENSP00000271638","TNFRSF1A","S100A11",9606,0.469,0,0,0,0.442,0,0,0.088
"9606.ENSP00000162749","9606.ENSP00000433209","TNFRSF1A","GSDMD",9606,0.47,0,0,0,0.075,0,0,0.451
"9606.ENSP00000162749","9606.ENSP00000471896","TNFRSF1A","IRF3",9606,0.486,0,0,0,0.075,0,0,0.468
"9606.ENSP00000162749","9606.ENSP00000380070","TNFRSF1A","GAPDH",9606,0.506,0,0,0,0.069,0,0,0.492
"9606.ENSP00000162749","9606.ENSP00000365380","TNFRSF1A","FOXP3",9606,0.509,0,0,0,0,0,0,0.509
"9606.ENSP00000162749","9606.ENSP00000494750","TNFRSF1A","ACTB",9606,0.514,0,0,0,0.085,0,0,0.491
"9606.ENSP00000162749","9606.ENSP00000290200","TNFRSF1A","IL10RB",9606,0.517,0,0,0,0.158,0.206,0,0.336
"9606.ENSP00000162749","9606.ENSP00000296511","TNFRSF1A","ANXA5",9606,0.518,0,0,0,0.139,0,0,0.464
"9606.ENSP00000162749","9606.ENSP00000269305","TNFRSF1A","TP53",9606,0.584,0,0,0,0.077,0,0,0.568
"9606.ENSP00000162749","9606.ENSP00000316176","TNFRSF1A","UBE2N",9606,0.646,0,0,0,0.075,0,0,0.634
"9606.ENSP00000162749","9606.ENSP00000437125","TNFRSF1A","HSPA8",9606,0.673,0,0,0,0,0.603,0,0.212
"9606.ENSP00000162749","9606.ENSP00000368538","TNFRSF1A","TNFRSF4",9606,0.793,0,0,0,0.06,0,0,0.789
"9606.ENSP00000162749","9606.ENSP00000312664","TNFRSF1A","CASP2",9606,0.798,0,0,0,0.044,0.457,0,0.643
"9606.ENSP00000162749","9606.ENSP00000216274","TNFRSF1A","RIPK3",9606,0.896,0,0,0,0.12,0.457,0,0.801
"9606.ENSP00000162749","9606.ENSP00000365435","TNFRSF1A","TNFRSF1B",9606,0.999,0,0,0,0.127,0.802,0.9,0.966
"9606.ENSP00000162749","9606.ENSP00000398698","TNFRSF1A","TNF",9606,0.999,0,0,0,0.055,0.999,0.9,0.966
"9606.ENSP00000204679","9606.ENSP00000363603","GNPTG","FUCA1",9606,0.418,0,0,0,0.133,0,0,0.357
"9606.ENSP00000204679","9606.ENSP00000261842","GNPTG","AP4E1",9606,0.601,0,0,0,0.047,0,0,0.599
"9606.ENSP00000209884","9606.ENSP00000377245","KLHL20","KEAP1",9606,0.476,0,0,0.09,0.078,0,0.4,0.083
"9606.ENSP00000209884","9606.ENSP00000394331","KLHL20","COMMD5",9606,0.513,0,0,0,0.066,0,0.5,0
"9606.ENSP00000209884","9606.ENSP00000260247","KLHL20","DCUN1D5",9606,0.518,0,0,0,0.071,0,0.5,0.046
"9606.ENSP00000215941","9606.ENSP00000325240","ANKRD54","LASP1",9606,0.427,0,0,0,0,0.062,0,0.415
"9606.ENSP00000215941","9606.ENSP00000380256","ANKRD54","CCNF",9606,0.471,0,0,0,0.066,0.457,0,0
"9606.ENSP00000215980","9606.ENSP00000217026","CENPM","MYBL2",9606,0.434,0,0,0,0.331,0,0,0.19
"9606.ENSP00000215980","9606.ENSP00000380241","CENPM","NUDT1",9606,0.454,0,0,0,0.305,0,0,0.247
"9606.ENSP00000215980","9606.ENSP00000387007","CENPM","NCAPG2",9606,0.467,0,0,0,0.273,0,0,0.297
"9606.ENSP00000215980","9606.ENSP00000389810","CENPM","DSN1",9606,0.503,0,0,0,0.161,0,0,0.433
"9606.ENSP00000215980","9606.ENSP00000362592","CENPM","RBBP4",9606,0.523,0,0,0,0.075,0,0.5,0.053
"9606.ENSP00000215980","9606.ENSP00000276420","CENPM","DOK2",9606,0.657,0,0,0,0,0.657,0,0
"9606.ENSP00000215980","9606.ENSP00000415430","CENPM","GTSE1",9606,0.66,0,0,0,0.586,0,0,0.213
"9606.ENSP00000215980","9606.ENSP00000275517","CENPM","CDCA5",9606,0.758,0,0,0,0.616,0,0,0.397
"9606.ENSP00000215980","9606.ENSP00000366679","CENPM","H2AC12",9606,0.801,0,0,0,0,0.8,0,0.049
"9606.ENSP00000215980","9606.ENSP00000328484","CENPM","H2AC14",9606,0.808,0,0,0,0.075,0.8,0,0.049
"9606.ENSP00000215980","9606.ENSP00000483903","CENPM","H2BC15",9606,0.808,0,0,0,0.069,0.8,0,0.053
"9606.ENSP00000215980","9606.ENSP00000442068","CENPM","CDCA3",9606,0.809,0,0,0,0.66,0,0,0.463
"9606.ENSP00000215980","9606.ENSP00000468425","CENPM","TK1",9606,0.814,0,0,0,0.697,0,0,0.414
"9606.ENSP00000215980","9606.ENSP00000332194","CENPM","H2AC20",9606,0.821,0,0,0,0.067,0.8,0,0.119
"9606.ENSP00000215980","9606.ENSP00000367034","CENPM","H4C3",9606,0.826,0,0,0,0.104,0.8,0,0.11
"9606.ENSP00000215980","9606.ENSP00000414109","CENPM","HJURP",9606,0.832,0,0,0,0.497,0,0.5,0.389
"9606.ENSP00000216274","9606.ENSP00000269305","RIPK3","TP53",9606,0.445,0,0,0,0.047,0,0,0.442
"9606.ENSP00000216274","9606.ENSP00000330074","RIPK3","H1-5",9606,0.456,0,0,0,0,0.456,0,0
"9606.ENSP00000216274","9606.ENSP00000380070","RIPK3","GAPDH",9606,0.468,0,0,0,0,0,0,0.468
"9606.ENSP00000216274","9606.ENSP00000494750","RIPK3","ACTB",9606,0.469,0,0,0,0,0,0,0.469
"9606.ENSP00000216274","9606.ENSP00000252593","RIPK3","BST2",9606,0.473,0,0,0,0.088,0,0,0.446
"9606.ENSP00000216274","9606.ENSP00000296511","RIPK3","ANXA5",9606,0.474,0,0,0,0,0,0,0.474
"9606.ENSP00000216274","9606.ENSP00000312664","RIPK3","CASP2",9606,0.59,0,0,0,0,0,0,0.59
"9606.ENSP00000216274","9606.ENSP00000471896","RIPK3","IRF3",9606,0.651,0,0,0,0.084,0.043,0,0.634
"9606.ENSP00000216274","9606.ENSP00000362824","RIPK3","OGT",9606,0.78,0,0,0,0,0,0.75,0.158
"9606.ENSP00000216274","9606.ENSP00000433209","RIPK3","GSDMD",9606,0.831,0,0,0,0.137,0,0,0.813
"9606.ENSP00000216274","9606.ENSP00000307900","RIPK3","GLUL",9606,0.924,0,0,0,0.067,0.046,0.9,0.254
"9606.ENSP00000216274","9606.ENSP00000398698","RIPK3","TNF",9606,0.999,0,0,0,0.105,0.999,0,0.772
"9606.ENSP00000216420","9606.ENSP00000295317","CGRRF1","RNF149",9606,0.41,0,0,0,0,0,0,0.41
"9606.ENSP00000216420","9606.ENSP00000269305","CGRRF1","TP53",9606,0.444,0,0,0,0,0,0,0.444
"9606.ENSP00000216420","9606.ENSP00000335493","CGRRF1","FOXD2",9606,0.559,0,0,0,0,0.556,0,0.048
"9606.ENSP00000216802","9606.ENSP00000252593","PSME2","BST2",9606,0.412,0,0,0,0.261,0,0,0.238
"9606.ENSP00000216802","9606.ENSP00000347495","PSME2","WARS1",9606,0.437,0,0,0,0.246,0,0,0.285
"9606.ENSP00000216802","9606.ENSP00000392353","PSME2","PSMG4",9606,0.461,0,0,0,0.075,0.275,0,0.261
"9606.ENSP00000216802","9606.ENSP00000346206","PSME2","TAP1",9606,0.628,0,0,0,0.476,0,0,0.321
"9606.ENSP00000216802","9606.ENSP00000364935","PSME2","CLIC1",9606,0.651,0,0,0,0.562,0,0,0.237
"9606.ENSP00000216802","9606.ENSP00000287156","PSME2","UBE2L6",9606,0.669,0,0,0,0.564,0,0,0.274
"9606.ENSP00000216802","9606.ENSP00000264639","PSME2","PSMD3",9606,0.699,0,0,0,0.075,0.281,0.36,0.378
"9606.ENSP00000216802","9606.ENSP00000395590","PSME2","IFI35",9606,0.771,0,0,0,0.665,0,0,0.346
"9606.ENSP00000216802","9606.ENSP00000398698","PSME2","TNF",9606,0.918,0,0,0,0.069,0,0.9,0.194
"9606.ENSP00000216802","9606.ENSP00000478877","PSME2","ADRM1",9606,0.941,0,0,0,0.189,0.832,0.36,0.405
"9606.ENSP00000216802","9606.ENSP00000351314","PSME2","PSMB10",9606,0.957,0,0,0,0.484,0.457,0.5,0.735
"9606.ENSP00000216802","9606.ENSP00000364016","PSME2","PSMB8",9606,0.992,0,0,0,0.445,0.918,0.5,0.717
"9606.ENSP00000216802","9606.ENSP00000355325","PSME2","PSMB5",9606,0.994,0,0,0,0.261,0.922,0.5,0.84
"9606.ENSP00000216802","9606.ENSP00000363993","PSME2","PSMB9",9606,0.999,0,0,0,0.576,0.999,0.5,0.717
"9606.ENSP00000217026","9606.ENSP00000358812","MYBL2","PDCD11",9606,0.426,0,0,0,0.08,0.393,0,0.055
"9606.ENSP00000217026","9606.ENSP00000257904","MYBL2","CDK4",9606,0.428,0,0,0,0.105,0,0,0.388
"9606.ENSP00000217026","9606.ENSP00000415430","MYBL2","GTSE1",9606,0.437,0,0,0,0.285,0,0,0.245
"9606.ENSP00000217026","9606.ENSP00000242285","MYBL2","CLTA",9606,0.457,0,0,0,0,0.457,0,0
"9606.ENSP00000217026","9606.ENSP00000497641","MYBL2","EIF4A3",9606,0.474,0,0,0,0.137,0.36,0,0.125
"9606.ENSP00000217026","9606.ENSP00000225969","MYBL2","MRPL27",9606,0.507,0,0,0,0,0.507,0,0
"9606.ENSP00000217026","9606.ENSP00000442068","MYBL2","CDCA3",9606,0.533,0,0,0,0.361,0,0,0.3
"9606.ENSP00000217026","9606.ENSP00000479904","MYBL2","ZMYM2",9606,0.563,0,0,0,0.075,0.476,0,0.171
"9606.ENSP00000217026","9606.ENSP00000430598","MYBL2","ATOX1",9606,0.576,0,0,0,0.06,0.558,0,0.063
"9606.ENSP00000217026","9606.ENSP00000480987","MYBL2","MCM3",9606,0.576,0,0,0,0.411,0,0,0.311
"9606.ENSP00000217026","9606.ENSP00000414109","MYBL2","HJURP",9606,0.603,0,0,0,0.345,0.225,0,0.282
"9606.ENSP00000217026","9606.ENSP00000275517","MYBL2","CDCA5",9606,0.619,0,0,0,0.515,0,0,0.247
"9606.ENSP00000217026","9606.ENSP00000355249","MYBL2","E2F2",9606,0.626,0,0,0,0.134,0.131,0,0.544
"9606.ENSP00000217026","9606.ENSP00000468425","MYBL2","TK1",9606,0.74,0,0,0,0.637,0,0,0.315
"9606.ENSP00000217026","9606.ENSP00000380256","MYBL2","CCNF",9606,0.759,0,0,0,0.34,0.465,0,0.373
"9606.ENSP00000217026","9606.ENSP00000269305","MYBL2","TP53",9606,0.772,0,0,0,0.078,0.554,0,0.492
"9606.ENSP00000217026","9606.ENSP00000362592","MYBL2","RBBP4",9606,0.999,0,0,0,0.097,0.998,0.9,0.82
"9606.ENSP00000217740","9606.ENSP00000231524","RNF125","TRIM23",9606,0.4,0,0,0,0.061,0.062,0,0.374
"9606.ENSP00000217740","9606.ENSP00000471896","RNF125","IRF3",9606,0.465,0,0,0,0,0.046,0,0.463
"9606.ENSP00000217740","9606.ENSP00000269305","RNF125","TP53",9606,0.502,0,0,0,0,0.457,0,0.121
"9606.ENSP00000217740","9606.ENSP00000316176","RNF125","UBE2N",9606,0.511,0,0,0,0,0.109,0,0.474
"9606.ENSP00000217740","9606.ENSP00000494750","RNF125","ACTB",9606,0.539,0,0,0,0,0.472,0,0.164
"9606.ENSP00000217740","9606.ENSP00000254436","RNF125","TRIM21",9606,0.581,0,0,0,0,0.457,0,0.261
"9606.ENSP00000217740","9606.ENSP00000395590","RNF125","IFI35",9606,0.646,0,0,0,0,0.457,0,0.376
"9606.ENSP00000217740","9606.ENSP00000379931","RNF125","UBE2E2",9606,0.671,0,0,0,0,0.574,0,0.26
"9606.ENSP00000217740","9606.ENSP00000287156","RNF125","UBE2L6",9606,0.937,0,0,0,0.047,0.659,0.5,0.659
"9606.ENSP00000219281","9606.ENSP00000496942","USB1","JAGN1",9606,0.485,0,0,0,0.066,0,0,0.472
"9606.ENSP00000219281","9606.ENSP00000267415","USB1","TINF2",9606,0.599,0,0,0,0.075,0,0,0.585
"9606.ENSP00000219281","9606.ENSP00000250454","USB1","EAPP",9606,0.9,0,0,0,0,0.9,0,0
"9606.ENSP00000219837","9606.ENSP00000398401","KNOP1","FAM133B",9606,0.441,0,0,0,0.075,0,0,0.421
"9606.ENSP00000219837","9606.ENSP00000483903","KNOP1","H2BC15",9606,0.467,0,0,0,0,0.467,0,0
"9606.ENSP00000220003","9606.ENSP00000313050","CSK","NIPSNAP2",9606,0.419,0,0,0,0.072,0,0.4,0
"9606.ENSP00000220003","9606.ENSP00000444408","CSK","SLC1A5",9606,0.423,0,0,0,0.075,0,0.4,0.045
"9606.ENSP00000220003","9606.ENSP00000295317","CSK","RNF149",9606,0.468,0,0,0,0.062,0.457,0,0
"9606.ENSP00000220003","9606.ENSP00000336799","CSK","TUBA1B",9606,0.477,0,0,0,0.075,0.134,0.4,0
"9606.ENSP00000220003","9606.ENSP00000223029","CSK","AIMP2",9606,0.484,0,0,0,0.075,0.457,0,0.056
"9606.ENSP00000220003","9606.ENSP00000276420","CSK","DOK2",9606,0.7,0,0,0,0.145,0.467,0,0.396
"9606.ENSP00000220003","9606.ENSP00000378485","CSK","MATK",9606,0.814,0,0,0.064,0.096,0.794,0,0.061
"9606.ENSP00000220429","9606.ENSP00000299163","GABPB1","HIF1AN",9606,0.471,0,0,0,0.066,0.457,0,0
"9606.ENSP00000220429","9606.ENSP00000278070","GABPB1","PPRC1",9606,0.602,0,0,0,0.075,0,0.5,0.209
"9606.ENSP00000223029","9606.ENSP00000358939","AIMP2","SARS1",9606,0.409,0,0,0,0.142,0,0,0.34
"9606.ENSP00000223029","9606.ENSP00000225792","AIMP2","DDX5",9606,0.473,0,0,0,0.069,0.457,0,0.043
"9606.ENSP00000223029","9606.ENSP00000379931","AIMP2","UBE2E2",9606,0.473,0,0,0,0.075,0,0,0.454
"9606.ENSP00000223029","9606.ENSP00000264335","AIMP2","YWHAE",9606,0.476,0,0,0,0.075,0.457,0,0
"9606.ENSP00000223029","9606.ENSP00000296511","AIMP2","ANXA5",9606,0.476,0,0,0,0.075,0.457,0,0
"9606.ENSP00000223029","9606.ENSP00000380256","AIMP2","CCNF",9606,0.476,0,0,0,0.075,0.457,0,0
"9606.ENSP00000223029","9606.ENSP00000305790","AIMP2","SF3B3",9606,0.481,0,0,0,0.084,0.457,0,0
"9606.ENSP00000223029","9606.ENSP00000347495","AIMP2","WARS1",9606,0.481,0,0,0,0.078,0,0,0.461
"9606.ENSP00000223029","9606.ENSP00000458162","AIMP2","ACTG1",9606,0.483,0,0,0,0.075,0.457,0,0.054
"9606.ENSP00000223029","9606.ENSP00000349168","AIMP2","HNRNPH1",9606,0.485,0,0,0,0.092,0.457,0,0
"9606.ENSP00000223029","9606.ENSP00000316042","AIMP2","HNRNPA0",9606,0.487,0,0,0,0.095,0.457,0,0
"9606.ENSP00000223029","9606.ENSP00000301764","AIMP2","DDB1",9606,0.492,0,0,0,0.084,0.457,0,0.061
"9606.ENSP00000223029","9606.ENSP00000495530","AIMP2","ENO1",9606,0.516,0,0,0,0.146,0.457,0,0
"9606.ENSP00000223029","9606.ENSP00000325905","AIMP2","SRSF7",9606,0.519,0,0,0,0.106,0.457,0,0.09
"9606.ENSP00000223029","9606.ENSP00000498336","AIMP2","MTHFD1",9606,0.52,0,0,0,0.154,0.457,0,0
"9606.ENSP00000223029","9606.ENSP00000443475","AIMP2","TUBA1C",9606,0.521,0,0,0,0.155,0.457,0,0
"9606.ENSP00000223029","9606.ENSP00000358921","AIMP2","ACTR1A",9606,0.523,0,0,0,0.159,0.457,0,0
"9606.ENSP00000223029","9606.ENSP00000480987","AIMP2","MCM3",9606,0.532,0,0,0,0.174,0.457,0,0
"9606.ENSP00000223029","9606.ENSP00000351646","AIMP2","STIP1",9606,0.542,0,0,0,0.118,0.503,0,0
"9606.ENSP00000223029","9606.ENSP00000371253","AIMP2","GART",9606,0.548,0,0,0,0.203,0.457,0,0
"9606.ENSP00000223029","9606.ENSP00000321584","AIMP2","IMPDH2",9606,0.569,0,0,0,0.24,0.457,0,0
"9606.ENSP00000223029","9606.ENSP00000299138","AIMP2","VPS35",9606,0.588,0,0,0,0.08,0.457,0,0.242
"9606.ENSP00000223029","9606.ENSP00000380070","AIMP2","GAPDH",9606,0.588,0,0,0,0.151,0.457,0,0.18
"9606.ENSP00000223029","9606.ENSP00000379181","AIMP2","RAE1",9606,0.591,0,0,0,0.202,0.457,0,0.134
"9606.ENSP00000223029","9606.ENSP00000470560","AIMP2","EMG1",9606,0.595,0,0,0,0.595,0,0,0
"9606.ENSP00000223029","9606.ENSP00000494750","AIMP2","ACTB",9606,0.603,0,0,0,0.064,0.524,0,0.182
"9606.ENSP00000223029","9606.ENSP00000496250","AIMP2","RPL11",9606,0.648,0,0,0,0.217,0.457,0,0.239
"9606.ENSP00000223029","9606.ENSP00000377958","AIMP2","CCT4",9606,0.65,0,0,0,0.383,0.457,0,0
"9606.ENSP00000223029","9606.ENSP00000255631","AIMP2","HSPBP1",9606,0.713,0,0,0,0.713,0,0,0
"9606.ENSP00000223029","9606.ENSP00000280326","AIMP2","CCT5",9606,0.731,0,0,0,0.349,0.604,0,0
"9606.ENSP00000223029","9606.ENSP00000320309","AIMP2","FARSA",9606,0.748,0,0,0,0.373,0.457,0,0.321
"9606.ENSP00000223029","9606.ENSP00000449428","AIMP2","TWF1",9606,0.798,0,0,0,0.075,0.791,0,0
"9606.ENSP00000223029","9606.ENSP00000437125","AIMP2","HSPA8",9606,0.815,0,0,0,0.079,0.802,0,0.07
"9606.ENSP00000223029","9606.ENSP00000269305","AIMP2","TP53",9606,0.852,0,0,0,0.055,0.802,0,0.275
"9606.ENSP00000225792","9606.ENSP00000310723","DDX5","DDX23",9606,0.405,0,0,0.126,0.172,0.138,0,0.159
"9606.ENSP00000225792","9606.ENSP00000358812","DDX5","PDCD11",9606,0.415,0,0,0,0.24,0.102,0,0.212
"9606.ENSP00000225792","9606.ENSP00000264335","DDX5","YWHAE",9606,0.45,0,0,0,0.337,0.179,0,0.071
"9606.ENSP00000225792","9606.ENSP00000305790","DDX5","SF3B3",9606,0.45,0,0,0,0.095,0.309,0,0.192
"9606.ENSP00000225792","9606.ENSP00000254193","DDX5","SNRPA1",9606,0.462,0,0,0,0.129,0.277,0,0.215
"9606.ENSP00000225792","9606.ENSP00000339001","DDX5","TUBB",9606,0.465,0,0,0,0.413,0,0,0.127
"9606.ENSP00000225792","9606.ENSP00000313050","DDX5","NIPSNAP2",9606,0.472,0,0,0,0.068,0.457,0,0
"9606.ENSP00000225792","9606.ENSP00000496250","DDX5","RPL11",9606,0.472,0,0,0,0.376,0.067,0,0.167
"9606.ENSP00000225792","9606.ENSP00000380256","DDX5","CCNF",9606,0.476,0,0,0,0,0.457,0,0.075
"9606.ENSP00000225792","9606.ENSP00000254436","DDX5","TRIM21",9606,0.485,0,0,0,0,0.457,0,0.092
"9606.ENSP00000225792","9606.ENSP00000404854","DDX5","NDRG1",9606,0.496,0,0,0,0.061,0.456,0,0.094
"9606.ENSP00000225792","9606.ENSP00000350698","DDX5","DDX47",9606,0.502,0,0,0.142,0.361,0,0,0.166
"9606.ENSP00000225792","9606.ENSP00000410769","DDX5","CNBP",9606,0.51,0,0,0,0.287,0.08,0,0.314
"9606.ENSP00000225792","9606.ENSP00000261015","DDX5","WDR12",9606,0.515,0,0,0,0.415,0.131,0,0.124
"9606.ENSP00000225792","9606.ENSP00000341289","DDX5","TUBB4B",9606,0.515,0,0,0,0.482,0,0,0.103
"9606.ENSP00000225792","9606.ENSP00000343966","DDX5","PSPC1",9606,0.515,0,0,0,0.289,0.215,0,0.201
"9606.ENSP00000225792","9606.ENSP00000458162","DDX5","ACTG1",9606,0.526,0,0,0,0.39,0.065,0,0.237
"9606.ENSP00000225792","9606.ENSP00000383059","DDX5","ARGLU1",9606,0.537,0,0,0,0.395,0.046,0,0.263
"9606.ENSP00000225792","9606.ENSP00000380070","DDX5","GAPDH",9606,0.546,0.042,0,0,0.266,0,0.095,0.371
"9606.ENSP00000225792","9606.ENSP00000230340","DDX5","BYSL",9606,0.557,0,0,0,0.395,0.218,0,0.139
"9606.ENSP00000225792","9606.ENSP00000271628","DDX5","SF3B4",9606,0.565,0,0,0,0.123,0.457,0,0.16
"9606.ENSP00000225792","9606.ENSP00000325905","DDX5","SRSF7",9606,0.566,0,0,0,0.412,0,0,0.293
"9606.ENSP00000225792","9606.ENSP00000317872","DDX5","RBBP6",9606,0.573,0,0,0,0.138,0,0.5,0.089
"9606.ENSP00000225792","9606.ENSP00000398698","DDX5","TNF",9606,0.594,0,0,0,0,0.524,0,0.184
"9606.ENSP00000225792","9606.ENSP00000496842","DDX5","PNISR",9606,0.597,0,0,0,0.45,0,0,0.298
"9606.ENSP00000225792","9606.ENSP00000376276","DDX5","SRSF2",9606,0.633,0,0,0,0.5,0,0,0.297
"9606.ENSP00000225792","9606.ENSP00000264279","DDX5","NOP58",9606,0.634,0.057,0,0,0.428,0.194,0,0.258
"9606.ENSP00000225792","9606.ENSP00000437125","DDX5","HSPA8",9606,0.708,0,0,0,0.593,0.166,0,0.21
"9606.ENSP00000225792","9606.ENSP00000280154","DDX5","PDCD4",9606,0.749,0,0,0,0.083,0,0,0.738
"9606.ENSP00000225792","9606.ENSP00000313007","DDX5","PABPC1",9606,0.764,0,0,0,0.575,0.13,0,0.413
"9606.ENSP00000225792","9606.ENSP00000494750","DDX5","ACTB",9606,0.769,0,0,0,0.488,0.384,0,0.329
"9606.ENSP00000225792","9606.ENSP00000296702","DDX5","TCERG1",9606,0.82,0,0,0,0.094,0.091,0.8,0
"9606.ENSP00000225792","9606.ENSP00000396301","DDX5","IK",9606,0.832,0,0,0,0.159,0,0.8,0.082
"9606.ENSP00000225792","9606.ENSP00000452123","DDX5","SRSF5",9606,0.865,0.042,0,0,0.799,0.126,0,0.297
"9606.ENSP00000225792","9606.ENSP00000416269","DDX5","DDX39B",9606,0.894,0,0,0.168,0.275,0.114,0.8,0.168
"9606.ENSP00000225792","9606.ENSP00000265866","DDX5","HNRNPH3",9606,0.907,0,0,0,0.246,0.847,0,0.266
"9606.ENSP00000225792","9606.ENSP00000483254","DDX5","HNRNPDL",9606,0.934,0,0,0,0.504,0.806,0,0.378
"9606.ENSP00000225792","9606.ENSP00000335321","DDX5","SF3B1",9606,0.937,0,0,0,0.843,0.543,0,0.201
"9606.ENSP00000225792","9606.ENSP00000497641","DDX5","EIF4A3",9606,0.961,0,0,0.143,0.392,0.627,0.8,0.162
"9606.ENSP00000225792","9606.ENSP00000316042","DDX5","HNRNPA0",9606,0.985,0,0,0,0.207,0.884,0.8,0.29
"9606.ENSP00000225792","9606.ENSP00000253363","DDX5","RBM39",9606,0.995,0,0,0,0.911,0.696,0.8,0.269
"9606.ENSP00000225792","9606.ENSP00000269305","DDX5","TP53",9606,0.999,0,0,0,0,0.999,0,0.588
"9606.ENSP00000225792","9606.ENSP00000349168","DDX5","HNRNPH1",9606,0.999,0,0,0,0.376,0.99,0.8,0.527
"9606.ENSP00000225969","9606.ENSP00000263857","MRPL27","POLR1A",9606,0.47,0.113,0,0,0.158,0.256,0,0.16
"9606.ENSP00000225969","9606.ENSP00000274137","MRPL27","NDUFS6",9606,0.486,0,0,0,0.486,0,0,0
"9606.ENSP00000225969","9606.ENSP00000483254","MRPL27","HNRNPDL",9606,0.498,0,0,0,0.073,0.131,0,0.427
"9606.ENSP00000225969","9606.ENSP00000255631","MRPL27","HSPBP1",9606,0.608,0.042,0,0,0.377,0.324,0,0.145
"9606.ENSP00000225969","9606.ENSP00000360268","MRPL27","ALDH18A1",9606,0.615,0.356,0,0,0.129,0,0,0.37
"9606.ENSP00000225969","9606.ENSP00000306788","MRPL27","ARL6IP1",9606,0.672,0,0,0,0.416,0.409,0,0.127
"9606.ENSP00000225969","9606.ENSP00000430598","MRPL27","ATOX1",9606,0.828,0,0,0,0.21,0.792,0,0
"9606.ENSP00000225969","9606.ENSP00000259873","MRPL27","MRPS18B",9606,0.83,0,0,0,0.188,0.8,0,0
"9606.ENSP00000225969","9606.ENSP00000292586","MRPL27","MRNIP",9606,0.849,0.115,0,0,0.686,0.425,0,0.172
"9606.ENSP00000225969","9606.ENSP00000258975","MRPL27","TACO1",9606,0.876,0.121,0,0,0.333,0.806,0,0
"9606.ENSP00000225969","9606.ENSP00000326981","MRPL27","IMP3",9606,0.899,0.11,0,0,0.747,0.508,0,0.2
"9606.ENSP00000225969","9606.ENSP00000427004","MRPL27","GFM2",9606,0.917,0,0,0,0.341,0.849,0,0.234
"9606.ENSP00000225969","9606.ENSP00000358812","MRPL27","PDCD11",9606,0.94,0.054,0,0,0.755,0.706,0,0.236
"9606.ENSP00000225969","9606.ENSP00000496250","MRPL27","RPL11",9606,0.965,0.047,0,0,0.856,0.707,0,0.236
"9606.ENSP00000225969","9606.ENSP00000360850","MRPL27","MRPS2",9606,0.983,0.069,0,0,0.658,0.948,0,0.145
"9606.ENSP00000226225","9606.ENSP00000398698","TNFAIP1","TNF",9606,0.533,0,0,0,0,0,0,0.533
"9606.ENSP00000226225","9606.ENSP00000484398","TNFAIP1","SMTN",9606,0.577,0,0,0,0.075,0.556,0,0.054
"9606.ENSP00000228463","9606.ENSP00000365380","SELPLG","FOXP3",9606,0.401,0,0,0,0.075,0,0,0.38
"9606.ENSP00000228463","9606.ENSP00000349359","SELPLG","SASH3",9606,0.493,0,0,0,0.403,0.044,0,0.184
"9606.ENSP00000228463","9606.ENSP00000398698","SELPLG","TNF",9606,0.551,0,0,0,0.148,0,0,0.495
"9606.ENSP00000228463","9606.ENSP00000339813","SELPLG","TPST2",9606,0.785,0,0,0,0.075,0.474,0,0.595
"9606.ENSP00000228463","9606.ENSP00000318142","SELPLG","FUT7",9606,0.801,0,0,0,0.155,0,0,0.775
"9606.ENSP00000228463","9606.ENSP00000498852","SELPLG","SPN",9606,0.857,0,0,0,0.219,0.063,0,0.821
"9606.ENSP00000228463","9606.ENSP00000332062","SELPLG","SNX20",9606,0.911,0,0,0,0.173,0.456,0,0.819
"9606.ENSP00000228872","9606.ENSP00000264639","CDKN1B","PSMD3",9606,0.405,0,0,0,0,0,0.4,0.049
"9606.ENSP00000228872","9606.ENSP00000273480","CDKN1B","RNF7",9606,0.407,0,0,0,0.075,0.309,0,0.148
"9606.ENSP00000228872","9606.ENSP00000280154","CDKN1B","PDCD4",9606,0.409,0,0,0,0.096,0,0,0.374
"9606.ENSP00000228872","9606.ENSP00000478877","CDKN1B","ADRM1",9606,0.411,0,0,0,0,0,0.4,0.06
"9606.ENSP00000228872","9606.ENSP00000344635","CDKN1B","CCNG1",9606,0.438,0,0,0,0.095,0,0,0.405
"9606.ENSP00000228872","9606.ENSP00000355325","CDKN1B","PSMB5",9606,0.441,0,0,0,0,0,0.4,0.108
"9606.ENSP00000228872","9606.ENSP00000296511","CDKN1B","ANXA5",9606,0.451,0,0,0,0,0,0,0.451
"9606.ENSP00000228872","9606.ENSP00000330074","CDKN1B","H1-5",9606,0.489,0,0,0,0.053,0.457,0,0.087
"9606.ENSP00000228872","9606.ENSP00000254436","CDKN1B","TRIM21",9606,0.5,0,0,0,0.057,0.457,0,0.103
"9606.ENSP00000228872","9606.ENSP00000380070","CDKN1B","GAPDH",9606,0.508,0,0,0,0.06,0,0,0.499
"9606.ENSP00000228872","9606.ENSP00000494750","CDKN1B","ACTB",9606,0.549,0,0,0,0.061,0,0,0.54
"9606.ENSP00000228872","9606.ENSP00000437125","CDKN1B","HSPA8",9606,0.57,0,0,0,0.067,0.459,0,0.217
"9606.ENSP00000228872","9606.ENSP00000264335","CDKN1B","YWHAE",9606,0.643,0,0,0,0,0.583,0,0.18
"9606.ENSP00000228872","9606.ENSP00000355249","CDKN1B","E2F2",9606,0.687,0,0,0,0,0,0.5,0.4
"9606.ENSP00000228872","9606.ENSP00000355114","CDKN1B","DCAF12",9606,0.902,0,0,0,0.059,0,0.9,0.048
"9606.ENSP00000228872","9606.ENSP00000483236","CDKN1B","DCAF7",9606,0.912,0,0,0,0.075,0,0.9,0.129
"9606.ENSP00000228872","9606.ENSP00000383611","CDKN1B","CCNL2",9606,0.96,0,0,0,0.058,0,0,0.96
"9606.ENSP00000228872","9606.ENSP00000301764","CDKN1B","DDB1",9606,0.973,0,0,0,0.058,0.62,0.9,0.337
"9606.ENSP00000228872","9606.ENSP00000335628","CDKN1B","SPDYA",9606,0.982,0,0,0,0,0.979,0,0.222
"9606.ENSP00000228872","9606.ENSP00000269305","CDKN1B","TP53",9606,0.986,0,0,0,0,0.273,0.9,0.835
"9606.ENSP00000228872","9606.ENSP00000257904","CDKN1B","CDK4",9606,0.999,0,0,0,0.078,0.999,0.9,0.79
"9606.ENSP00000229812","9606.ENSP00000253363","STK38","RBM39",9606,0.468,0,0,0,0.062,0.457,0,0
"9606.ENSP00000229812","9606.ENSP00000498336","STK38","MTHFD1",9606,0.47,0,0,0,0,0.457,0,0.065
"9606.ENSP00000229812","9606.ENSP00000271139","STK38","MOB3C",9606,0.473,0,0,0,0.073,0,0,0.455
"9606.ENSP00000229812","9606.ENSP00000332194","STK38","H2AC20",9606,0.479,0,0,0,0,0.457,0,0.081
"9606.ENSP00000229812","9606.ENSP00000271628","STK38","SF3B4",9606,0.486,0,0,0,0.075,0.457,0,0.059
"9606.ENSP00000229812","9606.ENSP00000404854","STK38","NDRG1",9606,0.499,0,0,0,0.06,0.489,0,0
"9606.ENSP00000229812","9606.ENSP00000269305","STK38","TP53",9606,0.618,0,0,0,0,0.547,0,0.192
"9606.ENSP00000229812","9606.ENSP00000349575","STK38","MOB3A",9606,0.621,0,0,0,0.094,0,0,0.599
"9606.ENSP00000230340","9606.ENSP00000360329","BYSL","TTC4",9606,0.413,0,0,0,0.413,0,0,0
"9606.ENSP00000230340","9606.ENSP00000469880","BYSL","VRK3",9606,0.475,0,0,0,0,0.419,0,0.134
"9606.ENSP00000230340","9606.ENSP00000495530","BYSL","ENO1",9606,0.487,0,0,0,0.323,0.234,0,0.091
"9606.ENSP00000230340","9606.ENSP00000320309","BYSL","FARSA",9606,0.497,0,0,0,0.354,0,0,0.254
"9606.ENSP00000230340","9606.ENSP00000362027","BYSL","TRMT2B",9606,0.561,0,0,0,0.559,0,0,0.046
"9606.ENSP00000230340","9606.ENSP00000306788","BYSL","ARL6IP1",9606,0.57,0,0,0,0.062,0.547,0,0.071
"9606.ENSP00000230340","9606.ENSP00000398882","BYSL","DOHH",9606,0.605,0,0,0,0.605,0,0,0
"9606.ENSP00000230340","9606.ENSP00000292586","BYSL","MRNIP",9606,0.763,0,0,0,0.088,0.747,0,0.056
"9606.ENSP00000230340","9606.ENSP00000496250","BYSL","RPL11",9606,0.833,0,0,0,0.124,0.756,0,0.285
"9606.ENSP00000230340","9606.ENSP00000350698","BYSL","DDX47",9606,0.873,0,0,0,0.703,0.508,0,0.202
"9606.ENSP00000230340","9606.ENSP00000361433","BYSL","EXOSC2",9606,0.874,0,0,0,0.339,0.797,0,0.138
"9606.ENSP00000230340","9606.ENSP00000263857","BYSL","POLR1A",9606,0.897,0,0,0,0.877,0,0,0.2
"9606.ENSP00000230340","9606.ENSP00000315476","BYSL","EXOSC4",9606,0.905,0,0,0,0.333,0.836,0,0.206
"9606.ENSP00000230340","9606.ENSP00000244496","BYSL","RRP36",9606,0.938,0,0,0,0.342,0.867,0,0.358
"9606.ENSP00000230340","9606.ENSP00000261015","BYSL","WDR12",9606,0.956,0,0,0,0.783,0.661,0,0.46
"9606.ENSP00000230340","9606.ENSP00000358812","BYSL","PDCD11",9606,0.994,0,0,0,0.857,0.867,0,0.711
"9606.ENSP00000230340","9606.ENSP00000326981","BYSL","IMP3",9606,0.995,0,0,0,0.816,0.971,0,0.235
"9606.ENSP00000230340","9606.ENSP00000470560","BYSL","EMG1",9606,0.996,0,0,0,0.724,0.971,0,0.638
"9606.ENSP00000230340","9606.ENSP00000264279","BYSL","NOP58",9606,0.998,0,0,0,0.883,0.971,0,0.458
"9606.ENSP00000230340","9606.ENSP00000268802","BYSL","NOB1",9606,0.999,0,0,0,0.932,0.988,0.9,0.834
"9606.ENSP00000230340","9606.ENSP00000328854","BYSL","NOC4L",9606,0.999,0,0,0,0.873,0.973,0.54,0.612
"9606.ENSP00000231009","9606.ENSP00000398698","GZMK","TNF",9606,0.458,0,0,0,0.077,0.064,0,0.424
"9606.ENSP00000231009","9606.ENSP00000368538","GZMK","TNFRSF4",9606,0.478,0,0,0,0.093,0,0,0.449
"9606.ENSP00000231009","9606.ENSP00000458162","GZMK","ACTG1",9606,0.501,0,0,0,0,0.475,0,0.089
"9606.ENSP00000231009","9606.ENSP00000365380","GZMK","FOXP3",9606,0.584,0,0,0,0.076,0,0,0.569
"9606.ENSP00000231009","9606.ENSP00000283285","GZMK","CD96",9606,0.611,0,0,0,0.449,0,0,0.323
"9606.ENSP00000231198","9606.ENSP00000335201","THG1L","BCDIN3D",9606,0.42,0,0,0,0.113,0,0,0.374
"9606.ENSP00000231524","9606.ENSP00000254816","TRIM23","TRIM47",9606,0.406,0,0,0,0,0,0,0.406
"9606.ENSP00000231524","9606.ENSP00000269305","TRIM23","TP53",9606,0.534,0,0,0,0,0.469,0,0.159
"9606.ENSP00000231524","9606.ENSP00000254436","TRIM23","TRIM21",9606,0.54,0,0,0,0.061,0,0,0.531
"9606.ENSP00000231524","9606.ENSP00000365071","TRIM23","GPANK1",9606,0.615,0,0,0,0,0.615,0,0
"9606.ENSP00000231524","9606.ENSP00000316176","TRIM23","UBE2N",9606,0.628,0,0,0,0.075,0.466,0,0.309
"9606.ENSP00000232905","9606.ENSP00000429323","EIF1B","EIF2B4",9606,0.47,0,0,0,0.097,0.11,0,0.394
"9606.ENSP00000232905","9606.ENSP00000292586","EIF1B","MRNIP",9606,0.531,0,0,0,0,0.512,0,0.08
"9606.ENSP00000234256","9606.ENSP00000449756","SLC1A4","SLC38A1",9606,0.575,0,0,0,0.077,0.046,0,0.557
"9606.ENSP00000234256","9606.ENSP00000444408","SLC1A4","SLC1A5",9606,0.834,0,0,0.064,0.129,0.806,0,0.076
"9606.ENSP00000234371","9606.ENSP00000299163","KISS1R","HIF1AN",9606,0.456,0,0,0,0,0.456,0,0
"9606.ENSP00000234371","9606.ENSP00000437125","KISS1R","HSPA8",9606,0.456,0,0,0,0,0.456,0,0
"9606.ENSP00000234371","9606.ENSP00000286548","KISS1R","GNAQ",9606,0.993,0,0,0,0,0.9,0.9,0.39
"9606.ENSP00000239666","9606.ENSP00000430598","PDZD11","ATOX1",9606,0.773,0,0,0,0.083,0,0.75,0.093
"9606.ENSP00000239666","9606.ENSP00000363591","PDZD11","BAK1",9606,0.901,0,0,0,0.059,0,0.9,0
"9606.ENSP00000240651","9606.ENSP00000268797","PYROXD1","GFOD2",9606,0.551,0.042,0,0,0.071,0,0,0.537
"9606.ENSP00000240651","9606.ENSP00000313050","PYROXD1","NIPSNAP2",9606,0.569,0,0,0,0.068,0.557,0,0
"9606.ENSP00000241502","9606.ENSP00000349575","FYTTD1","MOB3A",9606,0.413,0,0,0,0.095,0.379,0,0
"9606.ENSP00000241502","9606.ENSP00000380256","FYTTD1","CCNF",9606,0.457,0,0,0,0,0.457,0,0
"9606.ENSP00000241502","9606.ENSP00000361883","FYTTD1","CAP1",9606,0.477,0,0,0,0,0.396,0,0.171
"9606.ENSP00000241502","9606.ENSP00000325240","FYTTD1","LASP1",9606,0.483,0,0,0,0.068,0.398,0,0.153
"9606.ENSP00000241502","9606.ENSP00000339001","FYTTD1","TUBB",9606,0.494,0,0,0,0.075,0.457,0,0.075
"9606.ENSP00000241502","9606.ENSP00000392270","FYTTD1","STRAP",9606,0.52,0,0,0,0.094,0.457,0,0.103
"9606.ENSP00000241502","9606.ENSP00000387996","FYTTD1","CSTF2",9606,0.528,0,0,0,0.075,0,0.5,0.063
"9606.ENSP00000241502","9606.ENSP00000423933","FYTTD1","THUMPD2",9606,0.549,0,0,0,0.075,0,0,0.533
"9606.ENSP00000241502","9606.ENSP00000264645","FYTTD1","CASC3",9606,0.621,0,0,0,0.093,0,0.5,0.232
"9606.ENSP00000241502","9606.ENSP00000379181","FYTTD1","RAE1",9606,0.633,0,0,0,0.08,0,0.4,0.39
"9606.ENSP00000241502","9606.ENSP00000253363","FYTTD1","RBM39",9606,0.713,0,0,0,0.083,0.695,0,0.057
"9606.ENSP00000241502","9606.ENSP00000497641","FYTTD1","EIF4A3",9606,0.94,0,0,0,0.075,0.837,0.5,0.304
"9606.ENSP00000241502","9606.ENSP00000416269","FYTTD1","DDX39B",9606,0.997,0,0,0,0.086,0.984,0.5,0.702
"9606.ENSP00000242285","9606.ENSP00000363162","CLTA","ATP6V1G1",9606,0.412,0,0,0,0.374,0,0,0.1
"9606.ENSP00000242285","9606.ENSP00000364935","CLTA","CLIC1",9606,0.427,0,0,0,0.303,0,0,0.212
"9606.ENSP00000242285","9606.ENSP00000380256","CLTA","CCNF",9606,0.457,0,0,0,0,0.457,0,0
"9606.ENSP00000242285","9606.ENSP00000271139","CLTA","MOB3C",9606,0.491,0,0,0,0.102,0.457,0,0
"9606.ENSP00000242285","9606.ENSP00000393840","CLTA","BLOC1S3",9606,0.5,0,0,0,0,0,0.5,0
"9606.ENSP00000242285","9606.ENSP00000469240","CLTA","CHMP2A",9606,0.542,0,0,0,0.333,0.211,0,0.201
"9606.ENSP00000242285","9606.ENSP00000415430","CLTA","GTSE1",9606,0.55,0,0,0,0,0.536,0,0.07
"9606.ENSP00000242285","9606.ENSP00000261842","CLTA","AP4E1",9606,0.59,0,0,0,0,0.109,0.5,0.155
"9606.ENSP00000242285","9606.ENSP00000483185","CLTA","AP2B1",9606,0.99,0,0,0,0.075,0.918,0.8,0.444
"9606.ENSP00000242285","9606.ENSP00000437125","CLTA","HSPA8",9606,0.998,0,0,0,0.19,0.997,0.5,0.189
"9606.ENSP00000243045","9606.ENSP00000477602","ORMDL2","ELOVL1",9606,0.424,0,0,0,0.163,0.095,0,0.301
"9606.ENSP00000243578","9606.ENSP00000278826","B9D2","TMEM138",9606,0.562,0,0,0,0.072,0,0,0.548
"9606.ENSP00000243776","9606.ENSP00000254436","CHPF","TRIM21",9606,0.457,0,0,0,0,0.457,0,0
"9606.ENSP00000243776","9606.ENSP00000307297","CHPF","CHST14",9606,0.515,0,0,0,0.093,0,0,0.488
"9606.ENSP00000243776","9606.ENSP00000350949","CHPF","GMPPA",9606,0.584,0,0,0,0.131,0,0,0.542
"9606.ENSP00000244496","9606.ENSP00000497641","RRP36","EIF4A3",9606,0.46,0,0,0,0.413,0.098,0,0.063
"9606.ENSP00000244496","9606.ENSP00000425031","RRP36","HNRNPAB",9606,0.499,0,0,0,0.13,0.44,0,0.056
"9606.ENSP00000244496","9606.ENSP00000315476","RRP36","EXOSC4",9606,0.548,0,0,0,0.19,0,0.4,0.145
"9606.ENSP00000244496","9606.ENSP00000361433","RRP36","EXOSC2",9606,0.574,0,0,0,0.183,0,0.4,0.201
"9606.ENSP00000244496","9606.ENSP00000470560","RRP36","EMG1",9606,0.647,0,0,0,0.211,0.162,0.5,0.06
"9606.ENSP00000244496","9606.ENSP00000264279","RRP36","NOP58",9606,0.757,0,0,0,0.299,0.093,0.5,0.327
"9606.ENSP00000244496","9606.ENSP00000350698","RRP36","DDX47",9606,0.777,0,0,0,0.434,0.098,0.5,0.231
"9606.ENSP00000244496","9606.ENSP00000328854","RRP36","NOC4L",9606,0.839,0,0,0,0.217,0.476,0.54,0.249
"9606.ENSP00000244496","9606.ENSP00000358812","RRP36","PDCD11",9606,0.908,0,0,0,0.176,0.401,0.5,0.672
"9606.ENSP00000244496","9606.ENSP00000261015","RRP36","WDR12",9606,0.929,0,0,0,0.31,0,0.9,0.06
"9606.ENSP00000244496","9606.ENSP00000326981","RRP36","IMP3",9606,0.957,0,0,0,0.591,0,0.9,0
"9606.ENSP00000245932","9606.ENSP00000380070","VASP","GAPDH",9606,0.409,0,0,0,0.075,0,0,0.388
"9606.ENSP00000245932","9606.ENSP00000249071","VASP","RAC2",9606,0.42,0,0,0,0.149,0.065,0,0.33
"9606.ENSP00000245932","9606.ENSP00000449428","VASP","TWF1",9606,0.44,0,0,0,0.08,0,0,0.417
"9606.ENSP00000245932","9606.ENSP00000380878","VASP","PPP3CC",9606,0.457,0,0,0,0,0.457,0,0
"9606.ENSP00000245932","9606.ENSP00000349168","VASP","HNRNPH1",9606,0.467,0,0,0,0.06,0.457,0,0
"9606.ENSP00000245932","9606.ENSP00000257414","VASP","SEMA6A",9606,0.471,0,0,0,0,0,0,0.471
"9606.ENSP00000245932","9606.ENSP00000296511","VASP","ANXA5",9606,0.479,0,0,0,0.07,0,0,0.463
"9606.ENSP00000245932","9606.ENSP00000303908","VASP","TWF2",9606,0.506,0,0,0,0.165,0,0,0.433
"9606.ENSP00000245932","9606.ENSP00000279387","VASP","PPP4C",9606,0.591,0,0,0,0.159,0,0,0.534
"9606.ENSP00000245932","9606.ENSP00000325240","VASP","LASP1",9606,0.612,0,0,0,0.213,0.164,0,0.459
"9606.ENSP00000245932","9606.ENSP00000267082","VASP","ITGB7",9606,0.745,0,0,0,0.102,0,0.65,0.255
"9606.ENSP00000245932","9606.ENSP00000494750","VASP","ACTB",9606,0.988,0,0,0,0.115,0.81,0.9,0.399
"9606.ENSP00000245932","9606.ENSP00000458162","VASP","ACTG1",9606,0.989,0,0,0,0.091,0.809,0.9,0.48
"9606.ENSP00000246166","9606.ENSP00000447121","FNTB","CHURC1-FNTB",9606,0.867,0,0,0.048,0,0.8,0.36,0
"9606.ENSP00000247020","9606.ENSP00000369899","SDF2","RRAGA",9606,0.448,0,0,0,0.135,0,0,0.389
"9606.ENSP00000247020","9606.ENSP00000423933","SDF2","THUMPD2",9606,0.473,0,0,0,0,0,0,0.473
"9606.ENSP00000247020","9606.ENSP00000380256","SDF2","CCNF",9606,0.483,0,0,0,0,0.457,0,0.088
"9606.ENSP00000247020","9606.ENSP00000376472","SDF2","STT3A",9606,0.511,0,0,0,0.133,0.125,0,0.408
"9606.ENSP00000247020","9606.ENSP00000286424","SDF2","TMBIM4",9606,0.686,0,0,0,0.686,0,0,0
"9606.ENSP00000247020","9606.ENSP00000362041","SDF2","DNAJC9",9606,0.902,0,0,0,0.066,0,0.9,0.042
"9606.ENSP00000247020","9606.ENSP00000280326","SDF2","CCT5",9606,0.903,0,0,0,0.075,0,0.9,0
"9606.ENSP00000247020","9606.ENSP00000377958","SDF2","CCT4",9606,0.903,0,0,0,0.073,0,0.9,0
"9606.ENSP00000247020","9606.ENSP00000351646","SDF2","STIP1",9606,0.91,0,0,0,0.075,0,0.9,0.115
"9606.ENSP00000247020","9606.ENSP00000437125","SDF2","HSPA8",9606,0.912,0,0,0,0.075,0.077,0.9,0.101
"9606.ENSP00000247020","9606.ENSP00000248958","SDF2","SDF2L1",9606,0.923,0,0,0.06,0.082,0.17,0.9,0.102
"9606.ENSP00000247194","9606.ENSP00000380256","L3HYPDH","CCNF",9606,0.457,0,0,0,0,0.457,0,0
"9606.ENSP00000247226","9606.ENSP00000444408","PLEKHG3","SLC1A5",9606,0.4,0,0,0,0,0,0.4,0
"9606.ENSP00000247226","9606.ENSP00000413625","PLEKHG3","FNBP1",9606,0.421,0,0,0,0.068,0,0.4,0.049
"9606.ENSP00000248437","9606.ENSP00000313007","TUBA4A","PABPC1",9606,0.413,0,0,0,0.298,0.064,0,0.179
"9606.ENSP00000248437","9606.ENSP00000470788","TUBA4A","IL12RB1",9606,0.439,0,0,0,0,0.439,0,0
"9606.ENSP00000248437","9606.ENSP00000269305","TUBA4A","TP53",9606,0.498,0,0,0,0,0.343,0,0.268
"9606.ENSP00000248437","9606.ENSP00000495530","TUBA4A","ENO1",9606,0.5,0,0,0,0.129,0.275,0,0.272
"9606.ENSP00000248437","9606.ENSP00000380256","TUBA4A","CCNF",9606,0.508,0,0,0,0.059,0,0,0.499
"9606.ENSP00000248437","9606.ENSP00000253363","TUBA4A","RBM39",9606,0.516,0,0,0,0.125,0.457,0,0.064
"9606.ENSP00000248437","9606.ENSP00000469240","TUBA4A","CHMP2A",9606,0.517,0,0,0,0.075,0,0.5,0
"9606.ENSP00000248437","9606.ENSP00000438399","TUBA4A","IST1",9606,0.526,0,0,0,0.064,0,0.5,0.07
"9606.ENSP00000248437","9606.ENSP00000296511","TUBA4A","ANXA5",9606,0.561,0,0,0,0.076,0.072,0.4,0.248
"9606.ENSP00000248437","9606.ENSP00000482753","TUBA4A","C9orf72",9606,0.587,0,0,0,0,0.083,0,0.569
"9606.ENSP00000248437","9606.ENSP00000437125","TUBA4A","HSPA8",9606,0.595,0,0,0,0.413,0.108,0,0.29
"9606.ENSP00000248437","9606.ENSP00000458162","TUBA4A","ACTG1",9606,0.616,0,0,0.2,0.25,0.131,0,0.351
"9606.ENSP00000248437","9606.ENSP00000380070","TUBA4A","GAPDH",9606,0.678,0,0,0,0.389,0,0,0.495
"9606.ENSP00000248437","9606.ENSP00000280326","TUBA4A","CCT5",9606,0.715,0,0,0,0.26,0.192,0.5,0.161
"9606.ENSP00000248437","9606.ENSP00000358921","TUBA4A","ACTR1A",9606,0.75,0,0,0,0.125,0.131,0.65,0.172
"9606.ENSP00000248437","9606.ENSP00000377958","TUBA4A","CCT4",9606,0.774,0,0,0,0.24,0.228,0.5,0.321
"9606.ENSP00000248437","9606.ENSP00000494750","TUBA4A","ACTB",9606,0.796,0,0,0.201,0.249,0.131,0.4,0.449
"9606.ENSP00000248437","9606.ENSP00000421405","TUBA4A","ROPN1L",9606,0.802,0,0,0,0.055,0.8,0,0
"9606.ENSP00000248437","9606.ENSP00000336799","TUBA4A","TUBA1B",9606,0.997,0,0,0.047,0.941,0.922,0.4,0.101
"9606.ENSP00000248437","9606.ENSP00000341289","TUBA4A","TUBB4B",9606,0.997,0,0,0.069,0.802,0.903,0.8,0.407
"9606.ENSP00000248437","9606.ENSP00000443475","TUBA4A","TUBA1C",9606,0.997,0,0,0.047,0.942,0.931,0.4,0.046
"9606.ENSP00000248437","9606.ENSP00000339001","TUBA4A","TUBB",9606,0.999,0,0,0.068,0.799,0.99,0.65,0.472
"9606.ENSP00000248958","9606.ENSP00000364935","SDF2L1","CLIC1",9606,0.43,0,0,0,0.079,0.407,0,0
"9606.ENSP00000248958","9606.ENSP00000368646","SDF2L1","PRDX4",9606,0.445,0,0,0,0.325,0,0,0.212
"9606.ENSP00000248958","9606.ENSP00000295317","SDF2L1","RNF149",9606,0.459,0,0,0,0,0.457,0,0.046
"9606.ENSP00000248958","9606.ENSP00000264833","SDF2L1","OLFM2",9606,0.497,0,0,0,0,0.497,0,0
"9606.ENSP00000248958","9606.ENSP00000280326","SDF2L1","CCT5",9606,0.902,0,0,0,0.065,0,0.9,0
"9606.ENSP00000248958","9606.ENSP00000362041","SDF2L1","DNAJC9",9606,0.903,0,0,0,0.075,0,0.9,0.042
"9606.ENSP00000248958","9606.ENSP00000377958","SDF2L1","CCT4",9606,0.903,0,0,0,0.073,0,0.9,0
"9606.ENSP00000248958","9606.ENSP00000351646","SDF2L1","STIP1",9606,0.908,0,0,0,0.075,0,0.9,0.091
"9606.ENSP00000248958","9606.ENSP00000437125","SDF2L1","HSPA8",9606,0.916,0,0,0,0.075,0.077,0.9,0.136
"9606.ENSP00000249066","9606.ENSP00000380256","APOL2","CCNF",9606,0.457,0,0,0,0,0.457,0,0
"9606.ENSP00000249066","9606.ENSP00000349168","APOL2","HNRNPH1",9606,0.471,0,0,0,0.066,0.457,0,0
"9606.ENSP00000249066","9606.ENSP00000415034","APOL2","NBEAL2",9606,0.471,0,0,0,0.068,0.456,0,0
"9606.ENSP00000249071","9606.ENSP00000349359","RAC2","SASH3",9606,0.404,0,0,0,0.234,0,0,0.255
"9606.ENSP00000249071","9606.ENSP00000494550","RAC2","MYO1F",9606,0.404,0,0,0,0.244,0.066,0,0.225
"9606.ENSP00000249071","9606.ENSP00000398698","RAC2","TNF",9606,0.413,0,0,0,0.112,0,0,0.367
"9606.ENSP00000249071","9606.ENSP00000463393","RAC2","SEC22B",9606,0.418,0,0,0,0.158,0.132,0,0.268
"9606.ENSP00000249071","9606.ENSP00000289968","RAC2","ARHGAP17",9606,0.483,0,0,0,0.101,0,0.4,0.12
"9606.ENSP00000249071","9606.ENSP00000303908","RAC2","TWF2",9606,0.575,0,0,0,0.133,0,0,0.53
"9606.ENSP00000249071","9606.ENSP00000494750","RAC2","ACTB",9606,0.664,0,0,0,0.156,0.436,0,0.352
"9606.ENSP00000249071","9606.ENSP00000449428","RAC2","TWF1",9606,0.668,0,0,0,0,0,0,0.668
"9606.ENSP00000249071","9606.ENSP00000305260","RAC2","GNB2",9606,0.708,0,0,0,0.096,0.1,0.65,0.096
"9606.ENSP00000250124","9606.ENSP00000262374","MPDU1","ALG1",9606,0.472,0,0,0,0.1,0,0,0.438
"9606.ENSP00000250124","9606.ENSP00000313318","MPDU1","SLC35C1",9606,0.514,0,0,0,0.138,0,0,0.46
"9606.ENSP00000250124","9606.ENSP00000373669","MPDU1","BORCS6",9606,0.534,0,0,0,0.084,0,0,0.513
"9606.ENSP00000250454","9606.ENSP00000470560","EAPP","EMG1",9606,0.404,0,0,0,0.102,0,0,0.364
"9606.ENSP00000250454","9606.ENSP00000355249","EAPP","E2F2",9606,0.642,0,0,0,0,0,0,0.642
"9606.ENSP00000250454","9606.ENSP00000310723","EAPP","DDX23",9606,0.998,0,0,0,0,0.998,0,0.126
"9606.ENSP00000250454","9606.ENSP00000304903","EAPP","CD2BP2",9606,0.999,0,0,0,0.075,0.999,0,0.198
"9606.ENSP00000252268","9606.ENSP00000328484","DPF2","H2AC14",9606,0.4,0,0,0,0,0,0.4,0
"9606.ENSP00000252268","9606.ENSP00000483903","DPF2","H2BC15",9606,0.423,0,0,0,0.079,0,0.4,0
"9606.ENSP00000252268","9606.ENSP00000380256","DPF2","CCNF",9606,0.457,0,0,0,0,0.457,0,0
"9606.ENSP00000252268","9606.ENSP00000389383","DPF2","STK11IP",9606,0.473,0,0,0,0.075,0.454,0,0
"9606.ENSP00000252268","9606.ENSP00000332194","DPF2","H2AC20",9606,0.501,0,0,0,0,0,0.4,0.204
"9606.ENSP00000252268","9606.ENSP00000433760","DPF2","BANF1",9606,0.809,0,0,0,0.075,0.457,0,0.651
"9606.ENSP00000252268","9606.ENSP00000494750","DPF2","ACTB",9606,0.955,0,0,0,0.064,0.478,0.9,0.193
"9606.ENSP00000252268","9606.ENSP00000397552","DPF2","ACTL6A",9606,0.999,0,0,0,0.193,0.999,0.9,0.659
"9606.ENSP00000252593","9606.ENSP00000380070","BST2","GAPDH",9606,0.406,0,0,0,0.075,0,0,0.385
"9606.ENSP00000252593","9606.ENSP00000254436","BST2","TRIM21",9606,0.424,0,0,0,0.186,0,0,0.322
"9606.ENSP00000252593","9606.ENSP00000398698","BST2","TNF",9606,0.447,0,0,0,0.132,0,0,0.39
"9606.ENSP00000252593","9606.ENSP00000363993","BST2","PSMB9",9606,0.458,0,0,0,0.312,0,0,0.245
"9606.ENSP00000252593","9606.ENSP00000349168","BST2","HNRNPH1",9606,0.472,0,0,0,0.069,0.457,0,0
"9606.ENSP00000252593","9606.ENSP00000364016","BST2","PSMB8",9606,0.506,0,0,0,0.359,0,0,0.262
"9606.ENSP00000252593","9606.ENSP00000471896","BST2","IRF3",9606,0.514,0,0,0,0.075,0,0,0.497
"9606.ENSP00000252593","9606.ENSP00000309749","BST2","APOBEC3F",9606,0.538,0,0,0,0.075,0,0,0.522
"9606.ENSP00000252593","9606.ENSP00000257570","BST2","OASL",9606,0.7,0,0,0,0.283,0,0,0.6
"9606.ENSP00000252593","9606.ENSP00000287156","BST2","UBE2L6",9606,0.722,0,0,0,0.595,0,0,0.344
"9606.ENSP00000252593","9606.ENSP00000342278","BST2","OAS2",9606,0.79,0,0,0,0.503,0,0,0.596
"9606.ENSP00000252593","9606.ENSP00000388001","BST2","OAS1",9606,0.792,0,0,0,0.507,0,0,0.596
"9606.ENSP00000252593","9606.ENSP00000395590","BST2","IFI35",9606,0.891,0,0,0,0.717,0,0,0.632
"9606.ENSP00000253063","9606.ENSP00000355249","SESN2","E2F2",9606,0.418,0,0,0,0,0,0,0.418
"9606.ENSP00000253063","9606.ENSP00000429690","SESN2","ATP6V0E1",9606,0.5,0,0,0,0,0,0.5,0
"9606.ENSP00000253063","9606.ENSP00000363162","SESN2","ATP6V1G1",9606,0.507,0,0,0,0,0,0.5,0.055
"9606.ENSP00000253063","9606.ENSP00000290949","SESN2","ATP6V0D1",9606,0.555,0,0,0,0.059,0,0.5,0.132
"9606.ENSP00000253063","9606.ENSP00000262482","SESN2","RNF167",9606,0.558,0,0,0,0,0.457,0,0.221
"9606.ENSP00000253063","9606.ENSP00000264515","SESN2","RBBP5",9606,0.598,0,0,0,0.055,0.593,0,0
"9606.ENSP00000253063","9606.ENSP00000377245","SESN2","KEAP1",9606,0.841,0,0,0,0,0.456,0.5,0.463
"9606.ENSP00000253063","9606.ENSP00000269305","SESN2","TP53",9606,0.858,0,0,0,0,0.061,0.5,0.722
"9606.ENSP00000253063","9606.ENSP00000369899","SESN2","RRAGA",9606,0.889,0,0,0,0,0,0.72,0.622
"9606.ENSP00000253063","9606.ENSP00000482753","SESN2","C9orf72",9606,0.901,0,0,0,0,0,0.9,0.051
"9606.ENSP00000253063","9606.ENSP00000323867","SESN2","PRKAG1",9606,0.915,0,0,0,0.071,0,0.9,0.159
"9606.ENSP00000253063","9606.ENSP00000254101","SESN2","PRKAB2",9606,0.917,0,0,0,0.06,0,0.9,0.195
"9606.ENSP00000253063","9606.ENSP00000338990","SESN2","ATG101",9606,0.921,0,0,0,0.075,0,0.9,0.221
"9606.ENSP00000253363","9606.ENSP00000269305","RBM39","TP53",9606,0.423,0,0,0,0,0.29,0,0.221
"9606.ENSP00000253363","9606.ENSP00000444408","RBM39","SLC1A5",9606,0.457,0,0,0,0,0.457,0,0
"9606.ENSP00000253363","9606.ENSP00000255764","RBM39","MED10",9606,0.47,0,0,0,0.067,0.456,0,0
"9606.ENSP00000253363","9606.ENSP00000321584","RBM39","IMPDH2",9606,0.47,0,0,0,0.065,0.457,0,0
"9606.ENSP00000253363","9606.ENSP00000380256","RBM39","CCNF",9606,0.47,0,0,0,0.057,0.457,0,0.049
"9606.ENSP00000253363","9606.ENSP00000358921","RBM39","ACTR1A",9606,0.471,0,0,0,0.067,0.457,0,0
"9606.ENSP00000253363","9606.ENSP00000255631","RBM39","HSPBP1",9606,0.473,0,0,0,0.063,0.457,0,0.049
"9606.ENSP00000253363","9606.ENSP00000320309","RBM39","FARSA",9606,0.476,0,0,0,0.075,0.457,0,0
"9606.ENSP00000253363","9606.ENSP00000333275","RBM39","NR2C1",9606,0.476,0,0,0,0.075,0.457,0,0
"9606.ENSP00000253363","9606.ENSP00000369538","RBM39","GDI2",9606,0.476,0,0,0,0.075,0.457,0,0
"9606.ENSP00000253363","9606.ENSP00000364935","RBM39","CLIC1",9606,0.479,0,0,0,0.08,0.457,0,0
"9606.ENSP00000253363","9606.ENSP00000498336","RBM39","MTHFD1",9606,0.479,0,0,0,0.075,0.457,0,0.047
"9606.ENSP00000253363","9606.ENSP00000264639","RBM39","PSMD3",9606,0.481,0,0.049,0,0.076,0.457,0,0
"9606.ENSP00000253363","9606.ENSP00000316512","RBM39","TLK2",9606,0.483,0,0,0,0.207,0,0,0.375
"9606.ENSP00000253363","9606.ENSP00000264515","RBM39","RBBP5",9606,0.487,0,0,0,0.094,0.457,0,0
"9606.ENSP00000253363","9606.ENSP00000378935","RBM39","PPHLN1",9606,0.487,0,0,0,0.094,0.457,0,0
"9606.ENSP00000253363","9606.ENSP00000466718","RBM39","LSM12",9606,0.487,0,0,0,0.075,0.457,0,0.062
"9606.ENSP00000253363","9606.ENSP00000264645","RBM39","CASC3",9606,0.488,0,0,0,0.065,0.457,0,0.074
"9606.ENSP00000253363","9606.ENSP00000339001","RBM39","TUBB",9606,0.488,0,0,0,0.085,0.457,0,0.053
"9606.ENSP00000253363","9606.ENSP00000392270","RBM39","STRAP",9606,0.493,0,0,0,0.086,0.457,0,0.061
"9606.ENSP00000253363","9606.ENSP00000341289","RBM39","TUBB4B",9606,0.494,0,0,0,0.09,0.457,0,0.06
"9606.ENSP00000253363","9606.ENSP00000495530","RBM39","ENO1",9606,0.495,0,0,0,0.079,0.457,0,0.072
"9606.ENSP00000253363","9606.ENSP00000368646","RBM39","PRDX4",9606,0.499,0,0,0,0.075,0.457,0,0.084
"9606.ENSP00000253363","9606.ENSP00000263773","RBM39","FNBP4",9606,0.51,0,0,0,0.307,0.211,0,0.177
"9606.ENSP00000253363","9606.ENSP00000336799","RBM39","TUBA1B",9606,0.519,0,0,0,0.125,0.457,0,0.069
"9606.ENSP00000253363","9606.ENSP00000362041","RBM39","DNAJC9",9606,0.521,0,0,0,0.154,0.458,0,0
"9606.ENSP00000253363","9606.ENSP00000480987","RBM39","MCM3",9606,0.525,0,0,0,0.162,0.457,0,0
"9606.ENSP00000253363","9606.ENSP00000264335","RBM39","YWHAE",9606,0.53,0,0,0,0.17,0.457,0,0
"9606.ENSP00000253363","9606.ENSP00000360268","RBM39","ALDH18A1",9606,0.533,0,0,0,0.094,0.457,0,0.128
"9606.ENSP00000253363","9606.ENSP00000300738","RBM39","RRM1",9606,0.536,0,0,0,0.098,0,0,0.507
"9606.ENSP00000253363","9606.ENSP00000280326","RBM39","CCT5",9606,0.544,0,0,0,0.084,0.457,0,0.158
"9606.ENSP00000253363","9606.ENSP00000403039","RBM39","HP1BP3",9606,0.553,0,0,0,0.212,0.457,0,0
"9606.ENSP00000253363","9606.ENSP00000496250","RBM39","RPL11",9606,0.563,0,0,0,0.229,0.457,0,0
"9606.ENSP00000253363","9606.ENSP00000343966","RBM39","PSPC1",9606,0.565,0,0,0,0.199,0.457,0,0.081
"9606.ENSP00000253363","9606.ENSP00000380070","RBM39","GAPDH",9606,0.585,0,0,0,0.152,0.457,0,0.172
"9606.ENSP00000253363","9606.ENSP00000433071","RBM39","RBM4B",9606,0.591,0,0,0,0.096,0.457,0,0.235
"9606.ENSP00000253363","9606.ENSP00000494750","RBM39","ACTB",9606,0.594,0,0,0,0.191,0.457,0,0.151
"9606.ENSP00000253363","9606.ENSP00000264279","RBM39","NOP58",9606,0.611,0,0,0,0.219,0.457,0,0.157
"9606.ENSP00000253363","9606.ENSP00000265866","RBM39","HNRNPH3",9606,0.64,0,0,0,0.192,0.457,0,0.247
"9606.ENSP00000253363","9606.ENSP00000433760","RBM39","BANF1",9606,0.64,0,0,0,0.074,0.574,0,0.162
"9606.ENSP00000253363","9606.ENSP00000317872","RBM39","RBBP6",9606,0.641,0,0,0,0.224,0,0.5,0.15
"9606.ENSP00000253363","9606.ENSP00000383059","RBM39","ARGLU1",9606,0.652,0,0,0,0.525,0,0,0.299
"9606.ENSP00000253363","9606.ENSP00000313007","RBM39","PABPC1",9606,0.654,0,0,0,0.355,0.457,0,0.092
"9606.ENSP00000253363","9606.ENSP00000362592","RBM39","RBBP4",9606,0.673,0,0,0,0.263,0.554,0,0.086
"9606.ENSP00000253363","9606.ENSP00000259873","RBM39","MRPS18B",9606,0.702,0,0,0,0.065,0.695,0,0
"9606.ENSP00000253363","9606.ENSP00000316042","RBM39","HNRNPA0",9606,0.711,0,0,0.133,0.199,0.59,0,0.107
"9606.ENSP00000253363","9606.ENSP00000437125","RBM39","HSPA8",9606,0.746,0,0,0,0.278,0.615,0,0.161
"9606.ENSP00000253363","9606.ENSP00000425031","RBM39","HNRNPAB",9606,0.764,0,0,0.113,0.081,0.695,0,0.166
"9606.ENSP00000253363","9606.ENSP00000305790","RBM39","SF3B3",9606,0.79,0,0,0,0.146,0.695,0,0.259
"9606.ENSP00000253363","9606.ENSP00000254193","RBM39","SNRPA1",9606,0.805,0,0,0,0.173,0.695,0,0.29
"9606.ENSP00000253363","9606.ENSP00000325905","RBM39","SRSF7",9606,0.809,0,0,0,0.345,0.634,0,0.268
"9606.ENSP00000253363","9606.ENSP00000349168","RBM39","HNRNPH1",9606,0.826,0,0,0,0.495,0.457,0,0.418
"9606.ENSP00000253363","9606.ENSP00000271628","RBM39","SF3B4",9606,0.83,0,0,0.108,0.08,0.784,0,0.155
"9606.ENSP00000253363","9606.ENSP00000376276","RBM39","SRSF2",9606,0.851,0,0,0.128,0.614,0.457,0,0.281
"9606.ENSP00000253363","9606.ENSP00000310723","RBM39","DDX23",9606,0.854,0,0,0,0.145,0.792,0,0.245
"9606.ENSP00000253363","9606.ENSP00000435210","RBM39","BCLAF1",9606,0.874,0,0,0,0.505,0.695,0,0.237
"9606.ENSP00000253363","9606.ENSP00000483254","RBM39","HNRNPDL",9606,0.893,0,0,0.111,0.553,0.695,0,0.225
"9606.ENSP00000253363","9606.ENSP00000296702","RBM39","TCERG1",9606,0.894,0,0,0,0.194,0.285,0.8,0.19
"9606.ENSP00000253363","9606.ENSP00000301764","RBM39","DDB1",9606,0.895,0,0,0,0.075,0.8,0,0.481
"9606.ENSP00000253363","9606.ENSP00000396301","RBM39","IK",9606,0.897,0,0,0,0.129,0.457,0.8,0
"9606.ENSP00000253363","9606.ENSP00000452123","RBM39","SRSF5",9606,0.912,0,0,0,0.866,0,0,0.373
"9606.ENSP00000253363","9606.ENSP00000496842","RBM39","PNISR",9606,0.953,0,0,0,0.688,0.8,0,0.322
"9606.ENSP00000253363","9606.ENSP00000416269","RBM39","DDX39B",9606,0.958,0,0,0,0.159,0.702,0.8,0.27
"9606.ENSP00000253363","9606.ENSP00000497641","RBM39","EIF4A3",9606,0.978,0,0,0,0.129,0.974,0,0.11
"9606.ENSP00000253363","9606.ENSP00000335321","RBM39","SF3B1",9606,0.991,0,0,0,0.906,0.836,0,0.492
"9606.ENSP00000254101","9606.ENSP00000386710","PRKAB2","ATG9A",9606,0.405,0,0,0,0.109,0.299,0,0.125
"9606.ENSP00000254101","9606.ENSP00000380070","PRKAB2","GAPDH",9606,0.408,0,0,0,0,0.316,0,0.171
"9606.ENSP00000254101","9606.ENSP00000437125","PRKAB2","HSPA8",9606,0.444,0,0,0,0,0.049,0.4,0.104
"9606.ENSP00000254101","9606.ENSP00000338990","PRKAB2","ATG101",9606,0.509,0,0,0,0,0,0.5,0.06
"9606.ENSP00000254101","9606.ENSP00000369899","PRKAB2","RRAGA",9606,0.55,0,0,0,0.081,0,0.5,0.101
"9606.ENSP00000254101","9606.ENSP00000286548","PRKAB2","GNAQ",9606,0.665,0,0,0,0,0,0.65,0.083
"9606.ENSP00000254101","9606.ENSP00000305260","PRKAB2","GNB2",9606,0.75,0,0,0,0,0.307,0.65,0.055
"9606.ENSP00000254101","9606.ENSP00000269305","PRKAB2","TP53",9606,0.84,0,0,0,0,0.634,0.5,0.197
"9606.ENSP00000254101","9606.ENSP00000262430","PRKAB2","MLYCD",9606,0.914,0,0,0,0.075,0,0.9,0.15
"9606.ENSP00000254101","9606.ENSP00000340736","PRKAB2","GYG1",9606,0.953,0,0,0,0.084,0.945,0,0.149
"9606.ENSP00000254101","9606.ENSP00000323867","PRKAB2","PRKAG1",9606,0.999,0,0,0,0.22,0.999,0.9,0.943
"9606.ENSP00000254193","9606.ENSP00000308430","SNRPA1","CYB5B",9606,0.4,0,0,0,0.102,0.36,0,0
"9606.ENSP00000254193","9606.ENSP00000316042","SNRPA1","HNRNPA0",9606,0.406,0,0,0,0.191,0.131,0,0.223
"9606.ENSP00000254193","9606.ENSP00000387996","SNRPA1","CSTF2",9606,0.421,0,0,0,0.176,0.179,0,0.213
"9606.ENSP00000254193","9606.ENSP00000380070","SNRPA1","GAPDH",9606,0.427,0,0,0,0.077,0.282,0,0.205
"9606.ENSP00000254193","9606.ENSP00000278070","SNRPA1","PPRC1",9606,0.43,0,0,0,0.082,0.405,0,0
"9606.ENSP00000254193","9606.ENSP00000452123","SNRPA1","SRSF5",9606,0.443,0,0,0,0.094,0.275,0,0.221
"9606.ENSP00000254193","9606.ENSP00000470560","SNRPA1","EMG1",9606,0.446,0,0,0,0.434,0,0,0.062
"9606.ENSP00000254193","9606.ENSP00000280326","SNRPA1","CCT5",9606,0.451,0,0,0,0.278,0.271,0,0
"9606.ENSP00000254193","9606.ENSP00000271139","SNRPA1","MOB3C",9606,0.457,0,0,0,0,0.457,0,0
"9606.ENSP00000254193","9606.ENSP00000349168","SNRPA1","HNRNPH1",9606,0.462,0,0,0,0.248,0,0,0.315
"9606.ENSP00000254193","9606.ENSP00000380256","SNRPA1","CCNF",9606,0.476,0,0,0,0.061,0.457,0,0.056
"9606.ENSP00000254193","9606.ENSP00000377958","SNRPA1","CCT4",9606,0.491,0,0,0,0.265,0.209,0,0.195
"9606.ENSP00000254193","9606.ENSP00000379181","SNRPA1","RAE1",9606,0.497,0,0,0,0.169,0.046,0,0.417
"9606.ENSP00000254193","9606.ENSP00000313007","SNRPA1","PABPC1",9606,0.546,0,0,0,0.232,0.349,0,0.165
"9606.ENSP00000254193","9606.ENSP00000317872","SNRPA1","RBBP6",9606,0.548,0,0,0,0.082,0,0.5,0.096
"9606.ENSP00000254193","9606.ENSP00000376276","SNRPA1","SRSF2",9606,0.554,0,0,0,0.242,0.282,0,0.248
"9606.ENSP00000254193","9606.ENSP00000264279","SNRPA1","NOP58",9606,0.572,0,0,0,0.358,0,0,0.361
"9606.ENSP00000254193","9606.ENSP00000416269","SNRPA1","DDX39B",9606,0.659,0,0,0,0.258,0.32,0,0.379
"9606.ENSP00000254193","9606.ENSP00000325905","SNRPA1","SRSF7",9606,0.696,0,0,0,0.214,0.355,0,0.449
"9606.ENSP00000254193","9606.ENSP00000269305","SNRPA1","TP53",9606,0.8,0,0,0,0.058,0.772,0,0.146
"9606.ENSP00000254193","9606.ENSP00000437125","SNRPA1","HSPA8",9606,0.819,0,0,0,0.102,0.789,0,0.125
"9606.ENSP00000254193","9606.ENSP00000264645","SNRPA1","CASC3",9606,0.823,0,0,0,0.072,0.8,0,0.123
"9606.ENSP00000254193","9606.ENSP00000497641","SNRPA1","EIF4A3",9606,0.867,0,0,0,0.242,0.801,0,0.193
"9606.ENSP00000254193","9606.ENSP00000310723","SNRPA1","DDX23",9606,0.909,0,0,0,0.075,0.805,0,0.539
"9606.ENSP00000254193","9606.ENSP00000296702","SNRPA1","TCERG1",9606,0.968,0,0,0,0.214,0.953,0,0.221
"9606.ENSP00000254193","9606.ENSP00000396301","SNRPA1","IK",9606,0.981,0,0,0,0.095,0.8,0.9,0.08
"9606.ENSP00000254193","9606.ENSP00000271628","SNRPA1","SF3B4",9606,0.999,0,0,0,0.209,0.998,0.9,0.554
"9606.ENSP00000254193","9606.ENSP00000305790","SNRPA1","SF3B3",9606,0.999,0,0,0,0.13,0.999,0.9,0.659
"9606.ENSP00000254193","9606.ENSP00000335321","SNRPA1","SF3B1",9606,0.999,0,0,0,0.251,0.999,0.9,0.567
"9606.ENSP00000254436","9606.ENSP00000377245","TRIM21","KEAP1",9606,0.421,0,0,0,0.065,0,0,0.407
"9606.ENSP00000254436","9606.ENSP00000363993","TRIM21","PSMB9",9606,0.434,0,0,0,0.314,0,0,0.21
"9606.ENSP00000254436","9606.ENSP00000367013","TRIM21","TNFRSF25",9606,0.449,0,0,0,0.055,0,0,0.441
"9606.ENSP00000254436","9606.ENSP00000307900","TRIM21","GLUL",9606,0.457,0,0,0,0,0.457,0,0
"9606.ENSP00000254436","9606.ENSP00000483946","TRIM21","PHF19",9606,0.457,0,0,0,0,0.457,0,0
"9606.ENSP00000254436","9606.ENSP00000398698","TRIM21","TNF",9606,0.459,0,0,0,0.082,0,0,0.435
"9606.ENSP00000254436","9606.ENSP00000258098","TRIM21","RAB11FIP5",9606,0.464,0,0,0,0.047,0.457,0,0.049
"9606.ENSP00000254436","9606.ENSP00000349168","TRIM21","HNRNPH1",9606,0.464,0,0,0,0,0.457,0,0.054
"9606.ENSP00000254436","9606.ENSP00000321584","TRIM21","IMPDH2",9606,0.467,0,0,0,0,0.457,0,0.06
"9606.ENSP00000254436","9606.ENSP00000320309","TRIM21","FARSA",9606,0.468,0,0,0,0.061,0.457,0,0
"9606.ENSP00000254436","9606.ENSP00000458162","TRIM21","ACTG1",9606,0.468,0,0,0,0.06,0.457,0,0.043
"9606.ENSP00000254436","9606.ENSP00000369538","TRIM21","GDI2",9606,0.47,0,0,0,0.062,0.459,0,0
"9606.ENSP00000254436","9606.ENSP00000257570","TRIM21","OASL",9606,0.471,0,0,0,0.31,0,0,0.266
"9606.ENSP00000254436","9606.ENSP00000278422","TRIM21","TMX2",9606,0.473,0,0,0,0.069,0.457,0,0.042
"9606.ENSP00000254436","9606.ENSP00000377958","TRIM21","CCT4",9606,0.473,0,0,0,0,0.457,0,0.07
"9606.ENSP00000254436","9606.ENSP00000379181","TRIM21","RAE1",9606,0.473,0,0,0,0,0.457,0,0.07
"9606.ENSP00000254436","9606.ENSP00000443475","TRIM21","TUBA1C",9606,0.477,0,0,0,0.059,0.457,0,0.06
"9606.ENSP00000254436","9606.ENSP00000341289","TRIM21","TUBB4B",9606,0.478,0,0,0,0.061,0.457,0,0.059
"9606.ENSP00000254436","9606.ENSP00000468424","TRIM21","NMT1",9606,0.479,0,0,0,0.061,0.457,0,0.062
"9606.ENSP00000254436","9606.ENSP00000271638","TRIM21","S100A11",9606,0.481,0,0,0,0.085,0.457,0,0
"9606.ENSP00000254436","9606.ENSP00000496250","TRIM21","RPL11",9606,0.485,0,0,0,0,0.457,0,0.092
"9606.ENSP00000254436","9606.ENSP00000313007","TRIM21","PABPC1",9606,0.502,0,0,0,0,0.457,0,0.122
"9606.ENSP00000254436","9606.ENSP00000287156","TRIM21","UBE2L6",9606,0.503,0,0,0,0.346,0,0,0.272
"9606.ENSP00000254436","9606.ENSP00000339001","TRIM21","TUBB",9606,0.507,0,0,0,0.059,0.457,0,0.113
"9606.ENSP00000254436","9606.ENSP00000342278","TRIM21","OAS2",9606,0.513,0,0,0,0.351,0,0,0.281
"9606.ENSP00000254436","9606.ENSP00000388001","TRIM21","OAS1",9606,0.517,0,0,0,0.334,0,0,0.305
"9606.ENSP00000254436","9606.ENSP00000483903","TRIM21","H2BC15",9606,0.523,0,0,0,0,0.485,0,0.113
"9606.ENSP00000254436","9606.ENSP00000296511","TRIM21","ANXA5",9606,0.535,0,0,0,0.065,0.457,0,0.158
"9606.ENSP00000254436","9606.ENSP00000495530","TRIM21","ENO1",9606,0.571,0,0,0,0,0.457,0,0.243
"9606.ENSP00000254436","9606.ENSP00000380070","TRIM21","GAPDH",9606,0.612,0,0,0,0.058,0.457,0,0.303
"9606.ENSP00000254436","9606.ENSP00000269305","TRIM21","TP53",9606,0.629,0,0,0,0.075,0.457,0,0.322
"9606.ENSP00000254436","9606.ENSP00000360329","TRIM21","TTC4",9606,0.652,0,0,0,0.072,0,0,0.641
"9606.ENSP00000254436","9606.ENSP00000437125","TRIM21","HSPA8",9606,0.657,0,0,0,0.065,0.457,0,0.38
"9606.ENSP00000254436","9606.ENSP00000351646","TRIM21","STIP1",9606,0.743,0,0,0,0.056,0,0,0.739
"9606.ENSP00000254436","9606.ENSP00000498336","TRIM21","MTHFD1",9606,0.803,0,0,0,0,0.802,0,0.047
"9606.ENSP00000254436","9606.ENSP00000395590","TRIM21","IFI35",9606,0.847,0,0,0,0.604,0.457,0,0.349
"9606.ENSP00000254436","9606.ENSP00000494750","TRIM21","ACTB",9606,0.856,0,0,0,0.064,0.802,0,0.286
"9606.ENSP00000254436","9606.ENSP00000255631","TRIM21","HSPBP1",9606,0.867,0,0,0,0,0,0,0.867
"9606.ENSP00000254436","9606.ENSP00000379931","TRIM21","UBE2E2",9606,0.914,0,0,0,0,0.9,0,0.178
"9606.ENSP00000254436","9606.ENSP00000471896","TRIM21","IRF3",9606,0.967,0,0,0,0.09,0.918,0,0.604
"9606.ENSP00000254436","9606.ENSP00000316176","TRIM21","UBE2N",9606,0.984,0,0,0,0,0.974,0,0.443
"9606.ENSP00000254816","9606.ENSP00000269305","TRIM47","TP53",9606,0.531,0,0,0,0,0.457,0,0.172
"9606.ENSP00000255631","9606.ENSP00000400646","HSPBP1","PNPT1",9606,0.413,0,0,0,0.389,0,0,0.08
"9606.ENSP00000255631","9606.ENSP00000380256","HSPBP1","CCNF",9606,0.481,0,0,0,0.063,0.457,0,0.063
"9606.ENSP00000255631","9606.ENSP00000326981","HSPBP1","IMP3",9606,0.492,0.086,0,0,0.418,0,0,0.123
"9606.ENSP00000255631","9606.ENSP00000292586","HSPBP1","MRNIP",9606,0.546,0,0,0,0.401,0.218,0,0.11
"9606.ENSP00000255631","9606.ENSP00000263857","HSPBP1","POLR1A",9606,0.611,0.086,0,0,0.5,0.164,0,0.102
"9606.ENSP00000255631","9606.ENSP00000496250","HSPBP1","RPL11",9606,0.63,0.106,0,0,0.556,0,0,0.145
"9606.ENSP00000255631","9606.ENSP00000398882","HSPBP1","DOHH",9606,0.693,0,0,0,0.693,0,0,0
"9606.ENSP00000255631","9606.ENSP00000360850","HSPBP1","MRPS2",9606,0.699,0.05,0,0,0.608,0.207,0,0.102
"9606.ENSP00000255631","9606.ENSP00000358812","HSPBP1","PDCD11",9606,0.742,0.056,0,0,0.575,0.339,0,0.142
"9606.ENSP00000255631","9606.ENSP00000360329","HSPBP1","TTC4",9606,0.783,0,0,0,0.108,0.045,0,0.766
"9606.ENSP00000255631","9606.ENSP00000351646","HSPBP1","STIP1",9606,0.882,0,0,0,0.23,0.045,0,0.853
"9606.ENSP00000255631","9606.ENSP00000364802","HSPBP1","HSPA1A",9606,0.957,0,0,0,0.102,0.9,0,0.568
"9606.ENSP00000255631","9606.ENSP00000437125","HSPBP1","HSPA8",9606,0.999,0,0,0,0.122,0.999,0,0.785
"9606.ENSP00000255764","9606.ENSP00000349168","MED10","HNRNPH1",9606,0.475,0,0,0,0.074,0.457,0,0
"9606.ENSP00000255764","9606.ENSP00000378935","MED10","PPHLN1",9606,0.803,0,0,0,0.069,0.756,0,0.205
"9606.ENSP00000255764","9606.ENSP00000367034","MED10","H4C3",9606,0.818,0,0,0,0.071,0.8,0,0.101
"9606.ENSP00000255764","9606.ENSP00000290663","MED10","MED8",9606,0.999,0,0,0,0.129,0.999,0.9,0.919
"9606.ENSP00000255764","9606.ENSP00000326767","MED10","MED25",9606,0.999,0,0,0,0,0.999,0.9,0.385
"9606.ENSP00000255764","9606.ENSP00000362948","MED10","MED18",9606,0.999,0,0,0,0,0.999,0.9,0.959
"9606.ENSP00000256194","9606.ENSP00000310226","MICAL2","RAB1B",9606,0.758,0,0,0,0,0.757,0,0.045
"9606.ENSP00000257414","9606.ENSP00000264039","SEMA6A","GPC1",9606,0.409,0,0,0,0.047,0.381,0,0.079
"9606.ENSP00000257414","9606.ENSP00000269305","SEMA6A","TP53",9606,0.424,0,0,0,0,0.327,0,0.18
"9606.ENSP00000257570","9606.ENSP00000398698","OASL","TNF",9606,0.4,0,0,0,0.1,0,0,0.361
"9606.ENSP00000257570","9606.ENSP00000380070","OASL","GAPDH",9606,0.418,0,0,0,0,0.131,0,0.358
"9606.ENSP00000257570","9606.ENSP00000363993","OASL","PSMB9",9606,0.421,0,0,0,0.203,0.053,0,0.295
"9606.ENSP00000257570","9606.ENSP00000471896","OASL","IRF3",9606,0.546,0,0,0,0,0,0,0.546
"9606.ENSP00000257570","9606.ENSP00000287156","OASL","UBE2L6",9606,0.627,0,0,0,0.313,0.216,0,0.364
"9606.ENSP00000257570","9606.ENSP00000388001","OASL","OAS1",9606,0.861,0,0,0.079,0.826,0,0,0.205
"9606.ENSP00000257570","9606.ENSP00000342278","OASL","OAS2",9606,0.875,0,0,0,0.849,0,0,0.211
"9606.ENSP00000257570","9606.ENSP00000395590","OASL","IFI35",9606,0.896,0,0,0,0.681,0.291,0,0.581
"9606.ENSP00000257604","9606.ENSP00000380256","TRAFD1","CCNF",9606,0.466,0,0,0,0.045,0.457,0,0.054
"9606.ENSP00000257604","9606.ENSP00000349168","TRAFD1","HNRNPH1",9606,0.467,0,0,0,0.06,0.457,0,0
"9606.ENSP00000257604","9606.ENSP00000471896","TRAFD1","IRF3",9606,0.493,0,0,0,0.075,0,0,0.475
"9606.ENSP00000257904","9606.ENSP00000497641","CDK4","EIF4A3",9606,0.409,0,0,0,0.238,0.078,0,0.227
"9606.ENSP00000257904","9606.ENSP00000321584","CDK4","IMPDH2",9606,0.414,0,0,0,0.315,0,0,0.18
"9606.ENSP00000257904","9606.ENSP00000328484","CDK4","H2AC14",9606,0.414,0,0,0,0,0.046,0.4,0.06
"9606.ENSP00000257904","9606.ENSP00000366679","CDK4","H2AC12",9606,0.414,0,0,0,0,0.046,0.4,0.06
"9606.ENSP00000257904","9606.ENSP00000468425","CDK4","TK1",9606,0.435,0,0,0,0.159,0.053,0,0.348
"9606.ENSP00000257904","9606.ENSP00000433760","CDK4","BANF1",9606,0.46,0,0,0,0.305,0,0,0.255
"9606.ENSP00000257904","9606.ENSP00000398698","CDK4","TNF",9606,0.473,0,0,0,0,0,0,0.473
"9606.ENSP00000257904","9606.ENSP00000332194","CDK4","H2AC20",9606,0.536,0,0,0,0.06,0.046,0.4,0.241
"9606.ENSP00000257904","9606.ENSP00000483903","CDK4","H2BC15",9606,0.556,0,0,0,0.049,0,0.5,0.143
"9606.ENSP00000257904","9606.ENSP00000449241","CDK4","AGAP2",9606,0.605,0,0,0,0,0.457,0,0.303
"9606.ENSP00000257904","9606.ENSP00000380256","CDK4","CCNF",9606,0.623,0,0,0,0.077,0.457,0,0.31
"9606.ENSP00000257904","9606.ENSP00000437125","CDK4","HSPA8",9606,0.64,0,0,0,0.128,0.491,0,0.255
"9606.ENSP00000257904","9606.ENSP00000480987","CDK4","MCM3",9606,0.641,0,0,0,0.368,0.043,0,0.455
"9606.ENSP00000257904","9606.ENSP00000397552","CDK4","ACTL6A",9606,0.662,0,0,0,0.225,0.045,0.5,0.195
"9606.ENSP00000257904","9606.ENSP00000363516","CDK4","RCAN3",9606,0.664,0,0,0,0,0.543,0,0.296
"9606.ENSP00000257904","9606.ENSP00000296511","CDK4","ANXA5",9606,0.676,0,0,0,0.079,0,0,0.663
"9606.ENSP00000257904","9606.ENSP00000339001","CDK4","TUBB",9606,0.694,0,0,0,0.281,0.517,0,0.191
"9606.ENSP00000257904","9606.ENSP00000380070","CDK4","GAPDH",9606,0.702,0,0,0,0.12,0,0,0.676
"9606.ENSP00000257904","9606.ENSP00000494750","CDK4","ACTB",9606,0.705,0,0,0,0.091,0.045,0,0.688
"9606.ENSP00000257904","9606.ENSP00000355249","CDK4","E2F2",9606,0.784,0,0,0,0,0.066,0.5,0.575
"9606.ENSP00000257904","9606.ENSP00000321636","CDK4","TOP3A",9606,0.841,0,0,0,0.058,0.062,0.8,0.211
"9606.ENSP00000257904","9606.ENSP00000383611","CDK4","CCNL2",9606,0.952,0,0,0,0,0,0,0.952
"9606.ENSP00000257904","9606.ENSP00000269305","CDK4","TP53",9606,0.996,0,0,0,0.094,0.956,0,0.914
"9606.ENSP00000258098","9606.ENSP00000307854","RAB11FIP5","PCMTD2",9606,0.402,0,0,0,0,0,0,0.402
"9606.ENSP00000258975","9606.ENSP00000427004","TACO1","GFM2",9606,0.559,0.057,0,0,0.309,0.077,0,0.354
"9606.ENSP00000258975","9606.ENSP00000354762","TACO1","COA3",9606,0.834,0,0,0,0.093,0.456,0,0.691
"9606.ENSP00000258975","9606.ENSP00000259873","TACO1","MRPS18B",9606,0.84,0,0,0,0.104,0.8,0,0.18
"9606.ENSP00000258975","9606.ENSP00000360850","TACO1","MRPS2",9606,0.896,0.052,0,0.203,0.356,0.8,0,0.097
"9606.ENSP00000259339","9606.ENSP00000367013","TOR1B","TNFRSF25",9606,0.745,0,0,0,0,0,0,0.745
"9606.ENSP00000259873","9606.ENSP00000350698","MRPS18B","DDX47",9606,0.415,0,0,0,0.11,0,0,0.37
"9606.ENSP00000259873","9606.ENSP00000425031","MRPS18B","HNRNPAB",9606,0.456,0,0,0,0.075,0.437,0,0
"9606.ENSP00000259873","9606.ENSP00000360850","MRPS18B","MRPS2",9606,0.999,0,0,0,0.37,0.999,0.9,0.544
"9606.ENSP00000260247","9606.ENSP00000436649","DCUN1D5","SAC3D1",9606,0.412,0,0,0,0.075,0.391,0,0
"9606.ENSP00000260247","9606.ENSP00000264639","DCUN1D5","PSMD3",9606,0.421,0,0,0,0.075,0,0.4,0
"9606.ENSP00000260247","9606.ENSP00000478877","DCUN1D5","ADRM1",9606,0.458,0,0,0,0.135,0,0.4,0
"9606.ENSP00000260247","9606.ENSP00000355325","DCUN1D5","PSMB5",9606,0.493,0,0,0,0.191,0,0.4,0
"9606.ENSP00000260247","9606.ENSP00000264515","DCUN1D5","RBBP5",9606,0.517,0,0,0,0.075,0,0.5,0
"9606.ENSP00000260247","9606.ENSP00000394331","DCUN1D5","COMMD5",9606,0.517,0,0,0,0.075,0,0.5,0
"9606.ENSP00000260247","9606.ENSP00000377245","DCUN1D5","KEAP1",9606,0.53,0,0,0,0.079,0,0.5,0.063
"9606.ENSP00000260247","9606.ENSP00000483236","DCUN1D5","DCAF7",9606,0.533,0,0,0,0.066,0,0.5,0.082
"9606.ENSP00000260247","9606.ENSP00000298288","DCUN1D5","LRR1",9606,0.535,0,0,0,0.096,0.045,0.5,0.051
"9606.ENSP00000260247","9606.ENSP00000273480","DCUN1D5","RNF7",9606,0.614,0,0,0,0.075,0.457,0,0.294
"9606.ENSP00000260247","9606.ENSP00000301764","DCUN1D5","DDB1",9606,0.727,0,0,0,0.065,0.457,0.5,0.053
"9606.ENSP00000261015","9606.ENSP00000483254","WDR12","HNRNPDL",9606,0.428,0,0,0,0.145,0.33,0,0.082
"9606.ENSP00000261015","9606.ENSP00000271139","WDR12","MOB3C",9606,0.464,0,0,0,0,0.457,0,0.054
"9606.ENSP00000261015","9606.ENSP00000361433","WDR12","EXOSC2",9606,0.504,0,0,0,0.481,0,0,0.085
"9606.ENSP00000261015","9606.ENSP00000493218","WDR12","MFSD8",9606,0.507,0,0,0,0.07,0,0,0.492
"9606.ENSP00000261015","9606.ENSP00000398882","WDR12","DOHH",9606,0.515,0,0,0,0.515,0,0,0
"9606.ENSP00000261015","9606.ENSP00000452123","WDR12","SRSF5",9606,0.566,0,0,0,0.075,0.547,0,0.049
"9606.ENSP00000261015","9606.ENSP00000263857","WDR12","POLR1A",9606,0.633,0,0,0,0.515,0,0,0.275
"9606.ENSP00000261015","9606.ENSP00000497641","WDR12","EIF4A3",9606,0.686,0,0,0,0.493,0.131,0,0.346
"9606.ENSP00000261015","9606.ENSP00000395590","WDR12","IFI35",9606,0.747,0,0,0,0.095,0.715,0,0.1
"9606.ENSP00000261015","9606.ENSP00000268802","WDR12","NOB1",9606,0.782,0,0,0,0.703,0,0,0.297
"9606.ENSP00000261015","9606.ENSP00000350698","WDR12","DDX47",9606,0.935,0,0,0,0.831,0.173,0.5,0.192
"9606.ENSP00000261015","9606.ENSP00000328854","WDR12","NOC4L",9606,0.936,0,0,0,0.854,0.098,0.54,0.079
"9606.ENSP00000261015","9606.ENSP00000496250","WDR12","RPL11",9606,0.937,0,0,0,0.132,0.793,0.5,0.382
"9606.ENSP00000261015","9606.ENSP00000470560","WDR12","EMG1",9606,0.957,0,0,0,0.877,0,0.5,0.359
"9606.ENSP00000261015","9606.ENSP00000358812","WDR12","PDCD11",9606,0.959,0,0,0,0.649,0.427,0.5,0.649
"9606.ENSP00000261015","9606.ENSP00000326981","WDR12","IMP3",9606,0.989,0,0,0,0.881,0.183,0.9,0.076
"9606.ENSP00000261015","9606.ENSP00000264279","WDR12","NOP58",9606,0.995,0,0,0,0.887,0.83,0.5,0.575
"9606.ENSP00000261507","9606.ENSP00000308430","MSMO1","CYB5B",9606,0.589,0,0,0,0.298,0.266,0,0.268
"9606.ENSP00000261507","9606.ENSP00000360316","MSMO1","DHCR24",9606,0.985,0,0,0,0.405,0,0.906,0.764
"9606.ENSP00000261507","9606.ENSP00000359297","MSMO1","NSDHL",9606,0.994,0,0,0,0.573,0.33,0.917,0.779
"9606.ENSP00000261523","9606.ENSP00000301764","RORA","DDB1",9606,0.49,0,0,0,0,0.457,0,0.101
"9606.ENSP00000261523","9606.ENSP00000365380","RORA","FOXP3",9606,0.672,0,0,0,0,0.458,0,0.421
"9606.ENSP00000261593","9606.ENSP00000380256","RNF138","CCNF",9606,0.468,0,0,0,0,0.457,0,0.061
"9606.ENSP00000261593","9606.ENSP00000362592","RNF138","RBBP4",9606,0.478,0,0,0,0.075,0.459,0,0
"9606.ENSP00000261593","9606.ENSP00000269305","RNF138","TP53",9606,0.515,0,0,0,0,0.457,0,0.145
"9606.ENSP00000261739","9606.ENSP00000295317","ANKRD13A","RNF149",9606,0.476,0,0,0,0.075,0.457,0,0
"9606.ENSP00000261739","9606.ENSP00000299138","ANKRD13A","VPS35",9606,0.485,0,0,0,0.081,0.456,0,0.054
"9606.ENSP00000261842","9606.ENSP00000414147","AP4E1","SPART",9606,0.422,0,0,0,0,0,0,0.422
"9606.ENSP00000261842","9606.ENSP00000479542","AP4E1","KIZ",9606,0.439,0,0,0,0.066,0.045,0,0.422
"9606.ENSP00000261842","9606.ENSP00000376103","AP4E1","C19orf12",9606,0.475,0,0,0,0.075,0,0,0.456
"9606.ENSP00000261842","9606.ENSP00000393840","AP4E1","BLOC1S3",9606,0.5,0,0,0,0,0,0.5,0
"9606.ENSP00000261842","9606.ENSP00000380352","AP4E1","DDHD2",9606,0.507,0,0,0,0.099,0.068,0,0.461
"9606.ENSP00000261842","9606.ENSP00000437125","AP4E1","HSPA8",9606,0.515,0,0,0,0,0.064,0.5,0.048
"9606.ENSP00000261842","9606.ENSP00000357336","AP4E1","RUSC1",9606,0.543,0,0,0,0,0.045,0,0.542
"9606.ENSP00000261842","9606.ENSP00000386710","AP4E1","ATG9A",9606,0.671,0,0,0,0.096,0,0,0.651
"9606.ENSP00000261842","9606.ENSP00000483185","AP4E1","AP2B1",9606,0.816,0,0,0,0,0,0.72,0.371
"9606.ENSP00000261842","9606.ENSP00000403663","AP4E1","AP4M1",9606,0.999,0,0,0,0.26,0.998,0.9,0.968
"9606.ENSP00000261858","9606.ENSP00000307297","GLCE","CHST14",9606,0.41,0,0,0,0.075,0,0,0.389
"9606.ENSP00000261858","9606.ENSP00000264039","GLCE","GPC1",9606,0.671,0,0,0,0.075,0.07,0.4,0.439
"9606.ENSP00000262213","9606.ENSP00000380256","TRAM1","CCNF",9606,0.457,0,0,0,0,0.457,0,0
"9606.ENSP00000262213","9606.ENSP00000295317","TRAM1","RNF149",9606,0.475,0,0,0,0.074,0.457,0,0
"9606.ENSP00000262291","9606.ENSP00000354733","VMP1","SBNO2",9606,0.425,0,0,0,0.075,0,0,0.404
"9606.ENSP00000262291","9606.ENSP00000380256","VMP1","CCNF",9606,0.458,0,0,0,0,0.457,0,0.043
"9606.ENSP00000262291","9606.ENSP00000375873","VMP1","ATG16L1",9606,0.498,0,0,0,0,0,0,0.498
"9606.ENSP00000262291","9606.ENSP00000386710","VMP1","ATG9A",9606,0.579,0,0,0,0.067,0,0,0.568
"9606.ENSP00000262291","9606.ENSP00000338990","VMP1","ATG101",9606,0.641,0,0,0,0.069,0,0,0.631
"9606.ENSP00000262374","9606.ENSP00000358812","ALG1","PDCD11",9606,0.401,0,0,0,0.075,0,0,0.38
"9606.ENSP00000262374","9606.ENSP00000313318","ALG1","SLC35C1",9606,0.417,0,0,0,0.114,0,0,0.369
"9606.ENSP00000262374","9606.ENSP00000295317","ALG1","RNF149",9606,0.458,0,0,0,0,0.457,0,0.043
"9606.ENSP00000262374","9606.ENSP00000380256","ALG1","CCNF",9606,0.473,0,0,0,0.07,0.457,0,0
"9606.ENSP00000262374","9606.ENSP00000376472","ALG1","STT3A",9606,0.554,0.061,0,0,0.15,0.045,0,0.485
"9606.ENSP00000262374","9606.ENSP00000350949","ALG1","GMPPA",9606,0.907,0.057,0,0,0.232,0.073,0.843,0.259
"9606.ENSP00000262430","9606.ENSP00000323867","MLYCD","PRKAG1",9606,0.908,0,0,0,0.075,0,0.9,0.094
"9606.ENSP00000262482","9606.ENSP00000316176","RNF167","UBE2N",9606,0.7,0,0,0,0.075,0.508,0,0.395
"9606.ENSP00000262613","9606.ENSP00000264039","SLC9A3R1","GPC1",9606,0.475,0,0,0,0.06,0.457,0,0.055
"9606.ENSP00000262613","9606.ENSP00000289968","SLC9A3R1","ARHGAP17",9606,0.669,0,0,0,0.055,0.599,0,0.198
"9606.ENSP00000263063","9606.ENSP00000380256","MTPAP","CCNF",9606,0.476,0,0,0,0.054,0.457,0,0.063
"9606.ENSP00000263063","9606.ENSP00000400646","MTPAP","PNPT1",9606,0.711,0,0,0,0.144,0,0,0.677
"9606.ENSP00000263256","9606.ENSP00000382508","DESI1","CDIP1",9606,0.839,0,0,0,0,0.839,0,0
"9606.ENSP00000263256","9606.ENSP00000355325","DESI1","PSMB5",9606,0.999,0,0,0,0.084,0.999,0,0
"9606.ENSP00000263773","9606.ENSP00000383059","FNBP4","ARGLU1",9606,0.43,0,0,0,0.428,0,0,0.045
"9606.ENSP00000263773","9606.ENSP00000413625","FNBP4","FNBP1",9606,0.556,0,0,0,0.106,0,0,0.524
"9606.ENSP00000263773","9606.ENSP00000335321","FNBP4","SF3B1",9606,0.566,0,0,0,0.473,0.212,0,0
"9606.ENSP00000263773","9606.ENSP00000318374","FNBP4","LENG8",9606,0.59,0,0,0,0.181,0,0,0.52
"9606.ENSP00000263773","9606.ENSP00000296702","FNBP4","TCERG1",9606,0.619,0,0,0,0.312,0,0,0.469
"9606.ENSP00000263773","9606.ENSP00000496842","FNBP4","PNISR",9606,0.715,0,0,0,0.713,0,0,0.049
"9606.ENSP00000263857","9606.ENSP00000328484","POLR1A","H2AC14",9606,0.421,0,0,0,0,0.075,0.4,0
"9606.ENSP00000263857","9606.ENSP00000321636","POLR1A","TOP3A",9606,0.427,0.042,0,0,0.215,0.209,0,0.151
"9606.ENSP00000263857","9606.ENSP00000332194","POLR1A","H2AC20",9606,0.456,0,0,0,0,0.075,0.4,0.1
"9606.ENSP00000263857","9606.ENSP00000483903","POLR1A","H2BC15",9606,0.463,0,0,0,0,0.114,0.4,0.072
"9606.ENSP00000263857","9606.ENSP00000360850","POLR1A","MRPS2",9606,0.478,0.061,0,0,0.305,0.196,0,0.123
"9606.ENSP00000263857","9606.ENSP00000362027","POLR1A","TRMT2B",9606,0.517,0,0,0,0.5,0,0,0.074
"9606.ENSP00000263857","9606.ENSP00000306788","POLR1A","ARL6IP1",9606,0.527,0.061,0,0,0.398,0.177,0,0.105
"9606.ENSP00000263857","9606.ENSP00000371253","POLR1A","GART",9606,0.544,0,0,0,0.296,0.071,0,0.359
"9606.ENSP00000263857","9606.ENSP00000400646","POLR1A","PNPT1",9606,0.598,0.046,0,0,0.46,0,0,0.284
"9606.ENSP00000263857","9606.ENSP00000494750","POLR1A","ACTB",9606,0.604,0,0,0,0.082,0.045,0.5,0.204
"9606.ENSP00000263857","9606.ENSP00000335321","POLR1A","SF3B1",9606,0.612,0,0,0,0.238,0,0.5,0.065
"9606.ENSP00000263857","9606.ENSP00000328854","POLR1A","NOC4L",9606,0.686,0,0,0,0.686,0,0,0
"9606.ENSP00000263857","9606.ENSP00000293860","POLR1A","POLR3K",9606,0.717,0,0,0,0.184,0.533,0,0.318
"9606.ENSP00000263857","9606.ENSP00000326981","POLR1A","IMP3",9606,0.733,0.111,0,0,0.554,0.3,0,0.152
"9606.ENSP00000263857","9606.ENSP00000410409","POLR1A","TAF1D",9606,0.745,0,0,0,0.075,0.165,0.5,0.418
"9606.ENSP00000263857","9606.ENSP00000268802","POLR1A","NOB1",9606,0.838,0,0,0,0.817,0,0,0.154
"9606.ENSP00000263857","9606.ENSP00000496250","POLR1A","RPL11",9606,0.909,0.12,0,0,0.743,0.214,0,0.551
"9606.ENSP00000263857","9606.ENSP00000264279","POLR1A","NOP58",9606,0.974,0,0,0,0.766,0.85,0,0.333
"9606.ENSP00000263857","9606.ENSP00000358812","POLR1A","PDCD11",9606,0.975,0,0,0,0.937,0.526,0,0.239
"9606.ENSP00000264039","9606.ENSP00000335632","GPC1","CHP1",9606,0.456,0,0,0,0,0.456,0,0
"9606.ENSP00000264039","9606.ENSP00000363162","GPC1","ATP6V1G1",9606,0.456,0,0,0,0,0.456,0,0
"9606.ENSP00000264039","9606.ENSP00000463393","GPC1","SEC22B",9606,0.456,0,0,0,0,0.456,0,0
"9606.ENSP00000264039","9606.ENSP00000316042","GPC1","HNRNPA0",9606,0.457,0,0,0,0,0.457,0,0
"9606.ENSP00000264039","9606.ENSP00000376276","GPC1","SRSF2",9606,0.457,0,0,0,0,0.457,0,0
"9606.ENSP00000264039","9606.ENSP00000392270","GPC1","STRAP",9606,0.457,0,0,0,0,0.457,0,0
"9606.ENSP00000264039","9606.ENSP00000496250","GPC1","RPL11",9606,0.457,0,0,0,0,0.457,0,0
"9606.ENSP00000264039","9606.ENSP00000359297","GPC1","NSDHL",9606,0.46,0,0,0,0,0.456,0,0.049
"9606.ENSP00000264039","9606.ENSP00000364935","GPC1","CLIC1",9606,0.46,0,0,0,0,0.457,0,0.048
"9606.ENSP00000264039","9606.ENSP00000290949","GPC1","ATP6V0D1",9606,0.463,0,0,0,0,0.456,0,0.054
"9606.ENSP00000264039","9606.ENSP00000361883","GPC1","CAP1",9606,0.463,0,0,0,0,0.457,0,0.053
"9606.ENSP00000264039","9606.ENSP00000367196","GPC1","GLIPR2",9606,0.469,0,0,0,0,0.456,0,0.065
"9606.ENSP00000264039","9606.ENSP00000378483","GPC1","RGS19",9606,0.469,0,0,0,0,0.456,0,0.064
"9606.ENSP00000264039","9606.ENSP00000310226","GPC1","RAB1B",9606,0.474,0,0,0,0.061,0.456,0,0.054
"9606.ENSP00000264039","9606.ENSP00000469240","GPC1","CHMP2A",9606,0.478,0,0,0,0.075,0.456,0,0.047
"9606.ENSP00000264039","9606.ENSP00000286548","GPC1","GNAQ",9606,0.479,0,0,0,0.075,0.456,0,0.049
"9606.ENSP00000264039","9606.ENSP00000369899","GPC1","RRAGA",9606,0.482,0,0,0,0.075,0.456,0,0.055
"9606.ENSP00000264039","9606.ENSP00000444408","GPC1","SLC1A5",9606,0.482,0,0,0,0.072,0.456,0,0.057
"9606.ENSP00000264039","9606.ENSP00000271638","GPC1","S100A11",9606,0.495,0,0,0,0.068,0.457,0,0.084
"9606.ENSP00000264039","9606.ENSP00000305260","GPC1","GNB2",9606,0.502,0,0,0,0.075,0.456,0,0.091
"9606.ENSP00000264039","9606.ENSP00000351646","GPC1","STIP1",9606,0.508,0,0,0,0.067,0.457,0,0.107
"9606.ENSP00000264039","9606.ENSP00000360141","GPC1","GNAS",9606,0.511,0,0,0,0.075,0.456,0,0.107
"9606.ENSP00000264039","9606.ENSP00000447730","GPC1","CD63",9606,0.539,0,0,0,0,0,0,0.539
"9606.ENSP00000264039","9606.ENSP00000264335","GPC1","YWHAE",9606,0.809,0,0,0,0,0.802,0,0.076
"9606.ENSP00000264279","9606.ENSP00000325905","NOP58","SRSF7",9606,0.436,0,0,0,0.31,0,0,0.217
"9606.ENSP00000264279","9606.ENSP00000377958","NOP58","CCT4",9606,0.439,0,0,0,0.411,0,0,0.087
"9606.ENSP00000264279","9606.ENSP00000398882","NOP58","DOHH",9606,0.44,0,0,0,0.298,0,0,0.235
"9606.ENSP00000264279","9606.ENSP00000425031","NOP58","HNRNPAB",9606,0.467,0,0,0,0.25,0.077,0,0.293
"9606.ENSP00000264279","9606.ENSP00000410769","NOP58","CNBP",9606,0.476,0,0,0,0.273,0.159,0,0.213
"9606.ENSP00000264279","9606.ENSP00000435210","NOP58","BCLAF1",9606,0.48,0,0,0,0.305,0,0,0.283
"9606.ENSP00000264279","9606.ENSP00000280326","NOP58","CCT5",9606,0.494,0,0,0,0.473,0,0,0.08
"9606.ENSP00000264279","9606.ENSP00000416269","NOP58","DDX39B",9606,0.523,0.057,0,0,0.283,0.194,0,0.229
"9606.ENSP00000264279","9606.ENSP00000335321","NOP58","SF3B1",9606,0.527,0,0,0,0.199,0.228,0,0.297
"9606.ENSP00000264279","9606.ENSP00000313007","NOP58","PABPC1",9606,0.546,0,0,0,0.281,0.287,0,0.186
"9606.ENSP00000264279","9606.ENSP00000297613","NOP58","RPP25L",9606,0.565,0,0,0,0.07,0,0.54,0.065
"9606.ENSP00000264279","9606.ENSP00000346483","NOP58","DDRGK1",9606,0.593,0,0,0,0.07,0.581,0,0
"9606.ENSP00000264279","9606.ENSP00000306788","NOP58","ARL6IP1",9606,0.618,0.077,0,0,0.118,0.563,0,0.055
"9606.ENSP00000264279","9606.ENSP00000305790","NOP58","SF3B3",9606,0.653,0,0,0,0.474,0,0,0.368
"9606.ENSP00000264279","9606.ENSP00000496250","NOP58","RPL11",9606,0.657,0.142,0,0,0.234,0.328,0,0.317
"9606.ENSP00000264279","9606.ENSP00000268802","NOP58","NOB1",9606,0.689,0,0,0,0.574,0,0,0.302
"9606.ENSP00000264279","9606.ENSP00000497641","NOP58","EIF4A3",9606,0.712,0.057,0,0,0.392,0.194,0,0.452
"9606.ENSP00000264279","9606.ENSP00000315476","NOP58","EXOSC4",9606,0.748,0,0,0,0.209,0.406,0.4,0.214
"9606.ENSP00000264279","9606.ENSP00000361433","NOP58","EXOSC2",9606,0.749,0,0,0,0.278,0.406,0.4,0.142
"9606.ENSP00000264279","9606.ENSP00000292586","NOP58","MRNIP",9606,0.799,0,0,0,0.188,0.751,0,0.089
"9606.ENSP00000264279","9606.ENSP00000380256","NOP58","CCNF",9606,0.802,0,0,0,0,0.802,0,0
"9606.ENSP00000264279","9606.ENSP00000304353","NOP58","POP7",9606,0.904,0,0,0,0.078,0,0.9,0.052
"9606.ENSP00000264279","9606.ENSP00000350698","NOP58","DDX47",9606,0.928,0.057,0,0,0.737,0.673,0,0.224
"9606.ENSP00000264279","9606.ENSP00000326981","NOP58","IMP3",9606,0.98,0,0,0,0.315,0.971,0,0.114
"9606.ENSP00000264279","9606.ENSP00000358812","NOP58","PDCD11",9606,0.982,0,0,0,0.759,0.867,0,0.507
"9606.ENSP00000264279","9606.ENSP00000328854","NOP58","NOC4L",9606,0.989,0,0,0,0.463,0.974,0,0.281
"9606.ENSP00000264279","9606.ENSP00000470560","NOP58","EMG1",9606,0.996,0,0,0,0.705,0.971,0,0.591
"9606.ENSP00000264335","9606.ENSP00000496250","YWHAE","RPL11",9606,0.413,0,0,0,0.295,0.067,0,0.18
"9606.ENSP00000264335","9606.ENSP00000433760","YWHAE","BANF1",9606,0.419,0,0,0,0.364,0,0,0.124
"9606.ENSP00000264335","9606.ENSP00000466718","YWHAE","LSM12",9606,0.425,0,0,0,0.15,0.352,0,0
"9606.ENSP00000264335","9606.ENSP00000313007","YWHAE","PABPC1",9606,0.427,0,0,0,0.191,0.123,0,0.258
"9606.ENSP00000264335","9606.ENSP00000280326","YWHAE","CCT5",9606,0.439,0,0,0,0.33,0.069,0,0.173
"9606.ENSP00000264335","9606.ENSP00000271139","YWHAE","MOB3C",9606,0.458,0,0,0,0.044,0.457,0,0
"9606.ENSP00000264335","9606.ENSP00000310623","YWHAE","ISCU",9606,0.477,0,0,0,0.098,0.407,0,0.102
"9606.ENSP00000264335","9606.ENSP00000414109","YWHAE","HJURP",9606,0.491,0,0,0,0.07,0.476,0,0
"9606.ENSP00000264335","9606.ENSP00000386710","YWHAE","ATG9A",9606,0.492,0,0,0,0.071,0.476,0,0
"9606.ENSP00000264335","9606.ENSP00000362166","YWHAE","MEAF6",9606,0.499,0,0,0,0.09,0.046,0,0.47
"9606.ENSP00000264335","9606.ENSP00000380878","YWHAE","PPP3CC",9606,0.512,0,0,0,0.044,0.111,0.4,0.156
"9606.ENSP00000264335","9606.ENSP00000336799","YWHAE","TUBA1B",9606,0.523,0,0,0,0.344,0.062,0,0.288
"9606.ENSP00000264335","9606.ENSP00000312664","YWHAE","CASP2",9606,0.535,0,0,0,0.069,0,0.5,0.082
"9606.ENSP00000264335","9606.ENSP00000458162","YWHAE","ACTG1",9606,0.536,0,0,0,0.334,0.046,0,0.329
"9606.ENSP00000264335","9606.ENSP00000341289","YWHAE","TUBB4B",9606,0.544,0,0,0,0.324,0.091,0,0.318
"9606.ENSP00000264335","9606.ENSP00000339001","YWHAE","TUBB",9606,0.546,0,0,0,0.326,0.091,0,0.319
"9606.ENSP00000264335","9606.ENSP00000478877","YWHAE","ADRM1",9606,0.561,0,0,0,0.075,0.545,0,0
"9606.ENSP00000264335","9606.ENSP00000443475","YWHAE","TUBA1C",9606,0.573,0,0,0,0.305,0.062,0,0.399
"9606.ENSP00000264335","9606.ENSP00000380256","YWHAE","CCNF",9606,0.6,0,0,0,0.058,0.566,0,0.102
"9606.ENSP00000264335","9606.ENSP00000495530","YWHAE","ENO1",9606,0.613,0,0,0,0.378,0.106,0,0.361
"9606.ENSP00000264335","9606.ENSP00000296511","YWHAE","ANXA5",9606,0.627,0,0,0,0.518,0.075,0,0.231
"9606.ENSP00000264335","9606.ENSP00000437125","YWHAE","HSPA8",9606,0.662,0,0,0,0.306,0.22,0,0.427
"9606.ENSP00000264335","9606.ENSP00000494750","YWHAE","ACTB",9606,0.669,0,0,0,0.295,0.336,0,0.351
"9606.ENSP00000264335","9606.ENSP00000349168","YWHAE","HNRNPH1",9606,0.696,0,0,0,0.402,0.457,0,0.141
"9606.ENSP00000264335","9606.ENSP00000369538","YWHAE","GDI2",9606,0.728,0,0,0,0.314,0,0.5,0.273
"9606.ENSP00000264335","9606.ENSP00000380070","YWHAE","GAPDH",9606,0.88,0,0,0,0.485,0.645,0,0.399
"9606.ENSP00000264335","9606.ENSP00000269305","YWHAE","TP53",9606,0.939,0,0,0,0.214,0.791,0.5,0.347
"9606.ENSP00000264515","9606.ENSP00000394331","RBBP5","COMMD5",9606,0.517,0,0,0,0.075,0,0.5,0
"9606.ENSP00000264515","9606.ENSP00000483236","RBBP5","DCAF7",9606,0.526,0,0,0,0.092,0,0.5,0
"9606.ENSP00000264515","9606.ENSP00000301764","RBBP5","DDB1",9606,0.75,0,0,0,0.075,0.374,0.5,0.24
"9606.ENSP00000264515","9606.ENSP00000362592","RBBP5","RBBP4",9606,0.756,0,0,0,0.078,0.122,0.5,0.47
"9606.ENSP00000264515","9606.ENSP00000366679","RBBP5","H2AC12",9606,0.8,0,0,0,0,0.8,0,0
"9606.ENSP00000264515","9606.ENSP00000328484","RBBP5","H2AC14",9606,0.895,0,0,0,0,0.8,0.5,0
"9606.ENSP00000264515","9606.ENSP00000367034","RBBP5","H4C3",9606,0.902,0,0,0,0,0.9,0,0.068
"9606.ENSP00000264515","9606.ENSP00000332194","RBBP5","H2AC20",9606,0.926,0,0,0,0,0.8,0.5,0.323
"9606.ENSP00000264515","9606.ENSP00000362824","RBBP5","OGT",9606,0.946,0,0,0,0.075,0.929,0,0.248
"9606.ENSP00000264515","9606.ENSP00000483903","RBBP5","H2BC15",9606,0.954,0,0,0,0,0.9,0.5,0.16
"9606.ENSP00000264515","9606.ENSP00000269305","RBBP5","TP53",9606,0.985,0,0,0,0.07,0.98,0,0.29
"9606.ENSP00000264538","9606.ENSP00000287600","IFT57","PDE6D",9606,0.422,0,0,0,0.064,0,0,0.408
"9606.ENSP00000264538","9606.ENSP00000380070","IFT57","GAPDH",9606,0.442,0,0,0,0,0,0,0.442
"9606.ENSP00000264538","9606.ENSP00000384290","IFT57","WDR60",9606,0.453,0,0,0,0.091,0,0,0.423
"9606.ENSP00000264538","9606.ENSP00000361800","IFT57","WDR34",9606,0.547,0,0,0,0.113,0,0,0.511
"9606.ENSP00000264538","9606.ENSP00000268383","IFT57","CDR2",9606,0.592,0,0,0,0,0.592,0,0
"9606.ENSP00000264538","9606.ENSP00000362424","IFT57","TRAF3IP1",9606,0.999,0,0,0,0.095,0.999,0.9,0.813
"9606.ENSP00000264538","9606.ENSP00000393541","IFT57","IFT27",9606,0.999,0,0,0,0.094,0.987,0.9,0.773
"9606.ENSP00000264639","9606.ENSP00000365435","PSMD3","TNFRSF1B",9606,0.4,0,0,0,0,0,0.4,0
"9606.ENSP00000264639","9606.ENSP00000415430","PSMD3","GTSE1",9606,0.41,0,0,0,0.058,0,0.4,0
"9606.ENSP00000264639","9606.ENSP00000394331","PSMD3","COMMD5",9606,0.421,0,0,0,0.075,0,0.4,0
"9606.ENSP00000264639","9606.ENSP00000377958","PSMD3","CCT4",9606,0.43,0,0,0,0.393,0.054,0,0.088
"9606.ENSP00000264639","9606.ENSP00000398698","PSMD3","TNF",9606,0.455,0,0,0,0.086,0,0.4,0.087
"9606.ENSP00000264639","9606.ENSP00000271139","PSMD3","MOB3C",9606,0.457,0,0,0,0,0.457,0,0
"9606.ENSP00000264639","9606.ENSP00000280326","PSMD3","CCT5",9606,0.492,0,0,0,0.288,0.054,0,0.307
"9606.ENSP00000264639","9606.ENSP00000269305","PSMD3","TP53",9606,0.505,0,0,0,0.058,0,0.4,0.196
"9606.ENSP00000264639","9606.ENSP00000351314","PSMD3","PSMB10",9606,0.531,0,0,0,0.154,0,0,0.469
"9606.ENSP00000264639","9606.ENSP00000377245","PSMD3","KEAP1",9606,0.562,0,0,0,0.105,0,0.5,0.101
"9606.ENSP00000264639","9606.ENSP00000462998","PSMD3","MIEN1",9606,0.607,0,0,0,0.388,0,0,0.385
"9606.ENSP00000264639","9606.ENSP00000380256","PSMD3","CCNF",9606,0.815,0,0,0,0.106,0.802,0,0
"9606.ENSP00000264639","9606.ENSP00000364016","PSMD3","PSMB8",9606,0.942,0,0,0,0.308,0.844,0,0.507
"9606.ENSP00000264639","9606.ENSP00000363993","PSMD3","PSMB9",9606,0.993,0,0,0,0.403,0.983,0,0.404
"9606.ENSP00000264639","9606.ENSP00000355325","PSMD3","PSMB5",9606,0.999,0,0,0,0.369,0.998,0.5,0.532
"9606.ENSP00000264639","9606.ENSP00000478877","PSMD3","ADRM1",9606,0.999,0,0,0,0.571,0.999,0.9,0.793
"9606.ENSP00000264645","9606.ENSP00000313007","CASC3","PABPC1",9606,0.472,0,0,0,0,0.211,0,0.359
"9606.ENSP00000264645","9606.ENSP00000271628","CASC3","SF3B4",9606,0.524,0,0,0,0.06,0,0.5,0.069
"9606.ENSP00000264645","9606.ENSP00000335321","CASC3","SF3B1",9606,0.526,0,0,0,0.071,0,0.5,0.063
"9606.ENSP00000264645","9606.ENSP00000452123","CASC3","SRSF5",9606,0.55,0,0,0,0.103,0.073,0.5,0.047
"9606.ENSP00000264645","9606.ENSP00000379181","CASC3","RAE1",9606,0.577,0,0,0,0.075,0,0.5,0.16
"9606.ENSP00000264645","9606.ENSP00000305790","CASC3","SF3B3",9606,0.604,0,0,0,0.174,0,0.5,0.119
"9606.ENSP00000264645","9606.ENSP00000325905","CASC3","SRSF7",9606,0.611,0,0,0,0.066,0.108,0.5,0.177
"9606.ENSP00000264645","9606.ENSP00000376276","CASC3","SRSF2",9606,0.675,0,0,0,0.109,0,0.5,0.331
"9606.ENSP00000264645","9606.ENSP00000416269","CASC3","DDX39B",9606,0.72,0,0,0,0.103,0,0.5,0.427
"9606.ENSP00000264645","9606.ENSP00000466718","CASC3","LSM12",9606,0.833,0,0,0,0.075,0.81,0,0.127
"9606.ENSP00000264645","9606.ENSP00000364448","CASC3","UPF3A",9606,0.999,0,0,0,0.075,0.999,0.9,0.663
"9606.ENSP00000264645","9606.ENSP00000497641","CASC3","EIF4A3",9606,0.999,0,0,0,0.075,0.999,0.9,0.959
"9606.ENSP00000264968","9606.ENSP00000332073","MGAT4A","MGAT1",9606,0.567,0,0,0,0,0,0,0.567
"9606.ENSP00000265395","9606.ENSP00000362166","HIBADH","MEAF6",9606,0.401,0,0,0,0,0.323,0,0.152
"9606.ENSP00000265395","9606.ENSP00000371253","HIBADH","GART",9606,0.404,0.11,0,0,0,0,0,0.358
"9606.ENSP00000265866","9606.ENSP00000377958","HNRNPH3","CCT4",9606,0.462,0,0,0,0.347,0.045,0,0.207
"9606.ENSP00000265866","9606.ENSP00000452123","HNRNPH3","SRSF5",9606,0.474,0,0,0,0.199,0,0,0.371
"9606.ENSP00000265866","9606.ENSP00000496842","HNRNPH3","PNISR",9606,0.475,0,0,0,0.272,0,0,0.309
"9606.ENSP00000265866","9606.ENSP00000335321","HNRNPH3","SF3B1",9606,0.483,0,0,0,0.241,0.236,0,0.181
"9606.ENSP00000265866","9606.ENSP00000497641","HNRNPH3","EIF4A3",9606,0.496,0,0,0,0.417,0,0,0.172
"9606.ENSP00000265866","9606.ENSP00000479904","HNRNPH3","ZMYM2",9606,0.507,0,0,0,0.1,0.456,0,0.074
"9606.ENSP00000265866","9606.ENSP00000410769","HNRNPH3","CNBP",9606,0.522,0,0,0,0.245,0.191,0,0.281
"9606.ENSP00000265866","9606.ENSP00000296702","HNRNPH3","TCERG1",9606,0.531,0,0,0,0.169,0,0,0.459
"9606.ENSP00000265866","9606.ENSP00000280326","HNRNPH3","CCT5",9606,0.541,0,0,0,0.466,0.046,0,0.172
"9606.ENSP00000265866","9606.ENSP00000358089","HNRNPH3","TIAL1",9606,0.577,0,0,0,0.302,0.073,0,0.399
"9606.ENSP00000265866","9606.ENSP00000376276","HNRNPH3","SRSF2",9606,0.577,0,0,0,0.288,0.049,0,0.426
"9606.ENSP00000265866","9606.ENSP00000325905","HNRNPH3","SRSF7",9606,0.705,0,0,0,0.502,0,0,0.432
"9606.ENSP00000265866","9606.ENSP00000416269","HNRNPH3","DDX39B",9606,0.719,0,0,0,0.677,0,0,0.166
"9606.ENSP00000265866","9606.ENSP00000425031","HNRNPH3","HNRNPAB",9606,0.731,0,0,0,0.426,0,0,0.552
"9606.ENSP00000265866","9606.ENSP00000380256","HNRNPH3","CCNF",9606,0.802,0,0,0,0,0.802,0,0
"9606.ENSP00000265866","9606.ENSP00000316042","HNRNPH3","HNRNPA0",9606,0.953,0,0,0,0.574,0.799,0,0.497
"9606.ENSP00000265866","9606.ENSP00000483254","HNRNPH3","HNRNPDL",9606,0.991,0,0,0,0.584,0.95,0,0.627
"9606.ENSP00000265866","9606.ENSP00000349168","HNRNPH3","HNRNPH1",9606,0.999,0,0,0.062,0.679,0.999,0,0.101
"9606.ENSP00000265981","9606.ENSP00000295704","RNF141","RNF25",9606,0.435,0,0,0,0,0,0,0.435
"9606.ENSP00000265990","9606.ENSP00000387007","BTAF1","NCAPG2",9606,0.439,0,0,0,0.095,0,0,0.406
"9606.ENSP00000265990","9606.ENSP00000497641","BTAF1","EIF4A3",9606,0.508,0,0,0,0.073,0.492,0,0
"9606.ENSP00000265990","9606.ENSP00000439479","BTAF1","DMXL1",9606,0.58,0,0,0,0.33,0,0,0.4
"9606.ENSP00000265990","9606.ENSP00000496842","BTAF1","PNISR",9606,0.588,0,0,0,0.224,0.179,0,0.406
"9606.ENSP00000266126","9606.ENSP00000358812","EIF2B2","PDCD11",9606,0.426,0.114,0,0,0.379,0,0,0
"9606.ENSP00000266126","9606.ENSP00000308193","EIF2B2","RNASEH2C",9606,0.429,0,0,0,0.07,0,0,0.412
"9606.ENSP00000266126","9606.ENSP00000379038","EIF2B2","TYMP",9606,0.595,0.115,0,0,0,0,0.493,0.17
"9606.ENSP00000266126","9606.ENSP00000495530","EIF2B2","ENO1",9606,0.637,0,0,0,0.092,0.617,0,0
"9606.ENSP00000266126","9606.ENSP00000438399","EIF2B2","IST1",9606,0.818,0,0,0,0,0.818,0,0
"9606.ENSP00000266126","9606.ENSP00000482753","EIF2B2","C9orf72",9606,0.978,0,0,0,0,0.923,0.72,0.069
"9606.ENSP00000266126","9606.ENSP00000429323","EIF2B2","EIF2B4",9606,0.999,0,0,0.172,0.321,0.999,0.9,0.651
"9606.ENSP00000267082","9606.ENSP00000458162","ITGB7","ACTG1",9606,0.907,0,0,0,0,0.068,0.9,0.092
"9606.ENSP00000267082","9606.ENSP00000494750","ITGB7","ACTB",9606,0.919,0,0,0,0.06,0.068,0.9,0.193
"9606.ENSP00000267415","9606.ENSP00000309749","TINF2","APOBEC3F",9606,0.415,0,0,0,0,0.415,0,0
"9606.ENSP00000267415","9606.ENSP00000367910","TINF2","FANCG",9606,0.421,0,0,0,0.107,0,0,0.379
"9606.ENSP00000267415","9606.ENSP00000325240","TINF2","LASP1",9606,0.432,0,0,0,0.07,0.415,0,0
"9606.ENSP00000267415","9606.ENSP00000358939","TINF2","SARS1",9606,0.432,0,0,0,0.07,0.415,0,0
"9606.ENSP00000267415","9606.ENSP00000341289","TINF2","TUBB4B",9606,0.444,0,0,0,0.063,0.431,0,0
"9606.ENSP00000267415","9606.ENSP00000269305","TINF2","TP53",9606,0.445,0,0,0,0,0,0,0.445
"9606.ENSP00000267415","9606.ENSP00000484580","TINF2","PPP1R2",9606,0.456,0,0,0,0,0.456,0,0
"9606.ENSP00000267415","9606.ENSP00000361965","TINF2","ADA",9606,0.474,0,0,0,0.071,0.415,0,0.111
"9606.ENSP00000267415","9606.ENSP00000339001","TINF2","TUBB",9606,0.486,0,0,0,0.069,0.471,0,0
"9606.ENSP00000267415","9606.ENSP00000328484","TINF2","H2AC14",9606,0.5,0,0,0,0,0,0.5,0
"9606.ENSP00000267415","9606.ENSP00000483903","TINF2","H2BC15",9606,0.502,0,0,0,0,0.046,0.5,0
"9606.ENSP00000267415","9606.ENSP00000296511","TINF2","ANXA5",9606,0.508,0,0,0,0.086,0.456,0,0.091
"9606.ENSP00000267415","9606.ENSP00000494750","TINF2","ACTB",9606,0.563,0,0,0,0.06,0.47,0,0.195
"9606.ENSP00000267415","9606.ENSP00000332194","TINF2","H2AC20",9606,0.572,0,0,0,0,0,0.5,0.18
"9606.ENSP00000267415","9606.ENSP00000380070","TINF2","GAPDH",9606,0.58,0,0,0,0,0.457,0,0.259
"9606.ENSP00000267460","9606.ENSP00000316176","PELI2","UBE2N",9606,0.726,0,0,0,0,0,0.5,0.475
"9606.ENSP00000267460","9606.ENSP00000380256","PELI2","CCNF",9606,0.804,0,0,0,0,0.802,0,0.052
"9606.ENSP00000267615","9606.ENSP00000269305","ITPK1","TP53",9606,0.503,0,0,0,0,0.457,0,0.124
"9606.ENSP00000268655","9606.ENSP00000479904","ZNF174","ZMYM2",9606,0.552,0,0,0,0,0.552,0,0
"9606.ENSP00000268797","9606.ENSP00000316512","GFOD2","TLK2",9606,0.454,0,0,0,0.069,0,0,0.438
"9606.ENSP00000268797","9606.ENSP00000360268","GFOD2","ALDH18A1",9606,0.557,0.074,0,0,0,0.501,0,0.12
"9606.ENSP00000268802","9606.ENSP00000398882","NOB1","DOHH",9606,0.409,0,0,0,0.409,0,0,0
"9606.ENSP00000268802","9606.ENSP00000497641","NOB1","EIF4A3",9606,0.42,0,0,0,0.384,0.076,0,0.063
"9606.ENSP00000268802","9606.ENSP00000362027","NOB1","TRMT2B",9606,0.496,0,0,0,0.456,0,0,0.113
"9606.ENSP00000268802","9606.ENSP00000350698","NOB1","DDX47",9606,0.673,0,0,0,0.523,0.076,0,0.319
"9606.ENSP00000268802","9606.ENSP00000470560","NOB1","EMG1",9606,0.681,0,0,0,0.455,0,0,0.439
"9606.ENSP00000268802","9606.ENSP00000326981","NOB1","IMP3",9606,0.755,0,0,0,0.686,0.061,0,0.236
"9606.ENSP00000268802","9606.ENSP00000358812","NOB1","PDCD11",9606,0.904,0,0,0,0.703,0.131,0,0.661
"9606.ENSP00000268802","9606.ENSP00000328854","NOB1","NOC4L",9606,0.961,0,0,0,0.858,0.098,0.54,0.428
"9606.ENSP00000269305","9606.ENSP00000269576","TP53","KRT10",9606,0.4,0,0,0,0,0.108,0,0.356
"9606.ENSP00000269305","9606.ENSP00000371253","TP53","GART",9606,0.409,0,0,0,0.082,0.124,0,0.325
"9606.ENSP00000269305","9606.ENSP00000356920","TP53","DUSP12",9606,0.418,0,0,0,0,0,0,0.418
"9606.ENSP00000269305","9606.ENSP00000447730","TP53","CD63",9606,0.419,0,0,0,0,0,0,0.419
"9606.ENSP00000269305","9606.ENSP00000479904","TP53","ZMYM2",9606,0.422,0,0,0,0,0.321,0,0.185
"9606.ENSP00000269305","9606.ENSP00000316042","TP53","HNRNPA0",9606,0.44,0,0,0,0.075,0.312,0,0.192
"9606.ENSP00000269305","9606.ENSP00000495530","TP53","ENO1",9606,0.447,0,0,0,0.075,0,0,0.427
"9606.ENSP00000269305","9606.ENSP00000300738","TP53","RRM1",9606,0.457,0,0,0,0.075,0,0,0.438
"9606.ENSP00000269305","9606.ENSP00000468425","TP53","TK1",9606,0.473,0,0,0,0.075,0.184,0,0.359
"9606.ENSP00000269305","9606.ENSP00000298097","TP53","FBXO33",9606,0.476,0,0,0,0,0.457,0,0.076
"9606.ENSP00000269305","9606.ENSP00000328484","TP53","H2AC14",9606,0.485,0,0,0,0,0.473,0,0.064
"9606.ENSP00000269305","9606.ENSP00000366330","TP53","KLF9",9606,0.495,0,0,0,0,0.35,0,0.255
"9606.ENSP00000269305","9606.ENSP00000317473","TP53","RABGGTB",9606,0.5,0,0,0,0,0,0.5,0
"9606.ENSP00000269305","9606.ENSP00000330074","TP53","H1-5",9606,0.501,0,0,0,0,0,0.4,0.203
"9606.ENSP00000269305","9606.ENSP00000444408","TP53","SLC1A5",9606,0.502,0,0,0,0.082,0.124,0,0.431
"9606.ENSP00000269305","9606.ENSP00000296444","TP53","SHISA5",9606,0.505,0,0,0,0.059,0,0,0.496
"9606.ENSP00000269305","9606.ENSP00000346483","TP53","DDRGK1",9606,0.514,0,0,0,0,0.456,0,0.145
"9606.ENSP00000269305","9606.ENSP00000468424","TP53","NMT1",9606,0.517,0,0,0,0,0.456,0,0.15
"9606.ENSP00000269305","9606.ENSP00000471896","TP53","IRF3",9606,0.521,0,0,0,0.075,0,0,0.504
"9606.ENSP00000269305","9606.ENSP00000478877","TP53","ADRM1",9606,0.522,0,0,0,0,0,0.4,0.237
"9606.ENSP00000269305","9606.ENSP00000433760","TP53","BANF1",9606,0.523,0,0,0,0.199,0,0,0.43
"9606.ENSP00000269305","9606.ENSP00000483185","TP53","AP2B1",9606,0.528,0,0,0,0.06,0.456,0,0.152
"9606.ENSP00000269305","9606.ENSP00000362010","TP53","ANXA7",9606,0.534,0,0,0,0,0.378,0,0.282
"9606.ENSP00000269305","9606.ENSP00000314508","TP53","GBA",9606,0.537,0,0,0,0,0,0.4,0.26
"9606.ENSP00000269305","9606.ENSP00000355325","TP53","PSMB5",9606,0.537,0,0,0,0,0,0.4,0.261
"9606.ENSP00000269305","9606.ENSP00000483236","TP53","DCAF7",9606,0.539,0,0,0,0.081,0.131,0.4,0.152
"9606.ENSP00000269305","9606.ENSP00000280154","TP53","PDCD4",9606,0.55,0,0,0,0.061,0,0,0.541
"9606.ENSP00000269305","9606.ENSP00000279387","TP53","PPP4C",9606,0.56,0,0,0,0.075,0.456,0,0.197
"9606.ENSP00000269305","9606.ENSP00000332194","TP53","H2AC20",9606,0.57,0,0,0,0,0,0,0.57
"9606.ENSP00000269305","9606.ENSP00000343966","TP53","PSPC1",9606,0.573,0,0,0,0.06,0.464,0,0.221
"9606.ENSP00000269305","9606.ENSP00000362166","TP53","MEAF6",9606,0.581,0,0,0,0,0,0.5,0.198
"9606.ENSP00000269305","9606.ENSP00000286692","TP53","DRAM2",9606,0.602,0,0,0,0,0.297,0,0.458
"9606.ENSP00000269305","9606.ENSP00000365380","TP53","FOXP3",9606,0.607,0,0,0,0,0.125,0,0.57
"9606.ENSP00000269305","9606.ENSP00000317872","TP53","RBBP6",9606,0.611,0,0,0,0,0.457,0,0.314
"9606.ENSP00000269305","9606.ENSP00000380256","TP53","CCNF",9606,0.616,0,0,0,0.075,0.457,0,0.297
"9606.ENSP00000269305","9606.ENSP00000362824","TP53","OGT",9606,0.629,0,0,0,0,0.502,0,0.286
"9606.ENSP00000269305","9606.ENSP00000435210","TP53","BCLAF1",9606,0.634,0,0,0,0.044,0.456,0,0.353
"9606.ENSP00000269305","9606.ENSP00000480987","TP53","MCM3",9606,0.636,0,0,0,0.083,0.407,0,0.386
"9606.ENSP00000269305","9606.ENSP00000348099","TP53","PDLIM7",9606,0.639,0,0,0,0.065,0.457,0,0.347
"9606.ENSP00000269305","9606.ENSP00000341289","TP53","TUBB4B",9606,0.667,0,0,0,0,0.603,0,0.198
"9606.ENSP00000269305","9606.ENSP00000313007","TP53","PABPC1",9606,0.672,0,0,0,0.075,0.5,0,0.349
"9606.ENSP00000269305","9606.ENSP00000469880","TP53","VRK3",9606,0.672,0,0,0,0.062,0.609,0,0.18
"9606.ENSP00000269305","9606.ENSP00000360316","TP53","DHCR24",9606,0.697,0,0,0,0,0.609,0,0.259
"9606.ENSP00000269305","9606.ENSP00000335321","TP53","SF3B1",9606,0.712,0,0,0,0,0.597,0,0.315
"9606.ENSP00000269305","9606.ENSP00000397552","TP53","ACTL6A",9606,0.714,0,0,0,0.078,0.523,0,0.404
"9606.ENSP00000269305","9606.ENSP00000362592","TP53","RBBP4",9606,0.722,0,0,0,0.066,0.187,0.5,0.355
"9606.ENSP00000269305","9606.ENSP00000377245","TP53","KEAP1",9606,0.727,0,0,0,0.08,0,0,0.716
"9606.ENSP00000269305","9606.ENSP00000323867","TP53","PRKAG1",9606,0.742,0,0,0,0.064,0.428,0.5,0.151
"9606.ENSP00000269305","9606.ENSP00000360141","TP53","GNAS",9606,0.747,0,0,0,0,0.269,0,0.669
"9606.ENSP00000269305","9606.ENSP00000367910","TP53","FANCG",9606,0.747,0,0,0,0.075,0.582,0,0.4
"9606.ENSP00000269305","9606.ENSP00000443475","TP53","TUBA1C",9606,0.748,0,0,0,0.075,0.672,0,0.238
"9606.ENSP00000269305","9606.ENSP00000312664","TP53","CASP2",9606,0.753,0,0,0,0.124,0,0,0.73
"9606.ENSP00000269305","9606.ENSP00000376276","TP53","SRSF2",9606,0.768,0,0,0,0.058,0.338,0,0.658
"9606.ENSP00000269305","9606.ENSP00000286548","TP53","GNAQ",9606,0.777,0,0,0,0,0.582,0,0.49
"9606.ENSP00000269305","9606.ENSP00000321636","TP53","TOP3A",9606,0.792,0,0,0,0.07,0.537,0.4,0.292
"9606.ENSP00000269305","9606.ENSP00000355249","TP53","E2F2",9606,0.798,0,0,0,0.075,0.443,0,0.641
"9606.ENSP00000269305","9606.ENSP00000296511","TP53","ANXA5",9606,0.8,0,0,0,0,0,0,0.8
"9606.ENSP00000269305","9606.ENSP00000415430","TP53","GTSE1",9606,0.81,0,0,0,0.076,0,0.7,0.371
"9606.ENSP00000269305","9606.ENSP00000355028","TP53","DZIP3",9606,0.819,0,0,0,0,0.802,0,0.124
"9606.ENSP00000269305","9606.ENSP00000301764","TP53","DDB1",9606,0.843,0,0,0,0,0.59,0,0.635
"9606.ENSP00000269305","9606.ENSP00000383611","TP53","CCNL2",9606,0.856,0,0,0,0,0,0,0.856
"9606.ENSP00000269305","9606.ENSP00000328325","TP53","PTTG1IP",9606,0.857,0,0,0,0,0.838,0,0.159
"9606.ENSP00000269305","9606.ENSP00000398698","TP53","TNF",9606,0.857,0,0,0,0,0,0,0.857
"9606.ENSP00000269305","9606.ENSP00000483903","TP53","H2BC15",9606,0.871,0,0,0,0,0.8,0,0.383
"9606.ENSP00000269305","9606.ENSP00000316176","TP53","UBE2N",9606,0.882,0,0,0,0.058,0.813,0,0.386
"9606.ENSP00000269305","9606.ENSP00000339001","TP53","TUBB",9606,0.9,0,0,0,0.075,0.862,0,0.286
"9606.ENSP00000269305","9606.ENSP00000494750","TP53","ACTB",9606,0.902,0,0,0,0.085,0.512,0,0.8
"9606.ENSP00000269305","9606.ENSP00000404854","TP53","NDRG1",9606,0.929,0,0,0,0,0.539,0.75,0.438
"9606.ENSP00000269305","9606.ENSP00000380070","TP53","GAPDH",9606,0.937,0,0,0,0.058,0.697,0,0.8
"9606.ENSP00000269305","9606.ENSP00000377958","TP53","CCT4",9606,0.941,0,0,0,0,0.869,0.5,0.18
"9606.ENSP00000269305","9606.ENSP00000280326","TP53","CCT5",9606,0.948,0,0,0,0,0.881,0.5,0.202
"9606.ENSP00000269305","9606.ENSP00000376436","TP53","ETS1",9606,0.961,0,0,0,0.06,0.918,0,0.54
"9606.ENSP00000269305","9606.ENSP00000344635","TP53","CCNG1",9606,0.988,0,0,0,0.142,0.808,0.75,0.761
"9606.ENSP00000269305","9606.ENSP00000363591","TP53","BAK1",9606,0.999,0,0,0,0,0.999,0.9,0.695
"9606.ENSP00000269305","9606.ENSP00000437125","TP53","HSPA8",9606,0.999,0,0,0,0.068,0.999,0,0.498
"9606.ENSP00000269305","9606.ENSP00000496250","TP53","RPL11",9606,0.999,0,0,0,0,0.999,0,0.746
"9606.ENSP00000269576","9606.ENSP00000443475","KRT10","TUBA1C",9606,0.44,0,0,0,0.315,0.104,0,0.161
"9606.ENSP00000269576","9606.ENSP00000336799","KRT10","TUBA1B",9606,0.441,0,0,0,0.298,0.104,0,0.184
"9606.ENSP00000269576","9606.ENSP00000362424","KRT10","TRAF3IP1",9606,0.456,0,0,0,0,0.456,0,0
"9606.ENSP00000269576","9606.ENSP00000437125","KRT10","HSPA8",9606,0.494,0,0,0,0.35,0.072,0,0.23
"9606.ENSP00000269576","9606.ENSP00000380070","KRT10","GAPDH",9606,0.513,0,0,0,0.165,0.043,0,0.44
"9606.ENSP00000269576","9606.ENSP00000341289","KRT10","TUBB4B",9606,0.543,0,0,0,0.418,0.101,0,0.198
"9606.ENSP00000269576","9606.ENSP00000339001","KRT10","TUBB",9606,0.555,0,0,0,0.402,0.101,0,0.24
"9606.ENSP00000269576","9606.ENSP00000458162","KRT10","ACTG1",9606,0.821,0,0,0,0.771,0.08,0,0.219
"9606.ENSP00000269576","9606.ENSP00000494750","KRT10","ACTB",9606,0.831,0,0,0,0.735,0.08,0,0.364
"9606.ENSP00000270257","9606.ENSP00000393840","GEMIN7","BLOC1S3",9606,0.418,0,0,0,0.075,0,0,0.397
"9606.ENSP00000270257","9606.ENSP00000379181","GEMIN7","RAE1",9606,0.433,0,0,0,0.094,0,0.4,0
"9606.ENSP00000270257","9606.ENSP00000373669","GEMIN7","BORCS6",9606,0.462,0,0,0,0.068,0,0,0.447
"9606.ENSP00000270257","9606.ENSP00000481762","GEMIN7","CSDE1",9606,0.713,0,0,0,0.06,0,0,0.708
"9606.ENSP00000270257","9606.ENSP00000281950","GEMIN7","GEMIN6",9606,0.999,0,0,0,0.246,0.999,0.9,0.915
"9606.ENSP00000270257","9606.ENSP00000392270","GEMIN7","STRAP",9606,0.999,0,0,0,0.075,0.999,0.9,0.902
"9606.ENSP00000271139","9606.ENSP00000301764","MOB3C","DDB1",9606,0.457,0,0,0,0,0.457,0,0
"9606.ENSP00000271139","9606.ENSP00000325017","MOB3C","NCAPD2",9606,0.457,0,0,0,0,0.457,0,0
"9606.ENSP00000271139","9606.ENSP00000348316","MOB3C","JPT1",9606,0.457,0,0,0,0,0.457,0,0
"9606.ENSP00000271139","9606.ENSP00000351646","MOB3C","STIP1",9606,0.457,0,0,0,0,0.457,0,0
"9606.ENSP00000271139","9606.ENSP00000362824","MOB3C","OGT",9606,0.457,0,0,0,0,0.457,0,0
"9606.ENSP00000271139","9606.ENSP00000377958","MOB3C","CCT4",9606,0.457,0,0,0,0,0.457,0,0
"9606.ENSP00000271139","9606.ENSP00000380070","MOB3C","GAPDH",9606,0.457,0,0,0,0,0.457,0,0
"9606.ENSP00000271139","9606.ENSP00000392270","MOB3C","STRAP",9606,0.457,0,0,0,0,0.457,0,0
"9606.ENSP00000271139","9606.ENSP00000397552","MOB3C","ACTL6A",9606,0.457,0,0,0,0,0.457,0,0
"9606.ENSP00000271139","9606.ENSP00000480987","MOB3C","MCM3",9606,0.457,0,0,0,0,0.457,0,0
"9606.ENSP00000271139","9606.ENSP00000498336","MOB3C","MTHFD1",9606,0.457,0,0,0,0,0.457,0,0
"9606.ENSP00000271139","9606.ENSP00000495530","MOB3C","ENO1",9606,0.46,0,0,0,0,0.457,0,0.048
"9606.ENSP00000271139","9606.ENSP00000355325","MOB3C","PSMB5",9606,0.461,0,0,0,0.049,0.457,0,0
"9606.ENSP00000271139","9606.ENSP00000481762","MOB3C","CSDE1",9606,0.463,0,0,0,0.053,0.457,0,0
"9606.ENSP00000271139","9606.ENSP00000304353","MOB3C","POP7",9606,0.464,0,0,0,0.055,0.457,0,0
"9606.ENSP00000271139","9606.ENSP00000361433","MOB3C","EXOSC2",9606,0.468,0,0,0,0.061,0.457,0,0
"9606.ENSP00000271139","9606.ENSP00000358921","MOB3C","ACTR1A",9606,0.475,0,0,0,0.074,0.457,0,0
"9606.ENSP00000271139","9606.ENSP00000297613","MOB3C","RPP25L",9606,0.503,0,0,0,0.063,0.457,0,0.102
"9606.ENSP00000271628","9606.ENSP00000416269","SF3B4","DDX39B",9606,0.447,0,0,0,0.199,0,0,0.339
"9606.ENSP00000271628","9606.ENSP00000336799","SF3B4","TUBA1B",9606,0.49,0,0,0,0.078,0.47,0,0
"9606.ENSP00000271628","9606.ENSP00000317872","SF3B4","RBBP6",9606,0.516,0,0,0,0.073,0,0.5,0
"9606.ENSP00000271628","9606.ENSP00000313007","SF3B4","PABPC1",9606,0.523,0,0,0,0.075,0.457,0,0.127
"9606.ENSP00000271628","9606.ENSP00000343966","SF3B4","PSPC1",9606,0.533,0,0,0,0.327,0.335,0,0
"9606.ENSP00000271628","9606.ENSP00000425031","SF3B4","HNRNPAB",9606,0.542,0,0,0,0.158,0.472,0,0.053
"9606.ENSP00000271628","9606.ENSP00000483254","SF3B4","HNRNPDL",9606,0.544,0,0,0,0.081,0.472,0,0.136
"9606.ENSP00000271628","9606.ENSP00000316042","SF3B4","HNRNPA0",9606,0.597,0,0,0,0.149,0.533,0,0.069
"9606.ENSP00000271628","9606.ENSP00000437125","SF3B4","HSPA8",9606,0.638,0,0,0,0.098,0.593,0,0.094
"9606.ENSP00000271628","9606.ENSP00000325905","SF3B4","SRSF7",9606,0.706,0,0,0,0.09,0.457,0,0.454
"9606.ENSP00000271628","9606.ENSP00000304903","SF3B4","CD2BP2",9606,0.778,0,0,0,0.155,0.635,0,0.339
"9606.ENSP00000271628","9606.ENSP00000279387","SF3B4","PPP4C",9606,0.789,0,0,0,0.153,0.762,0,0
"9606.ENSP00000271628","9606.ENSP00000497641","SF3B4","EIF4A3",9606,0.807,0,0,0,0.256,0.457,0,0.562
"9606.ENSP00000271628","9606.ENSP00000376276","SF3B4","SRSF2",9606,0.901,0,0,0.213,0.145,0.803,0,0.344
"9606.ENSP00000271628","9606.ENSP00000396301","SF3B4","IK",9606,0.909,0,0,0,0.129,0,0.9,0
"9606.ENSP00000271628","9606.ENSP00000432886","SF3B4","RNPC3",9606,0.929,0,0,0,0.087,0.214,0.9,0.137
"9606.ENSP00000271628","9606.ENSP00000349168","SF3B4","HNRNPH1",9606,0.941,0,0,0,0.092,0.915,0,0.297
"9606.ENSP00000271628","9606.ENSP00000296702","SF3B4","TCERG1",9606,0.976,0,0,0,0.087,0.903,0,0.761
"9606.ENSP00000271628","9606.ENSP00000305790","SF3B4","SF3B3",9606,0.999,0,0,0,0.131,0.998,0.9,0.787
"9606.ENSP00000271628","9606.ENSP00000335321","SF3B4","SF3B1",9606,0.999,0,0,0,0.075,0.999,0.9,0.704
"9606.ENSP00000271638","9606.ENSP00000458162","S100A11","ACTG1",9606,0.457,0,0,0,0.35,0.046,0,0.196
"9606.ENSP00000271638","9606.ENSP00000447730","S100A11","CD63",9606,0.513,0,0,0,0.441,0,0,0.165
"9606.ENSP00000271638","9606.ENSP00000380070","S100A11","GAPDH",9606,0.525,0,0,0,0.349,0.043,0,0.299
"9606.ENSP00000271638","9606.ENSP00000494750","S100A11","ACTB",9606,0.533,0,0,0,0.388,0.046,0,0.265
"9606.ENSP00000271638","9606.ENSP00000495530","S100A11","ENO1",9606,0.54,0,0,0,0.327,0.102,0,0.3
"9606.ENSP00000271638","9606.ENSP00000364935","S100A11","CLIC1",9606,0.567,0,0,0,0.48,0,0,0.203
"9606.ENSP00000271638","9606.ENSP00000296511","S100A11","ANXA5",9606,0.656,0,0,0,0.444,0.098,0,0.371
"9606.ENSP00000271638","9606.ENSP00000398698","S100A11","TNF",9606,0.704,0,0,0,0.059,0.622,0,0.237
"9606.ENSP00000273480","9606.ENSP00000394331","RNF7","COMMD5",9606,0.534,0,0,0,0.094,0,0.5,0.055
"9606.ENSP00000273480","9606.ENSP00000481126","RNF7","VPS11",9606,0.639,0,0,0,0,0.546,0,0.239
"9606.ENSP00000273480","9606.ENSP00000301764","RNF7","DDB1",9606,0.656,0,0,0,0.068,0.13,0,0.61
"9606.ENSP00000273480","9606.ENSP00000330221","RNF7","SPSB1",9606,0.723,0,0,0,0,0.456,0.4,0.222
"9606.ENSP00000273480","9606.ENSP00000355340","RNF7","APOBEC3C",9606,0.771,0,0,0,0,0,0.65,0.374
"9606.ENSP00000273480","9606.ENSP00000307854","RNF7","PCMTD2",9606,0.833,0,0,0,0,0.822,0,0.103
"9606.ENSP00000273480","9606.ENSP00000309749","RNF7","APOBEC3F",9606,0.904,0,0,0,0,0.457,0.65,0.536
"9606.ENSP00000274137","9606.ENSP00000354762","NDUFS6","COA3",9606,0.428,0,0,0,0.37,0,0,0.13
"9606.ENSP00000274137","9606.ENSP00000327467","NDUFS6","SMDT1",9606,0.43,0,0,0,0.411,0,0,0.073
"9606.ENSP00000274137","9606.ENSP00000355325","NDUFS6","PSMB5",9606,0.431,0,0,0,0.418,0,0,0.063
"9606.ENSP00000274137","9606.ENSP00000349168","NDUFS6","HNRNPH1",9606,0.469,0,0,0,0.063,0.457,0,0
"9606.ENSP00000274137","9606.ENSP00000310623","NDUFS6","ISCU",9606,0.471,0,0,0,0.206,0,0,0.362
"9606.ENSP00000274137","9606.ENSP00000400184","NDUFS6","NDUFAF8",9606,0.523,0,0,0,0.201,0,0,0.428
"9606.ENSP00000274137","9606.ENSP00000377470","NDUFS6","CNP",9606,0.54,0,0,0,0.104,0.508,0,0
"9606.ENSP00000274137","9606.ENSP00000331640","NDUFS6","TMEM186",9606,0.603,0,0,0,0.075,0,0.5,0.212
"9606.ENSP00000275517","9606.ENSP00000415430","CDCA5","GTSE1",9606,0.482,0,0,0,0.349,0,0,0.237
"9606.ENSP00000275517","9606.ENSP00000387007","CDCA5","NCAPG2",9606,0.487,0,0,0,0.441,0,0,0.121
"9606.ENSP00000275517","9606.ENSP00000325017","CDCA5","NCAPD2",9606,0.492,0,0,0,0.386,0,0,0.207
"9606.ENSP00000275517","9606.ENSP00000480987","CDCA5","MCM3",9606,0.526,0,0,0,0.358,0,0,0.292
"9606.ENSP00000275517","9606.ENSP00000380256","CDCA5","CCNF",9606,0.546,0,0,0,0.458,0,0,0.197
"9606.ENSP00000275517","9606.ENSP00000468425","CDCA5","TK1",9606,0.66,0,0,0,0.519,0,0,0.323
"9606.ENSP00000275517","9606.ENSP00000414109","CDCA5","HJURP",9606,0.836,0,0,0,0.756,0,0,0.357
"9606.ENSP00000275517","9606.ENSP00000442068","CDCA5","CDCA3",9606,0.848,0,0,0,0.68,0,0,0.547
"9606.ENSP00000276420","9606.ENSP00000339186","DOK2","GRAP2",9606,0.408,0,0,0,0.264,0,0,0.229
"9606.ENSP00000276420","9606.ENSP00000349359","DOK2","SASH3",9606,0.447,0,0,0,0.336,0,0,0.202
"9606.ENSP00000278070","9606.ENSP00000296702","PPRC1","TCERG1",9606,0.516,0,0,0,0.057,0.469,0,0.112
"9606.ENSP00000278422","9606.ENSP00000482753","TMX2","C9orf72",9606,0.443,0,0,0,0,0,0,0.443
"9606.ENSP00000278826","9606.ENSP00000287600","TMEM138","PDE6D",9606,0.452,0,0,0,0.071,0,0,0.435
"9606.ENSP00000279387","9606.ENSP00000305260","PPP4C","GNB2",9606,0.406,0,0,0,0.358,0,0,0.113
"9606.ENSP00000279387","9606.ENSP00000433760","PPP4C","BANF1",9606,0.444,0,0,0,0.194,0.28,0,0.119
"9606.ENSP00000279387","9606.ENSP00000381461","PPP4C","PPME1",9606,0.846,0,0,0,0.075,0.765,0,0.35
"9606.ENSP00000279387","9606.ENSP00000377958","PPP4C","CCT4",9606,0.973,0,0,0,0.078,0.971,0,0.075
"9606.ENSP00000279387","9606.ENSP00000280326","PPP4C","CCT5",9606,0.982,0,0,0,0.156,0.978,0,0.152
"9606.ENSP00000280154","9606.ENSP00000494750","PDCD4","ACTB",9606,0.416,0,0,0,0.075,0.12,0,0.341
"9606.ENSP00000280154","9606.ENSP00000380070","PDCD4","GAPDH",9606,0.425,0,0,0,0.074,0,0,0.405
"9606.ENSP00000280154","9606.ENSP00000497641","PDCD4","EIF4A3",9606,0.935,0,0,0,0.062,0.914,0,0.266
"9606.ENSP00000280326","9606.ENSP00000403663","CCT5","AP4M1",9606,0.402,0,0,0,0,0.214,0,0.271
"9606.ENSP00000280326","9606.ENSP00000320309","CCT5","FARSA",9606,0.406,0,0,0,0.351,0.07,0,0.095
"9606.ENSP00000280326","9606.ENSP00000313007","CCT5","PABPC1",9606,0.426,0,0,0,0.281,0.121,0,0.166
"9606.ENSP00000280326","9606.ENSP00000376276","CCT5","SRSF2",9606,0.434,0,0,0,0.146,0.36,0,0.049
"9606.ENSP00000280326","9606.ENSP00000478877","CCT5","ADRM1",9606,0.439,0,0,0,0.371,0,0,0.145
"9606.ENSP00000280326","9606.ENSP00000364802","CCT5","HSPA1A",9606,0.449,0.043,0,0,0.323,0,0,0.218
"9606.ENSP00000280326","9606.ENSP00000300209","CCT5","EEF1AKMT3",9606,0.457,0,0,0,0,0.457,0,0
"9606.ENSP00000280326","9606.ENSP00000495530","CCT5","ENO1",9606,0.466,0.043,0,0,0.296,0.062,0,0.255
"9606.ENSP00000280326","9606.ENSP00000321584","CCT5","IMPDH2",9606,0.467,0.054,0,0,0.372,0.063,0,0.156
"9606.ENSP00000280326","9606.ENSP00000469880","CCT5","VRK3",9606,0.474,0,0,0,0.057,0.457,0,0.056
"9606.ENSP00000280326","9606.ENSP00000416269","CCT5","DDX39B",9606,0.482,0,0,0,0.355,0.12,0,0.162
"9606.ENSP00000280326","9606.ENSP00000380070","CCT5","GAPDH",9606,0.483,0,0,0,0.286,0.111,0,0.251
"9606.ENSP00000280326","9606.ENSP00000362222","CCT5","STK40",9606,0.488,0,0,0,0,0.488,0,0
"9606.ENSP00000280326","9606.ENSP00000349168","CCT5","HNRNPH1",9606,0.497,0,0,0,0.312,0.184,0,0.177
"9606.ENSP00000280326","9606.ENSP00000497641","CCT5","EIF4A3",9606,0.499,0,0,0,0.454,0.054,0,0.108
"9606.ENSP00000280326","9606.ENSP00000371253","CCT5","GART",9606,0.521,0.059,0,0,0.402,0.067,0,0.196
"9606.ENSP00000280326","9606.ENSP00000410769","CCT5","CNBP",9606,0.523,0,0,0,0.462,0.072,0,0.123
"9606.ENSP00000280326","9606.ENSP00000496250","CCT5","RPL11",9606,0.53,0,0,0,0.481,0.063,0,0.113
"9606.ENSP00000280326","9606.ENSP00000314508","CCT5","GBA",9606,0.539,0,0,0,0.079,0,0.5,0.081
"9606.ENSP00000280326","9606.ENSP00000313050","CCT5","NIPSNAP2",9606,0.542,0,0,0,0.072,0.457,0,0.165
"9606.ENSP00000280326","9606.ENSP00000305260","CCT5","GNB2",9606,0.592,0,0,0,0.094,0.108,0.5,0.111
"9606.ENSP00000280326","9606.ENSP00000358939","CCT5","SARS1",9606,0.663,0.049,0,0,0.632,0.073,0,0.084
"9606.ENSP00000280326","9606.ENSP00000380256","CCT5","CCNF",9606,0.714,0,0,0,0.075,0.704,0,0
"9606.ENSP00000280326","9606.ENSP00000443475","CCT5","TUBA1C",9606,0.723,0,0,0,0.336,0.172,0.5,0.112
"9606.ENSP00000280326","9606.ENSP00000301764","CCT5","DDB1",9606,0.858,0,0,0,0.179,0.8,0,0.209
"9606.ENSP00000280326","9606.ENSP00000458162","CCT5","ACTG1",9606,0.869,0,0,0,0.114,0.811,0,0.281
"9606.ENSP00000280326","9606.ENSP00000336799","CCT5","TUBA1B",9606,0.89,0,0,0,0.338,0.627,0.5,0.215
"9606.ENSP00000280326","9606.ENSP00000355114","CCT5","DCAF12",9606,0.923,0,0,0,0.048,0.9,0,0.265
"9606.ENSP00000280326","9606.ENSP00000362041","CCT5","DNAJC9",9606,0.944,0.042,0,0,0.215,0.214,0.9,0.208
"9606.ENSP00000280326","9606.ENSP00000483236","CCT5","DCAF7",9606,0.945,0,0,0,0.075,0.891,0.5,0
"9606.ENSP00000280326","9606.ENSP00000339001","CCT5","TUBB",9606,0.946,0,0,0,0.336,0.905,0,0.223
"9606.ENSP00000280326","9606.ENSP00000494750","CCT5","ACTB",9606,0.953,0,0,0,0.109,0.876,0.5,0.255
"9606.ENSP00000280326","9606.ENSP00000341289","CCT5","TUBB4B",9606,0.971,0,0,0,0.326,0.905,0.5,0.221
"9606.ENSP00000280326","9606.ENSP00000437125","CCT5","HSPA8",9606,0.976,0.043,0,0,0.545,0.208,0.9,0.417
"9606.ENSP00000280326","9606.ENSP00000351646","CCT5","STIP1",9606,0.978,0,0,0,0.691,0.071,0.9,0.334
"9606.ENSP00000280326","9606.ENSP00000377958","CCT5","CCT4",9606,0.999,0,0,0.085,0.992,0.999,0.988,0.762
"9606.ENSP00000281950","9606.ENSP00000379181","GEMIN6","RAE1",9606,0.421,0,0,0,0.075,0,0.4,0
"9606.ENSP00000281950","9606.ENSP00000323867","GEMIN6","PRKAG1",9606,0.52,0,0,0,0.067,0,0,0.507
"9606.ENSP00000281950","9606.ENSP00000392270","GEMIN6","STRAP",9606,0.999,0,0,0,0.077,0.999,0.9,0.651
"9606.ENSP00000282344","9606.ENSP00000349168","USP12","HNRNPH1",9606,0.485,0,0,0,0.091,0.457,0,0
"9606.ENSP00000282344","9606.ENSP00000332194","USP12","H2AC20",9606,0.648,0,0,0,0,0.457,0,0.38
"9606.ENSP00000283027","9606.ENSP00000358149","NUBP1","BOLA1",9606,0.416,0,0,0,0.068,0,0,0.4
"9606.ENSP00000283027","9606.ENSP00000316512","NUBP1","TLK2",9606,0.435,0,0,0,0.077,0,0,0.414
"9606.ENSP00000283027","9606.ENSP00000429323","NUBP1","EIF2B4",9606,0.514,0,0,0,0.093,0,0,0.487
"9606.ENSP00000283027","9606.ENSP00000452007","NUBP1","ISCA2",9606,0.561,0.057,0,0,0.096,0.077,0,0.509
"9606.ENSP00000283027","9606.ENSP00000310623","NUBP1","ISCU",9606,0.711,0.11,0,0,0.132,0,0,0.657
"9606.ENSP00000283285","9606.ENSP00000368538","CD96","TNFRSF4",9606,0.447,0,0,0,0.076,0,0,0.427
"9606.ENSP00000285697","9606.ENSP00000299138","C16orf87","VPS35",9606,0.428,0,0.263,0.229,0.075,0,0,0
"9606.ENSP00000286424","9606.ENSP00000363993","TMBIM4","PSMB9",9606,0.57,0,0,0,0.075,0,0,0.555
"9606.ENSP00000286424","9606.ENSP00000364016","TMBIM4","PSMB8",9606,0.616,0,0,0,0.076,0,0,0.602
"9606.ENSP00000286424","9606.ENSP00000351314","TMBIM4","PSMB10",9606,0.685,0,0,0,0.097,0,0,0.666
"9606.ENSP00000286548","9606.ENSP00000290949","GNAQ","ATP6V0D1",9606,0.416,0,0,0,0.416,0,0,0
"9606.ENSP00000286548","9606.ENSP00000335321","GNAQ","SF3B1",9606,0.423,0,0,0,0.078,0,0,0.4
"9606.ENSP00000286548","9606.ENSP00000369899","GNAQ","RRAGA",9606,0.563,0,0,0,0.083,0,0.54,0.049
"9606.ENSP00000286548","9606.ENSP00000323867","GNAQ","PRKAG1",9606,0.676,0,0,0,0.094,0,0.65,0.063
"9606.ENSP00000286548","9606.ENSP00000378483","GNAQ","RGS19",9606,0.88,0,0,0,0,0,0.5,0.771
"9606.ENSP00000286548","9606.ENSP00000332504","GNAQ","CCR10",9606,0.904,0,0,0,0,0,0.9,0.085
"9606.ENSP00000286548","9606.ENSP00000305260","GNAQ","GNB2",9606,0.972,0,0,0,0.239,0.502,0.9,0.363
"9606.ENSP00000286548","9606.ENSP00000360141","GNAQ","GNAS",9606,0.973,0,0,0.061,0.543,0.366,0.9,0.179
"9606.ENSP00000287156","9606.ENSP00000351314","UBE2L6","PSMB10",9606,0.505,0,0,0,0.368,0.062,0,0.233
"9606.ENSP00000287156","9606.ENSP00000471896","UBE2L6","IRF3",9606,0.57,0,0,0,0.074,0.044,0.4,0.286
"9606.ENSP00000287156","9606.ENSP00000316176","UBE2L6","UBE2N",9606,0.614,0,0,0,0.155,0.131,0.4,0.229
"9606.ENSP00000287156","9606.ENSP00000346206","UBE2L6","TAP1",9606,0.692,0,0,0,0.681,0,0,0.076
"9606.ENSP00000287156","9606.ENSP00000388001","UBE2L6","OAS1",9606,0.773,0,0,0,0.644,0,0,0.39
"9606.ENSP00000287156","9606.ENSP00000342278","UBE2L6","OAS2",9606,0.787,0,0,0,0.658,0,0,0.404
"9606.ENSP00000287156","9606.ENSP00000364016","UBE2L6","PSMB8",9606,0.816,0,0,0,0.734,0.062,0,0.324
"9606.ENSP00000287156","9606.ENSP00000363993","UBE2L6","PSMB9",9606,0.895,0,0,0,0.853,0,0,0.32
"9606.ENSP00000287156","9606.ENSP00000395590","UBE2L6","IFI35",9606,0.911,0,0,0,0.865,0,0,0.369
"9606.ENSP00000287600","9606.ENSP00000367476","PDE6D","CEP104",9606,0.49,0,0,0,0,0,0,0.49
"9606.ENSP00000287600","9606.ENSP00000305260","PDE6D","GNB2",9606,0.508,0,0,0,0.075,0.456,0,0.101
"9606.ENSP00000289968","9606.ENSP00000413625","ARHGAP17","FNBP1",9606,0.652,0,0,0,0.135,0.456,0,0.321
"9606.ENSP00000289968","9606.ENSP00000497104","ARHGAP17","SH3BP1",9606,0.999,0,0,0,0.145,0.999,0,0.072
"9606.ENSP00000290200","9606.ENSP00000378320","IL10RB","TTC7A",9606,0.41,0,0,0,0.075,0,0,0.389
"9606.ENSP00000290200","9606.ENSP00000365435","IL10RB","TNFRSF1B",9606,0.447,0,0,0,0.246,0,0,0.297
"9606.ENSP00000290200","9606.ENSP00000388001","IL10RB","OAS1",9606,0.468,0,0,0,0.121,0,0,0.42
"9606.ENSP00000290200","9606.ENSP00000470788","IL10RB","IL12RB1",9606,0.475,0,0,0,0.13,0,0,0.422
"9606.ENSP00000290200","9606.ENSP00000398698","IL10RB","TNF",9606,0.502,0,0,0,0.122,0,0,0.457
"9606.ENSP00000290200","9606.ENSP00000326706","IL10RB","PLEKHO2",9606,0.52,0,0,0.46,0.075,0,0,0.117
"9606.ENSP00000290200","9606.ENSP00000375873","IL10RB","ATG16L1",9606,0.566,0,0,0,0,0.457,0,0.235
"9606.ENSP00000290200","9606.ENSP00000371253","IL10RB","GART",9606,0.615,0,0,0,0,0,0,0.615
"9606.ENSP00000290663","9606.ENSP00000367034","MED8","H4C3",9606,0.8,0,0,0,0,0.8,0,0
"9606.ENSP00000290663","9606.ENSP00000435210","MED8","BCLAF1",9606,0.903,0,0,0,0,0,0.9,0.077
"9606.ENSP00000290663","9606.ENSP00000326767","MED8","MED25",9606,0.99,0,0,0,0.075,0.844,0.9,0.399
"9606.ENSP00000290663","9606.ENSP00000362948","MED8","MED18",9606,0.999,0,0,0,0.118,0.999,0.9,0.84
"9606.ENSP00000290949","9606.ENSP00000295317","ATP6V0D1","RNF149",9606,0.476,0,0,0,0.075,0.457,0,0
"9606.ENSP00000290949","9606.ENSP00000305260","ATP6V0D1","GNB2",9606,0.564,0,0,0,0.334,0.322,0,0.113
"9606.ENSP00000290949","9606.ENSP00000360437","ATP6V0D1","FAM210B",9606,0.626,0,0,0,0,0.626,0,0
"9606.ENSP00000290949","9606.ENSP00000369899","ATP6V0D1","RRAGA",9606,0.635,0,0,0,0.124,0,0.5,0.234
"9606.ENSP00000290949","9606.ENSP00000360316","ATP6V0D1","DHCR24",9606,0.674,0,0,0,0.075,0.663,0,0
"9606.ENSP00000290949","9606.ENSP00000343885","ATP6V0D1","PPA2",9606,0.692,0,0,0,0.085,0,0.65,0.116
"9606.ENSP00000290949","9606.ENSP00000356790","ATP6V0D1","ATP1B1",9606,0.757,0,0,0,0.075,0,0.72,0.138
"9606.ENSP00000290949","9606.ENSP00000429690","ATP6V0D1","ATP6V0E1",9606,0.979,0,0,0,0.133,0.923,0.5,0.466
"9606.ENSP00000290949","9606.ENSP00000363162","ATP6V0D1","ATP6V1G1",9606,0.989,0,0,0,0.179,0.882,0.72,0.647
"9606.ENSP00000292586","9606.ENSP00000360850","MRNIP","MRPS2",9606,0.475,0.069,0,0,0.395,0.078,0,0.11
"9606.ENSP00000292586","9606.ENSP00000306788","MRNIP","ARL6IP1",9606,0.511,0,0,0,0.304,0.275,0,0.109
"9606.ENSP00000292586","9606.ENSP00000470560","MRNIP","EMG1",9606,0.62,0.042,0,0,0.105,0.581,0,0.068
"9606.ENSP00000292586","9606.ENSP00000328854","MRNIP","NOC4L",9606,0.757,0,0,0,0.067,0.751,0,0
"9606.ENSP00000292586","9606.ENSP00000358812","MRNIP","PDCD11",9606,0.776,0.045,0,0,0.287,0.651,0,0.172
"9606.ENSP00000292586","9606.ENSP00000326981","MRNIP","IMP3",9606,0.823,0.054,0,0,0.544,0.581,0,0.139
"9606.ENSP00000292586","9606.ENSP00000395590","MRNIP","IFI35",9606,0.872,0,0,0,0.686,0.512,0,0.235
"9606.ENSP00000292586","9606.ENSP00000496250","MRNIP","RPL11",9606,0.945,0,0,0,0.798,0.699,0,0.177
"9606.ENSP00000293860","9606.ENSP00000326981","POLR3K","IMP3",9606,0.401,0,0,0,0.386,0.065,0,0
"9606.ENSP00000293860","9606.ENSP00000370532","POLR3K","GTF3A",9606,0.614,0,0,0,0.08,0.069,0.5,0.207
"9606.ENSP00000295317","9606.ENSP00000307260","RNF149","TBL2",9606,0.457,0,0,0,0,0.457,0,0.042
"9606.ENSP00000295317","9606.ENSP00000346483","RNF149","DDRGK1",9606,0.457,0,0,0,0,0.457,0,0
"9606.ENSP00000295317","9606.ENSP00000351646","RNF149","STIP1",9606,0.457,0,0,0,0,0.457,0,0
"9606.ENSP00000295317","9606.ENSP00000355325","RNF149","PSMB5",9606,0.457,0,0,0,0,0.457,0,0.042
"9606.ENSP00000295317","9606.ENSP00000356790","RNF149","ATP1B1",9606,0.457,0,0,0,0,0.457,0,0
"9606.ENSP00000295317","9606.ENSP00000377470","RNF149","CNP",9606,0.457,0,0,0,0,0.457,0,0
"9606.ENSP00000295317","9606.ENSP00000403210","RNF149","EMC9",9606,0.457,0,0,0,0,0.457,0,0
"9606.ENSP00000295317","9606.ENSP00000498336","RNF149","MTHFD1",9606,0.457,0,0,0,0,0.457,0,0
"9606.ENSP00000295317","9606.ENSP00000310226","RNF149","RAB1B",9606,0.459,0,0,0,0,0.457,0,0.046
"9606.ENSP00000295317","9606.ENSP00000376472","RNF149","STT3A",9606,0.459,0,0,0,0.046,0.457,0,0
"9606.ENSP00000295317","9606.ENSP00000377958","RNF149","CCT4",9606,0.46,0,0,0,0.047,0.457,0,0
"9606.ENSP00000295317","9606.ENSP00000438886","RNF149","CDK5RAP3",9606,0.46,0,0,0,0.047,0.457,0,0
"9606.ENSP00000295317","9606.ENSP00000362592","RNF149","RBBP4",9606,0.462,0,0,0,0,0.457,0,0.051
"9606.ENSP00000295317","9606.ENSP00000477572","RNF149","HMOX2",9606,0.466,0,0,0,0.058,0.457,0,0
"9606.ENSP00000295317","9606.ENSP00000363591","RNF149","BAK1",9606,0.467,0,0,0,0.06,0.457,0,0
"9606.ENSP00000295317","9606.ENSP00000463393","RNF149","SEC22B",9606,0.471,0,0,0,0.066,0.457,0,0
"9606.ENSP00000295317","9606.ENSP00000295704","RNF149","RNF25",9606,0.472,0,0,0,0,0,0,0.472
"9606.ENSP00000295317","9606.ENSP00000335632","RNF149","CHP1",9606,0.475,0,0,0,0.071,0.459,0,0
"9606.ENSP00000295317","9606.ENSP00000328325","RNF149","PTTG1IP",9606,0.476,0,0,0,0.075,0.457,0,0
"9606.ENSP00000295317","9606.ENSP00000369538","RNF149","GDI2",9606,0.476,0,0,0,0.075,0.457,0,0.042
"9606.ENSP00000295317","9606.ENSP00000447730","RNF149","CD63",9606,0.476,0,0,0,0.075,0.457,0,0
"9606.ENSP00000295317","9606.ENSP00000386710","RNF149","ATG9A",9606,0.478,0,0,0,0.075,0.457,0,0.045
"9606.ENSP00000295317","9606.ENSP00000359911","RNF149","RAP2C",9606,0.48,0,0,0,0.075,0.457,0,0.048
"9606.ENSP00000295317","9606.ENSP00000420443","RNF149","CNIH4",9606,0.48,0,0,0,0.082,0.457,0,0
"9606.ENSP00000295317","9606.ENSP00000495530","RNF149","ENO1",9606,0.483,0,0,0,0.064,0.457,0,0.065
"9606.ENSP00000295317","9606.ENSP00000368646","RNF149","PRDX4",9606,0.492,0,0,0,0,0.457,0,0.103
"9606.ENSP00000295317","9606.ENSP00000380070","RNF149","GAPDH",9606,0.494,0,0,0,0.063,0.457,0,0.086
"9606.ENSP00000295317","9606.ENSP00000299138","RNF149","VPS35",9606,0.497,0,0,0,0.112,0.457,0,0
"9606.ENSP00000295704","9606.ENSP00000375951","RNF25","TTLL4",9606,0.436,0,0,0,0.07,0,0,0.419
"9606.ENSP00000295704","9606.ENSP00000379931","RNF25","UBE2E2",9606,0.844,0,0,0,0.066,0.811,0,0.19
"9606.ENSP00000295767","9606.ENSP00000297613","CHCHD4","RPP25L",9606,0.52,0,0,0,0,0.52,0,0
"9606.ENSP00000295767","9606.ENSP00000430598","CHCHD4","ATOX1",9606,0.637,0,0,0,0.065,0,0,0.628
"9606.ENSP00000295767","9606.ENSP00000299138","CHCHD4","VPS35",9606,0.823,0,0,0,0,0.803,0,0.14
"9606.ENSP00000295872","9606.ENSP00000342278","SPICE1","OAS2",9606,0.415,0,0,0.415,0,0,0,0
"9606.ENSP00000295872","9606.ENSP00000306105","SPICE1","CEP89",9606,0.431,0,0,0,0.094,0,0,0.398
"9606.ENSP00000296149","9606.ENSP00000364016","ELP6","PSMB8",9606,0.768,0,0,0,0,0.768,0,0
"9606.ENSP00000296149","9606.ENSP00000355325","ELP6","PSMB5",9606,0.792,0,0,0,0.075,0.785,0,0
"9606.ENSP00000296149","9606.ENSP00000325634","ELP6","ZNF639",9606,0.933,0,0,0,0.066,0.932,0,0
"9606.ENSP00000296511","9606.ENSP00000363591","ANXA5","BAK1",9606,0.409,0,0,0,0.06,0,0,0.398
"9606.ENSP00000296511","9606.ENSP00000498852","ANXA5","SPN",9606,0.424,0,0,0,0,0,0,0.424
"9606.ENSP00000296511","9606.ENSP00000433209","ANXA5","GSDMD",9606,0.435,0,0,0,0,0,0,0.435
"9606.ENSP00000296511","9606.ENSP00000495530","ANXA5","ENO1",9606,0.44,0,0,0,0.211,0.06,0,0.306
"9606.ENSP00000296511","9606.ENSP00000437125","ANXA5","HSPA8",9606,0.453,0,0,0,0.135,0,0,0.394
"9606.ENSP00000296511","9606.ENSP00000312664","ANXA5","CASP2",9606,0.477,0,0,0,0,0,0,0.477
"9606.ENSP00000296511","9606.ENSP00000313050","ANXA5","NIPSNAP2",9606,0.477,0,0,0,0.07,0.457,0,0.049
"9606.ENSP00000296511","9606.ENSP00000377245","ANXA5","KEAP1",9606,0.491,0,0,0,0.062,0,0,0.48
"9606.ENSP00000296511","9606.ENSP00000404854","ANXA5","NDRG1",9606,0.499,0,0,0,0.115,0.367,0,0.178
"9606.ENSP00000296511","9606.ENSP00000378485","ANXA5","MATK",9606,0.507,0,0,0,0,0.061,0,0.497
"9606.ENSP00000296511","9606.ENSP00000383611","ANXA5","CCNL2",9606,0.57,0,0,0,0,0,0,0.57
"9606.ENSP00000296511","9606.ENSP00000364935","ANXA5","CLIC1",9606,0.573,0,0,0,0.514,0,0,0.158
"9606.ENSP00000296511","9606.ENSP00000339001","ANXA5","TUBB",9606,0.575,0,0,0,0.127,0.32,0,0.342
"9606.ENSP00000296511","9606.ENSP00000365380","ANXA5","FOXP3",9606,0.6,0,0,0,0,0,0,0.6
"9606.ENSP00000296511","9606.ENSP00000416269","ANXA5","DDX39B",9606,0.696,0,0,0,0.075,0.676,0,0.069
"9606.ENSP00000296511","9606.ENSP00000398698","ANXA5","TNF",9606,0.739,0,0,0,0.058,0,0,0.735
"9606.ENSP00000296511","9606.ENSP00000458162","ANXA5","ACTG1",9606,0.774,0,0,0,0.215,0,0,0.724
"9606.ENSP00000296511","9606.ENSP00000447730","ANXA5","CD63",9606,0.847,0,0,0,0.489,0.046,0,0.713
"9606.ENSP00000296511","9606.ENSP00000380070","ANXA5","GAPDH",9606,0.908,0,0,0,0.203,0.046,0,0.889
"9606.ENSP00000296511","9606.ENSP00000494750","ANXA5","ACTB",9606,0.953,0,0,0,0.211,0.108,0,0.939
"9606.ENSP00000296702","9606.ENSP00000301764","TCERG1","DDB1",9606,0.404,0,0,0,0.137,0.338,0,0
"9606.ENSP00000296702","9606.ENSP00000376276","TCERG1","SRSF2",9606,0.404,0,0,0,0.204,0,0,0.282
"9606.ENSP00000296702","9606.ENSP00000497641","TCERG1","EIF4A3",9606,0.538,0,0,0,0.136,0.091,0.4,0.137
"9606.ENSP00000296702","9606.ENSP00000317872","TCERG1","RBBP6",9606,0.603,0,0,0,0.239,0,0.5,0
"9606.ENSP00000296702","9606.ENSP00000349168","TCERG1","HNRNPH1",9606,0.715,0,0,0,0.185,0.622,0,0.151
"9606.ENSP00000296702","9606.ENSP00000437125","TCERG1","HSPA8",9606,0.786,0,0,0,0.097,0.622,0.4,0.082
"9606.ENSP00000296702","9606.ENSP00000416269","TCERG1","DDX39B",9606,0.847,0,0,0,0.141,0.091,0.8,0.136
"9606.ENSP00000296702","9606.ENSP00000305790","TCERG1","SF3B3",9606,0.957,0,0,0,0.176,0.948,0,0.083
"9606.ENSP00000296702","9606.ENSP00000396301","TCERG1","IK",9606,0.966,0,0,0,0.222,0.8,0.8,0
"9606.ENSP00000296702","9606.ENSP00000335321","TCERG1","SF3B1",9606,0.977,0,0,0,0.454,0.948,0,0.275
"9606.ENSP00000297613","9606.ENSP00000493218","RPP25L","MFSD8",9606,0.451,0,0,0,0.064,0,0,0.438
"9606.ENSP00000297613","9606.ENSP00000304353","RPP25L","POP7",9606,0.999,0,0,0,0.13,0.999,0.9,0.344
"9606.ENSP00000298288","9606.ENSP00000330221","LRR1","SPSB1",9606,0.422,0,0,0,0.077,0,0.4,0
"9606.ENSP00000298288","9606.ENSP00000394331","LRR1","COMMD5",9606,0.517,0,0,0,0.075,0,0.5,0
"9606.ENSP00000298288","9606.ENSP00000480987","LRR1","MCM3",9606,0.91,0,0,0,0.266,0.8,0,0.439
"9606.ENSP00000299138","9606.ENSP00000481126","VPS35","VPS11",9606,0.406,0,0,0,0.095,0,0,0.371
"9606.ENSP00000299138","9606.ENSP00000437125","VPS35","HSPA8",9606,0.438,0,0,0,0.169,0,0,0.352
"9606.ENSP00000299138","9606.ENSP00000308820","VPS35","RIC3",9606,0.585,0,0,0,0.047,0,0,0.583
"9606.ENSP00000299138","9606.ENSP00000362010","VPS35","ANXA7",9606,0.664,0,0,0,0.214,0,0,0.591
"9606.ENSP00000299138","9606.ENSP00000356107","VPS35","RAB29",9606,0.721,0,0,0,0.075,0,0,0.711
"9606.ENSP00000299138","9606.ENSP00000314508","VPS35","GBA",9606,0.781,0,0,0,0.067,0,0,0.775
"9606.ENSP00000299138","9606.ENSP00000436649","VPS35","SAC3D1",9606,0.805,0,0,0,0.071,0.799,0,0
"9606.ENSP00000299138","9606.ENSP00000386710","VPS35","ATG9A",9606,0.813,0,0,0,0.066,0.486,0,0.642
"9606.ENSP00000299138","9606.ENSP00000483185","VPS35","AP2B1",9606,0.852,0,0,0,0.828,0,0,0.18
"9606.ENSP00000299138","9606.ENSP00000360329","VPS35","TTC4",9606,0.975,0,0,0,0.073,0.975,0,0
"9606.ENSP00000299138","9606.ENSP00000459943","VPS35","ANKFY1",9606,0.988,0,0,0,0.153,0.819,0.9,0.315
"9606.ENSP00000299163","9606.ENSP00000349168","HIF1AN","HNRNPH1",9606,0.457,0,0,0,0,0.457,0,0
"9606.ENSP00000299163","9606.ENSP00000459943","HIF1AN","ANKFY1",9606,0.465,0,0,0,0.1,0.396,0,0.096
"9606.ENSP00000300209","9606.ENSP00000351646","EEF1AKMT3","STIP1",9606,0.457,0,0,0,0,0.457,0,0
"9606.ENSP00000300209","9606.ENSP00000377958","EEF1AKMT3","CCT4",9606,0.457,0,0,0,0,0.457,0,0
"9606.ENSP00000300209","9606.ENSP00000437125","EEF1AKMT3","HSPA8",9606,0.523,0,0,0,0,0.457,0,0.158
"9606.ENSP00000300209","9606.ENSP00000354920","EEF1AKMT3","EEF1AKNMT",9606,0.689,0,0,0,0,0.281,0,0.586
"9606.ENSP00000300738","9606.ENSP00000321584","RRM1","IMPDH2",9606,0.402,0,0,0,0.189,0,0,0.293
"9606.ENSP00000300738","9606.ENSP00000442068","RRM1","CDCA3",9606,0.409,0,0,0,0.298,0,0,0.194
"9606.ENSP00000300738","9606.ENSP00000481762","RRM1","CSDE1",9606,0.422,0,0,0,0.342,0,0,0.159
"9606.ENSP00000300738","9606.ENSP00000362592","RRM1","RBBP4",9606,0.431,0,0,0,0.28,0.204,0,0.088
"9606.ENSP00000300738","9606.ENSP00000358089","RRM1","TIAL1",9606,0.437,0,0,0,0.075,0,0,0.417
"9606.ENSP00000300738","9606.ENSP00000482753","RRM1","C9orf72",9606,0.442,0,0,0,0,0.083,0,0.417
"9606.ENSP00000300738","9606.ENSP00000380070","RRM1","GAPDH",9606,0.499,0.055,0,0,0.094,0,0,0.462
"9606.ENSP00000300738","9606.ENSP00000362041","RRM1","DNAJC9",9606,0.515,0,0,0,0.492,0.046,0,0.081
"9606.ENSP00000300738","9606.ENSP00000380256","RRM1","CCNF",9606,0.549,0,0,0,0.308,0.219,0,0.234
"9606.ENSP00000300738","9606.ENSP00000483254","RRM1","HNRNPDL",9606,0.588,0,0,0,0.075,0.062,0,0.564
"9606.ENSP00000300738","9606.ENSP00000371253","RRM1","GART",9606,0.622,0.053,0,0,0.286,0,0,0.487
"9606.ENSP00000300738","9606.ENSP00000325017","RRM1","NCAPD2",9606,0.635,0,0,0,0.532,0,0,0.253
"9606.ENSP00000300738","9606.ENSP00000313007","RRM1","PABPC1",9606,0.741,0,0,0,0.109,0,0,0.722
"9606.ENSP00000300738","9606.ENSP00000468425","RRM1","TK1",9606,0.748,0.143,0,0,0.411,0,0,0.541
"9606.ENSP00000300738","9606.ENSP00000480987","RRM1","MCM3",9606,0.891,0,0,0,0.867,0,0,0.221
"9606.ENSP00000301488","9606.ENSP00000362592","CDK2AP2","RBBP4",9606,0.946,0,0,0,0.079,0.457,0.9,0.055
"9606.ENSP00000301738","9606.ENSP00000398698","KCTD5","TNF",9606,0.524,0,0,0,0,0.524,0,0
"9606.ENSP00000301738","9606.ENSP00000305260","KCTD5","GNB2",9606,0.564,0,0,0,0.104,0.458,0,0.176
"9606.ENSP00000301764","9606.ENSP00000348429","DDB1","ACSL5",9606,0.416,0,0,0,0,0.325,0,0.171
"9606.ENSP00000301764","9606.ENSP00000377958","DDB1","CCT4",9606,0.418,0,0,0,0.225,0.28,0,0
"9606.ENSP00000301764","9606.ENSP00000313050","DDB1","NIPSNAP2",9606,0.464,0,0,0,0.055,0.457,0,0
"9606.ENSP00000301764","9606.ENSP00000437125","DDB1","HSPA8",9606,0.466,0,0,0,0.155,0.309,0,0.159
"9606.ENSP00000301764","9606.ENSP00000332194","DDB1","H2AC20",9606,0.469,0,0,0,0,0,0,0.469
"9606.ENSP00000301764","9606.ENSP00000355028","DDB1","DZIP3",9606,0.483,0,0,0,0.062,0.457,0,0.067
"9606.ENSP00000301764","9606.ENSP00000397552","DDB1","ACTL6A",9606,0.505,0,0,0,0.153,0.045,0.4,0.101
"9606.ENSP00000301764","9606.ENSP00000394331","DDB1","COMMD5",9606,0.513,0,0,0,0.067,0,0.5,0
"9606.ENSP00000301764","9606.ENSP00000305260","DDB1","GNB2",9606,0.514,0,0,0,0.075,0.47,0,0.09
"9606.ENSP00000301764","9606.ENSP00000433760","DDB1","BANF1",9606,0.543,0,0,0,0.08,0.457,0,0.16
"9606.ENSP00000301764","9606.ENSP00000335321","DDB1","SF3B1",9606,0.586,0,0,0,0.32,0,0,0.417
"9606.ENSP00000301764","9606.ENSP00000494750","DDB1","ACTB",9606,0.615,0,0,0,0.077,0.118,0.4,0.305
"9606.ENSP00000301764","9606.ENSP00000316176","DDB1","UBE2N",9606,0.698,0,0,0,0.146,0.069,0.5,0.331
"9606.ENSP00000301764","9606.ENSP00000435619","DDB1","EID3",9606,0.81,0,0,0,0,0.8,0,0.09
"9606.ENSP00000301764","9606.ENSP00000367034","DDB1","H4C3",9606,0.814,0,0,0,0.062,0.8,0,0.089
"9606.ENSP00000301764","9606.ENSP00000483903","DDB1","H2BC15",9606,0.842,0,0,0,0,0.807,0,0.217
"9606.ENSP00000301764","9606.ENSP00000379931","DDB1","UBE2E2",9606,0.846,0,0,0,0.06,0.805,0,0.229
"9606.ENSP00000301764","9606.ENSP00000380256","DDB1","CCNF",9606,0.846,0,0,0,0.047,0.802,0,0.25
"9606.ENSP00000301764","9606.ENSP00000305790","DDB1","SF3B3",9606,0.88,0,0,0,0.849,0.069,0,0.217
"9606.ENSP00000301764","9606.ENSP00000362592","DDB1","RBBP4",9606,0.983,0,0,0,0.162,0.975,0,0.265
"9606.ENSP00000301764","9606.ENSP00000483236","DDB1","DCAF7",9606,0.997,0,0,0,0.076,0.956,0.9,0.564
"9606.ENSP00000301764","9606.ENSP00000355114","DDB1","DCAF12",9606,0.999,0,0,0,0.075,0.999,0.9,0.595
"9606.ENSP00000303908","9606.ENSP00000358921","TWF2","ACTR1A",9606,0.525,0,0,0,0.211,0.377,0,0.113
"9606.ENSP00000303908","9606.ENSP00000458162","TWF2","ACTG1",9606,0.821,0,0,0,0.075,0.758,0,0.268
"9606.ENSP00000303908","9606.ENSP00000494750","TWF2","ACTB",9606,0.95,0,0,0,0.076,0.939,0,0.194
"9606.ENSP00000303908","9606.ENSP00000449428","TWF2","TWF1",9606,0.991,0,0,0.055,0.085,0.983,0.5,0.065
"9606.ENSP00000303908","9606.ENSP00000361883","TWF2","CAP1",9606,0.999,0,0,0,0.213,0.999,0,0.42
"9606.ENSP00000303987","9606.ENSP00000354762","TMEM223","COA3",9606,0.572,0,0,0,0.13,0.456,0,0.17
"9606.ENSP00000304903","9606.ENSP00000380256","CD2BP2","CCNF",9606,0.467,0,0,0,0.06,0.457,0,0
"9606.ENSP00000304903","9606.ENSP00000433760","CD2BP2","BANF1",9606,0.476,0,0,0,0.075,0.457,0,0
"9606.ENSP00000304903","9606.ENSP00000305790","CD2BP2","SF3B3",9606,0.478,0,0,0,0.075,0.183,0,0.365
"9606.ENSP00000304903","9606.ENSP00000310723","CD2BP2","DDX23",9606,0.999,0,0,0,0.191,0.999,0.9,0.645
"9606.ENSP00000305260","9606.ENSP00000359911","GNB2","RAP2C",9606,0.42,0,0,0,0.19,0.075,0,0.289
"9606.ENSP00000305260","9606.ENSP00000380256","GNB2","CCNF",9606,0.469,0,0,0,0.062,0.457,0,0.042
"9606.ENSP00000305260","9606.ENSP00000377958","GNB2","CCT4",9606,0.585,0,0,0,0.079,0.164,0.5,0.05
"9606.ENSP00000305260","9606.ENSP00000378483","GNB2","RGS19",9606,0.59,0,0,0,0.111,0,0.5,0.152
"9606.ENSP00000305260","9606.ENSP00000369899","GNB2","RRAGA",9606,0.594,0,0,0,0.108,0,0.54,0.091
"9606.ENSP00000305260","9606.ENSP00000323867","GNB2","PRKAG1",9606,0.757,0,0,0,0.095,0.28,0.65,0.064
"9606.ENSP00000305260","9606.ENSP00000360141","GNB2","GNAS",9606,0.999,0,0,0,0.2,0.989,0.9,0.527
"9606.ENSP00000305790","9606.ENSP00000452123","SF3B3","SRSF5",9606,0.422,0,0,0,0.132,0.1,0,0.32
"9606.ENSP00000305790","9606.ENSP00000425031","SF3B3","HNRNPAB",9606,0.435,0,0,0,0.297,0.094,0,0.185
"9606.ENSP00000305790","9606.ENSP00000380256","SF3B3","CCNF",9606,0.481,0,0,0,0.085,0.457,0,0
"9606.ENSP00000305790","9606.ENSP00000339001","SF3B3","TUBB",9606,0.516,0,0,0,0.092,0.445,0,0.117
"9606.ENSP00000305790","9606.ENSP00000317872","SF3B3","RBBP6",9606,0.522,0,0,0,0.075,0,0.5,0.05
"9606.ENSP00000305790","9606.ENSP00000376276","SF3B3","SRSF2",9606,0.555,0,0,0,0.077,0.262,0,0.4
"9606.ENSP00000305790","9606.ENSP00000325905","SF3B3","SRSF7",9606,0.622,0,0,0,0.213,0.341,0,0.33
"9606.ENSP00000305790","9606.ENSP00000416269","SF3B3","DDX39B",9606,0.649,0,0,0,0.361,0.305,0,0.275
"9606.ENSP00000305790","9606.ENSP00000358939","SF3B3","SARS1",9606,0.78,0,0,0,0.064,0.762,0,0.094
"9606.ENSP00000305790","9606.ENSP00000497641","SF3B3","EIF4A3",9606,0.914,0,0,0,0.205,0.876,0,0.2
"9606.ENSP00000305790","9606.ENSP00000310723","SF3B3","DDX23",9606,0.918,0,0,0,0.257,0.822,0,0.431
"9606.ENSP00000305790","9606.ENSP00000432886","SF3B3","RNPC3",9606,0.976,0,0,0,0,0.768,0.9,0.086
"9606.ENSP00000305790","9606.ENSP00000396301","SF3B3","IK",9606,0.989,0,0,0,0.075,0.9,0.9,0
"9606.ENSP00000305790","9606.ENSP00000335321","SF3B3","SF3B1",9606,0.999,0,0,0,0.623,0.999,0.9,0.767
"9606.ENSP00000305839","9606.ENSP00000336799","GPRIN1","TUBA1B",9606,0.562,0,0,0,0.075,0,0,0.546
"9606.ENSP00000306105","9606.ENSP00000367476","CEP89","CEP104",9606,0.597,0,0,0,0.095,0,0,0.573
"9606.ENSP00000306788","9606.ENSP00000380352","ARL6IP1","DDHD2",9606,0.42,0,0,0,0.073,0,0,0.4
"9606.ENSP00000306788","9606.ENSP00000470560","ARL6IP1","EMG1",9606,0.508,0,0,0,0.091,0.474,0,0.054
"9606.ENSP00000306788","9606.ENSP00000328854","ARL6IP1","NOC4L",9606,0.529,0,0,0,0,0.511,0,0.078
"9606.ENSP00000306788","9606.ENSP00000360850","ARL6IP1","MRPS2",9606,0.555,0.052,0,0,0.302,0.31,0,0.142
"9606.ENSP00000306788","9606.ENSP00000326981","ARL6IP1","IMP3",9606,0.677,0.061,0,0,0.392,0.444,0,0.105
"9606.ENSP00000306788","9606.ENSP00000358812","ARL6IP1","PDCD11",9606,0.803,0.042,0,0,0.553,0.537,0,0.127
"9606.ENSP00000306788","9606.ENSP00000496250","ARL6IP1","RPL11",9606,0.873,0.091,0,0,0.436,0.715,0,0.235
"9606.ENSP00000307260","9606.ENSP00000380256","TBL2","CCNF",9606,0.505,0,0,0,0.068,0.457,0,0.102
"9606.ENSP00000307900","9606.ENSP00000487136","GLUL","OXNAD1",9606,0.417,0,0,0,0.091,0,0.311,0.145
"9606.ENSP00000307900","9606.ENSP00000494750","GLUL","ACTB",9606,0.464,0,0,0,0.084,0,0,0.439
"9606.ENSP00000307900","9606.ENSP00000495530","GLUL","ENO1",9606,0.472,0,0,0,0.121,0.074,0,0.404
"9606.ENSP00000307900","9606.ENSP00000449756","GLUL","SLC38A1",9606,0.504,0,0,0,0.107,0,0,0.468
"9606.ENSP00000307900","9606.ENSP00000371253","GLUL","GART",9606,0.589,0.118,0,0,0,0.331,0,0.36
"9606.ENSP00000307900","9606.ENSP00000444408","GLUL","SLC1A5",9606,0.605,0,0,0,0.061,0,0,0.597
"9606.ENSP00000307900","9606.ENSP00000380070","GLUL","GAPDH",9606,0.663,0.09,0,0,0.109,0.069,0,0.607
"9606.ENSP00000307900","9606.ENSP00000349168","GLUL","HNRNPH1",9606,0.723,0,0,0,0.104,0.695,0,0.071
"9606.ENSP00000307900","9606.ENSP00000368646","GLUL","PRDX4",9606,0.785,0,0,0,0.058,0,0,0.782
"9606.ENSP00000307900","9606.ENSP00000325548","GLUL","CNDP2",9606,0.826,0.057,0,0,0.083,0,0.8,0.117
"9606.ENSP00000307900","9606.ENSP00000360268","GLUL","ALDH18A1",9606,0.928,0.12,0,0,0,0,0.8,0.624
"9606.ENSP00000308193","9606.ENSP00000361883","RNASEH2C","CAP1",9606,0.412,0,0,0,0.062,0.399,0,0
"9606.ENSP00000308193","9606.ENSP00000429323","RNASEH2C","EIF2B4",9606,0.443,0,0,0,0.075,0,0,0.423
"9606.ENSP00000308430","9606.ENSP00000349168","CYB5B","HNRNPH1",9606,0.476,0,0,0,0.072,0.457,0,0.045
"9606.ENSP00000308430","9606.ENSP00000316476","CYB5B","DEGS1",9606,0.82,0,0,0,0.09,0,0.75,0.274
"9606.ENSP00000308820","9606.ENSP00000314508","RIC3","GBA",9606,0.497,0,0,0,0.046,0,0,0.495
"9606.ENSP00000308820","9606.ENSP00000387007","RIC3","NCAPG2",9606,0.672,0,0,0,0,0.672,0,0
"9606.ENSP00000309749","9606.ENSP00000425031","APOBEC3F","HNRNPAB",9606,0.727,0,0,0,0.067,0,0.72,0
"9606.ENSP00000309749","9606.ENSP00000355340","APOBEC3F","APOBEC3C",9606,0.868,0,0,0.052,0.828,0,0,0.259
"9606.ENSP00000310226","9606.ENSP00000386710","RAB1B","ATG9A",9606,0.406,0,0,0,0.095,0.119,0,0.315
"9606.ENSP00000310226","9606.ENSP00000359911","RAB1B","RAP2C",9606,0.466,0,0,0.103,0.176,0.327,0,0.054
"9606.ENSP00000310226","9606.ENSP00000449270","RAB1B","COPZ1",9606,0.717,0,0,0,0.258,0.068,0.5,0.279
"9606.ENSP00000310226","9606.ENSP00000463393","RAB1B","SEC22B",9606,0.839,0,0,0,0.148,0.419,0.5,0.428
"9606.ENSP00000310226","9606.ENSP00000317473","RAB1B","RABGGTB",9606,0.898,0,0,0,0.065,0.737,0.5,0.272
"9606.ENSP00000310226","9606.ENSP00000369538","RAB1B","GDI2",9606,0.999,0,0,0,0.12,0.999,0.5,0.352
"9606.ENSP00000310623","9606.ENSP00000437125","ISCU","HSPA8",9606,0.446,0.059,0,0,0.247,0.18,0,0.16
"9606.ENSP00000310623","9606.ENSP00000358149","ISCU","BOLA1",9606,0.964,0,0,0,0.047,0,0.9,0.653
"9606.ENSP00000310623","9606.ENSP00000452007","ISCU","ISCA2",9606,0.994,0.12,0,0,0.721,0,0.9,0.812
"9606.ENSP00000310723","9606.ENSP00000358812","DDX23","PDCD11",9606,0.43,0,0,0,0.304,0.144,0,0.121
"9606.ENSP00000310723","9606.ENSP00000452123","DDX23","SRSF5",9606,0.433,0.042,0,0,0.219,0.086,0,0.27
"9606.ENSP00000310723","9606.ENSP00000339001","DDX23","TUBB",9606,0.453,0,0,0,0.075,0.425,0,0.055
"9606.ENSP00000310723","9606.ENSP00000380256","DDX23","CCNF",9606,0.476,0,0,0,0.075,0.457,0,0
"9606.ENSP00000310723","9606.ENSP00000325905","DDX23","SRSF7",9606,0.496,0,0,0,0.187,0.177,0,0.308
"9606.ENSP00000310723","9606.ENSP00000396301","DDX23","IK",9606,0.896,0,0,0,0.339,0.832,0,0.146
"9606.ENSP00000310723","9606.ENSP00000335321","DDX23","SF3B1",9606,0.93,0,0,0,0.376,0.8,0,0.488
"9606.ENSP00000312664","9606.ENSP00000494750","CASP2","ACTB",9606,0.437,0,0,0,0.073,0.093,0,0.385
"9606.ENSP00000312664","9606.ENSP00000398698","CASP2","TNF",9606,0.461,0,0,0,0.055,0.081,0,0.43
"9606.ENSP00000313007","9606.ENSP00000410769","PABPC1","CNBP",9606,0.413,0,0,0,0.212,0.085,0,0.252
"9606.ENSP00000313007","9606.ENSP00000335321","PABPC1","SF3B1",9606,0.418,0,0,0,0.289,0.069,0,0.192
"9606.ENSP00000313007","9606.ENSP00000325905","PABPC1","SRSF7",9606,0.424,0,0,0,0.194,0,0,0.315
"9606.ENSP00000313007","9606.ENSP00000443475","PABPC1","TUBA1C",9606,0.432,0,0,0,0.337,0.064,0,0.159
"9606.ENSP00000313007","9606.ENSP00000376276","PABPC1","SRSF2",9606,0.436,0,0,0,0.2,0,0,0.325
"9606.ENSP00000313007","9606.ENSP00000336799","PABPC1","TUBA1B",9606,0.437,0,0,0,0.339,0.064,0,0.164
"9606.ENSP00000313007","9606.ENSP00000458162","PABPC1","ACTG1",9606,0.44,0,0,0,0.356,0,0,0.167
"9606.ENSP00000313007","9606.ENSP00000377958","PABPC1","CCT4",9606,0.457,0,0,0,0.346,0,0,0.204
"9606.ENSP00000313007","9606.ENSP00000452123","PABPC1","SRSF5",9606,0.459,0,0,0,0.277,0.132,0,0.208
"9606.ENSP00000313007","9606.ENSP00000415034","PABPC1","NBEAL2",9606,0.475,0,0,0,0.075,0.456,0,0
"9606.ENSP00000313007","9606.ENSP00000380256","PABPC1","CCNF",9606,0.48,0,0,0,0,0.457,0,0.082
"9606.ENSP00000313007","9606.ENSP00000404854","PABPC1","NDRG1",9606,0.527,0,0,0,0.075,0.456,0,0.137
"9606.ENSP00000313007","9606.ENSP00000483254","PABPC1","HNRNPDL",9606,0.54,0,0,0,0.309,0.183,0,0.252
"9606.ENSP00000313007","9606.ENSP00000358089","PABPC1","TIAL1",9606,0.566,0,0,0.107,0.153,0.329,0,0.246
"9606.ENSP00000313007","9606.ENSP00000425031","PABPC1","HNRNPAB",9606,0.583,0,0,0,0.115,0.477,0,0.172
"9606.ENSP00000313007","9606.ENSP00000349168","PABPC1","HNRNPH1",9606,0.587,0,0,0,0.324,0.129,0,0.356
"9606.ENSP00000313007","9606.ENSP00000364448","PABPC1","UPF3A",9606,0.588,0,0,0,0.061,0,0,0.58
"9606.ENSP00000313007","9606.ENSP00000346483","PABPC1","DDRGK1",9606,0.594,0,0,0,0.071,0.581,0,0
"9606.ENSP00000313007","9606.ENSP00000380070","PABPC1","GAPDH",9606,0.61,0,0,0,0.324,0.117,0,0.4
"9606.ENSP00000313007","9606.ENSP00000466718","PABPC1","LSM12",9606,0.637,0,0,0,0.1,0.364,0,0.417
"9606.ENSP00000313007","9606.ENSP00000494750","PABPC1","ACTB",9606,0.643,0,0,0,0.384,0.115,0,0.399
"9606.ENSP00000313007","9606.ENSP00000416269","PABPC1","DDX39B",9606,0.645,0,0,0,0.22,0.381,0,0.324
"9606.ENSP00000313007","9606.ENSP00000496250","PABPC1","RPL11",9606,0.752,0,0,0,0.657,0.108,0,0.255
"9606.ENSP00000313007","9606.ENSP00000379181","PABPC1","RAE1",9606,0.821,0,0,0,0.066,0.21,0,0.777
"9606.ENSP00000313007","9606.ENSP00000497641","PABPC1","EIF4A3",9606,0.963,0,0,0,0.159,0.806,0.5,0.603
"9606.ENSP00000313007","9606.ENSP00000481762","PABPC1","CSDE1",9606,0.984,0,0,0,0.387,0.249,0.9,0.711
"9606.ENSP00000313007","9606.ENSP00000437125","PABPC1","HSPA8",9606,0.996,0,0,0,0.809,0.717,0.8,0.678
"9606.ENSP00000313050","9606.ENSP00000444408","NIPSNAP2","SLC1A5",9606,0.404,0,0,0,0,0,0.4,0.048
"9606.ENSP00000313050","9606.ENSP00000336799","NIPSNAP2","TUBA1B",9606,0.443,0,0,0,0.111,0,0.4,0
"9606.ENSP00000313050","9606.ENSP00000416269","NIPSNAP2","DDX39B",9606,0.467,0,0,0,0.06,0.457,0,0
"9606.ENSP00000313050","9606.ENSP00000361883","NIPSNAP2","CAP1",9606,0.468,0,0,0,0.062,0.457,0,0
"9606.ENSP00000313050","9606.ENSP00000458162","NIPSNAP2","ACTG1",9606,0.468,0,0,0,0.061,0.457,0,0
"9606.ENSP00000313050","9606.ENSP00000494750","NIPSNAP2","ACTB",9606,0.481,0,0,0,0.059,0.457,0,0.066
"9606.ENSP00000313050","9606.ENSP00000435210","NIPSNAP2","BCLAF1",9606,0.483,0,0,0,0.087,0.457,0,0
"9606.ENSP00000313050","9606.ENSP00000413625","NIPSNAP2","FNBP1",9606,0.514,0,0,0,0.066,0,0.4,0.204
"9606.ENSP00000313050","9606.ENSP00000320309","NIPSNAP2","FARSA",9606,0.515,0,0,0,0.066,0.457,0,0.121
"9606.ENSP00000313050","9606.ENSP00000377245","NIPSNAP2","KEAP1",9606,0.863,0,0,0,0.059,0.86,0,0.05
"9606.ENSP00000313318","9606.ENSP00000350949","SLC35C1","GMPPA",9606,0.453,0,0,0,0.154,0,0,0.381
"9606.ENSP00000313318","9606.ENSP00000390784","SLC35C1","B3GALT4",9606,0.457,0,0,0,0.075,0,0,0.438
"9606.ENSP00000313318","9606.ENSP00000318142","SLC35C1","FUT7",9606,0.54,0,0,0,0.061,0,0,0.531
"9606.ENSP00000314508","9606.ENSP00000483236","GBA","DCAF7",9606,0.42,0,0,0,0.073,0,0.4,0
"9606.ENSP00000314508","9606.ENSP00000380070","GBA","GAPDH",9606,0.427,0,0,0,0.108,0,0,0.384
"9606.ENSP00000314508","9606.ENSP00000482753","GBA","C9orf72",9606,0.465,0,0,0,0,0,0,0.465
"9606.ENSP00000314508","9606.ENSP00000354610","GBA","AMY2B",9606,0.473,0,0,0,0.123,0,0,0.424
"9606.ENSP00000314508","9606.ENSP00000356107","GBA","RAB29",9606,0.475,0,0,0,0.076,0,0,0.456
"9606.ENSP00000314508","9606.ENSP00000377958","GBA","CCT4",9606,0.617,0,0,0,0.075,0.224,0.5,0.06
"9606.ENSP00000314508","9606.ENSP00000316476","GBA","DEGS1",9606,0.933,0,0,0,0.071,0,0.9,0.337
"9606.ENSP00000315476","9606.ENSP00000380256","EXOSC4","CCNF",9606,0.469,0,0,0,0.063,0.457,0,0
"9606.ENSP00000315476","9606.ENSP00000350698","EXOSC4","DDX47",9606,0.692,0,0,0,0.227,0.368,0.4,0.075
"9606.ENSP00000315476","9606.ENSP00000358812","EXOSC4","PDCD11",9606,0.739,0.049,0,0,0.177,0.447,0.4,0.15
"9606.ENSP00000315476","9606.ENSP00000328854","EXOSC4","NOC4L",9606,0.744,0,0,0,0.34,0.406,0.4,0
"9606.ENSP00000315476","9606.ENSP00000326981","EXOSC4","IMP3",9606,0.782,0.073,0,0,0.412,0.406,0.4,0.055
"9606.ENSP00000315476","9606.ENSP00000496250","EXOSC4","RPL11",9606,0.827,0.043,0,0,0.13,0.8,0,0.085
"9606.ENSP00000315476","9606.ENSP00000470560","EXOSC4","EMG1",9606,0.84,0,0,0,0.505,0.473,0.4,0.102
"9606.ENSP00000315476","9606.ENSP00000400646","EXOSC4","PNPT1",9606,0.941,0,0,0,0.114,0,0.844,0.613
"9606.ENSP00000315476","9606.ENSP00000361433","EXOSC4","EXOSC2",9606,0.999,0,0.408,0,0.659,0.999,0.9,0.929
"9606.ENSP00000316042","9606.ENSP00000387996","HNRNPA0","CSTF2",9606,0.445,0,0,0.327,0.09,0,0,0.168
"9606.ENSP00000316042","9606.ENSP00000415034","HNRNPA0","NBEAL2",9606,0.456,0,0,0,0,0.456,0,0
"9606.ENSP00000316042","9606.ENSP00000497641","HNRNPA0","EIF4A3",9606,0.497,0,0,0,0.266,0.262,0,0.147
"9606.ENSP00000316042","9606.ENSP00000452123","HNRNPA0","SRSF5",9606,0.551,0,0,0,0.191,0.262,0,0.309
"9606.ENSP00000316042","9606.ENSP00000358089","HNRNPA0","TIAL1",9606,0.601,0,0,0.193,0.395,0.072,0,0.225
"9606.ENSP00000316042","9606.ENSP00000335321","HNRNPA0","SF3B1",9606,0.664,0,0,0,0.207,0.534,0,0.166
"9606.ENSP00000316042","9606.ENSP00000325905","HNRNPA0","SRSF7",9606,0.708,0,0,0,0.573,0,0,0.346
"9606.ENSP00000316042","9606.ENSP00000416269","HNRNPA0","DDX39B",9606,0.737,0,0,0,0.696,0.103,0,0.115
"9606.ENSP00000316042","9606.ENSP00000483254","HNRNPA0","HNRNPDL",9606,0.752,0,0,0.12,0.533,0.386,0,0.136
"9606.ENSP00000316042","9606.ENSP00000376276","HNRNPA0","SRSF2",9606,0.759,0,0,0.499,0.329,0,0,0.343
"9606.ENSP00000316042","9606.ENSP00000380256","HNRNPA0","CCNF",9606,0.805,0,0,0,0.059,0.802,0,0
"9606.ENSP00000316042","9606.ENSP00000425031","HNRNPA0","HNRNPAB",9606,0.819,0,0,0.132,0.681,0.336,0,0.135
"9606.ENSP00000316042","9606.ENSP00000349168","HNRNPA0","HNRNPH1",9606,0.993,0,0,0,0.707,0.85,0.8,0.384
"9606.ENSP00000316176","9606.ENSP00000351646","UBE2N","STIP1",9606,0.462,0,0,0,0.209,0.064,0,0.332
"9606.ENSP00000316176","9606.ENSP00000377958","UBE2N","CCT4",9606,0.467,0,0,0,0.467,0,0,0
"9606.ENSP00000316176","9606.ENSP00000380070","UBE2N","GAPDH",9606,0.474,0,0,0,0.157,0.061,0,0.389
"9606.ENSP00000316176","9606.ENSP00000478877","UBE2N","ADRM1",9606,0.498,0,0,0,0.243,0.167,0,0.268
"9606.ENSP00000316176","9606.ENSP00000349168","UBE2N","HNRNPH1",9606,0.507,0,0,0,0.13,0.457,0,0
"9606.ENSP00000316176","9606.ENSP00000369899","UBE2N","RRAGA",9606,0.532,0,0,0,0.103,0,0.5,0
"9606.ENSP00000316176","9606.ENSP00000464087","UBE2N","RNF213",9606,0.574,0,0,0,0.056,0.457,0,0.236
"9606.ENSP00000316176","9606.ENSP00000493302","UBE2N","PNPO",9606,0.591,0,0.562,0,0.105,0,0,0
"9606.ENSP00000316176","9606.ENSP00000483903","UBE2N","H2BC15",9606,0.624,0,0,0,0.095,0.129,0.5,0.159
"9606.ENSP00000316176","9606.ENSP00000332194","UBE2N","H2AC20",9606,0.677,0,0,0,0.094,0.098,0,0.637
"9606.ENSP00000316176","9606.ENSP00000322775","UBE2N","RHBDF2",9606,0.834,0,0,0,0,0.802,0,0.196
"9606.ENSP00000316176","9606.ENSP00000398698","UBE2N","TNF",9606,0.901,0,0,0,0.061,0.778,0,0.564
"9606.ENSP00000316512","9606.ENSP00000429323","TLK2","EIF2B4",9606,0.45,0,0,0,0.078,0,0,0.428
"9606.ENSP00000316512","9606.ENSP00000389383","TLK2","STK11IP",9606,0.521,0,0,0,0.094,0,0,0.494
"9606.ENSP00000316512","9606.ENSP00000435619","TLK2","EID3",9606,0.602,0,0,0,0.075,0.588,0,0
"9606.ENSP00000317473","9606.ENSP00000362027","RABGGTB","TRMT2B",9606,0.515,0,0,0,0,0.515,0,0
"9606.ENSP00000317473","9606.ENSP00000356107","RABGGTB","RAB29",9606,0.554,0,0,0,0.059,0,0.5,0.13
"9606.ENSP00000317473","9606.ENSP00000369538","RABGGTB","GDI2",9606,0.704,0,0,0,0.131,0.511,0,0.361
"9606.ENSP00000317473","9606.ENSP00000359911","RABGGTB","RAP2C",9606,0.861,0,0,0,0.075,0.854,0,0.054
"9606.ENSP00000317872","9606.ENSP00000435210","RBBP6","BCLAF1",9606,0.445,0,0,0,0.308,0.217,0,0.059
"9606.ENSP00000317872","9606.ENSP00000349168","RBBP6","HNRNPH1",9606,0.578,0,0,0,0.109,0,0.5,0.129
"9606.ENSP00000317872","9606.ENSP00000376276","RBBP6","SRSF2",9606,0.604,0,0,0,0.134,0,0.5,0.159
"9606.ENSP00000317872","9606.ENSP00000452123","RBBP6","SRSF5",9606,0.669,0,0,0,0.115,0.282,0.5,0.083
"9606.ENSP00000317872","9606.ENSP00000335321","RBBP6","SF3B1",9606,0.677,0,0,0,0.185,0.212,0.5,0.113
"9606.ENSP00000317872","9606.ENSP00000325905","RBBP6","SRSF7",9606,0.802,0,0,0,0.084,0.573,0.5,0.11
"9606.ENSP00000317872","9606.ENSP00000387996","RBBP6","CSTF2",9606,0.946,0,0,0,0.075,0.723,0.5,0.631
"9606.ENSP00000318142","9606.ENSP00000332073","FUT7","MGAT1",9606,0.407,0,0,0,0.07,0,0,0.389
"9606.ENSP00000318142","9606.ENSP00000332062","FUT7","SNX20",9606,0.696,0,0,0,0.157,0,0,0.655
"9606.ENSP00000318374","9606.ENSP00000383059","LENG8","ARGLU1",9606,0.442,0,0,0,0.219,0,0,0.315
"9606.ENSP00000318374","9606.ENSP00000383611","LENG8","CCNL2",9606,0.51,0,0,0,0.236,0,0,0.385
"9606.ENSP00000318374","9606.ENSP00000496842","LENG8","PNISR",9606,0.51,0,0,0,0.18,0.193,0,0.32
"9606.ENSP00000318374","9606.ENSP00000416269","LENG8","DDX39B",9606,0.853,0,0,0,0.154,0.8,0,0.201
"9606.ENSP00000320309","9606.ENSP00000360850","FARSA","MRPS2",9606,0.401,0.044,0,0,0.353,0,0,0.11
"9606.ENSP00000320309","9606.ENSP00000358812","FARSA","PDCD11",9606,0.414,0.115,0,0,0.261,0,0,0.177
"9606.ENSP00000320309","9606.ENSP00000498336","FARSA","MTHFD1",9606,0.441,0.058,0,0,0.175,0.331,0,0.053
"9606.ENSP00000320309","9606.ENSP00000415034","FARSA","NBEAL2",9606,0.456,0,0,0,0,0.456,0,0
"9606.ENSP00000320309","9606.ENSP00000351646","FARSA","STIP1",9606,0.463,0.046,0,0,0.461,0,0,0
"9606.ENSP00000320309","9606.ENSP00000496250","FARSA","RPL11",9606,0.469,0,0,0,0.386,0,0,0.172
"9606.ENSP00000320309","9606.ENSP00000400646","FARSA","PNPT1",9606,0.48,0.052,0,0,0.415,0,0,0.139
"9606.ENSP00000320309","9606.ENSP00000358939","FARSA","SARS1",9606,0.569,0,0,0,0.319,0,0,0.394
"9606.ENSP00000320309","9606.ENSP00000328854","FARSA","NOC4L",9606,0.652,0,0,0,0.413,0,0,0.433
"9606.ENSP00000320309","9606.ENSP00000347495","FARSA","WARS1",9606,0.668,0.102,0,0,0.217,0,0,0.566
"9606.ENSP00000320309","9606.ENSP00000362824","FARSA","OGT",9606,0.79,0,0,0,0.069,0.784,0,0
"9606.ENSP00000320309","9606.ENSP00000380256","FARSA","CCNF",9606,0.809,0,0,0,0.075,0.802,0,0
"9606.ENSP00000321584","9606.ENSP00000380070","IMPDH2","GAPDH",9606,0.437,0.042,0,0,0.185,0.065,0,0.32
"9606.ENSP00000321584","9606.ENSP00000360268","IMPDH2","ALDH18A1",9606,0.443,0.042,0,0,0.176,0,0,0.352
"9606.ENSP00000321584","9606.ENSP00000496250","IMPDH2","RPL11",9606,0.491,0,0,0,0.363,0,0,0.235
"9606.ENSP00000321584","9606.ENSP00000388001","IMPDH2","OAS1",9606,0.497,0,0,0,0,0,0,0.497
"9606.ENSP00000321584","9606.ENSP00000495530","IMPDH2","ENO1",9606,0.502,0.053,0,0,0.328,0.075,0,0.255
"9606.ENSP00000321584","9606.ENSP00000377958","IMPDH2","CCT4",9606,0.512,0.054,0,0,0.473,0.063,0,0.08
"9606.ENSP00000321584","9606.ENSP00000400646","IMPDH2","PNPT1",9606,0.554,0.079,0,0,0.153,0.408,0,0.15
"9606.ENSP00000321584","9606.ENSP00000361965","IMPDH2","ADA",9606,0.592,0.057,0,0,0.12,0.074,0.164,0.464
"9606.ENSP00000321584","9606.ENSP00000371253","IMPDH2","GART",9606,0.812,0.272,0,0,0.367,0,0,0.625
"9606.ENSP00000321636","9606.ENSP00000483903","TOP3A","H2BC15",9606,0.523,0,0,0,0.058,0,0.5,0.07
"9606.ENSP00000321636","9606.ENSP00000483397","TOP3A","FSBP",9606,0.683,0.042,0,0,0.189,0.393,0,0.409
"9606.ENSP00000321636","9606.ENSP00000367910","TOP3A","FANCG",9606,0.999,0,0,0,0.123,0.999,0,0.714
"9606.ENSP00000322373","9606.ENSP00000362166","PLEKHF2","MEAF6",9606,0.538,0,0,0,0.079,0.519,0,0
"9606.ENSP00000322524","9606.ENSP00000468425","DCTPP1","TK1",9606,0.4,0,0,0,0.177,0,0,0.301
"9606.ENSP00000322524","9606.ENSP00000425031","DCTPP1","HNRNPAB",9606,0.49,0,0,0,0.193,0,0,0.395
"9606.ENSP00000322775","9606.ENSP00000398698","RHBDF2","TNF",9606,0.549,0,0,0,0.075,0,0,0.533
"9606.ENSP00000323867","9606.ENSP00000386710","PRKAG1","ATG9A",9606,0.417,0,0,0,0.155,0.28,0,0.119
"9606.ENSP00000323867","9606.ENSP00000496250","PRKAG1","RPL11",9606,0.44,0,0,0,0.082,0.416,0,0
"9606.ENSP00000323867","9606.ENSP00000380256","PRKAG1","CCNF",9606,0.47,0,0,0,0.064,0.457,0,0
"9606.ENSP00000323867","9606.ENSP00000380070","PRKAG1","GAPDH",9606,0.49,0.042,0,0,0.095,0.315,0,0.244
"9606.ENSP00000323867","9606.ENSP00000371253","PRKAG1","GART",9606,0.537,0.282,0,0,0.108,0,0,0.336
"9606.ENSP00000323867","9606.ENSP00000338990","PRKAG1","ATG101",9606,0.548,0,0,0,0.075,0,0.5,0.103
"9606.ENSP00000323867","9606.ENSP00000437125","PRKAG1","HSPA8",9606,0.576,0,0,0,0.109,0.24,0.4,0.08
"9606.ENSP00000323867","9606.ENSP00000369899","PRKAG1","RRAGA",9606,0.653,0,0,0,0.219,0,0.5,0.183
"9606.ENSP00000325017","9606.ENSP00000400646","NCAPD2","PNPT1",9606,0.478,0,0,0,0.075,0.459,0,0
"9606.ENSP00000325017","9606.ENSP00000415430","NCAPD2","GTSE1",9606,0.501,0,0,0,0.341,0,0,0.274
"9606.ENSP00000325017","9606.ENSP00000380256","NCAPD2","CCNF",9606,0.507,0,0,0,0.326,0.219,0,0.139
"9606.ENSP00000325017","9606.ENSP00000442068","NCAPD2","CDCA3",9606,0.61,0,0,0,0.373,0,0,0.404
"9606.ENSP00000325017","9606.ENSP00000414109","NCAPD2","HJURP",9606,0.647,0,0,0,0.295,0,0,0.52
"9606.ENSP00000325017","9606.ENSP00000480987","NCAPD2","MCM3",9606,0.685,0,0,0,0.464,0,0,0.438
"9606.ENSP00000325017","9606.ENSP00000387007","NCAPD2","NCAPG2",9606,0.997,0,0,0,0.55,0.166,0.9,0.935
"9606.ENSP00000325240","9606.ENSP00000380878","LASP1","PPP3CC",9606,0.492,0,0,0,0.06,0.481,0,0.043
"9606.ENSP00000325240","9606.ENSP00000376123","LASP1","SH2D2A",9606,0.598,0,0,0,0,0.598,0,0
"9606.ENSP00000325240","9606.ENSP00000413625","LASP1","FNBP1",9606,0.686,0,0,0,0.075,0,0,0.675
"9606.ENSP00000325548","9606.ENSP00000404854","CNDP2","NDRG1",9606,0.492,0,0,0,0.1,0.456,0,0.047
"9606.ENSP00000325548","9606.ENSP00000360268","CNDP2","ALDH18A1",9606,0.518,0.271,0,0,0,0,0,0.367
"9606.ENSP00000325548","9606.ENSP00000369538","CNDP2","GDI2",9606,0.654,0,0,0,0.633,0,0,0.097
"9606.ENSP00000325905","9606.ENSP00000383059","SRSF7","ARGLU1",9606,0.418,0,0,0,0.221,0.108,0,0.231
"9606.ENSP00000325905","9606.ENSP00000437125","SRSF7","HSPA8",9606,0.44,0,0,0,0.33,0.116,0,0.131
"9606.ENSP00000325905","9606.ENSP00000496842","SRSF7","PNISR",9606,0.464,0,0,0,0.2,0,0,0.358
"9606.ENSP00000325905","9606.ENSP00000425031","SRSF7","HNRNPAB",9606,0.515,0,0,0,0.261,0,0,0.371
"9606.ENSP00000325905","9606.ENSP00000358089","SRSF7","TIAL1",9606,0.534,0,0,0,0.338,0,0,0.325
"9606.ENSP00000325905","9606.ENSP00000379181","SRSF7","RAE1",9606,0.555,0,0,0,0.104,0.073,0.4,0.214
"9606.ENSP00000325905","9606.ENSP00000435210","SRSF7","BCLAF1",9606,0.562,0,0,0,0.403,0.114,0,0.24
"9606.ENSP00000325905","9606.ENSP00000335321","SRSF7","SF3B1",9606,0.584,0,0,0,0.245,0.285,0,0.292
"9606.ENSP00000325905","9606.ENSP00000380256","SRSF7","CCNF",9606,0.705,0,0,0,0.047,0.704,0,0
"9606.ENSP00000325905","9606.ENSP00000383611","SRSF7","CCNL2",9606,0.716,0,0,0,0.103,0.518,0,0.398
"9606.ENSP00000325905","9606.ENSP00000483254","SRSF7","HNRNPDL",9606,0.772,0,0,0,0.473,0.073,0,0.572
"9606.ENSP00000325905","9606.ENSP00000416269","SRSF7","DDX39B",9606,0.905,0,0,0,0.694,0.109,0.5,0.387
"9606.ENSP00000325905","9606.ENSP00000349168","SRSF7","HNRNPH1",9606,0.917,0,0,0,0.73,0,0.4,0.53
"9606.ENSP00000325905","9606.ENSP00000452123","SRSF7","SRSF5",9606,0.985,0,0,0,0.76,0.511,0.8,0.437
"9606.ENSP00000325905","9606.ENSP00000376276","SRSF7","SRSF2",9606,0.994,0,0,0,0.646,0.902,0.8,0.285
"9606.ENSP00000325905","9606.ENSP00000497641","SRSF7","EIF4A3",9606,0.995,0,0,0,0.33,0.943,0.8,0.448
"9606.ENSP00000326767","9606.ENSP00000367034","MED25","H4C3",9606,0.8,0,0,0,0,0.8,0,0
"9606.ENSP00000326767","9606.ENSP00000435210","MED25","BCLAF1",9606,0.905,0,0,0,0.096,0,0.9,0
"9606.ENSP00000326767","9606.ENSP00000362948","MED25","MED18",9606,0.999,0,0,0,0.099,0.985,0.9,0.365
"9606.ENSP00000326981","9606.ENSP00000497641","IMP3","EIF4A3",9606,0.407,0.042,0,0,0.384,0,0,0.077
"9606.ENSP00000326981","9606.ENSP00000430598","IMP3","ATOX1",9606,0.424,0,0,0,0,0.424,0,0
"9606.ENSP00000326981","9606.ENSP00000350698","IMP3","DDX47",9606,0.436,0.042,0,0,0.414,0,0,0.077
"9606.ENSP00000326981","9606.ENSP00000395590","IMP3","IFI35",9606,0.449,0.095,0,0,0.155,0.284,0,0.114
"9606.ENSP00000326981","9606.ENSP00000380256","IMP3","CCNF",9606,0.476,0,0,0,0.061,0.457,0,0.055
"9606.ENSP00000326981","9606.ENSP00000495530","IMP3","ENO1",9606,0.609,0.095,0,0,0.491,0.066,0.152,0.095
"9606.ENSP00000326981","9606.ENSP00000400646","IMP3","PNPT1",9606,0.666,0.042,0,0,0.626,0,0,0.143
"9606.ENSP00000326981","9606.ENSP00000360850","IMP3","MRPS2",9606,0.703,0.086,0,0,0.564,0.253,0,0.123
"9606.ENSP00000326981","9606.ENSP00000361433","IMP3","EXOSC2",9606,0.732,0,0,0,0.311,0.406,0.4,0
"9606.ENSP00000326981","9606.ENSP00000392353","IMP3","PSMG4",9606,0.828,0,0,0,0.143,0.808,0,0
"9606.ENSP00000326981","9606.ENSP00000358812","IMP3","PDCD11",9606,0.963,0.046,0,0,0.747,0.831,0,0.2
"9606.ENSP00000326981","9606.ENSP00000496250","IMP3","RPL11",9606,0.966,0.12,0,0,0.705,0.848,0,0.251
"9606.ENSP00000326981","9606.ENSP00000470560","IMP3","EMG1",9606,0.992,0,0,0,0.801,0.961,0,0.131
"9606.ENSP00000326981","9606.ENSP00000328854","IMP3","NOC4L",9606,0.994,0,0,0,0.613,0.962,0.54,0.313
"9606.ENSP00000327467","9606.ENSP00000435619","SMDT1","EID3",9606,0.66,0,0,0,0,0.606,0,0.174
"9606.ENSP00000327467","9606.ENSP00000378145","SMDT1","MCUB",9606,0.997,0,0,0,0.064,0.808,0.9,0.857
"9606.ENSP00000328484","9606.ENSP00000410409","H2AC14","TAF1D",9606,0.4,0,0,0,0,0,0.4,0
"9606.ENSP00000328484","9606.ENSP00000362166","H2AC14","MEAF6",9606,0.421,0,0,0,0,0.076,0.4,0
"9606.ENSP00000328484","9606.ENSP00000335321","H2AC14","SF3B1",9606,0.433,0,0,0,0.095,0,0.4,0
"9606.ENSP00000328484","9606.ENSP00000469880","H2AC14","VRK3",9606,0.46,0,0,0,0,0.457,0,0.047
"9606.ENSP00000328484","9606.ENSP00000378935","H2AC14","PPHLN1",9606,0.5,0,0,0,0,0,0.5,0
"9606.ENSP00000328484","9606.ENSP00000483946","H2AC14","PHF19",9606,0.51,0,0,0,0.059,0,0.5,0.044
"9606.ENSP00000328484","9606.ENSP00000380763","H2AC14","MORC2",9606,0.512,0,0,0,0,0,0.5,0.065
"9606.ENSP00000328484","9606.ENSP00000387007","H2AC14","NCAPG2",9606,0.517,0,0,0,0.075,0,0.5,0
"9606.ENSP00000328484","9606.ENSP00000362592","H2AC14","RBBP4",9606,0.53,0,0,0,0.075,0.066,0.5,0
"9606.ENSP00000328484","9606.ENSP00000330074","H2AC14","H1-5",9606,0.815,0,0,0,0.446,0.467,0,0.426
"9606.ENSP00000328484","9606.ENSP00000458162","H2AC14","ACTG1",9606,0.865,0,0,0,0.333,0.8,0,0.076
"9606.ENSP00000328484","9606.ENSP00000397552","H2AC14","ACTL6A",9606,0.885,0,0,0,0.075,0.811,0.4,0
"9606.ENSP00000328484","9606.ENSP00000494750","H2AC14","ACTB",9606,0.914,0,0,0,0.344,0.8,0.4,0
"9606.ENSP00000328484","9606.ENSP00000367034","H2AC14","H4C3",9606,0.941,0,0,0,0.138,0.9,0,0.376
"9606.ENSP00000328484","9606.ENSP00000483903","H2AC14","H2BC15",9606,0.987,0,0.086,0,0.741,0.909,0.4,0.203
"9606.ENSP00000328484","9606.ENSP00000332194","H2AC14","H2AC20",9606,0.997,0,0,0.049,0.949,0.909,0.4,0.045
"9606.ENSP00000328484","9606.ENSP00000366679","H2AC14","H2AC12",9606,0.997,0,0,0.048,0.952,0.914,0.4,0.05
"9606.ENSP00000328854","9606.ENSP00000482599","NOC4L","METTL23",9606,0.413,0,0,0,0.166,0,0,0.326
"9606.ENSP00000328854","9606.ENSP00000371253","NOC4L","GART",9606,0.507,0,0,0,0.24,0,0,0.379
"9606.ENSP00000328854","9606.ENSP00000361433","NOC4L","EXOSC2",9606,0.777,0,0,0,0.365,0.462,0.4,0
"9606.ENSP00000328854","9606.ENSP00000350698","NOC4L","DDX47",9606,0.899,0,0,0,0.475,0.098,0.8,0.061
"9606.ENSP00000328854","9606.ENSP00000358812","NOC4L","PDCD11",9606,0.994,0,0,0,0.738,0.867,0.8,0.365
"9606.ENSP00000328854","9606.ENSP00000470560","NOC4L","EMG1",9606,0.998,0,0,0,0.354,0.972,0.8,0.554
"9606.ENSP00000330074","9606.ENSP00000365380","H1-5","FOXP3",9606,0.494,0,0,0,0,0.457,0,0.107
"9606.ENSP00000330074","9606.ENSP00000398698","H1-5","TNF",9606,0.574,0,0,0,0.047,0.524,0,0.137
"9606.ENSP00000330074","9606.ENSP00000403039","H1-5","HP1BP3",9606,0.679,0,0,0,0.488,0.144,0,0.328
"9606.ENSP00000330074","9606.ENSP00000367034","H1-5","H4C3",9606,0.759,0,0,0,0.158,0,0,0.726
"9606.ENSP00000330074","9606.ENSP00000366679","H1-5","H2AC12",9606,0.77,0,0,0,0.326,0.61,0,0.196
"9606.ENSP00000330074","9606.ENSP00000332194","H1-5","H2AC20",9606,0.946,0,0,0,0.272,0,0,0.93
"9606.ENSP00000330221","9606.ENSP00000394331","SPSB1","COMMD5",9606,0.5,0,0,0,0,0,0.5,0
"9606.ENSP00000332062","9606.ENSP00000349359","SNX20","SASH3",9606,0.608,0,0,0,0.293,0,0,0.469
"9606.ENSP00000332062","9606.ENSP00000376103","SNX20","C19orf12",9606,0.815,0,0,0,0,0.815,0,0
"9606.ENSP00000332073","9606.ENSP00000376472","MGAT1","STT3A",9606,0.484,0,0,0,0.081,0,0,0.462
"9606.ENSP00000332194","9606.ENSP00000410409","H2AC20","TAF1D",9606,0.408,0,0,0,0,0,0.4,0.055
"9606.ENSP00000332194","9606.ENSP00000339001","H2AC20","TUBB",9606,0.425,0,0,0,0.326,0,0,0.183
"9606.ENSP00000332194","9606.ENSP00000414109","H2AC20","HJURP",9606,0.469,0,0,0,0.065,0,0,0.456
"9606.ENSP00000332194","9606.ENSP00000433760","H2AC20","BANF1",9606,0.472,0,0,0,0.077,0,0,0.452
"9606.ENSP00000332194","9606.ENSP00000335321","H2AC20","SF3B1",9606,0.479,0,0,0,0.094,0,0.4,0.12
"9606.ENSP00000332194","9606.ENSP00000378935","H2AC20","PPHLN1",9606,0.5,0,0,0,0,0,0.5,0
"9606.ENSP00000332194","9606.ENSP00000355028","H2AC20","DZIP3",9606,0.534,0,0,0,0,0.28,0,0.38
"9606.ENSP00000332194","9606.ENSP00000380070","H2AC20","GAPDH",9606,0.555,0,0,0,0.246,0,0,0.435
"9606.ENSP00000332194","9606.ENSP00000380763","H2AC20","MORC2",9606,0.561,0,0,0,0,0,0.5,0.158
"9606.ENSP00000332194","9606.ENSP00000387007","H2AC20","NCAPG2",9606,0.567,0,0,0,0.075,0,0.5,0.14
"9606.ENSP00000332194","9606.ENSP00000483946","H2AC20","PHF19",9606,0.642,0,0,0,0.067,0,0.5,0.296
"9606.ENSP00000332194","9606.ENSP00000362166","H2AC20","MEAF6",9606,0.751,0,0,0,0,0.076,0.4,0.587
"9606.ENSP00000332194","9606.ENSP00000362592","H2AC20","RBBP4",9606,0.852,0,0,0,0.075,0.471,0.5,0.468
"9606.ENSP00000332194","9606.ENSP00000458162","H2AC20","ACTG1",9606,0.87,0,0,0,0.318,0.8,0,0.13
"9606.ENSP00000332194","9606.ENSP00000397552","H2AC20","ACTL6A",9606,0.943,0,0,0,0.075,0.811,0.4,0.521
"9606.ENSP00000332194","9606.ENSP00000494750","H2AC20","ACTB",9606,0.945,0,0,0,0.327,0.8,0.4,0.407
"9606.ENSP00000332194","9606.ENSP00000367034","H2AC20","H4C3",9606,0.964,0,0,0,0.117,0.907,0,0.602
"9606.ENSP00000332194","9606.ENSP00000483903","H2AC20","H2BC15",9606,0.994,0,0.086,0,0.695,0.942,0.4,0.505
"9606.ENSP00000332194","9606.ENSP00000366679","H2AC20","H2AC12",9606,0.998,0,0,0.049,0.95,0.966,0.4,0.045
"9606.ENSP00000332448","9606.ENSP00000379038","ADAT3","TYMP",9606,0.5,0,0,0,0,0,0.493,0.056
"9606.ENSP00000332448","9606.ENSP00000361965","ADAT3","ADA",9606,0.502,0.051,0,0,0,0,0,0.497
"9606.ENSP00000332448","9606.ENSP00000468425","ADAT3","TK1",9606,0.578,0.115,0,0,0,0,0.493,0.136
"9606.ENSP00000332504","9606.ENSP00000365380","CCR10","FOXP3",9606,0.442,0,0,0,0,0,0,0.442
"9606.ENSP00000333275","9606.ENSP00000343966","NR2C1","PSPC1",9606,0.489,0,0,0,0.074,0.457,0,0.067
"9606.ENSP00000333275","9606.ENSP00000362592","NR2C1","RBBP4",9606,0.516,0,0,0,0.073,0.457,0,0.117
"9606.ENSP00000335321","9606.ENSP00000387996","SF3B1","CSTF2",9606,0.491,0,0,0,0.301,0.078,0,0.274
"9606.ENSP00000335321","9606.ENSP00000483903","SF3B1","H2BC15",9606,0.493,0,0,0,0.191,0,0.4,0
"9606.ENSP00000335321","9606.ENSP00000443475","SF3B1","TUBA1C",9606,0.537,0,0,0,0.077,0.481,0,0.112
"9606.ENSP00000335321","9606.ENSP00000410409","SF3B1","TAF1D",9606,0.546,0,0,0,0.131,0,0.5,0
"9606.ENSP00000335321","9606.ENSP00000349168","SF3B1","HNRNPH1",9606,0.616,0,0,0,0.365,0.239,0,0.271
"9606.ENSP00000335321","9606.ENSP00000483254","SF3B1","HNRNPDL",9606,0.643,0,0,0,0.328,0.212,0,0.38
"9606.ENSP00000335321","9606.ENSP00000494750","SF3B1","ACTB",9606,0.649,0,0,0,0.134,0.163,0.5,0.148
"9606.ENSP00000335321","9606.ENSP00000416269","SF3B1","DDX39B",9606,0.66,0,0,0,0.232,0.393,0,0.331
"9606.ENSP00000335321","9606.ENSP00000437125","SF3B1","HSPA8",9606,0.662,0,0,0,0.185,0.601,0,0.045
"9606.ENSP00000335321","9606.ENSP00000449270","SF3B1","COPZ1",9606,0.694,0,0,0,0.075,0.657,0,0.114
"9606.ENSP00000335321","9606.ENSP00000435210","SF3B1","BCLAF1",9606,0.833,0,0,0,0.621,0.529,0,0.141
"9606.ENSP00000335321","9606.ENSP00000496842","SF3B1","PNISR",9606,0.84,0,0,0,0.761,0.212,0,0.223
"9606.ENSP00000335321","9606.ENSP00000376276","SF3B1","SRSF2",9606,0.892,0,0,0,0.482,0.304,0,0.725
"9606.ENSP00000335321","9606.ENSP00000452123","SF3B1","SRSF5",9606,0.919,0,0,0,0.62,0.702,0,0.343
"9606.ENSP00000335321","9606.ENSP00000497641","SF3B1","EIF4A3",9606,0.971,0,0,0,0.225,0.953,0,0.27
"9606.ENSP00000335321","9606.ENSP00000432886","SF3B1","RNPC3",9606,0.978,0,0,0,0.188,0.64,0.9,0.35
"9606.ENSP00000335321","9606.ENSP00000396301","SF3B1","IK",9606,0.986,0,0,0,0.238,0.8,0.9,0.234
"9606.ENSP00000335632","9606.ENSP00000360268","CHP1","ALDH18A1",9606,0.449,0,0,0,0.066,0,0,0.435
"9606.ENSP00000335632","9606.ENSP00000393541","CHP1","IFT27",9606,0.467,0,0,0,0.062,0.456,0,0
"9606.ENSP00000335632","9606.ENSP00000380256","CHP1","CCNF",9606,0.471,0,0,0,0,0.457,0,0.067
"9606.ENSP00000336799","9606.ENSP00000444408","TUBA1B","SLC1A5",9606,0.405,0,0,0,0.05,0,0.4,0
"9606.ENSP00000336799","9606.ENSP00000349168","TUBA1B","HNRNPH1",9606,0.425,0,0,0,0.4,0,0,0.082
"9606.ENSP00000336799","9606.ENSP00000400184","TUBA1B","NDUFAF8",9606,0.474,0,0,0,0.072,0.457,0,0
"9606.ENSP00000336799","9606.ENSP00000479904","TUBA1B","ZMYM2",9606,0.497,0,0,0,0.058,0.488,0,0
"9606.ENSP00000336799","9606.ENSP00000438399","TUBA1B","IST1",9606,0.533,0,0,0,0.075,0,0.5,0.073
"9606.ENSP00000336799","9606.ENSP00000469240","TUBA1B","CHMP2A",9606,0.534,0,0,0,0.075,0,0.5,0.075
"9606.ENSP00000336799","9606.ENSP00000398698","TUBA1B","TNF",9606,0.592,0,0,0,0,0.524,0,0.178
"9606.ENSP00000336799","9606.ENSP00000358921","TUBA1B","ACTR1A",9606,0.738,0,0,0,0.101,0.131,0.65,0.158
"9606.ENSP00000336799","9606.ENSP00000421405","TUBA1B","ROPN1L",9606,0.8,0,0,0,0,0.8,0,0
"9606.ENSP00000336799","9606.ENSP00000495530","TUBA1B","ENO1",9606,0.822,0,0,0,0.333,0.644,0,0.314
"9606.ENSP00000336799","9606.ENSP00000380070","TUBA1B","GAPDH",9606,0.851,0,0,0,0.722,0,0,0.489
"9606.ENSP00000336799","9606.ENSP00000377958","TUBA1B","CCT4",9606,0.922,0,0,0,0.333,0.748,0.5,0.19
"9606.ENSP00000336799","9606.ENSP00000437125","TUBA1B","HSPA8",9606,0.963,0,0,0,0.706,0.826,0,0.351
"9606.ENSP00000336799","9606.ENSP00000494750","TUBA1B","ACTB",9606,0.971,0,0,0.201,0.68,0.818,0,0.453
"9606.ENSP00000336799","9606.ENSP00000458162","TUBA1B","ACTG1",9606,0.972,0,0,0.2,0.691,0.818,0,0.453
"9606.ENSP00000336799","9606.ENSP00000339001","TUBA1B","TUBB",9606,0.999,0,0,0.068,0.941,0.999,0.65,0.498
"9606.ENSP00000336799","9606.ENSP00000341289","TUBA1B","TUBB4B",9606,0.999,0,0,0.067,0.924,0.987,0.65,0.459
"9606.ENSP00000336799","9606.ENSP00000443475","TUBA1B","TUBA1C",9606,0.999,0,0,0.047,0.96,0.999,0.4,0.101
"9606.ENSP00000338030","9606.ENSP00000398882","STARD7","DOHH",9606,0.414,0,0,0,0.063,0.401,0,0
"9606.ENSP00000338352","9606.ENSP00000380241","NUDT4","NUDT1",9606,0.586,0,0,0,0,0,0,0.586
"9606.ENSP00000338990","9606.ENSP00000437125","ATG101","HSPA8",9606,0.45,0,0,0,0.094,0,0,0.418
"9606.ENSP00000338990","9606.ENSP00000369899","ATG101","RRAGA",9606,0.61,0,0,0,0.073,0,0.5,0.228
"9606.ENSP00000338990","9606.ENSP00000386710","ATG101","ATG9A",9606,0.844,0,0,0,0.075,0.457,0,0.715
"9606.ENSP00000338990","9606.ENSP00000375873","ATG101","ATG16L1",9606,0.932,0,0,0,0.06,0.587,0,0.839
"9606.ENSP00000338990","9606.ENSP00000482753","ATG101","C9orf72",9606,0.985,0,0,0,0,0.802,0.9,0.311
"9606.ENSP00000339001","9606.ENSP00000351646","TUBB","STIP1",9606,0.402,0,0,0,0.136,0.25,0,0.152
"9606.ENSP00000339001","9606.ENSP00000483903","TUBB","H2BC15",9606,0.404,0,0,0,0.331,0,0,0.147
"9606.ENSP00000339001","9606.ENSP00000369538","TUBB","GDI2",9606,0.405,0,0,0,0.282,0.109,0,0.146
"9606.ENSP00000339001","9606.ENSP00000498855","TUBB","CAPS",9606,0.411,0,0,0,0,0.403,0,0.055
"9606.ENSP00000339001","9606.ENSP00000364802","TUBB","HSPA1A",9606,0.434,0,0,0,0.215,0.064,0,0.292
"9606.ENSP00000339001","9606.ENSP00000400184","TUBB","NDUFAF8",9606,0.457,0,0,0,0,0.457,0,0
"9606.ENSP00000339001","9606.ENSP00000362424","TUBB","TRAF3IP1",9606,0.464,0,0,0,0,0.457,0,0.055
"9606.ENSP00000339001","9606.ENSP00000469880","TUBB","VRK3",9606,0.467,0,0,0,0.057,0.458,0,0
"9606.ENSP00000339001","9606.ENSP00000413625","TUBB","FNBP1",9606,0.469,0,0,0,0.063,0.457,0,0
"9606.ENSP00000339001","9606.ENSP00000480987","TUBB","MCM3",9606,0.469,0,0,0,0.402,0,0,0.15
"9606.ENSP00000339001","9606.ENSP00000380256","TUBB","CCNF",9606,0.506,0,0,0,0.104,0.457,0,0.067
"9606.ENSP00000339001","9606.ENSP00000415034","TUBB","NBEAL2",9606,0.572,0,0,0,0,0.456,0,0.246
"9606.ENSP00000339001","9606.ENSP00000495530","TUBB","ENO1",9606,0.61,0,0,0,0.326,0.131,0,0.388
"9606.ENSP00000339001","9606.ENSP00000358921","TUBB","ACTR1A",9606,0.754,0,0,0,0.111,0.126,0.65,0.204
"9606.ENSP00000339001","9606.ENSP00000421405","TUBB","ROPN1L",9606,0.812,0,0,0,0,0.8,0,0.099
"9606.ENSP00000339001","9606.ENSP00000380070","TUBB","GAPDH",9606,0.876,0,0,0,0.558,0.117,0,0.709
"9606.ENSP00000339001","9606.ENSP00000458162","TUBB","ACTG1",9606,0.883,0,0,0,0.643,0.126,0,0.656
"9606.ENSP00000339001","9606.ENSP00000496250","TUBB","RPL11",9606,0.901,0,0,0,0.122,0.877,0,0.161
"9606.ENSP00000339001","9606.ENSP00000377958","TUBB","CCT4",9606,0.971,0,0,0,0.634,0.914,0,0.168
"9606.ENSP00000339001","9606.ENSP00000494750","TUBB","ACTB",9606,0.974,0,0,0,0.641,0.851,0,0.557
"9606.ENSP00000339001","9606.ENSP00000437125","TUBB","HSPA8",9606,0.987,0,0,0,0.639,0.947,0,0.387
"9606.ENSP00000339001","9606.ENSP00000341289","TUBB","TUBB4B",9606,0.999,0,0,0.047,0.958,0.999,0.8,0.279
"9606.ENSP00000339001","9606.ENSP00000443475","TUBB","TUBA1C",9606,0.999,0,0,0.068,0.907,0.978,0.65,0.472
"9606.ENSP00000339186","9606.ENSP00000376123","GRAP2","SH2D2A",9606,0.422,0,0,0,0.157,0,0,0.343
"9606.ENSP00000340736","9606.ENSP00000359297","GYG1","NSDHL",9606,0.447,0,0,0,0,0,0.239,0.304
"9606.ENSP00000340736","9606.ENSP00000354610","GYG1","AMY2B",9606,0.815,0,0,0,0.047,0,0,0.814
"9606.ENSP00000341289","9606.ENSP00000364802","TUBB4B","HSPA1A",9606,0.435,0,0,0,0.276,0.064,0,0.234
"9606.ENSP00000341289","9606.ENSP00000415034","TUBB4B","NBEAL2",9606,0.462,0,0,0,0,0.456,0,0.053
"9606.ENSP00000341289","9606.ENSP00000380763","TUBB4B","MORC2",9606,0.464,0,0,0,0.055,0.457,0,0
"9606.ENSP00000341289","9606.ENSP00000393541","TUBB4B","IFT27",9606,0.489,0,0,0,0.075,0.456,0,0.067
"9606.ENSP00000341289","9606.ENSP00000469880","TUBB4B","VRK3",9606,0.49,0,0,0,0.071,0.458,0,0.07
"9606.ENSP00000341289","9606.ENSP00000351646","TUBB4B","STIP1",9606,0.516,0,0,0,0.242,0.325,0,0.131
"9606.ENSP00000341289","9606.ENSP00000469240","TUBB4B","CHMP2A",9606,0.526,0,0,0,0.078,0,0.5,0.055
"9606.ENSP00000341289","9606.ENSP00000495530","TUBB4B","ENO1",9606,0.562,0,0,0,0.278,0.131,0,0.358
"9606.ENSP00000341289","9606.ENSP00000438399","TUBB4B","IST1",9606,0.573,0,0,0,0.09,0,0.5,0.137
"9606.ENSP00000341289","9606.ENSP00000427421","TUBB4B","CDC42SE2",9606,0.585,0,0,0,0.063,0.57,0,0.053
"9606.ENSP00000341289","9606.ENSP00000498855","TUBB4B","CAPS",9606,0.727,0,0,0,0.063,0.707,0,0.088
"9606.ENSP00000341289","9606.ENSP00000380256","TUBB4B","CCNF",9606,0.762,0,0,0,0.085,0.704,0,0.194
"9606.ENSP00000341289","9606.ENSP00000380070","TUBB4B","GAPDH",9606,0.781,0,0,0,0.639,0.051,0,0.414
"9606.ENSP00000341289","9606.ENSP00000458162","TUBB4B","ACTG1",9606,0.788,0,0,0,0.638,0.126,0,0.384
"9606.ENSP00000341289","9606.ENSP00000358921","TUBB4B","ACTR1A",9606,0.805,0,0,0,0.131,0.281,0.65,0.214
"9606.ENSP00000341289","9606.ENSP00000421405","TUBB4B","ROPN1L",9606,0.829,0,0,0,0.067,0.8,0,0.162
"9606.ENSP00000341289","9606.ENSP00000494750","TUBB4B","ACTB",9606,0.918,0,0,0,0.6,0.522,0.4,0.374
"9606.ENSP00000341289","9606.ENSP00000437125","TUBB4B","HSPA8",9606,0.977,0,0,0,0.711,0.877,0,0.41
"9606.ENSP00000341289","9606.ENSP00000377958","TUBB4B","CCT4",9606,0.985,0,0,0,0.619,0.914,0.5,0.222
"9606.ENSP00000341289","9606.ENSP00000443475","TUBB4B","TUBA1C",9606,0.998,0,0,0.068,0.913,0.907,0.65,0.498
"9606.ENSP00000342222","9606.ENSP00000494750","TRPV2","ACTB",9606,0.448,0,0,0,0,0,0,0.448
"9606.ENSP00000342278","9606.ENSP00000380070","OAS2","GAPDH",9606,0.4,0,0,0,0.066,0,0,0.384
"9606.ENSP00000342278","9606.ENSP00000364016","OAS2","PSMB8",9606,0.447,0,0,0,0.227,0,0,0.315
"9606.ENSP00000342278","9606.ENSP00000363993","OAS2","PSMB9",9606,0.488,0,0,0,0.287,0,0,0.312
"9606.ENSP00000342278","9606.ENSP00000398698","OAS2","TNF",9606,0.584,0,0,0.229,0.145,0,0,0.42
"9606.ENSP00000342278","9606.ENSP00000471896","OAS2","IRF3",9606,0.642,0,0,0,0.075,0,0,0.629
"9606.ENSP00000342278","9606.ENSP00000395590","OAS2","IFI35",9606,0.926,0,0,0,0.827,0,0,0.591
"9606.ENSP00000342278","9606.ENSP00000388001","OAS2","OAS1",9606,0.998,0,0,0.071,0.978,0,0.9,0.282
"9606.ENSP00000343885","9606.ENSP00000360850","PPA2","MRPS2",9606,0.412,0,0,0,0.381,0.068,0,0.064
"9606.ENSP00000343885","9606.ENSP00000351646","PPA2","STIP1",9606,0.438,0,0,0,0.12,0.244,0,0.224
"9606.ENSP00000343885","9606.ENSP00000495530","PPA2","ENO1",9606,0.468,0.07,0,0,0.235,0.11,0,0.26
"9606.ENSP00000343885","9606.ENSP00000371253","PPA2","GART",9606,0.533,0.278,0,0,0.096,0.26,0,0.149
"9606.ENSP00000343885","9606.ENSP00000362592","PPA2","RBBP4",9606,0.564,0,0,0,0,0.513,0,0.142
"9606.ENSP00000343885","9606.ENSP00000429690","PPA2","ATP6V0E1",9606,0.67,0,0,0,0.075,0,0.65,0.063
"9606.ENSP00000343885","9606.ENSP00000363162","PPA2","ATP6V1G1",9606,0.713,0,0,0,0.075,0,0.65,0.186
"9606.ENSP00000343966","9606.ENSP00000479904","PSPC1","ZMYM2",9606,0.453,0,0,0,0.108,0,0,0.412
"9606.ENSP00000343966","9606.ENSP00000362824","PSPC1","OGT",9606,0.573,0,0,0,0.081,0.492,0,0.16
"9606.ENSP00000344635","9606.ENSP00000358921","CCNG1","ACTR1A",9606,0.424,0,0,0,0.272,0.088,0,0.203
"9606.ENSP00000344635","9606.ENSP00000380070","CCNG1","GAPDH",9606,0.461,0,0,0,0.241,0,0,0.32
"9606.ENSP00000344635","9606.ENSP00000494750","CCNG1","ACTB",9606,0.467,0,0,0,0.274,0.088,0,0.26
"9606.ENSP00000344635","9606.ENSP00000383611","CCNG1","CCNL2",9606,0.744,0,0,0,0,0,0,0.744
"9606.ENSP00000345808","9606.ENSP00000494750","ARHGAP12","ACTB",9606,0.616,0,0,0,0,0.605,0,0.07
"9606.ENSP00000346206","9606.ENSP00000463393","TAP1","SEC22B",9606,0.552,0,0,0,0.084,0.046,0.5,0.097
"9606.ENSP00000346206","9606.ENSP00000351314","TAP1","PSMB10",9606,0.642,0,0,0,0.525,0,0,0.278
"9606.ENSP00000346206","9606.ENSP00000395590","TAP1","IFI35",9606,0.689,0,0,0,0.662,0.045,0,0.115
"9606.ENSP00000346206","9606.ENSP00000364016","TAP1","PSMB8",9606,0.98,0,0.178,0,0.799,0.374,0,0.833
"9606.ENSP00000346206","9606.ENSP00000363993","TAP1","PSMB9",9606,0.986,0,0,0,0.877,0.374,0,0.843
"9606.ENSP00000346483","9606.ENSP00000433760","DDRGK1","BANF1",9606,0.476,0,0,0,0.075,0.457,0,0
"9606.ENSP00000346483","9606.ENSP00000377245","DDRGK1","KEAP1",9606,0.486,0,0,0,0.075,0.457,0,0.06
"9606.ENSP00000346483","9606.ENSP00000496250","DDRGK1","RPL11",9606,0.807,0,0,0,0.075,0.8,0,0
"9606.ENSP00000346483","9606.ENSP00000438886","DDRGK1","CDK5RAP3",9606,0.999,0,0,0,0.158,0.999,0,0.827
"9606.ENSP00000347193","9606.ENSP00000377245","KLHL28","KEAP1",9606,0.837,0,0,0.101,0.075,0.819,0,0.045
"9606.ENSP00000347198","9606.ENSP00000413625","SRGAP1","FNBP1",9606,0.432,0,0,0,0.059,0,0,0.422
"9606.ENSP00000347198","9606.ENSP00000483946","SRGAP1","PHF19",9606,0.483,0,0,0,0.063,0.457,0,0.066
"9606.ENSP00000347495","9606.ENSP00000379038","WARS1","TYMP",9606,0.413,0.119,0,0,0.27,0,0,0.161
"9606.ENSP00000347495","9606.ENSP00000371253","WARS1","GART",9606,0.657,0.278,0,0,0.201,0.366,0,0.174
"9606.ENSP00000347495","9606.ENSP00000358939","WARS1","SARS1",9606,0.902,0.095,0,0,0.457,0.196,0,0.782
"9606.ENSP00000348099","9606.ENSP00000380256","PDLIM7","CCNF",9606,0.457,0,0,0,0,0.457,0,0.042
"9606.ENSP00000348099","9606.ENSP00000458162","PDLIM7","ACTG1",9606,0.503,0,0,0,0.077,0.172,0.36,0.104
"9606.ENSP00000348099","9606.ENSP00000363993","PDLIM7","PSMB9",9606,0.841,0,0,0,0.06,0,0,0.838
"9606.ENSP00000348429","9606.ENSP00000359297","ACSL5","NSDHL",9606,0.406,0,0,0,0.095,0,0,0.371
"9606.ENSP00000348429","9606.ENSP00000360316","ACSL5","DHCR24",9606,0.494,0,0,0,0.06,0.046,0,0.482
"9606.ENSP00000349168","9606.ENSP00000437125","HNRNPH1","HSPA8",9606,0.427,0,0,0,0.301,0,0,0.214
"9606.ENSP00000349168","9606.ENSP00000361433","HNRNPH1","EXOSC2",9606,0.433,0,0,0,0.433,0,0,0
"9606.ENSP00000349168","9606.ENSP00000443475","HNRNPH1","TUBA1C",9606,0.451,0,0,0,0.421,0,0,0.092
"9606.ENSP00000349168","9606.ENSP00000380070","HNRNPH1","GAPDH",9606,0.455,0,0,0,0.192,0.109,0,0.304
"9606.ENSP00000349168","9606.ENSP00000350949","HNRNPH1","GMPPA",9606,0.457,0,0,0,0,0.457,0,0
"9606.ENSP00000349168","9606.ENSP00000358904","HNRNPH1","ZNF512B",9606,0.457,0,0,0,0,0.457,0,0
"9606.ENSP00000349168","9606.ENSP00000378320","HNRNPH1","TTC7A",9606,0.457,0,0,0,0,0.457,0,0
"9606.ENSP00000349168","9606.ENSP00000380241","HNRNPH1","NUDT1",9606,0.457,0,0,0,0,0.457,0,0
"9606.ENSP00000349168","9606.ENSP00000383594","HNRNPH1","TMEM242",9606,0.457,0,0,0,0,0.457,0,0
"9606.ENSP00000349168","9606.ENSP00000406286","HNRNPH1","ZBTB7B",9606,0.459,0,0,0,0,0.459,0,0
"9606.ENSP00000349168","9606.ENSP00000410769","HNRNPH1","CNBP",9606,0.462,0,0,0,0.237,0,0,0.324
"9606.ENSP00000349168","9606.ENSP00000366330","HNRNPH1","KLF9",9606,0.464,0,0,0,0.055,0.457,0,0
"9606.ENSP00000349168","9606.ENSP00000367013","HNRNPH1","TNFRSF25",9606,0.47,0,0,0,0.065,0.457,0,0
"9606.ENSP00000349168","9606.ENSP00000362409","HNRNPH1","NIBAN2",9606,0.472,0,0,0,0.068,0.457,0,0
"9606.ENSP00000349168","9606.ENSP00000350136","HNRNPH1","RIMKLB",9606,0.475,0,0,0,0.073,0.457,0,0
"9606.ENSP00000349168","9606.ENSP00000379602","HNRNPH1","VAMP1",9606,0.475,0,0,0,0.042,0.457,0,0.072
"9606.ENSP00000349168","9606.ENSP00000496842","HNRNPH1","PNISR",9606,0.475,0,0,0,0.316,0,0,0.265
"9606.ENSP00000349168","9606.ENSP00000358812","HNRNPH1","PDCD11",9606,0.476,0,0,0,0.075,0.457,0,0
"9606.ENSP00000349168","9606.ENSP00000450873","HNRNPH1","ACYP1",9606,0.476,0,0,0,0.075,0.457,0,0
"9606.ENSP00000349168","9606.ENSP00000416289","HNRNPH1","WDR27",9606,0.479,0,0,0,0,0.457,0,0.081
"9606.ENSP00000349168","9606.ENSP00000364935","HNRNPH1","CLIC1",9606,0.481,0,0,0,0.075,0.457,0,0.05
"9606.ENSP00000349168","9606.ENSP00000471896","HNRNPH1","IRF3",9606,0.481,0,0,0,0.075,0.457,0,0.051
"9606.ENSP00000349168","9606.ENSP00000360183","HNRNPH1","STX16",9606,0.49,0,0,0,0.1,0.457,0,0
"9606.ENSP00000349168","9606.ENSP00000383059","HNRNPH1","ARGLU1",9606,0.491,0,0,0,0.331,0.131,0,0.195
"9606.ENSP00000349168","9606.ENSP00000356790","HNRNPH1","ATP1B1",9606,0.492,0,0,0,0.08,0.457,0,0.065
"9606.ENSP00000349168","9606.ENSP00000387007","HNRNPH1","NCAPG2",9606,0.503,0,0,0,0.124,0.457,0,0
"9606.ENSP00000349168","9606.ENSP00000379038","HNRNPH1","TYMP",9606,0.51,0,0,0,0,0.457,0,0.136
"9606.ENSP00000349168","9606.ENSP00000387996","HNRNPH1","CSTF2",9606,0.52,0,0,0,0.136,0,0,0.468
"9606.ENSP00000349168","9606.ENSP00000377958","HNRNPH1","CCT4",9606,0.53,0,0,0,0.248,0.234,0,0.25
"9606.ENSP00000349168","9606.ENSP00000410409","HNRNPH1","TAF1D",9606,0.544,0,0,0,0.129,0.457,0,0.115
"9606.ENSP00000349168","9606.ENSP00000435210","HNRNPH1","BCLAF1",9606,0.55,0,0,0,0.512,0,0,0.117
"9606.ENSP00000349168","9606.ENSP00000482753","HNRNPH1","C9orf72",9606,0.55,0,0,0,0,0.083,0,0.53
"9606.ENSP00000349168","9606.ENSP00000404854","HNRNPH1","NDRG1",9606,0.554,0,0,0,0.065,0.456,0,0.195
"9606.ENSP00000349168","9606.ENSP00000494750","HNRNPH1","ACTB",9606,0.586,0,0,0,0.2,0.369,0,0.247
"9606.ENSP00000349168","9606.ENSP00000416269","HNRNPH1","DDX39B",9606,0.767,0,0,0,0.706,0,0,0.243
"9606.ENSP00000349168","9606.ENSP00000380256","HNRNPH1","CCNF",9606,0.803,0,0,0,0,0.802,0,0.047
"9606.ENSP00000349168","9606.ENSP00000376276","HNRNPH1","SRSF2",9606,0.826,0,0,0,0.302,0.051,0.4,0.614
"9606.ENSP00000349168","9606.ENSP00000358089","HNRNPH1","TIAL1",9606,0.828,0,0,0,0.53,0.075,0.5,0.306
"9606.ENSP00000349168","9606.ENSP00000497641","HNRNPH1","EIF4A3",9606,0.908,0,0,0,0.342,0.837,0,0.219
"9606.ENSP00000349168","9606.ENSP00000425031","HNRNPH1","HNRNPAB",9606,0.955,0,0,0,0.294,0.871,0,0.546
"9606.ENSP00000349168","9606.ENSP00000452123","HNRNPH1","SRSF5",9606,0.963,0,0,0,0.261,0.457,0.4,0.866
"9606.ENSP00000349168","9606.ENSP00000483254","HNRNPH1","HNRNPDL",9606,0.984,0,0,0,0.35,0.935,0,0.66
"9606.ENSP00000349359","9606.ENSP00000494550","SASH3","MYO1F",9606,0.532,0,0,0,0.409,0,0,0.242
"9606.ENSP00000350136","9606.ENSP00000360268","RIMKLB","ALDH18A1",9606,0.442,0.118,0,0,0,0,0.164,0.305
"9606.ENSP00000350698","9606.ENSP00000371253","DDX47","GART",9606,0.441,0,0,0,0.054,0.155,0,0.358
"9606.ENSP00000350698","9606.ENSP00000380256","DDX47","CCNF",9606,0.471,0,0,0,0,0.457,0,0.067
"9606.ENSP00000350698","9606.ENSP00000361433","DDX47","EXOSC2",9606,0.532,0,0,0,0.241,0,0.4,0.055
"9606.ENSP00000350698","9606.ENSP00000497641","DDX47","EIF4A3",9606,0.595,0,0,0.127,0.525,0,0,0.102
"9606.ENSP00000350698","9606.ENSP00000470560","DDX47","EMG1",9606,0.88,0,0,0,0.394,0.078,0.8,0.055
"9606.ENSP00000350698","9606.ENSP00000358812","DDX47","PDCD11",9606,0.966,0,0,0,0.693,0.102,0.8,0.461
"9606.ENSP00000350815","9606.ENSP00000380070","NR3C2","GAPDH",9606,0.402,0,0,0,0,0,0,0.402
"9606.ENSP00000350815","9606.ENSP00000358921","NR3C2","ACTR1A",9606,0.403,0,0,0,0,0,0.4,0.047
"9606.ENSP00000350815","9606.ENSP00000356790","NR3C2","ATP1B1",9606,0.406,0,0,0,0.075,0.28,0,0.181
"9606.ENSP00000350815","9606.ENSP00000398698","NR3C2","TNF",9606,0.409,0,0,0,0.059,0,0,0.398
"9606.ENSP00000350815","9606.ENSP00000351646","NR3C2","STIP1",9606,0.507,0,0,0,0,0,0.5,0.055
"9606.ENSP00000350815","9606.ENSP00000437125","NR3C2","HSPA8",9606,0.515,0,0,0,0,0,0.5,0.071
"9606.ENSP00000350949","9606.ENSP00000359297","GMPPA","NSDHL",9606,0.42,0.057,0,0,0.201,0,0.25,0.096
"9606.ENSP00000350949","9606.ENSP00000380256","GMPPA","CCNF",9606,0.813,0,0,0,0.065,0.802,0,0.075
"9606.ENSP00000351314","9606.ENSP00000494750","PSMB10","ACTB",9606,0.415,0,0,0,0.091,0.22,0,0.242
"9606.ENSP00000351314","9606.ENSP00000398698","PSMB10","TNF",9606,0.521,0,0,0,0.08,0,0,0.501
"9606.ENSP00000351314","9606.ENSP00000395590","PSMB10","IFI35",9606,0.649,0,0,0,0.493,0,0,0.337
"9606.ENSP00000351314","9606.ENSP00000478877","PSMB10","ADRM1",9606,0.758,0,0,0,0.136,0.506,0,0.48
"9606.ENSP00000351314","9606.ENSP00000392353","PSMB10","PSMG4",9606,0.778,0,0,0,0.084,0,0.5,0.555
"9606.ENSP00000351314","9606.ENSP00000355325","PSMB10","PSMB5",9606,0.998,0,0,0,0.321,0.973,0.9,0.389
"9606.ENSP00000351314","9606.ENSP00000363993","PSMB10","PSMB9",9606,0.999,0,0,0,0.886,0.902,0.9,0.88
"9606.ENSP00000351314","9606.ENSP00000364016","PSMB10","PSMB8",9606,0.999,0,0,0,0.769,0.999,0.9,0.876
"9606.ENSP00000351646","9606.ENSP00000392270","STIP1","STRAP",9606,0.473,0,0,0,0.197,0.067,0,0.354
"9606.ENSP00000351646","9606.ENSP00000380256","STIP1","CCNF",9606,0.485,0,0,0,0.076,0.457,0,0.056
"9606.ENSP00000351646","9606.ENSP00000483254","STIP1","HNRNPDL",9606,0.522,0,0,0,0.089,0.475,0,0.082
"9606.ENSP00000351646","9606.ENSP00000495530","STIP1","ENO1",9606,0.542,0,0,0,0.221,0.258,0,0.272
"9606.ENSP00000351646","9606.ENSP00000360329","STIP1","TTC4",9606,0.563,0,0,0,0.075,0.074,0,0.531
"9606.ENSP00000351646","9606.ENSP00000380070","STIP1","GAPDH",9606,0.66,0,0,0,0.165,0.508,0,0.239
"9606.ENSP00000351646","9606.ENSP00000364802","STIP1","HSPA1A",9606,0.734,0,0,0,0.246,0,0,0.662
"9606.ENSP00000351646","9606.ENSP00000362041","STIP1","DNAJC9",9606,0.924,0,0,0,0.104,0.178,0.9,0.091
"9606.ENSP00000351646","9606.ENSP00000377958","STIP1","CCT4",9606,0.961,0,0,0,0.528,0.071,0.9,0.234
"9606.ENSP00000351646","9606.ENSP00000437125","STIP1","HSPA8",9606,0.999,0,0,0,0.406,0.999,0.9,0.766
"9606.ENSP00000353769","9606.ENSP00000497641","SCAF1","EIF4A3",9606,0.842,0,0,0,0.075,0.837,0,0
"9606.ENSP00000354163","9606.ENSP00000365071","FAM110A","GPANK1",9606,0.477,0,0,0,0.056,0,0,0.469
"9606.ENSP00000354163","9606.ENSP00000416050","FAM110A","TM2D2",9606,0.488,0,0,0,0,0,0,0.488
"9606.ENSP00000354610","9606.ENSP00000458162","AMY2B","ACTG1",9606,0.448,0,0,0,0,0.059,0,0.438
"9606.ENSP00000354610","9606.ENSP00000495530","AMY2B","ENO1",9606,0.459,0,0,0,0,0,0,0.459
"9606.ENSP00000354920","9606.ENSP00000380256","EEF1AKNMT","CCNF",9606,0.476,0,0,0,0.075,0.457,0,0
"9606.ENSP00000355028","9606.ENSP00000483236","DZIP3","DCAF7",9606,0.475,0,0,0,0.047,0.457,0,0.068
"9606.ENSP00000355028","9606.ENSP00000362592","DZIP3","RBBP4",9606,0.522,0,0,0,0.075,0.457,0,0.125
"9606.ENSP00000355028","9606.ENSP00000433071","DZIP3","RBM4B",9606,0.627,0,0,0,0.069,0.616,0,0
"9606.ENSP00000355028","9606.ENSP00000358089","DZIP3","TIAL1",9606,0.788,0,0,0,0,0.788,0,0
"9606.ENSP00000355028","9606.ENSP00000379931","DZIP3","UBE2E2",9606,0.83,0,0,0,0,0.813,0,0.13
"9606.ENSP00000355114","9606.ENSP00000360437","DCAF12","FAM210B",9606,0.445,0,0,0,0.445,0,0,0
"9606.ENSP00000355114","9606.ENSP00000483236","DCAF12","DCAF7",9606,0.905,0,0,0,0.096,0,0.9,0
"9606.ENSP00000355249","9606.ENSP00000480987","E2F2","MCM3",9606,0.506,0,0,0,0.189,0,0,0.416
"9606.ENSP00000355249","9606.ENSP00000383611","E2F2","CCNL2",9606,0.509,0,0,0,0,0,0,0.509
"9606.ENSP00000355249","9606.ENSP00000362592","E2F2","RBBP4",9606,0.646,0,0,0,0.089,0.078,0.5,0.257
"9606.ENSP00000355249","9606.ENSP00000380256","E2F2","CCNF",9606,0.889,0,0,0,0.19,0.802,0,0.368
"9606.ENSP00000355325","9606.ENSP00000415430","PSMB5","GTSE1",9606,0.418,0,0,0,0.069,0,0.4,0.042
"9606.ENSP00000355325","9606.ENSP00000394331","PSMB5","COMMD5",9606,0.427,0,0,0,0.085,0,0.4,0
"9606.ENSP00000355325","9606.ENSP00000380070","PSMB5","GAPDH",9606,0.436,0,0,0,0.198,0,0,0.326
"9606.ENSP00000355325","9606.ENSP00000365435","PSMB5","TNFRSF1B",9606,0.457,0,0,0,0.099,0,0.4,0.077
"9606.ENSP00000355325","9606.ENSP00000398698","PSMB5","TNF",9606,0.499,0,0,0,0.069,0,0.4,0.176
"9606.ENSP00000355325","9606.ENSP00000392353","PSMB5","PSMG4",9606,0.588,0,0,0,0.093,0.064,0.5,0.145
"9606.ENSP00000355325","9606.ENSP00000377245","PSMB5","KEAP1",9606,0.623,0,0,0,0.079,0.046,0.5,0.244
"9606.ENSP00000355325","9606.ENSP00000380256","PSMB5","CCNF",9606,0.805,0,0,0,0.06,0.802,0,0
"9606.ENSP00000355325","9606.ENSP00000478877","PSMB5","ADRM1",9606,0.995,0,0,0,0.274,0.983,0.5,0.427
"9606.ENSP00000355325","9606.ENSP00000363993","PSMB5","PSMB9",9606,0.999,0,0,0.118,0.064,0.999,0.9,0.357
"9606.ENSP00000355325","9606.ENSP00000364016","PSMB5","PSMB8",9606,0.999,0,0,0.062,0.075,0.999,0.9,0.365
"9606.ENSP00000356107","9606.ENSP00000369538","RAB29","GDI2",9606,0.426,0,0,0,0.07,0,0,0.409
"9606.ENSP00000356107","9606.ENSP00000437125","RAB29","HSPA8",9606,0.574,0,0,0,0.059,0.456,0,0.236
"9606.ENSP00000356790","9606.ENSP00000380256","ATP1B1","CCNF",9606,0.457,0,0,0,0,0.457,0,0
"9606.ENSP00000356790","9606.ENSP00000429690","ATP1B1","ATP6V0E1",9606,0.483,0,0,0,0.066,0,0.36,0.205
"9606.ENSP00000356790","9606.ENSP00000363162","ATP1B1","ATP6V1G1",9606,0.762,0,0,0,0.075,0,0.72,0.158
"9606.ENSP00000356920","9606.ENSP00000380070","DUSP12","GAPDH",9606,0.4,0.047,0,0,0.084,0,0,0.368
"9606.ENSP00000356920","9606.ENSP00000398698","DUSP12","TNF",9606,0.4,0,0,0,0,0,0,0.4
"9606.ENSP00000356920","9606.ENSP00000364802","DUSP12","HSPA1A",9606,0.639,0,0,0,0.451,0.044,0,0.368
"9606.ENSP00000357336","9606.ENSP00000494750","RUSC1","ACTB",9606,0.498,0,0,0,0.091,0.468,0,0.046
"9606.ENSP00000357336","9606.ENSP00000386710","RUSC1","ATG9A",9606,0.539,0,0,0,0.093,0,0,0.513
"9606.ENSP00000358089","9606.ENSP00000425031","TIAL1","HNRNPAB",9606,0.462,0,0,0.182,0.286,0.072,0,0.126
"9606.ENSP00000358089","9606.ENSP00000380256","TIAL1","CCNF",9606,0.467,0,0,0,0,0.457,0,0.06
"9606.ENSP00000358089","9606.ENSP00000398698","TIAL1","TNF",9606,0.508,0,0,0,0,0,0,0.508
"9606.ENSP00000358089","9606.ENSP00000483254","TIAL1","HNRNPDL",9606,0.508,0,0,0.17,0.288,0.072,0,0.21
"9606.ENSP00000358149","9606.ENSP00000452007","BOLA1","ISCA2",9606,0.976,0.061,0,0,0.101,0.068,0.9,0.747
"9606.ENSP00000358812","9606.ENSP00000362027","PDCD11","TRMT2B",9606,0.404,0.057,0,0,0.394,0,0,0
"9606.ENSP00000358812","9606.ENSP00000371253","PDCD11","GART",9606,0.442,0.178,0,0,0.143,0,0,0.272
"9606.ENSP00000358812","9606.ENSP00000497641","PDCD11","EIF4A3",9606,0.475,0,0,0,0.219,0.102,0,0.312
"9606.ENSP00000358812","9606.ENSP00000495530","PDCD11","ENO1",9606,0.487,0.056,0,0,0.413,0,0,0.15
"9606.ENSP00000358812","9606.ENSP00000439479","PDCD11","DMXL1",9606,0.511,0,0,0,0,0.511,0,0
"9606.ENSP00000358812","9606.ENSP00000380070","PDCD11","GAPDH",9606,0.512,0.098,0,0,0.414,0,0,0.152
"9606.ENSP00000358812","9606.ENSP00000430598","PDCD11","ATOX1",9606,0.543,0,0,0,0.063,0.533,0,0
"9606.ENSP00000358812","9606.ENSP00000400646","PDCD11","PNPT1",9606,0.658,0.115,0,0,0.557,0,0,0.2
"9606.ENSP00000358812","9606.ENSP00000361433","PDCD11","EXOSC2",9606,0.713,0,0,0,0.261,0.406,0.4,0
"9606.ENSP00000358812","9606.ENSP00000360850","PDCD11","MRPS2",9606,0.79,0.106,0,0,0.617,0.369,0,0.145
"9606.ENSP00000358812","9606.ENSP00000496250","PDCD11","RPL11",9606,0.975,0.057,0,0,0.872,0.707,0,0.399
"9606.ENSP00000358812","9606.ENSP00000470560","PDCD11","EMG1",9606,0.993,0,0,0,0.248,0.814,0.8,0.795
"9606.ENSP00000358904","9606.ENSP00000362592","ZNF512B","RBBP4",9606,0.985,0,0,0,0.075,0.982,0,0.218
"9606.ENSP00000358921","9606.ENSP00000377958","ACTR1A","CCT4",9606,0.44,0,0,0,0.117,0.367,0,0.079
"9606.ENSP00000358921","9606.ENSP00000380256","ACTR1A","CCNF",9606,0.581,0,0,0,0.069,0.566,0,0.048
"9606.ENSP00000358921","9606.ENSP00000443475","ACTR1A","TUBA1C",9606,0.735,0,0,0,0.096,0.131,0.65,0.15
"9606.ENSP00000358921","9606.ENSP00000458162","ACTR1A","ACTG1",9606,0.912,0,0,0.055,0.095,0.903,0,0.067
"9606.ENSP00000358921","9606.ENSP00000494750","ACTR1A","ACTB",9606,0.999,0,0,0.054,0.146,0.999,0,0.337
"9606.ENSP00000358939","9606.ENSP00000362824","SARS1","OGT",9606,0.467,0,0,0,0.06,0.457,0,0
"9606.ENSP00000359297","9606.ENSP00000496250","NSDHL","RPL11",9606,0.429,0,0,0,0.213,0.276,0,0.079
"9606.ENSP00000359297","9606.ENSP00000360316","NSDHL","DHCR24",9606,0.866,0.047,0,0,0.337,0,0.164,0.777
"9606.ENSP00000359911","9606.ENSP00000377958","RAP2C","CCT4",9606,0.532,0,0,0,0.068,0.519,0,0
"9606.ENSP00000360141","9606.ENSP00000481762","GNAS","CSDE1",9606,0.426,0,0,0,0.216,0,0,0.299
"9606.ENSP00000360141","9606.ENSP00000380256","GNAS","CCNF",9606,0.457,0,0,0,0,0.457,0,0
"9606.ENSP00000360141","9606.ENSP00000458162","GNAS","ACTG1",9606,0.459,0,0,0,0.354,0,0,0.197
"9606.ENSP00000360141","9606.ENSP00000376276","GNAS","SRSF2",9606,0.472,0,0,0,0.095,0,0,0.441
"9606.ENSP00000360141","9606.ENSP00000494750","GNAS","ACTB",9606,0.496,0,0,0,0.347,0,0,0.261
"9606.ENSP00000360141","9606.ENSP00000380070","GNAS","GAPDH",9606,0.54,0,0,0,0.351,0,0,0.321
"9606.ENSP00000360141","9606.ENSP00000369899","GNAS","RRAGA",9606,0.551,0,0,0,0.066,0,0.54,0
"9606.ENSP00000360141","9606.ENSP00000437125","GNAS","HSPA8",9606,0.658,0,0,0,0.236,0.541,0,0.104
"9606.ENSP00000360141","9606.ENSP00000360183","GNAS","STX16",9606,0.867,0,0,0,0.079,0,0,0.862
"9606.ENSP00000360183","9606.ENSP00000439479","STX16","DMXL1",9606,0.483,0,0,0,0,0.483,0,0
"9606.ENSP00000360183","9606.ENSP00000386710","STX16","ATG9A",9606,0.554,0,0,0,0.095,0.395,0,0.251
"9606.ENSP00000360183","9606.ENSP00000463393","STX16","SEC22B",9606,0.889,0,0,0,0.075,0.756,0,0.548
"9606.ENSP00000360183","9606.ENSP00000379602","STX16","VAMP1",9606,0.965,0,0,0,0.095,0.373,0.9,0.466
"9606.ENSP00000360268","9606.ENSP00000480987","ALDH18A1","MCM3",9606,0.412,0,0,0,0.19,0.295,0,0.054
"9606.ENSP00000360268","9606.ENSP00000438399","ALDH18A1","IST1",9606,0.503,0,0,0,0,0.503,0,0
"9606.ENSP00000360268","9606.ENSP00000380070","ALDH18A1","GAPDH",9606,0.522,0.136,0,0,0.075,0,0,0.45
"9606.ENSP00000360268","9606.ENSP00000380256","ALDH18A1","CCNF",9606,0.63,0,0,0,0.094,0.566,0,0.136
"9606.ENSP00000360268","9606.ENSP00000371253","ALDH18A1","GART",9606,0.643,0.357,0,0,0.117,0,0,0.423
"9606.ENSP00000360268","9606.ENSP00000498336","ALDH18A1","MTHFD1",9606,0.826,0.07,0,0,0.108,0.726,0,0.325
"9606.ENSP00000360316","9606.ENSP00000496250","DHCR24","RPL11",9606,0.454,0,0,0,0.082,0,0,0.43
"9606.ENSP00000360316","9606.ENSP00000380256","DHCR24","CCNF",9606,0.476,0,0,0,0.075,0.457,0,0
"9606.ENSP00000360316","9606.ENSP00000363603","DHCR24","FUCA1",9606,0.58,0,0,0,0.06,0,0,0.572
"9606.ENSP00000360329","9606.ENSP00000437125","TTC4","HSPA8",9606,0.581,0,0,0,0.094,0.551,0,0.054
"9606.ENSP00000360329","9606.ENSP00000365380","TTC4","FOXP3",9606,0.606,0,0,0,0,0,0,0.606
"9606.ENSP00000360329","9606.ENSP00000436649","TTC4","SAC3D1",9606,0.801,0,0,0,0.07,0.795,0,0
"9606.ENSP00000360850","9606.ENSP00000427004","MRPS2","GFM2",9606,0.401,0,0,0.208,0.086,0.219,0,0.067
"9606.ENSP00000360850","9606.ENSP00000495530","MRPS2","ENO1",9606,0.446,0.061,0,0,0.381,0.065,0,0.101
"9606.ENSP00000360850","9606.ENSP00000496250","MRPS2","RPL11",9606,0.748,0.057,0,0,0.566,0.365,0,0.145
"9606.ENSP00000361433","9606.ENSP00000416269","EXOSC2","DDX39B",9606,0.4,0,0,0,0.379,0,0,0.074
"9606.ENSP00000361433","9606.ENSP00000496250","EXOSC2","RPL11",9606,0.824,0,0,0,0.116,0.8,0,0.085
"9606.ENSP00000361433","9606.ENSP00000400646","EXOSC2","PNPT1",9606,0.854,0,0,0,0.322,0,0.72,0.297
"9606.ENSP00000361433","9606.ENSP00000470560","EXOSC2","EMG1",9606,0.859,0,0,0,0.555,0.486,0.4,0.094
"9606.ENSP00000361499","9606.ENSP00000426354","YIPF3","TMEM161B",9606,0.496,0,0,0,0,0.496,0,0
"9606.ENSP00000361780","9606.ENSP00000442521","BEX4","BEX2",9606,0.579,0,0,0,0.477,0,0,0.229
"9606.ENSP00000361800","9606.ENSP00000362424","WDR34","TRAF3IP1",9606,0.53,0,0,0,0.075,0,0,0.513
"9606.ENSP00000361800","9606.ENSP00000384290","WDR34","WDR60",9606,0.999,0,0,0,0.117,0.999,0.9,0.581
"9606.ENSP00000361883","9606.ENSP00000380070","CAP1","GAPDH",9606,0.447,0,0,0,0.14,0.297,0,0.159
"9606.ENSP00000361883","9606.ENSP00000364935","CAP1","CLIC1",9606,0.568,0,0,0,0.562,0,0,0.055
"9606.ENSP00000361883","9606.ENSP00000449428","CAP1","TWF1",9606,0.776,0,0,0,0.049,0.665,0,0.355
"9606.ENSP00000361883","9606.ENSP00000458162","CAP1","ACTG1",9606,0.993,0,0,0,0.199,0.99,0,0.263
"9606.ENSP00000361883","9606.ENSP00000494750","CAP1","ACTB",9606,0.999,0,0,0,0.326,0.999,0,0.2
"9606.ENSP00000361965","9606.ENSP00000398882","ADA","DOHH",9606,0.426,0,0,0,0.411,0.067,0,0
"9606.ENSP00000361965","9606.ENSP00000398698","ADA","TNF",9606,0.444,0,0,0,0,0,0,0.444
"9606.ENSP00000361965","9606.ENSP00000494750","ADA","ACTB",9606,0.447,0,0,0,0.065,0.247,0,0.278
"9606.ENSP00000361965","9606.ENSP00000371253","ADA","GART",9606,0.514,0,0,0,0.127,0,0,0.467
"9606.ENSP00000362027","9606.ENSP00000470560","TRMT2B","EMG1",9606,0.407,0,0,0,0.407,0,0,0
"9606.ENSP00000362041","9606.ENSP00000364802","DNAJC9","HSPA1A",9606,0.413,0,0,0,0.207,0,0.164,0.187
"9606.ENSP00000362041","9606.ENSP00000480987","DNAJC9","MCM3",9606,0.583,0,0,0,0.378,0.211,0,0.22
"9606.ENSP00000362041","9606.ENSP00000367034","DNAJC9","H4C3",9606,0.904,0,0,0,0.083,0.9,0,0.042
"9606.ENSP00000362041","9606.ENSP00000377958","DNAJC9","CCT4",9606,0.949,0.042,0,0,0.22,0.2,0.9,0.289
"9606.ENSP00000362041","9606.ENSP00000437125","DNAJC9","HSPA8",9606,0.989,0,0,0,0.235,0.811,0.912,0.257
"9606.ENSP00000362166","9606.ENSP00000366679","MEAF6","H2AC12",9606,0.421,0,0,0,0,0.076,0.4,0
"9606.ENSP00000362166","9606.ENSP00000362592","MEAF6","RBBP4",9606,0.494,0,0,0,0.094,0,0.4,0.145
"9606.ENSP00000362166","9606.ENSP00000383059","MEAF6","ARGLU1",9606,0.496,0,0,0,0.075,0.466,0,0.063
"9606.ENSP00000362166","9606.ENSP00000362824","MEAF6","OGT",9606,0.727,0,0,0,0.066,0,0.72,0
"9606.ENSP00000362166","9606.ENSP00000458162","MEAF6","ACTG1",9606,0.921,0,0,0,0.068,0.21,0.9,0.065
"9606.ENSP00000362166","9606.ENSP00000494750","MEAF6","ACTB",9606,0.924,0,0,0,0.068,0.21,0.9,0.1
"9606.ENSP00000362166","9606.ENSP00000397552","MEAF6","ACTL6A",9606,0.994,0,0,0,0.075,0.86,0.9,0.619
"9606.ENSP00000362285","9606.ENSP00000447730","SLC29A3","CD63",9606,0.788,0,0,0,0.047,0.398,0,0.661
"9606.ENSP00000362409","9606.ENSP00000377245","NIBAN2","KEAP1",9606,0.895,0,0,0,0.075,0.875,0,0.171
"9606.ENSP00000362424","9606.ENSP00000458162","TRAF3IP1","ACTG1",9606,0.459,0,0,0,0,0.456,0,0.047
"9606.ENSP00000362424","9606.ENSP00000494750","TRAF3IP1","ACTB",9606,0.459,0,0,0,0,0.456,0,0.047
"9606.ENSP00000362424","9606.ENSP00000437125","TRAF3IP1","HSPA8",9606,0.52,0,0,0,0,0.52,0,0
"9606.ENSP00000362424","9606.ENSP00000384290","TRAF3IP1","WDR60",9606,0.585,0,0,0,0.133,0,0,0.541
"9606.ENSP00000362424","9606.ENSP00000393541","TRAF3IP1","IFT27",9606,0.998,0,0,0,0.075,0.955,0.9,0.658
"9606.ENSP00000362592","9606.ENSP00000410409","RBBP4","TAF1D",9606,0.42,0,0,0,0.073,0,0.4,0
"9606.ENSP00000362592","9606.ENSP00000380256","RBBP4","CCNF",9606,0.476,0,0,0,0.063,0.457,0,0.054
"9606.ENSP00000362592","9606.ENSP00000366679","RBBP4","H2AC12",9606,0.53,0,0,0,0.075,0.066,0.5,0
"9606.ENSP00000362592","9606.ENSP00000483903","RBBP4","H2BC15",9606,0.55,0,0,0,0,0.095,0.5,0.087
"9606.ENSP00000362592","9606.ENSP00000397552","RBBP4","ACTL6A",9606,0.584,0,0,0,0.358,0.152,0,0.298
"9606.ENSP00000362592","9606.ENSP00000433760","RBBP4","BANF1",9606,0.658,0,0,0,0.171,0.457,0,0.303
"9606.ENSP00000362592","9606.ENSP00000480987","RBBP4","MCM3",9606,0.751,0,0,0,0.251,0.617,0,0.204
"9606.ENSP00000362592","9606.ENSP00000367034","RBBP4","H4C3",9606,0.912,0,0,0,0.068,0.9,0,0.14
"9606.ENSP00000362592","9606.ENSP00000362824","RBBP4","OGT",9606,0.936,0,0,0,0.075,0.166,0.9,0.272
"9606.ENSP00000362592","9606.ENSP00000483946","RBBP4","PHF19",9606,0.981,0,0,0,0.082,0.556,0.9,0.597
"9606.ENSP00000362592","9606.ENSP00000414109","RBBP4","HJURP",9606,0.985,0,0,0,0.075,0.888,0.8,0.386
"9606.ENSP00000362711","9606.ENSP00000375873","TXLNA","ATG16L1",9606,0.806,0,0,0,0,0.804,0,0.053
"9606.ENSP00000362824","9606.ENSP00000415034","OGT","NBEAL2",9606,0.477,0,0,0,0.079,0.456,0,0
"9606.ENSP00000362824","9606.ENSP00000383059","OGT","ARGLU1",9606,0.511,0,0,0,0.327,0.058,0,0.292
"9606.ENSP00000362824","9606.ENSP00000458162","OGT","ACTG1",9606,0.562,0,0,0,0.075,0,0.54,0.055
"9606.ENSP00000362824","9606.ENSP00000397552","OGT","ACTL6A",9606,0.732,0,0,0,0.073,0,0.72,0.053
"9606.ENSP00000362824","9606.ENSP00000496842","OGT","PNISR",9606,0.764,0,0,0,0.695,0,0,0.258
"9606.ENSP00000362824","9606.ENSP00000494750","OGT","ACTB",9606,0.789,0,0,0,0.075,0,0.72,0.254
"9606.ENSP00000362948","9606.ENSP00000470560","MED18","EMG1",9606,0.404,0,0,0,0.404,0,0,0
"9606.ENSP00000362948","9606.ENSP00000367034","MED18","H4C3",9606,0.8,0,0,0,0,0.8,0,0
"9606.ENSP00000362948","9606.ENSP00000435210","MED18","BCLAF1",9606,0.903,0,0,0,0.075,0,0.9,0
"9606.ENSP00000363162","9606.ENSP00000369899","ATP6V1G1","RRAGA",9606,0.529,0,0,0,0.076,0,0.5,0.064
"9606.ENSP00000363162","9606.ENSP00000416787","ATP6V1G1","GALNT11",9606,0.677,0,0,0,0,0.677,0,0
"9606.ENSP00000363162","9606.ENSP00000429690","ATP6V1G1","ATP6V0E1",9606,0.97,0,0,0,0.487,0.807,0.5,0.47
"9606.ENSP00000363162","9606.ENSP00000439479","ATP6V1G1","DMXL1",9606,0.999,0,0,0,0.075,0.999,0,0.424
"9606.ENSP00000363516","9606.ENSP00000380878","RCAN3","PPP3CC",9606,0.992,0,0,0,0.061,0.989,0,0.33
"9606.ENSP00000363591","9606.ENSP00000371253","BAK1","GART",9606,0.401,0,0,0,0.062,0,0,0.388
"9606.ENSP00000363591","9606.ENSP00000433209","BAK1","GSDMD",9606,0.404,0,0,0,0.075,0,0,0.383
"9606.ENSP00000363603","9606.ENSP00000458162","FUCA1","ACTG1",9606,0.487,0,0,0,0,0,0,0.487
"9606.ENSP00000363603","9606.ENSP00000495530","FUCA1","ENO1",9606,0.626,0,0,0,0,0,0,0.626
"9606.ENSP00000363993","9606.ENSP00000388001","PSMB9","OAS1",9606,0.555,0,0,0,0.283,0,0,0.405
"9606.ENSP00000363993","9606.ENSP00000398698","PSMB9","TNF",9606,0.587,0,0,0,0.139,0,0,0.54
"9606.ENSP00000363993","9606.ENSP00000395590","PSMB9","IFI35",9606,0.779,0,0,0,0.662,0,0,0.373
"9606.ENSP00000363993","9606.ENSP00000478877","PSMB9","ADRM1",9606,0.858,0,0,0,0.182,0.709,0,0.452
"9606.ENSP00000363993","9606.ENSP00000392353","PSMB9","PSMG4",9606,0.966,0,0,0,0.058,0.905,0.5,0.342
"9606.ENSP00000363993","9606.ENSP00000364016","PSMB9","PSMB8",9606,0.999,0,0,0.119,0.991,0.999,0.9,0.88
"9606.ENSP00000364016","9606.ENSP00000380070","PSMB8","GAPDH",9606,0.415,0,0,0,0.137,0,0,0.351
"9606.ENSP00000364016","9606.ENSP00000388001","PSMB8","OAS1",9606,0.448,0,0,0,0.219,0,0,0.323
"9606.ENSP00000364016","9606.ENSP00000398698","PSMB8","TNF",9606,0.547,0,0,0,0.131,0,0,0.501
"9606.ENSP00000364016","9606.ENSP00000392353","PSMB8","PSMG4",9606,0.66,0,0,0,0.056,0.064,0.5,0.323
"9606.ENSP00000364016","9606.ENSP00000395590","PSMB8","IFI35",9606,0.744,0,0,0,0.553,0,0,0.452
"9606.ENSP00000364016","9606.ENSP00000478877","PSMB8","ADRM1",9606,0.957,0,0,0,0.166,0.917,0,0.43
"9606.ENSP00000364448","9606.ENSP00000497641","UPF3A","EIF4A3",9606,0.999,0,0,0,0.065,0.999,0.9,0.778
"9606.ENSP00000364802","9606.ENSP00000494750","HSPA1A","ACTB",9606,0.487,0,0,0,0.191,0.066,0,0.376
"9606.ENSP00000364802","9606.ENSP00000377958","HSPA1A","CCT4",9606,0.516,0.043,0,0,0.4,0,0,0.226
"9606.ENSP00000364802","9606.ENSP00000380070","HSPA1A","GAPDH",9606,0.557,0.045,0,0,0.199,0.07,0,0.452
"9606.ENSP00000364802","9606.ENSP00000495530","HSPA1A","ENO1",9606,0.565,0.046,0,0,0.34,0.131,0,0.3
"9606.ENSP00000364802","9606.ENSP00000437125","HSPA1A","HSPA8",9606,0.886,0,0,0.049,0.859,0,0,0.222
"9606.ENSP00000364935","9606.ENSP00000447730","CLIC1","CD63",9606,0.44,0,0,0,0.341,0,0,0.186
"9606.ENSP00000364935","9606.ENSP00000458162","CLIC1","ACTG1",9606,0.469,0,0,0,0.386,0,0,0.171
"9606.ENSP00000364935","9606.ENSP00000495530","CLIC1","ENO1",9606,0.479,0,0,0,0.319,0.11,0,0.21
"9606.ENSP00000364935","9606.ENSP00000494750","CLIC1","ACTB",9606,0.506,0,0,0,0.393,0,0,0.221
"9606.ENSP00000364935","9606.ENSP00000380070","CLIC1","GAPDH",9606,0.527,0,0,0,0.401,0,0,0.243
"9606.ENSP00000365071","9606.ENSP00000480270","GPANK1","PPP1R18",9606,0.566,0,0,0,0.066,0,0,0.555
"9606.ENSP00000365380","9606.ENSP00000367013","FOXP3","TNFRSF25",9606,0.441,0,0,0,0,0,0,0.441
"9606.ENSP00000365380","9606.ENSP00000406286","FOXP3","ZBTB7B",9606,0.462,0,0,0,0.075,0,0,0.443
"9606.ENSP00000365380","9606.ENSP00000498852","FOXP3","SPN",9606,0.463,0,0,0,0.075,0.046,0,0.441
"9606.ENSP00000365380","9606.ENSP00000470788","FOXP3","IL12RB1",9606,0.48,0,0,0,0.075,0.046,0,0.459
"9606.ENSP00000365380","9606.ENSP00000437125","FOXP3","HSPA8",9606,0.515,0,0,0,0,0.456,0,0.146
"9606.ENSP00000365380","9606.ENSP00000365435","FOXP3","TNFRSF1B",9606,0.516,0,0,0,0,0,0,0.516
"9606.ENSP00000365380","9606.ENSP00000376436","FOXP3","ETS1",9606,0.565,0,0,0,0,0.124,0,0.524
"9606.ENSP00000365380","9606.ENSP00000495530","FOXP3","ENO1",9606,0.586,0,0,0,0,0,0,0.586
"9606.ENSP00000365380","9606.ENSP00000494750","FOXP3","ACTB",9606,0.596,0,0,0,0,0.049,0,0.593
"9606.ENSP00000365380","9606.ENSP00000380070","FOXP3","GAPDH",9606,0.625,0,0,0,0,0,0,0.625
"9606.ENSP00000365380","9606.ENSP00000368538","FOXP3","TNFRSF4",9606,0.758,0,0,0,0.167,0,0,0.722
"9606.ENSP00000365380","9606.ENSP00000398698","FOXP3","TNF",9606,0.924,0,0,0,0,0.456,0,0.867
"9606.ENSP00000365435","9606.ENSP00000478877","TNFRSF1B","ADRM1",9606,0.4,0,0,0,0,0,0.4,0
"9606.ENSP00000365435","9606.ENSP00000367013","TNFRSF1B","TNFRSF25",9606,0.596,0,0,0,0.082,0,0,0.579
"9606.ENSP00000365435","9606.ENSP00000398698","TNFRSF1B","TNF",9606,0.999,0,0,0,0.184,0.999,0.9,0.891
"9606.ENSP00000366679","9606.ENSP00000380241","H2AC12","NUDT1",9606,0.47,0,0,0,0,0.47,0,0
"9606.ENSP00000366679","9606.ENSP00000398698","H2AC12","TNF",9606,0.527,0,0,0,0,0.524,0,0.049
"9606.ENSP00000366679","9606.ENSP00000458162","H2AC12","ACTG1",9606,0.86,0,0,0,0.332,0.8,0,0
"9606.ENSP00000366679","9606.ENSP00000397552","H2AC12","ACTL6A",9606,0.885,0,0,0,0.075,0.811,0.4,0
"9606.ENSP00000366679","9606.ENSP00000494750","H2AC12","ACTB",9606,0.916,0,0,0,0.342,0.8,0.4,0.063
"9606.ENSP00000366679","9606.ENSP00000367034","H2AC12","H4C3",9606,0.935,0,0,0,0.156,0.9,0,0.292
"9606.ENSP00000366679","9606.ENSP00000483903","H2AC12","H2BC15",9606,0.994,0,0,0,0.702,0.966,0.4,0.15
"9606.ENSP00000367013","9606.ENSP00000368538","TNFRSF25","TNFRSF4",9606,0.7,0,0,0,0.075,0,0,0.689
"9606.ENSP00000367013","9606.ENSP00000398698","TNFRSF25","TNF",9606,0.761,0,0,0,0.065,0,0,0.755
"9606.ENSP00000367034","9606.ENSP00000397552","H4C3","ACTL6A",9606,0.824,0,0,0,0.075,0.809,0,0.084
"9606.ENSP00000367034","9606.ENSP00000494750","H4C3","ACTB",9606,0.834,0,0,0,0.072,0.801,0,0.176
"9606.ENSP00000367034","9606.ENSP00000458162","H4C3","ACTG1",9606,0.837,0,0,0,0.076,0.801,0,0.187
"9606.ENSP00000367034","9606.ENSP00000414109","H4C3","HJURP",9606,0.904,0,0,0,0.075,0.9,0,0.054
"9606.ENSP00000367034","9606.ENSP00000483903","H4C3","H2BC15",9606,0.956,0,0.06,0,0.141,0.945,0,0.143
"9606.ENSP00000367196","9606.ENSP00000371253","GLIPR2","GART",9606,0.799,0.11,0,0,0,0,0.784,0
"9606.ENSP00000367476","9606.ENSP00000393541","CEP104","IFT27",9606,0.451,0,0,0,0.065,0,0,0.437
"9606.ENSP00000367910","9606.ENSP00000436649","FANCG","SAC3D1",9606,0.424,0,0,0,0.118,0,0,0.374
"9606.ENSP00000367910","9606.ENSP00000437125","FANCG","HSPA8",9606,0.509,0,0,0,0.06,0,0.5,0
"9606.ENSP00000367910","9606.ENSP00000380256","FANCG","CCNF",9606,0.589,0,0,0,0.146,0.457,0,0.186
"9606.ENSP00000368538","9606.ENSP00000398698","TNFRSF4","TNF",9606,0.793,0,0,0,0.152,0,0,0.767
"9606.ENSP00000368646","9606.ENSP00000437125","PRDX4","HSPA8",9606,0.461,0,0,0,0.209,0.141,0,0.271
"9606.ENSP00000368646","9606.ENSP00000380256","PRDX4","CCNF",9606,0.464,0,0,0,0.047,0.457,0,0.048
"9606.ENSP00000368646","9606.ENSP00000380070","PRDX4","GAPDH",9606,0.471,0,0,0,0.167,0.046,0,0.388
"9606.ENSP00000368646","9606.ENSP00000495530","PRDX4","ENO1",9606,0.553,0.054,0,0,0.27,0.096,0,0.369
"9606.ENSP00000369538","9606.ENSP00000437125","GDI2","HSPA8",9606,0.451,0,0,0,0.222,0.135,0,0.251
"9606.ENSP00000369538","9606.ENSP00000495530","GDI2","ENO1",9606,0.689,0,0,0,0.558,0.046,0,0.322
"9606.ENSP00000369899","9606.ENSP00000480987","RRAGA","MCM3",9606,0.453,0,0,0,0.061,0.442,0,0
"9606.ENSP00000369899","9606.ENSP00000429690","RRAGA","ATP6V0E1",9606,0.546,0,0,0,0.077,0,0.5,0.096
"9606.ENSP00000370891","9606.ENSP00000393541","STK35","IFT27",9606,0.4,0,0,0,0,0,0,0.4
"9606.ENSP00000370891","9606.ENSP00000375873","STK35","ATG16L1",9606,0.415,0,0,0,0,0.323,0,0.172
"9606.ENSP00000370891","9606.ENSP00000386710","STK35","ATG9A",9606,0.499,0,0,0,0.093,0.387,0,0.172
"9606.ENSP00000371253","9606.ENSP00000496250","GART","RPL11",9606,0.419,0,0,0,0.407,0,0,0.062
"9606.ENSP00000371253","9606.ENSP00000377958","GART","CCT4",9606,0.43,0.059,0,0,0.354,0.067,0,0.114
"9606.ENSP00000371253","9606.ENSP00000400646","GART","PNPT1",9606,0.448,0.272,0,0,0.171,0,0,0.16
"9606.ENSP00000371253","9606.ENSP00000437125","GART","HSPA8",9606,0.468,0.105,0,0,0.256,0.116,0,0.203
"9606.ENSP00000371253","9606.ENSP00000468425","GART","TK1",9606,0.481,0,0,0,0.136,0,0,0.424
"9606.ENSP00000371253","9606.ENSP00000380070","GART","GAPDH",9606,0.531,0.057,0,0,0.141,0.106,0,0.43
"9606.ENSP00000371253","9606.ENSP00000433209","GART","GSDMD",9606,0.571,0,0,0,0,0,0,0.571
"9606.ENSP00000371253","9606.ENSP00000495530","GART","ENO1",9606,0.603,0.208,0,0,0.251,0.106,0,0.34
"9606.ENSP00000371253","9606.ENSP00000497550","GART","PI16",9606,0.799,0.11,0,0,0,0,0.784,0
"9606.ENSP00000371253","9606.ENSP00000498336","GART","MTHFD1",9606,0.999,0.322,0,0,0.768,0.368,0.984,0.917
"9606.ENSP00000375873","9606.ENSP00000380070","ATG16L1","GAPDH",9606,0.401,0,0,0,0,0,0,0.401
"9606.ENSP00000375873","9606.ENSP00000494750","ATG16L1","ACTB",9606,0.408,0,0,0,0,0.073,0,0.388
"9606.ENSP00000375873","9606.ENSP00000437125","ATG16L1","HSPA8",9606,0.418,0,0,0,0.058,0,0,0.408
"9606.ENSP00000375873","9606.ENSP00000375951","ATG16L1","TTLL4",9606,0.464,0,0,0,0.055,0.457,0,0
"9606.ENSP00000375873","9606.ENSP00000398698","ATG16L1","TNF",9606,0.47,0,0,0,0,0,0,0.47
"9606.ENSP00000375873","9606.ENSP00000386710","ATG16L1","ATG9A",9606,0.955,0,0,0,0,0.832,0,0.747
"9606.ENSP00000376103","9606.ENSP00000389787","C19orf12","PLEKHF1",9606,0.42,0,0,0,0.104,0,0,0.38
"9606.ENSP00000376103","9606.ENSP00000403663","C19orf12","AP4M1",9606,0.488,0,0,0,0.075,0,0,0.47
"9606.ENSP00000376103","9606.ENSP00000380352","C19orf12","DDHD2",9606,0.613,0,0,0,0.075,0,0,0.599
"9606.ENSP00000376123","9606.ENSP00000483397","SH2D2A","FSBP",9606,0.663,0,0,0,0,0.454,0,0.409
"9606.ENSP00000376276","9606.ENSP00000383059","SRSF2","ARGLU1",9606,0.409,0,0,0,0.327,0,0,0.159
"9606.ENSP00000376276","9606.ENSP00000380070","SRSF2","GAPDH",9606,0.452,0,0,0,0.193,0,0,0.349
"9606.ENSP00000376276","9606.ENSP00000380256","SRSF2","CCNF",9606,0.457,0,0,0,0,0.457,0,0
"9606.ENSP00000376276","9606.ENSP00000437125","SRSF2","HSPA8",9606,0.469,0,0,0,0.357,0.153,0,0.105
"9606.ENSP00000376276","9606.ENSP00000435210","SRSF2","BCLAF1",9606,0.477,0,0,0,0.33,0,0,0.252
"9606.ENSP00000376276","9606.ENSP00000379181","SRSF2","RAE1",9606,0.545,0,0,0,0.08,0,0.4,0.242
"9606.ENSP00000376276","9606.ENSP00000387996","SRSF2","CSTF2",9606,0.592,0,0,0.312,0.219,0,0,0.303
"9606.ENSP00000376276","9606.ENSP00000383611","SRSF2","CCNL2",9606,0.688,0,0,0,0.106,0.456,0,0.41
"9606.ENSP00000376276","9606.ENSP00000416269","SRSF2","DDX39B",9606,0.746,0,0,0,0.256,0,0.5,0.374
"9606.ENSP00000376276","9606.ENSP00000425031","SRSF2","HNRNPAB",9606,0.767,0,0,0.455,0.342,0,0,0.405
"9606.ENSP00000376276","9606.ENSP00000496842","SRSF2","PNISR",9606,0.803,0,0,0,0.246,0,0,0.75
"9606.ENSP00000376276","9606.ENSP00000483254","SRSF2","HNRNPDL",9606,0.893,0,0,0.407,0.454,0.262,0,0.606
"9606.ENSP00000376276","9606.ENSP00000497641","SRSF2","EIF4A3",9606,0.985,0,0,0,0.317,0.837,0.8,0.437
"9606.ENSP00000376276","9606.ENSP00000452123","SRSF2","SRSF5",9606,0.986,0,0,0,0.325,0.868,0.8,0.321
"9606.ENSP00000376436","9606.ENSP00000494750","ETS1","ACTB",9606,0.404,0,0,0,0.069,0,0,0.387
"9606.ENSP00000376436","9606.ENSP00000398698","ETS1","TNF",9606,0.442,0,0,0,0.075,0,0,0.422
"9606.ENSP00000376436","9606.ENSP00000380070","ETS1","GAPDH",9606,0.461,0,0,0,0.089,0,0,0.433
"9606.ENSP00000376472","9606.ENSP00000380256","STT3A","CCNF",9606,0.483,0,0,0,0.067,0.457,0,0.062
"9606.ENSP00000376472","9606.ENSP00000496250","STT3A","RPL11",9606,0.883,0,0,0,0.09,0.874,0,0.064
"9606.ENSP00000377245","9606.ENSP00000477572","KEAP1","HMOX2",9606,0.454,0,0,0,0.064,0,0,0.441
"9606.ENSP00000377245","9606.ENSP00000380256","KEAP1","CCNF",9606,0.494,0,0,0,0.075,0.457,0,0.075
"9606.ENSP00000377245","9606.ENSP00000394331","KEAP1","COMMD5",9606,0.517,0,0,0,0.075,0,0.5,0
"9606.ENSP00000377245","9606.ENSP00000478877","KEAP1","ADRM1",9606,0.602,0,0,0,0.141,0.044,0.5,0.146
"9606.ENSP00000377245","9606.ENSP00000398698","KEAP1","TNF",9606,0.612,0,0,0,0,0,0,0.612
"9606.ENSP00000377245","9606.ENSP00000494750","KEAP1","ACTB",9606,0.644,0,0,0,0.065,0.077,0,0.621
"9606.ENSP00000377245","9606.ENSP00000380070","KEAP1","GAPDH",9606,0.786,0,0,0,0.075,0.457,0,0.609
"9606.ENSP00000377245","9606.ENSP00000480987","KEAP1","MCM3",9606,0.999,0,0,0,0.086,0.999,0,0.22
"9606.ENSP00000377470","9606.ENSP00000494750","CNP","ACTB",9606,0.418,0,0,0,0.075,0,0,0.397
"9606.ENSP00000377470","9606.ENSP00000380070","CNP","GAPDH",9606,0.419,0,0,0,0.072,0,0,0.4
"9606.ENSP00000377470","9606.ENSP00000380256","CNP","CCNF",9606,0.457,0,0,0,0,0.457,0,0
"9606.ENSP00000377801","9606.ENSP00000466718","RCCD1","LSM12",9606,0.405,0,0,0,0.062,0.392,0,0
"9606.ENSP00000377958","9606.ENSP00000397552","CCT4","ACTL6A",9606,0.401,0,0,0,0.252,0.108,0,0.175
"9606.ENSP00000377958","9606.ENSP00000392270","CCT4","STRAP",9606,0.418,0,0,0,0.418,0,0,0
"9606.ENSP00000377958","9606.ENSP00000410769","CCT4","CNBP",9606,0.426,0,0,0,0.352,0.072,0,0.123
"9606.ENSP00000377958","9606.ENSP00000416269","CCT4","DDX39B",9606,0.434,0,0,0,0.411,0.054,0,0.066
"9606.ENSP00000377958","9606.ENSP00000495530","CCT4","ENO1",9606,0.469,0.043,0,0,0.355,0.062,0,0.192
"9606.ENSP00000377958","9606.ENSP00000380256","CCT4","CCNF",9606,0.503,0,0,0,0.075,0.457,0,0.091
"9606.ENSP00000377958","9606.ENSP00000380070","CCT4","GAPDH",9606,0.54,0,0,0,0.362,0.13,0,0.238
"9606.ENSP00000377958","9606.ENSP00000497641","CCT4","EIF4A3",9606,0.61,0,0,0,0.586,0.054,0,0.086
"9606.ENSP00000377958","9606.ENSP00000496250","CCT4","RPL11",9606,0.724,0,0,0,0.663,0.084,0,0.18
"9606.ENSP00000377958","9606.ENSP00000443475","CCT4","TUBA1C",9606,0.749,0,0,0,0.329,0.162,0.5,0.214
"9606.ENSP00000377958","9606.ENSP00000483236","CCT4","DCAF7",9606,0.898,0,0,0,0.075,0.798,0.5,0
"9606.ENSP00000377958","9606.ENSP00000458162","CCT4","ACTG1",9606,0.925,0,0,0,0.175,0.905,0,0.123
"9606.ENSP00000377958","9606.ENSP00000494750","CCT4","ACTB",9606,0.962,0,0,0,0.13,0.905,0.5,0.204
"9606.ENSP00000377958","9606.ENSP00000437125","CCT4","HSPA8",9606,0.988,0.043,0,0,0.703,0.497,0.9,0.347
"9606.ENSP00000378485","9606.ENSP00000498852","MATK","SPN",9606,0.48,0,0,0,0.105,0.066,0,0.429
"9606.ENSP00000378935","9606.ENSP00000483903","PPHLN1","H2BC15",9606,0.5,0,0,0,0,0,0.5,0
"9606.ENSP00000378935","9606.ENSP00000380763","PPHLN1","MORC2",9606,0.796,0,0,0,0.08,0,0.5,0.594
"9606.ENSP00000379038","9606.ENSP00000395590","TYMP","IFI35",9606,0.427,0,0,0,0.427,0,0,0
"9606.ENSP00000379038","9606.ENSP00000429323","TYMP","EIF2B4",9606,0.595,0.115,0,0,0,0,0.493,0.17
"9606.ENSP00000379038","9606.ENSP00000468425","TYMP","TK1",9606,0.989,0.115,0,0,0.067,0,0.971,0.63
"9606.ENSP00000379181","9606.ENSP00000437125","RAE1","HSPA8",9606,0.479,0,0,0,0.075,0.07,0.4,0.111
"9606.ENSP00000379181","9606.ENSP00000452123","RAE1","SRSF5",9606,0.523,0,0,0,0.084,0.09,0.4,0.16
"9606.ENSP00000379181","9606.ENSP00000397552","RAE1","ACTL6A",9606,0.559,0,0,0,0.541,0.071,0,0.049
"9606.ENSP00000379181","9606.ENSP00000436649","RAE1","SAC3D1",9606,0.702,0,0,0,0,0.643,0,0.201
"9606.ENSP00000379181","9606.ENSP00000497641","RAE1","EIF4A3",9606,0.801,0,0,0,0.352,0.077,0.5,0.416
"9606.ENSP00000379181","9606.ENSP00000416269","RAE1","DDX39B",9606,0.952,0,0,0,0.198,0.514,0,0.888
"9606.ENSP00000379602","9606.ENSP00000463393","VAMP1","SEC22B",9606,0.502,0,0,0,0.093,0.155,0,0.403
"9606.ENSP00000379602","9606.ENSP00000435289","VAMP1","PAFAH1B2",9606,0.543,0,0,0,0,0,0,0.543
"9606.ENSP00000380070","9606.ENSP00000380256","GAPDH","CCNF",9606,0.412,0,0,0,0.075,0.219,0,0.252
"9606.ENSP00000380070","9606.ENSP00000410769","GAPDH","CNBP",9606,0.412,0,0,0,0.277,0.068,0,0.198
"9606.ENSP00000380070","9606.ENSP00000444408","GAPDH","SLC1A5",9606,0.437,0.042,0,0,0.084,0,0,0.41
"9606.ENSP00000380070","9606.ENSP00000468425","GAPDH","TK1",9606,0.441,0,0,0,0.128,0.077,0,0.362
"9606.ENSP00000380070","9606.ENSP00000433760","GAPDH","BANF1",9606,0.46,0,0,0,0.191,0,0,0.36
"9606.ENSP00000380070","9606.ENSP00000416269","GAPDH","DDX39B",9606,0.486,0.042,0,0,0.219,0.146,0.095,0.249
"9606.ENSP00000380070","9606.ENSP00000483903","GAPDH","H2BC15",9606,0.492,0,0,0,0.191,0,0,0.398
"9606.ENSP00000380070","9606.ENSP00000388001","GAPDH","OAS1",9606,0.502,0,0,0,0.059,0,0,0.493
"9606.ENSP00000380070","9606.ENSP00000425031","GAPDH","HNRNPAB",9606,0.51,0,0,0,0.096,0.369,0,0.211
"9606.ENSP00000380070","9606.ENSP00000497641","GAPDH","EIF4A3",9606,0.52,0.042,0,0,0.154,0.046,0.095,0.421
"9606.ENSP00000380070","9606.ENSP00000383611","GAPDH","CCNL2",9606,0.581,0,0,0,0.115,0,0,0.547
"9606.ENSP00000380070","9606.ENSP00000381461","GAPDH","PPME1",9606,0.583,0.042,0,0,0.089,0.457,0,0.225
"9606.ENSP00000380070","9606.ENSP00000433209","GAPDH","GSDMD",9606,0.585,0,0,0,0,0,0,0.585
"9606.ENSP00000380070","9606.ENSP00000469445","GAPDH","PNMA3",9606,0.701,0,0,0,0,0,0,0.701
"9606.ENSP00000380070","9606.ENSP00000483254","GAPDH","HNRNPDL",9606,0.746,0,0,0,0.261,0.503,0,0.366
"9606.ENSP00000380070","9606.ENSP00000447730","GAPDH","CD63",9606,0.801,0,0,0,0.364,0,0,0.7
"9606.ENSP00000380070","9606.ENSP00000443475","GAPDH","TUBA1C",9606,0.813,0,0,0,0.643,0.109,0,0.461
"9606.ENSP00000380070","9606.ENSP00000471896","GAPDH","IRF3",9606,0.831,0,0,0,0.075,0.564,0,0.616
"9606.ENSP00000380070","9606.ENSP00000496250","GAPDH","RPL11",9606,0.838,0.099,0,0,0.721,0,0,0.408
"9606.ENSP00000380070","9606.ENSP00000398698","GAPDH","TNF",9606,0.856,0,0,0,0,0,0,0.856
"9606.ENSP00000380070","9606.ENSP00000458162","GAPDH","ACTG1",9606,0.919,0,0,0,0.848,0,0,0.49
"9606.ENSP00000380070","9606.ENSP00000437125","GAPDH","HSPA8",9606,0.974,0.045,0,0,0.666,0.816,0,0.617
"9606.ENSP00000380070","9606.ENSP00000494750","GAPDH","ACTB",9606,0.994,0,0,0,0.835,0.555,0,0.933
"9606.ENSP00000380070","9606.ENSP00000495530","GAPDH","ENO1",9606,0.999,0.079,0,0,0.944,0.99,0,0.713
"9606.ENSP00000380241","9606.ENSP00000496250","NUDT1","RPL11",9606,0.476,0,0,0,0.075,0.457,0,0
"9606.ENSP00000380241","9606.ENSP00000430598","NUDT1","ATOX1",9606,0.495,0,0,0,0.089,0,0,0.469
"9606.ENSP00000380241","9606.ENSP00000380256","NUDT1","CCNF",9606,0.821,0,0,0,0.081,0.802,0,0.096
"9606.ENSP00000380256","9606.ENSP00000468425","CCNF","TK1",9606,0.416,0,0,0,0.212,0.219,0,0.128
"9606.ENSP00000380256","9606.ENSP00000410769","CCNF","CNBP",9606,0.457,0,0,0,0,0.457,0,0
"9606.ENSP00000380256","9606.ENSP00000439479","CCNF","DMXL1",9606,0.457,0,0,0,0,0.457,0,0
"9606.ENSP00000380256","9606.ENSP00000463393","CCNF","SEC22B",9606,0.457,0,0,0,0,0.457,0,0
"9606.ENSP00000380256","9606.ENSP00000464087","CCNF","RNF213",9606,0.457,0,0,0,0,0.457,0,0
"9606.ENSP00000380256","9606.ENSP00000481762","CCNF","CSDE1",9606,0.457,0,0,0,0,0.457,0,0
"9606.ENSP00000380256","9606.ENSP00000483903","CCNF","H2BC15",9606,0.457,0,0,0,0,0.457,0,0
"9606.ENSP00000380256","9606.ENSP00000483185","CCNF","AP2B1",9606,0.469,0,0,0,0.063,0.457,0,0
"9606.ENSP00000380256","9606.ENSP00000383611","CCNF","CCNL2",9606,0.47,0,0,0,0,0,0,0.47
"9606.ENSP00000380256","9606.ENSP00000452123","CCNF","SRSF5",9606,0.47,0,0,0,0,0.457,0,0.064
"9606.ENSP00000380256","9606.ENSP00000444408","CCNF","SLC1A5",9606,0.476,0,0,0,0.076,0.457,0,0
"9606.ENSP00000380256","9606.ENSP00000433071","CCNF","RBM4B",9606,0.477,0,0,0,0.077,0.457,0,0
"9606.ENSP00000380256","9606.ENSP00000387996","CCNF","CSTF2",9606,0.478,0,0,0,0.079,0.457,0,0
"9606.ENSP00000380256","9606.ENSP00000498336","CCNF","MTHFD1",9606,0.48,0,0,0,0.082,0.457,0,0
"9606.ENSP00000380256","9606.ENSP00000397552","CCNF","ACTL6A",9606,0.486,0,0,0,0.079,0.457,0,0.056
"9606.ENSP00000380256","9606.ENSP00000414147","CCNF","SPART",9606,0.523,0,0,0,0,0.457,0,0.159
"9606.ENSP00000380256","9606.ENSP00000494750","CCNF","ACTB",9606,0.526,0,0,0,0,0.457,0,0.164
"9606.ENSP00000380256","9606.ENSP00000389810","CCNF","DSN1",9606,0.54,0,0,0,0.121,0.457,0,0.114
"9606.ENSP00000380256","9606.ENSP00000387007","CCNF","NCAPG2",9606,0.554,0,0,0,0.197,0.457,0,0.06
"9606.ENSP00000380256","9606.ENSP00000415430","CCNF","GTSE1",9606,0.555,0,0,0,0.483,0,0,0.176
"9606.ENSP00000380256","9606.ENSP00000483236","CCNF","DCAF7",9606,0.578,0,0,0,0.075,0.457,0,0.228
"9606.ENSP00000380256","9606.ENSP00000458162","CCNF","ACTG1",9606,0.583,0,0,0,0.073,0.566,0,0.048
"9606.ENSP00000380256","9606.ENSP00000495530","CCNF","ENO1",9606,0.587,0,0,0,0.075,0.566,0,0.055
"9606.ENSP00000380256","9606.ENSP00000482753","CCNF","C9orf72",9606,0.596,0,0,0,0,0,0,0.596
"9606.ENSP00000380256","9606.ENSP00000496250","CCNF","RPL11",9606,0.704,0,0,0,0,0.704,0,0
"9606.ENSP00000380256","9606.ENSP00000403039","CCNF","HP1BP3",9606,0.708,0,0,0,0.054,0.704,0,0
"9606.ENSP00000380256","9606.ENSP00000425031","CCNF","HNRNPAB",9606,0.715,0,0,0,0.077,0.704,0,0
"9606.ENSP00000380256","9606.ENSP00000442068","CCNF","CDCA3",9606,0.715,0,0,0,0.567,0,0,0.369
"9606.ENSP00000380256","9606.ENSP00000497641","CCNF","EIF4A3",9606,0.718,0,0,0,0.075,0.704,0,0.055
"9606.ENSP00000380256","9606.ENSP00000414109","CCNF","HJURP",9606,0.721,0,0,0,0.665,0,0,0.203
"9606.ENSP00000380256","9606.ENSP00000437125","CCNF","HSPA8",9606,0.723,0,0,0,0,0.704,0,0.105
"9606.ENSP00000380256","9606.ENSP00000478877","CCNF","ADRM1",9606,0.723,0,0,0,0.065,0.704,0,0.082
"9606.ENSP00000380256","9606.ENSP00000429323","CCNF","EIF2B4",9606,0.807,0,0,0,0.066,0.802,0,0
"9606.ENSP00000380256","9606.ENSP00000480987","CCNF","MCM3",9606,0.899,0,0,0,0.281,0.802,0,0.353
"9606.ENSP00000380352","9606.ENSP00000403663","DDHD2","AP4M1",9606,0.465,0,0,0,0,0,0,0.465
"9606.ENSP00000380352","9606.ENSP00000414147","DDHD2","SPART",9606,0.564,0,0,0,0.058,0,0,0.557
"9606.ENSP00000380352","9606.ENSP00000416050","DDHD2","TM2D2",9606,0.62,0,0,0,0.079,0,0,0.605
"9606.ENSP00000380763","9606.ENSP00000382327","MORC2","SDR39U1",9606,0.409,0,0,0,0.065,0,0,0.394
"9606.ENSP00000380763","9606.ENSP00000483903","MORC2","H2BC15",9606,0.505,0,0,0,0.052,0,0.5,0
"9606.ENSP00000381461","9606.ENSP00000435289","PPME1","PAFAH1B2",9606,0.434,0,0,0,0.104,0,0,0.395
"9606.ENSP00000381461","9606.ENSP00000480987","PPME1","MCM3",9606,0.476,0,0,0,0.075,0.457,0,0
"9606.ENSP00000381461","9606.ENSP00000437125","PPME1","HSPA8",9606,0.617,0,0,0,0.065,0.594,0,0.074
"9606.ENSP00000383059","9606.ENSP00000416269","ARGLU1","DDX39B",9606,0.44,0,0,0,0.134,0.043,0,0.379
"9606.ENSP00000383059","9606.ENSP00000400184","ARGLU1","NDUFAF8",9606,0.455,0,0,0,0,0,0,0.455
"9606.ENSP00000383059","9606.ENSP00000452123","ARGLU1","SRSF5",9606,0.469,0,0,0,0.396,0,0,0.157
"9606.ENSP00000383059","9606.ENSP00000410409","ARGLU1","TAF1D",9606,0.478,0,0,0,0.191,0,0,0.382
"9606.ENSP00000383059","9606.ENSP00000435210","ARGLU1","BCLAF1",9606,0.759,0,0,0,0.4,0.589,0,0.104
"9606.ENSP00000383059","9606.ENSP00000496842","ARGLU1","PNISR",9606,0.771,0,0,0,0.766,0.062,0,0
"9606.ENSP00000383611","9606.ENSP00000480987","CCNL2","MCM3",9606,0.411,0,0,0,0.075,0,0,0.39
"9606.ENSP00000383611","9606.ENSP00000398698","CCNL2","TNF",9606,0.429,0,0,0,0,0,0,0.429
"9606.ENSP00000383611","9606.ENSP00000406286","CCNL2","ZBTB7B",9606,0.529,0,0,0,0.053,0.524,0,0
"9606.ENSP00000383611","9606.ENSP00000494750","CCNL2","ACTB",9606,0.551,0,0,0,0.047,0,0,0.549
"9606.ENSP00000383611","9606.ENSP00000452123","CCNL2","SRSF5",9606,0.638,0,0,0,0.188,0.456,0,0.247
"9606.ENSP00000384182","9606.ENSP00000463393","SCFD2","SEC22B",9606,0.988,0,0,0,0.078,0.985,0,0.261
"9606.ENSP00000384290","9606.ENSP00000387007","WDR60","NCAPG2",9606,0.7,0,0,0,0.071,0,0,0.691
"9606.ENSP00000386710","9606.ENSP00000481126","ATG9A","VPS11",9606,0.405,0,0,0,0.101,0,0,0.366
"9606.ENSP00000386710","9606.ENSP00000403663","ATG9A","AP4M1",9606,0.894,0,0,0,0.089,0.802,0,0.462
"9606.ENSP00000387007","9606.ENSP00000442068","NCAPG2","CDCA3",9606,0.4,0,0,0,0.27,0,0,0.213
"9606.ENSP00000387007","9606.ENSP00000468425","NCAPG2","TK1",9606,0.473,0,0,0,0.364,0,0,0.206
"9606.ENSP00000387007","9606.ENSP00000414109","NCAPG2","HJURP",9606,0.506,0,0,0,0.392,0,0,0.222
"9606.ENSP00000387007","9606.ENSP00000483903","NCAPG2","H2BC15",9606,0.534,0,0,0,0.069,0,0.5,0.08
"9606.ENSP00000387007","9606.ENSP00000480987","NCAPG2","MCM3",9606,0.654,0,0,0,0.55,0,0,0.263
"9606.ENSP00000387996","9606.ENSP00000425031","CSTF2","HNRNPAB",9606,0.448,0,0,0.268,0.112,0,0,0.22
"9606.ENSP00000387996","9606.ENSP00000483254","CSTF2","HNRNPDL",9606,0.493,0,0,0.22,0.097,0,0,0.338
"9606.ENSP00000387996","9606.ENSP00000416269","CSTF2","DDX39B",9606,0.647,0.042,0,0,0.102,0,0.5,0.277
"9606.ENSP00000388001","9606.ENSP00000494750","OAS1","ACTB",9606,0.401,0,0,0,0.06,0,0,0.389
"9606.ENSP00000388001","9606.ENSP00000398698","OAS1","TNF",9606,0.516,0,0,0,0.126,0,0,0.469
"9606.ENSP00000388001","9606.ENSP00000471896","OAS1","IRF3",9606,0.703,0,0,0,0.062,0,0,0.697
"9606.ENSP00000388001","9606.ENSP00000395590","OAS1","IFI35",9606,0.942,0,0,0,0.849,0,0,0.637
"9606.ENSP00000389810","9606.ENSP00000414109","DSN1","HJURP",9606,0.525,0,0,0,0.152,0,0,0.463
"9606.ENSP00000390784","9606.ENSP00000496250","B3GALT4","RPL11",9606,0.416,0,0,0,0.416,0,0,0
"9606.ENSP00000392270","9606.ENSP00000497641","STRAP","EIF4A3",9606,0.42,0,0,0,0.234,0,0,0.275
"9606.ENSP00000392270","9606.ENSP00000437125","STRAP","HSPA8",9606,0.423,0,0,0,0.282,0.115,0,0.166
"9606.ENSP00000392270","9606.ENSP00000481762","STRAP","CSDE1",9606,0.999,0,0,0,0.199,0.999,0,0.846
"9606.ENSP00000393840","9606.ENSP00000437125","BLOC1S3","HSPA8",9606,0.5,0,0,0,0,0,0.5,0
"9606.ENSP00000394331","9606.ENSP00000478877","COMMD5","ADRM1",9606,0.468,0,0,0,0.15,0,0.4,0
"9606.ENSP00000394331","9606.ENSP00000483236","COMMD5","DCAF7",9606,0.547,0,0,0,0.133,0,0.5,0
"9606.ENSP00000395590","9606.ENSP00000464087","IFI35","RNF213",9606,0.4,0,0,0,0.271,0.073,0,0.184
"9606.ENSP00000395590","9606.ENSP00000471896","IFI35","IRF3",9606,0.42,0,0,0,0.075,0,0,0.399
"9606.ENSP00000395590","9606.ENSP00000427004","IFI35","GFM2",9606,0.792,0,0,0,0,0.792,0,0
"9606.ENSP00000395590","9606.ENSP00000496250","IFI35","RPL11",9606,0.941,0.111,0,0,0.738,0.721,0,0.209
"9606.ENSP00000396301","9606.ENSP00000437125","IK","HSPA8",9606,0.421,0,0,0,0.075,0,0.4,0
"9606.ENSP00000396301","9606.ENSP00000470560","IK","EMG1",9606,0.432,0,0,0,0.307,0,0,0.215
"9606.ENSP00000396301","9606.ENSP00000497641","IK","EIF4A3",9606,0.652,0,0,0,0.082,0.339,0.4,0.157
"9606.ENSP00000396301","9606.ENSP00000435210","IK","BCLAF1",9606,0.803,0,0,0,0.135,0.777,0,0.061
"9606.ENSP00000396301","9606.ENSP00000416269","IK","DDX39B",9606,0.81,0,0,0,0.091,0,0.8,0
"9606.ENSP00000397552","9606.ENSP00000416269","ACTL6A","DDX39B",9606,0.446,0,0,0,0.43,0.065,0,0.045
"9606.ENSP00000397552","9606.ENSP00000403039","ACTL6A","HP1BP3",9606,0.454,0,0,0,0,0.434,0,0.075
"9606.ENSP00000397552","9606.ENSP00000483903","ACTL6A","H2BC15",9606,0.903,0,0,0,0.075,0.807,0.4,0.202
"9606.ENSP00000397552","9606.ENSP00000433760","ACTL6A","BANF1",9606,0.959,0,0,0,0.172,0.461,0,0.916
"9606.ENSP00000397552","9606.ENSP00000458162","ACTL6A","ACTG1",9606,0.992,0,0,0,0.091,0.918,0.9,0.14
"9606.ENSP00000397552","9606.ENSP00000494750","ACTL6A","ACTB",9606,0.996,0,0,0,0.082,0.918,0.9,0.634
"9606.ENSP00000398698","9606.ENSP00000478877","TNF","ADRM1",9606,0.439,0,0,0,0,0,0.4,0.104
"9606.ENSP00000398698","9606.ENSP00000498852","TNF","SPN",9606,0.462,0,0,0,0.084,0,0,0.437
"9606.ENSP00000398698","9606.ENSP00000449428","TNF","TWF1",9606,0.533,0,0,0,0,0.524,0,0.06
"9606.ENSP00000398698","9606.ENSP00000483185","TNF","AP2B1",9606,0.551,0,0,0,0,0.524,0,0.097
"9606.ENSP00000398698","9606.ENSP00000447730","TNF","CD63",9606,0.56,0,0,0,0,0,0,0.56
"9606.ENSP00000398698","9606.ENSP00000496250","TNF","RPL11",9606,0.563,0,0,0,0,0.524,0,0.121
"9606.ENSP00000398698","9606.ENSP00000433760","TNF","BANF1",9606,0.619,0,0,0,0,0.524,0,0.233
"9606.ENSP00000398698","9606.ENSP00000433209","TNF","GSDMD",9606,0.648,0,0,0,0.075,0,0,0.636
"9606.ENSP00000398698","9606.ENSP00000470788","TNF","IL12RB1",9606,0.699,0,0,0,0.165,0,0,0.655
"9606.ENSP00000398698","9606.ENSP00000471896","TNF","IRF3",9606,0.769,0,0,0,0,0,0,0.769
"9606.ENSP00000398698","9606.ENSP00000494750","TNF","ACTB",9606,0.821,0,0,0,0,0.143,0,0.8
"9606.ENSP00000398882","9606.ENSP00000470560","DOHH","EMG1",9606,0.532,0,0,0,0.532,0,0,0
"9606.ENSP00000400184","9606.ENSP00000458162","NDUFAF8","ACTG1",9606,0.457,0,0,0,0,0.457,0,0
"9606.ENSP00000400184","9606.ENSP00000428263","NDUFAF8","DGLUCY",9606,0.477,0,0,0,0,0.363,0,0.214
"9606.ENSP00000400646","9606.ENSP00000468425","PNPT1","TK1",9606,0.458,0.118,0,0,0.402,0,0,0.055
"9606.ENSP00000400646","9606.ENSP00000423933","PNPT1","THUMPD2",9606,0.479,0.045,0,0,0.477,0,0,0
"9606.ENSP00000400646","9606.ENSP00000497641","PNPT1","EIF4A3",9606,0.504,0.053,0,0,0.303,0.131,0,0.238
"9606.ENSP00000400646","9606.ENSP00000496250","PNPT1","RPL11",9606,0.578,0,0,0,0.578,0,0,0
"9606.ENSP00000403663","9606.ENSP00000447730","AP4M1","CD63",9606,0.542,0,0,0,0,0,0,0.542
"9606.ENSP00000403663","9606.ENSP00000483185","AP4M1","AP2B1",9606,0.876,0,0,0,0.063,0,0.72,0.566
"9606.ENSP00000404439","9606.ENSP00000440703","NPIPB4","NPIPB5",9606,0.943,0,0,0,0.943,0,0,0.044
"9606.ENSP00000404854","9606.ENSP00000458162","NDRG1","ACTG1",9606,0.509,0,0,0,0.071,0.456,0,0.107
"9606.ENSP00000410409","9606.ENSP00000483903","TAF1D","H2BC15",9606,0.412,0,0,0,0,0,0.4,0.061
"9606.ENSP00000410409","9606.ENSP00000494750","TAF1D","ACTB",9606,0.539,0,0,0,0.066,0,0.5,0.093
"9606.ENSP00000410769","9606.ENSP00000482753","CNBP","C9orf72",9606,0.454,0,0,0,0,0,0,0.454
"9606.ENSP00000410769","9606.ENSP00000483254","CNBP","HNRNPDL",9606,0.515,0,0,0,0.333,0,0,0.303
"9606.ENSP00000410769","9606.ENSP00000481762","CNBP","CSDE1",9606,0.543,0,0,0,0.275,0.103,0,0.355
"9606.ENSP00000410769","9606.ENSP00000482030","CNBP","ZNF2",9606,0.651,0,0,0,0,0,0,0.651
"9606.ENSP00000410769","9606.ENSP00000496250","CNBP","RPL11",9606,0.852,0,0,0,0.314,0.791,0,0.057
"9606.ENSP00000413625","9606.ENSP00000453302","FNBP1","ADAM8",9606,0.411,0,0,0,0.093,0.309,0,0.136
"9606.ENSP00000413625","9606.ENSP00000444408","FNBP1","SLC1A5",9606,0.414,0,0,0,0,0,0.4,0.064
"9606.ENSP00000413625","9606.ENSP00000494550","FNBP1","MYO1F",9606,0.561,0,0,0,0.075,0.393,0,0.281
"9606.ENSP00000414109","9606.ENSP00000468425","HJURP","TK1",9606,0.483,0,0,0,0.329,0,0,0.262
"9606.ENSP00000414109","9606.ENSP00000415430","HJURP","GTSE1",9606,0.833,0,0,0,0.752,0,0,0.357
"9606.ENSP00000414109","9606.ENSP00000442068","HJURP","CDCA3",9606,0.852,0,0,0,0.818,0,0,0.225
"9606.ENSP00000414147","9606.ENSP00000438399","SPART","IST1",9606,0.961,0,0,0,0.06,0.9,0,0.621
"9606.ENSP00000415034","9606.ENSP00000425031","NBEAL2","HNRNPAB",9606,0.456,0,0,0,0,0.456,0,0
"9606.ENSP00000415034","9606.ENSP00000466718","NBEAL2","LSM12",9606,0.456,0,0,0,0,0.456,0,0
"9606.ENSP00000415034","9606.ENSP00000498336","NBEAL2","MTHFD1",9606,0.469,0,0,0,0,0.456,0,0.064
"9606.ENSP00000415430","9606.ENSP00000483185","GTSE1","AP2B1",9606,0.412,0,0,0,0,0.401,0,0.06
"9606.ENSP00000415430","9606.ENSP00000478877","GTSE1","ADRM1",9606,0.42,0,0,0,0.073,0,0.4,0
"9606.ENSP00000415430","9606.ENSP00000468425","GTSE1","TK1",9606,0.446,0,0,0,0.293,0,0,0.249
"9606.ENSP00000415430","9606.ENSP00000442068","GTSE1","CDCA3",9606,0.841,0,0,0,0.763,0,0,0.36
"9606.ENSP00000416269","9606.ENSP00000495530","DDX39B","ENO1",9606,0.403,0,0,0,0.288,0.128,0,0.117
"9606.ENSP00000416269","9606.ENSP00000494750","DDX39B","ACTB",9606,0.441,0,0,0,0.288,0.103,0,0.196
"9606.ENSP00000416269","9606.ENSP00000425031","DDX39B","HNRNPAB",9606,0.472,0,0,0,0.358,0.103,0,0.158
"9606.ENSP00000416269","9606.ENSP00000483254","DDX39B","HNRNPDL",9606,0.489,0,0,0,0.224,0.103,0,0.326
"9606.ENSP00000416269","9606.ENSP00000437125","DDX39B","HSPA8",9606,0.549,0,0,0,0.25,0.371,0,0.122
"9606.ENSP00000416269","9606.ENSP00000436649","DDX39B","SAC3D1",9606,0.607,0,0,0,0.074,0.564,0,0.107
"9606.ENSP00000416269","9606.ENSP00000452123","DDX39B","SRSF5",9606,0.747,0.042,0,0,0.145,0.275,0.5,0.28
"9606.ENSP00000416269","9606.ENSP00000435210","DDX39B","BCLAF1",9606,0.897,0,0,0,0.347,0.824,0,0.182
"9606.ENSP00000416269","9606.ENSP00000497641","DDX39B","EIF4A3",9606,0.999,0,0,0.105,0.65,0.999,0.8,0.336
"9606.ENSP00000421405","9606.ENSP00000443475","ROPN1L","TUBA1C",9606,0.8,0,0,0,0,0.8,0,0
"9606.ENSP00000424846","9606.ENSP00000494550","SH3BP2","MYO1F",9606,0.553,0,0,0,0.095,0.408,0,0.234
"9606.ENSP00000425031","9606.ENSP00000452123","HNRNPAB","SRSF5",9606,0.41,0,0,0,0.108,0,0,0.366
"9606.ENSP00000425031","9606.ENSP00000483254","HNRNPAB","HNRNPDL",9606,0.992,0,0,0.065,0.621,0.98,0,0.083
"9606.ENSP00000429323","9606.ENSP00000482753","EIF2B4","C9orf72",9606,0.722,0,0,0,0,0,0.72,0.048
"9606.ENSP00000429323","9606.ENSP00000438399","EIF2B4","IST1",9606,0.867,0,0,0,0,0.867,0,0
"9606.ENSP00000429690","9606.ENSP00000447730","ATP6V0E1","CD63",9606,0.454,0,0,0,0.454,0,0,0
"9606.ENSP00000429690","9606.ENSP00000430598","ATP6V0E1","ATOX1",9606,0.501,0,0,0,0.231,0,0,0.378
"9606.ENSP00000430598","9606.ENSP00000496250","ATOX1","RPL11",9606,0.56,0,0,0,0.09,0.533,0,0.048
"9606.ENSP00000430598","9606.ENSP00000449270","ATOX1","COPZ1",9606,0.619,0,0,0,0.138,0,0,0.577
"9606.ENSP00000432886","9606.ENSP00000496842","RNPC3","PNISR",9606,0.634,0,0,0,0.634,0,0,0
"9606.ENSP00000433209","9606.ENSP00000471896","GSDMD","IRF3",9606,0.521,0,0,0,0.137,0,0,0.468
"9606.ENSP00000433209","9606.ENSP00000494750","GSDMD","ACTB",9606,0.578,0,0,0,0.06,0,0,0.57
"9606.ENSP00000433209","9606.ENSP00000469240","GSDMD","CHMP2A",9606,0.604,0,0,0,0.075,0,0.4,0.344
"9606.ENSP00000433760","9606.ENSP00000494750","BANF1","ACTB",9606,0.496,0,0,0,0.142,0.102,0,0.399
"9606.ENSP00000433760","9606.ENSP00000469880","BANF1","VRK3",9606,0.754,0,0,0,0.047,0.529,0,0.496
"9606.ENSP00000435210","9606.ENSP00000483254","BCLAF1","HNRNPDL",9606,0.46,0,0,0,0.375,0,0,0.172
"9606.ENSP00000435210","9606.ENSP00000469880","BCLAF1","VRK3",9606,0.469,0,0,0,0,0.469,0,0
"9606.ENSP00000435210","9606.ENSP00000496842","BCLAF1","PNISR",9606,0.481,0,0,0,0.402,0.061,0,0.15
"9606.ENSP00000435210","9606.ENSP00000497641","BCLAF1","EIF4A3",9606,0.876,0,0,0,0.158,0.837,0,0.17
"9606.ENSP00000437125","9606.ENSP00000483254","HSPA8","HNRNPDL",9606,0.46,0,0,0,0.347,0,0,0.208
"9606.ENSP00000437125","9606.ENSP00000469880","HSPA8","VRK3",9606,0.463,0,0,0,0,0.457,0,0.053
"9606.ENSP00000437125","9606.ENSP00000438886","HSPA8","CDK5RAP3",9606,0.495,0,0,0,0.068,0.457,0,0.083
"9606.ENSP00000437125","9606.ENSP00000469240","HSPA8","CHMP2A",9606,0.515,0,0,0,0.075,0.064,0.4,0.178
"9606.ENSP00000437125","9606.ENSP00000496250","HSPA8","RPL11",9606,0.645,0,0,0,0.349,0.336,0,0.246
"9606.ENSP00000437125","9606.ENSP00000447730","HSPA8","CD63",9606,0.664,0,0,0,0.154,0.116,0,0.587
"9606.ENSP00000437125","9606.ENSP00000483185","HSPA8","AP2B1",9606,0.705,0,0,0,0.1,0.588,0,0.27
"9606.ENSP00000437125","9606.ENSP00000443475","HSPA8","TUBA1C",9606,0.737,0,0,0,0.64,0,0,0.301
"9606.ENSP00000437125","9606.ENSP00000481762","HSPA8","CSDE1",9606,0.739,0,0,0,0.202,0.654,0,0.131
"9606.ENSP00000437125","9606.ENSP00000458162","HSPA8","ACTG1",9606,0.764,0,0,0,0.588,0.138,0,0.389
"9606.ENSP00000437125","9606.ENSP00000495530","HSPA8","ENO1",9606,0.816,0.046,0,0,0.552,0.198,0,0.528
"9606.ENSP00000437125","9606.ENSP00000478877","HSPA8","ADRM1",9606,0.875,0,0,0,0.095,0.841,0,0.206
"9606.ENSP00000437125","9606.ENSP00000494750","HSPA8","ACTB",9606,0.962,0,0,0,0.558,0.818,0,0.569
"9606.ENSP00000438399","9606.ENSP00000443475","IST1","TUBA1C",9606,0.537,0,0,0,0.075,0,0.5,0.08
"9606.ENSP00000438399","9606.ENSP00000469240","IST1","CHMP2A",9606,0.991,0,0,0,0.32,0.87,0.5,0.833
"9606.ENSP00000438886","9606.ENSP00000496250","CDK5RAP3","RPL11",9606,0.814,0,0,0,0.112,0.8,0,0
"9606.ENSP00000442068","9606.ENSP00000480987","CDCA3","MCM3",9606,0.509,0,0,0,0.404,0,0,0.211
"9606.ENSP00000442068","9606.ENSP00000468425","CDCA3","TK1",9606,0.579,0,0,0,0.396,0,0,0.332
"9606.ENSP00000443475","9606.ENSP00000469880","TUBA1C","VRK3",9606,0.493,0,0,0,0.092,0.457,0,0.056
"9606.ENSP00000443475","9606.ENSP00000495530","TUBA1C","ENO1",9606,0.5,0,0,0,0.275,0.095,0,0.3
"9606.ENSP00000443475","9606.ENSP00000469240","TUBA1C","CHMP2A",9606,0.517,0,0,0,0.075,0,0.5,0
"9606.ENSP00000443475","9606.ENSP00000458162","TUBA1C","ACTG1",9606,0.966,0,0,0.2,0.642,0.818,0,0.428
"9606.ENSP00000443475","9606.ENSP00000494750","TUBA1C","ACTB",9606,0.976,0,0,0.201,0.63,0.818,0.4,0.384
"9606.ENSP00000444408","9606.ENSP00000449756","SLC1A5","SLC38A1",9606,0.818,0,0,0,0.113,0.046,0,0.803
"9606.ENSP00000447730","9606.ENSP00000495530","CD63","ENO1",9606,0.41,0,0,0,0.219,0,0,0.276
"9606.ENSP00000447730","9606.ENSP00000469240","CD63","CHMP2A",9606,0.424,0,0,0,0.232,0,0,0.281
"9606.ENSP00000447730","9606.ENSP00000458162","CD63","ACTG1",9606,0.436,0,0,0,0.35,0,0,0.169
"9606.ENSP00000447730","9606.ENSP00000494750","CD63","ACTB",9606,0.77,0,0,0,0.35,0,0,0.661
"9606.ENSP00000449270","9606.ENSP00000463393","COPZ1","SEC22B",9606,0.774,0,0,0,0.2,0.175,0.5,0.396
"9606.ENSP00000449428","9606.ENSP00000458162","TWF1","ACTG1",9606,0.455,0,0,0,0.064,0.302,0,0.234
"9606.ENSP00000449428","9606.ENSP00000494750","TWF1","ACTB",9606,0.804,0,0,0,0,0.755,0,0.235
"9606.ENSP00000449756","9606.ENSP00000494750","SLC38A1","ACTB",9606,0.468,0,0,0,0.325,0,0,0.245
"9606.ENSP00000452123","9606.ENSP00000496842","SRSF5","PNISR",9606,0.669,0,0,0,0.547,0,0,0.301
"9606.ENSP00000452123","9606.ENSP00000483254","SRSF5","HNRNPDL",9606,0.712,0,0,0,0.5,0,0,0.449
"9606.ENSP00000452123","9606.ENSP00000497641","SRSF5","EIF4A3",9606,0.912,0.042,0,0,0.172,0.44,0.8,0.163
"9606.ENSP00000458162","9606.ENSP00000496250","ACTG1","RPL11",9606,0.64,0,0,0,0.596,0.046,0,0.141
"9606.ENSP00000458162","9606.ENSP00000495530","ACTG1","ENO1",9606,0.718,0,0,0,0.534,0.051,0,0.415
"9606.ENSP00000458162","9606.ENSP00000494550","ACTG1","MYO1F",9606,0.723,0,0,0,0,0.089,0.65,0.203
"9606.ENSP00000458162","9606.ENSP00000483903","ACTG1","H2BC15",9606,0.877,0,0,0,0.327,0.8,0,0.166
"9606.ENSP00000458162","9606.ENSP00000494750","ACTG1","ACTB",9606,0.999,0,0,0.047,0.978,0.999,0.9,0.418
"9606.ENSP00000466718","9606.ENSP00000483254","LSM12","HNRNPDL",9606,0.506,0,0,0,0.2,0.1,0,0.37
"9606.ENSP00000466718","9606.ENSP00000481762","LSM12","CSDE1",9606,0.6,0,0,0,0.09,0.579,0,0
"9606.ENSP00000468424","9606.ENSP00000496250","NMT1","RPL11",9606,0.819,0,0,0,0.094,0.8,0,0.082
"9606.ENSP00000468425","9606.ENSP00000480987","TK1","MCM3",9606,0.49,0,0,0,0.361,0,0,0.235
"9606.ENSP00000469445","9606.ENSP00000494750","PNMA3","ACTB",9606,0.681,0,0,0,0.052,0,0,0.678
"9606.ENSP00000469880","9606.ENSP00000496250","VRK3","RPL11",9606,0.476,0,0,0,0,0.457,0,0.075
"9606.ENSP00000470560","9606.ENSP00000496250","EMG1","RPL11",9606,0.51,0,0,0,0.253,0,0,0.371
"9606.ENSP00000470560","9606.ENSP00000497641","EMG1","EIF4A3",9606,0.526,0,0,0,0.41,0.078,0,0.2
"9606.ENSP00000471896","9606.ENSP00000494750","IRF3","ACTB",9606,0.632,0,0,0,0.064,0.069,0,0.612
"9606.ENSP00000478877","9606.ENSP00000496250","ADRM1","RPL11",9606,0.599,0,0,0,0.354,0,0,0.406
"9606.ENSP00000480270","9606.ENSP00000484580","PPP1R18","PPP1R2",9606,0.433,0,0,0,0.075,0,0,0.413
"9606.ENSP00000481762","9606.ENSP00000496250","CSDE1","RPL11",9606,0.459,0,0,0,0.106,0.097,0,0.384
"9606.ENSP00000482599","9606.ENSP00000483903","METTL23","H2BC15",9606,0.512,0,0,0,0,0.062,0.5,0.044
"9606.ENSP00000482753","9606.ENSP00000483254","C9orf72","HNRNPDL",9606,0.454,0,0,0,0.047,0.083,0,0.426
"9606.ENSP00000483254","9606.ENSP00000497641","HNRNPDL","EIF4A3",9606,0.453,0,0,0,0.216,0,0,0.331
"9606.ENSP00000483254","9606.ENSP00000496842","HNRNPDL","PNISR",9606,0.483,0,0,0,0.33,0,0,0.26
"9606.ENSP00000483254","9606.ENSP00000494750","HNRNPDL","ACTB",9606,0.484,0,0,0,0.273,0,0,0.32
"9606.ENSP00000483903","9606.ENSP00000483946","H2BC15","PHF19",9606,0.544,0,0,0,0.061,0.071,0.5,0.079
"9606.ENSP00000483903","9606.ENSP00000494750","H2BC15","ACTB",9606,0.94,0,0,0,0.326,0.8,0.4,0.356
"9606.ENSP00000494550","9606.ENSP00000494750","MYO1F","ACTB",9606,0.715,0,0,0,0.062,0.089,0.65,0.161
"9606.ENSP00000494750","9606.ENSP00000497641","ACTB","EIF4A3",9606,0.433,0,0,0,0.158,0.13,0,0.289
"9606.ENSP00000494750","9606.ENSP00000496250","ACTB","RPL11",9606,0.809,0,0,0,0.593,0.372,0,0.314
"9606.ENSP00000494750","9606.ENSP00000495530","ACTB","ENO1",9606,0.847,0,0,0,0.54,0.375,0,0.513
"9606.ENSP00000495530","9606.ENSP00000496250","ENO1","RPL11",9606,0.511,0.108,0,0,0.387,0,0,0.178
