"stringId_A","stringId_B","preferredName_A","preferredName_B","ncbiTaxonId","score","nscore","fscore","pscore","ascore","escore","dscore","tscore"
"9606.ENSP00000206474","9606.ENSP00000356319","HAUS4","KIF14",9606,0.522,0,0,0,0.143,0.457,0,0.057
"9606.ENSP00000206474","9606.ENSP00000378699","HAUS4","CDK1",9606,0.557,0,0,0,0.139,0,0.5,0.054
"9606.ENSP00000206474","9606.ENSP00000300093","HAUS4","PLK1",9606,0.645,0,0,0,0.189,0.083,0.5,0.158
"9606.ENSP00000206474","9606.ENSP00000355966","HAUS4","NEK2",9606,0.645,0,0,0,0.089,0,0.5,0.284
"9606.ENSP00000217159","9606.ENSP00000498610","SLCO4A1","SLC29A1",9606,0.411,0,0,0,0.075,0,0,0.39
"9606.ENSP00000219097","9606.ENSP00000361298","ORC6","KIF2C",9606,0.403,0,0,0,0.2,0,0,0.285
"9606.ENSP00000219097","9606.ENSP00000301633","ORC6","BIRC5",9606,0.41,0,0,0,0.244,0,0,0.252
"9606.ENSP00000219097","9606.ENSP00000260363","ORC6","KIF23",9606,0.418,0,0,0,0.273,0,0,0.233
"9606.ENSP00000219097","9606.ENSP00000418960","ORC6","BRCA1",9606,0.421,0,0,0,0.307,0,0,0.2
"9606.ENSP00000219097","9606.ENSP00000300093","ORC6","PLK1",9606,0.424,0,0,0,0.153,0,0,0.348
"9606.ENSP00000219097","9606.ENSP00000285116","ORC6","SKA1",9606,0.428,0,0,0,0.161,0,0,0.347
"9606.ENSP00000219097","9606.ENSP00000363055","ORC6","ZWINT",9606,0.43,0,0,0,0.351,0,0,0.158
"9606.ENSP00000219097","9606.ENSP00000247191","ORC6","DLGAP5",9606,0.435,0,0,0,0.215,0,0,0.31
"9606.ENSP00000219097","9606.ENSP00000336868","ORC6","CENPA",9606,0.44,0,0,0,0.187,0,0,0.34
"9606.ENSP00000219097","9606.ENSP00000429089","ORC6","CCNE2",9606,0.452,0,0,0,0.225,0,0,0.322
"9606.ENSP00000219097","9606.ENSP00000356379","ORC6","ASPM",9606,0.456,0,0,0,0.23,0,0,0.323
"9606.ENSP00000219097","9606.ENSP00000493712","ORC6","RAD51",9606,0.463,0,0,0,0.33,0,0,0.232
"9606.ENSP00000219097","9606.ENSP00000355506","ORC6","EXO1",9606,0.475,0,0,0,0.356,0,0,0.219
"9606.ENSP00000219097","9606.ENSP00000298048","ORC6","MELK",9606,0.478,0,0,0,0.236,0,0,0.346
"9606.ENSP00000219097","9606.ENSP00000499238","ORC6","NUSAP1",9606,0.478,0,0,0,0.238,0,0,0.344
"9606.ENSP00000219097","9606.ENSP00000362146","ORC6","CDCA8",9606,0.495,0,0,0,0.24,0,0,0.364
"9606.ENSP00000219097","9606.ENSP00000288207","ORC6","CCNB2",9606,0.502,0,0,0,0.248,0,0,0.365
"9606.ENSP00000219097","9606.ENSP00000300035","ORC6","PCLAF",9606,0.508,0,0,0,0.333,0,0,0.294
"9606.ENSP00000219097","9606.ENSP00000361540","ORC6","CDC20",9606,0.52,0,0,0,0.244,0,0,0.392
"9606.ENSP00000219097","9606.ENSP00000302530","ORC6","BUB1",9606,0.522,0,0,0,0.24,0,0,0.397
"9606.ENSP00000219097","9606.ENSP00000377536","ORC6","PTTG1",9606,0.526,0,0,0,0.206,0,0,0.428
"9606.ENSP00000219097","9606.ENSP00000262300","ORC6","PKMYT1",9606,0.529,0,0,0,0.212,0,0,0.427
"9606.ENSP00000219097","9606.ENSP00000353770","ORC6","RRM2",9606,0.538,0,0,0,0.273,0,0,0.391
"9606.ENSP00000219097","9606.ENSP00000263382","ORC6","ASF1B",9606,0.552,0,0,0,0.339,0,0,0.351
"9606.ENSP00000219097","9606.ENSP00000315644","ORC6","TYMS",9606,0.561,0,0,0,0.462,0,0,0.218
"9606.ENSP00000219097","9606.ENSP00000306473","ORC6","SHCBP1",9606,0.562,0,0,0,0.504,0,0,0.154
"9606.ENSP00000219097","9606.ENSP00000253462","ORC6","GINS2",9606,0.564,0,0,0,0.295,0,0,0.407
"9606.ENSP00000219097","9606.ENSP00000305480","ORC6","FEN1",9606,0.639,0,0,0,0.51,0,0,0.295
"9606.ENSP00000219097","9606.ENSP00000312995","ORC6","CLSPN",9606,0.706,0,0,0,0.32,0,0.5,0.207
"9606.ENSP00000219097","9606.ENSP00000481380","ORC6","CCNA2",9606,0.717,0,0,0,0.241,0,0.4,0.43
"9606.ENSP00000219097","9606.ENSP00000378699","ORC6","CDK1",9606,0.721,0,0,0,0.246,0,0.5,0.32
"9606.ENSP00000219097","9606.ENSP00000256442","ORC6","CCNB1",9606,0.753,0,0,0,0.252,0,0.5,0.395
"9606.ENSP00000219097","9606.ENSP00000230056","ORC6","GMNN",9606,0.864,0,0,0,0.335,0,0.5,0.625
"9606.ENSP00000219097","9606.ENSP00000418268","ORC6","MCM10",9606,0.901,0,0,0,0.422,0,0.5,0.688
"9606.ENSP00000219097","9606.ENSP00000405726","ORC6","CDC45",9606,0.989,0,0,0,0.252,0.893,0.5,0.769
"9606.ENSP00000219097","9606.ENSP00000262105","ORC6","MCM4",9606,0.999,0,0,0,0.41,0.999,0.5,0.712
"9606.ENSP00000219097","9606.ENSP00000307288","ORC6","MCM7",9606,0.999,0,0,0,0.32,0.999,0.5,0.68
"9606.ENSP00000219097","9606.ENSP00000360623","ORC6","ORC1",9606,0.999,0,0,0,0.318,0.996,0.9,0.963
"9606.ENSP00000220514","9606.ENSP00000262105","OIP5","MCM4",9606,0.414,0,0,0,0.296,0,0,0.203
"9606.ENSP00000220514","9606.ENSP00000306473","OIP5","SHCBP1",9606,0.431,0,0,0,0.358,0,0,0.151
"9606.ENSP00000220514","9606.ENSP00000377536","OIP5","PTTG1",9606,0.434,0,0,0,0.34,0,0,0.179
"9606.ENSP00000220514","9606.ENSP00000263382","OIP5","ASF1B",9606,0.435,0,0,0,0.363,0,0,0.15
"9606.ENSP00000220514","9606.ENSP00000320147","OIP5","EZH2",9606,0.446,0,0,0,0.232,0.172,0,0.2
"9606.ENSP00000220514","9606.ENSP00000355506","OIP5","EXO1",9606,0.448,0,0,0,0.37,0,0,0.16
"9606.ENSP00000220514","9606.ENSP00000357643","OIP5","MKI67",9606,0.454,0,0,0,0.34,0,0,0.207
"9606.ENSP00000220514","9606.ENSP00000305480","OIP5","FEN1",9606,0.481,0,0,0,0.456,0,0,0.086
"9606.ENSP00000220514","9606.ENSP00000328228","OIP5","CDCA2",9606,0.499,0,0,0,0.381,0,0,0.224
"9606.ENSP00000220514","9606.ENSP00000356319","OIP5","KIF14",9606,0.508,0,0,0,0.393,0,0,0.223
"9606.ENSP00000220514","9606.ENSP00000260363","OIP5","KIF23",9606,0.513,0,0,0,0.401,0,0,0.221
"9606.ENSP00000220514","9606.ENSP00000253462","OIP5","GINS2",9606,0.529,0,0,0,0.409,0,0,0.237
"9606.ENSP00000220514","9606.ENSP00000315644","OIP5","TYMS",9606,0.545,0,0,0,0.494,0,0,0.138
"9606.ENSP00000220514","9606.ENSP00000285116","OIP5","SKA1",9606,0.549,0,0,0,0.431,0,0,0.24
"9606.ENSP00000220514","9606.ENSP00000353770","OIP5","RRM2",9606,0.567,0,0,0,0.493,0,0,0.181
"9606.ENSP00000220514","9606.ENSP00000300093","OIP5","PLK1",9606,0.569,0,0,0,0.363,0.108,0,0.303
"9606.ENSP00000220514","9606.ENSP00000355958","OIP5","DTL",9606,0.582,0,0,0,0.58,0,0,0.047
"9606.ENSP00000220514","9606.ENSP00000361540","OIP5","CDC20",9606,0.636,0,0,0,0.568,0,0,0.192
"9606.ENSP00000220514","9606.ENSP00000411532","OIP5","TOP2A",9606,0.657,0,0,0,0.565,0,0,0.246
"9606.ENSP00000220514","9606.ENSP00000348838","OIP5","UBE2C",9606,0.658,0,0,0,0.569,0,0,0.24
"9606.ENSP00000220514","9606.ENSP00000300035","OIP5","PCLAF",9606,0.66,0,0,0,0.603,0,0,0.179
"9606.ENSP00000220514","9606.ENSP00000363524","OIP5","KIF4A",9606,0.671,0,0,0,0.629,0,0,0.152
"9606.ENSP00000220514","9606.ENSP00000355966","OIP5","NEK2",9606,0.678,0,0,0,0.579,0,0,0.267
"9606.ENSP00000220514","9606.ENSP00000288207","OIP5","CCNB2",9606,0.697,0,0,0,0.64,0,0,0.193
"9606.ENSP00000220514","9606.ENSP00000356379","OIP5","ASPM",9606,0.702,0,0,0,0.6,0,0,0.286
"9606.ENSP00000220514","9606.ENSP00000418268","OIP5","MCM10",9606,0.714,0,0,0,0.648,0,0,0.222
"9606.ENSP00000220514","9606.ENSP00000300403","OIP5","TPX2",9606,0.717,0,0,0,0.64,0,0,0.247
"9606.ENSP00000220514","9606.ENSP00000363055","OIP5","ZWINT",9606,0.741,0,0,0,0.642,0,0,0.307
"9606.ENSP00000220514","9606.ENSP00000265036","OIP5","DEPDC1B",9606,0.753,0,0,0,0.723,0,0,0.145
"9606.ENSP00000220514","9606.ENSP00000251496","OIP5","NCAPG",9606,0.755,0,0,0,0.652,0,0,0.325
"9606.ENSP00000220514","9606.ENSP00000357308","OIP5","CENPW",9606,0.759,0,0,0,0.39,0,0.5,0.276
"9606.ENSP00000220514","9606.ENSP00000302530","OIP5","BUB1",9606,0.774,0,0,0,0.714,0,0,0.245
"9606.ENSP00000220514","9606.ENSP00000493712","OIP5","RAD51",9606,0.774,0,0,0,0.764,0,0,0.085
"9606.ENSP00000220514","9606.ENSP00000405726","OIP5","CDC45",9606,0.782,0,0,0,0.746,0,0,0.179
"9606.ENSP00000220514","9606.ENSP00000324020","OIP5","KIF15",9606,0.784,0,0,0,0.73,0,0,0.236
"9606.ENSP00000220514","9606.ENSP00000301633","OIP5","BIRC5",9606,0.795,0,0,0,0.748,0,0,0.222
"9606.ENSP00000220514","9606.ENSP00000298048","OIP5","MELK",9606,0.818,0,0,0,0.76,0,0,0.274
"9606.ENSP00000220514","9606.ENSP00000362146","OIP5","CDCA8",9606,0.82,0,0,0,0.748,0,0,0.315
"9606.ENSP00000220514","9606.ENSP00000499238","OIP5","NUSAP1",9606,0.822,0,0,0,0.727,0,0,0.375
"9606.ENSP00000220514","9606.ENSP00000361298","OIP5","KIF2C",9606,0.827,0,0,0,0.744,0,0,0.354
"9606.ENSP00000220514","9606.ENSP00000256442","OIP5","CCNB1",9606,0.849,0,0,0,0.811,0,0,0.236
"9606.ENSP00000220514","9606.ENSP00000282074","OIP5","SPC25",9606,0.852,0,0,0,0.852,0,0,0
"9606.ENSP00000220514","9606.ENSP00000481380","OIP5","CCNA2",9606,0.855,0,0,0,0.802,0,0,0.3
"9606.ENSP00000220514","9606.ENSP00000247191","OIP5","DLGAP5",9606,0.881,0,0,0,0.836,0,0,0.308
"9606.ENSP00000220514","9606.ENSP00000378699","OIP5","CDK1",9606,0.882,0,0,0,0.847,0,0,0.261
"9606.ENSP00000220514","9606.ENSP00000336868","OIP5","CENPA",9606,0.985,0,0,0,0.738,0.775,0.5,0.57
"9606.ENSP00000226279","9606.ENSP00000357643","CD38","MKI67",9606,0.48,0,0,0,0.075,0,0,0.461
"9606.ENSP00000226279","9606.ENSP00000354394","CD38","STAT1",9606,0.5,0,0,0,0.162,0,0,0.428
"9606.ENSP00000226279","9606.ENSP00000380855","CD38","PDCD1LG2",9606,0.517,0,0,0,0.069,0,0,0.503
"9606.ENSP00000226279","9606.ENSP00000312002","CD38","HAVCR2",9606,0.667,0,0,0,0.077,0,0,0.655
"9606.ENSP00000228534","9606.ENSP00000354394","IL23A","STAT1",9606,0.408,0,0,0,0.055,0,0,0.4
"9606.ENSP00000228534","9606.ENSP00000262345","IL23A","IL12RB2",9606,0.971,0,0,0,0.064,0,0.9,0.724
"9606.ENSP00000230056","9606.ENSP00000306968","GMNN","CDCA7",9606,0.425,0,0,0,0.219,0,0,0.294
"9606.ENSP00000230056","9606.ENSP00000328228","GMNN","CDCA2",9606,0.426,0,0,0,0.193,0,0,0.319
"9606.ENSP00000230056","9606.ENSP00000301633","GMNN","BIRC5",9606,0.43,0,0,0,0.3,0,0,0.22
"9606.ENSP00000230056","9606.ENSP00000336868","GMNN","CENPA",9606,0.435,0,0,0,0.2,0,0,0.323
"9606.ENSP00000230056","9606.ENSP00000362334","GMNN","PSMB2",9606,0.436,0,0,0,0.096,0,0.4,0.045
"9606.ENSP00000230056","9606.ENSP00000300035","GMNN","PCLAF",9606,0.44,0,0,0,0.312,0,0,0.22
"9606.ENSP00000230056","9606.ENSP00000377536","GMNN","PTTG1",9606,0.442,0,0,0,0.278,0,0,0.26
"9606.ENSP00000230056","9606.ENSP00000493712","GMNN","RAD51",9606,0.442,0,0,0,0.321,0,0,0.212
"9606.ENSP00000230056","9606.ENSP00000260363","GMNN","KIF23",9606,0.445,0,0,0,0.223,0,0,0.315
"9606.ENSP00000230056","9606.ENSP00000251496","GMNN","NCAPG",9606,0.476,0,0,0,0.429,0,0,0.121
"9606.ENSP00000230056","9606.ENSP00000363055","GMNN","ZWINT",9606,0.476,0,0,0,0.37,0,0,0.203
"9606.ENSP00000230056","9606.ENSP00000411532","GMNN","TOP2A",9606,0.476,0,0,0,0.259,0,0,0.322
"9606.ENSP00000230056","9606.ENSP00000499238","GMNN","NUSAP1",9606,0.492,0,0,0,0.326,0,0,0.278
"9606.ENSP00000230056","9606.ENSP00000288207","GMNN","CCNB2",9606,0.498,0,0,0,0.226,0,0,0.379
"9606.ENSP00000230056","9606.ENSP00000302530","GMNN","BUB1",9606,0.5,0,0,0,0.3,0,0,0.315
"9606.ENSP00000230056","9606.ENSP00000361298","GMNN","KIF2C",9606,0.509,0,0,0,0.218,0,0,0.399
"9606.ENSP00000230056","9606.ENSP00000362146","GMNN","CDCA8",9606,0.513,0,0,0,0.29,0,0,0.343
"9606.ENSP00000230056","9606.ENSP00000312995","GMNN","CLSPN",9606,0.529,0,0,0,0.167,0,0,0.458
"9606.ENSP00000230056","9606.ENSP00000256442","GMNN","CCNB1",9606,0.54,0,0,0,0.299,0,0,0.372
"9606.ENSP00000230056","9606.ENSP00000247191","GMNN","DLGAP5",9606,0.543,0,0,0,0.321,0,0,0.355
"9606.ENSP00000230056","9606.ENSP00000305480","GMNN","FEN1",9606,0.573,0,0,0,0.396,0,0,0.323
"9606.ENSP00000230056","9606.ENSP00000357308","GMNN","CENPW",9606,0.595,0,0,0,0.504,0,0,0.217
"9606.ENSP00000230056","9606.ENSP00000300093","GMNN","PLK1",9606,0.599,0,0,0,0.184,0,0,0.529
"9606.ENSP00000230056","9606.ENSP00000315644","GMNN","TYMS",9606,0.604,0,0,0,0.418,0,0,0.349
"9606.ENSP00000230056","9606.ENSP00000355506","GMNN","EXO1",9606,0.605,0,0,0,0.268,0,0,0.483
"9606.ENSP00000230056","9606.ENSP00000353770","GMNN","RRM2",9606,0.606,0,0,0,0.439,0,0,0.328
"9606.ENSP00000230056","9606.ENSP00000429089","GMNN","CCNE2",9606,0.618,0,0,0,0.22,0,0,0.531
"9606.ENSP00000230056","9606.ENSP00000355958","GMNN","DTL",9606,0.629,0,0,0,0.496,0,0,0.295
"9606.ENSP00000230056","9606.ENSP00000348838","GMNN","UBE2C",9606,0.669,0,0,0,0.253,0,0.4,0.321
"9606.ENSP00000230056","9606.ENSP00000253462","GMNN","GINS2",9606,0.704,0,0,0,0.372,0,0,0.548
"9606.ENSP00000230056","9606.ENSP00000360623","GMNN","ORC1",9606,0.718,0,0,0,0.241,0,0.5,0.319
"9606.ENSP00000230056","9606.ENSP00000405726","GMNN","CDC45",9606,0.725,0,0,0,0.376,0,0,0.578
"9606.ENSP00000230056","9606.ENSP00000418268","GMNN","MCM10",9606,0.743,0,0,0,0.317,0,0.5,0.309
"9606.ENSP00000230056","9606.ENSP00000307288","GMNN","MCM7",9606,0.774,0,0,0,0.361,0,0.5,0.351
"9606.ENSP00000230056","9606.ENSP00000262105","GMNN","MCM4",9606,0.789,0,0,0,0.319,0,0.5,0.432
"9606.ENSP00000230056","9606.ENSP00000311083","GMNN","CKS1B",9606,0.902,0,0,0,0.29,0.841,0,0.206
"9606.ENSP00000230056","9606.ENSP00000364976","GMNN","CKS2",9606,0.929,0,0,0,0.342,0.856,0,0.311
"9606.ENSP00000230056","9606.ENSP00000361540","GMNN","CDC20",9606,0.973,0,0,0,0.213,0.918,0,0.616
"9606.ENSP00000230056","9606.ENSP00000481380","GMNN","CCNA2",9606,0.98,0,0,0,0.358,0.954,0,0.394
"9606.ENSP00000230056","9606.ENSP00000378699","GMNN","CDK1",9606,0.986,0,0,0,0.421,0.968,0,0.319
"9606.ENSP00000245185","9606.ENSP00000319788","MT2A","NQO1",9606,0.544,0,0,0,0.075,0,0,0.528
"9606.ENSP00000245185","9606.ENSP00000359497","MT2A","GBP2",9606,0.576,0,0,0,0.075,0,0.5,0.158
"9606.ENSP00000245185","9606.ENSP00000354394","MT2A","STAT1",9606,0.596,0,0,0,0.078,0.045,0.5,0.192
"9606.ENSP00000247191","9606.ENSP00000418960","DLGAP5","BRCA1",9606,0.417,0,0,0,0.323,0,0,0.175
"9606.ENSP00000247191","9606.ENSP00000312995","DLGAP5","CLSPN",9606,0.48,0,0,0,0.347,0,0,0.237
"9606.ENSP00000247191","9606.ENSP00000306968","DLGAP5","CDCA7",9606,0.483,0,0,0,0.299,0,0,0.294
"9606.ENSP00000247191","9606.ENSP00000360944","DLGAP5","STIL",9606,0.484,0,0,0,0.417,0,0,0.152
"9606.ENSP00000247191","9606.ENSP00000305480","DLGAP5","FEN1",9606,0.49,0,0,0,0.347,0,0,0.252
"9606.ENSP00000247191","9606.ENSP00000311083","DLGAP5","CKS1B",9606,0.506,0,0,0,0.366,0,0,0.254
"9606.ENSP00000247191","9606.ENSP00000323246","DLGAP5","E2F7",9606,0.511,0,0,0,0.412,0,0,0.203
"9606.ENSP00000247191","9606.ENSP00000360623","DLGAP5","ORC1",9606,0.517,0,0,0,0.459,0,0,0.145
"9606.ENSP00000247191","9606.ENSP00000262105","DLGAP5","MCM4",9606,0.519,0,0,0,0.366,0,0,0.273
"9606.ENSP00000247191","9606.ENSP00000479617","DLGAP5","UHRF1",9606,0.564,0,0,0,0.453,0,0,0.237
"9606.ENSP00000247191","9606.ENSP00000465075","DLGAP5","SPC24",9606,0.572,0,0,0,0.41,0,0,0.305
"9606.ENSP00000247191","9606.ENSP00000493712","DLGAP5","RAD51",9606,0.594,0,0,0,0.476,0,0,0.257
"9606.ENSP00000247191","9606.ENSP00000253462","DLGAP5","GINS2",9606,0.635,0,0,0,0.366,0,0,0.449
"9606.ENSP00000247191","9606.ENSP00000315644","DLGAP5","TYMS",9606,0.651,0,0,0,0.519,0,0,0.306
"9606.ENSP00000247191","9606.ENSP00000285116","DLGAP5","SKA1",9606,0.678,0,0,0,0.434,0,0,0.456
"9606.ENSP00000247191","9606.ENSP00000418268","DLGAP5","MCM10",9606,0.725,0,0,0,0.549,0,0,0.416
"9606.ENSP00000247191","9606.ENSP00000364976","DLGAP5","CKS2",9606,0.727,0,0,0,0.535,0,0,0.438
"9606.ENSP00000247191","9606.ENSP00000355506","DLGAP5","EXO1",9606,0.737,0,0,0,0.635,0,0,0.309
"9606.ENSP00000247191","9606.ENSP00000355958","DLGAP5","DTL",9606,0.742,0,0,0,0.681,0,0,0.227
"9606.ENSP00000247191","9606.ENSP00000306473","DLGAP5","SHCBP1",9606,0.747,0,0,0,0.68,0,0,0.242
"9606.ENSP00000247191","9606.ENSP00000263382","DLGAP5","ASF1B",9606,0.766,0,0,0,0.633,0,0,0.39
"9606.ENSP00000247191","9606.ENSP00000264596","DLGAP5","NEIL3",9606,0.772,0,0,0,0.743,0,0,0.152
"9606.ENSP00000247191","9606.ENSP00000438483","DLGAP5","KPNA2",9606,0.786,0,0,0,0.688,0,0,0.343
"9606.ENSP00000247191","9606.ENSP00000306999","DLGAP5","ESCO2",9606,0.798,0,0,0,0.795,0,0,0.059
"9606.ENSP00000247191","9606.ENSP00000357308","DLGAP5","CENPW",9606,0.814,0,0,0,0.755,0,0,0.274
"9606.ENSP00000247191","9606.ENSP00000265036","DLGAP5","DEPDC1B",9606,0.817,0,0,0,0.774,0,0,0.225
"9606.ENSP00000247191","9606.ENSP00000405726","DLGAP5","CDC45",9606,0.824,0,0,0,0.729,0,0,0.378
"9606.ENSP00000247191","9606.ENSP00000363055","DLGAP5","ZWINT",9606,0.841,0,0,0,0.747,0,0,0.4
"9606.ENSP00000247191","9606.ENSP00000353770","DLGAP5","RRM2",9606,0.885,0,0,0,0.757,0,0,0.548
"9606.ENSP00000247191","9606.ENSP00000328228","DLGAP5","CDCA2",9606,0.907,0,0,0,0.827,0,0,0.489
"9606.ENSP00000247191","9606.ENSP00000377536","DLGAP5","PTTG1",9606,0.91,0,0,0,0.838,0,0,0.47
"9606.ENSP00000247191","9606.ENSP00000282074","DLGAP5","SPC25",9606,0.915,0,0,0,0.883,0,0,0.306
"9606.ENSP00000247191","9606.ENSP00000300035","DLGAP5","PCLAF",9606,0.921,0,0,0,0.862,0,0,0.453
"9606.ENSP00000247191","9606.ENSP00000357643","DLGAP5","MKI67",9606,0.926,0,0,0,0.884,0,0,0.389
"9606.ENSP00000247191","9606.ENSP00000300093","DLGAP5","PLK1",9606,0.929,0,0,0,0.868,0.046,0,0.487
"9606.ENSP00000247191","9606.ENSP00000356319","DLGAP5","KIF14",9606,0.936,0,0,0,0.86,0,0,0.567
"9606.ENSP00000247191","9606.ENSP00000336868","DLGAP5","CENPA",9606,0.938,0,0,0,0.884,0,0,0.494
"9606.ENSP00000247191","9606.ENSP00000355966","DLGAP5","NEK2",9606,0.94,0,0,0,0.878,0,0,0.534
"9606.ENSP00000247191","9606.ENSP00000288207","DLGAP5","CCNB2",9606,0.944,0,0,0,0.861,0,0,0.617
"9606.ENSP00000247191","9606.ENSP00000324020","DLGAP5","KIF15",9606,0.945,0,0,0,0.887,0,0,0.539
"9606.ENSP00000247191","9606.ENSP00000256442","DLGAP5","CCNB1",9606,0.948,0,0,0,0.872,0,0,0.616
"9606.ENSP00000247191","9606.ENSP00000362146","DLGAP5","CDCA8",9606,0.949,0,0,0,0.878,0,0,0.601
"9606.ENSP00000247191","9606.ENSP00000363524","DLGAP5","KIF4A",9606,0.952,0,0,0,0.893,0,0,0.57
"9606.ENSP00000247191","9606.ENSP00000260363","DLGAP5","KIF23",9606,0.953,0,0,0,0.87,0,0,0.655
"9606.ENSP00000247191","9606.ENSP00000481380","DLGAP5","CCNA2",9606,0.953,0,0,0,0.913,0,0,0.49
"9606.ENSP00000247191","9606.ENSP00000251496","DLGAP5","NCAPG",9606,0.965,0,0,0,0.9,0,0,0.668
"9606.ENSP00000247191","9606.ENSP00000298048","DLGAP5","MELK",9606,0.966,0,0,0,0.916,0,0,0.622
"9606.ENSP00000247191","9606.ENSP00000411532","DLGAP5","TOP2A",9606,0.971,0,0,0,0.93,0,0,0.607
"9606.ENSP00000247191","9606.ENSP00000301633","DLGAP5","BIRC5",9606,0.972,0,0,0,0.929,0,0,0.626
"9606.ENSP00000247191","9606.ENSP00000499238","DLGAP5","NUSAP1",9606,0.972,0,0,0,0.887,0,0,0.764
"9606.ENSP00000247191","9606.ENSP00000348838","DLGAP5","UBE2C",9606,0.977,0,0,0,0.952,0.046,0,0.552
"9606.ENSP00000247191","9606.ENSP00000361540","DLGAP5","CDC20",9606,0.977,0,0,0,0.925,0,0,0.708
"9606.ENSP00000247191","9606.ENSP00000361298","DLGAP5","KIF2C",9606,0.98,0,0,0,0.949,0,0,0.626
"9606.ENSP00000247191","9606.ENSP00000497402","DLGAP5","RCC1",9606,0.981,0,0,0,0.188,0.964,0,0.423
"9606.ENSP00000247191","9606.ENSP00000300403","DLGAP5","TPX2",9606,0.983,0,0,0,0.945,0,0,0.706
"9606.ENSP00000247191","9606.ENSP00000302530","DLGAP5","BUB1",9606,0.987,0,0,0,0.969,0,0,0.627
"9606.ENSP00000247191","9606.ENSP00000378699","DLGAP5","CDK1",9606,0.987,0,0,0,0.953,0.476,0,0.547
"9606.ENSP00000247191","9606.ENSP00000356379","DLGAP5","ASPM",9606,0.992,0,0,0,0.978,0,0,0.675
"9606.ENSP00000247977","9606.ENSP00000442318","FBXL12","CAND1",9606,0.57,0,0,0,0.047,0.045,0.5,0.167
"9606.ENSP00000249344","9606.ENSP00000282074","STRIP2","SPC25",9606,0.67,0,0,0,0,0.67,0,0
"9606.ENSP00000251496","9606.ENSP00000306968","NCAPG","CDCA7",9606,0.436,0,0,0,0.333,0,0,0.19
"9606.ENSP00000251496","9606.ENSP00000320147","NCAPG","EZH2",9606,0.442,0,0,0,0.355,0,0,0.171
"9606.ENSP00000251496","9606.ENSP00000307288","NCAPG","MCM7",9606,0.452,0,0,0,0.302,0,0,0.248
"9606.ENSP00000251496","9606.ENSP00000323246","NCAPG","E2F7",9606,0.458,0,0,0,0.343,0,0,0.21
"9606.ENSP00000251496","9606.ENSP00000418960","NCAPG","BRCA1",9606,0.467,0,0,0,0.354,0,0,0.209
"9606.ENSP00000251496","9606.ENSP00000312995","NCAPG","CLSPN",9606,0.523,0,0,0,0.426,0,0,0.204
"9606.ENSP00000251496","9606.ENSP00000264596","NCAPG","NEIL3",9606,0.534,0,0,0,0.356,0,0,0.307
"9606.ENSP00000251496","9606.ENSP00000493712","NCAPG","RAD51",9606,0.539,0,0,0,0.48,0,0,0.151
"9606.ENSP00000251496","9606.ENSP00000263382","NCAPG","ASF1B",9606,0.582,0,0,0,0.514,0,0,0.176
"9606.ENSP00000251496","9606.ENSP00000306999","NCAPG","ESCO2",9606,0.587,0,0,0,0.492,0,0,0.221
"9606.ENSP00000251496","9606.ENSP00000364976","NCAPG","CKS2",9606,0.587,0,0,0,0.427,0,0,0.31
"9606.ENSP00000251496","9606.ENSP00000465075","NCAPG","SPC24",9606,0.606,0,0,0,0.516,0,0,0.221
"9606.ENSP00000251496","9606.ENSP00000357308","NCAPG","CENPW",9606,0.626,0,0,0,0.539,0,0,0.222
"9606.ENSP00000251496","9606.ENSP00000300093","NCAPG","PLK1",9606,0.634,0,0,0,0.415,0,0,0.401
"9606.ENSP00000251496","9606.ENSP00000315644","NCAPG","TYMS",9606,0.64,0,0,0,0.534,0,0,0.26
"9606.ENSP00000251496","9606.ENSP00000360944","NCAPG","STIL",9606,0.645,0,0,0,0.59,0,0,0.171
"9606.ENSP00000251496","9606.ENSP00000438483","NCAPG","KPNA2",9606,0.645,0,0,0,0.469,0.163,0,0.267
"9606.ENSP00000251496","9606.ENSP00000355506","NCAPG","EXO1",9606,0.658,0,0,0,0.529,0,0,0.305
"9606.ENSP00000251496","9606.ENSP00000265036","NCAPG","DEPDC1B",9606,0.666,0,0,0,0.582,0,0,0.236
"9606.ENSP00000251496","9606.ENSP00000285116","NCAPG","SKA1",9606,0.675,0,0,0,0.499,0,0,0.379
"9606.ENSP00000251496","9606.ENSP00000262105","NCAPG","MCM4",9606,0.676,0,0,0,0.544,0,0,0.319
"9606.ENSP00000251496","9606.ENSP00000300035","NCAPG","PCLAF",9606,0.68,0,0,0,0.566,0,0,0.294
"9606.ENSP00000251496","9606.ENSP00000479617","NCAPG","UHRF1",9606,0.681,0,0,0,0.628,0,0,0.18
"9606.ENSP00000251496","9606.ENSP00000305480","NCAPG","FEN1",9606,0.683,0,0,0,0.353,0.457,0,0.172
"9606.ENSP00000251496","9606.ENSP00000253462","NCAPG","GINS2",9606,0.709,0,0,0,0.618,0,0,0.27
"9606.ENSP00000251496","9606.ENSP00000355966","NCAPG","NEK2",9606,0.752,0,0,0,0.604,0,0,0.4
"9606.ENSP00000251496","9606.ENSP00000377536","NCAPG","PTTG1",9606,0.767,0,0,0,0.634,0,0,0.39
"9606.ENSP00000251496","9606.ENSP00000418268","NCAPG","MCM10",9606,0.777,0,0,0,0.672,0,0,0.349
"9606.ENSP00000251496","9606.ENSP00000355958","NCAPG","DTL",9606,0.783,0,0,0,0.75,0,0,0.17
"9606.ENSP00000251496","9606.ENSP00000363055","NCAPG","ZWINT",9606,0.795,0,0,0,0.65,0,0,0.441
"9606.ENSP00000251496","9606.ENSP00000362146","NCAPG","CDCA8",9606,0.806,0,0,0,0.606,0,0,0.528
"9606.ENSP00000251496","9606.ENSP00000336868","NCAPG","CENPA",9606,0.818,0,0,0,0.675,0.089,0,0.435
"9606.ENSP00000251496","9606.ENSP00000301633","NCAPG","BIRC5",9606,0.82,0,0,0,0.705,0.131,0,0.355
"9606.ENSP00000251496","9606.ENSP00000353770","NCAPG","RRM2",9606,0.838,0,0,0,0.707,0,0,0.47
"9606.ENSP00000251496","9606.ENSP00000328228","NCAPG","CDCA2",9606,0.845,0,0,0,0.767,0,0,0.363
"9606.ENSP00000251496","9606.ENSP00000405726","NCAPG","CDC45",9606,0.865,0,0,0,0.79,0,0,0.384
"9606.ENSP00000251496","9606.ENSP00000306473","NCAPG","SHCBP1",9606,0.866,0,0,0,0.847,0,0,0.164
"9606.ENSP00000251496","9606.ENSP00000348838","NCAPG","UBE2C",9606,0.873,0,0,0,0.759,0.049,0,0.491
"9606.ENSP00000251496","9606.ENSP00000356319","NCAPG","KIF14",9606,0.881,0,0,0,0.755,0,0,0.538
"9606.ENSP00000251496","9606.ENSP00000361298","NCAPG","KIF2C",9606,0.889,0,0,0,0.766,0,0,0.547
"9606.ENSP00000251496","9606.ENSP00000357643","NCAPG","MKI67",9606,0.895,0,0,0,0.861,0,0,0.276
"9606.ENSP00000251496","9606.ENSP00000361540","NCAPG","CDC20",9606,0.912,0,0,0,0.791,0,0,0.598
"9606.ENSP00000251496","9606.ENSP00000282074","NCAPG","SPC25",9606,0.914,0,0,0,0.887,0,0,0.278
"9606.ENSP00000251496","9606.ENSP00000260363","NCAPG","KIF23",9606,0.919,0,0,0.215,0.787,0,0,0.556
"9606.ENSP00000251496","9606.ENSP00000288207","NCAPG","CCNB2",9606,0.924,0,0,0,0.73,0,0.4,0.572
"9606.ENSP00000251496","9606.ENSP00000256442","NCAPG","CCNB1",9606,0.931,0,0,0,0.768,0,0.4,0.55
"9606.ENSP00000251496","9606.ENSP00000363524","NCAPG","KIF4A",9606,0.933,0,0,0,0.851,0,0,0.57
"9606.ENSP00000251496","9606.ENSP00000499238","NCAPG","NUSAP1",9606,0.933,0,0,0,0.85,0,0,0.572
"9606.ENSP00000251496","9606.ENSP00000481380","NCAPG","CCNA2",9606,0.941,0,0,0,0.889,0,0,0.496
"9606.ENSP00000251496","9606.ENSP00000300403","NCAPG","TPX2",9606,0.944,0,0,0,0.873,0,0,0.58
"9606.ENSP00000251496","9606.ENSP00000298048","NCAPG","MELK",9606,0.951,0,0,0,0.888,0,0,0.581
"9606.ENSP00000251496","9606.ENSP00000324020","NCAPG","KIF15",9606,0.954,0,0,0,0.911,0,0,0.508
"9606.ENSP00000251496","9606.ENSP00000356379","NCAPG","ASPM",9606,0.97,0,0,0,0.919,0,0,0.645
"9606.ENSP00000251496","9606.ENSP00000302530","NCAPG","BUB1",9606,0.981,0,0,0,0.95,0,0,0.64
"9606.ENSP00000251496","9606.ENSP00000411532","NCAPG","TOP2A",9606,0.983,0,0,0,0.891,0.086,0,0.852
"9606.ENSP00000251496","9606.ENSP00000378699","NCAPG","CDK1",9606,0.989,0,0,0,0.935,0.457,0.4,0.547
"9606.ENSP00000253083","9606.ENSP00000497402","HIP1R","RCC1",9606,0.655,0,0,0,0.064,0,0,0.647
"9606.ENSP00000253083","9606.ENSP00000275815","HIP1R","EPHA1",9606,0.717,0,0,0,0,0.564,0,0.378
"9606.ENSP00000253462","9606.ENSP00000429089","GINS2","CCNE2",9606,0.401,0,0,0,0.197,0,0,0.285
"9606.ENSP00000253462","9606.ENSP00000364976","GINS2","CKS2",9606,0.415,0,0,0,0.245,0,0,0.258
"9606.ENSP00000253462","9606.ENSP00000306473","GINS2","SHCBP1",9606,0.429,0,0,0,0.318,0,0,0.198
"9606.ENSP00000253462","9606.ENSP00000256442","GINS2","CCNB1",9606,0.438,0,0,0,0.288,0.046,0,0.24
"9606.ENSP00000253462","9606.ENSP00000285116","GINS2","SKA1",9606,0.443,0,0,0,0.279,0,0,0.26
"9606.ENSP00000253462","9606.ENSP00000262300","GINS2","PKMYT1",9606,0.446,0,0,0,0.305,0,0,0.236
"9606.ENSP00000253462","9606.ENSP00000357308","GINS2","CENPW",9606,0.45,0,0,0,0.309,0,0,0.237
"9606.ENSP00000253462","9606.ENSP00000363524","GINS2","KIF4A",9606,0.458,0,0,0,0.308,0,0,0.25
"9606.ENSP00000253462","9606.ENSP00000328228","GINS2","CDCA2",9606,0.47,0,0,0,0.258,0,0,0.315
"9606.ENSP00000253462","9606.ENSP00000360623","GINS2","ORC1",9606,0.47,0,0,0,0.357,0,0,0.21
"9606.ENSP00000253462","9606.ENSP00000282074","GINS2","SPC25",9606,0.471,0,0,0,0.413,0,0,0.137
"9606.ENSP00000253462","9606.ENSP00000356379","GINS2","ASPM",9606,0.471,0,0,0,0.325,0,0,0.249
"9606.ENSP00000253462","9606.ENSP00000300403","GINS2","TPX2",9606,0.476,0,0,0,0.299,0,0,0.284
"9606.ENSP00000253462","9606.ENSP00000377536","GINS2","PTTG1",9606,0.477,0,0,0,0.337,0,0,0.244
"9606.ENSP00000253462","9606.ENSP00000260363","GINS2","KIF23",9606,0.481,0,0,0,0.247,0,0,0.34
"9606.ENSP00000253462","9606.ENSP00000418960","GINS2","BRCA1",9606,0.493,0,0,0,0.282,0,0,0.323
"9606.ENSP00000253462","9606.ENSP00000355966","GINS2","NEK2",9606,0.494,0,0,0,0.251,0,0,0.353
"9606.ENSP00000253462","9606.ENSP00000336868","GINS2","CENPA",9606,0.524,0,0,0,0.295,0,0,0.353
"9606.ENSP00000253462","9606.ENSP00000306968","GINS2","CDCA7",9606,0.526,0,0,0,0.301,0,0,0.351
"9606.ENSP00000253462","9606.ENSP00000355506","GINS2","EXO1",9606,0.532,0,0,0,0.365,0,0,0.294
"9606.ENSP00000253462","9606.ENSP00000363055","GINS2","ZWINT",9606,0.532,0,0,0,0.364,0,0,0.295
"9606.ENSP00000253462","9606.ENSP00000465075","GINS2","SPC24",9606,0.539,0,0,0,0.446,0,0,0.203
"9606.ENSP00000253462","9606.ENSP00000263382","GINS2","ASF1B",9606,0.543,0,0,0,0.383,0,0,0.291
"9606.ENSP00000253462","9606.ENSP00000298048","GINS2","MELK",9606,0.546,0,0,0,0.375,0,0,0.304
"9606.ENSP00000253462","9606.ENSP00000301633","GINS2","BIRC5",9606,0.547,0,0,0,0.447,0.068,0,0.193
"9606.ENSP00000253462","9606.ENSP00000348838","GINS2","UBE2C",9606,0.552,0,0,0,0.37,0,0,0.319
"9606.ENSP00000253462","9606.ENSP00000302530","GINS2","BUB1",9606,0.553,0,0,0,0.342,0,0,0.349
"9606.ENSP00000253462","9606.ENSP00000361298","GINS2","KIF2C",9606,0.567,0,0,0,0.325,0,0,0.385
"9606.ENSP00000253462","9606.ENSP00000481380","GINS2","CCNA2",9606,0.568,0,0,0,0.429,0,0,0.276
"9606.ENSP00000253462","9606.ENSP00000353770","GINS2","RRM2",9606,0.57,0,0,0,0.35,0,0,0.367
"9606.ENSP00000253462","9606.ENSP00000361540","GINS2","CDC20",9606,0.58,0,0,0,0.419,0,0,0.308
"9606.ENSP00000253462","9606.ENSP00000479617","GINS2","UHRF1",9606,0.581,0,0,0,0.387,0,0,0.346
"9606.ENSP00000253462","9606.ENSP00000499238","GINS2","NUSAP1",9606,0.614,0,0,0,0.423,0,0,0.36
"9606.ENSP00000253462","9606.ENSP00000378699","GINS2","CDK1",9606,0.652,0,0,0,0.54,0,0,0.276
"9606.ENSP00000253462","9606.ENSP00000324020","GINS2","KIF15",9606,0.66,0,0,0,0.509,0,0,0.337
"9606.ENSP00000253462","9606.ENSP00000355958","GINS2","DTL",9606,0.671,0,0,0,0.542,0,0,0.312
"9606.ENSP00000253462","9606.ENSP00000362146","GINS2","CDCA8",9606,0.671,0,0,0,0.47,0,0,0.406
"9606.ENSP00000253462","9606.ENSP00000493712","GINS2","RAD51",9606,0.693,0,0,0,0.471,0,0,0.444
"9606.ENSP00000253462","9606.ENSP00000300035","GINS2","PCLAF",9606,0.699,0,0,0,0.597,0,0,0.285
"9606.ENSP00000253462","9606.ENSP00000411532","GINS2","TOP2A",9606,0.701,0,0,0,0.574,0,0,0.329
"9606.ENSP00000253462","9606.ENSP00000288207","GINS2","CCNB2",9606,0.771,0,0,0,0.679,0.046,0,0.315
"9606.ENSP00000253462","9606.ENSP00000305480","GINS2","FEN1",9606,0.775,0,0,0,0.602,0,0,0.459
"9606.ENSP00000253462","9606.ENSP00000315644","GINS2","TYMS",9606,0.791,0,0,0,0.66,0,0,0.413
"9606.ENSP00000253462","9606.ENSP00000312995","GINS2","CLSPN",9606,0.902,0,0,0,0.332,0.8,0,0.328
"9606.ENSP00000253462","9606.ENSP00000418268","GINS2","MCM10",9606,0.969,0,0,0,0.522,0.867,0,0.561
"9606.ENSP00000253462","9606.ENSP00000262105","GINS2","MCM4",9606,0.999,0,0,0,0.719,0.974,0.9,0.63
"9606.ENSP00000253462","9606.ENSP00000307288","GINS2","MCM7",9606,0.999,0,0,0,0.52,0.997,0.9,0.5
"9606.ENSP00000253462","9606.ENSP00000405726","GINS2","CDC45",9606,0.999,0,0,0,0.851,0.967,0.9,0.737
"9606.ENSP00000256442","9606.ENSP00000306968","CCNB1","CDCA7",9606,0.419,0,0,0,0.226,0.067,0,0.261
"9606.ENSP00000256442","9606.ENSP00000296417","CCNB1","H2AZ1",9606,0.444,0,0,0,0.274,0.07,0,0.243
"9606.ENSP00000256442","9606.ENSP00000360944","CCNB1","STIL",9606,0.453,0,0,0,0.314,0,0,0.236
"9606.ENSP00000256442","9606.ENSP00000323246","CCNB1","E2F7",9606,0.5,0,0,0,0.251,0,0,0.361
"9606.ENSP00000256442","9606.ENSP00000497402","CCNB1","RCC1",9606,0.512,0,0,0,0.168,0,0,0.438
"9606.ENSP00000256442","9606.ENSP00000410452","CCNB1","STMN1",9606,0.527,0,0,0,0.284,0.056,0,0.357
"9606.ENSP00000256442","9606.ENSP00000320147","CCNB1","EZH2",9606,0.531,0,0,0,0.251,0.042,0,0.4
"9606.ENSP00000256442","9606.ENSP00000263382","CCNB1","ASF1B",9606,0.539,0,0,0,0.391,0.087,0,0.239
"9606.ENSP00000256442","9606.ENSP00000305480","CCNB1","FEN1",9606,0.547,0,0,0,0.337,0.075,0,0.321
"9606.ENSP00000256442","9606.ENSP00000306999","CCNB1","ESCO2",9606,0.558,0,0,0,0.361,0.131,0,0.268
"9606.ENSP00000256442","9606.ENSP00000349430","CCNB1","H2BC12",9606,0.58,0,0,0,0.075,0.047,0.4,0.3
"9606.ENSP00000256442","9606.ENSP00000300035","CCNB1","PCLAF",9606,0.585,0,0,0,0.389,0,0,0.349
"9606.ENSP00000256442","9606.ENSP00000355958","CCNB1","DTL",9606,0.587,0,0,0,0.465,0,0,0.26
"9606.ENSP00000256442","9606.ENSP00000306473","CCNB1","SHCBP1",9606,0.603,0,0,0,0.494,0,0,0.249
"9606.ENSP00000256442","9606.ENSP00000307288","CCNB1","MCM7",9606,0.61,0,0,0,0.304,0,0,0.464
"9606.ENSP00000256442","9606.ENSP00000357308","CCNB1","CENPW",9606,0.621,0,0,0,0.541,0,0,0.209
"9606.ENSP00000256442","9606.ENSP00000418268","CCNB1","MCM10",9606,0.63,0,0,0,0.407,0,0,0.402
"9606.ENSP00000256442","9606.ENSP00000429089","CCNB1","CCNE2",9606,0.632,0,0,0,0.464,0,0,0.342
"9606.ENSP00000256442","9606.ENSP00000479617","CCNB1","UHRF1",9606,0.639,0,0,0,0.337,0.3,0,0.285
"9606.ENSP00000256442","9606.ENSP00000312995","CCNB1","CLSPN",9606,0.648,0,0,0,0.202,0,0,0.577
"9606.ENSP00000256442","9606.ENSP00000262105","CCNB1","MCM4",9606,0.657,0,0,0,0.303,0.08,0,0.509
"9606.ENSP00000256442","9606.ENSP00000315644","CCNB1","TYMS",9606,0.67,0,0,0,0.434,0,0,0.441
"9606.ENSP00000256442","9606.ENSP00000328228","CCNB1","CDCA2",9606,0.699,0,0,0,0.528,0,0,0.389
"9606.ENSP00000256442","9606.ENSP00000405726","CCNB1","CDC45",9606,0.709,0,0,0,0.388,0.095,0,0.517
"9606.ENSP00000256442","9606.ENSP00000493712","CCNB1","RAD51",9606,0.752,0,0,0,0.41,0.305,0,0.445
"9606.ENSP00000256442","9606.ENSP00000360623","CCNB1","ORC1",9606,0.758,0,0,0,0.262,0.257,0.5,0.224
"9606.ENSP00000256442","9606.ENSP00000324020","CCNB1","KIF15",9606,0.77,0,0,0,0.677,0.062,0,0.303
"9606.ENSP00000256442","9606.ENSP00000355506","CCNB1","EXO1",9606,0.787,0,0,0,0.397,0.474,0,0.384
"9606.ENSP00000256442","9606.ENSP00000438483","CCNB1","KPNA2",9606,0.796,0,0,0,0.637,0.157,0,0.387
"9606.ENSP00000256442","9606.ENSP00000265036","CCNB1","DEPDC1B",9606,0.812,0,0,0,0.771,0,0,0.216
"9606.ENSP00000256442","9606.ENSP00000353770","CCNB1","RRM2",9606,0.836,0,0,0,0.588,0,0,0.62
"9606.ENSP00000256442","9606.ENSP00000357643","CCNB1","MKI67",9606,0.841,0,0,0,0.646,0,0,0.57
"9606.ENSP00000256442","9606.ENSP00000356319","CCNB1","KIF14",9606,0.844,0,0,0,0.73,0,0,0.447
"9606.ENSP00000256442","9606.ENSP00000260363","CCNB1","KIF23",9606,0.846,0,0,0,0.702,0,0,0.505
"9606.ENSP00000256442","9606.ENSP00000356379","CCNB1","ASPM",9606,0.877,0,0,0,0.741,0,0,0.547
"9606.ENSP00000256442","9606.ENSP00000298048","CCNB1","MELK",9606,0.879,0,0,0,0.744,0.131,0,0.501
"9606.ENSP00000256442","9606.ENSP00000355966","CCNB1","NEK2",9606,0.885,0,0,0,0.737,0,0,0.583
"9606.ENSP00000256442","9606.ENSP00000499238","CCNB1","NUSAP1",9606,0.911,0,0,0,0.816,0,0,0.539
"9606.ENSP00000256442","9606.ENSP00000411532","CCNB1","TOP2A",9606,0.917,0,0,0,0.757,0,0,0.676
"9606.ENSP00000256442","9606.ENSP00000336868","CCNB1","CENPA",9606,0.92,0,0,0,0.73,0,0.4,0.547
"9606.ENSP00000256442","9606.ENSP00000363524","CCNB1","KIF4A",9606,0.923,0,0,0,0.758,0.446,0,0.477
"9606.ENSP00000256442","9606.ENSP00000418960","CCNB1","BRCA1",9606,0.924,0,0,0,0.248,0.802,0,0.533
"9606.ENSP00000256442","9606.ENSP00000361298","CCNB1","KIF2C",9606,0.925,0,0,0,0.736,0,0.4,0.567
"9606.ENSP00000256442","9606.ENSP00000300403","CCNB1","TPX2",9606,0.927,0,0,0,0.846,0.044,0,0.549
"9606.ENSP00000256442","9606.ENSP00000465075","CCNB1","SPC24",9606,0.947,0,0,0,0.338,0,0.9,0.274
"9606.ENSP00000256442","9606.ENSP00000285116","CCNB1","SKA1",9606,0.955,0,0,0,0.375,0,0.9,0.347
"9606.ENSP00000256442","9606.ENSP00000362146","CCNB1","CDCA8",9606,0.962,0,0,0,0.728,0,0.4,0.788
"9606.ENSP00000256442","9606.ENSP00000282074","CCNB1","SPC25",9606,0.975,0,0,0,0.718,0,0.9,0.194
"9606.ENSP00000256442","9606.ENSP00000301633","CCNB1","BIRC5",9606,0.979,0,0,0,0.877,0.089,0.4,0.729
"9606.ENSP00000256442","9606.ENSP00000363055","CCNB1","ZWINT",9606,0.98,0,0,0,0.664,0,0.9,0.467
"9606.ENSP00000256442","9606.ENSP00000348838","CCNB1","UBE2C",9606,0.994,0,0,0,0.862,0.8,0.5,0.651
"9606.ENSP00000256442","9606.ENSP00000302530","CCNB1","BUB1",9606,0.995,0,0,0,0.814,0.183,0.9,0.734
"9606.ENSP00000256442","9606.ENSP00000481380","CCNB1","CCNA2",9606,0.996,0,0,0,0.854,0.944,0.4,0.392
"9606.ENSP00000256442","9606.ENSP00000377536","CCNB1","PTTG1",9606,0.998,0,0,0,0.765,0.929,0,0.897
"9606.ENSP00000256442","9606.ENSP00000262300","CCNB1","PKMYT1",9606,0.999,0,0,0,0.261,0.999,0.4,0.484
"9606.ENSP00000256442","9606.ENSP00000288207","CCNB1","CCNB2",9606,0.999,0,0,0.067,0.856,0.999,0.9,0.101
"9606.ENSP00000256442","9606.ENSP00000300093","CCNB1","PLK1",9606,0.999,0,0,0,0.875,0.879,0.9,0.905
"9606.ENSP00000256442","9606.ENSP00000311083","CCNB1","CKS1B",9606,0.999,0,0,0,0.363,0.999,0,0.503
"9606.ENSP00000256442","9606.ENSP00000361540","CCNB1","CDC20",9606,0.999,0,0,0,0.902,0.999,0.9,0.893
"9606.ENSP00000256442","9606.ENSP00000364976","CCNB1","CKS2",9606,0.999,0,0,0,0.581,0.999,0,0.601
"9606.ENSP00000256442","9606.ENSP00000378699","CCNB1","CDK1",9606,0.999,0,0,0,0.903,0.999,0.9,0.972
"9606.ENSP00000260363","9606.ENSP00000306999","KIF23","ESCO2",9606,0.424,0,0,0,0.353,0,0,0.147
"9606.ENSP00000260363","9606.ENSP00000305480","KIF23","FEN1",9606,0.435,0,0,0,0.285,0,0,0.243
"9606.ENSP00000260363","9606.ENSP00000360944","KIF23","STIL",9606,0.445,0,0,0,0.329,0,0,0.208
"9606.ENSP00000260363","9606.ENSP00000311083","KIF23","CKS1B",9606,0.493,0,0,0,0.336,0,0,0.268
"9606.ENSP00000260363","9606.ENSP00000323246","KIF23","E2F7",9606,0.494,0,0,0,0.271,0,0,0.335
"9606.ENSP00000260363","9606.ENSP00000264596","KIF23","NEIL3",9606,0.497,0,0,0,0.385,0,0,0.216
"9606.ENSP00000260363","9606.ENSP00000385385","KIF23","PDIA6",9606,0.505,0,0,0,0.076,0.487,0,0
"9606.ENSP00000260363","9606.ENSP00000465075","KIF23","SPC24",9606,0.506,0,0,0,0.292,0,0,0.332
"9606.ENSP00000260363","9606.ENSP00000360623","KIF23","ORC1",9606,0.534,0,0,0,0.421,0,0,0.229
"9606.ENSP00000260363","9606.ENSP00000296417","KIF23","H2AZ1",9606,0.55,0,0,0,0.173,0.457,0,0.08
"9606.ENSP00000260363","9606.ENSP00000285116","KIF23","SKA1",9606,0.551,0,0,0,0.398,0,0,0.286
"9606.ENSP00000260363","9606.ENSP00000429089","KIF23","CCNE2",9606,0.565,0,0,0,0.299,0,0,0.405
"9606.ENSP00000260363","9606.ENSP00000355958","KIF23","DTL",9606,0.567,0,0,0,0.515,0,0,0.144
"9606.ENSP00000260363","9606.ENSP00000312995","KIF23","CLSPN",9606,0.577,0,0,0,0.391,0,0,0.335
"9606.ENSP00000260363","9606.ENSP00000377536","KIF23","PTTG1",9606,0.58,0,0,0,0.372,0,0,0.359
"9606.ENSP00000260363","9606.ENSP00000364976","KIF23","CKS2",9606,0.588,0,0,0,0.384,0,0,0.36
"9606.ENSP00000260363","9606.ENSP00000307288","KIF23","MCM7",9606,0.599,0,0,0,0.507,0,0,0.221
"9606.ENSP00000260363","9606.ENSP00000493712","KIF23","RAD51",9606,0.606,0,0,0,0.541,0,0,0.178
"9606.ENSP00000260363","9606.ENSP00000300035","KIF23","PCLAF",9606,0.622,0,0,0,0.542,0,0,0.209
"9606.ENSP00000260363","9606.ENSP00000282074","KIF23","SPC25",9606,0.639,0,0,0,0.63,0,0,0.065
"9606.ENSP00000260363","9606.ENSP00000265036","KIF23","DEPDC1B",9606,0.646,0,0,0,0.554,0,0,0.24
"9606.ENSP00000260363","9606.ENSP00000315644","KIF23","TYMS",9606,0.688,0,0,0,0.444,0,0,0.462
"9606.ENSP00000260363","9606.ENSP00000353770","KIF23","RRM2",9606,0.691,0,0,0,0.514,0,0,0.392
"9606.ENSP00000260363","9606.ENSP00000355506","KIF23","EXO1",9606,0.698,0,0,0,0.569,0,0,0.329
"9606.ENSP00000260363","9606.ENSP00000262105","KIF23","MCM4",9606,0.711,0,0,0,0.577,0,0,0.347
"9606.ENSP00000260363","9606.ENSP00000418268","KIF23","MCM10",9606,0.718,0,0,0,0.594,0,0,0.336
"9606.ENSP00000260363","9606.ENSP00000479617","KIF23","UHRF1",9606,0.729,0,0,0,0.377,0.457,0,0.265
"9606.ENSP00000260363","9606.ENSP00000405726","KIF23","CDC45",9606,0.75,0,0,0,0.633,0,0,0.349
"9606.ENSP00000260363","9606.ENSP00000361540","KIF23","CDC20",9606,0.751,0,0,0,0.502,0,0,0.521
"9606.ENSP00000260363","9606.ENSP00000363055","KIF23","ZWINT",9606,0.777,0,0,0,0.639,0,0,0.41
"9606.ENSP00000260363","9606.ENSP00000328228","KIF23","CDCA2",9606,0.779,0,0,0,0.61,0,0,0.458
"9606.ENSP00000260363","9606.ENSP00000438483","KIF23","KPNA2",9606,0.782,0,0,0,0.47,0.472,0,0.286
"9606.ENSP00000260363","9606.ENSP00000355966","KIF23","NEK2",9606,0.788,0,0,0,0.636,0,0,0.443
"9606.ENSP00000260363","9606.ENSP00000288207","KIF23","CCNB2",9606,0.828,0,0,0,0.636,0,0,0.548
"9606.ENSP00000260363","9606.ENSP00000348838","KIF23","UBE2C",9606,0.841,0,0,0,0.708,0,0,0.479
"9606.ENSP00000260363","9606.ENSP00000418960","KIF23","BRCA1",9606,0.867,0,0,0,0.384,0.745,0,0.222
"9606.ENSP00000260363","9606.ENSP00000481380","KIF23","CCNA2",9606,0.874,0,0,0,0.778,0,0,0.459
"9606.ENSP00000260363","9606.ENSP00000336868","KIF23","CENPA",9606,0.876,0,0,0,0.603,0.456,0,0.475
"9606.ENSP00000260363","9606.ENSP00000499238","KIF23","NUSAP1",9606,0.876,0,0,0,0.741,0,0,0.543
"9606.ENSP00000260363","9606.ENSP00000298048","KIF23","MELK",9606,0.895,0,0,0,0.825,0,0,0.427
"9606.ENSP00000260363","9606.ENSP00000300403","KIF23","TPX2",9606,0.896,0,0,0,0.804,0,0,0.494
"9606.ENSP00000260363","9606.ENSP00000378699","KIF23","CDK1",9606,0.896,0,0,0,0.779,0,0,0.55
"9606.ENSP00000260363","9606.ENSP00000357643","KIF23","MKI67",9606,0.903,0,0,0,0.756,0.474,0,0.31
"9606.ENSP00000260363","9606.ENSP00000301633","KIF23","BIRC5",9606,0.904,0,0,0,0.625,0.457,0,0.569
"9606.ENSP00000260363","9606.ENSP00000411532","KIF23","TOP2A",9606,0.916,0,0,0,0.714,0.457,0,0.503
"9606.ENSP00000260363","9606.ENSP00000363524","KIF23","KIF4A",9606,0.919,0,0,0,0.775,0.064,0.4,0.437
"9606.ENSP00000260363","9606.ENSP00000362146","KIF23","CDCA8",9606,0.942,0,0,0,0.748,0.457,0,0.616
"9606.ENSP00000260363","9606.ENSP00000302530","KIF23","BUB1",9606,0.955,0,0,0,0.887,0.046,0,0.619
"9606.ENSP00000260363","9606.ENSP00000324020","KIF23","KIF15",9606,0.978,0,0,0,0.702,0,0.9,0.339
"9606.ENSP00000260363","9606.ENSP00000361298","KIF23","KIF2C",9606,0.979,0,0,0,0.722,0,0.9,0.319
"9606.ENSP00000260363","9606.ENSP00000300093","KIF23","PLK1",9606,0.986,0,0,0,0.555,0.708,0.75,0.646
"9606.ENSP00000260363","9606.ENSP00000356379","KIF23","ASPM",9606,0.991,0,0,0,0.969,0.47,0,0.509
"9606.ENSP00000260363","9606.ENSP00000356319","KIF23","KIF14",9606,0.993,0,0,0,0.799,0.472,0.9,0.421
"9606.ENSP00000260363","9606.ENSP00000306473","KIF23","SHCBP1",9606,0.999,0,0,0,0.525,0.999,0,0.341
"9606.ENSP00000261854","9606.ENSP00000262345","SPPL2A","IL12RB2",9606,0.451,0,0,0,0,0,0,0.451
"9606.ENSP00000262105","9606.ENSP00000323246","MCM4","E2F7",9606,0.405,0,0,0,0.165,0,0,0.317
"9606.ENSP00000262105","9606.ENSP00000311083","MCM4","CKS1B",9606,0.407,0,0,0,0.27,0,0,0.221
"9606.ENSP00000262105","9606.ENSP00000357308","MCM4","CENPW",9606,0.424,0,0,0,0.313,0,0,0.197
"9606.ENSP00000262105","9606.ENSP00000438483","MCM4","KPNA2",9606,0.467,0,0,0,0.254,0.13,0,0.246
"9606.ENSP00000262105","9606.ENSP00000355966","MCM4","NEK2",9606,0.479,0,0,0,0.285,0,0,0.302
"9606.ENSP00000262105","9606.ENSP00000328228","MCM4","CDCA2",9606,0.488,0,0,0,0.296,0,0,0.303
"9606.ENSP00000262105","9606.ENSP00000364976","MCM4","CKS2",9606,0.488,0,0,0,0.272,0,0,0.326
"9606.ENSP00000262105","9606.ENSP00000324020","MCM4","KIF15",9606,0.499,0,0,0,0.352,0,0,0.26
"9606.ENSP00000262105","9606.ENSP00000301633","MCM4","BIRC5",9606,0.52,0,0,0,0.34,0,0,0.303
"9606.ENSP00000262105","9606.ENSP00000363524","MCM4","KIF4A",9606,0.528,0,0,0,0.381,0,0,0.27
"9606.ENSP00000262105","9606.ENSP00000418960","MCM4","BRCA1",9606,0.528,0,0,0,0.293,0,0,0.361
"9606.ENSP00000262105","9606.ENSP00000377536","MCM4","PTTG1",9606,0.529,0,0,0,0.246,0,0,0.401
"9606.ENSP00000262105","9606.ENSP00000363055","MCM4","ZWINT",9606,0.556,0,0,0,0.351,0,0,0.345
"9606.ENSP00000262105","9606.ENSP00000357643","MCM4","MKI67",9606,0.561,0,0,0,0.344,0,0,0.359
"9606.ENSP00000262105","9606.ENSP00000262300","MCM4","PKMYT1",9606,0.574,0,0,0,0.335,0,0,0.387
"9606.ENSP00000262105","9606.ENSP00000348838","MCM4","UBE2C",9606,0.575,0,0,0,0.325,0.062,0,0.384
"9606.ENSP00000262105","9606.ENSP00000479617","MCM4","UHRF1",9606,0.579,0,0,0,0.423,0,0,0.301
"9606.ENSP00000262105","9606.ENSP00000298048","MCM4","MELK",9606,0.586,0,0,0,0.476,0,0,0.243
"9606.ENSP00000262105","9606.ENSP00000361298","MCM4","KIF2C",9606,0.587,0,0,0,0.354,0,0,0.387
"9606.ENSP00000262105","9606.ENSP00000356379","MCM4","ASPM",9606,0.591,0,0,0,0.443,0,0,0.296
"9606.ENSP00000262105","9606.ENSP00000300035","MCM4","PCLAF",9606,0.599,0,0,0,0.478,0,0,0.264
"9606.ENSP00000262105","9606.ENSP00000396308","MCM4","DHFR",9606,0.6,0,0,0,0.283,0,0,0.466
"9606.ENSP00000262105","9606.ENSP00000362146","MCM4","CDCA8",9606,0.614,0,0,0,0.405,0.067,0,0.362
"9606.ENSP00000262105","9606.ENSP00000306968","MCM4","CDCA7",9606,0.623,0,0,0,0.31,0.063,0,0.465
"9606.ENSP00000262105","9606.ENSP00000499238","MCM4","NUSAP1",9606,0.637,0,0,0,0.497,0,0,0.308
"9606.ENSP00000262105","9606.ENSP00000356319","MCM4","KIF14",9606,0.638,0,0,0,0.24,0.457,0,0.195
"9606.ENSP00000262105","9606.ENSP00000306999","MCM4","ESCO2",9606,0.655,0,0,0,0.257,0.472,0,0.192
"9606.ENSP00000262105","9606.ENSP00000300403","MCM4","TPX2",9606,0.667,0,0,0,0.531,0,0,0.321
"9606.ENSP00000262105","9606.ENSP00000302530","MCM4","BUB1",9606,0.696,0,0,0,0.42,0,0,0.498
"9606.ENSP00000262105","9606.ENSP00000361540","MCM4","CDC20",9606,0.717,0,0,0,0.395,0.131,0,0.506
"9606.ENSP00000262105","9606.ENSP00000355958","MCM4","DTL",9606,0.72,0,0,0,0.648,0,0,0.239
"9606.ENSP00000262105","9606.ENSP00000288207","MCM4","CCNB2",9606,0.74,0,0,0,0.412,0.08,0,0.558
"9606.ENSP00000262105","9606.ENSP00000411532","MCM4","TOP2A",9606,0.76,0,0,0,0.548,0,0,0.491
"9606.ENSP00000262105","9606.ENSP00000429089","MCM4","CCNE2",9606,0.766,0,0,0,0.554,0,0,0.498
"9606.ENSP00000262105","9606.ENSP00000355506","MCM4","EXO1",9606,0.773,0,0,0,0.578,0.074,0,0.467
"9606.ENSP00000262105","9606.ENSP00000336868","MCM4","CENPA",9606,0.793,0,0,0,0.298,0.598,0,0.326
"9606.ENSP00000262105","9606.ENSP00000353770","MCM4","RRM2",9606,0.905,0,0,0,0.828,0.089,0,0.445
"9606.ENSP00000262105","9606.ENSP00000493712","MCM4","RAD51",9606,0.915,0,0,0,0.462,0.759,0,0.398
"9606.ENSP00000262105","9606.ENSP00000378699","MCM4","CDK1",9606,0.929,0,0,0,0.508,0.685,0,0.583
"9606.ENSP00000262105","9606.ENSP00000300093","MCM4","PLK1",9606,0.93,0,0,0,0.324,0.838,0,0.418
"9606.ENSP00000262105","9606.ENSP00000305480","MCM4","FEN1",9606,0.931,0,0,0,0.847,0.064,0,0.558
"9606.ENSP00000262105","9606.ENSP00000315644","MCM4","TYMS",9606,0.944,0,0,0,0.911,0,0,0.407
"9606.ENSP00000262105","9606.ENSP00000263382","MCM4","ASF1B",9606,0.953,0,0,0,0.372,0.821,0,0.619
"9606.ENSP00000262105","9606.ENSP00000481380","MCM4","CCNA2",9606,0.959,0,0,0,0.542,0.699,0.4,0.569
"9606.ENSP00000262105","9606.ENSP00000312995","MCM4","CLSPN",9606,0.967,0,0,0,0.395,0.8,0.5,0.52
"9606.ENSP00000262105","9606.ENSP00000418268","MCM4","MCM10",9606,0.997,0,0,0,0.631,0.947,0.5,0.812
"9606.ENSP00000262105","9606.ENSP00000360623","MCM4","ORC1",9606,0.998,0,0,0,0.788,0.982,0.5,0.528
"9606.ENSP00000262105","9606.ENSP00000307288","MCM4","MCM7",9606,0.999,0,0,0.093,0.983,0.999,0.9,0.818
"9606.ENSP00000262105","9606.ENSP00000405726","MCM4","CDC45",9606,0.999,0,0,0,0.749,0.997,0.9,0.846
"9606.ENSP00000262225","9606.ENSP00000385385","TMED2","PDIA6",9606,0.55,0,0,0,0.496,0.076,0,0.112
"9606.ENSP00000262300","9606.ENSP00000307288","PKMYT1","MCM7",9606,0.408,0,0,0,0.252,0,0,0.242
"9606.ENSP00000262300","9606.ENSP00000362146","PKMYT1","CDCA8",9606,0.412,0,0,0,0.301,0,0,0.194
"9606.ENSP00000262300","9606.ENSP00000465075","PKMYT1","SPC24",9606,0.423,0,0,0,0.199,0,0,0.31
"9606.ENSP00000262300","9606.ENSP00000298048","PKMYT1","MELK",9606,0.441,0,0,0,0.355,0.077,0,0.137
"9606.ENSP00000262300","9606.ENSP00000479617","PKMYT1","UHRF1",9606,0.444,0,0,0,0.341,0.047,0,0.186
"9606.ENSP00000262300","9606.ENSP00000418268","PKMYT1","MCM10",9606,0.446,0,0,0,0.345,0,0,0.19
"9606.ENSP00000262300","9606.ENSP00000411532","PKMYT1","TOP2A",9606,0.448,0,0,0,0.269,0,0,0.277
"9606.ENSP00000262300","9606.ENSP00000429089","PKMYT1","CCNE2",9606,0.453,0,0,0,0.154,0,0,0.38
"9606.ENSP00000262300","9606.ENSP00000361298","PKMYT1","KIF2C",9606,0.455,0,0,0,0.303,0.076,0,0.222
"9606.ENSP00000262300","9606.ENSP00000301633","PKMYT1","BIRC5",9606,0.466,0,0,0,0.341,0.065,0,0.204
"9606.ENSP00000262300","9606.ENSP00000305480","PKMYT1","FEN1",9606,0.466,0,0,0,0.3,0.06,0,0.255
"9606.ENSP00000262300","9606.ENSP00000263382","PKMYT1","ASF1B",9606,0.482,0,0,0,0.397,0,0,0.177
"9606.ENSP00000262300","9606.ENSP00000377536","PKMYT1","PTTG1",9606,0.512,0,0,0,0.211,0,0,0.408
"9606.ENSP00000262300","9606.ENSP00000493712","PKMYT1","RAD51",9606,0.513,0,0,0,0.351,0,0,0.281
"9606.ENSP00000262300","9606.ENSP00000355506","PKMYT1","EXO1",9606,0.529,0,0,0,0.338,0.06,0,0.305
"9606.ENSP00000262300","9606.ENSP00000348838","PKMYT1","UBE2C",9606,0.542,0,0,0,0.362,0.087,0,0.277
"9606.ENSP00000262300","9606.ENSP00000353770","PKMYT1","RRM2",9606,0.567,0,0,0,0.394,0,0,0.316
"9606.ENSP00000262300","9606.ENSP00000302530","PKMYT1","BUB1",9606,0.63,0,0,0,0.216,0.178,0,0.473
"9606.ENSP00000262300","9606.ENSP00000405726","PKMYT1","CDC45",9606,0.723,0,0,0,0.48,0,0,0.49
"9606.ENSP00000262300","9606.ENSP00000361540","PKMYT1","CDC20",9606,0.733,0,0,0,0.336,0.271,0,0.493
"9606.ENSP00000262300","9606.ENSP00000311083","PKMYT1","CKS1B",9606,0.988,0,0,0,0.153,0.983,0,0.296
"9606.ENSP00000262300","9606.ENSP00000288207","PKMYT1","CCNB2",9606,0.99,0,0,0,0.269,0.955,0.5,0.469
"9606.ENSP00000262300","9606.ENSP00000300093","PKMYT1","PLK1",9606,0.993,0,0,0,0.305,0.88,0.9,0.308
"9606.ENSP00000262300","9606.ENSP00000481380","PKMYT1","CCNA2",9606,0.998,0,0,0,0.315,0.994,0.4,0.44
"9606.ENSP00000262300","9606.ENSP00000364976","PKMYT1","CKS2",9606,0.999,0,0,0,0.166,0.999,0,0.282
"9606.ENSP00000262300","9606.ENSP00000378699","PKMYT1","CDK1",9606,0.999,0,0,0.118,0.334,0.999,0.9,0.58
"9606.ENSP00000262345","9606.ENSP00000418960","IL12RB2","BRCA1",9606,0.447,0,0,0.447,0,0,0,0
"9606.ENSP00000262345","9606.ENSP00000354394","IL12RB2","STAT1",9606,0.874,0,0,0,0.085,0,0.5,0.747
"9606.ENSP00000263382","9606.ENSP00000418960","ASF1B","BRCA1",9606,0.422,0,0,0,0.31,0,0,0.197
"9606.ENSP00000263382","9606.ENSP00000282074","ASF1B","SPC25",9606,0.45,0,0,0,0.391,0,0,0.134
"9606.ENSP00000263382","9606.ENSP00000357643","ASF1B","MKI67",9606,0.463,0,0,0,0.379,0,0,0.172
"9606.ENSP00000263382","9606.ENSP00000315644","ASF1B","TYMS",9606,0.473,0,0,0,0.363,0,0,0.207
"9606.ENSP00000263382","9606.ENSP00000355958","ASF1B","DTL",9606,0.474,0,0,0,0.391,0,0,0.173
"9606.ENSP00000263382","9606.ENSP00000298048","ASF1B","MELK",9606,0.511,0,0,0,0.4,0.062,0,0.202
"9606.ENSP00000263382","9606.ENSP00000357308","ASF1B","CENPW",9606,0.514,0,0,0,0.331,0,0,0.304
"9606.ENSP00000263382","9606.ENSP00000355506","ASF1B","EXO1",9606,0.526,0,0,0,0.353,0.076,0,0.272
"9606.ENSP00000263382","9606.ENSP00000300093","ASF1B","PLK1",9606,0.533,0,0,0,0.435,0,0,0.209
"9606.ENSP00000263382","9606.ENSP00000300403","ASF1B","TPX2",9606,0.533,0,0,0,0.38,0,0,0.278
"9606.ENSP00000263382","9606.ENSP00000365433","ASF1B","TCF19",9606,0.541,0,0,0,0.476,0,0,0.16
"9606.ENSP00000263382","9606.ENSP00000356379","ASF1B","ASPM",9606,0.544,0,0,0,0.357,0,0,0.32
"9606.ENSP00000263382","9606.ENSP00000285116","ASF1B","SKA1",9606,0.545,0,0,0,0.274,0,0,0.4
"9606.ENSP00000263382","9606.ENSP00000479617","ASF1B","UHRF1",9606,0.545,0,0,0,0.437,0,0,0.225
"9606.ENSP00000263382","9606.ENSP00000363524","ASF1B","KIF4A",9606,0.552,0,0,0,0.432,0,0,0.244
"9606.ENSP00000263382","9606.ENSP00000288207","ASF1B","CCNB2",9606,0.553,0,0,0,0.423,0.087,0,0.221
"9606.ENSP00000263382","9606.ENSP00000418268","ASF1B","MCM10",9606,0.574,0,0,0,0.348,0,0,0.374
"9606.ENSP00000263382","9606.ENSP00000363055","ASF1B","ZWINT",9606,0.58,0,0,0,0.471,0,0,0.24
"9606.ENSP00000263382","9606.ENSP00000305480","ASF1B","FEN1",9606,0.631,0,0,0,0.522,0.156,0,0.159
"9606.ENSP00000263382","9606.ENSP00000302530","ASF1B","BUB1",9606,0.638,0,0,0,0.538,0.096,0,0.204
"9606.ENSP00000263382","9606.ENSP00000377536","ASF1B","PTTG1",9606,0.641,0,0,0,0.512,0,0,0.296
"9606.ENSP00000263382","9606.ENSP00000378699","ASF1B","CDK1",9606,0.647,0,0,0,0.51,0.099,0,0.266
"9606.ENSP00000263382","9606.ENSP00000336868","ASF1B","CENPA",9606,0.655,0,0,0,0.377,0.108,0,0.43
"9606.ENSP00000263382","9606.ENSP00000324020","ASF1B","KIF15",9606,0.656,0,0,0,0.61,0.067,0,0.131
"9606.ENSP00000263382","9606.ENSP00000300035","ASF1B","PCLAF",9606,0.664,0,0,0,0.455,0,0,0.41
"9606.ENSP00000263382","9606.ENSP00000301633","ASF1B","BIRC5",9606,0.679,0,0,0,0.605,0.073,0,0.196
"9606.ENSP00000263382","9606.ENSP00000493712","ASF1B","RAD51",9606,0.701,0,0,0,0.364,0.294,0,0.389
"9606.ENSP00000263382","9606.ENSP00000499238","ASF1B","NUSAP1",9606,0.739,0,0,0,0.57,0,0,0.418
"9606.ENSP00000263382","9606.ENSP00000481380","ASF1B","CCNA2",9606,0.757,0,0,0,0.694,0,0,0.241
"9606.ENSP00000263382","9606.ENSP00000361298","ASF1B","KIF2C",9606,0.762,0,0,0,0.699,0,0,0.242
"9606.ENSP00000263382","9606.ENSP00000296417","ASF1B","H2AZ1",9606,0.79,0,0.167,0,0.225,0.524,0,0.4
"9606.ENSP00000263382","9606.ENSP00000353770","ASF1B","RRM2",9606,0.792,0,0,0,0.46,0.413,0,0.397
"9606.ENSP00000263382","9606.ENSP00000411532","ASF1B","TOP2A",9606,0.815,0,0,0,0.713,0,0,0.384
"9606.ENSP00000263382","9606.ENSP00000405726","ASF1B","CDC45",9606,0.828,0,0,0,0.656,0,0,0.523
"9606.ENSP00000263382","9606.ENSP00000348838","ASF1B","UBE2C",9606,0.832,0,0,0,0.782,0.078,0,0.232
"9606.ENSP00000263382","9606.ENSP00000361540","ASF1B","CDC20",9606,0.835,0,0,0,0.768,0.07,0,0.3
"9606.ENSP00000263382","9606.ENSP00000362146","ASF1B","CDCA8",9606,0.869,0,0,0,0.788,0.067,0,0.395
"9606.ENSP00000263382","9606.ENSP00000307288","ASF1B","MCM7",9606,0.923,0,0,0,0.394,0.589,0,0.716
"9606.ENSP00000264218","9606.ENSP00000371594","NMU","GNG7",9606,0.543,0,0,0,0,0,0.5,0.125
"9606.ENSP00000264596","9606.ENSP00000361540","NEIL3","CDC20",9606,0.409,0,0,0,0.327,0,0,0.159
"9606.ENSP00000264596","9606.ENSP00000300035","NEIL3","PCLAF",9606,0.421,0,0,0,0.343,0,0,0.155
"9606.ENSP00000264596","9606.ENSP00000355958","NEIL3","DTL",9606,0.427,0,0,0,0.427,0,0,0
"9606.ENSP00000264596","9606.ENSP00000306473","NEIL3","SHCBP1",9606,0.443,0,0,0,0.391,0,0,0.123
"9606.ENSP00000264596","9606.ENSP00000315644","NEIL3","TYMS",9606,0.451,0.211,0,0,0.212,0,0,0.189
"9606.ENSP00000264596","9606.ENSP00000353770","NEIL3","RRM2",9606,0.451,0,0,0,0.345,0,0,0.197
"9606.ENSP00000264596","9606.ENSP00000357643","NEIL3","MKI67",9606,0.461,0,0,0,0.439,0,0,0.08
"9606.ENSP00000264596","9606.ENSP00000356379","NEIL3","ASPM",9606,0.464,0,0,0,0.396,0,0,0.15
"9606.ENSP00000264596","9606.ENSP00000301633","NEIL3","BIRC5",9606,0.466,0,0,0,0.392,0,0,0.159
"9606.ENSP00000264596","9606.ENSP00000357308","NEIL3","CENPW",9606,0.471,0.111,0,0,0.28,0,0,0.241
"9606.ENSP00000264596","9606.ENSP00000378699","NEIL3","CDK1",9606,0.488,0,0,0,0.43,0,0,0.139
"9606.ENSP00000264596","9606.ENSP00000336868","NEIL3","CENPA",9606,0.493,0,0,0,0.419,0,0,0.164
"9606.ENSP00000264596","9606.ENSP00000265036","NEIL3","DEPDC1B",9606,0.508,0,0,0,0.387,0,0,0.231
"9606.ENSP00000264596","9606.ENSP00000298048","NEIL3","MELK",9606,0.508,0,0,0,0.419,0,0,0.188
"9606.ENSP00000264596","9606.ENSP00000282074","NEIL3","SPC25",9606,0.516,0,0,0,0.516,0,0,0
"9606.ENSP00000264596","9606.ENSP00000349430","NEIL3","H2BC12",9606,0.517,0,0,0,0.075,0,0.5,0
"9606.ENSP00000264596","9606.ENSP00000499238","NEIL3","NUSAP1",9606,0.517,0,0,0,0.4,0,0,0.229
"9606.ENSP00000264596","9606.ENSP00000355966","NEIL3","NEK2",9606,0.532,0,0,0,0.444,0,0,0.193
"9606.ENSP00000264596","9606.ENSP00000361298","NEIL3","KIF2C",9606,0.541,0,0,0,0.51,0,0,0.103
"9606.ENSP00000264596","9606.ENSP00000418960","NEIL3","BRCA1",9606,0.544,0,0,0,0.265,0,0,0.406
"9606.ENSP00000264596","9606.ENSP00000493712","NEIL3","RAD51",9606,0.546,0.056,0,0,0.303,0,0,0.366
"9606.ENSP00000264596","9606.ENSP00000302530","NEIL3","BUB1",9606,0.56,0,0,0,0.461,0,0,0.218
"9606.ENSP00000264596","9606.ENSP00000405726","NEIL3","CDC45",9606,0.562,0,0,0,0.243,0,0,0.446
"9606.ENSP00000264596","9606.ENSP00000418268","NEIL3","MCM10",9606,0.585,0,0,0,0.42,0,0,0.314
"9606.ENSP00000264596","9606.ENSP00000356319","NEIL3","KIF14",9606,0.588,0,0,0,0.52,0,0,0.177
"9606.ENSP00000264596","9606.ENSP00000285116","NEIL3","SKA1",9606,0.595,0,0,0,0.472,0,0,0.265
"9606.ENSP00000264596","9606.ENSP00000362146","NEIL3","CDCA8",9606,0.597,0,0,0,0.469,0,0,0.273
"9606.ENSP00000264596","9606.ENSP00000481380","NEIL3","CCNA2",9606,0.617,0,0,0,0.559,0,0,0.169
"9606.ENSP00000264596","9606.ENSP00000363524","NEIL3","KIF4A",9606,0.629,0,0,0,0.542,0,0,0.225
"9606.ENSP00000264596","9606.ENSP00000324020","NEIL3","KIF15",9606,0.666,0,0,0,0.612,0,0,0.175
"9606.ENSP00000264596","9606.ENSP00000355506","NEIL3","EXO1",9606,0.698,0.102,0,0,0.385,0,0,0.498
"9606.ENSP00000264596","9606.ENSP00000305480","NEIL3","FEN1",9606,0.742,0.102,0,0,0.207,0,0,0.667
"9606.ENSP00000264596","9606.ENSP00000411532","NEIL3","TOP2A",9606,0.872,0.057,0,0,0.369,0,0,0.803
"9606.ENSP00000265036","9606.ENSP00000357643","DEPDC1B","MKI67",9606,0.426,0,0,0,0.411,0,0,0.066
"9606.ENSP00000265036","9606.ENSP00000355506","DEPDC1B","EXO1",9606,0.427,0,0,0,0.392,0.046,0,0.093
"9606.ENSP00000265036","9606.ENSP00000288207","DEPDC1B","CCNB2",9606,0.43,0,0,0,0.34,0,0,0.172
"9606.ENSP00000265036","9606.ENSP00000363055","DEPDC1B","ZWINT",9606,0.439,0,0,0,0.365,0,0,0.154
"9606.ENSP00000265036","9606.ENSP00000306999","DEPDC1B","ESCO2",9606,0.442,0,0,0,0.375,0,0,0.145
"9606.ENSP00000265036","9606.ENSP00000300093","DEPDC1B","PLK1",9606,0.446,0,0,0,0.362,0.046,0,0.164
"9606.ENSP00000265036","9606.ENSP00000306968","DEPDC1B","CDCA7",9606,0.451,0,0,0,0.309,0,0,0.239
"9606.ENSP00000265036","9606.ENSP00000353770","DEPDC1B","RRM2",9606,0.463,0,0,0,0.363,0,0,0.192
"9606.ENSP00000265036","9606.ENSP00000361540","DEPDC1B","CDC20",9606,0.473,0.044,0,0,0.376,0,0,0.189
"9606.ENSP00000265036","9606.ENSP00000285116","DEPDC1B","SKA1",9606,0.501,0,0,0,0.416,0,0,0.182
"9606.ENSP00000265036","9606.ENSP00000348838","DEPDC1B","UBE2C",9606,0.516,0,0,0,0.441,0,0,0.171
"9606.ENSP00000265036","9606.ENSP00000479617","DEPDC1B","UHRF1",9606,0.516,0,0,0,0.435,0,0,0.179
"9606.ENSP00000265036","9606.ENSP00000306473","DEPDC1B","SHCBP1",9606,0.522,0,0,0,0.359,0,0,0.286
"9606.ENSP00000265036","9606.ENSP00000362146","DEPDC1B","CDCA8",9606,0.527,0,0,0,0.5,0,0,0.094
"9606.ENSP00000265036","9606.ENSP00000363524","DEPDC1B","KIF4A",9606,0.572,0,0,0,0.498,0,0,0.184
"9606.ENSP00000265036","9606.ENSP00000411532","DEPDC1B","TOP2A",9606,0.586,0,0,0,0.517,0,0,0.178
"9606.ENSP00000265036","9606.ENSP00000499238","DEPDC1B","NUSAP1",9606,0.603,0,0,0,0.521,0,0,0.207
"9606.ENSP00000265036","9606.ENSP00000282074","DEPDC1B","SPC25",9606,0.619,0,0,0,0.595,0,0,0.1
"9606.ENSP00000265036","9606.ENSP00000361298","DEPDC1B","KIF2C",9606,0.621,0,0,0,0.58,0,0,0.135
"9606.ENSP00000265036","9606.ENSP00000300403","DEPDC1B","TPX2",9606,0.625,0,0,0,0.586,0,0,0.132
"9606.ENSP00000265036","9606.ENSP00000356379","DEPDC1B","ASPM",9606,0.632,0,0,0,0.522,0,0,0.263
"9606.ENSP00000265036","9606.ENSP00000336868","DEPDC1B","CENPA",9606,0.637,0,0,0,0.61,0,0,0.109
"9606.ENSP00000265036","9606.ENSP00000418268","DEPDC1B","MCM10",9606,0.657,0,0,0,0.56,0,0,0.253
"9606.ENSP00000265036","9606.ENSP00000298048","DEPDC1B","MELK",9606,0.665,0,0,0,0.618,0,0,0.159
"9606.ENSP00000265036","9606.ENSP00000302530","DEPDC1B","BUB1",9606,0.681,0,0,0,0.612,0,0,0.212
"9606.ENSP00000265036","9606.ENSP00000481380","DEPDC1B","CCNA2",9606,0.689,0,0,0,0.653,0,0,0.141
"9606.ENSP00000265036","9606.ENSP00000328228","DEPDC1B","CDCA2",9606,0.725,0,0,0,0.665,0,0,0.215
"9606.ENSP00000265036","9606.ENSP00000355966","DEPDC1B","NEK2",9606,0.725,0,0,0,0.679,0,0,0.179
"9606.ENSP00000265036","9606.ENSP00000378699","DEPDC1B","CDK1",9606,0.732,0,0,0,0.679,0,0,0.2
"9606.ENSP00000265036","9606.ENSP00000301633","DEPDC1B","BIRC5",9606,0.755,0,0,0,0.474,0.457,0,0.214
"9606.ENSP00000265036","9606.ENSP00000356319","DEPDC1B","KIF14",9606,0.78,0,0,0,0.683,0,0,0.337
"9606.ENSP00000265036","9606.ENSP00000324020","DEPDC1B","KIF15",9606,0.799,0,0,0,0.747,0,0,0.24
"9606.ENSP00000265080","9606.ENSP00000371594","RASGRF2","GNG7",9606,0.696,0,0,0,0.101,0,0.65,0.112
"9606.ENSP00000275815","9606.ENSP00000356319","EPHA1","KIF14",9606,0.554,0,0,0,0,0.539,0,0.074
"9606.ENSP00000282074","9606.ENSP00000479617","SPC25","UHRF1",9606,0.418,0,0,0,0.353,0.054,0,0.126
"9606.ENSP00000282074","9606.ENSP00000305480","SPC25","FEN1",9606,0.43,0,0,0,0.43,0,0,0
"9606.ENSP00000282074","9606.ENSP00000360623","SPC25","ORC1",9606,0.443,0,0,0,0.356,0,0,0.171
"9606.ENSP00000282074","9606.ENSP00000418960","SPC25","BRCA1",9606,0.455,0,0,0,0.455,0,0,0
"9606.ENSP00000282074","9606.ENSP00000306999","SPC25","ESCO2",9606,0.511,0,0,0,0.511,0,0,0
"9606.ENSP00000282074","9606.ENSP00000356319","SPC25","KIF14",9606,0.536,0,0,0,0.503,0,0,0.106
"9606.ENSP00000282074","9606.ENSP00000493712","SPC25","RAD51",9606,0.548,0,0,0,0.548,0,0,0
"9606.ENSP00000282074","9606.ENSP00000357308","SPC25","CENPW",9606,0.57,0,0,0,0.454,0,0,0.245
"9606.ENSP00000282074","9606.ENSP00000377536","SPC25","PTTG1",9606,0.574,0,0,0,0.423,0,0,0.292
"9606.ENSP00000282074","9606.ENSP00000418268","SPC25","MCM10",9606,0.605,0,0,0,0.581,0,0,0.097
"9606.ENSP00000282074","9606.ENSP00000355966","SPC25","NEK2",9606,0.616,0,0,0,0.571,0,0,0.142
"9606.ENSP00000282074","9606.ENSP00000315644","SPC25","TYMS",9606,0.618,0,0,0,0.612,0,0,0.057
"9606.ENSP00000282074","9606.ENSP00000355506","SPC25","EXO1",9606,0.629,0,0,0,0.619,0,0,0.067
"9606.ENSP00000282074","9606.ENSP00000411532","SPC25","TOP2A",9606,0.63,0,0,0,0.565,0,0,0.185
"9606.ENSP00000282074","9606.ENSP00000306473","SPC25","SHCBP1",9606,0.635,0,0,0,0.635,0,0,0
"9606.ENSP00000282074","9606.ENSP00000362146","SPC25","CDCA8",9606,0.638,0,0,0,0.569,0,0,0.195
"9606.ENSP00000282074","9606.ENSP00000288207","SPC25","CCNB2",9606,0.658,0,0,0,0.332,0,0.4,0.216
"9606.ENSP00000282074","9606.ENSP00000353770","SPC25","RRM2",9606,0.678,0,0,0,0.656,0,0,0.104
"9606.ENSP00000282074","9606.ENSP00000328228","SPC25","CDCA2",9606,0.684,0,0,0,0.51,0,0,0.382
"9606.ENSP00000282074","9606.ENSP00000300035","SPC25","PCLAF",9606,0.697,0,0,0,0.697,0,0,0
"9606.ENSP00000282074","9606.ENSP00000357643","SPC25","MKI67",9606,0.697,0,0,0,0.693,0,0,0.054
"9606.ENSP00000282074","9606.ENSP00000363524","SPC25","KIF4A",9606,0.703,0,0,0,0.661,0,0,0.16
"9606.ENSP00000282074","9606.ENSP00000499238","SPC25","NUSAP1",9606,0.715,0,0,0,0.638,0,0,0.246
"9606.ENSP00000282074","9606.ENSP00000355958","SPC25","DTL",9606,0.74,0,0,0,0.74,0,0,0
"9606.ENSP00000282074","9606.ENSP00000298048","SPC25","MELK",9606,0.772,0,0,0,0.772,0,0,0
"9606.ENSP00000282074","9606.ENSP00000361298","SPC25","KIF2C",9606,0.772,0,0,0,0.689,0,0,0.298
"9606.ENSP00000282074","9606.ENSP00000361540","SPC25","CDC20",9606,0.772,0,0,0,0.498,0,0.5,0.168
"9606.ENSP00000282074","9606.ENSP00000336868","SPC25","CENPA",9606,0.778,0,0,0,0.737,0.063,0,0.172
"9606.ENSP00000282074","9606.ENSP00000481380","SPC25","CCNA2",9606,0.783,0,0,0,0.778,0,0,0.063
"9606.ENSP00000282074","9606.ENSP00000300403","SPC25","TPX2",9606,0.789,0,0,0,0.764,0,0,0.146
"9606.ENSP00000282074","9606.ENSP00000348838","SPC25","UBE2C",9606,0.801,0,0,0,0.76,0.064,0,0.187
"9606.ENSP00000282074","9606.ENSP00000301633","SPC25","BIRC5",9606,0.823,0,0,0,0.793,0,0,0.18
"9606.ENSP00000282074","9606.ENSP00000405726","SPC25","CDC45",9606,0.87,0,0,0,0.865,0,0,0.082
"9606.ENSP00000282074","9606.ENSP00000324020","SPC25","KIF15",9606,0.876,0,0,0,0.856,0,0,0.178
"9606.ENSP00000282074","9606.ENSP00000356379","SPC25","ASPM",9606,0.899,0,0,0,0.872,0,0,0.246
"9606.ENSP00000282074","9606.ENSP00000378699","SPC25","CDK1",9606,0.923,0,0,0,0.878,0,0.4,0
"9606.ENSP00000282074","9606.ENSP00000300093","SPC25","PLK1",9606,0.953,0,0,0,0.451,0,0.9,0.228
"9606.ENSP00000282074","9606.ENSP00000285116","SPC25","SKA1",9606,0.985,0,0,0,0.561,0.579,0.9,0.324
"9606.ENSP00000282074","9606.ENSP00000302530","SPC25","BUB1",9606,0.999,0,0,0,0.87,0.991,0.9,0.245
"9606.ENSP00000282074","9606.ENSP00000363055","SPC25","ZWINT",9606,0.999,0,0,0,0.682,0.999,0.9,0.294
"9606.ENSP00000282074","9606.ENSP00000465075","SPC25","SPC24",9606,0.999,0,0,0,0.387,0.999,0.9,0.924
"9606.ENSP00000285116","9606.ENSP00000312995","SKA1","CLSPN",9606,0.425,0,0,0,0.267,0,0,0.248
"9606.ENSP00000285116","9606.ENSP00000300035","SKA1","PCLAF",9606,0.439,0,0,0,0.237,0,0,0.295
"9606.ENSP00000285116","9606.ENSP00000306999","SKA1","ESCO2",9606,0.441,0,0,0,0.4,0,0,0.108
"9606.ENSP00000285116","9606.ENSP00000353770","SKA1","RRM2",9606,0.49,0,0,0,0.316,0,0,0.285
"9606.ENSP00000285116","9606.ENSP00000377536","SKA1","PTTG1",9606,0.496,0,0,0,0.261,0,0,0.346
"9606.ENSP00000285116","9606.ENSP00000493712","SKA1","RAD51",9606,0.497,0,0,0,0.408,0,0,0.186
"9606.ENSP00000285116","9606.ENSP00000348838","SKA1","UBE2C",9606,0.512,0,0,0,0.334,0,0,0.298
"9606.ENSP00000285116","9606.ENSP00000357308","SKA1","CENPW",9606,0.517,0,0,0,0.271,0,0,0.365
"9606.ENSP00000285116","9606.ENSP00000300403","SKA1","TPX2",9606,0.549,0,0,0,0.354,0,0,0.331
"9606.ENSP00000285116","9606.ENSP00000357643","SKA1","MKI67",9606,0.572,0,0,0,0.494,0,0,0.189
"9606.ENSP00000285116","9606.ENSP00000356379","SKA1","ASPM",9606,0.573,0,0,0,0.294,0,0,0.42
"9606.ENSP00000285116","9606.ENSP00000355966","SKA1","NEK2",9606,0.6,0,0,0,0.471,0,0,0.276
"9606.ENSP00000285116","9606.ENSP00000411532","SKA1","TOP2A",9606,0.602,0,0,0,0.315,0,0,0.443
"9606.ENSP00000285116","9606.ENSP00000356319","SKA1","KIF14",9606,0.627,0,0,0,0.55,0,0,0.207
"9606.ENSP00000285116","9606.ENSP00000499238","SKA1","NUSAP1",9606,0.651,0,0,0,0.452,0,0,0.39
"9606.ENSP00000285116","9606.ENSP00000301633","SKA1","BIRC5",9606,0.652,0,0,0,0.517,0,0,0.31
"9606.ENSP00000285116","9606.ENSP00000328228","SKA1","CDCA2",9606,0.661,0,0,0,0.511,0,0,0.337
"9606.ENSP00000285116","9606.ENSP00000355506","SKA1","EXO1",9606,0.661,0,0,0,0.596,0,0,0.197
"9606.ENSP00000285116","9606.ENSP00000324020","SKA1","KIF15",9606,0.667,0,0,0,0.553,0,0,0.286
"9606.ENSP00000285116","9606.ENSP00000361298","SKA1","KIF2C",9606,0.68,0,0,0,0.392,0,0,0.496
"9606.ENSP00000285116","9606.ENSP00000363524","SKA1","KIF4A",9606,0.688,0,0,0,0.518,0,0,0.38
"9606.ENSP00000285116","9606.ENSP00000306473","SKA1","SHCBP1",9606,0.706,0,0,0,0.625,0,0,0.25
"9606.ENSP00000285116","9606.ENSP00000481380","SKA1","CCNA2",9606,0.709,0,0,0,0.623,0,0,0.26
"9606.ENSP00000285116","9606.ENSP00000288207","SKA1","CCNB2",9606,0.719,0,0,0,0.317,0,0.4,0.37
"9606.ENSP00000285116","9606.ENSP00000418268","SKA1","MCM10",9606,0.719,0,0,0,0.578,0,0,0.363
"9606.ENSP00000285116","9606.ENSP00000336868","SKA1","CENPA",9606,0.748,0,0,0,0.546,0,0,0.469
"9606.ENSP00000285116","9606.ENSP00000298048","SKA1","MELK",9606,0.774,0,0,0,0.698,0,0,0.285
"9606.ENSP00000285116","9606.ENSP00000362146","SKA1","CDCA8",9606,0.787,0,0,0,0.547,0,0,0.551
"9606.ENSP00000285116","9606.ENSP00000361540","SKA1","CDC20",9606,0.915,0,0,0,0.378,0,0.8,0.377
"9606.ENSP00000285116","9606.ENSP00000378699","SKA1","CDK1",9606,0.929,0,0,0,0.834,0,0.4,0.346
"9606.ENSP00000285116","9606.ENSP00000363055","SKA1","ZWINT",9606,0.959,0,0,0,0.226,0,0.9,0.513
"9606.ENSP00000285116","9606.ENSP00000300093","SKA1","PLK1",9606,0.963,0,0,0,0.419,0,0.9,0.423
"9606.ENSP00000285116","9606.ENSP00000302530","SKA1","BUB1",9606,0.979,0,0,0,0.593,0,0.9,0.545
"9606.ENSP00000285116","9606.ENSP00000465075","SKA1","SPC24",9606,0.988,0,0,0,0.428,0.579,0.9,0.586
"9606.ENSP00000288207","9606.ENSP00000479617","CCNB2","UHRF1",9606,0.426,0,0,0,0.236,0,0,0.28
"9606.ENSP00000288207","9606.ENSP00000296417","CCNB2","H2AZ1",9606,0.427,0,0,0,0.293,0.07,0,0.199
"9606.ENSP00000288207","9606.ENSP00000320147","CCNB2","EZH2",9606,0.432,0,0,0,0.238,0,0,0.286
"9606.ENSP00000288207","9606.ENSP00000306473","CCNB2","SHCBP1",9606,0.437,0,0,0,0.346,0,0,0.175
"9606.ENSP00000288207","9606.ENSP00000355958","CCNB2","DTL",9606,0.464,0,0,0,0.35,0,0,0.21
"9606.ENSP00000288207","9606.ENSP00000418960","CCNB2","BRCA1",9606,0.47,0,0,0,0.229,0,0,0.341
"9606.ENSP00000288207","9606.ENSP00000306999","CCNB2","ESCO2",9606,0.486,0,0,0,0.302,0.131,0,0.222
"9606.ENSP00000288207","9606.ENSP00000323246","CCNB2","E2F7",9606,0.487,0,0,0,0.28,0,0,0.318
"9606.ENSP00000288207","9606.ENSP00000410452","CCNB2","STMN1",9606,0.494,0,0,0,0.335,0.056,0,0.26
"9606.ENSP00000288207","9606.ENSP00000305480","CCNB2","FEN1",9606,0.52,0,0,0,0.296,0.075,0,0.323
"9606.ENSP00000288207","9606.ENSP00000306968","CCNB2","CDCA7",9606,0.526,0,0,0,0.291,0.067,0,0.341
"9606.ENSP00000288207","9606.ENSP00000360623","CCNB2","ORC1",9606,0.555,0,0,0,0.263,0.257,0,0.254
"9606.ENSP00000288207","9606.ENSP00000357308","CCNB2","CENPW",9606,0.574,0,0,0,0.461,0,0,0.243
"9606.ENSP00000288207","9606.ENSP00000418268","CCNB2","MCM10",9606,0.576,0,0,0,0.324,0,0,0.399
"9606.ENSP00000288207","9606.ENSP00000355506","CCNB2","EXO1",9606,0.588,0,0,0,0.397,0.072,0,0.323
"9606.ENSP00000288207","9606.ENSP00000307288","CCNB2","MCM7",9606,0.604,0,0,0,0.303,0,0,0.456
"9606.ENSP00000288207","9606.ENSP00000356319","CCNB2","KIF14",9606,0.658,0,0,0,0.436,0,0,0.42
"9606.ENSP00000288207","9606.ENSP00000324020","CCNB2","KIF15",9606,0.688,0,0,0,0.497,0.062,0,0.392
"9606.ENSP00000288207","9606.ENSP00000465075","CCNB2","SPC24",9606,0.691,0,0,0,0.381,0,0.4,0.237
"9606.ENSP00000288207","9606.ENSP00000493712","CCNB2","RAD51",9606,0.693,0,0,0,0.419,0.305,0,0.302
"9606.ENSP00000288207","9606.ENSP00000438483","CCNB2","KPNA2",9606,0.725,0,0,0,0.543,0.157,0,0.344
"9606.ENSP00000288207","9606.ENSP00000328228","CCNB2","CDCA2",9606,0.734,0,0,0,0.542,0,0,0.444
"9606.ENSP00000288207","9606.ENSP00000353770","CCNB2","RRM2",9606,0.75,0,0,0,0.398,0,0,0.602
"9606.ENSP00000288207","9606.ENSP00000357643","CCNB2","MKI67",9606,0.766,0,0,0,0.554,0,0,0.498
"9606.ENSP00000288207","9606.ENSP00000363524","CCNB2","KIF4A",9606,0.797,0,0,0,0.579,0,0,0.538
"9606.ENSP00000288207","9606.ENSP00000355966","CCNB2","NEK2",9606,0.816,0,0,0,0.597,0,0,0.563
"9606.ENSP00000288207","9606.ENSP00000300035","CCNB2","PCLAF",9606,0.824,0,0,0,0.719,0,0,0.4
"9606.ENSP00000288207","9606.ENSP00000363055","CCNB2","ZWINT",9606,0.825,0,0,0,0.498,0,0.4,0.468
"9606.ENSP00000288207","9606.ENSP00000315644","CCNB2","TYMS",9606,0.854,0,0,0,0.779,0,0,0.37
"9606.ENSP00000288207","9606.ENSP00000405726","CCNB2","CDC45",9606,0.857,0,0,0,0.629,0.095,0,0.609
"9606.ENSP00000288207","9606.ENSP00000298048","CCNB2","MELK",9606,0.897,0,0,0,0.744,0.131,0,0.575
"9606.ENSP00000288207","9606.ENSP00000362146","CCNB2","CDCA8",9606,0.91,0,0,0,0.651,0,0.4,0.606
"9606.ENSP00000288207","9606.ENSP00000300403","CCNB2","TPX2",9606,0.93,0,0,0,0.845,0.044,0,0.57
"9606.ENSP00000288207","9606.ENSP00000356379","CCNB2","ASPM",9606,0.935,0,0,0,0.841,0,0,0.612
"9606.ENSP00000288207","9606.ENSP00000499238","CCNB2","NUSAP1",9606,0.939,0,0,0,0.853,0,0,0.606
"9606.ENSP00000288207","9606.ENSP00000348838","CCNB2","UBE2C",9606,0.942,0,0,0,0.855,0,0,0.622
"9606.ENSP00000288207","9606.ENSP00000336868","CCNB2","CENPA",9606,0.947,0,0,0,0.821,0,0.4,0.547
"9606.ENSP00000288207","9606.ENSP00000361298","CCNB2","KIF2C",9606,0.952,0,0,0,0.82,0,0.4,0.595
"9606.ENSP00000288207","9606.ENSP00000481380","CCNB2","CCNA2",9606,0.956,0,0,0.108,0.858,0.175,0.5,0.299
"9606.ENSP00000288207","9606.ENSP00000377536","CCNB2","PTTG1",9606,0.957,0,0,0,0.871,0,0,0.686
"9606.ENSP00000288207","9606.ENSP00000429089","CCNB2","CCNE2",9606,0.957,0,0,0,0.449,0.893,0,0.33
"9606.ENSP00000288207","9606.ENSP00000301633","CCNB2","BIRC5",9606,0.961,0,0,0,0.856,0.089,0.4,0.565
"9606.ENSP00000288207","9606.ENSP00000411532","CCNB2","TOP2A",9606,0.963,0,0,0,0.875,0,0,0.72
"9606.ENSP00000288207","9606.ENSP00000311083","CCNB2","CKS1B",9606,0.983,0,0,0,0.378,0.951,0,0.498
"9606.ENSP00000288207","9606.ENSP00000302530","CCNB2","BUB1",9606,0.985,0,0,0,0.857,0.183,0.4,0.82
"9606.ENSP00000288207","9606.ENSP00000364976","CCNB2","CKS2",9606,0.988,0,0,0,0.422,0.953,0,0.607
"9606.ENSP00000288207","9606.ENSP00000300093","CCNB2","PLK1",9606,0.994,0,0,0,0.83,0.126,0.9,0.69
"9606.ENSP00000288207","9606.ENSP00000361540","CCNB2","CDC20",9606,0.998,0,0,0,0.913,0,0.9,0.806
"9606.ENSP00000288207","9606.ENSP00000378699","CCNB2","CDK1",9606,0.999,0,0,0,0.903,0.999,0.9,0.885
"9606.ENSP00000296417","9606.ENSP00000481380","H2AZ1","CCNA2",9606,0.401,0,0,0,0.242,0,0,0.243
"9606.ENSP00000296417","9606.ENSP00000353770","H2AZ1","RRM2",9606,0.406,0,0,0,0.349,0,0,0.126
"9606.ENSP00000296417","9606.ENSP00000479617","H2AZ1","UHRF1",9606,0.425,0,0,0,0.094,0.211,0,0.261
"9606.ENSP00000296417","9606.ENSP00000405726","H2AZ1","CDC45",9606,0.426,0,0,0,0.193,0.211,0,0.172
"9606.ENSP00000296417","9606.ENSP00000410452","H2AZ1","STMN1",9606,0.426,0,0,0,0.276,0.062,0,0.224
"9606.ENSP00000296417","9606.ENSP00000377536","H2AZ1","PTTG1",9606,0.446,0,0,0,0.343,0,0,0.192
"9606.ENSP00000296417","9606.ENSP00000438483","H2AZ1","KPNA2",9606,0.455,0,0,0,0.246,0,0,0.307
"9606.ENSP00000296417","9606.ENSP00000357308","H2AZ1","CENPW",9606,0.474,0,0,0,0.403,0,0,0.156
"9606.ENSP00000296417","9606.ENSP00000493712","H2AZ1","RAD51",9606,0.475,0,0,0,0.125,0,0,0.425
"9606.ENSP00000296417","9606.ENSP00000356319","H2AZ1","KIF14",9606,0.487,0,0,0,0.094,0.457,0,0
"9606.ENSP00000296417","9606.ENSP00000378699","H2AZ1","CDK1",9606,0.497,0,0,0,0.291,0.108,0,0.269
"9606.ENSP00000296417","9606.ENSP00000320147","H2AZ1","EZH2",9606,0.533,0,0,0,0.151,0.095,0,0.442
"9606.ENSP00000296417","9606.ENSP00000311083","H2AZ1","CKS1B",9606,0.539,0,0,0,0.393,0,0,0.272
"9606.ENSP00000296417","9606.ENSP00000307288","H2AZ1","MCM7",9606,0.542,0,0,0,0.323,0.215,0,0.208
"9606.ENSP00000296417","9606.ENSP00000364976","H2AZ1","CKS2",9606,0.662,0,0,0,0.409,0,0,0.452
"9606.ENSP00000296417","9606.ENSP00000411532","H2AZ1","TOP2A",9606,0.67,0,0,0,0.225,0.386,0,0.364
"9606.ENSP00000296417","9606.ENSP00000336868","H2AZ1","CENPA",9606,0.883,0,0,0,0.131,0.596,0,0.694
"9606.ENSP00000296417","9606.ENSP00000349430","H2AZ1","H2BC12",9606,0.999,0,0,0,0.322,0.999,0.4,0.344
"9606.ENSP00000298048","9606.ENSP00000360623","MELK","ORC1",9606,0.413,0,0,0,0.391,0,0,0.077
"9606.ENSP00000298048","9606.ENSP00000465075","MELK","SPC24",9606,0.431,0,0,0,0.369,0,0,0.136
"9606.ENSP00000298048","9606.ENSP00000306968","MELK","CDCA7",9606,0.433,0,0,0,0.3,0.062,0,0.207
"9606.ENSP00000298048","9606.ENSP00000323246","MELK","E2F7",9606,0.441,0,0,0,0.348,0,0,0.178
"9606.ENSP00000298048","9606.ENSP00000311083","MELK","CKS1B",9606,0.454,0,0,0,0.351,0,0,0.194
"9606.ENSP00000298048","9606.ENSP00000418960","MELK","BRCA1",9606,0.461,0,0,0,0.334,0,0,0.224
"9606.ENSP00000298048","9606.ENSP00000306999","MELK","ESCO2",9606,0.533,0,0,0,0.419,0,0,0.23
"9606.ENSP00000298048","9606.ENSP00000357308","MELK","CENPW",9606,0.562,0,0,0,0.493,0,0,0.172
"9606.ENSP00000298048","9606.ENSP00000479617","MELK","UHRF1",9606,0.565,0,0,0,0.457,0.077,0,0.203
"9606.ENSP00000298048","9606.ENSP00000305480","MELK","FEN1",9606,0.583,0,0,0,0.55,0,0,0.112
"9606.ENSP00000298048","9606.ENSP00000364976","MELK","CKS2",9606,0.638,0,0,0,0.419,0,0,0.403
"9606.ENSP00000298048","9606.ENSP00000438483","MELK","KPNA2",9606,0.643,0,0,0,0.542,0,0,0.254
"9606.ENSP00000298048","9606.ENSP00000328228","MELK","CDCA2",9606,0.65,0,0,0,0.559,0,0,0.239
"9606.ENSP00000298048","9606.ENSP00000306473","MELK","SHCBP1",9606,0.68,0,0,0,0.614,0,0,0.206
"9606.ENSP00000298048","9606.ENSP00000493712","MELK","RAD51",9606,0.682,0,0,0,0.619,0.068,0,0.177
"9606.ENSP00000298048","9606.ENSP00000355966","MELK","NEK2",9606,0.704,0,0,0,0.632,0.046,0,0.226
"9606.ENSP00000298048","9606.ENSP00000315644","MELK","TYMS",9606,0.719,0,0,0,0.545,0,0,0.409
"9606.ENSP00000298048","9606.ENSP00000360944","MELK","STIL",9606,0.725,0,0,0,0.68,0,0,0.178
"9606.ENSP00000298048","9606.ENSP00000355958","MELK","DTL",9606,0.743,0,0,0,0.688,0,0,0.213
"9606.ENSP00000298048","9606.ENSP00000377536","MELK","PTTG1",9606,0.791,0,0,0,0.641,0,0,0.442
"9606.ENSP00000298048","9606.ENSP00000320147","MELK","EZH2",9606,0.795,0,0,0,0.472,0.457,0,0.345
"9606.ENSP00000298048","9606.ENSP00000355506","MELK","EXO1",9606,0.8,0,0,0,0.718,0,0,0.323
"9606.ENSP00000298048","9606.ENSP00000418268","MELK","MCM10",9606,0.816,0,0,0,0.732,0,0,0.342
"9606.ENSP00000298048","9606.ENSP00000300035","MELK","PCLAF",9606,0.82,0,0,0,0.678,0,0,0.464
"9606.ENSP00000298048","9606.ENSP00000356319","MELK","KIF14",9606,0.826,0,0,0,0.741,0,0,0.359
"9606.ENSP00000298048","9606.ENSP00000363055","MELK","ZWINT",9606,0.833,0,0,0,0.738,0,0,0.391
"9606.ENSP00000298048","9606.ENSP00000362146","MELK","CDCA8",9606,0.834,0,0,0,0.707,0.063,0,0.444
"9606.ENSP00000298048","9606.ENSP00000336868","MELK","CENPA",9606,0.853,0,0,0,0.76,0.064,0,0.399
"9606.ENSP00000298048","9606.ENSP00000300093","MELK","PLK1",9606,0.859,0,0,0,0.822,0.078,0,0.211
"9606.ENSP00000298048","9606.ENSP00000348838","MELK","UBE2C",9606,0.862,0,0,0,0.708,0,0,0.547
"9606.ENSP00000298048","9606.ENSP00000405726","MELK","CDC45",9606,0.872,0,0,0,0.804,0,0,0.374
"9606.ENSP00000298048","9606.ENSP00000324020","MELK","KIF15",9606,0.875,0,0,0,0.831,0,0,0.296
"9606.ENSP00000298048","9606.ENSP00000353770","MELK","RRM2",9606,0.88,0,0,0,0.767,0.061,0,0.496
"9606.ENSP00000298048","9606.ENSP00000361540","MELK","CDC20",9606,0.897,0,0,0,0.777,0.075,0,0.544
"9606.ENSP00000298048","9606.ENSP00000357643","MELK","MKI67",9606,0.904,0,0,0,0.736,0.456,0,0.387
"9606.ENSP00000298048","9606.ENSP00000361298","MELK","KIF2C",9606,0.922,0,0,0,0.839,0,0,0.539
"9606.ENSP00000298048","9606.ENSP00000301633","MELK","BIRC5",9606,0.924,0,0,0,0.869,0.076,0,0.426
"9606.ENSP00000298048","9606.ENSP00000499238","MELK","NUSAP1",9606,0.93,0,0,0,0.846,0,0,0.568
"9606.ENSP00000298048","9606.ENSP00000356379","MELK","ASPM",9606,0.932,0,0,0,0.848,0,0,0.575
"9606.ENSP00000298048","9606.ENSP00000481380","MELK","CCNA2",9606,0.932,0,0,0,0.886,0,0,0.428
"9606.ENSP00000298048","9606.ENSP00000378699","MELK","CDK1",9606,0.935,0,0,0.091,0.914,0.076,0,0.212
"9606.ENSP00000298048","9606.ENSP00000363524","MELK","KIF4A",9606,0.937,0,0,0,0.865,0,0,0.558
"9606.ENSP00000298048","9606.ENSP00000411532","MELK","TOP2A",9606,0.941,0,0,0,0.867,0,0,0.578
"9606.ENSP00000298048","9606.ENSP00000300403","MELK","TPX2",9606,0.948,0,0,0,0.869,0.066,0,0.614
"9606.ENSP00000298048","9606.ENSP00000302530","MELK","BUB1",9606,0.971,0,0,0,0.93,0.045,0,0.608
"9606.ENSP00000300035","9606.ENSP00000311083","PCLAF","CKS1B",9606,0.417,0,0,0,0.295,0,0,0.207
"9606.ENSP00000300035","9606.ENSP00000323246","PCLAF","E2F7",9606,0.422,0,0,0,0.345,0,0,0.154
"9606.ENSP00000300035","9606.ENSP00000300093","PCLAF","PLK1",9606,0.424,0,0,0,0.253,0,0,0.261
"9606.ENSP00000300035","9606.ENSP00000307288","PCLAF","MCM7",9606,0.43,0,0,0,0.321,0,0,0.195
"9606.ENSP00000300035","9606.ENSP00000356319","PCLAF","KIF14",9606,0.431,0,0,0,0.337,0,0,0.178
"9606.ENSP00000300035","9606.ENSP00000363524","PCLAF","KIF4A",9606,0.443,0,0,0,0.331,0,0,0.202
"9606.ENSP00000300035","9606.ENSP00000306968","PCLAF","CDCA7",9606,0.46,0,0,0,0.286,0,0,0.275
"9606.ENSP00000300035","9606.ENSP00000320147","PCLAF","EZH2",9606,0.466,0,0,0,0.308,0,0,0.261
"9606.ENSP00000300035","9606.ENSP00000306999","PCLAF","ESCO2",9606,0.478,0,0,0,0.424,0,0,0.132
"9606.ENSP00000300035","9606.ENSP00000312995","PCLAF","CLSPN",9606,0.516,0,0,0,0.361,0,0,0.274
"9606.ENSP00000300035","9606.ENSP00000355506","PCLAF","EXO1",9606,0.521,0,0,0,0.392,0,0,0.246
"9606.ENSP00000300035","9606.ENSP00000418268","PCLAF","MCM10",9606,0.533,0,0,0,0.339,0,0,0.323
"9606.ENSP00000300035","9606.ENSP00000305480","PCLAF","FEN1",9606,0.537,0,0,0,0.39,0,0,0.273
"9606.ENSP00000300035","9606.ENSP00000410452","PCLAF","STMN1",9606,0.553,0,0,0,0.301,0,0,0.388
"9606.ENSP00000300035","9606.ENSP00000465075","PCLAF","SPC24",9606,0.562,0,0,0,0.512,0,0,0.141
"9606.ENSP00000300035","9606.ENSP00000306473","PCLAF","SHCBP1",9606,0.577,0,0,0,0.518,0,0,0.159
"9606.ENSP00000300035","9606.ENSP00000357308","PCLAF","CENPW",9606,0.628,0,0,0,0.496,0,0,0.294
"9606.ENSP00000300035","9606.ENSP00000364976","PCLAF","CKS2",9606,0.651,0,0,0,0.453,0,0,0.389
"9606.ENSP00000300035","9606.ENSP00000418960","PCLAF","BRCA1",9606,0.667,0,0,0,0.299,0.457,0,0.196
"9606.ENSP00000300035","9606.ENSP00000300403","PCLAF","TPX2",9606,0.673,0,0,0,0.486,0,0,0.39
"9606.ENSP00000300035","9606.ENSP00000493712","PCLAF","RAD51",9606,0.683,0,0,0,0.598,0,0,0.246
"9606.ENSP00000300035","9606.ENSP00000355966","PCLAF","NEK2",9606,0.698,0,0,0,0.639,0,0,0.199
"9606.ENSP00000300035","9606.ENSP00000355958","PCLAF","DTL",9606,0.725,0,0,0,0.654,0,0,0.24
"9606.ENSP00000300035","9606.ENSP00000377536","PCLAF","PTTG1",9606,0.805,0,0,0,0.686,0,0,0.405
"9606.ENSP00000300035","9606.ENSP00000405726","PCLAF","CDC45",9606,0.809,0,0,0,0.734,0,0,0.314
"9606.ENSP00000300035","9606.ENSP00000361298","PCLAF","KIF2C",9606,0.817,0,0,0,0.787,0,0,0.179
"9606.ENSP00000300035","9606.ENSP00000336868","PCLAF","CENPA",9606,0.82,0,0,0,0.778,0,0,0.225
"9606.ENSP00000300035","9606.ENSP00000357643","PCLAF","MKI67",9606,0.824,0,0,0,0.687,0,0,0.463
"9606.ENSP00000300035","9606.ENSP00000324020","PCLAF","KIF15",9606,0.838,0,0,0,0.786,0,0,0.275
"9606.ENSP00000300035","9606.ENSP00000481380","PCLAF","CCNA2",9606,0.856,0,0,0,0.802,0,0,0.307
"9606.ENSP00000300035","9606.ENSP00000353770","PCLAF","RRM2",9606,0.864,0,0,0,0.747,0,0,0.488
"9606.ENSP00000300035","9606.ENSP00000361540","PCLAF","CDC20",9606,0.864,0,0,0,0.783,0,0,0.402
"9606.ENSP00000300035","9606.ENSP00000378699","PCLAF","CDK1",9606,0.867,0,0,0,0.803,0,0,0.354
"9606.ENSP00000300035","9606.ENSP00000302530","PCLAF","BUB1",9606,0.868,0,0,0,0.821,0,0,0.297
"9606.ENSP00000300035","9606.ENSP00000362146","PCLAF","CDCA8",9606,0.868,0,0,0,0.817,0,0,0.313
"9606.ENSP00000300035","9606.ENSP00000356379","PCLAF","ASPM",9606,0.893,0,0,0,0.811,0,0,0.461
"9606.ENSP00000300035","9606.ENSP00000363055","PCLAF","ZWINT",9606,0.903,0,0,0,0.85,0,0,0.385
"9606.ENSP00000300035","9606.ENSP00000315644","PCLAF","TYMS",9606,0.913,0,0,0,0.861,0,0,0.4
"9606.ENSP00000300035","9606.ENSP00000301633","PCLAF","BIRC5",9606,0.916,0,0,0,0.868,0,0,0.394
"9606.ENSP00000300035","9606.ENSP00000499238","PCLAF","NUSAP1",9606,0.923,0,0,0,0.833,0,0,0.561
"9606.ENSP00000300035","9606.ENSP00000411532","PCLAF","TOP2A",9606,0.947,0,0,0,0.879,0,0,0.581
"9606.ENSP00000300035","9606.ENSP00000348838","PCLAF","UBE2C",9606,0.952,0,0,0,0.842,0.457,0,0.488
"9606.ENSP00000300035","9606.ENSP00000479617","PCLAF","UHRF1",9606,0.992,0,0,0,0.589,0.973,0,0.389
"9606.ENSP00000300093","9606.ENSP00000357308","PLK1","CENPW",9606,0.402,0,0,0,0.252,0,0,0.234
"9606.ENSP00000300093","9606.ENSP00000360623","PLK1","ORC1",9606,0.418,0,0,0,0.249,0.049,0,0.251
"9606.ENSP00000300093","9606.ENSP00000497402","PLK1","RCC1",9606,0.432,0,0,0,0.214,0,0,0.308
"9606.ENSP00000300093","9606.ENSP00000306999","PLK1","ESCO2",9606,0.433,0,0,0,0.216,0.048,0,0.302
"9606.ENSP00000300093","9606.ENSP00000410452","PLK1","STMN1",9606,0.441,0,0,0,0.154,0.045,0,0.364
"9606.ENSP00000300093","9606.ENSP00000315644","PLK1","TYMS",9606,0.446,0,0,0,0.212,0,0,0.326
"9606.ENSP00000300093","9606.ENSP00000305480","PLK1","FEN1",9606,0.484,0,0,0,0.256,0.07,0,0.315
"9606.ENSP00000300093","9606.ENSP00000320147","PLK1","EZH2",9606,0.507,0,0,0,0.198,0.058,0,0.401
"9606.ENSP00000300093","9606.ENSP00000429089","PLK1","CCNE2",9606,0.508,0,0,0,0.154,0,0,0.443
"9606.ENSP00000300093","9606.ENSP00000362334","PLK1","PSMB2",9606,0.523,0,0,0,0.075,0.09,0.4,0.168
"9606.ENSP00000300093","9606.ENSP00000418268","PLK1","MCM10",9606,0.529,0,0,0,0.305,0.049,0,0.346
"9606.ENSP00000300093","9606.ENSP00000364976","PLK1","CKS2",9606,0.551,0,0,0,0.341,0,0,0.348
"9606.ENSP00000300093","9606.ENSP00000324020","PLK1","KIF15",9606,0.556,0,0,0,0.359,0,0,0.336
"9606.ENSP00000300093","9606.ENSP00000367229","PLK1","CEP68",9606,0.558,0,0,0,0,0.457,0,0.221
"9606.ENSP00000300093","9606.ENSP00000360944","PLK1","STIL",9606,0.564,0,0,0,0.207,0.083,0,0.449
"9606.ENSP00000300093","9606.ENSP00000311083","PLK1","CKS1B",9606,0.566,0,0,0,0.332,0,0,0.378
"9606.ENSP00000300093","9606.ENSP00000356319","PLK1","KIF14",9606,0.604,0,0,0,0.345,0.083,0,0.394
"9606.ENSP00000300093","9606.ENSP00000438483","PLK1","KPNA2",9606,0.604,0,0,0,0.467,0.098,0,0.243
"9606.ENSP00000300093","9606.ENSP00000355506","PLK1","EXO1",9606,0.646,0,0,0,0.395,0.097,0,0.405
"9606.ENSP00000300093","9606.ENSP00000499238","PLK1","NUSAP1",9606,0.651,0,0,0,0.421,0,0,0.423
"9606.ENSP00000300093","9606.ENSP00000356379","PLK1","ASPM",9606,0.671,0,0,0,0.417,0.078,0,0.438
"9606.ENSP00000300093","9606.ENSP00000349430","PLK1","H2BC12",9606,0.677,0,0,0,0.098,0,0.5,0.343
"9606.ENSP00000300093","9606.ENSP00000479617","PLK1","UHRF1",9606,0.677,0,0,0,0.275,0.457,0,0.246
"9606.ENSP00000300093","9606.ENSP00000405726","PLK1","CDC45",9606,0.686,0,0,0,0.427,0,0,0.476
"9606.ENSP00000300093","9606.ENSP00000328228","PLK1","CDCA2",9606,0.709,0,0,0,0.551,0,0,0.38
"9606.ENSP00000300093","9606.ENSP00000357643","PLK1","MKI67",9606,0.757,0,0,0,0.592,0.065,0,0.415
"9606.ENSP00000300093","9606.ENSP00000307288","PLK1","MCM7",9606,0.771,0,0,0,0.353,0.472,0,0.384
"9606.ENSP00000300093","9606.ENSP00000300403","PLK1","TPX2",9606,0.847,0,0,0,0.661,0,0,0.57
"9606.ENSP00000300093","9606.ENSP00000353770","PLK1","RRM2",9606,0.852,0,0,0,0.406,0.535,0,0.51
"9606.ENSP00000300093","9606.ENSP00000363524","PLK1","KIF4A",9606,0.9,0,0,0,0.638,0.462,0,0.53
"9606.ENSP00000300093","9606.ENSP00000348838","PLK1","UBE2C",9606,0.902,0,0,0,0.651,0,0.4,0.57
"9606.ENSP00000300093","9606.ENSP00000481380","PLK1","CCNA2",9606,0.934,0,0,0,0.738,0,0,0.76
"9606.ENSP00000300093","9606.ENSP00000493712","PLK1","RAD51",9606,0.934,0,0,0,0.288,0.82,0,0.529
"9606.ENSP00000300093","9606.ENSP00000363055","PLK1","ZWINT",9606,0.944,0,0,0,0.243,0,0.9,0.321
"9606.ENSP00000300093","9606.ENSP00000465075","PLK1","SPC24",9606,0.944,0,0,0,0.25,0,0.9,0.323
"9606.ENSP00000300093","9606.ENSP00000377536","PLK1","PTTG1",9606,0.953,0,0,0,0.724,0,0.5,0.689
"9606.ENSP00000300093","9606.ENSP00000355966","PLK1","NEK2",9606,0.957,0,0,0,0.701,0,0.8,0.354
"9606.ENSP00000300093","9606.ENSP00000362146","PLK1","CDCA8",9606,0.959,0,0,0,0.669,0,0.5,0.776
"9606.ENSP00000300093","9606.ENSP00000312995","PLK1","CLSPN",9606,0.967,0,0,0,0.198,0.83,0,0.783
"9606.ENSP00000300093","9606.ENSP00000411532","PLK1","TOP2A",9606,0.973,0,0,0,0.704,0.802,0,0.581
"9606.ENSP00000300093","9606.ENSP00000306473","PLK1","SHCBP1",9606,0.974,0,0,0,0.318,0.957,0,0.215
"9606.ENSP00000300093","9606.ENSP00000336868","PLK1","CENPA",9606,0.984,0,0,0,0.702,0.131,0.8,0.731
"9606.ENSP00000300093","9606.ENSP00000301633","PLK1","BIRC5",9606,0.994,0,0,0,0.903,0.62,0.5,0.75
"9606.ENSP00000300093","9606.ENSP00000418960","PLK1","BRCA1",9606,0.996,0,0,0,0.207,0.99,0,0.608
"9606.ENSP00000300093","9606.ENSP00000361298","PLK1","KIF2C",9606,0.998,0,0,0,0.911,0.809,0.8,0.629
"9606.ENSP00000300093","9606.ENSP00000302530","PLK1","BUB1",9606,0.999,0,0,0,0.688,0.931,0.9,0.831
"9606.ENSP00000300093","9606.ENSP00000361540","PLK1","CDC20",9606,0.999,0,0,0,0.944,0.999,0.8,0.874
"9606.ENSP00000300093","9606.ENSP00000378699","PLK1","CDK1",9606,0.999,0,0,0,0.929,0.743,0.9,0.571
"9606.ENSP00000300403","9606.ENSP00000360623","TPX2","ORC1",9606,0.403,0,0,0,0.313,0,0,0.167
"9606.ENSP00000300403","9606.ENSP00000320147","TPX2","EZH2",9606,0.404,0,0,0,0.271,0.042,0,0.216
"9606.ENSP00000300403","9606.ENSP00000497402","TPX2","RCC1",9606,0.415,0,0,0,0.194,0,0,0.304
"9606.ENSP00000300403","9606.ENSP00000307288","TPX2","MCM7",9606,0.431,0,0,0,0.299,0,0,0.222
"9606.ENSP00000300403","9606.ENSP00000306968","TPX2","CDCA7",9606,0.434,0,0,0,0.285,0.045,0,0.238
"9606.ENSP00000300403","9606.ENSP00000357308","TPX2","CENPW",9606,0.472,0,0,0,0.378,0,0,0.186
"9606.ENSP00000300403","9606.ENSP00000360944","TPX2","STIL",9606,0.485,0,0,0,0.291,0,0,0.304
"9606.ENSP00000300403","9606.ENSP00000479617","TPX2","UHRF1",9606,0.532,0,0,0,0.406,0,0,0.245
"9606.ENSP00000300403","9606.ENSP00000364976","TPX2","CKS2",9606,0.546,0,0,0,0.366,0,0,0.314
"9606.ENSP00000300403","9606.ENSP00000355506","TPX2","EXO1",9606,0.562,0,0,0,0.423,0,0,0.273
"9606.ENSP00000300403","9606.ENSP00000311083","TPX2","CKS1B",9606,0.564,0,0,0,0.365,0,0,0.343
"9606.ENSP00000300403","9606.ENSP00000305480","TPX2","FEN1",9606,0.6,0,0,0,0.512,0,0,0.214
"9606.ENSP00000300403","9606.ENSP00000355958","TPX2","DTL",9606,0.616,0,0,0,0.531,0,0,0.215
"9606.ENSP00000300403","9606.ENSP00000493712","TPX2","RAD51",9606,0.616,0,0,0,0.321,0,0,0.458
"9606.ENSP00000300403","9606.ENSP00000418268","TPX2","MCM10",9606,0.621,0,0,0,0.477,0,0,0.306
"9606.ENSP00000300403","9606.ENSP00000315644","TPX2","TYMS",9606,0.657,0,0,0,0.495,0,0,0.349
"9606.ENSP00000300403","9606.ENSP00000306473","TPX2","SHCBP1",9606,0.665,0,0,0,0.515,0,0,0.338
"9606.ENSP00000300403","9606.ENSP00000405726","TPX2","CDC45",9606,0.719,0,0,0,0.579,0,0,0.361
"9606.ENSP00000300403","9606.ENSP00000328228","TPX2","CDCA2",9606,0.778,0,0,0,0.7,0,0,0.291
"9606.ENSP00000300403","9606.ENSP00000363055","TPX2","ZWINT",9606,0.845,0,0,0,0.722,0,0,0.467
"9606.ENSP00000300403","9606.ENSP00000377536","TPX2","PTTG1",9606,0.851,0,0,0,0.744,0,0,0.445
"9606.ENSP00000300403","9606.ENSP00000353770","TPX2","RRM2",9606,0.864,0,0,0,0.732,0,0,0.514
"9606.ENSP00000300403","9606.ENSP00000438483","TPX2","KPNA2",9606,0.872,0,0,0,0.688,0.457,0,0.31
"9606.ENSP00000300403","9606.ENSP00000356319","TPX2","KIF14",9606,0.904,0,0,0,0.723,0.457,0,0.418
"9606.ENSP00000300403","9606.ENSP00000324020","TPX2","KIF15",9606,0.906,0,0,0,0.774,0,0,0.603
"9606.ENSP00000300403","9606.ENSP00000355966","TPX2","NEK2",9606,0.906,0,0,0,0.813,0,0,0.521
"9606.ENSP00000300403","9606.ENSP00000336868","TPX2","CENPA",9606,0.909,0,0,0,0.845,0,0,0.441
"9606.ENSP00000300403","9606.ENSP00000361540","TPX2","CDC20",9606,0.93,0,0,0,0.836,0,0,0.594
"9606.ENSP00000300403","9606.ENSP00000362146","TPX2","CDCA8",9606,0.935,0,0,0,0.856,0,0,0.57
"9606.ENSP00000300403","9606.ENSP00000481380","TPX2","CCNA2",9606,0.937,0,0,0,0.882,0,0,0.49
"9606.ENSP00000300403","9606.ENSP00000301633","TPX2","BIRC5",9606,0.94,0,0,0,0.888,0.074,0,0.47
"9606.ENSP00000300403","9606.ENSP00000499238","TPX2","NUSAP1",9606,0.946,0,0,0,0.864,0,0,0.621
"9606.ENSP00000300403","9606.ENSP00000356379","TPX2","ASPM",9606,0.947,0,0,0,0.883,0,0,0.57
"9606.ENSP00000300403","9606.ENSP00000363524","TPX2","KIF4A",9606,0.951,0,0,0,0.877,0,0,0.621
"9606.ENSP00000300403","9606.ENSP00000302530","TPX2","BUB1",9606,0.958,0,0,0,0.902,0,0,0.593
"9606.ENSP00000300403","9606.ENSP00000411532","TPX2","TOP2A",9606,0.958,0,0,0,0.886,0,0,0.65
"9606.ENSP00000300403","9606.ENSP00000357643","TPX2","MKI67",9606,0.963,0,0,0,0.898,0.456,0,0.401
"9606.ENSP00000300403","9606.ENSP00000348838","TPX2","UBE2C",9606,0.97,0,0,0,0.918,0,0,0.65
"9606.ENSP00000300403","9606.ENSP00000418960","TPX2","BRCA1",9606,0.97,0,0,0,0.312,0.919,0,0.505
"9606.ENSP00000300403","9606.ENSP00000378699","TPX2","CDK1",9606,0.983,0,0,0,0.886,0.674,0,0.585
"9606.ENSP00000300403","9606.ENSP00000361298","TPX2","KIF2C",9606,0.994,0,0,0,0.984,0,0,0.654
"9606.ENSP00000301633","9606.ENSP00000306968","BIRC5","CDCA7",9606,0.418,0,0,0,0.258,0,0,0.249
"9606.ENSP00000301633","9606.ENSP00000360623","BIRC5","ORC1",9606,0.434,0,0,0,0.352,0,0,0.163
"9606.ENSP00000301633","9606.ENSP00000396308","BIRC5","DHFR",9606,0.446,0,0,0,0.282,0,0,0.261
"9606.ENSP00000301633","9606.ENSP00000354394","BIRC5","STAT1",9606,0.449,0,0,0,0.065,0,0,0.435
"9606.ENSP00000301633","9606.ENSP00000312995","BIRC5","CLSPN",9606,0.491,0,0,0,0.241,0,0,0.358
"9606.ENSP00000301633","9606.ENSP00000307288","BIRC5","MCM7",9606,0.502,0,0,0,0.331,0,0,0.287
"9606.ENSP00000301633","9606.ENSP00000355958","BIRC5","DTL",9606,0.561,0,0,0,0.494,0,0,0.168
"9606.ENSP00000301633","9606.ENSP00000305480","BIRC5","FEN1",9606,0.579,0,0,0,0.468,0.049,0,0.236
"9606.ENSP00000301633","9606.ENSP00000355506","BIRC5","EXO1",9606,0.582,0,0,0,0.45,0.066,0,0.253
"9606.ENSP00000301633","9606.ENSP00000418268","BIRC5","MCM10",9606,0.596,0,0,0,0.454,0,0,0.292
"9606.ENSP00000301633","9606.ENSP00000320147","BIRC5","EZH2",9606,0.599,0,0,0,0.307,0.052,0,0.44
"9606.ENSP00000301633","9606.ENSP00000429089","BIRC5","CCNE2",9606,0.605,0,0,0,0.356,0,0,0.412
"9606.ENSP00000301633","9606.ENSP00000479617","BIRC5","UHRF1",9606,0.612,0,0,0,0.501,0,0,0.255
"9606.ENSP00000301633","9606.ENSP00000306999","BIRC5","ESCO2",9606,0.651,0,0,0,0.533,0,0,0.285
"9606.ENSP00000301633","9606.ENSP00000418960","BIRC5","BRCA1",9606,0.67,0,0,0,0.361,0,0,0.505
"9606.ENSP00000301633","9606.ENSP00000328228","BIRC5","CDCA2",9606,0.673,0,0,0,0.554,0,0,0.297
"9606.ENSP00000301633","9606.ENSP00000410452","BIRC5","STMN1",9606,0.677,0,0,0,0.455,0.051,0,0.427
"9606.ENSP00000301633","9606.ENSP00000365433","BIRC5","TCF19",9606,0.689,0,0,0,0.686,0.048,0,0.046
"9606.ENSP00000301633","9606.ENSP00000311083","BIRC5","CKS1B",9606,0.745,0,0,0,0.625,0,0,0.348
"9606.ENSP00000301633","9606.ENSP00000493712","BIRC5","RAD51",9606,0.754,0,0,0,0.632,0.043,0,0.358
"9606.ENSP00000301633","9606.ENSP00000315644","BIRC5","TYMS",9606,0.766,0,0,0,0.577,0,0,0.47
"9606.ENSP00000301633","9606.ENSP00000364976","BIRC5","CKS2",9606,0.769,0,0,0,0.623,0,0,0.413
"9606.ENSP00000301633","9606.ENSP00000405726","BIRC5","CDC45",9606,0.773,0,0,0,0.7,0,0,0.277
"9606.ENSP00000301633","9606.ENSP00000356319","BIRC5","KIF14",9606,0.781,0,0,0,0.511,0.457,0,0.242
"9606.ENSP00000301633","9606.ENSP00000363055","BIRC5","ZWINT",9606,0.796,0,0,0,0.697,0,0,0.355
"9606.ENSP00000301633","9606.ENSP00000438483","BIRC5","KPNA2",9606,0.802,0,0,0,0.738,0,0,0.278
"9606.ENSP00000301633","9606.ENSP00000353770","BIRC5","RRM2",9606,0.845,0,0,0,0.682,0,0,0.533
"9606.ENSP00000301633","9606.ENSP00000324020","BIRC5","KIF15",9606,0.846,0,0,0,0.805,0,0,0.246
"9606.ENSP00000301633","9606.ENSP00000306473","BIRC5","SHCBP1",9606,0.848,0,0,0,0.818,0,0,0.202
"9606.ENSP00000301633","9606.ENSP00000357308","BIRC5","CENPW",9606,0.857,0,0,0,0.819,0,0,0.244
"9606.ENSP00000301633","9606.ENSP00000356379","BIRC5","ASPM",9606,0.88,0,0,0,0.77,0,0,0.502
"9606.ENSP00000301633","9606.ENSP00000363524","BIRC5","KIF4A",9606,0.904,0,0,0,0.829,0,0,0.467
"9606.ENSP00000301633","9606.ENSP00000355966","BIRC5","NEK2",9606,0.905,0,0,0,0.817,0.102,0,0.471
"9606.ENSP00000301633","9606.ENSP00000499238","BIRC5","NUSAP1",9606,0.922,0,0,0,0.854,0,0,0.488
"9606.ENSP00000301633","9606.ENSP00000336868","BIRC5","CENPA",9606,0.923,0,0,0,0.848,0.077,0,0.499
"9606.ENSP00000301633","9606.ENSP00000357643","BIRC5","MKI67",9606,0.928,0,0,0,0.848,0,0,0.547
"9606.ENSP00000301633","9606.ENSP00000465075","BIRC5","SPC24",9606,0.929,0,0,0,0.909,0,0,0.261
"9606.ENSP00000301633","9606.ENSP00000377536","BIRC5","PTTG1",9606,0.95,0,0,0,0.906,0,0,0.498
"9606.ENSP00000301633","9606.ENSP00000481380","BIRC5","CCNA2",9606,0.952,0,0,0,0.884,0,0,0.61
"9606.ENSP00000301633","9606.ENSP00000411532","BIRC5","TOP2A",9606,0.962,0,0,0,0.906,0,0,0.618
"9606.ENSP00000301633","9606.ENSP00000302530","BIRC5","BUB1",9606,0.97,0,0,0,0.873,0.105,0,0.761
"9606.ENSP00000301633","9606.ENSP00000361298","BIRC5","KIF2C",9606,0.97,0,0,0,0.902,0,0,0.707
"9606.ENSP00000301633","9606.ENSP00000361540","BIRC5","CDC20",9606,0.984,0,0,0,0.927,0,0.5,0.619
"9606.ENSP00000301633","9606.ENSP00000348838","BIRC5","UBE2C",9606,0.989,0,0,0,0.972,0,0,0.624
"9606.ENSP00000301633","9606.ENSP00000362146","BIRC5","CDCA8",9606,0.999,0,0,0,0.973,0.999,0.9,0.895
"9606.ENSP00000301633","9606.ENSP00000378699","BIRC5","CDK1",9606,0.999,0,0,0,0.973,0.802,0.4,0.795
"9606.ENSP00000302530","9606.ENSP00000497402","BUB1","RCC1",9606,0.426,0,0,0,0.157,0,0,0.348
"9606.ENSP00000302530","9606.ENSP00000320147","BUB1","EZH2",9606,0.442,0,0,0,0.305,0.049,0,0.224
"9606.ENSP00000302530","9606.ENSP00000360944","BUB1","STIL",9606,0.521,0,0,0,0.418,0,0,0.211
"9606.ENSP00000302530","9606.ENSP00000305480","BUB1","FEN1",9606,0.543,0,0,0,0.309,0.095,0,0.329
"9606.ENSP00000302530","9606.ENSP00000429089","BUB1","CCNE2",9606,0.558,0,0,0,0.213,0,0,0.462
"9606.ENSP00000302530","9606.ENSP00000438483","BUB1","KPNA2",9606,0.558,0,0,0,0.483,0,0,0.181
"9606.ENSP00000302530","9606.ENSP00000323246","BUB1","E2F7",9606,0.586,0,0,0,0.434,0,0,0.3
"9606.ENSP00000302530","9606.ENSP00000418960","BUB1","BRCA1",9606,0.587,0,0,0,0.34,0,0,0.4
"9606.ENSP00000302530","9606.ENSP00000312995","BUB1","CLSPN",9606,0.614,0,0,0,0.423,0,0,0.359
"9606.ENSP00000302530","9606.ENSP00000479617","BUB1","UHRF1",9606,0.617,0,0,0,0.445,0.091,0,0.303
"9606.ENSP00000302530","9606.ENSP00000306968","BUB1","CDCA7",9606,0.62,0,0,0,0.489,0,0,0.288
"9606.ENSP00000302530","9606.ENSP00000364976","BUB1","CKS2",9606,0.628,0,0,0,0.417,0,0,0.389
"9606.ENSP00000302530","9606.ENSP00000360623","BUB1","ORC1",9606,0.633,0,0,0,0.488,0.068,0,0.293
"9606.ENSP00000302530","9606.ENSP00000357308","BUB1","CENPW",9606,0.649,0,0,0,0.493,0,0,0.337
"9606.ENSP00000302530","9606.ENSP00000307288","BUB1","MCM7",9606,0.654,0,0,0,0.468,0,0,0.378
"9606.ENSP00000302530","9606.ENSP00000311083","BUB1","CKS1B",9606,0.678,0,0,0,0.353,0,0,0.524
"9606.ENSP00000302530","9606.ENSP00000306999","BUB1","ESCO2",9606,0.701,0,0,0,0.517,0.097,0,0.37
"9606.ENSP00000302530","9606.ENSP00000418268","BUB1","MCM10",9606,0.704,0,0,0,0.458,0,0,0.478
"9606.ENSP00000302530","9606.ENSP00000493712","BUB1","RAD51",9606,0.721,0,0,0,0.602,0.059,0,0.315
"9606.ENSP00000302530","9606.ENSP00000306473","BUB1","SHCBP1",9606,0.722,0,0,0,0.695,0,0,0.129
"9606.ENSP00000302530","9606.ENSP00000315644","BUB1","TYMS",9606,0.765,0,0,0,0.653,0,0,0.353
"9606.ENSP00000302530","9606.ENSP00000353770","BUB1","RRM2",9606,0.797,0,0,0,0.615,0,0,0.496
"9606.ENSP00000302530","9606.ENSP00000356319","BUB1","KIF14",9606,0.816,0,0,0,0.613,0.065,0,0.534
"9606.ENSP00000302530","9606.ENSP00000355506","BUB1","EXO1",9606,0.827,0,0,0,0.73,0.069,0,0.37
"9606.ENSP00000302530","9606.ENSP00000328228","BUB1","CDCA2",9606,0.829,0,0,0,0.703,0,0,0.45
"9606.ENSP00000302530","9606.ENSP00000355958","BUB1","DTL",9606,0.847,0,0,0,0.835,0,0,0.112
"9606.ENSP00000302530","9606.ENSP00000377536","BUB1","PTTG1",9606,0.923,0,0,0,0.689,0,0,0.763
"9606.ENSP00000302530","9606.ENSP00000357643","BUB1","MKI67",9606,0.936,0,0,0,0.886,0,0,0.465
"9606.ENSP00000302530","9606.ENSP00000363524","BUB1","KIF4A",9606,0.936,0,0,0,0.833,0.073,0,0.62
"9606.ENSP00000302530","9606.ENSP00000405726","BUB1","CDC45",9606,0.937,0,0,0,0.847,0,0,0.609
"9606.ENSP00000302530","9606.ENSP00000499238","BUB1","NUSAP1",9606,0.937,0,0,0,0.856,0,0,0.587
"9606.ENSP00000302530","9606.ENSP00000324020","BUB1","KIF15",9606,0.941,0,0,0,0.885,0,0,0.515
"9606.ENSP00000302530","9606.ENSP00000355966","BUB1","NEK2",9606,0.946,0,0,0,0.86,0,0,0.631
"9606.ENSP00000302530","9606.ENSP00000362146","BUB1","CDCA8",9606,0.957,0,0,0,0.851,0,0,0.729
"9606.ENSP00000302530","9606.ENSP00000336868","BUB1","CENPA",9606,0.963,0,0,0,0.873,0.131,0,0.696
"9606.ENSP00000302530","9606.ENSP00000481380","BUB1","CCNA2",9606,0.966,0,0,0,0.898,0,0,0.682
"9606.ENSP00000302530","9606.ENSP00000348838","BUB1","UBE2C",9606,0.969,0,0,0,0.928,0,0,0.588
"9606.ENSP00000302530","9606.ENSP00000356379","BUB1","ASPM",9606,0.976,0,0,0,0.919,0.203,0,0.664
"9606.ENSP00000302530","9606.ENSP00000411532","BUB1","TOP2A",9606,0.981,0,0,0,0.947,0,0,0.657
"9606.ENSP00000302530","9606.ENSP00000361298","BUB1","KIF2C",9606,0.99,0,0,0,0.914,0.049,0,0.888
"9606.ENSP00000302530","9606.ENSP00000361540","BUB1","CDC20",9606,0.999,0,0,0,0.848,0.999,0.8,0.974
"9606.ENSP00000302530","9606.ENSP00000363055","BUB1","ZWINT",9606,0.999,0,0,0,0.594,0.995,0.9,0.613
"9606.ENSP00000302530","9606.ENSP00000378699","BUB1","CDK1",9606,0.999,0,0,0,0.957,0.829,0.4,0.814
"9606.ENSP00000302530","9606.ENSP00000465075","BUB1","SPC24",9606,0.999,0,0,0,0.269,0.991,0.9,0.567
"9606.ENSP00000303222","9606.ENSP00000356319","MTCH2","KIF14",9606,0.499,0,0,0,0.062,0.457,0,0.097
"9606.ENSP00000304987","9606.ENSP00000356319","BFSP2","KIF14",9606,0.474,0,0,0,0.055,0.457,0,0.059
"9606.ENSP00000304987","9606.ENSP00000355966","BFSP2","NEK2",9606,0.56,0,0,0,0,0.56,0,0
"9606.ENSP00000305480","9606.ENSP00000497402","FEN1","RCC1",9606,0.411,0,0,0,0.244,0,0,0.253
"9606.ENSP00000305480","9606.ENSP00000320147","FEN1","EZH2",9606,0.423,0,0,0,0.276,0,0,0.237
"9606.ENSP00000305480","9606.ENSP00000377536","FEN1","PTTG1",9606,0.434,0,0,0,0.291,0,0,0.235
"9606.ENSP00000305480","9606.ENSP00000396308","FEN1","DHFR",9606,0.447,0.042,0,0,0.35,0,0,0.184
"9606.ENSP00000305480","9606.ENSP00000357643","FEN1","MKI67",9606,0.45,0,0,0,0.336,0,0,0.206
"9606.ENSP00000305480","9606.ENSP00000324020","FEN1","KIF15",9606,0.458,0,0,0,0.367,0,0,0.18
"9606.ENSP00000305480","9606.ENSP00000438483","FEN1","KPNA2",9606,0.471,0,0,0,0.266,0,0,0.309
"9606.ENSP00000305480","9606.ENSP00000429089","FEN1","CCNE2",9606,0.472,0,0,0,0.322,0,0,0.254
"9606.ENSP00000305480","9606.ENSP00000311083","FEN1","CKS1B",9606,0.485,0,0,0,0.343,0,0,0.249
"9606.ENSP00000305480","9606.ENSP00000364976","FEN1","CKS2",9606,0.493,0,0,0,0.319,0,0,0.287
"9606.ENSP00000305480","9606.ENSP00000362146","FEN1","CDCA8",9606,0.499,0.055,0,0,0.407,0,0,0.179
"9606.ENSP00000305480","9606.ENSP00000361298","FEN1","KIF2C",9606,0.511,0,0,0,0.349,0,0,0.28
"9606.ENSP00000305480","9606.ENSP00000479617","FEN1","UHRF1",9606,0.517,0,0,0,0.368,0,0,0.268
"9606.ENSP00000305480","9606.ENSP00000336868","FEN1","CENPA",9606,0.521,0,0,0,0.36,0.111,0,0.226
"9606.ENSP00000305480","9606.ENSP00000499238","FEN1","NUSAP1",9606,0.543,0,0,0,0.423,0,0,0.242
"9606.ENSP00000305480","9606.ENSP00000360623","FEN1","ORC1",9606,0.559,0.091,0,0,0.418,0,0,0.234
"9606.ENSP00000305480","9606.ENSP00000361540","FEN1","CDC20",9606,0.562,0.042,0,0,0.371,0.068,0,0.313
"9606.ENSP00000305480","9606.ENSP00000348838","FEN1","UBE2C",9606,0.566,0,0,0,0.374,0,0,0.336
"9606.ENSP00000305480","9606.ENSP00000356319","FEN1","KIF14",9606,0.572,0,0,0,0.2,0.457,0,0.094
"9606.ENSP00000305480","9606.ENSP00000361990","FEN1","UBR2",9606,0.577,0,0,0,0.062,0.078,0,0.551
"9606.ENSP00000305480","9606.ENSP00000312995","FEN1","CLSPN",9606,0.617,0,0,0,0.367,0,0,0.42
"9606.ENSP00000305480","9606.ENSP00000355958","FEN1","DTL",9606,0.693,0,0,0,0.537,0,0,0.365
"9606.ENSP00000305480","9606.ENSP00000363055","FEN1","ZWINT",9606,0.716,0,0,0,0.646,0,0,0.232
"9606.ENSP00000305480","9606.ENSP00000353770","FEN1","RRM2",9606,0.717,0,0,0,0.554,0.05,0,0.387
"9606.ENSP00000305480","9606.ENSP00000411532","FEN1","TOP2A",9606,0.729,0.058,0,0,0.346,0.215,0,0.506
"9606.ENSP00000305480","9606.ENSP00000418960","FEN1","BRCA1",9606,0.773,0,0,0,0.369,0,0,0.656
"9606.ENSP00000305480","9606.ENSP00000418268","FEN1","MCM10",9606,0.834,0,0,0,0.631,0,0,0.571
"9606.ENSP00000305480","9606.ENSP00000315644","FEN1","TYMS",9606,0.844,0.057,0,0,0.676,0,0,0.531
"9606.ENSP00000305480","9606.ENSP00000405726","FEN1","CDC45",9606,0.855,0,0,0,0.657,0,0,0.597
"9606.ENSP00000305480","9606.ENSP00000307288","FEN1","MCM7",9606,0.872,0,0,0,0.701,0,0,0.591
"9606.ENSP00000305480","9606.ENSP00000378699","FEN1","CDK1",9606,0.873,0,0,0,0.57,0.51,0,0.448
"9606.ENSP00000305480","9606.ENSP00000481380","FEN1","CCNA2",9606,0.884,0,0,0,0.662,0.475,0,0.399
"9606.ENSP00000305480","9606.ENSP00000355506","FEN1","EXO1",9606,0.953,0,0,0,0.439,0.819,0,0.575
"9606.ENSP00000305480","9606.ENSP00000493712","FEN1","RAD51",9606,0.987,0.057,0,0,0.422,0.867,0,0.842
"9606.ENSP00000306473","9606.ENSP00000355506","SHCBP1","EXO1",9606,0.404,0,0,0,0.356,0,0,0.113
"9606.ENSP00000306473","9606.ENSP00000315644","SHCBP1","TYMS",9606,0.419,0,0,0,0.344,0,0,0.152
"9606.ENSP00000306473","9606.ENSP00000360944","SHCBP1","STIL",9606,0.438,0,0,0,0.377,0,0,0.135
"9606.ENSP00000306473","9606.ENSP00000465075","SHCBP1","SPC24",9606,0.457,0,0,0,0.441,0,0,0.07
"9606.ENSP00000306473","9606.ENSP00000377536","SHCBP1","PTTG1",9606,0.463,0,0,0,0.303,0,0,0.262
"9606.ENSP00000306473","9606.ENSP00000479617","SHCBP1","UHRF1",9606,0.469,0,0,0,0.396,0,0,0.158
"9606.ENSP00000306473","9606.ENSP00000438483","SHCBP1","KPNA2",9606,0.47,0,0,0,0.316,0,0,0.258
"9606.ENSP00000306473","9606.ENSP00000328228","SHCBP1","CDCA2",9606,0.476,0,0,0,0.422,0,0,0.131
"9606.ENSP00000306473","9606.ENSP00000361540","SHCBP1","CDC20",9606,0.514,0,0,0,0.456,0,0,0.145
"9606.ENSP00000306473","9606.ENSP00000306999","SHCBP1","ESCO2",9606,0.537,0,0,0,0.508,0,0,0.098
"9606.ENSP00000306473","9606.ENSP00000355958","SHCBP1","DTL",9606,0.551,0,0,0,0.551,0,0,0
"9606.ENSP00000306473","9606.ENSP00000418268","SHCBP1","MCM10",9606,0.577,0,0,0,0.41,0,0,0.313
"9606.ENSP00000306473","9606.ENSP00000348838","SHCBP1","UBE2C",9606,0.58,0,0,0,0.488,0,0,0.215
"9606.ENSP00000306473","9606.ENSP00000493712","SHCBP1","RAD51",9606,0.608,0,0,0,0.554,0,0,0.159
"9606.ENSP00000306473","9606.ENSP00000356379","SHCBP1","ASPM",9606,0.612,0,0,0,0.517,0,0,0.231
"9606.ENSP00000306473","9606.ENSP00000324020","SHCBP1","KIF15",9606,0.626,0,0,0,0.54,0,0,0.221
"9606.ENSP00000306473","9606.ENSP00000355966","SHCBP1","NEK2",9606,0.636,0,0,0,0.579,0,0,0.171
"9606.ENSP00000306473","9606.ENSP00000363055","SHCBP1","ZWINT",9606,0.648,0,0,0,0.641,0,0,0.062
"9606.ENSP00000306473","9606.ENSP00000361298","SHCBP1","KIF2C",9606,0.674,0,0,0,0.573,0,0,0.27
"9606.ENSP00000306473","9606.ENSP00000363524","SHCBP1","KIF4A",9606,0.681,0,0,0,0.501,0,0,0.387
"9606.ENSP00000306473","9606.ENSP00000336868","SHCBP1","CENPA",9606,0.698,0,0,0,0.361,0.456,0,0.203
"9606.ENSP00000306473","9606.ENSP00000362146","SHCBP1","CDCA8",9606,0.713,0,0,0,0.625,0,0,0.268
"9606.ENSP00000306473","9606.ENSP00000378699","SHCBP1","CDK1",9606,0.72,0,0,0,0.656,0,0,0.22
"9606.ENSP00000306473","9606.ENSP00000411532","SHCBP1","TOP2A",9606,0.734,0,0,0,0.683,0,0,0.197
"9606.ENSP00000306473","9606.ENSP00000481380","SHCBP1","CCNA2",9606,0.753,0,0,0,0.674,0,0,0.274
"9606.ENSP00000306473","9606.ENSP00000353770","SHCBP1","RRM2",9606,0.761,0,0,0,0.704,0,0,0.228
"9606.ENSP00000306473","9606.ENSP00000356319","SHCBP1","KIF14",9606,0.798,0,0,0,0.54,0.457,0,0.258
"9606.ENSP00000306473","9606.ENSP00000357643","SHCBP1","MKI67",9606,0.81,0,0,0,0.597,0.456,0,0.204
"9606.ENSP00000306473","9606.ENSP00000499238","SHCBP1","NUSAP1",9606,0.834,0,0,0,0.65,0.457,0,0.2
"9606.ENSP00000306968","9606.ENSP00000356379","CDCA7","ASPM",9606,0.403,0,0,0,0.288,0,0,0.196
"9606.ENSP00000306968","9606.ENSP00000364976","CDCA7","CKS2",9606,0.403,0,0,0,0.2,0,0,0.285
"9606.ENSP00000306968","9606.ENSP00000356319","CDCA7","KIF14",9606,0.404,0,0,0,0.216,0,0,0.271
"9606.ENSP00000306968","9606.ENSP00000355966","CDCA7","NEK2",9606,0.416,0,0,0,0.2,0.066,0,0.282
"9606.ENSP00000306968","9606.ENSP00000429089","CDCA7","CCNE2",9606,0.418,0,0,0,0.131,0.054,0,0.35
"9606.ENSP00000306968","9606.ENSP00000336868","CDCA7","CENPA",9606,0.434,0,0,0,0.227,0,0,0.298
"9606.ENSP00000306968","9606.ENSP00000357643","CDCA7","MKI67",9606,0.436,0,0,0,0.336,0,0,0.186
"9606.ENSP00000306968","9606.ENSP00000324020","CDCA7","KIF15",9606,0.438,0,0,0,0.309,0,0,0.221
"9606.ENSP00000306968","9606.ENSP00000315644","CDCA7","TYMS",9606,0.447,0,0,0,0.334,0,0,0.205
"9606.ENSP00000306968","9606.ENSP00000481380","CDCA7","CCNA2",9606,0.453,0,0,0,0.318,0,0,0.232
"9606.ENSP00000306968","9606.ENSP00000353770","CDCA7","RRM2",9606,0.456,0,0,0,0.301,0,0,0.255
"9606.ENSP00000306968","9606.ENSP00000363055","CDCA7","ZWINT",9606,0.461,0,0,0,0.328,0,0,0.232
"9606.ENSP00000306968","9606.ENSP00000361298","CDCA7","KIF2C",9606,0.465,0,0,0,0.306,0,0,0.261
"9606.ENSP00000306968","9606.ENSP00000499238","CDCA7","NUSAP1",9606,0.474,0,0,0,0.278,0,0,0.302
"9606.ENSP00000306968","9606.ENSP00000378699","CDCA7","CDK1",9606,0.476,0,0,0,0.318,0,0,0.264
"9606.ENSP00000306968","9606.ENSP00000348838","CDCA7","UBE2C",9606,0.506,0,0,0,0.297,0,0,0.327
"9606.ENSP00000306968","9606.ENSP00000361540","CDCA7","CDC20",9606,0.524,0,0,0,0.294,0.072,0,0.332
"9606.ENSP00000306968","9606.ENSP00000411532","CDCA7","TOP2A",9606,0.537,0,0,0,0.344,0,0,0.324
"9606.ENSP00000306968","9606.ENSP00000418268","CDCA7","MCM10",9606,0.559,0,0,0,0.293,0,0,0.402
"9606.ENSP00000306968","9606.ENSP00000362146","CDCA7","CDCA8",9606,0.572,0,0,0,0.266,0,0,0.442
"9606.ENSP00000306968","9606.ENSP00000405726","CDCA7","CDC45",9606,0.598,0,0,0,0.429,0,0,0.326
"9606.ENSP00000306968","9606.ENSP00000328228","CDCA7","CDCA2",9606,0.648,0,0,0,0.238,0,0,0.558
"9606.ENSP00000306968","9606.ENSP00000479617","CDCA7","UHRF1",9606,0.666,0,0,0,0.413,0.046,0,0.452
"9606.ENSP00000306968","9606.ENSP00000349430","CDCA7","H2BC12",9606,0.902,0,0,0,0.063,0.9,0,0
"9606.ENSP00000306999","9606.ENSP00000357643","ESCO2","MKI67",9606,0.405,0,0,0,0.333,0,0,0.145
"9606.ENSP00000306999","9606.ENSP00000363055","ESCO2","ZWINT",9606,0.406,0,0,0,0.325,0,0,0.157
"9606.ENSP00000306999","9606.ENSP00000396308","ESCO2","DHFR",9606,0.416,0,0,0,0.279,0,0,0.224
"9606.ENSP00000306999","9606.ENSP00000418960","ESCO2","BRCA1",9606,0.424,0,0,0,0.304,0,0,0.207
"9606.ENSP00000306999","9606.ENSP00000362146","ESCO2","CDCA8",9606,0.466,0,0,0,0.415,0,0,0.126
"9606.ENSP00000306999","9606.ENSP00000353770","ESCO2","RRM2",9606,0.496,0,0,0,0.424,0,0,0.162
"9606.ENSP00000306999","9606.ENSP00000377536","ESCO2","PTTG1",9606,0.499,0,0,0,0.381,0,0,0.225
"9606.ENSP00000306999","9606.ENSP00000336868","ESCO2","CENPA",9606,0.51,0,0,0,0.413,0.044,0,0.198
"9606.ENSP00000306999","9606.ENSP00000312995","ESCO2","CLSPN",9606,0.517,0,0,0,0.398,0,0,0.232
"9606.ENSP00000306999","9606.ENSP00000355506","ESCO2","EXO1",9606,0.542,0,0,0,0.449,0.068,0,0.181
"9606.ENSP00000306999","9606.ENSP00000356379","ESCO2","ASPM",9606,0.545,0,0,0,0.472,0,0,0.175
"9606.ENSP00000306999","9606.ENSP00000328228","ESCO2","CDCA2",9606,0.595,0,0,0,0.507,0,0,0.213
"9606.ENSP00000306999","9606.ENSP00000356319","ESCO2","KIF14",9606,0.598,0,0,0,0.274,0.457,0,0.063
"9606.ENSP00000306999","9606.ENSP00000493712","ESCO2","RAD51",9606,0.606,0,0,0,0.5,0,0,0.246
"9606.ENSP00000306999","9606.ENSP00000307288","ESCO2","MCM7",9606,0.632,0,0,0,0.168,0.508,0,0.175
"9606.ENSP00000306999","9606.ENSP00000361298","ESCO2","KIF2C",9606,0.671,0,0,0,0.635,0,0,0.136
"9606.ENSP00000306999","9606.ENSP00000499238","ESCO2","NUSAP1",9606,0.671,0,0,0,0.613,0,0,0.187
"9606.ENSP00000306999","9606.ENSP00000324020","ESCO2","KIF15",9606,0.7,0,0,0,0.692,0,0,0.067
"9606.ENSP00000306999","9606.ENSP00000405726","ESCO2","CDC45",9606,0.716,0,0,0,0.318,0.457,0,0.296
"9606.ENSP00000306999","9606.ENSP00000411532","ESCO2","TOP2A",9606,0.731,0,0,0,0.674,0.069,0,0.186
"9606.ENSP00000306999","9606.ENSP00000355966","ESCO2","NEK2",9606,0.768,0,0,0,0.696,0,0,0.271
"9606.ENSP00000306999","9606.ENSP00000378699","ESCO2","CDK1",9606,0.79,0,0,0,0.667,0.205,0,0.271
"9606.ENSP00000306999","9606.ENSP00000418268","ESCO2","MCM10",9606,0.791,0,0,0,0.44,0.457,0,0.368
"9606.ENSP00000306999","9606.ENSP00000481380","ESCO2","CCNA2",9606,0.864,0,0,0,0.844,0,0,0.169
"9606.ENSP00000307288","9606.ENSP00000363524","MCM7","KIF4A",9606,0.4,0,0,0,0.273,0,0,0.209
"9606.ENSP00000307288","9606.ENSP00000438483","MCM7","KPNA2",9606,0.4,0,0,0,0.23,0,0,0.253
"9606.ENSP00000307288","9606.ENSP00000357643","MCM7","MKI67",9606,0.432,0,0,0,0.254,0,0,0.27
"9606.ENSP00000307288","9606.ENSP00000356379","MCM7","ASPM",9606,0.445,0,0,0,0.309,0,0,0.23
"9606.ENSP00000307288","9606.ENSP00000499238","MCM7","NUSAP1",9606,0.453,0,0,0,0.324,0,0,0.225
"9606.ENSP00000307288","9606.ENSP00000363055","MCM7","ZWINT",9606,0.454,0,0,0,0.342,0,0,0.205
"9606.ENSP00000307288","9606.ENSP00000497402","MCM7","RCC1",9606,0.466,0,0,0,0.351,0,0,0.211
"9606.ENSP00000307288","9606.ENSP00000367229","MCM7","CEP68",9606,0.468,0,0,0,0.061,0.457,0,0
"9606.ENSP00000307288","9606.ENSP00000361298","MCM7","KIF2C",9606,0.469,0,0,0,0.296,0,0,0.277
"9606.ENSP00000307288","9606.ENSP00000355958","MCM7","DTL",9606,0.49,0,0,0,0.383,0,0,0.208
"9606.ENSP00000307288","9606.ENSP00000364976","MCM7","CKS2",9606,0.498,0,0,0,0.255,0,0,0.354
"9606.ENSP00000307288","9606.ENSP00000418960","MCM7","BRCA1",9606,0.519,0,0,0,0.251,0,0,0.385
"9606.ENSP00000307288","9606.ENSP00000356319","MCM7","KIF14",9606,0.541,0,0,0,0.129,0.457,0,0.108
"9606.ENSP00000307288","9606.ENSP00000311083","MCM7","CKS1B",9606,0.544,0,0,0,0.305,0,0,0.371
"9606.ENSP00000307288","9606.ENSP00000320147","MCM7","EZH2",9606,0.57,0,0,0,0.445,0.045,0,0.255
"9606.ENSP00000307288","9606.ENSP00000362146","MCM7","CDCA8",9606,0.571,0,0,0,0.433,0.068,0,0.254
"9606.ENSP00000307288","9606.ENSP00000357308","MCM7","CENPW",9606,0.577,0,0,0,0.532,0,0,0.134
"9606.ENSP00000307288","9606.ENSP00000479617","MCM7","UHRF1",9606,0.577,0,0,0,0.421,0,0,0.3
"9606.ENSP00000307288","9606.ENSP00000348838","MCM7","UBE2C",9606,0.581,0,0,0,0.333,0,0,0.398
"9606.ENSP00000307288","9606.ENSP00000355506","MCM7","EXO1",9606,0.623,0,0,0,0.347,0,0,0.447
"9606.ENSP00000307288","9606.ENSP00000411532","MCM7","TOP2A",9606,0.635,0,0,0,0.317,0,0,0.488
"9606.ENSP00000307288","9606.ENSP00000361540","MCM7","CDC20",9606,0.649,0,0,0,0.412,0,0,0.428
"9606.ENSP00000307288","9606.ENSP00000429089","MCM7","CCNE2",9606,0.657,0,0,0,0.452,0,0,0.401
"9606.ENSP00000307288","9606.ENSP00000493712","MCM7","RAD51",9606,0.669,0,0,0,0.321,0,0,0.533
"9606.ENSP00000307288","9606.ENSP00000315644","MCM7","TYMS",9606,0.685,0,0,0,0.597,0,0,0.252
"9606.ENSP00000307288","9606.ENSP00000378699","MCM7","CDK1",9606,0.717,0,0,0,0.442,0,0,0.515
"9606.ENSP00000307288","9606.ENSP00000353770","MCM7","RRM2",9606,0.867,0,0,0,0.786,0,0,0.405
"9606.ENSP00000307288","9606.ENSP00000481380","MCM7","CCNA2",9606,0.896,0,0,0,0.661,0,0.4,0.53
"9606.ENSP00000307288","9606.ENSP00000312995","MCM7","CLSPN",9606,0.963,0,0,0,0.33,0.8,0.5,0.513
"9606.ENSP00000307288","9606.ENSP00000360623","MCM7","ORC1",9606,0.998,0,0,0,0.752,0.974,0.5,0.548
"9606.ENSP00000307288","9606.ENSP00000405726","MCM7","CDC45",9606,0.999,0,0,0,0.556,0.999,0.9,0.834
"9606.ENSP00000307288","9606.ENSP00000418268","MCM7","MCM10",9606,0.999,0,0,0,0.724,0.998,0.5,0.759
"9606.ENSP00000311083","9606.ENSP00000360623","CKS1B","ORC1",9606,0.403,0,0,0,0.185,0.217,0,0.14
"9606.ENSP00000311083","9606.ENSP00000355506","CKS1B","EXO1",9606,0.424,0,0,0,0.222,0,0,0.291
"9606.ENSP00000311083","9606.ENSP00000405726","CKS1B","CDC45",9606,0.427,0,0,0,0.254,0,0,0.264
"9606.ENSP00000311083","9606.ENSP00000353770","CKS1B","RRM2",9606,0.474,0,0,0,0.295,0,0,0.285
"9606.ENSP00000311083","9606.ENSP00000363055","CKS1B","ZWINT",9606,0.481,0,0,0,0.341,0,0,0.246
"9606.ENSP00000311083","9606.ENSP00000362334","CKS1B","PSMB2",9606,0.489,0,0,0,0.163,0.065,0.4,0
"9606.ENSP00000311083","9606.ENSP00000336868","CKS1B","CENPA",9606,0.513,0,0,0,0.31,0.062,0,0.308
"9606.ENSP00000311083","9606.ENSP00000438483","CKS1B","KPNA2",9606,0.515,0,0,0,0.307,0.086,0,0.296
"9606.ENSP00000311083","9606.ENSP00000356379","CKS1B","ASPM",9606,0.525,0,0,0,0.308,0,0,0.342
"9606.ENSP00000311083","9606.ENSP00000357308","CKS1B","CENPW",9606,0.532,0,0,0,0.428,0,0,0.216
"9606.ENSP00000311083","9606.ENSP00000411532","CKS1B","TOP2A",9606,0.551,0,0,0,0.367,0,0,0.321
"9606.ENSP00000311083","9606.ENSP00000315644","CKS1B","TYMS",9606,0.564,0,0,0,0.445,0,0,0.248
"9606.ENSP00000311083","9606.ENSP00000362146","CKS1B","CDCA8",9606,0.584,0,0,0,0.46,0,0,0.262
"9606.ENSP00000311083","9606.ENSP00000355966","CKS1B","NEK2",9606,0.588,0,0,0,0.234,0,0,0.485
"9606.ENSP00000311083","9606.ENSP00000361298","CKS1B","KIF2C",9606,0.594,0,0,0,0.361,0,0,0.391
"9606.ENSP00000311083","9606.ENSP00000499238","CKS1B","NUSAP1",9606,0.614,0,0,0,0.444,0,0,0.335
"9606.ENSP00000311083","9606.ENSP00000348838","CKS1B","UBE2C",9606,0.67,0,0,0,0.471,0,0,0.402
"9606.ENSP00000311083","9606.ENSP00000377536","CKS1B","PTTG1",9606,0.708,0,0,0,0.587,0,0,0.323
"9606.ENSP00000311083","9606.ENSP00000429089","CKS1B","CCNE2",9606,0.996,0,0,0,0.13,0.99,0.5,0.189
"9606.ENSP00000311083","9606.ENSP00000361540","CKS1B","CDC20",9606,0.998,0,0,0,0.38,0.993,0,0.783
"9606.ENSP00000311083","9606.ENSP00000364976","CKS1B","CKS2",9606,0.999,0,0,0.054,0.598,0.999,0.9,0.209
"9606.ENSP00000311083","9606.ENSP00000378699","CKS1B","CDK1",9606,0.999,0,0,0,0.423,0.999,0,0.547
"9606.ENSP00000311083","9606.ENSP00000481380","CKS1B","CCNA2",9606,0.999,0,0,0,0.374,0.999,0.5,0.711
"9606.ENSP00000312002","9606.ENSP00000357643","HAVCR2","MKI67",9606,0.448,0,0,0,0,0,0,0.448
"9606.ENSP00000312002","9606.ENSP00000354394","HAVCR2","STAT1",9606,0.521,0,0,0,0.075,0,0,0.504
"9606.ENSP00000312002","9606.ENSP00000380855","HAVCR2","PDCD1LG2",9606,0.806,0,0,0,0.062,0,0,0.802
"9606.ENSP00000312995","9606.ENSP00000356319","CLSPN","KIF14",9606,0.407,0,0,0,0.249,0,0,0.243
"9606.ENSP00000312995","9606.ENSP00000323246","CLSPN","E2F7",9606,0.423,0,0,0,0.227,0,0,0.285
"9606.ENSP00000312995","9606.ENSP00000363524","CLSPN","KIF4A",9606,0.436,0,0,0,0.343,0,0,0.178
"9606.ENSP00000312995","9606.ENSP00000328228","CLSPN","CDCA2",9606,0.442,0,0,0,0.28,0,0,0.258
"9606.ENSP00000312995","9606.ENSP00000429089","CLSPN","CCNE2",9606,0.448,0,0,0,0.254,0,0,0.291
"9606.ENSP00000312995","9606.ENSP00000355966","CLSPN","NEK2",9606,0.459,0,0,0,0.306,0,0,0.253
"9606.ENSP00000312995","9606.ENSP00000361298","CLSPN","KIF2C",9606,0.472,0,0,0,0.342,0,0,0.231
"9606.ENSP00000312995","9606.ENSP00000499238","CLSPN","NUSAP1",9606,0.48,0,0,0,0.288,0,0,0.3
"9606.ENSP00000312995","9606.ENSP00000315644","CLSPN","TYMS",9606,0.512,0,0,0,0.346,0,0,0.285
"9606.ENSP00000312995","9606.ENSP00000479617","CLSPN","UHRF1",9606,0.527,0,0,0,0.366,0,0,0.285
"9606.ENSP00000312995","9606.ENSP00000355958","CLSPN","DTL",9606,0.542,0,0,0,0.392,0,0,0.279
"9606.ENSP00000312995","9606.ENSP00000481380","CLSPN","CCNA2",9606,0.557,0,0,0,0.296,0,0,0.397
"9606.ENSP00000312995","9606.ENSP00000353770","CLSPN","RRM2",9606,0.564,0,0,0,0.396,0,0,0.308
"9606.ENSP00000312995","9606.ENSP00000362146","CLSPN","CDCA8",9606,0.564,0,0,0,0.344,0,0,0.364
"9606.ENSP00000312995","9606.ENSP00000357643","CLSPN","MKI67",9606,0.595,0,0,0,0.539,0,0,0.158
"9606.ENSP00000312995","9606.ENSP00000493712","CLSPN","RAD51",9606,0.627,0,0,0,0.25,0,0,0.524
"9606.ENSP00000312995","9606.ENSP00000356379","CLSPN","ASPM",9606,0.673,0,0,0,0.61,0,0,0.197
"9606.ENSP00000312995","9606.ENSP00000361540","CLSPN","CDC20",9606,0.677,0,0,0,0.192,0.457,0,0.323
"9606.ENSP00000312995","9606.ENSP00000378699","CLSPN","CDK1",9606,0.706,0,0,0,0.299,0,0,0.599
"9606.ENSP00000312995","9606.ENSP00000355506","CLSPN","EXO1",9606,0.739,0,0,0,0.439,0,0,0.555
"9606.ENSP00000312995","9606.ENSP00000411532","CLSPN","TOP2A",9606,0.775,0,0,0,0.651,0,0,0.383
"9606.ENSP00000312995","9606.ENSP00000360623","CLSPN","ORC1",9606,0.787,0,0,0,0.485,0,0.5,0.242
"9606.ENSP00000312995","9606.ENSP00000324020","CLSPN","KIF15",9606,0.797,0,0,0,0.738,0,0,0.26
"9606.ENSP00000312995","9606.ENSP00000418268","CLSPN","MCM10",9606,0.925,0,0,0,0.588,0,0.5,0.668
"9606.ENSP00000312995","9606.ENSP00000418960","CLSPN","BRCA1",9606,0.96,0,0,0,0.512,0.802,0,0.628
"9606.ENSP00000312995","9606.ENSP00000405726","CLSPN","CDC45",9606,0.996,0,0,0,0.359,0.95,0.5,0.805
"9606.ENSP00000315644","9606.ENSP00000328228","TYMS","CDCA2",9606,0.414,0,0,0,0.282,0,0,0.218
"9606.ENSP00000315644","9606.ENSP00000363524","TYMS","KIF4A",9606,0.417,0,0,0,0.289,0,0,0.214
"9606.ENSP00000315644","9606.ENSP00000438483","TYMS","KPNA2",9606,0.429,0,0,0,0.322,0,0,0.193
"9606.ENSP00000315644","9606.ENSP00000429089","TYMS","CCNE2",9606,0.455,0,0,0,0.213,0,0,0.336
"9606.ENSP00000315644","9606.ENSP00000336868","TYMS","CENPA",9606,0.46,0,0,0,0.327,0,0,0.231
"9606.ENSP00000315644","9606.ENSP00000465075","TYMS","SPC24",9606,0.467,0,0,0,0.41,0,0,0.135
"9606.ENSP00000315644","9606.ENSP00000355966","TYMS","NEK2",9606,0.47,0,0,0,0.231,0,0,0.34
"9606.ENSP00000315644","9606.ENSP00000418268","TYMS","MCM10",9606,0.507,0,0,0,0.411,0,0,0.198
"9606.ENSP00000315644","9606.ENSP00000320147","TYMS","EZH2",9606,0.51,0,0,0,0.335,0,0,0.294
"9606.ENSP00000315644","9606.ENSP00000324020","TYMS","KIF15",9606,0.513,0,0,0,0.377,0,0,0.251
"9606.ENSP00000315644","9606.ENSP00000360623","TYMS","ORC1",9606,0.513,0,0,0,0.41,0,0,0.209
"9606.ENSP00000315644","9606.ENSP00000498610","TYMS","SLC29A1",9606,0.516,0,0,0,0.08,0,0,0.496
"9606.ENSP00000315644","9606.ENSP00000443459","TYMS","BCAT1",9606,0.535,0.104,0,0,0.172,0,0.164,0.339
"9606.ENSP00000315644","9606.ENSP00000361298","TYMS","KIF2C",9606,0.548,0,0,0,0.354,0,0,0.329
"9606.ENSP00000315644","9606.ENSP00000418960","TYMS","BRCA1",9606,0.585,0,0,0,0.335,0,0,0.402
"9606.ENSP00000315644","9606.ENSP00000479617","TYMS","UHRF1",9606,0.586,0,0,0,0.503,0,0,0.202
"9606.ENSP00000315644","9606.ENSP00000355506","TYMS","EXO1",9606,0.587,0.057,0,0,0.374,0,0,0.358
"9606.ENSP00000315644","9606.ENSP00000364976","TYMS","CKS2",9606,0.618,0,0,0,0.425,0,0,0.364
"9606.ENSP00000315644","9606.ENSP00000362146","TYMS","CDCA8",9606,0.634,0,0,0,0.523,0,0,0.265
"9606.ENSP00000315644","9606.ENSP00000357643","TYMS","MKI67",9606,0.64,0,0,0,0.349,0,0,0.47
"9606.ENSP00000315644","9606.ENSP00000356853","TYMS","UCK2",9606,0.641,0.06,0,0,0.217,0,0,0.552
"9606.ENSP00000315644","9606.ENSP00000410452","TYMS","STMN1",9606,0.645,0,0,0,0.316,0.296,0,0.323
"9606.ENSP00000315644","9606.ENSP00000356379","TYMS","ASPM",9606,0.655,0,0,0,0.493,0,0,0.349
"9606.ENSP00000315644","9606.ENSP00000493712","TYMS","RAD51",9606,0.686,0.057,0,0,0.509,0,0,0.377
"9606.ENSP00000315644","9606.ENSP00000361540","TYMS","CDC20",9606,0.704,0,0,0,0.492,0,0,0.442
"9606.ENSP00000315644","9606.ENSP00000355958","TYMS","DTL",9606,0.713,0,0,0,0.573,0,0,0.357
"9606.ENSP00000315644","9606.ENSP00000377536","TYMS","PTTG1",9606,0.714,0,0,0,0.54,0,0,0.405
"9606.ENSP00000315644","9606.ENSP00000357308","TYMS","CENPW",9606,0.788,0.111,0,0,0.425,0,0.486,0.29
"9606.ENSP00000315644","9606.ENSP00000481380","TYMS","CCNA2",9606,0.8,0,0,0,0.667,0,0,0.425
"9606.ENSP00000315644","9606.ENSP00000378699","TYMS","CDK1",9606,0.826,0,0,0,0.71,0,0,0.426
"9606.ENSP00000315644","9606.ENSP00000363055","TYMS","ZWINT",9606,0.83,0,0,0,0.738,0,0,0.38
"9606.ENSP00000315644","9606.ENSP00000348838","TYMS","UBE2C",9606,0.836,0,0,0,0.425,0.524,0,0.45
"9606.ENSP00000315644","9606.ENSP00000499238","TYMS","NUSAP1",9606,0.851,0,0,0,0.769,0,0,0.382
"9606.ENSP00000315644","9606.ENSP00000405726","TYMS","CDC45",9606,0.903,0,0,0,0.864,0,0,0.323
"9606.ENSP00000315644","9606.ENSP00000411532","TYMS","TOP2A",9606,0.916,0.12,0,0,0.74,0,0,0.665
"9606.ENSP00000315644","9606.ENSP00000353770","TYMS","RRM2",9606,0.946,0,0,0,0.861,0,0,0.629
"9606.ENSP00000315644","9606.ENSP00000377617","TYMS","MTHFD2",9606,0.986,0.12,0,0,0.25,0,0.951,0.622
"9606.ENSP00000315644","9606.ENSP00000396308","TYMS","DHFR",9606,0.999,0.12,0,0.513,0.799,0,0.965,0.921
"9606.ENSP00000320147","9606.ENSP00000355506","EZH2","EXO1",9606,0.4,0,0,0,0.261,0,0,0.222
"9606.ENSP00000320147","9606.ENSP00000405726","EZH2","CDC45",9606,0.403,0,0,0,0.289,0.049,0,0.189
"9606.ENSP00000320147","9606.ENSP00000364976","EZH2","CKS2",9606,0.404,0,0,0,0.31,0,0,0.172
"9606.ENSP00000320147","9606.ENSP00000355966","EZH2","NEK2",9606,0.411,0,0,0,0.177,0,0,0.314
"9606.ENSP00000320147","9606.ENSP00000362146","EZH2","CDCA8",9606,0.415,0,0,0,0.297,0,0,0.203
"9606.ENSP00000320147","9606.ENSP00000336868","EZH2","CENPA",9606,0.418,0,0,0,0.203,0,0,0.3
"9606.ENSP00000320147","9606.ENSP00000429089","EZH2","CCNE2",9606,0.418,0,0,0,0.173,0.045,0,0.323
"9606.ENSP00000320147","9606.ENSP00000377536","EZH2","PTTG1",9606,0.422,0,0,0,0.286,0,0,0.225
"9606.ENSP00000320147","9606.ENSP00000323246","EZH2","E2F7",9606,0.434,0,0,0,0.199,0,0,0.323
"9606.ENSP00000320147","9606.ENSP00000361540","EZH2","CDC20",9606,0.442,0,0,0,0.25,0.068,0,0.266
"9606.ENSP00000320147","9606.ENSP00000324020","EZH2","KIF15",9606,0.47,0,0,0,0.343,0.131,0,0.147
"9606.ENSP00000320147","9606.ENSP00000348838","EZH2","UBE2C",9606,0.507,0,0,0,0.34,0.049,0,0.279
"9606.ENSP00000320147","9606.ENSP00000493712","EZH2","RAD51",9606,0.528,0,0,0,0.261,0.045,0,0.386
"9606.ENSP00000320147","9606.ENSP00000363055","EZH2","ZWINT",9606,0.53,0,0,0,0.452,0,0,0.178
"9606.ENSP00000320147","9606.ENSP00000499238","EZH2","NUSAP1",9606,0.545,0,0,0,0.457,0,0,0.198
"9606.ENSP00000320147","9606.ENSP00000356379","EZH2","ASPM",9606,0.559,0,0,0,0.282,0,0,0.411
"9606.ENSP00000320147","9606.ENSP00000411532","EZH2","TOP2A",9606,0.579,0,0,0,0.343,0.042,0,0.386
"9606.ENSP00000320147","9606.ENSP00000357643","EZH2","MKI67",9606,0.582,0,0,0,0.31,0.146,0,0.349
"9606.ENSP00000320147","9606.ENSP00000481380","EZH2","CCNA2",9606,0.615,0,0,0,0.34,0.069,0,0.424
"9606.ENSP00000320147","9606.ENSP00000349430","EZH2","H2BC12",9606,0.636,0,0,0,0.09,0.108,0.5,0.209
"9606.ENSP00000320147","9606.ENSP00000353770","EZH2","RRM2",9606,0.648,0,0,0,0.502,0.076,0,0.297
"9606.ENSP00000320147","9606.ENSP00000354394","EZH2","STAT1",9606,0.71,0,0,0,0.074,0,0.5,0.425
"9606.ENSP00000320147","9606.ENSP00000479617","EZH2","UHRF1",9606,0.84,0,0,0,0.257,0.468,0,0.628
"9606.ENSP00000320147","9606.ENSP00000418960","EZH2","BRCA1",9606,0.931,0,0,0,0.233,0.806,0,0.574
"9606.ENSP00000320147","9606.ENSP00000378699","EZH2","CDK1",9606,0.999,0,0,0,0.345,0.999,0,0.676
"9606.ENSP00000321330","9606.ENSP00000442318","RNF144A","CAND1",9606,0.457,0,0,0,0,0.457,0,0
"9606.ENSP00000323246","9606.ENSP00000356319","E2F7","KIF14",9606,0.412,0,0,0,0.281,0,0,0.217
"9606.ENSP00000323246","9606.ENSP00000418268","E2F7","MCM10",9606,0.429,0,0,0,0.256,0,0,0.265
"9606.ENSP00000323246","9606.ENSP00000493712","E2F7","RAD51",9606,0.434,0,0,0,0.241,0,0,0.285
"9606.ENSP00000323246","9606.ENSP00000355506","E2F7","EXO1",9606,0.441,0,0,0,0.34,0,0,0.189
"9606.ENSP00000323246","9606.ENSP00000355958","E2F7","DTL",9606,0.442,0,0,0,0.341,0,0,0.188
"9606.ENSP00000323246","9606.ENSP00000357643","E2F7","MKI67",9606,0.443,0,0,0,0.33,0,0,0.203
"9606.ENSP00000323246","9606.ENSP00000328228","E2F7","CDCA2",9606,0.453,0,0,0,0.342,0,0,0.204
"9606.ENSP00000323246","9606.ENSP00000348838","E2F7","UBE2C",9606,0.467,0,0,0,0.358,0,0,0.204
"9606.ENSP00000323246","9606.ENSP00000411532","E2F7","TOP2A",9606,0.495,0,0,0,0.367,0,0,0.236
"9606.ENSP00000323246","9606.ENSP00000405726","E2F7","CDC45",9606,0.498,0,0,0,0.318,0,0,0.295
"9606.ENSP00000323246","9606.ENSP00000355966","E2F7","NEK2",9606,0.504,0,0,0,0.305,0,0,0.316
"9606.ENSP00000323246","9606.ENSP00000429089","E2F7","CCNE2",9606,0.506,0,0,0,0.183,0,0,0.421
"9606.ENSP00000323246","9606.ENSP00000362146","E2F7","CDCA8",9606,0.512,0,0,0,0.409,0,0,0.209
"9606.ENSP00000323246","9606.ENSP00000361540","E2F7","CDC20",9606,0.528,0,0,0,0.361,0,0,0.292
"9606.ENSP00000323246","9606.ENSP00000353770","E2F7","RRM2",9606,0.539,0,0,0,0.264,0,0,0.4
"9606.ENSP00000323246","9606.ENSP00000356379","E2F7","ASPM",9606,0.556,0,0,0,0.443,0,0,0.237
"9606.ENSP00000323246","9606.ENSP00000378699","E2F7","CDK1",9606,0.596,0,0,0,0.336,0.065,0,0.403
"9606.ENSP00000323246","9606.ENSP00000481380","E2F7","CCNA2",9606,0.609,0,0,0,0.337,0.045,0,0.433
"9606.ENSP00000324020","9606.ENSP00000438483","KIF15","KPNA2",9606,0.413,0,0,0,0.285,0.046,0,0.209
"9606.ENSP00000324020","9606.ENSP00000360623","KIF15","ORC1",9606,0.47,0,0,0,0.457,0,0,0.064
"9606.ENSP00000324020","9606.ENSP00000493712","KIF15","RAD51",9606,0.488,0,0,0,0.441,0,0,0.122
"9606.ENSP00000324020","9606.ENSP00000418960","KIF15","BRCA1",9606,0.495,0,0,0,0.427,0,0,0.156
"9606.ENSP00000324020","9606.ENSP00000357308","KIF15","CENPW",9606,0.529,0,0,0,0.369,0,0,0.285
"9606.ENSP00000324020","9606.ENSP00000360944","KIF15","STIL",9606,0.54,0,0,0,0.457,0,0,0.189
"9606.ENSP00000324020","9606.ENSP00000479617","KIF15","UHRF1",9606,0.548,0,0,0,0.442,0,0,0.224
"9606.ENSP00000324020","9606.ENSP00000465075","KIF15","SPC24",9606,0.578,0,0,0,0.449,0,0,0.266
"9606.ENSP00000324020","9606.ENSP00000377536","KIF15","PTTG1",9606,0.605,0,0,0,0.449,0,0,0.313
"9606.ENSP00000324020","9606.ENSP00000353770","KIF15","RRM2",9606,0.634,0,0,0,0.573,0,0,0.178
"9606.ENSP00000324020","9606.ENSP00000363055","KIF15","ZWINT",9606,0.651,0,0,0,0.548,0,0,0.261
"9606.ENSP00000324020","9606.ENSP00000355506","KIF15","EXO1",9606,0.687,0,0,0,0.628,0,0,0.194
"9606.ENSP00000324020","9606.ENSP00000405726","KIF15","CDC45",9606,0.732,0,0,0,0.658,0,0,0.249
"9606.ENSP00000324020","9606.ENSP00000328228","KIF15","CDCA2",9606,0.77,0,0,0,0.702,0,0,0.261
"9606.ENSP00000324020","9606.ENSP00000355958","KIF15","DTL",9606,0.779,0,0,0,0.747,0,0,0.166
"9606.ENSP00000324020","9606.ENSP00000418268","KIF15","MCM10",9606,0.801,0,0,0,0.74,0,0,0.267
"9606.ENSP00000324020","9606.ENSP00000336868","KIF15","CENPA",9606,0.819,0,0,0,0.732,0,0,0.355
"9606.ENSP00000324020","9606.ENSP00000355966","KIF15","NEK2",9606,0.837,0,0,0,0.753,0,0,0.369
"9606.ENSP00000324020","9606.ENSP00000378699","KIF15","CDK1",9606,0.838,0,0,0,0.784,0,0,0.285
"9606.ENSP00000324020","9606.ENSP00000348838","KIF15","UBE2C",9606,0.845,0,0,0,0.777,0,0,0.334
"9606.ENSP00000324020","9606.ENSP00000361540","KIF15","CDC20",9606,0.855,0,0,0,0.75,0.069,0,0.43
"9606.ENSP00000324020","9606.ENSP00000481380","KIF15","CCNA2",9606,0.897,0,0,0,0.861,0,0,0.296
"9606.ENSP00000324020","9606.ENSP00000499238","KIF15","NUSAP1",9606,0.899,0,0,0,0.805,0,0,0.506
"9606.ENSP00000324020","9606.ENSP00000363524","KIF15","KIF4A",9606,0.9,0,0,0,0.785,0,0.4,0.293
"9606.ENSP00000324020","9606.ENSP00000362146","KIF15","CDCA8",9606,0.908,0,0,0,0.861,0,0,0.372
"9606.ENSP00000324020","9606.ENSP00000411532","KIF15","TOP2A",9606,0.94,0,0,0,0.91,0,0,0.369
"9606.ENSP00000324020","9606.ENSP00000357643","KIF15","MKI67",9606,0.949,0,0,0,0.892,0.456,0,0.211
"9606.ENSP00000324020","9606.ENSP00000356379","KIF15","ASPM",9606,0.959,0,0,0,0.902,0,0,0.607
"9606.ENSP00000324020","9606.ENSP00000361298","KIF15","KIF2C",9606,0.986,0,0,0,0.822,0,0.9,0.293
"9606.ENSP00000324020","9606.ENSP00000356319","KIF15","KIF14",9606,0.988,0,0,0,0.836,0,0.9,0.354
"9606.ENSP00000327246","9606.ENSP00000498610","VIPR1","SLC29A1",9606,0.49,0,0,0,0,0,0,0.49
"9606.ENSP00000327246","9606.ENSP00000371594","VIPR1","GNG7",9606,0.675,0,0,0,0.068,0.064,0.65,0.063
"9606.ENSP00000328228","9606.ENSP00000364976","CDCA2","CKS2",9606,0.438,0,0,0,0.266,0,0,0.267
"9606.ENSP00000328228","9606.ENSP00000465075","CDCA2","SPC24",9606,0.464,0,0,0,0.319,0,0,0.246
"9606.ENSP00000328228","9606.ENSP00000353770","CDCA2","RRM2",9606,0.467,0,0,0,0.349,0,0,0.216
"9606.ENSP00000328228","9606.ENSP00000479617","CDCA2","UHRF1",9606,0.502,0,0,0,0.338,0,0,0.28
"9606.ENSP00000328228","9606.ENSP00000377536","CDCA2","PTTG1",9606,0.507,0,0,0,0.383,0,0,0.235
"9606.ENSP00000328228","9606.ENSP00000355506","CDCA2","EXO1",9606,0.52,0,0,0,0.426,0,0,0.199
"9606.ENSP00000328228","9606.ENSP00000355958","CDCA2","DTL",9606,0.52,0,0,0,0.393,0,0,0.242
"9606.ENSP00000328228","9606.ENSP00000363055","CDCA2","ZWINT",9606,0.527,0,0,0,0.373,0,0,0.278
"9606.ENSP00000328228","9606.ENSP00000357308","CDCA2","CENPW",9606,0.535,0,0,0,0.377,0,0,0.285
"9606.ENSP00000328228","9606.ENSP00000418268","CDCA2","MCM10",9606,0.549,0,0,0,0.369,0,0,0.315
"9606.ENSP00000328228","9606.ENSP00000405726","CDCA2","CDC45",9606,0.591,0,0,0,0.364,0,0,0.384
"9606.ENSP00000328228","9606.ENSP00000357643","CDCA2","MKI67",9606,0.641,0,0,0,0.613,0,0,0.112
"9606.ENSP00000328228","9606.ENSP00000355966","CDCA2","NEK2",9606,0.676,0,0,0,0.499,0,0,0.38
"9606.ENSP00000328228","9606.ENSP00000499238","CDCA2","NUSAP1",9606,0.698,0,0,0,0.553,0,0,0.353
"9606.ENSP00000328228","9606.ENSP00000348838","CDCA2","UBE2C",9606,0.731,0,0,0,0.592,0,0,0.37
"9606.ENSP00000328228","9606.ENSP00000481380","CDCA2","CCNA2",9606,0.738,0,0,0,0.629,0,0,0.325
"9606.ENSP00000328228","9606.ENSP00000418960","CDCA2","BRCA1",9606,0.752,0,0,0,0.294,0.611,0,0.171
"9606.ENSP00000328228","9606.ENSP00000356319","CDCA2","KIF14",9606,0.773,0,0,0,0.688,0,0,0.304
"9606.ENSP00000328228","9606.ENSP00000336868","CDCA2","CENPA",9606,0.793,0,0,0,0.661,0.083,0,0.389
"9606.ENSP00000328228","9606.ENSP00000361540","CDCA2","CDC20",9606,0.794,0,0,0,0.545,0,0,0.566
"9606.ENSP00000328228","9606.ENSP00000356379","CDCA2","ASPM",9606,0.806,0,0,0,0.725,0,0,0.326
"9606.ENSP00000328228","9606.ENSP00000411532","CDCA2","TOP2A",9606,0.812,0,0,0,0.727,0,0,0.34
"9606.ENSP00000328228","9606.ENSP00000363524","CDCA2","KIF4A",9606,0.822,0,0,0,0.696,0,0,0.441
"9606.ENSP00000328228","9606.ENSP00000378699","CDCA2","CDK1",9606,0.872,0,0,0,0.618,0.457,0,0.435
"9606.ENSP00000328228","9606.ENSP00000362146","CDCA2","CDCA8",9606,0.893,0,0,0,0.749,0,0,0.595
"9606.ENSP00000328228","9606.ENSP00000438483","CDCA2","KPNA2",9606,0.907,0,0,0,0.218,0.878,0,0.108
"9606.ENSP00000328228","9606.ENSP00000361298","CDCA2","KIF2C",9606,0.924,0,0,0,0.846,0,0,0.532
"9606.ENSP00000336868","9606.ENSP00000360623","CENPA","ORC1",9606,0.415,0,0,0,0.236,0.218,0,0.101
"9606.ENSP00000336868","9606.ENSP00000479617","CENPA","UHRF1",9606,0.421,0,0,0,0.244,0.097,0,0.221
"9606.ENSP00000336868","9606.ENSP00000355958","CENPA","DTL",9606,0.422,0,0,0,0.344,0,0,0.156
"9606.ENSP00000336868","9606.ENSP00000418960","CENPA","BRCA1",9606,0.44,0,0,0,0.208,0,0,0.323
"9606.ENSP00000336868","9606.ENSP00000497402","CENPA","RCC1",9606,0.51,0,0,0,0.126,0.139,0,0.402
"9606.ENSP00000336868","9606.ENSP00000355506","CENPA","EXO1",9606,0.577,0,0,0,0.373,0.062,0,0.339
"9606.ENSP00000336868","9606.ENSP00000493712","CENPA","RAD51",9606,0.588,0,0,0,0.292,0.129,0,0.387
"9606.ENSP00000336868","9606.ENSP00000364976","CENPA","CKS2",9606,0.594,0,0,0,0.35,0.062,0,0.389
"9606.ENSP00000336868","9606.ENSP00000418268","CENPA","MCM10",9606,0.677,0,0,0,0.506,0.139,0,0.303
"9606.ENSP00000336868","9606.ENSP00000353770","CENPA","RRM2",9606,0.687,0,0,0,0.509,0,0,0.39
"9606.ENSP00000336868","9606.ENSP00000465075","CENPA","SPC24",9606,0.695,0,0,0,0.322,0,0,0.57
"9606.ENSP00000336868","9606.ENSP00000405726","CENPA","CDC45",9606,0.712,0,0,0,0.536,0.104,0,0.365
"9606.ENSP00000336868","9606.ENSP00000377536","CENPA","PTTG1",9606,0.745,0,0,0,0.594,0,0,0.4
"9606.ENSP00000336868","9606.ENSP00000356319","CENPA","KIF14",9606,0.755,0,0,0,0.653,0,0,0.323
"9606.ENSP00000336868","9606.ENSP00000357643","CENPA","MKI67",9606,0.806,0,0,0,0.713,0,0,0.354
"9606.ENSP00000336868","9606.ENSP00000363055","CENPA","ZWINT",9606,0.842,0,0,0,0.497,0,0,0.7
"9606.ENSP00000336868","9606.ENSP00000356379","CENPA","ASPM",9606,0.859,0,0,0,0.795,0,0,0.343
"9606.ENSP00000336868","9606.ENSP00000355966","CENPA","NEK2",9606,0.869,0,0,0,0.747,0.057,0,0.498
"9606.ENSP00000336868","9606.ENSP00000499238","CENPA","NUSAP1",9606,0.874,0,0,0,0.805,0,0,0.384
"9606.ENSP00000336868","9606.ENSP00000363524","CENPA","KIF4A",9606,0.915,0,0,0,0.837,0.097,0,0.47
"9606.ENSP00000336868","9606.ENSP00000357308","CENPA","CENPW",9606,0.924,0,0,0,0.375,0.456,0.5,0.609
"9606.ENSP00000336868","9606.ENSP00000348838","CENPA","UBE2C",9606,0.929,0,0,0,0.865,0.086,0,0.473
"9606.ENSP00000336868","9606.ENSP00000411532","CENPA","TOP2A",9606,0.933,0,0,0,0.848,0.15,0,0.528
"9606.ENSP00000336868","9606.ENSP00000349430","CENPA","H2BC12",9606,0.934,0,0,0,0.088,0.8,0.5,0.367
"9606.ENSP00000336868","9606.ENSP00000362146","CENPA","CDCA8",9606,0.946,0,0,0,0.844,0.163,0,0.624
"9606.ENSP00000336868","9606.ENSP00000361298","CENPA","KIF2C",9606,0.978,0,0,0,0.873,0,0,0.836
"9606.ENSP00000336868","9606.ENSP00000361540","CENPA","CDC20",9606,0.98,0,0,0,0.787,0.046,0.8,0.576
"9606.ENSP00000336868","9606.ENSP00000378699","CENPA","CDK1",9606,0.993,0,0,0,0.934,0.686,0.4,0.565
"9606.ENSP00000336868","9606.ENSP00000481380","CENPA","CCNA2",9606,0.994,0,0,0,0.99,0,0,0.46
"9606.ENSP00000346577","9606.ENSP00000353770","AK5","RRM2",9606,0.814,0,0,0,0,0.065,0.802,0.08
"9606.ENSP00000348838","9606.ENSP00000362334","UBE2C","PSMB2",9606,0.458,0,0,0,0.094,0.062,0.4,0.063
"9606.ENSP00000348838","9606.ENSP00000355958","UBE2C","DTL",9606,0.47,0,0,0,0.366,0,0,0.199
"9606.ENSP00000348838","9606.ENSP00000410452","UBE2C","STMN1",9606,0.497,0,0,0,0.259,0,0,0.35
"9606.ENSP00000348838","9606.ENSP00000418268","UBE2C","MCM10",9606,0.547,0,0,0,0.344,0,0,0.339
"9606.ENSP00000348838","9606.ENSP00000355506","UBE2C","EXO1",9606,0.578,0,0,0,0.449,0,0,0.267
"9606.ENSP00000348838","9606.ENSP00000479617","UBE2C","UHRF1",9606,0.613,0,0,0,0.382,0,0,0.4
"9606.ENSP00000348838","9606.ENSP00000356319","UBE2C","KIF14",9606,0.646,0,0,0,0.505,0,0,0.315
"9606.ENSP00000348838","9606.ENSP00000465075","UBE2C","SPC24",9606,0.715,0,0,0,0.66,0,0,0.198
"9606.ENSP00000348838","9606.ENSP00000357308","UBE2C","CENPW",9606,0.724,0,0,0,0.56,0,0,0.4
"9606.ENSP00000348838","9606.ENSP00000438483","UBE2C","KPNA2",9606,0.773,0,0,0,0.685,0,0,0.309
"9606.ENSP00000348838","9606.ENSP00000405726","UBE2C","CDC45",9606,0.782,0,0,0,0.661,0,0,0.384
"9606.ENSP00000348838","9606.ENSP00000364976","UBE2C","CKS2",9606,0.796,0,0,0,0.604,0,0,0.506
"9606.ENSP00000348838","9606.ENSP00000363055","UBE2C","ZWINT",9606,0.846,0,0,0,0.722,0,0,0.469
"9606.ENSP00000348838","9606.ENSP00000418960","UBE2C","BRCA1",9606,0.848,0,0,0,0.259,0,0.72,0.33
"9606.ENSP00000348838","9606.ENSP00000493712","UBE2C","RAD51",9606,0.863,0,0,0,0.437,0,0.72,0.204
"9606.ENSP00000348838","9606.ENSP00000353770","UBE2C","RRM2",9606,0.869,0,0,0,0.672,0.065,0,0.609
"9606.ENSP00000348838","9606.ENSP00000363524","UBE2C","KIF4A",9606,0.874,0,0,0,0.756,0.062,0,0.495
"9606.ENSP00000348838","9606.ENSP00000357643","UBE2C","MKI67",9606,0.919,0,0,0,0.82,0,0,0.57
"9606.ENSP00000348838","9606.ENSP00000355966","UBE2C","NEK2",9606,0.936,0,0,0,0.742,0.076,0.5,0.531
"9606.ENSP00000348838","9606.ENSP00000356379","UBE2C","ASPM",9606,0.943,0,0,0,0.893,0,0,0.492
"9606.ENSP00000348838","9606.ENSP00000362146","UBE2C","CDCA8",9606,0.952,0,0,0,0.911,0.046,0,0.49
"9606.ENSP00000348838","9606.ENSP00000499238","UBE2C","NUSAP1",9606,0.954,0,0,0,0.887,0,0,0.616
"9606.ENSP00000348838","9606.ENSP00000361298","UBE2C","KIF2C",9606,0.961,0,0,0,0.91,0,0,0.594
"9606.ENSP00000348838","9606.ENSP00000377536","UBE2C","PTTG1",9606,0.973,0,0,0,0.858,0,0.4,0.716
"9606.ENSP00000348838","9606.ENSP00000411532","UBE2C","TOP2A",9606,0.973,0,0,0,0.913,0.045,0,0.706
"9606.ENSP00000348838","9606.ENSP00000378699","UBE2C","CDK1",9606,0.991,0,0,0,0.958,0.046,0.5,0.634
"9606.ENSP00000348838","9606.ENSP00000481380","UBE2C","CCNA2",9606,0.995,0,0,0,0.945,0.065,0.5,0.838
"9606.ENSP00000348838","9606.ENSP00000361540","UBE2C","CDC20",9606,0.999,0,0,0,0.909,0.993,0.9,0.78
"9606.ENSP00000349430","9606.ENSP00000356319","H2BC12","KIF14",9606,0.48,0,0,0,0.075,0.457,0,0.048
"9606.ENSP00000349430","9606.ENSP00000438483","H2BC12","KPNA2",9606,0.52,0,0,0,0.08,0,0.5,0
"9606.ENSP00000349430","9606.ENSP00000354394","H2BC12","STAT1",9606,0.562,0,0,0,0.075,0,0.5,0.13
"9606.ENSP00000349430","9606.ENSP00000479617","H2BC12","UHRF1",9606,0.593,0,0,0,0.075,0.065,0.5,0.171
"9606.ENSP00000349430","9606.ENSP00000360623","H2BC12","ORC1",9606,0.604,0,0,0,0.091,0.178,0.5,0.066
"9606.ENSP00000349430","9606.ENSP00000378699","H2BC12","CDK1",9606,0.62,0,0,0,0.082,0,0.4,0.367
"9606.ENSP00000349430","9606.ENSP00000418960","H2BC12","BRCA1",9606,0.622,0,0,0,0.062,0,0.5,0.26
"9606.ENSP00000349430","9606.ENSP00000481380","H2BC12","CCNA2",9606,0.625,0,0,0,0.075,0,0.5,0.255
"9606.ENSP00000349430","9606.ENSP00000411532","H2BC12","TOP2A",9606,0.657,0,0,0,0.075,0.59,0,0.17
"9606.ENSP00000349430","9606.ENSP00000493712","H2BC12","RAD51",9606,0.824,0,0,0,0.068,0.56,0.5,0.246
"9606.ENSP00000349430","9606.ENSP00000362146","H2BC12","CDCA8",9606,0.92,0,0,0,0.075,0.9,0,0.205
"9606.ENSP00000353770","9606.ENSP00000410452","RRM2","STMN1",9606,0.409,0,0,0,0.242,0.05,0,0.246
"9606.ENSP00000353770","9606.ENSP00000356853","RRM2","UCK2",9606,0.454,0,0,0,0.187,0,0,0.357
"9606.ENSP00000353770","9606.ENSP00000357308","RRM2","CENPW",9606,0.486,0,0,0,0.392,0,0,0.19
"9606.ENSP00000353770","9606.ENSP00000365433","RRM2","TCF19",9606,0.505,0,0,0,0.414,0,0,0.191
"9606.ENSP00000353770","9606.ENSP00000356319","RRM2","KIF14",9606,0.513,0,0,0,0.334,0,0,0.3
"9606.ENSP00000353770","9606.ENSP00000438483","RRM2","KPNA2",9606,0.539,0,0,0,0.326,0.072,0,0.323
"9606.ENSP00000353770","9606.ENSP00000429089","RRM2","CCNE2",9606,0.563,0,0,0,0.302,0,0,0.4
"9606.ENSP00000353770","9606.ENSP00000498610","RRM2","SLC29A1",9606,0.568,0,0,0,0.08,0,0,0.55
"9606.ENSP00000353770","9606.ENSP00000396308","RRM2","DHFR",9606,0.574,0,0,0,0.336,0,0,0.385
"9606.ENSP00000353770","9606.ENSP00000364976","RRM2","CKS2",9606,0.587,0,0,0,0.392,0,0,0.35
"9606.ENSP00000353770","9606.ENSP00000418960","RRM2","BRCA1",9606,0.604,0,0,0,0.369,0,0,0.399
"9606.ENSP00000353770","9606.ENSP00000360623","RRM2","ORC1",9606,0.636,0,0,0,0.606,0,0,0.115
"9606.ENSP00000353770","9606.ENSP00000493712","RRM2","RAD51",9606,0.652,0,0,0,0.446,0,0,0.399
"9606.ENSP00000353770","9606.ENSP00000355966","RRM2","NEK2",9606,0.673,0,0,0,0.447,0,0,0.434
"9606.ENSP00000353770","9606.ENSP00000355506","RRM2","EXO1",9606,0.707,0,0,0,0.489,0.068,0,0.435
"9606.ENSP00000353770","9606.ENSP00000377536","RRM2","PTTG1",9606,0.724,0,0,0,0.44,0,0,0.528
"9606.ENSP00000353770","9606.ENSP00000418268","RRM2","MCM10",9606,0.728,0,0,0,0.545,0,0,0.427
"9606.ENSP00000353770","9606.ENSP00000362146","RRM2","CDCA8",9606,0.732,0,0,0,0.539,0,0,0.443
"9606.ENSP00000353770","9606.ENSP00000385385","RRM2","PDIA6",9606,0.746,0,0,0,0.118,0,0,0.724
"9606.ENSP00000353770","9606.ENSP00000361298","RRM2","KIF2C",9606,0.755,0,0,0,0.496,0,0,0.534
"9606.ENSP00000353770","9606.ENSP00000356379","RRM2","ASPM",9606,0.772,0,0,0,0.534,0,0,0.531
"9606.ENSP00000353770","9606.ENSP00000405726","RRM2","CDC45",9606,0.781,0,0,0,0.633,0,0,0.428
"9606.ENSP00000353770","9606.ENSP00000479617","RRM2","UHRF1",9606,0.817,0,0,0,0.741,0,0,0.323
"9606.ENSP00000353770","9606.ENSP00000363524","RRM2","KIF4A",9606,0.833,0,0,0,0.722,0,0,0.426
"9606.ENSP00000353770","9606.ENSP00000355958","RRM2","DTL",9606,0.855,0,0,0,0.789,0.071,0,0.322
"9606.ENSP00000353770","9606.ENSP00000361540","RRM2","CDC20",9606,0.861,0,0,0,0.685,0,0,0.577
"9606.ENSP00000353770","9606.ENSP00000481380","RRM2","CCNA2",9606,0.874,0,0,0,0.757,0,0,0.506
"9606.ENSP00000353770","9606.ENSP00000357643","RRM2","MKI67",9606,0.894,0,0,0,0.798,0,0,0.499
"9606.ENSP00000353770","9606.ENSP00000411532","RRM2","TOP2A",9606,0.901,0,0,0,0.722,0,0,0.659
"9606.ENSP00000353770","9606.ENSP00000499238","RRM2","NUSAP1",9606,0.906,0,0,0,0.777,0,0,0.599
"9606.ENSP00000353770","9606.ENSP00000378699","RRM2","CDK1",9606,0.95,0,0,0,0.76,0.518,0,0.607
"9606.ENSP00000353770","9606.ENSP00000363055","RRM2","ZWINT",9606,0.964,0,0,0,0.94,0,0,0.435
"9606.ENSP00000354394","9606.ENSP00000380855","STAT1","PDCD1LG2",9606,0.543,0,0,0,0.129,0,0,0.497
"9606.ENSP00000354394","9606.ENSP00000418960","STAT1","BRCA1",9606,0.677,0,0,0,0.056,0.457,0,0.422
"9606.ENSP00000354394","9606.ENSP00000359497","STAT1","GBP2",9606,0.874,0,0,0,0.443,0.064,0.5,0.577
"9606.ENSP00000355506","9606.ENSP00000364976","EXO1","CKS2",9606,0.435,0,0,0,0.234,0,0,0.293
"9606.ENSP00000355506","9606.ENSP00000363055","EXO1","ZWINT",9606,0.465,0,0,0,0.352,0,0,0.209
"9606.ENSP00000355506","9606.ENSP00000377536","EXO1","PTTG1",9606,0.475,0,0,0,0.295,0,0,0.287
"9606.ENSP00000355506","9606.ENSP00000479617","EXO1","UHRF1",9606,0.501,0,0,0,0.362,0,0,0.251
"9606.ENSP00000355506","9606.ENSP00000355966","EXO1","NEK2",9606,0.557,0,0,0,0.406,0,0,0.286
"9606.ENSP00000355506","9606.ENSP00000429089","EXO1","CCNE2",9606,0.562,0,0,0,0.387,0,0,0.316
"9606.ENSP00000355506","9606.ENSP00000361540","EXO1","CDC20",9606,0.569,0.042,0,0,0.396,0,0,0.315
"9606.ENSP00000355506","9606.ENSP00000362146","EXO1","CDCA8",9606,0.569,0.055,0,0,0.396,0,0,0.307
"9606.ENSP00000355506","9606.ENSP00000363524","EXO1","KIF4A",9606,0.579,0,0,0,0.459,0,0,0.255
"9606.ENSP00000355506","9606.ENSP00000361298","EXO1","KIF2C",9606,0.605,0,0,0,0.441,0,0,0.323
"9606.ENSP00000355506","9606.ENSP00000356319","EXO1","KIF14",9606,0.652,0,0,0,0.559,0,0,0.244
"9606.ENSP00000355506","9606.ENSP00000357643","EXO1","MKI67",9606,0.663,0,0,0,0.564,0,0,0.26
"9606.ENSP00000355506","9606.ENSP00000499238","EXO1","NUSAP1",9606,0.698,0,0,0,0.485,0,0,0.439
"9606.ENSP00000355506","9606.ENSP00000411532","EXO1","TOP2A",9606,0.737,0.058,0,0,0.449,0,0,0.535
"9606.ENSP00000355506","9606.ENSP00000356379","EXO1","ASPM",9606,0.771,0,0,0,0.678,0,0,0.32
"9606.ENSP00000355506","9606.ENSP00000481380","EXO1","CCNA2",9606,0.855,0,0,0,0.593,0.459,0,0.395
"9606.ENSP00000355506","9606.ENSP00000378699","EXO1","CDK1",9606,0.91,0,0,0,0.687,0.48,0,0.493
"9606.ENSP00000355506","9606.ENSP00000360623","EXO1","ORC1",9606,0.915,0.091,0,0,0.896,0,0,0.181
"9606.ENSP00000355506","9606.ENSP00000355958","EXO1","DTL",9606,0.927,0,0,0,0.909,0,0,0.231
"9606.ENSP00000355506","9606.ENSP00000418268","EXO1","MCM10",9606,0.945,0,0,0,0.887,0,0,0.537
"9606.ENSP00000355506","9606.ENSP00000405726","EXO1","CDC45",9606,0.954,0,0,0,0.888,0,0,0.61
"9606.ENSP00000355506","9606.ENSP00000418960","EXO1","BRCA1",9606,0.976,0,0,0,0.502,0.457,0.5,0.848
"9606.ENSP00000355506","9606.ENSP00000493712","EXO1","RAD51",9606,0.997,0.057,0,0,0.535,0.845,0.5,0.926
"9606.ENSP00000355958","9606.ENSP00000377536","DTL","PTTG1",9606,0.426,0,0,0,0.291,0,0,0.224
"9606.ENSP00000355958","9606.ENSP00000396308","DTL","DHFR",9606,0.434,0,0,0,0.273,0,0,0.254
"9606.ENSP00000355958","9606.ENSP00000362146","DTL","CDCA8",9606,0.492,0,0,0,0.393,0,0,0.198
"9606.ENSP00000355958","9606.ENSP00000429089","DTL","CCNE2",9606,0.498,0,0,0,0.42,0,0,0.171
"9606.ENSP00000355958","9606.ENSP00000418960","DTL","BRCA1",9606,0.509,0,0,0,0.408,0,0,0.206
"9606.ENSP00000355958","9606.ENSP00000361540","DTL","CDC20",9606,0.578,0,0,0,0.391,0,0,0.336
"9606.ENSP00000355958","9606.ENSP00000361298","DTL","KIF2C",9606,0.586,0,0,0,0.475,0,0,0.245
"9606.ENSP00000355958","9606.ENSP00000355966","DTL","NEK2",9606,0.59,0,0,0,0.493,0,0,0.226
"9606.ENSP00000355958","9606.ENSP00000442318","DTL","CAND1",9606,0.619,0,0,0,0.075,0,0.5,0.244
"9606.ENSP00000355958","9606.ENSP00000363524","DTL","KIF4A",9606,0.637,0,0,0,0.574,0,0,0.184
"9606.ENSP00000355958","9606.ENSP00000357643","DTL","MKI67",9606,0.646,0,0,0,0.617,0,0,0.116
"9606.ENSP00000355958","9606.ENSP00000493712","DTL","RAD51",9606,0.673,0,0,0,0.608,0,0,0.201
"9606.ENSP00000355958","9606.ENSP00000356319","DTL","KIF14",9606,0.68,0,0,0,0.657,0,0,0.106
"9606.ENSP00000355958","9606.ENSP00000479617","DTL","UHRF1",9606,0.711,0,0,0,0.631,0,0,0.251
"9606.ENSP00000355958","9606.ENSP00000411532","DTL","TOP2A",9606,0.731,0,0,0,0.665,0,0,0.23
"9606.ENSP00000355958","9606.ENSP00000499238","DTL","NUSAP1",9606,0.737,0,0,0,0.672,0,0,0.232
"9606.ENSP00000355958","9606.ENSP00000363055","DTL","ZWINT",9606,0.838,0,0,0,0.814,0,0,0.169
"9606.ENSP00000355958","9606.ENSP00000360623","DTL","ORC1",9606,0.854,0,0,0,0.845,0,0,0.102
"9606.ENSP00000355958","9606.ENSP00000481380","DTL","CCNA2",9606,0.885,0,0,0,0.657,0.457,0,0.433
"9606.ENSP00000355958","9606.ENSP00000356379","DTL","ASPM",9606,0.896,0,0,0,0.873,0,0,0.221
"9606.ENSP00000355958","9606.ENSP00000378699","DTL","CDK1",9606,0.902,0,0,0,0.734,0.457,0,0.381
"9606.ENSP00000355958","9606.ENSP00000418268","DTL","MCM10",9606,0.94,0,0,0,0.901,0,0,0.42
"9606.ENSP00000355958","9606.ENSP00000405726","DTL","CDC45",9606,0.947,0,0,0,0.929,0,0,0.293
"9606.ENSP00000355966","9606.ENSP00000429089","NEK2","CCNE2",9606,0.435,0,0,0,0.191,0,0,0.331
"9606.ENSP00000355966","9606.ENSP00000493712","NEK2","RAD51",9606,0.445,0,0,0,0.33,0,0,0.206
"9606.ENSP00000355966","9606.ENSP00000479617","NEK2","UHRF1",9606,0.469,0,0,0,0.336,0,0,0.234
"9606.ENSP00000355966","9606.ENSP00000367229","NEK2","CEP68",9606,0.493,0,0,0,0.075,0.28,0,0.301
"9606.ENSP00000355966","9606.ENSP00000418960","NEK2","BRCA1",9606,0.493,0,0,0,0.284,0.074,0,0.298
"9606.ENSP00000355966","9606.ENSP00000418268","NEK2","MCM10",9606,0.537,0,0,0,0.411,0,0,0.247
"9606.ENSP00000355966","9606.ENSP00000364976","NEK2","CKS2",9606,0.557,0,0,0,0.229,0,0,0.45
"9606.ENSP00000355966","9606.ENSP00000438483","NEK2","KPNA2",9606,0.561,0,0,0,0.492,0,0,0.172
"9606.ENSP00000355966","9606.ENSP00000405726","NEK2","CDC45",9606,0.576,0,0,0,0.376,0,0,0.349
"9606.ENSP00000355966","9606.ENSP00000357308","NEK2","CENPW",9606,0.62,0,0,0,0.521,0,0,0.24
"9606.ENSP00000355966","9606.ENSP00000363055","NEK2","ZWINT",9606,0.635,0,0,0,0.353,0,0,0.459
"9606.ENSP00000355966","9606.ENSP00000360944","NEK2","STIL",9606,0.644,0,0,0,0.413,0,0,0.42
"9606.ENSP00000355966","9606.ENSP00000363524","NEK2","KIF4A",9606,0.773,0,0,0,0.611,0,0,0.442
"9606.ENSP00000355966","9606.ENSP00000357643","NEK2","MKI67",9606,0.816,0,0,0,0.741,0,0,0.322
"9606.ENSP00000355966","9606.ENSP00000378699","NEK2","CDK1",9606,0.85,0,0,0.13,0.803,0,0,0.2
"9606.ENSP00000355966","9606.ENSP00000377536","NEK2","PTTG1",9606,0.858,0,0,0,0.621,0,0,0.641
"9606.ENSP00000355966","9606.ENSP00000356319","NEK2","KIF14",9606,0.873,0,0,0,0.784,0,0,0.44
"9606.ENSP00000355966","9606.ENSP00000362146","NEK2","CDCA8",9606,0.898,0,0,0,0.821,0.077,0,0.433
"9606.ENSP00000355966","9606.ENSP00000499238","NEK2","NUSAP1",9606,0.899,0,0,0,0.83,0,0,0.435
"9606.ENSP00000355966","9606.ENSP00000356379","NEK2","ASPM",9606,0.91,0,0,0,0.832,0,0,0.49
"9606.ENSP00000355966","9606.ENSP00000411532","NEK2","TOP2A",9606,0.925,0,0,0,0.851,0,0,0.52
"9606.ENSP00000355966","9606.ENSP00000481380","NEK2","CCNA2",9606,0.929,0,0,0,0.831,0,0,0.598
"9606.ENSP00000355966","9606.ENSP00000361298","NEK2","KIF2C",9606,0.934,0,0,0,0.863,0,0,0.543
"9606.ENSP00000355966","9606.ENSP00000361540","NEK2","CDC20",9606,0.999,0,0,0,0.861,0.999,0.5,0.65
"9606.ENSP00000356319","9606.ENSP00000479617","KIF14","UHRF1",9606,0.44,0,0,0,0.323,0,0,0.208
"9606.ENSP00000356319","9606.ENSP00000357308","KIF14","CENPW",9606,0.455,0,0,0,0.236,0,0,0.316
"9606.ENSP00000356319","9606.ENSP00000495795","KIF14","SPG7",9606,0.457,0,0,0,0,0.457,0,0
"9606.ENSP00000356319","9606.ENSP00000377536","KIF14","PTTG1",9606,0.461,0,0,0,0.325,0,0,0.235
"9606.ENSP00000356319","9606.ENSP00000405726","KIF14","CDC45",9606,0.466,0,0,0,0.308,0,0,0.261
"9606.ENSP00000356319","9606.ENSP00000385385","KIF14","PDIA6",9606,0.476,0,0,0,0.075,0.457,0,0
"9606.ENSP00000356319","9606.ENSP00000363055","KIF14","ZWINT",9606,0.496,0,0,0,0.337,0,0,0.271
"9606.ENSP00000356319","9606.ENSP00000377617","KIF14","MTHFD2",9606,0.51,0,0,0,0.096,0.457,0,0.082
"9606.ENSP00000356319","9606.ENSP00000497402","KIF14","RCC1",9606,0.579,0,0,0,0.096,0.457,0,0.212
"9606.ENSP00000356319","9606.ENSP00000429089","KIF14","CCNE2",9606,0.618,0,0,0,0.2,0.457,0,0.192
"9606.ENSP00000356319","9606.ENSP00000438483","KIF14","KPNA2",9606,0.682,0,0,0,0.224,0.457,0,0.306
"9606.ENSP00000356319","9606.ENSP00000361540","KIF14","CDC20",9606,0.704,0,0,0,0.482,0,0,0.452
"9606.ENSP00000356319","9606.ENSP00000418268","KIF14","MCM10",9606,0.729,0,0,0,0.615,0,0,0.325
"9606.ENSP00000356319","9606.ENSP00000360944","KIF14","STIL",9606,0.742,0,0,0,0.415,0.079,0,0.56
"9606.ENSP00000356319","9606.ENSP00000481380","KIF14","CCNA2",9606,0.843,0,0,0,0.786,0,0,0.297
"9606.ENSP00000356319","9606.ENSP00000362146","KIF14","CDCA8",9606,0.848,0,0,0,0.599,0.457,0,0.359
"9606.ENSP00000356319","9606.ENSP00000378699","KIF14","CDK1",9606,0.886,0,0,0,0.685,0.457,0,0.39
"9606.ENSP00000356319","9606.ENSP00000357643","KIF14","MKI67",9606,0.896,0,0,0,0.748,0.457,0,0.304
"9606.ENSP00000356319","9606.ENSP00000499238","KIF14","NUSAP1",9606,0.897,0,0,0,0.731,0.457,0,0.357
"9606.ENSP00000356319","9606.ENSP00000411532","KIF14","TOP2A",9606,0.904,0,0,0,0.735,0.457,0,0.389
"9606.ENSP00000356319","9606.ENSP00000363524","KIF14","KIF4A",9606,0.906,0,0,0,0.723,0.459,0,0.429
"9606.ENSP00000356319","9606.ENSP00000356379","KIF14","ASPM",9606,0.974,0,0,0,0.879,0.457,0,0.644
"9606.ENSP00000356319","9606.ENSP00000361298","KIF14","KIF2C",9606,0.991,0,0,0,0.807,0.457,0.9,0.247
"9606.ENSP00000356379","9606.ENSP00000497402","ASPM","RCC1",9606,0.473,0,0,0,0.13,0,0,0.42
"9606.ENSP00000356379","9606.ENSP00000493712","ASPM","RAD51",9606,0.481,0,0,0,0.354,0,0,0.23
"9606.ENSP00000356379","9606.ENSP00000479617","ASPM","UHRF1",9606,0.495,0,0,0,0.385,0,0,0.214
"9606.ENSP00000356379","9606.ENSP00000438483","ASPM","KPNA2",9606,0.509,0,0,0,0.369,0,0,0.254
"9606.ENSP00000356379","9606.ENSP00000357308","ASPM","CENPW",9606,0.524,0,0,0,0.393,0,0,0.248
"9606.ENSP00000356379","9606.ENSP00000364976","ASPM","CKS2",9606,0.598,0,0,0,0.37,0,0,0.389
"9606.ENSP00000356379","9606.ENSP00000465075","ASPM","SPC24",9606,0.636,0,0,0,0.266,0.459,0,0.158
"9606.ENSP00000356379","9606.ENSP00000405726","ASPM","CDC45",9606,0.679,0,0,0,0.555,0,0,0.309
"9606.ENSP00000356379","9606.ENSP00000418268","ASPM","MCM10",9606,0.698,0,0,0,0.46,0,0,0.465
"9606.ENSP00000356379","9606.ENSP00000363055","ASPM","ZWINT",9606,0.713,0,0,0,0.518,0,0,0.429
"9606.ENSP00000356379","9606.ENSP00000418960","ASPM","BRCA1",9606,0.728,0,0,0,0.333,0.286,0,0.475
"9606.ENSP00000356379","9606.ENSP00000377536","ASPM","PTTG1",9606,0.822,0,0,0,0.702,0,0,0.429
"9606.ENSP00000356379","9606.ENSP00000362146","ASPM","CDCA8",9606,0.925,0,0,0,0.865,0,0,0.47
"9606.ENSP00000356379","9606.ENSP00000481380","ASPM","CCNA2",9606,0.934,0,0,0,0.888,0,0,0.44
"9606.ENSP00000356379","9606.ENSP00000363524","ASPM","KIF4A",9606,0.935,0,0,0,0.864,0,0,0.545
"9606.ENSP00000356379","9606.ENSP00000361298","ASPM","KIF2C",9606,0.939,0,0,0,0.856,0,0,0.595
"9606.ENSP00000356379","9606.ENSP00000378699","ASPM","CDK1",9606,0.944,0,0,0,0.883,0,0,0.549
"9606.ENSP00000356379","9606.ENSP00000361540","ASPM","CDC20",9606,0.946,0,0,0,0.83,0.199,0,0.638
"9606.ENSP00000356379","9606.ENSP00000357643","ASPM","MKI67",9606,0.949,0,0,0,0.901,0.169,0,0.441
"9606.ENSP00000356379","9606.ENSP00000499238","ASPM","NUSAP1",9606,0.954,0,0,0,0.882,0,0,0.629
"9606.ENSP00000356379","9606.ENSP00000360944","ASPM","STIL",9606,0.964,0,0,0,0.394,0.133,0,0.937
"9606.ENSP00000356379","9606.ENSP00000411532","ASPM","TOP2A",9606,0.987,0,0,0,0.965,0,0,0.655
"9606.ENSP00000356853","9606.ENSP00000498610","UCK2","SLC29A1",9606,0.409,0,0,0,0.08,0,0,0.384
"9606.ENSP00000357308","9606.ENSP00000357643","CENPW","MKI67",9606,0.409,0,0,0,0.335,0,0,0.148
"9606.ENSP00000357308","9606.ENSP00000396308","CENPW","DHFR",9606,0.439,0.094,0,0,0.194,0,0.175,0.18
"9606.ENSP00000357308","9606.ENSP00000364976","CENPW","CKS2",9606,0.443,0,0,0,0.361,0,0,0.165
"9606.ENSP00000357308","9606.ENSP00000405726","CENPW","CDC45",9606,0.519,0,0,0,0.378,0,0,0.259
"9606.ENSP00000357308","9606.ENSP00000411532","CENPW","TOP2A",9606,0.588,0.058,0,0,0.443,0,0,0.279
"9606.ENSP00000357308","9606.ENSP00000499238","CENPW","NUSAP1",9606,0.621,0,0,0,0.529,0,0,0.229
"9606.ENSP00000357308","9606.ENSP00000481380","CENPW","CCNA2",9606,0.652,0,0,0,0.585,0,0,0.196
"9606.ENSP00000357308","9606.ENSP00000363055","CENPW","ZWINT",9606,0.719,0,0,0,0.504,0.191,0,0.357
"9606.ENSP00000357308","9606.ENSP00000378699","CENPW","CDK1",9606,0.721,0,0,0,0.658,0,0,0.219
"9606.ENSP00000357308","9606.ENSP00000361540","CENPW","CDC20",9606,0.736,0,0,0,0.631,0,0,0.315
"9606.ENSP00000357308","9606.ENSP00000362146","CENPW","CDCA8",9606,0.74,0,0,0,0.685,0,0,0.21
"9606.ENSP00000357308","9606.ENSP00000465075","CENPW","SPC24",9606,0.764,0,0,0,0.469,0,0,0.574
"9606.ENSP00000357308","9606.ENSP00000377536","CENPW","PTTG1",9606,0.765,0,0,0,0.687,0,0,0.28
"9606.ENSP00000357308","9606.ENSP00000361298","CENPW","KIF2C",9606,0.78,0,0,0,0.744,0,0,0.176
"9606.ENSP00000357643","9606.ENSP00000429089","MKI67","CCNE2",9606,0.433,0,0,0,0.199,0,0,0.322
"9606.ENSP00000357643","9606.ENSP00000493712","MKI67","RAD51",9606,0.441,0,0,0,0.348,0,0,0.179
"9606.ENSP00000357643","9606.ENSP00000373489","MKI67","KRT18",9606,0.442,0,0,0,0.082,0,0,0.418
"9606.ENSP00000357643","9606.ENSP00000364976","MKI67","CKS2",9606,0.504,0,0,0,0.275,0,0,0.344
"9606.ENSP00000357643","9606.ENSP00000438483","MKI67","KPNA2",9606,0.527,0,0,0,0.431,0,0,0.203
"9606.ENSP00000357643","9606.ENSP00000377536","MKI67","PTTG1",9606,0.585,0,0,0,0.351,0,0,0.387
"9606.ENSP00000357643","9606.ENSP00000405726","MKI67","CDC45",9606,0.585,0,0,0,0.487,0,0,0.226
"9606.ENSP00000357643","9606.ENSP00000410452","MKI67","STMN1",9606,0.595,0,0,0,0.159,0,0,0.539
"9606.ENSP00000357643","9606.ENSP00000418960","MKI67","BRCA1",9606,0.668,0,0,0,0.415,0.138,0,0.396
"9606.ENSP00000357643","9606.ENSP00000418268","MKI67","MCM10",9606,0.692,0,0,0,0.614,0,0,0.235
"9606.ENSP00000357643","9606.ENSP00000363055","MKI67","ZWINT",9606,0.784,0,0,0,0.68,0,0,0.354
"9606.ENSP00000357643","9606.ENSP00000479617","MKI67","UHRF1",9606,0.784,0,0,0,0.556,0.456,0,0.179
"9606.ENSP00000357643","9606.ENSP00000361298","MKI67","KIF2C",9606,0.885,0,0,0,0.83,0,0,0.356
"9606.ENSP00000357643","9606.ENSP00000362146","MKI67","CDCA8",9606,0.886,0,0,0,0.835,0,0,0.343
"9606.ENSP00000357643","9606.ENSP00000363524","MKI67","KIF4A",9606,0.895,0,0,0,0.857,0,0,0.299
"9606.ENSP00000357643","9606.ENSP00000499238","MKI67","NUSAP1",9606,0.916,0,0,0,0.854,0,0,0.45
"9606.ENSP00000357643","9606.ENSP00000361540","MKI67","CDC20",9606,0.928,0,0,0,0.744,0.457,0,0.527
"9606.ENSP00000357643","9606.ENSP00000481380","MKI67","CCNA2",9606,0.942,0,0,0,0.885,0,0,0.522
"9606.ENSP00000357643","9606.ENSP00000378699","MKI67","CDK1",9606,0.954,0,0,0,0.779,0.55,0,0.582
"9606.ENSP00000357643","9606.ENSP00000411532","MKI67","TOP2A",9606,0.989,0,0,0,0.959,0,0,0.75
"9606.ENSP00000359070","9606.ENSP00000410452","STMN3","STMN1",9606,0.892,0,0,0.066,0.075,0.876,0,0.113
"9606.ENSP00000360623","9606.ENSP00000362334","ORC1","PSMB2",9606,0.425,0,0,0,0.081,0,0.4,0
"9606.ENSP00000360623","9606.ENSP00000418960","ORC1","BRCA1",9606,0.43,0,0,0,0.343,0,0,0.169
"9606.ENSP00000360623","9606.ENSP00000363524","ORC1","KIF4A",9606,0.442,0,0,0,0.37,0,0,0.152
"9606.ENSP00000360623","9606.ENSP00000361540","ORC1","CDC20",9606,0.502,0,0,0,0.358,0.063,0,0.24
"9606.ENSP00000360623","9606.ENSP00000493712","ORC1","RAD51",9606,0.502,0.043,0,0,0.356,0,0,0.258
"9606.ENSP00000360623","9606.ENSP00000362146","ORC1","CDCA8",9606,0.524,0,0,0,0.506,0,0,0.076
"9606.ENSP00000360623","9606.ENSP00000361298","ORC1","KIF2C",9606,0.561,0,0,0,0.517,0,0,0.129
"9606.ENSP00000360623","9606.ENSP00000429089","ORC1","CCNE2",9606,0.566,0,0,0,0.382,0,0,0.328
"9606.ENSP00000360623","9606.ENSP00000378699","ORC1","CDK1",9606,0.933,0,0,0,0.274,0.772,0.5,0.288
"9606.ENSP00000360623","9606.ENSP00000418268","ORC1","MCM10",9606,0.935,0,0,0,0.572,0.478,0.5,0.493
"9606.ENSP00000360623","9606.ENSP00000405726","ORC1","CDC45",9606,0.995,0,0,0,0.784,0.898,0.5,0.619
"9606.ENSP00000360623","9606.ENSP00000481380","ORC1","CCNA2",9606,0.997,0,0,0,0.555,0.978,0.4,0.613
"9606.ENSP00000360944","9606.ENSP00000418960","STIL","BRCA1",9606,0.4,0,0,0,0.245,0,0,0.238
"9606.ENSP00000360944","9606.ENSP00000362146","STIL","CDCA8",9606,0.425,0,0,0,0.318,0,0,0.192
"9606.ENSP00000360944","9606.ENSP00000499238","STIL","NUSAP1",9606,0.453,0,0,0,0.36,0,0,0.181
"9606.ENSP00000360944","9606.ENSP00000411532","STIL","TOP2A",9606,0.47,0,0,0,0.36,0,0,0.207
"9606.ENSP00000360944","9606.ENSP00000363524","STIL","KIF4A",9606,0.483,0,0,0,0.397,0,0,0.179
"9606.ENSP00000360944","9606.ENSP00000361540","STIL","CDC20",9606,0.498,0,0,0,0.34,0,0,0.271
"9606.ENSP00000360944","9606.ENSP00000361298","STIL","KIF2C",9606,0.524,0,0,0,0.424,0,0,0.209
"9606.ENSP00000360944","9606.ENSP00000481380","STIL","CCNA2",9606,0.53,0,0,0,0.399,0.064,0,0.232
"9606.ENSP00000360944","9606.ENSP00000418268","STIL","MCM10",9606,0.534,0,0,0,0.44,0,0,0.202
"9606.ENSP00000360944","9606.ENSP00000378699","STIL","CDK1",9606,0.688,0,0,0,0.388,0.301,0,0.33
"9606.ENSP00000361298","9606.ENSP00000497402","KIF2C","RCC1",9606,0.423,0,0,0,0.201,0.077,0,0.281
"9606.ENSP00000361298","9606.ENSP00000493712","KIF2C","RAD51",9606,0.461,0,0,0,0.395,0,0,0.146
"9606.ENSP00000361298","9606.ENSP00000418268","KIF2C","MCM10",9606,0.539,0,0,0,0.351,0,0,0.32
"9606.ENSP00000361298","9606.ENSP00000465075","KIF2C","SPC24",9606,0.594,0,0,0,0.363,0,0,0.39
"9606.ENSP00000361298","9606.ENSP00000365433","KIF2C","TCF19",9606,0.626,0,0,0,0.626,0,0,0
"9606.ENSP00000361298","9606.ENSP00000410452","KIF2C","STMN1",9606,0.674,0,0,0,0.154,0,0,0.631
"9606.ENSP00000361298","9606.ENSP00000363055","KIF2C","ZWINT",9606,0.7,0,0,0,0.476,0,0,0.452
"9606.ENSP00000361298","9606.ENSP00000438483","KIF2C","KPNA2",9606,0.701,0,0,0,0.613,0,0,0.26
"9606.ENSP00000361298","9606.ENSP00000364976","KIF2C","CKS2",9606,0.707,0,0,0,0.383,0,0,0.546
"9606.ENSP00000361298","9606.ENSP00000479617","KIF2C","UHRF1",9606,0.83,0,0,0,0.666,0,0,0.514
"9606.ENSP00000361298","9606.ENSP00000418960","KIF2C","BRCA1",9606,0.852,0,0,0,0.309,0.745,0,0.23
"9606.ENSP00000361298","9606.ENSP00000405726","KIF2C","CDC45",9606,0.881,0,0,0,0.798,0,0,0.436
"9606.ENSP00000361298","9606.ENSP00000377536","KIF2C","PTTG1",9606,0.883,0,0,0,0.775,0,0,0.505
"9606.ENSP00000361298","9606.ENSP00000411532","KIF2C","TOP2A",9606,0.927,0,0,0,0.844,0,0,0.555
"9606.ENSP00000361298","9606.ENSP00000499238","KIF2C","NUSAP1",9606,0.927,0,0,0,0.836,0,0,0.578
"9606.ENSP00000361298","9606.ENSP00000481380","KIF2C","CCNA2",9606,0.935,0,0,0,0.876,0,0,0.5
"9606.ENSP00000361298","9606.ENSP00000363524","KIF2C","KIF4A",9606,0.941,0,0,0,0.873,0,0.4,0.295
"9606.ENSP00000361298","9606.ENSP00000362146","KIF2C","CDCA8",9606,0.968,0,0,0,0.882,0.127,0,0.719
"9606.ENSP00000361298","9606.ENSP00000378699","KIF2C","CDK1",9606,0.987,0,0,0,0.863,0.687,0.4,0.57
"9606.ENSP00000361298","9606.ENSP00000361540","KIF2C","CDC20",9606,0.991,0,0,0,0.87,0,0.8,0.694
"9606.ENSP00000361540","9606.ENSP00000362334","CDC20","PSMB2",9606,0.452,0,0,0,0.096,0.043,0.4,0.069
"9606.ENSP00000361540","9606.ENSP00000410452","CDC20","STMN1",9606,0.485,0,0,0,0.285,0.073,0,0.286
"9606.ENSP00000361540","9606.ENSP00000429089","CDC20","CCNE2",9606,0.537,0,0,0,0.14,0.064,0,0.472
"9606.ENSP00000361540","9606.ENSP00000365433","CDC20","TCF19",9606,0.594,0,0,0,0.57,0,0,0.096
"9606.ENSP00000361540","9606.ENSP00000418268","CDC20","MCM10",9606,0.638,0,0,0,0.338,0.049,0,0.472
"9606.ENSP00000361540","9606.ENSP00000438483","CDC20","KPNA2",9606,0.724,0,0,0,0.546,0.062,0,0.405
"9606.ENSP00000361540","9606.ENSP00000479617","CDC20","UHRF1",9606,0.763,0,0,0,0.496,0.069,0,0.537
"9606.ENSP00000361540","9606.ENSP00000418960","CDC20","BRCA1",9606,0.853,0,0,0,0.176,0,0.72,0.415
"9606.ENSP00000361540","9606.ENSP00000493712","CDC20","RAD51",9606,0.869,0,0,0,0.361,0.07,0.72,0.306
"9606.ENSP00000361540","9606.ENSP00000363524","CDC20","KIF4A",9606,0.87,0,0,0,0.753,0,0,0.496
"9606.ENSP00000361540","9606.ENSP00000465075","CDC20","SPC24",9606,0.896,0,0,0,0.689,0,0.5,0.385
"9606.ENSP00000361540","9606.ENSP00000405726","CDC20","CDC45",9606,0.904,0,0,0,0.661,0,0,0.731
"9606.ENSP00000361540","9606.ENSP00000363055","CDC20","ZWINT",9606,0.929,0,0,0,0.531,0.457,0.5,0.515
"9606.ENSP00000361540","9606.ENSP00000499238","CDC20","NUSAP1",9606,0.944,0,0,0,0.866,0,0,0.603
"9606.ENSP00000361540","9606.ENSP00000364976","CDC20","CKS2",9606,0.96,0,0,0,0.403,0.68,0,0.808
"9606.ENSP00000361540","9606.ENSP00000411532","CDC20","TOP2A",9606,0.962,0,0,0,0.887,0,0,0.68
"9606.ENSP00000361540","9606.ENSP00000362146","CDC20","CDCA8",9606,0.974,0,0,0,0.86,0,0.5,0.669
"9606.ENSP00000361540","9606.ENSP00000377536","CDC20","PTTG1",9606,0.999,0,0,0,0.888,0.999,0.65,0.928
"9606.ENSP00000361540","9606.ENSP00000378699","CDC20","CDK1",9606,0.999,0,0,0,0.911,0.987,0.5,0.872
"9606.ENSP00000361540","9606.ENSP00000481380","CDC20","CCNA2",9606,0.999,0,0,0,0.885,0.999,0.5,0.76
"9606.ENSP00000361664","9606.ENSP00000362334","HIVEP3","PSMB2",9606,0.4,0,0,0,0,0,0.4,0
"9606.ENSP00000362146","9606.ENSP00000429089","CDCA8","CCNE2",9606,0.436,0,0,0,0.262,0.056,0,0.256
"9606.ENSP00000362146","9606.ENSP00000497402","CDCA8","RCC1",9606,0.586,0,0,0,0.182,0,0,0.515
"9606.ENSP00000362146","9606.ENSP00000438483","CDCA8","KPNA2",9606,0.587,0,0,0,0.447,0.073,0,0.26
"9606.ENSP00000362146","9606.ENSP00000418268","CDCA8","MCM10",9606,0.658,0,0,0,0.413,0,0,0.442
"9606.ENSP00000362146","9606.ENSP00000364976","CDCA8","CKS2",9606,0.661,0,0,0,0.489,0,0,0.365
"9606.ENSP00000362146","9606.ENSP00000363055","CDCA8","ZWINT",9606,0.704,0,0,0,0.539,0,0,0.385
"9606.ENSP00000362146","9606.ENSP00000365433","CDCA8","TCF19",9606,0.732,0,0,0,0.708,0.045,0,0.118
"9606.ENSP00000362146","9606.ENSP00000465075","CDCA8","SPC24",9606,0.737,0,0,0,0.589,0,0,0.388
"9606.ENSP00000362146","9606.ENSP00000493712","CDCA8","RAD51",9606,0.756,0,0,0,0.56,0,0,0.47
"9606.ENSP00000362146","9606.ENSP00000479617","CDCA8","UHRF1",9606,0.809,0,0,0,0.765,0,0,0.221
"9606.ENSP00000362146","9606.ENSP00000405726","CDCA8","CDC45",9606,0.854,0,0,0,0.686,0,0,0.557
"9606.ENSP00000362146","9606.ENSP00000377536","CDCA8","PTTG1",9606,0.894,0,0,0,0.692,0,0,0.672
"9606.ENSP00000362146","9606.ENSP00000499238","CDCA8","NUSAP1",9606,0.92,0,0,0,0.812,0,0,0.595
"9606.ENSP00000362146","9606.ENSP00000411532","CDCA8","TOP2A",9606,0.921,0,0,0,0.822,0,0,0.577
"9606.ENSP00000362146","9606.ENSP00000363524","CDCA8","KIF4A",9606,0.928,0,0,0,0.846,0,0,0.557
"9606.ENSP00000362146","9606.ENSP00000481380","CDCA8","CCNA2",9606,0.966,0,0,0,0.939,0,0,0.477
"9606.ENSP00000362146","9606.ENSP00000378699","CDCA8","CDK1",9606,0.987,0,0,0,0.882,0.065,0.4,0.827
"9606.ENSP00000362334","9606.ENSP00000429089","PSMB2","CCNE2",9606,0.416,0,0,0,0.068,0,0.4,0
"9606.ENSP00000362334","9606.ENSP00000481380","PSMB2","CCNA2",9606,0.438,0,0,0,0.094,0,0.4,0.05
"9606.ENSP00000362334","9606.ENSP00000378699","PSMB2","CDK1",9606,0.484,0,0,0,0.098,0.074,0.4,0.092
"9606.ENSP00000362334","9606.ENSP00000377536","PSMB2","PTTG1",9606,0.564,0,0,0,0.149,0,0.4,0.216
"9606.ENSP00000363055","9606.ENSP00000410452","ZWINT","STMN1",9606,0.4,0,0,0,0.316,0,0,0.159
"9606.ENSP00000363055","9606.ENSP00000429089","ZWINT","CCNE2",9606,0.421,0,0,0,0.301,0,0,0.206
"9606.ENSP00000363055","9606.ENSP00000438483","ZWINT","KPNA2",9606,0.474,0,0,0,0.319,0,0,0.26
"9606.ENSP00000363055","9606.ENSP00000364976","ZWINT","CKS2",9606,0.524,0,0,0,0.327,0,0,0.322
"9606.ENSP00000363055","9606.ENSP00000493712","ZWINT","RAD51",9606,0.58,0,0,0,0.53,0,0,0.145
"9606.ENSP00000363055","9606.ENSP00000418268","ZWINT","MCM10",9606,0.611,0,0,0,0.539,0,0,0.192
"9606.ENSP00000363055","9606.ENSP00000479617","ZWINT","UHRF1",9606,0.691,0,0,0,0.635,0,0,0.19
"9606.ENSP00000363055","9606.ENSP00000377536","ZWINT","PTTG1",9606,0.705,0,0,0,0.537,0,0,0.389
"9606.ENSP00000363055","9606.ENSP00000363524","ZWINT","KIF4A",9606,0.773,0,0,0,0.638,0,0,0.4
"9606.ENSP00000363055","9606.ENSP00000405726","ZWINT","CDC45",9606,0.809,0,0,0,0.744,0,0,0.285
"9606.ENSP00000363055","9606.ENSP00000411532","ZWINT","TOP2A",9606,0.809,0,0,0,0.655,0,0,0.47
"9606.ENSP00000363055","9606.ENSP00000481380","ZWINT","CCNA2",9606,0.822,0,0,0,0.735,0,0,0.356
"9606.ENSP00000363055","9606.ENSP00000499238","ZWINT","NUSAP1",9606,0.861,0,0,0,0.73,0,0,0.509
"9606.ENSP00000363055","9606.ENSP00000378699","ZWINT","CDK1",9606,0.945,0,0,0,0.85,0,0.4,0.442
"9606.ENSP00000363055","9606.ENSP00000465075","ZWINT","SPC24",9606,0.999,0,0,0,0.267,0.999,0.9,0.656
"9606.ENSP00000363524","9606.ENSP00000364976","KIF4A","CKS2",9606,0.41,0,0,0,0.291,0,0,0.203
"9606.ENSP00000363524","9606.ENSP00000429089","KIF4A","CCNE2",9606,0.431,0,0,0,0.221,0,0,0.3
"9606.ENSP00000363524","9606.ENSP00000465075","KIF4A","SPC24",9606,0.475,0,0,0,0.315,0,0,0.266
"9606.ENSP00000363524","9606.ENSP00000479617","KIF4A","UHRF1",9606,0.487,0,0,0,0.365,0.043,0,0.224
"9606.ENSP00000363524","9606.ENSP00000438483","KIF4A","KPNA2",9606,0.517,0,0,0,0.433,0,0,0.184
"9606.ENSP00000363524","9606.ENSP00000377536","KIF4A","PTTG1",9606,0.613,0,0,0,0.459,0,0,0.314
"9606.ENSP00000363524","9606.ENSP00000493712","KIF4A","RAD51",9606,0.62,0,0,0,0.359,0,0,0.432
"9606.ENSP00000363524","9606.ENSP00000418268","KIF4A","MCM10",9606,0.669,0,0,0,0.512,0,0,0.351
"9606.ENSP00000363524","9606.ENSP00000405726","KIF4A","CDC45",9606,0.676,0,0,0,0.523,0,0,0.349
"9606.ENSP00000363524","9606.ENSP00000418960","KIF4A","BRCA1",9606,0.846,0,0,0,0.289,0.745,0,0.221
"9606.ENSP00000363524","9606.ENSP00000499238","KIF4A","NUSAP1",9606,0.892,0,0,0,0.773,0,0,0.547
"9606.ENSP00000363524","9606.ENSP00000481380","KIF4A","CCNA2",9606,0.907,0,0,0,0.846,0,0,0.421
"9606.ENSP00000363524","9606.ENSP00000411532","KIF4A","TOP2A",9606,0.926,0,0,0,0.848,0,0,0.539
"9606.ENSP00000363524","9606.ENSP00000378699","KIF4A","CDK1",9606,0.937,0,0,0,0.773,0.493,0,0.501
"9606.ENSP00000364976","9606.ENSP00000405726","CKS2","CDC45",9606,0.457,0,0,0,0.257,0,0,0.3
"9606.ENSP00000364976","9606.ENSP00000411532","CKS2","TOP2A",9606,0.664,0,0,0,0.376,0,0,0.484
"9606.ENSP00000364976","9606.ENSP00000438483","CKS2","KPNA2",9606,0.739,0,0,0,0.518,0.086,0,0.456
"9606.ENSP00000364976","9606.ENSP00000499238","CKS2","NUSAP1",9606,0.784,0,0,0,0.561,0,0,0.529
"9606.ENSP00000364976","9606.ENSP00000377536","CKS2","PTTG1",9606,0.854,0,0,0,0.746,0,0,0.449
"9606.ENSP00000364976","9606.ENSP00000378699","CKS2","CDK1",9606,0.999,0,0,0,0.622,0.999,0,0.54
"9606.ENSP00000364976","9606.ENSP00000481380","CKS2","CCNA2",9606,0.999,0,0,0,0.418,0.999,0,0.488
"9606.ENSP00000365433","9606.ENSP00000481380","TCF19","CCNA2",9606,0.421,0,0,0,0.408,0,0,0.063
"9606.ENSP00000365433","9606.ENSP00000411532","TCF19","TOP2A",9606,0.428,0,0,0,0.336,0,0,0.174
"9606.ENSP00000365433","9606.ENSP00000479617","TCF19","UHRF1",9606,0.523,0,0,0,0.363,0.077,0,0.255
"9606.ENSP00000365433","9606.ENSP00000378699","TCF19","CDK1",9606,0.756,0,0,0,0.734,0,0,0.121
"9606.ENSP00000367086","9606.ENSP00000441065","ACOT7","SLC16A1",9606,0.429,0,0,0,0.082,0,0,0.404
"9606.ENSP00000369344","9606.ENSP00000498976","GPR150","GPR19",9606,0.406,0,0,0,0,0,0,0.406
"9606.ENSP00000373489","9606.ENSP00000378699","KRT18","CDK1",9606,0.463,0,0,0,0.094,0.306,0,0.215
"9606.ENSP00000373489","9606.ENSP00000418960","KRT18","BRCA1",9606,0.513,0,0,0,0.074,0.27,0,0.338
"9606.ENSP00000377536","9606.ENSP00000418268","PTTG1","MCM10",9606,0.41,0,0,0,0.196,0,0,0.297
"9606.ENSP00000377536","9606.ENSP00000418960","PTTG1","BRCA1",9606,0.411,0,0,0,0.197,0,0,0.297
"9606.ENSP00000377536","9606.ENSP00000479617","PTTG1","UHRF1",9606,0.431,0,0,0,0.254,0,0,0.269
"9606.ENSP00000377536","9606.ENSP00000465075","PTTG1","SPC24",9606,0.44,0,0,0,0.288,0,0,0.246
"9606.ENSP00000377536","9606.ENSP00000410452","PTTG1","STMN1",9606,0.511,0,0,0,0.355,0,0,0.274
"9606.ENSP00000377536","9606.ENSP00000493712","PTTG1","RAD51",9606,0.578,0,0,0,0.36,0.169,0,0.271
"9606.ENSP00000377536","9606.ENSP00000438483","PTTG1","KPNA2",9606,0.664,0,0,0,0.576,0,0,0.241
"9606.ENSP00000377536","9606.ENSP00000405726","PTTG1","CDC45",9606,0.726,0,0,0,0.547,0,0,0.421
"9606.ENSP00000377536","9606.ENSP00000411532","PTTG1","TOP2A",9606,0.904,0,0,0,0.801,0,0,0.538
"9606.ENSP00000377536","9606.ENSP00000499238","PTTG1","NUSAP1",9606,0.92,0,0,0,0.849,0,0,0.498
"9606.ENSP00000377536","9606.ENSP00000481380","PTTG1","CCNA2",9606,0.931,0,0,0,0.806,0,0,0.662
"9606.ENSP00000377536","9606.ENSP00000378699","PTTG1","CDK1",9606,0.993,0,0,0,0.893,0.636,0,0.845
"9606.ENSP00000377617","9606.ENSP00000396308","MTHFD2","DHFR",9606,0.686,0.1,0,0,0.077,0,0.164,0.602
"9606.ENSP00000378699","9606.ENSP00000396308","CDK1","DHFR",9606,0.521,0,0,0,0.338,0,0,0.307
"9606.ENSP00000378699","9606.ENSP00000465075","CDK1","SPC24",9606,0.739,0,0,0,0.321,0,0.4,0.413
"9606.ENSP00000378699","9606.ENSP00000479617","CDK1","UHRF1",9606,0.752,0,0,0,0.462,0.3,0,0.395
"9606.ENSP00000378699","9606.ENSP00000497402","CDK1","RCC1",9606,0.781,0,0,0,0.166,0.52,0,0.498
"9606.ENSP00000378699","9606.ENSP00000493712","CDK1","RAD51",9606,0.791,0,0,0,0.509,0,0,0.592
"9606.ENSP00000378699","9606.ENSP00000418268","CDK1","MCM10",9606,0.82,0,0,0,0.678,0,0,0.466
"9606.ENSP00000378699","9606.ENSP00000438483","CDK1","KPNA2",9606,0.82,0,0,0,0.725,0.078,0,0.35
"9606.ENSP00000378699","9606.ENSP00000410452","CDK1","STMN1",9606,0.864,0,0,0,0.295,0.686,0,0.439
"9606.ENSP00000378699","9606.ENSP00000405726","CDK1","CDC45",9606,0.913,0,0,0,0.792,0,0,0.602
"9606.ENSP00000378699","9606.ENSP00000418960","CDK1","BRCA1",9606,0.949,0,0,0,0.364,0.802,0,0.629
"9606.ENSP00000378699","9606.ENSP00000499238","CDK1","NUSAP1",9606,0.96,0,0,0,0.87,0.392,0,0.54
"9606.ENSP00000378699","9606.ENSP00000429089","CDK1","CCNE2",9606,0.977,0,0,0,0.307,0.919,0,0.624
"9606.ENSP00000378699","9606.ENSP00000411532","CDK1","TOP2A",9606,0.998,0,0,0,0.978,0.827,0,0.707
"9606.ENSP00000378699","9606.ENSP00000481380","CDK1","CCNA2",9606,0.999,0,0,0,0.991,0.999,0.9,0.932
"9606.ENSP00000396308","9606.ENSP00000493712","DHFR","RAD51",9606,0.421,0,0,0,0.224,0,0,0.285
"9606.ENSP00000396308","9606.ENSP00000418960","DHFR","BRCA1",9606,0.523,0,0,0,0.352,0,0,0.295
"9606.ENSP00000396308","9606.ENSP00000411532","DHFR","TOP2A",9606,0.531,0.099,0,0,0.202,0,0,0.401
"9606.ENSP00000396308","9606.ENSP00000481380","DHFR","CCNA2",9606,0.559,0,0,0,0.288,0,0,0.407
"9606.ENSP00000405726","9606.ENSP00000465075","CDC45","SPC24",9606,0.432,0,0,0,0.308,0,0,0.214
"9606.ENSP00000405726","9606.ENSP00000438483","CDC45","KPNA2",9606,0.46,0,0,0,0.34,0.143,0,0.123
"9606.ENSP00000405726","9606.ENSP00000479617","CDC45","UHRF1",9606,0.545,0,0,0,0.381,0,0,0.296
"9606.ENSP00000405726","9606.ENSP00000429089","CDC45","CCNE2",9606,0.612,0,0,0,0.331,0,0,0.444
"9606.ENSP00000405726","9606.ENSP00000499238","CDC45","NUSAP1",9606,0.755,0,0,0,0.653,0,0,0.323
"9606.ENSP00000405726","9606.ENSP00000418960","CDC45","BRCA1",9606,0.812,0,0,0,0.523,0,0,0.624
"9606.ENSP00000405726","9606.ENSP00000411532","CDC45","TOP2A",9606,0.853,0,0,0,0.64,0,0,0.61
"9606.ENSP00000405726","9606.ENSP00000481380","CDC45","CCNA2",9606,0.861,0,0,0,0.679,0,0,0.587
"9606.ENSP00000405726","9606.ENSP00000493712","CDC45","RAD51",9606,0.942,0,0,0,0.861,0,0,0.603
"9606.ENSP00000405726","9606.ENSP00000418268","CDC45","MCM10",9606,0.999,0,0,0,0.812,0.998,0.5,0.945
"9606.ENSP00000410452","9606.ENSP00000481380","STMN1","CCNA2",9606,0.466,0,0,0,0.246,0,0,0.321
"9606.ENSP00000410452","9606.ENSP00000499238","STMN1","NUSAP1",9606,0.475,0,0,0,0.274,0,0,0.307
"9606.ENSP00000410452","9606.ENSP00000411532","STMN1","TOP2A",9606,0.637,0,0,0,0.315,0,0,0.493
"9606.ENSP00000411532","9606.ENSP00000465075","TOP2A","SPC24",9606,0.442,0,0,0,0.315,0,0,0.219
"9606.ENSP00000411532","9606.ENSP00000429089","TOP2A","CCNE2",9606,0.544,0,0,0,0.213,0,0,0.445
"9606.ENSP00000411532","9606.ENSP00000438483","TOP2A","KPNA2",9606,0.563,0,0,0,0.398,0,0,0.305
"9606.ENSP00000411532","9606.ENSP00000493712","TOP2A","RAD51",9606,0.671,0,0,0,0.329,0.066,0,0.518
"9606.ENSP00000411532","9606.ENSP00000418268","TOP2A","MCM10",9606,0.675,0,0,0,0.386,0,0,0.493
"9606.ENSP00000411532","9606.ENSP00000418960","TOP2A","BRCA1",9606,0.877,0,0,0,0.35,0.61,0,0.557
"9606.ENSP00000411532","9606.ENSP00000479617","TOP2A","UHRF1",9606,0.886,0,0,0,0.502,0.468,0,0.605
"9606.ENSP00000411532","9606.ENSP00000481380","TOP2A","CCNA2",9606,0.964,0,0,0,0.908,0,0,0.629
"9606.ENSP00000411532","9606.ENSP00000499238","TOP2A","NUSAP1",9606,0.992,0,0,0,0.976,0,0,0.689
"9606.ENSP00000418268","9606.ENSP00000479617","MCM10","UHRF1",9606,0.634,0,0,0,0.539,0,0,0.24
"9606.ENSP00000418268","9606.ENSP00000499238","MCM10","NUSAP1",9606,0.646,0,0,0,0.443,0,0,0.391
"9606.ENSP00000418268","9606.ENSP00000429089","MCM10","CCNE2",9606,0.675,0,0,0,0.415,0,0,0.468
"9606.ENSP00000418268","9606.ENSP00000493712","MCM10","RAD51",9606,0.849,0,0,0,0.473,0.508,0,0.466
"9606.ENSP00000418268","9606.ENSP00000481380","MCM10","CCNA2",9606,0.872,0,0,0,0.759,0,0,0.491
"9606.ENSP00000418268","9606.ENSP00000418960","MCM10","BRCA1",9606,0.884,0,0,0,0.378,0.745,0,0.33
"9606.ENSP00000418960","9606.ENSP00000429089","BRCA1","CCNE2",9606,0.461,0,0,0,0.2,0,0,0.354
"9606.ENSP00000418960","9606.ENSP00000499238","BRCA1","NUSAP1",9606,0.483,0,0,0,0.357,0,0,0.23
"9606.ENSP00000418960","9606.ENSP00000479617","BRCA1","UHRF1",9606,0.748,0,0,0,0.3,0.457,0,0.391
"9606.ENSP00000418960","9606.ENSP00000438483","BRCA1","KPNA2",9606,0.892,0,0,0,0.221,0.833,0,0.238
"9606.ENSP00000418960","9606.ENSP00000481380","BRCA1","CCNA2",9606,0.968,0,0,0,0.323,0.802,0.5,0.582
"9606.ENSP00000418960","9606.ENSP00000493712","BRCA1","RAD51",9606,0.999,0,0,0,0.426,0.999,0.9,0.966
"9606.ENSP00000429089","9606.ENSP00000479617","CCNE2","UHRF1",9606,0.408,0,0,0,0.26,0,0,0.234
"9606.ENSP00000429089","9606.ENSP00000493712","CCNE2","RAD51",9606,0.408,0,0,0,0.252,0,0,0.242
"9606.ENSP00000429089","9606.ENSP00000499238","CCNE2","NUSAP1",9606,0.522,0,0,0,0.232,0,0,0.404
"9606.ENSP00000429089","9606.ENSP00000481380","CCNE2","CCNA2",9606,0.834,0,0,0,0.3,0.407,0.4,0.414
"9606.ENSP00000438483","9606.ENSP00000481380","KPNA2","CCNA2",9606,0.536,0,0,0,0.405,0.05,0,0.246
"9606.ENSP00000438483","9606.ENSP00000499238","KPNA2","NUSAP1",9606,0.676,0,0,0,0.596,0,0,0.231
"9606.ENSP00000438483","9606.ENSP00000497402","KPNA2","RCC1",9606,0.766,0,0,0,0.179,0.103,0,0.709
"9606.ENSP00000441065","9606.ENSP00000498610","SLC16A1","SLC29A1",9606,0.428,0,0,0,0.212,0,0,0.305
"9606.ENSP00000442318","9606.ENSP00000481380","CAND1","CCNA2",9606,0.458,0,0,0,0.075,0,0,0.439
"9606.ENSP00000465075","9606.ENSP00000499238","SPC24","NUSAP1",9606,0.423,0,0,0,0.342,0,0,0.16
"9606.ENSP00000465075","9606.ENSP00000493712","SPC24","RAD51",9606,0.447,0,0,0,0.386,0,0,0.137
"9606.ENSP00000465075","9606.ENSP00000481380","SPC24","CCNA2",9606,0.459,0,0,0,0.373,0,0,0.174
"9606.ENSP00000479617","9606.ENSP00000493712","UHRF1","RAD51",9606,0.576,0,0,0,0.437,0,0,0.278
"9606.ENSP00000479617","9606.ENSP00000499238","UHRF1","NUSAP1",9606,0.588,0,0,0,0.4,0,0,0.343
"9606.ENSP00000479617","9606.ENSP00000481380","UHRF1","CCNA2",9606,0.704,0,0,0,0.589,0,0,0.311
"9606.ENSP00000481380","9606.ENSP00000497402","CCNA2","RCC1",9606,0.514,0,0,0,0.198,0,0,0.419
"9606.ENSP00000481380","9606.ENSP00000493712","CCNA2","RAD51",9606,0.798,0,0,0,0.637,0,0,0.467
"9606.ENSP00000481380","9606.ENSP00000499238","CCNA2","NUSAP1",9606,0.936,0,0,0,0.878,0,0,0.5
"9606.ENSP00000493712","9606.ENSP00000499238","RAD51","NUSAP1",9606,0.507,0,0,0,0.386,0,0,0.23
"9606.ENSP00000497402","9606.ENSP00000499238","RCC1","NUSAP1",9606,0.989,0,0,0,0.154,0.985,0,0.225
