"ID","NES_A","p.adjust_A","NES_B","p.adjust_B","Status"
"REACTOME_ANTIGEN_PROCESSING_CROSS_PRESENTATION",2.40402685231364,3.95917025866675e-13,2.2521114493692,1.68286424557483e-10,"replicated"
"REACTOME_INTERFERON_ALPHA_BETA_SIGNALING",2.31973251146998,1.67187837474169e-09,2.27085487669476,3.45242673412423e-09,"replicated"
"REACTOME_INTERFERON_GAMMA_SIGNALING",2.42857669427652,4.51604342345661e-13,2.1580994340394,7.64426552095882e-08,"replicated"
"REACTOME_INTERFERON_SIGNALING",2.1829877773292,1.15654081350756e-14,2.35962185579174,7.88278631076309e-20,"replicated"
"REACTOME_CROSS_PRESENTATION_OF_SOLUBLE_EXOGENOUS_ANTIGENS_ENDOSOMES",1.98755880257049,0.000761803979683234,2.2345196978136,1.60356073572045e-07,"replicated"
"REACTOME_THE_ROLE_OF_GTSE1_IN_G2_M_PROGRESSION_AFTER_G2_CHECKPOINT",1.73711122557128,0.00728983067636208,2.33228208445229,2.07996523718288e-09,"replicated"
"REACTOME_PROTEASOME_ASSEMBLY",1.94683972761256,0.0005102458794428,2.06385450134668,1.69229801161344e-05,"replicated"
"REACTOME_ANTIGEN_PROCESSING_UB_ATP_INDEPENDENT_PROTEASOMAL_DEGRADATION",1.89855343097927,0.0021086271902507,2.1120095636928,4.65823305757684e-06,"replicated"
"REACTOME_VIF_MEDIATED_DEGRADATION_OF_APOBEC3G",1.86316957867467,0.0025085722253511,2.14112142813499,2.76648020184691e-06,"replicated"
"REACTOME_FBXL7_DOWN_REGULATES_AURKA_DURING_MITOTIC_ENTRY_AND_IN_EARLY_MITOSIS",1.79161010037423,0.00534788073784851,2.11651620693251,5.4826836085537e-06,"replicated"
"REACTOME_GSK3B_MEDIATED_PROTEASOMAL_DEGRADATION_OF_PD_L1_CD274",1.78688721192193,0.00681183104381897,2.09300475390793,7.81616272979309e-06,"replicated"
"REACTOME_AMPK_INDUCED_ERAD_AND_LYSOSOME_MEDIATED_DEGRADATION_OF_PD_L1_CD274",1.94997017683194,0.000874623453619641,1.92457538209377,0.000218278225230073,"replicated"
"REACTOME_ANTIMICROBIAL_MECHANISM_OF_IFN_STIMULATED_GENES",1.60840987700812,0.00619245029130796,2.25265089950149,5.51204801717513e-13,"replicated"
"REACTOME_REGULATION_OF_ORNITHINE_DECARBOXYLASE_ODC",1.78552003583696,0.00689577858354128,2.07135955673165,4.96203949396136e-05,"replicated"
"REACTOME_ASYMMETRIC_LOCALIZATION_OF_PCP_PROTEINS",1.75634910602149,0.00566479768697706,2.10039459743901,1.14196420614182e-05,"replicated"
"REACTOME_NEGATIVE_REGULATION_OF_NOTCH4_SIGNALING",1.8305855327438,0.0041544390352079,2.00074656024716,7.13713512010003e-05,"replicated"
"REACTOME_REGULATION_OF_APOPTOSIS",1.74792252200583,0.00728983067636208,2.08281237515598,2.35636110399334e-05,"replicated"
"REACTOME_UBIQUITIN_DEPENDENT_DEGRADATION_OF_CYCLIN_D",1.76045616079412,0.0121832638155748,2.0674720081156,1.91312018857018e-05,"replicated"
"REACTOME_ABC_TRANSPORTER_DISORDERS",1.77417704759866,0.00681183104381897,2.02867320680223,2.6733227252273e-05,"replicated"
"REACTOME_SPOP_MEDIATED_PROTEASOMAL_DEGRADATION_OF_PD_L1_CD274",1.73691676631497,0.00644444294823853,2.06151115272118,1.42522429948959e-05,"replicated"
"REACTOME_SCF_BETA_TRCP_MEDIATED_DEGRADATION_OF_EMI1",1.66661507960072,0.0238030446870364,2.12041644691615,6.25582970857121e-06,"replicated"
"REACTOME_INTERLEUKIN_1_SIGNALING",1.86790088610064,0.0006180340754785,1.90460265892636,1.86247444952876e-05,"replicated"
"REACTOME_NEUTROPHIL_DEGRANULATION",2.20424807941324,4.74158985211962e-24,1.56739666112041,0.000125777408620918,"replicated"
"REACTOME_INFECTION_WITH_ENTEROBACTERIA",1.90552677378109,0.00253067282374653,1.86544396807498,0.00186016911801832,"replicated"
"REACTOME_METABOLISM_OF_POLYAMINES",1.75784711721748,0.00681183104381897,2.01020099670727,5.21978348644641e-05,"replicated"
"REACTOME_DEGRADATION_OF_DVL",1.78467231241102,0.00689577858354128,1.96979452252059,0.00010817741287248,"replicated"
"REACTOME_CELLULAR_RESPONSE_TO_HYPOXIA",1.74038806882093,0.00738585718517797,2.00262377912126,2.3998610544626e-05,"replicated"
"REACTOME_PKR_MEDIATED_SIGNALING",1.64790444163426,0.0235902765475807,2.08114557714534,1.00898953218637e-06,"replicated"
"REACTOME_REGULATION_OF_CDH1_FUNCTION",1.7670463900294,0.00689577858354128,1.95745211600116,0.000101026391207083,"replicated"
"REACTOME_INTERLEUKIN_1_FAMILY_SIGNALING",1.82471073244894,0.000283665595174686,1.89855896331416,1.29092775937005e-05,"replicated"
"REACTOME_PROGRAMMED_CELL_DEATH",1.75856198482604,0.000459441170636168,1.96047315626424,1.74098837934523e-07,"replicated"
"REACTOME_REGULATION_OF_PD_L1_CD274_POST_TRANSLATIONAL_MODIFICATION",1.79289680295932,0.00299625108308386,1.9185459993793,5.46212685941995e-05,"replicated"
"REACTOME_DEGRADATION_OF_GLI1_BY_THE_PROTEASOME",1.5831976550978,0.0284699150298766,2.11913757690979,3.10291346911956e-06,"replicated"
"REACTOME_DECTIN_1_MEDIATED_NONCANONICAL_NF_KB_SIGNALING",1.65689877741101,0.0292613160536857,2.0342228276446,3.98583698532389e-05,"replicated"
"REACTOME_HH_MUTANTS_ABROGATE_LIGAND_SECRETION",1.64701873436463,0.0294054307104323,2.04096551343033,2.6733227252273e-05,"replicated"
"REACTOME_AUF1_HNRNP_D0_BINDS_AND_DESTABILIZES_MRNA",1.65309528564315,0.0274867160433553,2.01205184100847,7.90475987472935e-05,"replicated"
"REACTOME_SCF_SKP2_MEDIATED_DEGRADATION_OF_P27_P21",1.76099983386165,0.00511292357653831,1.90174965738998,0.000647045470793967,"replicated"
"REACTOME_RUNX1_REGULATES_TRANSCRIPTION_OF_GENES_INVOLVED_IN_DIFFERENTIATION_OF_HSCS",1.69360351728223,0.00914518698795329,1.96373017215453,1.95514203816197e-05,"replicated"
"REACTOME_HEDGEHOG_LIGAND_BIOGENESIS",1.64219615159873,0.0261506866731314,2.013875457654,4.96203949396136e-05,"replicated"
"REACTOME_MHC_CLASS_II_ANTIGEN_PRESENTATION",1.61932837425,0.0108114557015515,2.00752760713536,2.23296386406302e-06,"replicated"
"REACTOME_NUCLEAR_EVENTS_MEDIATED_BY_NFE2L2",1.5514581403729,0.0292047113434148,2.05193461140872,3.67076094858129e-06,"replicated"
"REACTOME_CO_INHIBITION_BY_PD_1",1.66753527838643,0.0025085722253511,1.93580395249363,2.0238294573508e-07,"replicated"
"REACTOME_REGULATION_OF_RUNX2_EXPRESSION_AND_ACTIVITY",1.58576914718538,0.0286786249815215,2.00619337870389,5.21978348644641e-05,"replicated"
"REACTOME_DEGRADATION_OF_AXIN",1.62641636375294,0.032480682290762,1.96094638149414,0.000202050314496499,"replicated"
"REACTOME_TNFR2_NON_CANONICAL_NF_KB_PATHWAY",1.60523462881496,0.0232302505522803,1.96585585650505,1.12373688751303e-05,"replicated"
"REACTOME_REGULATION_OF_MRNA_STABILITY_BY_PROTEINS_THAT_BIND_AU_RICH_ELEMENTS",1.61913786692812,0.0201471067810268,1.94593796813904,7.95242835721774e-05,"replicated"
"REACTOME_REGULATION_OF_PD_L1_CD274_EXPRESSION",1.71077728754025,0.00117213520449426,1.85291099108809,1.71126168275612e-05,"replicated"
"REACTOME_UBIQUITIN_MEDIATED_DEGRADATION_OF_PHOSPHORYLATED_CDC25A",1.59384528103831,0.0286786249815215,1.96496664487542,0.000130227564514417,"replicated"
"REACTOME_SARS_COV_1_ACTIVATES_MODULATES_INNATE_IMMUNE_RESPONSES",1.77539681344185,0.00590410400317314,1.77940567756548,0.00532076190984725,"replicated"
"REACTOME_CLASS_I_MHC_MEDIATED_ANTIGEN_PROCESSING_PRESENTATION",1.67767902937802,7.30188656056951e-05,1.86928063594338,1.14129422517458e-08,"replicated"
"REACTOME_APOPTOSIS",1.49281146921166,0.0285979879746858,2.04901886821921,3.45265419194979e-08,"replicated"
"REACTOME_EFFECTS_OF_PIP2_HYDROLYSIS",-1.77904473141167,0.0279302430451078,-1.74702434065343,0.0211524313585167,"replicated"
"REACTOME_PCP_CE_PATHWAY",1.60937186214008,0.0268023621640068,1.91400581232085,0.000133710245916475,"replicated"
"REACTOME_STABILIZATION_OF_P53",1.61199854993303,0.0373798171206536,1.90046121856179,0.000496107723151007,"replicated"
"REACTOME_MITOCHONDRIAL_TRANSLATION_ELONGATION",1.64132579979306,0.0132414933695027,1.85477628477584,0.000195609291940306,"replicated"
"REACTOME_ANTIGEN_PRESENTATION_FOLDING_ASSEMBLY_AND_PEPTIDE_LOADING_OF_CLASS_I_MHC",1.65519779360203,0.0274867160433553,1.81946657725692,0.0071450465580301,"replicated"
"REACTOME_CELLULAR_RESPONSE_TO_CHEMICAL_STRESS",1.6210539508636,0.00590410400317314,1.84022736663391,1.42655920753726e-05,"replicated"
"REACTOME_RIBOSOME_QUALITY_CONTROL_RQC_COMPLEX_EXTRACTS_AND_DEGRADES_NASCENT_PEPTIDE",1.73046478907282,0.00327965437289648,1.71833453750532,0.0012711806022132,"replicated"
"REACTOME_P53_DEPENDENT_G1_DNA_DAMAGE_RESPONSE",1.62282129019872,0.0201471067810268,1.80580039916168,0.00230562595916928,"replicated"
"REACTOME_ABC_FAMILY_PROTEINS_MEDIATED_TRANSPORT",1.5395462851734,0.031703066128229,1.86942510411611,0.000404574723795704,"replicated"
"REACTOME_RSV_HOST_INTERACTIONS",1.67204540649849,0.0168504534016285,1.69470361729021,0.00690838818810364,"replicated"
"REACTOME_REGULATION_OF_T_CELL_ACTIVATION_BY_CD28_FAMILY",1.50580092378287,0.0108114557015515,1.85098250893524,1.49795517760534e-06,"replicated"
"REACTOME_SIGNALING_BY_INTERLEUKINS",1.60064314203058,0.0010280535379978,1.74403077651721,1.07746753604529e-06,"replicated"
"REACTOME_RHO_GTPASES_ACTIVATE_PKNS",1.74524375114268,0.00915509695030535,1.59878682548386,0.0284938739907995,"replicated"
"REACTOME_RESPIRATORY_ELECTRON_TRANSPORT",1.83348392904016,0.000177730529922106,1.46095040483436,0.0292430280793544,"replicated"
"REACTOME_BACTERIAL_INFECTION_PATHWAYS",1.72033214336888,0.00674985774579996,1.53575819859303,0.0466296193795144,"replicated"
"REACTOME_TRANSCRIPTIONAL_REGULATION_BY_SMALL_RNAS",1.67811917721857,0.0286786249815215,1.55840088439754,0.0358344928283265,"replicated"
"REACTOME_AEROBIC_RESPIRATION_AND_RESPIRATORY_ELECTRON_TRANSPORT",1.76637432245916,7.30188656056951e-05,1.46514932381278,0.0126446926030773,"replicated"
"REACTOME_REGULATION_OF_PD_L1_CD274_TRANSCRIPTION",1.64172561294664,0.0164928546662152,1.58150658923232,0.0300310783695155,"replicated"
"REACTOME_SIGNALING_BY_NOTCH",1.47691456468213,0.0423967328977505,1.74533247559331,4.34747311010793e-05,"replicated"
"REACTOME_RESPIRATORY_SYNCYTIAL_VIRUS_INFECTION_PATHWAY",1.58988555392101,0.0172789476007755,1.62780675380496,0.0091765494248834,"replicated"
"REACTOME_RIBOSOME_ASSOCIATED_QUALITY_CONTROL",1.59409537452679,0.00531059574800219,1.55348595395387,0.00781560316492637,"replicated"
"REACTOME_SARS_COV_1_HOST_INTERACTIONS",1.55315966763863,0.0477811210971466,1.59278094966136,0.00751656444998916,"replicated"
"REACTOME_SARS_COV_1_INFECTION",1.55315022692361,0.0142772576560062,1.50482210427734,0.0274023242428399,"replicated"
"REACTOME_DENGUE_VIRUS_INFECTION",1.34379594641095,0.0454739431292261,1.58409019610867,9.14285998958636e-05,"replicated"
"REACTOME_TRANSLATION",1.32640944476202,0.0412952982567799,1.59560541016653,0.000119724913094422,"replicated"
"REACTOME_ACTIVATION_OF_APC_C_AND_APC_C_CDC20_MEDIATED_DEGRADATION_OF_MITOTIC_PROTEINS",1.5156218490568,0.0804088867479221,2.22027097207748,3.00428624893757e-08,"only GSE161829_ATB"
"REACTOME_APC_C_CDH1_MEDIATED_DEGRADATION_OF_CDC20_AND_OTHER_APC_C_CDH1_TARGETED_PROTEINS_IN_LATE_MITOSIS_EARLY_G1",1.50154217521334,0.0760563206834437,2.11754542074075,1.3567421675145e-06,"only GSE161829_ATB"
"REACTOME_ORC1_REMOVAL_FROM_CHROMATIN",1.48701139243346,0.0878484716257512,2.11958250415069,1.57877617739894e-06,"only GSE161829_ATB"
"REACTOME_CDK_MEDIATED_PHOSPHORYLATION_AND_REMOVAL_OF_CDC6",1.53837408130103,0.0671986202047993,2.04193726122696,1.68666424102421e-05,"only GSE161829_ATB"
"REACTOME_APC_C_MEDIATED_DEGRADATION_OF_CELL_CYCLE_PROTEINS",1.34094989962256,0.218051084645189,2.20850249079106,2.35928286346898e-08,"only GSE161829_ATB"
"REACTOME_REGULATION_OF_RUNX3_EXPRESSION_AND_ACTIVITY",1.53748051740793,0.0690654077216588,1.99457162684517,6.93642888569069e-05,"only GSE161829_ATB"
"REACTOME_MODULATION_OF_HOST_RESPONSES_BY_IFN_STIMULATED_GENES",1.90735406938858,0.00182033273396053,1.62017373914781,0.0566991498931493,"only GSE114192_TB"
"REACTOME_COOPERATION_OF_PREFOLDIN_AND_TRIC_CCT_IN_ACTIN_AND_TUBULIN_FOLDING",1.4475894858181,0.178457204407987,2.0767731884847,0.000100436277509838,"only GSE161829_ATB"
"REACTOME_REGULATED_NECROSIS",2.00169420602351,0.000195998493451415,1.48517422224633,0.0814194359777109,"only GSE114192_TB"
"REACTOME_DNA_REPLICATION_PRE_INITIATION",1.45671383037547,0.0762703360481063,2.02645463980194,2.0894209407811e-07,"only GSE161829_ATB"
"REACTOME_ACTIVATION_OF_NF_KAPPAB_IN_B_CELLS",1.4490879509104,0.126795285463196,2.01198925715249,3.64713059940912e-05,"only GSE161829_ATB"
"REACTOME_SOMITOGENESIS",1.46403020809694,0.0940553898934433,1.99468503474119,9.05359032043402e-05,"only GSE161829_ATB"
"REACTOME_HEDGEHOG_ON_STATE",1.52385306513347,0.0685482138863971,1.91826769081359,0.00018723008300222,"only GSE161829_ATB"
"REACTOME_SWITCHING_OF_ORIGINS_TO_A_POST_REPLICATIVE_STATE",1.35253712293962,0.183780739628309,2.0859512658347,1.57956978447326e-06,"only GSE161829_ATB"
"REACTOME_PROTEIN_FOLDING",1.42954309957395,0.0745692972840681,2.00538904460175,2.36166436734157e-05,"only GSE161829_ATB"
"REACTOME_REGULATION_OF_PTEN_STABILITY_AND_ACTIVITY",1.50353321166753,0.0671986202047993,1.89610755829477,0.000507301473668254,"only GSE161829_ATB"
"REACTOME_RHO_GTPASES_ACTIVATE_NADPH_OXIDASES",1.57869123480148,0.0575425131694192,1.78456614033826,0.0146426677989824,"only GSE161829_ATB"
"REACTOME_DNA_REPLICATION",1.34434821684717,0.156514788169464,2.00864047915077,1.60356073572045e-07,"only GSE161829_ATB"
"REACTOME_TRANSCRIPTIONAL_REGULATION_BY_RUNX2",1.39438288816685,0.145629297645382,1.95473910321907,1.42655920753726e-05,"only GSE161829_ATB"
"REACTOME_FORMATION_OF_ATP_BY_CHEMIOSMOTIC_COUPLING",1.80421339463576,0.00511292357653831,1.54485487445635,0.0571055919435573,"only GSE114192_TB"
"REACTOME_DETOXIFICATION_OF_REACTIVE_OXYGEN_SPECIES",1.86832868230596,0.00253067282374653,1.46293163048848,0.136426332288401,"only GSE114192_TB"
"REACTOME_DISEASES_OF_PROGRAMMED_CELL_DEATH",1.50730460489587,0.06413168071534,1.82017945915972,0.00052653849565359,"only GSE161829_ATB"
"REACTOME_CONDENSATION_OF_PROPHASE_CHROMOSOMES",1.50779215963537,0.126795285463196,1.80271574636878,0.00253781196202588,"only GSE161829_ATB"
"REACTOME_DEGRADATION_OF_CRY_AND_PER_PROTEINS",1.3393773122433,0.28084546885272,1.97098794928713,0.00010261477276405,"only GSE161829_ATB"
"REACTOME_RECOGNITION_AND_ASSOCIATION_OF_DNA_GLYCOSYLASE_WITH_SITE_CONTAINING_AN_AFFECTED_PURINE",1.7053047199283,0.0174452835719582,1.60032378104199,0.0501960126992821,"only GSE114192_TB"
"REACTOME_ROS_AND_RNS_PRODUCTION_IN_PHAGOCYTES",1.76561322023199,0.0152230818162746,1.53985697116237,0.0790011382395498,"only GSE114192_TB"
"REACTOME_REGULATION_OF_RAS_BY_GAPS",1.415744851467,0.16674615070173,1.8863338753646,0.000593968901665197,"only GSE161829_ATB"
"REACTOME_PYROPTOSIS",1.892761484327,0.0025085722253511,1.40609055687811,0.19501260857383,"only GSE114192_TB"
"REACTOME_G1_S_DNA_DAMAGE_CHECKPOINTS",1.51053964052772,0.0631554989346603,1.75709804351865,0.00437128165355664,"only GSE161829_ATB"
"REACTOME_SIGNALING_BY_NOTCH4",1.5243753305715,0.0546979801709222,1.74159990729498,0.00676612893041264,"only GSE161829_ATB"
"REACTOME_G2_M_CHECKPOINTS",1.12361842723609,0.469676806541979,2.13402455228186,7.51486117576009e-10,"only GSE161829_ATB"
"REACTOME_INHIBITION_OF_DNA_RECOMBINATION_AT_TELOMERE",1.79992339891169,0.00650429582934603,1.44749402018295,0.110800737933787,"only GSE114192_TB"
"REACTOME_PURINERGIC_SIGNALING_IN_LEISHMANIASIS_INFECTION",1.73693533241245,0.0157651207508767,1.49807607963798,0.124459271999689,"only GSE114192_TB"
"REACTOME_GAP_JUNCTION_TRAFFICKING_AND_REGULATION",1.19488508191125,0.461181616252371,2.03983238265318,5.64030123137142e-05,"only GSE161829_ATB"
"REACTOME_RESPONSE_TO_ELEVATED_PLATELET_CYTOSOLIC_CA2",1.85075396301481,0.000539131302012109,1.36353931121195,0.134932533733133,"only GSE114192_TB"
"REACTOME_ASSEMBLY_OF_THE_ORC_COMPLEX_AT_THE_ORIGIN_OF_REPLICATION",1.67459041881005,0.0293630901014853,1.5343967290922,0.0537529840903758,"only GSE114192_TB"
"REACTOME_KEAP1_NFE2L2_PATHWAY",1.37151913153908,0.14979830296286,1.83512852019096,0.000161626941487099,"only GSE161829_ATB"
"REACTOME_AMYLOID_FIBER_FORMATION",1.81961670722816,0.00296642192871844,1.38558828653173,0.121231254932912,"only GSE114192_TB"
"REACTOME_APOPTOTIC_FACTOR_MEDIATED_RESPONSE",1.72459351746116,0.0168504534016285,1.47724021751239,0.139760659869973,"only GSE114192_TB"
"REACTOME_SIRT1_NEGATIVELY_REGULATES_RRNA_EXPRESSION",1.69723089121849,0.0232302505522803,1.49568633574016,0.0723126752298917,"only GSE114192_TB"
"REACTOME_SYNTHESIS_OF_DNA",1.12523715392082,0.463495464965613,2.05080209066089,1.01981910209637e-06,"only GSE161829_ATB"
"REACTOME_REGULATION_OF_MECP2_EXPRESSION_AND_ACTIVITY",-2.00697469465083,0.00253067282374653,-1.16425261353655,0.385252822164546,"only GSE114192_TB"
"REACTOME_GROWTH_HORMONE_RECEPTOR_SIGNALING",1.53109251926437,0.0851484261535298,1.64001926342987,0.0480452633126897,"only GSE161829_ATB"
"REACTOME_DISEASES_OF_IMMUNE_SYSTEM",1.87823087729039,0.00456313763940928,1.29097338144739,0.301093123010931,"only GSE114192_TB"
"REACTOME_INACTIVATION_OF_CSF3_G_CSF_SIGNALING",1.6472584358363,0.036728179655083,1.51594597722049,0.112166380130527,"only GSE114192_TB"
"REACTOME_INITIATION_OF_NUCLEAR_ENVELOPE_NE_REFORMATION",1.33915193839862,0.29975036944697,1.81510106877319,0.00690838818810364,"only GSE161829_ATB"
"REACTOME_ASPARAGINE_N_LINKED_GLYCOSYLATION",1.24768709207066,0.178661611459133,1.90640038212444,1.22702248814536e-08,"only GSE161829_ATB"
"REACTOME_COMPLEX_IV_ASSEMBLY",1.85380383036376,0.00262766970602164,1.29942675315521,0.249126168179386,"only GSE114192_TB"
"REACTOME_DOWNSTREAM_TCR_SIGNALING",1.23913088377002,0.307208921538257,1.89914609684713,5.35357287369466e-05,"only GSE161829_ATB"
"REACTOME_INTRINSIC_PATHWAY_FOR_APOPTOSIS",1.41174044293524,0.163938140267927,1.7238589858687,0.0078371490444855,"only GSE161829_ATB"
"REACTOME_OVARIAN_TUMOR_DOMAIN_PROTEASES",1.66739945903235,0.0292047113434148,1.45981305711933,0.119271568457183,"only GSE114192_TB"
"REACTOME_HEDGEHOG_OFF_STATE",1.09573397758605,0.529554399119617,2.02283051335604,3.45325327559303e-06,"only GSE161829_ATB"
"REACTOME_TRANSCRIPTIONAL_REGULATION_OF_GRANULOPOIESIS",1.52944312282067,0.0704168749876206,1.58026861560819,0.0353859316663405,"only GSE161829_ATB"
"REACTOME_CHROMATIN_MODIFICATIONS_DURING_THE_MATERNAL_TO_ZYGOTIC_TRANSITION_MZT",1.71867596441271,0.0208197059068172,1.38582807313142,0.167024299715827,"only GSE114192_TB"
"REACTOME_INTERLEUKIN_12_FAMILY_SIGNALING",1.54632306851349,0.0353304971489292,1.55378641562964,0.0626381715168502,"only GSE114192_TB"
"REACTOME_CYCLIN_A_CDK2_ASSOCIATED_EVENTS_AT_S_PHASE_ENTRY",1.33004100805242,0.240507603582705,1.76971515460509,0.00230562595916928,"only GSE161829_ATB"
"REACTOME_DNA_METHYLATION",1.60627797582592,0.0454739431292261,1.4890975611282,0.121881240563466,"only GSE114192_TB"
"REACTOME_ACTIVATED_PKN1_STIMULATES_TRANSCRIPTION_OF_AR_ANDROGEN_RECEPTOR_REGULATED_GENES_KLK2_AND_KLK3",1.58543883485042,0.0575425131694192,1.50992642795888,0.0680537151365584,"neither"
"REACTOME_NUCLEOTIDE_BINDING_DOMAIN_LEUCINE_RICH_REPEAT_CONTAINING_RECEPTOR_NLR_SIGNALING_PATHWAYS",1.78688824592556,0.00530864712316092,1.3056906147871,0.231793444591645,"only GSE114192_TB"
"REACTOME_DNA_DAMAGE_TELOMERE_STRESS_INDUCED_SENESCENCE",1.49279436418481,0.0727374153184852,1.59877713261328,0.0300310783695155,"only GSE161829_ATB"
"REACTOME_BASE_EXCISION_REPAIR_AP_SITE_FORMATION",1.63398604540939,0.0261506866731314,1.4534346976078,0.110623587288924,"only GSE114192_TB"
"REACTOME_LYSOSOME_VESICLE_BIOGENESIS",1.76037671345729,0.0114566321760041,1.32201700447586,0.240088410935108,"only GSE114192_TB"
"REACTOME_FOXO_MEDIATED_TRANSCRIPTION_OF_OXIDATIVE_STRESS_METABOLIC_AND_NEURONAL_GENES",-1.81129359198136,0.0238030446870364,-1.26880352781917,0.317463009284776,"only GSE114192_TB"
"REACTOME_REGULATION_OF_HOMOTYPIC_CELL_CELL_ADHESION",1.31021248922448,0.17944781761943,1.76684636157746,4.96203949396136e-05,"only GSE161829_ATB"
"REACTOME_DEFECTIVE_PYROPTOSIS",1.48476584523506,0.118184570959254,1.5915181101772,0.0407198219532892,"only GSE161829_ATB"
"REACTOME_DEGRADATION_OF_BETA_CATENIN_BY_THE_DESTRUCTION_COMPLEX",1.20906035622853,0.375357027281809,1.86364310479516,0.000470001194288954,"only GSE161829_ATB"
"REACTOME_FCERI_MEDIATED_NF_KB_ACTIVATION",1.4288339611617,0.078447740345979,1.64072804658457,0.00738720296685366,"only GSE161829_ATB"
"REACTOME_CASPASE_ACTIVATION_VIA_DEATH_RECEPTORS_IN_THE_PRESENCE_OF_LIGAND",1.54082294294641,0.0893435206663627,1.52417336086942,0.113538036989415,"neither"
"REACTOME_PHOSPHORYLATED_BMAL1_CLOCK_ARNTL_CLOCK_ACTIVATES_EXPRESSION_OF_CORE_CLOCK_GENES",-1.98548229908341,0.00273846956587427,-1.0779379619654,0.53864441156423,"only GSE114192_TB"
"REACTOME_TRANSCRIPTIONAL_REGULATION_BY_MECP2",-2.02766173320635,0.00204358017731355,-1.03499453326276,0.539527913076058,"only GSE114192_TB"
"REACTOME_ASSOCIATION_OF_TRIC_CCT_WITH_TARGET_PROTEINS_DURING_BIOSYNTHESIS",1.22789864247453,0.413828502415459,1.83147961198925,0.00344691434740606,"only GSE161829_ATB"
"REACTOME_DISEASES_ASSOCIATED_WITH_N_GLYCOSYLATION_OF_PROTEINS",1.56841226401091,0.0526463212728575,1.48243424833132,0.137572917017905,"neither"
"REACTOME_MITOTIC_G1_PHASE_AND_G1_S_TRANSITION",0.99596017496875,0.674893471879939,2.05259440495138,7.97820765158716e-08,"only GSE161829_ATB"
"REACTOME_MITOTIC_METAPHASE_AND_ANAPHASE",0.865084926853384,0.876890269368001,2.18085029996014,3.32403196924874e-13,"only GSE161829_ATB"
"REACTOME_THE_NLRP3_INFLAMMASOME",1.61023774429164,0.0537795589181515,1.42850032590509,0.192828109079355,"neither"
"REACTOME_FORMATION_OF_TUBULIN_FOLDING_INTERMEDIATES_BY_CCT_TRIC",1.01341464866668,0.678109179962352,2.02276414273746,5.21978348644641e-05,"only GSE161829_ATB"
"REACTOME_ADHERENS_JUNCTIONS_INTERACTIONS",1.2702401453675,0.2251392793822,1.76447010037887,7.12403343016393e-05,"only GSE161829_ATB"
"REACTOME_MATURATION_OF_SARS_COV_2_NUCLEOPROTEIN",1.47626923140261,0.140475193959822,1.55306366892186,0.0935267929943765,"neither"
"REACTOME_SARS_COV_2_ACTIVATES_MODULATES_INNATE_AND_ADAPTIVE_IMMUNE_RESPONSES",1.41844280497478,0.0690654077216588,1.61025909304772,0.00474608821383821,"only GSE161829_ATB"
"REACTOME_UB_SPECIFIC_PROCESSING_PROTEASES",1.27525381717531,0.214913551627548,1.7394031874575,0.000189713276296675,"only GSE161829_ATB"
"REACTOME_TOLL_LIKE_RECEPTOR_CASCADES",1.81864458557927,0.000148824948865289,1.19394283020357,0.277016303563699,"only GSE114192_TB"
"REACTOME_SENESCENCE_ASSOCIATED_SECRETORY_PHENOTYPE_SASP",1.50472819831832,0.0762703360481063,1.50465440464395,0.0336244419380996,"only GSE161829_ATB"
"REACTOME_MEIOTIC_RECOMBINATION",1.44527840419482,0.11803437916535,1.56326292452439,0.0400891505107626,"only GSE161829_ATB"
"REACTOME_NRAGE_SIGNALS_DEATH_THROUGH_JNK",-1.53041964345756,0.0579773945732027,-1.47452404730687,0.115082542775611,"neither"
"REACTOME_PRC2_METHYLATES_HISTONES_AND_DNA",1.45024789188387,0.165716280693588,1.55121273009685,0.0400891505107626,"only GSE161829_ATB"
"REACTOME_COPI_MEDIATED_ANTEROGRADE_TRANSPORT",1.13504663060289,0.468984425962166,1.86400806092204,0.000175791512639237,"only GSE161829_ATB"
"REACTOME_DEPOSITION_OF_NEW_CENPA_CONTAINING_NUCLEOSOMES_AT_THE_CENTROMERE",1.39932011352065,0.178457204407987,1.59903170661017,0.0348886219378199,"only GSE161829_ATB"
"REACTOME_COPI_INDEPENDENT_GOLGI_TO_ER_RETROGRADE_TRAFFIC",1.12493035732719,0.520258567363603,1.86497800525635,0.00336128836317622,"only GSE161829_ATB"
"REACTOME_RAB_GERANYLGERANYLATION",1.61462145482477,0.0252728965120343,1.3729405095685,0.156538014349318,"only GSE114192_TB"
"REACTOME_ACTIVATION_OF_IRF3_IRF7_MEDIATED_BY_TBK1_IKK_IKBKE",1.2994294561295,0.323102310231023,1.68532287090279,0.014386885797944,"only GSE161829_ATB"
"REACTOME_RHO_GTPASE_EFFECTORS",1.22076606037905,0.251123449574648,1.76228619618636,2.15708430008455e-06,"only GSE161829_ATB"
"REACTOME_GLUTATHIONE_CONJUGATION",1.53957476219517,0.0704168749876206,1.44243069169529,0.160710740133692,"neither"
"REACTOME_ER_TO_GOLGI_ANTEROGRADE_TRANSPORT",1.08341725203921,0.533909506863244,1.89801088010453,6.86161903320134e-06,"only GSE161829_ATB"
"REACTOME_COMPLEX_I_BIOGENESIS",1.67979984355873,0.0101127002788062,1.29487518465322,0.231793444591645,"only GSE114192_TB"
"REACTOME_NUCLEAR_SIGNALING_BY_ERBB4",1.37350867117831,0.236459990907024,1.59884546074972,0.0655365043504047,"neither"
"REACTOME_CLASS_A_1_RHODOPSIN_LIKE_RECEPTORS",1.40195407300596,0.0958132214123829,1.5650404000628,0.0148694556932103,"only GSE161829_ATB"
"REACTOME_BINDING_AND_UPTAKE_OF_LIGANDS_BY_SCAVENGER_RECEPTORS",1.8251047208493,0.00253067282374653,1.1327481072987,0.481032214961271,"only GSE114192_TB"
"REACTOME_NOD1_2_SIGNALING_PATHWAY",1.76785638184701,0.00803133535402598,1.18823681409869,0.405604719764012,"only GSE114192_TB"
"REACTOME_NEDDYLATION",1.21695743438463,0.283486955490277,1.73801203309594,5.21978348644641e-05,"only GSE161829_ATB"
"REACTOME_SIGNALING_BY_CSF3_G_CSF",1.56780137321288,0.0486934252558426,1.37927754660971,0.192828109079355,"only GSE114192_TB"
"REACTOME_CELL_CYCLE_CHECKPOINTS",0.880914567239806,0.873122122412183,2.06115340833536,2.73648443731218e-12,"only GSE161829_ATB"
"REACTOME_HOST_INTERACTIONS_OF_HIV_FACTORS",1.03164894592363,0.616411402666499,1.90730715947633,1.07601481752438e-05,"only GSE161829_ATB"
"REACTOME_TRANS_GOLGI_NETWORK_VESICLE_BUDDING",1.75664114758964,0.00511292357653831,1.17878967030571,0.341576231987191,"only GSE114192_TB"
"REACTOME_TRANSCRIPTIONAL_REGULATION_BY_RUNX1",1.10515961095512,0.482492687223061,1.8280854287408,5.2860067252238e-06,"only GSE161829_ATB"
"REACTOME_SEPARATION_OF_SISTER_CHROMATIDS",0.770270579355684,0.964205315268369,2.160863941252,6.13766383444834e-11,"only GSE161829_ATB"
"REACTOME_INTERLEUKIN_20_FAMILY_SIGNALING",1.54529533054727,0.0852724511424243,1.38243382226458,0.207786004299021,"neither"
"REACTOME_INSULIN_RECEPTOR_RECYCLING",1.53821561911883,0.0704168749876206,1.38732623538953,0.207535722504655,"neither"
"REACTOME_NEGATIVE_REGULATORS_OF_DDX58_IFIH1_SIGNALING",1.56471369089914,0.0671986202047993,1.35378145437571,0.192828109079355,"neither"
"REACTOME_REGULATION_OF_ENDOGENOUS_RETROELEMENTS_BY_THE_HUMAN_SILENCING_HUB_HUSH_COMPLEX",1.46855713713984,0.153913531723751,1.44729820719613,0.110623587288924,"neither"
"REACTOME_UCH_PROTEINASES",1.08284800798893,0.549124639794709,1.83177335974762,0.000503644048049237,"only GSE161829_ATB"
"REACTOME_INTERLEUKIN_10_SIGNALING",1.5198894124077,0.0915708308521962,1.3931834077693,0.187633450973017,"neither"
"REACTOME_TCR_SIGNALING",1.05932147863073,0.581818181818182,1.85249731631207,0.000122664964462064,"only GSE161829_ATB"
"REACTOME_DENGUE_VIRUS_ACTIVATES_MODULATES_INNATE_AND_ADAPTIVE_IMMUNE_RESPONSES",1.77488598569021,0.00971076774989277,1.13605036130165,0.469999709158596,"only GSE114192_TB"
"REACTOME_NUCLEOTIDE_CATABOLISM",1.71849234072381,0.0232302505522803,1.19104539264811,0.410412550115481,"only GSE114192_TB"
"REACTOME_PEPTIDE_LIGAND_BINDING_RECEPTORS",1.31344238480855,0.240507603582705,1.59164503548981,0.0304093225736261,"only GSE161829_ATB"
"REACTOME_SIGNALING_BY_HEDGEHOG",1.02289228048775,0.629523267052615,1.88171864936322,5.94748346397661e-05,"only GSE161829_ATB"
"REACTOME_INTERLEUKIN_12_SIGNALING",1.36110599486064,0.237091930640318,1.54329161818101,0.0854607556374777,"neither"
"REACTOME_COOPERATION_OF_PDCL_PHLP1_AND_TRIC_CCT_IN_G_PROTEIN_BETA_FOLDING",1.21475827349745,0.433059033989267,1.67811756079242,0.0178118889989685,"only GSE161829_ATB"
"REACTOME_SARS_COV_2_HOST_INTERACTIONS",1.21910469346132,0.29975036944697,1.67295963090942,0.000736508639926461,"only GSE161829_ATB"
"REACTOME_BIOSYNTHESIS_OF_THE_N_GLYCAN_PRECURSOR_DOLICHOL_LIPID_LINKED_OLIGOSACCHARIDE_LLO_AND_TRANSFER_TO_A_NASCENT_PROTEIN",1.4225573111193,0.120888371788275,1.46653247586392,0.0835215117878403,"neither"
"REACTOME_DDX58_IFIH1_MEDIATED_INDUCTION_OF_INTERFERON_ALPHA_BETA",1.59525324368655,0.0268023621640068,1.28876233257116,0.234220270386636,"only GSE114192_TB"
"REACTOME_COPII_MEDIATED_VESICLE_TRANSPORT",1.14231926280613,0.475614135141415,1.73932831919138,0.00626734263783755,"only GSE161829_ATB"
"REACTOME_TRAF6_MEDIATED_IRF7_ACTIVATION",1.57713031605421,0.0690654077216588,1.30328581543564,0.317327920964588,"neither"
"REACTOME_GOLGI_TO_ER_RETROGRADE_TRANSPORT",0.988923273042202,0.678109179962352,1.89122206363846,2.22110393986669e-05,"only GSE161829_ATB"
"REACTOME_INFLAMMASOMES",1.55340434540922,0.0579773945732027,1.32272053821565,0.271908824223623,"neither"
"REACTOME_IRON_UPTAKE_AND_TRANSPORT",1.76544064418502,0.00681183104381897,1.10819170347403,0.469999709158596,"only GSE114192_TB"
"REACTOME_DOWNSTREAM_SIGNALING_EVENTS_OF_B_CELL_RECEPTOR_BCR",0.969424658303599,0.702450818815471,1.90292587240077,9.23588901616948e-05,"only GSE161829_ATB"
"REACTOME_SARS_COV_2_INFECTION",1.25432851799549,0.171472943044749,1.61683915074729,0.000307888543662362,"only GSE161829_ATB"
"REACTOME_REGULATION_OF_EXPRESSION_OF_SLITS_AND_ROBOS",1.33782989614773,0.163223938223938,1.52989879543607,0.0107573373262764,"only GSE161829_ATB"
"REACTOME_TRANSLESION_SYNTHESIS_BY_Y_FAMILY_DNA_POLYMERASES_BYPASSES_LESIONS_ON_DNA_TEMPLATE",1.33442361222858,0.295397191134518,1.53288454247975,0.0733946006872149,"neither"
"REACTOME_ISG15_ANTIVIRAL_MECHANISM",1.01918112276491,0.641937145801133,1.84783246801654,0.000566565564457881,"only GSE161829_ATB"
"REACTOME_PINK1_PRKN_MEDIATED_MITOPHAGY",1.29960288542221,0.346155546061258,1.55823189738924,0.0501451478614619,"neither"
"REACTOME_CRISTAE_FORMATION",1.46240067814022,0.155776293477989,1.3950266806094,0.143696027633851,"neither"
"REACTOME_SMOOTH_MUSCLE_CONTRACTION",1.26994539853589,0.36142824304651,1.58714227878516,0.0400891505107626,"only GSE161829_ATB"
"REACTOME_MITOTIC_G2_G2_M_PHASES",0.766510923194842,0.96131378816268,2.08905122438685,8.66249593949128e-10,"only GSE161829_ATB"
"REACTOME_CYTOSOLIC_SENSORS_OF_PATHOGEN_ASSOCIATED_DNA",1.32373706291442,0.244938642260773,1.53004158694288,0.0480452633126897,"only GSE161829_ATB"
"REACTOME_REGULATION_OF_MITF_M_DEPENDENT_GENES_INVOLVED_IN_LYSOSOME_BIOGENESIS_AND_AUTOPHAGY",1.57826557877293,0.0579773945732027,1.27373552317717,0.341576231987191,"neither"
"REACTOME_GOLGI_ASSOCIATED_VESICLE_BIOGENESIS",1.56840469540231,0.0310516890473563,1.28321296383281,0.253585468558199,"only GSE114192_TB"
"REACTOME_NICOTINATE_METABOLISM",1.60657329467265,0.0524979992873562,1.24493526738621,0.345759539441033,"neither"
"REACTOME_PHASE_II_CONJUGATION_OF_COMPOUNDS",1.38455086927929,0.214913551627548,1.4640448074685,0.0799270253092045,"neither"
"REACTOME_TP53_REGULATES_TRANSCRIPTION_OF_ADDITIONAL_CELL_CYCLE_GENES_WHOSE_EXACT_ROLE_IN_THE_P53_PATHWAY_REMAIN_UNCERTAIN",-1.46745153257139,0.216695217058783,-1.38012021170439,0.216133732747137,"neither"
"REACTOME_DEADENYLATION_OF_MRNA",-1.84621769451806,0.00868870280751299,-1.00025102300751,0.62015503875969,"only GSE114192_TB"
"REACTOME_CARGO_CONCENTRATION_IN_THE_ER",1.08730533013106,0.569379281941685,1.75780127577907,0.0218906308645722,"only GSE161829_ATB"
"REACTOME_RIPK1_MEDIATED_REGULATED_NECROSIS",1.66468426914507,0.0292047113434148,1.18030779545106,0.414481582106527,"only GSE114192_TB"
"REACTOME_RMTS_METHYLATE_HISTONE_ARGININES",1.03786071225986,0.616411402666499,1.80624475312896,0.00283373478556685,"only GSE161829_ATB"
"REACTOME_CLEC7A_DECTIN_1_SIGNALING",1.14745241561941,0.456701484214139,1.69444905822606,0.00311398518317128,"only GSE161829_ATB"
"REACTOME_PD_L1_CD274_GLYCOSYLATION_AND_TRANSLOCATION_TO_PLASMA_MEMBRANE",1.44460889448051,0.173919801919735,1.39218864965337,0.215825747245052,"neither"
"REACTOME_RNA_POLYMERASE_I_PROMOTER_ESCAPE",1.24229270687397,0.365298507462687,1.59433085918368,0.0234946709199331,"only GSE161829_ATB"
"REACTOME_MEIOTIC_SYNAPSIS",1.3241483537869,0.305810079133694,1.51241379890216,0.0577032851079895,"neither"
"REACTOME_DNA_DAMAGE_BYPASS",1.235256425365,0.363621015667207,1.60094155963178,0.0425234658714679,"only GSE161829_ATB"
"REACTOME_MITOCHONDRIAL_TRANSLATION",1.49163846837186,0.0593962529610415,1.34033540821203,0.120992135511192,"neither"
"REACTOME_BASE_EXCISION_REPAIR",1.3938103209879,0.17944781761943,1.43619641307126,0.0626381715168502,"neither"
"REACTOME_TELOMERE_MAINTENANCE",1.28562200033173,0.293652537554977,1.54320899427212,0.0292430280793544,"only GSE161829_ATB"
"REACTOME_MATURATION_OF_DENV_PROTEINS",1.1017113589176,0.536170360554831,1.72682596778827,0.0114124210800058,"only GSE161829_ATB"
"REACTOME_MYD88_INDEPENDENT_TLR4_CASCADE",1.50061748649363,0.0347785225818623,1.32386933280162,0.141878910291147,"only GSE114192_TB"
"REACTOME_PHOSPHORYLATION_OF_CD3_AND_TCR_ZETA_CHAINS",1.07581470421993,0.572965227745151,1.74838003669782,0.0265187927066819,"only GSE161829_ATB"
"REACTOME_SEALING_OF_THE_NUCLEAR_ENVELOPE_NE_BY_ESCRT_III",1.08083467618502,0.579474222180502,1.74018547729338,0.023901797511,"only GSE161829_ATB"
"REACTOME_TRANSFERRIN_ENDOCYTOSIS_AND_RECYCLING",1.62848557600326,0.0440591614819108,1.19036350146275,0.414481582106527,"only GSE114192_TB"
"REACTOME_HIV_INFECTION",1.10219579289164,0.495117681384945,1.71426187895225,7.17721467871761e-05,"only GSE161829_ATB"
"REACTOME_TERMINATION_OF_TRANSLESION_DNA_SYNTHESIS",1.3004320171075,0.33384484228474,1.51380333850446,0.0730296292985206,"neither"
"REACTOME_PROTEIN_LOCALIZATION",1.40920316368846,0.0690654077216588,1.3976095905643,0.0568225736164385,"neither"
"REACTOME_CELL_JUNCTION_ORGANIZATION",1.19784571438378,0.310157862341142,1.60558910043801,0.00121096937400757,"only GSE161829_ATB"
"REACTOME_DISORDERS_OF_TRANSMEMBRANE_TRANSPORTERS",0.948926815624442,0.752459742618557,1.853766245682,3.80214599586703e-05,"only GSE161829_ATB"
"REACTOME_SARS_COV_INFECTIONS",1.31870704610755,0.0538595067479478,1.48234737955291,0.00181222257988228,"only GSE161829_ATB"
"REACTOME_FORMATION_OF_PARAXIAL_MESODERM",1.24099845881472,0.36181090237142,1.55764532098013,0.0459909325139447,"only GSE161829_ATB"
"REACTOME_INOSITOL_PHOSPHATE_METABOLISM",-1.7028879604145,0.0213406832667458,-1.09440633499911,0.450100141165918,"only GSE114192_TB"
"REACTOME_TRANSPORT_TO_THE_GOLGI_AND_SUBSEQUENT_MODIFICATION",0.884291707570593,0.842599978684993,1.9126428144631,1.88571948029005e-06,"only GSE161829_ATB"
"REACTOME_EVASION_BY_RSV_OF_HOST_INTERFERON_RESPONSES",1.48103251483667,0.156161699024701,1.31535940971589,0.292234208006553,"neither"
"REACTOME_METABOLISM_OF_NUCLEOTIDES",1.07428229315728,0.555426045992084,1.71887249926403,0.00253781196202588,"only GSE161829_ATB"
"REACTOME_GENE_AND_PROTEIN_EXPRESSION_BY_JAK_STAT_SIGNALING_AFTER_INTERLEUKIN_12_STIMULATION",1.38024533791491,0.244938642260773,1.41051476993939,0.133869247805758,"neither"
"REACTOME_AUTOPHAGY",1.31146118042404,0.178457204407987,1.47864977972074,0.0122820846971658,"only GSE161829_ATB"
"REACTOME_TOLL_LIKE_RECEPTOR_TLR1_TLR2_CASCADE",1.66006339304402,0.00511292357653831,1.12606042037429,0.421713080819769,"only GSE114192_TB"
"REACTOME_FOXO_MEDIATED_TRANSCRIPTION",-1.25777120670998,0.255014326647564,-1.52757286987079,0.0480452633126897,"only GSE161829_ATB"
"REACTOME_NUCLEOTIDE_SALVAGE",1.24800725316311,0.375357027281809,1.5371124945285,0.105336712600629,"neither"
"REACTOME_HCMV_INFECTION",1.01891086783335,0.652447780959506,1.76583527752682,0.000307888543662362,"only GSE161829_ATB"
"REACTOME_SYNTHESIS_OF_SUBSTRATES_IN_N_GLYCAN_BIOSYTHESIS",1.42954451487359,0.137248453553714,1.35480770831479,0.160432370928744,"neither"
"REACTOME_DISORDERS_OF_DEVELOPMENTAL_BIOLOGY",-1.74027064444715,0.0286786249815215,-1.03627921253613,0.575492944054698,"only GSE114192_TB"
"REACTOME_DEUBIQUITINATION",1.1965879113643,0.313371162520006,1.57994296374889,0.00121023348202892,"only GSE161829_ATB"
"REACTOME_TOLL_LIKE_RECEPTOR_9_TLR9_CASCADE",1.5229002570459,0.0232302505522803,1.25100609269186,0.234220270386636,"only GSE114192_TB"
"REACTOME_CD28_DEPENDENT_PI3K_AKT_SIGNALING",-1.71401898647084,0.0431163809592286,-1.05791746103659,0.53864441156423,"only GSE114192_TB"
"REACTOME_NGF_STIMULATED_TRANSCRIPTION",-1.40566099337124,0.255029399811716,-1.35893111950151,0.207535722504655,"neither"
"REACTOME_TAK1_DEPENDENT_IKK_AND_NF_KAPPA_B_ACTIVATION",1.54091974484927,0.0685482138863971,1.22186442762459,0.324436626546074,"neither"
"REACTOME_E3_UBIQUITIN_LIGASES_UBIQUITINATE_TARGET_PROTEINS",1.43662149868293,0.146188622507827,1.32364171510648,0.210074003342086,"neither"
"REACTOME_MITOTIC_PROPHASE",0.885566906162628,0.821413920161867,1.87003401414683,4.02906534203833e-05,"only GSE161829_ATB"
"REACTOME_INTERLEUKIN_37_SIGNALING",1.1356736456297,0.539861351819757,1.61973697145115,0.0566991498931493,"neither"
"REACTOME_DENGUE_VIRUS_GENOME_TRANSLATION_AND_REPLICATION",0.976131236128625,0.701426192119557,1.77786449158663,0.000576590164278293,"only GSE161829_ATB"
"REACTOME_S_PHASE",0.906209121568324,0.809103924778103,1.84187151708757,3.52364320705957e-05,"only GSE161829_ATB"
"REACTOME_INTERLEUKIN_4_AND_INTERLEUKIN_13_SIGNALING",1.34418824409359,0.191778366843386,1.40328068257202,0.112166380130527,"neither"
"REACTOME_PRE_NOTCH_EXPRESSION_AND_PROCESSING",1.35798500642915,0.197663079665786,1.38352317464174,0.122019421424577,"neither"
"REACTOME_PERK_REGULATES_GENE_EXPRESSION",1.3735059055566,0.225566442182472,1.3672936568304,0.207825392600479,"neither"
"REACTOME_ANTIMICROBIAL_PEPTIDES",1.75268539072848,0.0170223196814602,0.987198813193026,0.64612188365651,"only GSE114192_TB"
"REACTOME_OXIDATIVE_STRESS_INDUCED_SENESCENCE",1.35456400754678,0.182046565810989,1.38454398115028,0.106147722246793,"neither"
"REACTOME_GLUCONEOGENESIS",1.12110949956234,0.539861351819757,1.6174632755348,0.0336244419380996,"only GSE161829_ATB"
"REACTOME_CHEMOKINE_RECEPTORS_BIND_CHEMOKINES",1.09817031967416,0.569379281941685,1.63870461137043,0.0232206237945239,"only GSE161829_ATB"
"REACTOME_TP53_REGULATES_METABOLIC_GENES",1.31987153882158,0.250953494333408,1.41681071517597,0.108843537414966,"neither"
"REACTOME_ACTIVATED_TAK1_MEDIATES_P38_MAPK_ACTIVATION",1.50252583660743,0.102910600093042,1.23222403769254,0.368844243490656,"neither"
"REACTOME_SYNTHESIS_OF_IP3_AND_IP4_IN_THE_CYTOSOL",-1.65715947356323,0.0671986202047993,-1.07716606172124,0.539409288197979,"neither"
"REACTOME_CASPASE_ACTIVATION_VIA_EXTRINSIC_APOPTOTIC_SIGNALLING_PATHWAY",1.37230012949721,0.249274106369102,1.36092673326582,0.251241422205908,"neither"
"REACTOME_HSP90_CHAPERONE_CYCLE_FOR_STEROID_HORMONE_RECEPTORS_SHR_IN_THE_PRESENCE_OF_LIGAND",0.802227500925785,0.895789023865134,1.9305640120576,0.000261745209153109,"only GSE161829_ATB"
"REACTOME_INTERCONVERSION_OF_NUCLEOTIDE_DI_AND_TRIPHOSPHATES",1.12655730394965,0.538172827738226,1.60602550529918,0.0340180715719643,"only GSE161829_ATB"
"REACTOME_PROTEIN_UBIQUITINATION",1.26898905842264,0.308084463605753,1.46137089922575,0.0723126752298917,"neither"
"REACTOME_SELECTIVE_AUTOPHAGY",0.907047180332654,0.786995963009905,1.82017914689875,0.000426249719940534,"only GSE161829_ATB"
"REACTOME_REGULATION_OF_BETA_CELL_DEVELOPMENT",-1.48305257588899,0.164569776230559,-1.2421642451712,0.339511235033623,"neither"
"REACTOME_C_TYPE_LECTIN_RECEPTORS_CLRS",1.12310506887085,0.477519255689346,1.60124075946119,0.0104038301088814,"only GSE161829_ATB"
"REACTOME_DENGUE_VIRUS_HOST_INTERACTIONS",1.22440605382017,0.249204530991473,1.48461400158498,0.0078371490444855,"only GSE161829_ATB"
"REACTOME_ANTIGEN_PROCESSING_UBIQUITINATION_PROTEASOME_DEGRADATION",1.1204178447786,0.430785528031291,1.58841552518516,0.000503644048049237,"only GSE161829_ATB"
"REACTOME_IKK_COMPLEX_RECRUITMENT_MEDIATED_BY_RIP1",1.32898500109113,0.281053459119497,1.37732179212687,0.23001357719032,"neither"
"REACTOME_AMINO_ACIDS_REGULATE_MTORC1",1.40145867438992,0.197129970198942,1.30446346991275,0.236437876725647,"neither"
"REACTOME_REGULATION_OF_ENDOGENOUS_RETROELEMENTS_BY_PIWI_INTERACTING_RNAS_PIRNAS",1.16723804827801,0.457969103134211,1.53799467208685,0.0459909325139447,"only GSE161829_ATB"
"REACTOME_PTEN_REGULATION",1.02475083092065,0.629523267052615,1.68030595694419,0.00181207307066367,"only GSE161829_ATB"
"REACTOME_CYTOPROTECTION_BY_HMOX1",1.37158741211256,0.22012556860439,1.33144207152791,0.204392094915953,"neither"
"REACTOME_MEIOSIS",1.27375340402055,0.308084463605753,1.42919608424199,0.0631845936839791,"neither"
"REACTOME_FCERI_MEDIATED_CA_2_MOBILIZATION",-1.13489536648701,0.430785528031291,-1.5663982769359,0.0460240590775007,"only GSE161829_ATB"
"REACTOME_SIGNALING_BY_TYPE_1_INSULIN_LIKE_GROWTH_FACTOR_1_RECEPTOR_IGF1R",-1.47183295683497,0.14366051086565,-1.22815049727424,0.319965409144957,"neither"
"REACTOME_SYNTHESIS_OF_VERY_LONG_CHAIN_FATTY_ACYL_COAS",0.946443080211461,0.736708244572766,1.74820176065999,0.00679366956369761,"only GSE161829_ATB"
"REACTOME_CHROMOSOME_MAINTENANCE",1.15434161931025,0.434410504947443,1.54016196683518,0.0196423383665006,"only GSE161829_ATB"
"REACTOME_ERCC6_CSB_AND_EHMT2_G9A_POSITIVELY_REGULATE_RRNA_EXPRESSION",1.28932536702084,0.33905386485889,1.39777924550093,0.145650006502232,"neither"
"REACTOME_M_DECAY_DEGRADATION_OF_MATERNAL_MRNAS_BY_MATERNALLY_STORED_FACTORS",-1.71224741051671,0.0454739431292261,-0.974806487331525,0.644305721771194,"only GSE114192_TB"
"REACTOME_GPCR_LIGAND_BINDING",1.35804788845719,0.118552855924979,1.32895563193722,0.121881240563466,"neither"
"REACTOME_TRANSLATION_OF_SARS_COV_1_STRUCTURAL_PROTEINS",1.19465386289163,0.445370217459719,1.49138230034643,0.115082542775611,"neither"
"REACTOME_PLATELET_ACTIVATION_SIGNALING_AND_AGGREGATION",1.55787783282412,0.00655547838059561,1.12271083751982,0.406217616580311,"only GSE114192_TB"
"REACTOME_MAPK6_MAPK4_SIGNALING",1.11008959331412,0.520182244789016,1.56756896680026,0.0211293550360674,"only GSE161829_ATB"
"REACTOME_CDC42_GTPASE_CYCLE",-1.42594474981926,0.0426330957324305,-1.25112303766873,0.145104398847435,"only GSE114192_TB"
"REACTOME_SUMOYLATION_OF_TRANSCRIPTION_COFACTORS",-1.20035632546208,0.35654619843164,-1.4696924658634,0.0730296292985206,"neither"
"REACTOME_ACTIVATION_OF_ANTERIOR_HOX_GENES_IN_HINDBRAIN_DEVELOPMENT_DURING_EARLY_EMBRYOGENESIS",1.23112340501687,0.353482486728427,1.43097837142699,0.0627469544343061,"neither"
"REACTOME_SIGNALING_BY_BMP",-1.38023597514309,0.215673955613577,-1.28152175878146,0.299983553533249,"neither"
"REACTOME_REGULATION_OF_INSULIN_LIKE_GROWTH_FACTOR_IGF_TRANSPORT_AND_UPTAKE_BY_INSULIN_LIKE_GROWTH_FACTOR_BINDING_PROTEINS_IGFBPS",1.60357133637951,0.0333970447963706,1.05622176944218,0.554966366640808,"only GSE114192_TB"
"REACTOME_CELLULAR_SENESCENCE",1.20908184725061,0.317798607274509,1.44789914153207,0.021300253245979,"only GSE161829_ATB"
"REACTOME_G2_M_DNA_DAMAGE_CHECKPOINT",0.862671343009582,0.842599978684993,1.78976971350604,0.000820134765575432,"only GSE161829_ATB"
"REACTOME_COPI_DEPENDENT_GOLGI_TO_ER_RETROGRADE_TRAFFIC",0.705585971303476,0.971273525931549,1.94570908332682,4.96203949396136e-05,"only GSE161829_ATB"
"REACTOME_TCF_DEPENDENT_SIGNALING_IN_RESPONSE_TO_WNT",1.00153054340176,0.663374136468307,1.6476091265224,0.000775555620997265,"only GSE161829_ATB"
"REACTOME_LEISHMANIA_INFECTION",1.57934594613729,0.00613358355944074,1.06918913515332,0.50582828620994,"only GSE114192_TB"
"REACTOME_TNFR1_INDUCED_PROAPOPTOTIC_SIGNALING",1.47092177536901,0.164569776230559,1.17670990869735,0.422514426848306,"neither"
"REACTOME_GENE_SILENCING_BY_RNA",1.22711671606911,0.374740923774017,1.41836720025994,0.0761704190677886,"neither"
"REACTOME_ACTIVATION_OF_AMPK_DOWNSTREAM_OF_NMDARS",0.795364038714584,0.851685225690992,1.8486176495037,0.00121023348202892,"only GSE161829_ATB"
"REACTOME_CA2_PATHWAY",-1.48872308872784,0.0958132214123829,-1.15269067557563,0.369451337193273,"neither"
"REACTOME_G_ALPHA_I_SIGNALLING_EVENTS",1.25334501432552,0.248104654483152,1.38432018228009,0.0853891094031168,"neither"
"REACTOME_INTRA_GOLGI_AND_RETROGRADE_GOLGI_TO_ER_TRAFFIC",1.01555605476556,0.633456723245456,1.6213332773724,0.00222816864419108,"only GSE161829_ATB"
"REACTOME_ZBP1_DAI_MEDIATED_INDUCTION_OF_TYPE_I_IFNS",1.27101066300084,0.357739056850527,1.36555537574093,0.24234604434596,"neither"
"REACTOME_TRANSCRIPTIONAL_REGULATION_OF_BROWN_AND_BEIGE_ADIPOCYTE_DIFFERENTIATION",-1.75973560647891,0.0324840395499374,-0.874439864623531,0.76883676726167,"only GSE114192_TB"
"REACTOME_GLYCOSPHINGOLIPID_METABOLISM",1.52187741229832,0.0629209590929155,1.10960601788416,0.481032214961271,"neither"
"REACTOME_EXPRESSION_OF_BMAL_ARNTL_CLOCK_AND_NPAS2",-1.19425359426773,0.365298507462687,-1.43707905611551,0.136426332288401,"neither"
"REACTOME_PEROXISOMAL_LIPID_METABOLISM",1.01769329494666,0.652447780959506,1.61330738222566,0.0421903666979006,"only GSE161829_ATB"
"REACTOME_BETA_CATENIN_INDEPENDENT_WNT_SIGNALING",1.0663451551564,0.569340033615021,1.5620668110727,0.0135539490363072,"only GSE161829_ATB"
"REACTOME_INTERLEUKIN_2_FAMILY_SIGNALING",1.22695419017206,0.413828502415459,1.39858687194307,0.142260275382304,"neither"
"REACTOME_CHONDROITIN_SULFATE_DERMATAN_SULFATE_METABOLISM",1.0175595237046,0.67120202892896,1.60621913844467,0.0340180715719643,"only GSE161829_ATB"
"REACTOME_SIGNALING_BY_ERBB4",1.17725284047205,0.448222514812377,1.4418302902022,0.115082542775611,"neither"
"REACTOME_IRS_MEDIATED_SIGNALLING",-1.40419285308769,0.19981253208813,-1.21024040416211,0.354652505195105,"neither"
"REACTOME_SIGNALING_BY_THE_B_CELL_RECEPTOR_BCR",1.07931722216899,0.539861351819757,1.53186957676901,0.025129436486028,"only GSE161829_ATB"
"REACTOME_RIP_MEDIATED_NFKB_ACTIVATION_VIA_ZBP1",1.26987604990239,0.36181090237142,1.34065089189609,0.277016303563699,"neither"
"REACTOME_TRANSLOCATION_OF_SLC2A4_GLUT4_TO_THE_PLASMA_MEMBRANE",0.841653102966088,0.851685225690992,1.76824355991013,0.00270367314690978,"only GSE161829_ATB"
"REACTOME_SIGNAL_AMPLIFICATION",1.53964294395036,0.0694106630509592,1.06819329735525,0.54205376884899,"neither"
"REACTOME_REGULATION_OF_CDH1_GENE_TRANSCRIPTION",1.1837603943043,0.435111111111111,1.42177250862644,0.105463303333756,"neither"
"REACTOME_SPHINGOLIPID_METABOLISM",1.40167699433877,0.131053664921466,1.20236183581968,0.317249584040967,"neither"
"REACTOME_PROCESSING_OF_DNA_DOUBLE_STRAND_BREAK_ENDS",0.925434166148663,0.758491867653692,1.67825736616806,0.00380379304888852,"only GSE161829_ATB"
"REACTOME_TURBULENT_OSCILLATORY_DISTURBED_FLOW_SHEAR_STRESS_ACTIVATES_SIGNALING_BY_PIEZO1_AND_INTEGRINS_IN_ENDOTHELIAL_CELLS",0.94298981820808,0.733437122584541,1.65911367297317,0.0529620593735743,"neither"
"REACTOME_HEMOSTASIS",1.30604395851885,0.0575425131694192,1.29221410493956,0.0480452633126897,"only GSE161829_ATB"
"REACTOME_METABOLISM_OF_CARBOHYDRATES_AND_CARBOHYDRATE_DERIVATIVES",1.05804404598158,0.569379281941685,1.53405007741351,0.00344691434740606,"only GSE161829_ATB"
"REACTOME_METABOLISM_OF_VITAMINS_AND_COFACTORS",1.4397297869158,0.0431730684033945,1.14769484563087,0.346979794774146,"only GSE114192_TB"
"REACTOME_FATTY_ACID_METABOLISM",1.08119786265675,0.536170360554831,1.50277920735866,0.0204847433414427,"only GSE161829_ATB"
"REACTOME_MITOCHONDRIAL_PROTEIN_IMPORT",1.20017302083639,0.408919352609216,1.38186618132158,0.144329896907217,"neither"
"REACTOME_GLYCOSPHINGOLIPID_CATABOLISM",1.61933349908623,0.0343867295814113,0.962344179506002,0.671293017986121,"only GSE114192_TB"
"REACTOME_TRANSLATION_OF_SARS_COV_2_STRUCTURAL_PROTEINS",1.00934482650066,0.658746625919146,1.57089427647136,0.0460819501377698,"only GSE161829_ATB"
"REACTOME_TRANSPORT_OF_SMALL_MOLECULES",1.20790452969552,0.187548520455001,1.37173208241939,0.0078371490444855,"only GSE161829_ATB"
"REACTOME_INFECTION_WITH_MYCOBACTERIUM_TUBERCULOSIS",1.32765319973942,0.307208921538257,1.24985226244227,0.344199599344382,"neither"
"REACTOME_B_WICH_COMPLEX_POSITIVELY_REGULATES_RRNA_EXPRESSION",1.13189254680323,0.503064592173503,1.44365432379219,0.11796290585082,"neither"
"REACTOME_TRANSCRIPTIONAL_REGULATION_BY_RUNX3",1.02595681290341,0.633561831419941,1.54939403960797,0.0377595025482522,"only GSE161829_ATB"
"REACTOME_NOTCH2_ACTIVATION_AND_TRANSMISSION_OF_SIGNAL_TO_THE_NUCLEUS",1.24515899013457,0.404997022185609,1.32789886862094,0.269969912991624,"neither"
"REACTOME_MITF_M_DEPENDENT_GENE_EXPRESSION",1.00713649855316,0.658746625919146,1.56061540868407,0.0210317308581283,"only GSE161829_ATB"
"REACTOME_DISEASES_OF_GLYCOSYLATION",1.30870903428188,0.228688448001993,1.25891840446358,0.23884699456789,"neither"
"REACTOME_ATF4_ACTIVATES_GENES_IN_RESPONSE_TO_ENDOPLASMIC_RETICULUM_STRESS",1.32899138876418,0.307208921538257,1.23729808282433,0.358056265984655,"neither"
"REACTOME_TRANSCRIPTIONAL_REGULATION_BY_NPAS4",-1.25954679858775,0.310334642123843,-1.30663798280849,0.26185451569835,"neither"
"REACTOME_RUNX1_REGULATES_GENES_INVOLVED_IN_MEGAKARYOCYTE_DIFFERENTIATION_AND_PLATELET_FUNCTION",1.28079921508552,0.313371162520006,1.28473180036843,0.240907029478458,"neither"
"REACTOME_SYNTHESIS_OF_ACTIVE_UBIQUITIN_ROLES_OF_E1_AND_E2_ENZYMES",1.07768774640604,0.589512500995302,1.48273924062789,0.0935267929943765,"neither"
"REACTOME_DENGUE_VIRUS_ATTACHMENT_AND_ENTRY",1.71283149859805,0.0142772576560062,0.846944592560266,0.807671030794763,"only GSE114192_TB"
"REACTOME_CELL_CELL_COMMUNICATION",1.07546841957217,0.539068748618396,1.48429057400298,0.00891722757574199,"only GSE161829_ATB"
"REACTOME_DNA_REPAIR",0.920415260293209,0.828316831683168,1.63930945848712,6.93642888569069e-05,"only GSE161829_ATB"
"REACTOME_EPH_EPHRIN_SIGNALING",1.40043797927576,0.145230677940958,1.15760390090219,0.38954950113646,"neither"
"REACTOME_KSRP_KHSRP_BINDS_AND_DESTABILIZES_MRNA",0.996150926624176,0.695029507529508,1.55827345144433,0.0548772914242374,"neither"
"REACTOME_CREB1_PHOSPHORYLATION_THROUGH_NMDA_RECEPTOR_MEDIATED_ACTIVATION_OF_RAS_SIGNALING",-1.53511566725165,0.118200078695597,-1.01588853798119,0.598877105427324,"neither"
"REACTOME_DEFECTIVE_INTRINSIC_PATHWAY_FOR_APOPTOSIS",0.82220132082386,0.842717336044738,1.72688920730545,0.012025162550264,"only GSE161829_ATB"
"REACTOME_METABOLISM_OF_AMINO_ACIDS_AND_DERIVATIVES",1.23785051369554,0.182046565810989,1.31116858230382,0.0877377989623318,"neither"
"REACTOME_BIOLOGICAL_OXIDATIONS",1.29538860214564,0.241477251493023,1.24906617382919,0.239238972578608,"neither"
"REACTOME_MAP2K_AND_MAPK_ACTIVATION",1.29024095688414,0.33384484228474,1.2540979843023,0.324436626546074,"neither"
"REACTOME_REPRODUCTION",1.16884003215376,0.42514085261656,1.37001811412313,0.112084499258608,"neither"
"REACTOME_APC_C_CDC20_MEDIATED_DEGRADATION_OF_CYCLIN_B",0.754191071238908,0.905526147032681,1.78338459630419,0.00959199492153225,"only GSE161829_ATB"
"REACTOME_TICAM1_RIP1_MEDIATED_IKK_COMPLEX_RECRUITMENT",1.25807774721731,0.363621015667207,1.27943733664073,0.317327920964588,"neither"
"REACTOME_DISEASES_OF_METABOLISM",1.24226253692164,0.283486955490277,1.29238341077823,0.121881240563466,"neither"
"REACTOME_TP53_REGULATES_TRANSCRIPTION_OF_CELL_DEATH_GENES",1.47969967134732,0.0847476414485346,1.05458967015626,0.564287042558785,"neither"
"REACTOME_LATE_SARS_COV_2_INFECTION_EVENTS",1.00095539976635,0.658746625919146,1.53135502155465,0.0463678464761738,"only GSE161829_ATB"
"REACTOME_METABOLISM_OF_WATER_SOLUBLE_VITAMINS_AND_COFACTORS",1.35432825257707,0.173919801919735,1.16940406234241,0.359926204154788,"neither"
"REACTOME_DISEASES_ASSOCIATED_WITH_GLYCOSYLATION_PRECURSOR_BIOSYNTHESIS",1.19806649318951,0.468978547412895,1.32105152253676,0.302756980756009,"neither"
"REACTOME_TRAF6_MEDIATED_NF_KB_ACTIVATION",1.63669898417664,0.0431730684033945,0.879214150718168,0.776413636231081,"only GSE114192_TB"
"REACTOME_SRP_DEPENDENT_COTRANSLATIONAL_PROTEIN_TARGETING_TO_MEMBRANE",1.4192856942943,0.110464540774045,1.09367822641274,0.473564864542308,"neither"
"REACTOME_MITOPHAGY",1.11635727029478,0.529554399119617,1.3935730134534,0.137783363589815,"neither"
"REACTOME_NEGATIVE_EPIGENETIC_REGULATION_OF_RRNA_EXPRESSION",1.12646212099752,0.503161716762341,1.37840057454008,0.124113475177305,"neither"
"REACTOME_ENDOSOMAL_SORTING_COMPLEX_REQUIRED_FOR_TRANSPORT_ESCRT",1.61074068026311,0.0355936353280742,0.888013797883033,0.776413636231081,"only GSE114192_TB"
"REACTOME_METALLOPROTEASE_DUBS",1.05203808209305,0.605876253508891,1.44266691375066,0.122019421424577,"neither"
"REACTOME_DISEASES_OF_CARBOHYDRATE_METABOLISM",1.23709846673823,0.413778529163145,1.24959793308936,0.344199599344382,"neither"
"REACTOME_TNFS_BIND_THEIR_PHYSIOLOGICAL_RECEPTORS",1.11671696412468,0.536170360554831,1.36698771098352,0.24234604434596,"neither"
"REACTOME_MITOCHONDRIAL_FATTY_ACID_BETA_OXIDATION",1.27520337016016,0.363456150182124,1.20604024665455,0.380637020486566,"neither"
"REACTOME_NUCLEAR_RECEPTOR_TRANSCRIPTION_PATHWAY",-1.60784345587365,0.0878484716257512,-0.871973125809392,0.799345989644836,"neither"
"REACTOME_SIGNALING_BY_WNT",0.946504439797211,0.752800886084019,1.53172711108774,0.00334374504702565,"only GSE161829_ATB"
"REACTOME_SIALIC_ACID_METABOLISM",1.20703148928855,0.444035134297978,1.26938811141113,0.317249584040967,"neither"
"REACTOME_HCMV_LATE_EVENTS",1.11888938146486,0.493509766855703,1.34162396697986,0.136426332288401,"neither"
"REACTOME_HDACS_DEACETYLATE_HISTONES",1.22218861998443,0.404997022185609,1.23832168459016,0.277202678470881,"neither"
"REACTOME_RHOH_GTPASE_CYCLE",0.878407007595741,0.799004975124378,1.57101589797584,0.0429163767121275,"only GSE161829_ATB"
"REACTOME_RND2_GTPASE_CYCLE",-1.54864120183142,0.124190402598182,-0.898175353076529,0.76621844774711,"neither"
"REACTOME_TRANSCRIPTIONAL_ACTIVATION_OF_MITOCHONDRIAL_BIOGENESIS",-1.21309866556063,0.29975036944697,-1.22833884856417,0.280130293159609,"neither"
"REACTOME_BUDDING_AND_MATURATION_OF_HIV_VIRION",1.51438381027797,0.0956950688106063,0.92144649820268,0.720088339749903,"neither"
"REACTOME_AZATHIOPRINE_ADME",0.950861279655617,0.735341151385928,1.47928432559241,0.133537348727222,"neither"
"REACTOME_HOMOLOGY_DIRECTED_REPAIR",0.732729260570553,0.975597664426573,1.69642675811351,0.000798068182647153,"only GSE161829_ATB"
"REACTOME_PEROXISOMAL_PROTEIN_IMPORT",1.07409779238258,0.572976032851688,1.35445553248772,0.171169659338815,"neither"
"REACTOME_MITOCHONDRIAL_UNFOLDED_PROTEIN_RESPONSE_UPRMT",1.05687277820375,0.633561831419941,1.36976542963274,0.251327698406762,"neither"
"REACTOME_NOTCH4_INTRACELLULAR_DOMAIN_REGULATES_TRANSCRIPTION",-1.13955436499989,0.506677307794626,-1.28271903664011,0.299983553533249,"neither"
"REACTOME_NOTCH3_ACTIVATION_AND_TRANSMISSION_OF_SIGNAL_TO_THE_NUCLEUS",1.3125585764948,0.308084463605753,1.10757796837013,0.508716323296355,"neither"
"REACTOME_TRISTETRAPROLIN_TTP_ZFP36_BINDS_AND_DESTABILIZES_MRNA",1.23829914601269,0.423854643528869,1.17699498966023,0.439739413680782,"neither"
"REACTOME_INSULIN_RECEPTOR_SIGNALLING_CASCADE",-1.24961609903192,0.292119896921199,-1.1654295525552,0.401014914289251,"neither"
"REACTOME_LATE_ENDOSOMAL_MICROAUTOPHAGY",1.18338895888797,0.456701484214139,1.22664627764228,0.346979794774146,"neither"
"REACTOME_N_GLYCAN_TRIMMING_IN_THE_ER_AND_CALNEXIN_CALRETICULIN_CYCLE",1.0949032722057,0.549464940507371,1.31446682174204,0.235886247529351,"neither"
"REACTOME_RND3_GTPASE_CYCLE",-1.41553718371982,0.162901854696262,-0.980170432767684,0.6553911205074,"neither"
"REACTOME_REGULATION_OF_EXPRESSION_AND_FUNCTION_OF_TYPE_II_CLASSICAL_CADHERINS",-1.40167548121513,0.225566442182472,-0.993411107908292,0.636766431411009,"neither"
"REACTOME_PLATELET_HOMEOSTASIS",0.977149096267007,0.69526578949894,1.41777930574105,0.123046460646347,"neither"
"REACTOME_GASTRULATION",1.01057895934272,0.658354960905849,1.38315780255292,0.144329896907217,"neither"
"REACTOME_FORMATION_OF_THE_EARLY_ELONGATION_COMPLEX",1.21998232991323,0.416463169106473,1.17149738983683,0.414481582106527,"neither"
"REACTOME_REGULATION_OF_TP53_ACTIVITY_THROUGH_ACETYLATION",-1.43244771849329,0.164569776230559,-0.95779313048549,0.678962382026357,"neither"
"REACTOME_RNA_POLYMERASE_I_TRANSCRIPTION",0.976446438262184,0.69526578949894,1.40826290872605,0.105414704375198,"neither"
"REACTOME_EPIGENETIC_REGULATION_OF_GENE_EXPRESSION_BY_MLL3_AND_MLL4_COMPLEXES",1.17161516761132,0.421428247768363,1.20480184367411,0.292234208006553,"neither"
"REACTOME_MITOCHONDRIAL_PROTEIN_DEGRADATION",1.26287974549921,0.283486955490277,1.10344874902905,0.438710225944268,"neither"
"REACTOME_SYNTHESIS_OF_PIPS_AT_THE_EARLY_ENDOSOME_MEMBRANE",-1.20747540704811,0.426972281449893,-1.15873853045896,0.429438982070561,"neither"
"REACTOME_RHOB_GTPASE_CYCLE",-1.35902666250243,0.197663079665786,-1.00636148979497,0.600650513676549,"neither"
"REACTOME_SIGNALING_BY_KIT_IN_DISEASE",0.974763726454597,0.701877345702712,1.3833286784106,0.223837368162195,"neither"
"REACTOME_RHO_GTPASES_ACTIVATE_ROCKS",1.59147996004147,0.0564726093758344,0.75225165785649,0.88160154727711,"neither"
"REACTOME_DNA_DOUBLE_STRAND_BREAK_RESPONSE",0.861806718337226,0.821413920161867,1.47949684535837,0.0865815588934949,"neither"
"REACTOME_PLATELET_SENSITIZATION_BY_LDL",1.0090289953343,0.67120202892896,1.33208864914976,0.295769714737894,"neither"
"REACTOME_DRUG_ADME",0.85052976958489,0.832410469423527,1.48988076623134,0.0779296171873914,"neither"
"REACTOME_ATTENUATION_PHASE",0.769333148980595,0.889313271604938,1.5695804948096,0.0457735640498434,"only GSE161829_ATB"
"REACTOME_APOPTOTIC_CLEAVAGE_OF_CELLULAR_PROTEINS",0.734732653022169,0.912919357379115,1.60345440190683,0.059114552452678,"neither"
"REACTOME_APOPTOTIC_EXECUTION_PHASE",0.77922049723603,0.905526147032681,1.55782435143158,0.0480452633126897,"only GSE161829_ATB"
"REACTOME_TGFBR3_EXPRESSION",-1.44036268151833,0.187548520455001,-0.896407995463404,0.745975085597727,"neither"
"REACTOME_UNFOLDED_PROTEIN_RESPONSE_UPR",0.983785591303392,0.685179086043639,1.35066469590601,0.140920878798258,"neither"
"REACTOME_TNF_RECEPTOR_SUPERFAMILY_TNFSF_MEMBERS_MEDIATING_NON_CANONICAL_NF_KB_PATHWAY",1.11699967838894,0.569379281941685,1.21720042120296,0.399299474605954,"neither"
"REACTOME_SIGNALING_BY_RECEPTOR_TYROSINE_KINASES",1.09998888249728,0.448841043545728,1.23223636610417,0.118661351626958,"neither"
"REACTOME_SYNTHESIS_OF_PIPS_AT_THE_PLASMA_MEMBRANE",-1.13699858505539,0.420046396288297,-1.19264768082513,0.339324227174694,"neither"
"REACTOME_TRANSCRIPTIONAL_REGULATION_BY_TP53",0.94448936890934,0.786995963009905,1.38040083903594,0.0265187927066819,"only GSE161829_ATB"
"REACTOME_CARGO_RECOGNITION_FOR_CLATHRIN_MEDIATED_ENDOCYTOSIS",1.26778355989267,0.293652537554977,1.05342535446942,0.546891850073613,"neither"
"REACTOME_HIV_TRANSCRIPTION_ELONGATION",1.04130857139021,0.605876253508891,1.27942847518442,0.277016303563699,"neither"
"REACTOME_REGULATION_OF_KIT_SIGNALING",-0.931408148049075,0.748654104979812,-1.38850343381771,0.219337787602969,"neither"
"REACTOME_RHOA_GTPASE_CYCLE",-1.26664323002096,0.182046565810989,-1.04942554827933,0.481032214961271,"neither"
"REACTOME_ENERGY_DEPENDENT_REGULATION_OF_MTOR_BY_LKB1_AMPK",1.33010635591252,0.308647813613292,0.981348992328305,0.640968574735155,"neither"
"REACTOME_SIGNALING_BY_SCF_KIT",1.05405860764578,0.607942444548335,1.25628904481211,0.317463009284776,"neither"
"REACTOME_SIGNALING_BY_NTRK2_TRKB",-1.30199390869664,0.283486955490277,-1.0073023600238,0.61627227973564,"neither"
"REACTOME_TRAF6_MEDIATED_INDUCTION_OF_TAK1_COMPLEX_WITHIN_TLR4_COMPLEX",0.998385998669838,0.674893471879939,1.3100814210355,0.315314813783889,"neither"
"REACTOME_INTERLEUKIN_17_SIGNALING",1.16159045056137,0.452112715004701,1.14507311856007,0.387269118091991,"neither"
"REACTOME_THROMBOXANE_SIGNALLING_THROUGH_TP_RECEPTOR",1.33743811847067,0.292119896921199,0.961488596826149,0.692125084258961,"neither"
"REACTOME_CELLULAR_RESPONSE_TO_STARVATION",1.2447399544596,0.264023732470334,1.05356789951769,0.54205376884899,"neither"
"REACTOME_ACTIVATED_NOTCH1_TRANSMITS_SIGNAL_TO_THE_NUCLEUS",1.15516488149071,0.499214834130088,1.13537170895671,0.465177745473768,"neither"
"REACTOME_RESPONSE_OF_MTB_TO_PHAGOCYTOSIS",1.01861680008318,0.651128058017117,1.26988354881471,0.319965409144957,"neither"
"REACTOME_RAC3_GTPASE_CYCLE",0.947162454643672,0.743377513234177,1.33864525400714,0.152439866338958,"neither"
"REACTOME_CARBOXYTERMINAL_POST_TRANSLATIONAL_MODIFICATIONS_OF_TUBULIN",0.495388916673896,0.996332518337408,1.78627532525638,0.00959199492153225,"only GSE161829_ATB"
"REACTOME_CIRCADIAN_CLOCK",0.866899903595627,0.845529257067719,1.41151601641924,0.0826160784524378,"neither"
"REACTOME_POTENTIAL_THERAPEUTICS_FOR_SARS",1.3549700669079,0.156307932481218,0.922851772585767,0.762403608322421,"neither"
"REACTOME_CLATHRIN_MEDIATED_ENDOCYTOSIS",1.13225626402703,0.460991325898389,1.14254466471474,0.369172157372152,"neither"
"REACTOME_SIGNALING_BY_NOTCH3",1.19288225022891,0.442639825046336,1.077659605809,0.533536548369952,"neither"
"REACTOME_NCAM_SIGNALING_FOR_NEURITE_OUT_GROWTH",-1.50058120065863,0.0958132214123829,-0.767710314075668,0.898447906005076,"neither"
"REACTOME_MUSCLE_CONTRACTION",1.00380267770084,0.67120202892896,1.26372325145181,0.240088410935108,"neither"
"REACTOME_RESPIRATORY_SYNCYTIAL_VIRUS_RSV_GENOME_REPLICATION_TRANSCRIPTION_AND_TRANSLATION",0.88918993236617,0.786995963009905,1.36697550516322,0.247252747252747,"neither"
"REACTOME_METABOLIC_DISORDERS_OF_BIOLOGICAL_OXIDATION_ENZYMES",1.04324999361017,0.652447780959506,1.21264566384702,0.405574912891986,"neither"
"REACTOME_EPHB_MEDIATED_FORWARD_SIGNALING",1.31101933206542,0.312294601592,0.9400416436966,0.70734861845973,"neither"
"REACTOME_METABOLISM_OF_COFACTORS",1.17434542722898,0.476326503808773,1.07559152019337,0.52464320795054,"neither"
"REACTOME_SEMA4D_INDUCED_CELL_MIGRATION_AND_GROWTH_CONE_COLLAPSE",1.4642145038155,0.184859404257998,0.78510385197797,0.857575026854024,"neither"
"REACTOME_SIGNALING_BY_HIPPO",0.760475111716738,0.878838283828383,1.48601546947632,0.115082542775611,"neither"
"REACTOME_THROMBIN_SIGNALLING_THROUGH_PROTEINASE_ACTIVATED_RECEPTORS_PARS",1.33452811204241,0.278293003588814,0.910882491103785,0.736798619717625,"neither"
"REACTOME_ASSEMBLY_AND_CELL_SURFACE_PRESENTATION_OF_NMDA_RECEPTORS",0.60959540433369,0.977763602154695,1.63576874663946,0.0400891505107626,"only GSE161829_ATB"
"REACTOME_APC_CDC20_MEDIATED_DEGRADATION_OF_NEK2A",0.719358723716916,0.938112427356193,1.52575998431798,0.118661351626958,"neither"
"REACTOME_POSITIVE_EPIGENETIC_REGULATION_OF_RRNA_EXPRESSION",0.917994214451318,0.763577498988264,1.32683703104919,0.168734491315136,"neither"
"REACTOME_TNF_SIGNALING",1.18354566571484,0.442639825046336,1.06121663084909,0.546062407132244,"neither"
"REACTOME_RAC2_GTPASE_CYCLE",0.908822329231554,0.786995963009905,1.32705705620549,0.178937558247903,"neither"
"REACTOME_GLYCOGEN_METABOLISM",1.06699519676185,0.607072338897864,1.16590747766287,0.440774704158898,"neither"
"REACTOME_SIGNALLING_TO_RAS",1.34998802592343,0.283486955490277,0.880662095344445,0.761395238833114,"neither"
"REACTOME_SIGNALING_BY_ROBO_RECEPTORS",0.917264685274839,0.796767817695617,1.31270679705179,0.0889037061732511,"neither"
"REACTOME_ABORTIVE_ELONGATION_OF_HIV_1_TRANSCRIPT_IN_THE_ABSENCE_OF_TAT",1.20501806548132,0.442639825046336,1.02334648968101,0.603825309081727,"neither"
"REACTOME_RESOLUTION_OF_AP_SITES_VIA_THE_MULTIPLE_NUCLEOTIDE_PATCH_REPLACEMENT_PATHWAY",0.965480068694143,0.699714110680008,1.26214878618032,0.322977331260586,"neither"
"REACTOME_RAB_GEFS_EXCHANGE_GTP_FOR_GDP_ON_RABS",0.939349565861088,0.736708244572766,1.28693321482778,0.210186540554742,"neither"
"REACTOME_INTERLEUKIN_7_SIGNALING",0.929784343142942,0.752800886084019,1.295284557489,0.313791274530362,"neither"
"REACTOME_METABOLISM_OF_FAT_SOLUBLE_VITAMINS",1.13765636343814,0.517466171772223,1.08443860826272,0.534200441296017,"neither"
"REACTOME_HSF1_ACTIVATION",0.592284978095276,0.991994423404454,1.62684609731589,0.0290538642352482,"only GSE161829_ATB"
"REACTOME_NONHOMOLOGOUS_END_JOINING_NHEJ",0.78635225758024,0.905526147032681,1.42730027154058,0.115082542775611,"neither"
"REACTOME_G_ALPHA_12_13_SIGNALLING_EVENTS",-0.993496700830186,0.674562295267141,-1.2196584510917,0.270078180525942,"neither"
"REACTOME_COMPLEX_III_ASSEMBLY",0.957582071808688,0.702450818815471,1.24696425510938,0.341576231987191,"neither"
"REACTOME_SIGNALING_BY_VEGF",0.902771782111486,0.789056838013773,1.29979577416123,0.205624883590985,"neither"
"REACTOME_REGULATION_OF_CDH1_POSTTRANSLATIONAL_PROCESSING_AND_TRAFFICKING_TO_PLASMA_MEMBRANE",0.744962072633004,0.907754612269386,1.4546942913879,0.124749536800275,"neither"
"REACTOME_RESOLUTION_OF_D_LOOP_STRUCTURES_THROUGH_SYNTHESIS_DEPENDENT_STRAND_ANNEALING_SDSA",0.658381264207916,0.96131378816268,1.53427677486704,0.0577032851079895,"neither"
"REACTOME_ION_CHANNEL_TRANSPORT",1.0624899317313,0.575892031798854,1.11956400195596,0.444547348923362,"neither"
"REACTOME_SIGNALING_BY_CSF1_M_CSF_IN_MYELOID_CELLS",1.15616403829586,0.477519255689346,1.025540119537,0.599216571973039,"neither"
"REACTOME_GLYCOSAMINOGLYCAN_METABOLISM",1.09857374020103,0.529005102040816,1.08235293165568,0.473564864542308,"neither"
"REACTOME_ASSEMBLY_OF_THE_HIV_VIRION",1.07397073702793,0.607119663579261,1.10304408347821,0.515092772085295,"neither"
"REACTOME_NEF_MEDIATES_DOWN_MODULATION_OF_CELL_SURFACE_RECEPTORS_BY_RECRUITING_THEM_TO_CLATHRIN_ADAPTERS",1.23798718659054,0.393378756114605,0.938902408786528,0.707578785164398,"neither"
"REACTOME_INTRACELLULAR_SIGNALING_BY_SECOND_MESSENGERS",0.81799218512502,0.943747280777335,1.34912718125426,0.0449931996103166,"only GSE161829_ATB"
"REACTOME_DISEASES_OF_SIGNAL_TRANSDUCTION_BY_GROWTH_FACTOR_RECEPTORS_AND_SECOND_MESSENGERS",0.867610333985982,0.896392600617953,1.29699877947866,0.0662379215592707,"neither"
"REACTOME_REGULATION_OF_ENDOGENOUS_RETROELEMENTS",0.90041664747905,0.799004975124378,1.26285953998708,0.201923076923077,"neither"
"REACTOME_RHOU_GTPASE_CYCLE",-1.32454496298287,0.292745417487493,-0.837405664165442,0.85584674308482,"neither"
"REACTOME_MRNA_SPLICING_MINOR_PATHWAY",0.892574463329368,0.786995963009905,1.2664720019168,0.277016303563699,"neither"
"REACTOME_EXTRACELLULAR_MATRIX_ORGANIZATION",1.17379255500519,0.364584809753684,0.98374567561598,0.660034360142235,"neither"
"REACTOME_REGULATION_OF_INSULIN_SECRETION",1.13536420176291,0.490899193959253,1.02101421885602,0.600650513676549,"neither"
"REACTOME_EGR2_AND_SOX10_MEDIATED_INITIATION_OF_SCHWANN_CELL_MYELINATION",-1.29805433723163,0.322194374825954,-0.85825111093282,0.770377163819787,"neither"
"REACTOME_FC_EPSILON_RECEPTOR_FCERI_SIGNALING",0.899575534341817,0.822647475252237,1.25605695758618,0.203553222179417,"neither"
"REACTOME_PCNA_DEPENDENT_LONG_PATCH_BASE_EXCISION_REPAIR",0.974486313369182,0.702450818815471,1.18025335340081,0.426218373238241,"neither"
"REACTOME_ESTROGEN_DEPENDENT_GENE_EXPRESSION",1.02117786468451,0.649385560675883,1.13275735722036,0.405574912891986,"neither"
"REACTOME_MATERNAL_TO_ZYGOTIC_TRANSITION_MZT",0.990726302289098,0.683816568698677,1.16192277023385,0.367192292425937,"neither"
"REACTOME_BETA_CATENIN_PHOSPHORYLATION_CASCADE",0.658415152717335,0.950488762315271,1.49162017390974,0.115082542775611,"neither"
"REACTOME_DOWNREGULATION_OF_ERBB2_SIGNALING",0.953575692403728,0.729424575882623,1.1910040535469,0.408498381117861,"neither"
"REACTOME_PI_METABOLISM",-1.11513219242289,0.442639825046336,-1.02685404807579,0.559086556499437,"neither"
"REACTOME_SIGNALING_BY_MODERATE_KINASE_ACTIVITY_BRAF_MUTANTS",1.14650050515731,0.490899193959253,0.99377052453871,0.644305721771194,"neither"
"REACTOME_SIGNALING_BY_PDGFR_IN_DISEASE",0.962543795453821,0.729611753850522,1.17661787397863,0.439739413680782,"neither"
"REACTOME_CELLULAR_RESPONSES_TO_MECHANICAL_STIMULI",0.933879092916036,0.759115222172283,1.20245198858102,0.318663848075613,"neither"
"REACTOME_ESTROGEN_DEPENDENT_NUCLEAR_EVENTS_DOWNSTREAM_OF_ESR_MEMBRANE_SIGNALING",-1.00355842345325,0.674639939358208,-1.13126226053997,0.465934599284111,"neither"
"REACTOME_NERVOUS_SYSTEM_DEVELOPMENT",0.81071375162509,0.970261833546978,1.32215868572066,0.0292430280793544,"only GSE161829_ATB"
"REACTOME_MRNA_CAPPING",0.851007581578515,0.821413920161867,1.28169073184503,0.317249584040967,"neither"
"REACTOME_REGULATION_OF_ENDOGENOUS_RETROELEMENTS_BY_KRAB_ZFP_PROTEINS",0.998602599028195,0.673713312970095,1.13161176695258,0.406217616580311,"neither"
"REACTOME_SEMA4D_IN_SEMAPHORIN_SIGNALING",1.289600964186,0.33384484228474,0.839788406992728,0.807671030794763,"neither"
"REACTOME_KERATAN_SULFATE_KERATIN_METABOLISM",1.19556706807103,0.442639825046336,0.928713854510718,0.706369824722944,"neither"
"REACTOME_MATURATION_OF_TCA_ENZYMES_AND_REGULATION_OF_TCA_CYCLE",1.05143434217708,0.616411402666499,1.07234089382826,0.533536548369952,"neither"
"REACTOME_ERK_MAPK_TARGETS",1.0342032229632,0.63517446020857,1.08652087689453,0.52464320795054,"neither"
"REACTOME_GABA_B_RECEPTOR_ACTIVATION",1.35831226967603,0.273304745385731,0.756569743649351,0.874708378074928,"neither"
"REACTOME_ARACHIDONATE_METABOLISM",1.12567436357827,0.533909506863244,0.98526890432997,0.657366585510298,"neither"
"REACTOME_DISEASES_ASSOCIATED_WITH_GLYCOSAMINOGLYCAN_METABOLISM",1.2481235950956,0.375357027281809,0.862457083444334,0.780845070422535,"neither"
"REACTOME_JNK_C_JUN_KINASES_PHOSPHORYLATION_AND_ACTIVATION_MEDIATED_BY_ACTIVATED_HUMAN_TAK1",1.09014313559118,0.575892031798854,1.02006842585166,0.611114099736403,"neither"
"REACTOME_MAPK1_MAPK3_SIGNALING",0.791120984080293,0.953997525177878,1.31880903768574,0.0861032739897255,"neither"
"REACTOME_SIGNALING_BY_FGFR2_IIIA_TM",1.12984442361844,0.539861351819757,0.977469233636737,0.666361701704489,"neither"
"REACTOME_NOTCH_HLH_TRANSCRIPTION_PATHWAY",-1.06743369948677,0.572976032851688,-1.03976320418794,0.54205376884899,"neither"
"REACTOME_RNA_POLYMERASE_II_TRANSCRIPTION_TERMINATION",0.743569628790357,0.946434511434512,1.36231736344192,0.168734491315136,"neither"
"REACTOME_BUTYRATE_RESPONSE_FACTOR_1_BRF1_BINDS_AND_DESTABILIZES_MRNA",1.12312631170761,0.568726005253587,0.980986999789953,0.656121045392022,"neither"
"REACTOME_PROTEIN_PROTEIN_INTERACTIONS_AT_SYNAPSES",-0.878807937003237,0.835684850863422,-1.22393774848251,0.319965409144957,"neither"
"REACTOME_MAP3K8_TPL2_DEPENDENT_MAPK1_3_ACTIVATION",0.897525984684757,0.787306262271797,1.20102945428668,0.417886555595341,"neither"
"REACTOME_G_PROTEIN_BETA_GAMMA_SIGNALLING",1.10144280793588,0.536170360554831,0.994553685283944,0.633444867308626,"neither"
"REACTOME_FORMATION_OF_TC_NER_PRE_INCISION_COMPLEX",0.940177145692489,0.733437122584541,1.15402029797154,0.417886555595341,"neither"
"REACTOME_CALNEXIN_CALRETICULIN_CYCLE",1.04691750915704,0.627168163067217,1.04605308629619,0.564276774539603,"neither"
"REACTOME_SIGNALING_BY_PTK6",0.805274253162352,0.874583287939863,1.28494808612063,0.277016303563699,"neither"
"REACTOME_RAB_REGULATION_OF_TRAFFICKING",0.961432197075759,0.733177128502141,1.12644681784387,0.406217616580311,"neither"
"REACTOME_PIWI_INTERACTING_RNA_PIRNA_BIOGENESIS",1.06171263039028,0.610182370820669,1.02382011545959,0.611114099736403,"neither"
"REACTOME_METABOLISM_OF_STEROID_HORMONES",1.33627927742241,0.293652537554977,0.74518493893778,0.877495952509444,"neither"
"REACTOME_DEGRADATION_OF_THE_EXTRACELLULAR_MATRIX",1.09692860416245,0.533909506863244,0.980137715337709,0.6553911205074,"neither"
"REACTOME_FGFR2_MUTANT_RECEPTOR_ACTIVATION",1.12984442361844,0.539861351819757,0.946955330614161,0.700934579439252,"neither"
"REACTOME_EPH_EPHRIN_MEDIATED_REPULSION_OF_CELLS",0.720937553634359,0.952435000445897,1.34361090619984,0.210186540554742,"neither"
"REACTOME_PRE_NOTCH_PROCESSING_IN_GOLGI",1.10878123327733,0.55964590964591,0.95242592108652,0.699869541861714,"neither"
"REACTOME_SIGNALING_BY_ERYTHROPOIETIN",-1.22521688525222,0.374740923774017,-0.834978486951108,0.826228974939348,"neither"
"REACTOME_SUMOYLATION_OF_INTRACELLULAR_RECEPTORS",-0.840506050044597,0.851434337801324,-1.21654177838928,0.370786516853933,"neither"
"REACTOME_PLASMA_LIPOPROTEIN_ASSEMBLY_REMODELING_AND_CLEARANCE",1.2632756996312,0.351066996847048,0.7885439076184,0.879725085910653,"neither"
"REACTOME_INTEGRATION_OF_ENERGY_METABOLISM",0.921455851124689,0.772907650921486,1.12979391474392,0.417886555595341,"neither"
"REACTOME_CHOLESTEROL_BIOSYNTHESIS",0.529297853276119,0.995144916875092,1.52165436561073,0.121231254932912,"neither"
"REACTOME_TP53_REGULATES_TRANSCRIPTION_OF_GENES_INVOLVED_IN_G2_CELL_CYCLE_ARREST",0.617185100557444,0.964205315268369,1.433398252215,0.184399778720266,"neither"
"REACTOME_SIGNALING_BY_NOTCH2",0.924631193557049,0.752749108040048,1.12529801853734,0.469999709158596,"neither"
"REACTOME_SMAD2_SMAD3_SMAD4_HETEROTRIMER_REGULATES_TRANSCRIPTION",-1.19778012075099,0.363456150182124,-0.842306269064022,0.828755297441532,"neither"
"REACTOME_ER_QUALITY_CONTROL_COMPARTMENT_ERQC",1.27545637696352,0.354373105289353,0.759104880769874,0.874405246137658,"neither"
"REACTOME_SIGNALING_BY_CYTOSOLIC_FGFR1_FUSION_MUTANTS",0.778153515474327,0.872964954882706,1.25455120799253,0.346979794774146,"neither"
"REACTOME_RHO_GTPASES_ACTIVATE_WASPS_AND_WAVES",1.25900368673667,0.365298507462687,0.768206956643122,0.883354088833541,"neither"
"REACTOME_RAF_ACTIVATION",1.01256599402392,0.658746625919146,1.01449204034154,0.620598757296178,"neither"
"REACTOME_TRANSCRIPTION_OF_THE_HIV_GENOME",0.870686575450113,0.835684850863422,1.15404320675849,0.378802543218333,"neither"
"REACTOME_ESR_MEDIATED_SIGNALING",1.01608276348059,0.63517446020857,1.00854708815011,0.628435735081607,"neither"
"REACTOME_SPHINGOLIPID_DE_NOVO_BIOSYNTHESIS",0.944441324746874,0.726422035223249,1.07818054085649,0.529728238377707,"neither"
"REACTOME_DOWNREGULATION_OF_TGF_BETA_RECEPTOR_SIGNALING",-0.794916278263318,0.895789023865134,-1.22544863490879,0.335723028501486,"neither"
"REACTOME_HIV_ELONGATION_ARREST_AND_RECOVERY",1.04481152760217,0.616469442068244,0.967640497302115,0.678061321071562,"neither"
"REACTOME_HIV_TRANSCRIPTION_INITIATION",1.00624384308966,0.652447780959506,1.00585005633315,0.62114418128743,"neither"
"REACTOME_TRANSMISSION_ACROSS_CHEMICAL_SYNAPSES",0.838406303714699,0.889644746787604,1.16990518241195,0.317249584040967,"neither"
"REACTOME_SIGNALING_BY_NUCLEAR_RECEPTORS",1.03034991369277,0.616411402666499,0.976391167264302,0.686917559670852,"neither"
"REACTOME_SLC_MEDIATED_TRANSMEMBRANE_TRANSPORT",0.73279553397888,0.97450714239545,1.27224329815621,0.18210724093077,"neither"
"REACTOME_FGFR1_MUTANT_RECEPTOR_ACTIVATION",0.781349573141289,0.876890269368001,1.22141652596162,0.38954950113646,"neither"
"REACTOME_SIGNALING_BY_BRAF_AND_RAF1_FUSIONS",1.16772576630021,0.444035134297978,0.829725818838245,0.839889610097202,"neither"
"REACTOME_INTEGRIN_SIGNALING",1.1451830629092,0.510104892715594,0.84978567386642,0.802929322199099,"neither"
"REACTOME_SIGNALING_BY_INSULIN_RECEPTOR",1.11088413053009,0.524627902062011,0.876955956126973,0.794459091112203,"neither"
"REACTOME_FOXO_MEDIATED_TRANSCRIPTION_OF_CELL_DEATH_GENES",-1.05488923135105,0.607072338897864,-0.931620604433241,0.707114797031864,"neither"
"REACTOME_METABOLISM_OF_STEROIDS",0.819333230059959,0.897982062780269,1.16596659513026,0.344199599344382,"neither"
"REACTOME_COLLAGEN_FORMATION",1.11550040051046,0.533909506863244,0.869345961213495,0.782255713292516,"neither"
"REACTOME_PLATELET_AGGREGATION_PLUG_FORMATION",1.19780410296752,0.442802994107342,0.785468130866159,0.857575026854024,"neither"
"REACTOME_TRANSCRIPTIONAL_REGULATION_OF_WHITE_ADIPOCYTE_DIFFERENTIATION",0.928421404725103,0.757405333606526,1.05114216964317,0.55737544614482,"neither"
"REACTOME_G_BETA_GAMMA_SIGNALLING_THROUGH_PI3KGAMMA",0.904114008344163,0.773449545726773,1.0739916130807,0.545606102705297,"neither"
"REACTOME_MRNA_DECAY_BY_3_TO_5_EXORIBONUCLEASE",0.69029981845999,0.933719871441888,1.28561180790579,0.329331046312178,"neither"
"REACTOME_NOTCH3_INTRACELLULAR_DOMAIN_REGULATES_TRANSCRIPTION",1.07385941913256,0.589522801488709,0.901455502483246,0.754280202556065,"neither"
"REACTOME_POLYMERASE_SWITCHING_ON_THE_C_STRAND_OF_THE_TELOMERE",0.822865441471651,0.842717336044738,1.15024888867657,0.442900564481112,"neither"
"REACTOME_GLYCEROPHOSPHOLIPID_BIOSYNTHESIS",1.21352396439165,0.336321995605212,0.753963009410707,0.932681044580721,"neither"
"REACTOME_GAMMA_CARBOXYLATION_HYPUSINYLATION_HYDROXYLATION_AND_ARYLSULFATASE_ACTIVATION",0.962621757885358,0.701877345702712,1.00055871302293,0.623147581139008,"neither"
"REACTOME_NFE2L2_REGULATING_ANTI_OXIDANT_DETOXIFICATION_ENZYMES",1.01867349665242,0.674893471879939,0.939465001771538,0.713242230217629,"neither"
"REACTOME_PLASMA_LIPOPROTEIN_CLEARANCE",1.17018389618648,0.468978547412895,0.787181732179681,0.871344503603284,"neither"
"REACTOME_METABOLISM_OF_PORPHYRINS",1.08691098953185,0.588154406051495,0.86983478977311,0.769083237437668,"neither"
"REACTOME_AQUAPORIN_MEDIATED_TRANSPORT",1.12229391245916,0.532230506368437,0.831702205858323,0.81872848353893,"neither"
"REACTOME_RESOLUTION_OF_D_LOOP_STRUCTURES",0.576915139745189,0.9936900776471,1.37609421886204,0.163965469228627,"neither"
"REACTOME_TELOMERE_EXTENSION_BY_TELOMERASE",0.610465969176512,0.975597664426573,1.33611348479012,0.277016303563699,"neither"
"REACTOME_REGULATION_OF_NF_KAPPA_B_SIGNALING",0.714026823730744,0.912919357379115,1.23013381625509,0.370946997901577,"neither"
"REACTOME_DISASSEMBLY_OF_THE_DESTRUCTION_COMPLEX_AND_RECRUITMENT_OF_AXIN_TO_THE_MEMBRANE",0.832939649114987,0.835684850863422,1.11100278732769,0.50393950348885,"neither"
"REACTOME_TNFR1_INDUCED_NF_KAPPA_B_SIGNALING_PATHWAY",1.00553549124039,0.671181396287329,0.932412386408195,0.720115732885642,"neither"
"REACTOME_NUCLEAR_EVENTS_KINASE_AND_TRANSCRIPTION_FACTOR_ACTIVATION",-0.989167241075157,0.69526578949894,-0.944531049143705,0.671293017986121,"neither"
"REACTOME_THE_ROLE_OF_NEF_IN_HIV_1_REPLICATION_AND_DISEASE_PATHOGENESIS",1.16538443951832,0.4716478416051,0.767864765094923,0.877056912273347,"neither"
"REACTOME_DUAL_INCISION_IN_TC_NER",0.730934800624045,0.952435000445897,1.20148092660356,0.342575477510783,"neither"
"REACTOME_PHASE_I_FUNCTIONALIZATION_OF_COMPOUNDS",0.86022265481695,0.821413920161867,1.06775183464459,0.536229303898878,"neither"
"REACTOME_MTORC1_MEDIATED_SIGNALLING",1.01579254065143,0.643491473030676,0.911330637458814,0.730323772054839,"neither"
"REACTOME_PROTEIN_METHYLATION",0.628791121058537,0.95850988700565,1.29812445046694,0.305595705141441,"neither"
"REACTOME_RNA_POLYMERASE_II_TRANSCRIBES_SNRNA_GENES",0.840329650858574,0.857198745614307,1.08432639212699,0.510704054684515,"neither"
"REACTOME_TGF_BETA_RECEPTOR_SIGNALING_ACTIVATES_SMADS",-0.900495901832412,0.813305668373653,-1.0216660627934,0.546891850073613,"neither"
"REACTOME_DEATH_RECEPTOR_SIGNALING",0.897458226922167,0.824789021216184,1.02465734749596,0.591040708567535,"neither"
"REACTOME_PI3K_AKT_SIGNALING_IN_CANCER",-0.990658712435797,0.674562295267141,-0.931387176445791,0.737010058966355,"neither"
"REACTOME_CHAPERONE_MEDIATED_AUTOPHAGY",0.556820392707927,0.995144916875092,1.36401303533031,0.23884699456789,"neither"
"REACTOME_REGULATION_OF_PYRUVATE_METABOLISM",0.604479068977544,0.990000690907035,1.31601503789087,0.249126168179386,"neither"
"REACTOME_TRANSCRIPTION_COUPLED_NUCLEOTIDE_EXCISION_REPAIR_TC_NER",0.736425173479827,0.952435000445897,1.1829323415927,0.341602766501278,"neither"
"REACTOME_MITOCHONDRIAL_BIOGENESIS",1.00809905887281,0.658746625919146,0.907261561106108,0.778836868623832,"neither"
"REACTOME_TRIGLYCERIDE_METABOLISM",0.977284339452261,0.701877345702712,0.936906444924956,0.7006024504163,"neither"
"REACTOME_SIGNALING_BY_FGFR_IN_DISEASE",0.828840805133393,0.851637880085795,1.08449434058833,0.508716323296355,"neither"
"REACTOME_SYNTHESIS_OF_GLYCOSYLPHOSPHATIDYLINOSITOL_GPI",-0.759811106869601,0.896392600617953,-1.15196556990778,0.423783490101531,"neither"
"REACTOME_RESOLUTION_OF_ABASIC_SITES_AP_SITES",0.927362133754335,0.733437122584541,0.984105290200896,0.65520649373795,"neither"
"REACTOME_SIGNALLING_TO_ERKS",0.988456101669973,0.674893471879939,0.912806693986735,0.738909362317488,"neither"
"REACTOME_CYCLIN_D_ASSOCIATED_EVENTS_IN_G1",0.768035990058363,0.91631712136444,1.13206354629845,0.439739413680782,"neither"
"REACTOME_RHO_GTPASES_ACTIVATE_PAKS",1.14941098144677,0.50945083775565,0.749127114801729,0.88160154727711,"neither"
"REACTOME_RORA_B_C_AND_NR1D1_REV_ERBA_REGULATE_GENE_EXPRESSION",-0.891324033923484,0.809103924778103,-1.00504878377848,0.623147581139008,"neither"
"REACTOME_DOWNSTREAM_SIGNAL_TRANSDUCTION",0.765114858460485,0.896392600617953,1.13107257810587,0.467684698608964,"neither"
"REACTOME_RHOJ_GTPASE_CYCLE",-1.04050127880948,0.572965227745151,-0.851263378648047,0.848806366047745,"neither"
"REACTOME_NEURONAL_SYSTEM",0.881000994758024,0.852734588106928,1.00965367302999,0.624598481769433,"neither"
"REACTOME_CITRIC_ACID_CYCLE_TCA_CYCLE",0.879109926388303,0.796891422103646,1.00606529896133,0.623479771655498,"neither"
"REACTOME_SLC_MEDIATED_TRANSPORT_OF_AMINO_ACIDS",0.886393290976876,0.796891422103646,0.994981030146562,0.636766431411009,"neither"
"REACTOME_GABA_RECEPTOR_ACTIVATION",1.10611943819953,0.539861351819757,0.774744682301429,0.857575026854024,"neither"
"REACTOME_SYNTHESIS_OF_PC",0.967281835432728,0.707139489026063,0.912542651446496,0.734127024805079,"neither"
"REACTOME_PYRUVATE_METABOLISM",0.914901675121579,0.752850437225663,0.964698717598527,0.678061321071562,"neither"
"REACTOME_PEPTIDE_HORMONE_METABOLISM",1.02603709261869,0.626743781294348,0.84575230716359,0.81872848353893,"neither"
"REACTOME_NEUROTRANSMITTER_RECEPTORS_AND_POSTSYNAPTIC_SIGNAL_TRANSMISSION",0.743459674551162,0.964205315268369,1.12265162479937,0.421713080819769,"neither"
"REACTOME_MRNA_SPLICING",0.815498982556638,0.935940629724774,1.04682197230507,0.53864441156423,"neither"
"REACTOME_STIMULI_SENSING_CHANNELS",0.914513733374965,0.764713148553844,0.940715716482729,0.712323750228896,"neither"
"REACTOME_SIGNALING_BY_TGFBR3",-0.953401249324454,0.729725700655933,-0.89475747079873,0.767390525500711,"neither"
"REACTOME_CONSTITUTIVE_SIGNALING_BY_AKT1_E17K_IN_CANCER",-1.02574605175104,0.658746625919146,-0.818492932120287,0.841533386922416,"neither"
"REACTOME_SEMAPHORIN_INTERACTIONS",1.11157165836726,0.531103074141049,0.7323895267868,0.932681044580721,"neither"
"REACTOME_GPVI_MEDIATED_ACTIVATION_CASCADE",0.997037146099177,0.674893471879939,0.843591431329944,0.81318391562294,"neither"
"REACTOME_MTOR_SIGNALLING",1.13119969598776,0.50945083775565,0.702245078811855,0.942896513980239,"neither"
"REACTOME_NOTCH1_INTRACELLULAR_DOMAIN_REGULATES_TRANSCRIPTION",-0.962360550628344,0.699714110680008,-0.866908800260239,0.81318391562294,"neither"
"REACTOME_NEGATIVE_REGULATION_OF_MET_ACTIVITY",0.904609830837785,0.772907650921486,0.9216886037429,0.716623036649215,"neither"
"REACTOME_SULFUR_AMINO_ACID_METABOLISM",1.08778247179605,0.581818181818182,0.734602186416176,0.896224084257488,"neither"
"REACTOME_SIGNALING_BY_GPCR",0.913436866018839,0.835684850863422,0.901265653287271,0.846560846560847,"neither"
"REACTOME_VASOPRESSIN_REGULATES_RENAL_WATER_HOMEOSTASIS_VIA_AQUAPORINS",0.979921001785166,0.691564275654412,0.83428426077564,0.81872848353893,"neither"
"REACTOME_LDL_CLEARANCE",1.08569682116269,0.590588649028837,0.723024373202388,0.893950056511633,"neither"
"REACTOME_GPER1_SIGNALING",1.12354342981169,0.536170360554831,0.67722429925695,0.939686150316448,"neither"
"REACTOME_NR1H2_AND_NR1H3_MEDIATED_SIGNALING",-1.13630418141292,0.461181616252371,-0.663583735919454,0.968712815846574,"neither"
"REACTOME_SIGNALING_BY_ERBB2_IN_CANCER",-1.11103006010281,0.548375147939686,-0.67631081080437,0.932681044580721,"neither"
"REACTOME_MRNA_3_END_PROCESSING",0.682073807436194,0.996332518337408,1.1048007836479,0.423783490101531,"neither"
"REACTOME_MITOCHONDRIAL_CALCIUM_ION_TRANSPORT",-0.743025818560648,0.921862108548266,-1.02762620312588,0.600650513676549,"neither"
"REACTOME_SUMOYLATION_OF_TRANSCRIPTION_FACTORS",0.749322017964554,0.885866402339893,1.0203510960169,0.617597138320588,"neither"
"REACTOME_ADORA2B_MEDIATED_ANTI_INFLAMMATORY_CYTOKINES_PRODUCTION",0.994710801227743,0.683428190306803,0.769109420467303,0.874708378074928,"neither"
"REACTOME_CLASS_I_PEROXISOMAL_MEMBRANE_PROTEIN_IMPORT",0.661022960973065,0.953997525177878,1.10091355867842,0.513441105357464,"neither"
"REACTOME_SIGNALING_BY_EGFR",-0.976542859516586,0.664179104477612,-0.777544895093895,0.911355311355311,"neither"
"REACTOME_FORMATION_OF_RNA_POL_II_ELONGATION_COMPLEX",0.85917039973196,0.832113216999249,0.873147059813799,0.789088730687248,"neither"
"REACTOME_GLUCAGON_SIGNALING_IN_METABOLIC_REGULATION",1.12581549269814,0.555426045992084,0.595730329589497,0.969626894642818,"neither"
"REACTOME_MRNA_POLYADENYLATION",0.643529751367035,0.996332518337408,1.06788308490896,0.522673465671098,"neither"
"REACTOME_SIGNALING_BY_RETINOIC_ACID",1.01293235524394,0.664811751140522,0.688351222174237,0.931483816729718,"neither"
"REACTOME_RHOBTB2_GTPASE_CYCLE",-0.837959661988904,0.863795300807163,-0.854758315837604,0.799988889043208,"neither"
"REACTOME_MAPK_TARGETS_NUCLEAR_EVENTS_MEDIATED_BY_MAP_KINASES",0.937633580103131,0.752800886084019,0.750987353082956,0.901716195833843,"neither"
"REACTOME_FGFR2_ALTERNATIVE_SPLICING",0.824108402349811,0.835684850863422,0.861138103821638,0.793983049885119,"neither"
"REACTOME_OTHER_INTERLEUKIN_SIGNALING",0.684590673583985,0.933664441975186,0.997891516338633,0.619761133729708,"neither"
"REACTOME_VISUAL_PHOTOTRANSDUCTION",0.845233915957857,0.837042865707434,0.817150660108277,0.85584674308482,"neither"
"REACTOME_NR1H3_NR1H2_REGULATE_GENE_EXPRESSION_LINKED_TO_CHOLESTEROL_TRANSPORT_AND_EFFLUX",-1.01090121677472,0.641984052040709,-0.646004428673981,0.984734746402827,"neither"
"REACTOME_REGULATION_OF_SIGNALING_BY_CBL",-0.839264662975841,0.84735625056518,-0.81050464118252,0.839889610097202,"neither"
"REACTOME_SIGNAL_TRANSDUCTION_BY_L1",0.855355632860629,0.820080177107641,0.790195280154445,0.85584674308482,"neither"
"REACTOME_GLUCAGON_LIKE_PEPTIDE_1_GLP1_REGULATES_INSULIN_SECRETION",0.754507493109822,0.905526147032681,0.89094614271131,0.767390525500711,"neither"
"REACTOME_RNA_POLYMERASE_III_TRANSCRIPTION_TERMINATION",-0.986218113722542,0.687931819609321,-0.657286616714579,0.939686150316448,"neither"
"REACTOME_SYNTHESIS_OF_PA",0.978188263400938,0.692732959918528,0.646732865994584,0.947181850407657,"neither"
"REACTOME_SPRY_REGULATION_OF_FGF_SIGNALING",0.932061138345842,0.752459742618557,0.69253124988624,0.911355311355311,"neither"
"REACTOME_SYNTHESIS_OF_PIPS_AT_THE_GOLGI_MEMBRANE",-0.937166445790777,0.740665766981556,-0.686921763186988,0.928252628103462,"neither"
"REACTOME_RESPONSE_OF_EIF2AK4_GCN2_TO_AMINO_ACID_DEFICIENCY",1.02659113060862,0.641937145801133,0.577163590811889,1,"neither"
"REACTOME_REGULATION_OF_LIPID_METABOLISM_BY_PPARALPHA",0.805343482501534,0.905801450362591,0.789142031788806,0.911355311355311,"neither"
"REACTOME_MITOCHONDRIAL_TRNA_AMINOACYLATION",-0.874381407579014,0.809103924778103,-0.692653238715736,0.931483816729718,"neither"
"REACTOME_EPHA_MEDIATED_GROWTH_CONE_COLLAPSE",0.885733013147396,0.789397689768977,0.676974517985528,0.931483816729718,"neither"
"REACTOME_O_LINKED_GLYCOSYLATION",-0.859364417799523,0.889644746787604,-0.701974859472998,0.976937116309939,"neither"
"REACTOME_BILE_ACID_AND_BILE_SALT_METABOLISM",0.730962310860296,0.905801450362591,0.79454624306296,0.849234521985613,"neither"
"REACTOME_KERATAN_SULFATE_BIOSYNTHESIS",0.828391071001896,0.837744313353491,0.686963865432917,0.911355311355311,"neither"
"REACTOME_DISEASES_ASSOCIATED_WITH_O_GLYCOSYLATION_OF_PROTEINS",-0.908345614550318,0.770380862448851,-0.606442377190863,0.986957188890594,"neither"
"REACTOME_SIGNALING_BY_FGFR2",0.645222676364185,0.991339793348365,0.84363360406978,0.83116036505867,"neither"
"REACTOME_SELENOAMINO_ACID_METABOLISM",0.886607212601201,0.827044802804073,0.59849980705304,1,"neither"
"REACTOME_BMAL1_CLOCK_NPAS2_ACTIVATES_CIRCADIAN_EXPRESSION",0.896503917535852,0.786995963009905,0.548860251900587,0.9817036095296,"neither"
"REACTOME_TP53_REGULATES_TRANSCRIPTION_OF_GENES_INVOLVED_IN_CYTOCHROME_C_RELEASE",0.77534026232746,0.86526856887432,0.661190373395979,0.929978348153287,"neither"
"REACTOME_RHOBTB1_GTPASE_CYCLE",0.676479682539473,0.952435000445897,0.757298381944983,0.874708378074928,"neither"
"REACTOME_SIGNALING_BY_NOTCH1_PEST_DOMAIN_MUTANTS_IN_CANCER",0.588630816424316,0.996332518337408,0.834014355430129,0.839889610097202,"neither"
"REACTOME_UPTAKE_AND_ACTIONS_OF_BACTERIAL_TOXINS",0.609404035719118,0.985665048161128,0.809317386254328,0.828492654001586,"neither"
"REACTOME_PROTEIN_HYDROXYLATION",0.489254903845685,0.995144916875092,0.895268058443735,0.730926464069349,"neither"
"REACTOME_INSULIN_PROCESSING",-0.746955921825204,0.921520506418387,-0.622351413850341,0.957067942142569,"neither"
"REACTOME_EUKARYOTIC_TRANSLATION_INITIATION",0.79348970469124,0.93611474338019,0.547684982317019,1,"neither"
"REACTOME_DEACTIVATION_OF_THE_BETA_CATENIN_TRANSACTIVATING_COMPLEX",-1.89398337057256,0.00803133535402598,0.584030963552784,0.9817036095296,"only GSE114192_TB"
"REACTOME_SYNTHESIS_OF_BILE_ACIDS_AND_BILE_SALTS",0.681790063456756,0.935940629724774,0.611927319648609,0.949913818302775,"neither"
"REACTOME_FORMATION_OF_WDR5_CONTAINING_HISTONE_MODIFYING_COMPLEXES",-2.04948586772474,0.000761803979683234,0.780299061156263,0.883773724361851,"only GSE114192_TB"
"REACTOME_RHO_GTPASES_ACTIVATE_IQGAPS",-0.749698861487322,0.912919357379115,2.00643981296078,8.65986653374323e-05,"only GSE161829_ATB"
"REACTOME_VXPX_CARGO_TARGETING_TO_CILIUM",-0.745235525687967,0.921862108548266,-0.505246389800485,0.999681814237367,"neither"
"REACTOME_NONSENSE_MEDIATED_DECAY_NMD",0.623233165126913,0.996332518337408,0.54416962375114,1,"neither"
"REACTOME_RECYCLING_PATHWAY_OF_L1",-0.768930683239479,0.946434511434512,1.86322086013446,0.00457240980643462,"only GSE161829_ATB"
"REACTOME_PROCESSING_OF_CAPPED_INTRONLESS_PRE_MRNA",-0.563689462903234,0.995455854299392,1.6200861509267,0.0541566629324059,"neither"
"REACTOME_AGGREPHAGY",-0.886392725529351,0.796891422103646,1.93795803956932,0.000275159154132881,"only GSE161829_ATB"
"REACTOME_M_PHASE",-0.982101079015384,0.738079658605974,2.029692754896,3.32403196924874e-13,"only GSE161829_ATB"
"REACTOME_NUCLEAR_ENVELOPE_NE_REASSEMBLY",-0.947883492074339,0.752800886084019,1.96789698906223,5.65667527095794e-05,"only GSE161829_ATB"
"REACTOME_SUMOYLATION_OF_DNA_DAMAGE_RESPONSE_AND_REPAIR_PROTEINS",-1.87767355348196,0.00212000786273117,0.885963136292855,0.799345989644836,"only GSE114192_TB"
"REACTOME_CYCLIN_A_B1_B2_ASSOCIATED_EVENTS_DURING_G2_M_TRANSITION",-0.853554050302692,0.842717336044738,1.81872924108466,0.00988091578902327,"only GSE161829_ATB"
"REACTOME_FORMATION_OF_FIBRIN_CLOT_CLOTTING_CASCADE",1.54710510234801,0.0690654077216588,-0.599901255393415,0.968712815846574,"neither"
"REACTOME_INSERTION_OF_TAIL_ANCHORED_PROTEINS_INTO_THE_ENDOPLASMIC_RETICULUM_MEMBRANE",1.6437779678457,0.032480682290762,-0.720852620422226,0.925605668722548,"only GSE114192_TB"
"REACTOME_G0_AND_EARLY_G1",-0.686359087394977,0.95524409128811,1.59891755213867,0.0864749454854199,"neither"
"REACTOME_SUMOYLATION_OF_CHROMATIN_ORGANIZATION_PROTEINS",-1.91109945018219,0.00296642192871844,1.00221196594986,0.64612188365651,"only GSE114192_TB"
"REACTOME_SUMOYLATION_OF_RNA_BINDING_PROTEINS",-1.84869371984675,0.00590410400317314,0.940965651360342,0.712323750228896,"only GSE114192_TB"
"REACTOME_MISCELLANEOUS_TRANSPORT_AND_BINDING_EVENTS",-1.53002493912848,0.121588483276021,0.626737756180547,0.955128205128205,"neither"
"REACTOME_G1_S_SPECIFIC_TRANSCRIPTION",-0.92508865054929,0.763577498988264,1.82517153476441,0.00628259601959866,"only GSE161829_ATB"
"REACTOME_REGULATION_OF_GLUCOKINASE_BY_GLUCOKINASE_REGULATORY_PROTEIN",-2.05392950935112,0.00246579167420817,1.15392847361459,0.429379710317786,"only GSE114192_TB"
"REACTOME_SUMOYLATION",-1.82263036980855,0.000215184437900274,0.925035195394739,0.76883676726167,"only GSE114192_TB"
"REACTOME_THE_PHOTOTRANSDUCTION_CASCADE",-1.80458342917361,0.0252728965120343,0.921138038702426,0.707114797031864,"only GSE114192_TB"
"REACTOME_DAG1_GLYCOSYLATIONS",-1.49782824433694,0.169067522025833,0.614763357726117,0.949913818302775,"neither"
"REACTOME_PHOSPHORYLATION_OF_THE_APC_C",-0.864924112646943,0.828316831683168,1.74302315154168,0.00988091578902327,"only GSE161829_ATB"
"REACTOME_FATTY_ACYL_COA_BIOSYNTHESIS",-0.929076551299165,0.755536417322835,1.80028210319247,0.0132022545220848,"only GSE161829_ATB"
"REACTOME_TRANSPORT_OF_VITAMINS_NUCLEOSIDES_AND_RELATED_MOLECULES",-0.609872382672812,0.985319835680751,1.47702680687872,0.137783363589815,"neither"
"REACTOME_HCMV_EARLY_EVENTS",-1.09205036621397,0.503064592173503,1.95353018778981,9.44776665252604e-06,"only GSE161829_ATB"
"REACTOME_DAG_AND_IP3_SIGNALING",-1.44671808647514,0.136485681438528,0.62163258354489,0.9817036095296,"neither"
"REACTOME_RHO_GTPASES_ACTIVATE_FORMINS",-1.14747825292294,0.366169526392071,1.94907125973944,3.10291346911956e-06,"only GSE161829_ATB"
"REACTOME_SIGNALING_BY_CTNNB1_PHOSPHO_SITE_MUTANTS",-0.657464552737196,0.95850988700565,1.44420606494235,0.161316134814198,"neither"
"REACTOME_DEVELOPMENTAL_CELL_LINEAGES_OF_THE_INTEGUMENTARY_SYSTEM",-1.70226751042198,0.031703066128229,0.91695649230908,0.726637444120774,"only GSE114192_TB"
"REACTOME_NETRIN_1_SIGNALING",-1.38244957403531,0.225581451460393,0.622062371020893,0.957067942142569,"neither"
"REACTOME_SUMOYLATION_OF_SUMOYLATION_PROTEINS",-1.82871151642457,0.0108114557015515,1.07203474373518,0.53864441156423,"only GSE114192_TB"
"REACTOME_CARGO_TRAFFICKING_TO_THE_PERICILIARY_MEMBRANE",-0.847360938177598,0.896392600617953,1.59603881357856,0.0358536515167687,"only GSE161829_ATB"
"REACTOME_L1CAM_INTERACTIONS",-0.933722713319522,0.765953367875648,1.6643619576473,0.0102678854262339,"only GSE161829_ATB"
"REACTOME_TRANSCRIPTIONAL_REGULATION_BY_E2F6",-0.97825423542091,0.67120202892896,1.69712653221995,0.0244726709064441,"only GSE161829_ATB"
"REACTOME_CYTOSOLIC_TRNA_AMINOACYLATION",-0.958262775353751,0.723717998599331,1.66834582156251,0.0304093225736261,"only GSE161829_ATB"
"REACTOME_NEUREXINS_AND_NEUROLIGINS",0.751736063706354,0.905801450362591,-1.45896380115047,0.0790011382395498,"neither"
"REACTOME_RESOLUTION_OF_SISTER_CHROMATID_COHESION",-1.33083341288158,0.101782294395507,2.03710694195543,3.2851496146193e-07,"only GSE161829_ATB"
"REACTOME_RHO_GTPASES_ACTIVATE_CIT",1.51651935097732,0.0983363049848064,-0.833666945716791,0.81318391562294,"neither"
"REACTOME_INTRAFLAGELLAR_TRANSPORT",-1.04698508919375,0.533909506863244,1.72928402401778,0.0107573373262764,"only GSE161829_ATB"
"REACTOME_DNA_DOUBLE_STRAND_BREAK_REPAIR",-1.01980325295033,0.610182370820669,1.69447681969269,0.000470001194288954,"only GSE161829_ATB"
"REACTOME_NUCLEAR_IMPORT_OF_REV_PROTEIN",-1.93832657006986,0.00618119183532465,1.28820220125894,0.281765928824752,"only GSE114192_TB"
"REACTOME_INTERACTIONS_OF_REV_WITH_HOST_CELLULAR_PROTEINS",-1.93969689884833,0.00566479768697706,1.29226617427295,0.286419485204372,"only GSE114192_TB"
"REACTOME_E2F_MEDIATED_REGULATION_OF_DNA_REPLICATION",-0.985070309409098,0.685584723710393,1.62782353478599,0.0421903666979006,"only GSE161829_ATB"
"REACTOME_MITOTIC_SPINDLE_CHECKPOINT",-1.15199000259857,0.369024390243902,1.7924389786821,0.000282888946720252,"only GSE161829_ATB"
"REACTOME_RHOV_GTPASE_CYCLE",-1.52970653576807,0.124452395384124,0.889544537804837,0.76720384506644,"neither"
"REACTOME_COLLAGEN_DEGRADATION",1.31489375464823,0.308084463605753,-0.680578911519359,0.931483816729718,"neither"
"REACTOME_DEVELOPMENTAL_LINEAGES_OF_THE_MAMMARY_GLAND",-1.36539727937411,0.249274106369102,0.748286828928111,0.871327549755777,"neither"
"REACTOME_RNA_POLYMERASE_I_TRANSCRIPTION_INITIATION",-1.61303594561667,0.0455603620844378,1.00341415584685,0.620598757296178,"only GSE114192_TB"
"REACTOME_CHROMATIN_ORGANIZATION",-1.66498864751074,0.0006180340754785,1.05721956841973,0.515590781103348,"only GSE114192_TB"
"REACTOME_HDR_THROUGH_HOMOLOGOUS_RECOMBINATION_HRR",-0.805551634363998,0.952435000445897,1.4124508541296,0.11961462867616,"neither"
"REACTOME_INFLUENZA_VIRAL_RNA_TRANSCRIPTION_AND_REPLICATION",-1.26472248092788,0.182046565810989,0.663502318356199,0.999681814237367,"neither"
"REACTOME_RNA_POLYMERASE_III_TRANSCRIPTION_INITIATION_FROM_TYPE_1_PROMOTER",-1.3654830440667,0.292119896921199,0.769012679902638,0.874708378074928,"neither"
"REACTOME_SENSORY_PROCESSING_OF_SOUND_BY_OUTER_HAIR_CELLS_OF_THE_COCHLEA",-1.30521164780706,0.249274106369102,0.708935907405402,0.926952543625703,"neither"
"REACTOME_RUNX1_INTERACTS_WITH_CO_FACTORS_WHOSE_PRECISE_EFFECT_ON_RUNX1_TARGETS_IS_NOT_KNOWN",-1.61187194508233,0.0529111346780788,1.0160218332057,0.620598757296178,"neither"
"REACTOME_FANCONI_ANEMIA_PATHWAY",-0.820257404143492,0.884682798412287,1.4157122315994,0.134215319720065,"neither"
"REACTOME_COMPLEMENT_CASCADE",1.89105709358341,0.00111935464776889,-1.29938251456124,0.292234208006553,"only GSE114192_TB"
"REACTOME_INTERACTIONS_OF_VPR_WITH_HOST_CELLULAR_PROTEINS",-1.94377495569238,0.00534788073784851,1.35503050574532,0.203923862852845,"only GSE114192_TB"
"REACTOME_NEUROTRANSMITTER_RELEASE_CYCLE",0.663664837575498,0.964205315268369,-1.25000067792187,0.315314813783889,"neither"
"REACTOME_EUKARYOTIC_TRANSLATION_ELONGATION",1.21353590468146,0.324051340720364,-0.62997616529177,1,"neither"
"REACTOME_ECM_PROTEOGLYCANS",1.04782344232605,0.626743781294348,-0.466115399504627,0.999681814237367,"neither"
"REACTOME_RNA_POLYMERASE_III_TRANSCRIPTION",-1.33998897108476,0.182046565810989,0.758891241168537,0.895906052081846,"neither"
"REACTOME_HSF1_DEPENDENT_TRANSACTIVATION",-0.836189297802029,0.86526856887432,1.41671276672149,0.160710740133692,"neither"
"REACTOME_EXPORT_OF_VIRAL_RIBONUCLEOPROTEINS_FROM_NUCLEUS",-2.04098803766477,0.0025085722253511,1.49122792107443,0.131416128779017,"only GSE114192_TB"
"REACTOME_IMMUNOREGULATORY_INTERACTIONS_BETWEEN_A_LYMPHOID_AND_A_NON_LYMPHOID_CELL",1.70193673332395,0.00296642192871844,-1.15591825738186,0.305595705141441,"only GSE114192_TB"
"REACTOME_SYNDECAN_INTERACTIONS",0.816107551481128,0.842717336044738,-1.36170330367835,0.243115267733044,"neither"
"REACTOME_HOMOLOGOUS_DNA_PAIRING_AND_STRAND_EXCHANGE",-0.881077446226834,0.809103924778103,1.41695962448473,0.136426332288401,"neither"
"REACTOME_TRANSLESION_SYNTHESIS_BY_POLH",-0.935963968950847,0.754379990161577,1.47060570462074,0.142260275382304,"neither"
"REACTOME_NUCLEAR_EVENTS_STIMULATED_BY_ALK_SIGNALING_IN_CANCER",-0.927477100312446,0.752800886084019,1.45898030246356,0.114626865671642,"neither"
"REACTOME_GENERATION_OF_SECOND_MESSENGER_MOLECULES",-1.05199582107922,0.572965227745151,1.58220116387826,0.0755133432318213,"neither"
"REACTOME_KINESINS",-1.22052676137724,0.348161319612591,1.74959099672559,0.00736881756237141,"only GSE161829_ATB"
"REACTOME_ANTIGEN_ACTIVATES_B_CELL_RECEPTOR_BCR_LEADING_TO_GENERATION_OF_SECOND_MESSENGERS",0.996210069328588,0.678109179962352,-1.52331637609522,0.0814194359777109,"neither"
"REACTOME_ACTIVATION_OF_NMDA_RECEPTORS_AND_POSTSYNAPTIC_EVENTS",-0.823194392456484,0.921862108548266,1.34590741337036,0.175951862226372,"neither"
"REACTOME_SUMOYLATION_OF_UBIQUITINYLATION_PROTEINS",-1.69035809791397,0.0392745213135856,1.1684058381388,0.408356405738736,"only GSE114192_TB"
"REACTOME_FACTORS_INVOLVED_IN_MEGAKARYOCYTE_DEVELOPMENT_AND_PLATELET_PRODUCTION",-0.947494583542897,0.755536417322835,1.46761445752687,0.0229751849212563,"only GSE161829_ATB"
"REACTOME_IRE1ALPHA_ACTIVATES_CHAPERONES",-0.936836774574137,0.768482908325476,1.45542494925888,0.110623587288924,"neither"
"REACTOME_BBSOME_MEDIATED_CARGO_TARGETING_TO_CILIUM",-0.587080627686102,0.995144916875092,1.10091836345561,0.513441105357464,"neither"
"REACTOME_INHIBITION_OF_THE_PROTEOLYTIC_ACTIVITY_OF_APC_C_REQUIRED_FOR_THE_ONSET_OF_ANAPHASE_BY_MITOTIC_SPINDLE_CHECKPOINT_COMPONENTS",-0.833920063778463,0.84528461228194,1.33805381365108,0.268004897278243,"neither"
"REACTOME_PARASITE_INFECTION",1.33940846062908,0.178457204407987,-0.840639275369692,0.874708378074928,"neither"
"REACTOME_SLC_MEDIATED_TRANSPORT_OF_INORGANIC_ANIONS",-1.15591442070534,0.469676806541979,0.663865059238543,0.940169181056661,"neither"
"REACTOME_REGULATION_OF_PLK1_ACTIVITY_AT_G2_M_TRANSITION",-1.21677222733435,0.307208921538257,1.70492940656934,0.00317391449926208,"only GSE161829_ATB"
"REACTOME_RRNA_MODIFICATION_IN_THE_NUCLEUS_AND_CYTOSOL",-1.8671394497864,0.00587533863315073,1.39033194763528,0.136426332288401,"only GSE114192_TB"
"REACTOME_INTRA_GOLGI_TRAFFIC",0.788900050767203,0.905526147032681,-1.2598844253306,0.277016303563699,"neither"
"REACTOME_ION_TRANSPORT_BY_P_TYPE_ATPASES",-1.3692698957324,0.294291525967194,0.905513735266628,0.749500142816338,"neither"
"REACTOME_ATP_DEPENDENT_CHROMATIN_REMODELERS",-1.54457628228884,0.0941949910398618,1.08178401039521,0.534583168983039,"neither"
"REACTOME_DISEASES_OF_DNA_REPAIR",-0.96958302831635,0.717047748720597,1.42775102949111,0.115082542775611,"neither"
"REACTOME_NS1_MEDIATED_EFFECTS_ON_HOST_PATHWAYS",-1.11783355235733,0.45863154881191,1.57377019998659,0.040158011330062,"only GSE161829_ATB"
"REACTOME_NEGATIVE_REGULATION_OF_MAPK_PATHWAY",-0.702275139785422,0.985319835680751,1.1555549833348,0.420059627108085,"neither"
"REACTOME_FCGAMMA_RECEPTOR_FCGR_DEPENDENT_PHAGOCYTOSIS",1.23797429639446,0.294291525967194,-0.786347261063401,0.947181850407657,"neither"
"REACTOME_ACTIVATION_OF_BH3_ONLY_PROTEINS",-0.978587211854858,0.691564275654412,1.42895197134033,0.164133738601824,"neither"
"REACTOME_RHOC_GTPASE_CYCLE",-1.22274677768692,0.298894221136691,0.772534157925052,0.901716195833843,"neither"
"REACTOME_TRANSPORT_OF_THE_SLBP_DEPENDANT_MATURE_MRNA",-1.90814715083172,0.00511292357653831,1.46623549943804,0.154319617900269,"only GSE114192_TB"
"REACTOME_TRANSCRIPTION_OF_E2F_TARGETS_UNDER_NEGATIVE_CONTROL_BY_P107_RBL1_AND_P130_RBL2_IN_COMPLEX_WITH_HDAC1",-0.865569324674072,0.813305668373653,1.29990537438286,0.317853758110374,"neither"
"REACTOME_SLC_TRANSPORTER_DISORDERS",-1.65605277318454,0.0333970447963706,1.22320039991409,0.319448693383999,"only GSE114192_TB"
"REACTOME_COLLAGEN_BIOSYNTHESIS_AND_MODIFYING_ENZYMES",-0.76227899480637,0.913257665572625,1.19195601293028,0.419243751200301,"neither"
"REACTOME_MITF_M_REGULATED_MELANOCYTE_DEVELOPMENT",-1.1873939907204,0.33384484228474,1.6137332265815,0.00517580880126697,"only GSE161829_ATB"
"REACTOME_EPIGENETIC_REGULATION_OF_GENE_EXPRESSION",-1.5144376982729,0.00405364832694841,1.08869128141597,0.423783490101531,"only GSE114192_TB"
"REACTOME_ION_HOMEOSTASIS",-1.50660735636634,0.126795285463196,1.08760454950864,0.530177514792899,"neither"
"REACTOME_PROCESSING_OF_SMDT1",1.04528629953278,0.641937145801133,-1.46293091375454,0.192828109079355,"neither"
"REACTOME_HEPARAN_SULFATE_HEPARIN_HS_GAG_METABOLISM",1.14381402066591,0.520258567363603,-0.727965193315764,0.911355311355311,"neither"
"REACTOME_SIGNALING_BY_ALK_IN_CANCER",-1.0924608613172,0.503064592173503,1.5039569363675,0.0294924844238256,"only GSE161829_ATB"
"REACTOME_ROLE_OF_LAT2_NTAL_LAB_ON_CALCIUM_MOBILIZATION",1.29317662494042,0.310334642123843,-1.69974399783207,0.0463678464761738,"only GSE161829_ATB"
"REACTOME_PROCESSING_OF_INTRONLESS_PRE_MRNAS",-1.07017276450968,0.592336420935335,1.47577919192379,0.144708484920088,"neither"
"REACTOME_VIRAL_MESSENGER_RNA_SYNTHESIS",-1.53609435681313,0.0802566641121038,1.13359961501194,0.434222807227474,"neither"
"REACTOME_DISEASES_OF_MITOTIC_CELL_CYCLE",-0.833089148509043,0.879090649942987,1.23216160234068,0.337569304744615,"neither"
"REACTOME_DENGUE_VIRUS_MODULATES_APOPTOSIS",-1.08447249741149,0.568568994889267,0.689842375252589,0.911355311355311,"neither"
"REACTOME_ABERRANT_REGULATION_OF_MITOTIC_G1_S_TRANSITION_IN_CANCER_DUE_TO_RB1_DEFECTS",-0.785651559626276,0.895153916488875,1.17991366327206,0.427077190477669,"neither"
"REACTOME_NCAM1_INTERACTIONS",-1.18324095035254,0.456701484214139,0.794960330299634,0.838922155688623,"neither"
"REACTOME_TRNA_MODIFICATION_IN_THE_NUCLEUS_AND_CYTOSOL",-1.54149246229638,0.078447740345979,1.15737730142366,0.414481582106527,"neither"
"REACTOME_RHOQ_GTPASE_CYCLE",-1.23082050021192,0.29975036944697,0.855976694014712,0.81872848353893,"neither"
"REACTOME_CO_STIMULATION_BY_CD28",-1.19881261392738,0.366169526392071,0.824685565703701,0.85584674308482,"neither"
"REACTOME_NUCLEAR_ENVELOPE_BREAKDOWN",-1.52475080443231,0.0685482138863971,1.8987202425298,0.00049015638516485,"only GSE161829_ATB"
"REACTOME_SARS_COV_2_MODULATES_HOST_TRANSLATION_MACHINERY",-0.801636132759768,0.952435000445897,1.17504684292618,0.383828866110651,"neither"
"REACTOME_AURKA_ACTIVATION_BY_TPX2",-1.34426879758874,0.136033430690832,1.71745232402853,0.00467758389240962,"only GSE161829_ATB"
"REACTOME_INFLUENZA_INFECTION",-0.850799671882048,0.970261833546978,1.22264853719402,0.235886247529351,"neither"
"REACTOME_RHOF_GTPASE_CYCLE",-1.14805176241263,0.462506938785152,0.778063845741906,0.877495952509444,"neither"
"REACTOME_TRANSCRIPTION_OF_E2F_TARGETS_UNDER_NEGATIVE_CONTROL_BY_DREAM_COMPLEX",-0.711145302625469,0.943229005268051,1.07735776520538,0.542657660214566,"neither"
"REACTOME_METAL_ION_SLC_TRANSPORTERS",-1.0153281180644,0.644863523573201,0.654668229613828,0.942896513980239,"neither"
"REACTOME_TRANSPORT_OF_MATURE_MRNAS_DERIVED_FROM_INTRONLESS_TRANSCRIPTS",-1.90829397099785,0.00520050133431753,1.54823939720775,0.0548772914242374,"only GSE114192_TB"
"REACTOME_NUCLEAR_PORE_COMPLEX_NPC_DISASSEMBLY",-2.00918393880109,0.00246579167420817,1.65093154014626,0.042912020932428,"opposite"
"REACTOME_POST_TRANSLATIONAL_MODIFICATION_SYNTHESIS_OF_GPI_ANCHORED_PROTEINS",1.45234799932417,0.126795285463196,-1.09500825422904,0.450049904727339,"neither"
"REACTOME_EGFR_DOWNREGULATION",1.15485695658393,0.508281128092157,-0.801417033375561,0.85584674308482,"neither"
"REACTOME_RETROGRADE_TRANSPORT_AT_THE_TRANS_GOLGI_NETWORK",1.13761495450439,0.479901960784314,-0.784275857201231,0.925605668722548,"neither"
"REACTOME_SNRNP_ASSEMBLY",-1.94023628736947,0.00296642192871844,1.59254433404074,0.0368036796966358,"opposite"
"REACTOME_FORMATION_OF_THE_POLYBROMO_BAF_PBAF_COMPLEX",-1.15532711102504,0.482266009852217,1.49928973034662,0.123046460646347,"neither"
"REACTOME_FORMATION_OF_THE_CANONICAL_BAF_CBAF_COMPLEX",-1.71826046156949,0.0347785225818623,1.37459535208061,0.249688573736157,"only GSE114192_TB"
"REACTOME_ANTI_INFLAMMATORY_RESPONSE_FAVOURING_LEISHMANIA_PARASITE_INFECTION",1.28974542611585,0.249274106369102,-0.94618990088925,0.720115732885642,"neither"
"REACTOME_ASSEMBLY_OF_COLLAGEN_FIBRILS_AND_OTHER_MULTIMERIC_STRUCTURES",1.25860920185992,0.375357027281809,-0.915241800322937,0.711393869288606,"neither"
"REACTOME_SIGNALING_BY_EGFR_IN_CANCER",-1.0142473478518,0.658746625919146,0.673317669916022,0.932681044580721,"neither"
"REACTOME_NEGATIVE_REGULATION_OF_FGFR3_SIGNALING",0.930964600341451,0.752800886084019,-0.591773592940447,0.968712815846574,"neither"
"REACTOME_NEGATIVE_REGULATION_OF_FGFR4_SIGNALING",0.930964600341451,0.752800886084019,-0.591773592940447,0.968712815846574,"neither"
"REACTOME_REGULATION_OF_MITF_M_DEPENDENT_GENES_INVOLVED_IN_PIGMENTATION",-1.14576115142537,0.461296671835858,1.48400742053678,0.0937874362119419,"neither"
"REACTOME_VEGFR2_MEDIATED_VASCULAR_PERMEABILITY",-1.23784767567701,0.356263899184581,0.90185064852342,0.751021300006633,"neither"
"REACTOME_TP53_REGULATES_TRANSCRIPTION_OF_CELL_CYCLE_GENES",-0.816544571437883,0.905801450362591,1.14595800298473,0.425249169435216,"neither"
"REACTOME_DEVELOPMENTAL_CELL_LINEAGES",-1.23781492988837,0.341446401434942,0.909960586423828,0.763737412973974,"neither"
"REACTOME_INTEGRIN_CELL_SURFACE_INTERACTIONS",0.965147403090414,0.695029507529508,-1.28958744947204,0.277016303563699,"neither"
"REACTOME_REGULATION_OF_TP53_ACTIVITY",-1.54134068750042,0.018329488651546,1.21700837825928,0.243115267733044,"only GSE114192_TB"
"REACTOME_RUNX2_REGULATES_BONE_DEVELOPMENT",-1.10910973376039,0.533909506863244,0.785719002612239,0.849630183290755,"neither"
"REACTOME_TRANSCRIPTIONAL_AND_POST_TRANSLATIONAL_REGULATION_OF_MITF_M_EXPRESSION_AND_ACTIVITY",-1.11604131622553,0.461181616252371,1.43753191318138,0.122019421424577,"neither"
"REACTOME_TRANSCRIPTIONAL_ACTIVITY_OF_SMAD2_SMAD3_SMAD4_HETEROTRIMER",-1.13736067452457,0.413828502415459,0.817025567139077,0.85584674308482,"neither"
"REACTOME_PROCESSIVE_SYNTHESIS_ON_THE_LAGGING_STRAND",-1.65543334092729,0.0655877067154734,1.33951566876661,0.292234208006553,"neither"
"REACTOME_ANCHORING_OF_THE_BASAL_BODY_TO_THE_PLASMA_MEMBRANE",-1.21047204940256,0.313380281690141,1.52140113784005,0.0324544656806067,"only GSE161829_ATB"
"REACTOME_PROCESSING_OF_CAPPED_INTRON_CONTAINING_PRE_MRNA",-0.885221834155241,0.952435000445897,1.19564421630856,0.212884460672071,"neither"
"REACTOME_DEADENYLATION_DEPENDENT_MRNA_DECAY",-1.37093295510402,0.174189843246239,1.06184983599218,0.545606102705297,"neither"
"REACTOME_MATURATION_OF_SARS_COV_2_SPIKE_PROTEIN",-1.02657234035048,0.617684026449533,1.33311442825256,0.223792856467154,"neither"
"REACTOME_ACTIVATION_OF_ATR_IN_RESPONSE_TO_REPLICATION_STRESS",-1.33917465787116,0.318237761751465,1.64547645295991,0.0307406771602527,"only GSE161829_ATB"
"REACTOME_SIGNALING_BY_FGFR1",-0.964686902181174,0.699714110680008,0.658631182763637,0.955128205128205,"neither"
"REACTOME_CONSTITUTIVE_SIGNALING_BY_LIGAND_RESPONSIVE_EGFR_CANCER_VARIANTS",-1.07247386440903,0.583262611975483,0.766820867954047,0.857575026854024,"neither"
"REACTOME_DEFECTS_IN_VITAMIN_AND_COFACTOR_METABOLISM",0.969192883009939,0.702450818815471,-0.663895405093433,0.947181850407657,"neither"
"REACTOME_TRNA_PROCESSING",-1.74772819096948,0.00296642192871844,1.44321242862528,0.0615715840828557,"only GSE114192_TB"
"REACTOME_TRNA_AMINOACYLATION",-1.12377208748986,0.461181616252371,1.42813381757564,0.124113475177305,"neither"
"REACTOME_SIGNALING_BY_NTRKS",-1.04304150338151,0.556141660715445,0.739092691284701,0.949913818302775,"neither"
"REACTOME_REGULATION_OF_MITF_M_DEPENDENT_GENES_INVOLVED_IN_CELL_CYCLE_AND_PROLIFERATION",-1.59471324258771,0.0941949910398618,1.29302609143476,0.323202911737944,"neither"
"REACTOME_SIGNALING_BY_FGFR4",-0.939728338224275,0.762906682252094,0.639558140258806,0.954308566288268,"neither"
"REACTOME_RAC1_GTPASE_CYCLE",-1.08551522835023,0.444035134297978,0.786052102015617,0.932681044580721,"neither"
"REACTOME_ROLE_OF_PHOSPHOLIPIDS_IN_PHAGOCYTOSIS",1.0968580747219,0.533909506863244,-1.3957061339337,0.19501260857383,"neither"
"REACTOME_BASIGIN_INTERACTIONS",-1.26602666685744,0.330644427990595,0.971742122735084,0.666361701704489,"neither"
"REACTOME_SARS_COV_1_MODULATES_HOST_TRANSLATION_MACHINERY",0.92799884077022,0.752800886084019,-0.635613029106257,0.975375759513911,"neither"
"REACTOME_RECRUITMENT_OF_NUMA_TO_MITOTIC_CENTROSOMES",-1.42752873568168,0.0705928492325034,1.71480009206324,0.00207783553832234,"only GSE161829_ATB"
"REACTOME_GLUCOSE_METABOLISM",-1.30083807784159,0.182046565810989,1.58789310407048,0.0359842820627365,"only GSE161829_ATB"
"REACTOME_CONVERSION_FROM_APC_C_CDC20_TO_APC_C_CDH1_IN_LATE_ANAPHASE",-0.947880256045483,0.729611753850522,1.23391053955589,0.370142517343343,"neither"
"REACTOME_LAGGING_STRAND_SYNTHESIS",-1.55257631179495,0.113876717825101,1.26670849581636,0.329492241711211,"neither"
"REACTOME_CO_INHIBITION_BY_CTLA4",-0.824201623252782,0.851685225690992,1.10860585888885,0.495950684452874,"neither"
"REACTOME_INTERLEUKIN_RECEPTOR_SHC_SIGNALING",-1.01769528923991,0.652447780959506,0.733778740548397,0.907393287200219,"neither"
"REACTOME_RECOGNITION_OF_DNA_DAMAGE_BY_PCNA_CONTAINING_REPLICATION_COMPLEX",-1.05101718583918,0.598178081430873,1.33427099117683,0.23001357719032,"neither"
"REACTOME_ORGANELLE_BIOGENESIS_AND_MAINTENANCE",-1.07834917903339,0.404997022185609,1.35948528110335,0.0276248619584004,"only GSE161829_ATB"
"REACTOME_HIV_LIFE_CYCLE",-1.11188629903473,0.36181090237142,1.38833110602719,0.0480452633126897,"only GSE161829_ATB"
"REACTOME_CELLULAR_RESPONSE_TO_HEAT_STRESS",-1.68505284382038,0.00738585718517797,1.40866740606476,0.0751561333172909,"only GSE114192_TB"
"REACTOME_VEGFR2_MEDIATED_CELL_PROLIFERATION",-1.25545938972769,0.363456150182124,0.986402766214558,0.64612188365651,"neither"
"REACTOME_CARDIAC_CONDUCTION",-1.08141478827374,0.493130929791271,0.817575856255231,0.85584674308482,"neither"
"REACTOME_HATS_ACETYLATE_HISTONES",-1.45703781639573,0.0662453368790878,1.19416569831039,0.294478527607362,"neither"
"REACTOME_TELOMERE_C_STRAND_LAGGING_STRAND_SYNTHESIS",-1.5438460882626,0.129221720139816,1.28354285747172,0.295769714737894,"neither"
"REACTOME_SIGNALING_BY_TGF_BETA_RECEPTOR_COMPLEX",-1.03657399433168,0.579474222180502,0.77802106676399,0.911355311355311,"neither"
"REACTOME_DAP12_INTERACTIONS",1.40170407217477,0.178457204407987,-1.14965307075968,0.414481582106527,"neither"
"REACTOME_SUMOYLATION_OF_DNA_REPLICATION_PROTEINS",-1.88326887628267,0.00508995369301068,1.63554501386479,0.0212392511168947,"opposite"
"REACTOME_REGULATION_OF_HSF1_MEDIATED_HEAT_SHOCK_RESPONSE",-1.71321391518465,0.00892529126287655,1.46767895519516,0.0480452633126897,"opposite"
"REACTOME_CYTOCHROME_P450_ARRANGED_BY_SUBSTRATE_TYPE",-0.543254434232551,0.996332518337408,0.78799293547444,0.85584674308482,"neither"
"REACTOME_REGULATION_OF_CHOLESTEROL_BIOSYNTHESIS_BY_SREBP_SREBF",-0.907740269655121,0.821413920161867,1.15105612430815,0.405604719764012,"neither"
"REACTOME_MITOTIC_PROMETAPHASE",-1.64156999614037,0.00246579167420817,1.88461194760089,1.07746753604529e-06,"opposite"
"REACTOME_HDR_THROUGH_SINGLE_STRAND_ANNEALING_SSA",-1.02714609943419,0.633456723245456,1.26973438308781,0.303046246119851,"neither"
"REACTOME_FLT3_SIGNALING_IN_DISEASE",-0.780603258934212,0.905526147032681,1.02201975734254,0.597273605972736,"neither"
"REACTOME_SIGNALING_BY_ERBB2",-1.2065979308368,0.366882210302006,0.966881758010458,0.676953708312593,"neither"
"REACTOME_SIGNALING_BY_PDGF",-0.917955395494985,0.779341646799927,1.15657300321909,0.423783490101531,"neither"
"REACTOME_TP53_REGULATES_TRANSCRIPTION_OF_DNA_REPAIR_GENES",-0.904290690324868,0.826531584895897,1.14168325645434,0.426865324176464,"neither"
"REACTOME_ABERRANT_REGULATION_OF_MITOTIC_EXIT_IN_CANCER_DUE_TO_RB1_DEFECTS",-0.821355658004807,0.852734588106928,1.05840726020683,0.546891850073613,"neither"
"REACTOME_RET_SIGNALING",-1.09253256260983,0.536170360554831,0.856990389869829,0.794202503464413,"neither"
"REACTOME_MYOGENESIS",0.78890211027114,0.855234781689915,-1.01940380962578,0.622089774632147,"neither"
"REACTOME_EXTRA_NUCLEAR_ESTROGEN_SIGNALING",0.731980877258693,0.952435000445897,-0.956939645661698,0.676953708312593,"neither"
"REACTOME_TRANSLESION_SYNTHESIS_BY_POLK",-0.802497982135511,0.878838283828383,1.02543520758157,0.607348703170029,"neither"
"REACTOME_ACTIVATION_OF_GENE_EXPRESSION_BY_SREBF_SREBP",-0.807522065540361,0.91631712136444,1.02644273852642,0.598006644518272,"neither"
"REACTOME_NEGATIVE_REGULATION_OF_FGFR2_SIGNALING",0.914433895303189,0.763577498988264,-0.695733100552895,0.922330968842597,"neither"
"REACTOME_NEGATIVE_REGULATION_OF_FGFR1_SIGNALING",0.863238089721461,0.809103924778103,-0.645893321859761,0.947181850407657,"neither"
"REACTOME_RNA_POLYMERASE_III_TRANSCRIPTION_INITIATION_FROM_TYPE_3_PROMOTER",-1.09921088829747,0.532230506368437,0.888372421071218,0.767390525500711,"neither"
"REACTOME_RNA_POLYMERASE_I_TRANSCRIPTION_TERMINATION",-1.08179854279902,0.54944382647386,1.29163287841762,0.293746754691788,"neither"
"REACTOME_MOLECULES_ASSOCIATED_WITH_ELASTIC_FIBRES",0.816063196294284,0.838906423270494,-1.02492345288923,0.619761133729708,"neither"
"REACTOME_ACTIVATION_OF_THE_PRE_REPLICATIVE_COMPLEX",-1.40805684607924,0.178457204407987,1.6167190414491,0.0545478767035911,"neither"
"REACTOME_SIGNALING_BY_FGFR1_IN_DISEASE",-0.878665174555463,0.824789021216184,1.08565351855797,0.533536548369952,"neither"
"REACTOME_RNA_POLYMERASE_III_CHAIN_ELONGATION",-0.985672456655514,0.701877345702712,0.779054242187504,0.85584674308482,"neither"
"REACTOME_BRANCHED_CHAIN_AMINO_ACID_CATABOLISM",-0.913806177623742,0.784455128205128,0.708487738610582,0.917501338022784,"neither"
"REACTOME_RRNA_PROCESSING",-1.51024114443107,0.00511292357653831,1.30517705477116,0.104735651579399,"only GSE114192_TB"
"REACTOME_SENSORY_PROCESSING_OF_SOUND",-0.989231585015583,0.658746625919146,0.788360586264365,0.88160154727711,"neither"
"REACTOME_CELL_DEATH_SIGNALLING_VIA_NRAGE_NRIF_AND_NADE",-1.08364788923511,0.506218905472637,0.884910339200685,0.802929322199099,"neither"
"REACTOME_PHOSPHOLIPID_METABOLISM",0.940002321532165,0.754379990161577,-0.742432420082477,0.999681814237367,"neither"
"REACTOME_MET_PROMOTES_CELL_MOTILITY",-0.70194335518881,0.952435000445897,0.505996675167225,0.998265234193384,"neither"
"REACTOME_DOWNREGULATION_OF_SMAD2_3_SMAD4_TRANSCRIPTIONAL_ACTIVITY",-1.11937689547847,0.50945083775565,0.927111388744016,0.73335990434436,"neither"
"REACTOME_COBALAMIN_CBL_VITAMIN_B12_TRANSPORT_AND_METABOLISM",1.02153545247833,0.674562295267141,-0.830645536872402,0.802929322199099,"neither"
"REACTOME_TRANSCRIPTIONAL_REGULATION_BY_VENTX",-1.20842267520286,0.353482486728427,1.39897145775421,0.139737991266376,"neither"
"REACTOME_OPIOID_SIGNALLING",-0.780122595432336,0.971578544611043,0.969995785807057,0.695408007049669,"neither"
"REACTOME_FORMATION_OF_THE_EMBRYONIC_STEM_CELL_BAF_ESBAF_COMPLEX",-1.19912672497702,0.420046396288297,1.38730669149081,0.205658618719745,"neither"
"REACTOME_HEME_SIGNALING",0.829981514383957,0.850735294117647,-1.01740154808204,0.54205376884899,"neither"
"REACTOME_SENSORY_PERCEPTION",-1.04761122599379,0.562315824523433,0.861814072157677,0.837148463047744,"neither"
"REACTOME_SIGNALING_BY_FGFR",-0.712990872500868,0.9936900776471,0.889054463453468,0.780845070422535,"neither"
"REACTOME_DARPP_32_EVENTS",-1.051624902881,0.616411402666499,0.875956252964789,0.780845070422535,"neither"
"REACTOME_TRANSCRIPTIONAL_REGULATION_BY_THE_AP_2_TFAP2_FAMILY_OF_TRANSCRIPTION_FACTORS",-1.01104171020574,0.658746625919146,0.838504049448041,0.81318391562294,"neither"
"REACTOME_CA_DEPENDENT_EVENTS",-0.852383558335878,0.842717336044738,0.688924084789096,0.929978348153287,"neither"
"REACTOME_SIGNALING_BY_TGFB_FAMILY_MEMBERS",-0.96528292665624,0.7158158957969,0.807113440214551,0.912895137090476,"neither"
"REACTOME_DNA_STRAND_ELONGATION",-1.56368958493612,0.11803437916535,1.72137457219277,0.0113390832504157,"only GSE161829_ATB"
"REACTOME_SIGNALING_BY_FGFR3",-0.875279411803459,0.828316831683168,0.721279295774177,0.911355311355311,"neither"
"REACTOME_RECRUITMENT_OF_MITOTIC_CENTROSOME_PROTEINS_AND_COMPLEXES",-1.37554645311338,0.0690654077216588,1.52596865632487,0.0340173324364415,"only GSE161829_ATB"
"REACTOME_GAP_FILLING_DNA_REPAIR_SYNTHESIS_AND_LIGATION_IN_GG_NER",-1.15608433670837,0.469676806541979,1.00597382391954,0.62114418128743,"neither"
"REACTOME_TRANSPORT_OF_MATURE_TRANSCRIPT_TO_CYTOPLASM",-1.43792992206474,0.0732148441083134,1.28787457523294,0.216296296296296,"neither"
"REACTOME_SIGNALING_BY_NOTCH1",-0.610204250600354,0.996332518337408,0.759165969325554,0.911355311355311,"neither"
"REACTOME_ACTIVATION_OF_KAINATE_RECEPTORS_UPON_GLUTAMATE_BINDING",-0.778347089139733,0.895153916488875,0.923775462611745,0.707297362538177,"neither"
"REACTOME_NUCLEOTIDE_EXCISION_REPAIR",-1.03400034716125,0.572965227745151,1.17699765493167,0.326812428078251,"neither"
"REACTOME_RAS_PROCESSING",-1.00504022778494,0.67120202892896,1.14709875049242,0.455407969639469,"neither"
"REACTOME_G_ALPHA_Q_SIGNALLING_EVENTS",-0.933027758401195,0.786995963009905,0.792133917621546,0.907393287200219,"neither"
"REACTOME_G_ALPHA_Z_SIGNALLING_EVENTS",-0.893194469171012,0.799004975124378,0.753882330657571,0.883354088833541,"neither"
"REACTOME_SIGNALING_BY_MET",-0.908344213168111,0.813104866468579,0.77169655917206,0.89629416834243,"neither"
"REACTOME_MICRORNA_MIRNA_BIOGENESIS",-0.833847244356016,0.86526856887432,0.969958497186826,0.6636413758005,"neither"
"REACTOME_RHO_GTPASE_CYCLE",-1.21402979252532,0.0690654077216588,1.07913606938556,0.426218373238241,"neither"
"REACTOME_RHOBTB_GTPASE_CYCLE",-0.904489552188649,0.796891422103646,0.774548434617561,0.880333826894602,"neither"
"REACTOME_DUAL_INCISION_IN_GG_NER",-1.11055083130846,0.489181737183038,1.23842059251597,0.317249584040967,"neither"
"REACTOME_FORMATION_OF_THE_NON_CANONICAL_BAF_NCBAF_COMPLEX",-1.14382954082233,0.481939872505047,1.27027754283476,0.337569304744615,"neither"
"REACTOME_NUCLEAR_RNA_DECAY",-1.28389143197695,0.248449131513648,1.40423437674667,0.138230555490695,"neither"
"REACTOME_GLOBAL_GENOME_NUCLEOTIDE_EXCISION_REPAIR_GG_NER",-1.12413774522716,0.426972281449893,1.24263137038295,0.26185451569835,"neither"
"REACTOME_REGULATION_OF_TP53_EXPRESSION_AND_DEGRADATION",-1.3720214510744,0.227194994134778,1.48771510996727,0.112210506714407,"neither"
"REACTOME_INTERLEUKIN_3_INTERLEUKIN_5_AND_GM_CSF_SIGNALING",-0.858328399533536,0.873122122412183,0.97392711089774,0.666361701704489,"neither"
"REACTOME_FORMATION_OF_INCISION_COMPLEX_IN_GG_NER",-1.07496854853233,0.517466171772223,1.18715459025451,0.383473527956457,"neither"
"REACTOME_G_PROTEIN_MEDIATED_EVENTS",-0.891574148772598,0.796891422103646,0.782600506130631,0.873641738846439,"neither"
"REACTOME_ACTIVATION_OF_THE_MRNA_UPON_BINDING_OF_THE_CAP_BINDING_COMPLEX_AND_EIFS_AND_SUBSEQUENT_BINDING_TO_43S",0.654856373744006,0.991994423404454,-0.760707458864955,0.935255008701084,"neither"
"REACTOME_REGULATION_OF_RUNX1_EXPRESSION_AND_ACTIVITY",-0.969495069116431,0.729611753850522,1.07461240653727,0.546062407132244,"neither"
"REACTOME_CONSTITUTIVE_SIGNALING_BY_ABERRANT_PI3K_IN_CANCER",0.735091221630215,0.947049767390054,-0.837436574039,0.85584674308482,"neither"
"REACTOME_DNA_DAMAGE_RECOGNITION_IN_GG_NER",-1.14986301267957,0.425823072805139,1.24994696466641,0.320622542102583,"neither"
"REACTOME_POTASSIUM_CHANNELS",1.1824439123789,0.446833229601968,-1.08634402306959,0.495798553920884,"neither"
"REACTOME_MAPK_FAMILY_SIGNALING_CASCADES",-1.07172642535781,0.439802336028751,1.16437346207846,0.301015373548643,"neither"
"REACTOME_REGULATION_OF_TP53_ACTIVITY_THROUGH_PHOSPHORYLATION",-1.15421019135804,0.363456150182124,1.2455701664854,0.270078180525942,"neither"
"REACTOME_TRNA_PROCESSING_IN_THE_NUCLEUS",-1.69431130503956,0.0268016803985402,1.60414274011216,0.0340180715719643,"opposite"
"REACTOME_TBC_RABGAPS",0.958737827669867,0.702450818815471,-1.04845918808817,0.50393950348885,"neither"
"REACTOME_SIGNALING_BY_ALK",0.94748927675672,0.733177128502141,-0.858481874363957,0.816867097836716,"neither"
"REACTOME_NON_INTEGRIN_MEMBRANE_ECM_INTERACTIONS",-0.858610209563608,0.850735294117647,0.947037725714798,0.70306258322237,"neither"
"REACTOME_CLASS_B_2_SECRETIN_FAMILY_RECEPTORS",1.02789832564115,0.641755309257262,-1.11617713703282,0.467684698608964,"neither"
"REACTOME_RHOD_GTPASE_CYCLE",-1.09841152248139,0.493509766855703,1.01137726621963,0.619761133729708,"neither"
"REACTOME_ADIPOGENESIS",-0.859784382003922,0.86526856887432,0.944614498573971,0.721968709256845,"neither"
"REACTOME_ONCOGENIC_MAPK_SIGNALING",1.04970116832457,0.598536707592082,-0.967626111023973,0.678061321071562,"neither"
"REACTOME_KERATINIZATION",0.924520192421145,0.752800886084019,-0.843040775219406,0.822900947470316,"neither"
"REACTOME_FORMATION_OF_THE_CORNIFIED_ENVELOPE",0.924520192421145,0.752800886084019,-0.84324090588773,0.806428049671293,"neither"
"REACTOME_SIGNALING_BY_WNT_IN_CANCER",-0.733971993125128,0.947049767390054,0.814273807242833,0.837148463047744,"neither"
"REACTOME_PLATELET_CALCIUM_HOMEOSTASIS",-1.17327138145395,0.446833229601968,1.25110793649501,0.36666930728925,"neither"
"REACTOME_SIGNALING_BY_FLT3_FUSION_PROTEINS",-0.801689754276946,0.879090649942987,0.879243446592766,0.762403608322421,"neither"
"REACTOME_N_GLYCAN_ANTENNAE_ELONGATION_IN_THE_MEDIAL_TRANS_GOLGI",-1.55108757097797,0.104386641657554,1.47373890599291,0.136426332288401,"neither"
"REACTOME_CILIUM_ASSEMBLY",-1.35818103237082,0.0690654077216588,1.43429819691181,0.0169658958253998,"only GSE161829_ATB"
"REACTOME_FCGR3A_MEDIATED_IL10_SYNTHESIS",1.08567827605678,0.539861351819757,-1.15704257928904,0.409809822629186,"neither"
"REACTOME_RHOG_GTPASE_CYCLE",-1.13440706225159,0.393378756114605,1.06516234146142,0.53864441156423,"neither"
"REACTOME_PROCESSIVE_SYNTHESIS_ON_THE_C_STRAND_OF_THE_TELOMERE",-1.40683031871984,0.269904503649541,1.33914581506344,0.251327698406762,"neither"
"REACTOME_CELL_SURFACE_INTERACTIONS_AT_THE_VASCULAR_WALL",1.28227270694358,0.201578064054949,-1.22011853407482,0.284278599400359,"neither"
"REACTOME_REGULATION_OF_TP53_ACTIVITY_THROUGH_METHYLATION",-0.931205000546121,0.758491867653692,0.870939174451128,0.778836868623832,"neither"
"REACTOME_TRAFFICKING_OF_AMPA_RECEPTORS",-0.693793990633908,0.952435000445897,0.750359903072254,0.874708378074928,"neither"
"REACTOME_RAF_INDEPENDENT_MAPK1_3_ACTIVATION",-0.822691205195654,0.851685225690992,0.766749545871948,0.871327549755777,"neither"
"REACTOME_HDMS_DEMETHYLATE_HISTONES",-1.02150864062225,0.658746625919146,0.967570173506248,0.692125084258961,"neither"
"REACTOME_HIGH_LAMINAR_FLOW_SHEAR_STRESS_ACTIVATES_SIGNALING_BY_PIEZO1_AND_PECAM1_CDH5_KDR_IN_ENDOTHELIAL_CELLS",0.816783066074931,0.873122122412183,-0.763897397863638,0.931483816729718,"neither"
"REACTOME_ELASTIC_FIBRE_FORMATION",0.99041663817032,0.681021390051378,-0.939800158751998,0.70306258322237,"neither"
"REACTOME_FLT3_SIGNALING",-0.848457900078258,0.863447299651568,0.800509778938247,0.85584674308482,"neither"
"REACTOME_VITAMIN_B5_PANTOTHENATE_METABOLISM",0.903432380764221,0.779341646799927,-0.856739747433212,0.795117698343505,"neither"
"REACTOME_O_LINKED_GLYCOSYLATION_OF_MUCINS",-0.925639151442676,0.755536417322835,0.971611003959005,0.666361701704489,"neither"
"REACTOME_CD209_DC_SIGN_SIGNALING",-0.96422492774958,0.717697871864042,0.922108960367043,0.707438445611692,"neither"
"REACTOME_REGULATION_OF_PTEN_GENE_TRANSCRIPTION",-1.06945480369979,0.520258567363603,1.11052278456731,0.467684698608964,"neither"
"REACTOME_FORMATION_OF_NEURONAL_PROGENITOR_AND_NEURONAL_BAF_NPBAF_AND_NBAF",-1.39044056329666,0.221384650415129,1.35233880696462,0.253585468558199,"neither"
"REACTOME_POSTMITOTIC_NUCLEAR_PORE_COMPLEX_NPC_REFORMATION",-1.51746340358308,0.163938140267927,1.48149125526169,0.134932533733133,"neither"
"REACTOME_SIGNALING_BY_FGFR2_IN_DISEASE",-0.787323885970021,0.896392600617953,0.756299068300907,0.883354088833541,"neither"
"REACTOME_G_ALPHA_S_SIGNALLING_EVENTS",1.15839304586273,0.456599191400698,-1.18896310677441,0.315314813783889,"neither"
"REACTOME_NEGATIVE_REGULATION_OF_THE_PI3K_AKT_NETWORK",-0.89960010748234,0.827044802804073,0.870616795442191,0.818624497496123,"neither"
"REACTOME_DAP12_SIGNALING",1.06782479956268,0.598536707592082,-1.03982258895226,0.54205376884899,"neither"
"REACTOME_PKMTS_METHYLATE_HISTONE_LYSINES",-1.2315102604332,0.33384484228474,1.2062065149671,0.355916708989335,"neither"
"REACTOME_FCERI_MEDIATED_MAPK_ACTIVATION",1.14838541449812,0.458348217668518,-1.17085408698267,0.391437308868502,"neither"
"REACTOME_LISTERIA_MONOCYTOGENES_ENTRY_INTO_HOST_CELLS",0.831079709511497,0.835876925027437,-0.811153635487322,0.824972129319955,"neither"
"REACTOME_P75_NTR_RECEPTOR_MEDIATED_SIGNALLING",-0.970842600458771,0.693308913308913,0.95132622112568,0.707578785164398,"neither"
"REACTOME_FORMATION_OF_THE_BETA_CATENIN_TCF_TRANSACTIVATING_COMPLEX",-1.20045909413468,0.361747931560768,1.21874316960854,0.303200543346106,"neither"
"REACTOME_EARLY_SARS_COV_2_INFECTION_EVENTS",1.22873763895362,0.413828502415459,-1.24622056805345,0.315314813783889,"neither"
"REACTOME_ONCOGENE_INDUCED_SENESCENCE",-1.03738341539546,0.600525777712867,1.05029240715709,0.576801691882219,"neither"
"REACTOME_EXTENSION_OF_TELOMERES",-1.42859546956185,0.127052443408473,1.43142384625838,0.112320112320112,"neither"
"REACTOME_RND1_GTPASE_CYCLE",-1.02679336298587,0.629278483046762,1.02538045901531,0.60554216242839,"neither"
"REACTOME_EPIGENETIC_REGULATION_BY_WDR5_CONTAINING_HISTONE_MODIFYING_COMPLEXES",-1.11038213982159,0.438637540324187,1.11082362367884,0.41918131723957,"neither"
