"ID","Description","setSize","enrichmentScore","NES","pvalue","p.adjust","qvalue","rank","leading_edge","core_enrichment","Collection"
"REACTOME_CHROMATIN_ORGANIZATION","REACTOME_CHROMATIN_ORGANIZATION",239,-0.484574148040028,-1.85114136512776,9.14898662762359e-08,9.31366838692082e-05,7.96443362215233e-05,3057,"tags=38%, list=21%, signal=31%","NCOR2/HAT1/ELP1/CLOCK/DPF2/VPS72/MTA3/KDM6B/H2AC6/KDM7A/H3C10/RUVBL1/CHD4/H2BC9/BCL7C/KDM4B/SMYD3/NCOA2/SUZ12/COPRS/SETDB2/ASH2L/RBBP5/BRD1/BRWD1/PRMT5/ARID2/BRPF1/SMARCD1/SMARCB1/GPS2/YEATS4/REST/SMARCC2/BRPF3/H2AX/PRMT6/DR1/SMARCD2/H2BC11/ELP4/EPC1/SMARCA4/AEBP2/PBRM1/NSD1/RBBP4/ELP2/RPS2/EP300/KDM4A/NCOR1/RUVBL2/RCOR1/SMARCC1/GATAD2A/MSL1/SMARCA2/ATF7IP/RELA/TADA2B/TBL1X/ARID4B/SETD1B/ARID1A/PHF2/NCOA1/KDM5A/SETD2/BCL11B/JADE1/KANSL1/KDM1A/ATXN7/HCFC1/SAP30L/BICRA/MEAF6/USP22/CREBBP/ARID5B/ARID1B/SUV39H1/GATAD2B/KAT6B/SETD1A/KDM3A/JADE2/KDM2B/KAT6A/PHF20/BICRAL","REACTOME"
"REACTOME_RUNX1_INTERACTS_WITH_CO_FACTORS_WHOSE_PRECISE_EFFECT_ON_RUNX1_TARGETS_IS_NOT_KNOWN","REACTOME_RUNX1_INTERACTS_WITH_CO_FACTORS_WHOSE_PRECISE_EFFECT_ON_RUNX1_TARGETS_IS_NOT_KNOWN",35,-0.751377097402591,-2.17538403340597,8.33008512003346e-07,0.000282667555073135,0.000241718610325182,2472,"tags=69%, list=17%, signal=57%","BMI1/RNF2/ARID2/SMARCD1/PCGF5/CBFB/SMARCB1/SMARCC2/CSNK2A1/SMARCD2/RUNX1/SMARCA4/CBX4/PBRM1/EP300/RING1/SMARCC1/HIPK2/SMARCA2/PHC2/ARID1A/ARID1B/CBX6/AUTS2","REACTOME"
"REACTOME_FOXO_MEDIATED_TRANSCRIPTION","REACTOME_FOXO_MEDIATED_TRANSCRIPTION",53,-0.677925971273872,-2.12141699601914,8.18463918936621e-07,0.000282667555073135,0.000241718610325182,2189,"tags=43%, list=15%, signal=37%","SMAD4/RBL2/SIRT1/SMAD2/CCNG2/YWHAQ/BBC3/TXNIP/EP300/BCL2L11/SMAD3/NFYA/FOXO6/AKT3/CREBBP/PINK1/SIN3A/FOXO3/NR3C1/FOXO1/FBXO32/CDKN1B/FOXO4","REACTOME"
"REACTOME_INTRACELLULAR_SIGNALING_BY_SECOND_MESSENGERS","REACTOME_INTRACELLULAR_SIGNALING_BY_SECOND_MESSENGERS",246,-0.442038477071834,-1.68923359527207,5.85729151304857e-06,0.00149068069007086,0.00127473160033978,2556,"tags=30%, list=17%, signal=26%","TRAF6/PTEN/PPP2R1A/CREB1/FLT3/BMI1/SUZ12/RNF2/TNKS2/ATN1/CALM1/GRB2/PSMD3/REST/AGO4/PPP2R5D/PSMB2/WWP2/PDPK1/CSNK2A1/PIP5K1A/STUB1/CASP9/AKT1S1/CBX4/MKRN1/RBBP4/USP13/PHLPP1/PDGFB/PIK3CA/PIK3R3/AGO2/MAF1/PRR5/RING1/RCOR1/RRAGA/AHCYL1/GATAD2A/GSK3A/FRS2/RPTOR/RAC1/PHC2/MAPKAP1/PIP5K1C/PPP2R5E/PPP2R5A/PRKAR2A/IL1RAP/PRKACB/LCK/GSK3B/USP7/FOXO6/PRKAR1A/ERBB2/AKT3/KDM1A/PIK3R1/NEDD4/PIP4K2A/PHLPP2/TNRC6B/GATAD2B/FOXO3/MAPK1/TNRC6C/CBX6/PPP2R5C/FYN/FOXO1/CDKN1B/FOXO4","REACTOME"
"REACTOME_SIGNALING_BY_WNT","REACTOME_SIGNALING_BY_WNT",228,-0.446421027416991,-1.69410806272201,1.0223720725393e-05,0.00208154953969002,0.00178000358734737,2774,"tags=33%, list=19%, signal=28%","H2AC6/ITPR2/H3C10/RUVBL1/H2BC9/XPO1/ROR1/PPP2R1A/CLTC/TNKS2/ASH2L/RBBP5/YWHAZ/APC/CALM1/PSMD3/SMURF2/AGO4/PPP2R5D/PSMB2/AP2M1/TLE1/CSNK2A1/CTBP2/H2AX/GNB1/H2BC11/GNG2/SMARCA4/CHD8/DVL2/TLE2/CSNK1E/CDC73/EP300/AMER1/PPP3CA/PRKCB/BTRC/AGO2/TLE5/LRP5/FZD3/CCDC88C/ZNRF3/RAC1/CTNNB1/BCL9/AXIN1/PPP2R5E/PPP2R5A/PPP3R1/LEF1/BCL9L/GSK3B/FZD2/AP2B1/PYGO2/CTBP1/FZD5/RUNX3/ZRANB1/TLE4/GNAO1/FZD4/LGR6/PARD6A/CREBBP/TNRC6B/DAAM1/PLCB1/TNRC6C/FZD8/PPP2R5C/FRAT1/FRAT2","REACTOME"
"REACTOME_DISASSEMBLY_OF_THE_DESTRUCTION_COMPLEX_AND_RECRUITMENT_OF_AXIN_TO_THE_MEMBRANE","REACTOME_DISASSEMBLY_OF_THE_DESTRUCTION_COMPLEX_AND_RECRUITMENT_OF_AXIN_TO_THE_MEMBRANE",26,-0.752072171008979,-2.0495832114983,1.3659558984036e-05,0.00231757184095811,0.00198183425961365,2532,"tags=62%, list=17%, signal=51%","PPP2R1A/APC/PPP2R5D/DVL2/AMER1/LRP5/CTNNB1/AXIN1/PPP2R5E/PPP2R5A/GSK3B/FZD2/FZD5/PPP2R5C/FRAT1/FRAT2","REACTOME"
"REACTOME_NEPHRIN_FAMILY_INTERACTIONS","REACTOME_NEPHRIN_FAMILY_INTERACTIONS",17,-0.818516694080565,-2.02525222440336,1.90203179534203e-05,0.00242033545957273,0.00206971091414192,1692,"tags=59%, list=11%, signal=52%","ACTN4/PIK3CA/NCK1/SPTBN1/WASL/NCK2/SPTAN1/PIK3R1/IQGAP1/FYN","REACTOME"
"REACTOME_DISEASES_OF_SIGNAL_TRANSDUCTION_BY_GROWTH_FACTOR_RECEPTORS_AND_SECOND_MESSENGERS","REACTOME_DISEASES_OF_SIGNAL_TRANSDUCTION_BY_GROWTH_FACTOR_RECEPTORS_AND_SECOND_MESSENGERS",386,-0.40609877347205,-1.61374214583832,1.72995462315249e-05,0.00242033545957273,0.00206971091414192,2549,"tags=28%, list=17%, signal=24%","PTEN/PPP2R1A/WDR48/CREB1/FLT3/CLTC/MAPK8/TNKS2/MAML2/CDK8/MAMLD1/APC/CALM1/GRB2/RANBP2/IL10RA/MAP2K2/PAPSS1/SMAD4/PSMD3/AGO4/RAP1B/PPP2R5D/PSMB2/SHC1/PDPK1/QKI/ERBIN/CTBP2/SMAD2/FIP1L1/SNW1/SHOC2/LMNA/CASP9/AKT1S1/TLN1/RRBP1/EP300/POLR2F/AMER1/PDGFB/DUSP7/PIK3CA/FAM131B/BCL2L11/NCOR1/MIB1/PIK3R3/AGO2/SMAD3/PRR5/LRP5/SEL1L/EIF2AK3/GSK3A/ADAM10/FRS2/SPTBN1/RAC1/FXR1/CTNNB1/MAPKAP1/HEY2/VCP/AXIN1/TRIM24/PPP2R5E/PPP2R5A/TGFBR1/TBL1X/HDAC4/POLR2A/DUSP8/TGFBR2/DCTN1/LCK/GSK3B/ZFYVE9/ERLEC1/GTF2F1/ARRB1/MAML1/CTBP1/FOXO6/PRKAR1A/FZD5/SND1/ERBB2/MYH9/PRF1/FZD4/AKT3/PIK3R1/VCL/IQGAP1/CREBBP/ZC3HAV1/FOXO3/MAPK1/MAP2K1/TNRC6C/BCR/SQSTM1/FZD8/PPP2R5C/FYN/FOXO1/CDKN1B/FOXO4","REACTOME"
"REACTOME_CONSTITUTIVE_SIGNALING_BY_AKT1_E17K_IN_CANCER","REACTOME_CONSTITUTIVE_SIGNALING_BY_AKT1_E17K_IN_CANCER",26,-0.741165528668634,-2.01985990581528,2.92691256558507e-05,0.0029795969917656,0.00254795441235669,2030,"tags=50%, list=14%, signal=43%","PDPK1/CASP9/AKT1S1/PRR5/GSK3A/MAPKAP1/GSK3B/FOXO6/AKT3/FOXO3/FOXO1/CDKN1B/FOXO4","REACTOME"
"REACTOME_EPIGENETIC_REGULATION_OF_GENE_EXPRESSION","REACTOME_EPIGENETIC_REGULATION_OF_GENE_EXPRESSION",272,-0.421288017297752,-1.62146481160997,2.9125396806887e-05,0.0029795969917656,0.00254795441235669,2848,"tags=28%, list=19%, signal=23%","SCD5/ZNF765/H2AC6/UBE2I/H3C10/CHD4/H2BC9/BCL7C/POLR1E/ZNF136/NCOA2/SUZ12/ASH2L/RBBP5/CDK8/SMARCD1/SMARCB1/GPS2/ZNF425/ZNF264/MED13/BOD1/SIRT1/SMARCC2/BAZ2A/H2AX/DR1/SMARCD2/MED1/H2BC11/MTF2/SMARCA4/AEBP2/RBBP4/PAGR1/PSIP1/EP300/POLR2F/NCOR1/TET3/NCOA6/SMARCC1/GATAD2A/MED12/SMARCA2/ATF7IP/BAZ1B/MED4/JARID2/ZNF30/ERCC6/TBL1X/ARID4B/SETD1B/GSK3B/ZNF649/ARID1A/NCOA1/ZNF778/KANSL1/HCFC1/SAP30L/ZNF669/CREBBP/LIPE/MED16/ARID1B/ABL1/SIN3A/SUV39H1/GATAD2B/UBTF/SETD1A/TRIM28/PHF20/WDR82","REACTOME"
"REACTOME_PI3K_AKT_SIGNALING_IN_CANCER","REACTOME_PI3K_AKT_SIGNALING_IN_CANCER",74,-0.582129050618125,-1.91248585824793,3.7571265639125e-05,0.00347704985642084,0.00297334322330683,1736,"tags=36%, list=12%, signal=32%","STRN/PTEN/CREB1/FLT3/GRB2/PDPK1/CASP9/AKT1S1/PDGFB/PIK3CA/PIK3R3/PRR5/GSK3A/FRS2/RAC1/MAPKAP1/LCK/GSK3B/FOXO6/ERBB2/AKT3/PIK3R1/FOXO3/FYN/FOXO1/CDKN1B/FOXO4","REACTOME"
"REACTOME_DENGUE_VIRUS_GENOME_TRANSLATION_AND_REPLICATION","REACTOME_DENGUE_VIRUS_GENOME_TRANSLATION_AND_REPLICATION",76,-0.563959592460312,-1.86383386174237,4.90956649618027e-05,0.00416494891092626,0.00356158902836937,3221,"tags=61%, list=22%, signal=48%","PRKG2/PDIA3/DNAJC10/PABPC1/UBA52/P4HA1/OSTC/STT3B/RPN2/RPS27A/HSPA5/DNAJA2/EIF4G3/SPCS3/SEC11C/EIF4A3/NPLOC4/UBE2I/HNRNPD/BAG2/SCAP/EIF4E3/XPO1/HSPA1A/KPNA3/KPNA1/SPCS2/HSPA1B/DDOST/RTN3/CANX/RPN1/EIF4G1/RRBP1/KPNA4/DNAJC3/HSPA8/VCP/ATL2/MAGT1/STT3A/NMT1/IPO7/P4HB/HYOU1/SUN2","REACTOME"
"REACTOME_BETA_CATENIN_PHOSPHORYLATION_CASCADE","REACTOME_BETA_CATENIN_PHOSPHORYLATION_CASCADE",17,-0.800785906136275,-1.98138101446435,5.7259161465801e-05,0.00417935468181528,0.0035739078914913,2532,"tags=71%, list=17%, signal=59%","PPP2R1A/APC/PPP2R5D/AMER1/CTNNB1/AXIN1/PPP2R5E/PPP2R5A/GSK3B/PPP2R5C/FRAT1/FRAT2","REACTOME"
"REACTOME_SIGNALING_BY_NUCLEAR_RECEPTORS","REACTOME_SIGNALING_BY_NUCLEAR_RECEPTORS",209,-0.440817801879311,-1.64799523772385,5.74763905161237e-05,0.00417935468181528,0.0035739078914913,3084,"tags=37%, list=21%, signal=30%","GNB5/HSPB1/TNRC6A/NCOR2/GATA3/AGO1/ABCG1/POLR2B/H2AC6/H3C10/GNAI2/STRN/H2BC9/KDM4B/XPO1/PTGES3/CREB1/NCOA2/SMC1A/CALM1/CBFB/GNAI3/ZDHHC7/GPS2/AGO4/SHC1/UHMK1/PDPK1/H2AX/GNB1/MED1/H2BC11/GNG2/RUNX1/STAG1/SMC3/CHD1/EP300/POLR2F/KDM4A/RDH14/PDK2/PIK3CA/NCOR1/PIK3R3/AGO2/AKR1C3/CXXC5/POU2F1/PDHB/AXIN1/SP1/RAD21/TBL1X/POLR2A/STAG2/USF2/NCOA1/GTF2F1/BCL2/AKT3/ELK1/KDM1A/PIK3R1/PRKCZ/FKBP4/CREBBP/ARL4C/TNRC6B/FOXO3/MAPK1/TNRC6C/IGF1R/KDM3A/RDH10/YY1/CDKN1B","REACTOME"
"REACTOME_FOXO_MEDIATED_TRANSCRIPTION_OF_OXIDATIVE_STRESS_METABOLIC_AND_NEURONAL_GENES","REACTOME_FOXO_MEDIATED_TRANSCRIPTION_OF_OXIDATIVE_STRESS_METABOLIC_AND_NEURONAL_GENES",20,-0.777816320679423,-1.98767436002977,7.14428173832231e-05,0.00460668402384222,0.00393933170066954,631,"tags=50%, list=4%, signal=48%","SMAD4/SMAD2/SMAD3/FOXO6/SIN3A/FOXO3/NR3C1/FOXO1/FBXO32/FOXO4","REACTOME"
"REACTOME_TCF_DEPENDENT_SIGNALING_IN_RESPONSE_TO_WNT","REACTOME_TCF_DEPENDENT_SIGNALING_IN_RESPONSE_TO_WNT",156,-0.470440387118484,-1.70315440302513,7.24036781743374e-05,0.00460668402384222,0.00393933170066954,2774,"tags=33%, list=19%, signal=27%","H2AC6/H3C10/RUVBL1/H2BC9/XPO1/PPP2R1A/TNKS2/ASH2L/RBBP5/YWHAZ/APC/PSMD3/SMURF2/PPP2R5D/PSMB2/TLE1/CSNK2A1/H2AX/H2BC11/SMARCA4/CHD8/DVL2/TLE2/CSNK1E/CDC73/EP300/AMER1/BTRC/LRP5/CCDC88C/ZNRF3/CTNNB1/BCL9/AXIN1/PPP2R5E/PPP2R5A/LEF1/BCL9L/GSK3B/FZD2/PYGO2/CTBP1/FZD5/RUNX3/TLE4/FZD4/LGR6/CREBBP/FZD8/PPP2R5C/FRAT1/FRAT2","REACTOME"
"REACTOME_SUMOYLATION","REACTOME_SUMOYLATION",166,-0.459180736267853,-1.67186851600817,9.39682379302939e-05,0.0056270391890023,0.00481187199804044,3100,"tags=37%, list=21%, signal=30%","SENP1/SATB1/NCOR2/NUP35/NUP205/SAE1/HNRNPC/UBE2I/L3MBTL2/NUP98/VHL/NUP133/NCOA2/BMI1/SUZ12/RNF2/SMC1A/RANBP2/SATB2/RANGAP1/NDC1/PIAS1/NSMCE3/HIC1/ING2/STAG1/UBA2/CBX4/SMC3/WRN/EP300/PIAS4/RING1/HIPK2/POM121/PARP1/PHC2/RELA/NUP210/NUP160/RAD21/RNF168/HDAC4/XPC/STAG2/SP3/NUP62/ZBED1/NCOA1/CTBP1/TOP2B/NUP188/THRA/CREBBP/SAFB/NR3C2/SIN3A/POM121C/NR3C1/MRTFA/INCENP/TRIM28","REACTOME"
"REACTOME_SRP_DEPENDENT_COTRANSLATIONAL_PROTEIN_TARGETING_TO_MEMBRANE","REACTOME_SRP_DEPENDENT_COTRANSLATIONAL_PROTEIN_TARGETING_TO_MEMBRANE",110,-0.506492386038301,-1.76759997036955,0.000107816803029372,0.00609763919355002,0.00521429801785324,4574,"tags=57%, list=31%, signal=40%","SRP19/RPS25/RPS16/RPL38/RPS19/RPS18/FAU/RPS21/UBA52/RPN2/RPS27A/RPL10A/RPL23A/RPL35A/RPL18A/RPLP1/RPS12/RPL22/RPL11/RPS6/RPL35/RPS4X/RPS15/RPS24/RPL27A/RPSA/RPS8/RPL31/SPCS3/RPS27/SEC11C/RPL36AL/SRP72/RPL18/RPL15/RPL13A/RPL5/RPS9/RPL7/RPL19/SRPRB/RPLP2/RPL14/RPL4/RPS3/RPL10/RPS14/RPS23/SPCS2/RPL13/RPL9/RPL7A/SRPRA/DDOST/RPL6/RPLP0/SSR2/SSR1/SEC61A1/RPN1/RPS2/TRAM1/RPL3","REACTOME"
"REACTOME_EUKARYOTIC_TRANSLATION_ELONGATION","REACTOME_EUKARYOTIC_TRANSLATION_ELONGATION",89,-0.527197967148045,-1.79945394636822,0.000125189545354958,0.00670752406164988,0.00573583124701111,4518,"tags=58%, list=31%, signal=41%","RPS25/RPS16/RPL38/RPS19/RPS18/FAU/RPS21/UBA52/RPS27A/RPL10A/RPL23A/RPL35A/RPL18A/RPLP1/RPS12/RPL22/RPL11/RPS6/RPL35/RPS4X/RPS15/RPS24/RPL27A/RPSA/RPS8/RPL31/RPS27/RPL36AL/RPL18/RPL15/RPL13A/RPL5/RPS9/RPL7/RPL19/RPLP2/RPL14/RPL4/RPS3/RPL10/RPS14/RPS23/RPL13/RPL9/EEF1B2/RPL7A/RPL6/RPLP0/EEF1A1/RPS2/RPL3/EEF2","REACTOME"
"REACTOME_MATURATION_OF_SARS_COV_2_SPIKE_PROTEIN","REACTOME_MATURATION_OF_SARS_COV_2_SPIKE_PROTEIN",38,-0.656494240554119,-1.93910902030342,0.000160927660844734,0.00819121793699698,0.00700458818518923,2765,"tags=63%, list=19%, signal=51%","ST6GALNAC2/OSTC/STT3B/RPN2/MGAT2/GOLGA7/ST6GALNAC4/ST3GAL3/ZDHHC20/ST3GAL4/DDOST/MGAT1/CANX/RPN1/ST3GAL1/GANAB/MAGT1/STT3A/ZDHHC2/MGAT5/PRKCSH/MGAT4A/ST3GAL2/ST6GAL1","REACTOME"
"REACTOME_INTERFERON_GAMMA_SIGNALING","REACTOME_INTERFERON_GAMMA_SIGNALING",84,0.475767986312738,1.76386426443888,0.000205460456024062,0.00995994020154739,0.00851708256300248,2547,"tags=35%, list=17%, signal=29%","GBP1/IRF9/TRIM22/STAT1/JAK2/IFNG/TRIM17/TRIM38/HLA-DPA1/PTPN6/GBP5/OAS1/HLA-DPB1/GBP2/IRF8/IRF3/FCGR1A/IRF7/IFI30/IRF5/IFNGR2/TRIM46/ICAM1/MT2A/HLA-DRA/GBP6/CIITA/HLA-DQB2/TRIM45","REACTOME"
"REACTOME_ESR_MEDIATED_SIGNALING","REACTOME_ESR_MEDIATED_SIGNALING",157,-0.452303609524067,-1.63603913584453,0.000234056387462124,0.0108304273834746,0.00926146566656347,3084,"tags=41%, list=21%, signal=33%","GNB5/HSPB1/TNRC6A/GATA3/AGO1/POLR2B/H2AC6/H3C10/GNAI2/STRN/H2BC9/KDM4B/XPO1/PTGES3/CREB1/NCOA2/SMC1A/CALM1/CBFB/GNAI3/ZDHHC7/AGO4/SHC1/UHMK1/PDPK1/H2AX/GNB1/MED1/H2BC11/GNG2/RUNX1/STAG1/SMC3/CHD1/EP300/POLR2F/PIK3CA/PIK3R3/AGO2/CXXC5/POU2F1/AXIN1/SP1/RAD21/POLR2A/STAG2/USF2/NCOA1/GTF2F1/BCL2/AKT3/ELK1/KDM1A/PIK3R1/PRKCZ/FKBP4/CREBBP/TNRC6B/FOXO3/MAPK1/TNRC6C/IGF1R/YY1/CDKN1B","REACTOME"
"REACTOME_ANTIMICROBIAL_PEPTIDES","REACTOME_ANTIMICROBIAL_PEPTIDES",23,0.690654082560287,1.96473899998127,0.000253577543588329,0.0112235625814312,0.00959764890377794,1675,"tags=43%, list=11%, signal=39%","LCN2/LTF/BPI/SLC11A1/PRSS2/CAMP/LEAP2/PGLYRP1/DEFA3/TLR2","REACTOME"
"REACTOME_SIGNALING_BY_TGF_BETA_RECEPTOR_COMPLEX","REACTOME_SIGNALING_BY_TGF_BETA_RECEPTOR_COMPLEX",86,-0.534495552925756,-1.80388615607255,0.000276483099038655,0.0117274914508896,0.0100285755660073,3130,"tags=47%, list=21%, signal=37%","STRAP/UBE2D1/NCOR2/PPP1CB/TGFB1/SMAD7/XPO1/UCHL5/PPM1A/CDK8/F11R/SMAD4/SMURF2/USP9X/ITGB1/SMAD2/SNW1/TGIF1/STUB1/SERPINE1/TGIF2/EP300/NCOR1/SMAD3/UBE2M/SKI/PARP1/WWTR1/FURIN/SP1/TGFBR1/TGFBR2/ZFYVE9/RNF111/TFDP2/PRKCZ/PARD6A/MAPK1/TGFBR3/LTBP2","REACTOME"
"REACTOME_REGULATION_OF_TP53_ACTIVITY_THROUGH_ACETYLATION","REACTOME_REGULATION_OF_TP53_ACTIVITY_THROUGH_ACETYLATION",30,-0.687742336214669,-1.92620791107422,0.000367883692870224,0.0144040615131495,0.012317401376667,3747,"tags=63%, list=25%, signal=47%","BRD7/HDAC1/MBD3/RBBP7/PIP4K2B/CHD4/BRD1/BRPF1/BRPF3/ING2/RBBP4/EP300/GATAD2A/MAP2K6/AKT3/MEAF6/PIP4K2A/GATAD2B/KAT6A","REACTOME"
"REACTOME_SUMOYLATION_OF_TRANSCRIPTION_COFACTORS","REACTOME_SUMOYLATION_OF_TRANSCRIPTION_COFACTORS",42,-0.626731665771797,-1.88407350007531,0.000361888424933367,0.0144040615131495,0.012317401376667,2488,"tags=43%, list=17%, signal=36%","NCOA2/BMI1/RNF2/PIAS1/ING2/CBX4/EP300/PIAS4/RING1/HIPK2/PHC2/NCOA1/CTBP1/CREBBP/SAFB/SIN3A/MRTFA/TRIM28","REACTOME"
"REACTOME_ATP_DEPENDENT_CHROMATIN_REMODELERS","REACTOME_ATP_DEPENDENT_CHROMATIN_REMODELERS",30,-0.685321729734384,-1.91942834973794,0.000423043792659254,0.0159503178121156,0.0136396575644914,2639,"tags=53%, list=18%, signal=44%","DPF2/BCL7C/ARID2/SMARCD1/SMARCB1/SMARCC2/SMARCD2/SMARCA4/PBRM1/SMARCC1/SMARCA2/ARID1A/BCL11B/BICRA/ARID1B/BICRAL","REACTOME"
"REACTOME_INFLUENZA_VIRAL_RNA_TRANSCRIPTION_AND_REPLICATION","REACTOME_INFLUENZA_VIRAL_RNA_TRANSCRIPTION_AND_REPLICATION",134,-0.459255090587791,-1.63437273242415,0.000454189225122194,0.0165130225419426,0.0141208454577464,4434,"tags=51%, list=30%, signal=36%","RPS16/RPL38/RPS19/RPS18/FAU/RPS21/UBA52/NUP214/GRSF1/RPS27A/RPL10A/RPL23A/RPL35A/RPL18A/RPLP1/RPS12/RPL22/RPL11/RPS6/RPL35/RPS4X/RPS15/RPS24/RPL27A/RPSA/RPS8/RPL31/RPS27/RPL36AL/NUP35/NUP205/RPL18/RPL15/RPL13A/RPL5/RPS9/RPL7/RPL19/POLR2B/RPLP2/NUP98/NUP133/RPL14/RPL4/RPS3/RPL10/RPS14/RPS23/RANBP2/RPL13/RPL9/RPL7A/RPL6/RPLP0/NDC1/DNAJC3/RPS2/POLR2F/POM121/PARP1/NUP210/NUP160/POLR2A/NUP62/GTF2F1/IPO5/RPL3/NUP188/POM121C","REACTOME"
"REACTOME_ANTIGEN_PROCESSING_CROSS_PRESENTATION","REACTOME_ANTIGEN_PROCESSING_CROSS_PRESENTATION",91,0.447786438326339,1.66973438507041,0.000510289738205239,0.0177812212424162,0.0152053251654205,4021,"tags=42%, list=27%, signal=31%","TAP2/PSME2/PSMB9/PSMA3/TAP1/FCGR1A/CTSL/NCF4/PSMC6/PSMB8/TLR2/IKBKB/VAMP3/TLR4/PSMB3/MYD88/CYBB/PSMA5/CD36/PSMA4/PSMB4/SEC61A2/S100A8/PSME1/VAMP8/CTSS/SEC61G/BTK/TLR6/NCF2/PSMB10/S100A9/STX4/S100A1/CHUK/PSMC2/PSMA1/PSMC1","REACTOME"
"REACTOME_EUKARYOTIC_TRANSLATION_INITIATION","REACTOME_EUKARYOTIC_TRANSLATION_INITIATION",117,-0.47449586581348,-1.66227286463123,0.000525810410255168,0.0177812212424162,0.0152053251654205,4721,"tags=55%, list=32%, signal=38%","EIF3J/RPL41/EIF5B/PABPC1/RPS25/RPS16/RPL38/RPS19/EIF2B3/RPS18/FAU/RPS21/UBA52/RPS27A/RPL10A/RPL23A/EIF3E/RPL35A/RPL18A/RPLP1/RPS12/RPL22/RPL11/RPS6/RPL35/RPS4X/RPS15/RPS24/RPL27A/RPSA/RPS8/RPL31/EIF3K/RPS27/RPL36AL/RPL18/RPL15/RPL13A/RPL5/RPS9/RPL7/RPL19/RPLP2/EIF3D/RPL14/RPL4/RPS3/EIF3B/RPL10/RPS14/RPS23/EIF4H/RPL13/RPL9/RPL7A/RPL6/RPLP0/EIF3A/EIF4G1/RPS2/EIF3F/EIF3L/RPL3/EIF4B","REACTOME"
"REACTOME_SIGNALING_BY_TGFB_FAMILY_MEMBERS","REACTOME_SIGNALING_BY_TGFB_FAMILY_MEMBERS",128,-0.462835082799917,-1.64206998474058,0.000541471373786741,0.0177812212424162,0.0152053251654205,3130,"tags=42%, list=21%, signal=34%","STRAP/GIPC1/UBE2D1/TNRC6A/NCOR2/PPP1CB/AGO1/TGFB1/SMAD7/XPO1/UCHL5/PPM1A/KLF16/CDK8/ACVR2A/TCF12/F11R/SMAD4/SMURF2/AGO4/USP9X/ITGB1/SMAD2/SNW1/TGIF1/STUB1/SERPINE1/BMPR2/TGIF2/EP300/NCOR1/AGO2/SMAD3/UBE2M/ACVR2B/SKI/PARP1/WWTR1/FURIN/SP1/TGFBR1/TGFBR2/ZFYVE9/ARRB1/RNF111/TFDP2/PRKCZ/PARD6A/TNRC6B/BMPR1A/MAPK1/TGFBR3/TNRC6C/LTBP2","REACTOME"
"REACTOME_FOXO_MEDIATED_TRANSCRIPTION_OF_CELL_DEATH_GENES","REACTOME_FOXO_MEDIATED_TRANSCRIPTION_OF_CELL_DEATH_GENES",16,-0.772149746760806,-1.88304026646517,0.000661257005882586,0.0190678921941543,0.0163056011214617,1645,"tags=56%, list=11%, signal=50%","BBC3/EP300/BCL2L11/NFYA/CREBBP/PINK1/FOXO3/FOXO1/FOXO4","REACTOME"
"REACTOME_SIGNALING_BY_CTNNB1_PHOSPHO_SITE_MUTANTS","REACTOME_SIGNALING_BY_CTNNB1_PHOSPHO_SITE_MUTANTS",15,-0.777236949345377,-1.84482928803205,0.000723460927907957,0.0190678921941543,0.0163056011214617,2532,"tags=67%, list=17%, signal=55%","PPP2R1A/APC/PPP2R5D/AMER1/CTNNB1/AXIN1/PPP2R5E/PPP2R5A/GSK3B/PPP2R5C","REACTOME"
"REACTOME_CO_STIMULATION_BY_CD28","REACTOME_CO_STIMULATION_BY_CD28",44,-0.60125533992183,-1.82667346386104,0.000642820378618854,0.0190678921941543,0.0163056011214617,2532,"tags=36%, list=17%, signal=30%","PPP2R1A/GRB2/PPP2R5D/PDPK1/PIK3CA/PIK3R3/PRR5/RAC1/MAPKAP1/PPP2R5E/PPP2R5A/LCK/AKT3/PIK3R1/PPP2R5C/FYN","REACTOME"
"REACTOME_SYNTHESIS_OF_PIPS_AT_THE_PLASMA_MEMBRANE","REACTOME_SYNTHESIS_OF_PIPS_AT_THE_PLASMA_MEMBRANE",49,-0.578245329267058,-1.78106686375123,0.000725857127146116,0.0190678921941543,0.0163056011214617,2847,"tags=45%, list=19%, signal=36%","SYNJ1/PIP4K2B/PLEKHA8/RAB5A/PTEN/ARF1/MTMR3/PIP5K1A/MTMR6/PLEKHA4/RUFY1/MTMR8/INPP5K/PIK3CA/PIK3R3/PIP5K1C/PI4K2A/INPP5D/PIK3R1/PIP4K2A/PLEKHA1/PLEKHA2","REACTOME"
"REACTOME_TRANSLATION_OF_SARS_COV_2_STRUCTURAL_PROTEINS","REACTOME_TRANSLATION_OF_SARS_COV_2_STRUCTURAL_PROTEINS",58,-0.555351965866082,-1.75453179191472,0.000667621736849075,0.0190678921941543,0.0163056011214617,2772,"tags=40%, list=19%, signal=32%","UBE2I/ST3GAL3/ZDHHC20/ST3GAL4/DDOST/MGAT1/CANX/RPN1/PARP4/ST3GAL1/GSK3A/PARP8/GANAB/MAGT1/GSK3B/STT3A/ZDHHC2/SRPK2/MGAT5/PRKCSH/MGAT4A/ST3GAL2/ST6GAL1","REACTOME"
"REACTOME_PROTEIN_UBIQUITINATION","REACTOME_PROTEIN_UBIQUITINATION",70,-0.536143997244138,-1.75166169103912,0.000714308167997829,0.0190678921941543,0.0163056011214617,3315,"tags=44%, list=22%, signal=35%","DERL1/RNF20/UBE2D1/UBE2D2/UBE2L3/PEX13/CTR9/USP5/H2BC9/SKIC8/RTF1/PEX14/USP9X/H2BC11/UBE2B/UBE2E3/CDC73/UBE2W/RRAGA/UBE2Z/VCP/UBE2T/RNF40/UBE2G1/PRKDC/RNF144A/USP7/WAC/PEX5/UBE2J2/UBE2H","REACTOME"
"REACTOME_DEGRADATION_OF_BETA_CATENIN_BY_THE_DESTRUCTION_COMPLEX","REACTOME_DEGRADATION_OF_BETA_CATENIN_BY_THE_DESTRUCTION_COMPLEX",72,-0.525390557308013,-1.72013312779514,0.000659112860236208,0.0190678921941543,0.0163056011214617,2353,"tags=32%, list=16%, signal=27%","PPP2R1A/APC/PSMD3/PPP2R5D/PSMB2/TLE1/CTBP2/TLE2/AMER1/BTRC/TLE5/CTNNB1/AXIN1/PPP2R5E/PPP2R5A/LEF1/GSK3B/CTBP1/ZRANB1/TLE4/PPP2R5C/FRAT1/FRAT2","REACTOME"
"REACTOME_CELLULAR_RESPONSE_TO_HEAT_STRESS","REACTOME_CELLULAR_RESPONSE_TO_HEAT_STRESS",91,-0.486056035420515,-1.66472050323656,0.000730498816868388,0.0190678921941543,0.0163056011214617,3088,"tags=43%, list=21%, signal=34%","HSPA1L/HSPB1/NUP35/NUP205/HSPA9/BAG2/NUP98/NUP133/HSPA1A/PTGES3/HSPA13/ST13/RANBP2/HSPA1B/SIRT1/NDC1/AKT1S1/EEF1A1/EP300/RPA2/HSPA8/BAG3/BAG5/MAPKAPK2/POM121/RPTOR/VCP/DEDD2/NUP210/NUP160/GSK3B/NUP62/DNAJB6/NUP188/FKBP4/CREBBP/POM121C/MAPK1/DNAJB1","REACTOME"
"REACTOME_TRANSPORT_TO_THE_GOLGI_AND_SUBSEQUENT_MODIFICATION","REACTOME_TRANSPORT_TO_THE_GOLGI_AND_SUBSEQUENT_MODIFICATION",164,-0.431703975968093,-1.5708028521747,0.000781222951495266,0.0198821241155545,0.0170018784443838,3912,"tags=43%, list=26%, signal=32%","PPP6R1/DYNC1LI1/YKT6/MGAT2/MANEA/NSF/TRAPPC4/ACTR10/GBF1/SEC23IP/GOLGA2/ARF3/NAPA/TMED2/DYNC1I2/SEC31A/COPE/STX5/SAR1B/TMED7/CAPZB/DCTN4/CSNK1D/GOSR1/ARCN1/TRAPPC10/ARF4/DCTN6/COG2/ARF1/TUBB4A/B4GALT5/ST3GAL4/COPG1/PPP6C/MGAT1/COG8/TRAPPC6A/SEC22A/COPA/SEC16A/TMED9/FUCA1/BET1L/COPG2/DYNC1H1/SEC24B/LMAN2L/TRAPPC9/LMAN1/LMAN2/ACTR1A/SPTBN1/MIA3/SEC24D/CD59/DCTN1/TMED10/ST8SIA6/COG5/B4GALT1/MAN1A1/MGAT5/SPTAN1/COPZ2/MGAT4A/ARFGAP3/DYNLL2/ST6GAL1/CNIH3/TMEM115","REACTOME"
"REACTOME_TRANSCRIPTIONAL_REGULATION_BY_TP53","REACTOME_TRANSCRIPTIONAL_REGULATION_BY_TP53",337,-0.361656250905738,-1.4295513818207,0.000953337222022663,0.0236706656590017,0.0202415887705454,2549,"tags=24%, list=17%, signal=20%","PTEN/PPP2R1A/CDK13/TP53BP2/BRD1/PRMT5/PPP1R13L/YWHAZ/BRPF1/TAF5/CDK12/CCNG1/MT-CO2/AGO4/RBL2/CNOT8/STEAP3/CRADD/PDPK1/CSNK2A1/BRPF3/TNKS1BP1/ING2/GPX2/TXNRD1/MT-CO3/YWHAQ/BBC3/WRN/RBBP4/EP300/POLR2F/RPA2/AGO2/PRR5/RRAGA/GATAD2A/PRDM1/PPP1R13B/HIPK2/IGFBP3/RPTOR/ELL/MAPKAP1/BNIP3L/CNOT4/POLR2A/NELFB/CNOT6/MT-CO1/SESN2/USP7/PRKAG2/GTF2F1/SUPT16H/TAF15/MAP2K6/TTC5/TFDP2/MSH2/AKT3/MEAF6/PIP4K2A/TAF3/CREBBP/TAF7/TNRC6B/TP53RK/GATAD2B/CTDP1/TNRC6C/TAF4/CNOT6L/PPP2R5C/DYRK2/NDRG1/KAT6A/PHF20/JMY/CDKN1B","REACTOME"
"REACTOME_LATE_SARS_COV_2_INFECTION_EVENTS","REACTOME_LATE_SARS_COV_2_INFECTION_EVENTS",64,-0.539294045690109,-1.72789660879943,0.00100028128379974,0.0242449130216224,0.0207326471604609,2772,"tags=39%, list=19%, signal=32%","UBE2I/ST3GAL3/ZDHHC20/ST3GAL4/DDOST/MGAT1/CANX/RPN1/PARP4/ST3GAL1/GSK3A/FURIN/PARP8/GANAB/MAGT1/GSK3B/STT3A/ZDHHC2/SRPK2/MGAT5/PRKCSH/ANO10/MGAT4A/ST3GAL2/ST6GAL1","REACTOME"
"REACTOME_TRANSCRIPTIONAL_ACTIVITY_OF_SMAD2_SMAD3_SMAD4_HETEROTRIMER","REACTOME_TRANSCRIPTIONAL_ACTIVITY_OF_SMAD2_SMAD3_SMAD4_HETEROTRIMER",49,-0.569309927298149,-1.75354472469428,0.0011182335070572,0.0264735281438192,0.0226384115137406,3104,"tags=49%, list=21%, signal=39%","UBE2D1/NCOR2/SMAD7/PPM1A/CDK8/SMAD4/SMURF2/USP9X/SMAD2/SNW1/TGIF1/SERPINE1/TGIF2/EP300/NCOR1/SMAD3/SKI/PARP1/WWTR1/FURIN/SP1/RNF111/TFDP2/MAPK1","REACTOME"
"REACTOME_INTERFERON_ALPHA_BETA_SIGNALING","REACTOME_INTERFERON_ALPHA_BETA_SIGNALING",64,0.489395364703451,1.74546668577557,0.0011559916101058,0.0267454422519932,0.0228709344870214,1871,"tags=28%, list=13%, signal=25%","IFI27/IRF9/STAT1/STAT2/IFITM3/IFI35/PTPN6/OAS1/IFIT3/GBP2/IRF8/TYK2/IRF3/IRF7/PSMB8/IRF5/USP18/IFIT1","REACTOME"
"REACTOME_EPIGENETIC_REGULATION_BY_WDR5_CONTAINING_HISTONE_MODIFYING_COMPLEXES","REACTOME_EPIGENETIC_REGULATION_BY_WDR5_CONTAINING_HISTONE_MODIFYING_COMPLEXES",123,-0.459952733141341,-1.62183297441841,0.00148430101843755,0.0335781874837651,0.028713846602289,2848,"tags=28%, list=19%, signal=23%","SCD5/H2AC6/H3C10/H2BC9/NCOA2/ASH2L/RBBP5/CDK8/GPS2/MED13/BOD1/SIRT1/H2AX/DR1/MED1/H2BC11/PAGR1/PSIP1/EP300/NCOR1/NCOA6/MED12/MED4/TBL1X/SETD1B/NCOA1/KANSL1/HCFC1/CREBBP/LIPE/MED16/ABL1/SETD1A/PHF20/WDR82","REACTOME"
"REACTOME_FORMATION_OF_NEURONAL_PROGENITOR_AND_NEURONAL_BAF_NPBAF_AND_NBAF","REACTOME_FORMATION_OF_NEURONAL_PROGENITOR_AND_NEURONAL_BAF_NPBAF_AND_NBAF",24,-0.676521363901527,-1.80645673555685,0.00177774476179872,0.0391228460244546,0.0334552721148009,2956,"tags=50%, list=20%, signal=40%","DPF2/BCL7C/SMARCD1/SMARCB1/SMARCC2/SMARCD2/SMARCA4/SMARCC1/SMARCA2/ARID1A/BCL11B/ARID1B","REACTOME"
"REACTOME_PI_METABOLISM","REACTOME_PI_METABOLISM",76,-0.496223290515798,-1.63997170047897,0.00180626106399741,0.0391228460244546,0.0334552721148009,2847,"tags=33%, list=19%, signal=27%","PIP4K2B/PLEKHA8/RAB5A/GDE1/PTEN/ARF1/MTMR3/SBF1/PIK3R4/PIP5K1A/MTMR6/PLEKHA4/RUFY1/MTMR8/INPP5K/PIK3CA/PIK3R3/PIP5K1C/PI4K2A/INPP5D/TNFAIP8/PIK3R1/PIP4K2A/PLEKHA1/PLEKHA2","REACTOME"
"REACTOME_CO_INHIBITION_BY_CTLA4","REACTOME_CO_INHIBITION_BY_CTLA4",19,-0.707545117745014,-1.79655978033232,0.00186498638154077,0.0395532528418438,0.0338233275775047,1035,"tags=42%, list=7%, signal=39%","PPP2R1A/PPP2R5D/PPP2R5E/PPP2R5A/LCK/AKT3/PPP2R5C/FYN","REACTOME"
"REACTOME_FORMATION_OF_THE_EMBRYONIC_STEM_CELL_BAF_ESBAF_COMPLEX","REACTOME_FORMATION_OF_THE_EMBRYONIC_STEM_CELL_BAF_ESBAF_COMPLEX",19,-0.706091736456177,-1.79286943422784,0.00196062443693875,0.0400726347163869,0.0342674686283238,2956,"tags=53%, list=20%, signal=42%","DPF2/BCL7C/SMARCD1/SMARCB1/SMARCC2/SMARCD2/SMARCA4/SMARCC1/ARID1A/BCL11B","REACTOME"
"REACTOME_CD28_DEPENDENT_PI3K_AKT_SIGNALING","REACTOME_CD28_DEPENDENT_PI3K_AKT_SIGNALING",25,-0.658747224735846,-1.78385091964782,0.00205909461656603,0.0400726347163869,0.0342674686283238,2030,"tags=36%, list=14%, signal=31%","PDPK1/PIK3CA/PIK3R3/PRR5/MAPKAP1/LCK/AKT3/PIK3R1/FYN","REACTOME"
"REACTOME_SIGNALING_BY_WNT_IN_CANCER","REACTOME_SIGNALING_BY_WNT_IN_CANCER",28,-0.64025983322109,-1.77109630757008,0.0019795999670151,0.0400726347163869,0.0342674686283238,2532,"tags=61%, list=17%, signal=50%","PPP2R1A/TNKS2/APC/PPP2R5D/CTBP2/AMER1/LRP5/CTNNB1/AXIN1/PPP2R5E/PPP2R5A/GSK3B/CTBP1/FZD5/FZD4/FZD8/PPP2R5C","REACTOME"
"REACTOME_NEGATIVE_REGULATION_OF_THE_PI3K_AKT_NETWORK","REACTOME_NEGATIVE_REGULATION_OF_THE_PI3K_AKT_NETWORK",80,-0.491881250408251,-1.63704301762425,0.00206456803526096,0.0400726347163869,0.0342674686283238,2674,"tags=38%, list=18%, signal=31%","RHOG/NRG2/PIP4K2B/STRN/TRAF6/PTEN/PPP2R1A/FLT3/GRB2/PPP2R5D/PIP5K1A/PHLPP1/PDGFB/PIK3CA/PIK3R3/FRS2/RAC1/PIP5K1C/PPP2R5E/PPP2R5A/IL1RAP/LCK/ERBB2/AKT3/PIK3R1/PIP4K2A/PHLPP2/MAPK1/PPP2R5C/FYN","REACTOME"
"REACTOME_REGULATION_OF_HSF1_MEDIATED_HEAT_SHOCK_RESPONSE","REACTOME_REGULATION_OF_HSF1_MEDIATED_HEAT_SHOCK_RESPONSE",76,-0.494527607348525,-1.63436762573992,0.00208629630645236,0.0400726347163869,0.0342674686283238,3088,"tags=42%, list=21%, signal=33%","HSPA1L/HSPB1/NUP35/NUP205/HSPA9/BAG2/NUP98/NUP133/HSPA1A/HSPA13/ST13/RANBP2/HSPA1B/SIRT1/NDC1/RPA2/HSPA8/BAG3/BAG5/MAPKAPK2/POM121/DEDD2/NUP210/NUP160/GSK3B/NUP62/DNAJB6/NUP188/FKBP4/POM121C/MAPK1/DNAJB1","REACTOME"
"REACTOME_NETRIN_1_SIGNALING","REACTOME_NETRIN_1_SIGNALING",30,-0.64337307737524,-1.80193983437648,0.00221416608007364,0.0417411309169438,0.0356942563006023,2441,"tags=47%, list=17%, signal=39%","TRPC3/ABLIM1/PRKCQ/PITPNA/AGAP2/NCK1/RAC1/WASL/EZR/ABLIM2/SIAH2/NTN1/NEO1/FYN","REACTOME"
"REACTOME_KEAP1_NFE2L2_PATHWAY","REACTOME_KEAP1_NFE2L2_PATHWAY",106,-0.467196440183742,-1.62478973003877,0.00236411387380032,0.0429762129201558,0.0367504167976102,2187,"tags=26%, list=15%, signal=23%","PSMD3/PSMB2/MUL1/CSNK2A1/TXNRD1/EP300/AMER1/BTRC/EIF2AK3/GCLC/VCP/RELA/SP1/GCLM/KEAP1/ABCF2/NFE2L2/GSK3B/SESN2/BCL2/PRKCI/AKT3/FBXL17/SRXN1/CHD6/CREBBP/UBXN7/SQSTM1","REACTOME"
"REACTOME_CELLULAR_RESPONSE_TO_CHEMICAL_STRESS","REACTOME_CELLULAR_RESPONSE_TO_CHEMICAL_STRESS",175,-0.410445341513583,-1.50041581079668,0.00232606265627027,0.0429762129201558,0.0367504167976102,2187,"tags=24%, list=15%, signal=21%","PSMD3/MT-CO2/PSMB2/MUL1/CSNK2A1/MED1/GPX2/TXNRD1/MT-CO3/TXNIP/EP300/AMER1/NCOR1/NCOA6/BTRC/EIF2AK3/HELZ2/GCLC/VCP/RELA/SP1/GCLM/TBL1X/KEAP1/ABCF2/NFE2L2/GSK3B/MT-CO1/SESN2/NCOA1/P4HB/HMOX2/BCL2/PRKCI/AKT3/FBXL17/SRXN1/CHD6/CREBBP/SIN3A/UBXN7/SQSTM1","REACTOME"
"REACTOME_MATURATION_OF_DENV_PROTEINS","REACTOME_MATURATION_OF_DENV_PROTEINS",46,-0.556370203291975,-1.69967873466791,0.00245785969229984,0.0438965116975656,0.0375373954853549,4649,"tags=63%, list=31%, signal=43%","PRKG2/PDIA3/DNAJC10/UBA52/P4HA1/OSTC/STT3B/RPN2/RPS27A/HSPA5/SPCS3/SEC11C/UBE2I/SCAP/XPO1/KPNA3/KPNA1/SPCS2/DDOST/CANX/RPN1/KPNA4/DNAJC3/MAGT1/STT3A/NMT1/IPO7/P4HB/HYOU1","REACTOME"
"REACTOME_IRE1ALPHA_ACTIVATES_CHAPERONES","REACTOME_IRE1ALPHA_ACTIVATES_CHAPERONES",49,-0.548685305586574,-1.69001834852026,0.00251542251581165,0.0441500020878666,0.0377541637128174,3610,"tags=53%, list=24%, signal=40%","DNAJB9/XBP1/SYVN1/ATP6V0D1/SEC31A/SRPRB/MYDGF/PDIA6/SERP1/SHC1/SRPRA/SSR1/LMNA/TLN1/GFPT1/DNAJC3/GSK3A/HDGF/EXTL3/DCTN1/ADD1/KLHDC3/HYOU1/CTDSP2/ERN1/WFS1","REACTOME"
"REACTOME_FORMATION_OF_THE_NON_CANONICAL_BAF_NCBAF_COMPLEX","REACTOME_FORMATION_OF_THE_NON_CANONICAL_BAF_NCBAF_COMPLEX",17,-0.715471238502496,-1.77028731087944,0.00271262462942058,0.0449664668323698,0.0384523503984798,2639,"tags=53%, list=18%, signal=44%","BCL7C/SMARCD1/SMARCC2/SMARCD2/SMARCA4/SMARCC1/SMARCA2/BICRA/BICRAL","REACTOME"
"REACTOME_SMAD2_SMAD3_SMAD4_HETEROTRIMER_REGULATES_TRANSCRIPTION","REACTOME_SMAD2_SMAD3_SMAD4_HETEROTRIMER_REGULATES_TRANSCRIPTION",35,-0.608710880793772,-1.7623373611157,0.00281310236350864,0.0449664668323698,0.0384523503984798,2746,"tags=43%, list=19%, signal=35%","SMAD7/CDK8/SMAD4/SMAD2/TGIF1/SERPINE1/TGIF2/EP300/SMAD3/WWTR1/FURIN/SP1/RNF111/TFDP2/MAPK1","REACTOME"
"REACTOME_BMAL1_CLOCK_NPAS2_ACTIVATES_CIRCADIAN_EXPRESSION","REACTOME_BMAL1_CLOCK_NPAS2_ACTIVATES_CIRCADIAN_EXPRESSION",21,-0.681076405141812,-1.76185638842371,0.00275140897940583,0.0449664668323698,0.0384523503984798,2979,"tags=52%, list=20%, signal=42%","CLOCK/TGS1/F7/NCOA2/MED1/SERPINE1/NCOA6/HELZ2/TBL1X/NCOA1/CREBBP","REACTOME"
"REACTOME_THE_ROLE_OF_NEF_IN_HIV_1_REPLICATION_AND_DISEASE_PATHOGENESIS","REACTOME_THE_ROLE_OF_NEF_IN_HIV_1_REPLICATION_AND_DISEASE_PATHOGENESIS",28,-0.628254141163579,-1.73788598299621,0.00272379837355439,0.0449664668323698,0.0384523503984798,1123,"tags=25%, list=8%, signal=23%","RAC1/LCK/PACS1/AP2B1/ELMO1/CD247/FYN","REACTOME"
"REACTOME_ACTIVATION_OF_THE_MRNA_UPON_BINDING_OF_THE_CAP_BINDING_COMPLEX_AND_EIFS_AND_SUBSEQUENT_BINDING_TO_43S","REACTOME_ACTIVATION_OF_THE_MRNA_UPON_BINDING_OF_THE_CAP_BINDING_COMPLEX_AND_EIFS_AND_SUBSEQUENT_BINDING_TO_43S",59,-0.529468851622176,-1.67459203972355,0.00282696844525704,0.0449664668323698,0.0384523503984798,4721,"tags=54%, list=32%, signal=37%","EIF3J/PABPC1/RPS25/RPS16/RPS19/RPS18/FAU/RPS21/RPS27A/EIF3E/RPS12/RPS6/RPS4X/RPS15/RPS24/RPSA/RPS8/EIF3K/RPS27/RPS9/EIF3D/RPS3/EIF3B/RPS14/RPS23/EIF4H/EIF3A/EIF4G1/RPS2/EIF3F/EIF3L/EIF4B","REACTOME"
"REACTOME_CELL_CELL_COMMUNICATION","REACTOME_CELL_CELL_COMMUNICATION",230,-0.380224971590923,-1.44297449214089,0.0027937270555042,0.0449664668323698,0.0384523503984798,2307,"tags=25%, list=16%, signal=21%","GRB2/FLNA/LIMS1/TCF12/F11R/PSMD3/AGO4/SPCS2/PSMB2/ITGB1/SIRT1/DDOST/TESK1/TLE1/CSNK2A1/CTBP2/H2AX/H2BC11/CANX/RPN1/PXN/SMARCA4/ACTN4/PALS1/TGIF2/RBBP4/PIK3CA/AGO2/NCK1/SPTBN1/CTNNB1/PIP5K1C/FURIN/ZEB2/SP1/GANAB/WASL/FOXJ2/STT3A/ARID1A/NCK2/CTBP1/PRKCI/AMOT/SPTAN1/KDM1A/CADM1/PRKCSH/PIK3R1/VCL/IQGAP1/PARD6A/TNRC6B/MAPK1/TNRC6C/KRT5/FYN","REACTOME"
"REACTOME_PHOSPHORYLATED_BMAL1_CLOCK_ARNTL_CLOCK_ACTIVATES_EXPRESSION_OF_CORE_CLOCK_GENES","REACTOME_PHOSPHORYLATED_BMAL1_CLOCK_ARNTL_CLOCK_ACTIVATES_EXPRESSION_OF_CORE_CLOCK_GENES",21,-0.679768771232125,-1.75847370897672,0.00287718633657025,0.045061164471208,0.0385333295602203,309,"tags=38%, list=2%, signal=37%","NR1D1/CLOCK/CREB1/CREM/CREBBP/CRY1/CRY2/DBP","REACTOME"
"REACTOME_FORMATION_OF_THE_POLYBROMO_BAF_PBAF_COMPLEX","REACTOME_FORMATION_OF_THE_POLYBROMO_BAF_PBAF_COMPLEX",18,-0.714240129479617,-1.7828064576346,0.00298076811623791,0.0452898797362716,0.0387289117380794,2639,"tags=56%, list=18%, signal=46%","BCL7C/ARID2/SMARCD1/SMARCB1/SMARCC2/SMARCD2/SMARCA4/PBRM1/SMARCC1/SMARCA2","REACTOME"
"REACTOME_FLT3_SIGNALING","REACTOME_FLT3_SIGNALING",38,-0.590388895751173,-1.74385144989509,0.00294883558961779,0.0452898797362716,0.0387289117380794,1407,"tags=37%, list=10%, signal=33%","SOS1/FLT3/PTPRJ/GRB2/PIK3CA/BCL2L11/ABL2/LCK/AKT3/PIK3R1/SLA2/FOXO3/FYN/CDKN1B","REACTOME"
"REACTOME_RHOA_GTPASE_CYCLE","REACTOME_RHOA_GTPASE_CYCLE",127,-0.434811747359772,-1.54057753757835,0.00312636438103878,0.0468035138220218,0.0400232715653107,2891,"tags=29%, list=20%, signal=24%","ARHGEF12/ARHGAP10/ARHGAP5/ATP6AP1/STOM/MACO1/PREX1/BCAP31/ARHGAP31/ARHGEF3/ARHGAP42/PKN1/FAF2/ARHGEF2/ERBIN/TMEM87A/VAPB/TAGAP/AKAP13/LMAN1/VANGL1/ARHGEF7/TMPO/VAV3/DIAPH1/MYO9A/HMOX2/FLOT2/STK10/PIK3R1/IQGAP1/ARHGAP26/ARHGAP35/DAAM1/SLK/BCR/PLEKHG3","REACTOME"
"REACTOME_SARS_COV_1_MODULATES_HOST_TRANSLATION_MACHINERY","REACTOME_SARS_COV_1_MODULATES_HOST_TRANSLATION_MACHINERY",36,-0.568846799580991,-1.65998030936111,0.00336956773683196,0.0497133326970281,0.0425115563441653,4518,"tags=67%, list=31%, signal=46%","RPS20/RPS11/RPS25/RPS16/RPS19/RPS18/FAU/RPS21/RPS27A/HNRNPA1/RPS12/RPS6/RPS4X/RPS15/RPS24/RPSA/RPS8/RPS27/RPS9/RPS3/RPS14/RPS23/EEF1A1/RPS2","REACTOME"
"REACTOME_DEUBIQUITINATION","REACTOME_DEUBIQUITINATION",230,-0.375527711489422,-1.42514813402175,0.00398041661404323,0.0578866301870858,0.0495008201475752,2774,"tags=27%, list=19%, signal=23%","H2AC6/USP14/SMAD7/USP5/RUVBL1/H2BC9/TNIP1/CCP110/USP37/UCHL5/TRAF6/PTEN/WDR48/USP28/JOSD1/TNKS2/ASXL2/APC/SMAD4/PSMD3/SMURF2/USP9X/PSMB2/OTUD5/FKBP8/TOMM70/MUL1/SMAD2/STAM/USP47/H2BC11/ACTR8/USP12/VCPIP1/USP13/EP300/ASXL1/SMAD3/VCP/AXIN1/TGFBR1/MAT2B/TADA2B/KEAP1/USP42/TGFBR2/USP7/WDR20/ARRB1/UIMC1/SIAH2/ADRB2/ZRANB1/INO80/ATXN7/OTUD7B/HCFC1/FOXK2/USP11/USP22/FOXK1/YY1/FOXO4","REACTOME"
"REACTOME_DOWNREGULATION_OF_SMAD2_3_SMAD4_TRANSCRIPTIONAL_ACTIVITY","REACTOME_DOWNREGULATION_OF_SMAD2_3_SMAD4_TRANSCRIPTIONAL_ACTIVITY",30,-0.620657892978686,-1.73831983371319,0.00439046656705917,0.062076318962031,0.0530835650724844,3104,"tags=63%, list=21%, signal=50%","UBE2D1/NCOR2/SMAD7/PPM1A/SMAD4/SMURF2/USP9X/SMAD2/SNW1/TGIF1/SERPINE1/TGIF2/NCOR1/SMAD3/SKI/PARP1/WWTR1/RNF111/MAPK1","REACTOME"
"REACTOME_SIGNALING_BY_ROBO_RECEPTORS","REACTOME_SIGNALING_BY_ROBO_RECEPTORS",185,-0.397760848733148,-1.4608081566712,0.00435859457765313,0.062076318962031,0.0530835650724844,4546,"tags=46%, list=31%, signal=33%","PAK4/ADRM1/RPS25/RPS16/RPL38/RPS19/RPS18/FAU/RPS21/UBA52/RPS27A/RPL10A/RPL23A/RPL35A/PAK2/RPL18A/PRKCA/CDC42/RPLP1/RPS12/RPL22/RPL11/RPS6/RPL35/RPS4X/RPS15/GSPT2/RPS24/RPL27A/PSMD13/RPSA/RPS8/PSMD2/PAK6/PSMB5/RPL31/RNPS1/RPS27/SLIT3/RPL36AL/CXCR4/EIF4A3/SLIT1/RPL18/RPL15/RPL13A/CUL2/RPL5/RPS9/CASC3/RPL7/RPL19/PFN2/RPLP2/SOS1/RPL14/RPL4/RPS3/RPL10/RPS14/RPS23/PSMD3/RPL13/PSMB2/RPL9/RPL7A/ZSWIM8/RPL6/RPLP0/EIF4G1/RPS2/NCK1/CLASP1/RAC1/PRKAR2A/GSPT1/PRKACB/RBM8A/ABL2/NCK2/SOS2/DAG1/RPL3/NTN1/ABL1/AKAP5","REACTOME"
"REACTOME_REGULATION_OF_MITF_M_DEPENDENT_GENES_INVOLVED_IN_PIGMENTATION","REACTOME_REGULATION_OF_MITF_M_DEPENDENT_GENES_INVOLVED_IN_PIGMENTATION",35,-0.597007794157346,-1.72845463046227,0.00445738922833385,0.0621592086910118,0.0531544468901528,3174,"tags=49%, list=21%, signal=38%","MAPK14/DPF2/BCL7C/CREB1/SMARCD1/SMARCB1/SMARCC2/SMARCD2/SYTL2/SMARCA4/SMARCC1/SMARCA2/CTNNB1/LEF1/ARID1A/RAB27A/ARID1B","REACTOME"
"REACTOME_REGULATION_OF_TP53_ACTIVITY","REACTOME_REGULATION_OF_TP53_ACTIVITY",152,-0.415390780427482,-1.50099082245802,0.00464887040581623,0.063953379366499,0.0546887030669989,2532,"tags=27%, list=17%, signal=23%","PPP2R1A/TP53BP2/BRD1/PRMT5/PPP1R13L/BRPF1/TAF5/CCNG1/PDPK1/CSNK2A1/BRPF3/ING2/WRN/RBBP4/EP300/RPA2/PRR5/GATAD2A/PRDM1/PPP1R13B/HIPK2/MAPKAP1/USP7/PRKAG2/SUPT16H/TAF15/MAP2K6/TTC5/AKT3/MEAF6/PIP4K2A/TAF3/TAF7/TP53RK/GATAD2B/TAF4/PPP2R5C/DYRK2/KAT6A/PHF20/JMY","REACTOME"
"REACTOME_NERVOUS_SYSTEM_DEVELOPMENT","REACTOME_NERVOUS_SYSTEM_DEVELOPMENT",433,-0.33885235524398,-1.35589594247709,0.00487437623788384,0.0661615334688767,0.0565769705084904,3745,"tags=34%, list=25%, signal=26%","LIMK1/RPS12/RPL22/CLTB/RPL11/RPS6/COL6A3/PTPN11/PRNP/RPL35/RPS4X/RPS15/GSPT2/GIT1/RPS24/UTRN/RPL27A/RND1/PSMD13/RPS6KA1/RPSA/RPS6KA3/RPS8/PSMD2/EFNB2/PAK6/EPHA4/MSN/LYPLA2/PSMB5/RPL31/RNPS1/ITGA5/RPS27/SLIT3/RPL36AL/CSNK2A2/KALRN/CXCR4/EIF4A3/SLIT1/RPL18/RPL15/RPL13A/MYH10/CUL2/RPL5/ARHGEF12/RPS9/CASC3/SCD5/RPL7/RPL19/PFN2/RPLP2/PLXNA1/EFNA5/SOS1/RPL14/RPS6KA4/RPL4/RPS3/CREB1/RPL10/CLTC/RPS14/TRPC3/PLXND1/ABLIM1/PRX/TUBB4A/NCAM1/GRB2/DPYSL2/RPS23/MAP2K2/PRKCQ/PSMD3/RPL13/PSMB2/RPL9/ITGB1/SHC1/AP2M1/RPL7A/ZSWIM8/RPL6/RPLP0/PITPNA/CSNK2A1/AGAP2/LAMA2/SMARCA4/TLN1/EIF4G1/RPS2/PIK3CA/PIK3R3/NCK1/HSPA8/ARHGEF7/EFNA3/PTPRC/SEMA4D/ADAM10/CLASP1/FRS2/SPTBN1/MBP/RAC1/WWTR1/PIP5K1C/SREBF2/VLDLR/PRKAR2A/SH3KBP1/VAV3/PSPN/GSPT1/PRKACB/RBM8A/ABL2/WASL/GSK3B/NCK2/PTPRA/EZR/AP2B1/SOS2/DAG1/ERBB2/RPL3/ABLIM2/MYH9/SIAH2/SPTAN1/NTN1/PIK3R1/EFNB1/ARHGAP35/ABL1/NAB2/MAPK1/MAP2K1/NEO1/AKAP5/FYN","REACTOME"
"REACTOME_M_DECAY_DEGRADATION_OF_MATERNAL_MRNAS_BY_MATERNALLY_STORED_FACTORS","REACTOME_M_DECAY_DEGRADATION_OF_MATERNAL_MRNAS_BY_MATERNALLY_STORED_FACTORS",28,-0.609616525680319,-1.68633033284985,0.00523517788096992,0.0701238300372024,0.0599652646476749,2095,"tags=54%, list=14%, signal=46%","CNOT2/ZFP36L2/CNOT9/EIF4A3/CNOT8/PAIP1/TNKS1BP1/EIF4G1/RPS2/AGO2/CNOT4/CNOT6/PAIP2/CNOT6L/EIF4B","REACTOME"
"REACTOME_HIV_INFECTION","REACTOME_HIV_INFECTION",214,-0.380855843492986,-1.42927002252767,0.00535264164832137,0.0707660934804046,0.0605144858942143,2715,"tags=26%, list=18%, signal=21%","NUP98/GTF2E1/NUP133/SLC25A6/XPO1/CHMP4B/RNMT/ARF1/NMT2/VPS4B/TAF5/RANBP2/PSMD3/KPNA1/PDCD6IP/PSMB2/AP2M1/XRCC6/RANGAP1/NDC1/VPS37B/PSIP1/UBAP1/POLR2F/BTRC/MVB12B/CHMP7/RNGTT/POM121/RCC1/RAC1/ELL/FURIN/NUP210/NUP160/POLR2A/NELFB/LCK/NMT1/NUP62/FEN1/GTF2F1/PACS1/AP2B1/SUPT16H/TAF15/NUP188/TAF3/ELMO1/TAF7/POM121C/CTDP1/TAF4/CD247/FYN","REACTOME"
"REACTOME_NONSENSE_MEDIATED_DECAY_NMD","REACTOME_NONSENSE_MEDIATED_DECAY_NMD",113,-0.429695756839396,-1.50727413077652,0.00558818707283291,0.0729330056428705,0.062367485954559,4434,"tags=53%, list=30%, signal=37%","RPS16/RPL38/RPS19/RPS18/FAU/RPS21/UBA52/RPS27A/RPL10A/RPL23A/RPL35A/RPL18A/RPLP1/RPS12/RPL22/RPL11/RPS6/RPL35/RPS4X/RPS15/GSPT2/RPS24/RPL27A/RPSA/RPS8/RPL31/RNPS1/RPS27/RPL36AL/SMG6/EIF4A3/RPL18/RPL15/RPL13A/RPL5/RPS9/CASC3/RPL7/RPL19/RPLP2/RPL14/RPL4/UPF1/PPP2R1A/RPS3/RPL10/RPS14/RPS23/RPL13/RPL9/RPL7A/RPL6/RPLP0/EIF4G1/RPS2/GSPT1/DCP1A/RBM8A/SMG8/RPL3","REACTOME"
"REACTOME_HATS_ACETYLATE_HISTONES","REACTOME_HATS_ACETYLATE_HISTONES",101,-0.442082593685919,-1.53297294018253,0.00570500852222367,0.0735151731091607,0.0628653170936573,3051,"tags=34%, list=21%, signal=27%","HAT1/ELP1/CLOCK/VPS72/H2AC6/H3C10/RUVBL1/H2BC9/NCOA2/BRD1/BRPF1/YEATS4/BRPF3/DR1/H2BC11/ELP4/EPC1/ELP2/EP300/RUVBL2/MSL1/TADA2B/NCOA1/JADE1/KANSL1/ATXN7/HCFC1/MEAF6/USP22/CREBBP/KAT6B/JADE2/KAT6A/PHF20","REACTOME"
"REACTOME_ER_TO_GOLGI_ANTEROGRADE_TRANSPORT","REACTOME_ER_TO_GOLGI_ANTEROGRADE_TRANSPORT",140,-0.408027833698474,-1.46372120481479,0.00578604286126633,0.073627395409614,0.062961282187727,3677,"tags=40%, list=25%, signal=30%","NSF/TRAPPC4/ACTR10/GBF1/SEC23IP/GOLGA2/ARF3/NAPA/TMED2/DYNC1I2/SEC31A/COPE/STX5/SAR1B/TMED7/CAPZB/DCTN4/CSNK1D/GOSR1/ARCN1/TRAPPC10/ARF4/DCTN6/COG2/ARF1/TUBB4A/COPG1/PPP6C/COG8/TRAPPC6A/SEC22A/COPA/SEC16A/TMED9/BET1L/COPG2/DYNC1H1/SEC24B/LMAN2L/TRAPPC9/LMAN1/LMAN2/ACTR1A/SPTBN1/MIA3/SEC24D/CD59/DCTN1/TMED10/COG5/SPTAN1/COPZ2/ARFGAP3/DYNLL2/CNIH3/TMEM115","REACTOME"
"REACTOME_SARS_COV_INFECTIONS","REACTOME_SARS_COV_INFECTIONS",379,-0.344694004068984,-1.3662481087698,0.00593466956786522,0.0745863409887258,0.0637813090659459,2772,"tags=27%, list=19%, signal=23%","UBE2I/ST3GAL3/NUP98/CHD4/VHL/SOS1/NUP133/BCL2L1/BRD4/PTGES3/TRAF6/CHMP4B/RPS3/ATP1B1/ZDHHC20/RPS14/SNRPD3/TAB2/YWHAZ/ITGA4/GRB2/ST3GAL4/GEMIN2/RPS23/RANBP2/SMAD4/REST/ITGB1/AP2M1/TOMM70/DDOST/JAK1/VPS11/PDPK1/NDC1/IL17RA/PIK3R4/MGAT1/CANX/RPN1/RUNX1/YWHAQ/SERPINE1/EEF1A1/PALS1/RBBP4/PARP4/ST3GAL1/RPS2/SEC24B/EP300/IMPDH2/SMAD3/NCK1/CHMP7/RCOR1/GATAD2A/GSK3A/POM121/ATP1A3/GEMIN5/VCP/RELA/HSPG2/FURIN/FNTB/PARP8/SP1/NUP210/SH3KBP1/NUP160/SEC24D/VPS18/GANAB/S1PR1/KEAP1/MAGT1/ARID4B/IFNGR1/NFE2L2/GSK3B/STT3A/NUP62/AP2B1/ZDHHC2/SRPK2/MGAT5/AKT3/KDM1A/PRKCSH/NUP188/CNBP/ANO10/SAP30L/MGAT4A/FKBP4/CREBBP/IGLV2-14/GEMIN4/ST3GAL2/POM121C/GATAD2B/ST6GAL1/NR3C1","REACTOME"
"REACTOME_RRNA_PROCESSING","REACTOME_RRNA_PROCESSING",207,-0.384131974278143,-1.43448782364572,0.006009461950246,0.0746052715286637,0.063797497212496,4434,"tags=42%, list=30%, signal=30%","RPS16/RPL38/RPS19/RPS18/FAU/RPS21/UBA52/RRP1/MPHOSPH10/DKC1/KRR1/LAS1L/RPS27A/RPL10A/RPL23A/RPL35A/PDCD11/RPL18A/RPLP1/RPS12/EMG1/RPL22/RPL11/RPS6/RPL35/RPS4X/RPS15/RPS24/RPL27A/RRP36/MTREX/WDR36/RPSA/RPS8/UTP14C/RPL31/RPS27/RPL36AL/RPL18/RPL15/RPL13A/RPL5/FCF1/RPS9/RPL7/RPL19/CSNK1D/RPLP2/RPL14/RPL4/RPS3/RPL10/RPS14/RCC1L/UTP14A/RPS23/TRUB2/RPL13/RPL9/NOB1/BOP1/UTP3/RPL7A/RPL6/RPLP0/PES1/NOP14/TBL3/UTP25/RIOK2/RPP40/SNU13/CSNK1E/RPS2/BMS1/THUMPD1/FBL/WDR43/MRM2/DIMT1/NCL/IMP3/TSR3/UTP18/RPL3/SENP3/EXOSC6","REACTOME"
"REACTOME_SIGNALING_BY_BMP","REACTOME_SIGNALING_BY_BMP",20,-0.658594589339468,-1.68300862823361,0.0063754191904814,0.0781949004326514,0.0668671105964251,3551,"tags=60%, list=24%, signal=46%","GREM2/SMAD5/UBE2D1/SMAD7/ACVR2A/SMAD4/SMURF2/BMPR2/ACVR2B/SKI/BMPR1A/TGFBR3","REACTOME"
"REACTOME_RHOC_GTPASE_CYCLE","REACTOME_RHOC_GTPASE_CYCLE",65,-0.487413663334332,-1.56008238255809,0.00661268752623563,0.0801394750203317,0.068529982258106,2682,"tags=32%, list=18%, signal=27%","ARHGAP5/STOM/MACO1/PREX1/PKN1/ERBIN/VAPB/AKAP13/LMAN1/VANGL1/TMPO/DIAPH1/FLOT2/STK10/PIK3R1/IQGAP1/ARHGAP26/ARHGAP35/DAAM1/SLK/BCR","REACTOME"
"REACTOME_ADIPOGENESIS","REACTOME_ADIPOGENESIS",92,-0.45154165070012,-1.54989931351679,0.00688022239431368,0.0814426325280386,0.0696443564271409,3429,"tags=40%, list=23%, signal=31%","MBD3/MED15/MED24/HNRNPU/RBBP7/MED29/MED13L/NCOR2/MED9/MTA3/TGS1/TGFB1/CHD4/MED25/NCOA2/CDK8/CDK19/SMAD4/MED13/MED1/RBBP4/EP300/NCOR1/NCOA6/GATAD2A/HELZ2/MED12/MED4/RELA/SREBF2/MED26/TBL1X/NCOA1/THRAP3/CREBBP/MED16/GATAD2B","REACTOME"
"REACTOME_RHO_GTPASE_CYCLE","REACTOME_RHO_GTPASE_CYCLE",393,-0.336577960014233,-1.33875527031092,0.00687033356315659,0.0814426325280386,0.0696443564271409,3101,"tags=31%, list=21%, signal=25%","KALRN/SENP1/RHOG/COPS4/NDUFA5/PTK2B/CUL3/MPP7/CAPZB/NCKAP1/DIAPH2/ARHGEF12/NSFL1C/ESYT1/HNRNPC/PDE5A/ARHGAP10/STIP1/SHMT2/LAMTOR1/ARHGAP25/PLXNA1/RHOH/ARHGAP5/DLG5/SOS1/ATP6AP1/STOM/MACO1/CCP110/PREX1/WASF2/BCAP31/ARHGAP31/CLTC/PLXND1/DNMBP/MYO6/ARHGEF3/ARHGAP42/GNA13/GRB2/PKN1/WIPF2/TMEM59/DOCK6/TAOK3/USP9X/FAF2/RRAS2/ITGB1/STEAP3/WWP2/PICALM/ARHGEF2/ERBIN/STAM/CDC42EP3/WDR6/TMEM87A/VAPB/TAGAP/SPEN/TMOD3/AKAP13/CCT7/LEMD3/PIK3CA/DBN1/ARL13B/LMAN1/PIK3R3/NCK1/VANGL1/ARHGEF7/TMPO/DOCK11/KIDINS220/FRS2/SPTBN1/RAC1/VCP/LETM1/EFHD2/FNBP1/VAV3/CYFIP2/WIPF1/PRAG1/ABL2/LCK/WASL/SEMA4F/RAPGEF1/NCK2/DIAPH1/FGD3/IQGAP2/MYO9A/HMOX2/SOS2/FLOT2/LRRC1/STK10/SPTAN1/PIK3R1/GARRE1/CDC42SE2/IQGAP1/ARHGAP26/PARD6A/RALBP1/ARHGAP35/CPSF7/DAAM1/ARFGAP3/SLK/BCR/CPD/PLEKHG3/FAM169A","REACTOME"
"REACTOME_FORMATION_OF_WDR5_CONTAINING_HISTONE_MODIFYING_COMPLEXES","REACTOME_FORMATION_OF_WDR5_CONTAINING_HISTONE_MODIFYING_COMPLEXES",42,-0.563327520714546,-1.69346869099775,0.00709771387392836,0.083051410616771,0.0710200771172263,2453,"tags=31%, list=17%, signal=26%","ASH2L/RBBP5/BOD1/DR1/PAGR1/PSIP1/NCOA6/SETD1B/KANSL1/HCFC1/SETD1A/PHF20/WDR82","REACTOME"
"REACTOME_DENGUE_VIRUS_INFECTION","REACTOME_DENGUE_VIRUS_INFECTION",336,-0.34597246639135,-1.36742507647172,0.00718406363633012,0.0831065543384552,0.0710672323833135,3046,"tags=30%, list=21%, signal=24%","SF3A2/EIF4A3/RPL18/NPLOC4/EMC4/PPIE/DDX46/POLR2B/HNRNPC/DNAJC8/H2AC6/UBE2I/HNRNPD/CTR9/H3C10/BAG2/SCAP/H2BC9/EIF4E3/XPO1/HSPA1A/PUF60/KPNA3/SKIC8/SNRPD3/RTF1/SNRNP40/UBR4/ELAVL1/TAOK1/GPKOW/KPNA1/PDCD6IP/SPCS2/HNRNPH2/HSPA1B/AP2M1/SRSF4/CDC5L/DDOST/PRPF19/PIK3R4/RTN3/FIP1L1/HNRNPUL1/SNW1/AQR/WDR33/H2BC11/CANX/HNRNPR/RPN1/HNRNPF/EIF4G1/TXNL4A/RRBP1/WBP11/CDC73/KPNA4/DNAJC3/PTBP1/SF3B4/POLR2F/HSPA8/PRR5/PRCC/HNRNPM/SF3A1/SF3B2/SF3A3/RPTOR/CTNNB1/MAPKAP1/VCP/HSPG2/FURIN/HNRNPA0/NCL/POLR2A/ATL2/MAGT1/STT3A/NMT1/PRPF6/GTF2F1/AP2B1/IPO7/P4HB/CSTF1/PRPF8/SF3B3/DHX9/ISY1/PEX19/PIK3R1/HYOU1/CSTF2T/CPSF7/PCBP1/SUN2","REACTOME"
"REACTOME_EXTRA_NUCLEAR_ESTROGEN_SIGNALING","REACTOME_EXTRA_NUCLEAR_ESTROGEN_SIGNALING",56,-0.503358514212827,-1.5862996226509,0.00744364218093464,0.0851418847212524,0.0728077124025186,2710,"tags=41%, list=18%, signal=34%","GNAI2/STRN/XPO1/CREB1/CALM1/GNAI3/ZDHHC7/SHC1/UHMK1/PDPK1/GNB1/GNG2/PIK3CA/PIK3R3/BCL2/AKT3/ELK1/PIK3R1/PRKCZ/FOXO3/MAPK1/IGF1R/CDKN1B","REACTOME"
"REACTOME_COPI_MEDIATED_ANTEROGRADE_TRANSPORT","REACTOME_COPI_MEDIATED_ANTEROGRADE_TRANSPORT",89,-0.442113408002007,-1.5090398035395,0.00792456328391222,0.0896356158113627,0.0766504542198293,3677,"tags=43%, list=25%, signal=32%","NSF/ACTR10/GBF1/GOLGA2/ARF3/NAPA/TMED2/DYNC1I2/COPE/STX5/TMED7/CAPZB/DCTN4/GOSR1/ARCN1/ARF4/DCTN6/COG2/ARF1/TUBB4A/COPG1/COG8/COPA/TMED9/BET1L/COPG2/DYNC1H1/ACTR1A/SPTBN1/CD59/DCTN1/TMED10/COG5/SPTAN1/COPZ2/ARFGAP3/DYNLL2/TMEM115","REACTOME"
"REACTOME_RORA_B_C_AND_NR1D1_REV_ERBA_REGULATE_GENE_EXPRESSION","REACTOME_RORA_B_C_AND_NR1D1_REV_ERBA_REGULATE_GENE_EXPRESSION",23,-0.63179532879273,-1.66649393257203,0.00801527158664935,0.089665345881418,0.0766758774107462,3518,"tags=52%, list=24%, signal=40%","NRIP1/NR1D1/TGS1/NCOA2/MED1/EP300/NCOR1/NCOA6/HELZ2/TBL1X/NCOA1/CREBBP","REACTOME"
"REACTOME_INTERFERON_SIGNALING","REACTOME_INTERFERON_SIGNALING",253,0.307684139016409,1.32852917164771,0.00815390233827778,0.0902247019605085,0.0771542017592188,2547,"tags=24%, list=17%, signal=20%","IFI27/GBP1/IRF9/TRIM22/UBA7/STAT1/CASP1/TUBA1A/JAK2/IFNG/FANCL/TRIM17/STAT2/IFITM3/TRIM38/HLA-DPA1/NUP42/DUS2/IFI35/NUP43/PTPN6/GBP5/CDK1/IFI44/OAS1/UBE2E1/HLA-DPB1/IFIT3/GBP2/IRF8/TYK2/IRF3/FCGR1A/IRF7/IFI30/IFI44L/TUBB4B/NUP54/NUP107/TUBA1B/PSMB8/IRF5/EIF4A1/IFNGR2/USP18/IKBKB/TRIM46/IFIT1/ICAM1/MT2A/TUBB2A/HLA-DRA/ISG15/GBP6/CIITA/KPNA2/EGR1/HLA-DQB2/TUBB6/TRIM45","REACTOME"
"REACTOME_IRAK4_DEFICIENCY_TLR2_4","REACTOME_IRAK4_DEFICIENCY_TLR2_4",15,0.663525923377079,1.68419252742424,0.0084663555667063,0.0926747308269572,0.0792493045123499,3716,"tags=67%, list=25%, signal=50%","IRAK4/TLR2/TLR4/MYD88/CD36/S100A8/BTK/TLR6/S100A9/S100A1","REACTOME"
"REACTOME_INTERLEUKIN_20_FAMILY_SIGNALING","REACTOME_INTERLEUKIN_20_FAMILY_SIGNALING",17,0.632850357297002,1.6575942999984,0.00878285484022804,0.094018060800647,0.0803980315191139,1243,"tags=35%, list=8%, signal=32%","JAK3/IL10RB/STAT1/JAK2/STAT2/TYK2","REACTOME"
"REACTOME_TAK1_DEPENDENT_IKK_AND_NF_KAPPA_B_ACTIVATION","REACTOME_TAK1_DEPENDENT_IKK_AND_NF_KAPPA_B_ACTIVATION",43,0.498084913870054,1.64647408880325,0.00895849891715399,0.094018060800647,0.0803980315191139,2267,"tags=30%, list=15%, signal=26%","NLRC5/ALPK1/CASP8/NOD1/UBE2V1/TRAF2/S100A12/NOD2/USP18/IKBKB/AGER/NFKBIA/NFKB2","REACTOME"
"REACTOME_E3_UBIQUITIN_LIGASES_UBIQUITINATE_TARGET_PROTEINS","REACTOME_E3_UBIQUITIN_LIGASES_UBIQUITINATE_TARGET_PROTEINS",51,-0.514246705632867,-1.59196828599426,0.00890128050296577,0.094018060800647,0.0803980315191139,3315,"tags=43%, list=22%, signal=34%","DERL1/RNF20/UBE2D1/UBE2D2/UBE2L3/PEX13/CTR9/H2BC9/SKIC8/RTF1/PEX14/H2BC11/UBE2B/CDC73/RRAGA/VCP/RNF40/PRKDC/RNF144A/WAC/PEX5/UBE2J2","REACTOME"
"REACTOME_GLYCOSAMINOGLYCAN_METABOLISM","REACTOME_GLYCOSAMINOGLYCAN_METABOLISM",97,-0.437000723839757,-1.5168870525119,0.00874141750239375,0.094018060800647,0.0803980315191139,2836,"tags=36%, list=19%, signal=29%","GNS/ST3GAL3/CHP1/HAS3/XYLT2/B4GALT5/ST3GAL4/SLC17A5/PAPSS1/B3GNT7/HEXB/CHSY3/HYAL3/FAM20B/HS3ST3A1/B3GAT1/SLC26A11/CHPF/CHST11/ST3GAL1/CD44/HSPG2/CHST14/CHSY1/EXTL3/B3GALT6/UXS1/SLC9A1/B4GALT1/CHST2/B4GAT1/EXT2/HGSNAT/ST3GAL2/HS6ST1","REACTOME"
"REACTOME_DARPP_32_EVENTS","REACTOME_DARPP_32_EVENTS",21,-0.647354667317544,-1.67462262321632,0.00908223983264725,0.0943440831595398,0.0806768242921512,2532,"tags=48%, list=17%, signal=40%","PPP2R1A/CALM1/PPP2R5D/PDE4A/PPP3CA/PRKAR2A/PPP3R1/PRKACB/PDE4D/PRKAR1A","REACTOME"
"REACTOME_MATERNAL_TO_ZYGOTIC_TRANSITION_MZT","REACTOME_MATERNAL_TO_ZYGOTIC_TRANSITION_MZT",70,-0.475393359469295,-1.55318037735591,0.00929043712267565,0.095531969604887,0.0816926262674404,3524,"tags=40%, list=24%, signal=31%","CNOT2/H2AZ2/ZFP36L2/CNOT9/EIF4A3/KDM6B/H2AC6/H3C10/H2BC9/CNOT8/PAIP1/H2AX/H2BC11/TNKS1BP1/EIF4G1/RPS2/EP300/HIRA/TET3/AGO2/CNOT4/CNOT6/PAIP2/UNG/KDM5A/CREBBP/CNOT6L/EIF4B","REACTOME"
"REACTOME_SUMOYLATION_OF_DNA_DAMAGE_RESPONSE_AND_REPAIR_PROTEINS","REACTOME_SUMOYLATION_OF_DNA_DAMAGE_RESPONSE_AND_REPAIR_PROTEINS",76,-0.459394936326226,-1.51825742426405,0.00944591814675215,0.0961594467339369,0.0822292032354109,3052,"tags=39%, list=21%, signal=31%","NUP35/NUP205/UBE2I/NUP98/NUP133/BMI1/RNF2/SMC1A/RANBP2/NDC1/PIAS1/NSMCE3/STAG1/CBX4/SMC3/WRN/PIAS4/RING1/POM121/PARP1/PHC2/NUP210/NUP160/RAD21/RNF168/XPC/STAG2/NUP62/NUP188/POM121C","REACTOME"
"REACTOME_ROS_AND_RNS_PRODUCTION_IN_PHAGOCYTES","REACTOME_ROS_AND_RNS_PRODUCTION_IN_PHAGOCYTES",29,0.569053276781391,1.7266524341472,0.0095894435500449,0.096653995385601,0.0826521085553635,3427,"tags=45%, list=23%, signal=35%","TCIRG1/ATP6V0A2/ATP6V1G2/ATP6V0A1/SLC11A1/MPO/NOS3/NCF4/CYBB/ATP6V1C1/ATP6V0B/ATP6V0C/NCF2","REACTOME"
"REACTOME_ESTROGEN_DEPENDENT_NUCLEAR_EVENTS_DOWNSTREAM_OF_ESR_MEMBRANE_SIGNALING","REACTOME_ESTROGEN_DEPENDENT_NUCLEAR_EVENTS_DOWNSTREAM_OF_ESR_MEMBRANE_SIGNALING",20,-0.63954094527116,-1.63431790425057,0.00985184769963643,0.0983253035120577,0.0840813008008186,586,"tags=30%, list=4%, signal=29%","BCL2/AKT3/ELK1/FOXO3/MAPK1/CDKN1B","REACTOME"
"REACTOME_NFE2L2_REGULATING_ANTI_OXIDANT_DETOXIFICATION_ENZYMES","REACTOME_NFE2L2_REGULATING_ANTI_OXIDANT_DETOXIFICATION_ENZYMES",16,-0.690622559927029,-1.68422005540682,0.0104029662616189,0.102817666546875,0.0879228727476634,1722,"tags=50%, list=12%, signal=44%","TXNRD1/EP300/GCLC/GCLM/NFE2L2/SRXN1/CHD6/CREBBP","REACTOME"
"REACTOME_CIRCADIAN_CLOCK","REACTOME_CIRCADIAN_CLOCK",104,-0.432749999212301,-1.50417900291737,0.0106724065131577,0.104466440676871,0.0893327954087188,3537,"tags=35%, list=24%, signal=27%","FBXL3/NRIP1/PSMD13/PSMD2/NR1D1/PSMB5/UBE2D1/CSNK2A2/PPP1CB/CLOCK/TGS1/CSNK1D/F7/CREB1/NCOA2/PSMD3/PSMB2/SIRT1/CREM/CSNK2A1/MED1/SERPINE1/CSNK1E/EP300/NCOR1/NCOA6/BTRC/HELZ2/FBXW11/TBL1X/NCOA1/CREBBP/MEF2D/CRY1/CRY2/DBP","REACTOME"
"REACTOME_REGULATION_OF_LIPID_METABOLISM_BY_PPARALPHA","REACTOME_REGULATION_OF_LIPID_METABOLISM_BY_PPARALPHA",101,-0.423852811898993,-1.46975904625427,0.0108122315485681,0.104827159204213,0.0896412580517879,3422,"tags=37%, list=23%, signal=28%","MED15/MED24/NR1D1/MED29/MED13L/NCOR2/CLOCK/MED9/TGS1/NFYB/MED25/NCOA2/CDK8/CDK19/GPS2/MED13/FDFT1/MED1/TXNRD1/EP300/NCOR1/NCOA6/GLIPR1/NFYA/HELZ2/MED12/MED4/SREBF2/SP1/MED26/TBL1X/NCOA1/NRF1/THRAP3/CREBBP/MED16/SIN3A","REACTOME"
"REACTOME_RHOU_GTPASE_CYCLE","REACTOME_RHOU_GTPASE_CYCLE",37,-0.544156558888048,-1.59964022629188,0.0110696646315648,0.106310552782386,0.0909097581956708,2675,"tags=49%, list=18%, signal=40%","DLG5/ARHGAP31/CLTC/MYO6/GRB2/USP9X/WWP2/STAM/WDR6/NCK1/VANGL1/ARHGEF7/SPTBN1/NCK2/SPTAN1/PIK3R1/IQGAP1/PARD6A","REACTOME"
"REACTOME_EPHRIN_SIGNALING","REACTOME_EPHRIN_SIGNALING",15,-0.695217102648604,-1.65014912580668,0.0114055279159536,0.107507661281859,0.0919334462621208,1336,"tags=33%, list=9%, signal=30%","ARHGEF7/RAC1/NCK2/EFNB1/FYN","REACTOME"
"REACTOME_PHOSPHORYLATION_OF_THE_APC_C","REACTOME_PHOSPHORYLATION_OF_THE_APC_C",19,0.607939912902417,1.64170242120411,0.0113234615103843,0.107507661281859,0.0919334462621208,2262,"tags=47%, list=15%, signal=40%","ANAPC15/CDK1/UBE2E1/ANAPC2/ANAPC4/CDC16/ANAPC7/ANAPC5/PLK1","REACTOME"
"REACTOME_UNFOLDED_PROTEIN_RESPONSE_UPR","REACTOME_UNFOLDED_PROTEIN_RESPONSE_UPR",87,-0.450217745412078,-1.51977985291739,0.0116387512967031,0.107711352909489,0.0921076298791718,2866,"tags=36%, list=19%, signal=29%","NFYB/SRPRB/HSP90B1/MYDGF/PDIA6/SERP1/ATF6/SHC1/SRPRA/SSR1/LMNA/CREB3L2/TLN1/GFPT1/DNAJC3/NFYA/EIF2AK3/GSK3A/HDGF/CREBRF/EXTL3/DCTN1/ADD1/HERPUD1/KLHDC3/KHSRP/HYOU1/EXOSC6/CTDSP2/ERN1/WFS1","REACTOME"
"REACTOME_HIV_LIFE_CYCLE","REACTOME_HIV_LIFE_CYCLE",145,-0.396776538831429,-1.42770676803301,0.0116129656612454,0.107711352909489,0.0921076298791718,3096,"tags=33%, list=21%, signal=26%","CHMP2B/CXCR4/NUP35/NUP205/XRCC5/POLR2B/NUP98/GTF2E1/NUP133/XPO1/CHMP4B/RNMT/NMT2/VPS4B/TAF5/RANBP2/KPNA1/PDCD6IP/XRCC6/RANGAP1/NDC1/VPS37B/PSIP1/UBAP1/POLR2F/MVB12B/CHMP7/RNGTT/POM121/RCC1/ELL/FURIN/NUP210/NUP160/POLR2A/NELFB/NMT1/NUP62/FEN1/GTF2F1/SUPT16H/TAF15/NUP188/TAF3/TAF7/POM121C/CTDP1/TAF4","REACTOME"
"REACTOME_THE_ROLE_OF_GTSE1_IN_G2_M_PROGRESSION_AFTER_G2_CHECKPOINT","REACTOME_THE_ROLE_OF_GTSE1_IN_G2_M_PROGRESSION_AFTER_G2_CHECKPOINT",60,0.434077155373362,1.53010811787001,0.0118009178742102,0.108228237801315,0.0925496356754085,2525,"tags=27%, list=17%, signal=22%","GTSE1/TUBA1A/PSMA3/CCNB2/CDK1/TUBB4B/CDKN1A/PSMC6/TUBA1B/TUBB2A/PSMB3/PSMA5/PLK1/PSMA4/PSMB4/TUBB6","REACTOME"
"REACTOME_METABOLISM_OF_CARBOHYDRATES_AND_CARBOHYDRATE_DERIVATIVES","REACTOME_METABOLISM_OF_CARBOHYDRATES_AND_CARBOHYDRATE_DERIVATIVES",227,-0.363072034919732,-1.37755794812304,0.0119726103587164,0.10882247629619,0.093057789160324,2871,"tags=28%, list=19%, signal=23%","EPM2A/RPIA/GNS/ST3GAL3/NUP98/NUP133/CHP1/HAS3/PPP2R1A/PGAM1/XYLT2/B4GALT5/CALM1/ST3GAL4/SLC17A5/RANBP2/PAPSS1/B3GNT7/PPP2R5D/HEXB/CHSY3/DCXR/HYAL3/FAM20B/NDC1/HS3ST3A1/B3GAT1/B3GALT4/SHPK/SLC26A11/CHPF/CHST11/PC/ST3GAL1/NHLRC1/PGM1/CD44/PRPS1/POM121/PYGB/HSPG2/NUP210/CHST14/NUP160/PRKACB/CHSY1/EXTL3/B3GALT6/NUP62/UXS1/SLC9A1/B4GALT1/PGM2L1/CHST2/NUP188/ST6GALNAC6/B4GAT1/EXT2/SLC2A1/HGSNAT/KHK/ST3GAL2/POM121C/HS6ST1","REACTOME"
"REACTOME_DEACTIVATION_OF_THE_BETA_CATENIN_TRANSACTIVATING_COMPLEX","REACTOME_DEACTIVATION_OF_THE_BETA_CATENIN_TRANSACTIVATING_COMPLEX",37,-0.541706664816987,-1.59243834837235,0.0121467030577713,0.109427820467355,0.0935754394855785,2603,"tags=43%, list=18%, signal=36%","XPO1/ASH2L/RBBP5/YWHAZ/APC/TLE1/CHD8/TLE2/BTRC/CTNNB1/BCL9/LEF1/BCL9L/PYGO2/CTBP1/TLE4","REACTOME"
"REACTOME_REGULATED_NECROSIS","REACTOME_REGULATED_NECROSIS",53,0.436565023016991,1.50947969512048,0.0123060297519757,0.109890686732555,0.0939712521226587,2887,"tags=36%, list=20%, signal=29%","RIPK3/BAK1/CASP1/TNFRSF10B/CASP8/OGT/IL1B/TRAF2/MLKL/GSDMD/CASP5/BIRC3/TNFSF10/BAX/TNFRSF10A/CASP4/CASP3/PELI1/CHMP4A","REACTOME"
"REACTOME_RHOB_GTPASE_CYCLE","REACTOME_RHOB_GTPASE_CYCLE",57,-0.496279731764631,-1.56824170400764,0.0126646546520532,0.11210972552861,0.0958688274347644,2682,"tags=33%, list=18%, signal=27%","ARHGAP5/STOM/PREX1/ARHGEF3/PKN1/ARHGEF2/ERBIN/AKAP13/VANGL1/DIAPH1/MYO9A/FLOT2/STK10/PIK3R1/ARHGAP26/ARHGAP35/DAAM1/SLK/BCR","REACTOME"
"REACTOME_RHOV_GTPASE_CYCLE","REACTOME_RHOV_GTPASE_CYCLE",35,-0.56965516704151,-1.64926341142566,0.013414007185445,0.117719476851578,0.100665915992405,2675,"tags=46%, list=18%, signal=38%","DLG5/CCP110/CLTC/USP9X/WDR6/NCK1/VANGL1/ARHGEF7/SPTBN1/WASL/NCK2/MYO9A/SPTAN1/PIK3R1/IQGAP1/PARD6A","REACTOME"
"REACTOME_ASPARAGINE_N_LINKED_GLYCOSYLATION","REACTOME_ASPARAGINE_N_LINKED_GLYCOSYLATION",278,-0.350312480590859,-1.35297618812929,0.0135387215705553,0.117798449220729,0.100733447942863,3912,"tags=37%, list=26%, signal=28%","PPP6R1/RAD23B/DYNC1LI1/RNF103/YKT6/NANS/MVD/MGAT2/NANP/MANEA/NSF/TRAPPC4/ACTR10/GBF1/SEC23IP/GOLGA2/ARF3/NAPA/TMED2/SYVN1/DERL1/ST6GALNAC4/DYNC1I2/SEC31A/COPE/ALG1/STX5/SAR1B/TMED7/CAPZB/OS9/DCTN4/CSNK1D/GOSR1/ARCN1/ST3GAL3/TRAPPC10/UBXN1/ARF4/DCTN6/COG2/ARF1/TUBB4A/B4GALT5/ST3GAL4/UGGT1/COPG1/SLC17A5/RNF5/DDOST/PPP6C/MGAT1/UAP1/COG8/TRAPPC6A/CANX/SEC22A/RPN1/COPA/SEC16A/TMED9/FUCA1/BET1L/COPG2/GFPT1/DYNC1H1/ALG2/ST3GAL1/SEC24B/LMAN2L/TRAPPC9/LMAN1/SEL1L/LMAN2/ACTR1A/SPTBN1/VCP/MIA3/SEC24D/GANAB/CD59/DCTN1/MAGT1/TMED10/ST8SIA6/STT3A/COG5/AMFR/B4GALT1/MAN1A1/MGAT5/SPTAN1/SLC35C1/COPZ2/PRKCSH/DOLK/MGAT4A/ST6GALNAC6/ARFGAP3/ST3GAL2/DYNLL2/ST6GAL1/CNIH3/TMEM115","REACTOME"
"REACTOME_RRNA_MODIFICATION_IN_THE_NUCLEUS_AND_CYTOSOL","REACTOME_RRNA_MODIFICATION_IN_THE_NUCLEUS_AND_CYTOSOL",60,-0.484095581840299,-1.53719111069837,0.0138263571050138,0.118279256579026,0.101144602616952,4230,"tags=45%, list=29%, signal=32%","MPHOSPH10/DKC1/KRR1/PDCD11/EMG1/RPS6/RRP36/WDR36/UTP14C/FCF1/RPS9/RPS14/UTP14A/UTP3/NOP14/TBL3/UTP25/SNU13/RPS2/BMS1/THUMPD1/FBL/WDR43/DIMT1/IMP3/TSR3/UTP18","REACTOME"
"REACTOME_INFLUENZA_INFECTION","REACTOME_INFLUENZA_INFECTION",155,-0.380761446636678,-1.37659431017582,0.0137824442072979,0.118279256579026,0.101144602616952,4434,"tags=51%, list=30%, signal=36%","RPS16/RPL38/RPS19/RPS18/FAU/RPS21/UBA52/NUP214/GRSF1/RPS27A/RPL10A/RPL23A/RPL35A/RPL18A/RPLP1/RAN/RPS12/RPL22/RPL11/RPS6/RPL35/RPS4X/RPS15/RPS24/RPL27A/RPSA/RPS8/RPL31/RPS27/RPL36AL/NUP35/NUP205/RPL18/RPL15/RPL13A/RPL5/RPS9/RPL7/TGFB1/RPL19/POLR2B/RPLP2/NUP98/NUP133/SLC25A6/XPO1/HSPA1A/RPL14/RPL4/KPNA3/RPS3/RPL10/CLTC/RPS14/RPS23/RANBP2/KPNA1/RPL13/RPL9/RPL7A/RPL6/RPLP0/NDC1/CANX/KPNA4/DNAJC3/RPS2/POLR2F/POM121/PARP1/NUP210/NUP160/POLR2A/NUP62/GTF2F1/IPO5/RPL3/NUP188/POM121C","REACTOME"
"REACTOME_HEME_SIGNALING","REACTOME_HEME_SIGNALING",43,-0.513575193293427,-1.55905722225732,0.0143216668215025,0.121495473535747,0.103894898784058,2979,"tags=42%, list=20%, signal=34%","NRIP1/NR1D1/CLOCK/TGS1/XPO1/CREB1/NCOA2/SIRT1/MED1/EP300/NCOR1/NCOA6/HELZ2/TBL1X/NFE2L2/NCOA1/CREBBP/MEF2D","REACTOME"
"REACTOME_MAPK_FAMILY_SIGNALING_CASCADES","REACTOME_MAPK_FAMILY_SIGNALING_CASCADES",237,-0.356507433193697,-1.35960086147275,0.0144686303908514,0.121727816015592,0.10409358271626,3101,"tags=29%, list=21%, signal=23%","KALRN/HSPB1/TNRC6A/NRG2/CUL3/PPP1CB/AGO1/PHB1/DLG2/DUSP2/APBB1IP/SOS1/IL5RA/BCL2L1/XPO1/PPP2R1A/FLT3/CALM1/NCAM1/GRB2/MAP2K2/PRKCQ/PSMD3/AGO4/RAP1B/PPP2R5D/PSMB2/SHC1/JAK1/SHOC2/CDC42EP3/PDE6D/TLN1/CDC14B/PDGFB/DUSP7/PIK3CA/AGO2/RASGRP1/RASA3/FRS2/SPTBN1/RAC1/FNTB/PPP2R5E/PPP2R5A/ARL2/ABHD17C/PSPN/PRKACB/ICMT/DUSP8/PTPRA/ARRB1/ERBB2/SPTAN1/PIK3R1/VCL/IQGAP1/TNRC6B/ABHD17B/FOXO3/MAPK1/MAP2K1/DNAJB1/TNRC6C/PPP2R5C/FYN/FOXO1","REACTOME"
"REACTOME_APC_C_CDC20_MEDIATED_DEGRADATION_OF_CYCLIN_B","REACTOME_APC_C_CDC20_MEDIATED_DEGRADATION_OF_CYCLIN_B",23,0.571343246373376,1.62532936077692,0.0146840530982996,0.122527590607123,0.104777497086228,2016,"tags=39%, list=14%, signal=34%","ANAPC15/CDK1/UBE2E1/ANAPC2/ANAPC4/CDC16/ANAPC7/CDC20/ANAPC5","REACTOME"
"REACTOME_FORMATION_OF_THE_CANONICAL_BAF_CBAF_COMPLEX","REACTOME_FORMATION_OF_THE_CANONICAL_BAF_CBAF_COMPLEX",18,-0.658126408117229,-1.64274165214731,0.0148831824350934,0.12317950990996,0.105334975385727,2956,"tags=50%, list=20%, signal=40%","DPF2/BCL7C/SMARCD1/SMARCB1/SMARCA4/SMARCC1/SMARCA2/ARID1A/ARID1B","REACTOME"
"REACTOME_EPIGENETIC_REGULATION_OF_GENE_EXPRESSION_BY_MLL3_AND_MLL4_COMPLEXES","REACTOME_EPIGENETIC_REGULATION_OF_GENE_EXPRESSION_BY_MLL3_AND_MLL4_COMPLEXES",91,-0.416818960022439,-1.42758657093266,0.015857534815564,0.130185245501969,0.111325817423357,3490,"tags=34%, list=24%, signal=26%","PAXIP1/H2AZ2/MED24/ELOVL5/NCOR2/SCD5/H2AC6/H3C10/H2BC9/NCOA2/ASH2L/RBBP5/CDK8/GPS2/MED13/SIRT1/H2AX/MED1/H2BC11/PAGR1/EP300/NCOR1/NCOA6/MED12/MED4/TBL1X/NCOA1/CREBBP/LIPE/MED16/ABL1","REACTOME"
"REACTOME_TRANSCRIPTIONAL_REGULATION_OF_WHITE_ADIPOCYTE_DIFFERENTIATION","REACTOME_TRANSCRIPTIONAL_REGULATION_OF_WHITE_ADIPOCYTE_DIFFERENTIATION",74,-0.458289238730932,-1.50563124642113,0.0164315646134571,0.133818662211994,0.114432875244876,3102,"tags=38%, list=21%, signal=30%","MED15/MED24/MED29/MED13L/NCOR2/MED9/TGS1/TGFB1/MED25/NCOA2/CDK8/CDK19/MED13/MED1/EP300/NCOR1/NCOA6/HELZ2/MED12/MED4/RELA/SREBF2/MED26/TBL1X/NCOA1/THRAP3/CREBBP/MED16","REACTOME"
"REACTOME_REGULATION_OF_ENDOGENOUS_RETROELEMENTS","REACTOME_REGULATION_OF_ENDOGENOUS_RETROELEMENTS",104,-0.419998134148219,-1.45985528781086,0.016659352445588,0.134596990393719,0.115098450062667,3462,"tags=36%, list=23%, signal=27%","H2AZ2/MBD3/MTREX/EHMT2/RBBP7/DPF2/MTA3/ZNF765/H2AC6/UBE2I/H3C10/CHD4/H2BC9/BCL7C/ZNF136/SMARCD1/SMARCB1/ZNF425/ZNF264/SMARCC2/H2AX/SMARCD2/H2BC11/SMARCA4/RBBP4/SMARCC1/GATAD2A/SMARCA2/ATF7IP/ZNF30/ZNF649/ARID1A/ZNF778/ZNF669/ARID1B/GATAD2B/TRIM28","REACTOME"
"REACTOME_TRANSCRIPTIONAL_REGULATION_BY_RUNX1","REACTOME_TRANSCRIPTIONAL_REGULATION_BY_RUNX1",174,-0.37486192185329,-1.36800223315945,0.0170345076281489,0.136544320987839,0.116763678478899,2472,"tags=28%, list=17%, signal=24%","BMI1/RNF2/ASH2L/RBBP5/ARID2/SMARCD1/PCGF5/CBFB/SMARCB1/TCF12/PRKCQ/PSMD3/AGO4/PSMB2/SMARCC2/CSNK2A1/H2AX/PRMT6/SMARCD2/GATA2/CCND2/H2BC11/RUNX1/SMARCA4/CBX4/PBRM1/ZFPM1/EP300/PRKCB/AGO2/RING1/SMARCC1/HIPK2/SMARCA2/PHC2/AXIN1/SETD1B/ARID1A/ELF1/CREBBP/ARID1B/ABL1/TNRC6B/NFATC2/SIN3A/TNRC6C/SETD1A/CBX6/AUTS2","REACTOME"
"REACTOME_CASPASE_ACTIVATION_VIA_DEATH_RECEPTORS_IN_THE_PRESENCE_OF_LIGAND","REACTOME_CASPASE_ACTIVATION_VIA_DEATH_RECEPTORS_IN_THE_PRESENCE_OF_LIGAND",15,0.63447076425778,1.61044336383047,0.017353273329769,0.138012751950819,0.118019383583215,2263,"tags=47%, list=15%, signal=40%","TNFRSF10B/CASP8/TRAF2/TICAM1/TLR4/TNFSF10/TNFRSF10A","REACTOME"
"REACTOME_CONVERSION_FROM_APC_C_CDC20_TO_APC_C_CDH1_IN_LATE_ANAPHASE","REACTOME_CONVERSION_FROM_APC_C_CDC20_TO_APC_C_CDH1_IN_LATE_ANAPHASE",19,0.586911838179733,1.58491746523589,0.0178189842026739,0.14061803037459,0.120247245496624,2016,"tags=42%, list=14%, signal=36%","ANAPC15/UBE2E1/ANAPC2/ANAPC4/CDC16/ANAPC7/CDC20/ANAPC5","REACTOME"
"REACTOME_REGULATION_OF_PD_L1_CD274_TRANSCRIPTION","REACTOME_REGULATION_OF_PD_L1_CD274_TRANSCRIPTION",61,0.412394259507855,1.45882206304029,0.0181575763785439,0.142187790410444,0.121589600526768,472,"tags=15%, list=3%, signal=14%","ATF3/EZH2/FOSB/H4C3/TCF7L1/STAT1/FOS/JUN/H3C1","REACTOME"
"REACTOME_HSF1_DEPENDENT_TRANSACTIVATION","REACTOME_HSF1_DEPENDENT_TRANSACTIVATION",30,-0.567700695009713,-1.5899989171362,0.0187009363414309,0.14532483355402,0.124272192481827,3088,"tags=47%, list=21%, signal=37%","HSPA1L/HSPB1/HSPA1A/PTGES3/HSPA1B/AKT1S1/EP300/HSPA8/RPTOR/DEDD2/DNAJB6/FKBP4/CREBBP/DNAJB1","REACTOME"
"REACTOME_NUCLEOTIDE_BINDING_DOMAIN_LEUCINE_RICH_REPEAT_CONTAINING_RECEPTOR_NLR_SIGNALING_PATHWAYS","REACTOME_NUCLEOTIDE_BINDING_DOMAIN_LEUCINE_RICH_REPEAT_CONTAINING_RECEPTOR_NLR_SIGNALING_PATHWAYS",56,0.425211157677165,1.48059552807578,0.0195724049639064,0.150944759494369,0.129077981699766,2267,"tags=29%, list=15%, signal=24%","AIM2/P2RX7/CASP1/MAPK12/CASP8/PYCARD/MAPK11/NOD1/UBE2V1/CARD9/NOD2/NLRP1/BIRC3/IKBKB/NLRC4/NFKB2","REACTOME"
"REACTOME_EXPRESSION_OF_BMAL_ARNTL_CLOCK_AND_NPAS2","REACTOME_EXPRESSION_OF_BMAL_ARNTL_CLOCK_AND_NPAS2",33,-0.543663058152965,-1.56518683914909,0.0208055148546698,0.157254705598049,0.134473830554841,3518,"tags=48%, list=24%, signal=37%","NRIP1/NR1D1/CLOCK/TGS1/CREB1/NCOA2/SIRT1/MED1/EP300/NCOR1/NCOA6/HELZ2/TBL1X/NCOA1/CREBBP/MEF2D","REACTOME"
"REACTOME_SARS_COV_2_INFECTION","REACTOME_SARS_COV_2_INFECTION",263,-0.341715953141739,-1.31049901062418,0.0208540130213522,0.157254705598049,0.134473830554841,4193,"tags=39%, list=28%, signal=29%","NUP214/ST6GALNAC2/OSTC/TUFM/YWHAB/STT3B/ANO6/RPN2/RPS27A/G3BP2/SEC23A/CHMP6/HSP90AB1/PRMT1/PARP16/SDC4/MGAT2/RPS12/RPS6/PTPN11/RB1/RPS4X/RPS15/GOLGA7/TRIM4/RPS24/G3BP1/IRAK2/RPSA/RPS8/ST6GALNAC4/DDX20/RPS27/SAR1B/CHMP2B/NUP35/NUP205/RPS9/UBE2I/ST3GAL3/NUP98/VHL/NUP133/TRAF6/CHMP4B/RPS3/ZDHHC20/RPS14/SNRPD3/TAB2/YWHAZ/ST3GAL4/GEMIN2/RPS23/RANBP2/TOMM70/DDOST/JAK1/VPS11/PDPK1/NDC1/IL17RA/PIK3R4/MGAT1/CANX/RPN1/YWHAQ/PALS1/PARP4/ST3GAL1/RPS2/SEC24B/CHMP7/GSK3A/POM121/GEMIN5/VCP/HSPG2/FURIN/PARP8/NUP210/NUP160/SEC24D/VPS18/GANAB/MAGT1/GSK3B/STT3A/NUP62/ZDHHC2/SRPK2/MGAT5/AKT3/PRKCSH/NUP188/CNBP/ANO10/MGAT4A/CREBBP/GEMIN4/ST3GAL2/POM121C/ST6GAL1","REACTOME"
"REACTOME_TOLL_LIKE_RECEPTOR_CASCADES","REACTOME_TOLL_LIKE_RECEPTOR_CASCADES",157,0.32068909301155,1.30361181930927,0.0207873382627522,0.157254705598049,0.134473830554841,2312,"tags=25%, list=16%, signal=22%","NLRC5/ALPK1/RIPK3/DUSP6/CTSK/FOS/IRAK4/CASP8/JUN/CD180/BPI/MAPK11/IKBKE/NOD1/UBE2V1/TRAF2/IRAK3/RPS6KA5/GSDMD/S100A12/TICAM1/IRF3/CTSL/IRF7/NOD2/MEF2C/TLR2/BIRC3/IRF5/USP18/IKBKB/AGER/TLR4/NFKBIA/TANK/MYD88/MAPKAPK3/NFKB2/CD36/TLR7","REACTOME"
"REACTOME_REGULATION_OF_SIGNALING_BY_CBL","REACTOME_REGULATION_OF_SIGNALING_BY_CBL",21,-0.61110336052324,-1.58084519093109,0.0213177704264088,0.159569781574148,0.13645353051579,2307,"tags=38%, list=16%, signal=32%","GRB2/CRKL/CRK/PIK3CA/PIK3R3/RAPGEF1/PIK3R1/FYN","REACTOME"
"REACTOME_DISORDERS_OF_DEVELOPMENTAL_BIOLOGY","REACTOME_DISORDERS_OF_DEVELOPMENTAL_BIOLOGY",17,-0.630275057724772,-1.55948677879673,0.0228059858344305,0.168235460720654,0.14386384656807,3584,"tags=53%, list=24%, signal=40%","HDAC1/NCOR2/ASH2L/RBBP5/CALM1/GPS2/NCOR1/TBL1X/SIN3A","REACTOME"
"REACTOME_CELL_JUNCTION_ORGANIZATION","REACTOME_CELL_JUNCTION_ORGANIZATION",202,-0.361685264016835,-1.34606160377967,0.0227985605792286,0.168235460720654,0.14386384656807,2238,"tags=23%, list=15%, signal=20%","FLNA/LIMS1/TCF12/F11R/PSMD3/AGO4/SPCS2/PSMB2/ITGB1/SIRT1/DDOST/TESK1/TLE1/CSNK2A1/CTBP2/H2AX/H2BC11/CANX/RPN1/PXN/SMARCA4/PALS1/TGIF2/RBBP4/AGO2/CTNNB1/PIP5K1C/FURIN/ZEB2/SP1/GANAB/FOXJ2/STT3A/ARID1A/CTBP1/PRKCI/AMOT/KDM1A/CADM1/PRKCSH/VCL/PARD6A/TNRC6B/MAPK1/TNRC6C/KRT5/FYN","REACTOME"
"REACTOME_REGULATION_OF_BETA_CELL_DEVELOPMENT","REACTOME_REGULATION_OF_BETA_CELL_DEVELOPMENT",16,-0.6608978400232,-1.61173043182912,0.0237657266777726,0.172810783985518,0.147776360620436,2418,"tags=50%, list=16%, signal=42%","MAML2/MAMLD1/SNW1/EP300/MAML1/AKT3/CREBBP/FOXO1","REACTOME"
"REACTOME_STIMULI_SENSING_CHANNELS","REACTOME_STIMULI_SENSING_CHANNELS",60,0.413583023958465,1.45786695876166,0.0237183849525034,0.172810783985518,0.147776360620436,1523,"tags=22%, list=10%, signal=20%","RIPK3/BEST4/CLCN6/ANO9/BEST1/SGK1/ASIC3/CLCN7/MLKL/MCOLN2/SCNN1D/TSC22D3/TTYH3","REACTOME"
"REACTOME_NOD1_2_SIGNALING_PATHWAY","REACTOME_NOD1_2_SIGNALING_PATHWAY",36,0.463222586639073,1.47783652830573,0.0241493391310802,0.174354803088225,0.149096703705885,1791,"tags=28%, list=12%, signal=24%","CASP1/MAPK12/CASP8/MAPK11/NOD1/UBE2V1/CARD9/NOD2/BIRC3/IKBKB","REACTOME"
"REACTOME_DISEASES_OF_IMMUNE_SYSTEM","REACTOME_DISEASES_OF_IMMUNE_SYSTEM",29,0.536370541455319,1.62748469923048,0.0246166144230049,0.176476855511402,0.150911342682173,3774,"tags=66%, list=26%, signal=49%","IRAK4/TICAM1/TLR2/IKBKB/TLR4/NFKBIA/MYD88/NFKB2/CD36/TLR7/S100A8/TLR5/BTK/UNC93B1/TLR6/S100A9/TLR10/S100A1/CHUK","REACTOME"
"REACTOME_ASSEMBLY_AND_CELL_SURFACE_PRESENTATION_OF_NMDA_RECEPTORS","REACTOME_ASSEMBLY_AND_CELL_SURFACE_PRESENTATION_OF_NMDA_RECEPTORS",30,0.522428257669889,1.59024445867585,0.0248693924678247,0.176662708378727,0.151070271770455,2525,"tags=33%, list=17%, signal=28%","TUBA1A/LIN7C/GRIN3B/LIN7A/TUBB4B/GRIN2D/TUBA1B/TUBB2A/DLG4/TUBB6","REACTOME"
"REACTOME_LDL_CLEARANCE","REACTOME_LDL_CLEARANCE",15,-0.665491440972634,-1.57959307296829,0.0253366949148273,0.176662708378727,0.151070271770455,2467,"tags=47%, list=17%, signal=39%","CLTC/AP2M1/LIPA/NCEH1/LDLRAP1/AP2B1/NPC1","REACTOME"
"REACTOME_ANTIGEN_PROCESSING_UB_ATP_INDEPENDENT_PROTEASOMAL_DEGRADATION","REACTOME_ANTIGEN_PROCESSING_UB_ATP_INDEPENDENT_PROTEASOMAL_DEGRADATION",19,0.570510458681569,1.54062660052744,0.0252286522720768,0.176662708378727,0.151070271770455,2679,"tags=47%, list=18%, signal=39%","PSME2/PSMB9/PSMA3/PSMB8/PSMB3/PSMA5/PSMA4/PSMB4/PSME1","REACTOME"
"REACTOME_PROCESSING_OF_CAPPED_INTRON_CONTAINING_PRE_MRNA","REACTOME_PROCESSING_OF_CAPPED_INTRON_CONTAINING_PRE_MRNA",291,-0.337645838118525,-1.30923581734915,0.0251879597431663,0.176662708378727,0.151070271770455,3058,"tags=28%, list=21%, signal=23%","CWF19L2/NUP35/SF3A2/EIF4A3/NUP205/PPP1CB/C9orf78/PPIE/WTAP/CASC3/DDX46/POLR2B/HNRNPC/DNAJC8/HNRNPD/NUP98/NUP133/PUF60/SNRPD3/SNRNP40/GPKOW/ZMAT2/RANBP2/SLBP/HNRNPH2/SRSF4/CDC5L/PRPF19/ZNF830/NDC1/FIP1L1/SNW1/AQR/WDR33/HNRNPR/PPP1R10/HNRNPF/RBMX2/STEEP1/PRPF4/SNU13/TXNL4A/WBP11/PTBP1/SF3B4/POLR2F/RNF113A/FYTTD1/HSPA8/PRCC/HNRNPM/SF3A1/SF3B2/SF3A3/POM121/LENG1/NUP210/NUP160/POLR2A/RBM8A/USP39/PRPF6/NUP62/PPP1R8/GTF2F1/DHX8/PRPF18/SMU1/CSTF1/SART1/PRPF8/SF3B3/DHX9/ISY1/NUP188/RBM42/CSTF2T/CPSF7/PCBP1/POM121C/SRSF8/PDCD7","REACTOME"
"REACTOME_INHIBITION_OF_THE_PROTEOLYTIC_ACTIVITY_OF_APC_C_REQUIRED_FOR_THE_ONSET_OF_ANAPHASE_BY_MITOTIC_SPINDLE_CHECKPOINT_COMPONENTS","REACTOME_INHIBITION_OF_THE_PROTEOLYTIC_ACTIVITY_OF_APC_C_REQUIRED_FOR_THE_ONSET_OF_ANAPHASE_BY_MITOTIC_SPINDLE_CHECKPOINT_COMPONENTS",20,0.563537944079557,1.54552132066978,0.0255814948439758,0.177156202388894,0.151492275230706,2016,"tags=45%, list=14%, signal=39%","BUB1B/ANAPC15/UBE2E1/ANAPC2/ANAPC4/CDC16/ANAPC7/CDC20/ANAPC5","REACTOME"
"REACTOME_POTASSIUM_CHANNELS","REACTOME_POTASSIUM_CHANNELS",37,0.47959841733988,1.54734173047516,0.0257876785036547,0.177377410248112,0.151681437571284,3147,"tags=43%, list=21%, signal=34%","KCNMA1/KCNN4/KCNJ2/GABBR1/KCNMB1/KCNAB3/KCNMB3/GNB4/KCNC3/KCND1/HCN2/KCNH3/HCN3/KCNK17/KCNQ4/GNG7","REACTOME"
"REACTOME_SLC_TRANSPORTER_DISORDERS","REACTOME_SLC_TRANSPORTER_DISORDERS",65,-0.440036018649258,-1.40843905706194,0.0267126302053378,0.182506426503583,0.15606743327315,1142,"tags=34%, list=8%, signal=31%","NUP35/NUP205/SLC12A6/NUP98/NUP133/SLC4A4/SLC17A5/RANBP2/NDC1/POM121/SLC3A2/NUP210/NUP160/SLC29A3/NUP62/SLC9A6/SLC35C1/NUP188/SLC2A1/SLC16A1/SLC27A4/POM121C","REACTOME"
"REACTOME_GOLGI_ASSOCIATED_VESICLE_BIOGENESIS","REACTOME_GOLGI_ASSOCIATED_VESICLE_BIOGENESIS",54,-0.473562694213215,-1.4760468961932,0.0272700366141169,0.184962872061714,0.158168023156899,964,"tags=17%, list=7%, signal=16%","HSPA8/ACBD3/ARRB1/BLOC1S4/IGF2R/CPD/PUM1/TXNDC5/BLOC1S3","REACTOME"
"REACTOME_SIGNALING_BY_VEGF","REACTOME_SIGNALING_BY_VEGF",94,-0.411997382344707,-1.41745181241371,0.0274355537144585,0.184962872061714,0.158168023156899,1705,"tags=23%, list=12%, signal=21%","PXN/CRK/PIK3CA/VEGFB/PRKCB/NCK1/PRR5/AHCYL1/MAPKAPK2/RAC1/CTNNB1/MAPKAP1/VAV3/CYFIP2/PRKACB/NCK2/AKT3/PIK3R1/PRKCZ/ELMO1/SH2D2A/FYN","REACTOME"
"REACTOME_RUNX2_REGULATES_BONE_DEVELOPMENT","REACTOME_RUNX2_REGULATES_BONE_DEVELOPMENT",22,-0.588733383175444,-1.53845106145763,0.0276821959864429,0.185397865224993,0.158540000559476,2283,"tags=50%, list=15%, signal=42%","RBM14/CBFB/SATB2/SMAD4/GLI3/WWTR1/HEY2/HDAC4/MAF/ABL1/MAPK1","REACTOME"
"REACTOME_ACTIVATION_OF_BH3_ONLY_PROTEINS","REACTOME_ACTIVATION_OF_BH3_ONLY_PROTEINS",29,-0.568010629843441,-1.57784691797727,0.029822918028584,0.197805395491469,0.169150100373741,2482,"tags=41%, list=17%, signal=35%","TP53BP2/MAPK8/YWHAZ/YWHAQ/BBC3/BCL2L11/PPP1R13B/PPP3R1/BCL2/TFDP2/AKT3/DYNLL2","REACTOME"
"REACTOME_HSP90_CHAPERONE_CYCLE_FOR_STEROID_HORMONE_RECEPTORS_SHR_IN_THE_PRESENCE_OF_LIGAND","REACTOME_HSP90_CHAPERONE_CYCLE_FOR_STEROID_HORMONE_RECEPTORS_SHR_IN_THE_PRESENCE_OF_LIGAND",47,-0.481468447109231,-1.46966747271987,0.0299234095340729,0.197805395491469,0.169150100373741,3261,"tags=55%, list=22%, signal=43%","TUBB1/HSPA2/DCTN2/HSP90AB1/DYNC1LI1/DNAJA2/ACTR10/DYNC1I2/HSPA1L/CAPZB/DCTN4/STIP1/HSPA1A/DCTN6/PTGES3/TUBB4A/HSPA1B/DYNC1H1/HSPA8/ACTR1A/DCTN1/FKBP4/NR3C2/DYNLL2/DNAJB1/NR3C1","REACTOME"
"REACTOME_N_GLYCAN_ANTENNAE_ELONGATION_IN_THE_MEDIAL_TRANS_GOLGI","REACTOME_N_GLYCAN_ANTENNAE_ELONGATION_IN_THE_MEDIAL_TRANS_GOLGI",19,-0.598533926719738,-1.51976453930755,0.0325144537965469,0.212354092715091,0.181591184650378,2366,"tags=42%, list=16%, signal=35%","B4GALT5/ST3GAL4/FUCA1/ST8SIA6/B4GALT1/MGAT5/MGAT4A/ST6GAL1","REACTOME"
"REACTOME_ATTENUATION_PHASE","REACTOME_ATTENUATION_PHASE",24,-0.566211902392149,-1.51190688041248,0.0325414916144933,0.212354092715091,0.181591184650378,3088,"tags=50%, list=21%, signal=40%","HSPA1L/HSPB1/HSPA1A/PTGES3/HSPA1B/EP300/HSPA8/DEDD2/DNAJB6/FKBP4/CREBBP/DNAJB1","REACTOME"
"REACTOME_ESTROGEN_DEPENDENT_GENE_EXPRESSION","REACTOME_ESTROGEN_DEPENDENT_GENE_EXPRESSION",105,-0.398924454698333,-1.38319870411575,0.0337287156496533,0.21731539576802,0.185833763106351,3075,"tags=38%, list=21%, signal=30%","TNRC6A/GATA3/AGO1/POLR2B/H2AC6/H3C10/H2BC9/KDM4B/PTGES3/NCOA2/SMC1A/CBFB/AGO4/H2AX/MED1/H2BC11/RUNX1/STAG1/SMC3/CHD1/EP300/POLR2F/AGO2/CXXC5/POU2F1/AXIN1/SP1/RAD21/POLR2A/STAG2/USF2/NCOA1/GTF2F1/BCL2/KDM1A/FKBP4/CREBBP/TNRC6B/TNRC6C/YY1","REACTOME"
"REACTOME_TRANSLATION","REACTOME_TRANSLATION",364,-0.318775068501493,-1.26295195144551,0.0335820895522388,0.21731539576802,0.185833763106351,4434,"tags=39%, list=30%, signal=28%","RPS16/RPL38/RPS19/EIF2B3/RPS18/WARS2/FARS2/FAU/RPS21/UBA52/MRPS30/TUFM/RPN2/RPS27A/MRPS12/RPL10A/MRPL19/RPL23A/EIF3E/RPL35A/APEH/RPL18A/MRPS27/NDUFAB1/RPLP1/MT-ATP8/MRPS2/RPS12/RPL22/MRPL50/RPL11/RPS6/RPL35/IARS2/RPS4X/RPS15/GSPT2/RPS24/MRPS17/RPL27A/PSMD13/RPSA/MRPL30/RPS8/PSMD2/MRPL17/SARS1/MRPS23/PSMB5/RPL31/SPCS3/MRPL12/EIF3K/RPS27/SEC11C/AURKAIP1/RPL36AL/UBE2D1/SRP72/UBE2D2/RPL18/RPL15/RPL13A/NPLOC4/CUL2/RPL5/LARS2/MT-ND3/DARS1/RPS9/RPL7/RPL19/MTRFR/SRPRB/RPLP2/EIF3D/MRPL36/MALSU1/RPL14/RPL4/EARS2/RPS3/EIF3B/RPL10/RPS14/GFM1/FARSA/MT-ND6/RCHY1/MRPS26/RPS23/EIF4H/MRPL34/PSMD3/MT-CO2/SPCS2/RPL13/TSFM/PSMB2/EPRS1/RPL9/EEF1B2/RPL7A/SRPRA/DDOST/RPL6/VARS2/RPLP0/MT-ATP6/SSR2/SSR1/SEC61A1/RPN1/MT-CO3/EIF3A/MRPS34/EIF4G1/MRPL47/EEF1A1/MT-ND5/RPS2/MIEF1/TRAM1/MT-ND2/EIF3F/GADD45GIP1/MT-ND4/VCP/MT-ND1/MRPL10/MRPL49/EIF3L/GSPT1/MT-ND4L/MT-CO1/MT-CYB/MRPL46/MRPS31/RPL3/EEF2/EIF4B","REACTOME"
"REACTOME_TRANSCRIPTIONAL_REGULATION_BY_MECP2","REACTOME_TRANSCRIPTIONAL_REGULATION_BY_MECP2",43,-0.4831894105536,-1.46681527861773,0.0344940368073891,0.220848613018378,0.188855136972597,3323,"tags=51%, list=22%, signal=40%","PTPN1/LBR/TNRC6A/NCOR2/AGO1/HTT/PTEN/CREB1/TRPC3/CALM1/GPS2/AGO4/PVALB/NCOR1/AGO2/PTPN4/HIPK2/TBL1X/TNRC6B/SIN3A/GPRIN1/TNRC6C","REACTOME"
"REACTOME_SENSORY_PERCEPTION_OF_TASTE","REACTOME_SENSORY_PERCEPTION_OF_TASTE",19,0.552502042538586,1.49199603728174,0.0347554219233155,0.221131371987095,0.189096933753828,2623,"tags=42%, list=18%, signal=35%","PLCB2/KCNJ2/TAS2R14/SCNN1D/ITPR3/TAS2R5/TAS2R4/TAS2R10","REACTOME"
"REACTOME_UPTAKE_AND_ACTIONS_OF_BACTERIAL_TOXINS","REACTOME_UPTAKE_AND_ACTIONS_OF_BACTERIAL_TOXINS",22,-0.578772920037843,-1.51242283624641,0.0353009583388842,0.223207301794932,0.190872131717929,2662,"tags=55%, list=18%, signal=45%","VAMP2/CALM1/MAP2K2/PDCD6IP/MAP2K4/NHERF4/TXNRD1/FURIN/MAP2K3/MAP2K6/EEF2/MAP2K1","REACTOME"
"REACTOME_SIGNALING_BY_BRAF_AND_RAF1_FUSIONS","REACTOME_SIGNALING_BY_BRAF_AND_RAF1_FUSIONS",57,-0.465666464428754,-1.47150391791802,0.0359213540832593,0.225728015165173,0.193027679186845,2332,"tags=35%, list=16%, signal=30%","KDM7A/APBB1IP/CALM1/MAP2K2/PAPSS1/RAP1B/QKI/LMNA/TLN1/FAM131B/BCL2L11/FXR1/TRIM24/ARRB1/SND1/VCL/IQGAP1/ZC3HAV1/MAPK1/MAP2K1","REACTOME"
"REACTOME_PTEN_REGULATION","REACTOME_PTEN_REGULATION",119,-0.384094480407305,-1.35488472612285,0.0373027259684362,0.231549847779683,0.198006125647604,3584,"tags=42%, list=24%, signal=32%","HDAC1/HDAC5/TRIM27/MBD3/PSMD13/PSMD2/CBX8/RBBP7/PSMB5/RRAGC/CSNK2A2/TNRC6A/AGO1/MTA3/LAMTOR1/CHD4/PTEN/BMI1/SUZ12/RNF2/TNKS2/ATN1/PSMD3/REST/AGO4/PSMB2/WWP2/CSNK2A1/STUB1/CBX4/MKRN1/RBBP4/USP13/AGO2/MAF1/RING1/RCOR1/RRAGA/GATAD2A/RPTOR/PHC2/USP7/AKT3/KDM1A/NEDD4/TNRC6B/GATAD2B/MAPK1/TNRC6C/CBX6","REACTOME"
"REACTOME_MRNA_SPLICING","REACTOME_MRNA_SPLICING",212,-0.347072888526926,-1.29796688448066,0.0372809134805101,0.231549847779683,0.198006125647604,3330,"tags=31%, list=23%, signal=24%","U2AF2/HNRNPU/ZMAT5/RNPS1/SNRNP200/CWF19L2/SF3A2/EIF4A3/C9orf78/PPIE/CASC3/DDX46/POLR2B/HNRNPC/DNAJC8/HNRNPD/PUF60/SNRPD3/SNRNP40/GPKOW/ZMAT2/HNRNPH2/SRSF4/CDC5L/PRPF19/ZNF830/SNW1/AQR/HNRNPR/HNRNPF/RBMX2/STEEP1/PRPF4/SNU13/TXNL4A/WBP11/PTBP1/SF3B4/POLR2F/RNF113A/HSPA8/PRCC/HNRNPM/SF3A1/SF3B2/SF3A3/LENG1/POLR2A/RBM8A/USP39/PRPF6/PPP1R8/GTF2F1/DHX8/PRPF18/SMU1/SART1/PRPF8/SF3B3/DHX9/ISY1/RBM42/PCBP1/SRSF8/PDCD7","REACTOME"
"REACTOME_MYD88_INDEPENDENT_TLR4_CASCADE","REACTOME_MYD88_INDEPENDENT_TLR4_CASCADE",106,0.337653615980621,1.2965229181486,0.0376356152909414,0.232200341613202,0.198562384979959,2267,"tags=26%, list=15%, signal=23%","NLRC5/ALPK1/RIPK3/DUSP6/FOS/CASP8/JUN/MAPK11/IKBKE/NOD1/UBE2V1/TRAF2/RPS6KA5/S100A12/TICAM1/IRF3/IRF7/NOD2/MEF2C/BIRC3/USP18/IKBKB/AGER/TLR4/NFKBIA/TANK/MAPKAPK3/NFKB2","REACTOME"
"REACTOME_SELENOAMINO_ACID_METABOLISM","REACTOME_SELENOAMINO_ACID_METABOLISM",112,-0.389821643960707,-1.36508356884961,0.0380116959064327,0.233107870076798,0.199338443339378,4525,"tags=53%, list=31%, signal=37%","AHCY/RPS25/RPS16/RPL38/RPS19/RPS18/FAU/RPS21/UBA52/NNMT/RPS27A/RPL10A/RPL23A/RPL35A/RPL18A/RPLP1/RPS12/RPL22/RPL11/RPS6/RPL35/RPS4X/RPS15/RPS24/RPL27A/RPSA/RPS8/SARS1/RPL31/RPS27/RPL36AL/RPL18/RPL15/RPL13A/RPL5/DARS1/RPS9/RPL7/RPL19/RPLP2/EEFSEC/RPL14/RPL4/RPS3/RPL10/RPS14/RPS23/PAPSS1/RPL13/EPRS1/RPL9/RPL7A/RPL6/RPLP0/CTH/TXNRD1/RPS2/RPL3/SEPHS2","REACTOME"
"REACTOME_RHOBTB1_GTPASE_CYCLE","REACTOME_RHOBTB1_GTPASE_CYCLE",23,-0.564111498858689,-1.48796350226028,0.0394062785037125,0.240213122854966,0.205414385897071,4382,"tags=61%, list=30%, signal=43%","STK38/ROCK2/RHOBTB1/COPS2/RNF20/COPS4/CUL3/HNRNPC/PDE5A/MYO6/SPEN/CCT7/DBN1/CPSF7","REACTOME"
"REACTOME_HOST_INTERACTIONS_OF_HIV_FACTORS","REACTOME_HOST_INTERACTIONS_OF_HIV_FACTORS",118,-0.387268648176801,-1.3628384557287,0.0397591244922203,0.24092136150643,0.206020024781116,3500,"tags=31%, list=24%, signal=23%","PPIA/AP1M1/ATP6V1H/PSMD13/PSMD2/PSMB5/NUP35/NUP205/NUP98/NUP133/SLC25A6/XPO1/ARF1/RANBP2/PSMD3/KPNA1/PSMB2/AP2M1/RANGAP1/NDC1/PSIP1/BTRC/POM121/RCC1/RAC1/NUP210/NUP160/LCK/NUP62/PACS1/AP2B1/NUP188/ELMO1/POM121C/CD247/FYN","REACTOME"
"REACTOME_SIGNALING_BY_ERBB2","REACTOME_SIGNALING_BY_ERBB2",42,-0.495485920990983,-1.48952405691822,0.0402368647031156,0.240998109732243,0.206085654791195,2658,"tags=31%, list=18%, signal=25%","SOS1/MATK/GRB2/SHC1/RNF41/ERBIN/STUB1/PIK3CA/DIAPH1/ERBB2/AKT3/PIK3R1/FYN","REACTOME"
"REACTOME_TGF_BETA_RECEPTOR_SIGNALING_ACTIVATES_SMADS","REACTOME_TGF_BETA_RECEPTOR_SIGNALING_ACTIVATES_SMADS",42,-0.494885526899284,-1.48771915912934,0.0407187375971963,0.240998109732243,0.206085654791195,3130,"tags=45%, list=21%, signal=36%","STRAP/PPP1CB/TGFB1/SMAD7/XPO1/UCHL5/SMAD4/SMURF2/ITGB1/SMAD2/STUB1/SMAD3/UBE2M/FURIN/TGFBR1/TGFBR2/ZFYVE9/TGFBR3/LTBP2","REACTOME"
"REACTOME_MAP2K_AND_MAPK_ACTIVATION","REACTOME_MAP2K_AND_MAPK_ACTIVATION",35,-0.498441889882972,-1.44308700994534,0.0403877221324717,0.240998109732243,0.206085654791195,2204,"tags=23%, list=15%, signal=19%","MAP2K2/RAP1B/TLN1/ARRB1/VCL/IQGAP1/MAPK1/MAP2K1","REACTOME"
"REACTOME_PARASITE_INFECTION","REACTOME_PARASITE_INFECTION",67,-0.437217702510591,-1.41348676064717,0.0406027138300318,0.240998109732243,0.206085654791195,2307,"tags=27%, list=16%, signal=23%","GRB2/WIPF2/IGHG2/NCKIPSD/CRK/NCK1/RAC1/VAV3/CYFIP2/WIPF1/WASL/MYH9/ELMO1/IGLV2-14/ABL1/MAPK1/CD247/FYN","REACTOME"
"REACTOME_SYNTHESIS_OF_ACTIVE_UBIQUITIN_ROLES_OF_E1_AND_E2_ENZYMES","REACTOME_SYNTHESIS_OF_ACTIVE_UBIQUITIN_ROLES_OF_E1_AND_E2_ENZYMES",29,-0.556515856244537,-1.54591618967228,0.0411603337290887,0.242203582290245,0.207116495247681,4112,"tags=66%, list=28%, signal=47%","UBA52/RPS27A/UBE2K/UBA1/CDC34/UBE2Q2/UBE2D1/UBE2D2/UBE2L3/USP5/USP9X/UBE2B/UBE2E3/UBE2W/UBE2Z/UBE2T/UBE2G1/USP7/UBE2H","REACTOME"
"REACTOME_RUNX2_REGULATES_OSTEOBLAST_DIFFERENTIATION","REACTOME_RUNX2_REGULATES_OSTEOBLAST_DIFFERENTIATION",18,-0.614705063000872,-1.53435813898764,0.0423986614768841,0.243982084812535,0.208637353055492,2283,"tags=44%, list=15%, signal=38%","CBFB/SATB2/GLI3/WWTR1/HEY2/MAF/ABL1/MAPK1","REACTOME"
"REACTOME_MISCELLANEOUS_TRANSPORT_AND_BINDING_EVENTS","REACTOME_MISCELLANEOUS_TRANSPORT_AND_BINDING_EVENTS",18,-0.61110958663309,-1.52538351235692,0.0434391065306992,0.243982084812535,0.208637353055492,2338,"tags=39%, list=16%, signal=33%","LRRC8A/NIPA2/NIPA1/NIPAL3/MAGT1/ADD1/ANKH","REACTOME"
"REACTOME_HIV_ELONGATION_ARREST_AND_RECOVERY","REACTOME_HIV_ELONGATION_ARREST_AND_RECOVERY",32,-0.533615388922989,-1.51651767589373,0.0446644710204812,0.243982084812535,0.208637353055492,1484,"tags=22%, list=10%, signal=20%","POLR2F/ELL/POLR2A/NELFB/GTF2F1/SUPT16H/CTDP1","REACTOME"
"REACTOME_RESPIRATORY_SYNCYTIAL_VIRUS_RSV_GENOME_REPLICATION_TRANSCRIPTION_AND_TRANSLATION","REACTOME_RESPIRATORY_SYNCYTIAL_VIRUS_RSV_GENOME_REPLICATION_TRANSCRIPTION_AND_TRANSLATION",17,-0.609132243177688,-1.50717320657359,0.0435540069686411,0.243982084812535,0.208637353055492,3221,"tags=59%, list=22%, signal=46%","HSP90AB1/SPCS3/SEC11C/CSNK2A2/PPP1CB/XPO1/SPCS2/CSNK2A1/HSPA8/FURIN","REACTOME"
"REACTOME_PURINERGIC_SIGNALING_IN_LEISHMANIASIS_INFECTION","REACTOME_PURINERGIC_SIGNALING_IN_LEISHMANIASIS_INFECTION",24,0.51495155080312,1.49147657236074,0.0448078325060007,0.243982084812535,0.208637353055492,1129,"tags=25%, list=8%, signal=23%","P2RX7/CASP1/P2RX4/PYCARD/IL1B/GSDMD","REACTOME"
"REACTOME_SIGNAL_TRANSDUCTION_BY_L1","REACTOME_SIGNAL_TRANSDUCTION_BY_L1",19,-0.586265191528599,-1.48861243939596,0.0432525951557093,0.243982084812535,0.208637353055492,3216,"tags=47%, list=22%, signal=37%","ITGA5/CSNK2A2/NCAM1/MAP2K2/ITGB1/CSNK2A1/RAC1/MAPK1/MAP2K1","REACTOME"
"REACTOME_TRANSLATION_OF_SARS_COV_1_STRUCTURAL_PROTEINS","REACTOME_TRANSLATION_OF_SARS_COV_1_STRUCTURAL_PROTEINS",28,-0.532916138745005,-1.47416057763202,0.0439622378030035,0.243982084812535,0.208637353055492,2772,"tags=50%, list=19%, signal=41%","UBE2I/ST3GAL3/ST3GAL4/MGAT1/CANX/PARP4/ST3GAL1/GSK3A/PARP8/GANAB/GSK3B/PRKCSH/ST3GAL2/ST6GAL1","REACTOME"
"REACTOME_INTERLEUKIN_10_SIGNALING","REACTOME_INTERLEUKIN_10_SIGNALING",31,0.473251718233774,1.45717298053136,0.0445911622325324,0.243982084812535,0.208637353055492,2696,"tags=39%, list=18%, signal=32%","TNF/IL10RB/FCER2/CXCL10/IL1B/TYK2/CD86/IL12A/TIMP1/ICAM1/CCR1/IL1RN","REACTOME"
"REACTOME_SIGNALING_BY_PTK6","REACTOME_SIGNALING_BY_PTK6",42,-0.477391547203618,-1.43512895927903,0.0432692307692308,0.243982084812535,0.208637353055492,1705,"tags=21%, list=12%, signal=19%","PXN/CRK/EPAS1/RAC1/ERBB2/ELMO1/ARHGAP35/NR3C1/CDKN1B","REACTOME"
"REACTOME_ACTIVATION_OF_APC_C_AND_APC_C_CDC20_MEDIATED_DEGRADATION_OF_MITOTIC_PROTEINS","REACTOME_ACTIVATION_OF_APC_C_AND_APC_C_CDC20_MEDIATED_DEGRADATION_OF_MITOTIC_PROTEINS",62,0.40256103696133,1.42743158050758,0.0444115447804179,0.243982084812535,0.208637353055492,2494,"tags=29%, list=17%, signal=24%","BUB1B/PSMA3/ANAPC15/CDK1/UBE2E1/ANAPC2/ANAPC4/CDC16/PSMC6/ANAPC7/CDC20/ANAPC5/PSMB3/PSMA5/PLK1/PSMA4/PSMB4/CCNA2","REACTOME"
"REACTOME_SUMOYLATION_OF_DNA_REPLICATION_PROTEINS","REACTOME_SUMOYLATION_OF_DNA_REPLICATION_PROTEINS",46,-0.464753517371783,-1.41979506750182,0.0447284345047923,0.243982084812535,0.208637353055492,3052,"tags=37%, list=21%, signal=29%","NUP35/NUP205/UBE2I/NUP98/NUP133/RANBP2/RANGAP1/NDC1/PIAS4/POM121/NUP210/NUP160/NUP62/TOP2B/NUP188/POM121C/INCENP","REACTOME"
"REACTOME_SUMOYLATION_OF_CHROMATIN_ORGANIZATION_PROTEINS","REACTOME_SUMOYLATION_OF_CHROMATIN_ORGANIZATION_PROTEINS",60,-0.446934520229011,-1.41919033623183,0.0442338072669826,0.243982084812535,0.208637353055492,3097,"tags=42%, list=21%, signal=33%","SATB1/NUP35/NUP205/UBE2I/L3MBTL2/NUP98/NUP133/BMI1/SUZ12/RNF2/RANBP2/SATB2/NDC1/PIAS1/CBX4/RING1/POM121/PHC2/NUP210/NUP160/HDAC4/NUP62/ZBED1/NUP188/POM121C","REACTOME"
"REACTOME_FORMATION_OF_THE_BETA_CATENIN_TCF_TRANSACTIVATING_COMPLEX","REACTOME_FORMATION_OF_THE_BETA_CATENIN_TCF_TRANSACTIVATING_COMPLEX",55,-0.448521319225049,-1.40602322638366,0.0445151033386327,0.243982084812535,0.208637353055492,2774,"tags=38%, list=19%, signal=31%","H2AC6/H3C10/RUVBL1/H2BC9/ASH2L/RBBP5/TLE1/H2AX/H2BC11/SMARCA4/TLE2/CDC73/EP300/CTNNB1/BCL9/LEF1/BCL9L/PYGO2/RUNX3/TLE4/CREBBP","REACTOME"
"REACTOME_AUTOPHAGY","REACTOME_AUTOPHAGY",142,-0.36627674116281,-1.31491427317893,0.0448179271708683,0.243982084812535,0.208637353055492,3269,"tags=30%, list=22%, signal=24%","PRKAA1/DYNC1I2/TOMM20/RRAGC/CSNK2A2/CHMP2B/UBE2D2/UBE2L3/LAMTOR1/PGAM5/LAMP2/CHMP4B/MTMR3/TUBB4A/TOMM5/TOMM70/CSNK2A1/PIK3R4/VPS37B/RB1CC1/EEF1A1/DYNC1H1/GABARAPL1/UBAP1/ATG13/EPAS1/NBR1/ARL13B/MVB12B/HSPA8/CHMP7/RRAGA/RPTOR/VCP/ATG4A/MFN2/PRKAG2/PEX5/PINK1/WIPI2/AMBRA1/DYNLL2/SQSTM1","REACTOME"
"REACTOME_RAS_PROCESSING","REACTOME_RAS_PROCESSING",23,-0.555949887123786,-1.46643552347289,0.0467445742904841,0.251937190646868,0.215440033776197,2620,"tags=39%, list=18%, signal=32%","BCL2L1/CALM1/PRKCQ/PDE6D/FNTB/ARL2/ABHD17C/ICMT/ABHD17B","REACTOME"
"REACTOME_REGULATION_OF_CDH1_POSTTRANSLATIONAL_PROCESSING_AND_TRAFFICKING_TO_PLASMA_MEMBRANE","REACTOME_REGULATION_OF_CDH1_POSTTRANSLATIONAL_PROCESSING_AND_TRAFFICKING_TO_PLASMA_MEMBRANE",30,-0.512666108449575,-1.43585971349446,0.0467741935483871,0.251937190646868,0.215440033776197,3221,"tags=47%, list=22%, signal=37%","SPCS3/SEC11C/CSNK2A2/SPCS2/DDOST/CSNK2A1/CANX/RPN1/CTNNB1/PIP5K1C/FURIN/GANAB/STT3A/PRKCSH","REACTOME"
"REACTOME_RHOF_GTPASE_CYCLE","REACTOME_RHOF_GTPASE_CYCLE",35,-0.489428250403818,-1.41699075618193,0.0484652665589661,0.259671796615934,0.222054157585955,3618,"tags=40%, list=24%, signal=30%","RAB7A/AKAP12/RHOF/SENP1/CAPZB/DIAPH2/ESYT1/ARHGAP5/STEAP3/VANGL1/TMPO/DIAPH1/PIK3R1/FAM169A","REACTOME"
"REACTOME_PLASMA_LIPOPROTEIN_CLEARANCE","REACTOME_PLASMA_LIPOPROTEIN_CLEARANCE",30,-0.532882870177795,-1.49248220759819,0.0487411549038947,0.259782699958978,0.222148994794824,2467,"tags=30%, list=17%, signal=25%","CLTC/AP2M1/LIPA/NCEH1/VLDLR/LDLRAP1/AP2B1/APOBR/NPC1","REACTOME"
"REACTOME_VITAMIN_B5_PANTOTHENATE_METABOLISM","REACTOME_VITAMIN_B5_PANTOTHENATE_METABOLISM",19,0.538123295038375,1.45316715948644,0.0514156397695045,0.265690970991653,0.227201357677693,3330,"tags=53%, list=23%, signal=41%","ENPP3/PPCDC/SLC25A16/ENPP1/SLC25A42/PPCS/SLC5A6/PDZD11/NUDT8/COASY","REACTOME"
"REACTOME_REGULATION_OF_MECP2_EXPRESSION_AND_ACTIVITY","REACTOME_REGULATION_OF_MECP2_EXPRESSION_AND_ACTIVITY",28,-0.525280165541883,-1.45303783457829,0.0512582997339394,0.265690970991653,0.227201357677693,3197,"tags=57%, list=22%, signal=45%","LBR/TNRC6A/NCOR2/AGO1/HTT/CREB1/CALM1/GPS2/AGO4/NCOR1/AGO2/HIPK2/TBL1X/TNRC6B/SIN3A/TNRC6C","REACTOME"
"REACTOME_DEADENYLATION_OF_MRNA","REACTOME_DEADENYLATION_OF_MRNA",25,-0.532259596550722,-1.44132944344337,0.0505709624796085,0.265690970991653,0.227201357677693,2095,"tags=32%, list=14%, signal=28%","CNOT8/PAIP1/TNKS1BP1/EIF4G1/CNOT4/CNOT6/CNOT6L/EIF4B","REACTOME"
"REACTOME_TRANSCRIPTIONAL_ACTIVATION_OF_MITOCHONDRIAL_BIOGENESIS","REACTOME_TRANSCRIPTIONAL_ACTIVATION_OF_MITOCHONDRIAL_BIOGENESIS",51,-0.452530442295596,-1.40091147826597,0.0513643659711075,0.265690970991653,0.227201357677693,2493,"tags=27%, list=17%, signal=23%","CREB1/NCOA2/CALM1/GABPA/MED1/NCOR1/NCOA6/HELZ2/TBL1X/NCOA1/HCFC1/NRF1/CREBBP/MEF2D","REACTOME"
"REACTOME_SUMOYLATION_OF_RNA_BINDING_PROTEINS","REACTOME_SUMOYLATION_OF_RNA_BINDING_PROTEINS",46,-0.457556307825102,-1.3978080093469,0.0511182108626198,0.265690970991653,0.227201357677693,3052,"tags=43%, list=21%, signal=35%","CBX8/NUP35/NUP205/HNRNPC/UBE2I/NUP98/NUP133/BMI1/RNF2/RANBP2/NDC1/CBX4/RING1/POM121/PHC2/NUP210/NUP160/NUP62/NUP188/POM121C","REACTOME"
"REACTOME_APC_C_CDH1_MEDIATED_DEGRADATION_OF_CDC20_AND_OTHER_APC_C_CDH1_TARGETED_PROTEINS_IN_LATE_MITOSIS_EARLY_G1","REACTOME_APC_C_CDH1_MEDIATED_DEGRADATION_OF_CDC20_AND_OTHER_APC_C_CDH1_TARGETED_PROTEINS_IN_LATE_MITOSIS_EARLY_G1",60,0.385153879622069,1.35765513237379,0.0501156289757643,0.265690970991653,0.227201357677693,2411,"tags=27%, list=16%, signal=22%","PSMA3/ANAPC15/UBE2E1/ANAPC2/ANAPC4/CDC16/PSMC6/ANAPC7/AURKB/CDC20/ANAPC5/PSMB3/PSMA5/PLK1/PSMA4/PSMB4","REACTOME"
"REACTOME_APC_CDC20_MEDIATED_DEGRADATION_OF_NEK2A","REACTOME_APC_CDC20_MEDIATED_DEGRADATION_OF_NEK2A",25,0.503552852665355,1.44289940907122,0.0521768425565134,0.265775316455696,0.227273484343771,2016,"tags=36%, list=14%, signal=31%","BUB1B/ANAPC15/UBE2E1/ANAPC2/ANAPC4/CDC16/ANAPC7/CDC20/ANAPC5","REACTOME"
"REACTOME_TBC_RABGAPS","REACTOME_TBC_RABGAPS",43,-0.464882172142756,-1.41124010162956,0.0522151898734177,0.265775316455696,0.227273484343771,1223,"tags=44%, list=8%, signal=41%","GGA1/RAB33A/OPTN/TBC1D10A/RAB7A/RAB11A/RAB6B/RAB5A/GGA2/ARF6/RAB6A/RAB35/TBC1D15/TBC1D10B/TBC1D17/RAB5B/TBC1D14/TBC1D25/TBC1D13","REACTOME"
"REACTOME_PLATELET_ACTIVATION_SIGNALING_AND_AGGREGATION","REACTOME_PLATELET_ACTIVATION_SIGNALING_AND_AGGREGATION",206,-0.340150999279215,-1.26914576237919,0.0518417462482947,0.265775316455696,0.227273484343771,2862,"tags=28%, list=19%, signal=23%","MANF/TGFB1/ITPR2/GNAI2/APBB1IP/SOS1/LAMP2/P2RY12/SOD1/TRPC3/YWHAZ/GNA13/CALM1/GRB2/GNAI3/CHID1/FLNA/CALU/PRKCQ/RAP1B/SHC1/PDPK1/BRPF3/GNB1/TBXA2R/TAGLN2/GNG2/MAGED2/ACTN4/QSOX1/TLN1/SERPINE1/ABHD12/CRK/PDGFB/PIK3CA/VEGFB/CYB5R1/PRKCB/PIK3R3/ENDOD1/RASGRP1/RAC1/VAV3/LCK/PRKCH/APLP2/GNA12/GP5/DGKK/ARRB1/PIK3R1/PRKCZ/VCL/MAPK1/FYN/F2R","REACTOME"
"REACTOME_ABERRANT_REGULATION_OF_MITOTIC_EXIT_IN_CANCER_DUE_TO_RB1_DEFECTS","REACTOME_ABERRANT_REGULATION_OF_MITOTIC_EXIT_IN_CANCER_DUE_TO_RB1_DEFECTS",19,0.533269069831568,1.44005863822314,0.0535431504259903,0.268775142954414,0.229838737693414,2016,"tags=37%, list=14%, signal=32%","ANAPC15/UBE2E1/ANAPC2/ANAPC4/CDC16/ANAPC7/ANAPC5","REACTOME"
"REACTOME_NR1H3_NR1H2_REGULATE_GENE_EXPRESSION_LINKED_TO_CHOLESTEROL_TRANSPORT_AND_EFFLUX","REACTOME_NR1H3_NR1H2_REGULATE_GENE_EXPRESSION_LINKED_TO_CHOLESTEROL_TRANSPORT_AND_EFFLUX",31,-0.507282194706558,-1.432049261592,0.0531400966183575,0.268775142954414,0.229838737693414,1486,"tags=55%, list=10%, signal=49%","TNRC6A/NCOR2/AGO1/ABCG1/GPS2/AGO4/EP300/KDM4A/NCOR1/AGO2/TBL1X/NCOA1/KDM1A/ARL4C/TNRC6B/TNRC6C/KDM3A","REACTOME"
"REACTOME_PHOSPHOLIPID_METABOLISM","REACTOME_PHOSPHOLIPID_METABOLISM",175,-0.349584305155267,-1.27793341916631,0.0535966149506347,0.268775142954414,0.229838737693414,3508,"tags=29%, list=24%, signal=22%","MIGA1/ARF3/PLAAT3/PLEKHA3/PLD3/CRLS1/CSNK2A2/SYNJ1/PCYT2/PIP4K2B/GPAT2/PLEKHA8/RAB5A/GDE1/STARD10/OSBPL8/PTEN/ARF1/MTMR3/CPNE3/SLC44A2/SBF1/AGPAT4/CSNK2A1/PIK3R4/LCLAT1/PIP5K1A/MTMR6/PLEKHA4/HADHA/RUFY1/MTMR8/INPP5K/PIK3CA/ETNK2/PIK3R3/GPD2/PGP/CDIPT/CDS2/PIP5K1C/STARD7/PI4K2A/INPP5D/LPCAT1/TNFAIP8/PIK3R1/ABHD4/PIP4K2A/PLEKHA1/PLEKHA2","REACTOME"
"REACTOME_TRANSCRIPTION_OF_E2F_TARGETS_UNDER_NEGATIVE_CONTROL_BY_DREAM_COMPLEX","REACTOME_TRANSCRIPTION_OF_E2F_TARGETS_UNDER_NEGATIVE_CONTROL_BY_DREAM_COMPLEX",19,-0.579651108387098,-1.47181832202057,0.055363321799308,0.275415867911694,0.235517446761422,2176,"tags=26%, list=15%, signal=22%","RBL2/RBBP4/LIN54/TFDP2/MAX","REACTOME"
"REACTOME_NR1H2_AND_NR1H3_MEDIATED_SIGNALING","REACTOME_NR1H2_AND_NR1H3_MEDIATED_SIGNALING",38,-0.480154879711134,-1.41824954565433,0.0557324840764331,0.275415867911694,0.235517446761422,1486,"tags=45%, list=10%, signal=40%","TNRC6A/NCOR2/AGO1/ABCG1/GPS2/AGO4/EP300/KDM4A/NCOR1/AGO2/TBL1X/NCOA1/KDM1A/ARL4C/TNRC6B/TNRC6C/KDM3A","REACTOME"
"REACTOME_SIGNALING_BY_NTRKS","REACTOME_SIGNALING_BY_NTRKS",109,-0.378391118833852,-1.31921188588249,0.0555555555555556,0.275415867911694,0.235517446761422,2712,"tags=34%, list=18%, signal=28%","CHD4/SOS1/PPP2R1A/CREB1/CLTC/GRB2/ATF1/TCF12/MAP2K2/REST/MAP2K5/PPP2R5D/SHC1/AP2M1/CRKL/CRK/ID2/EP300/DUSP7/PIK3CA/MAPKAPK2/KIDINS220/FRS2/RAC1/FURIN/NELFB/RAPGEF1/PTPRS/AP2B1/ELK1/PIK3R1/PCSK5/MEF2D/NAB2/MAPK1/MAP2K1/FYN","REACTOME"
"REACTOME_RHOBTB_GTPASE_CYCLE","REACTOME_RHOBTB_GTPASE_CYCLE",35,-0.478653607703616,-1.38579605278107,0.0565428109854604,0.27673356530384,0.236644254478622,4762,"tags=57%, list=32%, signal=39%","GPS1/PHIP/STK38/ROCK2/HSP90AB1/RHOBTB1/MSI2/COPS2/CCT6A/RNF20/COPS4/CUL3/HNRNPC/PDE5A/MYO6/SPEN/TMOD3/CCT7/DBN1/CPSF7","REACTOME"
"REACTOME_NUCLEAR_EVENTS_MEDIATED_BY_NFE2L2","REACTOME_NUCLEAR_EVENTS_MEDIATED_BY_NFE2L2",80,-0.4026632168239,-1.34011411699182,0.0564024390243902,0.27673356530384,0.236644254478622,1722,"tags=22%, list=12%, signal=20%","PSMD3/PSMB2/TXNRD1/EP300/BTRC/GCLC/RELA/SP1/GCLM/KEAP1/ABCF2/NFE2L2/GSK3B/BCL2/SRXN1/CHD6/CREBBP/SQSTM1","REACTOME"
"REACTOME_REGULATION_OF_INSULIN_LIKE_GROWTH_FACTOR_IGF_TRANSPORT_AND_UPTAKE_BY_INSULIN_LIKE_GROWTH_FACTOR_BINDING_PROTEINS_IGFBPS","REACTOME_REGULATION_OF_INSULIN_LIKE_GROWTH_FACTOR_IGF_TRANSPORT_AND_UPTAKE_BY_INSULIN_LIKE_GROWTH_FACTOR_BINDING_PROTEINS_IGFBPS",67,-0.418659457014799,-1.35348956895408,0.0570987654320988,0.278117431626204,0.237827645491542,2211,"tags=21%, list=15%, signal=18%","CALU/PROC/GZMH/QSOX1/DNAJC3/ADAM10/IGFBP3/MIA3/APLP2/P4HB/PRKCSH/PRSS23/MGAT4A/WFS1","REACTOME"
"REACTOME_INTERACTIONS_OF_VPR_WITH_HOST_CELLULAR_PROTEINS","REACTOME_INTERACTIONS_OF_VPR_WITH_HOST_CELLULAR_PROTEINS",37,-0.471618783627218,-1.38640316916616,0.0594855305466238,0.28430173754208,0.243116055162134,3052,"tags=41%, list=21%, signal=32%","NUP35/NUP205/NUP98/NUP133/SLC25A6/RANBP2/KPNA1/NDC1/PSIP1/POM121/NUP210/NUP160/NUP62/NUP188/POM121C","REACTOME"
"REACTOME_RHOD_GTPASE_CYCLE","REACTOME_RHOD_GTPASE_CYCLE",45,-0.453261645419518,-1.37710509331178,0.0592948717948718,0.28430173754208,0.243116055162134,3618,"tags=49%, list=24%, signal=37%","RAB7A/GOLGA8R/AKAP12/PAK6/LBR/CAPZB/DIAPH2/ESYT1/PLXNA1/ARHGAP5/STEAP3/VAPB/LEMD3/DBN1/LMAN1/VANGL1/TMPO/EFHD2/DIAPH1/PIK3R1/ARHGAP26/ARHGAP35","REACTOME"
"REACTOME_DISEASES_OF_PROGRAMMED_CELL_DEATH","REACTOME_DISEASES_OF_PROGRAMMED_CELL_DEATH",65,0.373135192072119,1.34030416440158,0.0587419213593274,0.28430173754208,0.243116055162134,1269,"tags=15%, list=9%, signal=14%","EZH2/RIPK3/H4C3/CASP8/JUN/H3C1/YWHAE/TRAF2/MLKL/H2BC5","REACTOME"
"REACTOME_MITF_M_REGULATED_MELANOCYTE_DEVELOPMENT","REACTOME_MITF_M_REGULATED_MELANOCYTE_DEVELOPMENT",127,-0.370951961337173,-1.31431651197737,0.0591630591630592,0.28430173754208,0.243116055162134,2961,"tags=31%, list=20%, signal=25%","AGO1/DPF2/DARS1/UBE2I/BCL7C/XPO1/ATP6V1D/CREB1/YWHAZ/ATP6AP2/SMARCD1/SMARCB1/AGO4/EPRS1/SIRT1/SMARCC2/SMARCD2/SYTL2/PXN/SMARCA4/SERPINE1/MCM5/EP300/AGO2/SMARCC1/SMARCA2/CTNNB1/LEF1/GSK3B/ARID1A/RAB27A/DIAPH1/BCL2/AKT3/CREBBP/ARID1B/TNRC6B/SIN3A/MAPK1/TNRC6C","REACTOME"
"REACTOME_REGULATION_OF_TP53_EXPRESSION_AND_DEGRADATION","REACTOME_REGULATION_OF_TP53_EXPRESSION_AND_DEGRADATION",35,-0.505393082951957,-1.46321207692923,0.061021513850628,0.285748053598074,0.24435284905967,2532,"tags=29%, list=17%, signal=24%","PPP2R1A/CCNG1/PDPK1/PRR5/PRDM1/MAPKAP1/USP7/AKT3/PPP2R5C/PHF20","REACTOME"
"REACTOME_PLATELET_AGGREGATION_PLUG_FORMATION","REACTOME_PLATELET_AGGREGATION_PLUG_FORMATION",27,-0.514578093449632,-1.41337429480134,0.0611916264090177,0.285748053598074,0.24435284905967,3344,"tags=44%, list=23%, signal=34%","CSK/PTPN1/APBB1IP/SOS1/GRB2/RAP1B/SHC1/PDPK1/TLN1/CRK/RASGRP1/GP5","REACTOME"
"REACTOME_POSTMITOTIC_NUCLEAR_PORE_COMPLEX_NPC_REFORMATION","REACTOME_POSTMITOTIC_NUCLEAR_PORE_COMPLEX_NPC_REFORMATION",27,-0.514222433116519,-1.41239741455926,0.0611916264090177,0.285748053598074,0.24435284905967,3052,"tags=52%, list=21%, signal=41%","NUP35/NUP205/TNPO1/UBE2I/NUP98/NUP133/RANGAP1/NDC1/AHCTF1/POM121/RCC1/NUP160/NUP62/NUP188","REACTOME"
"REACTOME_REGULATION_OF_INSULIN_SECRETION","REACTOME_REGULATION_OF_INSULIN_SECRETION",51,-0.439729882904196,-1.36128441916986,0.0609951845906902,0.285748053598074,0.24435284905967,1882,"tags=22%, list=13%, signal=19%","GNB1/GNG2/AHCYL1/PRKAR2A/PRKACB/PRKAR1A/IQGAP1/SLC2A1/PLCB1/AKAP5/CACNA2D2","REACTOME"
"REACTOME_GOLGI_TO_ER_RETROGRADE_TRANSPORT","REACTOME_GOLGI_TO_ER_RETROGRADE_TRANSPORT",117,-0.373456977074118,-1.3083093949264,0.0602055800293686,0.285748053598074,0.24435284905967,3720,"tags=38%, list=25%, signal=28%","KLC4/NSF/ACTR10/GBF1/ARF3/NAPA/KIF5B/ZW10/RAB6B/TMED2/DYNC1I2/COPE/TMED7/CAPZB/DCTN4/SURF4/KIF18A/ARCN1/ARF4/DCTN6/ARF1/TUBB4A/COPG1/RAB18/NBAS/KIF13B/RAB6A/COPA/TMED9/COPG2/DYNC1H1/PAFAH1B2/BICD2/ACTR1A/PAFAH1B1/KIF2A/KIF1C/GALNT2/DCTN1/TMED10/KIF3C/COPZ2/ARFGAP3/DYNLL2","REACTOME"
"REACTOME_SUMOYLATION_OF_UBIQUITINYLATION_PROTEINS","REACTOME_SUMOYLATION_OF_UBIQUITINYLATION_PROTEINS",39,-0.471406524395333,-1.39966155926921,0.0619047619047619,0.286062195578868,0.244621482518586,3052,"tags=41%, list=21%, signal=33%","NUP35/NUP205/UBE2I/NUP98/VHL/NUP133/RANBP2/NDC1/PIAS1/PIAS4/POM121/NUP210/NUP160/NUP62/NUP188/POM121C","REACTOME"
"REACTOME_VIRAL_MESSENGER_RNA_SYNTHESIS","REACTOME_VIRAL_MESSENGER_RNA_SYNTHESIS",44,-0.453633052848006,-1.37818228787034,0.0621019108280255,0.286062195578868,0.244621482518586,3052,"tags=36%, list=21%, signal=29%","NUP35/NUP205/POLR2B/NUP98/NUP133/RANBP2/NDC1/POLR2F/POM121/NUP210/NUP160/POLR2A/NUP62/GTF2F1/NUP188/POM121C","REACTOME"
"REACTOME_REGULATION_OF_ENDOGENOUS_RETROELEMENTS_BY_PIWI_INTERACTING_RNAS_PIRNAS","REACTOME_REGULATION_OF_ENDOGENOUS_RETROELEMENTS_BY_PIWI_INTERACTING_RNAS_PIRNAS",61,-0.428493724793441,-1.36188249668617,0.0618066561014263,0.286062195578868,0.244621482518586,3584,"tags=41%, list=24%, signal=31%","HDAC1/H2AZ2/MBD3/RBBP7/DPF2/MTA3/H2AC6/H3C10/CHD4/H2BC9/BCL7C/SMARCD1/SMARCB1/SMARCC2/H2AX/SMARCD2/H2BC11/SMARCA4/RBBP4/SMARCC1/GATAD2A/SMARCA2/ARID1A/ARID1B/GATAD2B","REACTOME"
"REACTOME_SIGNALING_BY_RECEPTOR_TYROSINE_KINASES","REACTOME_SIGNALING_BY_RECEPTOR_TYROSINE_KINASES",406,-0.305455792424091,-1.21602625843959,0.0625766871165644,0.286950754435417,0.245381319323844,2658,"tags=25%, list=18%, signal=21%","SOS1/ATP6AP1/WWOX/WASF2/MATK/PPP2R1A/ATP6V1D/CREB1/ADAM12/FLT3/CLTC/TAB2/PTPRJ/CALM1/GRB2/ATF1/TCF12/ARF6/MAP2K2/REST/MAP2K5/RAP1B/PPP2R5D/ITGB1/SHC1/AP2M1/RBFOX2/PDPK1/RNF41/PIK3R4/ERBIN/STAM/LAMA2/STUB1/HNRNPF/PXN/ESRP2/CRKL/CRK/FGFBP3/PTBP1/ID2/EP300/POLR2F/PDGFB/DUSP7/PIK3CA/VEGFB/NCOR1/PRKCB/PIK3R3/NCK1/PRR5/ARHGEF7/AHCYL1/HNRNPM/ADAM10/PRDM1/MAPKAPK2/KIDINS220/FRS2/RAC1/CTNNB1/MAPKAP1/FURIN/SH3KBP1/PDE3B/VAV3/CYFIP2/PRKACB/POLR2A/NELFB/LCK/LRIG1/RAPGEF1/NCK2/DIAPH1/PTPRS/GTF2F1/AP2B1/ERBB2/AKT3/PDGFD/ELK1/PIK3R1/PRKCZ/NEDD4/FGFBP2/ELMO1/PCSK5/MEF2D/SIN3A/NAB2/MAPK1/TGFBR3/MAP2K1/SH2D2A/IGF1R/MXD4/FYN","REACTOME"
"REACTOME_SIGNALING_BY_FGFR2","REACTOME_SIGNALING_BY_FGFR2",56,-0.436179668997546,-1.37459012771611,0.062992125984252,0.287560467497617,0.245902705635952,2834,"tags=34%, list=19%, signal=28%","POLR2B/SOS1/PPP2R1A/GRB2/SHC1/RBFOX2/HNRNPF/ESRP2/FGFBP3/PTBP1/POLR2F/PIK3CA/HNRNPM/FRS2/POLR2A/GTF2F1/PIK3R1/FGFBP2/MAPK1","REACTOME"
"REACTOME_SARS_COV_2_MODULATES_HOST_TRANSLATION_MACHINERY","REACTOME_SARS_COV_2_MODULATES_HOST_TRANSLATION_MACHINERY",50,-0.441194531571222,-1.35754803162633,0.0636215334420881,0.289137147518061,0.247250978179544,4518,"tags=50%, list=31%, signal=35%","RPS25/RPS16/RPS19/RPS18/FAU/RPS21/RPS27A/RPS12/RPS6/RPS4X/RPS15/RPS24/RPSA/RPS8/DDX20/RPS27/RPS9/RPS3/RPS14/SNRPD3/GEMIN2/RPS23/RPS2/GEMIN5/GEMIN4","REACTOME"
"REACTOME_ONCOGENE_INDUCED_SENESCENCE","REACTOME_ONCOGENE_INDUCED_SENESCENCE",32,-0.493672491386568,-1.40300125302097,0.0649350649350649,0.293795093795094,0.251234145970988,1131,"tags=25%, list=8%, signal=23%","CDKN2C/SP1/ETS1/CDKN2D/TFDP2/TNRC6B/MAPK1/TNRC6C","REACTOME"
"REACTOME_SIGNALING_BY_NTRK2_TRKB","REACTOME_SIGNALING_BY_NTRK2_TRKB",20,-0.558624786222195,-1.42754032659158,0.0674740484429066,0.30162750174602,0.257931903571459,2658,"tags=40%, list=18%, signal=33%","SOS1/GRB2/SHC1/PIK3CA/FRS2/RAC1/PIK3R1/FYN","REACTOME"
"REACTOME_GPVI_MEDIATED_ACTIVATION_CASCADE","REACTOME_GPVI_MEDIATED_ACTIVATION_CASCADE",31,-0.496502372694067,-1.40161800200086,0.0676328502415459,0.30162750174602,0.257931903571459,1407,"tags=29%, list=10%, signal=26%","PDPK1/PIK3CA/PIK3R3/RAC1/VAV3/LCK/PIK3R1/PRKCZ/FYN","REACTOME"
"REACTOME_CYTOPROTECTION_BY_HMOX1","REACTOME_CYTOPROTECTION_BY_HMOX1",51,-0.438151657779635,-1.3563986623552,0.0674157303370786,0.30162750174602,0.257931903571459,3057,"tags=35%, list=21%, signal=28%","NCOR2/STAT3/TGS1/NCOA2/MT-CO2/MED1/MT-CO3/TXNIP/NCOR1/NCOA6/HELZ2/TBL1X/NFE2L2/MT-CO1/NCOA1/HMOX2/CREBBP/SIN3A","REACTOME"
"REACTOME_SUMOYLATION_OF_SUMOYLATION_PROTEINS","REACTOME_SUMOYLATION_OF_SUMOYLATION_PROTEINS",35,-0.465817793211266,-1.34863385286981,0.0678513731825525,0.30162750174602,0.257931903571459,3052,"tags=40%, list=21%, signal=32%","NUP35/NUP205/UBE2I/NUP98/NUP133/RANBP2/NDC1/PIAS4/POM121/NUP210/NUP160/NUP62/NUP188/POM121C","REACTOME"
"REACTOME_IKK_COMPLEX_RECRUITMENT_MEDIATED_BY_RIP1","REACTOME_IKK_COMPLEX_RECRUITMENT_MEDIATED_BY_RIP1",22,0.508419611621557,1.43003594936567,0.0682926829268293,0.302269353128314,0.258480772450745,1906,"tags=27%, list=13%, signal=24%","RIPK3/UBE2V1/TICAM1/BIRC3/IKBKB/TLR4","REACTOME"
"REACTOME_HDMS_DEMETHYLATE_HISTONES","REACTOME_HDMS_DEMETHYLATE_HISTONES",29,-0.533361797168649,-1.48159774415019,0.0698476661891115,0.302574145449002,0.258741410698299,769,"tags=38%, list=5%, signal=36%","KDM6B/KDM7A/H3C10/KDM4B/KDM4A/PHF2/KDM5A/KDM1A/ARID5B/KDM3A/KDM2B","REACTOME"
"REACTOME_SIGNALING_BY_TYPE_1_INSULIN_LIKE_GROWTH_FACTOR_1_RECEPTOR_IGF1R","REACTOME_SIGNALING_BY_TYPE_1_INSULIN_LIKE_GROWTH_FACTOR_1_RECEPTOR_IGF1R",29,-0.532560993497119,-1.47937323365929,0.0698476661891115,0.302574145449002,0.258741410698299,2658,"tags=38%, list=18%, signal=31%","SOS1/FLT3/GRB2/SHC1/PDPK1/PIK3R4/PIK3CA/FRS2/PDE3B/PIK3R1/IGF1R","REACTOME"
"REACTOME_COMPLEMENT_CASCADE","REACTOME_COMPLEMENT_CASCADE",38,0.437221712579797,1.40699020333506,0.0687411256365986,0.302574145449002,0.258741410698299,2478,"tags=39%, list=17%, signal=33%","C2/SERPING1/IGKV4-1/C1QB/IGHV4-39/C5AR2/C8G/CFD/IGKV3-20/C1QA/IGLV2-11/CR1/IGLC3/CD46/C3","REACTOME"
"REACTOME_CARGO_CONCENTRATION_IN_THE_ER","REACTOME_CARGO_CONCENTRATION_IN_THE_ER",30,-0.495698267244867,-1.3883366976187,0.0693548387096774,0.302574145449002,0.258741410698299,1488,"tags=30%, list=10%, signal=27%","SEC24B/LMAN2L/LMAN1/LMAN2/MIA3/SEC24D/CD59/TMED10/CNIH3","REACTOME"
"REACTOME_METABOLISM_OF_VITAMINS_AND_COFACTORS","REACTOME_METABOLISM_OF_VITAMINS_AND_COFACTORS",155,0.296331745745087,1.20211001139884,0.0697484252731399,0.302574145449002,0.258741410698299,2307,"tags=23%, list=16%, signal=19%","ENPP3/SDC3/PPCDC/GCH1/SLC25A16/PARP14/TCN2/COQ6/NADSYN1/GSTO1/LRP8/CD38/APOM/PARP9/MTHFD1L/PTS/ACP5/ENPP1/PARP6/COQ9/MCCC1/MTHFD2L/NOS3/NAXD/MTHFD1/MTHFS/SLC25A42/GCHFR/PPCS/SLC46A1/RETSAT/SLC5A6/QPRT/NAMPT/CUBN","REACTOME"
"REACTOME_UB_SPECIFIC_PROCESSING_PROTEASES","REACTOME_UB_SPECIFIC_PROCESSING_PROTEASES",156,-0.349419960223781,-1.26501924591375,0.0704225352112676,0.303771783241824,0.259765551381438,2774,"tags=27%, list=19%, signal=22%","H2AC6/USP14/SMAD7/USP5/RUVBL1/H2BC9/CCP110/USP37/TRAF6/PTEN/WDR48/USP28/TNKS2/SMAD4/PSMD3/SMURF2/USP9X/PSMB2/FKBP8/TOMM70/MUL1/SMAD2/USP47/H2BC11/USP12/USP13/SMAD3/AXIN1/TGFBR1/MAT2B/TADA2B/KEAP1/USP42/USP7/WDR20/ARRB1/SIAH2/ADRB2/ATXN7/USP11/USP22/FOXO4","REACTOME"
"REACTOME_INTERACTIONS_OF_REV_WITH_HOST_CELLULAR_PROTEINS","REACTOME_INTERACTIONS_OF_REV_WITH_HOST_CELLULAR_PROTEINS",37,-0.466720902208228,-1.37200501846219,0.0723472668810289,0.307428412666775,0.262892459182528,3052,"tags=41%, list=21%, signal=32%","NUP35/NUP205/NUP98/NUP133/XPO1/RANBP2/RANGAP1/NDC1/POM121/RCC1/NUP210/NUP160/NUP62/NUP188/POM121C","REACTOME"
"REACTOME_TRANS_GOLGI_NETWORK_VESICLE_BUDDING","REACTOME_TRANS_GOLGI_NETWORK_VESICLE_BUDDING",68,-0.410447377177277,-1.33404543172298,0.0720858895705521,0.307428412666775,0.262892459182528,964,"tags=12%, list=7%, signal=11%","ACBD3/ARRB1/BLOC1S4/IGF2R/CPD/PUM1/TXNDC5/BLOC1S3","REACTOME"
"REACTOME_FCGAMMA_RECEPTOR_FCGR_DEPENDENT_PHAGOCYTOSIS","REACTOME_FCGAMMA_RECEPTOR_FCGR_DEPENDENT_PHAGOCYTOSIS",92,-0.383826942753044,-1.31747118822772,0.0727802037845706,0.307428412666775,0.262892459182528,1609,"tags=24%, list=11%, signal=21%","GRB2/WIPF2/IGHG2/NCKIPSD/CRK/NF2/PIK3CA/NCK1/AHCYL1/RAC1/VAV3/CYFIP2/WIPF1/WASL/MYH9/PIK3R1/ELMO1/IGLV2-14/ABL1/MAPK1/CD247/FYN","REACTOME"
"REACTOME_CLATHRIN_MEDIATED_ENDOCYTOSIS","REACTOME_CLATHRIN_MEDIATED_ENDOCYTOSIS",123,-0.36102328433362,-1.27299921247597,0.0725689404934688,0.307428412666775,0.262892459182528,3149,"tags=27%, list=21%, signal=21%","EPS15L1/COPS4/SYNJ1/SLC2A8/RAB5A/VAMP2/DAB2/CLTC/SYT11/GRB2/ARF6/TOR1B/AP2M1/FCHO2/PICALM/EPN2/STAM/AAK1/DVL2/AGFG1/HSPA8/PIP5K1C/SH3KBP1/FNBP1/PACSIN2/WASL/LDLRAP1/AP2B1/ARRB1/ADRB2/FZD4/RAB5B/IGF2R","REACTOME"
"REACTOME_REGULATION_OF_HOMOTYPIC_CELL_CELL_ADHESION","REACTOME_REGULATION_OF_HOMOTYPIC_CELL_CELL_ADHESION",160,-0.346068887099364,-1.25411312599492,0.0724431818181818,0.307428412666775,0.262892459182528,2221,"tags=32%, list=15%, signal=27%","PSMD13/PSMD2/RBBP7/PSMB5/SPCS3/SEC11C/RACK1/STRAP/CSNK2A2/TNRC6A/AGO1/H2AC6/H3C10/H2BC9/SUZ12/TCF12/PSMD3/AGO4/SPCS2/PSMB2/SIRT1/DDOST/TLE1/CSNK2A1/CTBP2/H2AX/H2BC11/CANX/RPN1/SMARCA4/TGIF2/RBBP4/AGO2/CTNNB1/PIP5K1C/FURIN/ZEB2/SP1/GANAB/FOXJ2/STT3A/ARID1A/CTBP1/AMOT/KDM1A/PRKCSH/VCL/TNRC6B/MAPK1/TNRC6C/FYN","REACTOME"
"REACTOME_INTERLEUKIN_6_FAMILY_SIGNALING","REACTOME_INTERLEUKIN_6_FAMILY_SIGNALING",19,0.525304677342397,1.4185513113387,0.0731132075471698,0.307558864805863,0.263004013229706,1681,"tags=32%, list=11%, signal=28%","STAT1/JAK2/IL31/TYK2/IL11RA/CRLF1","REACTOME"
"REACTOME_CDC42_GTPASE_CYCLE","REACTOME_CDC42_GTPASE_CYCLE",133,-0.358672359818172,-1.27394328774972,0.0738060781476122,0.309195833556663,0.264403840710744,2891,"tags=27%, list=20%, signal=22%","ARHGEF12/ARHGAP10/LAMTOR1/ARHGAP5/STOM/PREX1/ARHGAP31/DNMBP/ARHGAP42/GNA13/WIPF2/DOCK6/STEAP3/CDC42EP3/TAGAP/VANGL1/ARHGEF7/TMPO/DOCK11/FNBP1/VAV3/WIPF1/WASL/FGD3/IQGAP2/PIK3R1/CDC42SE2/IQGAP1/ARHGAP26/PARD6A/RALBP1/ARHGAP35/DAAM1/ARFGAP3/BCR/PLEKHG3","REACTOME"
"REACTOME_INITIAL_TRIGGERING_OF_COMPLEMENT","REACTOME_INITIAL_TRIGGERING_OF_COMPLEMENT",23,0.493051093457193,1.40260766823774,0.0744416873449131,0.30931280700866,0.264503868675588,2478,"tags=43%, list=17%, signal=36%","C2/IGKV4-1/C1QB/IGHV4-39/CFD/IGKV3-20/C1QA/IGLV2-11/IGLC3/C3","REACTOME"
"REACTOME_EGR2_AND_SOX10_MEDIATED_INITIATION_OF_SCHWANN_CELL_MYELINATION","REACTOME_EGR2_AND_SOX10_MEDIATED_INITIATION_OF_SCHWANN_CELL_MYELINATION",20,-0.545720619761809,-1.39456431396631,0.0743944636678201,0.30931280700866,0.264503868675588,2848,"tags=45%, list=19%, signal=36%","SCD5/PRX/LAMA2/SMARCA4/MBP/WWTR1/SREBF2/DAG1/NAB2","REACTOME"
"REACTOME_RHOG_GTPASE_CYCLE","REACTOME_RHOG_GTPASE_CYCLE",66,-0.415341845505878,-1.33213155613844,0.0757097791798107,0.313303069939217,0.26791607779933,3197,"tags=39%, list=22%, signal=31%","LBR/STX5/KALRN/RHOG/NDUFA5/MPP7/ESYT1/SHMT2/LAMTOR1/ARHGAP5/PREX1/ITGB1/ERBIN/VAPB/LEMD3/LMAN1/VANGL1/TMPO/LETM1/VAV3/IQGAP2/PIK3R1/GARRE1/ARHGAP35/ARFGAP3/PLEKHG3","REACTOME"
"REACTOME_TRANSMISSION_ACROSS_CHEMICAL_SYNAPSES","REACTOME_TRANSMISSION_ACROSS_CHEMICAL_SYNAPSES",149,-0.347467751675066,-1.25408439883853,0.0769230769230769,0.317035191529119,0.271107541510269,2493,"tags=23%, list=17%, signal=19%","CREB1/ARL6IP5/MYO6/TUBB4A/RAB3A/CALM1/PPFIA3/MAPT/GNAI3/AP2M1/PDPK1/ALDH5A1/GNB1/SLC38A1/GNG2/PRKCB/HSPA8/ARHGEF7/SLC38A2/RAC1/PRKAR2A/SLC1A7/PRKACB/SLC6A4/PRKAG2/AP2B1/PRKAR1A/GNAL/DNAJC5/MAPK1/PLCB1/AKAP5/NCALD/CACNA2D2","REACTOME"
"REACTOME_SIGNALING_BY_INTERLEUKINS","REACTOME_SIGNALING_BY_INTERLEUKINS",366,0.25461612779623,1.12997867520087,0.0778723917117293,0.31965360791347,0.27334663813922,2462,"tags=22%, list=17%, signal=19%","NLRC5/MUC1/JAK3/ALPK1/DUSP6/TNF/IL10RB/IL15/PSME2/IL3RA/STAT1/CASP1/FOS/FCER2/LCN2/JAK2/IRAK4/IFNG/MTAP/CASP8/GSTO1/JUN/IL31/CXCL10/STAT2/H3C1/PSMA3/MMP9/IL1B/MAPK11/PTPN6/STXBP2/INPPL1/NOD1/IL15RA/UBE2V1/TRAF2/IRAK3/RPS6KA5/GSDMD/ITGAX/S100A12/CCND1/PTPN20/TYK2/PTPN13/BIRC5/IL11RA/CISH/CDKN1A/NOD2/MEF2C/HGF/CD86/PSMC6/ALOX5/CRLF1/USP18/IKBKB/AGER/IL12A/VAV1/TIMP1/ICAM1/NFKBIA/PSMB3/HCK/MYD88/MAPKAPK3/IL1RL1/PSMA5/CSF1R/NFKB2/CD36/LGALS9/CNN2/MCL1/PSMA4/PSMB4/BCL6/CCR1","REACTOME"
"REACTOME_RESOLUTION_OF_D_LOOP_STRUCTURES","REACTOME_RESOLUTION_OF_D_LOOP_STRUCTURES",35,0.420352766826402,1.33664828589661,0.0783289817232376,0.320236559816289,0.273845140076591,2932,"tags=34%, list=20%, signal=28%","MUS81/RBBP8/RAD51D/RMI1/DNA2/FIRRM/RTEL1/EME2/MRE11/RAD51AP1/SLX4/SPIDR","REACTOME"
"REACTOME_ASSEMBLY_OF_COLLAGEN_FIBRILS_AND_OTHER_MULTIMERIC_STRUCTURES","REACTOME_ASSEMBLY_OF_COLLAGEN_FIBRILS_AND_OTHER_MULTIMERIC_STRUCTURES",33,0.451927673306493,1.41857869897018,0.0787337548205075,0.320603849629107,0.274159222048672,3687,"tags=42%, list=25%, signal=32%","COL7A1/MMP9/DST/CTSL/COL5A3/COL18A1/COL9A2/PCOLCE/CD151/LOXL3/CTSS/COL5A2/COL11A2/COL24A1","REACTOME"
"REACTOME_ION_CHANNEL_TRANSPORT","REACTOME_ION_CHANNEL_TRANSPORT",113,0.326095486492555,1.26291286498421,0.0791139240506329,0.320868425034041,0.274385469447991,1664,"tags=19%, list=11%, signal=17%","RIPK3/TCIRG1/BEST4/ATP6V0A2/ATP6V1G2/CLCN6/ANO9/BEST1/ATP6V0A1/ATP13A1/ATP8B3/SGK1/ASIC3/CLCN7/MLKL/MCOLN2/SCNN1D/TSC22D3/TTYH3/FXYD7/ATP9B","REACTOME"
"REACTOME_KERATAN_SULFATE_KERATIN_METABOLISM","REACTOME_KERATAN_SULFATE_KERATIN_METABOLISM",26,-0.50986634667023,-1.38951226295381,0.0795454545454545,0.321338383838384,0.274787347155768,2836,"tags=42%, list=19%, signal=34%","GNS/ST3GAL3/B4GALT5/ST3GAL4/B3GNT7/HEXB/ST3GAL1/B4GALT1/CHST2/B4GAT1/ST3GAL2","REACTOME"
"REACTOME_REGULATION_OF_ENDOGENOUS_RETROELEMENTS_BY_KRAB_ZFP_PROTEINS","REACTOME_REGULATION_OF_ENDOGENOUS_RETROELEMENTS_BY_KRAB_ZFP_PROTEINS",70,-0.403877386881013,-1.31952712352072,0.0801815431164902,0.321357523199161,0.274803713872099,2905,"tags=30%, list=20%, signal=24%","MTA3/ZNF765/H2AC6/UBE2I/H3C10/CHD4/H2BC9/ZNF136/ZNF425/ZNF264/H2AX/H2BC11/RBBP4/GATAD2A/ATF7IP/ZNF30/ZNF649/ZNF778/ZNF669/GATAD2B/TRIM28","REACTOME"
"REACTOME_BETA_CATENIN_INDEPENDENT_WNT_SIGNALING","REACTOME_BETA_CATENIN_INDEPENDENT_WNT_SIGNALING",113,-0.364982416437501,-1.28027457969562,0.0801749271137026,0.321357523199161,0.274803713872099,2187,"tags=27%, list=15%, signal=23%","ROR1/CLTC/CALM1/PSMD3/SMURF2/AGO4/PSMB2/AP2M1/GNB1/GNG2/DVL2/PPP3CA/PRKCB/AGO2/FZD3/RAC1/CTNNB1/PPP3R1/LEF1/FZD2/AP2B1/FZD5/GNAO1/FZD4/PARD6A/TNRC6B/DAAM1/PLCB1/TNRC6C/FZD8","REACTOME"
"REACTOME_DAP12_SIGNALING","REACTOME_DAP12_SIGNALING",27,-0.499815787318007,-1.37282716641787,0.0805152979066023,0.321429699093808,0.27486543392677,2658,"tags=33%, list=18%, signal=27%","SOS1/GRB2/SHC1/PIK3CA/RAC1/VAV3/LCK/PIK3R1/FYN","REACTOME"
"REACTOME_ACTIVATION_OF_IRF3_IRF7_MEDIATED_BY_TBK1_IKK_IKBKE","REACTOME_ACTIVATION_OF_IRF3_IRF7_MEDIATED_BY_TBK1_IKK_IKBKE",17,0.540557433497174,1.41585591325844,0.0817757009345794,0.322665362602333,0.275922091688687,2155,"tags=35%, list=15%, signal=30%","IKBKE/TICAM1/IRF3/IRF7/TLR4/TANK","REACTOME"
"REACTOME_CYCLIN_A_CDK2_ASSOCIATED_EVENTS_AT_S_PHASE_ENTRY","REACTOME_CYCLIN_A_CDK2_ASSOCIATED_EVENTS_AT_S_PHASE_ENTRY",74,-0.398414726885195,-1.30892373448219,0.0814132104454685,0.322665362602333,0.275922091688687,584,"tags=8%, list=4%, signal=8%","LIN54/TFDP2/AKT3/WEE1/MAX/CDKN1B","REACTOME"
"REACTOME_HCMV_INFECTION","REACTOME_HCMV_INFECTION",113,-0.364381501115978,-1.27816670661449,0.0816326530612245,0.322665362602333,0.275922091688687,3096,"tags=34%, list=21%, signal=27%","RBBP7/DYNC1I2/CHMP2B/NCOR2/NUP35/NUP205/H2AC6/H3C10/NUP98/H2BC9/NUP133/CHMP4B/CREB1/SUZ12/TUBB4A/GPS2/RANBP2/ITGB1/NDC1/H2BC11/VPS37B/DYNC1H1/RBBP4/UBAP1/NCOR1/MVB12B/CHMP7/POM121/NUP210/NUP160/TBL1X/NUP62/ELK1/NUP188/CBX1/DYNLL2/POM121C/TRIM28","REACTOME"
"REACTOME_HDR_THROUGH_HOMOLOGOUS_RECOMBINATION_HRR","REACTOME_HDR_THROUGH_HOMOLOGOUS_RECOMBINATION_HRR",68,0.357081561149402,1.28837019393972,0.0828571428571429,0.325670159955874,0.278491595784829,4310,"tags=41%, list=29%, signal=29%","MUS81/RBBP8/RAD51D/POLD4/ATRIP/RMI1/DNA2/FIRRM/RTEL1/EME2/MRE11/RAD9A/RAD9B/RAD51AP1/SLX4/RFC4/SPIDR/GEN1/RPA3/BARD1/POLK/RFC3/EXO1/POLE/TOPBP1/XRCC2/ATR/POLE2","REACTOME"
"REACTOME_TP53_REGULATES_TRANSCRIPTION_OF_CELL_CYCLE_GENES","REACTOME_TP53_REGULATES_TRANSCRIPTION_OF_CELL_CYCLE_GENES",46,-0.433358518485262,-1.32388516494663,0.0846645367412141,0.331494224625215,0.283471950951352,2176,"tags=20%, list=15%, signal=17%","RBL2/CNOT8/TNKS1BP1/EP300/CNOT4/CNOT6/TFDP2/CNOT6L/CDKN1B","REACTOME"
"REACTOME_TRANSFERRIN_ENDOCYTOSIS_AND_RECYCLING","REACTOME_TRANSFERRIN_ENDOCYTOSIS_AND_RECYCLING",27,0.48713828981581,1.43125988548597,0.0864503180855951,0.332310504668016,0.284169979692327,586,"tags=19%, list=4%, signal=18%","TCIRG1/ATP6V0A2/ATP6V1G2/TFRC/ATP6V0A1","REACTOME"
"REACTOME_CD209_DC_SIGN_SIGNALING","REACTOME_CD209_DC_SIGN_SIGNALING",18,-0.562763697291319,-1.40470790178685,0.0865051903114187,0.332310504668016,0.284169979692327,1486,"tags=28%, list=10%, signal=25%","EP300/RELA/PRKACB/CREBBP/FYN","REACTOME"
"REACTOME_POTENTIAL_THERAPEUTICS_FOR_SARS","REACTOME_POTENTIAL_THERAPEUTICS_FOR_SARS",98,-0.372330712519119,-1.29342484762931,0.0863309352517986,0.332310504668016,0.284169979692327,2905,"tags=35%, list=20%, signal=28%","MTA3/SIGMAR1/CHD4/SOS1/BRD4/PTGES3/ATP1B1/ITGA4/GRB2/REST/ITGB1/AP2M1/JAK1/RBBP4/IMPDH2/NCK1/RCOR1/GATAD2A/ATP1A3/FURIN/FNTB/SH3KBP1/S1PR1/KEAP1/ARID4B/IFNGR1/NFE2L2/AP2B1/KDM1A/SAP30L/FKBP4/IGLV2-14/GATAD2B/NR3C1","REACTOME"
"REACTOME_RESPIRATORY_SYNCYTIAL_VIRUS_INFECTION_PATHWAY","REACTOME_RESPIRATORY_SYNCYTIAL_VIRUS_INFECTION_PATHWAY",98,-0.371928122954201,-1.2920263077583,0.0863309352517986,0.332310504668016,0.284169979692327,3422,"tags=35%, list=23%, signal=27%","MED15/MED24/SPCS3/SEC11C/CSNK2A2/MED29/MED13L/PPP1CB/MED9/RAB5A/XPO1/BCAP31/MED25/CDK8/CDK19/MED13/TLR3/SPCS2/JAK1/CSNK2A1/MED1/EP300/HSPA8/MED12/MED4/HSPG2/FURIN/NCL/MED26/ARIH1/RAB5B/CREBBP/MED16/IGF1R","REACTOME"
"REACTOME_ADHERENS_JUNCTIONS_INTERACTIONS","REACTOME_ADHERENS_JUNCTIONS_INTERACTIONS",169,-0.335586498095017,-1.22461110490015,0.0864714086471409,0.332310504668016,0.284169979692327,2221,"tags=22%, list=15%, signal=19%","TCF12/PSMD3/AGO4/SPCS2/PSMB2/SIRT1/DDOST/TLE1/CSNK2A1/CTBP2/H2AX/H2BC11/CANX/RPN1/SMARCA4/TGIF2/RBBP4/AGO2/CTNNB1/PIP5K1C/FURIN/ZEB2/SP1/GANAB/FOXJ2/STT3A/ARID1A/CTBP1/AMOT/KDM1A/CADM1/PRKCSH/VCL/TNRC6B/MAPK1/TNRC6C/FYN","REACTOME"
"REACTOME_DDX58_IFIH1_MEDIATED_INDUCTION_OF_INTERFERON_ALPHA_BETA","REACTOME_DDX58_IFIH1_MEDIATED_INDUCTION_OF_INTERFERON_ALPHA_BETA",67,0.351350486196163,1.26519382107713,0.0875706214689266,0.33454351976464,0.286079506612922,2297,"tags=22%, list=16%, signal=19%","NLRC5/UBA7/CASP8/IKBKE/TRAF2/DHX58/S100A12/IRF3/IRF7/IKBKB/AGER/NFKBIA/TANK/NFKB2/ISG15","REACTOME"
"REACTOME_INTRA_GOLGI_AND_RETROGRADE_GOLGI_TO_ER_TRAFFIC","REACTOME_INTRA_GOLGI_AND_RETROGRADE_GOLGI_TO_ER_TRAFFIC",185,-0.332532439324607,-1.22125166735314,0.0877437325905292,0.33454351976464,0.286079506612922,3720,"tags=34%, list=25%, signal=26%","KLC4/STX6/NSF/ACTR10/GBF1/ARF3/NAPA/KIF5B/ZW10/RAB6B/TMED2/DYNC1I2/COPE/STX5/TMED7/CAPZB/SCOC/RAB41/DCTN4/SURF4/KIF18A/GOSR1/ARCN1/ARF4/DCTN6/COG2/ARF1/TUBB4A/COPG1/RAB18/NBAS/RAB9A/KIF13B/COG8/RAB6A/ARL1/COPA/CYTH1/TMED9/BET1L/COPG2/DYNC1H1/PAFAH1B2/GCC1/BICD2/RGP1/ACTR1A/PAFAH1B1/KIF2A/KIF1C/CYTH3/GALNT2/RAB30/DCTN1/TMED10/COG5/KIF3C/MAN1A1/COPZ2/ARFGAP3/IGF2R/DYNLL2/VPS51","REACTOME"
"REACTOME_REGULATION_OF_PYRUVATE_METABOLISM","REACTOME_REGULATION_OF_PYRUVATE_METABOLISM",31,-0.480322685248376,-1.35594301143117,0.0885668276972625,0.336421755954527,0.287685650061414,4521,"tags=52%, list=31%, signal=36%","PDK3/UBA52/RPS27A/RANBP9/DLAT/PDK1/MAEA/RMND5B/ARMC8/MKLN1/PGAM5/GID8/GID4/PDK2/PDHB/RMND5A","REACTOME"
"REACTOME_APC_C_MEDIATED_DEGRADATION_OF_CELL_CYCLE_PROTEINS","REACTOME_APC_C_MEDIATED_DEGRADATION_OF_CELL_CYCLE_PROTEINS",73,0.354900561857578,1.29988413032215,0.0893371757925072,0.338086412478708,0.289109154296237,2494,"tags=26%, list=17%, signal=22%","BUB1B/PSMA3/ANAPC15/CDK1/UBE2E1/ANAPC2/ANAPC4/CDC16/PSMC6/ANAPC7/AURKB/CDC20/ANAPC5/PSMB3/PSMA5/PLK1/PSMA4/PSMB4/CCNA2","REACTOME"
"REACTOME_MITOPHAGY","REACTOME_MITOPHAGY",37,-0.45266021152679,-1.33067124042332,0.090032154340836,0.3394545671073,0.290279109707101,4640,"tags=51%, list=31%, signal=35%","ATG5/VDAC1/UBA52/TOMM7/RPS27A/TOMM40/OPTN/FUNDC1/TOMM20/CSNK2A2/UBE2D2/UBE2L3/PGAM5/TOMM5/TOMM70/CSNK2A1/MFN2/PINK1/SQSTM1","REACTOME"
"REACTOME_NUCLEAR_RNA_DECAY","REACTOME_NUCLEAR_RNA_DECAY",35,-0.453614417947629,-1.31330268853975,0.0904684975767367,0.339841072077926,0.290609623212124,988,"tags=20%, list=7%, signal=19%","TENT4B/ZC3H4/RBM27/ZC3H18/EXOSC6/ZC3H3/WDR82","REACTOME"
"REACTOME_HEPARAN_SULFATE_HEPARIN_HS_GAG_METABOLISM","REACTOME_HEPARAN_SULFATE_HEPARIN_HS_GAG_METABOLISM",25,-0.495536327305267,-1.34188486871708,0.0929853181076672,0.348011227329431,0.297596199980808,1066,"tags=24%, list=7%, signal=22%","HS3ST3A1/HSPG2/EXTL3/EXT2/HGSNAT/HS6ST1","REACTOME"
"REACTOME_RHO_GTPASES_ACTIVATE_WASPS_AND_WAVES","REACTOME_RHO_GTPASES_ACTIVATE_WASPS_AND_WAVES",35,-0.451529534361191,-1.30726654173526,0.0936995153473344,0.349399657961855,0.298783494090016,2912,"tags=34%, list=20%, signal=28%","NCKAP1/WASF2/GRB2/WIPF2/NCKIPSD/NCK1/RAC1/CYFIP2/WIPF1/WASL/ABL1/MAPK1","REACTOME"
"REACTOME_DISEASES_ASSOCIATED_WITH_O_GLYCOSYLATION_OF_PROTEINS","REACTOME_DISEASES_ASSOCIATED_WITH_O_GLYCOSYLATION_OF_PROTEINS",39,0.431589103407133,1.3927822525333,0.0950401669642447,0.34970581989432,0.299045303539037,1247,"tags=23%, list=8%, signal=21%","MUC1/ADAMTS13/MUC4/POMT1/ADAMTSL4/POMGNT1/MUC20/ADAMTS14/NOTCH4","REACTOME"
"REACTOME_CROSS_PRESENTATION_OF_SOLUBLE_EXOGENOUS_ANTIGENS_ENDOSOMES","REACTOME_CROSS_PRESENTATION_OF_SOLUBLE_EXOGENOUS_ANTIGENS_ENDOSOMES",39,0.431107417168387,1.39122780169263,0.0950401669642447,0.34970581989432,0.299045303539037,2679,"tags=28%, list=18%, signal=23%","PSME2/PSMB9/PSMA3/FCGR1A/PSMC6/PSMB8/PSMB3/PSMA5/PSMA4/PSMB4/PSME1","REACTOME"
"REACTOME_KERATAN_SULFATE_BIOSYNTHESIS","REACTOME_KERATAN_SULFATE_BIOSYNTHESIS",18,-0.555365587888794,-1.38624156718491,0.0951557093425606,0.34970581989432,0.299045303539037,2765,"tags=50%, list=19%, signal=41%","ST3GAL3/B4GALT5/ST3GAL4/B3GNT7/ST3GAL1/B4GALT1/CHST2/B4GAT1/ST3GAL2","REACTOME"
"REACTOME_SIGNALING_BY_FGFR","REACTOME_SIGNALING_BY_FGFR",64,-0.408453748924728,-1.30868466518171,0.0941915227629513,0.34970581989432,0.299045303539037,2834,"tags=31%, list=19%, signal=25%","POLR2B/SOS1/PPP2R1A/GRB2/SHC1/RBFOX2/HNRNPF/ESRP2/FGFBP3/PTBP1/POLR2F/PIK3CA/HNRNPM/FRS2/POLR2A/GTF2F1/PIK3R1/FGFBP2/MAPK1/TGFBR3","REACTOME"
"REACTOME_CD22_MEDIATED_BCR_REGULATION","REACTOME_CD22_MEDIATED_BCR_REGULATION",15,0.556171228113253,1.41169981963822,0.101351351351351,0.349968020466901,0.29926952013869,2352,"tags=60%, list=16%, signal=51%","IGKV4-1/CD79A/PTPN6/IGHD/IGHV4-39/CD22/IGKV3-20/IGLV2-11/IGLC3","REACTOME"
"REACTOME_MODULATION_OF_HOST_RESPONSES_BY_IFN_STIMULATED_GENES","REACTOME_MODULATION_OF_HOST_RESPONSES_BY_IFN_STIMULATED_GENES",19,0.511576422432778,1.38147904671895,0.101415094339623,0.349968020466901,0.29926952013869,2738,"tags=37%, list=19%, signal=30%","IFI27/UBA7/IFI44/IFI44L/IKBKB/ISG15/IFI6","REACTOME"
"REACTOME_THROMBIN_SIGNALLING_THROUGH_PROTEINASE_ACTIVATED_RECEPTORS_PARS","REACTOME_THROMBIN_SIGNALLING_THROUGH_PROTEINASE_ACTIVATED_RECEPTORS_PARS",22,-0.521634613704414,-1.3631116360654,0.101351351351351,0.349968020466901,0.29926952013869,2358,"tags=32%, list=16%, signal=27%","GNA13/GNB1/GNG2/GNA12/ARRB1/MAPK1/F2R","REACTOME"
"REACTOME_SIALIC_ACID_METABOLISM","REACTOME_SIALIC_ACID_METABOLISM",24,-0.502842837516694,-1.34269792386153,0.100671140939597,0.349968020466901,0.29926952013869,4184,"tags=54%, list=28%, signal=39%","ST6GALNAC2/CMAS/NANS/NANP/ST6GALNAC4/ST3GAL3/ST3GAL4/SLC17A5/ST3GAL1/ST8SIA6/ST6GALNAC6/ST3GAL2/ST6GAL1","REACTOME"
"REACTOME_GPER1_SIGNALING","REACTOME_GPER1_SIGNALING",31,-0.47075478777975,-1.32893299482127,0.0982286634460548,0.349968020466901,0.29926952013869,3514,"tags=42%, list=24%, signal=32%","ADCY9/ITGA5/GNB5/GNAI2/GNAI3/ITGB1/SHC1/GNB1/GNG2/PRKAR2A/PRKACB/PRKAR1A/GNAZ","REACTOME"
"REACTOME_INSULIN_RECEPTOR_SIGNALLING_CASCADE","REACTOME_INSULIN_RECEPTOR_SIGNALLING_CASCADE",31,-0.470342242267582,-1.32776838565059,0.0998389694041868,0.349968020466901,0.29926952013869,2658,"tags=35%, list=18%, signal=29%","SOS1/FLT3/GRB2/SHC1/PDPK1/PIK3R4/PIK3CA/FRS2/PDE3B/PIK3R1/MAPK1","REACTOME"
"REACTOME_EXPORT_OF_VIRAL_RIBONUCLEOPROTEINS_FROM_NUCLEUS","REACTOME_EXPORT_OF_VIRAL_RIBONUCLEOPROTEINS_FROM_NUCLEUS",33,-0.45817397543283,-1.31906677423411,0.0980707395498392,0.349968020466901,0.29926952013869,3052,"tags=42%, list=21%, signal=34%","NUP35/NUP205/NUP98/NUP133/XPO1/HSPA1A/RANBP2/NDC1/POM121/NUP210/NUP160/NUP62/NUP188/POM121C","REACTOME"
"REACTOME_RIPK1_MEDIATED_REGULATED_NECROSIS","REACTOME_RIPK1_MEDIATED_REGULATED_NECROSIS",31,0.425270025423117,1.30943421143658,0.099737532808399,0.349968020466901,0.29926952013869,2263,"tags=29%, list=15%, signal=25%","RIPK3/TNFRSF10B/CASP8/OGT/TRAF2/MLKL/BIRC3/TNFSF10/TNFRSF10A","REACTOME"
"REACTOME_PCP_CE_PATHWAY","REACTOME_PCP_CE_PATHWAY",71,-0.397041273493655,-1.29758251744218,0.0989345509893455,0.349968020466901,0.29926952013869,2565,"tags=24%, list=17%, signal=20%","ROR1/CLTC/PSMD3/SMURF2/PSMB2/AP2M1/DVL2/PRKCB/FZD3/RAC1/FZD2/AP2B1/FZD5/FZD4/PARD6A/DAAM1/FZD8","REACTOME"
"REACTOME_ONCOGENIC_MAPK_SIGNALING","REACTOME_ONCOGENIC_MAPK_SIGNALING",73,-0.391070421930253,-1.28447314534661,0.0961832061068702,0.349968020466901,0.29926952013869,2332,"tags=29%, list=16%, signal=24%","CALM1/MAP2K2/PAPSS1/RAP1B/QKI/SHOC2/LMNA/TLN1/DUSP7/FAM131B/BCL2L11/FXR1/TRIM24/DUSP8/ARRB1/SND1/VCL/IQGAP1/ZC3HAV1/MAPK1/MAP2K1","REACTOME"
"REACTOME_CDK_MEDIATED_PHOSPHORYLATION_AND_REMOVAL_OF_CDC6","REACTOME_CDK_MEDIATED_PHOSPHORYLATION_AND_REMOVAL_OF_CDC6",58,0.361374483418648,1.26924811877337,0.0972972972972973,0.349968020466901,0.29926952013869,2494,"tags=24%, list=17%, signal=20%","PSMA3/ANAPC15/UBE2E1/ANAPC2/ANAPC4/CDC16/PSMC6/ANAPC7/ANAPC5/PSMB3/PSMA5/PSMA4/PSMB4/CCNA2","REACTOME"
"REACTOME_INTERLEUKIN_4_AND_INTERLEUKIN_13_SIGNALING","REACTOME_INTERLEUKIN_4_AND_INTERLEUKIN_13_SIGNALING",79,0.340582369346311,1.25529270404352,0.0988372093023256,0.349968020466901,0.29926952013869,1922,"tags=25%, list=13%, signal=22%","MUC1/JAK3/TNF/STAT1/FOS/FCER2/LCN2/JAK2/MMP9/IL1B/ITGAX/CCND1/TYK2/BIRC5/CDKN1A/HGF/ALOX5/IL12A/TIMP1/ICAM1","REACTOME"
"REACTOME_S_PHASE","REACTOME_S_PHASE",148,-0.339825815817214,-1.22487989628639,0.100840336134454,0.349968020466901,0.29926952013869,2375,"tags=18%, list=16%, signal=15%","CDC23/SMC1A/PSMD3/RBL2/RFC1/PSMB2/POLA1/PRIM1/STAG1/MCM5/SMC3/RBBP4/RPA2/PDS5A/WAPL/RAD21/STAG2/GSK3B/PDS5B/FEN1/MCM3/LIN54/TFDP2/AKT3/WEE1/MAX/CDKN1B","REACTOME"
"REACTOME_REGULATION_OF_EXPRESSION_OF_SLITS_AND_ROBOS","REACTOME_REGULATION_OF_EXPRESSION_OF_SLITS_AND_ROBOS",148,-0.339521305381894,-1.22378230836614,0.100840336134454,0.349968020466901,0.29926952013869,4526,"tags=45%, list=31%, signal=31%","ADRM1/RPS25/RPS16/RPL38/RPS19/RPS18/FAU/RPS21/UBA52/RPS27A/RPL10A/RPL23A/RPL35A/RPL18A/RPLP1/RPS12/RPL22/RPL11/RPS6/RPL35/RPS4X/RPS15/GSPT2/RPS24/RPL27A/PSMD13/RPSA/RPS8/PSMD2/PSMB5/RPL31/RNPS1/RPS27/RPL36AL/EIF4A3/SLIT1/RPL18/RPL15/RPL13A/CUL2/RPL5/RPS9/CASC3/RPL7/RPL19/RPLP2/RPL14/RPL4/RPS3/RPL10/RPS14/RPS23/PSMD3/RPL13/PSMB2/RPL9/RPL7A/ZSWIM8/RPL6/RPLP0/EIF4G1/RPS2/GSPT1/RBM8A/DAG1/RPL3","REACTOME"
"REACTOME_NEDDYLATION","REACTOME_NEDDYLATION",207,-0.325153675387868,-1.21424150914294,0.100407055630936,0.349968020466901,0.29926952013869,1561,"tags=14%, list=11%, signal=13%","LRRC41/AMER1/EPAS1/SOCS5/BTRC/ASB8/UBE2M/FBXL20/FEM1B/GAN/DCAF17/ANKRD9/VCP/FBXL5/FBXO31/FBXW11/KLHL25/KEAP1/NFE2L2/DDB1/ASB7/WDTC1/DCAF7/FBXO21/KLHL21/PUM2/UBXN7/SQSTM1/FBXL14/FBXO32","REACTOME"
"REACTOME_NEURONAL_SYSTEM","REACTOME_NEURONAL_SYSTEM",211,-0.323045457901763,-1.20940106629074,0.101214574898785,0.349968020466901,0.29926952013869,2493,"tags=22%, list=17%, signal=19%","CREB1/ARL6IP5/MYO6/TUBB4A/RAB3A/CALM1/PPFIA3/MAPT/GNAI3/AP2M1/PDPK1/RTN3/ALDH5A1/GNB1/SLC38A1/GNG2/PRKCB/HSPA8/ARHGEF7/KCNC4/SLC38A2/EPB41L5/LRFN3/LRFN1/RAC1/PRKAR2A/SLC1A7/IL1RAP/PRKACB/SLC6A4/NRXN2/KCNA3/PRKAG2/PTPRS/AP2B1/PRKAR1A/GNAL/LRFN2/FLOT2/DNAJC5/APBA2/EPB41/MAPK1/PLCB1/AKAP5/NCALD/CACNA2D2","REACTOME"
"REACTOME_DENGUE_VIRUS_HOST_INTERACTIONS","REACTOME_DENGUE_VIRUS_HOST_INTERACTIONS",235,-0.316567717456432,-1.20296440736184,0.0985352862849534,0.349968020466901,0.29926952013869,3046,"tags=29%, list=21%, signal=23%","SF3A2/EIF4A3/RPL18/PPIE/DDX46/POLR2B/HNRNPC/DNAJC8/H2AC6/UBE2I/HNRNPD/CTR9/H3C10/H2BC9/PUF60/SKIC8/SNRPD3/RTF1/SNRNP40/UBR4/ELAVL1/TAOK1/GPKOW/PDCD6IP/HNRNPH2/SRSF4/CDC5L/PRPF19/PIK3R4/FIP1L1/HNRNPUL1/SNW1/AQR/WDR33/H2BC11/HNRNPR/HNRNPF/TXNL4A/WBP11/CDC73/PTBP1/SF3B4/POLR2F/HSPA8/PRR5/PRCC/HNRNPM/SF3A1/SF3B2/SF3A3/RPTOR/CTNNB1/MAPKAP1/HSPG2/HNRNPA0/POLR2A/PRPF6/GTF2F1/CSTF1/PRPF8/SF3B3/DHX9/ISY1/PEX19/CSTF2T/CPSF7/PCBP1","REACTOME"
"REACTOME_CILIUM_ASSEMBLY","REACTOME_CILIUM_ASSEMBLY",183,0.278196307186265,1.16646174717667,0.0996563573883162,0.349968020466901,0.29926952013869,1720,"tags=17%, list=12%, signal=15%","IFT80/CEP83/DYNLT2/B9D2/PKD2/TUBA1A/HAUS3/HDAC6/IFT27/EXOC1/SCLT1/SFI1/HAUS5/CC2D2A/CDK1/YWHAE/CEP135/TUBG1/CEP43/CEP162/BBS1/TUBB4B/ASAP1/NPHP3/IFT25/IFT74/IFT20/TUBA1B/TCTN1/SDCCAG8/CEP290","REACTOME"
"REACTOME_RESPIRATORY_SYNCYTIAL_VIRUS_RSV_ATTACHMENT_AND_ENTRY","REACTOME_RESPIRATORY_SYNCYTIAL_VIRUS_RSV_ATTACHMENT_AND_ENTRY",16,-0.564641161294872,-1.37698943408611,0.102430555555556,0.351091937897493,0.300230620040562,1066,"tags=31%, list=7%, signal=29%","HSPG2/FURIN/NCL/RAB5B/IGF1R","REACTOME"
"REACTOME_REGULATION_OF_PTEN_GENE_TRANSCRIPTION","REACTOME_REGULATION_OF_PTEN_GENE_TRANSCRIPTION",56,-0.415125664590656,-1.308239885686,0.102362204724409,0.351091937897493,0.300230620040562,3584,"tags=50%, list=24%, signal=38%","HDAC1/HDAC5/MBD3/CBX8/RBBP7/RRAGC/MTA3/LAMTOR1/CHD4/PTEN/BMI1/SUZ12/RNF2/ATN1/REST/CBX4/RBBP4/MAF1/RING1/RCOR1/RRAGA/GATAD2A/RPTOR/PHC2/KDM1A/GATAD2B/MAPK1/CBX6","REACTOME"
"REACTOME_EPH_EPHRIN_MEDIATED_REPULSION_OF_CELLS","REACTOME_EPH_EPHRIN_MEDIATED_REPULSION_OF_CELLS",39,-0.439714501404724,-1.30556420588122,0.103174603174603,0.352455523596463,0.301396668404793,1321,"tags=31%, list=9%, signal=28%","EFNB2/EPHA4/EFNA5/CLTC/AP2M1/EFNA3/ADAM10/RAC1/VAV3/AP2B1/EFNB1/FYN","REACTOME"
"REACTOME_MITF_M_DEPENDENT_GENE_EXPRESSION","REACTOME_MITF_M_DEPENDENT_GENE_EXPRESSION",90,-0.373807987771249,-1.27728063455208,0.104411764705882,0.355488884517018,0.303990598175549,2639,"tags=37%, list=18%, signal=30%","ATP6V0D1/MAPK14/TNRC6A/AGO1/DPF2/BCL7C/ATP6V1D/CREB1/ATP6AP2/SMARCD1/SMARCB1/AGO4/SIRT1/SMARCC2/SMARCD2/SYTL2/PXN/SMARCA4/SERPINE1/MCM5/AGO2/SMARCC1/SMARCA2/CTNNB1/LEF1/ARID1A/RAB27A/DIAPH1/BCL2/ARID1B/TNRC6B/SIN3A/TNRC6C","REACTOME"
"REACTOME_INSULIN_RECEPTOR_RECYCLING","REACTOME_INSULIN_RECEPTOR_RECYCLING",25,0.464098643874963,1.32984582542513,0.105398457583548,0.357652099400171,0.305840436566996,586,"tags=16%, list=4%, signal=15%","TCIRG1/ATP6V0A2/ATP6V1G2/ATP6V0A1","REACTOME"
"REACTOME_STRIATED_MUSCLE_CONTRACTION","REACTOME_STRIATED_MUSCLE_CONTRACTION",18,0.518258968172392,1.37984177993968,0.106132075471698,0.357881934877004,0.30603697667592,1638,"tags=22%, list=11%, signal=20%","TTN/MYBPC3/TNNT1/MYH3","REACTOME"
"REACTOME_SARS_COV_1_INFECTION","REACTOME_SARS_COV_1_INFECTION",136,-0.341365509843993,-1.21260158640447,0.106169296987088,0.357881934877004,0.30603697667592,4434,"tags=51%, list=30%, signal=36%","RPS16/RPS19/RPS18/NFKB1/SFN/FAU/RPS21/UBA52/ST6GALNAC2/PCBP2/YWHAB/NPM1/RPS27A/CHMP6/PARP16/HNRNPA1/RPS12/RPS6/RB1/RPS4X/RPS15/RPS24/PPIA/IRAK2/RPSA/RPS8/ST6GALNAC4/ITCH/RPS27/CHMP2B/RPS9/UBE2I/ST3GAL3/VHL/BCL2L1/TRAF6/CHMP4B/RPS3/RPS14/YWHAZ/ST3GAL4/RPS23/SMAD4/TOMM70/PDPK1/PIK3R4/MGAT1/CANX/RUNX1/YWHAQ/SERPINE1/EEF1A1/PALS1/PARP4/ST3GAL1/RPS2/EP300/SMAD3/CHMP7/GSK3A/VCP/RELA/PARP8/SP1/GANAB/GSK3B/PRKCSH/ST3GAL2/ST6GAL1","REACTOME"
"REACTOME_CARDIOGENESIS","REACTOME_CARDIOGENESIS",16,-0.561331354364411,-1.36891781358707,0.109375,0.366139331230942,0.313098156269247,1108,"tags=38%, list=7%, signal=35%","EOMES/SMAD4/CTNNB1/HEY2/LEF1/FOXO4","REACTOME"
"REACTOME_REGULATION_OF_CHOLESTEROL_BIOSYNTHESIS_BY_SREBP_SREBF","REACTOME_REGULATION_OF_CHOLESTEROL_BIOSYNTHESIS_BY_SREBP_SREBF",55,-0.415553489554607,-1.30267577721404,0.109697933227345,0.366139331230942,0.313098156269247,3409,"tags=38%, list=23%, signal=29%","MBTPS1/PMVK/DHCR7/SAR1B/TGS1/NFYB/SCAP/NCOA2/INSIG2/FDFT1/MED1/SEC24B/NCOA6/NFYA/HELZ2/SREBF2/SP1/SEC24D/TBL1X/NCOA1/CREBBP","REACTOME"
"REACTOME_RHO_GTPASE_EFFECTORS","REACTOME_RHO_GTPASE_EFFECTORS",260,-0.310195430338182,-1.18969166045592,0.10935441370224,0.366139331230942,0.313098156269247,3001,"tags=29%, list=20%, signal=23%","MAPK14/RPS27/DVL1/RHOG/PPP1CB/MYH10/NCKAP1/DIAPH2/KIF18A/PFN2/H2AC6/H3C10/NUP98/H2BC9/NUP133/WASF2/XPO1/PPP2R1A/CKAP5/NCOA2/TUBB4A/YWHAZ/CALM1/GRB2/PKN1/TAOK1/WIPF2/FLNA/RANBP2/PPP2R5D/ITGB1/PPP1R12B/NCKIPSD/PDPK1/RANGAP1/CENPO/PIK3R4/H2AX/AHCTF1/CENPQ/H2BC11/NSL1/YWHAQ/DVL2/DYNC1H1/CENPL/NF2/PRKCB/NCK1/CLASP1/RAC1/PAFAH1B1/CTNNB1/KIF2A/PPP2R5E/PPP2R5A/NUP160/CYFIP2/WIPF1/BUB3/WASL/DIAPH1/IQGAP2/MYH9/KDM1A/PRKCZ/IQGAP1/ABL1/DAAM1/DYNLL2/MAPK1/MRTFA/PPP2R5C/INCENP/CDKN1B","REACTOME"
"REACTOME_SIGNALING_BY_RETINOIC_ACID","REACTOME_SIGNALING_BY_RETINOIC_ACID",28,-0.474309604888913,-1.31204230888196,0.111470113085622,0.369630537853952,0.316083605423656,1444,"tags=18%, list=10%, signal=16%","RDH14/PDK2/AKR1C3/PDHB/RDH10","REACTOME"
"REACTOME_NUCLEAR_IMPORT_OF_REV_PROTEIN","REACTOME_NUCLEAR_IMPORT_OF_REV_PROTEIN",34,-0.447421971920644,-1.29909401481947,0.111111111111111,0.369630537853952,0.316083605423656,3052,"tags=38%, list=21%, signal=30%","NUP35/NUP205/NUP98/NUP133/RANBP2/NDC1/POM121/RCC1/NUP210/NUP160/NUP62/NUP188/POM121C","REACTOME"
"REACTOME_ACTIVATION_OF_MATRIX_METALLOPROTEINASES","REACTOME_ACTIVATION_OF_MATRIX_METALLOPROTEINASES",15,0.539105609473275,1.36838306836038,0.112612612612613,0.371774991010428,0.317917400026496,3477,"tags=67%, list=24%, signal=51%","CTSK/MMP9/PRSS2/TIMP1/MMP14/COL18A1/MMP17/MMP24/PRSS1/MMP25","REACTOME"
"REACTOME_DENGUE_VIRUS_MODULATES_APOPTOSIS","REACTOME_DENGUE_VIRUS_MODULATES_APOPTOSIS",16,-0.558208121452587,-1.3613011908281,0.112847222222222,0.371774991010428,0.317917400026496,2262,"tags=31%, list=15%, signal=26%","TAOK1/PIK3R4/PRR5/RPTOR/MAPKAP1","REACTOME"
"REACTOME_FORMATION_OF_THE_CORNIFIED_ENVELOPE","REACTOME_FORMATION_OF_THE_CORNIFIED_ENVELOPE",25,-0.483437716606922,-1.30912250250088,0.115823817292007,0.374264705882353,0.320046439628483,3024,"tags=28%, list=20%, signal=22%","PERP/CAPN1/KAZN/KRT10/KRT74/FURIN/KRT5","REACTOME"
"REACTOME_KERATINIZATION","REACTOME_KERATINIZATION",25,-0.483437716606922,-1.30912250250088,0.115823817292007,0.374264705882353,0.320046439628483,3024,"tags=28%, list=20%, signal=22%","PERP/CAPN1/KAZN/KRT10/KRT74/FURIN/KRT5","REACTOME"
"REACTOME_GAMMA_CARBOXYLATION_HYPUSINYLATION_HYDROXYLATION_AND_ARYLSULFATASE_ACTIVATION","REACTOME_GAMMA_CARBOXYLATION_HYPUSINYLATION_HYDROXYLATION_AND_ARYLSULFATASE_ACTIVATION",53,-0.412602936486564,-1.29114817717522,0.114285714285714,0.374264705882353,0.320046439628483,2231,"tags=28%, list=15%, signal=24%","RPL27A/FN3KRP/U2AF2/F7/OGFOD1/RPS23/PROC/DRG2/DOHH/FURIN/ICMT/TPST2/EEF2/RIOX1/ARSK","REACTOME"
"REACTOME_PLASMA_LIPOPROTEIN_ASSEMBLY_REMODELING_AND_CLEARANCE","REACTOME_PLASMA_LIPOPROTEIN_ASSEMBLY_REMODELING_AND_CLEARANCE",52,-0.413047440743915,-1.28677293173728,0.116057233704293,0.374264705882353,0.320046439628483,1640,"tags=21%, list=11%, signal=19%","LIPA/NCEH1/FURIN/VLDLR/PRKACB/LDLRAP1/AP2B1/P4HB/APOBR/PCSK5/NPC1","REACTOME"
"REACTOME_SIGNALING_BY_TGFBR3","REACTOME_SIGNALING_BY_TGFBR3",36,-0.439257073313639,-1.28181804483267,0.115942028985507,0.374264705882353,0.320046439628483,3108,"tags=53%, list=21%, signal=42%","GIPC1/TNRC6A/AGO1/TGFB1/KLF16/ACVR2A/TCF12/SMAD4/AGO4/EP300/AGO2/SMAD3/SP1/TGFBR1/TGFBR2/ARRB1/TNRC6B/TGFBR3/TNRC6C","REACTOME"
"REACTOME_HCMV_EARLY_EVENTS","REACTOME_HCMV_EARLY_EVENTS",90,-0.369732354820263,-1.26335442855291,0.116176470588235,0.374264705882353,0.320046439628483,3057,"tags=33%, list=21%, signal=27%","NCOR2/NUP35/NUP205/H2AC6/H3C10/NUP98/H2BC9/NUP133/CREB1/SUZ12/TUBB4A/GPS2/RANBP2/ITGB1/NDC1/H2BC11/DYNC1H1/RBBP4/NCOR1/POM121/NUP210/NUP160/TBL1X/NUP62/ELK1/NUP188/CBX1/DYNLL2/POM121C/TRIM28","REACTOME"
"REACTOME_DISORDERS_OF_TRANSMEMBRANE_TRANSPORTERS","REACTOME_DISORDERS_OF_TRANSMEMBRANE_TRANSPORTERS",121,-0.347877296681399,-1.22669410745198,0.114825581395349,0.374264705882353,0.320046439628483,3380,"tags=29%, list=23%, signal=22%","PSMD13/PSMD2/DERL1/PSMB5/NUP35/NUP205/OS9/SLC12A6/NUP98/NUP133/LMBRD1/SLC4A4/SLC17A5/RANBP2/PSMD3/RNF5/PSMB2/NDC1/SEL1L/POM121/VCP/SLC3A2/NUP210/NUP160/SLC29A3/ABCA3/ERLEC1/NUP62/SLC9A6/SLC35C1/NUP188/SLC2A1/SLC16A1/SLC27A4/POM121C","REACTOME"
"REACTOME_OPIOID_SIGNALLING","REACTOME_OPIOID_SIGNALLING",66,-0.399986502878557,-1.28288215666062,0.116719242902208,0.37482709550299,0.320527358061186,2760,"tags=30%, list=19%, signal=25%","ITPR2/GNAI2/PPP2R1A/CREB1/CALM1/GNAI3/PPP2R5D/GNB1/GNG2/PDE4A/PPP3CA/AHCYL1/PRKAR2A/PPP3R1/PRKACB/PDE4D/PRKAR1A/GNAL/MAPK1/PLCB1","REACTOME"
"REACTOME_INFECTION_WITH_ENTEROBACTERIA","REACTOME_INFECTION_WITH_ENTEROBACTERIA",27,0.439809667202702,1.29220376857293,0.118110236220472,0.37810132224038,0.323327260358592,2776,"tags=22%, list=19%, signal=18%","GBP1/GBP2/COL5A3/LAMB2/GBP6/CASP4","REACTOME"
"REACTOME_INTEGRIN_SIGNALING","REACTOME_INTEGRIN_SIGNALING",22,-0.508501944380314,-1.32879394721198,0.119932432432432,0.38034646796329,0.32524716058902,3344,"tags=50%, list=23%, signal=39%","CSK/PTPN1/APBB1IP/SOS1/GRB2/RAP1B/SHC1/PDPK1/TLN1/CRK/RASGRP1","REACTOME"
"REACTOME_CONSTITUTIVE_SIGNALING_BY_ABERRANT_PI3K_IN_CANCER","REACTOME_CONSTITUTIVE_SIGNALING_BY_ABERRANT_PI3K_IN_CANCER",47,-0.420148066230843,-1.28248891567662,0.119741100323625,0.38034646796329,0.32524716058902,1426,"tags=43%, list=10%, signal=39%","PIK3CB/FGFR4/CD28/FGFR1/PTPN11/PIK3R5/RHOG/NRG2/STRN/FLT3/GRB2/PDGFB/PIK3CA/PIK3R3/FRS2/RAC1/LCK/ERBB2/PIK3R1/FYN","REACTOME"
"REACTOME_PRE_NOTCH_EXPRESSION_AND_PROCESSING","REACTOME_PRE_NOTCH_EXPRESSION_AND_PROCESSING",74,-0.381206869703041,-1.25239025023729,0.119815668202765,0.38034646796329,0.32524716058902,2774,"tags=36%, list=19%, signal=30%","TNRC6A/AGO1/H2AC6/ST3GAL3/H3C10/H2BC9/MAML2/MAMLD1/ST3GAL4/MFNG/AGO4/H2AX/SNW1/RAB6A/H2BC11/RUNX1/EP300/AGO2/SEL1L/FURIN/MAML1/B4GALT1/PRKCI/TFDP2/CREBBP/TNRC6B/TNRC6C","REACTOME"
"REACTOME_SIGNALLING_TO_ERKS","REACTOME_SIGNALLING_TO_ERKS",30,-0.466592541157308,-1.30681826128688,0.120967741935484,0.382438389100381,0.327036033280958,2658,"tags=40%, list=18%, signal=33%","SOS1/GRB2/MAP2K2/SHC1/CRKL/CRK/MAPKAPK2/KIDINS220/FRS2/RAPGEF1/MAPK1/MAP2K1","REACTOME"
"REACTOME_TNFR2_NON_CANONICAL_NF_KB_PATHWAY","REACTOME_TNFR2_NON_CANONICAL_NF_KB_PATHWAY",79,0.326139122304227,1.20205887790793,0.122093023255814,0.384800921592627,0.329056314917902,2680,"tags=25%, list=18%, signal=21%","TNFRSF13C/TNF/TNFRSF14/PSMA3/TNFRSF25/TRAF2/LTBR/UBA3/LTA/PSMC6/BIRC3/TNFRSF9/PSMB3/PSMA5/NFKB2/PSMA4/PSMB4/CD70/TNFSF13/RELB","REACTOME"
"REACTOME_HDACS_DEACETYLATE_HISTONES","REACTOME_HDACS_DEACETYLATE_HISTONES",54,-0.411907000411449,-1.2838723508145,0.123595505617978,0.385951609567795,0.330040307220108,3588,"tags=41%, list=24%, signal=31%","SAP30/HDAC1/MBD3/RBBP7/NCOR2/MTA3/H2AC6/H3C10/CHD4/H2BC9/GPS2/REST/H2BC11/RBBP4/NCOR1/RCOR1/GATAD2A/TBL1X/ARID4B/KDM1A/SAP30L/GATAD2B","REACTOME"
"REACTOME_RHOJ_GTPASE_CYCLE","REACTOME_RHOJ_GTPASE_CYCLE",47,-0.417762146932134,-1.27520597116198,0.122977346278317,0.385951609567795,0.330040307220108,3946,"tags=49%, list=27%, signal=36%","PAK2/SCRIB/CDC42/RAB7A/DOCK8/GIT1/MPP7/LAMTOR1/ARHGAP5/STOM/PREX1/WIPF2/STEAP3/WWP2/ARL13B/VANGL1/ARHGEF7/TMPO/FNBP1/WASL/PIK3R1/ARHGAP26/ARHGAP35","REACTOME"
"REACTOME_HIGH_LAMINAR_FLOW_SHEAR_STRESS_ACTIVATES_SIGNALING_BY_PIEZO1_AND_PECAM1_CDH5_KDR_IN_ENDOTHELIAL_CELLS","REACTOME_HIGH_LAMINAR_FLOW_SHEAR_STRESS_ACTIVATES_SIGNALING_BY_PIEZO1_AND_PECAM1_CDH5_KDR_IN_ENDOTHELIAL_CELLS",51,-0.411060568609387,-1.27253200007099,0.123595505617978,0.385951609567795,0.330040307220108,2332,"tags=27%, list=16%, signal=23%","CALM1/PDPK1/GNB1/GNG2/TLN1/PIK3CA/PRR5/CTNNB1/MAPKAP1/PRKAR2A/PRKACB/PRKAR1A/VCL/FYN","REACTOME"
"REACTOME_TRAFFICKING_OF_AMPA_RECEPTORS","REACTOME_TRAFFICKING_OF_AMPA_RECEPTORS",17,-0.539970578565536,-1.33604680669419,0.125435540069686,0.386949635730124,0.330893753230082,2389,"tags=29%, list=16%, signal=25%","MYO6/AP2M1/PRKCB/AP2B1/AKAP5","REACTOME"
"REACTOME_DISEASES_ASSOCIATED_WITH_GLYCOSAMINOGLYCAN_METABOLISM","REACTOME_DISEASES_ASSOCIATED_WITH_GLYCOSAMINOGLYCAN_METABOLISM",23,-0.500844176444395,-1.32108254551917,0.125208681135225,0.386949635730124,0.330893753230082,1066,"tags=35%, list=7%, signal=32%","ST3GAL3/HEXB/HSPG2/CHST14/CHSY1/B3GALT6/B4GALT1/EXT2","REACTOME"
"REACTOME_INSERTION_OF_TAIL_ANCHORED_PROTEINS_INTO_THE_ENDOPLASMIC_RETICULUM_MEMBRANE","REACTOME_INSERTION_OF_TAIL_ANCHORED_PROTEINS_INTO_THE_ENDOPLASMIC_RETICULUM_MEMBRANE",22,-0.503369570993436,-1.31538226458877,0.125,0.386949635730124,0.330893753230082,3143,"tags=45%, list=21%, signal=36%","PRNP/STX5/VAPA/VAMP2/SERP1/GET1/SGTA/CAMLG/UBE2J2/UBL4A","REACTOME"
"REACTOME_RIBOSOME_ASSOCIATED_QUALITY_CONTROL","REACTOME_RIBOSOME_ASSOCIATED_QUALITY_CONTROL",142,-0.333929119270433,-1.19878800866471,0.124649859943978,0.386949635730124,0.330893753230082,4526,"tags=43%, list=31%, signal=30%","ADRM1/RPS25/RPS16/RPL38/RPS19/RPS18/FAU/RPS21/UBA52/RPS27A/RPL10A/RPL23A/RPL35A/RPL18A/RPLP1/RPS12/RPL22/RPL11/RPS6/RPL35/RPS4X/RPS15/RPS24/RPL27A/PSMD13/RPSA/RPS8/PSMD2/PSMB5/RPL31/RPS27/RPL36AL/UBE2D1/UBE2D2/RPL18/RPL15/RPL13A/NPLOC4/CUL2/RPL5/RPS9/RPL7/RPL19/RPLP2/RPL14/RPL4/RPS3/RPL10/RPS14/RCHY1/RPS23/PSMD3/RPL13/PSMB2/RPL9/RPL7A/RPL6/RPLP0/RPS2/VCP/RPL3","REACTOME"
"REACTOME_REGULATION_OF_NF_KAPPA_B_SIGNALING","REACTOME_REGULATION_OF_NF_KAPPA_B_SIGNALING",18,0.506425468669083,1.34833560634631,0.127358490566038,0.387017741481273,0.330951992767049,1791,"tags=28%, list=12%, signal=24%","NLRC5/CASP8/TRAF2/USP18/IKBKB","REACTOME"
"REACTOME_PYROPTOSIS","REACTOME_PYROPTOSIS",22,0.473827086731684,1.33273727511888,0.126829268292683,0.387017741481273,0.330951992767049,2887,"tags=41%, list=20%, signal=33%","BAK1/CASP1/IL1B/GSDMD/CASP5/BAX/CASP4/CASP3/CHMP4A","REACTOME"
"REACTOME_G0_AND_EARLY_G1","REACTOME_G0_AND_EARLY_G1",26,-0.477094680391394,-1.30020134359376,0.126623376623377,0.387017741481273,0.330951992767049,2176,"tags=23%, list=15%, signal=20%","RBL2/RBBP4/DYRK1A/LIN54/TFDP2/MAX","REACTOME"
"REACTOME_RND3_GTPASE_CYCLE","REACTOME_RND3_GTPASE_CYCLE",31,-0.459024997113795,-1.29581998940319,0.127214170692432,0.387017741481273,0.330951992767049,2682,"tags=39%, list=18%, signal=32%","ARHGAP5/DLG5/PICALM/WDR6/TMOD3/LEMD3/VANGL1/SEMA4F/FLOT2/PIK3R1/ARHGAP35/CPD","REACTOME"
"REACTOME_RESPONSE_OF_EIF2AK4_GCN2_TO_AMINO_ACID_DEFICIENCY","REACTOME_RESPONSE_OF_EIF2AK4_GCN2_TO_AMINO_ACID_DEFICIENCY",99,-0.356192146475733,-1.23407779606278,0.126453488372093,0.387017741481273,0.330951992767049,4518,"tags=51%, list=31%, signal=35%","RPS25/RPS16/RPL38/RPS19/RPS18/FAU/RPS21/UBA52/RPS27A/RPL10A/RPL23A/RPL35A/RPL18A/RPLP1/RPS12/RPL22/RPL11/RPS6/RPL35/RPS4X/RPS15/RPS24/RPL27A/RPSA/RPS8/RPL31/RPS27/RPL36AL/RPL18/RPL15/RPL13A/RPL5/RPS9/RPL7/RPL19/RPLP2/GCN1/RPL14/RPL4/RPS3/RPL10/RPS14/RPS23/RPL13/RPL9/RPL7A/RPL6/RPLP0/RPS2/RPL3","REACTOME"
"REACTOME_NOTCH4_INTRACELLULAR_DOMAIN_REGULATES_TRANSCRIPTION","REACTOME_NOTCH4_INTRACELLULAR_DOMAIN_REGULATES_TRANSCRIPTION",18,-0.533062777265807,-1.33057178168709,0.129757785467128,0.390554872344675,0.333976713296501,2418,"tags=44%, list=16%, signal=37%","MAML2/MAMLD1/SNW1/EP300/SMAD3/HEY2/MAML1/CREBBP","REACTOME"
"REACTOME_SARS_COV_1_TARGETS_HOST_INTRACELLULAR_SIGNALLING_AND_REGULATORY_PATHWAYS","REACTOME_SARS_COV_1_TARGETS_HOST_INTRACELLULAR_SIGNALLING_AND_REGULATORY_PATHWAYS",15,-0.558117902138434,-1.32473405041691,0.130824372759857,0.390554872344675,0.333976713296501,2772,"tags=60%, list=19%, signal=49%","UBE2I/YWHAZ/SMAD4/PDPK1/YWHAQ/SERPINE1/EP300/SMAD3/SP1","REACTOME"
"REACTOME_TGF_BETA_RECEPTOR_SIGNALING_IN_EMT_EPITHELIAL_TO_MESENCHYMAL_TRANSITION","REACTOME_TGF_BETA_RECEPTOR_SIGNALING_IN_EMT_EPITHELIAL_TO_MESENCHYMAL_TRANSITION",15,-0.557316190064917,-1.32283112761449,0.130824372759857,0.390554872344675,0.333976713296501,4336,"tags=67%, list=29%, signal=47%","UBA52/RPS27A/PARD3/ARHGEF18/TGFB1/F11R/TGFBR1/TGFBR2/PRKCZ/PARD6A","REACTOME"
"REACTOME_SIGNALING_BY_ERBB2_ECD_MUTANTS","REACTOME_SIGNALING_BY_ERBB2_ECD_MUTANTS",15,-0.556893494076356,-1.32182782747509,0.130824372759857,0.390554872344675,0.333976713296501,2658,"tags=47%, list=18%, signal=38%","SOS1/GRB2/SHC1/ERBIN/PIK3CA/ERBB2/PIK3R1","REACTOME"
"REACTOME_PROTEIN_PROTEIN_INTERACTIONS_AT_SYNAPSES","REACTOME_PROTEIN_PROTEIN_INTERACTIONS_AT_SYNAPSES",51,-0.410066049256565,-1.26945323796682,0.130016051364366,0.390554872344675,0.333976713296501,1192,"tags=20%, list=8%, signal=18%","EPB41L5/LRFN3/LRFN1/IL1RAP/NRXN2/PTPRS/LRFN2/FLOT2/APBA2/EPB41","REACTOME"
"REACTOME_OXIDATIVE_STRESS_INDUCED_SENESCENCE","REACTOME_OXIDATIVE_STRESS_INDUCED_SENESCENCE",85,-0.370924264675243,-1.25116787964343,0.130044843049327,0.390554872344675,0.333976713296501,3293,"tags=39%, list=22%, signal=30%","CBX8/RBBP7/MAPK14/TNRC6A/AGO1/KDM6B/H2AC6/H3C10/H2BC9/BMI1/SUZ12/RNF2/MAPK8/AGO4/MAP2K4/H2AX/H2BC11/CBX4/MAP4K4/RBBP4/RING1/MAPKAPK2/CDKN2C/PHC2/MAP2K3/MAP3K5/CDKN2D/MAP2K6/TFDP2/TNRC6B/MAPK1/TNRC6C/CBX6","REACTOME"
"REACTOME_TRANSCRIPTIONAL_REGULATION_BY_NPAS4","REACTOME_TRANSCRIPTIONAL_REGULATION_BY_NPAS4",27,-0.471991117651581,-1.29640208464995,0.132045088566828,0.39304649169892,0.336107381485893,309,"tags=44%, list=2%, signal=44%","TNRC6A/AGO1/XPO1/REST/AGO4/MAGED1/AGO2/CREBBP/TNRC6B/MAPK1/TNRC6C/NR3C1","REACTOME"
"REACTOME_SIGNALING_BY_MODERATE_KINASE_ACTIVITY_BRAF_MUTANTS","REACTOME_SIGNALING_BY_MODERATE_KINASE_ACTIVITY_BRAF_MUTANTS",39,-0.425862655020093,-1.26443644055311,0.133333333333333,0.395146319235832,0.337903015208389,2951,"tags=28%, list=20%, signal=23%","PHB1/APBB1IP/CALM1/MAP2K2/RAP1B/TLN1/ARRB1/VCL/IQGAP1/MAPK1/MAP2K1","REACTOME"
"REACTOME_FC_EPSILON_RECEPTOR_FCERI_SIGNALING","REACTOME_FC_EPSILON_RECEPTOR_FCERI_SIGNALING",123,-0.337652945569323,-1.1905933840066,0.133526850507983,0.395146319235832,0.337903015208389,2760,"tags=26%, list=19%, signal=21%","ITPR2/SOS1/TRAF6/MAPK8/TAB2/CARD11/CALM1/GRB2/PRKCQ/PSMD3/PSMB2/SHC1/PDPK1/MAP2K4/PPP3CA/PIK3CA/BTRC/AHCYL1/RASGRP1/RAC1/RELA/PPP3R1/FCER1A/FBXW11/VAV3/ITK/PIK3R1/NFATC3/IGLV2-14/NFATC2/MAPK1/FYN","REACTOME"
"REACTOME_RMTS_METHYLATE_HISTONE_ARGININES","REACTOME_RMTS_METHYLATE_HISTONE_ARGININES",44,-0.414927764762489,-1.26059177688028,0.135350318471338,0.399381519431367,0.341524678492132,2774,"tags=41%, list=19%, signal=33%","H2AC6/H3C10/COPRS/PRMT5/ARID2/SMARCD1/SMARCB1/SMARCC2/H2AX/PRMT6/SMARCD2/SMARCA4/PBRM1/RPS2/SMARCC1/SMARCA2/ARID1A/ARID1B","REACTOME"
"REACTOME_TRANSCRIPTIONAL_AND_POST_TRANSLATIONAL_REGULATION_OF_MITF_M_EXPRESSION_AND_ACTIVITY","REACTOME_TRANSCRIPTIONAL_AND_POST_TRANSLATIONAL_REGULATION_OF_MITF_M_EXPRESSION_AND_ACTIVITY",44,-0.413813295510593,-1.25720590855853,0.136942675159236,0.401751133464271,0.343551015794594,2908,"tags=32%, list=20%, signal=26%","DARS1/UBE2I/XPO1/CREB1/YWHAZ/EPRS1/SIRT1/EP300/CTNNB1/LEF1/GSK3B/AKT3/CREBBP/MAPK1","REACTOME"
"REACTOME_INTERLEUKIN_2_FAMILY_SIGNALING","REACTOME_INTERLEUKIN_2_FAMILY_SIGNALING",37,0.387324563610205,1.24963602639961,0.136842105263158,0.401751133464271,0.343551015794594,857,"tags=22%, list=6%, signal=20%","JAK3/IL15/IL3RA/STAT1/JAK2/PTPN6/INPPL1/IL15RA","REACTOME"
"REACTOME_HS_GAG_BIOSYNTHESIS","REACTOME_HS_GAG_BIOSYNTHESIS",18,-0.527350498333641,-1.31631342886184,0.13840830449827,0.403951478574625,0.345432605502239,1886,"tags=28%, list=13%, signal=24%","HS3ST3A1/HSPG2/EXTL3/EXT2/HS6ST1","REACTOME"
"REACTOME_SPHINGOLIPID_DE_NOVO_BIOSYNTHESIS","REACTOME_SPHINGOLIPID_DE_NOVO_BIOSYNTHESIS",34,-0.437174176250453,-1.26933944116031,0.138486312399356,0.403951478574625,0.345432605502239,3658,"tags=35%, list=25%, signal=27%","ABCC1/CERS4/VAPA/SPTLC3/CERS2/KDSR/VAPB/OSBP/CYB5B/DEGS1/PRKD3/PPM1L","REACTOME"
"REACTOME_GLUCAGON_LIKE_PEPTIDE_1_GLP1_REGULATES_INSULIN_SECRETION","REACTOME_GLUCAGON_LIKE_PEPTIDE_1_GLP1_REGULATES_INSULIN_SECRETION",26,-0.466883592227442,-1.27237359556808,0.13961038961039,0.406066790352505,0.347241480324187,1882,"tags=27%, list=13%, signal=24%","GNB1/GNG2/PRKAR2A/PRKACB/PRKAR1A/IQGAP1/AKAP5","REACTOME"
"REACTOME_NEGATIVE_REGULATORS_OF_DDX58_IFIH1_SIGNALING","REACTOME_NEGATIVE_REGULATORS_OF_DDX58_IFIH1_SIGNALING",35,0.386207483147958,1.22807225523355,0.140992167101828,0.408917453303876,0.349679178867031,1306,"tags=11%, list=9%, signal=10%","NLRC5/UBA7/IKBKE/IRF3","REACTOME"
"REACTOME_RNA_POLYMERASE_III_TRANSCRIPTION_INITIATION_FROM_TYPE_1_PROMOTER","REACTOME_RNA_POLYMERASE_III_TRANSCRIPTION_INITIATION_FROM_TYPE_1_PROMOTER",28,-0.459572382322494,-1.27127598384184,0.1421647819063,0.411147011308562,0.351585749511096,1484,"tags=18%, list=10%, signal=16%","POLR2F/POLR3H/GTF3C4/POLR3B/GTF3C1","REACTOME"
"REACTOME_MAP3K8_TPL2_DEPENDENT_MAPK1_3_ACTIVATION","REACTOME_MAP3K8_TPL2_DEPENDENT_MAPK1_3_ACTIVATION",16,-0.542669479184889,-1.3234071305127,0.144097222222222,0.415555162102613,0.355355308715604,2011,"tags=25%, list=14%, signal=22%","MAP2K4/BTRC/FBXW11/MAP2K1","REACTOME"
"REACTOME_ASYMMETRIC_LOCALIZATION_OF_PCP_PROTEINS","REACTOME_ASYMMETRIC_LOCALIZATION_OF_PCP_PROTEINS",47,-0.409579424415217,-1.25022846496482,0.145631067961165,0.418792167187757,0.358123381516157,2187,"tags=21%, list=15%, signal=18%","PSMD3/SMURF2/PSMB2/DVL2/FZD3/FZD2/FZD5/FZD4/PARD6A/FZD8","REACTOME"
"REACTOME_SIGNALING_BY_ALK_IN_CANCER","REACTOME_SIGNALING_BY_ALK_IN_CANCER",87,-0.362304025126038,-1.22301344988846,0.148036253776435,0.424509595336369,0.363012548178241,3684,"tags=39%, list=25%, signal=30%","RPS6/RB1/ATIC/HDAC1/KIF5B/BIRC6/MSN/SEC31A/GZMB/STAT3/AGO1/PPM1B/STRN/CLTC/MAPK8/GRB2/RANBP2/IL10RA/AGO4/SHC1/RRBP1/PIK3CA/AGO2/EIF2AK3/FRS2/DCTN1/PRKAR1A/MYH9/PRF1/PIK3R1/VCL/MAPK1/TNRC6C/SQSTM1","REACTOME"
"REACTOME_SARS_COV_1_ACTIVATES_MODULATES_INNATE_IMMUNE_RESPONSES","REACTOME_SARS_COV_1_ACTIVATES_MODULATES_INNATE_IMMUNE_RESPONSES",41,0.376681997499711,1.23690265083807,0.148541114058355,0.424760826155634,0.363227384169899,3203,"tags=32%, list=22%, signal=25%","RIPK3/CASP1/PYCARD/IKBKE/FKBP1A/IRF3/NFKBIA/TLR7/KPNA2/NMI/PPIH/SFTPD/NLRP3","REACTOME"
"REACTOME_TNF_RECEPTOR_SUPERFAMILY_TNFSF_MEMBERS_MEDIATING_NON_CANONICAL_NF_KB_PATHWAY","REACTOME_TNF_RECEPTOR_SUPERFAMILY_TNFSF_MEMBERS_MEDIATING_NON_CANONICAL_NF_KB_PATHWAY",17,0.500527958933273,1.31100864865002,0.149532710280374,0.425207539288884,0.363609383716169,1687,"tags=29%, list=11%, signal=26%","TNFRSF13C/TRAF2/LTBR/LTA/BIRC3","REACTOME"
"REACTOME_RNA_POLYMERASE_III_TRANSCRIPTION","REACTOME_RNA_POLYMERASE_III_TRANSCRIPTION",40,-0.419506105754936,-1.24597654674104,0.149277688603531,0.425207539288884,0.363609383716169,2037,"tags=22%, list=14%, signal=19%","NFIC/NFIA/POLR2F/POU2F1/POLR3H/GTF3C4/SNAPC1/POLR3B/GTF3C1","REACTOME"
"REACTOME_TICAM1_RIP1_MEDIATED_IKK_COMPLEX_RECRUITMENT","REACTOME_TICAM1_RIP1_MEDIATED_IKK_COMPLEX_RECRUITMENT",19,0.483779305314729,1.30641472949502,0.150943396226415,0.426834381551363,0.3650005516937,1791,"tags=26%, list=12%, signal=23%","RIPK3/UBE2V1/TICAM1/BIRC3/IKBKB","REACTOME"
"REACTOME_MITOTIC_G1_PHASE_AND_G1_S_TRANSITION","REACTOME_MITOTIC_G1_PHASE_AND_G1_S_TRANSITION",137,-0.330812119716371,-1.17453535673349,0.1506456241033,0.426834381551363,0.3650005516937,2187,"tags=16%, list=15%, signal=14%","PSMD3/RBL2/PSMB2/E2F6/POLA1/PRIM1/CCND2/MCM5/FBXO5/RBBP4/RPA2/CDKN2C/DYRK1A/MCM3/LIN54/CDKN2D/TFDP2/AKT3/ABL1/WEE1/MAX/CDKN1B","REACTOME"
"REACTOME_VEGFR2_MEDIATED_VASCULAR_PERMEABILITY","REACTOME_VEGFR2_MEDIATED_VASCULAR_PERMEABILITY",24,-0.477446119600231,-1.27488325519142,0.156040268456376,0.440024912156761,0.376280221645788,2332,"tags=33%, list=16%, signal=28%","CALM1/PDPK1/PRR5/RAC1/CTNNB1/MAPKAP1/VAV3/AKT3","REACTOME"
"REACTOME_SLC_MEDIATED_TRANSPORT_OF_ORGANIC_ANIONS","REACTOME_SLC_MEDIATED_TRANSPORT_OF_ORGANIC_ANIONS",16,-0.530932807727824,-1.29478492990895,0.159722222222222,0.440704087552058,0.376861007554081,3754,"tags=62%, list=25%, signal=47%","SLC25A1/SLC44A1/SLC25A11/SLCO4C1/BSG/EMB/SLC44A2/SLC17A5/SLCO3A1/SLC16A1","REACTOME"
"REACTOME_SYNTHESIS_OF_GLYCOSYLPHOSPHATIDYLINOSITOL_GPI","REACTOME_SYNTHESIS_OF_GLYCOSYLPHOSPHATIDYLINOSITOL_GPI",17,0.492768521336477,1.29068472944331,0.158878504672897,0.440704087552058,0.376861007554081,2260,"tags=29%, list=15%, signal=25%","PIGG/PIGB/PIGL/PIGH/PIGF","REACTOME"
"REACTOME_TGFBR3_EXPRESSION","REACTOME_TGFBR3_EXPRESSION",20,-0.49450041310689,-1.26367339695074,0.157439446366782,0.440704087552058,0.376861007554081,3075,"tags=65%, list=21%, signal=52%","TNRC6A/AGO1/KLF16/TCF12/SMAD4/AGO4/EP300/AGO2/SMAD3/SP1/TNRC6B/TGFBR3/TNRC6C","REACTOME"
"REACTOME_REGULATION_OF_GLUCOKINASE_BY_GLUCOKINASE_REGULATORY_PROTEIN","REACTOME_REGULATION_OF_GLUCOKINASE_BY_GLUCOKINASE_REGULATORY_PROTEIN",30,-0.4496066779599,-1.25924476995966,0.158064516129032,0.440704087552058,0.376861007554081,3052,"tags=40%, list=21%, signal=32%","NUP35/NUP205/NUP98/NUP133/RANBP2/NDC1/POM121/NUP210/NUP160/NUP62/NUP188/POM121C","REACTOME"
"REACTOME_INTEGRATION_OF_ENERGY_METABOLISM","REACTOME_INTEGRATION_OF_ENERGY_METABOLISM",74,-0.370164131663899,-1.21611121500657,0.158218125960061,0.440704087552058,0.376861007554081,1882,"tags=26%, list=13%, signal=23%","ITPR2/GNAI2/VAMP2/PPP2R1A/PPP2R5D/GNB1/GNG2/ACLY/AHCYL1/PRKAR2A/PRKACB/ADIPOR2/PRKAG2/PRKAR1A/IQGAP1/SLC2A1/PLCB1/AKAP5/CACNA2D2","REACTOME"
"REACTOME_CELLULAR_SENESCENCE","REACTOME_CELLULAR_SENESCENCE",147,-0.327629438260009,-1.18050720565678,0.158995815899582,0.440704087552058,0.376861007554081,3502,"tags=35%, list=24%, signal=27%","TNIK/H2AZ2/EHMT2/EP400/RPS6KA1/RPS6KA3/CBX8/RBBP7/MAPK14/UBE2D1/TNRC6A/STAT3/AGO1/ASF1A/KDM6B/H2AC6/H3C10/H2BC9/TERF2IP/BMI1/SUZ12/RNF2/MAPK8/CDC23/AGO4/MAP2K4/H2AX/H2BC11/UBN1/TERF2/CBX4/MAP4K4/RBBP4/TERF1/HIRA/RING1/MAPKAPK2/CDKN2C/PHC2/RELA/SP1/MAP2K3/ETS1/MAP3K5/CDKN2D/MAP2K6/TFDP2/TNRC6B/MAPK1/TNRC6C/CBX6/CDKN1B","REACTOME"
"REACTOME_MAPK1_MAPK3_SIGNALING","REACTOME_MAPK1_MAPK3_SIGNALING",205,-0.310822611671663,-1.15686874216496,0.159559834938102,0.440704087552058,0.376861007554081,3071,"tags=26%, list=21%, signal=21%","NRG2/CUL3/PPP1CB/PHB1/DLG2/DUSP2/APBB1IP/SOS1/IL5RA/BCL2L1/PPP2R1A/FLT3/CALM1/NCAM1/GRB2/MAP2K2/PRKCQ/PSMD3/RAP1B/PPP2R5D/PSMB2/SHC1/JAK1/SHOC2/PDE6D/TLN1/PDGFB/DUSP7/PIK3CA/RASGRP1/RASA3/FRS2/SPTBN1/FNTB/PPP2R5E/PPP2R5A/ARL2/ABHD17C/PSPN/ICMT/DUSP8/PTPRA/ARRB1/ERBB2/SPTAN1/PIK3R1/VCL/IQGAP1/ABHD17B/MAPK1/MAP2K1/PPP2R5C/FYN","REACTOME"
"REACTOME_INTERLEUKIN_1_FAMILY_SIGNALING","REACTOME_INTERLEUKIN_1_FAMILY_SIGNALING",123,0.291693525427366,1.15606962622744,0.159744408945687,0.440704087552058,0.376861007554081,2411,"tags=24%, list=16%, signal=21%","NLRC5/ALPK1/CASP1/IRAK4/CASP8/PSMA3/IL1B/PTPN6/NOD1/UBE2V1/TRAF2/IRAK3/GSDMD/S100A12/PTPN20/PTPN13/NOD2/PSMC6/ALOX5/USP18/IKBKB/AGER/NFKBIA/PSMB3/MYD88/IL1RL1/PSMA5/NFKB2/PSMA4/PSMB4","REACTOME"
"REACTOME_SIGNALING_BY_HIPPO","REACTOME_SIGNALING_BY_HIPPO",17,-0.528097651410081,-1.30666967571365,0.162020905923345,0.444619147449336,0.38020890801427,3035,"tags=53%, list=21%, signal=42%","NPHP4/SAV1/LATS1/DVL2/WWTR1/AMOTL1/AMOT/STK4/LATS2","REACTOME"
"REACTOME_TRANSCRIPTION_OF_THE_HIV_GENOME","REACTOME_TRANSCRIPTION_OF_THE_HIV_GENOME",67,-0.379260090002146,-1.22611484617758,0.162037037037037,0.444619147449336,0.38020890801427,1484,"tags=18%, list=10%, signal=16%","POLR2F/RNGTT/ELL/POLR2A/NELFB/GTF2F1/SUPT16H/TAF15/TAF3/TAF7/CTDP1/TAF4","REACTOME"
"REACTOME_REGULATION_OF_CDH1_GENE_TRANSCRIPTION","REACTOME_REGULATION_OF_CDH1_GENE_TRANSCRIPTION",60,-0.385440558739251,-1.22392317307298,0.162717219589258,0.445285294467377,0.380778552915438,4071,"tags=48%, list=28%, signal=35%","ZNF217/H3-3A/DNTTIP1/TCF3/RB1/HDAC1/H2AZ2/RBBP7/STRAP/H2AC6/H3C10/H2BC9/SUZ12/TCF12/SIRT1/TLE1/CTBP2/H2AX/H2BC11/SMARCA4/TGIF2/RBBP4/ZEB2/SP1/FOXJ2/ARID1A/CTBP1/KDM1A/MAPK1","REACTOME"
"REACTOME_NICOTINATE_METABOLISM","REACTOME_NICOTINATE_METABOLISM",25,0.438131995485841,1.25544000800615,0.16452442159383,0.44782315824203,0.382948766276661,2284,"tags=32%, list=15%, signal=27%","PARP14/NADSYN1/CD38/PARP9/PARP6/NAXD/QPRT/NAMPT","REACTOME"
"REACTOME_INTRAFLAGELLAR_TRANSPORT","REACTOME_INTRAFLAGELLAR_TRANSPORT",49,0.352811246598339,1.21034336807983,0.164490861618799,0.44782315824203,0.382948766276661,2064,"tags=22%, list=14%, signal=19%","IFT80/DYNLT2/TUBA1A/IFT27/TUBB4B/IFT25/IFT74/IFT20/TUBA1B/CLUAP1/TUBB2A","REACTOME"
"REACTOME_DNA_DAMAGE_RECOGNITION_IN_GG_NER","REACTOME_DNA_DAMAGE_RECOGNITION_IN_GG_NER",38,-0.413716007216772,-1.22200682333606,0.165605095541401,0.449562632696391,0.38443624986032,1128,"tags=47%, list=8%, signal=44%","COPS6/GPS1/COPS5/CUL4A/UBA52/RPS27A/RAD23B/COPS2/CETN2/CUL4B/COPS4/RUVBL1/ACTR8/PARP1/XPC/DDB1/INO80/YY1","REACTOME"
"REACTOME_NEGATIVE_REGULATION_OF_FGFR1_SIGNALING","REACTOME_NEGATIVE_REGULATION_OF_FGFR1_SIGNALING",19,-0.50215466444455,-1.27504359937152,0.166089965397924,0.449679746742251,0.384536398051744,4336,"tags=53%, list=29%, signal=37%","UBA52/RPS27A/BRAF/FGFR1/PTPN11/PPP2CB/PPP2R1A/GRB2/FRS2/MAPK1","REACTOME"
"REACTOME_SNRNP_ASSEMBLY","REACTOME_SNRNP_ASSEMBLY",54,-0.395164229581373,-1.2316868319394,0.168539325842697,0.455100885166751,0.389172197324892,3278,"tags=39%, list=22%, signal=30%","DDX20/CLNS1A/NUP35/NUP205/TGS1/NUP98/NUP133/SNRPD3/PRMT5/GEMIN2/RANBP2/NDC1/POM121/GEMIN5/NUP210/NUP160/NUP62/PHAX/NUP188/GEMIN4/POM121C","REACTOME"
"REACTOME_TRANSCRIPTIONAL_REGULATION_OF_BROWN_AND_BEIGE_ADIPOCYTE_DIFFERENTIATION","REACTOME_TRANSCRIPTIONAL_REGULATION_OF_BROWN_AND_BEIGE_ADIPOCYTE_DIFFERENTIATION",21,-0.482319235905475,-1.24769735175713,0.170648464163823,0.45957708073749,0.392999943925038,3584,"tags=52%, list=24%, signal=40%","HDAC1/MBD3/HNRNPU/RBBP7/MTA3/CHD4/SMAD4/RBBP4/GATAD2A/NCOA1/GATAD2B","REACTOME"
"REACTOME_TOLL_LIKE_RECEPTOR_9_TLR9_CASCADE","REACTOME_TOLL_LIKE_RECEPTOR_9_TLR9_CASCADE",105,0.300857614887476,1.15557666844131,0.171875,0.461658970976253,0.394780238855715,2312,"tags=26%, list=16%, signal=22%","NLRC5/ALPK1/DUSP6/FOS/IRAK4/CASP8/JUN/MAPK11/NOD1/UBE2V1/TRAF2/RPS6KA5/S100A12/TICAM1/IRF7/NOD2/MEF2C/IRF5/USP18/IKBKB/AGER/TLR4/NFKBIA/MYD88/MAPKAPK3/NFKB2/TLR7","REACTOME"
"REACTOME_INFLAMMASOMES","REACTOME_INFLAMMASOMES",21,0.461404795309277,1.27660660085373,0.173076923076923,0.462447001817081,0.395454110746278,2267,"tags=33%, list=15%, signal=28%","AIM2/P2RX7/CASP1/PYCARD/NLRP1/NLRC4/NFKB2","REACTOME"
"REACTOME_GENE_SILENCING_BY_RNA","REACTOME_GENE_SILENCING_BY_RNA",64,-0.380942497266104,-1.22053869208102,0.172684458398744,0.462447001817081,0.395454110746278,3462,"tags=28%, list=23%, signal=22%","H2AZ2/PRKRA/TNRC6A/AGO1/POLR2B/H2AC6/H3C10/H2BC9/AGO4/H2AX/H2BC11/POLR2F/AGO2/TSN/POLR2A/MYBL1/TNRC6B/TNRC6C","REACTOME"
"REACTOME_FCERI_MEDIATED_CA_2_MOBILIZATION","REACTOME_FCERI_MEDIATED_CA_2_MOBILIZATION",38,-0.412775383562605,-1.21922847175301,0.173566878980892,0.46254210157735,0.395535433775689,2760,"tags=37%, list=19%, signal=30%","ITPR2/SOS1/CALM1/GRB2/SHC1/PPP3CA/AHCYL1/PPP3R1/FCER1A/VAV3/ITK/NFATC3/IGLV2-14/NFATC2","REACTOME"
"REACTOME_CA2_PATHWAY","REACTOME_CA2_PATHWAY",48,-0.400535236476575,-1.22799833557519,0.174474959612278,0.463748064974671,0.396566693965518,2332,"tags=35%, list=16%, signal=30%","CALM1/AGO4/GNB1/GNG2/PPP3CA/AGO2/FZD3/CTNNB1/PPP3R1/LEF1/FZD2/FZD5/GNAO1/FZD4/TNRC6B/PLCB1/TNRC6C","REACTOME"
"REACTOME_IRS_MEDIATED_SIGNALLING","REACTOME_IRS_MEDIATED_SIGNALLING",26,-0.453074200605743,-1.23473957808958,0.176948051948052,0.468368990108121,0.400518203721865,2658,"tags=50%, list=18%, signal=41%","PIK3CB/FGFR4/FGFR1/PTPN11/SOS1/FLT3/GRB2/PDPK1/PIK3R4/PIK3CA/FRS2/PDE3B/PIK3R1","REACTOME"
"REACTOME_DISEASES_OF_CARBOHYDRATE_METABOLISM","REACTOME_DISEASES_OF_CARBOHYDRATE_METABOLISM",27,-0.44911084727133,-1.23355761764834,0.177133655394525,0.468368990108121,0.400518203721865,4660,"tags=48%, list=32%, signal=33%","GUSB/IDS/ARSB/UBA52/RPS27A/G6PC3/EPM2A/RPIA/GNS/DCXR/NHLRC1/HGSNAT/KHK","REACTOME"
"REACTOME_PHASE_I_FUNCTIONALIZATION_OF_COMPOUNDS","REACTOME_PHASE_I_FUNCTIONALIZATION_OF_COMPOUNDS",49,-0.395855130851454,-1.21928257907262,0.180936995153473,0.477119547409592,0.408001101962292,4385,"tags=43%, list=30%, signal=30%","MTARC1/AIP/CBR3/ALDH1B1/HSP90AB1/CYP3A5/SMOX/CES2/FDX1/EPHX1/PTGES3/NCOA2/CYP2S1/ADH5/CYB5B/POR/AOC3/NCOA1/ADH6/CYB5R3/CYP2R1","REACTOME"
"REACTOME_NCAM_SIGNALING_FOR_NEURITE_OUT_GROWTH","REACTOME_NCAM_SIGNALING_FOR_NEURITE_OUT_GROWTH",40,-0.40366457974099,-1.19892557511706,0.181380417335474,0.477119547409592,0.408001101962292,1150,"tags=25%, list=8%, signal=23%","SOS1/CREB1/NCAM1/GRB2/SPTBN1/PSPN/PTPRA/SPTAN1/MAPK1/FYN","REACTOME"
"REACTOME_ACTIVATION_OF_BAD_AND_TRANSLOCATION_TO_MITOCHONDRIA","REACTOME_ACTIVATION_OF_BAD_AND_TRANSLOCATION_TO_MITOCHONDRIA",15,-0.533000217300508,-1.26511537084231,0.184587813620072,0.478031849734586,0.408781242612452,2373,"tags=33%, list=16%, signal=28%","YWHAZ/YWHAQ/PPP3R1/BCL2/AKT3","REACTOME"
"REACTOME_NEGATIVE_REGULATION_OF_FGFR4_SIGNALING","REACTOME_NEGATIVE_REGULATION_OF_FGFR4_SIGNALING",18,-0.506016991397794,-1.26306311099335,0.185121107266436,0.478031849734586,0.408781242612452,4336,"tags=56%, list=29%, signal=39%","UBA52/FGFR4/RPS27A/BRAF/PTPN11/PPP2CB/PPP2R1A/GRB2/FRS2/MAPK1","REACTOME"
"REACTOME_ROLE_OF_LAT2_NTAL_LAB_ON_CALCIUM_MOBILIZATION","REACTOME_ROLE_OF_LAT2_NTAL_LAB_ON_CALCIUM_MOBILIZATION",22,-0.470474164888573,-1.22942149884088,0.184121621621622,0.478031849734586,0.408781242612452,2658,"tags=41%, list=18%, signal=34%","SOS1/GRB2/SHC1/PDPK1/PIK3CA/FCER1A/PIK3R1/IGLV2-14/FYN","REACTOME"
"REACTOME_PINK1_PRKN_MEDIATED_MITOPHAGY","REACTOME_PINK1_PRKN_MEDIATED_MITOPHAGY",30,-0.438314757512854,-1.22761870108038,0.185483870967742,0.478031849734586,0.408781242612452,4640,"tags=50%, list=31%, signal=34%","ATG5/VDAC1/UBA52/TOMM7/RPS27A/TOMM40/OPTN/TOMM20/UBE2D2/UBE2L3/TOMM5/TOMM70/MFN2/PINK1/SQSTM1","REACTOME"
"REACTOME_RAF_ACTIVATION","REACTOME_RAF_ACTIVATION",32,-0.430241879587836,-1.22273350590881,0.183441558441558,0.478031849734586,0.408781242612452,3001,"tags=34%, list=20%, signal=27%","PPP1CB/PHB1/PPP2R1A/CALM1/MAP2K2/PPP2R5D/SHOC2/PPP2R5E/PPP2R5A/MAP2K1/PPP2R5C","REACTOME"
"REACTOME_MRNA_SPLICING_MINOR_PATHWAY","REACTOME_MRNA_SPLICING_MINOR_PATHWAY",50,-0.395073255801441,-1.21563365450479,0.182707993474715,0.478031849734586,0.408781242612452,1591,"tags=20%, list=11%, signal=18%","TXNL4A/SF3B4/POLR2F/SF3B2/POLR2A/PRPF6/GTF2F1/PRPF8/SF3B3/PDCD7","REACTOME"
"REACTOME_CARGO_RECOGNITION_FOR_CLATHRIN_MEDIATED_ENDOCYTOSIS","REACTOME_CARGO_RECOGNITION_FOR_CLATHRIN_MEDIATED_ENDOCYTOSIS",84,-0.354168463404104,-1.19109873800143,0.185240963855422,0.478031849734586,0.408781242612452,3774,"tags=35%, list=26%, signal=26%","VAMP7/CLTB/COPS2/STON2/TOR1A/EPS15L1/COPS4/SLC2A8/VAMP2/DAB2/CLTC/SYT11/GRB2/TOR1B/AP2M1/FCHO2/PICALM/EPN2/STAM/AAK1/DVL2/AGFG1/SH3KBP1/LDLRAP1/AP2B1/ARRB1/ADRB2/FZD4/IGF2R","REACTOME"
"REACTOME_METABOLISM_OF_WATER_SOLUBLE_VITAMINS_AND_COFACTORS","REACTOME_METABOLISM_OF_WATER_SOLUBLE_VITAMINS_AND_COFACTORS",107,0.296839882695599,1.14156897516252,0.182965299684543,0.478031849734586,0.408781242612452,2307,"tags=23%, list=16%, signal=20%","ENPP3/PPCDC/SLC25A16/PARP14/TCN2/NADSYN1/GSTO1/CD38/PARP9/MTHFD1L/ACP5/ENPP1/PARP6/MCCC1/MTHFD2L/NAXD/MTHFD1/MTHFS/SLC25A42/PPCS/SLC46A1/SLC5A6/QPRT/NAMPT/CUBN","REACTOME"
"REACTOME_SIGNALING_BY_FGFR4","REACTOME_SIGNALING_BY_FGFR4",28,-0.441563526297929,-1.22145961749538,0.187399030694669,0.480793450881612,0.411142781386716,4336,"tags=50%, list=29%, signal=35%","UBA52/FGFR4/RPS27A/BRAF/PTPN11/PPP2CB/SOS1/PPP2R1A/GRB2/SHC1/PIK3CA/FRS2/PIK3R1/MAPK1","REACTOME"
"REACTOME_MAPK6_MAPK4_SIGNALING","REACTOME_MAPK6_MAPK4_SIGNALING",69,-0.367685744153323,-1.19717803202935,0.1875,0.480793450881612,0.411142781386716,3380,"tags=32%, list=23%, signal=25%","PSMD13/PSMD2/PSMB5/SEPTIN7/KALRN/HSPB1/TNRC6A/AGO1/XPO1/PSMD3/AGO4/PSMB2/CDC42EP3/CDC14B/AGO2/RAC1/PRKACB/TNRC6B/FOXO3/DNAJB1/TNRC6C/FOXO1","REACTOME"
"REACTOME_TRANSCRIPTIONAL_REGULATION_OF_PLURIPOTENT_STEM_CELLS","REACTOME_TRANSCRIPTIONAL_REGULATION_OF_PLURIPOTENT_STEM_CELLS",18,-0.50053811859781,-1.24938736049262,0.188581314878893,0.482247622286735,0.412386292659631,3032,"tags=39%, list=21%, signal=31%","STAT3/EOMES/SMAD4/SMAD2/EPAS1/FOXP1/TSC22D1","REACTOME"
"REACTOME_SIGNALING_BY_FGFR3","REACTOME_SIGNALING_BY_FGFR3",28,-0.439448575704287,-1.21560920959418,0.189014539579968,0.482247622286735,0.412386292659631,2658,"tags=46%, list=18%, signal=38%","UBA52/RPS27A/BRAF/PTPN11/PPP2CB/SOS1/PPP2R1A/GRB2/SHC1/PIK3CA/FRS2/PIK3R1/MAPK1","REACTOME"
"REACTOME_GLUTATHIONE_CONJUGATION","REACTOME_GLUTATHIONE_CONJUGATION",24,0.421599048873109,1.22109566102506,0.189655172413793,0.482672413793103,0.412749546279492,1604,"tags=25%, list=11%, signal=22%","GSTK1/GSTM2/GSTO1/GSTZ1/AKR1A1/GSTA4","REACTOME"
"REACTOME_SUMOYLATION_OF_DNA_METHYLATION_PROTEINS","REACTOME_SUMOYLATION_OF_DNA_METHYLATION_PROTEINS",15,-0.529630573328957,-1.2571172720718,0.191756272401434,0.484968744433444,0.414713216468264,3293,"tags=47%, list=22%, signal=36%","CBX8/UBE2I/BMI1/RNF2/CBX4/RING1/PHC2","REACTOME"
"REACTOME_SUMOYLATION_OF_INTRACELLULAR_RECEPTORS","REACTOME_SUMOYLATION_OF_INTRACELLULAR_RECEPTORS",23,-0.464327795056077,-1.22476285898492,0.191986644407346,0.484968744433444,0.414713216468264,1952,"tags=26%, list=13%, signal=23%","PIAS1/PIAS4/HDAC4/THRA/NR3C2/NR3C1","REACTOME"
"REACTOME_RND1_GTPASE_CYCLE","REACTOME_RND1_GTPASE_CYCLE",32,-0.424949670563261,-1.20769321903385,0.191558441558442,0.484968744433444,0.414713216468264,2788,"tags=47%, list=19%, signal=38%","STIP1/PLXNA1/ARHGAP5/DLG5/TMEM59/RRAS2/WDR6/LEMD3/VANGL1/KIDINS220/FRS2/FLOT2/PIK3R1/ARHGAP35/CPD","REACTOME"
"REACTOME_NUCLEOTIDE_CATABOLISM","REACTOME_NUCLEOTIDE_CATABOLISM",25,0.42441241758999,1.21612741006564,0.19280205655527,0.48582300389422,0.41544372269726,1161,"tags=16%, list=8%, signal=15%","DNPH1/TYMP/NT5C/ENTPD4","REACTOME"
"REACTOME_FCGR_ACTIVATION","REACTOME_FCGR_ACTIVATION",22,-0.468081814602753,-1.22316991885276,0.194256756756757,0.485880536556212,0.415492920827202,286,"tags=14%, list=2%, signal=13%","IGLV2-14/CD247/FYN","REACTOME"
"REACTOME_RAC2_GTPASE_CYCLE","REACTOME_RAC2_GTPASE_CYCLE",80,-0.354842655861776,-1.18096124146151,0.19359756097561,0.485880536556212,0.415492920827202,3014,"tags=30%, list=20%, signal=24%","MPP7/NCKAP1/ESYT1/LAMTOR1/PREX1/WASF2/ARHGAP42/TAOK3/ITGB1/ERBIN/VAPB/LEMD3/PIK3CA/LMAN1/PIK3R3/VANGL1/TMPO/VAV3/PIK3R1/GARRE1/IQGAP1/ARHGAP26/ARHGAP35/BCR","REACTOME"
"REACTOME_ANTIGEN_PROCESSING_UBIQUITINATION_PROTEASOME_DEGRADATION","REACTOME_ANTIGEN_PROCESSING_UBIQUITINATION_PROTEASOME_DEGRADATION",267,-0.290641366966456,-1.11764756042936,0.194225721784777,0.485880536556212,0.415492920827202,2375,"tags=20%, list=16%, signal=17%","CDC23/UBR4/RCHY1/HACE1/BTBD1/HUWE1/PSMD3/SMURF2/RNF25/PSMB2/RNF41/ZNRF2/PJA2/STUB1/UBE2Q1/UBE3A/UBE2B/MKRN1/UBE2E3/LRRC41/PJA1/UBE2W/LNPEP/AREL1/BTRC/ASB8/UBE2M/RNF220/FBXL20/GAN/UBE2Z/TRIM32/UBE2G1/FBXL5/FBXO31/FBXW11/KLHL25/KEAP1/UBE2O/RNF115/UBE2D4/RNF111/MEX3C/ASB7/UBOX5/SIAH2/UBE2J2/FBXO21/NEDD4/KLHL21/UBE2H/FBXL14/FBXO32","REACTOME"
"REACTOME_HSF1_ACTIVATION","REACTOME_HSF1_ACTIVATION",27,-0.441482787325017,-1.21260588265502,0.194847020933977,0.486162419879385,0.41573396881424,3088,"tags=44%, list=21%, signal=35%","HSPA1L/HSPB1/HSPA1A/PTGES3/HSPA1B/EEF1A1/RPA2/VCP/DEDD2/DNAJB6/FKBP4/DNAJB1","REACTOME"
"REACTOME_NOTCH1_INTRACELLULAR_DOMAIN_REGULATES_TRANSCRIPTION","REACTOME_NOTCH1_INTRACELLULAR_DOMAIN_REGULATES_TRANSCRIPTION",45,-0.393045911956169,-1.19415691296633,0.197115384615385,0.490619710362987,0.419545549033388,2418,"tags=53%, list=16%, signal=45%","UBA52/HDAC2/FBXW7/NOTCH1/RPS27A/TLE3/HDAC11/HDAC1/HDAC5/NCOR2/MAML2/CDK8/MAMLD1/TLE1/SNW1/TLE2/EP300/NCOR1/HEY2/TBL1X/HDAC4/MAML1/TLE4/CREBBP","REACTOME"
"REACTOME_THE_NLRP3_INFLAMMASOME","REACTOME_THE_NLRP3_INFLAMMASOME",16,0.482441489237745,1.23798058391023,0.199530516431925,0.493378984725544,0.421905098095363,689,"tags=19%, list=5%, signal=18%","P2RX7/CASP1/PYCARD","REACTOME"
"REACTOME_CITRIC_ACID_CYCLE_TCA_CYCLE","REACTOME_CITRIC_ACID_CYCLE_TCA_CYCLE",34,-0.418182703116495,-1.21419751557489,0.199677938808374,0.493378984725544,0.421905098095363,1052,"tags=41%, list=7%, signal=38%","SUCLA2/SUCLG1/ISCU/SDHB/CS/IDH2/SDHAF2/SDHD/ACO2/NNT/SDHA/ISCA1/SDHAF1/OGDH","REACTOME"
"REACTOME_RUNX1_REGULATES_GENES_INVOLVED_IN_MEGAKARYOCYTE_DIFFERENTIATION_AND_PLATELET_FUNCTION","REACTOME_RUNX1_REGULATES_GENES_INVOLVED_IN_MEGAKARYOCYTE_DIFFERENTIATION_AND_PLATELET_FUNCTION",60,-0.376253165817754,-1.19474963945854,0.199052132701422,0.493378984725544,0.421905098095363,3075,"tags=35%, list=21%, signal=28%","TNRC6A/AGO1/H2AC6/H3C10/H2BC9/ASH2L/RBBP5/CBFB/PRKCQ/AGO4/H2AX/PRMT6/H2BC11/RUNX1/ZFPM1/EP300/SETD1B/TNRC6B/SIN3A/TNRC6C/SETD1A","REACTOME"
"REACTOME_ANCHORING_OF_THE_BASAL_BODY_TO_THE_PLASMA_MEMBRANE","REACTOME_ANCHORING_OF_THE_BASAL_BODY_TO_THE_PLASMA_MEMBRANE",96,0.302722985318375,1.13848470634769,0.201277955271566,0.496128228732333,0.424256069860035,1720,"tags=19%, list=12%, signal=17%","CEP83/B9D2/TUBA1A/HAUS3/SCLT1/SFI1/HAUS5/CC2D2A/CDK1/YWHAE/CEP135/TUBG1/CEP43/CEP162/TUBB4B/TCTN1/SDCCAG8/CEP290","REACTOME"
"REACTOME_PROTEIN_METHYLATION","REACTOME_PROTEIN_METHYLATION",17,-0.506829748229979,-1.25404659724085,0.202090592334495,0.496812566722587,0.424841270478316,2332,"tags=41%, list=16%, signal=35%","CALM1/EEF2KMT/EEF1A1/RPS2/HSPA8/VCP/EEF2","REACTOME"
"REACTOME_TOLL_LIKE_RECEPTOR_TLR1_TLR2_CASCADE","REACTOME_TOLL_LIKE_RECEPTOR_TLR1_TLR2_CASCADE",108,0.293132688349617,1.12799700114607,0.20253164556962,0.496812566722587,0.424841270478316,2304,"tags=24%, list=16%, signal=20%","NLRC5/ALPK1/DUSP6/FOS/IRAK4/CASP8/JUN/MAPK11/NOD1/UBE2V1/TRAF2/IRAK3/RPS6KA5/S100A12/NOD2/MEF2C/TLR2/USP18/IKBKB/AGER/TLR4/NFKBIA/MYD88/MAPKAPK3/NFKB2/CD36","REACTOME"
"REACTOME_DEADENYLATION_DEPENDENT_MRNA_DECAY","REACTOME_DEADENYLATION_DEPENDENT_MRNA_DECAY",56,-0.375762864415341,-1.1841907372133,0.204724409448819,0.500984251968504,0.428408619975135,2095,"tags=20%, list=14%, signal=17%","CNOT8/PAIP1/TNKS1BP1/EIF4G1/DDX6/CNOT4/DCP1A/CNOT6/EXOSC6/CNOT6L/EIF4B","REACTOME"
"REACTOME_TRANSLESION_SYNTHESIS_BY_POLH","REACTOME_TRANSLESION_SYNTHESIS_BY_POLH",19,-0.479679723186996,-1.21797646044851,0.205882352941176,0.501171912625619,0.428569094965761,4336,"tags=53%, list=29%, signal=37%","UBA52/RPS27A/RPA1/RFC2/SPRTN/NPLOC4/RCHY1/RFC1/RPA2/VCP","REACTOME"
"REACTOME_ABORTIVE_ELONGATION_OF_HIV_1_TRANSCRIPT_IN_THE_ABSENCE_OF_TAT","REACTOME_ABORTIVE_ELONGATION_OF_HIV_1_TRANSCRIPT_IN_THE_ABSENCE_OF_TAT",23,-0.460149139983712,-1.21374077159831,0.20534223706177,0.501171912625619,0.428569094965761,1484,"tags=22%, list=10%, signal=20%","POLR2F/POLR2A/NELFB/GTF2F1/CTDP1","REACTOME"
"REACTOME_TRANSCRIPTIONAL_REGULATION_BY_RUNX2","REACTOME_TRANSCRIPTIONAL_REGULATION_BY_RUNX2",86,-0.344404305272118,-1.16234111766025,0.20627802690583,0.501171912625619,0.428569094965761,2283,"tags=21%, list=15%, signal=18%","CBFB/SATB2/SMAD4/PSMD3/PSMB2/STUB1/GLI3/RUNX1/WWTR1/HEY2/HDAC4/GSK3B/PPM1D/AKT3/MAF/ABL1/MAPK1/NR3C1","REACTOME"
"REACTOME_ZBP1_DAI_MEDIATED_INDUCTION_OF_TYPE_I_IFNS","REACTOME_ZBP1_DAI_MEDIATED_INDUCTION_OF_TYPE_I_IFNS",20,0.450917255083441,1.23665538214578,0.207547169811321,0.502908087211022,0.43005375671959,2267,"tags=40%, list=15%, signal=34%","RIPK3/TICAM1/IRF3/ZBP1/IKBKB/NFKBIA/MYD88/NFKB2","REACTOME"
"REACTOME_HEMOSTASIS","REACTOME_HEMOSTASIS",461,-0.272714443145737,-1.09752086969656,0.207980652962515,0.502908087211022,0.43005375671959,2862,"tags=24%, list=19%, signal=20%","MANF/KIF18A/TGFB1/PDE5A/F7/ITPR2/H3C10/GNAI2/RAB5A/APBB1IP/SOS1/LAMP2/RBSN/P2RY12/PPP2R1A/ATP1B1/SOD1/TRPC3/IRF2/TUBB4A/YWHAZ/ITGA4/GNA13/PROCR/CALM1/GRB2/GNAI3/CHID1/FLNA/PDE2A/CALU/PRKCQ/F11R/RAP1B/DOCK6/PPP2R5D/ITGB1/SHC1/PDPK1/PROC/BRPF3/GATA2/KIF13B/GNB1/TBXA2R/TAGLN2/GNG2/MAGED2/ACTN4/QSOX1/TLN1/SERPINE1/ABHD12/CRK/ZFPM1/PDGFB/PIK3CA/VEGFB/CD44/CYB5R1/PRKCB/PIK3R3/ENDOD1/RCOR1/DOCK11/RASGRP1/EHD3/RAC1/KIF2A/KIF1C/PPP2R5E/PPP2R5A/PRKAR2A/SLC3A2/VAV3/STIM1/PRKACB/MFN2/SELPLG/LCK/INPP5D/SPN/PRKCH/APLP2/GNA12/GP5/CD244/GLG1/DGKK/ORAI1/ARRB1/PRKAR1A/KIF3C/ATP2B4/KDM1A/RAD51C/PIK3R1/PRKCZ/VCL/IGLV2-14/ABL1/SLC16A1/SIN3A/WEE1/MAPK1/PPP2R5C/FYN/F2R/EHD1","REACTOME"
"REACTOME_RND2_GTPASE_CYCLE","REACTOME_RND2_GTPASE_CYCLE",35,-0.414377733329944,-1.199704792708,0.210016155088853,0.506626649005811,0.433233624989976,2682,"tags=37%, list=18%, signal=30%","ARHGAP5/DLG5/PLXND1/WDR6/LEMD3/VANGL1/KIDINS220/FRS2/FNBP1/PRAG1/LRRC1/PIK3R1/ARHGAP35","REACTOME"
"REACTOME_METABOLISM_OF_FOLATE_AND_PTERINES","REACTOME_METABOLISM_OF_FOLATE_AND_PTERINES",15,0.487126160417838,1.23644640003364,0.211711711711712,0.507111817700053,0.433648509190305,4201,"tags=53%, list=28%, signal=38%","MTHFD1L/MTHFD2L/MTHFD1/MTHFS/SLC46A1/MTHFR/FPGS/FOLR2","REACTOME"
"REACTOME_RESPONSE_OF_MTB_TO_PHAGOCYTOSIS","REACTOME_RESPONSE_OF_MTB_TO_PHAGOCYTOSIS",21,-0.460170509567291,-1.19040146733099,0.21160409556314,0.507111817700053,0.433648509190305,4336,"tags=48%, list=29%, signal=34%","UBA52/DUSP16/RPS27A/RAB7A/ATP6V1H/TRIM27/RAB5A/KPNA1/GSK3A/MAPK1","REACTOME"
"REACTOME_RAB_REGULATION_OF_TRAFFICKING","REACTOME_RAB_REGULATION_OF_TRAFFICKING",118,-0.327088488530526,-1.15105824521088,0.210982658959538,0.507111817700053,0.433648509190305,2720,"tags=24%, list=18%, signal=20%","TRAPPC10/RAB39B/RAB5A/GGA2/RAB3A/SBF1/RAB18/ARF6/RAB9A/RAB6A/TRAPPC6A/RAB21/TRAPPC12/TRAPPC9/RGP1/RAB35/TBC1D15/MON1A/TBC1D10B/DENND4C/TBC1D17/RAB27A/AKT3/MADD/RAB5B/TBC1D14/TBC1D25/TBC1D13","REACTOME"
"REACTOME_NEGATIVE_REGULATION_OF_FGFR2_SIGNALING","REACTOME_NEGATIVE_REGULATION_OF_FGFR2_SIGNALING",18,-0.493864650496289,-1.23272979459125,0.21280276816609,0.507421355782012,0.433913205699228,4336,"tags=50%, list=29%, signal=35%","UBA52/RPS27A/BRAF/PTPN11/PPP2CB/PPP2R1A/GRB2/FRS2/MAPK1","REACTOME"
"REACTOME_REGULATION_OF_EXPRESSION_AND_FUNCTION_OF_TYPE_II_CLASSICAL_CADHERINS","REACTOME_REGULATION_OF_EXPRESSION_AND_FUNCTION_OF_TYPE_II_CLASSICAL_CADHERINS",22,-0.458568244716269,-1.19830949457858,0.212837837837838,0.507421355782012,0.433913205699228,1358,"tags=32%, list=9%, signal=29%","AGO2/CTNNB1/ZEB2/SP1/AMOT/TNRC6B/TNRC6C","REACTOME"
"REACTOME_ABERRANT_REGULATION_OF_MITOTIC_G1_S_TRANSITION_IN_CANCER_DUE_TO_RB1_DEFECTS","REACTOME_ABERRANT_REGULATION_OF_MITOTIC_G1_S_TRANSITION_IN_CANCER_DUE_TO_RB1_DEFECTS",17,-0.503138200555766,-1.24491261720995,0.214285714285714,0.508491508491508,0.434828329565172,481,"tags=18%, list=3%, signal=17%","CCND2/TFDP2/CDKN1B","REACTOME"
"REACTOME_REGULATION_OF_T_CELL_ACTIVATION_BY_CD28_FAMILY","REACTOME_REGULATION_OF_T_CELL_ACTIVATION_BY_CD28_FAMILY",215,-0.297848964621424,-1.11896311810402,0.214190093708166,0.508491508491508,0.434828329565172,3380,"tags=32%, list=23%, signal=25%","PSMD13/CSK/PSMD2/DERL1/RBBP7/PRKAA1/PSMB5/CSNK2A2/TNRC6A/STAT3/CUL3/AGO1/OS9/H2AC6/H3C10/H2BC9/BRD4/PPP2R1A/CD3E/SUZ12/ASH2L/RBBP5/GRB2/PSMD3/AGO4/RNF5/PPP2R5D/PSMB2/DDOST/JAK1/PDPK1/CSNK2A1/H2AX/H2BC11/RPN1/RBBP4/EP300/EPAS1/PIK3CA/PIK3R3/BTRC/AGO2/PRR5/SEL1L/RAC1/CTNNB1/WWTR1/MAPKAP1/VCP/RELA/PPP2R5E/PPP2R5A/LEF1/MAGT1/NFE2L2/LCK/GSK3B/STT3A/ERLEC1/PRKAG2/AKT3/PIK3R1/CREBBP/TNRC6B/TNRC6C/PPP2R5C/CD247/FYN","REACTOME"
"REACTOME_TRP_CHANNELS","REACTOME_TRP_CHANNELS",15,0.486409044215186,1.2346261821533,0.216216216216216,0.510691666144102,0.436709758971329,1172,"tags=20%, list=8%, signal=18%","RIPK3/MLKL/MCOLN2","REACTOME"
"REACTOME_INTRINSIC_PATHWAY_FOR_APOPTOSIS","REACTOME_INTRINSIC_PATHWAY_FOR_APOPTOSIS",53,-0.378817988470736,-1.18542577389316,0.215873015873016,0.510691666144102,0.436709758971329,2620,"tags=34%, list=18%, signal=28%","BCL2L1/TP53BP2/MAPK8/YWHAZ/AVEN/CASP9/YWHAQ/BBC3/BCL2L11/PPP1R13B/PPP3R1/SEPTIN4/NMT1/BCL2/TFDP2/AKT3/DYNLL2/MAPK1","REACTOME"
"REACTOME_DECTIN_2_FAMILY","REACTOME_DECTIN_2_FAMILY",15,0.486208106374172,1.23411615232871,0.218468468468468,0.513627946653351,0.439220671990819,1277,"tags=27%, list=9%, signal=24%","MUC1/MUC4/MUC20/FCER1G","REACTOME"
"REACTOME_ANTI_INFLAMMATORY_RESPONSE_FAVOURING_LEISHMANIA_PARASITE_INFECTION","REACTOME_ANTI_INFLAMMATORY_RESPONSE_FAVOURING_LEISHMANIA_PARASITE_INFECTION",69,-0.357353978023289,-1.16353799120747,0.217987804878049,0.513627946653351,0.439220671990819,2760,"tags=26%, list=19%, signal=21%","ITPR2/GNAI2/CREB1/CALM1/GNAI3/IGHG2/GNB1/GNG2/AHCYL1/FURIN/PRKAR2A/PRKACB/PRKAR1A/MYH9/IGLV2-14/GNAZ/CD247/FYN","REACTOME"
"REACTOME_RNA_POLYMERASE_I_PROMOTER_ESCAPE","REACTOME_RNA_POLYMERASE_I_PROMOTER_ESCAPE",54,0.327357520645366,1.14138357286923,0.218997361477573,0.513685055263062,0.439269507499279,1323,"tags=15%, list=9%, signal=14%","H4C3/CCNH/TBP/H3C1/TAF1C/POLR1C/H2BC5/POLR2H","REACTOME"
"REACTOME_MITOCHONDRIAL_PROTEIN_IMPORT","REACTOME_MITOCHONDRIAL_PROTEIN_IMPORT",62,0.323798838173276,1.14815057818076,0.219512195121951,0.513708999158957,0.439289982736488,2838,"tags=27%, list=19%, signal=22%","SLC25A13/PAM16/TIMM17A/TAFAZZIN/COA4/MTX1/ATP5MC1/TIMM44/CMC2/LDHD/CHCHD5/TIMM21/HSCB/TIMM10/TIMM9/TIMM8B/IDH3G","REACTOME"
"REACTOME_ACTIVATION_OF_GENE_EXPRESSION_BY_SREBF_SREBP","REACTOME_ACTIVATION_OF_GENE_EXPRESSION_BY_SREBF_SREBP",42,-0.389496543581558,-1.17090001385082,0.221153846153846,0.516363796753705,0.441560190171972,3351,"tags=36%, list=23%, signal=28%","PMVK/DHCR7/TGS1/NFYB/NCOA2/FDFT1/MED1/NCOA6/NFYA/HELZ2/SREBF2/SP1/TBL1X/NCOA1/CREBBP","REACTOME"
"REACTOME_COLLAGEN_BIOSYNTHESIS_AND_MODIFYING_ENZYMES","REACTOME_COLLAGEN_BIOSYNTHESIS_AND_MODIFYING_ENZYMES",29,-0.42712202223606,-1.18647984910272,0.222950819672131,0.518182498690022,0.443115423861698,771,"tags=14%, list=5%, signal=13%","PLOD1/CRTAP/P4HB/COL13A1","REACTOME"
"REACTOME_RET_SIGNALING","REACTOME_RET_SIGNALING",28,-0.428864348972841,-1.18633096362295,0.222940226171244,0.518182498690022,0.443115423861698,2658,"tags=32%, list=18%, signal=26%","SOS1/GRB2/SHC1/PIK3CA/PIK3R3/FRS2/PSPN/PRKACB/PIK3R1","REACTOME"
"REACTOME_NEGATIVE_REGULATION_OF_FGFR3_SIGNALING","REACTOME_NEGATIVE_REGULATION_OF_FGFR3_SIGNALING",17,-0.499414939241782,-1.23570016826087,0.224738675958188,0.52114800028573,0.445651324822975,4336,"tags=53%, list=29%, signal=37%","UBA52/RPS27A/BRAF/PTPN11/PPP2CB/PPP2R1A/GRB2/FRS2/MAPK1","REACTOME"
"REACTOME_SELECTIVE_AUTOPHAGY","REACTOME_SELECTIVE_AUTOPHAGY",77,-0.350300442924013,-1.15515335125759,0.225806451612903,0.522434017595308,0.446751041827443,3261,"tags=29%, list=22%, signal=22%","DYNC1I2/TOMM20/CSNK2A2/UBE2D2/UBE2L3/PGAM5/TUBB4A/TOMM5/TOMM70/CSNK2A1/DYNC1H1/EPAS1/NBR1/ARL13B/HSPA8/VCP/MFN2/PRKAG2/PEX5/PINK1/DYNLL2/SQSTM1","REACTOME"
"REACTOME_BASIGIN_INTERACTIONS","REACTOME_BASIGIN_INTERACTIONS",17,-0.498819337532055,-1.23422647359318,0.226480836236934,0.522806102696595,0.447069224413281,3969,"tags=47%, list=27%, signal=34%","ITGA6/BSG/PPIA/ATP1B1/ITGB1/SLC3A2/SPN/SLC16A1","REACTOME"
"REACTOME_ADRENALINE_NORADRENALINE_INHIBITS_INSULIN_SECRETION","REACTOME_ADRENALINE_NORADRENALINE_INHIBITS_INSULIN_SECRETION",19,-0.471303376909662,-1.19670770111348,0.228373702422145,0.525450090844024,0.449330188323863,3084,"tags=26%, list=21%, signal=21%","GNB5/GNAI2/GNB1/GNG2/CACNA2D2","REACTOME"
"REACTOME_TRANSCRIPTIONAL_REGULATION_BY_RUNX3","REACTOME_TRANSCRIPTIONAL_REGULATION_BY_RUNX3",80,-0.347512316876759,-1.15656494613152,0.228658536585366,0.525450090844024,0.449330188323863,2418,"tags=26%, list=16%, signal=22%","MAML2/ITGA4/MAMLD1/CBFB/SMAD4/PSMD3/SMURF2/PSMB2/SNW1/RUNX1/EP300/BCL2L11/SMAD3/CTNNB1/WWTR1/LEF1/HDAC4/MAML1/RUNX3/CREBBP/FOXO3","REACTOME"
"REACTOME_NEF_MEDIATES_DOWN_MODULATION_OF_CELL_SURFACE_RECEPTORS_BY_RECRUITING_THEM_TO_CLATHRIN_ADAPTERS","REACTOME_NEF_MEDIATES_DOWN_MODULATION_OF_CELL_SURFACE_RECEPTORS_BY_RECRUITING_THEM_TO_CLATHRIN_ADAPTERS",21,-0.454650799234255,-1.17612269208773,0.23037542662116,0.528203117793561,0.451684395011142,3472,"tags=38%, list=23%, signal=29%","CD28/AP1M1/ATP6V1H/ARF1/AP2M1/LCK/PACS1/AP2B1","REACTOME"
"REACTOME_NEGATIVE_REGULATION_OF_FLT3","REACTOME_NEGATIVE_REGULATION_OF_FLT3",15,-0.511702299999797,-1.21456319155705,0.232974910394265,0.530480840614471,0.453632153022611,4336,"tags=53%, list=29%, signal=38%","SOCS2/UBA52/RPS27A/CSK/FLT3/PTPRJ/ABL2/SLA2","REACTOME"
"REACTOME_G1_S_SPECIFIC_TRANSCRIPTION","REACTOME_G1_S_SPECIFIC_TRANSCRIPTION",28,-0.425945734425672,-1.17825744849753,0.232633279483037,0.530480840614471,0.453632153022611,2176,"tags=25%, list=15%, signal=21%","RBL2/E2F6/POLA1/FBXO5/RBBP4/LIN54/TFDP2","REACTOME"
"REACTOME_DOWNREGULATION_OF_TGF_BETA_RECEPTOR_SIGNALING","REACTOME_DOWNREGULATION_OF_TGF_BETA_RECEPTOR_SIGNALING",24,-0.440034389116106,-1.17498593320275,0.233221476510067,0.530480840614471,0.453632153022611,3130,"tags=54%, list=21%, signal=43%","STRAP/PPP1CB/TGFB1/SMAD7/XPO1/UCHL5/SMURF2/SMAD2/STUB1/SMAD3/TGFBR1/TGFBR2/ZFYVE9","REACTOME"
"REACTOME_COPI_INDEPENDENT_GOLGI_TO_ER_RETROGRADE_TRAFFIC","REACTOME_COPI_INDEPENDENT_GOLGI_TO_ER_RETROGRADE_TRAFFIC",45,-0.384039121043877,-1.16679237028982,0.233974358974359,0.530480840614471,0.453632153022611,3647,"tags=38%, list=25%, signal=29%","ACTR10/RAB6B/DYNC1I2/CAPZB/DCTN4/DCTN6/TUBB4A/RAB18/RAB6A/DYNC1H1/PAFAH1B2/BICD2/ACTR1A/PAFAH1B1/GALNT2/DCTN1/DYNLL2","REACTOME"
"REACTOME_METABOLISM_OF_STEROIDS","REACTOME_METABOLISM_OF_STEROIDS",109,-0.328209714812534,-1.14426088587168,0.233918128654971,0.530480840614471,0.453632153022611,3409,"tags=32%, list=23%, signal=25%","MBTPS1/PMVK/DHCR7/LBR/FDX1/SAR1B/TGS1/NFYB/UBE2I/SCAP/NCOA2/OSBPL2/AMACR/INSIG2/HSD17B11/FDFT1/MED1/HSD17B1/NSDHL/OSBP/SEC24B/PIAS4/NCOA6/AKR1C3/NFYA/HELZ2/SREBF2/SP1/SEC24D/TBL1X/HSD17B4/LDLRAP1/NCOA1/CYP2R1/CREBBP","REACTOME"
"REACTOME_SIGNALING_BY_FGFR1","REACTOME_SIGNALING_BY_FGFR1",34,-0.404639114111062,-1.17487357414974,0.235104669887279,0.530679720499445,0.453802221955373,4112,"tags=44%, list=28%, signal=32%","RPS27A/BRAF/FGFR1/PTPN11/PPP2CB/GIPC1/SOS1/PPP2R1A/GRB2/SHC1/PIK3CA/FRS2/PIK3R1/MAPK1/TGFBR3","REACTOME"
"REACTOME_UCH_PROTEINASES","REACTOME_UCH_PROTEINASES",74,-0.34922282965866,-1.14731213360737,0.235023041474654,0.530679720499445,0.453802221955373,3380,"tags=28%, list=23%, signal=22%","PSMD13/BAP1/PSMD2/PSMB5/TGFB1/H2AC6/SMAD7/RUVBL1/UCHL5/ASXL2/PSMD3/PSMB2/ACTR8/ASXL1/TGFBR1/TGFBR2/INO80/HCFC1/FOXK2/FOXK1/YY1","REACTOME"
"REACTOME_INSULIN_PROCESSING","REACTOME_INSULIN_PROCESSING",19,-0.464840363881539,-1.18029717268938,0.237024221453287,0.532650457923723,0.455487466345692,3731,"tags=53%, list=25%, signal=39%","EXOC5/KIF5B/EXOC2/EXOC8/VAMP2/SLC30A5/KIF5C/EXOC4/RAB27A/P4HB","REACTOME"
"REACTOME_MTOR_SIGNALLING","REACTOME_MTOR_SIGNALLING",39,-0.393597660720797,-1.16863786778476,0.236507936507937,0.532650457923723,0.455487466345692,1707,"tags=31%, list=12%, signal=27%","PRKAA1/RRAGC/LAMTOR1/PPM1A/RPS6KB1/AKT1S1/EIF4G1/RRAGA/RPTOR/PRKAG2/CAB39/EIF4B","REACTOME"
"REACTOME_TNF_SIGNALING","REACTOME_TNF_SIGNALING",56,0.322056202343671,1.12140748042444,0.239782016348774,0.537660997011127,0.459772148204118,1791,"tags=20%, list=12%, signal=17%","TNF/MIB2/SPPL2B/TRAF1/CASP8/CLIP3/IKBKE/TRAF2/BIRC3/SMPD2/IKBKB","REACTOME"
"REACTOME_MYOGENESIS","REACTOME_MYOGENESIS",20,-0.460195517297218,-1.17600879026723,0.240484429065744,0.538050876459181,0.460105547339202,1566,"tags=30%, list=11%, signal=27%","BNIP2/CTNNB1/MAP2K6/ABL1/MEF2D/NEO1","REACTOME"
"REACTOME_TNFR1_INDUCED_PROAPOPTOTIC_SIGNALING","REACTOME_TNFR1_INDUCED_PROAPOPTOTIC_SIGNALING",24,0.404921797797892,1.1727926134252,0.24384236453202,0.53901993270364,0.460934220190167,1687,"tags=25%, list=11%, signal=22%","TNF/MIB2/CASP8/IKBKE/TRAF2/BIRC3","REACTOME"
"REACTOME_FCGR3A_MEDIATED_IL10_SYNTHESIS","REACTOME_FCGR3A_MEDIATED_IL10_SYNTHESIS",43,-0.3818597271292,-1.15920934898008,0.242088607594937,0.53901993270364,0.460934220190167,1265,"tags=16%, list=9%, signal=15%","AHCYL1/PRKAR2A/PRKACB/PRKAR1A/IGLV2-14/CD247/FYN","REACTOME"
"REACTOME_DNA_DOUBLE_STRAND_BREAK_RESPONSE","REACTOME_DNA_DOUBLE_STRAND_BREAK_RESPONSE",55,-0.368962565613169,-1.15662269480199,0.243243243243243,0.53901993270364,0.460934220190167,2772,"tags=27%, list=19%, signal=22%","UBE2I/UBXN1/H2BC9/KDM4B/MAPK8/H2AX/H2BC11/KDM4A/PIAS4/RNF8/BAZ1B/RNF168/APBB1/UIMC1/ABL1","REACTOME"
"REACTOME_SPHINGOLIPID_METABOLISM","REACTOME_SPHINGOLIPID_METABOLISM",86,-0.337512151750745,-1.13908056805478,0.242152466367713,0.53901993270364,0.460934220190167,2371,"tags=21%, list=16%, signal=18%","ST3GAL3/SPTLC3/CERS2/B4GALT5/HEXB/UGCG/B3GALT4/KDSR/SMPD4/VAPB/OSBP/CYB5B/DEGS1/PRKD3/ST6GALNAC6/ST3GAL2/PPM1L/ARSK","REACTOME"
"REACTOME_TP53_REGULATES_METABOLIC_GENES","REACTOME_TP53_REGULATES_METABOLIC_GENES",73,-0.345120063432022,-1.13354891738095,0.242748091603053,0.53901993270364,0.460934220190167,3290,"tags=32%, list=22%, signal=25%","SESN3/PRKAA1/RRAGC/TNRC6A/AGO1/LAMTOR1/PTEN/YWHAZ/MT-CO2/AGO4/GPX2/TXNRD1/MT-CO3/YWHAQ/AGO2/RRAGA/RPTOR/MT-CO1/SESN2/PRKAG2/AKT3/TNRC6B/TNRC6C","REACTOME"
"REACTOME_DENGUE_VIRUS_ATTACHMENT_AND_ENTRY","REACTOME_DENGUE_VIRUS_ATTACHMENT_AND_ENTRY",34,0.358965161017868,1.1333714858972,0.244094488188976,0.53901993270364,0.460934220190167,2449,"tags=29%, list=17%, signal=25%","SDC3/UBA7/TIMD4/AXL/UBA3/HAVCR1/RNASEK/MERTK/CD33/GAS6","REACTOME"
"REACTOME_DOWNSTREAM_SIGNAL_TRANSDUCTION","REACTOME_DOWNSTREAM_SIGNAL_TRANSDUCTION",25,-0.428385458054759,-1.16004404211519,0.247960848287113,0.545904856676894,0.466821752116422,3032,"tags=44%, list=21%, signal=35%","STAT3/SOS1/GRB2/CRKL/CRK/PDGFB/PIK3CA/NCK1/RAPGEF1/NCK2/PIK3R1","REACTOME"
"REACTOME_TERMINATION_OF_TRANSLESION_DNA_SYNTHESIS","REACTOME_TERMINATION_OF_TRANSLESION_DNA_SYNTHESIS",32,0.372982397023358,1.15733816234487,0.248704663212435,0.545904856676894,0.466821752116422,3941,"tags=38%, list=27%, signal=28%","UBA7/POLD4/POLI/ISG15/RFC4/PCLAF/UBE2L6/RPA3/POLK/RFC3/POLE/USP43","REACTOME"
"REACTOME_POST_TRANSLATIONAL_MODIFICATION_SYNTHESIS_OF_GPI_ANCHORED_PROTEINS","REACTOME_POST_TRANSLATIONAL_MODIFICATION_SYNTHESIS_OF_GPI_ANCHORED_PROTEINS",50,0.329407503176456,1.13968646804485,0.249357326478149,0.545904856676894,0.466821752116422,4607,"tags=44%, list=31%, signal=30%","PIGG/PIGB/PIGL/PIGH/PLAUR/FCGR3B/LYPD2/NTNG2/CD52/PIGF/SPRN/PGAP1/PRSS21/GPLD1/DPM3/VNN2/FOLR2/PIGM/LY6E/DPM2/PIGQ/PIGZ","REACTOME"
"REACTOME_PLATELET_HOMEOSTASIS","REACTOME_PLATELET_HOMEOSTASIS",60,0.317373084294021,1.11872999226148,0.249322493224932,0.545904856676894,0.466821752116422,2397,"tags=30%, list=16%, signal=25%","KCNMA1/P2RX7/P2RX4/LRP8/KCNMB1/PTPN6/P2RX1/KCNMB3/GNB4/ITPR3/NOS3/PECAM1/PTGIR/FGR/SLC8A1/GUCY1A1/ATP2A1/IRAG1","REACTOME"
"REACTOME_ACTIVATION_OF_ANTERIOR_HOX_GENES_IN_HINDBRAIN_DEVELOPMENT_DURING_EARLY_EMBRYOGENESIS","REACTOME_ACTIVATION_OF_ANTERIOR_HOX_GENES_IN_HINDBRAIN_DEVELOPMENT_DURING_EARLY_EMBRYOGENESIS",82,-0.340871821980314,-1.13625687779502,0.25,0.546137339055794,0.467020555681048,2834,"tags=28%, list=19%, signal=23%","POLR2B/H2AC6/H3C10/H2BC9/SUZ12/ASH2L/RBBP5/HOXC4/MEIS1/H2AX/PKNOX1/H2BC11/RBBP4/PAGR1/EP300/POLR2F/NCOR1/NCOA6/POLR2A/CNOT6/CREBBP/CTCF/YY1","REACTOME"
"REACTOME_SUMOYLATION_OF_TRANSCRIPTION_FACTORS","REACTOME_SUMOYLATION_OF_TRANSCRIPTION_FACTORS",16,-0.492139420932911,-1.20017956389824,0.251736111111111,0.548177172842052,0.468764886713243,2772,"tags=31%, list=19%, signal=25%","UBE2I/PIAS1/HIC1/PIAS4/SP3","REACTOME"
"REACTOME_B_WICH_COMPLEX_POSITIVELY_REGULATES_RRNA_EXPRESSION","REACTOME_B_WICH_COMPLEX_POSITIVELY_REGULATES_RRNA_EXPRESSION",55,0.323080718668,1.12560332064172,0.25201072386059,0.548177172842052,0.468764886713243,1727,"tags=16%, list=12%, signal=15%","H4C3/TBP/H3C1/MYO1C/TAF1C/POLR1C/H2BC5/POLR2H/KAT2A","REACTOME"
"REACTOME_P75NTR_SIGNALS_VIA_NF_KB","REACTOME_P75NTR_SIGNALS_VIA_NF_KB",15,-0.502326811749624,-1.19230977793835,0.254480286738351,0.550023209978008,0.470343495658993,1069,"tags=53%, list=7%, signal=50%","NFKB1/UBA52/RPS27A/NGFR/TRAF6/RELA/PRKCI/SQSTM1","REACTOME"
"REACTOME_INOSITOL_PHOSPHATE_METABOLISM","REACTOME_INOSITOL_PHOSPHATE_METABOLISM",41,-0.385885693836172,-1.15213795829979,0.2544,0.550023209978008,0.470343495658993,797,"tags=29%, list=5%, signal=28%","SYNJ1/IP6K2/PTEN/CALM1/INPP5A/PLCD3/INPP5D/NUDT3/IP6K1/ITPKB/PLCD1/PLCB1","REACTOME"
"REACTOME_RHOQ_GTPASE_CYCLE","REACTOME_RHOQ_GTPASE_CYCLE",53,-0.366151314354152,-1.14578826346785,0.253968253968254,0.550023209978008,0.470343495658993,2753,"tags=30%, list=19%, signal=25%","LAMTOR1/ARHGAP5/STOM/PREX1/STEAP3/WWP2/CDC42EP3/ARL13B/VANGL1/ARHGEF7/FNBP1/WASL/IQGAP1/ARHGAP26/ARHGAP35/PLEKHG3","REACTOME"
"REACTOME_VLDLR_INTERNALISATION_AND_DEGRADATION","REACTOME_VLDLR_INTERNALISATION_AND_DEGRADATION",15,-0.501688285645619,-1.19079418908371,0.256272401433692,0.550687006383209,0.470911130471424,5734,"tags=80%, list=39%, signal=49%","MYLIP/UBB/UBC/AP2S1/CLTA/UBA52/RPS27A/NR1H2/CLTC/AP2M1/VLDLR/AP2B1","REACTOME"
"REACTOME_G_PROTEIN_MEDIATED_EVENTS","REACTOME_G_PROTEIN_MEDIATED_EVENTS",42,-0.380416864141175,-1.14360478631235,0.256410256410256,0.550687006383209,0.470911130471424,2760,"tags=29%, list=19%, signal=23%","ITPR2/GNAI2/CREB1/CALM1/GNAI3/AHCYL1/PRKAR2A/PRKACB/PRKAR1A/GNAL/MAPK1/PLCB1","REACTOME"
"REACTOME_RAC1_GTPASE_CYCLE","REACTOME_RAC1_GTPASE_CYCLE",162,-0.303211042105015,-1.09992448649761,0.255649717514124,0.550687006383209,0.470911130471424,2912,"tags=27%, list=20%, signal=22%","NCKAP1/ESYT1/ARHGAP10/LAMTOR1/ARHGAP25/ARHGAP5/SOS1/PREX1/WASF2/ARHGAP31/ARHGAP42/GNA13/PKN1/WIPF2/DOCK6/TAOK3/ITGB1/ERBIN/TAGAP/LEMD3/PIK3CA/PIK3R3/VANGL1/ARHGEF7/TMPO/DOCK11/RAC1/VAV3/CYFIP2/WIPF1/ABL2/WASL/IQGAP2/SOS2/PIK3R1/GARRE1/IQGAP1/ARHGAP26/PARD6A/RALBP1/ARHGAP35/BCR/PLEKHG3","REACTOME"
"REACTOME_EPHB_MEDIATED_FORWARD_SIGNALING","REACTOME_EPHB_MEDIATED_FORWARD_SIGNALING",36,-0.395285445658369,-1.15350223795449,0.257648953301127,0.552182388337995,0.47218988228262,1123,"tags=11%, list=8%, signal=10%","RAC1/WASL/EFNB1/FYN","REACTOME"
"REACTOME_BUTYRATE_RESPONSE_FACTOR_1_BRF1_BINDS_AND_DESTABILIZES_MRNA","REACTOME_BUTYRATE_RESPONSE_FACTOR_1_BRF1_BINDS_AND_DESTABILIZES_MRNA",17,-0.484129848961631,-1.19788033720067,0.259581881533101,0.555156208824993,0.474732897009895,1198,"tags=24%, list=8%, signal=22%","MAPKAPK2/ZFP36L1/DCP1A/EXOSC6","REACTOME"
"REACTOME_CASPASE_ACTIVATION_VIA_EXTRINSIC_APOPTOTIC_SIGNALLING_PATHWAY","REACTOME_CASPASE_ACTIVATION_VIA_EXTRINSIC_APOPTOTIC_SIGNALLING_PATHWAY",23,0.405803035900845,1.15440865561754,0.26302729528536,0.5578370554177,0.477025379826738,2277,"tags=35%, list=15%, signal=29%","TNFRSF10B/CASP8/TRAF2/TICAM1/TLR4/TNFSF10/TNFRSF10A/DAPK1","REACTOME"
"REACTOME_FORMATION_OF_ATP_BY_CHEMIOSMOTIC_COUPLING","REACTOME_FORMATION_OF_ATP_BY_CHEMIOSMOTIC_COUPLING",20,0.418503758406362,1.147760302909,0.261792452830189,0.5578370554177,0.477025379826738,4847,"tags=55%, list=33%, signal=37%","DMAC2L/ATP5MC1/ATP5MF/ATP5PF/ATP5PD/ATP5MJ/ATP5PO/ATP5ME/ATP5MG/ATP5MK/ATP5F1E","REACTOME"
"REACTOME_EPH_EPHRIN_SIGNALING","REACTOME_EPH_EPHRIN_SIGNALING",74,-0.343109473640356,-1.12722774352406,0.262672811059908,0.5578370554177,0.477025379826738,1336,"tags=15%, list=9%, signal=14%","ARHGEF7/EFNA3/ADAM10/RAC1/VAV3/WASL/NCK2/AP2B1/MYH9/EFNB1/FYN","REACTOME"
"REACTOME_MRNA_POLYADENYLATION","REACTOME_MRNA_POLYADENYLATION",127,-0.315488156310665,-1.11780321009143,0.262626262626263,0.5578370554177,0.477025379826738,3046,"tags=26%, list=21%, signal=21%","SF3A2/PPP1CB/DDX46/POLR2B/HNRNPC/DNAJC8/HNRNPD/PUF60/SNRPD3/HNRNPH2/SRSF4/FIP1L1/WDR33/HNRNPR/PPP1R10/HNRNPF/PTBP1/SF3B4/POLR2F/HNRNPM/SF3A1/SF3B2/SF3A3/POLR2A/PPP1R8/GTF2F1/CSTF1/SF3B3/DHX9/CSTF2T/CPSF7/PCBP1/SRSF8","REACTOME"
"REACTOME_INTERLEUKIN_12_FAMILY_SIGNALING","REACTOME_INTERLEUKIN_12_FAMILY_SIGNALING",49,0.326695640513477,1.12075197627201,0.263707571801567,0.55811706464448,0.477264825210407,438,"tags=12%, list=3%, signal=12%","PSME2/STAT1/JAK2/IFNG/MTAP/GSTO1","REACTOME"
"REACTOME_SIGNALING_BY_ERBB4","REACTOME_SIGNALING_BY_ERBB4",39,-0.383634398689176,-1.13905576794328,0.265079365079365,0.558697295343258,0.477761000153939,3241,"tags=36%, list=22%, signal=28%","WWP1/S100B/ITCH/NRG2/SOS1/WWOX/TAB2/GRB2/SHC1/PIK3CA/NCOR1/PIK3R1/NEDD4/MXD4","REACTOME"
"REACTOME_ERCC6_CSB_AND_EHMT2_G9A_POSITIVELY_REGULATE_RRNA_EXPRESSION","REACTOME_ERCC6_CSB_AND_EHMT2_G9A_POSITIVELY_REGULATE_RRNA_EXPRESSION",40,-0.380568183574027,-1.13032688836734,0.264847512038523,0.558697295343258,0.477761000153939,3584,"tags=40%, list=24%, signal=30%","HDAC1/H2AZ2/MBD3/EHMT2/RBBP7/MTA3/H2AC6/H3C10/CHD4/H2BC9/H2AX/H2BC11/RBBP4/GATAD2A/ERCC6/GATAD2B","REACTOME"
"REACTOME_DOWNREGULATION_OF_ERBB2_SIGNALING","REACTOME_DOWNREGULATION_OF_ERBB2_SIGNALING",22,-0.440219808661055,-1.1503622034415,0.266891891891892,0.561355260218897,0.480033916038701,4437,"tags=50%, list=30%, signal=35%","PTPN18/UBA52/PTPN12/RPS27A/NRG2/MATK/RNF41/ERBIN/STUB1/ERBB2/AKT3","REACTOME"
"REACTOME_RIP_MEDIATED_NFKB_ACTIVATION_VIA_ZBP1","REACTOME_RIP_MEDIATED_NFKB_ACTIVATION_VIA_ZBP1",17,0.441178905434792,1.155558546339,0.268691588785047,0.563975334810675,0.482274430657045,2267,"tags=41%, list=15%, signal=35%","RIPK3/TICAM1/ZBP1/IKBKB/NFKBIA/MYD88/NFKB2","REACTOME"
"REACTOME_ION_HOMEOSTASIS","REACTOME_ION_HOMEOSTASIS",31,-0.405049152570201,-1.14344707127392,0.272141706924316,0.5688711656036,0.48646102156362,2760,"tags=42%, list=19%, signal=34%","SRI/ITPR1/ATP2B1/ATP1A1/ITPR2/ATP1B1/CALM1/RYR2/AHCYL1/ATP1A3/STIM1/ORAI1/ATP2B4","REACTOME"
"REACTOME_CYCLIN_D_ASSOCIATED_EVENTS_IN_G1","REACTOME_CYCLIN_D_ASSOCIATED_EVENTS_IN_G1",47,-0.373147135391002,-1.13902003488577,0.271844660194175,0.5688711656036,0.48646102156362,1131,"tags=11%, list=8%, signal=10%","CDKN2C/CDKN2D/TFDP2/ABL1/CDKN1B","REACTOME"
"REACTOME_FORMATION_OF_RNA_POL_II_ELONGATION_COMPLEX","REACTOME_FORMATION_OF_RNA_POL_II_ELONGATION_COMPLEX",56,-0.356092835575059,-1.12220199867836,0.274015748031496,0.570457539171379,0.487817583388202,3017,"tags=29%, list=20%, signal=23%","EAF1/POLR2B/CTR9/AFF4/SKIC8/RTF1/CDC73/MLLT3/POLR2F/ELL/POLR2A/NELFB/MLLT1/GTF2F1/SUPT16H/CTDP1","REACTOME"
"REACTOME_REGULATION_OF_PD_L1_CD274_EXPRESSION","REACTOME_REGULATION_OF_PD_L1_CD274_EXPRESSION",150,0.265173774739511,1.06444908975945,0.274021352313167,0.570457539171379,0.487817583388202,550,"tags=9%, list=4%, signal=8%","ATF3/MOV10/EZH2/FOSB/H4C3/MIB2/TCF7L1/STAT1/FOS/JUN/PDCD1/H3C1/PSMA3","REACTOME"
"REACTOME_SYNTHESIS_OF_IP3_AND_IP4_IN_THE_CYTOSOL","REACTOME_SYNTHESIS_OF_IP3_AND_IP4_IN_THE_CYTOSOL",21,-0.443011772241121,-1.14601403774575,0.274744027303754,0.570794734275963,0.488105930354897,1396,"tags=33%, list=9%, signal=30%","PTEN/CALM1/PLCD3/INPP5D/ITPKB/PLCD1/PLCB1","REACTOME"
"REACTOME_ADORA2B_MEDIATED_ANTI_INFLAMMATORY_CYTOKINES_PRODUCTION","REACTOME_ADORA2B_MEDIATED_ANTI_INFLAMMATORY_CYTOKINES_PRODUCTION",29,-0.411463706134431,-1.14298343459287,0.275409836065574,0.571012654001536,0.48829228090091,3084,"tags=34%, list=21%, signal=27%","GNB5/GNAI2/CREB1/GNAI3/GNB1/GNG2/PRKAR2A/PRKACB/PRKAR1A/GNAZ","REACTOME"
"REACTOME_PRE_NOTCH_PROCESSING_IN_GOLGI","REACTOME_PRE_NOTCH_PROCESSING_IN_GOLGI",18,-0.470236674676857,-1.17375227970083,0.278546712802768,0.576342588685402,0.492850088763135,2765,"tags=44%, list=19%, signal=36%","TMED2/ST3GAL3/ST3GAL4/MFNG/RAB6A/SEL1L/FURIN/B4GALT1","REACTOME"
"REACTOME_OTHER_INTERLEUKIN_SIGNALING","REACTOME_OTHER_INTERLEUKIN_SIGNALING",18,0.430418588984327,1.14597062167133,0.280660377358491,0.577548848658906,0.493881602565314,3505,"tags=50%, list=24%, signal=38%","IL10RB/STXBP2/TYK2/CSF1R/IFNL1/CASP3/STX1A/IFNLR1/STX4","REACTOME"
"REACTOME_NUCLEOTIDE_SALVAGE","REACTOME_NUCLEOTIDE_SALVAGE",21,0.409647923133948,1.13340660525274,0.28125,0.577548848658906,0.493881602565314,1528,"tags=24%, list=10%, signal=21%","TYMP/ADA/AMPD2/CDA/UCKL1","REACTOME"
"REACTOME_P53_DEPENDENT_G1_DNA_DAMAGE_RESPONSE","REACTOME_P53_DEPENDENT_G1_DNA_DAMAGE_RESPONSE",52,-0.361673692040959,-1.12672751633953,0.281399046104928,0.577548848658906,0.493881602565314,43,"tags=8%, list=0%, signal=8%","PSMD3/PSMB2/PHF20/CDKN1B","REACTOME"
"REACTOME_MITOCHONDRIAL_TRANSLATION","REACTOME_MITOCHONDRIAL_TRANSLATION",113,-0.314923863592588,-1.10468066114676,0.28134110787172,0.577548848658906,0.493881602565314,3894,"tags=36%, list=26%, signal=27%","TUFM/MRPS12/MRPL19/MRPS27/NDUFAB1/MT-ATP8/MRPS2/MRPL50/MRPS17/MRPL30/MRPL17/MRPS23/MRPL12/AURKAIP1/MT-ND3/MTRFR/MRPL36/MALSU1/GFM1/MT-ND6/MRPS26/MRPL34/MT-CO2/TSFM/MT-ATP6/MT-CO3/MRPS34/MRPL47/MT-ND5/MIEF1/MT-ND2/GADD45GIP1/MT-ND4/MT-ND1/MRPL10/MRPL49/MT-ND4L/MT-CO1/MT-CYB/MRPL46/MRPS31","REACTOME"
"REACTOME_HCMV_LATE_EVENTS","REACTOME_HCMV_LATE_EVENTS",75,-0.337618743721945,-1.11218083272075,0.282012195121951,0.577642685380576,0.493961845527594,3096,"tags=29%, list=21%, signal=23%","CHMP2B/NUP35/NUP205/H2AC6/H3C10/NUP98/H2BC9/NUP133/CHMP4B/RANBP2/NDC1/H2BC11/VPS37B/UBAP1/MVB12B/CHMP7/POM121/NUP210/NUP160/NUP62/NUP188/POM121C","REACTOME"
"REACTOME_TRIGLYCERIDE_CATABOLISM","REACTOME_TRIGLYCERIDE_CATABOLISM",15,-0.49217126942645,-1.16820484838061,0.283154121863799,0.57881706035612,0.494966093386942,1262,"tags=40%, list=9%, signal=37%","PLIN3/FABP3/PPP1CB/GPD2/PRKACB/LIPE","REACTOME"
"REACTOME_THE_PHOTOTRANSDUCTION_CASCADE","REACTOME_THE_PHOTOTRANSDUCTION_CASCADE",21,-0.440001550550015,-1.13822698437405,0.284982935153584,0.580225255972696,0.496170289204239,3900,"tags=52%, list=26%, signal=39%","PRKCA/CAMKMT/GNB5/METAP1/NMT2/CALM1/PRKCQ/GRK4/GNB1/FNTB/NMT1","REACTOME"
"REACTOME_IRON_UPTAKE_AND_TRANSPORT","REACTOME_IRON_UPTAKE_AND_TRANSPORT",51,0.31998391738482,1.10503628306046,0.284960422163588,0.580225255972696,0.496170289204239,800,"tags=14%, list=5%, signal=13%","TCIRG1/LCN2/ATP6V0A2/ATP6V1G2/TFRC/ATP6V0A1/SLC11A2","REACTOME"
"REACTOME_SIGNALING_BY_NTRK3_TRKC","REACTOME_SIGNALING_BY_NTRK3_TRKC",15,-0.488111385110185,-1.15856841318672,0.28673835125448,0.581473389595739,0.497237610583886,2658,"tags=47%, list=18%, signal=38%","SOS1/GRB2/SHC1/PIK3CA/NELFB/PTPRS/PIK3R1","REACTOME"
"REACTOME_TRANSCRIPTIONAL_REGULATION_BY_THE_AP_2_TFAP2_FAMILY_OF_TRANSCRIPTION_FACTORS","REACTOME_TRANSCRIPTIONAL_REGULATION_BY_THE_AP_2_TFAP2_FAMILY_OF_TRANSCRIPTION_FACTORS",27,-0.411155666624612,-1.12930740302884,0.286634460547504,0.581473389595739,0.497237610583886,515,"tags=26%, list=3%, signal=25%","UBE2I/WWOX/YEATS4/EP300/ERBB2/CREBBP/YY1","REACTOME"
"REACTOME_SIGNALING_BY_ERBB2_IN_CANCER","REACTOME_SIGNALING_BY_ERBB2_IN_CANCER",19,-0.447572878532811,-1.13645252037396,0.288927335640138,0.581553374705345,0.497306008563044,3071,"tags=42%, list=21%, signal=33%","NRG2/SOS1/GRB2/SHC1/ERBIN/PIK3CA/ERBB2/PIK3R1","REACTOME"
"REACTOME_CA_DEPENDENT_EVENTS","REACTOME_CA_DEPENDENT_EVENTS",28,-0.407175879782944,-1.12633599641436,0.287560581583199,0.581553374705345,0.497306008563044,1028,"tags=21%, list=7%, signal=20%","CREB1/CALM1/PRKAR2A/PRKACB/PRKAR1A/MAPK1","REACTOME"
"REACTOME_O_LINKED_GLYCOSYLATION_OF_MUCINS","REACTOME_O_LINKED_GLYCOSYLATION_OF_MUCINS",37,-0.379294030631849,-1.11499894484579,0.289389067524116,0.581553374705345,0.497306008563044,3310,"tags=38%, list=22%, signal=29%","ST6GALNAC4/GALNT18/B3GNT9/ST3GAL3/B4GALT5/GALNT12/ST3GAL4/B3GNT7/ST3GAL1/GALNT10/GALNT2/GALNT11/ST3GAL2/ST6GAL1","REACTOME"
"REACTOME_RAC3_GTPASE_CYCLE","REACTOME_RAC3_GTPASE_CYCLE",82,-0.330648441580327,-1.10217841913477,0.289634146341463,0.581553374705345,0.497306008563044,3014,"tags=27%, list=20%, signal=21%","MPP7/NCKAP1/ESYT1/LAMTOR1/ARHGAP5/PREX1/WASF2/ARHGAP42/TAOK3/ITGB1/ERBIN/LEMD3/LMAN1/VANGL1/TMPO/ABL2/RAPGEF1/PIK3R1/GARRE1/ARHGAP26/ARHGAP35/BCR","REACTOME"
"REACTOME_CELLULAR_RESPONSES_TO_MECHANICAL_STIMULI","REACTOME_CELLULAR_RESPONSES_TO_MECHANICAL_STIMULI",80,-0.330528959846357,-1.10004218577145,0.289634146341463,0.581553374705345,0.497306008563044,2105,"tags=22%, list=14%, signal=19%","ITGB1/PDPK1/GNB1/GNG2/TLN1/PIK3CA/PRR5/CTNNB1/MAPKAP1/RELA/HSPG2/PRKAR2A/PRKACB/PDE4D/PRKAR1A/VCL/ABL1/FYN","REACTOME"
"REACTOME_CREATION_OF_C4_AND_C2_ACTIVATORS","REACTOME_CREATION_OF_C4_AND_C2_ACTIVATORS",17,0.428847425679841,1.12325929847312,0.292056074766355,0.581825996305576,0.497539136536771,3540,"tags=53%, list=24%, signal=40%","IGKV4-1/C1QB/IGHV4-39/IGKV3-20/C1QA/IGLV2-11/IGLC3/FCN1/C1QC","REACTOME"
"REACTOME_NEGATIVE_REGULATION_OF_MAPK_PATHWAY","REACTOME_NEGATIVE_REGULATION_OF_MAPK_PATHWAY",41,-0.371528360486135,-1.10927130375218,0.2912,0.581825996305576,0.497539136536771,1424,"tags=27%, list=10%, signal=24%","DUSP2/PPP2R1A/MAP2K2/PPP2R5D/DUSP7/PPP2R5E/PPP2R5A/DUSP8/MAPK1/MAP2K1/PPP2R5C","REACTOME"
"REACTOME_FACTORS_INVOLVED_IN_MEGAKARYOCYTE_DEVELOPMENT_AND_PLATELET_PRODUCTION","REACTOME_FACTORS_INVOLVED_IN_MEGAKARYOCYTE_DEVELOPMENT_AND_PLATELET_PRODUCTION",121,-0.311410552630059,-1.09810411186308,0.290697674418605,0.581825996305576,0.497539136536771,1273,"tags=14%, list=9%, signal=13%","RCOR1/DOCK11/EHD3/RAC1/KIF2A/KIF1C/PRKAR2A/PRKACB/MFN2/PRKAR1A/KIF3C/KDM1A/RAD51C/ABL1/SIN3A/WEE1/EHD1","REACTOME"
"REACTOME_DEATH_RECEPTOR_SIGNALING","REACTOME_DEATH_RECEPTOR_SIGNALING",142,0.268353019647586,1.07201145474043,0.291666666666667,0.581825996305576,0.497539136536771,2542,"tags=24%, list=17%, signal=20%","PLEKHG2/TNF/MIB2/TNFRSF10B/SPPL2B/TRAF1/OMG/CASP8/FGD4/ARHGEF39/CLIP3/IKBKE/APH1B/YWHAE/TRAF2/ARHGEF1/MCF2/FGD2/ARHGEF11/BIRC3/BEX3/SMPD2/IKBKB/VAV1/TNFSF10/NFKBIA/MYD88/PSENEN/TNFRSF10A/RTN4R/ARHGEF19/VAV2/RNF31/SPPL2A","REACTOME"
"REACTOME_MTORC1_MEDIATED_SIGNALLING","REACTOME_MTORC1_MEDIATED_SIGNALLING",24,-0.418146217789576,-1.11653983433338,0.293624161073825,0.582207379719558,0.497865270425059,1707,"tags=25%, list=12%, signal=22%","RPS6KB1/AKT1S1/EIF4G1/RRAGA/RPTOR/EIF4B","REACTOME"
"REACTOME_CARBOXYTERMINAL_POST_TRANSLATIONAL_MODIFICATIONS_OF_TUBULIN","REACTOME_CARBOXYTERMINAL_POST_TRANSLATIONAL_MODIFICATIONS_OF_TUBULIN",31,0.359044006466938,1.10551996936841,0.293963254593176,0.582207379719558,0.497865270425059,2736,"tags=29%, list=19%, signal=24%","AGBL2/TTLL3/TUBA1A/TUBB4B/TUBA1B/TUBB2A/SVBP/TUBB6/AGBL3","REACTOME"
"REACTOME_DEFECTIVE_PYROPTOSIS","REACTOME_DEFECTIVE_PYROPTOSIS",36,0.344501541476307,1.099076290181,0.293963254593176,0.582207379719558,0.497865270425059,1269,"tags=11%, list=9%, signal=10%","EZH2/H4C3/H3C1/H2BC5","REACTOME"
"REACTOME_DOWNSTREAM_SIGNALING_OF_ACTIVATED_FGFR1","REACTOME_DOWNSTREAM_SIGNALING_OF_ACTIVATED_FGFR1",15,-0.484095657757013,-1.14903678780514,0.299283154121864,0.589304160340536,0.503933968153887,3777,"tags=53%, list=26%, signal=40%","FGFR1/PTPN11/SOS1/GRB2/SHC1/PIK3CA/FRS2/PIK3R1","REACTOME"
"REACTOME_GLUCONEOGENESIS","REACTOME_GLUCONEOGENESIS",17,0.425985837948939,1.11576408027975,0.299065420560748,0.589304160340536,0.503933968153887,1138,"tags=12%, list=8%, signal=11%","PCK2/ENO3","REACTOME"
"REACTOME_HIV_TRANSCRIPTION_ELONGATION","REACTOME_HIV_TRANSCRIPTION_ELONGATION",41,-0.368156305101349,-1.09920336635942,0.2992,0.589304160340536,0.503933968153887,1484,"tags=17%, list=10%, signal=15%","POLR2F/ELL/POLR2A/NELFB/GTF2F1/SUPT16H/CTDP1","REACTOME"
"REACTOME_MATURATION_OF_TCA_ENZYMES_AND_REGULATION_OF_TCA_CYCLE","REACTOME_MATURATION_OF_TCA_ENZYMES_AND_REGULATION_OF_TCA_CYCLE",20,-0.44116198799832,-1.12736946866589,0.301038062283737,0.591056245763253,0.505432235804167,3934,"tags=50%, list=27%, signal=37%","ISCU/SDHB/CS/IDH2/SDHAF2/SDHD/ACO2/SDHA/ISCA1/SDHAF1","REACTOME"
"REACTOME_SYNTHESIS_OF_SUBSTRATES_IN_N_GLYCAN_BIOSYTHESIS","REACTOME_SYNTHESIS_OF_SUBSTRATES_IN_N_GLYCAN_BIOSYTHESIS",55,-0.354051525544706,-1.10987961310853,0.303656597774245,0.591056245763253,0.505432235804167,2289,"tags=20%, list=15%, signal=17%","ST3GAL4/SLC17A5/UAP1/GFPT1/ST3GAL1/ST8SIA6/SLC35C1/DOLK/ST6GALNAC6/ST3GAL2/ST6GAL1","REACTOME"
"REACTOME_SENSORY_PROCESSING_OF_SOUND","REACTOME_SENSORY_PROCESSING_OF_SOUND",51,-0.358181256395711,-1.10883199556487,0.303370786516854,0.591056245763253,0.505432235804167,688,"tags=14%, list=5%, signal=13%","SPTBN1/EZR/MYH9/SPTAN1/DNAJC5/CACNA2D2/TPRN","REACTOME"
"REACTOME_CONDENSATION_OF_PROPHASE_CHROMOSOMES","REACTOME_CONDENSATION_OF_PROPHASE_CHROMOSOMES",37,0.342370155423806,1.10459836730673,0.302631578947368,0.591056245763253,0.505432235804167,1269,"tags=14%, list=9%, signal=12%","H4C3/H3C1/NCAPG2/CDK1/H2BC5","REACTOME"
"REACTOME_SIRT1_NEGATIVELY_REGULATES_RRNA_EXPRESSION","REACTOME_SIRT1_NEGATIVELY_REGULATES_RRNA_EXPRESSION",32,0.355067941656187,1.10175086648449,0.303108808290155,0.591056245763253,0.505432235804167,1628,"tags=19%, list=11%, signal=17%","H4C3/TBP/H3C1/TAF1C/H2BC5/RRP8","REACTOME"
"REACTOME_GENE_AND_PROTEIN_EXPRESSION_BY_JAK_STAT_SIGNALING_AFTER_INTERLEUKIN_12_STIMULATION","REACTOME_GENE_AND_PROTEIN_EXPRESSION_BY_JAK_STAT_SIGNALING_AFTER_INTERLEUKIN_12_STIMULATION",33,0.349278615566323,1.09636836448418,0.302631578947368,0.591056245763253,0.505432235804167,438,"tags=12%, list=3%, signal=12%","PSME2/IFNG/MTAP/GSTO1","REACTOME"
"REACTOME_ASSOCIATION_OF_TRIC_CCT_WITH_TARGET_PROTEINS_DURING_BIOSYNTHESIS","REACTOME_ASSOCIATION_OF_TRIC_CCT_WITH_TARGET_PROTEINS_DURING_BIOSYNTHESIS",37,-0.373437712140772,-1.09778330628867,0.307073954983923,0.596567340026018,0.510144959364613,3715,"tags=41%, list=25%, signal=30%","FBXW4/CCT4/FBXL3/CCT6A/STAT3/WRAP53/FBXW2/CCT3/AP3M1/CCT7/LONP2/KIF13A/FBXL5/DCAF7/USP11","REACTOME"
"REACTOME_SIGNALING_BY_PDGF","REACTOME_SIGNALING_BY_PDGF",41,-0.366008261322083,-1.09278995737921,0.3088,0.598777904761905,0.512035288220551,1654,"tags=34%, list=11%, signal=30%","THBS2/STAT3/SOS1/GRB2/CRKL/CRK/PDGFB/PIK3CA/NCK1/FURIN/RAPGEF1/NCK2/PDGFD/PIK3R1","REACTOME"
"REACTOME_SIGNALING_BY_GPCR","REACTOME_SIGNALING_BY_GPCR",371,-0.267850446913831,-1.06243634131634,0.309494451294698,0.598983557828902,0.512211149130909,2658,"tags=20%, list=18%, signal=17%","SOS1/GPR68/S1PR4/PREX1/GPR65/P2RY12/PPP2R1A/CXCR2/CREB1/TRPC3/ARHGEF3/GNA13/CALM1/GRB2/CXCL5/GNAI3/PDE2A/PRKCQ/PPP2R5D/GRK5/ITGB1/SHC1/PDPK1/ARHGEF2/TAS2R43/CCL4L2/CHRM4/GNB1/TBXA2R/PTGER2/GNG2/GPR27/ABHD12/AKAP13/PDE4A/PPP3CA/PIK3CA/PRKCB/PIK3R3/ARHGEF7/CCL4/AHCYL1/FZD3/RASGRP1/PRKAR2A/PPP3R1/PDE3B/S1PR1/VAV3/PRKACB/PRKCH/RGS3/GNA12/PDE4D/FZD2/FGD3/P2RY10/DGKK/ARRB1/PRKAR1A/SOS2/FZD5/GNAL/ADRB2/FZD4/AKT3/PIK3R1/PTCH1/GNAZ/LPAR5/MAPK1/PLCB1/FZD8/S1PR5/F2R/CMKLR1","REACTOME"
"REACTOME_G_ALPHA_Z_SIGNALLING_EVENTS","REACTOME_G_ALPHA_Z_SIGNALLING_EVENTS",29,-0.397150102691108,-1.10322242680254,0.313114754098361,0.604840265032507,0.517219418035243,4039,"tags=41%, list=27%, signal=30%","GNAS/PRKCA/ADCY9/GNB5/GNAI2/GNAI3/PRKCQ/GNB1/GNG2/PRKCB/PRKCH/GNAZ","REACTOME"
"REACTOME_APOPTOTIC_CLEAVAGE_OF_CELLULAR_PROTEINS","REACTOME_APOPTOTIC_CLEAVAGE_OF_CELLULAR_PROTEINS",29,-0.396533626430862,-1.10150994975347,0.314754098360656,0.606855439642325,0.518942662169582,2574,"tags=34%, list=17%, signal=29%","SATB1/BCAP31/APC/MAPT/PRKCQ/LMNA/CTNNB1/STK24/ADD1/SPTAN1","REACTOME"
"REACTOME_NEUROTRANSMITTER_RELEASE_CYCLE","REACTOME_NEUROTRANSMITTER_RELEASE_CYCLE",26,-0.405637166460166,-1.10546189366522,0.316558441558442,0.608854684124936,0.520652283912028,2662,"tags=35%, list=18%, signal=28%","VAMP2/ARL6IP5/RAB3A/PPFIA3/ALDH5A1/HSPA8/SLC38A2/SLC1A7/DNAJC5","REACTOME"
"REACTOME_FANCONI_ANEMIA_PATHWAY","REACTOME_FANCONI_ANEMIA_PATHWAY",36,0.338869957124457,1.0811096337453,0.31758530183727,0.608854684124936,0.520652283912028,4198,"tags=47%, list=28%, signal=34%","MUS81/ERCC1/FANCL/ATRIP/FANCD2/EME2/SLX4/FANCE/FAN1/POLN/RPA3/FANCI/FANCA/FAAP24/DCLRE1A/FANCB/ATR","REACTOME"
"REACTOME_SLC_MEDIATED_TRANSMEMBRANE_TRANSPORT","REACTOME_SLC_MEDIATED_TRANSMEMBRANE_TRANSPORT",145,-0.300268788024396,-1.08044639472404,0.317482517482517,0.608854684124936,0.520652283912028,2860,"tags=25%, list=19%, signal=20%","SLC2A8/SLC12A6/SLC5A10/SLC25A6/SLC30A5/SLC39A3/SLC4A4/SLC44A2/SLC35D1/CALM1/SLC17A5/SLC39A7/SLC26A11/SLC38A1/RUNX1/SLC38A2/SLC25A26/SLCO3A1/SLC14A2/AHCYL2/SLC15A4/SLC41A1/SLC3A2/ARL2/SLC39A6/SLC1A7/SLC29A3/SLC6A4/SLC9A1/SLC9A6/SLC35C1/SLC39A14/ARL2BP/SLC2A1/SLC16A1/SLC27A4","REACTOME"
"REACTOME_SPRY_REGULATION_OF_FGF_SIGNALING","REACTOME_SPRY_REGULATION_OF_FGF_SIGNALING",16,-0.468432139041534,-1.14236465610713,0.319444444444444,0.610961822320506,0.522454169226615,4336,"tags=50%, list=29%, signal=35%","UBA52/RPS27A/BRAF/PTPN11/PPP2CB/PPP2R1A/GRB2/MAPK1","REACTOME"
"REACTOME_MITOCHONDRIAL_PROTEIN_DEGRADATION","REACTOME_MITOCHONDRIAL_PROTEIN_DEGRADATION",97,-0.310150938248494,-1.07657474436146,0.319884726224784,0.610961822320506,0.522454169226615,2762,"tags=35%, list=19%, signal=29%","CS/IDH2/PDK1/MRPS2/IARS2/MICU2/YME1L1/MRPL12/GLUD1/ALDH18A1/HSPA9/SHMT2/ACO2/SLC25A6/CLPX/NDUFS1/MT-ND6/MT-CO2/MT-ATP6/BDH1/CLPP/FECH/NADK2/ACADSB/MT-ND5/MT-ND2/PDHB/MT-ND1/TIMM22/STARD7/MT-CO1/PCCB/ECI1/OGDH","REACTOME"
"REACTOME_NUCLEOTIDE_EXCISION_REPAIR","REACTOME_NUCLEOTIDE_EXCISION_REPAIR",107,-0.310036689050657,-1.07970679278557,0.321167883211679,0.612263867246234,0.523567591989076,3935,"tags=34%, list=27%, signal=25%","LIG3/RAD23B/RPA1/ERCC8/COPS2/ERCC5/GTF2H3/XRCC1/CETN2/ERCC4/RFC2/CUL4B/COPS4/PPIE/POLR2B/UBE2I/RUVBL1/RFC1/PRPF19/ZNF830/PIAS1/AQR/ACTR8/POLR2F/RPA2/PARP1/ELL/ERCC6/POLR2A/XPC/USP7/RNF111/DDB1/ISY1/INO80/YY1","REACTOME"
"REACTOME_MITOTIC_G2_G2_M_PHASES","REACTOME_MITOTIC_G2_G2_M_PHASES",185,0.251282614415171,1.05401253973068,0.323943661971831,0.616401211004344,0.527105574915306,2546,"tags=19%, list=17%, signal=16%","TUBGCP5/GTSE1/TUBA1A/HAUS3/CCNH/CENPF/PSMA3/TPX2/SFI1/HAUS5/CCNB2/CDK1/YWHAE/CEP135/TUBG1/CEP43/MIS18BP1/TUBB4B/CDKN1A/PSMC6/TUBA1B/SDCCAG8/CEP290/TUBB2A/TUBG2/PSMB3/PSMA5/PLK1/PKMYT1/PLK4/PSMA4/PSMB4/FBXL18/CCNA2/TUBB6/CNTRL","REACTOME"
"REACTOME_G2_M_CHECKPOINTS","REACTOME_G2_M_CHECKPOINTS",135,0.262626706540284,1.04942778744464,0.325657894736842,0.618506971720346,0.528906282300409,2494,"tags=19%, list=17%, signal=16%","GTSE1/RBBP8/CDC7/H4C3/ATRIP/MDC1/PSMA3/CCNB2/CDK1/YWHAE/CHEK2/H2BC5/RMI1/DNA2/PSMC6/MRE11/CDC45/RAD9A/PSMB3/PSMA5/RAD9B/PKMYT1/PSMA4/PSMB4/CCNA2","REACTOME"
"REACTOME_REGULATION_OF_TP53_ACTIVITY_THROUGH_METHYLATION","REACTOME_REGULATION_OF_TP53_ACTIVITY_THROUGH_METHYLATION",19,-0.436212062507816,-1.10760575904331,0.326989619377163,0.618576388888889,0.528965643274854,1486,"tags=21%, list=10%, signal=19%","PRMT5/EP300/TTC5/JMY","REACTOME"
"REACTOME_INTERLEUKIN_RECEPTOR_SHC_SIGNALING","REACTOME_INTERLEUKIN_RECEPTOR_SHC_SIGNALING",23,0.385444588394483,1.09649393853292,0.327543424317618,0.618576388888889,0.528965643274854,808,"tags=22%, list=5%, signal=21%","JAK3/IL3RA/JAK2/PTPN6/INPPL1","REACTOME"
"REACTOME_RESOLUTION_OF_D_LOOP_STRUCTURES_THROUGH_SYNTHESIS_DEPENDENT_STRAND_ANNEALING_SDSA","REACTOME_RESOLUTION_OF_D_LOOP_STRUCTURES_THROUGH_SYNTHESIS_DEPENDENT_STRAND_ANNEALING_SDSA",27,0.372575284434162,1.09466258366955,0.328083989501312,0.618576388888889,0.528965643274854,2261,"tags=26%, list=15%, signal=22%","RBBP8/RAD51D/RMI1/DNA2/RTEL1/MRE11/RAD51AP1","REACTOME"
"REACTOME_MITOTIC_SPINDLE_CHECKPOINT","REACTOME_MITOTIC_SPINDLE_CHECKPOINT",105,0.273162347483264,1.04920075088137,0.328125,0.618576388888889,0.528965643274854,2016,"tags=24%, list=14%, signal=21%","NDC80/KNTC1/B9D2/BUB1B/CENPF/KNL1/CENPE/NUP43/CENPT/ANAPC15/UBE2E1/BUB1/ANAPC2/BIRC5/ANAPC4/CDC16/NUP107/ANAPC7/SPC24/ZWINT/SPDL1/DYNC1LI2/AURKB/CDC20/ANAPC5","REACTOME"
"REACTOME_NUCLEAR_ENVELOPE_BREAKDOWN","REACTOME_NUCLEAR_ENVELOPE_BREAKDOWN",53,-0.347706132828297,-1.08806821254536,0.33015873015873,0.619693782411367,0.529921164361701,3052,"tags=34%, list=21%, signal=27%","NUP35/NUP205/NEK9/NUP98/NUP133/RANBP2/CTDNEP1/NDC1/LMNA/LEMD3/PRKCB/TMPO/POM121/NUP210/NUP160/NUP62/NUP188/POM121C","REACTOME"
"REACTOME_NUCLEAR_PORE_COMPLEX_NPC_DISASSEMBLY","REACTOME_NUCLEAR_PORE_COMPLEX_NPC_DISASSEMBLY",36,-0.372098126898994,-1.08583816285414,0.330112721417069,0.619693782411367,0.529921164361701,3052,"tags=36%, list=21%, signal=29%","NUP35/NUP205/NEK9/NUP98/NUP133/RANBP2/NDC1/POM121/NUP210/NUP160/NUP62/NUP188/POM121C","REACTOME"
"REACTOME_LEISHMANIA_INFECTION","REACTOME_LEISHMANIA_INFECTION",146,-0.297319545043155,-1.0716041815302,0.330543933054393,0.619693782411367,0.529921164361701,2493,"tags=25%, list=17%, signal=21%","ITPR2/GNAI2/WASF2/CREB1/MAPK8/CALM1/GRB2/GNAI3/WIPF2/IGHG2/NCKIPSD/GNB1/GNG2/TXNIP/DVL2/CRK/NCK1/AHCYL1/RAC1/RELA/FURIN/PRKAR2A/VAV3/CYFIP2/PRKACB/WIPF1/WASL/PRKAR1A/MYH9/ELMO1/IGLV2-14/ABL1/GNAZ/MAPK1/CD247/FYN","REACTOME"
"REACTOME_PKA_MEDIATED_PHOSPHORYLATION_OF_CREB","REACTOME_PKA_MEDIATED_PHOSPHORYLATION_OF_CREB",16,-0.461876199656556,-1.1263766979446,0.333333333333333,0.6201101216211,0.530277190136128,2493,"tags=38%, list=17%, signal=31%","ADCY9/CREB1/CALM1/PRKAR2A/PRKACB/PRKAR1A","REACTOME"
"REACTOME_REGULATION_OF_KIT_SIGNALING","REACTOME_REGULATION_OF_KIT_SIGNALING",15,-0.468650653922749,-1.11237693079343,0.331541218637993,0.6201101216211,0.530277190136128,2658,"tags=27%, list=18%, signal=22%","SOS1/GRB2/LCK/FYN","REACTOME"
"REACTOME_TRANSPORT_OF_VITAMINS_NUCLEOSIDES_AND_RELATED_MOLECULES","REACTOME_TRANSPORT_OF_VITAMINS_NUCLEOSIDES_AND_RELATED_MOLECULES",25,-0.403320526251775,-1.09216959806635,0.33442088091354,0.6201101216211,0.530277190136128,990,"tags=20%, list=7%, signal=19%","ARL2/SLC29A3/SLC35C1/ARL2BP/SLC27A4","REACTOME"
"REACTOME_MEIOTIC_SYNAPSIS","REACTOME_MEIOTIC_SYNAPSIS",47,-0.35661943892412,-1.08856975503419,0.333333333333333,0.6201101216211,0.530277190136128,2774,"tags=47%, list=19%, signal=38%","ACD/HSPA2/LMNB1/SYCP2/TINF2/H2AZ2/SYCP3/H2AC6/UBE2I/H2BC9/TERF2IP/SMC1A/H2AX/H2BC11/STAG1/LMNA/TERF2/SMC3/TERF1/RAD21/STAG2/SUN2","REACTOME"
"REACTOME_DAP12_INTERACTIONS","REACTOME_DAP12_INTERACTIONS",37,-0.36736943350249,-1.0799445750346,0.332797427652733,0.6201101216211,0.530277190136128,2658,"tags=24%, list=18%, signal=20%","SOS1/GRB2/SHC1/PIK3CA/RAC1/VAV3/LCK/PIK3R1/FYN","REACTOME"
"REACTOME_PEPTIDE_HORMONE_METABOLISM","REACTOME_PEPTIDE_HORMONE_METABOLISM",43,-0.355421640127186,-1.07895140229298,0.333860759493671,0.6201101216211,0.530277190136128,3473,"tags=42%, list=23%, signal=32%","EXOC5/KIF5B/SPCS3/SEC11C/EXOC2/EXOC8/VAMP2/SLC30A5/KIF5C/ATP6AP2/SPCS2/EXOC4/GNB1/GZMH/MBOAT4/CTNNB1/RAB27A/P4HB","REACTOME"
"REACTOME_MITOTIC_PROPHASE","REACTOME_MITOTIC_PROPHASE",106,-0.307506250723376,-1.06942809303421,0.335777126099707,0.621492935217275,0.531459680927191,3052,"tags=28%, list=21%, signal=23%","NUP35/NUP205/NEK9/H2AC6/H3C10/NUP98/H2BC9/NUP133/PPP2R1A/RANBP2/SET/CTDNEP1/NDC1/H2AX/ARPP19/H2BC11/LMNA/LEMD3/PRKCB/TMPO/GORASP2/NUMA1/RAB2A/POM121/NUP210/NUP160/NUP62/NUP188/POM121C/MAPK1","REACTOME"
"REACTOME_TRANSPORT_OF_MATURE_MRNAS_DERIVED_FROM_INTRONLESS_TRANSCRIPTS","REACTOME_TRANSPORT_OF_MATURE_MRNAS_DERIVED_FROM_INTRONLESS_TRANSCRIPTS",43,-0.353647793758698,-1.07356654720637,0.337025316455696,0.622671092834662,0.532467163451831,3052,"tags=35%, list=21%, signal=28%","NUP35/NUP205/NUP98/NUP133/RANBP2/SLBP/NDC1/FIP1L1/WDR33/POM121/NUP210/NUP160/NUP62/NUP188/POM121C","REACTOME"
"REACTOME_MITOCHONDRIAL_CALCIUM_ION_TRANSPORT","REACTOME_MITOCHONDRIAL_CALCIUM_ION_TRANSPORT",22,-0.41755245304609,-1.09112890989496,0.339527027027027,0.626156727379553,0.535447847733317,4533,"tags=55%, list=31%, signal=38%","PARL/VDAC1/MICU3/AFG3L2/PMPCB/AKAP1/MICU2/YME1L1/PHB2/MICU1/PHB1/LETM1","REACTOME"
"REACTOME_DIFFERENTIATION_OF_KERATINOCYTES_IN_INTERFOLLICULAR_EPIDERMIS_IN_MAMMALIAN_SKIN","REACTOME_DIFFERENTIATION_OF_KERATINOCYTES_IN_INTERFOLLICULAR_EPIDERMIS_IN_MAMMALIAN_SKIN",17,-0.448551659346595,-1.10984938049669,0.346689895470383,0.635866676117234,0.543751154119484,2511,"tags=47%, list=17%, signal=39%","ITGA6/CSPG4/ITGB4/KRT10/ITGB1/AQP3/LRIG1/KRT5","REACTOME"
"REACTOME_RHO_GTPASES_ACTIVATE_CIT","REACTOME_RHO_GTPASES_ACTIVATE_CIT",18,-0.443941263925256,-1.1081166115842,0.346020761245675,0.635866676117234,0.543751154119484,1123,"tags=33%, list=8%, signal=31%","PPP1CB/MYH10/PPP1R12B/RAC1/MYH9/CDKN1B","REACTOME"
"REACTOME_TP53_REGULATES_TRANSCRIPTION_OF_ADDITIONAL_CELL_CYCLE_GENES_WHOSE_EXACT_ROLE_IN_THE_P53_PATHWAY_REMAIN_UNCERTAIN","REACTOME_TP53_REGULATES_TRANSCRIPTION_OF_ADDITIONAL_CELL_CYCLE_GENES_WHOSE_EXACT_ROLE_IN_THE_P53_PATHWAY_REMAIN_UNCERTAIN",21,-0.425441754337,-1.10056267860984,0.34641638225256,0.635866676117234,0.543751154119484,4363,"tags=52%, list=30%, signal=37%","CNOT7/CNOT3/NPM1/CNOT1/CNOT2/CNOT9/CNOT8/TNKS1BP1/CNOT4/CNOT6/CNOT6L","REACTOME"
"REACTOME_TRAF6_MEDIATED_NF_KB_ACTIVATION","REACTOME_TRAF6_MEDIATED_NF_KB_ACTIVATION",24,0.372667985579621,1.07937449434613,0.347290640394089,0.635866676117234,0.543751154119484,2267,"tags=25%, list=15%, signal=21%","TRAF2/S100A12/IKBKB/AGER/NFKBIA/NFKB2","REACTOME"
"REACTOME_FGFR2_ALTERNATIVE_SPLICING","REACTOME_FGFR2_ALTERNATIVE_SPLICING",25,-0.399079958731274,-1.08068637660108,0.34910277324633,0.637502236536053,0.545149777288094,2065,"tags=32%, list=14%, signal=28%","RBFOX2/HNRNPF/ESRP2/PTBP1/POLR2F/HNRNPM/POLR2A/GTF2F1","REACTOME"
"REACTOME_TRANSPORT_OF_THE_SLBP_DEPENDANT_MATURE_MRNA","REACTOME_TRANSPORT_OF_THE_SLBP_DEPENDANT_MATURE_MRNA",36,-0.367221898533064,-1.07160859686668,0.349436392914654,0.637502236536053,0.545149777288094,3052,"tags=36%, list=21%, signal=29%","NUP35/NUP205/NUP98/NUP133/RANBP2/SLBP/NDC1/POM121/NUP210/NUP160/NUP62/NUP188/POM121C","REACTOME"
"REACTOME_NOTCH3_INTRACELLULAR_DOMAIN_REGULATES_TRANSCRIPTION","REACTOME_NOTCH3_INTRACELLULAR_DOMAIN_REGULATES_TRANSCRIPTION",21,-0.424680376897334,-1.09859309385261,0.351535836177474,0.638366806598269,0.545889100461967,2431,"tags=43%, list=16%, signal=36%","PLXND1/MAML2/MAMLD1/SNW1/EP300/HEY2/IKZF1/MAML1/CREBBP","REACTOME"
"REACTOME_EFFECTS_OF_PIP2_HYDROLYSIS","REACTOME_EFFECTS_OF_PIP2_HYDROLYSIS",23,-0.406809626519459,-1.07304651270852,0.350584307178631,0.638366806598269,0.545889100461967,2760,"tags=48%, list=19%, signal=39%","PRKCE/ABHD6/ITPR1/DGKZ/ITPR2/TRPC3/PRKCQ/ABHD12/RASGRP1/PRKCH/DGKK","REACTOME"
"REACTOME_INTERLEUKIN_1_SIGNALING","REACTOME_INTERLEUKIN_1_SIGNALING",98,0.27483423656932,1.03588318667532,0.351791530944625,0.638366806598269,0.545889100461967,2411,"tags=23%, list=16%, signal=20%","NLRC5/ALPK1/IRAK4/CASP8/PSMA3/IL1B/NOD1/UBE2V1/TRAF2/IRAK3/S100A12/NOD2/PSMC6/USP18/IKBKB/AGER/NFKBIA/PSMB3/MYD88/PSMA5/NFKB2/PSMA4/PSMB4","REACTOME"
"REACTOME_INTERLEUKIN_37_SIGNALING","REACTOME_INTERLEUKIN_37_SIGNALING",19,0.398461451084869,1.07601938138833,0.35377358490566,0.639682965246825,0.547014592347352,1279,"tags=21%, list=9%, signal=19%","CASP1/PTPN6/PTPN20/PTPN13","REACTOME"
"REACTOME_COPII_MEDIATED_VESICLE_TRANSPORT","REACTOME_COPII_MEDIATED_VESICLE_TRANSPORT",65,-0.331068413749204,-1.05966253834232,0.35377358490566,0.639682965246825,0.547014592347352,3912,"tags=40%, list=26%, signal=30%","PPP6R1/YKT6/NSF/TRAPPC4/SEC23IP/GOLGA2/NAPA/TMED2/SEC31A/STX5/SAR1B/CSNK1D/TRAPPC10/PPP6C/TRAPPC6A/SEC22A/SEC16A/SEC24B/LMAN2L/TRAPPC9/LMAN1/LMAN2/SEC24D/CD59/TMED10/CNIH3","REACTOME"
"REACTOME_RHO_GTPASES_ACTIVATE_NADPH_OXIDASES","REACTOME_RHO_GTPASES_ACTIVATE_NADPH_OXIDASES",21,-0.421160459362869,-1.08948752339384,0.354948805460751,0.639957910641053,0.547249707476115,1974,"tags=24%, list=13%, signal=21%","PIK3R4/PRKCB/RAC1/PRKCZ/MAPK1","REACTOME"
"REACTOME_NUCLEAR_ENVELOPE_NE_REASSEMBLY","REACTOME_NUCLEAR_ENVELOPE_NE_REASSEMBLY",69,-0.326625849567835,-1.06348776914363,0.355182926829268,0.639957910641053,0.547249707476115,3197,"tags=35%, list=22%, signal=27%","LBR/CHMP2B/NUP35/NUP205/TNPO1/UBE2I/NUP98/NUP133/CHMP4B/PPP2R1A/TUBB4A/RANGAP1/NDC1/AHCTF1/LMNA/LEMD3/CHMP7/TMPO/POM121/RCC1/NUP160/SPAST/NUP62/NUP188","REACTOME"
"REACTOME_SIGNALING_BY_FGFR2_IN_DISEASE","REACTOME_SIGNALING_BY_FGFR2_IN_DISEASE",27,-0.393349755615002,-1.08040050777454,0.355877616747182,0.640076702912776,0.547351290775376,2834,"tags=33%, list=19%, signal=27%","POLR2B/SOS1/GRB2/POLR2F/PIK3CA/FRS2/POLR2A/GTF2F1/PIK3R1","REACTOME"
"REACTOME_SIGNALING_BY_KIT_IN_DISEASE","REACTOME_SIGNALING_BY_KIT_IN_DISEASE",19,-0.428783402252506,-1.08874331210992,0.359861591695502,0.646100706077638,0.552502620128432,1407,"tags=42%, list=10%, signal=38%","STAT3/SOS1/GRB2/PIK3CA/PIK3R3/LCK/PIK3R1/FYN","REACTOME"
"REACTOME_METAL_ION_SLC_TRANSPORTERS","REACTOME_METAL_ION_SLC_TRANSPORTERS",31,-0.383058538228832,-1.0813679300028,0.360708534621578,0.646481141275997,0.552827943165391,2489,"tags=29%, list=17%, signal=24%","SLC30A5/SLC39A3/CALM1/SLC39A7/SLC41A1/SLC39A6/SLC9A1/SLC9A6/SLC39A14","REACTOME"
"REACTOME_MRNA_3_END_PROCESSING","REACTOME_MRNA_3_END_PROCESSING",151,-0.291227713173555,-1.05176333953398,0.361851332398317,0.646823069403715,0.553120337500643,3330,"tags=27%, list=23%, signal=21%","U2AF2/HNRNPU/RNPS1/POLDIP3/SF3A2/EIF4A3/PPP1CB/CASC3/DDX46/POLR2B/HNRNPC/DNAJC8/HNRNPD/PUF60/SNRPD3/HNRNPH2/SRSF4/FIP1L1/WDR33/HNRNPR/PPP1R10/HNRNPF/PTBP1/SF3B4/POLR2F/FYTTD1/HNRNPM/SF3A1/SF3B2/SF3A3/POLR2A/RBM8A/PPP1R8/GTF2F1/CSTF1/SF3B3/DHX9/CSTF2T/CPSF7/PCBP1/SRSF8","REACTOME"
"REACTOME_SIGNALING_BY_THE_B_CELL_RECEPTOR_BCR","REACTOME_SIGNALING_BY_THE_B_CELL_RECEPTOR_BCR",106,-0.302334037934142,-1.05144045978465,0.36217008797654,0.646823069403715,0.553120337500643,2341,"tags=22%, list=16%, signal=18%","CARD11/CALM1/GRB2/PSMD3/PSMB2/REL/PPP3CA/PRKCB/BTRC/NCK1/AHCYL1/RASGRP1/RELA/PPP3R1/SH3KBP1/FBXW11/STIM1/ORAI1/PIK3R1/NFATC3/IGLV2-14/NFATC2/FYN","REACTOME"
"REACTOME_HIV_TRANSCRIPTION_INITIATION","REACTOME_HIV_TRANSCRIPTION_INITIATION",45,-0.349454561989086,-1.06171713856529,0.363782051282051,0.648283767432975,0.554369429911147,900,"tags=16%, list=6%, signal=15%","POLR2F/POLR2A/GTF2F1/TAF15/TAF3/TAF7/TAF4","REACTOME"
"REACTOME_RIBOSOME_QUALITY_CONTROL_RQC_COMPLEX_EXTRACTS_AND_DEGRADES_NASCENT_PEPTIDE","REACTOME_RIBOSOME_QUALITY_CONTROL_RQC_COMPLEX_EXTRACTS_AND_DEGRADES_NASCENT_PEPTIDE",101,-0.303293801830748,-1.05170662173127,0.364963503649635,0.648283767432975,0.554369429911147,4112,"tags=39%, list=28%, signal=28%","RPS27A/RPL10A/RPL23A/RPL35A/RPL18A/RPLP1/RPL22/RPL11/RPL35/RPL27A/PSMD13/PSMD2/PSMB5/RPL31/RPL36AL/UBE2D1/UBE2D2/RPL18/RPL15/RPL13A/NPLOC4/CUL2/RPL5/RPL7/RPL19/RPLP2/RPL14/RPL4/RPL10/RCHY1/PSMD3/RPL13/PSMB2/RPL9/RPL7A/RPL6/RPLP0/VCP/RPL3","REACTOME"
"REACTOME_NGF_STIMULATED_TRANSCRIPTION","REACTOME_NGF_STIMULATED_TRANSCRIPTION",28,0.353824442192506,1.04950703866109,0.365535248041775,0.648283767432975,0.554369429911147,927,"tags=25%, list=6%, signal=23%","FOSB/EGR3/FOS/NAB1/TRIB1/FOSL1/SGK1","REACTOME"
"REACTOME_RECRUITMENT_OF_NUMA_TO_MITOTIC_CENTROSOMES","REACTOME_RECRUITMENT_OF_NUMA_TO_MITOTIC_CENTROSOMES",89,0.27676296343653,1.03070662054902,0.364485981308411,0.648283767432975,0.554369429911147,2546,"tags=22%, list=17%, signal=19%","TUBGCP5/TUBA1A/HAUS3/SFI1/HAUS5/CDK1/YWHAE/CEP135/TUBG1/CEP43/TUBB4B/TUBA1B/SDCCAG8/CEP290/TUBB2A/TUBG2/PLK1/PLK4/TUBB6/CNTRL","REACTOME"
"REACTOME_COLLAGEN_DEGRADATION","REACTOME_COLLAGEN_DEGRADATION",30,0.347666716404441,1.05827941178775,0.369109947643979,0.653485089915775,0.55881725711958,2162,"tags=33%, list=15%, signal=29%","CTSK/COL7A1/MMP9/PRSS2/PHYKPL/CTSL/COL5A3/MMP14/COL18A1/COL9A2","REACTOME"
"REACTOME_G_BETA_GAMMA_SIGNALLING_THROUGH_PI3KGAMMA","REACTOME_G_BETA_GAMMA_SIGNALLING_THROUGH_PI3KGAMMA",17,-0.443093615081346,-1.09634456578854,0.372822299651568,0.656674055569239,0.561544249773302,3659,"tags=35%, list=25%, signal=27%","PIK3R5/GNB5/PDPK1/GNB1/GNG2/AKT3","REACTOME"
"REACTOME_ASSEMBLY_OF_THE_HIV_VIRION","REACTOME_ASSEMBLY_OF_THE_HIV_VIRION",16,-0.449531916381258,-1.0962727154392,0.373263888888889,0.656674055569239,0.561544249773302,4336,"tags=50%, list=29%, signal=35%","UBA52/RPS27A/PPIA/NMT2/VPS37B/UBAP1/MVB12B/FURIN","REACTOME"
"REACTOME_POLO_LIKE_KINASE_MEDIATED_EVENTS","REACTOME_POLO_LIKE_KINASE_MEDIATED_EVENTS",16,-0.448523419287032,-1.09381329530081,0.375,0.656674055569239,0.561544249773302,1537,"tags=25%, list=10%, signal=22%","RBBP4/EP300/LIN54/WEE1","REACTOME"
"REACTOME_BRANCHED_CHAIN_AMINO_ACID_CATABOLISM","REACTOME_BRANCHED_CHAIN_AMINO_ACID_CATABOLISM",21,-0.415362855426758,-1.07448987341614,0.372013651877133,0.656674055569239,0.561544249773302,2075,"tags=33%, list=14%, signal=29%","BCKDHA/ECHS1/BCKDHB/ACADSB/HIBADH/ALDH6A1/BCAT2","REACTOME"
"REACTOME_PIWI_INTERACTING_RNA_PIRNA_BIOGENESIS","REACTOME_PIWI_INTERACTING_RNA_PIRNA_BIOGENESIS",21,-0.413822584590613,-1.07050539239158,0.37542662116041,0.656674055569239,0.561544249773302,1484,"tags=19%, list=10%, signal=17%","POLR2B/POLR2F/POLR2A/MYBL1","REACTOME"
"REACTOME_POST_CHAPERONIN_TUBULIN_FOLDING_PATHWAY","REACTOME_POST_CHAPERONIN_TUBULIN_FOLDING_PATHWAY",18,0.395707254398651,1.05355321523902,0.375,0.656674055569239,0.561544249773302,2525,"tags=28%, list=17%, signal=23%","TUBA1A/TUBB4B/TUBA1B/TUBB2A/TUBB6","REACTOME"
"REACTOME_PROTEASOME_ASSEMBLY","REACTOME_PROTEASOME_ASSEMBLY",51,0.299666990835214,1.03487356619307,0.37467018469657,0.656674055569239,0.561544249773302,4021,"tags=33%, list=27%, signal=24%","PSME2/PSMB9/PSMA3/PSMC6/PSMB8/PSMB3/PSMA5/PSMA4/PSMB4/PSME1/PSMG4/PSMG1/PSMB10/POMP/PSMC2/PSMA1/PSMC1","REACTOME"
"REACTOME_DEVELOPMENTAL_CELL_LINEAGES_OF_THE_EXOCRINE_PANCREAS","REACTOME_DEVELOPMENTAL_CELL_LINEAGES_OF_THE_EXOCRINE_PANCREAS",27,0.357590206602033,1.05063496106135,0.377952755905512,0.659958671546846,0.56435303626227,3776,"tags=44%, list=26%, signal=33%","GNMT/COL5A3/ANXA3/LAMB2/CEL/CD74/HHEX/PRSS1/COL5A2/COL11A2/COL24A1/PDIA2","REACTOME"
"REACTOME_REGULATION_OF_RUNX1_EXPRESSION_AND_ACTIVITY","REACTOME_REGULATION_OF_RUNX1_EXPRESSION_AND_ACTIVITY",17,-0.440073706668835,-1.0888724198028,0.37979094076655,0.662032838527994,0.566126726773499,3075,"tags=53%, list=21%, signal=42%","TNRC6A/AGO1/CBFB/AGO4/CCND2/RUNX1/AGO2/TNRC6B/TNRC6C","REACTOME"
"REACTOME_EPHA_MEDIATED_GROWTH_CONE_COLLAPSE","REACTOME_EPHA_MEDIATED_GROWTH_CONE_COLLAPSE",19,-0.422926314312553,-1.07387131545714,0.384083044982699,0.666358959726756,0.569826139689823,1321,"tags=32%, list=9%, signal=29%","EPHA4/MYH10/EFNA5/EFNA3/MYH9/FYN","REACTOME"
"REACTOME_INACTIVATION_OF_CSF3_G_CSF_SIGNALING","REACTOME_INACTIVATION_OF_CSF3_G_CSF_SIGNALING",24,0.362537437761728,1.05003294811328,0.38423645320197,0.666358959726756,0.569826139689823,2115,"tags=21%, list=14%, signal=18%","STAT1/JAK2/TYK2/CUL5/HCK","REACTOME"
"REACTOME_BINDING_AND_UPTAKE_OF_LIGANDS_BY_SCAVENGER_RECEPTORS","REACTOME_BINDING_AND_UPTAKE_OF_LIGANDS_BY_SCAVENGER_RECEPTORS",35,0.327280870880236,1.04069593349312,0.383812010443864,0.666358959726756,0.569826139689823,3606,"tags=37%, list=24%, signal=28%","MARCO/IGKV4-1/IGHV4-39/FTH1/IGKV3-20/IGLV2-11/CD36/IGLC3/MSR1/LRP1/FTL/S100A9/IGHA2","REACTOME"
"REACTOME_OTHER_SEMAPHORIN_INTERACTIONS","REACTOME_OTHER_SEMAPHORIN_INTERACTIONS",15,0.416405113143296,1.05693893068687,0.385135135135135,0.666781577495863,0.570187534473249,1027,"tags=20%, list=7%, signal=19%","SEMA6A/CD72/PLXNC1","REACTOME"
"REACTOME_INTERLEUKIN_12_SIGNALING","REACTOME_INTERLEUKIN_12_SIGNALING",41,0.317262778066823,1.04178902577739,0.387267904509284,0.669335699134891,0.572371650485529,438,"tags=12%, list=3%, signal=12%","PSME2/JAK2/IFNG/MTAP/GSTO1","REACTOME"
"REACTOME_SIGNALING_BY_NOTCH1","REACTOME_SIGNALING_BY_NOTCH1",67,-0.323515999625808,-1.0458990560144,0.388888888888889,0.670998116760829,0.573793240162553,2418,"tags=25%, list=16%, signal=21%","MAML2/CDK8/MAMLD1/TLE1/SNW1/TLE2/EP300/NCOR1/MIB1/ADAM10/HEY2/TBL1X/HDAC4/ARRB1/MAML1/TLE4/CREBBP","REACTOME"
"REACTOME_SYNTHESIS_OF_BILE_ACIDS_AND_BILE_SALTS","REACTOME_SYNTHESIS_OF_BILE_ACIDS_AND_BILE_SALTS",18,-0.424143169936203,-1.05869882006602,0.394463667820069,0.678514734614132,0.58022095494353,2488,"tags=39%, list=17%, signal=32%","NCOA2/OSBPL2/AMACR/OSBP/AKR1C3/HSD17B4/NCOA1","REACTOME"
"REACTOME_L1CAM_INTERACTIONS","REACTOME_L1CAM_INTERACTIONS",84,-0.306553472261851,-1.03096546324744,0.394578313253012,0.678514734614132,0.58022095494353,3365,"tags=27%, list=23%, signal=21%","RPS6KA1/RPS6KA3/MSN/LYPLA2/ITGA5/CSNK2A2/RPS6KA4/CLTC/TUBB4A/NCAM1/DPYSL2/MAP2K2/ITGB1/AP2M1/CSNK2A1/HSPA8/SPTBN1/RAC1/EZR/AP2B1/SPTAN1/MAPK1/MAP2K1","REACTOME"
"REACTOME_TRANSCRIPTION_OF_E2F_TARGETS_UNDER_NEGATIVE_CONTROL_BY_P107_RBL1_AND_P130_RBL2_IN_COMPLEX_WITH_HDAC1","REACTOME_TRANSCRIPTION_OF_E2F_TARGETS_UNDER_NEGATIVE_CONTROL_BY_P107_RBL1_AND_P130_RBL2_IN_COMPLEX_WITH_HDAC1",16,-0.439853195947744,-1.07266923647593,0.399305555555556,0.685485759790144,0.586182114927566,2176,"tags=44%, list=15%, signal=37%","LIN9/RBL1/HDAC1/RBL2/RBBP4/LIN54/TFDP2","REACTOME"
"REACTOME_INTRA_GOLGI_TRAFFIC","REACTOME_INTRA_GOLGI_TRAFFIC",43,-0.3427608336685,-1.04051706588659,0.400316455696203,0.686064228785748,0.586676783378982,4019,"tags=42%, list=27%, signal=31%","RIC1/YKT6/STX6/NSF/NAPA/STX5/RAB41/GOSR1/COG2/ARF1/COG8/CYTH1/BET1L/RGP1/CYTH3/RAB30/COG5/MAN1A1","REACTOME"
"REACTOME_SLC_MEDIATED_TRANSPORT_OF_INORGANIC_ANIONS","REACTOME_SLC_MEDIATED_TRANSPORT_OF_INORGANIC_ANIONS",21,0.378789763339531,1.04802879625674,0.401442307692308,0.686837427278604,0.587337971625897,1407,"tags=24%, list=10%, signal=22%","SLC26A1/SLC4A5/SLC26A6/SLC4A8/SLC12A7","REACTOME"
"REACTOME_SIGNALING_BY_EGFR","REACTOME_SIGNALING_BY_EGFR",43,-0.342519938100013,-1.03978578061277,0.40506329113924,0.691234567901235,0.591098115659519,2658,"tags=44%, list=18%, signal=36%","UBA52/PTPN12/RPS27A/CDC42/PTPN11/CSK/EPS15L1/SOS1/ADAM12/GRB2/SHC1/STAM/PXN/PIK3CA/ARHGEF7/ADAM10/SH3KBP1/LRIG1/PIK3R1","REACTOME"
"REACTOME_INTERLEUKIN_17_SIGNALING","REACTOME_INTERLEUKIN_17_SIGNALING",67,-0.320666005540711,-1.03668527330598,0.407407407407407,0.691234567901235,0.591098115659519,2556,"tags=27%, list=17%, signal=22%","TRAF6/PPP2R1A/CREB1/MAPK8/TAB2/ATF1/PPP2R5D/MAP2K4/IL17RA/DUSP7/BTRC/MAPKAPK2/FBXW11/MAP2K3/MAP2K6/ELK1/MAPK1/MAP2K1","REACTOME"
"REACTOME_FORMATION_OF_TUBULIN_FOLDING_INTERMEDIATES_BY_CCT_TRIC","REACTOME_FORMATION_OF_TUBULIN_FOLDING_INTERMEDIATES_BY_CCT_TRIC",22,0.36658404915569,1.03109391686267,0.407317073170732,0.691234567901235,0.591098115659519,2525,"tags=27%, list=17%, signal=23%","TUBA1A/CCT6B/TUBB4B/TUBA1B/TUBB2A/TUBB6","REACTOME"
"REACTOME_VISUAL_PHOTOTRANSDUCTION","REACTOME_VISUAL_PHOTOTRANSDUCTION",52,-0.330659850412304,-1.0301096270117,0.405405405405405,0.691234567901235,0.591098115659519,2439,"tags=25%, list=16%, signal=21%","NMT2/CALM1/PRKCQ/GRK4/GNB1/HSD17B1/AKR1C3/LRP12/HSPG2/FNTB/LRP10/NMT1/RDH10","REACTOME"
"REACTOME_RHOH_GTPASE_CYCLE","REACTOME_RHOH_GTPASE_CYCLE",34,0.322262832440698,1.01749012137301,0.406824146981627,0.691234567901235,0.591098115659519,1856,"tags=21%, list=13%, signal=18%","UACA/FAM91A1/TFRC/WDR11/TUBA1B/SLC1A5/VAMP3","REACTOME"
"REACTOME_SURFACTANT_METABOLISM","REACTOME_SURFACTANT_METABOLISM",17,0.39509285194302,1.03484757778766,0.408878504672897,0.692576235868568,0.592245421428297,1305,"tags=24%, list=9%, signal=21%","NAPSA/ADORA2B/CCDC59/CTSH","REACTOME"
"REACTOME_NEUROTRANSMITTER_RECEPTORS_AND_POSTSYNAPTIC_SIGNAL_TRANSMISSION","REACTOME_NEUROTRANSMITTER_RECEPTORS_AND_POSTSYNAPTIC_SIGNAL_TRANSMISSION",116,-0.294239273956537,-1.0309368955771,0.411420204978038,0.695723868218676,0.594937068572893,2493,"tags=20%, list=17%, signal=17%","CREB1/MYO6/TUBB4A/CALM1/MAPT/GNAI3/AP2M1/PDPK1/GNB1/GNG2/PRKCB/ARHGEF7/RAC1/PRKAR2A/PRKACB/PRKAG2/AP2B1/PRKAR1A/GNAL/MAPK1/PLCB1/AKAP5/NCALD","REACTOME"
"REACTOME_NUCLEAR_EVENTS_KINASE_AND_TRANSCRIPTION_FACTOR_ACTIVATION","REACTOME_NUCLEAR_EVENTS_KINASE_AND_TRANSCRIPTION_FACTOR_ACTIVATION",50,0.295065781752363,1.02087073124775,0.413881748071979,0.698725737209411,0.597504068526712,1108,"tags=20%, list=7%, signal=19%","FOSB/DUSP6/EGR3/FOS/NAB1/TRIB1/MAPK11/FOSL1/SGK1/RPS6KA5","REACTOME"
"REACTOME_INTERLEUKIN_3_INTERLEUKIN_5_AND_GM_CSF_SIGNALING","REACTOME_INTERLEUKIN_3_INTERLEUKIN_5_AND_GM_CSF_SIGNALING",44,-0.340146758088625,-1.03339964830854,0.415605095541401,0.699315681423383,0.598008549826427,2658,"tags=32%, list=18%, signal=26%","SOS1/IL5RA/YWHAZ/GRB2/SHC1/JAK1/CRKL/CRK/PIK3CA/PIK3R3/INPP5D/RAPGEF1/PIK3R1/FYN","REACTOME"
"REACTOME_CELL_CYCLE_MITOTIC","REACTOME_CELL_CYCLE_MITOTIC",499,-0.251007156655928,-1.01559420543838,0.415094339622642,0.699315681423383,0.598008549826427,2215,"tags=21%, list=15%, signal=18%","NIPBL/H2AC6/UBE2I/H3C10/NUP98/TUBGCP3/H2BC9/HAUS2/NUP133/CCP110/XPO1/CHMP4B/PPP2R1A/CKAP5/TUBB4A/CDC23/SMC1A/TAOK1/RANBP2/PSMD3/RBL2/PPP2R5D/SET/RFC1/PSMB2/E2F6/PPP1R12B/CTDNEP1/RANGAP1/NDC1/POLA1/CENPO/CSNK2A1/PRIM1/H2AX/ARPP19/SSNA1/AHCTF1/CCND2/CENPQ/H2BC11/STAG1/NSL1/LMNA/MCM5/SMC3/FBXO5/DYNC1H1/CSNK1E/RBBP4/CENPL/EP300/ALMS1/LEMD3/RPA2/PRKCB/BTRC/CHMP7/TMPO/GORASP2/NUMA1/CEP78/PDS5A/ACTR1A/CLASP1/RAB2A/POM121/RCC1/CDKN2C/PAFAH1B1/WAPL/KIF2A/PPP2R5E/PPP2R5A/NUP210/NUP160/FBXW11/RAD21/SPAST/BUB3/DYRK1A/DCTN1/STAG2/GSK3B/PDS5B/NCAPD2/NUP62/FEN1/MCM3/LIN54/CDKN2D/TFDP2/AKT3/PPME1/NUP188/ABL1/DYNLL2/POM121C/WEE1/MAPK1/MAX/PPP2R5C/INCENP/CDKN1B","REACTOME"
"REACTOME_PKMTS_METHYLATE_HISTONE_LYSINES","REACTOME_PKMTS_METHYLATE_HISTONE_LYSINES",48,-0.334422749729475,-1.02530449919677,0.416801292407108,0.700171147971017,0.598740088276322,2754,"tags=38%, list=19%, signal=31%","EHMT2/RBBP7/SETD3/H3C10/SMYD3/SUZ12/SETDB2/ASH2L/RBBP5/AEBP2/NSD1/RBBP4/ATF7IP/RELA/SETD1B/SETD2/SUV39H1/SETD1A","REACTOME"
"REACTOME_MITOCHONDRIAL_UNFOLDED_PROTEIN_RESPONSE_UPRMT","REACTOME_MITOCHONDRIAL_UNFOLDED_PROTEIN_RESPONSE_UPRMT",16,-0.434636007706746,-1.05994608843795,0.418402777777778,0.700549387792398,0.599063533971991,2762,"tags=31%, list=19%, signal=25%","HSPA9/HSPA1A/HSPA1B/NRF1/FOXO3","REACTOME"
"REACTOME_TELOMERE_C_STRAND_LAGGING_STRAND_SYNTHESIS","REACTOME_TELOMERE_C_STRAND_LAGGING_STRAND_SYNTHESIS",33,-0.358440890004826,-1.03193872608241,0.418006430868167,0.700549387792398,0.599063533971991,4208,"tags=52%, list=28%, signal=37%","ACD/BLM/RPA1/TINF2/STN1/POLA2/RFC2/CHTF8/TERF2IP/RFC1/POLA1/PRIM1/TERF2/WRN/TERF1/RPA2/FEN1","REACTOME"
"REACTOME_RHO_GTPASES_ACTIVATE_PAKS","REACTOME_RHO_GTPASES_ACTIVATE_PAKS",19,-0.411367462807265,-1.04452171328984,0.420415224913495,0.701610981904816,0.59997133909139,4038,"tags=63%, list=27%, signal=46%","CTTN/PAK2/CDC42/LIMK1/PPP1CB/MYH10/CALM1/FLNA/PPP1R12B/NF2/RAC1/MYH9","REACTOME"
"REACTOME_MEIOTIC_RECOMBINATION","REACTOME_MEIOTIC_RECOMBINATION",46,0.303267715735013,1.01643505407283,0.420212765957447,0.701610981904816,0.59997133909139,1735,"tags=15%, list=12%, signal=13%","RBBP8/H4C3/H3C1/H2BC5/MSH5/FIRRM/MRE11","REACTOME"
"REACTOME_GLUCAGON_SIGNALING_IN_METABOLIC_REGULATION","REACTOME_GLUCAGON_SIGNALING_IN_METABOLIC_REGULATION",20,-0.407937074525806,-1.04246470790459,0.423875432525952,0.70277718291762,0.600968597118056,1882,"tags=25%, list=13%, signal=22%","GNB1/GNG2/PRKAR2A/PRKACB/PRKAR1A","REACTOME"
"REACTOME_SIGNALING_BY_ALK","REACTOME_SIGNALING_BY_ALK",25,-0.377747847210462,-1.02292020267953,0.422512234910277,0.70277718291762,0.600968597118056,1486,"tags=28%, list=10%, signal=25%","SHC1/EP300/PIK3CA/PRDM1/FRS2/PIK3R1/SIN3A","REACTOME"
"REACTOME_G_ALPHA_Q_SIGNALLING_EVENTS","REACTOME_G_ALPHA_Q_SIGNALLING_EVENTS",113,-0.290579725348144,-1.01928700941096,0.422740524781341,0.70277718291762,0.600968597118056,3365,"tags=29%, list=23%, signal=23%","RPS6KA1/RPS6KA3/DGKZ/PROK2/XCL2/UTS2/KALRN/GNB5/ITPR2/SOS1/GPR68/GPR65/CREB1/TRPC3/GRB2/PRKCQ/GRK5/GNB1/TBXA2R/GNG2/ABHD12/PIK3CA/PIK3R3/RASGRP1/PRKCH/RGS3/P2RY10/DGKK/PIK3R1/LPAR5/MAPK1/PLCB1/F2R","REACTOME"
"REACTOME_O_LINKED_GLYCOSYLATION","REACTOME_O_LINKED_GLYCOSYLATION",75,-0.306750813665403,-1.01049595653116,0.423780487804878,0.70277718291762,0.600968597118056,3333,"tags=33%, list=23%, signal=26%","MMRN1/ST6GALNAC4/GALNT18/B3GALNT2/LARGE2/THBS2/B3GNT9/ST3GAL3/B4GALT5/GALNT12/ST3GAL4/B3GNT7/LARGE1/ADAMTS1/ST3GAL1/EMID1/GALNT10/GALNT2/GALNT11/DAG1/POMGNT2/B3GLCT/B4GAT1/ST3GAL2/ST6GAL1","REACTOME"
"REACTOME_INHIBITION_OF_DNA_RECOMBINATION_AT_TELOMERE","REACTOME_INHIBITION_OF_DNA_RECOMBINATION_AT_TELOMERE",41,-0.342160957810568,-1.02158912247504,0.4272,0.70713756097561,0.6046973042362,2834,"tags=37%, list=19%, signal=30%","ACD/H3-3A/TINF2/H2AZ2/POLR2B/H2AC6/H2BC9/TERF2IP/H2AX/H2BC11/ATRX/TERF2/POLR2F/TERF1/POLR2A","REACTOME"
"REACTOME_APOPTOTIC_FACTOR_MEDIATED_RESPONSE","REACTOME_APOPTOTIC_FACTOR_MEDIATED_RESPONSE",19,0.37906672689017,1.02364518289721,0.429245283018868,0.708219932112168,0.605622876493396,95,"tags=11%, list=1%, signal=10%","UACA/BAK1","REACTOME"
"REACTOME_TCR_SIGNALING","REACTOME_TCR_SIGNALING",101,-0.290906938967873,-1.00875373045316,0.429197080291971,0.708219932112168,0.605622876493396,2556,"tags=27%, list=17%, signal=22%","PSMD13/CSK/PSMD2/PSMB5/UBE2D1/UBE2D2/TRAF6/PTEN/CD3E/TAB2/PTPRJ/CARD11/PRKCQ/PSMD3/PSMB2/PDPK1/PIK3CA/BTRC/NCK1/PTPRC/RELA/FBXW11/LCK/INPP5D/ITK/PIK3R1/CD247","REACTOME"
"REACTOME_APOPTOTIC_EXECUTION_PHASE","REACTOME_APOPTOTIC_EXECUTION_PHASE",40,-0.341782109847713,-1.01512823561785,0.430176565008026,0.708607998670178,0.605954725364737,2574,"tags=28%, list=17%, signal=23%","BCAP31/APC/MAPT/PRKCQ/KPNA1/LMNA/CTNNB1/STK24/ADD1/SPTAN1/DFFA","REACTOME"
"REACTOME_CLASS_B_2_SECRETIN_FAMILY_RECEPTORS","REACTOME_CLASS_B_2_SECRETIN_FAMILY_RECEPTORS",41,-0.340441570003633,-1.01645555056748,0.432,0.710462035541195,0.607540175155174,1882,"tags=20%, list=13%, signal=17%","GNB1/GNG2/FZD3/FZD2/FZD5/FZD4/PTCH1/FZD8","REACTOME"
"REACTOME_AURKA_ACTIVATION_BY_TPX2","REACTOME_AURKA_ACTIVATION_BY_TPX2",72,0.274863947351801,1.00327712721004,0.433908045977011,0.71244901742677,0.609239310735125,1720,"tags=18%, list=12%, signal=16%","TUBA1A/HAUS3/TPX2/SFI1/HAUS5/CDK1/YWHAE/CEP135/TUBG1/CEP43/TUBB4B/SDCCAG8/CEP290","REACTOME"
"REACTOME_PYRUVATE_METABOLISM","REACTOME_PYRUVATE_METABOLISM",43,-0.335695491481614,-1.01906884777165,0.438291139240506,0.718486923907948,0.614402529285361,4521,"tags=47%, list=31%, signal=32%","PDK3/VDAC1/UBA52/MPC2/RPS27A/RANBP9/DLAT/PDK1/MAEA/RMND5B/ARMC8/GLO1/MKLN1/PGAM5/GID8/GID4/PC/PDK2/PDHB/RMND5A","REACTOME"
"REACTOME_ACTIVATION_OF_KAINATE_RECEPTORS_UPON_GLUTAMATE_BINDING","REACTOME_ACTIVATION_OF_KAINATE_RECEPTORS_UPON_GLUTAMATE_BINDING",19,-0.405451512083465,-1.02950025548277,0.442906574394464,0.720177954976418,0.615848587287249,146,"tags=26%, list=1%, signal=26%","CALM1/GNB1/GNG2/PLCB1/NCALD","REACTOME"
"REACTOME_NPAS4_REGULATES_EXPRESSION_OF_TARGET_GENES","REACTOME_NPAS4_REGULATES_EXPRESSION_OF_TARGET_GENES",16,-0.421669183929786,-1.02832391747616,0.440972222222222,0.720177954976418,0.615848587287249,309,"tags=25%, list=2%, signal=25%","XPO1/MAGED1/CREBBP/MAPK1","REACTOME"
"REACTOME_CELL_CYCLE_CHECKPOINTS","REACTOME_CELL_CYCLE_CHECKPOINTS",262,0.232383813902534,1.00696921743387,0.442148760330579,0.720177954976418,0.615848587287249,2411,"tags=21%, list=16%, signal=18%","NDC80/PLK3/KNTC1/GTSE1/RBBP8/B9D2/CDC7/H4C3/BUB1B/ATRIP/CENPF/MDC1/KNL1/PSMA3/CENPE/NUP43/MAPK11/CENPT/ANAPC15/CCNB2/CDK1/YWHAE/UBE2E1/CHEK2/BUB1/H2BC5/ANAPC2/BIRC5/ANAPC4/CDC16/MDM4/CDKN1A/RMI1/DNA2/NUP107/PSMC6/ANAPC7/SPC24/ZWINT/MRE11/CDC45/SPDL1/RAD9A/DYNC1LI2/AURKB/CDC20/ANAPC5/PSMB3/PSMA5/RAD9B/PLK1/PKMYT1/PSMA4/PSMB4","REACTOME"
"REACTOME_HOMOLOGOUS_DNA_PAIRING_AND_STRAND_EXCHANGE","REACTOME_HOMOLOGOUS_DNA_PAIRING_AND_STRAND_EXCHANGE",43,0.304434657560504,1.00634201408042,0.440540540540541,0.720177954976418,0.615848587287249,4198,"tags=40%, list=28%, signal=28%","RBBP8/RAD51D/ATRIP/RMI1/DNA2/MRE11/RAD9A/RAD9B/RAD51AP1/RFC4/RPA3/BARD1/RFC3/EXO1/TOPBP1/XRCC2/ATR","REACTOME"
"REACTOME_ISG15_ANTIVIRAL_MECHANISM","REACTOME_ISG15_ANTIVIRAL_MECHANISM",73,-0.305585523203867,-1.003697482987,0.444274809160305,0.720177954976418,0.615848587287249,3052,"tags=30%, list=21%, signal=24%","NUP35/EIF4A3/NUP205/PPM1B/NUP98/EIF4E3/NUP133/KPNA3/RANBP2/KPNA1/JAK1/NDC1/EIF4G1/KPNA4/POM121/NUP210/NUP160/ARIH1/NUP62/NUP188/NEDD4/POM121C","REACTOME"
"REACTOME_BACTERIAL_INFECTION_PATHWAYS","REACTOME_BACTERIAL_INFECTION_PATHWAYS",79,-0.302058174265863,-1.00319012356332,0.443768996960486,0.720177954976418,0.615848587287249,2332,"tags=24%, list=16%, signal=20%","CALM1/GRB2/MAP2K2/KPNA1/PDCD6IP/MAP2K4/STAM/NHERF4/LAMA2/TXNRD1/GSK3A/CTNNB1/FURIN/SH3KBP1/MAP2K3/MAP2K6/EEF2/MAPK1/MAP2K1","REACTOME"
"REACTOME_RECRUITMENT_OF_MITOTIC_CENTROSOME_PROTEINS_AND_COMPLEXES","REACTOME_RECRUITMENT_OF_MITOTIC_CENTROSOME_PROTEINS_AND_COMPLEXES",81,0.268201934057311,0.993813312645381,0.444126074498567,0.720177954976418,0.615848587287249,2546,"tags=21%, list=17%, signal=17%","TUBGCP5/TUBA1A/HAUS3/SFI1/HAUS5/CDK1/YWHAE/CEP135/TUBG1/CEP43/TUBB4B/SDCCAG8/CEP290/TUBG2/PLK1/PLK4/CNTRL","REACTOME"
"REACTOME_DOWNSTREAM_TCR_SIGNALING","REACTOME_DOWNSTREAM_TCR_SIGNALING",81,-0.301522434630693,-1.00304946798854,0.445635528330781,0.72123524299004,0.616752710115565,3380,"tags=27%, list=23%, signal=21%","PSMD13/PSMD2/PSMB5/UBE2D1/UBE2D2/TRAF6/PTEN/CD3E/TAB2/CARD11/PRKCQ/PSMD3/PSMB2/PDPK1/PIK3CA/BTRC/RELA/FBXW11/LCK/INPP5D/PIK3R1/CD247","REACTOME"
"REACTOME_REGULATION_OF_MITF_M_DEPENDENT_GENES_INVOLVED_IN_APOPTOSIS","REACTOME_REGULATION_OF_MITF_M_DEPENDENT_GENES_INVOLVED_IN_APOPTOSIS",15,-0.428987679675253,-1.01823393282625,0.448028673835125,0.723617973338305,0.618790263624008,586,"tags=33%, list=4%, signal=32%","AGO2/BCL2/TNRC6B/SIN3A/TNRC6C","REACTOME"
"REACTOME_MITOCHONDRIAL_BIOGENESIS","REACTOME_MITOCHONDRIAL_BIOGENESIS",90,-0.294133523486082,-1.00503752143265,0.448529411764706,0.723617973338305,0.618790263624008,2493,"tags=20%, list=17%, signal=17%","CREB1/NCOA2/CHCHD6/CALM1/MT-ATP6/GABPA/MED1/NCOR1/NCOA6/HELZ2/TMEM11/TBL1X/PRKAG2/NCOA1/HCFC1/NRF1/CREBBP/MEF2D","REACTOME"
"REACTOME_CALNEXIN_CALRETICULIN_CYCLE","REACTOME_CALNEXIN_CALRETICULIN_CYCLE",26,-0.372085370069548,-1.0140249262455,0.449675324675325,0.724318798290317,0.619389562802288,2278,"tags=54%, list=15%, signal=46%","PDIA3/RNF185/UBA52/RPS27A/RNF103/SYVN1/OS9/UGGT1/RNF5/CANX/SEL1L/GANAB/AMFR/PRKCSH","REACTOME"
"REACTOME_PROTEIN_HYDROXYLATION","REACTOME_PROTEIN_HYDROXYLATION",19,-0.400462753159417,-1.01683307227149,0.453287197231834,0.726876075974374,0.621576377655679,3684,"tags=37%, list=25%, signal=28%","RPS6/RPL27A/U2AF2/OGFOD1/RPS23/DRG2/RIOX1","REACTOME"
"REACTOME_MISMATCH_REPAIR","REACTOME_MISMATCH_REPAIR",15,-0.428080506400411,-1.01608069007555,0.453405017921147,0.726876075974374,0.621576377655679,1423,"tags=33%, list=10%, signal=30%","RPA1/MSH3/RPA2/MSH6/MSH2","REACTOME"
"REACTOME_ANTIGEN_ACTIVATES_B_CELL_RECEPTOR_BCR_LEADING_TO_GENERATION_OF_SECOND_MESSENGERS","REACTOME_ANTIGEN_ACTIVATES_B_CELL_RECEPTOR_BCR_LEADING_TO_GENERATION_OF_SECOND_MESSENGERS",39,-0.339634029237747,-1.00841348251076,0.452380952380952,0.726876075974374,0.621576377655679,1350,"tags=21%, list=9%, signal=19%","NCK1/AHCYL1/SH3KBP1/STIM1/ORAI1/PIK3R1/IGLV2-14/FYN","REACTOME"
"REACTOME_TP53_REGULATES_TRANSCRIPTION_OF_GENES_INVOLVED_IN_CYTOCHROME_C_RELEASE","REACTOME_TP53_REGULATES_TRANSCRIPTION_OF_GENES_INVOLVED_IN_CYTOCHROME_C_RELEASE",17,-0.413056836788006,-1.02202469853057,0.456445993031359,0.730600661801766,0.624761397280592,2482,"tags=35%, list=17%, signal=29%","TP53BP2/STEAP3/BBC3/PPP1R13B/BNIP3L/CREBBP","REACTOME"
"REACTOME_SCAVENGING_OF_HEME_FROM_PLASMA","REACTOME_SCAVENGING_OF_HEME_FROM_PLASMA",16,0.39130664625393,1.00412182870671,0.457746478873239,0.731532049439494,0.625557858428768,2869,"tags=38%, list=19%, signal=30%","IGKV4-1/IGHV4-39/IGKV3-20/IGLV2-11/IGLC3/LRP1","REACTOME"
"REACTOME_ELASTIC_FIBRE_FORMATION","REACTOME_ELASTIC_FIBRE_FORMATION",30,-0.359651039854542,-1.00729974252691,0.462903225806452,0.737457721237821,0.630625101296327,3665,"tags=27%, list=25%, signal=20%","MFAP3/LOXL1/ITGA5/FBLN5/TGFB1/ITGB1/FURIN/LTBP2","REACTOME"
"REACTOME_MATURATION_OF_SARS_COV_2_NUCLEOPROTEIN","REACTOME_MATURATION_OF_SARS_COV_2_NUCLEOPROTEIN",15,-0.422962198455775,-1.00393200824901,0.462365591397849,0.737457721237821,0.630625101296327,1532,"tags=33%, list=10%, signal=30%","PARP4/GSK3A/PARP8/GSK3B/SRPK2","REACTOME"
"REACTOME_SEMA4D_IN_SEMAPHORIN_SIGNALING","REACTOME_SEMA4D_IN_SEMAPHORIN_SIGNALING",22,-0.383316072716071,-1.00166397183574,0.464527027027027,0.738888302364865,0.631848439722617,1236,"tags=23%, list=8%, signal=21%","SEMA4D/RAC1/ERBB2/MYH9/ARHGAP35","REACTOME"
"REACTOME_CARDIAC_CONDUCTION","REACTOME_CARDIAC_CONDUCTION",64,-0.312583554336954,-1.00151683079338,0.466248037676609,0.739566498819998,0.632428388505985,1606,"tags=14%, list=11%, signal=13%","RYR2/AHCYL1/HIPK2/ATP1A3/WWTR1/STIM1/ORAI1/ATP2B4/CACNA2D2","REACTOME"
"REACTOME_APOPTOSIS","REACTOME_APOPTOSIS",149,-0.277365324160067,-1.00106995291238,0.467132867132867,0.739566498819998,0.632428388505985,2803,"tags=25%, list=19%, signal=20%","ARHGAP10/FADD/BCL2L1/BCAP31/TP53BP2/MAPK8/APPL1/YWHAZ/APC/MAPT/PRKCQ/PSMD3/KPNA1/AVEN/PSMB2/TRADD/MAGED1/LMNA/CASP9/YWHAQ/BBC3/BCL2L11/DAPK3/PPP1R13B/CTNNB1/PPP3R1/SEPTIN4/STK24/NMT1/ADD1/BCL2/TFDP2/SPTAN1/AKT3/DFFA/DYNLL2/MAPK1","REACTOME"
"REACTOME_SIGNALING_BY_CSF3_G_CSF","REACTOME_SIGNALING_BY_CSF3_G_CSF",29,0.327142526070448,0.992633663665912,0.466836734693878,0.739566498819998,0.632428388505985,3373,"tags=31%, list=23%, signal=24%","STAT1/JAK2/KRAS/TYK2/CUL5/HCK/GAB2/STAT5A/SOCS3","REACTOME"
"REACTOME_DOPAMINE_NEUROTRANSMITTER_RELEASE_CYCLE","REACTOME_DOPAMINE_NEUROTRANSMITTER_RELEASE_CYCLE",15,0.388128091552855,0.985164872157173,0.468468468468468,0.740529349225001,0.633251754533219,3626,"tags=40%, list=25%, signal=30%","LIN7C/LIN7A/SLC18A2/STX1A/PPFIA4/TSPOAP1","REACTOME"
"REACTOME_HOMOLOGY_DIRECTED_REPAIR","REACTOME_HOMOLOGY_DIRECTED_REPAIR",117,0.252076555394023,0.98865335262105,0.470404984423676,0.741288350067031,0.633900801887535,1867,"tags=15%, list=13%, signal=14%","MUS81/RBBP8/RAD51D/H4C3/ERCC1/POLD4/ATRIP/MDC1/PARP2/H2BC5/SIRT6/RMI1/DNA2/FIRRM/RTEL1/EME2/MRE11/RAD9A","REACTOME"
"REACTOME_CARGO_TRAFFICKING_TO_THE_PERICILIARY_MEMBRANE","REACTOME_CARGO_TRAFFICKING_TO_THE_PERICILIARY_MEMBRANE",57,0.27924646927737,0.976470005617455,0.47027027027027,0.741288350067031,0.633900801887535,2064,"tags=19%, list=14%, signal=17%","PKD2/TUBA1A/HDAC6/EXOC1/BBS1/TUBB4B/ASAP1/NPHP3/TUBA1B/ATAT1/TUBB2A","REACTOME"
"REACTOME_GENERATION_OF_SECOND_MESSENGER_MOLECULES","REACTOME_GENERATION_OF_SECOND_MESSENGER_MOLECULES",30,-0.354850264719556,-0.993853876891827,0.47258064516129,0.743565837363514,0.635848358494081,1350,"tags=13%, list=9%, signal=12%","NCK1/LCK/ITK/CD247","REACTOME"
"REACTOME_SYNDECAN_INTERACTIONS","REACTOME_SYNDECAN_INTERACTIONS",19,0.368312613365378,0.994604394758685,0.474056603773585,0.743589557228828,0.635868642155145,1474,"tags=11%, list=10%, signal=9%","SDC3/COL5A3","REACTOME"
"REACTOME_SYNTHESIS_OF_VERY_LONG_CHAIN_FATTY_ACYL_COAS","REACTOME_SYNTHESIS_OF_VERY_LONG_CHAIN_FATTY_ACYL_COAS",18,0.372701249796472,0.992300736673106,0.474056603773585,0.743589557228828,0.635868642155145,1195,"tags=11%, list=8%, signal=10%","ELOVL6/SLC27A3","REACTOME"
"REACTOME_MICRORNA_MIRNA_BIOGENESIS","REACTOME_MICRORNA_MIRNA_BIOGENESIS",24,-0.366768969708073,-0.979351593424082,0.478187919463087,0.74891584925142,0.640423335054208,3842,"tags=33%, list=26%, signal=25%","RAN/PRKRA/AGO1/POLR2B/AGO4/POLR2F/AGO2/POLR2A","REACTOME"
"REACTOME_TRANSCRIPTIONAL_REGULATION_BY_VENTX","REACTOME_TRANSCRIPTIONAL_REGULATION_BY_VENTX",37,0.307627769496377,0.992508040028424,0.478947368421053,0.748953027730617,0.640455127632324,2251,"tags=30%, list=15%, signal=25%","MOV10/ANAPC15/UBE2E1/CCND1/ANAPC2/ANAPC4/CDC16/ANAPC7/TCF7L2/ANAPC5/CSF1R","REACTOME"
"REACTOME_TRANSPORT_OF_SMALL_MOLECULES","REACTOME_TRANSPORT_OF_SMALL_MOLECULES",476,-0.246862376753101,-0.994412416001109,0.481347773766546,0.749253874150373,0.640712391606203,3117,"tags=23%, list=21%, signal=19%","SAR1B/EMB/PHB2/GNB5/SLC12A2/TRPV2/MICU1/PHB1/ABCG1/ATP10A/OS9/SLC2A8/ESYT1/CA2/SLC12A6/ESYT2/SLC5A10/PLEKHA8/ATP8B2/ATP6AP1/STOM/SLC25A6/ATP6V1D/ATP1B1/SLC30A5/CLTC/ARF1/SLC39A3/TRPC3/ATP8A1/SLC4A4/SLC44A2/SLC35D1/LRRC8A/CALM1/WNK1/NIPA2/SLC17A5/PSMD3/RNF5/PSMB2/AP2M1/STEAP3/SLC39A7/GNB1/SLC26A11/SLC38A1/GNG2/RUNX1/NIPA1/SGK3/LIPA/RYR2/NIPAL3/ACO1/NCEH1/GLTP/ABCF1/CYB5R1/SLC38A2/SLC25A26/AQP3/SLCO3A1/SEL1L/SLC14A2/AHCYL2/ABCB1/ATP1A3/SLC15A4/SLC41A1/VCP/FURIN/VLDLR/PRKAR2A/SLC3A2/LETM1/FBXL5/ARL2/SLC39A6/SLC1A7/PRKACB/SLC29A3/SLC6A4/MAGT1/ABCA3/LDLRAP1/ATP13A2/ERLEC1/ATP8A2/AP2B1/ADD1/P4HB/PRKAR1A/HMOX2/SLC9A1/SLC9A6/APOBR/ATP2B4/PEX19/SLC35C1/ANO10/SLC39A14/CYBRD1/ARL2BP/PCSK5/CPTP/SLC2A1/SLC16A1/SLC27A4/NPC1/ANKH","REACTOME"
"REACTOME_RHO_GTPASES_ACTIVATE_FORMINS","REACTOME_RHO_GTPASES_ACTIVATE_FORMINS",127,-0.280322724818746,-0.993208890400998,0.48051948051948,0.749253874150373,0.640712391606203,2898,"tags=28%, list=20%, signal=22%","DIAPH2/KIF18A/PFN2/NUP98/NUP133/XPO1/PPP2R1A/CKAP5/TUBB4A/TAOK1/RANBP2/PPP2R5D/ITGB1/RANGAP1/CENPO/AHCTF1/CENPQ/NSL1/DVL2/DYNC1H1/CENPL/CLASP1/RAC1/PAFAH1B1/KIF2A/PPP2R5E/PPP2R5A/NUP160/BUB3/DIAPH1/DAAM1/DYNLL2/MRTFA/PPP2R5C/INCENP","REACTOME"
"REACTOME_NOTCH2_ACTIVATION_AND_TRANSMISSION_OF_SIGNAL_TO_THE_NUCLEUS","REACTOME_NOTCH2_ACTIVATION_AND_TRANSMISSION_OF_SIGNAL_TO_THE_NUCLEUS",21,0.355207157043988,0.982780859589664,0.480769230769231,0.749253874150373,0.640712391606203,981,"tags=14%, list=7%, signal=13%","MIB2/APH1B/MDK","REACTOME"
"REACTOME_METABOLISM_OF_COFACTORS","REACTOME_METABOLISM_OF_COFACTORS",25,0.34401236298042,0.985746049556227,0.483290488431877,0.749984325036052,0.641337024924843,1848,"tags=24%, list=12%, signal=21%","GCH1/COQ6/PTS/COQ9/NOS3/GCHFR","REACTOME"
"REACTOME_COLLAGEN_CHAIN_TRIMERIZATION","REACTOME_COLLAGEN_CHAIN_TRIMERIZATION",16,-0.403699912395426,-0.984502285726364,0.482638888888889,0.749984325036052,0.641337024924843,26,"tags=12%, list=0%, signal=12%","COL8A2/COL13A1","REACTOME"
"REACTOME_OVARIAN_TUMOR_DOMAIN_PROTEASES","REACTOME_OVARIAN_TUMOR_DOMAIN_PROTEASES",38,-0.332892997811915,-0.983277194188449,0.484076433121019,0.750060591959205,0.641402243356698,2655,"tags=26%, list=18%, signal=22%","UBE2D1/TNIP1/TRAF6/PTEN/APC/OTUD5/VCPIP1/VCP/ZRANB1/OTUD7B","REACTOME"
"REACTOME_SARS_COV_2_HOST_INTERACTIONS","REACTOME_SARS_COV_2_HOST_INTERACTIONS",181,-0.270784921195727,-0.995966137270939,0.488826815642458,0.751696445414612,0.64280111711083,4434,"tags=36%, list=30%, signal=26%","RPS16/RPS19/RPS18/SFN/FAU/RPS21/UBA52/NUP214/TUFM/YWHAB/RPS27A/G3BP2/SEC23A/HSP90AB1/RPS12/RPS6/PTPN11/RPS4X/RPS15/TRIM4/RPS24/G3BP1/IRAK2/RPSA/RPS8/DDX20/RPS27/SAR1B/NUP35/NUP205/RPS9/NUP98/NUP133/TRAF6/RPS3/RPS14/SNRPD3/TAB2/YWHAZ/GEMIN2/RPS23/RANBP2/TOMM70/JAK1/VPS11/PDPK1/NDC1/IL17RA/PIK3R4/YWHAQ/PALS1/RPS2/SEC24B/POM121/GEMIN5/NUP210/NUP160/SEC24D/VPS18/NUP62/AKT3/NUP188/CNBP/CREBBP/GEMIN4/POM121C","REACTOME"
"REACTOME_METABOLIC_DISORDERS_OF_BIOLOGICAL_OXIDATION_ENZYMES","REACTOME_METABOLIC_DISORDERS_OF_BIOLOGICAL_OXIDATION_ENZYMES",17,-0.401324744582579,-0.992996034841995,0.48780487804878,0.751696445414612,0.64280111711083,1089,"tags=29%, list=7%, signal=27%","FDX1/SLC35D1/GCLC/GCLM/CYP2R1","REACTOME"
"REACTOME_AZATHIOPRINE_ADME","REACTOME_AZATHIOPRINE_ADME",19,-0.389289919398253,-0.988463625201294,0.48961937716263,0.751696445414612,0.64280111711083,1428,"tags=21%, list=10%, signal=19%","GMPS/IMPDH2/RAC1/VAV3","REACTOME"
"REACTOME_SYNTHESIS_OF_PIPS_AT_THE_GOLGI_MEMBRANE","REACTOME_SYNTHESIS_OF_PIPS_AT_THE_GOLGI_MEMBRANE",15,-0.41265912828513,-0.979476910452301,0.491039426523298,0.751696445414612,0.64280111711083,4026,"tags=33%, list=27%, signal=24%","SACM1L/ARF3/ARF1/PIK3R4/PI4K2A","REACTOME"
"REACTOME_RHOBTB2_GTPASE_CYCLE","REACTOME_RHOBTB2_GTPASE_CYCLE",23,-0.370818477838335,-0.978112238632765,0.487479131886477,0.751696445414612,0.64280111711083,4700,"tags=48%, list=32%, signal=33%","PHIP/STK38/HSP90AB1/MSI2/CCT6A/CUL3/HNRNPC/MYO6/TMOD3/CCT7/DBN1","REACTOME"
"REACTOME_GROWTH_HORMONE_RECEPTOR_SIGNALING","REACTOME_GROWTH_HORMONE_RECEPTOR_SIGNALING",18,0.366358465182526,0.975413350734866,0.490566037735849,0.751696445414612,0.64280111711083,1433,"tags=22%, list=10%, signal=20%","STAT1/JAK2/PTPN6/CISH","REACTOME"
"REACTOME_RNA_POLYMERASE_I_TRANSCRIPTION_TERMINATION","REACTOME_RNA_POLYMERASE_I_TRANSCRIPTION_TERMINATION",29,0.321050131310623,0.974147787789165,0.489795918367347,0.751696445414612,0.64280111711083,2019,"tags=21%, list=14%, signal=18%","CCNH/TBP/TAF1C/POLR1C/POLR2H/ERCC3","REACTOME"
"REACTOME_DNA_METHYLATION","REACTOME_DNA_METHYLATION",28,0.326429816220003,0.968249642757429,0.488250652741514,0.751696445414612,0.64280111711083,1269,"tags=11%, list=9%, signal=10%","H4C3/H3C1/H2BC5","REACTOME"
"REACTOME_SIGNALING_BY_MET","REACTOME_SIGNALING_BY_MET",62,-0.309662147138097,-0.987147308408211,0.496050552922591,0.752577440946643,0.643554486260856,2367,"tags=34%, list=16%, signal=29%","LAMB3/PTPN1/RANBP10/STAT3/SOS1/PTPRJ/GRB2/ARF6/RAP1B/ITGB1/SHC1/STAM/LAMA2/CRKL/CRK/PIK3CA/RAC1/SH3KBP1/LRIG1/RAPGEF1/PIK3R1","REACTOME"
"REACTOME_SWITCHING_OF_ORIGINS_TO_A_POST_REPLICATIVE_STATE","REACTOME_SWITCHING_OF_ORIGINS_TO_A_POST_REPLICATIVE_STATE",77,0.266122529834076,0.983241573632018,0.495726495726496,0.752577440946643,0.643554486260856,2494,"tags=18%, list=17%, signal=15%","PSMA3/ANAPC15/UBE2E1/ANAPC2/ANAPC4/CDC16/PSMC6/ANAPC7/ANAPC5/PSMB3/PSMA5/PSMA4/PSMB4/CCNA2","REACTOME"
"REACTOME_DNA_DAMAGE_TELOMERE_STRESS_INDUCED_SENESCENCE","REACTOME_DNA_DAMAGE_TELOMERE_STRESS_INDUCED_SENESCENCE",48,-0.319152536199883,-0.978487652411522,0.492730210016155,0.752577440946643,0.643554486260856,3822,"tags=33%, list=26%, signal=25%","KAT5/TINF2/RB1/H2AZ2/EP400/ASF1A/H2AC6/H2BC9/TERF2IP/H2AX/H2BC11/UBN1/TERF2/TERF1/HIRA/CDKN1B","REACTOME"
"REACTOME_DRUG_ADME","REACTOME_DRUG_ADME",46,-0.319210835652916,-0.975170607672008,0.495207667731629,0.752577440946643,0.643554486260856,1428,"tags=15%, list=10%, signal=14%","GMPS/IMPDH2/ABCB1/RAC1/VAV3/SLC29A3/SLC16A1","REACTOME"
"REACTOME_G_ALPHA_S_SIGNALLING_EVENTS","REACTOME_G_ALPHA_S_SIGNALLING_EVENTS",76,-0.294764601512787,-0.974169520099423,0.495440729483283,0.752577440946643,0.643554486260856,2276,"tags=24%, list=15%, signal=20%","GNAI3/PDE2A/GRK5/ITGB1/SHC1/GNB1/PTGER2/GNG2/GPR27/PDE4A/PRKAR2A/PDE3B/PRKACB/PDE4D/ARRB1/PRKAR1A/ADRB2/GNAZ","REACTOME"
"REACTOME_PARACETAMOL_ADME","REACTOME_PARACETAMOL_ADME",15,0.381406256040493,0.968103194924011,0.495495495495495,0.752577440946643,0.643554486260856,5457,"tags=60%, list=37%, signal=38%","ABCC3/GGT1/CNDP2/GSTP1/CYP2E1/SULT1A1/ABCG2/GSTM1/GGT7","REACTOME"
"REACTOME_ECM_PROTEOGLYCANS","REACTOME_ECM_PROTEOGLYCANS",39,-0.32969508899533,-0.978903596929457,0.498412698412698,0.755035903250189,0.645656800731989,2325,"tags=26%, list=16%, signal=22%","TNXB/TGFB1/NCAM1/ITGB1/LAMA2/SERPINE1/TNR/HSPG2/PTPRS/DAG1","REACTOME"
"REACTOME_NEGATIVE_REGULATION_OF_MET_ACTIVITY","REACTOME_NEGATIVE_REGULATION_OF_MET_ACTIVITY",18,-0.396583686997805,-0.989907916105687,0.501730103806228,0.757806002484778,0.64802560650906,2367,"tags=50%, list=16%, signal=42%","EPS15/UBA52/RPS27A/PTPN1/PTPRJ/GRB2/STAM/SH3KBP1/LRIG1","REACTOME"
"REACTOME_DOWNSTREAM_SIGNALING_EVENTS_OF_B_CELL_RECEPTOR_BCR","REACTOME_DOWNSTREAM_SIGNALING_EVENTS_OF_B_CELL_RECEPTOR_BCR",68,-0.301384797521164,-0.97956774651336,0.501533742331288,0.757806002484778,0.64802560650906,2341,"tags=21%, list=16%, signal=17%","CARD11/CALM1/PSMD3/PSMB2/REL/PPP3CA/PRKCB/BTRC/RASGRP1/RELA/PPP3R1/FBXW11/NFATC3/NFATC2","REACTOME"
"REACTOME_CONSTITUTIVE_SIGNALING_BY_LIGAND_RESPONSIVE_EGFR_CANCER_VARIANTS","REACTOME_CONSTITUTIVE_SIGNALING_BY_LIGAND_RESPONSIVE_EGFR_CANCER_VARIANTS",18,-0.396142397951381,-0.988806419663277,0.503460207612457,0.758169365901599,0.648336330886798,2658,"tags=28%, list=18%, signal=23%","SOS1/GRB2/SHC1/PIK3CA/PIK3R1","REACTOME"
"REACTOME_G_PROTEIN_BETA_GAMMA_SIGNALLING","REACTOME_G_PROTEIN_BETA_GAMMA_SIGNALLING",24,-0.361705004535016,-0.965829723334515,0.503355704697987,0.758169365901599,0.648336330886798,2030,"tags=21%, list=14%, signal=18%","PDPK1/GNB1/GNG2/AKT3/PLCB1","REACTOME"
"REACTOME_RESOLUTION_OF_SISTER_CHROMATID_COHESION","REACTOME_RESOLUTION_OF_SISTER_CHROMATID_COHESION",116,-0.280526432016719,-0.982890710209396,0.505124450951684,0.758557645034415,0.648668361538064,2715,"tags=29%, list=18%, signal=24%","NUP98/NUP133/XPO1/PPP2R1A/CKAP5/TUBB4A/SMC1A/TAOK1/RANBP2/PPP2R5D/RANGAP1/CENPO/AHCTF1/CENPQ/STAG1/NSL1/SMC3/DYNC1H1/CENPL/PDS5A/CLASP1/PAFAH1B1/WAPL/KIF2A/PPP2R5E/PPP2R5A/NUP160/RAD21/BUB3/STAG2/PDS5B/DYNLL2/PPP2R5C/INCENP","REACTOME"
"REACTOME_DISEASES_ASSOCIATED_WITH_GLYCOSYLATION_PRECURSOR_BIOSYNTHESIS","REACTOME_DISEASES_ASSOCIATED_WITH_GLYCOSYLATION_PRECURSOR_BIOSYNTHESIS",16,-0.393909697853748,-0.96062690627225,0.505208333333333,0.758557645034415,0.648668361538064,1612,"tags=44%, list=11%, signal=39%","NUS1/GNE/DHDDS/GALM/GFPT1/PGM1/DOLK","REACTOME"
"REACTOME_E2F_MEDIATED_REGULATION_OF_DNA_REPLICATION","REACTOME_E2F_MEDIATED_REGULATION_OF_DNA_REPLICATION",22,-0.372894257731686,-0.974430163148755,0.508445945945946,0.760055760606421,0.64994945095803,3645,"tags=32%, list=25%, signal=24%","PPP2CB/RB1/POLA2/PPP2R1A/POLA1/PRIM1/TFDP2","REACTOME"
"REACTOME_PRC2_METHYLATES_HISTONES_AND_DNA","REACTOME_PRC2_METHYLATES_HISTONES_AND_DNA",39,0.301106349409014,0.971701037563855,0.508064516129032,0.760055760606421,0.64994945095803,472,"tags=8%, list=3%, signal=7%","EZH2/H4C3/H3C1","REACTOME"
"REACTOME_COPI_DEPENDENT_GOLGI_TO_ER_RETROGRADE_TRAFFIC","REACTOME_COPI_DEPENDENT_GOLGI_TO_ER_RETROGRADE_TRAFFIC",85,-0.286562722153772,-0.966607223110348,0.508221225710015,0.760055760606421,0.64994945095803,3811,"tags=34%, list=26%, signal=25%","KIF1B/KLC4/NSF/GBF1/ARF3/NAPA/KIF5B/ZW10/TMED2/COPE/TMED7/SURF4/KIF18A/ARCN1/ARF4/ARF1/TUBB4A/COPG1/NBAS/KIF13B/COPA/TMED9/COPG2/KIF2A/KIF1C/TMED10/KIF3C/COPZ2/ARFGAP3","REACTOME"
"REACTOME_DNA_STRAND_ELONGATION","REACTOME_DNA_STRAND_ELONGATION",32,-0.338697342820671,-0.962566893362057,0.511363636363636,0.763296454278859,0.65272067799464,3944,"tags=38%, list=27%, signal=28%","GINS1/RPA1/POLA2/GINS3/RFC2/RFC1/POLA1/PRIM1/MCM5/RPA2/FEN1/MCM3","REACTOME"
"REACTOME_CYTOSOLIC_SENSORS_OF_PATHOGEN_ASSOCIATED_DNA","REACTOME_CYTOSOLIC_SENSORS_OF_PATHOGEN_ASSOCIATED_DNA",62,0.274883675953234,0.97470347101513,0.51219512195122,0.763418205192301,0.652824791328749,2359,"tags=24%, list=16%, signal=20%","AIM2/RIPK3/TICAM1/POLR1C/IRF3/POLR2H/ZBP1/IRF7/MRE11/IKBKB/NFKBIA/NLRC3/MYD88/NFKB2/POLR3C","REACTOME"
"REACTOME_ER_QUALITY_CONTROL_COMPARTMENT_ERQC","REACTOME_ER_QUALITY_CONTROL_COMPARTMENT_ERQC",21,0.343912007751571,0.951529640939753,0.516826923076923,0.769195625281152,0.657765259132988,11,"tags=5%, list=0%, signal=5%","UGGT2","REACTOME"
"REACTOME_PROCESSIVE_SYNTHESIS_ON_THE_C_STRAND_OF_THE_TELOMERE","REACTOME_PROCESSIVE_SYNTHESIS_ON_THE_C_STRAND_OF_THE_TELOMERE",19,-0.377497737281389,-0.95852156273462,0.519031141868512,0.771348470689263,0.659606230234744,4208,"tags=53%, list=28%, signal=38%","ACD/BLM/RPA1/TINF2/TERF2IP/TERF2/WRN/TERF1/RPA2/FEN1","REACTOME"
"REACTOME_SIGNALING_BY_NOTCH3","REACTOME_SIGNALING_BY_NOTCH3",43,-0.318210614491116,-0.965990108556252,0.522151898734177,0.774855150016607,0.662604910623239,2431,"tags=28%, list=16%, signal=23%","PLXND1/MAML2/MAMLD1/WWP2/SNW1/EP300/MIB1/ADAM10/HEY2/IKZF1/MAML1/CREBBP","REACTOME"
"REACTOME_DISEASES_OF_METABOLISM","REACTOME_DISEASES_OF_METABOLISM",187,-0.267393980331447,-0.98236617836741,0.523809523809524,0.776183544742497,0.663740865993222,1663,"tags=14%, list=11%, signal=12%","ADAMTS1/GFPT1/ALG2/PC/NHLRC1/PGM1/NAGS/GCLC/HSPG2/CHST14/GCLM/CHSY1/ABCA3/B3GALT6/PCCB/BTD/CD320/B4GALT1/DAG1/B3GLCT/DOLK/CYP2R1/B4GAT1/EXT2/HGSNAT/KHK","REACTOME"
"REACTOME_TRISTETRAPROLIN_TTP_ZFP36_BINDS_AND_DESTABILIZES_MRNA","REACTOME_TRISTETRAPROLIN_TTP_ZFP36_BINDS_AND_DESTABILIZES_MRNA",17,-0.382997539249704,-0.947649112004708,0.526132404181185,0.777362536221257,0.664749061580994,1198,"tags=18%, list=8%, signal=16%","MAPKAPK2/DCP1A/EXOSC6","REACTOME"
"REACTOME_TNFS_BIND_THEIR_PHYSIOLOGICAL_RECEPTORS","REACTOME_TNFS_BIND_THEIR_PHYSIOLOGICAL_RECEPTORS",20,0.343515772680393,0.942103289124659,0.525943396226415,0.777362536221257,0.664749061580994,2953,"tags=35%, list=20%, signal=28%","TNFRSF14/TNFRSF25/LTA/TNFRSF9/CD70/TNFSF13/TNFSF13B","REACTOME"
"REACTOME_GLYCOSPHINGOLIPID_METABOLISM","REACTOME_GLYCOSPHINGOLIPID_METABOLISM",43,-0.316377151885034,-0.96042427680449,0.530063291139241,0.782035406347459,0.668744991261864,2366,"tags=19%, list=16%, signal=16%","B4GALT5/HEXB/UGCG/B3GALT4/SMPD4/ST6GALNAC6/ST3GAL2/ARSK","REACTOME"
"REACTOME_TRANSCRIPTIONAL_REGULATION_OF_GRANULOPOIESIS","REACTOME_TRANSCRIPTIONAL_REGULATION_OF_GRANULOPOIESIS",52,-0.305785486976592,-0.952618146842681,0.532591414944356,0.783494306955715,0.669992546636724,4047,"tags=37%, list=27%, signal=27%","CEBPA/H3-3A/KMT2A/TAL1/H2AZ2/STAT3/H2AC6/H3C10/H2BC9/CREB1/CBFB/H2AX/GATA2/H2BC11/RUNX1/EP300/FLI1/LEF1/TFDP2","REACTOME"
"REACTOME_METABOLISM_OF_FAT_SOLUBLE_VITAMINS","REACTOME_METABOLISM_OF_FAT_SOLUBLE_VITAMINS",24,0.328072691599165,0.950211204895589,0.532019704433498,0.783494306955715,0.669992546636724,730,"tags=12%, list=5%, signal=12%","SDC3/LRP8/APOM","REACTOME"
"REACTOME_SIGNALING_BY_CSF1_M_CSF_IN_MYELOID_CELLS","REACTOME_SIGNALING_BY_CSF1_M_CSF_IN_MYELOID_CELLS",30,-0.339706987736937,-0.951441045243194,0.533870967741935,0.784243355211097,0.67063308319675,3032,"tags=43%, list=21%, signal=35%","UBA52/PIK3CB/RPS27A/GRAP2/PTPN11/STAT3/SOS1/GRB2/SHC1/PIK3CA/INPP5D/PIK3R1/FYN","REACTOME"
"REACTOME_LYSOSOME_VESICLE_BIOGENESIS","REACTOME_LYSOSOME_VESICLE_BIOGENESIS",32,-0.333370580744309,-0.947428407831516,0.535714285714286,0.784686536485098,0.671012062530427,2836,"tags=34%, list=19%, signal=28%","VAMP7/CLTB/AP1M1/GNS/VAMP2/CLTC/ARF1/DNASE2/HSPA8/ARRB1/TXNDC5","REACTOME"
"REACTOME_COOPERATION_OF_PREFOLDIN_AND_TRIC_CCT_IN_ACTIN_AND_TUBULIN_FOLDING","REACTOME_COOPERATION_OF_PREFOLDIN_AND_TRIC_CCT_IN_ACTIN_AND_TUBULIN_FOLDING",29,0.311190371375203,0.944230767384869,0.535714285714286,0.784686536485098,0.671012062530427,2525,"tags=21%, list=17%, signal=17%","TUBA1A/CCT6B/TUBB4B/TUBA1B/TUBB2A/TUBB6","REACTOME"
"REACTOME_REGULATION_OF_PTEN_STABILITY_AND_ACTIVITY","REACTOME_REGULATION_OF_PTEN_STABILITY_AND_ACTIVITY",54,-0.303418722169648,-0.945725388798833,0.537720706260032,0.786493791627461,0.672557507678534,3442,"tags=30%, list=23%, signal=23%","TRIM27/PSMD13/PSMD2/PSMB5/CSNK2A2/PTEN/TNKS2/PSMD3/PSMB2/WWP2/CSNK2A1/STUB1/MKRN1/USP13/AKT3/NEDD4","REACTOME"
"REACTOME_FORMATION_OF_THE_EARLY_ELONGATION_COMPLEX","REACTOME_FORMATION_OF_THE_EARLY_ELONGATION_COMPLEX",32,-0.332000404153452,-0.943534410277728,0.540584415584416,0.788826592461979,0.674552364766888,1484,"tags=16%, list=10%, signal=14%","POLR2F/POLR2A/NELFB/GTF2F1/CTDP1","REACTOME"
"REACTOME_RAF_INDEPENDENT_MAPK1_3_ACTIVATION","REACTOME_RAF_INDEPENDENT_MAPK1_3_ACTIVATION",21,0.33713334033271,0.932774544200654,0.540865384615385,0.788826592461979,0.674552364766888,1243,"tags=29%, list=8%, signal=26%","DUSP6/JAK2/DUSP10/DUSP1/CDK1/TYK2","REACTOME"
"REACTOME_FORMATION_OF_THE_DYSTROPHIN_GLYCOPROTEIN_COMPLEX_DGC","REACTOME_FORMATION_OF_THE_DYSTROPHIN_GLYCOPROTEIN_COMPLEX_DGC",21,-0.367756205073955,-0.951337639067229,0.546075085324232,0.790760223129542,0.676205877911417,5119,"tags=52%, list=35%, signal=34%","SNTB1/DRP2/SNTB2/SGCB/LAMA5/SGCD/LAMB3/UTRN/LAMA2/HSPG2/DAG1","REACTOME"
"REACTOME_TP53_REGULATES_TRANSCRIPTION_OF_CELL_DEATH_GENES","REACTOME_TP53_REGULATES_TRANSCRIPTION_OF_CELL_DEATH_GENES",40,0.2911496647398,0.950543903198472,0.54353562005277,0.790760223129542,0.676205877911417,2459,"tags=32%, list=17%, signal=27%","CASP1/TNFRSF10B/RABGGTB/PMAIP1/BIRC5/AIFM2/RABGGTA/BAX/TRIAP1/PIDD1/NLRC4/TNFRSF10A/BCL6","REACTOME"
"REACTOME_O_GLYCOSYLATION_OF_TSR_DOMAIN_CONTAINING_PROTEINS","REACTOME_O_GLYCOSYLATION_OF_TSR_DOMAIN_CONTAINING_PROTEINS",19,0.350326381225824,0.946033737979672,0.544811320754717,0.790760223129542,0.676205877911417,1773,"tags=21%, list=12%, signal=19%","ADAMTS13/ADAMTSL4/ADAMTS14/POFUT2","REACTOME"
"REACTOME_CHROMATIN_MODIFICATIONS_DURING_THE_MATERNAL_TO_ZYGOTIC_TRANSITION_MZT","REACTOME_CHROMATIN_MODIFICATIONS_DURING_THE_MATERNAL_TO_ZYGOTIC_TRANSITION_MZT",32,-0.331474048447133,-0.942038524384985,0.543831168831169,0.790760223129542,0.676205877911417,2851,"tags=28%, list=19%, signal=23%","KDM6B/H2AC6/H3C10/H2BC9/H2AX/H2BC11/TET3/UNG/KDM5A","REACTOME"
"REACTOME_MITOCHONDRIAL_FATTY_ACID_BETA_OXIDATION","REACTOME_MITOCHONDRIAL_FATTY_ACID_BETA_OXIDATION",32,-0.330843943868872,-0.94024778755387,0.545454545454545,0.790760223129542,0.676205877911417,3933,"tags=38%, list=27%, signal=28%","MECR/NDUFAB1/THEM5/PCCA/ECHS1/ACSM3/MCAT/ACOT1/HADHA/ACOT7/PCCB/ECI1","REACTOME"
"REACTOME_NRAGE_SIGNALS_DEATH_THROUGH_JNK","REACTOME_NRAGE_SIGNALS_DEATH_THROUGH_JNK",50,-0.305898841219102,-0.94124550523068,0.548123980424144,0.791475478115997,0.676817516701406,3101,"tags=36%, list=21%, signal=29%","KALRN/NGFR/ARHGEF12/SOS1/PREX1/MAPK8/ARHGEF3/GNA13/AATF/ARHGEF2/MAGED1/AKAP13/BCL2L11/ARHGEF7/RAC1/VAV3/FGD3/SOS2","REACTOME"
"REACTOME_PCNA_DEPENDENT_LONG_PATCH_BASE_EXCISION_REPAIR","REACTOME_PCNA_DEPENDENT_LONG_PATCH_BASE_EXCISION_REPAIR",21,0.333186203420919,0.921853675828038,0.548076923076923,0.791475478115997,0.676817516701406,278,"tags=10%, list=2%, signal=9%","POLB/POLD4","REACTOME"
"REACTOME_SIGNALING_BY_NOTCH","REACTOME_SIGNALING_BY_NOTCH",182,-0.265689965404484,-0.974001547479793,0.554301833568406,0.798279235769617,0.682635640555758,3462,"tags=30%, list=23%, signal=23%","H2AZ2/DTX4/TMED2/PSMD13/PSMD2/ITCH/PSMB5/TNRC6A/NCOR2/GZMB/AGO1/H2AC6/ST3GAL3/H3C10/H2BC9/CREB1/PLXND1/MAML2/CDK8/YWHAZ/MAMLD1/ST3GAL4/MFNG/PSMD3/AGO4/PSMB2/WWP2/TLE1/H2AX/SNW1/RAB6A/H2BC11/RUNX1/TLE2/EP300/NCOR1/MIB1/AGO2/SMAD3/SEL1L/ADAM10/HEY2/FURIN/TBL1X/HDAC4/IKZF1/ARRB1/MAML1/B4GALT1/PRKCI/TFDP2/TLE4/CREBBP/TNRC6B/TNRC6C","REACTOME"
"REACTOME_DENGUE_VIRUS_ACTIVATES_MODULATES_INNATE_AND_ADAPTIVE_IMMUNE_RESPONSES","REACTOME_DENGUE_VIRUS_ACTIVATES_MODULATES_INNATE_AND_ADAPTIVE_IMMUNE_RESPONSES",26,0.323787493018065,0.939666451449574,0.55440414507772,0.798279235769617,0.682635640555758,807,"tags=12%, list=5%, signal=11%","STAT2/EXOC1/IKBKE","REACTOME"
"REACTOME_LISTERIA_MONOCYTOGENES_ENTRY_INTO_HOST_CELLS","REACTOME_LISTERIA_MONOCYTOGENES_ENTRY_INTO_HOST_CELLS",16,-0.380654104106243,-0.928300512477306,0.555555555555556,0.798458839313358,0.682789225635557,2307,"tags=50%, list=16%, signal=42%","EPS15/UBA52/RPS27A/CBLL1/GRB2/STAM/CTNNB1/SH3KBP1","REACTOME"
"REACTOME_GABA_B_RECEPTOR_ACTIVATION","REACTOME_GABA_B_RECEPTOR_ACTIVATION",22,0.328540357889399,0.924088119065355,0.55609756097561,0.798458839313358,0.682789225635557,1888,"tags=23%, list=13%, signal=20%","KCNJ2/GABBR1/ADCY4/GNB4/ADCY3","REACTOME"
"REACTOME_MITOTIC_METAPHASE_AND_ANAPHASE","REACTOME_MITOTIC_METAPHASE_AND_ANAPHASE",210,-0.257119924398194,-0.962122260071791,0.558108108108108,0.800216977540921,0.684292669244485,3471,"tags=31%, list=23%, signal=24%","ZW10/NDEL1/NUDC/PSMD13/PSMD2/DYNC1I2/PSMB5/MAD1L1/LBR/RPS27/UBE2D1/CHMP2B/NUP35/NUP205/TNPO1/KIF18A/UBE2I/NUP98/NUP133/XPO1/CHMP4B/PPP2R1A/CKAP5/TUBB4A/CDC23/SMC1A/TAOK1/RANBP2/PSMD3/PPP2R5D/PSMB2/RANGAP1/NDC1/CENPO/AHCTF1/CENPQ/STAG1/NSL1/LMNA/SMC3/FBXO5/DYNC1H1/CENPL/LEMD3/CHMP7/TMPO/PDS5A/CLASP1/POM121/RCC1/PAFAH1B1/WAPL/KIF2A/PPP2R5E/PPP2R5A/NUP160/RAD21/SPAST/BUB3/STAG2/PDS5B/NUP62/NUP188/DYNLL2/PPP2R5C/INCENP","REACTOME"
"REACTOME_DAG1_GLYCOSYLATIONS","REACTOME_DAG1_GLYCOSYLATIONS",17,-0.372442922638922,-0.921533870955505,0.559233449477352,0.8007027448213,0.684708065316115,545,"tags=35%, list=4%, signal=34%","B3GALNT2/LARGE2/LARGE1/DAG1/POMGNT2/B4GAT1","REACTOME"
"REACTOME_RNA_POLYMERASE_III_TRANSCRIPTION_INITIATION_FROM_TYPE_3_PROMOTER","REACTOME_RNA_POLYMERASE_III_TRANSCRIPTION_INITIATION_FROM_TYPE_3_PROMOTER",28,-0.340719243068688,-0.942502655962565,0.560581583198708,0.801505690584669,0.685394691462642,1484,"tags=18%, list=10%, signal=16%","POLR2F/POU2F1/POLR3H/SNAPC1/POLR3B","REACTOME"
"REACTOME_HDR_THROUGH_SINGLE_STRAND_ANNEALING_SSA","REACTOME_HDR_THROUGH_SINGLE_STRAND_ANNEALING_SSA",37,0.295540436172283,0.953510339897816,0.563157894736842,0.804059939469993,0.687578916287545,2246,"tags=22%, list=15%, signal=18%","RBBP8/ERCC1/ATRIP/RMI1/DNA2/MRE11/RAD9A/RAD9B","REACTOME"
"REACTOME_VIF_MEDIATED_DEGRADATION_OF_APOBEC3G","REACTOME_VIF_MEDIATED_DEGRADATION_OF_APOBEC3G",41,0.28425115920006,0.933389476141927,0.570291777188329,0.813105082881959,0.695313725099142,5055,"tags=44%, list=34%, signal=29%","PSMA3/CUL5/PSMC6/PSMB3/PSMA5/PSMA4/PSMB4/ELOB/PSMC2/PSMA1/PSMC1/ELOC/PSMA7/PSMA2/PSMB1/RBX1/PSMD14/PSMD12","REACTOME"
"REACTOME_CELL_SURFACE_INTERACTIONS_AT_THE_VASCULAR_WALL","REACTOME_CELL_SURFACE_INTERACTIONS_AT_THE_VASCULAR_WALL",103,-0.270107311133181,-0.93713956782705,0.572262773722628,0.813636178281613,0.695767882782436,2498,"tags=20%, list=17%, signal=17%","ATP1B1/ITGA4/PROCR/GRB2/F11R/ITGB1/SHC1/PROC/PIK3CA/CD44/SLC3A2/SELPLG/LCK/INPP5D/SPN/CD244/GLG1/PIK3R1/IGLV2-14/SLC16A1/FYN","REACTOME"
"REACTOME_NRIF_SIGNALS_CELL_DEATH_FROM_THE_NUCLEUS","REACTOME_NRIF_SIGNALS_CELL_DEATH_FROM_THE_NUCLEUS",15,-0.389793218429605,-0.925202985062494,0.57168458781362,0.813636178281613,0.695767882782436,3041,"tags=67%, list=21%, signal=53%","UBB/UBC/NCSTN/APH1A/UBA52/RPS27A/NGFR/TRAF6/MAPK8/SQSTM1","REACTOME"
"REACTOME_GLYCOSAMINOGLYCAN_PROTEIN_LINKAGE_REGION_BIOSYNTHESIS","REACTOME_GLYCOSAMINOGLYCAN_PROTEIN_LINKAGE_REGION_BIOSYNTHESIS",19,-0.365809804296918,-0.928844203950712,0.57439446366782,0.815527983282902,0.697385629381615,2403,"tags=32%, list=16%, signal=26%","XYLT2/FAM20B/B3GAT1/HSPG2/B3GALT6/UXS1","REACTOME"
"REACTOME_TRNA_MODIFICATION_IN_THE_NUCLEUS_AND_CYTOSOL","REACTOME_TRNA_MODIFICATION_IN_THE_NUCLEUS_AND_CYTOSOL",43,0.285165710074217,0.942646403409985,0.575675675675676,0.816208687796432,0.697967722890755,3036,"tags=26%, list=21%, signal=20%","ADAT2/TRIT1/DUS2/TRMT1/TRMT13/WDR4/OSGEP/ALKBH8/TRDMT1/NSUN2/TRMT10A","REACTOME"
"REACTOME_DNA_REPLICATION","REACTOME_DNA_REPLICATION",146,0.24152860616779,0.967546684982463,0.582456140350877,0.820376645595122,0.70153188492107,2494,"tags=16%, list=17%, signal=13%","CDC7/H4C3/POLD4/POLG2/H3C1/PSMA3/ANAPC15/MGME1/UBE2E1/H2BC5/ANAPC2/ANAPC4/CDC16/DNA2/PSMC6/ANAPC7/CDC45/ANAPC5/PSMB3/PSMA5/PSMA4/PSMB4/CCNA2","REACTOME"
"REACTOME_RESPIRATORY_ELECTRON_TRANSPORT","REACTOME_RESPIRATORY_ELECTRON_TRANSPORT",150,0.240319507687332,0.964680166658672,0.587188612099644,0.820376645595122,0.70153188492107,3367,"tags=25%, list=23%, signal=20%","ETFDH/SFXN4/SLC25A13/UQCC2/COA5/NDUFB1/UQCC1/SLC25A22/COX7A1/UQCRQ/NDUFA11/FOXRED1/NDUFS7/NDUFV1/TMEM126B/NDUFA7/PNKD/NDUFAF4/COX7A2/NDUFA3/PET100/COX5B/COX7B/TIMM21/NDUFA10/NDUFS4/HSCB/NDUFB2/TMEM126A/NDUFA9/TRAP1/COX14/NDUFA1/COX8A/COA1/NDUFA8/COX6B1/UQCRHL","REACTOME"
"REACTOME_DNA_REPAIR","REACTOME_DNA_REPAIR",296,-0.245702190646523,-0.957192766876274,0.583011583011583,0.820376645595122,0.70153188492107,3654,"tags=28%, list=25%, signal=22%","NTHL1/COPS2/ERCC5/GTF2H3/XRCC1/PAXIP1/PARG/H2AZ2/CETN2/BRCC3/BAP1/ERCC4/HUS1/TIPIN/MSH3/RFC2/CUL4B/COPS4/SPRTN/NPLOC4/XRCC5/PPIE/POLR2B/NEIL2/H2AC6/UBE2I/RUVBL1/UBXN1/H2BC9/KDM4B/PALB2/TERF2IP/WDR48/MAPK8/RCHY1/RFC1/PPP4C/PRPF19/XRCC6/ZNF830/H2AX/PIAS1/AQR/H2BC11/ACTR8/UBE2B/TERF2/WRN/ALKBH5/TDP1/POLR2F/TERF1/KDM4A/RPA2/PIAS4/RNF8/PARP1/BAZ1B/ELL/VCP/UBE2T/ERCC6/USP1/RNF168/FANCF/PRKDC/POLR2A/XPC/APBB1/USP7/FEN1/RNF111/DDB1/MSH6/UNG/UIMC1/ISY1/MSH2/INO80/RAD51C/FTO/ABL1/YY1","REACTOME"
"REACTOME_SENSORY_PERCEPTION","REACTOME_SENSORY_PERCEPTION",126,-0.267105497773644,-0.946434902314792,0.580459770114943,0.820376645595122,0.70153188492107,2439,"tags=20%, list=16%, signal=17%","NMT2/RAB3A/CALM1/PRKCQ/PLS1/GRK4/TAS2R43/CTBP2/GNB1/HSD17B1/AKR1C3/SPTBN1/LRP12/HSPG2/FNTB/LRP10/NMT1/EZR/GNAL/MYH9/SPTAN1/DNAJC5/RDH10/CACNA2D2/TPRN","REACTOME"
"REACTOME_G1_S_DNA_DAMAGE_CHECKPOINTS","REACTOME_G1_S_DNA_DAMAGE_CHECKPOINTS",65,-0.293311947061297,-0.93881406211271,0.580188679245283,0.820376645595122,0.70153188492107,1560,"tags=12%, list=11%, signal=11%","PSMD3/PSMB2/CSNK1E/BTRC/FBXW11/GSK3B/PHF20/CDKN1B","REACTOME"
"REACTOME_TRNA_PROCESSING_IN_THE_NUCLEUS","REACTOME_TRNA_PROCESSING_IN_THE_NUCLEUS",58,-0.29466150039674,-0.930928495937009,0.583860759493671,0.820376645595122,0.70153188492107,3052,"tags=28%, list=21%, signal=22%","NUP35/NUP205/NUP98/POP7/NUP133/DDX1/RANBP2/NDC1/RPP40/RTCB/POM121/NUP210/NUP160/NUP62/NUP188/POM121C","REACTOME"
"REACTOME_FORMATION_OF_FIBRIN_CLOT_CLOTTING_CASCADE","REACTOME_FORMATION_OF_FIBRIN_CLOT_CLOTTING_CASCADE",24,-0.345621498741835,-0.922883322937191,0.587248322147651,0.820376645595122,0.70153188492107,3125,"tags=25%, list=21%, signal=20%","KLKB1/F7/PROCR/PROC/GP5/F2R","REACTOME"
"REACTOME_SEMAPHORIN_INTERACTIONS","REACTOME_SEMAPHORIN_INTERACTIONS",54,-0.294319361170567,-0.91736360328625,0.587479935794542,0.820376645595122,0.70153188492107,1264,"tags=30%, list=9%, signal=27%","MYH10/ARHGEF12/PLXNA1/PLXND1/DPYSL2/ITGB1/TLN1/PTPRC/SEMA4D/RAC1/PIP5K1C/GSK3B/ERBB2/MYH9/ARHGAP35/FYN","REACTOME"
"REACTOME_INTERCONVERSION_OF_NUCLEOTIDE_DI_AND_TRIPHOSPHATES","REACTOME_INTERCONVERSION_OF_NUCLEOTIDE_DI_AND_TRIPHOSPHATES",26,0.31597081512392,0.916981603710548,0.585492227979275,0.820376645595122,0.70153188492107,4303,"tags=46%, list=29%, signal=33%","AK1/DUT/GSR/AK9/NUDT13/NME1/DTYMK/RRM2B/TYMS/GUK1/RRM2/NME4","REACTOME"
"REACTOME_MRNA_DECAY_BY_3_TO_5_EXORIBONUCLEASE","REACTOME_MRNA_DECAY_BY_3_TO_5_EXORIBONUCLEASE",16,0.35724150231606,0.916708146998236,0.584507042253521,0.820376645595122,0.70153188492107,3652,"tags=38%, list=25%, signal=28%","SKIC2/EXOSC9/EXOSC8/EXOSC2/SKIC3/EXOSC7","REACTOME"
"REACTOME_PLATELET_SENSITIZATION_BY_LDL","REACTOME_PLATELET_SENSITIZATION_BY_LDL",16,-0.372013304632438,-0.907228209582846,0.581597222222222,0.820376645595122,0.70153188492107,3668,"tags=50%, list=25%, signal=38%","PTPN11/PPP2CB/MAPK14/PPP2R1A/PPP2R5D/PPP2R5E/PPP2R5A/PPP2R5C","REACTOME"
"REACTOME_G_ALPHA_I_SIGNALLING_EVENTS","REACTOME_G_ALPHA_I_SIGNALLING_EVENTS",161,-0.261811982358236,-0.948914702168041,0.588652482269504,0.820887982123773,0.701969146123835,2760,"tags=20%, list=19%, signal=16%","ITPR2/GNAI2/S1PR4/P2RY12/PPP2R1A/CXCR2/CREB1/CALM1/CXCL5/GNAI3/PPP2R5D/TAS2R43/CCL4L2/CHRM4/GNB1/GNG2/PDE4A/PPP3CA/CCL4/AHCYL1/PRKAR2A/PPP3R1/PRKACB/RGS3/PDE4D/PRKAR1A/GNAL/GNAZ/LPAR5/MAPK1/PLCB1/S1PR5","REACTOME"
"REACTOME_RNA_POLYMERASE_III_TRANSCRIPTION_TERMINATION","REACTOME_RNA_POLYMERASE_III_TRANSCRIPTION_TERMINATION",22,-0.352517237763962,-0.921181869617986,0.589527027027027,0.820982918623137,0.70205032954331,2595,"tags=23%, list=18%, signal=19%","NFIC/NFIA/POLR2F/POLR3H/POLR3B","REACTOME"
"REACTOME_METABOLISM_OF_AMINO_ACIDS_AND_DERIVATIVES","REACTOME_METABOLISM_OF_AMINO_ACIDS_AND_DERIVATIVES",291,-0.244836600739883,-0.949364129209687,0.597402597402597,0.821832221832222,0.70277659751344,3739,"tags=30%, list=25%, signal=23%","RPS12/RPL22/RPL11/RPS6/RPL35/RPS4X/RPS15/HAAO/SMOX/RPS24/QDPR/RPL27A/SLC36A4/PSMD13/BCKDHA/RPSA/RPS8/PSMD2/ODC1/SARS1/PSMB5/RPL31/RPS27/ECHS1/GLUD1/RPL36AL/ALDH18A1/RPL18/RPL15/RPL13A/RPL5/DARS1/RPS9/RPL7/RPL19/RPLP2/GLDC/DBH/HDC/EEFSEC/OAT/RPL14/RPL4/SLC25A12/RPS3/RPL10/RPS14/SERINC3/ALDH9A1/GPT2/ADO/RPS23/PYCR3/PAPSS1/PSMD3/RPL13/PSMB2/EPRS1/RPL9/BCKDHB/RPL7A/RPL6/RPLP0/SDSL/OAZ3/GOT2/CTH/AZIN1/TXNRD1/ACADSB/RPS2/ENOPH1/TXNDC11/NAGS/MPST/SLC3A2/SERINC1/HIBADH/SERINC5/SRM/TST/RPL3/ALDH6A1/BCAT2/SEPHS2/OGDH","REACTOME"
"REACTOME_REGULATION_OF_PD_L1_CD274_POST_TRANSLATIONAL_MODIFICATION","REACTOME_REGULATION_OF_PD_L1_CD274_POST_TRANSLATIONAL_MODIFICATION",82,-0.280261301571196,-0.934218703206413,0.591463414634146,0.821832221832222,0.70277659751344,3380,"tags=28%, list=23%, signal=22%","PSMD13/PSMD2/DERL1/PRKAA1/PSMB5/CSNK2A2/CUL3/OS9/PSMD3/RNF5/PSMB2/DDOST/JAK1/CSNK2A1/RPN1/BTRC/SEL1L/VCP/MAGT1/GSK3B/STT3A/ERLEC1/PRKAG2","REACTOME"
"REACTOME_PROCESSING_OF_INTRONLESS_PRE_MRNAS","REACTOME_PROCESSING_OF_INTRONLESS_PRE_MRNAS",20,-0.361432608287488,-0.923624651825498,0.593425605536332,0.821832221832222,0.70277659751344,1931,"tags=25%, list=13%, signal=22%","FIP1L1/WDR33/CSTF1/CSTF2T/CPSF7","REACTOME"
"REACTOME_MET_PROMOTES_CELL_MOTILITY","REACTOME_MET_PROMOTES_CELL_MOTILITY",28,-0.331318677684616,-0.916498671678496,0.596122778675283,0.821832221832222,0.70277659751344,2307,"tags=29%, list=16%, signal=24%","GRB2/RAP1B/ITGB1/LAMA2/CRKL/CRK/RAC1/RAPGEF1","REACTOME"
"REACTOME_FORMATION_OF_TC_NER_PRE_INCISION_COMPLEX","REACTOME_FORMATION_OF_TC_NER_PRE_INCISION_COMPLEX",50,-0.29704195202932,-0.913993008598183,0.597063621533442,0.821832221832222,0.70277659751344,4889,"tags=48%, list=33%, signal=32%","TCEA1/COPS6/GPS1/COPS5/XAB2/CUL4A/UBA52/RPS27A/ERCC8/COPS2/GTF2H3/CUL4B/COPS4/PPIE/POLR2B/PRPF19/ZNF830/AQR/POLR2F/ERCC6/POLR2A/USP7/DDB1/ISY1","REACTOME"
"REACTOME_MRNA_DECAY_BY_5_TO_3_EXORIBONUCLEASE","REACTOME_MRNA_DECAY_BY_5_TO_3_EXORIBONUCLEASE",15,-0.383347937583727,-0.909904635075294,0.593189964157706,0.821832221832222,0.70277659751344,1085,"tags=33%, list=7%, signal=31%","PATL1/EDC3/DCP1B/DDX6/DCP1A","REACTOME"
"REACTOME_SIGNALING_BY_CYTOSOLIC_FGFR1_FUSION_MUTANTS","REACTOME_SIGNALING_BY_CYTOSOLIC_FGFR1_FUSION_MUTANTS",18,-0.363692835836118,-0.9078094460983,0.596885813148789,0.821832221832222,0.70277659751344,1407,"tags=28%, list=10%, signal=25%","GRB2/PIK3CA/TRIM24/PIK3R1/BCR","REACTOME"
"REACTOME_PROCESSING_OF_SMDT1","REACTOME_PROCESSING_OF_SMDT1",16,-0.36895501462085,-0.899769962963575,0.595486111111111,0.821832221832222,0.70277659751344,4533,"tags=56%, list=31%, signal=39%","PARL/MICU3/AFG3L2/PMPCB/MICU2/YME1L1/PHB2/MICU1/PHB1","REACTOME"
"REACTOME_KSRP_KHSRP_BINDS_AND_DESTABILIZES_MRNA","REACTOME_KSRP_KHSRP_BINDS_AND_DESTABILIZES_MRNA",17,-0.360018040147347,-0.890791039335829,0.59581881533101,0.821832221832222,0.70277659751344,407,"tags=24%, list=3%, signal=23%","MAPK14/YWHAZ/KHSRP/EXOSC6","REACTOME"
"REACTOME_DNA_REPLICATION_PRE_INITIATION","REACTOME_DNA_REPLICATION_PRE_INITIATION",112,0.243521982945738,0.944152893844164,0.60377358490566,0.822124403552608,0.703026452009107,2411,"tags=16%, list=16%, signal=14%","CDC7/H4C3/H3C1/PSMA3/ANAPC15/UBE2E1/H2BC5/ANAPC2/ANAPC4/CDC16/PSMC6/ANAPC7/CDC45/ANAPC5/PSMB3/PSMA5/PSMA4/PSMB4","REACTOME"
"REACTOME_SARS_COV_1_HOST_INTERACTIONS","REACTOME_SARS_COV_1_HOST_INTERACTIONS",95,-0.267801764053498,-0.923801987865134,0.604075691411936,0.822124403552608,0.703026452009107,4518,"tags=48%, list=31%, signal=34%","RPS25/RPS16/RPS19/RPS18/NFKB1/SFN/FAU/RPS21/UBA52/PCBP2/YWHAB/NPM1/RPS27A/HNRNPA1/RPS12/RPS6/RPS4X/RPS15/RPS24/PPIA/IRAK2/RPSA/RPS8/ITCH/RPS27/RPS9/UBE2I/BCL2L1/TRAF6/RPS3/RPS14/YWHAZ/RPS23/SMAD4/TOMM70/PDPK1/RUNX1/YWHAQ/SERPINE1/EEF1A1/PALS1/RPS2/EP300/SMAD3/RELA/SP1","REACTOME"
"REACTOME_SENSORY_PROCESSING_OF_SOUND_BY_OUTER_HAIR_CELLS_OF_THE_COCHLEA","REACTOME_SENSORY_PROCESSING_OF_SOUND_BY_OUTER_HAIR_CELLS_OF_THE_COCHLEA",36,-0.316340104529762,-0.9231278878029,0.602254428341385,0.822124403552608,0.703026452009107,1150,"tags=14%, list=8%, signal=13%","SPTBN1/EZR/MYH9/SPTAN1/TPRN","REACTOME"
"REACTOME_RHO_GTPASES_ACTIVATE_IQGAPS","REACTOME_RHO_GTPASES_ACTIVATE_IQGAPS",24,-0.343996985782555,-0.918545525886159,0.602348993288591,0.822124403552608,0.703026452009107,2382,"tags=25%, list=16%, signal=21%","TUBB4A/CALM1/RAC1/CTNNB1/IQGAP2/IQGAP1","REACTOME"
"REACTOME_PROCESSING_OF_CAPPED_INTRONLESS_PRE_MRNA","REACTOME_PROCESSING_OF_CAPPED_INTRONLESS_PRE_MRNA",29,-0.328858319169426,-0.913518265486831,0.6,0.822124403552608,0.703026452009107,2396,"tags=24%, list=16%, signal=20%","SNRPD3/SLBP/FIP1L1/WDR33/CSTF1/CSTF2T/CPSF7","REACTOME"
"REACTOME_RNA_POLYMERASE_III_CHAIN_ELONGATION","REACTOME_RNA_POLYMERASE_III_CHAIN_ELONGATION",18,-0.361473713024733,-0.902270319528496,0.603806228373702,0.822124403552608,0.703026452009107,1484,"tags=17%, list=10%, signal=15%","POLR2F/POLR3H/POLR3B","REACTOME"
"REACTOME_DEPOLYMERIZATION_OF_THE_NUCLEAR_LAMINA","REACTOME_DEPOLYMERIZATION_OF_THE_NUCLEAR_LAMINA",15,-0.37956506805797,-0.900925714940582,0.603942652329749,0.822124403552608,0.703026452009107,2078,"tags=60%, list=14%, signal=52%","LPIN2/LMNB1/LEMD2/PRKCA/CTDNEP1/LMNA/LEMD3/PRKCB/TMPO","REACTOME"
"REACTOME_SIGNALING_BY_FLT3_ITD_AND_TKD_MUTANTS","REACTOME_SIGNALING_BY_FLT3_ITD_AND_TKD_MUTANTS",15,-0.378908045334478,-0.899366222993856,0.603942652329749,0.822124403552608,0.703026452009107,2658,"tags=53%, list=18%, signal=44%","STAT5B/PTPN11/SOS1/BCL2L1/FLT3/GRB2/PIK3CA/PIK3R1","REACTOME"
"REACTOME_REGULATION_OF_MRNA_STABILITY_BY_PROTEINS_THAT_BIND_AU_RICH_ELEMENTS","REACTOME_REGULATION_OF_MRNA_STABILITY_BY_PROTEINS_THAT_BIND_AU_RICH_ELEMENTS",74,-0.282072149595941,-0.926700010135234,0.61136712749616,0.822433730344481,0.703290967836714,3380,"tags=28%, list=23%, signal=22%","PSMD13/PSMD2/PSMB5/MAPK14/HSPB1/TNPO1/HNRNPD/XPO1/HSPA1A/YWHAZ/ELAVL1/PSMD3/SET/PSMB2/EIF4G1/HSPA8/MAPKAPK2/ZFP36L1/DCP1A/KHSRP/EXOSC6","REACTOME"
"REACTOME_REGULATION_OF_RAS_BY_GAPS","REACTOME_REGULATION_OF_RAS_BY_GAPS",53,0.267601667514369,0.925267170287253,0.610215053763441,0.822433730344481,0.703290967836714,3015,"tags=21%, list=20%, signal=17%","PSMA3/DAB2IP/KRAS/SPRED1/PSMC6/PSMB3/PSMA5/PSMA4/PSMB4/RASA1/HRAS","REACTOME"
"REACTOME_POSITIVE_EPIGENETIC_REGULATION_OF_RRNA_EXPRESSION","REACTOME_POSITIVE_EPIGENETIC_REGULATION_OF_RRNA_EXPRESSION",70,-0.283036636085953,-0.924722528165479,0.612708018154312,0.822433730344481,0.703290967836714,3604,"tags=31%, list=24%, signal=24%","POLR1A/HDAC1/H2AZ2/MBD3/EHMT2/RBBP7/MTA3/H2AC6/H3C10/CHD4/H2BC9/POLR1E/H2AX/H2BC11/RBBP4/EP300/POLR2F/GATAD2A/BAZ1B/ERCC6/GSK3B/GATAD2B","REACTOME"
"REACTOME_RNA_POLYMERASE_I_TRANSCRIPTION_INITIATION","REACTOME_RNA_POLYMERASE_I_TRANSCRIPTION_INITIATION",46,-0.300265423650475,-0.917293471711919,0.610223642172524,0.822433730344481,0.703290967836714,3604,"tags=33%, list=24%, signal=25%","POLR1A/HDAC1/GTF2H3/MBD3/EHMT2/RBBP7/MTA3/CHD4/POLR1E/RBBP4/POLR2F/GATAD2A/ERCC6/GATAD2B/UBTF","REACTOME"
"REACTOME_SIGNALING_BY_FGFR_IN_DISEASE","REACTOME_SIGNALING_BY_FGFR_IN_DISEASE",46,-0.299404353739601,-0.914662953025055,0.615015974440895,0.822433730344481,0.703290967836714,1484,"tags=17%, list=10%, signal=16%","POLR2F/PIK3CA/FRS2/TRIM24/POLR2A/GTF2F1/PIK3R1/BCR","REACTOME"
"REACTOME_MOLECULES_ASSOCIATED_WITH_ELASTIC_FIBRES","REACTOME_MOLECULES_ASSOCIATED_WITH_ELASTIC_FIBRES",23,-0.344940962261243,-0.909854812953998,0.6110183639399,0.822433730344481,0.703290967836714,2944,"tags=22%, list=20%, signal=17%","MFAP3/FBLN5/TGFB1/ITGB1/LTBP2","REACTOME"
"REACTOME_ROLE_OF_PHOSPHOLIPIDS_IN_PHAGOCYTOSIS","REACTOME_ROLE_OF_PHOSPHOLIPIDS_IN_PHAGOCYTOSIS",33,-0.315989360429026,-0.909722264254883,0.610932475884244,0.822433730344481,0.703290967836714,1407,"tags=15%, list=10%, signal=14%","PIK3CA/AHCYL1/PIK3R1/IGLV2-14/CD247","REACTOME"
"REACTOME_NONHOMOLOGOUS_END_JOINING_NHEJ","REACTOME_NONHOMOLOGOUS_END_JOINING_NHEJ",47,-0.297749959249295,-0.908872497750779,0.616504854368932,0.822433730344481,0.703290967836714,2029,"tags=28%, list=14%, signal=24%","PAXIP1/BRCC3/XRCC5/H2BC9/XRCC6/H2AX/H2BC11/TDP1/PIAS4/RNF8/RNF168/PRKDC/UIMC1","REACTOME"
"REACTOME_ARACHIDONATE_METABOLISM","REACTOME_ARACHIDONATE_METABOLISM",33,0.289057270992558,0.907336531114354,0.607894736842105,0.822433730344481,0.703290967836714,3840,"tags=33%, list=26%, signal=25%","SLC27A1/CYP4F22/ALOX5/CYP2C8/LTA4H/GGT1/CYP4F3/HPGD/DPEP2/PLA2G4A/PTGES2","REACTOME"
"REACTOME_SOMITOGENESIS","REACTOME_SOMITOGENESIS",41,0.275768379950843,0.905534754627559,0.618037135278515,0.822433730344481,0.703290967836714,2411,"tags=22%, list=16%, signal=18%","PSMA3/TBX6/RBPJ/PSMC6/HES7/PSMB3/PSMA5/PSMA4/PSMB4","REACTOME"
"REACTOME_SIGNALING_BY_NOTCH1_PEST_DOMAIN_MUTANTS_IN_CANCER","REACTOME_SIGNALING_BY_NOTCH1_PEST_DOMAIN_MUTANTS_IN_CANCER",54,-0.29020330506309,-0.904534273788299,0.617977528089888,0.822433730344481,0.703290967836714,2418,"tags=24%, list=16%, signal=20%","MAML2/CDK8/MAMLD1/SNW1/EP300/NCOR1/MIB1/ADAM10/HEY2/TBL1X/HDAC4/MAML1/CREBBP","REACTOME"
"REACTOME_SIGNALING_BY_NOTCH2","REACTOME_SIGNALING_BY_NOTCH2",31,0.29301569068675,0.902214468304481,0.616797900262467,0.822433730344481,0.703290967836714,1271,"tags=16%, list=9%, signal=15%","MIB2/FCER2/APH1B/MDK/RBPJ","REACTOME"
"REACTOME_CS_GAG_BIOSYNTHESIS","REACTOME_CS_GAG_BIOSYNTHESIS",15,-0.375874786918555,-0.892166560177289,0.612903225806452,0.822433730344481,0.703290967836714,4532,"tags=53%, list=31%, signal=37%","CHST7/UST/CSPG4/CHST12/CHSY3/CHPF/CHST11/CHSY1","REACTOME"
"REACTOME_SEMA3A_PAK_DEPENDENT_AXON_REPULSION","REACTOME_SEMA3A_PAK_DEPENDENT_AXON_REPULSION",15,-0.374406613050594,-0.888681741096288,0.612903225806452,0.822433730344481,0.703290967836714,1123,"tags=47%, list=8%, signal=43%","HSP90AB1/PAK2/CFL1/LIMK1/PLXNA1/RAC1/FYN","REACTOME"
"REACTOME_VEGFR2_MEDIATED_CELL_PROLIFERATION","REACTOME_VEGFR2_MEDIATED_CELL_PROLIFERATION",18,-0.354729634056223,-0.885436502665506,0.61764705882353,0.822433730344481,0.703290967836714,2760,"tags=33%, list=19%, signal=27%","ITPR2/CALM1/PDPK1/PRKCB/AHCYL1/PRKCZ","REACTOME"
"REACTOME_PLATELET_CALCIUM_HOMEOSTASIS","REACTOME_PLATELET_CALCIUM_HOMEOSTASIS",19,0.326801019812846,0.882505020796094,0.617924528301887,0.822433730344481,0.703290967836714,2292,"tags=32%, list=16%, signal=27%","P2RX7/P2RX4/P2RX1/ITPR3/SLC8A1/ATP2A1","REACTOME"
"REACTOME_SIGNALING_BY_PDGFR_IN_DISEASE","REACTOME_SIGNALING_BY_PDGFR_IN_DISEASE",17,-0.35560261804159,-0.879865980010792,0.606271777003484,0.822433730344481,0.703290967836714,3032,"tags=47%, list=21%, signal=37%","STAT3/STRN/SOS1/WDR48/GRB2/FIP1L1/PIK3CA/PIK3R1","REACTOME"
"REACTOME_UBIQUITIN_MEDIATED_DEGRADATION_OF_PHOSPHORYLATED_CDC25A","REACTOME_UBIQUITIN_MEDIATED_DEGRADATION_OF_PHOSPHORYLATED_CDC25A",50,0.263374587600718,0.911225307927006,0.619537275064267,0.823353715424836,0.704077678271471,2411,"tags=18%, list=16%, signal=15%","PLK3/PSMA3/MAPK11/CHEK2/PSMC6/PSMB3/PSMA5/PSMA4/PSMB4","REACTOME"
"REACTOME_TELOMERE_MAINTENANCE","REACTOME_TELOMERE_MAINTENANCE",83,-0.27291105573162,-0.914423972281498,0.621580547112462,0.8239179647923,0.704560187036741,2834,"tags=40%, list=19%, signal=32%","DKC1/ACD/BLM/H3-3A/RPA1/TINF2/STN1/H2AZ2/POLA2/RFC2/POLR2B/WRAP53/H2AC6/CHTF8/RUVBL1/SHQ1/H2BC9/TERF2IP/RFC1/POLA1/PPP6C/PRIM1/H2AX/H2BC11/ATRX/TERF2/WRN/POLR2F/TERF1/RPA2/RUVBL2/POLR2A/FEN1","REACTOME"
"REACTOME_CHONDROITIN_SULFATE_DERMATAN_SULFATE_METABOLISM","REACTOME_CHONDROITIN_SULFATE_DERMATAN_SULFATE_METABOLISM",29,-0.32541497564463,-0.903953182224863,0.621311475409836,0.8239179647923,0.704560187036741,2137,"tags=48%, list=14%, signal=41%","GUSB/IDS/CHST7/ARSB/UST/CSPG4/CHST12/HEXB/CHSY3/HYAL3/CHPF/CHST11/CHST14/CHSY1","REACTOME"
"REACTOME_CREB1_PHOSPHORYLATION_THROUGH_NMDA_RECEPTOR_MEDIATED_ACTIVATION_OF_RAS_SIGNALING","REACTOME_CREB1_PHOSPHORYLATION_THROUGH_NMDA_RECEPTOR_MEDIATED_ACTIVATION_OF_RAS_SIGNALING",20,-0.355274385232168,-0.907887591873206,0.622837370242215,0.82451032887721,0.705066737650142,3365,"tags=35%, list=23%, signal=27%","RPS6KA1/RPS6KA3/DLG2/CREB1/CALM1/PDPK1/MAPK1","REACTOME"
"REACTOME_DISEASES_OF_MITOTIC_CELL_CYCLE","REACTOME_DISEASES_OF_MITOTIC_CELL_CYCLE",37,0.283306233922882,0.914038792463257,0.628947368421053,0.827431427496937,0.707564668121153,2356,"tags=30%, list=16%, signal=25%","E2F2/ANAPC15/UBE2E1/CCND1/ANAPC2/ANAPC4/CDC16/CDKN1A/ANAPC7/ANAPC5/CDKN1C","REACTOME"
"REACTOME_BASE_EXCISION_REPAIR_AP_SITE_FORMATION","REACTOME_BASE_EXCISION_REPAIR_AP_SITE_FORMATION",35,-0.312476795495983,-0.904681596074264,0.62843295638126,0.827431427496937,0.707564668121153,3803,"tags=34%, list=26%, signal=26%","TINF2/NTHL1/H2AZ2/NEIL2/H2AC6/H2BC9/TERF2IP/H2AX/H2BC11/TERF2/TERF1/UNG","REACTOME"
"REACTOME_CLASS_I_PEROXISOMAL_MEMBRANE_PROTEIN_IMPORT","REACTOME_CLASS_I_PEROXISOMAL_MEMBRANE_PROTEIN_IMPORT",20,-0.353703510743147,-0.903873293302143,0.6280276816609,0.827431427496937,0.707564668121153,3026,"tags=25%, list=20%, signal=20%","PEX12/ATAD1/PEX13/PEX14/PEX19","REACTOME"
"REACTOME_RECOGNITION_OF_DNA_DAMAGE_BY_PCNA_CONTAINING_REPLICATION_COMPLEX","REACTOME_RECOGNITION_OF_DNA_DAMAGE_BY_PCNA_CONTAINING_REPLICATION_COMPLEX",30,-0.319255354588305,-0.894160730376864,0.62741935483871,0.827431427496937,0.707564668121153,4445,"tags=43%, list=30%, signal=30%","CUL4A/POLE3/UBA52/RPS27A/RPA1/RFC2/CUL4B/WDR48/RFC1/UBE2B/RPA2/USP1/DDB1","REACTOME"
"REACTOME_TRAF6_MEDIATED_IRF7_ACTIVATION","REACTOME_TRAF6_MEDIATED_IRF7_ACTIVATION",16,0.346873730845906,0.890103677721042,0.629107981220657,0.827431427496937,0.707564668121153,2155,"tags=31%, list=15%, signal=27%","IKBKE/TRAF2/IRF3/IRF7/TANK","REACTOME"
"REACTOME_GLYCOGEN_METABOLISM","REACTOME_GLYCOGEN_METABOLISM",21,-0.347878101224499,-0.899915560732828,0.633105802047782,0.828555163181256,0.708525612605624,2871,"tags=43%, list=19%, signal=35%","PHKB/UGP2/UBA52/RPS27A/EPM2A/CALM1/NHLRC1/PGM1/PYGB","REACTOME"
"REACTOME_PHOSPHORYLATION_OF_CD3_AND_TCR_ZETA_CHAINS","REACTOME_PHOSPHORYLATION_OF_CD3_AND_TCR_ZETA_CHAINS",20,-0.351472000338512,-0.898170769586057,0.633217993079585,0.828555163181256,0.708525612605624,2523,"tags=25%, list=17%, signal=21%","CD3E/PTPRJ/PTPRC/LCK/CD247","REACTOME"
"REACTOME_RHO_GTPASES_ACTIVATE_PKNS","REACTOME_RHO_GTPASES_ACTIVATE_PKNS",54,-0.287239291858449,-0.89529574519547,0.632423756019262,0.828555163181256,0.708525612605624,3001,"tags=30%, list=20%, signal=24%","PPP1CB/MYH10/H2AC6/H3C10/H2BC9/NCOA2/YWHAZ/PKN1/PPP1R12B/PDPK1/H2AX/H2BC11/YWHAQ/RAC1/MYH9/KDM1A","REACTOME"
"REACTOME_TRANSCRIPTIONAL_REGULATION_BY_E2F6","REACTOME_TRANSCRIPTIONAL_REGULATION_BY_E2F6",34,-0.307649460785467,-0.893263179394601,0.632850241545894,0.828555163181256,0.708525612605624,3568,"tags=44%, list=24%, signal=34%","PCGF6/EHMT2/RBBP7/RYBP/MGA/L3MBTL2/BMI1/SUZ12/RNF2/E2F6/EPC1/RBBP4/RING1/TFDP2/MAX","REACTOME"
"REACTOME_TURBULENT_OSCILLATORY_DISTURBED_FLOW_SHEAR_STRESS_ACTIVATES_SIGNALING_BY_PIEZO1_AND_INTEGRINS_IN_ENDOTHELIAL_CELLS","REACTOME_TURBULENT_OSCILLATORY_DISTURBED_FLOW_SHEAR_STRESS_ACTIVATES_SIGNALING_BY_PIEZO1_AND_INTEGRINS_IN_ENDOTHELIAL_CELLS",29,-0.323749110246074,-0.899325662163132,0.634426229508197,0.829070477072329,0.70896627498585,1069,"tags=28%, list=7%, signal=26%","PTPN1/ITGA5/PPP2R1A/ITGB1/RELA/PDE4D/VCL/ABL1","REACTOME"
"REACTOME_ORGANELLE_BIOGENESIS_AND_MAINTENANCE","REACTOME_ORGANELLE_BIOGENESIS_AND_MAINTENANCE",273,0.220177049563594,0.958131547267353,0.635983263598326,0.829091074039023,0.708983888150421,1720,"tags=14%, list=12%, signal=13%","IFT80/CEP83/DMAC2L/DYNLT2/B9D2/PKD2/POLG2/TUBA1A/HAUS3/MAPK12/HDAC6/IFT27/EXOC1/SCLT1/MAPK11/SFI1/HAUS5/CC2D2A/CDK1/YWHAE/CEP135/TUBG1/CEP43/CEP162/BBS1/SIRT3/MTX1/TUBB4B/ATP5MC1/ASAP1/MEF2C/NPHP3/IFT25/IFT74/IFT20/TUBA1B/TCTN1/SDCCAG8/CEP290","REACTOME"
"REACTOME_VASOPRESSIN_REGULATES_RENAL_WATER_HOMEOSTASIS_VIA_AQUAPORINS","REACTOME_VASOPRESSIN_REGULATES_RENAL_WATER_HOMEOSTASIS_VIA_AQUAPORINS",27,-0.323923686306448,-0.889710264643516,0.636070853462158,0.829091074039023,0.708983888150421,1882,"tags=33%, list=13%, signal=29%","RAB11A/ADCY9/GNB5/GNB1/GNG2/AQP3/PRKAR2A/PRKACB/PRKAR1A","REACTOME"
"REACTOME_RAB_GEFS_EXCHANGE_GTP_FOR_GDP_ON_RABS","REACTOME_RAB_GEFS_EXCHANGE_GTP_FOR_GDP_ON_RABS",86,-0.268760786140019,-0.907049382842102,0.638266068759342,0.829827404849311,0.709613549591956,2720,"tags=23%, list=18%, signal=19%","TRAPPC10/RAB39B/RAB5A/RAB3A/SBF1/RAB18/RAB9A/RAB6A/TRAPPC6A/RAB21/TRAPPC12/TRAPPC9/RGP1/RAB35/MON1A/DENND4C/RAB27A/AKT3/MADD/RAB5B","REACTOME"
"REACTOME_RAB_GERANYLGERANYLATION","REACTOME_RAB_GERANYLGERANYLATION",57,-0.285432796498086,-0.901966343796039,0.637658227848101,0.829827404849311,0.709613549591956,2708,"tags=28%, list=18%, signal=23%","RAB41/RAB39B/RAB5A/RAB40B/RAB3A/RAB18/RAB22A/RAB9A/RAB6A/RAB21/RAB35/RAB2A/RAB30/PTP4A2/RAB27A/RAB5B","REACTOME"
"REACTOME_REGULATION_OF_TP53_ACTIVITY_THROUGH_PHOSPHORYLATION","REACTOME_REGULATION_OF_TP53_ACTIVITY_THROUGH_PHOSPHORYLATION",88,-0.267641000810369,-0.908301516091408,0.64381520119225,0.835974330119529,0.714869993805036,695,"tags=12%, list=5%, signal=12%","WRN/RPA2/HIPK2/PRKAG2/SUPT16H/TAF15/TAF3/TAF7/TP53RK/TAF4/DYRK2","REACTOME"
"REACTOME_CELLULAR_RESPONSE_TO_STARVATION","REACTOME_CELLULAR_RESPONSE_TO_STARVATION",151,-0.254184076251355,-0.917980950305936,0.649368863955119,0.838091829097654,0.716680738976073,4434,"tags=42%, list=30%, signal=30%","RPS16/RPL38/RPS19/RPS18/FAU/RPS21/UBA52/RPS27A/ATP6V1E1/RPL10A/RPL23A/RPL35A/RPL18A/RPLP1/RPS12/RPL22/RPL11/RPS6/RPL35/RPS4X/RPS15/RPS24/ATP6V1H/RPL27A/FNIP2/RPSA/RPS8/ATP6V0D1/RPL31/RPS27/RRAGC/RPL36AL/RPL18/RPL15/RPL13A/RPL5/RPS9/RPL7/RPL19/RPLP2/LAMTOR1/GCN1/RPL14/RPL4/ATP6V1D/RPS3/RPL10/RPS14/RPS23/RPL13/RPL9/RPL7A/RPL6/RPLP0/SAMTOR/RPS2/RRAGA/RPTOR/SESN2/SH3BP4/NPRL3/RPL3/CASTOR2","REACTOME"
"REACTOME_NEGATIVE_EPIGENETIC_REGULATION_OF_RRNA_EXPRESSION","REACTOME_NEGATIVE_EPIGENETIC_REGULATION_OF_RRNA_EXPRESSION",72,-0.276774740607581,-0.906162841401996,0.648318042813456,0.838091829097654,0.716680738976073,3604,"tags=28%, list=24%, signal=21%","POLR1A/SAP30/HDAC1/GTF2H3/SAP130/H2AZ2/H2AC6/H3C10/H2BC9/POLR1E/SIRT1/BAZ2A/H2AX/H2BC11/POLR2F/ARID4B/SAP30L/SIN3A/SUV39H1/UBTF","REACTOME"
"REACTOME_DEFECTIVE_INTRINSIC_PATHWAY_FOR_APOPTOSIS","REACTOME_DEFECTIVE_INTRINSIC_PATHWAY_FOR_APOPTOSIS",22,-0.339353332293584,-0.886782555900463,0.650337837837838,0.838091829097654,0.716680738976073,1743,"tags=32%, list=12%, signal=28%","CDK5R1/LMNB1/GOLGA2/CAPN1/LMNA/BCL2L11/FOXO3","REACTOME"
"REACTOME_GABA_RECEPTOR_ACTIVATION","REACTOME_GABA_RECEPTOR_ACTIVATION",25,0.309263203155113,0.886174491352827,0.65038560411311,0.838091829097654,0.716680738976073,1888,"tags=20%, list=13%, signal=17%","KCNJ2/GABBR1/ADCY4/GNB4/ADCY3","REACTOME"
"REACTOME_BUDDING_AND_MATURATION_OF_HIV_VIRION","REACTOME_BUDDING_AND_MATURATION_OF_HIV_VIRION",27,-0.320593864106748,-0.880564354307993,0.647342995169082,0.838091829097654,0.716680738976073,4336,"tags=44%, list=29%, signal=31%","UBA52/RPS27A/CHMP6/PPIA/CHMP2B/CHMP4B/VPS4B/PDCD6IP/VPS37B/UBAP1/MVB12B/CHMP7","REACTOME"
"REACTOME_PLASMA_LIPOPROTEIN_REMODELING","REACTOME_PLASMA_LIPOPROTEIN_REMODELING",17,-0.345967382325813,-0.856025559030805,0.64808362369338,0.838091829097654,0.716680738976073,1057,"tags=18%, list=7%, signal=16%","FURIN/P4HB/PCSK5","REACTOME"
"REACTOME_MITOTIC_PROMETAPHASE","REACTOME_MITOTIC_PROMETAPHASE",193,0.225038683397345,0.947662985729916,0.655555555555556,0.840203956113723,0.718486890400216,2092,"tags=19%, list=14%, signal=17%","NDC80/TUBGCP5/KNTC1/B9D2/TUBA1A/BUB1B/HAUS3/CENPF/KNL1/CENPE/NUP43/CENPT/SFI1/HAUS5/CCNB2/EML4/CDK1/YWHAE/CEP135/TUBG1/CEP43/BUB1/BIRC5/TUBB4B/FIRRM/NUP107/TUBA1B/SPC24/ZWINT/SDCCAG8/CEP290/SPDL1/DYNC1LI2/AURKB/CDC20/TUBB2A/TUBG2","REACTOME"
"REACTOME_IMMUNOREGULATORY_INTERACTIONS_BETWEEN_A_LYMPHOID_AND_A_NON_LYMPHOID_CELL","REACTOME_IMMUNOREGULATORY_INTERACTIONS_BETWEEN_A_LYMPHOID_AND_A_NON_LYMPHOID_CELL",107,0.238055371474778,0.91549903597379,0.65615141955836,0.840203956113723,0.718486890400216,2823,"tags=29%, list=19%, signal=24%","FCGR2B/NPDC1/IGKV4-1/LILRB2/PILRA/CD300E/LILRB4/FCGR1A/CD160/IGHV4-39/SIGLEC10/LILRA5/NECTIN2/CD22/CD300C/LILRA6/LILRA1/ICAM1/SIGLEC11/IGKV3-20/PVR/MADCAM1/SLAMF7/IGLV2-11/IGLC3/CD33/C3/ITGB7/CD300LF/LILRA2/LILRB3","REACTOME"
"REACTOME_AMINO_ACIDS_REGULATE_MTORC1","REACTOME_AMINO_ACIDS_REGULATE_MTORC1",52,0.263147232903183,0.908311793621586,0.654155495978552,0.840203956113723,0.718486890400216,1880,"tags=17%, list=13%, signal=15%","FLCN/TCIRG1/ATP6V1G2/NPRL2/RRAGB/LAMTOR5/RRAGD/LAMTOR4/SZT2","REACTOME"
"REACTOME_NUCLEAR_RECEPTOR_TRANSCRIPTION_PATHWAY","REACTOME_NUCLEAR_RECEPTOR_TRANSCRIPTION_PATHWAY",36,-0.306064802196048,-0.893143013915483,0.655394524959742,0.840203956113723,0.718486890400216,1879,"tags=19%, list=13%, signal=17%","MED1/NR1D2/NCOR1/NR2C2/THRA/NR3C2/NR3C1","REACTOME"
"REACTOME_SIGNALING_BY_ERYTHROPOIETIN","REACTOME_SIGNALING_BY_ERYTHROPOIETIN",24,-0.330955048722102,-0.883720764533918,0.654362416107383,0.840203956113723,0.718486890400216,2658,"tags=29%, list=18%, signal=24%","SOS1/GRB2/SHC1/CRKL/PIK3CA/RAPGEF1/PIK3R1","REACTOME"
"REACTOME_CLASS_I_MHC_MEDIATED_ANTIGEN_PROCESSING_PRESENTATION","REACTOME_CLASS_I_MHC_MEDIATED_ANTIGEN_PROCESSING_PRESENTATION",338,-0.23461201852931,-0.927622934333208,0.659176029962547,0.840903757521144,0.719085314310812,2375,"tags=17%, list=16%, signal=15%","CDC23/UBR4/RCHY1/HACE1/BTBD1/HUWE1/PSMD3/SMURF2/RNF25/PSMB2/RNF41/PIK3R4/ZNRF2/SEC61A1/PJA2/STUB1/CANX/UBE2Q1/UBE3A/UBE2B/MKRN1/UBE2E3/LRRC41/PJA1/SEC24B/UBE2W/LNPEP/AREL1/BTRC/ASB8/UBE2M/RNF220/FBXL20/GAN/UBE2Z/TRIM32/UBE2G1/FBXL5/SEC24D/FBXO31/FBXW11/KLHL25/KEAP1/UBE2O/RNF115/UBE2D4/RNF111/MEX3C/ASB7/UBOX5/SIAH2/UBE2J2/FBXO21/NEDD4/KLHL21/UBE2H/FBXL14/FBXO32","REACTOME"
"REACTOME_BIOLOGICAL_OXIDATIONS","REACTOME_BIOLOGICAL_OXIDATIONS",106,-0.259380863975694,-0.902060306346825,0.658357771260997,0.840903757521144,0.719085314310812,2600,"tags=20%, list=18%, signal=16%","BPNT2/PTGES3/NCOA2/SLC35D1/CYP2S1/PODXL2/AKR7A2/ADH5/CYB5B/POR/AOC3/GSTM3/GCLC/MAT2B/GCLM/NCOA1/UXS1/ADH6/TPST2/CYB5R3/CYP2R1","REACTOME"
"REACTOME_ATF4_ACTIVATES_GENES_IN_RESPONSE_TO_ENDOPLASMIC_RETICULUM_STRESS","REACTOME_ATF4_ACTIVATES_GENES_IN_RESPONSE_TO_ENDOPLASMIC_RETICULUM_STRESS",25,0.306979337786843,0.879630217057025,0.658097686375321,0.840903757521144,0.719085314310812,1685,"tags=20%, list=11%, signal=18%","ATF3/ATF4/EXOSC9/EXOSC8/DDIT3","REACTOME"
"REACTOME_RECYCLING_PATHWAY_OF_L1","REACTOME_RECYCLING_PATHWAY_OF_L1",40,-0.296329257557561,-0.880128560621225,0.662921348314607,0.844623194723742,0.722265931172096,3365,"tags=28%, list=23%, signal=21%","RPS6KA1/RPS6KA3/MSN/RPS6KA4/CLTC/TUBB4A/DPYSL2/AP2M1/EZR/AP2B1/MAPK1","REACTOME"
"REACTOME_CYTOCHROME_P450_ARRANGED_BY_SUBSTRATE_TYPE","REACTOME_CYTOCHROME_P450_ARRANGED_BY_SUBSTRATE_TYPE",25,-0.323135704860302,-0.875033552539428,0.66394779771615,0.844873572593801,0.722480037777969,2488,"tags=24%, list=17%, signal=20%","FDX1/NCOA2/CYP2S1/POR/NCOA1/CYP2R1","REACTOME"
"REACTOME_PROTEIN_FOLDING","REACTOME_PROTEIN_FOLDING",80,-0.269577398858965,-0.897187681264734,0.666158536585366,0.846628452239578,0.723980694863128,3103,"tags=30%, list=21%, signal=24%","FBXW4/CCT4/FBXL3/CCT6A/CSNK2A2/GNB5/STAT3/WRAP53/FBXW2/CCT3/TUBB4A/CSNK2A1/GNB1/PDCL/GNG2/AP3M1/CCT7/PFDN6/LONP2/KIF13A/FBXL5/ARL2/DCAF7/USP11","REACTOME"
"REACTOME_LATE_ENDOSOMAL_MICROAUTOPHAGY","REACTOME_LATE_ENDOSOMAL_MICROAUTOPHAGY",30,-0.309916192543639,-0.86800388810327,0.669354838709677,0.849629957364653,0.726547383663083,4412,"tags=43%, list=30%, signal=30%","PLIN3/UBA52/RPS27A/PCNT/CHMP6/CHMP2B/CHMP4B/VPS37B/UBAP1/ARL13B/MVB12B/HSPA8/CHMP7","REACTOME"
"REACTOME_NUCLEAR_SIGNALING_BY_ERBB4","REACTOME_NUCLEAR_SIGNALING_BY_ERBB4",22,-0.333028249315034,-0.870254139302661,0.670608108108108,0.850160714886742,0.727001252415816,3522,"tags=27%, list=24%, signal=21%","S100B/NRG2/WWOX/TAB2/NCOR1/MXD4","REACTOME"
"REACTOME_SIGNALING_BY_HEDGEHOG","REACTOME_SIGNALING_BY_HEDGEHOG",115,-0.256000414344476,-0.896186563602683,0.672540381791483,0.850492060451838,0.727284597242964,3380,"tags=25%, list=23%, signal=20%","TULP3/ADCY9/PSMD13/SYVN1/PSMD2/ITCH/PSMB5/CUL3/OS9/DISP2/TUBB4A/PSMD3/SMURF2/PSMB2/GLI3/SUFU/CDC73/BTRC/GAS1/SEL1L/VCP/PRKAR2A/PRKACB/GSK3B/ERLEC1/ARRB1/P4HB/PRKAR1A/PTCH1","REACTOME"
"REACTOME_NUCLEAR_EVENTS_STIMULATED_BY_ALK_SIGNALING_IN_CANCER","REACTOME_NUCLEAR_EVENTS_STIMULATED_BY_ALK_SIGNALING_IN_CANCER",33,-0.301907736168782,-0.86918176286261,0.672025723472669,0.850492060451838,0.727284597242964,3684,"tags=36%, list=25%, signal=27%","RPS6/RB1/HDAC1/GZMB/STAT3/AGO1/IL10RA/AGO4/AGO2/PRF1/MAPK1/TNRC6C","REACTOME"
"REACTOME_REPRODUCTION","REACTOME_REPRODUCTION",90,-0.260757449998161,-0.890993376529044,0.676470588235294,0.850797362640982,0.727545671496321,4448,"tags=41%, list=30%, signal=29%","TET2/STAG3/TOP3A/ACD/HSPA2/LMNB1/FIGNL1/BLM/H3-3A/SYCP2/RPA1/TINF2/H2AZ2/CBFA2T2/SYCP3/CXCR4/H2AC6/UBE2I/H3C10/H2BC9/TERF2IP/EOMES/SMC1A/H2AX/H2BC11/STAG1/LMNA/TERF2/SMC3/TERF1/RPA2/PRDM1/RAD21/STAG2/B4GALT1/RAD51C/SUN2","REACTOME"
"REACTOME_GLUCOSE_METABOLISM","REACTOME_GLUCOSE_METABOLISM",70,-0.272654163385483,-0.890801455130707,0.67624810892587,0.850797362640982,0.727545671496321,3052,"tags=26%, list=21%, signal=21%","NUP35/NUP205/NUP98/NUP133/PPP2R1A/PGAM1/RANBP2/PPP2R5D/NDC1/PC/POM121/NUP210/NUP160/PRKACB/NUP62/PGM2L1/NUP188/POM121C","REACTOME"
"REACTOME_SULFUR_AMINO_ACID_METABOLISM","REACTOME_SULFUR_AMINO_ACID_METABOLISM",21,-0.33787180908177,-0.874030579836405,0.674061433447099,0.850797362640982,0.727545671496321,2297,"tags=29%, list=16%, signal=24%","ADO/GOT2/CTH/ENOPH1/MPST/TST","REACTOME"
"REACTOME_BILE_ACID_AND_BILE_SALT_METABOLISM","REACTOME_BILE_ACID_AND_BILE_SALT_METABOLISM",23,-0.330651060130767,-0.872162170871645,0.676126878130217,0.850797362640982,0.727545671496321,2488,"tags=30%, list=17%, signal=25%","NCOA2/OSBPL2/AMACR/OSBP/AKR1C3/HSD17B4/NCOA1","REACTOME"
"REACTOME_TRIGLYCERIDE_METABOLISM","REACTOME_TRIGLYCERIDE_METABOLISM",23,-0.329178473750271,-0.868277912542332,0.67779632721202,0.850797362640982,0.727545671496321,1262,"tags=35%, list=9%, signal=32%","PLIN3/LPIN2/FABP3/PPP1CB/GPAT2/GPD2/PRKACB/LIPE","REACTOME"
"REACTOME_VXPX_CARGO_TARGETING_TO_CILIUM","REACTOME_VXPX_CARGO_TARGETING_TO_CILIUM",17,0.327811137148851,0.858619839822445,0.677570093457944,0.850797362640982,0.727545671496321,1476,"tags=18%, list=10%, signal=16%","PKD2/EXOC1/ASAP1","REACTOME"
"REACTOME_GPCR_LIGAND_BINDING","REACTOME_GPCR_LIGAND_BINDING",183,0.223439194991913,0.936868200782799,0.680412371134021,0.851112476112476,0.727815135709873,3192,"tags=27%, list=22%, signal=21%","CALCRL/HCAR3/GIPR/GLP1R/CHRM5/CCRL2/GABBR1/P2RY13/CXCL10/TAS2R14/GPR18/P2RY1/ADORA2B/DRD4/HRH2/FFAR2/PLPPR2/GNB4/C5AR2/LPAR6/PTGIR/LTB4R/TACR2/TAS2R5/FPR2/GRM2/EDN1/WNT10B/NLN/FZD6/LTB4R2/GPR35/TAS2R4/P2RY11/GPBAR1/MC1R/CCR1/C3/NMUR1/TAS2R10/ADGRE2/OPRL1/WNT4/XCL1/INSL3/GNRH1/GNG7/C5AR1/FZD1","REACTOME"
"REACTOME_CELL_DEATH_SIGNALLING_VIA_NRAGE_NRIF_AND_NADE","REACTOME_CELL_DEATH_SIGNALLING_VIA_NRAGE_NRIF_AND_NADE",67,-0.275660078626968,-0.891185030571213,0.680555555555556,0.851112476112476,0.727815135709873,3101,"tags=30%, list=21%, signal=24%","KALRN/NGFR/ARHGEF12/SOS1/PREX1/TRAF6/MAPK8/ARHGEF3/GNA13/AATF/ARHGEF2/MAGED1/AKAP13/BCL2L11/ARHGEF7/RAC1/VAV3/FGD3/SOS2/SQSTM1","REACTOME"
"REACTOME_DEGRADATION_OF_CRY_AND_PER_PROTEINS","REACTOME_DEGRADATION_OF_CRY_AND_PER_PROTEINS",48,-0.284898572311121,-0.873468650806874,0.680129240710824,0.851112476112476,0.727815135709873,3537,"tags=23%, list=24%, signal=17%","FBXL3/PSMD13/PSMD2/PSMB5/UBE2D1/PSMD3/PSMB2/BTRC/FBXW11/CRY1/CRY2","REACTOME"
"REACTOME_ACTIVATION_OF_AMPK_DOWNSTREAM_OF_NMDARS","REACTOME_ACTIVATION_OF_AMPK_DOWNSTREAM_OF_NMDARS",21,0.305474306881522,0.845180892181183,0.685096153846154,0.855739735724398,0.731772062293535,2588,"tags=29%, list=18%, signal=24%","TUBA1A/TUBB4B/TUBA1B/TUBB2A/TUBB6/PRKAG1","REACTOME"
"REACTOME_SEPARATION_OF_SISTER_CHROMATIDS","REACTOME_SEPARATION_OF_SISTER_CHROMATIDS",166,0.228150331588682,0.934572920048188,0.686411149825784,0.856331557013049,0.732278148743451,2525,"tags=23%, list=17%, signal=19%","NDC80/KNTC1/B9D2/TUBA1A/BUB1B/CENPF/KNL1/PSMA3/CENPE/NUP43/CENPT/ANAPC15/UBE2E1/BUB1/ANAPC2/BIRC5/ANAPC4/CDC16/TUBB4B/NUP107/PSMC6/TUBA1B/ANAPC7/SPC24/ZWINT/SPDL1/DYNC1LI2/AURKB/CDC20/ANAPC5/TUBB2A/PSMB3/PSMA5/PLK1/PSMA4/PSMB4/CENPK/TUBB6","REACTOME"
"REACTOME_COLLAGEN_FORMATION","REACTOME_COLLAGEN_FORMATION",45,-0.288931106462107,-0.877834033269919,0.689102564102564,0.858097770884523,0.733788498109297,771,"tags=9%, list=5%, signal=8%","PLOD1/CRTAP/P4HB/COL13A1","REACTOME"
"REACTOME_KINESINS","REACTOME_KINESINS",46,0.261810593358096,0.877486955615472,0.691489361702128,0.858097770884523,0.733788498109297,2525,"tags=22%, list=17%, signal=18%","TUBA1A/CENPE/KIF18B/TUBB4B/TUBA1B/KIFC2/KIF19/TUBB2A/KIF23/TUBB6","REACTOME"
"REACTOME_COMPLEX_IV_ASSEMBLY","REACTOME_COMPLEX_IV_ASSEMBLY",42,0.2635992015304,0.86899173908876,0.69047619047619,0.858097770884523,0.733788498109297,3321,"tags=29%, list=22%, signal=22%","COA5/COX7A1/PNKD/COX7A2/PET100/COX5B/COX7B/TIMM21/COX14/COX8A/COA1/COX6B1","REACTOME"
"REACTOME_ACTIVATED_PKN1_STIMULATES_TRANSCRIPTION_OF_AR_ANDROGEN_RECEPTOR_REGULATED_GENES_KLK2_AND_KLK3","REACTOME_ACTIVATED_PKN1_STIMULATES_TRANSCRIPTION_OF_AR_ANDROGEN_RECEPTOR_REGULATED_GENES_KLK2_AND_KLK3",28,-0.308515826686157,-0.853421084877114,0.691437802907916,0.858097770884523,0.733788498109297,2774,"tags=29%, list=19%, signal=23%","H2AC6/H3C10/H2BC9/NCOA2/PKN1/H2AX/H2BC11/KDM1A","REACTOME"
"REACTOME_PD_L1_CD274_GLYCOSYLATION_AND_TRANSLOCATION_TO_PLASMA_MEMBRANE","REACTOME_PD_L1_CD274_GLYCOSYLATION_AND_TRANSLOCATION_TO_PLASMA_MEMBRANE",19,-0.332367827013754,-0.843930168287235,0.692041522491349,0.858097770884523,0.733788498109297,2048,"tags=53%, list=14%, signal=45%","UBA52/OSTC/STT3B/RPN2/RPS27A/DDOST/JAK1/RPN1/MAGT1/STT3A","REACTOME"
"REACTOME_TRANSLESION_SYNTHESIS_BY_Y_FAMILY_DNA_POLYMERASES_BYPASSES_LESIONS_ON_DNA_TEMPLATE","REACTOME_TRANSLESION_SYNTHESIS_BY_Y_FAMILY_DNA_POLYMERASES_BYPASSES_LESIONS_ON_DNA_TEMPLATE",39,0.273069882596836,0.88122448685515,0.693548387096774,0.858920021976297,0.734491632896699,378,"tags=8%, list=3%, signal=8%","UBA7/POLD4/POLI","REACTOME"
"REACTOME_CHROMOSOME_MAINTENANCE","REACTOME_CHROMOSOME_MAINTENANCE",108,-0.25324524968588,-0.883377997828443,0.696793002915452,0.860584055379819,0.73591460427992,2834,"tags=27%, list=19%, signal=22%","POLR2B/WRAP53/MIS18A/H2AC6/CHTF8/RUVBL1/SHQ1/H2BC9/TERF2IP/RSF1/RFC1/POLA1/CENPO/PPP6C/PRIM1/H2AX/CENPQ/H2BC11/ATRX/TERF2/WRN/RBBP4/CENPL/POLR2F/TERF1/RPA2/RUVBL2/POLR2A/FEN1","REACTOME"
"REACTOME_BIOSYNTHESIS_OF_THE_N_GLYCAN_PRECURSOR_DOLICHOL_LIPID_LINKED_OLIGOSACCHARIDE_LLO_AND_TRANSFER_TO_A_NASCENT_PROTEIN","REACTOME_BIOSYNTHESIS_OF_THE_N_GLYCAN_PRECURSOR_DOLICHOL_LIPID_LINKED_OLIGOSACCHARIDE_LLO_AND_TRANSFER_TO_A_NASCENT_PROTEIN",70,-0.26904930956582,-0.879023864837508,0.697428139183056,0.860584055379819,0.73591460427992,2289,"tags=17%, list=15%, signal=15%","ST3GAL4/SLC17A5/UAP1/GFPT1/ALG2/ST3GAL1/ST8SIA6/SLC35C1/DOLK/ST6GALNAC6/ST3GAL2/ST6GAL1","REACTOME"
"REACTOME_N_GLYCAN_TRIMMING_IN_THE_ER_AND_CALNEXIN_CALRETICULIN_CYCLE","REACTOME_N_GLYCAN_TRIMMING_IN_THE_ER_AND_CALNEXIN_CALRETICULIN_CYCLE",35,-0.295876964938916,-0.856621831575292,0.696284329563813,0.860584055379819,0.73591460427992,4634,"tags=54%, list=31%, signal=37%","PDIA3/RNF185/UBA52/MLEC/RPS27A/RAD23B/RNF103/SYVN1/DERL1/OS9/UBXN1/UGGT1/RNF5/CANX/SEL1L/VCP/GANAB/AMFR/PRKCSH","REACTOME"
"REACTOME_DISEASES_OF_GLYCOSYLATION","REACTOME_DISEASES_OF_GLYCOSYLATION",97,-0.251329332506933,-0.872397205767605,0.70028818443804,0.861469436990719,0.736671724114698,1663,"tags=14%, list=11%, signal=13%","ADAMTS1/GFPT1/ALG2/PGM1/HSPG2/CHST14/CHSY1/B3GALT6/B4GALT1/DAG1/B3GLCT/DOLK/B4GAT1/EXT2","REACTOME"
"REACTOME_FATTY_ACYL_COA_BIOSYNTHESIS","REACTOME_FATTY_ACYL_COA_BIOSYNTHESIS",29,0.282199221298203,0.856264241416845,0.701530612244898,0.861469436990719,0.736671724114698,6,"tags=3%, list=0%, signal=3%","ELOVL6","REACTOME"
"REACTOME_NEUREXINS_AND_NEUROLIGINS","REACTOME_NEUREXINS_AND_NEUROLIGINS",32,-0.300339604208177,-0.853555440880213,0.699675324675325,0.861469436990719,0.736671724114698,1192,"tags=12%, list=8%, signal=12%","EPB41L5/NRXN2/APBA2/EPB41","REACTOME"
"REACTOME_MET_ACTIVATES_PTK2_SIGNALING","REACTOME_MET_ACTIVATES_PTK2_SIGNALING",17,0.320889235210825,0.840489637215581,0.700934579439252,0.861469436990719,0.736671724114698,3687,"tags=41%, list=25%, signal=31%","COL5A3/HGF/LAMB2/PTK2/COL5A2/COL11A2/COL24A1","REACTOME"
"REACTOME_NOTCH_HLH_TRANSCRIPTION_PATHWAY","REACTOME_NOTCH_HLH_TRANSCRIPTION_PATHWAY",28,-0.306215146348542,-0.847056908585827,0.702746365105008,0.86192265021313,0.737059282107599,2418,"tags=29%, list=16%, signal=24%","MAML2/MAMLD1/SNW1/NCOR1/TBL1X/HDAC4/MAML1/CREBBP","REACTOME"
"REACTOME_PROGRAMMED_CELL_DEATH","REACTOME_PROGRAMMED_CELL_DEATH",177,-0.246626033910773,-0.903296591027674,0.7054698457223,0.864221784531049,0.739025349816128,3097,"tags=27%, list=21%, signal=22%","SATB1/CHMP2B/GZMB/STAT3/UBE2L3/ARHGAP10/FADD/BCL2L1/BCAP31/CHMP4B/TP53BP2/MAPK8/APPL1/IRF2/YWHAZ/APC/MAPT/PRKCQ/PSMD3/KPNA1/AVEN/PDCD6IP/PSMB2/TRADD/STUB1/MAGED1/LMNA/CASP9/YWHAQ/BBC3/BCL2L11/CHMP7/DAPK3/PPP1R13B/CTNNB1/PPP3R1/SEPTIN4/STK24/NMT1/ADD1/BCL2/FLOT2/TFDP2/SPTAN1/AKT3/DFFA/DYNLL2/MAPK1","REACTOME"
"REACTOME_PERK_REGULATES_GENE_EXPRESSION","REACTOME_PERK_REGULATES_GENE_EXPRESSION",30,-0.301352144742633,-0.844017962333583,0.708064516129032,0.86460831334932,0.739355883714081,1263,"tags=17%, list=9%, signal=15%","NFYA/EIF2AK3/HERPUD1/KHSRP/EXOSC6","REACTOME"
"REACTOME_FGFR1_MUTANT_RECEPTOR_ACTIVATION","REACTOME_FGFR1_MUTANT_RECEPTOR_ACTIVATION",21,-0.324678330365946,-0.839900760354305,0.708191126279863,0.86460831334932,0.739355883714081,1407,"tags=19%, list=10%, signal=17%","PIK3CA/TRIM24/PIK3R1/BCR","REACTOME"
"REACTOME_REGULATION_OF_MITF_M_DEPENDENT_GENES_INVOLVED_IN_CELL_CYCLE_AND_PROLIFERATION","REACTOME_REGULATION_OF_MITF_M_DEPENDENT_GENES_INVOLVED_IN_CELL_CYCLE_AND_PROLIFERATION",16,-0.335803090454436,-0.81892242221382,0.708333333333333,0.86460831334932,0.739355883714081,1108,"tags=19%, list=7%, signal=17%","CTNNB1/LEF1/SIN3A","REACTOME"
"REACTOME_PROCESSIVE_SYNTHESIS_ON_THE_LAGGING_STRAND","REACTOME_PROCESSIVE_SYNTHESIS_ON_THE_LAGGING_STRAND",15,-0.344995498935633,-0.818872290119168,0.709677419354839,0.865211512458953,0.73987169972449,1988,"tags=40%, list=13%, signal=35%","RPA1/POLA2/POLA1/PRIM1/RPA2/FEN1","REACTOME"
"REACTOME_EXTENSION_OF_TELOMERES","REACTOME_EXTENSION_OF_TELOMERES",48,-0.27907537442032,-0.855615346861547,0.712439418416801,0.865910761328257,0.740469651141008,4212,"tags=48%, list=28%, signal=34%","DKC1/ACD/BLM/RPA1/TINF2/STN1/POLA2/RFC2/WRAP53/CHTF8/RUVBL1/SHQ1/TERF2IP/RFC1/POLA1/PPP6C/PRIM1/TERF2/WRN/TERF1/RPA2/RUVBL2/FEN1","REACTOME"
"REACTOME_SIGNALING_BY_FLT3_FUSION_PROTEINS","REACTOME_SIGNALING_BY_FLT3_FUSION_PROTEINS",18,-0.329093998724338,-0.821447692279636,0.71280276816609,0.865910761328257,0.740469651141008,2658,"tags=28%, list=18%, signal=23%","SOS1/GRB2/PIK3CA/SPTBN1/PIK3R1","REACTOME"
"REACTOME_RRNA_PROCESSING_IN_THE_MITOCHONDRION","REACTOME_RRNA_PROCESSING_IN_THE_MITOCHONDRION",17,-0.327647898838782,-0.810697742322428,0.712543554006969,0.865910761328257,0.740469651141008,2329,"tags=18%, list=16%, signal=15%","RCC1L/TRUB2/MRM2","REACTOME"
"REACTOME_G2_M_DNA_DAMAGE_CHECKPOINT","REACTOME_G2_M_DNA_DAMAGE_CHECKPOINT",75,0.239041179108448,0.879658117329388,0.713872832369942,0.866177048096068,0.740697361984746,1867,"tags=16%, list=13%, signal=14%","RBBP8/H4C3/ATRIP/MDC1/CDK1/YWHAE/CHEK2/H2BC5/RMI1/DNA2/MRE11/RAD9A","REACTOME"
"REACTOME_FGFR2_MUTANT_RECEPTOR_ACTIVATION","REACTOME_FGFR2_MUTANT_RECEPTOR_ACTIVATION",17,-0.326939230038749,-0.808944286254871,0.71602787456446,0.867757590841215,0.742048937675199,1484,"tags=24%, list=10%, signal=21%","POLR2B/POLR2F/POLR2A/GTF2F1","REACTOME"
"REACTOME_RESOLUTION_OF_AP_SITES_VIA_THE_MULTIPLE_NUCLEOTIDE_PATCH_REPLACEMENT_PATHWAY","REACTOME_RESOLUTION_OF_AP_SITES_VIA_THE_MULTIPLE_NUCLEOTIDE_PATCH_REPLACEMENT_PATHWAY",25,0.290121583813571,0.831325370569606,0.717223650385604,0.868173217708139,0.742404354301139,969,"tags=12%, list=7%, signal=11%","POLB/POLD4/PARP2","REACTOME"
"REACTOME_ENERGY_DEPENDENT_REGULATION_OF_MTOR_BY_LKB1_AMPK","REACTOME_ENERGY_DEPENDENT_REGULATION_OF_MTOR_BY_LKB1_AMPK",27,-0.307596156572912,-0.844863989380841,0.718196457326892,0.868318282136314,0.742528403812151,3269,"tags=30%, list=22%, signal=23%","PRKAA1/RRAGC/LAMTOR1/PPM1A/RRAGA/RPTOR/PRKAG2/CAB39","REACTOME"
"REACTOME_NEUTROPHIL_DEGRANULATION","REACTOME_NEUTROPHIL_DEGRANULATION",420,-0.228665184815272,-0.911446740662587,0.72366790582404,0.872596696815545,0.746187021266111,2640,"tags=21%, list=18%, signal=18%","ALAD/XRCC5/CAPN1/PPIE/SURF4/TOLLIP/GNS/LAMTOR1/PDAP1/STOM/LAMP2/HSPA1A/TNFRSF1B/CXCR2/ATP6V1D/ACTR1B/CDK13/TMT1A/TMEM30A/PGAM1/CPNE3/ATP8A1/SLC44A2/PTPRJ/RAB3A/UBR4/TMBIM1/ATP6AP2/OSTF1/RAB18/HUWE1/PSMD3/RAP1B/TMEM63A/HEXB/FAF2/HSPA1B/NDUFC2/DDOST/XRCC6/RAB6A/AGA/SCAMP1/QSOX1/FUCA1/EEF1A1/DYNC1H1/SVIP/DNAJC3/ACLY/PAFAH1B2/PGM1/IMPDH2/CD44/GLIPR1/HSPA8/DEGS1/PTPRC/ADAM10/RAC1/SLC15A4/VCP/PYGB/ENPP4/VPS35L/CD59/MAGT1/RAB27A/LAMP1/DIAPH1/IQGAP2/HMOX2/B4GALT1/CAB39/LPCAT1/STK10/SPTAN1/CYB5R3/DNAJC5/RAB5B/VCL/IQGAP1/EEF2/IGF2R/HGSNAT/RAP2B/MAPK1/VAT1/TXNDC5","REACTOME"
"REACTOME_POLYMERASE_SWITCHING_ON_THE_C_STRAND_OF_THE_TELOMERE","REACTOME_POLYMERASE_SWITCHING_ON_THE_C_STRAND_OF_THE_TELOMERE",25,-0.311872799098533,-0.844534228904184,0.724306688417618,0.872596696815545,0.746187021266111,3803,"tags=48%, list=26%, signal=36%","ACD/TINF2/STN1/POLA2/RFC2/CHTF8/TERF2IP/RFC1/POLA1/PRIM1/TERF2/TERF1","REACTOME"
"REACTOME_DEVELOPMENTAL_CELL_LINEAGES_OF_THE_INTEGUMENTARY_SYSTEM","REACTOME_DEVELOPMENTAL_CELL_LINEAGES_OF_THE_INTEGUMENTARY_SYSTEM",32,-0.295048968157715,-0.838519624346811,0.724025974025974,0.872596696815545,0.746187021266111,1388,"tags=22%, list=9%, signal=20%","KRT10/ITGB1/CD44/AQP3/LRIG1/ERBB2/KRT5","REACTOME"
"REACTOME_M_PHASE","REACTOME_M_PHASE",354,-0.228889534186619,-0.906657916973129,0.728287841191067,0.876355818359936,0.74940157355358,3471,"tags=28%, list=23%, signal=22%","ZW10/H2AZ2/PHF8/NDEL1/NUDC/CETN2/PSMD13/PSMD2/DYNC1I2/PSMB5/MAD1L1/LBR/NINL/RPS27/UBE2D1/CSNK2A2/CHMP2B/NUP35/NUP205/NEK9/TNPO1/KIF18A/CSNK1D/NIPBL/H2AC6/UBE2I/H3C10/NUP98/TUBGCP3/H2BC9/HAUS2/NUP133/CCP110/XPO1/CHMP4B/PPP2R1A/CKAP5/TUBB4A/CDC23/SMC1A/TAOK1/RANBP2/PSMD3/PPP2R5D/SET/PSMB2/CTDNEP1/RANGAP1/NDC1/CENPO/CSNK2A1/H2AX/ARPP19/SSNA1/AHCTF1/CENPQ/H2BC11/STAG1/NSL1/LMNA/SMC3/FBXO5/DYNC1H1/CSNK1E/CENPL/ALMS1/LEMD3/PRKCB/CHMP7/TMPO/GORASP2/NUMA1/CEP78/PDS5A/ACTR1A/CLASP1/RAB2A/POM121/RCC1/PAFAH1B1/WAPL/KIF2A/PPP2R5E/PPP2R5A/NUP210/NUP160/RAD21/SPAST/BUB3/DCTN1/STAG2/PDS5B/NCAPD2/NUP62/NUP188/DYNLL2/POM121C/MAPK1/PPP2R5C/INCENP","REACTOME"
"REACTOME_CLASS_A_1_RHODOPSIN_LIKE_RECEPTORS","REACTOME_CLASS_A_1_RHODOPSIN_LIKE_RECEPTORS",131,0.223854448896019,0.895503825570556,0.741214057507987,0.87806529097063,0.750863401543492,2560,"tags=21%, list=17%, signal=18%","HCAR3/CHRM5/CCRL2/P2RY13/CXCL10/GPR18/P2RY1/ADORA2B/DRD4/HRH2/FFAR2/PLPPR2/C5AR2/LPAR6/PTGIR/LTB4R/TACR2/FPR2/EDN1/NLN/LTB4R2/GPR35/P2RY11/GPBAR1/MC1R/CCR1/C3/NMUR1","REACTOME"
"REACTOME_C_TYPE_LECTIN_RECEPTORS_CLRS","REACTOME_C_TYPE_LECTIN_RECEPTORS_CLRS",111,0.228674158926046,0.888969521468071,0.735202492211838,0.87806529097063,0.750863401543492,2411,"tags=21%, list=16%, signal=17%","MUC1/MUC4/CASP8/PSMA3/PYCARD/IL1B/CLEC7A/UBE2V1/MUC20/KRAS/RPS6KA5/CARD9/FCER1G/ITPR3/UBA3/PSMC6/IKBKB/NFKBIA/PSMB3/PSMA5/NFKB2/PSMA4/PSMB4","REACTOME"
"REACTOME_METABOLISM_OF_NUCLEOTIDES","REACTOME_METABOLISM_OF_NUCLEOTIDES",83,0.235596481977365,0.873618230346582,0.738372093023256,0.87806529097063,0.750863401543492,4632,"tags=41%, list=31%, signal=28%","DNPH1/TYMP/NT5C/ADA/AMPD2/ENTPD4/AK1/CDA/DUT/UCKL1/ADPRM/GSR/PFAS/MAPDA/AK9/NUDT13/TK1/NME1/NUDT15/NUDT1/DTYMK/UCK1/PUDP/DHODH/RRM2B/NUDT16/TYMS/GUK1/RRM2/NME4/PAICS/ENTPD6/PNP/UPP1","REACTOME"
"REACTOME_RETROGRADE_TRANSPORT_AT_THE_TRANS_GOLGI_NETWORK","REACTOME_RETROGRADE_TRANSPORT_AT_THE_TRANS_GOLGI_NETWORK",49,-0.276777141032713,-0.852507698007705,0.733441033925687,0.87806529097063,0.750863401543492,1923,"tags=18%, list=13%, signal=16%","RAB9A/COG8/RAB6A/ARL1/GCC1/RGP1/COG5/IGF2R/VPS51","REACTOME"
"REACTOME_FBXL7_DOWN_REGULATES_AURKA_DURING_MITOTIC_ENTRY_AND_IN_EARLY_MITOSIS","REACTOME_FBXL7_DOWN_REGULATES_AURKA_DURING_MITOTIC_ENTRY_AND_IN_EARLY_MITOSIS",41,0.257409780187174,0.845251011671736,0.740053050397878,0.87806529097063,0.750863401543492,5055,"tags=39%, list=34%, signal=26%","PSMA3/PSMC6/PSMB3/PSMA5/PSMA4/PSMB4/FBXL18/PSMC2/PSMA1/PSMC1/PSMA7/PSMA2/PSMB1/RBX1/PSMD14/PSMD12","REACTOME"
"REACTOME_TNFR1_INDUCED_NF_KAPPA_B_SIGNALING_PATHWAY","REACTOME_TNFR1_INDUCED_NF_KAPPA_B_SIGNALING_PATHWAY",32,0.270957205286298,0.840761163376047,0.740932642487047,0.87806529097063,0.750863401543492,1791,"tags=16%, list=12%, signal=14%","TNF/TRAF1/TRAF2/BIRC3/IKBKB","REACTOME"
"REACTOME_SIGNALING_BY_SCF_KIT","REACTOME_SIGNALING_BY_SCF_KIT",39,-0.282969080485485,-0.840168567724665,0.738095238095238,0.87806529097063,0.750863401543492,1407,"tags=15%, list=10%, signal=14%","PIK3CA/PIK3R3/RAC1/LCK/PIK3R1/FYN","REACTOME"
"REACTOME_NS1_MEDIATED_EFFECTS_ON_HOST_PATHWAYS","REACTOME_NS1_MEDIATED_EFFECTS_ON_HOST_PATHWAYS",42,-0.276871291296189,-0.832327280320829,0.738782051282051,0.87806529097063,0.750863401543492,3052,"tags=36%, list=21%, signal=28%","NUP35/NUP205/NUP98/NUP133/KPNA3/RANBP2/KPNA1/NDC1/KPNA4/POM121/NUP210/NUP160/NUP62/NUP188/POM121C","REACTOME"
"REACTOME_SIGNAL_AMPLIFICATION","REACTOME_SIGNAL_AMPLIFICATION",23,-0.310627066462329,-0.819344648434311,0.731218697829716,0.87806529097063,0.750863401543492,3174,"tags=39%, list=21%, signal=31%","MAPK14/GNB5/GNAI2/P2RY12/GNA13/GNAI3/GNB1/TBXA2R/GNG2","REACTOME"
"REACTOME_SLC_MEDIATED_TRANSPORT_OF_AMINO_ACIDS","REACTOME_SLC_MEDIATED_TRANSPORT_OF_AMINO_ACIDS",21,-0.316204762179337,-0.817980737681942,0.737201365187713,0.87806529097063,0.750863401543492,1796,"tags=33%, list=12%, signal=29%","SLC3A1/SLC43A1/SLC36A4/SLC38A1/SLC38A2/SLC3A2/SLC1A7","REACTOME"
"REACTOME_SIGNALLING_TO_RAS","REACTOME_SIGNALLING_TO_RAS",17,0.311419534142273,0.815686107703543,0.735981308411215,0.87806529097063,0.750863401543492,1008,"tags=18%, list=7%, signal=16%","MAPK12/MAPK11/KRAS","REACTOME"
"REACTOME_DEFECTS_IN_VITAMIN_AND_COFACTOR_METABOLISM","REACTOME_DEFECTS_IN_VITAMIN_AND_COFACTOR_METABOLISM",21,-0.314316719043216,-0.813096614790765,0.74061433447099,0.87806529097063,0.750863401543492,1549,"tags=33%, list=10%, signal=30%","HLCS/PCCA/LMBRD1/PC/PCCB/BTD/CD320","REACTOME"
"REACTOME_SIGNALING_BY_FGFR2_IIIA_TM","REACTOME_SIGNALING_BY_FGFR2_IIIA_TM",16,-0.329949756195163,-0.804647905969362,0.732638888888889,0.87806529097063,0.750863401543492,1484,"tags=25%, list=10%, signal=23%","POLR2B/POLR2F/POLR2A/GTF2F1","REACTOME"
"REACTOME_ADP_SIGNALLING_THROUGH_P2Y_PURINOCEPTOR_1","REACTOME_ADP_SIGNALLING_THROUGH_P2Y_PURINOCEPTOR_1",16,0.312281862736475,0.801338382786892,0.741784037558685,0.87806529097063,0.750863401543492,3571,"tags=38%, list=24%, signal=28%","P2RY1/GNB4/GNAQ/GNA15/GNG7/PLA2G4A","REACTOME"
"REACTOME_GLYCOSPHINGOLIPID_CATABOLISM","REACTOME_GLYCOSPHINGOLIPID_CATABOLISM",31,0.272547749682304,0.839192339805718,0.742782152230971,0.878225587655202,0.751000476673407,2168,"tags=16%, list=15%, signal=14%","ARSA/GBA2/GLA/SMPD2/GLB1L","REACTOME"
"REACTOME_CO_INHIBITION_BY_PD_1","REACTOME_CO_INHIBITION_BY_PD_1",168,-0.245160216112821,-0.893087809543927,0.743697478991597,0.878287742010958,0.751053626970388,3380,"tags=32%, list=23%, signal=25%","PSMD13/CSK/PSMD2/DERL1/RBBP7/PRKAA1/PSMB5/CSNK2A2/TNRC6A/STAT3/CUL3/AGO1/OS9/H2AC6/H3C10/H2BC9/BRD4/CD3E/SUZ12/ASH2L/RBBP5/PSMD3/AGO4/RNF5/PSMB2/DDOST/JAK1/CSNK2A1/H2AX/H2BC11/RPN1/RBBP4/EP300/EPAS1/BTRC/AGO2/SEL1L/CTNNB1/WWTR1/VCP/RELA/LEF1/MAGT1/NFE2L2/LCK/GSK3B/STT3A/ERLEC1/PRKAG2/CREBBP/TNRC6B/TNRC6C/CD247","REACTOME"
"REACTOME_SIGNALING_BY_FGFR1_IN_DISEASE","REACTOME_SIGNALING_BY_FGFR1_IN_DISEASE",28,-0.298366996611397,-0.825347239636605,0.744749596122779,0.878511111069512,0.751244637425795,1407,"tags=18%, list=10%, signal=16%","PIK3CA/FRS2/TRIM24/PIK3R1/BCR","REACTOME"
"REACTOME_INFECTION_WITH_MYCOBACTERIUM_TUBERCULOSIS","REACTOME_INFECTION_WITH_MYCOBACTERIUM_TUBERCULOSIS",24,-0.308742553664254,-0.824408651935781,0.746644295302013,0.879726727566493,0.752284152308437,4336,"tags=42%, list=29%, signal=29%","UBA52/DUSP16/RPS27A/RAB7A/ATP6V1H/TRIM27/RAB5A/KPNA1/GSK3A/MAPK1","REACTOME"
"REACTOME_RSV_HOST_INTERACTIONS","REACTOME_RSV_HOST_INTERACTIONS",76,-0.259002769313778,-0.855979999606156,0.747720364741641,0.879976105557215,0.752497403883587,3102,"tags=28%, list=21%, signal=22%","MED15/MED24/MED29/MED13L/MED9/BCAP31/MED25/CDK8/CDK19/MED13/TLR3/JAK1/MED1/EP300/MED12/MED4/HSPG2/MED26/ARIH1/CREBBP/MED16","REACTOME"
"REACTOME_AMYLOID_FIBER_FORMATION","REACTOME_AMYLOID_FIBER_FORMATION",60,-0.265372485527177,-0.842660501518233,0.748815165876777,0.880246927093024,0.752728992561195,2774,"tags=20%, list=19%, signal=16%","H2AC6/H3C10/H2BC9/GGA2/USP9X/H2AX/H2BC11/ADAM10/HSPG2/FURIN/SIAH2/SORL1","REACTOME"
"REACTOME_DEVELOPMENTAL_LINEAGES_OF_THE_MAMMARY_GLAND","REACTOME_DEVELOPMENTAL_LINEAGES_OF_THE_MAMMARY_GLAND",19,-0.31514555085809,-0.800200308676794,0.750865051903114,0.881638549985433,0.75391901648015,1388,"tags=21%, list=9%, signal=19%","ITGB1/CD44/ERBB2/KRT5","REACTOME"
"REACTOME_MEIOSIS","REACTOME_MEIOSIS",73,-0.259395048363894,-0.851984591457368,0.752671755725191,0.882521896605448,0.754674396125225,2774,"tags=41%, list=19%, signal=34%","TOP3A/ACD/HSPA2/LMNB1/FIGNL1/BLM/H3-3A/SYCP2/RPA1/TINF2/H2AZ2/SYCP3/H2AC6/UBE2I/H3C10/H2BC9/TERF2IP/SMC1A/H2AX/H2BC11/STAG1/LMNA/TERF2/SMC3/TERF1/RPA2/RAD21/STAG2/RAD51C/SUN2","REACTOME"
"REACTOME_PHASE_II_CONJUGATION_OF_COMPOUNDS","REACTOME_PHASE_II_CONJUGATION_OF_COMPOUNDS",52,0.244883607972596,0.845270789026121,0.753351206434316,0.882521896605448,0.754674396125225,1604,"tags=15%, list=11%, signal=14%","GSTK1/GSTM2/GSTO1/SULT1A2/GSTZ1/MAT2A/AKR1A1/GSTA4","REACTOME"
"REACTOME_DEGRADATION_OF_THE_EXTRACELLULAR_MATRIX","REACTOME_DEGRADATION_OF_THE_EXTRACELLULAR_MATRIX",72,0.235647062102324,0.860132111829528,0.758620689655172,0.883969620012252,0.755912393496156,2169,"tags=21%, list=15%, signal=18%","CTSK/COL7A1/MMP9/PRSS2/PHYKPL/CTSL/COL5A3/CAPN12/TIMP1/CAPN10/MMP14/CAPN3/COL18A1/COL9A2/MMP17","REACTOME"
"REACTOME_TP53_REGULATES_TRANSCRIPTION_OF_DNA_REPAIR_GENES","REACTOME_TP53_REGULATES_TRANSCRIPTION_OF_DNA_REPAIR_GENES",60,-0.263174146004192,-0.835679921443152,0.756714060031596,0.883969620012252,0.755912393496156,1484,"tags=13%, list=10%, signal=12%","POLR2F/ELL/POLR2A/NELFB/GTF2F1/SUPT16H/MSH2/CTDP1","REACTOME"
"REACTOME_HEDGEHOG_LIGAND_BIOGENESIS","REACTOME_HEDGEHOG_LIGAND_BIOGENESIS",46,-0.273051411166249,-0.834156240367142,0.761980830670926,0.883969620012252,0.755912393496156,3380,"tags=26%, list=23%, signal=20%","PSMD13/SYVN1/PSMD2/PSMB5/OS9/DISP2/PSMD3/PSMB2/SEL1L/VCP/ERLEC1/P4HB","REACTOME"
"REACTOME_TRNA_AMINOACYLATION","REACTOME_TRNA_AMINOACYLATION",42,0.252710447749657,0.833095435042685,0.759259259259259,0.883969620012252,0.755912393496156,4294,"tags=33%, list=29%, signal=24%","SARS2/CARS2/WARS1/MARS1/CARS1/TARS2/AIMP2/PARS2/EEF1E1/TARS1/NARS2/AIMP1/PPA2/RARS1","REACTOME"
"REACTOME_REGULATION_OF_ENDOGENOUS_RETROELEMENTS_BY_THE_HUMAN_SILENCING_HUB_HUSH_COMPLEX","REACTOME_REGULATION_OF_ENDOGENOUS_RETROELEMENTS_BY_THE_HUMAN_SILENCING_HUB_HUSH_COMPLEX",35,0.260702588341411,0.828988638438694,0.762402088772846,0.883969620012252,0.755912393496156,1608,"tags=11%, list=11%, signal=10%","H4C3/H3C1/H2BC5/SETDB1","REACTOME"
"REACTOME_FLT3_SIGNALING_IN_DISEASE","REACTOME_FLT3_SIGNALING_IN_DISEASE",27,-0.300221043684747,-0.824607015541339,0.758454106280193,0.883969620012252,0.755912393496156,2658,"tags=41%, list=18%, signal=33%","UBA52/RPS27A/STAT5B/PTPN11/SOS1/BCL2L1/FLT3/GRB2/PIK3CA/SPTBN1/PIK3R1","REACTOME"
"REACTOME_JNK_C_JUN_KINASES_PHOSPHORYLATION_AND_ACTIVATION_MEDIATED_BY_ACTIVATED_HUMAN_TAK1","REACTOME_JNK_C_JUN_KINASES_PHOSPHORYLATION_AND_ACTIVATION_MEDIATED_BY_ACTIVATED_HUMAN_TAK1",21,0.29154366344454,0.806637835094247,0.762019230769231,0.883969620012252,0.755912393496156,1484,"tags=14%, list=10%, signal=13%","NOD1/UBE2V1/NOD2","REACTOME"
"REACTOME_CHAPERONE_MEDIATED_AUTOPHAGY","REACTOME_CHAPERONE_MEDIATED_AUTOPHAGY",18,-0.313831277358433,-0.783350591474004,0.759515570934256,0.883969620012252,0.755912393496156,4412,"tags=50%, list=30%, signal=35%","PLIN3/UBA52/RPS27A/PCNT/HSP90AB1/LAMP2/EEF1A1/ARL13B/HSPA8","REACTOME"
"REACTOME_TP53_REGULATES_TRANSCRIPTION_OF_GENES_INVOLVED_IN_G2_CELL_CYCLE_ARREST","REACTOME_TP53_REGULATES_TRANSCRIPTION_OF_GENES_INVOLVED_IN_G2_CELL_CYCLE_ARREST",18,-0.313056497439129,-0.781416672353012,0.761245674740484,0.883969620012252,0.755912393496156,2176,"tags=33%, list=15%, signal=28%","SFN/RBL1/PRMT1/RBL2/EP300/TFDP2","REACTOME"
"REACTOME_INTERLEUKIN_7_SIGNALING","REACTOME_INTERLEUKIN_7_SIGNALING",22,0.287571982146645,0.808856037611213,0.763414634146341,0.884136629762202,0.756055209195886,1508,"tags=18%, list=10%, signal=16%","JAK3/H3C1/CISH/HGF","REACTOME"
"REACTOME_MAPK_TARGETS_NUCLEAR_EVENTS_MEDIATED_BY_MAP_KINASES","REACTOME_MAPK_TARGETS_NUCLEAR_EVENTS_MEDIATED_BY_MAP_KINASES",30,0.272700925442157,0.830087441085905,0.764397905759162,0.884230611190444,0.756135575901662,1490,"tags=20%, list=10%, signal=18%","DUSP6/FOS/JUN/MAPK11/RPS6KA5/MEF2C","REACTOME"
"REACTOME_SHC1_EVENTS_IN_ERBB2_SIGNALING","REACTOME_SHC1_EVENTS_IN_ERBB2_SIGNALING",15,-0.323690809558731,-0.768304036811039,0.765232974910394,0.884230611190444,0.756135575901662,4495,"tags=53%, list=30%, signal=37%","PRKCE/PTPN12/PRKCA/NRG2/SOS1/GRB2/SHC1/ERBB2","REACTOME"
"REACTOME_DAG_AND_IP3_SIGNALING","REACTOME_DAG_AND_IP3_SIGNALING",32,-0.284145405791123,-0.807532052769237,0.769480519480519,0.887124766513215,0.758610466245919,2760,"tags=31%, list=19%, signal=25%","ITPR1/PRKCA/ADCY9/ITPR2/CREB1/CALM1/AHCYL1/PRKAR2A/PRKACB/PRKAR1A","REACTOME"
"REACTOME_REPLACEMENT_OF_PROTAMINES_BY_NUCLEOSOMES_IN_THE_MALE_PRONUCLEUS","REACTOME_REPLACEMENT_OF_PROTAMINES_BY_NUCLEOSOMES_IN_THE_MALE_PRONUCLEUS",19,0.292929285112664,0.791036591618293,0.768867924528302,0.887124766513215,0.758610466245919,1269,"tags=11%, list=9%, signal=10%","H4C3/H2BC5","REACTOME"
"REACTOME_SCF_SKP2_MEDIATED_DEGRADATION_OF_P27_P21","REACTOME_SCF_SKP2_MEDIATED_DEGRADATION_OF_P27_P21",49,-0.267254525262446,-0.823176868087893,0.775444264943457,0.89197995673722,0.762762304024073,7,"tags=6%, list=0%, signal=6%","PSMD3/PSMB2/CDKN1B","REACTOME"
"REACTOME_GAP_JUNCTION_TRAFFICKING_AND_REGULATION","REACTOME_GAP_JUNCTION_TRAFFICKING_AND_REGULATION",26,0.276155352536453,0.801432809365052,0.77461139896373,0.89197995673722,0.762762304024073,2525,"tags=19%, list=17%, signal=16%","TUBA1A/TUBB4B/TUBA1B/TUBB2A/TUBB6","REACTOME"
"REACTOME_COOPERATION_OF_PDCL_PHLP1_AND_TRIC_CCT_IN_G_PROTEIN_BETA_FOLDING","REACTOME_COOPERATION_OF_PDCL_PHLP1_AND_TRIC_CCT_IN_G_PROTEIN_BETA_FOLDING",27,-0.292897404829424,-0.804491423691848,0.782608695652174,0.89920502502699,0.768940704888141,3644,"tags=37%, list=25%, signal=28%","CCT4/CCT6A/CSNK2A2/GNB5/CCT3/CSNK2A1/GNB1/PDCL/GNG2/CCT7","REACTOME"
"REACTOME_LAGGING_STRAND_SYNTHESIS","REACTOME_LAGGING_STRAND_SYNTHESIS",20,-0.309958389543274,-0.792084618426524,0.783737024221453,0.899486235239503,0.769181177275431,3362,"tags=40%, list=23%, signal=31%","RPA1/POLA2/RFC2/RFC1/POLA1/PRIM1/RPA2/FEN1","REACTOME"
"REACTOME_NON_INTEGRIN_MEMBRANE_ECM_INTERACTIONS","REACTOME_NON_INTEGRIN_MEMBRANE_ECM_INTERACTIONS",49,-0.264680420242458,-0.815248307453035,0.789983844911147,0.905634633017509,0.774438880679847,4421,"tags=39%, list=30%, signal=27%","COL4A4/SGCB/NTN4/ITGA6/LAMA5/PRKCA/SDC4/SGCD/TRAPPC4/ITGB4/LAMB3/UTRN/TGFB1/ITGB1/LAMA2/PDGFB/DDR1/HSPG2/DAG1","REACTOME"
"REACTOME_GLOBAL_GENOME_NUCLEOTIDE_EXCISION_REPAIR_GG_NER","REACTOME_GLOBAL_GENOME_NUCLEOTIDE_EXCISION_REPAIR_GG_NER",83,-0.249095571212275,-0.834627095245473,0.791793313069909,0.905905617977528,0.774670609107037,3935,"tags=29%, list=27%, signal=21%","LIG3/RAD23B/RPA1/COPS2/ERCC5/GTF2H3/XRCC1/CETN2/ERCC4/RFC2/CUL4B/COPS4/UBE2I/RUVBL1/RFC1/PIAS1/ACTR8/RPA2/PARP1/XPC/RNF111/DDB1/INO80/YY1","REACTOME"
"REACTOME_TRANSCRIPTIONAL_REGULATION_BY_SMALL_RNAS","REACTOME_TRANSCRIPTIONAL_REGULATION_BY_SMALL_RNAS",41,-0.270780228088333,-0.808467854913771,0.792,0.905905617977528,0.774670609107037,4005,"tags=34%, list=27%, signal=25%","H3-3A/RAN/H2AZ2/TNRC6A/AGO1/POLR2B/H2AC6/H3C10/H2BC9/H2AX/H2BC11/POLR2F/AGO2/POLR2A","REACTOME"
"REACTOME_EVASION_BY_RSV_OF_HOST_INTERFERON_RESPONSES","REACTOME_EVASION_BY_RSV_OF_HOST_INTERFERON_RESPONSES",21,0.2810746845133,0.777672449940716,0.795673076923077,0.90908551325218,0.777389845372301,1526,"tags=19%, list=10%, signal=17%","STAT2/TYK2/IRF3/CUL5","REACTOME"
"REACTOME_METABOLISM_OF_STEROID_HORMONES","REACTOME_METABOLISM_OF_STEROID_HORMONES",17,0.291705370228268,0.764049752669058,0.796728971962617,0.90927140522191,0.777548807898376,4164,"tags=41%, list=28%, signal=30%","STAR/STARD4/STARD3NL/CYP17A1/STARD3/TSPOAP1/HSD17B12","REACTOME"
"REACTOME_SIGNALING_BY_INSULIN_RECEPTOR","REACTOME_SIGNALING_BY_INSULIN_RECEPTOR",55,-0.256983414433621,-0.80559080249149,0.798092209856916,0.909807244831288,0.77800702251626,2658,"tags=40%, list=18%, signal=33%","PIK3CB/FGFR4/ATP6V1E1/PTPRF/FGFR1/PTPN11/ATP6V1H/PTPN1/ATP6V0D1/SOS1/ATP6AP1/ATP6V1D/FLT3/GRB2/SHC1/PDPK1/PIK3R4/PIK3CA/FRS2/PDE3B/PIK3R1/MAPK1","REACTOME"
"REACTOME_DEVELOPMENTAL_LINEAGE_OF_PANCREATIC_DUCTAL_CELLS","REACTOME_DEVELOPMENTAL_LINEAGE_OF_PANCREATIC_DUCTAL_CELLS",18,0.281895164938,0.750533517087262,0.799528301886792,0.910424844877802,0.778535153256067,3687,"tags=39%, list=25%, signal=29%","COL5A3/ANXA3/LAMB2/CD74/COL5A2/COL11A2/COL24A1","REACTOME"
"REACTOME_RESPONSE_TO_ELEVATED_PLATELET_CYTOSOLIC_CA2","REACTOME_RESPONSE_TO_ELEVATED_PLATELET_CYTOSOLIC_CA2",102,0.224618152938936,0.857385436143163,0.806349206349206,0.917165912920103,0.784299669098258,1966,"tags=14%, list=13%, signal=12%","SELENOP/TTN/SERPING1/ECM1/LGALS3BP/STXBP2/SERPINA1/PECAM1/NHLRC2/HGF/ANXA5/CFD/TIMP1/SCCPDH","REACTOME"
"REACTOME_COMPLEX_I_BIOGENESIS","REACTOME_COMPLEX_I_BIOGENESIS",67,0.23407349704368,0.842885818499299,0.807909604519774,0.917915153349475,0.784940369992779,3292,"tags=28%, list=22%, signal=22%","SFXN4/NDUFB1/NDUFA11/FOXRED1/NDUFS7/NDUFV1/TMEM126B/NDUFA7/NDUFAF4/NDUFA3/NDUFA10/NDUFS4/HSCB/NDUFB2/TMEM126A/NDUFA9/NDUFA1/COA1/NDUFA8","REACTOME"
"REACTOME_RNA_POLYMERASE_I_TRANSCRIPTION","REACTOME_RNA_POLYMERASE_I_TRANSCRIPTION",73,-0.248137510536058,-0.815009140971477,0.809160305343511,0.91831124954258,0.785279085277338,3604,"tags=29%, list=24%, signal=22%","POLR1A/HDAC1/GTF2H3/H2AZ2/MBD3/EHMT2/RBBP7/MTA3/H2AC6/H3C10/CHD4/H2BC9/POLR1E/H2AX/H2BC11/RBBP4/POLR2F/GATAD2A/ERCC6/GATAD2B/UBTF","REACTOME"
"REACTOME_ION_TRANSPORT_BY_P_TYPE_ATPASES","REACTOME_ION_TRANSPORT_BY_P_TYPE_ATPASES",35,-0.271702178254051,-0.786631083724388,0.812600969305331,0.918675223053813,0.785590331367494,3625,"tags=34%, list=25%, signal=26%","ATP1A1/ATP11B/ATP7A/ATP10A/ATP8B2/ATP1B1/ATP8A1/CALM1/ATP1A3/ATP13A2/ATP8A2/ATP2B4","REACTOME"
"REACTOME_CYCLIN_A_B1_B2_ASSOCIATED_EVENTS_DURING_G2_M_TRANSITION","REACTOME_CYCLIN_A_B1_B2_ASSOCIATED_EVENTS_DURING_G2_M_TRANSITION",31,-0.277008156073922,-0.781989451827873,0.811594202898551,0.918675223053813,0.785590331367494,427,"tags=13%, list=3%, signal=13%","XPO1/PPP2R1A/PPME1/WEE1","REACTOME"
"REACTOME_ACTIVATION_OF_THE_PRE_REPLICATIVE_COMPLEX","REACTOME_ACTIVATION_OF_THE_PRE_REPLICATIVE_COMPLEX",32,-0.273349051600865,-0.776849163361227,0.813311688311688,0.918675223053813,0.785590331367494,1988,"tags=16%, list=13%, signal=14%","POLA1/PRIM1/MCM5/RPA2/MCM3","REACTOME"
"REACTOME_TELOMERE_EXTENSION_BY_TELOMERASE","REACTOME_TELOMERE_EXTENSION_BY_TELOMERASE",21,-0.289954427814179,-0.750074524883566,0.813993174061433,0.918675223053813,0.785590331367494,2825,"tags=52%, list=19%, signal=42%","DKC1/ACD/TINF2/WRAP53/RUVBL1/SHQ1/TERF2IP/PPP6C/TERF2/TERF1/RUVBL2","REACTOME"
"REACTOME_THROMBOXANE_SIGNALLING_THROUGH_TP_RECEPTOR","REACTOME_THROMBOXANE_SIGNALLING_THROUGH_TP_RECEPTOR",15,-0.308279226516095,-0.731723506515948,0.811827956989247,0.918675223053813,0.785590331367494,3084,"tags=33%, list=21%, signal=26%","GNB5/GNA13/GNB1/TBXA2R/GNG2","REACTOME"
"REACTOME_NEGATIVE_REGULATION_OF_NOTCH4_SIGNALING","REACTOME_NEGATIVE_REGULATION_OF_NOTCH4_SIGNALING",44,0.241610846398644,0.802466872010833,0.815508021390374,0.91936563208793,0.786180723541225,5055,"tags=39%, list=34%, signal=26%","PSMA3/NOTCH4/PSMC6/PSMB3/PSMA5/PSMA4/PSMB4/TACC3/PSMC2/PSMA1/PSMC1/PSMA7/PSMA2/PSMB1/RBX1/PSMD14/PSMD12","REACTOME"
"REACTOME_TRANSCRIPTION_COUPLED_NUCLEOTIDE_EXCISION_REPAIR_TC_NER","REACTOME_TRANSCRIPTION_COUPLED_NUCLEOTIDE_EXCISION_REPAIR_TC_NER",75,-0.246576794910976,-0.812271208850774,0.817073170731707,0.920111159076192,0.786818248946346,4475,"tags=40%, list=30%, signal=28%","XAB2/CUL4A/POLE3/UBA52/RPS27A/LIG3/RPA1/ERCC8/COPS2/ERCC5/GTF2H3/XRCC1/ERCC4/RFC2/CUL4B/COPS4/PPIE/POLR2B/RFC1/PRPF19/ZNF830/AQR/POLR2F/RPA2/ELL/ERCC6/POLR2A/USP7/DDB1/ISY1","REACTOME"
"REACTOME_REGULATION_OF_PLK1_ACTIVITY_AT_G2_M_TRANSITION","REACTOME_REGULATION_OF_PLK1_ACTIVITY_AT_G2_M_TRANSITION",87,0.222426998960205,0.834179411852096,0.823529411764706,0.924622765709656,0.790676276746857,1720,"tags=15%, list=12%, signal=13%","TUBA1A/HAUS3/SFI1/HAUS5/CCNB2/CDK1/YWHAE/CEP135/TUBG1/CEP43/TUBB4B/SDCCAG8/CEP290","REACTOME"
"REACTOME_SENESCENCE_ASSOCIATED_SECRETORY_PHENOTYPE_SASP","REACTOME_SENESCENCE_ASSOCIATED_SECRETORY_PHENOTYPE_SASP",72,0.226535049447338,0.826872479317974,0.824712643678161,0.924622765709656,0.790676276746857,1629,"tags=17%, list=11%, signal=15%","H4C3/FOS/JUN/H3C1/ANAPC15/UBE2E1/H2BC5/ANAPC2/ANAPC4/CDC16/CDKN1A/ANAPC7","REACTOME"
"REACTOME_TRANSPORT_OF_MATURE_TRANSCRIPT_TO_CYTOPLASM","REACTOME_TRANSPORT_OF_MATURE_TRANSCRIPT_TO_CYTOPLASM",81,-0.246016481043687,-0.818402453965072,0.823889739663093,0.924622765709656,0.790676276746857,3330,"tags=28%, list=23%, signal=22%","U2AF2/RNPS1/POLDIP3/NUP35/EIF4A3/NUP205/CASC3/NUP98/NUP133/RANBP2/SLBP/SRSF4/NDC1/FIP1L1/WDR33/FYTTD1/POM121/NUP210/NUP160/RBM8A/NUP62/NUP188/POM121C","REACTOME"
"REACTOME_MITOCHONDRIAL_TRNA_AMINOACYLATION","REACTOME_MITOCHONDRIAL_TRNA_AMINOACYLATION",21,0.274148376038803,0.75850886254851,0.824519230769231,0.924622765709656,0.790676276746857,834,"tags=10%, list=6%, signal=9%","SARS2/CARS2","REACTOME"
"REACTOME_MUSCLE_CONTRACTION","REACTOME_MUSCLE_CONTRACTION",111,-0.235833819104347,-0.823779912429941,0.828193832599119,0.926381098775127,0.792179886968287,1861,"tags=14%, list=13%, signal=12%","SORBS3/PXN/TLN1/RYR2/TMOD3/AHCYL1/HIPK2/ATP1A3/WWTR1/STIM1/ORAI1/ATP2B4/VCL/SORBS1/CACNA2D2","REACTOME"
"REACTOME_CRISTAE_FORMATION","REACTOME_CRISTAE_FORMATION",33,0.253166122777444,0.794675985308362,0.831578947368421,0.926381098775127,0.792179886968287,4847,"tags=42%, list=33%, signal=29%","DMAC2L/MTX1/ATP5MC1/ATP5MF/ATP5PF/MICOS10/ATP5PD/APOOL/ATP5MJ/ATP5PO/ATP5ME/ATP5MG/ATP5MK/ATP5F1E","REACTOME"
"REACTOME_AGGREPHAGY","REACTOME_AGGREPHAGY",34,0.250820109278649,0.791921865453369,0.832020997375328,0.926381098775127,0.792179886968287,2064,"tags=21%, list=14%, signal=18%","TUBA1A/HDAC6/UBE2V1/TUBB4B/TUBA1B/DYNC1LI2/TUBB2A","REACTOME"
"REACTOME_SIGNALING_BY_NOTCH4","REACTOME_SIGNALING_BY_NOTCH4",69,-0.243203405422813,-0.79186582269425,0.833841463414634,0.926381098775127,0.792179886968287,2418,"tags=17%, list=16%, signal=15%","MAML2/YWHAZ/MAMLD1/PSMD3/PSMB2/SNW1/EP300/SMAD3/ADAM10/HEY2/MAML1/CREBBP","REACTOME"
"REACTOME_FCERI_MEDIATED_MAPK_ACTIVATION","REACTOME_FCERI_MEDIATED_MAPK_ACTIVATION",38,-0.265137504812571,-0.783145525799042,0.832802547770701,0.926381098775127,0.792179886968287,2658,"tags=26%, list=18%, signal=22%","SOS1/MAPK8/GRB2/SHC1/MAP2K4/RAC1/FCER1A/VAV3/IGLV2-14/MAPK1","REACTOME"
"REACTOME_AQUAPORIN_MEDIATED_TRANSPORT","REACTOME_AQUAPORIN_MEDIATED_TRANSPORT",30,-0.275910927247306,-0.772762970708985,0.829032258064516,0.926381098775127,0.792179886968287,1882,"tags=20%, list=13%, signal=17%","GNB1/GNG2/AQP3/PRKAR2A/PRKACB/PRKAR1A","REACTOME"
"REACTOME_ERK_MAPK_TARGETS","REACTOME_ERK_MAPK_TARGETS",22,-0.282213438415355,-0.737467207220225,0.831081081081081,0.926381098775127,0.792179886968287,3645,"tags=41%, list=25%, signal=31%","PPP2CB/RPS6KA1/RPS6KA3/MAPK14/PPP2R1A/PPP2R5D/DUSP7/ELK1/MAPK1","REACTOME"
"REACTOME_SIGNALING_BY_EGFR_IN_CANCER","REACTOME_SIGNALING_BY_EGFR_IN_CANCER",21,-0.282847397441835,-0.731689558425025,0.834470989761092,0.926381098775127,0.792179886968287,2658,"tags=24%, list=18%, signal=20%","SOS1/GRB2/SHC1/PIK3CA/PIK3R1","REACTOME"
"REACTOME_SYNTHESIS_OF_PIPS_AT_THE_EARLY_ENDOSOME_MEMBRANE","REACTOME_SYNTHESIS_OF_PIPS_AT_THE_EARLY_ENDOSOME_MEMBRANE",16,-0.293214083408197,-0.715060683589589,0.831597222222222,0.926381098775127,0.792179886968287,1974,"tags=38%, list=13%, signal=33%","INPP4B/MTMR12/MTM1/INPP4A/PIK3R4/PI4K2A","REACTOME"
"REACTOME_DISEASES_ASSOCIATED_WITH_N_GLYCOSYLATION_OF_PROTEINS","REACTOME_DISEASES_ASSOCIATED_WITH_N_GLYCOSYLATION_OF_PROTEINS",20,0.27148043163747,0.744544000361242,0.837264150943396,0.928469396144202,0.79396566085333,1809,"tags=20%, list=12%, signal=18%","ALG13/ALG9/MPDU1/ALG6","REACTOME"
"REACTOME_COBALAMIN_CBL_VITAMIN_B12_TRANSPORT_AND_METABOLISM","REACTOME_COBALAMIN_CBL_VITAMIN_B12_TRANSPORT_AND_METABOLISM",16,-0.289552994797799,-0.706132393058644,0.838541666666667,0.928874229234675,0.794311847355058,719,"tags=19%, list=5%, signal=18%","LMBRD1/LDLRAP1/CD320","REACTOME"
"REACTOME_SEMA4D_INDUCED_CELL_MIGRATION_AND_GROWTH_CONE_COLLAPSE","REACTOME_SEMA4D_INDUCED_CELL_MIGRATION_AND_GROWTH_CONE_COLLAPSE",19,-0.287764953118987,-0.730676995709411,0.846020761245675,0.936140364074018,0.800525365618047,1236,"tags=37%, list=8%, signal=34%","LIMK1/RND1/MYH10/ARHGEF12/SEMA4D/ERBB2/MYH9","REACTOME"
"REACTOME_PEROXISOMAL_PROTEIN_IMPORT","REACTOME_PEROXISOMAL_PROTEIN_IMPORT",56,-0.246049624970147,-0.775408414127893,0.853543307086614,0.939612442631311,0.803494457714914,4163,"tags=38%, list=28%, signal=27%","UBA52/ACOX3/AGPS/RPS27A/PEX12/CAT/ACOT4/HACL1/PECR/UBE2D1/UBE2D2/PEX13/PHYH/PEX14/AMACR/USP9X/NUDT19/LONP2/ZFAND6/HSD17B4/PEX5","REACTOME"
"REACTOME_MRNA_CAPPING","REACTOME_MRNA_CAPPING",28,0.258936548143705,0.768052450417123,0.851174934725849,0.939612442631311,0.803494457714914,2019,"tags=18%, list=14%, signal=15%","NCBP2/CCNH/POLR2H/POLR2G/ERCC3","REACTOME"
"REACTOME_FORMATION_OF_PARAXIAL_MESODERM","REACTOME_FORMATION_OF_PARAXIAL_MESODERM",51,-0.248006309716163,-0.767760251003868,0.850722311396469,0.939612442631311,0.803494457714914,3380,"tags=27%, list=23%, signal=21%","PSMD13/PSMD2/EPHA4/PSMB5/MAML2/MAMLD1/PSMD3/PSMB2/SNW1/EP300/CTNNB1/LEF1/MAML1/CREBBP","REACTOME"
"REACTOME_RHO_GTPASES_ACTIVATE_ROCKS","REACTOME_RHO_GTPASES_ACTIVATE_ROCKS",18,0.268440401653946,0.714710799761199,0.85377358490566,0.939612442631311,0.803494457714914,3347,"tags=39%, list=23%, signal=30%","MYH11/MYL9/MYL6/RHOC/PAK1/RHOB/LIMK2","REACTOME"
"REACTOME_ACYL_CHAIN_REMODELLING_OF_PC","REACTOME_ACYL_CHAIN_REMODELLING_OF_PC",16,-0.281471221416995,-0.686423386140826,0.852430555555556,0.939612442631311,0.803494457714914,520,"tags=12%, list=4%, signal=12%","PLAAT3/LPCAT1","REACTOME"
"REACTOME_ASSEMBLY_OF_THE_ORC_COMPLEX_AT_THE_ORIGIN_OF_REPLICATION","REACTOME_ASSEMBLY_OF_THE_ORC_COMPLEX_AT_THE_ORIGIN_OF_REPLICATION",33,0.249776453652082,0.784035980940815,0.855263157894737,0.939776782009792,0.803634989889461,1269,"tags=9%, list=9%, signal=8%","H4C3/H3C1/H2BC5","REACTOME"
"REACTOME_LAMININ_INTERACTIONS","REACTOME_LAMININ_INTERACTIONS",21,0.261838229991913,0.724449368887635,0.855769230769231,0.939776782009792,0.803634989889461,2280,"tags=24%, list=15%, signal=20%","COL7A1/ITGA7/COL18A1/LAMB2/NID2","REACTOME"
"REACTOME_GASTRULATION","REACTOME_GASTRULATION",71,0.222307499929046,0.804717519329465,0.860869565217391,0.942285425059108,0.805780215617705,2553,"tags=23%, list=17%, signal=19%","TCF7L1/PSMA3/OCLN/TBX6/PAX8/TEAD2/RBPJ/PSMC6/KAT2A/TCF7L2/HES7/PSMB3/PSMA5/PSMA4/PSMB4/SNAI1","REACTOME"
"REACTOME_SMOOTH_MUSCLE_CONTRACTION","REACTOME_SMOOTH_MUSCLE_CONTRACTION",34,-0.259637351931589,-0.75385955783532,0.859903381642512,0.942285425059108,0.805780215617705,2332,"tags=21%, list=16%, signal=17%","PDE5A/CALM1/SORBS3/PXN/TLN1/VCL/SORBS1","REACTOME"
"REACTOME_RECOGNITION_AND_ASSOCIATION_OF_DNA_GLYCOSYLASE_WITH_SITE_CONTAINING_AN_AFFECTED_PURINE","REACTOME_RECOGNITION_AND_ASSOCIATION_OF_DNA_GLYCOSYLASE_WITH_SITE_CONTAINING_AN_AFFECTED_PURINE",28,-0.266647227677628,-0.73760354134314,0.862681744749596,0.942285425059108,0.805780215617705,2774,"tags=36%, list=19%, signal=29%","ACD/TINF2/H2AZ2/H2AC6/H2BC9/TERF2IP/H2AX/H2BC11/TERF2/TERF1","REACTOME"
"REACTOME_METALLOPROTEASE_DUBS","REACTOME_METALLOPROTEASE_DUBS",25,-0.272168162889887,-0.737016277927651,0.861337683523654,0.942285425059108,0.805780215617705,3381,"tags=32%, list=23%, signal=25%","UBA52/RPS27A/BRCC3/ABRAXAS2/H2AC6/STAM/EP300/UIMC1","REACTOME"
"REACTOME_CYTOSOLIC_TRNA_AMINOACYLATION","REACTOME_CYTOSOLIC_TRNA_AMINOACYLATION",24,0.253757543637625,0.734969009812783,0.862068965517241,0.942285425059108,0.805780215617705,4294,"tags=33%, list=29%, signal=24%","WARS1/MARS1/CARS1/AIMP2/EEF1E1/TARS1/AIMP1/RARS1","REACTOME"
"REACTOME_DEPOSITION_OF_NEW_CENPA_CONTAINING_NUCLEOSOMES_AT_THE_CENTROMERE","REACTOME_DEPOSITION_OF_NEW_CENPA_CONTAINING_NUCLEOSOMES_AT_THE_CENTROMERE",45,0.234419288399863,0.782215177950839,0.865079365079365,0.943113985821764,0.806488746018611,1274,"tags=11%, list=9%, signal=10%","H4C3/KNL1/CENPT/H2BC5/MIS18BP1","REACTOME"
"REACTOME_G_ALPHA_12_13_SIGNALLING_EVENTS","REACTOME_G_ALPHA_12_13_SIGNALLING_EVENTS",61,-0.237719228906784,-0.755543519639515,0.865293185419968,0.943113985821764,0.806488746018611,3101,"tags=28%, list=21%, signal=22%","KALRN/GNB5/ARHGEF12/SOS1/PREX1/ARHGEF3/GNA13/ARHGEF2/GNB1/TBXA2R/GNG2/AKAP13/ARHGEF7/VAV3/GNA12/FGD3/SOS2","REACTOME"
"REACTOME_DUAL_INCISION_IN_GG_NER","REACTOME_DUAL_INCISION_IN_GG_NER",40,0.237957438148257,0.776882199932112,0.868073878627968,0.944507178021827,0.80768011190575,969,"tags=10%, list=7%, signal=9%","ERCC1/POLD4/DDB2/PARP2","REACTOME"
"REACTOME_ENDOSOMAL_SORTING_COMPLEX_REQUIRED_FOR_TRANSPORT_ESCRT","REACTOME_ENDOSOMAL_SORTING_COMPLEX_REQUIRED_FOR_TRANSPORT_ESCRT",30,-0.262938633470419,-0.736430563087624,0.869354838709677,0.944507178021827,0.80768011190575,2535,"tags=27%, list=17%, signal=22%","CHMP2B/CHMP4B/VPS4B/STAM/VPS37B/UBAP1/MVB12B/CHMP7","REACTOME"
"REACTOME_ACTIVATED_NOTCH1_TRANSMITS_SIGNAL_TO_THE_NUCLEUS","REACTOME_ACTIVATED_NOTCH1_TRANSMITS_SIGNAL_TO_THE_NUCLEUS",27,0.250468002793441,0.735899461180897,0.868766404199475,0.944507178021827,0.80768011190575,1062,"tags=11%, list=7%, signal=10%","MIB2/APH1B/ARRB2","REACTOME"
"REACTOME_REGULATION_OF_APOPTOSIS","REACTOME_REGULATION_OF_APOPTOSIS",40,0.236222425570059,0.771217739938133,0.87335092348285,0.94783714296966,0.810527677836737,2411,"tags=18%, list=16%, signal=15%","PSMA3/PSMC6/OMA1/PSMB3/PSMA5/PSMA4/PSMB4","REACTOME"
"REACTOME_TRNA_PROCESSING","REACTOME_TRNA_PROCESSING",110,-0.226888633535937,-0.791815144650534,0.881924198250729,0.950051675999198,0.812421400115124,3052,"tags=21%, list=21%, signal=17%","NUP35/NUP205/TRMT61B/THADA/NUP98/POP7/NUP133/PUS7/DDX1/RANBP2/EPRS1/NDC1/RPP40/RTCB/POM121/NUP210/NUP160/CDKAL1/NUP62/NUP188/CTU1/TP53RK/POM121C","REACTOME"
"REACTOME_PROCESSING_OF_DNA_DOUBLE_STRAND_BREAK_ENDS","REACTOME_PROCESSING_OF_DNA_DOUBLE_STRAND_BREAK_ENDS",76,0.214029545253883,0.785869694957549,0.880813953488372,0.950051675999198,0.812421400115124,1867,"tags=13%, list=13%, signal=12%","RBBP8/H4C3/ATRIP/MDC1/H2BC5/SIRT6/RMI1/DNA2/MRE11/RAD9A","REACTOME"
"REACTOME_P75_NTR_RECEPTOR_MEDIATED_SIGNALLING","REACTOME_P75_NTR_RECEPTOR_MEDIATED_SIGNALLING",86,-0.231517149541453,-0.781354641147438,0.881913303437967,0.950051675999198,0.812421400115124,2658,"tags=26%, list=18%, signal=21%","KALRN/NGFR/ARHGEF12/SOS1/PREX1/TRAF6/MAPK8/ARHGEF3/GNA13/AATF/ARHGEF2/MAGED1/AKAP13/BCL2L11/ARHGEF7/RAC1/RELA/VAV3/FGD3/SOS2/PRKCI/SQSTM1","REACTOME"
"REACTOME_DISEASES_OF_DNA_REPAIR","REACTOME_DISEASES_OF_DNA_REPAIR",50,0.224321563728249,0.776109372757054,0.879177377892031,0.950051675999198,0.812421400115124,4198,"tags=38%, list=28%, signal=27%","RBBP8/RAD51D/ATRIP/RMI1/DNA2/MRE11/RAD9A/RAD9B/RAD51AP1/RFC4/MUTYH/RPA3/BARD1/RFC3/OGG1/EXO1/TOPBP1/XRCC2/ATR","REACTOME"
"REACTOME_ACTIVATION_OF_NMDA_RECEPTORS_AND_POSTSYNAPTIC_EVENTS","REACTOME_ACTIVATION_OF_NMDA_RECEPTORS_AND_POSTSYNAPTIC_EVENTS",67,-0.232344754470362,-0.751150359337789,0.881172839506173,0.950051675999198,0.812421400115124,2493,"tags=25%, list=17%, signal=21%","GIT1/RPS6KA1/RPS6KA3/PRKAA1/DLG2/CREB1/TUBB4A/CALM1/MAPT/PDPK1/ARHGEF7/RAC1/PRKAR2A/PRKACB/PRKAG2/PRKAR1A/MAPK1","REACTOME"
"REACTOME_NOTCH3_ACTIVATION_AND_TRANSMISSION_OF_SIGNAL_TO_THE_NUCLEUS","REACTOME_NOTCH3_ACTIVATION_AND_TRANSMISSION_OF_SIGNAL_TO_THE_NUCLEUS",23,0.252685307651116,0.718826821125866,0.880893300248139,0.950051675999198,0.812421400115124,852,"tags=9%, list=6%, signal=8%","MIB2/APH1B","REACTOME"
"REACTOME_ACYL_CHAIN_REMODELLING_OF_PE","REACTOME_ACYL_CHAIN_REMODELLING_OF_PE",18,-0.272990340838415,-0.681408006118597,0.877162629757785,0.950051675999198,0.812421400115124,408,"tags=39%, list=3%, signal=38%","MBOAT2/LPCAT3/PNPLA8/PLAAT5/PLAAT4/PLAAT3/ABHD4","REACTOME"
"REACTOME_SYNTHESIS_OF_DNA","REACTOME_SYNTHESIS_OF_DNA",106,0.209259256740669,0.80351404326317,0.8875,0.955047568710359,0.816693557360632,2494,"tags=16%, list=17%, signal=13%","POLD4/PSMA3/ANAPC15/UBE2E1/ANAPC2/ANAPC4/CDC16/DNA2/PSMC6/ANAPC7/CDC45/ANAPC5/PSMB3/PSMA5/PSMA4/PSMB4/CCNA2","REACTOME"
"REACTOME_DNA_DOUBLE_STRAND_BREAK_REPAIR","REACTOME_DNA_DOUBLE_STRAND_BREAK_REPAIR",143,0.207856327767269,0.832759463515325,0.89041095890411,0.957042166694065,0.818399205724322,1867,"tags=14%, list=13%, signal=12%","MUS81/RBBP8/RAD51D/H4C3/ERCC1/POLD4/ATRIP/MDC1/PARP2/CHEK2/H2BC5/SIRT6/RMI1/DNA2/FIRRM/DCLRE1C/RTEL1/EME2/MRE11/RAD9A","REACTOME"
"REACTOME_CHOLESTEROL_BIOSYNTHESIS","REACTOME_CHOLESTEROL_BIOSYNTHESIS",26,-0.258788711063723,-0.705263428122721,0.891233766233766,0.957042166694065,0.818399205724322,3805,"tags=27%, list=26%, signal=20%","MVD/PMVK/DHCR7/LBR/FDFT1/NSDHL/SREBF2","REACTOME"
"REACTOME_DUAL_INCISION_IN_TC_NER","REACTOME_DUAL_INCISION_IN_TC_NER",62,-0.231115480629823,-0.73675464290266,0.892575039494471,0.957472487044648,0.818767187246328,4475,"tags=40%, list=30%, signal=28%","XAB2/CUL4A/POLE3/UBA52/RPS27A/RPA1/ERCC8/ERCC5/GTF2H3/ERCC4/RFC2/CUL4B/PPIE/POLR2B/RFC1/PRPF19/ZNF830/AQR/POLR2F/RPA2/ERCC6/POLR2A/USP7/DDB1/ISY1","REACTOME"
"REACTOME_AMPK_INDUCED_ERAD_AND_LYSOSOME_MEDIATED_DEGRADATION_OF_PD_L1_CD274","REACTOME_AMPK_INDUCED_ERAD_AND_LYSOSOME_MEDIATED_DEGRADATION_OF_PD_L1_CD274",53,-0.239429331335966,-0.74924029225076,0.893650793650794,0.957617376775271,0.818891087367542,3380,"tags=25%, list=23%, signal=19%","PSMD13/PSMD2/DERL1/PRKAA1/PSMB5/OS9/PSMD3/RNF5/PSMB2/SEL1L/VCP/ERLEC1/PRKAG2","REACTOME"
"REACTOME_BASE_EXCISION_REPAIR","REACTOME_BASE_EXCISION_REPAIR",63,-0.228903541246454,-0.730874667376641,0.895071542130366,0.958131261712631,0.819330527800999,3935,"tags=33%, list=27%, signal=25%","LIG3/RPA1/TINF2/NTHL1/XRCC1/PARG/H2AZ2/RFC2/NEIL2/H2AC6/H2BC9/TERF2IP/RFC1/H2AX/H2BC11/TERF2/TERF1/RPA2/PARP1/FEN1/UNG","REACTOME"
"REACTOME_SARS_COV_2_ACTIVATES_MODULATES_INNATE_AND_ADAPTIVE_IMMUNE_RESPONSES","REACTOME_SARS_COV_2_ACTIVATES_MODULATES_INNATE_AND_ADAPTIVE_IMMUNE_RESPONSES",108,-0.223118092021547,-0.778287504518928,0.896501457725947,0.95865386971115,0.819777427619813,2715,"tags=21%, list=18%, signal=18%","SAR1B/NUP35/NUP205/NUP98/NUP133/TRAF6/TAB2/RANBP2/TOMM70/JAK1/NDC1/IL17RA/PIK3R4/SEC24B/POM121/NUP210/NUP160/SEC24D/NUP62/NUP188/CNBP/CREBBP/POM121C","REACTOME"
"REACTOME_RNA_POLYMERASE_II_TRANSCRIBES_SNRNA_GENES","REACTOME_RNA_POLYMERASE_II_TRANSCRIBES_SNRNA_GENES",75,-0.229806190811841,-0.757025625544037,0.899390243902439,0.960733754766719,0.821556007850353,2834,"tags=21%, list=19%, signal=17%","POLR2B/GTF2E1/RPRD1B/TAF5/ICE1/INTS9/POLR2F/INTS8/POU2F1/ELL/SP1/POLR2A/SNAPC1/GTF2F1/PHAX/RPRD2","REACTOME"
"REACTOME_CHEMOKINE_RECEPTORS_BIND_CHEMOKINES","REACTOME_CHEMOKINE_RECEPTORS_BIND_CHEMOKINES",32,0.241868021416477,0.75049947040424,0.904145077720207,0.961776059685654,0.822447318126394,470,"tags=6%, list=3%, signal=6%","CCRL2/CXCL10","REACTOME"
"REACTOME_COMPLEX_III_ASSEMBLY","REACTOME_COMPLEX_III_ASSEMBLY",26,0.242564230383148,0.703947726603548,0.904145077720207,0.961776059685654,0.822447318126394,1155,"tags=12%, list=8%, signal=11%","UQCC2/UQCC1/UQCRQ","REACTOME"
"REACTOME_EGFR_DOWNREGULATION","REACTOME_EGFR_DOWNREGULATION",23,-0.263793005264451,-0.695809897119973,0.901502504173623,0.961776059685654,0.822447318126394,4336,"tags=39%, list=29%, signal=28%","UBA52/PTPN12/RPS27A/CDC42/EPS15L1/GRB2/STAM/ARHGEF7/SH3KBP1","REACTOME"
"REACTOME_EARLY_SARS_COV_2_INFECTION_EVENTS","REACTOME_EARLY_SARS_COV_2_INFECTION_EVENTS",28,-0.248934985670027,-0.688607673117847,0.903069466882068,0.961776059685654,0.822447318126394,3964,"tags=39%, list=27%, signal=29%","CHMP6/SDC4/RB1/CHMP2B/VHL/CHMP4B/PIK3R4/CHMP7/VCP/HSPG2/FURIN","REACTOME"
"REACTOME_ACTIVATION_OF_ATR_IN_RESPONSE_TO_REPLICATION_STRESS","REACTOME_ACTIVATION_OF_ATR_IN_RESPONSE_TO_REPLICATION_STRESS",37,0.2267497842909,0.731569143942577,0.910526315789474,0.966544097469952,0.826524628898408,4994,"tags=38%, list=34%, signal=25%","CDC7/ATRIP/CDC45/RAD9A/RAD9B/RFC4/RPA3/RFC3/ORC1/ATR/ORC2/CLSPN/ORC6/RAD17","REACTOME"
"REACTOME_BBSOME_MEDIATED_CARGO_TARGETING_TO_CILIUM","REACTOME_BBSOME_MEDIATED_CARGO_TARGETING_TO_CILIUM",20,0.23804895403173,0.652857074992699,0.910377358490566,0.966544097469952,0.826524628898408,4703,"tags=40%, list=32%, signal=27%","BBS1/LZTFL1/BBS2/BBS4/BBS7/CCT8/BBIP1/BBS12","REACTOME"
"REACTOME_ANTIMICROBIAL_MECHANISM_OF_IFN_STIMULATED_GENES","REACTOME_ANTIMICROBIAL_MECHANISM_OF_IFN_STIMULATED_GENES",157,-0.220854937447459,-0.798860131557963,0.911806543385491,0.966894855381697,0.826824573881361,3088,"tags=25%, list=21%, signal=20%","HSPA1L/NUP35/EIF4A3/STAT3/NUP205/PPM1B/UBE2I/NUP98/EIF4E3/NUP133/HSPA1A/KPNA3/PPP2R1A/TUBB4A/MAPT/FLNA/RANBP2/KPNA1/HSPA1B/JAK1/NDC1/EIF4G1/KPNA4/DNAJC3/NCK1/HSPA8/POM121/FURIN/FNTB/PPP2R5A/NUP210/NUP160/FANCF/ARIH1/NUP62/MAP2K6/DHX9/NUP188/NEDD4/POM121C","REACTOME"
"REACTOME_UBIQUITIN_DEPENDENT_DEGRADATION_OF_CYCLIN_D","REACTOME_UBIQUITIN_DEPENDENT_DEGRADATION_OF_CYCLIN_D",39,0.231523717349767,0.747150755243007,0.913978494623656,0.96815145751316,0.827899136969686,2411,"tags=18%, list=16%, signal=15%","PSMA3/CCND1/PSMC6/PSMB3/PSMA5/PSMA4/PSMB4","REACTOME"
"REACTOME_ABC_FAMILY_PROTEINS_MEDIATED_TRANSPORT","REACTOME_ABC_FAMILY_PROTEINS_MEDIATED_TRANSPORT",76,-0.22346710489318,-0.73853794252955,0.914893617021277,0.96815145751316,0.827899136969686,3412,"tags=22%, list=23%, signal=17%","ABCC5/PSMD13/PSMD2/DERL1/PSMB5/ABCG1/OS9/PSMD3/RNF5/PSMB2/ABCF1/SEL1L/ABCB1/VCP/ABCA3/ERLEC1/PEX19","REACTOME"
"REACTOME_ACTIVATED_TAK1_MEDIATES_P38_MAPK_ACTIVATION","REACTOME_ACTIVATED_TAK1_MEDIATES_P38_MAPK_ACTIVATION",23,-0.25819770164603,-0.681051099284582,0.918196994991653,0.970638152545693,0.83002559420462,3423,"tags=30%, list=23%, signal=23%","IRAK2/MAPK14/TRAF6/TAB2/MAPKAPK2/MAP2K3/MAP2K6","REACTOME"
"REACTOME_SEALING_OF_THE_NUCLEAR_ENVELOPE_NE_BY_ESCRT_III","REACTOME_SEALING_OF_THE_NUCLEAR_ENVELOPE_NE_BY_ESCRT_III",25,0.238710593072566,0.684010371225813,0.920308483290488,0.971861033184354,0.831071320901107,2887,"tags=24%, list=20%, signal=19%","TUBA1A/TUBB4B/TUBA1B/TUBB2A/TUBB6/CHMP4A","REACTOME"
"REACTOME_CLEC7A_DECTIN_1_SIGNALING","REACTOME_CLEC7A_DECTIN_1_SIGNALING",85,-0.221011560193963,-0.745496025682419,0.926756352765321,0.977655924471603,0.836026728919466,3454,"tags=27%, list=23%, signal=21%","NFATC1/PSMD13/PSMD2/PSMB5/UBE2D1/UBE2D2/ITPR2/TRAF6/TAB2/CARD11/CALM1/PSMD3/PSMB2/PDPK1/PPP3CA/BTRC/UBE2M/AHCYL1/RELA/PPP3R1/FBXW11/NFATC3/NFATC2","REACTOME"
"REACTOME_SYNTHESIS_OF_PC","REACTOME_SYNTHESIS_OF_PC",22,-0.253634755765646,-0.662786705122039,0.929054054054054,0.979065245369593,0.837231887003054,3103,"tags=27%, list=21%, signal=22%","CSNK2A2/STARD10/SLC44A2/CSNK2A1/STARD7/LPCAT1","REACTOME"
"REACTOME_CELLULAR_RESPONSE_TO_HYPOXIA","REACTOME_CELLULAR_RESPONSE_TO_HYPOXIA",59,-0.223783540835743,-0.70777749239931,0.931637519872814,0.980772487311815,0.838691807472723,3380,"tags=24%, list=23%, signal=18%","PSMD13/PSMD2/PSMB5/UBE2D1/UBE2D2/CUL2/VHL/PSMD3/PSMB2/EP300/EPAS1/HIF1AN/EGLN1/CREBBP","REACTOME"
"REACTOME_GLYCEROPHOSPHOLIPID_BIOSYNTHESIS","REACTOME_GLYCEROPHOSPHOLIPID_BIOSYNTHESIS",100,-0.215475872880055,-0.747690154630787,0.934687953555878,0.98296728999988,0.84056865766715,3508,"tags=23%, list=24%, signal=18%","MIGA1/PLAAT3/PLD3/CRLS1/CSNK2A2/PCYT2/GPAT2/STARD10/OSBPL8/CPNE3/SLC44A2/AGPAT4/CSNK2A1/LCLAT1/HADHA/ETNK2/GPD2/PGP/CDIPT/CDS2/STARD7/LPCAT1/ABHD4","REACTOME"
"REACTOME_MITOCHONDRIAL_TRANSLATION_ELONGATION","REACTOME_MITOCHONDRIAL_TRANSLATION_ELONGATION",88,-0.217683134881564,-0.738757966237565,0.937406855439642,0.984809266086229,0.84214379387169,4256,"tags=28%, list=29%, signal=20%","MRPS30/TUFM/MRPS12/MRPL19/MRPS27/MRPS2/MRPL50/MRPS17/MRPL30/MRPL17/MRPS23/MRPL12/AURKAIP1/MRPL36/GFM1/MRPS26/MRPL34/TSFM/MRPS34/MRPL47/GADD45GIP1/MRPL10/MRPL49/MRPL46/MRPS31","REACTOME"
"REACTOME_ABC_TRANSPORTER_DISORDERS","REACTOME_ABC_TRANSPORTER_DISORDERS",56,-0.222759977437418,-0.702012697060076,0.940157480314961,0.986680737072814,0.843744152165461,3380,"tags=23%, list=23%, signal=18%","PSMD13/PSMD2/DERL1/PSMB5/OS9/LMBRD1/PSMD3/RNF5/PSMB2/SEL1L/VCP/ABCA3/ERLEC1","REACTOME"
"REACTOME_INTRINSIC_PATHWAY_OF_FIBRIN_CLOT_FORMATION","REACTOME_INTRINSIC_PATHWAY_OF_FIBRIN_CLOT_FORMATION",16,0.243902203755334,0.625871114648726,0.943661971830986,0.989338709911373,0.846017074859586,340,"tags=6%, list=2%, signal=6%","SERPING1","REACTOME"
"REACTOME_REGULATION_OF_MITF_M_DEPENDENT_GENES_INVOLVED_IN_LYSOSOME_BIOGENESIS_AND_AUTOPHAGY","REACTOME_REGULATION_OF_MITF_M_DEPENDENT_GENES_INVOLVED_IN_LYSOSOME_BIOGENESIS_AND_AUTOPHAGY",17,0.232110764055484,0.607956486127224,0.946261682242991,0.991043613707165,0.847474995900968,3900,"tags=29%, list=26%, signal=22%","ATP6V0A1/ATP6V1C1/ATP6V0B/ATP6V0C/MITF","REACTOME"
"REACTOME_PKR_MEDIATED_SIGNALING","REACTOME_PKR_MEDIATED_SIGNALING",69,-0.213929385653586,-0.696550151814453,0.94969512195122,0.993617301280926,0.849675843407431,3088,"tags=23%, list=21%, signal=18%","HSPA1L/STAT3/UBE2I/HSPA1A/PPP2R1A/TUBB4A/MAPT/HSPA1B/DNAJC3/NCK1/HSPA8/PPP2R5A/FANCF/ARIH1/MAP2K6/DHX9","REACTOME"
"REACTOME_NCAM1_INTERACTIONS","REACTOME_NCAM1_INTERACTIONS",21,0.21989472920744,0.608400835130025,0.951923076923077,0.994925762122887,0.850794752637398,3497,"tags=29%, list=24%, signal=22%","COL5A3/CACNB1/COL9A2/CACNA1H/CACNB3/COL5A2","REACTOME"
"REACTOME_INITIATION_OF_NUCLEAR_ENVELOPE_NE_REFORMATION","REACTOME_INITIATION_OF_NUCLEAR_ENVELOPE_NE_REFORMATION",19,-0.234313170424712,-0.594955158942806,0.953287197231834,0.995329606955904,0.851140094046668,4168,"tags=58%, list=28%, signal=42%","CCNB1/PPP2CA/PPP2R2A/BANF1/LMNB1/LEMD2/LBR/PPP2R1A/LMNA/LEMD3/TMPO","REACTOME"
"REACTOME_SPOP_MEDIATED_PROTEASOMAL_DEGRADATION_OF_PD_L1_CD274","REACTOME_SPOP_MEDIATED_PROTEASOMAL_DEGRADATION_OF_PD_L1_CD274",46,0.208310480694057,0.698175452652561,0.954787234042553,0.99587438960586,0.851605956161768,2411,"tags=15%, list=16%, signal=13%","PSMA3/CCND1/PSMC6/PSMB3/PSMA5/PSMA4/PSMB4","REACTOME"
"REACTOME_FATTY_ACID_METABOLISM","REACTOME_FATTY_ACID_METABOLISM",131,0.196449086596449,0.785871844158334,0.961661341853035,0.995901572743021,0.851629201384012,2753,"tags=18%, list=19%, signal=14%","ELOVL6/CPT1B/FADS1/SLC25A20/ACADVL/ACOT9/SLC27A3/SLC27A1/CYP4F22/FADS2/ACBD4/ACAD10/ALOX5/ACSF2/ACSL1/CYP2C8/LTA4H/CROT/GGT1/CYP4F3/CPT1A/HPGD/ACAA1","REACTOME"
"REACTOME_PROTEIN_LOCALIZATION","REACTOME_PROTEIN_LOCALIZATION",154,-0.203613816399408,-0.735802181723377,0.960729312762973,0.995901572743021,0.851629201384012,4270,"tags=31%, list=29%, signal=22%","SAMM50/TOMM7/ACOX3/AGPS/RPS27A/PEX12/CAT/ACOT4/PMPCB/CS/HACL1/TOMM40/TIMM10B/PRNP/PECR/TOMM20/STX5/UBE2D1/VAPA/ATAD1/UBE2D2/PEX13/COX19/HSPA9/ACO2/VAMP2/PHYH/SLC25A6/SLC25A12/SERP1/PEX14/TOMM5/AMACR/USP9X/TOMM70/NUDT19/GET1/SGTA/LONP2/GRPEL2/TIMM22/ZFAND6/CAMLG/HSD17B4/PEX5/PEX19/UBE2J2/UBL4A","REACTOME"
"REACTOME_RNA_POLYMERASE_II_TRANSCRIPTION_TERMINATION","REACTOME_RNA_POLYMERASE_II_TRANSCRIPTION_TERMINATION",66,0.200375061336786,0.723238756333315,0.959239130434783,0.995901572743021,0.851629201384012,3231,"tags=27%, list=22%, signal=21%","NCBP2/CPSF6/SRSF2/THOC1/DDX39B/SRSF7/SRSF11/U2AF1L4/SNRPG/SYMPK/DDX39A/CPSF4/THOC6/CSTF3/THOC7/SARNP/PABPN1/NCBP1","REACTOME"
"REACTOME_DNA_DAMAGE_BYPASS","REACTOME_DNA_DAMAGE_BYPASS",48,0.199964187981912,0.685075565445719,0.960835509138381,0.995901572743021,0.851629201384012,378,"tags=6%, list=3%, signal=6%","UBA7/POLD4/POLI","REACTOME"
"REACTOME_REGULATION_OF_CDH1_FUNCTION","REACTOME_REGULATION_OF_CDH1_FUNCTION",56,-0.215744357973086,-0.679903456439928,0.959055118110236,0.995901572743021,0.851629201384012,357,"tags=16%, list=2%, signal=16%","PSMD13/PSMD2/PSMB5/RACK1/PSMD3/PSMB2/CTNNB1/VCL/FYN","REACTOME"
"REACTOME_STABILIZATION_OF_P53","REACTOME_STABILIZATION_OF_P53",44,-0.218236688470028,-0.663024743731902,0.95859872611465,0.995901572743021,0.851629201384012,43,"tags=14%, list=0%, signal=14%","PSMD13/PSMD2/PSMB5/PSMD3/PSMB2/PHF20","REACTOME"
"REACTOME_TRANSLESION_SYNTHESIS_BY_POLK","REACTOME_TRANSLESION_SYNTHESIS_BY_POLK",17,-0.229510639611411,-0.567877157251355,0.95993031358885,0.995901572743021,0.851629201384012,4336,"tags=59%, list=29%, signal=42%","PCNA/UBB/UBC/REV1/UBA52/RPS27A/RPA1/RFC2/RFC1/RPA2","REACTOME"
"REACTOME_HEDGEHOG_ON_STATE","REACTOME_HEDGEHOG_ON_STATE",62,-0.208204094347988,-0.663717258420764,0.966824644549763,0.998214803162644,0.853607323147045,3380,"tags=23%, list=23%, signal=17%","PSMD13/PSMD2/ITCH/PSMB5/CUL3/PSMD3/SMURF2/PSMB2/GLI3/SUFU/CDC73/GAS1/ARRB1/PTCH1","REACTOME"
"REACTOME_HH_MUTANTS_ABROGATE_LIGAND_SECRETION","REACTOME_HH_MUTANTS_ABROGATE_LIGAND_SECRETION",43,-0.2126731545402,-0.645610656231029,0.966772151898734,0.998214803162644,0.853607323147045,3380,"tags=23%, list=23%, signal=18%","PSMD13/SYVN1/PSMD2/PSMB5/OS9/PSMD3/PSMB2/SEL1L/VCP/ERLEC1","REACTOME"
"REACTOME_DETOXIFICATION_OF_REACTIVE_OXYGEN_SPECIES","REACTOME_DETOXIFICATION_OF_REACTIVE_OXYGEN_SPECIES",29,0.210563216744674,0.638902376224655,0.966836734693878,0.998214803162644,0.853607323147045,4361,"tags=38%, list=29%, signal=27%","CCS/NCF4/CYBB/GSR/NCF2/NUDT2/GSTP1/TXNRD2/CYCS/PRDX5/GPX7","REACTOME"
"REACTOME_SCF_BETA_TRCP_MEDIATED_DEGRADATION_OF_EMI1","REACTOME_SCF_BETA_TRCP_MEDIATED_DEGRADATION_OF_EMI1",42,0.207438489414577,0.683850074748915,0.968253968253968,0.998665187115035,0.853992461735223,2411,"tags=17%, list=16%, signal=14%","PSMA3/PSMC6/CDC20/PSMB3/PSMA5/PSMA4/PSMB4","REACTOME"
"REACTOME_AEROBIC_RESPIRATION_AND_RESPIRATORY_ELECTRON_TRANSPORT","REACTOME_AEROBIC_RESPIRATION_AND_RESPIRATORY_ELECTRON_TRANSPORT",244,0.169592392072363,0.729388812006194,1,1,0.855133905490642,3392,"tags=22%, list=23%, signal=17%","ME2/ETFDH/DMAC2L/D2HGDH/SFXN4/SLC25A13/UQCC2/COA5/NDUFB1/UQCC1/SLC25A22/COX7A1/GSTZ1/UQCRQ/NDUFA11/FOXRED1/SIRT3/ATP5MC1/NDUFS7/NDUFV1/TMEM126B/NDUFA7/PNKD/NDUFAF4/COX7A2/NDUFA3/PET100/COX5B/ATP5MF/ADHFE1/COX7B/TIMM21/NDUFA10/NDUFS4/HSCB/NDUFB2/IDH3A/PDHX/MPC1/IDH3G/TMEM126A/NDUFA9/ACAT1/TRAP1/COX14/NDUFA1/PDP1/COX8A/COA1/NDUFA8/COX6B1/ATP5PF/UQCRHL/PDK4","REACTOME"
"REACTOME_DEVELOPMENTAL_CELL_LINEAGES","REACTOME_DEVELOPMENTAL_CELL_LINEAGES",58,0.200997900493087,0.705960765864859,0.978378378378378,1,0.855133905490642,3887,"tags=34%, list=26%, signal=26%","MUC1/CD24/TFRC/GNMT/MYH11/COL5A3/DMKN/ANXA3/LAMB2/CEL/TGFA/CD74/HHEX/PRSS1/COL5A2/COL11A2/COL24A1/AREG/PDIA2/DLL1","REACTOME"
"REACTOME_PEPTIDE_LIGAND_BINDING_RECEPTORS","REACTOME_PEPTIDE_LIGAND_BINDING_RECEPTORS",72,0.190399944289253,0.694976227213165,0.979885057471264,1,0.855133905490642,3359,"tags=22%, list=23%, signal=17%","CCRL2/CXCL10/C5AR2/TACR2/FPR2/EDN1/NLN/MC1R/CCR1/C3/NMUR1/OPRL1/XCL1/INSL3/C5AR1/GHRL","REACTOME"
"REACTOME_TRANSLOCATION_OF_SLC2A4_GLUT4_TO_THE_PLASMA_MEMBRANE","REACTOME_TRANSLOCATION_OF_SLC2A4_GLUT4_TO_THE_PLASMA_MEMBRANE",63,0.188125871975555,0.669995519112708,0.994638069705094,1,0.855133905490642,2588,"tags=17%, list=18%, signal=14%","TUBA1A/MYO1C/EXOC1/YWHAE/TUBB4B/TUBA1B/TUBB2A/RAB13/TUBB6/ASPSCR1/PRKAG1","REACTOME"
"REACTOME_EXTRACELLULAR_MATRIX_ORGANIZATION","REACTOME_EXTRACELLULAR_MATRIX_ORGANIZATION",183,-0.182562608977725,-0.669249973486078,1,1,0.855133905490642,3998,"tags=27%, list=27%, signal=20%","PLEC/ITGA6/LAMA5/PRKCA/ITGAM/SDC4/ITGB2/SGCD/BSG/CAPN5/MMP11/COL6A3/TRAPPC4/MFAP3/ITGB4/JAM3/LAMB3/UTRN/LOXL1/ITGA5/TNXB/KLKB1/FBLN5/CAPN1/COL8A2/TGFB1/ADAM12/ITGA4/NCAM1/F11R/ITGB1/LAMA2/ADAMTS1/SERPINE1/PDGFB/TNR/CD44/CAPN14/DDR1/ADAM10/HSPG2/FURIN/PLOD1/CRTAP/PTPRS/P4HB/DAG1/LTBP2/COL13A1","REACTOME"
"REACTOME_FCERI_MEDIATED_NF_KB_ACTIVATION","REACTOME_FCERI_MEDIATED_NF_KB_ACTIVATION",75,-0.202217808847598,-0.666144209162486,0.981707317073171,1,0.855133905490642,3380,"tags=24%, list=23%, signal=19%","PSMD13/PSMD2/PSMB5/UBE2D1/UBE2D2/TRAF6/TAB2/CARD11/PRKCQ/PSMD3/PSMB2/PDPK1/BTRC/RASGRP1/RELA/FCER1A/FBXW11/IGLV2-14","REACTOME"
"REACTOME_RUNX1_REGULATES_TRANSCRIPTION_OF_GENES_INVOLVED_IN_DIFFERENTIATION_OF_HSCS","REACTOME_RUNX1_REGULATES_TRANSCRIPTION_OF_GENES_INVOLVED_IN_DIFFERENTIATION_OF_HSCS",78,0.180216904830052,0.666082662405239,0.991428571428571,1,0.855133905490642,2648,"tags=15%, list=18%, signal=13%","H4C3/CCNH/H3C1/PSMA3/H2BC5/SPI1/PSMC6/PSMB3/PSMA5/PSMA4/PSMB4/LMO2","REACTOME"
"REACTOME_MHC_CLASS_II_ANTIGEN_PRESENTATION","REACTOME_MHC_CLASS_II_ANTIGEN_PRESENTATION",108,-0.189763224970427,-0.661938014410033,0.988338192419825,1,0.855133905490642,3720,"tags=26%, list=25%, signal=20%","KLC4/ACTR10/RAB7A/KIF5B/AP1M1/DYNC1I2/SEC31A/SAR1B/CAPZB/DCTN4/KIF18A/DCTN6/ACTR1B/CLTC/ARF1/TUBB4A/AP2M1/CANX/DYNC1H1/SEC24B/ACTR1A/KIF2A/SEC24D/CTSF/DCTN1/AP2B1/KIF3C/DYNLL2","REACTOME"
"REACTOME_DEGRADATION_OF_AXIN","REACTOME_DEGRADATION_OF_AXIN",42,0.200266594969581,0.660206918813182,0.981481481481482,1,0.855133905490642,2411,"tags=17%, list=16%, signal=14%","PSMA3/RNF146/PSMC6/PSMB3/PSMA5/PSMA4/PSMB4","REACTOME"
"REACTOME_METABOLISM_OF_POLYAMINES","REACTOME_METABOLISM_OF_POLYAMINES",46,0.195831879877725,0.65635205161971,0.984042553191489,1,0.855133905490642,2411,"tags=15%, list=16%, signal=13%","SAT1/PSMA3/PSMC6/PSMB3/PSMA5/PSMA4/PSMB4","REACTOME"
"REACTOME_REGULATION_OF_RUNX2_EXPRESSION_AND_ACTIVITY","REACTOME_REGULATION_OF_RUNX2_EXPRESSION_AND_ACTIVITY",53,0.180104642154307,0.62273495583792,0.997311827956989,1,0.855133905490642,2428,"tags=17%, list=16%, signal=14%","STAT1/PSMA3/PSMC6/ESRRA/PSMB3/PSMA5/PSMA4/PSMB4/PPARGC1B","REACTOME"
"REACTOME_FORMATION_OF_INCISION_COMPLEX_IN_GG_NER","REACTOME_FORMATION_OF_INCISION_COMPLEX_IN_GG_NER",42,-0.206319699482553,-0.620235899298123,0.974358974358974,1,0.855133905490642,4445,"tags=40%, list=30%, signal=28%","CUL4A/UBA52/RPS27A/RAD23B/RPA1/ERCC5/GTF2H3/CETN2/ERCC4/CUL4B/UBE2I/PIAS1/RPA2/PARP1/XPC/RNF111/DDB1","REACTOME"
"REACTOME_ANTIGEN_PRESENTATION_FOLDING_ASSEMBLY_AND_PEPTIDE_LOADING_OF_CLASS_I_MHC","REACTOME_ANTIGEN_PRESENTATION_FOLDING_ASSEMBLY_AND_PEPTIDE_LOADING_OF_CLASS_I_MHC",29,-0.22276656092852,-0.618811538238889,0.972131147540984,1,0.855133905490642,3250,"tags=41%, list=22%, signal=32%","TAPBP/SEC24A/PDIA3/SEC23A/HSPA5/SEC31A/SAR1B/BCAP31/PIK3R4/CANX/SEC24B/SEC24D","REACTOME"
"REACTOME_DECTIN_1_MEDIATED_NONCANONICAL_NF_KB_SIGNALING","REACTOME_DECTIN_1_MEDIATED_NONCANONICAL_NF_KB_SIGNALING",47,0.179628163117361,0.609507397992772,0.997395833333333,1,0.855133905490642,2680,"tags=19%, list=18%, signal=16%","PSMA3/UBA3/PSMC6/PSMB3/PSMA5/NFKB2/PSMA4/PSMB4/RELB","REACTOME"
"REACTOME_INTEGRIN_CELL_SURFACE_INTERACTIONS","REACTOME_INTEGRIN_CELL_SURFACE_INTERACTIONS",52,-0.19517161420604,-0.608021078042482,0.988871224165342,1,0.855133905490642,3969,"tags=27%, list=27%, signal=20%","ITGA6/ITGAM/ITGB2/BSG/COL6A3/JAM3/ITGA5/COL8A2/ITGA4/F11R/ITGB1/CD44/HSPG2/COL13A1","REACTOME"
"REACTOME_HEDGEHOG_OFF_STATE","REACTOME_HEDGEHOG_OFF_STATE",89,-0.177692528329812,-0.606507500537148,0.99265785609398,1,0.855133905490642,2382,"tags=12%, list=16%, signal=10%","TUBB4A/PSMD3/PSMB2/GLI3/SUFU/BTRC/PRKAR2A/PRKACB/GSK3B/PRKAR1A/PTCH1","REACTOME"
"REACTOME_REGULATION_OF_ORNITHINE_DECARBOXYLASE_ODC","REACTOME_REGULATION_OF_ORNITHINE_DECARBOXYLASE_ODC",38,0.186931772726388,0.601551033150214,0.994652406417112,1,0.855133905490642,2411,"tags=16%, list=16%, signal=13%","PSMA3/PSMC6/PSMB3/PSMA5/PSMA4/PSMB4","REACTOME"
"REACTOME_SYNTHESIS_OF_PA","REACTOME_SYNTHESIS_OF_PA",27,-0.215572808512102,-0.592106562808743,0.975845410628019,1,0.855133905490642,2045,"tags=19%, list=14%, signal=16%","GPAT2/AGPAT4/LCLAT1/GPD2/LPCAT1","REACTOME"
"REACTOME_ACTIVATION_OF_NF_KAPPAB_IN_B_CELLS","REACTOME_ACTIVATION_OF_NF_KAPPAB_IN_B_CELLS",54,-0.188139356538713,-0.586411296042083,0.990369181380417,1,0.855133905490642,2341,"tags=20%, list=16%, signal=17%","PSMD13/PSMD2/PSMB5/CARD11/PSMD3/PSMB2/REL/PRKCB/BTRC/RELA/FBXW11","REACTOME"
"REACTOME_REGULATION_OF_RUNX3_EXPRESSION_AND_ACTIVITY","REACTOME_REGULATION_OF_RUNX3_EXPRESSION_AND_ACTIVITY",45,-0.192813730384041,-0.585809041765599,0.990384615384615,1,0.855133905490642,3380,"tags=22%, list=23%, signal=17%","PSMD13/PSMD2/PSMB5/TGFB1/CBFB/PSMD3/SMURF2/PSMB2/EP300/RUNX3","REACTOME"
"REACTOME_DEGRADATION_OF_DVL","REACTOME_DEGRADATION_OF_DVL",42,0.171792940024252,0.566339521698548,0.997354497354497,1,0.855133905490642,2411,"tags=14%, list=16%, signal=12%","PSMA3/PSMC6/PSMB3/PSMA5/PSMA4/PSMB4","REACTOME"
"REACTOME_RESOLUTION_OF_ABASIC_SITES_AP_SITES","REACTOME_RESOLUTION_OF_ABASIC_SITES_AP_SITES",38,-0.189390762240474,-0.559409835968499,0.993630573248408,1,0.855133905490642,3935,"tags=32%, list=27%, signal=23%","LIG3/RPA1/NTHL1/XRCC1/PARG/RFC2/NEIL2/RFC1/RPA2/PARP1/FEN1/UNG","REACTOME"
"REACTOME_PEROXISOMAL_LIPID_METABOLISM","REACTOME_PEROXISOMAL_LIPID_METABOLISM",25,-0.203847021744982,-0.552006419993756,0.99021207177814,1,0.855133905490642,4163,"tags=32%, list=28%, signal=23%","ACOX3/ACOT4/HACL1/PECR/PHYH/AMACR/NUDT19/HSD17B4","REACTOME"
"REACTOME_TRAF6_MEDIATED_INDUCTION_OF_TAK1_COMPLEX_WITHIN_TLR4_COMPLEX","REACTOME_TRAF6_MEDIATED_INDUCTION_OF_TAK1_COMPLEX_WITHIN_TLR4_COMPLEX",15,-0.226211476443323,-0.536929642090614,0.978494623655914,1,0.855133905490642,4336,"tags=40%, list=29%, signal=28%","UBA52/RPS27A/IRAK2/SARM1/TRAF6/TAB2","REACTOME"
"REACTOME_METABOLISM_OF_PORPHYRINS","REACTOME_METABOLISM_OF_PORPHYRINS",19,-0.210452230214696,-0.534368767450414,0.986159169550173,1,0.855133905490642,3658,"tags=26%, list=25%, signal=20%","ABCC1/COX10/ALAD/FECH/HMOX2","REACTOME"
"REACTOME_GAP_FILLING_DNA_REPAIR_SYNTHESIS_AND_LIGATION_IN_GG_NER","REACTOME_GAP_FILLING_DNA_REPAIR_SYNTHESIS_AND_LIGATION_IN_GG_NER",25,0.17698281821462,0.507133268068972,0.997429305912596,1,0.855133905490642,278,"tags=4%, list=2%, signal=4%","POLD4","REACTOME"
"REACTOME_AUF1_HNRNP_D0_BINDS_AND_DESTABILIZES_MRNA","REACTOME_AUF1_HNRNP_D0_BINDS_AND_DESTABILIZES_MRNA",42,-0.168646835002084,-0.506984168906978,0.998397435897436,1,0.855133905490642,3380,"tags=38%, list=23%, signal=29%","PSMC4/PSMD1/PABPC1/ADRM1/UBA52/RPS27A/PSMD13/PSMD2/PSMB5/HSPB1/HNRNPD/HSPA1A/PSMD3/PSMB2/EIF4G1/HSPA8","REACTOME"
"REACTOME_DEGRADATION_OF_GLI1_BY_THE_PROTEASOME","REACTOME_DEGRADATION_OF_GLI1_BY_THE_PROTEASOME",46,-0.165399016796986,-0.505284413006724,1,1,0.855133905490642,3380,"tags=20%, list=23%, signal=15%","PSMD13/PSMD2/ITCH/PSMB5/PSMD3/PSMB2/SUFU/BTRC/PRKACB","REACTOME"
"REACTOME_CS_DS_DEGRADATION","REACTOME_CS_DS_DEGRADATION",15,0.197755001194293,0.501950991721728,0.984234234234234,1,0.855133905490642,3975,"tags=27%, list=27%, signal=20%","IDUA/GLB1L/GLB1L3/HYAL1","REACTOME"
"REACTOME_GSK3B_MEDIATED_PROTEASOMAL_DEGRADATION_OF_PD_L1_CD274","REACTOME_GSK3B_MEDIATED_PROTEASOMAL_DEGRADATION_OF_PD_L1_CD274",44,0.148514453937327,0.493263986596228,1,1,0.855133905490642,2411,"tags=14%, list=16%, signal=11%","PSMA3/PSMC6/PSMB3/PSMA5/PSMA4/PSMB4","REACTOME"
"REACTOME_ORC1_REMOVAL_FROM_CHROMATIN","REACTOME_ORC1_REMOVAL_FROM_CHROMATIN",57,0.139626153482128,0.488245209430429,1,1,0.855133905490642,5055,"tags=33%, list=34%, signal=22%","PSMA3/PSMC6/PSMB3/PSMA5/PSMA4/PSMB4/CCNA2/PSMC2/ORC1/PSMA1/PSMC1/PSMA7/PSMA2/ORC2/PSMB1/RBX1/ORC6/PSMD14/PSMD12","REACTOME"
