ID_REF	Probe Name	miRNA_ID	Accession	Class Name	HC1	HC2	HC3	HC4	LTB1	LTB2	LTB3	LTB4	LTB5	LTB6	DS-TB1	DS-TB2	DS-TB3	DS-TB4	DS-TB5	DS-TB6	DR-TB1	DR-TB2	DR-TB3	DR-TB4		
hsa-let-7a-5p	hsa-let-7a-5p	hsa-let-7a-5p	MIMAT0000062	Endogenous1	6098.86	15706.44	6108.78	7114.63	8424.17	6981.83	6506.65	13368.79	11652.66	11944.49	8325.14	5510.27	8384.7	6071.4	8206.7	10212.78	7353.52	7617.1	7985.97	6475.32		
hsa-let-7b-5p	hsa-let-7b-5p	hsa-let-7b-5p	MIMAT0000063	Endogenous1	948.09	2440.09	953.95	1314.72	1194.66	1057.52	956.11	1929.74	1663.41	1856.88	1516.57	1251.41	1479.2	918.81	1479.98	1717.24	1296.97	1253.47	1621.61	1453.25		
hsa-let-7c-5p	hsa-let-7c-5p	hsa-let-7c-5p	MIMAT0000064	Endogenous1	77.78	111.19	66.59	65.34	73.04	57.13	49.07	134.38	86.74	93.55	62.87	58.32	74.64	80.24	92.18	111.85	62.74	73.31	74.11	83.47		
hsa-let-7d-5p	hsa-let-7d-5p	hsa-let-7d-5p	MIMAT0000065	Endogenous1	445.21	820.52	667.33	761.91	702.19	660.42	590.59	867.46	559.96	635.02	787.51	537.59	1058.51	357.14	572.54	799.04	827.65	826.54	1058.18	593.89		
hsa-let-7e-5p	hsa-let-7e-5p	hsa-let-7e-5p	MIMAT0000066	Endogenous1	18.77	19.17	23.16	32.67	29.21	19.51	13.54	26.31	21.96	18.9	20.96	36.77	25.2	45.63	21.14	22.66	14.48	33.06	17.44	24.63		
hsa-let-7f-5p	hsa-let-7f-5p	hsa-let-7f-5p	MIMAT0000067	Endogenous1	213.22	489.24	282.28	294.05	411.09	328.82	319.83	754.4	318.41	395.94	356.26	327.12	487.57	218.69	347.58	453.25	393.31	378.05	476.24	210.74		
hsa-let-7g-5p	hsa-let-7g-5p	hsa-let-7g-5p	MIMAT0000414	Endogenous1	2820.12	5229.86	2030.95	1892.35	2776.41	1971.52	1847.92	6047.31	3264.24	4065.28	2168.42	1337.63	2156.76	1803.01	3667.81	4374.61	1880.91	1975.07	2047.71	2089.56		
hsa-let-7i-5p	hsa-let-7i-5p	hsa-let-7i-5p	MIMAT0000415	Endogenous1	788.51	1858.82	616.67	680.88	839.91	594.94	624.44	1898.45	1610.71	1547.87	783.1	685.93	1120.54	783.51	1221.19	1916.08	1143.75	1079.53	1634.68	1033.15		
hsa-miR-1-3p	hsa-miR-1-3p	hsa-miR-1-3p	MIMAT0000416	Endogenous1	24.14	13.04	28.95	15.68	24	20.9	11.85	11.38	27.45	21.73	8.82	20.29	11.63	25.17	10.15	5.12	15.68	17.25	10.9	15.05		
hsa-miR-1-5p	hsa-miR-1-5p	hsa-miR-1-5p	MIMAT0031892	Endogenous1	30.84	17.64	41.98	36.59	39.65	51.55	32.15	14.22	43.92	29.29	25.37	45.64	19.39	55.07	31.29	19.01	37.4	43.12	20.71	28.74		
hsa-miR-100-5p	hsa-miR-100-5p	hsa-miR-100-5p	MIMAT0000098	Endogenous1	32.18	35.27	34.74	24.83	38.6	40.41	22	28.44	47.21	26.46	16.54	32.97	19.39	51.92	32.14	26.32	20.51	27.31	22.89	31.47		
hsa-miR-101-3p	hsa-miR-101-3p	hsa-miR-101-3p	MIMAT0000099	Endogenous1	41.57	30.67	17.37	23.52	34.43	36.23	22	23.46	35.13	24.57	17.65	19.02	28.11	51.92	34.67	24.12	20.51	21.56	14.17	23.26		
hsa-miR-103a-3p	hsa-miR-103a-3p	hsa-miR-103a-3p	MIMAT0000101	Endogenous1	30.84	25.31	40.53	36.59	37.56	43.19	30.46	35.55	48.31	33.07	31.99	48.18	18.42	48.77	27.91	26.32	32.58	38.81	18.53	26		
hsa-miR-105-5p	hsa-miR-105-5p	hsa-miR-105-5p	MIMAT0000102	Endogenous1	36.21	20.7	23.16	22.22	30.26	37.62	18.61	14.93	29.64	34.02	22.06	27.89	20.36	25.17	28.75	15.35	24.13	31.62	16.35	17.79		
hsa-miR-106a-5p+hsa-miR-17-5p	hsa-miR-106a-5p+hsa-miR-17-5p	hsa-miR-106a-5p+hsa-miR-17-5p	MIMAT0000103	Endogenous1	324.52	513.78	303.99	364.62	380.83	326.03	292.76	629.26	321.7	442.25	458.83	357.55	416.81	207.68	412.7	561.45	347.47	403.93	427.2	357.16		
hsa-miR-106b-5p	hsa-miR-106b-5p	hsa-miR-106b-5p	MIMAT0000680	Endogenous1	150.19	273	99.88	82.33	113.73	79.42	131.99	345.56	181.16	190.89	154.41	130.59	165.76	124.29	239.33	266.1	143.57	120.75	204.88	105.37		
hsa-miR-107	hsa-miR-107	hsa-miR-107	MIMAT0000104	Endogenous1	182.38	330.51	160.68	177.73	248.32	183.92	138.76	428.75	236.06	223.01	251.47	215.54	254.93	166.77	249.48	263.18	243.71	209.87	268.09	250.42		
hsa-miR-10a-5p	hsa-miR-10a-5p	hsa-miR-10a-5p	MIMAT0000253	Endogenous1	63.03	23.77	27.5	37.9	30.26	34.83	33.84	22.04	48.31	35.91	26.47	34.23	14.54	47.2	35.52	26.32	19.3	27.31	16.35	31.47		
hsa-miR-10b-5p	hsa-miR-10b-5p	hsa-miR-10b-5p	MIMAT0000254	Endogenous1	49.62	18.4	30.4	16.99	36.52	48.77	28.77	19.91	32.94	32.13	28.68	34.23	15.51	53.49	33.83	21.2	13.27	23	19.62	28.74		
hsa-miR-1178-3p	hsa-miR-1178-3p	hsa-miR-1178-3p	MIMAT0005823	Endogenous1	21.46	13.8	37.64	24.83	27.13	40.41	35.54	18.49	45.02	22.68	24.27	35.5	14.54	37.76	16.07	11.7	26.54	35.94	20.71	12.32		
hsa-miR-1180-3p	hsa-miR-1180-3p	hsa-miR-1180-3p	MIMAT0005825	Endogenous1	26.82	24.54	23.16	22.22	25.04	18.11	25.38	13.51	28.55	21.73	15.44	16.48	13.57	25.17	21.14	16.81	13.27	18.69	7.63	28.74		
hsa-miR-1183	hsa-miR-1183	hsa-miR-1183	MIMAT0005828	Endogenous1	41.57	19.94	17.37	28.75	28.17	22.29	35.54	19.91	40.62	34.96	16.54	19.02	11.63	45.63	31.29	19.01	12.06	12.94	7.63	26		
hsa-miR-1185-1-3p	hsa-miR-1185-1-3p	hsa-miR-1185-1-3p	MIMAT0022838	Endogenous1	30.84	18.4	47.77	47.05	43.82	51.55	32.15	9.95	30.74	24.57	29.78	36.77	25.2	29.89	16.91	17.55	32.58	24.44	27.24	9.58		
hsa-miR-1185-2-3p	hsa-miR-1185-2-3p	hsa-miR-1185-2-3p	MIMAT0022713	Endogenous1	76.44	23.77	44.87	36.59	38.6	41.8	66	17.06	45.02	43.47	36.4	35.5	27.14	44.05	24.53	19.01	38.61	41.69	43.59	28.74		
hsa-miR-1185-5p	hsa-miR-1185-5p	hsa-miR-1185-5p	MIMAT0005798	Endogenous1	34.87	25.31	31.85	28.75	29.21	33.44	23.69	9.24	20.86	25.51	19.85	31.7	16.48	39.33	26.22	11.7	19.3	11.5	15.26	19.16		
hsa-miR-1193	hsa-miR-1193	hsa-miR-1193	MIMAT0015049	Endogenous1	49.62	46.78	23.16	24.83	25.04	18.11	38.92	32.71	40.62	39.69	34.19	27.89	28.11	58.21	43.98	36.55	21.72	27.31	28.33	39.68		
hsa-miR-1197	hsa-miR-1197	hsa-miR-1197	MIMAT0005955	Endogenous1	71.07	33.74	56.46	70.57	71.99	80.81	57.54	25.6	48.31	56.7	31.99	55.79	31.99	78.67	43.98	12.43	44.64	44.56	33.78	39.68		
hsa-miR-1200	hsa-miR-1200	hsa-miR-1200	MIMAT0005863	Endogenous1	45.59	24.54	15.92	15.68	28.17	18.11	22	22.75	47.21	39.69	16.54	15.21	12.6	55.07	43.13	27.05	18.1	12.94	8.72	35.58		
hsa-miR-1202	hsa-miR-1202	hsa-miR-1202	MIMAT0005865	Endogenous1	46.93	28.37	39.08	40.51	42.78	26.47	40.61	27.73	37.33	44.41	38.6	40.57	30.05	51.92	32.14	21.2	32.58	47.44	31.6	27.37		
hsa-miR-1203	hsa-miR-1203	hsa-miR-1203	MIMAT0005866	Endogenous1	42.91	32.97	34.74	37.9	27.13	41.8	35.54	23.46	42.82	34.96	27.57	27.89	23.26	56.64	34.67	23.39	26.54	35.94	18.53	34.21		
hsa-miR-1204	hsa-miR-1204	hsa-miR-1204	MIMAT0005868	Endogenous1	14.75	11.5	20.27	14.38	24	6.97	10.15	14.93	15.37	17.95	20.96	15.21	7.75	17.31	11.84	5.12	14.48	12.94	7.63	15.05		
hsa-miR-1205	hsa-miR-1205	hsa-miR-1205	MIMAT0005869	Endogenous1	32.18	16.87	21.71	22.22	39.65	34.83	27.08	14.93	23.06	17.95	16.54	34.23	19.39	50.35	20.3	18.28	28.96	24.44	10.9	19.16		
hsa-miR-1206	hsa-miR-1206	hsa-miR-1206	MIMAT0005870	Endogenous1	128.74	48.31	44.87	54.89	35.47	66.88	77.84	38.4	109.8	92.61	43.02	69.73	44.59	121.14	49.05	50.44	53.09	47.44	42.5	86.21		
hsa-miR-122-5p	hsa-miR-122-5p	hsa-miR-122-5p	MIMAT0000421	Endogenous1	1.34	1	1.45	1.31	1.04	1.39	1.69	1	1.1	1	36.4	322.04	59.13	1.57	1	1	55.5	21.56	74.11	1.37		
hsa-miR-1224-3p	hsa-miR-1224-3p	hsa-miR-1224-3p	MIMAT0005459	Endogenous1	25.48	20.7	14.48	20.91	21.91	23.69	23.69	11.38	26.35	14.17	24.27	12.68	13.57	34.61	21.99	8.77	22.92	17.25	8.72	13.68		
hsa-miR-1224-5p	hsa-miR-1224-5p	hsa-miR-1224-5p	MIMAT0005458	Endogenous1	25.48	14.57	15.92	24.83	17.74	15.33	10.15	4.98	24.16	20.79	14.34	16.48	7.75	18.88	18.61	16.08	7.24	5.75	10.9	15.05		
hsa-miR-1226-3p	hsa-miR-1226-3p	hsa-miR-1226-3p	MIMAT0005577	Endogenous1	32.18	26.07	36.19	15.68	37.56	40.41	47.38	19.91	51.6	36.85	19.85	36.77	19.39	31.47	20.3	17.55	19.3	17.25	21.8	30.11		
hsa-miR-1228-3p	hsa-miR-1228-3p	hsa-miR-1228-3p	MIMAT0005583	Endogenous1	49.62	19.17	26.06	36.59	37.56	39.01	35.54	19.2	38.43	25.51	26.47	21.55	18.42	47.2	34.67	21.2	28.96	30.19	10.9	32.84		
hsa-miR-1233-3p	hsa-miR-1233-3p	hsa-miR-1233-3p	MIMAT0005588	Endogenous1	26.82	11.5	17.37	6.53	11.48	20.9	10.15	8.53	20.86	19.84	6.62	15.21	10.66	26.75	16.91	10.97	14.48	8.62	9.81	28.74		
hsa-miR-1234-3p	hsa-miR-1234-3p	hsa-miR-1234-3p	MIMAT0005589	Endogenous1	42.91	29.14	24.61	41.82	40.69	51.55	25.38	20.62	38.43	44.41	24.27	34.23	21.33	55.07	29.6	24.86	33.78	18.69	26.15	32.84		
hsa-miR-1236-3p	hsa-miR-1236-3p	hsa-miR-1236-3p	MIMAT0005591	Endogenous1	44.25	32.21	43.43	37.9	43.82	54.34	47.38	18.49	56	42.52	29.78	53.25	32.96	53.49	29.6	16.81	37.4	33.06	20.71	27.37		
hsa-miR-124-3p	hsa-miR-124-3p	hsa-miR-124-3p	MIMAT0000422	Endogenous1	20.11	10.74	15.92	14.38	19.82	16.72	20.31	12.09	26.35	18.9	13.24	20.29	7.75	23.6	10.15	8.04	13.27	12.94	7.63	23.26		
hsa-miR-1244	hsa-miR-1244	hsa-miR-1244	MIMAT0005896	Endogenous1	22.8	14.57	17.37	10.45	18.78	19.51	18.61	9.24	35.13	14.17	11.03	15.21	12.6	31.47	18.61	12.43	20.51	8.62	11.99	19.16		
hsa-miR-1245a	hsa-miR-1245a	hsa-miR-1245a	MIMAT0005897	Endogenous1	24.14	15.34	20.27	24.83	27.13	33.44	10.15	14.93	20.86	25.51	12.13	12.68	15.51	33.04	27.91	12.43	19.3	8.62	10.9	21.89		
hsa-miR-1245b-3p	hsa-miR-1245b-3p	hsa-miR-1245b-3p	MIMAT0019951	Endogenous1	24.14	11.5	21.71	11.76	30.26	26.47	20.31	7.11	21.96	14.17	14.34	20.29	14.54	23.6	17.76	7.31	12.06	20.12	10.9	23.26		
hsa-miR-1245b-5p	hsa-miR-1245b-5p	hsa-miR-1245b-5p	MIMAT0019950	Endogenous1	59	37.58	52.11	43.13	38.6	54.34	52.46	26.31	58.19	59.53	27.57	36.77	26.17	48.77	27.06	21.93	37.4	35.94	34.87	24.63		
hsa-miR-1246	hsa-miR-1246	hsa-miR-1246	MIMAT0005898	Endogenous1	1.34	1	1.45	1.31	1.04	1.39	1.69	1	1.1	1	1.1	1.27	1	1.57	1	1	1.21	1.44	1.09	1.37		
hsa-miR-1247-5p	hsa-miR-1247-5p	hsa-miR-1247-5p	MIMAT0005899	Endogenous1	8.05	4.6	11.58	7.84	10.43	9.75	6.77	11.38	15.37	10.39	4.41	10.14	2.91	14.16	7.61	7.31	7.24	8.62	1.09	12.32		
hsa-miR-1248	hsa-miR-1248	hsa-miR-1248	MIMAT0005900	Endogenous1	32.18	13.8	21.71	36.59	22.95	23.69	25.38	9.95	35.13	22.68	14.34	20.29	14.54	20.45	23.68	9.5	16.89	17.25	13.08	16.42		
hsa-miR-1249-3p	hsa-miR-1249-3p	hsa-miR-1249-3p	MIMAT0005901	Endogenous1	26.82	15.34	30.4	31.36	28.17	37.62	23.69	17.78	19.76	24.57	25.37	22.82	25.2	36.19	21.99	18.28	27.75	34.5	21.8	20.53		
hsa-miR-1249-5p	hsa-miR-1249-5p	hsa-miR-1249-5p	MIMAT0032029	Endogenous1	18.77	18.4	13.03	24.83	22.95	19.51	16.92	10.67	27.45	21.73	16.54	7.61	10.66	25.17	19.45	12.43	9.65	12.94	7.63	15.05		
hsa-miR-1250-5p	hsa-miR-1250-5p	hsa-miR-1250-5p	MIMAT0005902	Endogenous1	29.5	23.01	20.27	20.91	24	36.23	18.61	9.24	27.45	18.9	7.72	19.02	16.48	28.32	19.45	17.55	15.68	18.69	11.99	10.95		
hsa-miR-1252-5p	hsa-miR-1252-5p	hsa-miR-1252-5p	MIMAT0005944	Endogenous1	32.18	24.54	15.92	13.07	14.61	36.23	30.46	12.8	31.84	31.18	17.65	17.75	8.72	29.89	22.83	19.74	10.86	24.44	15.26	16.42		
hsa-miR-1253	hsa-miR-1253	hsa-miR-1253	MIMAT0005904	Endogenous1	1.34	1	1.45	1.31	1.04	1.39	1.69	1	1.1	1	1.1	1.27	1	1.57	1	1	1.21	1.44	1.09	1.37		
hsa-miR-1254	hsa-miR-1254	hsa-miR-1254	MIMAT0005905	Endogenous1	16.09	19.94	26.06	40.51	25.04	13.93	22	12.09	35.13	22.68	16.54	35.5	8.72	29.89	14.38	14.62	19.3	27.31	18.53	19.16		
hsa-miR-1255a	hsa-miR-1255a	hsa-miR-1255a	MIMAT0005906	Endogenous1	107.28	33.74	43.43	35.29	27.13	33.44	47.38	28.44	62.58	51.97	25.37	45.64	19.39	62.93	39.75	29.24	31.37	21.56	43.59	61.58		
hsa-miR-1255b-5p	hsa-miR-1255b-5p	hsa-miR-1255b-5p	MIMAT0005945	Endogenous1	21.46	18.4	18.82	14.38	29.21	27.87	22	10.67	25.25	17.01	19.85	12.68	10.66	23.6	10.15	13.16	13.27	21.56	13.08	27.37		
hsa-miR-1257	hsa-miR-1257	hsa-miR-1257	MIMAT0005908	Endogenous1	41.57	43.71	40.53	32.67	43.82	43.19	33.84	19.91	34.04	37.8	36.4	25.36	17.45	55.07	27.06	16.08	34.99	34.5	26.15	19.16		
hsa-miR-1258	hsa-miR-1258	hsa-miR-1258	MIMAT0005909	Endogenous1	46.93	21.47	59.35	50.97	67.82	62.7	54.15	22.04	41.72	35.91	31.99	63.39	24.23	45.63	27.06	26.32	41.02	34.5	28.33	32.84		
hsa-miR-125a-3p	hsa-miR-125a-3p	hsa-miR-125a-3p	MIMAT0004602	Endogenous1	50.96	23.01	40.53	31.36	50.08	33.44	25.38	34.13	42.82	34.96	18.75	35.5	19.39	42.48	32.14	28.51	16.89	28.75	30.51	34.21		
hsa-miR-125a-5p	hsa-miR-125a-5p	hsa-miR-125a-5p	MIMAT0000443	Endogenous1	25.48	28.37	21.71	24.83	35.47	40.41	15.23	26.31	24.16	33.07	30.88	35.5	32.96	37.76	21.99	40.94	32.58	34.5	40.32	27.37		
hsa-miR-125b-5p	hsa-miR-125b-5p	hsa-miR-125b-5p	MIMAT0000423	Endogenous1	53.64	48.31	26.06	30.06	28.17	36.23	32.15	39.11	52.7	43.47	31.99	26.63	31.02	53.49	43.98	45.33	31.37	24.44	19.62	35.58		
hsa-miR-126-3p	hsa-miR-126-3p	hsa-miR-126-3p	MIMAT0000445	Endogenous1	273.56	459.34	134.62	152.9	213.89	132.36	108.3	350.54	241.55	429.02	186.4	187.65	277.23	259.6	191.97	835.59	199.07	217.06	310.59	373.58		
hsa-miR-1260a	hsa-miR-1260a	hsa-miR-1260a	MIMAT0005911	Endogenous1	57.66	51.38	44.87	74.49	58.43	45.98	60.92	102.39	62.58	52.92	70.59	62.13	67.85	55.07	74.42	97.23	90.49	67.56	90.45	54.74		
hsa-miR-1260b	hsa-miR-1260b	hsa-miR-1260b	MIMAT0015041	Endogenous1	21.46	35.27	23.16	9.15	19.82	22.29	18.61	27.73	24.16	23.62	17.65	25.36	17.45	20.45	25.37	13.16	15.68	18.69	13.08	24.63		
hsa-miR-1261	hsa-miR-1261	hsa-miR-1261	MIMAT0005913	Endogenous1	46.93	37.58	40.53	28.75	56.34	51.55	44	17.78	47.21	38.74	34.19	36.77	25.2	55.07	35.52	17.55	41.02	43.12	21.8	26		
hsa-miR-1262	hsa-miR-1262	hsa-miR-1262	MIMAT0005914	Endogenous1	24.14	20.7	17.37	27.44	27.13	22.29	22	22.75	40.62	31.18	8.82	26.63	7.75	42.48	26.22	19.01	14.48	27.31	17.44	35.58		
hsa-miR-1264	hsa-miR-1264	hsa-miR-1264	MIMAT0005791	Endogenous1	41.57	19.94	30.4	23.52	30.26	34.83	27.08	17.78	39.53	28.35	13.24	22.82	17.45	36.19	21.99	18.28	21.72	24.44	13.08	26		
hsa-miR-1266-5p	hsa-miR-1266-5p	hsa-miR-1266-5p	MIMAT0005920	Endogenous1	45.59	23.01	20.27	27.44	34.43	25.08	16.92	22.75	29.64	25.51	12.13	20.29	19.39	36.19	23.68	16.81	19.3	18.69	9.81	31.47		
hsa-miR-1268a	hsa-miR-1268a	hsa-miR-1268a	MIMAT0005922	Endogenous1	22.8	28.37	24.61	23.52	22.95	19.51	30.46	18.49	42.82	34.02	16.54	7.61	13.57	48.77	27.91	18.28	13.27	24.44	10.9	32.84		
hsa-miR-1268b	hsa-miR-1268b	hsa-miR-1268b	MIMAT0018925	Endogenous1	37.55	22.24	53.56	35.29	40.69	44.59	50.77	15.64	37.33	23.62	43.02	40.57	29.08	48.77	31.29	18.28	28.96	44.56	28.33	28.74		
hsa-miR-1269a	hsa-miR-1269a	hsa-miR-1269a	MIMAT0005923	Endogenous1	40.23	26.84	39.08	47.05	36.52	40.41	32.15	24.18	60.39	36.85	25.37	34.23	31.02	48.77	26.22	19.01	38.61	40.25	29.42	21.89		
hsa-miR-1269b	hsa-miR-1269b	hsa-miR-1269b	MIMAT0019059	Endogenous1	14.75	10.74	14.48	24.83	25.04	18.11	23.69	7.82	28.55	14.17	14.34	29.16	16.48	22.03	13.53	14.62	10.86	12.94	15.26	15.05		
hsa-miR-127-3p	hsa-miR-127-3p	hsa-miR-127-3p	MIMAT0000446	Endogenous1	38.89	26.07	30.4	40.51	56.34	48.77	37.23	22.04	42.82	31.18	41.91	39.3	24.23	34.61	31.29	15.35	24.13	41.69	25.07	28.74		
hsa-miR-127-5p	hsa-miR-127-5p	hsa-miR-127-5p	MIMAT0004604	Endogenous1	28.16	19.94	21.71	22.22	9.39	18.11	15.23	11.38	46.11	34.02	14.34	25.36	2.91	42.48	29.6	12.43	12.06	8.62	7.63	35.58		
hsa-miR-1270	hsa-miR-1270	hsa-miR-1270	MIMAT0005924	Endogenous1	38.89	26.84	41.98	39.21	46.95	36.23	33.84	24.89	50.51	40.63	33.09	41.84	24.23	44.05	26.22	24.86	39.81	25.87	27.24	24.63		
hsa-miR-1271-3p	hsa-miR-1271-3p	hsa-miR-1271-3p	MIMAT0022712	Endogenous1	14.75	12.27	23.16	11.76	19.82	11.15	15.23	5.69	18.67	20.79	8.82	11.41	6.79	33.04	10.15	6.58	10.86	7.19	6.54	17.79		
hsa-miR-1271-5p	hsa-miR-1271-5p	hsa-miR-1271-5p	MIMAT0005796	Endogenous1	45.59	26.84	52.11	45.74	58.43	62.7	40.61	20.62	35.13	31.18	31.99	25.36	19.39	37.76	26.22	14.62	27.75	51.75	19.62	17.79		
hsa-miR-1272	hsa-miR-1272	hsa-miR-1272	MIMAT0005925	Endogenous1	46.93	16.1	11.58	28.75	26.08	32.05	22	3.56	26.35	15.12	7.72	22.82	14.54	45.63	11.84	6.58	15.68	11.5	1.09	42.42		
hsa-miR-1273c	hsa-miR-1273c	hsa-miR-1273c	MIMAT0015017	Endogenous1	30.84	26.07	18.82	27.44	24	36.23	28.77	21.33	42.82	31.18	17.65	27.89	19.39	31.47	25.37	18.28	13.27	24.44	17.44	28.74		
hsa-miR-1275	hsa-miR-1275	hsa-miR-1275	MIMAT0005929	Endogenous1	22.8	15.34	18.82	18.3	14.61	22.29	18.61	9.24	19.76	15.12	12.13	21.55	17.45	22.03	18.61	11.7	12.06	21.56	6.54	15.05		
hsa-miR-1276	hsa-miR-1276	hsa-miR-1276	MIMAT0005930	Endogenous1	34.87	18.4	27.5	15.68	30.26	27.87	20.31	8.53	23.06	30.24	23.16	30.43	17.45	29.89	29.6	13.89	12.06	23	16.35	24.63		
hsa-miR-1277-3p	hsa-miR-1277-3p	hsa-miR-1277-3p	MIMAT0005933	Endogenous1	41.57	15.34	26.06	23.52	32.34	33.44	30.46	19.2	53.8	36.85	31.99	59.59	22.29	37.76	29.6	21.2	34.99	33.06	46.86	45.16		
hsa-miR-1278	hsa-miR-1278	hsa-miR-1278	MIMAT0005936	Endogenous1	21.46	16.1	33.29	22.22	29.21	23.69	25.38	8.53	17.57	14.17	20.96	22.82	24.23	28.32	15.22	10.97	21.72	27.31	17.44	9.58		
hsa-miR-1279	hsa-miR-1279	hsa-miR-1279	MIMAT0005937	Endogenous1	40.23	29.91	33.29	27.44	32.34	36.23	30.46	30.57	46.11	30.24	26.47	25.36	16.48	66.08	32.98	25.59	27.75	25.87	18.53	42.42		
hsa-miR-128-1-5p	hsa-miR-128-1-5p	hsa-miR-128-1-5p	MIMAT0026477	Endogenous1	34.87	29.91	11.58	9.15	16.69	19.51	15.23	20.62	38.43	25.51	8.82	11.41	5.82	28.32	21.14	12.43	14.48	12.94	11.99	23.26		
hsa-miR-128-2-5p	hsa-miR-128-2-5p	hsa-miR-128-2-5p	MIMAT0031095	Endogenous1	25.48	11.5	18.82	22.22	18.78	32.05	30.46	11.38	20.86	21.73	12.13	30.43	7.75	20.45	10.99	10.97	16.89	23	11.99	10.95		
hsa-miR-128-3p	hsa-miR-128-3p	hsa-miR-128-3p	MIMAT0000424	Endogenous1	1.34	1	1.45	1.31	1.04	1.39	1.69	1	1.1	1	1.1	1.27	1	1.57	1	1	1.21	1.44	1.09	1.37		
hsa-miR-1281	hsa-miR-1281	hsa-miR-1281	MIMAT0005939	Endogenous1	44.25	20.7	15.92	27.44	30.26	18.11	22	17.78	37.33	17.01	14.34	13.95	12.6	42.48	40.59	10.97	16.89	14.37	15.26	38.32		
hsa-miR-1283	hsa-miR-1283	hsa-miR-1283	MIMAT0005799	Endogenous1	1.34	1	1.45	1.31	1.04	1.39	1.69	1	1.1	1	1.1	1.27	1	1.57	1	1	1.21	1.44	1.09	1.37		
hsa-miR-1285-3p	hsa-miR-1285-3p	hsa-miR-1285-3p	MIMAT0005876	Endogenous1	20.11	11.5	26.06	23.52	33.39	16.72	20.31	12.8	20.86	17.01	20.96	17.75	7.75	26.75	15.22	12.43	20.51	23	9.81	15.05		
hsa-miR-1285-5p	hsa-miR-1285-5p	hsa-miR-1285-5p	MIMAT0022719	Endogenous1	60.34	29.14	33.29	53.58	59.47	65.49	35.54	34.84	51.6	50.08	37.5	44.38	39.74	66.08	46.51	21.2	45.85	48.87	27.24	46.53		
hsa-miR-1286	hsa-miR-1286	hsa-miR-1286	MIMAT0005877	Endogenous1	34.87	23.77	26.06	39.21	35.47	40.41	20.31	12.8	30.74	28.35	17.65	26.63	22.29	36.19	18.61	16.08	18.1	25.87	15.26	34.21		
hsa-miR-1287-3p	hsa-miR-1287-3p	hsa-miR-1287-3p	MIMAT0026738	Endogenous1	26.82	23.77	14.48	26.14	14.61	18.11	18.61	17.06	36.23	22.68	14.34	22.82	6.79	22.03	12.69	16.08	20.51	18.69	13.08	13.68		
hsa-miR-1287-5p	hsa-miR-1287-5p	hsa-miR-1287-5p	MIMAT0005878	Endogenous1	50.96	34.51	17.37	16.99	21.91	29.26	23.69	22.75	39.53	40.63	20.96	21.55	20.36	51.92	41.44	25.59	20.51	21.56	17.44	31.47		
hsa-miR-1288-3p	hsa-miR-1288-3p	hsa-miR-1288-3p	MIMAT0005942	Endogenous1	25.48	16.87	13.03	22.22	19.82	19.51	5.08	9.24	24.16	19.84	15.44	12.68	7.75	12.59	14.38	9.5	9.65	17.25	7.63	23.26		
hsa-miR-1289	hsa-miR-1289	hsa-miR-1289	MIMAT0005879	Endogenous1	22.8	23.01	18.82	26.14	31.3	25.08	16.92	10.67	25.25	29.29	20.96	16.48	8.72	22.03	27.91	13.16	13.27	23	10.9	28.74		
hsa-miR-129-2-3p	hsa-miR-129-2-3p	hsa-miR-129-2-3p	MIMAT0004605	Endogenous1	53.64	26.07	23.16	30.06	39.65	37.62	35.54	23.46	42.82	50.08	19.85	36.77	18.42	37.76	46.51	20.47	22.92	23	18.53	26		
hsa-miR-129-5p	hsa-miR-129-5p	hsa-miR-129-5p	MIMAT0000242	Endogenous1	18.77	19.94	23.16	13.07	16.69	19.51	6.77	12.09	23.06	19.84	18.75	20.29	7.75	26.75	13.53	6.58	21.72	18.69	5.45	10.95		
hsa-miR-1290	hsa-miR-1290	hsa-miR-1290	MIMAT0005880	Endogenous1	85.82	36.81	47.77	41.82	39.65	45.98	52.46	36.26	64.78	63.31	29.78	40.57	23.26	80.24	30.45	24.12	25.34	47.44	33.78	60.21		
hsa-miR-1291	hsa-miR-1291	hsa-miR-1291	MIMAT0005881	Endogenous1	18.77	15.34	23.16	15.68	20.87	18.11	13.54	5.69	19.76	17.01	17.65	15.21	16.48	18.88	16.07	14.62	14.48	7.19	6.54	21.89		
hsa-miR-1293	hsa-miR-1293	hsa-miR-1293	MIMAT0005883	Endogenous1	44.25	23.01	17.37	27.44	25.04	30.65	25.38	12.09	34.04	28.35	16.54	20.29	15.51	26.75	25.37	13.89	15.68	21.56	18.53	20.53		
hsa-miR-1295a	hsa-miR-1295a	hsa-miR-1295a	MIMAT0005885	Endogenous1	52.3	22.24	41.98	33.98	37.56	34.83	33.84	20.62	48.31	34.02	27.57	22.82	10.66	31.47	32.14	20.47	26.54	20.12	13.08	23.26		
hsa-miR-1296-3p	hsa-miR-1296-3p	hsa-miR-1296-3p	MIMAT0026637	Endogenous1	44.25	32.21	43.43	27.44	35.47	48.77	32.15	26.31	34.04	36.85	17.65	16.48	12.6	48.77	31.29	25.59	25.34	30.19	11.99	35.58		
hsa-miR-1296-5p	hsa-miR-1296-5p	hsa-miR-1296-5p	MIMAT0005794	Endogenous1	21.46	12.27	15.92	11.76	16.69	15.33	8.46	6.4	28.55	16.06	13.24	11.41	10.66	15.73	6.77	10.97	18.1	8.62	14.17	12.32		
hsa-miR-1297	hsa-miR-1297	hsa-miR-1297	MIMAT0005886	Endogenous1	63.03	46.01	69.48	58.81	63.65	84.99	74.46	27.73	64.78	55.75	39.71	59.59	33.93	59.79	34.67	28.51	55.5	57.5	44.68	38.32		
hsa-miR-1298-5p	hsa-miR-1298-5p	hsa-miR-1298-5p	MIMAT0005800	Endogenous1	48.28	32.21	34.74	31.36	33.39	22.29	20.31	17.06	41.72	32.13	24.27	22.82	9.69	55.07	25.37	23.39	16.89	11.5	13.08	32.84		
hsa-miR-1299	hsa-miR-1299	hsa-miR-1299	MIMAT0005887	Endogenous1	29.5	20.7	43.43	30.06	29.21	22.29	15.23	13.51	42.82	34.96	15.44	16.48	12.6	31.47	19.45	17.55	21.72	10.06	11.99	17.79		
hsa-miR-1301-3p	hsa-miR-1301-3p	hsa-miR-1301-3p	MIMAT0005797	Endogenous1	22.8	11.5	23.16	15.68	12.52	13.93	22	7.11	25.25	17.95	18.75	16.48	3.88	17.31	15.22	11.7	8.45	10.06	7.63	19.16		
hsa-miR-1302	hsa-miR-1302	hsa-miR-1302	MIMAT0005890	Endogenous1	44.25	19.17	21.71	23.52	26.08	23.69	23.69	15.64	28.55	28.35	20.96	12.68	14.54	45.63	27.91	13.89	15.68	11.5	9.81	28.74		
hsa-miR-1303	hsa-miR-1303	hsa-miR-1303	MIMAT0005891	Endogenous1	24.14	19.94	15.92	18.3	21.91	27.87	15.23	16.35	19.76	17.01	22.06	24.09	11.63	28.32	19.45	10.97	18.1	14.37	19.62	15.05		
hsa-miR-1304-3p	hsa-miR-1304-3p	hsa-miR-1304-3p	MIMAT0022720	Endogenous1	21.46	15.34	18.82	15.68	19.82	26.47	18.61	12.09	25.25	33.07	13.24	11.41	7.75	25.17	25.37	11.7	13.27	11.5	10.9	24.63		
hsa-miR-1304-5p	hsa-miR-1304-5p	hsa-miR-1304-5p	MIMAT0005892	Endogenous1	36.21	36.81	36.19	23.52	30.26	33.44	50.77	22.75	31.84	38.74	18.75	31.7	27.14	70.8	32.98	24.12	21.72	20.12	20.71	35.58		
hsa-miR-1305	hsa-miR-1305	hsa-miR-1305	MIMAT0005893	Endogenous1	40.23	33.74	43.43	43.13	51.13	73.84	38.92	28.44	52.7	50.08	40.81	30.43	24.23	66.08	41.44	22.66	25.34	41.69	21.8	46.53		
hsa-miR-1306-3p	hsa-miR-1306-3p	hsa-miR-1306-3p	MIMAT0005950	Endogenous1	50.96	31.44	47.77	47.05	50.08	43.19	35.54	26.31	37.33	43.47	34.19	32.97	20.36	61.36	27.91	18.28	32.58	41.69	21.8	24.63		
hsa-miR-1306-5p	hsa-miR-1306-5p	hsa-miR-1306-5p	MIMAT0022726	Endogenous1	21.46	18.4	14.48	16.99	28.17	26.47	25.38	15.64	31.84	19.84	8.82	20.29	12.6	12.59	21.14	10.23	15.68	12.94	15.26	20.53		
hsa-miR-1307-3p	hsa-miR-1307-3p	hsa-miR-1307-3p	MIMAT0005951	Endogenous1	44.25	40.64	36.19	24.83	33.39	43.19	32.15	23.46	39.53	46.3	25.37	29.16	21.33	56.64	24.53	24.12	30.16	25.87	18.53	38.32		
hsa-miR-1307-5p	hsa-miR-1307-5p	hsa-miR-1307-5p	MIMAT0022727	Endogenous1	68.39	29.14	43.43	27.44	33.39	48.77	45.69	21.33	53.8	53.86	28.68	36.77	29.08	62.93	33.83	40.94	36.19	41.69	22.89	26		
hsa-miR-130a-3p	hsa-miR-130a-3p	hsa-miR-130a-3p	MIMAT0000425	Endogenous1	73.75	77.45	56.46	56.2	57.39	80.81	55.84	103.81	49.41	87.88	68.38	105.24	86.27	62.93	86.26	97.23	68.77	84.81	79.55	82.1		
hsa-miR-130b-3p	hsa-miR-130b-3p	hsa-miR-130b-3p	MIMAT0000691	Endogenous1	18.77	22.24	34.74	26.14	18.78	19.51	22	18.49	29.64	12.28	16.54	20.29	21.33	20.45	21.14	19.74	15.68	14.37	26.15	23.26		
hsa-miR-132-3p	hsa-miR-132-3p	hsa-miR-132-3p	MIMAT0000426	Endogenous1	75.1	49.08	52.11	35.29	86.6	47.37	37.23	62.57	61.49	66.15	334.2	348.67	74.64	81.81	168.29	147.67	90.49	96.31	187.44	172.42		
hsa-miR-1322	hsa-miR-1322	hsa-miR-1322	MIMAT0005953	Endogenous1	29.5	13.8	26.06	32.67	36.52	37.62	27.08	16.35	35.13	20.79	23.16	21.55	10.66	45.63	33.83	17.55	25.34	27.31	16.35	16.42		
hsa-miR-1323	hsa-miR-1323	hsa-miR-1323	MIMAT0005795	Endogenous1	59	32.97	28.95	20.91	22.95	40.41	40.61	29.15	51.6	55.75	24.27	24.09	20.36	75.52	41.44	21.2	21.72	31.62	21.8	32.84		
hsa-miR-133a-3p	hsa-miR-133a-3p	hsa-miR-133a-3p	MIMAT0000427	Endogenous1	38.89	31.44	21.71	31.36	31.3	37.62	30.46	26.31	42.82	29.29	27.57	19.02	12.6	37.76	32.98	10.97	15.68	14.37	20.71	41.05		
hsa-miR-133a-5p	hsa-miR-133a-5p	hsa-miR-133a-5p	MIMAT0026478	Endogenous1	42.91	23.77	30.4	22.22	28.17	41.8	28.77	25.6	30.74	29.29	19.85	32.97	13.57	36.19	25.37	20.47	20.51	27.31	15.26	27.37		
hsa-miR-133b	hsa-miR-133b	hsa-miR-133b	MIMAT0000770	Endogenous1	17.43	6.9	15.92	16.99	22.95	18.11	20.31	7.11	18.67	11.34	11.03	13.95	9.69	20.45	19.45	9.5	12.06	18.69	9.81	13.68		
hsa-miR-134-3p	hsa-miR-134-3p	hsa-miR-134-3p	MIMAT0026481	Endogenous1	41.57	19.94	30.4	16.99	28.17	27.87	20.31	14.22	39.53	32.13	18.75	21.55	10.66	25.17	20.3	21.2	26.54	28.75	8.72	27.37		
hsa-miR-134-5p+hsa-miR-6728-5p	hsa-miR-134-5p+hsa-miR-6728-5p	hsa-miR-134-5p+hsa-miR-6728-5p	MIMAT0000447	Endogenous1	36.21	19.17	11.58	13.07	14.61	16.72	13.54	16.35	24.16	28.35	11.03	13.95	12.6	33.04	16.07	16.08	15.68	11.5	8.72	15.05		
hsa-miR-135a-5p	hsa-miR-135a-5p	hsa-miR-135a-5p	MIMAT0000428	Endogenous1	32.18	20.7	10.13	18.3	16.69	11.15	6.77	12.8	45.02	27.4	13.24	17.75	2.91	31.47	20.3	13.89	7.24	11.5	7.63	24.63		
hsa-miR-135b-5p	hsa-miR-135b-5p	hsa-miR-135b-5p	MIMAT0000758	Endogenous1	38.89	19.17	24.61	35.29	51.13	36.23	23.69	26.31	31.84	33.07	17.65	32.97	11.63	50.35	32.14	15.35	19.3	25.87	22.89	35.58		
hsa-miR-136-5p	hsa-miR-136-5p	hsa-miR-136-5p	MIMAT0000448	Endogenous1	30.84	22.24	27.5	22.22	34.43	37.62	33.84	27.02	29.64	34.02	15.44	21.55	20.36	37.76	24.53	17.55	22.92	31.62	18.53	31.47		
hsa-miR-137	hsa-miR-137	hsa-miR-137	MIMAT0000429	Endogenous1	41.57	25.31	21.71	13.07	24	18.11	32.15	16.35	38.43	28.35	18.75	26.63	8.72	44.05	22.83	18.28	15.68	15.81	16.35	38.32		
hsa-miR-138-5p	hsa-miR-138-5p	hsa-miR-138-5p	MIMAT0000430	Endogenous1	34.87	32.21	44.87	52.27	43.82	50.16	30.46	21.33	47.21	35.91	29.78	26.63	21.33	51.92	29.6	32.17	32.58	43.12	32.69	46.53		
hsa-miR-139-3p	hsa-miR-139-3p	hsa-miR-139-3p	MIMAT0004552	Endogenous1	36.21	21.47	47.77	47.05	46.95	61.31	40.61	10.67	39.53	21.73	30.88	45.64	34.9	45.63	21.14	16.08	28.96	27.31	27.24	17.79		
hsa-miR-139-5p	hsa-miR-139-5p	hsa-miR-139-5p	MIMAT0000250	Endogenous1	29.5	13.04	10.13	22.22	18.78	29.26	11.85	10.67	25.25	23.62	8.82	10.14	11.63	34.61	10.99	11.7	14.48	11.5	13.08	12.32		
hsa-miR-140-3p	hsa-miR-140-3p	hsa-miR-140-3p	MIMAT0004597	Endogenous1	89.85	32.21	23.16	30.06	40.69	34.83	13.54	38.4	54.9	45.36	18.75	25.36	13.57	77.09	54.12	36.55	27.75	35.94	30.51	24.63		
hsa-miR-140-5p	hsa-miR-140-5p	hsa-miR-140-5p	MIMAT0000431	Endogenous1	172.99	281.43	208.45	179.04	202.41	160.23	192.92	329.21	219.59	202.22	263.61	248.51	322.79	182.5	246.1	312.89	253.36	229.99	257.19	214.84		
hsa-miR-141-3p	hsa-miR-141-3p	hsa-miR-141-3p	MIMAT0000432	Endogenous1	38.89	19.17	26.06	24.83	29.21	23.69	18.61	18.49	31.84	31.18	24.27	20.29	15.51	26.75	22.83	16.08	18.1	23	15.26	24.63		
hsa-miR-142-3p	hsa-miR-142-3p	hsa-miR-142-3p	MIMAT0000434	Endogenous1	12154.8	23754.43	13254.03	8089.56	9233.82	8430.86	13801.88	28380.77	16673.64	14130.22	19816.87	15456.89	20589.52	12389.82	21703.27	25977.89	17157.41	19138.35	30472.67	27477.71		
hsa-miR-142-5p	hsa-miR-142-5p	hsa-miR-142-5p	MIMAT0000433	Endogenous1	17.43	17.64	27.5	16.99	18.78	27.87	13.54	18.49	38.43	27.4	15.44	12.68	15.51	25.17	26.22	11.7	12.06	17.25	13.08	15.05		
hsa-miR-143-3p	hsa-miR-143-3p	hsa-miR-143-3p	MIMAT0000435	Endogenous1	1.34	1	1.45	1.31	1.04	1.39	1.69	1	1.1	1	1.1	1.27	1	1.57	1	1	1.21	1.44	1.09	1.37		
hsa-miR-144-3p	hsa-miR-144-3p	hsa-miR-144-3p	MIMAT0000436	Endogenous1	36.21	26.07	31.85	27.44	24	27.87	13.54	19.91	29.64	107.73	24.27	15.21	23.26	48.77	26.22	16.81	25.34	35.94	51.22	15.05		
hsa-miR-145-5p	hsa-miR-145-5p	hsa-miR-145-5p	MIMAT0000437	Endogenous1	33.52	20.7	28.95	11.76	16.69	18.11	30.46	21.33	26.35	18.9	19.85	25.36	23.26	14.16	27.06	20.47	26.54	11.5	9.81	17.79		
hsa-miR-1469	hsa-miR-1469	hsa-miR-1469	MIMAT0007347	Endogenous1	26.82	9.97	7.24	15.68	9.39	18.11	10.15	8.53	18.67	17.95	9.93	11.41	10.66	31.47	13.53	12.43	6.03	15.81	9.81	17.79		
hsa-miR-146a-5p	hsa-miR-146a-5p	hsa-miR-146a-5p	MIMAT0000449	Endogenous1	115.33	87.42	65.14	73.18	242.06	86.38	138.76	165.67	70.27	122.85	25.37	51.98	107.6	61.36	49.9	57.02	53.09	133.68	196.16	88.95		
hsa-miR-146b-3p	hsa-miR-146b-3p	hsa-miR-146b-3p	MIMAT0004766	Endogenous1	17.43	11.5	15.92	14.38	18.78	27.87	16.92	12.09	15.37	7.56	5.51	16.48	13.57	25.17	18.61	6.58	7.24	4.31	7.63	24.63		
hsa-miR-146b-5p	hsa-miR-146b-5p	hsa-miR-146b-5p	MIMAT0002809	Endogenous1	42.91	29.91	40.53	30.06	37.56	50.16	40.61	32.71	74.66	65.2	39.71	39.3	28.11	66.08	53.28	43.13	37.4	24.44	32.69	39.68		
hsa-miR-147a	hsa-miR-147a	hsa-miR-147a	MIMAT0000251	Endogenous1	53.64	23.77	41.98	36.59	30.26	33.44	28.77	19.2	46.11	34.02	26.47	24.09	22.29	55.07	21.14	19.74	27.75	27.31	19.62	38.32		
hsa-miR-147b	hsa-miR-147b	hsa-miR-147b	MIMAT0004928	Endogenous1	17.43	19.17	24.61	11.76	22.95	25.08	15.23	13.51	21.96	15.12	14.34	20.29	10.66	42.48	21.99	10.97	12.06	10.06	7.63	23.26		
hsa-miR-148a-3p	hsa-miR-148a-3p	hsa-miR-148a-3p	MIMAT0000243	Endogenous1	138.12	314.4	159.23	90.17	102.25	71.06	93.07	221.13	292.06	110.56	119.12	116.65	221.01	130.58	276.54	839.25	160.46	225.68	131.86	145.05		
hsa-miR-148b-3p	hsa-miR-148b-3p	hsa-miR-148b-3p	MIMAT0000759	Endogenous1	160.92	198.61	195.42	168.59	223.28	158.84	120.15	205.49	142.73	168.21	185.3	121.72	198.71	110.13	177.6	184.96	166.49	145.18	176.55	128.63		
hsa-miR-149-5p	hsa-miR-149-5p	hsa-miR-149-5p	MIMAT0000450	Endogenous1	36.21	38.34	46.32	27.44	24	37.62	25.38	29.15	68.07	58.59	23.16	38.04	21.33	70.8	38.06	34.36	20.51	31.62	27.24	39.68		
hsa-miR-150-5p	hsa-miR-150-5p	hsa-miR-150-5p	MIMAT0000451	Endogenous1	49.62	223.15	246.09	343.71	137.72	199.24	350.29	302.9	670.85	947.81	105.88	398.12	186.11	136.88	600.45	252.21	2490.18	705.79	1296.85	1331.46		
hsa-miR-151a-3p	hsa-miR-151a-3p	hsa-miR-151a-3p	MIMAT0000757	Endogenous1	37.55	16.87	26.06	22.22	49.04	34.83	22	10.67	28.55	23.62	19.85	43.11	19.39	17.31	16.91	18.28	20.51	20.12	20.71	27.37		
hsa-miR-151a-5p	hsa-miR-151a-5p	hsa-miR-151a-5p	MIMAT0004697	Endogenous1	13.41	14.57	10.13	16.99	19.82	12.54	11.85	17.06	28.55	17.95	8.82	15.21	11.63	20.45	19.45	6.58	8.45	12.94	11.99	12.32		
hsa-miR-151b	hsa-miR-151b	hsa-miR-151b	MIMAT0010214	Endogenous1	28.16	21.47	15.92	14.38	13.56	12.54	13.54	14.22	24.16	22.68	6.62	12.68	8.72	31.47	21.99	13.16	4.83	5.75	5.45	20.53		
hsa-miR-152-3p	hsa-miR-152-3p	hsa-miR-152-3p	MIMAT0000438	Endogenous1	40.23	16.1	4.34	14.38	19.82	11.15	11.85	21.33	30.74	28.35	8.82	12.68	7.75	25.17	31.29	17.55	7.24	11.5	6.54	31.47		
hsa-miR-152-5p	hsa-miR-152-5p	hsa-miR-152-5p	MIMAT0026479	Endogenous1	25.48	10.74	10.13	7.84	5.22	6.97	3.38	14.93	18.67	13.23	4.41	7.61	4.85	23.6	7.61	8.77	3.62	5.75	2.18	21.89		
hsa-miR-153-3p	hsa-miR-153-3p	hsa-miR-153-3p	MIMAT0000439	Endogenous1	26.82	16.87	24.61	28.75	15.65	29.26	44	10.67	15.37	22.68	19.85	21.55	14.54	25.17	13.53	13.16	18.1	23	13.08	17.79		
hsa-miR-1537-3p	hsa-miR-1537-3p	hsa-miR-1537-3p	MIMAT0007399	Endogenous1	410.35	509.95	398.08	263.99	331.79	210.39	375.68	593	307.43	385.55	379.42	169.9	293.71	276.9	477.82	541.71	265.43	241.49	280.08	272.31		
hsa-miR-154-5p	hsa-miR-154-5p	hsa-miR-154-5p	MIMAT0000452	Endogenous1	21.46	17.64	21.71	24.83	31.3	20.9	22	11.38	21.96	25.51	16.54	30.43	12.6	34.61	21.14	11.7	36.19	25.87	25.07	15.05		
hsa-miR-155-5p	hsa-miR-155-5p	hsa-miR-155-5p	MIMAT0000646	Endogenous1	81.8	115.03	60.8	60.12	71.99	57.13	64.31	109.5	103.21	95.44	66.18	44.38	79.49	92.83	76.11	84.8	44.64	56.06	49.04	90.32		
hsa-miR-15a-5p	hsa-miR-15a-5p	hsa-miR-15a-5p	MIMAT0000068	Endogenous1	3018.59	5282	3217.97	3105.13	2932.91	2918.96	3704.31	5457.16	3602.41	3521.92	4892.73	4082.62	5214.99	3011.32	5156.25	6303.85	4308.35	4661.68	6147.5	2706.72		
hsa-miR-15b-5p	hsa-miR-15b-5p	hsa-miR-15b-5p	MIMAT0000417	Endogenous1	2226.06	5214.52	2314.68	2241.29	2180.64	2069.05	2018.84	5241	2784.43	3205.36	2668.06	2052.72	3034.97	2016.98	3805.66	4406.77	2837.65	2463.81	2964.23	2471.35		
hsa-miR-16-5p	hsa-miR-16-5p	hsa-miR-16-5p	MIMAT0000069	Endogenous1	1210.92	2621.06	936.58	857.31	1135.19	849.91	1076.26	4303.15	1945.59	2092.18	1182.37	1106.87	1996.82	1285.39	2107.49	3262.68	1566.02	1559.64	2514.14	1721.46		
hsa-miR-181a-2-3p	hsa-miR-181a-2-3p	hsa-miR-181a-2-3p	MIMAT0004558	Endogenous1	24.14	16.87	31.85	33.98	25.04	29.26	22	14.93	27.45	20.79	29.78	38.04	11.63	33.04	22.83	14.62	22.92	24.44	9.81	28.74		
hsa-miR-181a-3p	hsa-miR-181a-3p	hsa-miR-181a-3p	MIMAT0000270	Endogenous1	57.66	48.31	55.01	53.58	44.86	55.73	40.61	65.41	53.8	47.25	68.38	57.06	54.28	58.21	51.59	102.35	47.05	54.62	47.95	61.58		
hsa-miR-181a-5p	hsa-miR-181a-5p	hsa-miR-181a-5p	MIMAT0000256	Endogenous1	1393.3	1985.35	1030.68	1444.1	1091.36	1290.2	967.96	2833.46	1643.65	1668.83	1816.57	1115.75	1751.58	910.95	1841.94	3354.06	1283.7	1551.02	1580.19	1595.57		
hsa-miR-181b-2-3p	hsa-miR-181b-2-3p	hsa-miR-181b-2-3p	MIMAT0031893	Endogenous1	33.52	31.44	26.06	32.67	42.78	36.23	37.23	20.62	53.8	45.36	26.47	43.11	19.39	56.64	29.6	16.08	25.34	25.87	20.71	30.11		
hsa-miR-181b-5p+hsa-miR-181d-5p	hsa-miR-181b-5p+hsa-miR-181d-5p	hsa-miR-181b-5p+hsa-miR-181d-5p	MIMAT0000257	Endogenous1	38.89	48.31	49.22	37.9	37.56	50.16	40.61	63.28	56	54.81	35.29	35.5	37.8	48.77	37.21	74.57	41.02	40.25	30.51	41.05		
hsa-miR-181c-5p	hsa-miR-181c-5p	hsa-miR-181c-5p	MIMAT0000258	Endogenous1	42.91	45.24	26.06	40.51	46.95	39.01	20.31	56.88	49.41	52.92	28.68	17.75	41.68	36.19	45.67	54.83	31.37	28.75	26.15	47.89		
hsa-miR-181d-3p	hsa-miR-181d-3p	hsa-miR-181d-3p	MIMAT0026608	Endogenous1	40.23	19.17	17.37	30.06	21.91	22.29	25.38	15.64	34.04	35.91	11.03	19.02	9.69	31.47	21.99	15.35	16.89	27.31	6.54	39.68		
hsa-miR-182-3p	hsa-miR-182-3p	hsa-miR-182-3p	MIMAT0000260	Endogenous1	29.5	19.17	20.27	19.6	18.78	15.33	15.23	14.93	35.13	25.51	11.03	19.02	12.6	34.61	21.99	14.62	12.06	15.81	9.81	15.05		
hsa-miR-182-5p	hsa-miR-182-5p	hsa-miR-182-5p	MIMAT0000259	Endogenous1	18.77	15.34	10.13	13.07	14.61	19.51	6.77	7.11	15.37	18.9	13.24	15.21	8.72	22.03	14.38	13.89	12.06	20.12	11.99	19.16		
hsa-miR-1827	hsa-miR-1827	hsa-miR-1827	MIMAT0006767	Endogenous1	60.34	41.41	36.19	32.67	46.95	48.77	42.31	25.6	75.76	51.03	36.4	77.34	20.36	110.13	39.75	29.24	36.19	34.5	30.51	46.53		
hsa-miR-183-5p	hsa-miR-183-5p	hsa-miR-183-5p	MIMAT0000261	Endogenous1	101.92	45.24	40.53	47.05	52.17	54.34	50.77	32	63.68	57.64	40.81	54.52	36.83	77.09	47.36	38.75	32.58	43.12	27.24	43.79		
hsa-miR-184	hsa-miR-184	hsa-miR-184	MIMAT0000454	Endogenous1	30.84	19.94	21.71	16.99	25.04	26.47	33.84	9.95	26.35	19.84	23.16	20.29	11.63	39.33	21.14	22.66	14.48	28.75	14.17	20.53		
hsa-miR-185-5p	hsa-miR-185-5p	hsa-miR-185-5p	MIMAT0000455	Endogenous1	48.28	102.76	49.22	48.35	58.43	48.77	44	96.7	62.58	76.54	58.46	64.66	63.98	69.23	67.66	71.64	59.12	77.62	68.66	69.79		
hsa-miR-186-5p	hsa-miR-186-5p	hsa-miR-186-5p	MIMAT0000456	Endogenous1	72.41	119.63	60.8	54.89	65.73	66.88	66	123.01	126.27	110.56	58.46	48.18	68.82	64.51	114.17	95.04	56.7	61.81	71.93	105.37		
hsa-miR-187-3p	hsa-miR-187-3p	hsa-miR-187-3p	MIMAT0000262	Endogenous1	30.84	20.7	26.06	24.83	25.04	26.47	23.69	16.35	39.53	27.4	15.44	24.09	16.48	26.75	24.53	14.62	16.89	21.56	11.99	20.53		
hsa-miR-188-3p	hsa-miR-188-3p	hsa-miR-188-3p	MIMAT0004613	Endogenous1	24.14	23.77	10.13	16.99	16.69	11.15	13.54	17.06	32.94	15.12	12.13	20.29	6.79	33.04	26.22	10.97	22.92	10.06	6.54	17.79		
hsa-miR-188-5p	hsa-miR-188-5p	hsa-miR-188-5p	MIMAT0000457	Endogenous1	60.34	38.34	53.56	41.82	59.47	48.77	35.54	26.31	57.09	47.25	26.47	46.91	32.96	78.67	42.29	24.86	51.88	40.25	23.98	56.1		
hsa-miR-18a-5p	hsa-miR-18a-5p	hsa-miR-18a-5p	MIMAT0000072	Endogenous1	46.93	61.35	49.22	52.27	60.52	37.62	57.54	74.66	45.02	53.86	71.69	43.11	58.16	66.08	64.27	86.26	55.5	63.25	52.31	43.79		
hsa-miR-18b-5p	hsa-miR-18b-5p	hsa-miR-18b-5p	MIMAT0001412	Endogenous1	21.46	18.4	14.48	24.83	19.82	9.75	16.92	14.22	26.35	20.79	19.85	20.29	19.39	20.45	17.76	16.08	28.96	21.56	13.08	15.05		
hsa-miR-1908-3p	hsa-miR-1908-3p	hsa-miR-1908-3p	MIMAT0026916	Endogenous1	30.84	20.7	10.13	18.3	19.82	22.29	11.85	14.22	27.45	18.9	9.93	15.21	10.66	20.45	16.07	10.23	12.06	10.06	6.54	10.95		
hsa-miR-1908-5p	hsa-miR-1908-5p	hsa-miR-1908-5p	MIMAT0007881	Endogenous1	21.46	13.8	20.27	15.68	8.35	13.93	10.15	10.67	26.35	21.73	7.72	11.41	9.69	14.16	20.3	12.43	8.45	10.06	7.63	17.79		
hsa-miR-1909-3p	hsa-miR-1909-3p	hsa-miR-1909-3p	MIMAT0007883	Endogenous1	26.82	16.87	15.92	19.6	18.78	13.93	10.15	11.38	31.84	33.07	19.85	15.21	11.63	28.32	17.76	12.43	14.48	14.37	8.72	23.26		
hsa-miR-190a-3p	hsa-miR-190a-3p	hsa-miR-190a-3p	MIMAT0026482	Endogenous1	29.5	23.01	30.4	36.59	19.82	25.08	11.85	22.75	47.21	33.07	17.65	22.82	14.54	47.2	21.99	10.23	16.89	24.44	11.99	23.26		
hsa-miR-190a-5p	hsa-miR-190a-5p	hsa-miR-190a-5p	MIMAT0000458	Endogenous1	25.48	39.88	33.29	23.52	18.78	36.23	11.85	24.89	40.62	27.4	13.24	13.95	15.51	50.35	16.91	27.05	14.48	17.25	19.62	20.53		
hsa-miR-190b	hsa-miR-190b	hsa-miR-190b	MIMAT0004929	Endogenous1	45.59	36.04	36.19	37.9	25.04	29.26	23.69	26.31	42.82	38.74	38.6	44.38	19.39	51.92	30.45	24.86	30.16	43.12	25.07	30.11		
hsa-miR-191-5p	hsa-miR-191-5p	hsa-miR-191-5p	MIMAT0000440	Endogenous1	1759.39	3583.45	1758.81	2301.41	2080.48	2006.35	2039.15	3005.52	2450.65	2415.36	2981.3	2741.19	3180.37	2199.49	2498.21	2796.27	2583.08	2728.3	3931.96	3385.45		
hsa-miR-1910-3p	hsa-miR-1910-3p	hsa-miR-1910-3p	MIMAT0026917	Endogenous1	20.11	7.67	18.82	13.07	13.56	16.72	10.15	10.67	13.18	7.56	16.54	11.41	4.85	9.44	22.83	8.77	14.48	15.81	8.72	6.84		
hsa-miR-1910-5p	hsa-miR-1910-5p	hsa-miR-1910-5p	MIMAT0007884	Endogenous1	17.43	10.74	18.82	20.91	16.69	16.72	8.46	8.53	18.67	24.57	13.24	12.68	11.63	23.6	10.15	9.5	10.86	24.44	14.17	17.79		
hsa-miR-1915-3p	hsa-miR-1915-3p	hsa-miR-1915-3p	MIMAT0007892	Endogenous1	9.39	9.2	24.61	22.22	15.65	16.72	13.54	13.51	15.37	15.12	11.03	11.41	7.75	12.59	5.07	5.12	6.03	14.37	16.35	6.84		
hsa-miR-192-5p	hsa-miR-192-5p	hsa-miR-192-5p	MIMAT0000222	Endogenous1	33.52	23.77	34.74	32.67	35.47	25.08	22	19.91	52.7	30.24	20.96	31.7	14.54	44.05	21.14	17.55	31.37	24.44	20.71	24.63		
hsa-miR-193a-3p	hsa-miR-193a-3p	hsa-miR-193a-3p	MIMAT0000459	Endogenous1	44.25	23.01	11.58	24.83	16.69	11.15	10.15	17.06	46.11	40.63	8.82	19.02	9.69	51.92	31.29	16.81	19.3	10.06	3.27	32.84		
hsa-miR-193a-5p+hsa-miR-193b-5p	hsa-miR-193a-5p+hsa-miR-193b-5p	hsa-miR-193a-5p+hsa-miR-193b-5p	MIMAT0004614	Endogenous1	33.52	35.27	14.48	19.6	27.13	41.8	25.38	28.44	30.74	31.18	17.65	25.36	18.42	28.32	25.37	15.35	16.89	28.75	20.71	21.89		
hsa-miR-193b-3p	hsa-miR-193b-3p	hsa-miR-193b-3p	MIMAT0002819	Endogenous1	18.77	13.8	18.82	16.99	17.74	19.51	10.15	4.98	20.86	22.68	17.65	11.41	9.69	7.87	11.84	6.58	16.89	17.25	8.72	21.89		
hsa-miR-194-5p	hsa-miR-194-5p	hsa-miR-194-5p	MIMAT0000460	Endogenous1	25.48	13.8	21.71	18.3	26.08	26.47	11.85	14.93	24.16	23.62	14.34	22.82	9.69	22.03	21.99	16.08	10.86	24.44	15.26	20.53		
hsa-miR-195-5p	hsa-miR-195-5p	hsa-miR-195-5p	MIMAT0000461	Endogenous1	30.84	23.01	28.95	20.91	18.78	18.11	15.23	7.82	37.33	34.02	13.24	26.63	14.54	20.45	21.14	14.62	16.89	28.75	11.99	32.84		
hsa-miR-196a-3p	hsa-miR-196a-3p	hsa-miR-196a-3p	MIMAT0004562	Endogenous1	41.57	25.31	36.19	20.91	27.13	36.23	16.92	15.64	46.11	30.24	25.37	25.36	16.48	36.19	28.75	19.74	15.68	12.94	19.62	19.16		
hsa-miR-196a-5p	hsa-miR-196a-5p	hsa-miR-196a-5p	MIMAT0000226	Endogenous1	37.55	22.24	27.5	50.97	67.82	71.06	45.69	16.35	35.13	22.68	24.27	40.57	20.36	40.91	27.91	16.08	42.23	31.62	13.08	24.63		
hsa-miR-196b-5p	hsa-miR-196b-5p	hsa-miR-196b-5p	MIMAT0001080	Endogenous1	28.16	78.98	66.59	62.73	42.78	45.98	40.61	59.02	62.58	56.7	70.59	62.13	52.34	53.49	44.82	54.83	53.09	43.12	62.12	32.84		
hsa-miR-197-3p	hsa-miR-197-3p	hsa-miR-197-3p	MIMAT0000227	Endogenous1	103.26	220.85	96.99	87.56	105.38	72.45	71.07	197.67	218.49	251.36	72.8	98.9	68.82	152.61	104.87	127.2	82.04	71.87	76.29	146.42		
hsa-miR-197-5p	hsa-miR-197-5p	hsa-miR-197-5p	MIMAT0022691	Endogenous1	50.96	30.67	34.74	35.29	54.26	61.31	28.77	19.2	46.11	32.13	28.68	38.04	15.51	45.63	27.06	13.16	31.37	35.94	21.8	23.26		
hsa-miR-1972	hsa-miR-1972	hsa-miR-1972	MIMAT0009447	Endogenous1	34.87	21.47	47.77	39.21	35.47	54.34	35.54	13.51	30.74	30.24	49.63	50.72	31.99	31.47	32.14	21.2	32.58	43.12	27.24	10.95		
hsa-miR-1973	hsa-miR-1973	hsa-miR-1973	MIMAT0009448	Endogenous1	49.62	38.34	33.29	19.6	22.95	44.59	25.38	27.02	66.98	31.18	31.99	32.97	21.33	66.08	47.36	30.7	31.37	27.31	29.42	62.95		
hsa-miR-1976	hsa-miR-1976	hsa-miR-1976	MIMAT0009451	Endogenous1	29.5	20.7	26.06	26.14	25.04	16.72	28.77	9.95	21.96	18.9	16.54	25.36	13.57	18.88	21.14	10.23	16.89	23	13.08	26		
hsa-miR-198	hsa-miR-198	hsa-miR-198	MIMAT0000228	Endogenous1	50.96	26.07	43.43	41.82	50.08	36.23	28.77	14.93	47.21	28.35	26.47	17.75	19.39	37.76	30.45	21.2	22.92	46	30.51	27.37		
hsa-miR-199a-3p+hsa-miR-199b-3p	hsa-miR-199a-3p+hsa-miR-199b-3p	hsa-miR-199a-3p+hsa-miR-199b-3p	MIMAT0000232	Endogenous1	374.14	193.24	233.06	224.78	220.15	197.85	231.84	253.84	225.08	240.02	281.25	289.08	360.59	256.45	247.79	372.1	371.6	316.24	435.92	331.16		
hsa-miR-199a-5p	hsa-miR-199a-5p	hsa-miR-199a-5p	MIMAT0000231	Endogenous1	69.73	42.94	34.74	13.07	40.69	34.83	22	44.08	53.8	48.19	30.88	38.04	36.83	77.09	38.06	61.41	34.99	27.31	31.6	87.58		
hsa-miR-199b-5p	hsa-miR-199b-5p	hsa-miR-199b-5p	MIMAT0000263	Endogenous1	217.24	266.86	266.35	232.62	195.11	218.75	257.22	324.23	223.98	214.51	296.7	275.13	298.55	201.38	305.3	395.5	289.56	316.24	346.55	403.68		
hsa-miR-19a-3p	hsa-miR-19a-3p	hsa-miR-19a-3p	MIMAT0000073	Endogenous1	76.44	102.76	82.51	81.03	66.78	43.19	110	223.26	93.33	75.6	129.05	97.63	124.07	100.69	145.46	130.86	100.14	94.87	105.71	58.84		
hsa-miR-19b-3p	hsa-miR-19b-3p	hsa-miR-19b-3p	MIMAT0000074	Endogenous1	107.28	197.08	79.62	94.09	85.56	52.95	93.07	300.77	160.3	131.35	129.05	131.86	147.34	97.55	170.83	224.43	132.71	126.5	162.38	83.47		
hsa-miR-200a-3p	hsa-miR-200a-3p	hsa-miR-200a-3p	MIMAT0000682	Endogenous1	33.52	23.01	36.19	40.51	46.95	37.62	37.23	17.78	26.35	24.57	37.5	32.97	20.36	31.47	28.75	13.89	25.34	21.56	27.24	27.37		
hsa-miR-200b-3p	hsa-miR-200b-3p	hsa-miR-200b-3p	MIMAT0000318	Endogenous1	34.87	18.4	30.4	22.22	31.3	33.44	27.08	24.89	31.84	27.4	17.65	29.16	16.48	34.61	24.53	12.43	28.96	18.69	10.9	24.63		
hsa-miR-200c-3p	hsa-miR-200c-3p	hsa-miR-200c-3p	MIMAT0000617	Endogenous1	42.91	27.61	36.19	35.29	33.39	39.01	42.31	32.71	40.62	40.63	23.16	27.89	29.08	59.79	36.37	27.05	25.34	33.06	19.62	31.47		
hsa-miR-202-3p	hsa-miR-202-3p	hsa-miR-202-3p	MIMAT0002811	Endogenous1	14.75	10.74	15.92	18.3	22.95	16.72	13.54	7.11	19.76	13.23	6.62	16.48	7.75	29.89	13.53	6.58	7.24	12.94	16.35	8.21		
hsa-miR-203a-3p	hsa-miR-203a-3p	hsa-miR-203a-3p	MIMAT0000264	Endogenous1	32.18	18.4	14.48	16.99	18.78	20.9	35.54	12.09	25.25	28.35	12.13	15.21	14.54	34.61	20.3	16.81	7.24	18.69	8.72	17.79		
hsa-miR-203a-5p	hsa-miR-203a-5p	hsa-miR-203a-5p	MIMAT0031890	Endogenous1	45.59	16.87	27.5	32.67	31.3	44.59	18.61	19.91	38.43	29.29	31.99	34.23	26.17	47.2	28.75	21.93	25.34	27.31	17.44	28.74		
hsa-miR-204-5p	hsa-miR-204-5p	hsa-miR-204-5p	MIMAT0000265	Endogenous1	20.11	10.74	17.37	13.07	18.78	20.9	15.23	11.38	14.27	15.12	22.06	19.02	9.69	17.31	17.76	14.62	10.86	12.94	13.08	12.32		
hsa-miR-205-5p	hsa-miR-205-5p	hsa-miR-205-5p	MIMAT0000266	Endogenous1	36.21	13.04	37.64	20.91	31.3	41.8	37.23	27.02	17.57	41.58	19.85	46.91	17.45	39.33	19.45	16.08	27.75	28.75	16.35	27.37		
hsa-miR-2053	hsa-miR-2053	hsa-miR-2053	MIMAT0009978	Endogenous1	67.05	48.31	70.93	73.18	71.99	69.67	60.92	29.86	52.7	54.81	49.63	58.32	48.47	73.95	56.66	42.4	83.25	66.12	49.04	73.89		
hsa-miR-206	hsa-miR-206	hsa-miR-206	MIMAT0000462	Endogenous1	32.18	24.54	14.48	27.44	20.87	20.9	18.61	26.31	30.74	20.79	11.03	22.82	19.39	45.63	11.84	10.97	18.1	11.5	11.99	30.11		
hsa-miR-208a-3p	hsa-miR-208a-3p	hsa-miR-208a-3p	MIMAT0000241	Endogenous1	38.89	17.64	21.71	27.44	20.87	16.72	18.61	12.09	19.76	17.01	17.65	21.55	13.57	33.04	17.76	10.23	24.13	14.37	13.08	20.53		
hsa-miR-208b-3p	hsa-miR-208b-3p	hsa-miR-208b-3p	MIMAT0004960	Endogenous1	38.89	19.17	39.08	27.44	51.13	40.41	18.61	19.2	32.94	28.35	35.29	29.16	19.39	55.07	21.14	16.08	27.75	40.25	8.72	32.84		
hsa-miR-208b-5p	hsa-miR-208b-5p	hsa-miR-208b-5p	MIMAT0026722	Endogenous1	9.39	9.97	24.61	22.22	28.17	27.87	16.92	10.67	27.45	15.12	17.65	27.89	17.45	26.75	13.53	8.77	19.3	25.87	16.35	10.95		
hsa-miR-20a-5p+hsa-miR-20b-5p	hsa-miR-20a-5p+hsa-miR-20b-5p	hsa-miR-20a-5p+hsa-miR-20b-5p	MIMAT0000075	Endogenous1	162.26	238.49	248.98	230.01	283.8	181.13	196.3	472.84	175.67	195.61	250.37	187.65	286.92	121.14	267.24	296.81	218.37	176.81	209.24	156		
hsa-miR-21-5p	hsa-miR-21-5p	hsa-miR-21-5p	MIMAT0000076	Endogenous1	2169.73	3389.44	1744.33	1144.82	2826.49	1446.25	1800.54	4875.53	1958.76	2120.53	3239.39	1123.35	2531.89	1205.16	6489.92	4751.1	2176.5	2094.38	2468.37	1388.94		
hsa-miR-210-3p	hsa-miR-210-3p	hsa-miR-210-3p	MIMAT0000267	Endogenous1	34.87	29.14	26.06	26.14	39.65	30.65	32.15	13.51	31.84	27.4	18.75	27.89	17.45	55.07	22.83	16.08	19.3	23	10.9	20.53		
hsa-miR-210-5p	hsa-miR-210-5p	hsa-miR-210-5p	MIMAT0026475	Endogenous1	17.43	15.34	15.92	18.3	11.48	16.72	18.61	16.35	20.86	23.62	7.72	15.21	13.57	33.04	21.14	16.81	8.45	10.06	5.45	16.42		
hsa-miR-211-3p	hsa-miR-211-3p	hsa-miR-211-3p	MIMAT0022694	Endogenous1	20.11	13.04	33.29	26.14	41.73	55.73	27.08	7.82	14.27	25.51	24.27	27.89	21.33	11.01	15.22	11.7	27.75	30.19	16.35	6.84		
hsa-miR-211-5p	hsa-miR-211-5p	hsa-miR-211-5p	MIMAT0000268	Endogenous1	45.59	19.17	26.06	19.6	30.26	27.87	23.69	12.09	34.04	22.68	14.34	15.21	20.36	56.64	17.76	15.35	18.1	21.56	10.9	17.79		
hsa-miR-2110	hsa-miR-2110	hsa-miR-2110	MIMAT0010133	Endogenous1	36.21	23.01	39.08	44.43	42.78	40.41	25.38	9.95	32.94	26.46	37.5	44.38	29.08	31.47	23.68	23.39	21.72	35.94	26.15	23.26		
hsa-miR-2113	hsa-miR-2113	hsa-miR-2113	MIMAT0009206	Endogenous1	29.5	17.64	36.19	26.14	41.73	20.9	35.54	7.82	26.35	23.62	26.47	27.89	19.39	33.04	21.99	10.97	16.89	10.06	27.24	19.16		
hsa-miR-2116-5p	hsa-miR-2116-5p	hsa-miR-2116-5p	MIMAT0011160	Endogenous1	28.16	21.47	15.92	20.91	17.74	19.51	8.46	17.78	34.04	28.35	15.44	21.55	17.45	29.89	20.3	23.39	16.89	14.37	11.99	21.89		
hsa-miR-2117	hsa-miR-2117	hsa-miR-2117	MIMAT0011162	Endogenous1	48.28	25.31	27.5	32.67	31.3	26.47	30.46	21.33	49.41	35.91	16.54	31.7	11.63	34.61	28.75	21.93	16.89	17.25	17.44	35.58		
hsa-miR-212-3p	hsa-miR-212-3p	hsa-miR-212-3p	MIMAT0000269	Endogenous1	54.98	39.88	50.67	54.89	59.47	69.67	57.54	25.6	68.07	46.3	39.71	46.91	29.08	83.39	42.29	32.9	48.26	61.81	39.23	61.58		
hsa-miR-214-3p	hsa-miR-214-3p	hsa-miR-214-3p	MIMAT0000271	Endogenous1	46.93	16.1	20.27	14.38	27.13	20.9	25.38	16.35	29.64	34.02	12.13	21.55	15.51	25.17	19.45	21.93	22.92	23	10.9	21.89		
hsa-miR-215-5p	hsa-miR-215-5p	hsa-miR-215-5p	MIMAT0000272	Endogenous1	75.1	40.64	34.74	33.98	43.82	55.73	47.38	24.18	73.56	55.75	26.47	32.97	25.2	84.96	43.13	38.75	33.78	34.5	32.69	41.05		
hsa-miR-216a-5p	hsa-miR-216a-5p	hsa-miR-216a-5p	MIMAT0000273	Endogenous1	46.93	32.97	24.61	31.36	38.6	30.65	25.38	37.68	51.6	34.02	24.27	32.97	19.39	59.79	30.45	22.66	27.75	17.25	15.26	34.21		
hsa-miR-216b-5p	hsa-miR-216b-5p	hsa-miR-216b-5p	MIMAT0004959	Endogenous1	34.87	37.58	23.16	22.22	34.43	22.29	27.08	20.62	40.62	32.13	16.54	21.55	21.33	78.67	30.45	21.2	15.68	21.56	19.62	42.42		
hsa-miR-217	hsa-miR-217	hsa-miR-217	MIMAT0000274	Endogenous1	50.96	32.97	24.61	22.22	24	22.29	22	32.71	64.78	42.52	24.27	17.75	18.42	36.19	53.28	31.44	24.13	11.5	17.44	39.68		
hsa-miR-218-5p	hsa-miR-218-5p	hsa-miR-218-5p	MIMAT0000275	Endogenous1	40.23	20.7	41.98	24.83	34.43	27.87	22	24.18	30.74	30.24	25.37	35.5	27.14	28.32	27.06	16.08	31.37	28.75	22.89	21.89		
hsa-miR-219a-1-3p	hsa-miR-219a-1-3p	hsa-miR-219a-1-3p	MIMAT0004567	Endogenous1	25.48	27.61	30.4	30.06	20.87	22.29	11.85	15.64	27.45	23.62	18.75	13.95	15.51	26.75	16.07	10.97	19.3	12.94	16.35	16.42		
hsa-miR-219a-2-3p	hsa-miR-219a-2-3p	hsa-miR-219a-2-3p	MIMAT0004675	Endogenous1	33.52	17.64	23.16	14.38	34.43	30.65	18.61	17.06	42.82	35.91	15.44	26.63	10.66	37.76	17.76	13.16	21.72	23	15.26	21.89		
hsa-miR-219a-5p	hsa-miR-219a-5p	hsa-miR-219a-5p	MIMAT0000276	Endogenous1	20.11	17.64	28.95	10.45	24	19.51	23.69	9.95	32.94	26.46	18.75	19.02	26.17	33.04	16.91	16.08	18.1	18.69	11.99	26		
hsa-miR-219b-3p	hsa-miR-219b-3p	hsa-miR-219b-3p	MIMAT0019748	Endogenous1	49.62	28.37	89.75	35.29	49.04	64.09	71.07	16.35	46.11	42.52	43.02	41.84	26.17	42.48	37.21	20.47	26.54	46	32.69	34.21		
hsa-miR-22-3p	hsa-miR-22-3p	hsa-miR-22-3p	MIMAT0000077	Endogenous1	284.29	416.39	222.93	188.19	314.05	196.46	297.83	578.07	275.59	414.84	280.15	337.26	369.31	256.45	465.98	641.86	353.5	359.37	645.15	357.16		
hsa-miR-221-3p	hsa-miR-221-3p	hsa-miR-221-3p	MIMAT0000278	Endogenous1	63.03	114.26	60.8	58.81	77.21	66.88	69.38	155.72	88.93	82.21	97.06	79.88	80.45	56.64	104.87	134.51	86.87	58.94	91.54	125.89		
hsa-miR-221-5p	hsa-miR-221-5p	hsa-miR-221-5p	MIMAT0004568	Endogenous1	30.84	22.24	18.82	24.83	28.17	34.83	23.69	24.18	31.84	18.9	18.75	15.21	9.69	26.75	19.45	13.89	16.89	31.62	20.71	20.53		
hsa-miR-222-3p	hsa-miR-222-3p	hsa-miR-222-3p	MIMAT0000279	Endogenous1	84.48	135.73	86.85	101.94	91.82	69.67	86.3	172.78	103.21	109.62	114.71	78.61	97.9	78.67	176.75	137.44	85.66	87.69	80.64	143.68		
hsa-miR-223-3p	hsa-miR-223-3p	hsa-miR-223-3p	MIMAT0000280	Endogenous1	37939.51	81065.06	35171.82	31823.71	27049.36	22957.41	34225.49	70990.67	58955.02	61664.38	48499.32	37912.55	36373.11	43893.78	53326.63	55404.15	45621.99	36478.44	49088.44	55822.99		
hsa-miR-224-5p	hsa-miR-224-5p	hsa-miR-224-5p	MIMAT0000281	Endogenous1	32.18	27.61	56.46	47.05	54.26	55.73	57.54	12.8	37.33	27.4	25.37	40.57	27.14	34.61	32.14	11.7	55.5	60.37	37.05	34.21		
hsa-miR-2278	hsa-miR-2278	hsa-miR-2278	MIMAT0011778	Endogenous1	25.48	9.97	13.03	10.45	18.78	16.72	15.23	7.82	38.43	24.57	9.93	12.68	8.72	23.6	21.14	12.43	7.24	12.94	7.63	16.42		
hsa-miR-23a-3p	hsa-miR-23a-3p	hsa-miR-23a-3p	MIMAT0000078	Endogenous1	3996.17	5515.89	3113.74	3881.42	3763.43	3532.02	3919.22	5623.54	3766.01	4272.23	4260.73	3457.55	4613.04	2890.17	4136.33	4113.62	3707.53	3816.46	4306.84	5629.65		
hsa-miR-23b-3p	hsa-miR-23b-3p	hsa-miR-23b-3p	MIMAT0000418	Endogenous1	44.25	39.11	37.64	43.13	49.04	45.98	37.23	56.88	48.31	42.52	44.12	38.04	42.65	47.2	48.21	24.12	39.81	33.06	34.87	35.58		
hsa-miR-23c	hsa-miR-23c	hsa-miR-23c	MIMAT0018000	Endogenous1	36.21	14.57	31.85	23.52	39.65	25.08	20.31	13.51	23.06	22.68	14.34	17.75	28.11	25.17	16.91	13.89	27.75	21.56	9.81	17.79		
hsa-miR-24-3p	hsa-miR-24-3p	hsa-miR-24-3p	MIMAT0000080	Endogenous1	73.75	110.43	94.09	75.8	80.34	62.7	76.15	196.24	69.17	75.6	75	116.65	67.85	45.63	93.87	81.88	98.93	84.81	74.11	68.42		
hsa-miR-25-3p	hsa-miR-25-3p	hsa-miR-25-3p	MIMAT0000081	Endogenous1	641	1398.72	651.41	710.94	647.93	610.27	619.36	1178.18	1218.74	1084.83	847.07	811.45	1095.34	854.31	938.73	1547.63	991.73	822.23	1390.57	1757.04		
hsa-miR-25-5p	hsa-miR-25-5p	hsa-miR-25-5p	MIMAT0004498	Endogenous1	41.57	26.84	30.4	16.99	28.17	30.65	20.31	17.06	38.43	41.58	16.54	36.77	14.54	64.51	27.91	25.59	25.34	21.56	18.53	32.84		
hsa-miR-2682-5p	hsa-miR-2682-5p	hsa-miR-2682-5p	MIMAT0013517	Endogenous1	45.59	27.61	27.5	30.06	33.39	34.83	23.69	17.06	26.35	31.18	4.41	20.29	12.6	56.64	27.06	10.97	20.51	20.12	18.53	19.16		
hsa-miR-26a-5p	hsa-miR-26a-5p	hsa-miR-26a-5p	MIMAT0000082	Endogenous1	265.52	449.37	275.04	313.65	419.43	296.77	287.68	853.95	314.02	333.58	293.39	196.52	269.47	193.52	442.3	337.01	234.06	214.18	210.33	236.74		
hsa-miR-26b-5p	hsa-miR-26b-5p	hsa-miR-26b-5p	MIMAT0000083	Endogenous1	249.43	368.85	235.96	205.18	285.88	193.67	241.99	523.32	277.78	290.11	268.02	207.93	228.76	163.62	409.32	294.61	249.74	265.93	260.46	169.68		
hsa-miR-27a-3p	hsa-miR-27a-3p	hsa-miR-27a-3p	MIMAT0000084	Endogenous1	67.05	55.21	52.11	47.05	44.86	59.91	37.23	72.53	57.09	69.93	59.56	46.91	36.83	44.05	41.44	30.7	37.4	38.81	54.49	34.21		
hsa-miR-27b-3p	hsa-miR-27b-3p	hsa-miR-27b-3p	MIMAT0000419	Endogenous1	38.89	54.45	37.64	44.43	41.73	30.65	38.92	73.95	32.94	44.41	34.19	34.23	45.56	48.77	57.51	49.71	20.51	35.94	41.41	57.47		
hsa-miR-28-3p	hsa-miR-28-3p	hsa-miR-28-3p	MIMAT0004502	Endogenous1	40.23	32.97	28.95	28.75	46.95	34.83	25.38	37.68	31.84	41.58	37.5	30.43	29.08	47.2	35.52	27.05	26.54	27.31	16.35	42.42		
hsa-miR-28-5p	hsa-miR-28-5p	hsa-miR-28-5p	MIMAT0000085	Endogenous1	273.56	285.26	451.64	432.58	510.21	395.7	401.06	366.89	210.81	212.62	468.76	290.35	370.28	173.06	334.05	244.9	359.53	362.24	343.28	262.74		
hsa-miR-296-3p	hsa-miR-296-3p	hsa-miR-296-3p	MIMAT0004679	Endogenous1	18.77	32.97	18.82	23.52	14.61	13.93	23.69	20.62	45.02	30.24	19.85	17.75	12.6	29.89	23.68	13.89	14.48	14.37	10.9	27.37		
hsa-miR-296-5p	hsa-miR-296-5p	hsa-miR-296-5p	MIMAT0000690	Endogenous1	17.43	16.87	11.58	20.91	17.74	22.29	16.92	14.22	32.94	16.06	12.13	16.48	12.6	31.47	19.45	22.66	14.48	8.62	9.81	24.63		
hsa-miR-297	hsa-miR-297	hsa-miR-297	MIMAT0004450	Endogenous1	13.41	6.13	21.71	30.06	20.87	25.08	25.38	10.67	12.08	17.01	15.44	22.82	10.66	29.89	9.3	8.77	8.45	12.94	13.08	8.21		
hsa-miR-298	hsa-miR-298	hsa-miR-298	MIMAT0004901	Endogenous1	38.89	27.61	50.67	30.06	48	61.31	42.31	17.78	35.13	27.4	26.47	30.43	37.8	36.19	19.45	17.55	37.4	30.19	18.53	20.53		
hsa-miR-299-3p	hsa-miR-299-3p	hsa-miR-299-3p	MIMAT0000687	Endogenous1	45.59	75.92	31.85	27.44	35.47	39.01	38.92	66.84	39.53	69.93	25.37	41.84	32.96	59.79	32.14	48.25	33.78	41.69	27.24	36.95		
hsa-miR-299-5p	hsa-miR-299-5p	hsa-miR-299-5p	MIMAT0002890	Endogenous1	73.75	35.27	39.08	35.29	37.56	44.59	35.54	29.86	56	38.74	28.68	32.97	22.29	86.53	45.67	32.17	24.13	28.75	22.89	54.74		
hsa-miR-29a-3p	hsa-miR-29a-3p	hsa-miR-29a-3p	MIMAT0000086	Endogenous1	167.62	240.02	92.65	61.42	78.25	82.2	72.77	219	161.4	171.99	105.88	84.95	147.34	158.9	246.1	399.15	139.95	161	229.95	123.16		
hsa-miR-29b-3p	hsa-miR-29b-3p	hsa-miR-29b-3p	MIMAT0000100	Endogenous1	1745.98	3436.21	1624.18	942.26	1477.41	947.44	1969.76	2817.81	2630.71	2453.16	2541.22	1496.11	2084.06	1714.91	3421.71	3253.91	2359.88	2774.3	4045.3	911.36		
hsa-miR-29c-3p	hsa-miR-29c-3p	hsa-miR-29c-3p	MIMAT0000681	Endogenous1	150.19	170.24	82.51	69.26	148.16	64.09	74.46	282.99	136.15	116.23	100.37	43.11	90.15	86.53	218.19	183.49	55.5	112.12	88.27	76.63		
hsa-miR-300	hsa-miR-300	hsa-miR-300	MIMAT0004903	Endogenous1	48.28	19.17	21.71	26.14	21.91	41.8	25.38	15.64	29.64	26.46	19.85	13.95	11.63	25.17	25.37	16.08	16.89	20.12	14.17	20.53		
hsa-miR-301a-3p	hsa-miR-301a-3p	hsa-miR-301a-3p	MIMAT0000688	Endogenous1	80.46	120.39	125.94	113.7	122.07	112.86	126.92	139.36	99.91	124.74	196.33	143.27	168.66	110.13	138.7	138.17	187.01	158.12	199.43	83.47		
hsa-miR-301a-5p	hsa-miR-301a-5p	hsa-miR-301a-5p	MIMAT0022696	Endogenous1	41.57	26.84	55.01	37.9	58.43	59.91	64.31	24.18	45.02	37.8	44.12	41.84	34.9	56.64	41.44	21.93	31.37	44.56	37.05	42.42		
hsa-miR-301b-3p	hsa-miR-301b-3p	hsa-miR-301b-3p	MIMAT0004958	Endogenous1	52.3	36.04	47.77	45.74	55.3	54.34	47.38	26.31	71.37	49.14	28.68	51.98	37.8	56.64	45.67	23.39	31.37	63.25	32.69	43.79		
hsa-miR-301b-5p	hsa-miR-301b-5p	hsa-miR-301b-5p	MIMAT0032026	Endogenous1	36.21	24.54	14.48	14.38	28.17	20.9	28.77	12.8	35.13	18.9	13.24	21.55	16.48	26.75	30.45	13.16	16.89	12.94	11.99	23.26		
hsa-miR-302a-3p	hsa-miR-302a-3p	hsa-miR-302a-3p	MIMAT0000684	Endogenous1	24.14	12.27	17.37	26.14	30.26	33.44	30.46	17.06	20.86	18.9	19.85	34.23	12.6	39.33	21.14	16.08	10.86	24.44	16.35	13.68		
hsa-miR-302a-5p	hsa-miR-302a-5p	hsa-miR-302a-5p	MIMAT0000683	Endogenous1	18.77	19.94	15.92	24.83	16.69	13.93	13.54	16.35	24.16	24.57	11.03	19.02	8.72	47.2	16.07	16.08	18.1	11.5	14.17	20.53		
hsa-miR-302b-3p	hsa-miR-302b-3p	hsa-miR-302b-3p	MIMAT0000715	Endogenous1	65.71	28.37	28.95	45.74	42.78	41.8	28.77	19.91	52.7	37.8	25.37	26.63	17.45	56.64	44.82	27.05	38.61	35.94	18.53	42.42		
hsa-miR-302c-3p	hsa-miR-302c-3p	hsa-miR-302c-3p	MIMAT0000717	Endogenous1	26.82	28.37	23.16	10.45	31.3	26.47	18.61	18.49	45.02	36.85	15.44	21.55	18.42	48.77	31.29	18.28	10.86	20.12	8.72	28.74		
hsa-miR-302d-3p	hsa-miR-302d-3p	hsa-miR-302d-3p	MIMAT0000718	Endogenous1	922.61	403.36	53.56	88.87	7.3	241.04	147.22	238.2	597.29	410.12	82.72	161.02	87.24	800.81	408.47	243.44	172.53	188.31	178.73	499.47		
hsa-miR-302e	hsa-miR-302e	hsa-miR-302e	MIMAT0005931	Endogenous1	36.21	24.54	15.92	30.06	24	22.29	25.38	23.46	43.92	29.29	23.16	22.82	11.63	45.63	41.44	16.08	14.48	28.75	15.26	26		
hsa-miR-302f	hsa-miR-302f	hsa-miR-302f	MIMAT0005932	Endogenous1	38.89	24.54	37.64	30.06	34.43	40.41	23.69	23.46	31.84	25.51	31.99	41.84	25.2	39.33	21.99	13.89	39.81	28.75	22.89	24.63		
hsa-miR-3065-3p	hsa-miR-3065-3p	hsa-miR-3065-3p	MIMAT0015378	Endogenous1	22.8	13.04	18.82	20.91	30.26	32.05	20.31	14.93	25.25	24.57	16.54	32.97	8.72	37.76	20.3	13.89	19.3	33.06	7.63	16.42		
hsa-miR-3065-5p	hsa-miR-3065-5p	hsa-miR-3065-5p	MIMAT0015066	Endogenous1	1.34	1	1.45	1.31	1.04	1.39	1.69	1	1.1	1	1.1	1.27	1	1.57	1	1	1.21	1.44	1.09	1.37		
hsa-miR-3074-3p	hsa-miR-3074-3p	hsa-miR-3074-3p	MIMAT0015027	Endogenous1	18.77	13.04	15.92	20.91	36.52	40.41	22	5.69	20.86	12.28	17.65	30.43	17.45	22.03	18.61	8.77	25.34	11.5	15.26	12.32		
hsa-miR-30a-3p	hsa-miR-30a-3p	hsa-miR-30a-3p	MIMAT0000088	Endogenous1	41.57	33.74	21.71	44.43	40.69	37.62	25.38	21.33	47.21	30.24	14.34	35.5	16.48	56.64	35.52	16.08	30.16	28.75	14.17	17.79		
hsa-miR-30a-5p	hsa-miR-30a-5p	hsa-miR-30a-5p	MIMAT0000087	Endogenous1	29.5	24.54	26.06	39.21	30.26	30.65	22	36.97	21.96	29.29	15.44	15.21	16.48	48.77	28.75	15.35	19.3	18.69	22.89	20.53		
hsa-miR-30b-5p	hsa-miR-30b-5p	hsa-miR-30b-5p	MIMAT0000420	Endogenous1	120.69	229.29	88.3	81.03	125.2	72.45	116.76	387.51	196.54	190.89	114.71	97.63	123.1	97.55	206.35	170.33	84.45	142.31	124.24	164.21		
hsa-miR-30c-5p	hsa-miR-30c-5p	hsa-miR-30c-5p	MIMAT0000244	Endogenous1	60.34	77.45	69.48	65.34	74.08	69.67	81.23	132.25	73.56	68.04	48.53	64.66	59.13	73.95	66.81	79.68	62.74	67.56	66.48	65.68		
hsa-miR-30d-5p	hsa-miR-30d-5p	hsa-miR-30d-5p	MIMAT0000245	Endogenous1	52.3	49.84	34.74	41.82	48	39.01	27.08	104.52	39.53	37.8	44.12	20.29	46.53	48.77	73.58	50.44	19.3	31.62	39.23	58.84		
hsa-miR-30e-3p	hsa-miR-30e-3p	hsa-miR-30e-3p	MIMAT0000693	Endogenous1	80.46	95.09	78.17	66.65	77.21	94.74	67.69	113.76	66.98	71.82	71.69	64.66	76.58	75.52	86.26	81.88	61.53	63.25	63.21	93.05		
hsa-miR-30e-5p	hsa-miR-30e-5p	hsa-miR-30e-5p	MIMAT0000692	Endogenous1	80.46	147.23	59.35	49.66	69.91	45.98	45.69	175.62	125.17	107.73	52.94	39.3	59.13	100.69	128.55	100.15	55.5	53.19	70.84	76.63		
hsa-miR-31-5p	hsa-miR-31-5p	hsa-miR-31-5p	MIMAT0000089	Endogenous1	18.77	6.13	24.61	24.83	26.08	19.51	22	4.98	9.88	7.56	27.57	19.02	17.45	17.31	9.3	10.23	9.65	12.94	14.17	10.95		
hsa-miR-3127-5p	hsa-miR-3127-5p	hsa-miR-3127-5p	MIMAT0014990	Endogenous1	26.82	20.7	49.22	43.13	30.26	39.01	44	13.51	34.04	28.35	19.85	29.16	21.33	31.47	10.15	14.62	20.51	35.94	16.35	17.79		
hsa-miR-3130-3p	hsa-miR-3130-3p	hsa-miR-3130-3p	MIMAT0014994	Endogenous1	37.55	16.1	65.14	49.66	44.86	58.52	42.31	17.06	31.84	19.84	39.71	44.38	20.36	34.61	14.38	17.55	28.96	33.06	34.87	17.79		
hsa-miR-3131	hsa-miR-3131	hsa-miR-3131	MIMAT0014996	Endogenous1	38.89	26.07	49.22	47.05	38.6	37.62	40.61	13.51	38.43	34.02	29.78	43.11	36.83	28.32	30.45	16.08	37.4	41.69	29.42	23.26		
hsa-miR-3136-5p	hsa-miR-3136-5p	hsa-miR-3136-5p	MIMAT0015003	Endogenous1	25.48	22.24	18.82	23.52	32.34	32.05	30.46	10.67	32.94	20.79	19.85	19.02	15.51	33.04	16.91	13.16	9.65	14.37	11.99	23.26		
hsa-miR-3140-3p	hsa-miR-3140-3p	hsa-miR-3140-3p	MIMAT0015008	Endogenous1	12.07	7.67	14.48	5.23	12.52	9.75	11.85	2.84	6.59	13.23	8.82	12.68	5.82	6.29	8.46	4.39	10.86	10.06	4.36	13.68		
hsa-miR-3140-5p	hsa-miR-3140-5p	hsa-miR-3140-5p	MIMAT0019204	Endogenous1	24.14	14.57	24.61	14.38	17.74	11.15	10.15	12.09	16.47	16.06	9.93	11.41	5.82	22.03	20.3	10.97	10.86	18.69	11.99	15.05		
hsa-miR-3144-3p	hsa-miR-3144-3p	hsa-miR-3144-3p	MIMAT0015015	Endogenous1	37.55	65.95	102.78	109.78	64.69	160.23	164.15	1	83.45	73.71	99.27	178.77	123.1	103.84	1	23.39	188.21	218.49	210.33	52		
hsa-miR-3144-5p	hsa-miR-3144-5p	hsa-miR-3144-5p	MIMAT0015014	Endogenous1	33.52	11.5	13.03	26.14	26.08	29.26	18.61	10.67	25.25	28.35	14.34	26.63	11.63	33.04	23.68	11.7	19.3	27.31	15.26	21.89		
hsa-miR-3147	hsa-miR-3147	hsa-miR-3147	MIMAT0015019	Endogenous1	53.64	30.67	37.64	30.06	48	30.65	27.08	20.62	46.11	43.47	31.99	27.89	23.26	48.77	43.98	21.93	22.92	28.75	15.26	39.68		
hsa-miR-3150b-3p	hsa-miR-3150b-3p	hsa-miR-3150b-3p	MIMAT0018194	Endogenous1	22.8	19.94	15.92	32.67	22.95	18.11	16.92	8.53	17.57	12.28	16.54	15.21	8.72	26.75	16.07	10.97	13.27	10.06	13.08	17.79		
hsa-miR-3151-5p	hsa-miR-3151-5p	hsa-miR-3151-5p	MIMAT0015024	Endogenous1	46.93	26.84	34.74	23.52	28.17	43.19	27.08	16.35	41.72	31.18	24.27	30.43	20.36	44.05	21.99	26.32	30.16	33.06	21.8	20.53		
hsa-miR-3158-3p	hsa-miR-3158-3p	hsa-miR-3158-3p	MIMAT0015032	Endogenous1	21.46	31.44	13.03	19.6	15.65	29.26	16.92	12.09	19.76	30.24	20.96	21.55	13.57	36.19	17.76	16.81	14.48	17.25	11.99	13.68		
hsa-miR-3161	hsa-miR-3161	hsa-miR-3161	MIMAT0015035	Endogenous1	14.75	9.97	23.16	26.14	22.95	36.23	22	10.67	15.37	17.95	18.75	22.82	11.63	31.47	15.22	10.97	12.06	15.81	14.17	21.89		
hsa-miR-3164	hsa-miR-3164	hsa-miR-3164	MIMAT0015038	Endogenous1	14.75	13.8	15.92	30.06	19.82	19.51	25.38	11.38	30.74	28.35	19.85	22.82	13.57	28.32	19.45	10.23	21.72	18.69	8.72	12.32		
hsa-miR-3168	hsa-miR-3168	hsa-miR-3168	MIMAT0015043	Endogenous1	25.48	16.1	17.37	11.76	33.39	32.05	22	6.4	17.57	13.23	19.85	20.29	14.54	28.32	18.61	11.7	26.54	12.94	8.72	13.68		
hsa-miR-3179	hsa-miR-3179	hsa-miR-3179	MIMAT0015056	Endogenous1	26.82	9.97	15.92	18.3	17.74	27.87	23.69	7.82	21.96	16.06	15.44	21.55	11.63	31.47	21.99	10.23	10.86	15.81	13.08	15.05		
hsa-miR-3180	hsa-miR-3180	hsa-miR-3180	MIMAT0018178	Endogenous1	38.89	27.61	34.74	35.29	48	54.34	38.92	22.75	43.92	30.24	27.57	40.57	24.23	59.79	38.06	27.78	25.34	25.87	22.89	26		
hsa-miR-3180-3p	hsa-miR-3180-3p	hsa-miR-3180-3p	MIMAT0015058	Endogenous1	50.96	38.34	33.29	24.83	31.3	25.08	27.08	24.89	66.98	45.36	18.75	24.09	19.39	80.24	32.14	24.12	27.75	27.31	14.17	47.89		
hsa-miR-3180-5p	hsa-miR-3180-5p	hsa-miR-3180-5p	MIMAT0015057	Endogenous1	18.77	15.34	17.37	18.3	15.65	19.51	8.46	11.38	30.74	18.9	13.24	13.95	5.82	22.03	21.14	13.16	16.89	14.37	7.63	12.32		
hsa-miR-3182	hsa-miR-3182	hsa-miR-3182	MIMAT0015062	Endogenous1	45.59	23.01	17.37	16.99	28.17	22.29	15.23	17.06	45.02	22.68	18.75	19.02	11.63	33.04	27.91	16.08	22.92	23	18.53	24.63		
hsa-miR-3185	hsa-miR-3185	hsa-miR-3185	MIMAT0015065	Endogenous1	21.46	11.5	24.61	18.3	27.13	34.83	22	11.38	29.64	17.01	18.75	17.75	11.63	39.33	15.22	18.28	20.51	14.37	16.35	20.53		
hsa-miR-3190-3p	hsa-miR-3190-3p	hsa-miR-3190-3p	MIMAT0022839	Endogenous1	25.48	23.01	28.95	32.67	22.95	18.11	23.69	23.46	18.67	23.62	33.09	20.29	16.48	34.61	20.3	21.2	28.96	28.75	23.98	23.26		
hsa-miR-3192-5p	hsa-miR-3192-5p	hsa-miR-3192-5p	MIMAT0015076	Endogenous1	21.46	11.5	27.5	35.29	28.17	37.62	18.61	9.24	13.18	11.34	19.85	32.97	26.17	17.31	11.84	5.12	19.3	24.44	10.9	20.53		
hsa-miR-3195	hsa-miR-3195	hsa-miR-3195	MIMAT0015079	Endogenous1	24.14	15.34	55.01	27.44	28.17	25.08	23.69	6.4	19.76	15.12	22.06	21.55	15.51	12.59	12.69	8.77	12.06	24.44	13.08	8.21		
hsa-miR-3196	hsa-miR-3196	hsa-miR-3196	MIMAT0015080	Endogenous1	16.09	6.13	11.58	11.76	19.82	12.54	18.61	11.38	25.25	17.01	14.34	15.21	11.63	17.31	10.99	3.66	8.45	12.94	7.63	8.21		
hsa-miR-32-5p	hsa-miR-32-5p	hsa-miR-32-5p	MIMAT0000090	Endogenous1	91.19	144.17	267.8	118.93	97.03	71.06	238.61	165.67	81.25	62.37	191.91	129.33	355.74	106.99	165.76	165.95	154.43	258.74	336.74	34.21		
hsa-miR-3202	hsa-miR-3202	hsa-miR-3202	MIMAT0015089	Endogenous1	67.05	15.34	34.74	19.6	24	43.19	42.31	9.95	42.82	43.47	15.44	35.5	20.36	44.05	21.99	12.43	15.68	38.81	13.08	35.58		
hsa-miR-320a	hsa-miR-320a	hsa-miR-320a	MIMAT0000510	Endogenous1	45.59	23.01	28.95	32.67	27.13	29.26	25.38	16.35	49.41	36.85	17.65	21.55	18.42	50.35	21.99	23.39	16.89	31.62	15.26	27.37		
hsa-miR-320b	hsa-miR-320b	hsa-miR-320b	MIMAT0005792	Endogenous1	22.8	16.87	20.27	15.68	21.91	13.93	13.54	10.67	26.35	19.84	16.54	13.95	16.48	15.73	14.38	10.23	18.1	7.19	7.63	23.26		
hsa-miR-320c	hsa-miR-320c	hsa-miR-320c	MIMAT0005793	Endogenous1	16.09	9.2	8.69	16.99	13.56	18.11	22	12.09	26.35	17.01	15.44	13.95	13.57	25.17	13.53	10.97	10.86	15.81	13.08	13.68		
hsa-miR-320d	hsa-miR-320d	hsa-miR-320d	MIMAT0006764	Endogenous1	25.48	13.04	17.37	15.68	19.82	23.69	13.54	12.8	16.47	26.46	12.13	12.68	12.6	28.32	16.07	11.7	15.68	12.94	8.72	15.05		
hsa-miR-320e	hsa-miR-320e	hsa-miR-320e	MIMAT0015072	Endogenous1	48.28	78.22	36.19	28.75	30.26	29.26	30.46	64.7	49.41	51.97	19.85	22.82	15.51	51.92	54.12	52.64	37.4	35.94	43.59	47.89		
hsa-miR-323a-3p	hsa-miR-323a-3p	hsa-miR-323a-3p	MIMAT0000755	Endogenous1	29.5	20.7	23.16	19.6	24	20.9	25.38	16.35	36.23	22.68	16.54	29.16	12.6	28.32	19.45	13.89	20.51	12.94	7.63	23.26		
hsa-miR-323a-5p	hsa-miR-323a-5p	hsa-miR-323a-5p	MIMAT0004696	Endogenous1	5.36	13.8	10.13	14.38	15.65	1.39	15.23	12.09	19.76	12.28	11.03	17.75	11.63	28.32	10.99	13.16	19.3	11.5	23.98	9.58		
hsa-miR-323b-3p	hsa-miR-323b-3p	hsa-miR-323b-3p	MIMAT0015050	Endogenous1	12.07	17.64	28.95	28.75	32.34	27.87	25.38	4.98	16.47	20.79	13.24	20.29	19.39	14.16	15.22	5.85	16.89	12.94	13.08	10.95		
hsa-miR-323b-5p	hsa-miR-323b-5p	hsa-miR-323b-5p	MIMAT0001630	Endogenous1	21.46	17.64	52.11	30.06	40.69	58.52	37.23	8.53	35.13	28.35	22.06	31.7	23.26	28.32	15.22	13.16	32.58	31.62	26.15	15.05		
hsa-miR-324-3p	hsa-miR-324-3p	hsa-miR-324-3p	MIMAT0000762	Endogenous1	64.37	41.41	41.98	45.74	67.82	44.59	49.07	33.42	50.51	50.08	34.19	40.57	18.42	81.81	52.43	33.63	33.78	50.31	27.24	42.42		
hsa-miR-324-5p	hsa-miR-324-5p	hsa-miR-324-5p	MIMAT0000761	Endogenous1	38.89	52.91	34.74	36.59	26.08	33.44	27.08	44.08	45.02	50.08	25.37	17.75	37.8	33.04	36.37	42.4	30.16	46	34.87	35.58		
hsa-miR-325	hsa-miR-325	hsa-miR-325	MIMAT0000771	Endogenous1	44.25	26.84	50.67	41.82	61.56	62.7	42.31	20.62	59.29	46.3	29.78	34.23	23.26	36.19	32.14	25.59	36.19	43.12	29.42	24.63		
hsa-miR-326	hsa-miR-326	hsa-miR-326	MIMAT0000756	Endogenous1	29.5	13.04	23.16	24.83	18.78	19.51	16.92	15.64	34.04	21.73	14.34	11.41	11.63	25.17	8.46	14.62	10.86	18.69	5.45	12.32		
hsa-miR-328-3p	hsa-miR-328-3p	hsa-miR-328-3p	MIMAT0000752	Endogenous1	21.46	16.87	24.61	15.68	21.91	26.47	20.31	17.78	27.45	17.01	22.06	13.95	18.42	23.6	16.91	14.62	21.72	24.44	16.35	23.26		
hsa-miR-328-5p	hsa-miR-328-5p	hsa-miR-328-5p	MIMAT0026486	Endogenous1	48.28	20.7	36.19	28.75	32.34	27.87	28.77	20.62	39.53	26.46	22.06	25.36	24.23	45.63	23.68	16.81	32.58	27.31	19.62	30.11		
hsa-miR-329-3p	hsa-miR-329-3p	hsa-miR-329-3p	MIMAT0001629	Endogenous1	10.73	9.2	11.58	19.6	20.87	13.93	28.77	9.95	21.96	7.56	12.13	15.21	13.57	18.88	5.92	3.66	15.68	17.25	9.81	13.68		
hsa-miR-329-5p	hsa-miR-329-5p	hsa-miR-329-5p	MIMAT0026555	Endogenous1	45.59	32.21	24.61	28.75	38.6	29.26	27.08	19.91	43.92	40.63	33.09	27.89	22.29	51.92	27.06	16.81	15.68	20.12	17.44	28.74		
hsa-miR-330-3p	hsa-miR-330-3p	hsa-miR-330-3p	MIMAT0000751	Endogenous1	20.11	31.44	20.27	18.3	13.56	27.87	20.31	14.93	28.55	20.79	15.44	12.68	11.63	25.17	32.98	15.35	10.86	11.5	7.63	26		
hsa-miR-330-5p	hsa-miR-330-5p	hsa-miR-330-5p	MIMAT0004693	Endogenous1	20.11	23.01	20.27	19.6	27.13	20.9	20.31	22.04	29.64	28.35	22.06	13.95	11.63	36.19	16.91	14.62	19.3	18.69	7.63	21.89		
hsa-miR-331-3p	hsa-miR-331-3p	hsa-miR-331-3p	MIMAT0000760	Endogenous1	49.62	50.61	52.11	43.13	66.78	52.95	59.23	41.24	38.43	39.69	36.4	54.52	53.31	58.21	46.51	32.9	33.78	50.31	45.77	35.58		
hsa-miR-331-5p	hsa-miR-331-5p	hsa-miR-331-5p	MIMAT0004700	Endogenous1	17.43	21.47	21.71	11.76	17.74	18.11	16.92	18.49	21.96	20.79	22.06	17.75	11.63	20.45	14.38	15.35	18.1	11.5	16.35	20.53		
hsa-miR-335-5p	hsa-miR-335-5p	hsa-miR-335-5p	MIMAT0000765	Endogenous1	25.48	19.94	24.61	31.36	39.65	30.65	27.08	22.75	37.33	29.29	31.99	41.84	20.36	45.63	27.06	20.47	20.51	34.5	19.62	31.47		
hsa-miR-337-3p	hsa-miR-337-3p	hsa-miR-337-3p	MIMAT0000754	Endogenous1	34.87	28.37	30.4	24.83	36.52	23.69	18.61	26.31	29.64	27.4	16.54	20.29	19.39	42.48	29.6	19.01	21.72	17.25	14.17	21.89		
hsa-miR-337-5p	hsa-miR-337-5p	hsa-miR-337-5p	MIMAT0004695	Endogenous1	34.87	23.77	36.19	35.29	33.39	25.08	25.38	25.6	46.11	24.57	19.85	17.75	15.51	37.76	27.91	13.16	19.3	18.69	13.08	26		
hsa-miR-338-5p	hsa-miR-338-5p	hsa-miR-338-5p	MIMAT0004701	Endogenous1	20.11	17.64	18.82	16.99	21.91	26.47	15.23	7.82	26.35	24.57	15.44	15.21	10.66	44.05	21.14	16.81	18.1	18.69	15.26	16.42		
hsa-miR-339-3p	hsa-miR-339-3p	hsa-miR-339-3p	MIMAT0004702	Endogenous1	40.23	28.37	24.61	16.99	28.17	16.72	28.77	17.06	38.43	36.85	20.96	12.68	12.6	34.61	30.45	16.81	14.48	7.19	15.26	19.16		
hsa-miR-339-5p	hsa-miR-339-5p	hsa-miR-339-5p	MIMAT0000764	Endogenous1	28.16	39.88	14.48	15.68	27.13	23.69	15.23	27.02	45.02	41.58	11.03	25.36	20.36	45.63	28.75	20.47	10.86	27.31	18.53	28.74		
hsa-miR-33a-5p	hsa-miR-33a-5p	hsa-miR-33a-5p	MIMAT0000091	Endogenous1	64.37	26.07	53.56	41.82	49.04	41.8	40.61	41.24	42.82	41.58	35.29	43.11	31.02	62.93	34.67	29.24	33.78	48.87	49.04	32.84		
hsa-miR-33b-5p	hsa-miR-33b-5p	hsa-miR-33b-5p	MIMAT0003301	Endogenous1	45.59	24.54	24.61	30.06	31.3	32.05	28.77	20.62	38.43	24.57	23.16	29.16	12.6	47.2	38.06	21.2	18.1	14.37	21.8	28.74		
hsa-miR-340-5p	hsa-miR-340-5p	hsa-miR-340-5p	MIMAT0004692	Endogenous1	364.75	620.37	571.79	415.59	467.43	310.71	546.59	711.03	398.56	419.57	478.68	476.73	808.42	245.44	468.52	415.97	475.35	606.61	751.95	138.21		
hsa-miR-342-3p	hsa-miR-342-3p	hsa-miR-342-3p	MIMAT0000753	Endogenous1	222.61	384.95	230.17	226.09	370.4	313.49	155.69	467.86	400.76	313.73	195.22	186.38	193.87	157.33	256.25	151.33	223.2	231.43	207.06	317.47		
hsa-miR-342-5p	hsa-miR-342-5p	hsa-miR-342-5p	MIMAT0004694	Endogenous1	16.09	12.27	5.79	15.68	17.74	5.57	3.38	11.38	23.06	20.79	9.93	13.95	12.6	22.03	16.07	11.7	12.06	5.75	9.81	16.42		
hsa-miR-345-3p	hsa-miR-345-3p	hsa-miR-345-3p	MIMAT0022698	Endogenous1	29.5	16.87	17.37	30.06	37.56	43.19	30.46	11.38	25.25	17.01	19.85	22.82	16.48	33.04	20.3	10.97	21.72	21.56	10.9	15.05		
hsa-miR-345-5p	hsa-miR-345-5p	hsa-miR-345-5p	MIMAT0000772	Endogenous1	29.5	32.21	18.82	18.3	33.39	23.69	27.08	33.42	31.84	21.73	25.37	27.89	20.36	28.32	25.37	21.93	16.89	20.12	32.69	27.37		
hsa-miR-346	hsa-miR-346	hsa-miR-346	MIMAT0000773	Endogenous1	36.21	18.4	30.4	41.82	35.47	29.26	33.84	19.2	48.31	33.07	16.54	24.09	19.39	47.2	36.37	21.93	13.27	25.87	10.9	50.63		
hsa-miR-34a-5p	hsa-miR-34a-5p	hsa-miR-34a-5p	MIMAT0000255	Endogenous1	45.59	36.81	37.64	32.67	41.73	44.59	40.61	23.46	47.21	34.96	25.37	24.09	20.36	61.36	46.51	24.12	41.02	25.87	16.35	32.84		
hsa-miR-34b-3p	hsa-miR-34b-3p	hsa-miR-34b-3p	MIMAT0004676	Endogenous1	38.89	31.44	26.06	18.3	27.13	26.47	10.15	12.09	32.94	16.06	18.75	24.09	13.57	37.76	18.61	25.59	8.45	21.56	10.9	16.42		
hsa-miR-34c-3p	hsa-miR-34c-3p	hsa-miR-34c-3p	MIMAT0004677	Endogenous1	44.25	19.94	27.5	11.76	29.21	20.9	30.46	21.33	41.72	38.74	18.75	24.09	10.66	33.04	28.75	14.62	14.48	27.31	16.35	36.95		
hsa-miR-34c-5p	hsa-miR-34c-5p	hsa-miR-34c-5p	MIMAT0000686	Endogenous1	24.14	17.64	20.27	13.07	19.82	11.15	16.92	12.8	27.45	24.57	12.13	12.68	12.6	28.32	30.45	10.97	8.45	15.81	4.36	17.79		
hsa-miR-3605-3p	hsa-miR-3605-3p	hsa-miR-3605-3p	MIMAT0017982	Endogenous1	16.09	10.74	14.48	11.76	14.61	15.33	16.92	9.24	14.27	17.01	4.41	12.68	9.69	22.03	16.91	9.5	9.65	20.12	4.36	13.68		
hsa-miR-3605-5p	hsa-miR-3605-5p	hsa-miR-3605-5p	MIMAT0017981	Endogenous1	29.5	12.27	24.61	36.59	39.65	37.62	30.46	12.8	28.55	25.51	22.06	25.36	23.26	39.33	27.06	10.97	28.96	27.31	17.44	30.11		
hsa-miR-361-3p	hsa-miR-361-3p	hsa-miR-361-3p	MIMAT0004682	Endogenous1	105.94	126.53	95.54	88.87	95.99	98.92	72.77	167.8	110.89	110.56	90.44	54.52	94.02	58.21	132.78	111.12	91.69	104.93	96.99	168.31		
hsa-miR-361-5p	hsa-miR-361-5p	hsa-miR-361-5p	MIMAT0000703	Endogenous1	109.96	256.89	107.12	121.54	126.25	108.68	118.46	297.92	222.89	194.66	135.66	92.56	114.38	151.04	168.29	168.87	88.07	87.69	86.09	205.26		
hsa-miR-3613-3p	hsa-miR-3613-3p	hsa-miR-3613-3p	MIMAT0017991	Endogenous1	30.84	9.97	26.06	22.22	31.3	29.26	22	11.38	30.74	31.18	22.06	20.29	18.42	34.61	20.3	18.28	16.89	27.31	9.81	28.74		
hsa-miR-3613-5p	hsa-miR-3613-5p	hsa-miR-3613-5p	MIMAT0017990	Endogenous1	17.43	19.94	24.61	18.3	24	12.54	18.61	14.22	16.47	16.06	16.54	24.09	11.63	15.73	12.69	13.16	28.96	21.56	16.35	13.68		
hsa-miR-3614-3p	hsa-miR-3614-3p	hsa-miR-3614-3p	MIMAT0017993	Endogenous1	26.82	21.47	28.95	35.29	35.47	26.47	28.77	21.33	47.21	21.73	29.78	31.7	20.36	33.04	37.21	21.2	27.75	12.94	17.44	32.84		
hsa-miR-3614-5p	hsa-miR-3614-5p	hsa-miR-3614-5p	MIMAT0017992	Endogenous1	33.52	15.34	21.71	23.52	29.21	23.69	28.77	19.91	34.04	23.62	12.13	19.02	19.39	37.76	30.45	16.08	25.34	15.81	9.81	32.84		
hsa-miR-3615	hsa-miR-3615	hsa-miR-3615	MIMAT0017994	Endogenous1	22.8	13.8	15.92	35.29	34.43	22.29	32.15	9.24	29.64	24.57	15.44	27.89	26.17	31.47	20.3	16.81	15.68	14.37	26.15	23.26		
hsa-miR-362-3p	hsa-miR-362-3p	hsa-miR-362-3p	MIMAT0004683	Endogenous1	52.3	93.55	21.71	23.52	27.13	26.47	35.54	59.02	54.9	49.14	29.78	26.63	43.62	39.33	53.28	54.1	30.16	38.81	31.6	34.21		
hsa-miR-362-5p	hsa-miR-362-5p	hsa-miR-362-5p	MIMAT0000705	Endogenous1	57.66	126.53	78.17	81.03	63.65	71.06	76.15	105.23	91.13	104.89	90.44	117.91	95.96	81.81	87.95	100.15	95.31	81.94	115.52	136.84		
hsa-miR-363-3p	hsa-miR-363-3p	hsa-miR-363-3p	MIMAT0000707	Endogenous1	60.34	48.31	65.14	145.06	53.21	76.63	64.31	48.35	92.23	56.7	108.09	71	91.12	62.93	74.42	70.91	94.11	70.44	62.12	41.05		
hsa-miR-363-5p	hsa-miR-363-5p	hsa-miR-363-5p	MIMAT0003385	Endogenous1	34.87	23.01	23.16	32.67	27.13	30.65	30.46	8.53	39.53	24.57	19.85	39.3	18.42	29.89	18.61	13.16	27.75	23	18.53	21.89		
hsa-miR-365a-3p+hsa-miR-365b-3p	hsa-miR-365a-3p+hsa-miR-365b-3p	hsa-miR-365a-3p+hsa-miR-365b-3p	MIMAT0000710	Endogenous1	72.41	63.65	53.56	48.35	57.39	41.8	38.92	86.75	68.07	69.93	40.81	46.91	43.62	66.08	62.58	43.13	53.09	35.94	33.78	47.89		
hsa-miR-365b-5p	hsa-miR-365b-5p	hsa-miR-365b-5p	MIMAT0022833	Endogenous1	25.48	11.5	24.61	19.6	33.39	18.11	20.31	9.24	21.96	21.73	16.54	19.02	15.51	12.59	12.69	9.5	9.65	10.06	14.17	12.32		
hsa-miR-367-3p	hsa-miR-367-3p	hsa-miR-367-3p	MIMAT0000719	Endogenous1	40.23	23.01	10.13	22.22	26.08	34.83	23.69	14.22	43.92	33.07	17.65	16.48	7.75	33.04	23.68	11.7	16.89	23	13.08	17.79		
hsa-miR-369-3p	hsa-miR-369-3p	hsa-miR-369-3p	MIMAT0000721	Endogenous1	33.52	29.14	14.48	26.14	32.34	32.05	25.38	17.06	34.04	38.74	29.78	21.55	22.29	50.35	25.37	16.08	14.48	18.69	16.35	30.11		
hsa-miR-369-5p	hsa-miR-369-5p	hsa-miR-369-5p	MIMAT0001621	Endogenous1	25.48	16.87	23.16	19.6	22.95	25.08	18.61	10.67	16.47	21.73	14.34	19.02	13.57	34.61	18.61	5.85	18.1	20.12	16.35	23.26		
hsa-miR-3690	hsa-miR-3690	hsa-miR-3690	MIMAT0018119	Endogenous1	34.87	18.4	26.06	22.22	16.69	22.29	16.92	15.64	46.11	30.24	22.06	32.97	14.54	29.89	14.38	16.81	16.89	10.06	11.99	30.11		
hsa-miR-370-3p	hsa-miR-370-3p	hsa-miR-370-3p	MIMAT0000722	Endogenous1	30.84	26.84	20.27	30.06	34.43	30.65	30.46	14.93	46.11	34.02	14.34	27.89	16.48	42.48	35.52	10.97	26.54	20.12	18.53	30.11		
hsa-miR-370-5p	hsa-miR-370-5p	hsa-miR-370-5p	MIMAT0026483	Endogenous1	17.43	16.1	18.82	19.6	21.91	22.29	25.38	10.67	26.35	15.12	6.62	13.95	11.63	18.88	16.07	8.04	12.06	5.75	5.45	16.42		
hsa-miR-371a-5p	hsa-miR-371a-5p	hsa-miR-371a-5p	MIMAT0004687	Endogenous1	50.96	32.97	30.4	37.9	40.69	34.83	30.46	32.71	56	57.64	14.34	24.09	16.48	66.08	27.91	28.51	30.16	33.06	11.99	46.53		
hsa-miR-371b-5p	hsa-miR-371b-5p	hsa-miR-371b-5p	MIMAT0019892	Endogenous1	46.93	29.91	17.37	20.91	25.04	29.26	15.23	30.57	41.72	39.69	18.75	27.89	15.51	56.64	33.83	27.78	12.06	18.69	13.08	23.26		
hsa-miR-372-3p	hsa-miR-372-3p	hsa-miR-372-3p	MIMAT0000724	Endogenous1	32.18	26.84	13.03	18.3	28.17	27.87	15.23	14.93	31.84	34.02	13.24	13.95	16.48	51.92	24.53	24.12	16.89	17.25	13.08	23.26		
hsa-miR-373-3p	hsa-miR-373-3p	hsa-miR-373-3p	MIMAT0000726	Endogenous1	21.46	25.31	21.71	19.6	27.13	18.11	11.85	15.64	31.84	23.62	12.13	17.75	13.57	29.89	30.45	21.2	13.27	21.56	13.08	28.74		
hsa-miR-374a-3p	hsa-miR-374a-3p	hsa-miR-374a-3p	MIMAT0004688	Endogenous1	34.87	20.7	30.4	26.14	19.82	40.41	30.46	12.09	29.64	33.07	11.03	20.29	17.45	36.19	27.91	16.81	26.54	25.87	13.08	30.11		
hsa-miR-374a-5p	hsa-miR-374a-5p	hsa-miR-374a-5p	MIMAT0000727	Endogenous1	996.36	1918.64	1068.31	725.32	742.88	515.52	1069.49	2037.1	1303.28	1202.01	1100.75	740.45	1208.75	948.71	1371.73	1503.04	781.8	924.29	1149.73	561.05		
hsa-miR-374b-5p	hsa-miR-374b-5p	hsa-miR-374b-5p	MIMAT0004955	Endogenous1	85.82	146.47	78.17	75.8	87.64	52.95	44	229.66	105.4	95.44	97.06	74.81	70.76	61.36	112.48	116.97	59.12	90.56	54.49	121.79		
hsa-miR-374c-5p	hsa-miR-374c-5p	hsa-miR-374c-5p	MIMAT0018443	Endogenous1	21.46	19.94	41.98	11.76	18.78	23.69	20.31	14.93	24.16	17.95	5.51	17.75	11.63	23.6	9.3	18.28	18.1	12.94	9.81	23.26		
hsa-miR-375	hsa-miR-375	hsa-miR-375	MIMAT0000728	Endogenous1	22.8	17.64	4.34	19.6	16.69	13.93	8.46	14.93	20.86	17.95	8.82	12.68	10.66	18.88	16.07	11.7	9.65	14.37	11.99	23.26		
hsa-miR-376a-2-5p	hsa-miR-376a-2-5p	hsa-miR-376a-2-5p	MIMAT0022928	Endogenous1	40.23	26.07	21.71	20.91	32.34	20.9	15.23	10.67	34.04	32.13	18.75	13.95	11.63	59.79	34.67	16.81	12.06	11.5	18.53	21.89		
hsa-miR-376a-3p	hsa-miR-376a-3p	hsa-miR-376a-3p	MIMAT0000729	Endogenous1	33.52	26.07	44.87	47.05	75.12	58.52	40.61	39.11	34.04	38.74	20.96	31.7	28.11	39.33	45.67	24.86	41.02	34.5	19.62	27.37		
hsa-miR-376b-3p	hsa-miR-376b-3p	hsa-miR-376b-3p	MIMAT0002172	Endogenous1	16.09	17.64	18.82	27.44	33.39	39.01	32.15	13.51	36.23	19.84	9.93	25.36	13.57	25.17	20.3	10.97	22.92	25.87	13.08	15.05		
hsa-miR-376c-3p	hsa-miR-376c-3p	hsa-miR-376c-3p	MIMAT0000720	Endogenous1	28.16	19.94	20.27	24.83	14.61	18.11	18.61	17.06	29.64	19.84	13.24	25.36	11.63	34.61	21.14	13.16	14.48	17.25	11.99	16.42		
hsa-miR-376c-5p	hsa-miR-376c-5p	hsa-miR-376c-5p	MIMAT0022861	Endogenous1	18.77	18.4	26.06	15.68	26.08	20.9	30.46	8.53	31.84	22.68	16.54	27.89	5.82	34.61	15.22	11.7	14.48	15.81	8.72	10.95		
hsa-miR-377-3p	hsa-miR-377-3p	hsa-miR-377-3p	MIMAT0000730	Endogenous1	53.64	31.44	43.43	30.06	34.43	39.01	37.23	32	61.49	34.02	35.29	43.11	22.29	62.93	36.37	31.44	28.96	35.94	29.42	23.26		
hsa-miR-378b	hsa-miR-378b	hsa-miR-378b	MIMAT0014999	Endogenous1	37.55	21.47	28.95	22.22	30.26	27.87	23.69	24.89	32.94	23.62	18.75	27.89	24.23	44.05	20.3	15.35	14.48	12.94	6.54	17.79		
hsa-miR-378c	hsa-miR-378c	hsa-miR-378c	MIMAT0016847	Endogenous1	20.11	12.27	15.92	13.07	14.61	18.11	20.31	9.95	14.27	16.06	17.65	20.29	6.79	25.17	10.99	6.58	18.1	12.94	6.54	21.89		
hsa-miR-378d	hsa-miR-378d	hsa-miR-378d	MIMAT0018926	Endogenous1	54.98	23.77	15.92	26.14	31.3	32.05	30.46	24.18	35.13	22.68	20.96	27.89	11.63	51.92	25.37	23.39	15.68	30.19	13.08	27.37		
hsa-miR-378e	hsa-miR-378e	hsa-miR-378e	MIMAT0018927	Endogenous1	1.34	1	1.45	1.31	1.04	1.39	1.69	1	1.1	1	1.1	1.27	1	1.57	1	1	1.21	1.44	1.09	1.37		
hsa-miR-378f	hsa-miR-378f	hsa-miR-378f	MIMAT0018932	Endogenous1	38.89	36.81	55.01	45.74	45.91	59.91	55.84	22.75	37.33	44.41	25.37	49.45	26.17	64.51	44.82	25.59	34.99	50.31	23.98	26		
hsa-miR-378g	hsa-miR-378g	hsa-miR-378g	MIMAT0018937	Endogenous1	77.78	54.45	91.2	69.26	91.82	75.24	89.69	66.13	57.09	55.75	70.59	58.32	81.42	78.67	77.8	61.41	73.6	92	74.11	62.95		
hsa-miR-378h	hsa-miR-378h	hsa-miR-378h	MIMAT0018984	Endogenous1	24.14	24.54	31.85	22.22	37.56	26.47	15.23	27.02	25.25	34.02	18.75	17.75	20.36	36.19	18.61	22.66	28.96	23	18.53	26		
hsa-miR-378i	hsa-miR-378i	hsa-miR-378i	MIMAT0019074	Endogenous1	73.75	89.72	91.2	90.17	111.64	62.7	94.77	93.14	60.39	70.87	72.8	59.59	88.21	77.09	93.87	92.84	68.77	67.56	94.81	87.58		
hsa-miR-379-5p	hsa-miR-379-5p	hsa-miR-379-5p	MIMAT0000733	Endogenous1	45.59	39.11	63.69	54.89	56.34	61.31	50.77	29.86	56	30.24	38.6	46.91	38.77	58.21	27.91	27.05	47.05	51.75	42.5	38.32		
hsa-miR-380-3p	hsa-miR-380-3p	hsa-miR-380-3p	MIMAT0000735	Endogenous1	34.87	23.01	47.77	30.06	34.43	39.01	27.08	22.04	32.94	36.85	33.09	21.55	25.2	56.64	27.91	13.89	22.92	35.94	27.24	31.47		
hsa-miR-381-3p	hsa-miR-381-3p	hsa-miR-381-3p	MIMAT0000736	Endogenous1	38.89	23.01	21.71	19.6	28.17	22.29	13.54	22.04	34.04	32.13	19.85	19.02	10.66	42.48	27.91	24.86	9.65	20.12	13.08	30.11		
hsa-miR-381-5p	hsa-miR-381-5p	hsa-miR-381-5p	MIMAT0022862	Endogenous1	34.87	13.8	43.43	26.14	27.13	45.98	49.07	12.8	32.94	33.07	25.37	36.77	13.57	36.19	19.45	14.62	18.1	31.62	30.51	27.37		
hsa-miR-382-3p	hsa-miR-382-3p	hsa-miR-382-3p	MIMAT0022697	Endogenous1	12.07	15.34	28.95	28.75	33.39	32.05	33.84	9.24	28.55	18.9	27.57	27.89	18.42	23.6	12.69	13.89	18.1	31.62	17.44	24.63		
hsa-miR-382-5p	hsa-miR-382-5p	hsa-miR-382-5p	MIMAT0000737	Endogenous1	32.18	23.01	27.5	19.6	33.39	20.9	18.61	22.04	28.55	20.79	14.34	32.97	17.45	39.33	22.83	23.39	12.06	23	15.26	32.84		
hsa-miR-383-5p	hsa-miR-383-5p	hsa-miR-383-5p	MIMAT0000738	Endogenous1	6.7	15.34	18.82	18.3	26.08	20.9	16.92	7.82	17.57	20.79	12.13	10.14	16.48	22.03	16.07	5.12	12.06	14.37	7.63	17.79		
hsa-miR-384	hsa-miR-384	hsa-miR-384	MIMAT0001075	Endogenous1	28.16	16.1	30.4	27.44	38.6	22.29	32.15	13.51	31.84	28.35	18.75	30.43	21.33	25.17	21.14	13.89	25.34	27.31	16.35	17.79		
hsa-miR-3916	hsa-miR-3916	hsa-miR-3916	MIMAT0018190	Endogenous1	28.16	19.17	10.13	10.45	22.95	22.29	13.54	7.82	16.47	15.12	12.13	8.88	16.48	18.88	14.38	10.23	12.06	10.06	6.54	12.32		
hsa-miR-3918	hsa-miR-3918	hsa-miR-3918	MIMAT0018192	Endogenous1	22.8	10.74	17.37	19.6	22.95	18.11	30.46	9.95	31.84	18.9	11.03	22.82	14.54	33.04	17.76	8.77	20.51	20.12	10.9	15.05		
hsa-miR-3928-3p	hsa-miR-3928-3p	hsa-miR-3928-3p	MIMAT0018205	Endogenous1	50.96	30.67	26.06	26.14	36.52	30.65	16.92	24.18	56	37.8	13.24	24.09	26.17	45.63	28.75	27.05	22.92	17.25	29.42	32.84		
hsa-miR-3934-5p	hsa-miR-3934-5p	hsa-miR-3934-5p	MIMAT0018349	Endogenous1	25.48	17.64	34.74	40.51	43.82	43.19	27.08	13.51	32.94	24.57	17.65	27.89	21.33	26.75	18.61	13.89	32.58	23	26.15	16.42		
hsa-miR-409-3p	hsa-miR-409-3p	hsa-miR-409-3p	MIMAT0001639	Endogenous1	18.77	12.27	18.82	14.38	29.21	18.11	20.31	13.51	18.67	13.23	9.93	17.75	9.69	15.73	11.84	5.12	10.86	14.37	10.9	19.16		
hsa-miR-409-5p	hsa-miR-409-5p	hsa-miR-409-5p	MIMAT0001638	Endogenous1	8.05	9.2	26.06	18.3	19.82	30.65	13.54	10.67	16.47	17.95	12.13	20.29	9.69	14.16	6.77	6.58	12.06	18.69	11.99	12.32		
hsa-miR-410-3p	hsa-miR-410-3p	hsa-miR-410-3p	MIMAT0002171	Endogenous1	36.21	19.17	24.61	31.36	34.43	36.23	38.92	19.91	36.23	28.35	36.4	25.36	14.54	26.75	27.91	18.28	28.96	43.12	23.98	24.63		
hsa-miR-411-5p	hsa-miR-411-5p	hsa-miR-411-5p	MIMAT0003329	Endogenous1	34.87	44.48	34.74	48.35	44.86	39.01	49.07	19.2	46.11	53.86	25.37	50.72	28.11	50.35	26.22	24.12	32.58	30.19	19.62	34.21		
hsa-miR-412-3p	hsa-miR-412-3p	hsa-miR-412-3p	MIMAT0002170	Endogenous1	41.57	12.27	28.95	30.06	35.47	51.55	25.38	14.22	32.94	35.91	19.85	31.7	18.42	47.2	31.29	16.81	21.72	31.62	20.71	21.89		
hsa-miR-421	hsa-miR-421	hsa-miR-421	MIMAT0003339	Endogenous1	61.69	108.12	43.43	82.33	74.08	73.84	64.31	107.37	81.25	80.32	65.07	71	52.34	80.24	70.19	65.06	76.01	58.94	53.4	86.21		
hsa-miR-422a	hsa-miR-422a	hsa-miR-422a	MIMAT0001339	Endogenous1	1.34	1	1.45	1.31	1.04	1.39	1.69	1	1.1	1	1.1	1.27	1	1.57	1	1	1.21	1.44	1.09	1.37		
hsa-miR-423-3p	hsa-miR-423-3p	hsa-miR-423-3p	MIMAT0001340	Endogenous1	44.25	57.51	52.11	70.57	67.82	72.45	57.54	89.59	50.51	58.59	49.63	64.66	53.31	47.2	71.04	60.68	63.94	70.44	58.85	58.84		
hsa-miR-423-5p	hsa-miR-423-5p	hsa-miR-423-5p	MIMAT0004748	Endogenous1	72.41	161.04	81.06	83.64	107.47	96.14	64.31	110.21	105.4	130.41	125.74	78.61	118.26	92.83	86.26	110.39	76.01	71.87	73.02	106.74		
hsa-miR-424-5p	hsa-miR-424-5p	hsa-miR-424-5p	MIMAT0001341	Endogenous1	332.57	151.07	241.75	143.76	86.6	181.13	340.14	197.67	109.8	139.86	317.65	220.61	339.27	165.2	246.95	390.38	354.71	303.3	638.62	157.37		
hsa-miR-425-5p	hsa-miR-425-5p	hsa-miR-425-5p	MIMAT0003393	Endogenous1	50.96	69.02	50.67	64.04	58.43	52.95	42.31	109.5	59.29	45.36	68.38	69.73	64.95	47.2	82.03	72.37	55.5	60.37	58.85	78		
hsa-miR-4284	hsa-miR-4284	hsa-miR-4284	MIMAT0016915	Endogenous1	5.36	14.57	26.06	24.83	24	34.83	15.23	9.95	20.86	13.23	12.13	11.41	9.69	33.04	16.07	16.08	9.65	8.62	7.63	15.05		
hsa-miR-4286	hsa-miR-4286	hsa-miR-4286	MIMAT0016916	Endogenous1	42.91	42.18	63.69	37.9	42.78	47.37	35.54	54.75	47.21	43.47	54.05	40.57	38.77	62.93	48.21	49.71	50.67	43.12	38.14	58.84		
hsa-miR-429	hsa-miR-429	hsa-miR-429	MIMAT0001536	Endogenous1	16.09	16.1	20.27	10.45	18.78	25.08	20.31	12.09	20.86	7.56	7.72	21.55	5.82	18.88	14.38	13.16	10.86	21.56	7.63	19.16		
hsa-miR-431-5p	hsa-miR-431-5p	hsa-miR-431-5p	MIMAT0001625	Endogenous1	26.82	8.44	10.13	11.76	11.48	12.54	10.15	12.09	20.86	15.12	9.93	20.29	3.88	31.47	18.61	12.43	10.86	1.44	4.36	13.68		
hsa-miR-432-5p	hsa-miR-432-5p	hsa-miR-432-5p	MIMAT0002814	Endogenous1	30.84	18.4	34.74	27.44	33.39	43.19	23.69	16.35	21.96	14.17	20.96	36.77	29.08	44.05	24.53	14.62	25.34	28.75	17.44	31.47		
hsa-miR-433-3p	hsa-miR-433-3p	hsa-miR-433-3p	MIMAT0001627	Endogenous1	17.43	13.8	34.74	35.29	35.47	30.65	49.07	14.22	20.86	24.57	17.65	22.82	18.42	18.88	20.3	12.43	28.96	24.44	17.44	15.05		
hsa-miR-433-5p	hsa-miR-433-5p	hsa-miR-433-5p	MIMAT0026554	Endogenous1	26.82	22.24	30.4	26.14	45.91	37.62	18.61	19.2	36.23	30.24	22.06	17.75	18.42	37.76	22.83	14.62	21.72	20.12	11.99	21.89		
hsa-miR-4421	hsa-miR-4421	hsa-miR-4421	MIMAT0018934	Endogenous1	20.11	9.2	18.82	35.29	24	27.87	10.15	9.24	13.18	12.28	15.44	20.29	9.69	11.01	11.84	10.23	20.51	11.5	10.9	28.74		
hsa-miR-4425	hsa-miR-4425	hsa-miR-4425	MIMAT0018940	Endogenous1	21.46	25.31	21.71	19.6	18.78	19.51	28.77	14.22	36.23	20.79	19.85	22.82	21.33	31.47	16.91	14.62	8.45	21.56	13.08	16.42		
hsa-miR-4431	hsa-miR-4431	hsa-miR-4431	MIMAT0018947	Endogenous1	21.46	23.77	27.5	14.38	20.87	18.11	16.92	14.93	28.55	30.24	20.96	20.29	16.48	33.04	21.99	16.08	19.3	24.44	11.99	27.37		
hsa-miR-4435	hsa-miR-4435	hsa-miR-4435	MIMAT0018951	Endogenous1	24.14	20.7	18.82	13.07	26.08	13.93	11.85	8.53	25.25	21.73	12.13	11.41	10.66	34.61	16.07	19.01	18.1	21.56	8.72	19.16		
hsa-miR-4443	hsa-miR-4443	hsa-miR-4443	MIMAT0018961	Endogenous1	170.31	98.16	354.66	389.45	324.49	397.09	299.53	106.65	151.52	126.63	498.54	348.67	185.14	160.48	222.42	189.34	410.2	291.8	175.46	206.63		
hsa-miR-4448	hsa-miR-4448	hsa-miR-4448	MIMAT0018967	Endogenous1	21.46	16.1	5.79	16.99	22.95	19.51	25.38	12.8	27.45	18.9	16.54	22.82	11.63	29.89	10.99	11.7	7.24	11.5	16.35	20.53		
hsa-miR-4451	hsa-miR-4451	hsa-miR-4451	MIMAT0018973	Endogenous1	44.25	33.74	20.27	19.6	22.95	34.83	22	23.46	58.19	26.46	15.44	19.02	11.63	64.51	37.21	23.39	15.68	12.94	21.8	57.47		
hsa-miR-4454+hsa-miR-7975	hsa-miR-4454+hsa-miR-7975	hsa-miR-4454+hsa-miR-7975	MIMAT0018976	Endogenous1	3638.13	6363.25	2129.39	2374.59	3180.19	2546.95	3222.02	7927.28	4905.69	5851.29	5824.73	1942.41	2757.74	2975.13	4532.12	8202.39	2647.03	2462.37	4394.03	5677.54		
hsa-miR-4455	hsa-miR-4455	hsa-miR-4455	MIMAT0018977	Endogenous1	68.39	35.27	57.9	39.21	56.34	76.63	49.07	29.15	52.7	54.81	30.88	35.5	31.02	66.08	30.45	29.24	33.78	41.69	31.6	45.16		
hsa-miR-4458	hsa-miR-4458	hsa-miR-4458	MIMAT0018980	Endogenous1	17.43	14.57	20.27	15.68	18.78	18.11	10.15	14.22	27.45	17.01	9.93	13.95	10.66	20.45	21.14	11.7	3.62	17.25	9.81	6.84		
hsa-miR-4461	hsa-miR-4461	hsa-miR-4461	MIMAT0018983	Endogenous1	37.55	21.47	18.82	18.3	26.08	25.08	20.31	10.67	39.53	26.46	17.65	29.16	14.54	36.19	26.22	19.01	16.89	17.25	11.99	38.32		
hsa-miR-448	hsa-miR-448	hsa-miR-448	MIMAT0001532	Endogenous1	33.52	22.24	18.82	32.67	35.47	34.83	28.77	14.93	20.86	26.46	24.27	39.3	17.45	55.07	23.68	17.55	21.72	18.69	15.26	24.63		
hsa-miR-4485-3p	hsa-miR-4485-3p	hsa-miR-4485-3p	MIMAT0019019	Endogenous1	18.77	11.5	21.71	23.52	24	36.23	6.77	17.06	21.96	22.68	20.96	17.75	15.51	34.61	23.68	12.43	20.51	15.81	15.26	12.32		
hsa-miR-4488	hsa-miR-4488	hsa-miR-4488	MIMAT0019022	Endogenous1	34.87	13.04	28.95	33.98	31.3	47.37	28.77	16.35	24.16	34.96	13.24	21.55	15.51	34.61	27.91	12.43	24.13	23	11.99	20.53		
hsa-miR-449a	hsa-miR-449a	hsa-miR-449a	MIMAT0001541	Endogenous1	26.82	16.87	23.16	23.52	16.69	30.65	27.08	13.51	16.47	16.06	20.96	29.16	11.63	26.75	18.61	3.66	15.68	17.25	8.72	19.16		
hsa-miR-449b-5p	hsa-miR-449b-5p	hsa-miR-449b-5p	MIMAT0003327	Endogenous1	37.55	18.4	40.53	40.51	55.3	37.62	38.92	12.09	28.55	22.68	40.81	36.77	16.48	47.2	32.98	17.55	31.37	37.37	28.33	10.95		
hsa-miR-449c-5p	hsa-miR-449c-5p	hsa-miR-449c-5p	MIMAT0010251	Endogenous1	28.16	20.7	13.03	18.3	16.69	16.72	23.69	12.8	35.13	18.9	25.37	19.02	11.63	42.48	16.07	8.77	21.72	11.5	9.81	23.26		
hsa-miR-450a-1-3p	hsa-miR-450a-1-3p	hsa-miR-450a-1-3p	MIMAT0022700	Endogenous1	26.82	18.4	28.95	20.91	25.04	23.69	22	20.62	34.04	33.07	24.27	27.89	16.48	40.91	23.68	10.97	24.13	27.31	23.98	32.84		
hsa-miR-450a-2-3p	hsa-miR-450a-2-3p	hsa-miR-450a-2-3p	MIMAT0031074	Endogenous1	42.91	19.94	18.82	16.99	28.17	26.47	30.46	17.06	37.33	28.35	15.44	24.09	15.51	39.33	19.45	18.28	19.3	11.5	11.99	27.37		
hsa-miR-450a-5p	hsa-miR-450a-5p	hsa-miR-450a-5p	MIMAT0001545	Endogenous1	236.02	354.28	167.92	112.39	83.47	174.16	218.3	373.29	207.51	253.25	175.37	120.45	180.3	217.12	219.04	369.91	203.9	166.75	191.8	275.05		
hsa-miR-450b-3p	hsa-miR-450b-3p	hsa-miR-450b-3p	MIMAT0004910	Endogenous1	38.89	17.64	36.19	28.75	38.6	36.23	30.46	14.93	35.13	23.62	28.68	34.23	24.23	51.92	29.6	12.43	19.3	21.56	18.53	38.32		
hsa-miR-450b-5p	hsa-miR-450b-5p	hsa-miR-450b-5p	MIMAT0004909	Endogenous1	32.18	26.84	26.06	31.36	35.47	33.44	28.77	19.2	30.74	12.28	24.27	29.16	17.45	15.73	22.83	19.74	21.72	21.56	16.35	19.16		
hsa-miR-4516	hsa-miR-4516	hsa-miR-4516	MIMAT0019053	Endogenous1	77.78	207.05	131.73	77.11	79.3	105.89	71.07	132.96	158.11	181.44	223.9	173.7	166.72	136.88	151.38	203.23	127.89	159.56	275.72	281.89		
hsa-miR-451a	hsa-miR-451a	hsa-miR-451a	MIMAT0001631	Endogenous1	447.89	111.96	108.57	355.47	78.25	78.02	321.53	74.66	81.25	2973.84	134.56	314.44	318.91	350.85	267.24	375.76	550.16	692.86	367.26	470.73		
hsa-miR-452-5p	hsa-miR-452-5p	hsa-miR-452-5p	MIMAT0001635	Endogenous1	16.09	12.27	20.27	15.68	22.95	36.23	30.46	7.11	14.27	17.01	17.65	22.82	12.6	20.45	6.77	5.85	21.72	21.56	17.44	15.05		
hsa-miR-4521	hsa-miR-4521	hsa-miR-4521	MIMAT0019058	Endogenous1	20.11	10.74	20.27	11.76	17.74	13.93	8.46	13.51	24.16	20.79	11.03	15.21	10.66	22.03	10.99	10.97	19.3	10.06	3.27	21.89		
hsa-miR-4524a-5p	hsa-miR-4524a-5p	hsa-miR-4524a-5p	MIMAT0019062	Endogenous1	6.7	9.97	13.03	11.76	20.87	15.33	11.85	4.27	19.76	16.06	9.93	8.88	7.75	22.03	10.99	2.92	21.72	14.37	8.72	15.05		
hsa-miR-4531	hsa-miR-4531	hsa-miR-4531	MIMAT0019070	Endogenous1	40.23	26.84	30.4	23.52	29.21	20.9	27.08	20.62	40.62	26.46	22.06	16.48	6.79	33.04	41.44	19.01	20.51	25.87	9.81	30.11		
hsa-miR-4532	hsa-miR-4532	hsa-miR-4532	MIMAT0019071	Endogenous1	18.77	5.37	21.71	22.22	16.69	23.69	23.69	11.38	23.06	18.9	16.54	25.36	9.69	25.17	8.46	9.5	14.48	17.25	11.99	16.42		
hsa-miR-4536-3p	hsa-miR-4536-3p	hsa-miR-4536-3p	MIMAT0020959	Endogenous1	59	15.34	24.61	26.14	24	26.47	22	19.91	38.43	38.74	26.47	39.3	13.57	55.07	21.99	22.66	21.72	34.5	22.89	27.37		
hsa-miR-4536-5p	hsa-miR-4536-5p	hsa-miR-4536-5p	MIMAT0019078	Endogenous1	128.74	46.78	70.93	66.65	62.6	69.67	94.77	34.84	86.74	85.99	34.19	60.86	48.47	106.99	59.2	40.94	61.53	73.31	45.77	79.37		
hsa-miR-454-3p	hsa-miR-454-3p	hsa-miR-454-3p	MIMAT0003885	Endogenous1	63.03	70.55	59.35	36.59	65.73	40.41	38.92	99.54	62.58	54.81	79.41	44.38	48.47	59.79	68.5	70.91	51.88	50.31	32.69	61.58		
hsa-miR-455-3p	hsa-miR-455-3p	hsa-miR-455-3p	MIMAT0004784	Endogenous1	30.84	15.34	13.03	11.76	12.52	20.9	20.31	7.11	25.25	23.62	9.93	8.88	10.66	25.17	21.14	11.7	10.86	8.62	8.72	10.95		
hsa-miR-455-5p	hsa-miR-455-5p	hsa-miR-455-5p	MIMAT0003150	Endogenous1	24.14	19.94	31.85	28.75	22.95	26.47	28.77	15.64	32.94	28.35	22.06	16.48	14.54	18.88	20.3	11.7	21.72	25.87	9.81	19.16		
hsa-miR-4647	hsa-miR-4647	hsa-miR-4647	MIMAT0019709	Endogenous1	14.75	16.1	28.95	40.51	31.3	30.65	25.38	17.06	14.27	18.9	19.85	11.41	17.45	37.76	23.68	6.58	18.1	15.81	9.81	26		
hsa-miR-4707-3p	hsa-miR-4707-3p	hsa-miR-4707-3p	MIMAT0019808	Endogenous1	33.52	19.17	26.06	27.44	26.08	36.23	28.77	15.64	36.23	23.62	17.65	15.21	15.51	28.32	22.83	21.2	15.68	28.75	16.35	17.79		
hsa-miR-4707-5p	hsa-miR-4707-5p	hsa-miR-4707-5p	MIMAT0019807	Endogenous1	63.03	27.61	33.29	33.98	37.56	32.05	38.92	21.33	51.6	41.58	20.96	31.7	17.45	45.63	28.75	25.59	20.51	28.75	22.89	30.11		
hsa-miR-4741	hsa-miR-4741	hsa-miR-4741	MIMAT0019871	Endogenous1	24.14	21.47	27.5	20.91	24	13.93	23.69	13.51	37.33	28.35	18.75	31.7	13.57	28.32	27.06	22.66	16.89	27.31	11.99	21.89		
hsa-miR-4755-5p	hsa-miR-4755-5p	hsa-miR-4755-5p	MIMAT0019895	Endogenous1	45.59	39.11	50.67	43.13	54.26	39.01	64.31	25.6	59.29	44.41	34.19	32.97	28.11	77.09	40.59	25.59	53.09	51.75	33.78	34.21		
hsa-miR-4787-3p	hsa-miR-4787-3p	hsa-miR-4787-3p	MIMAT0019957	Endogenous1	22.8	19.94	28.95	11.76	14.61	20.9	15.23	13.51	29.64	30.24	14.34	19.02	10.66	15.73	24.53	10.97	7.24	10.06	5.45	24.63		
hsa-miR-4787-5p	hsa-miR-4787-5p	hsa-miR-4787-5p	MIMAT0019956	Endogenous1	53.64	28.37	24.61	31.36	28.17	34.83	32.15	20.62	35.13	40.63	33.09	25.36	14.54	45.63	34.67	21.93	15.68	21.56	15.26	35.58		
hsa-miR-4792	hsa-miR-4792	hsa-miR-4792	MIMAT0019964	Endogenous1	25.48	10.74	18.82	24.83	26.08	20.9	28.77	10.67	17.57	19.84	18.75	21.55	13.57	28.32	18.61	18.28	16.89	25.87	11.99	16.42		
hsa-miR-483-3p	hsa-miR-483-3p	hsa-miR-483-3p	MIMAT0002173	Endogenous1	24.14	23.77	11.58	27.44	28.17	23.69	18.61	25.6	37.33	27.4	8.82	17.75	13.57	39.33	20.3	15.35	18.1	11.5	18.53	13.68		
hsa-miR-483-5p	hsa-miR-483-5p	hsa-miR-483-5p	MIMAT0004761	Endogenous1	14.75	15.34	20.27	24.83	25.04	36.23	25.38	9.95	35.13	21.73	22.06	26.63	9.69	29.89	19.45	13.16	10.86	20.12	10.9	16.42		
hsa-miR-484	hsa-miR-484	hsa-miR-484	MIMAT0002174	Endogenous1	42.91	40.64	31.85	22.22	37.56	32.05	35.54	43.37	41.72	58.59	20.96	29.16	31.02	45.63	37.21	41.67	28.96	33.06	40.32	28.74		
hsa-miR-485-3p	hsa-miR-485-3p	hsa-miR-485-3p	MIMAT0002176	Endogenous1	54.98	56.75	47.77	35.29	30.26	51.55	40.61	39.11	54.9	44.41	24.27	34.23	25.2	34.61	41.44	34.36	33.78	27.31	23.98	45.16		
hsa-miR-485-5p	hsa-miR-485-5p	hsa-miR-485-5p	MIMAT0002175	Endogenous1	36.21	24.54	31.85	32.67	34.43	43.19	40.61	14.93	51.6	37.8	14.34	31.7	29.08	26.75	18.61	16.08	26.54	28.75	20.71	17.79		
hsa-miR-486-3p	hsa-miR-486-3p	hsa-miR-486-3p	MIMAT0004762	Endogenous1	20.11	23.01	39.08	32.67	53.21	48.77	54.15	30.57	47.21	27.4	9.93	32.97	21.33	48.77	19.45	19.74	30.16	30.19	17.44	28.74		
hsa-miR-487a-3p	hsa-miR-487a-3p	hsa-miR-487a-3p	MIMAT0002178	Endogenous1	42.91	26.84	20.27	24.83	17.74	27.87	16.92	19.2	31.84	31.18	18.75	30.43	20.36	48.77	33.83	16.08	14.48	14.37	9.81	32.84		
hsa-miR-487b-3p	hsa-miR-487b-3p	hsa-miR-487b-3p	MIMAT0003180	Endogenous1	28.16	19.94	21.71	7.84	25.04	22.29	18.61	12.8	25.25	9.45	16.54	13.95	12.6	34.61	16.07	10.97	21.72	21.56	8.72	17.79		
hsa-miR-487b-5p	hsa-miR-487b-5p	hsa-miR-487b-5p	MIMAT0026614	Endogenous1	26.82	20.7	17.37	28.75	34.43	36.23	16.92	20.62	21.96	21.73	13.24	24.09	10.66	47.2	21.14	11.7	16.89	21.56	9.81	43.79		
hsa-miR-488-3p	hsa-miR-488-3p	hsa-miR-488-3p	MIMAT0004763	Endogenous1	25.48	20.7	30.4	19.6	27.13	16.72	25.38	16.35	23.06	25.51	22.06	17.75	15.51	34.61	15.22	21.93	14.48	21.56	13.08	32.84		
hsa-miR-489-3p	hsa-miR-489-3p	hsa-miR-489-3p	MIMAT0002805	Endogenous1	46.93	22.24	14.48	23.52	19.82	19.51	15.23	18.49	34.04	25.51	15.44	16.48	14.54	39.33	17.76	16.81	20.51	18.69	13.08	28.74		
hsa-miR-490-3p	hsa-miR-490-3p	hsa-miR-490-3p	MIMAT0002806	Endogenous1	34.87	23.77	21.71	16.99	17.74	20.9	8.46	12.09	29.64	29.29	11.03	8.88	12.6	47.2	37.21	10.97	15.68	31.62	4.36	23.26		
hsa-miR-490-5p	hsa-miR-490-5p	hsa-miR-490-5p	MIMAT0004764	Endogenous1	16.09	13.04	17.37	13.07	11.48	13.93	13.54	5.69	26.35	18.9	8.82	16.48	7.75	17.31	16.91	5.12	7.24	15.81	7.63	13.68		
hsa-miR-491-3p	hsa-miR-491-3p	hsa-miR-491-3p	MIMAT0004765	Endogenous1	36.21	16.87	24.61	19.6	34.43	34.83	18.61	22.04	31.84	25.51	18.75	15.21	19.39	25.17	25.37	9.5	15.68	17.25	9.81	27.37		
hsa-miR-491-5p	hsa-miR-491-5p	hsa-miR-491-5p	MIMAT0002807	Endogenous1	20.11	9.2	31.85	27.44	27.13	30.65	25.38	10.67	26.35	19.84	17.65	30.43	12.6	22.03	21.14	9.5	13.27	33.06	17.44	27.37		
hsa-miR-492	hsa-miR-492	hsa-miR-492	MIMAT0002812	Endogenous1	20.11	9.97	24.61	20.91	24	22.29	22	13.51	19.76	17.95	14.34	13.95	17.45	11.01	10.99	10.23	10.86	15.81	7.63	15.05		
hsa-miR-493-3p	hsa-miR-493-3p	hsa-miR-493-3p	MIMAT0003161	Endogenous1	16.09	17.64	36.19	20.91	24	37.62	27.08	12.09	24.16	19.84	22.06	20.29	18.42	25.17	25.37	13.16	18.1	24.44	16.35	17.79		
hsa-miR-494-3p	hsa-miR-494-3p	hsa-miR-494-3p	MIMAT0002816	Endogenous1	1.34	1	1.45	1.31	1.04	1.39	1.69	1	1.1	1	1.1	1.27	1	1.57	1	1	1.21	1.44	1.09	1.37		
hsa-miR-494-5p	hsa-miR-494-5p	hsa-miR-494-5p	MIMAT0026607	Endogenous1	28.16	16.1	28.95	19.6	20.87	22.29	25.38	14.22	35.13	9.45	12.13	16.48	11.63	17.31	16.91	8.04	14.48	18.69	11.99	15.05		
hsa-miR-495-3p	hsa-miR-495-3p	hsa-miR-495-3p	MIMAT0002817	Endogenous1	258.81	79.75	166.47	125.46	123.12	185.31	174.3	74.66	163.6	171.99	93.75	121.72	81.42	250.16	86.26	80.42	90.49	104.93	107.89	110.84		
hsa-miR-495-5p	hsa-miR-495-5p	hsa-miR-495-5p	MIMAT0022924	Endogenous1	33.52	27.61	26.06	26.14	30.26	39.01	30.46	21.33	34.04	24.57	22.06	30.43	16.48	29.89	26.22	17.55	22.92	28.75	11.99	30.11		
hsa-miR-496	hsa-miR-496	hsa-miR-496	MIMAT0002818	Endogenous1	16.09	25.31	24.61	27.44	22.95	20.9	22	18.49	20.86	17.95	20.96	15.21	13.57	39.33	11.84	13.89	27.75	17.25	14.17	24.63		
hsa-miR-497-5p	hsa-miR-497-5p	hsa-miR-497-5p	MIMAT0002820	Endogenous1	30.84	18.4	27.5	23.52	31.3	32.05	33.84	13.51	30.74	23.62	25.37	34.23	19.39	29.89	15.22	11.7	22.92	25.87	14.17	16.42		
hsa-miR-498	hsa-miR-498	hsa-miR-498	MIMAT0002824	Endogenous1	22.8	13.04	24.61	28.75	25.04	25.08	22	7.82	21.96	22.68	14.34	19.02	14.54	26.75	16.91	11.7	15.68	11.5	10.9	24.63		
hsa-miR-499a-3p	hsa-miR-499a-3p	hsa-miR-499a-3p	MIMAT0004772	Endogenous1	29.5	33.74	24.61	31.36	37.56	27.87	25.38	17.78	37.33	28.35	16.54	15.21	16.48	39.33	14.38	16.81	10.86	15.81	15.26	24.63		
hsa-miR-499a-5p	hsa-miR-499a-5p	hsa-miR-499a-5p	MIMAT0002870	Endogenous1	101.92	57.51	131.73	75.8	59.47	103.1	120.15	60.44	105.4	88.83	40.81	74.81	54.28	119.57	82.88	61.41	51.88	53.19	69.75	104		
hsa-miR-499b-3p	hsa-miR-499b-3p	hsa-miR-499b-3p	MIMAT0019898	Endogenous1	37.55	25.31	30.4	28.75	36.52	29.26	38.92	22.04	30.74	33.07	20.96	25.36	19.39	44.05	29.6	21.93	14.48	34.5	9.81	23.26		
hsa-miR-499b-5p	hsa-miR-499b-5p	hsa-miR-499b-5p	MIMAT0019897	Endogenous1	26.82	27.61	23.16	26.14	38.6	26.47	27.08	19.91	42.82	32.13	19.85	20.29	21.33	45.63	30.45	18.28	27.75	25.87	15.26	19.16		
hsa-miR-5001-3p	hsa-miR-5001-3p	hsa-miR-5001-3p	MIMAT0021022	Endogenous1	22.8	23.01	26.06	30.06	30.26	22.29	25.38	14.22	23.06	25.51	29.78	40.57	19.39	22.03	24.53	11.7	16.89	14.37	19.62	20.53		
hsa-miR-5001-5p	hsa-miR-5001-5p	hsa-miR-5001-5p	MIMAT0021021	Endogenous1	44.25	10.74	30.4	31.36	32.34	23.69	27.08	12.09	20.86	17.95	19.85	19.02	17.45	34.61	26.22	10.23	16.89	24.44	20.71	13.68		
hsa-miR-500a-5p+hsa-miR-501-5p	hsa-miR-500a-5p+hsa-miR-501-5p	hsa-miR-500a-5p+hsa-miR-501-5p	MIMAT0004773	Endogenous1	36.21	43.71	18.82	35.29	27.13	18.11	22	37.68	39.53	36.85	30.88	31.7	29.08	22.03	49.05	33.63	25.34	33.06	27.24	45.16		
hsa-miR-501-3p	hsa-miR-501-3p	hsa-miR-501-3p	MIMAT0004774	Endogenous1	18.77	9.97	15.92	19.6	10.43	20.9	22	7.11	18.67	15.12	7.72	17.75	10.66	18.88	11.84	14.62	13.27	17.25	13.08	13.68		
hsa-miR-5010-3p	hsa-miR-5010-3p	hsa-miR-5010-3p	MIMAT0021044	Endogenous1	29.5	13.8	10.13	20.91	24	33.44	20.31	12.09	24.16	14.17	11.03	20.29	12.6	34.61	19.45	9.5	15.68	11.5	10.9	16.42		
hsa-miR-5010-5p	hsa-miR-5010-5p	hsa-miR-5010-5p	MIMAT0021043	Endogenous1	25.48	17.64	20.27	15.68	15.65	22.29	15.23	11.38	31.84	16.06	17.65	8.88	6.79	23.6	17.76	12.43	8.45	14.37	10.9	16.42		
hsa-miR-502-3p	hsa-miR-502-3p	hsa-miR-502-3p	MIMAT0004775	Endogenous1	40.23	19.17	43.43	36.59	35.47	44.59	16.92	17.06	43.92	38.74	29.78	35.5	20.36	64.51	25.37	11.7	28.96	25.87	11.99	34.21		
hsa-miR-502-5p	hsa-miR-502-5p	hsa-miR-502-5p	MIMAT0002873	Endogenous1	1.34	1	1.45	1.31	1.04	1.39	1.69	1	1.1	1	1.1	1.27	1	1.57	1	1	1.21	1.44	1.09	1.37		
hsa-miR-503-3p	hsa-miR-503-3p	hsa-miR-503-3p	MIMAT0022925	Endogenous1	37.55	25.31	17.37	18.3	27.13	22.29	15.23	19.91	26.35	34.96	18.75	20.29	15.51	39.33	19.45	18.28	21.72	24.44	11.99	26		
hsa-miR-503-5p	hsa-miR-503-5p	hsa-miR-503-5p	MIMAT0002874	Endogenous1	91.19	68.25	63.69	58.81	62.6	68.27	77.84	61.15	75.76	68.04	67.28	78.61	70.76	73.95	65.12	108.93	69.98	58.94	91.54	47.89		
hsa-miR-504-3p	hsa-miR-504-3p	hsa-miR-504-3p	MIMAT0026612	Endogenous1	24.14	17.64	23.16	15.68	19.82	20.9	18.61	16.35	28.55	22.68	8.82	17.75	3.88	33.04	28.75	11.7	8.45	15.81	11.99	15.05		
hsa-miR-504-5p	hsa-miR-504-5p	hsa-miR-504-5p	MIMAT0002875	Endogenous1	36.21	21.47	23.16	20.91	28.17	32.05	25.38	15.64	29.64	21.73	15.44	25.36	14.54	29.89	24.53	11.7	9.65	27.31	11.99	24.63		
hsa-miR-505-3p	hsa-miR-505-3p	hsa-miR-505-3p	MIMAT0002876	Endogenous1	41.57	39.88	33.29	28.75	38.6	45.98	42.31	35.55	35.13	32.13	41.91	31.7	34.9	25.17	45.67	40.21	26.54	46	37.05	31.47		
hsa-miR-506-3p	hsa-miR-506-3p	hsa-miR-506-3p	MIMAT0002878	Endogenous1	24.14	13.8	27.5	22.22	33.39	33.44	30.46	12.09	31.84	18.9	17.65	19.02	8.72	28.32	19.45	8.77	14.48	27.31	11.99	24.63		
hsa-miR-506-5p	hsa-miR-506-5p	hsa-miR-506-5p	MIMAT0022701	Endogenous1	50.96	33.74	52.11	44.43	56.34	55.73	52.46	18.49	50.51	49.14	33.09	34.23	21.33	36.19	25.37	13.89	42.23	35.94	26.15	28.74		
hsa-miR-507	hsa-miR-507	hsa-miR-507	MIMAT0002879	Endogenous1	29.5	17.64	17.37	23.52	24	23.69	22	19.91	41.72	25.51	22.06	17.75	17.45	28.32	21.14	18.28	9.65	20.12	7.63	36.95		
hsa-miR-508-3p	hsa-miR-508-3p	hsa-miR-508-3p	MIMAT0002880	Endogenous1	46.93	25.31	44.87	43.13	35.47	54.34	47.38	9.95	54.9	30.24	25.37	44.38	24.23	37.76	20.3	14.62	36.19	33.06	18.53	31.47		
hsa-miR-508-5p	hsa-miR-508-5p	hsa-miR-508-5p	MIMAT0004778	Endogenous1	18.77	18.4	30.4	20.91	30.26	45.98	30.46	20.62	29.64	23.62	30.88	24.09	13.57	37.76	22.83	9.5	18.1	18.69	11.99	19.16		
hsa-miR-509-3-5p	hsa-miR-509-3-5p	hsa-miR-509-3-5p	MIMAT0004975	Endogenous1	32.18	32.21	31.85	33.98	36.52	20.9	28.77	20.62	38.43	27.4	19.85	31.7	17.45	34.61	29.6	11.7	24.13	27.31	8.72	23.26		
hsa-miR-509-3p	hsa-miR-509-3p	hsa-miR-509-3p	MIMAT0002881	Endogenous1	13.41	10.74	20.27	24.83	28.17	25.08	18.61	12.8	9.88	7.56	7.72	17.75	13.57	15.73	14.38	13.89	19.3	21.56	10.9	12.32		
hsa-miR-509-5p	hsa-miR-509-5p	hsa-miR-509-5p	MIMAT0004779	Endogenous1	40.23	23.77	24.61	18.3	17.74	22.29	22	23.46	43.92	44.41	24.27	22.82	14.54	47.2	31.29	13.89	21.72	8.62	15.26	43.79		
hsa-miR-510-3p	hsa-miR-510-3p	hsa-miR-510-3p	MIMAT0026613	Endogenous1	29.5	9.2	23.16	23.52	24	30.65	20.31	7.11	29.64	23.62	14.34	24.09	4.85	39.33	21.14	13.16	16.89	21.56	5.45	30.11		
hsa-miR-510-5p	hsa-miR-510-5p	hsa-miR-510-5p	MIMAT0002882	Endogenous1	16.09	15.34	23.16	11.76	15.65	12.54	8.46	8.53	20.86	24.57	9.93	10.14	7.75	28.32	14.38	10.97	14.48	10.06	5.45	17.79		
hsa-miR-511-5p	hsa-miR-511-5p	hsa-miR-511-5p	MIMAT0002808	Endogenous1	25.48	28.37	34.74	22.22	28.17	25.08	27.08	24.89	25.25	19.84	20.96	29.16	14.54	25.17	23.68	18.28	22.92	30.19	11.99	15.05		
hsa-miR-512-3p	hsa-miR-512-3p	hsa-miR-512-3p	MIMAT0002823	Endogenous1	17.43	12.27	20.27	19.6	13.56	23.69	16.92	9.95	15.37	14.17	6.62	12.68	12.6	12.59	7.61	8.04	13.27	8.62	6.54	19.16		
hsa-miR-512-5p	hsa-miR-512-5p	hsa-miR-512-5p	MIMAT0002822	Endogenous1	28.16	19.94	36.19	20.91	30.26	34.83	23.69	16.35	27.45	25.51	15.44	20.29	14.54	39.33	20.3	13.16	14.48	21.56	10.9	28.74		
hsa-miR-513a-3p	hsa-miR-513a-3p	hsa-miR-513a-3p	MIMAT0004777	Endogenous1	38.89	19.94	27.5	24.83	22.95	22.29	25.38	19.2	41.72	30.24	16.54	26.63	17.45	56.64	23.68	17.55	27.75	27.31	7.63	31.47		
hsa-miR-513a-5p	hsa-miR-513a-5p	hsa-miR-513a-5p	MIMAT0002877	Endogenous1	41.57	28.37	15.92	22.22	16.69	15.33	20.31	24.18	48.31	30.24	6.62	16.48	12.6	40.91	24.53	16.08	8.45	14.37	4.36	28.74		
hsa-miR-513b-5p	hsa-miR-513b-5p	hsa-miR-513b-5p	MIMAT0005788	Endogenous1	34.87	15.34	27.5	26.14	32.34	30.65	28.77	14.93	39.53	27.4	19.85	25.36	14.54	31.47	15.22	15.35	21.72	28.75	20.71	26		
hsa-miR-513c-3p	hsa-miR-513c-3p	hsa-miR-513c-3p	MIMAT0022728	Endogenous1	30.84	26.07	39.08	28.75	32.34	23.69	25.38	19.91	36.23	21.73	20.96	26.63	14.54	33.04	18.61	11.7	25.34	21.56	18.53	20.53		
hsa-miR-513c-5p	hsa-miR-513c-5p	hsa-miR-513c-5p	MIMAT0005789	Endogenous1	20.11	12.27	20.27	33.98	39.65	37.62	23.69	9.95	23.06	16.06	22.06	32.97	11.63	22.03	10.15	10.97	13.27	24.44	15.26	10.95		
hsa-miR-514a-3p	hsa-miR-514a-3p	hsa-miR-514a-3p	MIMAT0002883	Endogenous1	41.57	29.14	41.98	39.21	39.65	57.13	33.84	20.62	31.84	30.24	29.78	31.7	21.33	45.63	19.45	20.47	22.92	31.62	23.98	19.16		
hsa-miR-514a-5p	hsa-miR-514a-5p	hsa-miR-514a-5p	MIMAT0022702	Endogenous1	22.8	17.64	18.82	30.06	22.95	34.83	15.23	14.93	18.67	24.57	7.72	22.82	7.75	37.76	21.99	5.85	16.89	21.56	4.36	10.95		
hsa-miR-514b-3p	hsa-miR-514b-3p	hsa-miR-514b-3p	MIMAT0015088	Endogenous1	42.91	25.31	39.08	44.43	33.39	57.13	37.23	14.22	31.84	26.46	31.99	38.04	21.33	40.91	18.61	16.08	27.75	23	29.42	31.47		
hsa-miR-514b-5p	hsa-miR-514b-5p	hsa-miR-514b-5p	MIMAT0015087	Endogenous1	34.87	18.4	27.5	30.06	45.91	37.62	28.77	19.91	31.84	35.91	22.06	31.7	23.26	39.33	24.53	21.2	25.34	24.44	13.08	27.37		
hsa-miR-515-3p	hsa-miR-515-3p	hsa-miR-515-3p	MIMAT0002827	Endogenous1	26.82	11.5	24.61	27.44	34.43	25.08	23.69	13.51	16.47	11.34	20.96	19.02	19.39	15.73	15.22	13.89	16.89	15.81	13.08	17.79		
hsa-miR-515-5p	hsa-miR-515-5p	hsa-miR-515-5p	MIMAT0002826	Endogenous1	37.55	29.91	28.95	14.38	26.08	33.44	15.23	17.78	57.09	25.51	14.34	20.29	13.57	51.92	24.53	16.81	22.92	24.44	8.72	19.16		
hsa-miR-516a-3p+hsa-miR-516b-3p	hsa-miR-516a-3p+hsa-miR-516b-3p	hsa-miR-516a-3p+hsa-miR-516b-3p	MIMAT0006778	Endogenous1	42.91	32.21	23.16	26.14	28.17	25.08	27.08	17.78	42.82	29.29	23.16	36.77	23.26	36.19	30.45	21.93	22.92	12.94	15.26	31.47		
hsa-miR-516a-5p	hsa-miR-516a-5p	hsa-miR-516a-5p	MIMAT0004770	Endogenous1	18.77	14.57	14.48	14.38	11.48	18.11	13.54	7.82	30.74	13.23	7.72	17.75	8.72	18.88	10.99	6.58	16.89	10.06	1.09	13.68		
hsa-miR-516b-5p	hsa-miR-516b-5p	hsa-miR-516b-5p	MIMAT0002859	Endogenous1	26.82	23.77	26.06	16.99	25.04	13.93	23.69	15.64	32.94	20.79	14.34	19.02	12.6	34.61	13.53	14.62	14.48	27.31	9.81	17.79		
hsa-miR-517a-3p	hsa-miR-517a-3p	hsa-miR-517a-3p	MIMAT0002852	Endogenous1	54.98	30.67	34.74	36.59	37.56	34.83	37.23	26.31	56	43.47	18.75	36.77	25.2	55.07	27.06	21.2	14.48	35.94	22.89	42.42		
hsa-miR-517b-3p	hsa-miR-517b-3p	hsa-miR-517b-3p	MIMAT0002857	Endogenous1	24.14	23.77	15.92	31.36	26.08	25.08	35.54	22.75	31.84	21.73	17.65	12.68	16.48	23.6	21.99	13.89	18.1	25.87	18.53	19.16		
hsa-miR-517c-3p+hsa-miR-519a-3p	hsa-miR-517c-3p+hsa-miR-519a-3p	hsa-miR-517c-3p+hsa-miR-519a-3p	MIMAT0002866	Endogenous1	29.5	20.7	14.48	20.91	32.34	30.65	22	9.95	24.16	15.12	23.16	22.82	17.45	40.91	21.14	9.5	10.86	20.12	7.63	28.74		
hsa-miR-518b	hsa-miR-518b	hsa-miR-518b	MIMAT0002844	Endogenous1	32.18	22.24	21.71	24.83	31.3	41.8	22	17.06	25.25	28.35	20.96	27.89	16.48	31.47	23.68	16.08	15.68	10.06	20.71	21.89		
hsa-miR-518c-3p	hsa-miR-518c-3p	hsa-miR-518c-3p	MIMAT0002848	Endogenous1	37.55	16.1	20.27	10.45	26.08	30.65	16.92	14.93	36.23	25.51	16.54	16.48	13.57	37.76	23.68	8.04	14.48	11.5	7.63	39.68		
hsa-miR-518d-3p	hsa-miR-518d-3p	hsa-miR-518d-3p	MIMAT0002864	Endogenous1	33.52	9.2	17.37	9.15	16.69	12.54	6.77	5.69	13.18	24.57	9.93	8.88	14.54	18.88	20.3	5.12	9.65	14.37	4.36	10.95		
hsa-miR-518e-3p	hsa-miR-518e-3p	hsa-miR-518e-3p	MIMAT0002861	Endogenous1	33.52	13.04	10.13	10.45	16.69	23.69	15.23	12.8	21.96	11.34	8.82	22.82	14.54	29.89	26.22	11.7	16.89	8.62	7.63	17.79		
hsa-miR-518f-3p	hsa-miR-518f-3p	hsa-miR-518f-3p	MIMAT0002842	Endogenous1	48.28	26.84	30.4	37.9	51.13	20.9	25.38	19.2	49.41	41.58	17.65	26.63	11.63	51.92	30.45	24.86	22.92	40.25	22.89	36.95		
hsa-miR-5196-3p+hsa-miR-6732-3p	hsa-miR-5196-3p+hsa-miR-6732-3p	hsa-miR-5196-3p+hsa-miR-6732-3p	MIMAT0021129	Endogenous1	54.98	38.34	23.16	19.6	35.47	37.62	16.92	48.35	36.23	44.41	35.29	40.57	31.02	64.51	43.98	29.24	25.34	21.56	25.07	34.21		
hsa-miR-5196-5p	hsa-miR-5196-5p	hsa-miR-5196-5p	MIMAT0021128	Endogenous1	44.25	31.44	34.74	23.52	26.08	29.26	28.77	24.89	47.21	29.29	20.96	35.5	15.51	48.77	38.06	16.81	27.75	24.44	16.35	26		
hsa-miR-519b-3p	hsa-miR-519b-3p	hsa-miR-519b-3p	MIMAT0002837	Endogenous1	25.48	10.74	11.58	9.15	14.61	23.69	11.85	14.93	23.06	17.95	8.82	17.75	10.66	36.19	16.07	8.04	14.48	14.37	7.63	8.21		
hsa-miR-519b-5p+hsa-miR-519c-5p+hsa-miR-523-5p+hsa-miR-518e-5p+hsa-miR-522-5p+hsa-miR-519a-5p	hsa-miR-519b-5p+hsa-miR-519c-5p+hsa-miR-523-5p+hsa-miR-518e-5p+hsa-miR-522-5p+hsa-miR-519a-5p	hsa-miR-519b-5p+hsa-miR-519c-5p+hsa-miR-523-5p+hsa-miR-518e-5p+hsa-miR-522-5p+hsa-miR-519a-5p	MIMAT0005454	Endogenous1	30.84	16.87	20.27	24.83	19.82	34.83	23.69	12.8	23.06	23.62	9.93	19.02	13.57	29.89	20.3	10.97	16.89	12.94	10.9	24.63		
hsa-miR-519c-3p	hsa-miR-519c-3p	hsa-miR-519c-3p	MIMAT0002832	Endogenous1	56.32	25.31	28.95	33.98	21.91	29.26	23.69	19.91	40.62	30.24	17.65	32.97	11.63	39.33	23.68	19.01	22.92	28.75	14.17	27.37		
hsa-miR-519d-3p	hsa-miR-519d-3p	hsa-miR-519d-3p	MIMAT0002853	Endogenous1	38.89	27.61	26.06	27.44	29.21	43.19	35.54	15.64	41.72	26.46	23.16	25.36	20.36	42.48	21.99	20.47	26.54	25.87	20.71	30.11		
hsa-miR-519e-3p	hsa-miR-519e-3p	hsa-miR-519e-3p	MIMAT0002829	Endogenous1	28.16	24.54	8.69	19.6	22.95	18.11	18.61	15.64	20.86	28.35	11.03	19.02	9.69	28.32	18.61	11.7	19.3	17.25	10.9	19.16		
hsa-miR-520a-3p	hsa-miR-520a-3p	hsa-miR-520a-3p	MIMAT0002834	Endogenous1	13.41	11.5	18.82	15.68	9.39	15.33	10.15	7.11	13.18	8.5	11.03	7.61	3.88	26.75	13.53	6.58	15.68	15.81	8.72	9.58		
hsa-miR-520a-5p	hsa-miR-520a-5p	hsa-miR-520a-5p	MIMAT0002833	Endogenous1	22.8	25.31	36.19	35.29	42.78	33.44	20.31	22.75	51.6	30.24	29.78	32.97	18.42	51.92	27.06	24.86	33.78	24.44	20.71	24.63		
hsa-miR-520b	hsa-miR-520b	hsa-miR-520b	MIMAT0002843	Endogenous1	25.48	13.8	15.92	18.3	22.95	23.69	32.15	9.24	21.96	15.12	9.93	20.29	10.66	25.17	19.45	6.58	21.72	10.06	18.53	13.68		
hsa-miR-520c-3p	hsa-miR-520c-3p	hsa-miR-520c-3p	MIMAT0002846	Endogenous1	48.28	37.58	31.85	32.67	32.34	25.08	27.08	18.49	39.53	36.85	20.96	16.48	22.29	39.33	32.14	19.74	26.54	28.75	20.71	31.47		
hsa-miR-520d-3p	hsa-miR-520d-3p	hsa-miR-520d-3p	MIMAT0002856	Endogenous1	41.57	29.91	18.82	41.82	30.26	22.29	13.54	32	24.16	44.41	18.75	29.16	23.26	42.48	30.45	25.59	34.99	25.87	20.71	42.42		
hsa-miR-520d-5p+hsa-miR-527+hsa-miR-518a-5p	hsa-miR-520d-5p+hsa-miR-527+hsa-miR-518a-5p	hsa-miR-520d-5p+hsa-miR-527+hsa-miR-518a-5p	MIMAT0002855	Endogenous1	30.84	9.2	11.58	16.99	18.78	25.08	11.85	13.51	30.74	17.01	8.82	16.48	12.6	26.75	14.38	12.43	14.48	11.5	9.81	27.37		
hsa-miR-520e	hsa-miR-520e	hsa-miR-520e	MIMAT0002825	Endogenous1	13.41	13.8	10.13	14.38	13.56	16.72	16.92	11.38	23.06	10.39	12.13	15.21	5.82	15.73	7.61	8.77	10.86	17.25	3.27	16.42		
hsa-miR-520f-3p	hsa-miR-520f-3p	hsa-miR-520f-3p	MIMAT0002830	Endogenous1	28.16	19.94	24.61	32.67	21.91	30.65	18.61	15.64	23.06	26.46	19.85	32.97	20.36	28.32	17.76	10.97	27.75	15.81	9.81	16.42		
hsa-miR-520g-3p	hsa-miR-520g-3p	hsa-miR-520g-3p	MIMAT0002858	Endogenous1	41.57	31.44	14.48	27.44	28.17	19.51	18.61	22.75	45.02	31.18	6.62	21.55	18.42	53.49	34.67	18.28	10.86	18.69	5.45	26		
hsa-miR-520h	hsa-miR-520h	hsa-miR-520h	MIMAT0002867	Endogenous1	26.82	26.84	55.01	43.13	42.78	55.73	33.84	13.51	32.94	24.57	30.88	30.43	28.11	23.6	27.91	20.47	39.81	43.12	32.69	27.37		
hsa-miR-521	hsa-miR-521	hsa-miR-521	MIMAT0002854	Endogenous1	14.75	13.8	18.82	24.83	19.82	27.87	8.46	11.38	15.37	19.84	3.31	20.29	5.82	25.17	21.99	12.43	12.06	4.31	1.09	5.47		
hsa-miR-522-3p	hsa-miR-522-3p	hsa-miR-522-3p	MIMAT0002868	Endogenous1	20.11	13.04	39.08	27.44	52.17	34.83	37.23	7.11	20.86	18.9	23.16	45.64	20.36	26.75	10.99	9.5	21.72	24.44	25.07	15.05		
hsa-miR-523-3p	hsa-miR-523-3p	hsa-miR-523-3p	MIMAT0002840	Endogenous1	22.8	11.5	34.74	32.67	28.17	41.8	22	7.11	23.06	28.35	17.65	34.23	12.6	14.16	18.61	10.23	21.72	31.62	11.99	21.89		
hsa-miR-524-3p	hsa-miR-524-3p	hsa-miR-524-3p	MIMAT0002850	Endogenous1	10.73	9.97	8.69	13.07	14.61	15.33	13.54	9.24	16.47	17.95	9.93	19.02	17.45	17.31	8.46	5.12	12.06	14.37	6.54	8.21		
hsa-miR-525-3p	hsa-miR-525-3p	hsa-miR-525-3p	MIMAT0002839	Endogenous1	24.14	20.7	17.37	13.07	16.69	25.08	16.92	9.24	14.27	21.73	17.65	19.02	10.66	26.75	21.99	9.5	14.48	18.69	15.26	12.32		
hsa-miR-525-5p	hsa-miR-525-5p	hsa-miR-525-5p	MIMAT0002838	Endogenous1	34.87	23.01	55.01	36.59	48	57.13	49.07	18.49	38.43	29.29	31.99	30.43	19.39	58.21	32.14	24.12	27.75	40.25	25.07	41.05		
hsa-miR-526a+hsa-miR-518c-5p+hsa-miR-518d-5p	hsa-miR-526a+hsa-miR-518c-5p+hsa-miR-518d-5p	hsa-miR-526a+hsa-miR-518c-5p+hsa-miR-518d-5p	MIMAT0002845	Endogenous1	38.89	19.94	41.98	35.29	55.3	41.8	30.46	13.51	40.62	27.4	31.99	30.43	19.39	37.76	28.75	19.74	21.72	25.87	18.53	23.26		
hsa-miR-526b-5p	hsa-miR-526b-5p	hsa-miR-526b-5p	MIMAT0002835	Endogenous1	42.91	21.47	23.16	28.75	30.26	40.41	37.23	9.24	26.35	35.91	20.96	24.09	17.45	51.92	21.99	11.7	18.1	15.81	10.9	27.37		
hsa-miR-532-3p	hsa-miR-532-3p	hsa-miR-532-3p	MIMAT0004780	Endogenous1	34.87	34.51	39.08	39.21	46.95	37.62	37.23	24.18	32.94	37.8	45.22	30.43	21.33	47.2	31.29	18.28	33.78	38.81	20.71	30.11		
hsa-miR-532-5p	hsa-miR-532-5p	hsa-miR-532-5p	MIMAT0002888	Endogenous1	46.93	37.58	7.24	22.22	31.3	20.9	32.15	27.73	31.84	26.46	24.27	20.29	25.2	47.2	28.75	33.63	19.3	25.87	20.71	34.21		
hsa-miR-539-3p	hsa-miR-539-3p	hsa-miR-539-3p	MIMAT0022705	Endogenous1	32.18	16.87	17.37	15.68	19.82	33.44	16.92	15.64	28.55	17.95	15.44	16.48	9.69	22.03	27.91	13.16	19.3	17.25	11.99	12.32		
hsa-miR-539-5p	hsa-miR-539-5p	hsa-miR-539-5p	MIMAT0003163	Endogenous1	20.11	14.57	15.92	27.44	27.13	25.08	23.69	7.82	15.37	9.45	25.37	29.16	15.51	3.15	10.15	13.89	14.48	20.12	13.08	13.68		
hsa-miR-541-3p	hsa-miR-541-3p	hsa-miR-541-3p	MIMAT0004920	Endogenous1	30.84	25.31	21.71	19.6	22.95	22.29	18.61	12.09	39.53	35.91	18.75	26.63	8.72	48.77	24.53	15.35	14.48	12.94	15.26	28.74		
hsa-miR-542-3p	hsa-miR-542-3p	hsa-miR-542-3p	MIMAT0003389	Endogenous1	44.25	20.7	37.64	31.36	45.91	45.98	23.69	23.46	31.84	34.02	26.47	26.63	22.29	39.33	24.53	24.12	41.02	35.94	13.08	26		
hsa-miR-542-5p	hsa-miR-542-5p	hsa-miR-542-5p	MIMAT0003340	Endogenous1	48.28	31.44	30.4	27.44	16.69	15.33	13.54	33.42	45.02	48.19	23.16	29.16	30.05	58.21	32.98	21.93	25.34	11.5	17.44	36.95		
hsa-miR-543	hsa-miR-543	hsa-miR-543	MIMAT0004954	Endogenous1	56.32	32.97	43.43	31.36	64.69	43.19	28.77	44.79	53.8	38.74	23.16	46.91	31.02	61.36	36.37	27.05	38.61	35.94	25.07	32.84		
hsa-miR-544a	hsa-miR-544a	hsa-miR-544a	MIMAT0003164	Endogenous1	32.18	23.01	20.27	20.91	21.91	30.65	6.77	15.64	34.04	17.95	5.51	13.95	14.54	39.33	16.07	10.97	16.89	18.69	15.26	17.79		
hsa-miR-545-3p	hsa-miR-545-3p	hsa-miR-545-3p	MIMAT0003165	Endogenous1	32.18	23.77	30.4	23.52	18.78	22.29	37.23	19.91	27.45	27.4	11.03	26.63	23.26	37.76	29.6	18.28	20.51	24.44	31.6	21.89		
hsa-miR-548a-3p	hsa-miR-548a-3p	hsa-miR-548a-3p	MIMAT0003251	Endogenous1	41.57	19.94	17.37	28.75	32.34	36.23	32.15	16.35	28.55	20.79	29.78	41.84	16.48	26.75	24.53	19.01	25.34	20.12	13.08	21.89		
hsa-miR-548a-5p	hsa-miR-548a-5p	hsa-miR-548a-5p	MIMAT0004803	Endogenous1	48.28	27.61	39.08	20.91	38.6	40.41	27.08	12.09	41.72	35.91	22.06	31.7	21.33	44.05	43.98	21.2	15.68	23	13.08	24.63		
hsa-miR-548aa+hsa-miR-548t-3p	hsa-miR-548aa+hsa-miR-548t-3p	hsa-miR-548aa+hsa-miR-548t-3p	MIMAT0018447	Endogenous1	1.34	1	1.45	1.31	1.04	1.39	1.69	1	1.1	1	1.1	1.27	1	1.57	1	1	1.21	1.44	1.09	1.37		
hsa-miR-548ad-3p	hsa-miR-548ad-3p	hsa-miR-548ad-3p	MIMAT0018946	Endogenous1	32.18	34.51	49.22	33.98	45.91	51.55	33.84	24.18	43.92	30.24	30.88	38.04	29.08	42.48	35.52	16.81	33.78	40.25	25.07	27.37		
hsa-miR-548ah-5p	hsa-miR-548ah-5p	hsa-miR-548ah-5p	MIMAT0018972	Endogenous1	88.51	42.94	81.06	70.57	65.73	103.1	108.3	30.57	68.07	67.09	52.94	128.06	62.04	108.56	69.35	51.9	62.74	80.5	70.84	65.68		
hsa-miR-548ai+hsa-miR-570-5p	hsa-miR-548ai+hsa-miR-570-5p	hsa-miR-548ai+hsa-miR-570-5p	MIMAT0018989	Endogenous1	36.21	20.7	31.85	26.14	37.56	22.29	16.92	22.75	36.23	34.02	15.44	19.02	17.45	44.05	21.14	11.7	14.48	15.81	10.9	35.58		
hsa-miR-548ak	hsa-miR-548ak	hsa-miR-548ak	MIMAT0019013	Endogenous1	25.48	13.04	23.16	24.83	15.65	20.9	18.61	14.93	34.04	21.73	13.24	31.7	13.57	40.91	14.38	10.97	15.68	11.5	7.63	13.68		
hsa-miR-548al	hsa-miR-548al	hsa-miR-548al	MIMAT0019024	Endogenous1	37.55	24.54	33.29	24.83	33.39	39.01	32.15	14.93	39.53	26.46	22.06	22.82	24.23	48.77	25.37	19.01	24.13	25.87	18.53	26		
hsa-miR-548ar-3p	hsa-miR-548ar-3p	hsa-miR-548ar-3p	MIMAT0022266	Endogenous1	73.75	39.11	40.53	40.51	56.34	57.13	66	22.75	54.9	48.19	37.5	34.23	23.26	62.93	43.98	26.32	37.4	50.31	34.87	47.89		
hsa-miR-548ar-5p	hsa-miR-548ar-5p	hsa-miR-548ar-5p	MIMAT0022265	Endogenous1	1.34	29.14	1.45	1.31	1.04	1.39	1.69	2.84	56	55.75	1.1	1.27	1	69.23	1	1	1.21	1.44	11.99	16.42		
hsa-miR-548b-3p	hsa-miR-548b-3p	hsa-miR-548b-3p	MIMAT0003254	Endogenous1	28.16	17.64	14.48	15.68	18.78	19.51	22	11.38	32.94	20.79	14.34	15.21	21.33	50.35	24.53	13.16	18.1	11.5	17.44	23.26		
hsa-miR-548c-5p+hsa-miR-548o-5p+hsa-miR-548am-5p	hsa-miR-548c-5p+hsa-miR-548o-5p+hsa-miR-548am-5p	hsa-miR-548c-5p+hsa-miR-548o-5p+hsa-miR-548am-5p	MIMAT0004806	Endogenous1	22.8	17.64	10.13	18.3	24	37.62	28.77	7.11	19.76	17.01	13.24	21.55	5.82	33.04	13.53	11.7	12.06	17.25	9.81	13.68		
hsa-miR-548d-3p	hsa-miR-548d-3p	hsa-miR-548d-3p	MIMAT0003323	Endogenous1	29.5	14.57	24.61	27.44	14.61	15.33	13.54	17.78	31.84	28.35	15.44	30.43	11.63	31.47	16.07	20.47	25.34	17.25	19.62	26		
hsa-miR-548d-5p	hsa-miR-548d-5p	hsa-miR-548d-5p	MIMAT0004812	Endogenous1	14.75	24.54	17.37	16.99	30.26	29.26	22	17.06	34.04	25.51	19.85	21.55	14.54	23.6	19.45	16.08	22.92	21.56	20.71	21.89		
hsa-miR-548e-3p	hsa-miR-548e-3p	hsa-miR-548e-3p	MIMAT0005874	Endogenous1	22.8	22.24	13.03	27.44	14.61	11.15	8.46	17.06	27.45	15.12	5.51	26.63	14.54	25.17	16.07	11.7	14.48	14.37	5.45	19.16		
hsa-miR-548e-5p	hsa-miR-548e-5p	hsa-miR-548e-5p	MIMAT0026736	Endogenous1	37.55	34.51	40.53	41.82	42.78	32.05	49.07	21.33	59.29	40.63	22.06	31.7	26.17	50.35	33.83	30.7	36.19	33.06	29.42	38.32		
hsa-miR-548g-3p	hsa-miR-548g-3p	hsa-miR-548g-3p	MIMAT0005912	Endogenous1	65.71	35.27	37.64	26.14	35.47	48.77	28.77	22.75	50.51	46.3	19.85	46.91	17.45	73.95	52.43	19.01	26.54	35.94	27.24	46.53		
hsa-miR-548h-5p	hsa-miR-548h-5p	hsa-miR-548h-5p	MIMAT0005928	Endogenous1	30.84	14.57	10.13	19.6	14.61	19.51	18.61	8.53	23.06	19.84	12.13	12.68	7.75	20.45	14.38	9.5	8.45	12.94	1.09	23.26		
hsa-miR-548i	hsa-miR-548i	hsa-miR-548i	MIMAT0005935	Endogenous1	59	29.14	33.29	33.98	22.95	27.87	33.84	22.75	49.41	40.63	15.44	30.43	18.42	53.49	42.29	16.81	24.13	15.81	22.89	21.89		
hsa-miR-548j-3p	hsa-miR-548j-3p	hsa-miR-548j-3p	MIMAT0026737	Endogenous1	33.52	17.64	18.82	19.6	27.13	13.93	13.54	12.8	49.41	38.74	19.85	22.82	15.51	26.75	30.45	16.81	18.1	10.06	9.81	26		
hsa-miR-548j-5p	hsa-miR-548j-5p	hsa-miR-548j-5p	MIMAT0005875	Endogenous1	36.21	16.1	37.64	24.83	40.69	37.62	40.61	22.04	36.23	24.57	23.16	30.43	20.36	34.61	21.99	16.81	33.78	23	19.62	32.84		
hsa-miR-548k	hsa-miR-548k	hsa-miR-548k	MIMAT0005882	Endogenous1	24.14	19.94	23.16	28.75	24	19.51	32.15	9.95	42.82	33.07	23.16	30.43	13.57	39.33	21.99	17.55	27.75	24.44	17.44	28.74		
hsa-miR-548l	hsa-miR-548l	hsa-miR-548l	MIMAT0005889	Endogenous1	29.5	9.97	24.61	24.83	21.91	27.87	27.08	5.69	24.16	12.28	18.75	29.16	16.48	26.75	17.76	11.7	16.89	24.44	8.72	21.89		
hsa-miR-548m	hsa-miR-548m	hsa-miR-548m	MIMAT0005917	Endogenous1	44.25	19.94	34.74	41.82	40.69	23.69	37.23	24.89	47.21	31.18	27.57	34.23	18.42	44.05	22.83	19.74	16.89	18.69	13.08	17.79		
hsa-miR-548n	hsa-miR-548n	hsa-miR-548n	MIMAT0005916	Endogenous1	29.5	21.47	21.71	19.6	27.13	26.47	25.38	20.62	34.04	26.46	15.44	48.18	10.66	34.61	27.06	17.55	8.45	21.56	18.53	24.63		
hsa-miR-548o-3p+hsa-miR-548ah-3p+hsa-miR-548av-3p	hsa-miR-548o-3p+hsa-miR-548ah-3p+hsa-miR-548av-3p	hsa-miR-548o-3p+hsa-miR-548ah-3p+hsa-miR-548av-3p	MIMAT0005919	Endogenous1	16.09	18.4	11.58	15.68	19.82	12.54	20.31	8.53	26.35	21.73	11.03	20.29	8.72	17.31	14.38	7.31	10.86	12.94	10.9	13.68		
hsa-miR-548q	hsa-miR-548q	hsa-miR-548q	MIMAT0011163	Endogenous1	29.5	21.47	17.37	20.91	16.69	25.08	22	19.2	24.16	17.95	9.93	20.29	15.51	25.17	18.61	10.97	10.86	23	17.44	17.79		
hsa-miR-548v	hsa-miR-548v	hsa-miR-548v	MIMAT0015020	Endogenous1	40.23	22.24	37.64	28.75	39.65	33.44	28.77	20.62	41.72	36.85	27.57	36.77	16.48	28.32	24.53	14.62	28.96	38.81	20.71	32.84		
hsa-miR-548y	hsa-miR-548y	hsa-miR-548y	MIMAT0018354	Endogenous1	46.93	26.84	49.22	45.74	53.21	48.77	50.77	30.57	43.92	40.63	38.6	58.32	27.14	66.08	39.75	19.01	37.4	40.25	30.51	30.11		
hsa-miR-548z+hsa-miR-548h-3p	hsa-miR-548z+hsa-miR-548h-3p	hsa-miR-548z+hsa-miR-548h-3p	MIMAT0018446	Endogenous1	48.28	34.51	31.85	24.83	25.04	34.83	37.23	19.2	48.31	33.07	24.27	30.43	30.05	44.05	26.22	23.39	25.34	18.69	16.35	27.37		
hsa-miR-549a	hsa-miR-549a	hsa-miR-549a	MIMAT0003333	Endogenous1	50.96	30.67	43.43	41.82	59.47	44.59	37.23	17.78	52.7	45.36	25.37	26.63	29.08	53.49	30.45	22.66	47.05	34.5	37.05	27.37		
hsa-miR-550a-5p	hsa-miR-550a-5p	hsa-miR-550a-5p	MIMAT0004800	Endogenous1	14.75	9.2	15.92	9.15	14.61	9.75	13.54	5.69	12.08	10.39	12.13	7.61	5.82	11.01	9.3	5.12	4.83	5.75	5.45	9.58		
hsa-miR-551a	hsa-miR-551a	hsa-miR-551a	MIMAT0003214	Endogenous1	21.46	15.34	33.29	35.29	39.65	41.8	35.54	5.69	26.35	17.01	34.19	16.48	19.39	34.61	24.53	4.39	18.1	15.81	15.26	10.95		
hsa-miR-551b-3p	hsa-miR-551b-3p	hsa-miR-551b-3p	MIMAT0003233	Endogenous1	54.98	21.47	37.64	39.21	50.08	40.41	30.46	19.2	43.92	36.85	36.4	43.11	29.08	36.19	27.06	12.43	32.58	35.94	17.44	34.21		
hsa-miR-552-3p	hsa-miR-552-3p	hsa-miR-552-3p	MIMAT0003215	Endogenous1	48.28	16.87	40.53	40.51	48	50.16	33.84	20.62	35.13	29.29	30.88	46.91	20.36	26.75	21.14	19.01	32.58	44.56	20.71	30.11		
hsa-miR-553	hsa-miR-553	hsa-miR-553	MIMAT0003216	Endogenous1	28.16	17.64	59.35	28.75	26.08	33.44	66	15.64	30.74	30.24	27.57	51.98	25.2	26.75	20.3	11.7	41.02	31.62	37.05	24.63		
hsa-miR-554	hsa-miR-554	hsa-miR-554	MIMAT0003217	Endogenous1	33.52	23.01	24.61	23.52	25.04	36.23	18.61	12.09	27.45	22.68	25.37	27.89	19.39	34.61	17.76	12.43	18.1	25.87	13.08	24.63		
hsa-miR-555	hsa-miR-555	hsa-miR-555	MIMAT0003219	Endogenous1	42.91	36.04	30.4	26.14	33.39	33.44	32.15	32	49.41	36.85	24.27	29.16	21.33	42.48	32.98	26.32	28.96	25.87	13.08	19.16		
hsa-miR-556-3p	hsa-miR-556-3p	hsa-miR-556-3p	MIMAT0004793	Endogenous1	29.5	21.47	23.16	15.68	22.95	26.47	20.31	19.2	40.62	34.02	17.65	26.63	9.69	33.04	24.53	12.43	6.03	12.94	8.72	26		
hsa-miR-556-5p	hsa-miR-556-5p	hsa-miR-556-5p	MIMAT0003220	Endogenous1	18.77	19.17	21.71	26.14	31.3	27.87	25.38	9.24	29.64	19.84	20.96	24.09	18.42	29.89	17.76	15.35	22.92	14.37	16.35	23.26		
hsa-miR-561-3p	hsa-miR-561-3p	hsa-miR-561-3p	MIMAT0003225	Endogenous1	28.16	19.17	18.82	31.36	25.04	20.9	25.38	12.8	29.64	28.35	15.44	20.29	12.6	51.92	35.52	10.97	20.51	8.62	15.26	20.53		
hsa-miR-561-5p	hsa-miR-561-5p	hsa-miR-561-5p	MIMAT0022706	Endogenous1	33.52	21.47	24.61	20.91	27.13	23.69	30.46	11.38	21.96	31.18	20.96	22.82	11.63	36.19	23.68	12.43	13.27	12.94	10.9	23.26		
hsa-miR-562	hsa-miR-562	hsa-miR-562	MIMAT0003226	Endogenous1	16.09	15.34	17.37	18.3	11.48	8.36	15.23	18.49	20.86	21.73	19.85	8.88	3.88	28.32	18.61	13.16	12.06	18.69	6.54	23.26		
hsa-miR-563	hsa-miR-563	hsa-miR-563	MIMAT0003227	Endogenous1	40.23	16.1	17.37	27.44	36.52	37.62	20.31	13.51	28.55	21.73	17.65	35.5	14.54	36.19	16.07	15.35	16.89	12.94	9.81	9.58		
hsa-miR-564	hsa-miR-564	hsa-miR-564	MIMAT0003228	Endogenous1	26.82	19.17	23.16	13.07	14.61	13.93	18.61	18.49	30.74	24.57	23.16	19.02	10.66	45.63	17.76	15.35	12.06	23	14.17	31.47		
hsa-miR-566	hsa-miR-566	hsa-miR-566	MIMAT0003230	Endogenous1	29.5	20.7	34.74	40.51	28.17	43.19	35.54	17.78	37.33	43.47	27.57	26.63	23.26	45.63	14.38	13.16	12.06	33.06	16.35	23.26		
hsa-miR-567	hsa-miR-567	hsa-miR-567	MIMAT0003231	Endogenous1	28.16	9.97	23.16	18.3	19.82	16.72	11.85	14.22	27.45	13.23	16.54	26.63	12.6	15.73	26.22	10.97	7.24	23	10.9	34.21		
hsa-miR-568	hsa-miR-568	hsa-miR-568	MIMAT0003232	Endogenous1	26.82	12.27	21.71	18.3	20.87	30.65	20.31	17.06	20.86	22.68	15.44	20.29	17.45	20.45	18.61	9.5	13.27	18.69	8.72	19.16		
hsa-miR-570-3p	hsa-miR-570-3p	hsa-miR-570-3p	MIMAT0003235	Endogenous1	1.34	1	1.45	1.31	1.04	1.39	1.69	1	1.1	1	1.1	1.27	1	1.57	1	1	1.21	1.44	1.09	1.37		
hsa-miR-571	hsa-miR-571	hsa-miR-571	MIMAT0003236	Endogenous1	38.89	23.01	41.98	28.75	26.08	33.44	20.31	24.18	34.04	21.73	22.06	21.55	17.45	45.63	27.91	19.01	19.3	25.87	14.17	23.26		
hsa-miR-572	hsa-miR-572	hsa-miR-572	MIMAT0003237	Endogenous1	22.8	23.01	20.27	19.6	26.08	26.47	18.61	16.35	27.45	24.57	9.93	19.02	13.57	31.47	16.91	15.35	20.51	20.12	14.17	27.37		
hsa-miR-573	hsa-miR-573	hsa-miR-573	MIMAT0003238	Endogenous1	37.55	16.87	36.19	27.44	30.26	36.23	22	13.51	36.23	30.24	26.47	26.63	20.36	40.91	22.83	21.93	31.37	24.44	18.53	20.53		
hsa-miR-574-3p	hsa-miR-574-3p	hsa-miR-574-3p	MIMAT0003239	Endogenous1	44.25	50.61	39.08	39.21	39.65	44.59	49.07	53.33	39.53	39.69	52.94	38.04	51.37	48.77	57.51	46.79	47.05	40.25	59.94	42.42		
hsa-miR-574-5p	hsa-miR-574-5p	hsa-miR-574-5p	MIMAT0004795	Endogenous1	36.21	18.4	44.87	26.14	28.17	36.23	20.31	27.73	36.23	28.35	26.47	30.43	36.83	45.63	21.14	21.93	19.3	18.69	27.24	30.11		
hsa-miR-575	hsa-miR-575	hsa-miR-575	MIMAT0003240	Endogenous1	52.3	33.74	57.9	45.74	61.56	45.98	37.23	20.62	42.82	46.3	33.09	35.5	29.08	61.36	38.9	23.39	37.4	46	32.69	42.42		
hsa-miR-576-3p	hsa-miR-576-3p	hsa-miR-576-3p	MIMAT0004796	Endogenous1	26.82	19.17	24.61	24.83	27.13	22.29	27.08	12.09	35.13	22.68	15.44	13.95	15.51	28.32	28.75	11.7	20.51	15.81	7.63	28.74		
hsa-miR-576-5p	hsa-miR-576-5p	hsa-miR-576-5p	MIMAT0003241	Endogenous1	36.21	23.01	24.61	6.53	27.13	29.26	30.46	16.35	29.64	21.73	22.06	20.29	11.63	37.76	23.68	14.62	20.51	27.31	17.44	21.89		
hsa-miR-577	hsa-miR-577	hsa-miR-577	MIMAT0003242	Endogenous1	44.25	32.97	44.87	33.98	29.21	43.19	38.92	22.04	46.11	35.91	23.16	58.32	30.05	62.93	32.14	18.28	34.99	30.19	26.15	27.37		
hsa-miR-578	hsa-miR-578	hsa-miR-578	MIMAT0003243	Endogenous1	20.11	17.64	21.71	13.07	16.69	15.33	10.15	17.06	27.45	20.79	15.44	31.7	11.63	29.89	26.22	11.7	14.48	12.94	15.26	17.79		
hsa-miR-579-3p	hsa-miR-579-3p	hsa-miR-579-3p	MIMAT0003244	Endogenous1	1.34	1	1.45	1.31	1.04	1.39	1.69	1	1.1	1	1.1	1.27	1	1.57	1	1	1.21	1.44	1.09	1.37		
hsa-miR-579-5p	hsa-miR-579-5p	hsa-miR-579-5p	MIMAT0026616	Endogenous1	40.23	28.37	33.29	15.68	26.08	37.62	28.77	19.91	39.53	34.96	24.27	24.09	22.29	44.05	29.6	21.2	27.75	27.31	18.53	23.26		
hsa-miR-580-3p	hsa-miR-580-3p	hsa-miR-580-3p	MIMAT0003245	Endogenous1	14.75	7.67	17.37	10.45	18.78	23.69	8.46	7.82	23.06	15.12	8.82	15.21	10.66	14.16	8.46	8.04	15.68	12.94	15.26	13.68		
hsa-miR-582-3p	hsa-miR-582-3p	hsa-miR-582-3p	MIMAT0004797	Endogenous1	32.18	21.47	36.19	30.06	29.21	30.65	15.23	20.62	23.06	17.95	18.75	24.09	14.54	34.61	29.6	11.7	14.48	24.44	17.44	21.89		
hsa-miR-582-5p	hsa-miR-582-5p	hsa-miR-582-5p	MIMAT0003247	Endogenous1	115.33	328.97	191.08	78.41	135.64	169.98	106.61	322.81	181.16	219.23	186.4	200.33	97.9	165.2	89.64	82.61	103.76	156.68	127.51	73.89		
hsa-miR-584-3p	hsa-miR-584-3p	hsa-miR-584-3p	MIMAT0022708	Endogenous1	45.59	23.01	55.01	39.21	69.91	57.13	55.84	19.91	32.94	38.74	24.27	38.04	26.17	40.91	25.37	18.28	39.81	31.62	19.62	31.47		
hsa-miR-584-5p	hsa-miR-584-5p	hsa-miR-584-5p	MIMAT0003249	Endogenous1	48.28	33.74	20.27	26.14	25.04	41.8	28.77	19.91	39.53	27.4	25.37	21.55	14.54	55.07	35.52	27.05	15.68	38.81	15.26	41.05		
hsa-miR-585-3p	hsa-miR-585-3p	hsa-miR-585-3p	MIMAT0003250	Endogenous1	69.73	49.08	53.56	45.74	51.13	41.8	52.46	24.18	86.74	62.37	33.09	76.07	39.74	91.25	48.21	32.9	27.75	37.37	39.23	72.53		
hsa-miR-587	hsa-miR-587	hsa-miR-587	MIMAT0003253	Endogenous1	41.57	49.08	24.61	26.14	21.91	36.23	35.54	32.71	42.82	51.03	22.06	32.97	14.54	39.33	34.67	39.48	19.3	24.44	16.35	36.95		
hsa-miR-589-5p	hsa-miR-589-5p	hsa-miR-589-5p	MIMAT0004799	Endogenous1	34.87	24.54	18.82	22.22	20.87	27.87	32.15	21.33	40.62	28.35	12.13	12.68	8.72	47.2	20.3	19.74	16.89	20.12	11.99	20.53		
hsa-miR-590-3p	hsa-miR-590-3p	hsa-miR-590-3p	MIMAT0004801	Endogenous1	29.5	11.5	28.95	40.51	17.74	25.08	25.38	13.51	23.06	21.73	20.96	27.89	18.42	29.89	11.84	11.7	21.72	20.12	11.99	17.79		
hsa-miR-590-5p	hsa-miR-590-5p	hsa-miR-590-5p	MIMAT0003258	Endogenous1	46.93	43.71	47.77	35.29	30.26	40.41	47.38	70.39	63.68	51.97	29.78	55.79	56.22	62.93	60.89	40.21	37.4	51.75	55.58	36.95		
hsa-miR-591	hsa-miR-591	hsa-miR-591	MIMAT0003259	Endogenous1	48.28	29.14	30.4	32.67	24	34.83	18.61	21.33	32.94	28.35	20.96	21.55	16.48	42.48	27.91	13.16	21.72	24.44	11.99	35.58		
hsa-miR-592	hsa-miR-592	hsa-miR-592	MIMAT0003260	Endogenous1	44.25	28.37	30.4	27.44	24	26.47	20.31	21.33	49.41	40.63	24.27	29.16	12.6	45.63	27.06	17.55	20.51	23	17.44	28.74		
hsa-miR-593-3p	hsa-miR-593-3p	hsa-miR-593-3p	MIMAT0004802	Endogenous1	64.37	39.88	41.98	20.91	45.91	41.8	28.77	24.89	53.8	42.52	33.09	36.77	23.26	92.83	40.59	34.36	26.54	27.31	30.51	31.47		
hsa-miR-595	hsa-miR-595	hsa-miR-595	MIMAT0003263	Endogenous1	64.37	21.47	30.4	24.83	30.26	30.65	40.61	26.31	42.82	25.51	25.37	26.63	23.26	70.8	29.6	27.05	30.16	33.06	17.44	43.79		
hsa-miR-596	hsa-miR-596	hsa-miR-596	MIMAT0003264	Endogenous1	44.25	26.07	21.71	27.44	34.43	18.11	23.69	17.06	26.35	24.57	20.96	24.09	14.54	34.61	21.99	18.28	15.68	23	11.99	28.74		
hsa-miR-597-5p	hsa-miR-597-5p	hsa-miR-597-5p	MIMAT0003265	Endogenous1	50.96	24.54	41.98	33.98	52.17	34.83	16.92	17.78	43.92	30.24	26.47	39.3	24.23	55.07	43.13	24.86	26.54	38.81	25.07	24.63		
hsa-miR-598-3p	hsa-miR-598-3p	hsa-miR-598-3p	MIMAT0003266	Endogenous1	50.96	42.94	28.95	27.44	27.13	47.37	30.46	24.89	43.92	35.91	25.37	26.63	15.51	47.2	41.44	32.9	27.75	24.44	18.53	46.53		
hsa-miR-599	hsa-miR-599	hsa-miR-599	MIMAT0003267	Endogenous1	24.14	19.17	13.03	5.23	10.43	16.72	10.15	6.4	17.57	18.9	11.03	11.41	6.79	25.17	10.15	12.43	6.03	15.81	7.63	19.16		
hsa-miR-600	hsa-miR-600	hsa-miR-600	MIMAT0003268	Endogenous1	25.48	25.31	18.82	26.14	24	8.36	30.46	19.91	32.94	33.07	6.62	19.02	13.57	22.03	23.68	15.35	19.3	14.37	25.07	15.05		
hsa-miR-601	hsa-miR-601	hsa-miR-601	MIMAT0003269	Endogenous1	24.14	12.27	14.48	15.68	10.43	18.11	5.08	5.69	24.16	14.17	24.27	29.16	10.66	26.75	13.53	10.97	10.86	10.06	10.9	9.58		
hsa-miR-603	hsa-miR-603	hsa-miR-603	MIMAT0003271	Endogenous1	1.34	1	1.45	1.31	1.04	1.39	1.69	1	1.1	1	1.1	1.27	1	1.57	1	1	1.21	1.44	1.09	1.37		
hsa-miR-604	hsa-miR-604	hsa-miR-604	MIMAT0003272	Endogenous1	26.82	17.64	21.71	18.3	27.13	27.87	18.61	17.78	26.35	20.79	13.24	15.21	11.63	50.35	30.45	20.47	10.86	18.69	8.72	17.79		
hsa-miR-605-5p	hsa-miR-605-5p	hsa-miR-605-5p	MIMAT0003273	Endogenous1	29.5	16.87	49.22	44.43	42.78	57.13	32.15	12.8	25.25	27.4	36.4	26.63	19.39	31.47	15.22	11.7	33.78	40.25	25.07	13.68		
hsa-miR-606	hsa-miR-606	hsa-miR-606	MIMAT0003274	Endogenous1	24.14	12.27	21.71	16.99	22.95	26.47	33.84	12.8	23.06	22.68	15.44	24.09	21.33	23.6	15.22	10.97	21.72	14.37	19.62	17.79		
hsa-miR-607	hsa-miR-607	hsa-miR-607	MIMAT0003275	Endogenous1	38.89	30.67	63.69	60.12	57.39	43.19	57.54	28.44	43.92	36.85	36.4	59.59	29.08	64.51	42.29	26.32	34.99	48.87	22.89	30.11		
hsa-miR-608	hsa-miR-608	hsa-miR-608	MIMAT0003276	Endogenous1	72.41	48.31	60.8	37.9	43.82	44.59	60.92	35.55	63.68	48.19	45.22	50.72	45.56	94.4	63.43	38.01	50.67	54.62	37.05	42.42		
hsa-miR-610	hsa-miR-610	hsa-miR-610	MIMAT0003278	Endogenous1	30.84	17.64	18.82	13.07	26.08	18.11	10.15	12.8	18.67	27.4	11.03	17.75	9.69	20.45	13.53	15.35	16.89	5.75	7.63	10.95		
hsa-miR-612	hsa-miR-612	hsa-miR-612	MIMAT0003280	Endogenous1	779.12	583.57	89.75	105.86	67.82	137.94	113.38	346.98	836.65	700.23	90.44	112.84	79.49	1209.88	427.93	472.26	117.03	112.12	108.98	886.73		
hsa-miR-613	hsa-miR-613	hsa-miR-613	MIMAT0003281	Endogenous1	24.14	9.2	13.03	14.38	19.82	13.93	30.46	11.38	27.45	23.62	15.44	15.21	10.66	33.04	16.07	8.77	14.48	17.25	7.63	10.95		
hsa-miR-614	hsa-miR-614	hsa-miR-614	MIMAT0003282	Endogenous1	24.14	9.97	11.58	18.3	28.17	22.29	27.08	9.95	27.45	24.57	17.65	19.02	10.66	29.89	17.76	6.58	19.3	14.37	11.99	20.53		
hsa-miR-615-3p	hsa-miR-615-3p	hsa-miR-615-3p	MIMAT0003283	Endogenous1	54.98	20.7	47.77	39.21	46.95	43.19	30.46	24.89	63.68	45.36	28.68	41.84	20.36	51.92	33.83	26.32	32.58	28.75	17.44	31.47		
hsa-miR-615-5p	hsa-miR-615-5p	hsa-miR-615-5p	MIMAT0004804	Endogenous1	24.14	11.5	23.16	15.68	28.17	16.72	16.92	11.38	21.96	18.9	15.44	21.55	22.29	15.73	16.07	6.58	13.27	7.19	11.99	21.89		
hsa-miR-616-3p	hsa-miR-616-3p	hsa-miR-616-3p	MIMAT0004805	Endogenous1	49.62	19.17	17.37	31.36	26.08	27.87	37.23	22.75	32.94	35.91	13.24	24.09	19.39	40.91	36.37	24.86	18.1	24.44	21.8	23.26		
hsa-miR-617	hsa-miR-617	hsa-miR-617	MIMAT0003286	Endogenous1	25.48	15.34	18.82	14.38	26.08	36.23	18.61	9.24	27.45	26.46	6.62	16.48	11.63	15.73	16.07	9.5	10.86	21.56	3.27	23.26		
hsa-miR-619-3p	hsa-miR-619-3p	hsa-miR-619-3p	MIMAT0003288	Endogenous1	22.8	9.2	23.16	15.68	20.87	26.47	22	9.24	27.45	18.9	13.24	24.09	8.72	26.75	12.69	6.58	12.06	18.69	7.63	10.95		
hsa-miR-620	hsa-miR-620	hsa-miR-620	MIMAT0003289	Endogenous1	42.91	28.37	24.61	30.06	37.56	27.87	22	23.46	35.13	42.52	28.68	26.63	12.6	53.49	33.83	27.05	36.19	30.19	16.35	35.58		
hsa-miR-624-3p	hsa-miR-624-3p	hsa-miR-624-3p	MIMAT0004807	Endogenous1	17.43	6.13	8.69	23.52	16.69	15.33	16.92	5.69	14.27	17.01	13.24	17.75	15.51	15.73	16.07	5.12	10.86	10.06	15.26	10.95		
hsa-miR-625-5p	hsa-miR-625-5p	hsa-miR-625-5p	MIMAT0003294	Endogenous1	25.48	23.01	20.27	32.67	33.39	23.69	23.69	19.2	30.74	28.35	27.57	22.82	30.05	28.32	18.61	19.74	36.19	25.87	14.17	30.11		
hsa-miR-626	hsa-miR-626	hsa-miR-626	MIMAT0003295	Endogenous1	53.64	21.47	37.64	23.52	32.34	43.19	32.15	10.67	43.92	37.8	19.85	38.04	19.39	33.04	23.68	11.7	20.51	33.06	7.63	28.74		
hsa-miR-627-3p	hsa-miR-627-3p	hsa-miR-627-3p	MIMAT0026623	Endogenous1	44.25	26.84	31.85	31.36	36.52	29.26	20.31	22.75	31.84	32.13	28.68	31.7	21.33	51.92	29.6	21.2	26.54	34.5	13.08	26		
hsa-miR-627-5p	hsa-miR-627-5p	hsa-miR-627-5p	MIMAT0003296	Endogenous1	1.34	1	1.45	1.31	1.04	1.39	1.69	1	1.1	1	1.1	1.27	1	1.57	1	1	1.21	1.44	1.09	1.37		
hsa-miR-628-3p	hsa-miR-628-3p	hsa-miR-628-3p	MIMAT0003297	Endogenous1	34.87	35.27	24.61	27.44	22.95	29.26	25.38	19.2	37.33	30.24	23.16	22.82	14.54	47.2	20.3	17.55	10.86	28.75	10.9	24.63		
hsa-miR-628-5p	hsa-miR-628-5p	hsa-miR-628-5p	MIMAT0004809	Endogenous1	32.18	35.27	33.29	30.06	24	30.65	32.15	27.02	23.06	19.84	22.06	29.16	22.29	18.88	27.91	23.39	28.96	12.94	26.15	17.79		
hsa-miR-629-5p	hsa-miR-629-5p	hsa-miR-629-5p	MIMAT0004810	Endogenous1	29.5	33.74	27.5	32.67	34.43	39.01	38.92	20.62	57.09	39.69	17.65	31.7	16.48	40.91	33.83	16.81	16.89	17.25	15.26	31.47		
hsa-miR-630	hsa-miR-630	hsa-miR-630	MIMAT0003299	Endogenous1	37.55	20.7	30.4	54.89	39.65	54.34	40.61	20.62	24.16	37.8	30.88	34.23	31.02	37.76	21.14	22.66	25.34	31.62	25.07	19.16		
hsa-miR-631	hsa-miR-631	hsa-miR-631	MIMAT0003300	Endogenous1	21.46	19.17	14.48	18.3	16.69	9.75	13.54	7.82	31.84	20.79	19.85	20.29	21.33	18.88	16.91	10.23	10.86	10.06	10.9	10.95		
hsa-miR-637	hsa-miR-637	hsa-miR-637	MIMAT0003307	Endogenous1	36.21	19.17	23.16	32.67	39.65	33.44	16.92	14.93	17.57	19.84	25.37	27.89	17.45	25.17	21.14	9.5	37.4	20.12	27.24	13.68		
hsa-miR-638	hsa-miR-638	hsa-miR-638	MIMAT0003308	Endogenous1	24.14	10.74	37.64	33.98	25.04	44.59	40.61	12.8	25.25	32.13	17.65	32.97	24.23	34.61	13.53	13.89	37.4	23	29.42	23.26		
hsa-miR-639	hsa-miR-639	hsa-miR-639	MIMAT0003309	Endogenous1	41.57	26.07	26.06	18.3	28.17	15.33	18.61	23.46	41.72	36.85	13.24	17.75	9.69	53.49	27.91	21.93	9.65	11.5	11.99	35.58		
hsa-miR-640	hsa-miR-640	hsa-miR-640	MIMAT0003310	Endogenous1	37.55	28.37	34.74	35.29	43.82	41.8	18.61	19.2	50.51	38.74	35.29	44.38	26.17	53.49	33.83	19.74	20.51	25.87	29.42	28.74		
hsa-miR-641	hsa-miR-641	hsa-miR-641	MIMAT0003311	Endogenous1	14.75	16.87	18.82	23.52	26.08	34.83	27.08	9.24	19.76	17.01	12.13	25.36	12.6	33.04	16.91	18.28	19.3	27.31	17.44	9.58		
hsa-miR-642a-3p	hsa-miR-642a-3p	hsa-miR-642a-3p	MIMAT0020924	Endogenous1	32.18	17.64	24.61	19.6	29.21	30.65	8.46	17.78	37.33	26.46	17.65	13.95	14.54	34.61	21.99	10.97	7.24	15.81	8.72	31.47		
hsa-miR-642a-5p	hsa-miR-642a-5p	hsa-miR-642a-5p	MIMAT0003312	Endogenous1	32.18	18.4	17.37	22.22	30.26	26.47	16.92	10.67	21.96	21.73	17.65	16.48	8.72	37.76	19.45	8.77	15.68	20.12	7.63	10.95		
hsa-miR-643	hsa-miR-643	hsa-miR-643	MIMAT0003313	Endogenous1	42.91	25.31	37.64	39.21	39.65	41.8	33.84	19.2	45.02	34.02	44.12	40.57	27.14	42.48	34.67	24.86	25.34	30.19	23.98	27.37		
hsa-miR-644a	hsa-miR-644a	hsa-miR-644a	MIMAT0003314	Endogenous1	65.71	32.97	43.43	39.21	31.3	36.23	32.15	32.71	53.8	50.08	26.47	36.77	28.11	55.07	39.75	29.24	22.92	30.19	32.69	31.47		
hsa-miR-648	hsa-miR-648	hsa-miR-648	MIMAT0003318	Endogenous1	36.21	21.47	72.38	61.42	74.08	51.55	62.61	17.06	36.23	45.36	29.78	41.84	34.9	48.77	33.83	21.2	38.61	38.81	38.14	32.84		
hsa-miR-649	hsa-miR-649	hsa-miR-649	MIMAT0003319	Endogenous1	24.14	23.01	21.71	18.3	21.91	15.33	23.69	16.35	38.43	31.18	13.24	20.29	19.39	34.61	21.99	15.35	10.86	23	13.08	17.79		
hsa-miR-650	hsa-miR-650	hsa-miR-650	MIMAT0003320	Endogenous1	17.43	16.87	24.61	27.44	27.13	22.29	16.92	13.51	24.16	16.06	16.54	21.55	10.66	18.88	13.53	16.08	12.06	12.94	7.63	13.68		
hsa-miR-6503-3p	hsa-miR-6503-3p	hsa-miR-6503-3p	MIMAT0025463	Endogenous1	17.43	13.8	5.79	26.14	21.91	20.9	22	10.67	20.86	16.06	16.54	13.95	11.63	17.31	16.91	8.04	16.89	8.62	7.63	6.84		
hsa-miR-6503-5p	hsa-miR-6503-5p	hsa-miR-6503-5p	MIMAT0025462	Endogenous1	28.16	19.17	20.27	35.29	19.82	25.08	15.23	12.8	32.94	20.79	16.54	13.95	12.6	36.19	19.45	13.16	19.3	11.5	13.08	16.42		
hsa-miR-651-3p	hsa-miR-651-3p	hsa-miR-651-3p	MIMAT0026624	Endogenous1	18.77	13.8	15.92	13.07	16.69	18.11	16.92	7.82	15.37	14.17	8.82	11.41	10.66	25.17	10.99	13.16	15.68	11.5	9.81	20.53		
hsa-miR-651-5p	hsa-miR-651-5p	hsa-miR-651-5p	MIMAT0003321	Endogenous1	54.98	54.45	44.87	39.21	34.43	45.98	32.15	42.66	62.58	41.58	34.19	29.16	21.33	77.09	36.37	29.24	42.23	37.37	26.15	47.89		
hsa-miR-6511a-3p	hsa-miR-6511a-3p	hsa-miR-6511a-3p	MIMAT0025479	Endogenous1	13.41	16.87	15.92	22.22	16.69	18.11	15.23	13.51	13.18	19.84	9.93	15.21	12.6	26.75	21.14	10.23	16.89	17.25	11.99	12.32		
hsa-miR-6511a-5p	hsa-miR-6511a-5p	hsa-miR-6511a-5p	MIMAT0025478	Endogenous1	24.14	19.17	23.16	13.07	31.3	26.47	22	14.93	28.55	29.29	15.44	19.02	8.72	20.45	14.38	5.85	16.89	11.5	22.89	19.16		
hsa-miR-652-3p	hsa-miR-652-3p	hsa-miR-652-3p	MIMAT0003322	Endogenous1	25.48	38.34	33.29	24.83	43.82	33.44	25.38	45.51	32.94	26.46	40.81	29.16	31.99	37.76	41.44	34.36	48.26	33.06	34.87	28.74		
hsa-miR-652-5p	hsa-miR-652-5p	hsa-miR-652-5p	MIMAT0022709	Endogenous1	21.46	11.5	13.03	28.75	41.73	37.62	44	9.95	10.98	16.06	27.57	26.63	13.57	15.73	16.91	4.39	16.89	18.69	16.35	12.32		
hsa-miR-654-3p	hsa-miR-654-3p	hsa-miR-654-3p	MIMAT0004814	Endogenous1	33.52	13.04	13.03	18.3	13.56	23.69	15.23	7.82	32.94	15.12	9.93	10.14	11.63	18.88	20.3	8.04	7.24	7.19	7.63	26		
hsa-miR-654-5p	hsa-miR-654-5p	hsa-miR-654-5p	MIMAT0003330	Endogenous1	28.16	25.31	20.27	18.3	35.47	32.05	25.38	18.49	29.64	33.07	29.78	15.21	17.45	48.77	26.22	20.47	27.75	18.69	14.17	21.89		
hsa-miR-655-3p	hsa-miR-655-3p	hsa-miR-655-3p	MIMAT0003331	Endogenous1	13.41	13.04	14.48	11.76	13.56	18.11	20.31	7.11	23.06	21.73	7.72	15.21	7.75	31.47	17.76	10.97	15.68	10.06	9.81	23.26		
hsa-miR-656-3p	hsa-miR-656-3p	hsa-miR-656-3p	MIMAT0003332	Endogenous1	64.37	34.51	37.64	35.29	41.73	39.01	35.54	19.91	46.11	42.52	23.16	20.29	40.71	70.8	28.75	19.74	31.37	25.87	7.63	38.32		
hsa-miR-660-3p	hsa-miR-660-3p	hsa-miR-660-3p	MIMAT0022711	Endogenous1	29.5	23.01	40.53	26.14	34.43	34.83	27.08	14.93	18.67	24.57	23.16	29.16	18.42	40.91	22.83	9.5	15.68	25.87	20.71	20.53		
hsa-miR-660-5p	hsa-miR-660-5p	hsa-miR-660-5p	MIMAT0003338	Endogenous1	59	74.38	52.11	49.66	68.86	47.37	55.84	94.57	52.7	47.25	61.77	41.84	73.67	59.79	71.04	59.22	36.19	67.56	49.04	47.89		
hsa-miR-661	hsa-miR-661	hsa-miR-661	MIMAT0003324	Endogenous1	40.23	23.01	49.22	36.59	53.21	33.44	32.15	16.35	31.84	35.91	40.81	31.7	27.14	36.19	20.3	17.55	22.92	38.81	26.15	16.42		
hsa-miR-663a	hsa-miR-663a	hsa-miR-663a	MIMAT0003326	Endogenous1	44.25	13.8	37.64	23.52	37.56	47.37	33.84	12.8	31.84	27.4	27.57	26.63	19.39	42.48	18.61	17.55	37.4	27.31	21.8	13.68		
hsa-miR-664a-3p	hsa-miR-664a-3p	hsa-miR-664a-3p	MIMAT0005949	Endogenous1	38.89	26.07	40.53	40.51	54.26	52.95	44	41.24	46.11	33.07	58.46	41.84	29.08	48.77	47.36	32.17	37.4	37.37	22.89	52		
hsa-miR-664b-3p	hsa-miR-664b-3p	hsa-miR-664b-3p	MIMAT0022272	Endogenous1	42.91	21.47	55.01	31.36	40.69	55.73	44	22.04	42.82	43.47	35.29	27.89	20.36	36.19	27.06	20.47	36.19	35.94	22.89	28.74		
hsa-miR-664b-5p	hsa-miR-664b-5p	hsa-miR-664b-5p	MIMAT0022271	Endogenous1	10.73	17.64	13.03	10.45	21.91	19.51	27.08	7.11	24.16	27.4	11.03	16.48	10.66	28.32	19.45	10.97	9.65	15.81	6.54	10.95		
hsa-miR-665	hsa-miR-665	hsa-miR-665	MIMAT0004952	Endogenous1	34.87	26.07	27.5	19.6	26.08	27.87	27.08	12.09	39.53	28.35	25.37	24.09	17.45	33.04	19.45	15.35	18.1	25.87	9.81	23.26		
hsa-miR-671-3p	hsa-miR-671-3p	hsa-miR-671-3p	MIMAT0004819	Endogenous1	24.14	13.8	11.58	9.15	12.52	16.72	22	9.95	20.86	17.95	7.72	10.14	7.75	28.32	20.3	14.62	7.24	2.87	8.72	15.05		
hsa-miR-671-5p	hsa-miR-671-5p	hsa-miR-671-5p	MIMAT0003880	Endogenous1	34.87	21.47	34.74	36.59	43.82	37.62	38.92	15.64	30.74	23.62	24.27	32.97	24.23	44.05	21.99	14.62	14.48	31.62	20.71	21.89		
hsa-miR-6720-3p	hsa-miR-6720-3p	hsa-miR-6720-3p	MIMAT0025851	Endogenous1	38.89	15.34	23.16	22.22	19.82	29.26	18.61	13.51	34.04	20.79	11.03	22.82	15.51	29.89	18.61	14.62	14.48	8.62	9.81	28.74		
hsa-miR-6721-5p	hsa-miR-6721-5p	hsa-miR-6721-5p	MIMAT0025852	Endogenous1	77.78	23.77	56.46	49.66	44.86	48.77	49.07	22.75	49.41	52.92	34.19	31.7	34.9	56.64	51.59	29.24	28.96	28.75	17.44	52		
hsa-miR-6724-5p	hsa-miR-6724-5p	hsa-miR-6724-5p	MIMAT0025856	Endogenous1	24.14	29.14	50.67	27.44	43.82	48.77	23.69	18.49	34.04	43.47	35.29	24.09	20.36	47.2	22.83	19.74	36.19	33.06	33.78	28.74		
hsa-miR-675-5p	hsa-miR-675-5p	hsa-miR-675-5p	MIMAT0004284	Endogenous1	32.18	24.54	18.82	14.38	29.21	27.87	23.69	24.18	52.7	34.96	12.13	15.21	13.57	42.48	27.06	19.74	9.65	15.81	16.35	24.63		
hsa-miR-7-5p	hsa-miR-7-5p	hsa-miR-7-5p	MIMAT0000252	Endogenous1	42.91	31.44	69.48	56.2	77.21	75.24	55.84	33.42	40.62	46.3	65.07	46.91	33.93	56.64	42.29	44.59	60.32	57.5	51.22	49.26		
hsa-miR-708-5p	hsa-miR-708-5p	hsa-miR-708-5p	MIMAT0004926	Endogenous1	14.75	16.1	10.13	15.68	22.95	15.33	16.92	7.82	18.67	14.17	8.82	17.75	6.79	25.17	10.99	4.39	13.27	8.62	8.72	12.32		
hsa-miR-744-5p	hsa-miR-744-5p	hsa-miR-744-5p	MIMAT0004945	Endogenous1	42.91	23.01	47.77	48.35	54.26	51.55	69.38	20.62	41.72	30.24	46.32	45.64	28.11	34.61	30.45	14.62	38.61	51.75	26.15	21.89		
hsa-miR-758-3p+hsa-miR-411-3p	hsa-miR-758-3p+hsa-miR-411-3p	hsa-miR-758-3p+hsa-miR-411-3p	MIMAT0003879	Endogenous1	45.59	20.7	23.16	23.52	17.74	27.87	27.08	15.64	49.41	31.18	20.96	10.14	7.75	26.75	22.83	10.97	20.51	21.56	11.99	21.89		
hsa-miR-758-5p	hsa-miR-758-5p	hsa-miR-758-5p	MIMAT0022929	Endogenous1	24.14	12.27	17.37	7.84	19.82	18.11	11.85	16.35	28.55	20.79	13.24	17.75	10.66	17.31	14.38	13.89	15.68	17.25	9.81	20.53		
hsa-miR-760	hsa-miR-760	hsa-miR-760	MIMAT0004957	Endogenous1	22.8	19.94	15.92	32.67	29.21	18.11	18.61	10.67	29.64	17.95	25.37	25.36	13.57	23.6	17.76	9.5	16.89	17.25	16.35	23.26		
hsa-miR-761	hsa-miR-761	hsa-miR-761	MIMAT0010364	Endogenous1	22.8	18.4	26.06	31.36	28.17	18.11	33.84	7.82	37.33	23.62	22.06	12.68	19.39	26.75	26.22	11.7	24.13	15.81	8.72	19.16		
hsa-miR-764	hsa-miR-764	hsa-miR-764	MIMAT0010367	Endogenous1	45.59	32.21	40.53	36.59	34.43	40.41	32.15	27.02	51.6	39.69	28.68	35.5	28.11	66.08	43.13	17.55	25.34	30.19	20.71	50.63		
hsa-miR-765	hsa-miR-765	hsa-miR-765	MIMAT0003945	Endogenous1	26.82	16.87	39.08	33.98	38.6	26.47	33.84	11.38	32.94	25.51	15.44	24.09	17.45	31.47	23.68	17.55	34.99	31.62	17.44	17.79		
hsa-miR-766-3p	hsa-miR-766-3p	hsa-miR-766-3p	MIMAT0003888	Endogenous1	34.87	21.47	40.53	32.67	41.73	51.55	49.07	17.06	30.74	27.4	31.99	26.63	29.08	37.76	14.38	19.01	26.54	51.75	21.8	15.05		
hsa-miR-766-5p	hsa-miR-766-5p	hsa-miR-766-5p	MIMAT0022714	Endogenous1	9.39	11.5	14.48	22.22	26.08	15.33	13.54	7.82	19.76	12.28	14.34	16.48	11.63	17.31	12.69	5.85	13.27	14.37	6.54	10.95		
hsa-miR-767-3p	hsa-miR-767-3p	hsa-miR-767-3p	MIMAT0003883	Endogenous1	20.11	12.27	13.03	6.53	15.65	22.29	16.92	7.11	24.16	20.79	17.65	17.75	10.66	18.88	13.53	7.31	9.65	14.37	5.45	15.05		
hsa-miR-767-5p	hsa-miR-767-5p	hsa-miR-767-5p	MIMAT0003882	Endogenous1	40.23	18.4	17.37	16.99	22.95	32.05	15.23	12.8	23.06	33.07	24.27	22.82	17.45	36.19	31.29	18.28	22.92	17.25	7.63	15.05		
hsa-miR-769-3p	hsa-miR-769-3p	hsa-miR-769-3p	MIMAT0003887	Endogenous1	34.87	12.27	20.27	22.22	32.34	13.93	20.31	13.51	15.37	22.68	16.54	21.55	13.57	33.04	26.22	13.16	12.06	5.75	10.9	21.89		
hsa-miR-769-5p	hsa-miR-769-5p	hsa-miR-769-5p	MIMAT0003886	Endogenous1	44.25	42.18	24.61	33.98	39.65	26.47	22	31.29	54.9	45.36	23.16	34.23	22.29	45.63	38.9	22.66	24.13	34.5	22.89	27.37		
hsa-miR-770-5p	hsa-miR-770-5p	hsa-miR-770-5p	MIMAT0003948	Endogenous1	48.28	32.21	20.27	32.67	38.6	29.26	40.61	21.33	49.41	38.74	20.96	30.43	19.39	58.21	35.52	19.01	13.27	37.37	19.62	41.05		
hsa-miR-802	hsa-miR-802	hsa-miR-802	MIMAT0004185	Endogenous1	42.91	23.01	34.74	33.98	39.65	34.83	32.15	22.75	45.02	29.29	27.57	34.23	20.36	61.36	20.3	21.93	27.75	21.56	9.81	32.84		
hsa-miR-873-3p	hsa-miR-873-3p	hsa-miR-873-3p	MIMAT0022717	Endogenous1	46.93	38.34	33.29	20.91	26.08	32.05	23.69	26.31	83.45	47.25	23.16	21.55	9.69	75.52	42.29	25.59	13.27	15.81	16.35	47.89		
hsa-miR-873-5p	hsa-miR-873-5p	hsa-miR-873-5p	MIMAT0004953	Endogenous1	14.75	15.34	24.61	15.68	15.65	13.93	25.38	16.35	18.67	12.28	15.44	22.82	8.72	20.45	12.69	9.5	14.48	14.37	9.81	12.32		
hsa-miR-874-3p	hsa-miR-874-3p	hsa-miR-874-3p	MIMAT0004911	Endogenous1	17.43	21.47	17.37	6.53	14.61	13.93	10.15	14.22	27.45	24.57	15.44	24.09	8.72	15.73	21.14	13.89	14.48	12.94	4.36	17.79		
hsa-miR-874-5p	hsa-miR-874-5p	hsa-miR-874-5p	MIMAT0026718	Endogenous1	24.14	15.34	20.27	13.07	8.35	16.72	8.46	17.78	18.67	16.06	16.54	16.48	7.75	23.6	22.83	13.89	8.45	15.81	13.08	20.53		
hsa-miR-875-3p	hsa-miR-875-3p	hsa-miR-875-3p	MIMAT0004923	Endogenous1	20.11	11.5	11.58	18.3	29.21	23.69	13.54	14.22	21.96	24.57	12.13	19.02	14.54	26.75	17.76	9.5	13.27	8.62	6.54	26		
hsa-miR-876-3p	hsa-miR-876-3p	hsa-miR-876-3p	MIMAT0004925	Endogenous1	34.87	23.77	24.61	24.83	41.73	30.65	33.84	19.91	49.41	45.36	28.68	21.55	12.6	50.35	27.06	17.55	24.13	17.25	8.72	26		
hsa-miR-876-5p	hsa-miR-876-5p	hsa-miR-876-5p	MIMAT0004924	Endogenous1	37.55	13.04	11.58	13.07	15.65	12.54	16.92	14.22	21.96	25.51	9.93	6.34	7.75	26.75	15.22	8.04	14.48	7.19	2.18	27.37		
hsa-miR-877-5p	hsa-miR-877-5p	hsa-miR-877-5p	MIMAT0004949	Endogenous1	26.82	27.61	36.19	23.52	43.82	36.23	30.46	21.33	35.13	29.29	12.13	16.48	23.26	34.61	28.75	17.55	18.1	24.44	8.72	39.68		
hsa-miR-885-3p	hsa-miR-885-3p	hsa-miR-885-3p	MIMAT0004948	Endogenous1	30.84	25.31	27.5	22.22	21.91	23.69	22	18.49	35.13	31.18	19.85	15.21	15.51	44.05	24.53	13.16	14.48	20.12	13.08	17.79		
hsa-miR-885-5p	hsa-miR-885-5p	hsa-miR-885-5p	MIMAT0004947	Endogenous1	32.18	13.8	18.82	19.6	20.87	19.51	13.54	17.78	27.45	17.95	20.96	17.75	11.63	26.75	22.83	18.28	19.3	25.87	11.99	17.79		
hsa-miR-887-3p	hsa-miR-887-3p	hsa-miR-887-3p	MIMAT0004951	Endogenous1	14.75	10.74	20.27	30.06	13.56	22.29	18.61	7.11	18.67	22.68	20.96	17.75	8.72	15.73	15.22	8.77	14.48	15.81	9.81	13.68		
hsa-miR-887-5p	hsa-miR-887-5p	hsa-miR-887-5p	MIMAT0026720	Endogenous1	29.5	15.34	43.43	30.06	37.56	48.77	20.31	17.06	31.84	24.57	25.37	26.63	19.39	29.89	26.22	15.35	18.1	21.56	18.53	20.53		
hsa-miR-888-5p	hsa-miR-888-5p	hsa-miR-888-5p	MIMAT0004916	Endogenous1	40.23	23.77	26.06	39.21	49.04	37.62	28.77	33.42	40.62	25.51	22.06	29.16	17.45	42.48	27.06	18.28	30.16	18.69	23.98	23.26		
hsa-miR-889-3p	hsa-miR-889-3p	hsa-miR-889-3p	MIMAT0004921	Endogenous1	52.3	23.77	30.4	18.3	30.26	19.51	20.31	15.64	32.94	31.18	16.54	16.48	16.48	47.2	27.91	16.08	14.48	21.56	9.81	35.58		
hsa-miR-890	hsa-miR-890	hsa-miR-890	MIMAT0004912	Endogenous1	26.82	18.4	15.92	19.6	37.56	26.47	20.31	14.22	23.06	22.68	20.96	20.29	20.36	15.73	16.91	13.16	19.3	25.87	7.63	13.68		
hsa-miR-891a-5p	hsa-miR-891a-5p	hsa-miR-891a-5p	MIMAT0004902	Endogenous1	42.91	28.37	28.95	24.83	32.34	27.87	28.77	9.95	37.33	42.52	16.54	21.55	20.36	42.48	28.75	18.28	14.48	21.56	13.08	30.11		
hsa-miR-891b	hsa-miR-891b	hsa-miR-891b	MIMAT0004913	Endogenous1	50.96	24.54	31.85	35.29	41.73	44.59	40.61	18.49	57.09	30.24	22.06	24.09	27.14	51.92	39.75	25.59	28.96	35.94	16.35	34.21		
hsa-miR-892a	hsa-miR-892a	hsa-miR-892a	MIMAT0004907	Endogenous1	28.16	12.27	20.27	26.14	24	36.23	22	12.8	15.37	20.79	13.24	19.02	9.69	14.16	14.38	8.04	21.72	34.5	11.99	13.68		
hsa-miR-892b	hsa-miR-892b	hsa-miR-892b	MIMAT0004918	Endogenous1	14.75	12.27	11.58	13.07	18.78	23.69	23.69	11.38	21.96	11.34	15.44	31.7	18.42	15.73	16.91	10.23	20.51	15.81	15.26	16.42		
hsa-miR-9-5p	hsa-miR-9-5p	hsa-miR-9-5p	MIMAT0000441	Endogenous1	29.5	32.21	24.61	33.98	50.08	27.87	37.23	30.57	37.33	34.96	33.09	25.36	40.71	34.61	23.68	29.24	34.99	31.62	35.96	27.37		
hsa-miR-922	hsa-miR-922	hsa-miR-922	MIMAT0004972	Endogenous1	49.62	16.87	30.4	35.29	54.26	32.05	45.69	12.8	40.62	31.18	19.85	35.5	18.42	42.48	31.29	13.16	26.54	25.87	11.99	24.63		
hsa-miR-924	hsa-miR-924	hsa-miR-924	MIMAT0004974	Endogenous1	9.39	12.27	14.48	13.07	20.87	13.93	11.85	7.82	16.47	16.06	6.62	17.75	11.63	18.88	8.46	5.12	8.45	10.06	6.54	19.16		
hsa-miR-92a-1-5p	hsa-miR-92a-1-5p	hsa-miR-92a-1-5p	MIMAT0004507	Endogenous1	26.82	19.17	31.85	28.75	52.17	41.8	38.92	12.09	35.13	31.18	27.57	32.97	30.05	31.47	38.06	12.43	25.34	25.87	18.53	38.32		
hsa-miR-92a-3p	hsa-miR-92a-3p	hsa-miR-92a-3p	MIMAT0000092	Endogenous1	38.89	77.45	57.9	69.26	77.21	65.49	67.69	80.35	62.58	53.86	55.15	57.06	81.42	25.17	45.67	49.71	59.12	47.44	49.04	53.37		
hsa-miR-92b-3p	hsa-miR-92b-3p	hsa-miR-92b-3p	MIMAT0003218	Endogenous1	38.89	9.97	23.16	24.83	25.04	36.23	35.54	22.75	23.06	21.73	8.82	20.29	21.33	48.77	21.14	13.89	16.89	27.31	16.35	16.42		
hsa-miR-93-5p	hsa-miR-93-5p	hsa-miR-93-5p	MIMAT0000093	Endogenous1	433.14	902.57	461.78	507.07	447.61	404.06	411.21	1023.17	614.86	632.19	701.48	484.34	691.13	494.02	679.95	1003.73	643.06	577.86	796.64	673.26		
hsa-miR-933	hsa-miR-933	hsa-miR-933	MIMAT0004976	Endogenous1	29.5	26.07	31.85	24.83	38.6	37.62	30.46	14.93	27.45	31.18	16.54	31.7	22.29	40.91	16.07	21.2	19.3	20.12	17.44	27.37		
hsa-miR-934	hsa-miR-934	hsa-miR-934	MIMAT0004977	Endogenous1	17.43	15.34	20.27	18.3	28.17	19.51	13.54	14.22	26.35	15.12	22.06	22.82	15.51	11.01	18.61	18.28	13.27	18.69	13.08	13.68		
hsa-miR-935	hsa-miR-935	hsa-miR-935	MIMAT0004978	Endogenous1	32.18	16.87	13.03	16.99	25.04	16.72	27.08	8.53	29.64	21.73	8.82	20.29	14.54	23.6	16.07	7.31	14.48	20.12	7.63	13.68		
hsa-miR-936	hsa-miR-936	hsa-miR-936	MIMAT0004979	Endogenous1	42.91	23.77	30.4	18.3	25.04	36.23	20.31	14.93	31.84	24.57	20.96	25.36	14.54	45.63	21.99	15.35	16.89	24.44	19.62	26		
hsa-miR-937-3p	hsa-miR-937-3p	hsa-miR-937-3p	MIMAT0004980	Endogenous1	41.57	33.74	33.29	24.83	46.95	32.05	44	17.78	37.33	34.02	30.88	30.43	24.23	39.33	27.06	25.59	19.3	30.19	19.62	35.58		
hsa-miR-939-5p	hsa-miR-939-5p	hsa-miR-939-5p	MIMAT0004982	Endogenous1	42.91	32.21	37.64	31.36	44.86	61.31	33.84	24.18	36.23	30.24	23.16	27.89	29.08	37.76	21.99	14.62	34.99	23	19.62	31.47		
hsa-miR-940	hsa-miR-940	hsa-miR-940	MIMAT0004983	Endogenous1	24.14	13.8	11.58	19.6	20.87	16.72	10.15	15.64	31.84	27.4	16.54	10.14	15.51	29.89	18.61	13.89	7.24	8.62	11.99	27.37		
hsa-miR-941	hsa-miR-941	hsa-miR-941	MIMAT0004984	Endogenous1	38.89	18.4	14.48	30.06	27.13	33.44	33.84	26.31	47.21	23.62	12.13	24.09	10.66	34.61	26.22	22.66	19.3	20.12	13.08	20.53		
hsa-miR-942-3p	hsa-miR-942-3p	hsa-miR-942-3p	MIMAT0026734	Endogenous1	18.77	9.2	23.16	16.99	20.87	18.11	13.54	7.82	21.96	14.17	12.13	10.14	4.85	11.01	13.53	5.85	19.3	14.37	8.72	12.32		
hsa-miR-942-5p	hsa-miR-942-5p	hsa-miR-942-5p	MIMAT0004985	Endogenous1	22.8	19.17	40.53	27.44	31.3	34.83	23.69	14.93	40.62	24.57	22.06	29.16	15.51	25.17	23.68	11.7	26.54	18.69	22.89	28.74		
hsa-miR-944	hsa-miR-944	hsa-miR-944	MIMAT0004987	Endogenous1	22.8	23.77	5.79	6.53	13.56	13.93	10.15	13.51	26.35	21.73	4.41	10.14	4.85	20.45	19.45	8.04	6.03	4.31	8.72	21.89		
hsa-miR-95-3p	hsa-miR-95-3p	hsa-miR-95-3p	MIMAT0000094	Endogenous1	65.71	23.77	26.06	22.22	41.73	34.83	32.15	22.75	48.31	31.18	20.96	26.63	15.51	34.61	42.29	29.24	22.92	31.62	15.26	32.84		
hsa-miR-96-5p	hsa-miR-96-5p	hsa-miR-96-5p	MIMAT0000095	Endogenous1	40.23	25.31	40.53	32.67	36.52	50.16	30.46	18.49	58.19	47.25	20.96	35.5	18.42	55.07	23.68	21.93	30.16	31.62	17.44	39.68		
hsa-miR-98-3p	hsa-miR-98-3p	hsa-miR-98-3p	MIMAT0022842	Endogenous1	16.09	14.57	15.92	22.22	25.04	36.23	15.23	8.53	26.35	18.9	15.44	16.48	15.51	20.45	11.84	9.5	13.27	12.94	9.81	16.42		
hsa-miR-98-5p	hsa-miR-98-5p	hsa-miR-98-5p	MIMAT0000096	Endogenous1	265.52	447.84	317.02	277.06	352.66	280.05	373.98	428.75	307.43	369.49	384.93	319.51	434.26	229.7	289.23	402.08	434.33	439.86	734.52	257.26		
hsa-miR-99a-5p	hsa-miR-99a-5p	hsa-miR-99a-5p	MIMAT0000097	Endogenous1	25.48	19.94	33.29	22.22	37.56	41.8	27.08	13.51	24.16	24.57	18.75	43.11	26.17	25.17	16.07	12.43	31.37	31.62	15.26	23.26		
hsa-miR-99b-5p	hsa-miR-99b-5p	hsa-miR-99b-5p	MIMAT0000689	Endogenous1	28.16	22.24	15.92	13.07	26.08	20.9	11.85	18.49	50.51	28.35	14.34	17.75	1	31.47	18.61	22.66	15.68	18.69	7.63	28.74		
																										
																										
																										
																										
																										
																										
																										
																										
																										
																										
																										
																										
																										
																										
																										
																										
																										
																										
																										
																										
																										
																										
																										
																										
																										
																										
																										
																										
																										
																										
