"ID","Description","setSize","enrichmentScore","NES","pvalue","p.adjust","qvalue","rank","leading_edge","core_enrichment","Collection"
"AIZARANI_LIVER_C3_NK_NKT_CELLS_2","AIZARANI_LIVER_C3_NK_NKT_CELLS_2",149,-0.573674078044225,-2.28495119653356,1.36866813946019e-11,8.6226092785992e-09,7.73657674621181e-09,1548,"tags=34%, list=13%, signal=30%","AKNA/ETS1/EMB/RPL10/LTB/GPR171/ARHGDIB/ZC3HAV1/RUNX3/RPS14/ARL4C/GZMK/RPL17/B2M/CD53/ANXA1/RUNX2/PARP8/RPL10A/DUSP2/CD44/DGKA/TNFAIP3/IL7R/PIK3IP1/TNFAIP8/KLRG1/SEMA4D/BCL2/RPS6KA3/SLC38A1/TXNIP/FYN/SPOCK2/CD40LG/SATB1/PIP4K2A/PRDM1/CXCR6/ITK/ZFP36L2/LTK/ERN1/P2RX5/IKZF1/CXCR4/IL18RAP/SLA/SLC4A10/KLRB1","CELLTYPE"
"AIZARANI_LIVER_C28_NK_NKT_CELLS_6","AIZARANI_LIVER_C28_NK_NKT_CELLS_6",90,-0.622597999479577,-2.30977040487247,1.41284250012317e-09,4.45045387538797e-07,3.99313906613758e-07,2131,"tags=42%, list=18%, signal=35%","PPP1R2/CNOT6L/AKNA/ETS1/EMB/RPL36A/PDE7A/LEPROTL1/GPR171/ARHGDIB/ZC3HAV1/RUNX3/CD53/ANXA1/RASSF5/XCL1/PARP8/CREM/RNF125/CD44/TNFAIP3/IL7R/SRGN/SLC38A1/TXNIP/FYN/CDC42SE2/SPOCK2/CD40LG/SATB1/PRDM1/CXCR6/ITK/ZFP36L2/SMAP2/CXCR4/SLA/KLRB1","CELLTYPE"
"HE_LIM_SUN_FETAL_LUNG_C4_ILC3_CELL","HE_LIM_SUN_FETAL_LUNG_C4_ILC3_CELL",65,-0.615496554342794,-2.17289359910329,4.53129437972639e-07,9.51571819742542e-05,8.53791256811604e-05,1867,"tags=43%, list=16%, signal=37%","TIAM1/ABHD15/CSF1/MATN2/NR1D1/GPR35/NRIP1/ANKH/RUNX2/IL23R/CA2/MPZL3/LST1/RORC/REEP3/PERP/TSPAN15/DPP4/CXCR6/IL17RE/FSD1/TNFSF13B/AFF3/CCR6/PLXND1/CPNE7/SLC4A10/PHACTR2","CELLTYPE"
"TRAVAGLINI_LUNG_CD4_NAIVE_T_CELL","TRAVAGLINI_LUNG_CD4_NAIVE_T_CELL",119,-0.512882029782079,-1.98092787995643,6.21367363964374e-07,9.7865359824389e-05,8.78090195918076e-05,3388,"tags=43%, list=28%, signal=31%","SUSD3/RPS27A/RPL18A/RPS3A/PIM2/RPL31/TRAT1/RPS13/RPS7/TC2N/PASK/NPM1/LDLRAP1/RPS5/EEF1A1/RPL5/RPL34/PRKCA/TCF7/CMPK1/RPS6/OXNAD1/RPL4/NDFIP1/RPL3/EPHX2/LDHB/RPL10/ABLIM1/RPL15/RPS14/SELL/TNFRSF25/IL6ST/RPLP0/RPL10A/DGKA/AQP3/RPL6/IL7R/PIK3IP1/CCR7/SERINC5/TXNIP/RPL7/SPOCK2/DPP4/SATB1/ITK/TXK/MYC","CELLTYPE"
"DESCARTES_FETAL_HEART_MYELOID_CELLS","DESCARTES_FETAL_HEART_MYELOID_CELLS",50,0.65429985604703,2.16754394083868,1.05971594443867e-06,0.000133524208999272,0.000119803676244961,2119,"tags=44%, list=18%, signal=36%","CIITA/HLA-DRB5/HLA-DMB/ITGAX/HLA-DRB1/HLA-DRA/SPI1/HLA-DQA2/SLAMF8/CLEC4A/HLA-DQA1/SLC11A1/HCK/LRRC25/SIRPB1/NOD2/HLA-DPA1/CD74/HLA-DRB6/LILRB3/CLEC7A/CD14","CELLTYPE"
"DESCARTES_FETAL_LUNG_MYELOID_CELLS","DESCARTES_FETAL_LUNG_MYELOID_CELLS",65,0.613977272496407,2.1191565117844,1.63069554104112e-06,0.000171223031809317,0.000153628685182295,2119,"tags=42%, list=18%, signal=34%","CIITA/HLA-DRB5/TRPM2/ATP8B4/HLA-DMA/ITGAX/HLA-DPB1/HLA-DRB1/HLA-DRA/SPI1/HLA-DQA2/SLAMF8/HLA-DQA1/HCK/HLA-DQB2/LRRC25/CYTH4/SIRPB1/NOD2/HLA-DPA1/CD74/HLA-DRB6/FGL2/LILRB3/RNASE6/CLEC7A/CD14","CELLTYPE"
"MENON_FETAL_KIDNEY_0_CAP_MESENCHYME_CELLS","MENON_FETAL_KIDNEY_0_CAP_MESENCHYME_CELLS",63,0.613041992720044,2.09677486285483,2.59589168533149e-06,0.000233630251679834,0.000209623133086167,2185,"tags=48%, list=18%, signal=39%","BDP1/CCDC88A/ZC3H13/DNMT1/SYNE2/MKI67/CHD4/NKTR/BAZ1B/TIA1/TPR/BRD3/BPTF/SPEN/RBM25/RPS10/DDX24/LUC7L3/ATRX/RSF1/ANKRD11/TOP2B/SNRNP70/RIF1/EIF3A/GOLGA4/NCAM1/ILF3/NUDT3/KAT6B","CELLTYPE"
"DESCARTES_FETAL_STOMACH_MYELOID_CELLS","DESCARTES_FETAL_STOMACH_MYELOID_CELLS",49,0.62094885409227,2.05060622858737,2.00973270865449e-05,0.00158266450806541,0.00142003482177297,408,"tags=22%, list=3%, signal=22%","CIITA/HLA-DRB5/HLA-DMB/TRPM2/ATP8B4/HLA-DMA/ITGAX/HLA-DPB1/HLA-DRB1/HLA-DRA/SPI1","CELLTYPE"
"MENON_FETAL_KIDNEY_3_STROMAL_CELLS","MENON_FETAL_KIDNEY_3_STROMAL_CELLS",35,0.68667557384388,2.08013233186018,3.08002835199253e-05,0.00215601984639477,0.0019344739473918,2228,"tags=54%, list=19%, signal=44%","CCDC88A/TPM2/KCNQ1OT1/NKTR/VIM/LGALS1/MACF1/CD81/TPM4/RRBP1/PALLD/MAGED2/C12orf57/MYL6/TOP2B/CHD3/NCAM1/SERPINH1/GNAS","CELLTYPE"
"DESCARTES_FETAL_INTESTINE_MYELOID_CELLS","DESCARTES_FETAL_INTESTINE_MYELOID_CELLS",100,0.503541881368518,1.85759215901545,5.01276984172447e-05,0.00315804500028641,0.00283353411053267,2119,"tags=33%, list=18%, signal=27%","CIITA/NUAK2/HLA-DRB5/HLA-DMB/HLA-DMA/ITGAX/HLA-DPB1/TYMP/HLA-DRB1/HLA-DOA/HLA-DRA/NCF4/SPI1/HLA-DQA2/MCOLN2/HLA-DQA1/HCK/FMN1/CFP/CX3CR1/STX11/HLA-DPA1/CD74/CD101/CST3/GPR183/HLA-DRB6/RAB20/FGL2/LILRB3/RNASE6/CLEC7A/CD14","CELLTYPE"
"DESCARTES_FETAL_ADRENAL_MYELOID_CELLS","DESCARTES_FETAL_ADRENAL_MYELOID_CELLS",72,0.552080094943456,1.92170622557977,8.34734719848072e-05,0.00464235096065816,0.0041653174032973,1549,"tags=31%, list=13%, signal=27%","HLA-DMB/TRPM2/HLA-DMA/ITGAX/HLA-DPB1/TYMP/HLA-DRB1/HLA-DOA/HLA-DRA/SPI1/IER3/SLAMF8/HLA-DQA1/SLC11A1/HCK/LRRC25/RIPK3/CYTH4/SIRPB1/NOD2/HLA-DPA1/CST3","CELLTYPE"
"FAN_OVARY_CL7_ANGEIOGENIC_ENDOTHELIAL_CELL","FAN_OVARY_CL7_ANGEIOGENIC_ENDOTHELIAL_CELL",189,0.421111535152094,1.67102442307934,8.8425732583965e-05,0.00464235096065816,0.0041653174032973,2492,"tags=33%, list=21%, signal=27%","ITM2A/JUN/RHOB/HLA-DRB5/SH3BP5/HLA-DMA/HLA-DPB1/LPAR6/IER2/HLA-DRB1/ID3/DUSP1/S100A10/HLA-DRA/NKTR/LIMA1/ZFP36L1/CLU/CRIP2/HEXIM1/SAT1/GNG5/TAGLN2/DUSP6/TSC22D1/ARL2/ARRDC3/PDLIM1/EGR1/RHOC/GADD45B/CDKN1A/IGFBP7/S100A6/CD151/EFNA1/SRSF5/RDX/HLA-DPA1/NOP10/CD74/NPDC1/CCDC50/MX1/ISCU/CCDC85B/HLA-B/HSPB1/CHMP5/HSPA1B/EPAS1/SNHG7/FXYD5/IFIT3/CHD9/IFITM2/ANXA2/HSPA2/MT2A/PPP1R15A/GIMAP4/HLA-DQB1/ARGLU1","CELLTYPE"
"FAN_EMBRYONIC_CTX_BRAIN_MYELOID","FAN_EMBRYONIC_CTX_BRAIN_MYELOID",114,0.479631478967699,1.78015329069141,0.000101369751251506,0.00468715884865622,0.00420552097197726,2210,"tags=37%, list=19%, signal=30%","TSPAN32/HLA-DMA/ITGAX/HLA-DPB1/TYMP/HLA-DRB1/EMP3/APOBR/S100A10/HLA-DRA/ATF3/SPI1/NBPF10/CHCHD10/IER5/S100A11/VIM/LGALS1/TNFRSF14/DOK2/HCK/PLEKHO1/LRRC25/S100A6/CFP/CRIP1/FGR/HLA-DPA1/CD74/HCST/EFHD2/UTRN/AIP/HLA-B/FGL2/LILRB3/SIN3B/CLEC7A/CD48/FXYD5/IFITM2/ANXA2","CELLTYPE"
"FAN_OVARY_CL14_MATURE_SMOOTH_MUSCLE_CELL","FAN_OVARY_CL14_MATURE_SMOOTH_MUSCLE_CELL",216,0.400422214884098,1.60875673028257,0.000104159085525694,0.00468715884865622,0.00420552097197726,2403,"tags=30%, list=20%, signal=24%","JUN/RHOB/PLP2/PTP4A3/CYSTM1/ROCK1/IER2/MYADM/ID3/DUSP1/TPM2/TBCB/DYNC1I2/ATF3/IER3/CHCHD10/ZFP36L1/S100A11/CD9/CRIP2/NME3/HEXIM1/CHURC1/LGALS1/DYNLL1/TPM4/VKORC1/TSC22D1/TMEM14C/COL18A1/PALLD/PDLIM1/EGR1/RHOC/KLF10/GADD45B/IGFBP7/ISYNA1/MGST3/S100A6/BRK1/CD151/CRIP1/C12orf57/MYL6/PKIG/ILK/TAF7/NDUFA3/ISCU/HSPB1/RAB11B/CHMP5/DYNLRB1/BRD2/HSPA1B/EPAS1/HCFC1R1/IFITM2/RABAC1/GNAS/HSPA2/MT1E/MT2A/PPP1R15A","CELLTYPE"
"HAY_BONE_MARROW_DENDRITIC_CELL","HAY_BONE_MARROW_DENDRITIC_CELL",101,0.483745243768514,1.78896509284556,0.000198745266163362,0.00834730117886122,0.00748955845120882,1781,"tags=30%, list=15%, signal=25%","CIITA/HLA-DRB5/HLA-DMB/CXCR3/SLC15A4/PLP2/HLA-DMA/HLA-DPB1/CCDC88A/HLA-DRB1/DNAJC4/TMEM8B/IRF7/TPM2/HLA-DRA/HLA-DQA2/SMPD3/TRAF4/FUT7/ITM2C/RRBP1/HLA-DQA1/BRK1/HLA-DPA1/CD74/CST3/NEK8/CCDC50/GPR183/OFD1","CELLTYPE"
"AIZARANI_LIVER_C5_NK_NKT_CELLS_3","AIZARANI_LIVER_C5_NK_NKT_CELLS_3",117,-0.431010286877203,-1.6589619768656,0.000240499517034921,0.00946966848325,0.00849659477945739,2110,"tags=32%, list=18%, signal=26%","CNOT6L/MAPK1/S1PR5/AKNA/ETS1/SPON2/CBLB/PDE7A/GNG2/CCL4/ARHGDIB/RUNX3/CTSW/GZMK/EOMES/CD53/RASSF5/CCND2/XCL1/PARP8/DUSP2/PRKACB/RNF125/IPCEF1/PIK3IP1/SRGN/SLC38A1/FYN/PIP4K2A/PRDM1/CXCR6/ZFP36L2/TXK/IKZF1/CXCR4/SLA/KLRB1","CELLTYPE"
"DURANTE_ADULT_OLFACTORY_NEUROEPITHELIUM_VASCULAR_SMOOTH_MUSCLE_CELLS","DURANTE_ADULT_OLFACTORY_NEUROEPITHELIUM_VASCULAR_SMOOTH_MUSCLE_CELLS",40,0.61502507267797,1.9193625371231,0.000295207811125603,0.0109400541770077,0.00981588820894421,1425,"tags=35%, list=12%, signal=31%","JUN/RHOB/PTP4A3/HSPA1A/TPM2/ATF3/PALLD/EGR1/GADD45B/PPP1R12B/IGFBP7/ISYNA1/PDGFRB/MYL6","CELLTYPE"
"AIZARANI_LIVER_C18_NK_NKT_CELLS_5","AIZARANI_LIVER_C18_NK_NKT_CELLS_5",97,0.475268670318051,1.74626961853883,0.000349314476119086,0.012226006664168,0.0109697002149678,2317,"tags=34%, list=19%, signal=28%","HLA-DMA/ITGAX/HLA-DPB1/HSPA1A/CCDC88A/PTPN6/HLA-DRA/IER3/HSPH1/IER5/S100A11/VIM/SAT1/PABPC4/SLC11A1/HCK/GADD45B/FGR/HSPA6/HLA-DPA1/CST3/CD37/GPR183/HSPB1/FGL2/LILRB3/HSPA1B/RNASE6/CLEC7A/BAG3/TET2/DNAJA1/P2RX7","CELLTYPE"
"ZHENG_CORD_BLOOD_C5_SIMILAR_TO_HSC_C6_PUTATIVE_ALTERED_METABOLIC_STATE","ZHENG_CORD_BLOOD_C5_SIMILAR_TO_HSC_C6_PUTATIVE_ALTERED_METABOLIC_STATE",47,0.578208271418632,1.88929608981645,0.000501847530000443,0.0160377172994788,0.0143897313113118,1515,"tags=36%, list=13%, signal=32%","JUN/LPAR6/IER2/HLA-DRB1/SPINK2/DUSP1/MAFF/HLA-DRA/ATF3/TMEM107/EIF4A2/HOPX/SKAP1/GADD45B/RNU4ATAC/C12orf57/CD74","CELLTYPE"
"DESCARTES_FETAL_MUSCLE_MYELOID_CELLS","DESCARTES_FETAL_MUSCLE_MYELOID_CELLS",63,0.535831544688872,1.83269356254584,0.000509133882523136,0.0160377172994788,0.0143897313113118,1549,"tags=29%, list=13%, signal=25%","CIITA/TRPM2/ATP8B4/HLA-DMA/HLA-DPB1/HLA-DRB1/HLA-DRA/NCF4/SPI1/MCOLN2/HLA-DQA1/HCK/FMN1/CYTH4/CFP/HLA-DPA1/CD74/CST3","CELLTYPE"
"MENON_FETAL_KIDNEY_6_COLLECTING_DUCT_CELLS","MENON_FETAL_KIDNEY_6_COLLECTING_DUCT_CELLS",66,0.517824865813652,1.79399430658744,0.00058636230597602,0.0175908691792806,0.0157832861307831,1417,"tags=27%, list=12%, signal=24%","KLF6/JUN/IER2/S100A10/AHI1/ZFP36L1/S100A11/CLU/CD9/MYO6/SAT1/TSC22D1/EGR1/MGST3/S100A6/RALBP1/MAP4/EMX2OS","CELLTYPE"
"HE_LIM_SUN_FETAL_LUNG_C4_ILCP_CELL","HE_LIM_SUN_FETAL_LUNG_C4_ILCP_CELL",146,-0.398283274887235,-1.57860567180379,0.000620064187822075,0.0177563835603594,0.0159317927684428,1786,"tags=28%, list=15%, signal=24%","CTSA/ABHD15/CFH/ALDOC/NDRG1/MATN2/NR1D1/S100A13/TTC7A/ELK3/CENPV/PECAM1/NR4A3/NRIP1/LAPTM4B/RUNX2/SCN1B/IL23R/NR1D2/FLNB/NET1/CA2/LST1/GNPNAT1/RORC/REEP3/NOMO2/SH3TC1/GSN/IGFBP4/CIDEB/BCAS1/NINJ1/IL17RE/FSD1/SPRY1/TNFSF13B/AFF3/CCR6/SCRN1/SLC4A10","CELLTYPE"
"AIZARANI_LIVER_C1_NK_NKT_CELLS_1","AIZARANI_LIVER_C1_NK_NKT_CELLS_1",144,-0.403223331086967,-1.59825021612356,0.000717718516936042,0.0196592463334655,0.0176391232766432,2110,"tags=28%, list=18%, signal=23%","CNOT6L/MAPK1/AKNA/ETS1/EMB/CBLB/TBX21/PDE7A/ARHGDIB/RUNX3/ARL4C/CTSW/GZMK/EOMES/B2M/CD53/RASSF5/PARP8/DUSP2/PRKACB/CD44/CYFIP2/TNFRSF1B/IPCEF1/PRKCQ/PIK3IP1/KLRG1/SEMA4D/SLC38A1/TXNIP/FYN/HLA-C/ISG20/PIP4K2A/PRDM1/CXCR6/ZFP36L2/IKZF1/CXCR4/SLA","CELLTYPE"
"TRAVAGLINI_LUNG_BRONCHIAL_VESSEL_1_CELL","TRAVAGLINI_LUNG_BRONCHIAL_VESSEL_1_CELL",171,-0.380761295220726,-1.54899467770535,0.000896197730325576,0.0235251904210464,0.0211078149642471,2439,"tags=25%, list=20%, signal=20%","RPS4X/RPSA/HNRNPA1/RPS6/ENO1/ARID5B/RPL4/EIF4B/SERBP1/RPL3/ZFAND5/TMEM70/RPL10/RPL15/NDRG1/BZW2/LITAF/RPS14/EIF3F/LAPTM4B/RPLP0/RPL10A/RCAN1/NET1/EIF3E/EEF2/RPL6/PRDX4/PPP3CA/IMPDH2/MTHFD2/ADAMTS1/RPL7/SNRPE/MAT2A/SPRY1/ZFP36L2/GNL3/PFKP/ARID5A/RSL1D1/MYC","CELLTYPE"
"DESCARTES_FETAL_KIDNEY_MYELOID_CELLS","DESCARTES_FETAL_KIDNEY_MYELOID_CELLS",67,0.506255170402122,1.75287516688364,0.00101776914177652,0.0256477823727682,0.0230122959635364,1549,"tags=24%, list=13%, signal=21%","CIITA/HLA-DRB5/HLA-DMB/ATP8B4/HLA-DPB1/SPI1/IER3/ADRB1/SLAMF8/HCK/HLA-DQB2/LRRC25/CYTH4/SIRPB1/NOD2/CST3","CELLTYPE"
"CUI_DEVELOPING_HEART_C5_VALVAR_CELL","CUI_DEVELOPING_HEART_C5_VALVAR_CELL",118,0.429512607277875,1.60848365269997,0.00169158388793126,0.0374589710698917,0.0336098036165946,1355,"tags=27%, list=11%, signal=24%","ITM2A/TCF12/HSPA1A/IER2/TUBB2A/IFRD1/ID3/SNHG12/S100A10/MAFF/AHR/ATF3/IER3/LIMA1/HSPH1/CLU/CD9/DSEL/LGALS1/TSC22D1/SLFN11/RHOU/PPP1R10/EGR1/GADD45B/CDKN1A/AEBP1/LMNA/CTNNAL1/S100A6/ZC3H12A/TRPS1","CELLTYPE"
"AIZARANI_LIVER_C39_EPCAM_POS_BILE_DUCT_CELLS_4","AIZARANI_LIVER_C39_EPCAM_POS_BILE_DUCT_CELLS_4",113,0.432435407988665,1.60649003191325,0.00177744633058146,0.0374589710698917,0.0336098036165946,2014,"tags=27%, list=17%, signal=22%","NUAK2/KLF6/HSPA1A/MYADM/SYNE2/SLC12A7/MAFF/CTBP2/ATF3/S100A11/FGFR2/MYO6/SAT1/WEE1/TPM4/AHNAK/RRBP1/PDLIM1/ITPKC/SQSTM1/S100A6/CD151/MAP4/RNF19A/KDM6B/VMP1/HSPB1/ANXA5/ZYX/HSPA1B","CELLTYPE"
"FAN_EMBRYONIC_CTX_BRAIN_ENDOTHELIAL_2","FAN_EMBRYONIC_CTX_BRAIN_ENDOTHELIAL_2",135,0.410825768269683,1.56423984851065,0.0017837605271377,0.0374589710698917,0.0336098036165946,2210,"tags=33%, list=19%, signal=27%","ARHGEF12/PLAGL1/SYNE2/SLC12A7/PELO/TPM2/LIMA1/AK1/PPFIBP2/CD9/CRIP2/VIM/MYO6/TESC/LGALS1/TAGLN2/TPM4/ITGA1/COL18A1/PDLIM1/PCOLCE/RHOC/MAGED2/AEBP1/LMNA/IGFBP7/ISYNA1/CD151/CRIP1/C12orf57/PDGFRB/MPRIP/SH2D3C/PKIG/TMEM204/ILK/GGT1/GOLIM4/PDLIM2/ZYX/EPAS1/SERPINH1/HCFC1R1/ARHGAP10/ANXA2","CELLTYPE"
"AIZARANI_LIVER_C2_KUPFFER_CELLS_1","AIZARANI_LIVER_C2_KUPFFER_CELLS_1",147,0.396469461838954,1.53132137226815,0.00163899578778832,0.0374589710698917,0.0336098036165946,2054,"tags=24%, list=17%, signal=21%","CIITA/HLA-DRB5/HLA-DMB/HLA-DMA/ITGAX/HLA-DPB1/CCDC88A/ROCK1/HLA-DRB1/HLA-DOA/HLA-DRA/AHR/IER3/IER5/S100A11/VIM/LGALS1/SAT1/PABPC4/HLA-DQA1/HCK/PLEKHO1/LRRC25/TMSB10/FGR/HSPA6/HLA-DPA1/CST3/CD37/GPR183/SYK/DPYSL2/FGL2/LILRB3/RNASE6/CLEC7A","CELLTYPE"
"HAY_BONE_MARROW_NAIVE_T_CELL","HAY_BONE_MARROW_NAIVE_T_CELL",328,-0.31780360609723,-1.39661945267085,0.00155927244447244,0.0374589710698917,0.0336098036165946,2494,"tags=28%, list=21%, signal=23%","EIF3H/PBX4/TNFRSF4/RPS4X/TCF7/RPSA/BEX5/BTG1/CMPK1/RPS6/IL16/ARID5B/OXNAD1/KLF2/ANAPC16/KRT1/RPL36AL/RPL4/TCEA3/EIF4B/PPP1R2/CNOT6L/MOAP1/ORMDL3/NDFIP1/RPL3/ETS1/ICAM3/EPHX2/PDE3B/ANKRD44/LDHB/RPL10/RPL36A/ABLIM1/LTB/NBEAL1/LEPROTL1/GPR171/SRSF8/CYLD/ZC3HAV1/RPS14/TNFRSF25/RPL17/MGAT4A/TOB1/PLEKHB1/RPL10A/CREM/WNT7A/RNF125/MDS2/DUSP16/DGKA/EIF3E/MPZL3/TMC6/NIPAL3/AQP3/TNRC6B/RPL6/TNFAIP3/IL7R/PIK3IP1/CCR7/TNFAIP8/BCL2/CD5/SERINC5/SLC38A1/MTFP1/CD28/RPL7/TTC39C/CDC42SE2/SPOCK2/RNF157/DPP4/FOXP1/TTC19/CD40LG/ISG20/SATB1/ZNF101/ITK/IL23A/ZFP36L2/ARID5A/FAM107B/CCR6/MORC2-AS1","CELLTYPE"
"CUI_DEVELOPING_HEART_C9_B_T_CELL","CUI_DEVELOPING_HEART_C9_B_T_CELL",142,-0.38913256618852,-1.54155960452929,0.00194634135140075,0.0395546790768539,0.0354901631817386,1812,"tags=23%, list=15%, signal=19%","LTB/GNG2/IRF1/LEPROTL1/ARHGDIB/LITAF/RUNX3/ARL4C/CTSW/SELL/CD53/DUSP2/CD44/TMIGD2/TNFAIP3/IL7R/PIK3IP1/SRGN/TXNIP/CDC42SE2/SPOCK2/HLA-C/ISG20/SATB1/PIP4K2A/ITK/ZFP36L2/TXK/CXCR4/FAM107B/GPR65/KLRB1","CELLTYPE"
"AIZARANI_LIVER_C33_STELLATE_CELLS_2","AIZARANI_LIVER_C33_STELLATE_CELLS_2",61,0.515025482282169,1.74693457819134,0.00204926026139349,0.0403448113961844,0.0361991039594837,1225,"tags=33%, list=10%, signal=30%","PELO/ID3/TPM2/BAZ1B/CAMK2N1/VIM/PCM1/LGALS1/PHLDA1/TPM4/TSC22D1/ITGA1/PALLD/EPB41L2/MXRA7/MEF2D/LUC7L3/PPP1R12B/IGFBP7/ISYNA1","CELLTYPE"
"BUSSLINGER_ESOPHAGEAL_DENDRITIC_CELLS","BUSSLINGER_ESOPHAGEAL_DENDRITIC_CELLS",183,0.381373127547258,1.50906982902533,0.00216312815177772,0.0412960828975746,0.0370526257577236,2284,"tags=29%, list=19%, signal=24%","HLA-DRB5/HLA-DMB/HLA-DMA/ITGAX/HLA-DPB1/HSPA1A/CCDC88A/VASP/SKIL/MYADM/HLA-DRB1/SLC12A7/PAK1/HLA-DOA/MAFF/HLA-DRA/SPI1/IER5/JUND/EHBP1L1/VIM/LGALS1/PDE4A/TMEM14C/HLA-DQA1/HCK/HLA-DQB2/CNTRL/LMNA/CFP/PTPRC/CRIP1/TMSB10/ADAM8/KDM6B/HLA-DPA1/CD74/CST3/CD37/GPR183/HLA-DRB6/HLA-B/ANXA5/DPYSL2/FGL2/BAIAP2/ZYX/FXYD5/PNRC1/SERPINB9/INPP5D/GNAI2/MOB3A","CELLTYPE"
"TRAVAGLINI_LUNG_CD4_MEMORY_EFFECTOR_T_CELL","TRAVAGLINI_LUNG_CD4_MEMORY_EFFECTOR_T_CELL",66,-0.467739542232026,-1.65377946745111,0.00321834625038777,0.056321059381786,0.0505336823525799,769,"tags=21%, list=6%, signal=20%","IL7R/CTLA4/CD5/SLC38A1/CD28/TXNIP/TTC39C/SPOCK2/IL10RA/CD40LG/PRDM1/ITK/CDC14A/CCR6","CELLTYPE"
"DESCARTES_FETAL_PANCREAS_MYELOID_CELLS","DESCARTES_FETAL_PANCREAS_MYELOID_CELLS",94,0.436811767900019,1.60145624256417,0.00317418648265789,0.056321059381786,0.0505336823525799,2119,"tags=27%, list=18%, signal=22%","HLA-DRB5/TRPM2/ATP8B4/ITGAX/HLA-DRB1/SPI1/SLAMF8/CLEC4A/MCOLN2/HLA-DQA1/HCK/HLA-DQB2/FMN1/LRRC25/CFP/CX3CR1/SIRPB1/FGR/HLA-DPA1/HLA-DRB6/FGL2/LILRB3/RNASE6/CLEC7A/CD14","CELLTYPE"
"FAN_EMBRYONIC_CTX_BRAIN_NAIVE_LIKE_T_CELL","FAN_EMBRYONIC_CTX_BRAIN_NAIVE_LIKE_T_CELL",142,-0.380053260094294,-1.50559167809972,0.00314235877292619,0.056321059381786,0.0505336823525799,1980,"tags=25%, list=17%, signal=21%","ETS1/ICAM3/EPHX2/LDHB/LTB/LEPROTL1/GPR171/ARHGDIB/ARL4C/SELL/ANXA1/TOB1/CD44/DGKA/CYFIP2/TNFAIP3/IL7R/PIK3IP1/PCMTD2/CCR7/TNFAIP8/CD5/SERINC5/TXNIP/CDC42SE2/HLA-C/CD40LG/ISG20/SATB1/ITK/TXK/CXCR4/FAM107B/MYC/HPGD","CELLTYPE"
"DESCARTES_FETAL_THYMUS_ANTIGEN_PRESENTING_CELLS","DESCARTES_FETAL_THYMUS_ANTIGEN_PRESENTING_CELLS",97,0.429562710700858,1.57833317826758,0.00365741479369756,0.0622749005413368,0.0558757252977408,2133,"tags=27%, list=18%, signal=22%","HLA-DRB5/HLA-DMB/TRAF1/ITGAX/HLA-DPB1/HLA-DOB/HLA-DRB1/APOBR/HLA-DRA/SPI1/MMP25/SLAMF8/MCOLN2/NFKBIE/HCK/HLA-DQB2/FGR/ADAM8/HLA-DPA1/CD74/HLA-DRB6/FGL2/SPINT1/CLEC7A/CD14/MS4A1","CELLTYPE"
"DURANTE_ADULT_OLFACTORY_NEUROEPITHELIUM_MACROPHAGES","DURANTE_ADULT_OLFACTORY_NEUROEPITHELIUM_MACROPHAGES",59,0.497180342026226,1.69481116354394,0.0041042637906464,0.0680443733712429,0.061052345029837,2119,"tags=36%, list=18%, signal=29%","HLA-DRB5/HLA-DMB/HLA-DMA/HLA-DPB1/TYMP/HLA-DRB1/DUSP1/HLA-DRA/SPI1/HLA-DQA2/HLA-DQA1/CX3CR1/HLA-DPA1/CD74/CST3/GPR183/FGL2/CYBA/RNASE6/CLEC7A/CD14","CELLTYPE"
"DESCARTES_FETAL_PLACENTA_MYELOID_CELLS","DESCARTES_FETAL_PLACENTA_MYELOID_CELLS",67,0.468228198175079,1.62120928140614,0.00430872521349936,0.0696024842180666,0.0624503492482903,2119,"tags=30%, list=18%, signal=25%","CIITA/HLA-DRB5/HLA-DMA/HLA-DPB1/TPRG1/HLA-DRB1/HLA-DOA/HLA-DRA/SLAMF8/HLA-DQA1/SLC11A1/HCK/LRRC25/HLA-DPA1/CD74/HLA-DRB6/FGL2/RNASE6/CLEC7A/CD14","CELLTYPE"
"DURANTE_ADULT_OLFACTORY_NEUROEPITHELIUM_MONOCYTES","DURANTE_ADULT_OLFACTORY_NEUROEPITHELIUM_MONOCYTES",28,0.588151202080236,1.68088262870323,0.0070792125642516,0.108778144279964,0.0976004402311453,1951,"tags=39%, list=16%, signal=33%","HLA-DRB5/HLA-DMB/HLA-DMA/HLA-DPB1/HLA-DRB1/HLA-DRA/HLA-DQA1/HLA-DPA1/CD74/GPR183/FGL2","CELLTYPE"
"DESCARTES_FETAL_PLACENTA_LYMPHOID_CELLS","DESCARTES_FETAL_PLACENTA_LYMPHOID_CELLS",108,0.406151333892741,1.49566931486048,0.00699093173116854,0.108778144279964,0.0976004402311453,2016,"tags=29%, list=17%, signal=24%","CXCR3/VAMP1/XCL2/CRTAM/IGLL5/JSRP1/PSTPIP1/OASL/TRAF3IP3/CDKN2A/PLCH2/PTGDR/STYK1/ZBP1/CLDND2/CARD11/DAPK2/PTPRCAP/ZNF683/KLRC3/NOD2/GNPTAB/CD7/SLFN12L/SCML4/NKG7/CD3D/DTHD1/PTPN7/APOBEC3D/KLRC1","CELLTYPE"
"BUSSLINGER_GASTRIC_REG3A_POSITIVE_CELLS","BUSSLINGER_GASTRIC_REG3A_POSITIVE_CELLS",26,0.602141539790324,1.6990184486333,0.00769317430715858,0.112713949151393,0.101131814025561,2729,"tags=50%, list=23%, signal=39%","HLA-DMA/HLA-DPB1/HLA-DRB1/HLA-DRA/SAT1/HLA-DQA1/TMSB10/HLA-DPA1/CD74/HLA-B/HSPA8/HLA-DQB1/IFITM3","CELLTYPE"
"FAN_OVARY_CL0_XBP1_SELK_HIGH_STROMAL_CELL","FAN_OVARY_CL0_XBP1_SELK_HIGH_STROMAL_CELL",126,-0.372196661193713,-1.45315712433545,0.00754882736799876,0.112713949151393,0.101131814025561,3676,"tags=44%, list=31%, signal=30%","CLEC2B/RPL9/RSL24D1/VAPA/FHL2/PTMA/ATP1A1/ST13/RPS27A/RPL18A/RPS3A/RPL31/HBP1/EEF1D/RPS13/NACA/BTF3/NPM1/RPS5/RPL5/DNAJB6/RPL34/INSIG1/SPTSSA/RPS4X/RPS6/ARID5B/RPL36AL/EPB41L4A-AS1/CCNG1/RPL3/RPL10/RPL36A/RBMX/NFE2L2/RPL15/RPS14/HSP90B1/HERPUD1/EIF4E/RPL17/CNN3/RPL10A/EIF3E/TMED2/RPL6/CEBPB/ERRFI1/RPL7/SERP1/YBX1/CIRBP/EIF5/GNL3/RSL1D1","CELLTYPE"
"HE_LIM_SUN_FETAL_LUNG_C4_CD4_T_CELL","HE_LIM_SUN_FETAL_LUNG_C4_CD4_T_CELL",29,-0.57479782006896,-1.71097168464392,0.00831561026456264,0.114555485481513,0.102784119805468,1171,"tags=28%, list=10%, signal=25%","IL6ST/FCGRT/CCR7/CD5/SERINC5/BACH2/CD40LG/FKBP5","CELLTYPE"
"LAKE_ADULT_KIDNEY_C27_VASCULAR_SMOOTH_MUSCLE_CELLS_AND_PERICYTES","LAKE_ADULT_KIDNEY_C27_VASCULAR_SMOOTH_MUSCLE_CELLS_AND_PERICYTES",83,0.427273846502646,1.52697039074386,0.00814359538612512,0.114555485481513,0.102784119805468,2048,"tags=28%, list=17%, signal=23%","JUN/HSPA1A/ROCK1/DUSP1/ATF3/HSPH1/ZFP36L1/MAP3K5/ANKRD36/ITGA1/COL18A1/PALLD/EGR1/RAPGEF2/PPP1R12B/AKT3/UTRN/FER/AKAP13/SSBP2/DYRK1A/HSPA1B/EPAS1","CELLTYPE"
"AIZARANI_LIVER_C24_EPCAM_POS_BILE_DUCT_CELLS_3","AIZARANI_LIVER_C24_EPCAM_POS_BILE_DUCT_CELLS_3",92,0.41484608855699,1.52307577137644,0.00836436878118982,0.114555485481513,0.102784119805468,2041,"tags=29%, list=17%, signal=25%","CYSTM1/TUBB2A/MYADM/SLC12A7/S100A10/CLIC1/DYNC1I2/ATF3/S100A11/CLU/CAMK2N1/WEE1/TAGLN2/TPM4/VAMP8/LMNA/PRDX5/S100A6/CD151/MSI2/MYL6/ANXA11/CCND1/HSPB1/ANXA5/SPINT1/ATP1B1","CELLTYPE"
"CUI_DEVELOPING_HEART_C8_MACROPHAGE","CUI_DEVELOPING_HEART_C8_MACROPHAGE",233,0.337234294693052,1.36974683696988,0.00963967899598986,0.129212718456885,0.115935221071591,2119,"tags=24%, list=18%, signal=20%","KLF6/RHOB/HLA-DMB/HLA-DMA/ITGAX/HLA-DPB1/HSPA1A/LAT2/LPAR6/HLA-DRB1/PTPN6/DUSP1/PPP1R18/DOCK8/TCIRG1/HLA-DRA/NCF4/SPI1/IER3/IER5/ZFP36L1/PYCARD/JUND/ARHGAP30/CNPY3/RIN3/VAMP8/DOK2/HCK/GADD45B/CDKN1A/GPSM3/CYTH4/PTPRC/CX3CR1/ARHGAP18/HLA-DPA1/CD74/CST3/HCST/APBB1IP/EFHD2/OSTF1/CD37/GPR183/WAS/HLA-B/MCL1/SYK/FGL2/CYBA/RNASE6/CLEC7A/PNRC1/CD14","CELLTYPE"
"HE_LIM_SUN_FETAL_LUNG_C0_MESENCHYMAL_3_CELL","HE_LIM_SUN_FETAL_LUNG_C0_MESENCHYMAL_3_CELL",61,0.471118844294145,1.59800597804998,0.0101626272236204,0.130662350017977,0.117235892998586,1515,"tags=21%, list=13%, signal=19%","ITM2A/SH3BP5/IER5L/TOMM34/OLFM2/SULF2/SVIL/RNF207/AMOT/EFNA1/CDC42EP3/ITGA5/CD74","CELLTYPE"
"AIZARANI_LIVER_C6_KUPFFER_CELLS_2","AIZARANI_LIVER_C6_KUPFFER_CELLS_2",161,0.36704290045606,1.4350561912158,0.0100399282523751,0.130662350017977,0.117235892998586,2161,"tags=24%, list=18%, signal=20%","HLA-DMB/HLA-DMA/ITGAX/HLA-DPB1/CCDC88A/TYMP/HLA-DRB1/TCIRG1/HLA-DRA/NAGK/SPI1/BLVRB/IER3/PYCARD/S100A11/CNPY3/SAT1/VAMP8/EPB41L2/HLA-DQA1/SLC11A1/HCK/CNTRL/LRRC25/FRMD4A/CFP/TMSB10/FGR/HLA-DPA1/CST3/STX7/TTYH3/FGL2/LILRB3/CYBA/RNASE6/CLEC7A/CD14/IFIT3","CELLTYPE"
"BUSSLINGER_GASTRIC_X_CELLS","BUSSLINGER_GASTRIC_X_CELLS",94,0.406375588425587,1.4898699410928,0.0111128080453923,0.13727586409014,0.12316982291797,1225,"tags=18%, list=10%, signal=16%","JUN/IER2/HOOK3/SMARCA2/DUSP1/GPR160/ATF3/AKAP9/MT1F/JUND/CLU/APBB1/TP53I13/EGR1/DDX24/SERPINB6/ISYNA1","CELLTYPE"
"FAN_OVARY_CL1_GPRC5A_TNFRS12A_HIGH_SELECTABLE_FOLLICLE_STROMAL_CELL","FAN_OVARY_CL1_GPRC5A_TNFRS12A_HIGH_SELECTABLE_FOLLICLE_STROMAL_CELL",309,-0.296425634394868,-1.29354755473681,0.0110597001674939,0.13727586409014,0.12316982291797,2928,"tags=33%, list=25%, signal=26%","RPS5/CCT3/DIMT1/DHX15/EIF4G2/ILF2/CHMP2B/HNRNPC/EEF1A1/PNO1/RPL5/DNAJB6/GLA/UBAP1/MLF1/CACYBP/SPTSSA/IFI16/UAP1/EIF3H/GSPT1/GLRX/ATF1/MGAT1/LRRFIP2/RPSA/HNRNPA1/BAG2/CCNI/AKIRIN1/ENO1/ARID5B/CTSF/EWSR1/DKC1/ATP6V0D1/ATF4/RRS1/RPL4/SERBP1/CRY1/CEBPZ/RAN/EIF1AX/AXL/TMEM87A/G3BP1/TMEM70/WTAP/RPL10/ARF4/CFH/UBE2D1/TMED5/LITAF/NAA50/PLSCR1/EIF4E/XRCC6/TSPAN5/CNN3/SLC38A2/UBA2/BZW1/RPL7L1/TFAM/RPLP0/RPL10A/CCT2/MRTO4/LRRC59/FGFR1/SRP19/SAP18/EIF3E/EEF2/WDR43/UGDH/COQ10B/NCL/BRIX1/IMPDH2/DHX9/DEGS1/C1QBP/GRPEL1/MTHFD2/GSN/ERRFI1/NAA20/NOLC1/SYNCRIP/C1R/YBX1/DCAF13/MAT2A/CNBP/CSNK1A1/EIF5/GNL3/CD55/RSL1D1/MYC","CELLTYPE"
"VANGURP_PANCREATIC_BETA_CELL","VANGURP_PANCREATIC_BETA_CELL",62,-0.443665356215544,-1.56097159949526,0.0113814452756394,0.137890586993323,0.123721378806039,2949,"tags=45%, list=25%, signal=34%","TPM3/YWHAQ/RPL5/DBI/PFKFB2/CNP/RPS4X/RPS6/ENO1/RPL4/SLC39A14/RPL3/G3BP1/LDHB/ARL6IP5/SLC6A6/SORL1/HERPUD1/RPL17/ATP2A3/SUSD4/TGFBR3/ELMO1/GSN/PERP/RPL7/SERINC1/PHACTR2","CELLTYPE"
"MENON_FETAL_KIDNEY_10_IMMUNE_CELLS","MENON_FETAL_KIDNEY_10_IMMUNE_CELLS",76,0.432880238862624,1.53510703289813,0.0122747208023213,0.145907058593631,0.130914102698045,2002,"tags=28%, list=17%, signal=23%","KLF6/HLA-DPB1/CCDC88A/HLA-DRB1/HLA-DRA/S100A11/CNPY3/LGALS1/SAT1/VAMP8/S100A6/PTPRC/TMSB10/MYL6/HLA-DPA1/CD74/CST3/HLA-DRB6/HLA-B/FGL2/CYBA","CELLTYPE"
"FAN_OVARY_CL6_PUTATIVE_EARLY_ATRETIC_FOLLICLE_THECAL_CELL_2","FAN_OVARY_CL6_PUTATIVE_EARLY_ATRETIC_FOLLICLE_THECAL_CELL_2",198,0.343686127788695,1.37058332578178,0.0127039084232747,0.148212264938205,0.1329824332027,1237,"tags=19%, list=10%, signal=17%","JUN/RHOB/SH3BP5/HSPA1A/MPHOSPH8/IER2/MYADM/SMARCA2/ID3/DUSP1/TPM2/KCNQ1OT1/ATF3/IER3/ZFP36L1/NME3/VIM/HEXIM1/DDAH2/EIF4A2/HADHB/LGALS1/TPM4/VKORC1/COL18A1/PALLD/EGR1/RHOC/SAT2/PDCD4/KLF10/GADD45B/AEBP1/SVIL/SERPINB6/ERGIC2/S100A6","CELLTYPE"
"HE_LIM_SUN_FETAL_LUNG_C1_PROXIMAL_SECRETORY_PROGENITORS_CELL","HE_LIM_SUN_FETAL_LUNG_C1_PROXIMAL_SECRETORY_PROGENITORS_CELL",45,-0.484548239120712,-1.60439320938242,0.0136302941679011,0.153340809388888,0.137583984363964,1270,"tags=18%, list=11%, signal=16%","ATP2A3/ANXA1/SAMHD1/ISG20/PFKP/LNX1/MYC/HPGD","CELLTYPE"
"SU_HO_CONV_CENT_CHONDROSARCOMA_STROMAL_C1_OSSIFICATION_STROMAL_CELL","SU_HO_CONV_CENT_CHONDROSARCOMA_STROMAL_C1_OSSIFICATION_STROMAL_CELL",155,-0.342153339681564,-1.36947315164018,0.013525814656508,0.153340809388888,0.137583984363964,2231,"tags=26%, list=19%, signal=22%","OTUD1/KLF2/SLC20A1/TMCO3/ITPRIP/CD164/MORF4L1/CBFB/NDFIP1/NUCB1/ARF6/SRSF6/SPPL2A/ZFAND5/SOX4/CDC42SE1/IRF1/UBE2E3/NAA50/SLC38A2/ANKH/CCND2/RCAN1/FGFR1/EIF3E/GABARAPL2/NFIL3/TMED2/COQ10B/PPP3CA/CEBPB/IFNGR1/YWHAZ/FHL1/B4GALT1/ID2/ZFP36L2/FAM107B/ZBTB16/CD47/FKBP5","CELLTYPE"
"DESCARTES_MAIN_FETAL_CLC_IL5RA_POSITIVE_CELLS","DESCARTES_MAIN_FETAL_CLC_IL5RA_POSITIVE_CELLS",129,-0.357388668500341,-1.40170793127697,0.0141428546157824,0.156315761542858,0.140253239680058,2022,"tags=27%, list=17%, signal=23%","BIRC5/OSM/HMGN2/VBP1/ZNF615/SNRPA1/TOMM40L/ZNF18/MRPS16/TPCN2/TMED7/WDR55/C3orf18/BRF2/COMMD8/CNEP1R1/ZNF302/PPM1M/ZC3HC1/ING3/GTF2A2/WDR75/GTF3A/LYRM7/NSL1/GCSH/MRPL3/ZDHHC24/MRPL40/THAP9/COQ3/GPATCH3/PDK2/IMP3/PARP2","CELLTYPE"
"DESCARTES_FETAL_LIVER_LYMPHOID_CELLS","DESCARTES_FETAL_LIVER_LYMPHOID_CELLS",68,-0.419823987432383,-1.49180362283089,0.0148363440850918,0.160722480780395,0.144207138143813,769,"tags=16%, list=6%, signal=15%","EOMES/IL23R/IL7R/CCR7/RORC/BACH2/ITK/P2RX5/IL18RAP/SLC4A10/KLRB1","CELLTYPE"
"TRAVAGLINI_LUNG_MACROPHAGE_CELL","TRAVAGLINI_LUNG_MACROPHAGE_CELL",132,0.384300505452766,1.46004424027267,0.0153069029314662,0.160722480780395,0.144207138143813,1831,"tags=21%, list=15%, signal=18%","RHOB/HLA-DRB5/CCDC88A/TUBB2A/TYMP/HLA-DRB1/S100A10/RAB10/CAPG/S100A11/CD9/VIM/LGALS1/CD81/PLEC/PDLIM1/HLA-DQA1/SLC11A1/HCK/ETHE1/MGST3/NOP10/CD74/ACER3/CST3/CSTB/HLA-DRB6/HSPB1","CELLTYPE"
"AIZARANI_LIVER_C25_KUPFFER_CELLS_4","AIZARANI_LIVER_C25_KUPFFER_CELLS_4",134,0.377098217602871,1.43186317871318,0.0150675132140371,0.160722480780395,0.144207138143813,2180,"tags=26%, list=18%, signal=22%","CIITA/HLA-DRB5/HLA-DMB/HLA-DMA/ITGAX/HLA-DPB1/CCDC88A/HLA-DRB1/HLA-DOA/HLA-DRA/AHR/IER3/S100A11/VIM/SAT1/PABPC4/HLA-DQA1/SLC11A1/HCK/CNTRL/TMSB10/FGR/KDM6B/HSPA6/HLA-DPA1/CST3/GPR183/SYK/FGL2/LILRB3/RNASE6/CLEC7A/TET2/SERPINB9/DDX21","CELLTYPE"
"DESCARTES_FETAL_CEREBELLUM_VASCULAR_ENDOTHELIAL_CELLS","DESCARTES_FETAL_CEREBELLUM_VASCULAR_ENDOTHELIAL_CELLS",219,0.334349793919087,1.34626960881197,0.0159185090120096,0.164404273402722,0.147510601198433,2603,"tags=29%, list=22%, signal=23%","ITM2A/RHOB/ST6GALNAC4/PTP4A3/SLC12A7/PELO/ID3/S100A10/ITPR3/PLEKHF1/MMP25/GBP3/SLC26A6/CRIP2/HOPX/HEG1/TAGLN2/SLC26A2/AHNAK/DUSP6/ITGA1/COL18A1/PDLIM1/PCOLCE/RHOC/IFIT1/PROCR/KLF10/IGFBP7/CAPNS1/CFP/EFNA1/CRIP1/PDGFRB/ARHGAP18/SH2D3C/EMX2OS/FGR/SHC1/SLFN12L/TMEM204/KIAA0040/CCDC85B/OAF/ICAM2/VANGL1/FAM43A/FHL3/SERTAD1/EPAS1/SERPINH1/IFIT3/IFITM2/GBP4/P2RX5-TAX1BP3/MT1E/F2RL2/ADORA2A/SMTN/SLC14A1/RRAS/OAS2/MUSTN1","CELLTYPE"
"ZHONG_PFC_C8_ORG_PROLIFERATING","ZHONG_PFC_C8_ORG_PROLIFERATING",46,0.479305341844627,1.55459826449134,0.0166682938567782,0.169371373060811,0.151967297132256,2584,"tags=35%, list=22%, signal=27%","CKAP2/DCXR/CENPE/EMP3/CDCA8/PTTG1/LGALS1/ASPM/KIF18A/ANXA2/PRC1/MT2A/CKS2/SMTN/ARL6IP1/CCDC34","CELLTYPE"
"HE_LIM_SUN_FETAL_LUNG_C1_PROXIMAL_SECRETORY_1_CELL","HE_LIM_SUN_FETAL_LUNG_C1_PROXIMAL_SECRETORY_1_CELL",26,-0.556415302704388,-1.62346894503208,0.0175347657106133,0.17260784996385,0.154871203726963,1867,"tags=27%, list=16%, signal=23%","TIAM1/CFH/CTSW/ATP2A3/ANXA1/SLC15A2/HPGD","CELLTYPE"
"SU_HO_CONV_CENT_CHONDROSARCOMA_C4_HIGH_GRADE_CHONDROSARCOMA_1","SU_HO_CONV_CENT_CHONDROSARCOMA_C4_HIGH_GRADE_CHONDROSARCOMA_1",79,-0.393893248046445,-1.44230482626114,0.017353273329769,0.17260784996385,0.154871203726963,2260,"tags=23%, list=19%, signal=19%","LYRM4/TPD52/ZFAND1/TATDN1/RPL10/EGLN1/RPS14/SSR3/TOB1/NDUFS4/RPL10A/EIF3E/PERP/RAB4A/INSIG2/ASPH/FBLN2/LNX1","CELLTYPE"
"DESCARTES_FETAL_CEREBRUM_VASCULAR_ENDOTHELIAL_CELLS","DESCARTES_FETAL_CEREBRUM_VASCULAR_ENDOTHELIAL_CELLS",187,0.334655819280918,1.32725637360259,0.0192833294319155,0.186899962186258,0.167694702913986,2614,"tags=29%, list=22%, signal=23%","ITM2A/MYOM2/RHOB/ST6GALNAC4/CALHM2/SLC12A7/ID3/S100A10/ITPR3/PLEKHF1/MT1F/CRIP2/TMC4/LGALS1/NHSL2/PCBD1/HEG1/AHNAK/DUSP6/ITGA1/COL18A1/PCOLCE/RHOC/PROCR/KLF10/IGFBP7/CFP/EFNA1/CRIP1/PDGFRB/SH2D3C/FGR/NOP10/SLFN12L/TMEM204/CSTB/CCDC85B/HSPB1/SLC30A1/FAM43A/FHL3/EPAS1/SERPINH1/IFIT3/MT1E/MT2A/F2RL2/TMEM141/ADORA2A/GIMAP4/SLC14A1/RRAS/OAS2/MUSTN1/RIN1","CELLTYPE"
"LAKE_ADULT_KIDNEY_C5_PROXIMAL_TUBULE_EPITHELIAL_CELLS_STRESS_INFLAM","LAKE_ADULT_KIDNEY_C5_PROXIMAL_TUBULE_EPITHELIAL_CELLS_STRESS_INFLAM",212,0.328917154667004,1.31673892255558,0.0200437392821698,0.191326602238893,0.171666475191789,2003,"tags=28%, list=17%, signal=24%","BCOR/ZFC3H1/FXR2/PRPF38B/CSPP1/ZC3H13/OPTN/ASPSCR1/XPC/SRSF11/CHD2/BAZ1B/DRD3/SMG6/SUCLG1/PPP1R21/ARID4A/SRRM2/MYO6/AFMID/MCTP1/PLCG2/ACACB/RBM6/RBM25/DEPTOR/PNISR/SREK1/POR/GOLGB1/EGR1/PPM1L/FMN1/CCAR1/LUC7L3/DOK6/FRMD4A/ULK4/NCOR1/ANKRD11/LENG8/EMX2OS/ZC3H6/LUC7L/UPF2/NFE2L1/PRRC2C/SAFB2/MARK2/KIAA1671/PGPEP1/TOB2/OSBPL1A/AKAP13/YTHDC1/RNF220/CREBBP/SNX29/PPP2R5E","CELLTYPE"
"ZHONG_PFC_C3_ASTROCYTE","ZHONG_PFC_C3_ASTROCYTE",201,0.336667923785219,1.345268521839,0.0205518718312308,0.193248944084708,0.173391283163723,2340,"tags=29%, list=20%, signal=24%","ME3/FMR1/TMEM44/CAPN10/SMARCA2/IRF7/CEP164/KCNQ1OT1/ANKRD13D/KCTD7/RERE/OBSCN/CXADR/SMPD3/ANKRD36/CIC/GEMIN5/NCOR2/BPTF/DOT1L/ZNF780B/SLC4A7/CNOT6/STK11/ZNF445/EVL/RHOU/COL18A1/SEC31B/SYNGR3/MAFG/ARSA/CCL5/GOLGA8A/ZNF566/STX1A/GIT1/CCBE1/RECQL5/FGF9/AKT3/GOLGA7B/CACNB3/MAST3/TRIM46/SETX/NCAM1/BAIAP2/TMEM131/FADS3/HEATR5A/CUL9/SIN3B/RSPH9/RPS6KC1/ADAP1/NLK/ZBTB8A/ATCAY","CELLTYPE"
"DESCARTES_MAIN_FETAL_SQUAMOUS_EPITHELIAL_CELLS","DESCARTES_MAIN_FETAL_SQUAMOUS_EPITHELIAL_CELLS",19,0.61114926645228,1.6266141986677,0.023262967355448,0.215524550499003,0.193377917490334,2531,"tags=42%, list=21%, signal=33%","TMEM80/THOC3/STYK1/PIGA/SLK/CSTB/PLEKHN1/PHLDB3","CELLTYPE"
"TRAVAGLINI_LUNG_TREM2_DENDRITIC_CELL","TRAVAGLINI_LUNG_TREM2_DENDRITIC_CELL",423,0.28882300824207,1.24025852204013,0.0247718048675159,0.226177348790362,0.202936067335713,2281,"tags=23%, list=19%, signal=20%","RHOB/HLA-DRB5/HLA-DMB/HLA-DMA/ITGAX/HLA-DPB1/DDRGK1/HSPA1A/TYMP/HLA-DRB1/S100A10/HLA-DOA/HLA-DRA/NAGK/ATF3/SPI1/BLVRB/CHCHD10/HLA-DQA2/CAPG/SLAMF8/PYCARD/S100A11/CD9/VIM/ACO1/HADHB/LGALS1/DYNLL1/PCBD1/PSMA7/ATP6V1D/CD81/TAGLN2/VKORC1/TSC22D1/VAMP8/TMEM14C/PALLD/PDLIM1/ATP6V0C/GABARAP/HLA-DQA1/EIF4EBP1/SQSTM1/SLC11A1/HCK/CTNNA1/FCHO2/PLEKHO1/MCOLN1/HLA-DQB2/GAA/PCK2/MGST3/S100A6/ECHS1/CD151/CRIP1/TMSB10/ARHGAP18/MYL6/RDX/HLA-DPA1/NOP10/CD74/CST3/TALDO1/LAMTOR2/CD58/CSTB/G0S2/MX1/ISCU/OSBPL1A/HLA-DRB6/HSPB1/RAB20/NDUFB2/AGPAT2/TMEM147/ANXA5/DPYSL2/LILRB3/CYBA/RNASE6/ALAS1/CLEC7A/TXNRD1/CD14/ATP6V1F/ANXA2/GNAS/RNF149/NDUFS8/ERP44/FDX1/TMBIM1/GNAI2","CELLTYPE"
"HE_LIM_SUN_FETAL_LUNG_C2_HSC_ELP_CELL","HE_LIM_SUN_FETAL_LUNG_C2_HSC_ELP_CELL",293,-0.291110563116106,-1.26075302025588,0.0253868337600746,0.228481503840672,0.205003454573836,2041,"tags=24%, list=17%, signal=20%","BEX2/IFT57/GNL3L/LRBA/GRAP/MYL6B/PODXL2/ALKBH4/EXT2/LTB/MRPS27/PDE7A/RPRD1A/MED9/ZNF254/BPNT1/ZNF420/RNF31/STIM1/CNST/CTSW/MUL1/TSPAN5/ATP2A3/HOXB2/LAPTM4B/PGAP2/ACSS1/CUTC/TRUB1/BRF2/ACTR6/ZNF302/MRPL45/PRKACB/KLHDC2/FUT8/ZSCAN18/CYFIP2/TMIGD2/BEND5/SLC37A1/HCG18/RCN2/PRKCQ/AK3/KLRG1/KPNA5/BCL2/GLMN/TRAF3IP2-AS1/ZNF100/FHL1/MKS1/TFDP2/SPOCK2/STRBP/SATB1/ZNF44/PFKP/TNFSF8/POLR2C/ZNF506/ZSCAN12/TCTN1/ERGIC1/RDH14/SUPV3L1/HPGD","CELLTYPE"
"HE_LIM_SUN_FETAL_LUNG_C0_ASPN_POS_CHONDROCYTE","HE_LIM_SUN_FETAL_LUNG_C0_ASPN_POS_CHONDROCYTE",32,0.510858993313984,1.51189296461705,0.0269348643679542,0.236064055316281,0.211806846624633,1542,"tags=22%, list=13%, signal=19%","ITM2A/PLP2/CAPG/FGFR2/PCK2/CDC42EP3/NPDC1","CELLTYPE"
"DESCARTES_FETAL_EYE_MICROGLIA","DESCARTES_FETAL_EYE_MICROGLIA",95,0.38359309281439,1.4147663392919,0.0269787491790036,0.236064055316281,0.211806846624633,2408,"tags=35%, list=20%, signal=28%","TRPM2/ATP8B4/HLA-DMA/LAT2/HLA-DRB1/DOCK8/TRAF3IP3/HLA-DRA/SPI1/ARHGAP30/ZFYVE19/SKAP1/PLK3/CARD11/HCK/CYTH4/PTPRC/CX3CR1/HLA-DPA1/CD74/RELL2/APBB1IP/ELF4/MAST3/CD37/GPR183/RAB20/CLEC7A/CD14/INPP5D/CSF3R/SP140/ITGAL","CELLTYPE"
"HAY_BONE_MARROW_NEUTROPHIL","HAY_BONE_MARROW_NEUTROPHIL",314,0.301777780612143,1.26385777971611,0.0276697602778418,0.238793821575895,0.214256110586893,2774,"tags=29%, list=23%, signal=23%","KLF6/RHOB/RXRA/MYADM/TYMP/PSTPIP1/APOBR/DUSP1/S100A10/CHSY1/NCF4/TGFB1/TOM1/CAPG/PYCARD/JUND/WDR26/MBD2/EHBP1L1/VIM/TMEM107/CNPY3/MCTP1/ARL8A/PLEC/CCPG1/AHNAK/RHOU/NAGA/GABARAP/SLC11A1/DMXL2/NDUFS7/CMIP/ACSS2/INPPL1/GAA/SULF2/ETHE1/STX10/S100A6/CAPNS1/CFP/UBXN11/CDC42EP3/TMSB10/LENG8/SIRPB1/NOD2/STX11/ACER3/SCAND1/FNDC3B/TALDO1/GAPDH/LAMTOR2/OAF/MEGF9/MCL1/FAM120A/ANXA5/FGL2/LILRB3/ZYX/CYBA/CD14/CHMP4B/TET2/LPGAT1/ANXA2/ADAP1/GNAI2/MOB3A/CSF3R/TMEM205/MXD1/UBR4/AGTRAP/ANO6/ZNF467/CCNL1/JOSD2/GLIPR2/RNF181/PLBD1/LY96/PRKACA/CTSD/SERF2/TRIOBP/FCN1","CELLTYPE"
"RUBENSTEIN_SKELETAL_MUSCLE_ENDOTHELIAL_CELLS","RUBENSTEIN_SKELETAL_MUSCLE_ENDOTHELIAL_CELLS",84,0.395288830320874,1.41929765387449,0.0288300606787619,0.238986029310789,0.214428567652287,2545,"tags=39%, list=21%, signal=31%","ITM2A/KLF6/HLA-DMA/HLA-DPB1/LPAR6/SYNE2/HLA-DRB1/ID3/HLA-DRA/NKTR/CRIP2/AHNAK/ITGA1/PDLIM1/RHOC/TMSB10/MYL6/DDX17/RDX/HLA-DPA1/CD74/CCDC85B/HLA-B/HSPB1/ICAM2/DPYSL2/EPAS1/IFITM2/GNAI2/GIMAP4/ARGLU1/ARL6IP1/SLC14A1","CELLTYPE"
"LAKE_ADULT_KIDNEY_C2_PODOCYTES","LAKE_ADULT_KIDNEY_C2_PODOCYTES",99,0.382601488541859,1.40543944212007,0.0286248645173472,0.238986029310789,0.214428567652287,1697,"tags=26%, list=14%, signal=23%","ARHGEF12/ROCK1/CSPP1/KCNQ1OT1/ANKRD36/DYNC2H1/CAST/MACF1/EEA1/CCDC91/AHNAK/ITGA1/PALLD/KIF1B/ERC1/SLK/LUC7L3/SPAG16/MSI2/ANKRD11/RDX/AKT3/FNDC3B/SRGAP2/UTRN/GOLIM4","CELLTYPE"
"LAKE_ADULT_KIDNEY_C26_MESANGIAL_CELLS","LAKE_ADULT_KIDNEY_C26_MESANGIAL_CELLS",105,0.38161561106417,1.40508907960664,0.0283724406679879,0.238986029310789,0.214428567652287,2048,"tags=30%, list=17%, signal=25%","JUN/HSPA1A/ROCK1/SYNE1/DUSP1/DOCK8/NKTR/AKAP9/HSPH1/HERC1/ZFP36L1/MAP3K5/AHNAK/TSC22D1/ITGA1/PALLD/EPB41L2/DAPK2/EGR1/RAPGEF2/IGFBP7/HIPK2/FRMD4A/PDGFRB/ANKRD11/AKT3/UTRN/HSPB1/SSBP2/HSPA1B/EPAS1","CELLTYPE"
"DESCARTES_FETAL_PLACENTA_PAEP_MECOM_POSITIVE_CELLS","DESCARTES_FETAL_PLACENTA_PAEP_MECOM_POSITIVE_CELLS",31,-0.497713290618556,-1.50599753977696,0.0332313348256396,0.270093375432854,0.242339419561307,3421,"tags=55%, list=29%, signal=39%","ASRGL1/RAB2A/POU5F1/SGPP2/SIK2/MYO5C/PER2/LY86-AS1/UBE2D2/SLC18A2/SLC6A6/ANKRD37/RORC/ENPP5/STK33/ERN1/SAMD12","CELLTYPE"
"MURARO_PANCREAS_PANCREATIC_POLYPEPTIDE_CELL","MURARO_PANCREAS_PANCREATIC_POLYPEPTIDE_CELL",65,0.422860583547217,1.45951291577536,0.0334401321964485,0.270093375432854,0.242339419561307,2272,"tags=31%, list=19%, signal=25%","PTP4A3/TUBB2A/KCNQ1OT1/MALAT1/CAMK2N1/DEPTOR/ITM2C/SREK1/CARD11/EGR1/TMOD1/ATP8A1/CDKN1A/PGM5P2/STX11/PCSK1N/ABCA5/REV3L/GNAS/RFX1","CELLTYPE"
"TRAVAGLINI_LUNG_NATURAL_KILLER_CELL","TRAVAGLINI_LUNG_NATURAL_KILLER_CELL",124,-0.341769040504768,-1.32546474599667,0.0341118029988096,0.27203083404114,0.244077790944181,2110,"tags=27%, list=18%, signal=22%","CNOT6L/MAPK1/S1PR5/AKNA/SLA2/ETS1/MAPRE2/SPON2/CHST2/TBX21/GNG2/CALM1/LITAF/RUNX3/ARL4C/CTSW/B2M/DUSP2/AKR1C3/TMIGD2/RAP1B/TFDP2/ID2/HLA-C/DDIT4/CD300A/ISG20/PIP4K2A/PRDM1/TXK/GPR65/ZBTB16/KLRB1","CELLTYPE"
"AIZARANI_LIVER_C7_EPCAM_POS_BILE_DUCT_CELLS_2","AIZARANI_LIVER_C7_EPCAM_POS_BILE_DUCT_CELLS_2",94,0.373531284044437,1.36945487870394,0.0347975556510072,0.274030750751682,0.245872202428827,2425,"tags=28%, list=20%, signal=22%","NUAK2/MYADM/SLC12A7/LLGL2/MAFF/CTBP2/ATF3/FGFR2/CXADR/CAMK2N1/TESC/WEE1/TPM4/EGR1/S100A6/CD151/TOB2/CCND1/ANXA5/SPINT1/ATP1B1/TM7SF3/ANXA2/EMP2/ACTG1/RAB3IP","CELLTYPE"
"BUSSLINGER_DUODENAL_TRANSIT_AMPLIFYING_CELLS","BUSSLINGER_DUODENAL_TRANSIT_AMPLIFYING_CELLS",156,-0.329281889602133,-1.31684143527238,0.0355091539650259,0.276182308616868,0.247802672894333,3657,"tags=37%, list=31%, signal=26%","RPL29/RPL9/ALDOA/COX7B/HINT1/PTMA/COX6C/RPS27A/RPL18A/RPS3A/TFRC/COX6A1/RPS13/RPS7/NPM1/RPS5/HNRNPC/EEF1A1/RPL5/DBI/TPI1/EEF1B2/KRT18/RPL34/RPS4X/HNRNPA1/RPS6/ENO1/TXN/NDUFA1/RPL4/RAN/TM9SF3/SLC25A3/RPL3/RPL10/RPL15/COX7A2/EIF3L/RPS14/ESD/HSP90B1/GSTP1/RPL17/NDUFB9/EEF1G/HMGB1/RPLP0/RPL10A/AKR1C3/EEF2/RPL6/NCL/RPL7/CANX/YBX1/RBM3","CELLTYPE"
"MURARO_PANCREAS_ACINAR_CELL","MURARO_PANCREAS_ACINAR_CELL",485,-0.257521572082715,-1.16997914380462,0.0361887761699639,0.278035719354601,0.24946563290463,2205,"tags=23%, list=19%, signal=20%","ATF4/STK24/RPL36AL/RPL4/TCEA3/FKBP1A/ZNF117/SLC39A14/SNAP23/TM9SF3/PSAT1/CTRL/ENC1/CCNG1/MTMR12/NEDD4L/PPIF/ZFAND5/LDHB/SOX4/RPL10/RPL36A/LTB/CAPN2/NFE2L2/SEL1L3/GMNN/NDRG1/MSN/MAGT1/SYTL2/SAV1/EIF3L/XPNPEP1/DNAJC3/STAT6/GSTP1/SSR3/EIF3F/MLXIP/SORD/PLSCR1/HERPUD1/PRPS2/RPL17/B2M/CNN3/EEF1G/SLC38A2/TST/RND1/DAG1/CCND2/TOB1/POLDIP2/RPLP0/RPL10A/CYB5A/MCFD2/CD44/LRRC59/ATRN/CREG1/AKR1C3/NET1/DUSP16/EIF3E/EEF2/UGDH/SMAD3/TMED2/TRIB2/TNFAIP3/FTH1/PRDX4/PARD6B/FAM13A/ITGA6/ACTN4/TNFAIP8/IMPDH2/SPCS3/SUCLG2/TMEM41A/IFNGR1/YWHAZ/SLC38A1/MTHFD2/P4HB/ADAMTS1/B4GALT1/C1R/NTN4/RPL7/SERP1/PDP1/OSTC/TSPAN15/HLA-C/PGM1/CASP4/TRAM1/TOR1AIP2/PARVA/CCNC/CEBPD/FAM107B/TSPAN6/RBM3/KLF3/MYC/CD47","CELLTYPE"
"TRAVAGLINI_LUNG_EREG_DENDRITIC_CELL","TRAVAGLINI_LUNG_EREG_DENDRITIC_CELL",443,0.284201240946081,1.22640334820276,0.0368543762672401,0.279738036727244,0.25099302543447,2468,"tags=27%, list=21%, signal=22%","RHOB/HLA-DRB5/HLA-DMB/SH3BP5/HLA-DMA/ITGAX/HLA-DPB1/CCDC88A/VASP/LAT2/SKIL/N4BP1/TYMP/HLA-DRB1/CDV3/EMP3/ID3/DUSP1/S100A10/CHSY1/HLA-DOA/HLA-DRA/CLIC1/AHR/ATF3/SPI1/IER3/HLA-DQA2/TOM1/IER5/ZFP36L1/RAP2A/SLAMF8/JUND/S100A11/NCOR2/LGALS1/SAT1/GNG5/PDE4A/PLEC/MIR22HG/TPM4/AHNAK/DUSP6/VAMP8/SLC39A1/RHOU/ATP6V0C/EPB41L2/GABARAP/HLA-DQA1/SLC11A1/HCK/KCNN4/CTNNA1/HLA-DQB2/GADD45B/CDKN1A/HIPK2/S100A6/UPP1/PTPN1/ZC3H12A/TMSB10/ARHGAP18/FGR/MYL6/RPS26/ITGA5/KDM6B/HLA-DPA1/NOP10/CD74/SPHK1/CST3/STX6/SHOC2/GAPDH/TTYH3/CD58/MKKS/G0S2/GPR183/AKAP13/HLA-DRB6/RAB20/MCL1/AMPD2/ANXA5/DPYSL2/FGL2/LILRB3/ZYX/RIPK2/KTN1/RNASE6/EPAS1/CLEC7A/PNRC1/CD14/CHMP4B/SERPINB9/DDX21/IQSEC1/ANXA2/RNF149/SLC25A37/GNAI2/KPNA4/JMJD1C/ACTG1/MT2A/DSE/TRMT6/HNRNPAB/MXD1/HLA-DQB1/DUSP4","CELLTYPE"
"HAY_BONE_MARROW_CD34_POS_PRE_B","HAY_BONE_MARROW_CD34_POS_PRE_B",46,-0.431582586346816,-1.43142247229423,0.0377538506902108,0.279822658056856,0.251068951339234,507,"tags=17%, list=4%, signal=17%","ACSM3/CCDC69/BACH2/C16orf74/NEIL1/RCSD1/TRAM1/AFF3","CELLTYPE"
"BUSSLINGER_DUODENAL_MATURE_ENTEROCYTES","BUSSLINGER_DUODENAL_MATURE_ENTEROCYTES",119,0.362872500914304,1.35821616286919,0.0376543555614764,0.279822658056856,0.251068951339234,2788,"tags=35%, list=23%, signal=27%","KLF6/ACAA1/HLA-DRB1/SLC12A7/HLA-DRA/REEP6/GALE/CAMK2N1/SMPD3/GSDMB/PLEC/SLC4A7/AHNAK/POR/RHOC/SAT2/TRIP10/GADD45B/PCK2/CDKN1A/S100A6/CD151/CD74/OGDH/HERC4/MICALL2/HSPB1/AGPAT2/TJAP1/SPINT1/ABHD3/SLC36A1/ACOX1/SLC25A37/MXD1/PLIN2/GPX4/HOOK2/ATG4B/CTSD/DGAT1/INF2","CELLTYPE"
"RUBENSTEIN_SKELETAL_MUSCLE_PERICYTES","RUBENSTEIN_SKELETAL_MUSCLE_PERICYTES",86,0.388352243013871,1.40713933428397,0.0395788119194354,0.287442707881479,0.257905988525237,1384,"tags=21%, list=12%, signal=19%","RHOB/TECR/TPM2/MALAT1/CHCHD10/CD9/CRIP2/TESC/LGALS1/ITM2C/PDLIM1/IGFBP7/ISYNA1/MGST3/CD151/CRIP1/C12orf57/PDGFRB","CELLTYPE"
"LAKE_ADULT_KIDNEY_C8_DECENDING_THIN_LIMB","LAKE_ADULT_KIDNEY_C8_DECENDING_THIN_LIMB",230,-0.288814929951797,-1.22690115646969,0.0396944691836328,0.287442707881479,0.257905988525237,3065,"tags=34%, list=26%, signal=26%","RPS13/RPS7/NACA/BTF3/MYL12A/NPM1/TPM3/RPS5/EIF4G2/HNRNPC/EEF1A1/XRCC5/RPL5/HNRNPR/TPI1/EEF1B2/KRT18/RPL34/ASAH1/RPS4X/RPSA/ACSL4/BTG1/PPIB/RPS6/CCNI/ENO1/PDIA3/RPL4/SERBP1/YWHAB/RAN/CD164/ADAM10/RPL3/TMBIM6/LDHB/RPL10/CAPN2/NFE2L2/VCL/RPL15/PLEKHA1/CTSB/CALM1/ITM2B/NDUFA4/LITAF/REEP5/RPS14/HSP90B1/GSTP1/TMEM59/EID1/B2M/IL6ST/HMGB1/RPLP0/RPL10A/CYB5A/EEF2/RPL6/ATP6V1G1/FTH1/NCL/DYNLT1/LMAN1/SLC38A1/PGK1/TXNIP/ADAMTS1/RPL7/CANX/YBX1/CIRBP/PFKFB3/CNBP/EIF5/CEBPD","CELLTYPE"
"HE_LIM_SUN_FETAL_LUNG_C1_PROXIMAL_SECRETORY_2_CELL","HE_LIM_SUN_FETAL_LUNG_C1_PROXIMAL_SECRETORY_2_CELL",108,-0.348662728622574,-1.33189618198363,0.0417441695080294,0.298850304432483,0.26814137590684,1759,"tags=21%, list=15%, signal=18%","TIAM1/CFH/MFSD6/SYTL2/ARHGDIB/DDI2/CTSW/EBF4/ARHGAP32/TSPAN5/ATP2A3/ANXA1/SAMHD1/SLC15A2/MPZL3/TNFAIP8/EPS8L1/ISG20/LRIG1/LNX1/PLXND1/MYC/HPGD","CELLTYPE"
"DURANTE_ADULT_OLFACTORY_NEUROEPITHELIUM_CD8_T_CELLS","DURANTE_ADULT_OLFACTORY_NEUROEPITHELIUM_CD8_T_CELLS",65,-0.393846008315581,-1.39039847495992,0.04339554908952,0.30376884362664,0.27255450129909,1665,"tags=23%, list=14%, signal=20%","LEPROTL1/CCL4/ARHGDIB/RUNX3/ARL4C/CTSW/DUSP2/TNFAIP3/IL7R/CKLF/ID2/CXCR6/ZFP36L2/CXCR4/KLRB1","CELLTYPE"
"FAN_EMBRYONIC_CTX_NSC_2","FAN_EMBRYONIC_CTX_NSC_2",174,0.332907393493257,1.30920589359221,0.0432525951557093,0.30376884362664,0.27255450129909,2595,"tags=29%, list=22%, signal=23%","CKAP2/DCXR/CKAP5/KIF20B/MED19/RPL39L/CENPE/KIF22/MKI67/DDX39A/TPM2/CLIC1/CDCA8/RASSF1/PTTG1/PPP2R5D/LGALS1/CEP44/ATAD5/HIRIP3/ASPM/CDC25B/CNTRL/VRK3/CCDC18/G2E3/TTF2/LMNB1/KIF5B/CENPM/PHF19/ARHGAP11A/WDR54/MKKS/ANP32E/CENPN/KIF18A/KPNA2/NCAPG2/PRC1/FAM110A/EZH2/BUB3/UBE2T/POC1A/CKS2/SMTN/RFC3/ARL6IP1/CCDC34/RANGAP1","CELLTYPE"
"LAKE_ADULT_KIDNEY_C20_COLLECTING_DUCT_INTERCALATED_CELLS_TYPE_A_CORTEX","LAKE_ADULT_KIDNEY_C20_COLLECTING_DUCT_INTERCALATED_CELLS_TYPE_A_CORTEX",87,0.372944128073919,1.35260463446055,0.0472854640980736,0.327360905294355,0.293722316028519,1398,"tags=23%, list=12%, signal=20%","BDP1/CLIP1/DOCK8/AKAP9/RERE/PLCG2/RBM25/RUFY3/SCAPER/SKAP1/PNISR/RAPGEF2/LUC7L3/PPP1R12B/HIPK2/SNTB1/KANSL1L/SETBP1/MSI2/ARHGAP18","CELLTYPE"
"MANNO_MIDBRAIN_NEUROTYPES_HGABA","MANNO_MIDBRAIN_NEUROTYPES_HGABA",467,0.276745131036152,1.20436879156207,0.0482866043613707,0.330658268996343,0.296680852883937,2556,"tags=25%, list=21%, signal=20%","ARHGEF12/ANKRD36B/SH3BP5/DLG3/BDP1/IRGQ/CCDC88A/UBQLN2/TBC1D2B/OPTN/CLIP1/FKBP15/SLC25A22/KCNQ1OT1/CAPRIN2/AKAP9/KCTD7/HERC1/FRS3/SLC5A3/CPEB2/MYCBP2/ARID4A/CXADR/CAMK2N1/SCN8A/ZMYND8/SMPD3/ANKRD36/RHOT2/BLCAP/RUFY3/ARL8A/CCPG1/EEA1/APC/VPS53/HERC2P2/C1orf35/KLC1/DOCK3/CATSPERG/SEC31B/SYNGR3/PRRC2B/ARFGEF1/CMIP/PDE4DIP/DNAJB14/APBA2/ATP8A1/GOLGA8A/DOK6/OTUD4/MAST4/ATRX/SOCS7/CABP4/CDC42EP3/TCERG1/GPRIN3/SLC25A12/GNPTAB/RAI1/FGF9/LUC7L/RUFY2/IKZF4/NPDC1/BRD1/SMARCC2/GOLGA7B/CACNB3/COMTD1/ANKIB1/CHD3/KIF3A/KCNA3/TRIM46/GIGYF1/MICAL3/TNK2/MEGF9/NCAM1/FHOD3/FADS3/KIFAP3/ATP1B1/ATP1A3/TTC14/NAPB/ANKAR/REV3L/PILRB/HIVEP3/RUSC1/IKZF3/RFX7/ADAP1/NLK/ZMAT1/ATCAY/SORBS1/TANC2/AHDC1/ZNF77/CITED2/GOLGA3/RAB3B/DUSP4/KIF21A/ZBTB38/CHIC1/TRIM58/CPEB4/PLXNA3","CELLTYPE"
"JONES_OVARY_MAST_CELL","JONES_OVARY_MAST_CELL",20,0.56367965923652,1.51376849722597,0.0498154981549815,0.335516855727752,0.301040186342194,1538,"tags=35%, list=13%, signal=31%","S100A11/CD9/PALLD/PDLIM1/ARHGAP18/MYL6/PKIG","CELLTYPE"
"BUSSLINGER_GASTRIC_PREZYMOGENIC_CELLS","BUSSLINGER_GASTRIC_PREZYMOGENIC_CELLS",30,0.514740087970164,1.50345896915972,0.0526315789473684,0.335516855727752,0.301040186342194,1398,"tags=33%, list=12%, signal=29%","JUN/IER2/AKAP9/CXADR/SRRM2/PABPC4/GOLGB1/EGR1/GADD45B/ARHGAP18","CELLTYPE"
"DESCARTES_FETAL_LUNG_CILIATED_EPITHELIAL_CELLS","DESCARTES_FETAL_LUNG_CILIATED_EPITHELIAL_CELLS",101,0.365537682942244,1.35181516165201,0.0507880910683012,0.335516855727752,0.301040186342194,3185,"tags=33%, list=27%, signal=24%","C10orf95/HAGHL/CSPP1/RPGR/ZMYND10/DLEC1/SLC27A2/LEKR1/FHAD1/CCDC78/DNAAF2/KIF27/IL5RA/ULK4/SPAG16/LRRIQ3/GOLGA2P5/WDR54/DTHD1/CERKL/RSPH9/PPOX/ASB14/SPAG8/DNAL1/ROPN1L/FBXW9/CAPS/TRAF3IP1/EFHC1/CEP19/DNAH1/NUDT7","CELLTYPE"
"CUI_DEVELOPING_HEART_VASCULAR_ENDOTHELIAL_CELL","CUI_DEVELOPING_HEART_VASCULAR_ENDOTHELIAL_CELL",106,0.359718883946581,1.32683874006281,0.0527240773286467,0.335516855727752,0.301040186342194,1715,"tags=24%, list=14%, signal=20%","JUN/RHOB/ANKRD36B/HSPA1A/IER5L/IER2/SKIL/EMP3/LIMA1/CLU/HEG1/TSC22D1/KCNN4/PROCR/SWAP70/SULF2/GADD45B/IGFBP7/ITSN2/CD151/CDC42EP3/NPDC1/CST3/GOLIM4/CD58","CELLTYPE"
"JONES_OVARY_PERICYTE","JONES_OVARY_PERICYTE",84,0.368795097602043,1.32417102795973,0.0519713261648745,0.335516855727752,0.301040186342194,2603,"tags=35%, list=22%, signal=27%","RHOB/PTP4A3/TPM2/CHCHD10/S100A11/CD9/CRIP2/LGALS1/ITGA1/PALLD/PDLIM1/LMNA/IGFBP7/ISYNA1/CD151/CRIP1/PDGFRB/MYL6/PKIG/UTRN/HLA-B/EPAS1/IFITM2/EMP2/MT1E/MT2A/NDRG2/RRAS/MUSTN1","CELLTYPE"
"GAUTAM_EYE_IRIS_CILIARY_BODY_PIGMENTED_CILIARY_BODY_CELLS","GAUTAM_EYE_IRIS_CILIARY_BODY_PIGMENTED_CILIARY_BODY_CELLS",85,0.366410208919578,1.32130062123194,0.0500894454382826,0.335516855727752,0.301040186342194,1429,"tags=22%, list=12%, signal=20%","CDK5RAP3/TECR/CHD4/NBPF10/TIA1/PPFIBP2/DHPS/AKT1/ACACB/RUFY3/PNISR/DAPK2/PDE4DIP/GOLGA8A/FNBP4/MSI2/LENG8/MYL6/CCBE1","CELLTYPE"
"DESCARTES_FETAL_CEREBRUM_MICROGLIA","DESCARTES_FETAL_CEREBRUM_MICROGLIA",215,0.314704931422672,1.26387850870833,0.0518134715025907,0.335516855727752,0.301040186342194,2408,"tags=25%, list=20%, signal=20%","HLA-DMB/TRPM2/ATP8B4/ITGAX/CARD14/LAT2/TYMP/APOBR/DOCK8/TRAF3IP3/NCF4/SPI1/CDKN2A/BLVRB/CAPG/MR1/ARHGAP30/RIN3/PLCG2/DIAPH2/SLFN11/BATF/CARD11/OSBPL11/SLC11A1/FMN1/PCK2/LRRC25/CYTH4/CX3CR1/HFE/CEACAM21/SIRPB1/HSPA6/CD74/APBB1IP/MAST3/CD37/GPR183/RAB20/LILRB3/SNX29/IGFLR1/RNASE6/CLEC7A/CD48/EXPH5/ARRDC5/RNF149/CSF3R/TRIM22/SP140/ITGAL","CELLTYPE"
"AIZARANI_LIVER_C29_MVECS_2","AIZARANI_LIVER_C29_MVECS_2",163,0.326512496761656,1.27580224818189,0.053448275862069,0.336724137931035,0.302123411978221,1542,"tags=25%, list=13%, signal=22%","ITM2A/MYADM/RPGR/ID3/S100A10/CHSY1/MAFF/LIMA1/JUND/CD9/CRIP2/VIM/HEG1/PLEC/MIR22HG/TAGLN2/TPM4/AHNAK/DUSP6/TSC22D1/PDLIM1/ADAMTS4/ITPKC/SWAP70/CMIP/SULF2/CDKN1A/LMNA/CTNNAL1/SERPINB6/IGFBP7/MAST4/UPP1/LUZP1/CD151/CDC42EP3/TMSB10/ITGA5/KDM6B/PKIG/NPDC1","CELLTYPE"
"DURANTE_ADULT_OLFACTORY_NEUROEPITHELIUM_CD4_T_CELLS","DURANTE_ADULT_OLFACTORY_NEUROEPITHELIUM_CD4_T_CELLS",26,-0.50055943382548,-1.46049666860124,0.0559139784946237,0.341169724770642,0.30611218413005,823,"tags=23%, list=7%, signal=22%","LTB/ARHGDIB/TNFAIP3/IL7R/CXCR4/KLRB1","CELLTYPE"
"HAY_BONE_MARROW_CD34_POS_MKP","HAY_BONE_MARROW_CD34_POS_MKP",17,-0.552102210091936,-1.45918554842065,0.0579710144927536,0.341169724770642,0.30611218413005,1993,"tags=47%, list=17%, signal=39%","TTC27/TPI1/SLC18A2/RAB38/PPIF/PDIA5/SLC37A1/EFHC2","CELLTYPE"
"HE_LIM_SUN_FETAL_LUNG_C5_CD5_NEG_MATURE_B_CELL","HE_LIM_SUN_FETAL_LUNG_C5_CD5_NEG_MATURE_B_CELL",40,-0.439255863340077,-1.41949912679274,0.0585042093158872,0.341169724770642,0.30611218413005,1346,"tags=25%, list=11%, signal=22%","SELL/NR4A3/DUSP2/CD44/CCR7/NCR3/SPOCK2/IL10RA/CCR6/GPR65","CELLTYPE"
"ZHENG_CORD_BLOOD_C6_HSC_MULTIPOTENT_PROGENITOR","ZHENG_CORD_BLOOD_C6_HSC_MULTIPOTENT_PROGENITOR",71,0.391526158611111,1.36154010022885,0.0569395017793594,0.341169724770642,0.30611218413005,1515,"tags=25%, list=13%, signal=22%","HLA-DRB5/HLA-DMB/HLA-DPB1/LPAR6/HLA-DRB1/DUSP1/MAFF/TPM2/HLA-DRA/ARPC5L/SAT1/TSC22D1/HLA-DQA1/MAFG/PTPRC/KAT6A/HLA-DPA1/CD74","CELLTYPE"
"HE_LIM_SUN_FETAL_LUNG_C1_PULMONARY_NE_PRECURSOR_CELL","HE_LIM_SUN_FETAL_LUNG_C1_PULMONARY_NE_PRECURSOR_CELL",94,0.36048094112035,1.32160920539743,0.0565371024734982,0.341169724770642,0.30611218413005,3594,"tags=46%, list=30%, signal=32%","OPTN/SYT11/REXO1/SMPD3/DUSP10/CLIP3/PPP2R5B/STX1A/SPECC1/AMIGO2/AKT3/NPDC1/COMTD1/PNPLA7/EFHD2/HES6/TRIM46/RINL/ABCA5/NCAM1/WIPI1/DMPK/IQSEC1/CCDC28B/RIC3/RAB3B/GNB5/USP20/LMBRD2/EPB41L4A/CASZ1/MAP1B/FBXW7/RAP1GAP2/PTPRN2/TBC1D24/BAIAP3/EGLN3/GCNT1/SLCO3A1/GNG4/GDAP1/LFNG","CELLTYPE"
"SU_HO_CONV_CENT_CHONDROSARCOMA_LEUKOCYTE_C0_M1_MACROPHAGE","SU_HO_CONV_CENT_CHONDROSARCOMA_LEUKOCYTE_C0_M1_MACROPHAGE",186,0.319957606610203,1.26710012835848,0.0590277777777778,0.341169724770642,0.30611218413005,2148,"tags=23%, list=18%, signal=19%","KLF6/RHOB/HLA-DMB/HLA-DMA/HLA-DPB1/HSPA1A/LPAR6/TYMP/HLA-DRB1/DUSP1/MAFF/HLA-DRA/IER3/ZFP36L1/DDAH2/SAT1/CD81/MIR22HG/DUSP6/PABPC4/HLA-DQA1/EGR1/MAFG/GADD45B/CDKN1A/KDM6B/HSPA6/STX11/HLA-DPA1/CD74/GOLIM4/TTYH3/G0S2/GPR183/AKAP13/MCL1/FGL2/HSPA1B/CLEC7A/PNRC1/CD14/SERPINB9","CELLTYPE"
"DESCARTES_FETAL_CEREBRUM_MEGAKARYOCYTES","DESCARTES_FETAL_CEREBRUM_MEGAKARYOCYTES",221,0.308701086337454,1.24265064056154,0.0552677029360967,0.341169724770642,0.30611218413005,1736,"tags=20%, list=15%, signal=18%","BBC3/TSPAN32/RUFY1/IER5L/HAGHL/CISH/C11orf21/ENDOV/CENPT/TECR/AHR/SRF/RASSF7/DIAPH1/PIM1/HEXIM1/CD226/CEP44/IRF2BP1/TOMM34/PPP1R35/SKAP1/STK11/LIPC/DGKD/DOK2/LANCL3/GPR137/MCTP2/RHOF/CTNNAL1/MPND/NBEAL2/THOC6/PHF13/WDR24/STX11/PPBP/RHD/B9D2/NEK8/TALDO1/KCNA3/CD58/TLN1","CELLTYPE"
"FAN_OVARY_CL13_MONOCYTE_MACROPHAGE","FAN_OVARY_CL13_MONOCYTE_MACROPHAGE",401,0.28176461964453,1.20235441792496,0.0574712643678161,0.341169724770642,0.30611218413005,2174,"tags=22%, list=18%, signal=19%","HLA-DRB5/HLA-DMB/STX4/HLA-DMA/HLA-DPB1/HSPA1A/VASP/ACAA1/TYMP/HLA-DRB1/EMP3/DUSP1/PPP1R18/DDX39A/S100A10/HLA-DRA/CLIC1/AHR/SPI1/RAB10/BLVRB/IER3/CHCHD10/CAPG/PYCARD/S100A11/CNPY3/LGALS1/SAT1/GNG5/MIR22HG/TAGLN2/VAMP8/DOK2/GABARAP/HLA-DQA1/SQSTM1/PDE4DIP/CIB1/CDKN1A/LMNA/GPSM3/S100A6/UPP1/PTPN1/CFP/PTPRC/CDC42EP3/CRIP1/FGR/MYL6/HSPA6/STX11/HLA-DPA1/NOP10/CD74/SPHK1/CST3/HCST/EFHD2/TALDO1/GAPDH/LAMTOR2/CD58/OSTF1/CSTB/CD37/G0S2/GPR183/WAS/ANXA11/AKAP13/HLA-B/HSPB1/ANXA5/FGL2/CYBA/BAX/MYO9B/RNASE6/CLEC7A/CD48/FXYD5/TXNRD1/CD14/CHMP4B/ATP6V1F/SERPINB9/LIMD2","CELLTYPE"
"MURARO_PANCREAS_MESENCHYMAL_STROMAL_CELL","MURARO_PANCREAS_MESENCHYMAL_STROMAL_CELL",410,-0.260705005233265,-1.17398264140611,0.0571469580265317,0.341169724770642,0.30611218413005,2355,"tags=24%, list=20%, signal=20%","CLIC4/TIMM17A/ENO1/CTDSP2/TXN/ARID5B/PTDSS1/RCN1/ATF4/STK24/RPL4/EXT1/ITPRIP/RAN/PSAT1/ENC1/GOLT1B/SLC25A3/ETS1/AXL/SPON2/LDHB/RPL10/ARF4/CBLB/VCL/CAP1/RIC8A/COL5A1/CTSB/MSN/KDELR2/ITGB1BP1/PEAK1/SRM/YIPF5/LITAF/RNF168/ARL4C/SSR3/LATS2/EID1/TSPAN5/CNN3/SLC38A2/HOXB2/ANXA1/LTBP2/BZW1/HMGB1/IKBIP/RPLP0/RPL10A/GPX8/RCAN1/LRRC59/SEC31A/SNX9/EEF2/CYTH3/PPFIBP1/NOTCH2/JARID2/RCN2/PGAM1/HIC1/RAP1B/RBMS1/TPST1/DEGS1/EIF3M/CEBPB/SPON1/MTHFD2/DUSP5/SRXN1/IGFBP4/SYNCRIP/COPA/SEC23A/B4GALT1/C1R/FYN/OSTC/YBX1/DDIT4/MAX/COL5A3/PRDM1/SYNJ2/ARL8B/CALU/GFPT2/PARVA/ABCA1/NCK2/VSTM4/RBM3/ZNF532/MYC","CELLTYPE"
"TRAVAGLINI_LUNG_BASOPHIL_MAST_1_CELL","TRAVAGLINI_LUNG_BASOPHIL_MAST_1_CELL",191,0.320089924619326,1.27276218528764,0.0605536332179931,0.34368278312915,0.308367008421643,2605,"tags=35%, list=22%, signal=27%","JUN/CYSTM1/LAT2/TMEM44/MYADM/DUSP1/CAPG/CLU/CD9/SLC27A2/VIM/DUSP10/HS6ST1/TESC/DYNLL1/SLC26A2/DUSP6/TSC22D1/ARL2/BATF/ITM2C/COL18A1/ARMCX3/EGR1/AKIP1/SQSTM1/PROCR/SWAP70/MAGED2/TMOD1/LMNA/TDRD3/IL5RA/SEC22C/MAST4/NDUFAF3/ARHGAP18/GNPTAB/SLC1A5/ACER3/PKIG/TNIK/TMEM154/FER/VMP1/ANXA11/AKAP13/FHL3/GRAP2/SLC11A2/EPAS1/ALAS1/FXYD5/ATP6V1F/LTC4S/RAC2/RPS6KA5/PPP1R15A/ING2/CTNNBL1/NDRG2/RGS10/LAX1/CPEB4/COX17/PLIN2","CELLTYPE"
"DESCARTES_FETAL_MUSCLE_MEGAKARYOCYTES","DESCARTES_FETAL_MUSCLE_MEGAKARYOCYTES",161,-0.306296549981262,-1.23329830507194,0.0604964101444059,0.34368278312915,0.308367008421643,2201,"tags=28%, list=18%, signal=23%","STK24/CSNK1D/RIT1/TMED8/REEP4/PSAT1/MAPKAPK3/RCHY1/RAB38/PPIF/CHST2/CTSA/VCL/KIFC3/MKRN1/XPNPEP1/CNST/MTMR9/ANKRD37/ZNF431/TMEM91/TIPIN/DCUN1D1/TP53RK/CA2/MDM1/LZIC/RILP/SLC37A1/COQ10B/UBE2J1/RAP1B/POC5/LRRC8B/ASNSD1/TDP2/GLMN/SLC30A5/GTF3C6/ENOPH1/MAX/CMTM6/EFHC2/TSFM/NIP7","CELLTYPE"
"DESCARTES_FETAL_SPLEEN_MESOTHELIAL_CELLS","DESCARTES_FETAL_SPLEEN_MESOTHELIAL_CELLS",54,0.412432037722322,1.38668467890456,0.0653710247349823,0.364480720517872,0.327027814399494,1512,"tags=26%, list=13%, signal=23%","CYSTM1/DUSP1/S100A10/ATF3/IER3/RASSF7/CXADR/SMPD3/EGR1/ITPKC/PROCR/CDKN1A/CRIP1/FGF9","CELLTYPE"
"JONES_OVARY_ENDOTHELIAL","JONES_OVARY_ENDOTHELIAL",80,0.369048884619624,1.31389967087058,0.0659536541889483,0.364480720517872,0.327027814399494,2729,"tags=38%, list=23%, signal=29%","ITM2A/RHOB/HLA-DPB1/PTP4A3/HLA-DRB1/HLA-DRA/CRIP2/DUSP6/ITGA1/PDLIM1/LMNA/IGFBP7/CD151/EFNA1/ARHGAP18/CD74/PKIG/UTRN/HLA-B/ICAM2/FAM43A/EPAS1/IFITM2/EMP2/MT1E/GIMAP4/RRAS/NFIC/PLK2/IFITM3","CELLTYPE"
"LAKE_ADULT_KIDNEY_C17_COLLECTING_SYSTEM_PCS_STRESSED_DISSOC_SUBSET","LAKE_ADULT_KIDNEY_C17_COLLECTING_SYSTEM_PCS_STRESSED_DISSOC_SUBSET",164,0.321256349649944,1.25384178852678,0.0657439446366782,0.364480720517872,0.327027814399494,1404,"tags=17%, list=12%, signal=15%","ARHGEF12/KLF6/JUN/HSPA1A/IFRD1/SMARCA2/DUSP1/ATF3/LIMA1/HSPH1/HERC1/AHI1/BCAS3/CAST/SAT1/TPM4/AHNAK/COL18A1/PALLD/ERC1/EGR1/SQSTM1/RAPGEF2/LMNA/UBE2H/UPP1/TRPS1/RNF19A","CELLTYPE"
"JONES_OVARY_MACROPHAGE","JONES_OVARY_MACROPHAGE",103,0.35448654804826,1.30980007907436,0.0665499124343257,0.364577781161958,0.327114901393436,2729,"tags=36%, list=23%, signal=28%","RHOB/HLA-DPB1/HLA-DRB1/TPM2/HLA-DRA/CHCHD10/S100A11/CD9/LGALS1/DUSP6/PALLD/SULF2/AEBP1/LMNA/SVIL/IGFBP7/CD151/PDGFRB/ARHGAP18/MYL6/CD74/PKIG/UTRN/HLA-B/ICAM2/EPAS1/IFITM2/EMP2/MT1E/MT2A/GIMAP4/NDRG2/RRAS/MUSTN1/NFIC/PLK2/IFITM3","CELLTYPE"
"GAO_STOMACH_24W_C5_PUTATIVE_PIT_CELL_PROGENITOR","GAO_STOMACH_24W_C5_PUTATIVE_PIT_CELL_PROGENITOR",21,-0.505741701194068,-1.4038335853272,0.0686695278969957,0.372946573923339,0.334623743018936,1534,"tags=43%, list=13%, signal=37%","LRRFIP2/TIMM17A/ALDH1B1/RASSF3/TNFAIP8/BCL2/RPRD1B/DHX35/SMG8","CELLTYPE"
"HE_LIM_SUN_FETAL_LUNG_C0_RESTING_CHONDROCYTE","HE_LIM_SUN_FETAL_LUNG_C0_RESTING_CHONDROCYTE",36,0.487737693935701,1.47820944781239,0.0735490676150653,0.386029411764706,0.346362229102167,1499,"tags=19%, list=13%, signal=17%","ITM2A/FGFRL1/DOCK8/FGFR2/PDE4DIP/CDC42EP3/HSPA6","CELLTYPE"
"DESCARTES_MAIN_FETAL_DUCTAL_CELLS","DESCARTES_MAIN_FETAL_DUCTAL_CELLS",20,0.542893651692657,1.45794742423281,0.0756457564575646,0.386029411764706,0.346362229102167,1276,"tags=30%, list=11%, signal=27%","HHEX/IFFO2/SUCLG1/RASSF7/ISYNA1/MPND","CELLTYPE"
"AIZARANI_LIVER_C8_RESIDENT_B_CELLS_1","AIZARANI_LIVER_C8_RESIDENT_B_CELLS_1",24,-0.505027225947402,-1.44695357372838,0.0751072961373391,0.386029411764706,0.346362229102167,2388,"tags=38%, list=20%, signal=30%","SPCS2/ERLEC1/SEL1L3/HSP90B1/HERPUD1/SEC11C/PRDX4/SPCS3/ISG20","CELLTYPE"
"DESCARTES_FETAL_KIDNEY_URETERIC_BUD_CELLS","DESCARTES_FETAL_KIDNEY_URETERIC_BUD_CELLS",32,-0.46772263968615,-1.42474703951288,0.0729613733905579,0.386029411764706,0.346362229102167,957,"tags=16%, list=8%, signal=14%","PRSS22/PERP/BCAS1/SAMD12/HPGD","CELLTYPE"
"GAO_ESOPHAGUS_25W_C3_FGFR1LOW_EPITHELIAL_CELLS","GAO_ESOPHAGUS_25W_C3_FGFR1LOW_EPITHELIAL_CELLS",38,0.450328303775852,1.39228407367251,0.0772058823529412,0.386029411764706,0.346362229102167,1225,"tags=24%, list=10%, signal=21%","TRAF1/IRGQ/RPL39L/DNAJC4/PPP1R9B/GPC1/MFSD3/PWWP2A/ISYNA1","CELLTYPE"
"DURANTE_ADULT_OLFACTORY_NEUROEPITHELIUM_MAST_CELLS","DURANTE_ADULT_OLFACTORY_NEUROEPITHELIUM_MAST_CELLS",54,-0.392162379760669,-1.34718024142977,0.073394495412844,0.386029411764706,0.346362229102167,1660,"tags=24%, list=14%, signal=21%","CCL4/CSF1/NR4A3/DUSP2/CREM/CD44/TNFAIP3/FTH1/SRGN/CKLF/DDIT4/GPR65/HPGD","CELLTYPE"
"DESCARTES_MAIN_FETAL_MICROGLIA","DESCARTES_MAIN_FETAL_MICROGLIA",79,-0.354215520551747,-1.2970183098141,0.0765765765765766,0.386029411764706,0.346362229102167,1306,"tags=20%, list=11%, signal=18%","MKNK1/MGAT4A/ANKH/ATG7/RABEP1/CREG1/IPCEF1/ENTPD1/IFNGR1/NAA20/LRRC8C/TLR1/LRCH1/SMAP2/NCK2/IRAK2","CELLTYPE"
"HE_LIM_SUN_FETAL_LUNG_C2_PDC_CELL","HE_LIM_SUN_FETAL_LUNG_C2_PDC_CELL",95,0.345649543420999,1.27482310913315,0.0749128919860627,0.386029411764706,0.346362229102167,1622,"tags=22%, list=14%, signal=19%","CXCR3/SLC15A4/ST6GALNAC4/TTC24/IGLL5/A1BG/TMEM8B/TPM2/AHI1/SMPD3/TRAF4/SIT1/ZNF296/CARD11/PTPRCAP/AEBP1/SH2D3C/RECQL5/RELL2/CD7/NEK8","CELLTYPE"
"HU_FETAL_RETINA_BLOOD","HU_FETAL_RETINA_BLOOD",181,0.313827121090791,1.23935162081608,0.0766550522648084,0.386029411764706,0.346362229102167,1529,"tags=15%, list=13%, signal=14%","ITM2A/TSPAN32/DCXR/HHEX/OPTN/EMP3/MKI67/TTLL12/BLVRB/MT1F/PTTG1/PIM1/WDR26/TESC/HSF1/LGALS1/GALNT10/TMEM14C/PCOLCE/TMOD1/PRDX5/S100A6/EPOR/CAPNS1/SPECC1/MYL6/SLC1A5/GALNT2","CELLTYPE"
"DESCARTES_MAIN_FETAL_CILIATED_EPITHELIAL_CELLS","DESCARTES_MAIN_FETAL_CILIATED_EPITHELIAL_CELLS",208,0.305723340238256,1.22294145777854,0.0767888307155323,0.386029411764706,0.346362229102167,3185,"tags=33%, list=27%, signal=24%","C10orf95/HAGHL/CSPP1/RPGR/TTC21B/ANKMY1/DLEC1/CCDC24/AKAP9/HSPH1/LEKR1/PCM1/TMEM107/DYNC2H1/CEP290/CDHR3/DYNLL1/FHAD1/AHSA1/CCDC78/BBS5/DNAAF2/EFCAB2/LRWD1/KIF27/CIB1/VRK3/PRDX5/ULK4/MORN1/SPAG16/UBXN11/GOLGA2P5/IFT43/B9D2/WDR54/DTHD1/CROCC/NAT14/DPY30/C20orf96/RSPH9/ANKRD54/IFT74/FAM86FP/CYB5D1/DNAL4/ASB14/TBC1D8/MAP9/RPL32P3/SPAG8/DNAL1/DPAGT1/P4HTM/IFT52/ROPN1L/FBXW9/DNAJA4/CAPS/KIAA0825/TRAF3IP1/TTC12/EFHC1/DNAH1/SPAG1/PSENEN/NUDT7","CELLTYPE"
"DESCARTES_FETAL_LIVER_VASCULAR_ENDOTHELIAL_CELLS","DESCARTES_FETAL_LIVER_VASCULAR_ENDOTHELIAL_CELLS",22,-0.49916819913746,-1.40020148161167,0.0800865800865801,0.392572283150548,0.352232775358136,2376,"tags=41%, list=20%, signal=33%","NOS3/TSPAN18/F8/KANK3/KIF19/FLT4/DUSP5/KLF8/NTN4","CELLTYPE"
"DURANTE_ADULT_OLFACTORY_NEUROEPITHELIUM_B_CELLS","DURANTE_ADULT_OLFACTORY_NEUROEPITHELIUM_B_CELLS",28,0.488691646956594,1.39663626845678,0.0847457627118644,0.392572283150548,0.352232775358136,2692,"tags=43%, list=23%, signal=33%","HLA-DMB/HLA-DPB1/HLA-DRB1/HLA-DRA/HLA-DQA1/CD74/CD37/GPR183/MS4A1/LIMD2/HLA-DQB1/IRF8","CELLTYPE"
"GAUTAM_EYE_CORNEA_ELF3_HIGH_EPITHELIAL_CELLS","GAUTAM_EYE_CORNEA_ELF3_HIGH_EPITHELIAL_CELLS",101,0.34450016581434,1.27401515376196,0.0823117338003503,0.392572283150548,0.352232775358136,2604,"tags=33%, list=22%, signal=26%","JUN/PLP2/IER5/CLU/DNAJB2/MYCBP2/MIEN1/MBD2/MYO6/SAT1/SQLE/TAGLN2/RHOU/EGR1/PDCD4/KLF10/S100A6/FRMD4A/CRIP1/ANXA11/OSBPL1A/NDUFB2/SPINT1/CLEC7A/NDUFB3/ANXA2/EMP2/MT1E/METTL17/TMEM141/MOCS2/PLEKHN1/COX17","CELLTYPE"
"GAUTAM_EYE_CHOROID_SCLERA_MONOCYTES","GAUTAM_EYE_CHOROID_SCLERA_MONOCYTES",103,0.344637380363647,1.27340817454893,0.0823117338003503,0.392572283150548,0.352232775358136,2009,"tags=26%, list=17%, signal=22%","CNOT3/PSTPIP1/HGS/ARHGAP30/EHBP1L1/TMUB1/AMY2B/DOK1/CDC25B/CIB1/GPSM3/PTPN1/UBXN11/ARAP2/NXT1/CRIP1/ITGA5/ADAM8/STX7/SRGAP2/C4orf33/PML/CNPPD1/MAP4K4/SLC30A1/DPYSL2/BAX","CELLTYPE"
"AIZARANI_LIVER_C32_MVECS_3","AIZARANI_LIVER_C32_MVECS_3",81,-0.346140672548503,-1.27160213107464,0.0846681922196796,0.392572283150548,0.352232775358136,2240,"tags=31%, list=19%, signal=25%","HLA-E/NOS3/PRCP/KLF2/FKBP1A/ITPRIP/TIAM1/NDRG1/SNTB2/ITM2B/MATN2/MAPK7/TRIM56/PECAM1/B2M/SLC38A2/IL6ST/FGFR1/TGFBR3/PPFIBP1/NTN4/SPRY1/FBLN2/PELI2/CEBPD","CELLTYPE"
"MENON_FETAL_KIDNEY_4_PODOCYTES","MENON_FETAL_KIDNEY_4_PODOCYTES",121,0.337818397537949,1.269613431195,0.0806451612903226,0.392572283150548,0.352232775358136,2210,"tags=32%, list=19%, signal=27%","ARHGEF12/MPHOSPH8/CHD4/TBCB/MALAT1/SRRM2/VIM/CAST/CD81/AHNAK/EVL/COL18A1/PALLD/GOLGB1/ARMCX3/RAD50/SLK/ANXA2P2/LUC7L3/HIPK2/S100A6/CD151/ANKRD11/MYL6/DDX17/RDX/FNDC3B/NFE2L1/PRRC2C/GOLIM4/CHD3/NDUFB2/DYNLRB1/ANXA5/BRD2/KTN1/TTC14/MTDH/ANXA2","CELLTYPE"
"GAO_ESOPHAGUS_25W_C4_FGFR1HIGH_EPITHELIAL_CELLS","GAO_ESOPHAGUS_25W_C4_FGFR1HIGH_EPITHELIAL_CELLS",102,-0.331128436902418,-1.2558548196466,0.0837209302325581,0.392572283150548,0.352232775358136,1697,"tags=21%, list=14%, signal=18%","CDC23/TADA2B/GRK5/AFAP1L2/ABHD8/IKBIP/FGFR1/CA2/CRKL/TGFBR3/ZNF761/HIC1/ZNF799/SEH1L/ADAMTS1/KLHL21/FKBP7/COL5A3/ACOT9/ZNF773/VSTM4","CELLTYPE"
"ZHONG_PFC_C3_MICROGLIA","ZHONG_PFC_C3_MICROGLIA",236,0.293643280453475,1.19625968129253,0.0803418803418803,0.392572283150548,0.352232775358136,2378,"tags=26%, list=20%, signal=21%","NECAB1/DLG3/PTP4A3/FXR2/HAGHL/TUBB2A/OPTN/ASPSCR1/SMARCA2/RFNG/ENO2/SAMD4B/DBNDD1/AK1/GPC1/CRIP2/CAMK2N1/AMPH/APBB1/ARL8A/KIF1B/SYNGR3/HIP1R/GOLGA8A/MAST4/RBM4B/PJA1/STX1A/PI4KAP2/FUBP1/CDC42EP3/C12orf57/MAP4/MFSD10/CCBE1/AKT3/NPDC1/AGPAT5/CACNB3/COMTD1/STK25/KIF3A/KCNA3/PCSK1N/AMPD2/NCAM1/DPYSL2/BAIAP2/RNF220/FADS3/KIFAP3/CARM1/EPM2AIP1/ABCA2/SPTAN1/NLK/RIC3/ZFR2/ATCAY/TAB1/TANC2","CELLTYPE"
"FAN_OVARY_CL9_PUTATIVE_APOPTOTIC_ENDOTHELIAL_CELL","FAN_OVARY_CL9_PUTATIVE_APOPTOTIC_ENDOTHELIAL_CELL",294,0.284215586286778,1.18322577999615,0.0833333333333333,0.392572283150548,0.352232775358136,2267,"tags=26%, list=19%, signal=21%","ITM2A/KLF6/HLA-DRB5/SH3BP5/HLA-DMA/HSPA1A/HHEX/LPAR6/SYNE2/HLA-DRB1/DDX39A/IRF7/MAFF/ARPC5L/IER3/MRPL32/CLU/CRIP2/CAST/SAT1/GNG5/PSMA7/TAGLN2/TSC22D1/SRSF4/ARRDC3/AHSA1/PDLIM1/RHOC/IFIT1/SQSTM1/CTNNA1/PLEKHO1/SWAP70/CDKN1A/LUC7L3/LMNA/IGFBP7/MAST4/LUZP1/EFNA1/CDC42EP3/SRSF5/ANKRD11/RDX/NOP10/CD74/NPDC1/PRRC2C/SRSF2/SAFB2/CCDC50/VMP1/MX1/CCDC85B/HLA-B/HSPB1/CHMP5/ANXA5/BRD2/SERTAD1/EPAS1/SNHG7/FXYD5/TXNRD1/CHMP4B/BAG3/IFIT3/DDX21/IFITM2/ANXA2/GNAS/SLC25A37/DNAJA1/HSPA2","CELLTYPE"
"TRAVAGLINI_LUNG_PROXIMAL_BASAL_CELL","TRAVAGLINI_LUNG_PROXIMAL_BASAL_CELL",452,-0.24751040504036,-1.12124684526796,0.0831099195710456,0.392572283150548,0.352232775358136,3112,"tags=33%, list=26%, signal=25%","ECE1/DHRS3/CISD1/SDHD/RPS13/RPS7/NACA/BTF3/GDI2/EIF3I/GYPC/NPM1/LDLRAP1/RPS5/CCT3/OLA1/TSPO/IGBP1/BEX4/STOML2/EEF1A1/XRCC5/CCT7/RPL5/TPI1/PPP1CC/POLR2G/DDOST/GLTP/EEF1B2/PHGDH/RPL34/MDH1/DLK2/PER2/IFI16/NDUFA10/CDKN2C/EIF3H/RPS4X/CLSTN1/TRAP1/RPSA/HNRNPA1/HMGB3/RPS6/CCNI/ENO1/GCHFR/TXN/FAM162A/ARID5B/PSMA2/ANAPC16/HDAC1/RPL4/EPB41L4A-AS1/EIF2A/EIF4B/SERBP1/ITGB4/VDAC2/SLC25A3/RPL3/RAB38/ZFYVE21/MYL6B/LDHB/RPL10/RBMX/SEMA5A/FAM210B/NFE2L2/CDC42SE1/HADHA/RPL15/GMNN/CTSB/ITM2B/UBE2E3/NOB1/EIF3L/DEK/RPS14/AKR1A1/GSTP1/PDHB/EIF3F/SORD/HERPUD1/EID1/XRCC6/RPL17/PCNA/EEF1G/ANXA1/PSMB7/HMGB1/TOB1/NDUFS4/RPLP0/RPL10A/ABI1/SUCLA2/RAB34/NET1/SLC15A2/EIF3E/EEF2/ISOC2/AQP3/FCGRT/RPL6/BEND5/RCN2/PGAM1/NCL/PIK3IP1/SUMO2/TNFAIP8/IMPDH2/EIF3M/C1QBP/DECR1/IGFBP4/P4HB/PGK1/PERP/TXNIP/BLOC1S2/RPL7/RAB4A/MRPL40/TOMM22/YBX1/C16orf74/GLUD1/PMPCB/CIRBP/DDIT4/KRCC1/CNBP/SPRY1/ASPH/CMTM7/ZFP36L2/PFKP/RSL1D1/AVPI1","CELLTYPE"
"BUSSLINGER_GASTRIC_CHIEF_CELLS","BUSSLINGER_GASTRIC_CHIEF_CELLS",28,0.48439127819277,1.38434620575426,0.0866290018832392,0.39731414156403,0.356487375137651,1616,"tags=29%, list=14%, signal=25%","JUN/DCXR/IER2/MT1F/TSC22D1/PABPC4/CST3/FNDC3B","CELLTYPE"
"SU_HO_FOETAL_FEMUR_C5_ENDOTHELIAL_CELL","SU_HO_FOETAL_FEMUR_C5_ENDOTHELIAL_CELL",237,0.291007976156824,1.18527460384303,0.0870307167235495,0.39731414156403,0.356487375137651,2291,"tags=26%, list=19%, signal=21%","KLF6/RHOB/PLEKHO2/SH3BP5/HHEX/IER2/SKIL/TMEM44/PPP1R18/MAFF/RASGRP3/AHR/NOTCH1/ARPC5L/DENND3/SMG6/RNF213/STARD3NL/MCTP1/DYNLL1/BLCAP/HEG1/DUSP6/ARRDC3/CTNNA1/CMIP/ATP8A1/EZH1/SVIL/MAST4/LUZP1/PRKD2/EHMT1/EFNA1/SH2D3C/RNF19A/KAT6A/TMOD3/GGA1/TMEM204/UTRN/HDAC7/CHD3/TTYH3/PML/KIAA1671/VPS13A/ICAM2/DAPK3/FAM43A/DPYSL2/GRAMD1A/EPAS1/ITPKB/FXYD5/BMP2K/INPP5D/SLC25A37/GNAI2/SPTAN1/IRF2","CELLTYPE"
"DESCARTES_MAIN_FETAL_SATELLITE_CELLS","DESCARTES_MAIN_FETAL_SATELLITE_CELLS",19,-0.503409718869218,-1.37014682576684,0.0881720430107527,0.399628684149455,0.358564082520062,1613,"tags=32%, list=14%, signal=27%","SPG21/MATN2/DAG1/SLC25A26/CCND2/CSTF2T","CELLTYPE"
"BUSSLINGER_GASTRIC_PARIETAL_CELLS","BUSSLINGER_GASTRIC_PARIETAL_CELLS",173,-0.289332903764314,-1.17861677288931,0.0917647058823529,0.412941176470588,0.370508624502433,2024,"tags=21%, list=17%, signal=18%","VDAC2/DBT/SLC25A3/NDUFA5/PPIF/TMBIM6/LDHB/TMEM70/HPCAL1/NFE2L2/CALM1/COX7A2/NDUFA4/SLC2A12/PDHB/NDUFB9/NCKAP1/NDUFS4/PRKACB/CYFIP2/NDUFS1/FTH1/BCKDHB/AK3/SUCLG2/DECR1/KIAA1191/SDHB/RAB4A/STX12/YBX1/MPP7/LRIG1/FAM107B/NNT/DLD","CELLTYPE"
"TRAVAGLINI_LUNG_B_CELL","TRAVAGLINI_LUNG_B_CELL",115,-0.322740614497402,-1.24025756769777,0.0933940774487472,0.417292686473126,0.374412986860599,1346,"tags=18%, list=11%, signal=16%","SELL/ATP2A3/RPLP0/ORAI2/EEF2/NCOA3/CCR7/QRSL1/RRAS2/TXNIP/CD40/BLOC1S2/BACH2/STRBP/C16orf74/RCSD1/TLE1/TMEM156/AFF3/P2RX5/CXCR4","CELLTYPE"
"HU_FETAL_RETINA_FIBROBLAST","HU_FETAL_RETINA_FIBROBLAST",198,0.303856982649075,1.21174897724482,0.0943396226415094,0.418549030029232,0.375540232457306,2509,"tags=31%, list=21%, signal=25%","ITM2A/JUN/LPAR6/IER2/EMP3/SMARCA2/ID3/S100A10/MAFF/TPM2/KCNQ1OT1/CLIC1/LIMA1/ZFP36L1/S100A11/FGFR2/CAST/LGALS1/CD81/TPM4/AHNAK/RRBP1/PCOLCE/EPB41L2/EGR1/RHOC/MAGED2/GADD45B/AEBP1/SVIL/IGFBP7/FAM111A/LUZP1/FRMD4A/RNU4ATAC/LOXL2/CDC42EP3/PDGFRB/ITGA5/TMEM204/UTRN/GOLIM4/TLN1/OAF/MCL1/ANXA5/FHL3/SERTAD1/CYBA/FXYD5/SERPINH1/IFITM2/ANXA2/SLC25A37/EMP2/ROCK2/MT2A/PPP1R15A/DSE/PTCH1/SMTN/TSPYL2","CELLTYPE"
"ZHENG_CORD_BLOOD_C2_PUTATIVE_BASOPHIL_EOSINOPHIL_MAST_CELL_PROGENITOR","ZHENG_CORD_BLOOD_C2_PUTATIVE_BASOPHIL_EOSINOPHIL_MAST_CELL_PROGENITOR",76,0.362443427716466,1.28531959873508,0.0952380952380952,0.41958041958042,0.376465639623534,1394,"tags=20%, list=12%, signal=18%","NDEL1/CCDC88A/PSME4/VASP/STAT5A/EMP3/MALAT1/JUND/VIM/LGALS1/PNN/PABPC4/LMNA/S100A6/TMSB10","CELLTYPE"
"CUI_DEVELOPING_HEART_5TH_WEEK_VENTRICULAR_CARDIOMYOCYTE","CUI_DEVELOPING_HEART_5TH_WEEK_VENTRICULAR_CARDIOMYOCYTE",30,0.46248595103918,1.35083446471439,0.101503759398496,0.438573993331624,0.393507492763712,1291,"tags=17%, list=11%, signal=15%","ITM2A/SHISA5/TESC/ULK4/PJA1","CELLTYPE"
"DESCARTES_FETAL_STOMACH_CILIATED_EPITHELIAL_CELLS","DESCARTES_FETAL_STOMACH_CILIATED_EPITHELIAL_CELLS",64,0.371224678051037,1.27840832841361,0.101604278074866,0.438573993331624,0.393507492763712,1898,"tags=27%, list=16%, signal=22%","HAGHL/CSPP1/RPGR/ZMYND10/ANKMY1/DLEC1/LEKR1/CDHR3/FHAD1/CCDC78/BBS5/IL5RA/ULK4/WDR54/ATG9B/DTHD1/CERKL","CELLTYPE"
"DESCARTES_FETAL_STOMACH_LYMPHOID_CELLS","DESCARTES_FETAL_STOMACH_LYMPHOID_CELLS",72,-0.352710987844415,-1.26675845031035,0.102272727272727,0.438573993331624,0.393507492763712,2576,"tags=31%, list=22%, signal=24%","S1PR4/CD247/CHI3L2/TAP2/RASGRP2/TCF7/MFNG/ICAM3/LTB/AGAP2/CTSW/SELL/TMIGD2/IL7R/PRKCQ/CCR7/CD5/CD28/BACH2/ITK/TXK/KLRB1","CELLTYPE"
"DESCARTES_FETAL_LUNG_MEGAKARYOCYTES","DESCARTES_FETAL_LUNG_MEGAKARYOCYTES",74,0.358563646206207,1.25908375395036,0.102333931777379,0.438573993331624,0.393507492763712,2579,"tags=26%, list=22%, signal=20%","BBC3/TSPAN32/RUFY1/C11orf21/TGFB1/CD226/DGKD/NBEAL2/MLC1/PPBP/RHD/ILK/TLN1/ZYX/ENDOD1/FAM110A/NLK/TRIM58/TUBA8","CELLTYPE"
"TRAVAGLINI_LUNG_CD8_MEMORY_EFFECTOR_T_CELL","TRAVAGLINI_LUNG_CD8_MEMORY_EFFECTOR_T_CELL",28,-0.448167391812356,-1.32923080450568,0.104033970276008,0.439875176334801,0.39467497024526,1468,"tags=32%, list=12%, signal=28%","RPS14/GZMK/DUSP2/IL7R/FYN/CDC42SE2/PIP4K2A/PRDM1/CXCR6","CELLTYPE"
"HE_LIM_SUN_FETAL_LUNG_C3_AEROCYTE","HE_LIM_SUN_FETAL_LUNG_C3_AEROCYTE",44,-0.401399771532143,-1.32138587167362,0.103982300884956,0.439875176334801,0.39467497024526,2490,"tags=30%, list=21%, signal=23%","TNFRSF4/SYNM/GNG7/VIPR1/LMO7/SPON2/NEDD4L/ITGA3/MIER2/CDKAL1/ADAMTS1/PRDM1/ZBTB16","CELLTYPE"
"DESCARTES_FETAL_CEREBELLUM_MICROGLIA","DESCARTES_FETAL_CEREBELLUM_MICROGLIA",312,0.278688647382159,1.16465058297832,0.104918032786885,0.440655737704918,0.395375323554789,2222,"tags=21%, list=19%, signal=18%","HLA-DMB/TRPM2/TSPAN32/ATP8B4/HLA-DMA/ITGAX/CARD14/C11orf21/STAT5A/TYMP/APOBR/PTPN6/DOCK8/TRAF3IP3/NCF4/SPI1/CDKN2A/BLVRB/CAPG/MR1/ARHGAP30/SH3BP1/MAP3K5/CD226/RIN3/PLCG2/DAGLB/DIAPH2/SLFN11/BATF/CARD11/OSBPL11/SLC11A1/HCK/GAA/GADD45B/FMN1/PCK2/CDKN1A/LRRC25/CYTH4/PTPRC/CX3CR1/CEACAM21/HSPA6/CD74/APBB1IP/ELF4/MAST3/CD37/GPR183/WAS/RAB20/PTPN7/SYK/CASS4/LILRB3/SNX29/IGFLR1/RNASE6/CLEC7A/TBC1D22A/CD14/DEF6/BMP2K/ARRDC5/RAC2","CELLTYPE"
"HE_LIM_SUN_FETAL_LUNG_C0_ADVENTITIAL_FIBROBLAST","HE_LIM_SUN_FETAL_LUNG_C0_ADVENTITIAL_FIBROBLAST",17,0.537435570326028,1.37208310060288,0.113680154142582,0.453281627277383,0.406703815953141,53,"tags=12%, list=0%, signal=12%","ITM2A/SH3BP5","CELLTYPE"
"HE_LIM_SUN_FETAL_LUNG_C7_COL20A1_POS_SCHWANN_CELL","HE_LIM_SUN_FETAL_LUNG_C7_COL20A1_POS_SCHWANN_CELL",28,0.464968633246802,1.32883805346675,0.111111111111111,0.453281627277383,0.406703815953141,1204,"tags=18%, list=10%, signal=16%","ITM2A/DOCK8/ITGA1/PDLIM1/IGFBP7","CELLTYPE"
"LAKE_ADULT_KIDNEY_C28_INTERSTITIUM","LAKE_ADULT_KIDNEY_C28_INTERSTITIUM",49,0.399486452538886,1.31925423875697,0.109929078014184,0.453281627277383,0.406703815953141,2356,"tags=35%, list=20%, signal=28%","TCF12/ROCK1/SYNE1/MAP3K5/ITGA1/PALLD/IGFBP7/SETBP1/AKT3/FNDC3B/UTRN/VMP1/SSBP2/REV3L/ARHGAP10/ROCK2/SORBS1","CELLTYPE"
"DESCARTES_MAIN_FETAL_THYMIC_EPITHELIAL_CELLS","DESCARTES_MAIN_FETAL_THYMIC_EPITHELIAL_CELLS",67,0.363505763652898,1.25861475275427,0.113676731793961,0.453281627277383,0.406703815953141,2018,"tags=25%, list=17%, signal=21%","TBC1D2B/SYNE1/MGMT/FRS3/SMG6/BCAS4/SLC22A23/TRMT12/APTX/STARD9/THAP8/TYK2/UBA7/GGA2/BMP8A/TMEM131/CUL9","CELLTYPE"
"LAKE_ADULT_KIDNEY_C3_PROXIMAL_TUBULE_EPITHELIAL_CELLS_S1_S2","LAKE_ADULT_KIDNEY_C3_PROXIMAL_TUBULE_EPITHELIAL_CELLS_S1_S2",104,0.335735094539942,1.23961932653638,0.109947643979058,0.453281627277383,0.406703815953141,1973,"tags=33%, list=17%, signal=28%","CSPP1/ZC3H13/SYNE2/KCNQ1OT1/SRSF11/RERE/PPP1R21/SRRM2/MYO6/BCAS3/RBM6/RBM25/SCAPER/PNISR/SREK1/GOLGB1/LUC7L3/ANKRD26/MAST4/ULK4/KANSL1L/TRPS1/SETBP1/ASH1L/ANKRD11/PRRC2C/ANKIB1/SAFB2/AKAP13/VPS13A/GOLGA4/CWF19L2/FHOD3/SNX29","CELLTYPE"
"FAN_EMBRYONIC_CTX_BRAIN_EFFECTOR_T_CELL","FAN_EMBRYONIC_CTX_BRAIN_EFFECTOR_T_CELL",125,-0.306497889650374,-1.19717674929647,0.111856823266219,0.453281627277383,0.406703815953141,2101,"tags=25%, list=18%, signal=21%","ARHGEF3/S1PR5/AKNA/ICAM3/SPON2/IRF1/MSN/CCL4/LITAF/RUNX3/CTSW/EOMES/RASSF5/XCL1/DUSP2/PRKACB/CD44/RAP1B/TMEM71/SRGN/TXNIP/FYN/CDC42SE2/ID2/HLA-C/PIP4K2A/ARID5A/TXK/GPR65/IL18RAP/KLRB1","CELLTYPE"
"SU_HO_CONV_CENT_CHONDROSARCOMA_LEUKOCYTE_C3_SKELETAL_PROGENITOR_LIKE_CELL","SU_HO_CONV_CENT_CHONDROSARCOMA_LEUKOCYTE_C3_SKELETAL_PROGENITOR_LIKE_CELL",149,-0.297441311878288,-1.18471255279974,0.112676056338028,0.453281627277383,0.406703815953141,2625,"tags=35%, list=22%, signal=28%","CD320/DAP/MTX1/NDUFAF2/SPTSSA/UAP1/TRIM47/TPBG/LRRFIP2/RCN1/EPB41L4A-AS1/SLC39A14/UXS1/ZFAND1/KRT10/ZFYVE21/SRP9/TATDN1/SPON2/SOX4/COL5A1/KDELR2/MATN2/S100A13/RPS14/TMEM9/CNN3/ATXN3/UBA2/IL6ST/GPX8/SETD9/FGFR1/C5orf15/EIF3E/ISOC2/SLC44A2/ABT1/PRDX4/TMEM167A/PPP3CA/RCN2/ACTN4/P4HB/PERP/RPL7/SNRPE/OSTC/SPIN1/CD55/CALU/PSMB5","CELLTYPE"
"AIZARANI_LIVER_C30_HEPATOCYTES_4","AIZARANI_LIVER_C30_HEPATOCYTES_4",249,-0.266315524040225,-1.13628939444647,0.11031175059952,0.453281627277383,0.406703815953141,1960,"tags=18%, list=16%, signal=16%","TMEM87A/EPHX2/ZFAND5/F5/GTDC1/ABHD15/FBXO31/CFH/ZHX3/SORL1/LRRC58/SLC25A13/MTMR9/DDI2/MLXIP/GPAM/MDM2/RIOK3/FBXO21/RAB27A/IKBIP/LRRC57/FEM1A/RNF216/LYRM7/ZMAT3/AK3/ERRFI1/BCDIN3D/DSTYK/HEMK1/VHL/SEC23A/C1R/XPR1/ARSK/ID2/ZYG11B/ZNF101/ABCA1/VSTM4/DIS3/UBE2G2/ZNF426/NNT/FKBP5","CELLTYPE"
"DURANTE_ADULT_OLFACTORY_NEUROEPITHELIUM_MATURE_NEURONS","DURANTE_ADULT_OLFACTORY_NEUROEPITHELIUM_MATURE_NEURONS",96,0.336969656610574,1.23863426853586,0.115248226950355,0.456643918105179,0.409720608224697,2290,"tags=25%, list=19%, signal=20%","CYSTM1/HAGHL/KIF22/IGSF8/ENO2/TOM1/MT1F/MIEN1/PIGU/RUFY3/MGST3/SPAG16/MSI2/KAT6A/CACNB3/KIF3A/WDR54/JAKMIP1/PCSK1N/NCAM1/KIFAP3/ATP1B1/KLC2/SNAPIN","CELLTYPE"
"DESCARTES_FETAL_LUNG_CSH1_CSH2_POSITIVE_CELLS","DESCARTES_FETAL_LUNG_CSH1_CSH2_POSITIVE_CELLS",119,-0.309571801428199,-1.19567342329778,0.116331096196868,0.458053691275168,0.410985517484988,2361,"tags=24%, list=20%, signal=19%","KAT7/TIMM17A/FAM131A/ZNF138/ZFAND1/ZNF333/MTMR10/SNRPA1/ALG2/FAM200A/ZNF880/NFU1/UEVLD/CENPV/GPAM/TFAM/SEC61G/TIPIN/CYTH3/POLR2D/MAP3K12/SLC25A32/RTN4IP1/TTPAL/GABPB1/SGPP1/SUPV3L1/ZNF268","CELLTYPE"
"DURANTE_ADULT_OLFACTORY_NEUROEPITHELIUM_PERICYTES","DURANTE_ADULT_OLFACTORY_NEUROEPITHELIUM_PERICYTES",31,0.4462989207535,1.31432729303318,0.119402985074627,0.464769647696477,0.417011363096087,1784,"tags=35%, list=15%, signal=30%","ITM2A/LPAR6/ID3/CLU/CRIP2/VIM/CDKN1A/RDX/CD74/NPDC1/CCDC85B","CELLTYPE"
"BUSSLINGER_DUODENAL_STEM_CELLS","BUSSLINGER_DUODENAL_STEM_CELLS",243,-0.26956970646894,-1.14498626804745,0.119512195121951,0.464769647696477,0.417011363096087,2439,"tags=25%, list=20%, signal=20%","RPS4X/LRPPRC/HNRNPA1/RPS6/NOP58/TXN/ARID5B/IPO7/TPD52/RCN1/DKC1/RPL4/EIF4B/SERBP1/RAN/TM9SF3/ENC1/EIF1AX/RPL3/SRP9/SRSF6/SOX4/RPL10/ARF4/RPL15/EIF3L/CES1/RPS14/GSTP1/MCM7/MLXIP/EEF1G/SLC38A2/MATR3/CCND2/HMGB1/RPL10A/CD44/EIF3E/EEF2/FCGRT/RPL6/CRLS1/ERGIC3/ITGA6/NCL/IMPDH2/YWHAZ/SYNCRIP/TXNIP/RPL7/CANX/SERP1/SNRPE/SH3D19/YBX1/CNBP/ZFP36L2/GNL3/LRIG1","CELLTYPE"
"HE_LIM_SUN_FETAL_LUNG_C0_MYL4_POS_SMC_CELL","HE_LIM_SUN_FETAL_LUNG_C0_MYL4_POS_SMC_CELL",49,-0.385178205948251,-1.29469194149845,0.121004566210046,0.467686360198336,0.419628363285725,2500,"tags=29%, list=21%, signal=23%","MYH11/RALGPS2/TSPAN18/PSAT1/ENC1/ATL2/CEP120/ALDH1B1/ATP2A3/NET1/AKAP1/PRKAG2/FBXL22/LRIG1","CELLTYPE"
"CUI_DEVELOPING_HEART_SMOOTH_MUSCLE_CELL","CUI_DEVELOPING_HEART_SMOOTH_MUSCLE_CELL",18,0.521911463385307,1.35880586857625,0.127619047619048,0.470219435736677,0.421901147853961,1542,"tags=33%, list=13%, signal=29%","ITM2A/DUSP1/HEXIM1/PCOLCE/S100A6/NPDC1","CELLTYPE"
"GAUTAM_EYE_IRIS_CILIARY_BODY_MGP_HIGH_FIBROBLASTS","GAUTAM_EYE_IRIS_CILIARY_BODY_MGP_HIGH_FIBROBLASTS",52,-0.370408298529862,-1.26075783231655,0.124423963133641,0.470219435736677,0.421901147853961,2124,"tags=31%, list=18%, signal=25%","SLC39A14/YWHAB/SOX4/TMEM70/CBLB/ITM2B/SRM/SSR3/PLSCR1/CNN3/CREM/RBMS1/AK3/MTHFD2/P4HB/PFKFB3","CELLTYPE"
"DESCARTES_MAIN_FETAL_CSH1_CSH2_POSITIVE_CELLS","DESCARTES_MAIN_FETAL_CSH1_CSH2_POSITIVE_CELLS",54,-0.364554540240493,-1.25234009910698,0.128440366972477,0.470219435736677,0.421901147853961,1826,"tags=28%, list=15%, signal=24%","ALG2/NSUN3/ZNF317/FAM200A/KCMF1/ALKBH1/FBXO33/LINC00339/DNAJC17/TOR2A/SNRPG/SLC25A32/KBTBD8/ZNF432/ZNF268","CELLTYPE"
"MURARO_PANCREAS_DELTA_CELL","MURARO_PANCREAS_DELTA_CELL",116,0.322886998955617,1.19927658509093,0.127240143369176,0.470219435736677,0.421901147853961,1969,"tags=22%, list=17%, signal=18%","HHEX/LCORL/IER2/SLC2A13/SYNE2/EXOC6/CDKN2A/AHI1/CD9/DYNC2H1/CDHR3/AMPH/RUFY3/DUSP6/ITM2C/EGR1/TMOD1/SETBP1/QDPR/AMIGO2/HSPA6/SESN3/PCSK1N/NCAM1/FHOD3","CELLTYPE"
"AIZARANI_LIVER_C10_MVECS_1","AIZARANI_LIVER_C10_MVECS_1",124,0.31589664988814,1.19726264048161,0.129824561403509,0.470219435736677,0.421901147853961,1687,"tags=22%, list=14%, signal=19%","ITM2A/HLA-DRB5/MYADM/RPGR/ID3/CHSY1/CD9/CRIP2/VIM/HEG1/TAGLN2/TPM4/DUSP6/TSC22D1/PDLIM1/CDKN1A/LMNA/SERPINB6/IGFBP7/MAST4/CDC42EP3/SH2D3C/ITGA5/RDX/NPDC1/TMEM204/HDAC7","CELLTYPE"
"HE_LIM_SUN_FETAL_LUNG_C1_SMG_BASAL_CELL","HE_LIM_SUN_FETAL_LUNG_C1_SMG_BASAL_CELL",167,0.301212043577761,1.18076681845602,0.12736660929432,0.470219435736677,0.421901147853961,1262,"tags=14%, list=11%, signal=13%","ITM2A/SH3BP5/HLA-DPB1/CCDC122/LPAR6/RCBTB2/TYMP/OPTN/EMP3/PPP1R18/TPM2/ZNF490/SH3BP1/LGALS1/PHLDA1/TNFRSF14/CD70/TRMT12/PALLD/KCNN4/CDKN1A/AEBP1/LUZP1/FRMD4A","CELLTYPE"
"TRAVAGLINI_LUNG_BASOPHIL_MAST_2_CELL","TRAVAGLINI_LUNG_BASOPHIL_MAST_2_CELL",386,0.269868097025795,1.15213119178797,0.1232,0.470219435736677,0.421901147853961,1743,"tags=20%, list=15%, signal=18%","ITM2A/KLF6/NDEL1/UTS2/CYSTM1/LAT2/SKIL/TLE3/MYADM/EMP3/PAK1/MAFF/CLIC1/MALAT1/AHR/MRPL32/CAPG/JUND/CLU/CD9/VIM/HEXIM1/DUSP10/DDAH2/HS6ST1/MCTP1/PIGA/HNRNPA3/HEG1/PDE4A/TPM4/SLC26A2/DUSP6/TSC22D1/ARL2/PLK3/BATF/ITM2C/COL18A1/PALLD/ARMCX3/EGR1/LRRC70/SQSTM1/PDCD4/PROCR/SWAP70/MAGED2/DNAJB14/GADD45B/CDKN1A/LMNA/TDRD3/IL5RA/SEC22C/SERPINB6/HNRNPU/MAST4/CDC42EP3/SRSF5/NXT1/C12orf57/LMNB1/ARHGAP18/SPECC1/GNPTAB/KDM6B/STX11/SLC1A5/PKIG/TNIK/SRSF2/TAF7/HNRNPA2B1/HILPDA/FER/VMP1","CELLTYPE"
"GAUTAM_EYE_CORNEA_MONOCYTES","GAUTAM_EYE_CORNEA_MONOCYTES",205,-0.272711103720342,-1.13779472286068,0.127659574468085,0.470219435736677,0.421901147853961,2568,"tags=26%, list=22%, signal=21%","SRC/GNL2/MRPS30/DCAF16/ACSL4/DENND5A/ALYREF/GNG7/CLIC4/IL16/PRCP/COMMD5/FAM131A/WDR11/HM13/KCTD17/MOAP1/MAPKAPK3/MYO1D/EMB/P4HA1/CTSA/ABHD15/DRAM1/NAF1/ZNF75A/ZNF317/TMEM127/CSF1/NUMB/CPSF1/MLXIP/PPARD/HPS3/WDR55/PLEKHA7/CNEP1R1/TOR2A/CCDC117/BCL2L11/MMD/LYSMD3/MAPKAPK5/SDHB/F8A1/CDK17/MED8/DNAJC5/RPN1/DCTN4/ITCH/ZNF532/TGFBR2/GALC","CELLTYPE"
"SU_HO_FOETAL_FEMUR_C3_PROLIFERATING_CHONDROCYTE","SU_HO_FOETAL_FEMUR_C3_PROLIFERATING_CHONDROCYTE",413,0.266132179041925,1.1375451906824,0.128712871287129,0.470219435736677,0.421901147853961,3008,"tags=30%, list=25%, signal=23%","PLP2/CKAP2/SLC27A3/LCORL/CKAP5/KIF20B/RPL39L/DNMT1/CENPE/SYNE2/CMC2/EMP3/KIF22/RAD23A/CENPT/MKI67/DDX39A/TECR/CDK5RAP2/CDCA8/RASSF1/CAPG/PTTG1/THOC3/ANKRD36/TMEM107/TPR/CNPY3/C5orf34/SAC3D1/CEP44/WEE1/HNRNPA3/PPP1R35/ATAD5/VKORC1/TP53I13/ARL2/ITM2C/NONO/MPHOSPH9/HIRIP3/CEP152/ASPM/CDC25B/SRSF10/KNTC1/CNTRL/CCDC18/NDUFAF3/RNASEH2C/RALBP1/DRAP1/G2E3/ACYP1/LMNB1/CCDC77/CEP57L1/AGPAT5/KIF5B/MAD2L2/CENPM/RIF1/SRSF2/HNRNPA2B1/PHF19/ARHGAP11A/WDR54/MMS22L/ANP32E/EXOSC3/CENPN/NCAM1/MAZ/CTDSPL2/ILF3/NCAPG2/HCFC1R1/RCC2/EXOSC8/MYBL1/HSPA8/RNASEH2A/ZMYM1/PRC1/LIG1/EZH2/BUB3/SLC25A11/RMI1/PXMP2/UBE2T/MTHFS/POC1A/CKS2/BCL7C/RFC3/ARL6IP1/BARD1/CCDC34/GPX4/TMPO/POLR2H/CKS1B/UBE2S/TACC3/PIN1/TUBB/SMC3/EBP/CDK2/SRSF3/NGLY1/FIBP/CDK4/SSRP1/SET/CBX1/WDR76/COX20/LSM4/TUBA1B/TPGS2","CELLTYPE"
"ZHONG_PFC_MAJOR_TYPES_MICROGLIA","ZHONG_PFC_MAJOR_TYPES_MICROGLIA",324,0.269537418699463,1.13405578842202,0.12987012987013,0.470219435736677,0.421901147853961,2346,"tags=22%, list=20%, signal=18%","KLF6/JUN/RHOB/ATP8B4/ITGAX/HSPA1A/LAT2/LPAR6/IER2/PTPN6/DUSP1/PPP1R18/DOCK8/TCIRG1/NCF4/NEU1/BLVRB/IER3/HVCN1/ZFP36L1/PYCARD/S100A11/RNF213/CNPY3/SCAF11/SAT1/GNG5/CD81/ITM2C/VAMP8/NAGA/EGR1/HCK/SWAP70/GAA/GADD45B/SERPINB6/GPSM3/CYTH4/FRMD4A/PTPRC/CX3CR1/CD74/HCST/APBB1IP/SESN3/OSTF1/TLN1/MAST3/VMP1/CD37/GPR183/WAS/ANXA11/CCND1/HLA-B/GGA2/SYK/ANXA5/CYBA/HSPA1B/IGFLR1/RNASE6/CD14/RGS19/INPP5D/IFITM2/LTC4S/TMBIM1/GNAI2/CSF3R/SCAMP2","CELLTYPE"
"LAKE_ADULT_KIDNEY_C10_THIN_ASCENDING_LIMB","LAKE_ADULT_KIDNEY_C10_THIN_ASCENDING_LIMB",288,-0.258551330899294,-1.11749237740951,0.129770992366412,0.470219435736677,0.421901147853961,3065,"tags=31%, list=26%, signal=24%","RPS13/RPS7/BTF3/MYL12A/NPM1/LRRFIP1/RPS5/CCT3/PTPN11/EIF4G2/EEF1A1/XRCC5/RPL5/DBI/PPP2R3A/HNRNPR/TPI1/KRT18/HSBP1/HLA-E/SKAP2/GSPT1/RPS4X/RPSA/ACSL4/BTG1/RPS6/ENO1/PDIA3/STK24/RPL4/SERBP1/YWHAB/RAN/TM9SF3/CD164/ADAM10/SLC25A3/RPL3/SPPL2A/TMBIM6/ZFAND5/LDHB/RPL10/CAPN2/HADHA/RPL15/ARFGAP3/PLEKHA1/CTSB/CALM1/ITM2B/NDUFA4/LITAF/DEK/REEP5/RPS14/HSP90B1/GSTP1/PLSCR1/TMEM59/EID1/B2M/CNN3/SLC38A2/LAPTM4B/RPLP0/RPL10A/CD44/EEF2/RPL6/FTH1/PPA1/NCL/TPST1/CLINT1/ERRFI1/PGK1/TXNIP/ADAMTS1/RPL7/CANX/ID2/YBX1/PFKFB3/CNBP/ZFP36L2/EIF5/CEBPD/C6orf62","CELLTYPE"
"TRAVAGLINI_LUNG_MYOFIBROBLAST_CELL","TRAVAGLINI_LUNG_MYOFIBROBLAST_CELL",23,0.465699224857133,1.29380890284663,0.134790528233151,0.483013879709187,0.433380874526038,2041,"tags=35%, list=17%, signal=29%","PSTPIP1/S100A10/CLU/CD9/VIM/PKIG/PCSK1N/ATP1B1","CELLTYPE"
"HAY_BONE_MARROW_CD34_POS_PRE_PC","HAY_BONE_MARROW_CD34_POS_PRE_PC",57,-0.365553335981552,-1.25849308056233,0.136470588235294,0.483013879709187,0.433380874526038,1404,"tags=19%, list=12%, signal=17%","MLXIP/ELK3/MDM2/PPFIBP1/QRSL1/SH3TC1/BCR/MTF2/CMTM7/GABPB1/ERGIC1","CELLTYPE"
"DESCARTES_MAIN_FETAL_ANTIGEN_PRESENTING_CELLS","DESCARTES_MAIN_FETAL_ANTIGEN_PRESENTING_CELLS",70,0.34935338156243,1.21853665574346,0.136283185840708,0.483013879709187,0.433380874526038,1515,"tags=21%, list=13%, signal=19%","TRAF1/HLA-DPB1/ERICH1/HLA-DOB/OASL/MMP25/HLA-DQA2/SLAMF8/CD70/MCOLN2/FUT7/HLA-DQB2/ADAM8/HLA-DPA1/CD74","CELLTYPE"
"RUBENSTEIN_SKELETAL_MUSCLE_SATELLITE_CELLS","RUBENSTEIN_SKELETAL_MUSCLE_SATELLITE_CELLS",250,-0.261256819301576,-1.11694988735444,0.135071090047393,0.483013879709187,0.433380874526038,2173,"tags=30%, list=18%, signal=25%","WDR74/TLE4/RPS13/RPS7/NACA/BTF3/NPM1/RPS5/CCT3/BEX4/EEF1A1/LAMP2/RPL5/DBI/HNRNPR/EEF1B2/HSBP1/RPL34/EIF3H/RPS4X/RPSA/HNRNPA1/RPS6/FAM162A/RPL4/EPB41L4A-AS1/EIF2A/RAN/VDAC2/SLC25A3/NDUFA5/RPL3/HMGN2/ZFYVE21/LDHB/RPL10/RPL36A/RBMX/ARF4/ARL6IP5/HADHA/RPL15/SPG21/EIF3L/NDUFA4/RPS14/ESD/EIF3F/RPL17/NDUFB9/CNN3/DAG1/PSMB7/RPL7L1/NDUFS4/RPLP0/RPL10A/EIF3E/EEF2/SNRPF/RPL6/COMT/IMPDH2/PARK7/EIF3M/NAA20/LSM5/RPL7/SNRPE/CIRBP/CNBP/SPRY1/RSL1D1/CEBPD/RBM3/MYC","CELLTYPE"
"DESCARTES_MAIN_FETAL_MYELOID_CELLS","DESCARTES_MAIN_FETAL_MYELOID_CELLS",43,0.390923398552889,1.24768720938295,0.137432188065099,0.483699879782194,0.433996383363472,2119,"tags=33%, list=18%, signal=27%","NCF4/SPI1/PYCARD/CLEC4A/DMXL2/MCOLN1/LRRC25/CABP4/IFNAR2/GPR183/LILRB3/RNASE6/CLEC7A/CD14","CELLTYPE"
"TRAVAGLINI_LUNG_IGSF21_DENDRITIC_CELL","TRAVAGLINI_LUNG_IGSF21_DENDRITIC_CELL",15,0.533897123656593,1.33499117265541,0.140684410646388,0.486984498391343,0.436943484772182,1398,"tags=20%, list=12%, signal=18%","ATF3/LMNA/ARHGAP18","CELLTYPE"
"HU_FETAL_RETINA_AMACRINE","HU_FETAL_RETINA_AMACRINE",15,0.533143226924332,1.33310608011966,0.140684410646388,0.486984498391343,0.436943484772182,1145,"tags=27%, list=10%, signal=24%","CCDC88A/TUBB2A/RERE/LUC7L3","CELLTYPE"
"MENON_FETAL_KIDNEY_9_ENDOTHELIAL_CELLS","MENON_FETAL_KIDNEY_9_ENDOTHELIAL_CELLS",61,0.363787761748807,1.23394558518882,0.139240506329114,0.486984498391343,0.436943484772182,2326,"tags=38%, list=20%, signal=30%","IER2/MKI67/CRIP2/LGALS1/CD81/TPM4/RRBP1/MAGED2/S100A6/TMSB10/MYL6/RDX/CD74/KIF5B/MAP4K4/CCND1/HLA-B/KTN1/SERPINH1/IFITM2/ANXA2/GNAI2/ROCK2","CELLTYPE"
"TRAVAGLINI_LUNG_MUCOUS_CELL","TRAVAGLINI_LUNG_MUCOUS_CELL",44,0.387945542246232,1.24729828173955,0.141818181818182,0.48822652757079,0.43805788689309,1754,"tags=25%, list=15%, signal=21%","PTP4A3/HLA-DQA2/CLU/SAT1/SLC26A2/HLA-DQA1/HIPK2/RPS26/HILPDA/CSTB/TNIP3","CELLTYPE"
"GAO_LARGE_INTESTINE_24W_C5_LGR5POS_STEM_CELL","GAO_LARGE_INTESTINE_24W_C5_LGR5POS_STEM_CELL",17,0.513015078946892,1.30973712765322,0.144508670520231,0.488764511928182,0.438540589649847,1010,"tags=35%, list=8%, signal=32%","C6orf136/SLC27A2/PTGDR/ZNF296/DAPK2/ITPKC","CELLTYPE"
"FAN_EMBRYONIC_CTX_BRAIN_B_CELL","FAN_EMBRYONIC_CTX_BRAIN_B_CELL",80,0.340705156682057,1.21298942195654,0.144385026737968,0.488764511928182,0.438540589649847,2257,"tags=34%, list=19%, signal=28%","HLA-DMB/GPR18/HLA-DMA/HLA-DPB1/IGLL5/HLA-DRB1/PTPN6/HLA-DRA/HLA-DQA2/TAGLN2/SYTL1/PDLIM1/SWAP70/PTPRCAP/CRIP1/SP110/HLA-DPA1/CD74/UTRN/KIAA0040/CD37/HLA-B/CD48/MS4A1/LIMD2/RAC2/IKZF3","CELLTYPE"
"ZHENG_CORD_BLOOD_C9_GRANULOCYTE_MACROPHAGE_PROGENITOR","ZHENG_CORD_BLOOD_C9_GRANULOCYTE_MACROPHAGE_PROGENITOR",82,0.339307632510098,1.21138519566366,0.14336917562724,0.488764511928182,0.438540589649847,2006,"tags=28%, list=17%, signal=23%","LPAR6/MKI67/S100A10/ARID4A/VIM/LGALS1/SAT1/PSMA7/TAGLN2/TPM4/KDM5A/ITM2C/VAMP8/SLK/PRPF40A/IGFBP7/HNRNPU/TMSB10/GAPDH/EIF3A/HLA-B/GADD45GIP1/DNAJC1","CELLTYPE"
"HAY_BONE_MARROW_MONOCYTE","HAY_BONE_MARROW_MONOCYTE",152,0.303400446865669,1.17890577068633,0.145077720207254,0.488764511928182,0.438540589649847,1425,"tags=16%, list=12%, signal=15%","ITGAX/PTP4A3/VASP/CALHM2/ACAA1/C11orf21/PTPN6/TCIRG1/SNX18/PPCDC/NAGK/SPI1/RAB10/CHCHD10/S100A11/RIN3/SAT1/GNG5/RHOC/HCK/MCOLN1/LRRC25/DRAP1/FGR/MYL6","CELLTYPE"
"GAO_LARGE_INTESTINE_ADULT_CG_GOBLET_CELL_SUBTYPE_2","GAO_LARGE_INTESTINE_ADULT_CG_GOBLET_CELL_SUBTYPE_2",15,0.527823941874819,1.31980539301855,0.150190114068441,0.499639509733237,0.448298106477441,1516,"tags=20%, list=13%, signal=17%","ADAMTS4/ST8SIA1/RNF212","CELLTYPE"
"TRAVAGLINI_LUNG_GOBLET_CELL","TRAVAGLINI_LUNG_GOBLET_CELL",75,-0.329573578165009,-1.19282173044286,0.150684931506849,0.499639509733237,0.448298106477441,2520,"tags=29%, list=21%, signal=23%","IFI16/UAP1/GLRX/CMPK1/ARL1/FUT2/AK2/CARHSP1/CTSB/KDELR2/SORL1/DNAJC3/SORD/BZW1/AKR1C3/SLC15A2/PDIA4/REEP3/CLINT1/P4HB/GTF3C6/STAP2","CELLTYPE"
"HE_LIM_SUN_FETAL_LUNG_C3_SCG3_POS_LYMPHATIC_ENDOTHELIAL_CELL","HE_LIM_SUN_FETAL_LUNG_C3_SCG3_POS_LYMPHATIC_ENDOTHELIAL_CELL",346,-0.251301368714602,-1.10542715577242,0.150649350649351,0.499639509733237,0.448298106477441,2527,"tags=27%, list=21%, signal=22%","OXCT1/PDE4D/ZNF568/TRIM47/RASGRP2/TNFRSF4/WDSUB1/TPBG/GLRX/ADNP2/SYNM/RAB6B/NEO1/ZNF480/ARID5B/TPD52/FAM131A/EIF4EBP3/ITGB4/ARL15/PLBD2/IFT57/ZNF211/F8/ADK/PODXL2/GBE1/B3GNT8/ACAP3/ENTPD6/SLC41A1/SLC6A6/SYS1/RPRD1A/IGHMBP2/MAPK7/URI1/WSB2/CNST/TSHZ1/STARD10/SLC43A3/VKORC1L1/TMTC4/MTFMT/MSMP/GSPT2/NAPG/LAPTM4B/ANKH/LACTB2/TCTN3/USP13/AGAP1/DUSP2/RCAN1/PWWP2B/RUVBL1/SETD9/AKR1C3/TMC6/TEX2/ZNF680/EML3/ZNF195/BEND5/SLC37A1/JARID2/POC5/PIP5K1C/SESTD1/SEMA4D/ACAD10/SERINC5/TMEM117/SLC38A1/DUSP5/BCR/DBR1/KLF12/PERP/ZDHHC24/DPP4/HSBP1L1/MPP7/EPS8L1/CROT/PRKAG2/NPC1/ASPH/ARID5A/PELI2/GALC","CELLTYPE"
"DESCARTES_FETAL_PANCREAS_DUCTAL_CELLS","DESCARTES_FETAL_PANCREAS_DUCTAL_CELLS",16,0.52092477777012,1.31237462002995,0.153256704980843,0.500268000714669,0.448862015678825,566,"tags=19%, list=5%, signal=18%","NUAK2/IFFO2/FGFR2","CELLTYPE"
"HE_LIM_SUN_FETAL_LUNG_C1_CLUB_CELL","HE_LIM_SUN_FETAL_LUNG_C1_CLUB_CELL",25,-0.436231158477978,-1.26499035622461,0.151709401709402,0.500268000714669,0.448862015678825,1759,"tags=20%, list=15%, signal=17%","CFH/CTSW/ANXA1/ISG20/SLA","CELLTYPE"
"GAUTAM_EYE_IRIS_CILIARY_BODY_CRYAA_HIGH_CILIARY_BODY_CELLS","GAUTAM_EYE_IRIS_CILIARY_BODY_CRYAA_HIGH_CILIARY_BODY_CELLS",49,0.378554891525207,1.25013036630623,0.152482269503546,0.500268000714669,0.448862015678825,2462,"tags=35%, list=21%, signal=28%","PLP2/MAFF/RERE/CRIP2/CXADR/SQLE/KLF10/CTNNAL1/MAST4/EFNA1/SETBP1/GGA2/NCAM1/BRD2/PPP1R15A/MXD1/CKS2","CELLTYPE"
"TRAVAGLINI_LUNG_PERICYTE_CELL","TRAVAGLINI_LUNG_PERICYTE_CELL",52,-0.355867576043526,-1.21126561026065,0.154377880184332,0.500541711809317,0.449107601072019,2546,"tags=35%, list=21%, signal=27%","FARP1/RGS5/SYNM/TTYH2/UXS1/ANKRD44/CHST2/SEMA5A/NDRG1/AFAP1L2/ARHGDIB/B2M/TRIB2/P2RY14/PERP/TXNIP/PRDM1/NCK2","CELLTYPE"
"SU_HO_FOETAL_FEMUR_C0_TRANSITIONING_CELL","SU_HO_FOETAL_FEMUR_C0_TRANSITIONING_CELL",150,-0.286968294054283,-1.14233379556486,0.154929577464789,0.500541711809317,0.449107601072019,3330,"tags=35%, list=28%, signal=25%","RPS27A/NDUFB5/RPL18A/RPS3A/EEF1D/RPS13/RPS7/NACA/GDI2/EIF3I/NPM1/RPS5/EEF1A1/RPL5/DDOST/EEF1B2/RPL34/EIF3H/RPS4X/HNRNPA1/PPIB/RPS6/NDUFA1/RPL36AL/RPL4/EPB41L4A-AS1/KRT10/RPL3/MYL6B/LDHB/RPL10/RPL36A/RPL15/EIF3L/NDUFA4/RPS14/EIF3F/RPL17/CNN3/UFC1/RPLP0/RPL10A/SUB1/EIF3E/RPL6/FTH1/PRDX4/PARK7/EIF3M/FKBP7/RSL1D1/TSPAN6","CELLTYPE"
"DESCARTES_FETAL_KIDNEY_STROMAL_CELLS","DESCARTES_FETAL_KIDNEY_STROMAL_CELLS",15,-0.508986533345526,-1.29498114066585,0.159663865546218,0.502028397565923,0.450441519620553,1299,"tags=33%, list=11%, signal=30%","PRSS35/LTBP2/C1R/COL5A3/FBLN2","CELLTYPE"
"FAN_EMBRYONIC_CTX_BIG_GROUPS_EXCITATORY_NEURON","FAN_EMBRYONIC_CTX_BIG_GROUPS_EXCITATORY_NEURON",15,-0.50786917119046,-1.29213830922865,0.161764705882353,0.502028397565923,0.450441519620553,729,"tags=27%, list=6%, signal=25%","R3HDM1/ENC1/EPHB6/SLA","CELLTYPE"
"DESCARTES_MAIN_FETAL_HEPATOBLASTS","DESCARTES_MAIN_FETAL_HEPATOBLASTS",21,0.470007993349191,1.28017444016977,0.158582089552239,0.502028397565923,0.450441519620553,1099,"tags=33%, list=9%, signal=30%","A1BG/HSD17B7/AFMID/PLCXD2/LIPC/ITIH4/ACSS2","CELLTYPE"
"ZHONG_PFC_C2_UNKNOWN_NPC","ZHONG_PFC_C2_UNKNOWN_NPC",52,0.367205200192167,1.22510891086725,0.160211267605634,0.502028397565923,0.450441519620553,1717,"tags=21%, list=14%, signal=18%","DCXR/CENPE/KIF22/MKI67/CDCA8/PTTG1/ASPM/CDC25B/G2E3/PHF19/ARHGAP11A","CELLTYPE"
"AIZARANI_LIVER_C31_KUPFFER_CELLS_5","AIZARANI_LIVER_C31_KUPFFER_CELLS_5",79,0.337736272170677,1.19884794961904,0.161290322580645,0.502028397565923,0.450441519620553,2882,"tags=32%, list=24%, signal=24%","ITGAX/CCDC88A/ROCK1/ZC3H13/NKTR/S100A11/SAT1/RBM25/SLC11A1/GADD45B/LUC7L3/EFNA1/FGR/VMP1/MEGF9/LILRB3/CLEC7A/NSUN6/SLC25A37/MT2A/TCF7L2/C3orf62/FCN1/SH3BP2/NAMPT","CELLTYPE"
"HE_LIM_SUN_FETAL_LUNG_C1_INTERM_NEUROENDOCRINE_CELL","HE_LIM_SUN_FETAL_LUNG_C1_INTERM_NEUROENDOCRINE_CELL",79,0.337201503355231,1.19694970370723,0.161290322580645,0.502028397565923,0.450441519620553,2468,"tags=29%, list=21%, signal=23%","OPTN/SYT11/GPR160/SMPD3/NPM2/CLIP3/CDHR3/AMPH/STX1A/SETBP1/GPRIN3/NACAD/NPDC1/HES6/ABCA5/TECPR1/NCAM1/HIVEP3/HSPA2/CCDC28B/RIC3/RAB3B/DUSP4","CELLTYPE"
"FAN_EMBRYONIC_CTX_BIG_GROUPS_BRAIN_ENDOTHELIAL","FAN_EMBRYONIC_CTX_BIG_GROUPS_BRAIN_ENDOTHELIAL",193,0.288165105897068,1.150051559449,0.158347676419966,0.502028397565923,0.450441519620553,1697,"tags=21%, list=14%, signal=19%","ITM2A/SLC12A7/PELO/ID3/S100A10/TPM2/CLIC1/RASGRP3/NOTCH1/CD9/CRIP2/VIM/MYO6/TESC/CAST/LGALS1/HOPX/HEG1/TAGLN2/TPM4/DUSP6/ITGA1/COL18A1/PCOLCE/RHOC/PROCR/AEBP1/LMNA/SERPINB6/IGFBP7/ISYNA1/EFNA1/CRIP1/PDGFRB/ARHGAP18/SH2D3C/ITGA5/TMEM204/ILK/UTRN/GOLIM4","CELLTYPE"
"BUSSLINGER_DUODENAL_DIFFERENTIATING_STEM_CELLS","BUSSLINGER_DUODENAL_DIFFERENTIATING_STEM_CELLS",251,-0.25833670099125,-1.10589895300607,0.160756501182033,0.502028397565923,0.450441519620553,3330,"tags=33%, list=28%, signal=24%","RPS27A/RPL18A/RPS3A/RPL31/TFRC/NOP56/APEX1/SLIRP/COX6A1/RPS13/RPS7/BTF3/NPM1/RPS5/HNRNPC/PAICS/EEF1A1/YWHAQ/XRCC5/RPL5/LBR/DBI/HNRNPR/EEF1B2/KRT18/RPL34/STMN1/RPS4X/LRPPRC/HNRNPA1/RPS6/NOP58/ENO1/TXN/RPL4/EIF4B/SERBP1/YWHAB/RAN/TM9SF3/SLC25A3/EIF1AX/RPL3/SRP9/PPIF/SOX4/RPL10/CALM2/RPL15/COX7A2/EIF3L/NDUFA4/DEK/RPS14/ESD/HSP90B1/GSTP1/MCM7/RPL17/PCNA/NDUFB9/EEF1G/CCND2/HMGB1/RPLP0/RPL10A/CCT2/EIF3E/EEF2/SNRPF/DHFR/RPL6/NCL/IMPDH2/C1QBP/YWHAZ/RRM2/RPL7/CANX/SNRPE/YBX1/RBM3","CELLTYPE"
"HE_LIM_SUN_FETAL_LUNG_C0_INTERM_CHONDROCYTE","HE_LIM_SUN_FETAL_LUNG_C0_INTERM_CHONDROCYTE",20,0.485028765635562,1.30255057750706,0.164206642066421,0.504590636618863,0.452740470951261,2858,"tags=40%, list=24%, signal=30%","FGFRL1/FGFR2/DEPTOR/AMOT/CDC42EP3/S100B/PLEKHG1/SLC2A1","CELLTYPE"
"FAN_EMBRYONIC_CTX_OPC","FAN_EMBRYONIC_CTX_OPC",19,0.48659980538038,1.29511756938756,0.165735567970205,0.504590636618863,0.452740470951261,2340,"tags=37%, list=20%, signal=30%","LIMA1/CXADR/PHLDA1/PCSK1N/CCND1/KLRC2/ATCAY","CELLTYPE"
"HE_LIM_SUN_FETAL_LUNG_C1_PULMONARY_NEUROENDOCRINE_CELL","HE_LIM_SUN_FETAL_LUNG_C1_PULMONARY_NEUROENDOCRINE_CELL",58,0.353195057912842,1.20086441308522,0.165794066317627,0.504590636618863,0.452740470951261,3631,"tags=45%, list=30%, signal=31%","OPTN/SYT11/ENO2/SMPD3/CLIP3/STX1A/AMIGO2/SLC1A5/NPDC1/PNPLA7/EFHD2/HES6/TRIM46/RINL/CCDC28B/RIC3/RAB3B/GNB5/CASZ1/MAP1B/PTPRN2/ADA/SLCO3A1/GNG4/GDAP1/LYSMD2","CELLTYPE"
"TRAVAGLINI_LUNG_NONCLASSICAL_MONOCYTE_CELL","TRAVAGLINI_LUNG_NONCLASSICAL_MONOCYTE_CELL",139,0.3045956557043,1.16469696873466,0.164912280701754,0.504590636618863,0.452740470951261,1743,"tags=21%, list=15%, signal=18%","RHOB/ITGAX/RELT/RXRA/TYMP/PTPN6/DUSP1/TCIRG1/SNX18/SPI1/RAB10/S100A11/EHBP1L1/SAT1/DUSP6/NAGA/RHOC/SLC11A1/HCK/DMXL2/LRRC25/CFP/SH2D3C/FGR/CST3/UTRN/TTYH3/PHF19/VMP1","CELLTYPE"
"GAO_ESOPHAGUS_25W_C1_CILIATED_EPITHELIAL_CELLS","GAO_ESOPHAGUS_25W_C1_CILIATED_EPITHELIAL_CELLS",186,0.287003920288639,1.1365965263022,0.166666666666667,0.504807692307692,0.452935222672065,2300,"tags=26%, list=19%, signal=22%","CSPP1/DPY19L2P2/SLC12A7/SYNE1/ZMYND10/ANKMY1/DLEC1/CCDC24/C12orf76/PTRH1/SLC27A2/SMPD3/DYNC2H1/USP24/BCAS3/PLCG2/CDHR3/MACF1/CPEB1/FHAD1/AP3M2/CCDC78/BBS5/LRWD1/KIF27/ARL13B/IL5RA/CFP/UBXN11/TRMT1/ARHGAP18/GOLGA2P5/ALMS1/IKZF4/STX7/KIF3A/WDR54/RASA3/DTHD1/CROCC/CCDC39/SNX29/C20orf96/DMPK/RSPH9/QTRT1/ANKRD54/ADAP1/RNLS","CELLTYPE"
"JONES_OVARY_T_CELL","JONES_OVARY_T_CELL",37,0.40386167963802,1.22798422468493,0.170777988614801,0.509283952263484,0.456951516065983,2048,"tags=32%, list=17%, signal=27%","ITM2A/PTP4A3/CRIP2/ITGA1/AEBP1/SVIL/ISYNA1/EFNA1/CRIP1/HLA-B/FAM43A/EPAS1","CELLTYPE"
"DESCARTES_FETAL_THYMUS_THYMIC_EPITHELIAL_CELLS","DESCARTES_FETAL_THYMUS_THYMIC_EPITHELIAL_CELLS",54,0.363059719664245,1.22068439097534,0.169611307420495,0.509283952263484,0.456951516065983,2992,"tags=33%, list=25%, signal=25%","SYNE1/MGMT/FGFR2/BCAS4/ACO1/DEPTOR/FMN1/CDC14B/MICALL2/GGA2/SNX29/SLC36A1/KANK1/EARS2/EPB41L4A/ASTN2/CACNA1I/RNF43","CELLTYPE"
"BUSSLINGER_DUODENAL_LATE_IMMATURE_ENTEROCYTES","BUSSLINGER_DUODENAL_LATE_IMMATURE_ENTEROCYTES",86,0.326645081162368,1.18355217543453,0.171378091872792,0.509283952263484,0.456951516065983,2251,"tags=24%, list=19%, signal=20%","CYSTM1/ACAA1/HLA-DRB1/DHRS11/HLA-DRA/REEP6/CAMK2N1/SMPD3/HADHB/SAT1/SLC4A7/SAT2/PCK2/MGST3/CD74/ABHD6/LPCAT3/ABCA5/ATP1B1/ACOX1/SLC25A37","CELLTYPE"
"FAN_EMBRYONIC_CTX_EX_4_EXCITATORY_NEURON","FAN_EMBRYONIC_CTX_EX_4_EXCITATORY_NEURON",72,0.337291044969567,1.17405845073387,0.170818505338078,0.509283952263484,0.456951516065983,1318,"tags=22%, list=11%, signal=20%","ANKRD36B/SLC2A13/SYNE1/KCNQ1OT1/AHI1/DNAJB2/ANKRD36/MYO6/RNF213/PLEC/SEC31B/GOLGA8A/RNF207/PGM5P2/STX1A/PI4KAP2","CELLTYPE"
"MANNO_MIDBRAIN_NEUROTYPES_HNBML5","MANNO_MIDBRAIN_NEUROTYPES_HNBML5",162,0.293755591986372,1.1496465585213,0.175257731958763,0.518367939596341,0.465102061091454,1784,"tags=18%, list=15%, signal=15%","SH3BP5/DLG3/IRGQ/OPTN/ENO2/HERC1/CPEB2/CXADR/SCN8A/SMPD3/DOT1L/AMPH/APC/C1orf35/KLC1/SEC31B/CMIP/APBA2/ATP8A1/DOK6/TCERG1/EMX2OS/GNPTAB/FGF9/CACNB3/COMTD1/ANKIB1/TMEM192/CCDC85B","CELLTYPE"
"TRAVAGLINI_LUNG_MYELOID_DENDRITIC_TYPE_1_CELL","TRAVAGLINI_LUNG_MYELOID_DENDRITIC_TYPE_1_CELL",16,0.510115232269659,1.28514194887618,0.181992337164751,0.527722377343438,0.473495265887095,2415,"tags=38%, list=20%, signal=30%","HLA-DRB5/HLA-DQA1/CST3/DPYSL2/FGL2/DSE","CELLTYPE"
"ZHENG_CORD_BLOOD_C3_MEGAKARYOCYTE_ERYTHROID_PROGENITOR","ZHENG_CORD_BLOOD_C3_MEGAKARYOCYTE_ERYTHROID_PROGENITOR",78,0.33005408387037,1.17262789259071,0.181494661921708,0.527722377343438,0.473495265887095,1239,"tags=17%, list=10%, signal=15%","NECAB1/KIF20B/TUBB2A/STAT5A/EMP3/BLVRB/JUND/CXADR/PNN/PABPC4/PDCD4/S100A6/EPOR","CELLTYPE"
"DESCARTES_MAIN_FETAL_MEGAKARYOCYTES","DESCARTES_MAIN_FETAL_MEGAKARYOCYTES",103,0.314319350606353,1.16138542504793,0.180385288966725,0.527722377343438,0.473495265887095,1736,"tags=19%, list=15%, signal=17%","TSPAN32/RUFY1/VASP/C11orf21/CENPT/TGFB1/DIAPH1/CD226/TPST2/MCTP1/DGKD/DOK1/MAFG/NBEAL2/PCYOX1L/PPBP/ILK/FHOD1/RASA3/TLN1","CELLTYPE"
"FAN_OVARY_CL17_PUTATIVE_APOPTOTIC_SMOOTH_MUSCLE_CELL","FAN_OVARY_CL17_PUTATIVE_APOPTOTIC_SMOOTH_MUSCLE_CELL",177,0.289315978287793,1.13861726533946,0.182608695652174,0.527722377343438,0.473495265887095,2508,"tags=29%, list=21%, signal=24%","PTP4A3/HSPA1A/CYSTM1/ROCK1/RAD23A/MAFF/TPM2/MALAT1/ATF3/IER3/RASSF1/MRPL32/CD9/SRRM2/LGALS1/PHLDA1/MIR22HG/TSC22D1/COL18A1/AHSA1/ADAMTS4/SQSTM1/PLEKHO1/GADD45B/CDKN1A/LMNA/IGFBP7/HIPK2/ISYNA1/CD151/PDGFRB/MYL6/KDM6B/PKIG/TAF7/HNRNPA2B1/AKAP13/HSPB1/EPAS1/PNRC1/SERPINH1/BAG3/DDX21/HSPA8/HSPA2/EMP2/MT2A/OPA3/ZBTB38/STIP1/NDRG2/NR1H2","CELLTYPE"
"AIZARANI_LIVER_C13_LSECS_2","AIZARANI_LIVER_C13_LSECS_2",138,-0.284948137578388,-1.12576849188049,0.18013856812933,0.527722377343438,0.473495265887095,1359,"tags=16%, list=11%, signal=14%","ELK3/PECAM1/CNN3/LAPTM4B/IL6ST/USP13/FLNB/FGFR1/FCGRT/TGFBR3/PPFIBP1/FLT4/CPNE2/DUSP5/IGFBP4/NTN4/ARHGEF7/CALU/TMCC3/TGFBR2/PLXND1/PHACTR2","CELLTYPE"
"HE_LIM_SUN_FETAL_LUNG_C4_CD16_POS_NK_CELL","HE_LIM_SUN_FETAL_LUNG_C4_CD16_POS_NK_CELL",17,0.489280647036929,1.24914267740811,0.202312138728324,0.535532131927916,0.480502514361388,1365,"tags=18%, list=11%, signal=16%","MYOM2/KIR2DL3/CX3CR1","CELLTYPE"
"CUI_DEVELOPING_HEART_COMPACT_VENTRICULAR_CARDIOMYOCYTE","CUI_DEVELOPING_HEART_COMPACT_VENTRICULAR_CARDIOMYOCYTE",21,0.450590853784383,1.22728741245148,0.197761194029851,0.535532131927916,0.480502514361388,716,"tags=14%, list=6%, signal=13%","ITM2A/VIM/LGALS1","CELLTYPE"
"DESCARTES_MAIN_FETAL_LYMPHATIC_ENDOTHELIAL_CELLS","DESCARTES_MAIN_FETAL_LYMPHATIC_ENDOTHELIAL_CELLS",31,0.41421971150907,1.21985567706401,0.190298507462687,0.535532131927916,0.480502514361388,141,"tags=13%, list=1%, signal=13%","PLEKHO2/SLC27A3/PIEZO1/PRR5L","CELLTYPE"
"GAO_SMALL_INTESTINE_24W_C3_ENTEROCYTE_PROGENITOR_SUBTYPE_1","GAO_SMALL_INTESTINE_24W_C3_ENTEROCYTE_PROGENITOR_SUBTYPE_1",22,-0.432804617341243,-1.21404702362198,0.201298701298701,0.535532131927916,0.480502514361388,1930,"tags=41%, list=16%, signal=34%","TATDN1/ENPP4/SLC35A4/CDK5/VPS26B/DUS3L/PEX14/DRG2/ZNF586","CELLTYPE"
"DESCARTES_FETAL_PANCREAS_ENS_NEURONS","DESCARTES_FETAL_PANCREAS_ENS_NEURONS",25,0.43375851336859,1.20902183899655,0.194756554307116,0.535532131927916,0.480502514361388,3425,"tags=56%, list=29%, signal=40%","TUBB2A/ENO2/SYNGR3/JAKMIP1/ATP1A3/GPR22/ATCAY/BUB3/FAM131B/ASTN2/MAP1B/TUBB4A/SPIN2B/RIMS3","CELLTYPE"
"JONES_OVARY_OOCYTE","JONES_OVARY_OOCYTE",38,-0.376323042745275,-1.19700381764928,0.189956331877729,0.535532131927916,0.480502514361388,1430,"tags=21%, list=12%, signal=19%","PAIP1/CDK7/TKTL1/SMS/SAP18/ZFAND2A/PFKP/NCK2","CELLTYPE"
"HE_LIM_SUN_FETAL_LUNG_C4_CD8_T_CELL","HE_LIM_SUN_FETAL_LUNG_C4_CD8_T_CELL",41,-0.367759889529381,-1.19324155150235,0.197368421052632,0.535532131927916,0.480502514361388,1316,"tags=22%, list=11%, signal=20%","PECAM1/TOB1/SREBF1/CCR7/CD5/SERINC5/CPNE2/BACH2/FBLN2","CELLTYPE"
"HE_LIM_SUN_FETAL_LUNG_C4_ACTIVATED_NK_CELL","HE_LIM_SUN_FETAL_LUNG_C4_ACTIVATED_NK_CELL",47,0.364344238180276,1.19049515298747,0.198568872987478,0.535532131927916,0.480502514361388,1501,"tags=15%, list=13%, signal=13%","TRAF1/PRR5L/CRTAM/DOT1L/PHLDA1/RNF19A/STX11","CELLTYPE"
"DESCARTES_MAIN_FETAL_SKELETAL_MUSCLE_CELLS","DESCARTES_MAIN_FETAL_SKELETAL_MUSCLE_CELLS",45,0.370085014069305,1.18872554168997,0.194139194139194,0.535532131927916,0.480502514361388,770,"tags=16%, list=6%, signal=15%","MYOM2/FGFRL1/TPM2/AK1/OBSCN/TMEM38B/BLCAP","CELLTYPE"
"HE_LIM_SUN_FETAL_LUNG_C1_GHRL_POS_NEUROENDOCRINE_CELL","HE_LIM_SUN_FETAL_LUNG_C1_GHRL_POS_NEUROENDOCRINE_CELL",39,0.380289174190419,1.1845373047149,0.194852941176471,0.535532131927916,0.480502514361388,3145,"tags=41%, list=26%, signal=30%","SYT11/CLIP3/CDHR3/AMPH/STX1A/GPRIN3/NPDC1/HES6/HLA-B/HIVEP3/RIC3/RAB3B/CASZ1/MAP1B/BACE1/RAP1GAP2","CELLTYPE"
"GAUTAM_EYE_IRIS_CILIARY_BODY_CILIARY_BODY_CELLS","GAUTAM_EYE_IRIS_CILIARY_BODY_CILIARY_BODY_CELLS",48,0.360521407122145,1.18372113508792,0.198568872987478,0.535532131927916,0.480502514361388,2703,"tags=38%, list=23%, signal=29%","ARHGEF12/ENO2/IER3/TMEM106B/TOMM34/KLF10/S100A6/TMEM160/MPRIP/KIAA1671/MCL1/GGA2/NCAM1/ACTG1/CITED2/STK17A/EPB41L4A/CERCAM","CELLTYPE"
"SU_HO_CONV_CENT_CHONDROSARCOMA_LEUKOCYTE_C1_M2_MACROPHAGE","SU_HO_CONV_CENT_CHONDROSARCOMA_LEUKOCYTE_C1_M2_MACROPHAGE",63,0.337574032676452,1.15459749001526,0.199637023593466,0.535532131927916,0.480502514361388,3528,"tags=40%, list=30%, signal=28%","ENO2/BLVRB/HLA-DQA2/S100A11/LGALS1/GABARAP/EIF4EBP1/S100A6/MYL6/ADAM8/HCST/GAPDH/HILPDA/TMEM140/PLIN2/LY96/IFITM3/CTSD/SLC2A1/FCGR2B/TUBGCP2/LSP1/EGLN3/HEBP1/LGALS3","CELLTYPE"
"BUSSLINGER_ESOPHAGEAL_LATE_SUPRABASAL_CELLS","BUSSLINGER_ESOPHAGEAL_LATE_SUPRABASAL_CELLS",61,0.338935293184561,1.14964754910735,0.197106690777577,0.535532131927916,0.480502514361388,1831,"tags=23%, list=15%, signal=20%","S100A10/TECR/NAGK/RAB10/S100A11/CAST/AHNAK/ATP6V0C/EGR1/CDKN1A/TMSB10/CST3/CSTB/HSPB1","CELLTYPE"
"RUBENSTEIN_SKELETAL_MUSCLE_PCV_ENDOTHELIAL_CELLS","RUBENSTEIN_SKELETAL_MUSCLE_PCV_ENDOTHELIAL_CELLS",180,0.286066335699968,1.13079175229471,0.192771084337349,0.535532131927916,0.480502514361388,1542,"tags=14%, list=13%, signal=12%","ITM2A/SH3BP5/HLA-DMA/HLA-DPB1/CYSTM1/SYNE2/HLA-DRB1/ID3/S100A10/HLA-DRA/CLU/CRIP2/CAST/SAT1/GNG5/TPM4/PDLIM1/HLA-DQA1/CHMP3/GADD45B/TMSB10/HLA-DPA1/NOP10/CD74/NPDC1","CELLTYPE"
"TRAVAGLINI_LUNG_CD8_NAIVE_T_CELL","TRAVAGLINI_LUNG_CD8_NAIVE_T_CELL",135,-0.284107759628275,-1.11978200885775,0.200455580865604,0.535532131927916,0.480502514361388,2110,"tags=25%, list=18%, signal=21%","CNOT6L/S1PR5/AKNA/SLA2/ETS1/EMB/SPON2/TBX21/CAPN2/GNG2/CALM1/RUNX3/ARL4C/CTSW/EOMES/B2M/RAB27A/CCND2/TOB1/PRKACB/RNF125/TGFBR3/GFI1/RAP1B/KLRG1/FYN/CDC42SE2/SPOCK2/IL10RA/ISG20/PIP4K2A/PRDM1/ITK/ZFP36L2","CELLTYPE"
"GAO_LARGE_INTESTINE_24W_C11_PANETH_LIKE_CELL","GAO_LARGE_INTESTINE_24W_C11_PANETH_LIKE_CELL",226,-0.260870036249864,-1.1051968781852,0.187353629976581,0.535532131927916,0.480502514361388,1272,"tags=15%, list=11%, signal=14%","NR4A3/CD53/RASSF5/CNEP1R1/KLHDC7B/DUSP2/UVRAG/CREG1/CR1/LST1/TNFAIP3/TNFRSF1B/NDST2/SLC7A5/LPCAT1/CEBPB/IFNGR1/SRGN/FLI1/MTHFD2/CD40/CD300A/PFKFB3/NINJ1/LIPA/TNFSF13B/IL23A/GNL3/ABCA1/IKZF1/CXCR4/GPR65/SGPP1/SLA","CELLTYPE"
"GAO_LARGE_INTESTINE_ADULT_CI_MESENCHYMAL_CELLS","GAO_LARGE_INTESTINE_ADULT_CI_MESENCHYMAL_CELLS",266,0.266576515311958,1.0998638412604,0.193708609271523,0.535532131927916,0.480502514361388,2221,"tags=26%, list=19%, signal=21%","XCL2/RELT/CCDC88A/HHEX/HLA-DOB/IGLL5/IFFO2/FAM117A/JSRP1/A1BG/SPINK2/EMP3/RNF122/PPP1R18/DOCK8/SLC12A4/TRAF3IP3/ENO2/NCF4/RASGRP3/CDKN2A/TGFB1/GPR15/HVCN1/ARHGAP30/VIM/ZBP1/TPST2/LGALS1/FLT3LG/SKAP1/SIT1/SLFN11/COL18A1/DOK2/PLEKHO1/PTPRCAP/GPSM3/CYTH4/PTPRC/TRIM69/ADAM8/STX11/HLA-DPA1/CD7/HCST/APBB1IP/NKG7/CD3D/IFNAR2/MEI1/KCNA3/RASA3/CD37/GPR183/WAS/TRPV2/PTPN7/BTN2A2/FGL2/IGFLR1/CEP128/CD48/FXYD5/RGS19/LIMD2/INPP5D/TUBG2","CELLTYPE"
"HU_FETAL_RETINA_MICROGLIA","HU_FETAL_RETINA_MICROGLIA",308,0.263736346079181,1.09865629705158,0.188834154351396,0.535532131927916,0.480502514361388,2135,"tags=22%, list=18%, signal=18%","KLF6/RHOB/HLA-DMB/ATP8B4/HLA-DMA/ITGAX/HSPA1A/LAT2/LPAR6/TYMP/HLA-DRB1/DUSP1/PPP1R18/DOCK8/HLA-DRA/NCF4/ATF3/SPI1/IER5/ZFP36L1/PYCARD/S100A11/ARHGAP30/RNF213/CNPY3/SAT1/GNG5/VAMP8/HCK/PLEKHO1/SWAP70/CIB1/GADD45B/TRIM38/CDKN1A/GPSM3/CYTH4/ITSN2/PTPRC/CX3CR1/HLA-DPA1/CD74/CST3/HCST/APBB1IP/EFHD2/SRGAP2/OSTF1/TLN1/CD37/GPR183/WAS/ANXA11/AKAP13/HLA-B/SYK/ANXA5/FGL2/ZYX/CYBA/HSPA1B/MYO9B/RNASE6/CLEC7A/CD14/RGS19/BAG3","CELLTYPE"
"LAKE_ADULT_KIDNEY_C18_COLLECTING_DUCT_PRINCIPAL_CELLS_MEDULLA","LAKE_ADULT_KIDNEY_C18_COLLECTING_DUCT_PRINCIPAL_CELLS_MEDULLA",261,-0.255634975611081,-1.09635224120882,0.201946472019465,0.535532131927916,0.480502514361388,3065,"tags=32%, list=26%, signal=24%","RPS13/RPS7/NACA/PCMTD1/BTF3/MYL12A/NPM1/MYH10/RBBP8/RPS5/EIF4G2/RTN3/EEF1A1/XRCC5/RPL5/HNRNPR/TPI1/KRT18/RPL34/ASAH1/PLCL2/CTSH/RPS4X/RPSA/ACSL4/PPIB/RPS6/METAP2/CCNI/ENO1/PDIA3/TMEM213/ANAPC16/RPL4/SERBP1/YWHAB/CD164/RPL3/TMBIM6/LDHB/RPL10/HADHA/RPL15/NDRG1/PLEKHA1/CALM1/SYTL2/ITM2B/NDUFA4/LITAF/REEP5/RPS14/HSP90B1/GSTP1/PLSCR1/TMEM59/EID1/B2M/RPLP0/RPL10A/CYB5A/CREM/CA2/EEF2/AQP3/RPL6/ATP6V1G1/FTH1/DYNLT1/TGOLN2/YWHAZ/CLINT1/SLC38A1/PGK1/TXNIP/RPL7/CANX/YBX1/HLA-C/PFKFB3/PRKAG2/CNBP/FAM107B/SGPP1","CELLTYPE"
"MANNO_MIDBRAIN_NEUROTYPES_HPERIC","MANNO_MIDBRAIN_NEUROTYPES_HPERIC",424,0.25403272925719,1.09162944047001,0.197712418300654,0.535532131927916,0.480502514361388,1616,"tags=18%, list=14%, signal=16%","ARHGEF12/KLF6/JUN/MYOM2/PIEZO1/B4GALT3/CYSTM1/LPAR6/TBC1D2B/IER2/MYADM/CISH/SLC12A7/PELO/ID3/SNHG12/TCIRG1/MAFF/SNX18/TPM2/ATF3/TGFB1/MMP25/LIMA1/ZFP36L1/GPC1/CD9/TMC4/MAP3K5/EHBP1L1/HEXIM1/RNF213/RBMS2/TESC/CAST/HADHB/LGALS1/PHLDA1/HOPX/CD81/MIR22HG/TAGLN2/TPM4/ITM2C/VAMP8/ITGA1/NAGA/COL18A1/PDLIM1/PCOLCE/ADAMTS4/EPB41L2/EGR1/RHOC/ING1/MAGED2/GADD45B/TRIM38/CDKN1A/MEF2D/LMNA/SVIL/SERPINB6/IGFBP7/ISYNA1/LOXL2/CRIP1/PDGFRB/SPECC1/SH2D3C/SHC1/TMOD3/PKIG/HCST/ILK/EFHD2/GGT1/FNDC3B","CELLTYPE"
"VANGURP_PANCREATIC_DELTA_CELL","VANGURP_PANCREATIC_DELTA_CELL",28,0.415133150249779,1.18641277682624,0.205273069679849,0.539480234989545,0.484044922622198,1743,"tags=29%, list=15%, signal=24%","HHEX/SYNE2/CD9/CXADR/VIM/S100A6/AMIGO2/VMP1","CELLTYPE"
"DESCARTES_FETAL_LIVER_MYELOID_CELLS","DESCARTES_FETAL_LIVER_MYELOID_CELLS",82,0.322042147438375,1.14974451620971,0.206093189964158,0.539480234989545,0.484044922622198,2161,"tags=27%, list=18%, signal=22%","ITGAX/CARD14/TYMP/TPRG1/OSBPL11/HLA-DQA1/NFKBIE/DMXL2/MCOLN1/GAA/FMN1/LRRC25/CFP/CABP4/SIRPB1/NOD2/CST3/FGL2/LILRB3/RNASE6/CLEC7A/IFIT3","CELLTYPE"
"TRAVAGLINI_LUNG_DIFFERENTIATING_BASAL_CELL","TRAVAGLINI_LUNG_DIFFERENTIATING_BASAL_CELL",76,-0.313114938466997,-1.13392305033054,0.206896551724138,0.539480234989545,0.484044922622198,2893,"tags=36%, list=24%, signal=27%","ECE1/DHRS3/TSPO/EEF1A1/TPI1/GLTP/IFI16/RPS4X/RPSA/HMGB3/RPL3/ZFYVE21/CTSB/SORL1/AKR1A1/GSTP1/PDHB/EIF3F/ANXA1/AQP3/BEND5/PGAM1/GSN/IGFBP4/PERP/DDIT4/CMTM7","CELLTYPE"
"LAKE_ADULT_KIDNEY_C9_THIN_ASCENDING_LIMB","LAKE_ADULT_KIDNEY_C9_THIN_ASCENDING_LIMB",217,-0.259697136594817,-1.0908425825653,0.207228915662651,0.539480234989545,0.484044922622198,3065,"tags=32%, list=26%, signal=24%","RPS13/RPS7/NACA/BTF3/MYL12A/NPM1/RBBP8/RPS5/EIF4G2/HNRNPC/EEF1A1/XRCC5/RPL5/HNRNPR/TPI1/KRT18/RPL34/RPS4X/RPSA/ACSL4/BTG1/PPIB/RPS6/CCNI/ENO1/PDIA3/RPL4/SERBP1/YWHAB/RAN/SLC25A3/RPL3/TMBIM6/ZFAND5/LDHB/RPL10/RPL15/PLEKHA1/CALM1/SYTL2/ITM2B/NDUFA4/DEK/REEP5/RPS14/HSP90B1/GSTP1/TMEM59/EID1/B2M/RPLP0/RPL10A/CYB5A/EEF2/RPL6/ATP6V1G1/FTH1/NCL/TGOLN2/CLINT1/PGK1/NTN4/RPL7/CANX/SCCPDH/YBX1/CIRBP/PFKFB3/CNBP/ASPH","CELLTYPE"
"GAUTAM_EYE_CHOROID_SCLERA_ACTIVATED_T_CELLS","GAUTAM_EYE_CHOROID_SCLERA_ACTIVATED_T_CELLS",104,0.30702853225741,1.13362740021539,0.209424083769634,0.542951328291642,0.48715933716393,2183,"tags=23%, list=18%, signal=19%","SPATA2L/ZNF276/GPR18/CAMK2G/IFFO2/FASLG/PTPN6/CDC7/TRIM26/DIAPH1/PTGDR/SIT1/ZNF836/INO80E/BRD1/HELB/TMEM154/CD58/RINL/CENPN/ABTB1/APOBEC3D/RGS19/PILRB","CELLTYPE"
"AIZARANI_LIVER_C21_STELLATE_CELLS_1","AIZARANI_LIVER_C21_STELLATE_CELLS_1",93,0.313676758992936,1.14573844023755,0.214669051878354,0.547536448110782,0.49127330431995,1429,"tags=25%, list=12%, signal=22%","MYADM/HLA-DRB1/MAFF/IER3/ZFP36L1/VIM/LGALS1/DYNLL1/PHLDA1/CD81/TPM4/TSC22D1/ITM2C/PALLD/PCOLCE/EGR1/MXRA7/CDKN1A/AEBP1/LMNA/IGFBP7/CDC42EP3/CCBE1","CELLTYPE"
"MANNO_MIDBRAIN_NEUROTYPES_HRGL2C","MANNO_MIDBRAIN_NEUROTYPES_HRGL2C",118,-0.28808961703448,-1.10895754099186,0.213151927437642,0.547536448110782,0.49127330431995,2834,"tags=29%, list=24%, signal=22%","NUSAP1/CRTAP/LRP1/DBI/EEPD1/PTPRE/DHX32/GLTP/PHGDH/PRKCA/FGFBP3/GNG7/MYBL2/FAM89A/PSAT1/BIRC5/IER3IP1/CDCA5/ARHGEF4/LITAF/THUMPD2/ACSS1/CD44/FANCB/DHFR/TRIB2/MAP3K1/SH3D19/SPRY1/PIK3CB/FBLN2/ARHGEF6/LRIG1/ZWINT","CELLTYPE"
"MANNO_MIDBRAIN_NEUROTYPES_HDA1","MANNO_MIDBRAIN_NEUROTYPES_HDA1",224,0.272478740647829,1.09768230862623,0.213541666666667,0.547536448110782,0.49127330431995,2556,"tags=25%, list=21%, signal=20%","ANKRD36B/SH3BP5/CASP2/IRGQ/CCDC88A/OPTN/ENO2/AKAP9/KCTD7/FRS3/CXADR/CAMK2N1/SCN8A/SMPD3/AMPH/RUFY3/ARL8A/TMX4/SCAPER/C1orf35/KLC1/DOCK3/SYNGR3/CMIP/PDE4DIP/DOK6/ATP11C/CCBE1/SLC25A12/GNPTAB/FGF9/RUFY2/GOLGA7B/COMTD1/CHD3/KIF3A/JAKMIP1/PCSK1N/NCAM1/FADS3/ATP1B1/ATP1A3/NAPB/CLASP2/CCDC136/REV3L/HIVEP3/RUSC1/ATCAY/TSC1/RAB3B/DUSP4/KIF21A/ZBTB38/TRIM58/CPEB4/PLXNA3","CELLTYPE"
"HAY_BONE_MARROW_NK_CELLS","HAY_BONE_MARROW_NK_CELLS",325,0.259889358897017,1.09518394368493,0.213826366559486,0.547536448110782,0.49127330431995,1746,"tags=18%, list=15%, signal=16%","MYOM2/TSPAN32/ZNF276/XCL2/KIR3DL2/PRR5L/PRPF38B/IER2/MIB2/FASLG/OPTN/SYNE1/PPP1R18/LLGL2/MAFF/CLIC1/PLEKHF1/CTBP2/TBCB/ARPC5L/RASSF1/SHISA5/MIEN1/ARHGAP30/PTGDR/ZBP1/RNF213/STARD3NL/SCLT1/TPST2/RNF167/HOPX/TADA3/SYTL1/SKAP1/DOK2/MCTP2/KIR2DL3/RHOF/CIB1/CXCR2/CEP78/PRDX5/PYROXD2/CX3CR1/DDX6/MLC1/IGF2R/ADAM8/GNPTAB/CD7/HCST/NKG7/EFHD2/CD160/ERBB2/OSTF1/DTHD1/USP28","CELLTYPE"
"BUSSLINGER_GASTRIC_LYZ_POSITIVE_CELLS","BUSSLINGER_GASTRIC_LYZ_POSITIVE_CELLS",78,-0.313059912623139,-1.14050980349481,0.218181818181818,0.55425219941349,0.497298965889798,3322,"tags=33%, list=28%, signal=24%","RPL18A/RPS3A/RPL31/RPS13/RPS7/RPS5/EEF1A1/RPL5/EEF1B2/RPL34/RPS4X/RPS6/TM9SF3/RPL3/RPL10/RPL15/RPS14/RPL17/EEF1G/RPLP0/RPL10A/EEF2/RPL6/ATP6V1G1/RPL7/ERGIC1","CELLTYPE"
"CUI_DEVELOPING_HEART_ENDOCARDIAL_CELL","CUI_DEVELOPING_HEART_ENDOCARDIAL_CELL",18,0.470956889788977,1.22614472106209,0.220952380952381,0.5568,0.499584962406015,3288,"tags=50%, list=28%, signal=36%","ITM2C/COL18A1/ISYNA1/ATP1B1/F2RL2/TMEM141/NT5E/ENG/OST4","CELLTYPE"
"DESCARTES_FETAL_PLACENTA_MEGAKARYOCYTES","DESCARTES_FETAL_PLACENTA_MEGAKARYOCYTES",100,0.308079087906802,1.13651975978037,0.220848056537102,0.5568,0.499584962406015,1736,"tags=21%, list=15%, signal=18%","TSPAN32/RUFY1/C11orf21/CENPT/TGFB1/DNAJB2/ZMYND8/CD226/MCTP1/SEC31B/WNT7B/MLC1/PPBP/ILK/RFXAP/CDC14B/FHOD1/TNIK/MAVS/RASA3/TLN1","CELLTYPE"
"FAN_EMBRYONIC_CTX_BIG_GROUPS_MICROGLIA","FAN_EMBRYONIC_CTX_BIG_GROUPS_MICROGLIA",276,0.262717643792343,1.08617719010222,0.2220367278798,0.557303340893521,0.500036581553585,2217,"tags=22%, list=19%, signal=18%","JUN/RHOB/ATP8B4/ITGAX/HSPA1A/HHEX/LAT2/LPAR6/IER2/PTPN6/DUSP1/PPP1R18/DOCK8/TCIRG1/NCF4/IER3/HVCN1/ZFP36L1/PYCARD/S100A11/RNF213/CNPY3/SCAF11/DAGLB/SAT1/GNG5/CD81/VAMP8/NAGA/EPB41L2/EGR1/HCK/GAA/GADD45B/SERPINB6/GPSM3/CYTH4/PTPRC/CX3CR1/CD74/HCST/APBB1IP/OSTF1/TLN1/VMP1/CD37/GPR183/CCND1/HLA-B/HSPB1/SYK/ANXA5/CYBA/HSPA1B/RNASE6/CD14/RGS19/SERPINB9/INPP5D/LTC4S","CELLTYPE"
"CUI_DEVELOPING_HEART_C3_FIBROBLAST_LIKE_CELL","CUI_DEVELOPING_HEART_C3_FIBROBLAST_LIKE_CELL",36,0.387525811915706,1.17449260856283,0.224528301886792,0.560546173194394,0.502946190485196,1204,"tags=19%, list=10%, signal=18%","ITM2A/PLAGL1/LGALS1/RRBP1/PCOLCE/EPB41L2/IGFBP7","CELLTYPE"
"HE_LIM_SUN_FETAL_LUNG_C4_TREG_CELL","HE_LIM_SUN_FETAL_LUNG_C4_TREG_CELL",35,-0.37538194938302,-1.16735307452329,0.225108225108225,0.560546173194394,0.502946190485196,1304,"tags=29%, list=11%, signal=26%","TSPAN5/SNX9/BCL2L11/CCR4/CTLA4/CD5/CD28/PERP/GPA33/RTKN2","CELLTYPE"
"FAN_EMBRYONIC_CTX_MICROGLIA_1","FAN_EMBRYONIC_CTX_MICROGLIA_1",109,0.304684887443034,1.12916792309552,0.226315789473684,0.561334438458351,0.503653456060375,2546,"tags=28%, list=21%, signal=23%","CKAP2/CKAP5/KIF20B/CENPE/KIF22/MKI67/DDX39A/CDCA8/PTTG1/ATAD5/CEP152/ASPM/SRSF10/CNTRL/CCDC18/FAM111A/TTF2/CENPM/PHF19/ARHGAP11A/ANP32E/CENPN/KPNA2/NCAPG2/PRC1/EZH2/BUB3/UBE2T/CKS2/ARL6IP1/BARD1","CELLTYPE"
"HE_LIM_SUN_FETAL_LUNG_C3_MID_CAP_CELL","HE_LIM_SUN_FETAL_LUNG_C3_MID_CAP_CELL",22,-0.420739238320227,-1.18020279714557,0.233766233766234,0.56745311554749,0.509143396907271,1932,"tags=36%, list=16%, signal=31%","JAM3/PDE3B/ANKRD44/TIAM1/EGLN1/CA2/SLC35F2/AFF3","CELLTYPE"
"DESCARTES_FETAL_EYE_CORNEAL_AND_CONJUNCTIVAL_EPITHELIAL_CELLS","DESCARTES_FETAL_EYE_CORNEAL_AND_CONJUNCTIVAL_EPITHELIAL_CELLS",96,0.30794072164751,1.13192960561155,0.232269503546099,0.56745311554749,0.509143396907271,1432,"tags=21%, list=12%, signal=18%","IER2/MAFF/ATF3/CDKN2A/HDAC11/IER3/ADRB1/GBP3/RASSF7/CD9/TMC4/IRF2BP1/HOPX/SYTL1/VAMP8/ITPKC/GADD45B/S100A6/CRIP1/TTC22","CELLTYPE"
"DESCARTES_FETAL_MUSCLE_ERYTHROBLASTS","DESCARTES_FETAL_MUSCLE_ERYTHROBLASTS",74,0.321776358493257,1.12990647454308,0.229802513464991,0.56745311554749,0.509143396907271,1547,"tags=18%, list=13%, signal=15%","ST6GALNAC4/FAM117A/HTRA2/SLC12A4/BLVRB/CROCCP2/CDCA8/C1orf35/TMEM14C/SLC43A1/PPME1/AMIGO2/RHD","CELLTYPE"
"SU_HO_FOETAL_FEMUR_C4_FIBROBLAST","SU_HO_FOETAL_FEMUR_C4_FIBROBLAST",124,0.29595559010826,1.12168511886334,0.235087719298246,0.56745311554749,0.509143396907271,1992,"tags=23%, list=17%, signal=19%","ARHGEF12/RCBTB2/TCIRG1/CHD4/CHCHD10/SHISA5/DYNC2H1/CAST/HOPX/CD81/PLEC/PCOLCE/EPB41L2/KLF10/ETHE1/AEBP1/RABGAP1/MGST3/FRMD4A/STX7/TLN1/VMP1/MAP4K4/IAH1/RAB11B/NAT14/KLHL24/ZYX","CELLTYPE"
"FAN_EMBRYONIC_CTX_BIG_GROUPS_BRAIN_IMMUNE","FAN_EMBRYONIC_CTX_BIG_GROUPS_BRAIN_IMMUNE",141,0.290509819969676,1.11176412530184,0.234676007005254,0.56745311554749,0.509143396907271,2222,"tags=25%, list=19%, signal=20%","HLA-DRB1/EMP3/PTPN6/DUSP1/S100A10/HLA-DRA/CLIC1/S100A11/RNF213/TAGLN2/SYTL1/SKAP1/VAMP8/DOK2/PVRIG/PTPRCAP/CIB1/GADD45B/GPSM3/S100A6/PTPRC/CRIP1/SP110/CD74/CD7/HCST/UTRN/CD37/ANXA11/HLA-B/CD48/FXYD5/LIMD2/IFITM2/RAC2","CELLTYPE"
"DESCARTES_MAIN_FETAL_LYMPHOID_CELLS","DESCARTES_MAIN_FETAL_LYMPHOID_CELLS",110,-0.286437109087801,-1.09261158680261,0.233256351039261,0.56745311554749,0.509143396907271,1548,"tags=20%, list=13%, signal=18%","GPR171/ARHGDIB/CYLD/KIR3DL1/RUNX3/ARL4C/GZMK/TNFRSF25/XCL1/IL23R/RNF125/IL7R/CTLA4/NCR3/CD5/ISG20/TMEM156/TXK/CXCR4/CCR6/IL18RAP/KLRB1","CELLTYPE"
"DESCARTES_FETAL_INTESTINE_LYMPHOID_CELLS","DESCARTES_FETAL_INTESTINE_LYMPHOID_CELLS",122,-0.281725541022,-1.09173485058153,0.231292517006803,0.56745311554749,0.509143396907271,1818,"tags=20%, list=15%, signal=18%","TBX21/LTB/PDE7A/ALDOC/GPR171/CTSW/GZMK/EOMES/XCL1/IL23R/CCR9/TMIGD2/CCR4/IL7R/CCR7/NCR3/CD5/CD40LG/CXCR6/ITK/TXK/IL18RAP/SLC4A10/ZBTB16/KLRB1","CELLTYPE"
"MANNO_MIDBRAIN_NEUROTYPES_HNBML1","MANNO_MIDBRAIN_NEUROTYPES_HNBML1",109,0.302103396642991,1.11960086964027,0.236842105263158,0.569505825632784,0.510985176883551,2511,"tags=28%, list=21%, signal=22%","CCDC122/CXADR/SCN8A/SMPD3/PHLDA1/RUFY3/C1orf35/KLC1/DOCK3/RHOU/CMIP/DOK6/ATP11C/CCBE1/GPRIN3/YPEL4/FGF9/CACNB3/KCNA3/PCSK1N/NCAM1/FHOD3/ATP1A3/NAPB/MAPK6/RUSC1/ATCAY/KIF21A/ZBTB38/LCOR","CELLTYPE"
"SU_HO_CONV_CENT_CHONDROSARCOMA_STROMAL_C3_FIBROCARTILAGE_CHONDROCYTE","SU_HO_CONV_CENT_CHONDROSARCOMA_STROMAL_C3_FIBROCARTILAGE_CHONDROCYTE",35,-0.370637053453181,-1.15259751991792,0.24025974025974,0.573347107438017,0.514431740508296,487,"tags=26%, list=4%, signal=25%","RPL4/ADK/P4HA1/RPL15/P4HB/CIRBP/PGM1/PFKP/AVPI1","CELLTYPE"
"DURANTE_ADULT_OLFACTORY_NEUROEPITHELIUM_OLFACTORY_ENSHEATHING_GLIA","DURANTE_ADULT_OLFACTORY_NEUROEPITHELIUM_OLFACTORY_ENSHEATHING_GLIA",51,0.339877649216473,1.12903350028821,0.239786856127886,0.573347107438017,0.514431740508296,2729,"tags=27%, list=23%, signal=21%","S100A10/CLU/VIM/LGALS1/CST3/OAF/NCAM1/FADS3/TSC22D4/MT1E/MT2A/NDRG2/S100B/IFITM3","CELLTYPE"
"DESCARTES_FETAL_INTESTINE_ENS_NEURONS","DESCARTES_FETAL_INTESTINE_ENS_NEURONS",16,0.480392870840431,1.21026190006366,0.241379310344828,0.57384515289525,0.514878608362155,3459,"tags=69%, list=29%, signal=49%","TUBB2A/DOCK3/JAKMIP1/HEATR5A/ATP1A3/GPR22/ATCAY/ASTN2/MAP1B/TUBB4A/ATP6V1G2","CELLTYPE"
"DESCARTES_MAIN_FETAL_THYMOCYTES","DESCARTES_MAIN_FETAL_THYMOCYTES",54,-0.326273424551873,-1.12083446435673,0.243119266055046,0.575808788025109,0.516640466448594,2608,"tags=33%, list=22%, signal=26%","DOC2GP/CD247/IKZF2/CCND3/TCF7/PDSS1/ATF7IP2/PDE7A/PDCD1/NFATC3/DGKA/LETM1/CCR9/SSH2/TFDP2/ELOVL4/SATB1/P2RX5","CELLTYPE"
"DESCARTES_FETAL_THYMUS_THYMOCYTES","DESCARTES_FETAL_THYMUS_THYMOCYTES",15,-0.455829641817201,-1.15973753888892,0.25,0.577981651376147,0.518590053114438,1974,"tags=33%, list=17%, signal=28%","PHGDH/UBIAD1/ZFP1/CD40LG/PLK4","CELLTYPE"
"DESCARTES_MAIN_FETAL_RETINAL_PIGMENT_CELLS","DESCARTES_MAIN_FETAL_RETINAL_PIGMENT_CELLS",38,-0.355624511951137,-1.13116617932776,0.251091703056769,0.577981651376147,0.518590053114438,1723,"tags=26%, list=14%, signal=23%","ERMN/MLANA/RAB27A/TRPM7/TEX2/ZNF92/PARD6B/CYB5RL/AK5/RAD54B","CELLTYPE"
"DESCARTES_FETAL_SPLEEN_MYELOID_CELLS","DESCARTES_FETAL_SPLEEN_MYELOID_CELLS",49,0.340453009129253,1.12430364668653,0.24645390070922,0.577981651376147,0.518590053114438,2054,"tags=24%, list=17%, signal=20%","ITGAX/CARD14/HCK/DMXL2/MCOLN1/FMN1/CABP4/SIRPB1/NOD2/RAB20/LILRB3/CLEC7A","CELLTYPE"
"DESCARTES_MAIN_FETAL_LENS_FIBRE_CELLS","DESCARTES_MAIN_FETAL_LENS_FIBRE_CELLS",74,-0.309203651097438,-1.11792270521506,0.247191011235955,0.577981651376147,0.518590053114438,2559,"tags=35%, list=21%, signal=28%","HDAC6/DCTN5/SIPA1L3/DNMBP/KDM3A/CARHSP1/LIM2/ZFYVE21/CTIF/FDXACB1/RNF25/GSS/SORD/ADAM17/NPLOC4/CYB5R4/HMGB1/WNT7A/SLC25A44/ZNF761/TMEM117/ME1/FBXO3/CMTM7/ALG5/CERK","CELLTYPE"
"DESCARTES_MAIN_FETAL_ELF3_AGBL2_POSITIVE_CELLS","DESCARTES_MAIN_FETAL_ELF3_AGBL2_POSITIVE_CELLS",107,0.302435021751302,1.11254947991972,0.249554367201426,0.577981651376147,0.518590053114438,2112,"tags=22%, list=18%, signal=19%","ALKBH6/DCXR/PTP4A3/RPL39L/RNF113A/DUSP28/PTTG1/CDK16/ZNF319/BRK1/MCRS1/ULK3/LCMT2/TRIM69/CSNK2A2/MTHFSD/ZNF524/GOLIM4/ZFP57/THAP2/ACAD8/LYSMD4/DDA1/SNF8","CELLTYPE"
"HAY_BONE_MARROW_PLATELET","HAY_BONE_MARROW_PLATELET",105,0.30105097443783,1.10845422546512,0.252204585537919,0.577981651376147,0.518590053114438,2579,"tags=27%, list=22%, signal=21%","RUFY1/CENPT/CLU/SWI5/CD226/TAGLN2/TPM4/TSC22D1/LANCL3/PLEKHO1/CD151/ARHGAP18/PPBP/ILK/WBP2/AHCTF1/TLN1/ICAM2/GRAP2/RSPH9/TMEM140/ENDOD1/SH3BGRL2/TMBIM1/RGS10/TRIM58/MLH3/TUBA8","CELLTYPE"
"LAKE_ADULT_KIDNEY_C4_PROXIMAL_TUBULE_EPITHELIAL_CELLS_S2","LAKE_ADULT_KIDNEY_C4_PROXIMAL_TUBULE_EPITHELIAL_CELLS_S2",86,-0.300186165846829,-1.10823507014227,0.252293577981651,0.577981651376147,0.518590053114438,843,"tags=14%, list=7%, signal=13%","PPFIBP1/SSH2/CDKAL1/BCL2/ERRFI1/IGF1R/ACSM3/KANSL1/KLF12/NTN4/ZBTB16/FKBP5","CELLTYPE"
"SU_HO_CONV_CENT_CHONDROSARCOMA_STROMAL_C4_CANCER_ASSOCIATED_FIBROBLAST","SU_HO_CONV_CENT_CHONDROSARCOMA_STROMAL_C4_CANCER_ASSOCIATED_FIBROBLAST",90,-0.297061681248124,-1.10206630978917,0.251748251748252,0.577981651376147,0.518590053114438,2368,"tags=28%, list=20%, signal=22%","PPIB/EMILIN1/ERLEC1/RCN1/TM9SF3/TMED3/CTSA/CFH/COL5A1/CTSB/KDELR2/NDUFA4/SSR3/SSR1/LTBP2/GPX8/SEC31A/ISOC2/SEC61A1/TMEM167A/SPON1/CRELD2/OSTC/FOXP1/FKBP7","CELLTYPE"
"HE_LIM_SUN_FETAL_LUNG_C0_LATE_MESOTHELIAL_CELL","HE_LIM_SUN_FETAL_LUNG_C0_LATE_MESOTHELIAL_CELL",358,0.254361740965374,1.07759204162235,0.247572815533981,0.577981651376147,0.518590053114438,1578,"tags=17%, list=13%, signal=15%","ITM2A/RAB33A/PLP2/MUS81/SH3BP5/PIEZO1/CYSTM1/HAGHL/TBC1D2B/MIB2/FGFRL1/DVL1/A1BG/HLA-DRB1/OPTN/TMEM8B/IRF7/MAFF/ITPR3/DNAJC25/PLEKHF1/GBP3/IER5/CAPG/KRTCAP3/PYCARD/RASSF7/CD9/GALE/MIEN1/CXADR/SMPD3/CIC/NCOR2/SIRT5/HEG1/ARL8A/PLEC/CCPG1/SLC26A2/PAK4/VAMP8/COL18A1/PROCR/ETHE1/CDKN1A/ARRDC1/EFNA1/GIT1/CDC42EP3/CRIP1/ARHGAP18/SPECC1/UBE2Q1/DECR2/STX11/FGF9/CD74/NPDC1/COMTD1","CELLTYPE"
"FAN_OVARY_CL16_LYMPHATIC_ENDOTHELIAL_CELL","FAN_OVARY_CL16_LYMPHATIC_ENDOTHELIAL_CELL",157,0.279814964679504,1.09315338465997,0.261538461538462,0.596989966555184,0.535645132899138,1441,"tags=16%, list=12%, signal=14%","KLF6/JUN/IER2/SPSB3/DUSP1/S100A10/NKTR/MALAT1/RASGRP3/CLU/CD9/CRIP2/DUSP6/ARL2/RHOC/PROCR/KLF10/NDUFS7/GADD45B/IGFBP7/S100A6/CD151/EFNA1/DDX17/SHC1","CELLTYPE"
"HE_LIM_SUN_FETAL_LUNG_C7_TM4SF4_POS_PENK_POS_NEURON_CELL","HE_LIM_SUN_FETAL_LUNG_C7_TM4SF4_POS_PENK_POS_NEURON_CELL",34,0.381301102162774,1.14752371985686,0.262569832402235,0.59718048524696,0.535816074482235,2858,"tags=41%, list=24%, signal=31%","BBC3/ICA1/SEMA4F/PPP2R5B/TMOD1/SH2D3C/YPEL4/SCML4/BAIAP2/GPR22/ZFR2/GNB5/TSHZ3/SLC2A1","CELLTYPE"
"LAKE_ADULT_KIDNEY_C19_COLLECTING_DUCT_INTERCALATED_CELLS_TYPE_A_MEDULLA","LAKE_ADULT_KIDNEY_C19_COLLECTING_DUCT_INTERCALATED_CELLS_TYPE_A_MEDULLA",261,-0.248696453351052,-1.06659471521976,0.265206812652068,0.601008244499291,0.53925050508959,3065,"tags=31%, list=26%, signal=24%","RPS13/RPS7/NACA/BTF3/MYL12A/NPM1/RBBP8/RPS5/EEF1A1/XRCC5/RPL5/HNRNPR/TPI1/MSMO1/HSPA4/KRT18/RPL34/MDH1/INSIG1/MBOAT2/RPS4X/RPSA/BTG1/RPS6/ENO1/PDIA3/TMEM213/ANAPC16/TERF2IP/RPL4/SERBP1/YWHAB/TM9SF3/CD164/WWP1/SLC25A3/NDUFA5/RPL3/TMBIM6/ZFAND5/LDHB/RPL10/ARL6IP5/CAPN2/NFE2L2/HADHA/RPL15/CALM1/ITM2B/NDUFA4/PAFAH1B1/LITAF/REEP5/RPS14/HSP90B1/GSTP1/TMEM59/EID1/B2M/CNN3/RPLP0/RPL10A/CYB5A/CA2/EEF2/RPL6/ATP6V1G1/FTH1/TBC1D14/ITGA6/DYNLT1/TGOLN2/TMEM117/SLC38A1/PGK1/TXNIP/RPL7/CANX/HLA-C/MPP7/CNBP","CELLTYPE"
"MANNO_MIDBRAIN_NEUROTYPES_HRGL1","MANNO_MIDBRAIN_NEUROTYPES_HRGL1",115,0.297206709297353,1.10639566489979,0.268206039076377,0.604880136986301,0.542724533937584,1116,"tags=15%, list=9%, signal=14%","NUAK2/TCF12/CSPP1/RPGR/ID3/NOTCH1/BLVRB/ZFP36L1/CLU/VIM/WEE1/TAGLN2/AHNAK/DEPTOR/COL18A1/ADAMTS6/SULF2","CELLTYPE"
"GAUTAM_EYE_IRIS_CILIARY_BODY_PUTATIVE_STEM_CELLS","GAUTAM_EYE_IRIS_CILIARY_BODY_PUTATIVE_STEM_CELLS",206,0.267274569544396,1.07170561336331,0.268835616438356,0.604880136986301,0.542724533937584,2557,"tags=25%, list=21%, signal=20%","MPHOSPH8/MED19/RSBN1L/SMARCA2/MALAT1/ARPC5L/PPP1R21/CXADR/ZMYND8/HADHB/DYNLL1/BLCAP/DUSP6/NDUFA8/PABPC4/RHOC/NDUFS7/PDE4DIP/INPPL1/CIB1/AEBP1/RNF207/CTNNAL1/MGST3/CD151/CDC42EP3/MYL6/FBXO44/SNRNP70/GAPDH/SRSF1/ABHD6/ABI2/PIK3R3/MEGF9/DYNLRB1/TMEM147/C1orf21/FAM120A/ATP1A3/ATP6V1F/QTRT1/HDLBP/BSPRY/C1orf122/UBR4/CUTA/ACAP2/ALKBH7/CPEB4/DGCR6L","CELLTYPE"
"HU_FETAL_RETINA_BIPOLAR","HU_FETAL_RETINA_BIPOLAR",18,-0.429620933037356,-1.15644485584113,0.274633123689727,0.607083747103608,0.544701707927548,250,"tags=17%, list=2%, signal=16%","AGAP1/PRDM8/SLC4A10","CELLTYPE"
"HE_LIM_SUN_FETAL_LUNG_C7_KCNIP4_POS_NEURON_CELL","HE_LIM_SUN_FETAL_LUNG_C7_KCNIP4_POS_NEURON_CELL",31,0.390069143490253,1.14873350039418,0.274253731343284,0.607083747103608,0.544701707927548,3619,"tags=39%, list=30%, signal=27%","PLP2/AK1/YPEL4/HEATR5A/TCF7L2/CHODL/NFIC/ATP2B4/DUSP23/ATP6V1G2/LIN7B/CHRM3","CELLTYPE"
"HE_LIM_SUN_FETAL_LUNG_C3_PRIMITIVE_ERYTHROCYTE","HE_LIM_SUN_FETAL_LUNG_C3_PRIMITIVE_ERYTHROCYTE",55,0.332087569567973,1.11754341986171,0.273851590106007,0.607083747103608,0.544701707927548,1547,"tags=18%, list=13%, signal=16%","TSPAN32/C11orf21/MT1F/TESC/TMOD1/EPOR/ST8SIA1/SPECC1/YPEL4/RHD","CELLTYPE"
"BUSSLINGER_DUODENAL_EARLY_IMMATURE_ENTEROCYTES","BUSSLINGER_DUODENAL_EARLY_IMMATURE_ENTEROCYTES",72,0.316239727179653,1.10078203880731,0.272241992882562,0.607083747103608,0.544701707927548,1232,"tags=14%, list=10%, signal=13%","DHRS11/CHCHD10/LIMA1/SUCLG1/REEP6/PYCARD/SAT1/SLC4A7/PCK2/MGST3","CELLTYPE"
"LAKE_ADULT_KIDNEY_C22_ENDOTHELIAL_CELLS_GLOMERULAR_CAPILLARIES","LAKE_ADULT_KIDNEY_C22_ENDOTHELIAL_CELLS_GLOMERULAR_CAPILLARIES",77,-0.300094826768797,-1.0895536011154,0.271689497716895,0.607083747103608,0.544701707927548,843,"tags=12%, list=7%, signal=11%","PPFIBP1/RBMS1/ELMO1/NTN4/PIP4K2A/LRCH1/TGFBR2/ZBTB16/FKBP5","CELLTYPE"
"LAKE_ADULT_KIDNEY_C25_ENDOTHELIAL_CELLS_UNASSIGNED","LAKE_ADULT_KIDNEY_C25_ENDOTHELIAL_CELLS_UNASSIGNED",21,0.423395539816951,1.15321474490935,0.276119402985075,0.608235048533556,0.545734705200534,826,"tags=19%, list=7%, signal=18%","TCF12/ZFC3H1/CAST/TPM4","CELLTYPE"
"TRAVAGLINI_LUNG_ALVEOLAR_EPITHELIAL_TYPE_1_CELL","TRAVAGLINI_LUNG_ALVEOLAR_EPITHELIAL_TYPE_1_CELL",223,0.264430130082671,1.06520102405669,0.279029462738302,0.612503698693833,0.549564722136321,2403,"tags=27%, list=20%, signal=22%","KLF6/PIEZO1/CYSTM1/PRR5L/MYADM/N4BP1/DUSP1/S100A10/MALAT1/ATF3/DENND3/SNX21/GALK1/ADRB1/CD9/CRIP2/SMAD7/RNF213/HOPX/HEG1/TPM4/AHNAK/SPRYD7/DAPK2/PLEKHO1/RHOF/GADD45B/CDKN1A/GOLGA8A/IGFBP7/PTPN1/NBEAL2/CD151/ARAP2/EFNA1/MYL6/CCBE1/TMOD3/RDX/STX11/KIF5B/GGT1/WWC2/LPCAT3/CNPPD1/HSPB1/ZFYVE9/PDLIM2/DPYSL2/FADS3/SPINT1/RIPK2/HCFC1R1/ANXA2/ABCA7/SPTAN1/EMP2/MT1E/ACTG1/MT2A/PPP1R15A","CELLTYPE"
"ZHENG_CORD_BLOOD_C10_MULTILYMPHOID_PROGENITOR","ZHENG_CORD_BLOOD_C10_MULTILYMPHOID_PROGENITOR",68,0.313746504536146,1.09052963589729,0.282415630550622,0.615646530266061,0.552384606103383,1691,"tags=25%, list=14%, signal=22%","SPINK2/TRAF3IP3/MALAT1/ARPC5L/RERE/EVL/ITM2C/CARD11/QPRT/LUC7L3/CYTH4/SETBP1/SH2D3C/DDX17/CD74/HCST/STARD9","CELLTYPE"
"HE_LIM_SUN_FETAL_LUNG_C2_DC1_CELL","HE_LIM_SUN_FETAL_LUNG_C2_DC1_CELL",227,0.262194879842744,1.05726571710746,0.282229965156794,0.615646530266061,0.552384606103383,2008,"tags=21%, list=17%, signal=18%","CXCR3/CAMK2G/CCDC122/CYSTM1/HLA-DOB/SPATS2/TMEM102/PELO/GPR160/LIMA1/AHI1/PTTG1/SLAMF8/TMEM38B/CD226/TOMM34/AP3M2/MCOLN2/ZNF296/PDLIM1/DAPK2/PDE4DIP/ACSS2/HLA-DQB2/PTPRCAP/RHOF/SULF2/LMNA/CTNNAL1/IGFBP7/ISYNA1/LMNB1/SLC25A12/SLC25A20/NOP2/COMTD1/KIAA0040/ABHD6/CCND1/FARP2/TRPV2/DCTPP1/BTN2A2/C1orf21/CENPN/GRAP2/SPINT1","CELLTYPE"
"LAKE_ADULT_KIDNEY_C13_THICK_ASCENDING_LIMB","LAKE_ADULT_KIDNEY_C13_THICK_ASCENDING_LIMB",55,-0.315061748451595,-1.0875035086673,0.284403669724771,0.617155144950621,0.553738200231384,1949,"tags=20%, list=16%, signal=17%","LRBA/ADK/USP25/ABLIM1/ZHX3/CYFIP2/AK3/IGF1R/KANSL1/KLF12/FKBP5","CELLTYPE"
"GAUTAM_EYE_IRIS_CILIARY_BODY_MONOCYTES","GAUTAM_EYE_IRIS_CILIARY_BODY_MONOCYTES",102,-0.282070898480478,-1.06979666455874,0.286046511627907,0.617155144950621,0.553738200231384,1738,"tags=20%, list=15%, signal=17%","CAP1/NCKAP1L/CYSLTR1/ARL4C/PPARD/MKNK1/SCN1B/TMC6/LLPH/FLI1/PSTPIP2/HLA-C/TLR1/LIPA/TSNAX/SLC31A2/CD55/ARID5A/DCTN4/CXCR4","CELLTYPE"
"GAUTAM_EYE_CHOROID_SCLERA_MELANOCYTES","GAUTAM_EYE_CHOROID_SCLERA_MELANOCYTES",123,-0.274183155238824,-1.06643006841357,0.285393258426966,0.617155144950621,0.553738200231384,2059,"tags=25%, list=17%, signal=21%","MORF4L1/BEX2/VDAC2/CCNG1/SNX2/EHBP1/ITGB1BP1/STAM/UBE2D1/NDUFA4/DEK/TPCN2/JAGN1/TPMT/RPLP0/TSN/NET1/SAP18/XAB2/SNRPG/UNK/SUMO3/ST6GALNAC2/EIF3M/KLHL21/SDHB/GTF3C6/SNRPE/TOMM22/ENOPH1/RSL1D1","CELLTYPE"
"SU_HO_FOETAL_FEMUR_C1_RESTING_CHONDROCYTE","SU_HO_FOETAL_FEMUR_C1_RESTING_CHONDROCYTE",16,0.456180039889794,1.14926210474827,0.28735632183908,0.617865128869013,0.554375228408788,959,"tags=19%, list=8%, signal=17%","FGFRL1/MALAT1/XYLT1","CELLTYPE"
"HU_FETAL_RETINA_PHOTORECEPTOR","HU_FETAL_RETINA_PHOTORECEPTOR",26,0.394468475406963,1.11304265331712,0.288640595903166,0.618515562649641,0.554958825635517,1536,"tags=27%, list=13%, signal=24%","DUSP1/AKAP9/AHI1/UBXN4/EPB41L2/TMEM244/GADD45G","CELLTYPE"
"GAO_LARGE_INTESTINE_24W_C1_DCLK1POS_PROGENITOR","GAO_LARGE_INTESTINE_24W_C1_DCLK1POS_PROGENITOR",32,-0.362992758658548,-1.10572551846199,0.289699570815451,0.61868043936859,0.555106760135226,2370,"tags=38%, list=20%, signal=30%","TTYH2/ICAM1/SPON2/QSER1/COL5A1/CSF1/MATN2/TPST1/SPON1/ADAMTS1/C1R/MYC","CELLTYPE"
"FAN_OVARY_CL11_MURAL_GRANULOSA_CELL","FAN_OVARY_CL11_MURAL_GRANULOSA_CELL",332,0.2516170943391,1.05855102525153,0.292006525285481,0.619407780908597,0.555759362318991,2520,"tags=27%, list=21%, signal=22%","KLF6/RHOB/LCMT1/HSPA1A/CSPP1/FDXR/TLE3/SYNE2/CHSY1/TRMT112/KCNQ1OT1/SRSF11/CLIC1/ATF3/AKAP9/TIA1/HSPH1/SLC5A3/PIM1/DSEL/VIM/MYO6/DDAH2/HS6ST1/PHLDA1/MACF1/PNN/HOPX/SQLE/MIR22HG/KDM5A/HSDL2/USP22/KIF1B/AHSA1/PDLIM1/POR/MAGED2/PPP1R12B/CTNNAL1/UBE2H/ZNF326/USP48/MGST3/RBBP6/MSI2/ANKRD11/TMSB10/ARHGAP18/RNF19A/RSRC2/DDX17/ZNF281/RDX/HSPA6/DNAJC7/GADD45G/KIF5B/FNDC3B/WWC2/SRSF2/VMP1/G0S2/MAP4K4/ABI2/CHORDC1/MCL1/KLHL24/HSPA1B/PUM1/KTN1/HNRNPD/ILF3/TXNRD1/SERPINH1/BAG3/HSPA8/POLR2J3/SLC25A37/DNAJA1/EZH2/ACTG1/CITED2/PPP1R15A/DSE/CKS2/TRAPPC4/DNAJB4/STIP1/RGS10","CELLTYPE"
"HE_LIM_SUN_FETAL_LUNG_C3_INTERMEDIATE_LYMPHATIC_ENDO_CELL","HE_LIM_SUN_FETAL_LUNG_C3_INTERMEDIATE_LYMPHATIC_ENDO_CELL",182,-0.256610510830456,-1.05601956934513,0.291375291375291,0.619407780908597,0.555759362318991,2527,"tags=25%, list=21%, signal=20%","OXCT1/TRIM47/TPBG/GLRX/SYNM/RAB6B/NEO1/ARID5B/TPD52/ITGB4/ARL15/IFT57/F8/PDIA5/ELK4/SLC41A1/TGFA/MATN2/STIM1/CNST/TSHZ1/SLC43A3/CTBS/LAPTM4B/TCTN3/AGAP1/RCAN1/SETD9/AKR1C3/BCL2L11/SEMA4D/SLC38A1/BCR/KLF12/MAP3K1/DPP4/PGM1/MPP7/EPS8L1/TLE1/PRKAG2/ASPH/FBLN2/PELI2/VSTM4/SCRN1","CELLTYPE"
"HE_LIM_SUN_FETAL_LUNG_C1_MID_BASAL_CELL","HE_LIM_SUN_FETAL_LUNG_C1_MID_BASAL_CELL",40,-0.338511941336901,-1.0939350962394,0.295652173913043,0.625036475051065,0.560809669344063,676,"tags=48%, list=6%, signal=45%","GYPC/SLC20A2/LDLRAP1/PRRG4/DLK2/IFI16/JAM3/ITGB4/LTB4R2/CFH/COL5A1/ANXA1/TNFAIP8/IGFBP4/FHL1/C16orf74/PFKP/FBLN2/MYC","CELLTYPE"
"HE_LIM_SUN_FETAL_LUNG_C3_GRIA2_POS_ARTERIAL_ENDO_CELL","HE_LIM_SUN_FETAL_LUNG_C3_GRIA2_POS_ARTERIAL_ENDO_CELL",53,-0.31918031288926,-1.09449401021391,0.296803652968037,0.625372245384157,0.561110936961224,2183,"tags=28%, list=18%, signal=23%","GCH1/PDGFB/ITGB4/SIPA1L2/CFH/SLC6A6/AFAP1L2/FUT8/CYTH3/TNFRSF1B/PIK3C2B/SRGN/PDK3/SYNJ2/CXCR4","CELLTYPE"
"ZHONG_PFC_C7_ORG_UNDERGOING_NEURONAL_DIFFERENTIATION","ZHONG_PFC_C7_ORG_UNDERGOING_NEURONAL_DIFFERENTIATION",27,-0.376808688945946,-1.11434600759415,0.309168443496802,0.632206977083637,0.567243352872036,693,"tags=26%, list=6%, signal=24%","MNT/ENC1/NDRG1/SORL1/LRRC8B/LNX1/SLA","CELLTYPE"
"CUI_DEVELOPING_HEART_RIGHT_ATRIAL_CARDIOMYOCYTE","CUI_DEVELOPING_HEART_RIGHT_ATRIAL_CARDIOMYOCYTE",22,0.401117369219698,1.10436374571155,0.307407407407407,0.632206977083637,0.567243352872036,1274,"tags=18%, list=11%, signal=16%","POFUT2/DAGLB/CDKN1A/ULK4","CELLTYPE"
"DESCARTES_FETAL_HEART_MEGAKARYOCYTES","DESCARTES_FETAL_HEART_MEGAKARYOCYTES",37,0.362670045198356,1.10273669606019,0.313092979127135,0.632206977083637,0.567243352872036,193,"tags=8%, list=2%, signal=8%","TSPAN32/RUFY1/CISH","CELLTYPE"
"GAUTAM_EYE_IRIS_CILIARY_BODY_WIF1_HIGH_FIBROBLASTS","GAUTAM_EYE_IRIS_CILIARY_BODY_WIF1_HIGH_FIBROBLASTS",81,-0.293581874509666,-1.07851913074176,0.308924485125858,0.632206977083637,0.567243352872036,2963,"tags=32%, list=25%, signal=24%","NPM1/CSGALNACT2/RPS5/RPL5/RPL34/KCNAB1/CHI3L2/RPS4X/ARID5B/ELOVL5/RPL15/ITM2B/CMTM8/RPS14/EID1/RPL17/BZW1/AKR1C3/EEF2/FCGRT/RPL6/HIC1/SUMO2/FHL1/RPL7/RSL1D1","CELLTYPE"
"HE_LIM_SUN_FETAL_LUNG_C7_LATE_SCHWANN_CELL","HE_LIM_SUN_FETAL_LUNG_C7_LATE_SCHWANN_CELL",43,-0.32966971553373,-1.07771055909311,0.311804008908686,0.632206977083637,0.567243352872036,1046,"tags=19%, list=9%, signal=17%","SAMHD1/CD44/TGFBR3/ST6GALNAC2/TMEM71/SH3D19/COL5A3/FBLN2","CELLTYPE"
"TRAVAGLINI_LUNG_PLASMACYTOID_DENDRITIC_CELL","TRAVAGLINI_LUNG_PLASMACYTOID_DENDRITIC_CELL",68,0.308041940378984,1.07070153842586,0.312611012433393,0.632206977083637,0.567243352872036,1140,"tags=16%, list=10%, signal=15%","CXCR3/ST6GALNAC4/CCDC88A/TPM2/SMPD3/MCOLN2/ITM2C/RRBP1/CARD11/SULF2/AEBP1","CELLTYPE"
"DESCARTES_MAIN_FETAL_SLC26A4_PAEP_POSITIVE_CELLS","DESCARTES_MAIN_FETAL_SLC26A4_PAEP_POSITIVE_CELLS",166,-0.262023395949072,-1.06454053758895,0.304964539007092,0.632206977083637,0.567243352872036,1184,"tags=15%, list=10%, signal=14%","PSMB7/ZNF845/CREM/KLHDC2/POLR3B/SRP19/WDR43/PYROXD1/TYW1/ASB6/ABT1/COMT/TOE1/NOMO2/STAG3L4/ZNF75D/GTF2H3/RRAGB/FAM32A/SYNCRIP/ZNF841/MAT2A/ZNF747/E2F5/DUSP12","CELLTYPE"
"AIZARANI_LIVER_C23_KUPFFER_CELLS_3","AIZARANI_LIVER_C23_KUPFFER_CELLS_3",172,0.269907534795015,1.06226340623677,0.304647160068847,0.632206977083637,0.567243352872036,2329,"tags=23%, list=20%, signal=19%","PLP2/ITGAX/HSPA1A/CCDC88A/ROCK1/TYMP/S100A10/AHR/S100A11/VIM/LGALS1/SAT1/DUSP6/SLC11A1/HCK/CNTRL/TRIM38/S100A6/CFP/TRPS1/CDC42EP3/RNASEK/SIRPB1/FGR/ZNF281/EFHD2/TALDO1/VMP1/CD37/WAS/MEGF9/FGL2/LILRB3/HSPA1B/CLEC7A/CD14/TET2/SLC25A37/GNAI2/CSF3R","CELLTYPE"
"HE_LIM_SUN_FETAL_LUNG_C1_SQUAMOUS_CELL","HE_LIM_SUN_FETAL_LUNG_C1_SQUAMOUS_CELL",107,-0.277879276500405,-1.05960094883719,0.312925170068027,0.632206977083637,0.567243352872036,1740,"tags=18%, list=15%, signal=15%","B3GNT8/TGFA/SYTL2/TMEM127/NR1D1/ANXA1/RUNX2/SAMHD1/SLC15A2/MPZL3/PIK3IP1/TMEM117/DUSP5/CCDC69/EPS8L1/PRDM1/LNX1/HPGD/KANSL1-AS1","CELLTYPE"
"MANNO_MIDBRAIN_NEUROTYPES_HPROGFPM","MANNO_MIDBRAIN_NEUROTYPES_HPROGFPM",183,0.267450104560547,1.05828348776876,0.31304347826087,0.632206977083637,0.567243352872036,2807,"tags=26%, list=24%, signal=20%","TCF12/CKAP2/SNORD22/CENPE/SYNE2/KIF22/MKI67/CDCA8/SRF/ZFP36L1/PTTG1/VIM/N4BP3/GNG5/WEE1/CEP152/ASPM/CDC25B/ADAMTS6/INPPL1/CTNNAL1/LOXL2/LMNB1/HILPDA/ARHGAP11A/ANP32E/CCND1/GALNT7/TP53TG1/CENPN/KIF18A/KPNA2/NCAPG2/REST/EXOSC8/RNASEH2A/PRC1/UBE2T/CKS2/CTNNBL1/CCDC34/PLIN2/HMGA1/TMPO/CKS1B/UBE2S/TACC3","CELLTYPE"
"AIZARANI_LIVER_C11_HEPATOCYTES_1","AIZARANI_LIVER_C11_HEPATOCYTES_1",99,-0.278528957062391,-1.05740774885377,0.309090909090909,0.632206977083637,0.567243352872036,1880,"tags=19%, list=16%, signal=16%","TMBIM6/ZFAND5/F5/CFH/GGH/CES1/SORD/EHHADH/CYB5A/SHMT1/APOM/DECR1/ERRFI1/C1R/SLC27A5/GLUD1/ACADSB/ABCA1/HPGD","CELLTYPE"
"BUSSLINGER_GASTRIC_MATURE_PIT_CELLS","BUSSLINGER_GASTRIC_MATURE_PIT_CELLS",124,-0.27253876645789,-1.05697264539768,0.30787037037037,0.632206977083637,0.567243352872036,2253,"tags=26%, list=19%, signal=21%","LMO7/HIGD1A/KLF2/STK24/CD164/PPIF/ABLIM1/ALDOC/SYTL2/PGRMC2/MAPK3/GSTP1/ATP2A3/RIOK3/TST/RAB27A/FLNB/AKR1C3/NET1/CA2/SNX9/SLC44A2/FCGRT/ACTN4/YWHAZ/GSN/IGFBP4/BCAS1/EPS8L1/SYNJ2/KLF3/HPGD","CELLTYPE"
"HE_LIM_SUN_FETAL_LUNG_C0_EARLY_MESOTHELIAL_CELL","HE_LIM_SUN_FETAL_LUNG_C0_EARLY_MESOTHELIAL_CELL",291,0.252516294861592,1.04896170296628,0.311258278145695,0.632206977083637,0.567243352872036,1600,"tags=16%, list=13%, signal=15%","ITM2A/RAB33A/PLP2/SH3BP5/IER5L/CCDC122/FDXR/CDV3/ZNF219/HVCN1/SLC2A11/RASSF7/GALE/MIEN1/CXADR/TRAF4/TOMM34/TMUB1/ARL8A/TMX4/PAK4/SYTL1/VAMP8/EFNA4/RHOU/COL18A1/OLFM2/ZNF174/SULF2/SVIL/ARRDC1/RNF207/UBE2H/DOK6/PCYOX1L/EFNA1/GIT1/CDC42EP3/LMNB1/PHF13/SPECC1/GNPTAB/STX11/FGF9/CD74/NPDC1/CACNB3/EFHD2","CELLTYPE"
"CUI_DEVELOPING_HEART_CARDIAC_FIBROBLASTS","CUI_DEVELOPING_HEART_CARDIAC_FIBROBLASTS",31,0.38007348300366,1.11929679602743,0.322761194029851,0.635190217391304,0.56992004467691,1843,"tags=23%, list=15%, signal=19%","CRIP2/LOXL2/PKIG/GAPDH/CCND1/HSPB1/SLC25A4","CELLTYPE"
"TRAVAGLINI_LUNG_NATURAL_KILLER_T_CELL","TRAVAGLINI_LUNG_NATURAL_KILLER_T_CELL",31,0.379511959978356,1.11764313969194,0.324626865671642,0.635190217391304,0.56992004467691,1595,"tags=29%, list=13%, signal=25%","CXCR3/XCL2/CRTAM/HOPX/ITGA1/ZNF683/KLRC3/CD7/NKG7","CELLTYPE"
"ZHONG_PFC_C8_UNKNOWN_NEUROD2_POS_INTERNEURON","ZHONG_PFC_C8_UNKNOWN_NEUROD2_POS_INTERNEURON",30,0.375903388377429,1.09794308623255,0.323308270676692,0.635190217391304,0.56992004467691,1429,"tags=20%, list=12%, signal=18%","NECAB1/SMARCA2/DNAJB2/SYNGR3/CAPNS1/CCBE1","CELLTYPE"
"HE_LIM_SUN_FETAL_LUNG_C2_DC2_CELL","HE_LIM_SUN_FETAL_LUNG_C2_DC2_CELL",28,-0.367522810999023,-1.09004503822304,0.320594479830149,0.635190217391304,0.56992004467691,1481,"tags=29%, list=12%, signal=25%","CCDC86/ARL4C/NR4A3/TCTN3/SLC38A1/P2RY14/TMEM156/FBLN2","CELLTYPE"
"DURANTE_ADULT_OLFACTORY_NEUROEPITHELIUM_FIBROBLASTS_STROMAL_CELLS","DURANTE_ADULT_OLFACTORY_NEUROEPITHELIUM_FIBROBLASTS_STROMAL_CELLS",22,0.395805157783575,1.08973806712021,0.316666666666667,0.635190217391304,0.56992004467691,1204,"tags=27%, list=10%, signal=25%","TPM2/VIM/LGALS1/PCOLCE/AEBP1/IGFBP7","CELLTYPE"
"ZHENG_CORD_BLOOD_C1_PUTATIVE_MEGAKARYOCYTE_PROGENITOR","ZHENG_CORD_BLOOD_C1_PUTATIVE_MEGAKARYOCYTE_PROGENITOR",52,0.320747372298073,1.07011138114053,0.320422535211268,0.635190217391304,0.56992004467691,1987,"tags=21%, list=17%, signal=18%","RUFY1/CLU/CD9/HEXIM1/TESC/PDLIM1/CCL5/ARHGAP18/PPBP/CCND1/GRAP2","CELLTYPE"
"DURANTE_ADULT_OLFACTORY_NEUROEPITHELIUM_DENDRITIC_CELLS","DURANTE_ADULT_OLFACTORY_NEUROEPITHELIUM_DENDRITIC_CELLS",94,0.291806526961904,1.06983240509004,0.318021201413428,0.635190217391304,0.56992004467691,3488,"tags=39%, list=29%, signal=28%","TYMP/EMP3/DUSP1/HLA-DRA/SPI1/PYCARD/SLC11A1/CFP/PTPRC/FGR/STX11/CST3/CD37/G0S2/FGL2/CYBA/CLEC7A/CD48/CD14/IFITM2/RNF149/CSF3R/MXD1/CCL3/FCN1/NAMPT/SH3BGRL3/EVI2B/SERPINA1/LSP1/CYBB/MNDA/NLRP3/S100A8/CD68/PLAUR/NFKBIZ","CELLTYPE"
"SU_HO_CONV_CENT_CHONDROSARCOMA_STROMAL_C2_GRANULATING_CANCER_ASSOCIATED_FIBROBLAST","SU_HO_CONV_CENT_CHONDROSARCOMA_STROMAL_C2_GRANULATING_CANCER_ASSOCIATED_FIBROBLAST",150,0.275076763356835,1.06516865664916,0.324652777777778,0.635190217391304,0.56992004467691,1324,"tags=15%, list=11%, signal=13%","C19orf53/SH3BP5/HLA-DPB1/CYSTM1/A1BG/OPTN/EMP3/SNHG12/TRMT112/NEU1/ZFP36L1/VIM/DYNLL1/TNFRSF14/ATP6V1D/ARRDC3/EIF4EBP1/SQSTM1/CMIP/CIB1/UPP1/DRAP1","CELLTYPE"
"MANNO_MIDBRAIN_NEUROTYPES_HRGL2B","MANNO_MIDBRAIN_NEUROTYPES_HRGL2B",165,0.270276941480851,1.05562847020694,0.319444444444444,0.635190217391304,0.56992004467691,2126,"tags=25%, list=18%, signal=21%","JUN/CABIN1/CSPP1/CENPE/MKI67/NOTCH1/CDCA8/MT1F/ZFP36L1/GPC1/DSEL/VIM/RBMS2/AHNAK/HSDL2/XYLT1/EGR1/ADAMTS6/INPPL1/GOLGA8A/ARAP2/WNT7B/SPECC1/MLC1/QDPR/HSPA6/CST3/EFHD2/XRCC3/SESN3/TNK2/HSPB1/CENPN/TAF1C/HEATR5A/ATP1B1/ITPKB/TSC22D4/REST/KANK1/ERVK13-1/SERPINH1","CELLTYPE"
"MANNO_MIDBRAIN_NEUROTYPES_HNBGABA","MANNO_MIDBRAIN_NEUROTYPES_HNBGABA",271,0.253021365931574,1.04324270123999,0.323777403035413,0.635190217391304,0.56992004467691,1869,"tags=18%, list=16%, signal=16%","ANKRD36B/SH3BP5/BDP1/IRGQ/CCDC88A/OPTN/ANKRD13D/DENND3/AKAP9/KCTD7/C12orf76/CPEB2/MYCBP2/ARID4A/CXADR/CAMK2N1/SCN8A/SMPD3/KIF3B/BLCAP/AMPH/RUFY3/EEA1/SCAPER/HERC2P2/C1orf35/KLC1/DOCK3/RHOU/ERC1/SYNGR3/CMIP/PDE4DIP/CNTRL/GOLGA8A/FRMD4A/SOCS7/YPEL4/GNPTAB/FGF9/IKZF4/GOLGA7B/COMTD1/TMEM192/KIF3A/KCNA3/TRIM46/JAKMIP1/TNK2/CCDC39","CELLTYPE"
"HE_LIM_SUN_FETAL_LUNG_C0_MID_AIRWAY_SMC_2_CELL","HE_LIM_SUN_FETAL_LUNG_C0_MID_AIRWAY_SMC_2_CELL",80,-0.289240904210805,-1.06157044309442,0.326530612244898,0.636886333480761,0.571441873148151,1534,"tags=20%, list=13%, signal=18%","ALDH1B1/ANKRD37/RASSF3/NR4A3/LTBP2/TOB1/DUSP2/NET1/ENTPD1/AKAP1/RCSD1/PFKFB3/PRKAG2/FBXL22/LRIG1/ZBTB16","CELLTYPE"
"BUSSLINGER_ESOPHAGEAL_PROLIFERATING_BASAL_CELLS","BUSSLINGER_ESOPHAGEAL_PROLIFERATING_BASAL_CELLS",55,-0.305720916533597,-1.05526161470645,0.327981651376147,0.637480640165204,0.571975110724669,2928,"tags=42%, list=25%, signal=32%","RPS5/HNRNPC/EEF1A1/NUSAP1/RPL5/EEF1B2/STMN1/HNRNPA1/ENO1/RPL4/EIF4B/RPL10/RPL15/MCM7/B2M/HMGB1/RPL10A/EEF2/ITGA6/NCL/SLC7A5/RRM2/YBX1","CELLTYPE"
"DESCARTES_FETAL_ADRENAL_LYMPHOID_CELLS","DESCARTES_FETAL_ADRENAL_LYMPHOID_CELLS",125,-0.268767047919522,-1.04980057485335,0.328859060402685,0.637480640165204,0.571975110724669,1818,"tags=18%, list=15%, signal=16%","TBX21/LTB/ZNF550/GPR171/RUNX3/GZMK/SELL/EOMES/XCL1/DUSP2/TMIGD2/IL7R/CCR7/NCR3/CD5/BACH2/BCAS1/ISG20/ITK/P2RX5/CCR6/IL18RAP/KLRB1","CELLTYPE"
"HE_LIM_SUN_FETAL_LUNG_C4_T_ALPHA_BETA_ENTRY_CELL","HE_LIM_SUN_FETAL_LUNG_C4_T_ALPHA_BETA_ENTRY_CELL",47,-0.318201196666116,-1.0598236562225,0.331828442437923,0.641263554404576,0.575369304453228,912,"tags=19%, list=8%, signal=18%","LETM1/CCR9/EPHB6/RORC/RRAGB/SH3TC1/ARHGEF7/ELOVL4/PELI2","CELLTYPE"
"HE_LIM_SUN_FETAL_LUNG_C0_VASCULAR_SMC_1_CELL","HE_LIM_SUN_FETAL_LUNG_C0_VASCULAR_SMC_1_CELL",45,-0.318383048618207,-1.05420174906109,0.337719298245614,0.650651859005311,0.583792896049878,2057,"tags=29%, list=17%, signal=24%","HRH2/SPON2/SEMA5A/SYTL2/ARHGDIB/LTBP2/TRIB2/ENTPD1/MEGF6/PERP/NTN4/RCSD1/ARID5A","CELLTYPE"
"DESCARTES_FETAL_CEREBELLUM_ASTROCYTES","DESCARTES_FETAL_CEREBELLUM_ASTROCYTES",18,-0.403619680624747,-1.0864552154728,0.345911949685535,0.660628149390952,0.592744053839501,414,"tags=28%, list=3%, signal=27%","NPHP1/PRSS35/STK33/EFHC2/LRIG1","CELLTYPE"
"DESCARTES_FETAL_LUNG_VISCERAL_NEURONS","DESCARTES_FETAL_LUNG_VISCERAL_NEURONS",27,0.376438735126952,1.06495432502615,0.347091932457786,0.660628149390952,0.592744053839501,3425,"tags=41%, list=29%, signal=29%","TUBB2A/SYNGR3/TMOD1/JAKMIP1/ATP1A3/ATCAY/FAM131B/ASTN2/MAP1B/TUBB4A/RIMS3","CELLTYPE"
"HE_LIM_SUN_FETAL_LUNG_C4_ILC2_CELL","HE_LIM_SUN_FETAL_LUNG_C4_ILC2_CELL",112,0.28346403828626,1.0512243758109,0.346902654867257,0.660628149390952,0.592744053839501,2049,"tags=21%, list=17%, signal=17%","PLAGL1/BCOR/TYMP/AHR/MMP25/CHCHD10/CAPG/DUSP10/PHLDA1/ROGDI/DUSP6/BATF/RAD50/SWAP70/MAST4/MSI2/GADD45G/CACNB3/KIF3A/ANXA5/ATP1B1/EPAS1/ALAS1","CELLTYPE"
"TRAVAGLINI_LUNG_CLASSICAL_MONOCYTE_CELL","TRAVAGLINI_LUNG_CLASSICAL_MONOCYTE_CELL",203,0.258038449221239,1.03281971296646,0.3446519524618,0.660628149390952,0.592744053839501,2532,"tags=24%, list=21%, signal=19%","RXRA/TYMP/AHR/SPI1/BLVRB/PYCARD/MBD2/EHBP1L1/TRIP12/CAST/LGALS1/SAT1/ROGDI/PLEC/AHNAK/DUSP6/SLC11A1/HCK/PLEKHO1/DMXL2/SULF2/LRRC25/S100A6/CAPNS1/CFP/UBXN11/TMSB10/FGR/CST3/EFHD2/VMP1/MEGF9/MCL1/SYK/APAF1/FAM120A/FGL2/RNASE6/CLEC7A/CD14/TET2/LPGAT1/RNF149/CSF3R/JMJD1C/ACAP2/AGTRAP/ZNF467","CELLTYPE"
"CUI_DEVELOPING_HEART_C6_EPICARDIAL_CELL","CUI_DEVELOPING_HEART_C6_EPICARDIAL_CELL",65,0.307549951529316,1.06151564834371,0.348754448398576,0.66179307979248,0.593789279613302,1376,"tags=18%, list=12%, signal=16%","KLF6/CYSTM1/S100A10/ZFP36L1/RASSF7/CXADR/SMPD3/SAT1/PROCR/SULF2/S100A6/CRIP1","CELLTYPE"
"HAY_BONE_MARROW_EARLY_ERYTHROBLAST","HAY_BONE_MARROW_EARLY_ERYTHROBLAST",69,-0.293881022203947,-1.04606908724341,0.350348027842227,0.662820593215025,0.594711208949822,2963,"tags=36%, list=25%, signal=27%","NPM1/OLA1/CASP6/HNRNPC/CYP2E1/TMEM97/NDUFAF2/GGCT/KCNK5/AK2/NDUFC2/FAM89A/MRPS23/EIF1AX/SRM/SORD/CENPV/TFAM/WDR43/GTF3A/PPA1/C1QBP/GCSH/GNL3/MYC","CELLTYPE"
"MANNO_MIDBRAIN_NEUROTYPES_HMGL","MANNO_MIDBRAIN_NEUROTYPES_HMGL",416,-0.228475052367794,-1.02946053812584,0.351898734177215,0.663761085424089,0.595555059102315,1698,"tags=16%, list=14%, signal=15%","IRF1/CTSB/NCKAP1L/CCL4/STAT1/ITM2B/CSF1/SORL1/ARHGDIB/ZC3HAV1/LITAF/RUNX3/CDK7/STAT6/ADPGK/PLSCR1/HERPUD1/MKNK1/RASSF3/B2M/CD53/ARRDC2/IL6ST/DUSP2/CREM/SAMHD1/RNF125/CD44/CREG1/FCGRT/TNFAIP3/TNFRSF1B/TMEM119/IL7R/IPCEF1/ENTPD1/PPP3R1/PIK3IP1/SUCLG2/IFNGR1/SRGN/FLI1/GSN/TMEM19/TXNIP/B4GALT1/KBTBD8/RCSD1/ZFAND2A/CASP4/LRRC8C/NINJ1/TLR1/LIPA/PRDM1/NPC1/ZFP36L2/ARHGEF6/IKZF1/MAP3K8/CEBPD/GPR65/IRAK2/TGFBR2/C1orf54/KLF3/SLA/FKBP5","CELLTYPE"
"FAN_OVARY_CL3_MATURE_CUMULUS_GRANULOSA_CELL_1","FAN_OVARY_CL3_MATURE_CUMULUS_GRANULOSA_CELL_1",165,0.266210704071911,1.03974684911126,0.354166666666667,0.666044776119403,0.597604084838963,2055,"tags=21%, list=17%, signal=17%","RHOB/LCMT1/KIDINS220/SYNE2/ID3/KCNQ1OT1/CLIC1/NKTR/MALAT1/AKAP9/SLC5A3/DDAH2/HS6ST1/HOPX/NONO/MAGED2/LUC7L3/PPP1R12B/IGFBP7/MGST3/ATRX/MSI2/TMSB10/MYL6/DDX17/CST3/NDUFA3/MAP4K4/OSBPL1A/TIMM13/BAX/MPST/KTN1/HNRNPD","CELLTYPE"
"TRAVAGLINI_LUNG_ALVEOLAR_EPITHELIAL_TYPE_2_CELL","TRAVAGLINI_LUNG_ALVEOLAR_EPITHELIAL_TYPE_2_CELL",63,0.307221068822945,1.05078187480954,0.355716878402904,0.666573686210197,0.598078645772558,1920,"tags=19%, list=16%, signal=16%","NECAB1/DCXR/HLA-DRB1/BLVRB/AK1/DUSP6/SFTPB/QDPR/CD74/AKAP13/AGPAT2/C1orf21","CELLTYPE"
"FAN_OVARY_CL18_B_LYMPHOCYTE","FAN_OVARY_CL18_B_LYMPHOCYTE",375,0.242894438559059,1.03304834583856,0.356564019448947,0.666573686210197,0.598078645772558,2259,"tags=21%, list=19%, signal=17%","HLA-DRB5/HLA-DMB/SLC15A4/PLP2/SH3BP5/HLA-DMA/HLA-DPB1/HSPA1A/TYMP/SEC13/SUPT5H/HLA-DRB1/EMP3/PAK1/DDX39A/IRF7/HLA-DRA/ARPC5L/TGFB1/CHCHD10/HVCN1/HSPH1/CAPG/CNPY3/TRAF4/SAT1/GNG5/TAGLN2/CD2BP2/ITM2C/VAMP8/RPS10/RRBP1/HLA-DQA1/SQSTM1/DDX24/RHOF/GPSM3/PTPN1/TOX4/PSMB4/CRIP1/ANKRD11/RPS26/HLA-DPA1/NOP10/CD74/CST3/HCST/PSMC2/TALDO1/SRSF2/CCDC50/CD37/GPR183/ISCU/OFD1/ANXA11/AKAP13/HLA-B/CHORDC1/GGA2/CYBA/HSPA1B/KPNA2/FXYD5/TXNRD1/SNF8/PHF20L1/SERPINB9/LIMD2/DDX21/HSPA8/MTDH/POLR2J3/RNF149/DNAJA1","CELLTYPE"
"HAY_BONE_MARROW_EOSINOPHIL","HAY_BONE_MARROW_EOSINOPHIL",36,0.351843477819159,1.06634848921891,0.358490566037736,0.668192475159093,0.599531092999888,1270,"tags=17%, list=11%, signal=15%","ATP8B4/KIF22/ANKRD13D/LGALS1/TMX4/TMEM160","CELLTYPE"
"SU_HO_CONV_CENT_CHONDROSARCOMA_LEUKOCYTE_C2_T_CELL","SU_HO_CONV_CENT_CHONDROSARCOMA_LEUKOCYTE_C2_T_CELL",113,-0.271320480855116,-1.04093755243272,0.361556064073227,0.6703146374829,0.601435188518492,1812,"tags=19%, list=15%, signal=17%","LTB/GNG2/IRF1/LEPROTL1/ARHGDIB/EIF3F/CTSW/GZMK/RPL17/B2M/HMGB1/DUSP2/IL7R/FYN/TTC39C/CDC42SE2/SPOCK2/HLA-C/ZFP36L2/CXCR4/GPR65/KLRB1","CELLTYPE"
"HE_LIM_SUN_FETAL_LUNG_C0_ACTC_POS_SMC_CELL","HE_LIM_SUN_FETAL_LUNG_C0_ACTC_POS_SMC_CELL",319,-0.234897148850501,-1.02783246386067,0.361757105943152,0.6703146374829,0.601435188518492,1583,"tags=16%, list=13%, signal=14%","CDYL/SRSF8/ATL2/ABHD8/SARM1/ALDH1B1/HINT3/KCMF1/CDK5/KCTD5/MRPS9/SEC11C/GCAT/RASSF3/NR4A3/TST/NUDT14/MIER2/TOB1/AKAP5/CCDC92/PRKACB/FLNB/NET1/TMTC2/MDM1/ZNF649/NFIL3/SLC25A33/PIK3C2B/ENTPD1/REEP3/RPRD1B/SLC38A1/CPNE2/ERRFI1/AKAP1/STRBP/INSIG2/RCSD1/PFKFB3/SYNJ2/PRKAG2/NPC1/FSD1/FBXL22/EXOSC6/PDCL3/LRIG1/SLA/CD47","CELLTYPE"
"HE_LIM_SUN_FETAL_LUNG_C0_LATE_AIRWAY_SMC_CELL","HE_LIM_SUN_FETAL_LUNG_C0_LATE_AIRWAY_SMC_CELL",47,-0.310560933793046,-1.03437645043737,0.367945823927765,0.679782607256575,0.609930259142491,1272,"tags=21%, list=11%, signal=19%","NR4A3/LTBP2/TOB1/DUSP2/NET1/TGFBR3/ENTPD1/AKAP1/FBXL22/LRIG1","CELLTYPE"
"MENON_FETAL_KIDNEY_2_NEPHRON_PROGENITOR_CELLS","MENON_FETAL_KIDNEY_2_NEPHRON_PROGENITOR_CELLS",24,-0.369835344276642,-1.059615295172,0.371244635193133,0.680632411067194,0.610692739754525,2783,"tags=46%, list=23%, signal=35%","DBI/RPSA/BTG1/RPL3/HOXB7/SOX4/ABLIM1/PLEKHA1/EIF3F/RPLP0/TRIB2","CELLTYPE"
"AIZARANI_LIVER_C4_EPCAM_POS_BILE_DUCT_CELLS_1","AIZARANI_LIVER_C4_EPCAM_POS_BILE_DUCT_CELLS_1",75,0.294510629238644,1.04296730467624,0.372340425531915,0.680632411067194,0.610692739754525,1080,"tags=13%, list=9%, signal=12%","RHOB/ATF3/CLU/FGFR2/CXADR/CAMK2N1/TESC/WEE1/EGR1/KLF10","CELLTYPE"
"DURANTE_ADULT_OLFACTORY_NEUROEPITHELIUM_IMMATURE_NEURONS","DURANTE_ADULT_OLFACTORY_NEUROEPITHELIUM_IMMATURE_NEURONS",67,0.299338409605883,1.0364395177946,0.371225577264654,0.680632411067194,0.610692739754525,2011,"tags=21%, list=17%, signal=17%","TUBB2A/SYT11/KCNQ1OT1/RUFY3/APBB1/KLC1/PRRC2B/MSI2/KIF3A/PCSK1N/SSBP2/NCAM1/DPYSL2/KIFAP3","CELLTYPE"
"DESCARTES_FETAL_PANCREAS_LYMPHOID_CELLS","DESCARTES_FETAL_PANCREAS_LYMPHOID_CELLS",99,-0.271083070285779,-1.02914017316714,0.372727272727273,0.680632411067194,0.610692739754525,1398,"tags=17%, list=12%, signal=15%","CTSW/GZMK/EOMES/XCL1/DGKA/CCR9/CCR4/CCR7/NCR3/CD5/GPA33/CXorf65/BACH2/CD40LG/ITK/P2RX5/KLRB1","CELLTYPE"
"DESCARTES_FETAL_CEREBRUM_ASTROCYTES","DESCARTES_FETAL_CEREBRUM_ASTROCYTES",16,-0.414294415451919,-1.07108740715318,0.377083333333333,0.684618155619597,0.614268921583498,862,"tags=19%, list=7%, signal=17%","KIF19/UBXN10/LRIG1","CELLTYPE"
"AIZARANI_LIVER_C20_LSECS_3","AIZARANI_LIVER_C20_LSECS_3",167,0.261498518359645,1.0250877418013,0.376936316695353,0.684618155619597,0.614268921583498,2996,"tags=37%, list=25%, signal=28%","BDP1/RPGR/CHSY1/LIMA1/HERC1/JUND/CD9/MACF1/RBM25/SLC4A7/EEA1/DUSP6/RRBP1/PDLIM1/GOLGB1/ADAMTS4/ITPKC/CDKN1A/LMNA/IGFBP7/HIPK2/MAST4/RBBP6/UPP1/PTPN1/LUZP1/TCERG1/ANKRD11/ITGA5/RDX/KDM6B/FNDC3B/DCUN1D3/AHCTF1/CCDC50/GOLGA4/FAM43A/EPAS1/ASAP1/CD14/SERPINH1/DDX21/SLC25A37/ROCK2/JMJD1C/SORBS1/PPP1R15A/TCF7L2/RBM17/ARGLU1/WSB1/EIF5B/PLEKHG1/CDC37/IL4R/NAMPT/SEC14L1/ENG/NOTCH4/MAP1B/CRIM1","CELLTYPE"
"HE_LIM_SUN_FETAL_LUNG_C2_GMP_CELL","HE_LIM_SUN_FETAL_LUNG_C2_GMP_CELL",16,0.417654179438051,1.05220325166758,0.385057471264368,0.685228810585936,0.61481682754327,1595,"tags=31%, list=13%, signal=27%","ERLIN1/FUT4/SLC43A1/MLC1/NKG7","CELLTYPE"
"TRAVAGLINI_LUNG_LYMPHATIC_CELL","TRAVAGLINI_LUNG_LYMPHATIC_CELL",94,-0.275809794154399,-1.03198926275974,0.380733944954128,0.685228810585936,0.61481682754327,1400,"tags=14%, list=12%, signal=12%","SLC43A3/ELK3/TSPAN5/SLC38A2/PPFIBP1/FLT4/MEGF6/SLC38A1/RPL7/MPP7/FAM107B/SCRN1/CD47","CELLTYPE"
"RUBENSTEIN_SKELETAL_MUSCLE_T_CELLS","RUBENSTEIN_SKELETAL_MUSCLE_T_CELLS",169,-0.253859372881403,-1.0311503807275,0.384433962264151,0.685228810585936,0.61481682754327,3065,"tags=28%, list=26%, signal=21%","RPS13/RPS7/BTF3/NPM1/RPS5/LAPTM5/EEF1A1/RPL5/EEF1B2/RPL34/EIF3H/RPS4X/RPSA/BTG1/HNRNPA1/RPS6/RPL36AL/RPL4/PPP1R2/UBE2D2/RPL3/ETS1/LDHB/RPL10/RPL36A/LTB/ARL6IP5/CDC42SE1/RPL15/LEPROTL1/EIF3L/ARHGDIB/RPS14/EIF3F/SELL/RPL17/RPLP0/RPL10A/CD44/EIF3E/RPL6/IL7R/RPL7/SERP1/ISG20/ZFP36L2/RSL1D1/CXCR4","CELLTYPE"
"DESCARTES_FETAL_HEART_LYMPHOID_CELLS","DESCARTES_FETAL_HEART_LYMPHOID_CELLS",78,-0.28247437252006,-1.02908350160755,0.379545454545455,0.685228810585936,0.61481682754327,826,"tags=21%, list=7%, signal=19%","TBX21/PDCD1/GPR171/GZMK/SELL/XCL1/TMIGD2/CCR7/NCR3/CD5/GPA33/ISG20/CXCR6/ITK/IL18RAP/KLRB1","CELLTYPE"
"SU_HO_CONV_CENT_CHONDROSARCOMA_C6_LEUKOCYTE","SU_HO_CONV_CENT_CHONDROSARCOMA_C6_LEUKOCYTE",246,0.251050427170993,1.02764899472649,0.386054421768707,0.685228810585936,0.61481682754327,2148,"tags=22%, list=18%, signal=19%","KLF6/HLA-DMB/HLA-DMA/ITGAX/HLA-DPB1/LPAR6/HLA-DRB1/PTPN6/PPP1R18/HLA-DRA/NCF4/RASGRP3/SPI1/CHCHD10/HLA-DQA2/RNF213/CNPY3/TNFRSF14/PCBD1/DUSP6/VAMP8/DOK2/HLA-DQA1/NFKBIE/SLC11A1/PLEKHO1/CCL5/GPSM3/PTPN1/PTPRC/ARHGAP18/ADAM8/KDM6B/STX11/HLA-DPA1/CD74/HCST/EFHD2/STX7/TTYH3/OSTF1/CD37/G0S2/GPR183/WAS/RAB20/FGL2/MYO9B/RIPK2/RNASE6/CLEC7A/CD48/CD14/RGS19/SERPINB9","CELLTYPE"
"HE_LIM_SUN_FETAL_LUNG_C2_BASOPHIL_CELL","HE_LIM_SUN_FETAL_LUNG_C2_BASOPHIL_CELL",71,0.295226753488526,1.02665697985778,0.386120996441281,0.685228810585936,0.61481682754327,2167,"tags=27%, list=18%, signal=22%","FAM117A/NOTCH1/MMP25/CCHCR1/CD9/PIM1/HS6ST1/PIGA/MCTP2/ZNF683/IL5RA/ADAM8/TNIK/HELB/TMEM154/LINC00324/WIPI1/TTC39B/BCL9L","CELLTYPE"
"HU_FETAL_RETINA_RGC","HU_FETAL_RETINA_RGC",255,0.249201752768447,1.02485025893768,0.381756756756757,0.685228810585936,0.61481682754327,2243,"tags=19%, list=19%, signal=16%","RAB33A/PFDN2/DYNC1LI2/KIDINS220/TUBB2A/OPTN/S100A10/ENO2/NAGK/TBCB/DYNC1I2/RAB10/DBNDD1/CRIP2/CXADR/DDAH2/STARD3NL/VPS72/SQLE/RUFY3/VKORC1/TSC22D1/KLC1/PRDX5/MGST3/ACTR1A/STX1A/TMSB10/MAP4/MFSD10/NOP10/RUFY2/NPDC1/CACNB3/COMTD1/STX7/GAPDH/KIF3A/PCSK1N/DYNLRB1/NCAM1/DPYSL2/KIFAP3/KPNA2/HCFC1R1/RUSC1/RABAC1/SH3BGRL2","CELLTYPE"
"HE_LIM_SUN_FETAL_LUNG_C0_VASCULAR_SMC_2_CELL","HE_LIM_SUN_FETAL_LUNG_C0_VASCULAR_SMC_2_CELL",63,-0.28825236719913,-1.02024230302481,0.383592017738359,0.685228810585936,0.61481682754327,995,"tags=32%, list=8%, signal=29%","RASGRP2/MYH11/RGS5/CNNM2/HRH2/SIPA1L2/ALDOC/AFAP1L2/ARHGDIB/NET1/ENTPD1/MEGF6/NRIP2/MTHFD2/PERP/NTN4/ARHGEF7/RCSD1/IL17RE/ARID5A","CELLTYPE"
"DESCARTES_MAIN_FETAL_AFP_ALB_POSITIVE_CELLS","DESCARTES_MAIN_FETAL_AFP_ALB_POSITIVE_CELLS",40,0.332949719475903,1.03906531082564,0.391143911439114,0.69219287698495,0.621065288121834,2557,"tags=22%, list=21%, signal=18%","BBC3/MT1F/SPRYD4/SRSF10/INO80E/TMEM150A/SDHAF1/ACOT13/DGCR6L","CELLTYPE"
"GAUTAM_EYE_CORNEA_CYTOTOXIC_T_CELLS","GAUTAM_EYE_CORNEA_CYTOTOXIC_T_CELLS",112,0.277960458694151,1.03081438992197,0.392920353982301,0.693388859968766,0.622138375611074,2646,"tags=27%, list=22%, signal=21%","CASP2/TTL/HAUS4/C6orf136/SLC2A11/ANKS3/MAPKBP1/MCOLN2/CEP152/ASPM/CCZ1B/TRMT1/THOC6/SH2B1/PHOSPHO2/CLASP1/FNDC3B/FBXL4/MLYCD/THAP2/TECPR1/NAPEPLD/BAG4/ANKRD54/RAB3IP/MLKL/CDK19/RIN1/CLIC3/XRCC2","CELLTYPE"
"SU_HO_CONV_CENT_CHONDROSARCOMA_STROMAL_C0_MINERALISATION_STROMAL_CELL","SU_HO_CONV_CENT_CHONDROSARCOMA_STROMAL_C0_MINERALISATION_STROMAL_CELL",115,-0.265881826100176,-1.021755341972,0.394077448747153,0.693488247795269,0.622227550653399,2171,"tags=26%, list=18%, signal=22%","TCEA3/EPB41L4A-AS1/AK2/SERBP1/CARHSP1/PHOSPHO1/HPCAL1/GBE1/ALDOC/TGFA/MAD1L1/NR1D1/LITAF/S100A13/GSTP1/CD44/BEND5/DDX18/PGAM1/ACTN4/PARK7/MTFP1/GSN/HSBP1L1/DDIT4/CD300A/C1orf43/NINJ1/CNBP/CD55","CELLTYPE"
"HE_LIM_SUN_FETAL_LUNG_C2_ADC_1_CELL","HE_LIM_SUN_FETAL_LUNG_C2_ADC_1_CELL",108,0.275410212494892,1.01420965402171,0.398926654740608,0.69888178913738,0.627066868449078,2870,"tags=30%, list=24%, signal=23%","NUAK2/TRAF1/HLA-DOB/A1BG/RASGRP3/SLC22A23/HOPX/ZNF296/TRIP10/HLA-DQB2/RHOF/ATP8A1/LUZP1/MAP4/COMTD1/CHD3/THAP2/BTN2A2/DCAF6/ARHGAP10/GBP4/CCDC28B/ADORA2A/DUSP4/TNIP2/TBC1D8/SAMD9L/POLD1/PLEKHG1/GPR137B/LRRC61/ETV3","CELLTYPE"
"HE_LIM_SUN_FETAL_LUNG_C0_MID_MESOTHELIAL_CELL","HE_LIM_SUN_FETAL_LUNG_C0_MID_MESOTHELIAL_CELL",498,0.23274610809663,1.01341414654587,0.399361022364217,0.69888178913738,0.627066868449078,1696,"tags=17%, list=14%, signal=15%","ITM2A/RAB33A/WRNIP1/PLP2/MUS81/SH3BP5/CYSTM1/FDXR/MIB2/FGFRL1/A1BG/CDV3/OPTN/TMEM8B/SLC26A11/IRF7/ITPR3/ZNF219/NSUN5/INTS5/HVCN1/GBP3/CAPG/GPC1/PYCARD/CLPTM1L/SLC35A2/RASSF7/PPP1R21/CD9/MIEN1/CXADR/SMPD3/BCAS4/NCOR2/TOMM34/TMUB1/SIRT5/HEG1/ARL8A/PLEC/CCPG1/SLC26A2/PAK4/ARL2/VAMP8/RHOU/COL18A1/ARSA/ZNF174/PROCR/SLK/SPRYD4/PDE4DIP/SULF2/ETHE1/SVIL/ARRDC1/RNF207/ITSN2/EFNA1/GIT1/CDC42EP3/CRIP1/LMNB1/SPECC1/UBE2Q1/ZNF641/NLGN3/DECR2/STX11/FGF9/CD74/NPDC1/ZNF524/CACNB3/COMTD1/EXOSC4/WWC2/FAM98A/MTHFR/HDAC7/DTX2","CELLTYPE"
"CUI_DEVELOPING_HEART_C2_CARDIOMYOCYTE","CUI_DEVELOPING_HEART_C2_CARDIOMYOCYTE",32,0.354886462157674,1.05029049580468,0.402985074626866,0.703270351841899,0.631004476088721,1161,"tags=16%, list=10%, signal=14%","PTP4A3/CHCHD10/CRIP2/PDE4DIP/PPP1R12B","CELLTYPE"
"GAO_ESOPHAGUS_25W_C2_KRT6BPOS_SECRETORY_PROGENITOR_CELLS","GAO_ESOPHAGUS_25W_C2_KRT6BPOS_SECRETORY_PROGENITOR_CELLS",33,-0.329981609790338,-1.00568348645439,0.408296943231441,0.710572028275712,0.637555854944123,957,"tags=21%, list=8%, signal=20%","PRSS22/DUSP5/NTN4/PDP1/TOR1B/ZFAND2A/EPS8L1","CELLTYPE"
"FAN_EMBRYONIC_CTX_BRAIN_ENDOTHELIAL_1","FAN_EMBRYONIC_CTX_BRAIN_ENDOTHELIAL_1",238,0.24981207731276,1.01774828722035,0.410562180579216,0.712545933236656,0.639326927565722,2126,"tags=23%, list=18%, signal=19%","ITM2A/PTP4A3/PELO/ID3/S100A10/CLIC1/ITPR3/RASGRP3/NOTCH1/MMP25/MT1F/CD9/CRIP2/VIM/MYO6/BLCAP/PCBD1/HOPX/HEG1/TAGLN2/TPM4/AHNAK/TSC22D1/ARL2/RHOC/IFIT1/PROCR/HIP1R/MAGED2/SVIL/IGFBP7/CD151/EFNA1/C12orf57/ARHGAP18/SH2D3C/ITGA5/NPDC1/TMEM204/UTRN/IFNAR2/HDAC7/KIAA1671/MX1/ACVR1/MICALL2/ZDHHC9/FAM43A/PDLIM2/FHL3/DNAJC1/EPAS1/FXYD5/SERPINH1","CELLTYPE"
"DESCARTES_FETAL_LIVER_ERYTHROBLASTS","DESCARTES_FETAL_LIVER_ERYTHROBLASTS",23,0.366867338221054,1.01923345159026,0.413479052823315,0.713793578613752,0.640446368781261,2917,"tags=35%, list=24%, signal=26%","FKBPL/TMOD1/EPOR/RHD/SLC25A37/PIGQ/SLC14A1/DNAJA4","CELLTYPE"
"LAKE_ADULT_KIDNEY_C14_DISTAL_CONVOLUTED_TUBULE","LAKE_ADULT_KIDNEY_C14_DISTAL_CONVOLUTED_TUBULE",111,0.273616545448536,1.01455992005713,0.41696113074205,0.713793578613752,0.640446368781261,2121,"tags=22%, list=18%, signal=18%","TCF12/ME3/AHI1/RERE/ICA1/DYNC2H1/USP24/BCAS3/RBM25/SCAPER/SKAP1/PNISR/FMN1/SVIL/ANKRD26/MSI2/CLASP1/FNDC3B/ABCA5/FHOD3/SNX29/ATP1B1/BTBD9/KANK1","CELLTYPE"
"HU_FETAL_RETINA_RPE","HU_FETAL_RETINA_RPE",120,-0.262322189532124,-1.01448941226493,0.417977528089888,0.713793578613752,0.640446368781261,2077,"tags=25%, list=17%, signal=21%","PSAT1/NUCB1/GNS/ASB13/SLC5A6/RAB38/ITM2B/MLANA/LITAF/CDR2/GSTP1/B2M/RAB27A/CCND2/NET1/TEX2/SMAD3/SLC7A6/NOTCH2/PARD6B/FAM13A/ITGA6/PRKCQ/SLC7A5/TMEM164/CANX/HSBP1L1/STT3B/ZFP36L2/PHACTR2","CELLTYPE"
"TRAVAGLINI_LUNG_VASCULAR_SMOOTH_MUSCLE_CELL","TRAVAGLINI_LUNG_VASCULAR_SMOOTH_MUSCLE_CELL",28,0.35369157432064,1.01081834244582,0.418079096045198,0.713793578613752,0.640446368781261,2267,"tags=29%, list=19%, signal=23%","TPM2/TPM4/ITGA1/IGFBP7/ISYNA1/MYL6/EPAS1/HSPA2","CELLTYPE"
"TRAVAGLINI_LUNG_LIPOFIBROBLAST_CELL","TRAVAGLINI_LUNG_LIPOFIBROBLAST_CELL",90,-0.272266573064957,-1.01007917344282,0.417249417249417,0.713793578613752,0.640446368781261,2524,"tags=29%, list=21%, signal=23%","SPTSSA/UAP1/GSPT1/CTSH/ACSL4/HK2/DKC1/SLC20A1/ZFAND5/ELOVL5/CDC42SE1/PLSCR1/NR4A3/CREM/MRTO4/UGDH/NFIL3/CEBPB/ERRFI1/IGFBP4/PGAP1/B4GALT1/MAT2A/GFPT2/NIP7/MYC","CELLTYPE"
"BUSSLINGER_ESOPHAGEAL_QUIESCENT_BASAL_CELLS","BUSSLINGER_ESOPHAGEAL_QUIESCENT_BASAL_CELLS",45,-0.302472308043499,-1.00151951420119,0.414473684210526,0.713793578613752,0.640446368781261,2870,"tags=38%, list=24%, signal=29%","EEF1A1/RPL5/SLC1A4/CLSTN1/RPS6/RPL4/EIF4B/ITGB4/RPL3/RPL10/EEF1G/EEF2/FTH1/MEGF6/SLC7A5/TXNIP/ZFP36L2","CELLTYPE"
"ZHONG_PFC_MAJOR_TYPES_OPC","ZHONG_PFC_MAJOR_TYPES_OPC",36,0.339308522240125,1.0283582128978,0.422641509433962,0.713844908695432,0.64049242434327,2121,"tags=31%, list=18%, signal=25%","LIMA1/CD9/DUSP6/ITM2C/LMF1/EPB41L2/RHOC/CST3/ANXA5/TSC22D4/KANK1","CELLTYPE"
"HE_LIM_SUN_FETAL_LUNG_C0_MYOFIBROBLAST_1_CELL","HE_LIM_SUN_FETAL_LUNG_C0_MYOFIBROBLAST_1_CELL",20,0.379068297708028,1.01799246782243,0.422509225092251,0.713844908695432,0.64049242434327,2457,"tags=30%, list=21%, signal=24%","MID1IP1/TPST2/SLC26A2/SLFN12L/MT1E/PTCH1","CELLTYPE"
"DESCARTES_FETAL_KIDNEY_LYMPHOID_CELLS","DESCARTES_FETAL_KIDNEY_LYMPHOID_CELLS",140,-0.255738900560142,-1.01327990481796,0.422632794457275,0.713844908695432,0.64049242434327,1492,"tags=16%, list=13%, signal=15%","RUNX3/CTSW/GZMK/EOMES/TKTL1/XCL1/DUSP2/DGKA/TMIGD2/IL7R/GFI1/CCR7/NCR3/CD5/GPA33/BACH2/ISG20/ZNF101/ITK/P2RX5/CXCR4/CCR6/KLRB1","CELLTYPE"
"LAKE_ADULT_KIDNEY_C12_THICK_ASCENDING_LIMB","LAKE_ADULT_KIDNEY_C12_THICK_ASCENDING_LIMB",255,-0.236984435245559,-1.01119354694367,0.421951219512195,0.713844908695432,0.64049242434327,2619,"tags=24%, list=22%, signal=19%","HSBP1/RPL34/MDH1/MGAT5/OXCT1/CNP/HIBADH/RPS4X/RPSA/PPIB/RPS6/MYO3B/ENO1/CPVL/NDUFA1/LMO7/CAT/RPL4/UXS1/SLC25A3/NDUFA5/RPL3/EPHX2/TMBIM6/LDHB/RPL10/CAPN2/HADHA/RPL15/KIFC3/COX7A2/ITM2B/ZHX3/SORL1/NDUFA4/REEP5/RPS14/DNAJC19/TMEM59/HERPUD1/EID1/B2M/NDUFB9/ACSS1/SMS/RPLP0/RPL10A/FLNB/EEF2/CYFIP2/RPL6/NDUFS1/FTH1/FAM13A/AK3/P4HB/PGK1/RPL7/DNAJC11/YBX1/CIRBP/NNT","CELLTYPE"
"LAKE_ADULT_KIDNEY_C29_UNKNOWN_NOVEL_PT_CFH_POS_SUBPOPULATION_S2","LAKE_ADULT_KIDNEY_C29_UNKNOWN_NOVEL_PT_CFH_POS_SUBPOPULATION_S2",35,0.337525246210067,1.02245835472262,0.425925925925926,0.715555555555556,0.642027290448343,1711,"tags=26%, list=14%, signal=22%","KLF6/SYNE1/MACF1/PALLD/SVIL/FRMD4A/AKT3/UTRN/FER","CELLTYPE"
"HAY_BONE_MARROW_CD8_T_CELL","HAY_BONE_MARROW_CD8_T_CELL",63,-0.283406467210699,-1.00309069309194,0.425720620842572,0.715555555555556,0.642027290448343,1384,"tags=17%, list=12%, signal=16%","GZMK/TNFRSF9/PARP8/DUSP2/KIF19/KLRG1/FYN/PRDM1/CXCR6/CXCR4/SLA","CELLTYPE"
"DESCARTES_FETAL_HEART_ERYTHROBLASTS","DESCARTES_FETAL_HEART_ERYTHROBLASTS",214,0.252462287271306,1.01105891779254,0.427574171029668,0.716414169544391,0.64279767593206,2249,"tags=20%, list=19%, signal=16%","WRNIP1/PIEZO1/ME3/SNRPA/BUD13/DDX39A/UBQLN1/PPP1R9B/BLVRB/SLC35A2/TESC/EIF4A2/ORC2/KLC4/CAB39L/ROGDI/POLR1A/ABCF1/TRIP10/PCK2/MED1/TOX4/TCHP/NXT1/RSRC2/ZNF141/RAD54L2/SRSF1/SLC38A7/TIMELESS/ASL/ZMIZ2/KDM1B/ABCD2/TJAP1/TNFRSF10A/NCAPG2/SNHG7/APEH/EXPH5/PRC1/GPS2","CELLTYPE"
"FAN_OVARY_CL5_HEALTHY_SELECTABLE_FOLLICLE_THECAL_CELL","FAN_OVARY_CL5_HEALTHY_SELECTABLE_FOLLICLE_THECAL_CELL",228,0.249587150965435,1.00693160742939,0.429319371727749,0.717430249836821,0.643709346971384,2590,"tags=27%, list=22%, signal=21%","JUN/PLAGL1/PPP2CB/IER2/ACAA1/TPM2/SRSF11/LIMA1/HSPH1/PTTG1/DSEL/NME3/MYO6/UBXN4/LGALS1/DYNLL1/PHLDA1/TPM4/HSDL2/ITM2C/RRBP1/COL18A1/NONO/AHSA1/PCOLCE/EGR1/SAT2/ING1/KLF10/SULF2/GADD45B/RBBP6/ATRX/PDGFRB/RSRC2/RPS26/TMOD3/GADD45G/OAF/CHORDC1/MCL1/FLYWCH2/KPNA2/SERPINH1/BAG3/HSPA8/MTDH/GBP4/DNAJA1/U2AF1/FDX1/EMP2/JMJD1C/CITED2/PTCH1/CKS2/DNAJB4/SLC25A36/GCLM/ARL4D/CCNL1","CELLTYPE"
"HAY_BONE_MARROW_CD34_POS_HSC","HAY_BONE_MARROW_CD34_POS_HSC",41,-0.308959083646657,-1.00245520737201,0.43640350877193,0.72733918128655,0.652600067420012,3163,"tags=39%, list=27%, signal=29%","TMEM163/NACA/BTF3/BEX4/KRT18/CTSF/EPB41L4A-AS1/CD164/BEX2/RPL15/EIF3L/NRIP1/LAPTM4B/EEF2/ELMO1/RSL1D1","CELLTYPE"
"MANNO_MIDBRAIN_NEUROTYPES_HPROGM","MANNO_MIDBRAIN_NEUROTYPES_HPROGM",121,-0.25912992182717,-1.0035884140606,0.439189189189189,0.73005063110604,0.655032897082613,2845,"tags=28%, list=24%, signal=22%","CDK1/NUSAP1/CCNB2/BRCA1/PHGDH/MLF1/CRYZ/TPBG/JAM3/RALGPS2/HK2/NUF2/ENO1/RCN1/PRADC1/BIRC5/DEPDC1B/P4HA1/CDCA5/MAGT1/CMTM8/RPS14/WNT1/KLHDC8B/ZNF497/FAM13A/ITGA6/RBMS1/ITGB3BP/DDIT4/TYMS/GPD1L/ZFP36L2/CD47","CELLTYPE"
"BUSSLINGER_GASTRIC_OXYNTIC_ENTEROCHROMAFFIN_LIKE_CELLS","BUSSLINGER_GASTRIC_OXYNTIC_ENTEROCHROMAFFIN_LIKE_CELLS",27,0.355597762394698,1.00599470695847,0.444652908067542,0.731789949181254,0.656593488237817,2452,"tags=30%, list=21%, signal=24%","GPR160/CDHR3/CMIP/SERPINB6/QDPR/PCSK1N/REV3L/RAB3B","CELLTYPE"
"DESCARTES_FETAL_PLACENTA_EXTRAVILLOUS_TROPHOBLASTS","DESCARTES_FETAL_PLACENTA_EXTRAVILLOUS_TROPHOBLASTS",15,0.402211531831878,1.00571593429512,0.446768060836502,0.731789949181254,0.656593488237817,918,"tags=13%, list=8%, signal=12%","ASPSCR1/CCNE1","CELLTYPE"
"GAO_SMALL_INTESTINE_24W_C9_ENTEROENDOCRINE_CELL","GAO_SMALL_INTESTINE_24W_C9_ENTEROENDOCRINE_CELL",17,-0.377862192530124,-0.998675680980671,0.447204968944099,0.731789949181254,0.656593488237817,795,"tags=18%, list=7%, signal=16%","METTL1/TOE1/ASB8","CELLTYPE"
"RUBENSTEIN_SKELETAL_MUSCLE_FAP_CELLS","RUBENSTEIN_SKELETAL_MUSCLE_FAP_CELLS",99,-0.263040507577616,-0.99860737608225,0.443181818181818,0.731789949181254,0.656593488237817,1902,"tags=25%, list=16%, signal=21%","SPON2/ARF4/ARL6IP5/NFE2L2/CFH/KDELR2/ITM2B/REEP5/S100A13/HSP90B1/RAB1A/TMEM59/EID1/ANXA1/NDUFS4/CYB5A/TMED2/FCGRT/PRDX4/GSN/FHL1/C1R/TRAM1/SPRY1/FBLN2","CELLTYPE"
"DESCARTES_FETAL_SPLEEN_LYMPHOID_CELLS","DESCARTES_FETAL_SPLEEN_LYMPHOID_CELLS",77,0.280112740844365,0.995606002293443,0.441489361702128,0.731789949181254,0.656593488237817,2734,"tags=29%, list=23%, signal=22%","GPR18/IGLL5/PLCG2/SYTL1/CARD11/LTA/HIP1R/SCML4/CD3D/TMEM154/CD37/HSF5/PYHIN1/KLRC1/MS4A1/KLRC2/IKZF3/CNR2/SP140/STK17A/CD3G/NCR1","CELLTYPE"
"BUSSLINGER_GASTRIC_METALLOTHIONEIN_CELLS","BUSSLINGER_GASTRIC_METALLOTHIONEIN_CELLS",57,-0.287532385174151,-0.989889795992763,0.447058823529412,0.731789949181254,0.656593488237817,1838,"tags=21%, list=15%, signal=18%","RPL36A/NDRG1/STARD10/GSTP1/CARNS1/RPLP0/AKR1C3/CA2/SLC44A2/GSN/P4HB/HPGD","CELLTYPE"
"DESCARTES_FETAL_EYE_LENS_FIBRE_CELLS","DESCARTES_FETAL_EYE_LENS_FIBRE_CELLS",19,-0.37199699904356,-1.01247649445309,0.453763440860215,0.736425452247338,0.660752661414905,1516,"tags=47%, list=13%, signal=41%","MBOAT1/NEURL2/DNMBP/LIM2/GSS/SORD/WNT7A/ME1/CERK","CELLTYPE"
"TRAVAGLINI_LUNG_AIRWAY_SMOOTH_MUSCLE_CELL","TRAVAGLINI_LUNG_AIRWAY_SMOOTH_MUSCLE_CELL",97,0.269883707879529,0.991627997051107,0.451957295373665,0.736425452247338,0.660752661414905,2170,"tags=20%, list=18%, signal=16%","CAMK2G/ROCK1/TPM2/TMEM38B/CD9/CRIP2/CHURC1/PPP1R12B/IGFBP7/ISYNA1/MGST3/CD151/MYL6/TLN1/HSPB1/RAB20/NDUFB2/EPAS1/HCFC1R1","CELLTYPE"
"GAUTAM_EYE_CORNEA_FIBROBLASTS","GAUTAM_EYE_CORNEA_FIBROBLASTS",116,0.266919372074803,0.99139994509499,0.453405017921147,0.736425452247338,0.660752661414905,2259,"tags=22%, list=19%, signal=18%","MYADM/SPATS2/TYMP/A1BG/TPM2/JUND/SRRM2/CD81/PNISR/ITM2C/ARMCX3/RHOC/MAGED2/CTNNAL1/LUZP1/C12orf57/SHC1/TLN1/CCDC85B/GOLGA4/DPYSL2/ASAP1/PNRC1/MTDH/UBXN1/DNAJA1","CELLTYPE"
"HE_LIM_SUN_FETAL_LUNG_C2_PROMYELOCYTE_LIKE_CELL","HE_LIM_SUN_FETAL_LUNG_C2_PROMYELOCYTE_LIKE_CELL",29,0.341194119406029,0.987879270361288,0.454713493530499,0.736425452247338,0.660752661414905,1813,"tags=21%, list=15%, signal=18%","MKI67/WEE1/MLC1/NKG7/CENPM/TIMELESS","CELLTYPE"
"HE_LIM_SUN_FETAL_LUNG_C0_MID_AIRWAY_SMC_1_CELL","HE_LIM_SUN_FETAL_LUNG_C0_MID_AIRWAY_SMC_1_CELL",20,-0.367989895502063,-1.00856874600843,0.458695652173913,0.740969899665552,0.664830135539518,2500,"tags=50%, list=21%, signal=40%","LIMS2/FHL2/NGFR/SLC29A3/MYH11/ENC1/CEP120/LTBP2/ENTPD1/FBXL22","CELLTYPE"
"SU_HO_CONV_CENT_CHONDROSARCOMA_C1_HIGH_GRADE_CHONDROSARCOMA_2","SU_HO_CONV_CENT_CHONDROSARCOMA_C1_HIGH_GRADE_CHONDROSARCOMA_2",383,0.233561991854835,0.993656089585612,0.464052287581699,0.747705731909132,0.670873814595161,2217,"tags=23%, list=19%, signal=19%","PLAGL1/VASP/CYSTM1/HAGHL/MYADM/SNAPC2/SYNE2/IFRD1/TRABD/SLC12A4/CHSY1/KDM3B/KCNQ1OT1/UBQLN1/CHD2/RAB10/TGFB1/SAMD4B/JUND/WDR26/CAMK2N1/SRRM2/MID1IP1/CIC/POGZ/CAST/GPR153/RHOT2/SQLE/PDE4A/ARL8A/SLC26A2/C1orf35/SREK1/BLZF1/SLC39A1/XYLT1/CHMP3/TRIP10/CMIP/ETHE1/MEF2D/ARRDC1/UBE2H/HNRNPU/MGST3/RBBP6/CAPNS1/ITSN2/TOX4/RALBP1/KANSL1L/ASH1L/CDC42EP3/MSI2/ANKRD11/DDX17/ITGA5/SHC1/TBRG4/TMEM204/PRRC2C/KIAA0040/CSTB/TTLL4/OSBPL1A/YY1AP1/ABI2/MCL1/SLC35E4/C1orf21/ZDHHC9/FAM120A/FHL3/FAM118A/ATP1B1/EPAS1/SNHG7/AFTPH/TSC22D4/DIXDC1/CHMP4B/ATP6V1F/MAPK6/HDLBP/RABAC1/LTC4S","CELLTYPE"
"GAO_LARGE_INTESTINE_24W_C6_SECRETORY_PROGENITOR","GAO_LARGE_INTESTINE_24W_C6_SECRETORY_PROGENITOR",15,0.394163990959079,0.985593338478922,0.467680608365019,0.749717005775985,0.672678416210031,265,"tags=20%, list=2%, signal=20%","ITGAX/TYMP/SYNE1","CELLTYPE"
"TRAVAGLINI_LUNG_CAPILLARY_AEROCYTE_CELL","TRAVAGLINI_LUNG_CAPILLARY_AEROCYTE_CELL",27,-0.331823457713978,-0.981310028608983,0.466950959488273,0.749717005775985,0.672678416210031,1627,"tags=15%, list=14%, signal=13%","ITM2B/B2M/TGFBR3/HPGD","CELLTYPE"
"GAO_SMALL_INTESTINE_24W_C6_GOBLET_CELLS","GAO_SMALL_INTESTINE_24W_C6_GOBLET_CELLS",18,-0.369276292509512,-0.994010384544219,0.469601677148847,0.75088593046643,0.673727225832035,536,"tags=22%, list=5%, signal=21%","STARD10/GSN/GRPEL2/BCAS1","CELLTYPE"
"DESCARTES_FETAL_INTESTINE_INTESTINAL_EPITHELIAL_CELLS","DESCARTES_FETAL_INTESTINE_INTESTINAL_EPITHELIAL_CELLS",37,0.326977184952233,0.994208772946991,0.47438330170778,0.750977107761027,0.673809034031198,2980,"tags=27%, list=25%, signal=20%","ANKRD20A5P/REEP6/PCK2/PAK6/KHK/GLYCTK/MT1E/ELMO3/DGAT1/MAMDC4","CELLTYPE"
"BUSSLINGER_GASTRIC_IMMATURE_PIT_CELLS","BUSSLINGER_GASTRIC_IMMATURE_PIT_CELLS",99,-0.26002957294203,-0.987176659331861,0.472727272727273,0.750977107761027,0.673809034031198,1836,"tags=21%, list=15%, signal=18%","ABLIM1/CALM2/KDELR2/SYTL2/MAPK3/GSTP1/TST/RAB27A/FLNB/AKR1C3/NET1/CA2/SLC44A2/UGDH/ACTN4/YWHAZ/GSN/PERP/BCAS1/KLF3/HPGD","CELLTYPE"
"LAKE_ADULT_KIDNEY_C24_ENDOTHELIAL_CELLS_AEA_AND_DVR","LAKE_ADULT_KIDNEY_C24_ENDOTHELIAL_CELLS_AEA_AND_DVR",105,0.267579707632387,0.985214740220322,0.474426807760141,0.750977107761027,0.673809034031198,2371,"tags=22%, list=20%, signal=18%","HLA-DRB1/SYNE1/DUSP1/EXOC6/HLA-DRA/HSPH1/VIM/MACF1/AHNAK/ADAMTS6/TMSB10/MYL6/CD74/AKT3/KIF5B/UTRN/AKAP13/HLA-B/EPAS1/IFITM2/DNAJA1/ROCK2/ACTG1","CELLTYPE"
"BUSSLINGER_GASTRIC_PPP1R1B_POSITIVE_CELLS","BUSSLINGER_GASTRIC_PPP1R1B_POSITIVE_CELLS",98,0.266736026606613,0.980386256293888,0.47153024911032,0.750977107761027,0.673809034031198,994,"tags=8%, list=8%, signal=8%","JUN/ATF3/IER3/CLU/SAT1/RPS10/DGKD/EGR1","CELLTYPE"
"GAUTAM_EYE_IRIS_CILIARY_BODY_ACTIVATED_T_CELLS","GAUTAM_EYE_IRIS_CILIARY_BODY_ACTIVATED_T_CELLS",107,-0.260494677221006,-0.993310514647228,0.478458049886621,0.755116763898909,0.677523311969447,1285,"tags=15%, list=11%, signal=13%","RPL17/MGAT4A/RPL10A/NIPAL3/CYFIP2/TNFRSF1B/IPCEF1/RPS6KA3/TMEM71/EIF3M/FLI1/ZFAND2A/IL23A/ARID5A/CDC14A/IL18RAP","CELLTYPE"
"MENON_FETAL_KIDNEY_5_PROXIMAL_TUBULE_CELLS","MENON_FETAL_KIDNEY_5_PROXIMAL_TUBULE_CELLS",73,-0.272814128227899,-0.981664658049169,0.47972972972973,0.755116763898909,0.677523311969447,2298,"tags=29%, list=19%, signal=23%","TXN/ARID5B/PSMA2/ATXN7L3B/CD164/TMBIM6/HADHA/CTSB/CALM1/ITM2B/AKR1A1/SMS/CYB5A/PPFIBP1/ATP6V1G1/FTH1/APOM/CUBN/ID2/DPP4/SYAP1","CELLTYPE"
"DESCARTES_MAIN_FETAL_IGFBP1_DKK1_POSITIVE_CELLS","DESCARTES_MAIN_FETAL_IGFBP1_DKK1_POSITIVE_CELLS",68,-0.276028100362703,-0.980838952634952,0.480637813211845,0.755116763898909,0.677523311969447,2532,"tags=29%, list=21%, signal=23%","CHI3L2/SPTSSA/MOSPD2/APOO/FAM89A/TCEAL3/GPBAR1/SPON2/CHST2/MAPK7/OSGIN2/B2M/LTBP2/SLC37A3/PIP5K1C/TMX3/IGFBP4/ADAMTS1/SLC39A6/SUMF2","CELLTYPE"
"DESCARTES_FETAL_LIVER_MESOTHELIAL_CELLS","DESCARTES_FETAL_LIVER_MESOTHELIAL_CELLS",58,-0.278271669600492,-0.965493749870754,0.482517482517482,0.75618411439307,0.678480984843907,1671,"tags=22%, list=14%, signal=19%","ITGA3/ARHGEF4/CARNS1/SDR42E1/RAB34/ZNF649/MMP24/EPHB6/SPOCK2/DPP4/EPS8L1/IL17RE/GFPT2","CELLTYPE"
"GAO_LARGE_INTESTINE_ADULT_CE_OLFM4HIGH_STEM_CELL","GAO_LARGE_INTESTINE_ADULT_CE_OLFM4HIGH_STEM_CELL",154,-0.248718081710622,-0.995380793150941,0.497652582159624,0.758936393902225,0.680950448664152,1462,"tags=14%, list=12%, signal=13%","ALKBH1/LATS2/ZXDB/LRRC20/TMEM91/ZNF845/DUSP16/POLR3G/LST1/GFI1/NRIP2/ZNF75D/CD28/ZNF227/MPP7/TLR1/PDZD4/IL23A/ABCB6/VMAC/ZNF773/IRAK2","CELLTYPE"
"TRAVAGLINI_LUNG_ADVENTITIAL_FIBROBLAST_CELL","TRAVAGLINI_LUNG_ADVENTITIAL_FIBROBLAST_CELL",143,0.255930987372776,0.982422272330354,0.5,0.758936393902225,0.680950448664152,994,"tags=12%, list=8%, signal=11%","ITM2A/JUN/SH3BP5/IER2/SKIL/DUSP1/S100A10/MAFF/AHR/LIMA1/HSPH1/JUND/PIM1/ABL1/PLK3/PCOLCE/EGR1","CELLTYPE"
"TRAVAGLINI_LUNG_CAPILLARY_INTERMEDIATE_1_CELL","TRAVAGLINI_LUNG_CAPILLARY_INTERMEDIATE_1_CELL",106,0.266112857406807,0.981568842209008,0.492091388400703,0.758936393902225,0.680950448664152,1588,"tags=20%, list=13%, signal=17%","NUAK2/HLA-DRB5/PLAGL1/MYADM/TYMP/HLA-DRB1/PPP3CC/KCNQ1OT1/ZFP36L1/MYO6/PHLDA1/HOPX/ITGA1/PDLIM1/HLA-DQA1/SERPINB6/SH2D3C/ITGA5/STX11/CD74/TMEM204","CELLTYPE"
"DURANTE_ADULT_OLFACTORY_NEUROEPITHELIUM_RESPIRATORY_CILIATED_CELLS","DURANTE_ADULT_OLFACTORY_NEUROEPITHELIUM_RESPIRATORY_CILIATED_CELLS",56,0.289605662318326,0.981409158773749,0.495636998254799,0.758936393902225,0.680950448664152,2154,"tags=21%, list=18%, signal=18%","CYSTM1/ZMYND10/CDHR3/DYNLL1/CCDC78/CIB1/PRDX5/SPAG16/CRIP1/WDR54/DPY30/RSPH9","CELLTYPE"
"TRAVAGLINI_LUNG_PLATELET_MEGAKARYOCYTE_CELL","TRAVAGLINI_LUNG_PLATELET_MEGAKARYOCYTE_CELL",378,0.23014844659428,0.979072724070036,0.497560975609756,0.758936393902225,0.680950448664152,2296,"tags=21%, list=19%, signal=17%","WRNIP1/BBC3/RUFY1/HMG20B/HHEX/USF2/IFRD1/CENPT/ZMYND10/CLIC1/RAB10/TGFB1/C12orf76/CLU/DIAPH1/CD9/SWI5/CD226/CYTH2/BRD3/TPST2/DYNLL1/SAT1/TAGLN2/TPM4/STRN4/TSC22D1/RPL23AP7/PDLIM1/DOK2/CCDC78/DOK1/RILPL1/SQSTM1/MAFG/PLEKHO1/CMIP/CCL5/CDKN1A/PRDX5/RBBP6/NDUFAF3/EPOR/UBXN11/CD151/ARHGAP18/MYL6/STX11/PPBP/SPHK1/ILK/WBP2/ARHGAP21/TALDO1/GAPDH/RASA3/AHCTF1/TLN1/ACVR1/CCDC85B/UBA7/ICAM2/SSBP2/BAIAP2/GRAP2/ZYX/WIPI1/MPST/ASAP1/TSC22D4/C20orf96/RSPH9/PRR7/TMEM140/ENDOD1/GNAS/SH3BGRL2/TMBIM1/FAM110A","CELLTYPE"
"AIZARANI_LIVER_C34_MHC_II_POS_B_CELLS","AIZARANI_LIVER_C34_MHC_II_POS_B_CELLS",103,0.264428033671799,0.977040909788341,0.490367775831874,0.758936393902225,0.680950448664152,2199,"tags=24%, list=18%, signal=20%","CIITA/HLA-DRB5/HLA-DPB1/HLA-DRB1/PTPN6/HLA-DRA/ITM2C/DGKD/HLA-DQA1/SWAP70/PTPRCAP/CNTRL/AEBP1/LUC7L3/DDX6/STX7/TMEM154/KIAA0040/CD37/SYK/RNASE6/MS4A1/LIMD2/MDM4/IQSEC1","CELLTYPE"
"GAUTAM_EYE_IRIS_CILIARY_BODY_MEG3_HIGH_FIBROBLASTS","GAUTAM_EYE_IRIS_CILIARY_BODY_MEG3_HIGH_FIBROBLASTS",68,0.280026151568347,0.973323408217818,0.49911190053286,0.758936393902225,0.680950448664152,1441,"tags=13%, list=12%, signal=12%","JUN/HSPA1A/DUSP1/NIPBL/TPM4/BTAF1/MCTP2/ZC3H12A/SHC1","CELLTYPE"
"ZHENG_CORD_BLOOD_C7_PUTATIVE_LYMPHOID_PRIMED_MULTIPOTENT_PROGENITOR_1","ZHENG_CORD_BLOOD_C7_PUTATIVE_LYMPHOID_PRIMED_MULTIPOTENT_PROGENITOR_1",78,-0.267029104451697,-0.972814784536837,0.490909090909091,0.758936393902225,0.680950448664152,1528,"tags=15%, list=13%, signal=13%","ZC3HAV1/DEK/HSP90B1/SELL/KRR1/GTF3A/DYNLT1/IFNGR1/CASP4/ZFP36L2/MAP3K8/C6orf62","CELLTYPE"
"FAN_EMBRYONIC_CTX_ASTROCYTE_1","FAN_EMBRYONIC_CTX_ASTROCYTE_1",30,0.332825168836048,0.972119710399665,0.490601503759398,0.758936393902225,0.680950448664152,2017,"tags=30%, list=17%, signal=25%","PLAGL1/ID3/PLEC/OLFM2/FRMD4A/MLC1/EFHD2/OAF/SFXN5","CELLTYPE"
"DESCARTES_FETAL_INTESTINE_ERYTHROBLASTS","DESCARTES_FETAL_INTESTINE_ERYTHROBLASTS",88,0.266948477144627,0.971236616558461,0.496551724137931,0.758936393902225,0.680950448664152,1547,"tags=16%, list=13%, signal=14%","TSPAN32/ST6GALNAC4/FAM117A/HTRA2/BLVRB/PIM1/KCNN4/TMOD1/EPOR/SPECC1/PPME1/YPEL4/SLC1A5/RHD","CELLTYPE"
"GAUTAM_EYE_IRIS_CILIARY_BODY_SCHWANN_CELLS","GAUTAM_EYE_IRIS_CILIARY_BODY_SCHWANN_CELLS",68,-0.273196570958707,-0.970777388861837,0.501138952164009,0.758936393902225,0.680950448664152,907,"tags=10%, list=8%, signal=10%","WDFY1/MAP3K11/HLA-C/COL5A3/LIPA/ARHGEF6/ZNF532","CELLTYPE"
"VANGURP_PANCREATIC_GAMMA_CELL","VANGURP_PANCREATIC_GAMMA_CELL",15,-0.380752134099529,-0.968722747311752,0.493697478991597,0.758936393902225,0.680950448664152,998,"tags=27%, list=8%, signal=24%","FGFR1/AQP3/TXNIP/ID2","CELLTYPE"
"DESCARTES_FETAL_ADRENAL_MEGAKARYOCYTES","DESCARTES_FETAL_ADRENAL_MEGAKARYOCYTES",32,-0.317665545130378,-0.967652635509476,0.487124463519313,0.758936393902225,0.680950448664152,1460,"tags=19%, list=12%, signal=16%","CNST/TMEM91/MDM1/SLC37A1/CMTM6/EFHC2","CELLTYPE"
"HU_FETAL_RETINA_MULLER","HU_FETAL_RETINA_MULLER",19,0.361585606237736,0.962384008990859,0.491620111731844,0.758936393902225,0.680950448664152,1944,"tags=32%, list=16%, signal=26%","ZFP36L1/CLU/VIM/SAT1/CCND1/NCAM1","CELLTYPE"
"MURARO_PANCREAS_ENDOTHELIAL_CELL","MURARO_PANCREAS_ENDOTHELIAL_CELL",215,0.24424711959527,0.980914674183386,0.50259067357513,0.759309650725016,0.681285350775829,1687,"tags=20%, list=14%, signal=18%","ARHGEF12/LPAR6/SLC12A7/PELO/ID3/PPP1R18/CHSY1/RASGRP3/AHR/NOTCH1/CD9/SMAD7/VIM/LGALS1/MACF1/HEG1/CD81/SLC26A2/DUSP6/TSC22D1/ITGA1/DGKD/ADAMTS4/CBL/CTNNA1/PLEKHO1/SWAP70/SULF2/IGFBP7/UPP1/LUZP1/FRMD4A/EFNA1/ANKRD11/TMSB10/MPRIP/SH2D3C/ITGA5/RDX/ESM1/TMEM204/FHOD1/UTRN/HDAC7","CELLTYPE"
"DESCARTES_FETAL_LIVER_HEPATOBLASTS","DESCARTES_FETAL_LIVER_HEPATOBLASTS",70,-0.272284467271933,-0.976202816697652,0.505720823798627,0.762210810988361,0.68388839682665,2783,"tags=33%, list=23%, signal=25%","DBI/MSMO1/ARG1/CRYZ/ACSL4/BDH1/TCEA3/SLC39A14/AGMAT/PSAT1/IL17RB/ALDOC/PDCD1/GPAM/EHHADH/GLS2/AKR1C3/APOM/ERRFI1/PERP/GLUD1/SOAT2/ACADSB","CELLTYPE"
"TRAVAGLINI_LUNG_BRONCHIAL_VESSEL_2_CELL","TRAVAGLINI_LUNG_BRONCHIAL_VESSEL_2_CELL",194,-0.238091441051829,-0.986433300997619,0.518957345971564,0.771698252341273,0.692400938190917,1938,"tags=22%, list=16%, signal=18%","ARF6/SRSF6/ZFAND5/TMEM70/CD36/RBMX/ARF4/NFE2L2/CDC42SE1/IRF1/ZC3HAV1/RNF138/PLSCR1/GTF2B/RPL17/C1orf52/BZW1/BCL10/DDX3X/SUB1/RCAN1/GNAI3/SNRPB2/COQ10B/UBE2J1/RAP1B/SRGN/PGK1/ADAMTS1/CDK17/STX12/DCAF13/RAB5A/PFKFB3/PRDM1/MAT2A/SPRY1/ARID5A/NIP7/CEBPD/C1orf54/MYC","CELLTYPE"
"TRAVAGLINI_LUNG_NEUTROPHIL_CELL","TRAVAGLINI_LUNG_NEUTROPHIL_CELL",250,0.239853502261133,0.981617577543965,0.520689655172414,0.771698252341273,0.692400938190917,2329,"tags=24%, list=20%, signal=20%","CASP2/ITGAX/MSL1/VASP/TLE3/NAP1L4/IFRD1/EMP3/DUSP1/CTDNEP1/NCF4/SPI1/NBPF10/DENND3/MMP25/HERC1/JUND/S100A11/RNF213/SAT1/TMUB1/PPP1R35/PLK3/CDK11B/DAPK2/SLC11A1/CXCR2/S100A6/NBEAL2/SIRPB1/IGF2R/MYL6/DDX17/ADAM8/ATG16L2/KDM6B/NOP10/TMEM154/LAMTOR2/MAST3/CNPPD1/CSTB/G0S2/WAS/GIGYF1/HLA-B/MEGF9/MCL1/AMPD2/ABTB1/MAP1LC3B2/CLEC7A/NDUFB3/ATP6V1F/IFITM2/RNF149/SLC25A37/GNAI2/SPTAN1/ULK1/CSF3R","CELLTYPE"
"HE_LIM_SUN_FETAL_LUNG_C3_EARLY_CAP_CELL","HE_LIM_SUN_FETAL_LUNG_C3_EARLY_CAP_CELL",467,0.224930248762724,0.978875295380456,0.517133956386293,0.771698252341273,0.692400938190917,2486,"tags=22%, list=21%, signal=18%","NUAK2/PLAGL1/BCOR/RELT/IER5L/FDXR/TLE3/KIF20B/RCBTB2/RPL39L/CENPE/CCDC9/PELO/KIF22/RNF113A/SNHG12/TRABD/MKI67/TTLL12/SLC25A22/TPM2/KCNQ1OT1/ZNF219/DENND3/PHF23/IER3/HAUS4/C6orf136/PTTG1/C12orf76/POLR3D/HS6ST1/MID1IP1/TRAF4/MARK4/NDUFAF4/EIF2B2/POLR1A/CD70/PPP1R35/LIG3/ARRDC3/NAGA/AKIP1/LRWD1/PLEKHO1/SPRYD4/HIP1R/APBA2/GPSM3/HIPK2/UPP1/CFP/PJA1/THOC6/NAB2/CDC42EP3/ACYP1/LMNB1/CEACAM21/AAAS/HSPA6/TBRG4/CACNB3/CENPM/HES6/PHF19/HILPDA/ANP32E/TIMELESS/BCL2L12/SLC25A4/AMPD2/CENPN/FAM43A/PDLIM2/NAT14/FLYWCH2/WIPI1/RIPK2/ATP1B1/TNFRSF10A/KPNA2/RGS19/PKMYT1/ARHGAP10/RAC2/WDR5/LIG1/EZH2/TMEM237/C1QTNF6/GIPC1/ZNF346/UBE2T/ADORA2A/POC1A/CKS2/ACOT13/DUSP4/CCNB1IP1/ARFIP2/TEX10","CELLTYPE"
"LAKE_ADULT_KIDNEY_C7_PROXIMAL_TUBULE_EPITHELIAL_CELLS_S3","LAKE_ADULT_KIDNEY_C7_PROXIMAL_TUBULE_EPITHELIAL_CELLS_S3",98,-0.256546115522057,-0.970543957825837,0.515909090909091,0.771698252341273,0.692400938190917,3523,"tags=31%, list=30%, signal=22%","SPATS2L/HINT1/PTMA/RPS27A/RPS3A/RPL31/RPS13/RPS7/NPM1/EEF1A1/RPL5/RPL34/RPS4X/RPSA/RPS6/CCNI/ARID5B/RPL4/RPL3/CTSB/CALM1/NUMB/RPS14/EEF2/RPL6/PPFIBP1/FTH1/NCL/BCL2/RPL7","CELLTYPE"
"HE_LIM_SUN_FETAL_LUNG_C0_PERICYTE","HE_LIM_SUN_FETAL_LUNG_C0_PERICYTE",90,0.263911610081261,0.961577879370717,0.521815008726004,0.771698252341273,0.692400938190917,2335,"tags=27%, list=20%, signal=22%","NECAB1/ARHGEF12/VASP/CYSTM1/A1BG/CLIP1/PPFIBP2/TESC/BCAS3/COL18A1/OLFM2/MCTP2/SH2D3C/TMEM204/KIAA0040/STARD9/GPR183/TRPV2/ABTB1/EPAS1/ENDOD1/SLC35B3/HSPA2/MT1E","CELLTYPE"
"GAUTAM_EYE_CORNEA_TGFBI_HIGH_EPITHELIAL_CELLS","GAUTAM_EYE_CORNEA_TGFBI_HIGH_EPITHELIAL_CELLS",70,0.27296807679305,0.952106448583744,0.515044247787611,0.771698252341273,0.692400938190917,3013,"tags=33%, list=25%, signal=25%","ATF3/HSPH1/CAPG/PIM1/BLCAP/RHOU/EGR1/KLF10/GADD45B/PRDX5/ACYP1/DYNLRB1/FHOD3/CLEC7A/HSPA2/MT1E/KIF21A/CKS1B/TUBB/FOSB/CAPS/CRIM1/DUSP23","CELLTYPE"
"BUSSLINGER_DUODENAL_TUFT_CELLS","BUSSLINGER_DUODENAL_TUFT_CELLS",41,-0.291877922569643,-0.947033309211549,0.519736842105263,0.771698252341273,0.692400938190917,2763,"tags=34%, list=23%, signal=26%","SIGIRR/KRT18/SKAP2/FURIN/VIPR1/IL17RB/TMEM87A/SOX4/ATP2A3/AVIL/PIK3R5/GSN/PSTPIP2/ID2","CELLTYPE"
"DESCARTES_FETAL_MUSCLE_SCHWANN_CELLS","DESCARTES_FETAL_MUSCLE_SCHWANN_CELLS",17,-0.356378591512983,-0.941895324808891,0.515527950310559,0.771698252341273,0.692400938190917,1125,"tags=18%, list=9%, signal=16%","CNP/PLEKHB1/PARD6B","CELLTYPE"
"FAN_OVARY_CL12_T_LYMPHOCYTE_NK_CELL_2","FAN_OVARY_CL12_T_LYMPHOCYTE_NK_CELL_2",150,0.249260266266296,0.965200476168412,0.524305555555556,0.773565573770492,0.694076379473273,1821,"tags=19%, list=15%, signal=16%","ITM2A/KLF6/PLP2/EMP3/MALAT1/TGFB1/S100A11/CAST/PHLDA1/PSMA7/TAGLN2/RPS10/PDCD4/CIB1/CCL5/S100A6/PTPRC/CRIP1/MYL6/RPS26/CD7/CD3D/PRRC2C/SRSF2/GPR183/ISCU/AKAP13/HLA-B","CELLTYPE"
"HE_LIM_SUN_FETAL_LUNG_C7_MID_SCHWANN_CELL","HE_LIM_SUN_FETAL_LUNG_C7_MID_SCHWANN_CELL",107,0.26254169924784,0.965796319698769,0.531194295900178,0.77991452991453,0.699772936615042,2520,"tags=25%, list=21%, signal=20%","ITM2A/PLP2/SH3BP5/EMP3/ITPR3/PLEC/AHNAK/DEPTOR/LOXL2/ATG16L2/SPHK1/FNDC3B/UTRN/STARD9/ERBB2/MICALL2/HLA-B/RAB20/FGL2/WIPI1/IFIT3/IFITM2/ENDOD1/ELOVL1/SORBS1/SMTN/RGS10","CELLTYPE"
"CUI_DEVELOPING_HEART_C4_ENDOTHELIAL_CELL","CUI_DEVELOPING_HEART_C4_ENDOTHELIAL_CELL",64,0.278864904968288,0.960343528036452,0.53475935828877,0.77991452991453,0.699772936615042,1588,"tags=22%, list=13%, signal=19%","SLC27A3/CHSY1/CLIC1/NOTCH1/CD9/DUSP6/COL18A1/RHOC/PROCR/EFNA1/ITGA5/RDX/NPDC1/TMEM204","CELLTYPE"
"SU_HO_CONV_CENT_CHONDROSARCOMA_C2_STROMAL","SU_HO_CONV_CENT_CHONDROSARCOMA_C2_STROMAL",99,0.260929881722068,0.958493781081562,0.533807829181495,0.77991452991453,0.699772936615042,2299,"tags=23%, list=19%, signal=19%","MPHOSPH8/OPTN/MGMT/TPM2/LIMA1/ZFP36L1/TPST2/PNISR/PALLD/PCOLCE/EPB41L2/SAT2/AEBP1/RNASEH2C/PDGFRB/MYL6/ILK/CUEDC2/ESF1/PDLIM2/CHD9/IFITM2/EMP2","CELLTYPE"
"DESCARTES_FETAL_EYE_SKELETAL_MUSCLE_CELLS","DESCARTES_FETAL_EYE_SKELETAL_MUSCLE_CELLS",41,0.3042980017118,0.957491794618497,0.534798534798535,0.77991452991453,0.699772936615042,496,"tags=7%, list=4%, signal=7%","MYOM2/TPM2/AK1","CELLTYPE"
"CUI_DEVELOPING_HEART_VALVAR_ENDOTHELIAL_CELL","CUI_DEVELOPING_HEART_VALVAR_ENDOTHELIAL_CELL",80,0.268810946726324,0.957029350716383,0.53475935828877,0.77991452991453,0.699772936615042,1376,"tags=18%, list=12%, signal=16%","CYSTM1/TUBB2A/OPTN/S100A10/MAFF/ATF3/IER5/CD9/EVL/RHOU/PDLIM1/CDKN1A/S100A6/CRIP1","CELLTYPE"
"ZHONG_PFC_MAJOR_TYPES_ASTROCYTES","ZHONG_PFC_MAJOR_TYPES_ASTROCYTES",161,-0.241800869776252,-0.973607449637334,0.542857142857143,0.784848484848485,0.704199893673578,1299,"tags=15%, list=11%, signal=13%","PRSS35/B2M/CNN3/ABCD3/DAG1/PLEKHB1/RAB34/SLC15A2/TRIB2/NOTCH2/COMT/SPON1/IGFBP4/HSD17B12/ID2/GLUD1/HLA-C/LIPA/SPRY1/ZFP36L2/FBLN2/LRIG1/TSPAN6/PHACTR2","CELLTYPE"
"DESCARTES_FETAL_LUNG_LYMPHOID_CELLS","DESCARTES_FETAL_LUNG_LYMPHOID_CELLS",111,-0.25369392656633,-0.969832873048835,0.545871559633027,0.784848484848485,0.704199893673578,1261,"tags=16%, list=11%, signal=15%","GZMK/TNFRSF9/XCL1/IL23R/DGKA/TMIGD2/IL7R/CTLA4/CCR7/NCR3/CD5/GPA33/CXCR6/ITK/TXK/P2RX5/IL18RAP/KLRB1","CELLTYPE"
"GAUTAM_EYE_IRIS_CILIARY_BODY_CYTOTOXIC_T_CELLS","GAUTAM_EYE_IRIS_CILIARY_BODY_CYTOTOXIC_T_CELLS",65,0.277909740690658,0.959211786909209,0.540925266903915,0.784848484848485,0.704199893673578,31,"tags=3%, list=0%, signal=3%","GRIPAP1/DR1","CELLTYPE"
"HE_LIM_SUN_FETAL_LUNG_C2_CXCL9_POS_MACROPHAGE_CELL","HE_LIM_SUN_FETAL_LUNG_C2_CXCL9_POS_MACROPHAGE_CELL",94,0.259499048233655,0.951385473727363,0.542402826855124,0.784848484848485,0.704199893673578,2392,"tags=23%, list=20%, signal=19%","TRAF1/PRR5L/TBC1D2B/OASL/PATL2/GBP3/SLAMF8/PIM1/BATF/RAPGEF2/ARAP2/TRIM69/FNDC3B/MX1/SERPINB9/IFIT3/HIVEP3/TMEM140/GBP4/P2RX7/APOL6/MT2A","CELLTYPE"
"GAUTAM_EYE_IRIS_CILIARY_BODY_COL9A1_HIGH_CILIARY_BODY_CELLS","GAUTAM_EYE_IRIS_CILIARY_BODY_COL9A1_HIGH_CILIARY_BODY_CELLS",60,-0.268594204858843,-0.939221210127102,0.546910755148741,0.784848484848485,0.704199893673578,998,"tags=12%, list=8%, signal=11%","FGFR1/CA2/SLC15A2/PPA1/HSBP1L1/ASPH/PHACTR2","CELLTYPE"
"GAO_SMALL_INTESTINE_24W_C4_ENTEROCYTE_PROGENITOR_SUBTYPE_2","GAO_SMALL_INTESTINE_24W_C4_ENTEROCYTE_PROGENITOR_SUBTYPE_2",34,-0.305287874886176,-0.939019622786646,0.546236559139785,0.784848484848485,0.704199893673578,3161,"tags=29%, list=27%, signal=22%","ZDHHC12/XPNPEP2/ASAH1/GLRX/GCHFR/EMB/CTSA/PLAGL2/SEC11C/DPP4","CELLTYPE"
"AIZARANI_LIVER_C17_HEPATOCYTES_3","AIZARANI_LIVER_C17_HEPATOCYTES_3",22,0.336008083595575,0.925103658589577,0.548148148148148,0.784848484848485,0.704199893673578,548,"tags=14%, list=5%, signal=13%","DCXR/A1BG/CLU","CELLTYPE"
"GAO_LARGE_INTESTINE_24W_C10_ENTEROCYTE","GAO_LARGE_INTESTINE_24W_C10_ENTEROCYTE",19,0.345346833553154,0.919163441336392,0.543761638733706,0.784848484848485,0.704199893673578,927,"tags=11%, list=8%, signal=10%","GPANK1/MCF2L2","CELLTYPE"
"VANGURP_PANCREATIC_ALPHA_CELL","VANGURP_PANCREATIC_ALPHA_CELL",16,0.364674082940286,0.918729596780142,0.557471264367816,0.796387520525452,0.714553213905042,1402,"tags=25%, list=12%, signal=22%","CYSTM1/CLU/PALLD/RNASEK","CELLTYPE"
"TRAVAGLINI_LUNG_PROLIFERATING_NK_T_CELL","TRAVAGLINI_LUNG_PROLIFERATING_NK_T_CELL",110,-0.253658951449588,-0.967579620994797,0.561200923787529,0.798096121864883,0.716086244680772,2123,"tags=21%, list=18%, signal=17%","MYBL2/RAN/S1PR5/BIRC5/HMGN2/CENPH/RANBP1/GMNN/CDT1/GGH/SKA2/MCM7/RCC1/PCNA/HMGB1/DUSP2/AKR1C3/DHFR/RRM2/LSM5/FEN1/TYMS/ZWINT","CELLTYPE"
"GAUTAM_EYE_CHOROID_SCLERA_FIBROBLASTS","GAUTAM_EYE_CHOROID_SCLERA_FIBROBLASTS",133,-0.243712381871338,-0.957134285985758,0.560919540229885,0.798096121864883,0.716086244680772,1662,"tags=17%, list=14%, signal=15%","KDELR2/STAT1/ITM2B/CMTM8/STAT6/GSTP1/IL6ST/GPX8/DCUN1D1/ZSCAN18/ISOC2/SEC61A1/PGAM1/LMAN1/CRELD2/ME1/B4GALT1/OSTC/GLUD1/DDIT4/PARVA/VSTM4/ZBTB16","CELLTYPE"
"AIZARANI_LIVER_C14_HEPATOCYTES_2","AIZARANI_LIVER_C14_HEPATOCYTES_2",70,0.267677567360724,0.933653271911992,0.564601769911504,0.79975600105513,0.717575559843952,2729,"tags=26%, list=23%, signal=20%","DCXR/A1BG/MT1F/REEP6/CLU/PCBD1/QPRT/ECHS1/QDPR/GADD45G/MPST/ALAS1/MT1E/PHYH/MT2A/MTHFS/PLIN2/IFITM3","CELLTYPE"
"DESCARTES_MAIN_FETAL_ADRENOCORTICAL_CELLS","DESCARTES_MAIN_FETAL_ADRENOCORTICAL_CELLS",39,0.299704019745961,0.933527998838961,0.566176470588235,0.79975600105513,0.717575559843952,149,"tags=8%, list=1%, signal=8%","SH3BP5/UTS2/FDXR","CELLTYPE"
"CUI_DEVELOPING_HEART_5TH_WEEK_ATRIAL_CARDIOMYOCYTE","CUI_DEVELOPING_HEART_5TH_WEEK_ATRIAL_CARDIOMYOCYTE",19,-0.338721063205984,-0.921908283007578,0.565591397849462,0.79975600105513,0.717575559843952,2783,"tags=26%, list=23%, signal=20%","DBI/ISOC1/HIGD1A/CYB5A/CMTM7","CELLTYPE"
"FAN_OVARY_CL4_T_LYMPHOCYTE_NK_CELL_1","FAN_OVARY_CL4_T_LYMPHOCYTE_NK_CELL_1",226,0.239716843375008,0.965928877197926,0.568695652173913,0.801517362124307,0.719155928923564,1873,"tags=18%, list=16%, signal=16%","ITM2A/KLF6/PLP2/HLA-DPB1/HSPA1A/PRPF38B/OASL/HLA-DRB1/EMP3/S100A10/CLIC1/TGFB1/S100A11/DYNLL1/HOPX/PSMA7/TAGLN2/DOK2/DDX24/PDCD4/CIB1/CCL5/S100A6/PTPRC/CRIP1/MYL6/RPS26/NOP10/CD7/HCST/NKG7/CD3D/PRRC2C/GAPDH/SRSF2/CD37/ISCU/ANXA11/AKAP13/HLA-B/MCL1","CELLTYPE"
"JONES_OVARY_NK_CELL","JONES_OVARY_NK_CELL",53,0.280061980385549,0.935534012506796,0.572695035460993,0.805352393617021,0.72259688449848,2460,"tags=30%, list=21%, signal=24%","ITM2A/TPM2/CRIP2/PDLIM1/IGFBP7/ISYNA1/CRIP1/PDGFRB/UTRN/HLA-B/ICAM2/FAM43A/IFITM2/MT2A/MMP23B/GIMAP4","CELLTYPE"
"FAN_EMBRYONIC_CTX_BIG_GROUPS_CAJAL_RETZIUS","FAN_EMBRYONIC_CTX_BIG_GROUPS_CAJAL_RETZIUS",244,-0.226926746737989,-0.96489470092091,0.578692493946731,0.8113074204947,0.727939991321059,2895,"tags=27%, list=24%, signal=21%","PDE4B/TSPO/NEFL/ACOT7/VEGFB/TPI1/MSMO1/NDUFB8/MDH1/NPTXR/PLD1/SLC2A6/NEFH/INSIG1/GPI/TPBG/CLSTN1/RAB6B/ACSL4/TIMM17A/GCHFR/TXN/FAM162A/NDUFA1/ISOC1/HIGD1A/ATP6V1E1/TMCO3/BEX2/LDHB/CHST2/ABLIM1/PYGB/HPCAL1/CLCF1/LTB4R/PGRMC2/GGH/SUSD1/GSTP1/NDUFB9/TMEM50B/CYB5A/ATP13A2/RCAN1/SUSD4/CA2/ISOC2/NIPAL3/ST6GALNAC2/PGAM1/SLC35F2/RBMS1/DEGS1/STK32C/ME1/PERP/HSD17B12/AKAP1/SPOCK2/PRKAG2/PFKP/FBLN2/VSTM4/CD47","CELLTYPE"
"FAN_EMBRYONIC_CTX_ASTROCYTE_2","FAN_EMBRYONIC_CTX_ASTROCYTE_2",55,0.275815251392296,0.92817541979051,0.579505300353357,0.8113074204947,0.727939991321059,2504,"tags=29%, list=21%, signal=23%","CAMK2G/GABBR1/MT1F/AK1/CLU/MACF1/APC/ITM2C/ST8SIA1/SESN3/BBS2/AHCYL1/RIC3/MT1E/MT2A/NDRG2","CELLTYPE"
"DESCARTES_FETAL_MUSCLE_LYMPHOID_CELLS","DESCARTES_FETAL_MUSCLE_LYMPHOID_CELLS",93,0.257426048440846,0.940276608837872,0.583184257602862,0.81284531480045,0.729319856387371,1919,"tags=25%, list=16%, signal=21%","VAMP1/SFI1/CRTAM/LLGL2/INTS5/SYTL1/SKAP1/CARD11/MCTP2/KIF27/PTPRCAP/ERMP1/CHMP4A/FGR/ZNF641/SLC25A20/CD7/SLFN12L/SCML4/NKG7/PYHIN1/ABCD2/MAPK13","CELLTYPE"
"HE_LIM_SUN_FETAL_LUNG_C1_LATE_BASAL_CELL","HE_LIM_SUN_FETAL_LUNG_C1_LATE_BASAL_CELL",33,0.301413730379558,0.901094446496916,0.582720588235294,0.81284531480045,0.729319856387371,2520,"tags=36%, list=21%, signal=29%","CCDC122/OPTN/TPM2/LGALS1/CDKN1A/HLA-B/PDLIM2/WIPI1/EPAS1/FXYD5/MT1E/RGS10","CELLTYPE"
"HE_LIM_SUN_FETAL_LUNG_C2_PROMONOCYTE_LIKE_CELL","HE_LIM_SUN_FETAL_LUNG_C2_PROMONOCYTE_LIKE_CELL",204,0.237669498953368,0.950013605656673,0.592082616179002,0.815082644628099,0.731327285155037,2595,"tags=24%, list=22%, signal=19%","CKAP2/CKAP5/KIF20B/RPL39L/CENPE/KIF22/MKI67/CDK5RAP2/CDCA8/PTTG1/SAC3D1/ERLIN1/SQLE/TMX4/ATAD5/MPHOSPH9/HIRIP3/CEP152/ASPM/CDC25B/RAPGEF2/KNTC1/CCDC18/CEP78/IGFBP7/FAM111A/LMNB1/NKG7/CENPM/PHF19/ARHGAP11A/TIMELESS/BCL2L12/OAF/CENPN/NCAPG2/PKMYT1/RNASEH2A/PRC1/LIG1/EZH2/RMI1/PXMP2/UBE2T/POC1A/RFC3/BARD1/CCDC34/RANGAP1","CELLTYPE"
"MENON_FETAL_KIDNEY_8_CONNECTING_TUBULE_CELLS","MENON_FETAL_KIDNEY_8_CONNECTING_TUBULE_CELLS",169,0.241174316233743,0.947439589849822,0.589965397923875,0.815082644628099,0.731327285155037,2131,"tags=18%, list=18%, signal=15%","MPHOSPH8/ZC3H13/LLGL2/MALAT1/CHCHD10/SUCLG1/CAMK2N1/MYO6/KIF3B/SAT1/AHNAK/ITM2C/VAMP8/COL18A1/QPRT/IGFBP7/HIPK2/MGST3/S100A6/FRMD4A/RALBP1/NOP10/NDUFA3/ERBB2/ANXA11/YTHDC1/NDUFB2/ATP1B1/TTC14/TMED4/ATP6V1F","CELLTYPE"
"HAY_BONE_MARROW_STROMAL","HAY_BONE_MARROW_STROMAL",126,0.249975563840765,0.945388756640717,0.587813620071685,0.815082644628099,0.731327285155037,1586,"tags=18%, list=13%, signal=16%","NECAB1/JUN/ID3/ATF3/LIMA1/MYO6/GPR153/CD81/ITGA1/PALLD/PCOLCE/DAPK2/EGR1/TRIP10/GADD45B/LMNA/IGFBP7/FRMD4A/EFNA1/PDGFRB/CCBE1/IL7/ESM1","CELLTYPE"
"MANNO_MIDBRAIN_NEUROTYPES_HOPC","MANNO_MIDBRAIN_NEUROTYPES_HOPC",131,-0.240760933267259,-0.943883615092761,0.596846846846847,0.815082644628099,0.731327285155037,1587,"tags=16%, list=13%, signal=14%","AFAP1L2/CHST11/CDK7/THUMPD2/ACSS1/CCND2/ATP13A2/RNF144A/SLC15A2/HBB/ZMAT3/TAF1B/SERINC5/CPNE2/FYN/MAP3K1/SH3D19/NEIL1/TYMS/PRDM8/RTKN2","CELLTYPE"
"MENON_FETAL_KIDNEY_1_EMBRYONIC_RED_BLOOD_CELLS","MENON_FETAL_KIDNEY_1_EMBRYONIC_RED_BLOOD_CELLS",83,-0.25457427566405,-0.940287173231864,0.592427616926503,0.815082644628099,0.731327285155037,3065,"tags=35%, list=26%, signal=26%","RPS13/RPS7/NACA/BTF3/NPM1/ILF2/HNRNPC/YWHAQ/NUSAP1/RPL5/EEF1B2/STMN1/ERH/RPSA/RAN/RPL3/SRP9/RANBP1/RPL15/PCNA/RPLP0/RPL6/HBB/FTH1/SUMO2/RPL7/OSTC/YBX1/CNBP","CELLTYPE"
"DESCARTES_MAIN_FETAL_PARIETAL_AND_CHIEF_CELLS","DESCARTES_MAIN_FETAL_PARIETAL_AND_CHIEF_CELLS",55,-0.270059854579315,-0.932169775761612,0.594036697247706,0.815082644628099,0.731327285155037,3114,"tags=35%, list=26%, signal=26%","MRPL12/COX6A1/SIK2/PPP2R1B/PFKFB2/ACSL3/HK2/ZNF57/FAM162A/STAU1/HPCAL1/NFE2L2/STARD10/PPARGC1B/RAF1/NDUFS1/AK3/MTFP1/STX12","CELLTYPE"
"MANNO_MIDBRAIN_NEUROTYPES_BASAL","MANNO_MIDBRAIN_NEUROTYPES_BASAL",65,-0.262497951513757,-0.926699125441898,0.597727272727273,0.815082644628099,0.731327285155037,2205,"tags=23%, list=19%, signal=19%","ATF4/SERBP1/SLC25A3/RPL3/RPL15/EEF1G/BZW1/SEC61G/SUB1/SAP18/EEF2/RPL6/SUMO2/PARK7/RPL7","CELLTYPE"
"DESCARTES_FETAL_STOMACH_ERYTHROBLASTS","DESCARTES_FETAL_STOMACH_ERYTHROBLASTS",57,0.270839931856653,0.921972473550091,0.592720970537262,0.815082644628099,0.731327285155037,447,"tags=7%, list=4%, signal=7%","TSPAN32/FAM117A/BLVRB/CROCCP2","CELLTYPE"
"TRAVAGLINI_LUNG_NEUROENDOCRINE_CELL","TRAVAGLINI_LUNG_NEUROENDOCRINE_CELL",37,-0.28715534500058,-0.910040919538775,0.59578947368421,0.815082644628099,0.731327285155037,2041,"tags=22%, list=17%, signal=18%","BEX2/IL17RB/PODXL2/SEC11C/HOXB2/ELMO1/NEB/CIRBP","CELLTYPE"
"MURARO_PANCREAS_EPSILON_CELL","MURARO_PANCREAS_EPSILON_CELL",15,0.361195963022403,0.903157932245815,0.58745247148289,0.815082644628099,0.731327285155037,1181,"tags=20%, list=10%, signal=18%","CDKN2A/CLU/SERPINB6","CELLTYPE"
"MANNO_MIDBRAIN_NEUROTYPES_HPROGBP","MANNO_MIDBRAIN_NEUROTYPES_HPROGBP",155,-0.23848224649383,-0.954528265075806,0.605700712589074,0.821068242590387,0.736697821672578,2887,"tags=31%, list=24%, signal=24%","DNAJC9/PAICS/CDK1/NUSAP1/CCNB2/LBR/TSIX/TMEM97/SPAG5/BRCA1/PHGDH/CRYZ/TDP1/ENOSF1/HK2/NUF2/MYBL2/DSN1/BIRC5/HMGN2/DEPDC1B/FAM83D/MAT2B/GMNN/HAT1/CDCA5/PRR11/LITAF/RPS14/GSTP1/MCM7/RNF13/PLSCR1/PCNA/WNT7A/FANCB/SNRPF/DHFR/ITGB3BP/RRM2/TYMS/CROT/RTKN2/FBXO5/ZNF519/ZFP36L2/FBLN2/ZWINT","CELLTYPE"
"ZHENG_CORD_BLOOD_C8_PUTATIVE_LYMPHOID_PRIMED_MULTIPOTENT_PROGENITOR_2","ZHENG_CORD_BLOOD_C8_PUTATIVE_LYMPHOID_PRIMED_MULTIPOTENT_PROGENITOR_2",69,0.265481507451972,0.927239795709931,0.604203152364273,0.821068242590387,0.736697821672578,1821,"tags=22%, list=15%, signal=19%","SPINK2/HLA-DRA/ARHGAP30/ERLIN1/HOPX/TPM4/ITM2C/PTPRCAP/IGFBP7/CD74/NPDC1/HCST/GAPDH/VMP1/HLA-B","CELLTYPE"
"DESCARTES_FETAL_PANCREAS_ERYTHROBLASTS","DESCARTES_FETAL_PANCREAS_ERYTHROBLASTS",56,0.269641198736928,0.913754033345807,0.607329842931937,0.821068242590387,0.736697821672578,1547,"tags=14%, list=13%, signal=12%","TSPAN32/FAM117A/BLVRB/STYK1/CCNE1/EPOR/YPEL4/RHD","CELLTYPE"
"DESCARTES_FETAL_PLACENTA_IGFBP1_DKK1_POSITIVE_CELLS","DESCARTES_FETAL_PLACENTA_IGFBP1_DKK1_POSITIVE_CELLS",24,0.32131919111262,0.890465376604943,0.60634328358209,0.821068242590387,0.736697821672578,1116,"tags=21%, list=9%, signal=19%","LGALS1/CAB39L/ADAMTS4/ING1/SULF2","CELLTYPE"
"HE_LIM_SUN_FETAL_LUNG_C5_CD5_POS_CCL22_NEG_MATURE_B_CELL","HE_LIM_SUN_FETAL_LUNG_C5_CD5_POS_CCL22_NEG_MATURE_B_CELL",120,-0.244366470472296,-0.945048520099878,0.608988764044944,0.821548011452494,0.737128290977426,1536,"tags=19%, list=13%, signal=17%","C1orf162/RUNX3/ARL4C/SELL/NR4A3/CCND2/DUSP2/CREM/CD44/SNX9/ENTPD1/CCR7/BCL2/CD5/IFNGR1/SRGN/RRAS2/PPP1R16B/CD40/SPOCK2/IL10RA/KBTBD8/CCR6","CELLTYPE"
"TRAVAGLINI_LUNG_CAPILLARY_INTERMEDIATE_2_CELL","TRAVAGLINI_LUNG_CAPILLARY_INTERMEDIATE_2_CELL",332,0.225399211605452,0.948252610429904,0.615008156606852,0.825265760743578,0.740464015905266,1950,"tags=18%, list=16%, signal=15%","ARHGEF12/SH3BP5/NDEL1/HLA-DPB1/PTP4A3/DYNC1LI2/ZC3H13/OPTN/EMP3/S100A10/MAFF/HLA-DRA/PPP1R11/HLA-DQA2/GBP3/DDAH2/TPR/LGALS1/GNG5/HNRNPA3/TADA3/TPM4/PAK4/ARL2/SRSF4/VAMP8/EPB41L2/GABARAP/ARMCX3/HLA-DQA1/MXRA7/CDC25B/SERPINB6/ERGIC2/PRDX5/S100A6/BRK1/ATRX/TMSB10/MAP4/ARHGAP18/MYL6/RPS26/PKIG/KIF5B/TMEM204/NDUFA3/BTN3A1/TTC1/CSTB/ANP32E/ISCU/CCND1/GOLGA4/TP53TG1/CHMP5/DYNLRB1/PDLIM2/DPYSL2","CELLTYPE"
"MENON_FETAL_KIDNEY_7_LOOPOF_HENLE_CELLS_DISTAL","MENON_FETAL_KIDNEY_7_LOOPOF_HENLE_CELLS_DISTAL",166,0.23888838164958,0.933552426384582,0.616580310880829,0.825265760743578,0.740464015905266,1874,"tags=15%, list=16%, signal=13%","MRPS25/CYSTM1/AKAP9/CHCHD10/SUCLG1/SLC5A3/SLC2A11/MYO6/GNG5/MRPL41/NDUFA8/ITM2C/VAMP8/COL18A1/NDUFS7/IGFBP7/PRDX5/MGST3/S100A6/MRPS5/NDUFA3/ISCU/ANXA11/SLC25A4/NDUFB2","CELLTYPE"
"AIZARANI_LIVER_C9_LSECS_1","AIZARANI_LIVER_C9_LSECS_1",171,0.236721802329778,0.930767146031277,0.616984402079723,0.825265760743578,0.740464015905266,2996,"tags=35%, list=25%, signal=27%","SLC27A3/TMEM44/MYADM/RPGR/LIMA1/HERC1/JUND/MYO6/MACF1/TPM4/DUSP6/SREK1/RRBP1/PDLIM1/GOLGB1/ADAMTS4/EPB41L2/IGFBP7/HIPK2/EPOR/UPP1/PTPN1/LUZP1/ANKRD11/ITGA5/TMOD3/RDX/KDM6B/NPDC1/AHCTF1/CCDC50/FAM43A/BAIAP2/EPAS1/ASAP1/CD14/SERPINH1/DDX21/GBP4/SLC25A37/JMJD1C/PPP1R15A/TCF7L2/ABCG1/SMTN/ARGLU1/VASH1/WSB1/PLK2/CTSD/PLEKHG1/TRIOBP/CDC37/IL4R/SEC14L1/ENG/TP53I11/NOTCH4/MAP1B/CRIM1","CELLTYPE"
"DESCARTES_FETAL_KIDNEY_ERYTHROBLASTS","DESCARTES_FETAL_KIDNEY_ERYTHROBLASTS",78,0.25844515086994,0.91821312756104,0.615658362989324,0.825265760743578,0.740464015905266,2606,"tags=26%, list=22%, signal=20%","BLVRB/CROCCP2/TESC/CCNE1/TMOD1/SLC43A1/QSOX2/FAM201A/EPOR/PPME1/YPEL4/RHD/SLC36A1/PPOX/SLC25A37/PIGQ/TRIM58/SLC14A1/TCP11L2/DCAF12","CELLTYPE"
"ZHONG_PFC_C9_ORG_OTHER","ZHONG_PFC_C9_ORG_OTHER",39,0.289134400781925,0.900605399908356,0.619485294117647,0.826855371385843,0.741890283098074,1549,"tags=23%, list=13%, signal=20%","TUBB2A/CLU/SAT1/HOPX/TAGLN2/ITM2C/MGST3/MLC1/CST3","CELLTYPE"
"HAY_BONE_MARROW_IMMATURE_NEUTROPHIL","HAY_BONE_MARROW_IMMATURE_NEUTROPHIL",153,-0.236180036335655,-0.945018630240266,0.624708624708625,0.830308931574754,0.744988966174842,2341,"tags=25%, list=20%, signal=20%","HK2/ICOSLG/CPVL/GPCPD1/PRCP/RIT1/ICAM1/RNF141/SLC16A6/ARF6/TMEM70/SLC6A6/CTSB/ITM2B/TMEM127/NUMB/RAB1A/BACH1/PLSCR1/RIOK3/DDX3X/BCL2L11/FCGRT/ATP6V1G1/NOTCH2/JARID2/VAMP3/CEBPB/USP3/TXNIP/IL10RA/PFKFB3/NINJ1/LIPA/PRKAG2/ABCA1/MAP3K8/CEBPD","CELLTYPE"
"HE_LIM_SUN_FETAL_LUNG_C2_ADC_2_CELL","HE_LIM_SUN_FETAL_LUNG_C2_ADC_2_CELL",68,-0.256842971438809,-0.912666466807776,0.624145785876993,0.830308931574754,0.744988966174842,1101,"tags=15%, list=9%, signal=13%","ORAI2/NET1/IL7R/CCR7/SLC38A1/DUSP5/CD40/ISG20/TMEM156/LAMP3","CELLTYPE"
"HE_LIM_SUN_FETAL_LUNG_C7_FGFBP2_POS_NEURAL_PROGENITOR_CELL","HE_LIM_SUN_FETAL_LUNG_C7_FGFBP2_POS_NEURAL_PROGENITOR_CELL",20,0.324270533885079,0.870832414706506,0.627306273062731,0.83200621479899,0.74651184184972,2048,"tags=25%, list=17%, signal=21%","MAP3K5/ANKHD1/PLA2G6/ARHGAP18/EPAS1","CELLTYPE"
"HE_LIM_SUN_FETAL_LUNG_C2_MEGAKARYOCYTE","HE_LIM_SUN_FETAL_LUNG_C2_MEGAKARYOCYTE",464,0.219105808501733,0.952562847247837,0.63265306122449,0.832740462555837,0.747170640588946,2011,"tags=19%, list=17%, signal=16%","ARHGEF12/RAB33A/WRNIP1/BBC3/TSPAN32/GOLGA2/RUFY1/PTP4A3/SFI1/CKAP5/SPATS2/C11orf21/PELO/CENPT/HTRA2/TPM2/ENO2/RASGRP3/TIMM22/LIMA1/HERC1/CLU/CD9/DNAJB2/PIM1/SWI5/ICA1/MAP3K5/ZMYND8/HEXIM1/CD226/STRN4/PPP1R35/TSC22D1/BLZF1/PLAG1/DGKD/PDLIM1/ABHD4/LANCL3/MAFG/MCTP2/TRIP10/PPM1L/RHOF/CALCOCO1/ATP8A1/CCL5/LMNA/CTNNAL1/HIPK2/MAST4/EPOR/PRKD2/NBEAL2/STX1A/PCYOX1L/CD151/MLC1/RECQL5/EML2/PPBP/GADD45G/PKIG/SPHK1/RHD/COMTD1/MYO18A/CDC14B/ARHGAP21/FHOD1/TNIK/MAVS/SLX4/RASA3/AHCTF1/ACVR1/VPS13A/ICAM2/VANGL1/MGAT4B/SSBP2/CASS4/GRAP2/ACAD8/WIPI1/KIFAP3","CELLTYPE"
"RUBENSTEIN_SKELETAL_MUSCLE_NK_CELLS","RUBENSTEIN_SKELETAL_MUSCLE_NK_CELLS",208,-0.226674301744101,-0.948961548202723,0.631701631701632,0.832740462555837,0.747170640588946,1788,"tags=25%, list=15%, signal=21%","GLRX/CCND3/RPSA/BTG1/SPCS2/HNRNPA1/ENO1/PDIA3/RPL36AL/UBE2D2/CD164/C11orf58/ETS1/SPON2/CDC42SE1/RPL15/ARPC3/CAP1/GNG2/MSN/CCL4/CALM1/ARHGDIB/C1orf162/LITAF/CTSW/B2M/CD53/SLC38A2/ANXA1/UFC1/SUB1/AKR1C3/TMED2/SNRPG/RPL6/ACP1/RAP1B/PARK7/YWHAZ/SRGN/CKLF/OSTC/ID2/DDIT4/CASP4/ZFP36L2/RBM3/GPR65/CD47/KLRB1","CELLTYPE"
"HE_LIM_SUN_FETAL_LUNG_C1_PROXIMAL_BASAL_CELL","HE_LIM_SUN_FETAL_LUNG_C1_PROXIMAL_BASAL_CELL",61,0.269606787247879,0.914489545393706,0.632911392405063,0.832740462555837,0.747170640588946,1536,"tags=20%, list=13%, signal=17%","LPAR6/A1BG/OPTN/EMP3/TPM2/TGFB1/SH3BP1/LGALS1/SULF2/CDKN1A/PSPH/GADD45G","CELLTYPE"
"DESCARTES_FETAL_MUSCLE_SKELETAL_MUSCLE_CELLS","DESCARTES_FETAL_MUSCLE_SKELETAL_MUSCLE_CELLS",34,0.289928230249937,0.872537528427858,0.633147113594041,0.832740462555837,0.747170640588946,782,"tags=15%, list=7%, signal=14%","FGFRL1/TPM2/AK1/OBSCN/HOPX","CELLTYPE"
"TRAVAGLINI_LUNG_BASAL_CELL","TRAVAGLINI_LUNG_BASAL_CELL",125,-0.240472171161237,-0.939281156211127,0.63758389261745,0.836828859060403,0.750838926174497,2592,"tags=38%, list=22%, signal=30%","LRRC8A/DHRS3/RPS7/NACA/BTF3/NPM1/RPS5/EEF1A1/RPL5/GLTP/DLK2/PER2/IFI16/JAM3/RPS4X/RPSA/HNRNPA1/HMGB3/RPS6/ENO1/RPL4/EIF4B/ITGB4/RPL3/AXL/CFH/RPL15/CTSB/SLC43A3/SLC38A2/CCND2/IKBIP/RPLP0/RPL10A/RAB34/AQP3/RPL6/PGAM1/IMPDH2/EIF3M/IGFBP4/PERP/C1R/RPL7/ZFP36L2/IMP3/MYC","CELLTYPE"
"TRAVAGLINI_LUNG_SEROUS_CELL","TRAVAGLINI_LUNG_SEROUS_CELL",30,0.300520431312047,0.877763648938943,0.639097744360902,0.837071889703469,0.751056983743964,2817,"tags=37%, list=24%, signal=28%","TESC/PHLDA1/DEPTOR/KCNN4/PDCD4/NPDC1/GNAS/SH3BGRL2/NDRG2/S100B/PAIP2B","CELLTYPE"
"CUI_DEVELOPING_HEART_RIGHT_VENTRICULAR_CARDIOMYOCYTE","CUI_DEVELOPING_HEART_RIGHT_VENTRICULAR_CARDIOMYOCYTE",19,-0.319993152135817,-0.870935910118806,0.640860215053763,0.837638870298487,0.751565703175084,1123,"tags=16%, list=9%, signal=14%","KLHDC8B/TXNIP/CMTM7","CELLTYPE"
"RUBENSTEIN_SKELETAL_MUSCLE_SMOOTH_MUSCLE_CELLS","RUBENSTEIN_SKELETAL_MUSCLE_SMOOTH_MUSCLE_CELLS",313,-0.21829692323352,-0.953016069921128,0.645994832041344,0.841847790399895,0.755342127727224,2290,"tags=24%, list=19%, signal=20%","FAM162A/ARID5B/NDUFA1/ANAPC16/RPL36AL/RPL4/MRPL23/RAN/UBE2D2/MORF4L1/VDAC2/SLC25A3/NDUFA5/RPL3/HMGN2/ZFYVE21/AXL/MAPRE2/RANBP1/LDHB/TIMMDC1/CALM2/VCL/RPL15/PCNP/CAP1/ITGB1BP1/COX7A2/EIF3L/NDUFA4/AURKAIP1/OAZ2/MFF/LITAF/DEK/SNRK/EID1/BTF3L4/NDUFB9/CNN3/SLC38A2/UBA2/MAP3K13/NDUFS4/RPL10A/TPRKB/NET1/SAP18/TMED2/GTF2A2/RPL6/ATP6V1G1/GTF3A/FTH1/ENTPD1/RCN2/PGAM1/ACTN4/DYNLT1/PARK7/REEP3/MTHFD2/FHL1/LSM5/NTN4/RPL7/GTF3C6/TOMM22/YBX1/C1orf43/CNBP/CSNK1A1/ARID5A/PARL/PDCL3","CELLTYPE"
"FAN_OVARY_CL15_SMALL_ANTRAL_FOLLICLE_GRANULOSA_CELL","FAN_OVARY_CL15_SMALL_ANTRAL_FOLLICLE_GRANULOSA_CELL",497,0.21850953068728,0.952028178324921,0.648089171974522,0.841847790399895,0.755342127727224,1435,"tags=14%, list=12%, signal=13%","KLF6/RHOB/CKAP2/LCMT1/HSPA1A/PRPF38B/CSPP1/IER2/FDXR/SKIL/TUBB2A/SYNE2/IFRD1/ID3/S100A10/CHSY1/MAFF/TRMT112/CLIC1/ATF3/PRR14/ARPC5L/ADNP/AKAP9/HSPH1/PTTG1/REEP6/ARID4A/DSEL/TPR/DYNLL1/PHLDA1/WEE1/PNN/HOPX/RBM25/SQLE/MIR22HG/KDM5A/KIF1B/AHSA1/POR/SAT2/TBC1D23/ING1/KLF10/PRPF40A/SRSF10/MAGED2/GADD45B/LUC7L3/PPP1R12B/CTNNAL1/TMEM41B/ZNF326/USP48/ISYNA1/MGST3/RBBP6/KPNA3/FUBP1/GNL1/TMSB10/ARHGAP18/RNF19A/RSRC2/MYL6/RPS26","CELLTYPE"
"GAUTAM_EYE_CORNEA_CONJUNCTIVAL_CELLS","GAUTAM_EYE_CORNEA_CONJUNCTIVAL_CELLS",65,-0.256786103467742,-0.906534531553166,0.647727272727273,0.841847790399895,0.755342127727224,1938,"tags=18%, list=16%, signal=16%","ARF6/TMED3/COX7A2/AKR1A1/NT5C2/CCDC6/RIOK3/RASSF5/RPLP0/YWHAZ/MPP7/MAP3K8","CELLTYPE"
"HE_LIM_SUN_FETAL_LUNG_C3_OMD_POS_ENDOTHELIAL_CELL","HE_LIM_SUN_FETAL_LUNG_C3_OMD_POS_ENDOTHELIAL_CELL",177,0.232749679701993,0.915997814497824,0.650434782608696,0.843156199677939,0.756516088934091,2718,"tags=25%, list=23%, signal=20%","SKIL/FGFRL1/HLA-DRB1/SYT11/SNX18/NSUN5/IER3/CAPG/SMAD7/ANKRD36/MCTP1/PLCG2/POLG2/AMPH/PDE4A/TP53I13/PLK3/KCNN4/HIP1R/CDKN1A/CDC42EP3/CRIP1/GALNT2/IFNAR2/GOLIM4/ERBB2/CD58/MX1/ACVR1/NCAM1/FADS3/KANK1/BCL9L/ABCA2/RPS6KA5/TANC2/TRIM22/DSE/GOLGA3/RRAS/CLIC3/S100B/CERCAM/LOXL1/P4HTM","CELLTYPE"
"JONES_OVARY_STROMAL","JONES_OVARY_STROMAL",61,0.266114886456548,0.902645233906518,0.652802893309222,0.844488342473943,0.75771134487637,1538,"tags=20%, list=13%, signal=17%","TPM2/LGALS1/PALLD/SULF2/AEBP1/LMNA/SVIL/IGFBP7/ISYNA1/CD151/PDGFRB/PKIG","CELLTYPE"
"HE_LIM_SUN_FETAL_LUNG_C7_SST_POS_NEURON_CELL","HE_LIM_SUN_FETAL_LUNG_C7_SST_POS_NEURON_CELL",144,-0.233800614313938,-0.926711957241577,0.657342657342657,0.848618594520234,0.761417185058255,2303,"tags=21%, list=19%, signal=17%","GCHFR/ZNF282/TPD52/FAM89A/CXXC4/SLC18A2/CTIF/SLC4A8/FBXO31/SORL1/GRK5/ARL4C/SLC17A5/NAPG/ATP13A2/SLC37A1/ELMO1/LRRC8B/KLRG1/SEMA4D/SLC38A1/STK32C/TTC39C/F8A1/AKAP1/ATP8A2/CIB2/LTK/PFKP/CXCR4","CELLTYPE"
"HAY_BONE_MARROW_PLASMA_CELL","HAY_BONE_MARROW_PLASMA_CELL",52,-0.266036806180802,-0.905508835542155,0.658986175115207,0.849000593706709,0.761759931195493,1813,"tags=31%, list=15%, signal=26%","SPCS2/ERLEC1/HM13/ABCB9/KDELR2/HSP90B1/SSR3/HERPUD1/SEC11C/PDIA4/PRDX4/UBE2J1/SPCS3/LMAN1/CRELD2/PERP","CELLTYPE"
"BUSSLINGER_GASTRIC_ISTHMUS_CELLS","BUSSLINGER_GASTRIC_ISTHMUS_CELLS",334,0.22315563667839,0.938882858441774,0.66231647634584,0.849235435359535,0.761970641249909,1932,"tags=19%, list=16%, signal=17%","PLP2/VASP/PRPF38B/CENPE/MKI67/LLGL2/S100A10/CLIC1/ITPR3/BLVRB/IER3/LIMA1/HSPH1/CAPG/PTTG1/SRRM1/S100A11/GALE/SMPD3/TESC/CAST/DYNLL1/RBM25/PSMA7/KHSRP/PLEC/TAGLN2/TPM4/AHNAK/RRBP1/PALLD/PDLIM1/CTNNA1/SLK/ASPM/FMN1/LMNA/MGST3/S100A6/CAPNS1/RNU4ATAC/CD151/RALBP1/RETSAT/CRIP1/NCOR1/TCERG1/TMSB10/MYL6/KIF5B/EFHD2/ARHGAP21/SLTM/TALDO1/GAPDH/HNRNPA2B1/SRSF1/VMP1/CSTB/EIF3A/CCND1/HSPB1/GOLGA4/SYK/FAM120A","CELLTYPE"
"GAUTAM_EYE_IRIS_CILIARY_BODY_CILIARY_BODY_ENDOTHELIAL_CELLS","GAUTAM_EYE_IRIS_CILIARY_BODY_CILIARY_BODY_ENDOTHELIAL_CELLS",289,0.224607081849741,0.933489234004878,0.661740558292282,0.849235435359535,0.761970641249909,1502,"tags=15%, list=13%, signal=13%","STX4/ZNF575/CCDC88A/PRR5L/TMEM44/CISH/SUPT5H/SLC25A22/ANKRD13D/PRR14/CROCCP2/HINFP/PTRH1/ATXN2L/ICA1/TMEM107/RNF213/ATF7/KIF3B/BTBD7/KHSRP/PPP1R35/GNPAT/CTCF/ARFIP1/EIF4EBP1/HIP1R/TRIM27/ARRDC1/RBBP5/RIPK3/SAFB/CDK12/HIPK2/RBBP6/PRKD2/REXO4/MED12/MFSD10/PPME1/ATP11C/TMOD3/EPN1","CELLTYPE"
"HE_LIM_SUN_FETAL_LUNG_C3_ARTERIAL_ENDOTHELIAL_CELL","HE_LIM_SUN_FETAL_LUNG_C3_ARTERIAL_ENDOTHELIAL_CELL",147,0.236221055348984,0.912378847434589,0.663212435233161,0.849235435359535,0.761970641249909,1845,"tags=20%, list=15%, signal=17%","SKIL/CALHM2/HLA-DRB1/SYT11/SNX18/ITPR3/DENND3/SMAD7/HS6ST1/MCTP1/PLCG2/VAMP8/PALLD/PDLIM1/MXRA7/KCNN4/HIP1R/SWAP70/ADAMTS6/RIPK3/MAMLD1/CDC42EP3/CRIP1/FGR/GPRIN3/GOLIM4/ERBB2/CD58/MX1/PIK3R3","CELLTYPE"
"HE_LIM_SUN_FETAL_LUNG_C5_PRO_B_CELL","HE_LIM_SUN_FETAL_LUNG_C5_PRO_B_CELL",337,-0.216431161034543,-0.950989255429832,0.670984455958549,0.8523180247868,0.764736473367605,1572,"tags=17%, list=13%, signal=15%","GMNN/CDT1/CDCA5/TRIP13/GGH/PRR11/S100A13/RFWD3/SKA2/RNF168/DSCC1/CENPO/SLC43A3/PLSCR1/DHRS4L2/ELK3/CSE1L/PCNA/MGAT4A/NRIP1/CHAF1A/SMS/CBX5/DDX11/RAB34/NET1/HMGXB4/DNAJC21/LST1/DHFR/CIT/TRAIP/TFDP1/SHMT1/FGD5-AS1/NAE1/SERINC5/ARHGAP33/CPNE2/GSN/FHL1/CKLF/RRM2/SCCPDH/YEATS4/FEN1/PLK4/TYMS/NINJ1/TAF9B/FBXO5/MXD3/CSTF2T/RECK/PARP2/SEPHS1/ZWINT","CELLTYPE"
"HE_LIM_SUN_FETAL_LUNG_C3_LYMPHATIC_ENDOTHELIAL_CELL","HE_LIM_SUN_FETAL_LUNG_C3_LYMPHATIC_ENDOTHELIAL_CELL",170,-0.228067132817362,-0.927892557979428,0.670588235294118,0.8523180247868,0.764736473367605,1229,"tags=13%, list=10%, signal=12%","LAPTM4B/ARRDC2/USP13/PPARGC1B/SUSD4/ARFGAP1/MEGF6/SLC38A1/SH3TC1/APH1B/MAP3K1/PGM1/CASP4/MPP7/TLE1/PRKAG2/SPRY1/ASPH/LRIG1/FAM107B/VSTM4/SCRN1","CELLTYPE"
"MANNO_MIDBRAIN_NEUROTYPES_HPROGFPL","MANNO_MIDBRAIN_NEUROTYPES_HPROGFPL",160,0.234081882094561,0.915953788499617,0.672384219554031,0.8523180247868,0.764736473367605,1179,"tags=12%, list=10%, signal=11%","TCF12/CKAP2/CENPE/KIF22/MKI67/CDCA8/SRF/ZFP36L1/PTTG1/TCF3/VIM/GNG5/WEE1/ATAD5/DOK1/CEP152/ASPM/ADAMTS6/CTNNAL1","CELLTYPE"
"GAUTAM_EYE_IRIS_CILIARY_BODY_MELANOCYTES","GAUTAM_EYE_IRIS_CILIARY_BODY_MELANOCYTES",191,0.230172007174832,0.915224767515832,0.671280276816609,0.8523180247868,0.764736473367605,2233,"tags=20%, list=19%, signal=16%","KLF6/CCDC88A/MPHOSPH8/HAGHL/CMC2/RAD23A/RASGRP3/CHCHD10/C12orf76/MSRB2/CHURC1/PIGA/DYNLL1/PSMA7/ARL2/ARMCX3/PHF1/SAT2/NDUFS7/TMOD1/SERPINB6/BRK1/PTPN1/EFNA1/ILKAP/QDPR/EXOSC4/TALDO1/HES6/MICAL3/AMZ2/MAZ/WIPI1/TSC22D4/NUDT3/ANXA2/ENDOD1/UBXN1","CELLTYPE"
"DESCARTES_MAIN_FETAL_ERYTHROBLASTS","DESCARTES_MAIN_FETAL_ERYTHROBLASTS",146,0.234057803154633,0.903955851795976,0.670120898100173,0.8523180247868,0.764736473367605,2606,"tags=23%, list=22%, signal=18%","FAM117A/CENPE/KIF22/HTRA2/BLVRB/CROCCP2/EP300/RCCD1/ATAD5/FCHO2/RAPGEF2/EZH1/QSOX2/SEC22C/EPOR/SPECC1/PPME1/YPEL4/RHD/CD58/LPCAT3/NAPEPLD/SLC11A2/PRC1/SLC25A37/ABCA7/PIGQ/AKAP8L/TMEM120B/TRIM58/SLC14A1/TCP11L2/DCAF12","CELLTYPE"
"DURANTE_ADULT_OLFACTORY_NEUROEPITHELIUM_NK_CELLS","DURANTE_ADULT_OLFACTORY_NEUROEPITHELIUM_NK_CELLS",79,0.251170382356236,0.891568725969217,0.67741935483871,0.856976292265837,0.768916071757318,2222,"tags=27%, list=19%, signal=22%","MYOM2/XCL2/EMP3/TRAF3IP3/HOPX/EVL/DOK2/CCL5/PTPRC/CD7/HCST/NKG7/EFHD2/CD160/PYHIN1/HLA-B/CYBA/CD48/LIMD2/IFITM2/RAC2","CELLTYPE"
"HE_LIM_SUN_FETAL_LUNG_C7_TM4SF4_POS_CHODL_POS_NEURON_CELL","HE_LIM_SUN_FETAL_LUNG_C7_TM4SF4_POS_CHODL_POS_NEURON_CELL",19,0.311702356966692,0.829616441403023,0.681564245810056,0.860491933587846,0.772070456702879,2847,"tags=32%, list=24%, signal=24%","CXADR/STX1A/YPEL4/GPR22/CHODL/TSHZ3","CELLTYPE"
"ZHONG_PFC_C1_OPC","ZHONG_PFC_C1_OPC",165,0.232482648915294,0.908014208239424,0.689236111111111,0.866704091816367,0.777644272857793,2807,"tags=25%, list=24%, signal=20%","CKAP2/CKAP5/KIF20B/CENPE/EMP3/KIF22/MKI67/CDK5RAP2/CDCA8/PTTG1/VIM/SCLT1/LGALS1/CEP152/ASPM/CDC25B/CCDC18/FAM111A/G2E3/CENPM/PHF19/ARHGAP11A/ANP32E/CENPN/KIF18A/KPNA2/NCAPG2/RNASEH2A/PRC1/BUB3/MT2A/UBE2T/POC1A/CKS2/RFC3/ARL6IP1/BARD1/CCDC34/TMPO/CKS1B/UBE2S/TACC3","CELLTYPE"
"DESCARTES_FETAL_EYE_SMOOTH_MUSCLE_CELLS","DESCARTES_FETAL_EYE_SMOOTH_MUSCLE_CELLS",34,0.27803405038163,0.836742054851442,0.68901303538175,0.866704091816367,0.777644272857793,665,"tags=12%, list=6%, signal=11%","SLC12A4/C12orf76/CPEB2/ZNF384","CELLTYPE"
"CUI_DEVELOPING_HEART_C7_MAST_CELL","CUI_DEVELOPING_HEART_C7_MAST_CELL",117,0.239778941556655,0.895464090721636,0.69449378330373,0.866725998442541,0.777663928427142,2605,"tags=28%, list=22%, signal=22%","HSPA1A/LAT2/IER2/EMP3/NCF4/CLIC1/HSPH1/CAPG/DUSP10/TPST2/BATF/VAMP8/SQSTM1/S100A6/ARHGAP18/ADAM8/VMP1/CD37/PTPN7/BRD2/SERTAD1/GRAP2/FXYD5/IFITM2/LTC4S/RAC2/DNAJA1/PPP1R15A/CKS2/CTNNBL1/TSPYL2/CCNL1/PLIN2","CELLTYPE"
"DESCARTES_MAIN_FETAL_SYNCYTIOTROPHOBLASTS_AND_VILLOUS_CYTOTROPHOBLASTS","DESCARTES_MAIN_FETAL_SYNCYTIOTROPHOBLASTS_AND_VILLOUS_CYTOTROPHOBLASTS",45,0.276253389952756,0.887335201726876,0.692307692307692,0.866725998442541,0.777663928427142,1373,"tags=18%, list=12%, signal=16%","CAMK2G/ANKRD20A5P/DNMT1/SMARCA2/SLC27A2/CYP4F35P/AMOT/SLC25A43","CELLTYPE"
"GAO_LARGE_INTESTINE_ADULT_CH_MKI67HIGH_CELLS","GAO_LARGE_INTESTINE_ADULT_CH_MKI67HIGH_CELLS",50,-0.262136984216449,-0.884589457842624,0.694252873563218,0.866725998442541,0.777663928427142,2336,"tags=26%, list=20%, signal=21%","NUF2/MYBL2/BIRC5/CENPH/DEPDC1B/CDCA5/TRIP13/DSCC1/FANCB/CIT/FEN1/PLK4/RAD54B","CELLTYPE"
"DESCARTES_MAIN_FETAL_HEMATOPOIETIC_STEM_CELLS","DESCARTES_MAIN_FETAL_HEMATOPOIETIC_STEM_CELLS",25,0.303815107788233,0.846828567076288,0.694756554307116,0.866725998442541,0.777663928427142,2109,"tags=20%, list=18%, signal=16%","STAT5A/SPINK2/TRIM27/HSF5/TM7SF3","CELLTYPE"
"RUBENSTEIN_SKELETAL_MUSCLE_FBN1_FAP_CELLS","RUBENSTEIN_SKELETAL_MUSCLE_FBN1_FAP_CELLS",170,-0.225919564892573,-0.919155164429775,0.701176470588235,0.872371175122097,0.782729024295014,1488,"tags=24%, list=12%, signal=21%","AP3S1/ENO1/TXN/HIGD1A/RPL36AL/PTPRA/NDFIP1/KRT10/AXL/TMEM109/ARF4/ARL6IP5/ITGB1BP1/S100A13/SSR3/RNF13/ANXA1/BZW1/IL6ST/SEC61G/RPLP0/FGFR1/TGFBR3/NOTCH2/FTH1/NCL/RBMS1/DYNLT1/GSN/FHL1/C1R/OSTC/GLUD1/ZFP36L2/EIF5/CD55/FBLN2/CALU/GFPT2/RSL1D1","CELLTYPE"
"FAN_OVARY_CL2_PUTATIVE_EARLY_ATRETIC_FOLLICLE_THECAL_CELL_1","FAN_OVARY_CL2_PUTATIVE_EARLY_ATRETIC_FOLLICLE_THECAL_CELL_1",70,0.254101991089697,0.886301970387147,0.702654867256637,0.872371175122097,0.782729024295014,1381,"tags=11%, list=12%, signal=10%","JUN/DUSP1/TPM2/ZFP36L1/LGALS1/EGR1/S100A6/C12orf57","CELLTYPE"
"DESCARTES_FETAL_SPLEEN_AFP_ALB_POSITIVE_CELLS","DESCARTES_FETAL_SPLEEN_AFP_ALB_POSITIVE_CELLS",61,0.259537383831924,0.880334751865546,0.703435804701627,0.872371175122097,0.782729024295014,2557,"tags=26%, list=21%, signal=21%","ACAA1/GALK1/MT1F/CLU/SLC27A2/PCBD1/LIPC/SPRYD4/RETSAT/AGPAT2/KLKB1/TMEM150A/MT1E/PHYH/MT2A/DGCR6L","CELLTYPE"
"DESCARTES_FETAL_THYMUS_STROMAL_CELLS","DESCARTES_FETAL_THYMUS_STROMAL_CELLS",43,-0.265531822051892,-0.868039843869976,0.706013363028953,0.873847580959215,0.784053719256639,586,"tags=12%, list=5%, signal=11%","GPX8/TMEM39A/C1R/COL5A3/FBLN2","CELLTYPE"
"DESCARTES_FETAL_ADRENAL_SCHWANN_CELLS","DESCARTES_FETAL_ADRENAL_SCHWANN_CELLS",17,0.316829949500944,0.80887280909113,0.714836223506744,0.883032981978919,0.792295257013666,3736,"tags=41%, list=31%, signal=28%","GPC1/COL18A1/S100B/ERBB3/MYOT/HEY2/SHISA9","CELLTYPE"
"SU_HO_CONV_CENT_CHONDROSARCOMA_STROMAL_C6_ENDOTHELIAL_CELL","SU_HO_CONV_CENT_CHONDROSARCOMA_STROMAL_C6_ENDOTHELIAL_CELL",93,0.242818769667426,0.886921936175145,0.717352415026834,0.884036331964663,0.793195505873057,1542,"tags=17%, list=13%, signal=15%","PLEKHO2/SLC27A3/HHEX/RASGRP3/NOTCH1/HERC1/N4BP3/SAT1/HEG1/DUSP6/PROCR/SULF2/FRMD4A/SH2D3C/ITGA5/NPDC1","CELLTYPE"
"LAKE_ADULT_KIDNEY_C21_COLLECTING_DUCT_INTERCALATED_CELLS_TYPE_B","LAKE_ADULT_KIDNEY_C21_COLLECTING_DUCT_INTERCALATED_CELLS_TYPE_B",53,0.257853237460648,0.861346740272763,0.719858156028369,0.884036331964663,0.793195505873057,1398,"tags=15%, list=12%, signal=13%","HERC1/MAP3K5/PLCG2/SKAP1/SDCCAG8/SNTB1/MSI2/ARHGAP18","CELLTYPE"
"HE_LIM_SUN_FETAL_LUNG_C6_MUC16_POS_CILIATED_CELL","HE_LIM_SUN_FETAL_LUNG_C6_MUC16_POS_CILIATED_CELL",15,-0.319345099659602,-0.812488846620436,0.718487394957983,0.884036331964663,0.793195505873057,2554,"tags=40%, list=21%, signal=31%","PZP/ITGB4/CES4A/KIAA0513/SMAD3/HBB","CELLTYPE"
"DESCARTES_FETAL_PLACENTA_TROPHOBLAST_GIANT_CELLS","DESCARTES_FETAL_PLACENTA_TROPHOBLAST_GIANT_CELLS",15,0.323798170658756,0.809646054263903,0.722433460076046,0.88547291799204,0.794484472784838,782,"tags=13%, list=7%, signal=12%","ADHFE1/HOPX","CELLTYPE"
"MANNO_MIDBRAIN_NEUROTYPES_HNPROG","MANNO_MIDBRAIN_NEUROTYPES_HNPROG",95,0.237415782988182,0.875635835160455,0.726480836236934,0.888704712289841,0.797384177944269,1878,"tags=16%, list=16%, signal=13%","TCF12/MKI67/PAK1/CDCA8/PHLDA1/GNG5/RHOU/ASPM/CDC25B/ATP8A1/GPRIN3/HES6/ARHGAP11A/CCND1/TP53TG1","CELLTYPE"
"SU_HO_CONV_CENT_CHONDROSARCOMA_C3_CHONDROBLASTIC_OSTEOSARCOMA","SU_HO_CONV_CENT_CHONDROSARCOMA_C3_CHONDROBLASTIC_OSTEOSARCOMA",321,-0.211482232455415,-0.92645018849723,0.739018087855297,0.888872577803876,0.797534794119768,1858,"tags=20%, list=16%, signal=17%","TMED3/EXT2/PYGB/DNAJB11/ARL6IP5/CTSA/RPL15/ARPC3/TMEM11/ITGB1BP1/BZW2/UBE2E3/SRM/MAGEH1/SIL1/URI1/TMEM43/RUNX3/PEX10/KCTD5/SSR1/TMEM9/TMEM50B/CNN3/HOXB2/NUDT14/UBA2/MAP3K13/TMED10/MCFD2/KLHDC2/LRRC59/CA2/SREBF1/SLC35B1/PDIA4/TMED2/RPL6/ERGIC3/PRDX4/UBE2J1/RCN2/PPA1/GNPNAT1/DYNLT1/IMPDH2/REEP3/EIF3M/LMAN1/IFNGR1/CISD2/CRELD2/DRG2/P4HB/ADAMTS1/GTF3C6/HSD17B12/OSTC/ID2/TTC19/ISG20/COX10/MYC","CELLTYPE"
"MANNO_MIDBRAIN_NEUROTYPES_HDA","MANNO_MIDBRAIN_NEUROTYPES_HDA",170,0.227190798074159,0.89197378492156,0.733102253032929,0.888872577803876,0.797534794119768,1761,"tags=17%, list=15%, signal=15%","ANKRD36B/SH3BP5/IRGQ/GPR68/ROCK1/OPTN/RNF113A/ENO2/PPP1R21/CXADR/CAMK2N1/SMPD3/AMPH/ARL8A/C1orf35/PDE4DIP/TRIM38/ATP8A1/DOK6/ULK3/CDC42EP3/GPRIN3/FGF9/GOLGA7B/TERF2/PAK6/RNF14/KIF3A/TRIM46","CELLTYPE"
"LAKE_ADULT_KIDNEY_C23_ENDOTHELIAL_CELLS_AVR","LAKE_ADULT_KIDNEY_C23_ENDOTHELIAL_CELLS_AVR",90,-0.237439430267113,-0.880874287163121,0.736596736596737,0.888872577803876,0.797534794119768,1468,"tags=18%, list=12%, signal=16%","RPS14/HSP90B1/PECAM1/B2M/CNN3/IL6ST/RPLP0/TMTC2/PPFIBP1/FTH1/NCL/RBMS1/TXNIP/RPL7/CANX/TGFBR2","CELLTYPE"
"ZHONG_PFC_C4_UNKNOWN_INP","ZHONG_PFC_C4_UNKNOWN_INP",64,-0.248842678665006,-0.874389539075735,0.732426303854875,0.888872577803876,0.797534794119768,1561,"tags=19%, list=13%, signal=16%","ZNF254/RNF138/EOMES/BBS10/NFATC3/MRPL42/MRTO4/MPHOSPH10/MTHFD2/ZNF43/DDIT4/GNL3","CELLTYPE"
"JONES_OVARY_GRANULOSA","JONES_OVARY_GRANULOSA",40,0.268043880624566,0.836507982570121,0.736162361623616,0.888872577803876,0.797534794119768,1409,"tags=12%, list=12%, signal=11%","CKAP2/REEP6/HS6ST1/MAGED2/CEACAM21","CELLTYPE"
"AIZARANI_LIVER_C22_RESIDENT_B_CELLS_2","AIZARANI_LIVER_C22_RESIDENT_B_CELLS_2",25,-0.281323230344349,-0.815785774242261,0.739316239316239,0.888872577803876,0.797534794119768,1423,"tags=28%, list=12%, signal=25%","SPCS2/ERLEC1/HSP90B1/HERPUD1/SEC11C/PRDX4/CRELD2","CELLTYPE"
"DESCARTES_FETAL_LIVER_STELLATE_CELLS","DESCARTES_FETAL_LIVER_STELLATE_CELLS",21,0.29310226457388,0.798331161965131,0.73134328358209,0.888872577803876,0.797534794119768,1429,"tags=29%, list=12%, signal=25%","FGFR2/DSEL/GPR153/ITGA1/PDGFRB/CCBE1","CELLTYPE"
"TRAVAGLINI_LUNG_VEIN_CELL","TRAVAGLINI_LUNG_VEIN_CELL",17,0.312634050459883,0.798160600067482,0.728323699421965,0.888872577803876,0.797534794119768,1242,"tags=18%, list=10%, signal=16%","CLU/ADAMTS4/UPP1","CELLTYPE"
"DURANTE_ADULT_OLFACTORY_NEUROEPITHELIUM_UNSPECIFIED","DURANTE_ADULT_OLFACTORY_NEUROEPITHELIUM_UNSPECIFIED",19,0.297895333988432,0.792868136446132,0.735567970204842,0.888872577803876,0.797534794119768,1228,"tags=21%, list=10%, signal=19%","PTTG1/DYNLL1/CIB1/PRDX5","CELLTYPE"
"FAN_OVARY_CL8_MATURE_CUMULUS_GRANULOSA_CELL_2","FAN_OVARY_CL8_MATURE_CUMULUS_GRANULOSA_CELL_2",480,-0.205595154342008,-0.934649932143801,0.750677506775068,0.899656232095422,0.807210353609426,2442,"tags=21%, list=21%, signal=18%","ALDH18A1/ERH/BEX5/ACSL4/HNRNPA1/HMGB3/PPIB/TP53I3/MRPL22/FUNDC1/PSMB3/SMAD4/NDUFA1/UBXN8/HIGD1A/TCEA3/MRPL23/NDUFC2/CARHSP1/NDFIP1/HMGN2/SRP9/MYL6B/ELK1/PPIF/RANBP1/LDHB/ATXN10/CALM2/ARPC3/PFDN4/ENTPD6/NBEAL1/TRAPPC2L/COX7A2/CMTM8/NDUFA4/AURKAIP1/XPO1/MKRN1/GSS/DNAJC19/GSTP1/PDHB/HS2ST1/MEX3C/BTF3L4/OSGIN2/RPL17/PCNA/NDUFB9/EEF1G/LAPTM4B/DAG1/MAP3K13/CCND2/HMGB1/SMS/TMED10/CBX5/POLDIP2/SEC61G/NDUFS4/ARL2BP/LSM3/EIF1AD/SEC31A/TPRKB/SMAD3/LLPH/EEF1E1/PDIA4/SNRPF/SUMO3/COMT/PRDX4/RCN2/DYNLT1/SUMO2/PARK7/MRPL16/C1QBP/DECR1/MRPL3/RPL26L1/LSM5/GTF3C6/CCDC69/SNRPE/OSTC/SPIN1/PGM1/PSMA3/THOC7/PPHLN1/CMTM6/EAPP/AVPI1/ARHGEF6/PSMB5/TSPAN6/CD47","CELLTYPE"
"ZHENG_CORD_BLOOD_C4_PUTATIVE_EARLY_ERYTHROID_COMMITMENT","ZHENG_CORD_BLOOD_C4_PUTATIVE_EARLY_ERYTHROID_COMMITMENT",75,-0.241135795683766,-0.872739916472354,0.751141552511416,0.899656232095422,0.807210353609426,1251,"tags=11%, list=11%, signal=10%","SLC38A2/CCND2/PRKACB/ELMO1/PSTPIP2/ABCA1/SLA/ZBTB16","CELLTYPE"
"GAO_LARGE_INTESTINE_ADULT_CJ_IMMUNE_CELLS","GAO_LARGE_INTESTINE_ADULT_CJ_IMMUNE_CELLS",158,-0.223448524845915,-0.89813016198588,0.75952380952381,0.902830188679245,0.810058164278621,1980,"tags=20%, list=17%, signal=17%","ETS1/AXL/ZNF155/SPON2/CD36/CFH/KIFC3/COL5A1/MSN/CSF1/GRK5/CHST11/PECAM1/HOXB2/ANXA1/LTBP2/SLC38A6/JAK2/RAB34/KANK3/FGFR1/TGFBR3/TMEM119/RBMS1/ELMO1/FHL1/PPP1R16B/ADAMTS1/C1R/COL5A3/RECK/PLXND1","CELLTYPE"
"DESCARTES_FETAL_LIVER_MEGAKARYOCYTES","DESCARTES_FETAL_LIVER_MEGAKARYOCYTES",54,-0.247552526620951,-0.850407611212715,0.759174311926605,0.902830188679245,0.810058164278621,1460,"tags=19%, list=12%, signal=16%","CNST/KIAA0513/TMEM91/MDM1/SLC37A1/ITGA6/RAP1B/CD40LG/MPP7/EFHC2","CELLTYPE"
"DESCARTES_FETAL_KIDNEY_MEGAKARYOCYTES","DESCARTES_FETAL_KIDNEY_MEGAKARYOCYTES",51,-0.24943237401201,-0.847124906317516,0.758542141230068,0.902830188679245,0.810058164278621,1885,"tags=22%, list=16%, signal=18%","PPIF/F5/ZNF543/CNST/KIAA0513/PEX5/GTF2E1/SLC37A1/PIP5K1C/ACTR5/EFHC2","CELLTYPE"
"AIZARANI_LIVER_C12_NK_NKT_CELLS_4","AIZARANI_LIVER_C12_NK_NKT_CELLS_4",48,0.254059602250407,0.834168831072899,0.756708407871199,0.902830188679245,0.810058164278621,2554,"tags=38%, list=21%, signal=30%","HSPA1A/HSPH1/CCL5/PTPRC/HSPA6/CD7/NKG7/BTN3A1/PYHIN1/HSPA1B/BAG3/HSPA8/RAC2/IKZF3/DNAJA1/ITGAL/STK17A/CST7","CELLTYPE"
"AIZARANI_LIVER_C38_RESIDENT_B_CELLS_3","AIZARANI_LIVER_C38_RESIDENT_B_CELLS_3",16,-0.304900314894842,-0.788267655900384,0.766666666666667,0.909604519774011,0.816136386163148,1423,"tags=62%, list=12%, signal=55%","FKBP11/CD27/CD79A/MZB1/CREB3L2/PELI1/SSR4/HSP90B1/HERPUD1/SEC11C","CELLTYPE"
"GAO_LARGE_INTESTINE_ADULT_CA_ENTEROENDOCRINE_CELLS","GAO_LARGE_INTESTINE_ADULT_CA_ENTEROENDOCRINE_CELLS",79,-0.234975726729049,-0.860402219119952,0.77027027027027,0.911577789994502,0.81790688926825,2081,"tags=16%, list=17%, signal=14%","CXXC4/TCEAL3/F5/GPRASP1/GNG2/CES1/TSPAN5/FGFR1/SLAIN1/STK33/AFF3/PLXND1/SCRN1","CELLTYPE"
"DESCARTES_MAIN_FETAL_EXTRAVILLOUS_TROPHOBLASTS","DESCARTES_MAIN_FETAL_EXTRAVILLOUS_TROPHOBLASTS",57,-0.245921022006398,-0.846634058827156,0.774117647058824,0.911577789994502,0.81790688926825,1858,"tags=16%, list=16%, signal=13%","TMED3/HCG4/ITM2B/HLA-G/FLNB/GPR150/ARFGAP1/CXCR6/HPGD","CELLTYPE"
"DESCARTES_FETAL_THYMUS_VASCULAR_ENDOTHELIAL_CELLS","DESCARTES_FETAL_THYMUS_VASCULAR_ENDOTHELIAL_CELLS",33,-0.270384305416817,-0.824049046632951,0.77292576419214,0.911577789994502,0.81790688926825,2240,"tags=30%, list=19%, signal=25%","PRCP/PRELID2/PDIA5/CD36/ELK3/KANK3/PPFIBP1/ITGA6/EDEM2/MPP7","CELLTYPE"
"DESCARTES_FETAL_ADRENAL_STROMAL_CELLS","DESCARTES_FETAL_ADRENAL_STROMAL_CELLS",15,-0.305991340217684,-0.778513750028767,0.773109243697479,0.911577789994502,0.81790688926825,788,"tags=33%, list=7%, signal=31%","PI16/PODN/MYH11/TMEM119/C1R","CELLTYPE"
"SU_HO_FOETAL_FEMUR_C2_HYPERTROPHIC_CHONDROCYTE","SU_HO_FOETAL_FEMUR_C2_HYPERTROPHIC_CHONDROCYTE",239,0.218034571577236,0.887439623495619,0.780445969125214,0.914077872518037,0.820150071081347,1884,"tags=17%, list=16%, signal=15%","PPP2CB/RELT/CCDC88A/PIEZO1/CYSTM1/RXRA/HLA-DRB1/CDV3/S100A10/CHSY1/SNX18/TPM2/KCNQ1OT1/ENO2/IER3/HSPH1/SLC5A3/GPC1/SMPD3/AKT1/SQLE/YIF1A/MXRA7/PDE4DIP/CDKN1A/MEF2D/LRRC28/LOXL2/CDC42EP3/ARHGAP18/MFSD10/GNPTAB/HSPA6/SLC1A5/TALDO1/SLC25A1/OSBPL1A/CCND1/SLC25A4/LRRC1/AGPAT2","CELLTYPE"
"MANNO_MIDBRAIN_NEUROTYPES_HSERT","MANNO_MIDBRAIN_NEUROTYPES_HSERT",153,-0.219673372014313,-0.878971111792849,0.778554778554779,0.914077872518037,0.820150071081347,2672,"tags=25%, list=22%, signal=20%","GFOD1/PRKAR2B/TARBP1/ARRB1/NPTXR/LPCAT4/RASGRP2/BEX5/GCHFR/GCH1/BEX2/NDFIP1/SLC18A2/SLC9A6/MCF2L/MAPRE2/SLC4A8/BTBD1/ANKRD44/ABLIM1/GPRASP1/MFSD6/MAP2K4/GNG2/SYTL2/KCTD2/PRKACB/SLC37A1/MMP24/XPR1/DNAJC5/SPOCK2/AK5/SERINC1/FSD1/PFKP/CPNE7/CD47","CELLTYPE"
"HE_LIM_SUN_FETAL_LUNG_C0_MESENCHYMAL_1_CELL","HE_LIM_SUN_FETAL_LUNG_C0_MESENCHYMAL_1_CELL",131,0.22676368220595,0.860616667979888,0.78494623655914,0.914077872518037,0.820150071081347,1573,"tags=12%, list=13%, signal=11%","ITM2A/RAB33A/SLC2A13/IER5/MID1IP1/TRAF4/ROGDI/PPP2R5B/SULF2/RNF207/GPSM3/EFNA1/ITGA5/CD74/NPDC1/CACNB3","CELLTYPE"
"SU_HO_CONV_CENT_CHONDROSARCOMA_C0_CHON1","SU_HO_CONV_CENT_CHONDROSARCOMA_C0_CHON1",96,0.231511087285557,0.850989282365222,0.783687943262411,0.914077872518037,0.820150071081347,2680,"tags=25%, list=23%, signal=20%","SKIL/CISH/POFUT2/AK1/CLU/TSC22D1/RRBP1/DOK1/PDCD4/KLF10/GADD45B/TRPS1/RPS26/SLC1A5/GOLIM4/PCSK1N/FAM43A/TMED4/DNAJB4/NDRG2/SLC25A36/SLC14A1/CCNL1/PPDPF","CELLTYPE"
"DESCARTES_FETAL_MUSCLE_LYMPHATIC_ENDOTHELIAL_CELLS","DESCARTES_FETAL_MUSCLE_LYMPHATIC_ENDOTHELIAL_CELLS",21,-0.282221710861341,-0.783388665162937,0.783261802575107,0.914077872518037,0.820150071081347,2124,"tags=33%, list=18%, signal=27%","DLK2/SLC39A14/KCTD17/TPMT/PPFIBP1/FLT4/STAP2","CELLTYPE"
"DESCARTES_FETAL_ADRENAL_SLC26A4_PAEP_POSITIVE_CELLS","DESCARTES_FETAL_ADRENAL_SLC26A4_PAEP_POSITIVE_CELLS",15,-0.30218277301531,-0.768823861638961,0.783613445378151,0.914077872518037,0.820150071081347,1077,"tags=47%, list=9%, signal=42%","ELAC1/ZNF597/CCT6B/ZNF786/ZNF845/NOMO2/ZNF747","CELLTYPE"
"HE_LIM_SUN_FETAL_LUNG_C2_PLATELET_CELL","HE_LIM_SUN_FETAL_LUNG_C2_PLATELET_CELL",254,0.21612087283723,0.887721116120283,0.789473684210526,0.917653913381239,0.823358649098956,2656,"tags=25%, list=22%, signal=20%","BBC3/TSPAN32/PTP4A3/CISH/OPTN/PXMP4/HERC1/C12orf76/CPEB2/PIM1/ZMYND8/CD226/CEP44/SENP5/TSC22D1/BLZF1/PLAG1/DGKD/PDLIM1/PHF1/LANCL3/ZMYM5/MCTP2/PTBP2/CTNNAL1/UBE2H/MSI2/IKZF4/PPBP/GADD45G/PKIG/SPHK1/AGPAT5/LARP4/TNIK/PLD6/CD58/ICAM2/SSBP2/KLHL24/GRAP2/ACAD8/WIPI1/KIFAP3/PTDSS2/MAPK6/TMEM140/ENDOD1/FBXO30/DLEU2/SORBS1/KCTD13/RAB3IP/SMTN/CREBZF/ZFYVE1/TRIM58/GCLM/CPEB4/TCP11L2/USP20/LMBRD2/MFSD11/THRA","CELLTYPE"
"HE_LIM_SUN_FETAL_LUNG_C6_DEUTEROSOMAL_CELL","HE_LIM_SUN_FETAL_LUNG_C6_DEUTEROSOMAL_CELL",142,0.224244155604931,0.86015544765269,0.793345008756567,0.919414136622391,0.824937997270215,2595,"tags=23%, list=22%, signal=18%","CCDC88A/KIF20B/SPATS2/RPL39L/MUC12/CDCA8/DBNDD1/RASSF1/PTTG1/TRMT12/CEP152/ASPM/SULF2/CCDC18/CEP57L1/HES6/BCL2L12/MIIP/KIF18A/KPNA2/TM7SF3/RCC2/RNASEH2A/PRC1/EZH2/RMI1/UBE2T/PCCB/MMP23B/POC1A/CKS2/BARD1/RANGAP1","CELLTYPE"
"LAKE_ADULT_KIDNEY_C6_PROXIMAL_TUBULE_EPITHELIAL_CELLS_FIBRINOGEN_POS_S3","LAKE_ADULT_KIDNEY_C6_PROXIMAL_TUBULE_EPITHELIAL_CELLS_FIBRINOGEN_POS_S3",121,0.226547095876996,0.851425611570921,0.793906810035842,0.919414136622391,0.824937997270215,2590,"tags=23%, list=22%, signal=18%","SYNE2/AHI1/CLU/SLC27A2/RNF213/MACF1/RRBP1/SQSTM1/FCHO2/CIB1/SVIL/DOK6/MAST4/TRPS1/ASH1L/TMSB10/RNF19A/VMP1/VPS13A/SSBP2/DNAJC1/TXNRD1/PNRC1/LPGAT1/APOL6/KIF21A/ZBTB38/CCNL1","CELLTYPE"
"DESCARTES_MAIN_FETAL_INTESTINAL_EPITHELIAL_CELLS","DESCARTES_MAIN_FETAL_INTESTINAL_EPITHELIAL_CELLS",17,0.295927754269725,0.755509112257926,0.797687861271676,0.92209789468102,0.827345980691241,2754,"tags=41%, list=23%, signal=32%","MUC12/REEP6/KHK/PGPEP1/LPGAT1/ZBTB38/DGAT1","CELLTYPE"
"DESCARTES_MAIN_FETAL_CCL19_CCL21_POSITIVE_CELLS","DESCARTES_MAIN_FETAL_CCL19_CCL21_POSITIVE_CELLS",110,0.228085358368634,0.845552245382093,0.804920913884007,0.927056994052878,0.831795498423385,1143,"tags=12%, list=10%, signal=11%","UBQLN2/GPANK1/TYMP/IER3/INTS5/CDC7/TCF3/JUND/C1orf35/FUT4/EGR1/NFKBIE/STX10","CELLTYPE"
"DURANTE_ADULT_OLFACTORY_NEUROEPITHELIUM_RESPIRATORY_COLUMNAR_CELLS","DURANTE_ADULT_OLFACTORY_NEUROEPITHELIUM_RESPIRATORY_COLUMNAR_CELLS",15,0.298884063917151,0.74734919762073,0.804182509505703,0.927056994052878,0.831795498423385,2210,"tags=33%, list=19%, signal=27%","CD9/CSTB/HSPB1/EPAS1/ANXA2","CELLTYPE"
"HE_LIM_SUN_FETAL_LUNG_C7_SCHWANN_PRECURSOR_CELL","HE_LIM_SUN_FETAL_LUNG_C7_SCHWANN_PRECURSOR_CELL",147,0.221427126081522,0.855238860001484,0.808290155440414,0.928381962864721,0.83298431755782,2584,"tags=24%, list=22%, signal=19%","CKAP2/KIF20B/CENPE/MKI67/MAFF/NOTCH1/CDCA8/IER5/PTTG1/DIAPH1/WEE1/ATAD5/ASPM/CCDC18/ARAP2/SNTB1/HSPA6/SLC1A5/CENPM/PHF19/ANP32E/TIMELESS/BCL2L12/OAF/GGA2/CENPN/PKMYT1/BAG3/RNASEH2A/EZH2/UBE2T/POC1A/DNAJB4/BARD1/CCDC34","CELLTYPE"
"DESCARTES_MAIN_FETAL_PAEP_MECOM_POSITIVE_CELLS","DESCARTES_MAIN_FETAL_PAEP_MECOM_POSITIVE_CELLS",50,-0.242339856508263,-0.817783430762657,0.811494252873563,0.928381962864721,0.83298431755782,3727,"tags=42%, list=31%, signal=29%","CATSPERB/KLHL2/DCPS/ASRGL1/RAB2A/POU5F1/TC2N/WBP1/FAM177A1/ANAPC4/LY86-AS1/ARID5B/UBE2D2/SLC16A6/SLC6A6/ZHX3/ZNF383/GTF2E1/CDYL2/SESTD1/ERN1","CELLTYPE"
"TRAVAGLINI_LUNG_SIGNALING_ALVEOLAR_EPITHELIAL_TYPE_2_CELL","TRAVAGLINI_LUNG_SIGNALING_ALVEOLAR_EPITHELIAL_TYPE_2_CELL",38,-0.251010060914587,-0.798409789077181,0.810043668122271,0.928381962864721,0.83298431755782,1107,"tags=13%, list=9%, signal=12%","CYB5A/CACNA2D2/CD44/TXNIP/LAMP3","CELLTYPE"
"HE_LIM_SUN_FETAL_LUNG_C2_NEUTROPHIL_CELL","HE_LIM_SUN_FETAL_LUNG_C2_NEUTROPHIL_CELL",25,-0.265887698851816,-0.771025563739687,0.811965811965812,0.928381962864721,0.83298431755782,3439,"tags=40%, list=29%, signal=29%","RGL4/BST1/ECE1/CKAP4/HK2/F5/LTB4R/RAB27A/AP5B1/CYFIP2","CELLTYPE"
"GAUTAM_EYE_IRIS_CILIARY_BODY_FIBROBLASTS","GAUTAM_EYE_IRIS_CILIARY_BODY_FIBROBLASTS",67,0.23904061078474,0.827662362812901,0.813499111900533,0.928450073364739,0.833045429234527,994,"tags=10%, list=8%, signal=10%","JUN/SH3BP5/ID3/NKTR/WEE1/PNISR/EGR1","CELLTYPE"
"SU_HO_CONV_CENT_CHONDROSARCOMA_STROMAL_C5_VASCULAR_SMOOTH_MUSCLE_CELL","SU_HO_CONV_CENT_CHONDROSARCOMA_STROMAL_C5_VASCULAR_SMOOTH_MUSCLE_CELL",65,0.236276546061498,0.815513869320104,0.816725978647687,0.930396149574232,0.834791532700689,1634,"tags=14%, list=14%, signal=12%","VASP/PELO/DYNC1I2/CAMK2N1/ITGA1/ISYNA1/MPRIP/TMOD3/UTRN","CELLTYPE"
"GAO_LARGE_INTESTINE_24W_C2_MKI67POS_PROGENITOR","GAO_LARGE_INTESTINE_24W_C2_MKI67POS_PROGENITOR",49,-0.241333081729811,-0.811188149556287,0.819634703196347,0.930396149574232,0.834791532700689,770,"tags=10%, list=6%, signal=10%","TRAIP/RRM2/LRRC8C/MXD3/ARHGEF6","CELLTYPE"
"DESCARTES_MAIN_FETAL_MUC13_DMBT1_POSITIVE_CELLS","DESCARTES_MAIN_FETAL_MUC13_DMBT1_POSITIVE_CELLS",15,-0.294918311744674,-0.75034136804382,0.819327731092437,0.930396149574232,0.834791532700689,1514,"tags=40%, list=13%, signal=35%","PWP2/PREP/ZNF653/RTP4/ZNF443/GPA33","CELLTYPE"
"HE_LIM_SUN_FETAL_LUNG_C0_EARLY_FIBROBLAST","HE_LIM_SUN_FETAL_LUNG_C0_EARLY_FIBROBLAST",47,-0.242501354369967,-0.807692349117604,0.82392776523702,0.933587216005976,0.837654695063006,2845,"tags=32%, list=24%, signal=24%","CDK1/NUSAP1/CCNB2/MSMO1/KRT18/ORC6/PSAT1/BIRC5/CDT1/CDCA5/MCM7/CHAF1A/TYMS/FBXO5/ZWINT","CELLTYPE"
"SU_HO_CONV_CENT_CHONDROSARCOMA_LEUKOCYTE_C4_OSTEOCLAST","SU_HO_CONV_CENT_CHONDROSARCOMA_LEUKOCYTE_C4_OSTEOCLAST",366,-0.20673441844158,-0.914040042645641,0.826315789473684,0.933962264150943,0.83799120442616,2584,"tags=24%, list=22%, signal=19%","PLD1/SRC/TMEM9B/TM9SF2/MRPS30/OXCT1/NDUFA10/SKAP2/TRAP1/PSMC6/SCFD1/ACSL4/TTYH2/BDH1/MRPL43/NDUFA1/PRCP/ATP6V1E1/BLVRA/MRPL23/EXT1/NDUFC2/CARHSP1/PRADC1/RICTOR/VDAC2/GNS/SLC25A3/RAB38/ADK/MYO1D/TIAM1/LDHB/F5/EXT2/CBLB/ARL6IP5/CAPN2/AGL/GBE1/PFDN4/XKR8/ITGB1BP1/COX7A2/NDUFA4/NUDT2/SLC25A13/PDHB/MLXIP/CDK5/ANKH/JAGN1/GMPR2/RAB34/NET1/CA2/VPS26B/SND1/WDFY1/RILP/MRPL50/ATP6V1G1/PGAM1/PPA1/MRPL44/SEMA4D/CACNA2D4/PARK7/SUCLG2/C1QBP/MRPL3/CKLF/STAP2/XPR1/MRPL40/TOMM22/AK5/TSPAN15/DPP4/PMPCB/DCAF13/GNL3/PFKP/SLC30A9/NNT/DLD/LYPLA1","CELLTYPE"
"MANNO_MIDBRAIN_NEUROTYPES_HRGL2A","MANNO_MIDBRAIN_NEUROTYPES_HRGL2A",231,-0.210370680430422,-0.892433599793586,0.830188679245283,0.933962264150943,0.83799120442616,1214,"tags=11%, list=10%, signal=10%","DAG1/RAB27A/ACSS1/WNT7A/CD44/ZNF497/SLC15A2/NOTCH2/COMT/LPCAT1/CPNE2/FHL1/STK33/GLUD1/PRDM8/LIPA/SPRY1/ZFP36L2/EFHC2/ARHGEF6/CXCR4/COLQ/LRIG1/TSPAN6/GALC","CELLTYPE"
"HU_FETAL_RETINA_RPC","HU_FETAL_RETINA_RPC",59,-0.235925330477893,-0.822484373406893,0.82983682983683,0.933962264150943,0.83799120442616,2102,"tags=22%, list=18%, signal=18%","RAN/HMGN2/GMNN/CHD7/PLEKHA1/DEK/MCM7/PCNA/SNRPG/LMAN1/ID2/TYMS/ZWINT","CELLTYPE"
"DESCARTES_FETAL_EYE_VASCULAR_ENDOTHELIAL_CELLS","DESCARTES_FETAL_EYE_VASCULAR_ENDOTHELIAL_CELLS",26,-0.25596225322919,-0.746828434082084,0.827956989247312,0.933962264150943,0.83799120442616,1359,"tags=27%, list=11%, signal=24%","PRKCH/NOS3/ARL15/ELK3/KANK3/FLT4/PLXND1","CELLTYPE"
"MANNO_MIDBRAIN_NEUROTYPES_HRGL3","MANNO_MIDBRAIN_NEUROTYPES_HRGL3",217,-0.210313176736904,-0.883408157160927,0.833734939759036,0.936279878873784,0.840070668262693,2117,"tags=18%, list=18%, signal=15%","AGBL2/PSAT1/NDFIP1/IFT57/TMEM18/P4HA1/SIPA1L2/TMBIM6/F5/CD36/ARL6IP5/LMBRD1/MAGT1/CMTM8/LITAF/STAT6/RNF13/THUMPD2/NR4A3/ANXA1/DAG1/RWDD3/ACSS1/KLHDC8B/WNT7A/CD44/SLC15A2/NOTCH2/LANCL2/ITGA6/SPON1/SLC38A1/STK33/LIPA/ZFP36L2/EFHC2/CALU/LRIG1/GALC/CD47","CELLTYPE"
"FAN_EMBRYONIC_CTX_OLIG","FAN_EMBRYONIC_CTX_OLIG",463,0.206025924531318,0.89625539259997,0.836990595611285,0.938263479066032,0.841850439863758,2377,"tags=21%, list=20%, signal=17%","RAB33A/RHOB/STX4/BCOR/PFDN2/PPP2CB/RELT/HOOK3/A1BG/SYT11/PAK1/TTL/TECR/IGSF8/DYNC1I2/RASGRP3/HDAC11/FRS3/PPFIBP2/RAP2A/C12orf76/CD9/DNAJB2/FGFR2/SMAD7/ZFYVE19/DUSP10/TRIP12/NCOR2/ATF7/ROGDI/SLC22A23/APBB1/DEPTOR/ARL2/RHOU/RRBP1/PPP2R5B/ADAMTS4/EPB41L2/CCDC90B/CTNNA1/PDE4DIP/ATP8A1/LMNA/UBE2H/HIPK2/ERMP1/NDUFAF3/UBE2Q1/EML2/NACAD/QDPR/ACER3/STX6/STAMBP/C4orf33/PPP2R2A/SMPD1/RASA3/OSTF1/MAST3/VMP1/ABHD6/MAP4K4/OSBPL1A/ZNF365/ZFP57/MEGF9/ATL3/ZDHHC9/RNF220/BMP8A/SNX29/KLHL24/TJAP1/WIPI1/KTN1/ATP1B1/ITPKB/TSC22D4/DIXDC1/CLASP2/LPGAT1/MAPK6/DLG1/ENDOD1/HSPA2/CANT1/ABCA2/ADAP1/TMBIM1/P2RX7/ELOVL1/STRN/GIPC1/SHISA4","CELLTYPE"
"CUI_DEVELOPING_HEART_TRABECULAR_ATRIAL_CARDIOMYOCYTE","CUI_DEVELOPING_HEART_TRABECULAR_ATRIAL_CARDIOMYOCYTE",121,0.220757981925193,0.829668546587206,0.838709677419355,0.938520598177964,0.842081138214815,2299,"tags=25%, list=19%, signal=20%","KIDINS220/MALAT1/NEU1/AKAP9/GPC1/TMEM38B/CXADR/MACF1/SQLE/HEG1/HERC2P2/COL18A1/LUC7L3/GOLGA8A/SVIL/RNF207/TMEM41B/ANKRD26/TCERG1/DDX17/NFE2L1/GOLIM4/ERBB2/NCAM1/SLC11A2/KTN1/ATP1B1/MTDH/SPTAN1/EMP2","CELLTYPE"
"DESCARTES_MAIN_FETAL_VISCERAL_NEURONS","DESCARTES_MAIN_FETAL_VISCERAL_NEURONS",21,0.267245521617081,0.727904399212734,0.841417910447761,0.939881708478882,0.843302385051228,2234,"tags=19%, list=19%, signal=16%","TUBB2A/PPP2R5B/RUSC1/FBXO30","CELLTYPE"
"HAY_BONE_MARROW_FOLLICULAR_B_CELL","HAY_BONE_MARROW_FOLLICULAR_B_CELL",79,-0.22248595890576,-0.814668882740733,0.846846846846847,0.944193980748142,0.847171541623646,702,"tags=23%, list=6%, signal=22%","GNG7/RALGPS2/TPD52/TCOF1/IFT57/SEL1L3/CHD7/CYSLTR1/KDM4B/ORAI2/NCOA3/SPON1/RRAS2/AP1S3/CD40/TMEM156/E2F5/P2RX5","CELLTYPE"
"DESCARTES_FETAL_SPLEEN_MEGAKARYOCYTES","DESCARTES_FETAL_SPLEEN_MEGAKARYOCYTES",50,-0.236299074403198,-0.797398622479166,0.848275862068966,0.944193980748142,0.847171541623646,1951,"tags=20%, list=16%, signal=17%","MCF2L/VCL/CNST/KIAA0513/TMEM91/MDM1/SLC37A1/RAP1B/MPP7/EFHC2","CELLTYPE"
"MANNO_MIDBRAIN_NEUROTYPES_HRN","MANNO_MIDBRAIN_NEUROTYPES_HRN",122,0.218291868345312,0.822298586903799,0.85204991087344,0.946460980036298,0.849205591110262,2556,"tags=26%, list=21%, signal=21%","SH3BP5/TBC1D2B/CXADR/SMPD3/MIR22HG/C1orf35/KLC1/DOCK3/PDE4DIP/DOK6/CDC42EP3/EMX2OS/GOLGA7B/CACNB3/COMTD1/KIF3A/KCNA3/JAKMIP1/C1orf21/NCAM1/DPYSL2/FHOD3/ATP1A3/NAPB/LPGAT1/HIVEP3/MAPK6/ATCAY/TSC1/RAB3IP/DUSP4/PLXNA3","CELLTYPE"
"DESCARTES_FETAL_PLACENTA_AFP_ALB_POSITIVE_CELLS","DESCARTES_FETAL_PLACENTA_AFP_ALB_POSITIVE_CELLS",47,-0.236366822405726,-0.78726023835349,0.855530474040632,0.946460980036298,0.849205591110262,3379,"tags=38%, list=28%, signal=28%","PGRMC1/ALDH6A1/NAT1/SCD/HSD17B11/XPNPEP2/MMAB/TMEM97/MSMO1/ARG1/BDH1/GSTZ1/GPAM/GLS2/AKR1C3/APOM/SOAT2/ACADSB","CELLTYPE"
"HE_LIM_SUN_FETAL_LUNG_C3_VENOUS_ENDOTHELIAL_CELL","HE_LIM_SUN_FETAL_LUNG_C3_VENOUS_ENDOTHELIAL_CELL",31,-0.252994778114947,-0.765520070689714,0.856223175965665,0.946460980036298,0.849205591110262,753,"tags=16%, list=6%, signal=15%","ATP2A3/ENTPD1/SRGN/CCDC69/FBLN2","CELLTYPE"
"CUI_DEVELOPING_HEART_CORONARY_VASCULAR_ENDOTHELIAL_CELL","CUI_DEVELOPING_HEART_CORONARY_VASCULAR_ENDOTHELIAL_CELL",16,0.281112790815709,0.708212217532735,0.85632183908046,0.946460980036298,0.849205591110262,2460,"tags=38%, list=21%, signal=30%","IGFBP7/ARHGAP18/CD74/UTRN/HLA-B/GIMAP4","CELLTYPE"
"HE_LIM_SUN_FETAL_LUNG_C2_PRE_PDC_DC5_CELL","HE_LIM_SUN_FETAL_LUNG_C2_PRE_PDC_DC5_CELL",460,-0.201050186778178,-0.90984994586567,0.859078590785908,0.947845030114049,0.850447420503332,2960,"tags=27%, list=25%, signal=21%","RACGAP1/TSR1/MNAT1/NOL10/SUN2/DNAJC9/ZBTB45/PAICS/CDK1/NUSAP1/ACOT7/CCNB2/STX18/PGM3/ARL6IP6/SLC1A4/GPR146/SRD5A3/ZFAT/PHGDH/RPIA/GMCL1/POLA2/CD320/UPF3B/NOP14/NCLN/SLC2A6/TXLNG/ACSL3/OXCT1/CNP/LPCAT4/PRMT5/TDP1/ORC6/GNG7/HMGB3/PDSS1/IMMP1L/CMAS/IL18R1/MSH2/PSMA2/NT5DC1/DKC1/RRS1/SAAL1/SLC20A1/MYBL2/ARHGEF3/CARHSP1/BIRC5/TRERF1/KLHDC4/SLC5A6/YRDC/CENPH/MYL6B/ADK/LTB/SEL1L3/GMNN/NDRG1/CDT1/CDC23/HSPA13/CDYL/GGH/SUSD1/URI1/CES1/UBA5/MCM7/CTSW/KCTD5/NUP160/PRPS2/PCNA/RUNX2/CHAF1A/TIFA/CBX5/LTV1/TIPIN/DDX11/RUVBL1/MRTO4/ZNF669/WDR43/UGDH/CYFIP2/DHFR/NRF1/TMIGD2/IDH3A/RCN2/DUS3L/TFDP1/SLC7A5/BCL2/RFC5/SLC38A1/MRPS10/DBR1/ZNF789/HEMK1/ITGB3BP/TMEM138/CCDC69/YEATS4/SLC27A5/FEN1/STRBP/TYMS/SLC39A6/CIB2/ICMT/LTK/PFKP/CDH23/FBLN2/RDH14/CDC14A/FAM107B/ZWINT","CELLTYPE"
"HE_LIM_SUN_FETAL_LUNG_C1_SMG_CELL","HE_LIM_SUN_FETAL_LUNG_C1_SMG_CELL",382,-0.201396653852955,-0.897974681975787,0.8656330749354,0.948988970588235,0.851473813209494,1553,"tags=14%, list=13%, signal=12%","ZNF701/ARHGDIB/CEP120/RUNX3/CDR2/PRSS21/SLC43A3/DHRS4L2/TSPAN5/ATP2A3/TAPBPL/ANXA1/GFM1/RASSF5/ZNF30/RCAN1/SAMHD1/DCUN1D1/SLC15A2/DGKA/CYTH3/SLC37A1/MGAT2/ELMO1/PIK3IP1/TNFAIP8/BCL2/TMEM71/SNX19/ZDHHC2/IGFBP4/BCDIN3D/CD40/C2CD4D/F8A1/NEIL1/PDK3/CNNM4/CASP4/EPS8L1/ISG20/TNFSF13B/RTN4IP1/PFKP/ARID5A/FBLN2/AVPI1/LRIG1/NCK2/LNX1/CRLF3/MYC","CELLTYPE"
"GAUTAM_EYE_CHOROID_SCLERA_CHOROID_ENDOTHELIAL_CELLS","GAUTAM_EYE_CHOROID_SCLERA_CHOROID_ENDOTHELIAL_CELLS",103,0.221371631752132,0.817950871112572,0.865148861646235,0.948988970588235,0.851473813209494,2403,"tags=21%, list=20%, signal=17%","PLEKHO2/RNF122/CLU/GNG5/RPS10/EIF4EBP1/PROCR/MGST3/PTPN1/CHMP4A/RPS26/SP110/TMOD3/ABHD3/KTN1/ASAP1/UBA6/BAG3/SLC25A37/U2AF1/ACTG1/PPP1R15A","CELLTYPE"
"TRAVAGLINI_LUNG_ALVEOLAR_FIBROBLAST_CELL","TRAVAGLINI_LUNG_ALVEOLAR_FIBROBLAST_CELL",68,0.229021912422862,0.796041323667499,0.866785079928952,0.948988970588235,0.851473813209494,2299,"tags=25%, list=19%, signal=20%","MYADM/DUSP1/CAMK2N1/SAT1/MACF1/MCOLN2/DUSP6/ULK4/CCBE1/SLC1A5/G0S2/PDLIM2/ZYX/CD14/SERPINB9/HIVEP3/EMP2","CELLTYPE"
"ZHONG_PFC_C1_ASTROCYTE","ZHONG_PFC_C1_ASTROCYTE",15,-0.274458974641099,-0.698288015029727,0.86764705882353,0.948988970588235,0.851473813209494,1185,"tags=47%, list=10%, signal=42%","ADD3/EIF6/MMAB/MRPL19/PGM2/ZNF302/TMEM126B","CELLTYPE"
"DURANTE_ADULT_OLFACTORY_NEUROEPITHELIUM_RESPIRATORY_HORIZONTAL_BASAL_CELLS","DURANTE_ADULT_OLFACTORY_NEUROEPITHELIUM_RESPIRATORY_HORIZONTAL_BASAL_CELLS",15,0.274425383397076,0.68619111839103,0.865019011406844,0.948988970588235,0.851473813209494,2210,"tags=27%, list=19%, signal=22%","S100A11/CD9/HSPB1/ANXA2","CELLTYPE"
"DESCARTES_FETAL_ADRENAL_ERYTHROBLASTS","DESCARTES_FETAL_ADRENAL_ERYTHROBLASTS",39,0.236179086934847,0.73565843588213,0.871323529411765,0.950989846276023,0.853269085129865,2545,"tags=23%, list=21%, signal=18%","BLVRB/SPECC1/PPME1/YPEL4/RHD/PPOX/SLC25A37/PIGQ/SLC14A1","CELLTYPE"
"ZHONG_PFC_C3_UNKNOWN_INP","ZHONG_PFC_C3_UNKNOWN_INP",23,0.256184519299861,0.711733655866247,0.872495446265938,0.950989846276023,0.853269085129865,457,"tags=9%, list=4%, signal=8%","CENPE/CDCA8","CELLTYPE"
"HE_LIM_SUN_FETAL_LUNG_C2_APOE_POS_M2_MACROPHAGE_CELL","HE_LIM_SUN_FETAL_LUNG_C2_APOE_POS_M2_MACROPHAGE_CELL",332,-0.200491861842563,-0.880505527878312,0.884318766066838,0.957754370237562,0.859338507631697,2069,"tags=19%, list=17%, signal=16%","PRADC1/PLBD2/CBFB/IER3IP1/ZFYVE21/TCEAL3/NCEH1/JKAMP/NOL9/ALKBH4/EXT2/DERL1/KIFC3/SLC35A4/SNTB2/MAGEH1/SIL1/UBA5/KCMF1/HIF1AN/TPCN2/TMEM9/ANKH/WDR55/BRF2/SCN1B/KLHDC8B/CHST10/SLC38A6/ATP13A2/RCAN1/CCDC117/ZNF669/AP5B1/SREBF1/PYROXD1/SLC44A2/ZNF654/AGAP3/RMND5B/MMD/NDST2/FLVCR2/PIP5K1C/TDP2/CPNE2/ERRFI1/ME1/CD40/TMEM138/DHX35/TSPAN15/TOR1B/DNASE1L1/ZNF134/ICMT/PFKP/CALU/TCTN1/AP1AR/C1orf54/PHACTR2","CELLTYPE"
"RUBENSTEIN_SKELETAL_MUSCLE_B_CELLS","RUBENSTEIN_SKELETAL_MUSCLE_B_CELLS",152,0.212664322851341,0.826337601076605,0.882556131260794,0.957754370237562,0.859338507631697,2466,"tags=18%, list=21%, signal=14%","HLA-DMA/HLA-DPB1/HLA-DOB/HLA-DRB1/HLA-DRA/HVCN1/EIF4A2/RPS10/HLA-DQA1/PTPRCAP/ITSN2/PTPRC/RPS26/HLA-DPA1/NOP10/CD74/OSTF1/CD37/GPR183/CYBA/CD48/MS4A1/LIMD2/RAC2/TRIM22/C1orf56/HLA-DQB1","CELLTYPE"
"CUI_DEVELOPING_HEART_TRABECULAR_VENTRICULAR_CARDIOMYOCYTE","CUI_DEVELOPING_HEART_TRABECULAR_VENTRICULAR_CARDIOMYOCYTE",65,0.225423725835266,0.778055113623607,0.884341637010676,0.957754370237562,0.859338507631697,924,"tags=9%, list=8%, signal=9%","IER2/SKIL/REEP6/GALE/SQLE/ARRDC3","CELLTYPE"
"DESCARTES_FETAL_SPLEEN_ERYTHROBLASTS","DESCARTES_FETAL_SPLEEN_ERYTHROBLASTS",20,-0.260451398938823,-0.713832482996523,0.884782608695652,0.957754370237562,0.859338507631697,1773,"tags=20%, list=15%, signal=17%","SLC38A5/LONRF3/ANK1/SLC25A15","CELLTYPE"
"TRAVAGLINI_LUNG_MESOTHELIAL_CELL","TRAVAGLINI_LUNG_MESOTHELIAL_CELL",451,-0.197585149851461,-0.894740264300426,0.89247311827957,0.957850195087102,0.8594244858175,2540,"tags=23%, list=21%, signal=18%","GGCT/STMN1/SPTSSA/IFI16/UAP1/TRAPPC6A/TPBG/RPSA/ACSL4/TP53I3/RPS6/METAP2/HK2/TIMM17A/ENO1/GCHFR/TXN/NDUFA1/PSMA2/SLC20A1/RPL4/FKBP1A/MRPL23/KRT10/CCNG1/ARF6/MYL6B/GMPPA/EMB/SIPA1L2/ELOVL5/TMED3/TMEM70/RPL10/RPL36A/PAIP1/HPCAL1/TRAPPC2L/STAT1/UBE2D1/C1orf162/RPS14/AKR1A1/BACH1/HS2ST1/RRP1/PLSCR1/BTF3L4/RPL17/B2M/EEF1G/PGM2/IL6ST/TMEM91/SEC61G/RPLP0/RPL10A/CYB5A/MRTO4/FLNB/LRRC59/CLTC/SRP19/ISOC2/UGDH/LETM1/ENY2/AQP3/SNRPF/SNRPG/MMD/CRLS1/ZMAT3/ERGIC3/PPA1/EPHB6/NCL/DYNLT1/EIF3M/GCSH/DECR1/GMFB/ERRFI1/IGFBP4/SYNCRIP/B4GALT1/LSM5/RPL7/SERP1/GTF3C6/STAP2/SNRPE/TOMM22/OSTC/CASP4/TNFSF13B/CD55/PPA2/GFPT2/ABCA1/TCTN1/CD47","CELLTYPE"
"RUBENSTEIN_SKELETAL_MUSCLE_MYELOID_CELLS","RUBENSTEIN_SKELETAL_MUSCLE_MYELOID_CELLS",307,-0.19990543361086,-0.873636196982822,0.891139240506329,0.957850195087102,0.8594244858175,1788,"tags=16%, list=15%, signal=14%","CDC42SE1/RPL15/ARPC3/CTSB/UBE2D1/COX7A2/SPG21/EIF3L/ARHGDIB/C1orf162/REEP5/RPS14/GSTP1/SSR3/EIF3F/PLSCR1/HERPUD1/RPL17/CD53/SUB1/DUSP2/SAMHD1/CD44/CREG1/EIF3E/ENY2/LST1/FCGRT/RPL6/FTH1/TMEM167A/DYNLT1/CEBPB/SRGN/PGK1/CKLF/BLOC1S2/RPL7/SERP1/ID2/IL10RA/YBX1/CASP4/SLC31A2/TNFSF13B/CMTM6/CD55/SMAP2/PDCL3","CELLTYPE"
"MANNO_MIDBRAIN_NEUROTYPES_HDA2","MANNO_MIDBRAIN_NEUROTYPES_HDA2",165,0.210567018960743,0.822417698245681,0.888888888888889,0.957850195087102,0.8594244858175,2468,"tags=22%, list=21%, signal=18%","SH3BP5/TUBB2A/OPTN/ENO2/C12orf76/MYCBP2/CXADR/CAMK2N1/SCN8A/SMPD3/BLCAP/RUFY3/HERC2P2/C1orf35/KLC1/DOCK3/CMIP/DOK6/GPRIN3/GNPTAB/FGF9/IKZF4/TRIM46/JAKMIP1/NCAM1/FHOD3/FADS3/KIFAP3/ATP1B1/ATP1A3/NAPB/REV3L/RUSC1/ATCAY/GOLGA3/RAB3B/DUSP4","CELLTYPE"
"FAN_EMBRYONIC_CTX_BIG_GROUPS_GLIAL","FAN_EMBRYONIC_CTX_BIG_GROUPS_GLIAL",77,0.222096648967218,0.789399140269313,0.891843971631206,0.957850195087102,0.8594244858175,1003,"tags=12%, list=8%, signal=11%","DCXR/LIMA1/CLU/CD9/VIM/MYO6/HOPX/ITM2C/RHOC","CELLTYPE"
"DESCARTES_MAIN_FETAL_SATB2_LRRC7_POSITIVE_CELLS","DESCARTES_MAIN_FETAL_SATB2_LRRC7_POSITIVE_CELLS",31,0.241612901999199,0.71153752939925,0.889925373134328,0.957850195087102,0.8594244858175,2984,"tags=29%, list=25%, signal=22%","DHPS/ZNF746/PI4KAP2/CCDC77/GOLGA7B/RPL23AP82/TRAPPC5/PHC1/THNSL1","CELLTYPE"
"MANNO_MIDBRAIN_NEUROTYPES_HOMTN","MANNO_MIDBRAIN_NEUROTYPES_HOMTN",132,0.215280851319702,0.817900477752454,0.895017793594306,0.958947635993899,0.860409157107308,2830,"tags=26%, list=24%, signal=20%","TUBB2A/ENO2/MT1F/CXADR/SCN8A/SMPD3/N4BP3/TMX4/C1orf35/KLC1/RHOU/C17orf75/DOK6/MAP4/ATP11C/FGF9/RUFY2/CACNB3/KIF3A/TRPV2/FADS3/KIFAP3/ATP1A3/NAPB/MAPK6/RUSC1/ATCAY/KIF21A/LCOR/PLXNA3/FAM131B/SNX1/CASZ1/MYO5A","CELLTYPE"
"HE_LIM_SUN_FETAL_LUNG_C1_EARLY_STALK_CELL","HE_LIM_SUN_FETAL_LUNG_C1_EARLY_STALK_CELL",323,-0.199078526349472,-0.873045948914214,0.898172323759791,0.960693656992646,0.861975762414454,2978,"tags=28%, list=25%, signal=22%","GYPC/RACGAP1/CDC45/TAF5/MEX3D/RTTN/CDK1/NUSAP1/ACOT7/CCNF/CCNB2/SRSF12/SPAG5/FADS2/ZNF442/BRCA1/PRKAR2B/POLA2/PARVB/PLCL2/NUDT11/PRKCA/INSIG1/GRK6/JAM3/TDP1/TCF7/ALYREF/ORC6/BAG2/PCYT2/NUF2/RRS1/GCH1/SLC39A14/MYBL2/SUV39H1/DSN1/PRADC1/HRH2/BIRC5/SLC5A6/CENPH/DEPDC1B/FAM83D/BORA/AEN/PDE7A/ACAP3/EFNB1/CDT1/CDCA5/TRIP13/SSX2IP/TTLL5/PRR11/ALDH1B1/NUP205/RFWD3/DSCC1/KCMF1/CENPO/RAB11FIP4/TSPAN5/LRRC20/RND1/CHAF1A/TIPIN/DDX11/FGFR1/FANCB/SREBF1/RNF144A/HIC2/CYTH3/DHFR/TNFAIP3/TRAIP/GNPNAT1/RFC5/MTHFD2/RRM2/FEN1/PLK4/RAD54B/RTKN2/SYNJ2/FBXO5/FSD1/MXD3/E2F5/EXOSC6","CELLTYPE"
"TRAVAGLINI_LUNG_CLUB_CELL","TRAVAGLINI_LUNG_CLUB_CELL",80,0.219614307508895,0.781877898511504,0.901960784313726,0.963110667996012,0.864144408878627,782,"tags=6%, list=7%, signal=6%","MRPS25/AHR/ZFP36L1/VIM/HOPX","CELLTYPE"
"ZHONG_PFC_C4_PTGDS_POS_OPC","ZHONG_PFC_C4_PTGDS_POS_OPC",88,-0.21331212237045,-0.786345596364525,0.909952606635071,0.968361726655566,0.868855885069405,2043,"tags=19%, list=17%, signal=16%","RICTOR/MTPAP/ANKRD44/NFE2L2/PLEKHA1/TMEM59/TMTC4/PLEKHB1/LIN7C/RNF216/RNF144A/SEMA4D/REEP3/SERINC5/PPP1R16B/FYN/BCAS1","CELLTYPE"
"BUSSLINGER_DUODENAL_BCHE_CELLS","BUSSLINGER_DUODENAL_BCHE_CELLS",24,-0.246288328979954,-0.705640724847279,0.909871244635193,0.968361726655566,0.868855885069405,2514,"tags=29%, list=21%, signal=23%","LPCAT4/FKBP1A/GMNN/GSTP1/AKR1C3/FAM13A/GSN","CELLTYPE"
"FAN_OVARY_CL10_PUTATIVE_EARLY_ATRESIA_GRANULOSA_CELL","FAN_OVARY_CL10_PUTATIVE_EARLY_ATRESIA_GRANULOSA_CELL",219,-0.201984279037869,-0.851499786263428,0.915094339622642,0.972191288300614,0.872291932861203,2783,"tags=24%, list=23%, signal=19%","DBI/TPI1/TMEM97/POMP/NDUFB8/HSBP1/MDH1/PSMC3/STMN1/ERH/HNRNPA1/PSMB3/NDUFA1/TCEA3/CWC15/NDUFC2/RAN/MORF4L1/NDFIP1/RPL3/HMGN2/SRP9/RANBP1/LDHB/SOX4/RPL36A/CALM2/ARPC3/COX7A2/EIF3L/NDUFA4/AURKAIP1/RPS14/GSTP1/BTF3L4/EEF1G/PSMB7/HMGB1/SMS/NDUFS4/LSM3/SNRPF/SNRPG/DYNLT1/SUMO2/PARK7/MRPL16/LSM5/SNRPE/PSMA3/EAPP/PSMB5/TSPAN6","CELLTYPE"
"HE_LIM_SUN_FETAL_LUNG_C0_MESENCHYMAL_2_CELL","HE_LIM_SUN_FETAL_LUNG_C0_MESENCHYMAL_2_CELL",144,0.206956550551315,0.796322970068776,0.917975567190227,0.972294883484552,0.872384882925989,2520,"tags=19%, list=21%, signal=16%","CKAP2/SH3BP5/SLC2A13/CENPE/KIF22/MKI67/CDCA8/PTTG1/PIM1/MID1IP1/ATAD5/ASPM/GPSM3/LMNB1/CENPM/ARHGAP11A/OAF/SYK/CENPN/NCAM1/KIF18A/KPNA2/PKMYT1/PRC1/EZH2/UBE2T/POC1A/RGS10","CELLTYPE"
"DESCARTES_FETAL_LUNG_SQUAMOUS_EPITHELIAL_CELLS","DESCARTES_FETAL_LUNG_SQUAMOUS_EPITHELIAL_CELLS",61,-0.212374136284763,-0.74915991306691,0.919821826280624,0.972294883484552,0.872384882925989,983,"tags=25%, list=8%, signal=23%","GLTP/PI4K2A/HEBP2/ZNF554/FUT2/RNF141/B3GNT8/NR1D1/THAP1/PRSS22/FTH1/ZNF555/PERP/KLHL21/AVPI1","CELLTYPE"
"DESCARTES_FETAL_EYE_STROMAL_CELLS","DESCARTES_FETAL_EYE_STROMAL_CELLS",17,0.258192290099209,0.659169763802892,0.91907514450867,0.972294883484552,0.872384882925989,1417,"tags=18%, list=12%, signal=16%","PCOLCE/ADAMTS4/EMX2OS","CELLTYPE"
"ZHONG_PFC_MAJOR_TYPES_NPCS","ZHONG_PFC_MAJOR_TYPES_NPCS",98,0.210236921152891,0.772724219843823,0.927046263345196,0.975431028114705,0.875198767080361,817,"tags=9%, list=7%, signal=9%","CKAP2/KIF22/MKI67/CLIC1/NOTCH1/PTTG1/VIM/GNG5/TAGLN2","CELLTYPE"
"HE_LIM_SUN_FETAL_LUNG_C3_DEFINITIVE_RETICULOCYTE","HE_LIM_SUN_FETAL_LUNG_C3_DEFINITIVE_RETICULOCYTE",60,0.212759272208336,0.725292718303024,0.927433628318584,0.975431028114705,0.875198767080361,2566,"tags=20%, list=22%, signal=16%","TSPAN32/TESC/SPECC1/PPME1/YPEL4/SLC1A5/RHD/FBXO30/TRIM58/CPEB4/SLC14A1/TCP11L2","CELLTYPE"
"BUSSLINGER_GASTRIC_G_CELLS","BUSSLINGER_GASTRIC_G_CELLS",41,0.219232895168556,0.689829368098046,0.926739926739927,0.975431028114705,0.875198767080361,3065,"tags=29%, list=26%, signal=22%","CAMK2N1/BPTF/EGR1/CMIP/MAST4/PCSK1N/ABCA5/GNAI2/RAB3B/MAP1B/MAN1A1/ACVR1C","CELLTYPE"
"DESCARTES_MAIN_FETAL_ENDOCARDIAL_CELLS","DESCARTES_MAIN_FETAL_ENDOCARDIAL_CELLS",30,0.229649624962504,0.670763355105256,0.932330827067669,0.977318504247307,0.876892292031418,2517,"tags=27%, list=21%, signal=21%","SMAD7/HEG1/PROCR/NPDC1/LTC4S/ZBTB8A/F2RL2/NT5E","CELLTYPE"
"HE_LIM_SUN_FETAL_LUNG_C2_S100A12_HI_CLASSICAL_MONOCYTE","HE_LIM_SUN_FETAL_LUNG_C2_S100A12_HI_CLASSICAL_MONOCYTE",15,0.242353917220639,0.605997533629935,0.931558935361217,0.977318504247307,0.876892292031418,1850,"tags=20%, list=16%, signal=17%","SLC11A1/G0S2/MEGF9","CELLTYPE"
"HAY_BONE_MARROW_PRO_B","HAY_BONE_MARROW_PRO_B",225,-0.19866654913993,-0.840756557516859,0.941860465116279,0.977908060369824,0.87742126719899,2960,"tags=29%, list=25%, signal=22%","RACGAP1/RBBP8/EIF4G2/PAIP2/YWHAQ/NUSAP1/ACOT7/CCNF/HNRNPR/CEP70/PPP1CC/PHGDH/USP1/TCF19/MDH1/RBBP7/STMN1/CDKN2C/IKZF2/CCND3/DCK/HNRNPA1/HMGB3/NUF2/CCNI/IMMP1L/DERA/EWSR1/DCLRE1C/CARHSP1/BIRC5/HMGN2/SRP9/TERF1/MYL6B/RBMX/CDCA5/UBE2E3/CMTM8/GGH/NDUFA4/PRR11/DEK/SKA2/MED30/TTC7A/ATP2A3/HMGB1/TIFA/CBX5/ACP1/TRAIP/NUDT21/SUMO2/SMARCE1/ARHGAP33/GLO1/ITGB3BP/TFDP2/STRBP/TYMS/RTKN2/FBXO5/MXD3/ZWINT/CD47","CELLTYPE"
"DESCARTES_MAIN_FETAL_CORNEAL_AND_CONJUNCTIVAL_EPITHELIAL_CELLS","DESCARTES_MAIN_FETAL_CORNEAL_AND_CONJUNCTIVAL_EPITHELIAL_CELLS",142,-0.202868073550805,-0.803667578629463,0.939675174013921,0.977908060369824,0.87742126719899,2831,"tags=27%, list=24%, signal=21%","COIL/IRF5/CCDC28A/SRD5A3/SUPT7L/PUSL1/MESP1/TM9SF2/CMPK1/MNT/FUT2/PRRT3/SPATA2/RNPEPL1/IER3IP1/NOL6/TMEM11/TMEM127/PP2D1/NIF3L1/DNAJC19/ZNF689/NANP/DCTN6/MIER2/MRPL13/LTV1/SLC16A13/SLC15A2/PRSS22/ATP6V1G1/SEH1L/DUSP5/ZIK1/CYP2R1/EXOC8/LIPT2/TSPAN6","CELLTYPE"
"LAKE_ADULT_KIDNEY_C11_THIN_ASCENDING_LIMB","LAKE_ADULT_KIDNEY_C11_THIN_ASCENDING_LIMB",103,0.206536845831901,0.763137497013184,0.942206654991243,0.977908060369824,0.87742126719899,1377,"tags=15%, list=12%, signal=13%","NIPBL/AHI1/ZMYND8/SAT1/RUFY3/SLC4A7/SDCCAG8/COL18A1/FCHO2/SVIL/UBE2H/MAST4/S100A6/TRPS1/MSI2","CELLTYPE"
"BUSSLINGER_ESOPHAGEAL_EARLY_SUPRABASAL_CELLS","BUSSLINGER_ESOPHAGEAL_EARLY_SUPRABASAL_CELLS",69,-0.208963924689303,-0.743806797482972,0.937354988399072,0.977908060369824,0.87742126719899,2963,"tags=33%, list=25%, signal=25%","NPM1/HNRNPC/EEF1A1/CDK1/RPL5/HNRNPR/STMN1/HNRNPA1/RPS6/ENO1/RPL4/RAN/CALM2/RPL15/DEK/B2M/PCNA/HMGB1/RPL10A/NCL/SYNCRIP/RRM2/YBX1","CELLTYPE"
"LAKE_ADULT_KIDNEY_C16_COLLECTING_SYSTEM_PRINCIPAL_CELLS_CORTEX","LAKE_ADULT_KIDNEY_C16_COLLECTING_SYSTEM_PRINCIPAL_CELLS_CORTEX",70,0.208427437931876,0.726990166938743,0.939823008849557,0.977908060369824,0.87742126719899,3137,"tags=33%, list=26%, signal=24%","SMARCA2/AHI1/BCAS3/ERC1/SPAG16/RALBP1/TRPS1/AKT3/FNDC3B/FER/FHOD3/BTBD9/REV3L/NLK/ROCK2/TANC2/WSB1/EPB41L4A/MTR/PTBP3/MAN1A1/MAGI3/NR3C2","CELLTYPE"
"HE_LIM_SUN_FETAL_LUNG_C3_DEFINITIVE_ERYTHROBLAST","HE_LIM_SUN_FETAL_LUNG_C3_DEFINITIVE_ERYTHROBLAST",16,-0.233964382131895,-0.604874924877981,0.9375,0.977908060369824,0.87742126719899,3214,"tags=38%, list=27%, signal=27%","TFRC/TRAK2/ERMAP/ANK1/ATG4D/SLC7A5","CELLTYPE"
"HE_LIM_SUN_FETAL_LUNG_C3_CYCLING_DEFINITIVE_ERYTHROBLAST","HE_LIM_SUN_FETAL_LUNG_C3_CYCLING_DEFINITIVE_ERYTHROBLAST",305,-0.194319687789728,-0.847826121017806,0.952380952380952,0.98290009642063,0.881900337139312,1955,"tags=16%, list=16%, signal=14%","CENPH/DEPDC1B/FAM83D/NCEH1/PPIF/AEN/CHST2/SLC38A5/ANK1/GMNN/CDT1/CDCA5/TRIP13/SSX2IP/SKA2/DSCC1/DDI2/NAA50/SLC43A3/PRPS2/CENPV/PCNA/ACSS1/MLH1/CHAF1A/CD44/PRMT3/HIC2/ATG4D/EEF1E1/AQP3/DHFR/HBB/TFDP1/SLC7A5/RFC5/MTHFD2/RRM2/YEATS4/FEN1/PLK4/TYMS/ISG20/FBXO5/MXD3/TTPAL/SMAP2/IKZF1/ZWINT/MYC","CELLTYPE"
"GAUTAM_EYE_CORNEA_MELANOCYTES","GAUTAM_EYE_CORNEA_MELANOCYTES",213,-0.193734617928493,-0.814083730018987,0.967517401392111,0.98290009642063,0.881900337139312,1962,"tags=17%, list=16%, signal=15%","HOXB7/TMEM87A/TMBIM6/SNRPA1/ELOVL5/RPL10/ARL6IP5/CTSA/HADHA/KIFC3/UBXN2A/ZNF24/UBE2D1/PGRMC2/SRM/NUDT2/RPS14/EIF3F/XRCC6/RASSF3/RPL17/CNN3/JAGN1/TMED10/CCT2/TP53RK/SND1/PRDX4/IMPDH2/GMFB/CIRBP/C1orf43/EIF5/CMTM6/PARVA/RSL1D1/RBM3","CELLTYPE"
"DESCARTES_MAIN_FETAL_PDE1C_ACSM3_POSITIVE_CELLS","DESCARTES_MAIN_FETAL_PDE1C_ACSM3_POSITIVE_CELLS",187,-0.196978371100669,-0.812176057758621,0.959905660377358,0.98290009642063,0.881900337139312,2843,"tags=25%, list=24%, signal=19%","CYP2E1/WARS2/SLC24A1/PEX7/SRA1/GUSBP3/CPSF7/MAP2K6/TRAPPC2/PSMC6/ZNF480/RAB40B/TMEM213/ORC5/KANSL2/COMMD5/WDR11/TNPO3/MTMR12/TERF1/SOX4/ZNF484/ZNF578/ZNF441/FAM53B/WDR25/MED30/GSPT2/UBA2/LRRC57/TADA1/MDS2/AP5B1/MPZL3/CCNT2/ZNF329/SERINC5/ZNF622/DBR1/ACSM3/MAPKAPK5/ARSK/FOXP1/GMEB2/DIS3/DPM1/ZNF350","CELLTYPE"
"ZHONG_PFC_C1_MICROGLIA","ZHONG_PFC_C1_MICROGLIA",214,-0.19229460865456,-0.809045324628504,0.96969696969697,0.98290009642063,0.881900337139312,2168,"tags=30%, list=18%, signal=25%","ILF2/PAICS/CDK1/NUSAP1/CCNF/CCNB2/SPAG5/POLE3/TCF19/RBBP7/GGCT/CACYBP/TRAF3IP2/ORC6/NUF2/FUNDC1/TBCD/AK2/MICU1/RAN/DUSP11/DSN1/ZNF595/BIRC5/HMGN2/CENPH/IL10RB/ICAM3/FAM83D/CDC123/RANBP1/GMNN/MRPS22/CDCA5/SS18L2/TRAPPC2L/GART/ANAPC5/IPO5/DEK/RNF168/MCM7/RRP1/GTF2B/ABCE1/NFATC2IP/RCC1/PCNA/SLC35F5/HMGB1/MRPL42/UCHL3/TPRKB/WDFY1/DHFR/MGAT2/NUDT21/MRPS12/ITGB3BP/RRM2/FEN1/GLUD1/PLK4/ZWINT","CELLTYPE"
"GAUTAM_EYE_IRIS_CILIARY_BODY_SMOOTH_MUSCLE_CELLS","GAUTAM_EYE_IRIS_CILIARY_BODY_SMOOTH_MUSCLE_CELLS",185,0.197818387686652,0.784086745206372,0.96551724137931,0.98290009642063,0.881900337139312,1854,"tags=16%, list=16%, signal=13%","CAMK2G/PPP2CB/VASP/ARPC5L/GBA2/AKAP9/PIM1/FGFR2/PCM1/ATF7/KLHDC10/BTBD7/PSMA7/MRPL41/COL18A1/EP400/EZH1/DOK6/ERGIC2/RNASEH2C/TRIM69/HSPA6/SLC1A5/KIF5B/NFE2L1/TLN1/CCDC85B/MRPL55/TIMM13","CELLTYPE"
"SU_HO_CONV_CENT_CHONDROSARCOMA_C7_PROLIFERATIVE","SU_HO_CONV_CENT_CHONDROSARCOMA_C7_PROLIFERATIVE",176,0.199619359831212,0.783958699812654,0.971978984238179,0.98290009642063,0.881900337139312,2880,"tags=26%, list=24%, signal=20%","CKAP2/KIF20B/SNRPA/CENPE/KIF22/MKI67/CDCA8/PTTG1/TPR/SAC3D1/DYNLL1/SDR39U1/ARL2/ASPM/ISYNA1/TMEM160/PSMB4/SRSF2/LAMTOR2/PHF19/ARHGAP11A/ANP32E/BCL2L12/NDUFB2/SSBP2/CENPN/BAX/KPNA2/PKMYT1/PRC1/NDUFS8/BUB3/UBE2T/HNRNPAB/SMTN/ARL6IP1/BARD1/CCDC34/TMPO/CKS1B/TACC3/PIN1/KRTCAP2/ADRB2/EBP","CELLTYPE"
"HE_LIM_SUN_FETAL_LUNG_C1_PROXIMAL_SECRETORY_3_CELL","HE_LIM_SUN_FETAL_LUNG_C1_PROXIMAL_SECRETORY_3_CELL",100,-0.204917491359317,-0.775497839457759,0.94954128440367,0.98290009642063,0.881900337139312,1321,"tags=14%, list=11%, signal=13%","ARHGAP32/TSPAN5/ANXA1/SAMHD1/SREBF1/SLC15A2/DGKA/MPZL3/TNFAIP8/IGFBP4/ISG20/TRMT2B/PFKP/FBLN2","CELLTYPE"
"MANNO_MIDBRAIN_NEUROTYPES_HNBM","MANNO_MIDBRAIN_NEUROTYPES_HNBM",104,0.199037427525397,0.734896785820562,0.963350785340314,0.98290009642063,0.881900337139312,3147,"tags=26%, list=26%, signal=19%","CXADR/SCN8A/SMPD3/PHLDA1/RUFY3/C1orf35/KLC1/RHOU/SEC31B/PDE4DIP/CDC42EP3/CCBE1/FGF9/NCAM1/ATP1A3/NAPB/MAPK6/ATCAY/LCOR/PLXNA3/SSBP3/POLB/MAP1B/DNAJB5/TUBB4A/RAP1GAP2/RALGDS","CELLTYPE"
"HE_LIM_SUN_FETAL_LUNG_C1_EARLY_TIP_CELL","HE_LIM_SUN_FETAL_LUNG_C1_EARLY_TIP_CELL",74,-0.201083745084751,-0.7270162673761,0.961797752808989,0.98290009642063,0.881900337139312,2978,"tags=31%, list=25%, signal=23%","GYPC/CDC45/CDK1/NUSAP1/ACOT7/CCNB2/FADS2/NUDT11/PRKCA/ORC6/NUF2/MYBL2/BIRC5/CENPH/DEPDC1B/FAM83D/CDCA5/TRIP13/DSCC1/CHAF1A/TRAIP/FBXO5/ZWINT","CELLTYPE"
"LAKE_ADULT_KIDNEY_C15_CONNECTING_TUBULE","LAKE_ADULT_KIDNEY_C15_CONNECTING_TUBULE",90,0.198299608226362,0.722516590685938,0.968586387434555,0.98290009642063,0.881900337139312,2649,"tags=19%, list=22%, signal=15%","TCF12/AHI1/DYNC2H1/BCAS3/SCAPER/KANSL1L/SETBP1/FNDC3B/FER/FHOD3/ATP1B1/BTBD9/DLG1/NLK/TANC2/LCOR/WSB1","CELLTYPE"
"TRAVAGLINI_LUNG_ARTERY_CELL","TRAVAGLINI_LUNG_ARTERY_CELL",71,0.203411024276557,0.707365932747911,0.966192170818505,0.98290009642063,0.881900337139312,1542,"tags=14%, list=13%, signal=12%","EXOC6/LIMA1/HS6ST1/PLCG2/PALLD/PDCD4/PROCR/CTNNAL1/CDC42EP3/NPDC1","CELLTYPE"
"CUI_DEVELOPING_HEART_C1_5TH_WEEK_CARDIAC_CELLS","CUI_DEVELOPING_HEART_C1_5TH_WEEK_CARDIAC_CELLS",41,-0.211799284244733,-0.687208457841026,0.953947368421053,0.98290009642063,0.881900337139312,2720,"tags=27%, list=23%, signal=21%","MSMO1/KRT18/MDH1/NEURL2/BEX2/GMNN/BZW2/CES1/RCAN1/PARD6B/EIF3M","CELLTYPE"
"GAO_STOMACH_24W_C1_PROCRPOS_MULTIPOTENT_PROGENITOR","GAO_STOMACH_24W_C1_PROCRPOS_MULTIPOTENT_PROGENITOR",32,-0.216369657718231,-0.659091528007541,0.965665236051502,0.98290009642063,0.881900337139312,1439,"tags=16%, list=12%, signal=14%","PPIH/ANKRD37/LRRC57/PWWP2B/PLK4","CELLTYPE"
"DESCARTES_FETAL_ADRENAL_CSH1_CSH2_POSITIVE_CELLS","DESCARTES_FETAL_ADRENAL_CSH1_CSH2_POSITIVE_CELLS",46,0.200526393836808,0.650395388133317,0.965579710144927,0.98290009642063,0.881900337139312,2714,"tags=24%, list=23%, signal=19%","MAFF/ATF3/ADRB1/HOPX/SPINT1/NDOR1/RASA1/EXPH5/CHODL/MYL5/SPIRE2","CELLTYPE"
"HE_LIM_SUN_FETAL_LUNG_C0_MYOFIBROBLAST_2_CELL","HE_LIM_SUN_FETAL_LUNG_C0_MYOFIBROBLAST_2_CELL",33,0.197650588989775,0.590888304461958,0.970588235294118,0.98290009642063,0.881900337139312,3016,"tags=27%, list=25%, signal=20%","TPST2/SLC26A2/MCTP2/PCSK1N/FAM118A/MT1E/STK17A/PLEKHG1/ATP6V0E2","CELLTYPE"
"DESCARTES_FETAL_ADRENAL_VASCULAR_ENDOTHELIAL_CELLS","DESCARTES_FETAL_ADRENAL_VASCULAR_ENDOTHELIAL_CELLS",17,0.231048613389198,0.589871447579719,0.969171483622351,0.98290009642063,0.881900337139312,3619,"tags=53%, list=30%, signal=37%","LRRC70/EFNA1/ESM1/ROPN1L/ENG/NOTCH4/FCGR2B/HYAL2/CHRM3","CELLTYPE"
"DURANTE_ADULT_OLFACTORY_NEUROEPITHELIUM_OLFACTORY_MICROVILLAR_CELLS","DURANTE_ADULT_OLFACTORY_NEUROEPITHELIUM_OLFACTORY_MICROVILLAR_CELLS",18,-0.210625483198339,-0.566957375265025,0.974842767295597,0.98421625544267,0.883081251750567,2683,"tags=28%, list=23%, signal=22%","KRT18/TPD52/ENC1/AVIL/SMS","CELLTYPE"
"DESCARTES_MAIN_FETAL_PHOTORECEPTOR_CELLS","DESCARTES_MAIN_FETAL_PHOTORECEPTOR_CELLS",22,0.213775416207951,0.588570422277451,0.977777777777778,0.9856,0.884322807017544,1314,"tags=14%, list=11%, signal=12%","PLCH2/EPB41L2/TMEM244","CELLTYPE"
"DESCARTES_MAIN_FETAL_TROPHOBLAST_GIANT_CELLS","DESCARTES_MAIN_FETAL_TROPHOBLAST_GIANT_CELLS",56,-0.185108214528631,-0.637461312599235,0.981351981351981,0.987622601041131,0.886137571861466,612,"tags=39%, list=5%, signal=37%","MAN1A2/STK3/GDPD5/MFSD12/HSD17B1/SLC16A4/RYBP/MC1R/DAB2/LNPEP/FNDC3A/PLCL2/FURIN/ZNF554/ZNF117/SLC5A6/DEPDC1B/ELK1/CEBPB/SLC38A1/C16orf74/CLIP4","CELLTYPE"
"SU_HO_CONV_CENT_CHONDROSARCOMA_C5_CHON2","SU_HO_CONV_CENT_CHONDROSARCOMA_C5_CHON2",207,-0.190941209395036,-0.798199991177647,0.985882352941176,0.987774793048627,0.886274125091249,1324,"tags=11%, list=11%, signal=10%","EID1/XRCC6/SEC11C/NDUFB9/PSMD14/SEC61G/SAP18/SEC61A1/MRPL49/TMX2/SNRPB2/MRPS12/HNRNPUL1/SLC38A1/GRPEL1/PGK1/SERP1/PSMA3/SEPHS2/EIF5/POLR2C/IMP3/PARL","CELLTYPE"
"MURARO_PANCREAS_ALPHA_CELL","MURARO_PANCREAS_ALPHA_CELL",300,0.189113375897606,0.788258905721332,0.985342019543974,0.987774793048627,0.886274125091249,3278,"tags=27%, list=28%, signal=20%","PLP2/CAMK2G/PTP4A3/CYSTM1/GRAMD4/TMEM80/SMARCA2/KCNQ1OT1/MALAT1/AHI1/CLU/OGT/PCBD1/TMX4/VKORC1/PALLD/DAPK2/CMIP/MAGED2/LUC7L3/QSOX2/HIPK2/NDUFAF3/ST8SIA1/PRAF2/MAMLD1/PYROXD2/CDC42EP3/MYL6/QDPR/STX11/GADD45G/NPDC1/CST3/SESN3/PCSK1N/ABI2/NDUFB2/DYNLRB1/GGA2/SSBP2/TMEM147/GNAS/GRSF1/TMEM205/CITED2/RAB3B/C1orf122/CUTA/CD99L2/COX17/GFOD2/GNE/PLK2/CERCAM/P4HTM/CD82/SERF2/GPR137B/SEC14L1/DNAJA4/TMEM17/KLHL3/IFI27L2/SH3KBP1/TUBA1B/FBXW7/BACE1/MAN1A1/ACVR1C/CPNE3/CRELD1/RAP1GAP2/SLC37A4/PTPRN2/FBXL16/SDF2L1/DZIP3/MBD4/CALCOCO2/CD46","CELLTYPE"
"HE_LIM_SUN_FETAL_LUNG_C1_GHRL_POS_NE_PRECURSOR_CELL","HE_LIM_SUN_FETAL_LUNG_C1_GHRL_POS_NE_PRECURSOR_CELL",179,0.195393954371874,0.771518819292349,0.986206896551724,0.987774793048627,0.886274125091249,2481,"tags=23%, list=21%, signal=19%","OPTN/SYT11/GPR160/ENO2/NUMBL/TPST2/CLIP3/CDHR3/MAPKBP1/AMPH/PLCXD2/LRFN4/RHOU/PPP2R5B/QSOX2/ZNF646/MAMLD1/STX1A/GIT1/LCMT2/SPECC1/GPRIN3/NACAD/FBXO44/EXTL3/AKT3/NPDC1/HES6/GLYCTK/MICAL3/MEGF9/ABCA5/NCAM1/KLC2/IQSEC1/ABCA2/CCDC28B/RIC3/RAB3B/DUSP4/PPIP5K1/JRK","CELLTYPE"
"JONES_OVARY_THECA","JONES_OVARY_THECA",20,-0.183812090205845,-0.503783205968647,0.995652173913044,0.995652173913044,0.893342050779122,2065,"tags=30%, list=17%, signal=25%","SCARB1/MSMO1/ENC1/CHST2/S100A13/PRPS2","CELLTYPE"
