"ID","Description","setSize","enrichmentScore","NES","pvalue","p.adjust","qvalue","rank","core_enrichment","Collection"
"HAY_BONE_MARROW_NAIVE_T_CELL","HAY_BONE_MARROW_NAIVE_T_CELL",397,-0.534549129634041,-2.51132238774432,4.94512070397388e-28,3.24894430251084e-25,2.46735496177223e-25,2607,"GPR82/RPS17/KRT73-AS1/STMN3/RPS15A/TSPYL2/ARID5B/ANKRD44/TRAC/RPS29/RPS27A/RPL24/ADD3/PIM2/MTERF4/CCDC57/EPHA1-AS1/SVIP/CDC42SE2/FAM107B/TRBC1/SUPT3H/ETS1/RPL7/RPL34/SLFN5/NIPAL3/RPL35A/IL2RA/CDKN1B/NEFL/DHCR7-DT/RIC3/COMMD6/PARP11-AS1/SHISAL2A/CHMP7/TMEM123/OCIAD2/TCEA3/RCAN3/RPSA/RPL39/SSR2/RPL10A/SERINC5/EEF1D/TC2N/RESF1/ATM/VSIG1/ITK/FLT3LG/CFAP36/U2AF1L4/TRABD2A/BTG2/UBASH3A/INPP4B/EEF1B2/SFXN1/EIF4B/LINC01089/RPS3A/ANKRD44-AS1/ANK3/TCF7/ANAPC16/BEX5/RPS12/NBEAL1/SUSD3/NELL2/FOXP1/CAMK4/CHRM3-AS2/RPL9/SNHG8/TRADD/FBLN7/CYTH1/RPS16/FAU/WNT7A/RPL36/RHOH/RPS25/RPL5/RPS8/RPL22/SFMBT1/RPS20/TRAF3IP3/RPS19/RPL32/FAM241B/RPL11/RPS4X/MHENCR/PRKCH-AS1/LACTB2-AS1/OXNAD1/HAPLN3/EIF3E/RPL27A/SNRPD2/PRMT2/TSTD1/RPL12/IL4R/APBB1/ISG20/RPL6/RPS21/PLK3/LEF1/RPL35/RPS18/TESPA1/USP10/RPS6/BIN1/RPS5/APBA2/IL23A/TTC39C/MAML2/ZFP36L2/TRAF1/RPL13/TOMM7/TTC39C-AS1/GSTK1/RPS13/RPS3/MAL/RPS15/SNHG32/RPS7/LINC01550/RPS28/RPL18/RPS14/RPL19/RPL3/ADTRP/CCR7/CD27/LDLRAP1/CORO1B/LINC00861/NOSIP/RPL29/RPLP2/RPL13A/THEM4/RPL41/GCNT4/LRRN3/PIK3IP1/RPL4/LINC02361/ANXA2R/EEF1A1/DGKA/PASK/RNF157/MDS2/RPS2/RPL10/LINC00402/MCUB/LDHB/EPHX2/ZNF101","CELLTYPE"
"TRAVAGLINI_LUNG_CD4_NAIVE_T_CELL","TRAVAGLINI_LUNG_CD4_NAIVE_T_CELL",132,-0.727874303796917,-3.05580310491111,1.92931239424185e-26,6.33779121508447e-24,4.81312670984546e-24,1865,"RPL23/RCAN3/RPL39/RPL10A/SERINC5/TC2N/ITK/TRABD2A/INPP4B/RPS3A/TCF7/RPS12/SUSD3/RPL37A/NELL2/RPS16/RPL36/RPL5/RPS8/RPS20/TRAF3IP3/RPS19/RPL32/RPL11/OXNAD1/RPL27A/RPL12/SNHG5/TXNIP/RPL6/RPS21/LEF1/RPL35/TESPA1/FHIT/RPS6/RPS5/MYC/RPL13/RPS13/RPS3/MAL/RPS15/RPS7/FCMR/RPS28/RPL18/RPS14/PRKCQ-AS1/RPL19/RPL3/ADTRP/RPL15/CCR7/CD27/LDLRAP1/LINC00861/NOSIP/RPL29/RPLP2/RPL13A/THEM4/RPL41/PIK3IP1/RPL4/RPLP0/EEF1A1/RPL13AP5/RPLP1/DGKA/PASK/RPS2/RPL10/LDHB/EPHX2/PCED1B-AS1/SELL/TXK","CELLTYPE"
"SU_HO_FOETAL_FEMUR_C0_TRANSITIONING_CELL","SU_HO_FOETAL_FEMUR_C0_TRANSITIONING_CELL",175,-0.633625429550745,-2.73258969129254,1.06387715560036e-21,2.3298909707648e-19,1.76939569036692e-19,1982,"KRT10/UXT/NPM1/UQCRH/RPL23/RPL39/SSR2/RPL10A/EEF1D/CNN3/PRDX2/ATP5MC3/EEF1B2/RPS24/RPS3A/HNRNPA1/RPS12/HNRNPA1L3/RPL9/SNHG8/RPS16/FAU/FTL/RPL36/CUTA/RPS25/RPL5/RPS8/RPL22/FIS1/RPS19/RPL32/PTRHD1/RPL11/RPS4X/SNU13/EIF3E/SNRPD2/EIF3G/NBDY/BEX3/RPL6/RACK1/RPS21/RPS18/DDOST/RPS6/RPS5/PARK7/PFDN5/RPL13/TOMM7/RPS13/RPS3/RPS15/RPL7A/RPS7/RPS11/EIF3K/RPS28/RPL18/RPS14/EIF3L/RPL19/RPL3/SELENOM/NDUFS5/RPL15/EIF3D/EDF1/RPL41/RPS9/RPL4/RPLP0/EEF1A1/RPLP1/ATRAID/RPS2/RPL10/H1-2/SF3B5/LDHB","CELLTYPE"
"RUBENSTEIN_SKELETAL_MUSCLE_T_CELLS","RUBENSTEIN_SKELETAL_MUSCLE_T_CELLS",179,-0.627768710149697,-2.73233542172732,1.11112133182368e-20,1.8250167875204e-18,1.3859776612748e-18,2253,"ARHGDIB/ETS1/RPL7/RPL34/LIMD2/SLFN5/RPL35A/COMMD6/TMEM123/UXT/CD52/NPM1/OCIAD2/RPL23/RPSA/RPL39/HMGN1/RPL10A/EEF1D/EEF1B2/RPS24/RPS3A/HNRNPA1/UBE2D2/RPS12/RPL37A/RPL9/SNHG8/GMFG/RPS16/FAU/RPL36/CUTA/TMSB4X/RPS25/RPL5/RPS8/RPL22/RPS20/ARL6IP5/TRAF3IP3/RPS19/RPL32/RPL11/RPS4X/UBA52/APRT/EIF3E/RPL27A/RPL12/ISG20/RPL6/RACK1/RPS21/RPL35/RPS18/RPS6/RPS5/PFDN5/ZFP36L2/RPL13/TOMM7/RPS13/RPS3/RPS15/RPL7A/SNHG32/RPS7/RPS28/RPL18/RPS14/PRKCQ-AS1/EIF3L/RPL19/RPL3/RPL15/EIF3D/NOSIP/RPL29/RPLP2/RPL13A/RPL41/RPS9/RPL4/RPLP0/EEF1A1/HINT1/RPLP1/RPS2/RPL10/LDHB/SELL","CELLTYPE"
"BUSSLINGER_DUODENAL_TRANSIT_AMPLIFYING_CELLS","BUSSLINGER_DUODENAL_TRANSIT_AMPLIFYING_CELLS",177,-0.606077589631865,-2.63067515278834,9.75158313626879e-20,1.28135802410572e-17,9.73105348756086e-18,2579,"RAN/RPS15A/ECH1/RPS29/RPS27A/RPL24/ADD3/COX6A1/HSP90B1/PHB2/RPL7/RPL34/RPL35A/COX6C/NPM1/RPL23/COX8A/RPL39/RPL10A/COX7A2/PPIA/ATP5MC3/SLC25A5/EEF1B2/RPS24/RPS3A/HNRNPA1/RPS12/RPL37A/TMSB10/HMGB2/ATP5F1C/RPL9/RPS16/FAU/RPL36/RPS25/RPL5/COX4I1/NCL/RPS8/RPL22/YBX1/RPS20/RPS19/COX6B1/RPL32/HMGB1/PTMA/NDUFB9/RPL11/RPS4X/KRT18/RPL27A/RPL12/RPL6/RACK1/RPL35/RPS18/RPS6/RPS5/RPL13/RPS13/RPS3/RPS15/RPL7A/RPS7/RPS11/EIF3K/RPS28/RPL18/RPS14/EIF3L/RPL19/RPL3/NDUFS5/RPL15/RPL29/RPLP2/RPL13A/RPL41/RPS9/RPL4/RPLP0/ATP5F1A/EEF1A1/HINT1/RPLP1/RPS2/RPL10/TUFM/SF3B5/SNHG29","CELLTYPE"
"REACTOME_TRANSLATION","REACTOME_TRANSLATION",363,-0.5013353474171,-2.36186850757683,2.64405936166705e-20,2.53829698720036e-17,2.18204477847049e-17,1917,"MRPL57/MTRF1/MRPS28/RPL23/MRPL40/RPSA/MRRF/EIF4H/RPL39/SSR2/RPL10A/TRAM1/EEF1D/PSMD8/PSMC3/PSMB3/EIF4EBP1/NPLOC4/EEF1B2/MRPS16/EIF4B/UBB/RPS24/RPS3A/UBE2D2/YARS2/LARS1/RPS12/RPL37A/QARS1/MRPS25/RPL9/MRPL27/RPS16/MRPL41/FAU/PPA2/UFD1/KARS1/RPL36/RPS25/MRPL17/MRPL54/RPL5/PSMA3/MRPL21/MRPS15/RPS8/RPL22/RPS20/RPS19/EIF3C/RPL32/SARS2/RPL11/RPS4X/UBA52/EIF3E/RPL27A/EIF3G/RPL12/ABCE1/ERAL1/RPL6/MTIF3/RPS21/RPL35/RPS18/UBE2D3/DDOST/MRPL55/ANKZF1/MRPS34/VARS2/RPS6/RPS5/SEC61A1/RPL13/RPS13/RPS3/RPS15/RPL7A/SRP14/RPS7/RPS11/PPA1/EIF3K/RPS28/RPL18/MRPS21/RPS14/MRPS17/APEH/PSMB1/EIF3L/RPL19/MRPL11/RPL3/MRPL44/RPL15/FARS2/EIF3D/DARS1/RPL29/RPLP2/RPL13A/RPL41/MRPS26/RPS9/RPL4/MRPS10/RPLP0/EEF1A1/MRPL34/RARS2/RPLP1/RPS2/RPL10/MRPL43/TUFM/MRPS23","REACTOME"
"REACTOME_EUKARYOTIC_TRANSLATION_ELONGATION","REACTOME_EUKARYOTIC_TRANSLATION_ELONGATION",89,-0.730878804018507,-2.8325671073828,9.65009894385718e-19,4.63204749305145e-16,3.98193556420212e-16,1865,"RPL23/RPSA/RPL39/RPL10A/EEF1D/EEF1B2/RPS24/RPS3A/RPS12/RPL37A/RPL9/RPS16/FAU/RPL36/RPS25/RPL5/RPS8/RPL22/RPS20/RPS19/RPL32/RPL11/RPS4X/UBA52/RPL27A/RPL12/RPL6/RPS21/RPL35/RPS18/RPS6/RPS5/RPL13/RPS13/RPS3/RPS15/RPL7A/RPS7/RPS11/RPS28/RPL18/RPS14/RPL19/RPL3/RPL15/RPL29/RPLP2/RPL13A/RPL41/RPS9/RPL4/RPLP0/EEF1A1/RPLP1/RPS2/RPL10","REACTOME"
"REACTOME_SELENOAMINO_ACID_METABOLISM","REACTOME_SELENOAMINO_ACID_METABOLISM",111,-0.685467041302103,-2.71344007841767,2.28023667139227e-18,7.29675734845528e-16,6.27265105393524e-16,2616,"TXNRD1/RPS17/SEPSECS/RPS15A/RPS29/AIMP1/RPS27A/RPL24/RPL7/RPL34/RPL35A/RPL23/RPSA/RPL39/RPL10A/RPS24/RPS3A/LARS1/RPS12/RPL37A/QARS1/RPL9/RPS16/FAU/KARS1/RPL36/SECISBP2/RPS25/RPL5/RPS8/RPL22/RPS20/RPS19/RPL32/RPL11/RPS4X/UBA52/RPL27A/RPL12/RPL6/RPS21/RPL35/RPS18/RPS6/RPS5/RPL13/RPS13/RPS3/RPS15/RPL7A/RPS7/RPS11/RPS28/RPL18/RPS14/RPL19/RPL3/RPL15/GNMT/DARS1/RPL29/RPLP2/RPL13A/RPL41/RPS9/RPL4/RPLP0/RPLP1/RPS2/RPL10","REACTOME"
"REACTOME_SRP_DEPENDENT_COTRANSLATIONAL_PROTEIN_TARGETING_TO_MEMBRANE","REACTOME_SRP_DEPENDENT_COTRANSLATIONAL_PROTEIN_TARGETING_TO_MEMBRANE",110,-0.690101911969703,-2.73265387154079,4.11035727409386e-18,9.86485745782527e-16,8.48031606023576e-16,1865,"RPL23/RPSA/RPL39/SSR2/RPL10A/TRAM1/RPS24/RPS3A/RPS12/RPL37A/RPL9/RPS16/FAU/RPL36/RPS25/RPL5/RPS8/RPL22/RPS20/RPS19/RPL32/RPL11/RPS4X/UBA52/RPL27A/RPL12/RPL6/RPS21/RPL35/RPS18/DDOST/RPS6/RPS5/SEC61A1/RPL13/RPS13/RPS3/RPS15/RPL7A/SRP14/RPS7/RPS11/RPS28/RPL18/RPS14/RPL19/RPL3/RPL15/RPL29/RPLP2/RPL13A/RPL41/RPS9/RPL4/RPLP0/RPLP1/RPS2/RPL10","REACTOME"
"REACTOME_EUKARYOTIC_TRANSLATION_INITIATION","REACTOME_EUKARYOTIC_TRANSLATION_INITIATION",117,-0.669318029705642,-2.71310062096797,1.4312713622071e-17,2.74804101543763e-15,2.36235104835866e-15,1865,"RPL23/RPSA/EIF4H/RPL39/RPL10A/EIF4EBP1/EIF4B/RPS24/RPS3A/RPS12/RPL37A/RPL9/RPS16/FAU/RPL36/RPS25/RPL5/RPS8/RPL22/RPS20/RPS19/EIF3C/RPL32/RPL11/RPS4X/UBA52/EIF3E/RPL27A/EIF3G/RPL12/RPL6/RPS21/RPL35/RPS18/RPS6/RPS5/RPL13/RPS13/RPS3/RPS15/RPL7A/RPS7/RPS11/EIF3K/RPS28/RPL18/RPS14/EIF3L/RPL19/RPL3/RPL15/EIF3D/RPL29/RPLP2/RPL13A/RPL41/RPS9/RPL4/RPLP0/RPLP1/RPS2/RPL10","REACTOME"
"BUSSLINGER_DUODENAL_DIFFERENTIATING_STEM_CELLS","BUSSLINGER_DUODENAL_DIFFERENTIATING_STEM_CELLS",273,-0.5076034014163,-2.32472422758315,6.9794434234153e-17,7.64249054863975e-15,5.80395821526114e-15,3071,"ANP32B/IMPDH2/NONO/C1QBP/RPL30/RPL37/ALDH1A1/ENO1/RPL28/MT1X/BANF1/SNRPF/CBX3/ELAPOR1/RBM3/PCNA/RCC2/HNRNPA2B1/RAN/RPS15A/ECH1/PDLIM1/RPS29/MCM7/RPS27A/CALM2/RPL24/ADD3/COX6A1/NOP58/HSP90B1/PHB2/RPL7/RPL34/XRCC5/RPL35A/SOX4/SOD1/HNRNPD/COX6C/NPM1/RPL23/COX8A/RPL39/HMGN1/RPL10A/COX7A2/PAICS/APEX1/NASP/PPIA/MT1F/SERBP1/ATP5MC3/SLC25A5/EEF1B2/EIF4B/RPS24/RPS3A/HNRNPA1/RPS12/RPL37A/TMSB10/HADH/HMGB2/MACROH2A1/YWHAB/RPL9/SNHG8/RPS16/FAU/RPL36/RPS25/RPL5/COX4I1/NCL/RPS8/RPL22/YBX1/RPS20/RPS19/RPL32/HMGB1/PTMA/NDUFB9/RPL11/RPS4X/KRT18/SNRPB/EIF3E/RPL27A/RPL12/SNHG5/RPL6/RACK1/RPL35/RPS18/RPS6/RPS5/SUCLG1/RPL13/RPS13/RPS3/RPS15/RPL7A/RPS7/RPS11/EIF3K/RPS28/RPL18/RPS14/EIF3L/RPL19/RPL3/NDUFS5/RPL15/RPL29/RPLP2/RPL13A/RPL41/CCT2/RPS9/RPL4/RPLP0/ATP5F1A/EEF1A1/HINT1/RPLP1/RPS2/LSM4/RPL10/TUFM/SF3B5/SNHG29","CELLTYPE"
"LAKE_ADULT_KIDNEY_C12_THICK_ASCENDING_LIMB","LAKE_ADULT_KIDNEY_C12_THICK_ASCENDING_LIMB",292,-0.506279865119077,-2.32282544062151,9.30073631863535e-17,8.72940537334775e-15,6.62939701508745e-15,2467,"RPS29/DNAJC19/RPS27A/SCNN1A/RPL24/FLNB/FAM13A/NPC2/OXR1/CD59/ATP1A1/RPL7/RPL34/CKB/RPL35A/SOD1/CST3/OXCT1/DNASE1/CPVL/COX6C/UQCRH/AK3/PGK1/MYL6/RPL23/RPSA/RPL10A/EEF1D/GOT1/UQCRC2/COX7A2/DDX17/PPIA/ATP5MC3/SLC25A5/SLC25A4/UBB/RPS24/RPS3A/CAT/RPS12/RPL37A/TMSB10/ATP5F1C/SRSF5/CIRBP/RPL9/EID1/RPS16/FAU/CUTA/RPS25/RPL5/COX4I1/RPS8/YBX1/RPS20/TMEM161B-DT/MDH1/RPS19/COX6B1/RPL32/NDUFB9/RPL11/MGAT5/RPS4X/UBA52/MST1L/GPX4/RPL27A/IMPA2/SMS/COL18A1/BEX3/RPL12/MAGED1/TMT1A/RPL6/RACK1/RPS21/RPL35/RPS18/RPS6/RPS5/CAPN2/NDUFB2/SUCLG1/PFDN5/RPL13/ITM2B/RPS13/RPS3/MAL/RPS15/RPL7A/SRP14/RPS7/RPS11/EIF3K/RPS28/RPL18/RPS14/RPL19/RPL3/ACADVL/RPL15/EDF1/RPLP2/RPL13A/RPL41/HIBADH/RPS9/RPL4/RPLP0/ATP5F1A/EEF1A1/RPLP1/RPL10/TUFM/SELENOW/LDHB/EPHX2/SNHG29","CELLTYPE"
"RUBENSTEIN_SKELETAL_MUSCLE_SATELLITE_CELLS","RUBENSTEIN_SKELETAL_MUSCLE_SATELLITE_CELLS",278,-0.500086286989851,-2.29119427770003,2.38862763118565e-16,1.96166044211121e-14,1.48974933839736e-14,2244,"FUNDC2/PSMB7/RPL7/RPL34/RPL35A/ST13/COMMD6/CST3/TMEM123/BEX4/UXT/NPM1/UQCRH/RPL23/NHP2/RPSA/RPL39/HMGN1/RPL10A/EEF1D/CNN3/PPIA/BTG2/ATP5MC3/EEF1B2/RPS24/RPS3A/HNRNPA1/RPS12/RPL37A/CIRBP/RPL9/SNHG8/RPS16/FAU/RPL36/RPS25/CCT3/RPL5/COX4I1/RPS8/RPL22/RPS20/ARL6IP5/RPS19/COPS9/RPL32/PTMA/NDUFB9/RPL11/RPS4X/HDDC2/UBA52/VDAC2/APRT/EIF3E/SNRPD2/BEX3/RPL12/RPL6/RACK1/RPS21/RPL35/RPS18/RPS6/RPS5/MYC/H1-0/PARK7/RPL13/TOMM7/RPS13/RPS3/RPS15/RPL7A/SNHG32/RPS7/EIF3K/AKR1B1/RPS28/RPL18/RPS14/EIF3L/RPL19/RPL3/RBMX/NDUFS5/RPL15/EIF3D/DARS1/EDF1/RPL29/RPLP2/RPL13A/RPL41/RPS9/RPL4/RPLP0/ATP5F1A/EEF1A1/RPLP1/WDR74/RPS2/SLC25A6/HMGN2/RPL10/SPG21/LDHB","CELLTYPE"
"LAKE_ADULT_KIDNEY_C19_COLLECTING_DUCT_INTERCALATED_CELLS_TYPE_A_MEDULLA","LAKE_ADULT_KIDNEY_C19_COLLECTING_DUCT_INTERCALATED_CELLS_TYPE_A_MEDULLA",288,-0.496409528159719,-2.27773649293258,3.5552051288903e-16,2.59529974408992e-14,1.97095582584094e-14,2212,"WWP1/HSP90B1/PAPOLA/RPL7/RPL34/XRCC5/RPL35A/SOD1/TMEM123/NPM1/CD46/PGK1/MYL6/RPL23/RPSA/RPL10A/SLC25A39/CNN3/STAP1/PPIA/SERBP1/ISCU/ATP5MC3/SLC25A5/UBB/RPS24/RPS3A/ANAPC16/RPS12/RPL37A/ATP5F1C/YWHAB/RPL9/EID1/PHLDB2/RPS16/FAU/FTL/CYB5A/TMSB4X/MARCHF1/RPS25/RPL5/COX4I1/RPS8/RPS20/CSDE1/ARL6IP5/MDH1/RPS19/RPL32/RPL11/RPS4X/MYL12B/KRT18/RPL12/TXNIP/RPL6/RACK1/RPL35/RPS18/ITGA6/UBE2D3/TBC1D14/RPS6/RPS5/CAPN2/TMEM117/SPTBN1/H1-0/PFDN5/RPL13/ITM2B/RPS13/RPS3/MAL/RPS15/RPL7A/SRP14/RPS7/RPS11/EIF3K/RPS28/RPL18/RPS14/RPL19/RPL3/RPL15/RPLP2/RPL13A/RPL41/EPS8/RPS9/RPL4/RPLP0/ATP5F1A/EEF1A1/HINT1/RPLP1/RPS2/RPL10/GPX1/SELENOW/LDHB/SNHG29","CELLTYPE"
"REACTOME_RESPONSE_OF_EIF2AK4_GCN2_TO_AMINO_ACID_DEFICIENCY","REACTOME_RESPONSE_OF_EIF2AK4_GCN2_TO_AMINO_ACID_DEFICIENCY",97,-0.66426424313464,-2.62670971066436,1.85629632842134e-14,2.97007412547414e-12,2.55322161663567e-12,1865,"RPL23/RPSA/RPL39/RPL10A/RPS24/RPS3A/RPS12/RPL37A/RPL9/RPS16/FAU/RPL36/RPS25/RPL5/RPS8/RPL22/RPS20/RPS19/RPL32/RPL11/RPS4X/UBA52/RPL27A/RPL12/RPL6/RPS21/RPL35/RPS18/RPS6/RPS5/RPL13/RPS13/RPS3/RPS15/RPL7A/RPS7/RPS11/RPS28/RPL18/RPS14/RPL19/RPL3/RPL15/RPL29/RPLP2/RPL13A/RPL41/RPS9/RPL4/RPLP0/RPLP1/RPS2/RPL10","REACTOME"
"REACTOME_NONSENSE_MEDIATED_DECAY_NMD","REACTOME_NONSENSE_MEDIATED_DECAY_NMD",113,-0.625892492535151,-2.50587794414959,7.08061666970246e-14,9.71056000416338e-12,8.34767438954396e-12,1865,"RPL23/RPSA/UPF3A/RPL39/RPL10A/RPS24/SMG6/RPS3A/RPS12/RPL37A/SMG5/RPL9/RPS16/FAU/RPL36/RPS25/RPL5/RPS8/RPL22/RPS20/RPS19/RPL32/RPL11/RPS4X/UBA52/RPL27A/SMG8/RPL12/RPL6/RPS21/RPL35/RPS18/RPS6/RPS5/RPL13/RPS13/RPS3/RPS15/RPL7A/RPS7/RPS11/RPS28/RPL18/RPS14/RPL19/RPL3/RPL15/RPL29/RPLP2/RPL13A/RPL41/RPS9/RPL4/RPLP0/RPLP1/RPS2/RPL10","REACTOME"
"LAKE_ADULT_KIDNEY_C8_DECENDING_THIN_LIMB","LAKE_ADULT_KIDNEY_C8_DECENDING_THIN_LIMB",244,-0.488267287609947,-2.19064428019705,1.60673278008064e-13,1.05562343651298e-11,8.01675092377078e-12,1873,"PGK1/MYL6/RPL23/RPSA/RPL10A/EEF1D/PPIA/SERBP1/EEF1B2/LRRK2/UBB/RPS24/RPS3A/RPS12/RPL37A/TMSB10/DUSP6/YWHAB/PLEKHA1/CIRBP/RPL9/EID1/RPS16/FAU/FTL/CYB5A/RPS25/RPL5/NCL/RPS8/YBX1/RPS20/CSDE1/RPS19/RPL32/HMGB1/PTMA/RPL11/RPS4X/MYL12B/UBA52/KRT18/BEX3/RPL12/TXNIP/RPL6/RACK1/RPL35/RPS18/UBE2D3/RPS6/RPS5/CAPN2/PFDN5/RPL13/ITM2B/RPS13/RPS15/RPL7A/SRP14/RPS7/RPS11/RPS28/RPL18/RPS14/PSMB1/RPL19/RPL3/RPL15/EDF1/RPLP2/RPL13A/RPL41/RPS9/RPL4/RPLP0/VMP1/ATP5F1A/EEF1A1/HINT1/RPLP1/RPS2/RPL10/GPX1/LDHB","CELLTYPE"
"LAKE_ADULT_KIDNEY_C9_THIN_ASCENDING_LIMB","LAKE_ADULT_KIDNEY_C9_THIN_ASCENDING_LIMB",234,-0.499524907982282,-2.21550300395096,2.18588062087719e-13,1.30556687992392e-11,9.91490348608408e-12,1873,"PGK1/MYL6/RPL23/ASPH/RPSA/RPL10A/EEF1D/PSME1/PPIA/SERBP1/ATP5MC3/UBB/RPS24/RPS3A/RPS12/RPL37A/ATP5F1C/YWHAB/PLEKHA1/CIRBP/RPL9/EID1/RPS16/FAU/FTL/CYB5A/RPS25/RPL5/COX4I1/NCL/RPS8/YBX1/RPS20/CSDE1/RPS19/RPL32/PTMA/RPL11/RPS4X/MYL12B/UBA52/KRT18/BEX3/RPL12/RPL6/RACK1/RPL35/RPS18/UBE2D3/RPS6/RPS5/PFDN5/RPL13/ITM2B/RPS13/RPS3/JTB/MAL/RPS15/RPL7A/SRP14/RPS7/RPS11/AKR1B1/RPL18/RPS14/PSMB1/TMEM176A/RPL19/RPL3/RPL15/RPLP2/RPL13A/RPS9/RPL4/RPLP0/VMP1/ATP5F1A/EEF1A1/HINT1/RPLP1/RPS2/RPL10/GPX1/LDHB","CELLTYPE"
"REACTOME_METABOLISM_OF_AMINO_ACIDS_AND_DERIVATIVES","REACTOME_METABOLISM_OF_AMINO_ACIDS_AND_DERIVATIVES",273,-0.471557431118574,-2.13029747973016,1.47355345685961e-13,1.76826414823153e-11,1.52008672391834e-11,2616,"TXNRD1/RPS17/CKMT2/SEPSECS/RPS15A/KYAT1/RPS29/PSMD6/AIMP1/RPS27A/PSMA7/GRHPR/RPL24/SQOR/ALDH4A1/SIRT5/PSMB7/RPL7/RPL34/CKB/BCKDHB/ALDH18A1/RPL35A/GAMT/PYCR3/RPL23/RPSA/RPL39/RPL10A/SERINC5/PSMD8/GOT1/HYKK/BCAT2/PYCR2/PSMC3/PSMB3/MTRR/MRI1/RPS24/RPS3A/LARS1/RPS12/RPL37A/QARS1/SARDH/ASRGL1/RPL9/SLC7A5/RPS16/FAU/KARS1/RPL36/SECISBP2/RPS25/RPL5/PSMA3/RPS8/RPL22/RPS20/RPS19/ARG2/RPL32/RPL11/RPS4X/UBA52/ADI1/RPL27A/SMS/TSTD1/RPL12/TMLHE/RPL6/RPS21/SMOX/RPL35/DUOX1/RPS18/RPS6/RPS5/DMGDH/RPL13/RPS13/RPS3/RPS15/RPL7A/RPS7/RPS11/ARG1/OAZ1/RPS28/RPL18/RPS14/PSMB1/RPL19/RPL3/GCDH/HSD17B10/RPL15/AGMAT/GNMT/DARS1/RPL29/RPLP2/AUH/RPL13A/RPL41/HIBADH/RPS9/RPL4/RPLP0/RPLP1/ENOPH1/RPS2/RPL10","REACTOME"
"RUBENSTEIN_SKELETAL_MUSCLE_B_CELLS","RUBENSTEIN_SKELETAL_MUSCLE_B_CELLS",168,-0.555045342193657,-2.39273957374023,4.7753251590125e-13,2.61449052455934e-11,1.98552993453677e-11,2202,"PAPOLA/RPL7/RPL34/LIMD2/ARPC3/CMTM6/RPL35A/CD52/NPM1/RPL23/RPSA/RPL39/EEF1D/EEF1B2/RPS24/RPS3A/RPS12/RPL37A/CD83/CASP4/RPL9/SNHG8/GMFG/FAU/RPL36/RHOH/RPS25/RPL5/RPS8/RPL22/RPS19/RPL32/POLD4/RPL11/RPS4X/UBA52/RPL27A/SNX2/RPL12/RPL6/RACK1/RPS21/GTF3A/RPS18/RPS6/RPS5/PFDN5/RPL13/RPS13/RPS3/RPS15/RPL7A/RPS7/FCMR/OAZ1/RPS28/RPL18/LY86/RPS14/RPL19/RPL3/RPL15/RPL29/RPLP2/RPL13A/RPL41/NCF1/RPS9/RPL4/EEF1A1/RPLP1/WDR74/RPS2/CD79A/RPL10/SELL","CELLTYPE"
"BUSSLINGER_DUODENAL_STEM_CELLS","BUSSLINGER_DUODENAL_STEM_CELLS",258,-0.477389029239651,-2.17018435001757,6.25836797304096e-13,3.1628828909907e-11,2.40199710058414e-11,2745,"ERGIC3/EIF3H/CBX3/ELAPOR1/RCC2/HNRNPA2B1/GNL3/RAN/RPS15A/PDLIM1/ARID5B/RPS29/MCM7/RPS27A/LRIG1/RPL24/ADD3/IPO7/NOP58/PAPOLA/RPL7/RPL34/XRCC5/RPL35A/SOX4/CDKN1B/HNRNPD/TMEM123/NPM1/CD46/RPL23/RPL39/HMGN1/RPL10A/APEX1/PPIA/SERBP1/BTG2/ATP5MC3/SESN1/EEF1B2/EIF4B/RPS24/RPS3A/HNRNPA1/SRSF6/RPS12/RPL37A/RPL9/SNHG8/RPS16/ACTN1/RPL36/RPS25/RPL5/NCL/RPS8/RPL22/YBX1/RPS20/RPS19/RPL32/HMGB1/PTMA/RPL11/RPS4X/SNRPB/EIF3E/RPL27A/BEX3/OLA1/RPL12/SNHG5/TXNIP/RNF43/RPL6/RACK1/RPL35/RPS18/ITGA6/RPS6/RPS5/ZFP36L2/RPL13/TOMM7/RPS13/RPS3/RPS15/RPL7A/RPS7/RPS11/SPINT2/COQ8A/RPS28/RPL18/RPS14/EIF3L/RPL3/RPL15/DARS1/RPL13A/RPL41/RPS9/RPL4/EEF1A1/LYZ/RPLP1/RPS2/RPL10/MARCKSL1/SELENOW/SNHG29","CELLTYPE"
"REACTOME_RIBOSOME_ASSOCIATED_QUALITY_CONTROL","REACTOME_RIBOSOME_ASSOCIATED_QUALITY_CONTROL",142,-0.586728095382704,-2.41962110824443,3.00475822105202e-13,3.20507543578882e-11,2.75524028690618e-11,2467,"RPS29/PSMD6/RPS27A/PSMA7/RPL24/PSMB7/RPL7/RPL34/RPL35A/RBX1/RPL23/RPSA/RPL39/RPL10A/PSMD8/PSMC3/PSMB3/NPLOC4/UBB/RPS24/RPS3A/UBE2D2/RPS12/RPL37A/RPL9/RPS16/FAU/UFD1/RPL36/RPS25/RPL5/PSMA3/RPS8/RPL22/RPS20/RPS19/RPL32/RPL11/RPS4X/UBA52/RPL27A/RPL12/ABCE1/RPL6/RPS21/RPL35/RPS18/UBE2D3/ANKZF1/RPS6/RPS5/RPL13/RPS13/RPS3/RPS15/RPL7A/RPS7/RPS11/RPS28/RPL18/RPS14/PSMB1/RPL19/RPL3/RPL15/RPL29/RPLP2/RPL13A/RPL41/RPS9/RPL4/RPLP0/RPLP1/RPS2/RPL10","REACTOME"
"HAY_BONE_MARROW_NK_CELLS","HAY_BONE_MARROW_NK_CELLS",342,0.486761749373888,1.99464651065766,1.11452252889132e-12,5.23029501058284e-11,3.97205773454501e-11,2427,"SH2D2A/AUTS2/CBLB/TGFBR3/ACTN4/TSPAN32/CYB561D2/APOBEC3C/MLLT6/ADAM8/RAP1GAP2/CHST12/CX3CR1/PDZD4/ARK2C/MYO1F/PRR5/LPCAT1/RUNX3/SLA2/PLEKHF1/EFHD2/TINF2/CTDSP1/PLEKHG3/RNF167/RNF213/COMMD5/GNLY/TAPBP/CTSC/HSH2D/PXN/DTHD1/SASH3/LLGL2/STAT4/PRF1/CCDC102A/BPGM/ADRB2/ITGAL/USP28/ITGB7/TAP1/GK5/SYTL3/PPP2R2B/CST7/VPS37B/RAB29/SLFN13/IL2RB/IFITM2/AKNA/NKG7/ARHGAP30/GZMB/RGS9/EOMES/CCL4/NFATC3/PRR5L/RASSF1/CDK2AP2/SSBP4/C1orf21/IFI16/APOL6/CLIC3/NHERF1/PILRB/APOBEC3H/TRGC1/XCL1/GZMA/ADGRG5/CLIC1/SYNE1/PDIA3/ARL4C/S1PR5/PPP1R18/MATK/KIR3DL2/TBX21/IL12RB1/PTGDR/RBM38/DTX3/MAPK1/CD244/IFITM1/NFATC2/RAC2/LRP10/CPNE1/PSMB9/SELENOT/CCDC107/ZBP1/ADGRE5/SIGLEC7/PTPN4/TSPAN2/PLAAT3/LINC02481/PYHIN1/NMUR1/GSAP/GPR65/LGALS9C/IL18RAP/HCST/MRPL10/FASLG/IL2RG","CELLTYPE"
"REACTOME_INFLUENZA_VIRAL_RNA_TRANSCRIPTION_AND_REPLICATION","REACTOME_INFLUENZA_VIRAL_RNA_TRANSCRIPTION_AND_REPLICATION",133,-0.584344637197915,-2.40152816044588,7.3438173733062e-13,7.05006467837396e-11,6.06058191649691e-11,1457,"RPL23/RPSA/RPL39/RPL10A/NUP50/RPS24/RPS3A/RPS12/RPL37A/NUP107/RPL9/POLR2J/RPS16/FAU/RPL36/POLR2C/GTF2F2/RPS25/RPL5/RPS8/RPL22/RPS20/RPS19/RPL32/RPL11/RPS4X/UBA52/RPL27A/RPL12/SEH1L/RPL6/RPS21/RPL35/RPS18/RPS6/RPS5/RPL13/POLR2G/RPS13/RPS3/RPS15/RPL7A/RPS7/RPS11/RPS28/RPL18/RPS14/RPL19/RPL3/RPL15/RPL29/RPLP2/RPL13A/RPL41/RPS9/NUP205/RPL4/RPLP0/RPLP1/IPO5/RPS2/RPL10","REACTOME"
"BUSSLINGER_GASTRIC_PPP1R1B_POSITIVE_CELLS","BUSSLINGER_GASTRIC_PPP1R1B_POSITIVE_CELLS",99,-0.640902234757039,-2.59387981109568,1.68530686369065e-12,7.38164406296506e-11,5.60586283080259e-11,2467,"RPS29/SOCS3/RPS27A/CALM2/ADD3/RPL7/RPL34/RPL35A/NPM1/RPL23/RPL39/RPL10A/PPIA/SERBP1/EEF1B2/RPS24/RPS3A/HNRNPA1/RPS12/RPL37A/RPL9/RPS16/RPL36/RPL5/RPS8/RPL22/RPS20/RPS19/RPL32/PTMA/RPL11/RPS4X/RPL27A/IMPA2/RPL12/RACK1/RPS21/RPL35/RPS18/RPS6/RPS5/RPL13/RPS13/RPS3/RPS15/RPL7A/SPINT2/RPS28/RPL18/RPS14/RPL19/RPL3/RPL15/RPL29/RPLP2/RPL13A/RPL41/RPS9/RPL4/RPLP0/EEF1A1/LYZ/RPS2/MARCKSL1/SNHG29","CELLTYPE"
"TRAVAGLINI_LUNG_BRONCHIAL_VESSEL_1_CELL","TRAVAGLINI_LUNG_BRONCHIAL_VESSEL_1_CELL",186,-0.520452691867925,-2.26864510011822,2.0440762200515e-12,8.39348797858647e-11,6.37429031779218e-11,2589,"GNL3/RPS15A/PIM1/ARID5B/PNP/RPS29/SOCS3/RPS27A/RPL24/UGCG/SWAP70/RPL7/RPL34/RPL35A/UXT/NPM1/RPL23/NHP2/RPSA/RPL39/HMGN1/RPL10A/SERBP1/SLC25A5/EIF4B/RPS24/RPS3A/HNRNPA1/RPS12/RPL37A/POLE4/RPS16/FAU/ACTN1/RPL36/RPL5/CDC37/RPS8/RPL22/RPS20/RPS19/MCTP1/RPL32/PTMA/RPL11/RPS4X/BZW2/UBA52/HAPLN3/EIF3E/RPL27A/EIF3G/RPL12/RPL6/RPS21/RPL35/RPS6/RPS5/MYC/PFDN5/ZFP36L2/RPL13/RPS13/RPS3/RPS15/RPS7/RPS28/RPL18/RPS14/UPP1/RPL19/RPL3/RPL15/EIF3D/RPL29/RPLP2/RPL13A/RPL41/EPS8/RPL4/RPLP0/RPL13AP5/RPLP1/MTHFD2/RPS2/RPL10","CELLTYPE"
"GOBP_CYTOPLASMIC_TRANSLATION","GOBP_CYTOPLASMIC_TRANSLATION",164,-0.568017809179341,-2.41289172195469,4.25980110900918e-14,1.39721476375501e-10,1.14072989698098e-10,1865,"RPL23/RPSA/RPL39/RPL10A/EEF1D/RPLP0P6/RPS24/RPS3A/RPS12/RPL37A/RPL9/DRG2/RPS16/FAU/RPL36/RPS25/RPL5/AKT2/RPS8/RPL22/YBX1/RPS20/CSDE1/RPS19/DHX9/EIF3C/EIF3CL/RPL32/RPL11/RPS4X/UBA52/EIF3E/RPL27A/EIF3G/RPL12/RPL6/RACK1/RPS21/RPL35/RPS18/FMR1/RPS6/RPS5/RPL13/RPS13/RPS3/RPS15/RPL7A/RPS7/RPS11/EIF3K/RPS28/RPL18/RPS14/EIF3L/RPL19/RPL3/RPL15/EIF3D/RPL29/RPLP2/RPL13A/RPL41/RPS9/RPL4/RPLP0/RPLP1/RPS2/RPL10","GOBP"
"REACTOME_INFLUENZA_INFECTION","REACTOME_INFLUENZA_INFECTION",154,-0.543850111220732,-2.29369639730299,7.28530461591444e-12,6.35808402843442e-10,5.46572135777696e-10,1865,"RPL23/RPSA/RPL39/RPL10A/XPO1/NUP50/KPNA3/RPS24/RPS3A/RPS12/RPL37A/NUP107/RPL9/POLR2J/RPS16/FAU/RPL36/POLR2C/GTF2F2/RPS25/RPL5/RPS8/RPL22/RPS20/RPS19/RPL32/RPL11/RPS4X/UBA52/RPL27A/CPSF4/RPL12/CALR/SEH1L/RPL6/RPS21/RPL35/RPS18/RPS6/RPS5/RPL13/POLR2G/RPS13/RPS3/RPS15/RPL7A/RPS7/RPS11/RPS28/RPL18/RPS14/RPL19/RPL3/RPL15/RPL29/RPLP2/RPL13A/RPL41/RPS9/NUP205/RPL4/RPLP0/RPLP1/IPO5/RPS2/SLC25A6/RPL10","REACTOME"
"LAKE_ADULT_KIDNEY_C10_THIN_ASCENDING_LIMB","LAKE_ADULT_KIDNEY_C10_THIN_ASCENDING_LIMB",312,-0.428801708993712,-1.98252739777634,1.76351947124573e-11,6.81548407416734e-10,5.17590234904321e-10,1877,"CD46/PGK1/MYL6/RPSA/DEPTOR/RPL10A/EEF1D/CNN3/CPM/PPIA/SERBP1/ATP5MC3/SLC25A5/UBB/RPS24/RPS3A/RPS12/RPL37A/ATP5F1C/YWHAB/PLEKHA1/RPL9/EID1/RPS16/FAU/FTL/RPS25/CCT3/RPL5/COX4I1/NCL/RPS8/YBX1/PPP2R3A/RPS20/CSDE1/RPS19/RPL32/PTMA/RPL11/RPS4X/MYL12B/UBA52/KRT18/RPL12/TXNIP/RPL6/RACK1/RPL35/RPS18/UBE2D3/RPS6/RPS5/CAPN2/PFDN5/ZFP36L2/RPL13/ITM2B/RPS13/JTB/RPS15/RPL7A/SRP14/RPS7/RPS11/PPA1/RPS28/RPL18/RPS14/PSMB1/RPL19/RPL3/ACADVL/RPL15/RPLP2/RPL13A/RPL41/RPS9/RPL4/RPLP0/VMP1/ATP5F1A/EEF1A1/HINT1/RPLP1/RPS2/RPL10/GPX1/SELENOW/LDHB","CELLTYPE"
"LAKE_ADULT_KIDNEY_C7_PROXIMAL_TUBULE_EPITHELIAL_CELLS_S3","LAKE_ADULT_KIDNEY_C7_PROXIMAL_TUBULE_EPITHELIAL_CELLS_S3",109,-0.590065297913345,-2.45760881534192,2.10626382173433e-11,7.68786294933029e-10,5.83841550586006e-10,1457,"RPS24/RPS3A/RPS12/RPL37A/TMSB10/RPL9/RPS16/FTL/RPS25/RPL5/COX4I1/NCL/RPS8/RPS20/RPS19/RPL32/PTMA/RPL11/RPS4X/RPL27A/COL18A1/RPL12/RPL6/RPS21/RPL35/RPS18/RPS6/RPL13/RPS13/RPS15/RPL7A/RPS7/RPS11/RPS28/RPL18/RPS14/RPL19/RPL3/RPLP2/RPL13A/RPS9/RPL4/EEF1A1/HINT1/RPLP1","CELLTYPE"
"REACTOME_CELLULAR_RESPONSE_TO_STARVATION","REACTOME_CELLULAR_RESPONSE_TO_STARVATION",147,-0.548189212401758,-2.30166620913495,1.00189552055778e-11,8.01516416446222e-10,6.89022884313419e-10,1538,"SESN1/RPS24/RPS3A/RPS12/RPL37A/RPL9/RPS16/FAU/RPL36/RPS25/RPL5/ATP6V1E2/RPS8/RPL22/RPS20/RPS19/RPL32/RPL11/RPS4X/UBA52/RPL27A/RPL12/SEH1L/RPL6/RPS21/RPL35/RPS18/RPS6/RPS5/LAMTOR4/RPL13/RPS13/RPS3/RPS15/RPL7A/RPS7/RPS11/RPS28/RPL18/RPS14/ATP6V1C2/RPL19/RPL3/RPL15/RPL29/RPLP2/RPL13A/RPL41/RPS9/RPL4/RPLP0/RPLP1/RRAGB/RPS2/RPL10/SLC38A9","REACTOME"
"FAN_OVARY_CL0_XBP1_SELK_HIGH_STROMAL_CELL","FAN_OVARY_CL0_XBP1_SELK_HIGH_STROMAL_CELL",130,-0.568700722863111,-2.39340553879588,2.60416172950893e-11,8.39650898969993e-10,6.37658457280744e-10,2422,"RPS27A/RPL24/ATP1A1/NEAT1/HSP90B1/PAPOLA/RPL7/RPL34/RPL35A/IFRD1/ST13/NPM1/RPL39/RPL10A/EEF1D/CNN3/RPS24/RPS3A/RPS12/CIRBP/RPL9/SNHG8/FAU/RPL36/RPL5/RPS8/YBX1/RPS19/RPL32/PTMA/RPL11/RPS4X/EIF3E/RPL12/RPL6/RACK1/RPS18/RPS6/RPS5/PFDN5/RPL13/RPS13/RPS3/RPS15/SNHG32/RPL18/RPS14/RPL3/RBMX/RPL15/RPLP2/RPL13A/RPL41/RPS9/CHMP4B/SLC40A1/RPLP1/RPS2/RPL10","CELLTYPE"
"FAN_OVARY_CL10_PUTATIVE_EARLY_ATRESIA_GRANULOSA_CELL","FAN_OVARY_CL10_PUTATIVE_EARLY_ATRESIA_GRANULOSA_CELL",259,-0.458100518371903,-2.07973749227676,2.58912442524827e-11,8.39650898969993e-10,6.37658457280744e-10,2946,"SNRPN/LSM5/TPI1/CLNS1A/BANF1/SNRPF/AP2S1/PIN1/UBL5/CBX3/PHF6/UQCR11/LSM7/OST4/PPP4C/RPS17/RAN/ECH1/AURKAIP1/ZNF428/CSTB/PSMA7/CALM2/NDUFS8/LSM3/PSMB7/ARPC3/CKB/CALM3/RANBP1/SOX4/TCEAL8/ARPC5/GRIK1/BEX4/RBX1/H3-3A/MYL6/TCEA3/NHP2/COX8A/UROS/HMGN1/AP2M1/COX7A2/APEX1/SUMO2/PSMC3/PSMB3/PRDX2/ATP5MC3/SLC25A5/NDUFC2/HNRNPA1/NDUFB7/MAGED2/TMSB10/HMGB2/MACROH2A1/ATP5F1C/NDUFA2/TMSB4X/ARPC2/RPS25/COX4I1/PSMA3/MDH1/RPS19/COPS9/COX6B1/GTF2H5/HMGB1/PTRHD1/PTMA/MYL12B/ROMO1/DNPH1/APRT/SNRPD2/SMS/PRMT2/BEX3/COPS6/RPL35/TMEM14A/STOML2/NDUFB2/DGUOK/PARK7/SRP14/SPINT2/MRPS21/RPS14/EIF3L/RPL3/NDUFS5/ANAPC11/ATP5F1A/HINT1/SLC25A6/HMGN2/LSM4/MARCKSL1/LDHB/SELENOH/PLEKHJ1","CELLTYPE"
"LAKE_ADULT_KIDNEY_C18_COLLECTING_DUCT_PRINCIPAL_CELLS_MEDULLA","LAKE_ADULT_KIDNEY_C18_COLLECTING_DUCT_PRINCIPAL_CELLS_MEDULLA",281,-0.441939326111972,-2.02836756244946,2.6838156588082e-11,8.39650898969993e-10,6.37658457280744e-10,1877,"CD46/PGK1/MYL6/RPL23/RPSA/RPL10A/EEF1D/PPIA/SERBP1/BTG2/ISCU/ATP5MC3/UBB/RPS24/RPS3A/ANAPC16/RPS12/RPL37A/TMSB10/ATP5F1C/DUSP6/YWHAB/PLEKHA1/RPL9/EID1/RPS16/FAU/FTL/CYB5A/TMSB4X/ARPC2/RPS25/RPL5/COX4I1/RPS8/YBX1/RPS20/CSDE1/RPS19/ARG2/RPL32/PTMA/RPL11/RPS4X/MYL12B/UBA52/KRT18/BEX3/RPL12/TXNIP/RPL6/RACK1/RPL35/RPS18/UBE2D3/RPS6/RPS5/SPTBN1/PFDN5/RPL13/ITM2B/RPS13/MAL/RPS15/RPL7A/SRP14/RPS7/RPS11/AKR1B1/RPS28/RPL18/RPS14/RPL19/RPL3/ACADVL/RPL15/RPLP2/RPL13A/RPL41/RPS9/RPL4/RPLP0/ATP5F1A/EEF1A1/HINT1/RPLP1/RPS2/RPL10/GPX1/LDHB","CELLTYPE"
"REACTOME_RRNA_PROCESSING","REACTOME_RRNA_PROCESSING",206,-0.489645400788226,-2.14317891984379,1.96044168050279e-11,1.44771077944821e-09,1.24452330163092e-09,2599,"RPS17/GNL3/PRORP/RPS15A/RPS29/RPP30/RPS27A/RPL24/RPP25/MTERF4/NOP58/RPL7/RPL34/RPL35A/EXOSC1/RRP7A/RRP9/PDCD11/EXOSC10/EBNA1BP2/RPL23/NHP2/RPSA/IMP3/RPL39/RPL10A/BMS1/GAR1/RPS24/RPS3A/TRUB2/RPS12/RPL37A/EXOSC5/EXOSC8/RPL9/RPS16/FAU/RPL36/RRP1/RPS25/RPL5/NCL/RPS8/RPL22/RPS20/RPS19/RPL32/RPL11/RPS4X/UBA52/SNU13/RPL27A/RPL12/RPL6/RPS21/RPL35/RPS18/RPS6/RPS5/RPL13/RPS13/RPS3/RPS15/RPL7A/RPS7/RPS11/RPS28/RPL18/RPS14/RPL19/RPL3/HSD17B10/RPL15/RPL29/RPLP2/RPL13A/RPL41/RPS9/RPL4/RPLP0/XRN2/RPLP1/ELAC2/RPS2/RPL10","REACTOME"
"REACTOME_REGULATION_OF_EXPRESSION_OF_SLITS_AND_ROBOS","REACTOME_REGULATION_OF_EXPRESSION_OF_SLITS_AND_ROBOS",145,-0.547478882490363,-2.29350067311519,2.57555214386632e-11,1.76609289865119e-09,1.5182202111212e-09,2467,"RPS29/PSMD6/RPS27A/PSMA7/RPL24/PSMB7/RPL7/RPL34/RPL35A/RBX1/RPL23/RPSA/UPF3A/RPL39/RPL10A/PSMD8/PSMC3/PSMB3/UBB/RPS24/RPS3A/RPS12/RPL37A/RPL9/RPS16/FAU/RPL36/RPS25/RPL5/PSMA3/RPS8/RPL22/RPS20/RPS19/RPL32/RPL11/RPS4X/UBA52/LHX4/RPL27A/RPL12/RPL6/RPS21/RPL35/RPS18/RPS6/RPS5/RPL13/RPS13/RPS3/RPS15/RPL7A/RPS7/RPS11/RPS28/RPL18/RPS14/PSMB1/RPL19/RPL3/RPL15/RPL29/RPLP2/RPL13A/RPL41/RPS9/RPL4/RPLP0/RPLP1/RPS2/RPL10","REACTOME"
"FAN_EMBRYONIC_CTX_BRAIN_NAIVE_LIKE_T_CELL","FAN_EMBRYONIC_CTX_BRAIN_NAIVE_LIKE_T_CELL",155,-0.527287518404687,-2.24043126047534,7.80069615320482e-11,2.32957153302526e-09,1.76915309886081e-09,2370,"ADD3/PIM2/MTERF4/CDC42SE2/FAM107B/FGD3/ARHGDIB/ETS1/LIMD2/TMEM123/CD52/NPM1/OCIAD2/RCAN3/SERINC5/EEF1D/FAM117B/TC2N/DENND2D/ITK/FLT3LG/TRABD2A/TCF7/BTN3A2/CAMK4/GMFG/ACTN1/RHOH/TRAF3IP3/LY9/OXNAD1/APRT/PRMT2/TSTD1/ISG20/TXNIP/LEF1/TESPA1/MYC/GSTK1/MAL/FCMR/PRKCQ-AS1/CCR7/CD27/LDLRAP1/LINC00861/NOSIP/RPL13A/LRRN3/PIK3IP1/NSMCE1/PCMTD2/DGKA/MCUB/LDHB/EPHX2/SELL/TXK","CELLTYPE"
"REACTOME_SARS_COV_1_MODULATES_HOST_TRANSLATION_MACHINERY","REACTOME_SARS_COV_1_MODULATES_HOST_TRANSLATION_MACHINERY",36,-0.800563467708326,-2.59222840045831,4.59654816764819e-11,2.94179082729484e-09,2.52890790416574e-09,1457,"RPS24/RPS3A/HNRNPA1/RPS12/RPS16/FAU/RPS25/RPS8/RPS20/RPS19/RPS4X/RPS21/RPS18/RPS6/RPS5/RPS13/RPS3/RPS15/RPS7/RPS11/RPS28/RPS14/RPS9/EEF1A1/RPS2","REACTOME"
"BUSSLINGER_GASTRIC_LYZ_POSITIVE_CELLS","BUSSLINGER_GASTRIC_LYZ_POSITIVE_CELLS",80,-0.637102167975945,-2.49358923265271,1.40934938909639e-10,4.02583716798402e-09,3.05735290815417e-09,2193,"RPL7/RPL34/RPL35A/CST3/RPL23/RPL39/RPL10A/EEF1B2/RPS3A/RPS12/RPL37A/RPL9/RPL36/RPL5/RPS8/RPS20/RPL32/RPL11/RPS4X/RPL12/RPL6/RACK1/RPS21/RPL35/RPS18/RPS6/RPS5/RPL13/RPS13/RPS3/RPS15/RPL7A/RPS7/RPS28/RPL18/RPS14/RPL19/RPL3/RPL15/RPL29/RPL41/RPS9/RPLP0/EEF1A1/LYZ/RPS2/RPL10","CELLTYPE"
"REACTOME_ACTIVATION_OF_THE_MRNA_UPON_BINDING_OF_THE_CAP_BINDING_COMPLEX_AND_EIFS_AND_SUBSEQUENT_BINDING_TO_43S","REACTOME_ACTIVATION_OF_THE_MRNA_UPON_BINDING_OF_THE_CAP_BINDING_COMPLEX_AND_EIFS_AND_SUBSEQUENT_BINDING_TO_43S",59,-0.692240216000316,-2.51035768198246,1.8473447817983e-10,1.10840686907898e-08,9.52840992717018e-09,1831,"RPSA/EIF4H/EIF4EBP1/EIF4B/RPS24/RPS3A/RPS12/RPS16/FAU/RPS25/RPS8/RPS20/RPS19/EIF3C/RPS4X/EIF3E/EIF3G/RPS21/RPS18/RPS6/RPS5/RPS13/RPS3/RPS15/RPS7/RPS11/EIF3K/RPS28/RPS14/EIF3L/EIF3D/RPS9/RPS2","REACTOME"
"RUBENSTEIN_SKELETAL_MUSCLE_MYELOID_CELLS","RUBENSTEIN_SKELETAL_MUSCLE_MYELOID_CELLS",343,-0.405242210389009,-1.88425402405767,5.20212855247596e-10,1.42408269124029e-08,1.08149514643579e-08,2276,"MS4A6A/BCL2A1/ARHGDIB/PCBP2/RPL7/RPL34/LIMD2/AIF1/ARPC3/CMTM6/HCK/CD14/COMMD6/CST3/PPT1/ARPC5/CPVL/CD52/H3-3A/UQCRH/TYROBP/CD55/PGK1/VCAN/RPL23/PLBD1/RPL39/SSR2/GLRX/FCN1/COX7A2/BTG2/EIF4EBP1/SLC25A5/EEF1B2/RPS24/RPS3A/RPS12/CD83/TMSB10/MACROH2A1/CASP4/POLE4/SNHG8/GMFG/RPS16/FTL/TMSB4X/ARPC2/CREG1/TALDO1/COX4I1/TMEM176B/YBX1/RPS19/RPL32/RPL11/RPS4X/UBA52/RNASE6/MNDA/SUPT4H1/EIF3E/RPL6/METTL9/RPS21/UBE2D3/PRELID1/LAMTOR4/PFDN5/RPS13/RPS7/IFNGR2/EIF3K/OAZ1/RPS28/LY86/RPS14/TXNDC12/EIF3L/RPL19/RPL15/GCA/RPLP2/RPL41/IGSF6/TNFSF13B/RPS9/RPL4/VMP1/EEF1A1/LYZ/RPLP1/WDR74/RPS2/CFP/SLC25A6/NAAA/GPX1/SPG21/RGS10/SERPINB1/SELENOH","CELLTYPE"
"REACTOME_SIGNALING_BY_ROBO_RECEPTORS","REACTOME_SIGNALING_BY_ROBO_RECEPTORS",179,-0.489412073588477,-2.11012323150461,6.43828436743344e-10,3.63573705455065e-08,3.12545816970143e-08,2599,"RPS17/RPS15A/CDC42/RPS29/PSMD6/RPS27A/PSMA7/RPL24/PSMB7/RPL7/RPL34/RPL35A/PFN2/RBX1/RPL23/RPSA/UPF3A/RPL39/RPL10A/SRGAP2/PSMD8/PSMC3/PSMB3/UBB/RPS24/RPS3A/RPS12/RPL37A/NELL2/RPL9/RPS16/FAU/RPL36/RPS25/RPL5/PSMA3/RPS8/RPL22/RPS20/RPS19/RPL32/RPL11/RPS4X/UBA52/LHX4/RPL27A/RPL12/PRKACA/RPL6/RPS21/RPL35/RPS18/RPS6/RPS5/RPL13/RPS13/RPS3/RPS15/RPL7A/RPS7/RPS11/RPS28/RPL18/RPS14/PSMB1/RPL19/RPL3/RPL15/RPL29/RPLP2/RPL13A/RPL41/RPS9/RPL4/RPLP0/RPLP1/RPS2/RPL10","REACTOME"
"RUBENSTEIN_SKELETAL_MUSCLE_SMOOTH_MUSCLE_CELLS","RUBENSTEIN_SKELETAL_MUSCLE_SMOOTH_MUSCLE_CELLS",383,-0.38321514675344,-1.79106422681081,1.62903474669853e-09,4.28110331432374e-08,3.25121039972675e-08,2231,"PLAC9/COX14/RPL7/MRPL18/CKB/CALM3/RANBP1/COMMD6/SOD1/MT-ND3/ARPC5/BEX4/COX6C/NPM1/UQCRH/MYL6/RPL23/COX8A/CALD1/RPL10A/COX20/UQCRC2/AP2M1/COX7A2/CNN3/SMIM30/CPM/SIVA1/BTG2/PRDX2/ISCU/ATP5MC3/SLC25A5/UBB/RPS3A/HNRNPA1/ANAPC16/UBE2D2/NDUFB7/MAGED2/RPL37A/ATP5F1C/RPL9/MFGE8/EID1/IK/FAU/ZFHX3/ACTN1/TMEM38B/ARPC2/RPS25/RPL5/PPP1R12B/COX4I1/YBX1/FIS1/CSDE1/MDH1/COX6B1/MYLK/PTMA/NDUFB9/RPS4X/UBA2/VDAC2/ADI1/NDUFA8/FILIP1L/BEX3/DCTN2/COPS6/RPL6/GTF3A/TOMM22/MFF/RPS5/STOML2/PARL/NDUFB2/H1-0/PARK7/HIGD1B/HIKESHI/PFDN5/BRK1/RPL7A/SNHG32/RPS7/EIF3K/EIF3L/RPL3/SELENOM/NDUFS5/RPL15/TIMMDC1/RPL41/EPS8/RPL4/PGAM1/CHMP4B/CCT7/ATP5F1A/PKIG/MAP3K7CL/RPLP1/MTHFD2/SLC25A6/NDUFA10/HMGN2/IAH1/SELENOW/LDHB","CELLTYPE"
"TRAVAGLINI_LUNG_CLUB_CELL","TRAVAGLINI_LUNG_CLUB_CELL",84,-0.585866875078138,-2.29829106943378,1.42143572352819e-08,3.59185873214624e-07,2.7277754370541e-07,2253,"ARHGDIB/RPL34/RPL35A/SOX4/CST3/AHR/SOCS2/RPL39/RPS24/RPS3A/FCGR2A/RPS12/RPL37A/MRPS25/RPS16/FAU/RPL36/CYB5A/TMSB4X/RPL5/RPS8/RPS20/RPS19/RPL32/RPL11/RPL27A/RPL12/RPS21/RPL35/RPS6/RPS5/RPL13/RPS13/RPS3/RPS15/RPS7/RPS11/RPS28/RPL18/RPS14/RPL19/RPL15/RPL29/RPLP2/RPL13A/RPL13AP5/RPL10","CELLTYPE"
"GOBP_T_CELL_ACTIVATION","GOBP_T_CELL_ACTIVATION",496,0.425679225205005,1.78354765418344,2.85046950969848e-10,4.67476999590551e-07,3.81662864877523e-07,2445,"KMT2A/ITPRIPL1/TNFSF14/HLA-DPB1/BCL3/SH2D2A/AIRE/CBLB/RUNX2/ARID1A/RSAD2/CD84/RAB27A/STAT5A/BRD4/ADAM8/ALKBH5/KIF13B/SMARCA4/SLC11A1/RUNX3/SLA2/AKT1/FUT7/CD40LG/LGALS1/GATA3/FANCA/HSH2D/CD2/KAT7/CBL/IKZF3/LAG3/BTN3A1/PSEN1/HLA-DQB1/SASH3/STAT4/CD81/PRDM1/ITGAL/CTPS1/TRAF6/LMBR1L/MR1/ACTL6A/SLAMF7/PHF10/SMARCA2/RAB29/EP300/RUNX1/ZFP36L1/NKG7/SLAMF1/NCSTN/IL4I1/CCDC88B/CCR6/HLA-DQA1/EOMES/NFATC3/SPN/JAML/CD4/PDCD1LG2/NLRC3/ACTB/BATF/NCK2/RARA/SOX13/TGFB1/KDELR1/TRGC1/PDCD1/XCL1/PRKDC/PSMB2/SOCS5/DOCK8/FBXO38/DUSP10/AMBRA1/PDPK1/LAX1/BAX/HLA-DPA1/CCL5/KLHL25/IL20RB/TBK1/BAG6/PIK3R3/LGALS3/CUL4A/LCP1/ZBTB7B/DTX1/TBX21/IL12RB1/DOCK2/ARMC5/ATP7A/GBA1/IL18R1/IL23R/ZFPM1/RAC2/TCIRG1/DUSP3/AP3B1/PSMB9/HLA-DRB1/PIK3CG/CD3G/PRKAA1/ENTPD7/PPP3CA/APBB1IP/BCL6/P2RX7/CD6/PREX1/PAG1/BRD2/CD5/TNFRSF4/GPR89B/GPR89A/RASGRP1/ITCH/BTLA/MYH9/PSMA5/GPR65/ICOS/LGALS9/LGALS9C/IL18RAP/CSK/GPR18/PSMA6/FOSL2/IL2RG/CCR2","GOBP"
"REACTOME_SARS_COV_2_MODULATES_HOST_TRANSLATION_MACHINERY","REACTOME_SARS_COV_2_MODULATES_HOST_TRANSLATION_MACHINERY",50,-0.68452864348267,-2.39888495924307,1.76674006616182e-08,9.42261368619635e-07,8.10014158988809e-07,1831,"RPSA/GEMIN5/RPS24/RPS3A/RPS12/RPS16/FAU/SMN1/SMN2/RPS25/RPS8/RPS20/RPS19/RPS4X/SNRPB/SNRPD2/RPS21/RPS18/RPS6/RPS5/RPS13/RPS3/RPS15/RPS7/RPS11/RPS28/RPS14/RPS9/RPS2","REACTOME"
"HALLMARK_INTERFERON_GAMMA_RESPONSE","HALLMARK_INTERFERON_GAMMA_RESPONSE",179,0.515144786057895,1.98114818840196,2.35464982532767e-08,1.15377841441056e-06,8.92288354861012e-07,2912,"HELZ2/CMPK2/PTPN1/AUTS2/RSAD2/MX1/DDX60/OAS3/OAS2/IFIT3/RNF213/NOD1/LATS2/TAPBP/IFITM3/IFI27/TRIM14/STAT4/BPGM/IFIH1/ITGB7/TAP1/PML/IFI44/SLAMF7/IRF9/OASL/IL2RB/CIITA/IFITM2/XAF1/HLA-DQA1/IFIT1/EPSTI1/IFI44L/TRIM26/IL18BP/EIF2AK2/APOL6/TRIM25/XCL1/PSMB2/GZMA/SAMD9L/HERC6/NLRC5/CCL5/IRF7/STAT1/GCH1/RIPK1/NFKB1/TRIM21/PSMB9/HLA-DRB1/LCP2/ZBP1/LAP3/CDKN1A/RNF31/ST8SIA4/PDE4B/ZNFX1/BTG1/ISOC1/PSME2/LY6E/GPR18/SP110/CASP1/BST2/JAK2/GBP4/STAT2/ISG15/CD74/STAT3/LYSMD2","HALLMARK"
"GOBP_NEGATIVE_REGULATION_OF_SYNCYTIUM_FORMATION_BY_PLASMA_MEMBRANE_FUSION","GOBP_NEGATIVE_REGULATION_OF_SYNCYTIUM_FORMATION_BY_PLASMA_MEMBRANE_FUSION",47,-0.716379902537277,-2.4699376441869,1.56732729185935e-09,1.71361117243288e-06,1.39904583525971e-06,2397,"RPL24/RAPGEF3/RPL7/RPL34/RPL35A/RPL23/RPL39/RPL10A/RPL37A/RPL9/RPL36/RPL5/RPL32/RPL11/UBA52/RPL27A/RPL12/RPL6/RPL35/RPL13/RPL7A/RPL18/RPL19/RPL15/RPL29/RPLP2/RPL13A/RPL41/RPL4/RPLP0/RPLP1/RPL10","GOBP"
"TRAVAGLINI_LUNG_CD8_NAIVE_T_CELL","TRAVAGLINI_LUNG_CD8_NAIVE_T_CELL",143,0.520149184097924,1.97163417135148,3.17334732884519e-07,7.7218118335233e-06,5.86419740301217e-06,3086,"SH2D2A/TGFBR3/RAB27A/F2R/CHST12/CCND2/CX3CR1/RUNX3/SLA2/PLEKHF1/GNLY/CD2/IKZF3/LAG3/BTN3A1/STAT4/PRF1/PRDM1/ITGAL/SYTL3/CST7/IL32/AKNA/NKG7/GZMB/EOMES/CDC25B/SPN/LSP1/SSBP4/C1orf21/TRG-AS1/NHERF1/GZMA/GZMH/SYNE1/ARL4C/CCL5/S1PR5/MATK/TBX21/IL12RB1/PTGDR/IFITM1/CD3G/PTPN4/PYHIN1/KLRG1/HCST/CNOT6L/MYO1G/SUN2/C12orf75/APOBEC3G/RORA/PRSS23/SH2D1A/ADGRG1/PRKCH/KLF2/TPST2/TUBA4A","CELLTYPE"
"REACTOME_RIBOSOME_QUALITY_CONTROL_RQC_COMPLEX_EXTRACTS_AND_DEGRADES_NASCENT_PEPTIDE","REACTOME_RIBOSOME_QUALITY_CONTROL_RQC_COMPLEX_EXTRACTS_AND_DEGRADES_NASCENT_PEPTIDE",101,-0.528606065475087,-2.09042721786022,2.21485225993766e-07,1.1190832471264e-05,9.62018931740235e-06,2437,"PSMD6/RPS27A/PSMA7/RPL24/PSMB7/RPL7/RPL34/RPL35A/RBX1/RPL23/RPL39/RPL10A/PSMD8/PSMC3/PSMB3/NPLOC4/UBB/UBE2D2/RPL37A/RPL9/UFD1/RPL36/RPL5/PSMA3/RPL22/RPL32/RPL11/UBA52/RPL27A/RPL12/RPL6/RPL35/ANKZF1/RPL13/RPL7A/RPL18/PSMB1/RPL19/RPL3/RPL15/RPL29/RPLP2/RPL13A/RPL41/RPL4/RPLP0/RPLP1/RPL10","REACTOME"
"MENON_FETAL_KIDNEY_7_LOOPOF_HENLE_CELLS_DISTAL","MENON_FETAL_KIDNEY_7_LOOPOF_HENLE_CELLS_DISTAL",222,-0.408298291269753,-1.80872005652251,6.12701927267243e-07,1.43766130790921e-05,1.09180719370178e-05,2355,"NPC2/NDUFS8/COX6A1/PNKD/ATP1A1/NEAT1/CKB/NEFL/COMMD6/MT-ND3/KRT10/COX6C/UQCRH/AK3/PGK1/COX8A/GOT1/COX20/UQCRC2/COX7A2/CPM/MUC1/ISCU/ATP5MC3/SLC25A5/NDUFC2/SLC25A4/SLC5A3/ANK3/NDUFB7/MRPS25/ATP5F1C/NDUFA2/MTURN/MRPL41/FTL/COX4I1/MDH1/COX6B1/NDUFB9/MST1L/NDUFA8/COL18A1/BEX3/TSTD1/CAPN2/NDUFB2/AKIRIN1/SUCLG1/TOMM7/ITM2B/GSTK1/MAL/SPINT2/EIF3K/ACADVL/GABARAPL2/HINT2/ATP5F1A/ATRAID/SLC25A6/NDUFA10/BEX2/CRYL1/LDHB","CELLTYPE"
"REACTOME_INTERFERON_SIGNALING","REACTOME_INTERFERON_SIGNALING",246,0.447967914568826,1.77091790826391,3.06635954384607e-07,1.47185258104611e-05,1.26527678019753e-05,1731,"HSPA2/HLA-DPB1/PTPN1/GBP5/RSAD2/IFI6/MX1/OAS1/OAS3/OAS2/EIF4G3/IFIT3/FANCA/IFITM3/IFI27/HLA-DQB1/TRIM14/HSPA5/KPNA2/POM121C/IFIH1/TUBA1B/RANBP2/TRIM35/PML/POM121/CHUK/IFI44/FANCG/IRF9/OASL/CIITA/IFITM2/TRIM22/XAF1/FURIN/HLA-DQA1/PPP2R1B/IFIT1/IFI44L/TRIM26/FLNA/NUP58/TUBB2A/EIF2AK2/TRIM68/TRIM25/ACTB/EIF2S3/HLA-DPA1/NUP88/IRF7/STAT1/PGGT1B/HSPA1A/PDE12/NUP214/TRIM21/NDC1/MAPK1/PPP2R5A/NUP160/FANCC/IFITM1","REACTOME"
"LAKE_ADULT_KIDNEY_C23_ENDOTHELIAL_CELLS_AVR","LAKE_ADULT_KIDNEY_C23_ENDOTHELIAL_CELLS_AVR",100,-0.507563793964564,-2.05715159639028,7.54665153284075e-07,1.70970691623323e-05,1.29840755955227e-05,2514,"HLA-DRA/ID1/RPS27A/PSMA7/CD59/HSP90B1/RPL7/XRCC5/ST6GALNAC3/NPM1/MYL6/PLAT/CNN3/MEF2A/PECAM1/RPS12/TMSB10/YWHAB/RPS16/FTL/TMSB4X/RPL5/NCL/RPS8/RPS19/PTMA/MYL12B/TXNIP/RACK1/UBE2D3/RPS6/SPTBN1/RPL13/RPL18/RPS14/RPL19/RPL3/RPLP2/RPL13A/RPL4/RPLP0/EEF1A1/RPLP1/RPS2/RPL10","CELLTYPE"
"GOBP_REGULATION_OF_SYNCYTIUM_FORMATION_BY_PLASMA_MEMBRANE_FUSION","GOBP_REGULATION_OF_SYNCYTIUM_FORMATION_BY_PLASMA_MEMBRANE_FUSION",59,-0.627058181834454,-2.23620795205621,5.74203554797039e-08,4.70846914933572e-05,3.84414169316755e-05,2258,"RAPGEF3/RPL7/RPL34/RPL35A/TYROBP/RPL23/RPL39/RPL10A/CAMK1/RPL37A/RPL9/RPL36/RPL5/RPL32/RPL11/UBA52/RPL27A/RPL12/RPL6/RPL35/CAPN2/RPL13/RPL7A/RPL18/RPL19/RPL15/RPL29/RPLP2/RPL13A/RPL41/RPL4/RPLP0/RPLP1/RPL10","GOBP"
"TRAVAGLINI_LUNG_NATURAL_KILLER_CELL","TRAVAGLINI_LUNG_NATURAL_KILLER_CELL",127,0.509390657099124,1.89886548568358,2.88471066970983e-06,6.31751636666452e-05,4.7977293243595e-05,2779,"SH2D2A/F2R/CHST12/CX3CR1/RUNX3/SLA2/EFHD2/GNLY/MAPRE2/HSH2D/RHOC/DTHD1/PRF1/BPGM/PRDM1/ITGAL/USP28/SYTL3/SLAMF7/CST7/IL2RB/AKNA/NKG7/GZMB/SPN/RASSF1/C1orf21/CLIC3/NHERF1/GZMA/GZMH/SYNE1/ARL4C/CCL5/S1PR5/MATK/TBX21/PTGDR/MAPK1/CD244/IFITM1/RAC2/CCDC107/ABI3/SIGLEC7/PTPN4/PYHIN1/NMUR1/GSAP/GPR65/IL2RG/AREG/CNOT6L/C12orf75/APOBEC3G/FKBP11/FCGR3A/PRSS23","CELLTYPE"
"REACTOME_MITOCHONDRIAL_TRANSLATION_ELONGATION","REACTOME_MITOCHONDRIAL_TRANSLATION_ELONGATION",87,-0.527198917292472,-2.05691836428748,2.08115277785817e-06,9.51384127020876e-05,8.17856530246016e-05,2889,"MRPL9/PTCD3/MRPL3/MRPL1/MRPL4/MRPL36/AURKAIP1/MRPS22/MRPL24/MRPS7/MRPL18/MRPL57/MRPS28/MRPL40/MRPS16/MRPS25/MRPL27/MRPL41/MRPL17/MRPL54/MRPL21/MRPS15/ERAL1/MRPL55/MRPS34/MRPS21/MRPS17/MRPL11/MRPL44/MRPS26/MRPS10/MRPL34/MRPL43/TUFM/MRPS23","REACTOME"
"GOBP_LYMPHOCYTE_DIFFERENTIATION","GOBP_LYMPHOCYTE_DIFFERENTIATION",367,0.412427310210671,1.68718816298901,3.63827217280862e-07,0.000212071961428988,0.000173142191872704,2509,"SYVN1/KMT2A/ITPRIPL1/BCL3/AIRE/RUNX2/ARID1A/RSAD2/ZBTB7A/STAT5A/BRD4/ADAM8/KLF6/SMARCA4/RUNX3/FUT7/CD40LG/LGALS1/GATA3/FANCA/CD2/KAT7/IKZF3/PTK2B/LAG3/SASH3/STAT4/PRDM1/IRF2BP2/LMBR1L/MR1/ACTL6A/PHF10/SMARCA2/EP300/RUNX1/IKZF1/DDRGK1/ZFP36L1/SLAMF1/IL4I1/CCR6/EOMES/NFATC3/SPN/CD4/ACTB/BATF/RARA/SOX13/TGFB1/KDELR1/PRKDC/PSMB2/DCAF1/NOTCH2/SOCS5/DUSP10/AMBRA1/DCLRE1C/SLC39A7/BAX/KLHL25/TBK1/PIK3R3/HDAC5/ZBTB7B/DTX1/TBX21/ITFG2/IL12RB1/DOCK2/ARMC5/ATP7A/GBA1/IL18R1/IL23R/BAK1/ZFPM1/TCIRG1/ITM2A/AP3B1/PSMB9/HLA-DRB1/CD3G/ENTPD7/BCL6/PREX1/BRD2/GPR89B/GPR89A/RASGRP1/CD79B/PSMA5/GPR65/ICOS/LGALS9/IL18RAP/GPR18/PSMA6/FOSL2/IL2RG/CCR2/CEBPG/SEMA4A/SART1","GOBP"
"GOBP_MONONUCLEAR_CELL_DIFFERENTIATION","GOBP_MONONUCLEAR_CELL_DIFFERENTIATION",437,0.397725335174853,1.64980361545928,3.87936514809124e-07,0.000212071961428988,0.000173142191872704,2509,"SYVN1/KMT2A/ITPRIPL1/BCL3/AIRE/RUNX2/ARID1A/RSAD2/ZBTB7A/STAT5A/FASN/BRD4/ADAM8/KLF6/SMARCA4/RUNX3/FUT7/CD40LG/LGALS1/GATA3/FANCA/CD2/KAT7/IKZF3/PTK2B/LAG3/PSEN1/SASH3/STAT4/PRDM1/IRF2BP2/TRAF6/LMBR1L/MR1/ACTL6A/PHF10/SMARCA2/EP300/RUNX1/IKZF1/JUN/DDRGK1/HSF1/ZFP36L1/SLAMF1/IL4I1/CCR6/EOMES/NFATC3/SPN/PARP1/CD4/ACIN1/IFI16/ACTB/FOS/BATF/RARA/SOX13/TGFB1/NR3C1/KDELR1/PRKDC/PSMB2/DCAF1/NOTCH2/SOCS5/DUSP10/AMBRA1/DCLRE1C/SLC39A7/BAX/QKI/KLHL25/IRF7/IL20RB/TBK1/PIK3R3/LGALS3/HDAC5/ZBTB7B/DTX1/TBX21/ITFG2/RIPK1/IL12RB1/DOCK2/ARMC5/ATP7A/GBA1/IL18R1/IL23R/BAK1/ZFPM1/TCIRG1/ITM2A/AP3B1/PSMB9/HLA-DRB1/CD3G/ENTPD7/BCL6/RB1/PREX1/BRD2/TSPAN2/GPR89B/GPR89A/RASGRP1/RXRA/CD79B/IL1RAP/MYH9/PSMA5/GPR65/ICOS/LGALS9/IL18RAP/GPR18/PSMA6/FOSL2/IL2RG/CCR2/CEBPG/SEMA4A/SART1","GOBP"
"LAKE_ADULT_KIDNEY_C17_COLLECTING_SYSTEM_PCS_STRESSED_DISSOC_SUBSET","LAKE_ADULT_KIDNEY_C17_COLLECTING_SYSTEM_PCS_STRESSED_DISSOC_SUBSET",181,0.465355264713623,1.80126855758854,1.12160521229005e-05,0.000237707943378891,0.000180523215832083,2263,"TANC2/ACSL4/VCL/ACTN4/LMNA/KIF13B/KLF6/DNAJA1/DYRK1A/BTBD9/OSBPL3/ZFAND3/ARHGEF12/BCAS3/HSPA5/TNFRSF10B/RANBP2/TPM4/LDLR/SMARCA2/AFF1/JUN/NDRG1/ZSWIM6/DDIT3/PDE4D/AFF4/GLS/AKT3/TSC22D2/IMMP2L/FOS/FNIP2/ZFP36/MIR4435-2HG/QKI/FBXL17/LGALS3/PFKFB3/HSPA1A/FOSB/NFAT5/IQGAP1/ZNF292/ATP1B3/AHNAK/RALGAPA1/RBM47/RAD51B/ARL15","CELLTYPE"
"SU_HO_CONV_CENT_CHONDROSARCOMA_C4_HIGH_GRADE_CHONDROSARCOMA_1","SU_HO_CONV_CENT_CHONDROSARCOMA_C4_HIGH_GRADE_CHONDROSARCOMA_1",85,-0.491589011079998,-1.92997282300791,1.74662611974426e-05,0.000358604175209992,0.000272335783144335,2118,"NEAT1/PNMA5/COMMD6/RPL23/ASPH/RPL39/RPL10A/RPS12/RPL9/RPS25/RPL22/RPS20/RPL32/RPL11/EIF3E/RPL27A/RPL12/RACK1/RPL35/RPS18/LYRM4/BRK1/RPS13/RPS3/SNHG32/RPS14/RPL19/RPL29/RPLP2/EEF1A1/RPL10","CELLTYPE"
"REACTOME_MITOCHONDRIAL_CALCIUM_ION_TRANSPORT","REACTOME_MITOCHONDRIAL_CALCIUM_ION_TRANSPORT",22,-0.751777009383337,-2.1537166403597,8.98722355306436e-06,0.000392169755042808,0.000337128385913993,989,"SLC8B1/VDAC2/SPG7/STOML2/PARL/PMPCB/MCUB","REACTOME"
"HALLMARK_TNFA_SIGNALING_VIA_NFKB","HALLMARK_TNFA_SIGNALING_VIA_NFKB",161,0.464811506702731,1.76569880288664,1.74992989912929e-05,0.000428732825286675,0.000331565665098181,3752,"BCL3/STAT5A/MSC/RELA/PPP1R15A/KLF6/PLEK/TRIP10/DUSP5/PANX1/NR4A3/IFIH1/NR4A2/CCND1/TAP1/BHLHE40/LDLR/JUN/ETS2/CCL4/GADD45B/TUBB2A/NFKBIE/DRAM1/FOS/ZFP36/KDM6B/CCL5/KLF10/PDLIM5/GCH1/TNIP1/PTPRE/CEBPD/PFKFB3/DNAJB4/MXD1/GADD45A/NFKB1/FOSB/TIPARP/NFAT5/PNRC1/BCL6/CDKN1A/PDE4B/BTG1/SPSB1/FOSL2/AREG/MAP3K8/IER3/PER1/SLC2A3/YRDC/ATP2B1/RNF19B/B4GALT1/TNFRSF9/DUSP4/KLF2/IL1B/ZBTB10/NR4A1/NFIL3/CD44/PMEPA1/PTGER4/TSC22D1/CCNL1/DUSP2/EGR1/IRF1/TNF/TNFAIP3/ID2/JUNB/CSF1/GPR183/EHD1","HALLMARK"
"DURANTE_ADULT_OLFACTORY_NEUROEPITHELIUM_NK_CELLS","DURANTE_ADULT_OLFACTORY_NEUROEPITHELIUM_NK_CELLS",83,0.544438232554035,1.90464394452331,2.25494948055356e-05,0.000448939942037481,0.000340939730074127,2763,"MYO1F/EFHD2/SH3BGRL3/PLEK/GNLY/PRF1/CST7/IL2RB/IFITM2/IL32/NKG7/GZMB/CCL4/SPN/LSP1/CLIC3/GZMA/GZMH/ARL4C/CCL5/MATK/LCP1/RAC2/PSMB9/PYHIN1/PTGDS/GPR65/CYBA/HCST/IL2RG/APOBEC3G/CYRIB/EMP3/FCGR3A","CELLTYPE"
"MANNO_MIDBRAIN_NEUROTYPES_HNBML5","MANNO_MIDBRAIN_NEUROTYPES_HNBML5",204,0.436262574628536,1.70444934276659,2.65625562750391e-05,0.000513282337432374,0.000389803457410791,3051,"CORO2A/MLLT11/IRF2BPL/FTO/AUTS2/HBB/MFSD6/RAP1GAP2/JAKMIP2/CPEB2/HIVEP3/MVB12B/FRY/GATA3/AMPH/CTSC/MAP1B/CD2/SLC9A6/CASZ1/L1CAM/CMIP/PLPP2/TP53I11/DOK6/KDM5B/PRKCB/APOL6/SCD5/ENO2/TCAF1/C1orf35/SNORA12/MACO1/KIF21B/FNDC9/MTUS2/PGM2L1/TRIM13/GOLGA8B/TCERG1/ATP1A3/DNAJC16/LINC00205/KIF21A/UBN2/TMEM169/UCP3/PDS5B/TSPOAP1/RALGPS1/CCDC85B/FICD/ANKIB1/ANKRD13B/DLG3/PRKAR2B/POU2F1/LARP1B/KIF5C/CACNB3/ACVR2A/ANKS1B/ENC1/DUSP4/ATP8A1","CELLTYPE"
"GOBP_RESPONSE_TO_GROWTH_FACTOR","GOBP_RESPONSE_TO_GROWTH_FACTOR",431,0.395996429260895,1.64107918192931,1.15051449312718e-06,0.000539098219636738,0.000440136672257978,1386,"ATP2B4/SELENON/KMT2A/LATS1/CREBBP/PTPN1/EMD/RAPGEF1/RUNX2/GPR155/TGFBR3/TSPAN32/ZBTB7A/RNF111/TAB1/AXIN1/RELA/PPP1R9B/ARK2C/RUNX3/AKT1/SMAD5/GATA3/NBL1/MICOS10-NBL1/LATS2/GCLC/MAP1B/PXN/CBL/HSPA5/HGS/ACVR2B/LEMD3/GCLM/ARF6/PML/KDM5B/ZMIZ2/EP300/PRKCB/JUN/DSTYK/ZFP36L1/BCL9L/USP9X/FURIN/DDIT3/ZEB2/HIF1AN/PARP1/CASK/ENG/RAB14/CHST11/GALNT3/FOS/PELO/TGFB1/ZFP36/NR3C1/XCL1/ANGPT2/ZYX/HIPK2/NOTCH2/PDPK1/LTBP3/WWOX/CCL5/THBS1/MYO1C","GOBP"
"BUSSLINGER_ESOPHAGEAL_DENDRITIC_CELLS","BUSSLINGER_ESOPHAGEAL_DENDRITIC_CELLS",198,0.435909424084411,1.70104443691143,3.0166427293884e-05,0.000566266935202337,0.000430041700369955,1887,"HLA-DPB1/S100B/LMNA/NIBAN1/ADAM8/VIM/CCND2/RUNX3/SH3BGRL3/TBC1D4/LGALS1/PLEK/PTK2B/HLA-DQB1/ADCY7/NR4A3/MIDN/TUBA1B/NR4A2/RANBP2/MOB3A/PRKCB/SLC2A1/ALOX5AP/HLA-DQA1/SLC12A7/JAML/CD4/ENG/LSP1/CKLF/VASP/ACTB/FOS/ZFP36/TAMALIN/GNA15/ZYX/DENND1B/HLA-DPA1/MYADM/ARL4C/KDM6B/RGS1/PEA15/LCP1/HSPA1A/PDE4A/FOSB/CELF2/CAMK1D/TMEM14C/CTSH/NFATC2/HLA-DRB1/PNRC1/SKIL","CELLTYPE"
"GOBP_SYNCYTIUM_FORMATION","GOBP_SYNCYTIUM_FORMATION",77,-0.540205103186639,-2.0478101787715,1.76969296323665e-06,0.000725574114927028,0.000592381434009743,2258,"RAPGEF3/RPL7/RPL34/RPL35A/CDON/TYROBP/RPL23/RPL39/RPL10A/CAMK1/RPL37A/RPL9/RPL36/RPL5/RPL32/RPL11/UBA52/RPL27A/RPL12/RPL6/RPL35/CAPN2/RPL13/RPL7A/RPL18/RPL19/RPL15/RPL29/RPLP2/RPL13A/RPL41/RPL4/RPLP0/RPLP1/TCTA/RPL10","GOBP"
"RUBENSTEIN_SKELETAL_MUSCLE_PCV_ENDOTHELIAL_CELLS","RUBENSTEIN_SKELETAL_MUSCLE_PCV_ENDOTHELIAL_CELLS",192,-0.381323798973587,-1.66785972293805,4.19186572260111e-05,0.000765015494374703,0.000580977880851733,1493,"EIF4B/RPS24/RPS3A/RPS12/TMSB10/HMGB2/FOXP1/POLE4/SNHG8/ACTN1/RPL36/TMSB4X/RPS25/RPS8/RPL22/YBX1/RPS19/RPL32/PTMA/NAA38/RPL11/RPS4X/RPL12/GNAQ/RPS21/RPS18/RPS6/RPS5/PFDN5/ZFP36L2/GIMAP5/RPS13/RPS15/RPL7A/RPS7/RPS11/RPS28/RPS14/RPL3/RPL15/RPL29/RPS9/RPLP0/FKBP1A/EEF1A1/HINT1/PRMT1/RPS2/RPL10/MARCKSL1/SUN1/FLOT1","CELLTYPE"
"HAY_BONE_MARROW_EARLY_ERYTHROBLAST","HAY_BONE_MARROW_EARLY_ERYTHROBLAST",81,-0.504455774280225,-1.9721834902089,4.62948843238906e-05,0.000822047000021516,0.000624289478507087,2872,"CLNS1A/AIG1/CMSS1/CASP6/PHF6/GNL3/GGCT/NDUFAF2/RRP9/PVT1/NPM1/UQCRH/RPL23/NHP2/MUC1/NDUFC2/CXADR/RPL37A/MRPS25/NPM3/AK2/ABO/SDHAF3/DNPH1/OLA1/GTF3A/SLC12A6/MYC/SLC39A4/COQ8A/PPA1/MRPS26/PRMT1/TUFM/SELENOH/MRPS23","CELLTYPE"
"GOBP_PERK_MEDIATED_UNFOLDED_PROTEIN_RESPONSE","GOBP_PERK_MEDIATED_UNFOLDED_PROTEIN_RESPONSE",22,0.784804491651875,2.10773373943525,2.54743175585245e-06,0.00086416808917281,0.000705533895653282,1074,"PTPN1/PPP1R15A/PPP1R15B/QRICH1/AKT1/HSPA5/TMEM33/DDRGK1/DDIT3/AKT3/NCK2","GOBP"
"GOBP_VASCULATURE_DEVELOPMENT","GOBP_VASCULATURE_DEVELOPMENT",437,0.386726480551655,1.60417929003056,2.63465880845369e-06,0.00086416808917281,0.000705533895653282,2948,"ATP2B4/WNK1/SH2D2A/TGFBR3/PROK2/HIPK1/TAB1/ADAM8/ERAP1/FKBPL/RELA/CX3CR1/ANG/VEZF1/MECP2/VPS4B/PAK4/FOXJ2/AKT1/PLXND1/EPN1/S1PR1/AP2B1/RNF213/LUZP1/UBP1/GLUL/PTK2B/BCAS3/PSEN1/HECTD1/LLGL2/HGS/PRDM1/ACVR2B/SEMA5A/PML/AGO2/LDLR/RUNX1/HOXA1/PRKCB/JUN/ZFP36L1/DDIT3/NFATC3/HIF1AN/ENG/KLF5/AKT3/LOXL1/CLIC3/IMMP2L/TGFB1/HDAC7/SUFU/ANGPT2/TCF7L2/RBM15/HIPK2/NOTCH2/TYMP/PDPK1/BAX/QKI/THBS1/E2F8/STAT1/SP1/PIK3R3/ELMO2/HDAC5/B9D1/GADD45A/ATP7A/MAPK1/TIPARP/BAK1/NFATC2/FBXW7/ELK3/SGCB/PIK3CG/CTNND1/ITGB1BP1/NOTCH1/TMEM231/NOS3/BTG1/RIC8A/NOTCH4/E2F2/CTH/MDM2/KRIT1/MYH9/FOXO1/BRCA1/MAP3K3/FASLG/CCR2/TSPAN18/PPP3R1/SEMA4A/NFATC1/GAA/PRKD2/TGFBI/DNMT1/RORA/PRCP/SIRT6/PDGFD/SRPK2/EPHB4/HHEX/B4GALT1/ADGRG1/STIM1/STAT3/SIRT1/ARID2/PKD1/ZFAND5/TNFSF12","GOBP"
"HALLMARK_INTERFERON_ALPHA_RESPONSE","HALLMARK_INTERFERON_ALPHA_RESPONSE",92,0.519405250122169,1.81975294199178,6.05727384480282e-05,0.000989354727984461,0.000765129327764567,2759,"HELZ2/CMPK2/RSAD2/MX1/PARP9/OAS1/DDX60/IFIT3/NUB1/IFITM3/IFI27/TRIM14/IFIH1/TAP1/IFI44/IRF9/OASL/IFITM2/EPSTI1/IFI44L/TRIM26/EIF2AK2/TRIM25/SAMD9L/HERC6/IRF7/TRIM21/IFITM1/PSMB9/LAP3/RNF31/PSME2/LY6E/SP110/CASP1/BST2/LAMP3/GBP4/STAT2/ISG15","HALLMARK"
"GOBP_T_CELL_DIFFERENTIATION","GOBP_T_CELL_DIFFERENTIATION",286,0.422196011009525,1.70167278870911,3.59917844610585e-06,0.00107320957302065,0.000876201910707491,2509,"KMT2A/ITPRIPL1/BCL3/AIRE/RUNX2/ARID1A/RSAD2/STAT5A/BRD4/ADAM8/SMARCA4/RUNX3/FUT7/LGALS1/GATA3/FANCA/CD2/KAT7/IKZF3/LAG3/SASH3/STAT4/PRDM1/LMBR1L/MR1/ACTL6A/PHF10/SMARCA2/EP300/RUNX1/ZFP36L1/IL4I1/CCR6/EOMES/NFATC3/SPN/CD4/ACTB/BATF/RARA/SOX13/TGFB1/KDELR1/PRKDC/PSMB2/SOCS5/DUSP10/AMBRA1/KLHL25/TBK1/PIK3R3/ZBTB7B/DTX1/TBX21/IL12RB1/DOCK2/ARMC5/ATP7A/GBA1/IL18R1/IL23R/ZFPM1/TCIRG1/AP3B1/PSMB9/HLA-DRB1/CD3G/ENTPD7/BCL6/PREX1/BRD2/GPR89B/GPR89A/RASGRP1/PSMA5/GPR65/ICOS/LGALS9/IL18RAP/GPR18/PSMA6/FOSL2/IL2RG/CCR2/SEMA4A/SART1","GOBP"
"HE_LIM_SUN_FETAL_LUNG_C2_CXCL9_POS_MACROPHAGE_CELL","HE_LIM_SUN_FETAL_LUNG_C2_CXCL9_POS_MACROPHAGE_CELL",103,0.50090164366007,1.81768412481697,6.23805072658165e-05,0.00107852613878004,0.000819068156343407,1731,"GBP5/IFI6/MX1/PARP9/PATL2/HIVEP3/OAS3/OAS2/IFIT3/IFIH1/TAP1/SLAMF7/IRF9/OASL/IL32/ARAP2/IL4I1/XAF1/EPSTI1/DTX3L/PRR5L/VPS9D1/APOL6/DRAM1/BATF/SAMD9L/APOL2/NLRC5/STAT1/GCH1/NECTIN2/IFITM1","CELLTYPE"
"LAKE_ADULT_KIDNEY_C22_ENDOTHELIAL_CELLS_GLOMERULAR_CAPILLARIES","LAKE_ADULT_KIDNEY_C22_ENDOTHELIAL_CELLS_GLOMERULAR_CAPILLARIES",91,0.525899441144962,1.87920720925541,7.24538631569808e-05,0.00122056892549068,0.000926940111643964,1606,"CEP112/EPB41L4A/HIVEP3/DYRK1A/ARHGAP26/ARHGEF12/HECW2/BCAS3/PAN3/RBMS1/NTN4/FCHSD2/SEC14L1/ZSWIM6/AKT3/RABGAP1L/FOS/DNAJC1/HIPK2/SYNE1/QKI/PEAK1/FMNL2/HSPA1A","CELLTYPE"
"REACTOME_RUNX1_INTERACTS_WITH_CO_FACTORS_WHOSE_PRECISE_EFFECT_ON_RUNX1_TARGETS_IS_NOT_KNOWN","REACTOME_RUNX1_INTERACTS_WITH_CO_FACTORS_WHOSE_PRECISE_EFFECT_ON_RUNX1_TARGETS_IS_NOT_KNOWN",35,0.675026765912279,2.01177278040409,2.93899680136529e-05,0.00122671170839595,0.00105454164405967,1161,"AUTS2/PHC1/ARID1A/SMARCA4/CBX4/ACTL6A/SMARCA2/EP300/RUNX1/CSNK2A1/HIPK2","REACTOME"
"GOBP_MITOCHONDRIAL_GENE_EXPRESSION","GOBP_MITOCHONDRIAL_GENE_EXPRESSION",168,-0.416364705232958,-1.77905025281826,4.51346693974918e-06,0.00123368096353144,0.00100721578023876,1960,"ALKBH1/RMND1/MRPL57/MTRF1/MRPS28/MRPL40/MRPS16/FASTKD3/TRUB2/YARS2/MTERF1/MRPS25/SLC25A33/TRMT61B/MRPL27/OSGEPL1/MRPL41/KAT8/SHMT2/MRPL17/MRPL54/MRPL21/MRPS15/SARS2/METTL4/THAP11/MTIF3/MRPL55/MRPS34/MRPS21/MRPS17/MRPL11/HSD17B10/MRPL44/PUS1/MRPS26/MRPS10/MRPL34/RARS2/MTPAP/ELAC2/MRPL43/TUFM/MRPS23","GOBP"
"AIZARANI_LIVER_C1_NK_NKT_CELLS_1","AIZARANI_LIVER_C1_NK_NKT_CELLS_1",155,0.454546055044511,1.73666528938722,8.22448919249203e-05,0.0013179242437725,0.00100087493639056,1779,"SH2D2A/CBLB/APOBEC3C/MLLT6/RUNX3/SH3BGRL3/GNLY/CD2/IKZF3/BTN3A1/SASH3/PRF1/PRDM1/ITGAL/SYTL3/SLAMF7/CST7/IKZF1/PRKCB/IL2RB/IL32/AKNA/NKG7/ALOX5AP/ARHGAP30/GZMB/EOMES/PARP8/FLNA/CXCR6/CCR5/TRGC1/GZMA/GZMH/NLRC5/ARL4C/CCL5/RGS1/PPP1R18/LCP1/TBX21/RBM38/CELF2/MAPK1/IFITM1/STK17A/RAC2","CELLTYPE"
"TRAVAGLINI_LUNG_BRONCHIAL_VESSEL_2_CELL","TRAVAGLINI_LUNG_BRONCHIAL_VESSEL_2_CELL",216,0.413256834815035,1.62719978986881,8.09587878960225e-05,0.0013179242437725,0.00100087493639056,2049,"ETV6/IRF2BPL/IFI6/LMNA/MX1/PICALM/DNAJA1/IFIT3/IFITM3/NEDD9/SERTAD3/PRDM1/MIDN/TUBA1B/NR4A2/TPM4/TAP1/BHLHE40/ARF6/LDLR/IFITM2/ETS2/IFIT1/CSRNP1/GADD45B/TSC22D2/IFI16/VASP/ACTB/ZFP36/ZYX/CDC42EP3/KDM6B/RGS1/IRF7/KLF10/STOM/RNF122/GNAI3/CEBPD/PFKFB3/FOSB/IFITM1/ITM2A/ATP1B3/SERTAD1/DCAF13/CDKN1A","CELLTYPE"
"GOBP_REGULATION_OF_CELLULAR_RESPONSE_TO_GROWTH_FACTOR_STIMULUS","GOBP_REGULATION_OF_CELLULAR_RESPONSE_TO_GROWTH_FACTOR_STIMULUS",181,0.46045418156677,1.77064700771451,5.63867458960645e-06,0.00132106090385065,0.00107855550044803,2911,"ATP2B4/LATS1/CREBBP/PTPN1/RUNX2/GPR155/TGFBR3/TSPAN32/ZBTB7A/RNF111/AXIN1/ARK2C/GATA3/NBL1/MICOS10-NBL1/LATS2/HSPA5/HGS/LEMD3/EP300/PRKCB/DSTYK/BCL9L/ZEB2/HIF1AN/CASK/ENG/CHST11/PELO/HIPK2/NOTCH2/PDPK1/THBS1/PALS1/HSPA1A/ING1/SAP130/SKIL/NOTCH1/PBLD/NGLY1/SNX25/PTP4A3/RBBP4/TRIM33/ZDHHC17/CYFIP1/UBE2O/PRKD2/BRMS1/PPM1A/SAP30/HHEX/CRIM1/FLCN/ADGRG1/SIRT1/SKI","GOBP"
"GOBP_POSITIVE_REGULATION_OF_CATABOLIC_PROCESS","GOBP_POSITIVE_REGULATION_OF_CATABOLIC_PROCESS",462,0.37890632465535,1.57916287746734,5.3017541156833e-06,0.00132106090385065,0.00107855550044803,2367,"PTPN1/FTO/CBLB/LRSAM1/SESN2/AXIN1/ADAM8/PABIR2/ALKBH5/TICAM1/PATL2/LPCAT1/PLEKHF1/CLU/AKT1/GSK3A/NUB1/UBQLN2/MOAP1/NOD1/PUM1/GCLC/ELAVL1/AGO4/PTK2B/PSEN1/HECTD1/YTHDF2/ZBTB20/ZYG11B/CD81/ADRB2/EGLN2/PAN3/CDK16/ZC3H12B/KEAP1/AGO2/LDLR/CNOT10/DDRGK1/EIF4ENIF1/KHNYN/PARN/PAFAH1B2/ZFP36L1/TRIM22/PSMC6/FURIN/ABCD1/UBQLN1/UPF1/ZSWIM8/RAD23A/CSNK2A1/DTX3L/GIGYF2/PRR5L/SPTLC2/HERPUD1/PSMD10/RPGR/TMX1/ZFP36/DXO/DCAF1/SOCS5/AMBRA1/ABCA2/ZC3H18/HELZ/CLSTN3/BAX/ATG2A/QKI/SH3RF2/DCP1A/HUWE1/TBK1/LARP1/VPS11/BARD1/DNAJB2/BAG6/CUL4A/DIS3L2/PNPLA2/GNAI3/TRIM13/HSPA1A/PDE12/TRIM21/TIPARP/SH3GLB1/YTHDF3/GBA1/EDC4/FBXW7/ATG101/SUPT5H/TMEM259/PATL1/PRKAA1/RCHY1/P2RX7/VGLL4/RNF31/PYHIN1/RNF139/CDK1/MDM2/ITCH/ORMDL3/FOXO1/GGA1/TNRC6C/PRKN/HDAC6","GOBP"
"REACTOME_MITOCHONDRIAL_TRANSLATION","REACTOME_MITOCHONDRIAL_TRANSLATION",112,-0.458624897699313,-1.82494499364196,3.39795175998727e-05,0.00135918070399491,0.00116841849992545,3085,"MRPL9/PTCD3/MTFMT/MRPL3/MRPL1/MRPL4/MT-CO3/MT-CO2/MRPL36/AURKAIP1/MRPS22/MRPL24/MRPS7/MRPL18/MT-ND3/MRPL57/MTRF1/MRPS28/MRPL40/MRRF/MRPS16/MRPS25/MRPL27/MRPL41/MRPL17/MRPL54/MRPL21/MRPS15/ERAL1/MTIF3/MRPL55/MRPS34/MRPS21/MRPS17/MRPL11/MRPL44/MRPS26/MRPS10/MRPL34/MRPL43/TUFM/MRPS23","REACTOME"
"BUSSLINGER_GASTRIC_MATURE_PIT_CELLS","BUSSLINGER_GASTRIC_MATURE_PIT_CELLS",147,0.457031479423898,1.73005193773165,0.000103408890393801,0.0016176104997316,0.00122846651746019,2458,"ACTN4/RAB27A/IFI6/LMNA/OAS1/ANG/DDX60/EFHD2/SH3BGRL3/EPN1/ITPR3/SLC9A1/IFI27/CTNNA1/RHOC/SYNJ2/MIDN/GPX2/CCND1/TPM4/VASP/ACTB/TCF7L2/PGRMC2/NAPEPLD/S100A6/STK24/RAC1/ABHD2/LGALS3/PNPLA2/ETNK1/MXD1/ATP2A3/LRP10/SPIRE2/AHNAK/RBM47/CYSTM1/EPS8L1/PAQR8/LGALS9C/PLXNB2/DNM2/FHL2","CELLTYPE"
"LAKE_ADULT_KIDNEY_C2_PODOCYTES","LAKE_ADULT_KIDNEY_C2_PODOCYTES",134,0.46199124192205,1.7313882190747,0.000108458038500399,0.00165713793708749,0.00125848495102054,1658,"CEP112/CBLB/TGFBR3/ACTN4/FRMD3/EML4/PICALM/FRY/ARHGEF12/PHACTR4/KIF1B/PAN3/RBMS1/SEMA5A/GOLIM4/FCHSD2/ZSWIM6/AKT3/ANKRD11/PARD3B/RABGAP1L/QKI/SOX2-OT/WWOX/FMNL2/PDLIM5/PLCE1/PALS1/ABLIM2/MSI2/TET2/IQGAP2","CELLTYPE"
"GAUTAM_EYE_CHOROID_SCLERA_MELANOCYTES","GAUTAM_EYE_CHOROID_SCLERA_MELANOCYTES",146,-0.396738464290292,-1.68129083107633,0.000112143388553994,0.00167450468818123,0.00127167383192807,2341,"COX6A1/USF2/EIF3M/RETREG2/AKAP8/SOD1/MT-ND3/PEPD/MRPL57/CYB5R1/SLC4A2/AP2M1/TIMM44/TPMT/PSMC3/SLC25A5/RTTN/SLC35B2/SUMO3/NGDN/PPAN/SNHG8/STAM/FAU/KARS1/CUTA/SECISBP2/RBM23/CHCHD3/TPCN2/VDAC2/SDHB/EIF3G/SNX2/TOMM22/PRELID1/XAB2/KCNJ13/NELFE/HIBADH/RPLP0/CCT7/ENOPH1/BEX2/CRYL1/TUFM","CELLTYPE"
"FAN_EMBRYONIC_CTX_BIG_GROUPS_BRAIN_ENDOTHELIAL","FAN_EMBRYONIC_CTX_BIG_GROUPS_BRAIN_ENDOTHELIAL",234,0.401336725850438,1.59834407069616,0.000114868460621082,0.0016770795250678,0.00127362924758814,3449,"CETP/VCL/ACTN4/IFI6/LMNA/VIM/S100A10/PLXND1/OAS2/LGALS1/IFITM3/IFI27/PXN/RHOC/PCDH12/SEMA5A/TPM4/BHLHE40/GOLIM4/CPD/SLC2A1/IFITM2/IL32/XAF1/ETS2/EPSTI1/IFI44L/SLC12A7/FLNA/ENG/NHERF1/DNAJC1/PELO/NR3C1/MT1E/COL6A1/CLIC1/SLC43A3/STAT1/MYO1C/SORBS3/PLCE1/STOM/TMEM109/NECTIN2/CD82/IFITM1/RGS3/PLOD1/ITM2A/IQGAP1/NOTCH1/SERTAD1/AAMDC/NOTCH4/MYH9/SLC3A2/PDE8A/LY6E/STING1/PON2/BST2/SYPL1/PRCP/SLC2A3/ISG15/WFS1/PODXL/PDXK/PHACTR2/PDLIM2/PRKCH/LAPTM4A/TES/RELL1/NHERF2/MYO6/MAP4K2/SH2D3C/PSMB8/SLC39A8/CLDN5/IGFBP7/HLA-A/SNRK/PMEPA1/SLC20A2","CELLTYPE"
"HE_LIM_SUN_FETAL_LUNG_C4_CD8_T_CELL","HE_LIM_SUN_FETAL_LUNG_C4_CD8_T_CELL",45,-0.57118536588606,-1.97888103239774,0.00012947633662418,0.00181411444843101,0.00137769806706128,1904,"SERPINF1/RCAN3/SERINC5/FAM117B/TRABD2A/PECAM1/NELL2/ACTN1/LIMS2/MAL/LINC01550/SPINT2/CCR7/LDLRAP1/LRRN3/PASK/PRKAR1B/CD79A/ARMH1","CELLTYPE"
"TRAVAGLINI_LUNG_BASAL_CELL","TRAVAGLINI_LUNG_BASAL_CELL",137,-0.407998041640725,-1.71402343285739,0.000130072257010637,0.00181411444843101,0.00137769806706128,1947,"NPM1/SERPINF1/RPL23/RPSA/IMP3/CALD1/RPL10A/CDK4/EIF4B/RPS3A/HNRNPA1/ALDH3A2/RPL9/NPM3/ARPC2/RPL5/ARG2/RPL32/RPS4X/RPL12/RPL6/RPS6/RPS5/MYC/ZFP36L2/RPL13/RPS3/RPS7/RPS11/RPL3/RPL15/RPL29/RPL13A/RPL4/RPLP0/PGAM1/EEF1A1/RPL13AP5/PRMT1/RPLP1/PRNP/RPS2/SNHG29","CELLTYPE"
"MANNO_MIDBRAIN_NEUROTYPES_HPERIC","MANNO_MIDBRAIN_NEUROTYPES_HPERIC",496,0.356709959114849,1.49629823397364,0.000132538041894503,0.00181411444843101,0.00137769806706128,2307,"HSPA2/GGT1/BCL3/CETP/HBB/VCL/LMNA/APOBEC3C/F2R/HBA2/EFCAB14/NIBAN1/KLF6/RUNX3/EFHD2/CTDSP1/ARHGAP26/LGALS1/SMAGP/SLC9A1/RNF213/SLC66A3/DUSP5/MICOS10-NBL1/LATS2/IFITM3/ARHGEF12/TNFAIP1/LAG3/RHOC/STAT4/CD81/NR4A3/RBMS1/SEMA5A/PLA2G4C/TPM4/ANXA4/PIEZO1/NAB1/IFI44/MEF2D/RUNX1/PRKCB/JUN/IFITM2/ZFP36L1/TLN1/TRIM22/DDIT3/KCNMB3/EPSTI1/CRTAP/SLC12A7/CSRNP1/JAML/FLNA/GADD45B/CD4/GLS/TAGLN/PZP/APOL6/NHERF1/DRAM1/FOS/NCK2/PELO/TGFB1/ZFP36/NR3C1/ANGPT2/ZYX/NOTCH2/MIR4435-2HG/PPARGC1B/COL6A1/EVA1C/MYADM/CASTOR1/MYO1C/PEAK1/SEPTIN4/PLCE1/ABHD2/MAP3K5/SERF1A/STOM/LPP/CEBPD/NECTIN2/DNAJB4/PTGDR2/ING1/FOSB/IFITM1/MRC2/FRMD4B/TCIRG1/PLOD1/PNRC1/SLC2A14/IQGAP1/ATP1B3/LCP2/SSR3/BCL6/PDE5A/SERTAD1/ITPRIPL2/PAG1/CDKN1A/EPHX1/AAMDC/CYSTM1/MYH9/CDK7/BCAP29/PDE8A/MAP3K20/FCHSD1/ELL2","CELLTYPE"
"TRAVAGLINI_LUNG_CAPILLARY_INTERMEDIATE_2_CELL","TRAVAGLINI_LUNG_CAPILLARY_INTERMEDIATE_2_CELL",372,-0.317987579293439,-1.48591051530208,0.000155419295120882,0.00208388728355958,0.00158257241433508,1872,"RBX1/COX6C/ARL2BP/MYL6/VAMP5/RPL23/RPL39/RTF2/COX7A2/PSME1/HPCAL1/CFAP36/FKBP5/SUMO2/PPIA/ISCU/CAVIN1/RPS24/ANAPC16/SUMO3/TP53TG1/RPS12/RPL37A/TMSB10/NUCB2/NDUFA2/RCSD1/GMFG/IK/FAU/FTL/GYPC/CYB5A/UBE2L3/TMSB4X/ARPC2/RPS25/LARP7/COX4I1/HNRNPH3/SERPINB6/RPL22/YBX1/FIS1/RPS20/CSDE1/COPS9/COX6B1/HMGB1/MYLK/MED28/PTMA/NDUFB9/NAA38/UBA52/ROMO1/GPX4/RPL27A/SNRPD2/CALR/MPG/MTIF3/RPS21/GTF3A/RPL35/RPS19BP1/CAPN2/SPTBN1/PFDN5/TOMM7/BRK1/PLGRKT/SNHG32/RPS7/RPS11/OAZ1/RPS28/NDUFS5/RALA/RNF181/RPLP2/RPL41/FKBP1A/EEF1A1/PKIG/PRMT1/CETN2/RPLP1/HMGN2/GPX1/SELENOW","CELLTYPE"
"GOBP_LYMPHOCYTE_ACTIVATION_INVOLVED_IN_IMMUNE_RESPONSE","GOBP_LYMPHOCYTE_ACTIVATION_INVOLVED_IN_IMMUNE_RESPONSE",199,0.440414496745983,1.71468513023822,1.15451642810378e-05,0.0025245425894536,0.00206111564427791,2485,"KMT2A/BCL3/RAB27A/STAT5A/SUPT6H/BRD4/SLC11A1/CD40LG/LGALS1/GATA3/PCYT1A/PTK2B/PSEN1/STAT4/AP1G1/CD81/ITGAL/EXOSC3/EP300/DDRGK1/NKG7/CCR6/EOMES/SPN/BATF/RARA/TGFB1/PSMB2/NOTCH2/SOCS5/SHLD3/TBK1/LGALS3/LCP1/ZBTB7B/NSD2/TBX21/ITFG2/IL12RB1/ATP7A/CD244/IL18R1/IL23R/ZFPM1/ITM2A/PSMB9/HLA-DRB1/ENTPD7/APBB1IP/BCL6/BRD2/PSMA5/GPR65/ICOS/LGALS9/IL18RAP/VAMP2/PSMA6/NBN/SEMA4A","GOBP"
"HE_LIM_SUN_FETAL_LUNG_C3_ARTERIAL_ENDOTHELIAL_CELL","HE_LIM_SUN_FETAL_LUNG_C3_ARTERIAL_ENDOTHELIAL_CELL",186,0.419373867771866,1.63201181309546,0.000195400672968049,0.00256756484280016,0.00194989303130221,2263,"TANC2/IFI6/CYB561D2/F2R/ST8SIA6/MX1/MAMLD1/KANSL3/ITPR3/TTLL3/B3GNT2/CTSC/LTC4S/SYNJ2/SYT11/NR4A2/SEMA3G/GOLIM4/QSOX1/DSTYK/ST3GAL4/IFI44L/CSRNP1/PDE4D/TRIM47/CLIC3/SOX13/C1QTNF6/COL6A1/CDC42EP3/CALHM2/EVA1C/ABCC4/HIP1R/NICOL1/RASD1/PIK3R3/GCH1/ZBTB7B/KCNN4/CAMK1D/ATP2A3/IFITM1/HLA-DRB1/SKIL/TSPAN2/ITPR1/ADA2/MXRA7/TRAM2/PAPSS1/PTGDS/ARL15","CELLTYPE"
"GOBP_NEURAL_RETINA_DEVELOPMENT","GOBP_NEURAL_RETINA_DEVELOPMENT",34,0.687133142084993,2.01959521340739,1.37135349350538e-05,0.00258475880269537,0.00211027804687324,1266,"ATP2B4/HIPK1/SMARCA4/PSEN1/PRDM1/ACTL6A/FOS/HIPK2/SOX8","GOBP"
"GOBP_REGULATION_OF_SODIUM_ION_TRANSPORT","GOBP_REGULATION_OF_SODIUM_ION_TRANSPORT",38,0.660913343475415,1.98742505696297,1.52517282079983e-05,0.00258475880269537,0.00211027804687324,1097,"ATP2B4/WNK1/ACTN4/MLLT6/AKT1/SNTA1/ADRB2/SCN1B/CHP1/NHERF1/TGFB1","GOBP"
"GOBP_MYOBLAST_FUSION","GOBP_MYOBLAST_FUSION",68,-0.539748786441211,-1.985746181695,1.47962988478445e-05,0.00258475880269537,0.00211027804687324,2193,"RPL7/RPL34/RPL35A/CDON/RPL23/RPL39/RPL10A/RPL37A/RPL9/RPL36/RPL5/RPL32/RPL11/UBA52/RPL27A/RPL12/RPL6/RPL35/CAPN2/RPL13/RPL7A/RPL18/RPL19/RPL15/RPL29/RPLP2/RPL13A/RPL41/RPL4/RPLP0/RPLP1/RPL10","GOBP"
"GOBP_REGULATION_OF_VIRAL_LIFE_CYCLE","GOBP_REGULATION_OF_VIRAL_LIFE_CYCLE",91,0.528656658188327,1.8557246770787,1.46245581471145e-05,0.00258475880269537,0.00211027804687324,3634,"RSAD2/STAU1/APOBEC3C/MX1/OAS1/OAS3/OAS2/LGALS1/IFITM3/KPNA2/IFIH1/VPS37B/OASL/IFITM2/IL32/FURIN/IFIT1/RAD23A/EIF2AK2/IFI16/TRIM25/APOBEC3H/CCL5/LARP1/TNIP1/NECTIN2/PDE12/TRIM21/IFITM1/NOTCH1/N4BP1/ZNFX1/LGALS9/PPID/BST2/LAMP3/APOBEC3G/ISG15/SRPK2/SRPK1/KPNA6/ADARB1/TRIM62/DDX3X/TRIM11/VAPB/ADAR/TNF/MAVS","GOBP"
"GOBP_POSITIVE_REGULATION_OF_LEUKOCYTE_CELL_CELL_ADHESION","GOBP_POSITIVE_REGULATION_OF_LEUKOCYTE_CELL_CELL_ADHESION",230,0.423857594422031,1.67000423382607,1.6548760627013e-05,0.00258475880269537,0.00211027804687324,2679,"TNFSF14/HLA-DPB1/ARID1A/STAT5A/BRD4/ADAM8/RELA/SMARCA4/RUNX3/AKT1/FUT7/CD40LG/LGALS1/GATA3/HLA-DQB1/SASH3/CD81/NR4A3/TRAF6/ACTL6A/PHF10/SMARCA2/EP300/RUNX1/ST3GAL4/SLAMF1/IL4I1/CCDC88B/HLA-DQA1/SPN/CD4/PDCD1LG2/ACTB/NCK2/RARA/SOX13/TGFB1/XCL1/SOCS5/DOCK8/FBXO38/DUSP10/AMBRA1/PDPK1/HLA-DPA1/CCL5/KLHL25/ZBTB7B/IL12RB1/NFAT5/IL23R/AP3B1/HLA-DRB1/PRKAA1/PPP3CA/BCL6/CD6/BRD2/CD5/RASGRP1/GPR65/ICOS/LGALS9/CSK/IL2RG/CCR2/SART1/MAP3K8/JAK2/FOXO3/CYRIB","GOBP"
"GOBP_RESPONSE_TO_VIRUS","GOBP_RESPONSE_TO_VIRUS",347,0.391034154227525,1.59334985797486,1.59205751702344e-05,0.00258475880269537,0.00211027804687324,1741,"BCL3/GBP5/RSAD2/TSPAN32/IFI6/APOBEC3C/MX1/PARP9/OAS1/RELA/TICAM1/DHX16/DDX60/CLU/OAS3/OAS2/IFIT3/GATA3/IFITM3/IFI27/PRF1/IFIH1/TRAF6/HCFC2/EXOC1/TRIM35/POLR3A/PML/CHUK/IFI44/IRF9/SLFN13/OASL/IFITM2/TRIM22/POLR3D/CCL4/SPN/IFIT1/IFI44L/TRIM26/DTX3L/EIF2AK2/IFI16/TRIM25/ERCC6/APOBEC3H/TGFB1/NCBP3/XCL1/ABCF3/NLRC5/BAX/ARF1/CCL5/IRF7/STAT1/TBK1/ZCCHC3/DDX60L/TRIM13/USP7/DHX15/TBX21/IL12RB1/PDE12/ARMC5/NFKB1/TRIM21/TRIM7/IFITM1/IL23R","GOBP"
"HAY_BONE_MARROW_CD34_POS_HSC","HAY_BONE_MARROW_CD34_POS_HSC",46,-0.558329840707757,-1.9368139767451,0.000210189809822182,0.00270773931476811,0.00205634612705293,2000,"BSPRY/BEX4/NPM2/RPS24/TMEM163/KRT18/RACK1/NRIP1/EIF3L/RPL15/EIF3D/RPS9/HINT1/CCNB1IP1/BEX2","CELLTYPE"
"GOBP_RESPONSE_TO_TRANSFORMING_GROWTH_FACTOR_BETA","GOBP_RESPONSE_TO_TRANSFORMING_GROWTH_FACTOR_BETA",187,0.448048034010526,1.73423061276828,1.84800435719216e-05,0.0027155031907789,0.00221702186050755,1645,"SELENON/KMT2A/LATS1/CREBBP/TGFBR3/ZBTB7A/RNF111/TAB1/AXIN1/RUNX3/SMAD5/LATS2/PXN/HSPA5/LEMD3/PML/ZMIZ2/EP300/JUN/ZFP36L1/BCL9L/USP9X/FURIN/ZEB2/PARP1/ENG/CHST11/FOS/TGFB1/NR3C1/XCL1/ZYX/HIPK2/PDPK1/LTBP3/WWOX/THBS1/PALS1/HSPA1A/ING1","GOBP"
"GOBP_DEFENSE_RESPONSE_TO_VIRUS","GOBP_DEFENSE_RESPONSE_TO_VIRUS",269,0.409002696390664,1.63705870804042,1.98695355422847e-05,0.0027155031907789,0.00221702186050755,1741,"GBP5/RSAD2/TSPAN32/IFI6/APOBEC3C/MX1/PARP9/OAS1/RELA/TICAM1/DHX16/DDX60/OAS3/OAS2/IFIT3/IFITM3/IFI27/PRF1/IFIH1/TRAF6/HCFC2/EXOC1/TRIM35/POLR3A/PML/IRF9/SLFN13/OASL/IFITM2/TRIM22/POLR3D/SPN/IFIT1/IFI44L/TRIM26/DTX3L/EIF2AK2/IFI16/TRIM25/ERCC6/APOBEC3H/NCBP3/ABCF3/NLRC5/IRF7/STAT1/TBK1/ZCCHC3/DDX60L/TRIM13/USP7/DHX15/IL12RB1/PDE12/ARMC5/TRIM21/TRIM7/IFITM1/IL23R","GOBP"
"GOBP_CELLULAR_RESPONSE_TO_NITROGEN_COMPOUND","GOBP_CELLULAR_RESPONSE_TO_NITROGEN_COMPOUND",436,0.373993457946477,1.54967019190581,1.91835675902649e-05,0.0027155031907789,0.00221702186050755,2747,"ATP2B4/SELENON/KLF11/PTPN1/RAPGEF1/GOLPH3/STAT5A/SESN2/VIM/OAS1/RELA/PPP1R9B/CPEB2/OAS3/AKT1/FUT7/TBC1D4/DTNBP1/GSK3A/UBR2/SLC9A1/ADIPOR1/GRK2/NOD1/GCLC/MAP1B/PXN/CTNNA1/HCN2/BLVRB/PSEN1/ADCY7/NR4A3/ADRB2/IFIH1/NR4A2/GCLM/ADCY9/MTR/EP300/CHRNB1/PRKCB/HSF1/ZFP36L1/NCSTN/RGS9/IFIT1/FLNA/PARP1/PDE4D/KLF5/AKT3/ACTB/NHERF1/FOS/TGFB1/GNA15/PRKDC/PDPK1/COL6A1/KBTBD2/CASTOR1/MYO1C/LARP1/RAC1/SP1/ZCCHC3/MAP3K5/ZNF106/PIK3R3/HRAS/HDAC5/PTPRE/ZBTB7B/PDE12/POR/NFKB1/MYO5A/MAPK1/TLR6/SLC2A8/ATP1A3/SGCB/PIK3CG/KLF16/PRKAA1/PPP3CA/PLCB1/P2RX7/STXBP4/HTR2B/RB1/AKAP6/ITPR1/MZB1/TRPA1/FOXO1/BRCA1/EIF4EBP2/CYBA/PRKN/USF1/VAMP2/CSK/LY6E/STING1/JUND/A1BG/PIP4K2C/WNT10B/CIB2/PRKCD/CDK2/JAK2/GNAS/FOXO3/CHMP5/NEDD8/ACE/INSIG2/PRKAR2B","GOBP"
"GOBP_POSITIVE_REGULATION_OF_HEMOPOIESIS","GOBP_POSITIVE_REGULATION_OF_HEMOPOIESIS",165,0.456611410396074,1.73259219591491,2.40911938718297e-05,0.00316076463598405,0.00258054725094462,2101,"ARID1A/STAT5A/BRD4/ADAM8/SMARCA4/RUNX3/TMEM64/LGALS1/GATA3/NEDD9/SASH3/TRAF6/ACTL6A/PHF10/SMARCA2/EP300/RUNX1/IL2RB/DDRGK1/HSF1/ZFP36L1/IL4I1/CD4/ACIN1/ACTB/FOS/RARA/SOX13/TGFB1/PRKDC/NOTCH2/SOCS5/PPARGC1B/DUSP10/AMBRA1/KLHL25/TNFRSF11A/KLF10/LGALS3/ZBTB7B/RIPK1/IL12RB1/IL23R/AP3B1/HLA-DRB1/PPP3CA/BCL6/RB1/BRD2/RASGRP1","GOBP"
"GOBP_CELL_FATE_COMMITMENT","GOBP_CELL_FATE_COMMITMENT",126,0.474450768375428,1.75227969837176,2.70935709113573e-05,0.00341795817650969,0.00279052811329931,2503,"LATS1/RUNX2/STAT5A/BRD4/LGALS1/SMAD5/GATA3/LATS2/BLVRB/PSEN1/PRDM1/GATAD2B/PML/EP300/ETS2/EOMES/SPN/BATF/RARA/SOX13/TCF7L2/PRKDC/NOTCH2/SOX8/KDM6B/GATAD2A/TBX21/IL12RB1/MTA3/IL23R/ZFPM1/CHD4/NOTCH1/DOCK7/BRD2/NOTCH4/CDC73/RBBP4/WNT10B/NFE2L1","GOBP"
"AIZARANI_LIVER_C21_STELLATE_CELLS_1","AIZARANI_LIVER_C21_STELLATE_CELLS_1",106,0.480390367449262,1.74628070520326,0.000297353818604958,0.00375695113122034,0.00285315202467106,2233,"VCL/ACTN4/LMNA/VIM/LGALS1/IFITM3/MAP1B/GLUL/CD81/TPM4/QSOX1/IFITM2/ZFP36L1/CSRNP1/ENG/TSC22D2/FOS/ZFP36/MKNK2/COL6A1/CDC42EP3/MYADM/THBS1/CEBPD/FOSB/TIPARP/HLA-DRB1/CDKN1A/MXRA7/PTGDS","CELLTYPE"
"GOBP_CELL_ACTIVATION_INVOLVED_IN_IMMUNE_RESPONSE","GOBP_CELL_ACTIVATION_INVOLVED_IN_IMMUNE_RESPONSE",267,0.413574848603712,1.65467421551056,3.15323539172094e-05,0.00383059706846099,0.00312741942944954,2485,"KMT2A/BCL3/CD84/RAB27A/STAT5A/SUPT6H/BRD4/TICAM1/CX3CR1/SLC11A1/CD40LG/LGALS1/GATA3/CBL/PCYT1A/PTK2B/PSEN1/STAT4/AP1G1/CD81/NR4A3/ITGAL/EXOSC3/EP300/DDRGK1/NKG7/SLAMF1/CCR6/EOMES/SPN/BATF/RARA/TGFB1/PSMB2/NOTCH2/SOCS5/PDPK1/SHLD3/TBK1/LGALS3/LCP1/ZBTB7B/NSD2/TBX21/ITFG2/IL12RB1/PTGDR/DOCK2/ATP7A/STXBP2/CD244/IL18R1/IL23R/ZFPM1/RAC2/ITM2A/PSMB9/HLA-DRB1/PIK3CG/ENTPD7/APBB1IP/BCL6/BRD2/STX4/RASGRP1/IL1RAP/PTGDS/PSMA5/GPR65/ICOS/LGALS9/IL18RAP/VAMP2/PSMA6/CCR2/NBN/SEMA4A","GOBP"
"AIZARANI_LIVER_C5_NK_NKT_CELLS_3","AIZARANI_LIVER_C5_NK_NKT_CELLS_3",121,0.451119815333518,1.66602509688727,0.000338946619118832,0.00420165903322779,0.00319087780461423,2535,"CBLB/CCND2/RUNX3/PLEK/GNLY/CD2/IKZF3/BTN3A1/SASH3/PRF1/PRDM1/ITGAL/NR4A2/SYTL3/SLAMF7/CST7/IKZF1/IL2RB/AKNA/NKG7/ALOX5AP/GZMB/EOMES/CCL4/PARP8/CXCR6/TRGC1/XCL1/GZMA/CCL5/S1PR5/LCP1/CELF2/MAPK1/IFITM1/STK17A/RAC2/ADGRE5/PTPN4/BTG1/PYHIN1/HCST/IL2RG/AREG/CNOT6L","CELLTYPE"
"GOBP_NEGATIVE_REGULATION_OF_VIRAL_GENOME_REPLICATION","GOBP_NEGATIVE_REGULATION_OF_VIRAL_GENOME_REPLICATION",41,0.634652438149107,1.93220937278851,3.75136409985741e-05,0.00438958885427553,0.00358379783224549,2937,"RSAD2/APOBEC3C/MX1/OAS1/OAS3/OAS2/IFITM3/IFIH1/OASL/IFITM2/IFIT1/EIF2AK2/IFI16/APOBEC3H/CCL5/TNIP1/IFITM1/N4BP1/ZNFX1/BST2/APOBEC3G/ISG15/SRPK2/SRPK1","GOBP"
"GOBP_CYTOPLASMIC_PATTERN_RECOGNITION_RECEPTOR_SIGNALING_PATHWAY","GOBP_CYTOPLASMIC_PATTERN_RECOGNITION_RECEPTOR_SIGNALING_PATHWAY",165,0.450484651906022,1.70934447650967,3.88103892603629e-05,0.00438958885427553,0.00358379783224549,1783,"LATS1/GBP5/RSAD2/TAB1/OAS1/RELA/TICAM1/DDX60/OAS3/AKT1/NOD1/PUM1/LATS2/ADCY7/IFIH1/TRAF6/HCFC2/CPTP/OASL/SEC14L1/UBQLN1/ZDHHC12/PARP1/NLRC3/EIF2AK2/IFI16/TRIM25/PRKDC/ANKRD17/MARCHF5/IRF7/GRAMD4/TBK1/ZCCHC3/HSPA1A/TLR6/ELP6","GOBP"
"HE_LIM_SUN_FETAL_LUNG_C1_SQUAMOUS_CELL","HE_LIM_SUN_FETAL_LUNG_C1_SQUAMOUS_CELL",150,0.42694061827351,1.62060557316978,0.000363820317355541,0.00442648052782574,0.00336161462819739,1435,"CIMAP1B/RUNX2/IFI6/APOBEC3C/MX1/OAS1/TICAM1/PLEKHF1/TMEM127/OAS2/OSBPL3/DUSP5/IFI27/TP53INP2/FDXR/PRDM1/GAN/ARAP2/MPZL3/IFI16/GRAMD1C/NR1D1/BATF/GNA15/MT1E/DOCK8/MIR4435-2HG/TYMP/EVA1C/C15orf62/MOSPD1/SLC45A4","CELLTYPE"
"DESCARTES_FETAL_CEREBELLUM_VASCULAR_ENDOTHELIAL_CELLS","DESCARTES_FETAL_CEREBELLUM_VASCULAR_ENDOTHELIAL_CELLS",294,0.382240465721311,1.5495950452261,0.00038642999885921,0.00461608198637275,0.00350560420017733,2268,"HELZ2/RAB11FIP5/CETP/AIRE/HBB/ACTN4/IFI6/HBA2/S100A10/RUNX3/PLEKHF1/OAS2/ITPR3/IFIT3/SMAGP/KIF26A/SLC9A1/LATS2/IFITM3/TNFAIP1/IFI27/RHOC/CCDC102A/PCDH12/LINC01644/SEMA3G/BHLHE40/SLC2A1/IFITM2/IL32/IFIT1/SLC12A7/JAML/ENG/TAGLN/SLC1A4/ADORA2A-AS1/SMG1P4/ST6GALNAC4/PRR29/PELO/TRGC1/TAMALIN/ANGPT2/MT1E/MIR4435-2HG/APOL2/S1PR5/CASTOR1/MYO1C/KLF10/LINC03033/PTGDR2/GADD45A/IQGAP2/CD82/IFITM1/RGS3/PLOD1/ITM2A/KLF13/IQGAP1/AHNAK/SERTAD1/UPB1/TNFRSF4/NOS3/CD79B/NOTCH4/TENT5C/SLC3A2","CELLTYPE"
"GOBP_INTRACELLULAR_RECEPTOR_SIGNALING_PATHWAY","GOBP_INTRACELLULAR_RECEPTOR_SIGNALING_PATHWAY",321,0.392038063162629,1.5876056548368,4.39658812249115e-05,0.00480693634725699,0.00392453339776052,1469,"LATS1/GBP5/ACTN4/RSAD2/ZBTB7A/TAB1/TRERF1/OAS1/RELA/TICAM1/SMARCA4/DDX60/OAS3/AKT1/VPS18/THRA/NOD1/PUM1/LATS2/ADCY7/NR4A3/IFIH1/EGLN2/SAFB2/TRAF6/NR4A2/HCFC2/NCOR1/PML/CPTP/EP300/OASL/DDRGK1/SEC14L1/ASXL2/UBQLN1/CDK12/ZDHHC12/PARP1/NLRC3/EIF2AK2/IFI16/TRIM68/NR1D1/TRIM25/RARA/NR3C1/TCF7L2/PRKDC/PGRMC2/ANKRD17/PPARGC1B/MARCHF5/IRF7/GRAMD4/HUWE1/TBK1/VPS11/ZCCHC3/ABHD2","GOBP"
"GOBP_NEGATIVE_REGULATION_OF_VIRAL_PROCESS","GOBP_NEGATIVE_REGULATION_OF_VIRAL_PROCESS",61,0.56810573633589,1.86369406357981,5.09637234452138e-05,0.00518314898572803,0.00423168517961877,1731,"RSAD2/APOBEC3C/MX1/OAS1/OAS3/OAS2/UBP1/IFITM3/TRIM14/IFIH1/OASL/IFITM2/IL32/IFIT1/EIF2AK2/IFI16/APOBEC3H/ZFP36/CCL5/STAT1/TNIP1/TRIM13/TRIM21/IFITM1","GOBP"
"GOBP_CD4_POSITIVE_ALPHA_BETA_T_CELL_ACTIVATION","GOBP_CD4_POSITIVE_ALPHA_BETA_T_CELL_ACTIVATION",121,0.478439745971633,1.75409822358417,5.21475355271417e-05,0.00518314898572803,0.00423168517961877,2485,"KMT2A/BCL3/RSAD2/STAT5A/BRD4/RUNX3/FUT7/LGALS1/GATA3/SASH3/STAT4/CD81/EP300/RUNX1/NKG7/SPN/BATF/RARA/XCL1/PSMB2/SOCS5/KLHL25/TBK1/ZBTB7B/TBX21/IL12RB1/ARMC5/ATP7A/IL18R1/IL23R/ZFPM1/TCIRG1/PSMB9/HLA-DRB1/ENTPD7/BCL6/BRD2/PSMA5/GPR65/ICOS/LGALS9/LGALS9C/IL18RAP/PSMA6/IL2RG/SEMA4A","GOBP"
"GOBP_METAL_ION_TRANSPORT","GOBP_METAL_ION_TRANSPORT",432,0.364173878375446,1.50901535829188,5.13388884838792e-05,0.00518314898572803,0.00423168517961877,2268,"ATP2B4/SELENON/WNK1/ITPRIPL1/ACTN4/CD84/ORAI3/F2R/MLLT6/SLC6A6/VPS4B/SLC11A1/AKT1/SLC30A1/SLC39A6/ITPR3/SLC9A1/MMGT1/KCNAB2/SNTA1/PANX1/PTK2B/HCN2/PSEN1/SLC9A6/GRINA/ADRB2/FXN/SPG11/PML/CHERP/PRKCB/SCN1B/CACNA2D2/TMEM175/KCNC4/CACNA1I/UBQLN1/SLC23A2/LPAR3/RGS9/DDIT3/PLCB2/SLC17A3/ATP2A2/CCL4/KCNMB3/SLC12A7/ATP7B/FLNA/CASK/PDE4D/CD4/CHP1/KCNAB1/CCR5/ABCB8/NHERF1/TMX1/MCOLN2/TGFB1/TMEM43/XCL1/SLC46A1/RAB11B/PGRMC2/PLN/SLC24A4/CNNM4/PDPK1/SLC39A7/CALHM2/BAX/CCL5/ANO6/PLCE1/LGALS3/SLC4A8/KCNN4/ATP7A/ATP2A3/BAK1/ATP1A3/AP3B1/CCDC51/PIK3CG/ATP1B3/PPP3CA/PLCB1/P2RX7/SLC39A9/HTR2B/DNM1L/AKAP6/TRPM7/PDE4B/ITPR1/NOS3/KIF5B/TRPA1/CEMIP/KLHL3/KCNMB4/YWHAE/SLC3A2","GOBP"
"BUSSLINGER_DUODENAL_EARLY_IMMATURE_ENTEROCYTES","BUSSLINGER_DUODENAL_EARLY_IMMATURE_ENTEROCYTES",81,-0.463227995808508,-1.81100237546019,0.000497580855049331,0.00546405267689791,0.00414958098029257,2565,"RPS15A/PNP/RPS29/CALM2/COX6A1/ATP1A1/COX6C/RPL23/COX8A/UQCRC2/COX7A2/ATP5MC3/SLC25A5/BDH2/CAT/ATP5F1C/FTL/CYB5A/COX4I1/CES2/RPS8/RPL22/FBP1/RPL27A/RPL6/SUCLG1/RPS7/AKR1A1/RPS9/ATP5F1A/CRYL1/SNHG29","CELLTYPE"
"HAY_BONE_MARROW_CD8_T_CELL","HAY_BONE_MARROW_CD8_T_CELL",70,0.522082973525509,1.76348560664305,0.00048033951384135,0.00546405267689791,0.00414958098029257,4164,"GBP5/F2R/MSC/PTPN7/PATL2/SON/LAG3/PRDM1/NR4A2/IL32/ARAP2/PARP8/CXCR6/TRG-AS1/GZMH/ATG2A/CCL5/RGS1/STK17A/KIF21A/TENT5C/KLRG1/LINC01871/SH2D1A/TNFRSF9/ENC1/ATP8A1/A2M-AS1/TPRG1/TNIP3/DUSP2/MIAT/ZNF683/JAKMIP1/RASAL3/TRGC2/TTC16/SRSF7/CD99/LYAR/LINC00987/RNF19A","CELLTYPE"
"LAKE_ADULT_KIDNEY_C11_THIN_ASCENDING_LIMB","LAKE_ADULT_KIDNEY_C11_THIN_ASCENDING_LIMB",123,0.456699064727959,1.69495271625873,0.000491189148674581,0.00546405267689791,0.00414958098029257,1946,"ETV6/TANC2/KIF13B/TBC1D5/EIF4G3/EFNA5/OSBPL3/BRD10/ZFAND3/RBMS1/DNAH14/LRBA/AFF1/RUNX1/ZSWIM6/PACS1/IMMP2L/FNIP2/QKI/CRADD/S100A6/FBXL17/PHF21A/LPP/MAST4/PFKFB3/MSI2/NFAT5/NIPBL/BCL6/PLCB1","CELLTYPE"
"FAN_EMBRYONIC_CTX_BRAIN_EFFECTOR_T_CELL","FAN_EMBRYONIC_CTX_BRAIN_EFFECTOR_T_CELL",128,0.447517079831354,1.67205738202239,0.000490714908154243,0.00546405267689791,0.00414958098029257,2427,"SH2D2A/ADAM8/CHST12/RUNX3/PLEK/HSH2D/STAT4/PRF1/ITGAL/SLAMF7/CST7/IL2RB/IFITM2/AKNA/NKG7/GZMB/EOMES/CCL4/LSP1/CLIC3/NHERF1/TARP/XCL1/GZMA/GZMH/CLIC1/SYNE1/S1PR5/LCP1/IQGAP2/CD244/IFITM1/RAC2/PSMB9/IQGAP1/ABI3/ADGRE5/PTPN4/BTG1/PYHIN1/GPR65/IL18RAP/LY6E/HCST/IL2RG","CELLTYPE"
"DESCARTES_FETAL_CEREBRUM_VASCULAR_ENDOTHELIAL_CELLS","DESCARTES_FETAL_CEREBRUM_VASCULAR_ENDOTHELIAL_CELLS",252,0.382432515085574,1.52850445341157,0.000499000244465563,0.00546405267689791,0.00414958098029257,1143,"HELZ2/KLF11/NHSL2/CETP/HBB/ACTN4/IFI6/HBA2/RELA/S100A10/RUNX3/PLEKHF1/OAS3/SLC30A1/OAS2/ITPR3/LGALS1/IFIT3/SMAGP/KIF26A/ZNF436/IFITM3/TNFAIP1/IFI27/RHOC/PCDH12/LINC01644/SEMA3G/ARF6/SLC2A1/SLC12A7/JAML/TAGLN/CDK2AP2/ADORA2A-AS1/ST6GALNAC4/TRGC1/ANGPT2/MT1E","CELLTYPE"
"MANNO_MIDBRAIN_NEUROTYPES_BASAL","MANNO_MIDBRAIN_NEUROTYPES_BASAL",76,-0.468265624374402,-1.80081124217327,0.000510998883185941,0.00550370928283874,0.00417969750871676,1626,"SUMO2/SERBP1/UBB/SRSF5/RPL9/FAU/COX4I1/RPS8/COX6B1/RPS4X/BEX3/RPL6/PARK7/PFDN5/RPL13/BRK1/RPL7A/SRP14/RPL3/RPL15/RPL41/EEF1A1","CELLTYPE"
"TRAVAGLINI_LUNG_B_CELL","TRAVAGLINI_LUNG_B_CELL",128,-0.386467147868037,-1.61724778404223,0.00053071153233898,0.00562383027010822,0.00427092132985868,2694,"TMEM243/DRAM2/SEMA4B/OSBPL10/IRF8/FAM3C/SNX22/EAF2/PDLIM1/RASGRP2/ARID5B/PLCG2/BACH2/SWAP70/LIMD2/BIRC3/CHMP7/STRBP/CD52/CD72/STAP1/SESN1/BLK/CAMK2D/RCSD1/DUSP22/GUCD1/MARCHF1/FGD2/POLD4/SNX2/IL4R/TXNIP/TMT1A/LINC01215/MBD4/RPS5/C16orf74/ADK/FCMR/RPL18/LY86/RPL15/CCR7/NCF1/RPLP0/PKIG/CDCA7L/CD79A/SELL","CELLTYPE"
"GOBP_REGULATION_OF_LYMPHOCYTE_MIGRATION","GOBP_REGULATION_OF_LYMPHOCYTE_MIGRATION",56,0.582052986988647,1.89233163508756,6.01375894649246e-05,0.00563575124128436,0.00460120383755694,1337,"WNK1/TNFSF14/AIRE/ADAM8/AKT1/PTK2B/NEDD9/TMEM102/CCR6/CCL4/SPN/XCL1/CD99L2/DOCK8/CCL5","GOBP"
"GOBP_REGULATION_OF_VIRAL_PROCESS","GOBP_REGULATION_OF_VIRAL_PROCESS",113,0.481549498391891,1.75325708424971,5.97601878549218e-05,0.00563575124128436,0.00460120383755694,1966,"RSAD2/STAU1/APOBEC3C/MX1/OAS1/OAS3/OAS2/LGALS1/UBP1/IFITM3/TRIM14/KPNA2/IFIH1/VPS37B/OASL/IFITM2/IL32/FURIN/IFIT1/RAD23A/EIF2AK2/IFI16/TRIM25/APOBEC3H/ZFP36/CCL5/STAT1/LARP1/STOM/TNIP1/TRIM13/NECTIN2/PDE12/TRIM21/IFITM1/NOTCH1/N4BP1","GOBP"
"SU_HO_FOETAL_FEMUR_C5_ENDOTHELIAL_CELL","SU_HO_FOETAL_FEMUR_C5_ENDOTHELIAL_CELL",291,0.372540345903086,1.51041164863771,0.000545978631201989,0.0056937771539636,0.00432404128972001,3178,"HDGFL3/SELENON/MFSD6/F2R/KLF6/ARHGAP26/S1PR1/RNF213/LUZP1/PLEKHO2/NBL1/HECW2/MAP1B/TNFAIP1/PXN/CTNNA1/CHST7/NEDD9/PCDH12/TNFRSF10B/CMIP/RANBP2/TP53I11/GTPBP2/BMP2K/PML/IL32/ZSWIM6/FHIP2A/PDE4D/PLEKHG1/HDAC7/TAMALIN/HYOU1/SPTAN1/GASK1B/KLHL5/RBM17/PEAK1/HCFC1/RAC1/PPP1R18/PEA15/PTPRE/MAST4/NECTIN2/ELK3/PSMB9/KLF13/SKIL/NOTCH1/PLCB1/PKN1/PLAAT3/NOTCH4/SNX25/ARL15/PDE8A/GGA1/MAP3K3/FAM91A1/TMC6/TSPAN18/CCNY/PRKD2/MYO15B/EHMT1/SDF2L1/MTSS1/SLC2A3/ISG15/PODXL/HHEX/DGKZ/DAZAP2/BCL10/ADGRG1/ELK4/LYSMD2/SIPA1L2/PRKCH/ATP8A1/NHERF2/CPNE5/DPYSL2/MAP4K2/GDPD5/SH2D3C/BAZ2B","CELLTYPE"
"GOBP_MYOBLAST_DIFFERENTIATION","GOBP_MYOBLAST_DIFFERENTIATION",66,0.549294839364995,1.82332522046969,6.69801684373196e-05,0.00582061478188321,0.0047521322224361,2167,"TNFSF14/ARID1A/SMARCA4/LGALS1/ACTL6A/PLEC/PHF10/SMARCA2/ZFP36L1/DDIT3/HIF1AN/ACTB/TGFB1/TCF7L2/SOX8/MAP3K5/PLEKHM3/EID2B/NOTCH1/PLCB1/RB1/MAML1/BTG1","GOBP"
"GOBP_LYMPHOCYTE_MIGRATION","GOBP_LYMPHOCYTE_MIGRATION",85,0.519790414505616,1.79880282684346,6.40604071079271e-05,0.00582061478188321,0.0047521322224361,1866,"WNK1/TNFSF14/AIRE/ADAM8/AKT1/FUT7/S1PR1/GATA3/PTK2B/NEDD9/ITGAL/ITGB7/PLEC/TMEM102/CCR6/CCL4/SPN/CKLF/XCL1/CD99L2/DOCK8/CCL5/TBX21/GBA1/PIK3CG","GOBP"
"GOBP_NOTCH_SIGNALING_PATHWAY","GOBP_NOTCH_SIGNALING_PATHWAY",106,0.496446253953917,1.78648616202796,6.74339517413299e-05,0.00582061478188321,0.0047521322224361,3156,"ZBTB7A/MECP2/AKT1/PRAG1/EPN1/WDR12/PSEN1/LLGL2/YTHDF2/BMP2K/ANXA4/NCSTN/HIF1AN/DTX3L/TSPAN15/TGFB1/RBM15/NOTCH2/PLN/IFT172/DTX1/DTX3/HERC2/FBXW7/RCAN2/ITGB1BP1/BCL6/NOTCH1/MAML1/NOS3/SPEN/NOTCH4/ARRDC1/DLK2/PTP4A3/PSENEN/CEBPA/STAT3/BCL7A/POGLUT1/METTL3/SEL1L/PSEN2/CCDC85C","GOBP"
"HU_FETAL_RETINA_FIBROBLAST","HU_FETAL_RETINA_FIBROBLAST",234,0.384559738308835,1.53152885834687,0.000582191984027824,0.0058529210521244,0.00444490039046218,2846,"RNU4ATAC/F2R/HBA2/CCND2/PPP1R15A/EML4/S100A10/LGALS1/LUZP1/IFITM3/CTSC/RHOC/HSPA5/CD81/RNU4-2/RBMS1/TPM4/GOLIM4/SMARCA2/JUN/IFITM2/ZFP36L1/TLN1/ETS2/CRTAP/FLNA/GADD45B/ENG/HERPUD1/IFI16/FOS/ZFP36/NR3C1/PLEKHG1/NOTCH2/CDC42EP3/CLIC1/RN7SL832P/SORBS3/STOM/CEBPD/FKBP7/FOSB/MRC2/ELK3/ITM2A/RAB34/IQGAP1/CMTM3/AHNAK/SERTAD1/ECI2/MYH9/BCAP29/KDELR2/CYBA/LY6E/STING1/SEC24D/CYFIP1/RRBP1/TGFBI/MYLIP/EMP3/SLC2A3/ISG15/PRSS23/EPHB4/IGFBP6/EDN3","CELLTYPE"
"SU_HO_CONV_CENT_CHONDROSARCOMA_LEUKOCYTE_C0_M1_MACROPHAGE","SU_HO_CONV_CENT_CHONDROSARCOMA_LEUKOCYTE_C0_M1_MACROPHAGE",228,0.385088184745754,1.52744819761999,0.000574429130594648,0.0058529210521244,0.00444490039046218,2145,"HLA-DPB1/PPP1R15A/RNF149/PPP1R15B/KLF6/RHBDF2/GPR34/PLXND1/PLEK/HLA-DQB1/CD81/NR4A3/MIDN/IRF2BP2/NR4A2/GOLIM4/RUNX1/ZFP36L1/SEC14L1/ETS2/HLA-DQA1/ZEB2/ATP2A2/CCL4/PABPC4/GADD45B/AFF4/HERPUD1/CTSB/DRAM1/FNIP2/ZFP36/TYMP/HLA-DPA1/QKI/KDM6B/RGS1/OTUD1/RAC1/PTPRE/CEBPD/PFKFB3/HSPA1A/MXD1/NFKB1/FOSB/NFATC2/AKAP13/HLA-DRB1/PNRC1/ATP1B3/LCP2/PREX1/CDKN1A/LUCAT1/PDE4B/RBM47","CELLTYPE"
"HE_LIM_SUN_FETAL_LUNG_C2_APOE_POS_M2_MACROPHAGE_CELL","HE_LIM_SUN_FETAL_LUNG_C2_APOE_POS_M2_MACROPHAGE_CELL",386,0.355197707755379,1.46799689624024,0.000587964671902908,0.0058529210521244,0.00444490039046218,2347,"TANC2/CMPK2/CETP/IFI6/LMNA/PHYH/MX1/PATL2/DNMT3A/AGAP3/HIVEP3/OAS3/DPH6/OAS2/S1PR1/IFIT3/ZXDC/IFI27/ZBTB24/TTLL4/TRIM14/WDR81/IFIH1/SLC35A4/CCND1/POLR3A/PLEC/IFI44/CENPB/PWP2/SCN1B/IL4I1/XAF1/MSTO1/HIF1AN/IFIT1/EPSTI1/IFI44L/DTX3L/ACP2/TRIM47/EIF2AK2/APOL6/TSPAN15/PLBD2/GPR137B/SETBP1/SLC46A1/MFHAS1/DNASE2/SAMD9L/NPDC1/STK11IP/CCDC117/SPRING1/AP5B1/GRAMD4/LHFPL2/PDZD11/FMNL2/PGM2L1/SLC35F6/DDX60L/PCYT2/GCN1/STOM/NECTIN2/CD82/GBA1/ARHGAP10/SGSH/PLOD3/SLC67A1/CEP41/B3GALT4/BSCL2/SIGLEC7/TMEM138/DARS2/EPHX1/GPR89A/CYSTM1/PAPSS1/COPS8/LZTR1/BCAP29/GSAP/SLC29A3/ELL2/ZNF480/MFSD12/GALK2","CELLTYPE"
"GOBP_LYMPHOCYTE_MEDIATED_IMMUNITY","GOBP_LYMPHOCYTE_MEDIATED_IMMUNITY",249,0.399053019804076,1.58747476982306,7.00549966180874e-05,0.00589180484377761,0.00481025401879661,2876,"BCL3/AIRE/RSAD2/RAB27A/STAT5A/SUPT6H/SLA2/CLU/FUT7/CD40LG/IGHV1-69-2/GATA3/CTSC/CD2/PCYT1A/LAG3/SASH3/PRF1/AP1G1/SUSD4/CD81/EXOSC3/TRAF6/MR1/SLAMF7/IL2RB/NKG7/SLAMF1/GZMB/IL4I1/CCR6/SPN/BATF/TGFB1/PDCD1/XCL1/DENND1B/FBXO38/SHLD3/IRF7/IL20RB/NSD2/TBX21/IL12RB1/NECTIN2/CTSH/IL18R1/IL23R/TCIRG1/HLA-DRB1/RASGRP4/PRKAA1/BCL6/P2RX7/RASGRP1/KIF5B/BTLA/LGALS9/IL18RAP/VAMP2/HCST/IL2RG/CCR2/CEBPG/KIR3DL1/NBN/MYO1G/PRKCD/TUBB4B/CYRIB/UNC13D/IL21R/FCGR3A/SH2D1A/RNF19B/BCL10/CD74","GOBP"
"REACTOME_NFE2L2_REGULATING_ANTI_OXIDANT_DETOXIFICATION_ENZYMES","REACTOME_NFE2L2_REGULATING_ANTI_OXIDANT_DETOXIFICATION_ENZYMES",15,0.788458139747828,1.9437332341387,0.000159579927515191,0.00589218193902244,0.00506520903529999,825,"CREBBP/GCLC/GCLM/EP300/CHD6","REACTOME"
"REACTOME_INTERFERON_GAMMA_SIGNALING","REACTOME_INTERFERON_GAMMA_SIGNALING",81,0.522266803653706,1.78903904467841,0.000157694394974815,0.00589218193902244,0.00506520903529999,1843,"HLA-DPB1/PTPN1/GBP5/OAS1/OAS3/OAS2/HLA-DQB1/TRIM14/TRIM35/PML/IRF9/OASL/CIITA/TRIM22/HLA-DQA1/TRIM26/TRIM68/TRIM25/HLA-DPA1/IRF7/STAT1/TRIM21/MAPK1/HLA-DRB1","REACTOME"
"GOBP_CALCIUM_ION_IMPORT","GOBP_CALCIUM_ION_IMPORT",45,0.614145506559325,1.90465233412733,9.05731178484294e-05,0.00594159653085697,0.00485090551171377,1921,"ATP2B4/SELENON/ITPRIPL1/SLC30A1/CACNA1I/DDIT3/CASK/PLN/SLC24A4/CALHM2/LGALS3/KCNN4/PPP3CA","GOBP"
"GOBP_REGULATION_OF_VIRAL_GENOME_REPLICATION","GOBP_REGULATION_OF_VIRAL_GENOME_REPLICATION",67,0.554352872238767,1.84640327737123,7.68336579836678e-05,0.00594159653085697,0.00485090551171377,2793,"RSAD2/STAU1/APOBEC3C/MX1/OAS1/OAS3/OAS2/IFITM3/IFIH1/OASL/IFITM2/IFIT1/RAD23A/EIF2AK2/IFI16/APOBEC3H/CCL5/LARP1/TNIP1/PDE12/IFITM1/NOTCH1/N4BP1/ZNFX1/PPID/BST2/APOBEC3G/ISG15/SRPK2","GOBP"
"GOBP_RETINA_DEVELOPMENT_IN_CAMERA_TYPE_EYE","GOBP_RETINA_DEVELOPMENT_IN_CAMERA_TYPE_EYE",83,0.515094134328569,1.77140413761459,8.61801278243971e-05,0.00594159653085697,0.00485090551171377,1284,"ATP2B4/TMEM135/HIPK1/SMARCA4/LPCAT1/DTNBP1/PSEN1/TGIF2/PRDM1/ACVR2B/ACTL6A/FOS/TGFB1/HIPK2/SOX8/BAX","GOBP"
"GOBP_MITOCHONDRIAL_TRANSLATION","GOBP_MITOCHONDRIAL_TRANSLATION",129,-0.426564210949833,-1.75471400030427,7.35313547895203e-05,0.00594159653085697,0.00485090551171377,1960,"MRPL9/PTCD3/C1QBP/WARS2/MRPL3/MRPL1/RPUSD3/MRPL4/MRPL36/AURKAIP1/MRPS22/MRPL24/MRPS7/MRPL18/ALKBH1/RMND1/MRPL57/MTRF1/MRPS28/MRPL40/MRPS16/FASTKD3/TRUB2/YARS2/MRPS25/MRPL27/MRPL41/SHMT2/MRPL17/MRPL54/MRPL21/MRPS15/SARS2/MTIF3/MRPL55/MRPS34/MRPS21/MRPS17/MRPL11/MRPL44/MRPS26/MRPS10/MRPL34/RARS2/MRPL43/TUFM/MRPS23","GOBP"
"GOBP_TISSUE_HOMEOSTASIS","GOBP_TISSUE_HOMEOSTASIS",156,0.43770486817995,1.65094198137151,8.58848517098017e-05,0.00594159653085697,0.00485090551171377,2812,"KMT2A/POC1B/VCL/F2R/ADAM8/PLEKHM1/TMEM64/S1PR1/PTK2B/CLCN3/SASH3/ADRB2/TRAF6/GPR137/MTF1/SLC2A1/ZEB2/GIGYF2/AKT3/ACTB/ERCC6/BBS12/GPR137B/SPATA7/LTBP3/BAX/SNX10/IL20RB/TNFRSF11A/RAC1/BARD1/TPP1/LDB1/RAC2/ELP6/TCIRG1/NOTCH1/P2RX7/RB1/PBLD/NOS3/ACACA/CSK/FOSL2/CCR2/ARAP1/CIB2/CLN8/TUB/PRDX5/SCRIB/TMEM216","GOBP"
"GOBP_VIRAL_LIFE_CYCLE","GOBP_VIRAL_LIFE_CYCLE",228,0.411022469775346,1.61964087295988,7.47676604021069e-05,0.00594159653085697,0.00485090551171377,2793,"LRSAM1/RSAD2/STAU1/APOBEC3C/MX1/OAS1/VPS4B/OAS3/OAS2/VPS18/LGALS1/MVB12B/GRK2/IFITM3/CBL/KPNA2/CD81/IFIH1/ITGB7/RAB1B/RAB1A/LDLR/VPS37B/OASL/IFITM2/IL32/SLAMF1/CCNK/FURIN/IFIT1/RAD23A/CD4/CXCR6/EIF2AK2/IFI16/CCR5/CTSB/TRIM25/APOBEC3H/CCL5/LARP1/TNIP1/HSPA1A/NECTIN2/PDE12/TRIM21/CHMP4A/IFITM1/PCBP1/NOTCH1/N4BP1/CHMP2B/TNFRSF4/ZNFX1/VAPA/CDK1/ITCH/MYH9/SLC3A2/LGALS9/PRKN/SLC1A5/PPID/BST2/LAMP3/APOBEC3G/CHMP5/ISG15/RNASEK/SRPK2","GOBP"
"GOBP_VIRAL_PROCESS","GOBP_VIRAL_PROCESS",304,0.386981431924838,1.56177162565581,8.67061347018089e-05,0.00594159653085697,0.00485090551171377,2352,"LRSAM1/RSAD2/STAU1/APOBEC3C/MX1/PARP9/OAS1/ST3GAL3/VPS4B/OAS3/OAS2/VPS18/GSK3A/LGALS1/MVB12B/GRK2/UBP1/IFITM3/CBL/TRIM14/KPNA2/CD81/IFIH1/ITGB7/RAB1B/HCFC2/RAB1A/LDLR/VPS37B/OASL/JUN/IFITM2/IL32/ST3GAL4/SLAMF1/CCNK/FURIN/IFIT1/RAD23A/MON1B/ATP7B/CD4/CXCR6/EIF2AK2/IFI16/CCR5/CTSB/TRIM25/ST6GALNAC4/APOBEC3H/ZFP36/CCL5/IRF7/STAT1/LARP1/HCFC1/STOM/TNIP1/CCNT2/TRIM13/HSPA1A/EIF2D/NECTIN2/PDE12/PARP10/TRIM21/EIF3B/CHMP4A/IFITM1/PCBP1/NOTCH1/N4BP1/CHMP2B/TNFRSF4/ZNFX1/VAPA/CDK1/ITCH/MYH9/SLC3A2/LGALS9/PRKN/USF1","GOBP"
"GOBP_REGULATION_OF_CELL_CELL_ADHESION","GOBP_REGULATION_OF_CELL_CELL_ADHESION",380,0.369068976968846,1.51779267161244,8.99416860634453e-05,0.00594159653085697,0.00485090551171377,2913,"WNK1/TNFSF14/HLA-DPB1/CBLB/ARID1A/STAT5A/BRD4/ADAM8/RELA/VPS33B/SMARCA4/RUNX3/AKT1/FUT7/CD40LG/LGALS1/EFNA5/MINK1/GATA3/CBL/LAG3/HLA-DQB1/SASH3/YTHDF2/CD81/NR4A3/TRAF6/ACTL6A/PIEZO1/PHF10/SMARCA2/EP300/RUNX1/AKNA/ST3GAL4/SLAMF1/IL4I1/CCDC88B/HLA-DQA1/SPN/CD4/PDCD1LG2/ACTB/TMX1/NCK2/RARA/SOX13/TGFB1/PDCD1/XCL1/PSMB2/SOCS5/DOCK8/FBXO38/DUSP10/AMBRA1/PDPK1/LAX1/HLA-DPA1/MYADM/CCL5/KLHL25/IL20RB/ALOX12/LGALS3/ZBTB7B/DTX1/TBX21/IL12RB1/NFAT5/IL23R/DUSP3/AP3B1/PSMB9/HLA-DRB1/PRKAA1/PPP3CA/BCL6/NOTCH1/LRFN3/CD6/PAG1/BRD2/CD5/RASGRP1/NOTCH4/ITCH/BTLA/PSMA5/GPR65/NF2/ICOS/LGALS9/LGALS9C/CSK/KIFAP3/PSMA6/IL2RG/CCR2/SART1/MAP3K8/PRKCD/JAK2/FOXO3/CYRIB/PTPN23/PODXL/CCL28/ZDHHC21/SOCS6/SCRIB/BCL10/ADGRG1/CD74/FCHO1/ARID2","GOBP"
"GOBP_CELL_SURFACE_RECEPTOR_PROTEIN_TYROSINE_KINASE_SIGNALING_PATHWAY","GOBP_CELL_SURFACE_RECEPTOR_PROTEIN_TYROSINE_KINASE_SIGNALING_PATHWAY",398,0.363359354233662,1.49450861111688,8.37663315088448e-05,0.00594159653085697,0.00485090551171377,4010,"PTPN1/RAPGEF1/CBLB/RUNX2/TSPAN32/PTPN18/STAT5A/IFI6/RELA/SH2B1/RHBDF2/AKT1/FUT7/GSK3A/EFNA5/MVB12B/ADIPOR1/GATA3/PXN/CBL/PTK2B/BLVRB/NEDD9/PSEN1/HGS/NR4A3/PRKCB/DSTYK/HIF1AN/CSRNP1/GIGYF2/CD4/AKT3/LRIG2/RAB14/LTK/GALNT3/NHERF1/NCK2/PILRB/TGFB1/ANGPT2/SOCS5/PDPK1/COL6A1/STON1/THBS1/HIP1R/MYO1C/MAP2K4/RAC1/PLCE1/ZNF106/PIK3R3/HRAS/PTPRE/ZBTB7B/MAP2K2/SS18/MAPK1/TIPARP/FBXW7/SLC2A8/RYK/DUSP3/IQGAP1/LCP2/PRKAA1/PLCB1/STXBP4/CAPS2/SAMD10/CLASP2/HIP1/MZB1/FRS2/MUC20/CHN1/FOXO1/EIF4EBP2/HDAC6/RNF115/FASLG/PTP4A3/A1BG/PIP4K2C/ZDHHC17/MAPKAPK2/CYFIP1/AREG/EFNA4/PRKD2/PRKCD/JAK2/CPNE3/MTSS1/DOK1/PDGFD/EPHB4/IGFBP6/HHEX/CRIM1/ADGRG1/STAT3/IGF1R/SIRT1/ZFAND5/ANKS1B/ERCC1/RBM4/FGFBP3/ARNT/GSK3B/SESN3/PIK3CA/IL1B/RNF126/ATXN1/FUZ/NDEL1/GAREM1/ADAM17/PIK3CB/CTSD/CD3E/CD2AP/LEPROT/AP3S1/KALRN/PTPN11/RPS6KB1/ZFYVE28/CSF1/MVP/SOS1/RBPJ/SHC1/PTPRJ/PAK2/AFAP1L2/SLC27A4/CASS4/MAPK14/AKT1S1/ANKS1A/CHURC1/TSG101/FGFRL1/WDR54/NTRK2/PIP4K2A/SHKBP1/MBD5/CTNNB1/NCK1/SOCS4/SHCBP1","GOBP"
"GOBP_RIBOSOME_BIOGENESIS","GOBP_RIBOSOME_BIOGENESIS",322,-0.322522413118433,-1.46483603710077,8.75840237131935e-05,0.00594159653085697,0.00485090551171377,2638,"DDX56/NOA1/FRG1/RPS17/RAN/RPS15A/RPP30/RRS1/RPS27A/RPL24/RPP25/MTERF4/NOP58/AFG2A/RPL7/XRCC5/RPL35A/EXOSC1/RRP7A/YBEY/REXO4/RRP9/PDCD11/EXOSC10/NPM1/NLE1/EBNA1BP2/DDX55/NHP2/METTL25B/RPSA/NOL8/IMP3/RRP1B/XPO1/BMS1/DDX17/NMD3/RPLP0P6/GAR1/RPS24/RPS3A/RPS12/EXOSC5/NGDN/EXOSC8/PPAN/POP4/TRMT61B/NPM3/SDAD1/DDX18/RPS16/FAU/LSG1/RRP1/RPS25/RPL5/GTPBP4/RPS8/RPS19/GTF2H5/RPL11/RPS4X/SNU13/ERAL1/ISG20/RPS21/GTF3A/RPL35/RPS19BP1/RPS6/TRMT2B/RPS5/GNL2/ERI3/RPUSD2/RPS13/RPS15/RPL7A/RPS7/RPS11/RBFA/RPS28/RPS14/RPS9/RPLP0/PDCD2/XRN2/MRTO4/WDR74/TUFM","GOBP"
"GOBP_RIBONUCLEOPROTEIN_COMPLEX_BIOGENESIS","GOBP_RIBONUCLEOPROTEIN_COMPLEX_BIOGENESIS",491,-0.294194827333609,-1.4093436247328,7.8310273831062e-05,0.00594159653085697,0.00485090551171377,2976,"NSUN5/RPF2/EIF2S2/METTL16/LSM5/METTL18/CLNS1A/MPHOSPH10/SNRNP35/WDR77/SNRPF/RPUSD3/NOL11/LUC7L3/UTP14A/EIF3H/RCC1L/SNRPD3/DDX56/NOA1/SNRNP40/FRG1/LSM7/RPS17/RAN/RPS15A/DDX46/ZRSR2/RPP30/RRS1/RPS27A/RPL24/RPP25/MTERF4/LSM3/EIF3M/NOP58/DICER1/AFG2A/RPL7/XRCC5/LSM2/RPL35A/PRKRA/EXOSC1/RRP7A/YBEY/REXO4/RRP9/PDCD11/EXOSC10/NPM1/NLE1/EBNA1BP2/DDX55/NHP2/METTL25B/RPSA/NOL8/SNIP1/IMP3/RRP1B/CENATAC/ATM/XPO1/CLP1/SNRPA1/GEMIN5/BMS1/DDX17/NMD3/RPLP0P6/GAR1/RPS24/RPS3A/SRSF6/RPS12/EXOSC5/NGDN/EXOSC8/PPAN/POP4/SRSF5/TRMT61B/NPM3/RNVU1-6/SDAD1/DDX18/RPS16/FAU/LSG1/RRP1/SMN1/SMN2/TXNL4A/RPS25/RPL5/SHQ1/GTPBP4/SETX/RPS8/LUC7L/RUVBL1/ZMAT5/RPS19/DHX9/GTF2H5/EIF3C/EIF3CL/TARBP2/RPL11/RPS4X/SNRPB/SNU13/DDX1/EIF3E/SNRPD2/EIF3G/ERAL1/ISG20/RPS21/SNRNP25/GTF3A/RPL35/RPS19BP1/RPS6/TRMT2B/XAB2/RPS5/GNL2/ERI3/RPUSD2/RPS13/RPS15/RPL7A/RPS7/RPS11/RBFA/EIF3K/RPS28/RPS14/EIF3L/EIF3D/RPL13A/RPS9/RPLP0/PDCD2/XRN2/MRTO4/WDR74/LSM4/TUFM/SF3B5","GOBP"
"HE_LIM_SUN_FETAL_LUNG_C1_PROXIMAL_SECRETORY_2_CELL","HE_LIM_SUN_FETAL_LUNG_C1_PROXIMAL_SECRETORY_2_CELL",150,0.420244692310324,1.5951887951238,0.000682076449205969,0.00668842130042271,0.00507940670736259,3092,"MFSD6/ACSL4/PAQR4/TRERF1/NIBAN1/RASL11A/GLIPR2/ANG/JAKMIP2/SLC30A1/PLXND1/PPM1L/MAP1B/PLPP2/NR4A2/BHLHE40/RUNX1/TRIM22/ARAP2/MPZL3/LSP1/MT1E/CDC42BPG/NPDC1/IQGAP2/CD82/CAMK1D/ATP2A3/IFITM1/BCL6/PAG1/S100A2/CDKN1A/PLAAT3/EPS8L1/ANKRD35/MUC20/LGALS9/STING1/SLC1A5/DNAJA4/DGKH/FKBP11/RAB27B/MCC/TLR5/SULT2B1/TPCN1/DUSP4/MCTP2","CELLTYPE"
"GOBP_T_CELL_MIGRATION","GOBP_T_CELL_MIGRATION",59,0.569375532704302,1.85924743309908,0.000110145484573869,0.00670578605882348,0.00547481377844895,1337,"WNK1/TNFSF14/AIRE/ADAM8/S1PR1/ITGAL/ITGB7/PLEC/TMEM102/CCR6/SPN/XCL1/CD99L2/DOCK8/CCL5","GOBP"
"GOBP_POSITIVE_REGULATION_OF_PROTEIN_CATABOLIC_PROCESS","GOBP_POSITIVE_REGULATION_OF_PROTEIN_CATABOLIC_PROCESS",175,0.433558728801728,1.65665417434211,0.000110400136334289,0.00670578605882348,0.00547481377844895,3135,"CBLB/AXIN1/ADAM8/PABIR2/LPCAT1/CLU/AKT1/GSK3A/NUB1/UBQLN2/GCLC/PSEN1/HECTD1/ZYG11B/CD81/EGLN2/KEAP1/LDLR/DDRGK1/PSMC6/FURIN/UBQLN1/RAD23A/CSNK2A1/HERPUD1/PSMD10/TMX1/DCAF1/SOCS5/ABCA2/SH3RF2/VPS11/BARD1/DNAJB2/BAG6/CUL4A/HSPA1A/TIPARP/GBA1/FBXW7/TMEM259/RCHY1/VGLL4/MDM2/ITCH/FOXO1/GGA1/PRKN/IER3/MYLIP/GGA3/SIRT6/DTL/CEBPA/SIRT1/TNFSF12/RNFT1/SNX33/GSK3B/IL1B","GOBP"
"GOBP_REGULATION_OF_SYSTEM_PROCESS","GOBP_REGULATION_OF_SYSTEM_PROCESS",264,0.389318040930624,1.5566972760626,0.000107836509933332,0.00670578605882348,0.00547481377844895,2846,"ATP2B4/SELENON/WNK1/PTPN1/FTO/PROK2/S100B/LMNA/F2R/MECP2/S1PR2/THRA/GSK3A/SLC9A1/GRK2/TSHZ3/SNTA1/NMU/CTSC/RNF207/PTK2B/NR4A3/ADRB2/MYL5/KDM5B/CST7/SCN1B/CACNA2D2/ATP2A2/FLNA/PARP1/PDE4D/GLS/NHERF1/PLN/QKI/HIP1R/SMTNL1/MTPN/GCH1/TNNC2/CELF2/ATP2A3/GBA1/ATP1A3/PIK3CG/PPP3CA/NOTCH1/TBC1D24/ADM5/AKAP6/PDE4B/NOS3/DLG4/MDM2/TRPA1/KCNMB4/YWHAE/FOXO1/NOL3/CYBA/PRKN/JUND/RAB8B/GAA/RNF10/CTTN/GNAS/FOXO3/ACE/STX1A/ZDHHC21/CACNB1/ATP2B1/EDN3","GOBP"
"GOBP_G_PROTEIN_COUPLED_RECEPTOR_SIGNALING_PATHWAY","GOBP_G_PROTEIN_COUPLED_RECEPTOR_SIGNALING_PATHWAY",392,0.367314574731591,1.51079340106809,0.000108576132358622,0.00670578605882348,0.00547481377844895,3007,"ATP2B4/WNK1/LGR6/PROK2/STAT5A/F2R/RELA/CX3CR1/PPP1R9B/SYP/S1PR2/GPR34/AKT1/DTNBP1/S1PR1/ITPR3/GSK3A/PLEK/UBQLN2/GRK2/NMU/ARHGEF12/PTK2B/ADCY7/ADRB2/NMT1/ADCY9/PRKCB/NCSTN/LPAR3/CCR6/RGS9/PLCB2/GPR22/CCL4/FLNA/PDE4D/CXCR6/CCR5/NHERF1/XCL1/GNA15/RBM15/PLN/ADGRG5/SLC24A4/CCL5/OR52N4/S1PR5/RGS1/CCR10/RAC1/RASD1/PLCE1/GNB4/GNAI3/PTGDR/PDE4A/PTGDR2/IQGAP2/MAPK1/LPAR2/RGS3/RAC2/AKAP13/TULP3/PIK3CG/KLF16/GABBR1/RASGRP4/RNF113A/PPP3CA/PLCB1/SLC39A9/HTR2B/PLD2/MC1R/RIC8B/ADM5/RGS19/ADGRE5/PREX1/AKAP6/PDE4B/OPN3/ITPR1/RIC8A/ULK4/NMUR1/FRS2/CCR4/GPR65/OR4D1/GPR18/GPR174/CCR2/AREG/OXSR1/INPP5A/PRKD2/SIGMAR1/JAK2/GNAS/DGKH/ACE/TUB/PRKAR2B/ZDHHC21/GPR68/DGKZ/ADGRG1/ABHD6/CCL4L2/RGS16/ARHGEF11/APLP2/PRKAR2A/FZD3","GOBP"
"GOBP_POSTSYNAPTIC_SPECIALIZATION_ORGANIZATION","GOBP_POSTSYNAPTIC_SPECIALIZATION_ORGANIZATION",31,0.659634287485023,1.90537292905916,0.00011397989538266,0.00679734648827497,0.00554956658092796,2203,"LATS1/TANC2/SLC30A1/PTK2B/ARF6/ZDHHC12/CRIPT/ABI3/SYNGAP1/IL1RAP","GOBP"
"GOBP_ALPHA_BETA_T_CELL_DIFFERENTIATION","GOBP_ALPHA_BETA_T_CELL_DIFFERENTIATION",131,0.459916987858187,1.70834539205966,0.000121361770365168,0.00710833226424554,0.00580346510919148,2485,"KMT2A/BCL3/RSAD2/STAT5A/BRD4/RUNX3/FUT7/LGALS1/GATA3/SASH3/STAT4/PRDM1/EP300/RUNX1/EOMES/SPN/BATF/RARA/PSMB2/SOCS5/KLHL25/TBK1/ZBTB7B/TBX21/IL12RB1/ARMC5/ATP7A/IL18R1/IL23R/ZFPM1/AP3B1/PSMB9/HLA-DRB1/ENTPD7/BCL6/BRD2/PSMA5/GPR65/ICOS/LGALS9/IL18RAP/GPR18/PSMA6/FOSL2/IL2RG/SEMA4A","GOBP"
"GOBP_SENSORY_SYSTEM_DEVELOPMENT","GOBP_SENSORY_SYSTEM_DEVELOPMENT",206,0.415563548008726,1.62160771593827,0.000124094930779808,0.00714090127996088,0.00583005547375497,1887,"ATP2B4/TMEM135/DZANK1/HIPK1/VIM/SMARCA4/LPCAT1/CTNS/DTNBP1/EFNA5/CC2D2A/SNTA1/GATA3/PHACTR4/PSEN1/TGIF2/WDPCP/PRDM1/ACVR2B/ARHGAP35/ACTL6A/KDM5B/JUN/DTNB/ZEB2/FOS/RPGR/RARA/TGFB1/BFSP1/HIPK2/NOTCH2/RCN1/SOX8/BAX/TMOD1/B9D1/RAB18/CRYGN/BAK1/ELP6/SGCB/TCIRG1/TULP3/NIPBL/SKIL","GOBP"
"GOBP_REGULATION_OF_T_CELL_MIGRATION","GOBP_REGULATION_OF_T_CELL_MIGRATION",41,0.612017433449134,1.86329674344142,0.000132489658137078,0.00739334749008393,0.00603616046687212,1337,"WNK1/TNFSF14/AIRE/ADAM8/TMEM102/CCR6/SPN/XCL1/CD99L2/DOCK8/CCL5","GOBP"
"GOBP_POST_EMBRYONIC_DEVELOPMENT","GOBP_POST_EMBRYONIC_DEVELOPMENT",66,0.54100972352165,1.79582366831758,0.000132990092047241,0.00739334749008393,0.00603616046687212,2217,"KMT2A/SZT2/MECP2/DNMT3A/GATA3/PSEN1/LLGL2/PRDM1/ACVR2B/NR4A2/KDM5B/AGO2/ASL/CSRNP1/GIGYF2/CHST11/BAX/TIPARP/BPNT2/BAK1/CCDC47/IREB2/ITPR1/PLAGL2","GOBP"
"FAN_OVARY_CL2_PUTATIVE_EARLY_ATRETIC_FOLLICLE_THECAL_CELL_1","FAN_OVARY_CL2_PUTATIVE_EARLY_ATRETIC_FOLLICLE_THECAL_CELL_1",83,-0.428906922439141,-1.685908948576,0.000777202438743819,0.00750914709198072,0.00570269281678901,2193,"RPL7/RPL34/RPL35A/ST13/COMMD6/COX6C/SERPINF1/RPL39/CALD1/RPS24/NBEAL1/CIRBP/RPL36/CYB5A/RPS8/RPS20/RPL32/RPL11/SNRPD2/BEX3/RPL12/RPS18/PFDN5/TOMM7/ITM2B/RPS13/RPS15/SNHG32/SELENOM/RPL41/RPLP1/HMGN2","CELLTYPE"
"GOBP_RESPIRATORY_SYSTEM_PROCESS","GOBP_RESPIRATORY_SYSTEM_PROCESS",32,0.655893622610706,1.9017454582663,0.000138286444875506,0.00755965898652764,0.00617194238181204,1831,"SELENON/FTO/MECP2/TSHZ3/DDIT3/GLS/HIPK2/COL6A1/STK40/CCDC88C/AP3B1","GOBP"
"GOBP_IMMUNE_EFFECTOR_PROCESS","GOBP_IMMUNE_EFFECTOR_PROCESS",499,0.349605725202599,1.46432591130041,0.00014136943652953,0.00760150412814525,0.00620610606611088,2882,"KMT2A/BCL3/AIRE/RSAD2/CD84/RAB27A/STAT5A/SUPT6H/BRD4/TICAM1/CX3CR1/DDX60/SLC11A1/SLA2/CLU/FUT7/CD40LG/LGALS1/IGHV1-69-2/GATA3/CTSC/CD2/CBL/PCYT1A/PTK2B/LAG3/PSEN1/SASH3/STAT4/PRF1/AP1G1/SUSD4/CD81/NR4A3/ITGAL/EXOSC3/TRAF6/MR1/PLEC/SLAMF7/EP300/IL2RB/DDRGK1/NKG7/SLAMF1/GZMB/IL4I1/CCR6/EOMES/SPN/BATF/RARA/TGFB1/PDCD1/XCL1/PSMB2/NOTCH2/SOCS5/DENND1B/FBXO38/ANKRD17/DUSP10/PDPK1/SHLD3/IRF7/IL20RB/TBK1/LGALS3/GPI/LCP1/ZBTB7B/NSD2/TBX21/ITFG2/IL12RB1/PTGDR/NECTIN2/DOCK2/ATP7A/STXBP2/CD244/CTSH/IL18R1/IL23R/ZFPM1/RAC2/TCIRG1/ITM2A/PSMB9/HLA-DRB1/PIK3CG/RASGRP4/PRKAA1/ENTPD7/APBB1IP/BCL6/P2RX7/PLD2/BRD2/STX4/TNFRSF4/PKN1/RASGRP1/KIF5B/MZB1/IL1RAP/BTLA/PTGDS/PSMA5/GPR65/LIMK1/ICOS/LGALS9/IL18RAP/VAMP2/HCST/PSMA6/IL2RG/CCR2/CEBPG/KIR3DL1/NBN/SEMA4A/MYO1G/PRKCD/BST2/HK1/TUBB4B/CYRIB/RORA/UNC13D/IL21R/ACE/DHX36/FCGR3A/SH2D1A/RNF19B/BCL10/CD74/STAT3","GOBP"
"GOBP_REGULATION_OF_SODIUM_ION_TRANSMEMBRANE_TRANSPORT","GOBP_REGULATION_OF_SODIUM_ION_TRANSMEMBRANE_TRANSPORT",20,0.737567720925445,1.91124264472301,0.000157713517015715,0.0078378838759325,0.00639909389614001,957,"ATP2B4/WNK1/ACTN4/SNTA1/SCN1B/CHP1","GOBP"
"GOBP_TRANSFORMING_GROWTH_FACTOR_BETA_RECEPTOR_SIGNALING_PATHWAY","GOBP_TRANSFORMING_GROWTH_FACTOR_BETA_RECEPTOR_SIGNALING_PATHWAY",152,0.454186420305549,1.70121952687949,0.000148979711490204,0.0078378838759325,0.00639909389614001,1645,"SELENON/LATS1/CREBBP/TGFBR3/ZBTB7A/RNF111/TAB1/AXIN1/SMAD5/LATS2/PXN/HSPA5/LEMD3/PML/ZMIZ2/EP300/JUN/BCL9L/USP9X/FURIN/ZEB2/PARP1/ENG/CHST11/FOS/TGFB1/ZYX/HIPK2/PDPK1/LTBP3/THBS1/PALS1/HSPA1A/ING1","GOBP"
"GOBP_CELL_SURFACE_RECEPTOR_PROTEIN_SERINE_THREONINE_KINASE_SIGNALING_PATHWAY","GOBP_CELL_SURFACE_RECEPTOR_PROTEIN_SERINE_THREONINE_KINASE_SIGNALING_PATHWAY",238,0.396980287190174,1.57163387827363,0.000157337005733698,0.0078378838759325,0.00639909389614001,1354,"SELENON/LATS1/CREBBP/RUNX2/GPR155/TGFBR3/ZBTB7A/RNF111/TAB1/AXIN1/ARK2C/SH2B1/SMAD5/NBL1/MICOS10-NBL1/LATS2/PPM1L/PXN/TGIF2/HSPA5/ACVR2B/LEMD3/PML/ZMIZ2/EP300/JUN/BCL9L/USP9X/FURIN/ZEB2/PARP1/ENG/CHST11/FOS/PELO/TGFB1/ZYX/HIPK2/NOTCH2/PDPK1/LTBP3/THBS1","GOBP"
"GOBP_BLOOD_VESSEL_MORPHOGENESIS","GOBP_BLOOD_VESSEL_MORPHOGENESIS",358,0.366789917337503,1.50037015481245,0.000157122658243031,0.0078378838759325,0.00639909389614001,2913,"ATP2B4/WNK1/SH2D2A/TGFBR3/PROK2/HIPK1/ADAM8/ERAP1/FKBPL/RELA/CX3CR1/ANG/VEZF1/MECP2/VPS4B/PAK4/FOXJ2/AKT1/PLXND1/EPN1/S1PR1/RNF213/UBP1/GLUL/PTK2B/BCAS3/HGS/PRDM1/SEMA5A/PML/AGO2/LDLR/RUNX1/HOXA1/PRKCB/JUN/ZFP36L1/NFATC3/HIF1AN/ENG/KLF5/AKT3/CLIC3/TGFB1/HDAC7/ANGPT2/RBM15/HIPK2/NOTCH2/TYMP/PDPK1/BAX/QKI/THBS1/E2F8/STAT1/SP1/PIK3R3/ELMO2/HDAC5/GADD45A/TIPARP/BAK1/ELK3/PIK3CG/CTNND1/ITGB1BP1/NOTCH1/NOS3/BTG1/NOTCH4/E2F2/KRIT1/MYH9/BRCA1/FASLG/CCR2/TSPAN18/PPP3R1/SEMA4A/PRKD2/TGFBI/RORA/PRCP/SIRT6/SRPK2/EPHB4/HHEX/B4GALT1/ADGRG1/STIM1/STAT3/SIRT1/ARID2","GOBP"
"GOBP_CELLULAR_RESPONSE_TO_HORMONE_STIMULUS","GOBP_CELLULAR_RESPONSE_TO_HORMONE_STIMULUS",454,0.350495885121579,1.45795167590469,0.000153452432873511,0.0078378838759325,0.00639909389614001,3585,"KLF11/LATS1/PTPN1/ACTN4/ZBTB7A/STAT5A/TRERF1/ZNF764/RELA/SMARCA4/CPEB2/AKT1/FUT7/TBC1D4/VPS18/THRA/GSK3A/EFNA5/SLC9A1/ADIPOR1/LATS2/GCLC/MAP1B/PXN/HCN2/BCAS3/BLVRB/ADCY7/NR4A3/EGLN2/SAFB2/NR4A2/GCLM/ADCY9/NCOR1/PML/EP300/PRKCB/DDRGK1/ZFP36L1/GPR22/CDK12/PARP1/KLF5/AKT3/TRIM68/NR1D1/CTSB/FOS/RARA/TGFB1/ZFP36/NR3C1/TCF7L2/PRKDC/PGRMC2/PPARGC1B/PDPK1/COL6A1/KBTBD2/MYO1C/VPS11/RAC1/SP1/ABHD2/ZNF106/PIK3R3/HRAS/HDAC5/PTPRE/ZBTB7B/HSPA1A/PTGDR/PTGDR2/POR/NFKB1/FOSB/MYO5A/MAPK1/SAFB/CTSH/IL23R/SLC2A8/ATP1A3/SGCB/UFSP2/PRKAA1/PPP3CA/NOTCH1/PLCB1/STXBP4/RB1/UCP3/PKN1/RXRA/MZB1/PAQR8/FOXO1/BRCA1/ACACA/EIF4EBP2/CYBA/USF1/PAGR1/VAMP2/HDAC6/CSK/A1BG/GREB1L/PIP4K2C/WNT10B/PRKCD/JAK2/GNAS/FOXO3/PER1/PRCP/ACE/INSIG2/PRKAR2B/ESR2/ATP2B1/CASP9/STAT3/IGF1R/SIRT1/KMT2D/PRKAR2A/RBM4/KLF2/PELP1/GSK3B/SESN3/PIK3CA/IL1B/NDEL1/NR4A1/RAB10/CLOCK/ARID5A/AGTRAP/CTSD/NR1H2/RXRB/IGFBP7/LEPROT/PMEPA1/PTGER4/AP3S1/PTPN11/FBXO32/CCNA2/RARB/TNFSF4/TADA3/KDM4C/CNOT1","GOBP"
"GOBP_REGULATION_OF_ADAPTIVE_IMMUNE_RESPONSE","GOBP_REGULATION_OF_ADAPTIVE_IMMUNE_RESPONSE",173,0.434866991863904,1.65593726395323,0.000163828711694026,0.00790485976310146,0.00645377510825742,2090,"AKIRIN2/RSAD2/STAT5A/SUPT6H/BRD4/SLC11A1/FUT7/LGALS1/GATA3/LAG3/ADCY7/SASH3/SUSD4/CD81/EXOSC3/TRAF6/MR1/EP300/SLAMF1/IL4I1/SPN/CD4/IL18BP/BATF/TGFB1/PDCD1/XCL1/SOCS5/DENND1B/FBXO38/DUSP10/SHLD3/IRF7/IL20RB/ZBTB7B/NSD2/TBX21/IL12RB1/NECTIN2/IL18R1/IL23R/HLA-DRB1/PRKAA1/BCL6/P2RX7/BRD2/PKN1","GOBP"
"GOBP_POSITIVE_REGULATION_OF_CELL_CELL_ADHESION","GOBP_POSITIVE_REGULATION_OF_CELL_CELL_ADHESION",254,0.39489207886428,1.57407534637843,0.000163881238991128,0.00790485976310146,0.00645377510825742,2913,"TNFSF14/HLA-DPB1/ARID1A/STAT5A/BRD4/ADAM8/RELA/SMARCA4/RUNX3/AKT1/FUT7/CD40LG/LGALS1/GATA3/HLA-DQB1/SASH3/CD81/NR4A3/TRAF6/ACTL6A/PIEZO1/PHF10/SMARCA2/EP300/RUNX1/ST3GAL4/SLAMF1/IL4I1/CCDC88B/HLA-DQA1/SPN/CD4/PDCD1LG2/ACTB/NCK2/RARA/SOX13/TGFB1/XCL1/SOCS5/DOCK8/FBXO38/DUSP10/AMBRA1/PDPK1/HLA-DPA1/CCL5/KLHL25/ZBTB7B/IL12RB1/NFAT5/IL23R/AP3B1/HLA-DRB1/PRKAA1/PPP3CA/BCL6/CD6/BRD2/CD5/RASGRP1/GPR65/ICOS/LGALS9/CSK/KIFAP3/IL2RG/CCR2/SART1/MAP3K8/JAK2/FOXO3/CYRIB/PTPN23/PODXL/BCL10/CD74/FCHO1/ARID2","GOBP"
"REACTOME_HEME_SIGNALING","REACTOME_HEME_SIGNALING",44,0.603728791436167,1.87132166874391,0.000224479950679968,0.00798150935750996,0.00686129751785944,1187,"HELZ2/CREBBP/HBB/HBA2/NCOR1/MEF2D/EP300/NR1D1/SLC46A1/PGRMC2","REACTOME"
"HE_LIM_SUN_FETAL_LUNG_C1_PULMONARY_NE_PRECURSOR_CELL","HE_LIM_SUN_FETAL_LUNG_C1_PULMONARY_NE_PRECURSOR_CELL",124,0.445435087383412,1.65460070285013,0.000872848188740326,0.00807691915496329,0.00613387756060659,1767,"MFSD6/ESPN/RAP1GAP2/JAKMIP2/EPB41L4A/SYP/EFHD2/MAP1B/IQSEC1/CASZ1/DOP1B/SYT11/RAB26/AMIGO2/ABCA5/DENND4A/TMPRSS3/EGLN3/TIGAR/AKT3/BMERB1/TAMALIN/DUSP10/NPDC1/RASD1/GCH1/SLC36A4/ATL1/CAMK1D/ATP2A3/FBXW7","CELLTYPE"
"AIZARANI_LIVER_C10_MVECS_1","AIZARANI_LIVER_C10_MVECS_1",149,0.43098774851005,1.63285286572885,0.000865257117090034,0.00807691915496329,0.00613387756060659,3502,"TMCC3/TGFBR3/LMNA/F2R/VIM/S1PR1/IFITM3/HECW2/IFI27/NEDD9/PCDH12/MIDN/TP53I11/TPM4/BHLHE40/NDRG1/SEC14L1/CSRNP1/ENG/RPGR/HDAC7/GASK1B/RIPOR1/NPDC1/CDC42EP3/MYADM/MYO1C/PIK3R3/STOM/PEA15/MAST4/CHSY1/FOSB/ELK3/ITM2A/CDKN1A/NOS3/NOTCH4/PTGDS/ARL15/TSPAN18/GNAS/PRCP/PRSS23/EPHB4/CRIM1/MCC/ARAP3/KLF2/NHERF2/SH2D3C/ATP13A3/CLDN5/IGFBP7/SNRK/SNTB2/TSC22D1","CELLTYPE"
"ZHONG_PFC_C3_ASTROCYTE","ZHONG_PFC_C3_ASTROCYTE",239,0.375887389394674,1.50019817868983,0.000860557596781205,0.00807691915496329,0.00613387756060659,3456,"KMT2A/AUTS2/SYNGR3/CIC/PDZD4/ARK2C/BAZ2A/SYP/PHACTR4/AGO4/L1CAM/ADAP1/AGAP2/ACVR2B/AGO2/SMARCA2/GOLGA8A/PRKCB/LRRC7/SNAPC4/ZEB2/PACS1/AKT3/GOLGA3/TCAF1/ARSA/CEP164/STK11IP/ATAD2B/CCL5/TAF6L/IRF7/PGM2L1/RHOU/GCN1/IGHMBP2/HRAS/GOLGA8B/SSX2IP/USP7/CELF2/LPAR2/RABL6/GOLGA7B/ACD/PRPF18/HEATR5A/ZNF611/ZNF362/UBN2/OBSCN/MAST3/TSPOAP1/GAS7/ANKRD36/ULK2/CSK/ZNF316/NFATC2IP/ME3/SIN3B/RPS6KC1/CTTN/AFAP1/ZNF445/PDCD7/ACAP3/PRKAR2B/STX1A/CACNB1/SS18L1/PKD1/CACNB3/RSPH9/ENC1/EVI5L/DUSP4/SEL1L/MCM4/NEFM/STK11/RPS6KA3/SLC4A7/PDP1/RERE/MGRN1/CLDN5/ZNF324/ANKRD13D/DNM1","CELLTYPE"
"GOBP_POSTSYNAPTIC_DENSITY_ORGANIZATION","GOBP_POSTSYNAPTIC_DENSITY_ORGANIZATION",25,0.687522920669796,1.90117996942358,0.000170460810731209,0.00808869368228733,0.00660386287796501,2203,"LATS1/TANC2/SLC30A1/PTK2B/ARF6/ZDHHC12/CRIPT/ABI3/SYNGAP1/IL1RAP","GOBP"
"GOBP_POSITIVE_REGULATION_OF_CELL_DEVELOPMENT","GOBP_POSITIVE_REGULATION_OF_CELL_DEVELOPMENT",307,0.376423820722075,1.52208449917155,0.000172624560292717,0.00808869368228733,0.00660386287796501,2510,"ARID1A/STAT5A/BRD4/ADAM8/CX3CR1/SMARCA4/S1PR2/RUNX3/SLC30A1/PLXND1/TMEM64/LGALS1/EFNA5/GATA3/MAP1B/NEDD9/SASH3/L1CAM/TRAF6/SEMA5A/ACTL6A/PHF10/SMARCA2/EP300/RUNX1/IL2RB/DDRGK1/HSF1/ZFP36L1/IL4I1/LPAR3/ZEB2/CD4/ACIN1/ACTB/FOS/RARA/SOX13/TGFB1/PRKDC/NOTCH2/SOCS5/PPARGC1B/DUSP10/AMBRA1/SOX8/GDI1/QKI/KLHL25/TNFRSF11A/KLF10/LGALS3/ZBTB7B/MAP2K2/RIPK1/IL12RB1/IL23R/LRP8/AP3B1/HLA-DRB1/PAFAH1B1/SKIL/PPP3CA/BCL6/NOTCH1/RB1/TBC1D24/ZNF365/BRD2/RASGRP1/SPEN/GPR65/LIMK1/ZNF335/LGALS9/IL2RG/PLXNB2/SART1/DBN1","GOBP"
"GAUTAM_EYE_CHOROID_SCLERA_CHOROID_ENDOTHELIAL_CELLS","GAUTAM_EYE_CHOROID_SCLERA_CHOROID_ENDOTHELIAL_CELLS",115,-0.406191149715783,-1.69455119994955,0.000888709488787555,0.00810947408518644,0.00615860084335236,1601,"H3-3A/RPL23/EEF1D/PPIA/EIF4EBP1/RPS3A/ANAPC16/BEX5/RNF144B/RPS12/FOXP1/RPS16/FAU/ARPC2/PSMB8-AS1/RPL22/RPS20/BZW2/FKBP1C/RPL12/CALR/RPS19BP1/RPL7A/RPS11/EIF3K/RPL18/LIMK2/RPL19/RPL13A/RPS9/RPL4/ARHGAP19/EEF1A1/LSM4/SPG21","CELLTYPE"
"REACTOME_PROCESSING_OF_SMDT1","REACTOME_PROCESSING_OF_SMDT1",16,-0.76351365728272,-2.02927274729988,0.000241969666399215,0.00829610284797309,0.00713173753597687,747,"SPG7/STOML2/PARL/PMPCB/MCUB","REACTOME"
"GOBP_CELL_JUNCTION_DISASSEMBLY","GOBP_CELL_JUNCTION_DISASSEMBLY",21,0.713122651365916,1.88244363192526,0.000186970191241696,0.00863749615877131,0.00705192240947183,1821,"CX3CR1/PAK4/MAPRE2/IQSEC1/ARF6/STON1/RHOU/DUSP3","GOBP"
"BUSSLINGER_GASTRIC_IMMATURE_PIT_CELLS","BUSSLINGER_GASTRIC_IMMATURE_PIT_CELLS",114,0.445269112270959,1.63372398581064,0.00100356263219136,0.00903206368972228,0.00685924567640529,2458,"ACTN4/RAB27A/LMNA/ANG/DDX60/EFHD2/SH3BGRL3/SLC9A1/IFI27/CTNNA1/BLVRB/GPX2/CCND1/TPM4/ACTB/FAM120A/TCF7L2/CLIC1/SLC44A1/S100A6/RAC1/ABHD2/LGALS3/ETNK1/GALNT6/CAPG/AHNAK/RBM47/CYSTM1/LGALS9C/KDELR2/PLXNB2/FHL2","CELLTYPE"
"GOBP_POSITIVE_REGULATION_OF_TRANSMEMBRANE_RECEPTOR_PROTEIN_SERINE_THREONINE_KINASE_SIGNALING_PATHWAY","GOBP_POSITIVE_REGULATION_OF_TRANSMEMBRANE_RECEPTOR_PROTEIN_SERINE_THREONINE_KINASE_SIGNALING_PATHWAY",67,0.534095270179052,1.77893054527609,0.00020856169079094,0.00950114369158725,0.00775703130661038,2052,"CREBBP/TGFBR3/RNF111/AXIN1/ARK2C/SH2B1/ACVR2B/EP300/ZEB2/PARP1/ENG/PELO/TGFB1/HIPK2/NOTCH2/THBS1/ZC3H3/NOTCH1/NGLY1","GOBP"
"CUI_DEVELOPING_HEART_C5_VALVAR_CELL","CUI_DEVELOPING_HEART_C5_VALVAR_CELL",126,0.437293286307216,1.62764716147037,0.0010767384829123,0.0095596916658565,0.00725994368279417,1797,"HSPA2/S100B/IFI6/LMNA/PPP1R15A/S100A10/CLU/DNAJA1/CHPF/LGALS1/LTC4S/IFI27/NEDD9/ZBTB20/NR4A2/GOLIM4/CSRNP1/TCF12/GADD45B/TAGLN/TUBB2A/CLIC3/FOS/ARL6IP1/LTBP3/THBS1/S100A6/RHOU/HSPA1A/DNAJB4/RGS3/ITM2A","CELLTYPE"
"HE_LIM_SUN_FETAL_LUNG_C1_PROXIMAL_SECRETORY_PROGENITORS_CELL","HE_LIM_SUN_FETAL_LUNG_C1_PROXIMAL_SECRETORY_PROGENITORS_CELL",64,0.510309986036042,1.69792855341234,0.00111063309791297,0.00972914593771763,0.00738863281979998,3032,"PAQR4/NIBAN1/GLIPR2/JAKMIP2/EPB41L4A/TRIM14/PLPP2/NR4A2/BHLHE40/RUNX1/DUSP10/CAMK1D/ATP2A3/IFITM1/BCL6/PAG1/S100A2/CDKN1A/MUC20/FOXO1/STING1/DGKH/CRIM1/TLR5/SULT2B1/DUSP4","CELLTYPE"
"TRAVAGLINI_LUNG_NATURAL_KILLER_T_CELL","TRAVAGLINI_LUNG_NATURAL_KILLER_T_CELL",29,0.634845096035704,1.8415834035407,0.00117997172869215,0.0102005450756677,0.0077466288005551,1361,"SLA2/GATA3/GNLY/PRF1/IL2RB/NKG7/GZMB/XCL1/RGS1","CELLTYPE"
"GOBP_CARDIAC_SEPTUM_DEVELOPMENT","GOBP_CARDIAC_SEPTUM_DEVELOPMENT",58,0.561527432403846,1.83209760243209,0.00023248157127402,0.0103045885645782,0.00841298886658759,2271,"TGFBR3/TAB1/PLXND1/AP2B1/LUZP1/GATA3/HECTD1/PRDM1/ENG/RARA/SUFU/RBM15/NOTCH2/NSD2/ZFPM1/NOTCH1/MATR3/MAML1/NOS3/MDM2/FRS2/MDM4","GOBP"
"GOBP_CALCIUM_ION_TRANSPORT","GOBP_CALCIUM_ION_TRANSPORT",237,0.398028863116872,1.57500921536177,0.000229456741508575,0.0103045885645782,0.00841298886658759,2461,"ATP2B4/SELENON/ITPRIPL1/CD84/ORAI3/F2R/SLC30A1/ITPR3/PANX1/PTK2B/PSEN1/GRINA/SPG11/PML/CHERP/PRKCB/CACNA2D2/CACNA1I/UBQLN1/LPAR3/RGS9/DDIT3/PLCB2/ATP2A2/CCL4/FLNA/CASK/PDE4D/CD4/CCR5/TMX1/MCOLN2/TGFB1/XCL1/PLN/SLC24A4/PDPK1/CALHM2/BAX/CCL5/ANO6/PLCE1/LGALS3/KCNN4/ATP2A3/BAK1/PIK3CG/PPP3CA/PLCB1/P2RX7/HTR2B/DNM1L/AKAP6/TRPM7/PDE4B/ITPR1/NOS3/TRPA1/CEMIP/YWHAE/SLC3A2/NOL3/CYBA/FASLG/TSPAN18/PPP3R1","GOBP"
"GOBP_VIRAL_GENOME_REPLICATION","GOBP_VIRAL_GENOME_REPLICATION",97,0.492812456649017,1.75307783258913,0.000244723450500092,0.0106361045396275,0.00868364889243018,2793,"RSAD2/STAU1/APOBEC3C/MX1/OAS1/OAS3/OAS2/GRK2/IFITM3/IFIH1/OASL/IFITM2/CCNK/IFIT1/RAD23A/CXCR6/EIF2AK2/IFI16/APOBEC3H/CCL5/LARP1/TNIP1/PDE12/IFITM1/PCBP1/NOTCH1/N4BP1/ZNFX1/VAPA/PRKN/PPID/BST2/APOBEC3G/ISG15/SRPK2","GOBP"
"GOBP_PROTEIN_LOCALIZATION_TO_EXTRACELLULAR_REGION","GOBP_PROTEIN_LOCALIZATION_TO_EXTRACELLULAR_REGION",238,0.392500017535611,1.55389661574417,0.000246446324698687,0.0106361045396275,0.00868364889243018,2859,"RAB11FIP5/ACSL4/RSAD2/GOLPH3/RAB27A/F2R/ADAM8/ANG/RHBDF2/EFNA5/PLEK/NBL1/MICOS10-NBL1/NMU/PRF1/AP1G1/COPG1/MIDN/SEC24A/CDK16/ACVR2B/ARF6/APBB3/TANGO2/PFKM/TMED10/NR1D1/DNAJC1/TGFB1/DPH3/TCF7L2/RAB11B/CLSTN3/CCL5/PFKL/RAC1/SLC4A8/KCNN4/TCIRG1/LMF1/HLA-DRB1/PAFAH1B1/SELENOT/P2RX7/STXBP4/CAPS2/DNM1L/STX4/RAB11FIP1/TRPA1/FOXO1/PRKN/RCN3/PPID/TANGO6/MIA2/PIM3/IER3IP1/JAK2/GNAS/SLC25A22/PTPN23/STX1A/SIRT6/GPR68/RAB11FIP2","GOBP"
"GOBP_REGULATION_OF_T_CELL_ACTIVATION","GOBP_REGULATION_OF_T_CELL_ACTIVATION",320,0.367685292735198,1.49037263191588,0.000258024201731186,0.0109911608010167,0.00897352794537438,2445,"TNFSF14/HLA-DPB1/CBLB/ARID1A/STAT5A/BRD4/ADAM8/SMARCA4/RUNX3/AKT1/CD40LG/LGALS1/GATA3/FANCA/CD2/CBL/LAG3/HLA-DQB1/SASH3/CD81/PRDM1/TRAF6/ACTL6A/PHF10/SMARCA2/EP300/RUNX1/SLAMF1/IL4I1/CCDC88B/HLA-DQA1/SPN/CD4/PDCD1LG2/ACTB/BATF/NCK2/RARA/SOX13/TGFB1/PDCD1/XCL1/PSMB2/SOCS5/DOCK8/FBXO38/DUSP10/AMBRA1/PDPK1/LAX1/HLA-DPA1/CCL5/KLHL25/IL20RB/LGALS3/ZBTB7B/DTX1/TBX21/IL12RB1/IL23R/RAC2/DUSP3/AP3B1/PSMB9/HLA-DRB1/PRKAA1/PPP3CA/BCL6/CD6/PAG1/BRD2/CD5/RASGRP1/ITCH/BTLA/PSMA5/GPR65/ICOS/LGALS9/LGALS9C/CSK/PSMA6/IL2RG/CCR2","GOBP"
"REACTOME_INTERFERON_ALPHA_BETA_SIGNALING","REACTOME_INTERFERON_ALPHA_BETA_SIGNALING",63,0.54824607573096,1.79794730260948,0.000336420646806304,0.0111366834804845,0.00957364018497794,1378,"PTPN1/RSAD2/IFI6/MX1/OAS1/OAS3/OAS2/IFIT3/IFITM3/IFI27/IRF9/OASL/IFITM2/XAF1/IFIT1/EIF2AK2/IRF7/STAT1","REACTOME"
"GOBP_POSITIVE_REGULATION_OF_LYMPHOCYTE_MIGRATION","GOBP_POSITIVE_REGULATION_OF_LYMPHOCYTE_MIGRATION",35,0.631427148212677,1.86504115975158,0.000264837950841773,0.011136775368731,0.00909241223942606,1337,"WNK1/TNFSF14/ADAM8/PTK2B/NEDD9/TMEM102/CCL4/SPN/XCL1/CD99L2/DOCK8/CCL5","GOBP"
"REACTOME_MUSCLE_CONTRACTION","REACTOME_MUSCLE_CONTRACTION",87,0.499591136238775,1.7239075813936,0.000354640454759594,0.011348494552307,0.00975572338707095,2092,"ATP2B4/VCL/HIPK1/VIM/ITPR3/PXN/MYL5/TPM4/SCN1B/CACNA2D2/TLN1/CACNA1I/ATP2A2/HIPK2/PLN/SORBS3/TNNC2/TMOD1/ATP2A3/ATP1A3/ATP1B3/PDE5A/ITPR1","REACTOME"
"GOBP_T_CELL_ACTIVATION_INVOLVED_IN_IMMUNE_RESPONSE","GOBP_T_CELL_ACTIVATION_INVOLVED_IN_IMMUNE_RESPONSE",119,0.457785545241467,1.6761256827766,0.000280591222365792,0.0116498634096177,0.0095113133870563,2485,"KMT2A/BCL3/RAB27A/STAT5A/BRD4/SLC11A1/LGALS1/GATA3/PSEN1/STAT4/CD81/ITGAL/EP300/EOMES/SPN/BATF/RARA/PSMB2/SOCS5/TBK1/LGALS3/LCP1/ZBTB7B/TBX21/IL12RB1/ATP7A/IL18R1/IL23R/ZFPM1/PSMB9/HLA-DRB1/ENTPD7/APBB1IP/BCL6/BRD2/PSMA5/GPR65/ICOS/LGALS9/IL18RAP/PSMA6/SEMA4A","GOBP"
"GOBP_T_HELPER_2_CELL_DIFFERENTIATION","GOBP_T_HELPER_2_CELL_DIFFERENTIATION",16,0.747856088521234,1.84703247730463,0.000284660656175394,0.0116710869031912,0.00952864091197636,1185,"KMT2A/BCL3/GATA3/BATF/RARA/SOCS5","GOBP"
"GOBP_RESPONSE_TO_ENDOPLASMIC_RETICULUM_STRESS","GOBP_RESPONSE_TO_ENDOPLASMIC_RETICULUM_STRESS",246,0.396115713503252,1.57000704448017,0.000296753624816663,0.0117271311975741,0.00957439722934166,3299,"SYVN1/SELENON/PTPN1/SESN2/NIBAN1/PPP1R15A/PPP1R15B/QRICH1/CLU/AKT1/UBQLN2/NOD1/HSPA5/GRINA/TMEM33/TNFRSF10B/UBAC2/CCND1/FAM8A1/UBXN6/PML/USP14/USP25/JUN/DDRGK1/PSMC6/FBXO2/RNF121/UBQLN1/DDIT3/ATP2A2/PARP8/AKT3/HERPUD1/EIF2AK2/TRIM25/TMX1/NCK2/HYOU1/BAX/PDIA3/DERL3/THBS1/EIF2B5/DNAJB2/BAG6/MAP3K5/TRIM13/HSPA1A/ATP2A3/BAK1/CCDC47/ERP27/TMEM259/EIF4G1/NRBF2/ITPR1/RNF139/CTH/MAP3K20/PRKN/RCN3/FICD/NFE2L1/ERLEC1/SIGMAR1/TMCO1/SDF2L1/PARP16/WFS1/STAT3/SHISA5/SIRT1/PPP2CB/AMFR/PIGBOS1/RNFT1/SEL1L/GSK3B/MAN1C1/ECPAS/GORASP2/MARCHF6/TP53/DDX3X","GOBP"
"GOBP_LEUKOCYTE_CELL_CELL_ADHESION","GOBP_LEUKOCYTE_CELL_CELL_ADHESION",348,0.368026336242938,1.5015454931891,0.000292818561585955,0.0117271311975741,0.00957439722934166,2445,"WNK1/TNFSF14/HLA-DPB1/CBLB/ARID1A/GOLPH3/STAT5A/BRD4/ADAM8/RELA/CX3CR1/SMARCA4/RUNX3/AKT1/FUT7/CD40LG/LGALS1/GATA3/CBL/LAG3/HLA-DQB1/SASH3/CD81/NR4A3/ITGAL/ITGB7/TRAF6/ACTL6A/PHF10/SMARCA2/EP300/RUNX1/ST3GAL4/SLAMF1/IL4I1/CCDC88B/HLA-DQA1/SPN/CD4/PDCD1LG2/ACTB/NCK2/RARA/SOX13/TGFB1/PDCD1/XCL1/PSMB2/SOCS5/DOCK8/FBXO38/DUSP10/AMBRA1/PDPK1/LAX1/HLA-DPA1/CCL5/KLHL25/IL20RB/TNIP1/LGALS3/ZBTB7B/DTX1/TBX21/IL12RB1/NFAT5/IL23R/RAC2/DUSP3/AP3B1/PSMB9/HLA-DRB1/PRKAA1/PPP3CA/BCL6/CD6/PAG1/BRD2/CD5/RASGRP1/ITCH/BTLA/PSMA5/GPR65/ICOS/LGALS9/LGALS9C/CSK/PSMA6/IL2RG/CCR2","GOBP"
"GOBP_IMMUNE_RESPONSE_REGULATING_SIGNALING_PATHWAY","GOBP_IMMUNE_RESPONSE_REGULATING_SIGNALING_PATHWAY",472,0.341914652969123,1.42802503222933,0.000296369662653941,0.0117271311975741,0.00957439722934166,2600,"WNK1/ITPRIPL1/LATS1/CREBBP/HLA-DPB1/CBLB/GBP5/RSAD2/TAB1/OAS1/RELA/TICAM1/DDX60/SLA2/OAS3/AKT1/SLC39A6/UBR2/NOD1/GATA3/PUM1/LATS2/CBL/LAG3/BTN3A1/PSEN1/HLA-DQB1/ADCY7/CD81/NR4A3/IFIH1/TRAF6/HCFC2/CHUK/RAB29/CPTP/EP300/PRKCB/OASL/SEC14L1/LRRC14/UBQLN1/ZDHHC12/PARP1/PDE4D/CD4/PDCD1LG2/NLRC3/EIF2AK2/IFI16/NR1D1/TRIM25/TRGC1/PDCD1/PRKDC/MFHAS1/DENND1B/ANKRD17/PDPK1/LAX1/MARCHF5/BAX/GDI1/IRF7/KHDRBS1/GRAMD4/IL20RB/MAP2K4/LILRA6/TBK1/EIF2B5/ZCCHC3/BAG6/ZNRF1/TNIP1/LGALS3/KIR3DL2/HRAS/HSPA1A/NECTIN2/KCNN4/NFKB1/MAPK1/CTSH/TLR6/NFATC2/ELP6/DUSP3/AP3B1/HLA-DRB1/CD3G/LCP2/CMTM3/P2RX7/PLD2/RNF31/CD5/PDE4B/WDFY1/CD79B/ITCH/BTLA/YWHAE/KIR2DS4/LIMK1/LGALS9/CYBA/CSK/RNF115/STING1/FOSL2/KIR3DL1/UBE2N/MAPKAPK2/MYO1G/PRKD2/CASP1/PRKCD","GOBP"
"DURANTE_ADULT_OLFACTORY_NEUROEPITHELIUM_CD8_T_CELLS","DURANTE_ADULT_OLFACTORY_NEUROEPITHELIUM_CD8_T_CELLS",72,0.498334553625065,1.69514103311593,0.0013909602056391,0.01186832279357,0.00901319395041605,2427,"RUNX3/SH3BGRL3/CD2/SYTL3/CST7/IL32/NKG7/ALOX5AP/CCL4/JAML/CXCR6/LSP1/CKLF/GZMA/ARL4C/CCL5/RGS1/LCP1/STK17A/RAC2/CD3G/BTG1/LINC01871/HCST/IL2RG","CELLTYPE"
"GOBP_REGULATION_OF_SYSTEMIC_ARTERIAL_BLOOD_PRESSURE","GOBP_REGULATION_OF_SYSTEMIC_ARTERIAL_BLOOD_PRESSURE",43,0.59469311170016,1.82821502049663,0.00031511727652502,0.0121131269930928,0.0098895362870437,2905,"WNK1/PTPN1/F2R/MECP2/GSK3A/NMU/ADRB2/ENG/CYP4F12/ADM5/NOS3/CYBA/IER3/PRCP/ACE/EDN3/PREP","GOBP"
"GOBP_POSITIVE_REGULATION_OF_PROTEASOMAL_PROTEIN_CATABOLIC_PROCESS","GOBP_POSITIVE_REGULATION_OF_PROTEASOMAL_PROTEIN_CATABOLIC_PROCESS",97,0.487595211559078,1.73451856812462,0.000316425003004088,0.0121131269930928,0.0098895362870437,1914,"AXIN1/PABIR2/CLU/AKT1/GSK3A/NUB1/UBQLN2/GCLC/PSEN1/HECTD1/ZYG11B/KEAP1/DDRGK1/PSMC6/UBQLN1/RAD23A/HERPUD1/PSMD10/TMX1/SOCS5/SH3RF2/DNAJB2/BAG6/HSPA1A/GBA1/FBXW7/TMEM259/RCHY1","GOBP"
"GOBP_REGULATION_OF_CYTOPLASMIC_PATTERN_RECOGNITION_RECEPTOR_SIGNALING_PATHWAY","GOBP_REGULATION_OF_CYTOPLASMIC_PATTERN_RECOGNITION_RECEPTOR_SIGNALING_PATHWAY",108,0.47486297304163,1.7130940526854,0.000323134507999329,0.0121131269930928,0.0098895362870437,1742,"LATS1/GBP5/RSAD2/TAB1/DDX60/AKT1/PUM1/LATS2/ADCY7/HCFC2/CPTP/OASL/SEC14L1/UBQLN1/ZDHHC12/PARP1/NLRC3/EIF2AK2/IFI16/PRKDC/ANKRD17/MARCHF5/GRAMD4/ZCCHC3/HSPA1A/TLR6","GOBP"
"GOBP_ALPHA_BETA_T_CELL_ACTIVATION","GOBP_ALPHA_BETA_T_CELL_ACTIVATION",187,0.417604743883054,1.61639573417308,0.000324986333961027,0.0121131269930928,0.0098895362870437,2485,"KMT2A/BCL3/CBLB/RSAD2/STAT5A/BRD4/RUNX3/FUT7/LGALS1/GATA3/SASH3/STAT4/CD81/PRDM1/EP300/RUNX1/NKG7/EOMES/SPN/BATF/RARA/XCL1/PSMB2/SOCS5/KLHL25/TBK1/BAG6/LGALS3/ZBTB7B/TBX21/IL12RB1/DOCK2/ARMC5/ATP7A/IL18R1/IL23R/ZFPM1/TCIRG1/AP3B1/PSMB9/HLA-DRB1/CD3G/ENTPD7/BCL6/BRD2/ITCH/PSMA5/GPR65/ICOS/LGALS9/LGALS9C/IL18RAP/GPR18/PSMA6/FOSL2/IL2RG/CCR2/SEMA4A","GOBP"
"GOBP_CANONICAL_NF_KAPPAB_SIGNAL_TRANSDUCTION","GOBP_CANONICAL_NF_KAPPAB_SIGNAL_TRANSDUCTION",284,0.377600093162127,1.51812657945373,0.000321504280901949,0.0121131269930928,0.0098895362870437,2925,"TNFSF14/CREBBP/BCL3/TGFBR3/S100B/BRD4/F2R/TAB1/ADAM8/UBE2V1/RELA/TICAM1/CX3CR1/CD40LG/LGALS1/NOD1/RHOC/TNFRSF10B/TRAF6/NFKBIB/ANXA4/CHUK/EP300/PRKCB/DDRGK1/TRIM22/FLNA/PARP1/NLRC3/NR1D1/TRIM25/TGFB1/FBXW11/ANKRD17/PDPK1/TRIM39/STAT1/HUWE1/TNFRSF11A/TBK1/TNIP1/TRIM13/DHX15/RIPK1/NFKB1/NFAT5/TLR6/CPNE1/AKAP13/MIER1/HTR2B/SBNO1/PBLD/RNF31/GPR89A/PIAS4/VAPA/IL1RAP/CTH/ITCH/MAP3K3/LGALS9/PRKN/MAPKBP1/PSMA6/FASLG/UBE2N/ZDHHC17/CASP1/BST2/PPM1A/IRAK1BP1/PER1/RORA/DHX36/SLC20A1/NFKBIL1/TAB3/BCL10/CD74/STAT3/SHISA5/SIRT1/PPP2CB","GOBP"
"GOBP_POSITIVE_REGULATION_OF_PROTEOLYSIS_INVOLVED_IN_PROTEIN_CATABOLIC_PROCESS","GOBP_POSITIVE_REGULATION_OF_PROTEOLYSIS_INVOLVED_IN_PROTEIN_CATABOLIC_PROCESS",116,0.459165650335376,1.67553560728257,0.000329785899683188,0.0121539073141669,0.00992283061849829,2205,"AXIN1/PABIR2/CLU/AKT1/GSK3A/NUB1/UBQLN2/GCLC/CTSC/PTK2B/PSEN1/HECTD1/ZYG11B/KEAP1/DDRGK1/PSMC6/UBQLN1/RAD23A/HERPUD1/PSMD10/TMX1/SOCS5/SH3RF2/DNAJB2/BAG6/HSPA1A/GBA1/FBXW7/TMEM259/RCHY1/PYHIN1/RNF139/CDK1/MDM2","GOBP"
"BUSSLINGER_ESOPHAGEAL_PROLIFERATING_BASAL_CELLS","BUSSLINGER_ESOPHAGEAL_PROLIFERATING_BASAL_CELLS",59,-0.475886510934629,-1.74428499372876,0.00150655218571604,0.0125291745065245,0.00951506643610129,1522,"EEF1B2/EIF4B/HNRNPA1/HMGB2/SLC7A5/RPL5/NCL/YBX1/HMGB1/PTMA/SNRPB/GPX4/ITGA6/RPS5/RPS3/RPL15/RPL13A/RPL4/EEF1A1/RPL10","CELLTYPE"
"AIZARANI_LIVER_C9_LSECS_1","AIZARANI_LIVER_C9_LSECS_1",195,0.393100677415656,1.53613410302283,0.00149687629736813,0.0125291745065245,0.00951506643610129,1324,"PTPN1/TGFBR3/F2R/PPP1R15A/SLC27A3/ARHGAP26/S1PR1/EIF4G3/CCDC50/LUZP1/DUSP5/MAP1B/IFI27/PXN/TNFRSF10B/RBMS1/TP53I11/TPM4/BHLHE40/NTN4/PHF10/AFF1/FCHSD2/SEC14L1/IFI44L/CD4/ENG/AFF4/ANKRD11/RPGR/PLEKHG1/ANGPT2/TCF7L2/HIPK2/NPDC1/MYADM/KDM6B","CELLTYPE"
"GOBP_RIBOSOMAL_SMALL_SUBUNIT_BIOGENESIS","GOBP_RIBOSOMAL_SMALL_SUBUNIT_BIOGENESIS",112,-0.424120480422583,-1.71334778466225,0.000351819028351814,0.0128218490332661,0.0104681591593803,2850,"MPHOSPH10/NOL11/UTP14A/RCC1L/NOA1/RPS17/RPS15A/RRS1/RPS27A/NOP58/XRCC5/RRP7A/RRP9/EXOSC10/NPM1/RPSA/IMP3/BMS1/RPS24/RPS3A/RPS12/NGDN/RPS16/FAU/RPS25/RPS8/RPS19/GTF2H5/RPS4X/SNU13/ERAL1/RPS21/RPS19BP1/RPS6/RPS5/RPS13/RPS15/RPS7/RPS11/RBFA/RPS28/RPS14/RPS9/PDCD2","GOBP"
"GOBP_POSITIVE_REGULATION_OF_CELL_ACTIVATION","GOBP_POSITIVE_REGULATION_OF_CELL_ACTIVATION",310,0.379192390866033,1.53232237906201,0.000361118842747648,0.0130161516946405,0.0106267939381147,2445,"TNFSF14/HLA-DPB1/AKIRIN2/ARID1A/STAT5A/BRD4/ADAM8/TICAM1/SMARCA4/RUNX3/AKT1/CD40LG/LGALS1/PLEK/GATA3/CTSC/CD2/HLA-DQB1/SASH3/CD81/NR4A3/EXOSC3/TRAF6/ACTL6A/PHF10/SMARCA2/EP300/RUNX1/DDRGK1/SLAMF1/IL4I1/CCDC88B/HLA-DQA1/SPN/FLNA/CD4/PDCD1LG2/ACTB/NCK2/RARA/SOX13/TGFB1/XCL1/PRKDC/SOCS5/DOCK8/FBXO38/DUSP10/AMBRA1/PDPK1/HLA-DPA1/CCL5/SHLD3/THBS1/KLHL25/ZBTB7B/NSD2/TBX21/IL12RB1/NECTIN2/CRLF2/IL23R/TLR6/NFATC2/AP3B1/HLA-DRB1/PRKAA1/PPP3CA/BCL6/CD6/BRD2/CDKN1A/CD5/TNFRSF4/RASGRP1/GPR65/ZNF335/ICOS/LGALS9/CSK/JUND/IL2RG/CCR2","GOBP"
"MANNO_MIDBRAIN_NEUROTYPES_HNBGABA","MANNO_MIDBRAIN_NEUROTYPES_HNBGABA",326,0.357690549731678,1.462010398347,0.00161206177505648,0.0132390573276514,0.0100541747549575,2024,"MFSD6/ACSL4/GPR155/SYNGR3/PTPN18/UBE2K/RAP1GAP2/PDZD4/ARK2C/FRMD3/NAP1L2/CBX4/CPEB2/SYP/RUNX3/TMEM127/BCO2/TESMIN/FRY/GATA3/AMPH/MAPRE2/MAP1B/CD2/SLC9A6/CASZ1/L1CAM/CMIP/GK5/CHERP/GOLGA8A/PRKCB/LRRC7/C3orf62/IDH3A/PDE4D/GLS/APOL6/SCD5/ADORA2A-AS1/PIGX/ZNF264/TNK2/RAP2B/BLTP3B/C1orf35/PPARGC1B/PDPK1/MACO1/KIF21B/TARBP1/PGM2L1/RHOU/GOLGA8B/CELF2/NFATC2/FRMD4B/ATP1A3/FAM171B/EID2B/GOLGA7B/ZNF292/SNORD11/TBC1D24/KIF21A/ZNF362/UBN2","CELLTYPE"
"GOBP_POSITIVE_REGULATION_OF_CELLULAR_RESPONSE_TO_TRANSFORMING_GROWTH_FACTOR_BETA_STIMULUS","GOBP_POSITIVE_REGULATION_OF_CELLULAR_RESPONSE_TO_TRANSFORMING_GROWTH_FACTOR_BETA_STIMULUS",25,0.673820726766861,1.86328983397902,0.000382556190458541,0.0134923043516561,0.0110155398814548,1354,"CREBBP/TGFBR3/RNF111/AXIN1/EP300/ZEB2/HIPK2/THBS1","GOBP"
"GOBP_TYPE_I_INTERFERON_MEDIATED_SIGNALING_PATHWAY","GOBP_TYPE_I_INTERFERON_MEDIATED_SIGNALING_PATHWAY",62,0.545345108244405,1.7973100576664,0.000379027675503956,0.0134923043516561,0.0110155398814548,2145,"PTPN1/UBE2K/OAS1/OAS3/OAS2/IFITM3/IFI27/YTHDF2/IFIH1/OASL/IFITM2/GIGYF2/NLRC5/IRF7/STAT1/TBK1/YTHDF3/IFITM1/ZBP1/RBM47","GOBP"
"LAKE_ADULT_KIDNEY_C27_VASCULAR_SMOOTH_MUSCLE_CELLS_AND_PERICYTES","LAKE_ADULT_KIDNEY_C27_VASCULAR_SMOOTH_MUSCLE_CELLS_AND_PERICYTES",103,0.444377610646116,1.61256833256411,0.00168107465362135,0.0136353833015954,0.0103551577104161,2676,"AUTS2/CBLB/VCL/ACTN4/DYRK1A/FRY/PAN3/JUN/ZFP36L1/FCHSD2/FLNA/TAGLN/AKT3/KCNAB1/FOS/ZFP36/PDLIM5/MAP3K5/LPP/HSPA1A/FOSB/AKAP13/RCAN2/AKAP6/HIP1/MYH9/ANKRD36/CLMN/MYO1D/DGKH/SIK3","CELLTYPE"
"AIZARANI_LIVER_C20_LSECS_3","AIZARANI_LIVER_C20_LSECS_3",198,0.380234797394578,1.48378596812109,0.00172970195546767,0.0138587095700276,0.0105247590101627,1776,"PTPN1/VCL/TGFBR3/LMNA/PPP1R15A/ARHGAP26/S1PR1/CCDC50/LUZP1/DUSP5/MAP1B/IFI27/PXN/TNFRSF10B/RBMS1/BHLHE40/NDRG1/SEC14L1/ETS2/ZEB2/ENG/AFF4/ANKRD11/IFI16/RPGR/PLEKHG1/TCF7L2/HIPK2/SLCO4A1/MIR4435-2HG/RIPOR1/RBM17/KDM6B/PEAK1/PEA15/MAST4/CHSY1/NOLC1/TCERG1/RBBP6","CELLTYPE"
"REACTOME_SARS_COV_1_HOST_INTERACTIONS","REACTOME_SARS_COV_1_HOST_INTERACTIONS",91,-0.435564416557663,-1.6958312990334,0.000460881027060373,0.0142724447089664,0.0122692945743746,1947,"NPM1/RCAN3/RPSA/PPIA/UBB/RPS24/RPS3A/HNRNPA1/RPS12/YWHAB/RPS16/FAU/RPS25/RPS8/RPS20/RPS19/RPS4X/UBA52/RPS21/RPS18/RPS6/RPS5/RPS13/RPS3/RPS15/RPS7/RPS11/RPS28/RPS14/SMAD3/RPS9/FKBP1A/EEF1A1/RPS2","REACTOME"
"REACTOME_AEROBIC_RESPIRATION_AND_RESPIRATORY_ELECTRON_TRANSPORT","REACTOME_AEROBIC_RESPIRATION_AND_RESPIRATORY_ELECTRON_TRANSPORT",240,-0.338315555906139,-1.51509414468724,0.000488375173247133,0.014651255197414,0.0125949386784787,2440,"SDHAF1/RPS27A/DMAC2L/NDUFS8/COX6A1/PNKD/PDK2/RMND5B/COX14/NDUFAF5/NDUFAF2/PDK1/MT-ND3/SDHAF2/IDH3B/COX6C/UQCRH/TMEM177/SMIM20/COX8A/GOT1/COX20/UQCRC2/COX7A2/MAEA/ISCU/ATP5MC3/NDUFC2/SLC25A4/UBB/NDUFB7/SLC25A14/TRAP1/ATP5F1C/NDUFA2/HAGH/COX4I1/SDHAF3/SUCLG2/MDH1/COX6B1/NDUFB9/COX19/ME2/UBA52/NDUFA8/SDHB/NDUFV3/SLC25A11/NDUFB2/LYRM4/SCO1/SUCLG1/UQCC6/NDUFS5/TIMMDC1/FAHD1/PDK3/ATP5F1A/NDUFA10/TIMM21/LDHB/ECSIT","REACTOME"
"REACTOME_TRAF6_MEDIATED_IRF7_ACTIVATION","REACTOME_TRAF6_MEDIATED_IRF7_ACTIVATION",16,0.757743914315123,1.90286997825221,0.000513815363266274,0.0149473560222916,0.0128494814928472,1424,"CREBBP/IFIH1/TRAF6/EP300/TRIM25/TRIM4/IRF7/TBK1","REACTOME"
"AIZARANI_LIVER_C29_MVECS_2","AIZARANI_LIVER_C29_MVECS_2",199,0.387721054553913,1.5147516794339,0.0018896064635353,0.0149574873077433,0.0113592068955705,2264,"TMCC3/TGFBR3/IFI6/LMNA/F2R/VIM/S100A10/S1PR1/LUZP1/IFITM3/IFI27/NEDD9/MIDN/CMIP/TP53I11/TPM4/PLEC/AFF1/NDRG1/IFITM2/SEC14L1/CRTAP/ENG/TSC22D2/FNIP2/RPGR/CYB5R3/SPTAN1/RIPOR1/NPDC1/CDC42EP3/MYADM/KDM6B/MYO1C/PDLIM5/STOM/PEA15/MAST4/CHSY1/FOSB/NOLC1/NFATC2/ELK3/ITM2A/ATP1B3/AHNAK/CDKN1A/NOS3/NOTCH4/PTGDS/YWHAE","CELLTYPE"
"SU_HO_CONV_CENT_CHONDROSARCOMA_C5_CHON2","SU_HO_CONV_CENT_CHONDROSARCOMA_C5_CHON2",249,-0.3234112827749,-1.46454151641088,0.00197027541770568,0.0154103684456266,0.011703139699154,2433,"RRS1/AIMP1/ATF5/CHCHD5/RETREG2/COX14/PHB2/TRAPPC2L/GTF2E2/SRA1/NDUFAF2/YBEY/REXO4/HNRNPD/MRPL57/EBNA1BP2/PGK1/IMP3/PSMD8/GOT1/TIMM44/PSMC3/CDK4/GAR1/SLC25A4/EIF4B/EXOSC5/EID1/UFD1/KARS1/POLR2C/TMEM38B/THAP7/SHMT2/MRPL54/PSMA3/THUMPD3-AS1/COX6B1/XRCC6/ARG2/MYLK/NDUFB9/KRT18/NDUFA8/SNU13/SUPT4H1/SNRPD2/PRKAG1/RPS19BP1/UBE2D3/PRELID1/RPS5/STOML2/PARL/SEC61A1/EMC7/EIF3K/UPP1/EDF1/NOSIP/HINT2/CCT7/MRPL34/BEX2","CELLTYPE"
"REACTOME_PLATELET_HOMEOSTASIS","REACTOME_PLATELET_HOMEOSTASIS",52,0.552913006290416,1.76071033529088,0.000593906728271011,0.0167691311511815,0.014415568884349,2925,"ATP2B4/ITPR3/ATP2A2/KCNMB3/PPP2R1B/GNB4/PPP2R5A/ATP2A3/LRP8/PDE5A/P2RX7/ITPR1/NOS3/KCNMB4/PPP2R5E/GNAS/ATP2B1/STIM1/PPP2CB","REACTOME"
"DESCARTES_FETAL_LUNG_VISCERAL_NEURONS","DESCARTES_FETAL_LUNG_VISCERAL_NEURONS",39,0.57044166772028,1.73425934132631,0.00223483882143326,0.0168337523181817,0.012784104139739,1772,"MLLT11/SYNGR3/PDZD4/MAP1B/L1CAM/PPP2R2B/LRRC7/TUBB2A/SOX2-OT/RAB15/TMOD1/KRTAP5-AS1/ATP1A3","CELLTYPE"
"HAY_BONE_MARROW_DENDRITIC_CELL","HAY_BONE_MARROW_DENDRITIC_CELL",127,0.418291487001691,1.55927333286015,0.00219662896720956,0.0168337523181817,0.012784104139739,3518,"HLA-DPB1/RUNX2/FUT7/CCDC50/DUSP5/SFT2D2/HLA-DQB1/CIITA/SUSD1/ST3GAL4/ALOX5AP/EGLN3/HLA-DQA1/JAML/IDH3A/LSP1/TMED10/GNA15/HLA-DPA1/PLP2/IRF7/TMEM109/ATG101/HLA-DRB1/OPN3/NOTCH4/PARVG/PTMS/NOPCHAP1/PON2/MAPKAPK2/RRBP1/CIB2/TGFBI/C12orf75/CLN8/SLC20A1/B4GALT1/CD74/ERCC1/LINC00996/CBX6/SCAMP4/CXCR3/CD2AP/HLA-DQA2/TMEM8B/P2RY14/AP3S1/MYBL2","CELLTYPE"
"GAUTAM_EYE_CORNEA_FIBROBLASTS","GAUTAM_EYE_CORNEA_FIBROBLASTS",138,-0.370479881781325,-1.54619144658508,0.00225474916894975,0.0168337523181817,0.012784104139739,1493,"EIF4B/IL1R1/RPS3A/HNRNPA1/MAGED2/TSPAN4/RPS16/FTL/RPL36/PNISR/RPS25/CDC37/NCL/RPL22/RPS20/MYLK/RPL11/RPS4X/RACK1/FERMT2/RPL35/RPS5/SPTBN1/WIPF1/SPATS2/RPS13/RPS3/RPS15/SNHG32/RPL18/EIF3D/RPL29/RPLP2/RPL13A/RPS9/RPL4/SLC25A6/RPL10","CELLTYPE"
"TRAVAGLINI_LUNG_ALVEOLAR_EPITHELIAL_TYPE_1_CELL","TRAVAGLINI_LUNG_ALVEOLAR_EPITHELIAL_TYPE_1_CELL",259,0.366548263298668,1.47392016777911,0.00225014428952609,0.0168337523181817,0.012784104139739,2152,"ATP2B4/GGT1/PTPN1/VCL/NBEAL2/PPP1R15A/S100A10/KLF6/RNF213/MVB12B/TTC7A/B3GNT2/TNFAIP1/NEDD9/ADRB2/SEMA5A/TPM4/PIEZO1/GOLGA8A/IL32/ARAP2/ST3GAL4/FLNA/GADD45B/PRR5L/GLS/TAGLN/TSC22D2/SCD5/TSPAN15/CLIC3/ACTB/ZFP36/MT1E/SPTAN1/SPRING1/MYADM/ANO6/MYO1C/OTUD1/CYP4B1/PEAK1/EPS8L2/PLCE1/LGALS3/PNPLA2/PTPRE/TMEM109/PFKFB3/CELF2/MAP7D1/ATP1B3/AHNAK/N4BP1/TXNDC11/CDKN1A/OPN3/HIP1/KIF5B/RAB11FIP1/CYSTM1","CELLTYPE"
"GOBP_NEGATIVE_REGULATION_OF_NEURON_APOPTOTIC_PROCESS","GOBP_NEGATIVE_REGULATION_OF_NEURON_APOPTOTIC_PROCESS",105,0.462364802965746,1.66468824067923,0.000490516286827081,0.0168736076072323,0.0137761417691909,1735,"F2R/ADAM8/CX3CR1/MECP2/CLU/AKT1/PLXND1/GCLC/PTK2B/PSEN1/GRINA/NR4A3/AGAP2/NR4A2/CCND1/GCLM/JUN/HYOU1/HIPK2/AMBRA1/BAX/MAP2K4/HRAS/ATP7A/GBA1","GOBP"
"GOBP_REGULATION_OF_TRANSMEMBRANE_RECEPTOR_PROTEIN_SERINE_THREONINE_KINASE_SIGNALING_PATHWAY","GOBP_REGULATION_OF_TRANSMEMBRANE_RECEPTOR_PROTEIN_SERINE_THREONINE_KINASE_SIGNALING_PATHWAY",164,0.418560534591448,1.58937626210526,0.000493861686065334,0.0168736076072323,0.0137761417691909,2981,"LATS1/CREBBP/GPR155/TGFBR3/ZBTB7A/RNF111/AXIN1/ARK2C/SH2B1/NBL1/MICOS10-NBL1/LATS2/HSPA5/ACVR2B/LEMD3/EP300/BCL9L/ZEB2/PARP1/ENG/CHST11/PELO/TGFB1/HIPK2/NOTCH2/PDPK1/THBS1/PALS1/HSPA1A/ING1/ZC3H3/SAP130/SKIL/NOTCH1/PBLD/NGLY1/SNX25/RBBP4/TRIM33/UBE2O/BRMS1/PPM1A/JAK2/SAP30/CRIM1/FLCN/SIRT1/SKI/ACVR2A/NOMO1","GOBP"
"GOBP_POSITIVE_REGULATION_OF_CELL_ADHESION","GOBP_POSITIVE_REGULATION_OF_CELL_ADHESION",347,0.357441683067396,1.45647035889951,0.000484285447180897,0.0168736076072323,0.0137761417691909,2931,"TNFSF14/HLA-DPB1/ARID1A/STAT5A/BRD4/ADAM8/RELA/S100A10/SMARCA4/RUNX3/AKT1/FUT7/CD40LG/GSK3A/LGALS1/GATA3/PTK2B/NEDD9/HLA-DQB1/SASH3/CD81/NR4A3/TRAF6/ACTL6A/PIEZO1/PHF10/SMARCA2/EP300/RUNX1/TMEM102/ST3GAL4/SLAMF1/IL4I1/CCDC88B/HLA-DQA1/SPN/FLNA/CD4/PDCD1LG2/ACTB/NCK2/RARA/SOX13/TGFB1/XCL1/SOCS5/DOCK8/FBXO38/DUSP10/AMBRA1/PDPK1/HLA-DPA1/MYADM/CCL5/KLHL25/RAC1/ZBTB7B/IL12RB1/LDB1/NFAT5/IL23R/AP3B1/HLA-DRB1/PRKAA1/ITGB1BP1/PPP3CA/APBB1IP/BCL6/CD6/PREX1/BRD2/STX4/CD5/RASGRP1/ANKRD28/GPR65/BAG4/ICOS/LGALS9/CSK/KIFAP3/IL2RG/CCR2/SART1/MAP3K8/PRKD2/JAK2/FOXO3/CYRIB/UNC13D/PTPN23/PODXL/CCL28/BCL10/ADGRG1/TESK1/CD74/FCHO1/ARID2/TFE3","GOBP"
"GOBP_TISSUE_REMODELING","GOBP_TISSUE_REMODELING",104,0.455278488079612,1.63976434618562,0.00050856521867601,0.0171968445078074,0.0140400424993138,2555,"F2R/ADAM8/SUCO/PLEKHM1/TMEM64/S1PR1/PTK2B/ADRB2/TRAF6/ACVR2B/GPR137/PML/RUNX1/TGFB1/GPR137B/NOTCH2/COL6A1/LTBP3/BAX/SNX10/TNFRSF11A/TPP1/NFKB1/ATP7A/BAK1/RAC2/TCIRG1/PPP3CA/P2RX7/NOS3/MDM2/NOL3/CSK/FOSL2/CCR2/ARAP1","GOBP"
"GOBP_REGULATION_OF_SECRETION","GOBP_REGULATION_OF_SECRETION",352,0.358810917567776,1.46501175668916,0.000514918732541803,0.0172340147218073,0.0140703894262766,2876,"RAB11FIP5/WNK1/ACSL4/RSAD2/CD84/GOLPH3/RAB27A/F2R/ADAM8/ANG/VPS4B/S100A10/RHBDF2/SLC30A1/DTNBP1/OAS2/VPS18/EFNA5/GRK2/NMU/AP1G1/HGS/MIDN/SEC24A/SYT11/CDK16/RAB26/ARF6/KDM5B/APBB3/PRKCB/SYT2/ATP2A2/CASK/PFKM/TMED10/NR1D1/NHERF1/DNAJC1/TGFB1/DPH3/TCF7L2/PDPK1/WDR41/CCL5/PFKL/HIP1R/TNFRSF11A/SEPTIN4/RAC1/RAB15/SLC4A8/KCNN4/STXBP2/RAC2/TCIRG1/HLA-DRB1/GABBR1/SELENOT/PPP3CA/NOTCH1/P2RX7/STXBP4/GGCX/DNM1L/STX4/CLASP2/RAB11FIP1/TRPA1/CPLANE2/KCNMB4/TSPOAP1/FOXO1/LGALS9/CYBA/PRKN/VAMP2/CCR2/PPID/RAB8B/PIM3/IER3IP1/JAK2/GNAS/UNC13D/SLC25A22/PTPN23/STX1A/SIRT6/RAB27B/GPR68/EDN3/CD74","GOBP"
"HALLMARK_APOPTOSIS","HALLMARK_APOPTOSIS",136,0.424911508479125,1.5810255102135,0.00141645900512947,0.0173516228128359,0.0134190853117528,2868,"CREBBP/TGFBR3/LMNA/F2R/RELA/CCND2/CLU/DNAJA1/IFITM3/CD2/NEDD9/PSEN1/PRF1/FDXR/CCND1/TAP1/JUN/DDIT3/PLCB2/CDC25B/GADD45B/ENO2/RARA/GNA15/SPTAN1/BAX/GCH1/LGALS3/PEA15/GADD45A/DNM1L/CDKN1A/CTH/RHOT2/BRCA1/FASLG/PPP3R1/IER3/CASP1/CDK2/SLC20A1/IGFBP6/CASP9/BCL10","HALLMARK"
"GOBP_REGULATION_OF_CD4_POSITIVE_ALPHA_BETA_T_CELL_DIFFERENTIATION","GOBP_REGULATION_OF_CD4_POSITIVE_ALPHA_BETA_T_CELL_DIFFERENTIATION",52,0.557530468658965,1.76761806201722,0.000554230640326634,0.0179987772304095,0.0146947654923497,2427,"STAT5A/BRD4/RUNX3/LGALS1/GATA3/SASH3/EP300/RUNX1/BATF/RARA/SOCS5/KLHL25/ZBTB7B/TBX21/IL12RB1/IL23R/HLA-DRB1/BCL6/BRD2/GPR65/LGALS9/IL2RG","GOBP"
"GOBP_INTEGRATED_STRESS_RESPONSE_SIGNALING","GOBP_INTEGRATED_STRESS_RESPONSE_SIGNALING",51,0.551534307294675,1.74591016590831,0.000553415595267331,0.0179987772304095,0.0146947654923497,3158,"PTPN1/PPP1R15A/PPP1R15B/QRICH1/AKT1/HSPA5/TMEM33/JUN/DDRGK1/DDIT3/AKT3/FOS/BATF/NCK2/GCN1/CEBPD/MAP3K20/CEBPG/NFE2L1/NFE2L3/CEBPE/CEBPA/OMA1/ARIH1","GOBP"
"GOBP_REGULATION_OF_MONOATOMIC_ION_TRANSPORT","GOBP_REGULATION_OF_MONOATOMIC_ION_TRANSPORT",213,0.400889066334418,1.57327729653068,0.000546576220489794,0.0179987772304095,0.0146947654923497,2554,"ATP2B4/SELENON/WNK1/ACTN4/CD84/F2R/MLLT6/AKT1/SLC30A1/KCNAB2/SNTA1/PTK2B/ADRB2/SPG11/PML/SCN1B/UBQLN1/LPAR3/RGS9/CCL4/FLNA/CASK/PDE4D/CD4/CHP1/KCNAB1/NHERF1/TMX1/TCAF1/TGFB1/XCL1/RAB11B/PLN/PDPK1/BAX/CCL5/ANO6/STOM/LGALS3/TCAF2/KCNN4/BAK1/TCIRG1/NRBP1/PIK3CG/ATP1B3/PPP3CA/P2RX7/AKAP6/YWHAQ/PDE4B/NOS3/KIF5B/TRPA1/CEMIP/YWHAE/CYBA/PXK/TSPAN18/PPP3R1/OXSR1/FXYD7","GOBP"
"GOBP_REGULATION_OF_CD4_POSITIVE_ALPHA_BETA_T_CELL_ACTIVATION","GOBP_REGULATION_OF_CD4_POSITIVE_ALPHA_BETA_T_CELL_ACTIVATION",64,0.524430672301482,1.73820394579517,0.000560354739277912,0.018019250439525,0.0147114804615377,2427,"STAT5A/BRD4/RUNX3/LGALS1/GATA3/SASH3/CD81/EP300/RUNX1/BATF/RARA/XCL1/SOCS5/KLHL25/ZBTB7B/TBX21/IL12RB1/IL23R/HLA-DRB1/BCL6/BRD2/GPR65/LGALS9/LGALS9C/IL2RG","GOBP"
"MANNO_MIDBRAIN_NEUROTYPES_HRGL2B","MANNO_MIDBRAIN_NEUROTYPES_HRGL2B",213,0.38344753221552,1.51058078839708,0.00255337529696649,0.0186396396678554,0.0141555542779195,2300,"ATP2B4/HBB/FASN/IFI6/HBA2/VIM/NACC2/EFHD2/CTDSP1/CENPE/ZMAT1/TGIF2/XYLT1/IFI44/GOLGA8A/SLFN13/JUN/H2AX/ZFP36L1/ARAP2/IFI44L/PARD3B/SCD5/FOS/TNK2/GPR137B/TCF7L2/NOTCH2/DNAH7/SOX8/QKI/SOX2-OT/KIF11/PEAK1/PDLIM5/BARD1/PEA15/SPATA6/IQGAP2/GAREM2/MRC2/NFATC2/RABL6/SGO1/BCL6/NOTCH1/AHNAK/HEATR5A/PREX1/AAMDC/CDK1/C21orf58/BCAP29/CENPN/BRCA1","CELLTYPE"
"GAO_LARGE_INTESTINE_ADULT_CI_MESENCHYMAL_CELLS","GAO_LARGE_INTESTINE_ADULT_CI_MESENCHYMAL_CELLS",303,0.353109213598263,1.43461316279283,0.00255190873505286,0.0186396396678554,0.0141555542779195,2886,"CIMAP1B/RUNX2/RELT/NIBAN1/ADAM8/VIM/PTPN7/RUNX3/MAP4K1/OAS2/LGALS1/OSBPL3/DUSP5/KCNAB2/SPAG4/SYNE3/CD2/SASH3/STAT4/CCDC102A/NR4A3/PRDM1/ITGAL/ITGB7/SLAMF7/CST7/IKZF1/PRKCB/SEC14L1/NKG7/ALOX5AP/SLAMF1/ARHGAP30/DTNB/ZEB2/LSP1/SLC1A4/ENO2/CHST11/TRG-AS1/TGFB1/NR3C1/DOCK8/ADGRG5/KLHL5/LAX1/HLA-DPA1/DERL3/FAM117A/RGS1/CCR10/PPP1R18/RNF122/LCP1/IL12RB1/DOCK2/MYO5A/RAB34/PIK3CG/ZBP1/APBB1IP/ABI3/RGS19/ST8SIA4/PDE4B/TNFRSF4/ADA2/PLAAT3/ANKRD28/MZB1/CD79B/NUGGC/GPR65/ZNF532/PARVG/LY6E/HCST/A1BG/FICD/SP140/NFATC1/MYO1G/BST2/LAMP3/APOBEC3G/EMP3/SLC2A3/THEMIS2/DOK3/HHEX/SPINK2/RAB30/MICB","CELLTYPE"
"GOBP_EPITHELIAL_CELL_DEVELOPMENT","GOBP_EPITHELIAL_CELL_DEVELOPMENT",135,0.436154313748629,1.61919536036709,0.000586300468008567,0.0186705391754185,0.0152432129853224,2239,"RAPGEF1/VCL/FASN/VIM/VEZF1/S1PR2/AKT1/GSK3A/EFNA5/LUZP1/E2F4/PRDM1/RAB1B/RAB1A/PLEC/TIGAR/FLNA/PDE4D/KLF5/RARA/TGFB1/RAP2B/BFSP1/AMPD2/NOTCH2/PDPK1/SOX8/MYADM/RAC1/TMOD1/NUP210L/CCDC88C/PLOD3/IQGAP1/NOTCH1/PLCB1/NOTCH4/FRS2/RAP2C","GOBP"
"GOBP_REGULATION_OF_LYMPHOCYTE_ACTIVATION","GOBP_REGULATION_OF_LYMPHOCYTE_ACTIVATION",420,0.347119557701436,1.43746593099767,0.000615766450189334,0.0192353710154382,0.0157043593912949,2445,"TNFSF14/HLA-DPB1/CBLB/AKIRIN2/ARID1A/STAT5A/SUPT6H/BRD4/ADAM8/TICAM1/SMARCA4/RUNX3/AKT1/CD40LG/LGALS1/GATA3/FANCA/CD2/CBL/IKZF3/LAG3/NEDD9/HLA-DQB1/SASH3/CD81/PRDM1/EXOSC3/TRAF6/ACTL6A/PHF10/SMARCA2/EP300/RUNX1/DDRGK1/ZFP36L1/SLAMF1/IL4I1/CCDC88B/HLA-DQA1/SPN/CD4/PDCD1LG2/ACTB/BATF/NCK2/RARA/SOX13/TGFB1/PDCD1/XCL1/PRKDC/PSMB2/SOCS5/DOCK8/FBXO38/DUSP10/AMBRA1/PDPK1/LAX1/HLA-DPA1/CCL5/SHLD3/KLHL25/IL20RB/DCAF15/LGALS3/CUL4A/ZBTB7B/DTX1/NSD2/TBX21/IL12RB1/IL23R/NFATC2/RAC2/DUSP3/AP3B1/PSMB9/HLA-DRB1/PRKAA1/PPP3CA/BCL6/CD6/PAG1/BRD2/CDKN1A/CD5/TNFRSF4/PKN1/RASGRP1/MZB1/ITCH/BTLA/PSMA5/GPR65/ZNF335/ICOS/LGALS9/LGALS9C/CSK/PSMA6/IL2RG/CCR2","GOBP"
"GOBP_CELL_JUNCTION_ORGANIZATION","GOBP_CELL_JUNCTION_ORGANIZATION",450,0.341894129917943,1.42133158631879,0.000611553680860786,0.0192353710154382,0.0157043593912949,3063,"LATS1/TANC2/PTPN1/RAPGEF1/VCL/STAU1/HIPK1/F2R/CX3CR1/PPP1R9B/MECP2/S100A10/PAK4/S1PR2/AKT1/SLC30A1/PLXND1/DTNBP1/EFNA5/SLC9A1/RAP2A/MAPRE2/MAP1B/CTNNA1/PTK2B/RHOC/NEDD9/PSEN1/WDPCP/IQSEC1/L1CAM/SPG11/AMIGO2/ARF6/PLEC/AGO2/RAB29/CHRNB1/CACNA2D2/TLN1/WHAMM/PIP5K1A/PGRMC1/ZDHHC12/SETD5/SH3BP1/TRIM47/ACTB/TGFB1/HDAC7/CLSTN3/STON1/ARF1/MYADM/THBS1/HIP1R/MYO1C/MAP2K4/PDZD11/PEAK1/PDLIM5/RAC1/RHOU/LDB1/RAB39B/LRP8/RYK/DUSP3/PAFAH1B1/ITGB1BP1/CHD4/EIF4G1/CRIPT/SLC39A9/LRFN3/SNX27/CAPS2/ABI3/ZNF365/SYNGAP1/CLASP2/KIF5B/TESK2/MYOT/ANKRD28/SDK2/DLG4/IL1RAP/NF2/HDAC6/CSK/AJM1/ZDHHC8/PLXNB2/SEMA4A/ZDHHC17/RAB8B/DBN1/CYFIP1/ALS2/SIGMAR1/CTTN/MTSS1/NEDD8/ACE/DHX36/PTPN23/CLSTN1/MYO9A/FLCN/IGF1R/CBLN3/POTEI/TPBG/RAPSN/PRKCH/NTNG2/IQSEC2","GOBP"
"GOBP_REGULATION_OF_RESPONSE_TO_BIOTIC_STIMULUS","GOBP_REGULATION_OF_RESPONSE_TO_BIOTIC_STIMULUS",472,0.335998241855878,1.40331482137026,0.000626743836792812,0.0193935828743436,0.01583352850845,2401,"LATS1/CREBBP/PTPN1/LRSAM1/AKIRIN2/GBP5/RSAD2/TSPAN32/STAT5A/UBE2K/TAB1/ADAM8/ERAP1/PARP9/OAS1/RELA/TICAM1/DDX60/OAS3/AKT1/NOD1/PUM1/LATS2/LAG3/ADCY7/AP1G1/YTHDF2/SUSD4/IFIH1/SYT11/TRAF6/HCFC2/MR1/PML/CHUK/CPTP/EP300/OASL/SEC14L1/TRIM22/FBXO2/LRRC14/IL4I1/UBQLN1/POLR3D/SPN/TIGAR/ZDHHC12/DTX3L/PARP1/GIGYF2/NLRC3/EIF2AK2/IFI16/NR1D1/TRIM25/ERCC6/TGFB1/PDCD1/PRKDC/MFHAS1/FBXO38/ANKRD17/DUSP10/PDPK1/MARCHF5/NLRC5/GDI1/CCL5/IRF7/STAT1/GRAMD4/TBK1/ZCCHC3/ZNRF1/TNIP1/IL12RB1/HSPA1A/NECTIN2/TRIM21/YTHDF3/IL23R/TLR6/LRP8/ELP6/AP3B1/HLA-DRB1/RASGRP4/PRKAA1/ZBP1/P2RX7/MATR3/N4BP1/ZDHHC11/RNF31/RASGRP1/ZNFX1/WDFY1/RBM47/PYHIN1/ITCH/BTLA/YWHAE/LGALS9/IL18RAP/CYBA/RNF115/MAPKBP1/STING1","GOBP"
"GOBP_STRIATED_MUSCLE_CONTRACTION","GOBP_STRIATED_MUSCLE_CONTRACTION",133,-0.384219527411582,-1.5997495345464,0.000640239845859428,0.0194443212446197,0.0158749529031811,2398,"CALM2/RPL24/ATP1A1/CACNA1C/RPL7/RPL34/CALM3/RPL35A/RPL23/ASPH/RPL39/RPL10A/EHD3/VEGFB/CAMK2D/RPL37A/VPS54/CCDC78/RCSD1/RPL9/RPL36/TMEM38B/RPL5/ARG2/RPL32/RPL11/UBA52/FKBP1C/RPL27A/RPL12/KCNH2/PRKACA/MAP2K6/RPL6/RPL35/BIN1/RPL13/RPL7A/RPL18/RPL19/RPL15/RPL29/RPLP2/RPL13A/RPL41/RPL4/RPLP0/FKBP1A/RPLP1/RPL10","GOBP"
"GOBP_POSITIVE_REGULATION_OF_LOCOMOTION","GOBP_POSITIVE_REGULATION_OF_LOCOMOTION",376,0.355964052693766,1.46047283110262,0.000638759291598084,0.0194443212446197,0.0158749529031811,2909,"WNK1/TNFSF14/LGR6/TGFBR3/ACTN4/STAT5A/F2R/ADAM8/GLIPR2/CX3CR1/AKT1/FUT7/S1PR1/RAP2A/GATA3/MAPRE2/PTK2B/BCAS3/RHOC/NEDD9/HSPA5/IQSEC1/NR4A3/CBLL1/SEMA5A/SEMA3G/ARF6/AGO2/JUN/DDRGK1/TMEM102/SLAMF1/CCR6/CCL4/SPN/FLNA/AKT3/CEP43/TGFB1/HDAC7/XCL1/CD99L2/DOCK8/RIPOR1/PDPK1/MYADM/SH3RF2/CCL5/THBS1/ANO6/MYO1C/RAC1/SP1/PIK3R3/LGALS3/PTP4A1/GPI/HRAS/MAP2K2/TCAF2/PLAA/MAPK1/CAMK1D/CTSH/RAC2/ELP6/NIPBL/PIK3CG/ITGB1BP1/PPP3CA/BCL6/NOTCH1/MIR590/ZNF609/TBC1D24/DOCK7/DNM1L/PREX1/ARHGEF39/STX4/CLASP2/NOS3/CEMIP/BAG4/FAM110C/LGALS9/RICTOR/HDAC6/CCR2/SEMA4A/OXSR1/SUN2/PRKD2/CTTN/JAK2/CPNE3/PODXL/PDGFD/EDN3/CD74/STAT3/IGF1R/SIRT1/CCL4L2","GOBP"
"GOBP_CELL_MORPHOGENESIS_INVOLVED_IN_NEURON_DIFFERENTIATION","GOBP_CELL_MORPHOGENESIS_INVOLVED_IN_NEURON_DIFFERENTIATION",339,0.354147714499001,1.44125348825452,0.000647094228973622,0.0194721933122338,0.015897708532196,3355,"TANC2/AUTS2/LGR6/SZT2/VCL/S100B/KIF13B/ARK2C/PICALM/SLC30A1/PLXND1/DTNBP1/EFNA5/MINK1/RAP2A/GATA3/HECW2/MAP1B/PSEN1/SLC9A6/WDPCP/NR4A3/L1CAM/SPG11/NR4A2/PITPNA/SEMA5A/ARHGAP35/SEMA3G/NTN4/GORASP1/SCN1B/USP9X/LPAR3/ZEB2/PGRMC1/UNK/TNIK/VASP/ACTB/NHERF1/NOTCH2/GDI1/S100A6/PDLIM5/RAC1/MAP2K2/ATL1/ATP7A/CFAP418/LRP8/RYK/PAFAH1B1/SKIL/PPP3CA/NOTCH1/RB1/TBC1D24/ABI3/DOCK7/KIF21A/ZNF365/SYNGAP1/CLASP2/KIF5B/MYOT/DLG4/LIMK1/CHN1/ULK2/HDAC6/PLXNB2/DNM2/SEMA4A/ZDHHC17/DBN1/CYFIP1/EFNA4/CTTN/CRPPA/DHX36/TTL/SCRIB/TMEM216/EDN3/SS18L1/KIF5C/APLP2/POTEI/RAPH1/FZD3/TPBG/NTNG2/GSK3B/CHODL/CAPRIN2/ADARB1/NDEL1/STK11/RAB10/NEDD4L/ADAM17/FARP1/RERE","GOBP"
"GOBP_ADAPTIVE_IMMUNE_RESPONSE_BASED_ON_SOMATIC_RECOMBINATION_OF_IMMUNE_RECEPTORS_BUILT_FROM_IMMUNOGLOBULIN_SUPERFAMILY_DOMAINS","GOBP_ADAPTIVE_IMMUNE_RESPONSE_BASED_ON_SOMATIC_RECOMBINATION_OF_IMMUNE_RECEPTORS_BUILT_FROM_IMMUNOGLOBULIN_SUPERFAMILY_DOMAINS",277,0.372363447182089,1.49396177535938,0.000664434147411405,0.0198122182137219,0.0161753155121016,2714,"BCL3/AIRE/RSAD2/RAB27A/STAT5A/SUPT6H/BRD4/SLC11A1/SLA2/CLU/FUT7/CD40LG/LGALS1/IGHV1-69-2/IL17RB/GATA3/CTSC/PCYT1A/LAG3/SASH3/STAT4/PRF1/SUSD4/CD81/EXOSC3/TRAF6/MR1/EP300/IL2RB/SLAMF1/IL4I1/CCR6/SPN/CD4/IL18BP/BATF/TGFB1/PDCD1/XCL1/PSMB2/SOCS5/DENND1B/FBXO38/SHLD3/IRF7/IL20RB/HRAS/ZBTB7B/NSD2/TBX21/IL12RB1/NECTIN2/CTSH/IL18R1/IL23R/TCIRG1/PSMB9/HLA-DRB1/PRKAA1/ENTPD7/BCL6/NOTCH1/P2RX7/BRD2/PKN1/BTLA/PSMA5/LGALS9/IL18RAP/PSMA6/IL2RG/CCR2/NBN/SEMA4A/MYO1G/PRKCD/CYRIB/RORA/UNC13D/IL21R","GOBP"
"HE_LIM_SUN_FETAL_LUNG_C4_CD4_T_CELL","HE_LIM_SUN_FETAL_LUNG_C4_CD4_T_CELL",33,-0.565705261686675,-1.80687672052387,0.00277149973361375,0.0200096189558707,0.0151959615238047,1836,"RCAN3/SERINC5/FKBP5/INPP4B/SUSD3/ACTN1/FHIT/LIMS2/MAL/LINC01550/CCR7/LRRN3/PASK/ARMH1/EPHX2","CELLTYPE"
"GOBP_LEUKOCYTE_MEDIATED_IMMUNITY","GOBP_LEUKOCYTE_MEDIATED_IMMUNITY",322,0.361594338112121,1.46606660216228,0.000689777129408901,0.0203826034636144,0.0166409958958392,2876,"BCL3/AIRE/RSAD2/CD84/RAB27A/STAT5A/SUPT6H/TICAM1/CX3CR1/SLA2/CLU/FUT7/CD40LG/IGHV1-69-2/GATA3/CTSC/CD2/CBL/PCYT1A/LAG3/SASH3/PRF1/AP1G1/SUSD4/CD81/NR4A3/EXOSC3/TRAF6/MR1/SLAMF7/IL2RB/NKG7/SLAMF1/GZMB/IL4I1/CCR6/SPN/BATF/TGFB1/PDCD1/XCL1/DENND1B/FBXO38/PDPK1/SHLD3/IRF7/IL20RB/NSD2/TBX21/IL12RB1/PTGDR/NECTIN2/STXBP2/CTSH/IL18R1/IL23R/RAC2/TCIRG1/HLA-DRB1/PIK3CG/RASGRP4/PRKAA1/BCL6/P2RX7/STX4/RASGRP1/KIF5B/BTLA/PTGDS/LGALS9/IL18RAP/VAMP2/HCST/IL2RG/CCR2/CEBPG/KIR3DL1/NBN/MYO1G/PRKCD/BST2/TUBB4B/CYRIB/UNC13D/IL21R/ACE/DHX36/FCGR3A/SH2D1A/RNF19B/BCL10/CD74","GOBP"
"HALLMARK_MYC_TARGETS_V1","HALLMARK_MYC_TARGETS_V1",200,-0.332976423227327,-1.46835845722833,0.00210512169565661,0.0206301926174348,0.0159546065355027,3103,"PRDX4/MRPL9/IMPDH2/C1QBP/EIF2S2/CLNS1A/PSMD14/SMARCC1/CBX3/PCNA/SNRPD3/HNRNPA2B1/LSM7/GNL3/RAN/ORC2/ACP1/MCM7/PSMA7/PHB2/RPL34/LSM2/RANBP1/IFRD1/RRP9/HNRNPD/NPM1/PGK1/POLD2/NHP2/EIF4H/PSMD8/XPO1/APEX1/SNRPA1/PPIA/PSMB3/SERBP1/CDK4/EEF1B2/COPS5/HNRNPA1/DDX18/KARS1/UBE2L3/TXNL4A/CCT3/RPL22/XRCC6/UBA2/HDDC2/SNRPD2/ABCE1/POLE3/RPL6/RACK1/RPS6/RPS5/MYC/MAD2L1/RPS3/RPL18/EIF3D/CCT2/RPLP0/CCT7/RPS2/TUFM","HALLMARK"
"GOBP_ER_NUCLEUS_SIGNALING_PATHWAY","GOBP_ER_NUCLEUS_SIGNALING_PATHWAY",51,0.545991334378631,1.72836360056237,0.0007078316535696,0.0206942240080326,0.0168954126689457,1813,"PTPN1/PPP1R15A/PPP1R15B/QRICH1/AKT1/HSPA5/TMEM33/DDRGK1/DDIT3/ATP2A2/AKT3/NCK2/SPRING1/ZBTB7B/ARMC5/FBXW7/CCDC47","GOBP"
"GOBP_COGNITION","GOBP_COGNITION",183,0.404660918192217,1.56292814197669,0.000712941253935269,0.0206942240080326,0.0168954126689457,3168,"KMT2A/GPR155/GMFB/CIC/S100B/CCND2/PPP1R9B/MECP2/PICALM/CTNS/DTNBP1/BTBD9/ITPR3/THRA/NEDD9/PSEN1/DOP1B/SYT11/SPG11/LDLR/EP300/HOXA1/B4GALT2/ST3GAL4/NCSTN/PGRMC1/SETD5/SLC1A4/KCNAB1/FOS/TMEM43/PLN/TACO1/GPI/NTAN1/GAREM2/MAPK1/PAFAH1B1/NIPBL/RCAN2/PLCB1/SYNGAP1/CHMP2B/DLG4/RIC8A/EIF4EBP2/PRKN/FEN1/CYFIP1/ATAD1/SYNJ1/SIGMAR1/GNAS/ATXN1L/CLN8/PRKAR2B/BCL7A/GM2A/AMFR/TPBG/ATP8A1/PJA2/ATXN1/HTT","GOBP"
"LAKE_ADULT_KIDNEY_C16_COLLECTING_SYSTEM_PRINCIPAL_CELLS_CORTEX","LAKE_ADULT_KIDNEY_C16_COLLECTING_SYSTEM_PRINCIPAL_CELLS_CORTEX",87,0.457390598381572,1.61904426446828,0.00290004695631743,0.0207101179380495,0.0157279434473051,2350,"TANC2/EPB41L4A/BTBD9/GATA3/ZFAND3/BCAS3/LRBA/MTR/SMARCA2/AFF1/NDRG1/PDE4D/GLS/AKT3/RABGAP1L/IMMP2L/RBBP8/NFAT5/BABAM2/RAD51B/ARL15/PDE8A/PRKN","CELLTYPE"
"GOBP_POSITIVE_REGULATION_OF_MONOATOMIC_ION_TRANSPORT","GOBP_POSITIVE_REGULATION_OF_MONOATOMIC_ION_TRANSPORT",91,0.468484535440667,1.64450461330857,0.000721444116917078,0.0207573395042808,0.0169469421369995,2932,"ACTN4/F2R/MLLT6/AKT1/SCN1B/LPAR3/CCL4/FLNA/CASK/CD4/CHP1/TCAF1/XCL1/PDPK1/BAX/CCL5/ANO6/LGALS3/KCNN4/BAK1/ATP1B3/PPP3CA/P2RX7/AKAP6/KIF5B/TRPA1/CEMIP/PPP3R1/FXYD7/WFS1/ATP2B1/EDN3/STIM1/CACNB3","GOBP"
"REACTOME_DISEASES_OF_SIGNAL_TRANSDUCTION_BY_GROWTH_FACTOR_RECEPTORS_AND_SECOND_MESSENGERS","REACTOME_DISEASES_OF_SIGNAL_TRANSDUCTION_BY_GROWTH_FACTOR_RECEPTORS_AND_SECOND_MESSENGERS",365,0.35495745064672,1.45439692100244,0.000776325743375594,0.0212935061040163,0.0183049438438035,3553,"SYVN1/ETV6/CREBBP/VCL/STAT5A/LMNA/AXIN1/MAMLD1/PRR5/PSMB5/EML4/MECP2/BIRC6/AKT1/GSK3A/RNF213/AGO4/CBL/PSEN1/PRF1/POLR2A/RANBP2/TPM4/NCOR1/AGO2/CHUK/EP300/JUN/TLN1/PSMC6/GZMB/NCSTN/PPP2R1B/AKT3/ADRM1/ACTB/CEP43/TGFB1/HDAC7/ARAF/TCF7L2/PSMB2/DUSP10/PDPK1/QKI/STAT1/RAC1/PIK3R3/SEC31A/HRAS/HDAC5/TNKS2/MAP2K2/MAPK1/CLCN6/PPP2R5A/FBXW7/RAC2/MARK3/AP3B1/PIK3CG/IQGAP1/APBB1IP/NOTCH1/RB1/CDKN1A/MAML1/HIP1/KIF5B/PAPSS1/HDAC11/MDM2/FRS2/MYH9/PSMA5/BAG4/FOXO1/TNRC6C/ICOS/RICTOR/HDAC6/CSK/PSMA6/PPP2R5E/HDAC8/AREG/RRBP1/ERLEC1/DNMT1/JAK2/FOXO3/PSENEN/ESR2/CASP9/STAT3/PPP2CB/CCNB1/PPP1CB/SEL1L/PSEN2/GSK3B/PIK3CA/MYO18A/PSMD12/NR4A1/TENT4A/PSMD1/ZFYVE9/TP53/NRAS/ADAM17/PIK3CB/POLR2B/AGTRAP/RHOG/PSMD3/ZAP70/DUSP7/DUSP8/PTPN11/MPRIP","REACTOME"
"SU_HO_CONV_CENT_CHONDROSARCOMA_LEUKOCYTE_C4_OSTEOCLAST","SU_HO_CONV_CENT_CHONDROSARCOMA_LEUKOCYTE_C4_OSTEOCLAST",432,-0.271900312374758,-1.30059602287599,0.00304653651057293,0.0215223063166281,0.0163447459650432,2751,"N4BP2/MRPL4/RETREG1/SYCE1L/CD109/TWF2/UQCR11/ATG14/MLST8/GNL3/MRPL36/ECH1/DEF8/BDH1/ALKBH7/GRHPR/CENPX/RPP25/NPC2/OXR1/NDUFS8/TENT2/CTNNBIP1/SQOR/SUPT3H/MDFIC/PHB2/CKB/CALM3/NME3/CST3/OXCT1/TIAM1/UBTD1/RFTN2/NPM1/UQCRH/MRPL57/CARMIL1/OCIAD2/NIPA1/POLD2/MRPL40/COX8A/PLBD1/SLC4A2/GOT1/EXT1/UQCRC2/STAP2/COX7A2/APEX1/ATP5MC3/NDFIP2/SLC25A5/ZC3H8/NDUFC2/SLC25A4/LYPLA1/CERS2/TMSB10/RNLS/TRAP1/ATP5F1C/LETMD1/PRPSAP2/CDK5/MRPL41/GUCD1/RILP/MAPKAPK5-AS1/ACTN1/CUTA/GTF2F2/CCT3/CHCHD3/COX4I1/MRPS15/RPL22/SUCLG2/ARL6IP5/PTRHD1/POLD4/MCRIP2/HDDC2/VDAC2/ADI1/FILIP1L/RPL27A/EIF3G/COL18A1/NDUFV3/MPG/PPP1R7/TOMM22/AKR7A2/PICK1/PACC1/SHTN1/H2AC6/MRPS34/SLC25A11/GMPR2/STRADB/CAPN2/NDUFB2/BTBD10/PARK7/SUCLG1/ADK/COQ8A/PPA1/EIF3K/MRPL44/VMA22/PMPCB/EIF3D/PGAM1/NSMCE1/ATP5F1A/NDUFA10/AK5/LSM12/MRPL43/RGS10/LDHB","CELLTYPE"
"GOBP_ACTIVATION_OF_IMMUNE_RESPONSE","GOBP_ACTIVATION_OF_IMMUNE_RESPONSE",473,0.333319648762252,1.39242785664775,0.000761413271468945,0.0217168306992882,0.0177303008019862,2425,"WNK1/ITPRIPL1/LATS1/CREBBP/HLA-DPB1/CBLB/GBP5/RSAD2/TAB1/OAS1/RELA/TICAM1/DDX60/SLA2/CLU/OAS3/AKT1/SLC39A6/UBR2/NOD1/GATA3/PUM1/LATS2/CBL/LAG3/BTN3A1/PSEN1/HLA-DQB1/ADCY7/SUSD4/CD81/NR4A3/IFIH1/TRAF6/HCFC2/CHUK/RAB29/CPTP/EP300/PRKCB/OASL/SEC14L1/LRRC14/UBQLN1/ZDHHC12/PARP1/PDE4D/CD4/PDCD1LG2/NLRC3/EIF2AK2/IFI16/NR1D1/TRIM25/TRGC1/PDCD1/PRKDC/MFHAS1/DENND1B/ANKRD17/PDPK1/LAX1/MARCHF5/BAX/GDI1/IRF7/KHDRBS1/GRAMD4/TBK1/EIF2B5/ZCCHC3/BAG6/ZNRF1/TNIP1/LGALS3/HRAS/HSPA1A/NECTIN2/KCNN4/NFKB1/MAPK1/TLR6/NFATC2/ELP6/DUSP3/AP3B1/HLA-DRB1/CD3G/LCP2/CMTM3/ZBP1/P2RX7/MATR3/PLD2/RNF31/CD5/PDE4B/ZNFX1/WDFY1/PYHIN1/CD79B/ITCH/YWHAE/LIMK1/LGALS9/CYBA/CSK/RNF115/STING1/FOSL2","GOBP"
"GOBP_REGULATION_OF_ALPHA_BETA_T_CELL_DIFFERENTIATION","GOBP_REGULATION_OF_ALPHA_BETA_T_CELL_DIFFERENTIATION",67,0.506440373887494,1.68681937619009,0.000776168709283516,0.021772298784106,0.0177755866838144,2427,"STAT5A/BRD4/RUNX3/LGALS1/GATA3/SASH3/PRDM1/EP300/RUNX1/BATF/RARA/SOCS5/KLHL25/ZBTB7B/TBX21/IL12RB1/IL23R/AP3B1/HLA-DRB1/BCL6/BRD2/GPR65/LGALS9/IL2RG","GOBP"
"GOBP_CALCIUM_ION_TRANSMEMBRANE_IMPORT_INTO_CYTOSOL","GOBP_CALCIUM_ION_TRANSMEMBRANE_IMPORT_INTO_CYTOSOL",107,0.451655984423139,1.62575173417498,0.00077663382857939,0.021772298784106,0.0177755866838144,2461,"ATP2B4/SELENON/F2R/ITPR3/PTK2B/PML/CHERP/CACNA1I/DDIT3/PLCB2/FLNA/PDE4D/CD4/CCR5/TGFB1/XCL1/PLN/SLC24A4/PDPK1/BAX/PLCE1/KCNN4/BAK1/PPP3CA/PLCB1/P2RX7/HTR2B/AKAP6/ITPR1/TRPA1/CEMIP/NOL3/CYBA/FASLG/PPP3R1","GOBP"
"HALLMARK_COMPLEMENT","HALLMARK_COMPLEMENT",146,0.416463243105196,1.5574019372658,0.0026921172122303,0.0219856238998808,0.0170028455509282,2968,"CBLB/GMFB/ANG/CLU/CD40LG/PLEK/DUSP5/GATA3/CTSC/PSEN1/HSPA5/BRPF3/AKAP10/USP14/GZMB/PRDM4/CTSB/RNF4/GZMA/CCL5/IRF7/LGALS3/GNB4/GNAI3/RABIF/HSPA1A/CTSH/PSMB9/PIK3CG/LCP2/LAP3/STX4/RASGRP1/NOTCH4/CASP1/PRKCD/JAK2/APOBEC3G/DGKH/PRCP/SIRT6/CASP9/PREP/PPP2CB/S100A12","HALLMARK"
"REACTOME_REGULATION_OF_ENDOGENOUS_RETROELEMENTS_BY_THE_HUMAN_SILENCING_HUB_HUSH_COMPLEX","REACTOME_REGULATION_OF_ENDOGENOUS_RETROELEMENTS_BY_THE_HUMAN_SILENCING_HUB_HUSH_COMPLEX",48,-0.521787269494319,-1.82543706716966,0.000852215266492718,0.0227257404398058,0.019536162834219,2282,"H2AC20/H2AC4/H3-3A/PPHLN1/H4C2/H3C1/SETDB1/H2BC4/H4C5/H2BC8/H2AC6/H3C10/H2BC21/H2BC5/H2AC8","REACTOME"
"GOBP_SODIUM_ION_TRANSMEMBRANE_TRANSPORT","GOBP_SODIUM_ION_TRANSMEMBRANE_TRANSPORT",69,0.499516756957465,1.66402095050835,0.000869041457073692,0.0241564066034043,0.0197220469830105,1948,"ATP2B4/WNK1/ACTN4/SLC6A6/SLC9A1/SNTA1/HCN2/SLC9A6/SCN1B/SLC17A3/CHP1/TMEM43/SLC24A4/CNNM4/ANO6/SLC4A8/ATP1A3/ATP1B3/P2RX7","GOBP"
"GOBP_ARTERY_DEVELOPMENT","GOBP_ARTERY_DEVELOPMENT",55,0.540598788012003,1.75434253513736,0.000914173856212966,0.0249874187364877,0.0204005113175946,1126,"TAB1/PLXND1/AP2B1/LUZP1/HECTD1/PRDM1/ACVR2B/LDLR/HOXA1/DDIT3/NFATC3/ENG/AKT3/LOXL1/SUFU","GOBP"
"GOBP_REGULATION_OF_NEURON_PROJECTION_DEVELOPMENT","GOBP_REGULATION_OF_NEURON_PROJECTION_DEVELOPMENT",259,0.369860030999403,1.47624570940976,0.000907890605418894,0.0249874187364877,0.0204005113175946,2066,"TANC2/PTPN1/RAPGEF1/VIM/KIF13B/AKT1/SLC30A1/PRAG1/PLXND1/DTNBP1/GSK3A/EFNA5/KIF26A/RAP2A/GATA3/HECW2/MAP1B/PTK2B/PSEN1/L1CAM/SEMA5A/ARHGAP35/SEMA3G/ARF6/RAB29/EP300/LRRC7/GORASP1/SCN1B/LPAR3/ZEB2/TNIK/LRIG2/LTK/FBXO38/GDI1/RTCA/ZNF296/STK24/PDLIM5/MAP2K2/CAMK1D/LRP8/RYK/PAFAH1B1/SKIL/PPP3CA/TBC1D24/ABI3/KIF21A/PREX1/ZNF365/SYNGAP1","GOBP"
"GOBP_HOMEOSTASIS_OF_NUMBER_OF_CELLS_WITHIN_A_TISSUE","GOBP_HOMEOSTASIS_OF_NUMBER_OF_CELLS_WITHIN_A_TISSUE",28,0.64232409787937,1.82137444763611,0.000934186051510124,0.0251158217127312,0.0205053435292645,2764,"KMT2A/F2R/SASH3/GIGYF2/AKT3/BAX/IL20RB/RAC1/ELP6/NOTCH1/P2RX7/NOS3/FOSL2/CCR2/PRDX5","GOBP"
"GOBP_REGULATION_OF_ESTABLISHMENT_OF_PROTEIN_LOCALIZATION","GOBP_REGULATION_OF_ESTABLISHMENT_OF_PROTEIN_LOCALIZATION",391,0.348693557786444,1.43318712296144,0.000929699332419253,0.0251158217127312,0.0205053435292645,2813,"RAB11FIP5/PTPN1/EMD/ACSL4/RSAD2/GOLPH3/F2R/ADAM8/ANG/RHBDF2/DNAJA1/GSK3A/EFNA5/USP36/NMU/IFI27/SEC24C/CD81/UBAC2/MIDN/SEC24A/CDK16/NMT1/ARF6/APBB3/RAB29/EP300/GZMB/PGRMC1/FLNA/NUP58/PRR5L/CHP1/PFKM/TMED10/NR1D1/GRIPAP1/TCAF1/DNAJC1/TGFB1/SCFD1/DPH3/SUFU/TCF7L2/RIPOR1/SNX12/GDI1/DERL3/CCL5/PFKL/UHMK1/MYO1C/HUWE1/RBM22/VPS11/RAC1/BARD1/LMAN1/RHOU/STOM/SEC31A/HRAS/LCP1/USP7/NSD2/TCAF2/KCNN4/B3GAT3/SH3GLB1/FBXW7/RAC2/TCIRG1/HLA-DRB1/GAPVD1/CCT6A/PRKAA1/ITGB1BP1/ACD/P2RX7/STXBP4/DNM1L/STX4/RNF31/RXRA/FRAT2/RAB11FIP1/CDK1/TRPA1/CEMIP/YWHAE/BAG4/FOXO1/PRKN/VAMP2/HDAC6/CSK/TMEM30B/SEC24D/PPID/XPO4/ERLEC1/PRKCD/PPM1A/PIM3/IER3IP1/JAK2/GNAS/SLC25A22/PTPN23/STX1A/SIRT6/ALDH7A1/GPR68","GOBP"
"GOBP_POSITIVE_REGULATION_OF_LYMPHOCYTE_DIFFERENTIATION","GOBP_POSITIVE_REGULATION_OF_LYMPHOCYTE_DIFFERENTIATION",117,0.442675922022754,1.61538595911078,0.000956827341578011,0.0255153957754136,0.0208315683095803,2509,"ARID1A/STAT5A/BRD4/ADAM8/SMARCA4/RUNX3/GATA3/SASH3/ACTL6A/PHF10/SMARCA2/EP300/RUNX1/DDRGK1/IL4I1/ACTB/RARA/SOX13/TGFB1/PRKDC/SOCS5/DUSP10/AMBRA1/KLHL25/ZBTB7B/IL12RB1/IL23R/AP3B1/HLA-DRB1/BCL6/BRD2/RASGRP1/GPR65/LGALS9/IL2RG/SART1","GOBP"
"BUSSLINGER_ESOPHAGEAL_QUIESCENT_BASAL_CELLS","BUSSLINGER_ESOPHAGEAL_QUIESCENT_BASAL_CELLS",51,-0.469256107194462,-1.67103136457207,0.00371127877708826,0.0259394697504998,0.0196992848862244,1493,"EIF4B/RPS3A/ALDH3A2/SLC7A5/RPL5/TXNIP/RACK1/RPS6/ZFP36L2/RPL13/RPS3/RPL3/RPL13A/RPL4/EEF1A1/RPLP1/PRNP/RPL10/SNHG29","CELLTYPE"
"GOBP_REGULATION_OF_MYOBLAST_DIFFERENTIATION","GOBP_REGULATION_OF_MYOBLAST_DIFFERENTIATION",48,0.56431295976637,1.76551800477526,0.000995348220457926,0.026117937304816,0.0213235020871155,2167,"TNFSF14/ARID1A/SMARCA4/ACTL6A/PHF10/SMARCA2/ZFP36L1/DDIT3/HIF1AN/ACTB/TGFB1/SOX8/MAP3K5/EID2B/NOTCH1/PLCB1/BTG1","GOBP"
"GOBP_RESPONSE_TO_CHEMOKINE","GOBP_RESPONSE_TO_CHEMOKINE",52,0.549886820648936,1.74338431867629,0.0009924164142121,0.026117937304816,0.0213235020871155,2646,"WNK1/STAT5A/CX3CR1/PTK2B/CCR6/CCL4/CXCR6/CCR5/XCL1/RBM15/DOCK8/RIPOR1/CCL5/CCR10/MAPK1/RNF113A/CCR4/CCR2/OXSR1/JAK2","GOBP"
"GOBP_MYELOID_CELL_DIFFERENTIATION","GOBP_MYELOID_CELL_DIFFERENTIATION",362,0.349439600855594,1.43041315021534,0.00102651290266583,0.0267219231805074,0.0218166150742011,2965,"HBB/TGFBR3/ZBTB7A/STAT5A/NBEAL2/FASN/HBA2/VPS33B/TMEM64/THRA/PIAS3/SMAD5/GATA3/GLUL/KAT7/PTK2B/BLVRB/NEDD9/PSEN1/CD81/BPGM/TRAF6/TPM4/GPR137/PML/EP300/RUNX1/IKZF1/JUN/HSF1/ZFP36L1/FLNA/PARP1/CD4/ACIN1/IFI16/FOS/BATF/RARA/TGFB1/ZFP36/NR3C1/GPR137B/PRKDC/RBM15/HIPK2/MFHAS1/NOTCH2/PPARGC1B/QKI/PURB/SNX10/IRF7/STAT1/IL20RB/TNFRSF11A/KLF10/RAC1/CUL4A/RIPK1/TET2/HSPA1A/LDB1/TMEM14C/GBA1/IL23R/ZFPM1/FBXW7/RAC2/TCIRG1/AP3B1/KLF13/HLA-DRB1/PAFAH1B1/IREB2/RASGRP4/PPP3CA/BCL6/EPB42/RB1/TSPAN2/RXRA/MXRA7/ZNF16/IL1RAP/MYH9/ABCB10/LGALS9/CDC73/HDAC6/FOSL2/SLC1A5/CEBPG/NFE2L1/H4C8/CEBPE/JAK2/FOXO3/CHMP5/GAB3/SLC25A38/ISG15/GPR68/CEBPA/ANKRD54/CASP9/PRMT6/CD74/STAT3/SIRT1/TFE3/ACVR2A/CD101/CTR9","GOBP"
"HALLMARK_UV_RESPONSE_DN","HALLMARK_UV_RESPONSE_DN",102,0.433913194595466,1.54176730789094,0.00388869895939526,0.0272208927157669,0.0210516033892075,2104,"ATP2B4/TGFBR3/DYRK1A/PIAS3/AMPH/MAP1B/SYNJ2/BHLHE40/ANXA4/LDLR/RUNX1/AKT3/NR3C1/MT1E/NOTCH2/SYNE1/MIOS/PDLIM5/PIK3R3/NFKB1/CELF2/ATRN/NIPBL/SLC67A1/RXRA","HALLMARK"
"REACTOME_SIRT1_NEGATIVELY_REGULATES_RRNA_EXPRESSION","REACTOME_SIRT1_NEGATIVELY_REGULATES_RRNA_EXPRESSION",45,-0.529079081981987,-1.81697971049847,0.00111516905462055,0.0274503151906598,0.0235976393744268,2417,"H4C12/TAF1D/H2AC20/H2AC4/H3-3A/TBP/H4C2/H3C1/H2BC4/H4C5/H2BC8/H2AC6/H3C10/H2BC21/H2BC5/H2AC8","REACTOME"
"REACTOME_REGULATION_OF_ENDOGENOUS_RETROELEMENTS_BY_KRAB_ZFP_PROTEINS","REACTOME_REGULATION_OF_ENDOGENOUS_RETROELEMENTS_BY_KRAB_ZFP_PROTEINS",83,-0.432048665135837,-1.65915382915294,0.00108853819188728,0.0274503151906598,0.0235976393744268,2652,"ZNF680/H4C12/ZNF30/ZNF418/H2AC20/H2AC4/H3-3A/ZNF816/ZNF765/H4C2/SUMO2/H3C1/CBX5/ZNF136/ZNF93/SETDB1/H2BC4/HDAC1/H4C5/ZNF708/H2BC8/H2AC6/H3C10/ZNF425/H2BC21/ZNF141/H2BC5/H2AC8","REACTOME"
"REACTOME_RESPIRATORY_ELECTRON_TRANSPORT","REACTOME_RESPIRATORY_ELECTRON_TRANSPORT",149,-0.36289060990664,-1.52888015036387,0.00110779574182544,0.0274503151906598,0.0235976393744268,2344,"NDUFS8/COX6A1/PNKD/COX14/NDUFAF5/NDUFAF2/MT-ND3/COX6C/UQCRH/TMEM177/SMIM20/COX8A/GOT1/COX20/UQCRC2/COX7A2/ISCU/NDUFC2/NDUFB7/TRAP1/NDUFA2/COX4I1/MDH1/COX6B1/NDUFB9/COX19/NDUFA8/SDHB/NDUFV3/SLC25A11/NDUFB2/LYRM4/SCO1/UQCC6/NDUFS5/TIMMDC1/NDUFA10/TIMM21/ECSIT","REACTOME"
"GOBP_ENDOPLASMIC_RETICULUM_CALCIUM_ION_HOMEOSTASIS","GOBP_ENDOPLASMIC_RETICULUM_CALCIUM_ION_HOMEOSTASIS",22,0.670275039059765,1.80014427740333,0.00106862194580193,0.0275990549781916,0.0225327329475352,2781,"PSEN1/GRINA/PML/ATP2A2/HERPUD1/THADA/BAX/PACS2/BAK1/CLCC1/CCDC47/ITPR1/TMCO1/WFS1/KCTD17","GOBP"
"GOBP_POSITIVE_REGULATION_OF_CYTOKINE_PRODUCTION","GOBP_POSITIVE_REGULATION_OF_CYTOKINE_PRODUCTION",383,0.345038633102988,1.41820256228899,0.00108963978638473,0.0279220195261087,0.0227964113204174,2908,"HLA-DPB1/BCL3/AIRE/AKIRIN2/GBP5/RSAD2/STAT5A/F2R/ADAM8/OAS1/RELA/TICAM1/SLC11A1/CLU/OAS3/CD40LG/OAS2/NOD1/IL17RB/GATA3/PANX1/CD2/BTN3A1/PSEN1/SASH3/KPNA2/ZBTB20/CD81/NR4A3/IFIH1/TRAF6/AGPAT1/POLR3A/RAB1A/CHUK/RUNX1/IL32/SLAMF1/CCDC88B/DDIT3/POLR3D/SPN/PDE4D/CD4/EIF2AK2/TMED10/IFI16/BATF/MCOLN2/RARA/TGFB1/XCL1/PSMB2/DENND1B/HLA-DPA1/THBS1/IRF7/STAT1/IL20RB/TBK1/ZCCHC3/HRAS/ZBTB7B/TBX21/RIPK1/IL12RB1/HSPA1A/CRLF2/CD244/IL18R1/IL23R/TLR6/ZFPM1/PSMB9/PIK3CG/PLCB1/P2RX7/HTR2B/CD6/PBLD/PDE4B/RBM47/IL1RAP/PSMA5/GPR65/BRCA1/LGALS9/IL18RAP/CYBA/STING1/PSMA6/CCR2/CEBPG/MAPKAPK2/PRKD2/CASP1/HK1/JAK2/CYRIB/RORA/DHX36/ISG15/FCGR3A/SCRIB/BCL10/TLR5/CD74/STAT3/SIRT1","GOBP"
"GOBP_POSITIVE_REGULATION_OF_RESPONSE_TO_EXTERNAL_STIMULUS","GOBP_POSITIVE_REGULATION_OF_RESPONSE_TO_EXTERNAL_STIMULUS",489,0.330422425436041,1.3823474994408,0.00110767523746018,0.028164145572631,0.0229940906087206,2401,"WNK1/TNFSF14/LATS1/CREBBP/LRSAM1/AKIRIN2/GBP5/RSAD2/STAT5A/UBE2K/TAB1/ADAM8/PARP9/OAS1/RELA/TICAM1/CX3CR1/DDX60/OAS3/AKT1/S1PR1/LGALS1/NOD1/IL17RB/PUM1/LATS2/CTSC/PTK2B/LAG3/NEDD9/ADCY7/AP1G1/CD81/IFIH1/TRAF6/SEMA5A/HCFC2/CHUK/LDLR/CPTP/EP300/OASL/SEC14L1/TMEM102/NKG7/SLAMF1/LRRC14/UBQLN1/CCR6/POLR3D/CCL4/ZDHHC12/PARP1/CD4/NLRC3/EIF2AK2/IFI16/NR1D1/TRIM25/TGFB1/XCL1/PRKDC/MFHAS1/ANKRD17/PDPK1/NAPEPLD/MARCHF5/NLRC5/GDI1/CCL5/THBS1/IRF7/GRAMD4/ANO6/TNFRSF11A/TBK1/RAC1/ZCCHC3/ZNRF1/TNIP1/RIPK1/HSPA1A/NECTIN2/MAPK1/CAMK1D/TLR6/RAC2/ELP6/AP3B1/RASGRP4/ZBP1/P2RX7/MATR3/DNM1L/STX4/RNF31/RASGRP1/ZNFX1/WDFY1/RBM47/PYHIN1/IL1RAP/ITCH/YWHAE/LGALS9/IL18RAP/CYBA/USF1/RNF115/STING1","GOBP"
"GOBP_REGULATION_OF_INCLUSION_BODY_ASSEMBLY","GOBP_REGULATION_OF_INCLUSION_BODY_ASSEMBLY",16,0.715344420488704,1.76673613731471,0.00113427107557816,0.0282673481718958,0.0230783484432936,1606,"HSPA2/CLU/DYRK1A/PSMC6/DNAJB2/HSPA1A","GOBP"
"GOBP_VESICLE_CYTOSKELETAL_TRAFFICKING","GOBP_VESICLE_CYTOSKELETAL_TRAFFICKING",47,0.5632328817861,1.76291216953068,0.00113758840203971,0.0282673481718958,0.0230783484432936,3547,"TANC2/ACTN4/DTNBP1/MYO5C/KIF1B/SPG11/RAB1A/FBXW11/MYO1C/MYO5A/AP3B1/PAFAH1B1/RASGRP1/KIF5B/KIFAP3/BORCS5/AP3M2/HTT/NDEL1/BLOC1S1/STK11/BLOC1S5/NDE1/AP3S1/TRIM46","GOBP"
"GOBP_DEVELOPMENTAL_GROWTH","GOBP_DEVELOPMENTAL_GROWTH",402,0.340532371002006,1.40282595765912,0.00112358275949887,0.0282673481718958,0.0230783484432936,3240,"SELENON/LATS1/FTO/AUTS2/LGR6/VCL/TGFBR3/STAT5A/S100B/AKT1/S1PR1/GSK3A/EFNA5/GATA3/LATS2/NINJ2/MAP1B/SLC9A6/SASH3/LLGL2/CD81/ADRB2/ZNF830/L1CAM/FXN/SPG11/ACVR2B/SEMA5A/SEMA3G/PLEC/KDM5B/EP300/RUNX1/CACNA2D2/HSF1/ZFP36L1/NCAPG2/USP9X/SYT2/SLC23A2/LPAR3/ZEB2/APBA1/GIGYF2/KLF5/CHST11/GALNT3/ERCC6/RARA/PELO/TGFB1/NOTCH2/DUSP10/COL6A1/CLSTN3/GDI1/PDZD11/PDLIM5/STK40/PLAA/COA5/POR/GAREM2/ATRN/RMI1/RBBP6/RYK/CPNE1/PAFAH1B1/NIPBL/PPP3CA/NOTCH1/MIR590/PLCB1/DCAF13/AKAP6/VGLL4/CDKN1A/CLASP2/PALB2/CDK1/RAD51B/LIMK1/ULK2/PRKN/HDAC6/FOSL2/DNM2/NBN/WNT10B/CYFIP1/AREG/PRPF19/GINS3/CTTN/IER3IP1/GNAS/PLAG1/FOXO3/TTL/BIN3/COPS2/EDN3/STAT3/RDH10/SKI/ARID2/ARIH2/STIL/ERCC1/RASAL1/CTR9/KMT2D/RAPH1/CCNB1/KLF2/COX10/GSK3B/PPP1R13L/CPNE5/PIK3CA/PI16/SLC4A10/RC3H2/ADARB1/NDEL1/STK11/GAREM1","GOBP"
"GOBP_SODIUM_ION_TRANSPORT","GOBP_SODIUM_ION_TRANSPORT",98,0.461328674414236,1.64391095769882,0.00115547262045967,0.028293214322764,0.0230994663790474,2832,"ATP2B4/WNK1/ACTN4/MLLT6/SLC6A6/AKT1/SLC9A1/SNTA1/HCN2/SLC9A6/ADRB2/SCN1B/SLC23A2/SLC17A3/CHP1/NHERF1/TGFB1/TMEM43/SLC24A4/CNNM4/ANO6/SLC4A8/ATP1A3/ATP1B3/P2RX7/NOS3/KLHL3/OXSR1/FXYD7/SLC38A7/PER1/SLC20A1/SLC41A1","GOBP"
"GOBP_GLYCOPROTEIN_METABOLIC_PROCESS","GOBP_GLYCOPROTEIN_METABOLIC_PROCESS",277,0.366066321425321,1.46869703671106,0.00115588131684463,0.028293214322764,0.0230994663790474,2222,"SYVN1/XXYLT1/GOLPH3/ST8SIA6/CHST12/ST3GAL3/ALG8/FUT7/CHPF/B3GNT2/CHST7/PSEN1/XYLT1/XYLT2/RAB1B/SLC35A4/RAB1A/GMPPB/AGO2/IDS/GORASP1/FBXO2/ST3GAL4/NCSTN/HGSNAT/CHP1/CHST11/GALNT3/ST6GALNAC4/B3GALNT2/TCF7L2/ABCA2/DERL3/ST8SIA1/TNIP1/ALG12/COG3/TRIM13/CHSY1/ACOT8/TET2/GALNT6/B3GAT3/ATP7A/BPNT2/POGLUT3/ARFGEF1/PLOD1/ITM2A/LMF1/SGSH/PLOD3/PLCB1/FAM20B/KRTCAP2/CHST14/NGLY1/RPN1/ST8SIA4/MAN2A2/RNF139/ALG11/GALNT7","GOBP"
"GOBP_REGULATION_OF_PROTEIN_SECRETION","GOBP_REGULATION_OF_PROTEIN_SECRETION",161,0.407010997628669,1.5391671240878,0.00118666043662105,0.0288314535712373,0.0235389017603426,2813,"RAB11FIP5/ACSL4/RSAD2/GOLPH3/F2R/ADAM8/ANG/RHBDF2/EFNA5/NMU/MIDN/SEC24A/CDK16/ARF6/APBB3/PFKM/TMED10/NR1D1/DNAJC1/TGFB1/DPH3/TCF7L2/CCL5/PFKL/RAC1/KCNN4/TCIRG1/HLA-DRB1/P2RX7/STXBP4/DNM1L/STX4/RAB11FIP1/TRPA1/FOXO1/PRKN/PPID/PIM3/IER3IP1/JAK2/GNAS/SLC25A22/PTPN23/STX1A/SIRT6/GPR68","GOBP"
"GOBP_RESPONSE_TO_FIBROBLAST_GROWTH_FACTOR","GOBP_RESPONSE_TO_FIBROBLAST_GROWTH_FACTOR",58,0.519317752162096,1.69437992470568,0.00122809307512845,0.0296187153413332,0.0241816469282259,4010,"PTPN1/RUNX2/GATA3/GCLC/GCLM/KDM5B/DSTYK/ZFP36L1/RAB14/GALNT3/ZFP36/CCL5/THBS1/IQGAP1/ITGB1BP1/FRS2/PRKD2/FGFBP3/FUZ/NR4A1/CD44/PTPN11/SOS1/CHURC1/FGFRL1/CTNNB1/SHCBP1","GOBP"
"AIZARANI_LIVER_C28_NK_NKT_CELLS_6","AIZARANI_LIVER_C28_NK_NKT_CELLS_6",98,0.429850363637877,1.55243686505944,0.00445793576460819,0.0308301452352377,0.0234134244035931,2535,"SH2D2A/AUTS2/NIBAN1/EML4/RUNX3/CD40LG/USP36/GATA3/PRDM1/SYTL3/AKNA/PARP8/PDE4D/CXCR6/NR3C1/XCL1/RGS1/LCP1/NFKB1/CELF2/STK17A/ATP1B3/BTG1/TENT5C/IL2RG/AREG/CNOT6L","CELLTYPE"
"GOBP_REGULATION_OF_MONONUCLEAR_CELL_MIGRATION","GOBP_REGULATION_OF_MONONUCLEAR_CELL_MIGRATION",105,0.447431766013819,1.61092365727658,0.00129997063168416,0.0308846075624809,0.0252151609881102,1509,"WNK1/TNFSF14/AIRE/ADAM8/CX3CR1/AKT1/NBL1/MICOS10-NBL1/PTK2B/NEDD9/CD81/TMEM102/SLAMF1/CCR6/CCL4/SPN/TGFB1/XCL1/CD99L2/DOCK8/CCL5/THBS1/ANO6/LGALS3","GOBP"
"GOBP_EPITHELIAL_CELL_DIFFERENTIATION","GOBP_EPITHELIAL_CELL_DIFFERENTIATION",356,0.35136420360156,1.43412991752485,0.00130522426988003,0.0308846075624809,0.0252151609881102,2239,"LATS1/ERCC3/RAPGEF1/VCL/STAT5A/FASN/VIM/VEZF1/S1PR2/FOXJ2/AKT1/S1PR1/THRA/GSK3A/EFNA5/LUZP1/GATA3/LATS2/MAP1B/WDPCP/E2F4/PRDM1/SAFB2/RAB1B/ACVR2B/KEAP1/RAB1A/ANXA4/PLEC/KDM5B/JUN/ZFP36L1/ZEB2/PIP5K1A/TIGAR/FLNA/PDE4D/SH3BP1/TAGLN/KLF5/CTSB/NHERF1/RARA/PELO/TGFB1/ZFP36/RAP2B/BFSP1/AMPD2/NOTCH2/BLTP1/ACER1/PDPK1/COL6A1/SOX8/MYADM/KDM6B/E2F8/STAT1/RAC1/LGALS3/NME2/TMOD1/TPP1/B9D1/NUP210L/CCDC88C/AIMP2/PAFAH1B1/PLOD3/IQGAP1/SKIL/PPP3CA/NOTCH1/PLCB1/TMEM231/CDKN1A/OPN3/PLAAT3/BTG1/NOTCH4/CDK1/FRS2/RAP2C","GOBP"
"GOBP_POST_TRANSCRIPTIONAL_REGULATION_OF_GENE_EXPRESSION","GOBP_POST_TRANSCRIPTIONAL_REGULATION_OF_GENE_EXPRESSION",483,0.326216210816394,1.3644171861431,0.00130882940584904,0.0308846075624809,0.0252151609881102,2342,"HELZ2/BCL3/FTO/AIRE/STAU1/SESN2/NIBAN1/VIM/PARP9/ALKBH5/ANG/PPP1R15A/ABCF1/PPP1R15B/PATL2/SPOUT1/CPEB2/SLC11A1/AKT1/EIF4G3/PUM1/ELAVL1/AGO4/YTHDF2/TRUB1/PAN3/ZC3H12B/LARP4B/PML/AGO2/METAP1/CNOT10/EIF4ENIF1/KHNYN/PARN/ZFP36L1/MKNK1/GZMB/UPF1/ZSWIM8/UNK/CSNK2A1/PURA/TRNAU1AP/GIGYF2/EIF2AK2/NCK2/RARA/DNAJC1/PELO/TGFB1/ZFP36/NCBP3/PRKDC/METAP2/DXO/MKNK2/EIF2S3/PCIF1/ZC3H18/HELZ/QKI/ATXN2/DCP1A/PURB/CCL5/THBS1/UHMK1/KLHL25/NICOL1/KHDRBS1/TACO1/LARP1/EIF2B5/MTPN/GCN1/CUL4A/DIS3L2/METTL8/RIPK1/MSI2/PDE12/RBM38/NOLC1/EIF3B/ANGEL2/YTHDF3/EDC4/ELP6/SELENOT/IREB2/PATL1/EIF4G1/MIR590/TRMT10C/MATR3/ZC3H10/TCOF1/ZC3H7B/PIAS4/RBM47/RNF139/NAF1/TENT5C/MAP3K20/TNRC6C/EIF4EBP2/POLDIP3/ALKBH3","GOBP"
"REACTOME_DEPOSITION_OF_NEW_CENPA_CONTAINING_NUCLEOSOMES_AT_THE_CENTROMERE","REACTOME_DEPOSITION_OF_NEW_CENPA_CONTAINING_NUCLEOSOMES_AT_THE_CENTROMERE",58,-0.479989726353976,-1.73395257488964,0.00132930639557232,0.0319033534937358,0.0274256898454922,2998,"OIP5/H2BC3/CENPP/H4C12/CENPX/H2AC20/H2AC4/NPM1/H4C2/KNL1/CENPC/RSF1/CENPH/H2BC4/RUVBL1/ITGB3BP/H4C5/H2BC8/H2AC6/CENPO/H2BC21/H2BC5/H2AC8","REACTOME"
"GOBP_MONONUCLEAR_CELL_MIGRATION","GOBP_MONONUCLEAR_CELL_MIGRATION",161,0.404535139710533,1.52980433258165,0.00136808099291831,0.0320521832626574,0.0261684063607832,1735,"WNK1/TNFSF14/AIRE/ADAM8/CX3CR1/AKT1/FUT7/S1PR1/GATA3/NBL1/MICOS10-NBL1/PTK2B/NEDD9/CD81/ITGAL/ITGB7/PLEC/TMEM102/SLAMF1/CCR6/CCL4/SPN/JAML/CKLF/CCR5/MCOLN2/TGFB1/XCL1/CD99L2/DOCK8/CCL5/THBS1/ANO6/TNFRSF11A/LGALS3/TBX21/MAPK1/GBA1","GOBP"
"GOBP_REGULATION_OF_CELL_SUBSTRATE_JUNCTION_ORGANIZATION","GOBP_REGULATION_OF_CELL_SUBSTRATE_JUNCTION_ORGANIZATION",52,0.537690538123167,1.70471671126487,0.00142474927235424,0.0328858472510109,0.0268490357530718,2142,"VCL/S100A10/PAK4/EFNA5/SLC9A1/MAPRE2/WDPCP/IQSEC1/ARF6/TLN1/THBS1/PEAK1/RAC1/RHOU/LDB1/DUSP3/ITGB1BP1/CLASP2/ANKRD28","GOBP"
"GOBP_REGULATED_EXOCYTOSIS","GOBP_REGULATED_EXOCYTOSIS",149,0.419622404398955,1.56952492003684,0.00143374273076054,0.0328858472510109,0.0268490357530718,2859,"RAB11FIP5/CD84/SYNGR3/RAB27A/SYP/DTNBP1/VPS18/PLEK/CBL/PSEN1/AP1G1/NR4A3/SYT11/RAB26/PRKCB/NKG7/SYT2/ATP2A2/CASK/TMED10/RAB11B/PDPK1/ABCC4/RAB15/SLC4A8/PTGDR/STXBP2/RAC2/PIK3CG/PPP3CA/NOTCH1/P2RX7/STX4/RASGRP1/RAB11FIP1/PTGDS/MYH9/LGALS9/VAMP2/CCR2/TSPAN18/SYNJ1/UNC13D/STX1A/FCGR3A/SCRIB/RAB11FIP2","GOBP"
"GOBP_POSITIVE_REGULATION_OF_SECRETION","GOBP_POSITIVE_REGULATION_OF_SECRETION",181,0.393238100583596,1.51217188157235,0.00142945030860395,0.0328858472510109,0.0268490357530718,2846,"ACSL4/GOLPH3/RAB27A/ADAM8/ANG/VPS4B/S100A10/DTNBP1/EFNA5/GRK2/NMU/AP1G1/HGS/SEC24A/ARF6/APBB3/PFKM/TMED10/TGFB1/TCF7L2/TNFRSF11A/RAC1/RAB15/SLC4A8/KCNN4/HLA-DRB1/GABBR1/SELENOT/PPP3CA/P2RX7/DNM1L/STX4/CLASP2/TRPA1/CYBA/PRKN/PPID/RAB8B/IER3IP1/JAK2/GNAS/UNC13D/PTPN23/STX1A/SIRT6/RAB27B/GPR68/EDN3","GOBP"
"GOBP_REGULATION_OF_NUCLEOTIDE_EXCISION_REPAIR","GOBP_REGULATION_OF_NUCLEOTIDE_EXCISION_REPAIR",26,0.637630510209807,1.77267484753296,0.00150870995410086,0.0338060209219216,0.0276002943598744,1521,"ARID1A/SMARCA4/KAT7/ACTL6A/PHF10/SMARCA2/ERCC8/ACTB/CUL4A","GOBP"
"GOBP_COLLAGEN_BIOSYNTHETIC_PROCESS","GOBP_COLLAGEN_BIOSYNTHETIC_PROCESS",29,0.623692335860979,1.77191311669215,0.00152107666026498,0.0338060209219216,0.0276002943598744,2764,"F2R/VIM/SUCO/RUNX1/CIITA/TGFB1/PLOD1/PLOD3/NOTCH1/TRAM2/RCN3/FOSL2/PRDX5","GOBP"
"GOBP_CENTRAL_NERVOUS_SYSTEM_PROJECTION_NEURON_AXONOGENESIS","GOBP_CENTRAL_NERVOUS_SYSTEM_PROJECTION_NEURON_AXONOGENESIS",16,0.709515628872743,1.75234036306968,0.00152539362696476,0.0338060209219216,0.0276002943598744,846,"SZT2/SPG11/NR4A2/SCN1B/ZEB2","GOBP"
"GOBP_RESPONSE_TO_TYPE_I_INTERFERON","GOBP_RESPONSE_TO_TYPE_I_INTERFERON",103,0.443443875806459,1.59291897880817,0.00150602800370773,0.0338060209219216,0.0276002943598744,2414,"PTPN1/UBE2K/MX1/OAS1/PSMB5/OAS3/OAS2/IFITM3/IFI27/YTHDF2/IFIH1/OASL/IFITM2/PSMC6/IFIT1/GIGYF2/ADRM1/PSMB2/NLRC5/IRF7/STAT1/TBK1/YTHDF3/IFITM1/ZBP1/RBM47/PSMA5/PSME2/STING1/PSMA6","GOBP"
"GOBP_SYNAPSE_ORGANIZATION","GOBP_SYNAPSE_ORGANIZATION",297,0.356750589526957,1.44157951212847,0.00149375739639642,0.0338060209219216,0.0276002943598744,2605,"LATS1/TANC2/PTPN1/STAU1/F2R/CX3CR1/PPP1R9B/MECP2/S1PR2/AKT1/SLC30A1/PLXND1/DTNBP1/EFNA5/RAP2A/MAP1B/PTK2B/NEDD9/PSEN1/L1CAM/SPG11/AMIGO2/ARF6/AGO2/RAB29/CHRNB1/CACNA2D2/PGRMC1/ZDHHC12/SETD5/TRIM47/ACTB/CLSTN3/ARF1/HIP1R/MAP2K4/PDZD11/PDLIM5/RAC1/RAB39B/LRP8/RYK/PAFAH1B1/CHD4/EIF4G1/CRIPT/LRFN3/SNX27/CAPS2/ABI3/ZNF365/SYNGAP1/CLASP2/KIF5B/MYOT/SDK2/DLG4/IL1RAP/HDAC6/ZDHHC8/PLXNB2/SEMA4A/ZDHHC17/DBN1/CYFIP1/ALS2/SIGMAR1/CTTN","GOBP"
"GOBP_POSITIVE_REGULATION_OF_PROTEIN_SECRETION","GOBP_POSITIVE_REGULATION_OF_PROTEIN_SECRETION",91,0.453039035633525,1.59028682431836,0.00155266664645927,0.0341795073851436,0.0279052204068695,2813,"ACSL4/GOLPH3/ADAM8/ANG/EFNA5/NMU/SEC24A/ARF6/APBB3/PFKM/TMED10/TGFB1/TCF7L2/RAC1/KCNN4/HLA-DRB1/P2RX7/DNM1L/STX4/TRPA1/PRKN/PPID/IER3IP1/JAK2/GNAS/PTPN23/SIRT6/GPR68","GOBP"
"REACTOME_MEIOTIC_RECOMBINATION","REACTOME_MEIOTIC_RECOMBINATION",60,-0.471794073149102,-1.72732605666313,0.00148423173623628,0.0342695599118301,0.0294597971171873,2282,"H2AC20/H2AC4/BRCA2/H3-3A/ATM/H4C2/H3C1/CDK4/RAD51C/PSMC3IP/H2BC4/H4C5/H2BC8/H2AC6/FIGNL1/H3C10/H2BC21/H2BC5/H2AC8","REACTOME"
"REACTOME_DNA_REPLICATION_PRE_INITIATION","REACTOME_DNA_REPLICATION_PRE_INITIATION",127,-0.379611753331981,-1.54381251587271,0.00149929324614257,0.0342695599118301,0.0294597971171873,2650,"H4C12/GMNN/ORC2/MCM7/PSMD6/RPS27A/PSMA7/H2AC20/PSMB7/H2AC4/H3-3A/PSMD8/H4C2/PSMC3/PSMB3/H3C1/UBB/ANAPC16/POLE4/ANAPC2/ANAPC10/CDC23/PSMA3/H2BC4/FZR1/UBA52/H4C5/POLE3/H2BC8/H2AC6/H3C10/PSMB1/H2BC21/ANAPC11/H2BC5/ANAPC5/H2AC8","REACTOME"
"GOBP_FORMATION_OF_CYTOPLASMIC_TRANSLATION_INITIATION_COMPLEX","GOBP_FORMATION_OF_CYTOPLASMIC_TRANSLATION_INITIATION_COMPLEX",15,-0.708685356194521,-1.88015754115229,0.00160272605704755,0.0344057321885117,0.0280899174221995,883,"EIF3C/EIF3CL/EIF3E/EIF3G/EIF3K/EIF3L/EIF3D","GOBP"
"GOBP_VENTRICULAR_SEPTUM_DEVELOPMENT","GOBP_VENTRICULAR_SEPTUM_DEVELOPMENT",40,0.575148226403038,1.74763397929142,0.00158223348877026,0.0344057321885117,0.0280899174221995,2271,"TGFBR3/AP2B1/LUZP1/GATA3/HECTD1/PRDM1/SUFU/RBM15/NSD2/ZFPM1/NOTCH1/MATR3/NOS3/MDM2/FRS2/MDM4","GOBP"
"GOBP_REGULATION_OF_UBIQUITIN_DEPENDENT_PROTEIN_CATABOLIC_PROCESS","GOBP_REGULATION_OF_UBIQUITIN_DEPENDENT_PROTEIN_CATABOLIC_PROCESS",161,0.402016943997851,1.52028143498045,0.0015860001013326,0.0344057321885117,0.0280899174221995,2205,"LATS1/UBE2K/AXIN1/PABIR2/CBX4/CLU/AKT1/GSK3A/NUB1/GCLC/PTK2B/PSEN1/HECTD1/ZYG11B/KEAP1/PML/USP14/DDRGK1/USP9X/RAD23A/CSNK2A1/HERPUD1/PSMD10/ARAF/SUFU/HIPK2/SOCS5/TRIM39/SH3RF2/DNAJB2/BAG6/RAD23B/USP7/HSPA1A/GBA1/FBXW7/DMWD/RCHY1/N4BP1/PYHIN1/RNF139/CDK1/MDM2","GOBP"
"GOBP_REGULATION_OF_VASCULATURE_DEVELOPMENT","GOBP_REGULATION_OF_VASCULATURE_DEVELOPMENT",182,0.390845982643839,1.5081942641808,0.00160490153196411,0.0344057321885117,0.0280899174221995,1448,"ATP2B4/WNK1/HIPK1/ERAP1/FKBPL/RELA/CX3CR1/MECP2/PAK4/FOXJ2/PLXND1/EPN1/GLUL/PTK2B/HGS/SEMA5A/PML/AGO2/RUNX1/PRKCB/ENG/AKT3/CLIC3/TGFB1/ANGPT2/HIPK2/PDPK1/QKI/THBS1/STAT1/SP1","GOBP"
"AIZARANI_LIVER_C12_NK_NKT_CELLS_4","AIZARANI_LIVER_C12_NK_NKT_CELLS_4",49,0.521541289542756,1.65367982173166,0.00514538438242924,0.034844382756562,0.0264619681592732,1779,"RUNX3/DNAJA1/GNLY/IKZF3/BTN3A1/ITGAL/SYTL3/CST7/IL2RB/NKG7/ALOX5AP/EOMES/TRGC1/GZMA/CCL5/LCP1/HSPA1A/IFITM1/STK17A/RAC2","CELLTYPE"
"MENON_FETAL_KIDNEY_1_EMBRYONIC_RED_BLOOD_CELLS","MENON_FETAL_KIDNEY_1_EMBRYONIC_RED_BLOOD_CELLS",115,-0.374631712248544,-1.56289130862188,0.00524204758658473,0.034844382756562,0.0264619681592732,2211,"PCBP2/RPL7/RPL35A/RANBP1/NPM1/RPS2P5/RPSA/RPS13P2/SUMO2/PPIA/RPLP0P6/EEF1B2/UBB/RPL26P19/HMGB2/MACROH2A1/ATP5F1C/RPS25/RPL5/YBX1/RPL32/SNRPB/SNRPD2/CALR/RPL6/RPS18/RPL7AP6/RPL5P34/RPS13/RPL7A/RPS7/RPL4P4/RPL19/RPL3/RPL15/RPL29/RPLP0/H1-3/RPL15P3/MARCKSL1","CELLTYPE"
"HE_LIM_SUN_FETAL_LUNG_C3_OMD_POS_ENDOTHELIAL_CELL","HE_LIM_SUN_FETAL_LUNG_C3_OMD_POS_ENDOTHELIAL_CELL",212,0.365131907276084,1.43684417948932,0.00525052342907098,0.034844382756562,0.0264619681592732,3463,"TANC2/S100B/IFI6/F2R/MX1/ERAP1/EFNA5/AMPH/CTSC/IFIH1/SYT11/NR4A2/SEMA3G/GOLIM4/QSOX1/LDLR/BCL9L/TRIM22/AKNA/XAF1/IFI44L/CDIP1/CSRNP1/TAGLN/LOXL1/IL18BP/GOLGA3/CLIC3/FNIP2/PGRMC2/GASK1B/DNASE2/ABCA2/CDC42EP3/EVA1C/STON1/SH3RF2/THBS1/HIP1R/GOLGA8B/KCNN4/PDE4A/ATP2A3/IFITM1/MRC2/HLA-DRB1/CAPG/SKIL/TMEM231/CDKN1A/TSPAN2/ITPR1/TRAM2/FGGY/PTGDS/TNRC6C/ANKRD36/RCN3/FOSL2/ABCA3/MAP3K8/IER3/CASP1/TP53I13/PER1/CLN8/PDGFD/CRIM1/MCC/TLR5/SKI/NOMO1/LTBP2/PI16/GBP1/GBP2/ATXN1/CBX6/NR4A1/ACVR1/ARID5A/TOX/HNRNPA1L2/PMEPA1/EPB41L3/TNFRSF1B/PTGER4","CELLTYPE"
"SU_HO_CONV_CENT_CHONDROSARCOMA_C3_CHONDROBLASTIC_OSTEOSARCOMA","SU_HO_CONV_CENT_CHONDROSARCOMA_C3_CHONDROBLASTIC_OSTEOSARCOMA",367,-0.279143334796038,-1.30191663919533,0.00511294500222156,0.034844382756562,0.0264619681592732,2328,"HTATIP2/TMEM9/EIF3M/HOXB2/ELOVL1/PAPOLA/ARPC3/YJU2B/TMEM134/LSM2/ZNRD2/SCARB1/SOD1/ERG28/PPT1/COA8/TMEM123/KRT10/UBE2J1/GIPC1/PEPD/C11orf24/C6orf89/CYB5R1/TENT5A/RFXANK/MYDGF/CNN3/HEXA/PRDX2/DPY30/RPS3A/FAM234A/BEX5/SLC35B2/ALDH3A2/SLC35B1/NDUFB7/GPX7/TMEM50B/GLT8D1/POP4/DRG2/TSPAN4/POMC/PRPSAP2/SIL1/BABAM1/RPL5/TALDO1/EMC3/CDC37/TMEM120A/HNRNPH3/SMPD1/ARL6IP5/PTRHD1/UBA2/HDDC2/BZW2/VDAC2/HAPLN3/CALR/ISG20/RPL6/TMED3/LRPAP1/FERMT2/LEF1/KLHDC2/MAGEH1/DHCR7/DDOST/RBM11/MYC/SCO1/NUDT14/POLR2G/TRAPPC3/PPA1/GINM1/RPL15/AGA/VMP1/STX8/FKBP1A/ATRAID/ELAC2/IAH1/TUFM","CELLTYPE"
"GOBP_REGULATION_OF_LYMPHOCYTE_CHEMOTAXIS","GOBP_REGULATION_OF_LYMPHOCYTE_CHEMOTAXIS",17,0.712879860374154,1.79786711239339,0.00167935982738884,0.0355374208634541,0.0290138635034106,1337,"WNK1/TNFSF14/PTK2B/NEDD9/TMEM102/CCL4/XCL1/CCL5","GOBP"
"GOBP_CELL_JUNCTION_ASSEMBLY","GOBP_CELL_JUNCTION_ASSEMBLY",264,0.352619302419636,1.40995651332161,0.0016700522745081,0.0355374208634541,0.0290138635034106,2203,"LATS1/PTPN1/RAPGEF1/VCL/HIPK1/PPP1R9B/MECP2/S100A10/S1PR2/PLXND1/EFNA5/SLC9A1/RAP2A/MAP1B/CTNNA1/PTK2B/RHOC/WDPCP/AMIGO2/ARF6/PLEC/RAB29/TLN1/WHAMM/PIP5K1A/ZDHHC12/SETD5/SH3BP1/TRIM47/ACTB/HDAC7/CLSTN3/STON1/THBS1/MYO1C/PDZD11/PEAK1/PDLIM5/RAC1/LDB1/RYK/DUSP3/ITGB1BP1/CHD4/EIF4G1/CRIPT/SLC39A9/LRFN3/ABI3/CLASP2/TESK2/ANKRD28/SDK2/IL1RAP","GOBP"
"ZHENG_CORD_BLOOD_C2_PUTATIVE_BASOPHIL_EOSINOPHIL_MAST_CELL_PROGENITOR","ZHENG_CORD_BLOOD_C2_PUTATIVE_BASOPHIL_EOSINOPHIL_MAST_CELL_PROGENITOR",84,0.447098419311502,1.57068184544088,0.00543217033470751,0.0356893590990284,0.0271036709331722,1693,"STAT5A/LMNA/VIM/SLC6A6/PPP1R15A/LGALS1/PLEK/GLUL/NEDD9/HSPA5/SLC2A1/IFITM2/ALOX5AP/PABPC4/FLNA/CHP1/VASP/MIR4435-2HG/PDIA3/S100A6/LDB1/FOSB/CD82","CELLTYPE"
"GOBP_REGULATION_OF_MEMBRANE_DEPOLARIZATION","GOBP_REGULATION_OF_MEMBRANE_DEPOLARIZATION",29,0.620993666262728,1.76424618255842,0.00175285322666313,0.0360057911367598,0.0293962556649284,922,"MLLT11/IFI6/GCLC/HSH2D/HCN2/GCLM/SCN1B/ABCD1/PARP1","GOBP"
"GOBP_PROTEIN_DESTABILIZATION","GOBP_PROTEIN_DESTABILIZATION",53,0.538966557624695,1.72558345755049,0.00171999968178046,0.0360057911367598,0.0293962556649284,2908,"CREBBP/KDM8/EP300/RAD23A/NR1D1/FBXW11/PRKDC/SERF1A/SERF1B/TRIM21/CTSH/CCDC88C/PYHIN1/RNF139/MDM2/PEX2/CDC73/PRKN/HDAC6/UTP25/MYLIP/FBXL3/GGA3/SIRT6/DAZAP2/SIRT1","GOBP"
"GOBP_CELL_SUBSTRATE_JUNCTION_ORGANIZATION","GOBP_CELL_SUBSTRATE_JUNCTION_ORGANIZATION",73,0.493311082286119,1.66329431236296,0.00175554782175121,0.0360057911367598,0.0293962556649284,2142,"VCL/S100A10/PAK4/EFNA5/SLC9A1/MAPRE2/WDPCP/IQSEC1/ARF6/PLEC/TLN1/WHAMM/PIP5K1A/STON1/THBS1/PEAK1/RAC1/RHOU/LDB1/DUSP3/ITGB1BP1/CLASP2/TESK2/ANKRD28","GOBP"
"GOBP_CARDIAC_CHAMBER_DEVELOPMENT","GOBP_CARDIAC_CHAMBER_DEVELOPMENT",81,0.469662686627551,1.61023886916982,0.00173565492858689,0.0360057911367598,0.0293962556649284,2458,"TGFBR3/TAB1/PLXND1/GSK3A/AP2B1/LUZP1/GATA3/HECTD1/PRDM1/ENG/RARA/TGFB1/SUFU/RBM15/NOTCH2/NSD2/ZFPM1/NOTCH1/MATR3/MAML1/NOS3/MDM2/FRS2/MDM4/GREB1L/FHL2","GOBP"
"GOBP_APOPTOTIC_SIGNALING_PATHWAY","GOBP_APOPTOTIC_SIGNALING_PATHWAY",484,0.330642397136627,1.38411262379893,0.0017563800554517,0.0360057911367598,0.0293962556649284,2908,"SYVN1/TNFSF14/MLLT11/PTPN1/BCL3/IFI6/LMNA/HIPK1/RELA/TICAM1/CX3CR1/NACC2/PPP1R15A/RFFL/QRICH1/BIRC6/CLU/AKT1/DNAJA1/CD40LG/GSK3A/MOAP1/GCLC/CTSC/IFI27/CTNNA1/PSEN1/GRINA/TNFRSF10B/USP28/FXN/NR4A2/GCLM/PML/EP300/TMEM102/UBQLN1/DDIT3/PPP2R1B/SPN/CDIP1/CSNK2A1/PARP1/TP53BP2/HERPUD1/FAIM/IFI16/SIAH2/PSMD10/NHERF1/FNIP2/ERCC6/NCK2/TGFB1/HYOU1/TCF7L2/PRKDC/HIPK2/DDIAS/MKNK2/PDPK1/BAX/PDIA3/TRIM39/WWOX/THBS1/HIP1R/CRADD/MAP2K4/STK24/SEPTIN4/HELLS/SP1/SLC35F6/BAG6/MAP3K5/LGALS3/CUL4A/HRAS/PEA15/TMEM109/RIPK1/HSPA1A/ATP7A/ATP2A3/CTSH/TLR6/BAK1/FBXW7/MNT/JMY/RRN3/SKIL/P2RX7/RB1/SLFN12/CDKN1A/STX4/CD5/ITPR1/NOS3/CUL2/HIP1/PIAS4/FAM162A/E2F2/CTH/MDM2/PLAGL2/RHOT2/BRCA1/NOL3/PRKN/FASLG/NBN/PARP2/IER3/CASP1/PRKCD/CTTN/SGK3/TRAF7/JAK2/FOXO3/CYCS/USP47/IFI27L2/HSPE1/WFS1/CASP9/FLCN/BCL10/CD74/STAT3/SHISA5/SIRT1","GOBP"
"GOBP_CALCIUM_ION_HOMEOSTASIS","GOBP_CALCIUM_ION_HOMEOSTASIS",180,0.391922885826663,1.50786487082372,0.00178283502551384,0.0363211110787912,0.0296536927421197,2880,"ATP2B4/SELENON/PDZD8/F2R/SLC30A1/TMEM64/ITPR3/C19orf12/PTK2B/PSEN1/GRINA/PML/CHERP/PRKCB/DDIT3/PLCB2/ATP2A2/ATP7B/FLNA/PDE4D/HERPUD1/CCR5/TGFB1/XCL1/PLN/SLC24A4/PDPK1/THADA/BAX/SNX10/CCL5/PLCE1/PACS2/ATP2A3/BAK1/TCIRG1/CLCC1/CCDC47/PLCB1/P2RX7/HTR2B/AKAP6/ITPR1/TRPA1/CEMIP/TSPOAP1/YWHAE/NOL3/CYBA/FASLG/CCR2/CIB2/TMCO1/WFS1/KCTD17/ATP2B1/EDN3/STIM1","GOBP"
"GOBP_RESPIRATORY_GASEOUS_EXCHANGE_BY_RESPIRATORY_SYSTEM","GOBP_RESPIRATORY_GASEOUS_EXCHANGE_BY_RESPIRATORY_SYSTEM",47,0.553553809500225,1.73261678928152,0.00179937206987129,0.036431730797394,0.0297440061452408,2039,"SELENON/FTO/MECP2/TSHZ3/BPGM/NR4A2/DDIT3/GLS/CHST11/HIPK2/COL6A1/STK40/CCDC88C/AP3B1/UCP3","GOBP"
"REACTOME_HEMOSTASIS","REACTOME_HEMOSTASIS",407,0.340351374653758,1.40223179499964,0.0016376857877246,0.0365622873538515,0.0314307382515566,3027,"ATP2B4/PTPN1/HBB/VCL/ACTN4/CD84/F2R/KLC4/KIF13B/S100A10/SH2B1/CLU/AKT1/CENPE/ITPR3/PLEK/KIF26A/GATA3/CD2/KIF1B/HSPA5/BRPF3/TNFRSF10B/ITGAL/L1CAM/TUBA1B/GTPBP2/AKAP10/QSOX1/PRKCB/TLN1/ATP2A2/KCNMB3/PPP2R1B/SPN/JAML/FLNA/TUBB2A/ACTB/TGFB1/GNA15/ANGPT2/CD99L2/DOCK8/PDPK1/KIF21B/KIF11/ABCC4/THBS1/LHFPL2/ITPK1/RAC1/PHF21A/PIK3R3/HRAS/GNB4/GNAI3/DOCK2/MAPK1/PPP2R5A/STXBP2/ATP2A3/CD244/ZFPM1/LRP8/RAC2/TMX3/PIK3CG/ATP1B3/LCP2/APBB1IP/PDE5A/P2RX7/DOCK7/KIF21A/STX4/ITPR1/NOS3/RASGRP1/KIF5B/KCNMB4/RAD51B/SLC3A2/CSK/CAPZB/KIFAP3/A1BG/PPP2R5E/CABLES2/NHLRC2/PRKCD/CDK2/JAK2/GNAS/TUBB4B/DGKH/CYRIB/PRCP/PRKAR2B/KIF15/RAB27B/ATP2B1/DGKZ/CD74/STIM1/ABHD6/PPP2CB/PHACTR2/APLP2/PRKAR2A/PRKCH","REACTOME"
"MENON_FETAL_KIDNEY_8_CONNECTING_TUBULE_CELLS","MENON_FETAL_KIDNEY_8_CONNECTING_TUBULE_CELLS",203,-0.308550094331879,-1.35690653503282,0.00562097421826765,0.0365641590237806,0.027768022714527,2370,"ADD3/NPC2/COX6A1/PNKD/ATP1A1/NEAT1/GALNT11/COMMD6/SOD1/MT-ND3/TTC14/DNASE1/COX6C/COX8A/COX20/COX7A2/ZNHIT1/MUC1/ATP5MC3/SLC25A5/ANK3/NDUFB7/TMED4/YWHAB/NDUFA2/MTURN/CYB5A/COX4I1/COPS9/COX6B1/NDUFB9/ROMO1/MST1L/PRMT2/COL18A1/TSTD1/COPS6/LRPAP1/FERMT2/NDUFB2/SUCLG1/ITM2B/GSTK1/MAL/ACADVL/ATP5F1A/TMEM245/NDUFA10/BEX2/LDHB/PLEKHJ1","CELLTYPE"
"AIZARANI_LIVER_C13_LSECS_2","AIZARANI_LIVER_C13_LSECS_2",164,0.384652852708106,1.473482284056,0.00577525025939464,0.0371994060825714,0.0282504501852741,1214,"SELENON/TMCC3/TGFBR3/F2R/SLC27A3/TBC1D4/PLXND1/DUSP5/IFITM3/HECW2/IFI27/NEDD9/TP53I11/TPM4/NTN4/AFF1/SEC14L1/IFI44L/CSRNP1/CD4/ENG/RPGR/HDAC7/TAMALIN/HIPK2/SLCO4A1/NPDC1","CELLTYPE"
"DESCARTES_FETAL_PLACENTA_LYMPHOID_CELLS","DESCARTES_FETAL_PLACENTA_LYMPHOID_CELLS",116,0.414522848128054,1.52669597351605,0.00588205491844176,0.0375195153535557,0.0284935516744138,2289,"SH2D2A/PTPN7/RUNX3/GNLY/CD2/IKZF3/DTHD1/PRF1/ITGB7/CST7/OASL/IL32/AKNA/NKG7/ALOX5AP/GZMB/EOMES/NLRC3/XCL1/GZMA/GZMH/ADGRG5/LAX1/KIF11/PTGDR/CD244/CLDND2/CD3G/ZBP1/CD6/CD5/RASGRP1/MZB1/CD79B/NMUR1/NUGGC/SCML4/KLRG1","CELLTYPE"
"GOBP_RESPONSE_TO_NERVE_GROWTH_FACTOR","GOBP_RESPONSE_TO_NERVE_GROWTH_FACTOR",32,0.594156241474985,1.72273962541069,0.00188291119674588,0.037889255983598,0.0309339753601648,922,"PTPN1/RAPGEF1/AKT1/CBL/ARF6/PARP1","GOBP"
"FAN_EMBRYONIC_CTX_BRAIN_ENDOTHELIAL_1","FAN_EMBRYONIC_CTX_BRAIN_ENDOTHELIAL_1",278,0.343195557440462,1.38372006234973,0.00601011064775515,0.037967718226684,0.0288339316501613,3162,"CEP112/CETP/ACTN4/IFI6/MX1/VIM/CHST12/S100A10/PLXND1/S1PR1/ITPR3/SMAGP/FRY/IFITM3/IFI27/PXN/RHOC/PCDH12/TPM4/SEMA3G/BHLHE40/IFI44/CPD/SLC2A1/IL32/IFIT1/PGRMC1/IFI44L/CSRP2/ENG/SLC1A4/DNAJC1/PELO/PLEKHG1/HDAC7/CYB5R3/ANGPT2/MT1E/NPDC1/KLHL5/CLIC1/PFKL/HIP1R/SORBS3/NECTIN2/GADD45A/CD82/IFITM1/RGS3/LRP8/ITM2A/PAM/NOTCH1/AHNAK/PDE4B/NOS3/PLAAT3/NOTCH4/SLC3A2/LY6E/PTP4A3/PON2/BST2/GBP4/PRCP/SLC2A3/ACE/ISG15/WFS1/PODXL/IGF1R/PDXK/PCBD1/PDLIM2/PRKCH/LAPTM4A/ARAP3/RELL1/NHERF2/MYO6/MAP4K2/RRAGA/GDPD5/SH2D3C","CELLTYPE"
"REACTOME_NERVOUS_SYSTEM_DEVELOPMENT","REACTOME_NERVOUS_SYSTEM_DEVELOPMENT",395,-0.286862357425362,-1.35642611019624,0.00175312527847397,0.0382500060757957,0.0328815841704209,2239,"CACNA1C/PSMB7/RPL7/RPL34/ARPC3/PLXNA3/RPL35A/CDK5R1/PFN2/ARPC5/TIAM1/RBX1/HMGCR/TYROBP/MYL6/RPL23/RPSA/UPF3A/RPL39/RPL10A/SRGAP2/PSMD8/AP2M1/SH3KBP1/CD72/PSMC3/PSMB3/ITGA5/MAP2K1/UBB/RPS24/RPS3A/ARPC4/ANK3/SEMA6A/RPS12/RPL37A/EPHA1/NELL2/MAPK3/ITGA2B/RPL9/CDK5/RPS16/FAU/RPL36/ARPC2/RPS25/RPL5/GRB10/PSMA3/RPS8/RPL22/RPS20/RPS19/RPL32/RPL11/RPS4X/MYL12B/UBA52/LHX4/RPL27A/RPL12/PRKACA/RPL6/RPS21/RPL35/RPS18/SHTN1/RPS6/RPS5/SPTBN1/ANK1/RPL13/RPS13/RPS3/RPS15/RPL7A/RPS7/RPS11/RPS28/RPL18/RPS14/LIMK2/PSMB1/RPL19/RPL3/RPL15/RPL29/RPLP2/RPL13A/RPL41/RPS9/RPL4/RPLP0/RPLP1/PRNP/RPS2/RPL10","REACTOME"
"DESCARTES_MAIN_FETAL_ANTIGEN_PRESENTING_CELLS","DESCARTES_MAIN_FETAL_ANTIGEN_PRESENTING_CELLS",82,0.447383997158948,1.55925100756263,0.00613966316304505,0.0383951144522414,0.0291585103746895,1297,"TMCC3/HLA-DPB1/AIRE/ADAM8/FUT7/NUB1/ERICH1/HLA-DQB1/SNX20/MRM3/ZMIZ2/SLAMF7/OASL/FCHSD2/IL4I1/EPSTI1/MCOLN2/DENND1B/SAMD9L/HLA-DPA1","CELLTYPE"
"LAKE_ADULT_KIDNEY_C14_DISTAL_CONVOLUTED_TUBULE","LAKE_ADULT_KIDNEY_C14_DISTAL_CONVOLUTED_TUBULE",128,0.402355769668141,1.50332124782019,0.0061946455585047,0.0383951144522414,0.0291585103746895,2689,"WNK1/CBLB/ACSL4/FRMD3/TBC1D5/DPH6/BTBD9/EFNA5/OSBPL3/BCAS3/KANSL1/ABCA5/DNAH14/LRBA/USP25/MTR/TCF12/TSC22D2/PARD3B/RABGAP1L/IMMP2L/QKI/WWOX/CRADD/DNAAF9/FBXL17/MSI2/RALGAPA1/PTPN4/TRPM7/ITPR1/VWA8/KLHL3/RAD51B/PDE8A/ADAMTS17/NAV2/HDAC8/ME3/SIK3/RORA","CELLTYPE"
"GOBP_REGULATION_OF_ALPHA_BETA_T_CELL_ACTIVATION","GOBP_REGULATION_OF_ALPHA_BETA_T_CELL_ACTIVATION",100,0.448253955702792,1.59953282905652,0.00192688270342624,0.0385376540685247,0.0314633478659586,2445,"CBLB/STAT5A/BRD4/RUNX3/LGALS1/GATA3/SASH3/CD81/PRDM1/EP300/RUNX1/BATF/RARA/XCL1/SOCS5/KLHL25/LGALS3/ZBTB7B/TBX21/IL12RB1/IL23R/AP3B1/HLA-DRB1/BCL6/BRD2/ITCH/GPR65/LGALS9/LGALS9C/IL2RG/CCR2","GOBP"
"REACTOME_SENESCENCE_ASSOCIATED_SECRETORY_PHENOTYPE_SASP","REACTOME_SENESCENCE_ASSOCIATED_SECRETORY_PHENOTYPE_SASP",85,-0.424690364092027,-1.64677924299644,0.00182471249044866,0.0389271997962381,0.0334637331581696,2282,"H2AC20/H2AC4/CDKN1B/CDKN2B/H3-3A/H4C2/H3C1/CDK4/UBB/ANAPC16/MAPK3/ANAPC2/ANAPC10/CDC23/H2BC4/CDKN2C/FZR1/UBA52/H4C5/H2BC8/H2AC6/H3C10/H2BC21/ANAPC11/H2BC5/ANAPC5/H2AC8","REACTOME"
"ZHONG_PFC_C1_MICROGLIA","ZHONG_PFC_C1_MICROGLIA",252,-0.29344766469633,-1.32945277948466,0.00634907968695517,0.0389845360217715,0.0296061364645032,2580,"GMNN/RAN/DDX46/ID1/KIF4A/GGCT/MCM7/MRPS22/TUBGCP3/TMEM14B/SVIP/CKAP2L/HIRIP3/TRAPPC2L/LSM2/RANBP1/UBE2T/RCC1/ATAD2/COA8/BRCA2/GAMT/CREBL2/EBNA1BP2/PIMREG/PAICS/NASP/SPNS3/CCDC18/GTF2B/HMGB2/IKBKG/GLT8D1/NEDD1/POP4/MRPL20-AS1/DVL2/AK2/DSN1/TCF19/RRP1/CENPH/ITGB3BP/TMEM106C/HMGB1/SNRPB/DDX39A/PLK4/ABCE1/ANLN/POLE3/MTIF3/SLC35F5/ERI3/TRAF3IP2/CDC123/DEPDC1/ZWINT/SKIC8/IPO5/PCID2/HMGN2/ANAPC5/TACC3/DTYMK","CELLTYPE"
"GOBP_ENDOTHELIAL_CELL_APOPTOTIC_PROCESS","GOBP_ENDOTHELIAL_CELL_APOPTOTIC_PROCESS",35,0.581230458497641,1.71677561135567,0.00200784797441983,0.0390609454257385,0.0318905793206286,2670,"PTPN1/HIPK1/PAK4/CD40LG/GATA3/SEMA5A/TGFB1/PDPK1/THBS1/MIR590/KRIT1/FASLG/FOXO3","GOBP"
"GOBP_PROTEOGLYCAN_BIOSYNTHETIC_PROCESS","GOBP_PROTEOGLYCAN_BIOSYNTHETIC_PROCESS",52,0.529665863843598,1.67927494620315,0.00202177167841775,0.0390609454257385,0.0318905793206286,2029,"CHST12/ST3GAL3/CHPF/B3GNT2/CHST7/XYLT1/XYLT2/ST3GAL4/CHST11/GALNT3/TCF7L2/CHSY1/B3GAT3/FAM20B/CHST14","GOBP"
"GOBP_MEMORY","GOBP_MEMORY",68,0.493077709383362,1.63961127678261,0.00201332751356547,0.0390609454257385,0.0318905793206286,1107,"CIC/S100B/CCND2/MECP2/CTNS/DTNBP1/BTBD9/ITPR3/PSEN1/SYT11/SPG11/LDLR/B4GALT2/PGRMC1/FOS/TMEM43","GOBP"
"GOBP_POSITIVE_REGULATION_OF_PROTEOLYSIS","GOBP_POSITIVE_REGULATION_OF_PROTEOLYSIS",165,0.405036531285448,1.53689355366063,0.00202450022023645,0.0390609454257385,0.0318905793206286,2379,"AXIN1/ADAM8/PABIR2/S100A10/CLU/AKT1/GSK3A/NUB1/UBQLN2/GCLC/CTSC/PTK2B/PSEN1/HECTD1/ZYG11B/KEAP1/DDRGK1/PSMC6/FURIN/UBQLN1/RAD23A/HERPUD1/PSMD10/TMX1/FBXW11/SOCS5/SH3RF2/DNAJB2/BAG6/HSPA1A/GBA1/BAK1/FBXW7/TMEM259/RCHY1/PYHIN1/RNF139/CDK1/MDM2/MYH9/PRKN/RCN3","GOBP"
"GOBP_REGULATION_OF_LEUKOCYTE_DIFFERENTIATION","GOBP_REGULATION_OF_LEUKOCYTE_DIFFERENTIATION",275,0.358943395350797,1.43977429954011,0.00198629968514746,0.0390609454257385,0.0318905793206286,1978,"ARID1A/STAT5A/BRD4/ADAM8/SMARCA4/RUNX3/TMEM64/LGALS1/PIAS3/GATA3/FANCA/CD2/IKZF3/LAG3/NEDD9/SASH3/PRDM1/TRAF6/ACTL6A/GPR137/PHF10/SMARCA2/EP300/RUNX1/IL2RB/DDRGK1/HSF1/ZFP36L1/IL4I1/CD4/ACIN1/ACTB/FOS/BATF/RARA/SOX13/TGFB1/GPR137B/PRKDC/PSMB2/NOTCH2/SOCS5/PPARGC1B/DUSP10/AMBRA1/QKI/KLHL25/IRF7/TNFRSF11A/KLF10/LGALS3/CUL4A/ZBTB7B/DTX1/TBX21/RIPK1/IL12RB1/IL23R/ZFPM1/FBXW7/AP3B1/PSMB9/HLA-DRB1/PPP3CA/BCL6/RB1","GOBP"
"GOBP_EMBRYONIC_MORPHOGENESIS","GOBP_EMBRYONIC_MORPHOGENESIS",313,0.351505526655457,1.42156845653686,0.00202429641477168,0.0390609454257385,0.0318905793206286,2331,"WNK1/LATS1/CREBBP/RUNX2/HIPK1/AXIN1/LUZP1/CC2D2A/DUSP5/GATA3/BRD3/LATS2/RNF207/PHACTR4/PSEN1/TGIF2/LLGL2/WDPCP/YTHDF2/NR4A3/TRAF6/ACVR2B/MTHFR/ARHGAP35/HOXA1/ZFP36L1/ZNF281/ETS2/ZEB2/EOMES/ENG/LMBRD1/C2orf49/CHST11/VASP/NHERF1/SYF2/RARA/TGFB1/SUFU/HIPK2/NOTCH2/IFT172/COL6A1/SOX8/BAX/MYADM/KDM6B/RAC1/MICAL2/C2CD3/PALS1/B9D1/LDB1/ARMC5/MAPK1/BPNT2/TULP3/RNF2/NIPBL/ACD/NOTCH1/HTR2B/TMEM231/BRD2/MTHFD1L/RIC8A/FRS2/MAP3K20/NF2/CDC73","GOBP"
"DESCARTES_FETAL_ADRENAL_CHROMAFFIN_CELLS","DESCARTES_FETAL_ADRENAL_CHROMAFFIN_CELLS",15,0.70071977856169,1.74413017616417,0.00646998600966885,0.0393590815588188,0.0298905786411602,1695,"MLLT11/MAP1B/CCND1/TUBB2A/KRTAP5-AS1","CELLTYPE"
"GOBP_RESPONSE_TO_RADIATION","GOBP_RESPONSE_TO_RADIATION",323,0.351619683117245,1.42399803346529,0.00205594745964858,0.0394357173546629,0.0321965548620868,3294,"KMT2A/HUS1/CREBBP/BCL3/ERCC3/FKBPL/RELA/CCND2/MECP2/DNMT3A/AKT1/CTNS/GATA3/NMU/MAP3K4/CBL/POLH/USP28/CCND1/NMT1/BHLHE40/PML/INTS7/FANCG/EP300/HOXA1/CEP250/H2AX/HSF1/B4GALT2/ZRANB3/RAD51AP1/RGS9/TIGAR/ERCC8/PARP1/SPRTN/IFI16/FOS/ERCC6/TGFB1/PRKDC/PLN/SLC24A4/DCLRE1C/COL6A1/BAX/BARD1/INO80/CUL4A/HRAS/SWI5/INTS3/TMEM109/GADD45A/POLK/BAK1/FBXW7/NIPBL/PRKAA1/N4BP1/MC1R/RAD9B/CDKN1A/BABAM2/SYNGAP1/OPN3/RIC8A/MDM2/MAP3K20/BRCA1/CYBA/USF1/CLK2/JUND/FEN1/PPID/XPC/PRKCD/TP53I13/FBXL3/ATR/PER1/DHX36/SIRT6/REEP6/DTL/UBE2A/CASP9/SIRT1/ERCC1/RBM4/UVSSA/RFWD3/PRIMPOL/PPP1CB/METTL3/NOC2L/ATXN1/CDKN2D/SLC4A10/SDF4/RNF168/STK11/FANCD2/TP53","GOBP"
"REACTOME_ACTIVATED_PKN1_STIMULATES_TRANSCRIPTION_OF_AR_ANDROGEN_RECEPTOR_REGULATED_GENES_KLK2_AND_KLK3","REACTOME_ACTIVATED_PKN1_STIMULATES_TRANSCRIPTION_OF_AR_ANDROGEN_RECEPTOR_REGULATED_GENES_KLK2_AND_KLK3",41,-0.525254676441027,-1.74764483859834,0.00194281008691602,0.0397727976719429,0.0341906506302667,2282,"H2AC20/H2AC4/H3-3A/H4C2/H3C1/H2BC4/H4C5/H2BC8/H2AC6/H3C10/H2BC21/H2BC5/H2AC8","REACTOME"
"REACTOME_SIGNALING_BY_ALK_IN_CANCER","REACTOME_SIGNALING_BY_ALK_IN_CANCER",86,0.468154741862393,1.61857591226812,0.00194720988602221,0.0397727976719429,0.0341906506302667,2312,"VCL/STAT5A/EML4/MECP2/BIRC6/RNF213/AGO4/PRF1/RANBP2/TPM4/AGO2/JUN/GZMB/STAT1/SEC31A/MAPK1/NOTCH1/RB1/CDKN1A/HIP1/KIF5B/MDM2/FRS2/MYH9/TNRC6C/ICOS","REACTOME"
"GAO_SMALL_INTESTINE_24W_C9_ENTEROENDOCRINE_CELL","GAO_SMALL_INTESTINE_24W_C9_ENTEROENDOCRINE_CELL",20,0.64898978406531,1.71184758920223,0.00660123452318111,0.0397890924929357,0.0302171430612057,1906,"ACSM1/MSC/TTLL3/TRIQK/PPP1R18/SLC36A4/LINC00299","CELLTYPE"
"GOBP_MEMBRANE_DEPOLARIZATION","GOBP_MEMBRANE_DEPOLARIZATION",46,0.550970077820207,1.71786702347318,0.00210628614586409,0.0401663869676407,0.0327930964203074,1253,"KMT2A/MLLT11/IFI6/GCLC/HSH2D/HCN2/GCLM/CHRNB1/SCN1B/ABCD1/PARP1/COL6A1","GOBP"
"GOBP_PLATELET_AGGREGATION","GOBP_PLATELET_AGGREGATION",54,0.526318146377684,1.69421678731947,0.00214046331006524,0.0405821945492138,0.0331325747539153,1447,"HBB/VCL/TSPAN32/VPS33B/PLEK/METAP1/TLN1/FLNA/ACTB/TMX1/RAP2B/CLIC1/PDIA3/ALOX12","GOBP"
"GOBP_B_CELL_ACTIVATION_INVOLVED_IN_IMMUNE_RESPONSE","GOBP_B_CELL_ACTIVATION_INVOLVED_IN_IMMUNE_RESPONSE",78,0.475156856706655,1.61695800008597,0.00217792808038621,0.0410551959980848,0.0335187479522233,1931,"BCL3/SUPT6H/CD40LG/LGALS1/PCYT1A/PTK2B/EXOSC3/DDRGK1/CCR6/BATF/TGFB1/NOTCH2/SHLD3/NSD2/TBX21/ITFG2/ITM2A/BCL6","GOBP"
"GOBP_MITOTIC_SISTER_CHROMATID_SEPARATION","GOBP_MITOTIC_SISTER_CHROMATID_SEPARATION",68,-0.446749573887551,-1.64360028740462,0.00222568019571834,0.0417156059540352,0.0340579273257592,1793,"ZWILCH/ATM/DYNC1LI1/KLHL22/KNL1/IK/KNTC1/CDC23/DLGAP5/MAD2L1/ZWINT/ANAPC11/TEX14/ANAPC5","GOBP"
"REACTOME_REGULATION_OF_RUNX1_EXPRESSION_AND_ACTIVITY","REACTOME_REGULATION_OF_RUNX1_EXPRESSION_AND_ACTIVITY",17,0.71368301694978,1.8123286679531,0.00217742223654532,0.0419393718242064,0.0360531441997564,707,"CCND2/AGO4/CCND1/PML/AGO2/RUNX1","REACTOME"
"REACTOME_ANTIMICROBIAL_MECHANISM_OF_IFN_STIMULATED_GENES","REACTOME_ANTIMICROBIAL_MECHANISM_OF_IFN_STIMULATED_GENES",153,0.408437676847494,1.51206692702265,0.00218434228251075,0.0419393718242064,0.0360531441997564,3158,"HSPA2/GBP5/MX1/OAS1/OAS3/OAS2/EIF4G3/FANCA/KPNA2/POM121C/TUBA1B/RANBP2/POM121/CHUK/FANCG/OASL/FURIN/PPP2R1B/IFIT1/FLNA/NUP58/TUBB2A/EIF2AK2/TRIM25/ACTB/EIF2S3/NUP88/STAT1/PGGT1B/HSPA1A/PDE12/NUP214/NDC1/PPP2R5A/NUP160/FANCC/NUP98/EIF4G1/FNTB/FANCF/CDK1/UBE2E1/UBE2N/CASP1/TUBB4B/GBP4/NUP210/ISG15/STAT3/PPP2CB/TUBA4A/GBP1/GBP2/ARIH1","REACTOME"
"REACTOME_DNA_REPLICATION","REACTOME_DNA_REPLICATION",161,-0.340881522242944,-1.43932602146398,0.0021418923802969,0.0419393718242064,0.0360531441997564,2682,"PCNA/H4C12/GMNN/ORC2/MCM7/PSMD6/RPS27A/PSMA7/H2AC20/PSMB7/H2AC4/RBX1/H3-3A/POLD2/PSMD8/SKP2/H4C2/PSMC3/PSMB3/H3C1/UBB/ANAPC16/POLE4/ANAPC2/ANAPC10/CDC23/PSMA3/H2BC4/POLD4/FZR1/UBA52/H4C5/POLE3/H2BC8/H2AC6/H3C10/PSMB1/H2BC21/ANAPC11/H2BC5/ANAPC5/H2AC8","REACTOME"
"GOBP_REGULATION_OF_COLLAGEN_METABOLIC_PROCESS","GOBP_REGULATION_OF_COLLAGEN_METABOLIC_PROCESS",21,0.65026131940125,1.71650736019897,0.00226950948103384,0.0422954039647215,0.0345312925822374,1097,"F2R/VIM/SUCO/RUNX1/CIITA/TGFB1","GOBP"
"GOBP_MITOCHONDRIAL_DEPOLARIZATION","GOBP_MITOCHONDRIAL_DEPOLARIZATION",20,0.677473176870006,1.75552100445135,0.00229951952375825,0.042541894040373,0.0347325348006126,1253,"MLLT11/IFI6/GCLC/HSH2D/GCLM/ABCD1/PARP1/COL6A1","GOBP"
"GOBP_T_CELL_CHEMOTAXIS","GOBP_T_CELL_CHEMOTAXIS",18,0.679655307311101,1.73484334162808,0.00232255310830341,0.042541894040373,0.0347325348006126,4104,"WNK1/TNFSF14/PLEC/TMEM102/XCL1/CCL5/PIK3CG/CCR2/OXSR1/ADAM17/CXCR3/CCL3/GPR183/STK39/CXCL16/SLC12A2","GOBP"
"GOBP_MYOTUBE_DIFFERENTIATION","GOBP_MYOTUBE_DIFFERENTIATION",114,-0.380368258868861,-1.53693677197234,0.00234490586841816,0.042541894040373,0.0347325348006126,1367,"RPL37A/MYEF2/RPL9/RPL36/RPL5/RPL32/RPL11/UBA52/HDAC1/RPL27A/RPL12/RPL6/RPL35/CAPN2/RPL13/RPL7A/RPL18/RPL19/RPL15/RPL29/RPLP2/RPL13A/RPL41/RPL4/RPLP0/RPLP1/RPL10/GPX1","GOBP"
"GOBP_NEGATIVE_REGULATION_OF_CELL_ADHESION","GOBP_NEGATIVE_REGULATION_OF_CELL_ADHESION",218,0.376342782311436,1.48305139023178,0.00235182429475846,0.042541894040373,0.0347325348006126,2811,"WNK1/PTPN1/CBLB/ACTN4/STAT5A/RUNX3/AKT1/PLXND1/LGALS1/EFNA5/CBL/LAG3/YTHDF2/CBLL1/SEMA5A/RUNX1/AKNA/IL4I1/SPN/CASK/PDCD1LG2/TMX1/TGFB1/PDCD1/XCL1/ANGPT2/PSMB2/RND1/SOCS5/LAX1/MYADM/THBS1/IL20RB/ALOX12/LGALS3/ZBTB7B/DTX1/TBX21/DUSP3/PSMB9/HLA-DRB1/ITGB1BP1/BCL6/NOTCH1/PAG1/CLASP2/ADAM22/NOTCH4/ITCH/BTLA/PSMA5/NF2/LGALS9/LGALS9C/CSK/PSMA6/PLXNB2/ACER2/TGFBI/PRKCD/JAK2/PODXL/CCL28/SOCS6/SCRIB","GOBP"
"GOBP_RESPONSE_TO_LIGHT_STIMULUS","GOBP_RESPONSE_TO_LIGHT_STIMULUS",228,0.369052624894368,1.4542580017067,0.00236055631565484,0.042541894040373,0.0347325348006126,3234,"KMT2A/HUS1/CREBBP/BCL3/ERCC3/RELA/MECP2/AKT1/CTNS/NMU/MAP3K4/POLH/USP28/CCND1/NMT1/BHLHE40/PML/EP300/HOXA1/CEP250/B4GALT2/ZRANB3/RGS9/ERCC8/PARP1/SPRTN/FOS/ERCC6/PLN/SLC24A4/COL6A1/BAX/INO80/CUL4A/POLK/BAK1/FBXW7/PRKAA1/N4BP1/MC1R/CDKN1A/SYNGAP1/OPN3/RIC8A/MAP3K20/USF1/JUND/FEN1/PPID/XPC/PRKCD/TP53I13/FBXL3/ATR/PER1/DHX36/SIRT6/REEP6/DTL/UBE2A/CASP9/SIRT1/ERCC1/RBM4/UVSSA/PRIMPOL/PPP1CB/METTL3/NOC2L/ATXN1/CDKN2D/SLC4A10/SDF4/STK11","GOBP"
"GOBP_INORGANIC_ION_HOMEOSTASIS","GOBP_INORGANIC_ION_HOMEOSTASIS",319,0.35058528860321,1.42270812954278,0.00234485002154024,0.042541894040373,0.0347325348006126,2446,"ATP2B4/SELENON/WNK1/PDZD8/CYB561/F2R/MLLT6/SLC11A1/PICALM/SLC30A1/SLC39A6/BTBD9/TMEM64/ITPR3/SLC9A1/SMAD5/C19orf12/GLUL/PTK2B/PSEN1/GRINA/FXN/ACVR2B/PML/CHERP/PRKCB/TMPRSS3/DDIT3/PLCB2/ATP2A2/SLC12A7/ATP7B/FLNA/PDE4D/CHP1/HERPUD1/CCR5/NHERF1/TGFB1/XCL1/MT1E/SLC46A1/PLN/SLC24A4/CNNM4/PDPK1/THADA/SLC39A7/BAX/ARF1/SNX10/CCL5/PLCE1/CYP4F12/PACS2/ATP7A/ATP2A3/BAK1/ATP1A3/TCIRG1/CLCC1/CCDC47/AP3B1/IREB2/ATP1B3/PLCB1/P2RX7/SLC39A9/HTR2B/EPB42/AKAP6/TRPM7/ITPR1/TRPA1/CEMIP/KLHL3/TSPOAP1/YWHAE/NOL3/CYBA/FASLG/CCR2/TMC6","GOBP"
"GOBP_POSITIVE_REGULATION_OF_MONONUCLEAR_CELL_MIGRATION","GOBP_POSITIVE_REGULATION_OF_MONONUCLEAR_CELL_MIGRATION",71,0.475208969564169,1.59405512205374,0.00237976684458242,0.0426537445367778,0.034823853049282,1692,"WNK1/TNFSF14/ADAM8/CX3CR1/PTK2B/NEDD9/TMEM102/SLAMF1/CCR6/CCL4/SPN/TGFB1/XCL1/CD99L2/DOCK8/CCL5/THBS1/ANO6/LGALS3/MAPK1","GOBP"
"GOBP_SYNAPTIC_SIGNALING","GOBP_SYNAPTIC_SIGNALING",416,0.338462944288968,1.40055455161518,0.00239965775753744,0.0427765078517544,0.034924080864847,3198,"KMT2A/SYNGR3/STAU1/S100B/F2R/SLC6A6/RELA/CX3CR1/MECP2/SYP/S1PR2/AKT1/SLC30A1/DTNBP1/BTBD9/ITPR3/VPS18/GSK3A/AP2B1/RNF167/MINK1/GRK2/TSHZ3/SNTA1/AMPH/NMU/MAP1B/KIF1B/PTK2B/CLCN3/PSEN1/ADRB2/SYT11/SPG11/USP14/CHRNB1/PRKCB/CACNA2D2/FCHSD2/KCNC4/FBXO2/NCSTN/DTNB/SYT2/LPAR3/APBA1/ATP2A2/SLC12A7/ZDHHC12/CASK/GLS/SLC1A4/RARA/NR3C1/GNA15/CALHM2/CLSTN3/ARF1/PDZD11/RAC1/HRAS/SLC4A8/SNX14/MAPK1/STXBP2/LRP8/PAFAH1B1/GABBR1/PPP3CA/NOTCH1/PLCB1/P2RX7/HTR2B/GGCX/TBC1D24/STX4/SYNGAP1/ITPR1/HIP1/KIF5B/ADAM22/DLG4/IL1RAP/KCNMB4/TSPOAP1/FCHSD1/UTS2/EIF4EBP2/PRKN/USP46/VAMP2/LY6E/PXK/CCR2/PPP3R1/ZDHHC17/DBN1/CYFIP1/ALS2/ATAD1/DLG3/SYNJ1/RNF10/JAK2/SYPL1/ACE/PRKAR2B/STX1A/CACNB1/CLSTN1/SCRIB/STAT3/ABHD6/BCL7A/CACNB3/CBLN3/PRKAR2A/TPBG/FBXL20/RAPSN/NTNG2/IQSEC2/MCTP2/GSK3B/IL1B/ATXN1/SLC4A10/ADARB1","GOBP"
"TRAVAGLINI_LUNG_NEUTROPHIL_CELL","TRAVAGLINI_LUNG_NEUTROPHIL_CELL",302,0.34133816882138,1.38476747285307,0.00718784804106784,0.0429310560271052,0.0326032533154656,2968,"TMCC3/BCL3/PROK2/ZBTB7A/NBEAL2/BRD4/NIBAN1/ADAM8/SLC6A6/MYO1F/RNF149/CHTOP/SLC11A1/RNF213/TAPBP/IFITM3/TP53INP2/TMEM91/MIDN/PAN3/POM121/NBPF10/CPD/IFITM2/SEC14L1/ALOX5AP/CCDC88B/JAML/R3HDM2/CDK2AP2/VASP/FOS/CTDNEP1/KDELR1/MEGF9/SPTAN1/AMPD2/MKNK2/ATG2A/KDM6B/TLE3/NICOL1/S100A6/SLC45A4/CEBPD/PFKFB3/MXD1/LPAR2/TLR6/LRP10/TMEM259/RASGRP4/LCP2/PPP3CA/BCL6/CDK11B/PREX1/LUCAT1/RBM47/MAST3/IL1RAP/EIF4EBP2/IL18RAP/VAMP2/ALDH16A1/PSMA6/JUND/IL2RG/MAPKAPK2/MRTFA/SUN2/TMSB4XP4/EMP3/PER1/UNC13D/ARHGAP1/SLC2A3/RNF24/DNAH17/MSL1/DOK3/B4GALT1/IGF1R/SIPA1L2/PGGHG/S100A12","CELLTYPE"
"GAUTAM_EYE_IRIS_CILIARY_BODY_FIBROBLASTS","GAUTAM_EYE_IRIS_CILIARY_BODY_FIBROBLASTS",77,0.443909209050413,1.52578373497342,0.00738890073753427,0.0433438195050001,0.0329167194510455,1522,"BCL3/F2R/PPP1R15A/GRINA/MIDN/NR4A2/BHLHE40/IDS/JUN/SF1/ETS2/LSP1/C1orf21/FOS/STOM/LPP","CELLTYPE"
"DESCARTES_FETAL_INTESTINE_LYMPHOID_CELLS","DESCARTES_FETAL_INTESTINE_LYMPHOID_CELLS",135,0.392595916681307,1.47155075998152,0.00736238416963741,0.0433438195050001,0.0329167194510455,2427,"SH2D2A/GBP5/PTPN7/SLA2/PLEKHF1/CD40LG/GATA3/GNLY/CD2/IKZF3/DTHD1/STAT4/PRF1/CST7/SLFN13/IL2RB/NKG7/SLAMF1/IL4I1/EOMES/CXCR6/NLRC3/TRGC1/XCL1/GZMA/LAX1/MATK/TBX21/PTGDR/PTGDR2/IL23R/JMY/CD3G/LINC00299/CD6/CD5/LINC02481/PYHIN1/CD79B/NMUR1/CCR4/SCML4/ICOS/IL18RAP/LINC01871/GPR18/FASLG/IL2RG","CELLTYPE"
"HE_LIM_SUN_FETAL_LUNG_C1_PROXIMAL_BASAL_CELL","HE_LIM_SUN_FETAL_LUNG_C1_PROXIMAL_BASAL_CELL",84,0.440758107784891,1.548407975127,0.00758346460186213,0.0440914711807382,0.0334845106779939,2686,"HSPA2/LGR6/LGALS1/NBL1/GCLC/NR4A2/LINC01644/BHLHE40/SH3BP1/LSP1/IFI16/TGFB1/EVA1C/CD82/CAMK1D/IFITM1/S100A2/CDKN1A/IL1RAP/MUC20/DLK2/STING1/A1BG/FHL2/TGFBI/DGKH/EMP3/PSPH","CELLTYPE"
"GOBP_DEVELOPMENT_OF_PRIMARY_SEXUAL_CHARACTERISTICS","GOBP_DEVELOPMENT_OF_PRIMARY_SEXUAL_CHARACTERISTICS",112,0.43282348829773,1.5728951736053,0.0025480860405078,0.0449339903917504,0.0366855171876165,2955,"STAT5A/MAMLD1/ANG/GATA3/FANCA/AGO4/CBL/CTNNA1/SAFB2/ZNF830/CCND1/FANCG/FLNA/IMMP2L/RARA/SPATA2/SOX8/BAX/TAF4/LHFPL2/EIF2B5/RAC1/IDH1/NUP210L/TIPARP/NOTCH1/NOS3/NOTCH4/REC8/FOXO3/ACE/ADGRG1/RDH10/SIRT1/ACVR2A/ERCC1","GOBP"
"GOBP_RESPONSE_TO_OXYGEN_LEVELS","GOBP_RESPONSE_TO_OXYGEN_LEVELS",220,0.380543798725497,1.49706766335438,0.00254704722931602,0.0449339903917504,0.0366855171876165,2425,"CREBBP/PTPN1/TGFBR3/S100B/LMNA/ADAM8/ALKBH5/ANG/MECP2/CPEB2/DNMT3A/AKT1/SLC9A1/CBL/EGLN2/NR4A2/MTHFR/CCND1/PML/EP300/NDRG1/SLC2A1/ZFP36L1/EGLN3/UBQLN1/ZEB2/TIGAR/ENG/DRAM1/FOS/TGFB1/HYOU1/ANGPT2/HIPK2/COL6A1/THBS1/SLC2A8/PLOD1/PRKAA1/NOTCH1/UCP3/ITPR1/FAM162A/MDM2/MDM4/FOXO1/NOL3/CYBA/USF1/ADO/JUND/FOSL2","GOBP"
"GOBP_CELLULAR_PROCESS_INVOLVED_IN_REPRODUCTION_IN_MULTICELLULAR_ORGANISM","GOBP_CELLULAR_PROCESS_INVOLVED_IN_REPRODUCTION_IN_MULTICELLULAR_ORGANISM",208,0.373006070026638,1.45764247119119,0.002564717511559,0.044985419454083,0.0367275054849766,2256,"HSPA2/SBF1/POC1B/STAU1/CATSPERB/MAMLD1/AGFG1/ANG/MECP2/DNMT3A/AKT1/EIF4G3/GSK3A/SMAD5/PANX1/YTHDF2/CCDC159/PRDM1/ZNF830/FANCG/CCR6/CDC25B/AFF4/RARA/SUFU/ANGPT2/FBXW11/PLN/BAX/QKI/TDRKH/SEPTIN4/GLIPR1L1/ABHD2/NECTIN2/NUP210L/CATSPERE/AGFG2/RNF2/PAFAH1B1/DDX20/DCAF13/EED/PAQR8/REC8/GMCL1","GOBP"
"GOBP_POSTSYNAPTIC_SPECIALIZATION_ASSEMBLY","GOBP_POSTSYNAPTIC_SPECIALIZATION_ASSEMBLY",17,0.696195537629293,1.75578962245028,0.00260375675131675,0.0451868896524811,0.0368919920654403,2203,"LATS1/PTK2B/ZDHHC12/CRIPT/ABI3/IL1RAP","GOBP"
"GOBP_POSITIVE_REGULATION_OF_UBIQUITIN_DEPENDENT_PROTEIN_CATABOLIC_PROCESS","GOBP_POSITIVE_REGULATION_OF_UBIQUITIN_DEPENDENT_PROTEIN_CATABOLIC_PROCESS",95,0.444918283383679,1.57066537540849,0.00259763215796212,0.0451868896524811,0.0368919920654403,2350,"AXIN1/PABIR2/CLU/AKT1/GSK3A/NUB1/GCLC/PTK2B/PSEN1/HECTD1/ZYG11B/KEAP1/DDRGK1/RAD23A/HERPUD1/PSMD10/SOCS5/SH3RF2/DNAJB2/HSPA1A/GBA1/FBXW7/RCHY1/PYHIN1/RNF139/CDK1/MDM2/PRKN","GOBP"
"GOBP_INCLUSION_BODY_ASSEMBLY","GOBP_INCLUSION_BODY_ASSEMBLY",25,0.626567252439911,1.73262166834383,0.00266390544285473,0.0459874202766501,0.0375455703413986,2925,"HSPA2/CLU/DYRK1A/PSMC6/DNAJB2/HSPA1A/PRKN/HDAC6/DNAJA4/PPP2CB","GOBP"
"GAUTAM_EYE_IRIS_CILIARY_BODY_MELANOCYTES","GAUTAM_EYE_IRIS_CILIARY_BODY_MELANOCYTES",222,-0.29933039734204,-1.3260033283894,0.00814305889864555,0.0469297341790362,0.0356399807752353,1940,"UQCRH/CREBL2/MSRB2/COX8A/AP2M1/COX7A2/HEXA/PPIA/ATP5MC3/RTTN/FAM210B/SUMO3/PDCD6/RPS12/SLC66A2/ASRGL1/SLC25A33/ZBTB16/RRP1/TALDO1/HNRNPH3/SERPINB6/YBX1/CSDE1/COPS9/CDKN2C/COX6B1/NDUFB9/RPS4X/SMS/SNX2/PRMT2/BEX3/RACK1/FAHD2A/SAT2/BRK1/SNHG32/RPS28/NINJ1/NDUFS5/MRPL44/EPS8/ATP5F1A/HINT1/MARCKSL1/SPG21/C12orf76","CELLTYPE"
"GOBP_MUSCLE_ADAPTATION","GOBP_MUSCLE_ADAPTATION",67,0.475393418482936,1.5834101524228,0.0027602453010841,0.0471541905601867,0.0384981581466993,2670,"ATP2B4/SELENON/LMNA/GSK3A/SLC9A1/NR4A3/ATP2A2/PARP1/MTPN/PPP3CA/NOTCH1/AKAP6/NOS3/FOXO1/NOL3/CYBA/JUND/CAMTA2/FOXO3","GOBP"
"GOBP_CELLULAR_RESPONSE_TO_PEPTIDE_HORMONE_STIMULUS","GOBP_CELLULAR_RESPONSE_TO_PEPTIDE_HORMONE_STIMULUS",237,0.369803179944604,1.46331954854193,0.00274588177606041,0.0471541905601867,0.0384981581466993,3135,"KLF11/PTPN1/STAT5A/RELA/CPEB2/AKT1/FUT7/TBC1D4/GSK3A/SLC9A1/ADIPOR1/GCLC/MAP1B/PXN/BLVRB/ADCY7/NR4A3/NR4A2/ADCY9/PRKCB/ZFP36L1/PARP1/KLF5/AKT3/FOS/TGFB1/PRKDC/PDPK1/COL6A1/KBTBD2/MYO1C/RAC1/SP1/ZNF106/PIK3R3/HRAS/HDAC5/PTPRE/ZBTB7B/POR/NFKB1/MYO5A/MAPK1/SLC2A8/SGCB/PRKAA1/PPP3CA/PLCB1/STXBP4/RB1/MZB1/FOXO1/EIF4EBP2/CYBA/USF1/VAMP2/CSK/A1BG/PIP4K2C/PRKCD/JAK2/GNAS/ACE/INSIG2/PRKAR2B/ATP2B1/STAT3/IGF1R/SIRT1/PRKAR2A/RBM4/KLF2/GSK3B/SESN3/PIK3CA/IL1B","GOBP"
"MANNO_MIDBRAIN_NEUROTYPES_HDA1","MANNO_MIDBRAIN_NEUROTYPES_HDA1",267,0.343654847858762,1.38297414665808,0.00826570396258497,0.0472223261166811,0.0358621846980803,2177,"CORO2A/TMCC3/MLLT11/MFSD6/ACSL4/SYNGR3/PTPN18/HBA2/ARK2C/NAP1L2/HIVEP3/SYP/UBXN2B/FRY/AMPH/MAP1B/CD2/L1CAM/CMIP/NR4A2/DOK6/BICRAL/LRRC7/ZSWIM6/APBA1/PDE4D/SLC1A4/KCNAB1/SCD5/ENO2/ZNF821/RUSC1/SLC25A12/C1orf35/KIF21B/FNDC9/MTUS2/PGM2L1/SLC4A8/ATP1A3/EID2B/GOLGA7B/RCAN2/PLCB1/TBC1D24/KIF21A/TMX4/TMEM169/SERINC1/CLASP2/PALB2/MAN2A2/ADAM22","CELLTYPE"
"GOBP_COLLAGEN_METABOLIC_PROCESS","GOBP_COLLAGEN_METABOLIC_PROCESS",55,0.51779903985616,1.68035315730819,0.0027896181850229,0.047409055165156,0.0387062375931184,2425,"F2R/VIM/VPS33B/SUCO/RUNX1/CIITA/FURIN/CTSB/TGFB1/COL6A1/MRC2/PLOD1/PLOD3/NOTCH1/P2RX7/TRAM2/RCN3/FOSL2","GOBP"
"GOBP_PROTEOGLYCAN_METABOLIC_PROCESS","GOBP_PROTEOGLYCAN_METABOLIC_PROCESS",73,0.482231514059262,1.62593739199992,0.00294479529234674,0.0490300942076006,0.0400297046418921,2029,"CHST12/ST3GAL3/CHPF/B3GNT2/CHST7/XYLT1/XYLT2/IDS/ST3GAL4/HGSNAT/CHST11/GALNT3/TCF7L2/CHSY1/B3GAT3/BPNT2/SGSH/FAM20B/CHST14","GOBP"
"GOBP_RESPONSE_TO_UV","GOBP_RESPONSE_TO_UV",131,0.4123690475336,1.53173024867539,0.00294206277081004,0.0490300942076006,0.0400297046418921,3294,"HUS1/CREBBP/BCL3/ERCC3/RELA/AKT1/MAP3K4/POLH/USP28/CCND1/PML/EP300/ZRANB3/ERCC8/PARP1/SPRTN/ERCC6/COL6A1/BAX/INO80/CUL4A/POLK/BAK1/FBXW7/PRKAA1/N4BP1/MC1R/CDKN1A/OPN3/MAP3K20/USF1/FEN1/PPID/XPC/PRKCD/TP53I13/ATR/DHX36/SIRT6/DTL/UBE2A/CASP9/SIRT1/ERCC1/UVSSA/PRIMPOL/METTL3/NOC2L/CDKN2D/SDF4/STK11/TP53","GOBP"
"GOBP_REGULATION_OF_PROTEIN_TRANSPORT","GOBP_REGULATION_OF_PROTEIN_TRANSPORT",310,0.352883908901975,1.4260093921885,0.00293196057561149,0.0490300942076006,0.0400297046418921,2813,"RAB11FIP5/PTPN1/EMD/ACSL4/RSAD2/GOLPH3/F2R/ADAM8/ANG/RHBDF2/DNAJA1/EFNA5/NMU/IFI27/SEC24C/CD81/UBAC2/MIDN/SEC24A/CDK16/ARF6/APBB3/RAB29/EP300/PGRMC1/FLNA/NUP58/PRR5L/CHP1/PFKM/TMED10/NR1D1/GRIPAP1/DNAJC1/TGFB1/SCFD1/DPH3/SUFU/TCF7L2/RIPOR1/SNX12/DERL3/CCL5/PFKL/UHMK1/RBM22/RAC1/BARD1/SEC31A/LCP1/KCNN4/B3GAT3/TCIRG1/HLA-DRB1/GAPVD1/P2RX7/STXBP4/DNM1L/STX4/RXRA/FRAT2/RAB11FIP1/CDK1/TRPA1/YWHAE/FOXO1/PRKN/VAMP2/CSK/TMEM30B/SEC24D/PPID/XPO4/ERLEC1/PRKCD/PPM1A/PIM3/IER3IP1/JAK2/GNAS/SLC25A22/PTPN23/STX1A/SIRT6/ALDH7A1/GPR68","GOBP"
"GOBP_REGULATION_OF_PROTEIN_STABILITY","GOBP_REGULATION_OF_PROTEIN_STABILITY",324,0.347370146890461,1.40654377351219,0.00294246939487892,0.0490300942076006,0.0400297046418921,2921,"SYVN1/WIZ/CREBBP/CBLB/LMNA/PAQR4/RNF149/PAK4/CBX4/CLU/AKT1/USP42/USP36/KDM8/CBL/WDR81/CD81/USP28/PML/USP25/EP300/DDRGK1/EGLN3/USP9X/CRTAP/RAD23A/CSNK2A1/FLNA/RASSF1/CHP1/NR1D1/FBXW11/PRKDC/ZNF207/TRIM39/HIP1R/KHDRBS1/VPS11/HCFC1/DNAAF10/BAG6/SERF1A/SERF1B/COG3/USP7/HSPA1A/TRIM21/PFDN6/HERC2/SH3GLB1/CTSH/TBRG1/FBXW7/CCDC88C/NAA30/TTI2/OTUD3/CCT6A/ATP1B3/CTNND1/STXBP4/HIP1/PYHIN1/RNF139/MDM2/MDM4/CDK7/PEX2/BAG4/NF2/CDC73/PRKN/USP46/HDAC6/UTP25/TMC6/HDAC8/WNT10B/MYLIP/PRKCD/EHMT1/BBOF1/FBXL3/USP47/MCM8/GGA3/SIRT6/WFS1/DAZAP2/PFDN1/CD74/SIRT1/USP48","GOBP"
"GOBP_RESPONSE_TO_NUTRIENT_LEVELS","GOBP_RESPONSE_TO_NUTRIENT_LEVELS",347,0.3375728586738,1.37551070823113,0.00296545846064287,0.0491247664187304,0.0401069980004012,2352,"CREBBP/TMEM135/PTPN1/SZT2/GPR155/FASN/ACAT1/SESN2/PRR5/PAK4/DNMT3A/AKT1/TBC1D5/RNF167/GCLC/MAP1B/GLUL/CBL/BCAS3/HSPA5/ADRB2/MTHFR/CCND1/GCLM/PLEC/LDLR/ASL/EP300/SLC2A1/DDIT3/ZEB2/AGL/CD4/EIF2AK2/IFI16/TRIM25/DRAM1/FOS/RARA/TGFB1/ZFP36/RIPOR1/AMBRA1/COL6A1/BAX/CASTOR1/MIOS/TNFRSF11A/STK24/LARP1/KLF10/SP1/MAP3K5/GCN1/CHSY1/ITFG2/POR/MAPK1/SH3GLB1/GBA1/RMI1/MLYCD/JMY/OTUD3/PRKAA1/EIF4G1/UCP3/CDKN1A/ZFYVE1/BABAM2/STX4/RXRA/TRPA1/MTMR3/PEX2/FOXO1/RICTOR/ULK2/CYBA/USF1","GOBP"
"GOBP_POSITIVE_REGULATION_OF_CANONICAL_NF_KAPPAB_SIGNAL_TRANSDUCTION","GOBP_POSITIVE_REGULATION_OF_CANONICAL_NF_KAPPAB_SIGNAL_TRANSDUCTION",189,0.383117080180242,1.48328092860676,0.00299057958432162,0.0492919650079142,0.0402435041656398,2901,"TNFSF14/S100B/BRD4/F2R/UBE2V1/RELA/TICAM1/CX3CR1/CD40LG/LGALS1/NOD1/RHOC/TNFRSF10B/TRAF6/CHUK/PRKCB/DDRGK1/TRIM22/FLNA/PARP1/TRIM25/TGFB1/FBXW11/ANKRD17/HUWE1/TNFRSF11A/TBK1/TRIM13/DHX15/RIPK1/NFAT5/TLR6/AKAP13/MIER1/HTR2B/PBLD/RNF31/GPR89A/VAPA/IL1RAP/CTH/MAP3K3/LGALS9/PRKN/PSMA6/FASLG/UBE2N/ZDHHC17/CASP1/BST2/PPM1A/IRAK1BP1/DHX36/SLC20A1/TAB3/BCL10/CD74/STAT3/SHISA5","GOBP"
