"ID","Description","setSize","enrichmentScore","NES","pvalue","p.adjust","qvalue","rank","leading_edge","core_enrichment","Collection"
"REACTOME_TRANSLATION","REACTOME_TRANSLATION",363,-0.5013353474171,-2.36186850757683,2.64405936166705e-20,2.53829698720036e-17,2.18204477847049e-17,1917,"tags=33%, list=14%, signal=29%","MRPL57/MTRF1/MRPS28/RPL23/MRPL40/RPSA/MRRF/EIF4H/RPL39/SSR2/RPL10A/TRAM1/EEF1D/PSMD8/PSMC3/PSMB3/EIF4EBP1/NPLOC4/EEF1B2/MRPS16/EIF4B/UBB/RPS24/RPS3A/UBE2D2/YARS2/LARS1/RPS12/RPL37A/QARS1/MRPS25/RPL9/MRPL27/RPS16/MRPL41/FAU/PPA2/UFD1/KARS1/RPL36/RPS25/MRPL17/MRPL54/RPL5/PSMA3/MRPL21/MRPS15/RPS8/RPL22/RPS20/RPS19/EIF3C/RPL32/SARS2/RPL11/RPS4X/UBA52/EIF3E/RPL27A/EIF3G/RPL12/ABCE1/ERAL1/RPL6/MTIF3/RPS21/RPL35/RPS18/UBE2D3/DDOST/MRPL55/ANKZF1/MRPS34/VARS2/RPS6/RPS5/SEC61A1/RPL13/RPS13/RPS3/RPS15/RPL7A/SRP14/RPS7/RPS11/PPA1/EIF3K/RPS28/RPL18/MRPS21/RPS14/MRPS17/APEH/PSMB1/EIF3L/RPL19/MRPL11/RPL3/MRPL44/RPL15/FARS2/EIF3D/DARS1/RPL29/RPLP2/RPL13A/RPL41/MRPS26/RPS9/RPL4/MRPS10/RPLP0/EEF1A1/MRPL34/RARS2/RPLP1/RPS2/RPL10/MRPL43/TUFM/MRPS23","REACTOME"
"REACTOME_EUKARYOTIC_TRANSLATION_ELONGATION","REACTOME_EUKARYOTIC_TRANSLATION_ELONGATION",89,-0.730878804018507,-2.8325671073828,9.65009894385718e-19,4.63204749305145e-16,3.98193556420212e-16,1865,"tags=63%, list=14%, signal=55%","RPL23/RPSA/RPL39/RPL10A/EEF1D/EEF1B2/RPS24/RPS3A/RPS12/RPL37A/RPL9/RPS16/FAU/RPL36/RPS25/RPL5/RPS8/RPL22/RPS20/RPS19/RPL32/RPL11/RPS4X/UBA52/RPL27A/RPL12/RPL6/RPS21/RPL35/RPS18/RPS6/RPS5/RPL13/RPS13/RPS3/RPS15/RPL7A/RPS7/RPS11/RPS28/RPL18/RPS14/RPL19/RPL3/RPL15/RPL29/RPLP2/RPL13A/RPL41/RPS9/RPL4/RPLP0/EEF1A1/RPLP1/RPS2/RPL10","REACTOME"
"REACTOME_SELENOAMINO_ACID_METABOLISM","REACTOME_SELENOAMINO_ACID_METABOLISM",111,-0.685467041302103,-2.71344007841767,2.28023667139227e-18,7.29675734845528e-16,6.27265105393524e-16,2616,"tags=63%, list=19%, signal=51%","TXNRD1/RPS17/SEPSECS/RPS15A/RPS29/AIMP1/RPS27A/RPL24/RPL7/RPL34/RPL35A/RPL23/RPSA/RPL39/RPL10A/RPS24/RPS3A/LARS1/RPS12/RPL37A/QARS1/RPL9/RPS16/FAU/KARS1/RPL36/SECISBP2/RPS25/RPL5/RPS8/RPL22/RPS20/RPS19/RPL32/RPL11/RPS4X/UBA52/RPL27A/RPL12/RPL6/RPS21/RPL35/RPS18/RPS6/RPS5/RPL13/RPS13/RPS3/RPS15/RPL7A/RPS7/RPS11/RPS28/RPL18/RPS14/RPL19/RPL3/RPL15/GNMT/DARS1/RPL29/RPLP2/RPL13A/RPL41/RPS9/RPL4/RPLP0/RPLP1/RPS2/RPL10","REACTOME"
"REACTOME_SRP_DEPENDENT_COTRANSLATIONAL_PROTEIN_TARGETING_TO_MEMBRANE","REACTOME_SRP_DEPENDENT_COTRANSLATIONAL_PROTEIN_TARGETING_TO_MEMBRANE",110,-0.690101911969703,-2.73265387154079,4.11035727409386e-18,9.86485745782527e-16,8.48031606023576e-16,1865,"tags=53%, list=14%, signal=46%","RPL23/RPSA/RPL39/SSR2/RPL10A/TRAM1/RPS24/RPS3A/RPS12/RPL37A/RPL9/RPS16/FAU/RPL36/RPS25/RPL5/RPS8/RPL22/RPS20/RPS19/RPL32/RPL11/RPS4X/UBA52/RPL27A/RPL12/RPL6/RPS21/RPL35/RPS18/DDOST/RPS6/RPS5/SEC61A1/RPL13/RPS13/RPS3/RPS15/RPL7A/SRP14/RPS7/RPS11/RPS28/RPL18/RPS14/RPL19/RPL3/RPL15/RPL29/RPLP2/RPL13A/RPL41/RPS9/RPL4/RPLP0/RPLP1/RPS2/RPL10","REACTOME"
"REACTOME_EUKARYOTIC_TRANSLATION_INITIATION","REACTOME_EUKARYOTIC_TRANSLATION_INITIATION",117,-0.669318029705642,-2.71310062096797,1.4312713622071e-17,2.74804101543763e-15,2.36235104835866e-15,1865,"tags=53%, list=14%, signal=46%","RPL23/RPSA/EIF4H/RPL39/RPL10A/EIF4EBP1/EIF4B/RPS24/RPS3A/RPS12/RPL37A/RPL9/RPS16/FAU/RPL36/RPS25/RPL5/RPS8/RPL22/RPS20/RPS19/EIF3C/RPL32/RPL11/RPS4X/UBA52/EIF3E/RPL27A/EIF3G/RPL12/RPL6/RPS21/RPL35/RPS18/RPS6/RPS5/RPL13/RPS13/RPS3/RPS15/RPL7A/RPS7/RPS11/EIF3K/RPS28/RPL18/RPS14/EIF3L/RPL19/RPL3/RPL15/EIF3D/RPL29/RPLP2/RPL13A/RPL41/RPS9/RPL4/RPLP0/RPLP1/RPS2/RPL10","REACTOME"
"REACTOME_RESPONSE_OF_EIF2AK4_GCN2_TO_AMINO_ACID_DEFICIENCY","REACTOME_RESPONSE_OF_EIF2AK4_GCN2_TO_AMINO_ACID_DEFICIENCY",97,-0.66426424313464,-2.62670971066436,1.85629632842134e-14,2.97007412547414e-12,2.55322161663567e-12,1865,"tags=55%, list=14%, signal=47%","RPL23/RPSA/RPL39/RPL10A/RPS24/RPS3A/RPS12/RPL37A/RPL9/RPS16/FAU/RPL36/RPS25/RPL5/RPS8/RPL22/RPS20/RPS19/RPL32/RPL11/RPS4X/UBA52/RPL27A/RPL12/RPL6/RPS21/RPL35/RPS18/RPS6/RPS5/RPL13/RPS13/RPS3/RPS15/RPL7A/RPS7/RPS11/RPS28/RPL18/RPS14/RPL19/RPL3/RPL15/RPL29/RPLP2/RPL13A/RPL41/RPS9/RPL4/RPLP0/RPLP1/RPS2/RPL10","REACTOME"
"REACTOME_NONSENSE_MEDIATED_DECAY_NMD","REACTOME_NONSENSE_MEDIATED_DECAY_NMD",113,-0.625892492535151,-2.50587794414959,7.08061666970246e-14,9.71056000416338e-12,8.34767438954396e-12,1865,"tags=50%, list=14%, signal=44%","RPL23/RPSA/UPF3A/RPL39/RPL10A/RPS24/SMG6/RPS3A/RPS12/RPL37A/SMG5/RPL9/RPS16/FAU/RPL36/RPS25/RPL5/RPS8/RPL22/RPS20/RPS19/RPL32/RPL11/RPS4X/UBA52/RPL27A/SMG8/RPL12/RPL6/RPS21/RPL35/RPS18/RPS6/RPS5/RPL13/RPS13/RPS3/RPS15/RPL7A/RPS7/RPS11/RPS28/RPL18/RPS14/RPL19/RPL3/RPL15/RPL29/RPLP2/RPL13A/RPL41/RPS9/RPL4/RPLP0/RPLP1/RPS2/RPL10","REACTOME"
"REACTOME_METABOLISM_OF_AMINO_ACIDS_AND_DERIVATIVES","REACTOME_METABOLISM_OF_AMINO_ACIDS_AND_DERIVATIVES",273,-0.471557431118574,-2.13029747973016,1.47355345685961e-13,1.76826414823153e-11,1.52008672391834e-11,2616,"tags=42%, list=19%, signal=35%","TXNRD1/RPS17/CKMT2/SEPSECS/RPS15A/KYAT1/RPS29/PSMD6/AIMP1/RPS27A/PSMA7/GRHPR/RPL24/SQOR/ALDH4A1/SIRT5/PSMB7/RPL7/RPL34/CKB/BCKDHB/ALDH18A1/RPL35A/GAMT/PYCR3/RPL23/RPSA/RPL39/RPL10A/SERINC5/PSMD8/GOT1/HYKK/BCAT2/PYCR2/PSMC3/PSMB3/MTRR/MRI1/RPS24/RPS3A/LARS1/RPS12/RPL37A/QARS1/SARDH/ASRGL1/RPL9/SLC7A5/RPS16/FAU/KARS1/RPL36/SECISBP2/RPS25/RPL5/PSMA3/RPS8/RPL22/RPS20/RPS19/ARG2/RPL32/RPL11/RPS4X/UBA52/ADI1/RPL27A/SMS/TSTD1/RPL12/TMLHE/RPL6/RPS21/SMOX/RPL35/DUOX1/RPS18/RPS6/RPS5/DMGDH/RPL13/RPS13/RPS3/RPS15/RPL7A/RPS7/RPS11/ARG1/OAZ1/RPS28/RPL18/RPS14/PSMB1/RPL19/RPL3/GCDH/HSD17B10/RPL15/AGMAT/GNMT/DARS1/RPL29/RPLP2/AUH/RPL13A/RPL41/HIBADH/RPS9/RPL4/RPLP0/RPLP1/ENOPH1/RPS2/RPL10","REACTOME"
"REACTOME_RIBOSOME_ASSOCIATED_QUALITY_CONTROL","REACTOME_RIBOSOME_ASSOCIATED_QUALITY_CONTROL",142,-0.586728095382704,-2.41962110824443,3.00475822105202e-13,3.20507543578882e-11,2.75524028690618e-11,2467,"tags=53%, list=18%, signal=44%","RPS29/PSMD6/RPS27A/PSMA7/RPL24/PSMB7/RPL7/RPL34/RPL35A/RBX1/RPL23/RPSA/RPL39/RPL10A/PSMD8/PSMC3/PSMB3/NPLOC4/UBB/RPS24/RPS3A/UBE2D2/RPS12/RPL37A/RPL9/RPS16/FAU/UFD1/RPL36/RPS25/RPL5/PSMA3/RPS8/RPL22/RPS20/RPS19/RPL32/RPL11/RPS4X/UBA52/RPL27A/RPL12/ABCE1/RPL6/RPS21/RPL35/RPS18/UBE2D3/ANKZF1/RPS6/RPS5/RPL13/RPS13/RPS3/RPS15/RPL7A/RPS7/RPS11/RPS28/RPL18/RPS14/PSMB1/RPL19/RPL3/RPL15/RPL29/RPLP2/RPL13A/RPL41/RPS9/RPL4/RPLP0/RPLP1/RPS2/RPL10","REACTOME"
"REACTOME_INFLUENZA_VIRAL_RNA_TRANSCRIPTION_AND_REPLICATION","REACTOME_INFLUENZA_VIRAL_RNA_TRANSCRIPTION_AND_REPLICATION",133,-0.584344637197915,-2.40152816044588,7.3438173733062e-13,7.05006467837396e-11,6.06058191649691e-11,1457,"tags=47%, list=11%, signal=42%","RPL23/RPSA/RPL39/RPL10A/NUP50/RPS24/RPS3A/RPS12/RPL37A/NUP107/RPL9/POLR2J/RPS16/FAU/RPL36/POLR2C/GTF2F2/RPS25/RPL5/RPS8/RPL22/RPS20/RPS19/RPL32/RPL11/RPS4X/UBA52/RPL27A/RPL12/SEH1L/RPL6/RPS21/RPL35/RPS18/RPS6/RPS5/RPL13/POLR2G/RPS13/RPS3/RPS15/RPL7A/RPS7/RPS11/RPS28/RPL18/RPS14/RPL19/RPL3/RPL15/RPL29/RPLP2/RPL13A/RPL41/RPS9/NUP205/RPL4/RPLP0/RPLP1/IPO5/RPS2/RPL10","REACTOME"
"REACTOME_INFLUENZA_INFECTION","REACTOME_INFLUENZA_INFECTION",154,-0.543850111220732,-2.29369639730299,7.28530461591444e-12,6.35808402843442e-10,5.46572135777696e-10,1865,"tags=44%, list=14%, signal=38%","RPL23/RPSA/RPL39/RPL10A/XPO1/NUP50/KPNA3/RPS24/RPS3A/RPS12/RPL37A/NUP107/RPL9/POLR2J/RPS16/FAU/RPL36/POLR2C/GTF2F2/RPS25/RPL5/RPS8/RPL22/RPS20/RPS19/RPL32/RPL11/RPS4X/UBA52/RPL27A/CPSF4/RPL12/CALR/SEH1L/RPL6/RPS21/RPL35/RPS18/RPS6/RPS5/RPL13/POLR2G/RPS13/RPS3/RPS15/RPL7A/RPS7/RPS11/RPS28/RPL18/RPS14/RPL19/RPL3/RPL15/RPL29/RPLP2/RPL13A/RPL41/RPS9/NUP205/RPL4/RPLP0/RPLP1/IPO5/RPS2/SLC25A6/RPL10","REACTOME"
"REACTOME_CELLULAR_RESPONSE_TO_STARVATION","REACTOME_CELLULAR_RESPONSE_TO_STARVATION",147,-0.548189212401758,-2.30166620913495,1.00189552055778e-11,8.01516416446222e-10,6.89022884313419e-10,1538,"tags=38%, list=11%, signal=34%","SESN1/RPS24/RPS3A/RPS12/RPL37A/RPL9/RPS16/FAU/RPL36/RPS25/RPL5/ATP6V1E2/RPS8/RPL22/RPS20/RPS19/RPL32/RPL11/RPS4X/UBA52/RPL27A/RPL12/SEH1L/RPL6/RPS21/RPL35/RPS18/RPS6/RPS5/LAMTOR4/RPL13/RPS13/RPS3/RPS15/RPL7A/RPS7/RPS11/RPS28/RPL18/RPS14/ATP6V1C2/RPL19/RPL3/RPL15/RPL29/RPLP2/RPL13A/RPL41/RPS9/RPL4/RPLP0/RPLP1/RRAGB/RPS2/RPL10/SLC38A9","REACTOME"
"REACTOME_RRNA_PROCESSING","REACTOME_RRNA_PROCESSING",206,-0.489645400788226,-2.14317891984379,1.96044168050279e-11,1.44771077944821e-09,1.24452330163092e-09,2599,"tags=42%, list=19%, signal=34%","RPS17/GNL3/PRORP/RPS15A/RPS29/RPP30/RPS27A/RPL24/RPP25/MTERF4/NOP58/RPL7/RPL34/RPL35A/EXOSC1/RRP7A/RRP9/PDCD11/EXOSC10/EBNA1BP2/RPL23/NHP2/RPSA/IMP3/RPL39/RPL10A/BMS1/GAR1/RPS24/RPS3A/TRUB2/RPS12/RPL37A/EXOSC5/EXOSC8/RPL9/RPS16/FAU/RPL36/RRP1/RPS25/RPL5/NCL/RPS8/RPL22/RPS20/RPS19/RPL32/RPL11/RPS4X/UBA52/SNU13/RPL27A/RPL12/RPL6/RPS21/RPL35/RPS18/RPS6/RPS5/RPL13/RPS13/RPS3/RPS15/RPL7A/RPS7/RPS11/RPS28/RPL18/RPS14/RPL19/RPL3/HSD17B10/RPL15/RPL29/RPLP2/RPL13A/RPL41/RPS9/RPL4/RPLP0/XRN2/RPLP1/ELAC2/RPS2/RPL10","REACTOME"
"REACTOME_REGULATION_OF_EXPRESSION_OF_SLITS_AND_ROBOS","REACTOME_REGULATION_OF_EXPRESSION_OF_SLITS_AND_ROBOS",145,-0.547478882490363,-2.29350067311519,2.57555214386632e-11,1.76609289865119e-09,1.5182202111212e-09,2467,"tags=49%, list=18%, signal=41%","RPS29/PSMD6/RPS27A/PSMA7/RPL24/PSMB7/RPL7/RPL34/RPL35A/RBX1/RPL23/RPSA/UPF3A/RPL39/RPL10A/PSMD8/PSMC3/PSMB3/UBB/RPS24/RPS3A/RPS12/RPL37A/RPL9/RPS16/FAU/RPL36/RPS25/RPL5/PSMA3/RPS8/RPL22/RPS20/RPS19/RPL32/RPL11/RPS4X/UBA52/LHX4/RPL27A/RPL12/RPL6/RPS21/RPL35/RPS18/RPS6/RPS5/RPL13/RPS13/RPS3/RPS15/RPL7A/RPS7/RPS11/RPS28/RPL18/RPS14/PSMB1/RPL19/RPL3/RPL15/RPL29/RPLP2/RPL13A/RPL41/RPS9/RPL4/RPLP0/RPLP1/RPS2/RPL10","REACTOME"
"REACTOME_SARS_COV_1_MODULATES_HOST_TRANSLATION_MACHINERY","REACTOME_SARS_COV_1_MODULATES_HOST_TRANSLATION_MACHINERY",36,-0.800563467708326,-2.59222840045831,4.59654816764819e-11,2.94179082729484e-09,2.52890790416574e-09,1457,"tags=69%, list=11%, signal=62%","RPS24/RPS3A/HNRNPA1/RPS12/RPS16/FAU/RPS25/RPS8/RPS20/RPS19/RPS4X/RPS21/RPS18/RPS6/RPS5/RPS13/RPS3/RPS15/RPS7/RPS11/RPS28/RPS14/RPS9/EEF1A1/RPS2","REACTOME"
"REACTOME_ACTIVATION_OF_THE_MRNA_UPON_BINDING_OF_THE_CAP_BINDING_COMPLEX_AND_EIFS_AND_SUBSEQUENT_BINDING_TO_43S","REACTOME_ACTIVATION_OF_THE_MRNA_UPON_BINDING_OF_THE_CAP_BINDING_COMPLEX_AND_EIFS_AND_SUBSEQUENT_BINDING_TO_43S",59,-0.692240216000316,-2.51035768198246,1.8473447817983e-10,1.10840686907898e-08,9.52840992717018e-09,1831,"tags=56%, list=13%, signal=49%","RPSA/EIF4H/EIF4EBP1/EIF4B/RPS24/RPS3A/RPS12/RPS16/FAU/RPS25/RPS8/RPS20/RPS19/EIF3C/RPS4X/EIF3E/EIF3G/RPS21/RPS18/RPS6/RPS5/RPS13/RPS3/RPS15/RPS7/RPS11/EIF3K/RPS28/RPS14/EIF3L/EIF3D/RPS9/RPS2","REACTOME"
"REACTOME_SIGNALING_BY_ROBO_RECEPTORS","REACTOME_SIGNALING_BY_ROBO_RECEPTORS",179,-0.489412073588477,-2.11012323150461,6.43828436743344e-10,3.63573705455065e-08,3.12545816970143e-08,2599,"tags=44%, list=19%, signal=36%","RPS17/RPS15A/CDC42/RPS29/PSMD6/RPS27A/PSMA7/RPL24/PSMB7/RPL7/RPL34/RPL35A/PFN2/RBX1/RPL23/RPSA/UPF3A/RPL39/RPL10A/SRGAP2/PSMD8/PSMC3/PSMB3/UBB/RPS24/RPS3A/RPS12/RPL37A/NELL2/RPL9/RPS16/FAU/RPL36/RPS25/RPL5/PSMA3/RPS8/RPL22/RPS20/RPS19/RPL32/RPL11/RPS4X/UBA52/LHX4/RPL27A/RPL12/PRKACA/RPL6/RPS21/RPL35/RPS18/RPS6/RPS5/RPL13/RPS13/RPS3/RPS15/RPL7A/RPS7/RPS11/RPS28/RPL18/RPS14/PSMB1/RPL19/RPL3/RPL15/RPL29/RPLP2/RPL13A/RPL41/RPS9/RPL4/RPLP0/RPLP1/RPS2/RPL10","REACTOME"
"REACTOME_SARS_COV_2_MODULATES_HOST_TRANSLATION_MACHINERY","REACTOME_SARS_COV_2_MODULATES_HOST_TRANSLATION_MACHINERY",50,-0.68452864348267,-2.39888495924307,1.76674006616182e-08,9.42261368619635e-07,8.10014158988809e-07,1831,"tags=58%, list=13%, signal=50%","RPSA/GEMIN5/RPS24/RPS3A/RPS12/RPS16/FAU/SMN1/SMN2/RPS25/RPS8/RPS20/RPS19/RPS4X/SNRPB/SNRPD2/RPS21/RPS18/RPS6/RPS5/RPS13/RPS3/RPS15/RPS7/RPS11/RPS28/RPS14/RPS9/RPS2","REACTOME"
"REACTOME_RIBOSOME_QUALITY_CONTROL_RQC_COMPLEX_EXTRACTS_AND_DEGRADES_NASCENT_PEPTIDE","REACTOME_RIBOSOME_QUALITY_CONTROL_RQC_COMPLEX_EXTRACTS_AND_DEGRADES_NASCENT_PEPTIDE",101,-0.528606065475087,-2.09042721786022,2.21485225993766e-07,1.1190832471264e-05,9.62018931740235e-06,2437,"tags=48%, list=18%, signal=39%","PSMD6/RPS27A/PSMA7/RPL24/PSMB7/RPL7/RPL34/RPL35A/RBX1/RPL23/RPL39/RPL10A/PSMD8/PSMC3/PSMB3/NPLOC4/UBB/UBE2D2/RPL37A/RPL9/UFD1/RPL36/RPL5/PSMA3/RPL22/RPL32/RPL11/UBA52/RPL27A/RPL12/RPL6/RPL35/ANKZF1/RPL13/RPL7A/RPL18/PSMB1/RPL19/RPL3/RPL15/RPL29/RPLP2/RPL13A/RPL41/RPL4/RPLP0/RPLP1/RPL10","REACTOME"
"REACTOME_INTERFERON_SIGNALING","REACTOME_INTERFERON_SIGNALING",246,0.447967914568826,1.77091790826391,3.06635954384607e-07,1.47185258104611e-05,1.26527678019753e-05,1731,"tags=26%, list=13%, signal=23%","HSPA2/HLA-DPB1/PTPN1/GBP5/RSAD2/IFI6/MX1/OAS1/OAS3/OAS2/EIF4G3/IFIT3/FANCA/IFITM3/IFI27/HLA-DQB1/TRIM14/HSPA5/KPNA2/POM121C/IFIH1/TUBA1B/RANBP2/TRIM35/PML/POM121/CHUK/IFI44/FANCG/IRF9/OASL/CIITA/IFITM2/TRIM22/XAF1/FURIN/HLA-DQA1/PPP2R1B/IFIT1/IFI44L/TRIM26/FLNA/NUP58/TUBB2A/EIF2AK2/TRIM68/TRIM25/ACTB/EIF2S3/HLA-DPA1/NUP88/IRF7/STAT1/PGGT1B/HSPA1A/PDE12/NUP214/TRIM21/NDC1/MAPK1/PPP2R5A/NUP160/FANCC/IFITM1","REACTOME"
"REACTOME_MITOCHONDRIAL_TRANSLATION_ELONGATION","REACTOME_MITOCHONDRIAL_TRANSLATION_ELONGATION",87,-0.527198917292472,-2.05691836428748,2.08115277785817e-06,9.51384127020876e-05,8.17856530246016e-05,2889,"tags=40%, list=21%, signal=32%","MRPL9/PTCD3/MRPL3/MRPL1/MRPL4/MRPL36/AURKAIP1/MRPS22/MRPL24/MRPS7/MRPL18/MRPL57/MRPS28/MRPL40/MRPS16/MRPS25/MRPL27/MRPL41/MRPL17/MRPL54/MRPL21/MRPS15/ERAL1/MRPL55/MRPS34/MRPS21/MRPS17/MRPL11/MRPL44/MRPS26/MRPS10/MRPL34/MRPL43/TUFM/MRPS23","REACTOME"
"REACTOME_MITOCHONDRIAL_CALCIUM_ION_TRANSPORT","REACTOME_MITOCHONDRIAL_CALCIUM_ION_TRANSPORT",22,-0.751777009383337,-2.1537166403597,8.98722355306436e-06,0.000392169755042808,0.000337128385913993,989,"tags=32%, list=7%, signal=30%","SLC8B1/VDAC2/SPG7/STOML2/PARL/PMPCB/MCUB","REACTOME"
"REACTOME_RUNX1_INTERACTS_WITH_CO_FACTORS_WHOSE_PRECISE_EFFECT_ON_RUNX1_TARGETS_IS_NOT_KNOWN","REACTOME_RUNX1_INTERACTS_WITH_CO_FACTORS_WHOSE_PRECISE_EFFECT_ON_RUNX1_TARGETS_IS_NOT_KNOWN",35,0.675026765912279,2.01177278040409,2.93899680136529e-05,0.00122671170839595,0.00105454164405967,1161,"tags=31%, list=9%, signal=29%","AUTS2/PHC1/ARID1A/SMARCA4/CBX4/ACTL6A/SMARCA2/EP300/RUNX1/CSNK2A1/HIPK2","REACTOME"
"REACTOME_MITOCHONDRIAL_TRANSLATION","REACTOME_MITOCHONDRIAL_TRANSLATION",112,-0.458624897699313,-1.82494499364196,3.39795175998727e-05,0.00135918070399491,0.00116841849992545,3085,"tags=38%, list=23%, signal=29%","MRPL9/PTCD3/MTFMT/MRPL3/MRPL1/MRPL4/MT-CO3/MT-CO2/MRPL36/AURKAIP1/MRPS22/MRPL24/MRPS7/MRPL18/MT-ND3/MRPL57/MTRF1/MRPS28/MRPL40/MRRF/MRPS16/MRPS25/MRPL27/MRPL41/MRPL17/MRPL54/MRPL21/MRPS15/ERAL1/MTIF3/MRPL55/MRPS34/MRPS21/MRPS17/MRPL11/MRPL44/MRPS26/MRPS10/MRPL34/MRPL43/TUFM/MRPS23","REACTOME"
"REACTOME_NFE2L2_REGULATING_ANTI_OXIDANT_DETOXIFICATION_ENZYMES","REACTOME_NFE2L2_REGULATING_ANTI_OXIDANT_DETOXIFICATION_ENZYMES",15,0.788458139747828,1.9437332341387,0.000159579927515191,0.00589218193902244,0.00506520903529999,825,"tags=33%, list=6%, signal=31%","CREBBP/GCLC/GCLM/EP300/CHD6","REACTOME"
"REACTOME_INTERFERON_GAMMA_SIGNALING","REACTOME_INTERFERON_GAMMA_SIGNALING",81,0.522266803653706,1.78903904467841,0.000157694394974815,0.00589218193902244,0.00506520903529999,1843,"tags=30%, list=14%, signal=26%","HLA-DPB1/PTPN1/GBP5/OAS1/OAS3/OAS2/HLA-DQB1/TRIM14/TRIM35/PML/IRF9/OASL/CIITA/TRIM22/HLA-DQA1/TRIM26/TRIM68/TRIM25/HLA-DPA1/IRF7/STAT1/TRIM21/MAPK1/HLA-DRB1","REACTOME"
"REACTOME_HEME_SIGNALING","REACTOME_HEME_SIGNALING",44,0.603728791436167,1.87132166874391,0.000224479950679968,0.00798150935750996,0.00686129751785944,1187,"tags=23%, list=9%, signal=21%","HELZ2/CREBBP/HBB/HBA2/NCOR1/MEF2D/EP300/NR1D1/SLC46A1/PGRMC2","REACTOME"
"REACTOME_PROCESSING_OF_SMDT1","REACTOME_PROCESSING_OF_SMDT1",16,-0.76351365728272,-2.02927274729988,0.000241969666399215,0.00829610284797309,0.00713173753597687,747,"tags=31%, list=5%, signal=30%","SPG7/STOML2/PARL/PMPCB/MCUB","REACTOME"
"REACTOME_INTERFERON_ALPHA_BETA_SIGNALING","REACTOME_INTERFERON_ALPHA_BETA_SIGNALING",63,0.54824607573096,1.79794730260948,0.000336420646806304,0.0111366834804845,0.00957364018497794,1378,"tags=29%, list=10%, signal=26%","PTPN1/RSAD2/IFI6/MX1/OAS1/OAS3/OAS2/IFIT3/IFITM3/IFI27/IRF9/OASL/IFITM2/XAF1/IFIT1/EIF2AK2/IRF7/STAT1","REACTOME"
"REACTOME_MUSCLE_CONTRACTION","REACTOME_MUSCLE_CONTRACTION",87,0.499591136238775,1.7239075813936,0.000354640454759594,0.011348494552307,0.00975572338707095,2092,"tags=26%, list=15%, signal=23%","ATP2B4/VCL/HIPK1/VIM/ITPR3/PXN/MYL5/TPM4/SCN1B/CACNA2D2/TLN1/CACNA1I/ATP2A2/HIPK2/PLN/SORBS3/TNNC2/TMOD1/ATP2A3/ATP1A3/ATP1B3/PDE5A/ITPR1","REACTOME"
"REACTOME_SARS_COV_1_HOST_INTERACTIONS","REACTOME_SARS_COV_1_HOST_INTERACTIONS",91,-0.435564416557663,-1.6958312990334,0.000460881027060373,0.0142724447089664,0.0122692945743746,1947,"tags=37%, list=14%, signal=32%","NPM1/RCAN3/RPSA/PPIA/UBB/RPS24/RPS3A/HNRNPA1/RPS12/YWHAB/RPS16/FAU/RPS25/RPS8/RPS20/RPS19/RPS4X/UBA52/RPS21/RPS18/RPS6/RPS5/RPS13/RPS3/RPS15/RPS7/RPS11/RPS28/RPS14/SMAD3/RPS9/FKBP1A/EEF1A1/RPS2","REACTOME"
"REACTOME_AEROBIC_RESPIRATION_AND_RESPIRATORY_ELECTRON_TRANSPORT","REACTOME_AEROBIC_RESPIRATION_AND_RESPIRATORY_ELECTRON_TRANSPORT",240,-0.338315555906139,-1.51509414468724,0.000488375173247133,0.014651255197414,0.0125949386784787,2440,"tags=26%, list=18%, signal=22%","SDHAF1/RPS27A/DMAC2L/NDUFS8/COX6A1/PNKD/PDK2/RMND5B/COX14/NDUFAF5/NDUFAF2/PDK1/MT-ND3/SDHAF2/IDH3B/COX6C/UQCRH/TMEM177/SMIM20/COX8A/GOT1/COX20/UQCRC2/COX7A2/MAEA/ISCU/ATP5MC3/NDUFC2/SLC25A4/UBB/NDUFB7/SLC25A14/TRAP1/ATP5F1C/NDUFA2/HAGH/COX4I1/SDHAF3/SUCLG2/MDH1/COX6B1/NDUFB9/COX19/ME2/UBA52/NDUFA8/SDHB/NDUFV3/SLC25A11/NDUFB2/LYRM4/SCO1/SUCLG1/UQCC6/NDUFS5/TIMMDC1/FAHD1/PDK3/ATP5F1A/NDUFA10/TIMM21/LDHB/ECSIT","REACTOME"
"REACTOME_TRAF6_MEDIATED_IRF7_ACTIVATION","REACTOME_TRAF6_MEDIATED_IRF7_ACTIVATION",16,0.757743914315123,1.90286997825221,0.000513815363266274,0.0149473560222916,0.0128494814928472,1424,"tags=50%, list=10%, signal=45%","CREBBP/IFIH1/TRAF6/EP300/TRIM25/TRIM4/IRF7/TBK1","REACTOME"
"REACTOME_PLATELET_HOMEOSTASIS","REACTOME_PLATELET_HOMEOSTASIS",52,0.552913006290416,1.76071033529088,0.000593906728271011,0.0167691311511815,0.014415568884349,2925,"tags=37%, list=22%, signal=29%","ATP2B4/ITPR3/ATP2A2/KCNMB3/PPP2R1B/GNB4/PPP2R5A/ATP2A3/LRP8/PDE5A/P2RX7/ITPR1/NOS3/KCNMB4/PPP2R5E/GNAS/ATP2B1/STIM1/PPP2CB","REACTOME"
"REACTOME_DISEASES_OF_SIGNAL_TRANSDUCTION_BY_GROWTH_FACTOR_RECEPTORS_AND_SECOND_MESSENGERS","REACTOME_DISEASES_OF_SIGNAL_TRANSDUCTION_BY_GROWTH_FACTOR_RECEPTORS_AND_SECOND_MESSENGERS",365,0.35495745064672,1.45439692100244,0.000776325743375594,0.0212935061040163,0.0183049438438035,3553,"tags=33%, list=26%, signal=25%","SYVN1/ETV6/CREBBP/VCL/STAT5A/LMNA/AXIN1/MAMLD1/PRR5/PSMB5/EML4/MECP2/BIRC6/AKT1/GSK3A/RNF213/AGO4/CBL/PSEN1/PRF1/POLR2A/RANBP2/TPM4/NCOR1/AGO2/CHUK/EP300/JUN/TLN1/PSMC6/GZMB/NCSTN/PPP2R1B/AKT3/ADRM1/ACTB/CEP43/TGFB1/HDAC7/ARAF/TCF7L2/PSMB2/DUSP10/PDPK1/QKI/STAT1/RAC1/PIK3R3/SEC31A/HRAS/HDAC5/TNKS2/MAP2K2/MAPK1/CLCN6/PPP2R5A/FBXW7/RAC2/MARK3/AP3B1/PIK3CG/IQGAP1/APBB1IP/NOTCH1/RB1/CDKN1A/MAML1/HIP1/KIF5B/PAPSS1/HDAC11/MDM2/FRS2/MYH9/PSMA5/BAG4/FOXO1/TNRC6C/ICOS/RICTOR/HDAC6/CSK/PSMA6/PPP2R5E/HDAC8/AREG/RRBP1/ERLEC1/DNMT1/JAK2/FOXO3/PSENEN/ESR2/CASP9/STAT3/PPP2CB/CCNB1/PPP1CB/SEL1L/PSEN2/GSK3B/PIK3CA/MYO18A/PSMD12/NR4A1/TENT4A/PSMD1/ZFYVE9/TP53/NRAS/ADAM17/PIK3CB/POLR2B/AGTRAP/RHOG/PSMD3/ZAP70/DUSP7/DUSP8/PTPN11/MPRIP","REACTOME"
"REACTOME_REGULATION_OF_ENDOGENOUS_RETROELEMENTS_BY_THE_HUMAN_SILENCING_HUB_HUSH_COMPLEX","REACTOME_REGULATION_OF_ENDOGENOUS_RETROELEMENTS_BY_THE_HUMAN_SILENCING_HUB_HUSH_COMPLEX",48,-0.521787269494319,-1.82543706716966,0.000852215266492718,0.0227257404398058,0.019536162834219,2282,"tags=31%, list=17%, signal=26%","H2AC20/H2AC4/H3-3A/PPHLN1/H4C2/H3C1/SETDB1/H2BC4/H4C5/H2BC8/H2AC6/H3C10/H2BC21/H2BC5/H2AC8","REACTOME"
"REACTOME_SIRT1_NEGATIVELY_REGULATES_RRNA_EXPRESSION","REACTOME_SIRT1_NEGATIVELY_REGULATES_RRNA_EXPRESSION",45,-0.529079081981987,-1.81697971049847,0.00111516905462055,0.0274503151906598,0.0235976393744268,2417,"tags=36%, list=18%, signal=29%","H4C12/TAF1D/H2AC20/H2AC4/H3-3A/TBP/H4C2/H3C1/H2BC4/H4C5/H2BC8/H2AC6/H3C10/H2BC21/H2BC5/H2AC8","REACTOME"
"REACTOME_REGULATION_OF_ENDOGENOUS_RETROELEMENTS_BY_KRAB_ZFP_PROTEINS","REACTOME_REGULATION_OF_ENDOGENOUS_RETROELEMENTS_BY_KRAB_ZFP_PROTEINS",83,-0.432048665135837,-1.65915382915294,0.00108853819188728,0.0274503151906598,0.0235976393744268,2652,"tags=34%, list=20%, signal=27%","ZNF680/H4C12/ZNF30/ZNF418/H2AC20/H2AC4/H3-3A/ZNF816/ZNF765/H4C2/SUMO2/H3C1/CBX5/ZNF136/ZNF93/SETDB1/H2BC4/HDAC1/H4C5/ZNF708/H2BC8/H2AC6/H3C10/ZNF425/H2BC21/ZNF141/H2BC5/H2AC8","REACTOME"
"REACTOME_RESPIRATORY_ELECTRON_TRANSPORT","REACTOME_RESPIRATORY_ELECTRON_TRANSPORT",149,-0.36289060990664,-1.52888015036387,0.00110779574182544,0.0274503151906598,0.0235976393744268,2344,"tags=26%, list=17%, signal=22%","NDUFS8/COX6A1/PNKD/COX14/NDUFAF5/NDUFAF2/MT-ND3/COX6C/UQCRH/TMEM177/SMIM20/COX8A/GOT1/COX20/UQCRC2/COX7A2/ISCU/NDUFC2/NDUFB7/TRAP1/NDUFA2/COX4I1/MDH1/COX6B1/NDUFB9/COX19/NDUFA8/SDHB/NDUFV3/SLC25A11/NDUFB2/LYRM4/SCO1/UQCC6/NDUFS5/TIMMDC1/NDUFA10/TIMM21/ECSIT","REACTOME"
"REACTOME_DEPOSITION_OF_NEW_CENPA_CONTAINING_NUCLEOSOMES_AT_THE_CENTROMERE","REACTOME_DEPOSITION_OF_NEW_CENPA_CONTAINING_NUCLEOSOMES_AT_THE_CENTROMERE",58,-0.479989726353976,-1.73395257488964,0.00132930639557232,0.0319033534937358,0.0274256898454922,2998,"tags=40%, list=22%, signal=31%","OIP5/H2BC3/CENPP/H4C12/CENPX/H2AC20/H2AC4/NPM1/H4C2/KNL1/CENPC/RSF1/CENPH/H2BC4/RUVBL1/ITGB3BP/H4C5/H2BC8/H2AC6/CENPO/H2BC21/H2BC5/H2AC8","REACTOME"
"REACTOME_MEIOTIC_RECOMBINATION","REACTOME_MEIOTIC_RECOMBINATION",60,-0.471794073149102,-1.72732605666313,0.00148423173623628,0.0342695599118301,0.0294597971171873,2282,"tags=32%, list=17%, signal=26%","H2AC20/H2AC4/BRCA2/H3-3A/ATM/H4C2/H3C1/CDK4/RAD51C/PSMC3IP/H2BC4/H4C5/H2BC8/H2AC6/FIGNL1/H3C10/H2BC21/H2BC5/H2AC8","REACTOME"
"REACTOME_DNA_REPLICATION_PRE_INITIATION","REACTOME_DNA_REPLICATION_PRE_INITIATION",127,-0.379611753331981,-1.54381251587271,0.00149929324614257,0.0342695599118301,0.0294597971171873,2650,"tags=29%, list=20%, signal=24%","H4C12/GMNN/ORC2/MCM7/PSMD6/RPS27A/PSMA7/H2AC20/PSMB7/H2AC4/H3-3A/PSMD8/H4C2/PSMC3/PSMB3/H3C1/UBB/ANAPC16/POLE4/ANAPC2/ANAPC10/CDC23/PSMA3/H2BC4/FZR1/UBA52/H4C5/POLE3/H2BC8/H2AC6/H3C10/PSMB1/H2BC21/ANAPC11/H2BC5/ANAPC5/H2AC8","REACTOME"
"REACTOME_HEMOSTASIS","REACTOME_HEMOSTASIS",407,0.340351374653758,1.40223179499964,0.0016376857877246,0.0365622873538515,0.0314307382515566,3027,"tags=27%, list=22%, signal=22%","ATP2B4/PTPN1/HBB/VCL/ACTN4/CD84/F2R/KLC4/KIF13B/S100A10/SH2B1/CLU/AKT1/CENPE/ITPR3/PLEK/KIF26A/GATA3/CD2/KIF1B/HSPA5/BRPF3/TNFRSF10B/ITGAL/L1CAM/TUBA1B/GTPBP2/AKAP10/QSOX1/PRKCB/TLN1/ATP2A2/KCNMB3/PPP2R1B/SPN/JAML/FLNA/TUBB2A/ACTB/TGFB1/GNA15/ANGPT2/CD99L2/DOCK8/PDPK1/KIF21B/KIF11/ABCC4/THBS1/LHFPL2/ITPK1/RAC1/PHF21A/PIK3R3/HRAS/GNB4/GNAI3/DOCK2/MAPK1/PPP2R5A/STXBP2/ATP2A3/CD244/ZFPM1/LRP8/RAC2/TMX3/PIK3CG/ATP1B3/LCP2/APBB1IP/PDE5A/P2RX7/DOCK7/KIF21A/STX4/ITPR1/NOS3/RASGRP1/KIF5B/KCNMB4/RAD51B/SLC3A2/CSK/CAPZB/KIFAP3/A1BG/PPP2R5E/CABLES2/NHLRC2/PRKCD/CDK2/JAK2/GNAS/TUBB4B/DGKH/CYRIB/PRCP/PRKAR2B/KIF15/RAB27B/ATP2B1/DGKZ/CD74/STIM1/ABHD6/PPP2CB/PHACTR2/APLP2/PRKAR2A/PRKCH","REACTOME"
"REACTOME_NERVOUS_SYSTEM_DEVELOPMENT","REACTOME_NERVOUS_SYSTEM_DEVELOPMENT",395,-0.286862357425362,-1.35642611019624,0.00175312527847397,0.0382500060757957,0.0328815841704209,2239,"tags=25%, list=16%, signal=22%","CACNA1C/PSMB7/RPL7/RPL34/ARPC3/PLXNA3/RPL35A/CDK5R1/PFN2/ARPC5/TIAM1/RBX1/HMGCR/TYROBP/MYL6/RPL23/RPSA/UPF3A/RPL39/RPL10A/SRGAP2/PSMD8/AP2M1/SH3KBP1/CD72/PSMC3/PSMB3/ITGA5/MAP2K1/UBB/RPS24/RPS3A/ARPC4/ANK3/SEMA6A/RPS12/RPL37A/EPHA1/NELL2/MAPK3/ITGA2B/RPL9/CDK5/RPS16/FAU/RPL36/ARPC2/RPS25/RPL5/GRB10/PSMA3/RPS8/RPL22/RPS20/RPS19/RPL32/RPL11/RPS4X/MYL12B/UBA52/LHX4/RPL27A/RPL12/PRKACA/RPL6/RPS21/RPL35/RPS18/SHTN1/RPS6/RPS5/SPTBN1/ANK1/RPL13/RPS13/RPS3/RPS15/RPL7A/RPS7/RPS11/RPS28/RPL18/RPS14/LIMK2/PSMB1/RPL19/RPL3/RPL15/RPL29/RPLP2/RPL13A/RPL41/RPS9/RPL4/RPLP0/RPLP1/PRNP/RPS2/RPL10","REACTOME"
"REACTOME_SENESCENCE_ASSOCIATED_SECRETORY_PHENOTYPE_SASP","REACTOME_SENESCENCE_ASSOCIATED_SECRETORY_PHENOTYPE_SASP",85,-0.424690364092027,-1.64677924299644,0.00182471249044866,0.0389271997962381,0.0334637331581696,2282,"tags=32%, list=17%, signal=27%","H2AC20/H2AC4/CDKN1B/CDKN2B/H3-3A/H4C2/H3C1/CDK4/UBB/ANAPC16/MAPK3/ANAPC2/ANAPC10/CDC23/H2BC4/CDKN2C/FZR1/UBA52/H4C5/H2BC8/H2AC6/H3C10/H2BC21/ANAPC11/H2BC5/ANAPC5/H2AC8","REACTOME"
"REACTOME_ACTIVATED_PKN1_STIMULATES_TRANSCRIPTION_OF_AR_ANDROGEN_RECEPTOR_REGULATED_GENES_KLK2_AND_KLK3","REACTOME_ACTIVATED_PKN1_STIMULATES_TRANSCRIPTION_OF_AR_ANDROGEN_RECEPTOR_REGULATED_GENES_KLK2_AND_KLK3",41,-0.525254676441027,-1.74764483859834,0.00194281008691602,0.0397727976719429,0.0341906506302667,2282,"tags=32%, list=17%, signal=26%","H2AC20/H2AC4/H3-3A/H4C2/H3C1/H2BC4/H4C5/H2BC8/H2AC6/H3C10/H2BC21/H2BC5/H2AC8","REACTOME"
"REACTOME_SIGNALING_BY_ALK_IN_CANCER","REACTOME_SIGNALING_BY_ALK_IN_CANCER",86,0.468154741862393,1.61857591226812,0.00194720988602221,0.0397727976719429,0.0341906506302667,2312,"tags=30%, list=17%, signal=25%","VCL/STAT5A/EML4/MECP2/BIRC6/RNF213/AGO4/PRF1/RANBP2/TPM4/AGO2/JUN/GZMB/STAT1/SEC31A/MAPK1/NOTCH1/RB1/CDKN1A/HIP1/KIF5B/MDM2/FRS2/MYH9/TNRC6C/ICOS","REACTOME"
"REACTOME_REGULATION_OF_RUNX1_EXPRESSION_AND_ACTIVITY","REACTOME_REGULATION_OF_RUNX1_EXPRESSION_AND_ACTIVITY",17,0.71368301694978,1.8123286679531,0.00217742223654532,0.0419393718242064,0.0360531441997564,707,"tags=35%, list=5%, signal=33%","CCND2/AGO4/CCND1/PML/AGO2/RUNX1","REACTOME"
"REACTOME_ANTIMICROBIAL_MECHANISM_OF_IFN_STIMULATED_GENES","REACTOME_ANTIMICROBIAL_MECHANISM_OF_IFN_STIMULATED_GENES",153,0.408437676847494,1.51206692702265,0.00218434228251075,0.0419393718242064,0.0360531441997564,3158,"tags=35%, list=23%, signal=27%","HSPA2/GBP5/MX1/OAS1/OAS3/OAS2/EIF4G3/FANCA/KPNA2/POM121C/TUBA1B/RANBP2/POM121/CHUK/FANCG/OASL/FURIN/PPP2R1B/IFIT1/FLNA/NUP58/TUBB2A/EIF2AK2/TRIM25/ACTB/EIF2S3/NUP88/STAT1/PGGT1B/HSPA1A/PDE12/NUP214/NDC1/PPP2R5A/NUP160/FANCC/NUP98/EIF4G1/FNTB/FANCF/CDK1/UBE2E1/UBE2N/CASP1/TUBB4B/GBP4/NUP210/ISG15/STAT3/PPP2CB/TUBA4A/GBP1/GBP2/ARIH1","REACTOME"
"REACTOME_DNA_REPLICATION","REACTOME_DNA_REPLICATION",161,-0.340881522242944,-1.43932602146398,0.0021418923802969,0.0419393718242064,0.0360531441997564,2682,"tags=26%, list=20%, signal=21%","PCNA/H4C12/GMNN/ORC2/MCM7/PSMD6/RPS27A/PSMA7/H2AC20/PSMB7/H2AC4/RBX1/H3-3A/POLD2/PSMD8/SKP2/H4C2/PSMC3/PSMB3/H3C1/UBB/ANAPC16/POLE4/ANAPC2/ANAPC10/CDC23/PSMA3/H2BC4/POLD4/FZR1/UBA52/H4C5/POLE3/H2BC8/H2AC6/H3C10/PSMB1/H2BC21/ANAPC11/H2BC5/ANAPC5/H2AC8","REACTOME"
"REACTOME_CHROMOSOME_MAINTENANCE","REACTOME_CHROMOSOME_MAINTENANCE",119,-0.367596119287941,-1.49270059550718,0.00266674692538663,0.0501975891837482,0.0431523135088362,2682,"tags=29%, list=20%, signal=23%","PCNA/H4C12/CHTF18/CENPX/H2AC20/POT1/H2AC4/NPM1/H3-3A/POLD2/NHP2/WRAP53/H4C2/KNL1/GAR1/CENPC/PIF1/RSF1/POLR2J/POLR2C/SHQ1/CENPH/H2BC4/RUVBL1/ITGB3BP/POLD4/H4C5/H2BC8/H2AC6/POLR2G/CENPO/H2BC21/H2BC5/H2AC8","REACTOME"
"REACTOME_NUCLEAR_SIGNALING_BY_ERBB4","REACTOME_NUCLEAR_SIGNALING_BY_ERBB4",19,0.680373090905489,1.76383412064269,0.00276093511130308,0.0509711097471339,0.0438172697826238,1320,"tags=37%, list=10%, signal=33%","STAT5A/S100B/PSEN1/ADAP1/NCOR1/NCSTN/WWOX","REACTOME"
"REACTOME_SIGNALING_BY_INTERLEUKINS","REACTOME_SIGNALING_BY_INTERLEUKINS",355,0.34539637742968,1.40970349375634,0.00293069341421095,0.0530842580687266,0.0456338358836422,2784,"tags=26%, list=20%, signal=22%","RAPGEF1/PTPN18/STAT5A/S100B/TAB1/VIM/UBE2V1/RELA/PTPN7/PSMB5/SMARCA4/AKT1/S1PR1/NOD1/IL17RB/GATA3/CBL/PTK2B/STAT4/TRAF6/PITPNA/NFKBIB/CCND1/USP14/CHUK/IL2RB/JUN/IL32/PSMC6/LRRC14/CCL4/PPP2R1B/CD4/IL18BP/CCR5/ADRM1/FOS/BATF/TGFB1/FBXW11/PSMB2/SOCS5/NLRC5/ARF1/CCL5/STAT1/IL20RB/MAP2K4/TBK1/PIK3R3/RHOU/LCP1/CEBPD/IL12RB1/NFKB1/CRLF2/MTAP/MAPK1/STXBP2/IL18R1/IL23R/DUSP3/BCL6/N4BP1/CDKN1A/PTPN4/STX4/IL1RAP/PSMA5/FOXO1/MAP3K3/LGALS9/IL18RAP/VAMP2/PSME2/PSMA6/LMNB1/FASLG/IL2RG/CCR2/UBE2N/MAPKAPK2/MAP3K8/CASP1/JAK2/FOXO3/RORA/STAT2/IL21R/PTPN23/STX1A/POU2F1/BOLA2/BOLA2B","REACTOME"
"REACTOME_PLATELET_CALCIUM_HOMEOSTASIS","REACTOME_PLATELET_CALCIUM_HOMEOSTASIS",16,0.705285598837267,1.77113503225436,0.0031513190842155,0.0560234503860532,0.0481605099809931,2880,"tags=50%, list=21%, signal=39%","ATP2B4/ITPR3/ATP2A2/ATP2A3/P2RX7/ITPR1/ATP2B1/STIM1","REACTOME"
"REACTOME_ASSEMBLY_OF_THE_ORC_COMPLEX_AT_THE_ORIGIN_OF_REPLICATION","REACTOME_ASSEMBLY_OF_THE_ORC_COMPLEX_AT_THE_ORIGIN_OF_REPLICATION",46,-0.512109319502995,-1.77549870305056,0.00338398123312325,0.0590658542508786,0.0507759097946149,2650,"tags=33%, list=20%, signal=26%","H4C12/ORC2/H2AC20/H2AC4/H3-3A/H4C2/H3C1/H2BC4/H4C5/H2BC8/H2AC6/H3C10/H2BC21/H2BC5/H2AC8","REACTOME"
"REACTOME_TRANSCRIPTIONAL_REGULATION_BY_SMALL_RNAS","REACTOME_TRANSCRIPTIONAL_REGULATION_BY_SMALL_RNAS",53,-0.484439377069709,-1.7063448925215,0.00365862318827529,0.0627192546561477,0.0539165522482674,2650,"tags=36%, list=20%, signal=29%","H4C12/RAN/H2AC20/H2AC4/IPO8/H3-3A/H4C2/H3C1/POLR2J/POLR2C/H2BC4/H4C5/H2BC8/H2AC6/POLR2G/H3C10/H2BC21/H2BC5/H2AC8","REACTOME"
"REACTOME_GENE_SILENCING_BY_RNA","REACTOME_GENE_SILENCING_BY_RNA",75,-0.415125861793239,-1.56316840355094,0.00394856726118155,0.0665021854514787,0.0571685453881132,2390,"tags=35%, list=18%, signal=29%","H4C12/RAN/PIWIL4/H2AC20/DICER1/H2AC4/PRKRA/IPO8/H3-3A/H4C2/H3C1/POLR2J/POLR2C/BCDIN3D/DGCR8/H2BC4/TARBP2/H4C5/H2BC8/H2AC6/POLR2G/H3C10/H2BC21/H2BC5/ELAC2/H2AC8","REACTOME"
"REACTOME_METALLOPROTEASE_DUBS","REACTOME_METALLOPROTEASE_DUBS",31,-0.556940551335281,-1.74969064660881,0.00404789066192482,0.0669995695766867,0.0575961212150465,2422,"tags=52%, list=18%, signal=43%","RPS27A/H2AC20/H2AC11/H2AC4/ABRAXAS2/ABRAXAS1/H2AC16/UBB/STAM/UIMC1/BABAM1/UBA52/H2AC13/H2AC6/H2AC21/H2AC8","REACTOME"
"REACTOME_FORMATION_OF_THE_EMBRYONIC_STEM_CELL_BAF_ESBAF_COMPLEX","REACTOME_FORMATION_OF_THE_EMBRYONIC_STEM_CELL_BAF_ESBAF_COMPLEX",18,0.674575608558672,1.73387415737477,0.00478747535361763,0.076599605657882,0.0658487838111618,1669,"tags=33%, list=12%, signal=29%","ARID1A/SMARCA4/ACTL6A/PHF10/ACTB/SS18","REACTOME"
"REACTOME_G_ALPHA_I_SIGNALLING_EVENTS","REACTOME_G_ALPHA_I_SIGNALLING_EVENTS",136,0.405882360299071,1.49365993722441,0.00475747394613283,0.076599605657882,0.0658487838111618,3002,"tags=36%, list=22%, signal=28%","CX3CR1/S1PR2/ITPR3/GRK2/NMU/ADCY7/KPNA2/ADCY9/LPAR3/CCR6/RGS9/PLCB2/CCL4/PPP2R1B/PDE4D/CXCR6/CCR5/GNA15/CCL5/S1PR5/RGS1/CCR10/GNB4/GNAI3/PDE4A/PTGDR2/MAPK1/LPAR2/RGS3/GABBR1/PPP3CA/PLCB1/RGS19/PDE4B/OPN3/ITPR1/NMUR1/CCR4/GPR18/CCR2/PPP3R1/PRKCD/GNAS/PRKAR2B/CCL28/CCL4L2/PPP2CB/RGS16/PRKAR2A","REACTOME"
"REACTOME_FORMATION_OF_NEURONAL_PROGENITOR_AND_NEURONAL_BAF_NPBAF_AND_NBAF","REACTOME_FORMATION_OF_NEURONAL_PROGENITOR_AND_NEURONAL_BAF_NPBAF_AND_NBAF",21,0.653846071931567,1.74960524786178,0.00518372228097129,0.081579891634958,0.0701300822826832,1669,"tags=33%, list=12%, signal=29%","ARID1A/SMARCA4/ACTL6A/PHF10/SMARCA2/ACTB/SS18","REACTOME"
"REACTOME_MTORC1_MEDIATED_SIGNALLING","REACTOME_MTORC1_MEDIATED_SIGNALLING",24,-0.594708000877297,-1.74262180967654,0.00561882858100014,0.0854719187198136,0.0734758599521205,1549,"tags=33%, list=11%, signal=30%","EIF4EBP1/EIF4B/YWHAB/RPS6/LAMTOR4/FKBP1A/RRAGB/SLC38A9","REACTOME"
"REACTOME_FORMATION_OF_THE_CANONICAL_BAF_CBAF_COMPLEX","REACTOME_FORMATION_OF_THE_CANONICAL_BAF_CBAF_COMPLEX",16,0.684073657046247,1.71786694728261,0.00573233901370315,0.0854719187198136,0.0734758599521205,1669,"tags=38%, list=12%, signal=33%","ARID1A/SMARCA4/ACTL6A/SMARCA2/ACTB/SS18","REACTOME"
"REACTOME_CYTOSOLIC_SENSORS_OF_PATHOGEN_ASSOCIATED_DNA","REACTOME_CYTOSOLIC_SENSORS_OF_PATHOGEN_ASSOCIATED_DNA",61,0.495079959056879,1.62228559150839,0.00572155536014855,0.0854719187198136,0.0734758599521205,1923,"tags=28%, list=14%, signal=24%","CREBBP/RELA/TICAM1/NFKBIB/POLR3A/CHUK/EP300/POLR3D/NLRC3/IFI16/PRKDC/IRF7/TBK1/RIPK1/NFKB1/TRIM21/ZBP1","REACTOME"
"REACTOME_ADIPOGENESIS","REACTOME_ADIPOGENESIS",87,0.441195201060477,1.52240441595648,0.00578716116332071,0.0854719187198136,0.0734758599521205,2104,"tags=24%, list=15%, signal=21%","HELZ2/CREBBP/RELA/MED20/MED25/GATAD2B/NCOR1/EP300/MED21/KLF5/TGFB1/PPARGC1B/MED6/GATAD2A/CEBPD/NFKB1/MTA3/MED24/CHD4/MED26/RXRA","REACTOME"
"REACTOME_DNA_METHYLATION","REACTOME_DNA_METHYLATION",40,-0.491932271600297,-1.62019755646643,0.0059318552428943,0.0862815308057353,0.074171842271597,2282,"tags=32%, list=17%, signal=27%","H2AC20/H2AC4/H3-3A/H4C2/H3C1/H2BC4/H4C5/H2BC8/H2AC6/H3C10/H2BC21/H2BC5/H2AC8","REACTOME"
"REACTOME_DNA_DAMAGE_TELOMERE_STRESS_INDUCED_SENESCENCE","REACTOME_DNA_DAMAGE_TELOMERE_STRESS_INDUCED_SENESCENCE",62,-0.422740118909273,-1.55598560165311,0.00619020147445679,0.088486072061419,0.0760669742282373,958,"tags=29%, list=7%, signal=27%","H2AC20/POT1/H2AC4/CDKN1B/H1-5/ATM/H4C2/H2BC4/H4C5/H2BC8/H2AC6/H1-0/H2BC21/H2BC5/H1-3/H1-4/H1-2/H2AC8","REACTOME"
"REACTOME_INTEGRATION_OF_ENERGY_METABOLISM","REACTOME_INTEGRATION_OF_ENERGY_METABOLISM",68,0.464965621986142,1.55171976685761,0.00626776343768384,0.088486072061419,0.0760669742282373,3261,"tags=40%, list=24%, signal=30%","ACSL4/FASN/ITPR3/ADIPOR1/ADCY7/AGPAT1/ADCY9/CACNA2D2/SLC2A1/PLCB2/PPP2R1B/GNA15/MLX/GNB4/IQGAP1/PLCB1/ITPR1/ACACA/VAMP2/GNAS/PRKAR2B/STX1A/PPP2CB/CACNB3/PRKAR2A/STK11/GNB2","REACTOME"
"REACTOME_GLYCOSAMINOGLYCAN_METABOLISM","REACTOME_GLYCOSAMINOGLYCAN_METABOLISM",87,0.438987112008492,1.51478510251996,0.0064242628367007,0.0887993008512281,0.0763362410826347,2207,"tags=25%, list=16%, signal=21%","CHST12/ST3GAL3/CHPF/SLC9A1/B3GNT2/CHST7/SLC17A5/XYLT1/XYLT2/IDS/B4GALT2/ST3GAL4/HGSNAT/CHP1/CHST11/CHSY1/B3GAT3/SGSH/FAM20B/CHST14/PAPSS1/CEMIP","REACTOME"
"REACTOME_MHC_CLASS_II_ANTIGEN_PRESENTATION","REACTOME_MHC_CLASS_II_ANTIGEN_PRESENTATION",103,0.416154756267204,1.48045603434433,0.00647494902040205,0.0887993008512281,0.0763362410826347,3514,"tags=38%, list=26%, signal=28%","HLA-DPB1/KLC4/CENPE/AP2B1/KIF26A/CTSC/LAG3/HLA-DQB1/ACTR1A/SEC24C/AP1G1/SEC24A/TUBA1B/HLA-DQA1/TUBB2A/CTSB/ARF1/HLA-DPA1/KIF11/SEC31A/CTSH/HLA-DRB1/KIF5B/CAPZB/KIFAP3/DNM2/SEC24D/TUBB4B/KIF15/CLTA/CD74/ACTR10/TUBA4A/CTSK/CTSD/HLA-DQA2/DNM1/DCTN4/TUBA3D","REACTOME"
"REACTOME_SIGNALING_BY_TGFB_FAMILY_MEMBERS","REACTOME_SIGNALING_BY_TGFB_FAMILY_MEMBERS",119,0.402335793157538,1.45447436761862,0.0065975407294036,0.0892061845102459,0.0766860182631938,3315,"tags=38%, list=24%, signal=29%","TGFBR3/RNF111/PPP1R15A/SMAD5/AGO4/CBL/PSEN1/TGIF2/E2F4/ACVR2B/NCOR1/AGO2/EP300/USP9X/NCSTN/CCNK/FURIN/PARP1/TCF12/RARA/E2F5/TGFB1/LTBP3/STAT1/HELLS/SP1/CCNT2/MAPK1/KLF16/SKIL/RXRA/TNRC6C/TRIM33/CCNT1/PPM1A/NEDD8/PSENEN/SKI/ACVR2A/LTBP2/PPP1CB/PSEN2/ZFYVE9/TCF3/NEDD4L","REACTOME"
"REACTOME_SIGNALING_BY_TGFBR3","REACTOME_SIGNALING_BY_TGFBR3",33,0.566047519586929,1.67012214188554,0.00683601051112019,0.0911468068149359,0.0783542725251203,3313,"tags=55%, list=24%, signal=41%","TGFBR3/AGO4/PSEN1/AGO2/EP300/NCSTN/TCF12/RARA/TGFB1/HELLS/SP1/KLF16/RXRA/TNRC6C/PSENEN/ACVR2A/PSEN2/TCF3","REACTOME"
"REACTOME_BBSOME_MEDIATED_CARGO_TARGETING_TO_CILIUM","REACTOME_BBSOME_MEDIATED_CARGO_TARGETING_TO_CILIUM",20,-0.607743701452257,-1.72720012096056,0.00699765879582696,0.0920240060821079,0.0791083561056717,1052,"tags=20%, list=8%, signal=18%","CCT3/BBS9/CCT2/BBS2","REACTOME"
"REACTOME_TRAF6_MEDIATED_NF_KB_ACTIVATION","REACTOME_TRAF6_MEDIATED_NF_KB_ACTIVATION",24,0.619386885546422,1.72010652620204,0.00770649707929849,0.097345226264823,0.0836827383680058,1659,"tags=38%, list=12%, signal=33%","S100B/RELA/IFIH1/TRAF6/NFKBIB/CHUK/TRIM25/TRIM4/NFKB1","REACTOME"
"REACTOME_INHIBITION_OF_THE_PROTEOLYTIC_ACTIVITY_OF_APC_C_REQUIRED_FOR_THE_ONSET_OF_ANAPHASE_BY_MITOTIC_SPINDLE_CHECKPOINT_COMPONENTS","REACTOME_INHIBITION_OF_THE_PROTEOLYTIC_ACTIVITY_OF_APC_C_REQUIRED_FOR_THE_ONSET_OF_ANAPHASE_BY_MITOTIC_SPINDLE_CHECKPOINT_COMPONENTS",21,-0.59116080536593,-1.67870733561618,0.00766744099602823,0.097345226264823,0.0836827383680058,1437,"tags=33%, list=11%, signal=30%","ANAPC16/ANAPC2/ANAPC10/CDC23/MAD2L1/ANAPC11/ANAPC5","REACTOME"
"REACTOME_CHROMATIN_MODIFICATIONS_DURING_THE_MATERNAL_TO_ZYGOTIC_TRANSITION_MZT","REACTOME_CHROMATIN_MODIFICATIONS_DURING_THE_MATERNAL_TO_ZYGOTIC_TRANSITION_MZT",45,-0.474372333913991,-1.62910410805633,0.00751958362314001,0.097345226264823,0.0836827383680058,958,"tags=31%, list=7%, signal=29%","H2AC20/H2AC4/H3-3A/H4C2/H3C1/H2BC4/H4C5/H2BC8/H2AC6/H3C10/H2BC21/H2BC5/METTL23/H2AC8","REACTOME"
"REACTOME_PRE_NOTCH_PROCESSING_IN_GOLGI","REACTOME_PRE_NOTCH_PROCESSING_IN_GOLGI",15,0.679267179519725,1.67455204675092,0.00818184717310693,0.100867449154143,0.0867106141851404,3088,"tags=67%, list=23%, signal=52%","ST3GAL3/ST3GAL4/FURIN/ATP2A2/NOTCH2/ATP2A3/NOTCH1/NOTCH4/B4GALT1/SEL1L","REACTOME"
"REACTOME_MITOCHONDRIAL_PROTEIN_IMPORT","REACTOME_MITOCHONDRIAL_PROTEIN_IMPORT",61,-0.432586256221193,-1.58439591964473,0.00831950132826824,0.100867449154143,0.0867106141851404,1722,"tags=26%, list=13%, signal=23%","SAMM50/TIMM44/COA4/SLC25A4/COA6/CHCHD3/COX19/TAFAZZIN/TOMM22/PITRM1/TOMM7/TOMM5/PMPCB/ATP5F1A/SLC25A6/TIMM21","REACTOME"
"REACTOME_HDACS_DEACETYLATE_HISTONES","REACTOME_HDACS_DEACETYLATE_HISTONES",70,-0.400340779333473,-1.50183370389526,0.0083106142540321,0.100867449154143,0.0867106141851404,958,"tags=21%, list=7%, signal=20%","H4C2/H3C1/H2AC16/H2BC4/H2BC18/HDAC1/H2AC13/H4C5/H2BC8/H2AC6/H2AC21/H3C10/H2BC21/H2BC5/H2AC8","REACTOME"
"REACTOME_TELOMERE_MAINTENANCE","REACTOME_TELOMERE_MAINTENANCE",92,-0.381749134124242,-1.48834022346234,0.00840562076284524,0.100867449154143,0.0867106141851404,2282,"tags=28%, list=17%, signal=24%","PCNA/H4C12/CHTF18/H2AC20/POT1/H2AC4/H3-3A/POLD2/NHP2/WRAP53/H4C2/GAR1/PIF1/POLR2J/POLR2C/SHQ1/H2BC4/RUVBL1/POLD4/H4C5/H2BC8/H2AC6/POLR2G/H2BC21/H2BC5/H2AC8","REACTOME"
"REACTOME_ION_TRANSPORT_BY_P_TYPE_ATPASES","REACTOME_ION_TRANSPORT_BY_P_TYPE_ATPASES",33,0.557821497102307,1.64585127801665,0.00893935317172662,0.105947889442686,0.0910780102226598,1893,"tags=30%, list=14%, signal=26%","ATP2B4/ATP2A2/ATP7B/PLN/ATP10D/PDZD11/ATP7A/ATP2A3/ATP1A3/ATP1B3","REACTOME"
"REACTOME_CONVERSION_FROM_APC_C_CDC20_TO_APC_C_CDH1_IN_LATE_ANAPHASE","REACTOME_CONVERSION_FROM_APC_C_CDC20_TO_APC_C_CDH1_IN_LATE_ANAPHASE",20,-0.596343075866688,-1.69479968333633,0.00966339812755167,0.111769424125899,0.0960824874064744,1437,"tags=35%, list=11%, signal=31%","ANAPC16/ANAPC2/ANAPC10/CDC23/FZR1/ANAPC11/ANAPC5","REACTOME"
"REACTOME_TAK1_DEPENDENT_IKK_AND_NF_KAPPA_B_ACTIVATION","REACTOME_TAK1_DEPENDENT_IKK_AND_NF_KAPPA_B_ACTIVATION",43,0.511581824156672,1.58134429626883,0.0095653877540321,0.111769424125899,0.0960824874064744,804,"tags=23%, list=6%, signal=22%","S100B/TAB1/UBE2V1/RELA/NOD1/TRAF6/NFKBIB/USP14/CHUK/LRRC14","REACTOME"
"REACTOME_CLASS_A_1_RHODOPSIN_LIKE_RECEPTORS","REACTOME_CLASS_A_1_RHODOPSIN_LIKE_RECEPTORS",108,0.416470077157748,1.48879973023797,0.00985332321228211,0.112064731631668,0.0963363482447676,2445,"tags=26%, list=18%, signal=21%","PROK2/F2R/CX3CR1/S1PR2/S1PR1/NMU/ADRB2/LPAR3/CCR6/CCL4/CXCR6/CCR5/XCL1/CCL5/S1PR5/CCR10/PTGDR/PTGDR2/LPAR2/HTR2B/MC1R/OPN3/NMUR1/CCR4/GPR65/UTS2/GPR18/CCR2","REACTOME"
"REACTOME_HCMV_LATE_EVENTS","REACTOME_HCMV_LATE_EVENTS",91,-0.369861293469769,-1.44002203560165,0.00992239811322064,0.112064731631668,0.0963363482447676,2282,"tags=27%, list=17%, signal=23%","H2AC20/H2AC11/H2AC4/NUP85/CHMP7/H4C2/NUP50/H3C1/H2AC16/NUP107/H2BC4/H2BC18/H2AC13/H4C5/SEH1L/H2BC8/H2AC6/H2AC21/H3C10/H2BC21/H2BC5/NUP205/CHMP4B/CHMP6/H2AC8","REACTOME"
"REACTOME_CARDIAC_CONDUCTION","REACTOME_CARDIAC_CONDUCTION",47,0.51159893018773,1.60027445171511,0.0100920373204335,0.112655300321118,0.0968440301006106,2880,"tags=34%, list=21%, signal=27%","ATP2B4/HIPK1/ITPR3/SCN1B/CACNA2D2/ATP2A2/HIPK2/PLN/ATP2A3/ATP1A3/ATP1B3/ITPR1/FXYD7/CACNB1/ATP2B1/STIM1","REACTOME"
"REACTOME_APC_CDC20_MEDIATED_DEGRADATION_OF_NEK2A","REACTOME_APC_CDC20_MEDIATED_DEGRADATION_OF_NEK2A",26,-0.57870079069573,-1.72673193303277,0.0108470587579888,0.119691682846773,0.102892850166524,1461,"tags=35%, list=11%, signal=31%","UBB/ANAPC16/ANAPC2/ANAPC10/CDC23/UBA52/MAD2L1/ANAPC11/ANAPC5","REACTOME"
"REACTOME_COPI_DEPENDENT_GOLGI_TO_ER_RETROGRADE_TRAFFIC","REACTOME_COPI_DEPENDENT_GOLGI_TO_ER_RETROGRADE_TRAFFIC",80,0.426463165752889,1.45556817373225,0.0113832717480838,0.124181146342732,0.1067522135227,1329,"tags=20%, list=10%, signal=18%","KLC4/KIF13B/CENPE/KIF26A/KIF1B/COPG1/RAB1B/TUBA1B/RAB1A/ARCN1/TUBB2A/TMED10/KDELR1/ARF1/KIF21B/KIF11","REACTOME"
"REACTOME_INHIBITION_OF_DNA_RECOMBINATION_AT_TELOMERE","REACTOME_INHIBITION_OF_DNA_RECOMBINATION_AT_TELOMERE",51,-0.443955768489049,-1.55927209982466,0.011670154245605,0.125880315458211,0.108212902762322,2282,"tags=29%, list=17%, signal=25%","H2AC20/POT1/H2AC4/H3-3A/H4C2/POLR2J/POLR2C/H2BC4/H4C5/H2BC8/H2AC6/POLR2G/H2BC21/H2BC5/H2AC8","REACTOME"
"REACTOME_BASE_EXCISION_REPAIR_AP_SITE_FORMATION","REACTOME_BASE_EXCISION_REPAIR_AP_SITE_FORMATION",47,-0.460482417491613,-1.59802151988303,0.0125764919443269,0.128703992456473,0.110640274216968,958,"tags=21%, list=7%, signal=20%","H2BC4/NEIL1/H4C5/MPG/H2BC8/MBD4/H2AC6/H2BC21/H2BC5/H2AC8","REACTOME"
"REACTOME_CYTOPROTECTION_BY_HMOX1","REACTOME_CYTOPROTECTION_BY_HMOX1",50,0.491849780382114,1.56331350833042,0.0126022659280297,0.128703992456473,0.110640274216968,626,"tags=12%, list=5%, signal=11%","HELZ2/CREBBP/HBB/HBA2/BLVRB/NCOR1","REACTOME"
"REACTOME_PYRUVATE_METABOLISM","REACTOME_PYRUVATE_METABOLISM",40,-0.468287181810606,-1.54232155826232,0.0123369734187501,0.128703992456473,0.110640274216968,2807,"tags=35%, list=21%, signal=28%","PDHX/DLD/RPS27A/PDK2/RMND5B/PDK1/MAEA/UBB/HAGH/ME2/UBA52/FAHD1/PDK3/LDHB","REACTOME"
"REACTOME_SARS_COV_2_ACTIVATES_MODULATES_INNATE_AND_ADAPTIVE_IMMUNE_RESPONSES","REACTOME_SARS_COV_2_ACTIVATES_MODULATES_INNATE_AND_ADAPTIVE_IMMUNE_RESPONSES",104,0.40762931982286,1.45075407402062,0.0124330953725132,0.128703992456473,0.110640274216968,2853,"tags=32%, list=21%, signal=25%","CREBBP/TAB1/UBE2V1/NOD1/KPNA2/POM121C/SEC24C/IFIH1/SEC24A/TRAF6/RANBP2/POM121/CHUK/NUP58/TRIM25/TRIM4/NUP88/IRF7/STAT1/TBK1/LARP1/NUP214/NDC1/NUP160/NUP98/STING1/G3BP2/SEC24D/UBE2N/STAT2/NUP210/ISG15/TAB3","REACTOME"
"REACTOME_TRANSCRIPTIONAL_REGULATION_BY_RUNX1","REACTOME_TRANSCRIPTIONAL_REGULATION_BY_RUNX1",184,0.359048080438875,1.37063987920769,0.0125150930158222,0.128703992456473,0.110640274216968,1166,"tags=16%, list=9%, signal=15%","KMT2A/CREBBP/AUTS2/RUNX2/PHC1/ARID1A/AXIN1/CCND2/PSMB5/SMARCA4/CBX4/GATA3/AGO4/NR4A3/CCND1/ACTL6A/PML/AGO2/SMARCA2/EP300/RUNX1/PRKCB/H2AX/PSMC6/CSNK2A1/TCF12/SETD1A/ADRM1/HIPK2/PSMB2","REACTOME"
"REACTOME_ZBP1_DAI_MEDIATED_INDUCTION_OF_TYPE_I_IFNS","REACTOME_ZBP1_DAI_MEDIATED_INDUCTION_OF_TYPE_I_IFNS",20,0.621122385535245,1.63842856814206,0.0128131443820193,0.129480195860405,0.111307536792278,1923,"tags=40%, list=14%, signal=34%","RELA/TICAM1/NFKBIB/CHUK/TBK1/RIPK1/NFKB1/ZBP1","REACTOME"
"REACTOME_RECOGNITION_AND_ASSOCIATION_OF_DNA_GLYCOSYLASE_WITH_SITE_CONTAINING_AN_AFFECTED_PURINE","REACTOME_RECOGNITION_AND_ASSOCIATION_OF_DNA_GLYCOSYLASE_WITH_SITE_CONTAINING_AN_AFFECTED_PURINE",40,-0.466599225933066,-1.53676221168944,0.0131663308771407,0.131663308771407,0.113184247891209,958,"tags=30%, list=7%, signal=28%","H2AC20/POT1/H2AC4/H4C2/H2BC4/H4C5/MPG/H2BC8/H2AC6/H2BC21/H2BC5/H2AC8","REACTOME"
"REACTOME_KEAP1_NFE2L2_PATHWAY","REACTOME_KEAP1_NFE2L2_PATHWAY",102,0.404305354097447,1.43238252481202,0.013516300457088,0.133769571534067,0.114994894827531,2600,"tags=28%, list=19%, signal=23%","CREBBP/SESN2/RELA/PSMB5/AKT1/GCLC/GCLM/KEAP1/EP300/PSMC6/CHD6/CSNK2A1/AKT3/ADRM1/DPP3/PSMB2/SP1/FBXL17/IDH1/NFKB1/TRIM21/NOTCH1/CDKN1A/PALB2/PSMA5/BRCA1/PSMA6/AREG/PRKCD","REACTOME"
"REACTOME_ATP_DEPENDENT_CHROMATIN_REMODELERS","REACTOME_ATP_DEPENDENT_CHROMATIN_REMODELERS",27,0.584418009550035,1.67865219781473,0.0137611384394241,0.134802988794359,0.115883271068835,1669,"tags=30%, list=12%, signal=26%","ARID1A/SMARCA4/ACTL6A/PHF10/SMARCA2/BICRAL/ACTB/SS18","REACTOME"
"REACTOME_APOPTOTIC_CLEAVAGE_OF_CELLULAR_PROTEINS","REACTOME_APOPTOTIC_CLEAVAGE_OF_CELLULAR_PROTEINS",29,0.57318376717202,1.65606873206714,0.0140626993834725,0.136365569779127,0.117226542441706,1414,"tags=24%, list=10%, signal=22%","LMNA/VIM/PLEC/CLSPN/ACIN1/SPTAN1/STK24","REACTOME"
"REACTOME_RHO_GTPASES_ACTIVATE_PKNS","REACTOME_RHO_GTPASES_ACTIVATE_PKNS",64,-0.410800135455399,-1.5156856325474,0.0142560894708458,0.13685845892012,0.117650254159401,2282,"tags=30%, list=17%, signal=25%","H2AC20/PKN3/H2AC4/H3-3A/MYL6/PKN2/H4C2/H3C1/YWHAB/PPP1R12B/H2BC4/MYL12B/H4C5/H2BC8/H2AC6/H3C10/H2BC21/H2BC5/H2AC8","REACTOME"
"REACTOME_BMAL1_CLOCK_NPAS2_ACTIVATES_CIRCADIAN_EXPRESSION","REACTOME_BMAL1_CLOCK_NPAS2_ACTIVATES_CIRCADIAN_EXPRESSION",21,0.624138792420082,1.67011251346415,0.0146461058757113,0.137011064237496,0.11778144118662,620,"tags=14%, list=5%, signal=14%","HELZ2/CREBBP/BHLHE40","REACTOME"
"REACTOME_ATTENUATION_PHASE","REACTOME_ATTENUATION_PHASE",23,0.592277593637174,1.62163109642753,0.0149123147632764,0.137011064237496,0.11778144118662,737,"tags=17%, list=5%, signal=16%","HSPA2/CREBBP/EP300/HSF1","REACTOME"
"REACTOME_TGFBR3_EXPRESSION","REACTOME_TGFBR3_EXPRESSION",19,0.624172821661757,1.61813765820695,0.0149855851509762,0.137011064237496,0.11778144118662,2311,"tags=58%, list=17%, signal=48%","TGFBR3/AGO4/AGO2/EP300/TCF12/RARA/HELLS/SP1/KLF16/RXRA/TNRC6C","REACTOME"
"REACTOME_KINESINS","REACTOME_KINESINS",42,0.511859113002405,1.58115398334657,0.0149145484603059,0.137011064237496,0.11778144118662,2753,"tags=33%, list=20%, signal=27%","KLC4/KIF13B/CENPE/KIF26A/KIF1B/TUBA1B/TUBB2A/KIF21B/KIF11/KIF21A/KIF5B/KIFAP3/TUBB4B/KIF15","REACTOME"
"REACTOME_SARS_COV_1_INFECTION","REACTOME_SARS_COV_1_INFECTION",133,-0.334237677009187,-1.3736434674384,0.0149169121889587,0.137011064237496,0.11778144118662,1461,"tags=24%, list=11%, signal=22%","UBB/RPS24/RPS3A/HNRNPA1/RPS12/YWHAB/RPS16/FAU/RPS25/RPS8/RPS20/RPS19/RPS4X/UBA52/RPS21/RPS18/RPS6/RPS5/RPS13/RPS3/RPS15/RPS7/RPS11/RPS28/RPS14/SMAD3/RPS9/CHMP4B/FKBP1A/EEF1A1/RPS2/CHMP6","REACTOME"
"REACTOME_SIGNALING_BY_PDGF","REACTOME_SIGNALING_BY_PDGF",37,0.519173740596396,1.57091477324952,0.0160458922317693,0.145138335944494,0.124768043180355,3731,"tags=43%, list=27%, signal=31%","RAPGEF1/STAT5A/FURIN/NCK2/COL6A1/THBS1/STAT1/HRAS/COL9A2/PDGFD/STAT3/PIK3CA/NRAS/PIK3CB/PTPN11/SOS1","REACTOME"
"REACTOME_AMYLOID_FIBER_FORMATION","REACTOME_AMYLOID_FIBER_FORMATION",71,-0.397756057687771,-1.487072745296,0.0161768770271468,0.145138335944494,0.124768043180355,2422,"tags=30%, list=18%, signal=24%","RPS27A/H2AC20/H2AC4/CST3/H3-3A/H4C2/BACE1/H3C1/UBB/MFGE8/H2BC4/UBA52/H4C5/H2BC8/H2AC6/ITM2B/H3C10/H2BC21/H2BC5/LYZ/H2AC8","REACTOME"
"REACTOME_SIGNALING_BY_RECEPTOR_TYROSINE_KINASES","REACTOME_SIGNALING_BY_RECEPTOR_TYROSINE_KINASES",371,0.316167076678383,1.29632778052847,0.0166902743366745,0.148357994103773,0.127535819492717,2925,"tags=25%, list=22%, signal=20%","PTPN1/SH2D2A/RAPGEF1/TGFBR3/PTPN18/STAT5A/S100B/RIT1/PRR5/AKT1/EPN1/ITPR3/AP2B1/PXN/CBL/CTNNA1/PTK2B/PSEN1/HGS/PRDM1/ADAP1/POLR2A/NCOR1/ARF6/NAB1/MEF2D/MEMO1/EP300/PRKCB/MKNK1/NCSTN/FURIN/PPP2R1B/TCF12/AKT3/RANBP10/LTK/GALNT3/ACTB/FOS/TNK2/NCK2/PDPK1/COL6A1/BAX/WWOX/THBS1/STAT1/RAC1/MATK/ATP6V1C1/PIK3R3/ELMO2/HRAS/MAP2K2/FOSB/RAB4B/MAPK1/TCIRG1/DUSP3/CTNND1/CHD4/DOCK7/PAG1/ITPR1/NOS3/DLG4/ITCH/FRS2/MUC20/COL9A2/RICTOR/CYBA/CSK/JUND/IL2RG/DNM2/MAPKAPK2/CYFIP1/AREG/RALGDS/PRKCD/DNMT1/JAK2/GGA3/PSENEN/PDGFD/SOCS6/CLTA/STAT3/IGF1R/PPP2CB","REACTOME"
"REACTOME_CONDENSATION_OF_PROPHASE_CHROMOSOMES","REACTOME_CONDENSATION_OF_PROPHASE_CHROMOSOMES",50,-0.432389309517509,-1.51527948613199,0.0168791790611057,0.148660659620747,0.127796005638888,2282,"tags=26%, list=17%, signal=22%","H2AC20/H2AC4/H3-3A/H4C2/H3C1/H2BC4/H4C5/H2BC8/H2AC6/H3C10/H2BC21/H2BC5/H2AC8","REACTOME"
"REACTOME_REGULATION_OF_CHOLESTEROL_BIOSYNTHESIS_BY_SREBP_SREBF","REACTOME_REGULATION_OF_CHOLESTEROL_BIOSYNTHESIS_BY_SREBP_SREBF",55,0.463918927166008,1.5013911356087,0.0170883052290447,0.149134300180753,0.128203170330823,4167,"tags=45%, list=31%, signal=32%","HELZ2/CREBBP/FASN/SEC24C/SEC24A/MTF1/SP1/FDFT1/RXRA/ACACA/SEC24D/SCAP/INSIG2/IDI1/SQLE/PMVK/TGS1/MBTPS2/SCD/ELOVL6/NFYB/NCOA6/NCOA2/LSS/SEC24B","REACTOME"
"REACTOME_ION_CHANNEL_TRANSPORT","REACTOME_ION_CHANNEL_TRANSPORT",102,0.399158325763864,1.41414751168389,0.0182624020923196,0.157945099176818,0.135777365959019,2206,"tags=24%, list=16%, signal=20%","ATP2B4/WNK1/CLCN3/SLC17A3/ATP2A2/ATP7B/MCOLN2/PLN/ATP10D/ANO6/PDZD11/ATP6V1C1/STOM/RIPK1/ANO10/ATP7A/CLCN6/ATP2A3/ATP1A3/TCIRG1/ATP1B3/TRPM7/ANO8/TRPA1","REACTOME"
"REACTOME_MTOR_SIGNALLING","REACTOME_MTOR_SIGNALLING",39,-0.460940971756387,-1.51026901879334,0.018452633909057,0.158165433506203,0.135966776171999,1549,"tags=28%, list=11%, signal=25%","EIF4EBP1/EIF4B/YWHAB/AKT2/PRKAG1/RPS6/STRADB/LAMTOR4/FKBP1A/RRAGB/SLC38A9","REACTOME"
"REACTOME_MODULATION_OF_HOST_RESPONSES_BY_IFN_STIMULATED_GENES","REACTOME_MODULATION_OF_HOST_RESPONSES_BY_IFN_STIMULATED_GENES",19,0.610675982075227,1.58314775854487,0.019196325383588,0.160247585810821,0.137756696574215,1030,"tags=42%, list=8%, signal=39%","IFI6/IFI27/HSPA5/IFIH1/CHUK/IFI44/IFI44L/TRIM25","REACTOME"
"REACTOME_EXPRESSION_OF_BMAL_ARNTL_CLOCK_AND_NPAS2","REACTOME_EXPRESSION_OF_BMAL_ARNTL_CLOCK_AND_NPAS2",33,0.527455773692946,1.55625726821098,0.0191412910454287,0.160247585810821,0.137756696574215,1019,"tags=18%, list=8%, signal=17%","HELZ2/CREBBP/NCOR1/MEF2D/EP300/NR1D1","REACTOME"
"REACTOME_DEFECTIVE_PYROPTOSIS","REACTOME_DEFECTIVE_PYROPTOSIS",49,-0.429873460454841,-1.50275526261181,0.0191729110052788,0.160247585810821,0.137756696574215,2282,"tags=27%, list=17%, signal=22%","H2AC20/H2AC4/H3-3A/H4C2/H3C1/H2BC4/H4C5/H2BC8/H2AC6/H3C10/H2BC21/H2BC5/H2AC8","REACTOME"
"REACTOME_ABERRANT_REGULATION_OF_MITOTIC_EXIT_IN_CANCER_DUE_TO_RB1_DEFECTS","REACTOME_ABERRANT_REGULATION_OF_MITOTIC_EXIT_IN_CANCER_DUE_TO_RB1_DEFECTS",20,-0.571912741802421,-1.62536897455222,0.0194222347093412,0.160735735525583,0.138176334048308,1742,"tags=40%, list=13%, signal=35%","SKP2/ANAPC16/ANAPC2/ANAPC10/CDC23/FZR1/ANAPC11/ANAPC5","REACTOME"
"REACTOME_RHO_GTPASES_ACTIVATE_IQGAPS","REACTOME_RHO_GTPASES_ACTIVATE_IQGAPS",20,0.603662616117765,1.59237229055013,0.0201347600681979,0.16520828773906,0.142021159635332,4300,"tags=60%, list=32%, signal=41%","CTNNA1/TUBA1B/TUBB2A/ACTB/RAC1/IQGAP2/IQGAP1/TUBB4B/TUBA4A/TUBA3D/CTNNB1/CLIP1","REACTOME"
"REACTOME_PHOSPHORYLATION_OF_CD3_AND_TCR_ZETA_CHAINS","REACTOME_PHOSPHORYLATION_OF_CD3_AND_TCR_ZETA_CHAINS",25,0.561044702079352,1.57497358836476,0.020336128186819,0.165446466604629,0.14222590988819,2370,"tags=36%, list=17%, signal=30%","HLA-DPB1/HLA-DQB1/HLA-DQA1/CD4/HLA-DPA1/HLA-DRB1/CD3G/PAG1/CSK","REACTOME"
"REACTOME_APC_C_CDC20_MEDIATED_DEGRADATION_OF_CYCLIN_B","REACTOME_APC_C_CDC20_MEDIATED_DEGRADATION_OF_CYCLIN_B",24,-0.541091190554805,-1.58551307245519,0.0207241622854296,0.167186519277415,0.143721744641988,1461,"tags=33%, list=11%, signal=30%","UBB/ANAPC16/ANAPC2/ANAPC10/CDC23/UBA52/ANAPC11/ANAPC5","REACTOME"
"REACTOME_NOTCH_HLH_TRANSCRIPTION_PATHWAY","REACTOME_NOTCH_HLH_TRANSCRIPTION_PATHWAY",26,0.573410810398003,1.6257812942866,0.021321412711603,0.16970055686006,0.145882934844613,2484,"tags=46%, list=18%, signal=38%","CREBBP/MAMLD1/NCOR1/HDAC7/NOTCH2/HDAC5/NOTCH1/MAML1/HDAC11/NOTCH4/HDAC6/HDAC8","REACTOME"
"REACTOME_NR1H3_NR1H2_REGULATE_GENE_EXPRESSION_LINKED_TO_CHOLESTEROL_TRANSPORT_AND_EFFLUX","REACTOME_NR1H3_NR1H2_REGULATE_GENE_EXPRESSION_LINKED_TO_CHOLESTEROL_TRANSPORT_AND_EFFLUX",29,0.555803885291848,1.6058539831555,0.0213893410209033,0.16970055686006,0.145882934844613,2371,"tags=31%, list=17%, signal=26%","CETP/AGO4/NCOR1/AGO2/EP300/ARL4C/RXRA/TNRC6C/KDM1B","REACTOME"
"REACTOME_FORMATION_OF_THE_POLYBROMO_BAF_PBAF_COMPLEX","REACTOME_FORMATION_OF_THE_POLYBROMO_BAF_PBAF_COMPLEX",18,0.619582494969667,1.59252434087417,0.0232316772759211,0.179228189606756,0.154073355977737,1034,"tags=28%, list=8%, signal=26%","SMARCA4/ACTL6A/PHF10/SMARCA2/ACTB","REACTOME"
"REACTOME_DOWNSTREAM_SIGNAL_TRANSDUCTION","REACTOME_DOWNSTREAM_SIGNAL_TRANSDUCTION",24,0.57274355469268,1.59057278940918,0.0234136325708331,0.179228189606756,0.154073355977737,3985,"tags=50%, list=29%, signal=35%","RAPGEF1/STAT5A/NCK2/STAT1/HRAS/STAT3/PIK3CA/NRAS/PIK3CB/PTPN11/SOS1/NCK1","REACTOME"
"REACTOME_TRANSCRIPTIONAL_REGULATION_OF_WHITE_ADIPOCYTE_DIFFERENTIATION","REACTOME_TRANSCRIPTIONAL_REGULATION_OF_WHITE_ADIPOCYTE_DIFFERENTIATION",71,0.445215747748181,1.50121921785914,0.0234568913182224,0.179228189606756,0.154073355977737,2104,"tags=23%, list=15%, signal=19%","HELZ2/CREBBP/RELA/MED20/MED25/NCOR1/EP300/MED21/KLF5/TGFB1/MED6/CEBPD/NFKB1/MED24/MED26/RXRA","REACTOME"
"REACTOME_MYD88_INDEPENDENT_TLR4_CASCADE","REACTOME_MYD88_INDEPENDENT_TLR4_CASCADE",107,0.390531757563266,1.3933327223838,0.0229553594827996,0.179228189606756,0.154073355977737,1966,"tags=22%, list=14%, signal=19%","S100B/TAB1/UBE2V1/RELA/TICAM1/NOD1/TRAF6/NFKBIB/USP14/CHUK/JUN/LRRC14/PPP2R1B/FOS/FBXW11/NLRC5/IRF7/MAP2K4/TBK1/RIPK1/NFKB1/MAPK1/DUSP3/N4BP1","REACTOME"
"REACTOME_CLATHRIN_MEDIATED_ENDOCYTOSIS","REACTOME_CLATHRIN_MEDIATED_ENDOCYTOSIS",118,0.385836006407523,1.39165636629286,0.0235236998858867,0.179228189606756,0.154073355977737,2907,"tags=33%, list=21%, signal=26%","AGFG1/PICALM/EPN1/AP2B1/UBQLN2/TRIP10/GRK2/AMPH/CBL/HGS/ADRB2/SYNJ2/SYT11/ARF6/LDLR/REPS1/UBQLN1/SYT2/CD4/ACTB/STON1/HIP1R/COPS7B/SLC2A8/GAPVD1/CD3G/TGOLN2/HIP1/COPS8/VAMP2/DNM2/AREG/SYNJ1/CTTN/NEDD8/CLTA/COPS2/ACTR3/FCHO1","REACTOME"
"REACTOME_DDX58_IFIH1_MEDIATED_INDUCTION_OF_INTERFERON_ALPHA_BETA","REACTOME_DDX58_IFIH1_MEDIATED_INDUCTION_OF_INTERFERON_ALPHA_BETA",67,0.444780695189726,1.47987529135952,0.0239749237835307,0.181227770332201,0.155792293794348,1659,"tags=24%, list=12%, signal=21%","CREBBP/S100B/UBE2K/RELA/IFIH1/TRAF6/NFKBIB/CHUK/EP300/TRIM25/NLRC5/TRIM4/IRF7/TBK1/RIPK1/NFKB1","REACTOME"
"REACTOME_RIP_MEDIATED_NFKB_ACTIVATION_VIA_ZBP1","REACTOME_RIP_MEDIATED_NFKB_ACTIVATION_VIA_ZBP1",17,0.639952084545054,1.62509613006381,0.0244133703919409,0.181680895940025,0.156181822825636,1923,"tags=41%, list=14%, signal=35%","RELA/TICAM1/NFKBIB/CHUK/RIPK1/NFKB1/ZBP1","REACTOME"
"REACTOME_FACTORS_INVOLVED_IN_MEGAKARYOCYTE_DEVELOPMENT_AND_PLATELET_PRODUCTION","REACTOME_FACTORS_INVOLVED_IN_MEGAKARYOCYTE_DEVELOPMENT_AND_PLATELET_PRODUCTION",113,0.383171112857662,1.37571959296381,0.0243750586048671,0.181680895940025,0.156181822825636,2753,"tags=28%, list=20%, signal=23%","HBB/KLC4/KIF13B/SH2B1/CENPE/KIF26A/GATA3/KIF1B/TUBA1B/AKAP10/TUBB2A/ACTB/DOCK8/KIF21B/KIF11/ITPK1/RAC1/PHF21A/DOCK2/ZFPM1/DOCK7/KIF21A/KIF5B/RAD51B/CAPZB/KIFAP3/CABLES2/CDK2/JAK2/TUBB4B/PRKAR2B/KIF15","REACTOME"
"REACTOME_NOTCH3_INTRACELLULAR_DOMAIN_REGULATES_TRANSCRIPTION","REACTOME_NOTCH3_INTRACELLULAR_DOMAIN_REGULATES_TRANSCRIPTION",16,0.619372265322733,1.55538680915694,0.0250985446170957,0.185343098710861,0.159330032225126,2071,"tags=50%, list=15%, signal=42%","CREBBP/MAMLD1/PLXND1/EP300/IKZF1/STAT1/NOTCH1/MAML1","REACTOME"
"REACTOME_TURBULENT_OSCILLATORY_DISTURBED_FLOW_SHEAR_STRESS_ACTIVATES_SIGNALING_BY_PIEZO1_AND_INTEGRINS_IN_ENDOTHELIAL_CELLS","REACTOME_TURBULENT_OSCILLATORY_DISTURBED_FLOW_SHEAR_STRESS_ACTIVATES_SIGNALING_BY_PIEZO1_AND_INTEGRINS_IN_ENDOTHELIAL_CELLS",28,0.558589913717482,1.60466743778516,0.026095318509513,0.18978413461464,0.163147764844164,1659,"tags=32%, list=12%, signal=28%","PTPN1/VCL/RELA/PIEZO1/CHUK/PPP2R1B/PDE4D/STAT1/NFKB1","REACTOME"
"REACTOME_RORA_B_C_AND_NR1D1_REV_ERBA_REGULATE_GENE_EXPRESSION","REACTOME_RORA_B_C_AND_NR1D1_REV_ERBA_REGULATE_GENE_EXPRESSION",23,0.572322131727234,1.56699388251909,0.0260732153302255,0.18978413461464,0.163147764844164,1019,"tags=22%, list=8%, signal=20%","HELZ2/CREBBP/NCOR1/EP300/NR1D1","REACTOME"
"REACTOME_KERATAN_SULFATE_BIOSYNTHESIS","REACTOME_KERATAN_SULFATE_BIOSYNTHESIS",16,0.613393210745568,1.54037202218435,0.0265605510923407,0.191304159043542,0.164454452511115,789,"tags=25%, list=6%, signal=24%","ST3GAL3/B3GNT2/B4GALT2/ST3GAL4","REACTOME"
"REACTOME_HATS_ACETYLATE_HISTONES","REACTOME_HATS_ACETYLATE_HISTONES",117,-0.329037841342384,-1.33376471579674,0.0267028721998277,0.191304159043542,0.164454452511115,2282,"tags=30%, list=17%, signal=25%","H2AC20/SUPT3H/SGF29/H2AC11/H2AC4/BRD1/TADA2A/ELP5/TAF5L/KAT2A/H4C2/PHF20/H3C1/SUPT20H/H2AC16/ATXN7L3/KAT8/H2BC4/RUVBL1/ING5/H2BC18/H2AC13/H4C5/BRD8/MSL3/H2BC8/H2AC6/KAT6B/H2AC21/H3C10/YEATS4/H2BC21/ING4/H2BC5/H2AC8","REACTOME"
"REACTOME_REPLACEMENT_OF_PROTAMINES_BY_NUCLEOSOMES_IN_THE_MALE_PRONUCLEUS","REACTOME_REPLACEMENT_OF_PROTAMINES_BY_NUCLEOSOMES_IN_THE_MALE_PRONUCLEUS",29,-0.509469464207649,-1.55616896500291,0.0273672843296958,0.193180830562559,0.166067731536235,1946,"tags=31%, list=14%, signal=27%","H3-3A/H4C2/NPM2/H2BC4/H4C5/H2BC8/H2BC21/H2BC5/METTL23","REACTOME"
"REACTOME_INTERLEUKIN_2_FAMILY_SIGNALING","REACTOME_INTERLEUKIN_2_FAMILY_SIGNALING",39,0.48281440396648,1.47509697633371,0.0272722576022751,0.193180830562559,0.166067731536235,3778,"tags=38%, list=28%, signal=28%","STAT5A/PTK2B/STAT4/IL2RB/STAT1/PIK3R3/LGALS9/IL2RG/JAK2/IL21R/STAT3/PIK3CA/PIK3CB/SOS1/SHC1","REACTOME"
"REACTOME_INTRACELLULAR_SIGNALING_BY_SECOND_MESSENGERS","REACTOME_INTRACELLULAR_SIGNALING_BY_SECOND_MESSENGERS",237,0.329836784570912,1.29620026383012,0.0275916596414249,0.193343016465459,0.166207154505394,3565,"tags=35%, list=26%, signal=26%","PHC1/PRR5/PSMB5/CBX4/AKT1/ITPR3/GSK3A/GRK2/AGO4/ADCY7/KPNA2/PHLPP2/TRAF6/GATAD2B/ADCY9/PML/AGO2/CHUK/JUN/PSMC6/PIP5K1A/PPP2R1B/CSNK2A1/AKT3/ADRM1/HDAC7/PSMB2/PDPK1/RAC1/GATAD2A/PIK3R3/HDAC5/USP7/TNKS2/MAPK1/PPP2R5A/MTA3/RAC2/RNF2/OTUD3/PIK3CG/CHD4/CDKN1A/EED/ITPR1/IL1RAP/MDM2/FRS2/PSMA5/FOXO1/TNRC6C/ICOS/RICTOR/PSMA6/RBBP4/PPP2R5E/PIP4K2C/AREG/IER3/PRKCD/FOXO3/LAMTOR3/PRKAR2B/ESR2/CASP9/PPP2CB/PRKAR2A/GSK3B/PIK3CA/RRAGA/CBX6/PSMD12/NR4A1/PSMD1/TP53/PIK3CB/MTA2/RHOG/PSMD3/RNF146/PTPN11/EGR1","REACTOME"
"REACTOME_PROTEIN_METHYLATION","REACTOME_PROTEIN_METHYLATION",17,-0.606008335171408,-1.63768338722805,0.0285435626680152,0.198563914212279,0.170695294673714,450,"tags=24%, list=3%, signal=23%","ETFBKMT/EEF1AKMT2/EEF1A1/RPS2","REACTOME"
"REACTOME_G_ALPHA_Q_SIGNALLING_EVENTS","REACTOME_G_ALPHA_Q_SIGNALLING_EVENTS",100,0.39617800347842,1.39613860160145,0.0289849755015526,0.20018400346396,0.17208800297779,3307,"tags=36%, list=24%, signal=27%","PROK2/F2R/ITPR3/GRK2/NMU/LPAR3/PLCB2/XCL1/GNA15/RGS1/PIK3R3/HRAS/GNB4/MAPK1/LPAR2/RGS3/PLCB1/HTR2B/RGS19/ITPR1/RASGRP1/NMUR1/GPR65/UTS2/PRKCD/DGKH/GPR68/DGKZ/EDN3/ABHD6/RGS16/PRKCH/PIK3CA/GNB2/RPS6KA3/NRAS","REACTOME"
"REACTOME_COMPLEX_IV_ASSEMBLY","REACTOME_COMPLEX_IV_ASSEMBLY",41,-0.434092874460918,-1.44432825741651,0.0292170175816716,0.200345263417176,0.172226629955117,2782,"tags=41%, list=20%, signal=33%","COX11/MT-CO3/MT-CO2/COX6A1/PNKD/COX14/COX6C/TMEM177/SMIM20/COX8A/COX20/COX7A2/COX4I1/COX6B1/COX19/SCO1/TIMM21","REACTOME"
"REACTOME_REGULATION_OF_BETA_CELL_DEVELOPMENT","REACTOME_REGULATION_OF_BETA_CELL_DEVELOPMENT",16,0.606319451447138,1.5226081788224,0.0309465828191066,0.206310552127377,0.177354685162131,2292,"tags=50%, list=17%, signal=42%","CREBBP/MAMLD1/AKT1/EP300/AKT3/NOTCH1/MAML1/FOXO1","REACTOME"
"REACTOME_NR1H2_AND_NR1H3_MEDIATED_SIGNALING","REACTOME_NR1H2_AND_NR1H3_MEDIATED_SIGNALING",34,0.507810219173847,1.51108236624655,0.0308581853146186,0.206310552127377,0.177354685162131,2599,"tags=32%, list=19%, signal=26%","CETP/FASN/AGO4/NCOR1/AGO2/EP300/ARL4C/RXRA/TNRC6C/KDM1B/MYLIP","REACTOME"
"REACTOME_MITOCHONDRIAL_TRNA_AMINOACYLATION","REACTOME_MITOCHONDRIAL_TRNA_AMINOACYLATION",21,-0.527120123429062,-1.49685231145107,0.0305838176042681,0.206310552127377,0.177354685162131,1423,"tags=38%, list=10%, signal=34%","YARS2/QARS1/PPA2/KARS1/SARS2/VARS2/FARS2/RARS2","REACTOME"
"REACTOME_PRC2_METHYLATES_HISTONES_AND_DNA","REACTOME_PRC2_METHYLATES_HISTONES_AND_DNA",50,-0.413715706482923,-1.44983909020255,0.0305536727150585,0.206310552127377,0.177354685162131,2282,"tags=26%, list=17%, signal=22%","H2AC20/H2AC4/H3-3A/H4C2/H3C1/H2BC4/H4C5/H2BC8/H2AC6/H3C10/H2BC21/H2BC5/H2AC8","REACTOME"
"REACTOME_SIGNALING_BY_PTK6","REACTOME_SIGNALING_BY_PTK6",39,0.47597353046513,1.45419670547514,0.031467894192998,0.207674841034853,0.178527494924698,1532,"tags=28%, list=11%, signal=25%","PTPN1/AKT1/PXN/CBL/CCND1/ARHGAP35/NR3C1/KHDRBS1/RAC1/ELMO2/HRAS","REACTOME"
"REACTOME_BASE_EXCISION_REPAIR","REACTOME_BASE_EXCISION_REPAIR",75,-0.365562575310869,-1.37653641904699,0.0315838820740506,0.207674841034853,0.178527494924698,1214,"tags=27%, list=9%, signal=24%","H2AC20/POT1/H2AC4/POLD2/H4C2/APEX1/POLE4/H2BC4/NEIL1/POLD4/POLB/H4C5/POLE3/MPG/H2BC8/MBD4/H2AC6/H2BC21/H2BC5/H2AC8","REACTOME"
"REACTOME_CELLULAR_RESPONSES_TO_MECHANICAL_STIMULI","REACTOME_CELLULAR_RESPONSES_TO_MECHANICAL_STIMULI",74,0.419647109454627,1.42487817839676,0.0318251551274014,0.207837747770784,0.178667537557341,3348,"tags=39%, list=25%, signal=30%","PTPN1/VCL/RELA/PRR5/AKT1/PANX1/ADCY7/ADCY9/PIEZO1/CHUK/TLN1/PPP2R1B/PDE4D/PDPK1/STAT1/GNB4/NFKB1/P2RX7/NOS3/RICTOR/PPP2R2A/GNAS/PRKAR2B/CACNB1/CACNB3/PRKAR2A/PIK3CA/GNB2/PIK3CB","REACTOME"
"REACTOME_ERCC6_CSB_AND_EHMT2_G9A_POSITIVELY_REGULATE_RRNA_EXPRESSION","REACTOME_ERCC6_CSB_AND_EHMT2_G9A_POSITIVELY_REGULATE_RRNA_EXPRESSION",53,-0.406887894110741,-1.43318465180171,0.0340411187247506,0.220807256592977,0.189816764439576,958,"tags=26%, list=7%, signal=25%","H2AC20/H2AC4/H3-3A/H4C2/H3C1/H2BC4/HDAC1/H4C5/H2BC8/H2AC6/H3C10/H2BC21/H2BC5/H2AC8","REACTOME"
"REACTOME_GOLGI_TO_ER_RETROGRADE_TRANSPORT","REACTOME_GOLGI_TO_ER_RETROGRADE_TRANSPORT",111,0.379171092153614,1.36227472375131,0.0350877192982456,0.226068527022254,0.194339610948955,2409,"tags=23%, list=18%, signal=19%","KLC4/KIF13B/CENPE/KIF26A/KIF1B/ACTR1A/COPG1/RAB1B/TUBA1B/RAB1A/ARCN1/PAFAH1B2/TUBB2A/TMED10/KDELR1/ARF1/KIF21B/KIF11/RAB18/AGPAT3/PAFAH1B1/KIF21A/KIF5B/KDELR2/CAPZB/KIFAP3","REACTOME"
"REACTOME_REGULATION_OF_TP53_ACTIVITY","REACTOME_REGULATION_OF_TP53_ACTIVITY",150,0.359511368090421,1.33329884490791,0.0355263157894737,0.227368421052632,0.195457063711911,2687,"tags=29%, list=20%, signal=24%","HUS1/HIPK1/PRR5/RFFL/AKT1/BRPF3/PRDM1/GATAD2B/PML/EP300/PIP4P1/PPP2R1B/CSNK2A1/AKT3/TP53BP2/ATRIP/HIPK2/PDPK1/TAF4/GATAD2A/BARD1/RBBP8/USP7/TAF12/SETD9/RMI1/JMY/PRKAA1/CHD4/RAD9B/CDK1/MDM2/TP53RK/MDM4/BRCA1/RICTOR/RBBP4/NBN/PIP4K2C/TOP3A/RAD17/CDK2/EHMT1/ATR","REACTOME"
"REACTOME_ION_HOMEOSTASIS","REACTOME_ION_HOMEOSTASIS",28,0.544226853780916,1.56340651627339,0.036628955530356,0.232872829861866,0.200188923916341,2880,"tags=39%, list=21%, signal=31%","ATP2B4/ITPR3/ATP2A2/PLN/ATP2A3/ATP1A3/ATP1B3/ITPR1/FXYD7/ATP2B1/STIM1","REACTOME"
"REACTOME_C_TYPE_LECTIN_RECEPTORS_CLRS","REACTOME_C_TYPE_LECTIN_RECEPTORS_CLRS",107,0.381156405055511,1.35988349532364,0.0371389270976616,0.234561644827337,0.201640712219991,3307,"tags=34%, list=24%, signal=26%","CREBBP/TAB1/UBE2V1/RELA/PSMB5/ITPR3/TRAF6/CHUK/EP300/PSMC6/NFATC3/ADRM1/FBXW11/PSMB2/PDPK1/HRAS/CDC34/NFKB1/NFATC2/PPP3CA/ITPR1/PSMA5/MUC20/PSMA6/PPP3R1/UBE2N/NFATC1/PRKCD/TAB3/BCL10/MUC12/IL1B/PSMD12/PSMD1/UBA3/NRAS","REACTOME"
"REACTOME_ENERGY_DEPENDENT_REGULATION_OF_MTOR_BY_LKB1_AMPK","REACTOME_ENERGY_DEPENDENT_REGULATION_OF_MTOR_BY_LKB1_AMPK",27,-0.494897070169631,-1.47895198380815,0.0378105581498273,0.237242717802838,0.203945494251562,724,"tags=33%, list=5%, signal=32%","STRADA/CAB39L/PRKAB2/MLST8/PRKAG1/STRADB/LAMTOR4/RRAGB/SLC38A9","REACTOME"
"REACTOME_DOWNSTREAM_TCR_SIGNALING","REACTOME_DOWNSTREAM_TCR_SIGNALING",86,0.397440169495435,1.37409071700091,0.0397163120567376,0.247582205029014,0.212833825375819,1882,"tags=22%, list=14%, signal=19%","HLA-DPB1/UBE2V1/RELA/PSMB5/HLA-DQB1/TRAF6/CHUK/PSMC6/HLA-DQA1/CD4/ADRM1/FBXW11/PSMB2/PDPK1/HLA-DPA1/CDC34/NFKB1/HLA-DRB1/CD3G","REACTOME"
"REACTOME_MITOCHONDRIAL_PROTEIN_DEGRADATION","REACTOME_MITOCHONDRIAL_PROTEIN_DEGRADATION",95,-0.335814268041248,-1.32990667812844,0.0404550728372918,0.250560451121291,0.215394072016549,2786,"tags=31%, list=21%, signal=24%","DLD/ACOT2/MT-CO2/ECH1/TIMM22/OPA1/BDH1/ALDH18A1/PDK1/OXCT1/FECH/UQCRC2/SLC25A5/HADH/ATP5F1C/NDUFA2/SHMT2/COX4I1/SUCLG2/ARG2/ME2/SPG7/PRKACA/NDUFV3/PRELID1/HSD17B10/MRPS10/ATP5F1A/SLC25A6","REACTOME"
"REACTOME_RHO_GTPASE_CYCLE","REACTOME_RHO_GTPASE_CYCLE",365,0.304629119036394,1.24818242853332,0.0414746543778802,0.255228642325417,0.21940707849027,2555,"tags=25%, list=19%, signal=21%","EMD/RAPGEF1/VIM/WIPF2/PAK4/PICALM/EFHD2/PRAG1/PLXND1/ARHGAP26/PLEKHG3/TRIP10/ARHGEF12/TNFAIP1/PTK2B/RHOC/WDR81/HGS/TUBA1B/LEMD3/AMIGO2/ARHGAP35/TPM4/MTR/CPD/DDRGK1/IL32/ARAP2/WHAMM/ARHGAP30/USP9X/EPSTI1/SH3BP1/GOLGA3/ACTB/SOWAHC/NCK2/PLEKHG1/ARHGDIA/SCFD1/SPTAN1/BLTP3B/RND1/PGRMC2/DOCK8/TOR1AIP1/CDC42EP3/MACO1/RHOBTB2/PEAK1/FMNL2/RHPN1/RAC1/LMAN1/PIK3R3/RHOU/ELMO2/STOM/FMNL1/GMIP/MSI2/DOCK2/IQGAP2/ARHGAP10/RBBP6/RAC2/AKAP13/CCT6A/IQGAP1/OSBPL11/PDE5A/PLD2/DOCK7/PREX1/ARHGEF39/RALGAPA1/PKN1/OBSCN/SPEN/FRS2/CHN1/FAM91A1/CYBA/CSK/CAPZB/LMNB1/SLC1A5/NOXA1/DBN1/CYFIP1/ALS2/ARAP1","REACTOME"
"REACTOME_REGULATION_OF_EXPRESSION_AND_FUNCTION_OF_TYPE_II_CLASSICAL_CADHERINS","REACTOME_REGULATION_OF_EXPRESSION_AND_FUNCTION_OF_TYPE_II_CLASSICAL_CADHERINS",20,0.579864415600615,1.52959617346642,0.0424143556280587,0.257707477233775,0.221538006744824,2311,"tags=35%, list=17%, signal=29%","AGO4/CTNNA1/AGO2/ZEB2/SP1/CTNND1/TNRC6C","REACTOME"
"REACTOME_SENSORY_PERCEPTION","REACTOME_SENSORY_PERCEPTION",94,0.39922572708552,1.39427285685311,0.0423836129599084,0.257707477233775,0.221538006744824,2900,"tags=32%, list=21%, signal=25%","ESPN/SYP/BCO2/ITPR3/NMT1/METAP1/LDLR/SCN1B/CACNA2D2/RGS9/PLCB2/CASK/ACTB/SPTAN1/METAP2/OR52N4/MYO1C/EPS8L2/LDB1/LRP8/LRP10/FNTB/MYH9/VAMP2/OR4D1/CAPZB/CIB2/STX1A/ATP2B1/RDH10","REACTOME"
"REACTOME_G_ALPHA_Z_SIGNALLING_EVENTS","REACTOME_G_ALPHA_Z_SIGNALLING_EVENTS",26,0.54798984801313,1.55370569965419,0.0428534017281976,0.257935114032924,0.221733694519531,3261,"tags=42%, list=24%, signal=32%","ADCY7/ADCY9/PRKCB/GNB4/GNAI3/RGS19/PRKCD/GNAS/RGS16/PRKCH/GNB2","REACTOME"
"REACTOME_ACTIVATION_OF_GENE_EXPRESSION_BY_SREBF_SREBP","REACTOME_ACTIVATION_OF_GENE_EXPRESSION_BY_SREBF_SREBP",42,0.472366951612305,1.45916106243001,0.0429891856721539,0.257935114032924,0.221733694519531,4071,"tags=43%, list=30%, signal=30%","HELZ2/CREBBP/FASN/MTF1/SP1/FDFT1/RXRA/ACACA/IDI1/SQLE/PMVK/TGS1/SCD/ELOVL6/NFYB/NCOA6/NCOA2/LSS","REACTOME"
"REACTOME_GENERATION_OF_SECOND_MESSENGER_MOLECULES","REACTOME_GENERATION_OF_SECOND_MESSENGER_MOLECULES",36,0.478715826440007,1.43576161851062,0.043613707165109,0.260056887444128,0.223557675171268,1903,"tags=25%, list=14%, signal=22%","HLA-DPB1/HLA-DQB1/HLA-DQA1/CD4/VASP/HLA-DPA1/HLA-DRB1/CD3G/LCP2","REACTOME"
"REACTOME_MATERNAL_TO_ZYGOTIC_TRANSITION_MZT","REACTOME_MATERNAL_TO_ZYGOTIC_TRANSITION_MZT",82,-0.34575264210741,-1.32358029495136,0.0439592625527007,0.260499333645634,0.223938023660282,1711,"tags=22%, list=13%, signal=19%","CNOT11/H4C2/NPM2/H3C1/EIF4B/CNOT8/H2BC4/H4C5/H2BC8/H2AC6/ZFP36L2/H3C10/CNOT3/H2BC21/H2BC5/RPS2/METTL23/H2AC8","REACTOME"
"REACTOME_SIGNALING_BY_PDGFR_IN_DISEASE","REACTOME_SIGNALING_BY_PDGFR_IN_DISEASE",17,0.611773734094548,1.55353994738295,0.0452004696829762,0.261400306600344,0.224712544270472,4005,"tags=53%, list=29%, signal=37%","ETV6/STAT1/HRAS/STAT3/PIK3CA/NRAS/PIK3CB/SOS1/STRN","REACTOME"
"REACTOME_HSP90_CHAPERONE_CYCLE_FOR_STEROID_HORMONE_RECEPTORS_SHR_IN_THE_PRESENCE_OF_LIGAND","REACTOME_HSP90_CHAPERONE_CYCLE_FOR_STEROID_HORMONE_RECEPTORS_SHR_IN_THE_PRESENCE_OF_LIGAND",43,0.461170140797286,1.42551736071049,0.0451713395638629,0.261400306600344,0.224712544270472,3514,"tags=35%, list=26%, signal=26%","HSPA2/DNAJA1/DNAJA2/ACTR1A/TUBA1B/TUBB2A/NR3C1/HSPA1A/CAPZB/DNAJA4/TUBB4B/ACTR10/TUBA4A/DCTN4/TUBA3D","REACTOME"
"REACTOME_COMPLEX_I_BIOGENESIS","REACTOME_COMPLEX_I_BIOGENESIS",67,-0.371067732970737,-1.37609266577617,0.044972521789692,0.261400306600344,0.224712544270472,2145,"tags=22%, list=16%, signal=19%","NDUFS8/NDUFAF5/NDUFAF2/MT-ND3/NDUFC2/NDUFB7/NDUFA2/NDUFB9/NDUFA8/NDUFV3/NDUFB2/NDUFS5/TIMMDC1/NDUFA10/ECSIT","REACTOME"
"REACTOME_EXTRACELLULAR_MATRIX_ORGANIZATION","REACTOME_EXTRACELLULAR_MATRIX_ORGANIZATION",131,0.36793765853281,1.34939771297584,0.0447368421052632,0.261400306600344,0.224712544270472,1851,"tags=19%, list=14%, signal=17%","ADAM8/LOXL4/SNTA1/SNTG2/PSEN1/ITGAL/ITGB7/PLEC/NTN4/NCSTN/DTNB/FURIN/CRTAP/CASK/LOXL1/CTSB/ACTB/COLGALT2/TGFB1/COL6A1/LTBP3/THBS1/SGCB/PLOD1/PLOD3","REACTOME"
"REACTOME_POTASSIUM_CHANNELS","REACTOME_POTASSIUM_CHANNELS",29,0.506052241587255,1.46210926073492,0.0458135860979463,0.26335953685047,0.226396794836369,2226,"tags=31%, list=16%, signal=26%","KCNAB2/HCN2/KCNC4/KCNMB3/KCNAB1/GNB4/KCNN4/GABBR1/KCNMB4","REACTOME"
"REACTOME_SIGNALING_BY_FGFR1_IN_DISEASE","REACTOME_SIGNALING_BY_FGFR1_IN_DISEASE",28,0.531954337770206,1.52815112347365,0.0466838351777771,0.264099037138927,0.227032505610657,3731,"tags=39%, list=27%, signal=29%","STAT5A/CEP43/STAT1/HRAS/FRS2/BAG4/STAT3/PIK3CA/MYO18A/NRAS/SOS1","REACTOME"
"REACTOME_MAP2K_AND_MAPK_ACTIVATION","REACTOME_MAP2K_AND_MAPK_ACTIVATION",34,0.494237013432357,1.47069280519602,0.0466350556179239,0.264099037138927,0.227032505610657,2697,"tags=35%, list=20%, signal=28%","VCL/TLN1/ACTB/ARAF/HRAS/MAP2K2/MAPK1/MARK3/IQGAP1/APBB1IP/CSK/LAMTOR3","REACTOME"
"REACTOME_TCR_SIGNALING","REACTOME_TCR_SIGNALING",107,0.375278591161186,1.3389127284745,0.046767537826685,0.264099037138927,0.227032505610657,3504,"tags=34%, list=26%, signal=25%","HLA-DPB1/UBE2V1/RELA/PSMB5/HLA-DQB1/TRAF6/CHUK/PSMC6/HLA-DQA1/CD4/VASP/ADRM1/FBXW11/PSMB2/PDPK1/HLA-DPA1/CDC34/NFKB1/HLA-DRB1/CD3G/LCP2/PAG1/PSMA5/CSK/PSMA6/UBE2N/BCL10/CD101/PIK3CA/PSMD12/PSMD1/PIK3CB/CD3E/HLA-DQA2/PSMD3/ZAP70","REACTOME"
"REACTOME_REGULATION_OF_MITF_M_DEPENDENT_GENES_INVOLVED_IN_PIGMENTATION","REACTOME_REGULATION_OF_MITF_M_DEPENDENT_GENES_INVOLVED_IN_PIGMENTATION",31,0.484976874605914,1.40658186711603,0.0475435816164818,0.264244426094137,0.227157489098469,2894,"tags=39%, list=21%, signal=31%","ARID1A/RAB27A/SMARCA4/ACTL6A/SMARCA2/ACTB/SS18/MYO5A/USF1/MLANA/BCL7A/SS18L1","REACTOME"
"REACTOME_RNA_POLYMERASE_I_PROMOTER_ESCAPE","REACTOME_RNA_POLYMERASE_I_PROMOTER_ESCAPE",66,-0.374348466201863,-1.38061994678375,0.0474068704419329,0.264244426094137,0.227157489098469,2417,"tags=30%, list=18%, signal=25%","CBX3/H4C12/TAF1D/H2AC20/H2AC4/POLR1C/H3-3A/TBP/H4C2/H3C1/GTF2H2/H2BC4/GTF2H5/H4C5/H2BC8/H2AC6/H3C10/H2BC21/H2BC5/H2AC8","REACTOME"
"REACTOME_CLEC7A_DECTIN_1_SIGNALING","REACTOME_CLEC7A_DECTIN_1_SIGNALING",85,0.393430854469915,1.35299830653396,0.0476190476190476,0.264244426094137,0.227157489098469,3278,"tags=35%, list=24%, signal=27%","TAB1/UBE2V1/RELA/PSMB5/ITPR3/TRAF6/CHUK/PSMC6/NFATC3/ADRM1/FBXW11/PSMB2/PDPK1/CDC34/NFKB1/NFATC2/PPP3CA/ITPR1/PSMA5/PSMA6/PPP3R1/UBE2N/NFATC1/PRKCD/TAB3/BCL10/IL1B/PSMD12/PSMD1/UBA3","REACTOME"
"REACTOME_FORMATION_OF_THE_BETA_CATENIN_TCF_TRANSACTIVATING_COMPLEX","REACTOME_FORMATION_OF_THE_BETA_CATENIN_TCF_TRANSACTIVATING_COMPLEX",67,-0.36783373060258,-1.36409947276988,0.048601733712233,0.266615224935678,0.229195544242951,1682,"tags=33%, list=12%, signal=29%","LEO1/H2AC20/H2AC4/H3-3A/H4C2/H3C1/DPY30/TCF7/AXIN2/H2BC4/RUVBL1/HDAC1/H4C5/LEF1/H2BC8/H2AC6/MYC/TCF7L1/H3C10/H2BC21/H2BC5/H2AC8","REACTOME"
"REACTOME_GPCR_LIGAND_BINDING","REACTOME_GPCR_LIGAND_BINDING",142,0.355930935200078,1.31328247561511,0.0483660130718954,0.266615224935678,0.229195544242951,2846,"tags=25%, list=21%, signal=20%","PROK2/F2R/CX3CR1/S1PR2/S1PR1/NMU/ADRB2/LPAR3/CCR6/CCL4/CXCR6/CCR5/XCL1/CCL5/S1PR5/CCR10/GNB4/PTGDR/PTGDR2/LPAR2/GABBR1/HTR2B/MC1R/ADGRE5/OPN3/NMUR1/CCR4/GPR65/UTS2/GPR18/CCR2/WNT10B/GNAS/CCL28/GPR68/EDN3","REACTOME"
"REACTOME_ELASTIC_FIBRE_FORMATION","REACTOME_ELASTIC_FIBRE_FORMATION",20,0.570507548780674,1.50491414901663,0.0489396411092985,0.26694349695981,0.229477743000539,1281,"tags=25%, list=9%, signal=23%","LOXL4/FURIN/LOXL1/TGFB1/LTBP3","REACTOME"
"REACTOME_INTERLEUKIN_1_FAMILY_SIGNALING","REACTOME_INTERLEUKIN_1_FAMILY_SIGNALING",123,0.362516968561324,1.31728087711756,0.0505992010652463,0.272894567542902,0.234593575607056,2585,"tags=27%, list=19%, signal=22%","PTPN18/S100B/TAB1/UBE2V1/RELA/PTPN7/PSMB5/NOD1/TRAF6/NFKBIB/USP14/CHUK/PSMC6/LRRC14/IL18BP/ADRM1/FBXW11/PSMB2/NLRC5/MAP2K4/TBK1/NFKB1/IL18R1/N4BP1/PTPN4/IL1RAP/PSMA5/MAP3K3/IL18RAP/PSMA6/UBE2N/MAP3K8/CASP1","REACTOME"
"REACTOME_CELLULAR_RESPONSE_TO_CHEMICAL_STRESS","REACTOME_CELLULAR_RESPONSE_TO_CHEMICAL_STRESS",170,0.338655515743544,1.27833944421048,0.0504527813712807,0.272894567542902,0.234593575607056,2600,"tags=23%, list=19%, signal=19%","HELZ2/CREBBP/HBB/HBA2/SESN2/RELA/PSMB5/AKT1/GCLC/BLVRB/GPX2/GCLM/KEAP1/NCOR1/EP300/PSMC6/CHD6/CSNK2A1/AKT3/ADRM1/DPP3/PSMB2/SP1/FBXL17/IDH1/NFKB1/ATP7A/TRIM21/NOTCH1/CDKN1A/RXRA/PALB2/PSMA5/BRCA1/CYBA/PSMA6/AREG/SIN3B/PRKCD","REACTOME"
"REACTOME_HDR_THROUGH_SINGLE_STRAND_ANNEALING_SSA","REACTOME_HDR_THROUGH_SINGLE_STRAND_ANNEALING_SSA",37,0.460387435199963,1.39303929845002,0.0509259259259259,0.273122284295469,0.234789332113648,2955,"tags=35%, list=22%, signal=28%","HUS1/ATRIP/BARD1/RBBP8/RMI1/RAD9B/BRCA1/NBN/TOP3A/RAD17/ATR/RPA3/ERCC1","REACTOME"
"REACTOME_HSF1_DEPENDENT_TRANSACTIVATION","REACTOME_HSF1_DEPENDENT_TRANSACTIVATION",29,0.503468496082667,1.45464418515737,0.0521327014218009,0.278041074249605,0.239017765582994,737,"tags=14%, list=5%, signal=13%","HSPA2/CREBBP/EP300/HSF1","REACTOME"
"REACTOME_TRANSCRIPTIONAL_ACTIVATION_OF_MITOCHONDRIAL_BIOGENESIS","REACTOME_TRANSCRIPTIONAL_ACTIVATION_OF_MITOCHONDRIAL_BIOGENESIS",50,0.439387264900727,1.39656471143286,0.0525502318392581,0.278719461688883,0.239600940750092,1440,"tags=14%, list=11%, signal=13%","HELZ2/CREBBP/NCOR1/MEF2D/NR1D1/PPARGC1B/HCFC1","REACTOME"
"REACTOME_RSV_HOST_INTERACTIONS","REACTOME_RSV_HOST_INTERACTIONS",72,0.400011628897814,1.35292723402774,0.053019145802651,0.279661428409587,0.240410701615259,1742,"tags=19%, list=13%, signal=17%","CREBBP/CX3CR1/OAS2/MAP1B/MED20/MED25/IFIH1/EP300/MED21/EIF2AK2/TRIM25/MED6/MED24/TLR6","REACTOME"
"REACTOME_INTEGRIN_SIGNALING","REACTOME_INTEGRIN_SIGNALING",21,0.555291771040648,1.48588702817635,0.0533980582524272,0.27979548283992,0.240525941388703,2370,"tags=33%, list=17%, signal=28%","PTPN1/AKT1/TLN1/PDPK1/APBB1IP/RASGRP1/CSK","REACTOME"
"REACTOME_NON_INTEGRIN_MEMBRANE_ECM_INTERACTIONS","REACTOME_NON_INTEGRIN_MEMBRANE_ECM_INTERACTIONS",34,0.486805484101643,1.4485789278027,0.053627467544318,0.27979548283992,0.240525941388703,1785,"tags=26%, list=13%, signal=23%","SNTA1/SNTG2/NTN4/DTNB/CASK/ACTB/TGFB1/THBS1/SGCB","REACTOME"
"REACTOME_METABOLIC_DISORDERS_OF_BIOLOGICAL_OXIDATION_ENZYMES","REACTOME_METABOLIC_DISORDERS_OF_BIOLOGICAL_OXIDATION_ENZYMES",17,0.582089322874088,1.4781592697313,0.0546623794212219,0.283079767606812,0.243349273907611,603,"tags=24%, list=4%, signal=23%","GGT1/GCLC/FDXR/GCLM","REACTOME"
"REACTOME_PEPTIDE_LIGAND_BINDING_RECEPTORS","REACTOME_PEPTIDE_LIGAND_BINDING_RECEPTORS",65,0.419139289774197,1.39067984373159,0.0551415797317437,0.283079767606812,0.243349273907611,2846,"tags=28%, list=21%, signal=22%","PROK2/F2R/CX3CR1/NMU/CCR6/CCL4/CXCR6/CCR5/XCL1/CCL5/CCR10/MC1R/NMUR1/CCR4/UTS2/CCR2/CCL28/EDN3","REACTOME"
"REACTOME_MEIOSIS","REACTOME_MEIOSIS",85,-0.329951033564097,-1.27941804010612,0.0549813359566176,0.283079767606812,0.243349273907611,2282,"tags=27%, list=17%, signal=23%","H2AC20/POT1/H2AC4/BRCA2/H3-3A/ATM/H4C2/H3C1/CDK4/RAD51C/SMC1A/PSMC3IP/H2BC4/H4C5/H2BC8/H2AC6/DIDO1/FIGNL1/H3C10/H2BC21/H2BC5/SUN1/H2AC8","REACTOME"
"REACTOME_FORMATION_OF_THE_NON_CANONICAL_BAF_NCBAF_COMPLEX","REACTOME_FORMATION_OF_THE_NON_CANONICAL_BAF_NCBAF_COMPLEX",17,0.574921150545576,1.45995639268469,0.0562700964630225,0.287336662789902,0.247008710117635,1669,"tags=35%, list=12%, signal=31%","SMARCA4/ACTL6A/SMARCA2/BICRAL/ACTB/SS18","REACTOME"
"REACTOME_PHOSPHORYLATION_OF_THE_APC_C","REACTOME_PHOSPHORYLATION_OF_THE_APC_C",20,-0.517468854618357,-1.47064011713227,0.0568147027577926,0.287760976974976,0.247373471434629,1437,"tags=30%, list=11%, signal=27%","ANAPC16/ANAPC2/ANAPC10/CDC23/ANAPC11/ANAPC5","REACTOME"
"REACTOME_SIGNALING_BY_ERBB4","REACTOME_SIGNALING_BY_ERBB4",36,0.482258595648454,1.44638707054666,0.0569526933596307,0.287760976974976,0.247373471434629,3322,"tags=42%, list=24%, signal=32%","STAT5A/S100B/PSEN1/ADAP1/NCOR1/NCSTN/WWOX/HRAS/DLG4/ITCH/PSENEN/PSEN2/PIK3CA/NRAS/ADAM17","REACTOME"
"REACTOME_SIGNALING_BY_BRAF_AND_RAF1_FUSIONS","REACTOME_SIGNALING_BY_BRAF_AND_RAF1_FUSIONS",56,0.42742306492722,1.38552828884597,0.0575757575757576,0.289386006663494,0.248770426780898,2370,"tags=29%, list=17%, signal=24%","VCL/LMNA/TLN1/ACTB/ARAF/QKI/HRAS/MAP2K2/MAPK1/CLCN6/MARK3/AP3B1/IQGAP1/APBB1IP/PAPSS1/CSK","REACTOME"
"REACTOME_NUCLEAR_ENVELOPE_BREAKDOWN","REACTOME_NUCLEAR_ENVELOPE_BREAKDOWN",52,0.432230996863087,1.37640745425002,0.0585516178736518,0.292758089368259,0.251669234720082,2420,"tags=33%, list=18%, signal=27%","EMD/LMNA/POM121C/LEMD3/RANBP2/POM121/PRKCB/NUP58/CTDNEP1/NUP88/NUP214/NDC1/NUP160/NUP98/CDK1/CNEP1R1/LMNB1","REACTOME"
"REACTOME_VEGFR2_MEDIATED_CELL_PROLIFERATION","REACTOME_VEGFR2_MEDIATED_CELL_PROLIFERATION",17,0.57154892410956,1.45139295135336,0.0594855305466238,0.295029109802262,0.25362151544405,3307,"tags=41%, list=24%, signal=31%","ITPR3/PRKCB/PDPK1/HRAS/ITPR1/PRKCD/NRAS","REACTOME"
"REACTOME_TRANSLATION_OF_SARS_COV_1_STRUCTURAL_PROTEINS","REACTOME_TRANSLATION_OF_SARS_COV_1_STRUCTURAL_PROTEINS",29,0.49774962433461,1.43812095957583,0.0600315955766193,0.295029109802262,0.25362151544405,1639,"tags=24%, list=12%, signal=21%","PARP9/ST3GAL3/GSK3A/ST3GAL4/PARP8/ST6GALNAC4/PARP10","REACTOME"
"REACTOME_ANTIGEN_PRESENTATION_FOLDING_ASSEMBLY_AND_PEPTIDE_LOADING_OF_CLASS_I_MHC","REACTOME_ANTIGEN_PRESENTATION_FOLDING_ASSEMBLY_AND_PEPTIDE_LOADING_OF_CLASS_I_MHC",29,0.494019128498438,1.42734264053886,0.0600315955766193,0.295029109802262,0.25362151544405,1507,"tags=28%, list=11%, signal=25%","ERAP1/TAPBP/HSPA5/SEC24C/SEC24A/TAP1/PDIA3/SEC31A","REACTOME"
"REACTOME_DISEASES_OF_PROGRAMMED_CELL_DEATH","REACTOME_DISEASES_OF_PROGRAMMED_CELL_DEATH",76,-0.348250228596851,-1.3137225761668,0.0602351099179618,0.295029109802262,0.25362151544405,2282,"tags=28%, list=17%, signal=23%","H2AC20/H2AC4/CDK5R1/H3-3A/CAPNS1/H4C2/H3C1/PRDX2/TRADD/CDK5/FADD/CASP8/H2BC4/H4C5/H2BC8/H2AC6/CAPN2/H3C10/H2BC21/H2BC5/H2AC8","REACTOME"
"REACTOME_BETA_CATENIN_PHOSPHORYLATION_CASCADE","REACTOME_BETA_CATENIN_PHOSPHORYLATION_CASCADE",17,0.599122136471927,1.5214124446649,0.0607271978674256,0.29592949214583,0.254395528335889,3104,"tags=41%, list=23%, signal=32%","AXIN1/PPP2R1B/PPP2R5A/FRAT2/PPP2R5E/PPP2CB/GSK3B","REACTOME"
"REACTOME_SMOOTH_MUSCLE_CONTRACTION","REACTOME_SMOOTH_MUSCLE_CONTRACTION",31,0.499442828518228,1.44853757578797,0.0617765544151895,0.299428175359556,0.257403168291548,1945,"tags=26%, list=14%, signal=22%","VCL/PXN/MYL5/TPM4/TLN1/CACNA1I/SORBS3/PDE5A","REACTOME"
"REACTOME_CIRCADIAN_CLOCK","REACTOME_CIRCADIAN_CLOCK",102,0.368659932145714,1.30609708491921,0.0620689655172414,0.299428175359556,0.257403168291548,1166,"tags=14%, list=9%, signal=13%","HELZ2/KMT2A/CREBBP/PSMB5/BHLHE40/NCOR1/MEF2D/EP300/PSMC6/CSNK2A1/NR1D1/ADRM1/FBXW11/PSMB2","REACTOME"
"REACTOME_PROTEIN_LOCALIZATION","REACTOME_PROTEIN_LOCALIZATION",150,-0.287911740313999,-1.21105671568546,0.0627484148090381,0.301192391083383,0.258919774790978,1846,"tags=21%, list=14%, signal=18%","DECR2/PEX7/ACOX3/SAMM50/TIMM44/COA4/SLC25A4/UBB/TYSND1/UBE2D2/CAT/ALDH3A2/COA6/CYB5A/CHCHD3/FIS1/COX19/UBA52/TAFAZZIN/TOMM22/UBE2D3/PITRM1/TOMM7/GSTK1/TOMM5/PMPCB/ATP5F1A/PRNP/SLC25A6/TIMM21/EPHX2","REACTOME"
"REACTOME_CARGO_RECOGNITION_FOR_CLATHRIN_MEDIATED_ENDOCYTOSIS","REACTOME_CARGO_RECOGNITION_FOR_CLATHRIN_MEDIATED_ENDOCYTOSIS",79,0.391254161900563,1.3380190869284,0.0634920634920635,0.302789281698253,0.26029254040727,2907,"tags=34%, list=21%, signal=27%","AGFG1/PICALM/EPN1/AP2B1/UBQLN2/GRK2/CBL/HGS/ADRB2/SYT11/LDLR/REPS1/UBQLN1/SYT2/CD4/STON1/COPS7B/SLC2A8/CD3G/TGOLN2/COPS8/VAMP2/AREG/NEDD8/CLTA/COPS2/FCHO1","REACTOME"
"REACTOME_TOLL_LIKE_RECEPTOR_9_TLR9_CASCADE","REACTOME_TOLL_LIKE_RECEPTOR_9_TLR9_CASCADE",105,0.365100941948877,1.29842536525774,0.0637119113573407,0.302789281698253,0.26029254040727,1966,"tags=21%, list=14%, signal=18%","S100B/TAB1/UBE2V1/RELA/TICAM1/NOD1/TRAF6/NFKBIB/USP14/CHUK/JUN/LRRC14/PPP2R1B/FOS/FBXW11/NLRC5/IRF7/MAP2K4/NFKB1/MAPK1/DUSP3/N4BP1","REACTOME"
"REACTOME_FGFR1_MUTANT_RECEPTOR_ACTIVATION","REACTOME_FGFR1_MUTANT_RECEPTOR_ACTIVATION",22,0.534735457037479,1.45332192648073,0.0648298217179903,0.306584378567836,0.263554992102175,3214,"tags=32%, list=24%, signal=24%","STAT5A/CEP43/STAT1/BAG4/STAT3/PIK3CA/MYO18A","REACTOME"
"REACTOME_SIGNALING_BY_CTNNB1_PHOSPHO_SITE_MUTANTS","REACTOME_SIGNALING_BY_CTNNB1_PHOSPHO_SITE_MUTANTS",15,0.59086947630377,1.45663108823645,0.0661157024793388,0.307692307692308,0.264507422402159,3104,"tags=40%, list=23%, signal=31%","AXIN1/PPP2R1B/PPP2R5A/PPP2R5E/PPP2CB/GSK3B","REACTOME"
"REACTOME_FOXO_MEDIATED_TRANSCRIPTION_OF_CELL_DEATH_GENES","REACTOME_FOXO_MEDIATED_TRANSCRIPTION_OF_CELL_DEATH_GENES",16,0.572536912353589,1.43777242070437,0.06645056726094,0.307692307692308,0.264507422402159,3824,"tags=62%, list=28%, signal=45%","CREBBP/EP300/DDIT3/BCL6/FOXO1/FASLG/FOXO3/STK11/BBC3/NFYB","REACTOME"
"REACTOME_CARBOXYTERMINAL_POST_TRANSLATIONAL_MODIFICATIONS_OF_TUBULIN","REACTOME_CARBOXYTERMINAL_POST_TRANSLATIONAL_MODIFICATIONS_OF_TUBULIN",24,0.51673392670742,1.43502779987876,0.0658105939004815,0.307692307692308,0.264507422402159,3514,"tags=42%, list=26%, signal=31%","TTLL3/TTLL4/TUBA1B/TUBB2A/TPGS2/AGBL2/TUBB4B/TTL/TUBA4A/TUBA3D","REACTOME"
"REACTOME_GROWTH_HORMONE_RECEPTOR_SIGNALING","REACTOME_GROWTH_HORMONE_RECEPTOR_SIGNALING",18,0.555097314690841,1.42677688988345,0.0666666666666667,0.307692307692308,0.264507422402159,1692,"tags=28%, list=12%, signal=24%","PTPN1/STAT5A/SH2B1/STAT1/MAPK1","REACTOME"
"REACTOME_RHOG_GTPASE_CYCLE","REACTOME_RHOG_GTPASE_CYCLE",63,0.413931068582877,1.35746753359354,0.0660522273425499,0.307692307692308,0.264507422402159,4228,"tags=43%, list=31%, signal=30%","EMD/PAK4/PLEKHG3/LEMD3/ARHGAP35/ARHGDIA/PGRMC2/LMAN1/ELMO2/DOCK2/IQGAP2/PREX1/CYFIP1/ARHGAP1/HSPE1/VAMP3/VAV3/RHOG/KALRN/VAPB/PLD1/VRK2/PAK2/MAP3K11/TFRC/DEPDC1B/ARFGAP3","REACTOME"
"REACTOME_SIGNALING_BY_KIT_IN_DISEASE","REACTOME_SIGNALING_BY_KIT_IN_DISEASE",19,0.561618345767846,1.45596822432508,0.0695364238410596,0.317880794701987,0.273265946322761,3731,"tags=47%, list=27%, signal=34%","STAT5A/STAT1/PIK3R3/HRAS/JAK2/STAT3/PIK3CA/NRAS/SOS1","REACTOME"
"REACTOME_SIGNALING_BY_NTRKS","REACTOME_SIGNALING_BY_NTRKS",106,0.361166049689125,1.28498728762385,0.0694444444444444,0.317880794701987,0.273265946322761,3934,"tags=39%, list=29%, signal=28%","RAPGEF1/RIT1/AP2B1/NAB1/MEF2D/EP300/FURIN/PPP2R1B/TCF12/FOS/BAX/RAC1/HRAS/MAP2K2/FOSB/MAPK1/DUSP3/CHD4/FRS2/JUND/DNM2/MAPKAPK2/RALGDS/CLTA/STAT3/PPP2CB/DUSP4/PIK3CA/RPS6KA3/NRAS/PIK3CB/DNM1/DUSP7/PTPN11/EGR1/ID2/JUNB/SOS1/SHC1/MAPK14/NTRK2","REACTOME"
"REACTOME_NETRIN_1_SIGNALING","REACTOME_NETRIN_1_SIGNALING",22,0.527108170817659,1.43259223265377,0.0713128038897893,0.323090902971763,0.277744811326603,1574,"tags=27%, list=12%, signal=24%","AGAP2/PITPNA/NTN4/SIAH2/RAC1/ABLIM2","REACTOME"
"REACTOME_SIALIC_ACID_METABOLISM","REACTOME_SIALIC_ACID_METABOLISM",25,0.504828778465393,1.41716335575875,0.0715421303656598,0.323090902971763,0.277744811326603,2524,"tags=36%, list=19%, signal=29%","ST8SIA6/ST3GAL3/SLC17A5/ST3GAL4/ST6GALNAC4/ST8SIA1/ST8SIA4/CMAS/GNE","REACTOME"
"REACTOME_NUCLEAR_EVENTS_STIMULATED_BY_ALK_SIGNALING_IN_CANCER","REACTOME_NUCLEAR_EVENTS_STIMULATED_BY_ALK_SIGNALING_IN_CANCER",33,0.457487809471925,1.34981692137675,0.0722135007849294,0.323090902971763,0.277744811326603,3042,"tags=42%, list=22%, signal=33%","STAT5A/MECP2/AGO4/PRF1/AGO2/GZMB/MAPK1/NOTCH1/RB1/TNRC6C/ICOS/DNMT1/STAT3/CCNB1","REACTOME"
"REACTOME_PKR_MEDIATED_SIGNALING","REACTOME_PKR_MEDIATED_SIGNALING",66,0.4055531303324,1.3452787432921,0.0717488789237668,0.323090902971763,0.277744811326603,3670,"tags=42%, list=27%, signal=31%","HSPA2/FANCA/TUBA1B/CHUK/FANCG/PPP2R1B/TUBB2A/EIF2AK2/TRIM25/EIF2S3/STAT1/HSPA1A/PPP2R5A/FANCC/FANCF/CDK1/TUBB4B/ISG15/STAT3/PPP2CB/TUBA4A/ARIH1/TP53/TUBA3D/FANCL/ADAR/MAVS/UBE2L6","REACTOME"
"REACTOME_SIGNALING_BY_TGF_BETA_RECEPTOR_COMPLEX","REACTOME_SIGNALING_BY_TGF_BETA_RECEPTOR_COMPLEX",81,0.386964883636238,1.32555866254847,0.0723589001447178,0.323090902971763,0.277744811326603,1887,"tags=25%, list=14%, signal=21%","TGFBR3/RNF111/PPP1R15A/CBL/TGIF2/E2F4/NCOR1/EP300/USP9X/CCNK/FURIN/PARP1/E2F5/TGFB1/LTBP3/STAT1/SP1/CCNT2/MAPK1/SKIL","REACTOME"
"REACTOME_CHEMOKINE_RECEPTORS_BIND_CHEMOKINES","REACTOME_CHEMOKINE_RECEPTORS_BIND_CHEMOKINES",31,0.493730647312278,1.43197049614629,0.0732696547158442,0.325642909848197,0.279938641799327,2780,"tags=35%, list=20%, signal=28%","CX3CR1/CCR6/CCL4/CXCR6/CCR5/XCL1/CCL5/CCR10/CCR4/CCR2/CCL28","REACTOME"
"REACTOME_N_GLYCAN_ANTENNAE_ELONGATION_IN_THE_MEDIAL_TRANS_GOLGI","REACTOME_N_GLYCAN_ANTENNAE_ELONGATION_IN_THE_MEDIAL_TRANS_GOLGI",16,0.567091532082201,1.42409781317162,0.0745542949756888,0.32982545242701,0.283534160858307,3252,"tags=50%, list=24%, signal=38%","ST8SIA6/FUCA1/B4GALT2/ST3GAL4/MAN2A2/B4GALT1/MGAT4B/B4GALT4","REACTOME"
"REACTOME_INTRA_GOLGI_AND_RETROGRADE_GOLGI_TO_ER_TRAFFIC","REACTOME_INTRA_GOLGI_AND_RETROGRADE_GOLGI_TO_ER_TRAFFIC",177,0.329829800236077,1.24935308667991,0.07503234152652,0.330417650758987,0.284043243634919,3869,"tags=36%, list=28%, signal=26%","KLC4/KIF13B/GOSR1/CENPE/KIF26A/KIF1B/ACTR1A/COPG1/RAB1B/TUBA1B/RAB1A/GOLIM4/ARCN1/PAFAH1B2/TUBB2A/TMED10/KDELR1/BET1L/ARF1/KIF21B/KIF11/COG3/RAB18/STX16/NAA30/AGPAT3/PAFAH1B1/NAA35/KIF21A/TGOLN2/KIF5B/MAN2A2/KDELR2/CAPZB/KIFAP3/TUBB4B/CYTH2/KIF15/VPS52/RAB30/RGP1/ACTR10/TUBA4A/MAN1C1/VAMP3/COG7/SCOC/DCTN4/TUBA3D/GCC1/USP6NL/COPB1/KIF22/TMED9/CYTH4/SYS1/KIF9/RIC1/GOLGA5/DYNC1H1/CYTH3/VPS53/KIF3B","REACTOME"
"REACTOME_TRANSCRIPTIONAL_REGULATION_BY_RUNX2","REACTOME_TRANSCRIPTIONAL_REGULATION_BY_RUNX2",79,0.381570323950457,1.30490209732496,0.0764790764790765,0.33525074620965,0.288198009899524,2414,"tags=28%, list=18%, signal=23%","RUNX2/PSMB5/HIVEP3/AKT1/CCND1/RUNX1/PSMC6/AKT3/ADRM1/NR3C1/PSMB2/PPARGC1B/BAX/STAT1/LGALS3/MAPK1/RB1/CDKN1A/CDK1/PSMA5/HDAC6/PSMA6","REACTOME"
"REACTOME_PEROXISOMAL_LIPID_METABOLISM","REACTOME_PEROXISOMAL_LIPID_METABOLISM",24,0.510034534162579,1.41642283889738,0.0770465489566613,0.336203122719977,0.289016719531208,2151,"tags=33%, list=16%, signal=28%","PHYH/CRAT/ABCD1/CROT/ACOT8/MLYCD/EHHADH/ECI2","REACTOME"
"REACTOME_TRANSCRIPTIONAL_REGULATION_BY_TP53","REACTOME_TRANSCRIPTIONAL_REGULATION_BY_TP53",332,0.29614149006363,1.20388225666794,0.0780141843971631,0.338885144892654,0.291322317539299,2697,"tags=25%, list=20%, signal=20%","HUS1/CREBBP/ERCC3/HIPK1/SESN2/PRR5/RFFL/AKT1/AGO4/BRPF3/TNFRSF10B/E2F4/PRDM1/GPX2/POLR2A/GATAD2B/PML/AGO2/EP300/CNOT10/JUN/NDRG1/CCNK/PIP4P1/PPP2R1B/TIGAR/CDK12/CSNK2A1/GLS/AKT3/TP53BP2/FOS/ATRIP/HIPK2/PDPK1/BAX/TAF4/NELFA/E2F8/CRADD/GATAD2A/BARD1/RBBP8/GPI/CCNT2/USP7/GADD45A/TAF12/FANCC/SETD9/RMI1/JMY/SUPT5H/PRKAA1/CHD4/BCL6/RAD9B/YWHAQ/CDKN1A/CDK1/MDM2/TP53RK/YWHAE/MDM4/CDK7/BRCA1/TNRC6C/RICTOR/RBBP4/NBN/PIP4K2C/TOP3A/RAD17/CCNT1/CNOT6L/CDK13/CASP1/CDK2/EHMT1/CYCS/ATR/LAMTOR3","REACTOME"
"REACTOME_SIGNALING_BY_CYTOSOLIC_FGFR1_FUSION_MUTANTS","REACTOME_SIGNALING_BY_CYTOSOLIC_FGFR1_FUSION_MUTANTS",18,0.54315649320457,1.39608517567056,0.0796747967479675,0.343773873185638,0.295524908528004,3214,"tags=33%, list=24%, signal=25%","STAT5A/CEP43/STAT1/STAT3/PIK3CA/MYO18A","REACTOME"
"REACTOME_RIPK1_MEDIATED_REGULATED_NECROSIS","REACTOME_RIPK1_MEDIATED_REGULATED_NECROSIS",32,-0.430568341425969,-1.36453155379983,0.0802139037433155,0.343773873185638,0.295524908528004,1461,"tags=31%, list=11%, signal=28%","RPS27A/BIRC3/UBB/TRADD/FADD/CASP8/UBE2L3/CDC37/UBA52/FLOT1","REACTOME"
"REACTOME_RAB_GERANYLGERANYLATION","REACTOME_RAB_GERANYLGERANYLATION",55,0.411215033358867,1.33082435262037,0.0801815431164902,0.343773873185638,0.295524908528004,2884,"tags=29%, list=21%, signal=23%","RAB27A/RAB1B/RAB26/RAB1A/RAB29/RAB14/RAB11B/RAB15/RAB18/RAB4B/RAB39B/RAB34/RAB12/RAB8B/RAB27B/RAB30","REACTOME"
"REACTOME_PINK1_PRKN_MEDIATED_MITOPHAGY","REACTOME_PINK1_PRKN_MEDIATED_MITOPHAGY",31,-0.443677949777393,-1.39386359454502,0.0835579514824798,0.356513926325247,0.306476884033984,2628,"tags=42%, list=19%, signal=34%","MFN2/RPS27A/OPTN/ATG12/UBB/UBE2D2/UBE2L3/UBA52/VDAC2/TOMM22/UBE2D3/TOMM7/TOMM5","REACTOME"
"REACTOME_TRNA_AMINOACYLATION","REACTOME_TRNA_AMINOACYLATION",42,-0.406802642466737,-1.36432235748956,0.0845070422535211,0.358495598826354,0.308180427061251,1423,"tags=26%, list=10%, signal=24%","YARS2/LARS1/QARS1/PPA2/KARS1/SARS2/VARS2/PPA1/FARS2/DARS1/RARS2","REACTOME"
"REACTOME_MRNA_SPLICING_MINOR_PATHWAY","REACTOME_MRNA_SPLICING_MINOR_PATHWAY",49,-0.38540457159676,-1.34730054651169,0.0853994490358127,0.358495598826354,0.308180427061251,1409,"tags=24%, list=10%, signal=22%","SRSF6/POLR2J/TXNL4A/POLR2C/GTF2F2/YBX1/ZMAT5/SNRPB/SNRPD2/SNRNP25/POLR2G/SF3B5","REACTOME"
"REACTOME_SIGNALING_BY_NOTCH1","REACTOME_SIGNALING_BY_NOTCH1",62,0.399931550899295,1.30943470207759,0.0858895705521472,0.358495598826354,0.308180427061251,2484,"tags=27%, list=18%, signal=23%","CREBBP/MAMLD1/PSEN1/NCOR1/EP300/NCSTN/HDAC7/TLE3/HDAC5/DTX1/FBXW7/NOTCH1/MAML1/HDAC11/ITCH/HDAC6/HDAC8","REACTOME"
"REACTOME_B_WICH_COMPLEX_POSITIVELY_REGULATES_RRNA_EXPRESSION","REACTOME_B_WICH_COMPLEX_POSITIVELY_REGULATES_RRNA_EXPRESSION",67,-0.349366341726732,-1.29561375943491,0.0849386469571336,0.358495598826354,0.308180427061251,2417,"tags=25%, list=18%, signal=21%","TAF1D/H2AC20/H2AC4/POLR1C/H3-3A/TBP/KAT2A/H4C2/H3C1/H2BC4/H4C5/H2BC8/H2AC6/H3C10/H2BC21/H2BC5/H2AC8","REACTOME"
"REACTOME_RESPIRATORY_SYNCYTIAL_VIRUS_INFECTION_PATHWAY","REACTOME_RESPIRATORY_SYNCYTIAL_VIRUS_INFECTION_PATHWAY",94,0.366240864464214,1.27907512404251,0.0855539971949509,0.358495598826354,0.308180427061251,3158,"tags=28%, list=23%, signal=21%","CREBBP/CX3CR1/OAS2/MAP1B/MED20/MED25/IFIH1/EP300/FURIN/CSNK2A1/MED21/EIF2AK2/TRIM25/MED6/MED24/TLR6/MED26/SPCS2/MED22/STAT2/ISG15/IGF1R/ELOC/PPP1CB/MED17/ARIH1","REACTOME"
"REACTOME_TRANSPORT_TO_THE_GOLGI_AND_SUBSEQUENT_MODIFICATION","REACTOME_TRANSPORT_TO_THE_GOLGI_AND_SUBSEQUENT_MODIFICATION",151,0.333995973380289,1.23795687907355,0.0882740447957839,0.366853173177284,0.315365008520823,3252,"tags=31%, list=24%, signal=24%","ST8SIA6/GOSR1/CTSC/PPP6R1/ACTR1A/SEC24C/COPG1/SEC24A/FUCA1/RAB1B/TUBA1B/RAB1A/ARCN1/GORASP1/B4GALT2/ST3GAL4/TUBB2A/TMED10/TRAPPC10/KDELR1/SCFD1/SPTAN1/BET1L/ARF1/TMEM115/LMAN1/SEC31A/COG3/ANKRD28/MAN2A2/SEC22A/BET1/KDELR2/CAPZB/SEC24D/MCFD2/AREG/MIA2/TUBB4B/TRAPPC6B/B4GALT1/ACTR10/MGAT4B/TUBA4A/MAN1C1/COG7/B4GALT4","REACTOME"
"REACTOME_MITF_M_DEPENDENT_GENE_EXPRESSION","REACTOME_MITF_M_DEPENDENT_GENE_EXPRESSION",82,0.373987487931566,1.28461437605223,0.0893371757925072,0.369671072244857,0.317787412982421,3042,"tags=30%, list=22%, signal=24%","ARID1A/RAB27A/SMARCA4/AGO4/PXN/CCND1/ACTL6A/AGO2/SMARCA2/CDC25B/ACTB/TCF7L2/ATP6V1C1/SS18/MYO5A/CDKN1A/BRCA1/TNRC6C/USF1/MLANA/CDK2/BCL7A/SS18L1/SIRT1/CCNB1","REACTOME"
"REACTOME_REGULATED_NECROSIS","REACTOME_REGULATED_NECROSIS",54,-0.370892744033965,-1.31365920739578,0.0901162790697674,0.371294540373291,0.319183025934934,1461,"tags=22%, list=11%, signal=20%","UBB/CASP4/TRADD/FADD/CASP8/UBE2L3/CDC37/HMGB1/UBA52/CHMP4B/CHMP6/FLOT1","REACTOME"
"REACTOME_TRANSPORT_OF_SMALL_MOLECULES","REACTOME_TRANSPORT_OF_SMALL_MOLECULES",432,0.284673384253667,1.17616408774611,0.0907003444316877,0.372103977155642,0.31987885755485,2859,"tags=24%, list=21%, signal=19%","ATP2B4/WNK1/CETP/HBB/HBA2/SLC6A6/ABCF1/PSMB5/SLC11A1/SLC30A1/SLC39A6/CTNS/SLC43A1/AP2B1/SLC9A1/MMGT1/MYO5B/CLCN3/ADCY7/SLC9A6/SLC17A5/ADCY9/ABCA5/LDLR/CPTP/RUNX1/SLC2A1/PSMC6/FURIN/ABCD1/SLC17A3/ATP2A2/SLC12A7/ATP7B/SLC1A4/ABCB8/ADRM1/MCOLN2/SLC46A1/PSMB2/SLCO4A1/CAND1/EIF2S3/PLN/SLC24A4/ABCA2/SLC39A7/ATP10D/ARF1/DERL3/ABCC4/SLC44A1/ANO6/PDZD11/ATP6V1C1/STOM/SLC36A4/GNB4/SLC35A3/SLC4A8/RIPK1/ANO10/SLC2A13/ATP7A/CLCN6/ATP2A3/SLC2A8/ATP1A3/TCIRG1/LMF1/SLC2A14/IREB2/ATP1B3/SLC67A1/TRPM7/ANO8/TRPA1/PSMA5/SLC3A2/ABCB10/SLC29A3/SLC33A1/PSMA6/ZDHHC8/SLC1A5/ABCA3/SOAT1/SLC25A10/FXYD7/ERLEC1/MYLIP/SGK3/GNAS/SLC2A3/NEDD8/SLC25A22/PRKAR2B/SLC20A1/ATP2B1/CLTA/SLC41A1/RAB11FIP2","REACTOME"
"REACTOME_E3_UBIQUITIN_LIGASES_UBIQUITINATE_TARGET_PROTEINS","REACTOME_E3_UBIQUITIN_LIGASES_UBIQUITINATE_TARGET_PROTEINS",53,-0.372575959864568,-1.31232743720525,0.0927536231884058,0.37890841813136,0.325728289270818,1461,"tags=23%, list=11%, signal=20%","UBB/UBE2D2/RTF1/UBE2L3/H2BC4/UBA52/H2BC8/UBE2D3/RNF181/H2BC5/RNF144A/SKIC8","REACTOME"
"REACTOME_CD209_DC_SIGN_SIGNALING","REACTOME_CD209_DC_SIGN_SIGNALING",19,0.534789154885491,1.38641485288802,0.0943708609271523,0.379062872343373,0.325861065698689,1659,"tags=26%, list=12%, signal=23%","CREBBP/RELA/EP300/HRAS/NFKB1","REACTOME"
"REACTOME_MET_PROMOTES_CELL_MOTILITY","REACTOME_MET_PROMOTES_CELL_MOTILITY",19,0.534190146665612,1.38486195323503,0.0943708609271523,0.379062872343373,0.325861065698689,1992,"tags=16%, list=15%, signal=13%","RAPGEF1/RAC1/DOCK7","REACTOME"
"REACTOME_SUMOYLATION_OF_RNA_BINDING_PROTEINS","REACTOME_SUMOYLATION_OF_RNA_BINDING_PROTEINS",45,0.424223032673997,1.31780681909769,0.09375,0.379062872343373,0.325861065698689,1910,"tags=27%, list=14%, signal=23%","PHC1/CBX4/POM121C/RANBP2/POM121/NUP58/NUP88/NUP214/NDC1/NUP160/RNF2/NUP98","REACTOME"
"REACTOME_COPII_MEDIATED_VESICLE_TRANSPORT","REACTOME_COPII_MEDIATED_VESICLE_TRANSPORT",62,0.3958728295029,1.29614585144664,0.093558282208589,0.379062872343373,0.325861065698689,2518,"tags=29%, list=19%, signal=24%","CTSC/PPP6R1/SEC24C/SEC24A/RAB1B/RAB1A/GORASP1/TMED10/TRAPPC10/SCFD1/LMAN1/SEC31A/ANKRD28/SEC22A/BET1/SEC24D/MCFD2/AREG","REACTOME"
"REACTOME_NGF_STIMULATED_TRANSCRIPTION","REACTOME_NGF_STIMULATED_TRANSCRIPTION",28,0.469317340040551,1.34821312568833,0.0955414012738854,0.382165605095541,0.328528327187395,2451,"tags=32%, list=18%, signal=26%","NAB1/MEF2D/EP300/TCF12/FOS/FOSB/CHD4/JUND/DNM2","REACTOME"
"REACTOME_METABOLISM_OF_CARBOHYDRATES_AND_CARBOHYDRATE_DERIVATIVES","REACTOME_METABOLISM_OF_CARBOHYDRATES_AND_CARBOHYDRATE_DERIVATIVES",220,0.309014819098696,1.20716798819114,0.0960809102402023,0.382728937056407,0.329012595013403,2029,"tags=20%, list=15%, signal=18%","CHST12/ST3GAL3/RPE/FUT7/CHPF/SLC9A1/B3GNT2/CHST7/POM121C/BPGM/SLC17A5/XYLT1/XYLT2/RANBP2/POM121/IDS/PRPS2/SLC2A1/B4GALT2/ST3GAL4/PPP2R1B/AGL/HGSNAT/NUP58/CHP1/PFKM/ENO2/CHST11/GLYCTK/NUP88/PFKL/PGM2L1/GPI/CHSY1/PFKFB3/NUP214/B3GAT3/NDC1/NUP160/SGSH/NUP98/G6PC3/FAM20B/B3GALT4/CHST14","REACTOME"
"REACTOME_INTRINSIC_PATHWAY_FOR_APOPTOSIS","REACTOME_INTRINSIC_PATHWAY_FOR_APOPTOSIS",51,0.408842344564044,1.30272476166854,0.0972222222222222,0.385674931129477,0.331545116234111,4345,"tags=49%, list=32%, signal=33%","AKT1/NMT1/GZMB/AKT3/TP53BP2/BAX/SEPTIN4/MAPK1/BAK1/YWHAQ/YWHAE/PPP3R1/CYCS/CASP9/STAT3/TP53/BCL2L1/BBC3/GSDME/TFDP1/APIP/DYNLL1/PPP1R13B/AVEN/YWHAG","REACTOME"
"REACTOME_RND2_GTPASE_CYCLE","REACTOME_RND2_GTPASE_CYCLE",35,0.438123757427163,1.30573407478019,0.0996884735202492,0.39383100649975,0.338556479271715,2964,"tags=34%, list=22%, signal=27%","PRAG1/PLXND1/TNFAIP1/LEMD3/ARHGAP35/GOLGA3/BLTP3B/FRS2/ARHGAP1/SCRIB/TXNL1/KIF14","REACTOME"
"REACTOME_OTHER_INTERLEUKIN_SIGNALING","REACTOME_OTHER_INTERLEUKIN_SIGNALING",18,0.530713192873227,1.36410193079299,0.100813008130081,0.396341463414634,0.34071459135644,3699,"tags=50%, list=27%, signal=36%","IL32/CD4/STXBP2/STX4/VAMP2/STX1A/TXLNA/CSF1/STX3","REACTOME"
"REACTOME_SIGNALING_BY_MODERATE_KINASE_ACTIVITY_BRAF_MUTANTS","REACTOME_SIGNALING_BY_MODERATE_KINASE_ACTIVITY_BRAF_MUTANTS",38,0.438060417977231,1.32718337048446,0.1015625,0.396341463414634,0.34071459135644,2646,"tags=32%, list=19%, signal=25%","VCL/TLN1/ACTB/ARAF/HRAS/MAP2K2/MAPK1/MARK3/IQGAP1/APBB1IP/CSK/JAK2","REACTOME"
"REACTOME_APC_C_CDH1_MEDIATED_DEGRADATION_OF_CDC20_AND_OTHER_APC_C_CDH1_TARGETED_PROTEINS_IN_LATE_MITOSIS_EARLY_G1","REACTOME_APC_C_CDH1_MEDIATED_DEGRADATION_OF_CDC20_AND_OTHER_APC_C_CDH1_TARGETED_PROTEINS_IN_LATE_MITOSIS_EARLY_G1",61,-0.346604433336049,-1.2694778024284,0.101449275362319,0.396341463414634,0.34071459135644,2437,"tags=31%, list=18%, signal=26%","PSMD6/RPS27A/PSMA7/PSMB7/PSMD8/SKP2/PSMC3/PSMB3/UBB/ANAPC16/ANAPC2/ANAPC10/CDC23/PSMA3/FZR1/UBA52/PSMB1/ANAPC11/ANAPC5","REACTOME"
"REACTOME_INTERLEUKIN_1_SIGNALING","REACTOME_INTERLEUKIN_1_SIGNALING",99,0.353658632930155,1.24476582650171,0.102493074792244,0.398353651014389,0.342444366661492,2550,"tags=25%, list=19%, signal=21%","S100B/TAB1/UBE2V1/RELA/PSMB5/NOD1/TRAF6/NFKBIB/USP14/CHUK/PSMC6/LRRC14/ADRM1/FBXW11/PSMB2/NLRC5/MAP2K4/NFKB1/N4BP1/IL1RAP/PSMA5/MAP3K3/PSMA6/UBE2N/MAP3K8","REACTOME"
"REACTOME_HCMV_EARLY_EVENTS","REACTOME_HCMV_EARLY_EVENTS",103,-0.305415594919073,-1.19919703620685,0.102941176470588,0.398481973434535,0.342554678917407,1704,"tags=18%, list=13%, signal=16%","DYNC1LI1/H4C2/NUP50/H3C1/H2AC16/NUP107/H2BC4/H2BC18/H2AC13/H4C5/SEH1L/H2BC8/H2AC6/H2AC21/H3C10/H2BC21/H2BC5/NUP205/H2AC8","REACTOME"
"REACTOME_INTERLEUKIN_37_SIGNALING","REACTOME_INTERLEUKIN_37_SIGNALING",19,0.525534252442303,1.36242196879145,0.104304635761589,0.400529801324503,0.344315092366678,2882,"tags=47%, list=21%, signal=37%","PTPN18/PTPN7/IL18BP/TBK1/IL18R1/PTPN4/CASP1/PTPN23/STAT3","REACTOME"
"REACTOME_INITIATION_OF_NUCLEAR_ENVELOPE_NE_REFORMATION","REACTOME_INITIATION_OF_NUCLEAR_ENVELOPE_NE_REFORMATION",19,0.524374883511808,1.35941636127206,0.104304635761589,0.400529801324503,0.344315092366678,4385,"tags=58%, list=32%, signal=39%","EMD/LMNA/LEMD3/CDK1/LMNB1/PPP2R2A/CCNB1/VRK2/CCNB2/LEMD2/KPNB1","REACTOME"
"REACTOME_ABORTIVE_ELONGATION_OF_HIV_1_TRANSCRIPT_IN_THE_ABSENCE_OF_TAT","REACTOME_ABORTIVE_ELONGATION_OF_HIV_1_TRANSCRIPT_IN_THE_ABSENCE_OF_TAT",22,-0.465334252798908,-1.3331055766183,0.106493506493506,0.40408603254453,0.347372203415474,1211,"tags=27%, list=9%, signal=25%","POLR2J/POLR2C/GTF2F2/SUPT4H1/POLR2G/NELFE","REACTOME"
"REACTOME_SIGNALING_BY_NOTCH1_PEST_DOMAIN_MUTANTS_IN_CANCER","REACTOME_SIGNALING_BY_NOTCH1_PEST_DOMAIN_MUTANTS_IN_CANCER",49,0.413320891357738,1.30605945125942,0.10641627543036,0.40408603254453,0.347372203415474,2484,"tags=29%, list=18%, signal=23%","CREBBP/MAMLD1/PSEN1/NCOR1/EP300/NCSTN/HDAC7/HDAC5/FBXW7/NOTCH1/MAML1/HDAC11/HDAC6/HDAC8","REACTOME"
"REACTOME_OPIOID_SIGNALLING","REACTOME_OPIOID_SIGNALLING",63,0.391578015131978,1.28416174275218,0.105990783410138,0.40408603254453,0.347372203415474,3002,"tags=35%, list=22%, signal=27%","ITPR3/GRK2/ADCY7/KPNA2/ADCY9/PLCB2/PPP2R1B/PDE4D/GNA15/GNB4/GNAI3/PDE4A/MAPK1/PPP3CA/PLCB1/PDE4B/ITPR1/PPP3R1/PRKCD/PRKAR2B/PPP2CB/PRKAR2A","REACTOME"
"REACTOME_MITOCHONDRIAL_UNFOLDED_PROTEIN_RESPONSE_UPRMT","REACTOME_MITOCHONDRIAL_UNFOLDED_PROTEIN_RESPONSE_UPRMT",16,0.551013073143776,1.38372108927784,0.108589951377634,0.410418713868222,0.352816087360401,2761,"tags=38%, list=20%, signal=30%","AKT1/DNAJA1/HSF1/HSPA1A/FOXO3/HSPE1","REACTOME"
"REACTOME_THE_ROLE_OF_NEF_IN_HIV_1_REPLICATION_AND_DISEASE_PATHOGENESIS","REACTOME_THE_ROLE_OF_NEF_IN_HIV_1_REPLICATION_AND_DISEASE_PATHOGENESIS",27,0.467726051510046,1.34347222623591,0.110062893081761,0.414354421013689,0.356199414555627,1635,"tags=26%, list=12%, signal=23%","AP2B1/AP1G1/PACS1/CD4/ARF1/RAC1/DOCK2","REACTOME"
"REACTOME_NUCLEAR_EVENTS_MEDIATED_BY_NFE2L2","REACTOME_NUCLEAR_EVENTS_MEDIATED_BY_NFE2L2",76,0.368151393148689,1.25454268035525,0.111594202898551,0.418478260869565,0.359744469870328,1659,"tags=18%, list=12%, signal=16%","CREBBP/RELA/PSMB5/GCLC/GCLM/KEAP1/EP300/PSMC6/CHD6/ADRM1/PSMB2/SP1/IDH1/NFKB1","REACTOME"
"REACTOME_RHOD_GTPASE_CYCLE","REACTOME_RHOD_GTPASE_CYCLE",43,0.42684024982757,1.3194006561814,0.113707165109034,0.423096428312686,0.363714473461782,3810,"tags=47%, list=28%, signal=34%","EMD/EFHD2/ARHGAP26/LEMD3/ARHGAP35/WHAMM/PGRMC2/TOR1AIP1/LMAN1/CAPZB/LMNB1/DBN1/ARHGAP1/VAMP3/MOSPD2/SLC4A7/VAPB/VRK2/ARHGAP17/DIAPH1","REACTOME"
"REACTOME_REGULATION_OF_TP53_EXPRESSION_AND_DEGRADATION","REACTOME_REGULATION_OF_TP53_EXPRESSION_AND_DEGRADATION",35,0.432866667736152,1.29006644428227,0.113707165109034,0.423096428312686,0.363714473461782,2609,"tags=37%, list=19%, signal=30%","PRR5/RFFL/AKT1/PRDM1/PPP2R1B/AKT3/PDPK1/USP7/CDK1/MDM2/MDM4/RICTOR/CDK2","REACTOME"
"REACTOME_MITOCHONDRIAL_FATTY_ACID_BETA_OXIDATION","REACTOME_MITOCHONDRIAL_FATTY_ACID_BETA_OXIDATION",31,-0.414392994528986,-1.30186165257536,0.115902964959569,0.429601723402262,0.369306744679138,1492,"tags=19%, list=11%, signal=17%","ACADM/HADH/ACAD10/ACADVL/PCCA/THEM4","REACTOME"
"REACTOME_RECYCLING_PATHWAY_OF_L1","REACTOME_RECYCLING_PATHWAY_OF_L1",36,0.434105192644889,1.30196567477344,0.116822429906542,0.431344356578001,0.370804797760036,3709,"tags=44%, list=27%, signal=32%","AP2B1/L1CAM/TUBA1B/TUBB2A/ACTB/MAPK1/DNM2/TUBB4B/CLTA/TUBA4A/DPYSL2/EZR/RPS6KA3/DNM1/TUBA3D/MSN","REACTOME"
"REACTOME_BACTERIAL_INFECTION_PATHWAYS","REACTOME_BACTERIAL_INFECTION_PATHWAYS",70,0.373261731386849,1.25268624707462,0.117910447761194,0.432038281873077,0.371401330031242,1913,"tags=21%, list=14%, signal=19%","HBB/HBA2/VPS33B/GSK3A/RNF213/CBL/HGS/CBLL1/FURIN/SYT2/ANTXR2/MAP2K4/MAP2K2/MAPK1/CTNND1","REACTOME"
"REACTOME_RNA_POLYMERASE_I_TRANSCRIPTION","REACTOME_RNA_POLYMERASE_I_TRANSCRIPTION",86,-0.314828794159278,-1.22002882345025,0.117845117845118,0.432038281873077,0.371401330031242,1994,"tags=26%, list=15%, signal=22%","TAF1D/H2AC20/H2AC4/POLR1C/H3-3A/TBP/KAT2A/H4C2/H3C1/CAVIN1/GTF2H2/MAPK3/H2BC4/GTF2H5/HDAC1/H4C5/H2BC8/H2AC6/H3C10/H2BC21/H2BC5/H2AC8","REACTOME"
"REACTOME_FC_EPSILON_RECEPTOR_FCERI_SIGNALING","REACTOME_FC_EPSILON_RECEPTOR_FCERI_SIGNALING",118,0.338187804628146,1.2197959845569,0.118367346938776,0.432063319624428,0.371422853712227,2513,"tags=27%, list=18%, signal=22%","TAB1/UBE2V1/RELA/PSMB5/ITPR3/TRAF6/CHUK/JUN/PSMC6/NFATC3/ADRM1/FOS/FBXW11/PSMB2/PDPK1/MAP2K4/RAC1/HRAS/CDC34/NFKB1/MAPK1/NFATC2/RASGRP4/LCP2/PPP3CA/ITPR1/RASGRP1/PSMA5/PSMA6/PPP3R1/UBE2N/NFATC1","REACTOME"
"REACTOME_FORMATION_OF_WDR5_CONTAINING_HISTONE_MODIFYING_COMPLEXES","REACTOME_FORMATION_OF_WDR5_CONTAINING_HISTONE_MODIFYING_COMPLEXES",42,0.415687148255055,1.28407480416661,0.120556414219474,0.436732670379983,0.375436856993319,2353,"tags=31%, list=17%, signal=26%","KMT2A/KANSL3/MBIP/KANSL1/HCFC2/SETD1A/KDM6A/YEATS2/HCFC1/RBBP5/KMT2C/BOD1L1/PAGR1","REACTOME"
"REACTOME_REGULATION_OF_LIPID_METABOLISM_BY_PPARALPHA","REACTOME_REGULATION_OF_LIPID_METABOLISM_BY_PPARALPHA",99,0.347737586892937,1.22392562898354,0.120498614958449,0.436732670379983,0.375436856993319,3410,"tags=28%, list=25%, signal=21%","HELZ2/CREBBP/MED20/MED25/NCOR1/MTF1/EP300/MED21/NR1D1/PPARGC1B/MED6/SP1/FDFT1/MED24/MED26/RXRA/FHL2/SIN3B/MED22/RORA/ARNT/MED17/APOA1/TGS1/CLOCK/MED29/NR1H2/RXRB","REACTOME"
"REACTOME_GLYCOGEN_METABOLISM","REACTOME_GLYCOGEN_METABOLISM",22,-0.4555824967499,-1.30516841039303,0.122077922077922,0.440581974416561,0.37874590783178,2422,"tags=41%, list=18%, signal=34%","RPS27A/PHKG2/PHKA2/UBB/PHKG1/PGM1/AKR1E2/UBA52/GYG1","REACTOME"
"REACTOME_CARGO_CONCENTRATION_IN_THE_ER","REACTOME_CARGO_CONCENTRATION_IN_THE_ER",28,0.456439090865764,1.31121763651285,0.122611464968153,0.440850211121449,0.378976497279842,2559,"tags=32%, list=19%, signal=26%","CTSC/SEC24C/SEC24A/TMED10/LMAN1/SEC24D/MCFD2/AREG/MIA2","REACTOME"
"REACTOME_RAB_GEFS_EXCHANGE_GTP_FOR_GDP_ON_RABS","REACTOME_RAB_GEFS_EXCHANGE_GTP_FOR_GDP_ON_RABS",81,0.363008164039622,1.24349427239209,0.125904486251809,0.447660395561987,0.384830866360305,2978,"tags=32%, list=22%, signal=25%","SBF1/RAB27A/AKT1/RAB1B/RAB1A/DENND4A/MON1B/AKT3/RAB14/TRAPPC10/DENND1B/GDI1/RAB18/DENND1A/RAB39B/GAPVD1/RIN1/YWHAE/RAB12/HPS1/RAB8B/ALS2/TRAPPC6B/RAB27B/RGP1/TRAPPC11","REACTOME"
"REACTOME_MEIOTIC_SYNAPSIS","REACTOME_MEIOTIC_SYNAPSIS",56,-0.34487278713225,-1.23211440811656,0.125730994152047,0.447660395561987,0.384830866360305,1124,"tags=18%, list=8%, signal=16%","SMC1A/H2BC4/H4C5/H2BC8/H2AC6/DIDO1/H2BC21/H2BC5/SUN1/H2AC8","REACTOME"
"REACTOME_MITF_M_REGULATED_MELANOCYTE_DEVELOPMENT","REACTOME_MITF_M_REGULATED_MELANOCYTE_DEVELOPMENT",118,0.335903955204865,1.2115584599693,0.125170068027211,0.447660395561987,0.384830866360305,3104,"tags=31%, list=23%, signal=24%","CREBBP/ARID1A/RAB27A/SMARCA4/AGO4/PXN/CCND1/ACTL6A/AGO2/SMARCA2/EP300/CDC25B/AKT3/ACTB/TCF7L2/ATP6V1C1/SS18/MYO5A/MAPK1/AIMP2/MARK3/MC1R/CDKN1A/YWHAE/BRCA1/TNRC6C/USF1/MLANA/CDK2/EDN3/BCL7A/SS18L1/SIRT1/TFE3/CCNB1/GSK3B","REACTOME"
"REACTOME_ANTIGEN_PROCESSING_UBIQUITINATION_PROTEASOME_DEGRADATION","REACTOME_ANTIGEN_PROCESSING_UBIQUITINATION_PROTEASOME_DEGRADATION",267,0.293817692945534,1.17066039410918,0.126964933494559,0.449765078061905,0.386640154825147,3601,"tags=32%, list=27%, signal=24%","CBLB/LRSAM1/RNF111/UBE2K/UBE2V1/PSMB5/UBR2/RNF213/KBTBD6/HECW2/RLIM/HECTD1/GAN/KEAP1/UBE3C/PSMC6/FBXO2/UBE2Q2/DTX3L/SPSB2/UBE2R2/SIAH2/ADRM1/FBXW11/RNF4/PSMB2/DCAF1/LONRF1/HERC6/KLHL5/TRIM39/TRIM4/KLHL25/HUWE1/ZNRF1/ASB3/CDC34/TRIM21/HERC2/FBXW7/RBBP6/RCHY1/UBE2S/CUL2/SPSB1/KLHL3/ITCH/PSMA5/PRKN/RNF115/UBE2E1/PSMA6/UBE2N/KBTBD7/UBE2O/MYLIP/TRAF7/FBXL3/LTN1/UBE2D4/FBXW5/RNF19B/UBE2A/ARIH2/ANAPC4/FBXW4/ELOC/FBXL20/KLHL11/RNF126/PJA2/PSMD12/PSMD1/UBA3/NEDD4L/MGRN1/ASB7/ANAPC1/TRIM11/FBXW9/PSMD3/KLHL21/BTBD1/FBXO32/HERC3/TRIP12","REACTOME"
"REACTOME_EGR2_AND_SOX10_MEDIATED_INITIATION_OF_SCHWANN_CELL_MYELINATION","REACTOME_EGR2_AND_SOX10_MEDIATED_INITIATION_OF_SCHWANN_CELL_MYELINATION",15,0.548607153618852,1.35244460449891,0.133884297520661,0.450096404075311,0.386924978941934,1003,"tags=20%, list=7%, signal=19%","SMARCA4/NAB1/SCD5","REACTOME"
"REACTOME_TRAF6_MEDIATED_INDUCTION_OF_TAK1_COMPLEX_WITHIN_TLR4_COMPLEX","REACTOME_TRAF6_MEDIATED_INDUCTION_OF_TAK1_COMPLEX_WITHIN_TLR4_COMPLEX",15,0.545809833737479,1.3455485584746,0.138842975206612,0.450096404075311,0.386924978941934,564,"tags=20%, list=4%, signal=19%","TAB1/TICAM1/TRAF6","REACTOME"
"REACTOME_PCNA_DEPENDENT_LONG_PATCH_BASE_EXCISION_REPAIR","REACTOME_PCNA_DEPENDENT_LONG_PATCH_BASE_EXCISION_REPAIR",21,-0.465270802538348,-1.32122005075366,0.1328125,0.450096404075311,0.386924978941934,1866,"tags=52%, list=14%, signal=45%","RFC4/LIG1/RFC5/POLD3/PCNA/POLD2/APEX1/POLE4/POLD4/POLB/POLE3","REACTOME"
"REACTOME_RNA_POLYMERASE_III_TRANSCRIPTION_INITIATION_FROM_TYPE_3_PROMOTER","REACTOME_RNA_POLYMERASE_III_TRANSCRIPTION_INITIATION_FROM_TYPE_3_PROMOTER",27,0.457273258489593,1.31344816179855,0.138364779874214,0.450096404075311,0.386924978941934,843,"tags=15%, list=6%, signal=14%","SNAPC2/POLR3A/SNAPC4/POLR3D","REACTOME"
"REACTOME_SIGNALING_BY_ERYTHROPOIETIN","REACTOME_SIGNALING_BY_ERYTHROPOIETIN",23,0.479501472674612,1.3128548289272,0.128038897893031,0.450096404075311,0.386924978941934,3778,"tags=43%, list=28%, signal=31%","RAPGEF1/STAT5A/HRAS/PIK3CG/JAK2/PIK3CA/NRAS/PIK3CB/SOS1/SHC1","REACTOME"
"REACTOME_JNK_C_JUN_KINASES_PHOSPHORYLATION_AND_ACTIVATION_MEDIATED_BY_ACTIVATED_HUMAN_TAK1","REACTOME_JNK_C_JUN_KINASES_PHOSPHORYLATION_AND_ACTIVATION_MEDIATED_BY_ACTIVATED_HUMAN_TAK1",22,0.482112829447827,1.31030238756934,0.13614262560778,0.450096404075311,0.386924978941934,564,"tags=18%, list=4%, signal=17%","TAB1/UBE2V1/NOD1/TRAF6","REACTOME"
"REACTOME_GABA_RECEPTOR_ACTIVATION","REACTOME_GABA_RECEPTOR_ACTIVATION",22,0.481897890974623,1.30971822059137,0.137763371150729,0.450096404075311,0.386924978941934,1881,"tags=23%, list=14%, signal=20%","ADCY7/ADCY9/GNB4/GNAI3/GABBR1","REACTOME"
"REACTOME_FATTY_ACYL_COA_BIOSYNTHESIS","REACTOME_FATTY_ACYL_COA_BIOSYNTHESIS",28,0.449875536929952,1.29236244235646,0.136942675159236,0.450096404075311,0.386924978941934,2383,"tags=25%, list=18%, signal=21%","ACSL4/FASN/SLC27A3/SCD5/ACSF3/ACACA/MORC2","REACTOME"
"REACTOME_NEGATIVE_REGULATION_OF_MAPK_PATHWAY","REACTOME_NEGATIVE_REGULATION_OF_MAPK_PATHWAY",40,0.417138279480925,1.28062724496811,0.129082426127527,0.450096404075311,0.386924978941934,3521,"tags=42%, list=26%, signal=32%","PTPN7/DUSP5/PPP2R1B/ARAF/DUSP10/HRAS/MAP2K2/MAPK1/PPP2R5A/MARK3/PPP2R5E/PPP2CB/DUSP4/NRAS/DUSP7/DUSP8/DUSP2","REACTOME"
"REACTOME_COLLAGEN_FORMATION","REACTOME_COLLAGEN_FORMATION",32,0.435486528301242,1.27234545609423,0.138535031847134,0.450096404075311,0.386924978941934,3320,"tags=41%, list=24%, signal=31%","LOXL4/PLEC/CRTAP/LOXL1/CTSB/COLGALT2/COL6A1/PLOD1/PLOD3/COL9A2/COL10A1/P4HA1/P3H1","REACTOME"
"REACTOME_NOTCH1_INTRACELLULAR_DOMAIN_REGULATES_TRANSCRIPTION","REACTOME_NOTCH1_INTRACELLULAR_DOMAIN_REGULATES_TRANSCRIPTION",42,0.41144511664151,1.27097099295595,0.128284389489954,0.450096404075311,0.386924978941934,2484,"tags=31%, list=18%, signal=25%","CREBBP/MAMLD1/NCOR1/EP300/HDAC7/TLE3/HDAC5/FBXW7/NOTCH1/MAML1/HDAC11/HDAC6/HDAC8","REACTOME"
"REACTOME_NUCLEAR_RECEPTOR_TRANSCRIPTION_PATHWAY","REACTOME_NUCLEAR_RECEPTOR_TRANSCRIPTION_PATHWAY",33,0.429323543535106,1.26671830770319,0.139717425431711,0.450096404075311,0.386924978941934,3743,"tags=52%, list=28%, signal=37%","THRA/NR4A3/NR4A2/NCOR1/NR1D1/RARA/NR3C1/NRBP1/NRBF2/RXRA/RORA/ESR2/NR4A1/NR1H2/RXRB/RARB/RARG","REACTOME"
"REACTOME_DISEASES_OF_DNA_REPAIR","REACTOME_DISEASES_OF_DNA_REPAIR",51,0.39409490917878,1.25573391176532,0.135802469135802,0.450096404075311,0.386924978941934,2798,"tags=31%, list=21%, signal=25%","HUS1/RAD51AP1/ATRIP/BARD1/RBBP8/MUTYH/RMI1/RAD9B/PALB2/RAD51B/BRCA1/NBN/TOP3A/RAD17/ATR/RPA3","REACTOME"
"REACTOME_NUCLEAR_EVENTS_KINASE_AND_TRANSCRIPTION_FACTOR_ACTIVATION","REACTOME_NUCLEAR_EVENTS_KINASE_AND_TRANSCRIPTION_FACTOR_ACTIVATION",50,0.394370327073743,1.25348121355284,0.137557959814529,0.450096404075311,0.386924978941934,3851,"tags=42%, list=28%, signal=30%","NAB1/MEF2D/EP300/PPP2R1B/TCF12/FOS/FOSB/MAPK1/DUSP3/CHD4/JUND/DNM2/MAPKAPK2/PPP2CB/DUSP4/RPS6KA3/DUSP7/EGR1/ID2/JUNB/MAPK14","REACTOME"
"REACTOME_STIMULI_SENSING_CHANNELS","REACTOME_STIMULI_SENSING_CHANNELS",52,0.39285314303551,1.25101160820011,0.13251155624037,0.450096404075311,0.386924978941934,3385,"tags=35%, list=25%, signal=26%","WNK1/CLCN3/SLC17A3/MCOLN2/ANO6/STOM/RIPK1/ANO10/CLCN6/TRPM7/ANO8/TRPA1/SGK3/TPCN1/MCOLN3/NEDD4L/RYR1/OSTM1","REACTOME"
"REACTOME_INTERLEUKIN_17_SIGNALING","REACTOME_INTERLEUKIN_17_SIGNALING",67,0.373851790820945,1.24388048728245,0.131147540983607,0.450096404075311,0.386924978941934,1821,"tags=21%, list=13%, signal=18%","TAB1/UBE2V1/NOD1/IL17RB/TRAF6/CHUK/JUN/PPP2R1B/FOS/FBXW11/MAP2K4/NFKB1/MAPK1/DUSP3","REACTOME"
"REACTOME_TRANSCRIPTIONAL_ACTIVITY_OF_SMAD2_SMAD3_SMAD4_HETEROTRIMER","REACTOME_TRANSCRIPTIONAL_ACTIVITY_OF_SMAD2_SMAD3_SMAD4_HETEROTRIMER",48,0.39642612702321,1.23845360742576,0.138095238095238,0.450096404075311,0.386924978941934,1887,"tags=31%, list=14%, signal=27%","RNF111/TGIF2/E2F4/NCOR1/EP300/USP9X/CCNK/FURIN/PARP1/E2F5/STAT1/SP1/CCNT2/MAPK1/SKIL","REACTOME"
"REACTOME_INTERLEUKIN_4_AND_INTERLEUKIN_13_SIGNALING","REACTOME_INTERLEUKIN_4_AND_INTERLEUKIN_13_SIGNALING",71,0.36704194816214,1.23762564358599,0.133729569093611,0.450096404075311,0.386924978941934,3805,"tags=42%, list=28%, signal=31%","VIM/AKT1/S1PR1/GATA3/CCND1/FOS/BATF/TGFB1/SOCS5/STAT1/RHOU/CEBPD/IL23R/BCL6/CDKN1A/FOXO1/FASLG/IL2RG/JAK2/FOXO3/RORA/POU2F1/STAT3/IL1B/TP53/TNFRSF1B/TNF/JUNB/BCL2L1/ITGAX","REACTOME"
"REACTOME_ISG15_ANTIVIRAL_MECHANISM","REACTOME_ISG15_ANTIVIRAL_MECHANISM",73,0.364015582858476,1.23535478020435,0.129221732745962,0.450096404075311,0.386924978941934,1935,"tags=23%, list=14%, signal=20%","MX1/EIF4G3/KPNA2/POM121C/RANBP2/POM121/IFIT1/NUP58/EIF2AK2/TRIM25/NUP88/STAT1/NUP214/NDC1/NUP160/NUP98/EIF4G1","REACTOME"
"REACTOME_CARGO_TRAFFICKING_TO_THE_PERICILIARY_MEMBRANE","REACTOME_CARGO_TRAFFICKING_TO_THE_PERICILIARY_MEMBRANE",54,-0.348641588678596,-1.23484818836679,0.13953488372093,0.450096404075311,0.386924978941934,1678,"tags=19%, list=12%, signal=16%","EXOC4/EXOC7/ARL13B/ATAT1/CCT3/BBS9/PDE6D/CCT2/EXOC3/BBS2","REACTOME"
"REACTOME_PI3K_AKT_SIGNALING_IN_CANCER","REACTOME_PI3K_AKT_SIGNALING_IN_CANCER",68,0.368254331656143,1.22896725831228,0.138599105812221,0.450096404075311,0.386924978941934,3546,"tags=38%, list=26%, signal=28%","PRR5/AKT1/GSK3A/CHUK/AKT3/PDPK1/RAC1/PIK3R3/RAC2/PIK3CG/CDKN1A/MDM2/FRS2/FOXO1/ICOS/RICTOR/AREG/FOXO3/ESR2/CASP9/GSK3B/PIK3CA/NR4A1/PIK3CB/RHOG/PTPN11","REACTOME"
"REACTOME_ONCOGENIC_MAPK_SIGNALING","REACTOME_ONCOGENIC_MAPK_SIGNALING",69,0.367077002084609,1.22883436620163,0.134128166915052,0.450096404075311,0.386924978941934,3553,"tags=36%, list=26%, signal=27%","VCL/LMNA/TLN1/ACTB/ARAF/DUSP10/QKI/HRAS/MAP2K2/MAPK1/CLCN6/MARK3/AP3B1/IQGAP1/APBB1IP/PAPSS1/CSK/JAK2/PPP1CB/TENT4A/NRAS/AGTRAP/DUSP7/DUSP8/MPRIP","REACTOME"
"REACTOME_FCERI_MEDIATED_NF_KB_ACTIVATION","REACTOME_FCERI_MEDIATED_NF_KB_ACTIVATION",69,0.365182233415015,1.22249140043702,0.135618479880775,0.450096404075311,0.386924978941934,2476,"tags=26%, list=18%, signal=21%","TAB1/UBE2V1/RELA/PSMB5/TRAF6/CHUK/PSMC6/ADRM1/FBXW11/PSMB2/PDPK1/CDC34/NFKB1/RASGRP4/RASGRP1/PSMA5/PSMA6/UBE2N","REACTOME"
"REACTOME_PLATELET_ACTIVATION_SIGNALING_AND_AGGREGATION","REACTOME_PLATELET_ACTIVATION_SIGNALING_AND_AGGREGATION",182,0.310686955373154,1.18339265790507,0.137003841229193,0.450096404075311,0.386924978941934,3141,"tags=27%, list=23%, signal=21%","PTPN1/VCL/ACTN4/F2R/CLU/AKT1/ITPR3/PLEK/HSPA5/BRPF3/GTPBP2/QSOX1/PRKCB/TLN1/FLNA/TGFB1/GNA15/PDPK1/ABCC4/THBS1/LHFPL2/RAC1/PIK3R3/GNB4/GNAI3/MAPK1/STXBP2/RAC2/TMX3/PIK3CG/LCP2/APBB1IP/STX4/ITPR1/RASGRP1/CSK/A1BG/NHLRC2/PRKCD/DGKH/CYRIB/RAB27B/DGKZ/ABHD6/PHACTR2/APLP2/PRKCH/TUBA4A/PIK3CA/APOA1","REACTOME"
"REACTOME_HCMV_INFECTION","REACTOME_HCMV_INFECTION",125,-0.287789203362205,-1.16798508000635,0.133858267716535,0.450096404075311,0.386924978941934,1704,"tags=17%, list=13%, signal=15%","DYNC1LI1/H4C2/NUP50/H3C1/H2AC16/NUP107/H2BC4/H2BC18/H2AC13/H4C5/SEH1L/H2BC8/H2AC6/H2AC21/H3C10/H2BC21/H2BC5/NUP205/CHMP4B/CHMP6/H2AC8","REACTOME"
"REACTOME_REPRODUCTION","REACTOME_REPRODUCTION",100,-0.29496566251709,-1.16300609128411,0.135231316725979,0.450096404075311,0.386924978941934,2282,"tags=25%, list=17%, signal=21%","H2AC20/POT1/H2AC4/BRCA2/H3-3A/ATM/H4C2/H3C1/CDK4/RAD51C/SMC1A/PSMC3IP/CATSPERG/H2BC4/H4C5/H2BC8/H2AC6/DIDO1/FIGNL1/H3C10/H2BC21/IZUMO4/H2BC5/SUN1/H2AC8","REACTOME"
"REACTOME_UB_SPECIFIC_PROCESSING_PROTEASES","REACTOME_UB_SPECIFIC_PROCESSING_PROTEASES",164,-0.268930793055028,-1.13885879539278,0.135964912280702,0.450096404075311,0.386924978941934,2437,"tags=27%, list=18%, signal=22%","PSMD6/RPS27A/PSMA7/USP12/TAF9B/H2AC20/H2AC11/PSMB7/USP11/H2AC4/BIRC3/PSMD8/SKP2/KAT2A/PSMC3/PSMB3/H2AC16/USP20/UBB/IKBKG/CCP110/UFD1/PSMA3/AXIN2/H2BC4/RUVBL1/USP3/H2BC18/POLB/UBA52/VDAC2/H2AC13/H2BC8/H2AC6/USP10/H2AC21/MYC/PSMB1/RHOT1/H2BC21/SMAD3/H2BC5/STAM2/H2AC8","REACTOME"
"REACTOME_FORMATION_OF_SENESCENCE_ASSOCIATED_HETEROCHROMATIN_FOCI_SAHF","REACTOME_FORMATION_OF_SENESCENCE_ASSOCIATED_HETEROCHROMATIN_FOCI_SAHF",16,-0.493385432042217,-1.31132377477212,0.14025974025974,0.450332276419233,0.387127746395481,492,"tags=25%, list=4%, signal=24%","H1-0/H1-3/H1-4/H1-2","REACTOME"
"REACTOME_SYNTHESIS_OF_IP3_AND_IP4_IN_THE_CYTOSOL","REACTOME_SYNTHESIS_OF_IP3_AND_IP4_IN_THE_CYTOSOL",20,0.506277141855229,1.33548387874977,0.141924959216966,0.452651032718562,0.389121063214202,2571,"tags=30%, list=19%, signal=24%","PLCB2/PLCD4/ITPK1/PLCE1/PLCB1/SYNJ1","REACTOME"
"REACTOME_RESPONSE_TO_ELEVATED_PLATELET_CYTOSOLIC_CA2","REACTOME_RESPONSE_TO_ELEVATED_PLATELET_CYTOSOLIC_CA2",89,0.350185449038059,1.21438443122538,0.141843971631206,0.452651032718562,0.389121063214202,1780,"tags=19%, list=13%, signal=17%","VCL/ACTN4/CLU/PLEK/HSPA5/BRPF3/GTPBP2/QSOX1/PRKCB/TLN1/FLNA/TGFB1/ABCC4/THBS1/LHFPL2/STXBP2/TMX3","REACTOME"
"REACTOME_SARS_COV_1_ACTIVATES_MODULATES_INNATE_IMMUNE_RESPONSES","REACTOME_SARS_COV_1_ACTIVATES_MODULATES_INNATE_IMMUNE_RESPONSES",39,0.414300649056502,1.26577341043614,0.142635658914729,0.453411366086555,0.389774683127038,2624,"tags=31%, list=19%, signal=25%","RELA/KPNA2/IFIH1/TRAF6/RUNX1/TRIM25/TBK1/NFKB1/ITCH/STING1/CASP1/BST2","REACTOME"
"REACTOME_SIGNALING_BY_NOTCH3","REACTOME_SIGNALING_BY_NOTCH3",35,0.425005736069721,1.26663862015181,0.144859813084112,0.457452041318249,0.393248246045512,806,"tags=20%, list=6%, signal=19%","CREBBP/MAMLD1/PLXND1/PSEN1/EP300/IKZF1/NCSTN","REACTOME"
"REACTOME_CDK_MEDIATED_PHOSPHORYLATION_AND_REMOVAL_OF_CDC6","REACTOME_CDK_MEDIATED_PHOSPHORYLATION_AND_REMOVAL_OF_CDC6",59,-0.332119146603568,-1.20440539532211,0.144508670520231,0.457452041318249,0.393248246045512,2437,"tags=31%, list=18%, signal=25%","PSMD6/RPS27A/PSMA7/PSMB7/PSMD8/PSMC3/PSMB3/UBB/ANAPC16/ANAPC2/ANAPC10/CDC23/PSMA3/FZR1/UBA52/PSMB1/ANAPC11/ANAPC5","REACTOME"
"REACTOME_SIGNALING_BY_NOTCH2","REACTOME_SIGNALING_BY_NOTCH2",26,0.457249215363746,1.29643042594474,0.146496815286624,0.459597851879605,0.395092890212292,1184,"tags=23%, list=9%, signal=21%","MAMLD1/PSEN1/EP300/GZMB/NCSTN/NOTCH2","REACTOME"
"REACTOME_CHONDROITIN_SULFATE_DERMATAN_SULFATE_METABOLISM","REACTOME_CHONDROITIN_SULFATE_DERMATAN_SULFATE_METABOLISM",26,0.454982184952639,1.29000275564429,0.146496815286624,0.459597851879605,0.395092890212292,2029,"tags=27%, list=15%, signal=23%","CHST12/CHPF/CHST7/IDS/CHST11/CHSY1/CHST14","REACTOME"
"REACTOME_NEF_MEDIATES_DOWN_MODULATION_OF_CELL_SURFACE_RECEPTORS_BY_RECRUITING_THEM_TO_CLATHRIN_ADAPTERS","REACTOME_NEF_MEDIATES_DOWN_MODULATION_OF_CELL_SURFACE_RECEPTORS_BY_RECRUITING_THEM_TO_CLATHRIN_ADAPTERS",20,0.498847770810516,1.31588630177225,0.148450244698206,0.46120464372258,0.396474167410639,1293,"tags=25%, list=10%, signal=23%","AP2B1/AP1G1/PACS1/CD4/ARF1","REACTOME"
"REACTOME_SIGNALING_BY_FLT3_FUSION_PROTEINS","REACTOME_SIGNALING_BY_FLT3_FUSION_PROTEINS",18,0.506276772832074,1.30129254861174,0.147967479674797,0.46120464372258,0.396474167410639,95,"tags=11%, list=1%, signal=11%","ETV6/STAT5A","REACTOME"
"REACTOME_AUTOPHAGY","REACTOME_AUTOPHAGY",138,-0.280604535165664,-1.15918660249729,0.148148148148148,0.46120464372258,0.396474167410639,1723,"tags=17%, list=13%, signal=15%","ATM/DYNC1LI1/ARL13B/UBB/UBE2D2/ATG4C/UBE2L3/UBA52/VDAC2/PRKAG1/TOMM22/UBE2D3/PARK7/LAMTOR4/TOMM7/TOMM5/WIPI2/GABARAPL2/CHMP4B/EEF1A1/RRAGB/SLC38A9/CHMP6","REACTOME"
"REACTOME_MITOPHAGY","REACTOME_MITOPHAGY",38,-0.380165725541437,-1.24689734634986,0.149171270718232,0.461949741579041,0.397114690129351,2628,"tags=34%, list=19%, signal=28%","MFN2/RPS27A/OPTN/ATG12/UBB/UBE2D2/UBE2L3/UBA52/VDAC2/TOMM22/UBE2D3/TOMM7/TOMM5","REACTOME"
"REACTOME_EVASION_BY_RSV_OF_HOST_INTERFERON_RESPONSES","REACTOME_EVASION_BY_RSV_OF_HOST_INTERFERON_RESPONSES",21,0.485200948251792,1.29833329551255,0.150485436893204,0.464520962757157,0.399325038159661,1030,"tags=24%, list=8%, signal=22%","CREBBP/IFIH1/EP300/EIF2AK2/TRIM25","REACTOME"
"REACTOME_CONSTITUTIVE_SIGNALING_BY_AKT1_E17K_IN_CANCER","REACTOME_CONSTITUTIVE_SIGNALING_BY_AKT1_E17K_IN_CANCER",25,0.454081358160608,1.27470439239725,0.152623211446741,0.469609881374587,0.403699722585172,3249,"tags=56%, list=24%, signal=43%","PRR5/AKT1/GSK3A/CHUK/AKT3/PDPK1/CDKN1A/MDM2/FOXO1/RICTOR/FOXO3/CASP9/GSK3B/NR4A1","REACTOME"
"REACTOME_GABA_B_RECEPTOR_ACTIVATION","REACTOME_GABA_B_RECEPTOR_ACTIVATION",20,0.494628829938629,1.3047573625925,0.156606851549755,0.473454491652899,0.407004738438457,1881,"tags=25%, list=14%, signal=22%","ADCY7/ADCY9/GNB4/GNAI3/GABBR1","REACTOME"
"REACTOME_KERATAN_SULFATE_KERATIN_METABOLISM","REACTOME_KERATAN_SULFATE_KERATIN_METABOLISM",24,0.460864402835349,1.27987189511115,0.157303370786517,0.473454491652899,0.407004738438457,789,"tags=17%, list=6%, signal=16%","ST3GAL3/B3GNT2/B4GALT2/ST3GAL4","REACTOME"
"REACTOME_PLATELET_AGGREGATION_PLUG_FORMATION","REACTOME_PLATELET_AGGREGATION_PLUG_FORMATION",24,0.459728714518701,1.27671796187365,0.157303370786517,0.473454491652899,0.407004738438457,2370,"tags=29%, list=17%, signal=24%","PTPN1/AKT1/TLN1/PDPK1/APBB1IP/RASGRP1/CSK","REACTOME"
"REACTOME_GAMMA_CARBOXYLATION_HYPUSINYLATION_HYDROXYLATION_AND_ARYLSULFATASE_ACTIVATION","REACTOME_GAMMA_CARBOXYLATION_HYPUSINYLATION_HYDROXYLATION_AND_ARYLSULFATASE_ACTIVATION",46,0.396422662824985,1.23056309887849,0.157392686804452,0.473454491652899,0.407004738438457,1163,"tags=17%, list=9%, signal=16%","U2AF2/DOHH/DPH6/KDM8/FURIN/FN3KRP/DPH3/ARSA","REACTOME"
"REACTOME_NEGATIVE_REGULATION_OF_THE_PI3K_AKT_NETWORK","REACTOME_NEGATIVE_REGULATION_OF_THE_PI3K_AKT_NETWORK",74,0.354669679320868,1.20425251411846,0.157664233576642,0.473454491652899,0.407004738438457,4005,"tags=39%, list=29%, signal=28%","AKT1/PHLPP2/TRAF6/PIP5K1A/PPP2R1B/AKT3/RAC1/PIK3R3/MAPK1/PPP2R5A/RAC2/PIK3CG/IL1RAP/FRS2/ICOS/PPP2R5E/PIP4K2C/AREG/IER3/ESR2/PPP2CB/PIK3CA/PIK3CB/RHOG/PTPN11/MYD88/NTRK2/PIP4K2A/STRN","REACTOME"
"REACTOME_DOWNSTREAM_SIGNALING_EVENTS_OF_B_CELL_RECEPTOR_BCR","REACTOME_DOWNSTREAM_SIGNALING_EVENTS_OF_B_CELL_RECEPTOR_BCR",68,0.360130645104332,1.20185625395812,0.157973174366617,0.473454491652899,0.407004738438457,2513,"tags=29%, list=18%, signal=24%","RELA/PSMB5/NFKBIB/CHUK/PRKCB/PSMC6/NFATC3/NFKBIE/ADRM1/FBXW11/PSMB2/HRAS/NFKB1/NFATC2/PPP3CA/RASGRP1/PSMA5/PSMA6/PPP3R1/NFATC1","REACTOME"
"REACTOME_ER_TO_GOLGI_ANTEROGRADE_TRANSPORT","REACTOME_ER_TO_GOLGI_ANTEROGRADE_TRANSPORT",130,0.321772521051171,1.17803670207389,0.158311345646438,0.473454491652899,0.407004738438457,2656,"tags=26%, list=20%, signal=21%","GOSR1/CTSC/PPP6R1/ACTR1A/SEC24C/COPG1/SEC24A/RAB1B/TUBA1B/RAB1A/ARCN1/GORASP1/TUBB2A/TMED10/TRAPPC10/KDELR1/SCFD1/SPTAN1/BET1L/ARF1/TMEM115/LMAN1/SEC31A/COG3/ANKRD28/SEC22A/BET1/KDELR2/CAPZB/SEC24D/MCFD2/AREG/MIA2/TUBB4B","REACTOME"
"REACTOME_SIGNALING_BY_GPCR","REACTOME_SIGNALING_BY_GPCR",317,0.280217328080614,1.13419979327861,0.154394299287411,0.473454491652899,0.407004738438457,3027,"tags=26%, list=22%, signal=21%","PROK2/F2R/CX3CR1/S1PR2/AKT1/S1PR1/ITPR3/GRK2/NMU/ARHGEF12/RHOC/ADCY7/KPNA2/ADRB2/ADCY9/PRKCB/LPAR3/CCR6/RGS9/PLCB2/CCL4/PPP2R1B/PDE4D/CXCR6/AKT3/CCR5/XCL1/GNA15/PDPK1/CCL5/S1PR5/RGS1/CCR10/PIK3R3/HRAS/GNB4/GNAI3/PTGDR/PDE4A/PTGDR2/MAPK1/LPAR2/RGS3/AKAP13/PIK3CG/GABBR1/PPP3CA/PLCB1/HTR2B/MC1R/RGS19/ADGRE5/PREX1/ARHGEF39/PDE4B/OPN3/ITPR1/RASGRP1/OBSCN/NMUR1/CCR4/GPR65/PDE8A/UTS2/GPR18/CCR2/PPP3R1/WNT10B/PRKCD/GNAS/DGKH/PRKAR2B/CCL28/GPR68/DGKZ/EDN3/ABHD6/CCL4L2/PPP2CB/RGS16/ARHGEF11/PRKAR2A/FZD3/PRKCH","REACTOME"
"REACTOME_CLASS_I_MHC_MEDIATED_ANTIGEN_PROCESSING_PRESENTATION","REACTOME_CLASS_I_MHC_MEDIATED_ANTIGEN_PROCESSING_PRESENTATION",336,0.277111451745812,1.12769122626044,0.155111633372503,0.473454491652899,0.407004738438457,3570,"tags=31%, list=26%, signal=23%","CBLB/LRSAM1/RNF111/UBE2K/ERAP1/UBE2V1/PSMB5/UBR2/RNF213/KBTBD6/TAPBP/HECW2/RLIM/HECTD1/HSPA5/SEC24C/SEC24A/TAP1/GAN/KEAP1/CHUK/UBE3C/PSMC6/FBXO2/UBE2Q2/DTX3L/SPSB2/UBE2R2/SIAH2/ADRM1/FBXW11/RNF4/PSMB2/DCAF1/LONRF1/HERC6/KLHL5/PDIA3/TRIM39/TRIM4/KLHL25/HUWE1/ZNRF1/SEC31A/ASB3/CDC34/TRIM21/HERC2/MRC2/TLR6/FBXW7/RBBP6/PSMB9/RCHY1/UBE2S/STX4/CUL2/SPSB1/KLHL3/ITCH/PSMA5/CYBA/PRKN/PSME2/RNF115/UBE2E1/PSMA6/SEC24D/UBE2N/KBTBD7/UBE2O/MYLIP/TRAF7/FBXL3/LTN1/UBE2D4/FBXW5/RNF19B/UBE2A/ARIH2/ANAPC4/FBXW4/ELOC/FBXL20/KLHL11/RNF126/PJA2/VAMP3/PSMD12/PSMB8/PSMD1/UBA3/NEDD4L/MGRN1/ASB7/ANAPC1/TRIM11/HLA-A/FBXW9/PSMD3/KLHL21/BTBD1/FBXO32/HERC3","REACTOME"
"REACTOME_NOTCH4_INTRACELLULAR_DOMAIN_REGULATES_TRANSCRIPTION","REACTOME_NOTCH4_INTRACELLULAR_DOMAIN_REGULATES_TRANSCRIPTION",16,0.517030165312511,1.29838215898202,0.158833063209076,0.473539567331407,0.407077873670859,2194,"tags=44%, list=16%, signal=37%","CREBBP/MAMLD1/EP300/NOTCH2/NOTCH1/MAML1/NOTCH4","REACTOME"
"REACTOME_CYCLIN_A_B1_B2_ASSOCIATED_EVENTS_DURING_G2_M_TRANSITION","REACTOME_CYCLIN_A_B1_B2_ASSOCIATED_EVENTS_DURING_G2_M_TRANSITION",28,0.437366809275724,1.25642848174969,0.160828025477707,0.47800280018142,0.410914687875256,3786,"tags=46%, list=28%, signal=34%","PKMYT1/CDC25B/PPP2R1B/BORA/SGO1/CDK1/CDK7/CDK2/PPP2R2A/PPP2CB/CCNB1/CCNA2/CCNB2","REACTOME"
"REACTOME_SUMOYLATION_OF_TRANSCRIPTION_COFACTORS","REACTOME_SUMOYLATION_OF_TRANSCRIPTION_COFACTORS",41,0.401382968965371,1.23536555141913,0.162246489859594,0.480730340324724,0.413259415366868,2108,"tags=22%, list=16%, signal=19%","CREBBP/PHC1/CBX4/PIAS3/EP300/HIPK2/SAFB/RNF2/PIAS4","REACTOME"
"REACTOME_RUNX1_REGULATES_GENES_INVOLVED_IN_MEGAKARYOCYTE_DIFFERENTIATION_AND_PLATELET_FUNCTION","REACTOME_RUNX1_REGULATES_GENES_INVOLVED_IN_MEGAKARYOCYTE_DIFFERENTIATION_AND_PLATELET_FUNCTION",72,-0.31309554303518,-1.1693208724816,0.164086687306502,0.484686830197666,0.416660608415538,1946,"tags=24%, list=14%, signal=20%","H3-3A/PF4/H4C2/H3C1/DPY30/ITGA2B/GP1BA/H2BC4/HDAC1/H4C5/H2BC8/H2AC6/H3C10/H2BC21/H2BC5/PRMT1/H2AC8","REACTOME"
"REACTOME_THE_PHOTOTRANSDUCTION_CASCADE","REACTOME_THE_PHOTOTRANSDUCTION_CASCADE",18,0.498385262780371,1.28100885443764,0.165853658536585,0.488403411641478,0.419855564393552,2069,"tags=28%, list=15%, signal=24%","NMT1/METAP1/RGS9/METAP2/FNTB","REACTOME"
"REACTOME_REGULATION_OF_INSULIN_SECRETION","REACTOME_REGULATION_OF_INSULIN_SECRETION",46,0.39208949084779,1.21711219902774,0.166931637519873,0.490074532168434,0.421292141688654,3002,"tags=35%, list=22%, signal=27%","ACSL4/ITPR3/CACNA2D2/SLC2A1/PLCB2/GNA15/GNB4/IQGAP1/PLCB1/ITPR1/VAMP2/GNAS/PRKAR2B/STX1A/CACNB3/PRKAR2A","REACTOME"
"REACTOME_INTERLEUKIN_20_FAMILY_SIGNALING","REACTOME_INTERLEUKIN_20_FAMILY_SIGNALING",18,0.497769913774825,1.2794272115129,0.167479674796748,0.490184414039262,0.421386601542524,2882,"tags=39%, list=21%, signal=31%","STAT5A/STAT4/STAT1/IL20RB/JAK2/STAT2/STAT3","REACTOME"
"REACTOME_NEGATIVE_EPIGENETIC_REGULATION_OF_RRNA_EXPRESSION","REACTOME_NEGATIVE_EPIGENETIC_REGULATION_OF_RRNA_EXPRESSION",83,-0.298672474658161,-1.14696241414349,0.168831168831169,0.491145218417946,0.422212556183848,2417,"tags=23%, list=18%, signal=19%","TAF1D/H2AC20/H2AC4/POLR1C/H3-3A/TBP/H4C2/H3C1/GTF2H2/H2BC4/GTF2H5/HDAC1/H4C5/H2BC8/H2AC6/H3C10/H2BC21/H2BC5/H2AC8","REACTOME"
"REACTOME_TCF_DEPENDENT_SIGNALING_IN_RESPONSE_TO_WNT","REACTOME_TCF_DEPENDENT_SIGNALING_IN_RESPONSE_TO_WNT",158,-0.264085382437987,-1.11095214331184,0.168831168831169,0.491145218417946,0.422212556183848,2437,"tags=28%, list=18%, signal=23%","PSMD6/RPS27A/PSMA7/CTNNBIP1/LEO1/H2AC20/PSMB7/H2AC4/SOX4/RBX1/H3-3A/PSMD8/XPO1/H4C2/PSMC3/PSMB3/H3C1/DPY30/UBB/TCF7/DVL2/LRP6/PSMA3/AXIN2/AKT2/H2BC4/RUVBL1/KLHL12/UBA52/HDAC1/H4C5/DACT1/RNF43/LEF1/H2BC8/H2AC6/MYC/TCF7L1/H3C10/CBY1/PSMB1/H2BC21/H2BC5/H2AC8","REACTOME"
"REACTOME_PROTEIN_PROTEIN_INTERACTIONS_AT_SYNAPSES","REACTOME_PROTEIN_PROTEIN_INTERACTIONS_AT_SYNAPSES",43,-0.36389216697441,-1.23107814512474,0.169444444444444,0.491440080563948,0.422466034169008,670,"tags=14%, list=5%, signal=13%","LIN7B/HOMER2/APBA2/EPB41/DLGAP3/FLOT1","REACTOME"
"REACTOME_GAP_JUNCTION_TRAFFICKING_AND_REGULATION","REACTOME_GAP_JUNCTION_TRAFFICKING_AND_REGULATION",23,0.463158666349922,1.26810891379599,0.170178282009724,0.492081779305227,0.423017669929055,3909,"tags=48%, list=29%, signal=34%","TUBA1B/TUBB2A/ACTB/DNM2/TUBB4B/CLTA/TUBA4A/MYO6/DNM1/TUBA3D/GJB7","REACTOME"
"REACTOME_SYNTHESIS_OF_VERY_LONG_CHAIN_FATTY_ACYL_COAS","REACTOME_SYNTHESIS_OF_VERY_LONG_CHAIN_FATTY_ACYL_COAS",17,0.502010756678849,1.27480753267515,0.172025723472669,0.495930013614901,0.426325801177722,1399,"tags=18%, list=10%, signal=16%","ACSL4/SLC27A3/ACSF3","REACTOME"
"REACTOME_RHOH_GTPASE_CYCLE","REACTOME_RHOH_GTPASE_CYCLE",32,0.422764532809385,1.23517605565455,0.173566878980892,0.498874861741485,0.42885733728654,4028,"tags=50%, list=30%, signal=35%","PAK4/TUBA1B/MTR/ARHGDIA/STOM/OSBPL11/RALGAPA1/FAM91A1/CSK/SLC1A5/DBN1/VAMP3/SLC4A7/ZAP70/PAK2/TFRC","REACTOME"
"REACTOME_NS1_MEDIATED_EFFECTS_ON_HOST_PATHWAYS","REACTOME_NS1_MEDIATED_EFFECTS_ON_HOST_PATHWAYS",42,0.395166763057214,1.22068648505463,0.174652241112828,0.500495974532284,0.430250925475122,1910,"tags=29%, list=14%, signal=25%","KPNA2/POM121C/RANBP2/PABPN1/POM121/NUP58/EIF2AK2/NUP88/NUP214/NDC1/NUP160/NUP98","REACTOME"
"REACTOME_NUCLEOTIDE_SALVAGE","REACTOME_NUCLEOTIDE_SALVAGE",21,-0.45131522019512,-1.28159066693842,0.177083333333333,0.501474926253687,0.431092480463696,862,"tags=29%, list=6%, signal=27%","UCKL1/APRT/GMPR2/DGUOK/ADK/UPP1","REACTOME"
"REACTOME_ARACHIDONATE_METABOLISM","REACTOME_ARACHIDONATE_METABOLISM",32,-0.386493881240611,-1.22485339854941,0.176470588235294,0.501474926253687,0.431092480463696,772,"tags=19%, list=6%, signal=18%","GPX4/ALOX5/FAAH2/DPEP2/GPX1/EPHX2","REACTOME"
"REACTOME_GLUCOSE_METABOLISM","REACTOME_GLUCOSE_METABOLISM",71,0.353986371535792,1.1936036550763,0.176820208023774,0.501474926253687,0.431092480463696,1928,"tags=25%, list=14%, signal=22%","POM121C/BPGM/RANBP2/POM121/PPP2R1B/NUP58/PFKM/ENO2/NUP88/PFKL/PGM2L1/GPI/PFKFB3/NUP214/NDC1/NUP160/NUP98/G6PC3","REACTOME"
"REACTOME_APC_C_MEDIATED_DEGRADATION_OF_CELL_CYCLE_PROTEINS","REACTOME_APC_C_MEDIATED_DEGRADATION_OF_CELL_CYCLE_PROTEINS",74,-0.311603321370358,-1.17137455198379,0.176656151419558,0.501474926253687,0.431092480463696,1749,"tags=27%, list=13%, signal=24%","PSMD6/RPS27A/PSMA7/PSMB7/PSMD8/SKP2/PSMC3/PSMB3/UBB/ANAPC16/ANAPC2/ANAPC10/CDC23/PSMA3/FZR1/UBA52/MAD2L1/PSMB1/ANAPC11/ANAPC5","REACTOME"
"REACTOME_PHOSPHORYLATED_BMAL1_CLOCK_ARNTL_CLOCK_ACTIVATES_EXPRESSION_OF_CORE_CLOCK_GENES","REACTOME_PHOSPHORYLATED_BMAL1_CLOCK_ARNTL_CLOCK_ACTIVATES_EXPRESSION_OF_CORE_CLOCK_GENES",21,0.475503051635882,1.27238301219542,0.177993527508091,0.5017655155904,0.431342285332099,1019,"tags=19%, list=8%, signal=18%","KMT2A/CREBBP/BHLHE40/NR1D1","REACTOME"
"REACTOME_PTEN_REGULATION","REACTOME_PTEN_REGULATION",118,0.322822842049379,1.16437671928488,0.178231292517007,0.5017655155904,0.431342285332099,2456,"tags=25%, list=18%, signal=20%","PHC1/PSMB5/CBX4/AKT1/AGO4/GATAD2B/PML/AGO2/JUN/PSMC6/CSNK2A1/AKT3/ADRM1/HDAC7/PSMB2/GATAD2A/HDAC5/USP7/TNKS2/MAPK1/MTA3/RNF2/OTUD3/CHD4/EED/PSMA5/TNRC6C/PSMA6/RBBP4","REACTOME"
"REACTOME_RESPONSE_OF_MTB_TO_PHAGOCYTOSIS","REACTOME_RESPONSE_OF_MTB_TO_PHAGOCYTOSIS",21,0.472795401477466,1.26513769998831,0.179611650485437,0.503454012803356,0.432793800480078,493,"tags=19%, list=4%, signal=18%","VPS33B/GSK3A/RNF213/HGS","REACTOME"
"REACTOME_COPI_INDEPENDENT_GOLGI_TO_ER_RETROGRADE_TRAFFIC","REACTOME_COPI_INDEPENDENT_GOLGI_TO_ER_RETROGRADE_TRAFFIC",40,0.3995136816855,1.22651919200661,0.180404354587869,0.503454012803356,0.432793800480078,4657,"tags=48%, list=34%, signal=31%","ACTR1A/TUBA1B/PAFAH1B2/TUBB2A/RAB18/AGPAT3/PAFAH1B1/CAPZB/TUBB4B/ACTR10/TUBA4A/DCTN4/TUBA3D/DYNC1H1/RAB6A/DYNLL1/RAB3GAP1/DCTN5/BICD2","REACTOME"
"REACTOME_TOLL_LIKE_RECEPTOR_TLR1_TLR2_CASCADE","REACTOME_TOLL_LIKE_RECEPTOR_TLR1_TLR2_CASCADE",107,0.327467316405367,1.16833245599724,0.18019257221458,0.503454012803356,0.432793800480078,1966,"tags=20%, list=14%, signal=17%","S100B/TAB1/UBE2V1/RELA/NOD1/TRAF6/NFKBIB/USP14/CHUK/JUN/LRRC14/PPP2R1B/FOS/FBXW11/NLRC5/MAP2K4/NFKB1/MAPK1/TLR6/DUSP3/N4BP1","REACTOME"
"REACTOME_SYNTHESIS_OF_PA","REACTOME_SYNTHESIS_OF_PA",24,0.452518382977275,1.25669406626025,0.181380417335474,0.504710726498709,0.433874133305908,1965,"tags=25%, list=14%, signal=21%","LPCAT1/AGPAT4/AGPAT1/DDHD1/AGPAT3/PLD2","REACTOME"
"REACTOME_ACTIVATION_OF_NF_KAPPAB_IN_B_CELLS","REACTOME_ACTIVATION_OF_NF_KAPPAB_IN_B_CELLS",54,0.370404836474257,1.19568540810491,0.183890577507599,0.508746266303443,0.4373432815591,1166,"tags=19%, list=9%, signal=17%","RELA/PSMB5/NFKBIB/CHUK/PRKCB/PSMC6/NFKBIE/ADRM1/FBXW11/PSMB2","REACTOME"
"REACTOME_REGULATION_OF_T_CELL_ACTIVATION_BY_CD28_FAMILY","REACTOME_REGULATION_OF_T_CELL_ACTIVATION_BY_CD28_FAMILY",232,0.288903433404428,1.13474812283531,0.183850931677019,0.508746266303443,0.4373432815591,2560,"tags=25%, list=19%, signal=20%","KMT2A/CREBBP/HLA-DPB1/BRD4/RELA/PRR5/PSMB5/AKT1/AGO4/HLA-DQB1/CCND1/AGO2/EP300/JUN/H2AX/PSMC6/HLA-DQA1/PPP2R1B/CSNK2A1/CD4/PDCD1LG2/AKT3/ADRM1/FOS/PDCD1/TCF7L2/PSMB2/PDPK1/HLA-DPA1/DERL3/STAT1/RAC1/PIK3R3/NFKB1/FOSB/PPP2R5A/HLA-DRB1/PIK3CG/CD3G/PRKAA1/RBBP5/EED/RPN1/KMT2C/BTLA/PSMA5/TNRC6C/ICOS/RICTOR/CSK/PSMA6/JUND/RBBP4/PPP2R5E/H4C8/MAP3K8/ERLEC1","REACTOME"
"REACTOME_SIGNALING_BY_MET","REACTOME_SIGNALING_BY_MET",53,0.374041872266357,1.20051404336017,0.185692541856925,0.509328114807567,0.437843467115277,3780,"tags=38%, list=28%, signal=27%","PTPN1/RAPGEF1/CBL/HGS/ARF6/RANBP10/RAC1/HRAS/RAB4B/DOCK7/MUC20/GGA3/STAT3/TNS4/PIK3CA/NRAS/PTPN11/SOS1/SHC1/PTPRJ","REACTOME"
"REACTOME_SIGNALING_BY_VEGF","REACTOME_SIGNALING_BY_VEGF",87,0.340919079335064,1.17638793580707,0.185449358059914,0.509328114807567,0.437843467115277,2600,"tags=26%, list=19%, signal=22%","SH2D2A/PRR5/AKT1/ITPR3/PXN/CTNNA1/PTK2B/PRKCB/AKT3/ACTB/NCK2/PDPK1/RAC1/ELMO2/HRAS/CTNND1/ITPR1/NOS3/RICTOR/CYBA/MAPKAPK2/CYFIP1/PRKCD","REACTOME"
"REACTOME_SWITCHING_OF_ORIGINS_TO_A_POST_REPLICATIVE_STATE","REACTOME_SWITCHING_OF_ORIGINS_TO_A_POST_REPLICATIVE_STATE",78,-0.302234691902442,-1.14784006207428,0.184713375796178,0.509328114807567,0.437843467115277,2580,"tags=29%, list=19%, signal=24%","GMNN/ORC2/MCM7/PSMD6/RPS27A/PSMA7/PSMB7/RBX1/PSMD8/SKP2/PSMC3/PSMB3/UBB/ANAPC16/ANAPC2/ANAPC10/CDC23/PSMA3/FZR1/UBA52/PSMB1/ANAPC11/ANAPC5","REACTOME"
"REACTOME_INFECTION_WITH_MYCOBACTERIUM_TUBERCULOSIS","REACTOME_INFECTION_WITH_MYCOBACTERIUM_TUBERCULOSIS",23,0.457624491014252,1.25295657490318,0.186385737439222,0.509653920967089,0.438123546094515,493,"tags=17%, list=4%, signal=17%","VPS33B/GSK3A/RNF213/HGS","REACTOME"
"REACTOME_LATE_SARS_COV_2_INFECTION_EVENTS","REACTOME_LATE_SARS_COV_2_INFECTION_EVENTS",63,0.358575372449075,1.17593112329613,0.187403993855607,0.509653920967089,0.438123546094515,3258,"tags=35%, list=24%, signal=27%","PARP9/ST3GAL3/GSK3A/ST3GAL4/FURIN/PARP8/ST6GALNAC4/ANO6/ANO10/PARP10/ZDHHC11/RPN1/ANO8/ZDHHC8/PARP16/SRPK2/STT3A/SRPK1/MGAT4B/GSK3B/ZDHHC5/GANAB","REACTOME"
"REACTOME_TRANSCRIPTIONAL_REGULATION_OF_GRANULOPOIESIS","REACTOME_TRANSCRIPTIONAL_REGULATION_OF_GRANULOPOIESIS",65,-0.320486448691155,-1.17414572654135,0.187311178247734,0.509653920967089,0.438123546094515,958,"tags=20%, list=7%, signal=19%","H4C2/H3C1/CDK4/H2BC4/H4C5/LEF1/H2BC8/H2AC6/MYC/H3C10/H2BC21/H2BC5/H2AC8","REACTOME"
"REACTOME_RAF_INDEPENDENT_MAPK1_3_ACTIVATION","REACTOME_RAF_INDEPENDENT_MAPK1_3_ACTIVATION",21,0.46940982149574,1.25607833761333,0.189320388349515,0.513411222642751,0.44135350718412,3546,"tags=57%, list=26%, signal=42%","DUSP5/DUSP10/PEA15/MAP2K2/MAPK1/CDK1/JAK2/DUSP4/DUSP7/DUSP8/DUSP2/PTPN11","REACTOME"
"REACTOME_EPH_EPHRIN_MEDIATED_REPULSION_OF_CELLS","REACTOME_EPH_EPHRIN_MEDIATED_REPULSION_OF_CELLS",36,0.405749118308841,1.21692030770026,0.190031152647975,0.513887060681848,0.441762560937027,3456,"tags=36%, list=25%, signal=27%","AP2B1/EFNA5/PSEN1/NCSTN/ACTB/RAC1/EFNA4/PSENEN/EPHB4/CLTA/PSEN2/VAV3/DNM1","REACTOME"
"REACTOME_IRON_UPTAKE_AND_TRANSPORT","REACTOME_IRON_UPTAKE_AND_TRANSPORT",47,-0.339953345724702,-1.17974702526879,0.192307692307692,0.517129928894635,0.444550289751528,1684,"tags=19%, list=12%, signal=17%","SLC11A2/UBB/MCOLN1/FTL/ATP6V1E2/UBA52/SLC22A17/ATP6V1C2/SLC40A1","REACTOME"
"REACTOME_ASPARAGINE_N_LINKED_GLYCOSYLATION","REACTOME_ASPARAGINE_N_LINKED_GLYCOSYLATION",265,0.281536480919356,1.12242716574389,0.192028985507246,0.517129928894635,0.444550289751528,3258,"tags=28%, list=24%, signal=21%","SYVN1/ST8SIA6/ST3GAL3/ALG8/GOSR1/CTSC/PPP6R1/ACTR1A/SEC24C/COPG1/SLC17A5/SEC24A/FUCA1/RAB1B/TUBA1B/RAB1A/GMPPB/ARCN1/GORASP1/B4GALT2/ST3GAL4/TUBB2A/TMED10/ST6GALNAC4/TRAPPC10/KDELR1/SCFD1/SPTAN1/BET1L/PDIA3/ARF1/TMEM115/ST8SIA1/LMAN1/RAD23B/SEC31A/ALG12/COG3/TRIM13/NGLY1/RPN1/ST8SIA4/CMAS/ANKRD28/MAN2A2/RNF139/SEC22A/ALG11/BET1/KDELR2/CAPZB/SEC24D/MCFD2/AREG/GNE/MIA2/ALG6/HK1/TUBB4B/TRAPPC6B/STT3A/B4GALT1/AMFR/ACTR10/MGAT4B/TUBA4A/SEL1L/ST3GAL5/MAN1C1/COG7/MARCHF6/B4GALT4/GANAB","REACTOME"
"REACTOME_ANTIMICROBIAL_PEPTIDES","REACTOME_ANTIMICROBIAL_PEPTIDES",17,0.493177573413695,1.25237652215575,0.194533762057878,0.521654780937326,0.448440074840859,1668,"tags=41%, list=12%, signal=36%","SLC11A1/CLU/GNLY/CCR6/CD4/PDZD11/ATP7A","REACTOME"
"REACTOME_TRANSPORT_OF_MATURE_TRANSCRIPT_TO_CYTOPLASM","REACTOME_TRANSPORT_OF_MATURE_TRANSCRIPT_TO_CYTOPLASM",80,0.343519634097951,1.17247229444162,0.195652173913043,0.523192442775827,0.4497619244915,1910,"tags=19%, list=14%, signal=16%","U2AF2/CHTOP/CPSF2/POM121C/GLE1/RANBP2/RNPS1/POM121/NUP58/CDC40/NUP88/NUP214/NDC1/NUP160/NUP98","REACTOME"
"REACTOME_O_LINKED_GLYCOSYLATION_OF_MUCINS","REACTOME_O_LINKED_GLYCOSYLATION_OF_MUCINS",30,0.41925431219294,1.21339607048178,0.198412698412698,0.527634876665348,0.453580858887755,2269,"tags=27%, list=17%, signal=22%","ST3GAL3/B3GNT2/ST3GAL4/GALNT3/ST6GALNAC4/GALNT6/GALNT7/MUC20","REACTOME"
"REACTOME_VISUAL_PHOTOTRANSDUCTION","REACTOME_VISUAL_PHOTOTRANSDUCTION",41,0.390727911037267,1.20257170481751,0.198127925117005,0.527634876665348,0.453580858887755,2069,"tags=22%, list=15%, signal=19%","BCO2/NMT1/METAP1/LDLR/RGS9/METAP2/LRP8/LRP10/FNTB","REACTOME"
"REACTOME_SYNTHESIS_OF_PC","REACTOME_SYNTHESIS_OF_PC",20,0.471947941696704,1.24492854928322,0.199021207177814,0.527791046659396,0.453715110286148,2161,"tags=30%, list=16%, signal=25%","LPCAT1/PCYT1A/CSNK2A1/SLC44A1/CEPT1/ABHD3","REACTOME"
"REACTOME_RESOLUTION_OF_D_LOOP_STRUCTURES_THROUGH_SYNTHESIS_DEPENDENT_STRAND_ANNEALING_SDSA","REACTOME_RESOLUTION_OF_D_LOOP_STRUCTURES_THROUGH_SYNTHESIS_DEPENDENT_STRAND_ANNEALING_SDSA",26,0.432102675591854,1.22513289678097,0.200636942675159,0.528324460130406,0.454173658708595,2496,"tags=35%, list=18%, signal=28%","RAD51AP1/BARD1/RBBP8/RMI1/PALB2/RAD51B/BRCA1/NBN/TOP3A","REACTOME"
"REACTOME_RUNX1_REGULATES_TRANSCRIPTION_OF_GENES_INVOLVED_IN_DIFFERENTIATION_OF_HSCS","REACTOME_RUNX1_REGULATES_TRANSCRIPTION_OF_GENES_INVOLVED_IN_DIFFERENTIATION_OF_HSCS",88,-0.286685314687408,-1.11500745310912,0.20066889632107,0.528324460130406,0.454173658708595,2437,"tags=27%, list=18%, signal=23%","PSMD6/RPS27A/PSMA7/H2AC20/PSMB7/H2AC4/H3-3A/PSMD8/H4C2/PSMC3/PSMB3/H3C1/UBB/PSMA3/H2BC4/UBA52/H4C5/H2BC8/H2AC6/H3C10/PSMB1/H2BC21/H2BC5/H2AC8","REACTOME"
"REACTOME_CELLULAR_SENESCENCE","REACTOME_CELLULAR_SENESCENCE",165,-0.261822843134246,-1.10876415325176,0.200873362445415,0.528324460130406,0.454173658708595,1776,"tags=22%, list=13%, signal=20%","H2AC20/ETS1/POT1/H2AC4/CDKN1B/CDKN2B/H3-3A/H1-5/ATM/H4C2/MAPKAPK3/H3C1/CDK4/UBB/ANAPC16/MAPK3/ANAPC2/ANAPC10/CDC23/H2BC4/CDKN2C/FZR1/UBA52/H4C5/MAP2K6/H2BC8/H2AC6/H1-0/H3C10/H2BC21/ANAPC11/H2BC5/H1-3/ANAPC5/H1-4/H1-2/H2AC8","REACTOME"
"REACTOME_ASSEMBLY_AND_CELL_SURFACE_PRESENTATION_OF_NMDA_RECEPTORS","REACTOME_ASSEMBLY_AND_CELL_SURFACE_PRESENTATION_OF_NMDA_RECEPTORS",24,0.442683446889214,1.22938135082403,0.202247191011236,0.530484435439307,0.456030479588176,3086,"tags=38%, list=23%, signal=29%","TUBA1B/LRRC7/APBA1/CASK/TUBB2A/DLG4/DLG3/TUBB4B/TUBA4A","REACTOME"
"REACTOME_ESTROGEN_DEPENDENT_NUCLEAR_EVENTS_DOWNSTREAM_OF_ESR_MEMBRANE_SIGNALING","REACTOME_ESTROGEN_DEPENDENT_NUCLEAR_EVENTS_DOWNSTREAM_OF_ESR_MEMBRANE_SIGNALING",19,0.475565546582088,1.23288053110275,0.205298013245033,0.532665115446572,0.457905099243545,2670,"tags=42%, list=20%, signal=34%","AKT1/CCND1/AKT3/FOS/UHMK1/MAPK1/AREG/FOXO3","REACTOME"
"REACTOME_ACTIVATION_OF_APC_C_AND_APC_C_CDC20_MEDIATED_DEGRADATION_OF_MITOTIC_PROTEINS","REACTOME_ACTIVATION_OF_APC_C_AND_APC_C_CDC20_MEDIATED_DEGRADATION_OF_MITOTIC_PROTEINS",63,-0.31582280734641,-1.16505410527531,0.205128205128205,0.532665115446572,0.457905099243545,2437,"tags=29%, list=18%, signal=24%","PSMD6/RPS27A/PSMA7/PSMB7/PSMD8/PSMC3/PSMB3/UBB/ANAPC16/ANAPC2/ANAPC10/CDC23/PSMA3/UBA52/MAD2L1/PSMB1/ANAPC11/ANAPC5","REACTOME"
"REACTOME_REGULATION_OF_ENDOGENOUS_RETROELEMENTS","REACTOME_REGULATION_OF_ENDOGENOUS_RETROELEMENTS",113,-0.275996512080324,-1.10500378345001,0.205223880597015,0.532665115446572,0.457905099243545,1946,"tags=27%, list=14%, signal=23%","ZNF680/H4C12/ZNF30/PIWIL4/ZNF418/H2AC20/H2AC4/H3-3A/PPHLN1/ZNF816/ZNF765/H4C2/SUMO2/H3C1/CBX5/ZNF136/ZNF93/SETDB1/H2BC4/HDAC1/H4C5/ZNF708/H2BC8/H2AC6/H3C10/ZNF425/H2BC21/ZNF141/H2BC5/H2AC8","REACTOME"
"REACTOME_SARS_COV_2_HOST_INTERACTIONS","REACTOME_SARS_COV_2_HOST_INTERACTIONS",177,-0.256638616624988,-1.09933819304499,0.205240174672489,0.532665115446572,0.457905099243545,1461,"tags=21%, list=11%, signal=19%","UBB/RPS24/RPS3A/RPS12/IKBKG/YWHAB/NUP107/IFNAR2/RPS16/FAU/SMN1/SMN2/RPS25/AKT2/RPS8/RPS20/RPS19/RPS4X/UBA52/SNRPB/SNRPD2/SEH1L/RPS21/RPS18/RPS6/RPS5/RPS13/RPS3/RPS15/RPS7/RPS11/TLR1/RPS28/RPS14/RPS9/NUP205/RPS2/TUFM","REACTOME"
"REACTOME_TRANSCRIPTIONAL_REGULATION_BY_NPAS4","REACTOME_TRANSCRIPTIONAL_REGULATION_BY_NPAS4",24,0.437427747348836,1.21478568648221,0.208667736757624,0.539948860612721,0.464166564386374,2311,"tags=33%, list=17%, signal=28%","CREBBP/AGO4/AGO2/FOS/NR3C1/MAPK1/MDM2/TNRC6C","REACTOME"
"REACTOME_ABERRANT_REGULATION_OF_MITOTIC_G1_S_TRANSITION_IN_CANCER_DUE_TO_RB1_DEFECTS","REACTOME_ABERRANT_REGULATION_OF_MITOTIC_G1_S_TRANSITION_IN_CANCER_DUE_TO_RB1_DEFECTS",16,0.500266232275176,1.25628405130799,0.212317666126418,0.544,0.467649122807018,2609,"tags=38%, list=19%, signal=30%","CCND2/CCND1/RB1/CDKN1A/E2F2/CDK2","REACTOME"
"REACTOME_REGULATION_OF_PYRUVATE_METABOLISM","REACTOME_REGULATION_OF_PYRUVATE_METABOLISM",30,-0.383919952851338,-1.19053474075867,0.212365591397849,0.544,0.467649122807018,2807,"tags=33%, list=21%, signal=27%","PDHX/DLD/RPS27A/PDK2/RMND5B/PDK1/MAEA/UBB/UBA52/PDK3","REACTOME"
"REACTOME_G_PROTEIN_MEDIATED_EVENTS","REACTOME_G_PROTEIN_MEDIATED_EVENTS",38,0.391979895918025,1.18757408356779,0.2125,0.544,0.467649122807018,2092,"tags=29%, list=15%, signal=25%","ITPR3/GRK2/ADCY7/KPNA2/ADCY9/PLCB2/GNA15/GNAI3/MAPK1/PLCB1/ITPR1","REACTOME"
"REACTOME_SYNTHESIS_OF_DNA","REACTOME_SYNTHESIS_OF_DNA",107,-0.280741188554752,-1.11551312031979,0.210909090909091,0.544,0.467649122807018,2682,"tags=26%, list=20%, signal=21%","PCNA/GMNN/ORC2/MCM7/PSMD6/RPS27A/PSMA7/PSMB7/RBX1/POLD2/PSMD8/SKP2/PSMC3/PSMB3/UBB/ANAPC16/POLE4/ANAPC2/ANAPC10/CDC23/PSMA3/POLD4/FZR1/UBA52/POLE3/PSMB1/ANAPC11/ANAPC5","REACTOME"
"REACTOME_RND3_GTPASE_CYCLE","REACTOME_RND3_GTPASE_CYCLE",31,0.413144870445658,1.19824699627807,0.215530903328051,0.549042036030884,0.471983504658128,716,"tags=16%, list=5%, signal=15%","PICALM/TNFAIP1/LEMD3/ARHGAP35/CPD","REACTOME"
"REACTOME_ESTROGEN_DEPENDENT_GENE_EXPRESSION","REACTOME_ESTROGEN_DEPENDENT_GENE_EXPRESSION",117,-0.275053616214634,-1.11493804713374,0.215613382899628,0.549042036030884,0.471983504658128,1211,"tags=15%, list=9%, signal=14%","POLR2J/SMC1A/POLR2C/GTF2F2/H2BC4/HDAC1/H4C5/H2BC8/H2AC6/YY1/MYC/POLR2G/H3C10/NRIP1/H2BC21/H2BC5/PRMT1/H2AC8","REACTOME"
"REACTOME_RUNX2_REGULATES_BONE_DEVELOPMENT","REACTOME_RUNX2_REGULATES_BONE_DEVELOPMENT",16,0.494600509899495,1.24205611386089,0.220421393841167,0.555930508686414,0.477905174133935,2367,"tags=25%, list=17%, signal=21%","RUNX2/MAPK1/RB1/HDAC6","REACTOME"
"REACTOME_REGULATION_OF_TP53_ACTIVITY_THROUGH_ACETYLATION","REACTOME_REGULATION_OF_TP53_ACTIVITY_THROUGH_ACETYLATION",30,0.410715318869012,1.18868271478383,0.220634920634921,0.555930508686414,0.477905174133935,2482,"tags=37%, list=18%, signal=30%","AKT1/BRPF3/GATAD2B/PML/EP300/PIP4P1/AKT3/GATAD2A/CHD4/RBBP4/PIP4K2C","REACTOME"
"REACTOME_CELLULAR_RESPONSE_TO_HEAT_STRESS","REACTOME_CELLULAR_RESPONSE_TO_HEAT_STRESS",89,0.329975962327474,1.14430131928624,0.219858156028369,0.555930508686414,0.477905174133935,3116,"tags=31%, list=23%, signal=24%","HSPA2/CREBBP/HSPA5/POM121C/RANBP2/POM121/EP300/HSF1/NUP58/NUP88/HSPA1A/NUP214/NDC1/MAPK1/NUP160/NUP98/YWHAE/BAG4/HDAC6/MAPKAPK2/ATR/NUP210/HSBP1/RPA3/HSPA13/SIRT1/GSK3B/DNAJC7","REACTOME"
"REACTOME_EPIGENETIC_REGULATION_OF_GENE_EXPRESSION","REACTOME_EPIGENETIC_REGULATION_OF_GENE_EXPRESSION",273,0.276948298648323,1.10665696516021,0.219951923076923,0.555930508686414,0.477905174133935,3115,"tags=26%, list=23%, signal=20%","KMT2A/CREBBP/ERCC3/ARID1A/BAZ2A/SMARCA4/DNMT3A/KANSL3/MBIP/KANSL1/MED20/HCFC2/ACTL6A/GATAD2B/NCOR1/SMARCA2/EP300/H2AX/POLR1H/SETD1A/SCD5/KDM6A/ACTB/ZNF264/ERCC6/PPARGC1B/MED6/YEATS2/MYO1C/HCFC1/GATAD2A/PNPLA2/TET2/LIPE/SS18/MTA3/MED24/POLR1A/SAP130/RBBP5/CHD4/AEBP2/RB1/EED/RXRA/KMT2C/BOD1L1/CDK7/BAZ1B/PAGR1/MORC2/SAP30BP/RBBP4/H4C8/TAF1A/SIN3B/EHMT1/DNMT1/SAP30/MTF2/ZNF317/CEBPA/ZNF519/BCL7A/SS18L1/SIRT1/SMARCA5/KMT2D/JARID2/GSK3B/MED17","REACTOME"
"REACTOME_METABOLISM_OF_FAT_SOLUBLE_VITAMINS","REACTOME_METABOLISM_OF_FAT_SOLUBLE_VITAMINS",18,0.47868146433541,1.23036381703578,0.222764227642276,0.557196385276615,0.478993383834283,2175,"tags=28%, list=16%, signal=23%","BCO2/LDLR/LRP8/LRP10/VKORC1","REACTOME"
"REACTOME_SUMOYLATION_OF_INTRACELLULAR_RECEPTORS","REACTOME_SUMOYLATION_OF_INTRACELLULAR_RECEPTORS",23,0.443879904749303,1.21532447682246,0.223662884927066,0.557196385276615,0.478993383834283,2108,"tags=30%, list=16%, signal=26%","THRA/PIAS3/NR4A2/RARA/NR3C1/RXRA/PIAS4","REACTOME"
"REACTOME_FGFR2_MUTANT_RECEPTOR_ACTIVATION","REACTOME_FGFR2_MUTANT_RECEPTOR_ACTIVATION",17,-0.444610652058613,-1.20152056729561,0.226315789473684,0.557196385276615,0.478993383834283,1211,"tags=24%, list=9%, signal=21%","POLR2J/POLR2C/GTF2F2/POLR2G","REACTOME"
"REACTOME_SENSORY_PROCESSING_OF_SOUND","REACTOME_SENSORY_PROCESSING_OF_SOUND",42,0.383125470215283,1.18349043313717,0.225656877897991,0.557196385276615,0.478993383834283,2818,"tags=33%, list=21%, signal=27%","ESPN/SYP/CACNA2D2/CASK/ACTB/SPTAN1/MYO1C/EPS8L2/MYH9/VAMP2/CAPZB/CIB2/STX1A/ATP2B1","REACTOME"
"REACTOME_HOMOLOGOUS_DNA_PAIRING_AND_STRAND_EXCHANGE","REACTOME_HOMOLOGOUS_DNA_PAIRING_AND_STRAND_EXCHANGE",43,0.381421204730787,1.17900640346498,0.224299065420561,0.557196385276615,0.478993383834283,2798,"tags=35%, list=21%, signal=28%","HUS1/RAD51AP1/ATRIP/BARD1/RBBP8/RMI1/RAD9B/PALB2/RAD51B/BRCA1/NBN/TOP3A/RAD17/ATR/RPA3","REACTOME"
"REACTOME_RRNA_MODIFICATION_IN_THE_NUCLEUS_AND_CYTOSOL","REACTOME_RRNA_MODIFICATION_IN_THE_NUCLEUS_AND_CYTOSOL",60,-0.314911447038831,-1.15294951541232,0.226361031518625,0.557196385276615,0.478993383834283,2260,"tags=28%, list=17%, signal=24%","MPHOSPH10/NOL11/UTP14A/NOP58/RRP7A/RRP9/PDCD11/NHP2/IMP3/BMS1/GAR1/SNU13/RPS6/RPS7/RPS14/RPS9/RPS2","REACTOME"
"REACTOME_REGULATION_OF_HSF1_MEDIATED_HEAT_SHOCK_RESPONSE","REACTOME_REGULATION_OF_HSF1_MEDIATED_HEAT_SHOCK_RESPONSE",74,0.339222620388704,1.15180326164666,0.221897810218978,0.557196385276615,0.478993383834283,3116,"tags=32%, list=23%, signal=25%","HSPA2/HSPA5/POM121C/RANBP2/POM121/HSF1/NUP58/NUP88/HSPA1A/NUP214/NDC1/MAPK1/NUP160/NUP98/YWHAE/BAG4/MAPKAPK2/ATR/NUP210/RPA3/HSPA13/SIRT1/GSK3B/DNAJC7","REACTOME"
"REACTOME_TRNA_MODIFICATION_IN_THE_NUCLEUS_AND_CYTOSOL","REACTOME_TRNA_MODIFICATION_IN_THE_NUCLEUS_AND_CYTOSOL",43,-0.339183085454129,-1.14748522115872,0.225,0.557196385276615,0.478993383834283,2739,"tags=30%, list=20%, signal=24%","TRDMT1/QTRT1/DUS2/FTSJ1/WDR4/TYW1/TYW3/TRMT1/CDKAL1/LAGE3/CTU2/QNG1/PUS1","REACTOME"
"REACTOME_RMTS_METHYLATE_HISTONE_ARGININES","REACTOME_RMTS_METHYLATE_HISTONE_ARGININES",58,-0.317552886121007,-1.14715297916,0.224852071005917,0.557196385276615,0.478993383834283,1682,"tags=21%, list=12%, signal=18%","H4C2/H3C1/CDK4/H2AC16/H2AC13/H4C5/H2AC6/H2AC21/H3C10/PRMT1/RPS2/H2AC8","REACTOME"
"REACTOME_COLLAGEN_DEGRADATION","REACTOME_COLLAGEN_DEGRADATION",18,0.476310141098631,1.22426876108227,0.227642276422764,0.558917098122388,0.480472593122754,3393,"tags=44%, list=25%, signal=33%","FURIN/CTSB/COL6A1/COL9A2/COL10A1/ADAM17/CTSK/CTSD","REACTOME"
"REACTOME_FLT3_SIGNALING_IN_DISEASE","REACTOME_FLT3_SIGNALING_IN_DISEASE",26,0.420610869135653,1.19255038589129,0.232484076433121,0.5652785501652,0.485941209791137,422,"tags=12%, list=3%, signal=11%","ETV6/STAT5A/CBL","REACTOME"
"REACTOME_SIGNALING_BY_FGFR2_IIIA_TM","REACTOME_SIGNALING_BY_FGFR2_IIIA_TM",16,-0.446608370131378,-1.18699932290541,0.233766233766234,0.5652785501652,0.485941209791137,1211,"tags=25%, list=9%, signal=23%","POLR2J/POLR2C/GTF2F2/POLR2G","REACTOME"
"REACTOME_DETOXIFICATION_OF_REACTIVE_OXYGEN_SPECIES","REACTOME_DETOXIFICATION_OF_REACTIVE_OXYGEN_SPECIES",29,-0.384318448904223,-1.17389654312834,0.233062330623306,0.5652785501652,0.485941209791137,3950,"tags=55%, list=29%, signal=39%","TXN2/ERO1A/CCS/GPX3/P4HB/PRDX1/CYBB/TXNRD2/NCF4/TXNRD1/SOD1/PRDX2/CAT/GPX7/NCF1/GPX1","REACTOME"
"REACTOME_EXTRA_NUCLEAR_ESTROGEN_SIGNALING","REACTOME_EXTRA_NUCLEAR_ESTROGEN_SIGNALING",53,0.360295513356162,1.15639412486878,0.231354642313546,0.5652785501652,0.485941209791137,3307,"tags=38%, list=24%, signal=29%","AKT1/CCND1/AKT3/FOS/PDPK1/UHMK1/PIK3R3/HRAS/GNB4/GNAI3/MAPK1/NOS3/AREG/FOXO3/ESR2/ZDHHC21/IGF1R/PIK3CA/GNB2/NRAS","REACTOME"
"REACTOME_RAB_REGULATION_OF_TRAFFICKING","REACTOME_RAB_REGULATION_OF_TRAFFICKING",113,0.315219172101541,1.13174813180401,0.231607629427793,0.5652785501652,0.485941209791137,2978,"tags=29%, list=22%, signal=23%","SBF1/RAB27A/AKT1/RAB1B/RAB1A/ARF6/DENND4A/MON1B/AKT3/RAB14/TRAPPC10/RAB11B/DENND1B/GDI1/RAB18/DENND1A/RAB39B/GAPVD1/TBC1D15/TBC1D24/RIN1/YWHAE/GGA1/RAB12/HPS1/RAB8B/ALS2/GGA3/TRAPPC6B/RAB27B/GGA2/RGP1/TRAPPC11","REACTOME"
"REACTOME_MAPK_FAMILY_SIGNALING_CASCADES","REACTOME_MAPK_FAMILY_SIGNALING_CASCADES",225,0.283061343485307,1.10918284793015,0.233668341708543,0.5652785501652,0.485941209791137,3781,"tags=32%, list=28%, signal=23%","VCL/PTPN7/PSMB5/DUSP5/AGO4/AGO2/LRRC7/IL2RB/JUN/TLN1/PSMC6/PPP2R1B/ADRM1/ACTB/ARAF/SPTAN1/PSMB2/DUSP10/CDC42EP3/RAC1/HRAS/PEA15/MAP2K2/MAPK1/PPP2R5A/MARK3/IQGAP1/RASGRP4/APBB1IP/SYNGAP1/FNTB/RASGRP1/DLG4/CDK1/FRS2/PSMA5/FOXO1/TNRC6C/CSK/PSMA6/IL2RG/PPP2R5E/AREG/KBTBD7/RALGDS/DLG3/JAK2/FOXO3/LAMTOR3/MAPK6/PPP2CB/RASAL1/DUSP4/PPP1CB/PIK3CA/PSMD12/PSMD1/NRAS/PIK3CB/KALRN/PSMD3/DUSP7/DUSP8/DUSP2/PTPN11/NCOA3/BCL2L1/SOS1/RASAL3/SHC1/PAK2","REACTOME"
"REACTOME_TRANSMISSION_ACROSS_CHEMICAL_SYNAPSES","REACTOME_TRANSMISSION_ACROSS_CHEMICAL_SYNAPSES",131,0.305062190135499,1.11880426517292,0.235526315789474,0.568103676276117,0.488369826974206,3307,"tags=31%, list=24%, signal=23%","AP2B1/GLUL/ADCY7/KPNA2/TUBA1B/ADCY9/PRKCB/LRRC7/CACNA2D2/PLCB2/APBA1/CASK/GLS/TUBB2A/PDPK1/RAC1/HRAS/GNB4/GNAI3/MAPK1/GABBR1/PRKAA1/PLCB1/DLG4/MDM2/TSPOAP1/VAMP2/DLG3/TUBB4B/PRKAR2B/STX1A/CACNB1/CACNB3/PRKAR2A/TUBA4A/MYO6/NCALD/GNB2/RPS6KA3/NRAS","REACTOME"
"REACTOME_MATURATION_OF_SARS_COV_2_NUCLEOPROTEIN","REACTOME_MATURATION_OF_SARS_COV_2_NUCLEOPROTEIN",15,0.486307671129454,1.19886184787595,0.239669421487603,0.573772181117454,0.493242752188689,3104,"tags=53%, list=23%, signal=41%","PARP9/GSK3A/PARP8/PARP10/PARP16/SRPK2/SRPK1/GSK3B","REACTOME"
"REACTOME_SMAD2_SMAD3_SMAD4_HETEROTRIMER_REGULATES_TRANSCRIPTION","REACTOME_SMAD2_SMAD3_SMAD4_HETEROTRIMER_REGULATES_TRANSCRIPTION",34,0.396883007108225,1.18099811870629,0.239197530864198,0.573772181117454,0.493242752188689,1692,"tags=29%, list=12%, signal=26%","RNF111/TGIF2/E2F4/EP300/CCNK/FURIN/E2F5/SP1/CCNT2/MAPK1","REACTOME"
"REACTOME_RNA_POLYMERASE_I_TRANSCRIPTION_INITIATION","REACTOME_RNA_POLYMERASE_I_TRANSCRIPTION_INITIATION",45,0.371406265525454,1.15373676502184,0.2390625,0.573772181117454,0.493242752188689,2539,"tags=27%, list=19%, signal=22%","ERCC3/GATAD2B/POLR1H/ERCC6/GATAD2A/MTA3/POLR1A/RRN3/CHD4/CDK7/RBBP4/TAF1A","REACTOME"
"REACTOME_SARS_COV_INFECTIONS","REACTOME_SARS_COV_INFECTIONS",360,0.264806601466519,1.08178658919616,0.241540256709452,0.576812553336004,0.495856405499372,2797,"tags=28%, list=21%, signal=23%","CREBBP/BRD4/TAB1/PARP9/UBE2V1/RELA/ST3GAL3/VPS33B/AKT1/S1PR1/VPS18/GSK3A/AP2B1/NOD1/KPNA2/POM121C/SEC24C/IFIH1/SEC24A/TRAF6/RANBP2/GATAD2B/KEAP1/POM121/CHUK/EP300/RUNX1/PSMC6/ST3GAL4/FURIN/PARP8/NUP58/AKT3/TRIM25/ST6GALNAC4/NR3C1/PDCD1/PDPK1/TRIM4/NUP88/IRF7/STAT1/ANO6/TBK1/LARP1/VPS11/GATAD2A/SP1/PHF21A/PALS1/RIPK1/ANO10/PARP10/NUP214/NFKB1/NDC1/VPS39/CHMP4A/NUP160/MTA3/ATP1A3/ZCRB1/ATP1B3/DDX20/NUP98/ZBP1/CHD4/RB1/YWHAQ/ZDHHC11/RPN1/FNTB/CHMP2B/GEMIN7/SNRPD1/ANO8/CD79B/ITCH/YWHAE/STING1/ZDHHC8/G3BP2/RBBP4/SEC24D/GEMIN8/UBE2N/FXYD7/CASP1/GEMIN4/SIGMAR1/BRMS1/BST2/JAK2/STAT2/NUP210/SAP30/PARP16/ISG15/SRPK2/STT3A","REACTOME"
"REACTOME_KSRP_KHSRP_BINDS_AND_DESTABILIZES_MRNA","REACTOME_KSRP_KHSRP_BINDS_AND_DESTABILIZES_MRNA",17,0.472370159564383,1.19953811668795,0.244372990353698,0.582129207790446,0.500426862837401,744,"tags=18%, list=5%, signal=17%","AKT1/EXOSC3/PARN","REACTOME"
"REACTOME_RNA_POLYMERASE_III_TRANSCRIPTION","REACTOME_RNA_POLYMERASE_III_TRANSCRIPTION",38,0.383796441553309,1.16278082651863,0.2453125,0.582920792079208,0.501107347576863,843,"tags=13%, list=6%, signal=12%","SNAPC2/POLR3A/SNAPC4/GTF3C2/POLR3D","REACTOME"
"REACTOME_HIGH_LAMINAR_FLOW_SHEAR_STRESS_ACTIVATES_SIGNALING_BY_PIEZO1_AND_PECAM1_CDH5_KDR_IN_ENDOTHELIAL_CELLS","REACTOME_HIGH_LAMINAR_FLOW_SHEAR_STRESS_ACTIVATES_SIGNALING_BY_PIEZO1_AND_PECAM1_CDH5_KDR_IN_ENDOTHELIAL_CELLS",46,0.367037456381855,1.13934644026429,0.246422893481717,0.584113525289996,0.50213267963526,761,"tags=17%, list=6%, signal=16%","VCL/PRR5/AKT1/PANX1/ADCY7/ADCY9/PIEZO1/TLN1","REACTOME"
"REACTOME_DISASSEMBLY_OF_THE_DESTRUCTION_COMPLEX_AND_RECRUITMENT_OF_AXIN_TO_THE_MEMBRANE","REACTOME_DISASSEMBLY_OF_THE_DESTRUCTION_COMPLEX_AND_RECRUITMENT_OF_AXIN_TO_THE_MEMBRANE",23,0.433240359485681,1.18619385017595,0.249594813614263,0.590174928743084,0.507343359796686,3104,"tags=30%, list=23%, signal=24%","AXIN1/PPP2R1B/PPP2R5A/FRAT2/PPP2R5E/PPP2CB/GSK3B","REACTOME"
"REACTOME_COPI_MEDIATED_ANTEROGRADE_TRANSPORT","REACTOME_COPI_MEDIATED_ANTEROGRADE_TRANSPORT",82,0.327120449938007,1.12363019152109,0.250720461095101,0.591379957374194,0.508379261602377,1558,"tags=20%, list=11%, signal=17%","GOSR1/ACTR1A/COPG1/RAB1B/TUBA1B/RAB1A/ARCN1/GORASP1/TUBB2A/TMED10/KDELR1/SPTAN1/BET1L/ARF1/TMEM115/COG3","REACTOME"
"REACTOME_GLUTATHIONE_CONJUGATION","REACTOME_GLUTATHIONE_CONJUGATION",24,0.424459643007282,1.1787718130359,0.252006420545746,0.591506512772412,0.508488054839442,603,"tags=12%, list=4%, signal=12%","GGT1/GCLC/GCLM","REACTOME"
"REACTOME_RHOBTB2_GTPASE_CYCLE","REACTOME_RHOBTB2_GTPASE_CYCLE",23,-0.4061747413607,-1.17459533092325,0.251948051948052,0.591506512772412,0.508488054839442,1689,"tags=26%, list=12%, signal=23%","SRRM1/ACTN1/CDC37/RBMX/CCT2/CCT7","REACTOME"
"REACTOME_NEUROTRANSMITTER_RECEPTORS_AND_POSTSYNAPTIC_SIGNAL_TRANSMISSION","REACTOME_NEUROTRANSMITTER_RECEPTORS_AND_POSTSYNAPTIC_SIGNAL_TRANSMISSION",101,0.318621211106639,1.12578846314558,0.254166666666667,0.595121951219512,0.511596063329054,3307,"tags=32%, list=24%, signal=24%","AP2B1/ADCY7/KPNA2/TUBA1B/ADCY9/PRKCB/LRRC7/PLCB2/APBA1/CASK/TUBB2A/PDPK1/RAC1/HRAS/GNB4/GNAI3/MAPK1/GABBR1/PRKAA1/PLCB1/DLG4/MDM2/DLG3/TUBB4B/PRKAR2B/PRKAR2A/TUBA4A/MYO6/NCALD/GNB2/RPS6KA3/NRAS","REACTOME"
"REACTOME_TRANSCRIPTIONAL_REGULATION_BY_MECP2","REACTOME_TRANSCRIPTIONAL_REGULATION_BY_MECP2",42,0.368481064835842,1.13825325886157,0.255023183925811,0.595674590191676,0.512071138936704,2311,"tags=24%, list=17%, signal=20%","PTPN1/MECP2/AGO4/NCOR1/AGO2/HIPK2/NOTCH1/PTPN4/GPRIN1/TNRC6C","REACTOME"
"REACTOME_GLYCEROPHOSPHOLIPID_BIOSYNTHESIS","REACTOME_GLYCEROPHOSPHOLIPID_BIOSYNTHESIS",90,0.321308682452573,1.11406740486231,0.255681818181818,0.59576345984113,0.512147535652901,2161,"tags=20%, list=16%, signal=17%","LPCAT1/AGPAT4/PCYT1A/PLA2G4C/AGPAT1/DDHD1/CSNK2A1/SLC44A1/PCYT2/PNPLA2/ETNK1/LPGAT1/CPNE1/AGPAT3/PLD2/CEPT1/PLAAT3/ABHD3","REACTOME"
"REACTOME_RAC2_GTPASE_CYCLE","REACTOME_RAC2_GTPASE_CYCLE",73,0.330203126267143,1.12060590172902,0.25697503671072,0.59732696184574,0.513491598779672,4402,"tags=45%, list=32%, signal=31%","EMD/PAK4/ARHGAP26/LEMD3/ARHGAP35/ARHGDIA/PGRMC2/LMAN1/PIK3R3/DOCK2/RAC2/IQGAP1/PLD2/PREX1/CYBA/CYFIP1/ARHGAP1/PIK3CA/VAMP3/VAV3/MTX1/VAPB/VRK2/ARHGAP17/DEF6/PAK2/TFRC/ABR/DEPDC1B/WASF2/ABI1/TAOK3/DIAPH3","REACTOME"
"REACTOME_PLATELET_SENSITIZATION_BY_LDL","REACTOME_PLATELET_SENSITIZATION_BY_LDL",15,0.478672432627985,1.18003920393619,0.262809917355372,0.609414301113906,0.523882469378621,3851,"tags=47%, list=28%, signal=33%","PPP2R1B/PPP2R5A/LRP8/PPP2R5E/PPP2CB/PTPN11/MAPK14","REACTOME"
"REACTOME_SUMOYLATION_OF_UBIQUITINYLATION_PROTEINS","REACTOME_SUMOYLATION_OF_UBIQUITINYLATION_PROTEINS",39,0.37516831563637,1.14621611009319,0.263565891472868,0.60969459232278,0.52412342147046,2205,"tags=31%, list=16%, signal=26%","POM121C/RANBP2/PML/POM121/NUP58/NUP88/NUP214/NDC1/NUP160/NUP98/PIAS4/MDM2","REACTOME"
"REACTOME_SIGNALING_BY_HIPPO","REACTOME_SIGNALING_BY_HIPPO",17,0.464951092722171,1.18069811740498,0.265273311897106,0.612169181301014,0.526250699714907,367,"tags=12%, list=3%, signal=11%","LATS1/LATS2","REACTOME"
"REACTOME_REGULATION_OF_MECP2_EXPRESSION_AND_ACTIVITY","REACTOME_REGULATION_OF_MECP2_EXPRESSION_AND_ACTIVITY",28,0.407749497403487,1.17134650159037,0.267515923566879,0.615802580937288,0.529374148525037,1161,"tags=18%, list=9%, signal=16%","MECP2/AGO4/NCOR1/AGO2/HIPK2","REACTOME"
"REACTOME_AGGREPHAGY","REACTOME_AGGREPHAGY",31,0.396282158654517,1.14933995374105,0.269413629160063,0.615802580937288,0.529374148525037,2656,"tags=29%, list=20%, signal=23%","VIM/UBE2V1/TUBA1B/HSF1/TUBB2A/PRKN/HDAC6/UBE2N/TUBB4B","REACTOME"
"REACTOME_NUCLEOTIDE_BINDING_DOMAIN_LEUCINE_RICH_REPEAT_CONTAINING_RECEPTOR_NLR_SIGNALING_PATHWAYS","REACTOME_NUCLEOTIDE_BINDING_DOMAIN_LEUCINE_RICH_REPEAT_CONTAINING_RECEPTOR_NLR_SIGNALING_PATHWAYS",53,0.349244733964987,1.12092586093139,0.269406392694064,0.615802580937288,0.529374148525037,663,"tags=13%, list=5%, signal=13%","TAB1/UBE2V1/RELA/NOD1/PANX1/TRAF6/CHUK","REACTOME"
"REACTOME_NRAGE_SIGNALS_DEATH_THROUGH_JNK","REACTOME_NRAGE_SIGNALS_DEATH_THROUGH_JNK",48,-0.318746916665655,-1.11511428266814,0.268817204301075,0.615802580937288,0.529374148525037,3306,"tags=40%, list=24%, signal=30%","VAV2/ARHGEF1/MAPK8/AATF/TIAM2/TRIO/ARHGEF38/PLEKHG5/FGD3/TIAM1/ARHGEF5/VAV1/ARHGEF4/FGD2/MCF2L/MAGED1/PLEKHG2/GNA13/ARHGEF6","REACTOME"
"REACTOME_ACTIVATED_TAK1_MEDIATES_P38_MAPK_ACTIVATION","REACTOME_ACTIVATED_TAK1_MEDIATES_P38_MAPK_ACTIVATION",23,0.427520457605725,1.17053299983027,0.270664505672609,0.617192221961295,0.530568752212341,564,"tags=17%, list=4%, signal=17%","TAB1/UBE2V1/NOD1/TRAF6","REACTOME"
"REACTOME_POST_TRANSLATIONAL_MODIFICATION_SYNTHESIS_OF_GPI_ANCHORED_PROTEINS","REACTOME_POST_TRANSLATIONAL_MODIFICATION_SYNTHESIS_OF_GPI_ANCHORED_PROTEINS",40,-0.339594178328404,-1.11846628018127,0.272980501392758,0.620998297007221,0.533840641286909,2712,"tags=32%, list=20%, signal=26%","CD109/PIGZ/PIGK/PIGN/RECK/PIGG/CD52/PIGF/CPM/PGAP1/PIGC/PRSS21/VNN2","REACTOME"
"REACTOME_DAG_AND_IP3_SIGNALING","REACTOME_DAG_AND_IP3_SIGNALING",31,0.393518697565572,1.14132506795634,0.275752773375594,0.624345901982478,0.536718406967393,618,"tags=16%, list=5%, signal=15%","ITPR3/GRK2/ADCY7/KPNA2/ADCY9","REACTOME"
"REACTOME_PHOSPHOLIPID_METABOLISM","REACTOME_PHOSPHOLIPID_METABOLISM",164,0.291599924359276,1.09576894763408,0.275193798449612,0.624345901982478,0.536718406967393,2253,"tags=18%, list=17%, signal=15%","SBF1/LPCAT1/AGPAT4/PLEKHA3/PCYT1A/SYNJ2/PLA2G4C/AGPAT1/RUFY1/PIP4P1/PIP5K1A/DDHD1/CSNK2A1/RAB14/PLEKHA5/ARF1/SLC44A1/PIK3R3/PCYT2/PNPLA2/ETNK1/LPGAT1/CPNE1/AGPAT3/PIK3CG/PLD2/CEPT1/PLAAT3/ABHD3/MTMR3","REACTOME"
"REACTOME_RAC3_GTPASE_CYCLE","REACTOME_RAC3_GTPASE_CYCLE",75,0.327268479422447,1.11256156601191,0.276564774381368,0.624711019779091,0.537032280160973,776,"tags=12%, list=6%, signal=11%","EMD/RAPGEF1/PAK4/ARHGAP26/LEMD3/AMIGO2/ARHGAP35/IL32/ARAP2","REACTOME"
"REACTOME_VEGFR2_MEDIATED_VASCULAR_PERMEABILITY","REACTOME_VEGFR2_MEDIATED_VASCULAR_PERMEABILITY",25,0.411350194558742,1.15474879202601,0.279809220985692,0.62614650849945,0.538266296780229,2330,"tags=36%, list=17%, signal=30%","PRR5/AKT1/CTNNA1/AKT3/PDPK1/RAC1/CTNND1/NOS3/RICTOR","REACTOME"
"REACTOME_G_ALPHA_12_13_SIGNALLING_EVENTS","REACTOME_G_ALPHA_12_13_SIGNALLING_EVENTS",60,-0.301329003116609,-1.10322165608713,0.277936962750716,0.62614650849945,0.538266296780229,2951,"tags=33%, list=22%, signal=26%","GNB5/TIAM2/TRIO/ARHGEF38/ROCK2/GNG11/BTK/PLEKHG5/FGD3/TIAM1/ARHGEF5/VAV1/TBXA2R/ARHGEF4/FGD2/MCF2L/PLEKHG2/GNA13/GNA12/ARHGEF6","REACTOME"
"REACTOME_CHROMATIN_ORGANIZATION","REACTOME_CHROMATIN_ORGANIZATION",248,0.273527147533461,1.08220001674391,0.279754601226994,0.62614650849945,0.538266296780229,1940,"tags=18%, list=14%, signal=16%","KMT2A/CREBBP/ARID1A/RELA/SMARCA4/DNMT3A/KANSL3/KDM2A/MBIP/KAT7/KANSL1/BRPF3/CCND1/ACTL6A/GATAD2B/NCOR1/KDM5B/PHF10/SMARCA2/BICRAL/EP300/H2AX/SETD1A/KDM6A/ACTB/PHF2/YEATS2/KDM6B/TAF6L/HCFC1/GATAD2A/PHF21A/KDM5A/NSD2/KDM5C/NFKB1/SS18/TAF12/MTA3/ELP6/JADE2/SAP130/RBBP5/CHD4/AEBP2","REACTOME"
"REACTOME_MITOTIC_SPINDLE_CHECKPOINT","REACTOME_MITOTIC_SPINDLE_CHECKPOINT",109,-0.26860473562454,-1.06731467976691,0.278810408921933,0.62614650849945,0.538266296780229,1793,"tags=19%, list=13%, signal=17%","ZWILCH/XPO1/DYNC1LI1/KNL1/CENPC/ANAPC16/NUP107/ANAPC2/DSN1/KNTC1/KIF2A/ANAPC10/CDC23/CENPH/ITGB3BP/SEH1L/MAD2L1/CENPO/ZWINT/ANAPC11/ANAPC5","REACTOME"
"REACTOME_SEMA4D_IN_SEMAPHORIN_SIGNALING","REACTOME_SEMA4D_IN_SEMAPHORIN_SIGNALING",21,0.433936231394299,1.16115572193006,0.288025889967638,0.638939730447301,0.549263978805575,2278,"tags=33%, list=17%, signal=28%","ARHGEF12/RHOC/ARHGAP35/RND1/RAC1/MYH9/LIMK1","REACTOME"
"REACTOME_ACTIVATION_OF_KAINATE_RECEPTORS_UPON_GLUTAMATE_BINDING","REACTOME_ACTIVATION_OF_KAINATE_RECEPTORS_UPON_GLUTAMATE_BINDING",19,0.446288389571377,1.156980926634,0.286423841059603,0.638939730447301,0.549263978805575,3261,"tags=37%, list=24%, signal=28%","PLCB2/GNB4/PLCB1/DLG4/DLG3/NCALD/GNB2","REACTOME"
"REACTOME_DOWNREGULATION_OF_ERBB2_SIGNALING","REACTOME_DOWNREGULATION_OF_ERBB2_SIGNALING",20,0.43164980779906,1.13862805946297,0.287112561174551,0.638939730447301,0.549263978805575,1454,"tags=20%, list=11%, signal=18%","PTPN18/AKT1/AKT3/MATK","REACTOME"
"REACTOME_REGULATION_OF_GLUCOKINASE_BY_GLUCOKINASE_REGULATORY_PROTEIN","REACTOME_REGULATION_OF_GLUCOKINASE_BY_GLUCOKINASE_REGULATORY_PROTEIN",31,0.390970633560238,1.13393489986005,0.288431061806656,0.638939730447301,0.549263978805575,1910,"tags=29%, list=14%, signal=25%","POM121C/RANBP2/POM121/NUP58/NUP88/NUP214/NDC1/NUP160/NUP98","REACTOME"
"REACTOME_EXPORT_OF_VIRAL_RIBONUCLEOPROTEINS_FROM_NUCLEUS","REACTOME_EXPORT_OF_VIRAL_RIBONUCLEOPROTEINS_FROM_NUCLEUS",33,0.383295436506768,1.13091246448846,0.288854003139717,0.638939730447301,0.549263978805575,1910,"tags=30%, list=14%, signal=26%","POM121C/RANBP2/POM121/NUP58/NUP88/HSPA1A/NUP214/NDC1/NUP160/NUP98","REACTOME"
"REACTOME_TRANSPORT_OF_MATURE_MRNAS_DERIVED_FROM_INTRONLESS_TRANSCRIPTS","REACTOME_TRANSPORT_OF_MATURE_MRNAS_DERIVED_FROM_INTRONLESS_TRANSCRIPTS",43,0.357797855226156,1.10598455782085,0.289719626168224,0.63938124395746,0.549643525507291,1910,"tags=23%, list=14%, signal=20%","CPSF2/POM121C/RANBP2/POM121/NUP58/NUP88/NUP214/NDC1/NUP160/NUP98","REACTOME"
"REACTOME_SIGNALING_BY_FGFR3","REACTOME_SIGNALING_BY_FGFR3",27,0.398516967213977,1.14467961621387,0.292452830188679,0.640992504523133,0.551028644239184,3778,"tags=44%, list=28%, signal=32%","CBL/MKNK1/GALNT3/HRAS/MAPK1/FRS2/PPP2CB/PIK3CA/NRAS/PTPN11/SOS1/SHC1","REACTOME"
"REACTOME_DEGRADATION_OF_DVL","REACTOME_DEGRADATION_OF_DVL",43,-0.324461949974602,-1.09768236799222,0.291666666666667,0.640992504523133,0.551028644239184,2437,"tags=35%, list=18%, signal=29%","PSMD6/RPS27A/PSMA7/PSMB7/RBX1/PSMD8/PSMC3/PSMB3/UBB/DVL2/PSMA3/KLHL12/UBA52/DACT1/PSMB1","REACTOME"
"REACTOME_SUMOYLATION","REACTOME_SUMOYLATION",168,0.286673644691652,1.07947773223152,0.292367399741268,0.640992504523133,0.551028644239184,2723,"tags=23%, list=20%, signal=18%","CREBBP/PHC1/RELA/CBX4/DNMT3A/THRA/PIAS3/POM121C/NR4A2/RANBP2/PML/POM121/EP300/NUP58/PARP1/EIF2AK2/RARA/NR3C1/HDAC7/HIPK2/NUP88/NUP214/NDC1/SAFB/HERC2/NUP160/RNF2/NUP98/RXRA/PIAS4/MDM2/BRCA1/H4C8/MRTFA/XPC/DNMT1/RORA/NUP210","REACTOME"
"REACTOME_ASSEMBLY_OF_COLLAGEN_FIBRILS_AND_OTHER_MULTIMERIC_STRUCTURES","REACTOME_ASSEMBLY_OF_COLLAGEN_FIBRILS_AND_OTHER_MULTIMERIC_STRUCTURES",21,0.431418914940665,1.15441971743775,0.296116504854369,0.64327423180421,0.552990129094847,1253,"tags=24%, list=9%, signal=22%","LOXL4/PLEC/LOXL1/CTSB/COL6A1","REACTOME"
"REACTOME_INTERLEUKIN_7_SIGNALING","REACTOME_INTERLEUKIN_7_SIGNALING",23,0.418421082278083,1.14561929357514,0.296596434359805,0.64327423180421,0.552990129094847,2882,"tags=26%, list=21%, signal=21%","STAT5A/SMARCA4/PIK3R3/CRLF2/IL2RG/STAT3","REACTOME"
"REACTOME_SIGNALING_BY_FGFR1","REACTOME_SIGNALING_BY_FGFR1",31,0.388043614359243,1.1254456453236,0.299524564183835,0.64327423180421,0.552990129094847,3894,"tags=42%, list=29%, signal=30%","TGFBR3/CBL/MKNK1/HRAS/MAPK1/FRS2/PPP2CB/PIK3CA/NRAS/PTPN11/SOS1/SHC1/FGFRL1","REACTOME"
"REACTOME_TP53_REGULATES_TRANSCRIPTION_OF_CELL_DEATH_GENES","REACTOME_TP53_REGULATES_TRANSCRIPTION_OF_CELL_DEATH_GENES",37,0.370303623169578,1.12046389626076,0.299382716049383,0.64327423180421,0.552990129094847,1394,"tags=16%, list=10%, signal=15%","CREBBP/TNFRSF10B/NDRG1/TP53BP2/BAX/CRADD","REACTOME"
"REACTOME_REGULATION_OF_RUNX2_EXPRESSION_AND_ACTIVITY","REACTOME_REGULATION_OF_RUNX2_EXPRESSION_AND_ACTIVITY",52,0.346272762426791,1.10267985143822,0.297380585516179,0.64327423180421,0.552990129094847,1378,"tags=17%, list=10%, signal=16%","RUNX2/PSMB5/HIVEP3/PSMC6/ADRM1/NR3C1/PSMB2/PPARGC1B/STAT1","REACTOME"
"REACTOME_SIGNALING_BY_NOTCH4","REACTOME_SIGNALING_BY_NOTCH4",67,0.328115874623651,1.09170784795692,0.295081967213115,0.64327423180421,0.552990129094847,2414,"tags=25%, list=18%, signal=21%","CREBBP/MAMLD1/PSMB5/AKT1/PSEN1/EP300/PSMC6/NCSTN/ADRM1/PSMB2/NOTCH2/FBXW7/NOTCH1/MAML1/NOTCH4/PSMA5/PSMA6","REACTOME"
"REACTOME_SIGNALING_BY_NOTCH","REACTOME_SIGNALING_BY_NOTCH",182,0.284991369806272,1.08551932664822,0.298335467349552,0.64327423180421,0.552990129094847,2530,"tags=24%, list=19%, signal=19%","CREBBP/MAMLD1/ST3GAL3/PSMB5/AKT1/PLXND1/AGO4/PSEN1/CCND1/NCOR1/AGO2/EP300/RUNX1/IKZF1/JUN/H2AX/PSMC6/ST3GAL4/GZMB/NCSTN/FURIN/ATP2A2/ADRM1/HDAC7/PSMB2/NOTCH2/TLE3/STAT1/HDAC5/DTX1/ATP2A3/FBXW7/NOTCH1/MAML1/HDAC11/NOTCH4/ITCH/PSMA5/TNRC6C/HDAC6/PSMA6/HDAC8/H4C8","REACTOME"
"REACTOME_PRE_NOTCH_EXPRESSION_AND_PROCESSING","REACTOME_PRE_NOTCH_EXPRESSION_AND_PROCESSING",83,0.315329863557282,1.08473313350444,0.298270893371758,0.64327423180421,0.552990129094847,851,"tags=16%, list=6%, signal=15%","CREBBP/MAMLD1/ST3GAL3/AGO4/CCND1/AGO2/EP300/RUNX1/JUN/H2AX/ST3GAL4/FURIN/ATP2A2","REACTOME"
"REACTOME_ACTIVATION_OF_ANTERIOR_HOX_GENES_IN_HINDBRAIN_DEVELOPMENT_DURING_EARLY_EMBRYOGENESIS","REACTOME_ACTIVATION_OF_ANTERIOR_HOX_GENES_IN_HINDBRAIN_DEVELOPMENT_DURING_EARLY_EMBRYOGENESIS",85,-0.274629120095747,-1.06490180313593,0.294498381877023,0.64327423180421,0.552990129094847,1682,"tags=18%, list=12%, signal=16%","H4C2/H3C1/DPY30/POLR2J/POLR2C/H2BC4/H4C5/H2BC8/H2AC6/YY1/POLR2G/H3C10/H2BC21/H2BC5/H2AC8","REACTOME"
"REACTOME_IKK_COMPLEX_RECRUITMENT_MEDIATED_BY_RIP1","REACTOME_IKK_COMPLEX_RECRUITMENT_MEDIATED_BY_RIP1",22,0.421764745255831,1.14628634407891,0.301458670988655,0.644544151779752,0.554081814687857,663,"tags=18%, list=5%, signal=17%","UBE2V1/TICAM1/TRAF6/CHUK","REACTOME"
"REACTOME_GOLGI_ASSOCIATED_VESICLE_BIOGENESIS","REACTOME_GOLGI_ASSOCIATED_VESICLE_BIOGENESIS",51,0.346848081740887,1.10518783249544,0.300925925925926,0.644544151779752,0.554081814687857,4176,"tags=41%, list=31%, signal=29%","PICALM/DTNBP1/PUM1/AP1G1/CPD/ARF1/HIP1R/AP3B1/TGOLN2/VAMP2/DNM2/CLTA/BLOC1S1/CLINT1/DNAJC6/AP3S1/TFRC/OCRL/SNX5/AP1B1/GOLGB1","REACTOME"
"REACTOME_GAP_FILLING_DNA_REPAIR_SYNTHESIS_AND_LIGATION_IN_GG_NER","REACTOME_GAP_FILLING_DNA_REPAIR_SYNTHESIS_AND_LIGATION_IN_GG_NER",25,-0.374485044877938,-1.10902512708276,0.305630026809651,0.65201072386059,0.560500446827525,2682,"tags=32%, list=20%, signal=26%","PCNA/RPS27A/POLD2/UBB/POLE4/POLD4/UBA52/POLE3","REACTOME"
"REACTOME_TICAM1_RIP1_MEDIATED_IKK_COMPLEX_RECRUITMENT","REACTOME_TICAM1_RIP1_MEDIATED_IKK_COMPLEX_RECRUITMENT",19,0.43650820096597,1.13162626373048,0.30794701986755,0.653650984776813,0.56191049568533,663,"tags=21%, list=5%, signal=20%","UBE2V1/TICAM1/TRAF6/CHUK","REACTOME"
"REACTOME_MISCELLANEOUS_TRANSPORT_AND_BINDING_EVENTS","REACTOME_MISCELLANEOUS_TRANSPORT_AND_BINDING_EVENTS",17,-0.412824715398269,-1.11562191311059,0.307894736842105,0.653650984776813,0.56191049568533,2731,"tags=47%, list=20%, signal=38%","SLC66A1/DMTN/ADD3/NIPAL3/NIPA1/MRS2/LRRC8D/NIPAL2","REACTOME"
"REACTOME_POSITIVE_EPIGENETIC_REGULATION_OF_RRNA_EXPRESSION","REACTOME_POSITIVE_EPIGENETIC_REGULATION_OF_RRNA_EXPRESSION",82,-0.281167534553508,-1.0763411843993,0.308441558441558,0.653650984776813,0.56191049568533,2417,"tags=22%, list=18%, signal=18%","TAF1D/H2AC20/H2AC4/POLR1C/H3-3A/TBP/KAT2A/H4C2/H3C1/H2BC4/HDAC1/H4C5/H2BC8/H2AC6/H3C10/H2BC21/H2BC5/H2AC8","REACTOME"
"REACTOME_G_BETA_GAMMA_SIGNALLING_THROUGH_PI3KGAMMA","REACTOME_G_BETA_GAMMA_SIGNALLING_THROUGH_PI3KGAMMA",18,0.442388989581948,1.13708059824781,0.31219512195122,0.655299277840593,0.563327449371738,1866,"tags=28%, list=14%, signal=24%","AKT1/AKT3/PDPK1/GNB4/PIK3CG","REACTOME"
"REACTOME_SIGNALING_BY_BMP","REACTOME_SIGNALING_BY_BMP",18,0.442252606063228,1.13673004916836,0.31219512195122,0.655299277840593,0.563327449371738,570,"tags=17%, list=4%, signal=16%","TGFBR3/SMAD5/ACVR2B","REACTOME"
"REACTOME_DENGUE_VIRUS_MODULATES_APOPTOSIS","REACTOME_DENGUE_VIRUS_MODULATES_APOPTOSIS",16,0.449278250441562,1.12824145268079,0.314424635332253,0.655299277840593,0.563327449371738,2330,"tags=31%, list=17%, signal=26%","PRR5/TAOK1/NFKBIB/RIPK1/RICTOR","REACTOME"
"REACTOME_COLLAGEN_BIOSYNTHESIS_AND_MODIFYING_ENZYMES","REACTOME_COLLAGEN_BIOSYNTHESIS_AND_MODIFYING_ENZYMES",22,0.414631240043285,1.12689866480383,0.312803889789303,0.655299277840593,0.563327449371738,3772,"tags=45%, list=28%, signal=33%","CRTAP/COLGALT2/COL6A1/PLOD1/PLOD3/COL9A2/COL10A1/P4HA1/P3H1/PCOLCE","REACTOME"
"REACTOME_UPTAKE_AND_ACTIONS_OF_BACTERIAL_TOXINS","REACTOME_UPTAKE_AND_ACTIONS_OF_BACTERIAL_TOXINS",21,0.420699135251535,1.12573501073818,0.310679611650485,0.655299277840593,0.563327449371738,2752,"tags=33%, list=20%, signal=27%","FURIN/SYT2/ANTXR2/MAP2K4/MAP2K2/VAMP2/STX1A","REACTOME"
"REACTOME_DENGUE_VIRUS_ACTIVATES_MODULATES_INNATE_AND_ADAPTIVE_IMMUNE_RESPONSES","REACTOME_DENGUE_VIRUS_ACTIVATES_MODULATES_INNATE_AND_ADAPTIVE_IMMUNE_RESPONSES",23,0.410313790583163,1.12342187050608,0.316045380875203,0.655299277840593,0.563327449371738,3299,"tags=48%, list=24%, signal=36%","CLU/IFIH1/EXOC1/PML/TRIM25/CDC73/STING1/STAT2/CTR9/APOA1/DDX3X","REACTOME"
"REACTOME_ACTIVATION_OF_BH3_ONLY_PROTEINS","REACTOME_ACTIVATION_OF_BH3_ONLY_PROTEINS",27,0.38920777961406,1.11794038509999,0.316037735849057,0.655299277840593,0.563327449371738,4345,"tags=44%, list=32%, signal=30%","AKT1/AKT3/TP53BP2/YWHAQ/YWHAE/PPP3R1/TP53/BBC3/TFDP1/DYNLL1/PPP1R13B/YWHAG","REACTOME"
"REACTOME_METAL_ION_SLC_TRANSPORTERS","REACTOME_METAL_ION_SLC_TRANSPORTERS",28,0.387277004702734,1.11253494484643,0.313694267515924,0.655299277840593,0.563327449371738,1258,"tags=25%, list=9%, signal=23%","SLC11A1/SLC30A1/SLC39A6/SLC9A1/SLC9A6/SLC24A4/SLC39A7","REACTOME"
"REACTOME_REGULATION_OF_CDH1_FUNCTION","REACTOME_REGULATION_OF_CDH1_FUNCTION",56,0.336198496133245,1.08981607517928,0.315151515151515,0.655299277840593,0.563327449371738,2451,"tags=25%, list=18%, signal=21%","VCL/PSMB5/CTNNA1/CBLL1/PSMC6/CTSB/ADRM1/ACTB/PSMB2/CTNND1/MDM2/PSMA5/PSMA6/DNM2","REACTOME"
"REACTOME_DEACTIVATION_OF_THE_BETA_CATENIN_TRANSACTIVATING_COMPLEX","REACTOME_DEACTIVATION_OF_THE_BETA_CATENIN_TRANSACTIVATING_COMPLEX",37,-0.331218125194135,-1.07576762840042,0.310734463276836,0.655299277840593,0.563327449371738,2422,"tags=35%, list=18%, signal=29%","RPS27A/CTNNBIP1/SOX4/XPO1/DPY30/UBB/TCF7/AKT2/UBA52/HDAC1/LEF1/TCF7L1/CBY1","REACTOME"
"REACTOME_SUMOYLATION_OF_DNA_DAMAGE_RESPONSE_AND_REPAIR_PROTEINS","REACTOME_SUMOYLATION_OF_DNA_DAMAGE_RESPONSE_AND_REPAIR_PROTEINS",75,0.319116213817347,1.08484763094501,0.318777292576419,0.659539226020178,0.566972317105065,2300,"tags=24%, list=17%, signal=20%","PHC1/CBX4/POM121C/RANBP2/PML/POM121/NUP58/PARP1/HDAC7/NUP88/NUP214/NDC1/HERC2/NUP160/RNF2/NUP98/PIAS4/BRCA1","REACTOME"
"REACTOME_TP53_REGULATES_TRANSCRIPTION_OF_ADDITIONAL_CELL_CYCLE_GENES_WHOSE_EXACT_ROLE_IN_THE_P53_PATHWAY_REMAIN_UNCERTAIN","REACTOME_TP53_REGULATES_TRANSCRIPTION_OF_ADDITIONAL_CELL_CYCLE_GENES_WHOSE_EXACT_ROLE_IN_THE_P53_PATHWAY_REMAIN_UNCERTAIN",20,-0.39210893642749,-1.11436877224548,0.32133676092545,0.661389276932252,0.568562711748778,1947,"tags=30%, list=14%, signal=26%","NPM1/CNOT11/BTG2/CNOT8/PLK3/CNOT3","REACTOME"
"REACTOME_TRANSPORT_OF_THE_SLBP_DEPENDANT_MATURE_MRNA","REACTOME_TRANSPORT_OF_THE_SLBP_DEPENDANT_MATURE_MRNA",36,0.367441245020518,1.10202756524978,0.322429906542056,0.661389276932252,0.568562711748778,1910,"tags=25%, list=14%, signal=22%","POM121C/RANBP2/POM121/NUP58/NUP88/NUP214/NDC1/NUP160/NUP98","REACTOME"
"REACTOME_FOXO_MEDIATED_TRANSCRIPTION","REACTOME_FOXO_MEDIATED_TRANSCRIPTION",50,0.343818301250356,1.09280478754778,0.323029366306028,0.661389276932252,0.568562711748778,3248,"tags=34%, list=24%, signal=26%","CREBBP/AKT1/EP300/DDIT3/AKT3/NR3C1/GADD45A/BCL6/YWHAQ/CDKN1A/BTG1/FOXO1/FASLG/FOXO3/SIRT1/STK11/RBL2","REACTOME"
"REACTOME_MAPK1_MAPK3_SIGNALING","REACTOME_MAPK1_MAPK3_SIGNALING",193,0.280196846196708,1.07587393855178,0.320971867007673,0.661389276932252,0.568562711748778,3891,"tags=32%, list=29%, signal=23%","VCL/PTPN7/PSMB5/DUSP5/LRRC7/IL2RB/TLN1/PSMC6/PPP2R1B/ADRM1/ACTB/ARAF/SPTAN1/PSMB2/DUSP10/HRAS/PEA15/MAP2K2/MAPK1/PPP2R5A/MARK3/IQGAP1/RASGRP4/APBB1IP/SYNGAP1/FNTB/RASGRP1/DLG4/CDK1/FRS2/PSMA5/CSK/PSMA6/IL2RG/PPP2R5E/AREG/KBTBD7/RALGDS/DLG3/JAK2/LAMTOR3/PPP2CB/RASAL1/DUSP4/PPP1CB/PIK3CA/PSMD12/PSMD1/NRAS/PIK3CB/PSMD3/DUSP7/DUSP8/DUSP2/PTPN11/BCL2L1/SOS1/RASAL3/SHC1/MAP3K11/ICMT","REACTOME"
"REACTOME_CO_INHIBITION_BY_PD_1","REACTOME_CO_INHIBITION_BY_PD_1",184,0.280574936684761,1.07107437214603,0.323116219667944,0.661389276932252,0.568562711748778,2560,"tags=23%, list=19%, signal=19%","KMT2A/CREBBP/HLA-DPB1/BRD4/RELA/PSMB5/AGO4/HLA-DQB1/CCND1/AGO2/EP300/JUN/H2AX/PSMC6/HLA-DQA1/CSNK2A1/CD4/PDCD1LG2/ADRM1/FOS/PDCD1/TCF7L2/PSMB2/HLA-DPA1/DERL3/STAT1/NFKB1/FOSB/HLA-DRB1/CD3G/PRKAA1/RBBP5/EED/RPN1/KMT2C/PSMA5/TNRC6C/CSK/PSMA6/JUND/RBBP4/H4C8/ERLEC1","REACTOME"
"REACTOME_TRANSCRIPTION_OF_E2F_TARGETS_UNDER_NEGATIVE_CONTROL_BY_P107_RBL1_AND_P130_RBL2_IN_COMPLEX_WITH_HDAC1","REACTOME_TRANSCRIPTION_OF_E2F_TARGETS_UNDER_NEGATIVE_CONTROL_BY_P107_RBL1_AND_P130_RBL2_IN_COMPLEX_WITH_HDAC1",16,0.445483018740573,1.11871074932853,0.325769854132901,0.663914990778958,0.570733939441561,4442,"tags=62%, list=33%, signal=42%","E2F4/E2F5/CDK1/RBBP4/LIN9/RBL2/MYBL2/CCNA2/TFDP1/LIN37","REACTOME"
"REACTOME_FOXO_MEDIATED_TRANSCRIPTION_OF_OXIDATIVE_STRESS_METABOLIC_AND_NEURONAL_GENES","REACTOME_FOXO_MEDIATED_TRANSCRIPTION_OF_OXIDATIVE_STRESS_METABOLIC_AND_NEURONAL_GENES",18,-0.407588859086865,-1.10788268989674,0.325581395348837,0.663914990778958,0.570733939441561,1431,"tags=22%, list=11%, signal=20%","CAT/POMC/HDAC1/SMAD3","REACTOME"
"REACTOME_NEURONAL_SYSTEM","REACTOME_NEURONAL_SYSTEM",179,0.280878663116595,1.06527668928001,0.326424870466321,0.663914990778958,0.570733939441561,2243,"tags=21%, list=17%, signal=18%","AP2B1/KCNAB2/GLUL/PANX1/HCN2/ADCY7/KPNA2/TUBA1B/ADCY9/PRKCB/LRRC7/CACNA2D2/KCNC4/SYT2/PLCB2/APBA1/KCNMB3/CASK/GLS/TUBB2A/KCNAB1/PDPK1/PDLIM5/RAC1/HRAS/GNB4/GNAI3/KCNN4/MAPK1/GABBR1/PRKAA1/PLCB1/LRFN3/DLG4/IL1RAP/MDM2/KCNMB4/TSPOAP1","REACTOME"
"REACTOME_METABOLISM_OF_NUCLEOTIDES","REACTOME_METABOLISM_OF_NUCLEOTIDES",83,-0.278389208637365,-1.06907059037046,0.327922077922078,0.66555009472557,0.572139555114964,2777,"tags=27%, list=20%, signal=21%","ADPRM/GUK1/TXNRD1/PNP/ENTPD1/ATIC/DCK/NME3/GLRX/PAICS/NT5C2/AK2/ENTPD6/UCKL1/DNPH1/APRT/GMPR2/DGUOK/ADK/UPP1/AK5/DTYMK","REACTOME"
"REACTOME_G1_S_SPECIFIC_TRANSCRIPTION","REACTOME_G1_S_SPECIFIC_TRANSCRIPTION",27,0.385394261762338,1.10698663278813,0.328616352201258,0.665552105724067,0.572141283868057,4796,"tags=52%, list=35%, signal=34%","E2F4/E2F5/CDK1/CDT1/RBBP4/LIN9/RBL2/DHFR/TK1/TFDP1/LIN37/CCNE1/E2F6/ORC1","REACTOME"
"REACTOME_CELLULAR_RESPONSE_TO_HYPOXIA","REACTOME_CELLULAR_RESPONSE_TO_HYPOXIA",57,0.334723055792264,1.08828117600732,0.329341317365269,0.665616136148755,0.572196327566474,1166,"tags=16%, list=9%, signal=14%","CREBBP/PSMB5/EGLN2/EP300/PSMC6/EGLN3/HIF1AN/ADRM1/PSMB2","REACTOME"
"REACTOME_DNA_DOUBLE_STRAND_BREAK_RESPONSE","REACTOME_DNA_DOUBLE_STRAND_BREAK_RESPONSE",64,-0.288264341293667,-1.06357832621014,0.330409356725146,0.666371811882648,0.572845943548241,1723,"tags=20%, list=13%, signal=18%","ATM/H4C2/ABRAXAS1/UBB/UIMC1/BABAM1/H2BC4/UBA52/H4C5/APBB1/H2BC8/H2BC21/H2BC5","REACTOME"
"REACTOME_RRNA_PROCESSING_IN_THE_MITOCHONDRION","REACTOME_RRNA_PROCESSING_IN_THE_MITOCHONDRION",17,-0.403238581160593,-1.08971624172351,0.331578947368421,0.667328699106256,0.573668530810641,2794,"tags=47%, list=21%, signal=37%","NGRN/RPUSD3/RCC1L/PRORP/MTERF4/TRUB2/HSD17B10/ELAC2","REACTOME"
"REACTOME_INTERLEUKIN_3_INTERLEUKIN_5_AND_GM_CSF_SIGNALING","REACTOME_INTERLEUKIN_3_INTERLEUKIN_5_AND_GM_CSF_SIGNALING",44,0.347159232312151,1.07605700298777,0.333333333333333,0.669456066945607,0.575497320707627,720,"tags=9%, list=5%, signal=9%","RAPGEF1/STAT5A/CBL/IL2RB","REACTOME"
"REACTOME_SIGNALING_BY_ERBB2","REACTOME_SIGNALING_BY_ERBB2",39,0.357313670824553,1.09166651016607,0.336434108527132,0.674272952371705,0.579638152038834,1532,"tags=15%, list=11%, signal=14%","PTPN18/AKT1/MEMO1/AKT3/MATK/HRAS","REACTOME"
"REACTOME_SLC_MEDIATED_TRANSPORT_OF_AMINO_ACIDS","REACTOME_SLC_MEDIATED_TRANSPORT_OF_AMINO_ACIDS",21,0.411444440780497,1.10097067749679,0.338187702265372,0.67534681014736,0.580561292933696,2435,"tags=29%, list=18%, signal=23%","SLC6A6/SLC43A1/SLC1A4/SLC36A4/SLC3A2/SLC1A5","REACTOME"
"REACTOME_METABOLISM_OF_STEROIDS","REACTOME_METABOLISM_OF_STEROIDS",107,0.299948256227991,1.07015040987215,0.33837689133425,0.67534681014736,0.580561292933696,4076,"tags=33%, list=30%, signal=23%","HELZ2/CREBBP/FASN/OSBPL3/FDXR/SEC24C/SEC24A/MTF1/SP1/FDFT1/ACOT8/CYP2R1/RXRA/PIAS4/TSPOAP1/ACACA/SEC24D/SCAP/INSIG2/IDI1/HSD17B7/SQLE/PMVK/TGS1/MBTPS2/SCD/ELOVL6/ARV1/MSMO1/NFYB/NCOA6/HSD11B1/NCOA2/LSS/DHCR24","REACTOME"
"REACTOME_BUTYRATE_RESPONSE_FACTOR_1_BRF1_BINDS_AND_DESTABILIZES_MRNA","REACTOME_BUTYRATE_RESPONSE_FACTOR_1_BRF1_BINDS_AND_DESTABILIZES_MRNA",17,0.433819181692096,1.10164165465054,0.340836012861736,0.67743803798606,0.582359015110823,1325,"tags=24%, list=10%, signal=21%","AKT1/EXOSC3/ZFP36L1/DCP1A","REACTOME"
"REACTOME_PERK_REGULATES_GENE_EXPRESSION","REACTOME_PERK_REGULATES_GENE_EXPRESSION",28,0.379293235819512,1.0895998834658,0.340764331210191,0.67743803798606,0.582359015110823,1195,"tags=21%, list=9%, signal=20%","HSPA5/EXOSC3/PARN/DDIT3/HERPUD1/EIF2S3","REACTOME"
"REACTOME_TP53_REGULATES_TRANSCRIPTION_OF_GENES_INVOLVED_IN_CYTOCHROME_C_RELEASE","REACTOME_TP53_REGULATES_TRANSCRIPTION_OF_GENES_INVOLVED_IN_CYTOCHROME_C_RELEASE",15,0.44691561011876,1.10175122869686,0.347107438016529,0.680733310273262,0.585191793041927,1284,"tags=20%, list=9%, signal=18%","CREBBP/TP53BP2/BAX","REACTOME"
"REACTOME_INTERLEUKIN_10_SIGNALING","REACTOME_INTERLEUKIN_10_SIGNALING",29,0.378308123130609,1.09302511635084,0.345971563981043,0.680733310273262,0.585191793041927,5210,"tags=52%, list=38%, signal=32%","CCL4/CCR5/CCL5/CCR2/STAT3/IL1B/TNFRSF1B/TNF/CCL3/CSF1/CCL20/JAK1/IL18/CCL3L3/FPR1","REACTOME"
"REACTOME_PHASE_II_CONJUGATION_OF_COMPOUNDS","REACTOME_PHASE_II_CONJUGATION_OF_COMPOUNDS",50,0.340366640724805,1.08183390224705,0.346213292117465,0.680733310273262,0.585191793041927,674,"tags=10%, list=5%, signal=10%","GGT1/ACSM1/GCLC/GCLM/MTR","REACTOME"
"REACTOME_SUMOYLATION_OF_CHROMATIN_ORGANIZATION_PROTEINS","REACTOME_SUMOYLATION_OF_CHROMATIN_ORGANIZATION_PROTEINS",64,0.324031164247293,1.06891855706431,0.343939393939394,0.680733310273262,0.585191793041927,1910,"tags=19%, list=14%, signal=16%","PHC1/CBX4/POM121C/RANBP2/POM121/NUP58/NUP88/NUP214/NDC1/NUP160/RNF2/NUP98","REACTOME"
"REACTOME_REGULATION_OF_MRNA_STABILITY_BY_PROTEINS_THAT_BIND_AU_RICH_ELEMENTS","REACTOME_REGULATION_OF_MRNA_STABILITY_BY_PROTEINS_THAT_BIND_AU_RICH_ELEMENTS",73,0.314037639773053,1.06574530796546,0.345080763582966,0.680733310273262,0.585191793041927,2600,"tags=25%, list=19%, signal=20%","PSMB5/AKT1/ELAVL1/EXOSC3/PARN/ZFP36L1/PSMC6/ADRM1/ZFP36/PSMB2/DCP1A/HSPA1A/NUP214/EIF4G1/PSMA5/PSMA6/MAPKAPK2/PRKCD","REACTOME"
"REACTOME_DISEASES_OF_MITOTIC_CELL_CYCLE","REACTOME_DISEASES_OF_MITOTIC_CELL_CYCLE",37,-0.325918902991554,-1.0585562161388,0.347457627118644,0.680733310273262,0.585191793041927,1742,"tags=27%, list=13%, signal=24%","CDKN1B/SKP2/CDK4/ANAPC16/ANAPC2/ANAPC10/CDC23/FZR1/ANAPC11/ANAPC5","REACTOME"
"REACTOME_POTENTIAL_THERAPEUTICS_FOR_SARS","REACTOME_POTENTIAL_THERAPEUTICS_FOR_SARS",88,0.304638275469186,1.05413073446176,0.344238975817923,0.680733310273262,0.585191793041927,2738,"tags=30%, list=20%, signal=24%","BRD4/S1PR1/AP2B1/GATAD2B/KEAP1/FURIN/NR3C1/PDCD1/TBK1/GATAD2A/PHF21A/RIPK1/MTA3/ATP1A3/ATP1B3/ZBP1/CHD4/FNTB/CD79B/RBBP4/FXYD7/SIGMAR1/BRMS1/JAK2/STAT2/SAP30","REACTOME"
"REACTOME_TOLL_LIKE_RECEPTOR_CASCADES","REACTOME_TOLL_LIKE_RECEPTOR_CASCADES",153,0.284441317968598,1.05302310232178,0.348344370860927,0.681080643638473,0.585490377864652,2057,"tags=18%, list=15%, signal=15%","S100B/TAB1/UBE2V1/RELA/TICAM1/NOD1/TRAF6/NFKBIB/USP14/CHUK/JUN/LRRC14/PPP2R1B/CTSB/FOS/FBXW11/NLRC5/IRF7/MAP2K4/TBK1/RIPK1/NFKB1/MAPK1/TLR6/DUSP3/N4BP1/PTPN4","REACTOME"
"REACTOME_FORMATION_OF_THE_EARLY_ELONGATION_COMPLEX","REACTOME_FORMATION_OF_THE_EARLY_ELONGATION_COMPLEX",31,-0.340806088414028,-1.07068020774515,0.350404312668464,0.683715732036027,0.587755629294128,1548,"tags=26%, list=11%, signal=23%","GTF2H2/POLR2J/POLR2C/GTF2F2/GTF2H5/SUPT4H1/POLR2G/NELFE","REACTOME"
"REACTOME_SIGNALING_BY_WNT_IN_CANCER","REACTOME_SIGNALING_BY_WNT_IN_CANCER",24,0.390764112549294,1.08519556336524,0.351524879614767,0.684510921765064,0.58843921344716,3104,"tags=33%, list=23%, signal=26%","AXIN1/PPP2R1B/TCF7L2/TNKS2/PPP2R5A/PPP2R5E/PPP2CB/GSK3B","REACTOME"
"REACTOME_REGULATION_OF_NF_KAPPA_B_SIGNALING","REACTOME_REGULATION_OF_NF_KAPPA_B_SIGNALING",18,0.420194086598027,1.08003262879708,0.352845528455285,0.685691715216747,0.589454281502116,1966,"tags=33%, list=14%, signal=29%","TRAF6/USP14/CHUK/LRRC14/NLRC5/N4BP1","REACTOME"
"REACTOME_RNA_POLYMERASE_III_CHAIN_ELONGATION","REACTOME_RNA_POLYMERASE_III_CHAIN_ELONGATION",17,0.429171087815984,1.08983827194007,0.356913183279743,0.689409770520227,0.592650504482301,843,"tags=12%, list=6%, signal=11%","POLR3A/POLR3D","REACTOME"
"REACTOME_NEGATIVE_REGULATION_OF_MET_ACTIVITY","REACTOME_NEGATIVE_REGULATION_OF_MET_ACTIVITY",17,0.428756426552981,1.08878527995822,0.356913183279743,0.689409770520227,0.592650504482301,493,"tags=18%, list=4%, signal=17%","PTPN1/CBL/HGS","REACTOME"
"REACTOME_SIGNAL_TRANSDUCTION_BY_L1","REACTOME_SIGNAL_TRANSDUCTION_BY_L1",18,0.418644654800252,1.07605009560334,0.35609756097561,0.689409770520227,0.592650504482301,1692,"tags=28%, list=12%, signal=24%","L1CAM/CSNK2A1/RAC1/MAP2K2/MAPK1","REACTOME"
"REACTOME_FGFR2_ALTERNATIVE_SPLICING","REACTOME_FGFR2_ALTERNATIVE_SPLICING",25,-0.35924106051942,-1.06388056945173,0.359249329758713,0.692528828450531,0.595331799896071,1445,"tags=20%, list=11%, signal=18%","HNRNPA1/POLR2J/POLR2C/GTF2F2/POLR2G","REACTOME"
"REACTOME_ASSEMBLY_OF_THE_HIV_VIRION","REACTOME_ASSEMBLY_OF_THE_HIV_VIRION",15,0.440589484331343,1.08615585296736,0.365289256198347,0.693895476504172,0.596506637696569,816,"tags=20%, list=6%, signal=19%","MVB12B/VPS37B/FURIN","REACTOME"
"REACTOME_DISEASES_OF_IMMUNE_SYSTEM","REACTOME_DISEASES_OF_IMMUNE_SYSTEM",26,0.380599973665634,1.07910821800181,0.363057324840764,0.693895476504172,0.596506637696569,1742,"tags=19%, list=13%, signal=17%","RELA/TICAM1/CHUK/NFKB1/TLR6","REACTOME"
"REACTOME_TNFS_BIND_THEIR_PHYSIOLOGICAL_RECEPTORS","REACTOME_TNFS_BIND_THEIR_PHYSIOLOGICAL_RECEPTORS",20,-0.376993809694772,-1.07141176806971,0.365038560411311,0.693895476504172,0.596506637696569,416,"tags=20%, list=3%, signal=19%","EDA/EDAR/CD27/TNFSF13B","REACTOME"
"REACTOME_SUMOYLATION_OF_DNA_REPLICATION_PROTEINS","REACTOME_SUMOYLATION_OF_DNA_REPLICATION_PROTEINS",46,0.344808672401263,1.07034452926221,0.36248012718601,0.693895476504172,0.596506637696569,2108,"tags=24%, list=16%, signal=20%","PIAS3/POM121C/RANBP2/POM121/NUP58/NUP88/NUP214/NDC1/NUP160/NUP98/PIAS4","REACTOME"
"REACTOME_HDMS_DEMETHYLATE_HISTONES","REACTOME_HDMS_DEMETHYLATE_HISTONES",37,0.352036270497395,1.06519058034165,0.365740740740741,0.693895476504172,0.596506637696569,2530,"tags=24%, list=19%, signal=20%","KDM2A/KDM5B/KDM6A/PHF2/KDM6B/KDM5A/KDM5C/KDM1B/H4C8","REACTOME"
"REACTOME_IRE1ALPHA_ACTIVATES_CHAPERONES","REACTOME_IRE1ALPHA_ACTIVATES_CHAPERONES",46,0.342925756106784,1.06449963812064,0.365659777424483,0.693895476504172,0.596506637696569,1592,"tags=20%, list=12%, signal=17%","SYVN1/LMNA/GSK3A/HSPA5/TLN1/FKBP14/HYOU1/SEC31A/TPP1","REACTOME"
"REACTOME_CELL_CELL_COMMUNICATION","REACTOME_CELL_CELL_COMMUNICATION",231,0.265667126747989,1.04346618132012,0.36318407960199,0.693895476504172,0.596506637696569,1166,"tags=13%, list=9%, signal=12%","VCL/ARID1A/ACTN4/ANG/PSMB5/SMARCA4/FOXJ2/AGO4/PXN/CTNNA1/PTK2B/TGIF2/CBLL1/PLEC/AGO2/H2AX/PSMC6/FURIN/ZEB2/CSNK2A1/FLNA/TCF12/CASK/VASP/CTSB/ADRM1/ACTB/NCK2/SPTAN1/PSMB2","REACTOME"
"REACTOME_TNF_SIGNALING","REACTOME_TNF_SIGNALING",56,-0.290420079618642,-1.0375732091824,0.365497076023392,0.693895476504172,0.596506637696569,2422,"tags=30%, list=18%, signal=25%","RPS27A/OPTN/TAB2/BIRC3/NSMAF/UBB/UBE2D2/IKBKG/SMPD2/TRADD/FADD/CASP8/UBE2L3/UBA52/RACK1/UBE2D3/TRAF1","REACTOME"
"REACTOME_REGULATION_OF_CDH1_GENE_TRANSCRIPTION","REACTOME_REGULATION_OF_CDH1_GENE_TRANSCRIPTION",72,-0.279545360415128,-1.04402068956335,0.371517027863777,0.703464194771649,0.604732377961593,2282,"tags=24%, list=17%, signal=20%","H2AC20/MCRIP1/H2AC4/H3-3A/KLF9/H4C2/H3C1/MAPK3/H2BC4/HDAC1/H4C5/H2BC8/H2AC6/H3C10/H2BC21/H2BC5/H2AC8","REACTOME"
"REACTOME_INFECTION_WITH_ENTEROBACTERIA","REACTOME_INFECTION_WITH_ENTEROBACTERIA",20,0.399670502686698,1.05427140398633,0.375203915171289,0.708715513396893,0.609246669411364,117,"tags=10%, list=1%, signal=10%","HBB/HBA2","REACTOME"
"REACTOME_O_LINKED_GLYCOSYLATION","REACTOME_O_LINKED_GLYCOSYLATION",62,0.320382654861364,1.04897991987848,0.375766871165644,0.708715513396893,0.609246669411364,2328,"tags=23%, list=17%, signal=19%","ST3GAL3/B3GNT2/SLC35A4/SEMA5A/ST3GAL4/GALNT3/ST6GALNAC4/B3GALNT2/THBS1/ADAMTS10/GALNT6/GALNT7/MUC20/ADAMTS17","REACTOME"
"REACTOME_CYCLIN_D_ASSOCIATED_EVENTS_IN_G1","REACTOME_CYCLIN_D_ASSOCIATED_EVENTS_IN_G1",46,0.339927370135282,1.05519214014251,0.376788553259142,0.709249041428972,0.609705316316134,3248,"tags=33%, list=24%, signal=25%","CCND2/E2F4/CCND1/PPP2R1B/E2F5/RB1/CDKN1A/E2F2/CDK7/CDK2/PPP2R2A/JAK2/PPP2CB/CDKN2D/RBL2","REACTOME"
"REACTOME_DISEASES_OF_METABOLISM","REACTOME_DISEASES_OF_METABOLISM",173,0.27407954283712,1.03772948493276,0.377577319587629,0.709342909597111,0.609786010004534,2561,"tags=21%, list=19%, signal=18%","GGT1/ACAT1/ST3GAL3/ALG8/GCLC/FDXR/SEMA5A/GCLM/IDS/MTR/ASL/HGSNAT/LMBRD1/GALNT3/NOTCH2/THBS1/ADAMTS10/IDH1/ALG12/CHSY1/B3GAT3/SGSH/G6PC3/NOTCH1/CYP2R1/CHST14/MMACHC/NOTCH4/ALG11/CYP4F22/MUC20/ADAMTS17/ACACA/ABCA3/GNE/GAA/ALG6","REACTOME"
"REACTOME_THE_NLRP3_INFLAMMASOME","REACTOME_THE_NLRP3_INFLAMMASOME",15,0.432750993047243,1.06683214350667,0.380165289256198,0.711420424339085,0.61157194373009,2585,"tags=33%, list=19%, signal=27%","RELA/PANX1/NFKB1/P2RX7/CASP1","REACTOME"
"REACTOME_CREB1_PHOSPHORYLATION_THROUGH_NMDA_RECEPTOR_MEDIATED_ACTIVATION_OF_RAS_SIGNALING","REACTOME_CREB1_PHOSPHORYLATION_THROUGH_NMDA_RECEPTOR_MEDIATED_ACTIVATION_OF_RAS_SIGNALING",20,0.39686986510272,1.04688373815193,0.380097879282219,0.711420424339085,0.61157194373009,3307,"tags=40%, list=24%, signal=30%","LRRC7/PDPK1/HRAS/MAPK1/DLG4/DLG3/RPS6KA3/NRAS","REACTOME"
"REACTOME_RAF_ACTIVATION","REACTOME_RAF_ACTIVATION",31,0.366457234691175,1.06283851536001,0.381933438985737,0.71184932522616,0.611940648001436,3307,"tags=35%, list=24%, signal=27%","PPP2R1B/ARAF/HRAS/MAP2K2/PPP2R5A/MARK3/PPP2R5E/JAK2/PPP2CB/PPP1CB/NRAS","REACTOME"
"REACTOME_FCERI_MEDIATED_MAPK_ACTIVATION","REACTOME_FCERI_MEDIATED_MAPK_ACTIVATION",33,0.358365875570907,1.0573578418362,0.383045525902669,0.71184932522616,0.611940648001436,3781,"tags=36%, list=28%, signal=26%","JUN/FOS/MAP2K4/RAC1/HRAS/MAPK1/LCP2/NRAS/VAV3/SOS1/SHC1/PAK2","REACTOME"
"REACTOME_MATURATION_OF_TCA_ENZYMES_AND_REGULATION_OF_TCA_CYCLE","REACTOME_MATURATION_OF_TCA_ENZYMES_AND_REGULATION_OF_TCA_CYCLE",20,0.396373862209069,1.04557535621342,0.381729200652529,0.71184932522616,0.611940648001436,552,"tags=15%, list=4%, signal=14%","ACAT1/CS/FXN","REACTOME"
"REACTOME_REGULATION_OF_SIGNALING_BY_CBL","REACTOME_REGULATION_OF_SIGNALING_BY_CBL",20,0.395038388618556,1.04205257530316,0.383360522022838,0.71184932522616,0.611940648001436,1478,"tags=15%, list=11%, signal=13%","RAPGEF1/CBL/PIK3R3","REACTOME"
"REACTOME_NOD1_2_SIGNALING_PATHWAY","REACTOME_NOD1_2_SIGNALING_PATHWAY",35,0.352560654944685,1.05073156336341,0.386292834890966,0.712348259148917,0.612369556110473,663,"tags=14%, list=5%, signal=14%","TAB1/UBE2V1/NOD1/TRAF6/CHUK","REACTOME"
"REACTOME_ACTIVATION_OF_ATR_IN_RESPONSE_TO_REPLICATION_STRESS","REACTOME_ACTIVATION_OF_ATR_IN_RESPONSE_TO_REPLICATION_STRESS",35,0.352267145075583,1.04985682002691,0.386292834890966,0.712348259148917,0.612369556110473,3097,"tags=31%, list=23%, signal=24%","HUS1/CLSPN/ATRIP/RAD9B/RAD17/CDK2/ATR/MCM8/RPA3/MCM6/MCM4","REACTOME"
"REACTOME_TRANS_GOLGI_NETWORK_VESICLE_BUDDING","REACTOME_TRANS_GOLGI_NETWORK_VESICLE_BUDDING",65,0.315605786281746,1.04716168647309,0.385991058122206,0.712348259148917,0.612369556110473,4176,"tags=42%, list=31%, signal=29%","PICALM/DTNBP1/PUM1/AP1G1/HGS/CPD/DNASE2/ARF1/HIP1R/AP3B1/TGOLN2/STX4/VAMP2/DNM2/AP4M1/CLTA/BLOC1S1/CLINT1/DNAJC6/AP3S1/CHMP2A/TFRC/OCRL/GNS/SNX5/AP1B1/GOLGB1","REACTOME"
"REACTOME_TRANSCRIPTIONAL_REGULATION_BY_RUNX3","REACTOME_TRANSCRIPTIONAL_REGULATION_BY_RUNX3",78,0.30656228433305,1.04595042861725,0.388081395348837,0.712348259148917,0.612369556110473,1166,"tags=17%, list=9%, signal=15%","CREBBP/MAMLD1/PSMB5/RUNX3/ITGAL/CCND1/EP300/RUNX1/PSMC6/ADRM1/TGFB1/TCF7L2/PSMB2","REACTOME"
"REACTOME_E2F_MEDIATED_REGULATION_OF_DNA_REPLICATION","REACTOME_E2F_MEDIATED_REGULATION_OF_DNA_REPLICATION",22,0.383454228918503,1.04216474025579,0.387358184764992,0.712348259148917,0.612369556110473,4184,"tags=45%, list=31%, signal=32%","PPP2R1B/RB1/CDK1/MCM8/PPP2CB/CCNB1/PRIM1/ORC5/TFDP1/ORC6","REACTOME"
"REACTOME_BINDING_AND_UPTAKE_OF_LIGANDS_BY_SCAVENGER_RECEPTORS","REACTOME_BINDING_AND_UPTAKE_OF_LIGANDS_BY_SCAVENGER_RECEPTORS",22,0.383139049304526,1.04130813454965,0.387358184764992,0.712348259148917,0.612369556110473,1117,"tags=14%, list=8%, signal=13%","HBB/HBA2/HYOU1","REACTOME"
"REACTOME_ACTIVATION_OF_AMPK_DOWNSTREAM_OF_NMDARS","REACTOME_ACTIVATION_OF_AMPK_DOWNSTREAM_OF_NMDARS",17,0.415140410347883,1.0542087299693,0.395498392282958,0.713186370847442,0.613090038096924,3514,"tags=35%, list=26%, signal=26%","TUBA1B/TUBB2A/PRKAA1/TUBB4B/TUBA4A/TUBA3D","REACTOME"
"REACTOME_G_PROTEIN_BETA_GAMMA_SIGNALLING","REACTOME_G_PROTEIN_BETA_GAMMA_SIGNALLING",25,0.374216547560671,1.05050662906669,0.39268680445151,0.713186370847442,0.613090038096924,1946,"tags=28%, list=14%, signal=24%","AKT1/PLCB2/AKT3/PDPK1/GNB4/PIK3CG/PLCB1","REACTOME"
"REACTOME_ROLE_OF_PHOSPHOLIPIDS_IN_PHAGOCYTOSIS","REACTOME_ROLE_OF_PHOSPHOLIPIDS_IN_PHAGOCYTOSIS",25,0.373777201069113,1.04927328862558,0.39268680445151,0.713186370847442,0.613090038096924,3669,"tags=40%, list=27%, signal=29%","ITPR3/CD3G/PLD2/ITPR1/PLPP5/PRKCD/FCGR3A/PIK3CA/PIK3CB/PLD1","REACTOME"
"REACTOME_RHOU_GTPASE_CYCLE","REACTOME_RHOU_GTPASE_CYCLE",38,0.345224025629454,1.04591870688241,0.396875,0.713186370847442,0.613090038096924,1872,"tags=26%, list=14%, signal=23%","PAK4/PTK2B/HGS/ARHGAP30/USP9X/NCK2/SPTAN1/PEAK1/RHOU/IQGAP1","REACTOME"
"REACTOME_SIGNALING_BY_FGFR4","REACTOME_SIGNALING_BY_FGFR4",26,0.368138577173585,1.04377664602918,0.39968152866242,0.713186370847442,0.613090038096924,3778,"tags=42%, list=28%, signal=31%","CBL/MKNK1/HRAS/MAPK1/FRS2/PPP2CB/PIK3CA/NRAS/PTPN11/SOS1/SHC1","REACTOME"
"REACTOME_OVARIAN_TUMOR_DOMAIN_PROTEASES","REACTOME_OVARIAN_TUMOR_DOMAIN_PROTEASES",38,0.344061803792226,1.04239754534422,0.3984375,0.713186370847442,0.613090038096924,4685,"tags=58%, list=34%, signal=38%","NOD1/IFIH1/TRAF6/TRIM25/TRIM4/TNIP1/RIPK1/OTUD3/CDK1/OTUD5/TNIP3/TP53/ZRANB1/TNFAIP3/MAVS/OTUD7A/VCPIP1/NOD2/RIPK2/RIGI/OTUB1/VCP","REACTOME"
"REACTOME_ABC_FAMILY_PROTEINS_MEDIATED_TRANSPORT","REACTOME_ABC_FAMILY_PROTEINS_MEDIATED_TRANSPORT",73,0.306483626336834,1.04010935432062,0.395007342143906,0.713186370847442,0.613090038096924,1352,"tags=16%, list=10%, signal=15%","ABCF1/PSMB5/ABCA5/PSMC6/ABCD1/ABCB8/ADRM1/PSMB2/EIF2S3/ABCA2/DERL3/ABCC4","REACTOME"
"REACTOME_INTERLEUKIN_RECEPTOR_SHC_SIGNALING","REACTOME_INTERLEUKIN_RECEPTOR_SHC_SIGNALING",24,0.3734500071268,1.03711235975283,0.399678972712681,0.713186370847442,0.613090038096924,5448,"tags=54%, list=40%, signal=33%","IL2RB/PIK3R3/IL2RG/JAK2/PIK3CA/PIK3CB/SOS1/SHC1/JAK1/IL5/CSF2RA/INPPL1/IL2","REACTOME"
"REACTOME_SEMAPHORIN_INTERACTIONS","REACTOME_SEMAPHORIN_INTERACTIONS",50,0.326236677719906,1.03692270594519,0.395672333848532,0.713186370847442,0.613090038096924,3132,"tags=28%, list=23%, signal=22%","PLXND1/ARHGEF12/RHOC/SEMA5A/ARHGAP35/TLN1/RND1/RAC1/MYH9/LIMK1/SEMA4A/ARHGEF11/GSK3B/DPYSL2","REACTOME"
"REACTOME_FATTY_ACID_METABOLISM","REACTOME_FATTY_ACID_METABOLISM",126,0.284530110413925,1.0368736674625,0.398936170212766,0.713186370847442,0.613090038096924,2508,"tags=23%, list=18%, signal=19%","GGT1/ACSL4/FASN/PHYH/SLC27A3/LTC4S/CRAT/GPX2/ALOX5AP/ABCD1/ACOT7/CROT/SCD5/ACSF3/CYP4B1/ALOX12/ACOT8/MLYCD/MID1IP1/EHHADH/RXRA/ECI2/PTGDS/CYP4F22/ACACA/MORC2/ACSF2/PON2/MAPKAPK2","REACTOME"
"REACTOME_RAC1_GTPASE_CYCLE","REACTOME_RAC1_GTPASE_CYCLE",150,0.279525051833047,1.03665825843395,0.393421052631579,0.713186370847442,0.613090038096924,2555,"tags=23%, list=19%, signal=19%","EMD/WIPF2/PAK4/ARHGAP26/PLEKHG3/LEMD3/AMIGO2/ARHGAP35/ARAP2/ARHGAP30/SH3BP1/PLEKHG1/ARHGDIA/DOCK8/RAC1/PIK3R3/FMNL1/GMIP/DOCK2/IQGAP2/ARHGAP10/IQGAP1/PLD2/DOCK7/PREX1/ARHGEF39/PKN1/CHN1/CYBA/SLC1A5/NOXA1/CYFIP1/ALS2/ARAP1","REACTOME"
"REACTOME_TRANSCRIPTIONAL_REGULATION_OF_BROWN_AND_BEIGE_ADIPOCYTE_DIFFERENTIATION","REACTOME_TRANSCRIPTIONAL_REGULATION_OF_BROWN_AND_BEIGE_ADIPOCYTE_DIFFERENTIATION",20,0.392657244499369,1.03577147090153,0.393148450244698,0.713186370847442,0.613090038096924,2456,"tags=35%, list=18%, signal=29%","GATAD2B/PPARGC1B/GATAD2A/MTA3/CHD4/RXRA/RBBP4","REACTOME"
"REACTOME_UCH_PROTEINASES","REACTOME_UCH_PROTEINASES",80,-0.270388460363921,-1.03341729044711,0.397435897435897,0.713186370847442,0.613090038096924,2437,"tags=28%, list=18%, signal=23%","PSMD6/RPS27A/PSMA7/H2AC20/H2AC11/PSMB7/H2AC4/PSMD8/PSMC3/PSMB3/H2AC16/UBB/PSMA3/RUVBL1/UBA52/H2AC13/H2AC6/YY1/H2AC21/PSMB1/TFPT/H2AC8","REACTOME"
"REACTOME_MITOCHONDRIAL_BIOGENESIS","REACTOME_MITOCHONDRIAL_BIOGENESIS",88,0.297085250997542,1.02799522925829,0.395448079658606,0.713186370847442,0.613090038096924,1440,"tags=10%, list=11%, signal=9%","HELZ2/CREBBP/NCOR1/MEF2D/ATP5ME/NR1D1/PPARGC1B/TMEM11/HCFC1","REACTOME"
"REACTOME_M_DECAY_DEGRADATION_OF_MATERNAL_MRNAS_BY_MATERNALLY_STORED_FACTORS","REACTOME_M_DECAY_DEGRADATION_OF_MATERNAL_MRNAS_BY_MATERNALLY_STORED_FACTORS",27,-0.343839063519053,-1.02752975467796,0.396174863387978,0.713186370847442,0.613090038096924,1711,"tags=26%, list=13%, signal=23%","DICER1/CNOT11/EIF4B/CNOT8/ZFP36L2/CNOT3/RPS2","REACTOME"
"REACTOME_FLT3_SIGNALING","REACTOME_FLT3_SIGNALING",37,0.343806073469943,1.0402876681059,0.401234567901235,0.713363490279494,0.613242298661319,3780,"tags=38%, list=28%, signal=27%","STAT5A/SLA2/AKT1/CBL/AKT3/HRAS/CSK/FOXO3/SOCS6/PIK3CA/NRAS/PTPN11/SOS1/PTPRJ","REACTOME"
"REACTOME_NOTCH3_ACTIVATION_AND_TRANSMISSION_OF_SIGNAL_TO_THE_NUCLEUS","REACTOME_NOTCH3_ACTIVATION_AND_TRANSMISSION_OF_SIGNAL_TO_THE_NUCLEUS",19,-0.370019449178615,-1.03602973782255,0.402010050251256,0.713363490279494,0.613242298661319,1461,"tags=21%, list=11%, signal=19%","UBB/YBX1/UBA52/TACC3","REACTOME"
"REACTOME_CO_INHIBITION_BY_CTLA4","REACTOME_CO_INHIBITION_BY_CTLA4",20,0.391461262765946,1.03261664878491,0.401305057096248,0.713363490279494,0.613242298661319,2925,"tags=30%, list=22%, signal=24%","AKT1/PPP2R1B/AKT3/PPP2R5A/PPP2R5E/PPP2CB","REACTOME"
"REACTOME_FORMATION_OF_ATP_BY_CHEMIOSMOTIC_COUPLING","REACTOME_FORMATION_OF_ATP_BY_CHEMIOSMOTIC_COUPLING",20,-0.366025611390523,-1.04024028345778,0.406169665809769,0.716110777672983,0.615604001859231,4262,"tags=55%, list=31%, signal=38%","ATP5F1E/MT-ATP6/ATP5MJ/ATP5PF/ATP5MF/ATP5MC2/ATP5MG/DMAC2L/ATP5MC3/ATP5F1C/ATP5F1A","REACTOME"
"REACTOME_SUMOYLATION_OF_SUMOYLATION_PROTEINS","REACTOME_SUMOYLATION_OF_SUMOYLATION_PROTEINS",35,0.348070788981069,1.03735047895403,0.406542056074766,0.716110777672983,0.615604001859231,2108,"tags=29%, list=16%, signal=24%","POM121C/RANBP2/POM121/NUP58/NUP88/NUP214/NDC1/NUP160/NUP98/PIAS4","REACTOME"
"REACTOME_BRANCHED_CHAIN_AMINO_ACID_CATABOLISM","REACTOME_BRANCHED_CHAIN_AMINO_ACID_CATABOLISM",21,-0.361649638660973,-1.0269691356945,0.40625,0.716110777672983,0.615604001859231,277,"tags=24%, list=2%, signal=23%","BCKDHB/BCAT2/HSD17B10/AUH/HIBADH","REACTOME"
"REACTOME_APOPTOTIC_FACTOR_MEDIATED_RESPONSE","REACTOME_APOPTOTIC_FACTOR_MEDIATED_RESPONSE",19,0.395299549551958,1.02479484079314,0.405629139072848,0.716110777672983,0.615604001859231,4322,"tags=47%, list=32%, signal=32%","BAX/SEPTIN4/MAPK1/BAK1/CYCS/CASP9/GSDME/APIP/AVEN","REACTOME"
"REACTOME_PROTEIN_HYDROXYLATION","REACTOME_PROTEIN_HYDROXYLATION",18,0.402423647166589,1.03435693980916,0.408130081300813,0.717591351737693,0.61687677605521,319,"tags=11%, list=2%, signal=11%","U2AF2/KDM8","REACTOME"
"REACTOME_TP53_REGULATES_TRANSCRIPTION_OF_GENES_INVOLVED_IN_G2_CELL_CYCLE_ARREST","REACTOME_TP53_REGULATES_TRANSCRIPTION_OF_GENES_INVOLVED_IN_G2_CELL_CYCLE_ARREST",16,0.415486528496052,1.04338263430061,0.410048622366288,0.718333353050432,0.617514636832828,3294,"tags=50%, list=24%, signal=38%","E2F4/EP300/BAX/GADD45A/CDK1/CCNB1/RBL2/TP53","REACTOME"
"REACTOME_HIV_ELONGATION_ARREST_AND_RECOVERY","REACTOME_HIV_ELONGATION_ARREST_AND_RECOVERY",31,-0.32627929592685,-1.02504267447683,0.409703504043127,0.718333353050432,0.617514636832828,1211,"tags=19%, list=9%, signal=18%","POLR2J/POLR2C/GTF2F2/SUPT4H1/POLR2G/NELFE","REACTOME"
"REACTOME_APOPTOSIS","REACTOME_APOPTOSIS",149,0.277774045966129,1.02747146158112,0.410832232496697,0.718395160649963,0.617567769681547,2461,"tags=22%, list=18%, signal=18%","LMNA/VIM/TICAM1/PSMB5/AKT1/TNFRSF10B/NMT1/PLEC/CLSPN/PSMC6/H1-1/GZMB/ACIN1/AKT3/TP53BP2/ADRM1/SPTAN1/PSMB2/BAX/STK24/SEPTIN4/RIPK1/MAPK1/BAK1/ARHGAP10/DNM1L/YWHAQ/PSMA5/YWHAE/PSMA6/LMNB1/FASLG/PPP3R1","REACTOME"
"REACTOME_REGULATION_OF_MITF_M_DEPENDENT_GENES_INVOLVED_IN_CELL_CYCLE_AND_PROLIFERATION","REACTOME_REGULATION_OF_MITF_M_DEPENDENT_GENES_INVOLVED_IN_CELL_CYCLE_AND_PROLIFERATION",15,-0.390924296712085,-1.03064248616538,0.415617128463476,0.723514211886305,0.621968357586473,1438,"tags=33%, list=11%, signal=30%","TCF7/HDAC1/LEF1/TCF7L1/HINT1","REACTOME"
"REACTOME_SLC_MEDIATED_TRANSMEMBRANE_TRANSPORT","REACTOME_SLC_MEDIATED_TRANSMEMBRANE_TRANSPORT",127,0.281350623990865,1.0257721590749,0.415446071904128,0.723514211886305,0.621968357586473,2832,"tags=27%, list=21%, signal=21%","SLC6A6/SLC11A1/SLC30A1/SLC39A6/CTNS/SLC43A1/SLC9A1/SLC9A6/SLC17A5/RUNX1/SLC2A1/SLC12A7/SLC1A4/SLCO4A1/SLC24A4/SLC39A7/SLC44A1/PDZD11/SLC36A4/SLC35A3/SLC4A8/SLC2A13/SLC2A8/SLC2A14/SLC67A1/SLC3A2/SLC29A3/SLC33A1/SLC1A5/SLC25A10/SLC2A3/SLC25A22/SLC20A1/SLC41A1","REACTOME"
"REACTOME_FORMATION_OF_TUBULIN_FOLDING_INTERMEDIATES_BY_CCT_TRIC","REACTOME_FORMATION_OF_TUBULIN_FOLDING_INTERMEDIATES_BY_CCT_TRIC",18,-0.376937350143226,-1.02456766442241,0.416020671834625,0.723514211886305,0.621968357586473,1052,"tags=17%, list=8%, signal=15%","CCT3/CCT2/CCT7","REACTOME"
"REACTOME_PEPTIDE_HORMONE_METABOLISM","REACTOME_PEPTIDE_HORMONE_METABOLISM",38,0.341210985262814,1.0337604743165,0.4171875,0.724231464737794,0.622584943371086,2896,"tags=32%, list=21%, signal=25%","RAB27A/EXOC1/TCF7L2/GZMH/MYO5A/KIF5B/EXOC6/VAMP2/SPCS2/ACE/STX1A/KIF5C","REACTOME"
"REACTOME_SYNTHESIS_OF_ACTIVE_UBIQUITIN_ROLES_OF_E1_AND_E2_ENZYMES","REACTOME_SYNTHESIS_OF_ACTIVE_UBIQUITIN_ROLES_OF_E1_AND_E2_ENZYMES",30,0.35756824648536,1.03486569510758,0.423809523809524,0.727830309225658,0.625678686878197,2393,"tags=27%, list=18%, signal=22%","UBE2K/USP9X/UBE2Q2/UBE2R2/USP7/CDC34/UBE2S/UBE2E1","REACTOME"
"REACTOME_SIGNALLING_TO_ERKS","REACTOME_SIGNALLING_TO_ERKS",28,0.359971056545265,1.0340928448548,0.421974522292994,0.727830309225658,0.625678686878197,2553,"tags=29%, list=19%, signal=23%","RAPGEF1/RIT1/HRAS/MAP2K2/MAPK1/FRS2/MAPKAPK2/RALGDS","REACTOME"
"REACTOME_REGULATION_OF_INSULIN_LIKE_GROWTH_FACTOR_IGF_TRANSPORT_AND_UPTAKE_BY_INSULIN_LIKE_GROWTH_FACTOR_BINDING_PROTEINS_IGFBPS","REACTOME_REGULATION_OF_INSULIN_LIKE_GROWTH_FACTOR_IGF_TRANSPORT_AND_UPTAKE_BY_INSULIN_LIKE_GROWTH_FACTOR_BINDING_PROTEINS_IGFBPS",50,0.321985447621653,1.02341043918265,0.420401854714065,0.727830309225658,0.625678686878197,3982,"tags=36%, list=29%, signal=26%","LGALS1/QSOX1/GZMH/RCN1/FUCA2/PNPLA2/TGOLN2/ANO8/WFS1/PRSS23/IGFBP6/SHISA5/APLP2/APOA1/IGFBP7/CSF1/DNAJC3/PRKCSH","REACTOME"
"REACTOME_TGF_BETA_RECEPTOR_SIGNALING_ACTIVATES_SMADS","REACTOME_TGF_BETA_RECEPTOR_SIGNALING_ACTIVATES_SMADS",39,0.334570096259226,1.02218022765934,0.421705426356589,0.727830309225658,0.625678686878197,1281,"tags=15%, list=9%, signal=14%","TGFBR3/PPP1R15A/CBL/FURIN/TGFB1/LTBP3","REACTOME"
"REACTOME_COOPERATION_OF_PDCL_PHLP1_AND_TRIC_CCT_IN_G_PROTEIN_BETA_FOLDING","REACTOME_COOPERATION_OF_PDCL_PHLP1_AND_TRIC_CCT_IN_G_PROTEIN_BETA_FOLDING",26,-0.34050875632076,-1.01601268301268,0.422459893048128,0.727830309225658,0.625678686878197,1052,"tags=15%, list=8%, signal=14%","CCT3/GNAQ/CCT2/CCT7","REACTOME"
"REACTOME_NEUREXINS_AND_NEUROLIGINS","REACTOME_NEUREXINS_AND_NEUROLIGINS",31,-0.321779781040617,-1.01090694833543,0.423180592991914,0.727830309225658,0.625678686878197,670,"tags=16%, list=5%, signal=15%","LIN7B/HOMER2/APBA2/EPB41/DLGAP3","REACTOME"
"REACTOME_EARLY_SARS_COV_2_INFECTION_EVENTS","REACTOME_EARLY_SARS_COV_2_INFECTION_EVENTS",24,-0.34690318981336,-1.01650064153055,0.424802110817942,0.728232189973615,0.626024163310651,2129,"tags=33%, list=16%, signal=28%","PIK3C3/UVRAG/VHL/CHMP7/ISCU/HAVCR1/CHMP4B/CHMP6","REACTOME"
"REACTOME_G0_AND_EARLY_G1","REACTOME_G0_AND_EARLY_G1",25,0.361630177439436,1.01517397118602,0.426073131955485,0.729109102811525,0.626778000662539,3551,"tags=40%, list=26%, signal=30%","DYRK1A/E2F4/E2F5/CDK1/RBBP4/CDK2/LIN9/RBL2/MYBL2/CCNA2","REACTOME"
"REACTOME_RECOGNITION_OF_DNA_DAMAGE_BY_PCNA_CONTAINING_REPLICATION_COMPLEX","REACTOME_RECOGNITION_OF_DNA_DAMAGE_BY_PCNA_CONTAINING_REPLICATION_COMPLEX",30,-0.329393714279915,-1.02144902166526,0.42741935483871,0.730111353461141,0.627639584554314,2682,"tags=30%, list=20%, signal=24%","PCNA/RPS27A/RBX1/POLD2/UBB/POLE4/POLD4/UBA52/POLE3","REACTOME"
"REACTOME_CITRIC_ACID_CYCLE_TCA_CYCLE","REACTOME_CITRIC_ACID_CYCLE_TCA_CYCLE",34,0.345032795832143,1.02670831320983,0.430555555555556,0.733904393478861,0.63090026807832,912,"tags=15%, list=7%, signal=14%","ACAT1/CS/OGDH/FXN/IDH3A","REACTOME"
"REACTOME_RAS_PROCESSING","REACTOME_RAS_PROCESSING",23,-0.351118251590288,-1.01538036939042,0.431168831168831,0.733904393478861,0.63090026807832,1461,"tags=22%, list=11%, signal=19%","RPS27A/UBB/LYPLA1/UBA52/PDE6D","REACTOME"
"REACTOME_TRANSLATION_OF_SARS_COV_2_STRUCTURAL_PROTEINS","REACTOME_TRANSLATION_OF_SARS_COV_2_STRUCTURAL_PROTEINS",58,0.314178601739508,1.02328517666606,0.433734939759036,0.735663502064796,0.632412484231141,3258,"tags=31%, list=24%, signal=24%","PARP9/ST3GAL3/GSK3A/ST3GAL4/PARP8/ST6GALNAC4/PARP10/ZDHHC11/RPN1/ZDHHC8/PARP16/SRPK2/STT3A/SRPK1/MGAT4B/GSK3B/ZDHHC5/GANAB","REACTOME"
"REACTOME_SLC_TRANSPORTER_DISORDERS","REACTOME_SLC_TRANSPORTER_DISORDERS",63,0.311062331159078,1.02011433188139,0.433179723502304,0.735663502064796,0.632412484231141,2723,"tags=32%, list=20%, signal=26%","SLC9A6/POM121C/SLC17A5/RANBP2/POM121/SLC2A1/NUP58/SLC24A4/NUP88/SLC35A3/NUP214/NDC1/NUP160/NUP98/SLC67A1/SLC3A2/SLC29A3/SLC33A1/HK1/NUP210","REACTOME"
"REACTOME_GASTRULATION","REACTOME_GASTRULATION",65,0.306397544069485,1.01660927310309,0.435171385991058,0.736516660941257,0.633145901510905,1166,"tags=15%, list=9%, signal=14%","CREBBP/MAMLD1/PSMB5/EP300/PSMC6/ZEB2/EOMES/ADRM1/TCF7L2/PSMB2","REACTOME"
"REACTOME_INSULIN_PROCESSING","REACTOME_INSULIN_PROCESSING",18,0.390874818108701,1.0046727709816,0.435772357723577,0.736516660941257,0.633145901510905,2896,"tags=44%, list=21%, signal=35%","RAB27A/EXOC1/MYO5A/KIF5B/EXOC6/VAMP2/STX1A/KIF5C","REACTOME"
"REACTOME_NUCLEAR_IMPORT_OF_REV_PROTEIN","REACTOME_NUCLEAR_IMPORT_OF_REV_PROTEIN",34,0.343260887926982,1.02143567652588,0.439814814814815,0.739754816112084,0.63592957876302,1910,"tags=26%, list=14%, signal=23%","POM121C/RANBP2/POM121/NUP58/NUP88/NUP214/NDC1/NUP160/NUP98","REACTOME"
"REACTOME_TNF_RECEPTOR_SUPERFAMILY_TNFSF_MEMBERS_MEDIATING_NON_CANONICAL_NF_KB_PATHWAY","REACTOME_TNF_RECEPTOR_SUPERFAMILY_TNFSF_MEMBERS_MEDIATING_NON_CANONICAL_NF_KB_PATHWAY",17,0.401431807610927,1.01939706548,0.438906752411576,0.739754816112084,0.63592957876302,260,"tags=12%, list=2%, signal=12%","TNFSF14/CD40LG","REACTOME"
"REACTOME_RHO_GTPASE_EFFECTORS","REACTOME_RHO_GTPASE_EFFECTORS",268,-0.220441992408429,-0.995411025657506,0.44,0.739754816112084,0.63592957876302,2180,"tags=19%, list=16%, signal=17%","H2AC4/ARPC3/PPP1CC/CDKN1B/PFN2/ARPC5/NUP85/SCAI/H3-3A/MYL6/ZWILCH/SRGAP2/PKN2/XPO1/DYNC1LI1/H4C2/H3C1/KNL1/CENPC/ARPC4/YWHAB/MAPK3/NUP107/NCKIPSD/DVL2/DSN1/KNTC1/KIF2A/ARPC2/CENPH/PPP1R12B/H2BC4/ITGB3BP/MYLK/MYL12B/H4C5/SEH1L/LIN7B/RHOQ/H2BC8/H2AC6/WIPF1/MAD2L1/BRK1/H3C10/LIMK2/CENPO/H2BC21/ZWINT/NCF1/H2BC5/H2AC8","REACTOME"
"REACTOME_DISEASES_ASSOCIATED_WITH_O_GLYCOSYLATION_OF_PROTEINS","REACTOME_DISEASES_ASSOCIATED_WITH_O_GLYCOSYLATION_OF_PROTEINS",30,0.351193878109414,1.01641714654353,0.446031746031746,0.748359322527655,0.643326435155352,4111,"tags=50%, list=30%, signal=35%","SEMA5A/GALNT3/NOTCH2/THBS1/ADAMTS10/NOTCH1/NOTCH4/MUC20/ADAMTS17/MUC12/ADAMTS13/ADAMTSL5/ADAMTS6/POMGNT1/C1GALT1","REACTOME"
"REACTOME_FORMATION_OF_INCISION_COMPLEX_IN_GG_NER","REACTOME_FORMATION_OF_INCISION_COMPLEX_IN_GG_NER",42,0.324563849007917,1.00259116165575,0.446676970633694,0.748359322527655,0.643326435155352,2955,"tags=31%, list=22%, signal=24%","ERCC3/RNF111/PIAS3/RAD23A/PARP1/RAD23B/CUL4A/CDK7/UBE2N/PARP2/XPC/RPA3/ERCC1","REACTOME"
"REACTOME_INFLAMMASOMES","REACTOME_INFLAMMASOMES",19,0.383519865484082,0.994256583229696,0.448675496688742,0.750398043242495,0.645079019629513,2585,"tags=26%, list=19%, signal=21%","RELA/PANX1/NFKB1/P2RX7/CASP1","REACTOME"
"REACTOME_THE_ROLE_OF_GTSE1_IN_G2_M_PROGRESSION_AFTER_G2_CHECKPOINT","REACTOME_THE_ROLE_OF_GTSE1_IN_G2_M_PROGRESSION_AFTER_G2_CHECKPOINT",56,0.309946444290077,1.00471781199792,0.451515151515152,0.751221049314637,0.645786516077495,3514,"tags=34%, list=26%, signal=25%","FKBPL/PSMB5/TUBA1B/PSMC6/TUBB2A/ADRM1/PSMB2/CDKN1A/CDK1/PSMA5/PSMA6/TUBB4B/CCNB1/TUBA4A/PSMD12/PSMD1/TP53/PSMD3/TUBA3D","REACTOME"
"REACTOME_DECTIN_1_MEDIATED_NONCANONICAL_NF_KB_SIGNALING","REACTOME_DECTIN_1_MEDIATED_NONCANONICAL_NF_KB_SIGNALING",47,0.319913031728629,1.00068358481163,0.45141065830721,0.751221049314637,0.645786516077495,1166,"tags=15%, list=9%, signal=14%","RELA/PSMB5/CHUK/PSMC6/ADRM1/FBXW11/PSMB2","REACTOME"
"REACTOME_CHAPERONE_MEDIATED_AUTOPHAGY","REACTOME_CHAPERONE_MEDIATED_AUTOPHAGY",18,0.386565447933304,0.993596317153619,0.450406504065041,0.751221049314637,0.645786516077495,137,"tags=11%, list=1%, signal=11%","HBB/VIM","REACTOME"
"REACTOME_DISEASES_OF_GLYCOSYLATION","REACTOME_DISEASES_OF_GLYCOSYLATION",84,0.290244169208697,0.999926815331229,0.452586206896552,0.751700274430259,0.646198481527766,4132,"tags=37%, list=30%, signal=26%","ST3GAL3/ALG8/SEMA5A/GALNT3/NOTCH2/THBS1/ADAMTS10/ALG12/CHSY1/B3GAT3/NOTCH1/CHST14/NOTCH4/ALG11/MUC20/ADAMTS17/GNE/ALG6/GALM/B4GALT1/MUC12/B3GALT6/ADAMTS13/ADAMTSL5/NEU1/ADAMTS6/GALK1/POMGNT1/OMD/C1GALT1/SDC4","REACTOME"
"REACTOME_ACTIVATED_NOTCH1_TRANSMITS_SIGNAL_TO_THE_NUCLEUS","REACTOME_ACTIVATED_NOTCH1_TRANSMITS_SIGNAL_TO_THE_NUCLEUS",25,0.352381568009849,0.989211128070821,0.454689984101749,0.75389012908062,0.648080988157024,3322,"tags=32%, list=24%, signal=24%","PSEN1/NCSTN/DTX1/NOTCH1/ITCH/PSENEN/PSEN2/ADAM17","REACTOME"
"REACTOME_RHOC_GTPASE_CYCLE","REACTOME_RHOC_GTPASE_CYCLE",61,0.306430597690042,1.004116475199,0.458143074581431,0.757000605160367,0.650754906190491,2090,"tags=21%, list=15%, signal=18%","ARHGAP26/ARHGEF12/RHOC/ARHGAP35/ARHGDIA/MACO1/FMNL2/LMAN1/STOM/AKAP13/IQGAP1/PREX1/PKN1","REACTOME"
"REACTOME_SIGNALING_BY_FGFR_IN_DISEASE","REACTOME_SIGNALING_BY_FGFR_IN_DISEASE",44,0.321022158119887,0.995042358684984,0.457943925233645,0.757000605160367,0.650754906190491,3349,"tags=27%, list=25%, signal=21%","STAT5A/POLR2A/CEP43/STAT1/HRAS/FRS2/BAG4/STAT3/PIK3CA/MYO18A/NRAS/POLR2B","REACTOME"
"REACTOME_TRANSLOCATION_OF_SLC2A4_GLUT4_TO_THE_PLASMA_MEMBRANE","REACTOME_TRANSLOCATION_OF_SLC2A4_GLUT4_TO_THE_PLASMA_MEMBRANE",57,0.308912661924962,1.00436414279121,0.461077844311377,0.760540774121859,0.653798209332827,2409,"tags=30%, list=18%, signal=25%","AKT1/TBC1D4/TUBA1B/EXOC1/TUBB2A/RAB14/ACTB/MYO1C/RAC1/MYO5A/YWHAQ/STX4/EXOC6/MYH9/YWHAE/VAMP2/KIFAP3","REACTOME"
"REACTOME_INOSITOL_PHOSPHATE_METABOLISM","REACTOME_INOSITOL_PHOSPHATE_METABOLISM",39,0.32722562925997,0.99974137543293,0.465116279069767,0.765886154214368,0.658393360640422,5308,"tags=54%, list=39%, signal=33%","PLCB2/PLCD4/ITPK1/PLCE1/PLCB1/INPP5A/SYNJ1/NUDT4/MINPP1/IPPK/IP6K2/OCRL/MTMR9/PLCH2/PPIP5K2/IPMK/PLD4/IP6K1/INPPL1/INPP4A/NUDT3","REACTOME"
"REACTOME_DNA_REPAIR","REACTOME_DNA_REPAIR",304,0.249188146999168,1.00541496010293,0.471428571428571,0.76637769037229,0.658815909267408,2955,"tags=27%, list=22%, signal=22%","HUS1/FTO/ERCC3/RNF111/ALKBH5/TINF2/PARG/PIAS3/FANCA/KPNA2/POLH/ZNF830/NEIL2/POLR2A/ACTL6A/FANCG/CLSPN/H2AX/RAD18/RAD51AP1/ERCC8/RAD23A/PARP1/LIG3/SPRTN/TRIM25/ACTB/ATRIP/ERCC6/RNF4/PRKDC/POLL/DCLRE1C/BARD1/RAD23B/RBBP8/INO80/COPS7B/CUL4A/MUTYH/USP7/NSD2/POLK/HERC2/FANCC/RMI1/RCHY1/ACD/AQR/RAD9B/BABAM2/PIAS4/FANCF/PALB2/COPS8/RAD51B/ACTR8/CDK7/BAZ1B/BRCA1/ALKBH3/FEN1/NBN/UBE2N/TOP3A/PARP2/RAD17/H4C8/PRPF19/XPC/CDK2/ISY1/ATR/ISG15/SIRT6/RPA3/DTL/COPS2/TDP2/SMARCA5/DCLRE1A/ERCC1","REACTOME"
"REACTOME_DEGRADATION_OF_THE_EXTRACELLULAR_MATRIX","REACTOME_DEGRADATION_OF_THE_EXTRACELLULAR_MATRIX",45,0.322364364723801,1.00139295923986,0.4671875,0.76637769037229,0.658815909267408,3393,"tags=29%, list=25%, signal=22%","ADAM8/PSEN1/NCSTN/FURIN/CTSB/COL6A1/CAPN15/COL9A2/COL10A1/CD44/ADAM17/CTSK/CTSD","REACTOME"
"REACTOME_REGULATION_OF_ENDOGENOUS_RETROELEMENTS_BY_PIWI_INTERACTING_RNAS_PIRNAS","REACTOME_REGULATION_OF_ENDOGENOUS_RETROELEMENTS_BY_PIWI_INTERACTING_RNAS_PIRNAS",70,-0.266423430820674,-0.999457733434157,0.47289156626506,0.76637769037229,0.658815909267408,958,"tags=13%, list=7%, signal=12%","H2BC4/HDAC1/H4C5/H2BC8/H2AC6/H3C10/H2BC21/H2BC5/H2AC8","REACTOME"
"REACTOME_DOWNREGULATION_OF_SMAD2_3_SMAD4_TRANSCRIPTIONAL_ACTIVITY","REACTOME_DOWNREGULATION_OF_SMAD2_3_SMAD4_TRANSCRIPTIONAL_ACTIVITY",29,0.345681657134326,0.99875923990971,0.47867298578199,0.76637769037229,0.658815909267408,2911,"tags=38%, list=21%, signal=30%","RNF111/TGIF2/NCOR1/USP9X/PARP1/STAT1/MAPK1/SKIL/TRIM33/PPM1A/SKI","REACTOME"
"REACTOME_HIV_LIFE_CYCLE","REACTOME_HIV_LIFE_CYCLE",143,0.27008614828089,0.996816183042697,0.47244094488189,0.76637769037229,0.658815909267408,1910,"tags=18%, list=14%, signal=16%","ERCC3/VPS4B/MVB12B/POM121C/RNGTT/POLR2A/RANBP2/NMT1/POM121/VPS37B/CCNK/FURIN/NUP58/CD4/CCR5/TAF4/NUP88/NELFA/CCNT2/NUP214/NDC1/CHMP4A/TAF12/NUP160/SUPT5H/NUP98","REACTOME"
"REACTOME_DENGUE_VIRUS_GENOME_TRANSLATION_AND_REPLICATION","REACTOME_DENGUE_VIRUS_GENOME_TRANSLATION_AND_REPLICATION",77,0.291981620801045,0.99445531526,0.470246734397678,0.76637769037229,0.658815909267408,2589,"tags=21%, list=19%, signal=17%","FASN/VIM/EIF4G3/HSPA5/DNAJA2/KPNA2/NMT1/HYOU1/PDIA3/HSPA1A/EIF4G1/RPN1/SPCS2/SUN2/RRBP1/SCAP","REACTOME"
"REACTOME_CDC42_GTPASE_CYCLE","REACTOME_CDC42_GTPASE_CYCLE",121,0.273936533671456,0.993453482644127,0.478609625668449,0.76637769037229,0.658815909267408,2018,"tags=18%, list=15%, signal=16%","WIPF2/PAK4/ARHGAP26/PLEKHG3/ARHGEF12/WDR81/ARHGAP35/ARAP2/ARHGAP30/PLEKHG1/ARHGDIA/DOCK8/CDC42EP3/FMNL2/STOM/FMNL1/GMIP/IQGAP2/ARHGAP10/IQGAP1/DOCK7/PREX1","REACTOME"
"REACTOME_DENGUE_VIRUS_HOST_INTERACTIONS","REACTOME_DENGUE_VIRUS_HOST_INTERACTIONS",242,-0.221730854941433,-0.992370961064387,0.479381443298969,0.76637769037229,0.658815909267408,1689,"tags=18%, list=12%, signal=16%","SRRM1/H4C2/CLP1/SNRPA1/U2AF1L4/H3C1/H2AC16/HNRNPA1/SRSF6/CAMK2D/SRSF5/POLR2J/PPIE/RTF1/TXNL4A/POLR2C/GTF2F2/YBX1/H2BC4/DHX9/H2BC18/SNRPB/H2AC13/DHX38/H4C5/SNRPD2/CPSF4/H2BC8/H2AC6/CTNNBL1/XAB2/H2AC21/SUGP1/POLR2G/MAPKAP1/H3C10/RPL18/H2BC21/RBMX/H2BC5/SKIC8/SF3B5/H2AC8","REACTOME"
"REACTOME_CA2_PATHWAY","REACTOME_CA2_PATHWAY",46,0.318913850400226,0.989962615222718,0.473767885532591,0.76637769037229,0.658815909267408,2513,"tags=26%, list=18%, signal=21%","ITPR3/AGO4/AGO2/PLCB2/TCF7L2/GNB4/PPP3CA/PLCB1/ITPR1/TNRC6C/PPP3R1/NFATC1","REACTOME"
"REACTOME_UNFOLDED_PROTEIN_RESPONSE_UPR","REACTOME_UNFOLDED_PROTEIN_RESPONSE_UPR",82,0.288071651453817,0.989500977258352,0.478386167146974,0.76637769037229,0.658815909267408,1592,"tags=17%, list=12%, signal=15%","SYVN1/LMNA/GSK3A/HSPA5/EXOSC3/PARN/TLN1/DDIT3/FKBP14/HERPUD1/HYOU1/EIF2S3/SEC31A/TPP1","REACTOME"
"REACTOME_REGULATION_OF_PTEN_GENE_TRANSCRIPTION","REACTOME_REGULATION_OF_PTEN_GENE_TRANSCRIPTION",55,0.305344623196381,0.988193591008146,0.479576399394856,0.76637769037229,0.658815909267408,2056,"tags=22%, list=15%, signal=19%","PHC1/CBX4/GATAD2B/JUN/HDAC7/GATAD2A/HDAC5/MAPK1/MTA3/RNF2/CHD4/EED","REACTOME"
"REACTOME_MYOGENESIS","REACTOME_MYOGENESIS",16,0.392503969896747,0.985668121579556,0.479740680713128,0.76637769037229,0.658815909267408,923,"tags=19%, list=7%, signal=17%","CTNNA1/MEF2D/TCF12","REACTOME"
"REACTOME_TRNA_PROCESSING","REACTOME_TRNA_PROCESSING",110,-0.247977419590936,-0.981936789257317,0.475285171102662,0.76637769037229,0.658815909267408,2586,"tags=26%, list=19%, signal=22%","PRORP/RAN/QTRT1/DUS2/RPP30/FTSJ1/RPP25/WDR4/TYW1/NUP85/TYW3/NUP50/CLP1/POP4/NUP107/TRMT1/TRMT61B/OSGEPL1/CDKAL1/LAGE3/DDX1/CTU2/CPSF4/SEH1L/QNG1/HSD17B10/PUS1/NUP205/ELAC2","REACTOME"
"REACTOME_SULFUR_AMINO_ACID_METABOLISM","REACTOME_SULFUR_AMINO_ACID_METABOLISM",22,-0.342382883893985,-0.980870265002765,0.467532467532468,0.76637769037229,0.658815909267408,1724,"tags=32%, list=13%, signal=28%","SQOR/GOT1/MTRR/MRI1/ADI1/TSTD1/ENOPH1","REACTOME"
"REACTOME_TERMINATION_OF_TRANSLESION_DNA_SYNTHESIS","REACTOME_TERMINATION_OF_TRANSLESION_DNA_SYNTHESIS",31,-0.312150826017257,-0.980656515860008,0.479784366576819,0.76637769037229,0.658815909267408,2682,"tags=29%, list=20%, signal=23%","PCNA/RPS27A/POLD2/UBB/POLE4/POLD4/UBA52/POLE3/USP10","REACTOME"
"REACTOME_SEALING_OF_THE_NUCLEAR_ENVELOPE_NE_BY_ESCRT_III","REACTOME_SEALING_OF_THE_NUCLEAR_ENVELOPE_NE_BY_ESCRT_III",21,-0.345185925872861,-0.980217464781925,0.46875,0.76637769037229,0.658815909267408,163,"tags=14%, list=1%, signal=14%","CHMP7/CHMP4B/CHMP6","REACTOME"
"REACTOME_OXIDATIVE_STRESS_INDUCED_SENESCENCE","REACTOME_OXIDATIVE_STRESS_INDUCED_SENESCENCE",99,-0.24855560893785,-0.97977562943947,0.478571428571429,0.76637769037229,0.658815909267408,1682,"tags=17%, list=12%, signal=15%","H4C2/MAPKAPK3/H3C1/CDK4/UBB/MAPK3/H2BC4/CDKN2C/UBA52/H4C5/MAP2K6/H2BC8/H2AC6/H3C10/H2BC21/H2BC5/H2AC8","REACTOME"
"REACTOME_VASOPRESSIN_REGULATES_RENAL_WATER_HOMEOSTASIS_VIA_AQUAPORINS","REACTOME_VASOPRESSIN_REGULATES_RENAL_WATER_HOMEOSTASIS_VIA_AQUAPORINS",26,0.344715148086039,0.977364621407336,0.476114649681529,0.76637769037229,0.658815909267408,3261,"tags=35%, list=24%, signal=26%","MYO5B/ADCY7/ADCY9/GNB4/GNAS/PRKAR2B/RAB11FIP2/PRKAR2A/GNB2","REACTOME"
"REACTOME_SIGNALING_BY_THE_B_CELL_RECEPTOR_BCR","REACTOME_SIGNALING_BY_THE_B_CELL_RECEPTOR_BCR",97,0.283231177390641,0.993604931251962,0.481843575418994,0.768388425917333,0.660544436314901,2513,"tags=24%, list=18%, signal=19%","RELA/PSMB5/ITPR3/NFKBIB/CHUK/PRKCB/PSMC6/NFATC3/NFKBIE/ADRM1/FBXW11/PSMB2/HRAS/NFKB1/NFATC2/PPP3CA/ITPR1/RASGRP1/CD79B/PSMA5/PSMA6/PPP3R1/NFATC1","REACTOME"
"REACTOME_PROTEIN_FOLDING","REACTOME_PROTEIN_FOLDING",72,0.293924479956936,0.994117182985106,0.487481590574374,0.776090094446765,0.667165168910377,3514,"tags=33%, list=26%, signal=25%","DCAF7/TUBA1B/RGS9/CSNK2A1/TUBB2A/ACTB/GNA15/GNB4/PFDN6/GBA1/FBXW7/CCT6A/SKIC2/FBXL3/TUBB4B/FBXW5/PFDN1/STAT3/FBXW4/TUBA4A/GNB2/TP53/FBXW9/TUBA3D","REACTOME"
"REACTOME_SYNTHESIS_OF_PIPS_AT_THE_EARLY_ENDOSOME_MEMBRANE","REACTOME_SYNTHESIS_OF_PIPS_AT_THE_EARLY_ENDOSOME_MEMBRANE",16,-0.366289409507534,-0.973526942508859,0.488311688311688,0.776124537713942,0.667194778034792,1558,"tags=38%, list=11%, signal=33%","PIKFYVE/PI4K2B/PIK3C3/INPP4B/MTMR2/VAC14","REACTOME"
"REACTOME_SARS_COV_2_INFECTION","REACTOME_SARS_COV_2_INFECTION",254,0.24912252305948,0.98933847445904,0.493917274939173,0.779812422716568,0.670365065142313,2476,"tags=24%, list=18%, signal=20%","CREBBP/TAB1/PARP9/UBE2V1/ST3GAL3/VPS33B/AKT1/VPS18/GSK3A/NOD1/KPNA2/POM121C/SEC24C/IFIH1/SEC24A/TRAF6/RANBP2/POM121/CHUK/ST3GAL4/FURIN/PARP8/NUP58/AKT3/TRIM25/ST6GALNAC4/PDPK1/TRIM4/NUP88/IRF7/STAT1/ANO6/TBK1/LARP1/VPS11/PALS1/ANO10/PARP10/NUP214/NDC1/VPS39/CHMP4A/NUP160/ZCRB1/DDX20/NUP98/RB1/YWHAQ/ZDHHC11/RPN1/CHMP2B/GEMIN7/SNRPD1/ANO8/YWHAE/STING1/ZDHHC8/G3BP2/SEC24D/GEMIN8/UBE2N","REACTOME"
"REACTOME_L1CAM_INTERACTIONS","REACTOME_L1CAM_INTERACTIONS",72,0.291637914434832,0.986383515902057,0.496318114874816,0.779812422716568,0.670365065142313,3514,"tags=31%, list=26%, signal=23%","AP2B1/L1CAM/TUBA1B/SCN1B/CSNK2A1/TUBB2A/ACTB/SPTAN1/RAC1/MAP2K2/MAPK1/DLG4/DNM2/DLG3/TUBB4B/CLTA/TUBA4A/DPYSL2/EZR/RPS6KA3/DNM1/TUBA3D","REACTOME"
"REACTOME_FORMATION_OF_PARAXIAL_MESODERM","REACTOME_FORMATION_OF_PARAXIAL_MESODERM",52,0.307230753564715,0.978353478696194,0.491525423728814,0.779812422716568,0.670365065142313,1166,"tags=13%, list=9%, signal=12%","CREBBP/MAMLD1/PSMB5/EP300/PSMC6/ADRM1/PSMB2","REACTOME"
"REACTOME_DEFECTIVE_INTRINSIC_PATHWAY_FOR_APOPTOSIS","REACTOME_DEFECTIVE_INTRINSIC_PATHWAY_FOR_APOPTOSIS",20,0.368280349781992,0.971468844498643,0.492659053833605,0.779812422716568,0.670365065142313,2670,"tags=35%, list=20%, signal=28%","LMNA/JUN/CDC25B/YWHAE/LMNB1/FASLG/FOXO3","REACTOME"
"REACTOME_RNA_POLYMERASE_III_TRANSCRIPTION_TERMINATION","REACTOME_RNA_POLYMERASE_III_TRANSCRIPTION_TERMINATION",20,0.366539977410729,0.966878000763676,0.495921696574225,0.779812422716568,0.670365065142313,843,"tags=10%, list=6%, signal=9%","POLR3A/POLR3D","REACTOME"
"REACTOME_MISMATCH_REPAIR","REACTOME_MISMATCH_REPAIR",15,-0.365674206416623,-0.964072523497696,0.496221662468514,0.779812422716568,0.670365065142313,4409,"tags=47%, list=32%, signal=32%","PMS2/LIG1/POLD3/PCNA/MSH2/POLD2/POLD4","REACTOME"
"REACTOME_NOTCH2_ACTIVATION_AND_TRANSMISSION_OF_SIGNAL_TO_THE_NUCLEUS","REACTOME_NOTCH2_ACTIVATION_AND_TRANSMISSION_OF_SIGNAL_TO_THE_NUCLEUS",18,0.373945185759844,0.961158223981808,0.495934959349593,0.779812422716568,0.670365065142313,1184,"tags=17%, list=9%, signal=15%","PSEN1/NCSTN/NOTCH2","REACTOME"
"REACTOME_HIV_INFECTION","REACTOME_HIV_INFECTION",211,0.253919649319103,0.986865789355926,0.498098859315589,0.780516462707784,0.670970292503183,1713,"tags=16%, list=13%, signal=14%","ERCC3/PSMB5/VPS4B/AP2B1/MVB12B/POM121C/AP1G1/RNGTT/POLR2A/RANBP2/NMT1/POM121/VPS37B/PSMC6/CCNK/FURIN/PACS1/NUP58/CD4/CCR5/ADRM1/PSMB2/TAF4/ARF1/NUP88/NELFA/RAC1/CCNT2/DOCK2/NUP214/NDC1/CHMP4A/TAF12/NUP160","REACTOME"
"REACTOME_ACTIVATION_OF_IRF3_IRF7_MEDIATED_BY_TBK1_IKK_IKBKE","REACTOME_ACTIVATION_OF_IRF3_IRF7_MEDIATED_BY_TBK1_IKK_IKBKE",17,0.380470841711854,0.966168729503566,0.498392282958199,0.780516462707784,0.670970292503183,1424,"tags=18%, list=10%, signal=16%","TICAM1/IRF7/TBK1","REACTOME"
"REACTOME_MICRORNA_MIRNA_BIOGENESIS","REACTOME_MICRORNA_MIRNA_BIOGENESIS",23,-0.333035102788307,-0.963086664272173,0.501298701298701,0.783789500401878,0.673783956485825,2579,"tags=39%, list=19%, signal=32%","RAN/DICER1/PRKRA/POLR2J/POLR2C/BCDIN3D/DGCR8/TARBP2/POLR2G","REACTOME"
"REACTOME_INTRA_GOLGI_TRAFFIC","REACTOME_INTRA_GOLGI_TRAFFIC",41,0.319985189784322,0.984841687336187,0.508580343213729,0.784786885245902,0.674641357492091,4260,"tags=49%, list=31%, signal=34%","GOSR1/GOLIM4/BET1L/ARF1/COG3/STX16/MAN2A2/CYTH2/RAB30/RGP1/MAN1C1/COG7/CYTH4/RIC1/GOLGA5/CYTH3/COG5/NSF/COG1/MAN1A2","REACTOME"
"REACTOME_COOPERATION_OF_PREFOLDIN_AND_TRIC_CCT_IN_ACTIN_AND_TUBULIN_FOLDING","REACTOME_COOPERATION_OF_PREFOLDIN_AND_TRIC_CCT_IN_ACTIN_AND_TUBULIN_FOLDING",25,-0.330165884253804,-0.977775392505502,0.50402144772118,0.784786885245902,0.674641357492091,1052,"tags=16%, list=8%, signal=15%","CCT3/PFDN5/CCT2/CCT7","REACTOME"
"REACTOME_PROTEIN_UBIQUITINATION","REACTOME_PROTEIN_UBIQUITINATION",73,-0.260588090996565,-0.975601554222793,0.510903426791277,0.784786885245902,0.674641357492091,1461,"tags=18%, list=11%, signal=16%","UBB/UBE2D2/UBE2W/RTF1/UBE2L3/H2BC4/UBA52/H2BC8/UBE2D3/RNF181/H2BC5/RNF144A/SKIC8","REACTOME"
"REACTOME_REGULATION_OF_TP53_ACTIVITY_THROUGH_PHOSPHORYLATION","REACTOME_REGULATION_OF_TP53_ACTIVITY_THROUGH_PHOSPHORYLATION",87,0.282496512083325,0.974792872756123,0.504992867332382,0.784786885245902,0.674641357492091,2798,"tags=25%, list=21%, signal=20%","HUS1/HIPK1/CSNK2A1/ATRIP/HIPK2/TAF4/BARD1/RBBP8/TAF12/RMI1/PRKAA1/RAD9B/MDM2/TP53RK/MDM4/BRCA1/NBN/TOP3A/RAD17/CDK2/ATR/RPA3","REACTOME"
"REACTOME_TRANSLESION_SYNTHESIS_BY_Y_FAMILY_DNA_POLYMERASES_BYPASSES_LESIONS_ON_DNA_TEMPLATE","REACTOME_TRANSLESION_SYNTHESIS_BY_Y_FAMILY_DNA_POLYMERASES_BYPASSES_LESIONS_ON_DNA_TEMPLATE",38,-0.296096098484099,-0.971159193634694,0.505524861878453,0.784786885245902,0.674641357492091,1866,"tags=24%, list=14%, signal=20%","POLD2/NPLOC4/UBB/POLE4/UFD1/POLD4/UBA52/POLE3/USP10","REACTOME"
"REACTOME_CA_DEPENDENT_EVENTS","REACTOME_CA_DEPENDENT_EVENTS",26,0.340339000779475,0.964957010139742,0.503184713375796,0.784786885245902,0.674641357492091,618,"tags=15%, list=5%, signal=15%","GRK2/ADCY7/KPNA2/ADCY9","REACTOME"
"REACTOME_ASSOCIATION_OF_TRIC_CCT_WITH_TARGET_PROTEINS_DURING_BIOSYNTHESIS","REACTOME_ASSOCIATION_OF_TRIC_CCT_WITH_TARGET_PROTEINS_DURING_BIOSYNTHESIS",34,-0.303462153836662,-0.962468734017369,0.508474576271186,0.784786885245902,0.674641357492091,196,"tags=15%, list=1%, signal=15%","WRAP53/CCT3/CCT2/XRN2/CCT7","REACTOME"
"REACTOME_HIV_TRANSCRIPTION_ELONGATION","REACTOME_HIV_TRANSCRIPTION_ELONGATION",40,-0.291935036207531,-0.961499091677185,0.50974930362117,0.784786885245902,0.674641357492091,1548,"tags=20%, list=11%, signal=18%","GTF2H2/POLR2J/POLR2C/GTF2F2/GTF2H5/SUPT4H1/POLR2G/NELFE","REACTOME"
"REACTOME_TRANSPORT_OF_VITAMINS_NUCLEOSIDES_AND_RELATED_MOLECULES","REACTOME_TRANSPORT_OF_VITAMINS_NUCLEOSIDES_AND_RELATED_MOLECULES",23,-0.331237033713512,-0.957886923065083,0.506493506493506,0.784786885245902,0.674641357492091,1936,"tags=26%, list=14%, signal=22%","SLC35B3/ARL2BP/SLC25A5/SLC25A4/SLC35B2/SLC25A6","REACTOME"
"REACTOME_TRANSCRIPTIONAL_REGULATION_BY_THE_AP_2_TFAP2_FAMILY_OF_TRANSCRIPTION_FACTORS","REACTOME_TRANSCRIPTIONAL_REGULATION_BY_THE_AP_2_TFAP2_FAMILY_OF_TRANSCRIPTION_FACTORS",24,0.343224811869015,0.953173618342799,0.510433386837881,0.784786885245902,0.674641357492091,1320,"tags=17%, list=10%, signal=15%","CREBBP/KDM5B/EP300/WWOX","REACTOME"
"REACTOME_DISEASES_OF_CARBOHYDRATE_METABOLISM","REACTOME_DISEASES_OF_CARBOHYDRATE_METABOLISM",27,-0.318765037948972,-0.952598456648212,0.510928961748634,0.784786885245902,0.674641357492091,1521,"tags=22%, list=11%, signal=20%","ARSB/UBB/GUSB/TALDO1/UBA52/GYG1","REACTOME"
"REACTOME_SIGNALING_BY_HEDGEHOG","REACTOME_SIGNALING_BY_HEDGEHOG",108,0.276320356362758,0.987791667578341,0.513031550068587,0.785916990512987,0.675612851493621,3600,"tags=31%, list=26%, signal=23%","SYVN1/PSMB5/GRK2/ADCY7/TUBA1B/ADCY9/PSMC6/TUBB2A/ADRM1/SUFU/PSMB2/IFT172/TULP3/ITCH/PSMA5/CDC73/PSMA6/ERLEC1/GNAS/TUBB4B/PRKAR2B/IQCE/PRKAR2A/TUBA4A/SEL1L/GSK3B/FUZ/PSMD12/PSMD1/ADAM17/PSMD3/TUBA3D/SPOPL/MKS1","REACTOME"
"REACTOME_RHOQ_GTPASE_CYCLE","REACTOME_RHOQ_GTPASE_CYCLE",49,0.30553255742676,0.965457330220701,0.513302034428795,0.785916990512987,0.675612851493621,2811,"tags=27%, list=21%, signal=21%","PAK4/ARHGAP26/PLEKHG3/TRIP10/ARHGAP35/CDC42EP3/STOM/IQGAP1/PREX1/OBSCN/SLC1A5/ARHGAP1/SCRIB","REACTOME"
"REACTOME_CYTOSOLIC_TRNA_AMINOACYLATION","REACTOME_CYTOSOLIC_TRNA_AMINOACYLATION",24,-0.330261825553883,-0.967737880211451,0.514511873350924,0.786514965631985,0.676126900280127,1393,"tags=21%, list=10%, signal=19%","LARS1/QARS1/KARS1/PPA1/DARS1","REACTOME"
"REACTOME_TRANSCRIPTIONAL_REGULATION_BY_VENTX","REACTOME_TRANSCRIPTIONAL_REGULATION_BY_VENTX",37,-0.295888328112906,-0.961019523973269,0.519774011299435,0.793295788310743,0.681956028547832,1437,"tags=22%, list=11%, signal=19%","ANAPC16/ANAPC2/ANAPC10/CDC23/FZR1/LEF1/ANAPC11/ANAPC5","REACTOME"
"REACTOME_AQUAPORIN_MEDIATED_TRANSPORT","REACTOME_AQUAPORIN_MEDIATED_TRANSPORT",27,0.334403292286576,0.960522797689867,0.525157232704403,0.798971384146159,0.686835049529154,3261,"tags=33%, list=24%, signal=25%","MYO5B/ADCY7/ADCY9/GNB4/GNAS/PRKAR2B/RAB11FIP2/PRKAR2A/GNB2","REACTOME"
"REACTOME_CYTOCHROME_P450_ARRANGED_BY_SUBSTRATE_TYPE","REACTOME_CYTOCHROME_P450_ARRANGED_BY_SUBSTRATE_TYPE",24,0.340182705931872,0.944725350550916,0.524879614767255,0.798971384146159,0.686835049529154,2249,"tags=29%, list=17%, signal=24%","FDXR/CYP4B1/CYP4F12/POR/CYP2R1/RXRA/CYP4F22","REACTOME"
"REACTOME_REGULATION_OF_RUNX3_EXPRESSION_AND_ACTIVITY","REACTOME_REGULATION_OF_RUNX3_EXPRESSION_AND_ACTIVITY",45,0.310760706955735,0.965347346070653,0.528125,0.802215189873418,0.689623584277149,1166,"tags=16%, list=9%, signal=14%","PSMB5/RUNX3/EP300/PSMC6/ADRM1/TGFB1/PSMB2","REACTOME"
"REACTOME_MITOTIC_PROPHASE","REACTOME_MITOTIC_PROPHASE",118,0.271108306077844,0.977849640371845,0.531972789115646,0.802977794891542,0.690279157012027,2530,"tags=24%, list=19%, signal=19%","EMD/LMNA/ARPP19/POM121C/RAB1B/LEMD3/RANBP2/RAB1A/POM121/PRKCB/GORASP1/H2AX/NCAPG2/PPP2R1B/NUP58/CTDNEP1/NUP88/NUP214/NDC1/MAPK1/NUP160/NUP98/RB1/MCPH1/CDK1/CNEP1R1/LMNB1/H4C8","REACTOME"
"REACTOME_PI_METABOLISM","REACTOME_PI_METABOLISM",75,0.283636926589274,0.964234452953925,0.529839883551674,0.802977794891542,0.690279157012027,1478,"tags=13%, list=11%, signal=12%","SBF1/PLEKHA3/SYNJ2/RUFY1/PIP4P1/PIP5K1A/RAB14/PLEKHA5/ARF1/PIK3R3","REACTOME"
"REACTOME_DNA_DAMAGE_RECOGNITION_IN_GG_NER","REACTOME_DNA_DAMAGE_RECOGNITION_IN_GG_NER",37,-0.295150222528917,-0.958622221310162,0.531073446327684,0.802977794891542,0.690279157012027,1983,"tags=30%, list=15%, signal=25%","RBX1/COPS4/COPS7A/COPS5/UBB/RUVBL1/UBA52/COPS6/YY1/TFPT/CETN2","REACTOME"
"REACTOME_CRISTAE_FORMATION","REACTOME_CRISTAE_FORMATION",33,-0.299892829459008,-0.953924804906443,0.531506849315069,0.802977794891542,0.690279157012027,4262,"tags=48%, list=31%, signal=33%","ATP5F1E/MT-ATP6/DNAJC11/ATP5MJ/APOOL/ATP5PF/ATP5MF/ATP5MC2/ATP5MG/MICOS13/DMAC2L/SAMM50/ATP5MC3/ATP5F1C/CHCHD3/ATP5F1A","REACTOME"
"REACTOME_SIGNALING_BY_WNT","REACTOME_SIGNALING_BY_WNT",229,0.246828777502105,0.971163563806755,0.542645241038319,0.804779833985085,0.691828278338055,2530,"tags=21%, list=19%, signal=17%","CREBBP/LGR6/AXIN1/PSMB5/SMARCA4/RUNX3/AKT1/ITPR3/AP2B1/AGO4/AGO2/EP300/PRKCB/H2AX/BCL9L/PSMC6/PLCB2/PPP2R1B/CSNK2A1/VPS26A/ADRM1/SOX13/TCF7L2/PSMB2/TLE3/RAC1/GNB4/VPS29/TNKS2/PPP2R5A/CCDC88C/RAC2/RYK/RBBP5/PPP3CA/PLCB1/ITPR1/FRAT2/PSMA5/TNRC6C/CDC73/PSMA6/PPP3R1/PPP2R5E/WNT10B/NFATC1/H4C8","REACTOME"
"REACTOME_ADHERENS_JUNCTIONS_INTERACTIONS","REACTOME_ADHERENS_JUNCTIONS_INTERACTIONS",177,0.256321155264465,0.97091174382002,0.538163001293661,0.804779833985085,0.691828278338055,2530,"tags=20%, list=19%, signal=17%","VCL/ARID1A/ANG/PSMB5/SMARCA4/FOXJ2/AGO4/CTNNA1/TGIF2/CBLL1/AGO2/H2AX/PSMC6/FURIN/ZEB2/CSNK2A1/TCF12/CTSB/ADRM1/ACTB/PSMB2/SP1/NECTIN2/MAPK1/CTNND1/RB1/EED/RPN1/MDM2/PSMA5/TNRC6C/SPCS2/PSMA6/DNM2/RBBP4/H4C8","REACTOME"
"REACTOME_ANTI_INFLAMMATORY_RESPONSE_FAVOURING_LEISHMANIA_PARASITE_INFECTION","REACTOME_ANTI_INFLAMMATORY_RESPONSE_FAVOURING_LEISHMANIA_PARASITE_INFECTION",59,0.297263320625472,0.968447909593492,0.538109756097561,0.804779833985085,0.691828278338055,3322,"tags=29%, list=24%, signal=22%","GGT1/RHBDF2/ITPR3/ADCY7/ADCY9/FURIN/GNB4/GNAI3/CD3G/ITPR1/MYH9/GNAS/PRKAR2B/FCGR3A/PRKAR2A/GNB2/ADAM17","REACTOME"
"REACTOME_NUCLEAR_PORE_COMPLEX_NPC_DISASSEMBLY","REACTOME_NUCLEAR_PORE_COMPLEX_NPC_DISASSEMBLY",36,0.321250117915972,0.963491415514265,0.542056074766355,0.804779833985085,0.691828278338055,2199,"tags=28%, list=16%, signal=23%","POM121C/RANBP2/POM121/NUP58/NUP88/NUP214/NDC1/NUP160/NUP98/CDK1","REACTOME"
"REACTOME_NUCLEAR_ENVELOPE_NE_REASSEMBLY","REACTOME_NUCLEAR_ENVELOPE_NE_REASSEMBLY",65,0.290239978113546,0.962999406772516,0.540983606557377,0.804779833985085,0.691828278338055,2656,"tags=26%, list=20%, signal=21%","EMD/LMNA/TUBA1B/LEMD3/POM121/NUP58/TUBB2A/CC2D1B/NDC1/CHMP4A/NUP160/NUP98/CHMP2B/CDK1/LMNB1/PPP2R2A/TUBB4B","REACTOME"
"REACTOME_PROTEASOME_ASSEMBLY","REACTOME_PROTEASOME_ASSEMBLY",51,-0.273240726241396,-0.9596826332814,0.542372881355932,0.804779833985085,0.691828278338055,2437,"tags=27%, list=18%, signal=23%","PSMD6/PSMA7/PSMB7/PSMB10/PSMD9/PSMG3/PSMD8/PSME1/PSMC3/PSMB3/PAAF1/PSMA3/PSMB1/PSMG4","REACTOME"
"REACTOME_RNA_POLYMERASE_II_TRANSCRIBES_SNRNA_GENES","REACTOME_RNA_POLYMERASE_II_TRANSCRIBES_SNRNA_GENES",74,0.282379679179994,0.958797603560652,0.538686131386861,0.804779833985085,0.691828278338055,2546,"tags=22%, list=19%, signal=18%","RNU4ATAC/SNAPC2/POLR2A/RPRD1A/INTS7/CCNK/SNAPC4/SP1/CCNT2/INTS3/SUPT5H/CDK7/ELL2/RPRD2/CCNT1/SNAPC3","REACTOME"
"REACTOME_SELECTIVE_AUTOPHAGY","REACTOME_SELECTIVE_AUTOPHAGY",74,-0.253676493178134,-0.953616884565157,0.545741324921136,0.804779833985085,0.691828278338055,1723,"tags=26%, list=13%, signal=23%","PRKAB2/MFN2/RPS27A/OPTN/ATG12/ATM/DYNC1LI1/ARL13B/UBB/UBE2D2/UBE2L3/UBA52/VDAC2/PRKAG1/TOMM22/UBE2D3/PARK7/TOMM7/TOMM5","REACTOME"
"REACTOME_TRANSCRIPTIONAL_REGULATION_BY_E2F6","REACTOME_TRANSCRIPTIONAL_REGULATION_BY_E2F6",33,0.322415911626149,0.951287540834015,0.543171114599686,0.804779833985085,0.691828278338055,2650,"tags=27%, list=20%, signal=22%","PHC1/RBBP8/RNF2/PCGF6/EED/BRCA1/RBBP4/EHMT1/YAF2","REACTOME"
"REACTOME_MOLECULES_ASSOCIATED_WITH_ELASTIC_FIBRES","REACTOME_MOLECULES_ASSOCIATED_WITH_ELASTIC_FIBRES",15,0.385804005472629,0.951096868047833,0.538842975206612,0.804779833985085,0.691828278338055,3722,"tags=27%, list=27%, signal=19%","TGFB1/LTBP3/LTBP2/EFEMP2","REACTOME"
"REACTOME_CASPASE_ACTIVATION_VIA_DEATH_RECEPTORS_IN_THE_PRESENCE_OF_LIGAND","REACTOME_CASPASE_ACTIVATION_VIA_DEATH_RECEPTORS_IN_THE_PRESENCE_OF_LIGAND",15,0.385018431355371,0.949160244601872,0.542148760330578,0.804779833985085,0.691828278338055,2422,"tags=27%, list=18%, signal=22%","TICAM1/TNFRSF10B/RIPK1/FASLG","REACTOME"
"REACTOME_MRNA_CAPPING","REACTOME_MRNA_CAPPING",27,0.326956355532667,0.939132600015157,0.54559748427673,0.804779833985085,0.691828278338055,573,"tags=11%, list=4%, signal=11%","ERCC3/RNGTT/POLR2A","REACTOME"
"REACTOME_COMPLEX_III_ASSEMBLY","REACTOME_COMPLEX_III_ASSEMBLY",26,-0.311933378517615,-0.930749247841209,0.545454545454545,0.804779833985085,0.691828278338055,2941,"tags=31%, list=22%, signal=24%","NFS1/UQCRHL/UQCR11/UQCRH/UQCRC2/ISCU/LYRM4/UQCC6","REACTOME"
"REACTOME_INTERCONVERSION_OF_NUCLEOTIDE_DI_AND_TRIPHOSPHATES","REACTOME_INTERCONVERSION_OF_NUCLEOTIDE_DI_AND_TRIPHOSPHATES",26,-0.311554364857219,-0.929618343925085,0.545454545454545,0.804779833985085,0.691828278338055,78,"tags=27%, list=1%, signal=27%","GUK1/TXNRD1/NME3/GLRX/AK2/AK5/DTYMK","REACTOME"
"REACTOME_CELL_EXTRACELLULAR_MATRIX_INTERACTIONS","REACTOME_CELL_EXTRACELLULAR_MATRIX_INTERACTIONS",16,-0.348459071669225,-0.926137327005185,0.545454545454545,0.804779833985085,0.691828278338055,1110,"tags=25%, list=8%, signal=23%","ACTN1/FERMT2/LIMS2/ARHGEF6","REACTOME"
"REACTOME_DISORDERS_OF_TRANSMEMBRANE_TRANSPORTERS","REACTOME_DISORDERS_OF_TRANSMEMBRANE_TRANSPORTERS",117,0.267888132552536,0.963435326174863,0.549795361527967,0.807117713905596,0.693838034760951,2723,"tags=26%, list=20%, signal=21%","PSMB5/SLC9A6/POM121C/SLC17A5/RANBP2/POM121/SLC2A1/PSMC6/ABCD1/NUP58/LMBRD1/ADRM1/PSMB2/SLC24A4/DERL3/NUP88/SLC35A3/NUP214/NDC1/NUP160/NUP98/SLC67A1/PSMA5/SLC3A2/SLC29A3/SLC33A1/PSMA6/ABCA3/ERLEC1/HK1/NUP210","REACTOME"
"REACTOME_TRNA_PROCESSING_IN_THE_NUCLEUS","REACTOME_TRNA_PROCESSING_IN_THE_NUCLEUS",58,0.294381658939828,0.958806189242804,0.548192771084337,0.807117713905596,0.693838034760951,2113,"tags=22%, list=16%, signal=19%","RPP14/POM121C/RANBP2/POM121/NUP58/TSEN34/C2orf49/NUP88/NUP214/NDC1/NUP160/NUP98/RPP38","REACTOME"
"REACTOME_CELL_DEATH_SIGNALLING_VIA_NRAGE_NRIF_AND_NADE","REACTOME_CELL_DEATH_SIGNALLING_VIA_NRAGE_NRIF_AND_NADE",65,-0.256555801984648,-0.939927100661772,0.549848942598187,0.807117713905596,0.693838034760951,3306,"tags=37%, list=24%, signal=28%","VAV2/ARHGEF1/MAPK8/AATF/TIAM2/TRIO/ARHGEF38/RPS27A/PLEKHG5/FGD3/TIAM1/ARHGEF5/VAV1/UBB/ARHGEF4/FGD2/MCF2L/ITGB3BP/UBA52/BEX3/MAGED1/PLEKHG2/GNA13/ARHGEF6","REACTOME"
"REACTOME_MAPK_TARGETS_NUCLEAR_EVENTS_MEDIATED_BY_MAP_KINASES","REACTOME_MAPK_TARGETS_NUCLEAR_EVENTS_MEDIATED_BY_MAP_KINASES",31,0.329042396090862,0.954323993757229,0.551505546751189,0.807131985214177,0.693850303078854,3851,"tags=35%, list=28%, signal=25%","JUN/PPP2R1B/FOS/MAPK1/DUSP3/MAPKAPK2/PPP2CB/DUSP4/RPS6KA3/DUSP7/MAPK14","REACTOME"
"REACTOME_GPVI_MEDIATED_ACTIVATION_CASCADE","REACTOME_GPVI_MEDIATED_ACTIVATION_CASCADE",30,0.328489249532856,0.950705939060793,0.552380952380952,0.807131985214177,0.693850303078854,3546,"tags=37%, list=26%, signal=27%","PDPK1/RAC1/PIK3R3/RAC2/PIK3CG/LCP2/PIK3CA/PIK3CB/VAV3/RHOG/PTPN11","REACTOME"
"REACTOME_MRNA_DECAY_BY_5_TO_3_EXORIBONUCLEASE","REACTOME_MRNA_DECAY_BY_5_TO_3_EXORIBONUCLEASE",15,-0.350874165136261,-0.925053328556797,0.551637279596977,0.807131985214177,0.693850303078854,3391,"tags=47%, list=25%, signal=35%","DCP2/LSM5/LSM7/LSM3/LSM2/EDC3/LSM4","REACTOME"
"REACTOME_SEPARATION_OF_SISTER_CHROMATIDS","REACTOME_SEPARATION_OF_SISTER_CHROMATIDS",165,-0.227123266750551,-0.961818814309217,0.554585152838428,0.807893394119713,0.694504847576595,2437,"tags=23%, list=18%, signal=19%","PSMD6/STAG2/RPS27A/PSMA7/MIS12/B9D2/PSMB7/PPP1CC/NUP85/ZWILCH/PSMD8/XPO1/DYNC1LI1/PSMC3/PSMB3/KNL1/UBB/CENPC/ANAPC16/NUP107/ANAPC2/DSN1/KNTC1/KIF2A/SMC1A/ANAPC10/CDC23/CENPH/PSMA3/ITGB3BP/UBA52/SEH1L/MAD2L1/PSMB1/CENPO/ZWINT/ANAPC11/ANAPC5","REACTOME"
"REACTOME_FORMATION_OF_RNA_POL_II_ELONGATION_COMPLEX","REACTOME_FORMATION_OF_RNA_POL_II_ELONGATION_COMPLEX",55,-0.26640210170967,-0.946022636220634,0.55425219941349,0.807893394119713,0.694504847576595,1647,"tags=22%, list=12%, signal=19%","IWS1/GTF2H2/POLR2J/RTF1/POLR2C/GTF2F2/GTF2H5/SUPT4H1/MLLT3/POLR2G/NELFE/SKIC8","REACTOME"
"REACTOME_METABOLISM_OF_VITAMINS_AND_COFACTORS","REACTOME_METABOLISM_OF_VITAMINS_AND_COFACTORS",143,0.259111491146035,0.956311640677232,0.559055118110236,0.809503843466108,0.695889268944549,2179,"tags=19%, list=16%, signal=16%","FASN/PARP9/AKT1/BCO2/MTHFR/LDLR/MTR/SLC25A32/SLC2A1/MOCS2/FLAD1/SLC23A2/PARP8/LMBRD1/FPGS/CYB5R3/SLC46A1/PDZD11/GCH1/IDH1/PARP10/LRP8/LRP10/MMACHC/NOS3/VKORC1/MTHFD1L","REACTOME"
"REACTOME_CELL_JUNCTION_ORGANIZATION","REACTOME_CELL_JUNCTION_ORGANIZATION",207,0.245890640502755,0.955437778462419,0.56890012642225,0.809503843466108,0.695889268944549,2456,"tags=20%, list=18%, signal=16%","VCL/ARID1A/ANG/PSMB5/SMARCA4/FOXJ2/AGO4/PXN/CTNNA1/TGIF2/CBLL1/PLEC/AGO2/H2AX/PSMC6/FURIN/ZEB2/CSNK2A1/FLNA/TCF12/VASP/CTSB/ADRM1/ACTB/PSMB2/SP1/PALS1/NECTIN2/MAPK1/CTNND1/RB1/EED/RPN1/SDK2/MDM2/PSMA5/TNRC6C/SPCS2/PSMA6/DNM2/RBBP4","REACTOME"
"REACTOME_LEISHMANIA_INFECTION","REACTOME_LEISHMANIA_INFECTION",130,0.259936597363914,0.951650100221569,0.565963060686016,0.809503843466108,0.695889268944549,2855,"tags=23%, list=21%, signal=18%","GGT1/WIPF2/RELA/RHBDF2/ITPR3/ADCY7/ADCY9/JUN/FURIN/ACTB/MYO1C/RAC1/ELMO2/GNB4/GNAI3/NFKB1/MYO5A/MAPK1/CD3G/P2RX7/ITPR1/MYH9/CYBA/NOXA1/CYFIP1/CASP1/GNAS/PRKAR2B/FCGR3A/ACTR3","REACTOME"
"REACTOME_MITOTIC_G1_PHASE_AND_G1_S_TRANSITION","REACTOME_MITOTIC_G1_PHASE_AND_G1_S_TRANSITION",135,0.258715674887385,0.950137502535716,0.562334217506631,0.809503843466108,0.695889268944549,3551,"tags=30%, list=26%, signal=22%","CCND2/PSMB5/AKT1/DYRK1A/E2F4/CCND1/PSMC6/PPP2R1B/AKT3/ADRM1/E2F5/PSMB2/RB1/CDKN1A/E2F2/CDK1/PSMA5/CDK7/CDT1/PSMA6/RBBP4/CDK2/LIN9/PPP2R2A/JAK2/MCM8/RPA3/PPP2CB/CCNB1/MCM6/MCM4/CDKN2D/PSMD12/RBL2/PSMD1/PRIM1/POLE/PSMD3/MYBL2/CCNA2","REACTOME"
"REACTOME_SIGNALING_BY_SCF_KIT","REACTOME_SIGNALING_BY_SCF_KIT",37,0.312871865892615,0.946687010210205,0.564814814814815,0.809503843466108,0.695889268944549,3731,"tags=35%, list=27%, signal=26%","STAT5A/CBL/STAT1/RAC1/PIK3R3/HRAS/JAK2/SOCS6/STAT3/PIK3CA/NRAS/PTPN11/SOS1","REACTOME"
"REACTOME_SENSORY_PROCESSING_OF_SOUND_BY_OUTER_HAIR_CELLS_OF_THE_COCHLEA","REACTOME_SENSORY_PROCESSING_OF_SOUND_BY_OUTER_HAIR_CELLS_OF_THE_COCHLEA",29,0.325747808897566,0.941165454695689,0.567140600315956,0.809503843466108,0.695889268944549,1422,"tags=21%, list=10%, signal=19%","ESPN/CASK/ACTB/SPTAN1/MYO1C/EPS8L2","REACTOME"
"REACTOME_CO_STIMULATION_BY_CD28","REACTOME_CO_STIMULATION_BY_CD28",46,0.303026242453406,0.940644788816215,0.56120826709062,0.809503843466108,0.695889268944549,2550,"tags=26%, list=19%, signal=21%","PRR5/AKT1/PPP2R1B/AKT3/PDPK1/RAC1/PIK3R3/PPP2R5A/PIK3CG/RICTOR/PPP2R5E/MAP3K8","REACTOME"
"REACTOME_PKMTS_METHYLATE_HISTONE_LYSINES","REACTOME_PKMTS_METHYLATE_HISTONE_LYSINES",55,0.290471790969547,0.940060313490946,0.562783661119516,0.809503843466108,0.695889268944549,2622,"tags=22%, list=19%, signal=18%","KMT2A/RELA/SETD1A/NSD2/NFKB1/RBBP5/AEBP2/EED/KMT2C/RBBP4/H4C8/EHMT1","REACTOME"
"REACTOME_UBIQUITIN_MEDIATED_DEGRADATION_OF_PHOSPHORYLATED_CDC25A","REACTOME_UBIQUITIN_MEDIATED_DEGRADATION_OF_PHOSPHORYLATED_CDC25A",50,-0.26760087039699,-0.93778939594066,0.55774647887324,0.809503843466108,0.695889268944549,2437,"tags=28%, list=18%, signal=23%","PSMD6/RPS27A/PSMA7/PSMB7/RBX1/PSMD8/PSMC3/PSMB3/UBB/PSMA3/UBA52/PLK3/PSMB1/CHEK1","REACTOME"
"REACTOME_TRANSCRIPTIONAL_AND_POST_TRANSLATIONAL_REGULATION_OF_MITF_M_EXPRESSION_AND_ACTIVITY","REACTOME_TRANSCRIPTIONAL_AND_POST_TRANSLATIONAL_REGULATION_OF_MITF_M_EXPRESSION_AND_ACTIVITY",42,-0.278859291838677,-0.935229830716554,0.569014084507042,0.809503843466108,0.695889268944549,1393,"tags=36%, list=10%, signal=32%","SUMO1/ID1/AIMP1/TFEB/XPO1/LARS1/QARS1/YWHAB/MAPK3/POMC/KARS1/HDAC1/LEF1/DARS1/HINT1","REACTOME"
"REACTOME_DARPP_32_EVENTS","REACTOME_DARPP_32_EVENTS",21,0.346880731219078,0.928206765745548,0.561488673139159,0.809503843466108,0.695889268944549,3002,"tags=43%, list=22%, signal=33%","PPP2R1B/PDE4D/PDE4A/PPP3CA/PDE4B/PPP3R1/PRKAR2B/PPP2CB/PRKAR2A","REACTOME"
"REACTOME_PYROPTOSIS","REACTOME_PYROPTOSIS",22,-0.323928082915629,-0.928000316247329,0.561038961038961,0.809503843466108,0.695889268944549,1236,"tags=18%, list=9%, signal=17%","CASP4/HMGB1/CHMP4B/CHMP6","REACTOME"
"REACTOME_RHOBTB1_GTPASE_CYCLE","REACTOME_RHOBTB1_GTPASE_CYCLE",22,-0.323202044472421,-0.925920336336848,0.563636363636364,0.809503843466108,0.695889268944549,278,"tags=23%, list=2%, signal=22%","COPS4/SRRM1/RBMX/CCT2/CCT7","REACTOME"
"REACTOME_RNA_POLYMERASE_III_TRANSCRIPTION_INITIATION_FROM_TYPE_1_PROMOTER","REACTOME_RNA_POLYMERASE_III_TRANSCRIPTION_INITIATION_FROM_TYPE_1_PROMOTER",27,0.321481434899416,0.923406719902488,0.569182389937107,0.809503843466108,0.695889268944549,843,"tags=11%, list=6%, signal=10%","POLR3A/GTF3C2/POLR3D","REACTOME"
"REACTOME_THROMBOXANE_SIGNALLING_THROUGH_TP_RECEPTOR","REACTOME_THROMBOXANE_SIGNALLING_THROUGH_TP_RECEPTOR",15,-0.346854863021045,-0.914456741034568,0.561712846347607,0.809503843466108,0.695889268944549,2951,"tags=33%, list=22%, signal=26%","GNB5/GNG11/TBXA2R/GNAQ/GNA13","REACTOME"
"REACTOME_MRNA_DECAY_BY_3_TO_5_EXORIBONUCLEASE","REACTOME_MRNA_DECAY_BY_3_TO_5_EXORIBONUCLEASE",16,-0.340308832160626,-0.904475554801101,0.566233766233766,0.809503843466108,0.695889268944549,3109,"tags=38%, list=23%, signal=29%","EXOSC9/DCPS/EXOSC1/EXOSC5/EXOSC8/SKIC8","REACTOME"
"REACTOME_SPHINGOLIPID_METABOLISM","REACTOME_SPHINGOLIPID_METABOLISM",80,0.277454710426187,0.946985058921753,0.571014492753623,0.81029753112471,0.696571561844049,2631,"tags=22%, list=19%, signal=18%","ST3GAL3/PPM1L/PLPP2/KDSR/DEGS1/SPTLC2/ARSA/ACER1/ACER3/SMPD4/GBA1/B3GALT4/VAPA/ORMDL3/CERK/ACER2/PRKD2/ARSD","REACTOME"
"REACTOME_SIGNALING_BY_ALK","REACTOME_SIGNALING_BY_ALK",24,0.330459501158414,0.917722925448437,0.571428571428571,0.81029753112471,0.696571561844049,3778,"tags=38%, list=28%, signal=27%","PRDM1/EP300/FRS2/IL2RG/DNMT1/STAT3/PIK3CA/PIK3CB/SHC1","REACTOME"
"REACTOME_CYCLIN_A_CDK2_ASSOCIATED_EVENTS_AT_S_PHASE_ENTRY","REACTOME_CYCLIN_A_CDK2_ASSOCIATED_EVENTS_AT_S_PHASE_ENTRY",72,0.279649546141294,0.94583621981326,0.572901325478645,0.811187717491887,0.697336809773727,2617,"tags=25%, list=19%, signal=20%","PSMB5/AKT1/E2F4/CCND1/PSMC6/CDC25B/AKT3/ADRM1/E2F5/PSMB2/RB1/CDKN1A/PSMA5/CDK7/PSMA6/RBBP4/CDK2/LIN9","REACTOME"
"REACTOME_M_PHASE","REACTOME_M_PHASE",366,-0.206125484110596,-0.969931570216244,0.575539568345324,0.811499478252429,0.697604814638053,1749,"tags=15%, list=13%, signal=13%","PSMD8/XPO1/DYNC1LI1/H4C2/NUP50/NEK7/PSMC3/PSMB3/H3C1/KNL1/UBB/CENPC/ANAPC16/MAPK3/NEDD1/NUP107/CCP110/CEP72/ANAPC2/DSN1/KNTC1/KIF2A/SMC1A/ANAPC10/CDC23/CENPH/PSMA3/H2BC4/ITGB3BP/NEK6/UBA52/H4C5/SSNA1/PLK4/DCTN2/SEH1L/PRKACA/H2BC8/H2AC6/MAD2L1/H3C10/PSMB1/CENPO/H2BC21/CEP131/ZWINT/ANAPC11/H2BC5/NUP205/CHMP4B/CETN2/TUBGCP2/ANAPC5/CHMP6/H2AC8","REACTOME"
"REACTOME_RESOLUTION_OF_ABASIC_SITES_AP_SITES","REACTOME_RESOLUTION_OF_ABASIC_SITES_AP_SITES",38,-0.283120289361758,-0.928600117751809,0.577348066298343,0.811499478252429,0.697604814638053,1866,"tags=24%, list=14%, signal=20%","POLD2/APEX1/POLE4/NEIL1/POLD4/POLB/POLE3/MPG/MBD4","REACTOME"
"REACTOME_ENDOSOMAL_SORTING_COMPLEX_REQUIRED_FOR_TRANSPORT_ESCRT","REACTOME_ENDOSOMAL_SORTING_COMPLEX_REQUIRED_FOR_TRANSPORT_ESCRT",29,-0.302016409781635,-0.922505855291504,0.577235772357724,0.811499478252429,0.697604814638053,1461,"tags=21%, list=11%, signal=19%","UBB/STAM/UBA52/STAM2/CHMP4B/CHMP6","REACTOME"
"REACTOME_EFFECTS_OF_PIP2_HYDROLYSIS","REACTOME_EFFECTS_OF_PIP2_HYDROLYSIS",20,0.346944107818018,0.915187008286217,0.575856443719413,0.811499478252429,0.697604814638053,3027,"tags=40%, list=22%, signal=31%","ITPR3/ITPR1/RASGRP1/PRKCD/DGKH/DGKZ/ABHD6/PRKCH","REACTOME"
"REACTOME_SEMA4D_INDUCED_CELL_MIGRATION_AND_GROWTH_CONE_COLLAPSE","REACTOME_SEMA4D_INDUCED_CELL_MIGRATION_AND_GROWTH_CONE_COLLAPSE",18,0.351753368641494,0.904118186188406,0.577235772357724,0.811499478252429,0.697604814638053,2278,"tags=28%, list=17%, signal=23%","ARHGEF12/RHOC/RND1/MYH9/LIMK1","REACTOME"
"REACTOME_NUCLEOTIDE_EXCISION_REPAIR","REACTOME_NUCLEOTIDE_EXCISION_REPAIR",105,0.264788646079749,0.941680108155791,0.581717451523546,0.812334002720736,0.698322212865194,3017,"tags=30%, list=22%, signal=23%","ERCC3/RNF111/PIAS3/ZNF830/POLR2A/ACTL6A/ERCC8/RAD23A/PARP1/LIG3/ACTB/ERCC6/RAD23B/INO80/COPS7B/CUL4A/USP7/POLK/AQR/COPS8/ACTR8/CDK7/UBE2N/PARP2/PRPF19/XPC/ISY1/RPA3/COPS2/ERCC1/UVSSA","REACTOME"
"REACTOME_INTERACTIONS_OF_REV_WITH_HOST_CELLULAR_PROTEINS","REACTOME_INTERACTIONS_OF_REV_WITH_HOST_CELLULAR_PROTEINS",37,0.310094637698983,0.93828367919225,0.58179012345679,0.812334002720736,0.698322212865194,1910,"tags=24%, list=14%, signal=21%","POM121C/RANBP2/POM121/NUP58/NUP88/NUP214/NDC1/NUP160/NUP98","REACTOME"
"REACTOME_DUAL_INCISION_IN_GG_NER","REACTOME_DUAL_INCISION_IN_GG_NER",40,-0.281728630994633,-0.927883909789545,0.582172701949861,0.812334002720736,0.698322212865194,2682,"tags=35%, list=20%, signal=28%","PCNA/ERCC5/XPA/RPS27A/RBX1/POLD2/GTF2H2/UBB/CHD1L/POLE4/GTF2H5/POLD4/UBA52/POLE3","REACTOME"
"REACTOME_GLYCOSPHINGOLIPID_CATABOLISM","REACTOME_GLYCOSPHINGOLIPID_CATABOLISM",30,-0.296118522273051,-0.918262740787262,0.580645161290323,0.812334002720736,0.698322212865194,4037,"tags=50%, list=30%, signal=35%","ASAH1/ARSK/STS/SUMF2/CTSA/GBA2/PSAP/ASAH2/HEXB/HEXA/ARSB/SMPD2/GLB1L3/SMPD1/GLA","REACTOME"
"REACTOME_DEVELOPMENTAL_LINEAGES_OF_THE_MAMMARY_GLAND","REACTOME_DEVELOPMENTAL_LINEAGES_OF_THE_MAMMARY_GLAND",16,0.362265087619116,0.909731304173357,0.580226904376013,0.812334002720736,0.698322212865194,353,"tags=12%, list=3%, signal=12%","VIM/GATA3","REACTOME"
"REACTOME_BETA_CATENIN_INDEPENDENT_WNT_SIGNALING","REACTOME_BETA_CATENIN_INDEPENDENT_WNT_SIGNALING",106,0.265194800183869,0.943532614080251,0.583333333333333,0.812669047963166,0.698610234213949,2513,"tags=22%, list=18%, signal=18%","PSMB5/ITPR3/AP2B1/AGO4/AGO2/PRKCB/PSMC6/PLCB2/ADRM1/TCF7L2/PSMB2/RAC1/GNB4/RAC2/RYK/PPP3CA/PLCB1/ITPR1/PSMA5/TNRC6C/PSMA6/PPP3R1/NFATC1","REACTOME"
"REACTOME_RND1_GTPASE_CYCLE","REACTOME_RND1_GTPASE_CYCLE",32,0.316903485834281,0.925885610731805,0.585987261146497,0.812669047963166,0.698610234213949,1173,"tags=16%, list=9%, signal=14%","LEMD3/ARHGAP35/CPD/EPSTI1/RND1","REACTOME"
"REACTOME_CD28_DEPENDENT_PI3K_AKT_SIGNALING","REACTOME_CD28_DEPENDENT_PI3K_AKT_SIGNALING",25,0.326301763523634,0.915999487174341,0.58664546899841,0.812669047963166,0.698610234213949,2550,"tags=32%, list=19%, signal=26%","PRR5/AKT1/AKT3/PDPK1/PIK3R3/PIK3CG/RICTOR/MAP3K8","REACTOME"
"REACTOME_FCERI_MEDIATED_CA_2_MOBILIZATION","REACTOME_FCERI_MEDIATED_CA_2_MOBILIZATION",32,-0.288378643770051,-0.913912429239515,0.585561497326203,0.812669047963166,0.698610234213949,3,"tags=12%, list=0%, signal=13%","ITK/VAV1/IGHV4-34/TXK","REACTOME"
"REACTOME_EGFR_DOWNREGULATION","REACTOME_EGFR_DOWNREGULATION",21,0.341123145041003,0.912800229827366,0.585760517799353,0.812669047963166,0.698610234213949,493,"tags=14%, list=4%, signal=14%","EPN1/CBL/HGS","REACTOME"
"REACTOME_MITOTIC_G2_G2_M_PHASES","REACTOME_MITOTIC_G2_G2_M_PHASES",178,0.250927475640638,0.951484324496803,0.588387096774194,0.813907223203495,0.69967463047318,3551,"tags=31%, list=26%, signal=24%","FKBPL/PSMB5/ACTR1A/TUBA1B/EP300/CEP250/PKMYT1/PSMC6/CDC25B/PPP2R1B/TUBB2A/ADRM1/CEP43/FBXW11/PSMB2/CEP164/BORA/SFI1/SGO1/PAFAH1B1/CEP41/CDK11B/CDKN1A/CDK1/PSMA5/YWHAE/CDK7/NINL/PSMA6/RBBP4/CDK2/LIN9/PPP2R2A/TUBB4B/PRKAR2B/HMMR/PPP2CB/CEP76/CCNB1/PPP1CB/NEK2/TUBA4A/PPP1R12A/MZT1/HAUS4/PSMD12/PSMD1/TP53/HAUS6/NDE1/PSMD3/TUBA3D/MYBL2/CLASP1/ALMS1/CCNA2","REACTOME"
"REACTOME_N_GLYCAN_TRIMMING_IN_THE_ER_AND_CALNEXIN_CALRETICULIN_CYCLE","REACTOME_N_GLYCAN_TRIMMING_IN_THE_ER_AND_CALNEXIN_CALRETICULIN_CYCLE",34,0.311148036612764,0.925878002578796,0.589506172839506,0.814161208249878,0.699892968495509,3258,"tags=29%, list=24%, signal=22%","SYVN1/PDIA3/RAD23B/TRIM13/NGLY1/RNF139/AMFR/SEL1L/MARCHF6/GANAB","REACTOME"
"REACTOME_RHOV_GTPASE_CYCLE","REACTOME_RHOV_GTPASE_CYCLE",33,0.312099922739503,0.920850235026889,0.590266875981162,0.814161208249878,0.699892968495509,1872,"tags=21%, list=14%, signal=18%","PAK4/TPM4/USP9X/NCK2/SPTAN1/PEAK1/IQGAP1","REACTOME"
"REACTOME_METABOLISM_OF_WATER_SOLUBLE_VITAMINS_AND_COFACTORS","REACTOME_METABOLISM_OF_WATER_SOLUBLE_VITAMINS_AND_COFACTORS",102,0.264246452126595,0.93617855028079,0.591724137931035,0.814445374105461,0.700137251423993,1146,"tags=14%, list=8%, signal=13%","FASN/PARP9/MTHFR/MTR/SLC25A32/SLC2A1/MOCS2/FLAD1/SLC23A2/PARP8/LMBRD1/FPGS/CYB5R3/SLC46A1","REACTOME"
"REACTOME_ER_QUALITY_CONTROL_COMPARTMENT_ERQC","REACTOME_ER_QUALITY_CONTROL_COMPARTMENT_ERQC",20,0.342623855976677,0.903790825821594,0.592169657422512,0.814445374105461,0.700137251423993,6,"tags=5%, list=0%, signal=5%","SYVN1","REACTOME"
"REACTOME_SPHINGOLIPID_DE_NOVO_BIOSYNTHESIS","REACTOME_SPHINGOLIPID_DE_NOVO_BIOSYNTHESIS",30,0.315530574956816,0.913201244769221,0.593650793650794,0.815314394713536,0.700884304227426,2579,"tags=23%, list=19%, signal=19%","PPM1L/KDSR/DEGS1/SPTLC2/VAPA/ORMDL3/PRKD2","REACTOME"
"REACTOME_BASIGIN_INTERACTIONS","REACTOME_BASIGIN_INTERACTIONS",17,-0.332623305556506,-0.898884767914441,0.594736842105263,0.815639097744361,0.701163434903047,1601,"tags=24%, list=12%, signal=21%","PPIA/SLC7A5/ITGA6/SLC7A6","REACTOME"
"REACTOME_THROMBIN_SIGNALLING_THROUGH_PROTEINASE_ACTIVATED_RECEPTORS_PARS","REACTOME_THROMBIN_SIGNALLING_THROUGH_PROTEINASE_ACTIVATED_RECEPTORS_PARS",21,-0.316406167781438,-0.898492170095949,0.596354166666667,0.816690442225392,0.702067222263934,1275,"tags=19%, list=9%, signal=17%","MAPK3/GNAQ/GNA13/GNA12","REACTOME"
"REACTOME_PROCESSING_OF_DNA_DOUBLE_STRAND_BREAK_ENDS","REACTOME_PROCESSING_OF_DNA_DOUBLE_STRAND_BREAK_ENDS",85,-0.242455372598175,-0.940144888385374,0.598705501618123,0.816742624130487,0.702112080392875,1723,"tags=20%, list=13%, signal=18%","ATM/H4C2/RAD1/SUMO2/ABRAXAS1/UBB/TOPBP1/UIMC1/BABAM1/H2BC4/UBA52/TIMELESS/H4C5/H2BC8/H2BC21/H2BC5/CHEK1","REACTOME"
"REACTOME_LATE_ENDOSOMAL_MICROAUTOPHAGY","REACTOME_LATE_ENDOSOMAL_MICROAUTOPHAGY",29,0.318154137345734,0.919225471851055,0.598736176935229,0.816742624130487,0.702112080392875,689,"tags=14%, list=5%, signal=13%","HBB/VIM/MVB12B/VPS37B","REACTOME"
"REACTOME_NEUROTRANSMITTER_RELEASE_CYCLE","REACTOME_NEUROTRANSMITTER_RELEASE_CYCLE",24,-0.312645838779162,-0.916119266190257,0.598944591029024,0.816742624130487,0.702112080392875,1179,"tags=21%, list=9%, signal=19%","STXBP1/SLC18A2/ARL6IP5/LIN7B/NAAA","REACTOME"
"REACTOME_EPIGENETIC_REGULATION_BY_WDR5_CONTAINING_HISTONE_MODIFYING_COMPLEXES","REACTOME_EPIGENETIC_REGULATION_BY_WDR5_CONTAINING_HISTONE_MODIFYING_COMPLEXES",131,0.255255915480158,0.936141600579777,0.601315789473684,0.818812989921613,0.703891868529106,2353,"tags=20%, list=17%, signal=17%","KMT2A/CREBBP/KANSL3/MBIP/KANSL1/MED20/HCFC2/NCOR1/EP300/H2AX/SETD1A/SCD5/KDM6A/PPARGC1B/MED6/YEATS2/HCFC1/PNPLA2/LIPE/MED24/RBBP5/RB1/RXRA/KMT2C/BOD1L1/PAGR1","REACTOME"
"REACTOME_NONHOMOLOGOUS_END_JOINING_NHEJ","REACTOME_NONHOMOLOGOUS_END_JOINING_NHEJ",56,-0.258961227610512,-0.925181317829262,0.60233918128655,0.819044779086527,0.7040911258814,1723,"tags=20%, list=13%, signal=17%","ATM/H4C2/ABRAXAS1/UIMC1/BABAM1/H2BC4/XRCC6/H4C5/H2BC8/H2BC21/H2BC5","REACTOME"
"REACTOME_VIRAL_MESSENGER_RNA_SYNTHESIS","REACTOME_VIRAL_MESSENGER_RNA_SYNTHESIS",43,0.300824176875361,0.929873920102233,0.604361370716511,0.820632129968671,0.705455690674822,1910,"tags=23%, list=14%, signal=20%","POM121C/POLR2A/RANBP2/POM121/NUP58/NUP88/NUP214/NDC1/NUP160/NUP98","REACTOME"
"REACTOME_BIOSYNTHESIS_OF_THE_N_GLYCAN_PRECURSOR_DOLICHOL_LIPID_LINKED_OLIGOSACCHARIDE_LLO_AND_TRANSFER_TO_A_NASCENT_PROTEIN","REACTOME_BIOSYNTHESIS_OF_THE_N_GLYCAN_PRECURSOR_DOLICHOL_LIPID_LINKED_OLIGOSACCHARIDE_LLO_AND_TRANSFER_TO_A_NASCENT_PROTEIN",72,0.27272234243791,0.922406894591418,0.608247422680412,0.823579020836665,0.707988982824502,2634,"tags=21%, list=19%, signal=17%","ST8SIA6/ST3GAL3/ALG8/SLC17A5/GMPPB/ST3GAL4/ST6GALNAC4/ST8SIA1/ALG12/ST8SIA4/CMAS/ALG11/GNE/ALG6/HK1","REACTOME"
"REACTOME_SYNTHESIS_OF_PIPS_AT_THE_PLASMA_MEMBRANE","REACTOME_SYNTHESIS_OF_PIPS_AT_THE_PLASMA_MEMBRANE",48,0.293905543205906,0.918174548582341,0.607936507936508,0.823579020836665,0.707988982824502,2571,"tags=25%, list=19%, signal=20%","PLEKHA3/SYNJ2/RUFY1/PIP5K1A/RAB14/PLEKHA5/ARF1/PIK3R3/PIK3CG/MTMR3/PIP4K2C/SYNJ1","REACTOME"
"REACTOME_G1_S_DNA_DAMAGE_CHECKPOINTS","REACTOME_G1_S_DNA_DAMAGE_CHECKPOINTS",65,-0.250428980724581,-0.917480657047165,0.610271903323263,0.825156376324412,0.709344955085898,2437,"tags=28%, list=18%, signal=23%","PSMD6/RPS27A/PSMA7/COP1/PSMB7/CDKN1B/RBX1/PSMD8/ATM/PSMC3/PHF20/PSMB3/UBB/PSMA3/UBA52/PLK3/PSMB1/CHEK1","REACTOME"
"REACTOME_ACTIVATION_OF_NMDA_RECEPTORS_AND_POSTSYNAPTIC_EVENTS","REACTOME_ACTIVATION_OF_NMDA_RECEPTORS_AND_POSTSYNAPTIC_EVENTS",60,0.2817256991371,0.918817297495623,0.612557427258805,0.825227344704339,0.709405962991449,3307,"tags=32%, list=24%, signal=24%","KPNA2/TUBA1B/LRRC7/APBA1/CASK/TUBB2A/PDPK1/RAC1/HRAS/MAPK1/PRKAA1/DLG4/DLG3/TUBB4B/PRKAR2B/PRKAR2A/TUBA4A/RPS6KA3/NRAS","REACTOME"
"REACTOME_ANTIGEN_ACTIVATES_B_CELL_RECEPTOR_BCR_LEADING_TO_GENERATION_OF_SECOND_MESSENGERS","REACTOME_ANTIGEN_ACTIVATES_B_CELL_RECEPTOR_BCR_LEADING_TO_GENERATION_OF_SECOND_MESSENGERS",30,-0.289765964502657,-0.898563476234427,0.612903225806452,0.825227344704339,0.709405962991449,2564,"tags=27%, list=19%, signal=22%","BTK/PLCG2/TRPC1/SH3KBP1/VAV1/BLK/IGHV4-34/CD79A","REACTOME"
"REACTOME_SYNDECAN_INTERACTIONS","REACTOME_SYNDECAN_INTERACTIONS",15,0.363676551352954,0.896547532083024,0.611570247933884,0.825227344704339,0.709405962991449,1354,"tags=20%, list=10%, signal=18%","CASK/TGFB1/THBS1","REACTOME"
"REACTOME_METABOLISM_OF_POLYAMINES","REACTOME_METABOLISM_OF_POLYAMINES",45,-0.26296069029748,-0.903067717474906,0.616022099447514,0.827217762203616,0.711117023648723,2437,"tags=27%, list=18%, signal=22%","PSMD6/PSMA7/PSMB7/PSMD8/PSMC3/PSMB3/PSMA3/SMS/SMOX/OAZ1/PSMB1/AGMAT","REACTOME"
"REACTOME_DAP12_SIGNALING","REACTOME_DAP12_SIGNALING",26,0.315509023136641,0.894557023851981,0.61624203821656,0.827217762203616,0.711117023648723,4217,"tags=38%, list=31%, signal=27%","RAC1/HRAS/LCP2/PIK3CA/NRAS/PIK3CB/VAV3/SOS1/SHC1/HLA-E","REACTOME"
"REACTOME_COMPLEMENT_CASCADE","REACTOME_COMPLEMENT_CASCADE",20,-0.310424769037714,-0.882223373685121,0.616966580976864,0.827217762203616,0.711117023648723,2335,"tags=30%, list=17%, signal=25%","CD59/CD55/CD46/FCN1/IGHV4-34/CFP","REACTOME"
"REACTOME_ANTIGEN_PROCESSING_CROSS_PRESENTATION","REACTOME_ANTIGEN_PROCESSING_CROSS_PRESENTATION",89,-0.239359796180671,-0.927654053946336,0.626262626262626,0.838510629305608,0.720824926946926,2848,"tags=29%, list=21%, signal=23%","PSMD14/NCF4/CTSS/BTK/PSMD6/RPS27A/PSMA7/PSMB7/CD14/PSMB10/PSMD8/PSME1/TAP2/PSMC3/PSMB3/UBB/IKBKG/PSMA3/HMGB1/UBA52/CALR/SEC61A1/TLR1/PSMB1/NCF1/SNAP23","REACTOME"
"REACTOME_LISTERIA_MONOCYTOGENES_ENTRY_INTO_HOST_CELLS","REACTOME_LISTERIA_MONOCYTOGENES_ENTRY_INTO_HOST_CELLS",16,0.35023767681496,0.879527697779473,0.627228525121556,0.838634239716844,0.720931188528515,526,"tags=19%, list=4%, signal=18%","CBL/HGS/CBLL1","REACTOME"
"REACTOME_RECRUITMENT_OF_MITOTIC_CENTROSOME_PROTEINS_AND_COMPLEXES","REACTOME_RECRUITMENT_OF_MITOTIC_CENTROSOME_PROTEINS_AND_COMPLEXES",81,-0.243763926532765,-0.931481444868983,0.630225080385852,0.841468813867063,0.723367927710282,1265,"tags=12%, list=9%, signal=11%","NEDD1/CCP110/CEP72/SSNA1/PLK4/DCTN2/PRKACA/CEP131/CETN2/TUBGCP2","REACTOME"
"REACTOME_VXPX_CARGO_TARGETING_TO_CILIUM","REACTOME_VXPX_CARGO_TARGETING_TO_CILIUM",17,-0.321653180290198,-0.869238984413193,0.631578947368421,0.842105263157895,0.723915050784857,1678,"tags=18%, list=12%, signal=15%","EXOC4/EXOC7/EXOC3","REACTOME"
"REACTOME_APOPTOTIC_EXECUTION_PHASE","REACTOME_APOPTOTIC_EXECUTION_PHASE",43,0.294867273410251,0.911460608930548,0.633956386292835,0.844102816700585,0.72563224593559,1414,"tags=19%, list=10%, signal=17%","LMNA/VIM/PLEC/CLSPN/H1-1/ACIN1/SPTAN1/STK24","REACTOME"
"REACTOME_RNA_POLYMERASE_II_TRANSCRIPTION_TERMINATION","REACTOME_RNA_POLYMERASE_II_TRANSCRIPTION_TERMINATION",65,0.274442843993964,0.910585432361615,0.640834575260805,0.845418855206783,0.726763577283024,647,"tags=8%, list=5%, signal=7%","U2AF2/CHTOP/CPSF2/PABPN1/RNPS1","REACTOME"
"REACTOME_SIGNALING_BY_EGFR","REACTOME_SIGNALING_BY_EGFR",40,0.294331083600247,0.903605406745463,0.636080870917574,0.845418855206783,0.726763577283024,3778,"tags=35%, list=28%, signal=25%","EPN1/PXN/CBL/HGS/HRAS/PAG1/CSK/AREG/PIK3CA/NRAS/ADAM17/PTPN11/SOS1/SHC1","REACTOME"
"REACTOME_CONSTITUTIVE_SIGNALING_BY_ABERRANT_PI3K_IN_CANCER","REACTOME_CONSTITUTIVE_SIGNALING_BY_ABERRANT_PI3K_IN_CANCER",42,0.292338280811343,0.90304504784185,0.639876352395672,0.845418855206783,0.726763577283024,4005,"tags=33%, list=29%, signal=24%","RAC1/PIK3R3/RAC2/PIK3CG/FRS2/ICOS/AREG/ESR2/PIK3CA/PIK3CB/RHOG/PTPN11/NTRK2/STRN","REACTOME"
"REACTOME_SIGNALING_BY_NTRK2_TRKB","REACTOME_SIGNALING_BY_NTRK2_TRKB",20,0.333844573647277,0.88063238344171,0.641109298531811,0.845418855206783,0.726763577283024,3934,"tags=45%, list=29%, signal=32%","RAC1/HRAS/FRS2/PIK3CA/NRAS/PTPN11/SOS1/SHC1/NTRK2","REACTOME"
"REACTOME_HEPARAN_SULFATE_HEPARIN_HS_GAG_METABOLISM","REACTOME_HEPARAN_SULFATE_HEPARIN_HS_GAG_METABOLISM",21,0.3287215723708,0.879615268477933,0.63915857605178,0.845418855206783,0.726763577283024,1833,"tags=14%, list=13%, signal=12%","IDS/HGSNAT/SGSH","REACTOME"
"REACTOME_ADRENALINE_NORADRENALINE_INHIBITS_INSULIN_SECRETION","REACTOME_ADRENALINE_NORADRENALINE_INHIBITS_INSULIN_SECRETION",16,0.346290083377476,0.869614378917223,0.640194489465154,0.845418855206783,0.726763577283024,3261,"tags=25%, list=24%, signal=19%","CACNA2D2/GNB4/CACNB3/GNB2","REACTOME"
"REACTOME_REGULATION_OF_KIT_SIGNALING","REACTOME_REGULATION_OF_KIT_SIGNALING",15,0.351318598836151,0.866082296451745,0.63801652892562,0.845418855206783,0.726763577283024,422,"tags=7%, list=3%, signal=6%","CBL","REACTOME"
"REACTOME_DEUBIQUITINATION","REACTOME_DEUBIQUITINATION",239,0.237775308630502,0.937680716850534,0.64223602484472,0.845742913375764,0.727042153603727,1600,"tags=16%, list=12%, signal=14%","TAB1/AXIN1/PSMB5/USP42/NOD1/GATA3/HGS/ADRB2/IFIH1/USP28/TRAF6/ACTL6A/KEAP1/USP14/MBD6/USP25/CLSPN/EP300/PSMC6/ASXL2/USP9X/RAD23A/SIAH2/ADRM1/TRIM25/ACTB/JOSD1/TGFB1/PSMB2/TRIM4/HCFC1/BARD1/RAD23B/INO80/TNIP1/USP7/TNKS2/RIPK1","REACTOME"
"REACTOME_NEUTROPHIL_DEGRANULATION","REACTOME_NEUTROPHIL_DEGRANULATION",389,-0.203074123449668,-0.961924649001523,0.646616541353383,0.850345040683901,0.730998368307214,1951,"tags=15%, list=14%, signal=14%","DGAT1/TYROBP/CD55/CKAP4/HEXB/PGM2/CLEC12A/C6orf120/FCN1/DYNC1LI1/PSMC3/PPIA/ARSB/NDUFC2/PECAM1/CAT/FCGR2A/PGM1/GUSB/PPIE/DSN1/GMFG/FAF2/MAN2B1/FTL/RAB31/CREG1/SERPINB6/XRCC6/HMGB1/MNDA/APRT/GLA/ARHGAP9/TMT1A/DDOST/ALOX5/NAPRT/ALAD/GYG1/SRP14/ARG1/APEH/PSMB1/IRAG2/DERA/AGA/GCA/ACTR1B/NHLRC3/CCT2/PGAM1/EEF1A1/LYZ/SNAP23/CFP/COMMD9/SERPINB1/HEBP2/SELL","REACTOME"
"REACTOME_HH_MUTANTS_ABROGATE_LIGAND_SECRETION","REACTOME_HH_MUTANTS_ABROGATE_LIGAND_SECRETION",43,0.293467119493163,0.907132610346281,0.649532710280374,0.850684040749194,0.731289789415973,1166,"tags=12%, list=9%, signal=11%","SYVN1/PSMB5/PSMC6/ADRM1/PSMB2","REACTOME"
"REACTOME_REGULATION_OF_PD_L1_CD274_TRANSCRIPTION","REACTOME_REGULATION_OF_PD_L1_CD274_TRANSCRIPTION",72,0.266954498787488,0.902898779845425,0.649484536082474,0.850684040749194,0.731289789415973,2530,"tags=25%, list=19%, signal=20%","KMT2A/CREBBP/BRD4/RELA/EP300/JUN/H2AX/FOS/TCF7L2/STAT1/NFKB1/FOSB/RBBP5/EED/KMT2C/JUND/RBBP4/H4C8","REACTOME"
"REACTOME_INTERACTIONS_OF_VPR_WITH_HOST_CELLULAR_PROTEINS","REACTOME_INTERACTIONS_OF_VPR_WITH_HOST_CELLULAR_PROTEINS",37,0.295824181418635,0.895104163668106,0.648148148148148,0.850684040749194,0.731289789415973,1910,"tags=24%, list=14%, signal=21%","POM121C/RANBP2/POM121/NUP58/NUP88/NUP214/NDC1/NUP160/NUP98","REACTOME"
"REACTOME_SIGNALING_BY_NUCLEAR_RECEPTORS","REACTOME_SIGNALING_BY_NUCLEAR_RECEPTORS",211,0.237874818822513,0.924507108743537,0.652724968314322,0.853700231037805,0.733882654751797,2945,"tags=23%, list=22%, signal=18%","CREBBP/CETP/FASN/AXIN1/AKT1/GATA3/AGO4/KPNA2/POLR2A/CCND1/NCOR1/AGO2/EP300/RUNX1/JUN/H2AX/AKT3/FOS/RARA/PDPK1/ARL4C/UHMK1/TLE3/SP1/PIK3R3/HRAS/GNB4/GNAI3/FOSB/MAPK1/NOS3/RXRA/TNRC6C/USF1/KDM1B/JUND/PPID/AREG/CCNT1/H4C8/MYLIP/FOXO3/ESR2/POU2F1/ZDHHC21/RDH14/IGF1R/RDH10/CHD1","REACTOME"
"REACTOME_CALNEXIN_CALRETICULIN_CYCLE","REACTOME_CALNEXIN_CALRETICULIN_CYCLE",25,0.312045619002159,0.875979412107207,0.655007949125596,0.855520586613024,0.735447521825231,3258,"tags=32%, list=24%, signal=24%","SYVN1/PDIA3/TRIM13/RNF139/AMFR/SEL1L/MARCHF6/GANAB","REACTOME"
"REACTOME_AMINO_ACIDS_REGULATE_MTORC1","REACTOME_AMINO_ACIDS_REGULATE_MTORC1",50,-0.25218814844753,-0.88377654020763,0.661971830985915,0.860322549548166,0.739575525050178,993,"tags=12%, list=7%, signal=11%","ATP6V1E2/SEH1L/LAMTOR4/ATP6V1C2/RRAGB/SLC38A9","REACTOME"
"REACTOME_NICOTINATE_METABOLISM","REACTOME_NICOTINATE_METABOLISM",24,-0.297528839940227,-0.871823222022827,0.662269129287599,0.860322549548166,0.739575525050178,1343,"tags=21%, list=10%, signal=19%","RNLS/NAXE/NMNAT1/NAPRT/NADSYN1","REACTOME"
"REACTOME_MAP3K8_TPL2_DEPENDENT_MAPK1_3_ACTIVATION","REACTOME_MAP3K8_TPL2_DEPENDENT_MAPK1_3_ACTIVATION",16,0.342155652715529,0.859231868632208,0.661264181523501,0.860322549548166,0.739575525050178,1659,"tags=25%, list=12%, signal=22%","CHUK/FBXW11/MAP2K4/NFKB1","REACTOME"
"REACTOME_NCAM1_INTERACTIONS","REACTOME_NCAM1_INTERACTIONS",17,0.335814832255538,0.852769133027304,0.660771704180064,0.860322549548166,0.739575525050178,2932,"tags=35%, list=22%, signal=28%","CACNA1I/COL6A1/ST8SIA4/COL9A2/CACNB1/CACNB3","REACTOME"
"REACTOME_NEDDYLATION","REACTOME_NEDDYLATION",208,0.237066624558019,0.920703548420676,0.665394402035623,0.860887636056871,0.740061301171696,3611,"tags=29%, list=27%, signal=22%","DCUN1D5/PSMB5/NUB1/COMMD5/KBTBD6/DCAF7/GAN/KEAP1/PSMC6/FBXO2/ERCC8/SPSB2/FEM1C/ADRM1/DPP3/FBXW11/PSMB2/CAND1/SOCS5/KLHL5/KLHL25/COPS7B/CUL4A/ASB3/FBXW7/RBBP5/DCAF13/CDKN1A/CUL2/PALB2/SPSB1/KLHL3/COPS8/PSMA5/BRCA1/SENP8/PSMA6/KBTBD7/FBXL3/NEDD8/SOCS6/FBXW5/DTL/COPS2/FBXW4/ELOC/FBXL20/KLHL11/PSMD12/PSMD1/UBA3/WSB2/WDR5/ASB7/FBXW9/PSMD3/KLHL21/BTBD1/FBXO32/COMMD2/UBXN7","REACTOME"
"REACTOME_REGULATION_OF_HOMOTYPIC_CELL_CELL_ADHESION","REACTOME_REGULATION_OF_HOMOTYPIC_CELL_CELL_ADHESION",171,0.242973215880381,0.919641980508467,0.665384615384615,0.860887636056871,0.740061301171696,2530,"tags=20%, list=19%, signal=16%","VCL/ARID1A/PSMB5/SMARCA4/FOXJ2/AGO4/CTNNA1/TGIF2/CBLL1/AGO2/H2AX/PSMC6/FURIN/ZEB2/CSNK2A1/TCF12/CTSB/ADRM1/ACTB/PSMB2/SP1/MAPK1/CTNND1/RB1/EED/RPN1/MDM2/PSMA5/TNRC6C/SPCS2/PSMA6/DNM2/RBBP4/H4C8","REACTOME"
"REACTOME_NUCLEAR_RNA_DECAY","REACTOME_NUCLEAR_RNA_DECAY",35,0.296736273719074,0.884358944818713,0.665109034267913,0.860887636056871,0.740061301171696,1676,"tags=17%, list=12%, signal=15%","EXOSC3/PABPN1/ZCCHC7/DXO/ZC3H18/ZC3H3","REACTOME"
"REACTOME_NEGATIVE_REGULATORS_OF_DDX58_IFIH1_SIGNALING","REACTOME_NEGATIVE_REGULATORS_OF_DDX58_IFIH1_SIGNALING",35,0.294393272114724,0.877376130076984,0.669781931464174,0.865397919523025,0.743938562396986,1424,"tags=17%, list=10%, signal=15%","UBE2K/IFIH1/TRIM25/NLRC5/TRIM4/TBK1","REACTOME"
"REACTOME_HOMOLOGY_DIRECTED_REPAIR","REACTOME_HOMOLOGY_DIRECTED_REPAIR",124,-0.228276578206099,-0.921294969616497,0.673387096774194,0.86655712185419,0.744935069664128,2091,"tags=22%, list=15%, signal=19%","TIPIN/BRCA2/SPIDR/POLD2/ATM/H4C2/RAD1/SUMO2/ABRAXAS1/UBB/POLE4/TOPBP1/RAD51C/UIMC1/BABAM1/H2BC4/POLD4/UBA52/TIMELESS/H4C5/POLE3/MUS81/H2BC8/FIGNL1/H2BC21/H2BC5/CHEK1","REACTOME"
"REACTOME_REGULATION_OF_PTEN_STABILITY_AND_ACTIVITY","REACTOME_REGULATION_OF_PTEN_STABILITY_AND_ACTIVITY",54,0.271901497566609,0.877711684806422,0.673252279635258,0.86655712185419,0.744935069664128,2414,"tags=20%, list=18%, signal=17%","PSMB5/AKT1/PSMC6/CSNK2A1/AKT3/ADRM1/PSMB2/TNKS2/OTUD3/PSMA5/PSMA6","REACTOME"
"REACTOME_METABOLISM_OF_COFACTORS","REACTOME_METABOLISM_OF_COFACTORS",24,-0.293888925491397,-0.861157493136499,0.672823218997362,0.86655712185419,0.744935069664128,2392,"tags=25%, list=18%, signal=21%","COQ5/HPDL/COQ9/PDSS1/COQ8A/COQ4","REACTOME"
"REACTOME_REGULATION_OF_PD_L1_CD274_EXPRESSION","REACTOME_REGULATION_OF_PD_L1_CD274_EXPRESSION",161,0.243310517258561,0.910916146234052,0.679172056921087,0.870500900726626,0.748325335712363,2560,"tags=22%, list=19%, signal=18%","KMT2A/CREBBP/BRD4/RELA/PSMB5/AGO4/CCND1/AGO2/EP300/JUN/H2AX/PSMC6/CSNK2A1/PDCD1LG2/ADRM1/FOS/PDCD1/TCF7L2/PSMB2/DERL3/STAT1/NFKB1/FOSB/PRKAA1/RBBP5/EED/RPN1/KMT2C/PSMA5/TNRC6C/PSMA6/JUND/RBBP4/H4C8/ERLEC1","REACTOME"
"REACTOME_SCF_BETA_TRCP_MEDIATED_DEGRADATION_OF_EMI1","REACTOME_SCF_BETA_TRCP_MEDIATED_DEGRADATION_OF_EMI1",42,-0.261662455948076,-0.877555604361095,0.67887323943662,0.870500900726626,0.748325335712363,2437,"tags=29%, list=18%, signal=24%","PSMD6/RPS27A/PSMA7/PSMB7/PSMD8/PSMC3/PSMB3/UBB/PSMA3/FZR1/UBA52/PSMB1","REACTOME"
"REACTOME_ATF4_ACTIVATES_GENES_IN_RESPONSE_TO_ENDOPLASMIC_RETICULUM_STRESS","REACTOME_ATF4_ACTIVATES_GENES_IN_RESPONSE_TO_ENDOPLASMIC_RETICULUM_STRESS",23,0.314375267872584,0.86074623758639,0.679092382495948,0.870500900726626,0.748325335712363,972,"tags=17%, list=7%, signal=16%","EXOSC3/PARN/DDIT3/HERPUD1","REACTOME"
"REACTOME_DISEASES_ASSOCIATED_WITH_GLYCOSAMINOGLYCAN_METABOLISM","REACTOME_DISEASES_ASSOCIATED_WITH_GLYCOSAMINOGLYCAN_METABOLISM",20,0.321789041448473,0.848831680683823,0.68352365415987,0.874066366257793,0.751390385028629,4330,"tags=45%, list=32%, signal=31%","ST3GAL3/CHSY1/B3GAT3/CHST14/B4GALT1/B3GALT6/OMD/SDC4/OGN","REACTOME"
"REACTOME_DISEASES_ASSOCIATED_WITH_N_GLYCOSYLATION_OF_PROTEINS","REACTOME_DISEASES_ASSOCIATED_WITH_N_GLYCOSYLATION_OF_PROTEINS",19,0.327243522941646,0.848362904469976,0.683774834437086,0.874066366257793,0.751390385028629,2861,"tags=26%, list=21%, signal=21%","ALG8/ALG12/ALG11/ALG6/B4GALT1","REACTOME"
"REACTOME_HDR_THROUGH_HOMOLOGOUS_RECOMBINATION_HRR","REACTOME_HDR_THROUGH_HOMOLOGOUS_RECOMBINATION_HRR",66,-0.240042021361659,-0.885289596937976,0.693693693693694,0.875093227261427,0.752273125189648,2011,"tags=23%, list=15%, signal=19%","BRCA2/SPIDR/POLD2/ATM/RAD1/UBB/POLE4/TOPBP1/RAD51C/POLD4/UBA52/POLE3/MUS81/FIGNL1/CHEK1","REACTOME"
"REACTOME_HEDGEHOG_LIGAND_BIOGENESIS","REACTOME_HEDGEHOG_LIGAND_BIOGENESIS",45,0.2839081016146,0.881932388127337,0.6890625,0.875093227261427,0.752273125189648,1166,"tags=11%, list=9%, signal=10%","SYVN1/PSMB5/PSMC6/ADRM1/PSMB2","REACTOME"
"REACTOME_SIGNALING_BY_FGFR","REACTOME_SIGNALING_BY_FGFR",59,0.267830396518088,0.872559006229821,0.692073170731707,0.875093227261427,0.752273125189648,3894,"tags=34%, list=29%, signal=24%","TGFBR3/CBL/POLR2A/MKNK1/GALNT3/HRAS/MAPK1/FRS2/PPP2CB/HNRNPF/FGFBP3/PIK3CA/NRAS/POLR2B/PTPN11/ESRP2/SOS1/SHC1/FGFBP2/FGFRL1","REACTOME"
"REACTOME_RHO_GTPASES_ACTIVATE_WASPS_AND_WAVES","REACTOME_RHO_GTPASES_ACTIVATE_WASPS_AND_WAVES",33,-0.26963959286315,-0.8576927180321,0.69041095890411,0.875093227261427,0.752273125189648,2564,"tags=30%, list=19%, signal=25%","BTK/CDC42/ARPC3/ARPC5/ARPC4/MAPK3/NCKIPSD/ARPC2/WIPF1/BRK1","REACTOME"
"REACTOME_RESOLUTION_OF_D_LOOP_STRUCTURES","REACTOME_RESOLUTION_OF_D_LOOP_STRUCTURES",33,0.289211667694011,0.85331848156475,0.690737833594976,0.875093227261427,0.752273125189648,2496,"tags=27%, list=18%, signal=22%","RAD51AP1/BARD1/RBBP8/RMI1/PALB2/RAD51B/BRCA1/NBN/TOP3A","REACTOME"
"REACTOME_PD_L1_CD274_GLYCOSYLATION_AND_TRANSLOCATION_TO_PLASMA_MEMBRANE","REACTOME_PD_L1_CD274_GLYCOSYLATION_AND_TRANSLOCATION_TO_PLASMA_MEMBRANE",19,-0.302940224136052,-0.848212389063026,0.693467336683417,0.875093227261427,0.752273125189648,3210,"tags=47%, list=24%, signal=36%","TMEM258/CD274/DAD1/RPN2/OST4/RPS27A/UBB/UBA52/DDOST","REACTOME"
"REACTOME_LAGGING_STRAND_SYNTHESIS","REACTOME_LAGGING_STRAND_SYNTHESIS",20,-0.298370351423092,-0.847964867159538,0.686375321336761,0.875093227261427,0.752273125189648,4293,"tags=45%, list=32%, signal=31%","RFC4/LIG1/RFC5/POLA2/POLD3/PRIM2/PCNA/POLD2/POLD4","REACTOME"
"REACTOME_PROCESSING_OF_INTRONLESS_PRE_MRNAS","REACTOME_PROCESSING_OF_INTRONLESS_PRE_MRNAS",20,0.321098163516574,0.847009247348487,0.686786296900489,0.875093227261427,0.752273125189648,608,"tags=10%, list=4%, signal=10%","CPSF2/PABPN1","REACTOME"
"REACTOME_RESOLUTION_OF_AP_SITES_VIA_THE_MULTIPLE_NUCLEOTIDE_PATCH_REPLACEMENT_PATHWAY","REACTOME_RESOLUTION_OF_AP_SITES_VIA_THE_MULTIPLE_NUCLEOTIDE_PATCH_REPLACEMENT_PATHWAY",25,-0.284338587461882,-0.84205936233643,0.691689008042895,0.875093227261427,0.752273125189648,1866,"tags=24%, list=14%, signal=21%","POLD2/APEX1/POLE4/POLD4/POLB/POLE3","REACTOME"
"REACTOME_PROCESSIVE_SYNTHESIS_ON_THE_LAGGING_STRAND","REACTOME_PROCESSIVE_SYNTHESIS_ON_THE_LAGGING_STRAND",15,-0.313423528545324,-0.826317543830204,0.690176322418136,0.875093227261427,0.752273125189648,4168,"tags=47%, list=31%, signal=32%","LIG1/POLA2/POLD3/PRIM2/PCNA/POLD2/POLD4","REACTOME"
"REACTOME_DAP12_INTERACTIONS","REACTOME_DAP12_INTERACTIONS",33,0.287665947245887,0.848757836289843,0.695447409733124,0.875998816217816,0.753051613941631,4338,"tags=36%, list=32%, signal=25%","RAC1/HRAS/LCP2/KIR2DS4/PIK3CA/NRAS/PIK3CB/VAV3/SOS1/SHC1/HLA-E/HLA-B","REACTOME"
"REACTOME_PLASMA_LIPOPROTEIN_CLEARANCE","REACTOME_PLASMA_LIPOPROTEIN_CLEARANCE",30,-0.271743564953223,-0.84267606372544,0.696236559139785,0.875998816217816,0.753051613941631,3538,"tags=47%, list=26%, signal=35%","SOAT2/NCEH1/AP2A1/AMN/AP2A2/AP2S1/RPS27A/NPC2/SCARB1/LIPA/AP2M1/UBB/UBA52/LDLRAP1","REACTOME"
"REACTOME_TRANSCRIPTION_COUPLED_NUCLEOTIDE_EXCISION_REPAIR_TC_NER","REACTOME_TRANSCRIPTION_COUPLED_NUCLEOTIDE_EXCISION_REPAIR_TC_NER",74,-0.237019834032507,-0.891001420267634,0.700315457413249,0.878249144279639,0.754986106486006,1983,"tags=24%, list=15%, signal=21%","RBX1/COPS4/POLD2/COPS7A/GTF2H2/COPS5/UBB/POLE4/POLR2J/PPIE/POLR2C/GTF2H5/POLD4/UBA52/COPS6/POLE3/XAB2/POLR2G","REACTOME"
"REACTOME_TP53_REGULATES_TRANSCRIPTION_OF_DNA_REPAIR_GENES","REACTOME_TP53_REGULATES_TRANSCRIPTION_OF_DNA_REPAIR_GENES",59,0.264430655413397,0.861483061309778,0.705792682926829,0.878249144279639,0.754986106486006,3349,"tags=32%, list=25%, signal=24%","ERCC3/POLR2A/JUN/CCNK/CDK12/FOS/NELFA/CCNT2/FANCC/SUPT5H/CDK7/BRCA1/CCNT1/CDK13/ATR/ELOC/FANCD2/TP53/POLR2B","REACTOME"
"REACTOME_SIGNALING_BY_FGFR2_IN_DISEASE","REACTOME_SIGNALING_BY_FGFR2_IN_DISEASE",26,-0.285048577207502,-0.850530167995813,0.705882352941177,0.878249144279639,0.754986106486006,1211,"tags=15%, list=9%, signal=14%","POLR2J/POLR2C/GTF2F2/POLR2G","REACTOME"
"REACTOME_MATURATION_OF_SARS_COV_2_SPIKE_PROTEIN","REACTOME_MATURATION_OF_SARS_COV_2_SPIKE_PROTEIN",38,0.280573198983971,0.850047319076675,0.7046875,0.878249144279639,0.754986106486006,3258,"tags=26%, list=24%, signal=20%","ST3GAL3/ST3GAL4/ST6GALNAC4/ZDHHC11/RPN1/ZDHHC8/STT3A/MGAT4B/ZDHHC5/GANAB","REACTOME"
"REACTOME_SYNTHESIS_OF_SUBSTRATES_IN_N_GLYCAN_BIOSYTHESIS","REACTOME_SYNTHESIS_OF_SUBSTRATES_IN_N_GLYCAN_BIOSYTHESIS",57,0.261220219839166,0.849302260851399,0.708083832335329,0.878249144279639,0.754986106486006,1349,"tags=12%, list=10%, signal=11%","ST8SIA6/ST3GAL3/SLC17A5/GMPPB/ST3GAL4/ST6GALNAC4/ST8SIA1","REACTOME"
"REACTOME_RET_SIGNALING","REACTOME_RET_SIGNALING",26,0.297420552193819,0.84327110951654,0.70859872611465,0.878249144279639,0.754986106486006,3778,"tags=35%, list=28%, signal=25%","DOK6/PIK3R3/FRS2/DOK1/PIK3CA/PIK3CB/PTPN11/SOS1/SHC1","REACTOME"
"REACTOME_SLC_MEDIATED_TRANSPORT_OF_ORGANIC_ANIONS","REACTOME_SLC_MEDIATED_TRANSPORT_OF_ORGANIC_ANIONS",16,0.330752391582096,0.830595646215839,0.703403565640194,0.878249144279639,0.754986106486006,3053,"tags=31%, list=22%, signal=24%","SLC17A5/SLCO4A1/SLC44A1/SLC25A10/SLC25A1","REACTOME"
"REACTOME_SYNTHESIS_OF_BILE_ACIDS_AND_BILE_SALTS","REACTOME_SYNTHESIS_OF_BILE_ACIDS_AND_BILE_SALTS",16,0.330042067608126,0.828811858659957,0.703403565640194,0.878249144279639,0.754986106486006,2104,"tags=19%, list=15%, signal=16%","OSBPL3/ACOT8/RXRA","REACTOME"
"REACTOME_NEGATIVE_REGULATION_OF_FGFR2_SIGNALING","REACTOME_NEGATIVE_REGULATION_OF_FGFR2_SIGNALING",18,0.322404839256072,0.828683118550748,0.705691056910569,0.878249144279639,0.754986106486006,2925,"tags=28%, list=22%, signal=22%","CBL/MKNK1/MAPK1/FRS2/PPP2CB","REACTOME"
"REACTOME_RESPIRATORY_SYNCYTIAL_VIRUS_RSV_GENOME_REPLICATION_TRANSCRIPTION_AND_TRANSLATION","REACTOME_RESPIRATORY_SYNCYTIAL_VIRUS_RSV_GENOME_REPLICATION_TRANSCRIPTION_AND_TRANSLATION",17,0.324017463958183,0.8228108626693,0.705787781350482,0.878249144279639,0.754986106486006,3045,"tags=24%, list=22%, signal=18%","FURIN/CSNK2A1/SPCS2/PPP1CB","REACTOME"
"REACTOME_NEGATIVE_REGULATION_OF_FGFR3_SIGNALING","REACTOME_NEGATIVE_REGULATION_OF_FGFR3_SIGNALING",17,0.323588190254837,0.821720763815192,0.709003215434084,0.878249144279639,0.754986106486006,2925,"tags=29%, list=22%, signal=23%","CBL/MKNK1/MAPK1/FRS2/PPP2CB","REACTOME"
"REACTOME_NEGATIVE_REGULATION_OF_FGFR4_SIGNALING","REACTOME_NEGATIVE_REGULATION_OF_FGFR4_SIGNALING",17,0.323588190254837,0.821720763815192,0.709003215434084,0.878249144279639,0.754986106486006,2925,"tags=29%, list=22%, signal=23%","CBL/MKNK1/MAPK1/FRS2/PPP2CB","REACTOME"
"REACTOME_RHOJ_GTPASE_CYCLE","REACTOME_RHOJ_GTPASE_CYCLE",46,0.279690811406876,0.868207657856928,0.710651828298887,0.879156900988314,0.75576645874434,4416,"tags=41%, list=33%, signal=28%","WIPF2/PAK4/ARHGAP26/ARHGAP35/DOCK8/STOM/PREX1/SLC1A5/ARHGAP1/SCRIB/VAMP3/SLC4A7/FMNL3/PAK2/TFRC/OCRL/DEPDC1B/DIAPH3/WAS","REACTOME"
"REACTOME_RHOA_GTPASE_CYCLE","REACTOME_RHOA_GTPASE_CYCLE",117,0.24434892601885,0.878778708845122,0.717598908594816,0.886608690155757,0.762172382765475,2111,"tags=20%, list=16%, signal=17%","ARHGAP26/PLEKHG3/ARHGEF12/ARHGAP35/DDRGK1/ARAP2/ARHGAP30/SOWAHC/ARHGDIA/SCFD1/PGRMC2/MACO1/RHPN1/LMAN1/STOM/GMIP/DOCK2/ARHGAP10/AKAP13/IQGAP1/PREX1/PKN1/OBSCN","REACTOME"
"REACTOME_TELOMERE_EXTENSION_BY_TELOMERASE","REACTOME_TELOMERE_EXTENSION_BY_TELOMERASE",20,-0.291431510961313,-0.828244767952795,0.719794344473008,0.888178111431989,0.763521534388903,2215,"tags=35%, list=16%, signal=29%","POT1/NHP2/WRAP53/GAR1/PIF1/SHQ1/RUVBL1","REACTOME"
"REACTOME_ROLE_OF_LAT2_NTAL_LAB_ON_CALCIUM_MOBILIZATION","REACTOME_ROLE_OF_LAT2_NTAL_LAB_ON_CALCIUM_MOBILIZATION",16,0.324952334976261,0.816030364490834,0.722852512155592,0.889750048440225,0.764872848659141,4603,"tags=44%, list=34%, signal=29%","PDPK1/PIK3CA/PIK3CB/SOS1/SHC1/LYN/LAT2","REACTOME"
"REACTOME_PKA_MEDIATED_PHOSPHORYLATION_OF_CREB","REACTOME_PKA_MEDIATED_PHOSPHORYLATION_OF_CREB",15,-0.30606637473145,-0.806920961521028,0.722921914357683,0.889750048440225,0.764872848659141,683,"tags=13%, list=5%, signal=13%","PRKACA/PRKAR1B","REACTOME"
"REACTOME_NEGATIVE_REGULATION_OF_FGFR1_SIGNALING","REACTOME_NEGATIVE_REGULATION_OF_FGFR1_SIGNALING",18,0.316741853878336,0.814127442544279,0.72520325203252,0.891415008900409,0.766304130458246,2925,"tags=28%, list=22%, signal=22%","CBL/MKNK1/MAPK1/FRS2/PPP2CB","REACTOME"
"REACTOME_RHO_GTPASES_ACTIVATE_CIT","REACTOME_RHO_GTPASES_ACTIVATE_CIT",18,0.315786035847957,0.811670685790847,0.731707317073171,0.897112419400056,0.77120190439654,3968,"tags=50%, list=29%, signal=35%","RHOC/RAC1/DLG4/MYH9/KIF14/PPP1CB/PPP1R12A/PRC1/CIT","REACTOME"
"REACTOME_ERK_MAPK_TARGETS","REACTOME_ERK_MAPK_TARGETS",22,0.29825799659961,0.81061556794437,0.73095623987034,0.897112419400056,0.77120190439654,5052,"tags=55%, list=37%, signal=34%","PPP2R1B/MAPK1/DUSP3/PPP2CB/DUSP4/RPS6KA3/DUSP7/MAPK14/RPS6KA2/RPS6KA5/MAPK7/PPP2R1A","REACTOME"
"REACTOME_LYSOSOME_VESICLE_BIOGENESIS","REACTOME_LYSOSOME_VESICLE_BIOGENESIS",30,0.285977201976196,0.827668560664917,0.734920634920635,0.897612989216043,0.771632218799756,4159,"tags=43%, list=31%, signal=30%","AP1G1/HGS/DNASE2/ARF1/VAMP2/DNM2/AP4M1/CLTA/BLOC1S1/DNAJC6/CHMP2A/GNS/AP1B1","REACTOME"
"REACTOME_RHO_GTPASES_ACTIVATE_NADPH_OXIDASES","REACTOME_RHO_GTPASES_ACTIVATE_NADPH_OXIDASES",21,0.304317058708722,0.814312031205973,0.73462783171521,0.897612989216043,0.771632218799756,2600,"tags=33%, list=19%, signal=27%","PRKCB/RAC1/MAPK1/RAC2/CYBA/NOXA1/PRKCD","REACTOME"
"REACTOME_TRISTETRAPROLIN_TTP_ZFP36_BINDS_AND_DESTABILIZES_MRNA","REACTOME_TRISTETRAPROLIN_TTP_ZFP36_BINDS_AND_DESTABILIZES_MRNA",17,0.314981611453019,0.79986519330968,0.734726688102894,0.897612989216043,0.771632218799756,1325,"tags=18%, list=10%, signal=16%","EXOSC3/ZFP36/DCP1A","REACTOME"
"REACTOME_ONCOGENE_INDUCED_SENESCENCE","REACTOME_ONCOGENE_INDUCED_SENESCENCE",33,0.277825028627327,0.819722224415163,0.737833594976452,0.900025732118671,0.773706331119559,2311,"tags=27%, list=17%, signal=23%","AGO4/ETS2/SP1/MAPK1/RB1/E2F2/MDM2/MDM4/TNRC6C","REACTOME"
"REACTOME_HEDGEHOG_OFF_STATE","REACTOME_HEDGEHOG_OFF_STATE",83,0.252616122940914,0.868998183426616,0.74207492795389,0.902904855305114,0.776181366841238,3600,"tags=31%, list=26%, signal=23%","PSMB5/ADCY7/TUBA1B/ADCY9/PSMC6/TUBB2A/ADRM1/SUFU/PSMB2/IFT172/TULP3/ITCH/PSMA5/PSMA6/GNAS/TUBB4B/PRKAR2B/PRKAR2A/TUBA4A/GSK3B/FUZ/PSMD12/PSMD1/PSMD3/TUBA3D/MKS1","REACTOME"
"REACTOME_AMPK_INDUCED_ERAD_AND_LYSOSOME_MEDIATED_DEGRADATION_OF_PD_L1_CD274","REACTOME_AMPK_INDUCED_ERAD_AND_LYSOSOME_MEDIATED_DEGRADATION_OF_PD_L1_CD274",53,-0.241201505877783,-0.849586092923707,0.742028985507246,0.902904855305114,0.776181366841238,2989,"tags=34%, list=22%, signal=27%","CD274/OS9/PSMD14/PRKAB2/RNF5/PSMD6/RPS27A/PSMA7/PSMB7/PSMD8/PSMC3/PSMB3/UBB/PSMA3/UBA52/PRKAG1/DERL2/PSMB1","REACTOME"
"REACTOME_NEGATIVE_REGULATION_OF_NOTCH4_SIGNALING","REACTOME_NEGATIVE_REGULATION_OF_NOTCH4_SIGNALING",44,-0.248733808661985,-0.848235152080152,0.75,0.911062460814241,0.783194045261365,2437,"tags=30%, list=18%, signal=24%","PSMD6/RPS27A/PSMA7/PSMB7/RBX1/PSMD8/PSMC3/PSMB3/UBB/PSMA3/UBA52/PSMB1/TACC3","REACTOME"
"REACTOME_INSULIN_RECEPTOR_SIGNALLING_CASCADE","REACTOME_INSULIN_RECEPTOR_SIGNALLING_CASCADE",29,-0.269731625532546,-0.823892331184849,0.750677506775068,0.911062460814241,0.783194045261365,1664,"tags=17%, list=12%, signal=15%","FLT3LG/MAPK3/GRB10/AKT2/THEM4","REACTOME"
"REACTOME_CILIUM_ASSEMBLY","REACTOME_CILIUM_ASSEMBLY",180,-0.208796154930803,-0.900393772869689,0.764192139737991,0.91158060792352,0.783639469969342,1738,"tags=13%, list=13%, signal=12%","DYNC2I1/EXOC4/TTC21B/EXOC7/ARL13B/ATAT1/IFT52/NEDD1/CCP110/CEP72/IFT46/CCT3/SSNA1/PLK4/DCTN2/PRKACA/FBF1/BBS9/PDE6D/CEP131/CCT2/CETN2/EXOC3/BBS2","REACTOME"
"REACTOME_HOST_INTERACTIONS_OF_HIV_FACTORS","REACTOME_HOST_INTERACTIONS_OF_HIV_FACTORS",117,0.238087515759558,0.856260115811545,0.765347885402456,0.91158060792352,0.783639469969342,1713,"tags=16%, list=13%, signal=14%","PSMB5/AP2B1/POM121C/AP1G1/RANBP2/POM121/PSMC6/PACS1/NUP58/CD4/ADRM1/PSMB2/ARF1/NUP88/RAC1/DOCK2/NUP214/NDC1/NUP160","REACTOME"
"REACTOME_FCGAMMA_RECEPTOR_FCGR_DEPENDENT_PHAGOCYTOSIS","REACTOME_FCGAMMA_RECEPTOR_FCGR_DEPENDENT_PHAGOCYTOSIS",80,0.248235059572544,0.847255006608687,0.760869565217391,0.91158060792352,0.783639469969342,2855,"tags=24%, list=21%, signal=19%","WIPF2/ITPR3/ACTB/MYO1C/RAC1/ELMO2/MYO5A/MAPK1/CD3G/PLD2/ITPR1/MYH9/LIMK1/NF2/CYFIP1/PLPP5/PRKCD/FCGR3A/ACTR3","REACTOME"
"REACTOME_STABILIZATION_OF_P53","REACTOME_STABILIZATION_OF_P53",44,-0.247778650103016,-0.844977858389817,0.763888888888889,0.91158060792352,0.783639469969342,2437,"tags=32%, list=18%, signal=26%","PSMD6/RPS27A/PSMA7/COP1/PSMB7/PSMD8/ATM/PSMC3/PHF20/PSMB3/UBB/PSMA3/UBA52/PSMB1","REACTOME"
"REACTOME_FBXL7_DOWN_REGULATES_AURKA_DURING_MITOTIC_ENTRY_AND_IN_EARLY_MITOSIS","REACTOME_FBXL7_DOWN_REGULATES_AURKA_DURING_MITOTIC_ENTRY_AND_IN_EARLY_MITOSIS",41,-0.253571495525562,-0.843691518129048,0.759002770083102,0.91158060792352,0.783639469969342,2437,"tags=29%, list=18%, signal=24%","PSMD6/RPS27A/PSMA7/PSMB7/RBX1/PSMD8/PSMC3/PSMB3/UBB/PSMA3/UBA52/PSMB1","REACTOME"
"REACTOME_GSK3B_MEDIATED_PROTEASOMAL_DEGRADATION_OF_PD_L1_CD274","REACTOME_GSK3B_MEDIATED_PROTEASOMAL_DEGRADATION_OF_PD_L1_CD274",44,-0.246470381435702,-0.840516384181907,0.763888888888889,0.91158060792352,0.783639469969342,2437,"tags=30%, list=18%, signal=24%","PSMD6/RPS27A/PSMA7/PSMB7/RBX1/PSMD8/PSMC3/PSMB3/COPS5/UBB/PSMA3/UBA52/PSMB1","REACTOME"
"REACTOME_SNRNP_ASSEMBLY","REACTOME_SNRNP_ASSEMBLY",54,0.260008702760378,0.839321146100849,0.764437689969605,0.91158060792352,0.783639469969342,2723,"tags=28%, list=20%, signal=22%","POM121C/RANBP2/POM121/NUP58/NUP88/NUP214/NDC1/NUP160/DDX20/NUP98/GEMIN7/SNRPD1/GEMIN8/GEMIN4/NUP210","REACTOME"
"REACTOME_TBC_RABGAPS","REACTOME_TBC_RABGAPS",43,-0.247923355091769,-0.838745792901173,0.758333333333333,0.91158060792352,0.783639469969342,976,"tags=21%, list=7%, signal=19%","TBC1D3/RAB35/OPTN/RAB5A/TBC1D7/TBC1D20/RABGEF1/TBC1D14/GABARAPL2","REACTOME"
"REACTOME_FORMATION_OF_TC_NER_PRE_INCISION_COMPLEX","REACTOME_FORMATION_OF_TC_NER_PRE_INCISION_COMPLEX",49,0.262513542401625,0.829520840359561,0.765258215962441,0.91158060792352,0.783639469969342,3017,"tags=31%, list=22%, signal=24%","ERCC3/ZNF830/POLR2A/ERCC8/ERCC6/COPS7B/CUL4A/USP7/AQR/COPS8/CDK7/PRPF19/ISY1/COPS2/UVSSA","REACTOME"
"REACTOME_PROCESSING_OF_CAPPED_INTRONLESS_PRE_MRNA","REACTOME_PROCESSING_OF_CAPPED_INTRONLESS_PRE_MRNA",29,-0.268701173748807,-0.820744827362847,0.753387533875339,0.91158060792352,0.783639469969342,2809,"tags=31%, list=21%, signal=25%","SNRPF/SNRPD3/PAPOLA/WDR33/CLP1/ZNF473/LSM11/SNRPB/CPSF4","REACTOME"
"REACTOME_DENGUE_VIRUS_ATTACHMENT_AND_ENTRY","REACTOME_DENGUE_VIRUS_ATTACHMENT_AND_ENTRY",29,0.28204437139012,0.814895485996083,0.756714060031596,0.91158060792352,0.783639469969342,816,"tags=10%, list=6%, signal=10%","AP2B1/HSPA5/FURIN","REACTOME"
"REACTOME_BUDDING_AND_MATURATION_OF_HIV_VIRION","REACTOME_BUDDING_AND_MATURATION_OF_HIV_VIRION",26,-0.271761128319506,-0.810882974364268,0.75668449197861,0.91158060792352,0.783639469969342,2006,"tags=23%, list=15%, signal=20%","CHMP7/PPIA/UBB/UBA52/CHMP4B/CHMP6","REACTOME"
"REACTOME_SPRY_REGULATION_OF_FGF_SIGNALING","REACTOME_SPRY_REGULATION_OF_FGF_SIGNALING",15,0.319065138378842,0.786569992822157,0.755371900826446,0.91158060792352,0.783639469969342,1692,"tags=20%, list=12%, signal=18%","CBL/MKNK1/MAPK1","REACTOME"
"REACTOME_GLUCONEOGENESIS","REACTOME_GLUCONEOGENESIS",17,-0.28948867853518,-0.78231729187944,0.760526315789474,0.91158060792352,0.783639469969342,2984,"tags=29%, list=22%, signal=23%","ENO1/TPI1/PGK1/FBP1/PGAM1","REACTOME"
"REACTOME_SIGNALLING_TO_RAS","REACTOME_SIGNALLING_TO_RAS",15,-0.295889168898876,-0.780089524309988,0.760705289672544,0.91158060792352,0.783639469969342,1635,"tags=20%, list=12%, signal=18%","MAPKAPK3/MAPK13/RALA","REACTOME"
"REACTOME_RHO_GTPASES_ACTIVATE_PAKS","REACTOME_RHO_GTPASES_ACTIVATE_PAKS",20,0.300187890545195,0.791851054049058,0.766721044045677,0.912084513362887,0.784072651838271,3111,"tags=40%, list=23%, signal=31%","FLNA/RAC1/MYH9/LIMK1/NF2/CTTN/PPP1CB/PPP1R12A","REACTOME"
"REACTOME_RECRUITMENT_OF_NUMA_TO_MITOTIC_CENTROSOMES","REACTOME_RECRUITMENT_OF_NUMA_TO_MITOTIC_CENTROSOMES",85,-0.224114698528243,-0.869027095483479,0.770226537216828,0.91512063827742,0.786682653957782,1265,"tags=12%, list=9%, signal=11%","NEDD1/CCP110/CEP72/SSNA1/PLK4/DCTN2/PRKACA/CEP131/CETN2/TUBGCP2","REACTOME"
"REACTOME_DISORDERS_OF_DEVELOPMENTAL_BIOLOGY","REACTOME_DISORDERS_OF_DEVELOPMENTAL_BIOLOGY",17,0.305365058288953,0.775444891057543,0.771704180064309,0.915742908358141,0.787217587886823,626,"tags=12%, list=5%, signal=11%","MECP2/NCOR1","REACTOME"
"REACTOME_INSULIN_RECEPTOR_RECYCLING","REACTOME_INSULIN_RECEPTOR_RECYCLING",23,0.292923739542387,0.802012856854358,0.774716369529984,0.918182363887388,0.789314663692667,1792,"tags=13%, list=13%, signal=11%","PTPN1/ATP6V1C1/TCIRG1","REACTOME"
"REACTOME_GLOBAL_GENOME_NUCLEOTIDE_EXCISION_REPAIR_GG_NER","REACTOME_GLOBAL_GENOME_NUCLEOTIDE_EXCISION_REPAIR_GG_NER",82,0.246184926271533,0.845623732507432,0.776657060518732,0.91872887452998,0.789784471087175,2955,"tags=27%, list=22%, signal=21%","ERCC3/RNF111/PIAS3/ACTL6A/RAD23A/PARP1/LIG3/ACTB/RAD23B/INO80/COPS7B/CUL4A/POLK/COPS8/ACTR8/CDK7/UBE2N/PARP2/XPC/RPA3/COPS2/ERCC1","REACTOME"
"REACTOME_INTEGRIN_CELL_SURFACE_INTERACTIONS","REACTOME_INTEGRIN_CELL_SURFACE_INTERACTIONS",38,-0.252468333173736,-0.828065429158187,0.779005524861878,0.91872887452998,0.789784471087175,1583,"tags=18%, list=12%, signal=16%","ITGA5/PECAM1/ITGA4/ITGA2B/ICAM2/COL18A1/ITGA6","REACTOME"
"REACTOME_PHASE_I_FUNCTIONALIZATION_OF_COMPOUNDS","REACTOME_PHASE_I_FUNCTIONALIZATION_OF_COMPOUNDS",44,0.262949433244979,0.815039764866483,0.778816199376947,0.91872887452998,0.789784471087175,2405,"tags=25%, list=18%, signal=21%","FDXR/CYB5R3/CYP4B1/CYP4F12/POR/BPHL/CYP2R1/EPHX1/RXRA/CYP4F22/ALDH1B1","REACTOME"
"REACTOME_GLUCAGON_SIGNALING_IN_METABOLIC_REGULATION","REACTOME_GLUCAGON_SIGNALING_IN_METABOLIC_REGULATION",20,0.297674165587478,0.785220221093929,0.778140293637847,0.91872887452998,0.789784471087175,3261,"tags=35%, list=24%, signal=27%","ADCY7/ADCY9/GNB4/GNAS/PRKAR2B/PRKAR2A/GNB2","REACTOME"
"REACTOME_DEADENYLATION_DEPENDENT_MRNA_DECAY","REACTOME_DEADENYLATION_DEPENDENT_MRNA_DECAY",56,-0.232068443922735,-0.829102451962219,0.780701754385965,0.919599612528253,0.790533000243586,2300,"tags=21%, list=17%, signal=18%","LSM3/LSM2/EXOSC1/EDC3/CNOT11/EIF4B/EXOSC5/EXOSC8/CNOT8/CNOT3/SKIC8/LSM4","REACTOME"
"REACTOME_DEADENYLATION_OF_MRNA","REACTOME_DEADENYLATION_OF_MRNA",25,0.284427890134157,0.79845048548779,0.782193958664547,0.920228186664173,0.791073353448149,744,"tags=12%, list=5%, signal=11%","PAN3/CNOT10/PARN","REACTOME"
"REACTOME_DEGRADATION_OF_GLI1_BY_THE_PROTEASOME","REACTOME_DEGRADATION_OF_GLI1_BY_THE_PROTEASOME",45,-0.242171091693496,-0.831671436390915,0.787292817679558,0.922834072005343,0.793313500495821,2437,"tags=29%, list=18%, signal=24%","PSMD6/RPS27A/PSMA7/PSMB7/RBX1/PSMD8/PSMC3/PSMB3/UBB/PSMA3/UBA52/PRKACA/PSMB1","REACTOME"
"REACTOME_ANTIGEN_PROCESSING_UB_ATP_INDEPENDENT_PROTEASOMAL_DEGRADATION","REACTOME_ANTIGEN_PROCESSING_UB_ATP_INDEPENDENT_PROTEASOMAL_DEGRADATION",19,0.301555881464164,0.781768944299504,0.786423841059603,0.922834072005343,0.793313500495821,2414,"tags=32%, list=18%, signal=26%","PSMB5/PSMB2/PSMB9/PSMA5/PSME2/PSMA6","REACTOME"
"REACTOME_RHO_GTPASES_ACTIVATE_ROCKS","REACTOME_RHO_GTPASES_ACTIVATE_ROCKS",18,-0.282539950783684,-0.767982523807914,0.785529715762274,0.922834072005343,0.793313500495821,1007,"tags=28%, list=7%, signal=26%","ROCK2/MYL6/PPP1R12B/MYL12B/LIMK2","REACTOME"
"REACTOME_INTRAFLAGELLAR_TRANSPORT","REACTOME_INTRAFLAGELLAR_TRANSPORT",47,0.26016341397037,0.813787598216816,0.789968652037618,0.924841348726967,0.795039054168796,3955,"tags=30%, list=29%, signal=21%","TUBA1B/DYNLT2B/TUBB2A/IFT172/DYNC2I2/KIFAP3/TUBB4B/TUBA4A/IFT25/TUBA3D/IFT81/KIF3B/IFT140/TRAF3IP1","REACTOME"
"REACTOME_REGULATION_OF_TP53_ACTIVITY_THROUGH_METHYLATION","REACTOME_REGULATION_OF_TP53_ACTIVITY_THROUGH_METHYLATION",19,0.300116165802558,0.778036551525735,0.791390728476821,0.925377709302982,0.795500136067476,3716,"tags=42%, list=27%, signal=31%","EP300/SETD9/JMY/MDM2/MDM4/EHMT1/TP53/TTC5","REACTOME"
"REACTOME_DEVELOPMENTAL_CELL_LINEAGES_OF_THE_INTEGUMENTARY_SYSTEM","REACTOME_DEVELOPMENTAL_CELL_LINEAGES_OF_THE_INTEGUMENTARY_SYSTEM",27,0.272523988244871,0.782783871045854,0.792452830188679,0.925492356424735,0.795598692365123,353,"tags=7%, list=3%, signal=7%","VIM/GATA3","REACTOME"
"REACTOME_RHOBTB_GTPASE_CYCLE","REACTOME_RHOBTB_GTPASE_CYCLE",34,-0.249874040384247,-0.792507231204448,0.793785310734463,0.925922112156846,0.795968131503254,1110,"tags=21%, list=8%, signal=19%","COPS4/SRRM1/ACTN1/CDC37/RBMX/CCT2/CCT7","REACTOME"
"REACTOME_ESR_MEDIATED_SIGNALING","REACTOME_ESR_MEDIATED_SIGNALING",166,0.227848222324644,0.855714232808515,0.798701298701299,0.929130061228856,0.798725842109017,1692,"tags=15%, list=12%, signal=13%","CREBBP/AXIN1/AKT1/GATA3/AGO4/KPNA2/POLR2A/CCND1/AGO2/EP300/RUNX1/JUN/H2AX/AKT3/FOS/PDPK1/UHMK1/TLE3/SP1/PIK3R3/HRAS/GNB4/GNAI3/FOSB/MAPK1","REACTOME"
"REACTOME_IMMUNOREGULATORY_INTERACTIONS_BETWEEN_A_LYMPHOID_AND_A_NON_LYMPHOID_CELL","REACTOME_IMMUNOREGULATORY_INTERACTIONS_BETWEEN_A_LYMPHOID_AND_A_NON_LYMPHOID_CELL",94,0.237933328170299,0.830968443918712,0.799438990182328,0.929130061228856,0.798725842109017,2886,"tags=21%, list=21%, signal=17%","CD40LG/CD81/ITGAL/ITGB7/SLAMF7/JAML/PILRB/NPDC1/LILRA6/KIR3DL2/NECTIN2/IFITM1/CD3G/SIGLEC7/KLRG1/HCST/KIR3DL1/FCGR3A/SH2D1A/MICB","REACTOME"
"REACTOME_CLASS_I_PEROXISOMAL_MEMBRANE_PROTEIN_IMPORT","REACTOME_CLASS_I_PEROXISOMAL_MEMBRANE_PROTEIN_IMPORT",20,0.290354029058729,0.76591078853972,0.797716150081566,0.929130061228856,0.798725842109017,2547,"tags=25%, list=19%, signal=20%","ABCD1/PEX13/PEX16/PEX2/ATAD1","REACTOME"
"REACTOME_CROSS_PRESENTATION_OF_SOLUBLE_EXOGENOUS_ANTIGENS_ENDOSOMES","REACTOME_CROSS_PRESENTATION_OF_SOLUBLE_EXOGENOUS_ANTIGENS_ENDOSOMES",39,0.257486613864822,0.786674387586778,0.801550387596899,0.930457523691685,0.799866994050746,3498,"tags=33%, list=26%, signal=25%","PSMB5/PSMC6/ADRM1/PSMB2/MRC2/PSMB9/PSMA5/PSME2/PSMA6/PSMD12/PSMB8/PSMD1/PSMD3","REACTOME"
"REACTOME_RNA_POLYMERASE_I_TRANSCRIPTION_TERMINATION","REACTOME_RNA_POLYMERASE_I_TRANSCRIPTION_TERMINATION",29,0.267264302340439,0.772192235114201,0.802527646129542,0.930466836092222,0.7998749994477,2539,"tags=17%, list=19%, signal=14%","ERCC3/POLR1H/POLR1A/CDK7/TAF1A","REACTOME"
"REACTOME_ADORA2B_MEDIATED_ANTI_INFLAMMATORY_CYTOKINES_PRODUCTION","REACTOME_ADORA2B_MEDIATED_ANTI_INFLAMMATORY_CYTOKINES_PRODUCTION",27,0.267261213278446,0.767667347222784,0.80503144654088,0.93138871274572,0.800667489904215,3261,"tags=30%, list=24%, signal=23%","ADCY7/ADCY9/GNB4/GNAI3/GNAS/PRKAR2B/PRKAR2A/GNB2","REACTOME"
"REACTOME_TRANSLESION_SYNTHESIS_BY_POLK","REACTOME_TRANSLESION_SYNTHESIS_BY_POLK",17,-0.280931348597588,-0.759191872203719,0.805263157894737,0.93138871274572,0.800667489904215,2682,"tags=41%, list=20%, signal=33%","REV3L/RFC4/RFC5/PCNA/RPS27A/UBB/UBA52","REACTOME"
"REACTOME_AURKA_ACTIVATION_BY_TPX2","REACTOME_AURKA_ACTIVATION_BY_TPX2",72,-0.222541512762057,-0.831127883021527,0.808049535603715,0.933486828134256,0.802471132957518,1265,"tags=12%, list=9%, signal=11%","NEDD1/CCP110/CEP72/SSNA1/PLK4/DCTN2/PRKACA/CEP131/CETN2","REACTOME"
"REACTOME_MRNA_POLYADENYLATION","REACTOME_MRNA_POLYADENYLATION",126,-0.215589032775963,-0.874011552925748,0.812,0.934119923074276,0.80301537246736,1659,"tags=17%, list=12%, signal=15%","CLP1/SNRPA1/U2AF1L4/UBB/HNRNPA1/SRSF6/SRSF5/POLR2J/POLR2C/GTF2F2/YBX1/PPP1R8/DHX9/UBA52/SNRPB/SNRPD2/CPSF4/SUGP1/POLR2G/RBMX/XRN2/SF3B5","REACTOME"
"REACTOME_PROGRAMMED_CELL_DEATH","REACTOME_PROGRAMMED_CELL_DEATH",177,0.224497354400413,0.850367257509408,0.816300129366106,0.934119923074276,0.80301537246736,2600,"tags=22%, list=19%, signal=18%","LMNA/VIM/TICAM1/PSMB5/AKT1/TNFRSF10B/NMT1/PLEC/CLSPN/PSMC6/H1-1/GZMB/ACIN1/AKT3/TP53BP2/ADRM1/SPTAN1/PSMB2/BAX/STK24/SEPTIN4/RIPK1/MAPK1/CHMP4A/BAK1/ARHGAP10/DNM1L/YWHAQ/CHMP2B/ITCH/PSMA5/YWHAE/PRKN/PSMA6/LMNB1/FASLG/PPP3R1/CASP1/PRKCD","REACTOME"
"REACTOME_REGULATION_OF_PLK1_ACTIVITY_AT_G2_M_TRANSITION","REACTOME_REGULATION_OF_PLK1_ACTIVITY_AT_G2_M_TRANSITION",87,-0.217813561763489,-0.849821007757568,0.817275747508306,0.934119923074276,0.80301537246736,1461,"tags=14%, list=11%, signal=12%","UBB/NEDD1/CCP110/CEP72/PPP1R12B/UBA52/SSNA1/PLK4/DCTN2/PRKACA/CEP131/CETN2","REACTOME"
"REACTOME_RHO_GTPASES_ACTIVATE_FORMINS","REACTOME_RHO_GTPASES_ACTIVATE_FORMINS",127,0.22969141272573,0.837428590029665,0.812250332889481,0.934119923074276,0.80301537246736,3531,"tags=28%, list=26%, signal=21%","CENPE/TAOK1/RHOC/TUBA1B/RANBP2/CENPI/PPP2R1B/TUBB2A/ACTB/FMNL2/RAC1/FMNL1/PPP2R5A/NUP160/SGO1/PAFAH1B1/NUP98/PMF1/CLASP2/CENPN/PPP2R5E/MRTFA/TUBB4B/PPP2CB/CENPA/TUBA4A/ERCC6L/CENPQ/NDEL1/CENPM/BUB3/NDE1/FMNL3/AHCTF1/TUBA3D/CLASP1","REACTOME"
"REACTOME_TNFR1_INDUCED_NF_KAPPA_B_SIGNALING_PATHWAY","REACTOME_TNFR1_INDUCED_NF_KAPPA_B_SIGNALING_PATHWAY",32,-0.244360183601812,-0.774411745909386,0.818181818181818,0.934119923074276,0.80301537246736,2422,"tags=31%, list=18%, signal=26%","RPS27A/OPTN/TAB2/BIRC3/UBB/IKBKG/TRADD/UBA52/RACK1/TRAF1","REACTOME"
"REACTOME_GLUCAGON_LIKE_PEPTIDE_1_GLP1_REGULATES_INSULIN_SECRETION","REACTOME_GLUCAGON_LIKE_PEPTIDE_1_GLP1_REGULATES_INSULIN_SECRETION",25,0.275691405949973,0.773925288486091,0.815580286168522,0.934119923074276,0.80301537246736,3261,"tags=32%, list=24%, signal=24%","ITPR3/GNB4/IQGAP1/ITPR1/GNAS/PRKAR2B/PRKAR2A/GNB2","REACTOME"
"REACTOME_SIGNALING_BY_CSF1_M_CSF_IN_MYELOID_CELLS","REACTOME_SIGNALING_BY_CSF1_M_CSF_IN_MYELOID_CELLS",30,0.26706362514068,0.772929326878792,0.812698412698413,0.934119923074276,0.80301537246736,3778,"tags=33%, list=28%, signal=24%","CBL/STAT1/GAB3/STAT3/PIK3CA/PIK3CB/PTPN11/CSF1/SOS1/SHC1","REACTOME"
"REACTOME_SYNTHESIS_OF_GLYCOSYLPHOSPHATIDYLINOSITOL_GPI","REACTOME_SYNTHESIS_OF_GLYCOSYLPHOSPHATIDYLINOSITOL_GPI",17,0.293761228506833,0.745978092951479,0.818327974276527,0.934119923074276,0.80301537246736,2556,"tags=29%, list=19%, signal=24%","PIGX/PIGB/PIGA/PIGP/PIGQ","REACTOME"
"REACTOME_COBALAMIN_CBL_VITAMIN_B12_TRANSPORT_AND_METABOLISM","REACTOME_COBALAMIN_CBL_VITAMIN_B12_TRANSPORT_AND_METABOLISM",15,-0.28219665812033,-0.743990250181112,0.811083123425693,0.934119923074276,0.80301537246736,1537,"tags=47%, list=11%, signal=41%","MMUT/CD320/AMN/TCN2/MTRR/MMAB/LDLRAP1","REACTOME"
"REACTOME_INSERTION_OF_TAIL_ANCHORED_PROTEINS_INTO_THE_ENDOPLASMIC_RETICULUM_MEMBRANE","REACTOME_INSERTION_OF_TAIL_ANCHORED_PROTEINS_INTO_THE_ENDOPLASMIC_RETICULUM_MEMBRANE",22,0.273417319324605,0.74310274365476,0.815235008103728,0.934119923074276,0.80301537246736,2752,"tags=23%, list=20%, signal=18%","EMD/BAG6/VAPA/VAMP2/STX1A","REACTOME"
"REACTOME_DNA_DOUBLE_STRAND_BREAK_REPAIR","REACTOME_DNA_DOUBLE_STRAND_BREAK_REPAIR",150,0.226920380492855,0.84156638162577,0.819736842105263,0.934137913249781,0.803030837705952,2955,"tags=27%, list=22%, signal=21%","HUS1/KPNA2/POLH/CLSPN/H2AX/RAD51AP1/PARP1/LIG3/ATRIP/RNF4/PRKDC/POLL/DCLRE1C/BARD1/RBBP8/NSD2/POLK/HERC2/RMI1/RAD9B/BABAM2/PIAS4/PALB2/RAD51B/BAZ1B/BRCA1/FEN1/NBN/UBE2N/TOP3A/PARP2/RAD17/H4C8/CDK2/ATR/SIRT6/RPA3/TDP2/SMARCA5/ERCC1","REACTOME"
"REACTOME_DUAL_INCISION_IN_TC_NER","REACTOME_DUAL_INCISION_IN_TC_NER",61,-0.223750566741389,-0.819511669325855,0.820289855072464,0.934137913249781,0.803030837705952,2682,"tags=30%, list=20%, signal=24%","PCNA/ERCC5/XPA/RPS27A/RBX1/POLD2/GTF2H2/UBB/POLE4/POLR2J/PPIE/POLR2C/GTF2H5/POLD4/UBA52/POLE3/XAB2/POLR2G","REACTOME"
"REACTOME_MRNA_SPLICING","REACTOME_MRNA_SPLICING",211,-0.201592895695259,-0.884428020646201,0.845070422535211,0.935522272362338,0.804220900802711,1806,"tags=18%, list=13%, signal=15%","SNIP1/PPIL4/PRPF38A/SRRM1/STEEP1/SNRPA1/U2AF1L4/HNRNPA1/GPATCH1/SRSF6/SMU1/SRSF5/POLR2J/PPIE/IK/TXNL4A/POLR2C/GTF2F2/YBX1/FAM32A/ZMAT5/PPP1R8/DHX9/SNRPB/DHX38/SNU13/SNRPD2/SNRNP25/CTNNBL1/PRKRIP1/XAB2/SUGP1/WDR70/POLR2G/RBMX/LSM4/SF3B5","REACTOME"
"REACTOME_MRNA_3_END_PROCESSING","REACTOME_MRNA_3_END_PROCESSING",149,-0.206467924370514,-0.869861888512683,0.836734693877551,0.935522272362338,0.804220900802711,1689,"tags=17%, list=12%, signal=15%","SRRM1/CLP1/SNRPA1/U2AF1L4/UBB/HNRNPA1/SRSF6/SRSF5/POLR2J/POLR2C/GTF2F2/YBX1/PPP1R8/DHX9/UBA52/SNRPB/DDX39A/DHX38/SNRPD2/CPSF4/SUGP1/POLR2G/RBMX/XRN2/SF3B5","REACTOME"
"REACTOME_PROCESSING_OF_CAPPED_INTRON_CONTAINING_PRE_MRNA","REACTOME_PROCESSING_OF_CAPPED_INTRON_CONTAINING_PRE_MRNA",289,0.213231406326226,0.856135881194067,0.843043995243757,0.935522272362338,0.804220900802711,1937,"tags=15%, list=14%, signal=13%","U2AF2/SRSF12/CDC5L/DHX16/CHTOP/CPSF2/SF3B4/SRRM2/TFIP11/POM121C/GLE1/DDX23/ZNF830/POLR2A/RANBP2/PABPN1/CHERP/RNPS1/POM121/SF1/WBP11/NUP58/ACIN1/SYF2/CDC40/HNRNPL/RBM17/NUP88/RBM22/DHX15/NUP214/HNRNPH2/NDC1/TCERG1/NUP160/RBBP6/PCBP1/ZCRB1/NUP98/RNF113A/PRPF18/AQR","REACTOME"
"REACTOME_EPIGENETIC_REGULATION_OF_GENE_EXPRESSION_BY_MLL3_AND_MLL4_COMPLEXES","REACTOME_EPIGENETIC_REGULATION_OF_GENE_EXPRESSION_BY_MLL3_AND_MLL4_COMPLEXES",99,-0.213115785835369,-0.840076207101593,0.857142857142857,0.935522272362338,0.804220900802711,1159,"tags=13%, list=9%, signal=12%","H4C2/H3C1/DPY30/CDK5/H2BC4/H4C5/H2BC8/H2AC6/PPARG/H3C10/H2BC21/H2BC5/H2AC8","REACTOME"
"REACTOME_BIOLOGICAL_OXIDATIONS","REACTOME_BIOLOGICAL_OXIDATIONS",97,0.22799131643739,0.799817655604969,0.846368715083799,0.935522272362338,0.804220900802711,3212,"tags=25%, list=24%, signal=19%","GGT1/ACSM1/GCLC/FDXR/GCLM/MTR/CYB5R3/CYP4B1/CYP4F12/POR/BPNT2/BPHL/CYP2R1/EPHX1/RXRA/CYP4F22/ALDH1B1/CHAC2/PAOX/SULT2B1/HEMK2/TPST2/ARNT/SULT1A1","REACTOME"
"REACTOME_DNA_DAMAGE_BYPASS","REACTOME_DNA_DAMAGE_BYPASS",47,-0.229808071941918,-0.797507636461931,0.82967032967033,0.935522272362338,0.804220900802711,1983,"tags=21%, list=15%, signal=18%","RBX1/POLD2/NPLOC4/UBB/POLE4/UFD1/POLD4/UBA52/POLE3/USP10","REACTOME"
"REACTOME_CELL_SURFACE_INTERACTIONS_AT_THE_VASCULAR_WALL","REACTOME_CELL_SURFACE_INTERACTIONS_AT_THE_VASCULAR_WALL",87,0.230945087490786,0.796907627721985,0.853067047075606,0.935522272362338,0.804220900802711,1145,"tags=11%, list=8%, signal=11%","CD84/CD2/TNFRSF10B/ITGAL/L1CAM/SPN/JAML/TGFB1/ANGPT2/CD99L2","REACTOME"
"REACTOME_EPH_EPHRIN_SIGNALING","REACTOME_EPH_EPHRIN_SIGNALING",71,0.236138353276599,0.796232918097377,0.851411589895988,0.935522272362338,0.804220900802711,3493,"tags=27%, list=26%, signal=20%","AP2B1/EFNA5/PSEN1/NCSTN/ACTB/NCK2/RAC1/HRAS/MYH9/LIMK1/EFNA4/PSENEN/EPHB4/CLTA/ACTR3/PSEN2/VAV3/DNM1/KALRN","REACTOME"
"REACTOME_MAPK6_MAPK4_SIGNALING","REACTOME_MAPK6_MAPK4_SIGNALING",69,0.237791796541293,0.796036607936052,0.843517138599106,0.935522272362338,0.804220900802711,2730,"tags=23%, list=20%, signal=19%","PSMB5/AGO4/AGO2/JUN/PSMC6/ADRM1/PSMB2/CDC42EP3/RAC1/CDK1/PSMA5/FOXO1/TNRC6C/PSMA6/FOXO3/MAPK6","REACTOME"
"REACTOME_DEGRADATION_OF_CRY_AND_PER_PROTEINS","REACTOME_DEGRADATION_OF_CRY_AND_PER_PROTEINS",48,-0.226985046939877,-0.794091658807343,0.836021505376344,0.935522272362338,0.804220900802711,2437,"tags=27%, list=18%, signal=22%","PSMD6/RPS27A/PSMA7/PSMB7/RBX1/PSMD8/PSMC3/PSMB3/UBB/PSMA3/UBA52/CRY2/PSMB1","REACTOME"
"REACTOME_TRANSCRIPTION_OF_THE_HIV_GENOME","REACTOME_TRANSCRIPTION_OF_THE_HIV_GENOME",66,0.237328918504859,0.787254555208109,0.855007473841555,0.935522272362338,0.804220900802711,1840,"tags=14%, list=14%, signal=12%","ERCC3/RNGTT/POLR2A/CCNK/TAF4/NELFA/CCNT2/TAF12/SUPT5H","REACTOME"
"REACTOME_VIF_MEDIATED_DEGRADATION_OF_APOBEC3G","REACTOME_VIF_MEDIATED_DEGRADATION_OF_APOBEC3G",41,-0.234305612383002,-0.779589430617383,0.839335180055402,0.935522272362338,0.804220900802711,2557,"tags=41%, list=19%, signal=34%","PSMA4/ELOB/PSMD7/PSMD14/CUL5/PSMD6/RPS27A/PSMA7/PSMB7/RBX1/PSMD8/PSMC3/PSMB3/UBB/PSMA3/UBA52/PSMB1","REACTOME"
"REACTOME_INTERLEUKIN_12_FAMILY_SIGNALING","REACTOME_INTERLEUKIN_12_FAMILY_SIGNALING",47,0.248849657188228,0.778398321846094,0.838557993730408,0.935522272362338,0.804220900802711,2984,"tags=32%, list=22%, signal=25%","STAT4/PITPNA/ARF1/STAT1/LCP1/IL12RB1/MTAP/IL23R/PSME2/LMNB1/JAK2/BOLA2/BOLA2B/STAT3/HNRNPF","REACTOME"
"REACTOME_PLASMA_LIPOPROTEIN_ASSEMBLY_REMODELING_AND_CLEARANCE","REACTOME_PLASMA_LIPOPROTEIN_ASSEMBLY_REMODELING_AND_CLEARANCE",48,0.248774177283166,0.777182068205795,0.841269841269841,0.935522272362338,0.804220900802711,816,"tags=8%, list=6%, signal=8%","CETP/AP2B1/LDLR/FURIN","REACTOME"
"REACTOME_ASYMMETRIC_LOCALIZATION_OF_PCP_PROTEINS","REACTOME_ASYMMETRIC_LOCALIZATION_OF_PCP_PROTEINS",42,-0.230861897722093,-0.774257626855199,0.84225352112676,0.935522272362338,0.804220900802711,2437,"tags=29%, list=18%, signal=24%","PSMD6/RPS27A/PSMA7/PSMB7/PSMD8/PSMC3/PSMB3/UBB/DVL2/PSMA3/UBA52/PSMB1","REACTOME"
"REACTOME_SPOP_MEDIATED_PROTEASOMAL_DEGRADATION_OF_PD_L1_CD274","REACTOME_SPOP_MEDIATED_PROTEASOMAL_DEGRADATION_OF_PD_L1_CD274",46,0.248343054213795,0.770898909261393,0.858505564387917,0.935522272362338,0.804220900802711,1166,"tags=13%, list=9%, signal=12%","PSMB5/CCND1/PSMC6/CSNK2A1/ADRM1/PSMB2","REACTOME"
"REACTOME_INACTIVATION_OF_CSF3_G_CSF_SIGNALING","REACTOME_INACTIVATION_OF_CSF3_G_CSF_SIGNALING",24,-0.25892773406326,-0.758713714702253,0.828496042216359,0.935522272362338,0.804220900802711,3412,"tags=50%, list=25%, signal=38%","STAT5B/UBE2D1/ELOB/RNF7/CUL5/SOCS3/RPS27A/HCK/UBB/UBE2D2/UBA52/UBE2D3","REACTOME"
"REACTOME_DOWNREGULATION_OF_TGF_BETA_RECEPTOR_SIGNALING","REACTOME_DOWNREGULATION_OF_TGF_BETA_RECEPTOR_SIGNALING",25,-0.254994230997455,-0.755157017096636,0.833780160857909,0.935522272362338,0.804220900802711,2594,"tags=36%, list=19%, signal=29%","SMAD2/SMURF2/USP15/RPS27A/PPP1CC/XPO1/UBB/UBA52/SMAD3","REACTOME"
"REACTOME_DEGRADATION_OF_AXIN","REACTOME_DEGRADATION_OF_AXIN",42,0.244096415744183,0.754023930160492,0.853168469860896,0.935522272362338,0.804220900802711,1582,"tags=14%, list=12%, signal=13%","AXIN1/PSMB5/PSMC6/ADRM1/PSMB2/TNKS2","REACTOME"
"REACTOME_NCAM_SIGNALING_FOR_NEURITE_OUT_GROWTH","REACTOME_NCAM_SIGNALING_FOR_NEURITE_OUT_GROWTH",34,0.253274856033702,0.753665748178134,0.82716049382716,0.935522272362338,0.804220900802711,3307,"tags=29%, list=24%, signal=22%","CACNA1I/SPTAN1/COL6A1/HRAS/MAPK1/ST8SIA4/COL9A2/CACNB1/CACNB3/NRAS","REACTOME"
"REACTOME_FANCONI_ANEMIA_PATHWAY","REACTOME_FANCONI_ANEMIA_PATHWAY",36,0.250271663652341,0.750613263708052,0.845794392523365,0.935522272362338,0.804220900802711,3708,"tags=36%, list=27%, signal=26%","FANCA/FANCG/ATRIP/FANCC/FANCF/ATR/RPA3/DCLRE1A/ERCC1/FANCD2/FANCL/USP1/ERCC4","REACTOME"
"REACTOME_FCGR3A_MEDIATED_IL10_SYNTHESIS","REACTOME_FCGR3A_MEDIATED_IL10_SYNTHESIS",34,0.252069200611135,0.750078099525111,0.82716049382716,0.935522272362338,0.804220900802711,3002,"tags=24%, list=22%, signal=18%","ITPR3/ADCY7/ADCY9/CD3G/ITPR1/PRKAR2B/FCGR3A/PRKAR2A","REACTOME"
"REACTOME_NUCLEOTIDE_CATABOLISM","REACTOME_NUCLEOTIDE_CATABOLISM",25,-0.252304398579627,-0.747191166978413,0.839142091152815,0.935522272362338,0.804220900802711,3839,"tags=48%, list=28%, signal=34%","NUDT16/ITPA/NUDT5/ENTPD4/NUDT9/ADPRM/PNP/ENTPD1/NT5C2/ENTPD6/DNPH1/UPP1","REACTOME"
"REACTOME_TRANSFERRIN_ENDOCYTOSIS_AND_RECYCLING","REACTOME_TRANSFERRIN_ENDOCYTOSIS_AND_RECYCLING",23,-0.257460407479989,-0.744536185363229,0.844155844155844,0.935522272362338,0.804220900802711,3338,"tags=30%, list=25%, signal=23%","ATP6V1H/ATP6V0A1/ATP6V0E1/ATP6V1G1/MCOLN1/ATP6V1E2/ATP6V1C2","REACTOME"
"REACTOME_SIGNAL_AMPLIFICATION","REACTOME_SIGNAL_AMPLIFICATION",19,-0.265336555977499,-0.742924630406141,0.829145728643216,0.935522272362338,0.804220900802711,1483,"tags=26%, list=11%, signal=23%","GNB5/GNG11/TBXA2R/GNAQ/GNA13","REACTOME"
"REACTOME_TRAFFICKING_OF_AMPA_RECEPTORS","REACTOME_TRAFFICKING_OF_AMPA_RECEPTORS",17,0.2900431828712,0.736536477368397,0.842443729903537,0.935522272362338,0.804220900802711,2205,"tags=24%, list=16%, signal=20%","AP2B1/PRKCB/DLG4/MDM2","REACTOME"
"REACTOME_FORMATION_OF_FIBRIN_CLOT_CLOTTING_CASCADE","REACTOME_FORMATION_OF_FIBRIN_CLOT_CLOTTING_CASCADE",16,0.291505711664023,0.732038168483173,0.826580226904376,0.935522272362338,0.804220900802711,115,"tags=6%, list=1%, signal=6%","F2R","REACTOME"
"REACTOME_PROCESSIVE_SYNTHESIS_ON_THE_C_STRAND_OF_THE_TELOMERE","REACTOME_PROCESSIVE_SYNTHESIS_ON_THE_C_STRAND_OF_THE_TELOMERE",19,0.280221667175497,0.726461032210607,0.850993377483444,0.935522272362338,0.804220900802711,2798,"tags=21%, list=21%, signal=17%","TINF2/ACD/FEN1/RPA3","REACTOME"
"REACTOME_BILE_ACID_AND_BILE_SALT_METABOLISM","REACTOME_BILE_ACID_AND_BILE_SALT_METABOLISM",19,0.279915102816414,0.72566627903187,0.850993377483444,0.935522272362338,0.804220900802711,2104,"tags=16%, list=15%, signal=13%","OSBPL3/ACOT8/RXRA","REACTOME"
"REACTOME_PURINERGIC_SIGNALING_IN_LEISHMANIASIS_INFECTION","REACTOME_PURINERGIC_SIGNALING_IN_LEISHMANIASIS_INFECTION",22,0.266216641519545,0.723532500459004,0.844408427876823,0.935522272362338,0.804220900802711,4859,"tags=50%, list=36%, signal=32%","RELA/NFKB1/P2RX7/CASP1/IL1B/P2RX4/ENTPD5/PSTPIP1/C3AR1/APP/IL18","REACTOME"
"REACTOME_CASPASE_ACTIVATION_VIA_EXTRINSIC_APOPTOTIC_SIGNALLING_PATHWAY","REACTOME_CASPASE_ACTIVATION_VIA_EXTRINSIC_APOPTOTIC_SIGNALLING_PATHWAY",22,0.266157171979767,0.723370872152932,0.844408427876823,0.935522272362338,0.804220900802711,502,"tags=9%, list=4%, signal=9%","TICAM1/TNFRSF10B","REACTOME"
"REACTOME_AZATHIOPRINE_ADME","REACTOME_AZATHIOPRINE_ADME",18,0.281081608007293,0.722469253340637,0.858536585365854,0.935522272362338,0.804220900802711,1542,"tags=17%, list=11%, signal=15%","ABCC4/RAC1/NME2","REACTOME"
"REACTOME_LDL_CLEARANCE","REACTOME_LDL_CLEARANCE",16,0.287433466014779,0.721811819127377,0.839546191247974,0.935522272362338,0.804220900802711,673,"tags=12%, list=5%, signal=12%","AP2B1/LDLR","REACTOME"
"REACTOME_PIWI_INTERACTING_RNA_PIRNA_BIOGENESIS","REACTOME_PIWI_INTERACTING_RNA_PIRNA_BIOGENESIS",18,-0.264681917263989,-0.719441927638553,0.852713178294574,0.935522272362338,0.804220900802711,1211,"tags=22%, list=9%, signal=20%","PIWIL4/POLR2J/POLR2C/POLR2G","REACTOME"
"REACTOME_KERATINIZATION","REACTOME_KERATINIZATION",19,0.276010451513976,0.715543660591323,0.854304635761589,0.935522272362338,0.804220900802711,816,"tags=11%, list=6%, signal=10%","KRTAP16-1/FURIN","REACTOME"
"REACTOME_SUMOYLATION_OF_TRANSCRIPTION_FACTORS","REACTOME_SUMOYLATION_OF_TRANSCRIPTION_FACTORS",15,0.285157788079514,0.702980464937435,0.851239669421488,0.935522272362338,0.804220900802711,2205,"tags=20%, list=16%, signal=17%","PIAS3/PIAS4/MDM2","REACTOME"
"REACTOME_SIGNALING_BY_ERBB2_IN_CANCER","REACTOME_SIGNALING_BY_ERBB2_IN_CANCER",16,0.279600393757728,0.702141165554535,0.855753646677472,0.935522272362338,0.804220900802711,3778,"tags=31%, list=28%, signal=23%","HRAS/PIK3CA/NRAS/SOS1/SHC1","REACTOME"
"REACTOME_DAG1_GLYCOSYLATIONS","REACTOME_DAG1_GLYCOSYLATIONS",16,0.279339430915758,0.70148582758607,0.855753646677472,0.935522272362338,0.804220900802711,1134,"tags=12%, list=8%, signal=11%","SLC35A4/B3GALNT2","REACTOME"
"REACTOME_PEROXISOMAL_PROTEIN_IMPORT","REACTOME_PEROXISOMAL_PROTEIN_IMPORT",53,0.238980507266169,0.767024967884001,0.859969558599696,0.936021288271778,0.804649879391528,2286,"tags=23%, list=17%, signal=19%","PHYH/CRAT/USP9X/CROT/HMGCL/IDH1/PEX13/ACOT8/MLYCD/EHHADH/ECI2/PEX2","REACTOME"
"REACTOME_SIGNALING_BY_RETINOIC_ACID","REACTOME_SIGNALING_BY_RETINOIC_ACID",25,-0.244297035049701,-0.723477623599749,0.863270777479893,0.938550335651978,0.806823972753455,3170,"tags=36%, list=23%, signal=28%","AKR1C3/ALDH1A1/DHRS4/PDHX/DLD/DHRS3/PDK2/PDK1/PDK3","REACTOME"
"REACTOME_EPHB_MEDIATED_FORWARD_SIGNALING","REACTOME_EPHB_MEDIATED_FORWARD_SIGNALING",33,-0.231679885926864,-0.736947230056197,0.865753424657534,0.939652380438303,0.807771344587313,2737,"tags=27%, list=20%, signal=22%","RASA1/ROCK2/CDC42/ARPC3/ARPC5/TIAM1/ARPC4/ARPC2/LIMK2","REACTOME"
"REACTOME_SIGNALING_BY_TYPE_1_INSULIN_LIKE_GROWTH_FACTOR_1_RECEPTOR_IGF1R","REACTOME_SIGNALING_BY_TYPE_1_INSULIN_LIKE_GROWTH_FACTOR_1_RECEPTOR_IGF1R",26,0.253364905219535,0.718360930880789,0.86624203821656,0.939652380438303,0.807771344587313,3990,"tags=42%, list=29%, signal=30%","PDPK1/HRAS/FRS2/IGF1R/PIK3CA/NRAS/PIK3CB/PTPN11/SOS1/SHC1/PIK3R4","REACTOME"
"REACTOME_TP53_REGULATES_METABOLIC_GENES","REACTOME_TP53_REGULATES_METABOLIC_GENES",72,0.229824199195284,0.777315947005495,0.867452135493373,0.93989200735774,0.807977339658408,969,"tags=11%, list=7%, signal=10%","SESN2/AKT1/AGO4/GPX2/AGO2/TIGAR/GLS/AKT3","REACTOME"
"REACTOME_METABOLISM_OF_STEROID_HORMONES","REACTOME_METABOLISM_OF_STEROID_HORMONES",17,-0.258630759981656,-0.698926523722351,0.868421052631579,0.93989200735774,0.807977339658408,3129,"tags=41%, list=23%, signal=32%","SRD5A1/STS/HSD17B1/STARD3/HSD17B14/POMC/AKR1B1","REACTOME"
"REACTOME_CELL_CYCLE_CHECKPOINTS","REACTOME_CELL_CYCLE_CHECKPOINTS",273,-0.197802008780109,-0.893586004551528,0.870588235294118,0.941176470588235,0.809081527347781,1793,"tags=21%, list=13%, signal=18%","MCM7/PSMD6/RPS27A/PSMA7/MIS12/B9D2/COP1/RAD9A/PSMB7/PPP1CC/CDKN1B/NUP85/RBX1/ZWILCH/PSMD8/ATM/XPO1/DYNC1LI1/H4C2/RAD1/PSMC3/PHF20/PSMB3/ABRAXAS1/KNL1/UBB/CENPC/ANAPC16/YWHAB/NUP107/ANAPC2/TOPBP1/DSN1/KNTC1/KIF2A/ANAPC10/UIMC1/CDC23/BABAM1/CENPH/PSMA3/H2BC4/ITGB3BP/UBA52/H4C5/SEH1L/PLK3/H2BC8/MAD2L1/PSMB1/CENPO/H2BC21/ZWINT/ANAPC11/H2BC5/ANAPC5/CHEK1","REACTOME"
"REACTOME_DEATH_RECEPTOR_SIGNALING","REACTOME_DEATH_RECEPTOR_SIGNALING",140,-0.205573135842942,-0.843544220078544,0.880851063829787,0.941547956510818,0.809400874895265,1579,"tags=17%, list=12%, signal=15%","VAV1/NSMAF/UBB/UBE2D2/IKBKG/SMPD2/TRADD/FADD/CASP8/UBE2L3/ARHGEF4/FGD2/MCF2L/ITGB3BP/UBA52/HDAC1/BEX3/MAGED1/PLEKHG2/RACK1/UBE2D3/TRAF1/GNA13/ARHGEF6","REACTOME"
"REACTOME_RESOLUTION_OF_SISTER_CHROMATID_COHESION","REACTOME_RESOLUTION_OF_SISTER_CHROMATID_COHESION",115,0.22320698375776,0.80112262315316,0.879616963064295,0.941547956510818,0.809400874895265,3548,"tags=30%, list=26%, signal=22%","CENPE/TAOK1/TUBA1B/RANBP2/CENPI/PPP2R1B/TUBB2A/PPP2R5A/NUP160/SGO1/PAFAH1B1/NUP98/PMF1/CLASP2/PDS5B/CDK1/CENPN/PPP2R5E/HDAC8/TUBB4B/PPP2CB/CCNB1/CENPA/TUBA4A/ERCC6L/CENPQ/NDEL1/CENPM/BUB3/NDE1/AHCTF1/TUBA3D/CLASP1/CDCA5","REACTOME"
"REACTOME_P53_DEPENDENT_G1_DNA_DAMAGE_RESPONSE","REACTOME_P53_DEPENDENT_G1_DNA_DAMAGE_RESPONSE",52,-0.221582345397871,-0.78328980502909,0.878186968838527,0.941547956510818,0.809400874895265,2437,"tags=29%, list=18%, signal=24%","PSMD6/RPS27A/PSMA7/COP1/PSMB7/CDKN1B/PSMD8/ATM/PSMC3/PHF20/PSMB3/UBB/PSMA3/UBA52/PSMB1","REACTOME"
"REACTOME_G2_M_DNA_DAMAGE_CHECKPOINT","REACTOME_G2_M_DNA_DAMAGE_CHECKPOINT",82,0.227376544405884,0.781018582563717,0.873198847262248,0.941547956510818,0.809400874895265,2798,"tags=27%, list=21%, signal=21%","HUS1/H2AX/ATRIP/BARD1/RBBP8/NSD2/HERC2/RMI1/RAD9B/YWHAQ/BABAM2/PIAS4/CDK1/YWHAE/BRCA1/NBN/UBE2N/TOP3A/RAD17/H4C8/ATR/RPA3","REACTOME"
"REACTOME_TNFR2_NON_CANONICAL_NF_KB_PATHWAY","REACTOME_TNFR2_NON_CANONICAL_NF_KB_PATHWAY",79,0.225074036910775,0.769712853393705,0.88023088023088,0.941547956510818,0.809400874895265,3690,"tags=33%, list=27%, signal=24%","TNFSF14/PSMB5/CD40LG/CHUK/PSMC6/ADRM1/FBXW11/PSMB2/TNFRSF11A/TNFRSF4/PSMA5/PSMA6/FASLG/TNFRSF9/TNFSF12/CD70/PSMD12/PSMD1/UBA3/TNFRSF1B/PSMD3/TNFRSF18/TNFSF4/TNFRSF14/TNF/TNFRSF13C","REACTOME"
"REACTOME_PCP_CE_PATHWAY","REACTOME_PCP_CE_PATHWAY",63,0.231275761678766,0.758458017806855,0.881720430107527,0.941547956510818,0.809400874895265,3274,"tags=25%, list=24%, signal=19%","PSMB5/AP2B1/PRKCB/PSMC6/ADRM1/PSMB2/RAC1/RAC2/RYK/PSMA5/PSMA6/SCRIB/CLTA/FZD3/PSMD12/PSMD1","REACTOME"
"REACTOME_ABC_TRANSPORTER_DISORDERS","REACTOME_ABC_TRANSPORTER_DISORDERS",54,0.233127994882099,0.752548871538979,0.875379939209726,0.941547956510818,0.809400874895265,3274,"tags=28%, list=24%, signal=21%","PSMB5/PSMC6/ABCD1/LMBRD1/ADRM1/PSMB2/DERL3/PSMA5/PSMA6/ABCA3/ERLEC1/SEL1L/APOA1/PSMD12/PSMD1","REACTOME"
"REACTOME_AUF1_HNRNP_D0_BINDS_AND_DESTABILIZES_MRNA","REACTOME_AUF1_HNRNP_D0_BINDS_AND_DESTABILIZES_MRNA",42,-0.223759913296988,-0.750439207006793,0.87887323943662,0.941547956510818,0.809400874895265,2848,"tags=33%, list=21%, signal=26%","PSMD14/HSPB1/PSMD6/RPS27A/PSMA7/PSMB7/HNRNPD/PSMD8/PSMC3/PSMB3/UBB/PSMA3/UBA52/PSMB1","REACTOME"
"REACTOME_GPER1_SIGNALING","REACTOME_GPER1_SIGNALING",29,0.246511752891233,0.712233020946167,0.881516587677725,0.941547956510818,0.809400874895265,3261,"tags=28%, list=24%, signal=21%","ADCY7/ADCY9/GNB4/GNAI3/GNAS/PRKAR2B/PRKAR2A/GNB2","REACTOME"
"REACTOME_TRANSLESION_SYNTHESIS_BY_POLH","REACTOME_TRANSLESION_SYNTHESIS_BY_POLH",19,-0.253944878067275,-0.711028693300978,0.874371859296482,0.941547956510818,0.809400874895265,2682,"tags=32%, list=20%, signal=25%","PCNA/RPS27A/NPLOC4/UBB/UFD1/UBA52","REACTOME"
"REACTOME_METABOLISM_OF_PORPHYRINS","REACTOME_METABOLISM_OF_PORPHYRINS",18,0.273447676057983,0.702847616924897,0.87479674796748,0.941547956510818,0.809400874895265,681,"tags=11%, list=5%, signal=11%","BLVRB/CPOX","REACTOME"
"REACTOME_VITAMIN_B5_PANTOTHENATE_METABOLISM","REACTOME_VITAMIN_B5_PANTOTHENATE_METABOLISM",18,-0.248923527671871,-0.67660845302183,0.886304909560723,0.945391903531438,0.812705320579658,51,"tags=11%, list=0%, signal=11%","PANK2/VNN2","REACTOME"
"REACTOME_GENE_AND_PROTEIN_EXPRESSION_BY_JAK_STAT_SIGNALING_AFTER_INTERLEUKIN_12_STIMULATION","REACTOME_GENE_AND_PROTEIN_EXPRESSION_BY_JAK_STAT_SIGNALING_AFTER_INTERLEUKIN_12_STIMULATION",32,0.244712776298862,0.714968589698099,0.888535031847134,0.94671879086931,0.813845978115723,2984,"tags=31%, list=22%, signal=24%","STAT4/PITPNA/ARF1/LCP1/MTAP/PSME2/LMNB1/BOLA2/BOLA2B/HNRNPF","REACTOME"
"REACTOME_G2_M_CHECKPOINTS","REACTOME_G2_M_CHECKPOINTS",141,0.217417512201633,0.800763441156465,0.894117647058824,0.949025330970499,0.815828793290429,3294,"tags=28%, list=24%, signal=21%","HUS1/PSMB5/CLSPN/H2AX/PKMYT1/PSMC6/ADRM1/ATRIP/PSMB2/BARD1/RBBP8/NSD2/HERC2/RMI1/RAD9B/YWHAQ/BABAM2/PIAS4/CDK1/PSMA5/YWHAE/BRCA1/PSMA6/NBN/UBE2N/TOP3A/RAD17/H4C8/CDK2/ATR/MCM8/RPA3/CCNB1/MCM6/MCM4/RNF168/PSMD12/PSMD1/TP53","REACTOME"
"REACTOME_HIV_TRANSCRIPTION_INITIATION","REACTOME_HIV_TRANSCRIPTION_INITIATION",44,-0.221400162746005,-0.755021610160911,0.894444444444444,0.949025330970499,0.815828793290429,2345,"tags=23%, list=17%, signal=19%","TAF9B/GTF2E2/TBP/GTF2H2/GTF2B/POLR2J/POLR2C/GTF2F2/GTF2H5/POLR2G","REACTOME"
"REACTOME_EXTENSION_OF_TELOMERES","REACTOME_EXTENSION_OF_TELOMERES",47,-0.213510640867879,-0.740950329199273,0.892857142857143,0.949025330970499,0.815828793290429,2682,"tags=23%, list=20%, signal=19%","PCNA/CHTF18/POT1/POLD2/NHP2/WRAP53/GAR1/PIF1/SHQ1/RUVBL1/POLD4","REACTOME"
"REACTOME_ROS_AND_RNS_PRODUCTION_IN_PHAGOCYTES","REACTOME_ROS_AND_RNS_PRODUCTION_IN_PHAGOCYTES",27,0.238743966083096,0.68575587478723,0.894654088050314,0.949025330970499,0.815828793290429,2348,"tags=22%, list=17%, signal=18%","SLC11A1/ATP6V1C1/RAC2/TCIRG1/NOS3/CYBA","REACTOME"
"REACTOME_DEGRADATION_OF_BETA_CATENIN_BY_THE_DESTRUCTION_COMPLEX","REACTOME_DEGRADATION_OF_BETA_CATENIN_BY_THE_DESTRUCTION_COMPLEX",72,-0.209855420577008,-0.783749015093863,0.897832817337461,0.950297138526971,0.81692210154073,2437,"tags=25%, list=18%, signal=21%","PSMD6/RPS27A/PSMA7/PSMB7/RBX1/PSMD8/PSMC3/PSMB3/UBB/TCF7/PSMA3/AXIN2/UBA52/HDAC1/LEF1/MYC/TCF7L1/PSMB1","REACTOME"
"REACTOME_TNFR1_INDUCED_PROAPOPTOTIC_SIGNALING","REACTOME_TNFR1_INDUCED_PROAPOPTOTIC_SIGNALING",24,0.247955789630171,0.688600908261354,0.897271268057785,0.950297138526971,0.81692210154073,2073,"tags=21%, list=15%, signal=18%","SPATA2/OTUD1/TBK1/RIPK1/RNF31","REACTOME"
"REACTOME_UBIQUITIN_DEPENDENT_DEGRADATION_OF_CYCLIN_D","REACTOME_UBIQUITIN_DEPENDENT_DEGRADATION_OF_CYCLIN_D",39,0.236002394690346,0.721035693954594,0.902325581395349,0.954000614691118,0.820105791576575,1166,"tags=13%, list=9%, signal=12%","PSMB5/CCND1/PSMC6/ADRM1/PSMB2","REACTOME"
"REACTOME_SCF_SKP2_MEDIATED_DEGRADATION_OF_P27_P21","REACTOME_SCF_SKP2_MEDIATED_DEGRADATION_OF_P27_P21",49,-0.213290038155719,-0.745621111296428,0.903581267217631,0.954277245906409,0.820343597358141,2848,"tags=33%, list=21%, signal=26%","PSMD14/PTK6/PSMD6/RPS27A/PSMA7/PSMB7/CDKN1B/PSMD8/SKP2/PSMC3/PSMB3/CDK4/UBB/PSMA3/UBA52/PSMB1","REACTOME"
"REACTOME_INTERLEUKIN_12_SIGNALING","REACTOME_INTERLEUKIN_12_SIGNALING",40,0.230806512979321,0.708583036793489,0.905132192846034,0.954864730914498,0.820848628330007,2984,"tags=30%, list=22%, signal=23%","STAT4/PITPNA/ARF1/LCP1/IL12RB1/MTAP/PSME2/LMNB1/JAK2/BOLA2/BOLA2B/HNRNPF","REACTOME"
"REACTOME_REGULATION_OF_APOPTOSIS","REACTOME_REGULATION_OF_APOPTOSIS",40,-0.218553386536253,-0.719813850942496,0.910863509749304,0.958803694472951,0.8242347548978,2490,"tags=30%, list=18%, signal=25%","OPA1/PSMD6/RPS27A/PSMA7/PSMB7/PSMD8/PSMC3/PSMB3/UBB/PSMA3/UBA52/PSMB1","REACTOME"
"REACTOME_O_GLYCOSYLATION_OF_TSR_DOMAIN_CONTAINING_PROTEINS","REACTOME_O_GLYCOSYLATION_OF_TSR_DOMAIN_CONTAINING_PROTEINS",15,0.258350343840849,0.636893861651585,0.910743801652893,0.958803694472951,0.8242347548978,3933,"tags=47%, list=29%, signal=33%","SEMA5A/THBS1/ADAMTS10/ADAMTS17/ADAMTS13/ADAMTSL5/ADAMTS6","REACTOME"
"REACTOME_HEDGEHOG_ON_STATE","REACTOME_HEDGEHOG_ON_STATE",59,-0.20127040673383,-0.729892167518587,0.916184971098266,0.963348929084705,0.828142061844746,2437,"tags=39%, list=18%, signal=32%","CSNK1A1/PSMA4/PSMD7/SMURF2/PSMD14/EFCAB7/PSMD6/RPS27A/PSMA7/EVC/KIF3A/SPOP/PSMB7/CDON/RBX1/PSMD8/PSMC3/PSMB3/ULK3/UBB/PSMA3/UBA52/PSMB1","REACTOME"
"REACTOME_DENGUE_VIRUS_INFECTION","REACTOME_DENGUE_VIRUS_INFECTION",341,0.205240572129001,0.83490973303792,0.927058823529412,0.972651880424301,0.836139335803346,1291,"tags=11%, list=10%, signal=10%","U2AF2/FASN/CDC5L/VIM/PRR5/DHX16/CPSF2/CLU/EIF4G3/AP2B1/SF3B4/TAOK1/SRRM2/ELAVL1/HSPA5/DNAJA2/KPNA2/IFIH1/DDX23/POLR2A/NFKBIB/EXOC1/PABPN1/NMT1/PML/CHERP/RNPS1/WBP11/FURIN/TRIM25/KDELR1/HYOU1/CDC40/HNRNPL/PDIA3/RBM17","REACTOME"
"REACTOME_SIGNALING_BY_CSF3_G_CSF","REACTOME_SIGNALING_BY_CSF3_G_CSF",29,-0.224363805964327,-0.685316817278996,0.926829268292683,0.972651880424301,0.836139335803346,3412,"tags=38%, list=25%, signal=28%","UBE2D1/ELOB/RNF7/CUL5/SOCS3/RPS27A/HCK/UBB/UBE2D2/UBA52/UBE2D3","REACTOME"
"REACTOME_SIGNALING_BY_EGFR_IN_CANCER","REACTOME_SIGNALING_BY_EGFR_IN_CANCER",19,0.247737917420689,0.64224849213543,0.928807947019868,0.973423175916018,0.836802379296226,3778,"tags=37%, list=28%, signal=27%","CBL/HRAS/AREG/PIK3CA/NRAS/SOS1/SHC1","REACTOME"
"REACTOME_MITOTIC_METAPHASE_AND_ANAPHASE","REACTOME_MITOTIC_METAPHASE_AND_ANAPHASE",209,-0.19337578576578,-0.847206047327614,0.929906542056075,0.973505483904533,0.836873135286353,2437,"tags=21%, list=18%, signal=18%","PSMD6/STAG2/RPS27A/PSMA7/MIS12/B9D2/PSMB7/PPP1CC/ANKLE2/RCC1/NUP85/CHMP7/ZWILCH/PSMD8/XPO1/DYNC1LI1/PSMC3/PSMB3/KNL1/UBB/CENPC/ANAPC16/NUP107/ANAPC2/DSN1/KNTC1/KIF2A/SMC1A/ANAPC10/CDC23/CENPH/PSMA3/ITGB3BP/UBA52/SEH1L/MAD2L1/PSMB1/CENPO/ZWINT/ANAPC11/NUP205/CHMP4B/ANAPC5/CHMP6","REACTOME"
"REACTOME_P75_NTR_RECEPTOR_MEDIATED_SIGNALLING","REACTOME_P75_NTR_RECEPTOR_MEDIATED_SIGNALLING",84,-0.205808128518521,-0.792771231248805,0.931372549019608,0.973505483904533,0.836873135286353,1579,"tags=17%, list=12%, signal=15%","VAV1/UBB/SMPD2/ARHGEF4/FGD2/MCF2L/ITGB3BP/UBA52/HDAC1/BEX3/MAGED1/PLEKHG2/GNA13/ARHGEF6","REACTOME"
"REACTOME_CONSTITUTIVE_SIGNALING_BY_LIGAND_RESPONSIVE_EGFR_CANCER_VARIANTS","REACTOME_CONSTITUTIVE_SIGNALING_BY_LIGAND_RESPONSIVE_EGFR_CANCER_VARIANTS",16,0.248912641185683,0.625077131167462,0.93192868719611,0.973505483904533,0.836873135286353,3778,"tags=38%, list=28%, signal=27%","CBL/HRAS/PIK3CA/NRAS/SOS1/SHC1","REACTOME"
"REACTOME_S_PHASE","REACTOME_S_PHASE",147,-0.196723799801665,-0.825978534952048,0.93469387755102,0.974622278658054,0.837833186916573,2580,"tags=22%, list=19%, signal=18%","GMNN/ORC2/MCM7/PSMD6/STAG2/RPS27A/PSMA7/PSMB7/CDKN1B/RBX1/POLD2/PSMD8/SKP2/PSMC3/PSMB3/CDK4/UBB/ANAPC16/POLE4/ANAPC2/SMC1A/ANAPC10/CDC23/PSMA3/AKT2/POLD4/FZR1/UBA52/POLE3/MYC/PSMB1/ANAPC11/ANAPC5","REACTOME"
"REACTOME_REGULATION_OF_RAS_BY_GAPS","REACTOME_REGULATION_OF_RAS_BY_GAPS",51,-0.204479693566131,-0.718178484860097,0.935028248587571,0.974622278658054,0.837833186916573,2848,"tags=29%, list=21%, signal=23%","PSMD14/RASA1/PSMD6/RPS27A/PSMA7/PSMB7/RBX1/PSMD8/PSMC3/PSMB3/UBB/PSMA3/UBA52/NF1/PSMB1","REACTOME"
"REACTOME_G_ALPHA_S_SIGNALLING_EVENTS","REACTOME_G_ALPHA_S_SIGNALLING_EVENTS",71,0.208665032966678,0.703595861487734,0.942050520059435,0.977695674872495,0.840475229276355,1628,"tags=13%, list=12%, signal=11%","GRK2/ADCY7/ADRB2/ADCY9/PDE4D/GNB4/GNAI3/PTGDR/PDE4A","REACTOME"
"REACTOME_SIGNALING_BY_FGFR2","REACTOME_SIGNALING_BY_FGFR2",53,0.216912656645415,0.696196628755906,0.940639269406393,0.977695674872495,0.840475229276355,3793,"tags=32%, list=28%, signal=23%","CBL/POLR2A/MKNK1/HRAS/MAPK1/FRS2/PPP2CB/HNRNPF/FGFBP3/PIK3CA/NRAS/POLR2B/PTPN11/ESRP2/SOS1/SHC1/FGFBP2","REACTOME"
"REACTOME_TP53_REGULATES_TRANSCRIPTION_OF_CELL_CYCLE_GENES","REACTOME_TP53_REGULATES_TRANSCRIPTION_OF_CELL_CYCLE_GENES",46,0.217076531943132,0.673842327626133,0.941176470588235,0.977695674872495,0.840475229276355,3585,"tags=33%, list=26%, signal=24%","E2F4/EP300/CNOT10/BAX/E2F8/GADD45A/CDKN1A/CDK1/CNOT6L/CDK2/CCNB1/RBL2/TP53/CCNA2/CNOT1","REACTOME"
"REACTOME_SLC_MEDIATED_TRANSPORT_OF_INORGANIC_ANIONS","REACTOME_SLC_MEDIATED_TRANSPORT_OF_INORGANIC_ANIONS",19,0.243950942578888,0.63243094419112,0.940397350993378,0.977695674872495,0.840475229276355,4104,"tags=53%, list=30%, signal=37%","SLC12A7/SLC4A8/SLC20A1/SLC4A10/SLC4A7/SLC20A2/SLC12A4/SLC26A11/AHCYL2/SLC12A2","REACTOME"
"REACTOME_HSF1_ACTIVATION","REACTOME_HSF1_ACTIVATION",26,0.217751321746282,0.617386382122038,0.944267515923567,0.978938245449918,0.841543403983263,2798,"tags=23%, list=21%, signal=18%","HSF1/HSPA1A/YWHAE/HDAC6/HSBP1/RPA3","REACTOME"
"REACTOME_REGULATION_OF_PD_L1_CD274_POST_TRANSLATIONAL_MODIFICATION","REACTOME_REGULATION_OF_PD_L1_CD274_POST_TRANSLATIONAL_MODIFICATION",82,-0.201239372791514,-0.770367123651576,0.951298701298701,0.980751685224062,0.843102325894369,2989,"tags=32%, list=22%, signal=25%","CD274/OS9/DAD1/RPN2/PSMD14/PRKAB2/OST4/RNF5/PSMD6/RPS27A/PSMA7/SPOP/PSMB7/RBX1/PSMD8/PSMC3/PSMB3/CDK4/COPS5/UBB/PSMA3/UBA52/PRKAG1/DDOST/DERL2/PSMB1","REACTOME"
"REACTOME_ORC1_REMOVAL_FROM_CHROMATIN","REACTOME_ORC1_REMOVAL_FROM_CHROMATIN",57,-0.198307032516382,-0.711291416408138,0.952095808383233,0.980751685224062,0.843102325894369,2568,"tags=26%, list=19%, signal=21%","ORC2/MCM7/PSMD6/RPS27A/PSMA7/PSMB7/RBX1/PSMD8/SKP2/PSMC3/PSMB3/UBB/PSMA3/UBA52/PSMB1","REACTOME"
"REACTOME_RETROGRADE_TRANSPORT_AT_THE_TRANS_GOLGI_NETWORK","REACTOME_RETROGRADE_TRANSPORT_AT_THE_TRANS_GOLGI_NETWORK",49,-0.198346164607089,-0.693380192317042,0.953168044077135,0.980751685224062,0.843102325894369,2015,"tags=16%, list=15%, signal=14%","COG2/NAPG/NAPB/VPS54/NAA38/VTI1A/COG4/RABEPK","REACTOME"
"REACTOME_SIGNALING_BY_INSULIN_RECEPTOR","REACTOME_SIGNALING_BY_INSULIN_RECEPTOR",51,0.21286134171777,0.678255920270239,0.950617283950617,0.980751685224062,0.843102325894369,3990,"tags=33%, list=29%, signal=24%","PTPN1/PDPK1/ATP6V1C1/HRAS/MAPK1/TCIRG1/FRS2/PIK3CA/NRAS/PIK3CB/CTSD/ATP6V0A2/PTPN11/SOS1/SHC1/ATP6V1B2/PIK3R4","REACTOME"
"REACTOME_DRUG_ADME","REACTOME_DRUG_ADME",41,0.213844533064204,0.658164869794511,0.948517940717629,0.980751685224062,0.843102325894369,1542,"tags=10%, list=11%, signal=9%","GGT1/ABCC4/RAC1/NME2","REACTOME"
"REACTOME_TRANSCRIPTION_OF_E2F_TARGETS_UNDER_NEGATIVE_CONTROL_BY_DREAM_COMPLEX","REACTOME_TRANSCRIPTION_OF_E2F_TARGETS_UNDER_NEGATIVE_CONTROL_BY_DREAM_COMPLEX",18,0.242683491266655,0.623773864026601,0.949593495934959,0.980751685224062,0.843102325894369,3248,"tags=28%, list=24%, signal=21%","E2F4/E2F5/RBBP4/LIN9/RBL2","REACTOME"
"REACTOME_DEFECTS_IN_VITAMIN_AND_COFACTOR_METABOLISM","REACTOME_DEFECTS_IN_VITAMIN_AND_COFACTOR_METABOLISM",21,-0.2176452806391,-0.618042884194494,0.953125,0.980751685224062,0.843102325894369,1537,"tags=38%, list=11%, signal=34%","MMUT/MCCC2/CD320/AMN/TCN2/MTRR/MMAB/PCCA","REACTOME"
"REACTOME_ANCHORING_OF_THE_BASAL_BODY_TO_THE_PLASMA_MEMBRANE","REACTOME_ANCHORING_OF_THE_BASAL_BODY_TO_THE_PLASMA_MEMBRANE",96,0.202649815400781,0.710324087985002,0.960839160839161,0.981881940385739,0.844073948752653,3649,"tags=29%, list=27%, signal=21%","CC2D2A/ACTR1A/CEP250/CEP43/CEP164/C2CD3/B9D1/SFI1/PAFAH1B1/CEP41/CDK1/YWHAE/NINL/CEP162/TUBB4B/PRKAR2B/TMEM216/CEP76/NEK2/TUBA4A/HAUS4/HAUS6/NDE1/TTBK2/CLASP1/ALMS1/MKS1/HAUS1","REACTOME"
"REACTOME_RHOB_GTPASE_CYCLE","REACTOME_RHOB_GTPASE_CYCLE",52,-0.194948339080376,-0.689139047764947,0.963172804532578,0.981881940385739,0.844073948752653,950,"tags=15%, list=7%, signal=14%","PKN3/ARHGEF5/PKN2/CAVIN1/MCF2L/ANLN/SNAP23/FLOT1","REACTOME"
"REACTOME_PARASITE_INFECTION","REACTOME_PARASITE_INFECTION",55,0.212521353303683,0.687787579452509,0.960665658093797,0.981881940385739,0.844073948752653,2855,"tags=22%, list=21%, signal=17%","WIPF2/ACTB/MYO1C/RAC1/ELMO2/MYO5A/MAPK1/CD3G/MYH9/CYFIP1/FCGR3A/ACTR3","REACTOME"
"REACTOME_POSTMITOTIC_NUCLEAR_PORE_COMPLEX_NPC_REFORMATION","REACTOME_POSTMITOTIC_NUCLEAR_PORE_COMPLEX_NPC_REFORMATION",27,-0.219264315220693,-0.655250179320781,0.96448087431694,0.981881940385739,0.844073948752653,3475,"tags=41%, list=26%, signal=30%","NUP133/NUP43/UBE2I/NUP54/SUMO1/RAN/RCC1/NUP85/NUP107/SEH1L/NUP205","REACTOME"
"REACTOME_MATURATION_OF_DENV_PROTEINS","REACTOME_MATURATION_OF_DENV_PROTEINS",47,0.204400722094695,0.639362661216344,0.96551724137931,0.981881940385739,0.844073948752653,3303,"tags=23%, list=24%, signal=18%","HSPA5/KPNA2/NMT1/HYOU1/PDIA3/RPN1/SPCS2/SCAP/STT3A/APOA1/P4HA1","REACTOME"
"REACTOME_REGULATION_OF_ORNITHINE_DECARBOXYLASE_ODC","REACTOME_REGULATION_OF_ORNITHINE_DECARBOXYLASE_ODC",37,0.208179358630141,0.629908649813496,0.959876543209877,0.981881940385739,0.844073948752653,1166,"tags=11%, list=9%, signal=10%","PSMB5/PSMC6/ADRM1/PSMB2","REACTOME"
"REACTOME_SOMITOGENESIS","REACTOME_SOMITOGENESIS",41,0.202954012124727,0.624646321560345,0.96411856474259,0.981881940385739,0.844073948752653,4230,"tags=37%, list=31%, signal=25%","PSMB5/PSMC6/ADRM1/PSMB2/NOTCH1/PSMA5/PSMA6/TBX6/PSMD12/PSMD1/PSMD3/RBPJ/CTNNB1/PSMD11/PSMC5","REACTOME"
"REACTOME_ECM_PROTEOGLYCANS","REACTOME_ECM_PROTEOGLYCANS",24,0.217545790224853,0.604148945103076,0.961476725521669,0.981881940385739,0.844073948752653,2318,"tags=12%, list=17%, signal=10%","TGFB1/COL6A1/COL9A2","REACTOME"
"REACTOME_IRS_MEDIATED_SIGNALLING","REACTOME_IRS_MEDIATED_SIGNALLING",24,0.212819129828857,0.591022481524303,0.964686998394864,0.981881940385739,0.844073948752653,3990,"tags=38%, list=29%, signal=27%","PDPK1/HRAS/FRS2/PIK3CA/NRAS/PIK3CB/PTPN11/SOS1/PIK3R4","REACTOME"
"REACTOME_TRIGLYCERIDE_METABOLISM","REACTOME_TRIGLYCERIDE_METABOLISM",18,-0.213977705876484,-0.581620893405844,0.961240310077519,0.981881940385739,0.844073948752653,2175,"tags=44%, list=16%, signal=37%","GPAT2/LPIN1/PLIN3/PPP1CA/PNPLA4/PPP1CC/DGAT1/PRKACA","REACTOME"
"REACTOME_REGULATION_OF_MITF_M_DEPENDENT_GENES_INVOLVED_IN_LYSOSOME_BIOGENESIS_AND_AUTOPHAGY","REACTOME_REGULATION_OF_MITF_M_DEPENDENT_GENES_INVOLVED_IN_LYSOSOME_BIOGENESIS_AND_AUTOPHAGY",15,0.22557111274871,0.556085410763273,0.95702479338843,0.981881940385739,0.844073948752653,10524,"tags=100%, list=77%, signal=23%","ATP6V1C1/ATP6V1B2/ATP6V1A/ATP6V0B/ATP6V1D/ATP6V1F/ATP6V0D1/ATP6AP2/ATP6V0E2/ATP6V1E1/ASAH1/ATP6V1H/ATP6V0A1/ATP6V0E1/ATP6V1G1","REACTOME"
"REACTOME_DEVELOPMENTAL_CELL_LINEAGES","REACTOME_DEVELOPMENTAL_CELL_LINEAGES",41,0.195873740504939,0.602854854731737,0.975039001560062,0.990515811108635,0.851496048146019,353,"tags=5%, list=3%, signal=5%","VIM/GATA3","REACTOME"
"REACTOME_MITOTIC_PROMETAPHASE","REACTOME_MITOTIC_PROMETAPHASE",192,0.191555237676684,0.733680753680323,0.979434447300771,0.991832351696984,0.852627811107933,3548,"tags=28%, list=26%, signal=21%","EML4/CENPE/TAOK1/ACTR1A/TUBA1B/RANBP2/CEP250/CENPI/PPP2R1B/CSNK2A1/TUBB2A/CEP43/CEP164/NCAPD2/PPP2R5A/NUP160/SFI1/SGO1/PAFAH1B1/NUP98/CEP41/PMF1/CLASP2/PDS5B/CDK1/YWHAE/CENPN/NINL/PPP2R5E/HDAC8/TUBB4B/PRKAR2B/NCAPH/PPP2CB/CEP76/CCNB1/CENPA/NEK2/TUBA4A/MZT1/ERCC6L/CENPQ/NDEL1/CENPM/HAUS4/HAUS6/BUB3/NDE1/AHCTF1/TUBA3D/CLASP1/ALMS1/CDCA5","REACTOME"
"REACTOME_CHOLESTEROL_BIOSYNTHESIS","REACTOME_CHOLESTEROL_BIOSYNTHESIS",26,-0.200555223346573,-0.598418239713668,0.978609625668449,0.991832351696984,0.852627811107933,607,"tags=23%, list=4%, signal=22%","PLPP6/GGPS1/CYP51A1/HMGCR/DHCR7/ACAT2","REACTOME"
"REACTOME_DNA_STRAND_ELONGATION","REACTOME_DNA_STRAND_ELONGATION",32,0.204787773775629,0.598321133936053,0.979299363057325,0.991832351696984,0.852627811107933,3768,"tags=28%, list=28%, signal=20%","FEN1/GINS3/MCM8/RPA3/MCM6/MCM4/PRIM1/GINS4/GINS1","REACTOME"
"REACTOME_POLYMERASE_SWITCHING_ON_THE_C_STRAND_OF_THE_TELOMERE","REACTOME_POLYMERASE_SWITCHING_ON_THE_C_STRAND_OF_THE_TELOMERE",25,0.203090020905369,0.570117528604991,0.980922098569157,0.992292112356577,0.853023043955653,239,"tags=4%, list=2%, signal=4%","TINF2","REACTOME"
"REACTOME_RHOF_GTPASE_CYCLE","REACTOME_RHOF_GTPASE_CYCLE",34,0.196508381568718,0.584746700630067,0.986111111111111,0.99296097296847,0.853598029393948,3338,"tags=26%, list=25%, signal=20%","ACTB/SOWAHC/TOR1AIP1/CAPZB/LMNB1/ARHGAP1/VAMP3/SLC4A7/FARP1","REACTOME"
"REACTOME_GLYCOSPHINGOLIPID_METABOLISM","REACTOME_GLYCOSPHINGOLIPID_METABOLISM",40,0.189967409620744,0.583205743474489,0.986003110419907,0.99296097296847,0.853598029393948,3372,"tags=25%, list=25%, signal=19%","ST3GAL3/ARSA/SMPD4/GBA1/B3GALT4/CERK/ARSD/GM2A/ST3GAL5/GALC","REACTOME"
"REACTOME_ACTIVATION_OF_THE_PRE_REPLICATIVE_COMPLEX","REACTOME_ACTIVATION_OF_THE_PRE_REPLICATIVE_COMPLEX",33,-0.17724321133412,-0.563790391713928,0.986301369863014,0.99296097296847,0.853598029393948,11184,"tags=100%, list=82%, signal=18%","CDK2/MCM8/RPA3/MCM6/MCM4/PRIM1/POLE/ORC5/ORC6/MCM2/ORC1/CDC6/DBF4/MCM3/POLE2/MCM5/CDC45/POLA1/CDC7/RPA2/ORC3/RPA1/RPA4/POLA2/ORC4/PRIM2/MCM10/GMNN/ORC2/MCM7/POLE4/POLE3","REACTOME"
"REACTOME_REGULATION_OF_CDH1_POSTTRANSLATIONAL_PROCESSING_AND_TRAFFICKING_TO_PLASMA_MEMBRANE","REACTOME_REGULATION_OF_CDH1_POSTTRANSLATIONAL_PROCESSING_AND_TRAFFICKING_TO_PLASMA_MEMBRANE",30,0.190258806587019,0.550642608968564,0.984126984126984,0.99296097296847,0.853598029393948,3982,"tags=27%, list=29%, signal=19%","FURIN/CSNK2A1/RPN1/SPCS2/STT3A/GANAB/CTNNB1/PRKCSH","REACTOME"
"REACTOME_EPHA_MEDIATED_GROWTH_CONE_COLLAPSE","REACTOME_EPHA_MEDIATED_GROWTH_CONE_COLLAPSE",19,0.208090729557497,0.539465087448511,0.986754966887417,0.99296097296847,0.853598029393948,292,"tags=5%, list=2%, signal=5%","EFNA5","REACTOME"
"REACTOME_SYNTHESIS_OF_PIPS_AT_THE_GOLGI_MEMBRANE","REACTOME_SYNTHESIS_OF_PIPS_AT_THE_GOLGI_MEMBRANE",15,-0.182208471550155,-0.480378921694791,0.992443324937028,0.997639363287483,0.857619803527837,1589,"tags=40%, list=12%, signal=35%","SACM1L/PIKFYVE/PI4K2B/PIK3C3/ARF3/VAC14","REACTOME"
"REACTOME_ORGANELLE_BIOGENESIS_AND_MAINTENANCE","REACTOME_ORGANELLE_BIOGENESIS_AND_MAINTENANCE",268,0.182024266611454,0.725538590413446,0.993954050785973,0.997923706387656,0.857864238824476,3955,"tags=26%, list=29%, signal=19%","HELZ2/CREBBP/CC2D2A/ACTR1A/TUBA1B/EXOC1/NCOR1/MEF2D/CEP250/ATP5ME/DYNLT2B/TUBB2A/NR1D1/CEP43/BBS12/CEP164/PPARGC1B/IFT172/DYNC2I2/TMEM11/HCFC1/ARL3/C2CD3/B9D1/SFI1/PAFAH1B1/CEP41/RXRA/EXOC6/CDK1/YWHAE/MICOS10/HDAC6/TFB2M/KIFAP3/NINL/CEP162/UNC119B/TUBB4B/CYCS/PRKAR2B/TMEM216/MT-ATP8/PKD1/IDH2/CEP76/NEK2/TUBA4A/TGS1/HAUS4/HAUS6/NDE1/IFT25/MTX1/TUBA3D/TTBK2/CLASP1/ALMS1/PPRC1/MKS1/HAUS1/ARL6/IFT81/DYNC1H1/NCOA6/MAPK14/KIF3B/AKAP9/POLRMT/IFT140/TRAF3IP1","REACTOME"
"REACTOME_DISEASES_ASSOCIATED_WITH_GLYCOSYLATION_PRECURSOR_BIOSYNTHESIS","REACTOME_DISEASES_ASSOCIATED_WITH_GLYCOSYLATION_PRECURSOR_BIOSYNTHESIS",16,-0.185938536369666,-0.49418893942335,0.994805194805195,0.997923706387656,0.857864238824476,11063,"tags=56%, list=81%, signal=10%","MPI/GALT/DHDDS/PMM2/NUS1/DPM3/DOLK/GALE/PGM1","REACTOME"
"REACTOME_CLASS_B_2_SECRETIN_FAMILY_RECEPTORS","REACTOME_CLASS_B_2_SECRETIN_FAMILY_RECEPTORS",31,-0.156722723382666,-0.492361855419342,0.997304582210243,0.998430141287284,0.8582995951417,3195,"tags=32%, list=24%, signal=25%","FZD6/UCN/RAMP3/GNB5/ADGRE1/ADM2/GNG11/VIPR1/CD55/WNT7A","REACTOME"
"REACTOME_FORMATION_OF_THE_CORNIFIED_ENVELOPE","REACTOME_FORMATION_OF_THE_CORNIFIED_ENVELOPE",18,-0.178243285429997,-0.484489813977303,0.997416020671835,0.998430141287284,0.8582995951417,1982,"tags=28%, list=15%, signal=24%","CSTA/PKP4/KRT10/CAPNS1/KRT18","REACTOME"
"REACTOME_TELOMERE_C_STRAND_LAGGING_STRAND_SYNTHESIS","REACTOME_TELOMERE_C_STRAND_LAGGING_STRAND_SYNTHESIS",33,0.164070842443592,0.484090712035663,0.998430141287284,0.998430141287284,0.8582995951417,239,"tags=3%, list=2%, signal=3%","TINF2","REACTOME"
