"","GSM3137414","GSM3137423","GSM3137426","GSM3137430","GSM3137432","GSM3137433","GSM3137434","GSM3137439","GSM3137440","GSM3137448","GSM3137449","GSM3137451","GSM3137454","GSM3137456","GSM3137461","GSM3137462","GSM3137465","GSM3137467","GSM3137469","GSM3137473","GSM3137475","GSM3137477","GSM3137479","GSM3137480","GSM3137487","GSM3137489","GSM3137494","GSM3137502","GSM3137503","GSM3137504","GSM3137508","GSM3137512","GSM3137516","GSM3137518","GSM3137519","GSM3137529","GSM3137532","GSM3137536","GSM3137539","GSM3137540","GSM3137542","GSM3137544","GSM3137549","GSM3137550","GSM3137553","GSM3137557","GSM3137558","GSM3137560","GSM3137567","GSM3137568","GSM3137570","GSM3137577","GSM3137579","GSM3137581","GSM3137584","GSM3137585","GSM3137587","GSM3137588","GSM3137590","GSM3137603","GSM3137610","GSM3137613","GSM3137617","GSM3137618","GSM3137623","GSM3137624","GSM3137626","GSM3137635","GSM3137636","GSM3137638","GSM3137641","GSM3137644","GSM3137645","GSM3137646","GSM3137647","GSM3137648","GSM3137651","GSM3137652","GSM3137655","GSM3137657","GSM3137658","GSM3137660"
"GSM3137414",1,0.975935304628555,0.962410763617684,0.964421419157928,0.945539990351055,0.962547078966536,0.969252714021705,0.951955616926887,0.938253699855149,0.924292026517834,0.955376903333946,0.96587603392485,0.946730474304998,0.951836151753064,0.954324873533057,0.96899676108413,0.95800336162905,0.959885592434976,0.957495227067865,0.954211753832845,0.928479759847447,0.9661469192443,0.955205977006047,0.960807107550806,0.903669936977383,0.966191670119176,0.951823481368651,0.946116159519086,0.927638009885666,0.919393606414001,0.941793299322539,0.948197888364615,0.951996301083118,0.964586952370586,0.946407834957718,0.93451169612463,0.972022504648699,0.961324151115436,0.94789988444436,0.966481418938805,0.960017806975798,0.953151120087441,0.975373969881277,0.951787220045579,0.932446531274305,0.938254564807494,0.951463163956859,0.947509702480187,0.96085043431287,0.963946345386372,0.949879308252697,0.940395728899441,0.951885700468993,0.962422306094153,0.962516313460617,0.925384321122829,0.918287709923345,0.953448594324781,0.959881181252209,0.958041739907032,0.957579552485753,0.950527548739803,0.95352858699133,0.942925075902602,0.950401037329523,0.961521510668024,0.926363613337902,0.971417002951583,0.927035113592697,0.959765831579851,0.945797312733502,0.929827040727657,0.940638016906886,0.946397907056752,0.92625056399507,0.925542222559427,0.89535822458675,0.901095282744298,0.966169555051708,0.945488782984611,0.958329829211781,0.96413159182922
"GSM3137423",0.975935304628555,1,0.972335145450624,0.967457483745637,0.938758179464447,0.967448790408012,0.980360296001444,0.951342766634648,0.938161181897582,0.929095985956885,0.962711769254143,0.971313258566054,0.954290984549872,0.957306778070033,0.954893924522942,0.970896944654307,0.960720539355872,0.970722982372431,0.963808545353708,0.960395645432164,0.92820848787507,0.96902315831392,0.950932213001391,0.964001488627891,0.895668924134129,0.974180261948358,0.960895620539342,0.949937692540797,0.939130695779431,0.932261078442562,0.956237436229924,0.950190877148414,0.962002950914044,0.972403575474361,0.955054438646795,0.941489990008236,0.975079031439718,0.969951953412985,0.949840162443398,0.973796810762373,0.973000516088464,0.957505900519597,0.978508162328172,0.959424471631699,0.946867061963432,0.943328437270789,0.952513141412023,0.955543394645583,0.964662537534006,0.966719935592729,0.958896957610825,0.951823478978626,0.957411936132422,0.973504017019761,0.968169677774846,0.923255697431939,0.926321678304457,0.960024948525837,0.964465326390997,0.955551866403147,0.965400085462059,0.957062387713545,0.955933984585435,0.948577225248737,0.955405898134498,0.966178356542662,0.936520457581723,0.97340002202313,0.934419613889806,0.957570962813209,0.944116178528858,0.932804622648091,0.943298947678401,0.948585293817667,0.932910966855338,0.928417706572837,0.88857926070265,0.901280388362544,0.959971981078186,0.952719366641914,0.96876974782537,0.972905960793341
"GSM3137426",0.962410763617684,0.972335145450624,1,0.965372370470557,0.94272369604478,0.956673602064867,0.956651896481121,0.929363040887331,0.939149512210132,0.903464904215134,0.953770601948833,0.960228519651047,0.933766337417539,0.937894942872048,0.935213538381074,0.956961479813375,0.936001322102095,0.964755789185748,0.952577488701184,0.959797683210799,0.914709016769349,0.960707455552661,0.94081836895933,0.948483404299133,0.90883153495846,0.960974640062192,0.942520115441041,0.921176503408709,0.9121071784329,0.906375653741988,0.942424159246496,0.928430887795259,0.935709712501596,0.958902211658189,0.952930391427812,0.930270592965979,0.967526117958591,0.965290321880456,0.932197285296634,0.960790491093775,0.954575306768271,0.949917739962948,0.974012153797348,0.951871471482205,0.931401746641364,0.920071361087606,0.964778541477296,0.956170515950212,0.946246357257451,0.9721171630948,0.937075594466232,0.948961845195955,0.940254488811787,0.956649344601588,0.965675603062804,0.931042546858228,0.913804509922937,0.951848143934003,0.962319882379447,0.929503645547554,0.968796256287588,0.963601505629645,0.956308373467448,0.94803455445504,0.956757106259156,0.9657223361362,0.929960882960005,0.959254085697127,0.944792105411662,0.956091493864325,0.945744414829272,0.933733190376899,0.958578333429049,0.957838295428814,0.924188704786726,0.941635892235814,0.898028230846563,0.909185025822603,0.966931579394131,0.930074517423897,0.949921549583237,0.962304987746091
"GSM3137430",0.964421419157928,0.967457483745637,0.965372370470557,1,0.961490101292201,0.961180938450784,0.955706178009203,0.92433134047211,0.949818011339709,0.90524573449236,0.961373929467941,0.957835785012558,0.947305982705495,0.954514232627894,0.953299080532167,0.954856656652837,0.936642874154109,0.954307774938146,0.952440946054118,0.961993234966709,0.932568799710983,0.96847365636121,0.955683626764332,0.957029710427902,0.932943870761989,0.962848020071156,0.951212330398551,0.934777761746741,0.938078813573702,0.931357807960859,0.952633622306812,0.947240232347979,0.944180399403753,0.957591418320536,0.951475704627167,0.946411883645472,0.961462761334584,0.968597607263884,0.933764421234694,0.961120428815052,0.950496314974914,0.951431064199075,0.972621570989322,0.933176265314572,0.944482884345122,0.943942462061956,0.968712040284205,0.951647562760067,0.952780805351444,0.972727461167858,0.945709575253134,0.944131670813743,0.957049928578901,0.959683933205095,0.966915137837207,0.949948107955344,0.933314722756792,0.954320930402659,0.971107576571496,0.947408214518312,0.967664773268156,0.967777664559444,0.966757911598371,0.958625832973324,0.950896041642243,0.96960864003869,0.939458615280338,0.96215236487725,0.952606962432921,0.966391445406111,0.964177397565459,0.956379028978054,0.967109833214506,0.958100860754647,0.940521881013916,0.952294846485685,0.918209041136899,0.921570931696781,0.968352229825102,0.944367385507937,0.955736267906867,0.967883940961773
"GSM3137432",0.945539990351055,0.938758179464447,0.94272369604478,0.961490101292201,1,0.933296228128934,0.923137054070769,0.904218964910738,0.944684964472528,0.887374451621256,0.934379642160005,0.933065551778941,0.932588254111941,0.936128161364017,0.9387126585817,0.933070821481922,0.924636815597731,0.920429066583581,0.930817290540033,0.944957722842518,0.93049714235967,0.952340909817586,0.942394651993961,0.931569888038227,0.961904279349447,0.934557138652893,0.937905029671556,0.91387037033981,0.92201766385282,0.921913548499505,0.930343059071172,0.935090810013751,0.919638935468953,0.92987754160962,0.930716282026325,0.936013116779484,0.93350415674007,0.955123171077364,0.914833266875607,0.942973073200918,0.914774830223302,0.932682823258119,0.950054055450737,0.905278945177857,0.919129773298154,0.936186842753539,0.961585681843225,0.925609822798095,0.929240585533663,0.955856173707356,0.928225214555096,0.909231521194519,0.943566608077959,0.933795150058385,0.941503818197945,0.960323560954678,0.917655636059048,0.943523367533299,0.956078134436127,0.931863281367577,0.946659301541801,0.961194644486079,0.969117700113635,0.95080020443309,0.942235620921118,0.950647342946677,0.925957586887245,0.953784534649948,0.950043440855789,0.946328885049033,0.973454540622521,0.954533910963727,0.961242128292208,0.943725144581185,0.919890398009158,0.95913473593989,0.937310788505401,0.94250476951545,0.96262293913845,0.919312878765335,0.931502923122467,0.943634487527149
"GSM3137433",0.962547078966536,0.967448790408012,0.956673602064867,0.961180938450784,0.933296228128934,1,0.961542217689156,0.956986685540346,0.947780825834313,0.948685012243021,0.9469543698299,0.980514042998879,0.969427282509471,0.974669341655334,0.967910272976214,0.954309196115343,0.961037759934846,0.96050234399115,0.979920822726362,0.965153513307778,0.940544542383472,0.97723689331126,0.961144704718662,0.975946276276984,0.902284788629095,0.96327063011626,0.974130041274326,0.968553612466043,0.955562380794733,0.950431374354977,0.971058260957197,0.965739383503349,0.97386106602184,0.970188870940193,0.962070367633557,0.954096765269687,0.975952774253743,0.967182061684317,0.970961709403449,0.973788448143983,0.96328301435637,0.965531584689795,0.969029845866702,0.963442296495232,0.962032332020685,0.961466428398244,0.948122215873423,0.945294089661666,0.975694823045316,0.953050785329065,0.972113950159854,0.9227632292904,0.971639904989965,0.979065612536183,0.965356608118408,0.917691763239799,0.948214043479215,0.97566778213866,0.973854457487315,0.968331942311258,0.957369306400499,0.951403568382123,0.952816702524066,0.953401522994272,0.947241993599582,0.947049591314653,0.958031666618454,0.97061040874013,0.946279738856839,0.968260022956977,0.940015117135561,0.945316962542407,0.944978014010756,0.962334692965866,0.947752591388957,0.910333045041291,0.864053177761129,0.891950722911115,0.952086906198079,0.973791930788285,0.973779228827803,0.963868436979281
"GSM3137434",0.969252714021705,0.980360296001444,0.956651896481121,0.955706178009203,0.923137054070769,0.961542217689156,1,0.954713631595384,0.926179337964439,0.929203019490867,0.959230276087722,0.966582709096916,0.951261909453137,0.952917441570422,0.954873396501395,0.972858703735751,0.959721238193718,0.968798536524516,0.958855850674647,0.946151422714198,0.917937050810344,0.957483856146033,0.951517703907425,0.958045074714089,0.877571691828712,0.969190961081304,0.956886099361808,0.955028848853911,0.944131061011858,0.930670189723679,0.947438594937908,0.950733789985357,0.963736818945783,0.972300221492877,0.94005131610294,0.933130817124002,0.968651849663992,0.962170366014143,0.947600757724543,0.963875914165364,0.978516620327277,0.953259566374176,0.969527739062107,0.947815332252198,0.944228871549647,0.940694524044853,0.938908277767687,0.943895237828752,0.963850036289753,0.951008849762397,0.956102645946745,0.949495654364355,0.952568170056624,0.970234300588259,0.958120457033082,0.909432413398176,0.919458230688955,0.951836364359038,0.953001929719163,0.95940066448014,0.950017235644759,0.938158287506368,0.941880684318974,0.931579362762064,0.937903369816908,0.953980578013695,0.923917333244811,0.969413520276059,0.917342692547058,0.944391092425151,0.932250141418577,0.922361884874944,0.923080374727269,0.931819638815411,0.927037999110883,0.914541535258478,0.873333048466288,0.881113490562591,0.945567184522319,0.956553829611154,0.967471190871936,0.972341373110353
"GSM3137439",0.951955616926887,0.951342766634648,0.929363040887331,0.92433134047211,0.904218964910738,0.956986685540346,0.954713631595384,1,0.922248169291068,0.963226945294734,0.922079450384964,0.967786139857272,0.952887997214073,0.950647294567223,0.953034813716846,0.949609071324291,0.968392169427031,0.95232948879612,0.959581492781393,0.932789157788369,0.916351962997974,0.944019855996384,0.949114036955127,0.951408211374726,0.859689161923207,0.941328316623654,0.951452567641875,0.968376692475595,0.937186083369253,0.933013237930102,0.939659255253569,0.947603802424482,0.957788377173435,0.963293863931971,0.931727585000651,0.929789103894042,0.95890204433235,0.94502060142821,0.968501564239453,0.943987987461254,0.96063611462059,0.953647321598314,0.952841724190208,0.937109794810746,0.938319395962095,0.940897282581532,0.913645137911035,0.921745715285457,0.970975798881036,0.923829092356597,0.955250668601827,0.898725621784777,0.943617192516045,0.952448334317267,0.94333779243136,0.879005573552349,0.924749196721237,0.957929592569821,0.945298914004434,0.968001709197887,0.929688471152416,0.914374243896405,0.930446805676428,0.919772538079682,0.91510583910557,0.925331885384166,0.930647590338307,0.955770588990066,0.910551067694042,0.939408023212319,0.900743199507983,0.911567289971667,0.903893447956122,0.925058777011994,0.922206289545386,0.873370010442115,0.83105309102356,0.864244859513336,0.922298049891764,0.963381398416453,0.955356125917991,0.950081185652652
"GSM3137440",0.938253699855149,0.938161181897582,0.939149512210132,0.949818011339709,0.944684964472528,0.947780825834313,0.926179337964439,0.922248169291068,1,0.921778945997826,0.92545842837511,0.945974893830019,0.944319207410951,0.941052736953269,0.940356504503676,0.931089338714579,0.927100506103174,0.938572598346491,0.946982992640372,0.94834741349502,0.937590255411058,0.94727833580265,0.936688929819672,0.942497985386831,0.921240495679169,0.935873207832855,0.94510043867039,0.933406644912984,0.930911765887004,0.926472575139545,0.935861331398998,0.946982873694988,0.933353874902188,0.937779638589828,0.956918693035955,0.945783156643814,0.94255395010205,0.960197419516936,0.938489604087605,0.942669340496574,0.933520168790455,0.949202593376711,0.946841097984948,0.918063961835616,0.943817454519244,0.935486554588783,0.939970185596205,0.932292199054591,0.946901366886177,0.944435641475052,0.935244393287033,0.911140389396844,0.950568495502385,0.942490388620293,0.948602750917472,0.925995260881186,0.941392652578231,0.953940297745464,0.956197296422081,0.940701038394072,0.941696675107863,0.946862731893552,0.948446507015481,0.950930093760958,0.936208363386426,0.94351577583861,0.945257391692395,0.949626757171623,0.959990391563543,0.951158480568628,0.940140264002217,0.951697421216267,0.947209308932036,0.945645871979046,0.944251429098895,0.930053887049661,0.886063533932706,0.921136312810411,0.940478041068048,0.94567339022568,0.945692644281665,0.94821130371422
"GSM3137448",0.924292026517834,0.929095985956885,0.903464904215134,0.90524573449236,0.887374451621256,0.948685012243021,0.929203019490867,0.963226945294734,0.921778945997826,1,0.895284226237641,0.958007786864131,0.949435870916388,0.9514397403526,0.948765780762046,0.918812179763284,0.95375217258113,0.924842728032351,0.954356691952019,0.924135762941193,0.932130303641029,0.936694978222094,0.934448106829784,0.940647315612227,0.850690232453313,0.918974558606695,0.947093524435938,0.965803764972474,0.940061204039894,0.939873031337407,0.940551834266836,0.94757113872595,0.952232869877239,0.946273283536383,0.935126375923351,0.943504517155411,0.941634776418231,0.931384322581831,0.968060304728753,0.929902060316729,0.940228229680226,0.940203004296233,0.928187052119955,0.928038391527744,0.948520069697807,0.946089376585564,0.892524279969115,0.914406858714185,0.960042569309604,0.900104732129284,0.953622501710266,0.858935672135677,0.93932727186462,0.943422827266127,0.923646101453054,0.864740334753654,0.939100051122184,0.9541502644952,0.934880042351503,0.955935766719286,0.905618567795815,0.899658766892273,0.913572367407323,0.927424047388836,0.896617868628037,0.900158522117282,0.949394756077299,0.94334086912017,0.90558533459852,0.92595937168916,0.882917375770391,0.902639050059265,0.885546567234944,0.918708037820188,0.92976023412597,0.84516009170987,0.81134492842999,0.857729411340877,0.896210904452975,0.961943258407344,0.948010986588414,0.926855407557391
"GSM3137449",0.955376903333946,0.962711769254143,0.953770601948833,0.961373929467941,0.934379642160005,0.9469543698299,0.959230276087722,0.922079450384964,0.92545842837511,0.895284226237641,1,0.950285284132579,0.940719281907501,0.938523208875328,0.946996125413913,0.965278324906271,0.940811210295179,0.959503283064563,0.941246032154325,0.948322660566696,0.920502438868842,0.955349451002406,0.942757298266597,0.947976719794028,0.903497524532773,0.966212106519342,0.943090922441409,0.92943362167338,0.933137447683331,0.923092097946871,0.941289644891137,0.933825035160021,0.941415367214769,0.95695555705282,0.938627115642499,0.929382917925468,0.948749128450629,0.955330260041477,0.915914306351094,0.954213499081418,0.951249774065802,0.946913414658108,0.959149714693925,0.922840856399882,0.943362627087089,0.932514293011091,0.948965051877744,0.947825300732601,0.945892426315532,0.962193548728605,0.94102328891413,0.956818175577732,0.940825704175157,0.9564884006211,0.960891753087073,0.923474700376158,0.913264549588572,0.936480140922041,0.957880128798653,0.941080990727712,0.965931283804594,0.958231754334881,0.953598029730397,0.940309073097109,0.925364552775,0.961408123949456,0.920718673960902,0.947738906208132,0.925653002434772,0.952506814250485,0.946244685699757,0.936363670640503,0.945457052671858,0.929451378627324,0.925740258517299,0.943487439187118,0.901283998061662,0.905707455851398,0.952925581342787,0.933438346923539,0.952872648069539,0.966430714985638
"GSM3137451",0.96587603392485,0.971313258566054,0.960228519651047,0.957835785012558,0.933065551778941,0.980514042998879,0.966582709096916,0.967786139857272,0.945974893830019,0.958007786864131,0.950285284132579,1,0.969175716764755,0.972449747911068,0.967897072810424,0.96110248624267,0.968250192189699,0.967359345724211,0.981493225775224,0.96237383921025,0.940531627433587,0.974281458897821,0.957826179803621,0.972700874291562,0.896847159201463,0.964831862880541,0.971222791313396,0.97168387893384,0.957197155044388,0.951798530848443,0.967511667839396,0.962327631681779,0.972166349916208,0.976943357032059,0.960949300130079,0.954509630159004,0.977910237308801,0.970193261316742,0.975582089112558,0.971937694394844,0.969142712232993,0.968457022003885,0.972669723764964,0.962523458698788,0.960693637362859,0.962256875726104,0.947584464899094,0.947881691711742,0.978666339484143,0.954429659999289,0.9730389882309,0.925568750721822,0.967972375899116,0.975951416659773,0.96673169408115,0.914380984191434,0.945571220065174,0.976880131028415,0.973915663441167,0.969513524509753,0.961358193360402,0.950689743544507,0.956057200444818,0.952872625791036,0.945013737548047,0.953630054755042,0.958067500384731,0.97204795910488,0.944082884786874,0.963431880704746,0.934538377664605,0.941453124408589,0.943594902780056,0.957636467216143,0.945421361763949,0.910064527359936,0.864415278201356,0.895966147355087,0.949715683212568,0.974014631958594,0.9734352634435,0.969733240732545
"GSM3137454",0.946730474304998,0.954290984549872,0.933766337417539,0.947305982705495,0.932588254111941,0.969427282509471,0.951261909453137,0.952887997214073,0.944319207410951,0.949435870916388,0.940719281907501,0.969175716764755,1,0.97874723174117,0.97267374276905,0.945912784765922,0.971293869233871,0.949439478017198,0.973071223155108,0.954382346852136,0.952343960524385,0.968037909133947,0.952508686059973,0.965821036721622,0.907586847738296,0.949070660643699,0.981065039266458,0.973137731287634,0.97026145647547,0.974299735110179,0.973420174169037,0.974135382146601,0.975556138396308,0.963819839103584,0.954868912797773,0.958891151415253,0.952100625395006,0.966491062217306,0.97119816251546,0.966375015280103,0.951114038261792,0.970838899533318,0.951625873743175,0.938997647966835,0.964368510436009,0.974978022405825,0.928401537330668,0.927190009877873,0.970918685521414,0.938182217768645,0.980941263056552,0.896163458283177,0.970884878781678,0.972771418631444,0.947790798429905,0.914679002849844,0.948778219843331,0.977060015629868,0.967901885627311,0.973822492901034,0.944811941582848,0.942519240944685,0.960012218252734,0.951215136041486,0.93372359852545,0.939331778440485,0.958610966766836,0.969904834378976,0.949907580726395,0.954190623388136,0.937665076427312,0.949293005512188,0.929523386399756,0.9418142799846,0.939831214891718,0.902545149912326,0.856040659077736,0.891725485866542,0.92873324380441,0.973115698200533,0.973388224766117,0.959761429680093
"GSM3137456",0.951836151753064,0.957306778070033,0.937894942872048,0.954514232627894,0.936128161364017,0.974669341655334,0.952917441570422,0.950647294567223,0.941052736953269,0.9514397403526,0.938523208875328,0.972449747911068,0.97874723174117,1,0.974220271675218,0.943952885880861,0.967344532166588,0.941254076947104,0.977058131576905,0.960957705776552,0.956254923890628,0.976886857680776,0.96063854006958,0.971518709898611,0.909101766597584,0.95106548903087,0.979127642367443,0.971778761058459,0.972621956158813,0.97288046923559,0.980897548169315,0.974312361241281,0.977037660418594,0.963795068538312,0.953825669967708,0.966273635011929,0.95819092718572,0.962715678484307,0.970521651416367,0.967827538811311,0.949105195108038,0.963993779322276,0.955806865421404,0.948987653795308,0.961791919612914,0.978949420940649,0.93816243747857,0.932363954023569,0.971311338549092,0.942240622890355,0.982971709754687,0.893943146121646,0.974781193860014,0.974261728564925,0.949741292483932,0.921696207838279,0.95374783233179,0.97870187442014,0.968558679427658,0.973761116770688,0.944352705006695,0.947803574902481,0.95994595605179,0.95893304620973,0.939456008719874,0.939061917951658,0.96440095972902,0.97392888437489,0.951104866987278,0.95933259165262,0.939250444051691,0.950466460022277,0.936463394185847,0.953023777559543,0.946555969698627,0.900875608800927,0.863475720629612,0.891080709672066,0.937355715951101,0.972991809434015,0.973338256767604,0.955177078513729
"GSM3137461",0.954324873533057,0.954893924522942,0.935213538381074,0.953299080532167,0.9387126585817,0.967910272976214,0.954873396501395,0.953034813716846,0.940356504503676,0.948765780762046,0.946996125413913,0.967897072810424,0.97267374276905,0.974220271675218,1,0.954281793186632,0.966326651123006,0.943559003488497,0.96861207203288,0.959639456652232,0.947099514996264,0.972005633112405,0.960386408397335,0.970239890663234,0.90909916984372,0.957278170274675,0.974227083519363,0.971659086504262,0.971044195404098,0.96379287675263,0.967525608291688,0.972635862246534,0.972572234327714,0.959357644102527,0.945436374686072,0.959702151556184,0.956464836338779,0.956463572164414,0.963906412497437,0.961333985937797,0.949953217332268,0.959102486735762,0.956166305420383,0.939405206556282,0.959574782414998,0.97219987688873,0.940266877362584,0.9294693450642,0.970273439336228,0.946006451546017,0.9711623839518,0.903386394757478,0.972207035743137,0.970689245566262,0.954929249519016,0.924709483919547,0.949331013305338,0.966705707534781,0.967309024864937,0.974907325352064,0.942218169650426,0.947292160261378,0.955915415021511,0.950980958776023,0.928616840800723,0.938507714364937,0.950905227658706,0.966361896708419,0.937807657757418,0.958739374353849,0.943422198658709,0.94866114385834,0.936674600865031,0.946612591142333,0.942393209330437,0.906443472932467,0.873202635716637,0.89175613708597,0.939527722257701,0.973448914911717,0.972704739728629,0.957974595442123
"GSM3137462",0.96899676108413,0.970896944654307,0.956961479813375,0.954856656652837,0.933070821481922,0.954309196115343,0.972858703735751,0.949609071324291,0.931089338714579,0.918812179763284,0.965278324906271,0.96110248624267,0.945912784765922,0.943952885880861,0.954281793186632,1,0.958220772940383,0.969943900692268,0.954855846548029,0.952502750938756,0.918145101805904,0.958314568696498,0.946513552115331,0.95536690480358,0.888482879086182,0.972743553796899,0.950872013381381,0.946052784438607,0.935536931614482,0.923168059164073,0.9396260215294,0.942140701292806,0.956348038762425,0.965669484388649,0.939744994659247,0.929885170955191,0.961745411119906,0.955943619429052,0.938446325821286,0.958825798480414,0.961590329322152,0.958588327495485,0.96499864100631,0.94316367141642,0.937027802771503,0.935801386692811,0.942753170079534,0.942858091460868,0.958479685838964,0.96017923622724,0.947611818488144,0.946323141888665,0.949549942928379,0.961777971399636,0.96332869123881,0.916171642327646,0.910671289725124,0.94659665368492,0.954460058030381,0.958288394192733,0.961289238563823,0.947286674422336,0.94729184173305,0.933746152371227,0.93518768037294,0.958546467137289,0.916438724204016,0.958951666267948,0.920223478085664,0.952682151082312,0.937627196846053,0.925784324256648,0.933052920075245,0.931257047867411,0.924138472426444,0.923809152663866,0.883761959960679,0.896960993448946,0.949887194825003,0.945548946793695,0.962262533631936,0.96858897769612
"GSM3137465",0.95800336162905,0.960720539355872,0.936001322102095,0.936642874154109,0.924636815597731,0.961037759934846,0.959721238193718,0.968392169427031,0.927100506103174,0.95375217258113,0.940811210295179,0.968250192189699,0.971293869233871,0.967344532166588,0.966326651123006,0.958220772940383,1,0.948751452447834,0.967139400946069,0.945576066055507,0.945197026215449,0.962052331732173,0.948964056034558,0.957672030968792,0.888424110605838,0.951426478673255,0.970901090559767,0.967982195995498,0.954529157623663,0.957581514224193,0.960707098671905,0.9591972140345,0.971250027017523,0.964731422655979,0.940013176296979,0.948946055124989,0.954106153942317,0.952921247729825,0.966479944812172,0.963315935452781,0.952512770982342,0.957319016935126,0.954193128982463,0.944612551027588,0.944688565474012,0.962718189626964,0.922571498151587,0.928457295239332,0.968010470685274,0.936026061626696,0.975786743153956,0.898092530772483,0.956855174926628,0.966690441612429,0.945465974324873,0.906449219169076,0.930032512158996,0.966726416080401,0.95503610555602,0.972667623123902,0.93659783208548,0.9388819408471,0.952369412412928,0.941565756004336,0.929932882712199,0.936379290695687,0.942262267019105,0.967543713875994,0.92455762305091,0.94221320336424,0.926463716564562,0.923958192513655,0.914333597031049,0.927976356700713,0.923559786733009,0.891175094573263,0.851412000947705,0.884861055142302,0.930889681184588,0.962000547508452,0.970341951315881,0.956813519611045
"GSM3137467",0.959885592434976,0.970722982372431,0.964755789185748,0.954307774938146,0.920429066583581,0.96050234399115,0.968798536524516,0.95232948879612,0.938572598346491,0.924842728032351,0.959503283064563,0.967359345724211,0.949439478017198,0.941254076947104,0.943559003488497,0.969943900692268,0.948751452447834,1,0.95950145047098,0.947055582285447,0.910589264263263,0.952486650383227,0.938031930788715,0.953621219550875,0.879173105628782,0.966719049979635,0.9510950015981,0.945885001351519,0.925476474418454,0.918412646925702,0.940989210901768,0.936382561741421,0.951850871804262,0.97222660247183,0.953747540697255,0.924210326542455,0.969057243261353,0.965951981955316,0.948610099024247,0.957646655574861,0.97205746286578,0.966420437672001,0.96951971654953,0.946103717931222,0.944687744792225,0.927236234984942,0.936753457033521,0.94441886213046,0.961952581881041,0.957115396741733,0.945100583057727,0.956743954730844,0.944110689535478,0.963868971808338,0.967072619578859,0.900482922293089,0.915945401363317,0.952514798192499,0.959380995075682,0.949321075279109,0.967686579689288,0.940078436205902,0.94335189563221,0.932324564949445,0.935663912890225,0.962879455189009,0.927049815065275,0.955914218590224,0.930092116300599,0.955471832859481,0.925733292314085,0.925712718476828,0.934184827245704,0.935132926750833,0.928388814786346,0.923320008455235,0.867721214565498,0.893861226677931,0.944738867775355,0.951219166690154,0.960244333760011,0.973258381861973
"GSM3137469",0.957495227067865,0.963808545353708,0.952577488701184,0.952440946054118,0.930817290540033,0.979920822726362,0.958855850674647,0.959581492781393,0.946982992640372,0.954356691952019,0.941246032154325,0.981493225775224,0.973071223155108,0.977058131576905,0.96861207203288,0.954855846548029,0.967139400946069,0.95950145047098,1,0.964233828036878,0.943648345212997,0.976496275752981,0.952875809683994,0.973775148088031,0.897157188377886,0.959284494048066,0.977262145304278,0.97205056284448,0.961505942797426,0.957660858379552,0.974610628225436,0.964351654349246,0.976681127963612,0.969310201258679,0.960416919380598,0.95594287736962,0.970279550463384,0.967152860884467,0.975424239100749,0.971592461370223,0.961871670321719,0.969410790951509,0.964460108692682,0.964926526787882,0.960155602680485,0.967088589142111,0.938325794244289,0.938249896424795,0.974620032534084,0.946850560695795,0.977754800250268,0.913654399680795,0.971302061261428,0.977116995957751,0.960066042813098,0.912875469309109,0.944688016053449,0.98090553786887,0.967931675032804,0.967993021872107,0.953886732921403,0.947314765045644,0.95110835835193,0.952177800013795,0.946605153229733,0.943592953594133,0.960981905621345,0.971723099116746,0.949027006441634,0.959874607602232,0.932813300119882,0.941347730373647,0.938539409216629,0.952841666585697,0.942477077416283,0.90310896325319,0.854589860239156,0.89244767812048,0.942066012334554,0.973843317879728,0.97622663131633,0.962703182247542
"GSM3137473",0.954211753832845,0.960395645432164,0.959797683210799,0.961993234966709,0.944957722842518,0.965153513307778,0.946151422714198,0.932789157788369,0.94834741349502,0.924135762941193,0.948322660566696,0.96237383921025,0.954382346852136,0.960957705776552,0.959639456652232,0.952502750938756,0.945576066055507,0.947055582285447,0.964233828036878,1,0.940362666128298,0.97420761150084,0.950890153678718,0.969229017517461,0.914205608050999,0.96178499121396,0.962984916888039,0.941584440900486,0.944610337412201,0.939914892029884,0.9651177794332,0.955533093870603,0.960577422597351,0.950130009853255,0.961454544045237,0.954302757517886,0.958453309159292,0.95914051627261,0.945515849732699,0.966785826438059,0.941419173170396,0.959194710246992,0.960074634737236,0.956540812124961,0.951838729034001,0.950261990763535,0.956430264482975,0.944712805201387,0.959921617942952,0.963901003874464,0.958322643687509,0.917146582520187,0.968683763883846,0.967460684833233,0.965755856664401,0.933274234725234,0.940964343034647,0.963460299467178,0.968193694779573,0.954048228374069,0.95966787450183,0.967689865796833,0.957936460735595,0.962948315612364,0.952840782067469,0.952437962378727,0.948889591730855,0.962777323855273,0.957980316855504,0.969791255251107,0.947752347065009,0.949349083935988,0.959536378972241,0.965765964605349,0.947900215691855,0.925048592765171,0.889171802917896,0.907208694687852,0.956365158363302,0.948739878683229,0.967455444369001,0.951057349463509
"GSM3137475",0.928479759847447,0.92820848787507,0.914709016769349,0.932568799710983,0.93049714235967,0.940544542383472,0.917937050810344,0.916351962997974,0.937590255411058,0.932130303641029,0.920502438868842,0.940531627433587,0.952343960524385,0.956254923890628,0.947099514996264,0.918145101805904,0.945197026215449,0.910589264263263,0.943648345212997,0.940362666128298,1,0.952419535246371,0.939879868520557,0.937412197979322,0.913046055789407,0.920547787917545,0.95109562189543,0.937381817257913,0.944600218075977,0.951979217485014,0.953642216560379,0.950874753761565,0.942861443367906,0.935162174798797,0.943632119103417,0.958762387464792,0.92273294746036,0.941984064718839,0.934813092068407,0.942056093314896,0.916666173871888,0.939181414291824,0.929717838973066,0.911714687414661,0.94850580829189,0.955090156813701,0.924254965947665,0.926302247548011,0.94024213798357,0.92533205695235,0.955213934333561,0.86423186267605,0.945930904742163,0.942502094385787,0.923350360199844,0.917519882131444,0.941173616551872,0.955724724380108,0.947234591964651,0.94466605397904,0.921444908386384,0.940287280096399,0.951230844594074,0.956609519289791,0.919830122758759,0.922837107633513,0.954917430653124,0.94971145463969,0.940281724121546,0.938384239674869,0.931354917732443,0.939224608234107,0.925049909769412,0.932042010239726,0.934428713526611,0.899386897287883,0.869057356963852,0.904773175591943,0.923022255971927,0.938687124439765,0.945209932156134,0.929926902077634
"GSM3137477",0.9661469192443,0.96902315831392,0.960707455552661,0.96847365636121,0.952340909817586,0.97723689331126,0.957483856146033,0.944019855996384,0.94727833580265,0.936694978222094,0.955349451002406,0.974281458897821,0.968037909133947,0.976886857680776,0.972005633112405,0.958314568696498,0.962052331732173,0.952486650383227,0.976496275752981,0.97420761150084,0.952419535246371,1,0.961445038480395,0.976379384091039,0.921560081175131,0.967137050734514,0.976220281887902,0.957941350927943,0.957153457615485,0.952862966129698,0.977461325107704,0.963535565343054,0.971030155461881,0.965732086619848,0.961618073906399,0.961209752197016,0.969274060182854,0.966790637440858,0.959333083090136,0.977314164796547,0.950632139800826,0.964684486291434,0.968966580636385,0.963238233339117,0.957513197053844,0.967366263354446,0.957069866895301,0.947301955773213,0.9673228459194,0.96597317969704,0.974474605865849,0.918137523427792,0.972508866470488,0.978828102980011,0.96365433626685,0.938369325514886,0.943835968251923,0.975588264116207,0.974364322626673,0.964754306685651,0.96207098198383,0.967268056806916,0.96823037984586,0.967339552658196,0.9577433391658,0.955260933478499,0.957868186549589,0.97597601456071,0.95295207968374,0.969728743442356,0.956753291762762,0.950797456191066,0.956923824482311,0.962899713058516,0.944833802719876,0.925981992927304,0.892303112374441,0.911513362408942,0.961363441308174,0.960768330406447,0.974167293203387,0.96005728432767
"GSM3137479",0.955205977006047,0.950932213001391,0.94081836895933,0.955683626764332,0.942394651993961,0.961144704718662,0.951517703907425,0.949114036955127,0.936688929819672,0.934448106829784,0.942757298266597,0.957826179803621,0.952508686059973,0.96063854006958,0.960386408397335,0.946513552115331,0.948964056034558,0.938031930788715,0.952875809683994,0.950890153678718,0.939879868520557,0.961445038480395,1,0.954308225424278,0.916886199533504,0.945260592025626,0.955558798747034,0.958468716624839,0.950777330596809,0.942039952439865,0.952506884773198,0.960657546283545,0.954339758439278,0.960149733991281,0.942210030697333,0.945675863956114,0.954183182686078,0.959280452506593,0.947794988947983,0.953062009134575,0.951759629251215,0.957277156894497,0.959288091278924,0.92295213492192,0.950009914938142,0.954188122876774,0.952068939933525,0.941401099896853,0.963262916154575,0.946323395063314,0.954601283483948,0.908610980192365,0.955326346655257,0.954917248557143,0.950157959732435,0.930697742259008,0.941660990687991,0.961219705722588,0.961503925381787,0.963900482002463,0.943602001487133,0.946702102106419,0.955358745753551,0.947514026219957,0.929513189079842,0.938710492465422,0.940901004955554,0.964191851302457,0.942028697667577,0.960918166611904,0.946329315391877,0.950254726243313,0.943579644771734,0.950866246969364,0.941670138157161,0.92038589769686,0.890319747708081,0.897254159118096,0.95668845637232,0.95730913913953,0.95336230462107,0.953093683979137
"GSM3137480",0.960807107550806,0.964001488627891,0.948483404299133,0.957029710427902,0.931569888038227,0.975946276276984,0.958045074714089,0.951408211374726,0.942497985386831,0.940647315612227,0.947976719794028,0.972700874291562,0.965821036721622,0.971518709898611,0.970239890663234,0.95536690480358,0.957672030968792,0.953621219550875,0.973775148088031,0.969229017517461,0.937412197979322,0.976379384091039,0.954308225424278,1,0.894714810111434,0.963718739783574,0.970833057963024,0.962420402066068,0.95762745579073,0.948782053297525,0.971314742598414,0.96590187683973,0.974448253118124,0.961013303459211,0.955496480471115,0.952658430473612,0.966715728858451,0.958074773384853,0.96199936870558,0.970008308878954,0.952692963805105,0.962003411192048,0.960865016825566,0.961610498665993,0.957684268924319,0.961032563172989,0.943379760133522,0.938514424496318,0.972248533577967,0.951884897856883,0.96950001095854,0.915872929088983,0.972334231481739,0.976311475550042,0.962246950540928,0.916354045270312,0.94342473428604,0.9664676055099,0.967495829399818,0.968913082958422,0.954576897483704,0.950218110449563,0.950843761818748,0.952333755372388,0.944920196911393,0.9473437631663,0.949703248651175,0.967707654084256,0.943624834658996,0.966091642123414,0.937488279329546,0.945072245705745,0.942451667476832,0.956020893249452,0.945636755563216,0.905181586091123,0.866279923462257,0.887561842291287,0.947878495802055,0.967318515708065,0.973116361302565,0.955215336914085
"GSM3137487",0.903669936977383,0.895668924134129,0.90883153495846,0.932943870761989,0.961904279349447,0.902284788629095,0.877571691828712,0.859689161923207,0.921240495679169,0.850690232453313,0.903497524532773,0.896847159201463,0.907586847738296,0.909101766597584,0.90909916984372,0.888482879086182,0.888424110605838,0.879173105628782,0.897157188377886,0.914205608050999,0.913046055789407,0.921560081175131,0.916886199533504,0.894714810111434,1,0.895188504100358,0.909661469017057,0.88239428705861,0.898359939681142,0.90683973777892,0.905417329112273,0.90754257011087,0.883675581724946,0.894226411571636,0.904464070789397,0.914222011017216,0.892134390924606,0.929900330205331,0.878389279802082,0.911416809559713,0.872249898899921,0.905355202641844,0.915782708196639,0.857300912064745,0.895562045714316,0.91485839818852,0.938160150561628,0.898106225957456,0.896682155893708,0.924252424191063,0.900629309631632,0.869484997616508,0.915988669228654,0.900092231697488,0.907792734145709,0.951031339450738,0.902743743165414,0.916883015037909,0.936137588771612,0.894673434901543,0.918016312307804,0.938348810579805,0.950251664704669,0.929862914935188,0.910643195338755,0.915807531412702,0.909295444703734,0.919994877401451,0.93705495600924,0.92182549687105,0.961374066285061,0.949708836072908,0.941754048502117,0.921036252382806,0.895994104516878,0.948725595542924,0.935050752214393,0.934521320342675,0.936554537632902,0.889150091604836,0.897613245964044,0.914554665813286
"GSM3137489",0.966191670119176,0.974180261948358,0.960974640062192,0.962848020071156,0.934557138652893,0.96327063011626,0.969190961081304,0.941328316623654,0.935873207832855,0.918974558606695,0.966212106519342,0.964831862880541,0.949070660643699,0.95106548903087,0.957278170274675,0.972743553796899,0.951426478673255,0.966719049979635,0.959284494048066,0.96178499121396,0.920547787917545,0.967137050734514,0.945260592025626,0.963718739783574,0.895188504100358,1,0.955208385419291,0.945749472702996,0.936954631929887,0.926383616956785,0.949618535961326,0.944722809313575,0.960511559622489,0.964825246068698,0.952230368946154,0.935180672231231,0.969420253010696,0.959742692936288,0.940905652985321,0.966556057826588,0.960811538406803,0.956898193796859,0.967491077387707,0.955703292540585,0.947072377751198,0.939875046605889,0.947114976608867,0.945922886858833,0.959757429066441,0.962309161575061,0.951222979124818,0.952300669239974,0.956962262452452,0.972778749414572,0.969588350687654,0.922697388721064,0.923362500598986,0.9499819115256,0.959931481395593,0.955395623404963,0.963873828470993,0.951529463579594,0.946440473964311,0.943548575150254,0.943061389390076,0.954784137975234,0.926764426008526,0.962097226725738,0.929996130480916,0.95972736504467,0.94168445921476,0.930810672884609,0.938961304847175,0.945207939829699,0.934552203994389,0.926116186469084,0.887596127670647,0.898390010043336,0.955059581501838,0.949572280009922,0.968655247772437,0.965886397963526
"GSM3137494",0.951823481368651,0.960895620539342,0.942520115441041,0.951212330398551,0.937905029671556,0.974130041274326,0.956886099361808,0.951452567641875,0.94510043867039,0.947093524435938,0.943090922441409,0.971222791313396,0.981065039266458,0.979127642367443,0.974227083519363,0.950872013381381,0.970901090559767,0.9510950015981,0.977262145304278,0.962984916888039,0.95109562189543,0.976220281887902,0.955558798747034,0.970833057963024,0.909661469017057,0.955208385419291,1,0.970079923717259,0.967893118540583,0.968502511194133,0.97700308451751,0.971926683209152,0.980123860006294,0.962664555370297,0.956994791464659,0.959187572991145,0.958649373544496,0.964098898902175,0.968614218817035,0.97278700390332,0.953463168417617,0.96723735001317,0.956681532989446,0.955824504809057,0.961267647383639,0.973593660550612,0.937243139760553,0.931009364601313,0.969734257105513,0.946429782769159,0.981322543017093,0.903549828195562,0.975639071050831,0.978601512748657,0.953450139573744,0.92205002495965,0.948394471236149,0.977752182074626,0.970101999560905,0.971266800907196,0.948298800947009,0.951871846569927,0.960956064974848,0.956650692704976,0.943542301829477,0.942794580727436,0.958186246160113,0.973828940251459,0.949531538434782,0.956628051990342,0.945246033905267,0.948468067659042,0.938253914241445,0.94812900914532,0.942387495465277,0.909602697785887,0.866267811316638,0.896953436495783,0.939550657868691,0.971475101717059,0.980213031413768,0.959259216649284
"GSM3137502",0.946116159519086,0.949937692540797,0.921176503408709,0.934777761746741,0.91387037033981,0.968553612466043,0.955028848853911,0.968376692475595,0.933406644912984,0.965803764972474,0.92943362167338,0.97168387893384,0.973137731287634,0.971778761058459,0.971659086504262,0.946052784438607,0.967982195995498,0.945885001351519,0.97205056284448,0.941584440900486,0.937381817257913,0.957941350927943,0.958468716624839,0.962420402066068,0.88239428705861,0.945749472702996,0.970079923717259,1,0.969023389709559,0.963159224194189,0.961418127992467,0.970842010652509,0.975250201417267,0.964553051523756,0.943387785133896,0.947842360342645,0.955914748279421,0.955657741571024,0.975123424509452,0.954952854083946,0.958547042086538,0.963006691558236,0.948394580468305,0.935713737356821,0.961384645693728,0.968710203366345,0.917914674692433,0.922551421470878,0.977488677745299,0.921992767168212,0.972400314687214,0.894247984147629,0.9654658311263,0.964567473794812,0.943901280846036,0.895053451818213,0.94815729907531,0.968338955576001,0.95754567048239,0.977476817718971,0.932525332825171,0.921297438414946,0.936939016896151,0.933503271220668,0.918052205068826,0.921373863788687,0.949576368019693,0.963485643434921,0.927910131767806,0.947687863220587,0.91676481925508,0.93474301710423,0.910807603419651,0.932102162702488,0.938651381110541,0.880396544935952,0.83789158309448,0.871929850995062,0.922305198158737,0.981987886426172,0.970411752393998,0.956297033351312
"GSM3137503",0.927638009885666,0.939130695779431,0.9121071784329,0.938078813573702,0.92201766385282,0.955562380794733,0.944131061011858,0.937186083369253,0.930911765887004,0.940061204039894,0.933137447683331,0.957197155044388,0.97026145647547,0.972621956158813,0.971044195404098,0.935536931614482,0.954529157623663,0.925476474418454,0.961505942797426,0.944610337412201,0.944600218075977,0.957153457615485,0.950777330596809,0.95762745579073,0.898359939681142,0.936954631929887,0.967893118540583,0.969023389709559,1,0.978006623294038,0.967541684458816,0.971844319395239,0.968956293071081,0.947381796887025,0.934109580213483,0.958658903112625,0.93442728926763,0.950861776449222,0.95329407407282,0.948553608942954,0.940274771252832,0.951640365859783,0.935087580599923,0.914836926929293,0.958870245584732,0.97721468297517,0.922305951974923,0.913185130522656,0.961599655754235,0.924238003197737,0.970784278122566,0.884747309812131,0.969624789762005,0.957944474786757,0.933920054270644,0.91000537416724,0.949619838169054,0.962493831955644,0.954041565521322,0.966852584162381,0.92561320416108,0.934295225482288,0.945692271372055,0.940543846894854,0.912327263817406,0.923722899162559,0.95032786574607,0.95547498142036,0.938511733998166,0.937806437337059,0.928373752372689,0.949037337915739,0.922975362473499,0.930572287553475,0.937908753963775,0.892075892473227,0.847673015493753,0.877220634329558,0.913853390318055,0.971705923017377,0.962773260040933,0.949949549789772
"GSM3137504",0.919393606414001,0.932261078442562,0.906375653741988,0.931357807960859,0.921913548499505,0.950431374354977,0.930670189723679,0.933013237930102,0.926472575139545,0.939873031337407,0.923092097946871,0.951798530848443,0.974299735110179,0.97288046923559,0.96379287675263,0.923168059164073,0.957581514224193,0.918412646925702,0.957660858379552,0.939914892029884,0.951979217485014,0.952862966129698,0.942039952439865,0.948782053297525,0.90683973777892,0.926383616956785,0.968502511194133,0.963159224194189,0.978006623294038,1,0.968822965402779,0.967084012773613,0.963339891054926,0.943196800186447,0.934048049686362,0.96031223856714,0.926971483135392,0.948676293396829,0.953474814700702,0.945721397166437,0.928988752172015,0.950975408304027,0.93003362002653,0.909536271902294,0.955831163436508,0.978420387608651,0.915013270307533,0.910088563964714,0.955645155545391,0.91696531195751,0.974055732045098,0.867157255220294,0.964452028952312,0.95437660311943,0.927458716563656,0.909619553916941,0.948595445033475,0.964465775218227,0.954512991823051,0.961624942216446,0.922245006022132,0.931986041028998,0.950709604479767,0.943832904663754,0.910778977958464,0.919351773132189,0.957242444072599,0.9527617803231,0.940854156654759,0.93476640602721,0.925139384931158,0.947705064732772,0.917631951614923,0.927124115496624,0.933563318279429,0.888038647605709,0.848207134574461,0.882755525173777,0.906555072533712,0.963694528466222,0.959188939298035,0.943042999089728
"GSM3137508",0.941793299322539,0.956237436229924,0.942424159246496,0.952633622306812,0.930343059071172,0.971058260957197,0.947438594937908,0.939659255253569,0.935861331398998,0.940551834266836,0.941289644891137,0.967511667839396,0.973420174169037,0.980897548169315,0.967525608291688,0.9396260215294,0.960707098671905,0.940989210901768,0.974610628225436,0.9651177794332,0.953642216560379,0.977461325107704,0.952506884773198,0.971314742598414,0.905417329112273,0.949618535961326,0.97700308451751,0.961418127992467,0.967541684458816,0.968822965402779,1,0.964249058744059,0.973323670069749,0.959399307300845,0.955888821840669,0.963927852884275,0.953891970986428,0.959560089206889,0.959423998273557,0.967884255820812,0.943647200916342,0.962018282306602,0.952070214970538,0.951137645725357,0.961852981327631,0.972745905401957,0.938653892196969,0.936785239679698,0.964290486343944,0.944616771732422,0.981706521187488,0.893527780294608,0.969834131592093,0.974902754720715,0.949387926870383,0.920959340624094,0.948739344548439,0.976806636478727,0.966777797080088,0.963454885111475,0.948718084495963,0.953681813755814,0.960189991384147,0.961682371701604,0.942141828937524,0.93981142951367,0.965012159409288,0.968219903029933,0.953876797487481,0.958546833843466,0.936642413716589,0.949136492409494,0.941309245056503,0.954409869717274,0.943085868295471,0.902294632457394,0.862841235170101,0.891333934687042,0.936475999309369,0.963721985001412,0.972082127647369,0.95156366350508
"GSM3137512",0.948197888364615,0.950190877148414,0.928430887795259,0.947240232347979,0.935090810013751,0.965739383503349,0.950733789985357,0.947603802424482,0.946982873694988,0.94757113872595,0.933825035160021,0.962327631681779,0.974135382146601,0.974312361241281,0.972635862246534,0.942140701292806,0.9591972140345,0.936382561741421,0.964351654349246,0.955533093870603,0.950874753761565,0.963535565343054,0.960657546283545,0.96590187683973,0.90754257011087,0.944722809313575,0.971926683209152,0.970842010652509,0.971844319395239,0.967084012773613,0.964249058744059,1,0.971861616687203,0.95442722685272,0.948783372597021,0.959061653564098,0.947399505158525,0.960576944918369,0.964438581542917,0.958771940486361,0.947327003156767,0.961072941594839,0.948120260278245,0.932141318249997,0.961578236499697,0.972887817805789,0.933967312309543,0.926055978989506,0.97062556977499,0.935037826677226,0.971127790305032,0.892989206015856,0.973363532017659,0.964177834042284,0.944597962128061,0.920747388376634,0.953701277982867,0.969406507562536,0.963894899807819,0.972027223341679,0.935604939504403,0.941774212269034,0.953394077241417,0.94795359147437,0.93031821508672,0.935058227601784,0.953436274075293,0.969140359238848,0.949146491186796,0.953853901043838,0.938898982205136,0.955097384675855,0.930471853775396,0.945999192633896,0.945551707676209,0.903284060448775,0.861971072413964,0.887361497709298,0.931798767590098,0.973639693299709,0.968617566973166,0.952873113119359
"GSM3137516",0.951996301083118,0.962002950914044,0.935709712501596,0.944180399403753,0.919638935468953,0.97386106602184,0.963736818945783,0.957788377173435,0.933353874902188,0.952232869877239,0.941415367214769,0.972166349916208,0.975556138396308,0.977037660418594,0.972572234327714,0.956348038762425,0.971250027017523,0.951850871804262,0.976681127963612,0.960577422597351,0.942861443367906,0.971030155461881,0.954339758439278,0.974448253118124,0.883675581724946,0.960511559622489,0.980123860006294,0.975250201417267,0.968956293071081,0.963339891054926,0.973323670069749,0.971861616687203,1,0.964780446139574,0.953464124991363,0.954117770123425,0.958815600599892,0.957145554683555,0.969007797164214,0.96941578208363,0.958242903430865,0.965632401349928,0.953205858924292,0.957886871932626,0.96243881363309,0.970399825547943,0.925602707738039,0.929520036246285,0.974700978930432,0.936596011572473,0.98020094145028,0.902228390436815,0.974601792199347,0.979174860269906,0.951090527044923,0.904799886573771,0.944276643467517,0.970749635603428,0.961145765414463,0.97462787727239,0.941253999814511,0.938575071437462,0.945825371926058,0.945043202807332,0.934488420671761,0.933467476128013,0.950022375298994,0.969642026186242,0.935274145307978,0.95292233267112,0.928481447564047,0.934731742002078,0.920995090384629,0.94113230639319,0.940383186908447,0.888371704063701,0.845202011440156,0.876149981763813,0.929941290089462,0.975349354393909,0.981156335673112,0.956108340660474
"GSM3137518",0.964586952370586,0.972403575474361,0.958902211658189,0.957591418320536,0.92987754160962,0.970188870940193,0.972300221492877,0.963293863931971,0.937779638589828,0.946273283536383,0.95695555705282,0.976943357032059,0.963819839103584,0.963795068538312,0.959357644102527,0.965669484388649,0.964731422655979,0.97222660247183,0.969310201258679,0.950130009853255,0.935162174798797,0.965732086619848,0.960149733991281,0.961013303459211,0.894226411571636,0.964825246068698,0.962664555370297,0.964553051523756,0.947381796887025,0.943196800186447,0.959399307300845,0.95442722685272,0.964780446139574,1,0.956906859128007,0.943861773615356,0.972283947378705,0.970517122948882,0.962034738272949,0.964961880153846,0.973546924847786,0.969972520695806,0.973459987254496,0.948287000811143,0.958205379104444,0.952021986807197,0.941992550364587,0.950190893162001,0.972299101758944,0.952882982230734,0.965865493062787,0.935703271995292,0.95273862138291,0.970924362300864,0.96079142575034,0.911972354438905,0.934785979778815,0.969396612966572,0.966395242943195,0.964579091913553,0.961719876041474,0.94200604471595,0.956514024059722,0.946144624651816,0.937454947654075,0.955803322578768,0.94601987760392,0.971145698684856,0.934897835409839,0.959686936931724,0.935634607305403,0.93603794512092,0.935835656548617,0.944366243097513,0.93843257513018,0.917601638394458,0.872984623466195,0.899393131000951,0.949151630626116,0.964407950505525,0.965507439038279,0.973783831782499
"GSM3137519",0.946407834957718,0.955054438646795,0.952930391427812,0.951475704627167,0.930716282026325,0.962070367633557,0.94005131610294,0.931727585000651,0.956918693035955,0.935126375923351,0.938627115642499,0.960949300130079,0.954868912797773,0.953825669967708,0.945436374686072,0.939744994659247,0.940013176296979,0.953747540697255,0.960416919380598,0.961454544045237,0.943632119103417,0.961618073906399,0.942210030697333,0.955496480471115,0.904464070789397,0.952230368946154,0.956994791464659,0.943387785133896,0.934109580213483,0.934048049686362,0.955888821840669,0.948783372597021,0.953464124991363,0.956906859128007,1,0.950155649553467,0.955654743735676,0.963867162312557,0.950170339050349,0.958984455594115,0.946449479511378,0.96439089891303,0.955427644162144,0.946132459179938,0.960070530058405,0.942347199698239,0.94048345441707,0.947575936577221,0.956633157642717,0.949739420483388,0.952524425219467,0.914639372154818,0.956949220004116,0.962044382269728,0.955677685605398,0.915168833764015,0.944223178020959,0.964449975462448,0.96459071420702,0.945759527776522,0.953873760280885,0.948538202177436,0.948625092760236,0.960612824443145,0.943263046998906,0.945622934710337,0.955503060303392,0.958722187123118,0.957066956321733,0.961739951136656,0.933264709064749,0.94376646242638,0.942590070226819,0.954731811115547,0.949737825894446,0.91753164924315,0.873113809897636,0.910317825331148,0.942410887493501,0.95076295105306,0.960634482137223,0.952257819932234
"GSM3137529",0.93451169612463,0.941489990008236,0.930270592965979,0.946411883645472,0.936013116779484,0.954096765269687,0.933130817124002,0.929789103894042,0.945783156643814,0.943504517155411,0.929382917925468,0.954509630159004,0.958891151415253,0.966273635011929,0.959702151556184,0.929885170955191,0.948946055124989,0.924210326542455,0.95594287736962,0.954302757517886,0.958762387464792,0.961209752197016,0.945675863956114,0.952658430473612,0.914222011017216,0.935180672231231,0.959187572991145,0.947842360342645,0.958658903112625,0.96031223856714,0.963927852884275,0.959061653564098,0.954117770123425,0.943861773615356,0.950155649553467,1,0.939306470521125,0.953244318622036,0.946040246468045,0.949461320514371,0.932720538400478,0.945553863909392,0.942871831552155,0.924908157535216,0.958046268170886,0.963086022144211,0.93828707221475,0.935343907860051,0.953683662192732,0.938573662705742,0.96321645806004,0.884168047239795,0.958829852776217,0.954753216585565,0.9414672124225,0.925840905738769,0.953754582813864,0.963783984997451,0.957701568305114,0.954306691613413,0.933430452521368,0.951428323460734,0.95444154960974,0.965197820925587,0.929762483026676,0.933091558036685,0.965254652281861,0.95704814856753,0.949881302633,0.947476678464202,0.936711670892304,0.947589147838248,0.938941683432662,0.946147258478497,0.948331436621713,0.906743485549479,0.87380390901872,0.906141582304768,0.931402475398422,0.954993224131496,0.956532443237995,0.943496892088615
"GSM3137532",0.972022504648699,0.975079031439718,0.967526117958591,0.961462761334584,0.93350415674007,0.975952774253743,0.968651849663992,0.95890204433235,0.94255395010205,0.941634776418231,0.948749128450629,0.977910237308801,0.952100625395006,0.95819092718572,0.956464836338779,0.961745411119906,0.954106153942317,0.969057243261353,0.970279550463384,0.958453309159292,0.92273294746036,0.969274060182854,0.954183182686078,0.966715728858451,0.892134390924606,0.969420253010696,0.958649373544496,0.955914748279421,0.93442728926763,0.926971483135392,0.953891970986428,0.947399505158525,0.958815600599892,0.972283947378705,0.955654743735676,0.939306470521125,1,0.966251923989314,0.963164912536541,0.967492489025002,0.970024161050561,0.958385958936813,0.976236052946158,0.965694739373663,0.946241277430556,0.942816505810463,0.951415913269614,0.950591250638828,0.967463033221918,0.959308860449504,0.955054812259916,0.943244863695471,0.95672101860217,0.971662920840855,0.969172225259017,0.914756639479576,0.93150542196445,0.962852954866736,0.965741387301859,0.958829226854136,0.961730103692067,0.946346050896314,0.94491431373048,0.945990690794121,0.947598605365802,0.95470582350439,0.943050254955886,0.968010828815874,0.932263416824818,0.963222612418579,0.933794319472274,0.929122027611609,0.942228574087342,0.958575476138413,0.938984935359802,0.915363643379925,0.878417894667592,0.89501443129559,0.957532010142786,0.960861337000324,0.964040941327719,0.967144054695995
"GSM3137536",0.961324151115436,0.969951953412985,0.965290321880456,0.968597607263884,0.955123171077364,0.967182061684317,0.962170366014143,0.94502060142821,0.960197419516936,0.931384322581831,0.955330260041477,0.970193261316742,0.966491062217306,0.962715678484307,0.956463572164414,0.955943619429052,0.952921247729825,0.965951981955316,0.967152860884467,0.95914051627261,0.941984064718839,0.966790637440858,0.959280452506593,0.958074773384853,0.929900330205331,0.959742692936288,0.964098898902175,0.955657741571024,0.950861776449222,0.948676293396829,0.959560089206889,0.960576944918369,0.957145554683555,0.970517122948882,0.963867162312557,0.953244318622036,0.966251923989314,1,0.955462653179159,0.968052228438528,0.964800182305004,0.971854203743746,0.973969434779872,0.937713296832698,0.957261238923236,0.957128430792006,0.957655722486999,0.950082144592611,0.967501854231574,0.960239048651262,0.961814319528747,0.939195773939924,0.961595292182266,0.96820796865718,0.963209363679556,0.93902072295465,0.94453491340026,0.973977686022329,0.973277894973212,0.957086987888022,0.966093868513975,0.959823782816861,0.967887590015217,0.956995558570523,0.954185794769316,0.96430911769483,0.954302386844882,0.975163496694941,0.966057809985178,0.963712824102173,0.954638856395919,0.961358613733098,0.955862862594957,0.956398566200728,0.945635007549718,0.946915471083339,0.894215436556376,0.922572845051687,0.958076560939964,0.960425302107974,0.964943872772146,0.976504470158759
"GSM3137539",0.94789988444436,0.949840162443398,0.932197285296634,0.933764421234694,0.914833266875607,0.970961709403449,0.947600757724543,0.968501564239453,0.938489604087605,0.968060304728753,0.915914306351094,0.975582089112558,0.97119816251546,0.970521651416367,0.963906412497437,0.938446325821286,0.966479944812172,0.948610099024247,0.975424239100749,0.945515849732699,0.934813092068407,0.959333083090136,0.947794988947983,0.96199936870558,0.878389279802082,0.940905652985321,0.968614218817035,0.975123424509452,0.95329407407282,0.953474814700702,0.959423998273557,0.964438581542917,0.969007797164214,0.962034738272949,0.950170339050349,0.946040246468045,0.963164912536541,0.955462653179159,1,0.956310200235286,0.952413631328947,0.96279560658578,0.95179464819921,0.950630045235834,0.950890652129461,0.96078436790763,0.918032549760119,0.919426916063994,0.973619702301499,0.925975249252674,0.970016541973085,0.887528199596324,0.96309896458868,0.963372977822201,0.947032372853237,0.890722374885699,0.94262024403856,0.974278223975009,0.960382119088612,0.969678767512238,0.934186358066773,0.9230725838644,0.938591322390726,0.936988287899136,0.927202510178725,0.928011353412495,0.952853854680871,0.963612263904809,0.934495803576273,0.949223426954448,0.910959710002717,0.928222909956963,0.913961861109086,0.943152904056943,0.935001118265953,0.874648222128506,0.830148478313752,0.871595629143322,0.921745530574941,0.976018813214038,0.965251894225462,0.949907823176972
"GSM3137540",0.966481418938805,0.973796810762373,0.960790491093775,0.961120428815052,0.942973073200918,0.973788448143983,0.963875914165364,0.943987987461254,0.942669340496574,0.929902060316729,0.954213499081418,0.971937694394844,0.966375015280103,0.967827538811311,0.961333985937797,0.958825798480414,0.963315935452781,0.957646655574861,0.971592461370223,0.966785826438059,0.942056093314896,0.977314164796547,0.953062009134575,0.970008308878954,0.911416809559713,0.966556057826588,0.97278700390332,0.954952854083946,0.948553608942954,0.945721397166437,0.967884255820812,0.958771940486361,0.96941578208363,0.964961880153846,0.958984455594115,0.949461320514371,0.967492489025002,0.968052228438528,0.956310200235286,1,0.956432947324282,0.961342901176658,0.96672527011716,0.963863170537815,0.951344781125787,0.957725344545863,0.949290355040374,0.946754889426767,0.96451802615718,0.958352035797354,0.969843512136362,0.927048987514155,0.966807344789062,0.977560847369089,0.960391747530692,0.929257657903359,0.933600715726235,0.96912897292996,0.968087864717556,0.959259764817166,0.959832519046996,0.960115549204575,0.960049954663747,0.955757238888348,0.958820560871581,0.95416283283993,0.946659596009523,0.975929681031658,0.946124268402457,0.96159170865081,0.951077473582598,0.941846256144124,0.945162084328518,0.952823293941712,0.935776740255281,0.923026369403639,0.881712407956458,0.903774802458693,0.958155178576182,0.955520408642856,0.973013548125513,0.962052112568093
"GSM3137542",0.960017806975798,0.973000516088464,0.954575306768271,0.950496314974914,0.914774830223302,0.96328301435637,0.978516620327277,0.96063611462059,0.933520168790455,0.940228229680226,0.951249774065802,0.969142712232993,0.951114038261792,0.949105195108038,0.949953217332268,0.961590329322152,0.952512770982342,0.97205746286578,0.961871670321719,0.941419173170396,0.916666173871888,0.950632139800826,0.951759629251215,0.952692963805105,0.872249898899921,0.960811538406803,0.953463168417617,0.958547042086538,0.940274771252832,0.928988752172015,0.943647200916342,0.947327003156767,0.958242903430865,0.973546924847786,0.946449479511378,0.932720538400478,0.970024161050561,0.964800182305004,0.952413631328947,0.956432947324282,1,0.956623265708457,0.968927270713237,0.940735257061059,0.951585477142164,0.936744735005543,0.935863792274421,0.944376210842425,0.964403095337293,0.947789329761336,0.950830879124331,0.946613794195875,0.946781485706413,0.963420986250077,0.958572132917135,0.897910220219686,0.927066329837725,0.955714626446053,0.95304020147914,0.955782745091735,0.948528028590704,0.933962775661377,0.936775827693782,0.931513035828294,0.931476976374778,0.951424238432081,0.93263604367778,0.961011240091382,0.922269762937885,0.945153757322948,0.921321884191643,0.92366923567782,0.925453875028572,0.93200132573402,0.930913935268325,0.911254212195947,0.858389930349752,0.878385562302537,0.938838063383388,0.962980661994571,0.96272733116789,0.973806510488796
"GSM3137544",0.953151120087441,0.957505900519597,0.949917739962948,0.951431064199075,0.932682823258119,0.965531584689795,0.953259566374176,0.953647321598314,0.949202593376711,0.940203004296233,0.946913414658108,0.968457022003885,0.970838899533318,0.963993779322276,0.959102486735762,0.958588327495485,0.957319016935126,0.966420437672001,0.969410790951509,0.959194710246992,0.939181414291824,0.964684486291434,0.957277156894497,0.962003411192048,0.905355202641844,0.956898193796859,0.96723735001317,0.963006691558236,0.951640365859783,0.950975408304027,0.962018282306602,0.961072941594839,0.965632401349928,0.969972520695806,0.96439089891303,0.945553863909392,0.958385958936813,0.971854203743746,0.96279560658578,0.961342901176658,0.956623265708457,1,0.961754351354362,0.941050746926141,0.960477435714462,0.956353950164205,0.937832163287587,0.938454063007744,0.971173020125942,0.948770087047399,0.965741488705234,0.917607758659023,0.962292768444518,0.966879105080229,0.958968408772989,0.916083179296278,0.939561733255436,0.973320256919997,0.968463516642849,0.96489489421739,0.96117276809764,0.943688774764709,0.957538615991859,0.948569921172907,0.937683562900527,0.949335826786587,0.94961356300243,0.967461391171848,0.955978304422688,0.966743434780771,0.933787940473044,0.951958187866228,0.938854560034731,0.948925038288906,0.945415082453523,0.918306160389349,0.869226503715096,0.902711813179032,0.941671867483842,0.962591472556373,0.967151895118156,0.964273796011608
"GSM3137549",0.975373969881277,0.978508162328172,0.974012153797348,0.972621570989322,0.950054055450737,0.969029845866702,0.969527739062107,0.952841724190208,0.946841097984948,0.928187052119955,0.959149714693925,0.972669723764964,0.951625873743175,0.955806865421404,0.956166305420383,0.96499864100631,0.954193128982463,0.96951971654953,0.964460108692682,0.960074634737236,0.929717838973066,0.968966580636385,0.959288091278924,0.960865016825566,0.915782708196639,0.967491077387707,0.956681532989446,0.948394580468305,0.935087580599923,0.93003362002653,0.952070214970538,0.948120260278245,0.953205858924292,0.973459987254496,0.955427644162144,0.942871831552155,0.976236052946158,0.973969434779872,0.95179464819921,0.96672527011716,0.968927270713237,0.961754351354362,1,0.948413029463849,0.946800080368631,0.942594983414729,0.962241394908173,0.95476347784685,0.966141246478926,0.971074511179717,0.953096676158483,0.950925065156527,0.954043966136413,0.966548835071991,0.971904284846297,0.935161837490747,0.931618659720253,0.964311839676024,0.971359758362141,0.955460388784118,0.969089782255561,0.960413239906862,0.963920094189159,0.952418941865648,0.95551388866789,0.968962519864482,0.941068090844798,0.97118729642217,0.945222212659814,0.96735098363174,0.951564465359072,0.944794802313755,0.957768020558516,0.958641702808672,0.938241101052129,0.941814459901283,0.902412630278163,0.91516600865593,0.968760874667366,0.953572868454186,0.961092907974826,0.974427141544837
"GSM3137550",0.951787220045579,0.959424471631699,0.951871471482205,0.933176265314572,0.905278945177857,0.963442296495232,0.947815332252198,0.937109794810746,0.918063961835616,0.928038391527744,0.922840856399882,0.962523458698788,0.938997647966835,0.948987653795308,0.939405206556282,0.94316367141642,0.944612551027588,0.946103717931222,0.964926526787882,0.956540812124961,0.911714687414661,0.963238233339117,0.92295213492192,0.961610498665993,0.857300912064745,0.955703292540585,0.955824504809057,0.935713737356821,0.914836926929293,0.909536271902294,0.951137645725357,0.932141318249997,0.957886871932626,0.948287000811143,0.946132459179938,0.924908157535216,0.965694739373663,0.937713296832698,0.950630045235834,0.963863170537815,0.940735257061059,0.941050746926141,0.948413029463849,1,0.92838252311349,0.929284587263849,0.923163348989524,0.929001129090372,0.948975045577441,0.939233498522727,0.951687991336552,0.90506621492074,0.947440316880469,0.96776048585197,0.94710346357951,0.886852898550271,0.908682765467387,0.951367909521016,0.943406757246043,0.938258270779687,0.94186465929991,0.932541553855409,0.923803550314615,0.934375956060763,0.942472372310862,0.92824732863341,0.929324774040185,0.955165739569131,0.915257759574763,0.942823038977463,0.909321300408384,0.897764516641687,0.915732562614034,0.943159727649636,0.918690596755049,0.876434466932369,0.839752393333719,0.866533014136052,0.933500232341967,0.937248606634429,0.960716282506212,0.931320617205004
"GSM3137553",0.932446531274305,0.946867061963432,0.931401746641364,0.944482884345122,0.919129773298154,0.962032332020685,0.944228871549647,0.938319395962095,0.943817454519244,0.948520069697807,0.943362627087089,0.960693637362859,0.964368510436009,0.961791919612914,0.959574782414998,0.937027802771503,0.944688565474012,0.944687744792225,0.960155602680485,0.951838729034001,0.94850580829189,0.957513197053844,0.950009914938142,0.957684268924319,0.895562045714316,0.947072377751198,0.961267647383639,0.961384645693728,0.958870245584732,0.955831163436508,0.961852981327631,0.961578236499697,0.96243881363309,0.958205379104444,0.960070530058405,0.958046268170886,0.946241277430556,0.957261238923236,0.950890652129461,0.951344781125787,0.951585477142164,0.960477435714462,0.946800080368631,0.92838252311349,1,0.95731562901752,0.932367474819437,0.942328735605835,0.963895067586423,0.935989116645851,0.961216979066731,0.902344561896162,0.959335666588754,0.962422495698826,0.949452525844967,0.906152161433386,0.95686582541561,0.962423463185217,0.962885930601768,0.956347557234363,0.943200733289911,0.939793787819664,0.944829500897376,0.954839904641189,0.91901170649559,0.93168988480828,0.961579670190404,0.953712091703602,0.942998320084121,0.955276774430697,0.928044431596683,0.947089743368116,0.932112927457345,0.941897015040621,0.955868260393065,0.904344715545382,0.861270182930696,0.894736620450933,0.928949191120188,0.967483723109908,0.964439216921066,0.953493622171586
"GSM3137557",0.938254564807494,0.943328437270789,0.920071361087606,0.943942462061956,0.936186842753539,0.961466428398244,0.940694524044853,0.940897282581532,0.935486554588783,0.946089376585564,0.932514293011091,0.962256875726104,0.974978022405825,0.978949420940649,0.97219987688873,0.935801386692811,0.962718189626964,0.927236234984942,0.967088589142111,0.950261990763535,0.955090156813701,0.967366263354446,0.954188122876774,0.961032563172989,0.91485839818852,0.939875046605889,0.973593660550612,0.968710203366345,0.97721468297517,0.978420387608651,0.972745905401957,0.972887817805789,0.970399825547943,0.952021986807197,0.942347199698239,0.963086022144211,0.942816505810463,0.957128430792006,0.96078436790763,0.957725344545863,0.936744735005543,0.956353950164205,0.942594983414729,0.929284587263849,0.95731562901752,1,0.928650418578892,0.918793068188592,0.963067362743772,0.930617617324743,0.978053342677719,0.879291757278917,0.971094353073497,0.964352203845752,0.936157529276312,0.921402035345518,0.949697988526863,0.971559608697189,0.961019355466485,0.967683575812549,0.933123386359964,0.940848323780662,0.957005208114523,0.950138049010677,0.92571385693979,0.930085704320664,0.959261238604068,0.965570901360033,0.944336804539857,0.94649614660597,0.938279180171502,0.95035493112984,0.927627488369547,0.938889377004402,0.9366478212838,0.89876633776465,0.861611146032778,0.891148848764365,0.924134133444738,0.967481033072104,0.965943618303151,0.949109668270988
"GSM3137558",0.951463163956859,0.952513141412023,0.964778541477296,0.968712040284205,0.961585681843225,0.948122215873423,0.938908277767687,0.913645137911035,0.939970185596205,0.892524279969115,0.948965051877744,0.947584464899094,0.928401537330668,0.93816243747857,0.940266877362584,0.942753170079534,0.922571498151587,0.936753457033521,0.938325794244289,0.956430264482975,0.924254965947665,0.957069866895301,0.952068939933525,0.943379760133522,0.938160150561628,0.947114976608867,0.937243139760553,0.917914674692433,0.922305951974923,0.915013270307533,0.938653892196969,0.933967312309543,0.925602707738039,0.941992550364587,0.94048345441707,0.93828707221475,0.951415913269614,0.957655722486999,0.918032549760119,0.949290355040374,0.935863792274421,0.937832163287587,0.962241394908173,0.923163348989524,0.932367474819437,0.928650418578892,1,0.948465326447915,0.939108747568945,0.969108137858766,0.929311307419967,0.929777645989751,0.944678305345304,0.943130837974928,0.957504086238773,0.951292093403056,0.925890922519713,0.946363106705594,0.964184454208344,0.931725588653081,0.960762072409509,0.969194232267197,0.962706936774274,0.954860415207825,0.943978886203733,0.957741754505454,0.933200839905048,0.952429293017938,0.949101978730948,0.957132986542832,0.962757186527901,0.952419829743147,0.971337181252029,0.961533337107276,0.93310976480108,0.954115203843294,0.924062953705641,0.922931543875665,0.972009761584474,0.927671056033205,0.938107488413916,0.952161860234891
"GSM3137560",0.947509702480187,0.955543394645583,0.956170515950212,0.951647562760067,0.925609822798095,0.945294089661666,0.943895237828752,0.921745715285457,0.932292199054591,0.914406858714185,0.947825300732601,0.947881691711742,0.927190009877873,0.932363954023569,0.9294693450642,0.942858091460868,0.928457295239332,0.94441886213046,0.938249896424795,0.944712805201387,0.926302247548011,0.947301955773213,0.941401099896853,0.938514424496318,0.898106225957456,0.945922886858833,0.931009364601313,0.922551421470878,0.913185130522656,0.910088563964714,0.936785239679698,0.926055978989506,0.929520036246285,0.950190893162001,0.947575936577221,0.935343907860051,0.950591250638828,0.950082144592611,0.919426916063994,0.946754889426767,0.944376210842425,0.938454063007744,0.95476347784685,0.929001129090372,0.942328735605835,0.918793068188592,0.948465326447915,1,0.942153463195226,0.950368336414612,0.933318755114035,0.926427846747161,0.931280401909062,0.944856607797612,0.952093875129355,0.9157287210133,0.924607489058087,0.940341487013671,0.951752973314344,0.928401965823925,0.953402822772624,0.949408376023736,0.941627615804181,0.947972598641449,0.929810135888936,0.94464231237674,0.935542759879408,0.944358616924917,0.928612198658525,0.951061469748721,0.931373953958947,0.927326367398996,0.939020799120598,0.943247545965996,0.935683215104307,0.922590097734168,0.894394473720928,0.905461167219707,0.951942273219693,0.92720091924188,0.938897700749109,0.947628110857057
"GSM3137567",0.96085043431287,0.964662537534006,0.946246357257451,0.952780805351444,0.929240585533663,0.975694823045316,0.963850036289753,0.970975798881036,0.946901366886177,0.960042569309604,0.945892426315532,0.978666339484143,0.970918685521414,0.971311338549092,0.970273439336228,0.958479685838964,0.968010470685274,0.961952581881041,0.974620032534084,0.959921617942952,0.94024213798357,0.9673228459194,0.963262916154575,0.972248533577967,0.896682155893708,0.959757429066441,0.969734257105513,0.977488677745299,0.961599655754235,0.955645155545391,0.964290486343944,0.97062556977499,0.974700978930432,0.972299101758944,0.956633157642717,0.953683662192732,0.967463033221918,0.967501854231574,0.973619702301499,0.96451802615718,0.964403095337293,0.971173020125942,0.966141246478926,0.948975045577441,0.963895067586423,0.963067362743772,0.939108747568945,0.942153463195226,1,0.944937043970551,0.972241250419508,0.918565330932319,0.969897668947478,0.97265049864584,0.964413140408166,0.911128375052782,0.950367877796118,0.97355418465981,0.970439491201353,0.975609761352805,0.954241083235598,0.94286003939732,0.952157603429096,0.946412947228468,0.936352383562266,0.945155689591964,0.954967194941755,0.969940887703589,0.945396378476105,0.966397745309766,0.931404759058939,0.947003910491802,0.935093432414828,0.951916401134999,0.951797715903614,0.905884609448851,0.862465779637796,0.891909774127699,0.944384798427374,0.978582809082802,0.973340870406691,0.966076022023839
"GSM3137568",0.963946345386372,0.966719935592729,0.9721171630948,0.972727461167858,0.955856173707356,0.953050785329065,0.951008849762397,0.923829092356597,0.944435641475052,0.900104732129284,0.962193548728605,0.954429659999289,0.938182217768645,0.942240622890355,0.946006451546017,0.96017923622724,0.936026061626696,0.957115396741733,0.946850560695795,0.963901003874464,0.92533205695235,0.96597317969704,0.946323395063314,0.951884897856883,0.924252424191063,0.962309161575061,0.946429782769159,0.921992767168212,0.924238003197737,0.91696531195751,0.944616771732422,0.935037826677226,0.936596011572473,0.952882982230734,0.949739420483388,0.938573662705742,0.959308860449504,0.960239048651262,0.925975249252674,0.958352035797354,0.947789329761336,0.948770087047399,0.971074511179717,0.939233498522727,0.935989116645851,0.930617617324743,0.969108137858766,0.950368336414612,0.944937043970551,1,0.937416016823916,0.943877994859762,0.949290156264622,0.954049449803125,0.967232555365736,0.94154702431438,0.921963049800496,0.949600780522797,0.966397416183575,0.939477780319996,0.969535091303024,0.971800021989633,0.966488928307154,0.957675916846317,0.952977055490298,0.973056374497793,0.932477913321121,0.95761171364321,0.947113563598794,0.962386577919412,0.959006690618183,0.945575994253306,0.970471841428737,0.957465969782409,0.931602246892793,0.950943554014567,0.918541276310153,0.921953968608254,0.967909147531458,0.933390585858194,0.951133909558055,0.961176405436169
"GSM3137570",0.949879308252697,0.958896957610825,0.937075594466232,0.945709575253134,0.928225214555096,0.972113950159854,0.956102645946745,0.955250668601827,0.935244393287033,0.953622501710266,0.94102328891413,0.9730389882309,0.980941263056552,0.982971709754687,0.9711623839518,0.947611818488144,0.975786743153956,0.945100583057727,0.977754800250268,0.958322643687509,0.955213934333561,0.974474605865849,0.954601283483948,0.96950001095854,0.900629309631632,0.951222979124818,0.981322543017093,0.972400314687214,0.970784278122566,0.974055732045098,0.981706521187488,0.971127790305032,0.98020094145028,0.965865493062787,0.952524425219467,0.96321645806004,0.955054812259916,0.961814319528747,0.970016541973085,0.969843512136362,0.950830879124331,0.965741488705234,0.953096676158483,0.951687991336552,0.961216979066731,0.978053342677719,0.929311307419967,0.933318755114035,0.972241250419508,0.937416016823916,1,0.892731271426115,0.969846799205421,0.976962161803562,0.94634344704022,0.913666384633844,0.946307271837791,0.979998933772521,0.965148912194131,0.972246265032546,0.942993098216948,0.945373989504419,0.95834158404941,0.954031679649367,0.93760262408512,0.935820434510331,0.962384548083229,0.973657657598679,0.944973598189179,0.952774326715538,0.933566511634495,0.942689549359566,0.927250030353434,0.944043457421914,0.938947084118127,0.895147465928198,0.855832833382751,0.888339787460084,0.931651844941257,0.969933592165745,0.975512799300506,0.95650432868123
"GSM3137577",0.940395728899441,0.951823478978626,0.948961845195955,0.944131670813743,0.909231521194519,0.9227632292904,0.949495654364355,0.898725621784777,0.911140389396844,0.858935672135677,0.956818175577732,0.925568750721822,0.896163458283177,0.893943146121646,0.903386394757478,0.946323141888665,0.898092530772483,0.956743954730844,0.913654399680795,0.917146582520187,0.86423186267605,0.918137523427792,0.908610980192365,0.915872929088983,0.869484997616508,0.952300669239974,0.903549828195562,0.894247984147629,0.884747309812131,0.867157255220294,0.893527780294608,0.892989206015856,0.902228390436815,0.935703271995292,0.914639372154818,0.884168047239795,0.943244863695471,0.939195773939924,0.887528199596324,0.927048987514155,0.946613794195875,0.917607758659023,0.950925065156527,0.90506621492074,0.902344561896162,0.879291757278917,0.929777645989751,0.926427846747161,0.918565330932319,0.943877994859762,0.892731271426115,1,0.906901678481642,0.926772947208927,0.949860812120473,0.895648546309969,0.876427097016147,0.901748239881659,0.926297026492482,0.903875102926157,0.948461216047473,0.926516279557887,0.913672564057212,0.900064842614433,0.914249503265912,0.948835931614893,0.877308278476917,0.920613661186736,0.89768684054437,0.925944875126284,0.916770635792651,0.901391994167413,0.92489089185811,0.908194899965691,0.898478560181529,0.936596655630784,0.88401938404043,0.885082528735724,0.939635614486263,0.90521644881809,0.919640951725863,0.954658868673557
"GSM3137579",0.951885700468993,0.957411936132422,0.940254488811787,0.957049928578901,0.943566608077959,0.971639904989965,0.952568170056624,0.943617192516045,0.950568495502385,0.93932727186462,0.940825704175157,0.967972375899116,0.970884878781678,0.974781193860014,0.972207035743137,0.949549942928379,0.956855174926628,0.944110689535478,0.971302061261428,0.968683763883846,0.945930904742163,0.972508866470488,0.955326346655257,0.972334231481739,0.915988669228654,0.956962262452452,0.975639071050831,0.9654658311263,0.969624789762005,0.964452028952312,0.969834131592093,0.973363532017659,0.974601792199347,0.95273862138291,0.956949220004116,0.958829852776217,0.95672101860217,0.961595292182266,0.96309896458868,0.966807344789062,0.946781485706413,0.962292768444518,0.954043966136413,0.947440316880469,0.959335666588754,0.971094353073497,0.944678305345304,0.931280401909062,0.969897668947478,0.949290156264622,0.969846799205421,0.906901678481642,1,0.971702926063075,0.957744460371276,0.927762274903441,0.952402055205251,0.969756645548192,0.970461866282675,0.970194184278182,0.948289153974295,0.953428742874794,0.956428517544519,0.955103830664189,0.942930348591676,0.943942443037385,0.954620326304439,0.968452128015505,0.95468207315495,0.960988522414205,0.94665603629391,0.957643911449703,0.945794820928595,0.956832587627706,0.949393909816126,0.913164089997984,0.875564794631892,0.89825481068376,0.942395494639402,0.971161074530317,0.9751756764816,0.955932107314901
"GSM3137581",0.962422306094153,0.973504017019761,0.956649344601588,0.959683933205095,0.933795150058385,0.979065612536183,0.970234300588259,0.952448334317267,0.942490388620293,0.943422827266127,0.9564884006211,0.975951416659773,0.972771418631444,0.974261728564925,0.970689245566262,0.961777971399636,0.966690441612429,0.963868971808338,0.977116995957751,0.967460684833233,0.942502094385787,0.978828102980011,0.954917248557143,0.976311475550042,0.900092231697488,0.972778749414572,0.978601512748657,0.964567473794812,0.957944474786757,0.95437660311943,0.974902754720715,0.964177834042284,0.979174860269906,0.970924362300864,0.962044382269728,0.954753216585565,0.971662920840855,0.96820796865718,0.963372977822201,0.977560847369089,0.963420986250077,0.966879105080229,0.966548835071991,0.96776048585197,0.962422495698826,0.964352203845752,0.943130837974928,0.944856607797612,0.97265049864584,0.954049449803125,0.976962161803562,0.926772947208927,0.971702926063075,1,0.962965427272949,0.922195373739168,0.942827956079644,0.971911990069991,0.969157893333958,0.967980087556936,0.957988365511258,0.953095091284886,0.955990810082965,0.955220140036497,0.949975646364507,0.94871654234634,0.952783051334228,0.975208741499771,0.944483730759243,0.963618886888613,0.942613958487692,0.941839925638137,0.938085402053053,0.954185990467876,0.943504407058886,0.91434149516084,0.870757278508731,0.895141438094946,0.948407503581212,0.967006322685627,0.981801450917754,0.96389343736239
"GSM3137584",0.962516313460617,0.968169677774846,0.965675603062804,0.966915137837207,0.941503818197945,0.965356608118408,0.958120457033082,0.94333779243136,0.948602750917472,0.923646101453054,0.960891753087073,0.96673169408115,0.947790798429905,0.949741292483932,0.954929249519016,0.96332869123881,0.945465974324873,0.967072619578859,0.960066042813098,0.965755856664401,0.923350360199844,0.96365433626685,0.950157959732435,0.962246950540928,0.907792734145709,0.969588350687654,0.953450139573744,0.943901280846036,0.933920054270644,0.927458716563656,0.949387926870383,0.944597962128061,0.951090527044923,0.96079142575034,0.955677685605398,0.9414672124225,0.969172225259017,0.963209363679556,0.947032372853237,0.960391747530692,0.958572132917135,0.958968408772989,0.971904284846297,0.94710346357951,0.949452525844967,0.936157529276312,0.957504086238773,0.952093875129355,0.964413140408166,0.967232555365736,0.94634344704022,0.949860812120473,0.957744460371276,0.962965427272949,1,0.927123101921042,0.934419701004865,0.954851147328691,0.971242906569205,0.954019457498158,0.970565298255425,0.961790575189866,0.954126708744566,0.951591604283988,0.94300163972498,0.962983367921252,0.939054622670242,0.955727178162224,0.944958286491815,0.969492090422207,0.943137380226246,0.944278466162561,0.957960814954007,0.959206091358871,0.946308319684105,0.934792360308497,0.895423636261758,0.909613090890452,0.961992871856003,0.954185618814893,0.963283676644858,0.967786155699153
"GSM3137585",0.925384321122829,0.923255697431939,0.931042546858228,0.949948107955344,0.960323560954678,0.917691763239799,0.909432413398176,0.879005573552349,0.925995260881186,0.864740334753654,0.923474700376158,0.914380984191434,0.914679002849844,0.921696207838279,0.924709483919547,0.916171642327646,0.906449219169076,0.900482922293089,0.912875469309109,0.933274234725234,0.917519882131444,0.938369325514886,0.930697742259008,0.916354045270312,0.951031339450738,0.922697388721064,0.92205002495965,0.895053451818213,0.91000537416724,0.909619553916941,0.920959340624094,0.920747388376634,0.904799886573771,0.911972354438905,0.915168833764015,0.925840905738769,0.914756639479576,0.93902072295465,0.890722374885699,0.929257657903359,0.897910220219686,0.916083179296278,0.935161837490747,0.886852898550271,0.906152161433386,0.921402035345518,0.951292093403056,0.9157287210133,0.911128375052782,0.94154702431438,0.913666384633844,0.895648546309969,0.927762274903441,0.922195373739168,0.927123101921042,1,0.907639564613052,0.925589054367771,0.940582482120069,0.913333797523639,0.929942353772177,0.952846085151643,0.952711508606673,0.939381877640223,0.928915030517773,0.93175724997259,0.910998640297663,0.936418705353508,0.938299537878109,0.932649508672705,0.961385052454297,0.944794498168222,0.949340307685732,0.932132166238122,0.907119411657785,0.947587651817217,0.925411147456385,0.922236975026937,0.950027194687642,0.901410777258573,0.919557968035307,0.928206728727749
"GSM3137587",0.918287709923345,0.926321678304457,0.913804509922937,0.933314722756792,0.917655636059048,0.948214043479215,0.919458230688955,0.924749196721237,0.941392652578231,0.939100051122184,0.913264549588572,0.945571220065174,0.948778219843331,0.95374783233179,0.949331013305338,0.910671289725124,0.930032512158996,0.915945401363317,0.944688016053449,0.940964343034647,0.941173616551872,0.943835968251923,0.941660990687991,0.94342473428604,0.902743743165414,0.923362500598986,0.948394471236149,0.94815729907531,0.949619838169054,0.948595445033475,0.948739344548439,0.953701277982867,0.944276643467517,0.934785979778815,0.944223178020959,0.953754582813864,0.93150542196445,0.94453491340026,0.94262024403856,0.933600715726235,0.927066329837725,0.939561733255436,0.931618659720253,0.908682765467387,0.95686582541561,0.949697988526863,0.925890922519713,0.924607489058087,0.950367877796118,0.921963049800496,0.946307271837791,0.876427097016147,0.952402055205251,0.942827956079644,0.934419701004865,0.907639564613052,1,0.952194153423348,0.951896405770081,0.946358078663635,0.922613382455936,0.932043309527068,0.935640230714837,0.94729007933027,0.910782558898864,0.915226030774551,0.955487362202955,0.941145987457446,0.943088575845562,0.94248661608677,0.920923864184726,0.945275770058899,0.92694679483099,0.942487772410586,0.947685880436268,0.893316265552718,0.859023901285694,0.888647069869419,0.918291764438723,0.956209033921814,0.947508224624226,0.934737499978466
"GSM3137588",0.953448594324781,0.960024948525837,0.951848143934003,0.954320930402659,0.943523367533299,0.97566778213866,0.951836364359038,0.957929592569821,0.953940297745464,0.9541502644952,0.936480140922041,0.976880131028415,0.977060015629868,0.97870187442014,0.966705707534781,0.94659665368492,0.966726416080401,0.952514798192499,0.98090553786887,0.963460299467178,0.955724724380108,0.975588264116207,0.961219705722588,0.9664676055099,0.916883015037909,0.9499819115256,0.977752182074626,0.968338955576001,0.962493831955644,0.964465775218227,0.976806636478727,0.969406507562536,0.970749635603428,0.969396612966572,0.964449975462448,0.963783984997451,0.962852954866736,0.973977686022329,0.974278223975009,0.96912897292996,0.955714626446053,0.973320256919997,0.964311839676024,0.951367909521016,0.962423463185217,0.971559608697189,0.946363106705594,0.940341487013671,0.97355418465981,0.949600780522797,0.979998933772521,0.901748239881659,0.969756645548192,0.971911990069991,0.954851147328691,0.925589054367771,0.952194153423348,1,0.973668956305082,0.968248722842821,0.953789776167239,0.954011002696516,0.967338751876045,0.961538677781868,0.949948371765166,0.947825157198079,0.96897442054862,0.977746367972088,0.964505384838663,0.962727268074256,0.942078508325579,0.955557734750395,0.947000283107385,0.960892663509482,0.947616129085479,0.915036551919505,0.870557030348748,0.907678829394809,0.945926991942614,0.971012911514407,0.970287101585511,0.96231111275452
"GSM3137590",0.959881181252209,0.964465326390997,0.962319882379447,0.971107576571496,0.956078134436127,0.973854457487315,0.953001929719163,0.945298914004434,0.956197296422081,0.934880042351503,0.957880128798653,0.973915663441167,0.967901885627311,0.968558679427658,0.967309024864937,0.954460058030381,0.95503610555602,0.959380995075682,0.967931675032804,0.968193694779573,0.947234591964651,0.974364322626673,0.961503925381787,0.967495829399818,0.936137588771612,0.959931481395593,0.970101999560905,0.95754567048239,0.954041565521322,0.954512991823051,0.966777797080088,0.963894899807819,0.961145765414463,0.966395242943195,0.96459071420702,0.957701568305114,0.965741387301859,0.973277894973212,0.960382119088612,0.968087864717556,0.95304020147914,0.968463516642849,0.971359758362141,0.943406757246043,0.962885930601768,0.961019355466485,0.964184454208344,0.951752973314344,0.970439491201353,0.966397416183575,0.965148912194131,0.926297026492482,0.970461866282675,0.969157893333958,0.971242906569205,0.940582482120069,0.951896405770081,0.973668956305082,1,0.960405307093017,0.970101736733649,0.96746120028249,0.973490124460481,0.965426035497328,0.946999914397075,0.962547598770553,0.960688487502204,0.968524531072783,0.964115863382861,0.974282829517508,0.960723705750438,0.96726669814239,0.965950229508952,0.967589746951359,0.952047802320864,0.939580075408324,0.901090280713429,0.92071784846516,0.962790720411006,0.965748522879651,0.968105243632438,0.971368847092319
"GSM3137603",0.958041739907032,0.955551866403147,0.929503645547554,0.947408214518312,0.931863281367577,0.968331942311258,0.95940066448014,0.968001709197887,0.940701038394072,0.955935766719286,0.941080990727712,0.969513524509753,0.973822492901034,0.973761116770688,0.974907325352064,0.958288394192733,0.972667623123902,0.949321075279109,0.967993021872107,0.954048228374069,0.94466605397904,0.964754306685651,0.963900482002463,0.968913082958422,0.894673434901543,0.955395623404963,0.971266800907196,0.977476817718971,0.966852584162381,0.961624942216446,0.963454885111475,0.972027223341679,0.97462787727239,0.964579091913553,0.945759527776522,0.954306691613413,0.958829226854136,0.957086987888022,0.969678767512238,0.959259764817166,0.955782745091735,0.96489489421739,0.955460388784118,0.938258270779687,0.956347557234363,0.967683575812549,0.931725588653081,0.928401965823925,0.975609761352805,0.939477780319996,0.972246265032546,0.903875102926157,0.970194184278182,0.967980087556936,0.954019457498158,0.913333797523639,0.946358078663635,0.968248722842821,0.960405307093017,1,0.939633748528514,0.93766875034206,0.952215731503879,0.946012811337731,0.929259530322537,0.937329236309574,0.947575076103397,0.969437946662941,0.935988550355029,0.957378229425852,0.931606390831842,0.941586209566722,0.926566895969206,0.942087334150044,0.944149612812087,0.897292044491545,0.860669231312358,0.887326281639812,0.93596013055605,0.974604273087044,0.97193088513982,0.956216684656899
"GSM3137610",0.957579552485753,0.965400085462059,0.968796256287588,0.967664773268156,0.946659301541801,0.957369306400499,0.950017235644759,0.929688471152416,0.941696675107863,0.905618567795815,0.965931283804594,0.961358193360402,0.944811941582848,0.944352705006695,0.942218169650426,0.961289238563823,0.93659783208548,0.967686579689288,0.953886732921403,0.95966787450183,0.921444908386384,0.96207098198383,0.943602001487133,0.954576897483704,0.918016312307804,0.963873828470993,0.948298800947009,0.932525332825171,0.92561320416108,0.922245006022132,0.948718084495963,0.935604939504403,0.941253999814511,0.961719876041474,0.953873760280885,0.933430452521368,0.961730103692067,0.966093868513975,0.934186358066773,0.959832519046996,0.948528028590704,0.96117276809764,0.969089782255561,0.94186465929991,0.943200733289911,0.933123386359964,0.960762072409509,0.953402822772624,0.954241083235598,0.969535091303024,0.942993098216948,0.948461216047473,0.948289153974295,0.957988365511258,0.970565298255425,0.929942353772177,0.922613382455936,0.953789776167239,0.970101736733649,0.939633748528514,1,0.964561426523761,0.961798811330631,0.951375088663763,0.945300152600198,0.971746801666224,0.936860568683126,0.954782645228098,0.94858084018839,0.967425678275965,0.948468259856768,0.948476020504604,0.961879850574651,0.955957072010723,0.936975836690032,0.948628381225342,0.907787978705387,0.922733995320826,0.963617672224644,0.937262420283939,0.952294579009313,0.966553827780185
"GSM3137613",0.950527548739803,0.957062387713545,0.963601505629645,0.967777664559444,0.961194644486079,0.951403568382123,0.938158287506368,0.914374243896405,0.946862731893552,0.899658766892273,0.958231754334881,0.950689743544507,0.942519240944685,0.947803574902481,0.947292160261378,0.947286674422336,0.9388819408471,0.940078436205902,0.947314765045644,0.967689865796833,0.940287280096399,0.967268056806916,0.946702102106419,0.950218110449563,0.938348810579805,0.951529463579594,0.951871846569927,0.921297438414946,0.934295225482288,0.931986041028998,0.953681813755814,0.941774212269034,0.938575071437462,0.94200604471595,0.948538202177436,0.951428323460734,0.946346050896314,0.959823782816861,0.9230725838644,0.960115549204575,0.933962775661377,0.943688774764709,0.960413239906862,0.932541553855409,0.939793787819664,0.940848323780662,0.969194232267197,0.949408376023736,0.94286003939732,0.971800021989633,0.945373989504419,0.926516279557887,0.953428742874794,0.953095091284886,0.961790575189866,0.952846085151643,0.932043309527068,0.954011002696516,0.96746120028249,0.93766875034206,0.964561426523761,1,0.972716278428517,0.966433851858053,0.952916960516356,0.962738174843015,0.943291532683627,0.956343202118693,0.959696553377968,0.959848879754603,0.963658512602367,0.95599864633587,0.97416875419368,0.959351599737125,0.937401951208779,0.952650680404757,0.918335848545184,0.929005283458301,0.966276738398132,0.931487857129245,0.953178081782811,0.954347096997958
"GSM3137617",0.95352858699133,0.955933984585435,0.956308373467448,0.966757911598371,0.969117700113635,0.952816702524066,0.941880684318974,0.930446805676428,0.948446507015481,0.913572367407323,0.953598029730397,0.956057200444818,0.960012218252734,0.95994595605179,0.955915415021511,0.94729184173305,0.952369412412928,0.94335189563221,0.95110835835193,0.957936460735595,0.951230844594074,0.96823037984586,0.955358745753551,0.950843761818748,0.950251664704669,0.946440473964311,0.960956064974848,0.936939016896151,0.945692271372055,0.950709604479767,0.960189991384147,0.953394077241417,0.945825371926058,0.956514024059722,0.948625092760236,0.95444154960974,0.94491431373048,0.967887590015217,0.938591322390726,0.960049954663747,0.936775827693782,0.957538615991859,0.963920094189159,0.923803550314615,0.944829500897376,0.957005208114523,0.962706936774274,0.941627615804181,0.952157603429096,0.966488928307154,0.95834158404941,0.913672564057212,0.956428517544519,0.955990810082965,0.954126708744566,0.952711508606673,0.935640230714837,0.967338751876045,0.973490124460481,0.952215731503879,0.961798811330631,0.972716278428517,1,0.965860736434755,0.950200726249034,0.965143105964043,0.949182802566902,0.969647515293007,0.962852282351412,0.959532544629336,0.968105008439206,0.965495390221245,0.965984571566138,0.954778628603962,0.934968124727828,0.951872376525815,0.918977157120245,0.935102070563655,0.961137212661412,0.941366212387682,0.95396047201144,0.961212744112403
"GSM3137618",0.942925075902602,0.948577225248737,0.94803455445504,0.958625832973324,0.95080020443309,0.953401522994272,0.931579362762064,0.919772538079682,0.950930093760958,0.927424047388836,0.940309073097109,0.952872625791036,0.951215136041486,0.95893304620973,0.950980958776023,0.933746152371227,0.941565756004336,0.932324564949445,0.952177800013795,0.962948315612364,0.956609519289791,0.967339552658196,0.947514026219957,0.952333755372388,0.929862914935188,0.943548575150254,0.956650692704976,0.933503271220668,0.940543846894854,0.943832904663754,0.961682371701604,0.94795359147437,0.945043202807332,0.946144624651816,0.960612824443145,0.965197820925587,0.945990690794121,0.956995558570523,0.936988287899136,0.955757238888348,0.931513035828294,0.948569921172907,0.952418941865648,0.934375956060763,0.954839904641189,0.950138049010677,0.954860415207825,0.947972598641449,0.946412947228468,0.957675916846317,0.954031679649367,0.900064842614433,0.955103830664189,0.955220140036497,0.951591604283988,0.939381877640223,0.94729007933027,0.961538677781868,0.965426035497328,0.946012811337731,0.951375088663763,0.966433851858053,0.965860736434755,1,0.943606251062739,0.947610312836528,0.962719472825125,0.959318249908343,0.95764493443242,0.959151851096973,0.951408435709125,0.95207298242823,0.958876588476373,0.958169372605117,0.949818244830879,0.929219862295772,0.903780656580674,0.92712582782012,0.951262139150949,0.940946562458515,0.954594040894849,0.944940474287331
"GSM3137623",0.950401037329523,0.955405898134498,0.956757106259156,0.950896041642243,0.942235620921118,0.947241993599582,0.937903369816908,0.91510583910557,0.936208363386426,0.896617868628037,0.925364552775,0.945013737548047,0.93372359852545,0.939456008719874,0.928616840800723,0.93518768037294,0.929932882712199,0.935663912890225,0.946605153229733,0.952840782067469,0.919830122758759,0.9577433391658,0.929513189079842,0.944920196911393,0.910643195338755,0.943061389390076,0.943542301829477,0.918052205068826,0.912327263817406,0.910778977958464,0.942141828937524,0.93031821508672,0.934488420671761,0.937454947654075,0.943263046998906,0.929762483026676,0.947598605365802,0.954185794769316,0.927202510178725,0.958820560871581,0.931476976374778,0.937683562900527,0.95551388866789,0.942472372310862,0.91901170649559,0.92571385693979,0.943978886203733,0.929810135888936,0.936352383562266,0.952977055490298,0.93760262408512,0.914249503265912,0.942930348591676,0.949975646364507,0.94300163972498,0.928915030517773,0.910782558898864,0.949948371765166,0.946999914397075,0.929259530322537,0.945300152600198,0.952916960516356,0.950200726249034,0.943606251062739,1,0.945252569174402,0.926206110543881,0.959837660990258,0.945069899909589,0.94503786447331,0.941299431605657,0.93034156928936,0.944577375140697,0.945237089256886,0.915754731934582,0.925743810898737,0.885446554360919,0.904348788703261,0.952740019083757,0.922451678280047,0.944658572145386,0.939623885101992
"GSM3137624",0.961521510668024,0.966178356542662,0.9657223361362,0.96960864003869,0.950647342946677,0.947049591314653,0.953980578013695,0.925331885384166,0.94351577583861,0.900158522117282,0.961408123949456,0.953630054755042,0.939331778440485,0.939061917951658,0.938507714364937,0.958546467137289,0.936379290695687,0.962879455189009,0.943592953594133,0.952437962378727,0.922837107633513,0.955260933478499,0.938710492465422,0.9473437631663,0.915807531412702,0.954784137975234,0.942794580727436,0.921373863788687,0.923722899162559,0.919351773132189,0.93981142951367,0.935058227601784,0.933467476128013,0.955803322578768,0.945622934710337,0.933091558036685,0.95470582350439,0.96430911769483,0.928011353412495,0.95416283283993,0.951424238432081,0.949335826786587,0.968962519864482,0.92824732863341,0.93168988480828,0.930085704320664,0.957741754505454,0.94464231237674,0.945155689591964,0.973056374497793,0.935820434510331,0.948835931614893,0.943942443037385,0.94871654234634,0.962983367921252,0.93175724997259,0.915226030774551,0.947825157198079,0.962547598770553,0.937329236309574,0.971746801666224,0.962738174843015,0.965143105964043,0.947610312836528,0.945252569174402,1,0.929435265813616,0.956574946552299,0.944490899125857,0.952778934150062,0.949225821647917,0.944475123402283,0.959492274552625,0.945056935876859,0.925651851018203,0.952748614358323,0.909046625698197,0.918835074655862,0.957880345098971,0.932485948786569,0.947193856390697,0.96926617685652
"GSM3137626",0.926363613337902,0.936520457581723,0.929960882960005,0.939458615280338,0.925957586887245,0.958031666618454,0.923917333244811,0.930647590338307,0.945257391692395,0.949394756077299,0.920718673960902,0.958067500384731,0.958610966766836,0.96440095972902,0.950905227658706,0.916438724204016,0.942262267019105,0.927049815065275,0.960981905621345,0.948889591730855,0.954917430653124,0.957868186549589,0.940901004955554,0.949703248651175,0.909295444703734,0.926764426008526,0.958186246160113,0.949576368019693,0.95032786574607,0.957242444072599,0.965012159409288,0.953436274075293,0.950022375298994,0.94601987760392,0.955503060303392,0.965254652281861,0.943050254955886,0.954302386844882,0.952853854680871,0.946659596009523,0.93263604367778,0.94961356300243,0.941068090844798,0.929324774040185,0.961579670190404,0.959261238604068,0.933200839905048,0.935542759879408,0.954967194941755,0.932477913321121,0.962384548083229,0.877308278476917,0.954620326304439,0.952783051334228,0.939054622670242,0.910998640297663,0.955487362202955,0.96897442054862,0.960688487502204,0.947575076103397,0.936860568683126,0.943291532683627,0.949182802566902,0.962719472825125,0.926206110543881,0.929435265813616,1,0.952968604548031,0.952245809022269,0.948539803418221,0.92507234156724,0.9449726774729,0.93695841499155,0.949081730671047,0.949516043951027,0.899429466128109,0.862378974307414,0.903059028697524,0.925881207461946,0.955455244006202,0.952417652228442,0.940259595494687
"GSM3137635",0.971417002951583,0.97340002202313,0.959254085697127,0.96215236487725,0.953784534649948,0.97061040874013,0.969413520276059,0.955770588990066,0.949626757171623,0.94334086912017,0.947738906208132,0.97204795910488,0.969904834378976,0.97392888437489,0.966361896708419,0.958951666267948,0.967543713875994,0.955914218590224,0.971723099116746,0.962777323855273,0.94971145463969,0.97597601456071,0.964191851302457,0.967707654084256,0.919994877401451,0.962097226725738,0.973828940251459,0.963485643434921,0.95547498142036,0.9527617803231,0.968219903029933,0.969140359238848,0.969642026186242,0.971145698684856,0.958722187123118,0.95704814856753,0.968010828815874,0.975163496694941,0.963612263904809,0.975929681031658,0.961011240091382,0.967461391171848,0.97118729642217,0.955165739569131,0.953712091703602,0.965570901360033,0.952429293017938,0.944358616924917,0.969940887703589,0.95761171364321,0.973657657598679,0.920613661186736,0.968452128015505,0.975208741499771,0.955727178162224,0.936418705353508,0.941145987457446,0.977746367972088,0.968524531072783,0.969437946662941,0.954782645228098,0.956343202118693,0.969647515293007,0.959318249908343,0.959837660990258,0.956574946552299,0.952968604548031,1,0.953117265958748,0.960626608659378,0.95377327498069,0.949923418621767,0.944821250625665,0.955717421998086,0.940402233319011,0.927816740063326,0.891050044571644,0.911079153031268,0.95958146955106,0.961427566484581,0.971468827576795,0.964734507993946
"GSM3137636",0.927035113592697,0.934419613889806,0.944792105411662,0.952606962432921,0.950043440855789,0.946279738856839,0.917342692547058,0.910551067694042,0.959990391563543,0.90558533459852,0.925653002434772,0.944082884786874,0.949907580726395,0.951104866987278,0.937807657757418,0.920223478085664,0.92455762305091,0.930092116300599,0.949027006441634,0.957980316855504,0.940281724121546,0.95295207968374,0.942028697667577,0.943624834658996,0.93705495600924,0.929996130480916,0.949531538434782,0.927910131767806,0.938511733998166,0.940854156654759,0.953876797487481,0.949146491186796,0.935274145307978,0.934897835409839,0.957066956321733,0.949881302633,0.932263416824818,0.966057809985178,0.934495803576273,0.946124268402457,0.922269762937885,0.955978304422688,0.945222212659814,0.915257759574763,0.942998320084121,0.944336804539857,0.949101978730948,0.928612198658525,0.945396378476105,0.947113563598794,0.944973598189179,0.89768684054437,0.95468207315495,0.944483730759243,0.944958286491815,0.938299537878109,0.943088575845562,0.964505384838663,0.964115863382861,0.935988550355029,0.94858084018839,0.959696553377968,0.962852282351412,0.95764493443242,0.945069899909589,0.944490899125857,0.952245809022269,0.953117265958748,1,0.956601961885674,0.945686477662371,0.969028340527478,0.960726572701723,0.957808399257589,0.942694981007925,0.937162515296349,0.887312507135782,0.921098719920519,0.942166607333611,0.938652298912956,0.946692603174632,0.944246896947965
"GSM3137638",0.959765831579851,0.957570962813209,0.956091493864325,0.966391445406111,0.946328885049033,0.968260022956977,0.944391092425151,0.939408023212319,0.951158480568628,0.92595937168916,0.952506814250485,0.963431880704746,0.954190623388136,0.95933259165262,0.958739374353849,0.952682151082312,0.94221320336424,0.955471832859481,0.959874607602232,0.969791255251107,0.938384239674869,0.969728743442356,0.960918166611904,0.966091642123414,0.92182549687105,0.95972736504467,0.956628051990342,0.947687863220587,0.937806437337059,0.93476640602721,0.958546833843466,0.953853901043838,0.95292233267112,0.959686936931724,0.961739951136656,0.947476678464202,0.963222612418579,0.963712824102173,0.949223426954448,0.96159170865081,0.945153757322948,0.966743434780771,0.96735098363174,0.942823038977463,0.955276774430697,0.94649614660597,0.957132986542832,0.951061469748721,0.966397745309766,0.962386577919412,0.952774326715538,0.925944875126284,0.960988522414205,0.963618886888613,0.969492090422207,0.932649508672705,0.94248661608677,0.962727268074256,0.974282829517508,0.957378229425852,0.967425678275965,0.959848879754603,0.959532544629336,0.959151851096973,0.94503786447331,0.952778934150062,0.948539803418221,0.960626608659378,0.956601961885674,1,0.948144287920181,0.956662200968967,0.959700875180795,0.966214008244136,0.953376394152027,0.931862635377172,0.898471707398102,0.913646664688276,0.963929332772682,0.952555339755143,0.958687873306128,0.955655387946155
"GSM3137641",0.945797312733502,0.944116178528858,0.945744414829272,0.964177397565459,0.973454540622521,0.940015117135561,0.932250141418577,0.900743199507983,0.940140264002217,0.882917375770391,0.946244685699757,0.934538377664605,0.937665076427312,0.939250444051691,0.943422198658709,0.937627196846053,0.926463716564562,0.925733292314085,0.932813300119882,0.947752347065009,0.931354917732443,0.956753291762762,0.946329315391877,0.937488279329546,0.961374066285061,0.94168445921476,0.945246033905267,0.91676481925508,0.928373752372689,0.925139384931158,0.936642413716589,0.938898982205136,0.928481447564047,0.935634607305403,0.933264709064749,0.936711670892304,0.933794319472274,0.954638856395919,0.910959710002717,0.951077473582598,0.921321884191643,0.933787940473044,0.951564465359072,0.909321300408384,0.928044431596683,0.938279180171502,0.962757186527901,0.931373953958947,0.931404759058939,0.959006690618183,0.933566511634495,0.916770635792651,0.94665603629391,0.942613958487692,0.943137380226246,0.961385052454297,0.920923864184726,0.942078508325579,0.960723705750438,0.931606390831842,0.948468259856768,0.963658512602367,0.968105008439206,0.951408435709125,0.941299431605657,0.949225821647917,0.92507234156724,0.95377327498069,0.945686477662371,0.948144287920181,1,0.955806295867965,0.960927008166425,0.942171975823489,0.920554081123187,0.960238744421368,0.934777928227625,0.93475264077793,0.965751479082953,0.924145690424377,0.939444455449135,0.949320764515087
"GSM3137644",0.929827040727657,0.932804622648091,0.933733190376899,0.956379028978054,0.954533910963727,0.945316962542407,0.922361884874944,0.911567289971667,0.951697421216267,0.902639050059265,0.936363670640503,0.941453124408589,0.949293005512188,0.950466460022277,0.94866114385834,0.925784324256648,0.923958192513655,0.925712718476828,0.941347730373647,0.949349083935988,0.939224608234107,0.950797456191066,0.950254726243313,0.945072245705745,0.949708836072908,0.930810672884609,0.948468067659042,0.93474301710423,0.949037337915739,0.947705064732772,0.949136492409494,0.955097384675855,0.934731742002078,0.93603794512092,0.94376646242638,0.947589147838248,0.929122027611609,0.961358613733098,0.928222909956963,0.941846256144124,0.92366923567782,0.951958187866228,0.944794802313755,0.897764516641687,0.947089743368116,0.95035493112984,0.952419829743147,0.927326367398996,0.947003910491802,0.945575994253306,0.942689549359566,0.901391994167413,0.957643911449703,0.941839925638137,0.944278466162561,0.944794498168222,0.945275770058899,0.955557734750395,0.96726669814239,0.941586209566722,0.948476020504604,0.95599864633587,0.965495390221245,0.95207298242823,0.93034156928936,0.944475123402283,0.9449726774729,0.949923418621767,0.969028340527478,0.956662200968967,0.955806295867965,1,0.959002761828473,0.953748928413062,0.942454346168869,0.944712440870821,0.904959885874024,0.922061076763234,0.944809900976945,0.945408828500221,0.943297597305084,0.95044025945323
"GSM3137645",0.940638016906886,0.943298947678401,0.958578333429049,0.967109833214506,0.961242128292208,0.944978014010756,0.923080374727269,0.903893447956122,0.947209308932036,0.885546567234944,0.945457052671858,0.943594902780056,0.929523386399756,0.936463394185847,0.936674600865031,0.933052920075245,0.914333597031049,0.934184827245704,0.938539409216629,0.959536378972241,0.925049909769412,0.956923824482311,0.943579644771734,0.942451667476832,0.941754048502117,0.938961304847175,0.938253914241445,0.910807603419651,0.922975362473499,0.917631951614923,0.941309245056503,0.930471853775396,0.920995090384629,0.935835656548617,0.942590070226819,0.938941683432662,0.942228574087342,0.955862862594957,0.913961861109086,0.945162084328518,0.925453875028572,0.938854560034731,0.957768020558516,0.915732562614034,0.932112927457345,0.927627488369547,0.971337181252029,0.939020799120598,0.935093432414828,0.970471841428737,0.927250030353434,0.92489089185811,0.945794820928595,0.938085402053053,0.957960814954007,0.949340307685732,0.92694679483099,0.947000283107385,0.965950229508952,0.926566895969206,0.961879850574651,0.97416875419368,0.965984571566138,0.958876588476373,0.944577375140697,0.959492274552625,0.93695841499155,0.944821250625665,0.960726572701723,0.959700875180795,0.960927008166425,0.959002761828473,1,0.961553225242221,0.934950597428656,0.955843427709949,0.919473553307147,0.929099736563623,0.965271911447486,0.925555557848473,0.935847556114888,0.948403059667522
"GSM3137646",0.946397907056752,0.948585293817667,0.957838295428814,0.958100860754647,0.943725144581185,0.962334692965866,0.931819638815411,0.925058777011994,0.945645871979046,0.918708037820188,0.929451378627324,0.957636467216143,0.9418142799846,0.953023777559543,0.946612591142333,0.931257047867411,0.927976356700713,0.935132926750833,0.952841666585697,0.965765964605349,0.932042010239726,0.962899713058516,0.950866246969364,0.956020893249452,0.921036252382806,0.945207939829699,0.94812900914532,0.932102162702488,0.930572287553475,0.927124115496624,0.954409869717274,0.945999192633896,0.94113230639319,0.944366243097513,0.954731811115547,0.946147258478497,0.958575476138413,0.956398566200728,0.943152904056943,0.952823293941712,0.93200132573402,0.948925038288906,0.958641702808672,0.943159727649636,0.941897015040621,0.938889377004402,0.961533337107276,0.943247545965996,0.951916401134999,0.957465969782409,0.944043457421914,0.908194899965691,0.956832587627706,0.954185990467876,0.959206091358871,0.932132166238122,0.942487772410586,0.960892663509482,0.967589746951359,0.942087334150044,0.955957072010723,0.959351599737125,0.954778628603962,0.958169372605117,0.945237089256886,0.945056935876859,0.949081730671047,0.955717421998086,0.957808399257589,0.966214008244136,0.942171975823489,0.953748928413062,0.961553225242221,1,0.946248348928457,0.922746162081257,0.893255279019362,0.906509670818453,0.956599845662738,0.943413139475179,0.947529652189681,0.942173645737094
"GSM3137647",0.92625056399507,0.932910966855338,0.924188704786726,0.940521881013916,0.919890398009158,0.947752591388957,0.927037999110883,0.922206289545386,0.944251429098895,0.92976023412597,0.925740258517299,0.945421361763949,0.939831214891718,0.946555969698627,0.942393209330437,0.924138472426444,0.923559786733009,0.928388814786346,0.942477077416283,0.947900215691855,0.934428713526611,0.944833802719876,0.941670138157161,0.945636755563216,0.895994104516878,0.934552203994389,0.942387495465277,0.938651381110541,0.937908753963775,0.933563318279429,0.943085868295471,0.945551707676209,0.940383186908447,0.93843257513018,0.949737825894446,0.948331436621713,0.938984935359802,0.945635007549718,0.935001118265953,0.935776740255281,0.930913935268325,0.945415082453523,0.938241101052129,0.918690596755049,0.955868260393065,0.9366478212838,0.93310976480108,0.935683215104307,0.951797715903614,0.931602246892793,0.938947084118127,0.898478560181529,0.949393909816126,0.943504407058886,0.946308319684105,0.907119411657785,0.947685880436268,0.947616129085479,0.952047802320864,0.944149612812087,0.936975836690032,0.937401951208779,0.934968124727828,0.949818244830879,0.915754731934582,0.925651851018203,0.949516043951027,0.940402233319011,0.942694981007925,0.953376394152027,0.920554081123187,0.942454346168869,0.934950597428656,0.946248348928457,1,0.903950023280801,0.871968267192892,0.898432702372887,0.929696087504604,0.94869469892192,0.945974510201485,0.937084067424652
"GSM3137648",0.925542222559427,0.928417706572837,0.941635892235814,0.952294846485685,0.95913473593989,0.910333045041291,0.914541535258478,0.873370010442115,0.930053887049661,0.84516009170987,0.943487439187118,0.910064527359936,0.902545149912326,0.900875608800927,0.906443472932467,0.923809152663866,0.891175094573263,0.923320008455235,0.90310896325319,0.925048592765171,0.899386897287883,0.925981992927304,0.92038589769686,0.905181586091123,0.948725595542924,0.926116186469084,0.909602697785887,0.880396544935952,0.892075892473227,0.888038647605709,0.902294632457394,0.903284060448775,0.888371704063701,0.917601638394458,0.91753164924315,0.906743485549479,0.915363643379925,0.946915471083339,0.874648222128506,0.923026369403639,0.911254212195947,0.918306160389349,0.941814459901283,0.876434466932369,0.904344715545382,0.89876633776465,0.954115203843294,0.922590097734168,0.905884609448851,0.950943554014567,0.895147465928198,0.936596655630784,0.913164089997984,0.91434149516084,0.934792360308497,0.947587651817217,0.893316265552718,0.915036551919505,0.939580075408324,0.897292044491545,0.948628381225342,0.952650680404757,0.951872376525815,0.929219862295772,0.925743810898737,0.952748614358323,0.899429466128109,0.927816740063326,0.937162515296349,0.931862635377172,0.960238744421368,0.944712440870821,0.955843427709949,0.922746162081257,0.903950023280801,1,0.937846257998573,0.938328912044128,0.954201904128624,0.891220962191718,0.909321451795028,0.942506438731412
"GSM3137651",0.89535822458675,0.88857926070265,0.898028230846563,0.918209041136899,0.937310788505401,0.864053177761129,0.873333048466288,0.83105309102356,0.886063533932706,0.81134492842999,0.901283998061662,0.864415278201356,0.856040659077736,0.863475720629612,0.873202635716637,0.883761959960679,0.851412000947705,0.867721214565498,0.854589860239156,0.889171802917896,0.869057356963852,0.892303112374441,0.890319747708081,0.866279923462257,0.935050752214393,0.887596127670647,0.866267811316638,0.83789158309448,0.847673015493753,0.848207134574461,0.862841235170101,0.861971072413964,0.845202011440156,0.872984623466195,0.873113809897636,0.87380390901872,0.878417894667592,0.894215436556376,0.830148478313752,0.881712407956458,0.858389930349752,0.869226503715096,0.902412630278163,0.839752393333719,0.861270182930696,0.861611146032778,0.924062953705641,0.894394473720928,0.862465779637796,0.918541276310153,0.855832833382751,0.88401938404043,0.875564794631892,0.870757278508731,0.895423636261758,0.925411147456385,0.859023901285694,0.870557030348748,0.901090280713429,0.860669231312358,0.907787978705387,0.918335848545184,0.918977157120245,0.903780656580674,0.885446554360919,0.909046625698197,0.862378974307414,0.891050044571644,0.887312507135782,0.898471707398102,0.934777928227625,0.904959885874024,0.919473553307147,0.893255279019362,0.871968267192892,0.937846257998573,1,0.921635652489904,0.927652311642694,0.843117235265796,0.86454352041641,0.892825725387198
"GSM3137652",0.901095282744298,0.901280388362544,0.909185025822603,0.921570931696781,0.94250476951545,0.891950722911115,0.881113490562591,0.864244859513336,0.921136312810411,0.857729411340877,0.905707455851398,0.895966147355087,0.891725485866542,0.891080709672066,0.89175613708597,0.896960993448946,0.884861055142302,0.893861226677931,0.89244767812048,0.907208694687852,0.904773175591943,0.911513362408942,0.897254159118096,0.887561842291287,0.934521320342675,0.898390010043336,0.896953436495783,0.871929850995062,0.877220634329558,0.882755525173777,0.891333934687042,0.887361497709298,0.876149981763813,0.899393131000951,0.910317825331148,0.906141582304768,0.89501443129559,0.922572845051687,0.871595629143322,0.903774802458693,0.878385562302537,0.902711813179032,0.91516600865593,0.866533014136052,0.894736620450933,0.891148848764365,0.922931543875665,0.905461167219707,0.891909774127699,0.921953968608254,0.888339787460084,0.885082528735724,0.89825481068376,0.895141438094946,0.909613090890452,0.922236975026937,0.888647069869419,0.907678829394809,0.92071784846516,0.887326281639812,0.922733995320826,0.929005283458301,0.935102070563655,0.92712582782012,0.904348788703261,0.918835074655862,0.903059028697524,0.911079153031268,0.921098719920519,0.913646664688276,0.93475264077793,0.922061076763234,0.929099736563623,0.906509670818453,0.898432702372887,0.938328912044128,0.921635652489904,1,0.926403719497358,0.878084991703783,0.892349723911677,0.91009554058127
"GSM3137655",0.966169555051708,0.959971981078186,0.966931579394131,0.968352229825102,0.96262293913845,0.952086906198079,0.945567184522319,0.922298049891764,0.940478041068048,0.896210904452975,0.952925581342787,0.949715683212568,0.92873324380441,0.937355715951101,0.939527722257701,0.949887194825003,0.930889681184588,0.944738867775355,0.942066012334554,0.956365158363302,0.923022255971927,0.961363441308174,0.95668845637232,0.947878495802055,0.936554537632902,0.955059581501838,0.939550657868691,0.922305198158737,0.913853390318055,0.906555072533712,0.936475999309369,0.931798767590098,0.929941290089462,0.949151630626116,0.942410887493501,0.931402475398422,0.957532010142786,0.958076560939964,0.921745530574941,0.958155178576182,0.938838063383388,0.941671867483842,0.968760874667366,0.933500232341967,0.928949191120188,0.924134133444738,0.972009761584474,0.951942273219693,0.944384798427374,0.967909147531458,0.931651844941257,0.939635614486263,0.942395494639402,0.948407503581212,0.961992871856003,0.950027194687642,0.918291764438723,0.945926991942614,0.962790720411006,0.93596013055605,0.963617672224644,0.966276738398132,0.961137212661412,0.951262139150949,0.952740019083757,0.957880345098971,0.925881207461946,0.95958146955106,0.942166607333611,0.963929332772682,0.965751479082953,0.944809900976945,0.965271911447486,0.956599845662738,0.929696087504604,0.954201904128624,0.927652311642694,0.926403719497358,1,0.926549774978477,0.94246225989733,0.953685418007029
"GSM3137657",0.945488782984611,0.952719366641914,0.930074517423897,0.944367385507937,0.919312878765335,0.973791930788285,0.956553829611154,0.963381398416453,0.94567339022568,0.961943258407344,0.933438346923539,0.974014631958594,0.973115698200533,0.972991809434015,0.973448914911717,0.945548946793695,0.962000547508452,0.951219166690154,0.973843317879728,0.948739878683229,0.938687124439765,0.960768330406447,0.95730913913953,0.967318515708065,0.889150091604836,0.949572280009922,0.971475101717059,0.981987886426172,0.971705923017377,0.963694528466222,0.963721985001412,0.973639693299709,0.975349354393909,0.964407950505525,0.95076295105306,0.954993224131496,0.960861337000324,0.960425302107974,0.976018813214038,0.955520408642856,0.962980661994571,0.962591472556373,0.953572868454186,0.937248606634429,0.967483723109908,0.967481033072104,0.927671056033205,0.92720091924188,0.978582809082802,0.933390585858194,0.969933592165745,0.90521644881809,0.971161074530317,0.967006322685627,0.954185618814893,0.901410777258573,0.956209033921814,0.971012911514407,0.965748522879651,0.974604273087044,0.937262420283939,0.931487857129245,0.941366212387682,0.940946562458515,0.922451678280047,0.932485948786569,0.955455244006202,0.961427566484581,0.938652298912956,0.952555339755143,0.924145690424377,0.945408828500221,0.925555557848473,0.943413139475179,0.94869469892192,0.891220962191718,0.843117235265796,0.878084991703783,0.926549774978477,1,0.971980265133595,0.963191479655279
"GSM3137658",0.958329829211781,0.96876974782537,0.949921549583237,0.955736267906867,0.931502923122467,0.973779228827803,0.967471190871936,0.955356125917991,0.945692644281665,0.948010986588414,0.952872648069539,0.9734352634435,0.973388224766117,0.973338256767604,0.972704739728629,0.962262533631936,0.970341951315881,0.960244333760011,0.97622663131633,0.967455444369001,0.945209932156134,0.974167293203387,0.95336230462107,0.973116361302565,0.897613245964044,0.968655247772437,0.980213031413768,0.970411752393998,0.962773260040933,0.959188939298035,0.972082127647369,0.968617566973166,0.981156335673112,0.965507439038279,0.960634482137223,0.956532443237995,0.964040941327719,0.964943872772146,0.965251894225462,0.973013548125513,0.96272733116789,0.967151895118156,0.961092907974826,0.960716282506212,0.964439216921066,0.965943618303151,0.938107488413916,0.938897700749109,0.973340870406691,0.951133909558055,0.975512799300506,0.919640951725863,0.9751756764816,0.981801450917754,0.963283676644858,0.919557968035307,0.947508224624226,0.970287101585511,0.968105243632438,0.97193088513982,0.952294579009313,0.953178081782811,0.95396047201144,0.954594040894849,0.944658572145386,0.947193856390697,0.952417652228442,0.971468827576795,0.946692603174632,0.958687873306128,0.939444455449135,0.943297597305084,0.935847556114888,0.947529652189681,0.945974510201485,0.909321451795028,0.86454352041641,0.892349723911677,0.94246225989733,0.971980265133595,1,0.965134452313234
"GSM3137660",0.96413159182922,0.972905960793341,0.962304987746091,0.967883940961773,0.943634487527149,0.963868436979281,0.972341373110353,0.950081185652652,0.94821130371422,0.926855407557391,0.966430714985638,0.969733240732545,0.959761429680093,0.955177078513729,0.957974595442123,0.96858897769612,0.956813519611045,0.973258381861973,0.962703182247542,0.951057349463509,0.929926902077634,0.96005728432767,0.953093683979137,0.955215336914085,0.914554665813286,0.965886397963526,0.959259216649284,0.956297033351312,0.949949549789772,0.943042999089728,0.95156366350508,0.952873113119359,0.956108340660474,0.973783831782499,0.952257819932234,0.943496892088615,0.967144054695995,0.976504470158759,0.949907823176972,0.962052112568093,0.973806510488796,0.964273796011608,0.974427141544837,0.931320617205004,0.953493622171586,0.949109668270988,0.952161860234891,0.947628110857057,0.966076022023839,0.961176405436169,0.95650432868123,0.954658868673557,0.955932107314901,0.96389343736239,0.967786155699153,0.928206728727749,0.934737499978466,0.96231111275452,0.971368847092319,0.956216684656899,0.966553827780185,0.954347096997958,0.961212744112403,0.944940474287331,0.939623885101992,0.96926617685652,0.940259595494687,0.964734507993946,0.944246896947965,0.955655387946155,0.949320764515087,0.95044025945323,0.948403059667522,0.942173645737094,0.937084067424652,0.942506438731412,0.892825725387198,0.91009554058127,0.953685418007029,0.963191479655279,0.965134452313234,1
